gene	Kinetic_class	hpi	Time	cell_line	group	seqnames	strand	norm_base	sample	read_count	mean	sd	varcoeff	libtype	sample_name	norm.method
ORF-1	E	0.5h	0.5	PC_12	PC_12_0.5h	LT934125.1	+	1	PC_12_0.5h	0	0			dcDNA	PC_12_0.5h	WO
ORF-1	E	1.5h	1.5	PC_12	PC_12_1.5h	LT934125.1	+	1	PC_12_1.5h	0	0			dcDNA	PC_12_1.5h	WO
ORF-1	E	12h	12	C6	C6_12h	LT934125.1	+	1	C6_12h	1951.199044	1951.199044			dcDNA	C6_12h	WO
ORF-1	E	12h	12	PC_12	PC_12_12h	LT934125.1	+	1	PC_12_12h	2504.999761	2504.999761			dcDNA	PC_12_12h	WO
ORF-1	E	12h	12	PK_15	PK_15_12h	LT934125.1	+	1	PK_15_12h	1478.260869	1478.260869			dcDNA	PK_15_12h	WO
ORF-1	E	1h	1	C6	C6_1h	LT934125.1	+	1	C6_1h	0	0			dcDNA	C6_1h	WO
ORF-1	E	1h	1	NRK	NRK_1h	LT934125.1	+	1	NRK_1h	0	0			dcDNA	NRK_1h	WO
ORF-1	E	1h	1	PC_12	PC_12_1h	LT934125.1	+	1	PC_12_1h	0	0			dcDNA	PC_12_1h	WO
ORF-1	E	1h	1	PK_15	PK_15_1h	LT934125.1	+	1	PK_15_1h	0	0			dcDNA	PK_15_1h	WO
ORF-1	E	2.5h	2.5	PC_12	PC_12_2.5h	LT934125.1	+	1	PC_12_2.5h	2220.57735	2220.57735			dcDNA	PC_12_2.5h	WO
ORF-1	E	2h	2	C6	C6_2h	LT934125.1	+	1	C6_2h	0	0			dcDNA	C6_2h	WO
ORF-1	E	2h	2	NRK	NRK_2h	LT934125.1	+	1	NRK_2h	0	0			dcDNA	NRK_2h	WO
ORF-1	E	2h	2	PC_12	PC_12_2h	LT934125.1	+	1	PC_12_2h	1334.222815	1334.222815			dcDNA	PC_12_2h	WO
ORF-1	E	2h	2	PK_15	PK_15_2h	LT934125.1	+	1	PK_15_2h	1086.169443	1086.169443			dcDNA	PK_15_2h	WO
ORF-1	E	4h	4	C6	C6_4h	LT934125.1	+	1	C6_4h	4203.888598	4203.888598			dcDNA	C6_4h	WO
ORF-1	E	4h	4	PC_12	PC_12_4h	LT934125.1	+	1	PC_12_4h	3914.876532	3914.876532			dcDNA	PC_12_4h	WO
ORF-1	E	4h	4	PK_15	PK_15_4h	LT934125.1	+	1	PK_15_4h	893.074612	893.074612			dcDNA	PK_15_4h	WO
ORF-1	E	6h	6	C6	C6_6h	LT934125.1	+	1	C6_6h	3363.518758	3363.518758			dcDNA	C6_6h	WO
ORF-1	E	6h	6	PC_12	PC_12_6h	LT934125.1	+	1	PC_12_6h	3997.65471	3997.65471			dcDNA	PC_12_6h	WO
ORF-1	E	6h	6	PK_15	PK_15_6h	LT934125.1	+	1	PK_15_6h	1088.718457	1088.718457			dcDNA	PK_15_6h	WO
ORF-1	E	8h	8	C6	C6_8h	LT934125.1	+	1	C6_8h	1807.909604	1807.909604			dcDNA	C6_8h	WO
ORF-1	E	8h	8	PC_12	PC_12_8h	LT934125.1	+	1	PC_12_8h	3770.931868	3770.931868			dcDNA	PC_12_8h	WO
ORF-1	E	8h	8	PK_15	PK_15_8h	LT934125.1	+	1	PK_15_8h	1464.918706	1464.918706			dcDNA	PK_15_8h	WO
UL54	E	0.5h	0.5	PC_12	PC_12_0.5h	LT934125.1	-	1	PC_12_0.5h	0	0			dcDNA	PC_12_0.5h	WO
UL54	E	1.5h	1.5	PC_12	PC_12_1.5h	LT934125.1	-	1	PC_12_1.5h	22123.893806	22123.893806			dcDNA	PC_12_1.5h	WO
UL54	E	12h	12	C6	C6_12h	LT934125.1	-	1	C6_12h	720.335131	720.335131			dcDNA	C6_12h	WO
UL54	E	12h	12	PC_12	PC_12_12h	LT934125.1	-	1	PC_12_12h	327.629396	327.629396			dcDNA	PC_12_12h	WO
UL54	E	12h	12	PK_15	PK_15_12h	LT934125.1	-	1	PK_15_12h	102.974828	102.974828			dcDNA	PK_15_12h	WO
UL54	E	1h	1	C6	C6_1h	LT934125.1	-	1	C6_1h	12326.656394	12326.656394			dcDNA	C6_1h	WO
UL54	E	1h	1	NRK	NRK_1h	LT934125.1	-	1	NRK_1h	0	0			dcDNA	NRK_1h	WO
UL54	E	1h	1	PC_12	PC_12_1h	LT934125.1	-	1	PC_12_1h	8908.685968	8908.685968			dcDNA	PC_12_1h	WO
UL54	E	1h	1	PK_15	PK_15_1h	LT934125.1	-	1	PK_15_1h	0	0			dcDNA	PK_15_1h	WO
UL54	E	2.5h	2.5	PC_12	PC_12_2.5h	LT934125.1	-	1	PC_12_2.5h	9622.50185	9622.50185			dcDNA	PC_12_2.5h	WO
UL54	E	2h	2	C6	C6_2h	LT934125.1	-	1	C6_2h	2478.314746	2478.314746			dcDNA	C6_2h	WO
UL54	E	2h	2	NRK	NRK_2h	LT934125.1	-	1	NRK_2h	6472.491909	6472.491909			dcDNA	NRK_2h	WO
UL54	E	2h	2	PC_12	PC_12_2h	LT934125.1	-	1	PC_12_2h	8005.336894	8005.336894			dcDNA	PC_12_2h	WO
UL54	E	2h	2	PK_15	PK_15_2h	LT934125.1	-	1	PK_15_2h	8327.299059	8327.299059			dcDNA	PK_15_2h	WO
UL54	E	4h	4	C6	C6_4h	LT934125.1	-	1	C6_4h	3152.916448	3152.916448			dcDNA	C6_4h	WO
UL54	E	4h	4	PC_12	PC_12_4h	LT934125.1	-	1	PC_12_4h	1606.103194	1606.103194			dcDNA	PC_12_4h	WO
UL54	E	4h	4	PK_15	PK_15_4h	LT934125.1	-	1	PK_15_4h	1989.120728	1989.120728			dcDNA	PK_15_4h	WO
UL54	E	6h	6	C6	C6_6h	LT934125.1	-	1	C6_6h	3880.983183	3880.983183			dcDNA	C6_6h	WO
UL54	E	6h	6	PC_12	PC_12_6h	LT934125.1	-	1	PC_12_6h	1332.551569	1332.551569			dcDNA	PC_12_6h	WO
UL54	E	6h	6	PK_15	PK_15_6h	LT934125.1	-	1	PK_15_6h	983.878902	983.878902			dcDNA	PK_15_6h	WO
UL54	E	8h	8	C6	C6_8h	LT934125.1	-	1	C6_8h	1581.920903	1581.920903			dcDNA	C6_8h	WO
UL54	E	8h	8	PC_12	PC_12_8h	LT934125.1	-	1	PC_12_8h	1086.539691	1086.539691			dcDNA	PC_12_8h	WO
UL54	E	8h	8	PK_15	PK_15_8h	LT934125.1	-	1	PK_15_8h	662.283606	662.283606			dcDNA	PK_15_8h	WO
UL53	L	0.5h	0.5	PC_12	PC_12_0.5h	LT934125.1	-	1	PC_12_0.5h	0	0			dcDNA	PC_12_0.5h	WO
UL53	L	1.5h	1.5	PC_12	PC_12_1.5h	LT934125.1	-	1	PC_12_1.5h	0	0			dcDNA	PC_12_1.5h	WO
UL53	L	12h	12	C6	C6_12h	LT934125.1	-	1	C6_12h	251.767619	251.767619			dcDNA	C6_12h	WO
UL53	L	12h	12	PC_12	PC_12_12h	LT934125.1	-	1	PC_12_12h	81.907349	81.907349			dcDNA	PC_12_12h	WO
UL53	L	12h	12	PK_15	PK_15_12h	LT934125.1	-	1	PK_15_12h	180.778032	180.778032			dcDNA	PK_15_12h	WO
UL53	L	1h	1	C6	C6_1h	LT934125.1	-	1	C6_1h	0	0			dcDNA	C6_1h	WO
UL53	L	1h	1	NRK	NRK_1h	LT934125.1	-	1	NRK_1h	0	0			dcDNA	NRK_1h	WO
UL53	L	1h	1	PC_12	PC_12_1h	LT934125.1	-	1	PC_12_1h	0	0			dcDNA	PC_12_1h	WO
UL53	L	1h	1	PK_15	PK_15_1h	LT934125.1	-	1	PK_15_1h	0	0			dcDNA	PK_15_1h	WO
UL53	L	2.5h	2.5	PC_12	PC_12_2.5h	LT934125.1	-	1	PC_12_2.5h	0	0			dcDNA	PC_12_2.5h	WO
UL53	L	2h	2	C6	C6_2h	LT934125.1	-	1	C6_2h	0	0			dcDNA	C6_2h	WO
UL53	L	2h	2	NRK	NRK_2h	LT934125.1	-	1	NRK_2h	0	0			dcDNA	NRK_2h	WO
UL53	L	2h	2	PC_12	PC_12_2h	LT934125.1	-	1	PC_12_2h	0	0			dcDNA	PC_12_2h	WO
UL53	L	2h	2	PK_15	PK_15_2h	LT934125.1	-	1	PK_15_2h	362.056481	362.056481			dcDNA	PK_15_2h	WO
UL53	L	4h	4	C6	C6_4h	LT934125.1	-	1	C6_4h	0	0			dcDNA	C6_4h	WO
UL53	L	4h	4	PC_12	PC_12_4h	LT934125.1	-	1	PC_12_4h	100.38145	100.38145			dcDNA	PC_12_4h	WO
UL53	L	4h	4	PK_15	PK_15_4h	LT934125.1	-	1	PK_15_4h	284.160105	284.160105			dcDNA	PK_15_4h	WO
UL53	L	6h	6	C6	C6_6h	LT934125.1	-	1	C6_6h	603.708496	603.708496			dcDNA	C6_6h	WO
UL53	L	6h	6	PC_12	PC_12_6h	LT934125.1	-	1	PC_12_6h	186.557219	186.557219			dcDNA	PC_12_6h	WO
UL53	L	6h	6	PK_15	PK_15_6h	LT934125.1	-	1	PK_15_6h	354.841571	354.841571			dcDNA	PK_15_6h	WO
UL53	L	8h	8	C6	C6_8h	LT934125.1	-	1	C6_8h	96.8523	96.8523			dcDNA	C6_8h	WO
UL53	L	8h	8	PC_12	PC_12_8h	LT934125.1	-	1	PC_12_8h	255.656398	255.656398			dcDNA	PC_12_8h	WO
UL53	L	8h	8	PK_15	PK_15_8h	LT934125.1	-	1	PK_15_8h	394.738573	394.738573			dcDNA	PK_15_8h	WO
UL52	E	0.5h	0.5	PC_12	PC_12_0.5h	LT934125.1	-	1	PC_12_0.5h	0	0			dcDNA	PC_12_0.5h	WO
UL52	E	1.5h	1.5	PC_12	PC_12_1.5h	LT934125.1	-	1	PC_12_1.5h	0	0			dcDNA	PC_12_1.5h	WO
UL52	E	12h	12	C6	C6_12h	LT934125.1	-	1	C6_12h	83.922539	83.922539			dcDNA	C6_12h	WO
UL52	E	12h	12	PC_12	PC_12_12h	LT934125.1	-	1	PC_12_12h	34.128062	34.128062			dcDNA	PC_12_12h	WO
UL52	E	12h	12	PK_15	PK_15_12h	LT934125.1	-	1	PK_15_12h	0	0			dcDNA	PK_15_12h	WO
UL52	E	1h	1	C6	C6_1h	LT934125.1	-	1	C6_1h	0	0			dcDNA	C6_1h	WO
UL52	E	1h	1	NRK	NRK_1h	LT934125.1	-	1	NRK_1h	0	0			dcDNA	NRK_1h	WO
UL52	E	1h	1	PC_12	PC_12_1h	LT934125.1	-	1	PC_12_1h	0	0			dcDNA	PC_12_1h	WO
UL52	E	1h	1	PK_15	PK_15_1h	LT934125.1	-	1	PK_15_1h	2923.976608	2923.976608			dcDNA	PK_15_1h	WO
UL52	E	2.5h	2.5	PC_12	PC_12_2.5h	LT934125.1	-	1	PC_12_2.5h	0	0			dcDNA	PC_12_2.5h	WO
UL52	E	2h	2	C6	C6_2h	LT934125.1	-	1	C6_2h	1239.157373	1239.157373			dcDNA	C6_2h	WO
UL52	E	2h	2	NRK	NRK_2h	LT934125.1	-	1	NRK_2h	0	0			dcDNA	NRK_2h	WO
UL52	E	2h	2	PC_12	PC_12_2h	LT934125.1	-	1	PC_12_2h	0	0			dcDNA	PC_12_2h	WO
UL52	E	2h	2	PK_15	PK_15_2h	LT934125.1	-	1	PK_15_2h	362.056481	362.056481			dcDNA	PK_15_2h	WO
UL52	E	4h	4	C6	C6_4h	LT934125.1	-	1	C6_4h	0	0			dcDNA	C6_4h	WO
UL52	E	4h	4	PC_12	PC_12_4h	LT934125.1	-	1	PC_12_4h	0	0			dcDNA	PC_12_4h	WO
UL52	E	4h	4	PK_15	PK_15_4h	LT934125.1	-	1	PK_15_4h	121.782902	121.782902			dcDNA	PK_15_4h	WO
UL52	E	6h	6	C6	C6_6h	LT934125.1	-	1	C6_6h	86.244071	86.244071			dcDNA	C6_6h	WO
UL52	E	6h	6	PC_12	PC_12_6h	LT934125.1	-	1	PC_12_6h	53.302063	53.302063			dcDNA	PC_12_6h	WO
UL52	E	6h	6	PK_15	PK_15_6h	LT934125.1	-	1	PK_15_6h	24.193743	24.193743			dcDNA	PK_15_6h	WO
UL52	E	8h	8	C6	C6_8h	LT934125.1	-	1	C6_8h	32.2841	32.2841			dcDNA	C6_8h	WO
UL52	E	8h	8	PC_12	PC_12_8h	LT934125.1	-	1	PC_12_8h	159.785249	159.785249			dcDNA	PC_12_8h	WO
UL52	E	8h	8	PK_15	PK_15_8h	LT934125.1	-	1	PK_15_8h	48.245826	48.245826			dcDNA	PK_15_8h	WO
UL51	L	0.5h	0.5	PC_12	PC_12_0.5h	LT934125.1	+	1	PC_12_0.5h	0	0			dcDNA	PC_12_0.5h	WO
UL51	L	1.5h	1.5	PC_12	PC_12_1.5h	LT934125.1	+	1	PC_12_1.5h	4424.778761	4424.778761			dcDNA	PC_12_1.5h	WO
UL51	L	12h	12	C6	C6_12h	LT934125.1	+	1	C6_12h	2657.547083	2657.547083			dcDNA	C6_12h	WO
UL51	L	12h	12	PC_12	PC_12_12h	LT934125.1	+	1	PC_12_12h	1638.146983	1638.146983			dcDNA	PC_12_12h	WO
UL51	L	12h	12	PK_15	PK_15_12h	LT934125.1	+	1	PK_15_12h	718.53547	718.53547			dcDNA	PK_15_12h	WO
UL51	L	1h	1	C6	C6_1h	LT934125.1	+	1	C6_1h	0	0			dcDNA	C6_1h	WO
UL51	L	1h	1	NRK	NRK_1h	LT934125.1	+	1	NRK_1h	0	0			dcDNA	NRK_1h	WO
UL51	L	1h	1	PC_12	PC_12_1h	LT934125.1	+	1	PC_12_1h	4454.342984	4454.342984			dcDNA	PC_12_1h	WO
UL51	L	1h	1	PK_15	PK_15_1h	LT934125.1	+	1	PK_15_1h	2923.976608	2923.976608			dcDNA	PK_15_1h	WO
UL51	L	2.5h	2.5	PC_12	PC_12_2.5h	LT934125.1	+	1	PC_12_2.5h	1480.3849	1480.3849			dcDNA	PC_12_2.5h	WO
UL51	L	2h	2	C6	C6_2h	LT934125.1	+	1	C6_2h	3717.472119	3717.472119			dcDNA	C6_2h	WO
UL51	L	2h	2	NRK	NRK_2h	LT934125.1	+	1	NRK_2h	3236.245955	3236.245955			dcDNA	NRK_2h	WO
UL51	L	2h	2	PC_12	PC_12_2h	LT934125.1	+	1	PC_12_2h	4669.779853	4669.779853			dcDNA	PC_12_2h	WO
UL51	L	2h	2	PK_15	PK_15_2h	LT934125.1	+	1	PK_15_2h	2172.338885	2172.338885			dcDNA	PK_15_2h	WO
UL51	L	4h	4	C6	C6_4h	LT934125.1	+	1	C6_4h	4729.374672	4729.374672			dcDNA	C6_4h	WO
UL51	L	4h	4	PC_12	PC_12_4h	LT934125.1	+	1	PC_12_4h	4918.691027	4918.691027			dcDNA	PC_12_4h	WO
UL51	L	4h	4	PK_15	PK_15_4h	LT934125.1	+	1	PK_15_4h	0	0			dcDNA	PK_15_4h	WO
UL51	L	6h	6	C6	C6_6h	LT934125.1	+	1	C6_6h	0	0			dcDNA	C6_6h	WO
UL51	L	6h	6	PC_12	PC_12_6h	LT934125.1	+	1	PC_12_6h	0	0			dcDNA	PC_12_6h	WO
UL51	L	6h	6	PK_15	PK_15_6h	LT934125.1	+	1	PK_15_6h	4532.294615	4532.294615			dcDNA	PK_15_6h	WO
UL51	L	8h	8	C6	C6_8h	LT934125.1	+	1	C6_8h	0	0			dcDNA	C6_8h	WO
UL51	L	8h	8	PC_12	PC_12_8h	LT934125.1	+	1	PC_12_8h	0	0			dcDNA	PC_12_8h	WO
UL51	L	8h	8	PK_15	PK_15_8h	LT934125.1	+	1	PK_15_8h	2907.907492	2907.907492			dcDNA	PK_15_8h	WO
UL50	L	0.5h	0.5	PC_12	PC_12_0.5h	LT934125.1	-	1	PC_12_0.5h	0	0			dcDNA	PC_12_0.5h	WO
UL50	L	1.5h	1.5	PC_12	PC_12_1.5h	LT934125.1	-	1	PC_12_1.5h	19911.504426	19911.504426			dcDNA	PC_12_1.5h	WO
UL50	L	12h	12	C6	C6_12h	LT934125.1	-	1	C6_12h	2112.050578	2112.050578			dcDNA	C6_12h	WO
UL50	L	12h	12	PC_12	PC_12_12h	LT934125.1	-	1	PC_12_12h	1030.667476	1030.667476			dcDNA	PC_12_12h	WO
UL50	L	12h	12	PK_15	PK_15_12h	LT934125.1	-	1	PK_15_12h	697.940504	697.940504			dcDNA	PK_15_12h	WO
UL50	L	1h	1	C6	C6_1h	LT934125.1	-	1	C6_1h	12326.656394	12326.656394			dcDNA	C6_1h	WO
UL50	L	1h	1	NRK	NRK_1h	LT934125.1	-	1	NRK_1h	30303.030303	30303.030303			dcDNA	NRK_1h	WO
UL50	L	1h	1	PC_12	PC_12_1h	LT934125.1	-	1	PC_12_1h	11135.857461	11135.857461			dcDNA	PC_12_1h	WO
UL50	L	1h	1	PK_15	PK_15_1h	LT934125.1	-	1	PK_15_1h	2923.976608	2923.976608			dcDNA	PK_15_1h	WO
UL50	L	2.5h	2.5	PC_12	PC_12_2.5h	LT934125.1	-	1	PC_12_2.5h	14063.65655	14063.65655			dcDNA	PC_12_2.5h	WO
UL50	L	2h	2	C6	C6_2h	LT934125.1	-	1	C6_2h	14869.888476	14869.888476			dcDNA	C6_2h	WO
UL50	L	2h	2	NRK	NRK_2h	LT934125.1	-	1	NRK_2h	19417.475728	19417.475728			dcDNA	NRK_2h	WO
UL50	L	2h	2	PC_12	PC_12_2h	LT934125.1	-	1	PC_12_2h	10673.782522	10673.782522			dcDNA	PC_12_2h	WO
UL50	L	2h	2	PK_15	PK_15_2h	LT934125.1	-	1	PK_15_2h	0	0			dcDNA	PK_15_2h	WO
UL50	L	4h	4	C6	C6_4h	LT934125.1	-	1	C6_4h	5780.346821	5780.346821			dcDNA	C6_4h	WO
UL50	L	4h	4	PC_12	PC_12_4h	LT934125.1	-	1	PC_12_4h	0	0			dcDNA	PC_12_4h	WO
UL50	L	4h	4	PK_15	PK_15_4h	LT934125.1	-	1	PK_15_4h	0	0			dcDNA	PK_15_4h	WO
UL50	L	6h	6	C6	C6_6h	LT934125.1	-	1	C6_6h	0	0			dcDNA	C6_6h	WO
UL50	L	6h	6	PC_12	PC_12_6h	LT934125.1	-	1	PC_12_6h	3811.097489	3811.097489			dcDNA	PC_12_6h	WO
UL50	L	6h	6	PK_15	PK_15_6h	LT934125.1	-	1	PK_15_6h	2750.022177	2750.022177			dcDNA	PK_15_6h	WO
UL50	L	8h	8	C6	C6_8h	LT934125.1	-	1	C6_8h	0	0			dcDNA	C6_8h	WO
UL50	L	8h	8	PC_12	PC_12_8h	LT934125.1	-	1	PC_12_8h	0	0			dcDNA	PC_12_8h	WO
UL50	L	8h	8	PK_15	PK_15_8h	LT934125.1	-	1	PK_15_8h	2021.938693	2021.938693			dcDNA	PK_15_8h	WO
UL49.5	L	0.5h	0.5	PC_12	PC_12_0.5h	LT934125.1	+	1	PC_12_0.5h	0	0			dcDNA	PC_12_0.5h	WO
UL49.5	L	1.5h	1.5	PC_12	PC_12_1.5h	LT934125.1	+	1	PC_12_1.5h	26548.672568	26548.672568			dcDNA	PC_12_1.5h	WO
UL49.5	L	12h	12	C6	C6_12h	LT934125.1	+	1	C6_12h	12301.645581	12301.645581			dcDNA	C6_12h	WO
UL49.5	L	12h	12	PC_12	PC_12_12h	LT934125.1	+	1	PC_12_12h	10477.315077	10477.315077			dcDNA	PC_12_12h	WO
UL49.5	L	12h	12	PK_15	PK_15_12h	LT934125.1	+	1	PK_15_12h	12171.624714	12171.624714			dcDNA	PK_15_12h	WO
UL49.5	L	1h	1	C6	C6_1h	LT934125.1	+	1	C6_1h	24653.312788	24653.312788			dcDNA	C6_1h	WO
UL49.5	L	1h	1	NRK	NRK_1h	LT934125.1	+	1	NRK_1h	20202.020202	20202.020202			dcDNA	NRK_1h	WO
UL49.5	L	1h	1	PC_12	PC_12_1h	LT934125.1	+	1	PC_12_1h	22271.714922	22271.714922			dcDNA	PC_12_1h	WO
UL49.5	L	1h	1	PK_15	PK_15_1h	LT934125.1	+	1	PK_15_1h	8771.929824	8771.929824			dcDNA	PK_15_1h	WO
UL49.5	L	2.5h	2.5	PC_12	PC_12_2.5h	LT934125.1	+	1	PC_12_2.5h	27387.120651	27387.120651			dcDNA	PC_12_2.5h	WO
UL49.5	L	2h	2	C6	C6_2h	LT934125.1	+	1	C6_2h	0	0			dcDNA	C6_2h	WO
UL49.5	L	2h	2	NRK	NRK_2h	LT934125.1	+	1	NRK_2h	19417.475729	19417.475729			dcDNA	NRK_2h	WO
UL49.5	L	2h	2	PC_12	PC_12_2h	LT934125.1	+	1	PC_12_2h	26017.344897	26017.344897			dcDNA	PC_12_2h	WO
UL49.5	L	2h	2	PK_15	PK_15_2h	LT934125.1	+	1	PK_15_2h	25343.953656	25343.953656			dcDNA	PK_15_2h	WO
UL49.5	L	4h	4	C6	C6_4h	LT934125.1	+	1	C6_4h	9458.749345	9458.749345			dcDNA	C6_4h	WO
UL49.5	L	4h	4	PC_12	PC_12_4h	LT934125.1	+	1	PC_12_4h	12346.91829	12346.91829			dcDNA	PC_12_4h	WO
UL49.5	L	4h	4	PK_15	PK_15_4h	LT934125.1	+	1	PK_15_4h	23625.882926	23625.882926			dcDNA	PK_15_4h	WO
UL49.5	L	6h	6	C6	C6_6h	LT934125.1	+	1	C6_6h	12850.366537	12850.366537			dcDNA	C6_6h	WO
UL49.5	L	6h	6	PC_12	PC_12_6h	LT934125.1	+	1	PC_12_6h	13805.234263	13805.234263			dcDNA	PC_12_6h	WO
UL49.5	L	6h	6	PK_15	PK_15_6h	LT934125.1	+	1	PK_15_6h	10435.568028	10435.568028			dcDNA	PK_15_6h	WO
UL49.5	L	8h	8	C6	C6_8h	LT934125.1	+	1	C6_8h	13753.026635	13753.026635			dcDNA	C6_8h	WO
UL49.5	L	8h	8	PC_12	PC_12_8h	LT934125.1	+	1	PC_12_8h	12303.464144	12303.464144			dcDNA	PC_12_8h	WO
UL49.5	L	8h	8	PK_15	PK_15_8h	LT934125.1	+	1	PK_15_8h	0	0			dcDNA	PK_15_8h	WO
UL49	L	0.5h	0.5	PC_12	PC_12_0.5h	LT934125.1	+	1	PC_12_0.5h	0	0			dcDNA	PC_12_0.5h	WO
UL49	L	1.5h	1.5	PC_12	PC_12_1.5h	LT934125.1	+	1	PC_12_1.5h	0	0			dcDNA	PC_12_1.5h	WO
UL49	L	12h	12	C6	C6_12h	LT934125.1	+	1	C6_12h	6189.287286	6189.287286			dcDNA	C6_12h	WO
UL49	L	12h	12	PC_12	PC_12_12h	LT934125.1	+	1	PC_12_12h	5399.05943	5399.05943			dcDNA	PC_12_12h	WO
UL49	L	12h	12	PK_15	PK_15_12h	LT934125.1	+	1	PK_15_12h	7210.526316	7210.526316			dcDNA	PK_15_12h	WO
UL49	L	1h	1	C6	C6_1h	LT934125.1	+	1	C6_1h	3081.664098	3081.664098			dcDNA	C6_1h	WO
UL49	L	1h	1	NRK	NRK_1h	LT934125.1	+	1	NRK_1h	0	0			dcDNA	NRK_1h	WO
UL49	L	1h	1	PC_12	PC_12_1h	LT934125.1	+	1	PC_12_1h	0	0			dcDNA	PC_12_1h	WO
UL49	L	1h	1	PK_15	PK_15_1h	LT934125.1	+	1	PK_15_1h	0	0			dcDNA	PK_15_1h	WO
UL49	L	2.5h	2.5	PC_12	PC_12_2.5h	LT934125.1	+	1	PC_12_2.5h	8882.3094	8882.3094			dcDNA	PC_12_2.5h	WO
UL49	L	2h	2	C6	C6_2h	LT934125.1	+	1	C6_2h	4956.629492	4956.629492			dcDNA	C6_2h	WO
UL49	L	2h	2	NRK	NRK_2h	LT934125.1	+	1	NRK_2h	9708.737864	9708.737864			dcDNA	NRK_2h	WO
UL49	L	2h	2	PC_12	PC_12_2h	LT934125.1	+	1	PC_12_2h	4669.779854	4669.779854			dcDNA	PC_12_2h	WO
UL49	L	2h	2	PK_15	PK_15_2h	LT934125.1	+	1	PK_15_2h	3620.564808	3620.564808			dcDNA	PK_15_2h	WO
UL49	L	4h	4	C6	C6_4h	LT934125.1	+	1	C6_4h	3678.402522	3678.402522			dcDNA	C6_4h	WO
UL49	L	4h	4	PC_12	PC_12_4h	LT934125.1	+	1	PC_12_4h	3412.969286	3412.969286			dcDNA	PC_12_4h	WO
UL49	L	4h	4	PK_15	PK_15_4h	LT934125.1	+	1	PK_15_4h	6170.333686	6170.333686			dcDNA	PK_15_4h	WO
UL49	L	6h	6	C6	C6_6h	LT934125.1	+	1	C6_6h	3880.983182	3880.983182			dcDNA	C6_6h	WO
UL49	L	6h	6	PC_12	PC_12_6h	LT934125.1	+	1	PC_12_6h	3997.65471	3997.65471			dcDNA	PC_12_6h	WO
UL49	L	6h	6	PK_15	PK_15_6h	LT934125.1	+	1	PK_15_6h	4782.296629	4782.296629			dcDNA	PK_15_6h	WO
UL49	L	8h	8	C6	C6_8h	LT934125.1	+	1	C6_8h	4422.92171	4422.92171			dcDNA	C6_8h	WO
UL49	L	8h	8	PC_12	PC_12_8h	LT934125.1	+	1	PC_12_8h	5688.354851	5688.354851			dcDNA	PC_12_8h	WO
UL49	L	8h	8	PK_15	PK_15_8h	LT934125.1	+	1	PK_15_8h	6412.308826	6412.308826			dcDNA	PK_15_8h	WO
UL48	L	0.5h	0.5	PC_12	PC_12_0.5h	LT934125.1	+	1	PC_12_0.5h	0	0			dcDNA	PC_12_0.5h	WO
UL48	L	1.5h	1.5	PC_12	PC_12_1.5h	LT934125.1	+	1	PC_12_1.5h	0	0			dcDNA	PC_12_1.5h	WO
UL48	L	12h	12	C6	C6_12h	LT934125.1	+	1	C6_12h	1566.554071	1566.554071			dcDNA	C6_12h	WO
UL48	L	12h	12	PC_12	PC_12_12h	LT934125.1	+	1	PC_12_12h	812.247879	812.247879			dcDNA	PC_12_12h	WO
UL48	L	12h	12	PK_15	PK_15_12h	LT934125.1	+	1	PK_15_12h	1290.617849	1290.617849			dcDNA	PK_15_12h	WO
UL48	L	1h	1	C6	C6_1h	LT934125.1	+	1	C6_1h	1540.832049	1540.832049			dcDNA	C6_1h	WO
UL48	L	1h	1	NRK	NRK_1h	LT934125.1	+	1	NRK_1h	0	0			dcDNA	NRK_1h	WO
UL48	L	1h	1	PC_12	PC_12_1h	LT934125.1	+	1	PC_12_1h	0	0			dcDNA	PC_12_1h	WO
UL48	L	1h	1	PK_15	PK_15_1h	LT934125.1	+	1	PK_15_1h	0	0			dcDNA	PK_15_1h	WO
UL48	L	2.5h	2.5	PC_12	PC_12_2.5h	LT934125.1	+	1	PC_12_2.5h	0	0			dcDNA	PC_12_2.5h	WO
UL48	L	2h	2	C6	C6_2h	LT934125.1	+	1	C6_2h	0	0			dcDNA	C6_2h	WO
UL48	L	2h	2	NRK	NRK_2h	LT934125.1	+	1	NRK_2h	0	0			dcDNA	NRK_2h	WO
UL48	L	2h	2	PC_12	PC_12_2h	LT934125.1	+	1	PC_12_2h	0	0			dcDNA	PC_12_2h	WO
UL48	L	2h	2	PK_15	PK_15_2h	LT934125.1	+	1	PK_15_2h	362.056481	362.056481			dcDNA	PK_15_2h	WO
UL48	L	4h	4	C6	C6_4h	LT934125.1	+	1	C6_4h	525.486075	525.486075			dcDNA	C6_4h	WO
UL48	L	4h	4	PC_12	PC_12_4h	LT934125.1	+	1	PC_12_4h	200.762899	200.762899			dcDNA	PC_12_4h	WO
UL48	L	4h	4	PK_15	PK_15_4h	LT934125.1	+	1	PK_15_4h	162.377203	162.377203			dcDNA	PK_15_4h	WO
UL48	L	6h	6	C6	C6_6h	LT934125.1	+	1	C6_6h	776.196637	776.196637			dcDNA	C6_6h	WO
UL48	L	6h	6	PC_12	PC_12_6h	LT934125.1	+	1	PC_12_6h	319.812376	319.812376			dcDNA	PC_12_6h	WO
UL48	L	6h	6	PK_15	PK_15_6h	LT934125.1	+	1	PK_15_6h	572.585262	572.585262			dcDNA	PK_15_6h	WO
UL48	L	8h	8	C6	C6_8h	LT934125.1	+	1	C6_8h	548.829701	548.829701			dcDNA	C6_8h	WO
UL48	L	8h	8	PC_12	PC_12_8h	LT934125.1	+	1	PC_12_8h	830.883293	830.883293			dcDNA	PC_12_8h	WO
UL48	L	8h	8	PK_15	PK_15_8h	LT934125.1	+	1	PK_15_8h	1359.655086	1359.655086			dcDNA	PK_15_8h	WO
UL47	L	0.5h	0.5	PC_12	PC_12_0.5h	LT934125.1	+	1	PC_12_0.5h	0	0			dcDNA	PC_12_0.5h	WO
UL47	L	1.5h	1.5	PC_12	PC_12_1.5h	LT934125.1	+	1	PC_12_1.5h	0	0			dcDNA	PC_12_1.5h	WO
UL47	L	12h	12	C6	C6_12h	LT934125.1	+	1	C6_12h	825.238305	825.238305			dcDNA	C6_12h	WO
UL47	L	12h	12	PC_12	PC_12_12h	LT934125.1	+	1	PC_12_12h	546.048993	546.048993			dcDNA	PC_12_12h	WO
UL47	L	12h	12	PK_15	PK_15_12h	LT934125.1	+	1	PK_15_12h	697.940505	697.940505			dcDNA	PK_15_12h	WO
UL47	L	1h	1	C6	C6_1h	LT934125.1	+	1	C6_1h	0	0			dcDNA	C6_1h	WO
UL47	L	1h	1	NRK	NRK_1h	LT934125.1	+	1	NRK_1h	0	0			dcDNA	NRK_1h	WO
UL47	L	1h	1	PC_12	PC_12_1h	LT934125.1	+	1	PC_12_1h	0	0			dcDNA	PC_12_1h	WO
UL47	L	1h	1	PK_15	PK_15_1h	LT934125.1	+	1	PK_15_1h	0	0			dcDNA	PK_15_1h	WO
UL47	L	2.5h	2.5	PC_12	PC_12_2.5h	LT934125.1	+	1	PC_12_2.5h	0	0			dcDNA	PC_12_2.5h	WO
UL47	L	2h	2	C6	C6_2h	LT934125.1	+	1	C6_2h	0	0			dcDNA	C6_2h	WO
UL47	L	2h	2	NRK	NRK_2h	LT934125.1	+	1	NRK_2h	0	0			dcDNA	NRK_2h	WO
UL47	L	2h	2	PC_12	PC_12_2h	LT934125.1	+	1	PC_12_2h	0	0			dcDNA	PC_12_2h	WO
UL47	L	2h	2	PK_15	PK_15_2h	LT934125.1	+	1	PK_15_2h	0	0			dcDNA	PK_15_2h	WO
UL47	L	4h	4	C6	C6_4h	LT934125.1	+	1	C6_4h	0	0			dcDNA	C6_4h	WO
UL47	L	4h	4	PC_12	PC_12_4h	LT934125.1	+	1	PC_12_4h	0	0			dcDNA	PC_12_4h	WO
UL47	L	4h	4	PK_15	PK_15_4h	LT934125.1	+	1	PK_15_4h	40.594301	40.594301			dcDNA	PK_15_4h	WO
UL47	L	6h	6	C6	C6_6h	LT934125.1	+	1	C6_6h	0	0			dcDNA	C6_6h	WO
UL47	L	6h	6	PC_12	PC_12_6h	LT934125.1	+	1	PC_12_6h	346.463409	346.463409			dcDNA	PC_12_6h	WO
UL47	L	6h	6	PK_15	PK_15_6h	LT934125.1	+	1	PK_15_6h	370.970733	370.970733			dcDNA	PK_15_6h	WO
UL47	L	8h	8	C6	C6_8h	LT934125.1	+	1	C6_8h	225.9887	225.9887			dcDNA	C6_8h	WO
UL47	L	8h	8	PC_12	PC_12_8h	LT934125.1	+	1	PC_12_8h	255.656398	255.656398			dcDNA	PC_12_8h	WO
UL47	L	8h	8	PK_15	PK_15_8h	LT934125.1	+	1	PK_15_8h	543.862036	543.862036			dcDNA	PK_15_8h	WO
UL46	L	0.5h	0.5	PC_12	PC_12_0.5h	LT934125.1	+	1	PC_12_0.5h	0	0			dcDNA	PC_12_0.5h	WO
UL46	L	1.5h	1.5	PC_12	PC_12_1.5h	LT934125.1	+	1	PC_12_1.5h	6637.168142	6637.168142			dcDNA	PC_12_1.5h	WO
UL46	L	12h	12	C6	C6_12h	LT934125.1	+	1	C6_12h	17938.442818	17938.442818			dcDNA	C6_12h	WO
UL46	L	12h	12	PC_12	PC_12_12h	LT934125.1	+	1	PC_12_12h	5112.383709	5112.383709			dcDNA	PC_12_12h	WO
UL46	L	12h	12	PK_15	PK_15_12h	LT934125.1	+	1	PK_15_12h	6594.965675	6594.965675			dcDNA	PK_15_12h	WO
UL46	L	1h	1	C6	C6_1h	LT934125.1	+	1	C6_1h	16949.152542	16949.152542			dcDNA	C6_1h	WO
UL46	L	1h	1	NRK	NRK_1h	LT934125.1	+	1	NRK_1h	30303.030303	30303.030303			dcDNA	NRK_1h	WO
UL46	L	1h	1	PC_12	PC_12_1h	LT934125.1	+	1	PC_12_1h	4454.342984	4454.342984			dcDNA	PC_12_1h	WO
UL46	L	1h	1	PK_15	PK_15_1h	LT934125.1	+	1	PK_15_1h	0	0			dcDNA	PK_15_1h	WO
UL46	L	2.5h	2.5	PC_12	PC_12_2.5h	LT934125.1	+	1	PC_12_2.5h	2220.57735	2220.57735			dcDNA	PC_12_2.5h	WO
UL46	L	2h	2	C6	C6_2h	LT934125.1	+	1	C6_2h	6195.786865	6195.786865			dcDNA	C6_2h	WO
UL46	L	2h	2	NRK	NRK_2h	LT934125.1	+	1	NRK_2h	3236.245955	3236.245955			dcDNA	NRK_2h	WO
UL46	L	2h	2	PC_12	PC_12_2h	LT934125.1	+	1	PC_12_2h	7338.225484	7338.225484			dcDNA	PC_12_2h	WO
UL46	L	2h	2	PK_15	PK_15_2h	LT934125.1	+	1	PK_15_2h	8689.355539	8689.355539			dcDNA	PK_15_2h	WO
UL46	L	4h	4	C6	C6_4h	LT934125.1	+	1	C6_4h	17866.526538	17866.526538			dcDNA	C6_4h	WO
UL46	L	4h	4	PC_12	PC_12_4h	LT934125.1	+	1	PC_12_4h	13049.588437	13049.588437			dcDNA	PC_12_4h	WO
UL46	L	4h	4	PK_15	PK_15_4h	LT934125.1	+	1	PK_15_4h	8524.803118	8524.803118			dcDNA	PK_15_4h	WO
UL46	L	6h	6	C6	C6_6h	LT934125.1	+	1	C6_6h	19404.915913	19404.915913			dcDNA	C6_6h	WO
UL46	L	6h	6	PC_12	PC_12_6h	LT934125.1	+	1	PC_12_6h	12632.58888	12632.58888			dcDNA	PC_12_6h	WO
UL46	L	6h	6	PK_15	PK_15_6h	LT934125.1	+	1	PK_15_6h	7758.127082	7758.127082			dcDNA	PK_15_6h	WO
UL46	L	8h	8	C6	C6_8h	LT934125.1	+	1	C6_8h	11460.855528	11460.855528			dcDNA	C6_8h	WO
UL46	L	8h	8	PC_12	PC_12_8h	LT934125.1	+	1	PC_12_8h	5081.170906	5081.170906			dcDNA	PC_12_8h	WO
UL46	L	8h	8	PK_15	PK_15_8h	LT934125.1	+	1	PK_15_8h	7916.701389	7916.701389			dcDNA	PK_15_8h	WO
UL27	L	0.5h	0.5	PC_12	PC_12_0.5h	LT934125.1	-	1	PC_12_0.5h	0	0			dcDNA	PC_12_0.5h	WO
UL27	L	1.5h	1.5	PC_12	PC_12_1.5h	LT934125.1	-	1	PC_12_1.5h	4424.778762	4424.778762			dcDNA	PC_12_1.5h	WO
UL27	L	12h	12	C6	C6_12h	LT934125.1	-	1	C6_12h	6063.403479	6063.403479			dcDNA	C6_12h	WO
UL27	L	12h	12	PC_12	PC_12_12h	LT934125.1	-	1	PC_12_12h	7050.857638	7050.857638			dcDNA	PC_12_12h	WO
UL27	L	12h	12	PK_15	PK_15_12h	LT934125.1	-	1	PK_15_12h	9578.947369	9578.947369			dcDNA	PK_15_12h	WO
UL27	L	1h	1	C6	C6_1h	LT934125.1	-	1	C6_1h	10785.824345	10785.824345			dcDNA	C6_1h	WO
UL27	L	1h	1	NRK	NRK_1h	LT934125.1	-	1	NRK_1h	10101.010101	10101.010101			dcDNA	NRK_1h	WO
UL27	L	1h	1	PC_12	PC_12_1h	LT934125.1	-	1	PC_12_1h	4454.342984	4454.342984			dcDNA	PC_12_1h	WO
UL27	L	1h	1	PK_15	PK_15_1h	LT934125.1	-	1	PK_15_1h	0	0			dcDNA	PK_15_1h	WO
UL27	L	2.5h	2.5	PC_12	PC_12_2.5h	LT934125.1	-	1	PC_12_2.5h	1480.3849	1480.3849			dcDNA	PC_12_2.5h	WO
UL27	L	2h	2	C6	C6_2h	LT934125.1	-	1	C6_2h	3717.472119	3717.472119			dcDNA	C6_2h	WO
UL27	L	2h	2	NRK	NRK_2h	LT934125.1	-	1	NRK_2h	12944.983819	12944.983819			dcDNA	NRK_2h	WO
UL27	L	2h	2	PC_12	PC_12_2h	LT934125.1	-	1	PC_12_2h	5336.891261	5336.891261			dcDNA	PC_12_2h	WO
UL27	L	2h	2	PK_15	PK_15_2h	LT934125.1	-	1	PK_15_2h	4706.734252	4706.734252			dcDNA	PK_15_2h	WO
UL27	L	4h	4	C6	C6_4h	LT934125.1	-	1	C6_4h	14188.124015	14188.124015			dcDNA	C6_4h	WO
UL27	L	4h	4	PC_12	PC_12_4h	LT934125.1	-	1	PC_12_4h	7127.082916	7127.082916			dcDNA	PC_12_4h	WO
UL27	L	4h	4	PK_15	PK_15_4h	LT934125.1	-	1	PK_15_4h	2882.195339	2882.195339			dcDNA	PK_15_4h	WO
UL27	L	6h	6	C6	C6_6h	LT934125.1	-	1	C6_6h	12074.169901	12074.169901			dcDNA	C6_6h	WO
UL27	L	6h	6	PC_12	PC_12_6h	LT934125.1	-	1	PC_12_6h	6342.945472	6342.945472			dcDNA	PC_12_6h	WO
UL27	L	6h	6	PK_15	PK_15_6h	LT934125.1	-	1	PK_15_6h	3282.284535	3282.284535			dcDNA	PK_15_6h	WO
UL27	L	8h	8	C6	C6_8h	LT934125.1	-	1	C6_8h	4164.648911	4164.648911			dcDNA	C6_8h	WO
UL27	L	8h	8	PC_12	PC_12_8h	LT934125.1	-	1	PC_12_8h	0	0			dcDNA	PC_12_8h	WO
UL27	L	8h	8	PK_15	PK_15_8h	LT934125.1	-	1	PK_15_8h	8973.723567	8973.723567			dcDNA	PK_15_8h	WO
UL28	E	0.5h	0.5	PC_12	PC_12_0.5h	LT934125.1	-	1	PC_12_0.5h	0	0			dcDNA	PC_12_0.5h	WO
UL28	E	1.5h	1.5	PC_12	PC_12_1.5h	LT934125.1	-	1	PC_12_1.5h	0	0			dcDNA	PC_12_1.5h	WO
UL28	E	12h	12	C6	C6_12h	LT934125.1	-	1	C6_12h	41.96127	41.96127			dcDNA	C6_12h	WO
UL28	E	12h	12	PC_12	PC_12_12h	LT934125.1	-	1	PC_12_12h	27.30245	27.30245			dcDNA	PC_12_12h	WO
UL28	E	12h	12	PK_15	PK_15_12h	LT934125.1	-	1	PK_15_12h	0	0			dcDNA	PK_15_12h	WO
UL28	E	1h	1	C6	C6_1h	LT934125.1	-	1	C6_1h	0	0			dcDNA	C6_1h	WO
UL28	E	1h	1	NRK	NRK_1h	LT934125.1	-	1	NRK_1h	0	0			dcDNA	NRK_1h	WO
UL28	E	1h	1	PC_12	PC_12_1h	LT934125.1	-	1	PC_12_1h	0	0			dcDNA	PC_12_1h	WO
UL28	E	1h	1	PK_15	PK_15_1h	LT934125.1	-	1	PK_15_1h	0	0			dcDNA	PK_15_1h	WO
UL28	E	2.5h	2.5	PC_12	PC_12_2.5h	LT934125.1	-	1	PC_12_2.5h	0	0			dcDNA	PC_12_2.5h	WO
UL28	E	2h	2	C6	C6_2h	LT934125.1	-	1	C6_2h	0	0			dcDNA	C6_2h	WO
UL28	E	2h	2	NRK	NRK_2h	LT934125.1	-	1	NRK_2h	0	0			dcDNA	NRK_2h	WO
UL28	E	2h	2	PC_12	PC_12_2h	LT934125.1	-	1	PC_12_2h	0	0			dcDNA	PC_12_2h	WO
UL28	E	2h	2	PK_15	PK_15_2h	LT934125.1	-	1	PK_15_2h	362.056481	362.056481			dcDNA	PK_15_2h	WO
UL28	E	4h	4	C6	C6_4h	LT934125.1	-	1	C6_4h	525.486075	525.486075			dcDNA	C6_4h	WO
UL28	E	4h	4	PC_12	PC_12_4h	LT934125.1	-	1	PC_12_4h	0	0			dcDNA	PC_12_4h	WO
UL28	E	4h	4	PK_15	PK_15_4h	LT934125.1	-	1	PK_15_4h	40.594301	40.594301			dcDNA	PK_15_4h	WO
UL28	E	6h	6	C6	C6_6h	LT934125.1	-	1	C6_6h	0	0			dcDNA	C6_6h	WO
UL28	E	6h	6	PC_12	PC_12_6h	LT934125.1	-	1	PC_12_6h	26.651031	26.651031			dcDNA	PC_12_6h	WO
UL28	E	6h	6	PK_15	PK_15_6h	LT934125.1	-	1	PK_15_6h	24.193743	24.193743			dcDNA	PK_15_6h	WO
UL28	E	8h	8	C6	C6_8h	LT934125.1	-	1	C6_8h	0	0			dcDNA	C6_8h	WO
UL28	E	8h	8	PC_12	PC_12_8h	LT934125.1	-	1	PC_12_8h	0	0			dcDNA	PC_12_8h	WO
UL28	E	8h	8	PK_15	PK_15_8h	LT934125.1	-	1	PK_15_8h	13.157952	13.157952			dcDNA	PK_15_8h	WO
UL29	E	0.5h	0.5	PC_12	PC_12_0.5h	LT934125.1	-	1	PC_12_0.5h	0	0			dcDNA	PC_12_0.5h	WO
UL29	E	1.5h	1.5	PC_12	PC_12_1.5h	LT934125.1	-	1	PC_12_1.5h	0	0			dcDNA	PC_12_1.5h	WO
UL29	E	12h	12	C6	C6_12h	LT934125.1	-	1	C6_12h	0	0			dcDNA	C6_12h	WO
UL29	E	12h	12	PC_12	PC_12_12h	LT934125.1	-	1	PC_12_12h	0	0			dcDNA	PC_12_12h	WO
UL29	E	12h	12	PK_15	PK_15_12h	LT934125.1	-	1	PK_15_12h	0	0			dcDNA	PK_15_12h	WO
UL29	E	1h	1	C6	C6_1h	LT934125.1	-	1	C6_1h	0	0			dcDNA	C6_1h	WO
UL29	E	1h	1	NRK	NRK_1h	LT934125.1	-	1	NRK_1h	0	0			dcDNA	NRK_1h	WO
UL29	E	1h	1	PC_12	PC_12_1h	LT934125.1	-	1	PC_12_1h	0	0			dcDNA	PC_12_1h	WO
UL29	E	1h	1	PK_15	PK_15_1h	LT934125.1	-	1	PK_15_1h	0	0			dcDNA	PK_15_1h	WO
UL29	E	2.5h	2.5	PC_12	PC_12_2.5h	LT934125.1	-	1	PC_12_2.5h	1480.3849	1480.3849			dcDNA	PC_12_2.5h	WO
UL29	E	2h	2	C6	C6_2h	LT934125.1	-	1	C6_2h	1239.157373	1239.157373			dcDNA	C6_2h	WO
UL29	E	2h	2	NRK	NRK_2h	LT934125.1	-	1	NRK_2h	6472.491909	6472.491909			dcDNA	NRK_2h	WO
UL29	E	2h	2	PC_12	PC_12_2h	LT934125.1	-	1	PC_12_2h	2668.445631	2668.445631			dcDNA	PC_12_2h	WO
UL29	E	2h	2	PK_15	PK_15_2h	LT934125.1	-	1	PK_15_2h	7241.129617	7241.129617			dcDNA	PK_15_2h	WO
UL29	E	4h	4	C6	C6_4h	LT934125.1	-	1	C6_4h	0	0			dcDNA	C6_4h	WO
UL29	E	4h	4	PC_12	PC_12_4h	LT934125.1	-	1	PC_12_4h	200.7629	200.7629			dcDNA	PC_12_4h	WO
UL29	E	4h	4	PK_15	PK_15_4h	LT934125.1	-	1	PK_15_4h	0	0			dcDNA	PK_15_4h	WO
UL29	E	6h	6	C6	C6_6h	LT934125.1	-	1	C6_6h	0	0			dcDNA	C6_6h	WO
UL29	E	6h	6	PC_12	PC_12_6h	LT934125.1	-	1	PC_12_6h	0	0			dcDNA	PC_12_6h	WO
UL29	E	6h	6	PK_15	PK_15_6h	LT934125.1	-	1	PK_15_6h	0	0			dcDNA	PK_15_6h	WO
UL29	E	8h	8	C6	C6_8h	LT934125.1	-	1	C6_8h	0	0			dcDNA	C6_8h	WO
UL29	E	8h	8	PC_12	PC_12_8h	LT934125.1	-	1	PC_12_8h	0	0			dcDNA	PC_12_8h	WO
UL29	E	8h	8	PK_15	PK_15_8h	LT934125.1	-	1	PK_15_8h	0	0			dcDNA	PK_15_8h	WO
UL30	E	0.5h	0.5	PC_12	PC_12_0.5h	LT934125.1	+	1	PC_12_0.5h	0	0			dcDNA	PC_12_0.5h	WO
UL30	E	1.5h	1.5	PC_12	PC_12_1.5h	LT934125.1	+	1	PC_12_1.5h	2212.389381	2212.389381			dcDNA	PC_12_1.5h	WO
UL30	E	12h	12	C6	C6_12h	LT934125.1	+	1	C6_12h	90.916085	90.916085			dcDNA	C6_12h	WO
UL30	E	12h	12	PC_12	PC_12_12h	LT934125.1	+	1	PC_12_12h	0	0			dcDNA	PC_12_12h	WO
UL30	E	12h	12	PK_15	PK_15_12h	LT934125.1	+	1	PK_15_12h	0	0			dcDNA	PK_15_12h	WO
UL30	E	1h	1	C6	C6_1h	LT934125.1	+	1	C6_1h	6163.328196	6163.328196			dcDNA	C6_1h	WO
UL30	E	1h	1	NRK	NRK_1h	LT934125.1	+	1	NRK_1h	0	0			dcDNA	NRK_1h	WO
UL30	E	1h	1	PC_12	PC_12_1h	LT934125.1	+	1	PC_12_1h	2227.171492	2227.171492			dcDNA	PC_12_1h	WO
UL30	E	1h	1	PK_15	PK_15_1h	LT934125.1	+	1	PK_15_1h	0	0			dcDNA	PK_15_1h	WO
UL30	E	2.5h	2.5	PC_12	PC_12_2.5h	LT934125.1	+	1	PC_12_2.5h	0	0			dcDNA	PC_12_2.5h	WO
UL30	E	2h	2	C6	C6_2h	LT934125.1	+	1	C6_2h	0	0			dcDNA	C6_2h	WO
UL30	E	2h	2	NRK	NRK_2h	LT934125.1	+	1	NRK_2h	0	0			dcDNA	NRK_2h	WO
UL30	E	2h	2	PC_12	PC_12_2h	LT934125.1	+	1	PC_12_2h	2668.445631	2668.445631			dcDNA	PC_12_2h	WO
UL30	E	2h	2	PK_15	PK_15_2h	LT934125.1	+	1	PK_15_2h	1086.169443	1086.169443			dcDNA	PK_15_2h	WO
UL30	E	4h	4	C6	C6_4h	LT934125.1	+	1	C6_4h	0	0			dcDNA	C6_4h	WO
UL30	E	4h	4	PC_12	PC_12_4h	LT934125.1	+	1	PC_12_4h	301.144349	301.144349			dcDNA	PC_12_4h	WO
UL30	E	4h	4	PK_15	PK_15_4h	LT934125.1	+	1	PK_15_4h	243.565804	243.565804			dcDNA	PK_15_4h	WO
UL30	E	6h	6	C6	C6_6h	LT934125.1	+	1	C6_6h	776.196637	776.196637			dcDNA	C6_6h	WO
UL30	E	6h	6	PC_12	PC_12_6h	LT934125.1	+	1	PC_12_6h	213.208251	213.208251			dcDNA	PC_12_6h	WO
UL30	E	6h	6	PK_15	PK_15_6h	LT934125.1	+	1	PK_15_6h	64.516649	64.516649			dcDNA	PK_15_6h	WO
UL30	E	8h	8	C6	C6_8h	LT934125.1	+	1	C6_8h	258.2728	258.2728			dcDNA	C6_8h	WO
UL30	E	8h	8	PC_12	PC_12_8h	LT934125.1	+	1	PC_12_8h	191.742299	191.742299			dcDNA	PC_12_8h	WO
UL30	E	8h	8	PK_15	PK_15_8h	LT934125.1	+	1	PK_15_8h	192.983302	192.983302			dcDNA	PK_15_8h	WO
UL31	L	0.5h	0.5	PC_12	PC_12_0.5h	LT934125.1	-	1	PC_12_0.5h	0	0			dcDNA	PC_12_0.5h	WO
UL31	L	1.5h	1.5	PC_12	PC_12_1.5h	LT934125.1	-	1	PC_12_1.5h	8849.557523	8849.557523			dcDNA	PC_12_1.5h	WO
UL31	L	12h	12	C6	C6_12h	LT934125.1	-	1	C6_12h	23197.588628	23197.588628			dcDNA	C6_12h	WO
UL31	L	12h	12	PC_12	PC_12_12h	LT934125.1	-	1	PC_12_12h	0	0			dcDNA	PC_12_12h	WO
UL31	L	12h	12	PK_15	PK_15_12h	LT934125.1	-	1	PK_15_12h	0	0			dcDNA	PK_15_12h	WO
UL31	L	1h	1	C6	C6_1h	LT934125.1	-	1	C6_1h	6163.328196	6163.328196			dcDNA	C6_1h	WO
UL31	L	1h	1	NRK	NRK_1h	LT934125.1	-	1	NRK_1h	0	0			dcDNA	NRK_1h	WO
UL31	L	1h	1	PC_12	PC_12_1h	LT934125.1	-	1	PC_12_1h	0	0			dcDNA	PC_12_1h	WO
UL31	L	1h	1	PK_15	PK_15_1h	LT934125.1	-	1	PK_15_1h	0	0			dcDNA	PK_15_1h	WO
UL31	L	2.5h	2.5	PC_12	PC_12_2.5h	LT934125.1	-	1	PC_12_2.5h	13323.4641	13323.4641			dcDNA	PC_12_2.5h	WO
UL31	L	2h	2	C6	C6_2h	LT934125.1	-	1	C6_2h	12391.57373	12391.57373			dcDNA	C6_2h	WO
UL31	L	2h	2	NRK	NRK_2h	LT934125.1	-	1	NRK_2h	16181.229774	16181.229774			dcDNA	NRK_2h	WO
UL31	L	2h	2	PC_12	PC_12_2h	LT934125.1	-	1	PC_12_2h	10673.782522	10673.782522			dcDNA	PC_12_2h	WO
UL31	L	2h	2	PK_15	PK_15_2h	LT934125.1	-	1	PK_15_2h	7603.186098	7603.186098			dcDNA	PK_15_2h	WO
UL31	L	4h	4	C6	C6_4h	LT934125.1	-	1	C6_4h	20493.95691	20493.95691			dcDNA	C6_4h	WO
UL31	L	4h	4	PC_12	PC_12_4h	LT934125.1	-	1	PC_12_4h	12949.206988	12949.206988			dcDNA	PC_12_4h	WO
UL31	L	4h	4	PK_15	PK_15_4h	LT934125.1	-	1	PK_15_4h	26589.266867	26589.266867			dcDNA	PK_15_4h	WO
UL31	L	6h	6	C6	C6_6h	LT934125.1	-	1	C6_6h	0	0			dcDNA	C6_6h	WO
UL31	L	6h	6	PC_12	PC_12_6h	LT934125.1	-	1	PC_12_6h	15164.436863	15164.436863			dcDNA	PC_12_6h	WO
UL31	L	6h	6	PK_15	PK_15_6h	LT934125.1	-	1	PK_15_6h	0	0			dcDNA	PK_15_6h	WO
UL31	L	8h	8	C6	C6_8h	LT934125.1	-	1	C6_8h	0	0			dcDNA	C6_8h	WO
UL31	L	8h	8	PC_12	PC_12_8h	LT934125.1	-	1	PC_12_8h	30838.552986	30838.552986			dcDNA	PC_12_8h	WO
UL31	L	8h	8	PK_15	PK_15_8h	LT934125.1	-	1	PK_15_8h	0	0			dcDNA	PK_15_8h	WO
UL32	L	0.5h	0.5	PC_12	PC_12_0.5h	LT934125.1	-	1	PC_12_0.5h	0	0			dcDNA	PC_12_0.5h	WO
UL32	L	1.5h	1.5	PC_12	PC_12_1.5h	LT934125.1	-	1	PC_12_1.5h	0	0			dcDNA	PC_12_1.5h	WO
UL32	L	12h	12	C6	C6_12h	LT934125.1	-	1	C6_12h	538.502962	538.502962			dcDNA	C6_12h	WO
UL32	L	12h	12	PC_12	PC_12_12h	LT934125.1	-	1	PC_12_12h	163.814698	163.814698			dcDNA	PC_12_12h	WO
UL32	L	12h	12	PK_15	PK_15_12h	LT934125.1	-	1	PK_15_12h	260.869565	260.869565			dcDNA	PK_15_12h	WO
UL32	L	1h	1	C6	C6_1h	LT934125.1	-	1	C6_1h	0	0			dcDNA	C6_1h	WO
UL32	L	1h	1	NRK	NRK_1h	LT934125.1	-	1	NRK_1h	0	0			dcDNA	NRK_1h	WO
UL32	L	1h	1	PC_12	PC_12_1h	LT934125.1	-	1	PC_12_1h	0	0			dcDNA	PC_12_1h	WO
UL32	L	1h	1	PK_15	PK_15_1h	LT934125.1	-	1	PK_15_1h	0	0			dcDNA	PK_15_1h	WO
UL32	L	2.5h	2.5	PC_12	PC_12_2.5h	LT934125.1	-	1	PC_12_2.5h	0	0			dcDNA	PC_12_2.5h	WO
UL32	L	2h	2	C6	C6_2h	LT934125.1	-	1	C6_2h	0	0			dcDNA	C6_2h	WO
UL32	L	2h	2	NRK	NRK_2h	LT934125.1	-	1	NRK_2h	0	0			dcDNA	NRK_2h	WO
UL32	L	2h	2	PC_12	PC_12_2h	LT934125.1	-	1	PC_12_2h	0	0			dcDNA	PC_12_2h	WO
UL32	L	2h	2	PK_15	PK_15_2h	LT934125.1	-	1	PK_15_2h	0	0			dcDNA	PK_15_2h	WO
UL32	L	4h	4	C6	C6_4h	LT934125.1	-	1	C6_4h	525.486075	525.486075			dcDNA	C6_4h	WO
UL32	L	4h	4	PC_12	PC_12_4h	LT934125.1	-	1	PC_12_4h	501.907249	501.907249			dcDNA	PC_12_4h	WO
UL32	L	4h	4	PK_15	PK_15_4h	LT934125.1	-	1	PK_15_4h	121.782902	121.782902			dcDNA	PK_15_4h	WO
UL32	L	6h	6	C6	C6_6h	LT934125.1	-	1	C6_6h	0	0			dcDNA	C6_6h	WO
UL32	L	6h	6	PC_12	PC_12_6h	LT934125.1	-	1	PC_12_6h	0	0			dcDNA	PC_12_6h	WO
UL32	L	6h	6	PK_15	PK_15_6h	LT934125.1	-	1	PK_15_6h	225.808273	225.808273			dcDNA	PK_15_6h	WO
UL32	L	8h	8	C6	C6_8h	LT934125.1	-	1	C6_8h	322.841001	322.841001			dcDNA	C6_8h	WO
UL32	L	8h	8	PC_12	PC_12_8h	LT934125.1	-	1	PC_12_8h	383.484596	383.484596			dcDNA	PC_12_8h	WO
UL32	L	8h	8	PK_15	PK_15_8h	LT934125.1	-	1	PK_15_8h	377.194636	377.194636			dcDNA	PK_15_8h	WO
UL33	E	0.5h	0.5	PC_12	PC_12_0.5h	LT934125.1	+	1	PC_12_0.5h	0	0			dcDNA	PC_12_0.5h	WO
UL33	E	1.5h	1.5	PC_12	PC_12_1.5h	LT934125.1	+	1	PC_12_1.5h	0	0			dcDNA	PC_12_1.5h	WO
UL33	E	12h	12	C6	C6_12h	LT934125.1	+	1	C6_12h	20.980635	20.980635			dcDNA	C6_12h	WO
UL33	E	12h	12	PC_12	PC_12_12h	LT934125.1	+	1	PC_12_12h	0	0			dcDNA	PC_12_12h	WO
UL33	E	12h	12	PK_15	PK_15_12h	LT934125.1	+	1	PK_15_12h	0	0			dcDNA	PK_15_12h	WO
UL33	E	1h	1	C6	C6_1h	LT934125.1	+	1	C6_1h	0	0			dcDNA	C6_1h	WO
UL33	E	1h	1	NRK	NRK_1h	LT934125.1	+	1	NRK_1h	0	0			dcDNA	NRK_1h	WO
UL33	E	1h	1	PC_12	PC_12_1h	LT934125.1	+	1	PC_12_1h	0	0			dcDNA	PC_12_1h	WO
UL33	E	1h	1	PK_15	PK_15_1h	LT934125.1	+	1	PK_15_1h	0	0			dcDNA	PK_15_1h	WO
UL33	E	2.5h	2.5	PC_12	PC_12_2.5h	LT934125.1	+	1	PC_12_2.5h	0	0			dcDNA	PC_12_2.5h	WO
UL33	E	2h	2	C6	C6_2h	LT934125.1	+	1	C6_2h	0	0			dcDNA	C6_2h	WO
UL33	E	2h	2	NRK	NRK_2h	LT934125.1	+	1	NRK_2h	0	0			dcDNA	NRK_2h	WO
UL33	E	2h	2	PC_12	PC_12_2h	LT934125.1	+	1	PC_12_2h	0	0			dcDNA	PC_12_2h	WO
UL33	E	2h	2	PK_15	PK_15_2h	LT934125.1	+	1	PK_15_2h	0	0			dcDNA	PK_15_2h	WO
UL33	E	4h	4	C6	C6_4h	LT934125.1	+	1	C6_4h	0	0			dcDNA	C6_4h	WO
UL33	E	4h	4	PC_12	PC_12_4h	LT934125.1	+	1	PC_12_4h	200.7629	200.7629			dcDNA	PC_12_4h	WO
UL33	E	4h	4	PK_15	PK_15_4h	LT934125.1	+	1	PK_15_4h	0	0			dcDNA	PK_15_4h	WO
UL33	E	6h	6	C6	C6_6h	LT934125.1	+	1	C6_6h	172.488141	172.488141			dcDNA	C6_6h	WO
UL33	E	6h	6	PC_12	PC_12_6h	LT934125.1	+	1	PC_12_6h	53.302062	53.302062			dcDNA	PC_12_6h	WO
UL33	E	6h	6	PK_15	PK_15_6h	LT934125.1	+	1	PK_15_6h	16.129162	16.129162			dcDNA	PK_15_6h	WO
UL33	E	8h	8	C6	C6_8h	LT934125.1	+	1	C6_8h	64.5682	64.5682			dcDNA	C6_8h	WO
UL33	E	8h	8	PC_12	PC_12_8h	LT934125.1	+	1	PC_12_8h	63.914099	63.914099			dcDNA	PC_12_8h	WO
UL33	E	8h	8	PK_15	PK_15_8h	LT934125.1	+	1	PK_15_8h	0	0			dcDNA	PK_15_8h	WO
UL34	E	0.5h	0.5	PC_12	PC_12_0.5h	LT934125.1	+	1	PC_12_0.5h	0	0			dcDNA	PC_12_0.5h	WO
UL34	E	1.5h	1.5	PC_12	PC_12_1.5h	LT934125.1	+	1	PC_12_1.5h	13274.336283	13274.336283			dcDNA	PC_12_1.5h	WO
UL34	E	12h	12	C6	C6_12h	LT934125.1	+	1	C6_12h	0	0			dcDNA	C6_12h	WO
UL34	E	12h	12	PC_12	PC_12_12h	LT934125.1	+	1	PC_12_12h	0	0			dcDNA	PC_12_12h	WO
UL34	E	12h	12	PK_15	PK_15_12h	LT934125.1	+	1	PK_15_12h	0	0			dcDNA	PK_15_12h	WO
UL34	E	1h	1	C6	C6_1h	LT934125.1	+	1	C6_1h	12326.656394	12326.656394			dcDNA	C6_1h	WO
UL34	E	1h	1	NRK	NRK_1h	LT934125.1	+	1	NRK_1h	10101.010101	10101.010101			dcDNA	NRK_1h	WO
UL34	E	1h	1	PC_12	PC_12_1h	LT934125.1	+	1	PC_12_1h	6681.514477	6681.514477			dcDNA	PC_12_1h	WO
UL34	E	1h	1	PK_15	PK_15_1h	LT934125.1	+	1	PK_15_1h	0	0			dcDNA	PK_15_1h	WO
UL34	E	2.5h	2.5	PC_12	PC_12_2.5h	LT934125.1	+	1	PC_12_2.5h	16284.233901	16284.233901			dcDNA	PC_12_2.5h	WO
UL34	E	2h	2	C6	C6_2h	LT934125.1	+	1	C6_2h	4956.629492	4956.629492			dcDNA	C6_2h	WO
UL34	E	2h	2	NRK	NRK_2h	LT934125.1	+	1	NRK_2h	22653.721683	22653.721683			dcDNA	NRK_2h	WO
UL34	E	2h	2	PC_12	PC_12_2h	LT934125.1	+	1	PC_12_2h	22681.787859	22681.787859			dcDNA	PC_12_2h	WO
UL34	E	2h	2	PK_15	PK_15_2h	LT934125.1	+	1	PK_15_2h	0	0			dcDNA	PK_15_2h	WO
UL34	E	4h	4	C6	C6_4h	LT934125.1	+	1	C6_4h	17866.526538	17866.526538			dcDNA	C6_4h	WO
UL34	E	4h	4	PC_12	PC_12_4h	LT934125.1	+	1	PC_12_4h	0	0			dcDNA	PC_12_4h	WO
UL34	E	4h	4	PK_15	PK_15_4h	LT934125.1	+	1	PK_15_4h	0	0			dcDNA	PK_15_4h	WO
UL34	E	6h	6	C6	C6_6h	LT934125.1	+	1	C6_6h	0	0			dcDNA	C6_6h	WO
UL34	E	6h	6	PC_12	PC_12_6h	LT934125.1	+	1	PC_12_6h	0	0			dcDNA	PC_12_6h	WO
UL34	E	6h	6	PK_15	PK_15_6h	LT934125.1	+	1	PK_15_6h	0	0			dcDNA	PK_15_6h	WO
UL34	E	8h	8	C6	C6_8h	LT934125.1	+	1	C6_8h	0	0			dcDNA	C6_8h	WO
UL34	E	8h	8	PC_12	PC_12_8h	LT934125.1	+	1	PC_12_8h	0	0			dcDNA	PC_12_8h	WO
UL34	E	8h	8	PK_15	PK_15_8h	LT934125.1	+	1	PK_15_8h	0	0			dcDNA	PK_15_8h	WO
UL35	L	0.5h	0.5	PC_12	PC_12_0.5h	LT934125.1	+	1	PC_12_0.5h	0	0			dcDNA	PC_12_0.5h	WO
UL35	L	1.5h	1.5	PC_12	PC_12_1.5h	LT934125.1	+	1	PC_12_1.5h	2212.389381	2212.389381			dcDNA	PC_12_1.5h	WO
UL35	L	12h	12	C6	C6_12h	LT934125.1	+	1	C6_12h	75712.117715	75712.117715			dcDNA	C6_12h	WO
UL35	L	12h	12	PC_12	PC_12_12h	LT934125.1	+	1	PC_12_12h	95128.56041	95128.56041			dcDNA	PC_12_12h	WO
UL35	L	12h	12	PK_15	PK_15_12h	LT934125.1	+	1	PK_15_12h	80899.313501	80899.313501			dcDNA	PK_15_12h	WO
UL35	L	1h	1	C6	C6_1h	LT934125.1	+	1	C6_1h	1540.832049	1540.832049			dcDNA	C6_1h	WO
UL35	L	1h	1	NRK	NRK_1h	LT934125.1	+	1	NRK_1h	0	0			dcDNA	NRK_1h	WO
UL35	L	1h	1	PC_12	PC_12_1h	LT934125.1	+	1	PC_12_1h	0	0			dcDNA	PC_12_1h	WO
UL35	L	1h	1	PK_15	PK_15_1h	LT934125.1	+	1	PK_15_1h	0	0			dcDNA	PK_15_1h	WO
UL35	L	2.5h	2.5	PC_12	PC_12_2.5h	LT934125.1	+	1	PC_12_2.5h	11843.0792	11843.0792			dcDNA	PC_12_2.5h	WO
UL35	L	2h	2	C6	C6_2h	LT934125.1	+	1	C6_2h	2478.314746	2478.314746			dcDNA	C6_2h	WO
UL35	L	2h	2	NRK	NRK_2h	LT934125.1	+	1	NRK_2h	3236.245955	3236.245955			dcDNA	NRK_2h	WO
UL35	L	2h	2	PC_12	PC_12_2h	LT934125.1	+	1	PC_12_2h	6004.002669	6004.002669			dcDNA	PC_12_2h	WO
UL35	L	2h	2	PK_15	PK_15_2h	LT934125.1	+	1	PK_15_2h	18826.937003	18826.937003			dcDNA	PK_15_2h	WO
UL35	L	4h	4	C6	C6_4h	LT934125.1	+	1	C6_4h	15239.096165	15239.096165			dcDNA	C6_4h	WO
UL35	L	4h	4	PC_12	PC_12_4h	LT934125.1	+	1	PC_12_4h	20678.578599	20678.578599			dcDNA	PC_12_4h	WO
UL35	L	4h	4	PK_15	PK_15_4h	LT934125.1	+	1	PK_15_4h	25290.24925	25290.24925			dcDNA	PK_15_4h	WO
UL35	L	6h	6	C6	C6_6h	LT934125.1	+	1	C6_6h	21388.52954	21388.52954			dcDNA	C6_6h	WO
UL35	L	6h	6	PC_12	PC_12_6h	LT934125.1	+	1	PC_12_6h	36378.657854	36378.657854			dcDNA	PC_12_6h	WO
UL35	L	6h	6	PK_15	PK_15_6h	LT934125.1	+	1	PK_15_6h	48387.486995	48387.486995			dcDNA	PK_15_6h	WO
UL35	L	8h	8	C6	C6_8h	LT934125.1	+	1	C6_8h	46618.240517	46618.240517			dcDNA	C6_8h	WO
UL35	L	8h	8	PC_12	PC_12_8h	LT934125.1	+	1	PC_12_8h	65959.350633	65959.350633			dcDNA	PC_12_8h	WO
UL35	L	8h	8	PK_15	PK_15_8h	LT934125.1	+	1	PK_15_8h	60930.091796	60930.091796			dcDNA	PK_15_8h	WO
UL36	L	0.5h	0.5	PC_12	PC_12_0.5h	LT934125.1	-	1	PC_12_0.5h	0	0			dcDNA	PC_12_0.5h	WO
UL36	L	1.5h	1.5	PC_12	PC_12_1.5h	LT934125.1	-	1	PC_12_1.5h	0	0			dcDNA	PC_12_1.5h	WO
UL36	L	12h	12	C6	C6_12h	LT934125.1	-	1	C6_12h	748.309311	748.309311			dcDNA	C6_12h	WO
UL36	L	12h	12	PC_12	PC_12_12h	LT934125.1	-	1	PC_12_12h	750.817367	750.817367			dcDNA	PC_12_12h	WO
UL36	L	12h	12	PK_15	PK_15_12h	LT934125.1	-	1	PK_15_12h	405.034325	405.034325			dcDNA	PK_15_12h	WO
UL36	L	1h	1	C6	C6_1h	LT934125.1	-	1	C6_1h	0	0			dcDNA	C6_1h	WO
UL36	L	1h	1	NRK	NRK_1h	LT934125.1	-	1	NRK_1h	0	0			dcDNA	NRK_1h	WO
UL36	L	1h	1	PC_12	PC_12_1h	LT934125.1	-	1	PC_12_1h	0	0			dcDNA	PC_12_1h	WO
UL36	L	1h	1	PK_15	PK_15_1h	LT934125.1	-	1	PK_15_1h	0	0			dcDNA	PK_15_1h	WO
UL36	L	2.5h	2.5	PC_12	PC_12_2.5h	LT934125.1	-	1	PC_12_2.5h	0	0			dcDNA	PC_12_2.5h	WO
UL36	L	2h	2	C6	C6_2h	LT934125.1	-	1	C6_2h	0	0			dcDNA	C6_2h	WO
UL36	L	2h	2	NRK	NRK_2h	LT934125.1	-	1	NRK_2h	0	0			dcDNA	NRK_2h	WO
UL36	L	2h	2	PC_12	PC_12_2h	LT934125.1	-	1	PC_12_2h	0	0			dcDNA	PC_12_2h	WO
UL36	L	2h	2	PK_15	PK_15_2h	LT934125.1	-	1	PK_15_2h	0	0			dcDNA	PK_15_2h	WO
UL36	L	4h	4	C6	C6_4h	LT934125.1	-	1	C6_4h	525.486075	525.486075			dcDNA	C6_4h	WO
UL36	L	4h	4	PC_12	PC_12_4h	LT934125.1	-	1	PC_12_4h	401.525799	401.525799			dcDNA	PC_12_4h	WO
UL36	L	4h	4	PK_15	PK_15_4h	LT934125.1	-	1	PK_15_4h	40.594301	40.594301			dcDNA	PK_15_4h	WO
UL36	L	6h	6	C6	C6_6h	LT934125.1	-	1	C6_6h	86.244071	86.244071			dcDNA	C6_6h	WO
UL36	L	6h	6	PC_12	PC_12_6h	LT934125.1	-	1	PC_12_6h	133.255157	133.255157			dcDNA	PC_12_6h	WO
UL36	L	6h	6	PK_15	PK_15_6h	LT934125.1	-	1	PK_15_6h	129.033299	129.033299			dcDNA	PK_15_6h	WO
UL36	L	8h	8	C6	C6_8h	LT934125.1	-	1	C6_8h	322.841001	322.841001			dcDNA	C6_8h	WO
UL36	L	8h	8	PC_12	PC_12_8h	LT934125.1	-	1	PC_12_8h	575.226895	575.226895			dcDNA	PC_12_8h	WO
UL36	L	8h	8	PK_15	PK_15_8h	LT934125.1	-	1	PK_15_8h	543.862035	543.862035			dcDNA	PK_15_8h	WO
UL37	L	0.5h	0.5	PC_12	PC_12_0.5h	LT934125.1	-	1	PC_12_0.5h	0	0			dcDNA	PC_12_0.5h	WO
UL37	L	1.5h	1.5	PC_12	PC_12_1.5h	LT934125.1	-	1	PC_12_1.5h	0	0			dcDNA	PC_12_1.5h	WO
UL37	L	12h	12	C6	C6_12h	LT934125.1	-	1	C6_12h	2706.5019	2706.5019			dcDNA	C6_12h	WO
UL37	L	12h	12	PC_12	PC_12_12h	LT934125.1	-	1	PC_12_12h	914.632065	914.632065			dcDNA	PC_12_12h	WO
UL37	L	12h	12	PK_15	PK_15_12h	LT934125.1	-	1	PK_15_12h	695.652174	695.652174			dcDNA	PK_15_12h	WO
UL37	L	1h	1	C6	C6_1h	LT934125.1	-	1	C6_1h	0	0			dcDNA	C6_1h	WO
UL37	L	1h	1	NRK	NRK_1h	LT934125.1	-	1	NRK_1h	0	0			dcDNA	NRK_1h	WO
UL37	L	1h	1	PC_12	PC_12_1h	LT934125.1	-	1	PC_12_1h	2227.171492	2227.171492			dcDNA	PC_12_1h	WO
UL37	L	1h	1	PK_15	PK_15_1h	LT934125.1	-	1	PK_15_1h	0	0			dcDNA	PK_15_1h	WO
UL37	L	2.5h	2.5	PC_12	PC_12_2.5h	LT934125.1	-	1	PC_12_2.5h	0	0			dcDNA	PC_12_2.5h	WO
UL37	L	2h	2	C6	C6_2h	LT934125.1	-	1	C6_2h	0	0			dcDNA	C6_2h	WO
UL37	L	2h	2	NRK	NRK_2h	LT934125.1	-	1	NRK_2h	3236.245955	3236.245955			dcDNA	NRK_2h	WO
UL37	L	2h	2	PC_12	PC_12_2h	LT934125.1	-	1	PC_12_2h	667.111408	667.111408			dcDNA	PC_12_2h	WO
UL37	L	2h	2	PK_15	PK_15_2h	LT934125.1	-	1	PK_15_2h	0	0			dcDNA	PK_15_2h	WO
UL37	L	4h	4	C6	C6_4h	LT934125.1	-	1	C6_4h	1050.972149	1050.972149			dcDNA	C6_4h	WO
UL37	L	4h	4	PC_12	PC_12_4h	LT934125.1	-	1	PC_12_4h	501.90725	501.90725			dcDNA	PC_12_4h	WO
UL37	L	4h	4	PK_15	PK_15_4h	LT934125.1	-	1	PK_15_4h	568.320208	568.320208			dcDNA	PK_15_4h	WO
UL37	L	6h	6	C6	C6_6h	LT934125.1	-	1	C6_6h	1466.149202	1466.149202			dcDNA	C6_6h	WO
UL37	L	6h	6	PC_12	PC_12_6h	LT934125.1	-	1	PC_12_6h	1145.99435	1145.99435			dcDNA	PC_12_6h	WO
UL37	L	6h	6	PK_15	PK_15_6h	LT934125.1	-	1	PK_15_6h	830.651859	830.651859			dcDNA	PK_15_6h	WO
UL37	L	8h	8	C6	C6_8h	LT934125.1	-	1	C6_8h	0	0			dcDNA	C6_8h	WO
UL37	L	8h	8	PC_12	PC_12_8h	LT934125.1	-	1	PC_12_8h	926.754442	926.754442			dcDNA	PC_12_8h	WO
UL37	L	8h	8	PK_15	PK_15_8h	LT934125.1	-	1	PK_15_8h	1166.671784	1166.671784			dcDNA	PK_15_8h	WO
UL38	E	0.5h	0.5	PC_12	PC_12_0.5h	LT934125.1	+	1	PC_12_0.5h	0	0			dcDNA	PC_12_0.5h	WO
UL38	E	1.5h	1.5	PC_12	PC_12_1.5h	LT934125.1	+	1	PC_12_1.5h	2212.389381	2212.389381			dcDNA	PC_12_1.5h	WO
UL38	E	12h	12	C6	C6_12h	LT934125.1	+	1	C6_12h	11238.626748	11238.626748			dcDNA	C6_12h	WO
UL38	E	12h	12	PC_12	PC_12_12h	LT934125.1	+	1	PC_12_12h	9822.056283	9822.056283			dcDNA	PC_12_12h	WO
UL38	E	12h	12	PK_15	PK_15_12h	LT934125.1	+	1	PK_15_12h	16272.311212	16272.311212			dcDNA	PK_15_12h	WO
UL38	E	1h	1	C6	C6_1h	LT934125.1	+	1	C6_1h	10785.824346	10785.824346			dcDNA	C6_1h	WO
UL38	E	1h	1	NRK	NRK_1h	LT934125.1	+	1	NRK_1h	0	0			dcDNA	NRK_1h	WO
UL38	E	1h	1	PC_12	PC_12_1h	LT934125.1	+	1	PC_12_1h	6681.514476	6681.514476			dcDNA	PC_12_1h	WO
UL38	E	1h	1	PK_15	PK_15_1h	LT934125.1	+	1	PK_15_1h	0	0			dcDNA	PK_15_1h	WO
UL38	E	2.5h	2.5	PC_12	PC_12_2.5h	LT934125.1	+	1	PC_12_2.5h	7401.9245	7401.9245			dcDNA	PC_12_2.5h	WO
UL38	E	2h	2	C6	C6_2h	LT934125.1	+	1	C6_2h	6195.786865	6195.786865			dcDNA	C6_2h	WO
UL38	E	2h	2	NRK	NRK_2h	LT934125.1	+	1	NRK_2h	19417.475728	19417.475728			dcDNA	NRK_2h	WO
UL38	E	2h	2	PC_12	PC_12_2h	LT934125.1	+	1	PC_12_2h	4669.779853	4669.779853			dcDNA	PC_12_2h	WO
UL38	E	2h	2	PK_15	PK_15_2h	LT934125.1	+	1	PK_15_2h	9413.468501	9413.468501			dcDNA	PK_15_2h	WO
UL38	E	4h	4	C6	C6_4h	LT934125.1	+	1	C6_4h	11035.207567	11035.207567			dcDNA	C6_4h	WO
UL38	E	4h	4	PC_12	PC_12_4h	LT934125.1	+	1	PC_12_4h	10740.815098	10740.815098			dcDNA	PC_12_4h	WO
UL38	E	4h	4	PK_15	PK_15_4h	LT934125.1	+	1	PK_15_4h	18592.189656	18592.189656			dcDNA	PK_15_4h	WO
UL38	E	6h	6	C6	C6_6h	LT934125.1	+	1	C6_6h	12764.122467	12764.122467			dcDNA	C6_6h	WO
UL38	E	6h	6	PC_12	PC_12_6h	LT934125.1	+	1	PC_12_6h	12259.474442	12259.474442			dcDNA	PC_12_6h	WO
UL38	E	6h	6	PK_15	PK_15_6h	LT934125.1	+	1	PK_15_6h	18113.049299	18113.049299			dcDNA	PK_15_6h	WO
UL38	E	8h	8	C6	C6_8h	LT934125.1	+	1	C6_8h	11848.264729	11848.264729			dcDNA	C6_8h	WO
UL38	E	8h	8	PC_12	PC_12_8h	LT934125.1	+	1	PC_12_8h	10130.384763	10130.384763			dcDNA	PC_12_8h	WO
UL38	E	8h	8	PK_15	PK_15_8h	LT934125.1	+	1	PK_15_8h	13666.726608	13666.726608			dcDNA	PK_15_8h	WO
UL39	E	0.5h	0.5	PC_12	PC_12_0.5h	LT934125.1	+	1	PC_12_0.5h	0	0			dcDNA	PC_12_0.5h	WO
UL39	E	1.5h	1.5	PC_12	PC_12_1.5h	LT934125.1	+	1	PC_12_1.5h	0	0			dcDNA	PC_12_1.5h	WO
UL39	E	12h	12	C6	C6_12h	LT934125.1	+	1	C6_12h	349.677248	349.677248			dcDNA	C6_12h	WO
UL39	E	12h	12	PC_12	PC_12_12h	LT934125.1	+	1	PC_12_12h	116.035412	116.035412			dcDNA	PC_12_12h	WO
UL39	E	12h	12	PK_15	PK_15_12h	LT934125.1	+	1	PK_15_12h	80.091534	80.091534			dcDNA	PK_15_12h	WO
UL39	E	1h	1	C6	C6_1h	LT934125.1	+	1	C6_1h	6163.328197	6163.328197			dcDNA	C6_1h	WO
UL39	E	1h	1	NRK	NRK_1h	LT934125.1	+	1	NRK_1h	10101.010101	10101.010101			dcDNA	NRK_1h	WO
UL39	E	1h	1	PC_12	PC_12_1h	LT934125.1	+	1	PC_12_1h	0	0			dcDNA	PC_12_1h	WO
UL39	E	1h	1	PK_15	PK_15_1h	LT934125.1	+	1	PK_15_1h	0	0			dcDNA	PK_15_1h	WO
UL39	E	2.5h	2.5	PC_12	PC_12_2.5h	LT934125.1	+	1	PC_12_2.5h	1480.3849	1480.3849			dcDNA	PC_12_2.5h	WO
UL39	E	2h	2	C6	C6_2h	LT934125.1	+	1	C6_2h	1239.157373	1239.157373			dcDNA	C6_2h	WO
UL39	E	2h	2	NRK	NRK_2h	LT934125.1	+	1	NRK_2h	9708.737864	9708.737864			dcDNA	NRK_2h	WO
UL39	E	2h	2	PC_12	PC_12_2h	LT934125.1	+	1	PC_12_2h	3335.557039	3335.557039			dcDNA	PC_12_2h	WO
UL39	E	2h	2	PK_15	PK_15_2h	LT934125.1	+	1	PK_15_2h	1086.169443	1086.169443			dcDNA	PK_15_2h	WO
UL39	E	4h	4	C6	C6_4h	LT934125.1	+	1	C6_4h	0	0			dcDNA	C6_4h	WO
UL39	E	4h	4	PC_12	PC_12_4h	LT934125.1	+	1	PC_12_4h	0	0			dcDNA	PC_12_4h	WO
UL39	E	4h	4	PK_15	PK_15_4h	LT934125.1	+	1	PK_15_4h	40.594301	40.594301			dcDNA	PK_15_4h	WO
UL39	E	6h	6	C6	C6_6h	LT934125.1	+	1	C6_6h	1811.125485	1811.125485			dcDNA	C6_6h	WO
UL39	E	6h	6	PC_12	PC_12_6h	LT934125.1	+	1	PC_12_6h	346.463408	346.463408			dcDNA	PC_12_6h	WO
UL39	E	6h	6	PK_15	PK_15_6h	LT934125.1	+	1	PK_15_6h	153.227041	153.227041			dcDNA	PK_15_6h	WO
UL39	E	8h	8	C6	C6_8h	LT934125.1	+	1	C6_8h	0	0			dcDNA	C6_8h	WO
UL39	E	8h	8	PC_12	PC_12_8h	LT934125.1	+	1	PC_12_8h	383.484596	383.484596			dcDNA	PC_12_8h	WO
UL39	E	8h	8	PK_15	PK_15_8h	LT934125.1	+	1	PK_15_8h	241.229128	241.229128			dcDNA	PK_15_8h	WO
UL40	E	0.5h	0.5	PC_12	PC_12_0.5h	LT934125.1	+	1	PC_12_0.5h	64516.129032	64516.129032			dcDNA	PC_12_0.5h	WO
UL40	E	1.5h	1.5	PC_12	PC_12_1.5h	LT934125.1	+	1	PC_12_1.5h	61946.902655	61946.902655			dcDNA	PC_12_1.5h	WO
UL40	E	12h	12	C6	C6_12h	LT934125.1	+	1	C6_12h	18833.616573	18833.616573			dcDNA	C6_12h	WO
UL40	E	12h	12	PC_12	PC_12_12h	LT934125.1	+	1	PC_12_12h	10975.584784	10975.584784			dcDNA	PC_12_12h	WO
UL40	E	12h	12	PK_15	PK_15_12h	LT934125.1	+	1	PK_15_12h	3256.292907	3256.292907			dcDNA	PK_15_12h	WO
UL40	E	1h	1	C6	C6_1h	LT934125.1	+	1	C6_1h	46224.961479	46224.961479			dcDNA	C6_1h	WO
UL40	E	1h	1	NRK	NRK_1h	LT934125.1	+	1	NRK_1h	70707.070707	70707.070707			dcDNA	NRK_1h	WO
UL40	E	1h	1	PC_12	PC_12_1h	LT934125.1	+	1	PC_12_1h	46770.601336	46770.601336			dcDNA	PC_12_1h	WO
UL40	E	1h	1	PK_15	PK_15_1h	LT934125.1	+	1	PK_15_1h	14619.883041	14619.883041			dcDNA	PK_15_1h	WO
UL40	E	2.5h	2.5	PC_12	PC_12_2.5h	LT934125.1	+	1	PC_12_2.5h	59955.588453	59955.588453			dcDNA	PC_12_2.5h	WO
UL40	E	2h	2	C6	C6_2h	LT934125.1	+	1	C6_2h	42131.350682	42131.350682			dcDNA	C6_2h	WO
UL40	E	2h	2	NRK	NRK_2h	LT934125.1	+	1	NRK_2h	84142.394822	84142.394822			dcDNA	NRK_2h	WO
UL40	E	2h	2	PC_12	PC_12_2h	LT934125.1	+	1	PC_12_2h	38025.350234	38025.350234			dcDNA	PC_12_2h	WO
UL40	E	2h	2	PK_15	PK_15_2h	LT934125.1	+	1	PK_15_2h	38015.930485	38015.930485			dcDNA	PK_15_2h	WO
UL40	E	4h	4	C6	C6_4h	LT934125.1	+	1	C6_4h	24697.845508	24697.845508			dcDNA	C6_4h	WO
UL40	E	4h	4	PC_12	PC_12_4h	LT934125.1	+	1	PC_12_4h	0	0			dcDNA	PC_12_4h	WO
UL40	E	4h	4	PK_15	PK_15_4h	LT934125.1	+	1	PK_15_4h	48185.434764	48185.434764			dcDNA	PK_15_4h	WO
UL40	E	6h	6	C6	C6_6h	LT934125.1	+	1	C6_6h	19146.183699	19146.183699			dcDNA	C6_6h	WO
UL40	E	6h	6	PC_12	PC_12_6h	LT934125.1	+	1	PC_12_6h	13245.562603	13245.562603			dcDNA	PC_12_6h	WO
UL40	E	6h	6	PK_15	PK_15_6h	LT934125.1	+	1	PK_15_6h	19548.544745	19548.544745			dcDNA	PK_15_6h	WO
UL40	E	8h	8	C6	C6_8h	LT934125.1	+	1	C6_8h	42001.614204	42001.614204			dcDNA	C6_8h	WO
UL40	E	8h	8	PC_12	PC_12_8h	LT934125.1	+	1	PC_12_8h	23967.787294	23967.787294			dcDNA	PC_12_8h	WO
UL40	E	8h	8	PK_15	PK_15_8h	LT934125.1	+	1	PK_15_8h	16837.793148	16837.793148			dcDNA	PK_15_8h	WO
UL41	L	0.5h	0.5	PC_12	PC_12_0.5h	LT934125.1	-	1	PC_12_0.5h	0	0			dcDNA	PC_12_0.5h	WO
UL41	L	1.5h	1.5	PC_12	PC_12_1.5h	LT934125.1	-	1	PC_12_1.5h	11061.946903	11061.946903			dcDNA	PC_12_1.5h	WO
UL41	L	12h	12	C6	C6_12h	LT934125.1	-	1	C6_12h	2748.463168	2748.463168			dcDNA	C6_12h	WO
UL41	L	12h	12	PC_12	PC_12_12h	LT934125.1	-	1	PC_12_12h	2197.847202	2197.847202			dcDNA	PC_12_12h	WO
UL41	L	12h	12	PK_15	PK_15_12h	LT934125.1	-	1	PK_15_12h	2661.327231	2661.327231			dcDNA	PK_15_12h	WO
UL41	L	1h	1	C6	C6_1h	LT934125.1	-	1	C6_1h	16949.152542	16949.152542			dcDNA	C6_1h	WO
UL41	L	1h	1	NRK	NRK_1h	LT934125.1	-	1	NRK_1h	0	0			dcDNA	NRK_1h	WO
UL41	L	1h	1	PC_12	PC_12_1h	LT934125.1	-	1	PC_12_1h	22271.714922	22271.714922			dcDNA	PC_12_1h	WO
UL41	L	1h	1	PK_15	PK_15_1h	LT934125.1	-	1	PK_15_1h	8771.929824	8771.929824			dcDNA	PK_15_1h	WO
UL41	L	2.5h	2.5	PC_12	PC_12_2.5h	LT934125.1	-	1	PC_12_2.5h	8142.11695	8142.11695			dcDNA	PC_12_2.5h	WO
UL41	L	2h	2	C6	C6_2h	LT934125.1	-	1	C6_2h	9913.258984	9913.258984			dcDNA	C6_2h	WO
UL41	L	2h	2	NRK	NRK_2h	LT934125.1	-	1	NRK_2h	3236.245955	3236.245955			dcDNA	NRK_2h	WO
UL41	L	2h	2	PC_12	PC_12_2h	LT934125.1	-	1	PC_12_2h	4669.779853	4669.779853			dcDNA	PC_12_2h	WO
UL41	L	2h	2	PK_15	PK_15_2h	LT934125.1	-	1	PK_15_2h	5792.903693	5792.903693			dcDNA	PK_15_2h	WO
UL41	L	4h	4	C6	C6_4h	LT934125.1	-	1	C6_4h	4729.374672	4729.374672			dcDNA	C6_4h	WO
UL41	L	4h	4	PC_12	PC_12_4h	LT934125.1	-	1	PC_12_4h	4416.783778	4416.783778			dcDNA	PC_12_4h	WO
UL41	L	4h	4	PK_15	PK_15_4h	LT934125.1	-	1	PK_15_4h	5358.447675	5358.447675			dcDNA	PK_15_4h	WO
UL41	L	6h	6	C6	C6_6h	LT934125.1	-	1	C6_6h	5605.864597	5605.864597			dcDNA	C6_6h	WO
UL41	L	6h	6	PC_12	PC_12_6h	LT934125.1	-	1	PC_12_6h	3677.842333	3677.842333			dcDNA	PC_12_6h	WO
UL41	L	6h	6	PK_15	PK_15_6h	LT934125.1	-	1	PK_15_6h	6193.598335	6193.598335			dcDNA	PK_15_6h	WO
UL41	L	8h	8	C6	C6_8h	LT934125.1	-	1	C6_8h	6521.388216	6521.388216			dcDNA	C6_8h	WO
UL41	L	8h	8	PC_12	PC_12_8h	LT934125.1	-	1	PC_12_8h	4569.858111	4569.858111			dcDNA	PC_12_8h	WO
UL41	L	8h	8	PK_15	PK_15_8h	LT934125.1	-	1	PK_15_8h	5557.041917	5557.041917			dcDNA	PK_15_8h	WO
UL42	L	0.5h	0.5	PC_12	PC_12_0.5h	LT934125.1	+	1	PC_12_0.5h	0	0			dcDNA	PC_12_0.5h	WO
UL42	L	1.5h	1.5	PC_12	PC_12_1.5h	LT934125.1	+	1	PC_12_1.5h	22123.893806	22123.893806			dcDNA	PC_12_1.5h	WO
UL42	L	12h	12	C6	C6_12h	LT934125.1	+	1	C6_12h	7280.280301	7280.280301			dcDNA	C6_12h	WO
UL42	L	12h	12	PC_12	PC_12_12h	LT934125.1	+	1	PC_12_12h	4259.182155	4259.182155			dcDNA	PC_12_12h	WO
UL42	L	12h	12	PK_15	PK_15_12h	LT934125.1	+	1	PK_15_12h	6631.578947	6631.578947			dcDNA	PK_15_12h	WO
UL42	L	1h	1	C6	C6_1h	LT934125.1	+	1	C6_1h	0	0			dcDNA	C6_1h	WO
UL42	L	1h	1	NRK	NRK_1h	LT934125.1	+	1	NRK_1h	10101.010101	10101.010101			dcDNA	NRK_1h	WO
UL42	L	1h	1	PC_12	PC_12_1h	LT934125.1	+	1	PC_12_1h	2227.171492	2227.171492			dcDNA	PC_12_1h	WO
UL42	L	1h	1	PK_15	PK_15_1h	LT934125.1	+	1	PK_15_1h	0	0			dcDNA	PK_15_1h	WO
UL42	L	2.5h	2.5	PC_12	PC_12_2.5h	LT934125.1	+	1	PC_12_2.5h	20725.3886	20725.3886			dcDNA	PC_12_2.5h	WO
UL42	L	2h	2	C6	C6_2h	LT934125.1	+	1	C6_2h	6195.786865	6195.786865			dcDNA	C6_2h	WO
UL42	L	2h	2	NRK	NRK_2h	LT934125.1	+	1	NRK_2h	16181.229774	16181.229774			dcDNA	NRK_2h	WO
UL42	L	2h	2	PC_12	PC_12_2h	LT934125.1	+	1	PC_12_2h	8672.448301	8672.448301			dcDNA	PC_12_2h	WO
UL42	L	2h	2	PK_15	PK_15_2h	LT934125.1	+	1	PK_15_2h	6879.073136	6879.073136			dcDNA	PK_15_2h	WO
UL42	L	4h	4	C6	C6_4h	LT934125.1	+	1	C6_4h	9458.749343	9458.749343			dcDNA	C6_4h	WO
UL42	L	4h	4	PC_12	PC_12_4h	LT934125.1	+	1	PC_12_4h	7930.134512	7930.134512			dcDNA	PC_12_4h	WO
UL42	L	4h	4	PK_15	PK_15_4h	LT934125.1	+	1	PK_15_4h	10067.386541	10067.386541			dcDNA	PK_15_4h	WO
UL42	L	6h	6	C6	C6_6h	LT934125.1	+	1	C6_6h	8883.139286	8883.139286			dcDNA	C6_6h	WO
UL42	L	6h	6	PC_12	PC_12_6h	LT934125.1	+	1	PC_12_6h	8181.866638	8181.866638			dcDNA	PC_12_6h	WO
UL42	L	6h	6	PK_15	PK_15_6h	LT934125.1	+	1	PK_15_6h	7548.44797	7548.44797			dcDNA	PK_15_6h	WO
UL42	L	8h	8	C6	C6_8h	LT934125.1	+	1	C6_8h	6521.388216	6521.388216			dcDNA	C6_8h	WO
UL42	L	8h	8	PC_12	PC_12_8h	LT934125.1	+	1	PC_12_8h	5752.26895	5752.26895			dcDNA	PC_12_8h	WO
UL42	L	8h	8	PK_15	PK_15_8h	LT934125.1	+	1	PK_15_8h	7504.418879	7504.418879			dcDNA	PK_15_8h	WO
UL43	L	0.5h	0.5	PC_12	PC_12_0.5h	LT934125.1	+	1	PC_12_0.5h	32258.064516	32258.064516			dcDNA	PC_12_0.5h	WO
UL43	L	1.5h	1.5	PC_12	PC_12_1.5h	LT934125.1	+	1	PC_12_1.5h	33185.840708	33185.840708			dcDNA	PC_12_1.5h	WO
UL43	L	12h	12	C6	C6_12h	LT934125.1	+	1	C6_12h	4238.088245	4238.088245			dcDNA	C6_12h	WO
UL43	L	12h	12	PC_12	PC_12_12h	LT934125.1	+	1	PC_12_12h	3146.607329	3146.607329			dcDNA	PC_12_12h	WO
UL43	L	12h	12	PK_15	PK_15_12h	LT934125.1	+	1	PK_15_12h	4176.201373	4176.201373			dcDNA	PK_15_12h	WO
UL43	L	1h	1	C6	C6_1h	LT934125.1	+	1	C6_1h	18489.984592	18489.984592			dcDNA	C6_1h	WO
UL43	L	1h	1	NRK	NRK_1h	LT934125.1	+	1	NRK_1h	30303.030303	30303.030303			dcDNA	NRK_1h	WO
UL43	L	1h	1	PC_12	PC_12_1h	LT934125.1	+	1	PC_12_1h	13363.028953	13363.028953			dcDNA	PC_12_1h	WO
UL43	L	1h	1	PK_15	PK_15_1h	LT934125.1	+	1	PK_15_1h	2923.976608	2923.976608			dcDNA	PK_15_1h	WO
UL43	L	2.5h	2.5	PC_12	PC_12_2.5h	LT934125.1	+	1	PC_12_2.5h	17024.426351	17024.426351			dcDNA	PC_12_2.5h	WO
UL43	L	2h	2	C6	C6_2h	LT934125.1	+	1	C6_2h	4956.629492	4956.629492			dcDNA	C6_2h	WO
UL43	L	2h	2	NRK	NRK_2h	LT934125.1	+	1	NRK_2h	25889.967638	25889.967638			dcDNA	NRK_2h	WO
UL43	L	2h	2	PC_12	PC_12_2h	LT934125.1	+	1	PC_12_2h	12008.005337	12008.005337			dcDNA	PC_12_2h	WO
UL43	L	2h	2	PK_15	PK_15_2h	LT934125.1	+	1	PK_15_2h	17016.654599	17016.654599			dcDNA	PK_15_2h	WO
UL43	L	4h	4	C6	C6_4h	LT934125.1	+	1	C6_4h	8933.263269	8933.263269			dcDNA	C6_4h	WO
UL43	L	4h	4	PC_12	PC_12_4h	LT934125.1	+	1	PC_12_4h	5520.979723	5520.979723			dcDNA	PC_12_4h	WO
UL43	L	4h	4	PK_15	PK_15_4h	LT934125.1	+	1	PK_15_4h	10473.329545	10473.329545			dcDNA	PK_15_4h	WO
UL43	L	6h	6	C6	C6_6h	LT934125.1	+	1	C6_6h	10694.264771	10694.264771			dcDNA	C6_6h	WO
UL43	L	6h	6	PC_12	PC_12_6h	LT934125.1	+	1	PC_12_6h	6689.408879	6689.408879			dcDNA	PC_12_6h	WO
UL43	L	6h	6	PK_15	PK_15_6h	LT934125.1	+	1	PK_15_6h	8217.808206	8217.808206			dcDNA	PK_15_6h	WO
UL43	L	8h	8	C6	C6_8h	LT934125.1	+	1	C6_8h	7877.320419	7877.320419			dcDNA	C6_8h	WO
UL43	L	8h	8	PC_12	PC_12_8h	LT934125.1	+	1	PC_12_8h	9491.243769	9491.243769			dcDNA	PC_12_8h	WO
UL43	L	8h	8	PK_15	PK_15_8h	LT934125.1	+	1	PK_15_8h	9802.674574	9802.674574			dcDNA	PK_15_8h	WO
UL44	L	0.5h	0.5	PC_12	PC_12_0.5h	LT934125.1	+	1	PC_12_0.5h	0	0			dcDNA	PC_12_0.5h	WO
UL44	L	1.5h	1.5	PC_12	PC_12_1.5h	LT934125.1	+	1	PC_12_1.5h	0	0			dcDNA	PC_12_1.5h	WO
UL44	L	12h	12	C6	C6_12h	LT934125.1	+	1	C6_12h	6916.615965	6916.615965			dcDNA	C6_12h	WO
UL44	L	12h	12	PC_12	PC_12_12h	LT934125.1	+	1	PC_12_12h	5556.048517	5556.048517			dcDNA	PC_12_12h	WO
UL44	L	12h	12	PK_15	PK_15_12h	LT934125.1	+	1	PK_15_12h	18185.354691	18185.354691			dcDNA	PK_15_12h	WO
UL44	L	1h	1	C6	C6_1h	LT934125.1	+	1	C6_1h	0	0			dcDNA	C6_1h	WO
UL44	L	1h	1	NRK	NRK_1h	LT934125.1	+	1	NRK_1h	0	0			dcDNA	NRK_1h	WO
UL44	L	1h	1	PC_12	PC_12_1h	LT934125.1	+	1	PC_12_1h	2227.171492	2227.171492			dcDNA	PC_12_1h	WO
UL44	L	1h	1	PK_15	PK_15_1h	LT934125.1	+	1	PK_15_1h	0	0			dcDNA	PK_15_1h	WO
UL44	L	2.5h	2.5	PC_12	PC_12_2.5h	LT934125.1	+	1	PC_12_2.5h	1480.3849	1480.3849			dcDNA	PC_12_2.5h	WO
UL44	L	2h	2	C6	C6_2h	LT934125.1	+	1	C6_2h	0	0			dcDNA	C6_2h	WO
UL44	L	2h	2	NRK	NRK_2h	LT934125.1	+	1	NRK_2h	0	0			dcDNA	NRK_2h	WO
UL44	L	2h	2	PC_12	PC_12_2h	LT934125.1	+	1	PC_12_2h	0	0			dcDNA	PC_12_2h	WO
UL44	L	2h	2	PK_15	PK_15_2h	LT934125.1	+	1	PK_15_2h	5430.847212	5430.847212			dcDNA	PK_15_2h	WO
UL44	L	4h	4	C6	C6_4h	LT934125.1	+	1	C6_4h	5254.860747	5254.860747			dcDNA	C6_4h	WO
UL44	L	4h	4	PC_12	PC_12_4h	LT934125.1	+	1	PC_12_4h	2208.391892	2208.391892			dcDNA	PC_12_4h	WO
UL44	L	4h	4	PK_15	PK_15_4h	LT934125.1	+	1	PK_15_4h	1014.857514	1014.857514			dcDNA	PK_15_4h	WO
UL44	L	6h	6	C6	C6_6h	LT934125.1	+	1	C6_6h	5260.888314	5260.888314			dcDNA	C6_6h	WO
UL44	L	6h	6	PC_12	PC_12_6h	LT934125.1	+	1	PC_12_6h	4797.18565	4797.18565			dcDNA	PC_12_6h	WO
UL44	L	6h	6	PK_15	PK_15_6h	LT934125.1	+	1	PK_15_6h	2806.474245	2806.474245			dcDNA	PK_15_6h	WO
UL44	L	8h	8	C6	C6_8h	LT934125.1	+	1	C6_8h	2841.000807	2841.000807			dcDNA	C6_8h	WO
UL44	L	8h	8	PC_12	PC_12_8h	LT934125.1	+	1	PC_12_8h	5752.268951	5752.268951			dcDNA	PC_12_8h	WO
UL44	L	8h	8	PK_15	PK_15_8h	LT934125.1	+	1	PK_15_8h	7197.399989	7197.399989			dcDNA	PK_15_8h	WO
UL26.5	L	0.5h	0.5	PC_12	PC_12_0.5h	LT934125.1	-	1	PC_12_0.5h	161290.32258	161290.32258			dcDNA	PC_12_0.5h	WO
UL26.5	L	1.5h	1.5	PC_12	PC_12_1.5h	LT934125.1	-	1	PC_12_1.5h	30973.451329	30973.451329			dcDNA	PC_12_1.5h	WO
UL26.5	L	12h	12	C6	C6_12h	LT934125.1	-	1	C6_12h	70362.05582	70362.05582			dcDNA	C6_12h	WO
UL26.5	L	12h	12	PC_12	PC_12_12h	LT934125.1	-	1	PC_12_12h	28626.618524	28626.618524			dcDNA	PC_12_12h	WO
UL26.5	L	12h	12	PK_15	PK_15_12h	LT934125.1	-	1	PK_15_12h	40439.359267	40439.359267			dcDNA	PK_15_12h	WO
UL26.5	L	1h	1	C6	C6_1h	LT934125.1	-	1	C6_1h	67796.610169	67796.610169			dcDNA	C6_1h	WO
UL26.5	L	1h	1	NRK	NRK_1h	LT934125.1	-	1	NRK_1h	30303.030303	30303.030303			dcDNA	NRK_1h	WO
UL26.5	L	1h	1	PC_12	PC_12_1h	LT934125.1	-	1	PC_12_1h	22271.714922	22271.714922			dcDNA	PC_12_1h	WO
UL26.5	L	1h	1	PK_15	PK_15_1h	LT934125.1	-	1	PK_15_1h	5847.953216	5847.953216			dcDNA	PK_15_1h	WO
UL26.5	L	2.5h	2.5	PC_12	PC_12_2.5h	LT934125.1	-	1	PC_12_2.5h	34789.045151	34789.045151			dcDNA	PC_12_2.5h	WO
UL26.5	L	2h	2	C6	C6_2h	LT934125.1	-	1	C6_2h	69392.812887	69392.812887			dcDNA	C6_2h	WO
UL26.5	L	2h	2	NRK	NRK_2h	LT934125.1	-	1	NRK_2h	32362.459547	32362.459547			dcDNA	NRK_2h	WO
UL26.5	L	2h	2	PC_12	PC_12_2h	LT934125.1	-	1	PC_12_2h	38025.350235	38025.350235			dcDNA	PC_12_2h	WO
UL26.5	L	2h	2	PK_15	PK_15_2h	LT934125.1	-	1	PK_15_2h	30774.800868	30774.800868			dcDNA	PK_15_2h	WO
UL26.5	L	4h	4	C6	C6_4h	LT934125.1	-	1	C6_4h	42038.885969	42038.885969			dcDNA	C6_4h	WO
UL26.5	L	4h	4	PC_12	PC_12_4h	LT934125.1	-	1	PC_12_4h	23991.166434	23991.166434			dcDNA	PC_12_4h	WO
UL26.5	L	4h	4	PK_15	PK_15_4h	LT934125.1	-	1	PK_15_4h	28578.387595	28578.387595			dcDNA	PK_15_4h	WO
UL26.5	L	6h	6	C6	C6_6h	LT934125.1	-	1	C6_6h	38896.075895	38896.075895			dcDNA	C6_6h	WO
UL26.5	L	6h	6	PC_12	PC_12_6h	LT934125.1	-	1	PC_12_6h	26624.380365	26624.380365			dcDNA	PC_12_6h	WO
UL26.5	L	6h	6	PK_15	PK_15_6h	LT934125.1	-	1	PK_15_6h	27467.963449	27467.963449			dcDNA	PK_15_6h	WO
UL26.5	L	8h	8	C6	C6_8h	LT934125.1	-	1	C6_8h	43228.410006	43228.410006			dcDNA	C6_8h	WO
UL26.5	L	8h	8	PC_12	PC_12_8h	LT934125.1	-	1	PC_12_8h	28729.387703	28729.387703			dcDNA	PC_12_8h	WO
UL26.5	L	8h	8	PK_15	PK_15_8h	LT934125.1	-	1	PK_15_8h	34693.13462	34693.13462			dcDNA	PK_15_8h	WO
UL26	L	0.5h	0.5	PC_12	PC_12_0.5h	LT934125.1	-	1	PC_12_0.5h	0	0			dcDNA	PC_12_0.5h	WO
UL26	L	1.5h	1.5	PC_12	PC_12_1.5h	LT934125.1	-	1	PC_12_1.5h	0	0			dcDNA	PC_12_1.5h	WO
UL26	L	12h	12	C6	C6_12h	LT934125.1	-	1	C6_12h	7832.770353	7832.770353			dcDNA	C6_12h	WO
UL26	L	12h	12	PC_12	PC_12_12h	LT934125.1	-	1	PC_12_12h	3242.165904	3242.165904			dcDNA	PC_12_12h	WO
UL26	L	12h	12	PK_15	PK_15_12h	LT934125.1	-	1	PK_15_12h	4691.075514	4691.075514			dcDNA	PK_15_12h	WO
UL26	L	1h	1	C6	C6_1h	LT934125.1	-	1	C6_1h	1540.832049	1540.832049			dcDNA	C6_1h	WO
UL26	L	1h	1	NRK	NRK_1h	LT934125.1	-	1	NRK_1h	0	0			dcDNA	NRK_1h	WO
UL26	L	1h	1	PC_12	PC_12_1h	LT934125.1	-	1	PC_12_1h	2227.171492	2227.171492			dcDNA	PC_12_1h	WO
UL26	L	1h	1	PK_15	PK_15_1h	LT934125.1	-	1	PK_15_1h	0	0			dcDNA	PK_15_1h	WO
UL26	L	2.5h	2.5	PC_12	PC_12_2.5h	LT934125.1	-	1	PC_12_2.5h	740.19245	740.19245			dcDNA	PC_12_2.5h	WO
UL26	L	2h	2	C6	C6_2h	LT934125.1	-	1	C6_2h	2478.314746	2478.314746			dcDNA	C6_2h	WO
UL26	L	2h	2	NRK	NRK_2h	LT934125.1	-	1	NRK_2h	0	0			dcDNA	NRK_2h	WO
UL26	L	2h	2	PC_12	PC_12_2h	LT934125.1	-	1	PC_12_2h	2001.334223	2001.334223			dcDNA	PC_12_2h	WO
UL26	L	2h	2	PK_15	PK_15_2h	LT934125.1	-	1	PK_15_2h	1448.225923	1448.225923			dcDNA	PK_15_2h	WO
UL26	L	4h	4	C6	C6_4h	LT934125.1	-	1	C6_4h	4729.374672	4729.374672			dcDNA	C6_4h	WO
UL26	L	4h	4	PC_12	PC_12_4h	LT934125.1	-	1	PC_12_4h	5420.598274	5420.598274			dcDNA	PC_12_4h	WO
UL26	L	4h	4	PK_15	PK_15_4h	LT934125.1	-	1	PK_15_4h	2354.469434	2354.469434			dcDNA	PK_15_4h	WO
UL26	L	6h	6	C6	C6_6h	LT934125.1	-	1	C6_6h	4743.42389	4743.42389			dcDNA	C6_6h	WO
UL26	L	6h	6	PC_12	PC_12_6h	LT934125.1	-	1	PC_12_6h	4983.742869	4983.742869			dcDNA	PC_12_6h	WO
UL26	L	6h	6	PK_15	PK_15_6h	LT934125.1	-	1	PK_15_6h	2677.440948	2677.440948			dcDNA	PK_15_6h	WO
UL26	L	8h	8	C6	C6_8h	LT934125.1	-	1	C6_8h	3131.557708	3131.557708			dcDNA	C6_8h	WO
UL26	L	8h	8	PC_12	PC_12_8h	LT934125.1	-	1	PC_12_8h	3898.760067	3898.760067			dcDNA	PC_12_8h	WO
UL26	L	8h	8	PK_15	PK_15_8h	LT934125.1	-	1	PK_15_8h	4039.491401	4039.491401			dcDNA	PK_15_8h	WO
UL25	L	0.5h	0.5	PC_12	PC_12_0.5h	LT934125.1	-	1	PC_12_0.5h	0	0			dcDNA	PC_12_0.5h	WO
UL25	L	1.5h	1.5	PC_12	PC_12_1.5h	LT934125.1	-	1	PC_12_1.5h	0	0			dcDNA	PC_12_1.5h	WO
UL25	L	12h	12	C6	C6_12h	LT934125.1	-	1	C6_12h	1426.683171	1426.683171			dcDNA	C6_12h	WO
UL25	L	12h	12	PC_12	PC_12_12h	LT934125.1	-	1	PC_12_12h	580.177057	580.177057			dcDNA	PC_12_12h	WO
UL25	L	12h	12	PK_15	PK_15_12h	LT934125.1	-	1	PK_15_12h	475.972541	475.972541			dcDNA	PK_15_12h	WO
UL25	L	1h	1	C6	C6_1h	LT934125.1	-	1	C6_1h	0	0			dcDNA	C6_1h	WO
UL25	L	1h	1	NRK	NRK_1h	LT934125.1	-	1	NRK_1h	0	0			dcDNA	NRK_1h	WO
UL25	L	1h	1	PC_12	PC_12_1h	LT934125.1	-	1	PC_12_1h	0	0			dcDNA	PC_12_1h	WO
UL25	L	1h	1	PK_15	PK_15_1h	LT934125.1	-	1	PK_15_1h	0	0			dcDNA	PK_15_1h	WO
UL25	L	2.5h	2.5	PC_12	PC_12_2.5h	LT934125.1	-	1	PC_12_2.5h	0	0			dcDNA	PC_12_2.5h	WO
UL25	L	2h	2	C6	C6_2h	LT934125.1	-	1	C6_2h	0	0			dcDNA	C6_2h	WO
UL25	L	2h	2	NRK	NRK_2h	LT934125.1	-	1	NRK_2h	0	0			dcDNA	NRK_2h	WO
UL25	L	2h	2	PC_12	PC_12_2h	LT934125.1	-	1	PC_12_2h	0	0			dcDNA	PC_12_2h	WO
UL25	L	2h	2	PK_15	PK_15_2h	LT934125.1	-	1	PK_15_2h	362.056481	362.056481			dcDNA	PK_15_2h	WO
UL25	L	4h	4	C6	C6_4h	LT934125.1	-	1	C6_4h	1050.97215	1050.97215			dcDNA	C6_4h	WO
UL25	L	4h	4	PC_12	PC_12_4h	LT934125.1	-	1	PC_12_4h	401.525799	401.525799			dcDNA	PC_12_4h	WO
UL25	L	4h	4	PK_15	PK_15_4h	LT934125.1	-	1	PK_15_4h	81.188602	81.188602			dcDNA	PK_15_4h	WO
UL25	L	6h	6	C6	C6_6h	LT934125.1	-	1	C6_6h	1466.149202	1466.149202			dcDNA	C6_6h	WO
UL25	L	6h	6	PC_12	PC_12_6h	LT934125.1	-	1	PC_12_6h	373.11444	373.11444			dcDNA	PC_12_6h	WO
UL25	L	6h	6	PK_15	PK_15_6h	LT934125.1	-	1	PK_15_6h	508.068613	508.068613			dcDNA	PK_15_6h	WO
UL25	L	8h	8	C6	C6_8h	LT934125.1	-	1	C6_8h	613.397901	613.397901			dcDNA	C6_8h	WO
UL25	L	8h	8	PC_12	PC_12_8h	LT934125.1	-	1	PC_12_8h	798.926243	798.926243			dcDNA	PC_12_8h	WO
UL25	L	8h	8	PK_15	PK_15_8h	LT934125.1	-	1	PK_15_8h	745.617306	745.617306			dcDNA	PK_15_8h	WO
UL24	L	0.5h	0.5	PC_12	PC_12_0.5h	LT934125.1	-	1	PC_12_0.5h	0	0			dcDNA	PC_12_0.5h	WO
UL24	L	1.5h	1.5	PC_12	PC_12_1.5h	LT934125.1	-	1	PC_12_1.5h	0	0			dcDNA	PC_12_1.5h	WO
UL24	L	12h	12	C6	C6_12h	LT934125.1	-	1	C6_12h	1195.896189	1195.896189			dcDNA	C6_12h	WO
UL24	L	12h	12	PC_12	PC_12_12h	LT934125.1	-	1	PC_12_12h	723.514917	723.514917			dcDNA	PC_12_12h	WO
UL24	L	12h	12	PK_15	PK_15_12h	LT934125.1	-	1	PK_15_12h	279.176201	279.176201			dcDNA	PK_15_12h	WO
UL24	L	1h	1	C6	C6_1h	LT934125.1	-	1	C6_1h	0	0			dcDNA	C6_1h	WO
UL24	L	1h	1	NRK	NRK_1h	LT934125.1	-	1	NRK_1h	0	0			dcDNA	NRK_1h	WO
UL24	L	1h	1	PC_12	PC_12_1h	LT934125.1	-	1	PC_12_1h	0	0			dcDNA	PC_12_1h	WO
UL24	L	1h	1	PK_15	PK_15_1h	LT934125.1	-	1	PK_15_1h	0	0			dcDNA	PK_15_1h	WO
UL24	L	2.5h	2.5	PC_12	PC_12_2.5h	LT934125.1	-	1	PC_12_2.5h	0	0			dcDNA	PC_12_2.5h	WO
UL24	L	2h	2	C6	C6_2h	LT934125.1	-	1	C6_2h	0	0			dcDNA	C6_2h	WO
UL24	L	2h	2	NRK	NRK_2h	LT934125.1	-	1	NRK_2h	0	0			dcDNA	NRK_2h	WO
UL24	L	2h	2	PC_12	PC_12_2h	LT934125.1	-	1	PC_12_2h	0	0			dcDNA	PC_12_2h	WO
UL24	L	2h	2	PK_15	PK_15_2h	LT934125.1	-	1	PK_15_2h	0	0			dcDNA	PK_15_2h	WO
UL24	L	4h	4	C6	C6_4h	LT934125.1	-	1	C6_4h	525.486075	525.486075			dcDNA	C6_4h	WO
UL24	L	4h	4	PC_12	PC_12_4h	LT934125.1	-	1	PC_12_4h	401.525799	401.525799			dcDNA	PC_12_4h	WO
UL24	L	4h	4	PK_15	PK_15_4h	LT934125.1	-	1	PK_15_4h	771.291711	771.291711			dcDNA	PK_15_4h	WO
UL24	L	6h	6	C6	C6_6h	LT934125.1	-	1	C6_6h	344.976283	344.976283			dcDNA	C6_6h	WO
UL24	L	6h	6	PC_12	PC_12_6h	LT934125.1	-	1	PC_12_6h	453.067534	453.067534			dcDNA	PC_12_6h	WO
UL24	L	6h	6	PK_15	PK_15_6h	LT934125.1	-	1	PK_15_6h	717.747724	717.747724			dcDNA	PK_15_6h	WO
UL24	L	8h	8	C6	C6_8h	LT934125.1	-	1	C6_8h	0	0			dcDNA	C6_8h	WO
UL24	L	8h	8	PC_12	PC_12_8h	LT934125.1	-	1	PC_12_8h	479.355747	479.355747			dcDNA	PC_12_8h	WO
UL24	L	8h	8	PK_15	PK_15_8h	LT934125.1	-	1	PK_15_8h	675.441559	675.441559			dcDNA	PK_15_8h	WO
UL23	L	0.5h	0.5	PC_12	PC_12_0.5h	LT934125.1	+	1	PC_12_0.5h	0	0			dcDNA	PC_12_0.5h	WO
UL23	L	1.5h	1.5	PC_12	PC_12_1.5h	LT934125.1	+	1	PC_12_1.5h	53097.345133	53097.345133			dcDNA	PC_12_1.5h	WO
UL23	L	12h	12	C6	C6_12h	LT934125.1	+	1	C6_12h	3552.72084	3552.72084			dcDNA	C6_12h	WO
UL23	L	12h	12	PC_12	PC_12_12h	LT934125.1	+	1	PC_12_12h	1965.776379	1965.776379			dcDNA	PC_12_12h	WO
UL23	L	12h	12	PK_15	PK_15_12h	LT934125.1	+	1	PK_15_12h	1210.526316	1210.526316			dcDNA	PK_15_12h	WO
UL23	L	1h	1	C6	C6_1h	LT934125.1	+	1	C6_1h	29275.808936	29275.808936			dcDNA	C6_1h	WO
UL23	L	1h	1	NRK	NRK_1h	LT934125.1	+	1	NRK_1h	60606.060606	60606.060606			dcDNA	NRK_1h	WO
UL23	L	1h	1	PC_12	PC_12_1h	LT934125.1	+	1	PC_12_1h	26726.057906	26726.057906			dcDNA	PC_12_1h	WO
UL23	L	1h	1	PK_15	PK_15_1h	LT934125.1	+	1	PK_15_1h	5847.953216	5847.953216			dcDNA	PK_15_1h	WO
UL23	L	2.5h	2.5	PC_12	PC_12_2.5h	LT934125.1	+	1	PC_12_2.5h	25906.735751	25906.735751			dcDNA	PC_12_2.5h	WO
UL23	L	2h	2	C6	C6_2h	LT934125.1	+	1	C6_2h	76827.757126	76827.757126			dcDNA	C6_2h	WO
UL23	L	2h	2	NRK	NRK_2h	LT934125.1	+	1	NRK_2h	38834.951457	38834.951457			dcDNA	NRK_2h	WO
UL23	L	2h	2	PC_12	PC_12_2h	LT934125.1	+	1	PC_12_2h	22681.787858	22681.787858			dcDNA	PC_12_2h	WO
UL23	L	2h	2	PK_15	PK_15_2h	LT934125.1	+	1	PK_15_2h	14844.315713	14844.315713			dcDNA	PK_15_2h	WO
UL23	L	4h	4	C6	C6_4h	LT934125.1	+	1	C6_4h	12611.665791	12611.665791			dcDNA	C6_4h	WO
UL23	L	4h	4	PC_12	PC_12_4h	LT934125.1	+	1	PC_12_4h	0	0			dcDNA	PC_12_4h	WO
UL23	L	4h	4	PK_15	PK_15_4h	LT934125.1	+	1	PK_15_4h	15791.182918	15791.182918			dcDNA	PK_15_4h	WO
UL23	L	6h	6	C6	C6_6h	LT934125.1	+	1	C6_6h	0	0			dcDNA	C6_6h	WO
UL23	L	6h	6	PC_12	PC_12_6h	LT934125.1	+	1	PC_12_6h	0	0			dcDNA	PC_12_6h	WO
UL23	L	6h	6	PK_15	PK_15_6h	LT934125.1	+	1	PK_15_6h	0	0			dcDNA	PK_15_6h	WO
UL23	L	8h	8	C6	C6_8h	LT934125.1	+	1	C6_8h	8490.718321	8490.718321			dcDNA	C6_8h	WO
UL23	L	8h	8	PC_12	PC_12_8h	LT934125.1	+	1	PC_12_8h	5848.140099	5848.140099			dcDNA	PC_12_8h	WO
UL23	L	8h	8	PK_15	PK_15_8h	LT934125.1	+	1	PK_15_8h	4627.213276	4627.213276			dcDNA	PK_15_8h	WO
UL22	L	0.5h	0.5	PC_12	PC_12_0.5h	LT934125.1	+	1	PC_12_0.5h	0	0			dcDNA	PC_12_0.5h	WO
UL22	L	1.5h	1.5	PC_12	PC_12_1.5h	LT934125.1	+	1	PC_12_1.5h	0	0			dcDNA	PC_12_1.5h	WO
UL22	L	12h	12	C6	C6_12h	LT934125.1	+	1	C6_12h	1580.541161	1580.541161			dcDNA	C6_12h	WO
UL22	L	12h	12	PC_12	PC_12_12h	LT934125.1	+	1	PC_12_12h	1276.389525	1276.389525			dcDNA	PC_12_12h	WO
UL22	L	12h	12	PK_15	PK_15_12h	LT934125.1	+	1	PK_15_12h	917.620138	917.620138			dcDNA	PK_15_12h	WO
UL22	L	1h	1	C6	C6_1h	LT934125.1	+	1	C6_1h	0	0			dcDNA	C6_1h	WO
UL22	L	1h	1	NRK	NRK_1h	LT934125.1	+	1	NRK_1h	0	0			dcDNA	NRK_1h	WO
UL22	L	1h	1	PC_12	PC_12_1h	LT934125.1	+	1	PC_12_1h	2227.171492	2227.171492			dcDNA	PC_12_1h	WO
UL22	L	1h	1	PK_15	PK_15_1h	LT934125.1	+	1	PK_15_1h	0	0			dcDNA	PK_15_1h	WO
UL22	L	2.5h	2.5	PC_12	PC_12_2.5h	LT934125.1	+	1	PC_12_2.5h	0	0			dcDNA	PC_12_2.5h	WO
UL22	L	2h	2	C6	C6_2h	LT934125.1	+	1	C6_2h	2478.314746	2478.314746			dcDNA	C6_2h	WO
UL22	L	2h	2	NRK	NRK_2h	LT934125.1	+	1	NRK_2h	0	0			dcDNA	NRK_2h	WO
UL22	L	2h	2	PC_12	PC_12_2h	LT934125.1	+	1	PC_12_2h	2001.334223	2001.334223			dcDNA	PC_12_2h	WO
UL22	L	2h	2	PK_15	PK_15_2h	LT934125.1	+	1	PK_15_2h	2896.451847	2896.451847			dcDNA	PK_15_2h	WO
UL22	L	4h	4	C6	C6_4h	LT934125.1	+	1	C6_4h	2101.944299	2101.944299			dcDNA	C6_4h	WO
UL22	L	4h	4	PC_12	PC_12_4h	LT934125.1	+	1	PC_12_4h	2208.391891	2208.391891			dcDNA	PC_12_4h	WO
UL22	L	4h	4	PK_15	PK_15_4h	LT934125.1	+	1	PK_15_4h	690.103109	690.103109			dcDNA	PK_15_4h	WO
UL22	L	6h	6	C6	C6_6h	LT934125.1	+	1	C6_6h	2069.857698	2069.857698			dcDNA	C6_6h	WO
UL22	L	6h	6	PC_12	PC_12_6h	LT934125.1	+	1	PC_12_6h	1492.457758	1492.457758			dcDNA	PC_12_6h	WO
UL22	L	6h	6	PK_15	PK_15_6h	LT934125.1	+	1	PK_15_6h	1088.718458	1088.718458			dcDNA	PK_15_6h	WO
UL22	L	8h	8	C6	C6_8h	LT934125.1	+	1	C6_8h	1097.659401	1097.659401			dcDNA	C6_8h	WO
UL22	L	8h	8	PC_12	PC_12_8h	LT934125.1	+	1	PC_12_8h	1757.637736	1757.637736			dcDNA	PC_12_8h	WO
UL22	L	8h	8	PK_15	PK_15_8h	LT934125.1	+	1	PK_15_8h	1521.936501	1521.936501			dcDNA	PK_15_8h	WO
CTO-S	L	0.5h	0.5	PC_12	PC_12_0.5h	LT934125.1	-	1	PC_12_0.5h	0	0			dcDNA	PC_12_0.5h	WO
CTO-S	L	1.5h	1.5	PC_12	PC_12_1.5h	LT934125.1	-	1	PC_12_1.5h	22123.893806	22123.893806			dcDNA	PC_12_1.5h	WO
CTO-S	L	12h	12	C6	C6_12h	LT934125.1	-	1	C6_12h	62480.330655	62480.330655			dcDNA	C6_12h	WO
CTO-S	L	12h	12	PC_12	PC_12_12h	LT934125.1	-	1	PC_12_12h	313684.670358	313684.670358			dcDNA	PC_12_12h	WO
CTO-S	L	12h	12	PK_15	PK_15_12h	LT934125.1	-	1	PK_15_12h	347922.196798	347922.196798			dcDNA	PK_15_12h	WO
CTO-S	L	1h	1	C6	C6_1h	LT934125.1	-	1	C6_1h	13867.488443	13867.488443			dcDNA	C6_1h	WO
CTO-S	L	1h	1	NRK	NRK_1h	LT934125.1	-	1	NRK_1h	20202.020202	20202.020202			dcDNA	NRK_1h	WO
CTO-S	L	1h	1	PC_12	PC_12_1h	LT934125.1	-	1	PC_12_1h	22271.714922	22271.714922			dcDNA	PC_12_1h	WO
CTO-S	L	1h	1	PK_15	PK_15_1h	LT934125.1	-	1	PK_15_1h	0	0			dcDNA	PK_15_1h	WO
CTO-S	L	2.5h	2.5	PC_12	PC_12_2.5h	LT934125.1	-	1	PC_12_2.5h	70318.282753	70318.282753			dcDNA	PC_12_2.5h	WO
CTO-S	L	2h	2	C6	C6_2h	LT934125.1	-	1	C6_2h	53283.767039	53283.767039			dcDNA	C6_2h	WO
CTO-S	L	2h	2	NRK	NRK_2h	LT934125.1	-	1	NRK_2h	12944.983819	12944.983819			dcDNA	NRK_2h	WO
CTO-S	L	2h	2	PC_12	PC_12_2h	LT934125.1	-	1	PC_12_2h	29352.901934	29352.901934			dcDNA	PC_12_2h	WO
CTO-S	L	2h	2	PK_15	PK_15_2h	LT934125.1	-	1	PK_15_2h	167270.094136	167270.094136			dcDNA	PK_15_2h	WO
CTO-S	L	4h	4	C6	C6_4h	LT934125.1	-	1	C6_4h	85654.230164	85654.230164			dcDNA	C6_4h	WO
CTO-S	L	4h	4	PC_12	PC_12_4h	LT934125.1	-	1	PC_12_4h	147861.875126	147861.875126			dcDNA	PC_12_4h	WO
CTO-S	L	4h	4	PK_15	PK_15_4h	LT934125.1	-	1	PK_15_4h	152472.192903	152472.192903			dcDNA	PK_15_4h	WO
CTO-S	L	6h	6	C6	C6_6h	LT934125.1	-	1	C6_6h	150754.635619	150754.635619			dcDNA	C6_6h	WO
CTO-S	L	6h	6	PC_12	PC_12_6h	LT934125.1	-	1	PC_12_6h	176163.317521	176163.317521			dcDNA	PC_12_6h	WO
CTO-S	L	6h	6	PK_15	PK_15_6h	LT934125.1	-	1	PK_15_6h	268679.586124	268679.586124			dcDNA	PK_15_6h	WO
CTO-S	L	8h	8	C6	C6_8h	LT934125.1	-	1	C6_8h	177594.834542	177594.834542			dcDNA	C6_8h	WO
CTO-S	L	8h	8	PC_12	PC_12_8h	LT934125.1	-	1	PC_12_8h	219481.017512	219481.017512			dcDNA	PC_12_8h	WO
CTO-S	L	8h	8	PK_15	PK_15_8h	LT934125.1	-	1	PK_15_8h	235856.297615	235856.297615			dcDNA	PK_15_8h	WO
CTO-M	L	0.5h	0.5	PC_12	PC_12_0.5h	LT934125.1	-	1	PC_12_0.5h	0	0			dcDNA	PC_12_0.5h	WO
CTO-M	L	1.5h	1.5	PC_12	PC_12_1.5h	LT934125.1	-	1	PC_12_1.5h	0	0			dcDNA	PC_12_1.5h	WO
CTO-M	L	12h	12	C6	C6_12h	LT934125.1	-	1	C6_12h	293.728888	293.728888			dcDNA	C6_12h	WO
CTO-M	L	12h	12	PC_12	PC_12_12h	LT934125.1	-	1	PC_12_12h	655.258793	655.258793			dcDNA	PC_12_12h	WO
CTO-M	L	12h	12	PK_15	PK_15_12h	LT934125.1	-	1	PK_15_12h	551.487414	551.487414			dcDNA	PK_15_12h	WO
CTO-M	L	1h	1	C6	C6_1h	LT934125.1	-	1	C6_1h	0	0			dcDNA	C6_1h	WO
CTO-M	L	1h	1	NRK	NRK_1h	LT934125.1	-	1	NRK_1h	0	0			dcDNA	NRK_1h	WO
CTO-M	L	1h	1	PC_12	PC_12_1h	LT934125.1	-	1	PC_12_1h	0	0			dcDNA	PC_12_1h	WO
CTO-M	L	1h	1	PK_15	PK_15_1h	LT934125.1	-	1	PK_15_1h	0	0			dcDNA	PK_15_1h	WO
CTO-M	L	2.5h	2.5	PC_12	PC_12_2.5h	LT934125.1	-	1	PC_12_2.5h	0	0			dcDNA	PC_12_2.5h	WO
CTO-M	L	2h	2	C6	C6_2h	LT934125.1	-	1	C6_2h	0	0			dcDNA	C6_2h	WO
CTO-M	L	2h	2	NRK	NRK_2h	LT934125.1	-	1	NRK_2h	0	0			dcDNA	NRK_2h	WO
CTO-M	L	2h	2	PC_12	PC_12_2h	LT934125.1	-	1	PC_12_2h	0	0			dcDNA	PC_12_2h	WO
CTO-M	L	2h	2	PK_15	PK_15_2h	LT934125.1	-	1	PK_15_2h	0	0			dcDNA	PK_15_2h	WO
CTO-M	L	4h	4	C6	C6_4h	LT934125.1	-	1	C6_4h	525.486075	525.486075			dcDNA	C6_4h	WO
CTO-M	L	4h	4	PC_12	PC_12_4h	LT934125.1	-	1	PC_12_4h	100.38145	100.38145			dcDNA	PC_12_4h	WO
CTO-M	L	4h	4	PK_15	PK_15_4h	LT934125.1	-	1	PK_15_4h	0	0			dcDNA	PK_15_4h	WO
CTO-M	L	6h	6	C6	C6_6h	LT934125.1	-	1	C6_6h	258.732212	258.732212			dcDNA	C6_6h	WO
CTO-M	L	6h	6	PC_12	PC_12_6h	LT934125.1	-	1	PC_12_6h	26.651031	26.651031			dcDNA	PC_12_6h	WO
CTO-M	L	6h	6	PK_15	PK_15_6h	LT934125.1	-	1	PK_15_6h	0	0			dcDNA	PK_15_6h	WO
CTO-M	L	8h	8	C6	C6_8h	LT934125.1	-	1	C6_8h	387.4092	387.4092			dcDNA	C6_8h	WO
CTO-M	L	8h	8	PC_12	PC_12_8h	LT934125.1	-	1	PC_12_8h	0	0			dcDNA	PC_12_8h	WO
CTO-M	L	8h	8	PK_15	PK_15_8h	LT934125.1	-	1	PK_15_8h	337.72078	337.72078			dcDNA	PK_15_8h	WO
CTO-L	unknown	0.5h	0.5	PC_12	PC_12_0.5h	LT934125.1	-	1	PC_12_0.5h	0	0			dcDNA	PC_12_0.5h	WO
CTO-L	unknown	1.5h	1.5	PC_12	PC_12_1.5h	LT934125.1	-	1	PC_12_1.5h	2212.389381	2212.389381			dcDNA	PC_12_1.5h	WO
CTO-L	unknown	12h	12	C6	C6_12h	LT934125.1	-	1	C6_12h	2909.314703	2909.314703			dcDNA	C6_12h	WO
CTO-L	unknown	12h	12	PC_12	PC_12_12h	LT934125.1	-	1	PC_12_12h	1897.520255	1897.520255			dcDNA	PC_12_12h	WO
CTO-L	unknown	12h	12	PK_15	PK_15_12h	LT934125.1	-	1	PK_15_12h	1313.501144	1313.501144			dcDNA	PK_15_12h	WO
CTO-L	unknown	1h	1	C6	C6_1h	LT934125.1	-	1	C6_1h	6163.328197	6163.328197			dcDNA	C6_1h	WO
CTO-L	unknown	1h	1	NRK	NRK_1h	LT934125.1	-	1	NRK_1h	0	0			dcDNA	NRK_1h	WO
CTO-L	unknown	1h	1	PC_12	PC_12_1h	LT934125.1	-	1	PC_12_1h	4454.342984	4454.342984			dcDNA	PC_12_1h	WO
CTO-L	unknown	1h	1	PK_15	PK_15_1h	LT934125.1	-	1	PK_15_1h	0	0			dcDNA	PK_15_1h	WO
CTO-L	unknown	2.5h	2.5	PC_12	PC_12_2.5h	LT934125.1	-	1	PC_12_2.5h	2220.57735	2220.57735			dcDNA	PC_12_2.5h	WO
CTO-L	unknown	2h	2	C6	C6_2h	LT934125.1	-	1	C6_2h	0	0			dcDNA	C6_2h	WO
CTO-L	unknown	2h	2	NRK	NRK_2h	LT934125.1	-	1	NRK_2h	0	0			dcDNA	NRK_2h	WO
CTO-L	unknown	2h	2	PC_12	PC_12_2h	LT934125.1	-	1	PC_12_2h	4669.779853	4669.779853			dcDNA	PC_12_2h	WO
CTO-L	unknown	2h	2	PK_15	PK_15_2h	LT934125.1	-	1	PK_15_2h	1810.282404	1810.282404			dcDNA	PK_15_2h	WO
CTO-L	unknown	4h	4	C6	C6_4h	LT934125.1	-	1	C6_4h	4729.374672	4729.374672			dcDNA	C6_4h	WO
CTO-L	unknown	4h	4	PC_12	PC_12_4h	LT934125.1	-	1	PC_12_4h	0	0			dcDNA	PC_12_4h	WO
CTO-L	unknown	4h	4	PK_15	PK_15_4h	LT934125.1	-	1	PK_15_4h	0	0			dcDNA	PK_15_4h	WO
CTO-L	unknown	6h	6	C6	C6_6h	LT934125.1	-	1	C6_6h	3708.49504	3708.49504			dcDNA	C6_6h	WO
CTO-L	unknown	6h	6	PC_12	PC_12_6h	LT934125.1	-	1	PC_12_6h	26.651031	26.651031			dcDNA	PC_12_6h	WO
CTO-L	unknown	6h	6	PK_15	PK_15_6h	LT934125.1	-	1	PK_15_6h	16.129162	16.129162			dcDNA	PK_15_6h	WO
CTO-L	unknown	8h	8	C6	C6_8h	LT934125.1	-	1	C6_8h	2421.307505	2421.307505			dcDNA	C6_8h	WO
CTO-L	unknown	8h	8	PC_12	PC_12_8h	LT934125.1	-	1	PC_12_8h	2236.993481	2236.993481			dcDNA	PC_12_8h	WO
CTO-L	unknown	8h	8	PK_15	PK_15_8h	LT934125.1	-	1	PK_15_8h	1618.42815	1618.42815			dcDNA	PK_15_8h	WO
UL21	L	0.5h	0.5	PC_12	PC_12_0.5h	LT934125.1	-	1	PC_12_0.5h	0	0			dcDNA	PC_12_0.5h	WO
UL21	L	1.5h	1.5	PC_12	PC_12_1.5h	LT934125.1	-	1	PC_12_1.5h	0	0			dcDNA	PC_12_1.5h	WO
UL21	L	12h	12	C6	C6_12h	LT934125.1	-	1	C6_12h	0	0			dcDNA	C6_12h	WO
UL21	L	12h	12	PC_12	PC_12_12h	LT934125.1	-	1	PC_12_12h	0	0			dcDNA	PC_12_12h	WO
UL21	L	12h	12	PK_15	PK_15_12h	LT934125.1	-	1	PK_15_12h	0	0			dcDNA	PK_15_12h	WO
UL21	L	1h	1	C6	C6_1h	LT934125.1	-	1	C6_1h	0	0			dcDNA	C6_1h	WO
UL21	L	1h	1	NRK	NRK_1h	LT934125.1	-	1	NRK_1h	0	0			dcDNA	NRK_1h	WO
UL21	L	1h	1	PC_12	PC_12_1h	LT934125.1	-	1	PC_12_1h	0	0			dcDNA	PC_12_1h	WO
UL21	L	1h	1	PK_15	PK_15_1h	LT934125.1	-	1	PK_15_1h	0	0			dcDNA	PK_15_1h	WO
UL21	L	2.5h	2.5	PC_12	PC_12_2.5h	LT934125.1	-	1	PC_12_2.5h	0	0			dcDNA	PC_12_2.5h	WO
UL21	L	2h	2	C6	C6_2h	LT934125.1	-	1	C6_2h	2478.314746	2478.314746			dcDNA	C6_2h	WO
UL21	L	2h	2	NRK	NRK_2h	LT934125.1	-	1	NRK_2h	0	0			dcDNA	NRK_2h	WO
UL21	L	2h	2	PC_12	PC_12_2h	LT934125.1	-	1	PC_12_2h	0	0			dcDNA	PC_12_2h	WO
UL21	L	2h	2	PK_15	PK_15_2h	LT934125.1	-	1	PK_15_2h	0	0			dcDNA	PK_15_2h	WO
UL21	L	4h	4	C6	C6_4h	LT934125.1	-	1	C6_4h	0	0			dcDNA	C6_4h	WO
UL21	L	4h	4	PC_12	PC_12_4h	LT934125.1	-	1	PC_12_4h	3212.206386	3212.206386			dcDNA	PC_12_4h	WO
UL21	L	4h	4	PK_15	PK_15_4h	LT934125.1	-	1	PK_15_4h	1299.017618	1299.017618			dcDNA	PK_15_4h	WO
UL21	L	6h	6	C6	C6_6h	LT934125.1	-	1	C6_6h	0	0			dcDNA	C6_6h	WO
UL21	L	6h	6	PC_12	PC_12_6h	LT934125.1	-	1	PC_12_6h	3011.566548	3011.566548			dcDNA	PC_12_6h	WO
UL21	L	6h	6	PK_15	PK_15_6h	LT934125.1	-	1	PK_15_6h	1943.564061	1943.564061			dcDNA	PK_15_6h	WO
UL21	L	8h	8	C6	C6_8h	LT934125.1	-	1	C6_8h	0	0			dcDNA	C6_8h	WO
UL21	L	8h	8	PC_12	PC_12_8h	LT934125.1	-	1	PC_12_8h	0	0			dcDNA	PC_12_8h	WO
UL21	L	8h	8	PK_15	PK_15_8h	LT934125.1	-	1	PK_15_8h	0	0			dcDNA	PK_15_8h	WO
UL20	L	0.5h	0.5	PC_12	PC_12_0.5h	LT934125.1	+	1	PC_12_0.5h	0	0			dcDNA	PC_12_0.5h	WO
UL20	L	1.5h	1.5	PC_12	PC_12_1.5h	LT934125.1	+	1	PC_12_1.5h	0	0			dcDNA	PC_12_1.5h	WO
UL20	L	12h	12	C6	C6_12h	LT934125.1	+	1	C6_12h	412.619153	412.619153			dcDNA	C6_12h	WO
UL20	L	12h	12	PC_12	PC_12_12h	LT934125.1	+	1	PC_12_12h	348.106234	348.106234			dcDNA	PC_12_12h	WO
UL20	L	12h	12	PK_15	PK_15_12h	LT934125.1	+	1	PK_15_12h	260.869566	260.869566			dcDNA	PK_15_12h	WO
UL20	L	1h	1	C6	C6_1h	LT934125.1	+	1	C6_1h	0	0			dcDNA	C6_1h	WO
UL20	L	1h	1	NRK	NRK_1h	LT934125.1	+	1	NRK_1h	0	0			dcDNA	NRK_1h	WO
UL20	L	1h	1	PC_12	PC_12_1h	LT934125.1	+	1	PC_12_1h	2227.171492	2227.171492			dcDNA	PC_12_1h	WO
UL20	L	1h	1	PK_15	PK_15_1h	LT934125.1	+	1	PK_15_1h	0	0			dcDNA	PK_15_1h	WO
UL20	L	2.5h	2.5	PC_12	PC_12_2.5h	LT934125.1	+	1	PC_12_2.5h	0	0			dcDNA	PC_12_2.5h	WO
UL20	L	2h	2	C6	C6_2h	LT934125.1	+	1	C6_2h	2478.314746	2478.314746			dcDNA	C6_2h	WO
UL20	L	2h	2	NRK	NRK_2h	LT934125.1	+	1	NRK_2h	3236.245955	3236.245955			dcDNA	NRK_2h	WO
UL20	L	2h	2	PC_12	PC_12_2h	LT934125.1	+	1	PC_12_2h	2001.334223	2001.334223			dcDNA	PC_12_2h	WO
UL20	L	2h	2	PK_15	PK_15_2h	LT934125.1	+	1	PK_15_2h	724.112962	724.112962			dcDNA	PK_15_2h	WO
UL20	L	4h	4	C6	C6_4h	LT934125.1	+	1	C6_4h	525.486075	525.486075			dcDNA	C6_4h	WO
UL20	L	4h	4	PC_12	PC_12_4h	LT934125.1	+	1	PC_12_4h	100.38145	100.38145			dcDNA	PC_12_4h	WO
UL20	L	4h	4	PK_15	PK_15_4h	LT934125.1	+	1	PK_15_4h	649.50881	649.50881			dcDNA	PK_15_4h	WO
UL20	L	6h	6	C6	C6_6h	LT934125.1	+	1	C6_6h	258.732213	258.732213			dcDNA	C6_6h	WO
UL20	L	6h	6	PC_12	PC_12_6h	LT934125.1	+	1	PC_12_6h	293.161345	293.161345			dcDNA	PC_12_6h	WO
UL20	L	6h	6	PK_15	PK_15_6h	LT934125.1	+	1	PK_15_6h	540.326938	540.326938			dcDNA	PK_15_6h	WO
UL20	L	8h	8	C6	C6_8h	LT934125.1	+	1	C6_8h	64.5682	64.5682			dcDNA	C6_8h	WO
UL20	L	8h	8	PC_12	PC_12_8h	LT934125.1	+	1	PC_12_8h	575.226896	575.226896			dcDNA	PC_12_8h	WO
UL20	L	8h	8	PK_15	PK_15_8h	LT934125.1	+	1	PK_15_8h	578.949907	578.949907			dcDNA	PK_15_8h	WO
UL19	L	0.5h	0.5	PC_12	PC_12_0.5h	LT934125.1	+	1	PC_12_0.5h	0	0			dcDNA	PC_12_0.5h	WO
UL19	L	1.5h	1.5	PC_12	PC_12_1.5h	LT934125.1	+	1	PC_12_1.5h	0	0			dcDNA	PC_12_1.5h	WO
UL19	L	12h	12	C6	C6_12h	LT934125.1	+	1	C6_12h	4916.462105	4916.462105			dcDNA	C6_12h	WO
UL19	L	12h	12	PC_12	PC_12_12h	LT934125.1	+	1	PC_12_12h	2784.84987	2784.84987			dcDNA	PC_12_12h	WO
UL19	L	12h	12	PK_15	PK_15_12h	LT934125.1	+	1	PK_15_12h	4659.038902	4659.038902			dcDNA	PK_15_12h	WO
UL19	L	1h	1	C6	C6_1h	LT934125.1	+	1	C6_1h	0	0			dcDNA	C6_1h	WO
UL19	L	1h	1	NRK	NRK_1h	LT934125.1	+	1	NRK_1h	10101.010101	10101.010101			dcDNA	NRK_1h	WO
UL19	L	1h	1	PC_12	PC_12_1h	LT934125.1	+	1	PC_12_1h	0	0			dcDNA	PC_12_1h	WO
UL19	L	1h	1	PK_15	PK_15_1h	LT934125.1	+	1	PK_15_1h	2923.976608	2923.976608			dcDNA	PK_15_1h	WO
UL19	L	2.5h	2.5	PC_12	PC_12_2.5h	LT934125.1	+	1	PC_12_2.5h	0	0			dcDNA	PC_12_2.5h	WO
UL19	L	2h	2	C6	C6_2h	LT934125.1	+	1	C6_2h	3717.472119	3717.472119			dcDNA	C6_2h	WO
UL19	L	2h	2	NRK	NRK_2h	LT934125.1	+	1	NRK_2h	3236.245955	3236.245955			dcDNA	NRK_2h	WO
UL19	L	2h	2	PC_12	PC_12_2h	LT934125.1	+	1	PC_12_2h	2001.334223	2001.334223			dcDNA	PC_12_2h	WO
UL19	L	2h	2	PK_15	PK_15_2h	LT934125.1	+	1	PK_15_2h	2172.338885	2172.338885			dcDNA	PK_15_2h	WO
UL19	L	4h	4	C6	C6_4h	LT934125.1	+	1	C6_4h	2101.944298	2101.944298			dcDNA	C6_4h	WO
UL19	L	4h	4	PC_12	PC_12_4h	LT934125.1	+	1	PC_12_4h	2308.77334	2308.77334			dcDNA	PC_12_4h	WO
UL19	L	4h	4	PK_15	PK_15_4h	LT934125.1	+	1	PK_15_4h	1420.800521	1420.800521			dcDNA	PK_15_4h	WO
UL19	L	6h	6	C6	C6_6h	LT934125.1	+	1	C6_6h	3708.495042	3708.495042			dcDNA	C6_6h	WO
UL19	L	6h	6	PC_12	PC_12_6h	LT934125.1	+	1	PC_12_6h	2291.9887	2291.9887			dcDNA	PC_12_6h	WO
UL19	L	6h	6	PK_15	PK_15_6h	LT934125.1	+	1	PK_15_6h	1951.628642	1951.628642			dcDNA	PK_15_6h	WO
UL19	L	8h	8	C6	C6_8h	LT934125.1	+	1	C6_8h	1840.193705	1840.193705			dcDNA	C6_8h	WO
UL19	L	8h	8	PC_12	PC_12_8h	LT934125.1	+	1	PC_12_8h	3227.662022	3227.662022			dcDNA	PC_12_8h	WO
UL19	L	8h	8	PK_15	PK_15_8h	LT934125.1	+	1	PK_15_8h	4109.667148	4109.667148			dcDNA	PK_15_8h	WO
UL18	L	0.5h	0.5	PC_12	PC_12_0.5h	LT934125.1	+	1	PC_12_0.5h	32258.064516	32258.064516			dcDNA	PC_12_0.5h	WO
UL18	L	1.5h	1.5	PC_12	PC_12_1.5h	LT934125.1	+	1	PC_12_1.5h	24336.283186	24336.283186			dcDNA	PC_12_1.5h	WO
UL18	L	12h	12	C6	C6_12h	LT934125.1	+	1	C6_12h	53906.244537	53906.244537			dcDNA	C6_12h	WO
UL18	L	12h	12	PC_12	PC_12_12h	LT934125.1	+	1	PC_12_12h	34872.053894	34872.053894			dcDNA	PC_12_12h	WO
UL18	L	12h	12	PK_15	PK_15_12h	LT934125.1	+	1	PK_15_12h	36659.038902	36659.038902			dcDNA	PK_15_12h	WO
UL18	L	1h	1	C6	C6_1h	LT934125.1	+	1	C6_1h	24653.312788	24653.312788			dcDNA	C6_1h	WO
UL18	L	1h	1	NRK	NRK_1h	LT934125.1	+	1	NRK_1h	20202.020202	20202.020202			dcDNA	NRK_1h	WO
UL18	L	1h	1	PC_12	PC_12_1h	LT934125.1	+	1	PC_12_1h	15590.200446	15590.200446			dcDNA	PC_12_1h	WO
UL18	L	1h	1	PK_15	PK_15_1h	LT934125.1	+	1	PK_15_1h	0	0			dcDNA	PK_15_1h	WO
UL18	L	2.5h	2.5	PC_12	PC_12_2.5h	LT934125.1	+	1	PC_12_2.5h	22945.965951	22945.965951			dcDNA	PC_12_2.5h	WO
UL18	L	2h	2	C6	C6_2h	LT934125.1	+	1	C6_2h	39653.035936	39653.035936			dcDNA	C6_2h	WO
UL18	L	2h	2	NRK	NRK_2h	LT934125.1	+	1	NRK_2h	16181.229773	16181.229773			dcDNA	NRK_2h	WO
UL18	L	2h	2	PC_12	PC_12_2h	LT934125.1	+	1	PC_12_2h	22014.676451	22014.676451			dcDNA	PC_12_2h	WO
UL18	L	2h	2	PK_15	PK_15_2h	LT934125.1	+	1	PK_15_2h	14844.315714	14844.315714			dcDNA	PK_15_2h	WO
UL18	L	4h	4	C6	C6_4h	LT934125.1	+	1	C6_4h	35733.053074	35733.053074			dcDNA	C6_4h	WO
UL18	L	4h	4	PC_12	PC_12_4h	LT934125.1	+	1	PC_12_4h	32925.115439	32925.115439			dcDNA	PC_12_4h	WO
UL18	L	4h	4	PK_15	PK_15_4h	LT934125.1	+	1	PK_15_4h	25696.192254	25696.192254			dcDNA	PK_15_4h	WO
UL18	L	6h	6	C6	C6_6h	LT934125.1	+	1	C6_6h	30530.401035	30530.401035			dcDNA	C6_6h	WO
UL18	L	6h	6	PC_12	PC_12_6h	LT934125.1	+	1	PC_12_6h	34646.340814	34646.340814			dcDNA	PC_12_6h	WO
UL18	L	6h	6	PK_15	PK_15_6h	LT934125.1	+	1	PK_15_6h	26395.374157	26395.374157			dcDNA	PK_15_6h	WO
UL18	L	8h	8	C6	C6_8h	LT934125.1	+	1	C6_8h	35351.089588	35351.089588			dcDNA	C6_8h	WO
UL18	L	8h	8	PC_12	PC_12_8h	LT934125.1	+	1	PC_12_8h	25821.296178	25821.296178			dcDNA	PC_12_8h	WO
UL18	L	8h	8	PK_15	PK_15_8h	LT934125.1	+	1	PK_15_8h	26026.429941	26026.429941			dcDNA	PK_15_8h	WO
UL15	L	0.5h	0.5	PC_12	PC_12_0.5h	LT934125.1	-	1	PC_12_0.5h	0	0			dcDNA	PC_12_0.5h	WO
UL15	L	1.5h	1.5	PC_12	PC_12_1.5h	LT934125.1	-	1	PC_12_1.5h	2212.389381	2212.389381			dcDNA	PC_12_1.5h	WO
UL15	L	12h	12	C6	C6_12h	LT934125.1	-	1	C6_12h	377.651428	377.651428			dcDNA	C6_12h	WO
UL15	L	12h	12	PC_12	PC_12_12h	LT934125.1	-	1	PC_12_12h	122.861024	122.861024			dcDNA	PC_12_12h	WO
UL15	L	12h	12	PK_15	PK_15_12h	LT934125.1	-	1	PK_15_12h	75.514874	75.514874			dcDNA	PK_15_12h	WO
UL15	L	1h	1	C6	C6_1h	LT934125.1	-	1	C6_1h	0	0			dcDNA	C6_1h	WO
UL15	L	1h	1	NRK	NRK_1h	LT934125.1	-	1	NRK_1h	0	0			dcDNA	NRK_1h	WO
UL15	L	1h	1	PC_12	PC_12_1h	LT934125.1	-	1	PC_12_1h	0	0			dcDNA	PC_12_1h	WO
UL15	L	1h	1	PK_15	PK_15_1h	LT934125.1	-	1	PK_15_1h	0	0			dcDNA	PK_15_1h	WO
UL15	L	2.5h	2.5	PC_12	PC_12_2.5h	LT934125.1	-	1	PC_12_2.5h	0	0			dcDNA	PC_12_2.5h	WO
UL15	L	2h	2	C6	C6_2h	LT934125.1	-	1	C6_2h	0	0			dcDNA	C6_2h	WO
UL15	L	2h	2	NRK	NRK_2h	LT934125.1	-	1	NRK_2h	0	0			dcDNA	NRK_2h	WO
UL15	L	2h	2	PC_12	PC_12_2h	LT934125.1	-	1	PC_12_2h	0	0			dcDNA	PC_12_2h	WO
UL15	L	2h	2	PK_15	PK_15_2h	LT934125.1	-	1	PK_15_2h	362.056481	362.056481			dcDNA	PK_15_2h	WO
UL15	L	4h	4	C6	C6_4h	LT934125.1	-	1	C6_4h	525.486075	525.486075			dcDNA	C6_4h	WO
UL15	L	4h	4	PC_12	PC_12_4h	LT934125.1	-	1	PC_12_4h	501.907248	501.907248			dcDNA	PC_12_4h	WO
UL15	L	4h	4	PK_15	PK_15_4h	LT934125.1	-	1	PK_15_4h	365.348706	365.348706			dcDNA	PK_15_4h	WO
UL15	L	6h	6	C6	C6_6h	LT934125.1	-	1	C6_6h	172.488141	172.488141			dcDNA	C6_6h	WO
UL15	L	6h	6	PC_12	PC_12_6h	LT934125.1	-	1	PC_12_6h	373.114439	373.114439			dcDNA	PC_12_6h	WO
UL15	L	6h	6	PK_15	PK_15_6h	LT934125.1	-	1	PK_15_6h	161.291624	161.291624			dcDNA	PK_15_6h	WO
UL15	L	8h	8	C6	C6_8h	LT934125.1	-	1	C6_8h	0	0			dcDNA	C6_8h	WO
UL15	L	8h	8	PC_12	PC_12_8h	LT934125.1	-	1	PC_12_8h	319.570498	319.570498			dcDNA	PC_12_8h	WO
UL15	L	8h	8	PK_15	PK_15_8h	LT934125.1	-	1	PK_15_8h	368.422668	368.422668			dcDNA	PK_15_8h	WO
UL17	L	0.5h	0.5	PC_12	PC_12_0.5h	LT934125.1	+	1	PC_12_0.5h	0	0			dcDNA	PC_12_0.5h	WO
UL17	L	1.5h	1.5	PC_12	PC_12_1.5h	LT934125.1	+	1	PC_12_1.5h	0	0			dcDNA	PC_12_1.5h	WO
UL17	L	12h	12	C6	C6_12h	LT934125.1	+	1	C6_12h	1042.038199	1042.038199			dcDNA	C6_12h	WO
UL17	L	12h	12	PC_12	PC_12_12h	LT934125.1	+	1	PC_12_12h	491.444095	491.444095			dcDNA	PC_12_12h	WO
UL17	L	12h	12	PK_15	PK_15_12h	LT934125.1	+	1	PK_15_12h	411.899313	411.899313			dcDNA	PK_15_12h	WO
UL17	L	1h	1	C6	C6_1h	LT934125.1	+	1	C6_1h	0	0			dcDNA	C6_1h	WO
UL17	L	1h	1	NRK	NRK_1h	LT934125.1	+	1	NRK_1h	0	0			dcDNA	NRK_1h	WO
UL17	L	1h	1	PC_12	PC_12_1h	LT934125.1	+	1	PC_12_1h	0	0			dcDNA	PC_12_1h	WO
UL17	L	1h	1	PK_15	PK_15_1h	LT934125.1	+	1	PK_15_1h	0	0			dcDNA	PK_15_1h	WO
UL17	L	2.5h	2.5	PC_12	PC_12_2.5h	LT934125.1	+	1	PC_12_2.5h	0	0			dcDNA	PC_12_2.5h	WO
UL17	L	2h	2	C6	C6_2h	LT934125.1	+	1	C6_2h	0	0			dcDNA	C6_2h	WO
UL17	L	2h	2	NRK	NRK_2h	LT934125.1	+	1	NRK_2h	0	0			dcDNA	NRK_2h	WO
UL17	L	2h	2	PC_12	PC_12_2h	LT934125.1	+	1	PC_12_2h	0	0			dcDNA	PC_12_2h	WO
UL17	L	2h	2	PK_15	PK_15_2h	LT934125.1	+	1	PK_15_2h	0	0			dcDNA	PK_15_2h	WO
UL17	L	4h	4	C6	C6_4h	LT934125.1	+	1	C6_4h	1050.972149	1050.972149			dcDNA	C6_4h	WO
UL17	L	4h	4	PC_12	PC_12_4h	LT934125.1	+	1	PC_12_4h	401.525799	401.525799			dcDNA	PC_12_4h	WO
UL17	L	4h	4	PK_15	PK_15_4h	LT934125.1	+	1	PK_15_4h	243.565804	243.565804			dcDNA	PK_15_4h	WO
UL17	L	6h	6	C6	C6_6h	LT934125.1	+	1	C6_6h	517.464425	517.464425			dcDNA	C6_6h	WO
UL17	L	6h	6	PC_12	PC_12_6h	LT934125.1	+	1	PC_12_6h	612.973722	612.973722			dcDNA	PC_12_6h	WO
UL17	L	6h	6	PK_15	PK_15_6h	LT934125.1	+	1	PK_15_6h	459.681127	459.681127			dcDNA	PK_15_6h	WO
UL17	L	8h	8	C6	C6_8h	LT934125.1	+	1	C6_8h	548.829701	548.829701			dcDNA	C6_8h	WO
UL17	L	8h	8	PC_12	PC_12_8h	LT934125.1	+	1	PC_12_8h	543.269846	543.269846			dcDNA	PC_12_8h	WO
UL17	L	8h	8	PK_15	PK_15_8h	LT934125.1	+	1	PK_15_8h	605.265813	605.265813			dcDNA	PK_15_8h	WO
UL16	L	0.5h	0.5	PC_12	PC_12_0.5h	LT934125.1	+	1	PC_12_0.5h	0	0			dcDNA	PC_12_0.5h	WO
UL16	L	1.5h	1.5	PC_12	PC_12_1.5h	LT934125.1	+	1	PC_12_1.5h	0	0			dcDNA	PC_12_1.5h	WO
UL16	L	12h	12	C6	C6_12h	LT934125.1	+	1	C6_12h	0	0			dcDNA	C6_12h	WO
UL16	L	12h	12	PC_12	PC_12_12h	LT934125.1	+	1	PC_12_12h	0	0			dcDNA	PC_12_12h	WO
UL16	L	12h	12	PK_15	PK_15_12h	LT934125.1	+	1	PK_15_12h	0	0			dcDNA	PK_15_12h	WO
UL16	L	1h	1	C6	C6_1h	LT934125.1	+	1	C6_1h	0	0			dcDNA	C6_1h	WO
UL16	L	1h	1	NRK	NRK_1h	LT934125.1	+	1	NRK_1h	0	0			dcDNA	NRK_1h	WO
UL16	L	1h	1	PC_12	PC_12_1h	LT934125.1	+	1	PC_12_1h	0	0			dcDNA	PC_12_1h	WO
UL16	L	1h	1	PK_15	PK_15_1h	LT934125.1	+	1	PK_15_1h	0	0			dcDNA	PK_15_1h	WO
UL16	L	2.5h	2.5	PC_12	PC_12_2.5h	LT934125.1	+	1	PC_12_2.5h	0	0			dcDNA	PC_12_2.5h	WO
UL16	L	2h	2	C6	C6_2h	LT934125.1	+	1	C6_2h	0	0			dcDNA	C6_2h	WO
UL16	L	2h	2	NRK	NRK_2h	LT934125.1	+	1	NRK_2h	0	0			dcDNA	NRK_2h	WO
UL16	L	2h	2	PC_12	PC_12_2h	LT934125.1	+	1	PC_12_2h	0	0			dcDNA	PC_12_2h	WO
UL16	L	2h	2	PK_15	PK_15_2h	LT934125.1	+	1	PK_15_2h	0	0			dcDNA	PK_15_2h	WO
UL16	L	4h	4	C6	C6_4h	LT934125.1	+	1	C6_4h	0	0			dcDNA	C6_4h	WO
UL16	L	4h	4	PC_12	PC_12_4h	LT934125.1	+	1	PC_12_4h	100.38145	100.38145			dcDNA	PC_12_4h	WO
UL16	L	4h	4	PK_15	PK_15_4h	LT934125.1	+	1	PK_15_4h	162.377204	162.377204			dcDNA	PK_15_4h	WO
UL16	L	6h	6	C6	C6_6h	LT934125.1	+	1	C6_6h	0	0			dcDNA	C6_6h	WO
UL16	L	6h	6	PC_12	PC_12_6h	LT934125.1	+	1	PC_12_6h	0	0			dcDNA	PC_12_6h	WO
UL16	L	6h	6	PK_15	PK_15_6h	LT934125.1	+	1	PK_15_6h	40.322905	40.322905			dcDNA	PK_15_6h	WO
UL16	L	8h	8	C6	C6_8h	LT934125.1	+	1	C6_8h	32.2841	32.2841			dcDNA	C6_8h	WO
UL16	L	8h	8	PC_12	PC_12_8h	LT934125.1	+	1	PC_12_8h	191.742299	191.742299			dcDNA	PC_12_8h	WO
UL16	L	8h	8	PK_15	PK_15_8h	LT934125.1	+	1	PK_15_8h	0	0			dcDNA	PK_15_8h	WO
UL14	L	0.5h	0.5	PC_12	PC_12_0.5h	LT934125.1	+	1	PC_12_0.5h	0	0			dcDNA	PC_12_0.5h	WO
UL14	L	1.5h	1.5	PC_12	PC_12_1.5h	LT934125.1	+	1	PC_12_1.5h	0	0			dcDNA	PC_12_1.5h	WO
UL14	L	12h	12	C6	C6_12h	LT934125.1	+	1	C6_12h	0	0			dcDNA	C6_12h	WO
UL14	L	12h	12	PC_12	PC_12_12h	LT934125.1	+	1	PC_12_12h	389.059908	389.059908			dcDNA	PC_12_12h	WO
UL14	L	12h	12	PK_15	PK_15_12h	LT934125.1	+	1	PK_15_12h	183.066362	183.066362			dcDNA	PK_15_12h	WO
UL14	L	1h	1	C6	C6_1h	LT934125.1	+	1	C6_1h	6163.328197	6163.328197			dcDNA	C6_1h	WO
UL14	L	1h	1	NRK	NRK_1h	LT934125.1	+	1	NRK_1h	0	0			dcDNA	NRK_1h	WO
UL14	L	1h	1	PC_12	PC_12_1h	LT934125.1	+	1	PC_12_1h	0	0			dcDNA	PC_12_1h	WO
UL14	L	1h	1	PK_15	PK_15_1h	LT934125.1	+	1	PK_15_1h	0	0			dcDNA	PK_15_1h	WO
UL14	L	2.5h	2.5	PC_12	PC_12_2.5h	LT934125.1	+	1	PC_12_2.5h	0	0			dcDNA	PC_12_2.5h	WO
UL14	L	2h	2	C6	C6_2h	LT934125.1	+	1	C6_2h	0	0			dcDNA	C6_2h	WO
UL14	L	2h	2	NRK	NRK_2h	LT934125.1	+	1	NRK_2h	0	0			dcDNA	NRK_2h	WO
UL14	L	2h	2	PC_12	PC_12_2h	LT934125.1	+	1	PC_12_2h	3335.557038	3335.557038			dcDNA	PC_12_2h	WO
UL14	L	2h	2	PK_15	PK_15_2h	LT934125.1	+	1	PK_15_2h	724.112962	724.112962			dcDNA	PK_15_2h	WO
UL14	L	4h	4	C6	C6_4h	LT934125.1	+	1	C6_4h	0	0			dcDNA	C6_4h	WO
UL14	L	4h	4	PC_12	PC_12_4h	LT934125.1	+	1	PC_12_4h	0	0			dcDNA	PC_12_4h	WO
UL14	L	4h	4	PK_15	PK_15_4h	LT934125.1	+	1	PK_15_4h	974.263214	974.263214			dcDNA	PK_15_4h	WO
UL14	L	6h	6	C6	C6_6h	LT934125.1	+	1	C6_6h	1897.369557	1897.369557			dcDNA	C6_6h	WO
UL14	L	6h	6	PC_12	PC_12_6h	LT934125.1	+	1	PC_12_6h	799.530942	799.530942			dcDNA	PC_12_6h	WO
UL14	L	6h	6	PK_15	PK_15_6h	LT934125.1	+	1	PK_15_6h	814.522697	814.522697			dcDNA	PK_15_6h	WO
UL14	L	8h	8	C6	C6_8h	LT934125.1	+	1	C6_8h	1259.079903	1259.079903			dcDNA	C6_8h	WO
UL14	L	8h	8	PC_12	PC_12_8h	LT934125.1	+	1	PC_12_8h	447.398696	447.398696			dcDNA	PC_12_8h	WO
UL14	L	8h	8	PK_15	PK_15_8h	LT934125.1	+	1	PK_15_8h	644.73967	644.73967			dcDNA	PK_15_8h	WO
UL13	L	0.5h	0.5	PC_12	PC_12_0.5h	LT934125.1	+	1	PC_12_0.5h	0	0			dcDNA	PC_12_0.5h	WO
UL13	L	1.5h	1.5	PC_12	PC_12_1.5h	LT934125.1	+	1	PC_12_1.5h	0	0			dcDNA	PC_12_1.5h	WO
UL13	L	12h	12	C6	C6_12h	LT934125.1	+	1	C6_12h	0	0			dcDNA	C6_12h	WO
UL13	L	12h	12	PC_12	PC_12_12h	LT934125.1	+	1	PC_12_12h	0	0			dcDNA	PC_12_12h	WO
UL13	L	12h	12	PK_15	PK_15_12h	LT934125.1	+	1	PK_15_12h	0	0			dcDNA	PK_15_12h	WO
UL13	L	1h	1	C6	C6_1h	LT934125.1	+	1	C6_1h	0	0			dcDNA	C6_1h	WO
UL13	L	1h	1	NRK	NRK_1h	LT934125.1	+	1	NRK_1h	0	0			dcDNA	NRK_1h	WO
UL13	L	1h	1	PC_12	PC_12_1h	LT934125.1	+	1	PC_12_1h	0	0			dcDNA	PC_12_1h	WO
UL13	L	1h	1	PK_15	PK_15_1h	LT934125.1	+	1	PK_15_1h	0	0			dcDNA	PK_15_1h	WO
UL13	L	2.5h	2.5	PC_12	PC_12_2.5h	LT934125.1	+	1	PC_12_2.5h	0	0			dcDNA	PC_12_2.5h	WO
UL13	L	2h	2	C6	C6_2h	LT934125.1	+	1	C6_2h	0	0			dcDNA	C6_2h	WO
UL13	L	2h	2	NRK	NRK_2h	LT934125.1	+	1	NRK_2h	0	0			dcDNA	NRK_2h	WO
UL13	L	2h	2	PC_12	PC_12_2h	LT934125.1	+	1	PC_12_2h	0	0			dcDNA	PC_12_2h	WO
UL13	L	2h	2	PK_15	PK_15_2h	LT934125.1	+	1	PK_15_2h	0	0			dcDNA	PK_15_2h	WO
UL13	L	4h	4	C6	C6_4h	LT934125.1	+	1	C6_4h	0	0			dcDNA	C6_4h	WO
UL13	L	4h	4	PC_12	PC_12_4h	LT934125.1	+	1	PC_12_4h	0	0			dcDNA	PC_12_4h	WO
UL13	L	4h	4	PK_15	PK_15_4h	LT934125.1	+	1	PK_15_4h	0	0			dcDNA	PK_15_4h	WO
UL13	L	6h	6	C6	C6_6h	LT934125.1	+	1	C6_6h	0	0			dcDNA	C6_6h	WO
UL13	L	6h	6	PC_12	PC_12_6h	LT934125.1	+	1	PC_12_6h	0	0			dcDNA	PC_12_6h	WO
UL13	L	6h	6	PK_15	PK_15_6h	LT934125.1	+	1	PK_15_6h	0	0			dcDNA	PK_15_6h	WO
UL13	L	8h	8	C6	C6_8h	LT934125.1	+	1	C6_8h	0	0			dcDNA	C6_8h	WO
UL13	L	8h	8	PC_12	PC_12_8h	LT934125.1	+	1	PC_12_8h	31.95705	31.95705			dcDNA	PC_12_8h	WO
UL13	L	8h	8	PK_15	PK_15_8h	LT934125.1	+	1	PK_15_8h	0	0			dcDNA	PK_15_8h	WO
UL12	L	0.5h	0.5	PC_12	PC_12_0.5h	LT934125.1	+	1	PC_12_0.5h	0	0			dcDNA	PC_12_0.5h	WO
UL12	L	1.5h	1.5	PC_12	PC_12_1.5h	LT934125.1	+	1	PC_12_1.5h	0	0			dcDNA	PC_12_1.5h	WO
UL12	L	12h	12	C6	C6_12h	LT934125.1	+	1	C6_12h	0	0			dcDNA	C6_12h	WO
UL12	L	12h	12	PC_12	PC_12_12h	LT934125.1	+	1	PC_12_12h	0	0			dcDNA	PC_12_12h	WO
UL12	L	12h	12	PK_15	PK_15_12h	LT934125.1	+	1	PK_15_12h	0	0			dcDNA	PK_15_12h	WO
UL12	L	1h	1	C6	C6_1h	LT934125.1	+	1	C6_1h	0	0			dcDNA	C6_1h	WO
UL12	L	1h	1	NRK	NRK_1h	LT934125.1	+	1	NRK_1h	0	0			dcDNA	NRK_1h	WO
UL12	L	1h	1	PC_12	PC_12_1h	LT934125.1	+	1	PC_12_1h	0	0			dcDNA	PC_12_1h	WO
UL12	L	1h	1	PK_15	PK_15_1h	LT934125.1	+	1	PK_15_1h	0	0			dcDNA	PK_15_1h	WO
UL12	L	2.5h	2.5	PC_12	PC_12_2.5h	LT934125.1	+	1	PC_12_2.5h	0	0			dcDNA	PC_12_2.5h	WO
UL12	L	2h	2	C6	C6_2h	LT934125.1	+	1	C6_2h	0	0			dcDNA	C6_2h	WO
UL12	L	2h	2	NRK	NRK_2h	LT934125.1	+	1	NRK_2h	0	0			dcDNA	NRK_2h	WO
UL12	L	2h	2	PC_12	PC_12_2h	LT934125.1	+	1	PC_12_2h	0	0			dcDNA	PC_12_2h	WO
UL12	L	2h	2	PK_15	PK_15_2h	LT934125.1	+	1	PK_15_2h	0	0			dcDNA	PK_15_2h	WO
UL12	L	4h	4	C6	C6_4h	LT934125.1	+	1	C6_4h	0	0			dcDNA	C6_4h	WO
UL12	L	4h	4	PC_12	PC_12_4h	LT934125.1	+	1	PC_12_4h	0	0			dcDNA	PC_12_4h	WO
UL12	L	4h	4	PK_15	PK_15_4h	LT934125.1	+	1	PK_15_4h	40.594301	40.594301			dcDNA	PK_15_4h	WO
UL12	L	6h	6	C6	C6_6h	LT934125.1	+	1	C6_6h	0	0			dcDNA	C6_6h	WO
UL12	L	6h	6	PC_12	PC_12_6h	LT934125.1	+	1	PC_12_6h	0	0			dcDNA	PC_12_6h	WO
UL12	L	6h	6	PK_15	PK_15_6h	LT934125.1	+	1	PK_15_6h	0	0			dcDNA	PK_15_6h	WO
UL12	L	8h	8	C6	C6_8h	LT934125.1	+	1	C6_8h	64.5682	64.5682			dcDNA	C6_8h	WO
UL12	L	8h	8	PC_12	PC_12_8h	LT934125.1	+	1	PC_12_8h	63.9141	63.9141			dcDNA	PC_12_8h	WO
UL12	L	8h	8	PK_15	PK_15_8h	LT934125.1	+	1	PK_15_8h	13.157952	13.157952			dcDNA	PK_15_8h	WO
UL11	L	0.5h	0.5	PC_12	PC_12_0.5h	LT934125.1	+	1	PC_12_0.5h	0	0			dcDNA	PC_12_0.5h	WO
UL11	L	1.5h	1.5	PC_12	PC_12_1.5h	LT934125.1	+	1	PC_12_1.5h	2212.389381	2212.389381			dcDNA	PC_12_1.5h	WO
UL11	L	12h	12	C6	C6_12h	LT934125.1	+	1	C6_12h	0	0			dcDNA	C6_12h	WO
UL11	L	12h	12	PC_12	PC_12_12h	LT934125.1	+	1	PC_12_12h	0	0			dcDNA	PC_12_12h	WO
UL11	L	12h	12	PK_15	PK_15_12h	LT934125.1	+	1	PK_15_12h	0	0			dcDNA	PK_15_12h	WO
UL11	L	1h	1	C6	C6_1h	LT934125.1	+	1	C6_1h	1540.832049	1540.832049			dcDNA	C6_1h	WO
UL11	L	1h	1	NRK	NRK_1h	LT934125.1	+	1	NRK_1h	0	0			dcDNA	NRK_1h	WO
UL11	L	1h	1	PC_12	PC_12_1h	LT934125.1	+	1	PC_12_1h	2227.171492	2227.171492			dcDNA	PC_12_1h	WO
UL11	L	1h	1	PK_15	PK_15_1h	LT934125.1	+	1	PK_15_1h	0	0			dcDNA	PK_15_1h	WO
UL11	L	2.5h	2.5	PC_12	PC_12_2.5h	LT934125.1	+	1	PC_12_2.5h	0	0			dcDNA	PC_12_2.5h	WO
UL11	L	2h	2	C6	C6_2h	LT934125.1	+	1	C6_2h	0	0			dcDNA	C6_2h	WO
UL11	L	2h	2	NRK	NRK_2h	LT934125.1	+	1	NRK_2h	0	0			dcDNA	NRK_2h	WO
UL11	L	2h	2	PC_12	PC_12_2h	LT934125.1	+	1	PC_12_2h	667.111408	667.111408			dcDNA	PC_12_2h	WO
UL11	L	2h	2	PK_15	PK_15_2h	LT934125.1	+	1	PK_15_2h	0	0			dcDNA	PK_15_2h	WO
UL11	L	4h	4	C6	C6_4h	LT934125.1	+	1	C6_4h	0	0			dcDNA	C6_4h	WO
UL11	L	4h	4	PC_12	PC_12_4h	LT934125.1	+	1	PC_12_4h	0	0			dcDNA	PC_12_4h	WO
UL11	L	4h	4	PK_15	PK_15_4h	LT934125.1	+	1	PK_15_4h	0	0			dcDNA	PK_15_4h	WO
UL11	L	6h	6	C6	C6_6h	LT934125.1	+	1	C6_6h	0	0			dcDNA	C6_6h	WO
UL11	L	6h	6	PC_12	PC_12_6h	LT934125.1	+	1	PC_12_6h	0	0			dcDNA	PC_12_6h	WO
UL11	L	6h	6	PK_15	PK_15_6h	LT934125.1	+	1	PK_15_6h	0	0			dcDNA	PK_15_6h	WO
UL11	L	8h	8	C6	C6_8h	LT934125.1	+	1	C6_8h	0	0			dcDNA	C6_8h	WO
UL11	L	8h	8	PC_12	PC_12_8h	LT934125.1	+	1	PC_12_8h	0	0			dcDNA	PC_12_8h	WO
UL11	L	8h	8	PK_15	PK_15_8h	LT934125.1	+	1	PK_15_8h	0	0			dcDNA	PK_15_8h	WO
UL10	L	0.5h	0.5	PC_12	PC_12_0.5h	LT934125.1	-	1	PC_12_0.5h	0	0			dcDNA	PC_12_0.5h	WO
UL10	L	1.5h	1.5	PC_12	PC_12_1.5h	LT934125.1	-	1	PC_12_1.5h	0	0			dcDNA	PC_12_1.5h	WO
UL10	L	12h	12	C6	C6_12h	LT934125.1	-	1	C6_12h	0	0			dcDNA	C6_12h	WO
UL10	L	12h	12	PC_12	PC_12_12h	LT934125.1	-	1	PC_12_12h	0	0			dcDNA	PC_12_12h	WO
UL10	L	12h	12	PK_15	PK_15_12h	LT934125.1	-	1	PK_15_12h	0	0			dcDNA	PK_15_12h	WO
UL10	L	1h	1	C6	C6_1h	LT934125.1	-	1	C6_1h	1540.832049	1540.832049			dcDNA	C6_1h	WO
UL10	L	1h	1	NRK	NRK_1h	LT934125.1	-	1	NRK_1h	0	0			dcDNA	NRK_1h	WO
UL10	L	1h	1	PC_12	PC_12_1h	LT934125.1	-	1	PC_12_1h	0	0			dcDNA	PC_12_1h	WO
UL10	L	1h	1	PK_15	PK_15_1h	LT934125.1	-	1	PK_15_1h	0	0			dcDNA	PK_15_1h	WO
UL10	L	2.5h	2.5	PC_12	PC_12_2.5h	LT934125.1	-	1	PC_12_2.5h	0	0			dcDNA	PC_12_2.5h	WO
UL10	L	2h	2	C6	C6_2h	LT934125.1	-	1	C6_2h	0	0			dcDNA	C6_2h	WO
UL10	L	2h	2	NRK	NRK_2h	LT934125.1	-	1	NRK_2h	0	0			dcDNA	NRK_2h	WO
UL10	L	2h	2	PC_12	PC_12_2h	LT934125.1	-	1	PC_12_2h	667.111408	667.111408			dcDNA	PC_12_2h	WO
UL10	L	2h	2	PK_15	PK_15_2h	LT934125.1	-	1	PK_15_2h	0	0			dcDNA	PK_15_2h	WO
UL10	L	4h	4	C6	C6_4h	LT934125.1	-	1	C6_4h	0	0			dcDNA	C6_4h	WO
UL10	L	4h	4	PC_12	PC_12_4h	LT934125.1	-	1	PC_12_4h	100.38145	100.38145			dcDNA	PC_12_4h	WO
UL10	L	4h	4	PK_15	PK_15_4h	LT934125.1	-	1	PK_15_4h	40.594301	40.594301			dcDNA	PK_15_4h	WO
UL10	L	6h	6	C6	C6_6h	LT934125.1	-	1	C6_6h	172.488142	172.488142			dcDNA	C6_6h	WO
UL10	L	6h	6	PC_12	PC_12_6h	LT934125.1	-	1	PC_12_6h	26.651031	26.651031			dcDNA	PC_12_6h	WO
UL10	L	6h	6	PK_15	PK_15_6h	LT934125.1	-	1	PK_15_6h	0	0			dcDNA	PK_15_6h	WO
UL10	L	8h	8	C6	C6_8h	LT934125.1	-	1	C6_8h	32.2841	32.2841			dcDNA	C6_8h	WO
UL10	L	8h	8	PC_12	PC_12_8h	LT934125.1	-	1	PC_12_8h	63.914099	63.914099			dcDNA	PC_12_8h	WO
UL10	L	8h	8	PK_15	PK_15_8h	LT934125.1	-	1	PK_15_8h	0	0			dcDNA	PK_15_8h	WO
UL9	L	0.5h	0.5	PC_12	PC_12_0.5h	LT934125.1	+	1	PC_12_0.5h	0	0			dcDNA	PC_12_0.5h	WO
UL9	L	1.5h	1.5	PC_12	PC_12_1.5h	LT934125.1	+	1	PC_12_1.5h	0	0			dcDNA	PC_12_1.5h	WO
UL9	L	12h	12	C6	C6_12h	LT934125.1	+	1	C6_12h	90.916084	90.916084			dcDNA	C6_12h	WO
UL9	L	12h	12	PC_12	PC_12_12h	LT934125.1	+	1	PC_12_12h	0	0			dcDNA	PC_12_12h	WO
UL9	L	12h	12	PK_15	PK_15_12h	LT934125.1	+	1	PK_15_12h	11.441648	11.441648			dcDNA	PK_15_12h	WO
UL9	L	1h	1	C6	C6_1h	LT934125.1	+	1	C6_1h	0	0			dcDNA	C6_1h	WO
UL9	L	1h	1	NRK	NRK_1h	LT934125.1	+	1	NRK_1h	0	0			dcDNA	NRK_1h	WO
UL9	L	1h	1	PC_12	PC_12_1h	LT934125.1	+	1	PC_12_1h	0	0			dcDNA	PC_12_1h	WO
UL9	L	1h	1	PK_15	PK_15_1h	LT934125.1	+	1	PK_15_1h	0	0			dcDNA	PK_15_1h	WO
UL9	L	2.5h	2.5	PC_12	PC_12_2.5h	LT934125.1	+	1	PC_12_2.5h	0	0			dcDNA	PC_12_2.5h	WO
UL9	L	2h	2	C6	C6_2h	LT934125.1	+	1	C6_2h	0	0			dcDNA	C6_2h	WO
UL9	L	2h	2	NRK	NRK_2h	LT934125.1	+	1	NRK_2h	0	0			dcDNA	NRK_2h	WO
UL9	L	2h	2	PC_12	PC_12_2h	LT934125.1	+	1	PC_12_2h	0	0			dcDNA	PC_12_2h	WO
UL9	L	2h	2	PK_15	PK_15_2h	LT934125.1	+	1	PK_15_2h	0	0			dcDNA	PK_15_2h	WO
UL9	L	4h	4	C6	C6_4h	LT934125.1	+	1	C6_4h	0	0			dcDNA	C6_4h	WO
UL9	L	4h	4	PC_12	PC_12_4h	LT934125.1	+	1	PC_12_4h	0	0			dcDNA	PC_12_4h	WO
UL9	L	4h	4	PK_15	PK_15_4h	LT934125.1	+	1	PK_15_4h	0	0			dcDNA	PK_15_4h	WO
UL9	L	6h	6	C6	C6_6h	LT934125.1	+	1	C6_6h	172.488142	172.488142			dcDNA	C6_6h	WO
UL9	L	6h	6	PC_12	PC_12_6h	LT934125.1	+	1	PC_12_6h	26.651031	26.651031			dcDNA	PC_12_6h	WO
UL9	L	6h	6	PK_15	PK_15_6h	LT934125.1	+	1	PK_15_6h	16.129162	16.129162			dcDNA	PK_15_6h	WO
UL9	L	8h	8	C6	C6_8h	LT934125.1	+	1	C6_8h	96.8523	96.8523			dcDNA	C6_8h	WO
UL9	L	8h	8	PC_12	PC_12_8h	LT934125.1	+	1	PC_12_8h	63.9141	63.9141			dcDNA	PC_12_8h	WO
UL9	L	8h	8	PK_15	PK_15_8h	LT934125.1	+	1	PK_15_8h	17.543937	17.543937			dcDNA	PK_15_8h	WO
UL8	E	0.5h	0.5	PC_12	PC_12_0.5h	LT934125.1	+	1	PC_12_0.5h	0	0			dcDNA	PC_12_0.5h	WO
UL8	E	1.5h	1.5	PC_12	PC_12_1.5h	LT934125.1	+	1	PC_12_1.5h	0	0			dcDNA	PC_12_1.5h	WO
UL8	E	12h	12	C6	C6_12h	LT934125.1	+	1	C6_12h	0	0			dcDNA	C6_12h	WO
UL8	E	12h	12	PC_12	PC_12_12h	LT934125.1	+	1	PC_12_12h	0	0			dcDNA	PC_12_12h	WO
UL8	E	12h	12	PK_15	PK_15_12h	LT934125.1	+	1	PK_15_12h	0	0			dcDNA	PK_15_12h	WO
UL8	E	1h	1	C6	C6_1h	LT934125.1	+	1	C6_1h	0	0			dcDNA	C6_1h	WO
UL8	E	1h	1	NRK	NRK_1h	LT934125.1	+	1	NRK_1h	0	0			dcDNA	NRK_1h	WO
UL8	E	1h	1	PC_12	PC_12_1h	LT934125.1	+	1	PC_12_1h	0	0			dcDNA	PC_12_1h	WO
UL8	E	1h	1	PK_15	PK_15_1h	LT934125.1	+	1	PK_15_1h	0	0			dcDNA	PK_15_1h	WO
UL8	E	2.5h	2.5	PC_12	PC_12_2.5h	LT934125.1	+	1	PC_12_2.5h	0	0			dcDNA	PC_12_2.5h	WO
UL8	E	2h	2	C6	C6_2h	LT934125.1	+	1	C6_2h	0	0			dcDNA	C6_2h	WO
UL8	E	2h	2	NRK	NRK_2h	LT934125.1	+	1	NRK_2h	0	0			dcDNA	NRK_2h	WO
UL8	E	2h	2	PC_12	PC_12_2h	LT934125.1	+	1	PC_12_2h	0	0			dcDNA	PC_12_2h	WO
UL8	E	2h	2	PK_15	PK_15_2h	LT934125.1	+	1	PK_15_2h	0	0			dcDNA	PK_15_2h	WO
UL8	E	4h	4	C6	C6_4h	LT934125.1	+	1	C6_4h	0	0			dcDNA	C6_4h	WO
UL8	E	4h	4	PC_12	PC_12_4h	LT934125.1	+	1	PC_12_4h	0	0			dcDNA	PC_12_4h	WO
UL8	E	4h	4	PK_15	PK_15_4h	LT934125.1	+	1	PK_15_4h	0	0			dcDNA	PK_15_4h	WO
UL8	E	6h	6	C6	C6_6h	LT934125.1	+	1	C6_6h	0	0			dcDNA	C6_6h	WO
UL8	E	6h	6	PC_12	PC_12_6h	LT934125.1	+	1	PC_12_6h	0	0			dcDNA	PC_12_6h	WO
UL8	E	6h	6	PK_15	PK_15_6h	LT934125.1	+	1	PK_15_6h	0	0			dcDNA	PK_15_6h	WO
UL8	E	8h	8	C6	C6_8h	LT934125.1	+	1	C6_8h	0	0			dcDNA	C6_8h	WO
UL8	E	8h	8	PC_12	PC_12_8h	LT934125.1	+	1	PC_12_8h	31.95705	31.95705			dcDNA	PC_12_8h	WO
UL8	E	8h	8	PK_15	PK_15_8h	LT934125.1	+	1	PK_15_8h	0	0			dcDNA	PK_15_8h	WO
UL7	E	0.5h	0.5	PC_12	PC_12_0.5h	LT934125.1	-	1	PC_12_0.5h	0	0			dcDNA	PC_12_0.5h	WO
UL7	E	1.5h	1.5	PC_12	PC_12_1.5h	LT934125.1	-	1	PC_12_1.5h	0	0			dcDNA	PC_12_1.5h	WO
UL7	E	12h	12	C6	C6_12h	LT934125.1	-	1	C6_12h	2335.844016	2335.844016			dcDNA	C6_12h	WO
UL7	E	12h	12	PC_12	PC_12_12h	LT934125.1	-	1	PC_12_12h	1726.879944	1726.879944			dcDNA	PC_12_12h	WO
UL7	E	12h	12	PK_15	PK_15_12h	LT934125.1	-	1	PK_15_12h	958.810068	958.810068			dcDNA	PK_15_12h	WO
UL7	E	1h	1	C6	C6_1h	LT934125.1	-	1	C6_1h	4622.496148	4622.496148			dcDNA	C6_1h	WO
UL7	E	1h	1	NRK	NRK_1h	LT934125.1	-	1	NRK_1h	0	0			dcDNA	NRK_1h	WO
UL7	E	1h	1	PC_12	PC_12_1h	LT934125.1	-	1	PC_12_1h	0	0			dcDNA	PC_12_1h	WO
UL7	E	1h	1	PK_15	PK_15_1h	LT934125.1	-	1	PK_15_1h	0	0			dcDNA	PK_15_1h	WO
UL7	E	2.5h	2.5	PC_12	PC_12_2.5h	LT934125.1	-	1	PC_12_2.5h	2220.57735	2220.57735			dcDNA	PC_12_2.5h	WO
UL7	E	2h	2	C6	C6_2h	LT934125.1	-	1	C6_2h	2478.314746	2478.314746			dcDNA	C6_2h	WO
UL7	E	2h	2	NRK	NRK_2h	LT934125.1	-	1	NRK_2h	3236.245955	3236.245955			dcDNA	NRK_2h	WO
UL7	E	2h	2	PC_12	PC_12_2h	LT934125.1	-	1	PC_12_2h	2668.445631	2668.445631			dcDNA	PC_12_2h	WO
UL7	E	2h	2	PK_15	PK_15_2h	LT934125.1	-	1	PK_15_2h	724.112962	724.112962			dcDNA	PK_15_2h	WO
UL7	E	4h	4	C6	C6_4h	LT934125.1	-	1	C6_4h	4203.888597	4203.888597			dcDNA	C6_4h	WO
UL7	E	4h	4	PC_12	PC_12_4h	LT934125.1	-	1	PC_12_4h	3312.587834	3312.587834			dcDNA	PC_12_4h	WO
UL7	E	4h	4	PK_15	PK_15_4h	LT934125.1	-	1	PK_15_4h	2476.252335	2476.252335			dcDNA	PK_15_4h	WO
UL7	E	6h	6	C6	C6_6h	LT934125.1	-	1	C6_6h	2501.078051	2501.078051			dcDNA	C6_6h	WO
UL7	E	6h	6	PC_12	PC_12_6h	LT934125.1	-	1	PC_12_6h	2345.290763	2345.290763			dcDNA	PC_12_6h	WO
UL7	E	6h	6	PK_15	PK_15_6h	LT934125.1	-	1	PK_15_6h	991.943483	991.943483			dcDNA	PK_15_6h	WO
UL7	E	8h	8	C6	C6_8h	LT934125.1	-	1	C6_8h	2195.318805	2195.318805			dcDNA	C6_8h	WO
UL7	E	8h	8	PC_12	PC_12_8h	LT934125.1	-	1	PC_12_8h	1981.337084	1981.337084			dcDNA	PC_12_8h	WO
UL7	E	8h	8	PK_15	PK_15_8h	LT934125.1	-	1	PK_15_8h	1504.392561	1504.392561			dcDNA	PK_15_8h	WO
UL6	L	0.5h	0.5	PC_12	PC_12_0.5h	LT934125.1	-	1	PC_12_0.5h	0	0			dcDNA	PC_12_0.5h	WO
UL6	L	1.5h	1.5	PC_12	PC_12_1.5h	LT934125.1	-	1	PC_12_1.5h	0	0			dcDNA	PC_12_1.5h	WO
UL6	L	12h	12	C6	C6_12h	LT934125.1	-	1	C6_12h	867.199574	867.199574			dcDNA	C6_12h	WO
UL6	L	12h	12	PC_12	PC_12_12h	LT934125.1	-	1	PC_12_12h	177.465923	177.465923			dcDNA	PC_12_12h	WO
UL6	L	12h	12	PK_15	PK_15_12h	LT934125.1	-	1	PK_15_12h	189.93135	189.93135			dcDNA	PK_15_12h	WO
UL6	L	1h	1	C6	C6_1h	LT934125.1	-	1	C6_1h	0	0			dcDNA	C6_1h	WO
UL6	L	1h	1	NRK	NRK_1h	LT934125.1	-	1	NRK_1h	0	0			dcDNA	NRK_1h	WO
UL6	L	1h	1	PC_12	PC_12_1h	LT934125.1	-	1	PC_12_1h	2227.171492	2227.171492			dcDNA	PC_12_1h	WO
UL6	L	1h	1	PK_15	PK_15_1h	LT934125.1	-	1	PK_15_1h	0	0			dcDNA	PK_15_1h	WO
UL6	L	2.5h	2.5	PC_12	PC_12_2.5h	LT934125.1	-	1	PC_12_2.5h	0	0			dcDNA	PC_12_2.5h	WO
UL6	L	2h	2	C6	C6_2h	LT934125.1	-	1	C6_2h	0	0			dcDNA	C6_2h	WO
UL6	L	2h	2	NRK	NRK_2h	LT934125.1	-	1	NRK_2h	0	0			dcDNA	NRK_2h	WO
UL6	L	2h	2	PC_12	PC_12_2h	LT934125.1	-	1	PC_12_2h	667.111408	667.111408			dcDNA	PC_12_2h	WO
UL6	L	2h	2	PK_15	PK_15_2h	LT934125.1	-	1	PK_15_2h	0	0			dcDNA	PK_15_2h	WO
UL6	L	4h	4	C6	C6_4h	LT934125.1	-	1	C6_4h	525.486075	525.486075			dcDNA	C6_4h	WO
UL6	L	4h	4	PC_12	PC_12_4h	LT934125.1	-	1	PC_12_4h	0	0			dcDNA	PC_12_4h	WO
UL6	L	4h	4	PK_15	PK_15_4h	LT934125.1	-	1	PK_15_4h	243.565804	243.565804			dcDNA	PK_15_4h	WO
UL6	L	6h	6	C6	C6_6h	LT934125.1	-	1	C6_6h	344.976283	344.976283			dcDNA	C6_6h	WO
UL6	L	6h	6	PC_12	PC_12_6h	LT934125.1	-	1	PC_12_6h	293.161345	293.161345			dcDNA	PC_12_6h	WO
UL6	L	6h	6	PK_15	PK_15_6h	LT934125.1	-	1	PK_15_6h	209.67911	209.67911			dcDNA	PK_15_6h	WO
UL6	L	8h	8	C6	C6_8h	LT934125.1	-	1	C6_8h	677.966102	677.966102			dcDNA	C6_8h	WO
UL6	L	8h	8	PC_12	PC_12_8h	LT934125.1	-	1	PC_12_8h	287.613447	287.613447			dcDNA	PC_12_8h	WO
UL6	L	8h	8	PK_15	PK_15_8h	LT934125.1	-	1	PK_15_8h	377.194637	377.194637			dcDNA	PK_15_8h	WO
UL5	E	0.5h	0.5	PC_12	PC_12_0.5h	LT934125.1	+	1	PC_12_0.5h	0	0			dcDNA	PC_12_0.5h	WO
UL5	E	1.5h	1.5	PC_12	PC_12_1.5h	LT934125.1	+	1	PC_12_1.5h	0	0			dcDNA	PC_12_1.5h	WO
UL5	E	12h	12	C6	C6_12h	LT934125.1	+	1	C6_12h	48.954815	48.954815			dcDNA	C6_12h	WO
UL5	E	12h	12	PC_12	PC_12_12h	LT934125.1	+	1	PC_12_12h	34.128062	34.128062			dcDNA	PC_12_12h	WO
UL5	E	12h	12	PK_15	PK_15_12h	LT934125.1	+	1	PK_15_12h	32.036614	32.036614			dcDNA	PK_15_12h	WO
UL5	E	1h	1	C6	C6_1h	LT934125.1	+	1	C6_1h	3081.664099	3081.664099			dcDNA	C6_1h	WO
UL5	E	1h	1	NRK	NRK_1h	LT934125.1	+	1	NRK_1h	0	0			dcDNA	NRK_1h	WO
UL5	E	1h	1	PC_12	PC_12_1h	LT934125.1	+	1	PC_12_1h	0	0			dcDNA	PC_12_1h	WO
UL5	E	1h	1	PK_15	PK_15_1h	LT934125.1	+	1	PK_15_1h	2923.976608	2923.976608			dcDNA	PK_15_1h	WO
UL5	E	2.5h	2.5	PC_12	PC_12_2.5h	LT934125.1	+	1	PC_12_2.5h	740.19245	740.19245			dcDNA	PC_12_2.5h	WO
UL5	E	2h	2	C6	C6_2h	LT934125.1	+	1	C6_2h	0	0			dcDNA	C6_2h	WO
UL5	E	2h	2	NRK	NRK_2h	LT934125.1	+	1	NRK_2h	0	0			dcDNA	NRK_2h	WO
UL5	E	2h	2	PC_12	PC_12_2h	LT934125.1	+	1	PC_12_2h	667.111408	667.111408			dcDNA	PC_12_2h	WO
UL5	E	2h	2	PK_15	PK_15_2h	LT934125.1	+	1	PK_15_2h	0	0			dcDNA	PK_15_2h	WO
UL5	E	4h	4	C6	C6_4h	LT934125.1	+	1	C6_4h	525.486075	525.486075			dcDNA	C6_4h	WO
UL5	E	4h	4	PC_12	PC_12_4h	LT934125.1	+	1	PC_12_4h	100.38145	100.38145			dcDNA	PC_12_4h	WO
UL5	E	4h	4	PK_15	PK_15_4h	LT934125.1	+	1	PK_15_4h	40.594301	40.594301			dcDNA	PK_15_4h	WO
UL5	E	6h	6	C6	C6_6h	LT934125.1	+	1	C6_6h	431.220353	431.220353			dcDNA	C6_6h	WO
UL5	E	6h	6	PC_12	PC_12_6h	LT934125.1	+	1	PC_12_6h	159.906188	159.906188			dcDNA	PC_12_6h	WO
UL5	E	6h	6	PK_15	PK_15_6h	LT934125.1	+	1	PK_15_6h	64.516649	64.516649			dcDNA	PK_15_6h	WO
UL5	E	8h	8	C6	C6_8h	LT934125.1	+	1	C6_8h	0	0			dcDNA	C6_8h	WO
UL5	E	8h	8	PC_12	PC_12_8h	LT934125.1	+	1	PC_12_8h	95.871149	95.871149			dcDNA	PC_12_8h	WO
UL5	E	8h	8	PK_15	PK_15_8h	LT934125.1	+	1	PK_15_8h	135.965508	135.965508			dcDNA	PK_15_8h	WO
UL4	L	0.5h	0.5	PC_12	PC_12_0.5h	LT934125.1	+	1	PC_12_0.5h	0	0			dcDNA	PC_12_0.5h	WO
UL4	L	1.5h	1.5	PC_12	PC_12_1.5h	LT934125.1	+	1	PC_12_1.5h	0	0			dcDNA	PC_12_1.5h	WO
UL4	L	12h	12	C6	C6_12h	LT934125.1	+	1	C6_12h	1888.257139	1888.257139			dcDNA	C6_12h	WO
UL4	L	12h	12	PC_12	PC_12_12h	LT934125.1	+	1	PC_12_12h	1303.691975	1303.691975			dcDNA	PC_12_12h	WO
UL4	L	12h	12	PK_15	PK_15_12h	LT934125.1	+	1	PK_15_12h	1045.76659	1045.76659			dcDNA	PK_15_12h	WO
UL4	L	1h	1	C6	C6_1h	LT934125.1	+	1	C6_1h	0	0			dcDNA	C6_1h	WO
UL4	L	1h	1	NRK	NRK_1h	LT934125.1	+	1	NRK_1h	0	0			dcDNA	NRK_1h	WO
UL4	L	1h	1	PC_12	PC_12_1h	LT934125.1	+	1	PC_12_1h	0	0			dcDNA	PC_12_1h	WO
UL4	L	1h	1	PK_15	PK_15_1h	LT934125.1	+	1	PK_15_1h	0	0			dcDNA	PK_15_1h	WO
UL4	L	2.5h	2.5	PC_12	PC_12_2.5h	LT934125.1	+	1	PC_12_2.5h	3700.96225	3700.96225			dcDNA	PC_12_2.5h	WO
UL4	L	2h	2	C6	C6_2h	LT934125.1	+	1	C6_2h	6195.786865	6195.786865			dcDNA	C6_2h	WO
UL4	L	2h	2	NRK	NRK_2h	LT934125.1	+	1	NRK_2h	3236.245955	3236.245955			dcDNA	NRK_2h	WO
UL4	L	2h	2	PC_12	PC_12_2h	LT934125.1	+	1	PC_12_2h	667.111408	667.111408			dcDNA	PC_12_2h	WO
UL4	L	2h	2	PK_15	PK_15_2h	LT934125.1	+	1	PK_15_2h	724.112962	724.112962			dcDNA	PK_15_2h	WO
UL4	L	4h	4	C6	C6_4h	LT934125.1	+	1	C6_4h	0	0			dcDNA	C6_4h	WO
UL4	L	4h	4	PC_12	PC_12_4h	LT934125.1	+	1	PC_12_4h	0	0			dcDNA	PC_12_4h	WO
UL4	L	4h	4	PK_15	PK_15_4h	LT934125.1	+	1	PK_15_4h	2070.309329	2070.309329			dcDNA	PK_15_4h	WO
UL4	L	6h	6	C6	C6_6h	LT934125.1	+	1	C6_6h	1811.125485	1811.125485			dcDNA	C6_6h	WO
UL4	L	6h	6	PC_12	PC_12_6h	LT934125.1	+	1	PC_12_6h	1545.759821	1545.759821			dcDNA	PC_12_6h	WO
UL4	L	6h	6	PK_15	PK_15_6h	LT934125.1	+	1	PK_15_6h	1411.301704	1411.301704			dcDNA	PK_15_6h	WO
UL4	L	8h	8	C6	C6_8h	LT934125.1	+	1	C6_8h	2615.012106	2615.012106			dcDNA	C6_8h	WO
UL4	L	8h	8	PC_12	PC_12_8h	LT934125.1	+	1	PC_12_8h	1597.852486	1597.852486			dcDNA	PC_12_8h	WO
UL4	L	8h	8	PK_15	PK_15_8h	LT934125.1	+	1	PK_15_8h	1144.741863	1144.741863			dcDNA	PK_15_8h	WO
UL3.5	L	0.5h	0.5	PC_12	PC_12_0.5h	LT934125.1	-	1	PC_12_0.5h	0	0			dcDNA	PC_12_0.5h	WO
UL3.5	L	1.5h	1.5	PC_12	PC_12_1.5h	LT934125.1	-	1	PC_12_1.5h	0	0			dcDNA	PC_12_1.5h	WO
UL3.5	L	12h	12	C6	C6_12h	LT934125.1	-	1	C6_12h	111.896719	111.896719			dcDNA	C6_12h	WO
UL3.5	L	12h	12	PC_12	PC_12_12h	LT934125.1	-	1	PC_12_12h	54.604899	54.604899			dcDNA	PC_12_12h	WO
UL3.5	L	12h	12	PK_15	PK_15_12h	LT934125.1	-	1	PK_15_12h	0	0			dcDNA	PK_15_12h	WO
UL3.5	L	1h	1	C6	C6_1h	LT934125.1	-	1	C6_1h	0	0			dcDNA	C6_1h	WO
UL3.5	L	1h	1	NRK	NRK_1h	LT934125.1	-	1	NRK_1h	0	0			dcDNA	NRK_1h	WO
UL3.5	L	1h	1	PC_12	PC_12_1h	LT934125.1	-	1	PC_12_1h	0	0			dcDNA	PC_12_1h	WO
UL3.5	L	1h	1	PK_15	PK_15_1h	LT934125.1	-	1	PK_15_1h	0	0			dcDNA	PK_15_1h	WO
UL3.5	L	2.5h	2.5	PC_12	PC_12_2.5h	LT934125.1	-	1	PC_12_2.5h	740.19245	740.19245			dcDNA	PC_12_2.5h	WO
UL3.5	L	2h	2	C6	C6_2h	LT934125.1	-	1	C6_2h	0	0			dcDNA	C6_2h	WO
UL3.5	L	2h	2	NRK	NRK_2h	LT934125.1	-	1	NRK_2h	0	0			dcDNA	NRK_2h	WO
UL3.5	L	2h	2	PC_12	PC_12_2h	LT934125.1	-	1	PC_12_2h	0	0			dcDNA	PC_12_2h	WO
UL3.5	L	2h	2	PK_15	PK_15_2h	LT934125.1	-	1	PK_15_2h	0	0			dcDNA	PK_15_2h	WO
UL3.5	L	4h	4	C6	C6_4h	LT934125.1	-	1	C6_4h	0	0			dcDNA	C6_4h	WO
UL3.5	L	4h	4	PC_12	PC_12_4h	LT934125.1	-	1	PC_12_4h	0	0			dcDNA	PC_12_4h	WO
UL3.5	L	4h	4	PK_15	PK_15_4h	LT934125.1	-	1	PK_15_4h	243.565805	243.565805			dcDNA	PK_15_4h	WO
UL3.5	L	6h	6	C6	C6_6h	LT934125.1	-	1	C6_6h	172.488141	172.488141			dcDNA	C6_6h	WO
UL3.5	L	6h	6	PC_12	PC_12_6h	LT934125.1	-	1	PC_12_6h	0	0			dcDNA	PC_12_6h	WO
UL3.5	L	6h	6	PK_15	PK_15_6h	LT934125.1	-	1	PK_15_6h	72.58123	72.58123			dcDNA	PK_15_6h	WO
UL3.5	L	8h	8	C6	C6_8h	LT934125.1	-	1	C6_8h	161.4205	161.4205			dcDNA	C6_8h	WO
UL3.5	L	8h	8	PC_12	PC_12_8h	LT934125.1	-	1	PC_12_8h	63.914099	63.914099			dcDNA	PC_12_8h	WO
UL3.5	L	8h	8	PK_15	PK_15_8h	LT934125.1	-	1	PK_15_8h	52.63181	52.63181			dcDNA	PK_15_8h	WO
UL3	L	0.5h	0.5	PC_12	PC_12_0.5h	LT934125.1	-	1	PC_12_0.5h	0	0			dcDNA	PC_12_0.5h	WO
UL3	L	1.5h	1.5	PC_12	PC_12_1.5h	LT934125.1	-	1	PC_12_1.5h	0	0			dcDNA	PC_12_1.5h	WO
UL3	L	12h	12	C6	C6_12h	LT934125.1	-	1	C6_12h	0	0			dcDNA	C6_12h	WO
UL3	L	12h	12	PC_12	PC_12_12h	LT934125.1	-	1	PC_12_12h	27.30245	27.30245			dcDNA	PC_12_12h	WO
UL3	L	12h	12	PK_15	PK_15_12h	LT934125.1	-	1	PK_15_12h	20.594966	20.594966			dcDNA	PK_15_12h	WO
UL3	L	1h	1	C6	C6_1h	LT934125.1	-	1	C6_1h	0	0			dcDNA	C6_1h	WO
UL3	L	1h	1	NRK	NRK_1h	LT934125.1	-	1	NRK_1h	0	0			dcDNA	NRK_1h	WO
UL3	L	1h	1	PC_12	PC_12_1h	LT934125.1	-	1	PC_12_1h	0	0			dcDNA	PC_12_1h	WO
UL3	L	1h	1	PK_15	PK_15_1h	LT934125.1	-	1	PK_15_1h	0	0			dcDNA	PK_15_1h	WO
UL3	L	2.5h	2.5	PC_12	PC_12_2.5h	LT934125.1	-	1	PC_12_2.5h	0	0			dcDNA	PC_12_2.5h	WO
UL3	L	2h	2	C6	C6_2h	LT934125.1	-	1	C6_2h	0	0			dcDNA	C6_2h	WO
UL3	L	2h	2	NRK	NRK_2h	LT934125.1	-	1	NRK_2h	0	0			dcDNA	NRK_2h	WO
UL3	L	2h	2	PC_12	PC_12_2h	LT934125.1	-	1	PC_12_2h	0	0			dcDNA	PC_12_2h	WO
UL3	L	2h	2	PK_15	PK_15_2h	LT934125.1	-	1	PK_15_2h	0	0			dcDNA	PK_15_2h	WO
UL3	L	4h	4	C6	C6_4h	LT934125.1	-	1	C6_4h	0	0			dcDNA	C6_4h	WO
UL3	L	4h	4	PC_12	PC_12_4h	LT934125.1	-	1	PC_12_4h	0	0			dcDNA	PC_12_4h	WO
UL3	L	4h	4	PK_15	PK_15_4h	LT934125.1	-	1	PK_15_4h	81.188602	81.188602			dcDNA	PK_15_4h	WO
UL3	L	6h	6	C6	C6_6h	LT934125.1	-	1	C6_6h	0	0			dcDNA	C6_6h	WO
UL3	L	6h	6	PC_12	PC_12_6h	LT934125.1	-	1	PC_12_6h	26.651031	26.651031			dcDNA	PC_12_6h	WO
UL3	L	6h	6	PK_15	PK_15_6h	LT934125.1	-	1	PK_15_6h	0	0			dcDNA	PK_15_6h	WO
UL3	L	8h	8	C6	C6_8h	LT934125.1	-	1	C6_8h	0	0			dcDNA	C6_8h	WO
UL3	L	8h	8	PC_12	PC_12_8h	LT934125.1	-	1	PC_12_8h	0	0			dcDNA	PC_12_8h	WO
UL3	L	8h	8	PK_15	PK_15_8h	LT934125.1	-	1	PK_15_8h	0	0			dcDNA	PK_15_8h	WO
UL2	E	0.5h	0.5	PC_12	PC_12_0.5h	LT934125.1	-	1	PC_12_0.5h	0	0			dcDNA	PC_12_0.5h	WO
UL2	E	1.5h	1.5	PC_12	PC_12_1.5h	LT934125.1	-	1	PC_12_1.5h	0	0			dcDNA	PC_12_1.5h	WO
UL2	E	12h	12	C6	C6_12h	LT934125.1	-	1	C6_12h	2181.986028	2181.986028			dcDNA	C6_12h	WO
UL2	E	12h	12	PC_12	PC_12_12h	LT934125.1	-	1	PC_12_12h	273.024497	273.024497			dcDNA	PC_12_12h	WO
UL2	E	12h	12	PK_15	PK_15_12h	LT934125.1	-	1	PK_15_12h	77.803203	77.803203			dcDNA	PK_15_12h	WO
UL2	E	1h	1	C6	C6_1h	LT934125.1	-	1	C6_1h	4622.496148	4622.496148			dcDNA	C6_1h	WO
UL2	E	1h	1	NRK	NRK_1h	LT934125.1	-	1	NRK_1h	0	0			dcDNA	NRK_1h	WO
UL2	E	1h	1	PC_12	PC_12_1h	LT934125.1	-	1	PC_12_1h	2227.171492	2227.171492			dcDNA	PC_12_1h	WO
UL2	E	1h	1	PK_15	PK_15_1h	LT934125.1	-	1	PK_15_1h	0	0			dcDNA	PK_15_1h	WO
UL2	E	2.5h	2.5	PC_12	PC_12_2.5h	LT934125.1	-	1	PC_12_2.5h	1480.3849	1480.3849			dcDNA	PC_12_2.5h	WO
UL2	E	2h	2	C6	C6_2h	LT934125.1	-	1	C6_2h	0	0			dcDNA	C6_2h	WO
UL2	E	2h	2	NRK	NRK_2h	LT934125.1	-	1	NRK_2h	0	0			dcDNA	NRK_2h	WO
UL2	E	2h	2	PC_12	PC_12_2h	LT934125.1	-	1	PC_12_2h	1334.222815	1334.222815			dcDNA	PC_12_2h	WO
UL2	E	2h	2	PK_15	PK_15_2h	LT934125.1	-	1	PK_15_2h	724.112962	724.112962			dcDNA	PK_15_2h	WO
UL2	E	4h	4	C6	C6_4h	LT934125.1	-	1	C6_4h	2627.430373	2627.430373			dcDNA	C6_4h	WO
UL2	E	4h	4	PC_12	PC_12_4h	LT934125.1	-	1	PC_12_4h	602.288698	602.288698			dcDNA	PC_12_4h	WO
UL2	E	4h	4	PK_15	PK_15_4h	LT934125.1	-	1	PK_15_4h	974.263214	974.263214			dcDNA	PK_15_4h	WO
UL2	E	6h	6	C6	C6_6h	LT934125.1	-	1	C6_6h	2069.857698	2069.857698			dcDNA	C6_6h	WO
UL2	E	6h	6	PC_12	PC_12_6h	LT934125.1	-	1	PC_12_6h	772.879911	772.879911			dcDNA	PC_12_6h	WO
UL2	E	6h	6	PK_15	PK_15_6h	LT934125.1	-	1	PK_15_6h	548.391519	548.391519			dcDNA	PK_15_6h	WO
UL2	E	8h	8	C6	C6_8h	LT934125.1	-	1	C6_8h	2227.602905	2227.602905			dcDNA	C6_8h	WO
UL2	E	8h	8	PC_12	PC_12_8h	LT934125.1	-	1	PC_12_8h	575.226896	575.226896			dcDNA	PC_12_8h	WO
UL2	E	8h	8	PK_15	PK_15_8h	LT934125.1	-	1	PK_15_8h	535.090066	535.090066			dcDNA	PK_15_8h	WO
UL1	L	0.5h	0.5	PC_12	PC_12_0.5h	LT934125.1	-	1	PC_12_0.5h	0	0			dcDNA	PC_12_0.5h	WO
UL1	L	1.5h	1.5	PC_12	PC_12_1.5h	LT934125.1	-	1	PC_12_1.5h	0	0			dcDNA	PC_12_1.5h	WO
UL1	L	12h	12	C6	C6_12h	LT934125.1	-	1	C6_12h	2727.482534	2727.482534			dcDNA	C6_12h	WO
UL1	L	12h	12	PC_12	PC_12_12h	LT934125.1	-	1	PC_12_12h	2962.315795	2962.315795			dcDNA	PC_12_12h	WO
UL1	L	12h	12	PK_15	PK_15_12h	LT934125.1	-	1	PK_15_12h	1375.286042	1375.286042			dcDNA	PK_15_12h	WO
UL1	L	1h	1	C6	C6_1h	LT934125.1	-	1	C6_1h	0	0			dcDNA	C6_1h	WO
UL1	L	1h	1	NRK	NRK_1h	LT934125.1	-	1	NRK_1h	0	0			dcDNA	NRK_1h	WO
UL1	L	1h	1	PC_12	PC_12_1h	LT934125.1	-	1	PC_12_1h	2227.171492	2227.171492			dcDNA	PC_12_1h	WO
UL1	L	1h	1	PK_15	PK_15_1h	LT934125.1	-	1	PK_15_1h	2923.976608	2923.976608			dcDNA	PK_15_1h	WO
UL1	L	2.5h	2.5	PC_12	PC_12_2.5h	LT934125.1	-	1	PC_12_2.5h	2960.7698	2960.7698			dcDNA	PC_12_2.5h	WO
UL1	L	2h	2	C6	C6_2h	LT934125.1	-	1	C6_2h	3717.472119	3717.472119			dcDNA	C6_2h	WO
UL1	L	2h	2	NRK	NRK_2h	LT934125.1	-	1	NRK_2h	3236.245955	3236.245955			dcDNA	NRK_2h	WO
UL1	L	2h	2	PC_12	PC_12_2h	LT934125.1	-	1	PC_12_2h	3335.557038	3335.557038			dcDNA	PC_12_2h	WO
UL1	L	2h	2	PK_15	PK_15_2h	LT934125.1	-	1	PK_15_2h	1448.225923	1448.225923			dcDNA	PK_15_2h	WO
UL1	L	4h	4	C6	C6_4h	LT934125.1	-	1	C6_4h	2627.430374	2627.430374			dcDNA	C6_4h	WO
UL1	L	4h	4	PC_12	PC_12_4h	LT934125.1	-	1	PC_12_4h	4015.25798	4015.25798			dcDNA	PC_12_4h	WO
UL1	L	4h	4	PK_15	PK_15_4h	LT934125.1	-	1	PK_15_4h	2313.875133	2313.875133			dcDNA	PK_15_4h	WO
UL1	L	6h	6	C6	C6_6h	LT934125.1	-	1	C6_6h	2759.810263	2759.810263			dcDNA	C6_6h	WO
UL1	L	6h	6	PC_12	PC_12_6h	LT934125.1	-	1	PC_12_6h	4717.232556	4717.232556			dcDNA	PC_12_6h	WO
UL1	L	6h	6	PK_15	PK_15_6h	LT934125.1	-	1	PK_15_6h	2233.888982	2233.888982			dcDNA	PK_15_6h	WO
UL1	L	8h	8	C6	C6_8h	LT934125.1	-	1	C6_8h	2292.171105	2292.171105			dcDNA	C6_8h	WO
UL1	L	8h	8	PC_12	PC_12_8h	LT934125.1	-	1	PC_12_8h	2812.220376	2812.220376			dcDNA	PC_12_8h	WO
UL1	L	8h	8	PK_15	PK_15_8h	LT934125.1	-	1	PK_15_8h	2991.24119	2991.24119			dcDNA	PK_15_8h	WO
EP0	E	0.5h	0.5	PC_12	PC_12_0.5h	LT934125.1	-	1	PC_12_0.5h	0	0			dcDNA	PC_12_0.5h	WO
EP0	E	1.5h	1.5	PC_12	PC_12_1.5h	LT934125.1	-	1	PC_12_1.5h	0	0			dcDNA	PC_12_1.5h	WO
EP0	E	12h	12	C6	C6_12h	LT934125.1	-	1	C6_12h	2902.321159	2902.321159			dcDNA	C6_12h	WO
EP0	E	12h	12	PC_12	PC_12_12h	LT934125.1	-	1	PC_12_12h	996.539416	996.539416			dcDNA	PC_12_12h	WO
EP0	E	12h	12	PK_15	PK_15_12h	LT934125.1	-	1	PK_15_12h	574.37071	574.37071			dcDNA	PK_15_12h	WO
EP0	E	1h	1	C6	C6_1h	LT934125.1	-	1	C6_1h	0	0			dcDNA	C6_1h	WO
EP0	E	1h	1	NRK	NRK_1h	LT934125.1	-	1	NRK_1h	0	0			dcDNA	NRK_1h	WO
EP0	E	1h	1	PC_12	PC_12_1h	LT934125.1	-	1	PC_12_1h	0	0			dcDNA	PC_12_1h	WO
EP0	E	1h	1	PK_15	PK_15_1h	LT934125.1	-	1	PK_15_1h	17543.859649	17543.859649			dcDNA	PK_15_1h	WO
EP0	E	2.5h	2.5	PC_12	PC_12_2.5h	LT934125.1	-	1	PC_12_2.5h	0	0			dcDNA	PC_12_2.5h	WO
EP0	E	2h	2	C6	C6_2h	LT934125.1	-	1	C6_2h	16109.045849	16109.045849			dcDNA	C6_2h	WO
EP0	E	2h	2	NRK	NRK_2h	LT934125.1	-	1	NRK_2h	0	0			dcDNA	NRK_2h	WO
EP0	E	2h	2	PC_12	PC_12_2h	LT934125.1	-	1	PC_12_2h	17344.896599	17344.896599			dcDNA	PC_12_2h	WO
EP0	E	2h	2	PK_15	PK_15_2h	LT934125.1	-	1	PK_15_2h	0	0			dcDNA	PK_15_2h	WO
EP0	E	4h	4	C6	C6_4h	LT934125.1	-	1	C6_4h	0	0			dcDNA	C6_4h	WO
EP0	E	4h	4	PC_12	PC_12_4h	LT934125.1	-	1	PC_12_4h	3212.206384	3212.206384			dcDNA	PC_12_4h	WO
EP0	E	4h	4	PK_15	PK_15_4h	LT934125.1	-	1	PK_15_4h	12300.07307	12300.07307			dcDNA	PK_15_4h	WO
EP0	E	6h	6	C6	C6_6h	LT934125.1	-	1	C6_6h	86.244071	86.244071			dcDNA	C6_6h	WO
EP0	E	6h	6	PC_12	PC_12_6h	LT934125.1	-	1	PC_12_6h	3171.472736	3171.472736			dcDNA	PC_12_6h	WO
EP0	E	6h	6	PK_15	PK_15_6h	LT934125.1	-	1	PK_15_6h	4298.421759	4298.421759			dcDNA	PK_15_6h	WO
EP0	E	8h	8	C6	C6_8h	LT934125.1	-	1	C6_8h	96.8523	96.8523			dcDNA	C6_8h	WO
EP0	E	8h	8	PC_12	PC_12_8h	LT934125.1	-	1	PC_12_8h	2652.435126	2652.435126			dcDNA	PC_12_8h	WO
EP0	E	8h	8	PK_15	PK_15_8h	LT934125.1	-	1	PK_15_8h	3298.260079	3298.260079			dcDNA	PK_15_8h	WO
ELIE	E	0.5h	0.5	PC_12	PC_12_0.5h	LT934125.1	+	1	PC_12_0.5h	0	0			dcDNA	PC_12_0.5h	WO
ELIE	E	1.5h	1.5	PC_12	PC_12_1.5h	LT934125.1	+	1	PC_12_1.5h	0	0			dcDNA	PC_12_1.5h	WO
ELIE	E	12h	12	C6	C6_12h	LT934125.1	+	1	C6_12h	0	0			dcDNA	C6_12h	WO
ELIE	E	12h	12	PC_12	PC_12_12h	LT934125.1	+	1	PC_12_12h	0	0			dcDNA	PC_12_12h	WO
ELIE	E	12h	12	PK_15	PK_15_12h	LT934125.1	+	1	PK_15_12h	0	0			dcDNA	PK_15_12h	WO
ELIE	E	1h	1	C6	C6_1h	LT934125.1	+	1	C6_1h	0	0			dcDNA	C6_1h	WO
ELIE	E	1h	1	NRK	NRK_1h	LT934125.1	+	1	NRK_1h	0	0			dcDNA	NRK_1h	WO
ELIE	E	1h	1	PC_12	PC_12_1h	LT934125.1	+	1	PC_12_1h	0	0			dcDNA	PC_12_1h	WO
ELIE	E	1h	1	PK_15	PK_15_1h	LT934125.1	+	1	PK_15_1h	0	0			dcDNA	PK_15_1h	WO
ELIE	E	2.5h	2.5	PC_12	PC_12_2.5h	LT934125.1	+	1	PC_12_2.5h	0	0			dcDNA	PC_12_2.5h	WO
ELIE	E	2h	2	C6	C6_2h	LT934125.1	+	1	C6_2h	0	0			dcDNA	C6_2h	WO
ELIE	E	2h	2	NRK	NRK_2h	LT934125.1	+	1	NRK_2h	0	0			dcDNA	NRK_2h	WO
ELIE	E	2h	2	PC_12	PC_12_2h	LT934125.1	+	1	PC_12_2h	0	0			dcDNA	PC_12_2h	WO
ELIE	E	2h	2	PK_15	PK_15_2h	LT934125.1	+	1	PK_15_2h	0	0			dcDNA	PK_15_2h	WO
ELIE	E	4h	4	C6	C6_4h	LT934125.1	+	1	C6_4h	0	0			dcDNA	C6_4h	WO
ELIE	E	4h	4	PC_12	PC_12_4h	LT934125.1	+	1	PC_12_4h	0	0			dcDNA	PC_12_4h	WO
ELIE	E	4h	4	PK_15	PK_15_4h	LT934125.1	+	1	PK_15_4h	0	0			dcDNA	PK_15_4h	WO
ELIE	E	6h	6	C6	C6_6h	LT934125.1	+	1	C6_6h	0	0			dcDNA	C6_6h	WO
ELIE	E	6h	6	PC_12	PC_12_6h	LT934125.1	+	1	PC_12_6h	26.651031	26.651031			dcDNA	PC_12_6h	WO
ELIE	E	6h	6	PK_15	PK_15_6h	LT934125.1	+	1	PK_15_6h	0	0			dcDNA	PK_15_6h	WO
ELIE	E	8h	8	C6	C6_8h	LT934125.1	+	1	C6_8h	0	0			dcDNA	C6_8h	WO
ELIE	E	8h	8	PC_12	PC_12_8h	LT934125.1	+	1	PC_12_8h	0	0			dcDNA	PC_12_8h	WO
ELIE	E	8h	8	PK_15	PK_15_8h	LT934125.1	+	1	PK_15_8h	0	0			dcDNA	PK_15_8h	WO
IE180	IE	0.5h	0.5	PC_12	PC_12_0.5h	LT934125.1	-	1	PC_12_0.5h	0	0			dcDNA	PC_12_0.5h	WO
IE180	IE	1.5h	1.5	PC_12	PC_12_1.5h	LT934125.1	-	1	PC_12_1.5h	0	0			dcDNA	PC_12_1.5h	WO
IE180	IE	12h	12	C6	C6_12h	LT934125.1	-	1	C6_12h	1391.715448	1391.715448			dcDNA	C6_12h	WO
IE180	IE	12h	12	PC_12	PC_12_12h	LT934125.1	-	1	PC_12_12h	518.746544	518.746544			dcDNA	PC_12_12h	WO
IE180	IE	12h	12	PK_15	PK_15_12h	LT934125.1	-	1	PK_15_12h	121.281465	121.281465			dcDNA	PK_15_12h	WO
IE180	IE	1h	1	C6	C6_1h	LT934125.1	-	1	C6_1h	0	0			dcDNA	C6_1h	WO
IE180	IE	1h	1	NRK	NRK_1h	LT934125.1	-	1	NRK_1h	0	0			dcDNA	NRK_1h	WO
IE180	IE	1h	1	PC_12	PC_12_1h	LT934125.1	-	1	PC_12_1h	2227.171492	2227.171492			dcDNA	PC_12_1h	WO
IE180	IE	1h	1	PK_15	PK_15_1h	LT934125.1	-	1	PK_15_1h	2923.976608	2923.976608			dcDNA	PK_15_1h	WO
IE180	IE	2.5h	2.5	PC_12	PC_12_2.5h	LT934125.1	-	1	PC_12_2.5h	740.19245	740.19245			dcDNA	PC_12_2.5h	WO
IE180	IE	2h	2	C6	C6_2h	LT934125.1	-	1	C6_2h	1239.157373	1239.157373			dcDNA	C6_2h	WO
IE180	IE	2h	2	NRK	NRK_2h	LT934125.1	-	1	NRK_2h	3236.245955	3236.245955			dcDNA	NRK_2h	WO
IE180	IE	2h	2	PC_12	PC_12_2h	LT934125.1	-	1	PC_12_2h	2001.334224	2001.334224			dcDNA	PC_12_2h	WO
IE180	IE	2h	2	PK_15	PK_15_2h	LT934125.1	-	1	PK_15_2h	0	0			dcDNA	PK_15_2h	WO
IE180	IE	4h	4	C6	C6_4h	LT934125.1	-	1	C6_4h	0	0			dcDNA	C6_4h	WO
IE180	IE	4h	4	PC_12	PC_12_4h	LT934125.1	-	1	PC_12_4h	702.670147	702.670147			dcDNA	PC_12_4h	WO
IE180	IE	4h	4	PK_15	PK_15_4h	LT934125.1	-	1	PK_15_4h	3491.10985	3491.10985			dcDNA	PK_15_4h	WO
IE180	IE	6h	6	C6	C6_6h	LT934125.1	-	1	C6_6h	689.952566	689.952566			dcDNA	C6_6h	WO
IE180	IE	6h	6	PC_12	PC_12_6h	LT934125.1	-	1	PC_12_6h	533.020628	533.020628			dcDNA	PC_12_6h	WO
IE180	IE	6h	6	PK_15	PK_15_6h	LT934125.1	-	1	PK_15_6h	1806.466181	1806.466181			dcDNA	PK_15_6h	WO
IE180	IE	8h	8	C6	C6_8h	LT934125.1	-	1	C6_8h	419.693301	419.693301			dcDNA	C6_8h	WO
IE180	IE	8h	8	PC_12	PC_12_8h	LT934125.1	-	1	PC_12_8h	735.012146	735.012146			dcDNA	PC_12_8h	WO
IE180	IE	8h	8	PK_15	PK_15_8h	LT934125.1	-	1	PK_15_8h	1179.829737	1179.829737			dcDNA	PK_15_8h	WO
NOIR	E	0.5h	0.5	PC_12	PC_12_0.5h	LT934125.1	+	1	PC_12_0.5h	0	0			dcDNA	PC_12_0.5h	WO
NOIR	E	1.5h	1.5	PC_12	PC_12_1.5h	LT934125.1	+	1	PC_12_1.5h	0	0			dcDNA	PC_12_1.5h	WO
NOIR	E	12h	12	C6	C6_12h	LT934125.1	+	1	C6_12h	755.302857	755.302857			dcDNA	C6_12h	WO
NOIR	E	12h	12	PC_12	PC_12_12h	LT934125.1	+	1	PC_12_12h	1208.133401	1208.133401			dcDNA	PC_12_12h	WO
NOIR	E	12h	12	PK_15	PK_15_12h	LT934125.1	+	1	PK_15_12h	1009.153318	1009.153318			dcDNA	PK_15_12h	WO
NOIR	E	1h	1	C6	C6_1h	LT934125.1	+	1	C6_1h	0	0			dcDNA	C6_1h	WO
NOIR	E	1h	1	NRK	NRK_1h	LT934125.1	+	1	NRK_1h	0	0			dcDNA	NRK_1h	WO
NOIR	E	1h	1	PC_12	PC_12_1h	LT934125.1	+	1	PC_12_1h	2227.171492	2227.171492			dcDNA	PC_12_1h	WO
NOIR	E	1h	1	PK_15	PK_15_1h	LT934125.1	+	1	PK_15_1h	0	0			dcDNA	PK_15_1h	WO
NOIR	E	2.5h	2.5	PC_12	PC_12_2.5h	LT934125.1	+	1	PC_12_2.5h	2220.57735	2220.57735			dcDNA	PC_12_2.5h	WO
NOIR	E	2h	2	C6	C6_2h	LT934125.1	+	1	C6_2h	0	0			dcDNA	C6_2h	WO
NOIR	E	2h	2	NRK	NRK_2h	LT934125.1	+	1	NRK_2h	0	0			dcDNA	NRK_2h	WO
NOIR	E	2h	2	PC_12	PC_12_2h	LT934125.1	+	1	PC_12_2h	0	0			dcDNA	PC_12_2h	WO
NOIR	E	2h	2	PK_15	PK_15_2h	LT934125.1	+	1	PK_15_2h	1810.282404	1810.282404			dcDNA	PK_15_2h	WO
NOIR	E	4h	4	C6	C6_4h	LT934125.1	+	1	C6_4h	1050.97215	1050.97215			dcDNA	C6_4h	WO
NOIR	E	4h	4	PC_12	PC_12_4h	LT934125.1	+	1	PC_12_4h	501.907249	501.907249			dcDNA	PC_12_4h	WO
NOIR	E	4h	4	PK_15	PK_15_4h	LT934125.1	+	1	PK_15_4h	2354.469434	2354.469434			dcDNA	PK_15_4h	WO
NOIR	E	6h	6	C6	C6_6h	LT934125.1	+	1	C6_6h	1034.928849	1034.928849			dcDNA	C6_6h	WO
NOIR	E	6h	6	PC_12	PC_12_6h	LT934125.1	+	1	PC_12_6h	799.530941	799.530941			dcDNA	PC_12_6h	WO
NOIR	E	6h	6	PK_15	PK_15_6h	LT934125.1	+	1	PK_15_6h	2467.761836	2467.761836			dcDNA	PK_15_6h	WO
NOIR	E	8h	8	C6	C6_8h	LT934125.1	+	1	C6_8h	1355.932203	1355.932203			dcDNA	C6_8h	WO
NOIR	E	8h	8	PC_12	PC_12_8h	LT934125.1	+	1	PC_12_8h	1661.766587	1661.766587			dcDNA	PC_12_8h	WO
NOIR	E	8h	8	PK_15	PK_15_8h	LT934125.1	+	1	PK_15_8h	2535.098837	2535.098837			dcDNA	PK_15_8h	WO
US1	E	0.5h	0.5	PC_12	PC_12_0.5h	LT934125.1	+	1	PC_12_0.5h	0	0			dcDNA	PC_12_0.5h	WO
US1	E	1.5h	1.5	PC_12	PC_12_1.5h	LT934125.1	+	1	PC_12_1.5h	0	0			dcDNA	PC_12_1.5h	WO
US1	E	12h	12	C6	C6_12h	LT934125.1	+	1	C6_12h	27.97418	27.97418			dcDNA	C6_12h	WO
US1	E	12h	12	PC_12	PC_12_12h	LT934125.1	+	1	PC_12_12h	20.476837	20.476837			dcDNA	PC_12_12h	WO
US1	E	12h	12	PK_15	PK_15_12h	LT934125.1	+	1	PK_15_12h	11.441648	11.441648			dcDNA	PK_15_12h	WO
US1	E	1h	1	C6	C6_1h	LT934125.1	+	1	C6_1h	0	0			dcDNA	C6_1h	WO
US1	E	1h	1	NRK	NRK_1h	LT934125.1	+	1	NRK_1h	0	0			dcDNA	NRK_1h	WO
US1	E	1h	1	PC_12	PC_12_1h	LT934125.1	+	1	PC_12_1h	2227.171492	2227.171492			dcDNA	PC_12_1h	WO
US1	E	1h	1	PK_15	PK_15_1h	LT934125.1	+	1	PK_15_1h	0	0			dcDNA	PK_15_1h	WO
US1	E	2.5h	2.5	PC_12	PC_12_2.5h	LT934125.1	+	1	PC_12_2.5h	0	0			dcDNA	PC_12_2.5h	WO
US1	E	2h	2	C6	C6_2h	LT934125.1	+	1	C6_2h	0	0			dcDNA	C6_2h	WO
US1	E	2h	2	NRK	NRK_2h	LT934125.1	+	1	NRK_2h	3236.245955	3236.245955			dcDNA	NRK_2h	WO
US1	E	2h	2	PC_12	PC_12_2h	LT934125.1	+	1	PC_12_2h	0	0			dcDNA	PC_12_2h	WO
US1	E	2h	2	PK_15	PK_15_2h	LT934125.1	+	1	PK_15_2h	362.056481	362.056481			dcDNA	PK_15_2h	WO
US1	E	4h	4	C6	C6_4h	LT934125.1	+	1	C6_4h	0	0			dcDNA	C6_4h	WO
US1	E	4h	4	PC_12	PC_12_4h	LT934125.1	+	1	PC_12_4h	301.14435	301.14435			dcDNA	PC_12_4h	WO
US1	E	4h	4	PK_15	PK_15_4h	LT934125.1	+	1	PK_15_4h	40.594301	40.594301			dcDNA	PK_15_4h	WO
US1	E	6h	6	C6	C6_6h	LT934125.1	+	1	C6_6h	86.244071	86.244071			dcDNA	C6_6h	WO
US1	E	6h	6	PC_12	PC_12_6h	LT934125.1	+	1	PC_12_6h	0	0			dcDNA	PC_12_6h	WO
US1	E	6h	6	PK_15	PK_15_6h	LT934125.1	+	1	PK_15_6h	48.387487	48.387487			dcDNA	PK_15_6h	WO
US1	E	8h	8	C6	C6_8h	LT934125.1	+	1	C6_8h	32.2841	32.2841			dcDNA	C6_8h	WO
US1	E	8h	8	PC_12	PC_12_8h	LT934125.1	+	1	PC_12_8h	31.95705	31.95705			dcDNA	PC_12_8h	WO
US1	E	8h	8	PK_15	PK_15_8h	LT934125.1	+	1	PK_15_8h	21.929921	21.929921			dcDNA	PK_15_8h	WO
AZURE	E	0.5h	0.5	PC_12	PC_12_0.5h	LT934125.1	-	1	PC_12_0.5h	0	0			dcDNA	PC_12_0.5h	WO
AZURE	E	1.5h	1.5	PC_12	PC_12_1.5h	LT934125.1	-	1	PC_12_1.5h	0	0			dcDNA	PC_12_1.5h	WO
AZURE	E	12h	12	C6	C6_12h	LT934125.1	-	1	C6_12h	0	0			dcDNA	C6_12h	WO
AZURE	E	12h	12	PC_12	PC_12_12h	LT934125.1	-	1	PC_12_12h	0	0			dcDNA	PC_12_12h	WO
AZURE	E	12h	12	PK_15	PK_15_12h	LT934125.1	-	1	PK_15_12h	0	0			dcDNA	PK_15_12h	WO
AZURE	E	1h	1	C6	C6_1h	LT934125.1	-	1	C6_1h	0	0			dcDNA	C6_1h	WO
AZURE	E	1h	1	NRK	NRK_1h	LT934125.1	-	1	NRK_1h	0	0			dcDNA	NRK_1h	WO
AZURE	E	1h	1	PC_12	PC_12_1h	LT934125.1	-	1	PC_12_1h	0	0			dcDNA	PC_12_1h	WO
AZURE	E	1h	1	PK_15	PK_15_1h	LT934125.1	-	1	PK_15_1h	0	0			dcDNA	PK_15_1h	WO
AZURE	E	2.5h	2.5	PC_12	PC_12_2.5h	LT934125.1	-	1	PC_12_2.5h	0	0			dcDNA	PC_12_2.5h	WO
AZURE	E	2h	2	C6	C6_2h	LT934125.1	-	1	C6_2h	0	0			dcDNA	C6_2h	WO
AZURE	E	2h	2	NRK	NRK_2h	LT934125.1	-	1	NRK_2h	3236.245955	3236.245955			dcDNA	NRK_2h	WO
AZURE	E	2h	2	PC_12	PC_12_2h	LT934125.1	-	1	PC_12_2h	0	0			dcDNA	PC_12_2h	WO
AZURE	E	2h	2	PK_15	PK_15_2h	LT934125.1	-	1	PK_15_2h	0	0			dcDNA	PK_15_2h	WO
AZURE	E	4h	4	C6	C6_4h	LT934125.1	-	1	C6_4h	0	0			dcDNA	C6_4h	WO
AZURE	E	4h	4	PC_12	PC_12_4h	LT934125.1	-	1	PC_12_4h	0	0			dcDNA	PC_12_4h	WO
AZURE	E	4h	4	PK_15	PK_15_4h	LT934125.1	-	1	PK_15_4h	0	0			dcDNA	PK_15_4h	WO
AZURE	E	6h	6	C6	C6_6h	LT934125.1	-	1	C6_6h	86.244071	86.244071			dcDNA	C6_6h	WO
AZURE	E	6h	6	PC_12	PC_12_6h	LT934125.1	-	1	PC_12_6h	0	0			dcDNA	PC_12_6h	WO
AZURE	E	6h	6	PK_15	PK_15_6h	LT934125.1	-	1	PK_15_6h	0	0			dcDNA	PK_15_6h	WO
AZURE	E	8h	8	C6	C6_8h	LT934125.1	-	1	C6_8h	0	0			dcDNA	C6_8h	WO
AZURE	E	8h	8	PC_12	PC_12_8h	LT934125.1	-	1	PC_12_8h	0	0			dcDNA	PC_12_8h	WO
AZURE	E	8h	8	PK_15	PK_15_8h	LT934125.1	-	1	PK_15_8h	0	0			dcDNA	PK_15_8h	WO
US3	L	0.5h	0.5	PC_12	PC_12_0.5h	LT934125.1	+	1	PC_12_0.5h	0	0			dcDNA	PC_12_0.5h	WO
US3	L	1.5h	1.5	PC_12	PC_12_1.5h	LT934125.1	+	1	PC_12_1.5h	11061.946903	11061.946903			dcDNA	PC_12_1.5h	WO
US3	L	12h	12	C6	C6_12h	LT934125.1	+	1	C6_12h	0	0			dcDNA	C6_12h	WO
US3	L	12h	12	PC_12	PC_12_12h	LT934125.1	+	1	PC_12_12h	0	0			dcDNA	PC_12_12h	WO
US3	L	12h	12	PK_15	PK_15_12h	LT934125.1	+	1	PK_15_12h	0	0			dcDNA	PK_15_12h	WO
US3	L	1h	1	C6	C6_1h	LT934125.1	+	1	C6_1h	3081.664099	3081.664099			dcDNA	C6_1h	WO
US3	L	1h	1	NRK	NRK_1h	LT934125.1	+	1	NRK_1h	10101.010101	10101.010101			dcDNA	NRK_1h	WO
US3	L	1h	1	PC_12	PC_12_1h	LT934125.1	+	1	PC_12_1h	8908.685969	8908.685969			dcDNA	PC_12_1h	WO
US3	L	1h	1	PK_15	PK_15_1h	LT934125.1	+	1	PK_15_1h	2923.976608	2923.976608			dcDNA	PK_15_1h	WO
US3	L	2.5h	2.5	PC_12	PC_12_2.5h	LT934125.1	+	1	PC_12_2.5h	740.19245	740.19245			dcDNA	PC_12_2.5h	WO
US3	L	2h	2	C6	C6_2h	LT934125.1	+	1	C6_2h	3717.472119	3717.472119			dcDNA	C6_2h	WO
US3	L	2h	2	NRK	NRK_2h	LT934125.1	+	1	NRK_2h	3236.245955	3236.245955			dcDNA	NRK_2h	WO
US3	L	2h	2	PC_12	PC_12_2h	LT934125.1	+	1	PC_12_2h	3335.557038	3335.557038			dcDNA	PC_12_2h	WO
US3	L	2h	2	PK_15	PK_15_2h	LT934125.1	+	1	PK_15_2h	6154.960174	6154.960174			dcDNA	PK_15_2h	WO
US3	L	4h	4	C6	C6_4h	LT934125.1	+	1	C6_4h	0	0			dcDNA	C6_4h	WO
US3	L	4h	4	PC_12	PC_12_4h	LT934125.1	+	1	PC_12_4h	0	0			dcDNA	PC_12_4h	WO
US3	L	4h	4	PK_15	PK_15_4h	LT934125.1	+	1	PK_15_4h	852.480312	852.480312			dcDNA	PK_15_4h	WO
US3	L	6h	6	C6	C6_6h	LT934125.1	+	1	C6_6h	1121.17292	1121.17292			dcDNA	C6_6h	WO
US3	L	6h	6	PC_12	PC_12_6h	LT934125.1	+	1	PC_12_6h	346.463408	346.463408			dcDNA	PC_12_6h	WO
US3	L	6h	6	PK_15	PK_15_6h	LT934125.1	+	1	PK_15_6h	548.391519	548.391519			dcDNA	PK_15_6h	WO
US3	L	8h	8	C6	C6_8h	LT934125.1	+	1	C6_8h	613.397901	613.397901			dcDNA	C6_8h	WO
US3	L	8h	8	PC_12	PC_12_8h	LT934125.1	+	1	PC_12_8h	1086.53969	1086.53969			dcDNA	PC_12_8h	WO
US3	L	8h	8	PK_15	PK_15_8h	LT934125.1	+	1	PK_15_8h	912.284703	912.284703			dcDNA	PK_15_8h	WO
US4	L	0.5h	0.5	PC_12	PC_12_0.5h	LT934125.1	+	1	PC_12_0.5h	64516.129032	64516.129032			dcDNA	PC_12_0.5h	WO
US4	L	1.5h	1.5	PC_12	PC_12_1.5h	LT934125.1	+	1	PC_12_1.5h	61946.902655	61946.902655			dcDNA	PC_12_1.5h	WO
US4	L	12h	12	C6	C6_12h	LT934125.1	+	1	C6_12h	72334.235502	72334.235502			dcDNA	C6_12h	WO
US4	L	12h	12	PC_12	PC_12_12h	LT934125.1	+	1	PC_12_12h	50134.123285	50134.123285			dcDNA	PC_12_12h	WO
US4	L	12h	12	PK_15	PK_15_12h	LT934125.1	+	1	PK_15_12h	54279.176199	54279.176199			dcDNA	PK_15_12h	WO
US4	L	1h	1	C6	C6_1h	LT934125.1	+	1	C6_1h	77041.602465	77041.602465			dcDNA	C6_1h	WO
US4	L	1h	1	NRK	NRK_1h	LT934125.1	+	1	NRK_1h	101010.10101	101010.10101			dcDNA	NRK_1h	WO
US4	L	1h	1	PC_12	PC_12_1h	LT934125.1	+	1	PC_12_1h	62360.801781	62360.801781			dcDNA	PC_12_1h	WO
US4	L	1h	1	PK_15	PK_15_1h	LT934125.1	+	1	PK_15_1h	23391.812865	23391.812865			dcDNA	PK_15_1h	WO
US4	L	2.5h	2.5	PC_12	PC_12_2.5h	LT934125.1	+	1	PC_12_2.5h	59215.396003	59215.396003			dcDNA	PC_12_2.5h	WO
US4	L	2h	2	C6	C6_2h	LT934125.1	+	1	C6_2h	50805.452293	50805.452293			dcDNA	C6_2h	WO
US4	L	2h	2	NRK	NRK_2h	LT934125.1	+	1	NRK_2h	58252.427185	58252.427185			dcDNA	NRK_2h	WO
US4	L	2h	2	PC_12	PC_12_2h	LT934125.1	+	1	PC_12_2h	81387.591728	81387.591728			dcDNA	PC_12_2h	WO
US4	L	2h	2	PK_15	PK_15_2h	LT934125.1	+	1	PK_15_2h	27878.349024	27878.349024			dcDNA	PK_15_2h	WO
US4	L	4h	4	C6	C6_4h	LT934125.1	+	1	C6_4h	70940.620074	70940.620074			dcDNA	C6_4h	WO
US4	L	4h	4	PC_12	PC_12_4h	LT934125.1	+	1	PC_12_4h	59425.818111	59425.818111			dcDNA	PC_12_4h	WO
US4	L	4h	4	PK_15	PK_15_4h	LT934125.1	+	1	PK_15_4h	50458.715596	50458.715596			dcDNA	PK_15_4h	WO
US4	L	6h	6	C6	C6_6h	LT934125.1	+	1	C6_6h	47779.215178	47779.215178			dcDNA	C6_6h	WO
US4	L	6h	6	PC_12	PC_12_6h	LT934125.1	+	1	PC_12_6h	57539.576781	57539.576781			dcDNA	PC_12_6h	WO
US4	L	6h	6	PK_15	PK_15_6h	LT934125.1	+	1	PK_15_6h	49589.10959	49589.10959			dcDNA	PK_15_6h	WO
US4	L	8h	8	C6	C6_8h	LT934125.1	+	1	C6_8h	58660.209846	58660.209846			dcDNA	C6_8h	WO
US4	L	8h	8	PC_12	PC_12_8h	LT934125.1	+	1	PC_12_8h	61101.879076	61101.879076			dcDNA	PC_12_8h	WO
US4	L	8h	8	PK_15	PK_15_8h	LT934125.1	+	1	PK_15_8h	80465.265198	80465.265198			dcDNA	PK_15_8h	WO
US6	L	0.5h	0.5	PC_12	PC_12_0.5h	LT934125.1	+	1	PC_12_0.5h	0	0			dcDNA	PC_12_0.5h	WO
US6	L	1.5h	1.5	PC_12	PC_12_1.5h	LT934125.1	+	1	PC_12_1.5h	0	0			dcDNA	PC_12_1.5h	WO
US6	L	12h	12	C6	C6_12h	LT934125.1	+	1	C6_12h	2251.921476	2251.921476			dcDNA	C6_12h	WO
US6	L	12h	12	PC_12	PC_12_12h	LT934125.1	+	1	PC_12_12h	1017.016252	1017.016252			dcDNA	PC_12_12h	WO
US6	L	12h	12	PK_15	PK_15_12h	LT934125.1	+	1	PK_15_12h	1437.070939	1437.070939			dcDNA	PK_15_12h	WO
US6	L	1h	1	C6	C6_1h	LT934125.1	+	1	C6_1h	3081.664099	3081.664099			dcDNA	C6_1h	WO
US6	L	1h	1	NRK	NRK_1h	LT934125.1	+	1	NRK_1h	0	0			dcDNA	NRK_1h	WO
US6	L	1h	1	PC_12	PC_12_1h	LT934125.1	+	1	PC_12_1h	6681.514477	6681.514477			dcDNA	PC_12_1h	WO
US6	L	1h	1	PK_15	PK_15_1h	LT934125.1	+	1	PK_15_1h	0	0			dcDNA	PK_15_1h	WO
US6	L	2.5h	2.5	PC_12	PC_12_2.5h	LT934125.1	+	1	PC_12_2.5h	0	0			dcDNA	PC_12_2.5h	WO
US6	L	2h	2	C6	C6_2h	LT934125.1	+	1	C6_2h	1239.157373	1239.157373			dcDNA	C6_2h	WO
US6	L	2h	2	NRK	NRK_2h	LT934125.1	+	1	NRK_2h	0	0			dcDNA	NRK_2h	WO
US6	L	2h	2	PC_12	PC_12_2h	LT934125.1	+	1	PC_12_2h	1334.222815	1334.222815			dcDNA	PC_12_2h	WO
US6	L	2h	2	PK_15	PK_15_2h	LT934125.1	+	1	PK_15_2h	1086.169442	1086.169442			dcDNA	PK_15_2h	WO
US6	L	4h	4	C6	C6_4h	LT934125.1	+	1	C6_4h	2101.944298	2101.944298			dcDNA	C6_4h	WO
US6	L	4h	4	PC_12	PC_12_4h	LT934125.1	+	1	PC_12_4h	1104.195946	1104.195946			dcDNA	PC_12_4h	WO
US6	L	4h	4	PK_15	PK_15_4h	LT934125.1	+	1	PK_15_4h	730.697411	730.697411			dcDNA	PK_15_4h	WO
US6	L	6h	6	C6	C6_6h	LT934125.1	+	1	C6_6h	3536.0069	3536.0069			dcDNA	C6_6h	WO
US6	L	6h	6	PC_12	PC_12_6h	LT934125.1	+	1	PC_12_6h	1892.223229	1892.223229			dcDNA	PC_12_6h	WO
US6	L	6h	6	PK_15	PK_15_6h	LT934125.1	+	1	PK_15_6h	782.264373	782.264373			dcDNA	PK_15_6h	WO
US6	L	8h	8	C6	C6_8h	LT934125.1	+	1	C6_8h	1323.648103	1323.648103			dcDNA	C6_8h	WO
US6	L	8h	8	PC_12	PC_12_8h	LT934125.1	+	1	PC_12_8h	958.711491	958.711491			dcDNA	PC_12_8h	WO
US6	L	8h	8	PK_15	PK_15_8h	LT934125.1	+	1	PK_15_8h	1578.954294	1578.954294			dcDNA	PK_15_8h	WO
US7	L	0.5h	0.5	PC_12	PC_12_0.5h	LT934125.1	+	1	PC_12_0.5h	0	0			dcDNA	PC_12_0.5h	WO
US7	L	1.5h	1.5	PC_12	PC_12_1.5h	LT934125.1	+	1	PC_12_1.5h	4424.778761	4424.778761			dcDNA	PC_12_1.5h	WO
US7	L	12h	12	C6	C6_12h	LT934125.1	+	1	C6_12h	9133.569715	9133.569715			dcDNA	C6_12h	WO
US7	L	12h	12	PC_12	PC_12_12h	LT934125.1	+	1	PC_12_12h	7931.361642	7931.361642			dcDNA	PC_12_12h	WO
US7	L	12h	12	PK_15	PK_15_12h	LT934125.1	+	1	PK_15_12h	9054.919908	9054.919908			dcDNA	PK_15_12h	WO
US7	L	1h	1	C6	C6_1h	LT934125.1	+	1	C6_1h	16949.152543	16949.152543			dcDNA	C6_1h	WO
US7	L	1h	1	NRK	NRK_1h	LT934125.1	+	1	NRK_1h	10101.010101	10101.010101			dcDNA	NRK_1h	WO
US7	L	1h	1	PC_12	PC_12_1h	LT934125.1	+	1	PC_12_1h	8908.685968	8908.685968			dcDNA	PC_12_1h	WO
US7	L	1h	1	PK_15	PK_15_1h	LT934125.1	+	1	PK_15_1h	5847.953216	5847.953216			dcDNA	PK_15_1h	WO
US7	L	2.5h	2.5	PC_12	PC_12_2.5h	LT934125.1	+	1	PC_12_2.5h	7401.9245	7401.9245			dcDNA	PC_12_2.5h	WO
US7	L	2h	2	C6	C6_2h	LT934125.1	+	1	C6_2h	4956.629492	4956.629492			dcDNA	C6_2h	WO
US7	L	2h	2	NRK	NRK_2h	LT934125.1	+	1	NRK_2h	12944.983819	12944.983819			dcDNA	NRK_2h	WO
US7	L	2h	2	PC_12	PC_12_2h	LT934125.1	+	1	PC_12_2h	10673.782522	10673.782522			dcDNA	PC_12_2h	WO
US7	L	2h	2	PK_15	PK_15_2h	LT934125.1	+	1	PK_15_2h	3258.508327	3258.508327			dcDNA	PK_15_2h	WO
US7	L	4h	4	C6	C6_4h	LT934125.1	+	1	C6_4h	10509.721493	10509.721493			dcDNA	C6_4h	WO
US7	L	4h	4	PC_12	PC_12_4h	LT934125.1	+	1	PC_12_4h	13049.588436	13049.588436			dcDNA	PC_12_4h	WO
US7	L	4h	4	PK_15	PK_15_4h	LT934125.1	+	1	PK_15_4h	13923.845094	13923.845094			dcDNA	PK_15_4h	WO
US7	L	6h	6	C6	C6_6h	LT934125.1	+	1	C6_6h	13885.295387	13885.295387			dcDNA	C6_6h	WO
US7	L	6h	6	PC_12	PC_12_6h	LT934125.1	+	1	PC_12_6h	15111.1348	15111.1348			dcDNA	PC_12_6h	WO
US7	L	6h	6	PK_15	PK_15_6h	LT934125.1	+	1	PK_15_6h	11443.640674	11443.640674			dcDNA	PK_15_6h	WO
US7	L	8h	8	C6	C6_8h	LT934125.1	+	1	C6_8h	9297.820823	9297.820823			dcDNA	C6_8h	WO
US7	L	8h	8	PC_12	PC_12_8h	LT934125.1	+	1	PC_12_8h	9267.54442	9267.54442			dcDNA	PC_12_8h	WO
US7	L	8h	8	PK_15	PK_15_8h	LT934125.1	+	1	PK_15_8h	14807.082488	14807.082488			dcDNA	PK_15_8h	WO
US8	L	0.5h	0.5	PC_12	PC_12_0.5h	LT934125.1	+	1	PC_12_0.5h	0	0			dcDNA	PC_12_0.5h	WO
US8	L	1.5h	1.5	PC_12	PC_12_1.5h	LT934125.1	+	1	PC_12_1.5h	4424.778762	4424.778762			dcDNA	PC_12_1.5h	WO
US8	L	12h	12	C6	C6_12h	LT934125.1	+	1	C6_12h	6776.745064	6776.745064			dcDNA	C6_12h	WO
US8	L	12h	12	PC_12	PC_12_12h	LT934125.1	+	1	PC_12_12h	3228.514679	3228.514679			dcDNA	PC_12_12h	WO
US8	L	12h	12	PK_15	PK_15_12h	LT934125.1	+	1	PK_15_12h	2997.711671	2997.711671			dcDNA	PK_15_12h	WO
US8	L	1h	1	C6	C6_1h	LT934125.1	+	1	C6_1h	10785.824345	10785.824345			dcDNA	C6_1h	WO
US8	L	1h	1	NRK	NRK_1h	LT934125.1	+	1	NRK_1h	10101.010101	10101.010101			dcDNA	NRK_1h	WO
US8	L	1h	1	PC_12	PC_12_1h	LT934125.1	+	1	PC_12_1h	11135.857461	11135.857461			dcDNA	PC_12_1h	WO
US8	L	1h	1	PK_15	PK_15_1h	LT934125.1	+	1	PK_15_1h	8771.929824	8771.929824			dcDNA	PK_15_1h	WO
US8	L	2.5h	2.5	PC_12	PC_12_2.5h	LT934125.1	+	1	PC_12_2.5h	2220.57735	2220.57735			dcDNA	PC_12_2.5h	WO
US8	L	2h	2	C6	C6_2h	LT934125.1	+	1	C6_2h	1239.157373	1239.157373			dcDNA	C6_2h	WO
US8	L	2h	2	NRK	NRK_2h	LT934125.1	+	1	NRK_2h	19417.475729	19417.475729			dcDNA	NRK_2h	WO
US8	L	2h	2	PC_12	PC_12_2h	LT934125.1	+	1	PC_12_2h	14009.33956	14009.33956			dcDNA	PC_12_2h	WO
US8	L	2h	2	PK_15	PK_15_2h	LT934125.1	+	1	PK_15_2h	6517.016655	6517.016655			dcDNA	PK_15_2h	WO
US8	L	4h	4	C6	C6_4h	LT934125.1	+	1	C6_4h	12086.179717	12086.179717			dcDNA	C6_4h	WO
US8	L	4h	4	PC_12	PC_12_4h	LT934125.1	+	1	PC_12_4h	4717.928128	4717.928128			dcDNA	PC_12_4h	WO
US8	L	4h	4	PK_15	PK_15_4h	LT934125.1	+	1	PK_15_4h	5196.070471	5196.070471			dcDNA	PK_15_4h	WO
US8	L	6h	6	C6	C6_6h	LT934125.1	+	1	C6_6h	8710.651141	8710.651141			dcDNA	C6_6h	WO
US8	L	6h	6	PC_12	PC_12_6h	LT934125.1	+	1	PC_12_6h	4583.9774	4583.9774			dcDNA	PC_12_6h	WO
US8	L	6h	6	PK_15	PK_15_6h	LT934125.1	+	1	PK_15_6h	4927.459093	4927.459093			dcDNA	PK_15_6h	WO
US8	L	8h	8	C6	C6_8h	LT934125.1	+	1	C6_8h	5294.592412	5294.592412			dcDNA	C6_8h	WO
US8	L	8h	8	PC_12	PC_12_8h	LT934125.1	+	1	PC_12_8h	4505.944011	4505.944011			dcDNA	PC_12_8h	WO
US8	L	8h	8	PK_15	PK_15_8h	LT934125.1	+	1	PK_15_8h	7157.926131	7157.926131			dcDNA	PK_15_8h	WO
US9	L	0.5h	0.5	PC_12	PC_12_0.5h	LT934125.1	+	1	PC_12_0.5h	0	0			dcDNA	PC_12_0.5h	WO
US9	L	1.5h	1.5	PC_12	PC_12_1.5h	LT934125.1	+	1	PC_12_1.5h	8849.557522	8849.557522			dcDNA	PC_12_1.5h	WO
US9	L	12h	12	C6	C6_12h	LT934125.1	+	1	C6_12h	7650.938184	7650.938184			dcDNA	C6_12h	WO
US9	L	12h	12	PC_12	PC_12_12h	LT934125.1	+	1	PC_12_12h	7071.334475	7071.334475			dcDNA	PC_12_12h	WO
US9	L	12h	12	PK_15	PK_15_12h	LT934125.1	+	1	PK_15_12h	11645.308925	11645.308925			dcDNA	PK_15_12h	WO
US9	L	1h	1	C6	C6_1h	LT934125.1	+	1	C6_1h	1540.832049	1540.832049			dcDNA	C6_1h	WO
US9	L	1h	1	NRK	NRK_1h	LT934125.1	+	1	NRK_1h	10101.010101	10101.010101			dcDNA	NRK_1h	WO
US9	L	1h	1	PC_12	PC_12_1h	LT934125.1	+	1	PC_12_1h	2227.171492	2227.171492			dcDNA	PC_12_1h	WO
US9	L	1h	1	PK_15	PK_15_1h	LT934125.1	+	1	PK_15_1h	0	0			dcDNA	PK_15_1h	WO
US9	L	2.5h	2.5	PC_12	PC_12_2.5h	LT934125.1	+	1	PC_12_2.5h	7401.9245	7401.9245			dcDNA	PC_12_2.5h	WO
US9	L	2h	2	C6	C6_2h	LT934125.1	+	1	C6_2h	1239.157373	1239.157373			dcDNA	C6_2h	WO
US9	L	2h	2	NRK	NRK_2h	LT934125.1	+	1	NRK_2h	9708.737864	9708.737864			dcDNA	NRK_2h	WO
US9	L	2h	2	PC_12	PC_12_2h	LT934125.1	+	1	PC_12_2h	2668.445631	2668.445631			dcDNA	PC_12_2h	WO
US9	L	2h	2	PK_15	PK_15_2h	LT934125.1	+	1	PK_15_2h	6517.016656	6517.016656			dcDNA	PK_15_2h	WO
US9	L	4h	4	C6	C6_4h	LT934125.1	+	1	C6_4h	9984.235418	9984.235418			dcDNA	C6_4h	WO
US9	L	4h	4	PC_12	PC_12_4h	LT934125.1	+	1	PC_12_4h	2609.917688	2609.917688			dcDNA	PC_12_4h	WO
US9	L	4h	4	PK_15	PK_15_4h	LT934125.1	+	1	PK_15_4h	4465.373062	4465.373062			dcDNA	PK_15_4h	WO
US9	L	6h	6	C6	C6_6h	LT934125.1	+	1	C6_6h	6209.573092	6209.573092			dcDNA	C6_6h	WO
US9	L	6h	6	PC_12	PC_12_6h	LT934125.1	+	1	PC_12_6h	4130.909866	4130.909866			dcDNA	PC_12_6h	WO
US9	L	6h	6	PK_15	PK_15_6h	LT934125.1	+	1	PK_15_6h	6467.794094	6467.794094			dcDNA	PK_15_6h	WO
US9	L	8h	8	C6	C6_8h	LT934125.1	+	1	C6_8h	5649.717514	5649.717514			dcDNA	C6_8h	WO
US9	L	8h	8	PC_12	PC_12_8h	LT934125.1	+	1	PC_12_8h	6806.851591	6806.851591			dcDNA	PC_12_8h	WO
US9	L	8h	8	PK_15	PK_15_8h	LT934125.1	+	1	PK_15_8h	9513.19962	9513.19962			dcDNA	PK_15_8h	WO
US2	L	0.5h	0.5	PC_12	PC_12_0.5h	LT934125.1	+	1	PC_12_0.5h	96774.193548	96774.193548			dcDNA	PC_12_0.5h	WO
US2	L	1.5h	1.5	PC_12	PC_12_1.5h	LT934125.1	+	1	PC_12_1.5h	46460.176991	46460.176991			dcDNA	PC_12_1.5h	WO
US2	L	12h	12	C6	C6_12h	LT934125.1	+	1	C6_12h	33499.08035	33499.08035			dcDNA	C6_12h	WO
US2	L	12h	12	PC_12	PC_12_12h	LT934125.1	+	1	PC_12_12h	0	0			dcDNA	PC_12_12h	WO
US2	L	12h	12	PK_15	PK_15_12h	LT934125.1	+	1	PK_15_12h	9780.320367	9780.320367			dcDNA	PK_15_12h	WO
US2	L	1h	1	C6	C6_1h	LT934125.1	+	1	C6_1h	55469.953774	55469.953774			dcDNA	C6_1h	WO
US2	L	1h	1	NRK	NRK_1h	LT934125.1	+	1	NRK_1h	70707.070707	70707.070707			dcDNA	NRK_1h	WO
US2	L	1h	1	PC_12	PC_12_1h	LT934125.1	+	1	PC_12_1h	66815.144766	66815.144766			dcDNA	PC_12_1h	WO
US2	L	1h	1	PK_15	PK_15_1h	LT934125.1	+	1	PK_15_1h	8771.929824	8771.929824			dcDNA	PK_15_1h	WO
US2	L	2.5h	2.5	PC_12	PC_12_2.5h	LT934125.1	+	1	PC_12_2.5h	45891.931902	45891.931902			dcDNA	PC_12_2.5h	WO
US2	L	2h	2	C6	C6_2h	LT934125.1	+	1	C6_2h	0	0			dcDNA	C6_2h	WO
US2	L	2h	2	NRK	NRK_2h	LT934125.1	+	1	NRK_2h	45307.443366	45307.443366			dcDNA	NRK_2h	WO
US2	L	2h	2	PC_12	PC_12_2h	LT934125.1	+	1	PC_12_2h	44696.46431	44696.46431			dcDNA	PC_12_2h	WO
US2	L	2h	2	PK_15	PK_15_2h	LT934125.1	+	1	PK_15_2h	36205.648081	36205.648081			dcDNA	PK_15_2h	WO
US2	L	4h	4	C6	C6_4h	LT934125.1	+	1	C6_4h	32054.650553	32054.650553			dcDNA	C6_4h	WO
US2	L	4h	4	PC_12	PC_12_4h	LT934125.1	+	1	PC_12_4h	17165.227866	17165.227866			dcDNA	PC_12_4h	WO
US2	L	4h	4	PK_15	PK_15_4h	LT934125.1	+	1	PK_15_4h	33409.109361	33409.109361			dcDNA	PK_15_4h	WO
US2	L	6h	6	C6	C6_6h	LT934125.1	+	1	C6_6h	26563.173781	26563.173781			dcDNA	C6_6h	WO
US2	L	6h	6	PC_12	PC_12_6h	LT934125.1	+	1	PC_12_6h	16603.592559	16603.592559			dcDNA	PC_12_6h	WO
US2	L	6h	6	PK_15	PK_15_6h	LT934125.1	+	1	PK_15_6h	13693.658818	13693.658818			dcDNA	PK_15_6h	WO
US2	L	8h	8	C6	C6_8h	LT934125.1	+	1	C6_8h	37449.556094	37449.556094			dcDNA	C6_8h	WO
US2	L	8h	8	PC_12	PC_12_8h	LT934125.1	+	1	PC_12_8h	0	0			dcDNA	PC_12_8h	WO
US2	L	8h	8	PK_15	PK_15_8h	LT934125.1	+	1	PK_15_8h	13153.566464	13153.566464			dcDNA	PK_15_8h	WO
NOIR_2	E	0.5h	0.5	PC_12	PC_12_0.5h	LT934125.1	-	1	PC_12_0.5h	0	0			dcDNA	PC_12_0.5h	WO
NOIR_2	E	1.5h	1.5	PC_12	PC_12_1.5h	LT934125.1	-	1	PC_12_1.5h	0	0			dcDNA	PC_12_1.5h	WO
NOIR_2	E	12h	12	C6	C6_12h	LT934125.1	-	1	C6_12h	762.296402	762.296402			dcDNA	C6_12h	WO
NOIR_2	E	12h	12	PC_12	PC_12_12h	LT934125.1	-	1	PC_12_12h	1208.133401	1208.133401			dcDNA	PC_12_12h	WO
NOIR_2	E	12h	12	PK_15	PK_15_12h	LT934125.1	-	1	PK_15_12h	1011.441648	1011.441648			dcDNA	PK_15_12h	WO
NOIR_2	E	1h	1	C6	C6_1h	LT934125.1	-	1	C6_1h	0	0			dcDNA	C6_1h	WO
NOIR_2	E	1h	1	NRK	NRK_1h	LT934125.1	-	1	NRK_1h	0	0			dcDNA	NRK_1h	WO
NOIR_2	E	1h	1	PC_12	PC_12_1h	LT934125.1	-	1	PC_12_1h	2227.171492	2227.171492			dcDNA	PC_12_1h	WO
NOIR_2	E	1h	1	PK_15	PK_15_1h	LT934125.1	-	1	PK_15_1h	0	0			dcDNA	PK_15_1h	WO
NOIR_2	E	2.5h	2.5	PC_12	PC_12_2.5h	LT934125.1	-	1	PC_12_2.5h	2220.57735	2220.57735			dcDNA	PC_12_2.5h	WO
NOIR_2	E	2h	2	C6	C6_2h	LT934125.1	-	1	C6_2h	0	0			dcDNA	C6_2h	WO
NOIR_2	E	2h	2	NRK	NRK_2h	LT934125.1	-	1	NRK_2h	0	0			dcDNA	NRK_2h	WO
NOIR_2	E	2h	2	PC_12	PC_12_2h	LT934125.1	-	1	PC_12_2h	0	0			dcDNA	PC_12_2h	WO
NOIR_2	E	2h	2	PK_15	PK_15_2h	LT934125.1	-	1	PK_15_2h	1810.282404	1810.282404			dcDNA	PK_15_2h	WO
NOIR_2	E	4h	4	C6	C6_4h	LT934125.1	-	1	C6_4h	1050.97215	1050.97215			dcDNA	C6_4h	WO
NOIR_2	E	4h	4	PC_12	PC_12_4h	LT934125.1	-	1	PC_12_4h	501.907249	501.907249			dcDNA	PC_12_4h	WO
NOIR_2	E	4h	4	PK_15	PK_15_4h	LT934125.1	-	1	PK_15_4h	2354.469434	2354.469434			dcDNA	PK_15_4h	WO
NOIR_2	E	6h	6	C6	C6_6h	LT934125.1	-	1	C6_6h	0	0			dcDNA	C6_6h	WO
NOIR_2	E	6h	6	PC_12	PC_12_6h	LT934125.1	-	1	PC_12_6h	319.812376	319.812376			dcDNA	PC_12_6h	WO
NOIR_2	E	6h	6	PK_15	PK_15_6h	LT934125.1	-	1	PK_15_6h	2467.761836	2467.761836			dcDNA	PK_15_6h	WO
NOIR_2	E	8h	8	C6	C6_8h	LT934125.1	-	1	C6_8h	1355.932203	1355.932203			dcDNA	C6_8h	WO
NOIR_2	E	8h	8	PC_12	PC_12_8h	LT934125.1	-	1	PC_12_8h	1629.809537	1629.809537			dcDNA	PC_12_8h	WO
NOIR_2	E	8h	8	PK_15	PK_15_8h	LT934125.1	-	1	PK_15_8h	2539.484822	2539.484822			dcDNA	PK_15_8h	WO
