seqnames	strand	TSS	TES	NOV_TX_ID	AllRefCat	max_count	prevalence	C6_dcDNA_12h	C6_dcDNA_1h	C6_dcDNA_2h	C6_dcDNA_4h	C6_dcDNA_6h	C6_dcDNA_8h	NRK_dcDNA_1h	NRK_dcDNA_2h	PC-12_dcDNA_0.5h	PC-12_dcDNA_1.5h	PC-12_dcDNA_12h	PC-12_dcDNA_1h	PC-12_dcDNA_2.5h	PC-12_dcDNA_2h	PC-12_dcDNA_4h	PC-12_dcDNA_6h	PC-12_dcDNA_8h	PK-15_dcDNA_12h	PK-15_dcDNA_1h	PK-15_dcDNA_2h	PK-15_dcDNA_4h	PK-15_dcDNA_6h	PK-15_dcDNA_8h
LT934125.1	+	1337	2273	NOV_TX_2544	ORF-1M1::5`-short;ORF-1M1::5`-short;ORF-1M1::5`-short;ORF-1M1::5`-short;ORF-1M1::5`-short;ORF-1M1::5`-short;ORF-1M1::5`-short;ORF-1M1::5`-short;ORF-1M1::5`-short;ORF-1M1::5`-short;ORF-1M1::5`-short;ORF-1M1::5`-short;ORF-1M1::5`-short;ORF-1M1::5`-short	25	14	0	0	1	0	0	5	0	1	0	1	10	1	2	0	3	9	8	2	0	0	14	25	10
LT934125.1	+	1469	2273	NOV_TX_1204	ORF-1M1-S::5`-long;ORF-1M1-S::5`-long	14	2	14	0	0	0	0	0	0	0	0	0	0	0	0	0	0	0	0	0	0	0	3	0	0
LT934125.1	+	1519	2273	NOV_TX_43	ORF-1M1-S::5`-short;ORF-1M1-S::5`-short;ORF-1M1-S::5`-short;ORF-1M1-S::5`-short;ORF-1M1-S::5`-short	9	5	9	0	0	0	0	5	0	0	0	0	0	0	0	0	4	3	0	0	0	0	1	0	0
LT934125.1	+	1712	2273	NOV_TX_1476	ORF-1.5::5`-long;ORF-1.5::5`-long;ORF-1.5::5`-long;ORF-1.5::5`-long;ORF-1.5::5`-long	23	5	19	0	0	0	0	0	0	0	0	0	23	0	0	0	1	0	0	0	0	1	9	0	0
LT934125.1	+	1815	2273	NOV_TX_944	ORF-1.5-S::5`-short;ORF-1.5-S::5`-short	15	2	0	0	0	0	0	0	0	0	0	0	0	0	1	0	0	0	0	15	0	0	0	0	0
LT934125.1	+	1821	2273	NOV_TX_1494	ORF-1.5-S::5`-short;ORF-1.5-S::5`-short	18	2	0	0	0	0	0	0	0	0	0	0	0	0	0	0	1	0	0	0	0	0	0	18	0
LT934125.1	+	1869	2273	NOV_TX_1492	ORF-1.5-S::5`-short;ORF-1.5-S::5`-short	40	2	0	0	0	0	0	0	0	2	0	0	0	0	0	0	0	0	40	0	0	0	0	0	0
LT934125.1	+	1912	2273	NOV_TX_1500	ORF-1.5-S::5`-short;ORF-1.5-S::5`-short;ORF-1.5-S::5`-short;ORF-1.5-S::5`-short;ORF-1.5-S::5`-short	94	5	0	0	0	0	0	0	0	0	0	0	0	0	0	0	15	0	0	94	1	0	29	0	87
LT934125.1	+	1934	2273	NOV_TX_340	ORF-1.5-S::5`-short;ORF-1.5-S::5`-short;ORF-1.5-S::5`-short	30	3	0	0	0	0	0	5	0	0	0	0	30	0	0	0	0	16	0	0	0	0	0	0	0
LT934125.1	+	2057	2273	NOV_TX_467	ORF-1.5-S::5`-short;ORF-1.5-S::5`-short;ORF-1.5-S::5`-short;ORF-1.5-S::5`-short;ORF-1.5-S::5`-short;ORF-1.5-S::5`-short	59	6	0	0	0	0	0	0	0	0	0	0	59	0	0	3	0	24	30	0	0	0	11	37	0
LT934125.1	+	2153	2273	NOV_TX_49	ORF-1.5-S::5`-short;ORF-1.5-S::5`-short;ORF-1.5-S::5`-short;ORF-1.5-S::5`-short	60	4	60	0	0	0	0	0	0	0	0	0	0	0	0	0	0	0	24	0	0	0	8	36	0
LT934125.1	+	2168	2273	NOV_TX_1530	ORF-1.5-S::5`-short;ORF-1.5-S::5`-short	110	2	0	0	0	0	0	0	0	0	0	0	0	0	0	0	0	0	0	110	0	0	59	0	0
LT934125.1	+	7591	8523	NOV_TX_2040	UL51::5`-short;UL51::5`-short;UL51::5`-short;UL51::5`-short;UL51::5`-short;UL51::5`-short	14	6	13	0	0	0	0	0	0	0	0	0	14	0	0	2	3	0	0	12	0	0	10	0	0
LT934125.1	+	7591	10426	NOV_TX_2041	UL51-50-49.5-49::5`-short;UL51-50-49.5-49::5`-short	6	2	6	0	0	0	0	0	0	0	0	0	0	0	0	0	0	0	0	3	0	0	0	0	0
LT934125.1	+	7698	8523	NOV_TX_2067	UL51::5`-short;UL51.5::5`-long;UL51::5`-short	10	2	0	0	0	0	3	0	0	0	0	0	0	0	0	0	0	0	0	0	0	0	10	0	0
LT934125.1	+	7858	8523	NOV_TX_2110	UL51.5::5`-short;UL51.5::5`-short;UL51.5::5`-short;UL51.5::5`-short;UL51.5::5`-short	11	5	11	1	0	0	0	0	0	0	0	0	0	0	0	0	1	5	6	0	0	0	0	0	0
LT934125.1	+	8346	8523	NOV_TX_742	UL51.5::5`-short;UL51.5::5`-short;UL51.5::5`-short	16	3	0	0	0	0	0	0	0	0	0	0	0	0	0	0	0	5	2	0	0	0	0	16	0
LT934125.1	+	9112	10426	NOV_TX_2335	UL49.5-49::5`-long;UL49.5-49::5`-long	6	2	0	0	0	1	0	0	0	0	0	0	0	0	0	0	0	0	0	0	0	0	6	0	0
LT934125.1	+	9113	10426	NOV_TX_2334	UL49.5-49::5`-long;UL49.5-49::5`-long;UL49.5-49::5`-long;UL49.5-49::5`-long;UL49.5-49::5`-long;UL49.5-49::5`-long;UL49.5-49::5`-long;UL49.5-49::5`-long;UL49.5-49::5`-long;UL49.5-49::5`-long;UL49.5-49::5`-long;UL49.5-49::5`-long;UL49.5-49::5`-long	2952	13	1400	0	0	5	44	153	0	0	0	0	1277	0	0	0	19	222	208	2952	0	5	10	277	990
LT934125.1	+	9415	10426	NOV_TX_2367	UL49-L2::5`-short;UL49-L2::5`-short;UL49-L2::5`-short	31	3	14	0	0	0	0	0	0	0	0	0	0	0	0	0	0	0	0	31	0	0	2	0	0
LT934125.1	+	9456	10426	NOV_TX_900	UL49-L2::5`-short;UL49-L2::5`-short;UL49-L2::5`-short;UL49-L2::5`-short	53	4	0	0	0	0	0	0	0	0	0	0	0	0	0	0	0	0	5	53	0	0	0	3	12
LT934125.1	+	9479	10426	NOV_TX_2381	UL49-L::5`-long;UL49-L2::5`-short;UL49-L2::5`-short	41	2	0	0	0	0	0	0	0	0	0	0	41	0	0	0	2	0	0	0	0	0	0	0	0
LT934125.1	+	9480	10426	NOV_TX_2380	UL49-L::5`-long;UL49-L2::5`-short;UL49-L::5`-long;UL49-L2::5`-short;UL49-L::5`-long;UL49-L2::5`-short	167	3	71	0	0	0	0	0	0	0	0	0	0	0	0	0	0	0	0	167	0	0	8	0	0
LT934125.1	+	9643	10426	NOV_TX_2428	UL49::5`-long;UL49::5`-long;UL49::5`-long;UL49::5`-long	23	4	0	0	0	0	0	0	0	0	0	0	13	0	0	0	0	0	0	23	0	0	2	2	0
LT934125.1	+	9699	16224	NOV_TX_117	UL49.5-49-48-47-46::5`-short;UL49.5-49-48-47-46::5`-short;UL49.5-49-48-47-46::5`-short	5	3	5	0	0	0	0	0	0	0	0	0	0	0	0	0	0	1	1	0	0	0	0	0	0
LT934125.1	+	9759	10426	NOV_TX_2443	UL49.1::5`-short;UL49.1::5`-short	124	2	124	0	0	0	0	0	0	0	0	0	0	0	0	0	10	0	0	0	0	0	0	0	0
LT934125.1	+	9762	10426	NOV_TX_2445	UL49.1::5`-short;UL49.1::5`-short	167	2	0	0	0	0	0	0	0	0	0	0	167	0	0	0	0	0	0	0	0	0	22	0	0
LT934125.1	+	9771	10426	NOV_TX_2444	UL49.1::5`-short;UL49.1::5`-short;UL49.1::5`-short	80	3	75	0	0	0	0	0	0	0	0	0	80	0	0	0	0	0	0	0	0	0	0	44	0
LT934125.1	+	9798	10426	NOV_TX_2457	UL49.1::5`-short;UL49.1::5`-short	11	2	0	0	0	0	0	0	0	0	0	0	0	0	0	0	4	0	0	0	0	0	11	0	0
LT934125.1	+	9804	10426	NOV_TX_2454	UL49.1::5`-short;UL49.1::5`-short	154	2	77	0	0	0	0	0	0	0	0	0	154	0	0	0	0	0	0	0	0	0	0	0	0
LT934125.1	+	9861	10426	NOV_TX_2469	UL49.1-S::5`-long;UL49.1-S::5`-long	72	2	0	0	0	0	0	15	0	0	0	0	72	0	0	0	0	0	0	0	0	0	0	0	0
LT934125.1	+	9862	10426	NOV_TX_2468	UL49.1-S::5`-long;UL49.1-S::5`-long;UL49.1-S::5`-long	170	3	75	0	0	0	0	0	0	0	0	0	0	0	0	1	0	0	0	170	0	0	0	0	0
LT934125.1	+	9919	10426	NOV_TX_510	UL49.1-S::5`-long;UL49.1-S::5`-long;UL49.1-S::5`-long	77	3	0	0	0	0	0	0	0	0	0	0	77	0	0	0	0	6	0	0	0	0	0	0	38
LT934125.1	+	9932	10426	NOV_TX_2477	UL49.1-S::5`-short;UL49.1-S::5`-short	34	2	0	0	0	0	0	0	0	0	0	0	34	0	0	0	1	0	0	0	0	0	0	0	0
LT934125.1	+	9933	10426	NOV_TX_2476	UL49.1-S::5`-short;UL49.1-S::5`-short;UL49.1-S::5`-short	75	3	44	0	0	0	0	0	0	0	0	0	0	0	0	0	0	0	0	75	0	0	2	0	0
LT934125.1	+	9977	10426	NOV_TX_419	UL49.1-S::5`-short;UL49.1-S::5`-short;UL49.1-S::5`-short	77	3	0	0	0	0	0	6	0	0	0	0	77	0	0	0	3	0	0	0	0	0	0	0	0
LT934125.1	+	9998	10426	NOV_TX_2485	UL49.1-S2::5`-long;UL49.1-S::5`-short;UL49.1-S2::5`-long;UL49.1-S::5`-short	199	2	125	0	0	0	0	0	0	0	0	0	199	0	0	0	0	0	0	0	0	0	0	0	0
LT934125.1	+	10089	10426	NOV_TX_2518	UL49.1-S2::5`-short;UL49.1-S3::5`-long;UL49.1-S2::5`-short;UL49.1-S3::5`-long;UL49.1-S2::5`-short	103	3	63	0	0	0	0	0	0	0	0	0	0	0	0	0	0	0	0	103	0	0	4	0	0
LT934125.1	+	10164	10426	NOV_TX_2524	UL49.1-S5::5`-short;UL49.1-S5::5`-short	35	2	23	0	0	0	0	0	0	0	0	0	35	0	0	0	0	0	0	0	0	0	0	0	0
LT934125.1	+	10205	10426	NOV_TX_119	UL49.1-S5::5`-short;UL49.1-S6::5`-long;UL49.1-S5::5`-short;UL49.1-S6::5`-long;UL49.1-S5::5`-short;UL49.1-S6::5`-long;UL49.1-S5::5`-short;UL49.1-S6::5`-long	237	4	227	0	0	0	0	0	0	0	0	0	237	0	0	0	0	0	0	0	0	0	0	92	174
LT934125.1	+	10337	10426	NOV_TX_122	UL49.1-S6::5`-short;UL49.1-S6::5`-short	478	2	28	0	0	0	0	0	0	0	0	0	0	0	0	0	0	0	0	478	0	0	0	0	0
LT934125.1	+	10338	10426	NOV_TX_2534	UL49.1-S6::5`-short;UL49.1-S6::5`-short	82	2	0	0	0	0	0	0	0	0	0	0	0	0	0	0	0	0	0	0	0	11	0	82	0
LT934125.1	+	11792	11912	NOV_TX_2823	nc-UL47::3`-short;nc-UL47::3`-short;nc-UL47::3`-short;nc-UL47::3`-short	57	4	0	0	0	0	0	11	0	0	0	0	57	0	0	0	0	0	0	0	0	0	5	44	0
LT934125.1	+	11793	11912	NOV_TX_2821	nc-UL47::3`-short;nc-UL47::3`-short;nc-UL47::3`-short;nc-UL47::3`-short	238	4	120	0	0	0	0	0	0	0	0	0	12	0	0	0	0	0	0	238	0	0	0	0	52
LT934125.1	+	11977	12084	NOV_TX_2969	nc-UL47::5`-short;nc-UL47::5`-short	5	2	2	0	0	0	0	0	0	0	0	0	0	0	0	0	0	0	0	5	0	0	0	0	0
LT934125.1	+	11977	16224	NOV_TX_2970	UL47-46::5`-short;UL47-46::5`-short	10	2	10	0	0	0	0	0	0	0	0	0	0	0	0	0	0	0	0	9	0	0	0	0	0
LT934125.1	+	11990	16224	NOV_TX_2971	UL47-46::5`-short;UL47-46::5`-short	6	2	6	0	0	0	0	0	0	0	0	0	0	0	0	0	0	0	0	0	0	0	0	0	2
LT934125.1	+	12068	16224	NOV_TX_3031	UL47-46::5`-short;UL47-46::5`-short	33	2	26	0	0	0	0	0	0	0	0	0	0	0	0	0	0	0	0	33	0	0	0	0	0
LT934125.1	+	12211	16224	NOV_TX_1254	UL46-L9::5`-long;UL46-L9::5`-long	55	2	39	0	0	0	0	0	0	0	0	0	0	0	0	0	0	0	0	55	0	0	0	0	0
LT934125.1	+	13263	16224	NOV_TX_316	UL46-L7::5`-short;UL46-L7::5`-short	18	2	0	0	0	0	0	3	0	0	0	0	0	0	0	0	0	0	0	18	0	0	0	0	0
LT934125.1	+	13458	16224	NOV_TX_35	UL46-L6::5`-long;UL46-L6::5`-long	11	2	11	0	0	0	0	0	0	0	0	0	5	0	0	0	0	0	0	0	0	0	0	0	0
LT934125.1	+	13515	16224	NOV_TX_460	UL46-L6::5`-long;UL46-L6::5`-long	5	2	0	0	0	0	0	0	0	0	0	0	2	0	0	0	0	0	0	5	0	0	0	0	0
LT934125.1	+	13580	16224	NOV_TX_818	UL46-L5::5`-short;UL46-L5::5`-short	10	2	0	0	0	0	0	0	0	0	0	0	0	0	0	0	0	0	3	0	0	0	0	0	10
LT934125.1	+	13902	16224	NOV_TX_939	UL46-L::5`-long;UL46-L::5`-long	47	2	0	0	0	0	0	0	0	0	0	0	0	0	0	0	0	0	0	47	0	0	2	0	0
LT934125.1	+	13906	16224	NOV_TX_461	UL46-L::5`-long;UL46-L::5`-long	17	2	0	0	0	0	0	0	0	0	0	0	17	0	0	0	0	2	0	0	0	0	0	0	0
LT934125.1	+	14048	14176	NOV_TX_1378	UL47.3::5`-short;UL47.3::5`-short;UL47.3::5`-short;UL47.3::5`-short;UL47.3::5`-short;UL47.3::5`-short;UL47.3::5`-short;UL47.3::5`-short;UL47.3::5`-short;UL47.3::5`-short;UL47.3::5`-short;UL47.3::5`-short;UL47.3::5`-short;UL47.3::5`-short	126	14	126	0	0	0	1	31	0	0	0	1	49	0	1	1	1	1	10	44	0	0	18	48	34
LT934125.1	+	14136	16224	NOV_TX_38	UL46::5`-short;UL46::5`-short;UL46::5`-short	64	3	56	0	0	0	0	0	0	0	0	0	0	0	0	0	0	0	0	64	0	0	0	41	0
LT934125.1	+	14138	16224	NOV_TX_1400	UL46::5`-short;UL46::5`-short;UL46::5`-short	241	3	170	0	0	2	0	0	0	0	0	0	0	0	0	0	0	0	0	241	0	0	0	0	0
LT934125.1	+	14245	16224	NOV_TX_330	UL46.10::5`-long;UL46.10::5`-long	11	2	0	0	0	0	0	11	0	0	0	0	0	0	0	0	0	0	0	0	0	0	4	0	0
LT934125.1	+	14279	16224	NOV_TX_683	UL46.10::5`-long;UL46.10::5`-long;UL46.10::5`-long	14	3	0	0	0	0	1	0	0	0	0	0	0	0	0	0	0	4	14	0	0	0	0	0	0
LT934125.1	+	14370	16224	NOV_TX_206	UL46.10::5`-short;UL46.10-S::5`-long;UL46.10::5`-short;UL46.10-S::5`-long;UL46.10::5`-short;UL46.10-S::5`-long;UL46.10::5`-short	29	4	0	0	0	0	2	0	0	0	0	0	0	0	0	0	0	0	0	29	0	1	0	5	0
LT934125.1	+	14457	16224	NOV_TX_40	UL46.10-S::5`-short;UL46.10-S::5`-short;UL46.10-S::5`-short	38	3	38	0	0	0	0	12	0	0	0	0	0	0	0	0	0	0	0	0	0	0	0	21	0
LT934125.1	+	14541	16224	NOV_TX_1415	UL46.9::5`-long;UL46.9::5`-long;UL46.9::5`-long	17	3	0	0	0	0	0	0	0	0	0	0	0	0	0	0	0	0	0	0	0	0	2	10	17
LT934125.1	+	14606	16224	NOV_TX_1416	UL46.9::5`-short;UL46.9::5`-short	63	2	63	0	0	0	0	0	0	0	0	0	24	0	0	0	0	0	0	0	0	0	0	0	0
LT934125.1	+	14670	16224	NOV_TX_1420	UL46.6::5`-long;UL46.6::5`-long;UL46.6::5`-long	59	3	59	0	0	0	0	0	0	0	0	0	0	0	0	0	0	7	16	0	0	0	0	0	0
LT934125.1	+	14822	16224	NOV_TX_1426	UL46.5::5`-short;UL46.5::5`-short;UL46.5::5`-short	34	3	34	0	0	0	0	0	0	0	0	0	34	0	0	0	0	0	0	0	0	0	1	0	0
LT934125.1	+	14853	16224	NOV_TX_41	UL46.5::5`-short;UL46.5::5`-short;UL46.5::5`-short	194	3	194	0	0	0	0	0	0	0	0	0	0	0	0	0	0	0	0	0	0	2	0	0	132
LT934125.1	+	14859	16224	NOV_TX_942	UL46.5::5`-short;UL46.5::5`-short	135	2	0	0	0	0	0	0	0	0	0	0	0	0	0	0	0	0	0	122	0	0	0	135	0
LT934125.1	+	14861	16224	NOV_TX_1430	UL46.5::5`-short;UL46.5::5`-short	898	2	0	0	0	0	0	0	0	0	0	0	0	0	0	0	0	40	0	898	0	0	0	0	0
LT934125.1	+	14910	16224	NOV_TX_335	UL46.5-S2::5`-long;UL46.5-S2::5`-long;UL46.5-S2::5`-long;UL46.5-S2::5`-long	71	4	0	0	0	0	0	11	0	0	0	0	71	0	0	0	0	0	20	0	0	0	0	0	49
LT934125.1	+	15170	16224	NOV_TX_42	UL46.2::5`-long;UL46.2::5`-long;UL46.2::5`-long;UL46.2::5`-long	150	4	150	0	0	0	0	0	0	0	0	0	0	0	0	0	0	0	0	65	0	0	0	51	119
LT934125.1	+	15172	16224	NOV_TX_1443	UL46.2::5`-long;UL46.2::5`-long	294	2	0	0	0	0	0	0	0	0	0	0	294	0	0	0	0	0	0	0	0	0	15	0	0
LT934125.1	+	15187	16224	NOV_TX_1442	UL46.2::5`-long;UL46.2::5`-long	192	2	192	0	0	0	0	0	0	0	0	0	0	0	0	0	3	0	0	0	0	0	0	0	0
LT934125.1	+	15287	16224	NOV_TX_44	UL46.2::5`-short;UL46.2::5`-short;UL46.2::5`-short;UL46.2::5`-short;UL46.2::5`-short	121	5	101	0	0	0	2	0	0	0	0	0	121	0	0	0	4	0	0	101	0	0	0	0	0
LT934125.1	+	15344	16224	NOV_TX_1452	UL46.2::5`-short;UL46.2::5`-short	332	2	0	0	0	1	0	0	0	0	0	0	0	0	0	0	0	0	0	332	0	0	0	0	0
LT934125.1	+	15414	16224	NOV_TX_824	UL46.2::5`-short;UL46.2::5`-short	13	2	0	0	0	0	0	0	0	0	0	0	0	0	0	0	0	0	13	0	0	1	0	0	0
LT934125.1	+	15434	16224	NOV_TX_1461	UL46.1::5`-long;UL46.1::5`-long;UL46.1::5`-long	231	3	0	0	0	0	0	0	0	0	0	0	0	0	0	0	0	0	0	231	0	0	0	27	68
LT934125.1	+	15527	16224	NOV_TX_1465	UL46.1::5`-long;UL46.1::5`-long;UL46.1::5`-long;UL46.1::5`-long;UL46.1::5`-long	293	5	0	0	0	0	0	0	0	0	0	0	162	0	0	0	11	0	0	293	0	0	0	49	100
LT934125.1	+	15599	16224	NOV_TX_1468	UL46.1::5`-short;UL46.1::5`-short	19	2	13	0	0	0	0	0	0	0	0	0	0	0	0	0	0	0	0	19	0	0	0	0	0
LT934125.1	+	15648	16224	NOV_TX_1471	UL46.1-S2::5`-short;UL46.1-S2::5`-short	80	2	0	0	0	0	0	0	0	0	0	0	80	0	0	0	4	0	0	0	0	0	0	0	0
LT934125.1	+	15696	16224	NOV_TX_1475	UL46.1-S3::5`-long;UL46.1-S2::5`-short;UL46.1-S3::5`-long;UL46.1-S2::5`-short	608	2	0	0	0	0	0	0	0	0	0	0	608	0	0	0	12	0	0	0	0	0	0	0	0
LT934125.1	+	15697	16224	NOV_TX_1474	UL46.1-S3::5`-long;UL46.1-S2::5`-short;UL46.1-S3::5`-long;UL46.1-S2::5`-short	992	2	341	0	0	0	0	0	0	0	0	0	0	0	0	0	0	0	0	992	0	0	0	0	0
LT934125.1	+	15769	16224	NOV_TX_1478	UL46.1-S3::5`-short;UL46.1-S4::5`-long;UL46.1-S3::5`-short;UL46.1-S4::5`-long;UL46.1-S3::5`-short;UL46.1-S4::5`-long	237	3	237	0	0	0	0	0	0	0	0	0	215	0	0	0	0	0	0	0	0	0	13	0	0
LT934125.1	+	15836	16224	NOV_TX_825	UL46.1-S4::5`-short;UL46.1-S4::5`-short;UL46.1-S4::5`-short;UL46.1-S4::5`-short;nc-UL46::5`-long;nc-UL46::5`-long;nc-UL46::5`-long;nc-UL46::5`-long;nc-UL46::5`-long	811	5	0	0	2	0	0	0	0	0	0	0	0	0	0	0	0	0	89	811	0	0	21	0	280
LT934125.1	+	15856	16224	NOV_TX_1482	nc-UL46::5`-long;nc-UL46::5`-long	438	2	438	0	0	0	0	0	0	0	0	0	241	0	0	0	0	0	0	0	0	0	0	0	0
LT934125.1	+	15926	16224	NOV_TX_826	nc-UL46::5`-short;nc-UL46::5`-short	68	2	0	0	0	0	0	0	0	0	0	0	0	0	0	0	0	0	68	0	0	0	17	0	0
LT934125.1	+	15973	16224	NOV_TX_1488	nc-UL46-S::5`-long;nc-UL46-S::5`-long	688	2	0	0	0	0	0	0	0	0	0	0	688	0	0	0	0	0	0	0	0	0	0	0	465
LT934125.1	+	16052	16224	NOV_TX_338	nc-UL46-S::5`-short;nc-UL46-S::5`-short;nc-UL46-S::5`-short;nc-UL46-S::5`-short	1356	4	0	0	0	0	0	112	0	0	0	0	0	0	2	0	0	0	0	1356	0	0	0	198	0
LT934125.1	+	16069	16224	NOV_TX_466	nc-UL46-S::5`-short;nc-UL46-S::5`-short	2189	2	0	0	0	0	0	0	0	0	0	0	2189	0	0	3	0	0	0	0	0	0	0	0	0
LT934125.1	+	27548	28632	NOV_TX_48	UL31.3-S::x;UL31.3-S::x	5	2	3	0	0	0	0	0	0	0	0	0	0	0	0	0	0	0	5	0	0	0	0	0	0
LT934125.1	+	27846	28632	NOV_TX_1521	UL31.3-S::x;UL31.3-S::x	6	2	0	0	0	0	0	0	0	0	0	0	0	0	0	0	0	0	0	5	0	0	0	0	6
LT934125.1	+	28505	28632	NOV_TX_697	UL31.3-S::x;UL31.3-S::x	11	2	0	0	0	0	3	0	0	0	0	0	0	0	0	0	0	11	0	0	0	0	0	0	0
LT934125.1	+	28511	28632	NOV_TX_829	UL31.3-S::x;UL31.3-S::x	21	2	0	0	0	0	0	0	0	0	0	0	0	0	0	0	0	0	21	0	0	0	12	0	0
LT934125.1	+	30240	32415	NOV_TX_1532	UL33-34-35::5`-long;UL33-34-35::5`-long;UL33-34-35::5`-long;UL33-34-35::5`-long;UL33-34-35::5`-long;UL33-34-35::5`-long;UL33-34-35::5`-long;UL33-34-35::5`-long;UL33-34-35::5`-long;UL33-34-35::5`-long;UL33-34-35::5`-long	81	11	81	1	0	0	15	24	0	0	0	0	19	0	0	0	3	6	18	57	0	0	0	24	39
LT934125.1	+	30684	32415	NOV_TX_50	UL34L2-35::5`-long;UL34L2-35::5`-long	19	2	19	0	0	0	0	0	0	0	0	0	0	0	0	0	2	0	0	0	0	0	0	0	0
LT934125.1	+	31098	31198	NOV_TX_1546	UL33::5`-short;UL33::5`-short;UL33::5`-short;UL33::5`-short;UL33::5`-short;UL33::5`-short;UL33::5`-short;UL33::5`-short;UL33::5`-short;UL33::5`-short	84	10	84	0	0	0	0	7	0	0	0	0	23	0	0	1	0	7	5	55	0	0	10	17	33
LT934125.1	+	31149	32415	NOV_TX_1549	UL34-35::5`-short;UL34-35::5`-short;UL34-35::5`-short;UL34-35::5`-short;UL34-35::5`-short;UL34-35::5`-short;UL34-35::5`-short;UL34-35::5`-short;UL34-35::5`-short;UL34-35::5`-short;UL34-35::5`-short	173	11	173	0	0	0	7	33	0	0	0	0	78	0	0	0	11	32	36	94	0	0	13	49	146
LT934125.1	+	31211	32415	NOV_TX_345	UL34-35::5`-short;UL34-35::5`-short	42	2	0	0	0	0	0	15	0	0	0	0	0	0	0	0	0	0	0	0	0	0	0	0	42
LT934125.1	+	31268	32415	NOV_TX_51	UL35-L6::5`-long;UL35-L6::5`-long	28	2	28	0	0	0	0	0	0	0	0	0	0	0	0	0	0	0	0	0	0	0	0	16	0
LT934125.1	+	31270	32415	NOV_TX_1559	UL35-L6::5`-long;UL35-L6::5`-long	58	2	0	0	0	0	0	0	0	0	0	0	58	0	0	0	1	0	0	0	0	0	0	0	0
LT934125.1	+	31271	32415	NOV_TX_1556	UL35-L6::5`-long;UL35-L6::5`-long;UL35-L6::5`-long	69	3	53	0	0	0	0	0	0	0	0	0	0	0	0	0	0	0	0	69	0	0	10	0	0
LT934125.1	+	31357	32415	NOV_TX_1564	UL35-L6::5`-short;UL35-L6::5`-short;UL35-L6::5`-short	425	3	0	0	0	0	0	102	0	0	0	0	391	0	0	0	0	0	0	425	0	0	0	0	0
LT934125.1	+	31378	32415	NOV_TX_1562	UL35-L5::5`-long;UL35-L6::5`-short;UL35-L6::5`-short	48	2	48	0	0	0	0	0	0	0	0	0	0	0	1	0	0	0	0	0	0	0	0	0	0
LT934125.1	+	31381	32415	NOV_TX_1563	UL35-L5::5`-long;UL35-L6::5`-short;UL35-L5::5`-long;UL35-L6::5`-short	6	2	0	0	0	0	6	0	0	0	0	0	0	0	0	0	3	0	0	0	0	0	0	0	0
LT934125.1	+	31456	32415	NOV_TX_1567	UL35-L4::5`-long;UL35-L4::5`-long	63	2	0	0	0	1	0	0	0	0	0	0	0	0	0	0	0	0	0	63	0	0	0	0	0
LT934125.1	+	31457	32415	NOV_TX_1566	UL35-L4::5`-long;UL35-L4::5`-long;UL35-L4::5`-long	80	3	80	0	0	0	0	0	0	0	0	0	46	0	0	0	0	0	0	0	0	0	3	0	0
LT934125.1	+	31507	32415	NOV_TX_52	UL35-L4::5`-short;UL35-L4::5`-short;UL35-L4::5`-short;UL35-L4::5`-short;UL35-L4::5`-short	109	5	109	0	0	0	6	0	0	0	0	0	0	0	0	0	0	0	22	0	0	0	14	0	49
LT934125.1	+	31562	32415	NOV_TX_1570	UL35-L4::5`-short;UL35-L4::5`-short	39	2	0	0	0	0	0	0	0	0	0	0	39	0	0	0	0	0	0	0	0	0	0	12	0
LT934125.1	+	31605	32415	NOV_TX_1573	UL35-L3::5`-long;UL35-L3::5`-long;UL35-L3::5`-long	67	3	67	0	0	0	0	0	0	0	0	0	0	0	0	0	0	0	0	35	0	0	11	0	0
LT934125.1	+	31675	32415	NOV_TX_347	UL35-L3::5`-long;UL35-L3::5`-long	11	2	0	0	0	0	0	6	0	0	0	0	0	0	0	0	0	0	11	0	0	0	0	0	0
LT934125.1	+	31726	32415	NOV_TX_348	UL35-L3::5`-short;UL35-L3::5`-short;UL35-L3::5`-short	9	3	0	0	0	0	0	9	0	0	0	0	0	0	0	0	2	0	0	0	0	0	8	0	0
LT934125.1	+	31769	32415	NOV_TX_1579	UL35-L3::5`-short;UL35-L2::5`-long;UL35-L2::5`-long;UL35-L3::5`-short	59	2	59	0	0	0	0	0	0	0	0	0	0	0	0	0	0	0	0	0	0	0	6	0	0
LT934125.1	+	31795	32415	NOV_TX_215	UL35-L2::5`-long;UL35-L2::5`-long;UL35-L2::5`-long;UL35-L2::5`-long	181	4	0	0	0	0	4	0	0	0	0	0	67	0	0	0	0	0	0	181	0	0	0	0	110
LT934125.1	+	31859	32415	NOV_TX_1583	UL35-L2::5`-short;UL35-L2::5`-short;UL35-L2::5`-short;UL35-L2::5`-short;UL35-L2::5`-short;UL35-L2::5`-short;UL35-L2::5`-short;UL35-L2::5`-short	107	8	42	0	0	0	5	7	0	0	0	0	18	0	0	0	0	0	13	107	0	0	0	16	67
LT934125.1	+	31862	32415	NOV_TX_1585	UL35-L2::5`-short;UL35-L2::5`-short	53	2	0	0	0	0	0	0	0	0	0	0	53	0	0	0	0	0	0	0	0	0	5	0	0
LT934125.1	+	31933	32415	NOV_TX_1589	UL35-L::5`-short;UL35-L::5`-short	13	2	12	0	0	0	0	0	0	0	0	0	0	0	0	0	0	0	0	13	0	0	0	0	0
LT934125.1	+	32036	32415	NOV_TX_1593	UL35::5`-long;UL35::5`-long;UL35::5`-long	14	3	0	0	0	2	0	0	0	0	0	0	0	0	0	1	0	14	0	0	0	0	0	0	0
LT934125.1	+	32091	32415	NOV_TX_1596	UL35.2::5`-long;UL35.2::5`-long;UL35.2::5`-long;UL35.2::5`-long;UL35.2::5`-long;UL35.2::5`-long;UL35.2::5`-long;UL35.2::5`-long	13	8	5	0	0	0	0	0	0	0	0	0	13	0	0	0	0	2	5	12	0	0	1	3	8
LT934125.1	+	32095	32415	NOV_TX_1595	UL35.2::5`-short;UL35.2::5`-short	189	2	189	0	0	0	0	0	0	0	0	0	0	0	0	0	0	0	0	0	0	0	3	0	0
LT934125.1	+	32161	32415	NOV_TX_1600	TRL35::5`-long;TRL35::5`-long	50	2	0	0	0	0	0	0	0	0	0	0	36	0	0	0	0	0	0	50	0	0	0	0	0
LT934125.1	+	32167	32415	NOV_TX_54	TRL35::5`-short;TRL35::5`-short;TRL35::5`-short;TRL35::5`-short	87	4	87	0	0	0	4	0	0	0	0	0	0	0	0	0	1	0	15	0	0	0	0	0	0
LT934125.1	+	32173	32415	NOV_TX_1117	TRL35::5`-short;TRL35::5`-short	196	2	0	0	0	0	0	0	0	0	0	0	0	0	0	0	0	0	0	0	0	0	0	75	196
LT934125.1	+	32256	32415	NOV_TX_946	TRL35::5`-short;TRL35::5`-short;TRL35::5`-short	924	3	0	0	0	0	0	0	0	0	0	0	0	0	0	0	0	0	0	924	0	0	0	203	476
LT934125.1	+	32269	32415	NOV_TX_55	TRL35::5`-short;TRL35::5`-short;TRL35::5`-short;TRL35::5`-short;TRL35::5`-short	715	5	715	0	0	0	0	107	0	0	0	0	569	0	0	0	0	74	137	0	0	0	0	0	0
LT934125.1	+	45064	46038	NOV_TX_1612	UL38.3::5`-short;UL38.3::5`-short	27	2	18	0	0	0	0	0	0	0	0	0	27	0	0	0	0	0	0	0	0	0	0	0	0
LT934125.1	+	45110	46038	NOV_TX_1615	UL38.3::5`-short;UL38.3::5`-short;UL38.3::5`-short	23	3	23	0	0	0	0	0	0	0	0	0	19	0	0	0	0	0	9	0	0	0	0	0	0
LT934125.1	+	45313	46038	NOV_TX_57	UL38.4::5`-short;UL38.4::5`-short;UL38.4::5`-short;UL38.4::5`-short	41	4	12	0	0	0	0	0	0	0	0	0	0	0	0	0	0	0	0	41	0	0	0	10	13
LT934125.1	+	45394	46038	NOV_TX_605	UL38.5::5`-long;UL38.5::5`-long;UL38.5::5`-long;UL38.5::5`-long	121	4	0	0	0	0	0	0	0	0	0	0	0	0	0	0	3	0	6	121	0	0	0	46	0
LT934125.1	+	45496	46038	NOV_TX_471	UL38.6-S::5`-long;UL38.6-S::5`-long;UL38.6-S::5`-long;UL38.6-S::5`-long;UL38.6-S::5`-long;UL38.6-S::5`-long	33	6	0	0	0	0	0	2	0	0	0	0	14	0	0	0	0	0	0	33	0	0	1	9	19
LT934125.1	+	45626	46038	NOV_TX_1627	UL38.6-S::5`-short;UL38.6-S::5`-short	10	2	7	0	0	0	0	0	0	0	0	0	0	0	0	0	0	0	0	0	0	0	0	10	0
LT934125.1	+	45726	46038	NOV_TX_1632	UL38.6-S::5`-short;UL38.6-S::5`-short;UL38.6-S::5`-short	65	3	0	0	0	0	0	9	0	0	0	0	65	0	0	0	0	6	0	0	0	0	0	0	0
LT934125.1	+	45866	46038	NOV_TX_1646	UL38.6-S::5`-short;UL38.6-S::5`-short	130	2	0	0	0	0	0	0	0	0	0	0	0	0	0	0	0	0	0	0	0	0	18	130	0
LT934125.1	+	45909	46038	NOV_TX_351	UL38.6-S::5`-short;UL38.6-S::5`-short;UL38.6-S::5`-short	253	3	0	0	0	0	0	29	0	0	0	0	0	0	0	0	0	0	0	253	0	0	0	0	139
LT934125.1	+	46165	49647	NOV_TX_1652	UL39-40::5`-long;UL39-40::5`-long	16	2	16	0	0	0	0	0	0	0	0	0	0	0	0	0	0	0	4	0	0	0	0	0	0
LT934125.1	+	46171	49647	NOV_TX_1653	UL39-40::5`-long;UL39-40::5`-long	9	2	0	0	0	0	0	0	0	0	0	0	9	0	0	0	0	1	0	0	0	0	0	0	0
LT934125.1	+	46782	49647	NOV_TX_1661	UL40-L21::5`-short;UL40-L21::5`-short;UL40-L21::5`-short	10	3	10	0	0	0	0	0	0	0	0	0	0	0	0	0	0	4	0	0	0	0	0	0	9
LT934125.1	+	47066	49647	NOV_TX_446	UL40-L20::5`-long;UL40-L20::5`-long	8	2	0	0	0	0	0	0	0	0	0	1	0	0	0	0	0	0	8	0	0	0	0	0	0
LT934125.1	+	47735	49647	NOV_TX_1674	UL40-L8::5`-short;UL40-L7::5`-long;UL40-L8::5`-short	7	2	0	0	0	0	0	1	0	0	0	0	7	0	0	0	0	0	0	0	0	0	0	0	0
LT934125.1	+	47771	49647	NOV_TX_839	UL40-L7::5`-long;UL40-L7::5`-long	6	2	0	0	0	0	0	0	0	0	0	0	0	0	0	0	0	0	3	0	0	0	0	6	0
LT934125.1	+	48014	49647	NOV_TX_1685	UL40-L4::5`-long;UL40-L4::5`-long	10	2	0	0	0	0	0	0	0	0	0	0	0	0	0	0	0	0	4	0	0	0	0	0	10
LT934125.1	+	48115	49647	NOV_TX_353	UL40-L4::5`-short;UL40-L4::5`-short	6	2	0	0	0	0	0	6	0	0	0	0	0	0	0	0	0	4	0	0	0	0	0	0	0
LT934125.1	+	48172	49647	NOV_TX_1692	UL40-L4::5`-short;UL40-L4::5`-short;UL40-L4::5`-short	27	3	0	0	0	0	0	10	0	0	0	0	0	0	0	0	0	0	0	0	0	0	0	14	27
LT934125.1	+	48173	49647	NOV_TX_1691	UL40-L4::5`-short;UL40-L3::5`-long;UL40-L4::5`-short	63	2	63	0	0	0	0	0	0	0	0	0	0	0	0	0	0	8	0	0	0	0	0	0	0
LT934125.1	+	48253	49647	NOV_TX_472	UL40-L3::5`-long;UL40-L3::5`-long;UL40-L3::5`-long;UL40-L3::5`-long	31	4	0	0	0	0	2	0	0	0	0	0	31	0	0	0	3	0	0	29	0	0	0	0	0
LT934125.1	+	48347	49647	NOV_TX_1702	UL40-L3::5`-short;UL40-L2::5`-long;UL40-L2::5`-long;UL40-L3::5`-short;UL40-L3::5`-short	12	3	0	0	0	0	0	0	0	0	0	0	0	0	0	0	0	12	0	0	0	4	4	0	0
LT934125.1	+	48362	49647	NOV_TX_1700	UL40-L2::5`-long;UL40-L3::5`-short;UL40-L2::5`-long;UL40-L2::5`-long;UL40-L3::5`-short	170	3	170	0	0	0	0	0	0	1	0	0	159	0	0	0	0	0	0	0	0	0	0	0	0
LT934125.1	+	48373	49647	NOV_TX_224	UL40-L2::5`-long;UL40-L2::5`-long	72	2	0	0	0	0	2	0	0	0	0	0	72	0	0	0	0	0	0	0	0	0	0	0	0
LT934125.1	+	48494	49647	NOV_TX_1705	UL40-S::5`-long;UL40-S::5`-long	27	2	19	0	0	0	0	0	0	0	0	0	27	0	0	0	0	0	0	0	0	0	0	0	0
LT934125.1	+	48520	49647	NOV_TX_473	UL40-S::5`-short;UL40-S::5`-short;UL40-S::5`-short;UL40-S::5`-short;UL40-S::5`-short	67	5	0	0	0	0	0	0	0	0	0	0	67	0	0	0	0	0	22	41	0	0	0	28	44
LT934125.1	+	48750	49647	NOV_TX_1716	UL40.3::5`-short;UL40.3::5`-short	65	2	65	0	0	0	0	0	0	0	0	0	0	0	0	0	0	0	0	0	0	0	14	0	0
LT934125.1	+	48784	49647	NOV_TX_1718	UL40.3-S::5`-long;UL40.3-S::5`-long	100	2	0	0	0	0	0	0	0	0	0	0	100	0	0	0	3	0	0	0	0	0	0	0	0
LT934125.1	+	48794	49647	NOV_TX_1717	UL40.3-S::5`-long;UL40.3-S::5`-long;UL40.3-S::5`-long	34	3	34	0	0	0	0	12	0	0	0	0	0	0	0	0	0	0	0	0	0	0	9	0	0
LT934125.1	+	48856	49647	NOV_TX_474	UL40.3-S::5`-short;UL40.3-S::5`-short;UL40.3-S::5`-short;UL40.3-S::5`-short;UL40.3-S::5`-short;UL40.3-S::5`-short;UL40.3-S::5`-short	62	7	0	0	0	0	0	14	0	0	0	0	22	0	2	0	0	0	0	62	0	0	20	36	58
LT934125.1	+	48868	49647	NOV_TX_1723	UL40.3-S::5`-short;UL40.3-S2::5`-long;UL40.3-S2::5`-long	14	2	0	0	1	0	0	0	0	0	0	0	0	0	0	0	14	0	0	0	0	0	0	0	0
LT934125.1	+	48878	49647	NOV_TX_1724	UL40.3-S2::5`-long;UL40.3-S2::5`-long	248	2	248	0	0	0	0	0	0	0	0	0	0	0	0	0	0	0	0	0	2	0	0	0	0
LT934125.1	+	49047	49647	NOV_TX_609	TRL40::5`-long;TRL40::5`-long	16	2	0	0	0	0	0	0	0	0	0	0	0	0	0	0	9	0	0	0	0	0	16	0	0
LT934125.1	+	49082	49647	NOV_TX_1735	TRL40::5`-long;TRL40::5`-long;TRL40::5`-long	15	3	0	0	0	0	3	15	0	0	0	0	0	0	0	0	6	0	0	0	0	0	0	0	0
LT934125.1	+	49224	49647	NOV_TX_1742	UL40.6::5`-short;UL40.6-S::5`-long;UL40.6-S::5`-long;UL40.6::5`-short	263	2	0	0	0	0	0	0	0	0	0	0	263	0	0	0	0	0	0	0	0	0	19	0	0
LT934125.1	+	49261	49647	NOV_TX_1747	UL40.6-S::5`-long;UL40.6-S::5`-long;UL40.6-S::5`-long	7	3	0	0	0	0	0	0	0	0	0	0	0	0	0	0	1	0	0	2	0	0	0	0	7
LT934125.1	+	49307	49647	NOV_TX_228	UL40.6-S::5`-short;UL40.6-S::5`-short	6	2	0	0	0	0	6	0	0	0	0	0	0	0	2	0	0	0	0	0	0	0	0	0	0
LT934125.1	+	49318	49647	NOV_TX_355	UL40.6-S::5`-short;UL40.6-S::5`-short	69	2	0	0	0	0	0	18	0	0	0	0	69	0	0	0	0	0	0	0	0	0	0	0	0
LT934125.1	+	49331	49647	NOV_TX_1749	UL40.6-S::5`-short;UL40.6-S::5`-short;UL40.6-S::5`-short;UL40.6-S::5`-short	71	4	71	0	0	0	0	0	0	0	0	0	0	0	0	0	6	16	28	0	0	0	0	0	0
LT934125.1	+	49411	49647	NOV_TX_170	UL40.6-S::5`-short;UL40.6-S::5`-short	67	2	0	0	0	2	0	67	0	0	0	0	0	0	0	0	0	0	0	0	0	0	0	0	0
LT934125.1	+	49433	49647	NOV_TX_61	UL40.6-S::5`-short;UL40.6-S::5`-short;UL40.6-S::5`-short	379	3	379	0	0	0	0	0	0	0	0	0	345	0	0	0	0	0	0	0	0	0	44	0	0
LT934125.1	+	49501	49647	NOV_TX_1754	UL40.6-S::5`-short;UL40.6-S::5`-short;UL40.6-S::5`-short;UL40.6-S::5`-short;UL40.6-S::5`-short;UL40.6-S::5`-short;UL40.6-S::5`-short;UL40.6-S::5`-short;UL40.6-S::5`-short	511	9	511	0	0	0	0	197	0	0	0	0	438	0	3	0	0	0	0	249	0	12	102	224	311
LT934125.1	+	49506	49647	NOV_TX_1755	UL40.6-S::5`-short;UL40.6-S::5`-short;UL40.6-S::5`-short;UL40.6-S::5`-short	206	4	206	0	0	0	0	0	0	0	0	0	166	0	0	0	0	85	105	0	0	0	0	0	0
LT934125.1	+	49543	49647	NOV_TX_62	UL40.6-S::5`-short;UL40.6-S::5`-short;UL40.6-S::5`-short;UL40.6-S::5`-short;UL40.6-S::5`-short	179	5	179	0	0	0	10	0	0	0	0	0	0	0	1	0	8	0	0	0	0	0	0	40	0
LT934125.1	+	51235	52435	NOV_TX_1760	UL42::3`-short;UL42::3`-short;UL42::3`-short;UL42::3`-short;UL42::3`-short;UL42::3`-short;UL42::3`-short;UL42::3`-short;UL42::3`-short;UL42::3`-short;UL42::3`-short;UL42::3`-short;UL42::3`-short;UL42::3`-short;UL42::3`-short	86	15	38	0	0	3	5	5	0	0	0	0	17	1	0	3	6	10	7	86	0	4	6	33	35
LT934125.1	+	51235	53594	NOV_TX_1761	UL42L-43::5`-short;UL42L-43::5`-short;UL42L-43::5`-short;UL42L-43::5`-short;UL42L-43::5`-short;UL42L-43::5`-short;UL42L-43::5`-short;UL42L-43::5`-short;UL42L-43::5`-short;UL42L-43::5`-short;UL42L-43::5`-short;UL42L-43::5`-short;UL42L-43::5`-short;UL42L-43::5`-short	142	14	142	0	0	1	19	22	0	0	0	0	29	0	0	5	9	14	15	68	0	1	8	40	90
LT934125.1	+	51282	52435	NOV_TX_229	UL42::5`-short;UL42::5`-short;UL42::~	11	2	0	0	0	0	4	0	0	0	0	0	0	0	0	0	0	0	0	0	0	0	11	0	0
LT934125.1	+	51296	52435	NOV_TX_1775	UL42::5`-short;UL42::5`-short;UL42::~	71	2	0	0	0	0	0	0	0	0	0	0	0	0	0	0	0	0	0	0	0	0	12	0	71
LT934125.1	+	51307	52435	NOV_TX_1771	UL42::5`-short;UL42::~;UL42::5`-short	35	2	0	0	0	0	0	0	0	0	0	0	35	0	0	0	1	0	0	0	0	0	0	0	0
LT934125.1	+	51332	52435	NOV_TX_63	UL42::5`-short;UL42::5`-short;UL42::~;UL42::5`-short	62	3	34	0	0	0	0	0	0	0	0	0	0	0	0	0	0	0	0	62	0	0	0	33	0
LT934125.1	+	51525	52435	NOV_TX_1783	UL42.3::5`-short;UL42.3::5`-short	36	2	0	0	0	0	0	0	0	0	0	0	0	0	0	0	0	0	0	0	0	6	36	0	0
LT934125.1	+	51574	52435	NOV_TX_567	UL42.3::5`-short;UL42.3::5`-short;UL42.3::5`-short;UL42.3::5`-short	128	4	0	0	0	0	0	0	0	0	0	0	0	0	0	1	0	0	0	0	0	2	0	66	128
LT934125.1	+	51586	52435	NOV_TX_1788	UL42.3::5`-short;UL42.3::5`-short	15	2	0	0	0	0	0	0	0	0	0	0	0	0	0	0	6	0	0	0	0	0	15	0	0
LT934125.1	+	51599	52435	NOV_TX_1787	UL42.3::5`-short;UL42.3::5`-short;UL42.3::~	68	2	0	0	0	0	0	0	0	0	0	0	36	0	0	0	0	0	0	68	0	0	0	0	0
LT934125.1	+	51681	52435	NOV_TX_1791	UL42.3::5`-short;UL42.3::5`-short;UL42.3::5`-short	60	3	13	0	0	0	0	0	0	0	0	0	0	0	0	0	0	0	0	60	0	0	5	0	0
LT934125.1	+	51690	52435	NOV_TX_1794	UL42.3::5`-short;UL42.3::5`-short;UL42.3::5`-short;UL42.3::5`-short;UL42.3::c;UL42.3::5`-short;UL42.3::5`-short;UL42.3::5`-short;UL42.3::c	45	7	45	0	0	0	4	8	0	0	0	0	0	0	0	0	3	14	17	0	0	0	0	33	0
LT934125.1	+	51738	52435	NOV_TX_1807	UL42.3::5`-short;UL42.3::5`-short	65	2	0	0	0	0	0	0	0	0	0	0	65	0	0	0	3	0	0	0	0	0	0	0	0
LT934125.1	+	51752	52435	NOV_TX_1801	UL42.3::5`-short;UL42.3::5`-short;UL42.3::5`-short;UL42.3::c;UL42.3::5`-short;UL42.3::5`-short;UL42.3::c	169	5	43	0	0	0	0	0	0	0	0	0	0	0	0	0	0	0	24	169	0	0	0	66	95
LT934125.1	+	51759	52435	NOV_TX_1802	UL42.3::5`-short;UL42.3::5`-short	40	2	40	0	0	0	0	0	0	0	0	0	0	0	0	0	0	11	0	0	0	0	0	0	0
LT934125.1	+	51813	52435	NOV_TX_1810	UL42.3::5`-short;UL42.5::5`-long;UL42.3::5`-short;UL42.5::5`-long	25	2	25	0	0	0	0	0	0	0	0	0	0	0	0	0	0	0	0	0	0	0	4	0	0
LT934125.1	+	51903	52435	NOV_TX_1819	UL42.5::5`-long;UL42.5::5`-long	22	2	0	0	0	0	0	0	0	0	0	0	0	0	0	0	0	0	0	0	0	0	5	22	0
LT934125.1	+	51990	52435	NOV_TX_1820	UL42.5::5`-long;UL42.5::5`-long	30	2	30	0	0	0	0	0	0	0	0	0	0	0	0	0	1	0	0	0	0	0	0	0	0
LT934125.1	+	52004	52435	NOV_TX_1055	UL42.5::5`-long;UL42.5::5`-long	19	2	0	0	0	0	0	0	0	0	0	0	0	0	0	0	0	0	0	0	0	0	7	19	0
LT934125.1	+	52028	52435	NOV_TX_956	UL42.5::5`-long;UL42.5::5`-long;UL42.5::~;UL42.5::~	183	2	0	0	0	0	0	0	0	0	0	0	0	0	0	0	0	0	0	183	0	0	0	0	105
LT934125.1	+	52047	52435	NOV_TX_1826	UL42.5::5`-long;UL42.5::5`-long;UL42.5::5`-long	82	3	82	0	0	0	0	0	0	0	0	0	0	0	0	0	6	0	0	0	0	0	11	0	0
LT934125.1	+	52119	52435	NOV_TX_1842	UL42.5::5`-long;UL42.5::3`-short;UL42.5::5`-long;UL42.5::5`-long	16	3	0	0	0	0	0	0	0	0	0	0	16	0	0	0	0	0	0	0	0	0	3	0	13
LT934125.1	+	52172	52435	NOV_TX_1852	UL42.5::5`-short;UL42.5::5`-short;UL42.5::~;UL42.5::5`-short;UL42.5::~	18	3	0	0	0	0	0	14	0	0	0	0	0	0	0	0	10	18	0	0	0	0	0	0	0
LT934125.1	+	52201	52435	NOV_TX_435	UL42.5::5`-short;UL42.5::5`-short;UL42.5::c	169	2	0	0	0	0	0	0	1	0	0	0	0	0	0	0	0	0	0	0	0	0	0	0	169
LT934125.1	+	52298	52435	NOV_TX_957	UL42.5-S::5`-long;UL42.5-S::~;UL42.5-S::5`-long;UL42.5-S::3`-short	55	2	0	0	0	0	0	0	0	0	0	0	0	0	0	0	0	0	0	55	0	0	0	20	0
LT934125.1	+	52382	53594	NOV_TX_1868	UL43::5`-long;UL43::5`-long	10	2	0	0	0	0	0	0	0	0	0	0	0	0	0	0	0	0	0	10	0	0	6	0	0
LT934125.1	+	52460	55271	NOV_TX_1870	UL43-44::3`-long;UL43-44::3`-long;UL43-44::3`-long;UL43-44::3`-long	5	4	5	0	0	0	1	3	0	0	0	0	0	0	0	0	0	0	0	0	0	0	0	0	2
LT934125.1	+	52549	53594	NOV_TX_66	UL43-S::5`-short;UL43-S::5`-short;UL43-S::5`-short;UL43.6::5`-long;UL43-S::5`-short	14	4	7	0	0	0	1	0	0	0	0	0	14	0	0	0	0	0	3	0	0	0	0	0	0
LT934125.1	+	52549	55161	NOV_TX_1872	UL43-44::5`-short;UL43-44::5`-short;UL44-L6::5`-long;UL43-44::5`-short	5	3	5	0	0	0	0	0	0	0	0	0	5	0	0	0	0	0	1	0	0	0	0	0	0
LT934125.1	+	52562	53594	NOV_TX_1871	UL43.6::5`-long;UL43.6::5`-long;UL43-S::5`-short;UL43.6::5`-long	22	3	22	0	0	0	0	0	0	0	0	0	0	0	0	0	0	0	0	0	0	0	0	10	21
LT934125.1	+	52684	53594	NOV_TX_1876	UL43.6::5`-short;UL43.6::5`-short;UL43.6::5`-short	8	3	8	0	0	0	0	5	0	0	0	0	4	0	0	0	0	0	0	0	0	0	0	0	0
LT934125.1	+	52716	53594	NOV_TX_1880	UL43.6::5`-short;UL43.6::5`-short;UL43.9::5`-long;UL43.6::5`-short;UL43.9::5`-long;UL43.6::5`-short;UL43.9::5`-long	22	4	0	0	0	0	1	0	0	0	0	0	0	0	0	0	0	0	0	0	0	0	6	9	22
LT934125.1	+	52842	53594	NOV_TX_1888	UL43.9-S::5`-short;UL43.9-S::5`-short;UL43.9-S::5`-short	24	3	0	0	0	0	0	0	0	0	0	0	24	0	0	1	0	0	0	0	0	0	18	0	0
LT934125.1	+	52882	53594	NOV_TX_1891	UL43.9-S::5`-short;UL43.9-S::5`-short	9	2	9	0	0	0	0	0	0	0	0	0	0	0	0	0	0	0	0	0	0	0	6	0	0
LT934125.1	+	52955	53594	NOV_TX_1896	UL43.9-S::5`-short;UL43.9-S::5`-short	52	2	0	0	0	0	0	9	0	0	0	0	0	0	0	0	0	0	0	0	0	0	0	0	52
LT934125.1	+	53004	53594	NOV_TX_1904	UL43.9-S::5`-short;UL43.9-S::5`-short	9	2	9	0	0	0	0	0	0	0	0	0	0	0	0	0	0	0	0	0	0	0	1	0	0
LT934125.1	+	53060	53594	NOV_TX_234	UL43.9-S::5`-short;UL43.9-S::5`-short;UL43.9-S::5`-short;UL43.9-S::5`-short;UL43.9-S::5`-short;UL43.9-S::5`-short	36	6	0	0	0	0	3	9	0	0	0	0	0	0	0	0	0	0	12	0	0	0	9	22	36
LT934125.1	+	53212	53594	NOV_TX_1911	UL43.13::5`-long;UL43.13::5`-long	7	2	0	0	0	0	1	0	0	0	0	0	0	0	0	0	0	7	0	0	0	0	0	0	0
LT934125.1	+	53303	53594	NOV_TX_1915	UL43.13::5`-long;UL43.13::5`-long	23	2	0	0	0	0	0	17	0	0	0	0	0	0	0	0	0	0	0	0	0	0	23	0	0
LT934125.1	+	53319	53594	NOV_TX_1913	UL43.13::5`-long;UL43.13::5`-long	26	2	26	0	0	0	0	0	0	0	0	0	0	0	0	0	0	13	0	0	0	0	0	0	0
LT934125.1	+	53319	55161	NOV_TX_1914	UL44-L3::5`-long;UL44-L3::5`-long	10	2	10	0	0	0	0	0	0	0	0	0	0	0	0	0	0	2	0	0	0	0	0	0	0
LT934125.1	+	53417	53594	NOV_TX_363	UL43.13::5`-long;UL43.13::5`-long	5	2	0	0	0	0	0	5	0	0	0	0	0	0	0	0	0	0	0	0	0	0	5	0	0
LT934125.1	+	53606	55161	NOV_TX_614	UL44::5`-long;UL44::5`-long;UL44::5`-long;UL44::5`-long	76	4	0	0	0	0	0	0	0	0	0	0	0	0	0	0	1	3	5	76	0	0	0	0	0
LT934125.1	+	53763	55161	NOV_TX_483	UL44.4::5`-short;UL44.4::5`-short;UL44.4::5`-short;UL44.4::5`-short;UL44.4::5`-short	157	5	0	0	0	0	0	0	0	0	0	0	39	0	0	0	2	6	0	157	0	0	0	0	34
LT934125.1	+	53902	55161	NOV_TX_1931	UL44.4-S2::5`-long;UL44.4-S2::5`-long;UL44.4-S2::5`-long;UL44.4-S2::5`-long	10	4	10	0	0	0	0	0	0	0	0	0	0	0	0	0	0	3	0	0	0	0	1	0	4
LT934125.1	+	54009	55161	NOV_TX_854	UL44.4-S5::5`-short;UL44.4-S5::5`-short	11	2	0	0	0	0	0	0	0	0	0	0	0	0	0	0	0	0	11	0	0	0	1	0	0
LT934125.1	+	54168	55161	NOV_TX_1951	UL44.4-S7::5`-short;UL44.4-S7::5`-short	5	2	3	0	0	0	0	0	0	0	0	0	5	0	0	0	0	0	0	0	0	0	0	0	0
LT934125.1	+	54251	55161	NOV_TX_1954	UL44.4-S9::5`-short;UL44.4-S9::5`-short	14	2	0	0	0	0	0	0	0	0	0	0	14	0	0	0	0	0	0	0	0	0	0	0	7
LT934125.1	+	54375	55161	NOV_TX_69	UL44.4-S13::5`-short;UL44.4-S13::5`-short	28	2	28	0	0	0	0	0	0	0	0	0	0	0	0	0	0	5	0	0	0	0	0	0	0
LT934125.1	+	54547	55161	NOV_TX_857	UL44.4-S18::5`-short;UL44.4-S19::5`-long;UL44.4-S19::5`-long	6	2	0	0	0	0	0	0	0	0	0	0	0	0	0	0	0	0	6	0	0	1	0	0	0
LT934125.1	+	54626	55161	NOV_TX_1970	UL44.4-S19::5`-short;UL44.4-S19::5`-short	103	2	60	0	0	0	0	0	0	0	0	0	103	0	0	0	0	0	0	0	0	0	0	0	0
LT934125.1	+	54658	55161	NOV_TX_615	UL44.4-S20::5`-long;UL44.4-S20::5`-long	94	2	0	0	0	0	0	0	0	0	0	0	0	0	0	0	3	0	0	0	0	0	0	0	94
LT934125.1	+	54743	55161	NOV_TX_1982	UL44.4-S20::5`-short;UL44.4-S20::5`-short;UL44.4-S20::5`-short	60	3	0	0	0	0	0	0	0	0	0	0	0	0	0	1	0	23	60	0	0	0	0	0	0
LT934125.1	+	54745	55161	NOV_TX_1979	UL44.4-S20::5`-short;UL44.4-S20::5`-short	611	2	139	0	0	0	0	0	0	0	0	0	0	0	0	0	0	0	0	611	0	0	0	0	0
LT934125.1	+	54887	55161	NOV_TX_240	UL44.4-S22::5`-long;UL44.4-S22::5`-long	56	2	0	0	0	0	1	0	0	0	0	0	0	0	0	0	0	0	0	0	0	0	0	0	56
LT934125.1	+	54897	55161	NOV_TX_368	UL44.4-S22::5`-long;UL44.4-S22::5`-long;UL44.4-S22::5`-long	39	3	0	0	0	0	0	4	0	0	0	0	0	0	0	0	0	0	0	39	0	0	0	4	0
LT934125.1	+	54938	55161	NOV_TX_1995	UL44.4-S23::5`-long;UL44.4-S22::5`-short;UL44.4-S23::5`-long;UL44.4-S22::5`-short;UL44.4-S23::5`-long;UL44.4-S22::5`-short;UL44.4-S23::5`-long;UL44.4-S22::5`-short;UL44.4-S22::5`-short;UL44.4-S23::5`-long;UL44.4-S23::5`-long;UL44.4-S22::5`-short	1027	6	0	0	0	0	0	0	0	0	0	0	409	0	0	0	0	0	83	1027	0	0	12	106	364
LT934125.1	+	55038	55161	NOV_TX_1998	UL44.4-S23::5`-short;UL44.4-S23::5`-short;UL44.4-S23::5`-short;UL44.4-S23::5`-short	436	4	185	0	0	0	0	0	0	0	0	0	218	0	0	0	0	0	0	436	0	0	0	0	182
LT934125.1	+	59153	60251	NOV_TX_2011	UL23::5`-short;UL23::5`-short	18	2	0	0	0	0	0	0	0	0	0	0	0	0	0	0	0	11	0	0	0	0	18	0	0
LT934125.1	+	59192	60251	NOV_TX_486	UL23.4::5`-long;UL23.4::5`-long	20	2	0	0	0	0	0	0	0	0	0	0	20	0	0	0	0	0	0	0	0	0	3	0	0
LT934125.1	+	59333	60251	NOV_TX_2022	UL23.4::5`-short;UL23.4::5`-short;UL23.4::5`-short	7	3	5	0	0	0	0	0	0	0	0	0	0	0	0	0	0	0	0	7	0	0	0	0	7
LT934125.1	+	59471	60251	NOV_TX_2033	UL23.4-S::5`-short;UL23.4-S::5`-short	9	2	9	0	0	0	0	0	0	0	0	0	0	0	0	0	0	4	0	0	0	0	0	0	0
LT934125.1	+	59557	60251	NOV_TX_862	UL23.4-S::5`-short;UL23.4-S::5`-short	21	2	0	0	0	0	0	0	0	0	0	0	0	0	0	0	0	0	10	0	0	0	0	21	0
LT934125.1	+	59602	60251	NOV_TX_1062	UL23.6::5`-long;UL23.4-S::5`-short;UL23.4-S::5`-short	16	2	0	0	0	0	0	0	0	0	0	0	0	0	2	0	0	0	0	0	0	0	16	0	0
LT934125.1	+	59674	60251	NOV_TX_246	UL23.6::5`-long;UL23.6::5`-long	11	2	0	0	0	0	6	0	0	0	0	0	0	0	0	0	0	11	0	0	0	0	0	0	0
LT934125.1	+	59731	60251	NOV_TX_2044	UL23.6::5`-long;UL23.6::5`-long;UL23.6::5`-long;UL23.6::5`-long;UL23.6::5`-long;UL23.6::5`-long	19	6	0	0	0	0	0	6	0	0	0	0	19	0	0	0	1	10	6	0	0	0	0	15	0
LT934125.1	+	59950	60251	NOV_TX_864	UL23.6::5`-short;UL23.6::5`-short	16	2	0	0	0	0	0	0	0	0	0	0	0	0	0	0	0	0	8	0	0	0	0	16	0
LT934125.1	+	59989	60251	NOV_TX_144	UL23.6::5`-short;UL23.6::5`-short;UL23.6::5`-short	54	3	0	0	1	0	0	0	0	0	0	1	0	0	0	0	0	0	0	0	0	0	0	0	54
LT934125.1	+	60103	60251	NOV_TX_2055	UL23.6::5`-short;UL23.6::5`-short;UL23.6::5`-short	47	3	0	0	0	0	0	0	0	0	0	0	22	0	0	1	0	0	0	0	0	0	0	0	47
LT934125.1	+	60234	60354	NOV_TX_2060	UL23.6::o;UL23.6::o;UL23.6::o;UL23.6::o;UL23.6::o;UL23.6::o;UL23.6::o	18	7	18	0	0	0	0	6	0	0	0	0	0	0	0	0	0	1	0	8	0	0	2	9	6
LT934125.1	+	60376	62340	NOV_TX_2063	UL22::5`-short;UL22::5`-short	11	2	11	0	0	0	0	0	0	0	0	0	0	0	0	0	0	0	0	0	0	0	1	0	0
LT934125.1	+	61530	62340	NOV_TX_2083	UL22.8::5`-long;UL22.8::5`-long	11	2	0	0	0	0	0	0	0	0	0	0	11	0	0	0	0	1	0	0	0	0	0	0	0
LT934125.1	+	61687	62340	NOV_TX_74	UL22.8::5`-short;UL22.8::5`-short;UL22.8::5`-short;UL22.8::5`-short	88	4	62	0	0	0	0	0	0	0	0	0	0	0	0	0	0	14	21	88	0	0	0	0	0
LT934125.1	+	61699	62340	NOV_TX_1183	UL22.8::5`-short;UL22.8::5`-short	100	2	0	0	0	0	0	0	0	0	0	0	0	0	0	0	0	0	0	0	0	0	5	0	100
LT934125.1	+	61705	62340	NOV_TX_2088	UL22.8::5`-short;UL22.8::5`-short	146	2	146	0	0	0	0	0	0	0	0	0	0	0	0	0	0	0	0	0	0	0	0	47	0
LT934125.1	+	61814	62340	NOV_TX_488	UL22.11::5`-long;UL22.11::5`-long;UL22.11::5`-long;UL22.8::5`-short;UL22.8::5`-short;UL22.8::5`-short	50	3	0	0	0	0	0	0	0	0	0	0	50	0	0	0	0	10	0	0	0	0	0	0	26
LT934125.1	+	61822	62340	NOV_TX_75	UL22.11::5`-long;UL22.11::5`-long	35	2	35	0	0	0	0	0	0	0	0	1	0	0	0	0	0	0	0	0	0	0	0	0	0
LT934125.1	+	61835	62340	NOV_TX_2095	UL22.11::5`-long;UL22.11::5`-long	62	2	62	0	0	0	0	0	0	0	0	0	0	0	0	0	2	0	0	0	0	0	0	0	0
LT934125.1	+	61930	62340	NOV_TX_2100	UL22.11::5`-long;UL22.11::5`-long;UL22.11::5`-long	32	3	32	0	0	0	1	0	0	0	0	0	0	0	0	0	2	0	0	0	0	0	0	0	0
LT934125.1	+	61933	62340	NOV_TX_2104	UL22.11::5`-long;UL22.11::5`-long	44	2	0	0	0	0	0	0	0	0	0	0	44	0	0	0	0	0	0	0	0	0	0	0	33
LT934125.1	+	61939	62340	NOV_TX_2099	UL22.11::5`-long;UL22.11::5`-long;UL22.11::5`-long	49	3	34	0	0	0	0	0	0	0	0	0	49	0	0	0	0	0	24	0	0	0	0	0	0
LT934125.1	+	62038	62340	NOV_TX_76	UL22.11::5`-short;UL22.11::5`-short	117	2	72	0	0	0	0	0	0	0	0	0	0	0	0	0	0	0	0	117	0	0	0	0	0
LT934125.1	+	62152	62340	NOV_TX_77	UL22.13::5`-short;UL22.13::5`-short;UL22.13::5`-short	29	3	29	0	0	0	0	0	0	0	0	0	29	0	0	0	0	6	0	0	0	0	0	0	0
LT934125.1	+	62215	62340	NOV_TX_135	UL22.13::5`-short;UL22.13::5`-short;UL22.13::5`-short	317	3	0	1	0	0	0	0	0	0	0	0	0	0	0	0	0	0	0	317	0	0	0	0	266
LT934125.1	+	62233	62340	NOV_TX_490	UL22.13::5`-short;UL22.13::5`-short	132	2	0	0	0	0	0	0	0	0	0	0	132	0	0	0	0	0	28	0	0	0	0	0	0
LT934125.1	+	65807	71544	NOV_TX_2116	UL19-18::5`-long;UL19-18::5`-long;UL19-18::5`-long;UL19-18::5`-long;UL19-18::5`-long	5	5	3	0	0	1	0	0	0	0	0	0	0	0	0	0	0	0	0	2	0	0	0	1	5
LT934125.1	+	66427	70521	NOV_TX_2122	UL19::5`-short;UL19::5`-short	9	2	9	0	0	0	0	0	0	0	0	0	0	0	0	0	0	0	0	8	0	0	0	0	0
LT934125.1	+	67961	70521	NOV_TX_2146	UL19.18::5`-long;UL19.18::5`-long;UL19.18::5`-long;UL19.18::5`-long;UL19.18::5`-long	5	5	5	0	0	0	0	3	0	0	0	0	0	0	0	0	0	1	2	0	0	0	0	0	4
LT934125.1	+	68098	70521	NOV_TX_80	UL19.19-S::5`-long;UL19.19-S::5`-long	9	2	5	0	0	0	0	0	0	0	0	0	0	0	0	0	0	0	0	9	0	0	0	0	0
LT934125.1	+	68293	70521	NOV_TX_2159	UL19.20::5`-short;UL19.20::5`-short	23	2	23	0	0	0	0	0	0	0	0	0	0	0	0	0	0	0	0	0	0	0	2	0	0
LT934125.1	+	68372	70521	NOV_TX_2168	UL19.22::5`-short;UL19.22::5`-short	8	2	4	0	0	0	0	0	0	0	0	0	0	0	0	0	0	0	0	0	0	0	0	0	8
LT934125.1	+	68378	70521	NOV_TX_2172	UL19.22::5`-short;UL19.22::5`-short	19	2	0	0	0	0	0	0	0	0	0	0	4	0	0	0	0	0	0	19	0	0	0	0	0
LT934125.1	+	68460	70521	NOV_TX_2177	UL19.24-S::5`-short;UL19.24-S::5`-short	6	2	2	0	0	0	0	0	0	0	0	0	0	0	0	0	0	0	0	6	0	0	0	0	0
LT934125.1	+	68468	70521	NOV_TX_1186	UL19.24-S::5`-short;UL19.24-S::5`-short	7	2	0	0	0	0	0	1	0	0	0	0	0	0	0	0	0	0	0	0	0	0	0	0	7
LT934125.1	+	68504	70521	NOV_TX_2183	UL19.24-S2::5`-long;UL19.24-S::5`-short;UL19.24-S2::5`-long	21	2	0	0	0	0	0	0	0	0	0	0	0	0	0	0	0	0	0	21	0	0	0	9	0
LT934125.1	+	68560	70521	NOV_TX_2188	UL19.24-S2::5`-short;UL19.24-S2::5`-short;UL19.24-S2::5`-short	8	3	4	0	0	0	0	1	0	0	0	0	8	0	0	0	0	0	0	0	0	0	0	0	0
LT934125.1	+	68560	71544	NOV_TX_2187	UL18-L16::5`-long;UL18-L16::5`-long	5	2	5	0	0	0	0	0	0	0	0	0	2	0	0	0	0	0	0	0	0	0	0	0	0
LT934125.1	+	68600	70521	NOV_TX_2193	UL19.25::5`-long;UL19.24-S2::5`-short;UL19.24-S2::5`-short;UL19.25::5`-long	20	2	0	0	0	0	0	0	0	0	0	0	11	0	0	0	0	0	0	0	0	0	0	0	20
LT934125.1	+	68856	70521	NOV_TX_2207	UL19.27::5`-long;UL19.25-S::5`-short;UL19.27::5`-long;UL19.25-S::5`-short	9	2	9	0	0	0	0	0	0	0	0	0	7	0	0	0	0	0	0	0	0	0	0	0	0
LT934125.1	+	68856	71544	NOV_TX_2206	UL18-L14::5`-long;UL18-L14::5`-long	6	2	6	0	0	0	0	0	0	0	0	0	3	0	0	0	0	0	0	0	0	0	0	0	0
LT934125.1	+	68873	70521	NOV_TX_82	UL19.27::5`-long;UL19.27::5`-long;UL19.27::5`-long;UL19.27::5`-long;UL19.27::5`-long;UL19.27::5`-long	242	6	65	0	0	0	0	0	0	0	0	0	39	0	0	0	0	0	0	242	0	0	6	37	103
LT934125.1	+	69077	70521	NOV_TX_84	UL19.29::5`-short;UL19.29::5`-short;UL19.29::5`-short;UL19.29::5`-short	22	4	13	0	0	0	0	0	0	0	0	0	15	0	0	0	0	0	0	0	0	0	0	11	22
LT934125.1	+	69096	70521	NOV_TX_965	UL19.29::5`-short;UL19.29::5`-short	134	2	0	0	0	0	0	0	0	0	0	0	0	0	0	0	0	13	0	134	0	0	0	0	0
LT934125.1	+	69159	70521	NOV_TX_2221	UL19.30::5`-long;UL19.30::5`-long;UL19.30::5`-long;UL19.30::5`-long	113	4	50	0	0	0	0	0	0	0	0	0	113	0	0	0	0	0	15	0	0	0	22	0	0
LT934125.1	+	69159	71544	NOV_TX_2223	UL18-L13::5`-long;UL18-L13::5`-long;UL18-L13::5`-long	19	3	19	0	0	0	0	0	0	0	0	0	17	0	0	0	0	0	4	0	0	0	0	0	0
LT934125.1	+	69161	70521	NOV_TX_2227	UL19.30::5`-long;UL19.30::5`-long;UL19.30::5`-long;UL19.30::5`-long;UL19.30::5`-long	411	5	0	0	0	0	0	0	0	0	0	0	0	0	0	0	4	38	0	411	0	0	0	113	156
LT934125.1	+	69161	71544	NOV_TX_2228	UL18-L13::5`-long;UL18-L13::5`-long;UL18-L13::5`-long;UL18-L13::5`-long;UL18-L13::5`-long	11	5	0	0	0	0	0	0	0	0	0	0	0	0	0	0	1	5	0	9	0	0	0	4	11
LT934125.1	+	69162	70521	NOV_TX_2220	UL19.30::5`-long;UL19.30::5`-long	33	2	33	0	0	0	0	0	0	0	0	0	0	0	0	0	0	0	0	0	0	0	10	0	0
LT934125.1	+	69237	70521	NOV_TX_626	UL19.31::5`-long;UL19.31::5`-long;UL19.31::5`-long;UL19.31::5`-long	115	4	0	0	0	0	5	0	0	0	0	0	0	0	0	0	6	0	16	0	0	0	0	115	0
LT934125.1	+	69244	70521	NOV_TX_86	UL19.31::5`-long;UL19.31::5`-long;UL19.31::5`-long;UL19.31::5`-long;UL19.31::5`-long;UL19.31::5`-long;UL19.31::5`-long;UL19.31::5`-long	565	8	75	0	0	1	0	14	0	0	0	0	131	0	0	0	0	25	0	565	0	0	23	0	234
LT934125.1	+	69288	70521	NOV_TX_492	UL19.31::5`-short;UL19.31::5`-short;UL19.31-S::5`-long;UL19.31-S::5`-long;UL19.31-S::5`-long;UL19.31-S::5`-long;UL19.31::5`-short	58	4	0	0	0	0	0	0	0	0	0	0	8	0	0	0	0	3	0	58	0	0	0	0	19
LT934125.1	+	69311	71544	NOV_TX_87	UL18-L13::5`-short;UL18-L13::5`-short	6	2	6	0	0	0	0	0	0	0	0	0	0	0	0	0	0	0	0	0	0	0	1	0	0
LT934125.1	+	69418	70521	NOV_TX_2241	UL19.32::5`-short;UL19.32::5`-short	17	2	17	0	0	0	0	0	0	0	0	0	0	0	0	0	0	0	5	0	0	0	0	0	0
LT934125.1	+	69418	71544	NOV_TX_2242	UL18-L12::5`-long;UL18-L12::5`-long	6	2	6	0	0	0	0	0	0	0	0	0	0	0	0	0	0	0	2	0	0	0	0	0	0
LT934125.1	+	69421	70521	NOV_TX_2245	UL19.32::5`-short;UL19.32::5`-short	52	2	0	0	0	0	0	0	0	0	0	0	0	0	0	0	0	0	0	0	0	0	0	15	52
LT934125.1	+	69433	70521	NOV_TX_2244	UL19.32::5`-short;UL19.33::5`-long;UL19.32::5`-short	5	2	0	0	0	0	0	0	0	0	0	0	0	0	0	0	1	0	0	0	0	0	5	0	0
LT934125.1	+	69485	70521	NOV_TX_2247	UL19.33::5`-long;UL19.33::5`-long	6	2	6	0	0	0	0	0	0	0	0	0	0	0	0	0	0	1	0	0	0	0	0	0	0
LT934125.1	+	69516	70521	NOV_TX_2251	UL19.33::5`-short;UL19.35::5`-long;UL19.33::5`-short;UL19.35::5`-long	17	2	8	0	0	0	0	0	0	0	0	0	17	0	0	0	0	0	0	0	0	0	0	0	0
LT934125.1	+	69530	70521	NOV_TX_627	UL19.35::5`-long;UL19.35::5`-long;UL19.35::5`-long;UL19.35::5`-long;UL19.35::5`-long;UL19.33::5`-short;UL19.33::5`-short;UL19.33::5`-short	90	5	0	0	0	0	0	0	0	0	0	0	0	0	0	0	2	0	0	90	0	2	0	11	41
LT934125.1	+	69611	70521	NOV_TX_2262	UL19.35-S::5`-long;UL19.35::5`-short;UL19.35-S::5`-long;UL19.35::5`-short;UL19.35::5`-short;UL19.35-S::5`-long;UL19.35::5`-short;UL19.35-S::5`-long;UL19.35::5`-short	209	5	0	0	0	0	0	0	0	0	0	0	43	0	0	0	0	0	0	209	0	0	1	25	85
LT934125.1	+	69613	70521	NOV_TX_2259	UL19.35-S::5`-long;UL19.35::5`-short;UL19.35-S::5`-long;UL19.35::5`-short	40	2	40	0	0	0	0	0	0	0	0	0	0	0	0	0	0	0	0	0	0	0	5	0	0
LT934125.1	+	69666	70521	NOV_TX_2264	UL19.35-S::5`-long;UL19.35-S::5`-long	6	2	6	0	0	0	0	0	0	0	0	0	0	0	0	0	0	0	0	0	0	0	2	0	0
LT934125.1	+	69915	70521	NOV_TX_493	UL19.38-S::5`-long;UL19.38-S::5`-long	68	2	0	0	0	0	0	0	0	0	0	0	68	0	0	0	0	0	0	0	0	0	0	31	0
LT934125.1	+	69949	70521	NOV_TX_2269	UL19.38-S::5`-short;UL19.38-S::5`-short	9	2	8	0	0	0	0	0	0	0	0	0	0	0	0	0	0	0	0	9	0	0	0	0	0
LT934125.1	+	70012	70521	NOV_TX_94	UL19.38-S::5`-short;UL19.38-S::5`-short;UL19.38-S::5`-short;UL19.38-S::5`-short;UL19.38-S::5`-short;UL19.38-S::5`-short;UL19.38-S::5`-short	183	7	38	0	0	0	0	4	0	0	0	0	32	0	0	0	0	0	14	183	0	0	0	36	63
LT934125.1	+	70090	70521	NOV_TX_2272	nc-UL19::5`-long;nc-UL19::5`-long;nc-UL19::5`-long;nc-UL19::5`-long;nc-UL19::5`-long;nc-UL19::5`-long;nc-UL19::5`-long;nc-UL19::5`-long;nc-UL19::5`-long;nc-UL19::5`-long;nc-UL19::5`-long;nc-UL19::5`-long	245	12	93	0	0	1	9	17	0	0	0	0	122	0	0	0	7	29	37	245	0	0	34	104	208
LT934125.1	+	70135	70521	NOV_TX_2279	nc-UL19::5`-short;nc-UL19::5`-short;nc-UL19::5`-short	70	3	0	0	0	0	0	0	0	0	0	0	0	0	0	0	1	0	0	70	0	0	2	0	0
LT934125.1	+	70214	70521	NOV_TX_495	nc-UL19::5`-short;nc-UL19-S::5`-long;nc-UL19::5`-short;nc-UL19-S::5`-long	500	2	0	0	0	0	0	0	0	0	0	0	163	0	0	0	0	0	0	500	0	0	0	0	0
LT934125.1	+	70214	71544	NOV_TX_496	UL18-L2::5`-short;UL18-L2::5`-short;UL18-L::5`-long;UL18-L::5`-long	26	2	0	0	0	0	0	0	0	0	0	0	26	0	0	0	0	0	0	14	0	0	0	0	0
LT934125.1	+	70259	70521	NOV_TX_1139	nc-UL19-S::5`-long;nc-UL19-S::5`-long	110	2	0	0	0	0	0	0	0	0	0	0	0	0	0	0	0	0	0	0	0	0	0	36	110
LT934125.1	+	70364	70521	NOV_TX_967	nc-UL19-S::5`-short;nc-UL19-S::5`-short	437	2	0	0	0	0	0	0	0	0	0	0	0	0	0	0	0	0	0	437	0	0	0	0	243
LT934125.1	+	70364	71544	NOV_TX_968	UL18-L::5`-short;UL18-L::5`-short	14	2	0	0	0	0	0	0	0	0	0	0	0	0	0	0	0	0	0	14	0	0	0	0	5
LT934125.1	+	70531	71544	NOV_TX_2292	UL18::5`-short;UL18::5`-short;UL18::5`-short;UL18::5`-short;UL18::5`-short;UL18::5`-short;UL18::5`-short;UL18::5`-short;UL18::5`-short;UL18::5`-short;UL18::5`-short;UL18::5`-short;UL18::5`-short;UL18::5`-short;UL18::5`-short	256	15	148	1	1	2	7	21	0	0	0	0	109	0	0	1	4	18	15	256	0	0	12	51	84
LT934125.1	+	70624	71544	NOV_TX_391	UL18::5`-short;UL18::5`-short;UL18::5`-short;UL18::5`-short;UL18::5`-short	303	5	0	0	0	0	0	39	0	0	0	0	183	0	0	0	0	0	0	303	0	0	0	58	110
LT934125.1	+	70642	71544	NOV_TX_2295	UL18::5`-short;UL18::5`-short;UL18::5`-short	78	3	78	0	0	0	0	0	0	0	0	0	0	0	0	1	0	5	0	0	0	0	0	0	0
LT934125.1	+	70708	71544	NOV_TX_99	UL18::5`-short;UL18::5`-short	57	2	24	0	0	0	0	0	0	0	0	0	57	0	0	0	0	0	0	0	0	0	0	0	0
LT934125.1	+	70774	71544	NOV_TX_500	UL18.5::5`-long;UL18.5::5`-long;UL18::5`-short;UL18::5`-short;UL18.5::5`-long;UL18::5`-short	57	3	0	0	0	0	0	0	0	0	0	0	37	0	0	0	0	0	16	57	0	0	0	0	0
LT934125.1	+	70802	71544	NOV_TX_393	UL18.5::5`-long;UL18.5::5`-long	16	2	0	0	0	0	0	16	0	0	0	0	0	0	0	0	2	0	0	0	0	0	0	0	0
LT934125.1	+	70850	71544	NOV_TX_501	UL18.5::5`-long;UL18.5::5`-long;UL18.5::5`-long;UL18.5::5`-long	224	4	0	0	0	0	0	0	0	0	0	0	116	0	0	0	5	0	0	224	0	0	0	0	75
LT934125.1	+	70873	71544	NOV_TX_100	UL18.5::5`-long;UL18.5::5`-long	72	2	72	0	0	0	0	0	0	0	0	0	0	0	0	0	0	0	14	0	0	0	0	0	0
LT934125.1	+	70889	71544	NOV_TX_2309	UL18.5::5`-long;UL18.5::5`-long	60	2	60	0	0	0	0	0	0	0	0	0	0	0	0	0	0	0	0	0	0	0	2	0	0
LT934125.1	+	70918	71544	NOV_TX_101	UL18.5::5`-long;UL18.5::5`-long;UL18.5::5`-long;UL18.5::5`-long;UL18.5::5`-long;UL18.5::5`-long;UL18.5::5`-long	81	7	65	0	0	0	0	10	0	0	0	0	0	0	0	0	5	10	0	81	0	0	0	26	32
LT934125.1	+	71009	71544	NOV_TX_2312	UL18.5::5`-long;UL18.5::5`-long;UL18.5::5`-long;UL18.5::5`-long;UL18.5::5`-long	127	5	75	0	0	0	0	0	0	0	0	0	127	0	0	0	0	0	0	108	0	0	4	37	0
LT934125.1	+	71022	71544	NOV_TX_103	UL18.5::5`-long;UL18.5::5`-long	40	2	40	0	0	0	0	0	0	0	0	0	0	0	0	0	0	0	0	0	0	0	0	0	36
LT934125.1	+	71065	71544	NOV_TX_631	UL18.5::5`-short;UL18.5::5`-short	26	2	0	0	0	0	0	0	0	0	0	0	0	0	0	0	3	0	26	0	0	0	0	0	0
LT934125.1	+	71165	71544	NOV_TX_2322	UL18.5::5`-short;UL18.5::5`-short	10	2	0	0	3	0	0	0	0	0	0	0	0	0	0	0	0	0	0	0	0	0	10	0	0
LT934125.1	+	71185	71544	NOV_TX_2319	UL18.5::5`-short;UL18.5::5`-short;UL18.5::5`-short;UL18.5::5`-short;UL18.5::5`-short	658	5	130	0	0	0	0	88	0	0	0	0	0	0	0	0	0	0	0	658	0	0	0	155	230
LT934125.1	+	71224	71544	NOV_TX_259	UL18.5::5`-short;UL18.5::5`-short;UL18.5::5`-short	19	3	0	0	0	0	2	0	0	0	0	0	0	0	0	0	0	19	0	0	0	0	8	0	0
LT934125.1	+	71246	71544	NOV_TX_504	UL18.5::5`-short;UL18.5::5`-short;UL18.5::5`-short	180	3	0	0	0	0	0	0	0	0	0	0	180	0	0	0	0	0	0	171	0	2	0	0	0
LT934125.1	+	71320	71544	NOV_TX_396	UL18.5::5`-short;UL18.5::5`-short	62	2	0	0	0	0	0	62	0	0	0	0	0	0	0	0	0	0	0	0	0	6	0	0	0
LT934125.1	+	71328	71518	NOV_TX_108	UL18.5::c;UL18.5::c;UL18.5::c;UL18.5::c	7	4	3	0	0	0	0	0	0	0	0	0	2	0	0	0	0	1	0	7	0	0	0	0	0
LT934125.1	+	71328	71544	NOV_TX_107	UL18.5::5`-short;UL18.5::5`-short;UL18.5::5`-short;UL18.5::5`-short;UL18.5::5`-short	309	5	161	0	0	0	0	0	0	0	0	0	283	0	0	0	0	33	0	309	0	0	0	0	168
LT934125.1	+	72813	75645	NOV_TX_2346	UL17-16::5`-short;UL17-16::5`-short	72	2	0	0	0	0	0	0	0	0	0	0	0	0	0	0	0	0	0	72	0	0	3	0	0
LT934125.1	+	74192	75645	NOV_TX_2349	UL16-L::5`-long;UL16-L::5`-long	6	2	6	0	0	0	0	0	0	0	0	0	0	0	0	0	0	1	0	0	0	0	0	0	0
LT934125.1	+	74402	75645	NOV_TX_2351	UL16::5`-short;UL16::5`-short;UL16::5`-short;UL16::5`-short;UL16::5`-short;UL16::5`-short;UL16::5`-short;UL16::5`-short	99	8	59	0	0	0	4	17	0	0	0	0	19	0	0	0	1	20	0	99	0	0	0	0	34
LT934125.1	+	74402	79996	NOV_TX_2352	UL14L-13-12::~;UL14L-13-12::~;UL14L-13-12::~	5	3	5	0	0	0	0	0	0	0	0	0	0	0	0	0	0	0	0	5	0	0	0	0	2
LT934125.1	+	74643	75645	NOV_TX_634	UL16::5`-short;UL16::5`-short	13	2	0	0	0	0	0	0	0	0	0	0	0	0	0	0	5	0	13	0	0	0	0	0	0
LT934125.1	+	74968	75645	NOV_TX_2359	UL16.2::5`-long;UL16.2::5`-long	13	2	0	0	0	0	0	5	0	0	0	0	0	0	0	0	0	13	0	0	0	0	0	0	0
LT934125.1	+	75206	75645	NOV_TX_1083	UL16.2-S::5`-short;UL16.2-S::5`-short;UL16.2-S::5`-short	69	3	0	0	0	0	0	0	0	0	0	0	0	0	0	0	0	0	0	0	0	0	24	62	69
LT934125.1	+	75262	75645	NOV_TX_749	UL16.2-S2::5`-long;UL16.2-S2::5`-long;UL16.2-S2::5`-long;UL16.2-S2::5`-long	149	4	0	0	0	0	0	0	0	0	0	0	0	0	0	0	0	21	19	149	0	0	0	0	69
LT934125.1	+	75302	75645	NOV_TX_2374	UL16.2-S2::5`-long;UL16.2-S2::5`-long;UL16.2-S2::5`-long;UL16.2-S2::5`-long	40	4	14	0	0	0	0	0	0	0	0	0	26	0	0	0	0	0	0	40	0	0	0	8	0
LT934125.1	+	75360	75645	NOV_TX_2376	UL16.2-S2::5`-short;UL16.2-S2::5`-short	209	2	209	0	0	0	0	0	0	0	0	0	0	0	0	0	0	0	0	0	0	0	25	0	0
LT934125.1	+	75371	75645	NOV_TX_2378	UL16.2-S2::5`-short;UL16.2-S2::5`-short	25	2	0	0	0	0	0	0	0	0	0	0	0	0	0	0	6	0	25	0	0	0	0	0	0
LT934125.1	+	75382	75645	NOV_TX_2375	UL16.2-S2::5`-short;UL16.2-S2::5`-short;UL16.2-S2::5`-short;UL16.2-S2::5`-short;UL16.2-S2::5`-short;UL16.2-S2::5`-short;UL16.2-S2::5`-short	610	7	342	0	0	0	0	74	0	0	0	0	314	0	0	0	0	65	0	610	0	0	0	167	247
LT934125.1	+	75441	75645	NOV_TX_404	UL16.2-S2::5`-short;UL16.2-S2::5`-short	127	2	0	0	0	0	0	28	0	0	0	0	127	0	0	0	0	0	0	0	0	0	0	0	0
LT934125.1	+	75491	75645	NOV_TX_971	UL16.2-S2::5`-short;UL16.2-S2::5`-short	258	2	0	0	0	0	0	0	0	0	0	0	0	0	0	0	0	0	0	258	0	0	0	0	105
LT934125.1	+	78044	79996	NOV_TX_2389	UL12-11::5`-short;UL12-11::5`-short;UL12-11::5`-short;UL12-11::5`-short;UL12-11::5`-short;UL12-11::5`-short;UL12-11::5`-short;UL12-11::5`-short;UL12-11::5`-short;UL12-11::5`-short	131	10	131	3	1	2	7	42	0	0	0	0	0	0	0	0	0	26	8	20	0	0	0	0	14
LT934125.1	+	79010	79996	NOV_TX_2398	UL-11-L4::5`-long;UL-11-L4::5`-long;UL-11-L4::5`-long;UL-11-L4::5`-long	19	4	19	0	0	0	0	0	0	0	0	0	0	0	0	0	0	5	0	0	0	0	2	7	0
LT934125.1	+	79066	79996	NOV_TX_2403	UL-11-L3::5`-short;UL-11-L3::5`-short	11	2	0	0	0	0	0	0	0	0	0	0	0	0	0	0	0	0	6	0	0	0	0	0	11
LT934125.1	+	79070	79996	NOV_TX_2401	UL-11-L3::5`-short;UL-11-L3::5`-short	13	2	0	0	0	0	0	13	0	0	0	0	0	0	0	0	0	0	0	0	0	0	9	0	0
LT934125.1	+	79260	79996	NOV_TX_639	UL-11-L2::5`-long;UL-11-L2::5`-long;UL-11-L2::5`-long	20	3	0	0	0	0	0	0	0	0	0	0	0	0	0	0	2	9	0	0	0	0	0	20	0
LT934125.1	+	79269	79996	NOV_TX_112	UL-11-L2::5`-long;UL-11-L2::5`-long;UL-11-L2::5`-long;UL-11-L2::5`-long;UL-11-L2::5`-long	56	5	56	0	0	0	0	18	0	0	0	0	0	0	0	0	0	0	0	38	0	3	0	0	41
LT934125.1	+	79444	79955	NOV_TX_2407	UL11::3`-short;UL11::3`-short;UL11::3`-short;UL11::3`-short;UL11::3`-short;UL11::3`-short;UL11::3`-short;UL11::3`-short;UL11::3`-short;UL11::3`-short;UL11::3`-short;UL11::3`-short;UL11::3`-short;UL11::3`-short;UL11::3`-short;UL11::3`-short;UL11::3`-short	79	17	19	0	1	1	4	7	0	1	0	1	37	1	0	0	2	6	9	79	0	1	5	19	49
LT934125.1	+	79527	79996	NOV_TX_113	UL-11-S::5`-short;UL-11-S::5`-short	62	2	62	0	0	0	0	0	0	0	0	0	0	0	0	0	0	12	0	0	0	0	0	0	0
LT934125.1	+	79552	79996	NOV_TX_2408	UL-11-S::5`-short;UL-11-S::5`-short;UL-11-S::5`-short	234	3	234	0	0	0	0	0	0	0	0	0	189	0	0	0	0	0	0	0	0	0	29	0	0
LT934125.1	+	79584	79996	NOV_TX_542	UL-11-S::5`-short;UL-11-S::5`-short	22	2	0	0	0	0	0	0	0	0	0	0	0	0	3	0	0	0	0	0	0	0	22	0	0
LT934125.1	+	79597	79996	NOV_TX_114	UL-11-S::5`-short;UL-11-S::5`-short;UL-11-S::5`-short	322	3	166	0	0	0	0	0	0	0	0	0	0	0	0	0	0	0	0	322	0	0	0	0	197
LT934125.1	+	79618	79996	NOV_TX_2416	UL-11-S::5`-short;UL-11-S::5`-short	48	2	0	0	0	0	0	0	0	0	0	0	0	0	0	0	0	0	48	0	0	4	0	0	0
LT934125.1	+	79622	79996	NOV_TX_2413	UL-11-S::5`-short;UL-11-S::5`-short;UL-11-S::5`-short;UL-11-S::5`-short;UL-11-S::5`-short;UL-11-S::5`-short	126	6	0	0	0	0	0	38	0	0	0	0	126	0	0	0	6	28	0	0	0	0	17	52	0
LT934125.1	+	79781	79996	NOV_TX_115	UL11.5::5`-long;UL11.5::5`-long;UL11.5::5`-long;UL11.5::5`-long;UL11.5::5`-long;UL11.5::5`-long;UL11.5::5`-long;UL11.5::5`-long	98	8	98	0	0	0	0	32	0	0	0	0	61	0	0	0	1	20	0	80	0	0	0	37	75
LT934125.1	+	79865	79996	NOV_TX_411	UL11.5::5`-short;UL11.5::5`-short	71	2	0	0	0	0	0	71	0	0	0	0	0	0	0	0	0	0	58	0	0	0	0	0	0
LT934125.1	+	79872	79996	NOV_TX_2426	UL11.5::5`-short;UL11.5::5`-short	162	2	0	0	0	0	0	0	0	0	0	0	162	0	0	0	0	0	0	0	0	0	0	64	0
LT934125.1	+	85470	86167	NOV_TX_413	UL8.5-S::5`-long;UL8.5-S::5`-long	9	2	0	0	0	0	0	9	0	0	0	0	0	0	0	0	0	6	0	0	0	0	0	0	0
LT934125.1	+	85493	86167	NOV_TX_1091	UL8.5-S::5`-long;UL8.5-S::5`-long;UL8.5-S::5`-long	8	3	0	0	0	0	2	0	0	0	0	0	0	0	0	0	1	0	0	0	0	0	8	0	0
LT934125.1	+	85710	86167	NOV_TX_1149	UL8.5-S2::5`-short;UL8.5-S2::5`-short;UL8.5-S2::5`-short	14	3	0	0	0	0	0	0	0	0	0	0	0	0	0	0	0	2	0	0	0	0	0	7	14
LT934125.1	+	85996	86167	NOV_TX_116	UL8.5-S2::5`-short;UL8.5-S2::5`-short;UL8.5-S2::5`-short;UL8.5-S2::5`-short;UL8.5-S2::5`-short;UL8.5-S2::5`-short;UL8.5-S2::5`-short;UL8.5-S2::5`-short	62	8	62	0	0	0	0	18	0	0	0	0	53	0	0	0	0	14	25	0	0	0	15	32	42
LT934125.1	+	90007	92057	NOV_TX_2492	UL4-L5::5`-short;UL4-L5::~;UL4-L5::5`-short;UL4-L5::5`-short	8	3	7	0	0	0	0	1	0	0	0	0	0	0	0	0	0	0	0	0	0	0	0	0	8
LT934125.1	+	90699	92057	NOV_TX_2497	UL4-L3::5`-long;UL4-L3::5`-long	10	2	10	0	0	0	0	0	0	0	0	0	0	0	0	0	0	0	5	0	0	0	0	0	0
LT934125.1	+	91409	91559	NOV_TX_2512	UL4::3`-short;UL4::3`-short;UL4::3`-short;UL4::3`-short;UL4::3`-short;UL4::3`-short;UL4::3`-short;UL4::3`-short;UL4::3`-short	20	9	20	0	0	0	0	5	0	0	0	0	5	0	0	0	0	2	2	16	0	0	4	12	11
LT934125.1	+	91409	92057	NOV_TX_2513	UL4::3`-short;UL4::3`-short;UL4::3`-short;UL4::3`-short;UL4::3`-short;UL4::3`-short;UL4::3`-short;UL4::3`-short;UL4::3`-short	6	9	2	0	0	0	0	0	0	0	0	0	4	0	0	0	1	1	1	6	0	0	1	5	3
LT934125.1	+	91692	92057	NOV_TX_2522	UL4.2::5`-short;UL4.2::5`-short	33	2	33	0	0	0	0	0	0	0	0	0	0	0	0	0	0	0	8	0	0	0	0	0	0
LT934125.1	+	107035	108829	NOV_TX_512	NOIR-L3::5`-long;NOIR-L3::5`-long	6	2	0	0	0	0	0	0	0	0	0	0	1	0	0	0	0	0	0	0	0	0	0	0	6
LT934125.1	+	107035	108830	NOV_TX_513	NOIR-L3::5`-long;NOIR-L3::5`-long	6	2	0	0	0	0	0	0	0	0	0	0	1	0	0	0	0	0	0	0	0	0	0	0	6
LT934125.1	+	107171	108829	NOV_TX_767	NOIR-L3::5`-long;NOIR-L3::5`-long;NOIR-L3::5`-long;NOIR-L3::5`-long	6	4	0	0	0	0	0	0	0	0	0	0	0	0	0	0	0	2	1	0	0	0	0	3	6
LT934125.1	+	107171	108830	NOV_TX_768	NOIR-L3::5`-long;NOIR-L3::5`-long;NOIR-L3::5`-long;NOIR-L3::5`-long	6	4	0	0	0	0	0	0	0	0	0	0	0	0	0	0	0	2	1	0	0	0	0	3	6
LT934125.1	+	107420	108829	NOV_TX_2555	NOIR-1M-splice::m;NOIR-1M-splice::m;NOIR-1M-splice::m	8	3	0	0	0	1	0	0	0	0	0	0	8	0	0	0	3	0	0	0	0	0	0	0	0
LT934125.1	+	107420	108830	NOV_TX_2556	NOIR-1M-splice::m;NOIR-1M-splice::m;NOIR-1M-splice::m	8	3	0	0	0	1	0	0	0	0	0	0	8	0	0	0	3	0	0	0	0	0	0	0	0
LT934125.1	+	107422	108829	NOV_TX_2557	NOIR-1M-splice::m;NOIR-1M-splice::m;NOIR-1M-splice::m;NOIR-1M-splice::m;NOIR-1M-splice::m;NOIR-1M-splice::m;NOIR-1M-splice::m	146	7	0	0	0	0	0	10	0	0	0	0	19	0	0	0	0	12	15	0	0	0	16	94	146
LT934125.1	+	107422	108830	NOV_TX_2558	NOIR-1M-splice::m;NOIR-1M-splice::m;NOIR-1M-splice::m;NOIR-1M-splice::m;NOIR-1M-splice::m;NOIR-1M-splice::m;NOIR-1M-splice::m	145	7	0	0	0	0	0	10	0	0	0	0	19	0	0	0	0	12	15	0	0	0	16	94	145
LT934125.1	+	107432	108829	NOV_TX_2553	NOIR-1M-splice::m;NOIR-1M-splice::m;NOIR-1M-splice::m	95	3	17	0	0	0	0	0	0	0	0	0	0	0	0	0	0	0	0	95	0	0	11	0	0
LT934125.1	+	107432	108830	NOV_TX_2554	NOIR-1M-splice::m;NOIR-1M-splice::m;NOIR-1M-splice::m	94	3	17	0	0	0	0	0	0	0	0	0	0	0	0	0	0	0	0	94	0	0	11	0	0
LT934125.1	+	107482	108829	NOV_TX_2561	NOIR-1M-splice::m;NOIR-1M-splice::m;NOIR-1M-splice::m;NOIR-1M::3`-short;NOIR-1M-splice::m;NOIR-1M-splice::m;NOIR-1M-splice::m;NOIR-1M-splice::m;NOIR-1M-splice::m;NOIR-1M::3`-short;NOIR-1M-splice::m;NOIR-1M-splice::m;NOIR-1M::3`-short;NOIR-1M-splice::m;NOIR-1M-splice::m;NOIR-1M::3`-short	377	12	42	0	0	0	0	31	0	0	0	0	139	0	2	2	4	0	50	218	0	4	20	144	377
LT934125.1	+	107482	108830	NOV_TX_2562	NOIR-1M-splice::m;NOIR-1M-splice::m;NOIR-1M-splice::m;NOIR-1M-splice::m;NOIR-1M-splice::m;NOIR-1M-splice::m;NOIR-1M-splice::m;NOIR-1M-splice::m;NOIR-1M-splice::m;NOIR-1M-splice::m;NOIR-1M-splice::m;NOIR-1M-splice::m	375	12	42	0	0	0	0	31	0	0	0	0	135	0	2	2	4	0	50	214	0	4	19	143	375
LT934125.1	+	107483	108829	NOV_TX_2563	NOIR-1M-splice::m;NOIR-1M-splice::m	15	2	0	0	0	0	8	0	0	0	0	0	0	0	0	0	0	15	0	0	0	0	0	0	0
LT934125.1	+	107483	108830	NOV_TX_2564	NOIR-1M-splice::m;NOIR-1M-splice::m	15	2	0	0	0	0	8	0	0	0	0	0	0	0	0	0	0	15	0	0	0	0	0	0	0
LT934125.1	+	107670	108829	NOV_TX_2575	NOIR-1S::5`-short;NOIR-1S::5`-short;NOIR-1S::5`-short;NOIR-1S::5`-short	14	4	4	0	0	0	0	1	0	0	0	0	0	0	0	0	0	0	0	12	0	0	0	0	14
LT934125.1	+	107670	108830	NOV_TX_2576	NOIR-1S::5`-short;NOIR-1S::5`-short;NOIR-1S::5`-short;NOIR-1S::5`-short	14	4	4	0	0	0	0	1	0	0	0	0	0	0	0	0	0	0	0	12	0	0	0	0	14
LT934125.1	+	107672	108829	NOV_TX_2577	NOIR-1S::5`-short;NOIR-1S::5`-short	6	2	1	0	0	0	0	0	0	0	0	0	0	0	0	0	0	0	0	6	0	0	0	0	0
LT934125.1	+	107672	108830	NOV_TX_2578	NOIR-1S::5`-short;NOIR-1S::5`-short	6	2	1	0	0	0	0	0	0	0	0	0	0	0	0	0	0	0	0	6	0	0	0	0	0
LT934125.1	+	107754	108829	NOV_TX_291	NOIR-1S2::5`-long;NOIR-1S2::5`-long;NOIR-1S2::5`-long	12	3	0	0	0	0	3	0	0	0	0	0	12	0	0	0	0	0	6	0	0	0	0	0	0
LT934125.1	+	107754	108830	NOV_TX_292	NOIR-1S2::5`-long;NOIR-1S2::5`-long;NOIR-1S2::5`-long	12	3	0	0	0	0	3	0	0	0	0	0	12	0	0	0	0	0	6	0	0	0	0	0	0
LT934125.1	+	107969	108829	NOV_TX_423	NOIR-1S3::5`-long;NOIR-1S3::5`-long;NOIR-1S3::5`-long	7	3	0	0	0	0	0	3	0	0	0	0	0	0	0	2	0	0	7	0	0	0	0	0	0
LT934125.1	+	107969	108830	NOV_TX_424	NOIR-1S3::5`-long;NOIR-1S3::5`-long;NOIR-1S3::5`-long	7	3	0	0	0	0	0	3	0	0	0	0	0	0	0	2	0	0	7	0	0	0	0	0	0
LT934125.1	+	107991	108829	NOV_TX_514	NOIR-1S3::5`-long;NOIR-1S3::5`-long;NOIR-1S3::5`-long;NOIR-1S3::5`-long	49	4	0	0	0	0	0	0	0	0	0	0	17	0	0	0	7	0	0	49	0	0	0	0	46
LT934125.1	+	107991	108830	NOV_TX_515	NOIR-1S3::5`-long;NOIR-1S3::5`-long;NOIR-1S3::5`-long;NOIR-1S3::5`-long	49	4	0	0	0	0	0	0	0	0	0	0	17	0	0	0	7	0	0	49	0	0	0	0	46
LT934125.1	+	108051	108829	NOV_TX_973	NOIR-1S3::5`-short;NOIR-1S3::5`-short;NOIR-1S3::5`-short;NOIR-1S3::5`-short;NOIR-1S3::5`-short;NOIR-1S3::5`-short;NOIR-1S3::5`-short;NOIR-1S3::5`-short	54	8	1	0	0	0	1	0	0	0	0	0	21	0	0	0	0	6	7	54	0	0	0	23	25
LT934125.1	+	108051	108830	NOV_TX_974	NOIR-1S3::5`-short;NOIR-1S3::5`-short;NOIR-1S3::5`-short;NOIR-1S3::5`-short;NOIR-1S3::5`-short;NOIR-1S3::5`-short;NOIR-1S3::5`-short;NOIR-1S3::5`-short	54	8	1	0	0	0	1	0	0	0	0	0	21	0	0	0	0	6	7	54	0	0	0	23	25
LT934125.1	+	108098	108829	NOV_TX_975	NOIR-1S3::5`-short;NOIR-1S3::5`-short;NOIR-1S3::5`-short	42	3	0	0	0	0	0	0	0	0	0	0	0	0	0	0	0	0	0	42	0	0	4	35	0
LT934125.1	+	108098	108830	NOV_TX_976	NOIR-1S3::5`-short;NOIR-1S3::5`-short;NOIR-1S3::5`-short	42	3	0	0	0	0	0	0	0	0	0	0	0	0	0	0	0	0	0	42	0	0	4	35	0
LT934125.1	+	108155	108829	NOV_TX_127	NOIR-1S4::5`-long;NOIR-1S4::5`-long;NOIR-1S4::5`-long	5	3	1	0	0	0	0	0	0	0	0	0	0	0	0	0	0	5	0	0	0	0	4	0	0
LT934125.1	+	108155	108830	NOV_TX_128	NOIR-1S4::5`-long;NOIR-1S4::5`-long;NOIR-1S4::5`-long	5	3	1	0	0	0	0	0	0	0	0	0	0	0	0	0	0	5	0	0	0	0	4	0	0
LT934125.1	+	108167	108829	NOV_TX_427	NOIR-1S4::5`-long;NOIR-1S4::5`-long;NOIR-1S4::5`-long	13	3	0	0	0	0	0	2	0	0	0	0	0	0	0	0	2	0	0	0	0	0	0	0	13
LT934125.1	+	108167	108830	NOV_TX_428	NOIR-1S4::5`-long;NOIR-1S4::5`-long;NOIR-1S4::5`-long	13	3	0	0	0	0	0	2	0	0	0	0	0	0	0	0	2	0	0	0	0	0	0	0	13
LT934125.1	+	108186	108829	NOV_TX_516	NOIR-1S4::5`-long;NOIR-1S4::5`-long;NOIR-1S4::~	21	2	0	0	0	0	0	0	0	0	0	0	17	0	0	0	0	0	0	21	0	0	0	0	0
LT934125.1	+	108186	108830	NOV_TX_517	NOIR-1S4::5`-long;NOIR-1S4::5`-long	20	2	0	0	0	0	0	0	0	0	0	0	17	0	0	0	0	0	0	20	0	0	0	0	0
LT934125.1	+	108189	108829	NOV_TX_2589	NOIR-1S4::5`-long;NOIR-1S4::~;NOIR-1S4::5`-long;NOIR-1S4::~	29	2	4	0	0	0	0	0	0	0	0	0	0	0	0	0	0	0	0	29	0	0	0	0	0
LT934125.1	+	108189	108830	NOV_TX_2590	NOIR-1S4::5`-long;NOIR-1S4::5`-long	28	2	3	0	0	0	0	0	0	0	0	0	0	0	0	0	0	0	0	28	0	0	0	0	0
LT934125.1	+	108310	108829	NOV_TX_2591	NOIR-1S4::5`-short;NOIR-1S4::5`-short;NOIR-1S4::5`-short;NOIR-1S4::~;NOIR-1S4::5`-short;NOIR-1S4::5`-short;NOIR-1S4::5`-short;NOIR-1S4::5`-short;NOIR-1S4::5`-short	64	8	15	0	0	0	1	0	0	0	0	0	49	0	0	0	8	19	9	64	0	0	5	0	0
LT934125.1	+	108310	108830	NOV_TX_2592	NOIR-1S4::5`-short;NOIR-1S4::5`-short;NOIR-1S4::5`-short;NOIR-1S4::5`-short;NOIR-1S4::5`-short;NOIR-1S4::5`-short;NOIR-1S4::5`-short;NOIR-1S4::5`-short	64	8	15	0	0	0	1	0	0	0	0	0	48	0	0	0	8	19	9	64	0	0	5	0	0
LT934125.1	+	108407	108829	NOV_TX_2601	NOIR-1S4::5`-short;NOIR-1S4::5`-short	79	2	0	0	0	0	0	0	0	0	0	0	79	0	0	0	0	0	0	0	0	0	11	0	0
LT934125.1	+	108407	108830	NOV_TX_2602	NOIR-1S4::5`-short;NOIR-1S4::5`-short	79	2	0	0	0	0	0	0	0	0	0	0	79	0	0	0	0	0	0	0	0	0	11	0	0
LT934125.1	+	108568	108829	NOV_TX_2609	NOIR-1S4::5`-short;NOIR-1S4::5`-short	14	2	14	0	0	0	0	0	0	0	0	0	0	0	0	0	0	0	0	0	0	0	12	0	0
LT934125.1	+	108568	108830	NOV_TX_2610	NOIR-1S4::5`-short;NOIR-1S4::5`-short	14	2	14	0	0	0	0	0	0	0	0	0	0	0	0	0	0	0	0	0	0	0	12	0	0
LT934125.1	+	108686	108829	NOV_TX_916	NOIR-1S4::5`-short;NOIR-1S4::5`-short	94	2	0	0	0	0	0	0	0	0	0	0	0	0	0	0	0	0	20	94	0	0	0	0	0
LT934125.1	+	108686	108830	NOV_TX_917	NOIR-1S4::5`-short;NOIR-1S4::5`-short	94	2	0	0	0	0	0	0	0	0	0	0	0	0	0	0	0	0	20	94	0	0	0	0	0
LT934125.1	+	114985	116628	NOV_TX_2612	nc-US1::5`-long;nc-US1::5`-long;nc-US1::5`-long;nc-US1::5`-long;nc-US1::5`-long;nc-US1::5`-long;nc-US1::5`-long;nc-US1::5`-long	11	8	1	0	0	0	0	2	0	0	0	0	1	0	0	0	1	0	0	6	0	0	4	5	11
LT934125.1	+	115464	116628	NOV_TX_295	nc-US1::5`-short;nc-US1::5`-short;nc-US1::5`-short;nc-US1::5`-short	14	4	0	0	0	0	0	2	0	0	0	0	0	0	0	0	0	0	3	0	0	0	1	14	0
LT934125.1	+	115464	116961	NOV_TX_294	US1::5`-short;US1::5`-short;US1::5`-short;US1::5`-short;US1::c	174	4	0	0	0	0	0	64	0	0	0	0	0	0	0	0	0	0	42	0	0	0	40	174	0
LT934125.1	+	115475	116628	NOV_TX_2617	nc-US1::5`-short;nc-US1::5`-short;nc-US1::5`-short;nc-US1::5`-short;nc-US1::5`-short;nc-US1::5`-short;nc-US1::5`-short	12	7	2	0	0	0	1	0	0	0	0	0	7	0	0	0	2	8	0	12	0	0	0	0	12
LT934125.1	+	115475	116961	NOV_TX_2616	US1::5`-short;US1::5`-short;US1::5`-short;US1::5`-short;US1::5`-short;US1::5`-short;US1::5`-short	146	7	146	0	0	0	8	0	0	0	0	0	111	0	0	0	25	92	0	113	0	0	0	0	92
LT934125.1	+	115486	116961	NOV_TX_2614	US1::5`-short;US1::5`-short	39	2	39	0	0	2	0	0	0	0	0	0	0	0	0	0	0	0	0	0	0	0	0	0	0
LT934125.1	+	115536	116961	NOV_TX_647	US1::5`-short;US1::5`-short;US1::5`-short;US1::5`-short	39	4	0	0	0	0	0	0	0	0	0	0	0	0	0	0	0	38	0	39	0	1	16	0	0
LT934125.1	+	115562	116961	NOV_TX_1097	US1::5`-short;US1::5`-short	32	2	0	0	0	0	0	0	0	0	0	0	0	0	0	0	0	0	0	0	0	0	0	32	21
LT934125.1	+	115725	116628	NOV_TX_2622	nc-US1::5`-short;nc-US1::5`-short;nc-US1::5`-short	5	3	4	0	0	0	0	0	0	0	0	0	5	0	0	0	1	0	0	0	0	0	0	0	0
LT934125.1	+	115725	116961	NOV_TX_2621	US1::5`-short;US1::5`-short;US1::5`-short;US1::5`-short	53	4	53	0	0	0	0	0	0	0	0	0	37	0	0	0	4	0	0	0	0	0	6	0	0
LT934125.1	+	115742	116628	NOV_TX_1161	nc-US1::5`-short;nc-US1::5`-short	9	2	0	0	0	0	0	0	0	0	0	0	0	0	0	0	0	0	1	0	0	0	0	0	9
LT934125.1	+	115742	116961	NOV_TX_778	US1::5`-short;US1::5`-short	32	2	0	0	0	0	0	0	0	0	0	0	0	0	0	0	0	0	14	0	0	0	0	0	32
LT934125.1	+	115759	116628	NOV_TX_918	nc-US1::5`-short;nc-US1::5`-short;nc-US1::5`-short	6	3	0	0	0	0	0	0	0	0	0	0	0	0	0	0	0	4	0	6	0	0	0	4	0
LT934125.1	+	115759	116961	NOV_TX_649	TRS1-L3::5`-long;TRS1-L3::5`-long;TRS1-L3::5`-long;US1::5`-short;US1::5`-short;US1::5`-short;US1::5`-short	21	4	0	0	0	2	0	0	0	0	0	0	0	0	0	0	0	9	0	21	0	0	0	21	0
LT934125.1	+	115815	116628	NOV_TX_2634	nc-US1::5`-short;nc-US1::5`-short;nc-US1::5`-short;nc-US1::5`-short;nc-US1::5`-short;nc-US1::5`-short;nc-US1::5`-short	40	7	5	0	0	0	0	0	0	0	0	0	8	0	0	0	0	3	0	24	0	0	10	31	40
LT934125.1	+	115815	116961	NOV_TX_2633	TRS1-L3::5`-long;TRS1-L3::5`-long;TRS1-L3::5`-long;TRS1-L3::5`-long;TRS1-L3::5`-long;TRS1-L3::5`-long;TRS1-L3::5`-long;TRS1-L3::5`-long;TRS1-L3::5`-long;TRS1-L3::5`-long	180	10	130	0	0	3	7	0	0	0	0	0	121	0	0	0	14	43	0	115	0	0	26	148	180
LT934125.1	+	115843	116961	NOV_TX_2637	TRS1-L3::5`-long;TRS1-L3::5`-long	23	2	0	0	0	0	0	0	0	0	0	0	23	0	0	0	3	0	0	0	0	0	0	0	0
LT934125.1	+	115844	116628	NOV_TX_2636	nc-US1::5`-short;nc-US1::5`-short;nc-US1::5`-short	13	3	5	0	0	0	0	0	0	0	0	0	0	0	0	0	0	0	0	13	0	0	1	0	0
LT934125.1	+	115844	116961	NOV_TX_2635	TRS1-L3::5`-long;TRS1-L3::5`-long;TRS1-L3::5`-long	50	3	50	0	0	0	0	0	0	0	0	0	0	0	0	0	0	0	0	33	0	0	8	0	0
LT934125.1	+	115890	116961	NOV_TX_5	TRS1-L3::5`-long;TRS1-L3::5`-long;TRS1-L3::5`-long	27	3	27	0	0	0	0	0	0	1	0	0	0	0	0	0	3	0	0	0	0	0	0	0	0
LT934125.1	+	115893	116961	NOV_TX_2642	TRS1-L3::5`-long;TRS1-L3::5`-long	8	2	0	0	0	1	0	0	0	0	0	0	0	0	0	0	0	0	0	8	0	0	0	0	0
LT934125.1	+	115894	116628	NOV_TX_2641	nc-US1::5`-short;nc-US1::5`-short	9	2	4	0	0	0	0	0	0	0	0	0	9	0	0	0	0	0	0	0	0	0	0	0	0
LT934125.1	+	115894	116961	NOV_TX_2640	TRS1-L3::5`-long;TRS1-L3::5`-long;TRS1-L3::5`-long	29	3	29	0	0	0	0	0	0	0	0	0	23	0	0	0	0	0	0	0	0	0	4	0	0
LT934125.1	+	115920	116961	NOV_TX_297	TRS1-L3::5`-long;TRS1-L3::5`-long	21	2	0	0	0	0	0	21	0	0	0	0	0	0	0	0	0	0	10	0	0	0	0	0	0
LT934125.1	+	115963	116628	NOV_TX_2650	TRS1-L3::o;TRS1-L3::o;TRS1-L3::o;TRS1-L3::o;TRS1-L3::o	18	5	0	0	0	0	0	0	0	0	0	0	10	0	0	0	0	0	0	12	0	0	1	13	18
LT934125.1	+	115963	116961	NOV_TX_2649	TRS1-L3::5`-long;TRS1-L3::5`-long;TRS1-L3::5`-long;TRS1-L3::5`-long;TRS1-L3::5`-long;TRS1-L3::5`-long	53	6	0	0	0	0	0	0	0	0	0	0	31	0	0	2	0	0	0	39	0	0	7	44	53
LT934125.1	+	115974	116961	NOV_TX_2647	TRS1-L3::5`-long;TRS1-L3::5`-long	38	2	38	0	0	0	0	0	0	0	0	0	0	0	0	0	3	0	0	0	0	0	0	0	0
LT934125.1	+	116016	116961	NOV_TX_2655	TRS1-L3::5`-long;TRS1-L3::5`-long	49	2	0	0	0	0	0	0	0	0	0	0	0	0	2	0	0	49	0	0	0	0	0	0	0
LT934125.1	+	116024	116628	NOV_TX_2657	TRS1-L3::o;TRS1-L3::o	15	2	0	0	0	0	0	0	0	0	0	0	0	0	0	0	1	0	0	15	0	0	0	0	0
LT934125.1	+	116024	116961	NOV_TX_2656	TRS1-L3::5`-long;TRS1-L3::5`-long	86	2	0	0	0	0	0	0	0	0	0	0	0	0	0	0	9	0	0	86	0	0	0	0	0
LT934125.1	+	116072	116628	NOV_TX_2664	TRS1-L3::o;TRS1-L3::o;TRS1-L3::o;TRS1-L3::o;TRS1-L3::o;TRS1-L3::o	16	6	2	0	0	0	0	0	0	0	0	0	9	0	0	0	0	0	0	7	0	0	1	16	15
LT934125.1	+	116072	116961	NOV_TX_2663	TRS1-L3::5`-long;TRS1-L3::5`-long;TRS1-L3::5`-long;TRS1-L3::5`-long;TRS1-L3::5`-long;TRS1-L3::5`-long	54	6	19	0	0	0	0	0	0	0	0	0	9	0	0	0	0	0	0	14	0	0	5	40	54
LT934125.1	+	116076	116628	NOV_TX_2665	TRS1-L3::o;TRS1-L3::o	7	2	2	0	0	0	0	0	0	0	0	0	7	0	0	0	0	0	0	0	0	0	0	0	0
LT934125.1	+	116076	116961	NOV_TX_2662	TRS1-L3::5`-long;TRS1-L3::5`-long	44	2	44	0	0	0	0	0	0	0	0	0	21	0	0	0	0	0	0	0	0	0	0	0	0
LT934125.1	+	116120	116628	NOV_TX_2679	TRS1-L3::o;TRS1-L3::o;TRS1-L3::o;TRS1-L3::o;TRS1-L3::o	20	5	0	0	0	0	0	0	0	0	0	0	4	0	0	0	0	0	10	4	0	0	0	20	18
LT934125.1	+	116120	116961	NOV_TX_2678	TRS1-L3::5`-long;TRS1-L3::5`-long;TRS1-L3::5`-long;TRS1-L3::5`-long;TRS1-L3::5`-long;TRS1-L3::5`-long	62	6	0	0	0	0	0	0	0	0	0	0	9	0	0	0	0	0	21	6	0	0	4	61	62
LT934125.1	+	116121	116628	NOV_TX_2680	TRS1-L3::o;TRS1-L3::o	9	2	0	0	0	0	0	0	0	0	0	0	9	0	0	0	0	0	0	0	0	0	2	0	0
LT934125.1	+	116121	116961	NOV_TX_2677	TRS1-L3::5`-long;TRS1-L3::5`-long	50	2	0	0	0	0	0	0	0	0	0	0	50	0	0	0	0	0	0	0	0	0	11	0	0
LT934125.1	+	116122	116628	NOV_TX_2676	TRS1-L3::o;TRS1-L3::o	13	2	4	0	0	0	0	0	0	0	0	0	0	0	0	0	0	0	0	13	0	0	0	0	0
LT934125.1	+	116122	116961	NOV_TX_2674	TRS1-L3::5`-long;TRS1-L3::5`-long;TRS1-L3::5`-long	57	3	57	0	0	2	0	0	0	0	0	0	0	0	0	0	0	0	0	57	0	0	0	0	0
LT934125.1	+	116137	116628	NOV_TX_2675	TRS1-L3::o;TRS1-L3::o	11	2	11	0	0	0	0	0	0	0	0	0	0	0	0	0	0	10	0	0	0	0	0	0	0
LT934125.1	+	116137	116961	NOV_TX_2673	TRS1-L3::5`-long;TRS1-L3::5`-long	73	2	73	0	0	0	0	0	0	0	0	0	0	0	0	0	0	51	0	0	0	0	0	0	0
LT934125.1	+	116170	116628	NOV_TX_2687	TRS1-L3::o;TRS1-L3::o	10	2	0	0	0	0	1	10	0	0	0	0	0	0	0	0	0	0	0	0	0	0	0	0	0
LT934125.1	+	116170	116961	NOV_TX_2686	TRS1-L3::5`-long;TRS1-L3::5`-long	24	2	0	0	0	0	11	24	0	0	0	0	0	0	0	0	0	0	0	0	0	0	0	0	0
LT934125.1	+	116227	116628	NOV_TX_2693	TRS1-L3::o;TRS1-L3::o;TRS1-L3::o	9	3	4	0	0	0	0	0	0	0	0	0	9	0	0	0	2	0	0	0	0	0	0	0	0
LT934125.1	+	116227	116961	NOV_TX_2692	TRS1-L3::5`-long;TRS1-L3::5`-long;TRS1-L3::5`-long	40	3	35	0	0	0	0	0	0	0	0	0	40	0	0	0	1	0	0	0	0	0	0	0	0
LT934125.1	+	116276	116628	NOV_TX_2708	TRS1-L3::o;TRS1-L3::o;TRS1-L3::o	8	3	0	0	0	0	0	2	0	0	0	0	0	0	0	0	1	0	8	0	0	0	0	0	0
LT934125.1	+	116276	116961	NOV_TX_2707	TRS1-L3::5`-long;TRS1-L3::5`-long;TRS1-L3::5`-long;TRS1-L3::5`-long	29	4	0	0	0	0	0	29	0	0	0	1	0	0	0	0	8	0	16	0	0	0	0	0	0
LT934125.1	+	116283	116628	NOV_TX_2706	TRS1-L3::o;TRS1-L3::o;TRS1-L3::o;TRS1-L3::o;TRS1-L3::o;TRS1-L3::o	24	6	7	0	0	0	0	0	0	0	0	0	12	0	0	0	0	4	0	24	0	0	0	15	24
LT934125.1	+	116283	116961	NOV_TX_2705	TRS1-L3::5`-long;TRS1-L3::5`-long;TRS1-L3::5`-long;TRS1-L3::5`-long;TRS1-L3::5`-long;TRS1-L3::5`-long;TRS1-L3::5`-long	96	7	96	0	0	0	0	0	0	0	0	0	69	0	0	2	0	64	0	84	0	0	0	81	95
LT934125.1	+	116340	116961	NOV_TX_2724	TRS1-L3::5`-long;TRS1-L3::5`-long	27	2	0	0	0	0	0	0	0	0	0	0	0	0	1	0	0	0	0	0	0	0	27	0	0
LT934125.1	+	116376	116628	NOV_TX_2738	TRS1-L3::o;TRS1-L3::o;TRS1-L3::o;TRS1-L3::o	93	4	0	0	0	0	0	0	0	0	0	0	37	0	0	0	0	0	0	93	0	1	0	73	0
LT934125.1	+	116376	116961	NOV_TX_2739	TRS1-L3::5`-long;TRS1-L3::5`-long;TRS1-L3::5`-long;TRS1-L3::5`-long	174	4	0	0	0	0	0	0	0	0	0	0	128	0	0	0	0	0	0	174	0	4	0	155	0
LT934125.1	+	116403	116628	NOV_TX_2736	TRS1-L3::o;TRS1-L3::o	13	2	0	0	0	0	0	6	0	0	0	0	0	0	0	0	0	0	13	0	0	0	0	0	0
LT934125.1	+	116403	116961	NOV_TX_2735	TRS1-L3::5`-long;TRS1-L3::5`-long;TRS1-L3::5`-long;TRS1-L3::5`-long	59	4	0	0	0	0	0	59	0	0	0	0	0	2	3	0	0	0	40	0	0	0	0	0	0
LT934125.1	+	116430	116628	NOV_TX_2741	TRS1-L3::o;TRS1-L3::o	34	2	0	0	0	0	0	0	0	0	0	0	34	0	0	0	4	0	0	0	0	0	0	0	0
LT934125.1	+	116430	116961	NOV_TX_2740	TRS1-L3::5`-long;TRS1-L3::5`-long	123	2	0	0	0	0	0	0	0	0	0	0	123	0	0	0	11	0	0	0	0	0	0	0	0
LT934125.1	+	116431	116628	NOV_TX_2733	TRS1-L3::o;TRS1-L3::o;TRS1-L3::o	91	3	45	0	0	1	0	0	0	0	0	0	0	0	0	0	0	0	0	91	0	0	0	0	0
LT934125.1	+	116431	116961	NOV_TX_2732	TRS1-L3::5`-long;TRS1-L3::5`-long;TRS1-L3::5`-long	316	3	316	0	0	5	0	0	0	0	0	0	0	0	0	0	0	0	0	181	0	0	0	0	0
LT934125.1	+	116477	116628	NOV_TX_2757	TRS1-L3::o;TRS1-L3::o	15	2	0	0	0	0	0	0	0	0	0	0	15	0	0	0	2	0	0	0	0	0	0	0	0
LT934125.1	+	116477	116961	NOV_TX_2756	TRS1-L3::5`-long;TRS1-L3::5`-long	136	2	0	0	0	0	0	0	0	0	0	0	136	0	0	0	10	0	0	0	0	0	0	0	0
LT934125.1	+	116478	116628	NOV_TX_2751	TRS1-L3::o;TRS1-L3::o;TRS1-L3::o	54	3	8	0	0	0	0	0	0	0	0	0	0	0	0	0	0	0	0	54	0	0	13	0	0
LT934125.1	+	116478	116961	NOV_TX_2749	TRS1-L3::5`-long;TRS1-L3::5`-long;TRS1-L3::5`-long	212	3	212	0	0	0	0	0	0	0	0	0	0	0	0	0	0	0	0	171	0	0	33	0	0
LT934125.1	+	116526	116961	NOV_TX_2765	TRS1-L3::5`-long;TRS1-L3::5`-long;TRS1-L3::5`-long	132	3	0	0	0	0	0	0	0	0	0	0	132	0	2	0	0	0	36	0	0	0	0	0	0
LT934125.1	+	116527	116961	NOV_TX_2762	TRS1-L3::5`-long;TRS1-L3::~;TRS1-L3::5`-long;TRS1-L3::5`-long	183	3	183	0	0	2	0	0	0	0	0	0	0	0	0	0	0	0	0	0	0	0	21	0	0
LT934125.1	+	116541	116628	NOV_TX_2772	TRS1-L3::3`-short;TRS1-L3::3`-short	9	2	0	0	0	0	0	0	0	0	0	0	0	0	0	0	0	0	0	2	0	0	0	0	9
LT934125.1	+	116586	116961	NOV_TX_2777	TRS1-L::5`-long;TRS1-L::~;TRS1-L::5`-long;TRS1-L::~;TRS1-L::5`-long;TRS1-L::5`-long	221	4	221	0	0	0	0	0	0	0	0	0	205	0	0	6	20	0	0	0	0	0	0	0	0
LT934125.1	+	116606	116961	NOV_TX_2781	TRS1-L::5`-short;TRS1::5`-long;TRS1-L::5`-short;TRS1::5`-long;TRS1-L::~;TRS1::~	31	2	0	0	0	0	0	0	0	0	0	0	0	0	0	0	0	0	31	0	0	6	0	0	0
LT934125.1	+	116622	116961	NOV_TX_2780	TRS1-L::5`-short;TRS1-L::5`-short;TRS1::5`-long;TRS1::5`-long	154	2	0	0	0	0	5	0	0	0	0	0	0	0	0	0	0	0	0	0	0	0	0	154	0
LT934125.1	+	116718	116961	NOV_TX_2788	TRS1-S::5`-short;TRS1-S::5`-short;TRS1-S::3`-short	92	2	0	0	0	0	0	0	0	0	0	0	92	0	0	0	8	0	0	0	0	0	0	0	0
LT934125.1	+	116719	116961	NOV_TX_2786	TRS1-S::5`-short;TRS1-S::3`-short;TRS1-S::5`-short;TRS1-S::3`-short;TRS1-S::5`-short;TRS1-S::3`-short	138	3	138	0	0	0	0	0	0	0	0	0	0	0	0	0	0	0	0	96	0	0	25	0	0
LT934125.1	+	116754	116961	NOV_TX_548	TRS1-S::5`-short;TRS1-S::c	7	2	0	0	0	0	0	0	0	0	0	0	0	0	0	7	0	0	0	0	1	0	0	0	0
LT934125.1	+	116759	116961	NOV_TX_152	TRS1-S::5`-short;TRS1-S::5`-short;TRS1-S::c;TRS1-S::5`-short;TRS1-S::c	404	3	0	0	0	6	0	0	0	0	0	0	212	0	0	0	0	0	0	0	0	0	0	404	0
LT934125.1	+	116791	116961	NOV_TX_2789	TRS1-S::5`-short;TRS1-S::c;TRS1-S::5`-short;TRS1-S::5`-short;TRS1-S::5`-short;TRS1-S::5`-short;TRS1-S::c;TRS1-S::5`-short;TRS1-S::5`-short	1013	7	1006	0	0	0	0	213	0	5	0	0	0	0	0	0	0	212	0	605	0	0	116	0	1013
LT934125.1	+	116832	116961	NOV_TX_919	TRS1-S::5`-short;TRS1-S::5`-short	359	2	0	0	0	0	0	0	0	0	0	0	0	0	0	0	0	0	0	359	0	0	113	0	0
LT934125.1	+	116835	116961	NOV_TX_2792	TRS1-S::5`-short;TRS1-S::c;TRS1-S::5`-short;TRS1-S::5`-short;TRS1-S::5`-short;TRS1-S::c;TRS1-S::5`-short;TRS1-S::c;TRS1-S::5`-short;TRS1-S::c	672	6	619	0	0	0	26	0	0	0	0	0	0	0	0	0	0	170	179	0	0	0	0	540	672
LT934125.1	+	117887	120477	NOV_TX_2797	US3-4::5`-short;US3-4::5`-short;US3-4::5`-short;US3-4::5`-short;US3-4::5`-short;US3-4::5`-short;US3-4::5`-short	8	7	8	0	0	0	2	2	0	0	0	0	2	0	0	0	0	0	1	3	0	0	1	0	0
LT934125.1	+	117920	120477	NOV_TX_1099	US3-4::5`-short;US3-4::5`-short	9	2	0	0	0	0	0	0	0	0	0	0	0	0	0	0	0	0	0	0	0	0	0	2	9
LT934125.1	+	118209	120477	NOV_TX_2806	US3-4::5`-short;US3-4::5`-short;US3-4::5`-short;US3-4::5`-short;US3-4::5`-short	8	5	8	0	0	0	0	0	0	0	0	0	0	1	0	0	0	3	0	6	0	0	0	0	8
LT934125.1	+	118381	120477	NOV_TX_2813	US4-L::5`-long;US4-L::5`-long;US4-L::5`-long	11	3	0	0	0	0	0	0	0	0	0	0	0	0	0	0	1	1	0	0	0	0	0	0	11
LT934125.1	+	118506	120477	NOV_TX_2817	US4-L::5`-long;US4-L::5`-long	23	2	0	0	0	0	0	0	0	0	0	0	0	0	0	0	0	1	0	0	0	0	0	0	23
LT934125.1	+	118513	120477	NOV_TX_2816	US4-L::5`-long;US4-L::5`-long;US4-L::5`-long	26	3	0	0	0	0	0	7	0	0	0	0	26	0	0	0	0	0	18	0	0	0	0	0	0
LT934125.1	+	118529	120477	NOV_TX_2814	US4-L::5`-long;US4-L::5`-long;US4-L::5`-long;US4-L::5`-long;US4-L::5`-long	11	5	11	0	0	0	1	0	0	0	0	0	0	0	0	0	2	0	0	7	0	0	0	8	0
LT934125.1	+	118664	120477	NOV_TX_2819	US4-L::5`-long;US4-L::5`-long	7	2	7	0	0	0	0	0	0	0	0	0	2	0	0	0	0	0	0	0	0	0	0	0	0
LT934125.1	+	118747	120477	NOV_TX_2830	US4-L::5`-long;US4-L::5`-long	12	2	0	0	0	0	0	0	0	0	0	0	0	0	0	0	1	0	0	12	0	0	0	0	0
LT934125.1	+	118791	120477	NOV_TX_153	US4-L::5`-long;US4-L::5`-long	12	2	0	0	0	1	0	0	0	0	0	0	0	0	0	0	0	0	0	0	0	0	0	0	12
LT934125.1	+	118906	120477	NOV_TX_2835	US4::5`-short;US4::5`-short	334	2	201	0	0	0	0	0	0	0	0	0	0	0	0	0	0	0	0	334	0	0	0	0	0
LT934125.1	+	118913	120477	NOV_TX_10	US4::5`-short;US4::5`-short;US4::5`-short	764	3	764	0	0	0	0	0	0	0	0	0	0	0	0	0	0	0	65	0	0	0	0	230	0
LT934125.1	+	118913	122915	NOV_TX_11	US4-6-7::5`-short;US4-6-7::5`-short;US4-6-7::5`-short	10	3	10	0	0	0	0	0	0	0	0	0	0	0	0	0	0	0	1	0	0	0	0	1	0
LT934125.1	+	118953	120477	NOV_TX_656	US4.2::5`-long;US4.2::5`-long	41	2	0	0	0	0	0	0	0	0	0	0	0	0	0	0	0	41	0	0	0	0	34	0	0
LT934125.1	+	118969	120477	NOV_TX_2840	US4.2::5`-long;US4.2::5`-long;US4.2::5`-long	40	3	0	0	0	0	3	40	0	0	0	0	0	0	0	0	8	0	0	0	0	0	0	0	0
LT934125.1	+	118970	120477	NOV_TX_2838	US4.2::5`-long;US4.2::5`-long;US4.2::5`-long;US4.2::5`-long	188	4	170	0	0	0	0	0	0	0	0	0	0	0	0	0	0	0	0	188	0	0	0	67	153
LT934125.1	+	119017	120477	NOV_TX_2845	US4.2::5`-short;US4.2::5`-short	109	2	109	0	0	0	0	0	0	0	0	0	16	0	0	0	0	0	0	0	0	0	0	0	0
LT934125.1	+	119071	120477	NOV_TX_2850	US4.2::5`-short;US4.3::5`-long;US4.2::5`-short;US4.3::5`-long;US4.2::5`-short;US4.3::5`-long;US4.3::5`-long	133	4	109	0	0	0	0	0	0	0	0	0	102	0	0	0	5	0	0	133	0	0	0	0	0
LT934125.1	+	119076	120477	NOV_TX_2852	US4.3::5`-long;US4.3::5`-long;US4.3::5`-long	40	3	0	0	0	0	0	23	0	0	0	0	0	0	0	0	0	0	40	0	0	0	0	40	0
LT934125.1	+	119155	120477	NOV_TX_2858	US4.3::5`-short;US4.3::5`-short	55	2	0	0	0	0	0	0	0	0	0	0	55	0	0	0	3	0	0	0	0	0	0	0	0
LT934125.1	+	119265	120477	NOV_TX_2874	US4.3-S::5`-short;US4.3-S::5`-short	489	2	0	0	0	7	0	0	0	0	0	0	0	0	0	0	0	0	0	489	0	0	0	0	0
LT934125.1	+	119266	120477	NOV_TX_2873	US4.3-S::5`-short;US4.3-S::5`-short;US4.3-S::5`-short;US4.3-S::5`-short	630	4	539	0	0	0	0	0	0	0	0	0	630	0	0	0	0	0	0	200	0	0	45	0	0
LT934125.1	+	119304	120477	NOV_TX_586	US4.5::5`-long;US4.5::5`-long;US4.5::5`-long;US4.5::5`-long;US4.5::5`-long	57	5	0	0	0	0	0	0	0	0	0	0	0	0	0	0	3	10	11	0	0	0	0	21	57
LT934125.1	+	119337	120477	NOV_TX_183	US4.5::5`-long;US4.5::5`-long;US4.5::5`-long	27	3	0	0	0	0	1	0	0	0	0	0	26	0	0	0	0	0	0	27	0	0	0	0	0
LT934125.1	+	119346	120477	NOV_TX_2877	US4.5::5`-short;US4.5::5`-short	7	2	6	0	0	0	0	0	0	0	0	0	0	0	0	0	0	0	0	7	0	0	0	0	0
LT934125.1	+	119380	120477	NOV_TX_302	US4.5::5`-short;US4.5-S::5`-long;US4.5::5`-short;US4.5-S::5`-long	28	2	0	0	0	0	0	28	0	0	0	0	0	0	0	0	0	22	0	0	0	0	0	0	0
LT934125.1	+	119427	120477	NOV_TX_2883	US4.5-S2::5`-long;US4.5-S2::5`-long;US4.5-S::5`-short	35	2	0	0	0	0	1	0	0	0	0	0	35	0	0	0	0	0	0	0	0	0	0	0	0
LT934125.1	+	119428	120477	NOV_TX_2881	US4.5-S2::5`-long;US4.5-S::5`-short;US4.5-S2::5`-long;US4.5-S::5`-short	46	2	30	0	0	0	0	0	0	0	0	0	0	0	0	0	0	0	0	46	0	0	0	0	0
LT934125.1	+	119482	120477	NOV_TX_2886	US4.6::5`-long;US4.6::5`-long;US4.6::5`-long;US4.6::5`-long	98	4	49	0	0	0	0	0	0	0	0	0	0	0	0	0	0	43	0	0	0	4	0	98	0
LT934125.1	+	119484	120477	NOV_TX_2887	US4.6::5`-long;US4.6::5`-long	200	2	0	0	0	0	0	0	0	0	0	0	200	0	0	0	9	0	0	0	0	0	0	0	0
LT934125.1	+	119485	120477	NOV_TX_2885	US4.6::5`-long;US4.6::5`-long;US4.6::5`-long;US4.6::5`-long	242	4	115	0	0	3	0	0	0	0	0	0	0	0	0	0	0	0	0	242	0	0	8	0	0
LT934125.1	+	119536	120477	NOV_TX_2888	US4.6::5`-short;US4.6::5`-short	153	2	153	0	0	0	0	0	0	0	0	0	0	0	0	0	0	0	0	0	0	0	11	0	0
LT934125.1	+	119567	120477	NOV_TX_2890	US4.6-S::5`-long;US4.6::5`-short;US4.6::5`-short;US4.6-S::5`-long;US4.6-S::5`-long;US4.6::5`-short;US4.6-S::5`-long;US4.6::5`-short;US4.6::5`-short;US4.6-S::5`-long;US4.6-S::5`-long;US4.6::5`-short;US4.6-S::5`-long;US4.6::5`-short;US4.6-S::5`-long;US4.6::5`-short;US4.6-S::5`-long;US4.6::5`-short;US4.6-S::5`-long;US4.6::5`-short;US4.6-S::5`-long;US4.6::5`-short;US4.6-S::5`-long;US4.6::5`-short	459	12	340	0	0	2	21	69	0	0	0	0	189	0	0	6	10	78	114	459	0	0	0	128	395
LT934125.1	+	119643	120477	NOV_TX_12	US4.6-S::5`-short;US4.6-S::5`-short;US4.6-S::5`-short;US4.6-S::5`-short;US4.6-S::5`-short;US4.6-S::5`-short	70	6	70	0	0	0	0	19	0	0	0	0	48	0	0	0	0	21	0	0	0	0	0	41	70
LT934125.1	+	119691	120477	NOV_TX_2897	US4.6-S::5`-short;US4.6-S::5`-short;US4.6-S::5`-short;US4.6-S::5`-short;US4.6-S::5`-short	114	5	0	0	0	1	0	0	0	0	0	0	0	0	0	0	0	28	0	64	0	0	0	51	114
LT934125.1	+	119693	120477	NOV_TX_2898	US4.6-S::5`-short;US4.6-S::5`-short	89	2	0	0	0	0	4	0	0	0	0	0	0	0	0	0	0	0	0	89	0	0	0	0	0
LT934125.1	+	119763	120477	NOV_TX_303	US4.6-S::5`-short;US4.6-S::5`-short;US4.6-S::5`-short;US4.6-S::5`-short	72	4	0	0	0	0	0	39	0	0	0	0	0	0	0	3	11	0	72	0	0	0	0	0	0
LT934125.1	+	119764	120477	NOV_TX_2903	US4.6-S::5`-short;US4.6-S::5`-short	355	2	214	0	0	0	0	0	0	0	0	0	0	0	0	0	0	0	0	355	0	0	0	0	0
LT934125.1	+	119808	120477	NOV_TX_2911	US4.6-S::5`-short;US4.6-S::5`-short;US4.6-S::5`-short;US4.6-S::5`-short;US4.6-S::5`-short;US4.6-S::5`-short;US4.6-S::5`-short	434	7	223	0	0	0	12	0	0	0	0	0	226	0	0	0	0	0	0	434	0	0	35	156	368
LT934125.1	+	119818	120477	NOV_TX_2912	US4.6-S::5`-short;US4.6-S::5`-short	351	2	247	0	0	0	0	0	0	0	0	0	0	0	0	0	0	0	0	351	0	0	0	0	0
LT934125.1	+	119877	120477	NOV_TX_2925	US4.7::5`-long;US4.7::5`-long;US4.7::5`-long;US4.7::5`-long	423	4	0	0	0	0	0	62	0	0	0	0	0	0	0	0	10	0	0	0	0	0	0	117	423
LT934125.1	+	119878	120477	NOV_TX_2921	US4.7::5`-long;US4.7::5`-long;US4.7::5`-long	483	3	127	0	0	1	0	0	0	0	0	0	0	0	0	0	0	0	0	483	0	0	0	0	0
LT934125.1	+	119941	120477	NOV_TX_2935	US4.7::5`-long;US4.7::5`-long;US4.7::5`-long;US4.7::5`-long;US4.7::5`-long;US4.7::5`-long;US4.7::5`-long;US4.7::5`-long;US4.7::5`-long	937	9	566	0	0	0	0	100	0	0	0	0	793	0	0	0	0	203	198	937	0	0	80	367	801
LT934125.1	+	120022	120477	NOV_TX_2943	US4.7::5`-long;US4.7::5`-long	327	2	0	0	0	0	0	0	0	0	0	0	327	0	0	0	14	0	0	0	0	0	0	0	0
LT934125.1	+	120090	120477	NOV_TX_13	US4.7::5`-short;US4.7::5`-short;US4.7::5`-short	61	3	61	0	0	0	0	0	0	0	0	0	0	0	0	0	0	20	0	0	0	0	7	0	0
LT934125.1	+	120130	120477	NOV_TX_2953	US4.7::5`-short;US4.7::5`-short;US4.7::5`-short;US4.7::5`-short;US4.7::5`-short;US4.7::5`-short	623	6	0	0	0	2	0	0	0	0	0	0	211	0	0	0	0	0	0	314	0	0	28	314	623
LT934125.1	+	120132	120477	NOV_TX_2954	US4.7::5`-short;US4.7::5`-short	501	2	0	0	0	0	0	0	0	0	0	0	501	0	0	0	27	0	0	0	0	0	0	0	0
LT934125.1	+	120133	120477	NOV_TX_2950	US4.7::5`-short;US4.7::5`-short;US4.7::5`-short	554	3	371	0	0	0	0	0	0	0	0	0	0	0	0	0	0	0	0	554	0	0	46	0	0
LT934125.1	+	120193	120477	NOV_TX_2957	US4.7-S::5`-long;US4.7-S::5`-long;US4.7-S::5`-long;US4.7-S::5`-long;US4.7-S::5`-long	597	5	418	0	0	2	0	0	0	0	0	0	464	0	0	0	0	0	0	597	0	0	44	0	0
LT934125.1	+	120246	120477	NOV_TX_2960	US4.7-S::5`-long;US4.7-S::5`-long;US4.7-S::5`-long;US4.7-S::5`-long;US4.7-S::5`-long	180	5	121	0	0	0	0	0	0	0	0	0	56	0	0	0	0	24	0	180	0	0	0	0	143
LT934125.1	+	120255	120477	NOV_TX_2961	US4.7-S::5`-long;US4.7-S::5`-long	15	2	0	0	0	1	0	0	0	0	0	0	0	0	0	0	0	0	0	0	0	0	0	15	0
LT934125.1	+	120312	120477	NOV_TX_14	US4.7-S::5`-short;US4.7-S::5`-short;US4.7-S::5`-short;US4.7-S::5`-short;US4.7-S::5`-short;US4.7-S::5`-short;US4.7-S::5`-short;US4.7-S::5`-short;US4.7-S::5`-short	807	9	381	0	0	0	0	166	0	0	0	4	789	0	0	9	50	0	213	0	0	0	0	377	807
LT934125.1	+	120555	121347	NOV_TX_2977	US6::3`-short;US6::3`-short;US6::3`-short;US6::3`-short;US6::3`-short;US6::3`-short	7	6	3	0	0	0	0	0	0	0	0	0	3	0	0	0	0	1	0	7	0	0	0	4	2
LT934125.1	+	120555	125230	NOV_TX_2976	US6-7-8-9-2::3`-short;US6-7-8-9-2::3`-short;US6-7-8-9-2::3`-short;US6-7-8-9-2::3`-short;US6-7-8-9-2::3`-short	6	5	6	0	0	0	0	0	0	0	0	0	3	0	0	0	0	0	1	5	0	0	0	0	6
LT934125.1	+	120937	122915	NOV_TX_2981	US7-L::5`-short;US7-L::5`-short;US7-L::5`-short;US7-L::5`-short	6	4	1	0	0	0	1	0	0	0	0	0	0	0	0	0	0	0	0	6	0	0	0	0	1
LT934125.1	+	121271	122915	NOV_TX_15	US7-L2::5`-short;US7-L2::5`-short;US7-L2::5`-short	16	3	15	0	0	0	0	0	0	0	0	0	0	0	0	0	0	0	0	16	0	0	0	1	0
LT934125.1	+	121583	122915	NOV_TX_2997	US7-L3::5`-long;US7-L3::5`-long	5	2	0	0	0	0	0	0	0	0	0	0	5	0	0	0	0	0	2	0	0	0	0	0	0
LT934125.1	+	121837	122915	NOV_TX_3012	US7.3::5`-long;US7::5`-short;US7::5`-short;US7.3::5`-long	90	2	0	0	0	0	0	48	0	0	0	0	0	0	0	0	0	0	0	90	0	0	0	0	0
LT934125.1	+	121839	122915	NOV_TX_3011	US7.3::5`-long;US7.3::5`-long	171	2	0	0	0	1	0	0	0	0	0	0	0	0	0	0	0	0	0	171	0	0	0	0	0
LT934125.1	+	121901	122915	NOV_TX_3020	US7.3::5`-short;US7.3::5`-short;US7.3::5`-short	6	3	0	1	0	1	0	0	0	0	0	0	0	0	0	0	0	0	0	0	0	0	6	0	0
LT934125.1	+	121902	122915	NOV_TX_3017	US7.3::5`-short;US7.3::5`-short;US7.3::5`-short	38	3	25	0	0	0	0	0	0	0	0	0	38	0	0	0	0	0	0	0	0	0	0	22	0
LT934125.1	+	121925	122915	NOV_TX_185	US7.3::5`-short;US7.3::5`-short;US7.3::5`-short	9	3	0	0	0	0	1	8	0	0	0	0	0	0	0	0	0	9	0	0	0	0	0	0	0
LT934125.1	+	121979	122915	NOV_TX_3026	US7.3::5`-short;US7.3::5`-short	17	2	0	0	0	0	0	0	0	0	0	0	0	0	0	0	0	0	0	0	0	0	2	0	17
LT934125.1	+	121996	122915	NOV_TX_307	US7.3::5`-short;US7.3::5`-short	33	2	0	0	0	0	0	9	0	0	0	0	0	0	0	0	0	0	0	0	0	0	0	33	0
LT934125.1	+	122024	122915	NOV_TX_924	US7.3::5`-short;US7.3::5`-short;US7.3::5`-short	32	3	0	0	0	0	0	0	0	0	0	0	0	0	0	0	4	0	0	32	0	0	7	0	0
LT934125.1	+	122043	122915	NOV_TX_3027	US7.3::5`-short;US7.3::5`-short	5	2	0	0	0	1	0	0	0	0	0	0	0	0	0	0	0	0	0	0	0	0	5	0	0
LT934125.1	+	122119	122915	NOV_TX_3035	US7.3-S::5`-long;US7.3-S::5`-long;US7.3-S::5`-long;US7.3-S::5`-long;US7.3-S::5`-long;US7.3-S::5`-long;US7.3-S::5`-long;US7.3-S::5`-long	39	8	27	0	0	0	0	3	0	0	0	0	20	0	0	0	1	0	9	39	0	0	0	17	24
LT934125.1	+	122301	122915	NOV_TX_450	US7.3-S::5`-short;US7.3-S::5`-short;US7.3-S::5`-short;US7.3-S::5`-short;US7.3-S::5`-short	503	5	0	0	0	0	0	0	0	0	0	0	47	0	0	0	29	115	0	0	0	0	0	246	503
LT934125.1	+	122304	122915	NOV_TX_3047	US7.3-S::5`-short;US7.3-S::5`-short;US7.3-S::5`-short	766	3	422	0	0	0	0	0	0	0	0	0	0	0	0	0	0	0	0	766	0	0	57	0	0
LT934125.1	+	122304	125230	NOV_TX_3048	US8-L-US9::5`-long;US8-L-US9::5`-long	9	2	9	0	0	0	0	0	0	0	0	0	0	0	0	0	0	0	0	3	0	0	0	0	0
LT934125.1	+	122304	126151	NOV_TX_3049	US7-8-9-2::5`-short;US7-8-9-2::5`-short	5	2	5	0	0	0	0	0	0	0	0	0	0	0	0	0	0	0	0	1	0	0	0	0	0
LT934125.1	+	122402	122915	NOV_TX_451	US7.3-S2::5`-long;US7.3-S2::5`-long;US7.3-S2::5`-long;US7.3-S2::5`-long;US7.3-S2::5`-long;US7.3-S2::5`-long	129	6	0	0	0	0	0	0	0	0	0	0	80	0	0	0	0	25	0	129	0	0	9	50	86
LT934125.1	+	122405	122915	NOV_TX_3056	US7.3-S2::5`-long;US7.3-S2::5`-long	84	2	84	0	0	0	0	0	0	0	0	0	40	0	0	0	0	0	0	0	0	0	0	0	0
LT934125.1	+	122518	122915	NOV_TX_3070	US7.3-S2::5`-short;US7.3-S2::5`-short;US7.3-S2::5`-short	74	3	18	0	0	0	0	0	0	0	0	0	27	0	0	0	0	0	0	0	0	0	0	74	0
LT934125.1	+	122522	122915	NOV_TX_3069	US7.3-S2::5`-short;US7.3-S2::5`-short;US7.3-S2::5`-short	222	3	49	0	0	0	0	0	0	0	0	0	0	0	0	0	0	0	0	222	0	0	8	0	0
LT934125.1	+	122575	122915	NOV_TX_309	US7.3-S2::5`-short;US7.1::5`-long;US7.3-S2::5`-short;US7.1::5`-long;US7.1::5`-long;US7.3-S2::5`-short;US7.1::5`-long;US7.3-S2::5`-short	86	4	0	0	0	0	0	8	0	0	0	0	0	0	0	0	0	0	0	86	0	0	0	22	67
LT934125.1	+	122614	122915	NOV_TX_3079	US7.1::5`-long;US7.1::5`-long	104	2	39	0	0	0	0	0	0	0	0	0	104	0	0	0	0	0	0	0	0	0	0	0	0
LT934125.1	+	122689	122915	NOV_TX_589	US7.1::5`-long;US7.1::5`-long	13	2	0	0	0	0	0	0	0	0	0	0	0	0	0	0	1	13	0	0	0	0	0	0	0
LT934125.1	+	122922	125230	NOV_TX_3097	US8-9::5`-long;US8-9::5`-long;US8-9::5`-long;US8-9::5`-long;US8-9::5`-long;US8-9::5`-long;US8-9::5`-long;US8-9::5`-long;US8-9::5`-long;US8-9::5`-long;US8-9::5`-long	37	11	10	0	0	0	3	2	0	0	0	0	6	0	0	2	0	3	1	10	0	0	2	12	37
LT934125.1	+	122922	126151	NOV_TX_3098	US8-9-2::5`-long;US8-9-2::5`-long;US8-9-2::5`-long;US8-9-2::5`-long;US8-9-2::5`-long;US8-9-2::5`-long	10	6	10	0	0	0	2	0	1	0	0	0	0	0	0	0	0	0	0	6	0	0	0	2	5
LT934125.1	+	123755	125230	NOV_TX_591	US9-L5::5`-long;US9-L5::5`-long;US9-L5::5`-long;US9-L5::5`-long	6	4	0	0	0	0	0	0	0	0	0	0	0	0	0	0	1	2	1	0	0	0	0	6	0
LT934125.1	+	123780	126151	NOV_TX_23	US9-US2-L2::5`-long;US9-US2-L2::5`-long;US9-US2-L2::5`-long;US9-US2-L2::5`-long	8	4	8	0	0	0	2	0	0	0	0	0	0	0	0	0	0	0	0	2	0	0	0	0	3
LT934125.1	+	123824	125230	NOV_TX_311	US9-L5::5`-short;US9-L5::5`-short;US9-L5::5`-short;US9-L4::5`-long	8	3	8	0	0	0	2	4	0	0	0	0	0	0	0	0	0	0	0	0	0	0	0	0	0
LT934125.1	+	124008	125230	NOV_TX_25	US9-L4::5`-short;US9-L4::5`-short;US9-L4::5`-short;US9-L4::5`-short	5	4	5	0	0	0	0	0	0	0	0	0	0	0	0	0	1	0	3	0	0	0	0	4	0
LT934125.1	+	124008	126151	NOV_TX_24	US9-US2-L2::5`-short;US9-US2-L2::5`-short	10	2	10	0	0	0	0	0	0	0	0	0	0	0	0	0	0	0	1	0	0	0	0	0	0
LT934125.1	+	124037	125230	NOV_TX_192	US9-L3::5`-long;US9-L4::5`-short;US9-L3::5`-long	8	2	0	0	0	0	1	0	0	0	0	0	0	0	0	0	0	0	0	0	0	0	0	0	8
LT934125.1	+	124093	125230	NOV_TX_804	US9-L3::5`-long;US9-L3::5`-long;US9-L3::5`-long;US9-L3::5`-long	8	4	0	0	0	0	0	0	0	0	0	0	0	0	0	0	0	0	4	8	0	0	0	2	6
LT934125.1	+	124162	125230	NOV_TX_26	US9-L3::5`-long;US9-L3::5`-long;US9-L3::5`-long;US9-L3::5`-long	26	4	23	0	0	0	0	0	0	0	0	0	0	0	0	0	3	0	0	26	0	0	0	0	18
LT934125.1	+	124162	126151	NOV_TX_27	US9-US2-L::5`-long;US9-US2-L::5`-long;US9-US2-L::5`-long	20	3	20	0	0	0	0	0	0	0	0	0	0	0	0	0	0	0	0	10	0	0	0	0	3
LT934125.1	+	124180	126151	NOV_TX_312	US9-US2-L::5`-long;US9-US2-L::5`-long	16	2	0	0	0	0	0	8	0	0	0	0	16	0	0	0	0	0	0	0	0	0	0	0	0
LT934125.1	+	124302	125230	NOV_TX_28	US9-L2::5`-short;US9-L2::5`-short;US9-L2::5`-short;US9-L2::5`-short;US9-L2::5`-short;US9-L2::5`-short;US9-L2::5`-short	384	7	254	0	0	0	0	72	0	0	0	0	0	0	0	5	0	0	0	222	0	0	33	135	384
LT934125.1	+	124302	126151	NOV_TX_29	US9-US2-L::5`-long;US9-US2-L::5`-long;US9-US2-L::5`-long;US9-US2-L::5`-long;US9-US2-L::5`-long;US9-US2-L::5`-long	58	6	58	0	0	0	0	13	0	0	0	0	0	0	0	1	0	0	0	28	0	0	0	8	18
LT934125.1	+	124305	125230	NOV_TX_452	US9-L2::5`-short;US9-L2::5`-short	170	2	0	0	0	0	0	0	0	0	0	0	170	0	0	0	0	0	50	0	0	0	0	0	0
LT934125.1	+	124305	126151	NOV_TX_453	US9-US2-L::5`-long;US9-US2-L::5`-long	20	2	0	0	0	0	0	0	0	0	0	0	20	0	0	0	0	0	4	0	0	0	0	0	0
LT934125.1	+	124331	125230	NOV_TX_1227	US9-L2::5`-short;US9-L2::5`-short;US9-L2::5`-short	66	3	0	0	0	0	0	0	0	0	0	0	66	0	1	0	1	0	0	0	0	0	0	0	0
LT934125.1	+	124331	126151	NOV_TX_1228	US9-US2-L::5`-long;US9-US2-L::5`-long	12	2	0	0	0	0	0	0	0	0	0	0	12	0	1	0	0	0	0	0	0	0	0	0	0
LT934125.1	+	124385	125230	NOV_TX_30	US9-L2::5`-short;US9-L2::5`-short;US9-L2::5`-short;US9-L2::5`-short;US9-L2::5`-short;US9-L2::5`-short;US9-L2::5`-short;US9-L2::5`-short;US9-L2::5`-short	64	9	41	0	0	0	0	6	0	0	0	0	33	0	0	0	0	12	13	43	0	0	1	16	64
LT934125.1	+	124385	126151	NOV_TX_1231	US9-US2-L::5`-long;US9-US2-L::5`-long;US9-US2-L::5`-long;US9-US2-L::5`-long;US9-US2-L::5`-long;US9-US2-L::5`-long;US9-US2-L::5`-long;US9-US2-L::5`-long	16	8	16	0	0	0	0	2	0	0	0	0	2	0	0	0	0	5	2	4	0	0	0	2	4
LT934125.1	+	124409	125230	NOV_TX_1234	US9-L2::5`-short;US9-L2::5`-short	124	2	124	0	0	0	0	0	0	0	0	0	0	0	0	0	0	0	0	95	0	0	0	0	0
LT934125.1	+	124409	126151	NOV_TX_1235	US9-US2-L::5`-short;US9-US2-L::5`-short	10	2	9	0	0	0	0	0	0	0	0	0	0	0	0	0	0	0	0	10	0	0	0	0	0
LT934125.1	+	124487	125230	NOV_TX_1247	US9-L1::5`-long;US9-L2::5`-short;US9-L1::5`-long;US9-L2::5`-short;US9-L1::5`-long;US9-L2::5`-short;US9-L1::5`-long;US9-L2::5`-short	24	4	0	0	0	0	0	8	0	0	0	0	19	0	0	0	0	10	0	0	0	0	0	24	0
LT934125.1	+	124487	126151	NOV_TX_1248	US9-US2-L::5`-short;US9-US2-L::5`-short;US9-US2-L::5`-short;US9-US2-L::5`-short	6	4	0	0	0	0	0	3	0	0	0	0	6	0	0	0	0	3	0	0	0	0	0	4	0
LT934125.1	+	124488	125230	NOV_TX_1249	US9-L1::5`-long;US9-L2::5`-short	28	2	0	0	0	0	0	0	0	0	0	0	28	0	0	0	1	0	0	0	0	0	0	0	0
LT934125.1	+	124489	125230	NOV_TX_1244	US9-L1::5`-long;US9-L2::5`-short;US9-L1::5`-long;US9-L2::5`-short	46	2	46	0	0	0	0	0	0	0	0	0	0	0	0	0	0	0	0	41	0	0	0	0	0
LT934125.1	+	124489	126151	NOV_TX_1245	US9-US2-L::5`-short;US9-US2-L::5`-short	27	2	27	0	0	0	0	0	0	0	0	0	0	0	0	0	0	0	0	13	0	0	0	0	0
LT934125.1	+	124538	125230	NOV_TX_1165	US9-L1::5`-long;US9-L1::5`-long	502	2	0	0	0	0	0	0	0	0	0	0	0	0	0	0	20	0	0	0	0	0	0	0	502
LT934125.1	+	124538	126151	NOV_TX_593	US9-US2-L::5`-short;US9-US2-L::5`-short	32	2	0	0	0	0	0	0	0	0	0	0	0	0	0	0	7	0	0	0	0	0	0	0	32
LT934125.1	+	124541	125230	NOV_TX_930	US9-L1::5`-long;US9-L1::5`-long;US9-L1::5`-long	278	3	0	0	0	0	0	0	0	0	0	0	0	0	0	0	0	0	0	121	0	0	92	278	0
LT934125.1	+	124541	126151	NOV_TX_931	US9-US2-L::5`-short;US9-US2-L::5`-short;US9-US2-L::5`-short	43	3	0	0	0	0	0	0	0	0	0	0	0	0	0	0	0	0	0	39	0	0	1	43	0
LT934125.1	+	124563	125230	NOV_TX_1256	US9-L1::5`-long;US9-L1::5`-long;US9-L1::5`-long;US9-L1::5`-long;US9-L1::5`-long;US9-L1::5`-long	62	6	44	0	0	0	0	0	0	0	0	0	62	0	0	0	0	20	13	0	0	1	4	0	0
LT934125.1	+	124563	126151	NOV_TX_1257	US9-US2-L::5`-short;US9-US2-L::5`-short;US9-US2-L::5`-short;US9-US2-L::5`-short	21	4	21	0	0	0	0	0	0	0	0	0	18	0	0	0	0	3	3	0	0	0	0	0	0
LT934125.1	+	124616	125230	NOV_TX_1268	US9-L1::5`-long;US9-L1::5`-long	73	2	0	0	0	0	0	0	0	0	0	0	73	0	0	0	0	0	0	0	0	0	12	0	0
LT934125.1	+	124617	125230	NOV_TX_1269	US9-L1::5`-long;US9-L1::5`-long	20	2	0	0	0	0	0	0	0	0	0	0	0	0	0	0	3	20	0	0	0	0	0	0	0
LT934125.1	+	124677	126151	NOV_TX_1275	US9-2::5`-long;US9-2::5`-long;US9-2::5`-long	9	3	7	0	0	0	0	0	0	0	0	0	0	0	0	0	0	0	0	6	0	0	0	0	9
LT934125.1	+	124827	125230	NOV_TX_1288	US9.3::5`-long;US9.3::5`-long;US9.3::5`-long	59	3	0	0	0	0	0	0	0	0	0	0	59	0	0	0	6	14	0	0	0	0	0	0	0
LT934125.1	+	124827	126151	NOV_TX_1287	US9-2::5`-short;US9-2::5`-short;US9-2::5`-short	43	3	0	0	0	0	0	0	0	0	0	0	43	0	0	0	2	9	0	0	0	0	0	0	0
LT934125.1	+	124865	125230	NOV_TX_932	US9.3::5`-long;US9.3::5`-long;US9.3::5`-long	43	3	0	0	0	0	0	0	0	0	0	0	0	0	0	0	0	0	0	43	0	0	0	5	25
LT934125.1	+	124865	126151	NOV_TX_933	US9-2::5`-short;US9-2::5`-short;US9-2::5`-short	94	3	0	0	0	0	0	0	0	0	0	0	0	0	0	0	0	0	0	94	0	0	0	16	29
LT934125.1	+	124937	125230	NOV_TX_808	US9.3::5`-short;US9.3::5`-short	18	2	0	1	0	0	0	0	0	0	0	0	0	0	0	0	0	0	18	0	0	0	0	0	0
LT934125.1	+	124941	125230	NOV_TX_1293	US9.3::5`-short;US9.3::5`-short	54	2	54	0	0	0	0	0	0	0	0	0	0	0	0	0	0	0	0	0	0	0	4	0	0
LT934125.1	+	124958	125230	NOV_TX_1295	US9.3::5`-short;US9.3::5`-short;US9.3::5`-short	65	3	0	0	0	0	0	0	0	0	0	0	65	0	0	0	0	0	0	0	0	4	0	34	0
LT934125.1	+	124958	126151	NOV_TX_1296	US2-L::5`-long;US2-L::5`-long;US2-L::5`-long	41	3	0	0	0	0	0	0	0	0	0	0	41	0	0	0	0	0	0	0	0	2	0	14	0
LT934125.1	+	125003	125230	NOV_TX_934	US9.3::5`-short;US9.3::5`-short	126	2	0	0	0	0	0	0	0	0	0	0	0	0	0	0	0	0	0	95	0	0	0	0	126
LT934125.1	+	125003	126151	NOV_TX_935	US2-L::5`-long;US2-L::5`-long	37	2	0	0	0	0	0	0	0	0	0	0	0	0	0	0	0	0	0	37	0	0	0	0	13
LT934125.1	+	125058	125230	NOV_TX_32	US9.3::5`-short;US9.3::5`-short;US9.3::5`-short	229	3	229	0	0	0	4	0	0	0	0	0	0	0	0	0	0	55	0	0	0	0	0	0	0
LT934125.1	+	125058	126151	NOV_TX_31	US2-L::5`-long;US2-L::5`-long;US2-L::5`-long	465	3	465	0	0	0	14	0	0	0	0	0	0	0	0	0	0	41	0	0	0	0	0	0	0
LT934125.1	+	125104	125230	NOV_TX_1303	US9.3::5`-short;US9.3::5`-short;US9.3::5`-short;US9.3::5`-short;US9.3::5`-short;US9.3::5`-short;US9.3::5`-short;US9.3::5`-short	417	8	141	0	0	0	7	51	0	0	0	0	65	0	0	0	0	0	55	91	0	0	0	141	417
LT934125.1	+	125150	125230	NOV_TX_1316	US9.3::5`-short;US9.3::5`-short	12	2	0	0	0	0	0	0	0	0	0	0	0	0	0	0	0	1	0	12	0	0	0	0	0
LT934125.1	+	125150	126151	NOV_TX_1315	US2-L::5`-short;US2-L::5`-short	65	2	0	0	0	0	0	0	0	0	0	0	0	0	0	0	0	10	0	65	0	0	0	0	0
LT934125.1	+	125152	126151	NOV_TX_1313	US2-L::5`-short;US2-L::5`-short	89	2	0	0	0	0	0	0	0	0	0	0	89	0	0	0	3	0	0	0	0	0	0	0	0
LT934125.1	+	125153	126151	NOV_TX_1310	US2-L::5`-short;US2-L::5`-short	122	2	122	0	0	0	0	0	0	0	0	0	0	0	0	0	0	0	0	95	0	0	0	0	0
LT934125.1	+	125269	126151	NOV_TX_1320	US2::5`-short;US2::5`-short	208	2	0	0	0	0	0	0	0	0	0	0	208	0	0	0	0	0	58	0	0	0	0	0	0
LT934125.1	+	125310	126151	NOV_TX_1325	US2.3::5`-long;US2.3::5`-long;US2.3::5`-long	130	3	0	0	0	0	0	0	0	0	0	0	0	0	0	0	0	46	0	0	0	0	0	68	130
LT934125.1	+	125313	126151	NOV_TX_1324	US2.3::5`-long;US2.3::5`-long	325	2	0	0	0	0	0	0	0	0	0	0	325	0	0	0	16	0	0	0	0	0	0	0	0
LT934125.1	+	125314	126151	NOV_TX_1322	US2.3::5`-long;US2.3::5`-long;US2.3::5`-long	467	3	467	0	0	0	0	0	0	0	0	0	0	0	0	0	0	0	0	295	0	0	50	0	0
LT934125.1	+	125357	126151	NOV_TX_1328	US2.3::5`-long;US2.3::5`-long	127	2	0	0	0	0	0	0	0	0	0	0	127	0	0	0	0	0	0	0	0	0	4	0	0
LT934125.1	+	125478	126151	NOV_TX_1334	US2.3-S::5`-short;US2.3-S::5`-short;US2.3-S::5`-short;US2.3-S::5`-short	114	4	0	0	0	0	0	0	0	0	0	0	114	0	0	0	0	13	23	0	0	0	0	0	41
LT934125.1	+	125506	126151	NOV_TX_1338	US2.3-S::5`-short;US2.3-S::5`-short;US2.3-S::5`-short	105	3	78	0	0	0	0	0	0	0	0	0	104	0	0	0	0	0	0	105	0	0	0	0	0
LT934125.1	+	125640	126151	NOV_TX_1341	US2.3-S2::5`-short;US2.3-S2::5`-short	121	2	0	0	0	1	0	0	0	0	0	0	121	0	0	0	0	0	0	0	0	0	0	0	0
LT934125.1	+	125784	126151	NOV_TX_1346	US2.3-S3::5`-short;US2.3-S3::5`-short	100	2	100	0	0	0	0	18	0	0	0	0	0	0	0	0	0	0	0	0	0	0	0	0	0
LT934125.1	+	125804	126151	NOV_TX_458	US2.3-S3::5`-short;US2.3-S3::5`-short	133	2	0	0	0	0	0	0	0	0	0	0	133	0	0	0	0	0	37	0	0	0	0	0	0
LT934125.1	+	125838	126151	NOV_TX_936	US2.3-S3::5`-short;US2.3-S3::5`-short	281	2	0	0	0	0	0	0	0	0	0	0	0	0	0	0	0	0	0	281	0	0	0	99	0
LT934125.1	+	125866	126151	NOV_TX_999	US2.3-S3::5`-short;US2.3-S3::5`-short	191	2	0	0	0	0	0	0	0	0	0	0	0	0	0	0	0	0	0	0	0	4	0	0	191
LT934125.1	+	125905	126151	NOV_TX_1348	US2.3-S3::5`-short;US2.3-S3::5`-short;US2.3-S3::5`-short	209	3	165	0	0	0	0	0	0	0	0	0	209	0	0	0	0	0	0	0	0	0	9	0	0
LT934125.1	+	125954	126151	NOV_TX_459	US2.3-S3::5`-short;US2.3-S3::5`-short;US2.3-S3::5`-short	217	3	0	0	0	0	0	0	0	0	0	0	217	0	1	0	0	0	73	0	0	0	0	0	0
LT934125.1	+	125957	126151	NOV_TX_1352	US2.3-S3::5`-short;US2.3-S3::5`-short	462	2	462	0	0	0	0	0	0	0	0	0	179	0	0	0	0	0	0	0	0	0	0	0	0
LT934125.1	+	125972	126151	NOV_TX_201	US2.3-S3::5`-short;US2.3-S3::5`-short	28	2	0	0	0	0	28	0	0	0	0	0	0	0	0	0	26	0	0	0	0	0	0	0	0
LT934125.1	+	126005	126151	NOV_TX_1355	US2.3-S3::5`-short;US2.3-S3::5`-short;US2.3-S3::5`-short;US2.3-S3::5`-short;US2.3-S3::5`-short;US2.3-S3::5`-short	499	6	301	0	0	0	0	137	0	0	0	0	0	0	0	0	26	0	0	499	0	0	0	168	297
LT934125.1	+	137112	141356	NOV_TX_1373	IE180_2-S::5`-short;IE180_2-S::5`-short;IE180_2-S::5`-short	7	3	3	0	0	0	0	0	0	0	0	0	3	0	0	0	0	0	0	0	0	0	0	0	7
LT934125.1	+	138673	141356	NOV_TX_1109	IE180_2-S::5`-short;IE180_2-S::5`-short	6	2	0	0	0	0	0	0	0	0	0	0	0	0	0	0	0	0	0	0	0	0	0	3	6
LT934125.1	+	139982	141356	NOV_TX_1383	IE180_2-S::5`-short;IE180_2-S::5`-short;IE180_2-S::5`-short;IE180_2-S::5`-short;IE180_2-S::5`-short;IE180_2-S::5`-short;IE180_2-S::5`-short	12	7	11	0	0	0	0	0	0	0	0	0	6	0	0	0	1	3	0	0	0	0	2	10	12
LT934125.1	+	140327	141356	NOV_TX_981	IE180_2-S::5`-short;IE180_2-S::5`-short	15	2	0	0	0	0	0	0	0	0	0	0	0	0	0	0	0	0	0	0	1	0	0	15	0
LT934125.1	+	140598	141356	NOV_TX_597	IE180_2-S::5`-short;IE180_2-S::5`-short	30	2	0	0	0	0	0	0	0	0	0	0	0	0	0	0	3	0	0	0	0	0	0	30	0
LT934125.1	+	140733	141356	NOV_TX_323	IE180_2-S::5`-short;IE180_2-S::5`-short	17	2	0	0	0	0	0	17	0	0	0	0	0	0	0	0	0	0	0	0	7	0	0	0	0
LT934125.1	+	140788	141356	NOV_TX_1111	IE180_2-S::5`-short;IE180_2-S::5`-short	168	2	0	0	0	0	0	0	0	0	0	0	0	0	0	0	0	0	0	0	0	0	0	125	168
LT934125.1	+	140994	141356	NOV_TX_680	IE180_2-S::5`-short;IE180_2-S::5`-short	7	2	0	0	0	0	0	0	0	0	0	0	0	0	0	0	0	6	7	0	0	0	0	0	0
LT934125.1	+	141068	141356	NOV_TX_1393	IE180_2-S::5`-short;IE180_2-S::5`-short	44	2	0	0	0	0	0	0	0	0	0	0	0	0	0	0	4	0	0	0	0	0	0	44	0
LT934125.1	+	141083	141356	NOV_TX_1396	IE180_2-S::5`-short;IE180_2-S::5`-short	11	2	0	0	0	0	0	0	0	0	0	0	0	0	0	0	0	0	11	0	4	0	0	0	0
LT934125.1	+	141104	141356	NOV_TX_326	IE180_2-S::5`-short;IE180_2-S::5`-short	12	2	0	0	0	0	0	12	0	0	0	0	0	0	0	0	0	0	0	0	0	11	0	0	0
LT934125.1	+	141173	141356	NOV_TX_37	IE180_2-S::5`-short;IE180_2-S::5`-short;IE180_2-S::5`-short;IE180_2-S::5`-short;IE180_2-S::5`-short	151	5	151	0	0	0	0	0	0	0	0	0	115	0	0	0	0	0	25	0	17	0	17	0	0
LT934125.1	+	141215	141356	NOV_TX_327	IE180_2-S::5`-short;IE180_2-S::5`-short	54	2	0	0	0	0	0	39	0	0	0	0	0	0	0	0	0	54	0	0	0	0	0	0	0
LT934125.1	-	2870	2778	NOV_TX_3344	UL54.3-S2::5`-short;UL54.3-S2::5`-short	25	2	0	0	0	0	0	21	0	0	0	0	0	0	0	0	0	25	0	0	0	0	0	0	0
LT934125.1	-	2977	2778	NOV_TX_3258	UL54.3-S2::5`-short;UL54.3-S2::5`-short;UL54.3-S2::5`-short;UL54.3-S2::5`-short	319	4	0	0	0	0	16	0	0	0	0	0	297	0	0	0	30	0	0	0	0	0	0	0	319
LT934125.1	-	3034	2778	NOV_TX_3478	UL54.3-S2::5`-short;UL54.3-S2::5`-short;UL54.3-S2::5`-short;UL54.3-S2::5`-short	41	4	0	0	0	0	0	0	0	0	0	0	31	0	0	1	0	0	21	0	0	0	0	41	0
LT934125.1	-	3045	2778	NOV_TX_3896	UL54.3-S2::5`-short;UL54.3-S2::5`-short	45	2	0	0	0	0	0	0	0	0	0	0	0	0	0	0	0	0	0	0	0	10	0	0	45
LT934125.1	-	3305	2778	NOV_TX_3259	UL54.3::5`-long;UL54.3::5`-long	11	2	0	0	0	0	1	0	0	0	0	0	0	0	0	0	0	0	11	0	0	0	0	0	0
LT934125.1	-	3494	2778	NOV_TX_3122	UL54.5-S2::5`-long;UL54.5-S2::5`-long	25	2	25	0	0	0	0	0	0	0	0	0	0	0	0	0	0	0	0	22	0	0	0	0	0
LT934125.1	-	3802	2778	NOV_TX_3123	UL54.5::5`-long;UL54.5::5`-long;UL54.5::5`-long	18	3	18	0	0	0	0	0	0	0	0	0	0	0	0	0	0	0	8	0	0	0	0	13	0
LT934125.1	-	3838	2778	NOV_TX_3261	UL54::5`-short;UL54::5`-short	6	2	0	0	0	0	6	0	0	0	0	0	0	0	0	0	2	0	0	0	0	0	0	0	0
LT934125.1	-	3908	2778	NOV_TX_3224	UL54::5`-short;UL54::5`-short	17	2	0	1	0	0	0	0	0	0	0	0	0	0	0	0	0	17	0	0	0	0	0	0	0
LT934125.1	-	4210	2778	NOV_TX_4007	UL54::5`-long;UL54::5`-long;UL54::5`-long	5	3	0	0	0	0	3	1	0	0	0	0	0	0	0	0	0	0	0	0	0	0	0	5	0
LT934125.1	-	4470	2778	NOV_TX_3124	UL54-L::5`-short;UL54-L::5`-short	6	2	6	0	0	0	0	0	0	0	0	0	0	0	0	0	0	0	5	0	0	0	0	0	0
LT934125.1	-	4826	2778	NOV_TX_4114	UL53-54::5`-short;UL53-54::5`-short	14	2	14	0	0	0	0	0	0	0	0	0	0	0	0	0	0	0	0	5	0	0	0	0	0
LT934125.1	-	9259	8487	NOV_TX_3554	UL50S::5`-long;UL50S::5`-long	5	2	0	0	0	0	0	0	0	0	0	0	0	0	0	1	0	5	0	0	0	0	0	0	0
LT934125.1	-	9331	8487	NOV_TX_3352	UL50S::5`-long;UL50S::5`-long	8	2	0	0	0	0	0	8	0	0	0	0	0	0	0	0	0	0	0	0	0	0	0	7	0
LT934125.1	-	9370	8487	NOV_TX_4134	UL50::5`-short;UL50::5`-short;UL50::5`-short	12	3	0	0	0	0	0	0	0	0	0	0	7	0	0	0	0	4	0	12	0	0	0	0	0
LT934125.1	-	16791	16582	NOV_TX_3268	UL27.2::5`-short;UL27.2::5`-short;UL27.2::5`-short;UL27.2::5`-short	753	4	0	0	0	0	13	0	0	0	0	0	0	0	0	0	0	0	0	753	0	0	24	0	493
LT934125.1	-	16791	16583	NOV_TX_3269	UL27.2::5`-short;UL27.2::5`-short;UL27.2::5`-short;UL27.2::5`-short	753	4	0	0	0	0	13	0	0	0	0	0	0	0	0	0	0	0	0	753	0	0	24	0	494
LT934125.1	-	16817	16582	NOV_TX_3481	UL27.2::5`-short;UL27.2::5`-short	119	2	0	0	0	0	0	0	0	0	0	0	119	0	0	0	10	0	0	0	0	0	0	0	0
LT934125.1	-	16817	16583	NOV_TX_3482	UL27.2::5`-short;UL27.2::5`-short	120	2	0	0	0	0	0	0	0	0	0	0	120	0	0	0	10	0	0	0	0	0	0	0	0
LT934125.1	-	16919	16582	NOV_TX_3845	UL27.3-L::5`-short;UL27.3-L::5`-short	99	2	0	0	0	0	0	0	0	0	0	0	0	0	0	0	0	0	0	99	0	0	0	17	0
LT934125.1	-	16919	16583	NOV_TX_3846	UL27.3-L::5`-short;UL27.3-L::5`-short	100	2	0	0	0	0	0	0	0	0	0	0	0	0	0	0	0	0	0	100	0	0	0	17	0
LT934125.1	-	16934	16582	NOV_TX_4149	UL27.3-L::5`-long;UL27.3-L::5`-long	26	2	0	0	0	0	0	3	0	0	0	0	26	0	0	0	0	0	0	0	0	0	0	0	0
LT934125.1	-	16934	16583	NOV_TX_4150	UL27.3-L::5`-long;UL27.3-L::5`-long	26	2	0	0	0	0	0	3	0	0	0	0	26	0	0	0	0	0	0	0	0	0	0	0	0
LT934125.1	-	16957	16582	NOV_TX_3127	UL27.3::5`-short;UL27.3::5`-short;UL27.3-L::5`-long	110	2	102	0	0	0	0	0	0	0	0	0	0	0	0	0	0	0	0	0	0	0	0	0	110
LT934125.1	-	16957	16583	NOV_TX_3128	UL27.3::5`-short;UL27.3::5`-short;UL27.3-L::5`-long	110	2	102	0	0	0	0	0	0	0	0	0	0	0	0	0	0	0	0	0	0	0	0	0	110
LT934125.1	-	17032	16582	NOV_TX_4155	UL27.4-S3::5`-short;UL27.4-S4::5`-long;UL27.4-S3::5`-short;UL27.4-S4::5`-long	36	2	36	0	0	0	0	0	0	0	0	0	33	0	0	0	0	0	0	0	0	0	0	0	0
LT934125.1	-	17032	16583	NOV_TX_4156	UL27.4-S3::5`-short;UL27.4-S4::5`-long;UL27.4-S3::5`-short;UL27.4-S4::5`-long	36	2	36	0	0	0	0	0	0	0	0	0	33	0	0	0	0	0	0	0	0	0	0	0	0
LT934125.1	-	17089	16582	NOV_TX_4163	UL27.4-S2::5`-short;UL27.4-S3::5`-long;UL27.4-S3::5`-long;UL27.4-S2::5`-short;UL27.4-S3::5`-long	78	3	0	0	0	0	0	0	0	0	0	0	78	0	2	0	0	0	0	0	0	0	4	0	0
LT934125.1	-	17089	16583	NOV_TX_4164	UL27.4-S2::5`-short;UL27.4-S3::5`-long;UL27.4-S3::5`-long;UL27.4-S2::5`-short;UL27.4-S3::5`-long	78	3	0	0	0	0	0	0	0	0	0	0	78	0	2	0	0	0	0	0	0	0	4	0	0
LT934125.1	-	17123	16582	NOV_TX_4167	UL27.4-S2::5`-short;UL27.4-S2::5`-short;UL27.4-S2::5`-short;UL27.4-S2::5`-short;UL27.4-S2::5`-short	57	5	0	0	0	0	0	3	0	0	0	0	52	0	0	0	0	0	12	57	0	1	0	0	0
LT934125.1	-	17123	16583	NOV_TX_4168	UL27.4-S2::5`-short;UL27.4-S2::5`-short;UL27.4-S2::5`-short;UL27.4-S2::5`-short;UL27.4-S2::5`-short	57	5	0	0	0	0	0	3	0	0	0	0	52	0	0	0	0	0	12	57	0	1	0	0	0
LT934125.1	-	17198	16582	NOV_TX_3648	UL27.4::5`-short;UL27.4::5`-short;UL27.4-S::5`-long;UL27.4-S::5`-long	22	2	0	0	0	0	0	0	0	0	0	0	0	0	0	0	0	22	0	0	0	4	0	0	0
LT934125.1	-	17198	16583	NOV_TX_3649	UL27.4::5`-short;UL27.4::5`-short;UL27.4-S::5`-long;UL27.4-S::5`-long	22	2	0	0	0	0	0	0	0	0	0	0	0	0	0	0	0	22	0	0	0	4	0	0	0
LT934125.1	-	17207	16582	NOV_TX_3131	UL27.4::5`-short;UL27.4::5`-short;UL27.4::5`-short	140	3	74	0	0	0	0	0	0	0	0	0	0	0	0	0	0	0	0	140	0	0	0	0	79
LT934125.1	-	17207	16583	NOV_TX_3132	UL27.4::5`-short;UL27.4::5`-short;UL27.4::5`-short	140	3	74	0	0	0	0	0	0	0	0	0	0	0	0	0	0	0	0	140	0	0	0	0	79
LT934125.1	-	17239	16582	NOV_TX_4175	UL27.4::5`-long;UL27.4::5`-long	95	2	0	0	0	0	0	0	0	0	0	0	95	0	0	0	0	0	27	0	0	0	0	0	0
LT934125.1	-	17239	16583	NOV_TX_4176	UL27.4::5`-long;UL27.4::5`-long	95	2	0	0	0	0	0	0	0	0	0	0	95	0	0	0	0	0	27	0	0	0	0	0	0
LT934125.1	-	17440	16582	NOV_TX_3356	UL27.5-S::5`-long;UL27.5-S::5`-long	15	2	0	0	0	0	0	15	0	0	0	0	0	0	0	0	0	15	0	0	0	0	0	0	0
LT934125.1	-	17440	16583	NOV_TX_3357	UL27.5-S::5`-long;UL27.5-S::5`-long	15	2	0	0	0	0	0	15	0	0	0	0	0	0	0	0	0	15	0	0	0	0	0	0	0
LT934125.1	-	17456	16582	NOV_TX_4201	UL27.5::5`-short;UL27.5::5`-short	6	2	0	0	0	0	0	0	0	0	0	0	0	0	0	0	6	0	0	0	0	0	4	0	0
LT934125.1	-	17456	16583	NOV_TX_4202	UL27.5::5`-short;UL27.5::5`-short	6	2	0	0	0	0	0	0	0	0	0	0	0	0	0	0	6	0	0	0	0	0	4	0	0
LT934125.1	-	17458	16582	NOV_TX_4193	UL27.5::5`-short;UL27.5-S::5`-long;UL27.5::5`-short;UL27.5-S::5`-long	82	2	70	0	0	0	0	0	0	0	0	0	82	0	0	0	0	0	0	0	0	0	0	0	0
LT934125.1	-	17458	16583	NOV_TX_4194	UL27.5::5`-short;UL27.5-S::5`-long;UL27.5::5`-short;UL27.5-S::5`-long	83	2	71	0	0	0	0	0	0	0	0	0	83	0	0	0	0	0	0	0	0	0	0	0	0
LT934125.1	-	17467	16582	NOV_TX_4199	UL27.5::5`-short;UL27.5::5`-short	146	2	0	0	0	0	0	0	0	0	0	0	35	0	0	0	0	0	0	146	0	0	0	0	0
LT934125.1	-	17467	16583	NOV_TX_4200	UL27.5::5`-short;UL27.5::5`-short	146	2	0	0	0	0	0	0	0	0	0	0	35	0	0	0	0	0	0	146	0	0	0	0	0
LT934125.1	-	17472	16582	NOV_TX_4195	UL27.5::5`-short;UL27.5::5`-short;UL27.5::5`-short;UL27.5::5`-short;UL27.5::5`-short	28	5	0	1	0	2	0	0	0	0	0	0	0	0	0	1	0	0	14	0	0	0	0	28	0
LT934125.1	-	17472	16583	NOV_TX_4196	UL27.5::5`-short;UL27.5::5`-short;UL27.5::5`-short;UL27.5::5`-short;UL27.5::5`-short	28	5	0	1	0	2	0	0	0	0	0	0	0	0	0	1	0	0	14	0	0	0	0	28	0
LT934125.1	-	17548	16582	NOV_TX_4215	UL27.6-S::5`-long;UL27.6-S::5`-long;UL27.6::5`-short	8	2	8	0	0	0	0	0	0	0	0	0	8	0	0	0	0	0	0	0	0	0	0	0	0
LT934125.1	-	17548	16583	NOV_TX_4216	UL27.6-S::5`-long;UL27.6-S::5`-long;UL27.6::5`-short	8	2	8	0	0	0	0	0	0	0	0	0	8	0	0	0	0	0	0	0	0	0	0	0	0
LT934125.1	-	17551	16582	NOV_TX_4213	UL27.6::5`-short;UL27.6::5`-short;UL27.6::5`-short;UL27.6::5`-short;UL27.6-S::5`-long;UL27.6::5`-short;UL27.6-S::5`-long;UL27.6::5`-short;UL27.6-S::5`-long	44	6	24	0	0	0	0	0	0	0	0	0	30	0	0	1	0	0	18	0	0	0	0	21	44
LT934125.1	-	17551	16583	NOV_TX_4214	UL27.6::5`-short;UL27.6::5`-short;UL27.6::5`-short;UL27.6::5`-short;UL27.6-S::5`-long;UL27.6::5`-short;UL27.6-S::5`-long;UL27.6::5`-short;UL27.6-S::5`-long	44	6	24	0	0	0	0	0	0	0	0	0	30	0	0	1	0	0	18	0	0	0	0	21	44
LT934125.1	-	17630	16582	NOV_TX_4229	UL27.9::5`-short;UL27.9::5`-short	52	2	0	0	0	0	0	0	0	0	0	0	0	0	0	0	0	0	14	52	0	0	0	0	0
LT934125.1	-	17630	16583	NOV_TX_4230	UL27.9::5`-short;UL27.9::5`-short	52	2	0	0	0	0	0	0	0	0	0	0	0	0	0	0	0	0	14	52	0	0	0	0	0
LT934125.1	-	17783	16582	NOV_TX_4245	UL27.11-S6::5`-short;UL27.11-S6::5`-short	49	2	0	0	0	0	0	0	0	0	0	0	31	0	0	0	0	0	0	49	0	0	0	0	0
LT934125.1	-	17783	16583	NOV_TX_4246	UL27.11-S6::5`-short;UL27.11-S6::5`-short	49	2	0	0	0	0	0	0	0	0	0	0	31	0	0	0	0	0	0	49	0	0	0	0	0
LT934125.1	-	18067	16582	NOV_TX_3652	UL27.11-S2::5`-short;UL27.11-S2::5`-short	8	2	0	0	0	0	0	0	0	0	0	0	0	0	0	0	0	7	8	0	0	0	0	0	0
LT934125.1	-	18067	16583	NOV_TX_3653	UL27.11-S2::5`-short;UL27.11-S2::5`-short	8	2	0	0	0	0	0	0	0	0	0	0	0	0	0	0	0	7	8	0	0	0	0	0	0
LT934125.1	-	18202	16582	NOV_TX_4265	UL27.11::5`-long;UL27.11::5`-long;UL27.11::5`-long	31	3	31	0	0	0	4	0	0	0	0	0	0	0	0	0	0	0	0	0	0	0	0	6	0
LT934125.1	-	18202	16583	NOV_TX_4266	UL27.11::5`-long;UL27.11::5`-long;UL27.11::5`-long	31	3	31	0	0	0	4	0	0	0	0	0	0	0	0	0	0	0	0	0	0	0	0	6	0
LT934125.1	-	18412	16582	NOV_TX_3847	UL27.14-S::5`-short;UL27.14-S::5`-short	65	2	0	0	0	0	0	0	0	0	0	0	0	0	0	0	0	0	0	65	0	0	0	10	0
LT934125.1	-	18412	16583	NOV_TX_3848	UL27.14-S::5`-short;UL27.14-S::5`-short	67	2	0	0	0	0	0	0	0	0	0	0	0	0	0	0	0	0	0	67	0	0	0	10	0
LT934125.1	-	18565	16582	NOV_TX_3849	UL27.14::5`-long;UL27.14::5`-long	68	2	0	0	0	0	0	0	0	0	0	0	0	0	0	0	0	0	0	68	0	0	0	0	39
LT934125.1	-	18565	16583	NOV_TX_3850	UL27.14::5`-long;UL27.14::5`-long	68	2	0	0	0	0	0	0	0	0	0	0	0	0	0	0	0	0	0	68	0	0	0	0	39
LT934125.1	-	18663	16582	NOV_TX_4276	UL27.14::5`-long;UL27.14::5`-long	13	2	0	0	0	0	0	0	0	0	0	0	13	0	0	0	0	0	4	0	0	0	0	0	0
LT934125.1	-	18663	16583	NOV_TX_4277	UL27.14::5`-long;UL27.14::5`-long	13	2	0	0	0	0	0	0	0	0	0	0	13	0	0	0	0	0	4	0	0	0	0	0	0
LT934125.1	-	18903	16582	NOV_TX_4301	UL27.14::5`-long;UL27.14::5`-long;UL27.14::5`-long	145	3	89	0	0	1	0	0	0	0	0	0	0	0	0	0	0	0	0	145	0	0	0	0	0
LT934125.1	-	18903	16583	NOV_TX_4302	UL27.14::5`-long;UL27.14::5`-long;UL27.14::5`-long	145	3	89	0	0	1	0	0	0	0	0	0	0	0	0	0	0	0	0	145	0	0	0	0	0
LT934125.1	-	18904	16582	NOV_TX_4303	UL27.14::5`-long;UL27.14::5`-long	82	2	0	0	0	0	0	0	0	0	0	0	82	0	0	0	1	0	0	0	0	0	0	0	0
LT934125.1	-	18904	16583	NOV_TX_4304	UL27.14::5`-long;UL27.14::5`-long	82	2	0	0	0	0	0	0	0	0	0	0	82	0	0	0	1	0	0	0	0	0	0	0	0
LT934125.1	-	18960	16582	NOV_TX_4309	UL27.14::5`-long;UL27.14::5`-long;UL27.14::5`-long;UL27.14::5`-long;UL27.14::5`-long;UL27.14::5`-long	27	6	26	0	0	0	0	2	0	0	0	0	19	0	0	0	3	0	8	0	0	0	0	0	27
LT934125.1	-	18960	16583	NOV_TX_4310	UL27.14::5`-long;UL27.14::5`-long;UL27.14::5`-long;UL27.14::5`-long;UL27.14::5`-long;UL27.14::5`-long	27	6	26	0	0	0	0	2	0	0	0	0	19	0	0	0	3	0	8	0	0	0	0	0	27
LT934125.1	-	18965	16582	NOV_TX_4314	UL27.14::5`-long;UL27.14::5`-long	7	2	0	0	0	0	0	0	0	0	0	0	0	0	0	0	0	1	0	7	0	0	0	0	0
LT934125.1	-	18965	16583	NOV_TX_4315	UL27.14::5`-long;UL27.14::5`-long	7	2	0	0	0	0	0	0	0	0	0	0	0	0	0	0	0	1	0	7	0	0	0	0	0
LT934125.1	-	19008	16582	NOV_TX_4318	UL27::5`-short;UL27::5`-short	8	2	8	0	0	0	0	0	0	0	0	0	5	0	0	0	0	0	0	0	0	0	0	0	0
LT934125.1	-	19008	16583	NOV_TX_4319	UL27::5`-short;UL27::5`-short	8	2	8	0	0	0	0	0	0	0	0	0	5	0	0	0	0	0	0	0	0	0	0	0	0
LT934125.1	-	19009	16582	NOV_TX_4320	UL27::5`-short;UL27::5`-short	15	2	0	0	0	1	0	0	0	0	0	0	0	0	0	0	0	0	0	15	0	0	0	0	0
LT934125.1	-	19009	16583	NOV_TX_4321	UL27::5`-short;UL27::5`-short	15	2	0	0	0	1	0	0	0	0	0	0	0	0	0	0	0	0	0	15	0	0	0	0	0
LT934125.1	-	19117	16582	NOV_TX_4330	UL27::5`-short;UL27::5`-short	10	2	10	0	0	0	0	0	0	0	0	0	0	0	0	0	0	0	0	9	0	0	0	0	0
LT934125.1	-	19117	16583	NOV_TX_4331	UL27::5`-short;UL27::5`-short	10	2	10	0	0	0	0	0	0	0	0	0	0	0	0	0	0	0	0	9	0	0	0	0	0
LT934125.1	-	19471	16582	NOV_TX_4354	UL27::5`-short;UL27::5`-short;UL27::5`-short;UL27::5`-short;UL27::5`-short;UL27::5`-short;UL27::5`-short;UL27::5`-short;UL27::5`-short;UL27::5`-short;UL27::5`-short;UL27::5`-short	77	12	38	0	0	2	1	3	0	0	0	0	12	0	0	1	1	0	6	77	0	0	2	13	28
LT934125.1	-	19471	16583	NOV_TX_4355	UL27::5`-short;UL27::5`-short;UL27::5`-short;UL27::5`-short;UL27::5`-short;UL27::5`-short;UL27::5`-short;UL27::5`-short;UL27::5`-short;UL27::5`-short;UL27::5`-short;UL27::5`-short	77	12	38	0	0	2	1	3	0	0	0	0	12	0	0	1	1	0	6	77	0	0	2	13	28
LT934125.1	-	19471	18583	NOV_TX_4356	UL28::5`-short;UL27::3`-short;UL27::3`-short;UL28::5`-short;UL27::3`-short;UL27::3`-short;UL27::3`-short;UL27::3`-short;UL28::5`-short;UL27::3`-short;UL27::3`-short;UL28::5`-short;UL27::3`-short	28	9	8	0	0	0	1	0	0	0	0	0	9	0	0	0	1	0	1	28	0	0	1	1	15
LT934125.1	-	19524	16582	NOV_TX_4361	UL27::5`-long;UL27::5`-long;UL27::5`-long	6	3	2	0	0	0	0	0	0	0	0	0	0	0	0	0	0	0	0	0	0	0	0	1	6
LT934125.1	-	19524	16583	NOV_TX_4362	UL27::5`-long;UL27::5`-long;UL27::5`-long	6	3	2	0	0	0	0	0	0	0	0	0	0	0	0	0	0	0	0	0	0	0	0	1	6
LT934125.1	-	21596	21477	NOV_TX_3757	TRL29.2::5`-short;TRL29.2::5`-short;TRL29.2::5`-short;TRL29.2::5`-short	417	4	0	0	0	0	0	0	0	0	0	0	0	0	0	0	0	0	87	0	0	0	109	216	417
LT934125.1	-	21601	21477	NOV_TX_3232	TRL29.2::5`-short;TRL29.2::5`-short	91	2	0	0	1	0	0	91	0	0	0	0	0	0	0	0	0	0	0	0	0	0	0	0	0
LT934125.1	-	21635	21477	NOV_TX_4371	TRL29.2::5`-short;TRL29.2::5`-short	1027	2	1027	0	0	7	0	0	0	0	0	0	0	0	0	0	0	0	0	0	0	0	0	0	0
LT934125.1	-	21638	21477	NOV_TX_3137	TRL29.2::5`-short;TRL29.2::5`-short;TRL29.2::5`-short;TRL29.2::5`-short	883	4	129	0	0	0	0	0	0	0	0	0	883	0	0	31	0	0	0	0	0	0	318	0	0
LT934125.1	-	21644	21477	NOV_TX_3280	TRL29.2::5`-short;TRL29.2::5`-short	297	2	0	0	0	0	31	0	0	0	0	0	0	0	0	0	0	0	297	0	0	0	0	0	0
LT934125.1	-	21673	21477	NOV_TX_4372	TRL29.2::5`-short;TRL29.2::5`-short	181	2	0	0	0	0	0	0	0	0	0	0	181	0	0	0	0	0	0	0	0	0	63	0	0
LT934125.1	-	21674	21477	NOV_TX_4373	TRL29.2::5`-short;TRL29.2::5`-short	147	2	0	0	0	0	0	0	0	0	0	0	0	0	0	0	0	45	0	0	0	0	0	147	0
LT934125.1	-	21857	21477	NOV_TX_3887	TRL29.2::5`-short;TRL29.2::5`-short	12	2	0	0	0	0	0	0	0	0	0	0	0	0	0	0	0	0	0	0	1	12	0	0	0
LT934125.1	-	22058	21477	NOV_TX_3366	TRL29.2::5`-long;TRL29.2::5`-long	6	2	0	0	0	0	0	6	0	0	0	0	0	0	0	0	0	0	0	0	0	0	5	0	0
LT934125.1	-	22060	21477	NOV_TX_3488	TRL29.2::5`-long;TRL29.2::5`-long	17	2	0	0	0	0	0	0	0	0	0	0	17	0	0	0	2	0	0	0	0	0	0	0	0
LT934125.1	-	22120	21477	NOV_TX_4385	TRL29.2::5`-long;TRL29.2::5`-long	12	2	0	0	0	0	0	0	0	0	0	0	0	0	0	0	0	0	10	0	0	0	0	12	0
LT934125.1	-	22182	21477	NOV_TX_4387	TRL29.2::5`-long;TRL29.2::5`-long	55	2	55	0	0	0	0	0	0	0	0	0	0	0	0	0	0	0	0	0	0	0	11	0	0
LT934125.1	-	22199	21477	NOV_TX_3525	UL29.2::5`-short;UL29.2::5`-short	9	2	0	0	0	0	0	0	0	0	0	0	0	1	0	0	0	0	0	0	0	9	0	0	0
LT934125.1	-	22280	21477	NOV_TX_3662	UL29.2::5`-short;UL29.2::5`-short	7	2	0	0	0	0	0	0	0	0	0	0	0	0	0	0	0	3	0	0	0	0	7	0	0
LT934125.1	-	22285	21477	NOV_TX_3225	UL29.2::5`-short;UL29.2::5`-short;UL29.2::5`-short	10	3	0	2	0	0	0	0	0	0	0	0	0	0	0	0	2	0	0	0	0	0	0	10	0
LT934125.1	-	22377	21477	NOV_TX_4395	UL29.2::5`-short;UL29.2::5`-short	40	2	40	0	0	0	0	0	0	0	0	0	0	0	0	0	0	0	13	0	0	0	0	0	0
LT934125.1	-	22379	21477	NOV_TX_4396	UL29.2::5`-short;UL29.2::5`-short;UL29.2::5`-short;UL29.2::5`-short;UL29.2::5`-short;UL29.2::5`-short;UL29.2::5`-short	49	7	0	0	0	2	0	13	0	0	0	0	14	0	0	1	4	0	0	49	0	0	0	0	26
LT934125.1	-	22458	21477	NOV_TX_4399	UL29.2::5`-long;UL29.2::5`-long;UL29.2::5`-long;UL29.2::5`-long	26	4	21	0	0	0	9	0	0	0	0	0	0	0	0	0	0	16	0	0	0	0	0	26	0
LT934125.1	-	22559	21477	NOV_TX_4403	UL29.2::5`-long;UL29.2::5`-long;UL29.2::5`-long	6	3	0	0	0	0	1	0	0	0	0	0	0	0	0	0	0	6	3	0	0	0	0	0	0
LT934125.1	-	22614	21477	NOV_TX_4409	UL29.2::5`-long;UL29.2::5`-long	8	2	0	0	0	0	4	0	0	0	0	0	0	0	0	0	0	0	0	0	0	0	8	0	0
LT934125.1	-	22616	21477	NOV_TX_4407	UL29.2::5`-long;UL29.2::5`-long	13	2	13	0	0	0	0	0	0	0	0	0	0	0	0	0	0	0	0	0	0	0	0	4	0
LT934125.1	-	22629	21477	NOV_TX_4408	UL29.2::5`-long;UL29.2::5`-long	15	2	0	0	0	1	0	0	0	0	0	0	15	0	0	0	0	0	0	0	0	0	0	0	0
LT934125.1	-	22661	21477	NOV_TX_3138	UL29.2::5`-long;UL29.2::5`-long;UL29.2::5`-long	11	3	11	0	0	0	0	0	0	0	0	0	0	0	0	0	0	3	0	0	0	0	1	0	0
LT934125.1	-	22924	21477	NOV_TX_4427	UL29.11::5`-short;UL29.11::5`-short;UL29.11::5`-short	7	3	7	0	0	0	3	0	0	0	0	0	0	0	0	0	0	0	0	0	0	0	1	0	0
LT934125.1	-	25232	21477	NOV_TX_4438	UL29::5`-short;UL29::5`-short;UL29::5`-short;UL29::5`-short;UL29::5`-short;UL29::5`-short;UL29::5`-short;UL29::5`-short;UL29::5`-short;UL29::5`-short	22	10	22	0	0	0	2	2	0	0	0	0	1	0	0	0	1	0	4	7	0	0	1	4	13
LT934125.1	-	28572	28429	NOV_TX_4445	UL31.3-S::5`-short;UL31.3-S::5`-short;UL31.3-S::5`-short;UL31.3-S::5`-short;UL31.3-S::5`-short;UL31.3-S::5`-short;UL31.3-S::5`-short	202	7	141	0	0	0	0	55	0	0	0	0	191	0	0	0	0	0	54	202	0	0	0	84	162
LT934125.1	-	28586	28429	NOV_TX_4444	UL31.3-S::5`-short;UL31.3-S::5`-short	302	2	229	0	0	0	0	0	0	0	0	0	0	0	0	0	0	0	0	302	0	0	0	0	0
LT934125.1	-	28644	28429	NOV_TX_3764	UL31.3-S::5`-short;UL31.3-S::5`-short;UL31.3-S::5`-short	209	3	0	0	0	0	0	45	0	0	0	0	0	0	0	0	0	0	72	209	0	0	0	0	0
LT934125.1	-	28649	28429	NOV_TX_3586	UL31.3-S::5`-short;UL31.3-S::5`-short	27	2	0	0	0	0	0	0	0	0	0	0	0	0	0	0	8	27	0	0	0	0	0	0	0
LT934125.1	-	28651	28429	NOV_TX_3489	UL31.3-S::5`-short;UL31.3-S::5`-short	149	2	0	0	0	0	0	0	0	0	0	0	149	0	0	0	0	0	0	0	0	0	0	0	107
LT934125.1	-	28719	28429	NOV_TX_4447	UL31.3-S::5`-short;UL31.3-S::5`-short;UL31.3-S::5`-short	966	3	487	0	0	0	0	0	0	0	0	0	0	0	0	0	0	0	0	966	0	0	66	0	0
LT934125.1	-	28738	28429	NOV_TX_3140	UL31.3-S::5`-short;UL31.3-S::5`-short	125	2	75	0	0	0	0	0	0	0	0	0	125	0	0	0	0	0	0	0	0	0	0	0	0
LT934125.1	-	28848	28429	NOV_TX_4451	UL31.3-S::5`-long;UL31.3-S::5`-long;UL31.3-S::5`-long	214	3	0	0	0	0	0	37	0	0	0	0	203	0	0	0	0	0	0	214	0	0	0	0	0
LT934125.1	-	28882	28429	NOV_TX_4013	UL31.3-S::5`-long;UL31.3-S::5`-long	54	2	0	0	0	0	0	0	0	0	0	0	0	0	0	0	0	0	0	0	0	0	0	46	54
LT934125.1	-	28925	28429	NOV_TX_4454	UL31.3::5`-short;UL31.3-S::5`-long;UL31.3::5`-short;UL31.3-S::5`-long;UL31.3::5`-short;UL31.3-S::5`-long	138	3	125	0	0	0	0	0	0	0	0	0	138	0	0	0	0	0	0	0	0	0	13	0	0
LT934125.1	-	28942	28429	NOV_TX_3491	UL31.3::5`-short;UL31.3::5`-short	83	2	0	0	0	0	0	0	0	0	0	0	83	0	0	0	0	0	0	72	0	0	0	0	0
LT934125.1	-	29058	28429	NOV_TX_4463	UL31.3::5`-long;UL31.2::5`-short;UL31.3::5`-long	98	2	98	0	0	0	0	0	0	0	0	0	47	0	0	0	0	0	0	0	0	0	0	0	0
LT934125.1	-	29068	28429	NOV_TX_4464	UL31.2::5`-short;UL31.3::5`-long;UL31.2::5`-short;UL31.3::5`-long	91	2	0	0	0	0	0	18	0	0	0	0	91	0	0	0	0	0	0	0	0	0	0	0	0
LT934125.1	-	29127	28429	NOV_TX_3142	UL31.2::5`-long;UL31-L::5`-short;UL31.2::5`-long;UL31-L::5`-short;UL31.2::5`-long;UL31-L::5`-short	69	3	37	0	0	0	0	0	0	0	0	0	0	0	0	0	0	0	0	69	0	0	0	33	0
LT934125.1	-	29238	28429	NOV_TX_3285	UL31-L::5`-long;UL31-L::5`-long	9	2	0	0	0	0	2	9	0	0	0	0	0	0	0	0	0	0	0	0	0	0	0	0	0
LT934125.1	-	29288	28429	NOV_TX_4472	UL31::5`-short;UL31-L::5`-long;UL31::5`-short;UL31-L::5`-long;UL31::5`-short;UL31-L::5`-long;UL31::5`-short;UL31-L::5`-long;UL31::5`-short;UL31-L::5`-long;UL31::5`-short;UL31-L::5`-long;UL31::5`-short;UL31-L::5`-long;UL31::5`-short;UL31-L::5`-long;UL31::5`-short;UL31-L::5`-long	159	9	96	0	0	0	0	24	0	0	0	0	102	0	0	0	0	21	43	159	0	0	19	49	112
LT934125.1	-	29300	28429	NOV_TX_4471	UL31::5`-short;UL31::5`-short;UL31::5`-short	41	3	41	0	0	0	0	0	0	0	0	0	40	0	0	0	0	0	0	0	0	0	2	0	0
LT934125.1	-	29356	28429	NOV_TX_4480	UL31::5`-short;UL31::5`-short;UL31::5`-short	191	3	0	0	0	0	0	0	0	0	0	0	133	0	0	0	0	0	0	191	0	0	0	0	151
LT934125.1	-	29361	28429	NOV_TX_4478	UL31::5`-short;UL31::5`-short;UL31::5`-short;UL31::5`-short	157	4	157	0	0	0	0	0	0	0	0	0	67	0	0	0	10	0	0	0	0	0	15	0	0
LT934125.1	-	29407	28429	NOV_TX_4482	UL31::5`-short;UL31::5`-short	861	2	861	0	0	14	0	0	0	0	0	0	0	0	0	0	0	0	0	0	0	0	0	0	0
LT934125.1	-	29411	28429	NOV_TX_4486	UL31::5`-short;UL31::5`-short;UL31::5`-short;UL31::5`-short;UL31::5`-short;UL31::5`-short;UL31::5`-short;UL31::5`-short	1240	8	0	0	0	0	0	0	0	0	0	0	1240	0	0	0	58	180	227	0	0	8	71	315	661
LT934125.1	-	29412	28429	NOV_TX_4487	UL31::5`-short;UL31::5`-short	966	2	0	0	0	0	0	0	0	0	0	0	0	0	1	0	0	0	0	966	0	0	0	0	0
LT934125.1	-	29572	28429	NOV_TX_3286	UL31.5::5`-long;UL31.5::5`-long;UL31.5::5`-long;UL31.5::5`-long;UL31.5::5`-long	11	5	0	0	0	0	1	0	0	0	0	0	0	0	0	0	0	3	0	11	0	0	0	4	9
LT934125.1	-	29975	28429	NOV_TX_4493	UL31.5::5`-long;UL31.5::5`-long	8	2	0	0	0	0	0	0	0	0	0	0	0	0	0	0	0	0	1	0	0	0	0	0	8
LT934125.1	-	30349	28429	NOV_TX_3145	UL32-S-31::5`-short;UL32-S-31::5`-short;UL32-S-31::5`-short;UL32-S-31::5`-short	5	4	5	0	0	0	0	1	0	0	0	0	0	0	0	0	1	2	0	0	0	0	0	0	0
LT934125.1	-	30822	28429	NOV_TX_4500	UL32-S-31::5`-short;UL32-S-31::5`-short	8	2	0	0	0	0	1	0	0	0	0	0	8	0	0	0	0	0	0	0	0	0	0	0	0
LT934125.1	-	32888	32686	NOV_TX_3146	UL36.40-S2::5`-short;nc-UL36::5`-long;nc-UL36::5`-long;UL36.40-S2::5`-short	302	2	302	0	0	0	0	0	0	0	0	0	0	0	0	0	0	67	0	0	0	0	0	0	0
LT934125.1	-	32915	32686	NOV_TX_3382	UL36.40-S2::5`-short;UL36.40-S2::5`-short	104	2	0	0	0	0	0	38	0	0	0	0	0	0	0	0	0	0	0	0	0	0	0	104	0
LT934125.1	-	32955	32686	NOV_TX_3492	UL36.40-S2::5`-long;UL36.40-S2::5`-long	338	2	0	0	0	0	0	0	0	0	0	0	241	0	0	0	0	0	0	338	0	0	0	0	0
LT934125.1	-	33294	32686	NOV_TX_3542	UL36.38-S::5`-long;UL36.38-S::5`-long;UL36.38::5`-short	78	2	0	0	0	0	0	0	0	0	0	0	0	0	1	0	0	0	0	78	0	0	0	0	0
LT934125.1	-	33408	32686	NOV_TX_3859	UL36.38::5`-long;UL36.38::5`-long	33	2	0	0	0	0	0	0	0	0	0	0	0	0	0	0	0	0	0	33	0	0	3	0	0
LT934125.1	-	33803	32686	NOV_TX_4524	UL36.38::5`-long;UL36.38::5`-long	14	2	0	0	0	0	0	14	0	0	0	0	0	0	0	0	8	0	0	0	0	0	0	0	0
LT934125.1	-	33947	32686	NOV_TX_3147	UL36.43-S::5`-short;UL36.43-S::5`-short;UL36.43-S::5`-short;UL36.43-S::5`-short;UL36.43-S::5`-short	20	5	9	0	0	0	0	3	0	0	0	0	0	0	0	0	0	3	0	20	0	0	2	0	0
LT934125.1	-	34046	32686	NOV_TX_4530	UL36.43-S::5`-short;UL36.43-S::5`-short;UL36.43-S::5`-short	29	3	15	0	0	0	0	0	0	0	0	0	0	0	0	0	0	0	0	29	0	0	4	0	0
LT934125.1	-	34048	32686	NOV_TX_4531	UL36.43-S::5`-short;UL36.43-S::5`-short	9	2	9	0	1	0	0	0	0	0	0	0	0	0	0	0	0	0	0	0	0	0	0	0	0
LT934125.1	-	34091	32686	NOV_TX_4532	UL36.43-S::5`-short;UL36.43-S::5`-short;UL36.43-S::5`-short;UL36.43-S::5`-short;UL36.43-S::5`-short;UL36.43-S::5`-short;UL36.43-S::5`-short;UL36.43-S::5`-short	22	8	8	0	0	0	0	2	0	0	0	0	5	0	0	0	2	4	0	22	0	0	0	3	7
LT934125.1	-	34175	32686	NOV_TX_3148	UL36.43-S::5`-short;UL36.43-S::5`-short;UL36.43-S::5`-short;UL36.43-S::5`-short	18	4	18	0	0	0	1	1	0	0	1	0	0	0	0	0	0	0	0	0	0	0	0	0	0
LT934125.1	-	42396	42005	NOV_TX_3385	UL37.5::5`-short;UL37.5::5`-short	7	2	0	0	0	0	0	5	0	0	0	0	0	0	0	0	0	7	0	0	0	0	0	0	0
LT934125.1	-	42403	42005	NOV_TX_3150	UL37.5::5`-short;UL37.5::5`-short	35	2	35	0	0	0	1	0	0	0	0	0	0	0	0	0	0	0	0	0	0	0	0	0	0
LT934125.1	-	42621	42005	NOV_TX_3592	UL37.5::5`-short;UL37.5::5`-short	7	2	0	0	0	0	0	0	0	0	0	0	0	0	0	0	1	7	0	0	0	0	0	0	0
LT934125.1	-	42708	42005	NOV_TX_3674	UL37.5::5`-short;UL37.5::5`-short	16	2	0	0	0	0	0	6	0	0	0	0	0	0	0	0	0	16	0	0	0	0	0	0	0
LT934125.1	-	43403	42005	NOV_TX_3678	UL37.5::5`-long;UL37.5::5`-long	5	2	0	0	0	0	0	0	0	0	0	0	0	0	0	0	0	5	4	0	0	0	0	0	0
LT934125.1	-	44756	42005	NOV_TX_4547	UL37::5`-short;UL37::5`-short;UL37::5`-short;UL37::5`-short;UL37::5`-short;UL37::5`-short;UL37::5`-short;UL37::5`-short;UL37::5`-short	47	9	47	0	0	0	0	8	0	0	0	0	25	0	0	0	0	6	5	30	0	2	0	7	36
LT934125.1	-	50194	50027	NOV_TX_3494	UL41.11::c;UL41.11::c	64	2	0	0	0	0	0	0	0	0	0	0	64	0	0	2	0	0	0	0	0	0	0	0	0
LT934125.1	-	50263	50027	NOV_TX_3242	UL41.11::c;UL41.11::c	42	2	0	0	0	1	0	0	0	0	0	0	0	0	0	0	0	0	0	42	0	0	0	0	0
LT934125.1	-	50328	50027	NOV_TX_3595	UL41.11::c;UL41.11::c	10	2	0	0	0	0	0	0	0	0	0	0	0	0	0	0	7	0	0	0	0	0	10	0	0
LT934125.1	-	50370	50027	NOV_TX_4553	UL41.11::c;UL41.11::c;UL41.11::c;UL41.11::c;UL41.11::c;UL41.11::c	43	6	0	0	0	0	0	5	0	0	0	0	36	0	0	0	0	13	0	43	0	0	0	18	26
LT934125.1	-	50376	50027	NOV_TX_4554	UL41.11::c;UL41.11::c	17	2	0	0	0	0	0	0	0	0	0	0	17	0	0	0	4	0	0	0	0	0	0	0	0
LT934125.1	-	50412	50027	NOV_TX_3680	UL41.11::c;UL41.11::c	8	2	0	0	0	0	0	0	0	0	0	0	0	0	0	0	0	8	0	0	0	0	2	0	0
LT934125.1	-	50490	50027	NOV_TX_4558	UL41.11::~;UL41.11::~	20	2	20	0	0	0	0	0	0	0	0	0	0	0	0	0	0	0	0	0	0	0	1	0	0
LT934125.1	-	50492	50027	NOV_TX_4559	UL41.11::~;UL41.11::~	31	2	0	0	0	0	0	9	0	0	0	0	31	0	0	0	0	0	0	0	0	0	0	0	0
LT934125.1	-	50521	50027	NOV_TX_3151	UL41.11::~;UL41.11::~	19	2	5	0	0	0	0	0	0	0	0	0	0	0	0	0	0	0	0	0	0	0	0	0	19
LT934125.1	-	50592	50027	NOV_TX_3152	UL41.11::3`-long;UL41.11::3`-long;UL41.11::3`-long;UL41.11::3`-long	36	4	26	0	0	0	0	8	0	0	0	0	36	0	0	0	0	0	13	0	0	0	0	0	0
LT934125.1	-	50631	50027	NOV_TX_4577	UL41.9::~;UL41.9::3`-long;UL41.9::3`-long;UL41.9::~	33	2	0	0	0	0	0	0	0	0	0	0	0	0	0	0	6	0	0	33	0	0	0	0	0
LT934125.1	-	50641	50027	NOV_TX_4574	UL41.9::3`-long;UL41.9::3`-long;UL41.9::3`-long;UL41.9::3`-long;UL41.9::3`-long	33	5	0	0	0	0	6	0	0	0	0	0	0	0	0	0	0	24	0	0	0	0	5	33	28
LT934125.1	-	50725	50027	NOV_TX_3153	UL41.9::~;UL41.7::~;UL41.9::~;UL41.7::~;UL41.9::~;UL41.7::~	8	3	8	0	0	0	0	0	0	0	0	0	0	0	0	0	3	0	7	0	0	0	0	0	0
LT934125.1	-	50817	50027	NOV_TX_4579	UL41.7::3`-long;UL41.7::~;UL41.7::3`-long;UL41.7::~;UL41.7::3`-long;UL41.7::~	37	3	27	0	0	0	0	0	0	0	0	0	0	0	0	0	0	0	0	37	0	0	8	0	0
LT934125.1	-	50818	50027	NOV_TX_4581	UL41.7::3`-long;UL41.7::~;UL41.7::3`-long;UL41.7::~	24	2	0	0	0	0	0	0	0	0	0	0	24	0	0	0	0	0	15	0	0	0	0	0	0
LT934125.1	-	50820	50027	NOV_TX_4582	UL41.7::3`-long;UL41.7::3`-long;UL41.7::3`-long;UL41.7::3`-long	54	4	0	0	0	0	0	0	0	0	0	0	12	0	0	0	0	17	0	19	0	0	0	0	54
LT934125.1	-	50862	50027	NOV_TX_4584	UL41.7::~;UL41.7::~	27	2	27	0	0	0	0	0	0	0	0	0	0	0	0	0	0	0	0	0	0	0	1	0	0
LT934125.1	-	50880	50027	NOV_TX_3597	UL41.7::~;UL41.7::~	6	2	0	0	0	0	0	0	0	0	0	0	0	0	0	0	2	0	6	0	0	0	0	0	0
LT934125.1	-	50895	50027	NOV_TX_3543	UL41.7::~;UL41.7::~;UL41.4::~	9	2	0	0	0	0	0	0	0	0	0	0	0	0	1	0	0	9	0	0	0	0	0	0	0
LT934125.1	-	50977	50027	NOV_TX_4591	UL41.4::3`-long;UL41.4::~;UL41.4::3`-long;UL41.4::~	14	2	0	0	0	0	0	0	0	0	0	0	0	0	0	0	0	0	9	14	0	0	0	0	0
LT934125.1	-	50986	50027	NOV_TX_4586	UL41.4::3`-long;UL41.4::3`-long;UL41.4::3`-long;UL41.4::3`-long;UL41.4::3`-long;UL41.4::3`-long;UL41.4::3`-long	31	7	30	0	0	0	0	11	0	0	0	0	17	0	0	1	0	12	0	20	0	0	0	0	31
LT934125.1	-	51052	50027	NOV_TX_4594	UL41.2::~;UL41.2::~;UL41.2::~	51	3	51	0	0	1	0	0	0	0	0	0	27	0	0	0	0	0	0	0	0	0	0	0	0
LT934125.1	-	51055	50027	NOV_TX_4596	UL41.2::~;UL41.2::~	16	2	0	0	0	0	16	0	0	0	0	0	0	0	0	0	0	0	0	0	0	10	0	0	0
LT934125.1	-	51067	50027	NOV_TX_3598	UL41.2::~;UL41.2::~	63	2	0	0	0	0	0	0	0	0	0	0	0	0	0	0	12	0	0	0	0	0	0	63	0
LT934125.1	-	51094	50027	NOV_TX_4599	UL41.2::3`-long;UL41.2::3`-long;UL41.2::3`-long;UL41.2::3`-long;UL41.2::3`-long;UL41.2::3`-long;UL41.2::3`-long;UL41.2::3`-long;UL41.2::3`-long	132	9	54	0	0	4	0	18	0	0	0	0	51	0	0	0	0	28	19	132	0	0	32	0	86
LT934125.1	-	51097	50027	NOV_TX_4600	UL41.2::3`-long;UL41.2::3`-long;UL41.2::~	14	2	0	0	0	0	14	0	0	0	0	0	0	0	0	0	6	0	0	0	0	0	0	0	0
LT934125.1	-	51147	50027	NOV_TX_4602	UL41::3`-long;UL41::3`-long;UL41::3`-long;UL41::3`-long;UL41::3`-long;UL41::3`-long;UL41::3`-long;UL41::3`-long;UL41::3`-long;UL41::3`-long;UL41::3`-long;UL41::3`-long;UL41::3`-long;UL41::3`-long;UL41::3`-long;UL41::3`-long;UL41::3`-long;UL41::3`-long;UL41::3`-long;UL41::3`-long;UL41::3`-long	1257	21	373	13	13	12	77	181	0	1	0	3	268	10	13	10	47	170	148	1163	3	15	95	625	1257
LT934125.1	-	51809	50027	NOV_TX_3155	UL41::k;UL41::k;UL41::k;UL41::k	6	4	6	0	0	0	3	1	0	0	0	0	0	0	0	0	0	1	0	0	0	0	0	0	0
LT934125.1	-	53551	50027	NOV_TX_4610	UL42-43-L::x;UL42-43-L::x	7	2	0	0	0	0	0	1	0	0	0	0	0	0	0	0	0	0	0	0	0	0	0	0	7
LT934125.1	-	55378	55270	NOV_TX_3302	UL26.9-S::5`-short;UL26.9-S::5`-short;UL26.9-S::5`-short;UL26.9-S::5`-short;UL26.9-S::5`-short;UL26.9-S::5`-short;UL26.9-S::5`-short;UL26.9-S::5`-short;UL26.9-S::5`-short;UL26.9-S::5`-short	1098	10	0	0	0	0	29	170	0	0	0	0	829	0	0	0	32	177	173	1098	0	0	82	363	676
LT934125.1	-	55426	55270	NOV_TX_4615	UL26.9-S::5`-short;UL26.9-S::5`-short	422	2	0	0	0	0	0	0	0	0	0	0	0	0	0	0	0	95	0	0	0	0	0	0	422
LT934125.1	-	55438	55270	NOV_TX_4612	UL26.9-S::5`-short;UL26.9-S::5`-short;UL26.9-S::5`-short;UL26.9-S::5`-short;UL26.9-S::5`-short;UL26.9-S::5`-short	785	6	785	0	0	0	0	157	0	0	0	0	291	0	0	8	36	0	171	0	0	0	0	0	0
LT934125.1	-	55454	55270	NOV_TX_3303	UL26.9-S::5`-short;UL26.9-S::5`-short	1129	2	0	0	0	0	21	0	0	0	0	0	0	0	0	0	0	0	0	1129	0	0	0	0	0
LT934125.1	-	55486	55270	NOV_TX_4620	UL26.9-S::5`-short;UL26.9-S::5`-short	784	2	0	0	0	0	0	0	0	0	0	0	784	0	0	0	17	0	0	0	0	0	0	0	0
LT934125.1	-	55523	55270	NOV_TX_3495	UL26.9-S::5`-short;UL26.9-S::5`-short;UL26.9-S::5`-short;UL26.9-S::5`-short	495	4	0	0	0	0	0	0	0	0	0	0	495	0	0	0	0	0	0	0	0	12	32	0	353
LT934125.1	-	55547	55270	NOV_TX_3396	UL26.9-S::5`-short;UL26.9-S::5`-short	32	2	0	0	0	0	0	32	0	1	0	0	0	0	0	0	0	0	0	0	0	0	0	0	0
LT934125.1	-	55567	55270	NOV_TX_3157	UL26.9-S::5`-short;UL26.9-S::5`-short	1027	2	283	0	0	0	0	0	0	0	0	0	0	0	0	0	0	0	0	1027	0	0	0	0	0
LT934125.1	-	55595	55270	NOV_TX_4629	UL26.9-S::5`-short;UL26.9-S::5`-short;UL26.9-S::5`-short	70	3	0	0	0	0	0	0	0	0	0	0	0	0	1	0	0	0	53	0	0	0	0	70	0
LT934125.1	-	55661	55270	NOV_TX_4637	UL26.9-S::5`-short;UL26.9-S::5`-short	30	2	0	0	0	0	0	30	0	0	0	0	0	0	0	0	0	0	0	0	0	0	20	0	0
LT934125.1	-	55685	55270	NOV_TX_4635	UL26.9-S::5`-long;UL26.9-S::5`-long	49	2	39	0	0	0	0	0	0	0	0	0	49	0	0	0	0	0	0	0	0	0	0	0	0
LT934125.1	-	55718	55270	NOV_TX_4643	UL26.9::5`-short;UL26.9::5`-short	293	2	0	1	0	0	0	0	0	0	0	0	293	0	0	0	0	0	0	0	0	0	0	0	0
LT934125.1	-	55768	55270	NOV_TX_3682	UL26.9::5`-long;UL26.8::5`-short;UL26.9::5`-long;UL26.8::5`-short;UL26.9::5`-long;UL26.8::5`-short	80	3	0	0	0	0	0	0	0	0	0	0	0	0	0	0	0	80	0	0	0	9	36	0	0
LT934125.1	-	55795	55270	NOV_TX_4651	UL26.8::5`-short;UL26.8::5`-short	163	2	0	0	0	0	0	0	0	0	0	0	163	0	0	0	4	0	0	0	0	0	0	0	0
LT934125.1	-	55796	55270	NOV_TX_4649	UL26.8::5`-short;UL26.8::5`-short;UL26.8::5`-short;UL26.8::5`-short	146	4	0	0	0	0	5	0	0	0	0	0	0	0	0	0	5	0	31	0	0	0	0	0	146
LT934125.1	-	55945	55270	NOV_TX_4661	UL26.8::5`-long;UL26.8::5`-long;UL26.8::5`-long;UL26.8::5`-long;UL26.8::5`-long	594	5	374	0	0	1	0	0	0	0	0	0	383	0	0	0	0	0	0	594	0	0	48	0	0
LT934125.1	-	55948	55270	NOV_TX_4664	UL26.8::5`-long;UL26.8::5`-long	17	2	0	0	0	0	8	0	0	0	0	0	0	0	0	0	17	0	0	0	0	0	0	0	0
LT934125.1	-	55967	55270	NOV_TX_3158	UL26.8::5`-long;UL26.8::5`-long;UL26.8::5`-long;UL26.8::5`-long;UL26.8::5`-long;UL26.8::5`-long;UL26.8::5`-long	116	7	108	0	0	0	0	6	0	0	0	0	0	0	0	0	0	23	10	116	0	0	0	41	58
LT934125.1	-	55995	55270	NOV_TX_4665	UL26.8::5`-long;UL26.6::5`-short;UL26.8::5`-long;UL26.6::5`-short	274	2	274	0	0	0	0	0	0	0	0	0	0	0	0	0	0	0	0	0	0	0	26	0	0
LT934125.1	-	56016	55270	NOV_TX_4673	UL26.6::5`-short;UL26.6::5`-short	340	2	0	0	0	0	5	0	0	0	0	0	0	0	0	0	0	0	0	340	0	0	0	0	0
LT934125.1	-	56040	55270	NOV_TX_4671	UL26.6::5`-short;UL26.6::5`-short	181	2	181	0	0	0	0	0	0	0	0	0	0	0	0	0	4	0	0	0	0	0	0	0	0
LT934125.1	-	56050	55270	NOV_TX_4675	UL26.6::5`-short;UL26.6::5`-short;UL26.6::5`-short	159	3	0	0	0	0	0	0	0	0	0	0	159	0	0	0	0	0	0	0	0	5	19	0	0
LT934125.1	-	56115	55270	NOV_TX_4680	UL26.6::5`-short;UL26.6::5`-short;UL26.6::5`-short;UL26.6::5`-short;UL26.6::5`-short;UL26.6::5`-short;UL26.6::5`-short;UL26.6::5`-short;UL26.6::5`-short;UL26.6::5`-short;UL26.6::5`-short;UL26.6::5`-short;UL26.6::5`-short;UL26.6::5`-short	329	14	289	0	0	3	8	37	0	0	0	2	198	2	0	0	10	0	36	329	1	16	30	0	212
LT934125.1	-	56129	55270	NOV_TX_3497	UL26.6::5`-short;UL26.6::5`-short;UL26.6::5`-short;UL26.6::5`-short	534	4	0	0	0	0	0	0	0	0	0	0	261	0	0	0	0	71	0	534	0	0	0	176	0
LT934125.1	-	56188	55310	NOV_TX_4687	UL26.6::3`-short;UL26.6::3`-short;UL26.6::3`-short;UL26.6::3`-short;UL26.6::3`-short;UL26.6::3`-short;UL26.6::3`-short;UL26.6::3`-short;UL26.6::3`-short;UL26.6::3`-short;UL26.6::3`-short;UL26.6::3`-short;UL26.6::3`-short;UL26.6::3`-short	84	14	45	0	0	1	4	12	0	0	0	0	25	0	0	1	5	10	5	84	0	2	3	20	39
LT934125.1	-	56188	55704	NOV_TX_4688	UL26.6::3`-short;UL26.6::3`-short;UL26.6::3`-short;UL26.6::3`-short;UL26.6::3`-short;UL26.6::3`-short;UL26.6::3`-short;UL26.6::3`-short;UL26.6::3`-short;UL26.6::3`-short;UL26.6::3`-short;UL26.6::3`-short;UL26.6::3`-short	116	13	49	0	0	0	1	11	0	0	0	1	78	0	0	2	0	5	9	116	0	1	6	33	95
LT934125.1	-	56190	55270	NOV_TX_4689	UL26.6::5`-long;UL26.6::5`-long	50	2	0	0	0	0	0	0	0	0	0	0	0	0	0	0	0	0	0	50	0	0	2	0	0
LT934125.1	-	56190	55310	NOV_TX_4691	UL26.6::3`-short;UL26.6::3`-short	25	2	0	0	0	0	0	0	0	0	0	0	0	0	0	0	0	0	0	25	0	0	1	0	0
LT934125.1	-	56190	55704	NOV_TX_4690	UL26.6::3`-short;UL26.6::3`-short	53	2	0	0	0	0	0	0	0	0	0	0	0	0	0	0	0	0	0	53	0	0	2	0	0
LT934125.1	-	56263	55270	NOV_TX_3159	UL26.6::5`-long;UL26.6::5`-long;UL26.6::5`-long;UL26.6::5`-long;UL26.6::5`-long	82	5	75	0	0	0	0	0	0	0	0	0	59	0	0	0	0	0	0	82	0	0	0	31	32
LT934125.1	-	56304	55270	NOV_TX_3863	UL26.6::5`-long;UL26.6::5`-long	43	2	0	0	0	0	0	0	0	0	0	0	0	0	0	0	0	0	0	43	0	1	0	0	0
LT934125.1	-	56345	55270	NOV_TX_3160	UL26.6::5`-long;UL26.6::5`-long	45	2	45	0	0	0	0	0	0	0	0	0	0	0	0	0	0	0	0	0	0	0	0	0	12
LT934125.1	-	56436	55270	NOV_TX_3501	UL26.6::5`-long;UL26.6::5`-long;UL26.6::5`-long;UL26.6::5`-long;UL26.6::5`-long	94	5	0	0	0	0	0	0	0	0	0	0	69	0	0	0	0	16	7	94	0	0	0	0	40
LT934125.1	-	56474	55270	NOV_TX_4702	UL26.6::5`-long;UL26.6::5`-long	5	2	0	0	0	0	0	0	0	0	0	0	0	0	0	0	0	0	0	0	0	0	2	5	0
LT934125.1	-	56515	55270	NOV_TX_3865	UL26.6::5`-long;UL26.6::5`-long	40	2	0	0	0	0	0	0	0	0	0	0	0	0	0	0	0	0	0	40	0	0	0	0	18
LT934125.1	-	56577	55270	NOV_TX_4706	UL26-26.5::5`-short;UL26-26.5::5`-short	46	2	46	0	0	0	0	0	0	0	0	0	0	0	0	0	2	0	0	0	0	0	0	0	0
LT934125.1	-	56636	55270	NOV_TX_4712	UL26-26.5::5`-short;UL26-26.5::5`-short	16	2	0	0	0	0	0	0	0	0	0	0	0	0	0	0	1	0	0	0	0	0	0	0	16
LT934125.1	-	56638	55270	NOV_TX_4709	UL26-26.5::5`-short;UL26-26.5::5`-short;UL26-26.5::5`-short;UL26-26.5::5`-short	47	4	47	0	0	0	0	0	0	0	0	0	29	0	0	0	0	0	0	0	0	0	2	9	0
LT934125.1	-	56699	55270	NOV_TX_3867	UL26-26.5::5`-short;UL26-26.5::5`-short	51	2	0	0	0	0	0	4	0	0	0	0	0	0	0	0	0	0	0	51	0	0	0	0	0
LT934125.1	-	56874	55270	NOV_TX_4720	UL26-26.5::5`-short;UL26-26.5::5`-short	50	2	50	0	0	0	0	0	0	0	0	0	0	0	0	0	0	0	0	23	0	0	0	0	0
LT934125.1	-	56946	55704	NOV_TX_4725	UL26-26.5-AT::3`-short;UL26-26.5-AT::3`-short;UL26-26.5-AT::3`-short;UL26-26.5-AT::3`-short;UL26-26.5-AT::3`-short;UL26-26.5-AT::3`-short;UL26-26.5-AT::3`-short;UL26-26.5-AT::3`-short;UL26-26.5-AT::3`-short	10	9	2	0	0	0	1	0	0	0	0	0	2	0	0	0	1	10	1	10	0	0	0	1	4
LT934125.1	-	57087	55270	NOV_TX_4730	UL26-26.5::5`-long;UL26-26.5::5`-long	36	2	36	0	0	0	0	0	0	0	0	0	0	0	0	0	0	0	0	18	0	0	0	0	0
LT934125.1	-	57099	55270	NOV_TX_3868	UL26-26.5::5`-long;UL26-26.5::5`-long;UL26-26.5::5`-long	12	3	0	0	0	0	0	0	0	0	0	0	0	0	0	0	1	0	0	12	0	0	0	0	6
LT934125.1	-	63247	63161	NOV_TX_4749	CTO-S::5`-short;CTO-S::c;CTO-S::c;CTO-S::5`-short	457	2	0	0	0	0	0	0	0	0	0	0	457	0	0	0	0	0	0	0	0	0	11	0	0
LT934125.1	-	63247	63164	NOV_TX_4750	CTO-S::5`-short;CTO-S::5`-short	255	2	0	0	0	0	0	0	0	0	0	0	255	0	0	0	0	0	0	0	0	0	4	0	0
LT934125.1	-	63315	63161	NOV_TX_3503	CTO-S::5`-short;CTO-S::c;nc-CTO-S::x;CTO-S::5`-short;CTO-S::c;CTO-S::5`-short;CTO-S::c;CTO-S::5`-short;CTO-S::c;CTO-S::5`-short;CTO-S::c	2648	5	0	0	0	0	0	0	0	0	0	0	1830	0	0	0	0	228	0	2648	0	0	0	639	1009
LT934125.1	-	63315	63164	NOV_TX_3504	CTO-S::5`-short;nc-CTO-S::x;CTO-S::5`-short;CTO-S::5`-short;nc-CTO-S::x;CTO-S::5`-short;nc-CTO-S::x;CTO-S::5`-short;nc-CTO-S::x	1951	5	0	0	0	0	0	0	0	0	0	0	1338	0	0	0	0	166	0	1951	0	0	0	465	760
LT934125.1	-	63420	63161	NOV_TX_4755	CTO-S::3`-long;nc-CTO-S::x;CTO-S::3`-long;CTO-S::3`-long;CTO-S::3`-long;nc-CTO-S::x;CTO-S::3`-long;nc-CTO-S::x;CTO-S::3`-long;nc-CTO-S::x;CTO-S::3`-long;CTO-S::3`-long;CTO-S::3`-long;nc-CTO-S::x;CTO-S::3`-long;CTO-S::3`-long;CTO-S::3`-long;CTO-S::3`-long;nc-CTO-S::x;CTO-S::3`-long;nc-CTO-S::x;CTO-S::3`-long;nc-CTO-S::x;CTO-S::3`-long;nc-CTO-S::x;CTO-S::3`-long;CTO-S::3`-long;nc-CTO-S::x;CTO-S::3`-long;nc-CTO-S::x;CTO-S::3`-long;nc-CTO-S::x	48564	20	2975	4	11	66	618	1754	0	4	0	2	16737	3	24	12	599	2825	2512	48564	0	280	1108	10684	17051
LT934125.1	-	63420	63164	NOV_TX_4756	nc-CTO-S::x;nc-CTO-S::x;nc-CTO-S::x;nc-CTO-S::x;nc-CTO-S::x;nc-CTO-S::x;nc-CTO-S::x;nc-CTO-S::x;nc-CTO-S::x;nc-CTO-S::x;nc-CTO-S::x;nc-CTO-S::x;nc-CTO-S::x;nc-CTO-S::x;nc-CTO-S::x;nc-CTO-S::x	2533	16	163	0	1	4	28	107	0	0	0	0	737	0	2	1	21	132	122	2533	0	15	68	584	838
LT934125.1	-	63488	63161	NOV_TX_4763	CTO-S::5`-long;CTO-S::5`-long;CTO-S::~;CTO-S::5`-long;CTO-S::~;CTO-S::5`-long;CTO-S::5`-long;CTO-S::~	21	5	0	0	0	0	0	0	0	0	0	0	0	0	0	0	1	0	4	21	0	0	1	0	8
LT934125.1	-	63488	63164	NOV_TX_4764	CTO-S::5`-long;CTO-S::5`-long;CTO-S::5`-long;CTO-S::5`-long;CTO-S::5`-long	16	5	0	0	0	0	0	0	0	0	0	0	0	0	0	0	1	0	2	16	0	0	1	0	6
LT934125.1	-	63510	63161	NOV_TX_3869	CTO-S::5`-long;CTO-S::~;CTO-S::5`-long;CTO-S::~	27	2	0	0	0	0	0	0	0	0	0	0	0	0	0	0	0	0	0	27	0	0	0	6	0
LT934125.1	-	63510	63164	NOV_TX_3870	CTO-S::5`-long;CTO-S::5`-long	21	2	0	0	0	0	0	0	0	0	0	0	0	0	0	0	0	0	0	21	0	0	0	5	0
LT934125.1	-	63692	63161	NOV_TX_4765	CTO-S::k;CTO-S::5`-long;CTO-S::k;CTO-S::5`-long	28	2	6	0	0	0	0	0	0	0	0	0	0	0	0	0	0	0	0	28	0	0	0	0	0
LT934125.1	-	63692	63164	NOV_TX_4766	CTO-S::5`-long;CTO-S::5`-long	19	2	4	0	0	0	0	0	0	0	0	0	0	0	0	0	0	0	0	19	0	0	0	0	0
LT934125.1	-	64125	63161	NOV_TX_4774	CTO-M::3`-long;CTO-M::5`-short;CTO-M::~;CTO-M::3`-long;CTO-M::3`-long;CTO-M::~;CTO-M::3`-long;CTO-M::~;CTO-M::3`-long;CTO-M::5`-short;CTO-M::~;CTO-M::3`-long	48	6	0	0	0	0	0	0	0	0	0	0	20	0	0	0	1	2	8	48	0	0	0	8	0
LT934125.1	-	64125	63164	NOV_TX_4775	CTO-M::5`-short;CTO-M::5`-short	8	2	0	0	0	0	0	0	0	0	0	0	4	0	0	0	0	0	0	8	0	0	0	0	0
LT934125.1	-	64127	63161	NOV_TX_4773	CTO-M::3`-long;CTO-M::3`-long;CTO-M::3`-long;CTO-M::3`-long;CTO-M::3`-long	55	5	8	0	0	0	0	3	0	0	0	0	31	0	0	0	0	0	0	55	0	0	0	0	23
LT934125.1	-	64370	64135	NOV_TX_4784	UL21.5::5`-short;UL21.5::5`-short	143	2	0	0	0	0	0	0	0	0	0	0	0	0	0	0	0	0	0	143	0	0	0	67	0
LT934125.1	-	64460	64135	NOV_TX_4787	UL21.5::5`-short;UL21.5::5`-short	231	2	231	0	0	0	0	80	0	0	0	0	0	0	0	0	0	0	0	0	0	0	0	0	0
LT934125.1	-	64468	64135	NOV_TX_3604	UL21.5::5`-short;UL21.5::5`-short;UL21.5::5`-short	179	3	0	0	0	0	0	0	0	0	0	0	0	0	0	0	29	140	0	0	0	0	0	179	0
LT934125.1	-	64655	64135	NOV_TX_3164	UL21.5::5`-long;UL21.5::5`-long	30	2	30	0	0	1	0	0	0	0	0	0	0	0	0	0	0	0	0	0	0	0	0	0	0
LT934125.1	-	64692	64135	NOV_TX_3407	UL21.5::5`-long;UL21.5::5`-long	74	2	0	0	0	0	0	42	0	0	0	0	0	0	0	0	0	74	0	0	0	0	0	0	0
LT934125.1	-	64697	64135	NOV_TX_3471	UL21.5::5`-long;UL21.5::5`-long;UL21.5::5`-long	152	3	0	0	0	0	0	0	0	0	0	1	152	0	0	0	13	0	0	0	0	0	0	0	0
LT934125.1	-	64728	64135	NOV_TX_4794	UL21.5::5`-long;UL21.5::5`-long	25	2	0	0	0	0	0	0	0	0	0	0	18	0	0	0	0	0	0	25	0	0	0	0	0
LT934125.1	-	64787	64135	NOV_TX_3409	UL21.5::5`-long;UL21.5::5`-long	6	2	0	0	0	0	0	6	0	0	0	0	0	0	0	0	0	0	0	0	0	0	4	0	0
LT934125.1	-	64792	64135	NOV_TX_4796	UL21.5::5`-long;UL21.5::5`-long	51	2	0	0	0	0	0	0	0	0	0	0	51	0	0	0	0	0	19	0	0	0	0	0	0
LT934125.1	-	64803	64135	NOV_TX_3311	UL21.5::5`-long;UL21.5::5`-long	16	2	0	0	0	0	2	0	0	0	0	0	0	0	0	0	0	16	0	0	0	0	0	0	0
LT934125.1	-	64896	64135	NOV_TX_4803	UL21.5::5`-long;UL21.5::5`-long	23	2	0	0	0	0	0	0	0	0	0	0	0	0	0	0	0	0	0	0	0	0	3	23	0
LT934125.1	-	64944	64135	NOV_TX_3312	UL21.5::5`-long;UL21.5::5`-long	7	2	0	0	0	0	2	0	0	0	0	0	0	0	0	0	0	7	0	0	0	0	0	0	0
LT934125.1	-	64992	64135	NOV_TX_3167	UL21.5::5`-long;UL21.5::5`-long	13	2	13	0	0	0	1	0	0	0	0	0	0	0	0	0	0	0	0	0	0	0	0	0	0
LT934125.1	-	65343	64135	NOV_TX_4023	UL21.2-S::5`-short;UL21.2-S::5`-short;UL21.2-S::5`-short;UL21.2-S::5`-short	5	4	0	0	0	0	0	5	0	0	0	0	0	0	0	0	0	2	0	0	0	0	2	3	0
LT934125.1	-	65679	64135	NOV_TX_4818	UL21.2::5`-long;UL21.2::5`-long	15	2	0	0	0	0	0	0	0	0	0	0	15	0	0	0	0	10	0	0	0	0	0	0	0
LT934125.1	-	65682	64135	NOV_TX_4820	UL21.2::5`-long;UL21.2::5`-long	43	2	0	0	0	0	0	0	0	0	0	0	0	0	0	0	0	0	0	43	0	0	4	0	0
LT934125.1	-	65750	64135	NOV_TX_4825	UL21::5`-short;UL21::5`-short;UL21::5`-short;UL21::5`-short	16	4	0	0	0	0	0	0	0	0	0	0	0	0	0	0	6	14	0	0	0	0	3	16	0
LT934125.1	-	65752	63161	NOV_TX_4824	CTO-L::3`-long;CTO-L::3`-long;CTO-L::3`-long;CTO-L::3`-long	7	4	2	0	0	0	0	0	0	0	0	0	2	0	0	0	0	0	0	7	0	0	0	0	2
LT934125.1	-	71776	71548	NOV_TX_4832	FORF15-S2::5`-short;FORF15-S2::5`-short;FORF15-S2::5`-short;FORF15-S2::5`-short;FORF15-S2::5`-short	27	5	0	0	0	0	2	4	0	0	0	0	27	0	0	0	0	0	4	0	0	0	0	6	0
LT934125.1	-	72174	71548	NOV_TX_4836	FORF15-S2::5`-long;FORF15-S2::5`-long;FORF15-S2::5`-long;FORF15-S2::5`-long;FORF15-S2::5`-long;FORF15-S2::5`-long;FORF15-S2::5`-long	40	7	17	0	0	0	0	0	0	0	0	0	25	0	0	0	0	0	6	40	0	0	1	7	13
LT934125.1	-	72738	71548	NOV_TX_4842	FORF15-S::5`-long;FORF15-S::5`-long;FORF15-S::5`-long;FORF15-S::5`-long;FORF15-S::5`-long;FORF15-S::5`-long	22	6	0	0	0	0	2	0	0	0	0	0	0	0	0	0	0	3	2	22	0	0	0	10	10
LT934125.1	-	72871	71548	NOV_TX_4847	FORF15-S::5`-long;FORF15-S::5`-long;FORF15-S::5`-long;FORF15-S::5`-long;FORF15-S::5`-long	20	5	12	0	0	0	0	1	0	0	0	0	0	0	0	0	0	0	5	20	0	0	0	0	14
LT934125.1	-	80435	80352	NOV_TX_3171	nc-UL10::5`-short;nc-UL10::5`-short;nc-UL10::5`-short;nc-UL10::5`-short	203	4	203	0	0	0	0	33	0	0	0	0	0	0	0	0	0	0	0	0	0	0	9	54	0
LT934125.1	-	80484	80352	NOV_TX_3172	nc-UL10::5`-short;nc-UL10::5`-short;nc-UL10::5`-short;nc-UL10::5`-short;nc-UL10::5`-short;nc-UL10::5`-short;nc-UL10::5`-short;nc-UL10::5`-short	466	8	236	0	0	0	0	46	0	0	0	0	0	0	0	0	3	20	42	466	0	0	0	75	199
LT934125.1	-	80586	80352	NOV_TX_3608	nc-UL10::5`-long;nc-UL10::5`-long	6	2	0	0	0	0	0	0	0	0	0	0	0	0	0	0	6	0	0	0	0	3	0	0	0
LT934125.1	-	80633	80352	NOV_TX_4856	nc-UL10::5`-long;nc-UL10::5`-long;nc-UL10::5`-long	461	3	177	0	0	0	0	0	0	0	0	0	148	0	0	0	0	0	0	461	0	0	0	0	0
LT934125.1	-	80645	80352	NOV_TX_4858	nc-UL10::5`-long;nc-UL10::5`-long;nc-UL10::5`-long	160	3	0	0	0	0	0	39	0	0	0	0	0	0	0	0	0	0	0	0	0	0	15	0	160
LT934125.1	-	80657	80352	NOV_TX_3173	UL10.4::5`-short;UL10.4::5`-short;nc-UL10::5`-long;nc-UL10::5`-long	155	2	155	0	0	0	0	0	0	0	0	0	0	0	0	0	0	0	0	0	0	0	0	53	0
LT934125.1	-	80825	80352	NOV_TX_3174	UL10.4::5`-short;UL10.4::5`-short;UL10.4::5`-short	70	3	70	0	0	0	0	0	0	0	0	0	0	0	0	0	0	0	0	0	0	0	0	21	29
LT934125.1	-	80858	80352	NOV_TX_4862	UL10.4::5`-long;UL10.4::5`-long;UL10.4::5`-long;UL10.4::5`-long;UL10.4::5`-long	89	5	0	0	1	0	0	0	0	0	0	0	89	0	0	0	0	39	69	0	0	0	13	0	0
LT934125.1	-	80958	80352	NOV_TX_4868	UL10.5::5`-short;UL10.5::5`-short	91	2	91	0	0	0	0	0	0	0	0	0	86	0	0	0	0	0	0	0	0	0	0	0	0
LT934125.1	-	81007	80352	NOV_TX_4871	UL10.5::5`-short;UL10.5::5`-short;UL10.5::5`-short	491	3	60	0	0	0	0	0	0	0	0	0	0	0	0	0	0	23	0	491	0	0	0	0	0
LT934125.1	-	81009	80352	NOV_TX_4873	UL10.5::5`-short;UL10.5::5`-short	12	2	0	0	0	0	0	0	0	0	0	0	0	0	1	0	0	0	0	0	0	0	12	0	0
LT934125.1	-	81015	80352	NOV_TX_3175	UL10.5::5`-short;UL10.5::5`-short;UL10.5::5`-short	121	3	108	0	0	0	0	0	0	0	0	0	121	0	0	0	0	0	0	0	0	0	0	62	0
LT934125.1	-	81035	80352	NOV_TX_3317	UL10.5::5`-short;UL10.5::5`-short;UL10.5::5`-short;UL10.5::5`-short;UL10.5::5`-short	1043	5	0	0	0	0	8	0	0	0	0	0	0	0	0	0	5	0	51	1043	0	0	0	0	312
LT934125.1	-	81081	80352	NOV_TX_4875	UL10.5::5`-long;UL10.5::5`-long	39	2	0	0	0	0	0	39	0	0	0	0	0	0	0	0	0	0	0	0	0	0	7	0	0
LT934125.1	-	81087	80352	NOV_TX_4874	UL10.5::5`-long;UL10.5::5`-long	148	2	148	0	0	0	0	0	0	0	0	0	91	0	0	0	0	0	0	0	0	0	0	0	0
LT934125.1	-	81096	80352	NOV_TX_3176	UL10.5::5`-long;UL10.5::5`-long;UL10.5::5`-long	30	3	30	0	0	0	0	0	0	0	0	0	0	0	0	0	0	17	28	0	0	0	0	0	0
LT934125.1	-	81146	80352	NOV_TX_3609	UL10.5::5`-long;UL10.5::5`-long	59	2	0	0	0	0	0	0	0	0	0	0	0	0	0	0	1	0	0	0	0	0	0	0	59
LT934125.1	-	81161	80352	NOV_TX_4877	UL10.5::5`-long;UL10.5::5`-long;UL10.5::5`-long;UL10.5::5`-long	137	4	57	0	0	0	0	0	0	0	0	0	62	0	0	0	0	0	0	137	0	0	0	23	0
LT934125.1	-	81240	80352	NOV_TX_4883	UL10.6::5`-short;UL10.6::5`-short	154	2	0	0	0	0	0	0	0	0	0	0	0	0	0	0	0	0	0	0	0	0	8	0	154
LT934125.1	-	81245	80352	NOV_TX_4880	UL10.6::5`-short;UL10.6::5`-short	146	2	146	0	0	0	0	0	0	0	0	0	0	0	0	0	0	0	0	0	0	0	7	0	0
LT934125.1	-	81273	80352	NOV_TX_3177	UL10.6::5`-short;UL10.6::5`-short;UL10.6::5`-short;UL10.6::5`-short;UL10.6::5`-short	86	5	70	0	0	0	0	0	0	0	0	0	86	0	1	0	1	6	0	0	0	0	0	0	0
LT934125.1	-	81296	80352	NOV_TX_3876	UL10.6::5`-short;UL10.6::5`-short	116	2	0	0	0	0	0	0	0	0	0	0	0	0	0	0	0	0	0	116	0	0	0	19	0
LT934125.1	-	81365	80352	NOV_TX_4884	UL10.6::5`-long;UL10.7::5`-short;UL10.6::5`-long	33	2	33	0	0	0	0	0	0	0	0	0	0	0	0	0	0	0	0	0	0	0	3	0	0
LT934125.1	-	81491	80352	NOV_TX_4890	UL10.7::5`-long;UL10-S::5`-short;UL10.7::5`-long;UL10-S::5`-short;UL10-S::5`-short;UL10.7::5`-long;UL10-S::5`-short	71	4	71	0	0	0	0	0	0	0	0	0	51	0	0	0	0	0	0	0	0	0	1	19	0
LT934125.1	-	81508	80352	NOV_TX_3705	UL10-S::5`-short;UL10-S::5`-short	47	2	0	0	0	0	0	0	0	0	0	0	0	0	0	0	0	3	0	47	0	0	0	0	0
LT934125.1	-	81608	80352	NOV_TX_4898	UL10-S::5`-long;UL10-S::5`-long	31	2	24	0	0	0	0	0	0	0	0	0	0	0	0	0	0	0	0	31	0	0	0	0	0
LT934125.1	-	81687	80352	NOV_TX_4902	UL10::5`-short;UL10-S::5`-long;UL10::5`-short;UL10::5`-short	32	3	0	0	0	0	0	0	0	0	0	0	32	0	0	0	1	0	0	0	0	0	1	0	0
LT934125.1	-	81688	80352	NOV_TX_4901	UL10::5`-short;UL10::5`-short;UL10::5`-short;UL10::5`-short	79	4	14	0	0	0	0	0	0	0	0	0	0	0	0	0	0	0	0	79	0	0	0	5	34
LT934125.1	-	81728	80352	NOV_TX_3511	UL10::5`-short;UL10::5`-short	85	2	0	0	0	0	0	0	0	0	0	0	85	0	0	0	0	3	0	0	0	0	0	0	0
LT934125.1	-	81754	80352	NOV_TX_3809	UL10::5`-short;UL10::5`-short	179	2	0	0	0	0	0	0	0	0	0	0	0	0	0	0	0	0	44	0	0	0	0	179	0
LT934125.1	-	86481	86133	NOV_TX_3423	UL7.5::5`-short;UL7.5::5`-short	16	2	0	0	0	0	0	4	0	0	0	0	0	0	0	0	0	0	0	16	0	0	0	0	0
LT934125.1	-	86580	86133	NOV_TX_3706	UL7.5::5`-short;UL7.5::5`-short	23	2	0	0	0	0	0	0	0	0	0	0	0	0	0	0	0	15	0	0	0	0	0	0	23
LT934125.1	-	86713	86133	NOV_TX_3178	UL7.5::5`-short;UL7.5::5`-short	19	2	19	0	0	0	0	0	0	0	0	0	19	0	0	0	0	0	0	0	0	0	0	0	0
LT934125.1	-	86899	86133	NOV_TX_4919	UL7.5::5`-short;UL7.5::5`-short;UL7.5::5`-short	13	3	0	0	0	0	0	0	0	0	0	0	13	0	0	0	3	0	0	0	0	0	0	8	0
LT934125.1	-	87212	86133	NOV_TX_4072	UL7-L2::5`-short;UL7-L2::5`-short;UL7::5`-long;UL7::5`-long	18	2	0	0	0	0	0	0	0	0	0	0	0	0	0	0	0	9	0	0	0	0	0	0	18
LT934125.1	-	88003	86133	NOV_TX_4928	UL7-L4::5`-long;UL7-L4::5`-long	7	2	0	0	0	0	0	0	0	0	0	0	7	0	0	0	0	0	0	0	0	0	1	0	0
LT934125.1	-	88236	86133	NOV_TX_3180	UL7-L4::5`-long;UL7-L4::5`-long	7	2	7	0	0	0	0	1	0	0	0	0	0	0	0	0	0	0	0	0	0	0	0	0	0
LT934125.1	-	88775	86133	NOV_TX_3181	UL6-7::5`-short;UL6-7::5`-short	9	2	9	0	0	0	2	0	0	0	0	0	0	0	0	0	0	0	0	0	0	0	0	0	0
LT934125.1	-	89153	86133	NOV_TX_4930	UL6-7::5`-long;UL6-7::5`-long;UL6-7::5`-long;UL6-7::5`-long;UL6-7::5`-long;UL6-7::5`-long;UL6-7::5`-long;UL6-7::5`-long;UL6-7::5`-long	42	9	42	0	0	0	4	20	0	0	0	0	3	0	0	0	1	0	7	5	0	0	2	0	22
LT934125.1	-	92201	92069	NOV_TX_3877	TRL3.5::5`-short;TRL3.5::5`-short	392	2	0	0	0	0	0	0	0	0	0	0	0	0	0	0	0	0	0	392	0	0	0	0	215
LT934125.1	-	92201	92071	NOV_TX_3878	TRL3.5::5`-short;TRL3.5::5`-short	392	2	0	0	0	0	0	0	0	0	0	0	0	0	0	0	0	0	0	392	0	0	0	0	215
LT934125.1	-	92274	92069	NOV_TX_3251	TRL3.5::5`-short;TRL3.5::5`-short	70	2	0	0	0	3	0	70	0	0	0	0	0	0	0	0	0	0	0	0	0	0	0	0	0
LT934125.1	-	92274	92071	NOV_TX_3252	TRL3.5::5`-short;TRL3.5::5`-short	70	2	0	0	0	3	0	70	0	0	0	0	0	0	0	0	0	0	0	0	0	0	0	0	0
LT934125.1	-	92303	92069	NOV_TX_4943	TRL3.5::5`-short;TRL3.5::c;TRL3.5::5`-short;TRL3.5::5`-short;TRL3.5::5`-short;TRL3.5::5`-short;TRL3.5::5`-short;TRL3.5::5`-short;TRL3.5::5`-short;TRL3.5::5`-short;TRL3.5::c	1079	9	554	0	0	0	0	0	0	0	0	0	1003	0	0	0	20	155	159	1079	0	0	55	248	516
LT934125.1	-	92303	92071	NOV_TX_4944	TRL3.5::5`-short;TRL3.5::5`-short;TRL3.5::5`-short;TRL3.5::5`-short;TRL3.5::5`-short;TRL3.5::5`-short;TRL3.5::5`-short;TRL3.5::5`-short;TRL3.5::5`-short	1086	9	557	0	0	0	0	0	0	0	0	0	1003	0	0	0	20	155	160	1086	0	0	55	248	517
LT934125.1	-	92343	92069	NOV_TX_3616	TRL3.5::5`-short;TRL3.5::5`-short;TRL3.5::5`-short	724	3	0	0	0	0	0	0	0	0	0	0	0	0	0	0	14	0	0	724	0	0	0	154	0
LT934125.1	-	92343	92071	NOV_TX_3617	TRL3.5::5`-short;TRL3.5::5`-short;TRL3.5::5`-short	724	3	0	0	0	0	0	0	0	0	0	0	0	0	0	0	14	0	0	724	0	0	0	154	0
LT934125.1	-	92377	92069	NOV_TX_4947	TRL3.5::5`-short;TRL3.5::5`-short;TRL3.5::5`-short	242	3	125	0	0	0	0	0	0	0	0	0	242	0	0	0	0	0	0	0	0	0	12	0	0
LT934125.1	-	92377	92071	NOV_TX_4948	TRL3.5::5`-short;TRL3.5::5`-short;TRL3.5::5`-short	243	3	125	0	0	0	0	0	0	0	0	0	243	0	0	0	0	0	0	0	0	0	12	0	0
LT934125.1	-	92427	92069	NOV_TX_3879	TRL3.5::5`-long;TRL3.5::5`-long;TRL3.5::5`-long	21	3	0	0	0	0	0	0	0	0	0	0	0	0	0	0	0	0	0	21	0	0	1	8	0
LT934125.1	-	92427	92071	NOV_TX_3880	TRL3.5::5`-long;TRL3.5::5`-long;TRL3.5::5`-long	21	3	0	0	0	0	0	0	0	0	0	0	0	0	0	0	0	0	0	21	0	0	1	9	0
LT934125.1	-	92481	92069	NOV_TX_4957	TRL3.5::5`-long;TRL3.5::5`-long;TRL3.5::5`-long	284	3	119	0	0	0	0	0	0	0	0	0	284	0	0	0	10	0	0	0	0	0	0	0	0
LT934125.1	-	92481	92071	NOV_TX_4958	TRL3.5::5`-long;TRL3.5::5`-long;TRL3.5::5`-long	284	3	119	0	0	0	0	0	0	0	0	0	284	0	0	0	10	0	0	0	0	0	0	0	0
LT934125.1	-	92527	92069	NOV_TX_4961	TRL3.5::5`-long;nc-UL3.5::5`-short;TRL3.5::5`-long;nc-UL3.5::5`-short	255	2	143	0	0	0	0	0	0	0	0	0	255	0	0	0	0	0	0	0	0	0	0	0	0
LT934125.1	-	92527	92071	NOV_TX_4962	TRL3.5::5`-long;nc-UL3.5::5`-short;TRL3.5::5`-long;nc-UL3.5::5`-short	256	2	143	0	0	0	0	0	0	0	0	0	256	0	0	0	0	0	0	0	0	0	0	0	0
LT934125.1	-	92561	92069	NOV_TX_3182	nc-UL3.5::5`-short;nc-UL3.5::5`-short;nc-UL3.5::5`-short;nc-UL3.5::5`-short	299	4	80	0	0	0	0	29	0	0	0	0	0	0	0	0	0	0	0	299	0	0	0	0	107
LT934125.1	-	92561	92071	NOV_TX_3183	nc-UL3.5::5`-short;nc-UL3.5::5`-short;nc-UL3.5::5`-short;nc-UL3.5::5`-short;nc-UL3.5::~	300	4	80	0	0	0	0	29	0	0	0	0	0	0	0	0	0	0	0	300	0	0	0	0	107
LT934125.1	-	92631	92069	NOV_TX_4975	nc-UL3.5::5`-long;nc-UL3.5::5`-long;nc-UL3.5::5`-long;nc-UL3.5::5`-long;nc-UL3.5::5`-long;nc-UL3.5::5`-long	232	6	84	0	0	1	0	0	0	0	0	0	161	0	0	0	0	0	0	232	0	0	0	63	98
LT934125.1	-	92631	92071	NOV_TX_4976	nc-UL3.5::5`-long;nc-UL3.5::3`-short;nc-UL3.5::5`-long;nc-UL3.5::5`-long;nc-UL3.5::5`-long;nc-UL3.5::~;nc-UL3.5::3`-short;nc-UL3.5::5`-long;nc-UL3.5::5`-long	234	6	85	0	0	1	0	0	0	0	0	0	161	0	0	0	0	0	0	234	0	0	0	63	98
LT934125.1	-	92686	92069	NOV_TX_4981	nc-UL3.5::5`-long;nc-UL3.5::5`-long;nc-UL3.5::5`-long;nc-UL3.5::5`-long;nc-UL3.5::5`-long	111	5	90	0	0	1	0	0	0	0	0	0	0	0	0	0	0	0	0	111	0	0	7	35	0
LT934125.1	-	92686	92071	NOV_TX_4982	nc-UL3.5::5`-long;nc-UL3.5::5`-long;nc-UL3.5::5`-long;nc-UL3.5::5`-long;nc-UL3.5::5`-long	111	5	90	0	0	1	0	0	0	0	0	0	0	0	0	0	0	0	0	111	0	0	7	35	0
LT934125.1	-	92693	92069	NOV_TX_3715	nc-UL3.5::5`-long;nc-UL3.5::5`-long	16	2	0	0	0	0	0	8	0	0	0	0	0	0	0	0	0	16	0	0	0	0	0	0	0
LT934125.1	-	92693	92071	NOV_TX_3716	nc-UL3.5::5`-long;nc-UL3.5::5`-long	16	2	0	0	0	0	0	8	0	0	0	0	0	0	0	0	0	16	0	0	0	0	0	0	0
LT934125.1	-	92734	92069	NOV_TX_4985	nc-UL3.5::5`-long;nc-UL3.5::5`-long	157	2	157	0	0	0	0	0	0	0	0	0	111	0	0	0	0	0	0	0	0	0	0	0	0
LT934125.1	-	92734	92071	NOV_TX_4986	nc-UL3.5::5`-long;nc-UL3.5::5`-long	157	2	157	0	0	0	0	0	0	0	0	0	111	0	0	0	0	0	0	0	0	0	0	0	0
LT934125.1	-	92774	92069	NOV_TX_4987	nc-UL3.5::5`-long;UL3.5::5`-short;nc-UL3.5::5`-long;UL3.5::5`-short;UL3.5::5`-short;nc-UL3.5::5`-long;nc-UL3.5::5`-long;UL3.5::5`-short;nc-UL3.5::5`-long;nc-UL3.5::5`-long;UL3.5::5`-short;nc-UL3.5::5`-long;UL3.5::5`-short;UL3.5::5`-short;nc-UL3.5::5`-long;UL3.5::5`-short;nc-UL3.5::5`-long;UL3.5::5`-short;nc-UL3.5::5`-long	273	10	189	0	0	0	5	28	0	0	0	0	228	0	1	0	7	0	0	273	0	0	10	55	114
LT934125.1	-	92774	92071	NOV_TX_4988	nc-UL3.5::5`-long;UL3.5::5`-short;nc-UL3.5::~;nc-UL3.5::5`-long;UL3.5::5`-short;UL3.5::5`-short;nc-UL3.5::5`-long;nc-UL3.5::5`-long;UL3.5::5`-short;nc-UL3.5::5`-long;nc-UL3.5::5`-long;UL3.5::5`-short;nc-UL3.5::5`-long;UL3.5::5`-short;UL3.5::5`-short;nc-UL3.5::5`-long;UL3.5::5`-short;nc-UL3.5::5`-long;UL3.5::5`-short;nc-UL3.5::5`-long	273	10	190	0	0	0	5	28	0	0	0	0	228	0	1	0	7	0	0	273	0	0	10	55	114
LT934125.1	-	92830	92069	NOV_TX_3326	UL3.5::5`-short;UL3.5::5`-short;UL3.5::5`-short	159	3	0	0	0	0	9	0	0	0	0	0	0	0	0	0	0	0	0	0	0	0	0	88	159
LT934125.1	-	92830	92071	NOV_TX_3327	UL3.5::5`-short;UL3.5::5`-short;UL3.5::5`-short	159	3	0	0	0	0	9	0	0	0	0	0	0	0	0	0	0	0	0	0	0	0	0	88	159
LT934125.1	-	92846	92069	NOV_TX_3620	UL3.5::5`-short;UL3.5::5`-short	329	2	0	0	0	0	0	0	0	0	0	0	0	0	0	0	11	0	0	329	0	0	0	0	0
LT934125.1	-	92846	92071	NOV_TX_3621	UL3.5::5`-short;UL3.5::5`-short;UL3.5::~	331	2	0	0	0	0	0	0	0	0	0	0	0	0	0	0	11	0	0	331	0	0	0	0	0
LT934125.1	-	92933	92071	NOV_TX_4992	UL3.5::3`-short;UL3.5::3`-short;UL3.5::3`-short;UL3.5::3`-short;UL3.5::3`-short;UL3.5::3`-short;UL3.5::3`-short;UL3.5::3`-short;UL3.5::3`-short;UL3.5::3`-short	32	10	27	0	0	0	0	4	0	0	0	0	13	0	0	0	1	7	4	32	0	0	1	10	11
LT934125.1	-	92933	92445	NOV_TX_4993	UL3.5::3`-short;UL3.5::3`-short;UL3.5::3`-short;UL3.5::3`-short;UL3.5::3`-short;UL3.5::3`-short;UL3.5::3`-short;UL3.5::3`-short;UL3.5::3`-short	81	9	17	0	0	0	0	4	0	0	0	0	19	0	0	0	0	9	3	81	0	0	4	11	23
LT934125.1	-	93079	92069	NOV_TX_3430	UL3.5::5`-long;UL3.5::5`-long	15	2	0	0	0	0	0	15	0	0	0	0	0	0	0	0	0	9	0	0	0	0	0	0	0
LT934125.1	-	93079	92071	NOV_TX_3431	UL3.5::5`-long;UL3.5::5`-long	15	2	0	0	0	0	0	15	0	0	0	0	0	0	0	0	0	9	0	0	0	0	0	0	0
LT934125.1	-	93102	92069	NOV_TX_4995	UL3.5-L::5`-short;UL3.5::5`-long;UL3.5-L::5`-short;UL3.5::5`-long	18	2	18	0	0	0	0	0	0	0	0	0	0	0	0	2	0	0	0	0	0	0	0	0	0
LT934125.1	-	93102	92071	NOV_TX_4996	UL3.5-L::5`-short;UL3.5::5`-long;UL3.5-L::5`-short;UL3.5::5`-long	18	2	18	0	0	0	0	0	0	0	0	0	0	0	0	2	0	0	0	0	0	0	0	0	0
LT934125.1	-	93163	92069	NOV_TX_3192	UL3.5-L::5`-short;UL3.5-L::5`-short	117	2	117	0	0	0	0	0	0	0	0	0	0	1	0	0	0	0	0	0	0	0	0	0	0
LT934125.1	-	93163	92071	NOV_TX_3193	UL3.5-L::5`-short;UL3.5-L::5`-short	117	2	117	0	0	0	0	0	0	0	0	0	0	1	0	0	0	0	0	0	0	0	0	0	0
LT934125.1	-	93186	92069	NOV_TX_5004	UL3.5-L::5`-short;UL3.5-L::5`-short	17	2	0	0	0	0	0	0	0	0	0	0	0	0	0	0	1	0	17	0	0	0	0	0	0
LT934125.1	-	93186	92071	NOV_TX_5005	UL3.5-L::5`-short;UL3.5-L::5`-short	17	2	0	0	0	0	0	0	0	0	0	0	0	0	0	0	1	0	17	0	0	0	0	0	0
LT934125.1	-	93217	92069	NOV_TX_3432	UL3.5-L::5`-short;UL3.5-L::5`-short	7	2	0	0	0	0	0	7	0	0	0	0	0	0	0	0	0	0	0	0	0	0	3	0	0
LT934125.1	-	93217	92071	NOV_TX_3433	UL3.5-L::5`-short;UL3.5-L::5`-short	7	2	0	0	0	0	0	7	0	0	0	0	0	0	0	0	0	0	0	0	0	0	3	0	0
LT934125.1	-	93239	92069	NOV_TX_3194	UL3.5-L::5`-short;UL3.5-L::5`-short	48	2	48	0	0	0	0	0	0	0	0	0	32	0	0	0	0	0	0	0	0	0	0	0	0
LT934125.1	-	93239	92071	NOV_TX_3195	UL3.5-L::5`-short;UL3.5-L::5`-short	48	2	48	0	0	0	0	0	0	0	0	0	32	0	0	0	0	0	0	0	0	0	0	0	0
LT934125.1	-	93281	92069	NOV_TX_5017	UL3.5-L::5`-long;UL3.5-L::5`-long;UL3.5-L::5`-long	70	3	0	0	0	0	0	0	0	0	0	0	18	0	0	0	0	0	0	0	0	0	19	0	70
LT934125.1	-	93281	92071	NOV_TX_5018	UL3.5-L::5`-long;UL3.5-L::5`-long;UL3.5-L::5`-long	70	3	0	0	0	0	0	0	0	0	0	0	18	0	0	0	0	0	0	0	0	0	19	0	70
LT934125.1	-	93378	92069	NOV_TX_5027	UL3.5-L::5`-long;UL3.5-L::5`-long;UL3.5-L::5`-long;UL3.5-L::5`-long	23	4	23	0	0	0	0	0	0	0	0	0	0	0	0	0	2	2	0	14	0	0	0	0	0
LT934125.1	-	93378	92071	NOV_TX_5028	UL3.5-L::5`-long;UL3.5-L::5`-long;UL3.5-L::5`-long;UL3.5-L::5`-long	23	4	23	0	0	0	0	0	0	0	0	0	0	0	0	0	2	2	0	14	0	0	0	0	0
LT934125.1	-	93453	92069	NOV_TX_3197	UL3.5-L::5`-long;UL3.5-L::5`-long;UL3.5-L::5`-long;UL3-3.5::5`-short	75	3	75	0	0	0	0	0	0	0	0	0	0	0	0	0	0	13	0	0	0	0	0	20	0
LT934125.1	-	93453	92071	NOV_TX_3198	UL3.5-L::5`-long;UL3.5-L::5`-long;UL3.5-L::5`-long;UL3-3.5::5`-short	75	3	75	0	0	0	0	0	0	0	0	0	0	0	0	0	0	13	0	0	0	0	0	20	0
LT934125.1	-	93455	92069	NOV_TX_3328	UL3.5-L::5`-long;UL3.5-L::5`-long;UL3-3.5::5`-short	30	2	0	0	0	0	5	0	0	0	0	0	0	0	0	0	0	0	0	0	0	0	0	0	30
LT934125.1	-	93455	92071	NOV_TX_3329	UL3.5-L::5`-long;UL3.5-L::5`-long;UL3-3.5::5`-short	30	2	0	0	0	0	5	0	0	0	0	0	0	0	0	0	0	0	0	0	0	0	0	0	30
LT934125.1	-	93466	92069	NOV_TX_5047	UL3-3.5::5`-short;UL3.5-L::5`-long;UL3-3.5::5`-short	51	2	51	0	0	0	0	0	0	0	0	0	0	0	0	0	0	0	0	36	0	0	0	0	0
LT934125.1	-	93466	92071	NOV_TX_5048	UL3-3.5::5`-short;UL3.5-L::5`-long;UL3-3.5::5`-short	51	2	51	0	0	0	0	0	0	0	0	0	0	0	0	0	0	0	0	36	0	0	0	0	0
LT934125.1	-	93466	93229	NOV_TX_5049	UL3::c;UL3::c	5	2	4	0	0	0	0	0	0	0	0	0	0	0	0	0	0	0	0	5	0	0	0	0	0
LT934125.1	-	93467	92069	NOV_TX_5054	UL3-3.5::5`-short;UL3.5-L::5`-long;UL3-3.5::5`-short	16	2	0	0	0	0	0	0	0	0	0	0	16	0	0	0	3	0	0	0	0	0	0	0	0
LT934125.1	-	93467	92071	NOV_TX_5055	UL3-3.5::5`-short;UL3.5-L::5`-long;UL3-3.5::5`-short	16	2	0	0	0	0	0	0	0	0	0	0	16	0	0	0	3	0	0	0	0	0	0	0	0
LT934125.1	-	93482	92069	NOV_TX_5051	UL3-3.5::5`-short;UL3-3.5::5`-short	22	2	0	0	0	0	0	0	0	0	0	0	7	0	0	0	0	0	0	22	0	0	0	0	0
LT934125.1	-	93482	92071	NOV_TX_5052	UL3-3.5::5`-short;UL3-3.5::5`-short	22	2	0	0	0	0	0	0	0	0	0	0	7	0	0	0	0	0	0	22	0	0	0	0	0
LT934125.1	-	93482	93229	NOV_TX_5053	UL3::c;UL3::c	9	2	0	0	0	0	0	0	0	0	0	0	3	0	0	0	0	0	0	9	0	0	0	0	0
LT934125.1	-	93571	92069	NOV_TX_5061	UL3-3.5::5`-short;UL3-3.5::5`-short;UL3-3.5::5`-short	24	3	21	0	0	0	0	0	0	0	0	0	24	0	0	0	0	0	0	0	0	0	3	0	0
LT934125.1	-	93571	92071	NOV_TX_5062	UL3-3.5::5`-short;UL3-3.5::5`-short;UL3-3.5::5`-short	24	3	21	0	0	0	0	0	0	0	0	0	24	0	0	0	0	0	0	0	0	0	3	0	0
LT934125.1	-	93654	93229	NOV_TX_5070	UL3::3`-short;UL3::3`-short;UL3::3`-short;UL3::3`-short;UL3::3`-short;UL3::3`-short;UL3::3`-short;UL3::3`-short;UL3::3`-short;UL3::3`-short;UL3::3`-short	42	11	12	0	0	0	1	4	0	0	0	0	19	0	0	0	6	7	2	42	0	0	6	24	22
LT934125.1	-	94458	92069	NOV_TX_5098	UL2-3-3.5::5`-short;UL2-3-3.5::5`-short	16	2	0	0	0	0	0	0	0	0	0	0	0	0	0	0	0	0	4	16	0	0	0	0	0
LT934125.1	-	94458	92071	NOV_TX_5099	UL2-3-3.5::5`-short;UL2-3-3.5::5`-short	16	2	0	0	0	0	0	0	0	0	0	0	0	0	0	0	0	0	4	16	0	0	0	0	0
LT934125.1	-	94622	92069	NOV_TX_5102	UL2-3-3.5::5`-long;UL2-3-3.5::5`-long	8	2	8	0	0	0	0	0	0	0	0	0	0	0	0	0	0	0	0	6	0	0	0	0	0
LT934125.1	-	94622	92071	NOV_TX_5103	UL2-3-3.5::5`-long;UL2-3-3.5::5`-long	8	2	8	0	0	0	0	0	0	0	0	0	0	0	0	0	0	0	0	6	0	0	0	0	0
LT934125.1	-	94947	92445	NOV_TX_5121	UL1-2-3-3.5::3`-short;UL1-2-3-3.5::3`-short;UL1-2-3-3.5::3`-short;UL1-2-3-3.5::3`-short	5	4	1	0	0	0	0	0	0	0	0	0	0	0	0	0	0	1	0	0	0	0	0	2	5
LT934125.1	-	94947	93229	NOV_TX_5117	UL2::5`-long;UL2::5`-long;UL2::5`-long;UL2::5`-long;UL2::5`-long;UL2::5`-long	10	6	3	0	0	0	0	0	0	0	0	0	2	0	0	0	0	5	0	10	0	0	0	8	10
LT934125.1	-	96146	95889	NOV_TX_5134	nc-EP0-2::5`-long;nc-EP0-2::5`-long;nc-EP0-2::5`-long;nc-EP0-2::5`-long;nc-EP0-2::5`-long	87	5	74	0	0	0	0	0	0	0	0	0	87	0	0	0	0	17	0	0	0	0	33	0	83
LT934125.1	-	96196	95889	NOV_TX_3930	nc-EP0-2::5`-long;nc-EP0-2::5`-long;nc-EP0-2::5`-long	96	3	0	0	0	0	0	0	0	0	0	0	0	0	3	0	0	0	0	0	0	22	0	96	0
LT934125.1	-	96241	95889	NOV_TX_5143	nc-EP0-2::5`-long;nc-EP0-2::5`-long	83	2	0	0	0	0	0	0	0	0	0	0	0	0	5	0	0	0	0	0	0	0	0	0	83
LT934125.1	-	96288	95889	NOV_TX_5145	nc-EP0-2::5`-long;nc-EP0-2::5`-long	38	2	0	0	0	4	0	0	0	0	0	0	0	0	0	0	0	38	0	0	0	0	0	0	0
LT934125.1	-	96317	95889	NOV_TX_3988	nc-EP0-2::5`-long;nc-EP0-2::5`-long	94	2	0	0	0	0	0	0	0	0	0	0	0	0	0	0	0	0	0	0	0	0	46	94	0
LT934125.1	-	96324	95889	NOV_TX_3437	nc-EP0-2::5`-long;nc-EP0-2::5`-long;nc-EP0-2::5`-long	113	3	0	0	0	0	0	35	0	0	0	0	0	0	0	0	0	0	28	0	0	0	0	0	113
LT934125.1	-	96384	95889	NOV_TX_3628	EP0.10::5`-short;EP0.10::5`-short	50	2	0	0	0	0	0	0	0	0	0	0	0	0	0	0	7	0	0	0	0	0	0	0	50
LT934125.1	-	96391	95889	NOV_TX_3473	EP0.10::5`-short;EP0.10::5`-short	17	2	0	0	0	0	0	0	0	0	0	1	0	0	0	0	0	0	17	0	0	0	0	0	0
LT934125.1	-	96471	95889	NOV_TX_3438	EP0.10::5`-short;EP0.10::5`-short	76	2	0	0	0	0	0	23	0	0	0	0	0	0	0	0	0	0	0	0	0	0	0	76	0
LT934125.1	-	96536	95889	NOV_TX_3990	EP0.10::5`-short;EP0.10::5`-short;EP0.10::5`-short	19	3	0	1	0	0	0	0	0	0	0	1	0	0	0	0	0	0	0	0	0	0	19	0	0
LT934125.1	-	96555	95889	NOV_TX_5156	EP0.10::5`-short;EP0.10::5`-short	17	2	0	0	0	0	0	0	0	0	0	0	0	0	0	2	0	17	0	0	0	0	0	0	0
LT934125.1	-	96596	95889	NOV_TX_5159	EP0.10::5`-short;EP0.10::5`-short;EP0.10::5`-short;EP0.10::5`-short;EP0.10::5`-short;EP0.10::5`-short;EP0.10::5`-short;EP0.10::5`-short;EP0.10::5`-short;EP0.10::5`-short	82	10	82	0	4	0	16	34	0	0	0	0	61	0	1	0	0	0	0	32	0	0	13	64	79
LT934125.1	-	96598	95889	NOV_TX_5158	EP0.10::5`-short;EP0.10::5`-short;EP0.10::5`-short;EP0.10::5`-short	77	4	77	0	0	0	0	0	0	0	0	0	0	0	0	0	0	23	26	27	0	0	0	0	0
LT934125.1	-	96601	95889	NOV_TX_5160	EP0.10::5`-short;EP0.10::5`-short	5	2	0	0	0	0	0	0	0	5	0	0	0	0	0	1	0	0	0	0	0	0	0	0	0
LT934125.1	-	96702	95889	NOV_TX_3331	EP0.10::5`-long;EP0.10::5`-long;EP0.10::5`-long	12	3	0	1	0	0	5	12	0	0	0	0	0	0	0	0	0	0	0	0	0	0	0	0	0
LT934125.1	-	96834	95889	NOV_TX_5171	EP0.4::5`-short;EP0.4::5`-short;EP0.4::5`-short;EP0.4::5`-short	29	4	0	0	0	1	0	24	0	0	0	0	0	0	0	0	5	29	0	0	0	0	0	0	0
LT934125.1	-	96839	95889	NOV_TX_5173	EP0.4::5`-short;EP0.4::5`-short	11	2	0	0	0	0	0	0	0	0	0	0	0	0	0	0	4	0	0	0	0	11	0	0	0
LT934125.1	-	96843	95889	NOV_TX_5169	EP0.4::5`-short;EP0.4::5`-short;EP0.4::5`-short;EP0.4::5`-short	39	4	36	0	0	0	0	0	0	0	0	0	0	0	0	0	0	0	29	0	0	0	18	39	0
LT934125.1	-	96906	95889	NOV_TX_5175	EP0.4::5`-long;EP0.4::5`-long	61	2	61	0	0	0	0	0	0	0	0	0	0	0	0	0	0	0	0	0	0	0	38	0	0
LT934125.1	-	96961	95889	NOV_TX_5181	EP0.4::5`-long;EP0.4::5`-long	20	2	20	0	0	0	0	0	0	0	0	0	0	0	0	0	0	0	0	0	0	0	3	0	0
LT934125.1	-	97017	95889	NOV_TX_5183	EP0.5-S2-sp1::m;EP0.5-S2-sp1::m;EP0.5-S2-sp1::m;EP0.5-S2-sp1::m	67	4	67	0	0	0	0	0	0	0	0	0	0	0	0	0	4	6	25	0	0	0	0	0	0
LT934125.1	-	97174	95889	NOV_TX_5192	EP0.5-S-sp1::m;EP0.5-S-sp1::m;EP0.5-S-sp1::m;EP0.5-S-sp1::m;EP0.5-S-sp1::m	10	5	10	0	0	0	3	0	0	0	0	0	0	0	0	0	0	0	4	0	0	0	0	3	9
LT934125.1	-	97337	95889	NOV_TX_5203	EP0.5-sp1::m;EP0.5-sp1::m;EP0.5-sp1::m;EP0.5-sp1::m;EP0.5-sp1::m	95	5	0	0	0	0	0	0	18	16	1	17	0	0	0	0	0	0	0	0	0	95	0	0	0
LT934125.1	-	97339	95889	NOV_TX_5202	EP0.5-sp1::m;EP0.5-sp1::m;EP0.5-sp1::m;EP0.5::5`-long;EP0.5-sp1::m;EP0.5-sp1::m;EP0.5-sp1::m;EP0.5-sp1::m;EP0.5-sp1::m	65	8	0	0	0	7	22	60	0	0	0	0	25	7	16	0	8	0	0	0	0	0	65	0	0
LT934125.1	-	97361	95889	NOV_TX_5199	EP0-sp1::m;EP0-sp1::m;EP0-sp1::m;EP0-sp1::m;EP0-sp1::m;EP0-sp1::m;EP0-sp1::m;EP0-sp1::m;EP0-sp1::m;EP0-sp1::m;EP0-sp1::m;EP0-sp1::m	351	12	229	0	13	0	0	0	0	0	0	0	71	0	0	16	26	103	49	139	4	0	121	213	351
LT934125.1	-	102487	102362	NOV_TX_3889	ELIE-2::x;ELIE-2::x	58	2	0	0	0	0	0	0	0	0	0	0	0	0	0	0	0	0	0	0	43	0	58	0	0
LT934125.1	-	102502	102362	NOV_TX_3440	ELIE-2::x;ELIE-2::x	53	2	0	0	0	0	0	39	0	0	0	0	0	0	0	0	0	53	0	0	0	0	0	0	0
LT934125.1	-	102544	102362	NOV_TX_3204	ELIE-2::x;ELIE-2::x	150	2	150	0	0	0	0	0	0	0	0	0	113	0	0	0	0	0	0	0	0	0	0	0	0
LT934125.1	-	102613	102362	NOV_TX_3936	ELIE-2::x;ELIE-2::x	12	2	0	0	0	0	0	0	0	0	0	0	0	0	0	0	0	0	0	0	0	11	12	0	0
LT934125.1	-	102634	102362	NOV_TX_5218	ELIE-2::x;ELIE-2::x	12	2	0	0	0	0	0	0	0	0	0	0	0	0	0	0	0	0	12	0	4	0	0	0	0
LT934125.1	-	103119	102362	NOV_TX_3633	ELIE-2::x;ELIE-2::x	30	2	0	0	0	0	0	0	0	0	0	0	0	0	0	0	3	0	0	0	0	0	0	30	0
LT934125.1	-	103390	102362	NOV_TX_3893	ELIE-2::x;ELIE-2::x	16	2	0	0	0	0	0	0	0	0	0	0	0	0	0	0	0	0	0	0	1	0	0	16	0
LT934125.1	-	103735	102362	NOV_TX_5223	ELIE-2::x;ELIE-2::x;ELIE-2::x;ELIE-2::x;ELIE-2::x;ELIE-2::x;ELIE-2::x	12	7	11	0	0	0	0	0	0	0	0	0	6	0	0	0	1	3	0	0	0	0	2	10	12
LT934125.1	-	106605	102362	NOV_TX_5230	IE180-S::5`-short;IE180-S::5`-short;IE180-S::5`-short	7	3	3	0	0	0	0	0	0	0	0	0	3	0	0	0	0	0	0	0	0	0	0	0	7
LT934125.1	-	119058	118860	NOV_TX_5246	US4-AS1::5`-short;US4-AS1::5`-short;US4-AS1::5`-short;US4-AS1::5`-short;US4-AS1::5`-short;US4-AS1::5`-short;US4-AS1::5`-short	7	7	7	0	0	0	0	1	0	0	0	0	7	0	0	0	0	1	3	4	0	0	0	1	0
LT934125.1	-	119910	118860	NOV_TX_3206	US4-AS1::5`-short;US4-AS1::5`-short;US4-AS1::5`-short;US4-AS1::5`-short	6	4	3	0	0	0	1	3	0	0	0	0	6	0	0	0	0	0	0	0	0	0	0	0	0
LT934125.1	-	119990	118860	NOV_TX_3336	US4-AS1::5`-short;US4-AS1::5`-short	7	2	0	0	0	0	1	0	0	0	0	0	0	0	0	0	0	0	7	0	0	0	0	0	0
LT934125.1	-	119991	118860	NOV_TX_3207	US4-AS1::5`-short;US4-AS1::5`-short	82	2	82	0	0	0	0	0	0	0	0	0	0	0	0	0	0	0	0	0	0	1	0	0	0
LT934125.1	-	119992	118860	NOV_TX_3520	US4-AS1::5`-short;US4-AS1::5`-short	96	2	0	0	0	0	0	0	0	0	0	0	46	0	0	0	0	0	0	0	0	0	0	0	96
LT934125.1	-	120138	118860	NOV_TX_3337	US4-AS1::5`-short;US4-AS1::5`-short;US4-AS1::5`-short	7	3	0	0	0	0	1	0	0	0	0	0	7	0	0	0	0	0	3	0	0	0	0	0	0
LT934125.1	-	120431	118860	NOV_TX_5249	US4::x;US4::x;US4::x	6	3	5	0	0	0	0	0	0	0	0	0	6	0	0	0	0	0	0	3	0	0	0	0	0
LT934125.1	-	126881	126752	NOV_TX_5251	TRS1_2-S::5`-short;TRS1_2-S::5`-short	610	2	610	0	0	0	24	0	0	0	0	0	0	0	0	0	0	0	0	0	0	0	0	0	0
LT934125.1	-	126926	126752	NOV_TX_3212	TRS1_2-S::5`-short;TRS1_2-S::5`-short;TRS1_2-S::5`-short;TRS1_2-S::5`-short;TRS1_2-S::5`-short;TRS1_2-S::5`-short;TRS1_2-S::5`-short;TRS1_2-S::5`-short	1011	8	975	0	0	0	0	212	0	5	0	0	685	0	0	0	0	211	0	604	0	0	116	0	1011
LT934125.1	-	126945	126752	NOV_TX_5252	TRS1_2-S::5`-short;TRS1_2-S::5`-short	821	2	821	0	0	0	0	0	0	0	0	0	0	0	0	0	0	0	236	0	0	0	0	0	0
LT934125.1	-	126958	126752	NOV_TX_3937	TRS1_2-S::5`-short;TRS1_2-S::5`-short	402	2	0	0	0	0	0	0	0	0	0	0	0	0	0	0	0	0	0	0	0	10	0	402	0
LT934125.1	-	126998	126752	NOV_TX_5254	TRS1_2-S::5`-short;TRS1_2-S::5`-short;TRS1_2-S::5`-short	135	3	135	0	0	0	0	0	0	0	0	0	0	0	0	0	0	0	0	95	0	0	23	0	0
LT934125.1	-	126999	126752	NOV_TX_5255	TRS1_2-S::5`-short;TRS1_2-S::5`-short	92	2	0	0	0	0	0	0	0	0	0	0	92	0	0	0	7	0	0	0	0	0	0	0	0
LT934125.1	-	127111	126752	NOV_TX_5261	TRS1_2-L::5`-short;TRS1_2-L::5`-short	30	2	0	0	0	0	0	0	0	0	0	0	0	0	0	0	0	0	30	0	0	5	0	0	0
LT934125.1	-	127131	126752	NOV_TX_5262	TRS1_2-L::5`-long;TRS1_2-L::5`-long;TRS1_2-L::5`-long;TRS1_2-L::5`-long	220	4	220	0	0	0	0	0	0	0	0	0	204	0	0	6	20	0	0	0	0	0	0	0	0
LT934125.1	-	127176	127089	NOV_TX_5283	TRS1_2-L3::3`-short;TRS1_2-L3::3`-short	9	2	0	0	0	0	0	0	0	0	0	0	0	0	0	0	0	0	0	2	0	0	0	0	9
LT934125.1	-	127190	126752	NOV_TX_5269	TRS1_2-L3::5`-long;TRS1_2-L3::5`-long;TRS1_2-L3::5`-long	184	3	184	0	0	2	0	0	0	0	0	0	0	0	0	0	0	0	0	0	0	0	23	0	0
LT934125.1	-	127191	126752	NOV_TX_5273	TRS1_2-L3::5`-long;TRS1_2-L3::5`-long;TRS1_2-L3::5`-long	132	3	0	0	0	0	0	0	0	0	0	0	132	0	2	0	0	0	36	0	0	0	0	0	0
LT934125.1	-	127239	126752	NOV_TX_5285	TRS1_2-L3::5`-long;TRS1_2-L3::5`-long;TRS1_2-L3::5`-long	212	3	212	0	0	0	0	0	0	0	0	0	0	0	0	0	0	0	0	134	0	0	33	0	0
LT934125.1	-	127239	127089	NOV_TX_5287	TRS1_2-L3::o;TRS1_2-L3::o;TRS1_2-L3::o	41	3	8	0	0	0	0	0	0	0	0	0	0	0	0	0	0	0	0	41	0	0	12	0	0
LT934125.1	-	127240	126752	NOV_TX_5293	TRS1_2-L3::5`-long;TRS1_2-L3::5`-long	136	2	0	0	0	0	0	0	0	0	0	0	136	0	0	0	10	0	0	0	0	0	0	0	0
LT934125.1	-	127240	127089	NOV_TX_5294	TRS1_2-L3::o;TRS1_2-L3::o	15	2	0	0	0	0	0	0	0	0	0	0	15	0	0	0	2	0	0	0	0	0	0	0	0
LT934125.1	-	127242	126752	NOV_TX_5290	TRS1_2-L3::5`-long;TRS1_2-L3::5`-long	52	2	0	0	0	0	0	49	0	0	0	0	0	0	0	0	0	52	0	0	0	0	0	0	0
LT934125.1	-	127242	127089	NOV_TX_5291	TRS1_2-L3::o;TRS1_2-L3::o	9	2	0	0	0	0	0	7	0	0	0	0	0	0	0	0	0	9	0	0	0	0	0	0	0
LT934125.1	-	127248	126752	NOV_TX_5288	TRS1_2-L3::5`-long;TRS1_2-L3::5`-long	117	2	0	0	0	1	0	0	0	0	0	0	0	0	0	0	0	0	0	117	0	0	0	0	0
LT934125.1	-	127248	127089	NOV_TX_5289	TRS1_2-L3::o;TRS1_2-L3::o	29	2	0	0	0	1	0	0	0	0	0	0	0	0	0	0	0	0	0	29	0	0	0	0	0
LT934125.1	-	127254	126752	NOV_TX_5284	TRS1_2-L3::5`-long;TRS1_2-L3::5`-long	165	2	165	0	0	0	0	0	0	0	0	0	0	0	0	0	0	0	0	0	0	5	0	0	0
LT934125.1	-	127254	127089	NOV_TX_5286	TRS1_2-L3::o;TRS1_2-L3::o	10	2	10	0	0	0	0	0	0	0	0	0	0	0	0	0	0	0	0	0	0	2	0	0	0
LT934125.1	-	127286	126752	NOV_TX_5299	TRS1_2-L3::5`-long;TRS1_2-L3::5`-long;TRS1_2-L3::5`-long	312	3	312	0	0	5	0	0	0	0	0	0	0	0	0	0	0	0	0	181	0	0	0	0	0
LT934125.1	-	127286	127089	NOV_TX_5300	TRS1_2-L3::o;TRS1_2-L3::o;TRS1_2-L3::o	91	3	45	0	0	1	0	0	0	0	0	0	0	0	0	0	0	0	0	91	0	0	0	0	0
LT934125.1	-	127287	126752	NOV_TX_5303	TRS1_2-L3::5`-long;TRS1_2-L3::5`-long	65	2	0	0	0	0	0	0	0	0	0	0	65	0	0	0	11	0	0	0	0	0	0	0	0
LT934125.1	-	127287	127089	NOV_TX_5306	TRS1_2-L3::o;TRS1_2-L3::o	15	2	0	0	0	0	0	0	0	0	0	0	15	0	0	0	4	0	0	0	0	0	0	0	0
LT934125.1	-	127288	126752	NOV_TX_5304	TRS1_2-L3::5`-long;TRS1_2-L3::5`-long	293	2	0	0	0	0	0	0	0	0	0	0	56	0	0	0	0	0	0	0	0	0	0	0	293
LT934125.1	-	127288	127089	NOV_TX_5305	TRS1_2-L3::o;TRS1_2-L3::o	127	2	0	0	0	0	0	0	0	0	0	0	19	0	0	0	0	0	0	0	0	0	0	0	127
LT934125.1	-	127341	126752	NOV_TX_5302	TRS1_2-L3::5`-long;TRS1_2-L3::5`-long;TRS1_2-L3::5`-long;TRS1_2-L3::5`-long;TRS1_2-L3::5`-long;TRS1_2-L3::5`-long	243	6	243	0	0	0	0	0	0	0	0	0	128	0	0	0	0	41	0	172	0	0	0	153	218
LT934125.1	-	127341	127089	NOV_TX_5301	TRS1_2-L3::o;TRS1_2-L3::o;TRS1_2-L3::o;TRS1_2-L3::o;TRS1_2-L3::o;TRS1_2-L3::o	93	6	26	0	0	0	0	0	0	0	0	0	37	0	0	0	0	8	0	93	0	0	0	74	88
LT934125.1	-	127434	126752	NOV_TX_5313	TRS1_2-L3::5`-long;TRS1_2-L3::5`-long;TRS1_2-L3::5`-long;TRS1_2-L3::5`-long;TRS1_2-L3::5`-long;TRS1_2-L3::5`-long;TRS1_2-L3::5`-long;TRS1_2-L3::5`-long;TRS1_2-L3::5`-long	95	9	95	0	0	0	0	0	0	0	0	0	69	0	0	2	0	64	16	84	0	2	0	81	94
LT934125.1	-	127434	127089	NOV_TX_5321	TRS1_2-L3::o;TRS1_2-L3::o;TRS1_2-L3::o;TRS1_2-L3::o;TRS1_2-L3::o;TRS1_2-L3::o;TRS1_2-L3::o;TRS1_2-L3::o	25	8	7	0	0	0	0	0	0	0	0	0	12	0	0	0	0	4	9	24	0	1	0	15	25
LT934125.1	-	127490	126752	NOV_TX_5334	TRS1_2-L3::5`-long;TRS1_2-L3::5`-long;TRS1_2-L3::5`-long	41	3	35	0	0	0	0	0	0	0	0	0	41	0	0	0	1	0	0	0	0	0	0	0	0
LT934125.1	-	127490	127089	NOV_TX_5335	TRS1_2-L3::o;TRS1_2-L3::o;TRS1_2-L3::o	9	3	4	0	0	0	0	0	0	0	0	0	9	0	0	0	2	0	0	0	0	0	0	0	0
LT934125.1	-	127580	126752	NOV_TX_5340	TRS1_2-L3::5`-long;TRS1_2-L3::5`-long	74	2	74	0	0	0	0	0	0	0	0	0	0	0	0	0	0	51	0	0	0	0	0	0	0
LT934125.1	-	127580	127089	NOV_TX_5342	TRS1_2-L3::o;TRS1_2-L3::o	11	2	11	0	0	0	0	0	0	0	0	0	0	0	0	0	0	10	0	0	0	0	0	0	0
LT934125.1	-	127595	126752	NOV_TX_5341	TRS1_2-L3::5`-long;TRS1_2-L3::5`-long;TRS1_2-L3::5`-long	57	3	56	0	0	2	0	0	0	0	0	0	0	0	0	0	0	0	0	57	0	0	0	0	0
LT934125.1	-	127595	127089	NOV_TX_5343	TRS1_2-L3::o;TRS1_2-L3::o	13	2	4	0	0	0	0	0	0	0	0	0	0	0	0	0	0	0	0	13	0	0	0	0	0
LT934125.1	-	127597	126752	NOV_TX_5348	TRS1_2-L3::5`-long;TRS1_2-L3::5`-long;TRS1_2-L3::5`-long;TRS1_2-L3::5`-long;TRS1_2-L3::5`-long	62	5	0	0	0	0	0	0	0	0	0	0	9	0	0	0	0	0	0	7	0	0	13	61	62
LT934125.1	-	127597	127089	NOV_TX_5349	TRS1_2-L3::o;TRS1_2-L3::o;TRS1_2-L3::o;TRS1_2-L3::o;TRS1_2-L3::o	20	5	0	0	0	0	0	0	0	0	0	0	4	0	0	0	0	0	0	4	0	0	2	20	18
LT934125.1	-	127641	126752	NOV_TX_5361	TRS1_2-L3::5`-long;TRS1_2-L3::5`-long	44	2	44	0	0	0	0	0	0	0	0	0	21	0	0	0	0	0	0	0	0	0	0	0	0
LT934125.1	-	127641	127089	NOV_TX_5364	TRS1_2-L3::o;TRS1_2-L3::o	7	2	2	0	0	0	0	0	0	0	0	0	7	0	0	0	0	0	0	0	0	0	0	0	0
LT934125.1	-	127643	126752	NOV_TX_5369	TRS1_2-L3::5`-long;TRS1_2-L3::5`-long	30	2	0	0	0	0	0	0	0	0	0	0	0	0	0	0	0	0	0	30	0	0	4	0	0
LT934125.1	-	127643	127089	NOV_TX_5370	TRS1_2-L3::o;TRS1_2-L3::o	10	2	0	0	0	0	0	0	0	0	0	0	0	0	0	0	0	0	0	10	0	0	1	0	0
LT934125.1	-	127645	126752	NOV_TX_5362	TRS1_2-L3::5`-long;TRS1_2-L3::5`-long;TRS1_2-L3::5`-long;TRS1_2-L3::5`-long;TRS1_2-L3::5`-long;TRS1_2-L3::5`-long	53	6	19	0	0	0	0	0	0	0	0	0	9	0	0	0	0	0	0	14	0	0	2	40	53
LT934125.1	-	127645	127089	NOV_TX_5363	TRS1_2-L3::o;TRS1_2-L3::o;TRS1_2-L3::o;TRS1_2-L3::o;TRS1_2-L3::o;TRS1_2-L3::o	16	6	2	0	0	0	0	0	0	0	0	0	9	0	0	0	0	0	0	7	0	0	3	16	15
LT934125.1	-	127743	126752	NOV_TX_5381	TRS1_2-L3::5`-long;TRS1_2-L3::5`-long	26	2	26	0	0	0	0	0	0	0	0	0	14	0	0	0	0	0	0	0	0	0	0	0	0
LT934125.1	-	127743	127089	NOV_TX_5383	TRS1_2-L3::o;TRS1_2-L3::o	6	2	6	0	0	0	0	0	0	0	0	0	5	0	0	0	0	0	0	0	0	0	0	0	0
LT934125.1	-	127754	126752	NOV_TX_5382	TRS1_2-L3::5`-long;TRS1_2-L3::5`-long;TRS1_2-L3::5`-long;TRS1_2-L3::5`-long;TRS1_2-L3::5`-long;TRS1_2-L3::5`-long;TRS1_2-L3::5`-long	52	7	37	0	0	0	0	0	0	0	0	0	26	0	0	2	0	0	0	39	0	0	7	44	52
LT934125.1	-	127754	127089	NOV_TX_5384	TRS1_2-L3::o;TRS1_2-L3::o;TRS1_2-L3::o;TRS1_2-L3::o;TRS1_2-L3::o;TRS1_2-L3::o	18	6	5	0	0	0	0	0	0	0	0	0	9	0	0	0	0	0	0	12	0	0	1	13	18
LT934125.1	-	127797	126752	NOV_TX_3454	TRS1_2-L3::5`-long;TRS1_2-L3::5`-long	22	2	0	0	0	0	0	22	0	0	0	0	0	0	0	0	0	0	10	0	0	0	0	0	0
LT934125.1	-	127823	126752	NOV_TX_5389	TRS1_2-L3::5`-long;TRS1_2-L3::5`-long;TRS1_2-L3::5`-long	54	3	54	0	0	0	0	0	0	0	0	0	23	0	0	0	0	0	0	0	0	0	4	0	0
LT934125.1	-	127823	127089	NOV_TX_5390	nc-US1_2::5`-short;nc-US1_2::5`-short	10	2	7	0	0	0	0	0	0	0	0	0	10	0	0	0	0	0	0	0	0	0	0	0	0
LT934125.1	-	127824	126752	NOV_TX_5391	TRS1_2-L3::5`-long;TRS1_2-L3::5`-long	8	2	0	0	0	1	0	0	0	0	0	0	0	0	0	0	0	0	0	8	0	0	0	0	0
LT934125.1	-	127873	126752	NOV_TX_5394	TRS1_2-L3::5`-long;TRS1_2-L3::5`-long;TRS1_2-L3::5`-long;TRS1_2-L3::5`-long	50	4	50	0	0	3	0	0	0	0	0	0	0	0	0	0	0	0	0	31	0	0	7	0	0
LT934125.1	-	127873	127089	NOV_TX_5395	nc-US1_2::5`-short;nc-US1_2::5`-short;nc-US1_2::5`-short	13	3	5	0	0	0	0	0	0	0	0	0	0	0	0	0	0	0	0	13	0	0	1	0	0
LT934125.1	-	127874	126752	NOV_TX_5396	TRS1_2-L3::5`-long;TRS1_2-L3::5`-long	23	2	0	0	0	0	0	0	0	0	0	0	23	0	0	0	2	0	0	0	0	0	0	0	0
LT934125.1	-	127876	126752	NOV_TX_3637	TRS1_2-L3::5`-long;TRS1_2-L3::5`-long;TRS1_2-L3::5`-long	7	3	0	0	0	0	0	0	0	0	0	0	0	0	0	1	2	0	7	0	0	0	0	0	0
LT934125.1	-	127902	126752	NOV_TX_3213	TRS1_2-L3::5`-long;TRS1_2-L3::5`-long;TRS1_2-L3::5`-long;TRS1_2-L3::5`-long;TRS1_2-L3::5`-long;TRS1_2-L3::5`-long;TRS1_2-L3::5`-long;TRS1_2-L3::5`-long	180	8	131	0	0	0	7	0	0	0	0	0	122	0	0	0	0	43	0	113	0	0	26	149	180
LT934125.1	-	127902	127089	NOV_TX_3214	nc-US1_2::5`-short;nc-US1_2::5`-short;nc-US1_2::5`-short;nc-US1_2::5`-short;nc-US1_2::5`-short;nc-US1_2::5`-short;nc-US1_2::5`-short	40	7	5	0	0	0	0	0	0	0	0	0	8	0	0	0	0	3	0	24	0	0	10	32	40
LT934125.1	-	127958	126752	NOV_TX_3727	TRS1_2-L3::5`-long;TRS1_2-L3::5`-long;TRS1_2-L3::5`-long;TRS1_2-L3::5`-long;US1_2-splice::c;US1_2-splice::c;US1_2-splice::c;US1_2-splice::c;US1_2-splice::c;US1_2-splice::c	22	6	0	0	0	2	0	0	0	0	0	0	0	0	0	0	2	9	0	21	0	0	0	21	22
LT934125.1	-	127958	127089	NOV_TX_3882	nc-US1_2::5`-short;nc-US1_2::5`-short;nc-US1_2::5`-short;nc-US1_2::5`-short	6	4	0	0	0	0	0	0	0	0	0	0	0	0	0	0	0	4	0	6	0	0	0	4	5
LT934125.1	-	127992	126752	NOV_TX_5402	US1_2-splice::c;US1_2-splice::c;US1_2-splice::c	54	3	54	0	0	0	0	0	0	0	0	0	37	0	0	0	0	0	0	0	0	0	6	0	0
LT934125.1	-	127992	127089	NOV_TX_5403	nc-US1_2::5`-short;nc-US1_2::5`-short	5	2	4	0	0	0	0	0	0	0	0	0	5	0	0	0	0	0	0	0	0	0	0	0	0
LT934125.1	-	128155	126752	NOV_TX_3728	US1_2-splice::c;US1_2-splice::c;US1_2-splice::c	32	3	0	0	0	0	0	0	0	0	0	0	0	0	0	0	0	10	0	0	0	0	0	32	22
LT934125.1	-	128181	126752	NOV_TX_3883	US1_2-splice::c;US1_2-splice::c	38	2	0	0	0	0	0	0	0	0	0	0	0	0	0	0	0	0	0	38	0	1	0	0	0
LT934125.1	-	128231	126752	NOV_TX_5411	US1_2-splice::c;US1_2-splice::c	38	2	38	0	0	2	0	0	0	0	0	0	0	0	0	0	0	0	0	0	0	0	0	0	0
LT934125.1	-	128242	126752	NOV_TX_5410	US1_2-splice::c;US1_2-splice::c;US1_2-splice::c;US1_2-splice::c;US1_2-splice::c;US1_2-splice::c	150	6	150	0	0	0	8	0	0	0	0	0	113	0	0	0	0	92	0	111	0	0	0	0	92
LT934125.1	-	128242	127089	NOV_TX_5412	nc-US1_2::5`-short;nc-US1_2::5`-short;nc-US1_2::5`-short;nc-US1_2::5`-short;nc-US1_2::5`-short;nc-US1_2::5`-short	12	6	2	0	0	0	1	0	0	0	0	0	7	0	0	0	0	7	0	12	0	0	0	0	12
LT934125.1	-	128253	126752	NOV_TX_3457	US1_2-splice::o;US1_2-splice::c;US1_2-splice::o;US1_2-splice::c;US1_2-splice::e;US1_2-splice::o;US1_2-splice::c;US1_2-splice::o;US1_2-splice::c	165	4	0	0	0	0	0	65	0	0	0	0	0	0	0	0	0	0	44	0	0	0	38	165	0
LT934125.1	-	128253	127089	NOV_TX_3458	nc-US1_2::5`-short;nc-US1_2::5`-short;nc-US1_2::5`-short;nc-US1_2::5`-short	13	4	0	0	0	0	0	3	0	0	0	0	0	0	0	0	0	0	2	0	0	0	1	13	0
LT934125.1	-	128732	126752	NOV_TX_5416	US1_2-splice::m;US1_2-splice::m;US1_2-splice::m;US1_2-splice::m;US1_2-splice::m;US1_2-splice::m;US1_2-splice::m;US1_2-splice::m;US1_2-splice::m	8	9	2	0	0	0	0	3	0	0	0	0	1	0	0	0	0	1	0	4	0	1	3	6	8
LT934125.1	-	128732	127089	NOV_TX_5417	nc-US1_2::5`-long;nc-US1_2::5`-long;nc-US1_2::5`-long;nc-US1_2::5`-long;nc-US1_2::5`-long;nc-US1_2::5`-long;nc-US1_2::5`-long;nc-US1_2::5`-long	11	8	1	0	0	0	0	2	0	0	0	0	1	0	0	0	1	0	0	6	0	0	4	5	11
LT934125.1	-	135016	134890	NOV_TX_3521	NOIR_2-1S4-2::5`-short;NOIR_2-1S4-2::5`-short;NOIR_2-1S4-2::c	67	2	0	0	0	0	0	0	0	0	0	0	67	0	0	0	0	22	0	0	0	0	0	0	0
LT934125.1	-	135037	134890	NOV_TX_3460	NOIR_2-1S4-2::5`-short;NOIR_2-1S4-2::c;NOIR_2-1S4-2::5`-short	15	2	0	0	0	0	0	15	0	0	0	0	0	0	0	0	8	0	0	0	0	0	0	0	0
LT934125.1	-	135094	134890	NOV_TX_3219	NOIR_2-1S4-2::5`-short;NOIR_2-1S4-2::5`-short	31	2	31	0	0	0	0	10	0	0	0	0	0	0	0	0	0	0	0	0	0	0	0	0	0
LT934125.1	-	135369	134890	NOV_TX_5427	NOIR_2-1S4-2::5`-short;NOIR_2-1S4-2::c;NOIR_2-1S4-2::5`-short	25	2	0	0	0	0	0	0	0	0	0	0	25	0	0	1	0	0	0	0	0	0	0	0	0
LT934125.1	-	135405	134890	NOV_TX_5430	NOIR_2-1S4-2::5`-short;NOIR_2-1S4-2::c;NOIR_2-1S4-2::5`-short;NOIR_2-1S4-2::c	61	2	0	0	0	0	0	0	0	0	0	0	0	0	0	0	0	0	0	48	0	0	0	61	0
LT934125.1	-	135407	134890	NOV_TX_5429	NOIR_2-1S4-2::5`-short;NOIR_2-1S4-2::5`-short;NOIR_2-1S4-2::5`-short;NOIR_2-1S4-2::c;NOIR_2-1S4-2::5`-short;NOIR_2-1S4-2::5`-short;NOIR_2-1S4-2::c;NOIR_2-1S4-2::5`-short;NOIR_2-1S4-2::5`-short;NOIR_2-1S4-2::c;NOIR_2-1S4-2::5`-short;NOIR_2-1S4-2::5`-short;NOIR_2-1S4-2::c	71	9	14	0	0	0	0	8	0	0	0	0	50	0	0	0	8	20	9	66	0	0	5	0	71
LT934125.1	-	135465	134890	NOV_TX_5432	NOIR_2-1S4-2::5`-short;NOIR_2-1S4-2::5`-short	80	2	9	0	0	0	0	0	0	0	0	0	0	0	0	0	0	0	0	0	0	0	0	0	80
LT934125.1	-	135497	134890	NOV_TX_4049	NOIR_2-1S4-2::5`-short;NOIR_2-1S4-2::5`-short;NOIR_2-1S4-2::~	72	2	0	0	0	0	0	0	0	0	0	0	0	0	0	0	0	0	0	0	0	3	0	72	0
LT934125.1	-	135531	134890	NOV_TX_3522	NOIR_2-1S4-2::5`-short;NOIR_2-1S4-2::~;NOIR_2-1S4-2::5`-short;NOIR_2-1S4-2::5`-short	28	3	0	0	0	0	0	0	0	0	0	0	19	0	0	0	0	0	0	20	0	0	0	0	28
LT934125.1	-	135666	134890	NOV_TX_3886	NOIR_2-1S4-2::5`-long;NOIR_2-1S4-2::5`-long;NOIR_2-1S4-2::5`-long;NOIR_2-1S4-2::5`-long;NOIR_2-1S4-2::5`-long;NOIR_2-1S4-2::5`-long;NOIR_2-1S4-2::5`-long;NOIR_2-1S4-2::5`-long	54	8	1	0	0	0	1	0	0	0	0	0	21	0	0	0	0	6	8	54	0	0	0	23	25
LT934125.1	-	135726	134890	NOV_TX_3463	NOIR_2-1S4-2::5`-long;NOIR_2-1S4-2::5`-long;NOIR_2-1S4-2::5`-long;NOIR_2-1S4-2::5`-long;NOIR_2-1S4-2::5`-long;NOIR_2-1S4-2::~;NOIR_2-1S4-2::~	50	5	0	0	0	0	0	2	0	0	0	0	20	0	0	0	8	0	0	50	0	0	0	0	47
LT934125.1	-	135748	134890	NOV_TX_3571	NOIR_2-1S4-2::5`-long;NOIR_2-1S4-2::5`-long	7	2	0	0	0	0	0	0	0	0	0	0	0	0	0	2	0	0	7	0	0	0	0	0	0
LT934125.1	-	135778	134890	NOV_TX_3523	NOIR_2-1S3-2::5`-short;NOIR_2-1S3-2::5`-short	12	2	0	0	0	0	0	0	0	0	0	0	12	0	0	0	0	2	0	0	0	0	0	0	0
LT934125.1	-	135963	134890	NOV_TX_3342	NOIR_2-1S3-2::5`-long;NOIR_2-1S3-2::5`-long	12	2	0	0	0	0	3	0	0	0	0	0	12	0	0	0	0	0	0	0	0	0	0	0	0
LT934125.1	-	136045	134890	NOV_TX_5441	NOIR_2-1S2-2::5`-short;NOIR_2-1S2-2::5`-short	6	2	1	0	0	0	0	0	0	0	0	0	0	0	0	0	0	0	0	6	0	0	0	0	0
LT934125.1	-	136047	134890	NOV_TX_5440	NOIR_2-1S2-2::5`-short;NOIR_2-1S2-2::5`-short;NOIR_2-1S2-2::5`-short;NOIR_2-1S2-2::5`-short;NOIR_2-1S2-2::5`-short	15	5	4	0	0	0	0	1	0	0	0	0	0	0	0	0	0	2	0	13	0	0	0	0	15
LT934125.1	-	136234	134890	NOV_TX_5446	NOIR_2-1M-2::5`-short;NOIR_2-1M-2::3`-short;NOIR_2-1M-splice-2::m;NOIR_2-1M-splice-2::m;NOIR_2-1M-2::3`-short	5	2	0	0	0	0	4	0	0	0	0	0	0	0	0	0	0	5	0	0	0	0	0	0	0
LT934125.1	-	136235	134890	NOV_TX_5445	NOIR_2-1M-2::3`-short;NOIR_2-1M-2::3`-short;NOIR_2-1M-splice-2::m;NOIR_2-1M-2::3`-short;NOIR_2-1M-splice-2::m;NOIR_2-1M-2::3`-short;NOIR_2-1M-splice-2::m;NOIR_2-1M-2::3`-short;NOIR_2-1M-2::3`-short;NOIR_2-1M-2::3`-short;NOIR_2-1M-splice-2::m;NOIR_2-1M-2::3`-short;NOIR_2-1M-splice-2::m;NOIR_2-1M-2::3`-short	28	9	5	0	0	0	0	3	0	0	0	0	8	0	0	0	0	0	1	13	0	1	2	19	28
LT934125.1	-	136295	134890	NOV_TX_5449	NOIR_2-1L-2::5`-long;NOIR_2-1L-2::5`-long;NOIR_2-1L-2::5`-long;NOIR_2-1L-2::~;NOIR_2-1L-2::5`-long;NOIR_2-1L-2::3`-short;NOIR_2-1L-2::~;NOIR_2-1L-2::5`-long;NOIR_2-1L-2::5`-long;NOIR_2-1L-2::3`-short;NOIR_2-1L-2::~	34	6	0	0	0	0	0	3	0	0	0	0	0	0	0	0	0	5	4	0	0	0	11	25	34
LT934125.1	-	136297	134890	NOV_TX_5450	NOIR_2-1L-2::5`-long;NOIR_2-1L-2::5`-long	8	2	0	0	0	0	0	0	0	0	0	0	8	0	0	0	2	0	0	0	0	0	0	0	0
LT934125.1	-	136546	134890	NOV_TX_3730	NOIR_2-1L3-2::5`-long;NOIR_2-1L3-2::5`-long;NOIR_2-1L3-2::5`-long;NOIR_2-1L3-2::5`-long	6	4	0	0	0	0	0	0	0	0	0	0	0	0	0	0	0	2	1	0	0	0	0	3	6
LT934125.1	-	136682	134890	NOV_TX_3524	NOIR_2-1L3-2::5`-long;NOIR_2-1L3-2::5`-long	6	2	0	0	0	0	0	0	0	0	0	0	1	0	0	0	0	0	0	0	0	0	0	0	6
