sample	cluster_id	chr	strand	cluster_start	cluster_end	peak_pos	gamma_TSS	gamma_shape	gamma_rate	sn_TSS	sn_location	sn_scale	sn_skew	cluster_width
C6_12h	1	LT934125.1	+	779	782	779	782	26.3596518916215	10.1382644319974					4
C6_12h	2	LT934125.1	+	965	990	990								26
C6_12h	3	LT934125.1	+	1334	1351	1337	1340	2.2651298104819	0.369838241727696	1338	0.789525106573821	2.91539130337435	0.995149676118656	18
C6_12h	4	LT934125.1	+	1600	1604	1600	1603	32.3853457666932	10.6990351381222	1601	1.24096215511716	0.957518370155761	0.995149676118656	5
C6_12h	5	LT934125.1	+	1880	1892	1880								13
C6_12h	7	LT934125.1	+	4632	4635	4632	4634	6.68687154953952	2.57173411554713	4633	1.34036617052899	1.27791037465962	-0.995149676118656	4
C6_12h	8	LT934125.1	+	7569	7596	7588	7591	4.84294130238931	1.34072842524779	7590	1.59929348950895	2.79259960832302	-0.270660957345591	28
C6_12h	9	LT934125.1	+	7811	7811	7811								1
C6_12h	10	LT934125.1	+	9107	9114	9113								8
C6_12h	11	LT934125.1	+	9267	9270	9270								4
C6_12h	12	LT934125.1	+	9640	9650	9646	9647	3.01086789319237	1.35030046095062	9645	-0.834620463044895	1.72817253428622	-0.103446455405933	11
C6_12h	13	LT934125.1	+	10046	10089	10075	10085	12.1725978067474	1.07006984506201	10071	-4.23644046034422	13.9884089555736	-0.995149676118656	44
C6_12h	14	LT934125.1	+	10252	10252	10252								1
C6_12h	15	LT934125.1	+	10431	10435	10431	10434	11.2438801480065	3.48403640665544					5
C6_12h	16	LT934125.1	+	11788	11798	11793	11795	2.70338119843001	0.994327269149425	11793	-0.0288456608072209	2.08728749704658	0.413622015370599	11
C6_12h	21	LT934125.1	+	14042	14051	14048	14050	7.80107268416289	3.05871711509202					10
C6_12h	22	LT934125.1	+	14352	14379	14352	14373	16.1441964485822	0.725562810197828	14367	14.9572818625885	9.26207239230237	-0.995149676118656	28
C6_12h	23	LT934125.1	+	14457	14457	14457								1
C6_12h	24	LT934125.1	+	14546	14560	14560				14554	-6.01951913191975	4.64332172869579	-0.995149676118656	15
C6_12h	25	LT934125.1	+	14670	14676	14670	14673	4.3779595395768	1.12259208851116	14672	1.98519737601031	1.53101395591571	0.995149676118656	7
C6_12h	26	LT934125.1	+	14910	14953	14930	14944	5.90658043282615	0.354420533353358	14928	-1.69057759203634	14.0806887079233	0.995149676118656	44
C6_12h	27	LT934125.1	+	15170	15287	15170	15201	1.91976582893109	0.0293813044969272	15227	57.2834421264795	41.8488291423315	0.00567959291235582	118
C6_12h	28	LT934125.1	+	15597	15655	15618	15636	3.26819361977881	0.126047587023391	15622	3.62011814988897	18.8595045529661	0.995149676118656	59
C6_12h	29	LT934125.1	+	15748	15750	15750								3
C6_12h	30	LT934125.1	+	15962	15962	15962								1
C6_12h	31	LT934125.1	+	19079	19079	19079								1
C6_12h	34	LT934125.1	+	25157	25168	25157	25160	1.79472421822782	0.261041902958018	25162	4.99102620097328	3.84261755606575	0.995149676118656	12
C6_12h	35	LT934125.1	+	25420	25422	25420								3
C6_12h	38	LT934125.1	+	29338	29338	29338								1
C6_12h	39	LT934125.1	+	29464	29468	29468				29466	-1.9415225810726	1.58116502418762	0.995149676118656	5
C6_12h	40	LT934125.1	+	30235	30244	30240	30241	2.99490765024953	1.37279804532024					10
C6_12h	42	LT934125.1	+	30932	30932	30932								1
C6_12h	43	LT934125.1	+	31093	31098	31098								6
C6_12h	45	LT934125.1	+	31507	31507	31507								1
C6_12h	46	LT934125.1	+	31678	31690	31678				31683	5.15958781500773	3.97999004366162	0.995149676118656	13
C6_12h	47	LT934125.1	+	31859	31859	31859								1
C6_12h	48	LT934125.1	+	31994	32040	32038	32039	8.81826643168431	5.75049918783797	32037	-1.05890022412321	1.436839142475	-0.828334039960325	47
C6_12h	49	LT934125.1	+	32140	32214	32167	32175	1.7169405483158	0.0908579549082517	32173	5.9033492966919	16.8236647550101	0.5244914450203	75
C6_12h	50	LT934125.1	+	33088	33088	33088								1
C6_12h	51	LT934125.1	+	33584	33620	33584	33604	5.32438307778597	0.214058722657145	33599	15.4966258914124	11.9364381129777	0.995149676118656	37
C6_12h	52	LT934125.1	+	34749	34749	34749								1
C6_12h	53	LT934125.1	+	34854	34854	34854								1
C6_12h	55	LT934125.1	+	44807	44814	44812	44813	9.2062833969563	5.82054731969877					8
C6_12h	60	LT934125.1	+	46005	46029	46024	46025	2.88842319306916	1.2696167679212	46024	-0.0297461868131877	2.95918452597423	-0.612639887278208	25
C6_12h	61	LT934125.1	+	46233	46243	46234	46235	1.586163953253	0.392024571103562	46236	2.01841300467104	2.32146398304229	0.995149676118656	11
C6_12h	63	LT934125.1	+	47315	47319	47315	47317	11.0631043062046	4.78402879098714	47316	1.41209127437939	1.08752749659933	0.995149676118656	5
C6_12h	64	LT934125.1	+	47570	47570	47570								1
C6_12h	66	LT934125.1	+	48069	48069	48069								1
C6_12h	67	LT934125.1	+	48362	48388	48362	48371	2.35976141957405	0.143729644161401	48374	12.0703059171128	9.28354610860297	0.995149676118656	27
C6_12h	68	LT934125.1	+	48494	48571	48567	48570	15.5447849020974	5.34751792274632					78
C6_12h	69	LT934125.1	+	48757	48815	48794	48797	1.38084152735788	0.112381174485405	48780	-13.543454510811	17.9667139240054	0.995149676118656	59
C6_12h	70	LT934125.1	+	48856	48933	48931				48899	-31.845130049104	25.8856531904392	-0.995149676118656	78
C6_12h	71	LT934125.1	+	49175	49196	49196				49187	-9.36012891775621	7.20900436943263	-0.995149676118656	22
C6_12h	72	LT934125.1	+	49501	49503	49501								3
C6_12h	74	LT934125.1	+	51231	51239	51235	51237	8.78322288509285	3.96257897091175	51236	0.816583840593818	1.35198870735793	-0.0264463386389401	9
C6_12h	75	LT934125.1	+	51690	51690	51690								1
C6_12h	76	LT934125.1	+	52440	52484	52460	52458	0.812837398115543	0.0942320379908769	52456	-4.03149370174138	8.28483572568729	-0.329226511805343	45
C6_12h	77	LT934125.1	+	52684	52703	52684								20
C6_12h	79	LT934125.1	+	53641	53652	53648	53650	3.15440512620733	1.18279931118835					12
C6_12h	80	LT934125.1	+	53902	53931	53902	53910	1.78077182492294	0.0998600883486665	53914	12.2752199685942	9.45626708412785	0.995149676118656	30
C6_12h	81	LT934125.1	+	54332	54375	54375				54355	-20.4544476030483	15.770324013147	-0.00383424726792279	44
C6_12h	82	LT934125.1	+	54470	54520	54475	54495	3.84493085755246	0.139221309521642	54488	12.5418881494125	13.4623207146936	0.995149676118656	51
C6_12h	83	LT934125.1	+	54668	54679	54668	54676	12.9895764892276	1.51543889282008	54673	5.45470366112053	4.51997383482845	-0.0102143422246486	12
C6_12h	84	LT934125.1	+	54926	54938	54926	54936	18.4647479777857	1.71768049054506	54933	6.53306113802827	5.02992405708648	0.995149676118656	13
C6_12h	85	LT934125.1	+	55038	55046	55038								9
C6_12h	86	LT934125.1	+	55303	55355	55303	55314	1.70304134084653	0.0615223695160496	55324	20.5488278651926	15.8208183468149	0.995149676118656	53
C6_12h	87	LT934125.1	+	55474	55514	55497				55489	-8.35061895734751	11.2465427587787	0.995149676118656	41
C6_12h	88	LT934125.1	+	55706	55742	55712	55713	1.09166078235454	0.0613051877724093	55722	9.53654724412726	11.8599837447241	0.995149676118656	37
C6_12h	89	LT934125.1	+	55869	55875	55869	55871	3.27670023835733	0.995452943887949	55872	2.56892039315711	1.97421426387227	0.995149676118656	7
C6_12h	90	LT934125.1	+	55998	56035	56000	56003	1.24891207627591	0.0854125946052223	56011	11.3194312882651	10.2022495082876	0.995149676118656	38
C6_12h	91	LT934125.1	+	57001	57001	57001								1
C6_12h	93	LT934125.1	+	58892	58898	58898				58895	-2.94214906986858	2.3460709409548	0.995149676118656	7
C6_12h	94	LT934125.1	+	59038	59074	59068	59070	4.01544279810732	1.37669130452937	59059	-8.87770587955072	11.3616108257373	-0.995149676118656	37
C6_12h	97	LT934125.1	+	60232	60262	60234	60232	0.81056433165704	0.116584957644012	60239	5.22936713996695	5.54275629478521	0.995149676118656	31
C6_12h	98	LT934125.1	+	61076	61076	61076								1
C6_12h	99	LT934125.1	+	61687	61687	61687								1
C6_12h	100	LT934125.1	+	61928	61973	61939	61944	1.36803071349909	0.0784113569542453	61946	7.41428973174066	14.1413819868748	0.995149676118656	46
C6_12h	102	LT934125.1	+	65805	65809	65807				65806	-0.576635758186686	1.16762983614191	0.105035189033967	5
C6_12h	104	LT934125.1	+	66335	66345	66338	66341	6.11171461789547	1.94097484959077	66339	0.991200341943331	1.60066920209877	0.716557197113851	11
C6_12h	108	LT934125.1	+	68367	68372	68372				68370	-2.44444505378314	2.26623095945182	0.000509763608903154	6
C6_12h	110	LT934125.1	+	68667	68692	68667	68666	0.953638550849327	0.0770452149070204	68675	8.18610482449751	6.31309534461342	0.995149676118656	26
C6_12h	111	LT934125.1	+	68873	68873	68873								1
C6_12h	112	LT934125.1	+	69237	69249	69244	69245	2.70892122407674	1.20395752052537	69242	-1.52616241446452	3.49377262388141	-0.717709267673655	13
C6_12h	113	LT934125.1	+	69552	69567	69552	69556	1.78032070208014	0.213618890363194	69558	5.69317975059569	4.38761552263607	0.995149676118656	16
C6_12h	114	LT934125.1	+	69755	69821	69765	69777	1.57904770937664	0.049389617362714	69785	19.7044606293643	20.4817138437061	0.948681404662701	67
C6_12h	115	LT934125.1	+	70090	70091	70090								2
C6_12h	116	LT934125.1	+	70311	70324	70311	70319	6.48312714691262	0.659280858896345	70316	5.01004340829906	3.86314285619914	0.995149676118656	14
C6_12h	117	LT934125.1	+	70525	70534	70531	70533	8.40186049739471	3.35088127026839	70530	-0.740421157114492	1.1290171784929	0.0903572269191895	10
C6_12h	118	LT934125.1	+	70767	70828	70767	70781	1.76668205390871	0.055614621377021	70796	28.5128204992637	19.8531426092742	1.75995781653153e-05	62
C6_12h	119	LT934125.1	+	70873	70873	70873								1
C6_12h	120	LT934125.1	+	71022	71067	71022	71040	2.44587291384444	0.0796863196192929	71045	23.0764972673609	16.8157275175735	-0.995149676118656	46
C6_12h	121	LT934125.1	+	71179	71278	71185	71182	0.910239545137787	0.02827592125167	71213	28.1814590515746	26.0886543102199	0.995149676118656	100
C6_12h	122	LT934125.1	+	71314	71350	71328	71342	4.29929984223681	0.242898614840179	71331	2.59989272899307	12.7371524296985	0.995149676118656	37
C6_12h	124	LT934125.1	+	72758	72763	72759	72762	4.91303627381686	1.44765314351162					6
C6_12h	126	LT934125.1	+	74386	74408	74402	74404	2.37855381269686	0.714240808203843	74402	-0.393931443695917	1.91144815028604	0.356729815281258	23
C6_12h	128	LT934125.1	+	75133	75139	75133				75136	2.98250495037395	2.29905156095604	0.995149676118656	7
C6_12h	129	LT934125.1	+	75371	75382	75382				75377	-5.22097418091563	4.44274937615309	0.995149676118656	12
C6_12h	130	LT934125.1	+	75653	75653	75653								1
C6_12h	131	LT934125.1	+	76677	76687	76683	76685	16.6328082320419	7.78185510412405	76683	0.472996665011069	1.67341795346722	-0.550808977688413	11
C6_12h	132	LT934125.1	+	76990	76992	76990								3
C6_12h	133	LT934125.1	+	78035	78083	78044	78047	1.2264255812321	0.0842698824597784	78043	-1.32802361941135	5.88617076921684	0.995149676118656	49
C6_12h	138	LT934125.1	+	79437	79454	79444	79445	1.66970334265154	0.450927968909918					18
C6_12h	139	LT934125.1	+	79781	79786	79781				79784	2.5	2.5	-4.87229304521212e-16	6
C6_12h	140	LT934125.1	+	81082	81082	81082								1
C6_12h	141	LT934125.1	+	81436	81455	81436	81448	6.4228556400655	0.435373208309806	81444	7.59231045154916	5.85407016611096	0.995149676118656	20
C6_12h	142	LT934125.1	+	81829	81829	81829								1
C6_12h	143	LT934125.1	+	83792	83792	83792								1
C6_12h	144	LT934125.1	+	83975	83978	83975	83977	10.1035217449898	3.67408773815559	83976	1.20832829100419	0.9321599349278	0.995149676118656	4
C6_12h	145	LT934125.1	+	84635	84645	84645								11
C6_12h	146	LT934125.1	+	85996	85996	85996								1
C6_12h	147	LT934125.1	+	86229	86282	86278				86260	-18.0170068400549	16.8841284757771	-0.995149676118656	54
C6_12h	149	LT934125.1	+	88883	88888	88883	88886	3.50089278990635	0.921275355173352	88885	2.41807992758923	1.8622358209283	0.995149676118656	6
C6_12h	152	LT934125.1	+	89876	89889	89883	89886	2.83267098987677	0.643830188066191	89883	0.0589914350241303	4.06567347447652	-0.4463936179903	14
C6_12h	154	LT934125.1	+	90381	90381	90381								1
C6_12h	155	LT934125.1	+	90699	90732	90699	90723	8.58940507251482	0.320111294794577	90717	18.4052976039895	11.2227152647911	-0.995149676118656	34
C6_12h	156	LT934125.1	+	91409	91415	91409	91412	7.14374014439249	2.38137232402511	91411	1.75012642375287	1.34839933443954	0.995149676118656	7
C6_12h	157	LT934125.1	+	91545	91548	91548								4
C6_12h	158	LT934125.1	+	92284	92288	92288								5
C6_12h	159	LT934125.1	+	92421	92456	92453	92455	5.57580860046797	2.23040183047286	92444	-8.97303904382269	9.19198703038029	-0.995149676118656	36
C6_12h	161	LT934125.1	+	95750	95750	95750								1
C6_12h	164	LT934125.1	+	96885	96885	96885								1
C6_12h	165	LT934125.1	+	98464	98464	98464								1
C6_12h	166	LT934125.1	+	99576	99576	99576								1
C6_12h	174	LT934125.1	+	106596	106601	106601				106599	-2.24910766573784	2.11601926039345	0.995149676118656	6
C6_12h	175	LT934125.1	+	107029	107035	107031	107033	5.43188671760869	1.81072855391686	107032	0.99197487637315	2.29778376771026	0.995149676118656	7
C6_12h	176	LT934125.1	+	107473	107505	107482	107482	0.959625685178975	0.277147238376894	107483	1.33808353799266	4.5478735646789	0.487418843282768	33
C6_12h	183	LT934125.1	+	112884	112886	112884				112885	0.851393444179261	0.656772966478265	0.995149676118656	3
C6_12h	184	LT934125.1	+	114979	114988	114985	114987	3.85840138559427	1.84340836867668					10
C6_12h	186	LT934125.1	+	115815	115841	115815	115828	2.69075055267651	0.129512857960406	115827	12.1061047113166	9.32876661042355	0.995149676118656	27
C6_12h	187	LT934125.1	+	116072	116072	116072								1
C6_12h	188	LT934125.1	+	116258	116321	116283	116294	1.98234068614999	0.0875565405023016	116281	-1.66288615290611	17.8409235077106	0.995149676118656	64
C6_12h	189	LT934125.1	+	116367	116835	116791	116805	1.9820499333755	0.0700565148126433	116626	-165.311333130073	158.634877313055	-0.995149676118656	469
C6_12h	191	LT934125.1	+	117603	117608	117607								6
C6_12h	192	LT934125.1	+	117769	117796	117769	117775	1.71058006092661	0.128131653941141	117776	7.18517724850196	5.54360686134033	0.995149676118656	28
C6_12h	193	LT934125.1	+	118209	118209	118209								1
C6_12h	194	LT934125.1	+	118529	118529	118529								1
C6_12h	195	LT934125.1	+	118857	118868	118864	118866	14.9086452970117	7.03002712489548	118863	-0.696908197173573	2.03820618015854	-0.650753211083807	12
C6_12h	196	LT934125.1	+	119210	119271	119248	119263	6.4733942936249	0.367659539332274	119244	-4.34291022707264	20.9836406162401	-0.995149676118656	62
C6_12h	197	LT934125.1	+	119550	119602	119567	119577	1.83647553589708	0.0831332498491474	119570	3.32278095257474	13.0407950738938	0.646383382534291	53
C6_12h	198	LT934125.1	+	119794	119823	119808	119813	1.99130638099743	0.196186033011512	119810	1.66224255576036	8.66033690379627	0.123390203207603	30
C6_12h	199	LT934125.1	+	119938	119964	119941	119945	1.70377071834298	0.171681721054174	119946	4.51614610001802	5.76526316956896	0.995149676118656	27
C6_12h	200	LT934125.1	+	120075	120177	120090	120122	3.09794907821337	0.0662575073441844	120118	27.8289120824791	32.7664397590151	0.995149676118656	103
C6_12h	201	LT934125.1	+	120246	120273	120246	120253	1.84828322796224	0.122438766476031	120256	10.0030110583977	7.70669999814691	0.995149676118656	28
C6_12h	202	LT934125.1	+	120555	120559	120555	120557	19.4206153207617	9.11780072611969	120556	0.946673681562095	0.73028760142554	0.995149676118656	5
C6_12h	203	LT934125.1	+	120933	120945	120937	120939	1.87799274770006	0.395373669312795	120936	-0.601183311185278	2.61401877030327	0.995149676118656	13
C6_12h	205	LT934125.1	+	121271	121274	121271	121272	3.63398367298297	1.81707269925243	121272	1.19387432178404	0.920139989019315	0.995149676118656	4
C6_12h	206	LT934125.1	+	121784	121787	121784				121785	0.990511053265116	0.763811733051806	0.995149676118656	4
C6_12h	207	LT934125.1	+	121902	121902	121902								1
C6_12h	208	LT934125.1	+	122119	122119	122119								1
C6_12h	210	LT934125.1	+	122614	122614	122614								1
C6_12h	211	LT934125.1	+	122960	122988	122979	122981	4.22641260235438	1.66947452927977	122980	0.792606878061307	2.25127062758235	-0.242640853385639	29
C6_12h	213	LT934125.1	+	123824	123824	123824								1
C6_12h	216	LT934125.1	+	124385	124385	124385								1
C6_12h	217	LT934125.1	+	124538	124575	124563	124568	3.27445377062795	0.482556185935902	124557	-5.97255647775808	11.6902922029332	-0.855151518714886	38
C6_12h	218	LT934125.1	+	124736	124757	124756								22
C6_12h	219	LT934125.1	+	125098	125104	125104				125101	-2.88379299392457	2.22235366044009	-0.995149676118656	7
C6_12h	220	LT934125.1	+	125177	125229	125225	125227	4.47095293132121	2.18863623352845	125224	-1.28553478133542	2.424870656482	-0.7311371515292	53
C6_12h	221	LT934125.1	+	125446	125493	125473	125480	2.9493661717852	0.266271551650415	125471	-1.67945261177078	14.4048063950411	-0.576068594255428	48
C6_12h	222	LT934125.1	+	125626	125638	125626	125635	8.32765567404725	0.812616482434846	125632	5.60181364111582	4.31722890058515	0.995149676118656	13
C6_12h	223	LT934125.1	+	125784	125972	125905	125929	2.88229281997634	0.0794635636645901	125871	-34.4137357426687	55.9725114291536	0.00397771164132475	189
C6_12h	224	LT934125.1	+	126005	126062	126005	126024	2.66277648089648	0.0876080679939308	126029	23.8093228854721	18.2919181767924	0.995149676118656	58
C6_12h	225	LT934125.1	+	126825	126825	126825								1
C6_12h	228	LT934125.1	+	128007	128115	128083	128092	2.28158619091777	0.144219744304365	128067	-15.504340503215	21.5882388004962	-0.295220291341056	109
C6_12h	229	LT934125.1	+	128184	128199	128189	128192	2.20150125647596	0.40029794827287	128189	-0.146632293128207	3.70708224387071	0.995149676118656	16
C6_12h	233	LT934125.1	+	134977	134990	134977	134989	74.0597162726347	6.25875657573774	134984	6.98263279964306	4.631080381688	-0.995149676118656	14
C6_12h	234	LT934125.1	+	136157	136174	136158	136164	2.17874333543483	0.209093819265395					18
C6_12h	235	LT934125.1	+	136339	136352	136348	136350	7.03267302132615	2.61010106635004					14
C6_12h	238	LT934125.1	+	139968	139982	139982				139975	-6.63250504243017	5.11391438911967	-0.995149676118656	15
C6_12h	243	LT934125.1	-	3389	3389	3389								1
C6_12h	244	LT934125.1	-	3494	3494	3494								1
C6_12h	245	LT934125.1	-	3880	3912	3910	3911	8.58383300525848	6.09146046685116	3904	-6.04218077928244	6.16873157125435	-0.995149676118656	33
C6_12h	247	LT934125.1	-	4925	4926	4925								2
C6_12h	248	LT934125.1	-	7758	7758	7758								1
C6_12h	249	LT934125.1	-	9054	9058	9058								5
C6_12h	251	LT934125.1	-	9494	9527	9494	9497	1.47041950046926	0.164238679682901					34
C6_12h	253	LT934125.1	-	9885	9893	9885	9889	3.56571136148792	0.616279329341139	9888	3.20801592498598	2.47323018196352	0.995149676118656	9
C6_12h	254	LT934125.1	-	10028	10034	10034				10031	-2.72693865136948	2.09950228492737	-0.995149676118656	7
C6_12h	256	LT934125.1	-	13939	13939	13939								1
C6_12h	260	LT934125.1	-	15834	15834	15834								1
C6_12h	263	LT934125.1	-	16760	16819	16802	16814	12.8969848655389	0.955340046360254	16793	-8.98824719968552	19.9182767107652	-0.995149676118656	60
C6_12h	264	LT934125.1	-	16907	16972	16957	16960	1.51674761807925	0.153391783985523	16940	-17.3180841002575	21.1442993656446	-0.00331974740275148	66
C6_12h	265	LT934125.1	-	17159	17159	17159								1
C6_12h	266	LT934125.1	-	17339	17376	17341	17349	1.76929760511591	0.101200029783957	17351	10.2073018872903	9.29800346970692	0.995149676118656	38
C6_12h	267	LT934125.1	-	17537	17551	17551				17544	-7.22359333393857	5.56058329483881	-0.995149676118656	15
C6_12h	268	LT934125.1	-	17766	17837	17792	17793	1.05134905678702	0.0484890766410182	17797	5.00113917360375	20.6451742634954	0.628714282843161	72
C6_12h	269	LT934125.1	-	17978	17981	17981				17980	-1.29902381150989	1.00145036384601	-0.995149676118656	4
C6_12h	272	LT934125.1	-	19469	19474	19471	19473	158.839529857344	79.5389661607265	19472	0.605639050090813	1.15848662979413	0.0328642887626747	6
C6_12h	274	LT934125.1	-	21473	21473	21473								1
C6_12h	276	LT934125.1	-	21939	21967	21941	21941	1.01601677060139	0.0819519786152793	21947	5.6488013828755	5.87945745895664	0.995149676118656	29
C6_12h	277	LT934125.1	-	22458	22463	22458								6
C6_12h	278	LT934125.1	-	22661	22661	22661								1
C6_12h	279	LT934125.1	-	25309	25313	25313								5
C6_12h	282	LT934125.1	-	27761	27761	27761								1
C6_12h	284	LT934125.1	-	28651	28759	28738	28755	19.3386721281245	1.06588332207746	28701	-36.5762585316012	38.6097990530603	0.995149676118656	109
C6_12h	285	LT934125.1	-	28925	28959	28925	28938	3.92656856676427	0.21812553801778	28939	14.11928399702	10.8510675889477	0.995149676118656	35
C6_12h	286	LT934125.1	-	29019	29087	29046	29073	8.36593106055084	0.270607581606548	29060	13.9582260763528	20.7083511280728	-0.995149676118656	69
C6_12h	287	LT934125.1	-	29267	29291	29288				29283	-4.92075551064092	6.08652732185151	-0.995149676118656	25
C6_12h	288	LT934125.1	-	29404	29417	29414	29416	4.76989516296157	2.00018655977007	29411	-2.54628720587588	2.34362594481802	-0.939258757854476	14
C6_12h	289	LT934125.1	-	29686	29686	29686								1
C6_12h	291	LT934125.1	-	30877	30882	30877	30879	2.08848986405878	0.614202962538949					6
C6_12h	292	LT934125.1	-	31041	31041	31041								1
C6_12h	295	LT934125.1	-	31505	31505	31505								1
C6_12h	296	LT934125.1	-	31816	31824	31816	31820	2.44132388397882	0.393746783572491	31820	3.58614267303614	2.76388372550019	0.995149676118656	9
C6_12h	298	LT934125.1	-	32836	32842	32842								7
C6_12h	299	LT934125.1	-	33335	33356	33356				33348	-8.20411140191874	6.31031181097977	-0.995149676118656	22
C6_12h	300	LT934125.1	-	33947	33955	33947								9
C6_12h	301	LT934125.1	-	34091	34091	34091								1
C6_12h	302	LT934125.1	-	34468	34478	34474	34477	11.8951779516224	3.29631043821267	34474	0.409564648673593	2.76348053408657	-0.995149676118656	11
C6_12h	305	LT934125.1	-	41992	41997	41995								6
C6_12h	307	LT934125.1	-	44754	44756	44756								3
C6_12h	308	LT934125.1	-	44886	44893	44889	44892	7.62643310392374	2.12218319334559	44890	0.854566623847931	2.1574099252244	0.598366702165198	8
C6_12h	309	LT934125.1	-	45679	45679	45679								1
C6_12h	310	LT934125.1	-	46104	46124	46104	46122	90.7345947864559	5.08103671366344	46115	11.1734283776547	6.79122643935241	-0.995149676118656	21
C6_12h	312	LT934125.1	-	49599	49599	49599								1
C6_12h	313	LT934125.1	-	50592	50592	50592								1
C6_12h	314	LT934125.1	-	50953	50998	50986	50991	2.27437424870215	0.279308918863144	50980	-6.38181265980926	11.4896298995645	-0.743336232047945	46
C6_12h	315	LT934125.1	-	51143	51147	51147								5
C6_12h	321	LT934125.1	-	54101	54101	54101								1
C6_12h	322	LT934125.1	-	54702	54702	54702								1
C6_12h	323	LT934125.1	-	55369	55591	55438	55448	1.18763982301075	0.0184718179099006	55453	14.515018373818	63.435605328861	0.995149676118656	223
C6_12h	324	LT934125.1	-	55661	56016	55685	55771	1.98715195746066	0.0114994930720809	55822	136.554545389644	122.497265577497	0.995149676118656	356
C6_12h	325	LT934125.1	-	56185	56194	56188	56189	2.10568552944545	1.05729700859492					10
C6_12h	326	LT934125.1	-	56636	56638	56638				56637	-0.859931304550886	0.663331675524709	-0.995149676118656	3
C6_12h	327	LT934125.1	-	56944	56976	56946	56942	0.715507064866401	0.0635973494287185					33
C6_12h	329	LT934125.1	-	58569	58575	58570	58571	3.22355576102663	1.50905765801086					7
C6_12h	330	LT934125.1	-	59016	59038	59016				59026	9.6558538133666	7.44765724220139	0.995149676118656	23
C6_12h	331	LT934125.1	-	59275	59281	59277	59279	4.32516652379446	1.44169296515237					7
C6_12h	332	LT934125.1	-	62075	62075	62075								1
C6_12h	333	LT934125.1	-	63417	63427	63420	63422	2.9276764668544	0.883605517269291					11
C6_12h	334	LT934125.1	-	64123	64127	64127				64125	-1.70192550344599	1.31035247690034	-0.995149676118656	5
C6_12h	335	LT934125.1	-	64655	64655	64655								1
C6_12h	336	LT934125.1	-	64992	64992	64992								1
C6_12h	338	LT934125.1	-	65746	65753	65752				65751	-1.4232257571547	1.44974322134468	-0.950567406715231	8
C6_12h	339	LT934125.1	-	65880	65883	65883				65882	-1.42125108052077	1.0958387976685	-0.995149676118656	4
C6_12h	340	LT934125.1	-	66346	66346	66346								1
C6_12h	341	LT934125.1	-	66746	66761	66750	66754	2.0187879052351	0.249623198242141	66754	3.56295902155485	4.86232378363136	0.865329899669108	16
C6_12h	342	LT934125.1	-	67724	67724	67724								1
C6_12h	343	LT934125.1	-	68525	68549	68527	68536	2.15344579974963	0.134574584240906	68534	6.65977071593236	6.65262770053199	0.995149676118656	25
C6_12h	344	LT934125.1	-	68706	68709	68709				68708	-1.36024491592164	1.04901912108163	-0.995149676118656	4
C6_12h	345	LT934125.1	-	68883	68896	68886	68887	1.42566207127143	0.511847775303561	68887	1.1993122824632	2.43816669832102	0.776293455117134	14
C6_12h	346	LT934125.1	-	69251	69259	69254	69256	3.50284297872377	1.27895836403478	69255	1.25006097504246	2.14186562732927	-0.0166166341509416	9
C6_12h	347	LT934125.1	-	70431	70474	70451	70462	2.65284763312118	0.15674170698605	70454	2.51168736407876	12.8508370645797	0.731886901107757	44
C6_12h	348	LT934125.1	-	71882	71886	71886				71884	-1.9166664525923	1.75396378458833	-0.000329467151177962	5
C6_12h	349	LT934125.1	-	72174	72174	72174								1
C6_12h	350	LT934125.1	-	72702	72708	72702	72706	8.70833345393745	2.11123366272652	72705	2.7014688730302	2.07933890266653	0.995149676118656	7
C6_12h	351	LT934125.1	-	72871	72876	72871	72875	15.6579729722744	3.9143851332498	72874	2.55080833910159	1.88439190178629	-0.995149676118656	6
C6_12h	352	LT934125.1	-	73108	73108	73108								1
C6_12h	353	LT934125.1	-	74345	74345	74345								1
C6_12h	354	LT934125.1	-	76860	76864	76860	76864	54.4053650949156	14.9345868381176	76861	1.46773056806158	1.13252593705367	0.995149676118656	5
C6_12h	356	LT934125.1	-	80435	80484	80484				80462	-22.200889547443	17.0817110017715	-0.995149676118656	50
C6_12h	357	LT934125.1	-	80633	80657	80657				80646	-11.2405597579091	9.90901720333375	-0.0167203630052269	25
C6_12h	358	LT934125.1	-	80762	80937	80825	80860	2.64211615935445	0.0472105702949726	80859	33.596769996323	45.3136616885775	-0.201324216782711	176
C6_12h	359	LT934125.1	-	81273	81279	81273	81277	8.65520973504983	1.92334196370842	81276	2.89294493064476	2.22698141333727	0.995149676118656	7
C6_12h	360	LT934125.1	-	81429	81429	81429								1
C6_12h	361	LT934125.1	-	81803	81842	81804	81804	0.9808985531973	0.304256986668557	81808	3.50846958971137	3.42764722192525	0.995149676118656	40
C6_12h	362	LT934125.1	-	82023	82026	82026				82025	-1.16109951200188	0.89560276843321	-0.995149676118656	4
C6_12h	366	LT934125.1	-	86899	86928	86928				86914	-14.1923829334111	11.3908635134099	0.995149676118656	30
C6_12h	367	LT934125.1	-	87157	87161	87161								5
C6_12h	368	LT934125.1	-	87424	87448	87447				87443	-4.14386034703279	3.94081970768255	-0.995149676118656	25
C6_12h	371	LT934125.1	-	89077	89081	89079								5
C6_12h	374	LT934125.1	-	92274	92306	92303	92304	3.54505577115816	2.0256255326816	92292	-10.6313483526682	10.444720294393	-0.995149676118656	33
C6_12h	375	LT934125.1	-	92774	92830	92774	92793	2.21093439846883	0.0624631272082718	92798	23.9812235161727	18.4611929522513	0.995149676118656	57
C6_12h	376	LT934125.1	-	92931	92967	92933	92935	3.86724990446478	1.34478190095492					37
C6_12h	377	LT934125.1	-	93092	93106	93092	93101	5.43958272477102	0.485643007450589	93099	6.61222311318111	5.68593101523119	-0.995149676118656	15
C6_12h	378	LT934125.1	-	93220	93265	93239	93246	2.0871542043602	0.151258832960744	93241	1.55667498592857	13.8829562483055	0.362359017630551	46
C6_12h	379	LT934125.1	-	93442	93475	93453	93457	1.5753555002362	0.127950797295756	93458	5.31099832051497	9.85960989385923	0.623515944760649	34
C6_12h	380	LT934125.1	-	93651	93657	93654								7
C6_12h	381	LT934125.1	-	94521	94565	94526	94526	1.00800952333697	0.131553795298261	94530	3.60065444732098	5.33442208591867	0.89406473034166	45
C6_12h	383	LT934125.1	-	94941	94949	94947	94948	8.65782307426169	5.77191552778766	94946	-1.31393358041317	1.69718168975037	-0.871260570096051	9
C6_12h	384	LT934125.1	-	95694	95694	95694								1
C6_12h	385	LT934125.1	-	96146	96146	96146								1
C6_12h	386	LT934125.1	-	96486	96512	96486	96505	9.34471271007203	0.436130797470837	96500	13.7081585804869	9.456165327206	-0.995149676118656	27
C6_12h	387	LT934125.1	-	96594	96608	96596	96598	1.77497673851506	0.409566670369164	96599	2.5197605445474	2.97261663931402	0.906842978940463	15
C6_12h	388	LT934125.1	-	96806	96846	96843				96833	-9.51910952976378	9.600520476491	-0.995149676118656	41
C6_12h	390	LT934125.1	-	97174	97174	97174								1
C6_12h	391	LT934125.1	-	97321	97367	97361	97365	7.44383598120205	1.53254815074415	97351	-10.3847675254144	10.1759229502472	-0.964108584305791	47
C6_12h	392	LT934125.1	-	97536	97536	97536								1
C6_12h	393	LT934125.1	-	98596	98596	98596								1
C6_12h	395	LT934125.1	-	103735	103749	103735				103742	6.63250504243017	5.11391438911967	0.995149676118656	15
C6_12h	398	LT934125.1	-	107365	107379	107369	107372	2.40049398081232	0.428653533913111					15
C6_12h	399	LT934125.1	-	107543	107560	107559								18
C6_12h	400	LT934125.1	-	108727	108740	108727	108729	1.43268694470916	0.186970567037566	108733	6.01736720035694	4.631080381688	0.995149676118656	14
C6_12h	404	LT934125.1	-	115518	115533	115528	115532	21.4512381752206	5.47915391757187	115528	0.146632293128208	3.70708224387071	-0.995149676118656	16
C6_12h	405	LT934125.1	-	115602	115710	115634	115646	1.8486498567606	0.0728851280182607	115650	16.0119001763086	22.0883321737432	0.33524919377409	109
C6_12h	408	LT934125.1	-	116890	116890	116890								1
C6_12h	409	LT934125.1	-	118400	118400	118400								1
C6_12h	410	LT934125.1	-	119040	119067	119058	119060	2.81256622941791	0.843852160140797	119057	-1.47252985444229	4.87300026861124	-0.655377533759353	28
C6_12h	412	LT934125.1	-	119478	119499	119499				119491	-7.53667340739118	5.80850023711319	-0.995149676118656	22
C6_12h	413	LT934125.1	-	119896	119931	119910	119918	3.92937174257583	0.351655867026102	119915	4.92776404334649	8.39642511162982	-0.163787977837661	36
C6_12h	414	LT934125.1	-	120241	120241	120241								1
C6_12h	415	LT934125.1	-	120409	120454	120431	120436	1.42775932151429	0.0907820087987638	120432	0.710711113164996	11.4933333429376	0.462321531369699	46
C6_12h	416	LT934125.1	-	121507	121507	121507								1
C6_12h	417	LT934125.1	-	122412	122462	122413	122422	1.51496894627938	0.0553650443310245	122435	22.4759690837618	17.9659018051778	0.995149676118656	51
C6_12h	418	LT934125.1	-	122806	122806	122806								1
C6_12h	419	LT934125.1	-	124781	124814	124781	124796	3.55364093262319	0.173088887889403	124797	16.4239857857395	10.6795491986615	-0.788773564218864	34
C6_12h	422	LT934125.1	-	126103	126112	126112				126109	-2.67557719004026	2.06405056044404	-0.995149676118656	10
C6_12h	423	LT934125.1	-	126915	127350	126926	127003	1.56456324060441	0.00734422466995382	127109	183.362056567351	147.042674279876	0.995149676118656	436
C6_12h	424	LT934125.1	-	127396	127459	127434	127447	5.36636432112278	0.325954637873605	127436	1.66288615290611	17.8409235077106	-0.995149676118656	64
C6_12h	425	LT934125.1	-	127645	127645	127645								1
C6_12h	426	LT934125.1	-	127754	127774	127754	127763	4.22432088354147	0.363724420732491	127762	8.40149722518176	6.46325418029815	0.995149676118656	21
C6_12h	427	LT934125.1	-	127876	127902	127902				127890	-12.1061047113166	9.32876661042355	-0.995149676118656	27
C6_12h	429	LT934125.1	-	128729	128738	128732	128735	3.96541872947391	0.966090207658826					10
C6_12h	430	LT934125.1	-	130831	130833	130833				130832	-0.851393444179261	0.656772966478265	-0.995149676118656	3
C6_12h	437	LT934125.1	-	136212	136244	136235	136241	7.64227609777151	1.135950828719	136234	-1.33714141195262	4.52819522666919	-0.485870060078752	33
C6_12h	438	LT934125.1	-	136682	136688	136686				136685	-0.991974876373151	2.29778376771026	-0.995149676118656	7
C6_12h	439	LT934125.1	-	137116	137121	137116	137120	8.86292766057502	2.15589048730194	137118	2.24910766573784	2.11601926039345	-0.995149676118656	6
C6_1h	2	LT934125.1	+	1332	1337	1337				1335	-1.71037101234138	1.3173662762708	-0.995149676118656	6
C6_1h	5	LT934125.1	+	9267	9272	9270								6
C6_1h	9	LT934125.1	+	14048	14054	14048	14052	8.65379008567501	1.92294778162656					7
C6_1h	17	LT934125.1	+	31096	31098	31096				31097	1	1	-1.56592062456887e-16	3
C6_1h	21	LT934125.1	+	44810	44812	44812								3
C6_1h	27	LT934125.1	+	48567	48581	48567	48569	1.79200105176418	0.371977267907266	48570	2.94908168018001	2.2758499330933	0.995149676118656	15
C6_1h	29	LT934125.1	+	52444	52461	52460								18
C6_1h	33	LT934125.1	+	59044	59073	59068	59072	15.6571443295345	3.91435645847418					30
C6_1h	39	LT934125.1	+	70529	70534	70531	70532	3.63519005081993	1.81773994251325	70531	-0.400618314755083	1.23098055385532	0.995149676118656	6
C6_1h	41	LT934125.1	+	74400	74403	74402								4
C6_1h	45	LT934125.1	+	79418	79444	79440								27
C6_1h	49	LT934125.1	+	114985	114988	114985	114987	4.51227968232724	1.93375869576867					4
C6_1h	54	LT934125.1	+	118860	118866	118864	118866	18.9616319485635	10.2707123005827	118863	-0.937741292864627	2.257561869849	-0.995149676118656	7
C6_1h	60	LT934125.1	+	121784	121786	121784								3
C6_1h	62	LT934125.1	+	122979	122981	122981								3
C6_1h	67	LT934125.1	+	125222	125236	125223	125225	2.524304553677	0.894039506230689	125225	1.7789273244613	1.87362752062127	0.953652270730198	15
C6_1h	71	LT934125.1	-	3908	3910	3908				3909	1	1	-1.56592062456887e-16	3
C6_1h	72	LT934125.1	-	9494	9498	9494								5
C6_1h	78	LT934125.1	-	19467	19473	19471								7
C6_1h	88	LT934125.1	-	34452	34480	34474								29
C6_1h	92	LT934125.1	-	51142	51147	51147								6
C6_1h	95	LT934125.1	-	56184	56194	56188	56190	2.0006522717713	0.667015304647362					11
C6_1h	97	LT934125.1	-	63410	63420	63420								11
C6_1h	109	LT934125.1	-	97317	97361	97344				97341	-3.40640337033094	6.80382826674026	0.188964403672686	45
C6_1h	114	LT934125.1	-	128729	128732	128732								4
C6_2h	4	LT934125.1	+	1334	1351	1337	1339	1.3530151427271	0.16915994280701	1338	0.971369283497037	3.05540484565028	0.995149676118656	18
C6_2h	9	LT934125.1	+	9267	9270	9270								4
C6_2h	11	LT934125.1	+	14048	14051	14048								4
C6_2h	18	LT934125.1	+	44810	44812	44812								3
C6_2h	20	LT934125.1	+	48565	48575	48567	48570	5.29679723409083	1.36687276915196					11
C6_2h	24	LT934125.1	+	51235	51240	51235	51238	7.3393318601995	2.00165574262564					6
C6_2h	26	LT934125.1	+	52440	52484	52460	52469	2.02592395346935	0.119214057883677	52460	-0.311022722053751	15.0983870902621	0.995149676118656	45
C6_2h	27	LT934125.1	+	59041	59095	59068	59070	1.52361602904075	0.275363622426868	59062	-6.35288425330854	12.114784922546	-0.648911797162542	55
C6_2h	41	LT934125.1	+	70528	70535	70531	70534	52.9785978586547	15.8937318500937	70530	-0.530968930926806	1.54006579083715	0.924630788800355	8
C6_2h	44	LT934125.1	+	74400	74403	74400	74402	40.2737079734354	18.588214226257	74401	1.09272461388234	0.842350669527686	0.995149676118656	4
C6_2h	49	LT934125.1	+	79439	79454	79444								16
C6_2h	56	LT934125.1	+	91383	91414	91409								32
C6_2h	59	LT934125.1	+	114985	114988	114985	114986	3.63346118791351	1.81670257708383					4
C6_2h	65	LT934125.1	+	118860	118873	118864	118867	3.83543053170825	1.01529971547754					14
C6_2h	73	LT934125.1	+	125221	125227	125223	125225	8.60563071612751	3.07321961744244	125224	1.24628675086367	1.69861021083426	0.764859792811842	7
C6_2h	85	LT934125.1	-	9494	9498	9494								5
C6_2h	93	LT934125.1	-	29404	29414	29409	29412	6.38037115830923	1.74019596967608	29411	1.50317463359225	2.68975088360763	-0.995149676118656	11
C6_2h	99	LT934125.1	-	51145	51147	51147								3
C6_2h	102	LT934125.1	-	56185	56194	56188	56189	1.65586284015443	0.797316371456468					10
C6_2h	104	LT934125.1	-	63415	63420	63420								6
C6_2h	108	LT934125.1	-	81804	81837	81804								34
C6_2h	118	LT934125.1	-	97337	97361	97361				97350	-10.8005914916427	8.32480478571499	-0.995149676118656	25
C6_2h	133	LT934125.1	-	128729	128732	128732								4
C6_4h	2	LT934125.1	+	982	990	990				988	-1.72159060910935	1.32873761709896	-0.995149676118656	9
C6_4h	3	LT934125.1	+	1334	1351	1334	1338	2.10074751416847	0.30013559942183	1339	4.87475752477216	3.75704353069087	0.995149676118656	18
C6_4h	4	LT934125.1	+	1593	1603	1600	1602	24.6558656188048	9.86257296136752	1600	-0.372123589712848	2.58721440092201	-0.995149676118656	11
C6_4h	7	LT934125.1	+	7588	7596	7591	7595	80.6791026784915	17.9287572276156	7591	0.204802154215488	2.46586521095347	0.995149676118656	9
C6_4h	10	LT934125.1	+	9267	9274	9270								8
C6_4h	11	LT934125.1	+	9643	9646	9646								4
C6_4h	15	LT934125.1	+	14044	14053	14048	14051	9.47625766888406	2.91551667799727					10
C6_4h	22	LT934125.1	+	31095	31098	31098								4
C6_4h	24	LT934125.1	+	32036	32039	32036	32038	26.2308824721623	13.1150630131866	32037	1.07416467246506	1.08516057935209	-0.851657005601589	4
C6_4h	28	LT934125.1	+	44810	44813	44812								4
C6_4h	30	LT934125.1	+	46024	46027	46025								4
C6_4h	37	LT934125.1	+	48567	48599	48567	48567	0.948241230330287	0.133963427003076	48572	4.69971174943096	3.63041687448074	0.995149676118656	33
C6_4h	41	LT934125.1	+	51235	51238	51235	51237	24.6669285946381	9.86692377534365					4
C6_4h	42	LT934125.1	+	52460	52463	52460	52461	4.63573925718398	2.6488995691405					4
C6_4h	45	LT934125.1	+	53648	53649	53648								2
C6_4h	49	LT934125.1	+	59044	59073	59068	59070	11.3916040524921	5.01215321850981	59061	-7.2705291096638	9.37064630135177	-0.995149676118656	30
C6_4h	67	LT934125.1	+	70529	70535	70529	70531	12.6533892179809	5.66095686222664	70530	1.29972573033427	1.0014924514301	0.995149676118656	7
C6_4h	72	LT934125.1	+	74400	74406	74402	74404	4.48109933866801	1.62955956105894	74402	0.0153458202563922	1.55093900539531	0.995149676118656	7
C6_4h	73	LT934125.1	+	78040	78062	78041	78041	1.03129714483148	0.117899763512767					23
C6_4h	74	LT934125.1	+	79440	79447	79444								8
C6_4h	81	LT934125.1	+	91409	91414	91409	91412	19.074364729864	5.44969285784029	91411	2.00559823483039	1.54502559760236	0.995149676118656	6
C6_4h	88	LT934125.1	+	114979	114988	114985	114986	3.6687715389368	2.25286950407142					10
C6_4h	94	LT934125.1	+	118857	118868	118864	118866	9.40977571017455	4.45734119363549	118863	-0.854728485596258	2.33957627042879	-0.670289982196893	12
C6_4h	101	LT934125.1	+	121784	121795	121784	121786	1.83978787909558	0.408873341913312	121786	2.48497779739374	1.91791600613724	0.995149676118656	12
C6_4h	103	LT934125.1	+	122978	122983	122979	122981	5.80448424364032	2.17672012322447	122980	1.12094056574143	1.3612515580911	0.906760860143392	6
C6_4h	109	LT934125.1	+	124756	124758	124756								3
C6_4h	111	LT934125.1	+	125223	125230	125225	125228	9.60188040891359	2.56048363875304	125225	-0.33269445606305	1.28317598338774	0.995149676118656	8
C6_4h	116	LT934125.1	-	3908	3912	3910								5
C6_4h	122	LT934125.1	-	9494	9534	9494	9502	1.52891136176173	0.066468177508109	9507	12.8649905989904	9.92378410431003	0.995149676118656	41
C6_4h	132	LT934125.1	-	19470	19473	19471				19472	0.554902513534196	0.834277092354826	0.813706952584806	4
C6_4h	140	LT934125.1	-	29407	29414	29414				29412	-2.44433397634375	1.88161327302244	-0.995149676118656	8
C6_4h	153	LT934125.1	-	51147	51147	51147								1
C6_4h	157	LT934125.1	-	56185	56194	56188	56189	2.14538858236488	1.10328362174507					10
C6_4h	160	LT934125.1	-	56946	56947	56946								2
C6_4h	165	LT934125.1	-	63417	63420	63420								4
C6_4h	169	LT934125.1	-	65749	65752	65752				65751	-1.22773268488995	0.946858782078413	-0.995149676118656	4
C6_4h	179	LT934125.1	-	81804	81842	81804	81802	0.779186756379316	0.103580863337747	81813	8.9562998011913	6.8937581746357	0.995149676118656	39
C6_4h	180	LT934125.1	-	87157	87161	87161				87159	-1.9246413212559	1.48385631795751	-0.995149676118656	5
C6_4h	186	LT934125.1	-	92927	92936	92933	92935	6.19038369737781	2.65321088849362	92933	-0.0131596620180384	2.18933283936114	-0.591895546601591	10
C6_4h	187	LT934125.1	-	93653	93654	93654								2
C6_4h	188	LT934125.1	-	94526	94529	94526								4
C6_4h	189	LT934125.1	-	94943	94947	94947								5
C6_4h	194	LT934125.1	-	97334	97367	97339	97344	1.44496206398957	0.0908642268093408	97347	8.16637754746099	10.0715621783026	0.995149676118656	34
C6_4h	206	LT934125.1	-	128729	128738	128732								10
C6_6h	3	LT934125.1	+	960	997	990	993	5.48007599671774	1.28934263332411					38
C6_6h	4	LT934125.1	+	1314	1396	1337	1330	0.699568528650671	0.0401610811352357	1340	2.9253395214245	9.45418085448488	0.644861632890834	83
C6_6h	5	LT934125.1	+	1583	1604	1600	1603	28.7545112405126	9.24283106508023					22
C6_6h	12	LT934125.1	+	7588	7596	7588	7591	5.43232465569743	1.46242490206661	7590	1.90669414179591	1.47047238838376	0.995149676118656	9
C6_6h	18	LT934125.1	+	9107	9145	9113	9109	0.823591477953909	0.0466255405992224					39
C6_6h	19	LT934125.1	+	9267	9272	9270	9271	8.65422249454587	5.76913840898438					6
C6_6h	21	LT934125.1	+	9640	9668	9646	9645	0.859668725545962	0.113801107877337	9647	1.47217898513782	4.19505584773281	0.863458467145134	29
C6_6h	24	LT934125.1	+	10431	10433	10431								3
C6_6h	35	LT934125.1	+	14022	14051	14048	14050	5.95203719216056	2.4961018499227					30
C6_6h	45	LT934125.1	+	25420	25424	25420	25422	11.6089025023832	4.83715455615148	25421	1.48396781821692	1.14276753525706	0.995149676118656	5
C6_6h	58	LT934125.1	+	30235	30293	30240	30277	11.3304926603925	0.276326703275051	30247	7.08446191549303	9.31062046234932	0.995149676118656	59
C6_6h	62	LT934125.1	+	31093	31101	31098	31100	6.26903834276267	2.94995229991813					9
C6_6h	66	LT934125.1	+	32028	32040	32038	32040	11.5547879090477	6.74003073749665	32037	-0.987440237097083	1.26435844527506	-0.687784352044865	13
C6_6h	78	LT934125.1	+	44807	44814	44812	44813	8.99033055652767	6.74254883349266					8
C6_6h	81	LT934125.1	+	46010	46032	46024	46026	2.42388495024866	0.709354348682555	46025	1.01493417935243	3.9848992477072	-0.660881557516337	23
C6_6h	82	LT934125.1	+	46233	46237	46233	46234	3.65758788376897	1.90185506859024	46234	1.36322702053082	1.04945235743737	0.995149676118656	5
C6_6h	86	LT934125.1	+	47282	47344	47317				47315	-1.65474434755926	15.6098758390977	-0.314565581908982	63
C6_6h	93	LT934125.1	+	48565	48571	48567	48570	22.0272691572929	7.38805078387584					7
C6_6h	101	LT934125.1	+	51230	51238	51235	51237	7.79651935136424	4.02461115670963	51235	0.443920578165992	1.26590010927131	-0.201549841681502	9
C6_6h	106	LT934125.1	+	52437	52484	52460	52456	0.710331223880895	0.0717081853858217					48
C6_6h	110	LT934125.1	+	53644	53652	53648	53650	3.06657745461185	1.29107955432501					9
C6_6h	118	LT934125.1	+	55303	55353	55318				55320	2.32938870650877	13.2974434404268	0.995149676118656	51
C6_6h	125	LT934125.1	+	59039	59074	59068	59070	4.65065776890808	1.73995283491532	59061	-7.29160915974704	10.1538048251392	-0.995149676118656	36
C6_6h	131	LT934125.1	+	60232	60260	60234	60232	0.764164646755252	0.109109861114401	60239	5.43557876079623	5.70019539940361	0.995149676118656	29
C6_6h	144	LT934125.1	+	66335	66344	66338	66341	11.040720182349	3.60499468130296	66339	1.05416198617232	1.66287716354234	0.676653332982516	10
C6_6h	156	LT934125.1	+	69237	69247	69237								11
C6_6h	158	LT934125.1	+	69765	69785	69765								21
C6_6h	160	LT934125.1	+	70090	70090	70090								1
C6_6h	163	LT934125.1	+	70525	70534	70531	70534	28.9511833570347	10.8561481197796	70530	-0.695082878502949	1.24639493516809	0.0909524404197444	10
C6_6h	170	LT934125.1	+	72758	72763	72759								6
C6_6h	172	LT934125.1	+	74396	74414	74402	74404	1.67474527288807	0.418782637238213	74402	-0.135961510492806	2.13358726746882	0.720867580470614	19
C6_6h	178	LT934125.1	+	76674	76688	76683	76685	7.01230108641461	3.18728334016446	76683	0.400808053773008	2.24726910432043	-0.599193307149237	15
C6_6h	179	LT934125.1	+	76990	76992	76990								3
C6_6h	183	LT934125.1	+	78035	78068	78044	78053	2.18211245281814	0.139002682716868	78045	1.08294316670837	6.36586054078171	0.865920886970852	34
C6_6h	190	LT934125.1	+	79437	79448	79444	79446	5.06790183442799	1.93081584336666					12
C6_6h	204	LT934125.1	+	88883	88888	88888								6
C6_6h	209	LT934125.1	+	90369	90381	90381								13
C6_6h	214	LT934125.1	+	91409	91415	91409	91411	2.87620712166938	1.19017452400741	91411	1.67300021432058	1.28848709750341	0.995149676118656	7
C6_6h	215	LT934125.1	+	91545	91555	91548								11
C6_6h	230	LT934125.1	+	107344	107398	107344								55
C6_6h	231	LT934125.1	+	107429	107485	107483	107484	8.99205532071382	6.74385811225326	107467	-15.7429601864289	13.5989263938681	-0.995149676118656	57
C6_6h	240	LT934125.1	+	114979	114988	114985	114987	3.8129659707164	1.81685173448155					10
C6_6h	244	LT934125.1	+	116139	116216	116170	116191	5.69335123913963	0.224746273249486	116180	10.4530530187096	22.0009360096442	-0.618720767746812	78
C6_6h	245	LT934125.1	+	116607	116649	116622								43
C6_6h	247	LT934125.1	+	117768	117791	117769	117783	6.75880629704541	0.422442584545117					24
C6_6h	251	LT934125.1	+	118859	118868	118864	118866	15.5547476538057	7.17907268094065					10
C6_6h	255	LT934125.1	+	119808	119871	119808	119820	1.7493969305102	0.0610558950808199	119832	23.9356052404297	18.404595826825	0.995149676118656	64
C6_6h	258	LT934125.1	+	120555	120557	120555				120556	0.981859381505851	0.756912961859851	0.995149676118656	3
C6_6h	263	LT934125.1	+	121783	121792	121784	121786	6.43213000100543	2.58750005066033	121785	1.25999985330287	1.23213224234548	0.961376796748803	10
C6_6h	268	LT934125.1	+	122960	122988	122979	122981	3.16899145498416	1.03386323647303	122980	1.0810064132139	2.81983488232066	-0.231525524710562	29
C6_6h	272	LT934125.1	+	123569	123596	123587								28
C6_6h	277	LT934125.1	+	124756	124757	124756								2
C6_6h	279	LT934125.1	+	125223	125229	125225	125227	5.3275004735163	2.36114668547461	125225	-0.356037373313964	1.26513387808016	0.995149676118656	7
C6_6h	285	LT934125.1	+	128051	128079	128061	128071	5.58988092540755	0.459410683756668	128066	5.35143089753808	9.71326252894807	-0.995149676118656	29
C6_6h	288	LT934125.1	+	136158	136158	136158								1
C6_6h	289	LT934125.1	+	136338	136372	136348				136349	0.76869927288949	8.26120628399626	0.995149676118656	35
C6_6h	299	LT934125.1	-	3877	3912	3910	3911	14.6504376246622	12.8205770159108	3902	-7.69849823595786	7.39943984065909	-0.995149676118656	36
C6_6h	300	LT934125.1	-	4188	4210	4210								23
C6_6h	303	LT934125.1	-	4923	4927	4925								5
C6_6h	310	LT934125.1	-	9490	9534	9494	9493	0.958814902301072	0.0666668354155219					45
C6_6h	320	LT934125.1	-	17339	17363	17341	17345	1.36436674101087	0.0998443014295115					25
C6_6h	322	LT934125.1	-	17970	17986	17978								17
C6_6h	329	LT934125.1	-	19469	19486	19471	19473	6.48920577320782	2.88424778097901	19472	0.874398589671551	1.43883897952001	0.814892325468807	18
C6_6h	337	LT934125.1	-	21939	21967	21939	21941	1.25532390178179	0.142670237606843					29
C6_6h	349	LT934125.1	-	25309	25320	25313	25314	1.35246463863343	0.338168664339746	25312	-0.534760026383577	2.65799440398385	0.995149676118656	12
C6_6h	353	LT934125.1	-	29286	29310	29291	29287	0.724328473960039	0.072425140071636	29293	2.46265101235494	5.72734448012707	0.995149676118656	25
C6_6h	354	LT934125.1	-	29407	29417	29414	29416	24.6719822796385	9.86858862076627	29412	-2.25006527402633	2.13956269147701	-0.853197540466435	11
C6_6h	360	LT934125.1	-	30877	30882	30877	30878	1.85016912041269	0.616688334875169					6
C6_6h	365	LT934125.1	-	32836	32870	32842								35
C6_6h	371	LT934125.1	-	34405	34480	34474	34478	14.2248955661738	3.75742245674995	34464	-10.0934360329174	12.2950811735448	-0.995149676118656	76
C6_6h	387	LT934125.1	-	44886	44893	44889	44893	80.2692379545968	21.1232421943594	44890	0.630356575195143	2.29175663449189	0.533640349806564	8
C6_6h	394	LT934125.1	-	50592	50641	50641								50
C6_6h	396	LT934125.1	-	51143	51149	51147								7
C6_6h	406	LT934125.1	-	56185	56222	56188	56189	1.28693797928117	0.542009887205675					38
C6_6h	409	LT934125.1	-	56940	56950	56946	56947	3.06475594470288	1.70250513282411					11
C6_6h	413	LT934125.1	-	58565	58572	58570								8
C6_6h	421	LT934125.1	-	63417	63423	63420	63422	6.60210224798459	2.75094460975471					7
C6_6h	431	LT934125.1	-	65746	65752	65752				65750	-2.20340409196658	1.69830885617309	-0.995149676118656	7
C6_6h	459	LT934125.1	-	80616	80655	80639								40
C6_6h	460	LT934125.1	-	80796	80862	80842				80833	-9.45277149297912	22.5866942848005	-0.995149676118656	67
C6_6h	461	LT934125.1	-	81123	81130	81130								8
C6_6h	464	LT934125.1	-	81803	81919	81804	81788	0.465238280646127	0.0334701106981045	81822	18.1619604200403	14.6304781568375	0.995149676118656	117
C6_6h	476	LT934125.1	-	87156	87161	87161								6
C6_6h	477	LT934125.1	-	87422	87447	87447								26
C6_6h	485	LT934125.1	-	92750	92774	92774								25
C6_6h	486	LT934125.1	-	92929	92936	92933	92935	6.08382248301592	2.45148663922626					8
C6_6h	489	LT934125.1	-	93623	93654	93654								32
C6_6h	490	LT934125.1	-	94509	94529	94526				94525	-1.19768765886024	3.22954262697143	-0.995149676118656	21
C6_6h	491	LT934125.1	-	94917	94980	94947	94940	0.611141217511873	0.0523715363431613	94948	0.724355839303795	8.95231201916815	0.296424044856953	64
C6_6h	496	LT934125.1	-	96596	96614	96596	96599	2.27874989243073	0.37976120193949	96601	5.14906176678443	3.96213898705392	0.995149676118656	19
C6_6h	498	LT934125.1	-	97327	97361	97339	97350	2.74719803984864	0.163121763550283	97346	7.19660009602254	10.4099950129969	0.812778640566781	35
C6_6h	510	LT934125.1	-	107345	107379	107369	107375	5.22232567576515	0.6738971643687	107368	-0.768699272889489	8.26120628399625	-0.995149676118656	35
C6_6h	511	LT934125.1	-	107559	107559	107559								1
C6_6h	514	LT934125.1	-	115638	115666	115656				115651	-5.35143089753808	9.71326252894807	0.995149676118656	29
C6_6h	517	LT934125.1	-	118376	118400	118400								25
C6_6h	529	LT934125.1	-	127068	127110	127095								43
C6_6h	530	LT934125.1	-	127501	127578	127522	127539	2.54555818352677	0.089831677821026	127537	14.5469469812904	22.0009360096442	0.618720767746812	78
C6_6h	534	LT934125.1	-	128729	128738	128732	128734	2.62128240951747	0.873854096060443					10
C6_6h	543	LT934125.1	-	136232	136288	136234	136221	0.61273584768867	0.0300809185043822	136250	15.7429601864289	13.5989263938681	0.995149676118656	57
C6_8h	3	LT934125.1	+	779	782	779								4
C6_8h	4	LT934125.1	+	952	1007	990	994	1.63148156778307	0.163153335488864	987	-3.2551329425764	6.49055212728777	-0.626107349482227	56
C6_8h	5	LT934125.1	+	1292	1369	1337	1337	0.987604873905883	0.133414433947236	1337	-0.0143201830794292	7.36881835554812	-0.0715963861929169	78
C6_8h	6	LT934125.1	+	1590	1605	1600	1603	26.4354410341819	8.52772368486708	1601	0.619187041187041	2.50922315900309	-0.884909507124661	16
C6_8h	7	LT934125.1	+	1759	1836	1770	1816	6.94930043360641	0.128698576666522	1800	29.883971267297	27.7677265632177	-0.995149676118656	78
C6_8h	15	LT934125.1	+	7584	7594	7588	7591	14.140760664125	4.41870203300603	7590	1.52851056619724	1.81170548983891	0.727515998924537	11
C6_8h	16	LT934125.1	+	7788	7836	7811	7813	1.17935085260556	0.0842695239464995					49
C6_8h	19	LT934125.1	+	9107	9114	9113				9111	-1.69167732691466	1.83227162974595	-0.955706951027116	8
C6_8h	20	LT934125.1	+	9267	9272	9270	9271	9.17667655603821	5.81196552469474					6
C6_8h	21	LT934125.1	+	9385	9477	9412	9446	7.10530255953653	0.179876032485544					93
C6_8h	22	LT934125.1	+	9640	9791	9646	9616	0.44387304098787	0.018516792664389	9660	13.7848946395247	15.0283647891112	0.995149676118656	152
C6_8h	23	LT934125.1	+	9827	9861	9861								35
C6_8h	24	LT934125.1	+	9965	10044	9977	10014	7.39262489867599	0.170933876517121					80
C6_8h	25	LT934125.1	+	10218	10343	10252	10281	2.17494013859193	0.0402819102628178	10276	24.4584859939073	39.2391832197246	0.820383398860023	126
C6_8h	26	LT934125.1	+	10430	10438	10431	10433	3.00644412333537	0.884169072271644	10432	1.2540822559481	1.58652359526632	0.92672807106062	9
C6_8h	29	LT934125.1	+	11789	11806	11792	11792	0.971564562709482	0.185037793412333					18
C6_8h	38	LT934125.1	+	14016	14051	14048	14050	5.78558554682882	2.38214217826436					36
C6_8h	42	LT934125.1	+	15013	15064	15030								52
C6_8h	43	LT934125.1	+	15270	15306	15292								37
C6_8h	44	LT934125.1	+	15615	15638	15629								24
C6_8h	45	LT934125.1	+	15675	15787	15732	15753	3.73144317630694	0.130486344712474	15723	-9.39487197752756	36.4565029239247	0.995149676118656	113
C6_8h	53	LT934125.1	+	25419	25423	25420	25422	24.6558656188048	9.86257296136752	25421	0.575327099202357	1.13677182040848	0.830672019880875	5
C6_8h	65	LT934125.1	+	28386	28463	28386								78
C6_8h	69	LT934125.1	+	30235	30241	30240				30238	-1.83450023374849	2.16845060521262	-0.995149676118656	7
C6_8h	73	LT934125.1	+	31090	31099	31098								10
C6_8h	75	LT934125.1	+	31726	31790	31726	31759	8.45304880572436	0.226006868951804	31751	24.8947653681773	19.1604557246668	0.995149676118656	65
C6_8h	77	LT934125.1	+	31994	32040	32038	32039	8.65592889380294	5.7706624069243	32037	-1.21907252923991	1.52861644950902	-0.854545527586328	47
C6_8h	78	LT934125.1	+	32140	32194	32145	32165	5.37819639573481	0.22177059677659	32161	16.0812733835959	15.7483207805686	0.974292534138436	55
C6_8h	79	LT934125.1	+	32266	32329	32269	32287	2.05405446171584	0.0584954681346408	32292	23.4469835153271	20.2541438559885	0.995149676118656	64
C6_8h	95	LT934125.1	+	44779	44814	44812	44814	10.4260911840439	6.25531717096178	44811	-1.15807762927154	1.66069001770431	-0.855186072115851	36
C6_8h	99	LT934125.1	+	45909	45970	45909	45915	1.27832432875828	0.0443886326283825					62
C6_8h	100	LT934125.1	+	46021	46027	46026				46025	-1.26207355122475	1.61675556583958	-0.91908955162153	7
C6_8h	101	LT934125.1	+	46233	46235	46234								3
C6_8h	104	LT934125.1	+	47311	47348	47311	47318	1.53301828478082	0.0724313330065785	47327	15.8694144094737	12.2208901994684	0.995149676118656	38
C6_8h	109	LT934125.1	+	48267	48328	48281	48306	5.30499354668988	0.172518689634418					62
C6_8h	110	LT934125.1	+	48362	48571	48567	48570	17.5152365473545	5.96671216540822	48561	-6.28526863542344	7.86656903554192	-0.995149676118656	210
C6_8h	111	LT934125.1	+	49082	49261	49196	49236	8.81253653729319	0.195836697788589	49184	-12.2276597212908	59.12216645493	-0.995149676118656	180
C6_8h	112	LT934125.1	+	49318	49356	49318	49323	1.37379373870179	0.07775391798219	49331	13.473229127067	10.3684973855461	0.995149676118656	39
C6_8h	113	LT934125.1	+	49501	49558	49501	49506	1.25354568418206	0.053920857364977	49519	17.6703546774341	13.6121766596673	0.995149676118656	58
C6_8h	118	LT934125.1	+	51232	51239	51235	51237	6.66579284911949	2.94603638483455	51236	0.850765442724261	1.32667722102104	0.527760724447363	8
C6_8h	120	LT934125.1	+	51665	51737	51690	51723	10.3692801353649	0.288035488925006					73
C6_8h	123	LT934125.1	+	52435	52484	52460	52458	0.867946575720798	0.066332911375393					50
C6_8h	128	LT934125.1	+	53643	53652	53648	53650	3.75748528385124	1.15628299668714					10
C6_8h	130	LT934125.1	+	53902	54031	53902	53926	1.51815792121468	0.0212517768313426	53966	64.3184424902448	44.9355263350805	-0.0466857958972709	130
C6_8h	131	LT934125.1	+	54470	54475	54475								6
C6_8h	132	LT934125.1	+	54659	54782	54679	54717	2.68114735995115	0.0445279572168288	54719	39.9812311822146	39.4536555834207	0.0545101538880159	124
C6_8h	136	LT934125.1	+	55710	55738	55738								29
C6_8h	145	LT934125.1	+	59038	59074	59068	59070	6.49977610617152	2.56068088939647	59060	-8.05271006210968	10.7102107728142	-0.995149676118656	37
C6_8h	147	LT934125.1	+	60233	60260	60234	60233	0.892586329358026	0.0971344980087172	60241	7.05018468902464	6.16383625129204	0.995149676118656	28
C6_8h	154	LT934125.1	+	61814	61874	61825								61
C6_8h	160	LT934125.1	+	66337	66359	66338	66340	1.84870486084342	0.348321097544804					23
C6_8h	168	LT934125.1	+	69237	69252	69244	69250	18.4410852749135	2.83721463231317	69243	-1.00019075324173	4.24273914306266	0.0590067367165062	16
C6_8h	170	LT934125.1	+	69748	69785	69765	69766	1.07542872565443	0.0839890935979117	69770	4.6999999988787	11.3053084797911	8.51929401561732e-06	38
C6_8h	171	LT934125.1	+	70090	70095	70090								6
C6_8h	172	LT934125.1	+	70311	70364	70311	70327	2.50535393513436	0.097095614892023	70330	18.6720860715322	14.3741452414449	0.995149676118656	54
C6_8h	173	LT934125.1	+	70525	70531	70531				70530	-1.06357067283918	0.819681280988309	-0.995149676118656	7
C6_8h	175	LT934125.1	+	70952	71194	71035	71075	1.84603477889242	0.0212555412255887	71063	28.1159048096217	84.7793518672234	0.995149676118656	243
C6_8h	178	LT934125.1	+	72758	72788	72759	72763	1.31391898402464	0.0796325319152823					31
C6_8h	184	LT934125.1	+	74375	74408	74402	74404	2.3542152209921	0.651387126063278	74402	-0.474612417720537	2.22930372024142	-0.0787232919814153	34
C6_8h	186	LT934125.1	+	75338	75441	75382	75371	0.725244286888278	0.0257462280647086	75390	8.37951344940324	28.3643596177851	0.487809663087281	104
C6_8h	188	LT934125.1	+	76677	76692	76683	76685	3.51059975440873	1.22462574765877	76683	0.437410825557209	2.75982137580362	-0.163620378335904	16
C6_8h	189	LT934125.1	+	76990	76992	76990								3
C6_8h	193	LT934125.1	+	78018	78062	78044	78049	2.00237138903756	0.196972501438324	78043	-1.1282490406743	6.79080036742569	0.432702056336456	45
C6_8h	195	LT934125.1	+	78825	78844	78825	78839	12.959464012217	0.827195038351125					20
C6_8h	196	LT934125.1	+	79070	79171	79143								102
C6_8h	197	LT934125.1	+	79248	79319	79269	79298	5.99445028921871	0.172493874452113					72
C6_8h	198	LT934125.1	+	79401	79445	79444								45
C6_8h	199	LT934125.1	+	79585	79632	79622				79612	-9.69097016569067	15.1004471846161	-0.995149676118656	48
C6_8h	200	LT934125.1	+	79753	79825	79781	79786	1.37205872769165	0.0711930646279072	79790	8.95226887733788	16.5396706676216	0.531086116823073	73
C6_8h	201	LT934125.1	+	81081	81084	81082								4
C6_8h	210	LT934125.1	+	83975	83980	83975	83978	19.0720230376895	5.44904117094043	83977	1.88976688649082	1.45637168374506	0.995149676118656	6
C6_8h	225	LT934125.1	+	89876	89892	89883								17
C6_8h	227	LT934125.1	+	90381	90390	90381	90384	1.95113577548131	0.33935425089039					10
C6_8h	229	LT934125.1	+	91112	91154	91154								43
C6_8h	230	LT934125.1	+	91409	91415	91409	91412	14.4468969885409	4.70356936797597	91411	1.76111109889336	1.35668538651306	0.995149676118656	7
C6_8h	231	LT934125.1	+	91545	91570	91548								26
C6_8h	234	LT934125.1	+	92453	92454	92453								2
C6_8h	257	LT934125.1	+	107389	107509	107482	107478	0.631997087578664	0.0859407186331593	107461	-21.3726951960412	30.0897833319852	-0.860658380754236	121
C6_8h	260	LT934125.1	+	108050	108083	108072								34
C6_8h	261	LT934125.1	+	108289	108328	108294	108313	9.41234148047505	0.448211285455891					40
C6_8h	266	LT934125.1	+	114979	114988	114985	114987	4.1615709405552	1.91742812100273					10
C6_8h	269	LT934125.1	+	115886	116195	116170	116169	0.859209541361175	0.104141595774105	116083	-86.7169529287431	85.1086160945561	-0.995149676118656	310
C6_8h	270	LT934125.1	+	116245	116321	116276	116293	2.90619556581507	0.115110120313301	116279	3.07227529647292	21.1711530321789	0.818185752533673	77
C6_8h	271	LT934125.1	+	116355	116852	116791	116819	5.07631417981109	0.143318563687445	116599	-191.792460537594	147.107147983835	0.00373845990169349	498
C6_8h	272	LT934125.1	+	117603	117612	117607								10
C6_8h	273	LT934125.1	+	117769	117789	117769	117769	1.03862506748967	0.0944079571381992					21
C6_8h	278	LT934125.1	+	118857	118868	118864	118866	16.1624741753693	7.63895532812903	118863	-0.724135436893415	2.0732417176451	-0.657573667027243	12
C6_8h	280	LT934125.1	+	119261	119304	119271	119269	0.890866138075527	0.047616508323647	119282	11.4189250141409	15.0908458121814	0.882549132669776	44
C6_8h	281	LT934125.1	+	119436	119570	119567				119509	-57.6907499312794	46.4760425218562	-0.995149676118656	135
C6_8h	282	LT934125.1	+	119617	119879	119763	119804	3.45226939325265	0.0595134280160996	119759	-4.09316848354024	78.8223974865426	-0.758015594671402	263
C6_8h	283	LT934125.1	+	119912	119976	119941	119952	2.59855033356546	0.150433030613072	119948	7.27859512224696	16.1418961999823	-0.452785233401344	65
C6_8h	284	LT934125.1	+	120075	120130	120081	120110	4.847407745125	0.133051281881624	120102	21.268869932973	21.2912182253907	-0.995149676118656	56
C6_8h	285	LT934125.1	+	120554	120558	120555	120557	76.5010618637213	36.8334243769847	120556	0.704123257244284	0.900610386298885	0.86913450424153	5
C6_8h	287	LT934125.1	+	120933	120938	120933	120937	95.6263435137823	22.3132552094667	120935	2.40350790505946	1.99384124224163	-0.995149676118656	6
C6_8h	289	LT934125.1	+	121715	121789	121784	121786	14.6092013978461	6.60595467636378	121781	-3.07554181090028	5.32869244104025	-0.959253092581294	75
C6_8h	292	LT934125.1	+	122520	122575	122575								56
C6_8h	293	LT934125.1	+	122700	122795	122795								96
C6_8h	294	LT934125.1	+	122922	122988	122979	122981	2.76430576382659	0.935285857611484	122974	-5.33463673964644	9.59067654985049	-0.900809889296829	67
C6_8h	300	LT934125.1	+	124295	124316	124302	124303	1.26758357735586	0.368070530522872	124303	1.46396578207964	3.81721578635129	0.444972382978003	22
C6_8h	301	LT934125.1	+	124487	124629	124586	124599	2.32319851502108	0.104397609786033	124566	-20.079882294465	34.7817184132557	-0.625960741087067	143
C6_8h	302	LT934125.1	+	124725	124757	124756								33
C6_8h	303	LT934125.1	+	125054	125104	125104								51
C6_8h	304	LT934125.1	+	125193	125229	125225	125227	4.28443370759131	2.00818490852279	125224	-0.760645165725378	1.79863525014285	-0.459403513197175	37
C6_8h	305	LT934125.1	+	125329	125373	125373								45
C6_8h	306	LT934125.1	+	125729	125753	125729	125739	3.67893580980682	0.272518445553967	125737	7.98698562150552	6.15658812482138	0.995149676118656	25
C6_8h	307	LT934125.1	+	125917	126047	126005	126026	5.44109870511241	0.209263829595538	125978	-27.3695055776788	38.9028732200155	-0.608378225924868	131
C6_8h	310	LT934125.1	+	128031	128083	128047	128064	5.60243940441596	0.275537162128608	128053	5.66351870502401	16.5959376707008	0.995149676118656	53
C6_8h	311	LT934125.1	+	128185	128212	128189	128196	3.52489411227858	0.384517116602718	128191	2.46288136141396	4.97198375998729	0.995149676118656	28
C6_8h	320	LT934125.1	+	136157	136174	136158	136156	0.803140291299722	0.126841764635014					18
C6_8h	321	LT934125.1	+	136335	136352	136348	136350	4.48005323148599	1.62895378505574	136347	-0.612786018276771	3.5329426359535	-0.995149676118656	18
C6_8h	333	LT934125.1	+	141197	141215	141215								19
C6_8h	338	LT934125.1	-	3133	3189	3163	3173	3.78591914386294	0.275277690404644	3166	2.59542744380541	14.7643061431655	-0.5474284560378	57
C6_8h	339	LT934125.1	-	3310	3389	3351	3381	11.0968825720391	0.336279779685084	3351	-0.0830538257134398	24.2308576013466	0.257401760288052	80
C6_8h	340	LT934125.1	-	3419	3504	3489	3497	4.66334597812883	0.457238883343372	3468	-20.7396256030672	27.3683276991935	-0.995149676118656	86
C6_8h	341	LT934125.1	-	3838	3942	3910	3908	0.690231665033279	0.161856991858524	3904	-5.66849667791409	14.3325311814224	-0.597273762108664	105
C6_8h	354	LT934125.1	-	9057	9083	9058	9081	245.042733081039	10.4275218949662					27
C6_8h	355	LT934125.1	-	9494	9533	9494	9496	1.21398115318328	0.128064914124128					40
C6_8h	364	LT934125.1	-	16690	16807	16765	16793	13.9388998349722	0.454537759993668	16764	-0.679696327533865	32.6830275048509	-0.995149676118656	118
C6_8h	365	LT934125.1	-	16911	17063	16934	16984	2.91883793030169	0.0381794780343965	16975	41.0356105262461	49.0173954816029	0.995149676118656	153
C6_8h	366	LT934125.1	-	17094	17256	17123	17154	1.87684140241954	0.0286522100359583	17171	48.4787583946224	49.4258196360542	0.846986417269587	163
C6_8h	367	LT934125.1	-	17295	17407	17341	17353	1.93508402844186	0.076300510947794	17351	10.3194661074853	21.1710694909823	0.195373952690572	113
C6_8h	370	LT934125.1	-	18528	18557	18546								30
C6_8h	373	LT934125.1	-	19470	19514	19471	19472	1.30890820230707	0.379348025901086	19474	2.62606606060831	2.78798190866867	0.995149676118656	45
C6_8h	378	LT934125.1	-	21888	22012	21941	21942	1.04942477677438	0.0369122564242964	21949	7.97340707525866	22.1270637047215	0.468393064856699	125
C6_8h	379	LT934125.1	-	22144	22221	22144	22156	1.49268806541623	0.0412758115239571	22174	30.4643888289528	23.4252636003949	0.995149676118656	78
C6_8h	380	LT934125.1	-	22343	22382	22379				22368	-10.9162596061587	10.6795556659358	-0.995149676118656	40
C6_8h	381	LT934125.1	-	22565	22614	22605								50
C6_8h	390	LT934125.1	-	25273	25313	25313				25302	-10.6110112212851	8.18765425727422	-0.995149676118656	41
C6_8h	394	LT934125.1	-	28552	28671	28572	28582	1.23683233485355	0.0231864380254794	28603	30.7213985029439	38.8383316047994	0.995149676118656	120
C6_8h	395	LT934125.1	-	28750	28848	28848				28797	-50.6460392306713	36.3178031891727	0.995149676118656	99
C6_8h	396	LT934125.1	-	29042	29161	29068	29104	3.50902707954877	0.0700298390978769	29091	22.6184420711238	37.2094639409176	0.995149676118656	120
C6_8h	397	LT934125.1	-	29278	29288	29288								11
C6_8h	398	LT934125.1	-	29404	29424	29414	29416	2.07659793942198	0.471920300932394	29411	-2.54645011323783	2.42708290245166	-0.603677511961445	21
C6_8h	404	LT934125.1	-	30873	30882	30877	30878	1.85036568860306	0.616744090210479					10
C6_8h	409	LT934125.1	-	32836	32915	32842	32862	1.78968696793251	0.0392525560775556	32866	23.6330717318297	22.7174146971882	0.995149676118656	80
C6_8h	414	LT934125.1	-	34430	34478	34478				34468	-10.2737331599041	7.91770464598873	-0.995149676118656	49
C6_8h	420	LT934125.1	-	41994	41997	41995								4
C6_8h	429	LT934125.1	-	44886	44893	44889	44893	184.646456349782	47.0660038142926	44890	0.793692125545998	2.20364179335435	0.504044047428079	8
C6_8h	441	LT934125.1	-	50336	50376	50370								41
C6_8h	442	LT934125.1	-	50492	50536	50492	50497	1.27143042896035	0.0529737299879057					45
C6_8h	443	LT934125.1	-	50592	50743	50592	50642	4.25814333815727	0.0646562392450634	50647	55.3286076422979	38.977082765572	0.635264318070906	152
C6_8h	444	LT934125.1	-	50979	51007	50986	50990	1.60128269712053	0.152480288244814	50990	3.52437237904921	8.07899506463403	0.995149676118656	29
C6_8h	445	LT934125.1	-	51143	51149	51147								7
C6_8h	457	LT934125.1	-	55362	55626	55438	55451	1.16281674012522	0.0123016019734014	55479	41.2945930944333	85.5347929145516	0.985912740505213	265
C6_8h	458	LT934125.1	-	55878	55995	55967	55992	69.0848529372191	2.76340381711691	55938	-29.3010807494719	43.8724114856888	-0.995149676118656	118
C6_8h	459	LT934125.1	-	56183	56222	56188	56189	1.50832978256811	0.618603317685888					40
C6_8h	461	LT934125.1	-	56940	56983	56946	56939	0.678076396681165	0.0435426488275359					44
C6_8h	466	LT934125.1	-	58564	58575	58570	58572	5.157972558799	1.72010057931184					12
C6_8h	469	LT934125.1	-	59276	59281	59277				59277	0.342627636067937	1.03288703249313	0.995149676118656	6
C6_8h	475	LT934125.1	-	63417	63438	63420	63423	2.67335621438536	0.530089116407745					22
C6_8h	478	LT934125.1	-	64123	64127	64127				64125	-1.78953196823466	1.3777277304879	-0.995149676118656	5
C6_8h	482	LT934125.1	-	64914	64952	64948				64937	-10.9390383575316	11.4549799556006	-0.995149676118656	39
C6_8h	485	LT934125.1	-	65718	65756	65752				65749	-2.53528074711144	3.14118938026288	-0.873124199348518	39
C6_8h	498	LT934125.1	-	70431	70474	70451	70471	44.9923042902355	2.22188205074331	70456	4.80101673896371	13.9057615409454	-0.0201624988896667	44
C6_8h	502	LT934125.1	-	71848	71904	71889				71882	-6.73020209910432	16.6947149029971	-0.995149676118656	57
C6_8h	505	LT934125.1	-	72871	72874	72871								4
C6_8h	509	LT934125.1	-	74340	74345	74345								6
C6_8h	514	LT934125.1	-	76860	76863	76860								4
C6_8h	517	LT934125.1	-	80435	80484	80484				80467	-16.9315778081357	13.0567401985197	-0.995149676118656	50
C6_8h	518	LT934125.1	-	80517	80679	80645	80656	2.98044235133876	0.187437622583713	80610	-35.0207880805875	52.659772145368	-0.995149676118656	163
C6_8h	519	LT934125.1	-	80805	80940	80854	80848	0.816478357268363	0.0317794557924116	80861	6.96899585945087	28.6623442856957	0.657421617765686	136
C6_8h	520	LT934125.1	-	81081	81141	81081	81109	4.93652098540435	0.141031998441207					61
C6_8h	521	LT934125.1	-	81804	81897	81804	81794	0.488286659710141	0.0508115109822456	81820	15.5565661028569	11.9933900237265	0.995149676118656	94
C6_8h	522	LT934125.1	-	82009	82044	82024								36
C6_8h	529	LT934125.1	-	87155	87161	87161				87159	-1.62060386798078	1.2504923066094	-0.995149676118656	7
C6_8h	530	LT934125.1	-	87392	87448	87447				87433	-13.9354413573164	11.4607493351056	-0.995149676118656	57
C6_8h	537	LT934125.1	-	89072	89079	89079								8
C6_8h	542	LT934125.1	-	92274	92329	92274	92300	4.41546271279605	0.129851228842159	92301	26.9749463585483	19.1982170764987	-0.745710994602103	56
C6_8h	543	LT934125.1	-	92510	92631	92561	92606	10.1391982140628	0.204533111089751	92582	20.7284736937917	37.7362473166086	-0.995149676118656	122
C6_8h	544	LT934125.1	-	92774	92783	92774								10
C6_8h	545	LT934125.1	-	92931	92936	92933	92935	7.92089217048192	2.97436308336648					6
C6_8h	547	LT934125.1	-	93178	93249	93217	93217	1.02629280037939	0.061267805324523	93218	1.20032522313483	21.7368338992984	-0.372967757492231	72
C6_8h	548	LT934125.1	-	93397	93480	93397	93426	2.69253831024476	0.0585412202681641					84
C6_8h	549	LT934125.1	-	93652	93654	93654								3
C6_8h	552	LT934125.1	-	94481	94536	94526	94529	11.4850563884914	3.51320035561192	94525	-1.08323117567005	4.88960023103527	-0.79763965211679	56
C6_8h	554	LT934125.1	-	94943	94973	94947	94945	0.641896231670268	0.151021812956984					31
C6_8h	558	LT934125.1	-	96194	96332	96324				96273	-50.9541405862963	45.251451694839	-0.995149676118656	139
C6_8h	559	LT934125.1	-	96522	96606	96596	96600	3.40133318050947	0.624769537788889	96581	-15.3236946067379	19.4225978176299	-0.995149676118656	85
C6_8h	560	LT934125.1	-	96832	96867	96834	96853	4.61356275756969	0.192226336041305					36
C6_8h	562	LT934125.1	-	97321	97367	97339	97350	2.85310420475169	0.168258050816627	97346	6.86613318104815	12.222416600071	0.0028260557056092	47
C6_8h	569	LT934125.1	-	102487	102520	102502								34
C6_8h	580	LT934125.1	-	107365	107382	107369	107373	2.17109998592163	0.271361516482729	107370	0.612786018276771	3.5329426359535	0.995149676118656	18
C6_8h	581	LT934125.1	-	107543	107560	107559								18
C6_8h	590	LT934125.1	-	115505	115532	115528				115525	-2.5840775469817	5.0659396298079	-0.995149676118656	28
C6_8h	591	LT934125.1	-	115634	115686	115670	115680	7.7565354403079	0.674502021667509	115664	-5.66351870502401	16.5959376707008	-0.995149676118656	53
C6_8h	595	LT934125.1	-	118379	118400	118400								22
C6_8h	597	LT934125.1	-	119035	119061	119058								27
C6_8h	599	LT934125.1	-	119910	119931	119910	119916	3.11326561825168	0.32774505270497	119917	6.81903756667065	5.24932346272761	0.995149676118656	22
C6_8h	601	LT934125.1	-	120418	120454	120454				120436	-17.7751743110414	12.262500688973	0.780502950737031	37
C6_8h	610	LT934125.1	-	126864	127081	126926	126977	2.78648598196464	0.0353320399865287	126974	47.6537693635397	59.2182805714078	0.00192765916106397	218
C6_8h	611	LT934125.1	-	127112	127362	127165	127214	1.94110443848428	0.0193962108522189	127236	70.7684976123765	72.501915222075	-0.0292605559051278	251
C6_8h	612	LT934125.1	-	127396	127472	127416	127446	9.63635250353557	0.285841339136641	127438	21.9277247035271	21.1711530321789	-0.818185752533674	77
C6_8h	613	LT934125.1	-	127522	127831	127547	127597	1.74150044380094	0.0148318536895947	127634	86.716952928743	85.108616094556	0.995149676118656	310
C6_8h	615	LT934125.1	-	128729	128738	128732	128736	8.65841286516107	1.92414647454088					10
C6_8h	620	LT934125.1	-	135389	135428	135407								40
C6_8h	623	LT934125.1	-	136208	136328	136235	136269	2.72407346782868	0.0502696884952442	136256	21.3726951960412	30.0897833319852	0.860658380754236	121
NRK_1h	8	LT934125.1	+	48567	48570	48567								4
NRK_1h	11	LT934125.1	+	52440	52460	52460								21
NRK_1h	12	LT934125.1	+	59068	59070	59068								3
NRK_1h	18	LT934125.1	+	118860	118866	118864				118863	-0.774152131566031	2.13391056128441	-0.995149676118656	7
NRK_1h	23	LT934125.1	+	125223	125225	125223								3
NRK_1h	35	LT934125.1	-	97321	97361	97337	97342	1.57476361684516	0.121141497221599	97341	3.52969184383381	9.27456181283722	0.475185742557624	41
NRK_2h	3	LT934125.1	+	1334	1339	1337								6
NRK_2h	6	LT934125.1	+	9267	9270	9270								4
NRK_2h	12	LT934125.1	+	31097	31098	31098								2
NRK_2h	16	LT934125.1	+	44809	44812	44810								4
NRK_2h	20	LT934125.1	+	48567	48570	48567								4
NRK_2h	22	LT934125.1	+	51230	51238	51230								9
NRK_2h	23	LT934125.1	+	52444	52462	52460	52461	8.65392998674322	5.76961353535162					19
NRK_2h	25	LT934125.1	+	59044	59074	59068	59070	4.44242446616613	1.58670134064869	59062	-6.38422549336504	9.48219072588703	-0.995149676118656	31
NRK_2h	29	LT934125.1	+	70529	70547	70529	70531	1.20731781662761	0.134132223638573					19
NRK_2h	33	LT934125.1	+	79440	79445	79444								6
NRK_2h	40	LT934125.1	+	114985	114988	114985	114987	5.57681717372952	2.2309375265862	114986	1.15178531639328	0.888525790921094	0.995149676118656	4
NRK_2h	45	LT934125.1	+	118857	118866	118864				118862	-1.59732211256337	2.76192303161151	-0.995149676118656	10
NRK_2h	49	LT934125.1	+	122979	122983	122979	122982	8.6516037381288	2.88343495957513					5
NRK_2h	51	LT934125.1	+	125217	125225	125223	125225	20.2289223970862	10.8925697352877	125223	0.0178985260980306	1.52686764466708	-0.995149676118656	9
NRK_2h	57	LT934125.1	-	9494	9500	9494								7
NRK_2h	61	LT934125.1	-	29408	29414	29412								7
NRK_2h	68	LT934125.1	-	56182	56194	56194				56190	-4.19506926400362	3.22959476096121	-0.995149676118656	13
NRK_2h	79	LT934125.1	-	97337	97361	97337	97339	1.20765090751902	0.125717262786185	97346	8.58530117481524	6.60720509059027	0.995149676118656	25
NRK_2h	86	LT934125.1	-	128729	128732	128732				128731	-1.15178531639328	0.888525790921094	-0.995149676118656	4
PC_12_0.5h	15	LT934125.1	-	56188	56194	56188								7
PC_12_1.5h	2	LT934125.1	+	1334	1345	1337	1340	2.39388911350699	0.478808477036512	1337	0.300006837984953	2.53409336583254	0.995149676118656	12
PC_12_1.5h	4	LT934125.1	+	9267	9274	9270	9271	2.39492131645764	0.957940788367842	9270	0.0337598926071151	1.49620655552316	0.366456583615286	8
PC_12_1.5h	9	LT934125.1	+	31098	31098	31098								1
PC_12_1.5h	15	LT934125.1	+	48565	48571	48567	48570	135.294505419907	43.7711677600386	48568	1.15153620996631	1.60888052967202	0.776394593767203	7
PC_12_1.5h	17	LT934125.1	+	51230	51235	51230								6
PC_12_1.5h	18	LT934125.1	+	52444	52460	52460								17
PC_12_1.5h	20	LT934125.1	+	59044	59070	59068				59060	-7.82715998052985	7.54644457431877	-0.995149676118656	27
PC_12_1.5h	26	LT934125.1	+	70529	70534	70531				70531	-0.337966773123292	1.2791269941933	0.995149676118656	6
PC_12_1.5h	27	LT934125.1	+	74400	74402	74400								3
PC_12_1.5h	30	LT934125.1	+	79440	79454	79444				79444	-0.285032237020573	2.85813678935491	0.995149676118656	15
PC_12_1.5h	35	LT934125.1	+	114985	114988	114985	114987	4.02607429249609	1.82990347984416					4
PC_12_1.5h	39	LT934125.1	+	117769	117769	117769								1
PC_12_1.5h	42	LT934125.1	+	118860	118866	118864				118863	-1.10588281975946	1.87233505493303	-0.771180034801841	7
PC_12_1.5h	50	LT934125.1	+	125221	125225	125225				125224	-1.11129705808224	0.856623412069147	-0.995149676118656	5
PC_12_1.5h	56	LT934125.1	-	3908	3914	3910								7
PC_12_1.5h	59	LT934125.1	-	9494	9500	9494	9500	165.722164779652	28.8214893034181	9497	3.0228224379623	2.32942741048974	0.995149676118656	7
PC_12_1.5h	76	LT934125.1	-	51144	51147	51147								4
PC_12_1.5h	78	LT934125.1	-	56185	56194	56188	56189	1.54685808652825	0.441981348000742	56189	0.702577482899642	2.29493997226685	0.703184123454699	10
PC_12_1.5h	79	LT934125.1	-	63420	63424	63420								5
PC_12_1.5h	92	LT934125.1	-	97327	97366	97337	97338	1.11928375079007	0.110881830110816	97343	6.15185908968939	8.17360899267866	0.804981983929277	40
PC_12_1.5h	100	LT934125.1	-	128729	128732	128732								4
PC_12_12h	1	LT934125.1	+	779	779	779								1
PC_12_12h	2	LT934125.1	+	986	990	990				989	-1.22644927802901	0.945898888076976	-0.995149676118656	5
PC_12_12h	3	LT934125.1	+	1334	1369	1337	1341	1.39406862274282	0.0967650201282959	1341	4.26254058127374	5.58675804807718	0.995149676118656	36
PC_12_12h	4	LT934125.1	+	1590	1604	1600	1603	22.7136716479422	7.80195620799899					15
PC_12_12h	6	LT934125.1	+	7587	7596	7588	7591	7.65325620435396	2.08367089396659	7590	1.77679513867132	1.76816868079667	0.962204867698966	10
PC_12_12h	7	LT934125.1	+	7811	7811	7811								1
PC_12_12h	8	LT934125.1	+	9107	9114	9113				9111	-1.56799191808852	1.68840656175048	-0.951969529942317	8
PC_12_12h	9	LT934125.1	+	9267	9270	9270								4
PC_12_12h	10	LT934125.1	+	9640	9650	9643	9645	3.36845883594457	1.3501856935772	9645	1.704653716743	1.7195027817754	0.415008966156488	11
PC_12_12h	12	LT934125.1	+	10046	10121	10075	10100	5.4794086045163	0.176418516702615	10092	16.8949467454805	22.2802061161772	-0.995149676118656	76
PC_12_12h	13	LT934125.1	+	10252	10280	10252	10262	2.14296840249308	0.109566364828059	10265	13.0773333664306	10.069912304883	0.995149676118656	29
PC_12_12h	14	LT934125.1	+	10431	10434	10431	10433	11.5013897636497	5.56513461575514					4
PC_12_12h	15	LT934125.1	+	11791	11798	11793	11794	2.53111648899033	1.02129698540203	11793	0.203871086025161	1.69067833357562	0.995149676118656	8
PC_12_12h	21	LT934125.1	+	14042	14051	14048	14050	5.63742391239706	2.51885061134447					10
PC_12_12h	22	LT934125.1	+	14724	14724	14724								1
PC_12_12h	23	LT934125.1	+	14910	14910	14910								1
PC_12_12h	24	LT934125.1	+	15113	15170	15136	15159	13.5012715370658	0.538753674080549	15143	7.41871284196205	20.4055799221865	-0.995149676118656	58
PC_12_12h	25	LT934125.1	+	15287	15287	15287								1
PC_12_12h	26	LT934125.1	+	15468	15495	15468	15469	1.05677834607984	0.0789434618379991	15479	11.1308242763046	8.56190997393921	0.995149676118656	28
PC_12_12h	27	LT934125.1	+	15709	15973	15856	15885	1.83233147772441	0.0286633503797449	15841	-15.2180500238661	78.6365189281965	0.035202734548838	265
PC_12_12h	28	LT934125.1	+	16052	16069	16069				16061	-7.76923978386122	5.97961190839576	-0.995149676118656	18
PC_12_12h	29	LT934125.1	+	17647	17647	17647								1
PC_12_12h	30	LT934125.1	+	18853	18870	18853	18869	101.263918361464	6.32910614165119	18861	8.46604704614833	6.57061949090206	-0.995149676118656	18
PC_12_12h	31	LT934125.1	+	19079	19079	19079								1
PC_12_12h	33	LT934125.1	+	29465	29465	29465								1
PC_12_12h	34	LT934125.1	+	30235	30242	30240	30241	8.70699936542208	6.33274573325723	30239	-1.23247483872624	2.15052733558319	-0.866247028996985	8
PC_12_12h	35	LT934125.1	+	30932	30932	30932								1
PC_12_12h	36	LT934125.1	+	31093	31098	31098								6
PC_12_12h	37	LT934125.1	+	31357	31358	31357	31357	1	1.66666666666667					2
PC_12_12h	38	LT934125.1	+	31525	31528	31525	31528	34.9980109024729	12.7268161427514					4
PC_12_12h	39	LT934125.1	+	31847	31859	31859				31854	-4.90437125362257	3.78352075415727	-0.995149676118656	13
PC_12_12h	40	LT934125.1	+	32016	32039	32038				32037	-0.960978035443936	1.04497441362463	-0.920193071369622	24
PC_12_12h	41	LT934125.1	+	33581	33584	33584				33583	-1.36024491592164	1.04901912108163	-0.995149676118656	4
PC_12_12h	44	LT934125.1	+	34749	34749	34749								1
PC_12_12h	45	LT934125.1	+	34854	34854	34854								1
PC_12_12h	46	LT934125.1	+	35001	35017	35017				35009	-7.70498613477777	5.9316778670291	-0.995149676118656	17
PC_12_12h	50	LT934125.1	+	44807	44815	44812	44814	7.32194038594609	3.19045931850858					9
PC_12_12h	51	LT934125.1	+	44946	44968	44946	44966	55.7597149633846	2.71996657431294					23
PC_12_12h	55	LT934125.1	+	46005	46029	46024	46026	2.93849133818608	1.22941515493134	46024	-0.29501526074751	3.3363312388686	-0.701086302634588	25
PC_12_12h	56	LT934125.1	+	46233	46235	46233	46234	8.60843121511923	6.14903196802691	46234	0.895551516100023	0.689469722933371	0.995149676118656	3
PC_12_12h	57	LT934125.1	+	46489	46489	46489								1
PC_12_12h	59	LT934125.1	+	47311	47317	47315	47317	35.6353767877357	18.530678614224	47315	0.0666122831731454	1.48749193556628	-0.995149676118656	7
PC_12_12h	60	LT934125.1	+	47628	47628	47628								1
PC_12_12h	61	LT934125.1	+	47872	47872	47872								1
PC_12_12h	63	LT934125.1	+	48253	48253	48253								1
PC_12_12h	64	LT934125.1	+	48373	48394	48373	48383	3.20100349373642	0.22077778413264	48382	9.43830658790028	7.26796094124944	0.995149676118656	22
PC_12_12h	65	LT934125.1	+	48520	48571	48567	48570	13.2020729182392	4.60329229830387					52
PC_12_12h	66	LT934125.1	+	48856	48950	48931	48931	0.987353880399617	0.148732422933322	48907	-24.0291490050054	26.5248337918798	-0.878051306412191	95
PC_12_12h	67	LT934125.1	+	49024	49135	49114	49121	2.3005009819341	0.190086355263509	49088	-25.6238543919626	31.3328078978574	-0.909070878953966	112
PC_12_12h	68	LT934125.1	+	49501	49506	49501	49505	8.54614393498128	2.10148066440036	49503	2.40496012408846	1.85250523252421	0.995149676118656	6
PC_12_12h	71	LT934125.1	+	51232	51241	51235	51237	7.38533754688777	3.1431547641323	51236	1.00390037557532	1.38378737221474	0.633485065559859	10
PC_12_12h	72	LT934125.1	+	51599	51599	51599								1
PC_12_12h	74	LT934125.1	+	52440	52484	52460	52458	0.774994451301839	0.0960549903010037	52456	-4.05502413963796	8.42715805685669	0.0255341327548982	45
PC_12_12h	76	LT934125.1	+	52934	52944	52934	52939	3.42362050419386	0.475491999695555	52939	4.96367219261394	3.8206684107758	0.995149676118656	11
PC_12_12h	78	LT934125.1	+	53643	53652	53648	53649	2.92869510720039	1.29509810987802					10
PC_12_12h	80	LT934125.1	+	53996	54015	53996	54009	8.04729907107793	0.55983563249153	54005	8.83619247807552	7.81734166982248	-0.995149676118656	20
PC_12_12h	81	LT934125.1	+	54421	54475	54475				54455	-20.1505735913651	15.5090666368754	-0.995149676118656	55
PC_12_12h	82	LT934125.1	+	54728	54753	54728	54740	4.36520504348736	0.287002083362817	54740	11.5599941781087	8.58873762492229	0.00117584453681977	26
PC_12_12h	83	LT934125.1	+	54887	54959	54938	54950	4.65731502299179	0.301530361817801	54928	-10.0239602715448	18.982856065846	-0.674958245267572	73
PC_12_12h	84	LT934125.1	+	55303	55355	55303	55319	2.16163820020294	0.0711951351033452	55326	23.2712269984697	17.9018989497045	0.995149676118656	53
PC_12_12h	85	LT934125.1	+	55474	55497	55480	55484	1.75697615632736	0.182530286928013	55483	2.97131140422317	6.88871646327528	0.995149676118656	24
PC_12_12h	86	LT934125.1	+	55706	55738	55712	55720	1.67956253686505	0.0850673324589442	55722	10.4372366358949	12.594663936667	0.995149676118656	33
PC_12_12h	87	LT934125.1	+	55997	56021	56000	56002	1.22444292716988	0.100066052401387	56007	6.68744075741182	7.44515681953011	0.995149676118656	25
PC_12_12h	88	LT934125.1	+	58894	58897	58897				58896	-1.48396782044209	1.14276753696201	-0.995149676118656	4
PC_12_12h	89	LT934125.1	+	59038	59074	59068	59070	4.3526028560855	1.62055554914998	59058	-10.0336735148203	12.2370070521227	-0.995149676118656	37
PC_12_12h	91	LT934125.1	+	59765	59793	59793				59784	-8.98940971647077	6.93006201655491	-0.995149676118656	29
PC_12_12h	93	LT934125.1	+	60232	60260	60235	60232	0.746418373410925	0.0939772012028974	60240	4.58491800871801	5.80986915797267	0.995149676118656	29
PC_12_12h	94	LT934125.1	+	61076	61078	61076				61077	0.962320660456291	0.741928159497943	0.995149676118656	3
PC_12_12h	95	LT934125.1	+	61663	61687	61663	61683	60.5996463771823	2.92739710242799	61677	14.4601086588618	7.33498569143444	-0.995149676118656	25
PC_12_12h	97	LT934125.1	+	61939	61939	61939								1
PC_12_12h	98	LT934125.1	+	62215	62233	62233				62225	-7.85290976491836	7.8117857196858	0.995149676118656	19
PC_12_12h	100	LT934125.1	+	65805	65809	65807	65809	10.4264624666757	6.25608942704871	65806	-0.56682543817219	1.10347762169641	0.995149676118656	5
PC_12_12h	101	LT934125.1	+	66335	66345	66338	66341	5.76221159246544	1.72878100736443	66339	0.959450840947388	1.67051636223976	0.702732134023857	11
PC_12_12h	103	LT934125.1	+	68873	68879	68873	68876	4.02672677685999	0.915244490421751	68876	2.99815879435792	2.30769342990452	0.995149676118656	7
PC_12_12h	104	LT934125.1	+	69237	69247	69244	69246	4.55767180066272	2.36997944061244	69242	-2.35614707896428	3.40877964929105	-0.852143987370197	11
PC_12_12h	106	LT934125.1	+	69755	69821	69765	69788	3.18008749199449	0.0957228525971426	69785	20.3207752051477	21.5460908237055	0.941949364168729	67
PC_12_12h	107	LT934125.1	+	70012	70090	70090				70065	-25.0316407078045	19.3027863028234	-0.995149676118656	79
PC_12_12h	108	LT934125.1	+	70284	70336	70311	70321	2.90644330713379	0.187217823205227	70315	3.58285834548883	16.4359034885976	-0.995149676118656	53
PC_12_12h	109	LT934125.1	+	70525	70531	70531				70530	-1.0161064552719	0.783242103509752	-0.995149676118656	7
PC_12_12h	110	LT934125.1	+	70828	70883	70850	70862	2.5925325319636	0.129622634933438	70859	8.7809776307984	17.1885310166337	-0.861947357021558	56
PC_12_12h	111	LT934125.1	+	71006	71035	71009	71023	6.23482526302177	0.361765126223737	71019	10.1506670452022	10.0929070224113	0.995149676118656	30
PC_12_12h	112	LT934125.1	+	71110	71149	71122	71137	5.91013042327426	0.318209182566291	71128	5.94083072660365	13.7661530256458	0.995149676118656	40
PC_12_12h	113	LT934125.1	+	71185	71254	71246	71251	8.51535059037158	1.3808984440151	71218	-27.5686274134025	23.83707351327	-2.66620022231538e-05	70
PC_12_12h	115	LT934125.1	+	72758	72763	72759	72760	2.77476616091016	1.22075224431438					6
PC_12_12h	116	LT934125.1	+	74399	74408	74402	74404	2.32196832587464	0.646946654249732	74402	-0.256289427945675	1.53739973787978	0.980976096658539	10
PC_12_12h	117	LT934125.1	+	75139	75154	75154				75147	-6.83874779922407	5.27184369650727	-0.995149676118656	16
PC_12_12h	118	LT934125.1	+	75349	75397	75382	75384	1.34610778075409	0.139263829423627	75372	-10.2830264066453	14.3212411136198	0.0293027737456566	49
PC_12_12h	120	LT934125.1	+	76677	76685	76683				76683	0.0229954487986468	1.52056529353092	-0.995149676118656	9
PC_12_12h	121	LT934125.1	+	76990	76990	76990								1
PC_12_12h	122	LT934125.1	+	78035	78062	78035	78040	2.75097983648994	0.323220135483705	78042	7.36848203108164	5.66358681954621	0.995149676118656	28
PC_12_12h	125	LT934125.1	+	79437	79454	79444	79445	1.35004216251664	0.335522968004515					18
PC_12_12h	126	LT934125.1	+	79584	79650	79622	79630	1.98607489139888	0.116824767429041	79617	-5.45395475050108	20.2177908888814	-0.031114398051759	67
PC_12_12h	127	LT934125.1	+	79686	79806	79781	79787	2.09503457680083	0.176673377917275	79754	-26.7706970759391	36.6537852987927	-0.918204622305104	121
PC_12_12h	128	LT934125.1	+	81332	81336	81332				81334	2.05878828091303	1.58669505765057	0.995149676118656	5
PC_12_12h	129	LT934125.1	+	81436	81436	81436								1
PC_12_12h	130	LT934125.1	+	83975	83978	83978				83977	-1.48481013909492	1.1434171733423	-0.995149676118656	4
PC_12_12h	134	LT934125.1	+	86255	86282	86278	86281	6.06502852017122	1.69832333752421	86272	-5.63893719089288	7.41719281046624	-0.995149676118656	28
PC_12_12h	136	LT934125.1	+	87212	87216	87212	87215	15.0225174880285	4.41833230045557	87214	1.97329601767509	1.55992738418969	-0.995149676118656	5
PC_12_12h	137	LT934125.1	+	88883	88883	88883								1
PC_12_12h	140	LT934125.1	+	90381	90381	90381								1
PC_12_12h	142	LT934125.1	+	91409	91415	91409	91412	9.5479953543733	3.12698995249118	91411	1.73771102007978	1.33890060200604	0.995149676118656	7
PC_12_12h	143	LT934125.1	+	91545	91548	91548				91547	-1.11015744855575	0.856259135095822	-0.995149676118656	4
PC_12_12h	144	LT934125.1	+	92288	92291	92288	92290	5.61474668454569	2.36404547662563	92289	1.45071902628424	1.11737800321299	0.995149676118656	4
PC_12_12h	145	LT934125.1	+	92421	92487	92453	92453	1.01854984732224	0.0520133539743522	92456	2.92277174248734	15.3541445553054	0.294915661180791	67
PC_12_12h	149	LT934125.1	+	101290	101293	101290				101292	1.59065043928268	1.22568121910556	0.995149676118656	4
PC_12_12h	150	LT934125.1	+	102838	102845	102838								8
PC_12_12h	151	LT934125.1	+	104763	104764	104764								2
PC_12_12h	154	LT934125.1	+	106594	106597	106594	106597	26.3602328281397	10.1385672559963	106596	1.5009206028214	1.15384671495752	-0.995149676118656	4
PC_12_12h	155	LT934125.1	+	107031	107035	107035				107033	-1.56530912708233	1.20514566470488	-0.995149676118656	5
PC_12_12h	156	LT934125.1	+	107308	107308	107308								1
PC_12_12h	157	LT934125.1	+	107473	107509	107482	107481	0.816724312489213	0.158225380790961	107484	2.27228637646987	6.0681701221851	0.69243205692419	37
PC_12_12h	158	LT934125.1	+	107614	107614	107614								1
PC_12_12h	159	LT934125.1	+	107754	107754	107754								1
PC_12_12h	161	LT934125.1	+	108051	108051	108051								1
PC_12_12h	162	LT934125.1	+	108159	108186	108186				108174	-12.0838808421343	11.4714026013045	0.995149676118656	28
PC_12_12h	163	LT934125.1	+	108290	108348	108310	108316	1.46343586753747	0.0797542656234525	108316	6.10498174151675	16.1867980980519	0.538087391337826	59
PC_12_12h	165	LT934125.1	+	112884	112886	112884								3
PC_12_12h	166	LT934125.1	+	113433	113435	113433				113434	1	1	-1.56592062456887e-16	3
PC_12_12h	167	LT934125.1	+	114979	114988	114985	114986	3.66199382304023	2.09185347669013					10
PC_12_12h	168	LT934125.1	+	115815	115815	115815								1
PC_12_12h	169	LT934125.1	+	115963	115963	115963								1
PC_12_12h	170	LT934125.1	+	116072	116072	116072								1
PC_12_12h	171	LT934125.1	+	116261	116283	116283				116274	-8.97110175031295	6.90952987468373	-0.995149676118656	23
PC_12_12h	172	LT934125.1	+	116586	116800	116759	116773	2.83699497828943	0.128526631981469	116710	-49.4244949328686	68.9368737073724	-0.995149676118656	215
PC_12_12h	174	LT934125.1	+	117605	117612	117607	117608	1.74729361493069	0.698994958776174					8
PC_12_12h	175	LT934125.1	+	117769	117796	117769	117779	3.41464383288243	0.239932545689681					28
PC_12_12h	176	LT934125.1	+	118852	118866	118864	118866	53.5774750299188	27.4767785066483	118863	-0.852563707189167	2.03259295639515	-0.76870311674428	15
PC_12_12h	177	LT934125.1	+	119157	119157	119157								1
PC_12_12h	178	LT934125.1	+	119266	119271	119266	119269	3.5472327072769	0.844499742386478	119268	2.18937034912449	1.68810777670459	0.995149676118656	6
PC_12_12h	179	LT934125.1	+	119421	119461	119436	119453	11.6802171888184	0.629519016320604	119439	3.33560974577209	14.0689208487225	0.995149676118656	41
PC_12_12h	180	LT934125.1	+	119550	119587	119567	119570	1.3895148447377	0.121572969796432	119567	-0.385580230137719	10.6949815855391	0.369316337917772	38
PC_12_12h	181	LT934125.1	+	119805	119889	119808	119829	1.99404700478842	0.0469924060396326	119843	34.8749106783234	28.956677694876	0.995149676118656	85
PC_12_12h	182	LT934125.1	+	119938	119964	119941	119946	1.70483744026076	0.156346324908761	119946	4.53489442578313	5.78410175904759	0.995149676118656	27
PC_12_12h	183	LT934125.1	+	120075	120090	120081	120089	83.2750535536635	9.70202430178303	120084	2.74191323220229	4.9771635005094	0.00339379419616597	16
PC_12_12h	184	LT934125.1	+	120194	120384	120312	120337	2.76285386690915	0.0696027527360787	120298	-14.1858731788841	57.5027049740333	-0.90728732827418	191
PC_12_12h	185	LT934125.1	+	120555	120557	120555								3
PC_12_12h	186	LT934125.1	+	120933	120937	120937				120935	-1.73057178839967	1.33340315109401	-0.995149676118656	5
PC_12_12h	187	LT934125.1	+	121783	121787	121784	121786	41.2153754909974	19.5253889527443	121785	0.798460427472398	0.838647141582564	0.940312187510673	5
PC_12_12h	188	LT934125.1	+	121902	121902	121902								1
PC_12_12h	189	LT934125.1	+	122171	122176	122171								6
PC_12_12h	190	LT934125.1	+	122301	122302	122301				122301	0.481160330245158	0.370964079609121	0.995149676118656	2
PC_12_12h	191	LT934125.1	+	122402	122402	122402								1
PC_12_12h	192	LT934125.1	+	122614	122614	122614								1
PC_12_12h	193	LT934125.1	+	122978	122988	122979	122981	3.54323542680926	1.36878764536148	122980	1.19837302374784	1.48170238178644	0.914601598862132	11
PC_12_12h	194	LT934125.1	+	124180	124180	124180								1
PC_12_12h	195	LT934125.1	+	124385	124402	124385	124391	2.35377411665028	0.238784889324292	124391	5.87290027153182	4.52848036895342	0.995149676118656	18
PC_12_12h	196	LT934125.1	+	124538	124571	124563	124568	8.7369149825472	1.43224767952086	124555	-7.53157917292801	11.8831190615601	-0.995149676118656	34
PC_12_12h	197	LT934125.1	+	124736	124757	124756								22
PC_12_12h	198	LT934125.1	+	124958	124958	124958								1
PC_12_12h	199	LT934125.1	+	125003	125105	125058	125080	3.34829022668068	0.107269288822509	125060	2.31645362704947	34.2142587938779	-0.995149676118656	103
PC_12_12h	200	LT934125.1	+	125221	125229	125225	125227	3.96533207839179	1.81662638680806	125224	-0.667685669707207	1.33536181434979	0.913087940480779	9
PC_12_12h	201	LT934125.1	+	125373	125373	125373								1
PC_12_12h	202	LT934125.1	+	125478	125478	125478								1
PC_12_12h	203	LT934125.1	+	125715	125729	125715	125722	3.52619849819259	0.348733042394013	125722	6.77417184210536	5.2152778592671	0.995149676118656	15
PC_12_12h	204	LT934125.1	+	128032	128105	128061	128071	2.48306653477543	0.148765980296197	128068	6.94635930506254	15.5572496448457	-0.118785935390723	74
PC_12_12h	205	LT934125.1	+	128182	128221	128185	128187	1.40275704627878	0.202461869204768	128190	4.55420930514656	5.78010683857608	0.995149676118656	40
PC_12_12h	206	LT934125.1	+	132614	132614	132614								1
PC_12_12h	207	LT934125.1	+	134977	134996	134990	134993	2.99691293914579	0.599396848324058	134988	-2.1050175751317	6.22767751506402	-0.995149676118656	20
PC_12_12h	208	LT934125.1	+	136158	136174	136158	136164	1.84639405223606	0.14905852036652					17
PC_12_12h	209	LT934125.1	+	136339	136351	136348	136350	4.40411508139877	2.07262662837765					13
PC_12_12h	210	LT934125.1	+	136664	136665	136664				136664	0.453414972076622	0.349673040439878	0.995149676118656	2
PC_12_12h	211	LT934125.1	+	137112	137112	137112								1
PC_12_12h	213	LT934125.1	+	141173	141173	141173								1
PC_12_12h	215	LT934125.1	-	3319	3351	3349				3339	-9.69601759558404	8.99749496884894	-0.995149676118656	33
PC_12_12h	216	LT934125.1	-	3880	3912	3910	3911	9.59546471483797	5.9399156753412	3904	-6.0702762411725	6.19953375885105	-0.995149676118656	33
PC_12_12h	217	LT934125.1	-	4924	4925	4925				4925	-0.3922361830229	0.302671063284271	-0.995149676118656	2
PC_12_12h	218	LT934125.1	-	7758	7758	7758								1
PC_12_12h	219	LT934125.1	-	9058	9058	9058								1
PC_12_12h	220	LT934125.1	-	9214	9217	9214				9215	1.20750146331358	0.931684640577893	0.995149676118656	4
PC_12_12h	222	LT934125.1	-	9492	9499	9494	9498	5.04709099390535	1.14925780598527					8
PC_12_12h	223	LT934125.1	-	9590	9601	9601				9596	-5.38461535371848	5.15212174473864	7.05345370043335e-07	12
PC_12_12h	225	LT934125.1	-	9882	9893	9885	9891	5.94316632461174	0.88513623203076	9888	2.69609270142464	4.12998712903988	0.896325431543636	12
PC_12_12h	226	LT934125.1	-	9988	10006	9994	10002	6.85206215144569	0.6991966709826	9996	1.88937422044033	6.01241316898456	0.774892803425498	19
PC_12_12h	228	LT934125.1	-	13935	13939	13939				13937	-1.63450152341722	1.26061002263515	-0.995149676118656	5
PC_12_12h	229	LT934125.1	-	14295	14295	14295								1
PC_12_12h	232	LT934125.1	-	15456	15465	15458	15462	3.86965406247972	0.67573845245665	15460	2.39883603757593	3.37462405090419	0.995149676118656	10
PC_12_12h	233	LT934125.1	-	15831	15842	15834	15837	1.7805813520132	0.296686806895592					12
PC_12_12h	234	LT934125.1	-	16155	16164	16164				16161	-2.91704373363145	2.25072677909802	-0.995149676118656	10
PC_12_12h	235	LT934125.1	-	16690	16745	16690	16723	6.26806698182152	0.160931836182191	16721	30.7665761437344	18.5892592342968	-0.995149676118656	56
PC_12_12h	236	LT934125.1	-	16791	17063	16817	16879	1.98229219774066	0.0157429605187173	16925	107.982190496197	82.6994903381228	0.0111442595087035	273
PC_12_12h	237	LT934125.1	-	17111	17123	17123				17119	-4.22838196185011	3.26101860435997	-0.995149676118656	13
PC_12_12h	238	LT934125.1	-	17193	17239	17239				17219	-20.288093930647	15.5958057926212	-0.995149676118656	47
PC_12_12h	239	LT934125.1	-	17279	17389	17341	17353	2.63829376136772	0.135217876815758	17344	2.74822640087841	20.5011902638435	-0.554740332687417	111
PC_12_12h	240	LT934125.1	-	17535	17551	17551				17543	-8.08513552548644	6.06953747181444	0.995149676118656	17
PC_12_12h	241	LT934125.1	-	17666	17670	17670				17668	-2.00519376151911	1.54482108651249	-0.995149676118656	5
PC_12_12h	242	LT934125.1	-	17766	17792	17783	17788	4.03345798610524	0.660066683709571	17780	-2.8289712818112	9.0775856970553	-0.995149676118656	27
PC_12_12h	243	LT934125.1	-	17978	17981	17978	17981	41.4884023942643	14.8177371270019	17980	1.65963382947101	1.27791037465962	0.995149676118656	4
PC_12_12h	244	LT934125.1	-	18161	18161	18161								1
PC_12_12h	246	LT934125.1	-	19468	19474	19471	19473	114.242094295685	57.2593610462581	19472	0.537030272822534	1.27653448037386	-0.0722282255804814	7
PC_12_12h	249	LT934125.1	-	21939	21952	21941	21944	4.23987014138379	0.964863141189764	21942	1.4786451186638	2.66954024179049	0.995149676118656	14
PC_12_12h	250	LT934125.1	-	22060	22060	22060								1
PC_12_12h	252	LT934125.1	-	25313	25313	25313								1
PC_12_12h	253	LT934125.1	-	27761	27774	27761	27770	4.93883847681462	0.459424613448794					14
PC_12_12h	254	LT934125.1	-	28572	28598	28572	28581	2.31153929650635	0.147530637826518	28583	11.406409844265	8.77533087142209	0.995149676118656	27
PC_12_12h	255	LT934125.1	-	28738	28794	28738	28754	1.76234441823124	0.0483446699770937	28767	29.4910269402745	20.3210982133329	-0.995149676118656	57
PC_12_12h	256	LT934125.1	-	28848	28848	28848								1
PC_12_12h	257	LT934125.1	-	29035	29127	29068	29086	2.79587390360922	0.097317161920896	29071	3.18792178460113	26.2825219653613	0.969281686778179	93
PC_12_12h	258	LT934125.1	-	29288	29288	29288								1
PC_12_12h	259	LT934125.1	-	29406	29418	29411	29412	3.48737214837098	1.71421753673432	29411	0.298977185319426	2.11374004274544	-0.494427353232188	13
PC_12_12h	260	LT934125.1	-	30877	30882	30877	30880	4.51309099627469	1.08940190609498	30879	1.78741023846286	1.37924699434889	0.995149676118656	6
PC_12_12h	261	LT934125.1	-	31198	31202	31202				31200	-1.81365988830538	1.39869216175743	-0.995149676118656	5
PC_12_12h	262	LT934125.1	-	31816	31824	31816				31820	3.97667329003329	3.06540209889545	0.995149676118656	9
PC_12_12h	264	LT934125.1	-	32370	32381	32370	32377	5.22304033976624	0.602652745711527	32375	4.95278387755272	3.81680558945207	0.995149676118656	12
PC_12_12h	265	LT934125.1	-	32828	32842	32842				32838	-3.52946629554088	2.72417835814223	-0.995149676118656	15
PC_12_12h	266	LT934125.1	-	32948	32972	32955	32969	17.8591676324687	1.2256213890748	32960	5.39999664565742	9.17096907289909	0.000669549221996777	25
PC_12_12h	271	LT934125.1	-	34474	34478	34474				34476	2.05878828091303	1.58669505765057	0.995149676118656	5
PC_12_12h	273	LT934125.1	-	41992	41997	41995								6
PC_12_12h	275	LT934125.1	-	44756	44756	44756								1
PC_12_12h	276	LT934125.1	-	44886	44893	44889	44891	4.13088208115963	1.27714419547643	44890	1.35913163404327	2.02995482194323	0.676541627528162	8
PC_12_12h	278	LT934125.1	-	46124	46124	46124								1
PC_12_12h	280	LT934125.1	-	49599	49599	49599								1
PC_12_12h	282	LT934125.1	-	50370	50376	50370	50375	11.5575867193004	2.24744264431645	50373	2.95831279340014	2.27897649299781	0.995149676118656	7
PC_12_12h	283	LT934125.1	-	50492	50498	50492	50494	2.03902568280368	0.531966155772226	50495	2.58649794562406	1.99242371833659	0.995149676118656	7
PC_12_12h	284	LT934125.1	-	50592	50592	50592								1
PC_12_12h	286	LT934125.1	-	50986	51007	50988	50995	2.3856273999339	0.196988891918627	50995	7.02289251839429	6.9315880652953	0.995149676118656	22
PC_12_12h	287	LT934125.1	-	51144	51147	51147								4
PC_12_12h	288	LT934125.1	-	52232	52237	52237								6
PC_12_12h	289	LT934125.1	-	53181	53181	53181								1
PC_12_12h	290	LT934125.1	-	53551	53555	53555				53553	-1.8461538704973	1.7473564155136	8.64226641335238e-05	5
PC_12_12h	291	LT934125.1	-	54174	54174	54174								1
PC_12_12h	292	LT934125.1	-	54702	54704	54702								3
PC_12_12h	294	LT934125.1	-	54983	54983	54983								1
PC_12_12h	295	LT934125.1	-	55369	55460	55378	55407	2.27372989187407	0.0441255880144362	55417	39.2131068784471	32.6923508438019	-0.995149676118656	92
PC_12_12h	296	LT934125.1	-	55496	55622	55523	55550	2.02599716926519	0.037970440929522	55560	36.8239299127701	38.592459580912	0.00206822690059193	127
PC_12_12h	297	LT934125.1	-	55661	55703	55685	55696	3.95750305509856	0.27962916343795	55681	-4.46437247312445	13.2713133246977	0.0807966486058249	43
PC_12_12h	298	LT934125.1	-	55768	55807	55807				55791	-16.4792191098037	12.6674417129148	-0.995149676118656	40
PC_12_12h	299	LT934125.1	-	55942	55967	55945	55949	1.31746235981005	0.0808759729445855	55952	7.02164046449117	7.69776148774743	0.995149676118656	26
PC_12_12h	300	LT934125.1	-	56185	56212	56188	56189	2.16478929730952	1.06544270365912					28
PC_12_12h	303	LT934125.1	-	56943	56950	56946	56948	4.27686249408592	2.10839961166124					8
PC_12_12h	304	LT934125.1	-	58570	58575	58570	58572	4.35566539966515	1.71130882467511	58571	1.12766729543299	0.870372648469717	0.995149676118656	6
PC_12_12h	306	LT934125.1	-	59273	59281	59277	59279	5.46210472102076	1.883621171024					9
PC_12_12h	307	LT934125.1	-	62075	62075	62075								1
PC_12_12h	308	LT934125.1	-	63417	63430	63420	63423	4.15826916871628	1.06018362889916					14
PC_12_12h	309	LT934125.1	-	64123	64129	64127	64128	9.75504066636912	7.66484170371568	64126	-1.20075144838441	1.71951081037411	-0.723457304506013	7
PC_12_12h	311	LT934125.1	-	64697	64697	64697								1
PC_12_12h	312	LT934125.1	-	65746	65753	65752				65750	-1.60636184072802	1.56136398472028	-0.95071147828411	8
PC_12_12h	314	LT934125.1	-	66750	66761	66750	66757	3.44866027239017	0.358056365258357	66755	5.38235282222597	5.30268914700565	0.000110620407656464	12
PC_12_12h	316	LT934125.1	-	67724	67727	67724								4
PC_12_12h	318	LT934125.1	-	68527	68550	68527	68550	2719.8479827293	119.553830731033	68537	9.54590370533133	7.36424182241207	0.995149676118656	24
PC_12_12h	319	LT934125.1	-	68707	68716	68709	68713	3.45144899267826	0.635722273488293	68711	2.12341552389477	3.17019942895159	0.995149676118656	10
PC_12_12h	320	LT934125.1	-	68884	68887	68886				68886	-0.0296923727313606	0.79200655372383	-0.995149676118656	4
PC_12_12h	321	LT934125.1	-	69248	69259	69254	69256	3.66079631412011	1.22031323753486	69254	0.335984035792845	2.75774947199099	-0.39460816579086	12
PC_12_12h	322	LT934125.1	-	69990	70010	69990	69999	3.10564263567424	0.228838849663935	69999	9.42187604113577	7.25148786652763	0.995149676118656	21
PC_12_12h	323	LT934125.1	-	70431	70474	70451	70466	5.12960760876424	0.282438566848794	70453	1.71404490930506	12.5671077945229	0.695501469469142	44
PC_12_12h	326	LT934125.1	-	71882	71904	71882	71887	2.21883561776552	0.230495225436863	71889	7.29877814208255	5.62130682283959	0.995149676118656	23
PC_12_12h	327	LT934125.1	-	72174	72174	72174								1
PC_12_12h	328	LT934125.1	-	72871	72874	72874				72872	-1.52229119960139	1.1733170021669	-0.995149676118656	4
PC_12_12h	329	LT934125.1	-	73108	73108	73108								1
PC_12_12h	330	LT934125.1	-	74345	74345	74345								1
PC_12_12h	331	LT934125.1	-	76860	76863	76860	76862	5.0335701633873	2.07278618718968	76861	1.20364664783256	0.928280632642929	0.995149676118656	4
PC_12_12h	333	LT934125.1	-	80484	80657	80517	80565	2.2301137143787	0.0257474897905269	80580	62.5570307981068	59.2928712917625	-0.995149676118656	174
PC_12_12h	334	LT934125.1	-	80751	80912	80868	80883	2.49074004996185	0.0986227984064853	80835	-33.0061340948402	45.2376021004748	-0.728687250615737	162
PC_12_12h	335	LT934125.1	-	80988	81035	81015	81020	1.69079009111741	0.131311031462872	81012	-2.91486791205222	15.1444658995052	-0.415354790776159	48
PC_12_12h	336	LT934125.1	-	81266	81296	81273	81285	3.55207862407098	0.217926187860974	81280	6.67115503654796	10.4918935417678	0.995149676118656	31
PC_12_12h	337	LT934125.1	-	81426	81429	81429				81428	-1.36024491592164	1.04901912108163	-0.995149676118656	4
PC_12_12h	338	LT934125.1	-	81803	81842	81804	81805	1.50246100581364	0.653086476047556	81806	2.2923432697632	2.23533000288281	0.97043183409582	40
PC_12_12h	339	LT934125.1	-	82023	82026	82023				82024	1.36024491592164	1.04901912108163	0.995149676118656	4
PC_12_12h	343	LT934125.1	-	87157	87163	87161	87163	11.5526044609552	6.73979622799295	87160	-1.07064636665939	1.48255169648046	-0.838390743321688	7
PC_12_12h	344	LT934125.1	-	87446	87447	87446				87447	0.55636992300728	0.428572600231339	0.995149676118656	2
PC_12_12h	345	LT934125.1	-	89079	89079	89079								1
PC_12_12h	347	LT934125.1	-	92274	92343	92303	92316	2.2625077511105	0.0971743765116474	92306	3.1351758305737	18.3488487107004	0.249249604890648	70
PC_12_12h	348	LT934125.1	-	92521	92561	92530	92541	2.23958129588912	0.115429916857572	92538	8.25710395154123	13.2459102624475	0.995149676118656	41
PC_12_12h	349	LT934125.1	-	92613	92635	92631	92634	18.8257912053036	5.27140525113655	92626	-4.83598223378593	6.78768167557222	-0.995149676118656	23
PC_12_12h	350	LT934125.1	-	92765	92774	92774				92770	-4.3778477658472	3.37370283829125	-0.995149676118656	10
PC_12_12h	351	LT934125.1	-	92931	92950	92933	92935	4.94997484111011	1.80243912902968					20
PC_12_12h	354	LT934125.1	-	93654	93657	93654	93656	7.81309025828032	2.92989564780287					4
PC_12_12h	355	LT934125.1	-	94526	94529	94526								4
PC_12_12h	356	LT934125.1	-	94941	94949	94947	94948	8.82140323559623	6.51118935733823					9
PC_12_12h	357	LT934125.1	-	95392	95392	95392								1
PC_12_12h	358	LT934125.1	-	95694	95694	95694								1
PC_12_12h	360	LT934125.1	-	96143	96146	96146				96145	-1.36024491592164	1.04901912108163	-0.995149676118656	4
PC_12_12h	361	LT934125.1	-	96596	96598	96596				96597	0.974689413352215	0.751414667212768	0.995149676118656	3
PC_12_12h	363	LT934125.1	-	97327	97366	97361	97365	12.5115820408904	2.9193066048709	97352	-9.30682774085765	10.8853426163478	-0.995149676118656	40
PC_12_12h	364	LT934125.1	-	98415	98415	98415								1
PC_12_12h	365	LT934125.1	-	102529	102544	102544				102537	-6.52078886687931	5.02266015704623	-0.995149676118656	16
PC_12_12h	367	LT934125.1	-	106605	106605	106605								1
PC_12_12h	368	LT934125.1	-	107052	107053	107053				107053	-0.453414972076622	0.349673040439878	-0.995149676118656	2
PC_12_12h	369	LT934125.1	-	107366	107378	107369	107373	2.55935304494121	0.411809726540724					13
PC_12_12h	370	LT934125.1	-	107543	107559	107559								17
PC_12_12h	371	LT934125.1	-	108721	108740	108727	108735	4.39594421405145	0.425387162418713	108729	2.10501757513169	6.22767751506402	0.995149676118656	20
PC_12_12h	372	LT934125.1	-	111103	111103	111103								1
PC_12_12h	373	LT934125.1	-	115496	115535	115532	115533	3.55858952456639	2.06001098786071	115527	-4.59541753917705	5.81187116241893	-0.995149676118656	40
PC_12_12h	374	LT934125.1	-	115612	115685	115656	115663	2.10522819610016	0.149095955120169	115649	-7.28045380558549	15.8962184911115	0.0703362782104218	74
PC_12_12h	375	LT934125.1	-	116873	116878	116873								6
PC_12_12h	376	LT934125.1	-	118376	118400	118400				118389	-11.3058002807596	8.71232632519723	-0.995149676118656	25
PC_12_12h	377	LT934125.1	-	119031	119061	119058	119060	11.6895983161546	4.52513438951578	119052	-6.43051732269128	7.24414622011542	-0.995149676118656	31
PC_12_12h	379	LT934125.1	-	119478	119499	119481	119492	5.41881835019128	0.411800989911811	119488	6.7184308959545	7.44602093934575	0.995149676118656	22
PC_12_12h	380	LT934125.1	-	119899	119935	119910	119919	3.23709289540519	0.243953466244505	119917	7.04297405220213	8.95840878039132	0.762705277633936	37
PC_12_12h	381	LT934125.1	-	120138	120138	120138								1
PC_12_12h	382	LT934125.1	-	120241	120241	120241								1
PC_12_12h	383	LT934125.1	-	120405	120454	120431	120432	1.05525009171824	0.0845748303496257	120433	1.67722831430996	10.9061233930219	0.363433025914426	50
PC_12_12h	385	LT934125.1	-	121856	121878	121878				121867	-10.5242295500873	8.10457140843887	-0.995149676118656	23
PC_12_12h	386	LT934125.1	-	122413	122428	122424	122427	5.17556919972062	1.65629592090525	122421	-3.48298851706144	5.07741104064518	-0.848636879780752	16
PC_12_12h	387	LT934125.1	-	122806	122812	122806								7
PC_12_12h	388	LT934125.1	-	124781	124819	124781	124798	2.97129066865494	0.117241280761862	124798	16.7764130065059	12.9147457976547	0.995149676118656	39
PC_12_12h	391	LT934125.1	-	126103	126112	126112				126108	-3.74238235624379	2.88409318586902	-0.995149676118656	10
PC_12_12h	392	LT934125.1	-	126917	127131	126926	126969	1.84652015628717	0.0195666879830747	127007	81.4244949328685	68.9368737073724	0.995149676118656	215
PC_12_12h	393	LT934125.1	-	127434	127456	127434	127445	4.87489669768054	0.344076617423471	127443	8.97110175031295	6.90952987468373	0.995149676118656	23
PC_12_12h	394	LT934125.1	-	127543	127611	127597	127603	2.55527511932784	0.24333787158933	127577	-20.2756654406522	19.0497067892113	-0.00713586016679002	69
PC_12_12h	395	LT934125.1	-	127754	127754	127754								1
PC_12_12h	396	LT934125.1	-	127902	127902	127902								1
PC_12_12h	397	LT934125.1	-	128729	128738	128732	128735	3.2734140249684	0.793482844495573					10
PC_12_12h	398	LT934125.1	-	130282	130284	130282				130283	1	1	-1.56592062456887e-16	3
PC_12_12h	399	LT934125.1	-	130831	130833	130833								3
PC_12_12h	401	LT934125.1	-	135369	135427	135407	135414	2.17942426315857	0.159487991573268	135401	-6.10498174151675	16.1867980980519	-0.538087391337826	59
PC_12_12h	402	LT934125.1	-	135531	135558	135531	135545	3.0902993546796	0.148557067672372	135543	12.0838808421343	11.4714026013045	-0.995149676118656	28
PC_12_12h	403	LT934125.1	-	135666	135666	135666								1
PC_12_12h	404	LT934125.1	-	135963	135963	135963								1
PC_12_12h	405	LT934125.1	-	136103	136103	136103								1
PC_12_12h	406	LT934125.1	-	136208	136244	136235	136238	2.94135611221704	0.616677376497184	136233	-2.27228637646987	6.0681701221851	-0.692432056924189	37
PC_12_12h	407	LT934125.1	-	136409	136409	136409								1
PC_12_12h	408	LT934125.1	-	136682	136686	136682	136683	3.06655585340862	1.38486671765026	136684	1.56530912708233	1.20514566470488	0.995149676118656	5
PC_12_12h	409	LT934125.1	-	137120	137123	137120	137122	4.02580637704946	1.82988461179095	137121	1.4990793971786	1.15384671495752	0.995149676118656	4
PC_12_12h	412	LT934125.1	-	138953	138954	138953								2
PC_12_12h	414	LT934125.1	-	142424	142427	142427				142425	-1.59065043928268	1.22568121910556	-0.995149676118656	4
PC_12_1h	1	LT934125.1	+	1334	1339	1337				1337	0.25806770107943	1.34005483805282	-0.425589805670137	6
PC_12_1h	5	LT934125.1	+	9270	9270	9270								1
PC_12_1h	18	LT934125.1	+	48567	48586	48567	48569	1.51059980208235	0.274630367802375	48570	3.34305320321418	2.58145668203263	0.995149676118656	20
PC_12_1h	22	LT934125.1	+	52444	52460	52460				52454	-6.27577892792195	4.84273701220537	-0.995149676118656	17
PC_12_1h	28	LT934125.1	+	59044	59074	59068	59070	3.61522931715189	1.08463800930795	59059	-9.25732588054581	11.6691950424884	-0.995149676118656	31
PC_12_1h	35	LT934125.1	+	70529	70531	70529								3
PC_12_1h	36	LT934125.1	+	74400	74403	74400	74402	24.6686970159932	9.86722708624601					4
PC_12_1h	38	LT934125.1	+	79432	79444	79444				79441	-3.40894226850902	2.6281589770649	-0.995149676118656	13
PC_12_1h	45	LT934125.1	+	114985	115003	114985	114986	1.33181633681236	0.295996776124625					19
PC_12_1h	53	LT934125.1	+	118860	118866	118864				118863	-1.12998844584535	1.66357853659499	-0.812975197814076	7
PC_12_1h	63	LT934125.1	+	122979	122981	122979								3
PC_12_1h	66	LT934125.1	+	125222	125225	125225				125224	-1.04460407718445	0.805244990022866	-0.995149676118656	4
PC_12_1h	72	LT934125.1	-	9494	9494	9494								1
PC_12_1h	83	LT934125.1	-	34474	34478	34474								5
PC_12_1h	86	LT934125.1	-	51146	51147	51147								2
PC_12_1h	88	LT934125.1	-	56188	56191	56188	56189	3.9821234492347	2.65471954077198	56189	0.860174172899807	0.663280655702859	0.995149676118656	4
PC_12_1h	90	LT934125.1	-	63417	63420	63420								4
PC_12_1h	105	LT934125.1	-	97312	97366	97339	97346	1.84650908448707	0.114136990852225	97345	6.02847707988574	12.7065101374823	-0.0247774152279594	55
PC_12_1h	114	LT934125.1	-	128714	128732	128732								19
PC_12_2.5h	2	LT934125.1	+	1333	1358	1337	1347	5.70305816425297	0.488819492705422	1339	2.44956331848032	4.93025713192948	0.995149676118656	26
PC_12_2.5h	7	LT934125.1	+	9267	9278	9270	9271	1.37591728252641	0.458610992541795					12
PC_12_2.5h	8	LT934125.1	+	9640	9650	9644	9645	1.66866505482435	0.58892700975014	9645	0.668832178468756	2.97938335021688	0.359928591373811	11
PC_12_2.5h	19	LT934125.1	+	31089	31116	31098								28
PC_12_2.5h	22	LT934125.1	+	32036	32038	32038				32037	-0.809173877305402	0.624157668807024	-0.995149676118656	3
PC_12_2.5h	23	LT934125.1	+	44810	44812	44812				44811	-0.994168322061489	0.766350524301209	-0.995149676118656	3
PC_12_2.5h	30	LT934125.1	+	48565	48571	48567	48569	8.74302860277034	3.132011964494	48568	0.766508294457886	1.38965897062434	0.688498318887159	7
PC_12_2.5h	35	LT934125.1	+	51230	51239	51230	51236	24.816763921946	4.00276344145978	51233	3.32099780773231	3.2300836226603	0.0225372141471516	10
PC_12_2.5h	36	LT934125.1	+	52440	52484	52460	52456	0.7316563243078	0.0690397182710836					45
PC_12_2.5h	41	LT934125.1	+	59041	59095	59068	59069	1.18480660027324	0.241341085386966	59060	-7.69655241480262	12.6486880865162	-0.6578351243849	55
PC_12_2.5h	54	LT934125.1	+	70525	70532	70531				70530	-1.04616396216529	1.23630638364581	-0.902463866922291	8
PC_12_2.5h	57	LT934125.1	+	74400	74408	74400	74402	2.91673066256428	1.06057493047036	74402	2.11511697543315	1.62867239392341	0.995149676118656	9
PC_12_2.5h	61	LT934125.1	+	79439	79461	79444	79446	1.39764209343558	0.159736294681165					23
PC_12_2.5h	67	LT934125.1	+	91409	91412	91412								4
PC_12_2.5h	74	LT934125.1	+	114985	114988	114985	114987	4.51169005725938	1.93345424850263					4
PC_12_2.5h	82	LT934125.1	+	118859	118867	118864	118866	35.3369587703284	16.0626295843528	118863	-1.0719559899045	2.16387008928163	-0.675034566650142	9
PC_12_2.5h	88	LT934125.1	+	121784	121786	121784								3
PC_12_2.5h	92	LT934125.1	+	124756	124757	124756								2
PC_12_2.5h	94	LT934125.1	+	125223	125232	125223	125225	5.55817763370726	2.26482436254518	125225	1.63653642629501	1.26088296886599	0.995149676118656	10
PC_12_2.5h	106	LT934125.1	-	3880	3911	3910				3904	-5.81576828618755	5.22783721530688	-0.995149676118656	32
PC_12_2.5h	109	LT934125.1	-	9490	9501	9494	9499	13.0147974787694	2.41026580790733	9495	0.869216639153615	3.06963684462786	0.586609677259256	12
PC_12_2.5h	111	LT934125.1	-	16919	16949	16919								31
PC_12_2.5h	127	LT934125.1	-	29403	29414	29412				29410	-1.76658579282714	2.66763066606689	-0.83245584650855	12
PC_12_2.5h	130	LT934125.1	-	34474	34480	34474	34479	28.9543624414278	5.42888148183274					7
PC_12_2.5h	133	LT934125.1	-	51144	51147	51147								4
PC_12_2.5h	138	LT934125.1	-	56177	56194	56188	56190	1.82492885418514	0.504761760800729	56188	0.18230920261737	2.9808917856317	-0.151865393752317	18
PC_12_2.5h	141	LT934125.1	-	63417	63427	63420								11
PC_12_2.5h	168	LT934125.1	-	97324	97363	97339	97348	2.65204474256467	0.174315074195831	97345	5.93718861670439	9.60910112430709	0.764820800173459	40
PC_12_2.5h	186	LT934125.1	-	128729	128732	128732								4
PC_12_2h	2	LT934125.1	+	1334	1393	1334	1332	0.765812166474379	0.0957273499673293	1344	10.0757095584829	7.76341433856369	0.995149676118656	60
PC_12_2h	6	LT934125.1	+	7588	7595	7591								8
PC_12_2h	8	LT934125.1	+	9267	9274	9270				9270	-0.292069382186915	1.07202148767405	0.110985706208709	8
PC_12_2h	9	LT934125.1	+	9644	9653	9644	9647	2.98383770288899	0.710326238460841					10
PC_12_2h	13	LT934125.1	+	14048	14051	14048								4
PC_12_2h	23	LT934125.1	+	31095	31098	31098								4
PC_12_2h	25	LT934125.1	+	32036	32041	32036	32039	6.14543372578506	2.04856729883444	32038	1.90940691468825	1.47049223677695	0.995149676118656	6
PC_12_2h	29	LT934125.1	+	44809	44812	44812								4
PC_12_2h	31	LT934125.1	+	46230	46236	46233								7
PC_12_2h	37	LT934125.1	+	48547	48571	48567	48570	178.756774445154	58.2899369167031	48567	0.0213506778258253	2.69491193424685	-0.972857745516988	25
PC_12_2h	41	LT934125.1	+	51232	51248	51235	51238	1.99577334307297	0.295659055246253	51237	2.35021840507995	3.6270230544607	0.862139483893477	17
PC_12_2h	44	LT934125.1	+	52434	52463	52460				52455	-5.31832411506464	6.36096877550882	-0.995149676118656	30
PC_12_2h	54	LT934125.1	+	59032	59074	59068	59070	3.5596195073848	1.03039341007187	59059	-8.82296133998964	11.3549022742887	-0.995149676118656	43
PC_12_2h	67	LT934125.1	+	70529	70531	70531				70530	-0.870343252862179	0.870078607745151	0.995149676118656	3
PC_12_2h	69	LT934125.1	+	74400	74402	74400								3
PC_12_2h	70	LT934125.1	+	76683	76685	76683								3
PC_12_2h	73	LT934125.1	+	78035	78044	78035								10
PC_12_2h	75	LT934125.1	+	79433	79465	79444	79443	0.839733678559147	0.110503440786312	79444	0.0397375636901525	4.75101213900082	0.525631671213197	33
PC_12_2h	96	LT934125.1	+	114985	114989	114985	114987	3.91604663803791	1.64248673416777					5
PC_12_2h	102	LT934125.1	+	116754	116792	116754								39
PC_12_2h	104	LT934125.1	+	117769	117769	117769								1
PC_12_2h	106	LT934125.1	+	118859	118866	118864	118866	61.4635032816811	31.415217485649	118863	-0.776555765730122	2.13236457407921	-0.995149676118656	8
PC_12_2h	114	LT934125.1	+	121784	121787	121784	121786	45.332167336633	21.154756283837	121785	1.12912195830262	0.870179869314212	0.995149676118656	4
PC_12_2h	116	LT934125.1	+	122979	122988	122979	122981	1.82441267209463	0.440354181055597	122981	2.36515321547964	1.82494493823098	0.995149676118656	10
PC_12_2h	121	LT934125.1	+	125223	125229	125225	125228	17.1432854534694	5.71456048621666	125224	-0.527879424933239	1.13368407866563	0.995149676118656	7
PC_12_2h	144	LT934125.1	-	3877	3912	3910	3911	8.65392998674322	5.76961353535162	3904	-6.34541198591399	6.39999667167956	-0.995149676118656	36
PC_12_2h	147	LT934125.1	-	9475	9497	9494								23
PC_12_2h	156	LT934125.1	-	19470	19473	19471				19471	0.407744976668474	0.954190250314111	0.741081051437924	4
PC_12_2h	164	LT934125.1	-	29409	29414	29414				29412	-1.66951152667153	1.28559941400204	-0.995149676118656	6
PC_12_2h	170	LT934125.1	-	34474	34478	34476								5
PC_12_2h	178	LT934125.1	-	51147	51147	51147								1
PC_12_2h	181	LT934125.1	-	56185	56194	56188	56189	1.89793404686924	0.790765122412453	56188	0.343882361950254	1.77127202658886	0.44415975591207	10
PC_12_2h	183	LT934125.1	-	63415	63420	63420								6
PC_12_2h	186	LT934125.1	-	65718	65752	65752				65740	-12.3177303237581	9.4920689481808	-0.995149676118656	35
PC_12_2h	189	LT934125.1	-	81804	81810	81806								7
PC_12_2h	203	LT934125.1	-	94941	94947	94941								7
PC_12_2h	208	LT934125.1	-	97327	97368	97361	97367	35.6633172382289	5.94374650404757	97348	-13.2754875370054	10.9113753821486	0.868275525953781	42
PC_12_2h	234	LT934125.1	-	126925	126963	126963								39
PC_12_2h	239	LT934125.1	-	128728	128732	128732								5
PC_12_4h	1	LT934125.1	+	779	782	779	781	24.6686970159932	9.86722708624601					4
PC_12_4h	2	LT934125.1	+	960	994	990	993	8.65442041518827	2.88491694405486	985	-5.42887869388819	7.21004195007522	-0.995149676118656	35
PC_12_4h	3	LT934125.1	+	1334	1352	1337	1341	2.08872865926773	0.280556496273513	1338	0.732753970063258	2.87000223879313	0.995149676118656	19
PC_12_4h	4	LT934125.1	+	1595	1604	1600	1603	17.1432854534694	5.71456048621666					10
PC_12_4h	12	LT934125.1	+	7587	7596	7588	7590	4.00646218866079	1.20737753232095	7590	1.72728907808718	1.75795926280267	0.956344316130735	10
PC_12_4h	13	LT934125.1	+	7811	7814	7811								4
PC_12_4h	16	LT934125.1	+	9107	9113	9113				9110	-2.56197636852974	1.97568783075212	-0.995149676118656	7
PC_12_4h	17	LT934125.1	+	9267	9272	9270	9272	10.4278765781452	6.25654320839501	9269	-0.624128466961555	1.00956129206028	-0.727853491992806	6
PC_12_4h	18	LT934125.1	+	9640	9676	9644	9643	0.765365630514301	0.156751319082498	9648	3.67154241091792	4.94404524557968	0.919362750395199	37
PC_12_4h	26	LT934125.1	+	14042	14050	14048	14050	12.743123521262	7.28198197637188					9
PC_12_4h	39	LT934125.1	+	30240	30242	30240								3
PC_12_4h	41	LT934125.1	+	30932	30938	30932								7
PC_12_4h	42	LT934125.1	+	31093	31101	31098				31097	-0.516230838090839	1.05844456374263	-0.489094149361666	9
PC_12_4h	45	LT934125.1	+	32028	32042	32036	32038	11.4861278537007	5.36966592085665					15
PC_12_4h	50	LT934125.1	+	44807	44815	44812	44814	5.82333882939899	2.58831709785164					9
PC_12_4h	59	LT934125.1	+	47311	47319	47311	47317	13.4755448493918	2.07303923987475					9
PC_12_4h	64	LT934125.1	+	48253	48294	48253	48269	2.58090189004866	0.100224807701442					42
PC_12_4h	66	LT934125.1	+	48559	48571	48567	48570	10.9360391918979	3.7960482771331	48568	0.59451002354135	1.56688560827518	-0.056820081657261	13
PC_12_4h	71	LT934125.1	+	51232	51242	51235	51237	3.4039028216587	1.12131159286405	51236	1.07343105213976	1.70232411611723	0.702749825060189	11
PC_12_4h	72	LT934125.1	+	51495	51510	51495								16
PC_12_4h	75	LT934125.1	+	52440	52484	52460	52457	0.810388784017462	0.0700354953815169	52457	-3.23986402827271	8.86616733246635	0.114421714016259	45
PC_12_4h	80	LT934125.1	+	53644	53652	53648	53651	4.63758937420487	1.44913528042004					9
PC_12_4h	90	LT934125.1	+	59036	59097	59068	59070	1.45323737125637	0.257653493437639	59061	-7.26349407379121	13.6643703756497	-0.668183590231135	62
PC_12_4h	95	LT934125.1	+	60232	60248	60235	60236	1.48658584972439	0.371653301702989	60236	1.04846129426914	3.10703742821262	0.995149676118656	17
PC_12_4h	108	LT934125.1	+	66335	66347	66338	66341	5.98905954482178	1.59716004517558	66339	1.11697145884845	2.36007641391214	0.610222164943075	13
PC_12_4h	117	LT934125.1	+	69237	69251	69237	69245	9.25486280231841	1.05762379098098	69242	4.86663175201786	3.75079080999059	0.995149676118656	15
PC_12_4h	122	LT934125.1	+	70057	70090	70090								34
PC_12_4h	124	LT934125.1	+	70525	70534	70531	70534	41.4953865430702	14.8205371397596	70530	-0.826549039596759	1.15843412697711	-0.342163691835489	10
PC_12_4h	131	LT934125.1	+	74400	74408	74402	74403	1.89102654716738	0.653320966252444	74402	-0.121664899782018	1.44612006134117	0.995149676118656	9
PC_12_4h	136	LT934125.1	+	76683	76685	76683				76684	0.906829944142869	0.699346080839549	0.995149676118656	3
PC_12_4h	140	LT934125.1	+	78037	78062	78041	78039	0.802551552722513	0.0962843282402671	78045	3.66694619003997	5.88460302467289	0.995149676118656	26
PC_12_4h	145	LT934125.1	+	79440	79461	79444	79450	2.66310004632041	0.257123348657323					22
PC_12_4h	147	LT934125.1	+	79749	79806	79781								58
PC_12_4h	164	LT934125.1	+	91409	91412	91409	91411	4.51214596008503	1.93366863988846	91410	1.14052728644546	0.87972287846438	0.995149676118656	4
PC_12_4h	165	LT934125.1	+	91545	91570	91548								26
PC_12_4h	179	LT934125.1	+	107420	107437	107420								18
PC_12_4h	183	LT934125.1	+	108309	108331	108310	108310	1.00566298092001	0.0874645055458879					23
PC_12_4h	189	LT934125.1	+	114979	114988	114985	114986	3.5829709933687	2.0791509494286					10
PC_12_4h	191	LT934125.1	+	115725	115759	115725								35
PC_12_4h	193	LT934125.1	+	116120	116219	116154	116158	1.169705027201	0.0408770745065954	116162	8.38245304279621	28.0215624549227	0.796237592266142	100
PC_12_4h	194	LT934125.1	+	116258	116321	116276				116281	5.37821603124277	17.9375904496336	0.995149676118656	64
PC_12_4h	195	LT934125.1	+	116469	116552	116495	116532	8.68369547823047	0.208403381126981	116517	22.4122832203638	26.5148337673757	-0.995149676118656	84
PC_12_4h	197	LT934125.1	+	117603	117607	117607								5
PC_12_4h	198	LT934125.1	+	117769	117789	117769				117777	7.84472366049003	6.05342126567154	0.995149676118656	21
PC_12_4h	203	LT934125.1	+	118841	118866	118864	118866	68.3393712578863	34.8482174967499	118863	-0.97398692405296	2.0878261241707	-0.788102672860382	26
PC_12_4h	206	LT934125.1	+	119747	119815	119763								69
PC_12_4h	207	LT934125.1	+	119912	119958	119938								47
PC_12_4h	209	LT934125.1	+	120555	120558	120555	120557	24.6619652023095	9.86464980066384					4
PC_12_4h	213	LT934125.1	+	121784	121787	121784	121786	39.0221311501734	17.9499793253176					4
PC_12_4h	214	LT934125.1	+	121894	121925	121894								32
PC_12_4h	218	LT934125.1	+	122978	122988	122979	122981	3.13536900868458	1.1104605204797	122980	1.27778008845969	1.62190472765202	0.925763874681895	11
PC_12_4h	222	LT934125.1	+	124754	124758	124756								5
PC_12_4h	223	LT934125.1	+	125183	125228	125225	125226	4.73964053665689	2.60703711284657	125223	-2.03144439365859	2.86044407911685	-0.886438390951068	46
PC_12_4h	230	LT934125.1	+	128185	128190	128185	128189	80.6608661276054	17.9244852971509					6
PC_12_4h	233	LT934125.1	+	136157	136178	136158								22
PC_12_4h	234	LT934125.1	+	136339	136348	136348								10
PC_12_4h	253	LT934125.1	-	3880	3912	3911				3902	-8.70594397609842	7.46581357334707	-0.995149676118656	33
PC_12_4h	262	LT934125.1	-	9490	9530	9494	9494	1.02719179336892	0.118163724319753					41
PC_12_4h	268	LT934125.1	-	17338	17373	17341	17346	1.59483577565674	0.108743491346447					36
PC_12_4h	269	LT934125.1	-	17437	17472	17456								36
PC_12_4h	275	LT934125.1	-	19469	19473	19473				19472	-1.3749973726169	1.26312596786203	-0.00195144403331325	5
PC_12_4h	279	LT934125.1	-	21938	21947	21939	21941	2.39639718319918	0.645215777084984	21941	1.88479118800536	2.21401745152071	0.995149676118656	10
PC_12_4h	294	LT934125.1	-	29046	29080	29046	29074	20.7596791683603	0.699773852803581					35
PC_12_4h	296	LT934125.1	-	29404	29417	29411	29413	3.7836454632503	1.64508446615654	29411	0.192599986924602	2.19909486028847	-0.397656086014219	14
PC_12_4h	300	LT934125.1	-	30873	30882	30877								10
PC_12_4h	309	LT934125.1	-	33928	33969	33928								42
PC_12_4h	311	LT934125.1	-	34474	34478	34474								5
PC_12_4h	320	LT934125.1	-	44885	44893	44885								9
PC_12_4h	325	LT934125.1	-	51141	51147	51147								7
PC_12_4h	331	LT934125.1	-	55423	55439	55438								17
PC_12_4h	334	LT934125.1	-	56183	56194	56188	56189	2.81949385279572	1.62184077860218	56188	0.148245838487704	1.51093473563845	0.116383001167994	12
PC_12_4h	336	LT934125.1	-	56944	56948	56946	56948	10.427486436983	6.25652086355877					5
PC_12_4h	349	LT934125.1	-	63417	63430	63420	63424	3.78591274940155	0.757144019957444					14
PC_12_4h	357	LT934125.1	-	65718	65775	65750	65750	1.01068693275354	0.235009893879746	65750	-0.466676551443148	6.99088995618922	-0.221824518319114	58
PC_12_4h	369	LT934125.1	-	76860	76863	76860								4
PC_12_4h	378	LT934125.1	-	81803	81842	81804	81801	0.732637890329083	0.10210140622671	81812	7.77787647736677	6.71332760691398	0.995149676118656	40
PC_12_4h	383	LT934125.1	-	87157	87161	87161				87159	-1.55745070672741	1.20163137186744	-0.995149676118656	5
PC_12_4h	384	LT934125.1	-	87420	87447	87442								28
PC_12_4h	390	LT934125.1	-	92930	92936	92933	92935	9.85935948357212	3.62626855787496	92934	0.709145555026804	1.62022554320831	0.436570166780628	7
PC_12_4h	394	LT934125.1	-	93644	93654	93654				93652	-2.34436834606239	1.80963411817054	-0.995149676118656	11
PC_12_4h	397	LT934125.1	-	94526	94529	94526								4
PC_12_4h	399	LT934125.1	-	94941	94948	94947				94946	-1.26741182849147	1.73877366290258	-0.995149676118656	8
PC_12_4h	407	LT934125.1	-	97337	97361	97361				97350	-11.3950205395881	8.7778027546384	-0.995149676118656	25
PC_12_4h	427	LT934125.1	-	107369	107378	107369								10
PC_12_4h	428	LT934125.1	-	107539	107560	107559								22
PC_12_4h	431	LT934125.1	-	115527	115532	115532								6
PC_12_4h	446	LT934125.1	-	127000	127038	127000	127004	1.28758909296191	0.0750226781263121					39
PC_12_4h	447	LT934125.1	-	127165	127248	127222				127200	-22.4122832203638	26.5148337673757	0.995149676118656	84
PC_12_4h	448	LT934125.1	-	127396	127459	127441				127436	-5.37821603124277	17.9375904496336	-0.995149676118656	64
PC_12_4h	449	LT934125.1	-	127498	127597	127563	127579	5.02791210601192	0.253955876381485	127555	-8.38245304279621	28.0215624549227	-0.796237592266142	100
PC_12_4h	452	LT934125.1	-	128729	128738	128732	128737	24.6579709997109	4.93148709662226					10
PC_12_4h	457	LT934125.1	-	135386	135408	135407								23
PC_12_4h	461	LT934125.1	-	136232	136236	136232								5
PC_12_6h	2	LT934125.1	+	771	782	779								12
PC_12_6h	3	LT934125.1	+	959	994	990	993	12.8969228728096	4.29898310371121	986	-3.8019610776932	4.5764344014535	-0.918608145333168	36
PC_12_6h	5	LT934125.1	+	1290	1351	1337	1341	2.41143247446017	0.326864276966897	1335	-2.43440571021096	7.11004127353948	-0.586381750072145	62
PC_12_6h	6	LT934125.1	+	1590	1607	1600	1603	6.43667857656205	1.81745762869328					18
PC_12_6h	7	LT934125.1	+	1934	1979	1934								46
PC_12_6h	17	LT934125.1	+	7564	7596	7588	7591	5.86099951537472	1.68416271267489	7588	0.412393358475499	3.3479368501347	-0.590094088488592	33
PC_12_6h	18	LT934125.1	+	7810	7895	7811	7811	1.00939174803446	0.0253798363223836	7839	27.5309268508971	21.8525814768915	0.995149676118656	86
PC_12_6h	24	LT934125.1	+	9107	9113	9113				9111	-2.06069202655161	1.58966303620807	-0.995149676118656	7
PC_12_6h	25	LT934125.1	+	9267	9272	9270	9271	9.40237924433973	5.87674455998736					6
PC_12_6h	26	LT934125.1	+	9548	9699	9644	9640	0.656171939690079	0.0850594439821163	9631	-13.4674339802051	29.1583063814767	-0.722283870817551	152
PC_12_6h	27	LT934125.1	+	9852	9930	9919								79
PC_12_6h	28	LT934125.1	+	10431	10435	10431	10434	8.6542640042897	2.88490547582265					5
PC_12_6h	30	LT934125.1	+	11791	11794	11794				11793	-1.310400543087	1.00862533989701	-0.995149676118656	4
PC_12_6h	38	LT934125.1	+	14042	14048	14048								7
PC_12_6h	39	LT934125.1	+	14648	14724	14670	14677	1.30700594841457	0.0443159395546144					77
PC_12_6h	40	LT934125.1	+	15039	15180	15039	15068	1.60729486758235	0.0213004859207203	15103	63.6557698193083	48.8638299607883	0.995149676118656	142
PC_12_6h	41	LT934125.1	+	15429	15560	15483	15513	3.08249393326119	0.0695350716665973	15498	14.9091766110885	39.0511585672112	-0.00279467091045402	132
PC_12_6h	54	LT934125.1	+	25419	25420	25420				25420	-0.481160330228145	0.370964079748972	-0.995149676118656	2
PC_12_6h	58	LT934125.1	+	26897	26948	26930								52
PC_12_6h	67	LT934125.1	+	30209	30263	30240				30238	-2.21412854690488	9.11759549402086	-0.210512590653169	55
PC_12_6h	69	LT934125.1	+	30659	30722	30659	30674	1.61587458757103	0.0403960141984557					64
PC_12_6h	70	LT934125.1	+	30932	30938	30932								7
PC_12_6h	71	LT934125.1	+	31089	31099	31098				31097	-0.764348681404168	0.935944936077475	-0.899638663248826	11
PC_12_6h	73	LT934125.1	+	31573	31601	31583								29
PC_12_6h	75	LT934125.1	+	32005	32041	32036	32038	15.7459262897062	7.73837646198863	32037	0.919502939228971	1.45128325633109	-0.636329674732936	37
PC_12_6h	76	LT934125.1	+	32137	32200	32200				32174	-26.3926681024574	20.2929325745301	-0.995149676118656	64
PC_12_6h	80	LT934125.1	+	33573	33617	33573	33586	2.82525729538656	0.141241852513199					45
PC_12_6h	92	LT934125.1	+	44779	44815	44812	44814	6.0864613552875	2.8093219208678					37
PC_12_6h	95	LT934125.1	+	46023	46042	46024	46026	1.74029831161834	0.420038880504082	46027	3.07457819532374	3.13064146356487	0.995149676118656	20
PC_12_6h	96	LT934125.1	+	46233	46239	46234	46235	1.75770634375676	0.753456774651892					7
PC_12_6h	100	LT934125.1	+	47008	47071	47008	47037	3.32759817328537	0.0796066333961026					64
PC_12_6h	101	LT934125.1	+	47315	47357	47317	47319	1.1898553158281	0.122646228822066	47322	5.18265249617543	5.53166393971773	0.995149676118656	43
PC_12_6h	102	LT934125.1	+	47539	47628	47568	47610	14.3689182463829	0.316465461351858	47590	22.2952552217702	28.9136266467745	-0.995149676118656	90
PC_12_6h	103	LT934125.1	+	47699	47824	47699	47716	1.39053549973832	0.0226458459111973	47750	50.6663866828312	38.9460537619744	0.995149676118656	126
PC_12_6h	106	LT934125.1	+	48527	48581	48567	48570	3.29335907153745	0.841759349233515	48568	0.905725684118771	3.03857540228892	-0.095623168825758	55
PC_12_6h	107	LT934125.1	+	48758	49114	48931	48937	1.06721998266138	0.0112131473759298	48948	17.1361944902221	100.318634211207	-0.151461520732058	357
PC_12_6h	108	LT934125.1	+	49196	49246	49196	49230	14.5862897356582	0.3957722834624	49220	24.1481162002996	19.810532858521	-0.995149676118656	51
PC_12_6h	109	LT934125.1	+	49501	49507	49506								7
PC_12_6h	114	LT934125.1	+	51205	51238	51235	51237	6.33970671341948	2.9011556575298	51235	0.385944045619469	2.00469102858985	-0.995149676118656	34
PC_12_6h	115	LT934125.1	+	51662	51698	51690								37
PC_12_6h	117	LT934125.1	+	52154	52201	52172								48
PC_12_6h	118	LT934125.1	+	52440	52484	52460	52459	0.922171376406626	0.0766647222807648	52456	-3.77188066776458	9.8602003954228	0.266846391713105	45
PC_12_6h	120	LT934125.1	+	53641	53652	53648	53650	3.87090476429597	1.24166984575058					12
PC_12_6h	122	LT934125.1	+	53902	53908	53902								7
PC_12_6h	123	LT934125.1	+	54472	54561	54472	54483	1.27037128106992	0.0254030272145758	54512	40.0346473404498	30.7800479452491	0.995149676118656	90
PC_12_6h	124	LT934125.1	+	54720	54757	54743	54755	28.2076680649137	2.35071306642077	54742	-1.14178597153306	11.6175471356988	-0.995149676118656	38
PC_12_6h	125	LT934125.1	+	54887	54975	54935	54934	0.953895284911392	0.0522703454130361	54932	-2.66743737170689	26.4033891137751	-0.385248334259671	89
PC_12_6h	127	LT934125.1	+	55352	55358	55352								7
PC_12_6h	129	LT934125.1	+	55702	55740	55738				55724	-14.1944959433927	12.4225495349549	-0.995149676118656	39
PC_12_6h	136	LT934125.1	+	59025	59100	59068	59069	1.19284490566453	0.241143775785302	59062	-6.42515629091566	12.8195735899347	-0.594017919478861	76
PC_12_6h	137	LT934125.1	+	59384	59471	59471				59433	-37.791254916584	31.0773456348271	-0.0375674739847713	88
PC_12_6h	138	LT934125.1	+	59731	59829	59731	59761	2.17606004635829	0.0392131439633438	59773	41.6326586554275	32.0132844076638	0.995149676118656	99
PC_12_6h	139	LT934125.1	+	60232	60258	60234	60235	1.33028978644315	0.41434548341445	60237	2.77966596573955	3.06611541478752	0.909664153243746	27
PC_12_6h	142	LT934125.1	+	60970	61007	60970								38
PC_12_6h	143	LT934125.1	+	61076	61087	61076	61077	1.39507143530815	0.328273337508987					12
PC_12_6h	146	LT934125.1	+	61681	61699	61687								19
PC_12_6h	147	LT934125.1	+	61813	61819	61814								7
PC_12_6h	149	LT934125.1	+	62152	62179	62152	62154	1.23821916874921	0.106123995048578					28
PC_12_6h	151	LT934125.1	+	65805	65809	65805	65808	13.4754615092352	4.14619008928793	65807	1.58868035458	1.22502131718432	0.995149676118656	5
PC_12_6h	152	LT934125.1	+	66335	66344	66338	66341	11.6075388140796	3.33289232859866	66339	1.07295217787883	1.93126839635135	0.615140103564514	10
PC_12_6h	160	LT934125.1	+	69235	69247	69244	69246	7.11443699006088	3.55699489194445	69242	-2.42505575156288	3.4618376342055	-0.888486621561936	13
PC_12_6h	161	LT934125.1	+	69764	69834	69765	69774	1.4296382394687	0.0483004090133236	69784	18.5385585298034	14.9686669202117	0.995149676118656	71
PC_12_6h	162	LT934125.1	+	70057	70152	70090	70103	1.72136952885108	0.0570487321883272					96
PC_12_6h	163	LT934125.1	+	70311	70352	70311	70323	2.77306240971156	0.143442830209824	70326	14.5744103422323	11.2155947290608	0.995149676118656	42
PC_12_6h	164	LT934125.1	+	70525	70531	70531				70530	-1.06222689700492	0.818627814929793	-0.995149676118656	7
PC_12_6h	165	LT934125.1	+	70994	71081	71081				71048	-32.5226651978146	24.9972580350172	-0.995149676118656	88
PC_12_6h	170	LT934125.1	+	72759	72791	72759	72758	0.90002559139283	0.0978406508593925					33
PC_12_6h	175	LT934125.1	+	74377	74408	74402	74404	2.29510197117997	0.714619084020797	74402	-0.485070365036012	2.10835914779127	-0.134273407454677	32
PC_12_6h	180	LT934125.1	+	75262	75271	75262								10
PC_12_6h	182	LT934125.1	+	76677	76687	76683	76685	25.8262820260712	12.0520391448298	76683	0.458545376012826	1.91261691857381	-0.809624720801262	11
PC_12_6h	183	LT934125.1	+	76990	76993	76990	76992	26.4800685078858	11.3485438055528	76991	1.02339596258317	0.789459870187158	0.995149676118656	4
PC_12_6h	187	LT934125.1	+	78035	78092	78044	78069	5.31728070327127	0.172915190344765	78048	3.66605849029145	9.72972779277255	0.995149676118656	58
PC_12_6h	191	LT934125.1	+	78790	78828	78828				78815	-12.8690030782412	9.9094091590247	-0.995149676118656	39
PC_12_6h	193	LT934125.1	+	79248	79287	79260								40
PC_12_6h	194	LT934125.1	+	79437	79454	79444	79446	1.57850819913764	0.325603873020385					18
PC_12_6h	195	LT934125.1	+	79702	79841	79781	79780	0.937024844853463	0.0504632951712702	79774	-6.99062488493246	36.1618559132862	-0.520648140608847	140
PC_12_6h	197	LT934125.1	+	81082	81098	81082								17
PC_12_6h	207	LT934125.1	+	83975	83978	83978				83977	-1.49125248376498	1.14952578708772	-0.995149676118656	4
PC_12_6h	213	LT934125.1	+	85676	85733	85710								58
PC_12_6h	214	LT934125.1	+	85996	86043	85996								48
PC_12_6h	220	LT934125.1	+	88883	88888	88883	88884	1.75666700480202	0.752915923866922					6
PC_12_6h	224	LT934125.1	+	89856	89924	89883	89900	3.11856399860793	0.127812607946607	89892	9.10308223715965	18.8347340144816	-0.0513087520237211	69
PC_12_6h	228	LT934125.1	+	90699	90732	90710								34
PC_12_6h	231	LT934125.1	+	91409	91415	91409	91412	7.35906133541526	2.52959685203194	91411	1.77387072915531	1.36616750257216	0.995149676118656	7
PC_12_6h	232	LT934125.1	+	91509	91550	91548	91550	10.424507790656	6.25491942776736	91543	-5.18154679525625	5.51083681918608	-0.995149676118656	42
PC_12_6h	267	LT934125.1	+	107368	107505	107483	107482	0.882025686056836	0.12934747237741	107454	-29.1532709918223	33.7341327957569	-0.921090774470801	138
PC_12_6h	272	LT934125.1	+	108252	108329	108310	108314	1.40506426868225	0.105370956279021	108300	-9.73815374302384	21.1749759294305	-0.798351374881343	78
PC_12_6h	279	LT934125.1	+	112884	112913	112884	112881	0.742355267648255	0.0848528331595746					30
PC_12_6h	283	LT934125.1	+	114979	114988	114985	114986	3.63133313836869	2.03669468297917					10
PC_12_6h	285	LT934125.1	+	115536	115573	115536	115565	45.9567661498205	1.53189303457727					38
PC_12_6h	286	LT934125.1	+	115815	115838	115815	115814	0.949911279052009	0.0759776273815925					24
PC_12_6h	287	LT934125.1	+	116106	116203	116137	116157	2.11017206116842	0.0542896519232696	116151	13.540952013739	34.1360034414364	0.995149676118656	98
PC_12_6h	288	LT934125.1	+	116261	116791	116283	116459	2.94034025528459	0.0110252159354821	116527	244.206900683815	147.746800216734	-0.021598472152404	531
PC_12_6h	290	LT934125.1	+	117603	117608	117607				117606	-1.15450793893044	1.65232891240198	-0.995149676118656	6
PC_12_6h	291	LT934125.1	+	117769	117801	117769	117783	4.54122375128144	0.258300211267011	117780	10.6109343717214	8.17679680281942	0.995149676118656	33
PC_12_6h	293	LT934125.1	+	118198	118249	118209	118223	2.34408281044183	0.0976910636700305	118216	7.0665803417486	13.8463294466766	0.995149676118656	52
PC_12_6h	297	LT934125.1	+	118841	118866	118864	118866	87.3062042752692	44.324951855469	118863	-0.988213464618176	2.18728112751589	-0.800619075929634	26
PC_12_6h	300	LT934125.1	+	119421	119436	119436								16
PC_12_6h	301	LT934125.1	+	119554	119646	119567	119584	1.54258568535879	0.0322439328942247	119596	29.1335839263853	32.2284530274284	0.995149676118656	93
PC_12_6h	302	LT934125.1	+	119740	119829	119826				119795	-31.3596714674155	26.3386238161228	-0.995149676118656	90
PC_12_6h	303	LT934125.1	+	119941	119982	119941	119944	1.12602823385255	0.0480725634905706	119956	15.3639377432235	11.8395245313788	0.995149676118656	42
PC_12_6h	304	LT934125.1	+	120081	120164	120090	120121	4.56587215582344	0.116707412585356	120113	22.9469240337792	24.4699601400837	0.995149676118656	84
PC_12_6h	305	LT934125.1	+	120246	120262	120246								17
PC_12_6h	306	LT934125.1	+	120312	120376	120350								65
PC_12_6h	307	LT934125.1	+	120555	120558	120555	120557	55.6155384641392	26.3446986692051					4
PC_12_6h	308	LT934125.1	+	120933	120971	120937	120946	1.82275737632009	0.0959354137119406	120945	7.61082679690879	8.92065105341376	0.995149676118656	39
PC_12_6h	309	LT934125.1	+	121204	121307	121210	121257	3.96771730277992	0.0634828833314687	121249	39.3198688657652	34.7492538188886	0.995149676118656	104
PC_12_6h	311	LT934125.1	+	121777	121787	121784	121786	38.3420131489668	17.9205607765292					11
PC_12_6h	312	LT934125.1	+	121925	122048	121925	121962	2.15486677836004	0.0314364909857891	121979	54.1959738532075	41.6663491881441	0.995149676118656	124
PC_12_6h	313	LT934125.1	+	122354	122404	122402								51
PC_12_6h	314	LT934125.1	+	122665	122702	122689								38
PC_12_6h	315	LT934125.1	+	122978	122988	122979	122981	3.14971063777468	1.10609966955979	122980	1.28638808620443	1.4337727437645	0.939116072732403	11
PC_12_6h	317	LT934125.1	+	123755	123827	123824								73
PC_12_6h	319	LT934125.1	+	124379	124502	124385	124398	1.261813689356	0.0199475944716652	124426	41.1807134578669	36.1776872090366	0.995149676118656	124
PC_12_6h	320	LT934125.1	+	124538	124584	124563	124572	3.84768557163846	0.305383973531327	124558	-4.79921119855103	14.2150528033821	-0.0175476249003903	47
PC_12_6h	321	LT934125.1	+	124736	124790	124756	124752	0.715342127752386	0.0696677822677407					55
PC_12_6h	322	LT934125.1	+	125003	125107	125058	125091	13.309362729322	0.369687480431248	125056	-1.63509093392555	33.7623161033956	-0.0121875722731354	105
PC_12_6h	323	LT934125.1	+	125217	125229	125225	125227	4.77800485202612	2.01830207954105	125225	-0.494968628091409	1.30119513675205	0.153667620573839	13
PC_12_6h	324	LT934125.1	+	125343	125373	125373								31
PC_12_6h	325	LT934125.1	+	125609	125641	125638								33
PC_12_6h	326	LT934125.1	+	125905	125938	125926								34
PC_12_6h	331	LT934125.1	+	128014	128093	128018	128051	3.89525466471458	0.0867711275152967	128058	40.2495136600184	26.5660558973717	-0.995149676118656	80
PC_12_6h	332	LT934125.1	+	128184	128221	128185	128188	1.54563760574082	0.181849758210478	128191	6.41871276476076	5.68785201164268	0.995149676118656	38
PC_12_6h	336	LT934125.1	+	132614	132614	132614								1
PC_12_6h	341	LT934125.1	+	136157	136201	136158	136175	6.85065119833613	0.34500309263857					45
PC_12_6h	342	LT934125.1	+	136339	136351	136348								13
PC_12_6h	343	LT934125.1	+	136664	136673	136664	136668	3.52679372408157	0.688255281224102	136668	3.60260288320204	2.77185124984299	0.995149676118656	10
PC_12_6h	353	LT934125.1	+	139476	139500	139476								25
PC_12_6h	355	LT934125.1	+	139982	139982	139982								1
PC_12_6h	360	LT934125.1	+	141043	141080	141065				141060	-4.77785733400076	10.5806933181169	0.00840635301023774	38
PC_12_6h	365	LT934125.1	-	3105	3139	3105	3108	1.22903565736086	0.0877720614373704					35
PC_12_6h	366	LT934125.1	-	3184	3389	3351	3372	7.73637568316581	0.313621663130264	3306	-45.3579272387521	56.203574620074	-0.919325400966292	206
PC_12_6h	368	LT934125.1	-	3876	3912	3908	3911	7.54338935365952	2.48684892966997	3903	-4.82709454610978	6.7916807230746	-0.995149676118656	37
PC_12_6h	372	LT934125.1	-	4897	4925	4925				4917	-7.75770658860446	5.99028218738414	-0.995149676118656	29
PC_12_6h	378	LT934125.1	-	8997	8997	8997								1
PC_12_6h	379	LT934125.1	-	9196	9217	9214				9211	-3.40089154865294	4.9130074858234	-0.995149676118656	22
PC_12_6h	380	LT934125.1	-	9466	9533	9494	9497	1.64671803574008	0.245877023156216					68
PC_12_6h	382	LT934125.1	-	9883	9893	9885	9887	2.31718740277794	0.579232431334733					11
PC_12_6h	388	LT934125.1	-	16745	16882	16745	16800	3.88016647526105	0.0522905102011715	16804	59.3810901981666	45.5883060583983	0.995149676118656	138
PC_12_6h	389	LT934125.1	-	16949	16974	16952								26
PC_12_6h	390	LT934125.1	-	17123	17222	17198				17178	-20.3438375934517	30.2206488865469	-0.736939485238418	100
PC_12_6h	391	LT934125.1	-	17300	17389	17341	17349	1.53931107188394	0.0699735932592089	17346	5.14438511383132	16.4780036533968	0.151617280101741	90
PC_12_6h	392	LT934125.1	-	17665	17817	17766	17775	1.46887370573901	0.0521963881150765	17748	-17.838031028753	52.6481537151485	-0.995149676118656	153
PC_12_6h	393	LT934125.1	-	18051	18107	18067	18084	3.01203261798891	0.115852098435608					57
PC_12_6h	394	LT934125.1	-	18182	18231	18231								50
PC_12_6h	398	LT934125.1	-	19468	19516	19473	19459	0.557001185464639	0.0313872272621004	19473	-0.178658657563848	2.80763901937186	0.902013565483155	49
PC_12_6h	404	LT934125.1	-	21919	21985	21941	21941	0.987505687033454	0.0944352526756184	21946	4.90624320876397	9.73901542715888	0.599062589903937	67
PC_12_6h	406	LT934125.1	-	22456	22463	22458								8
PC_12_6h	407	LT934125.1	-	22601	22661	22661								61
PC_12_6h	417	LT934125.1	-	25298	25313	25313				25308	-4.81055831173109	3.70625320046431	-0.995149676118656	16
PC_12_6h	425	LT934125.1	-	28756	28840	28783	28791	1.5324244639512	0.0677408078684262	28797	14.0090215378776	21.6878425717652	0.347844663389852	85
PC_12_6h	427	LT934125.1	-	29263	29306	29288								44
PC_12_6h	428	LT934125.1	-	29406	29417	29411	29413	3.96198870909008	1.78296442214251	29411	0.153814653070881	2.02063484372292	-0.317441278441335	12
PC_12_6h	431	LT934125.1	-	30812	30909	30877	30871	0.61098468004372	0.0626740693876005	30867	-9.9596892518914	20.2351222626528	-0.69365412957259	98
PC_12_6h	437	LT934125.1	-	32836	32842	32842								7
PC_12_6h	440	LT934125.1	-	33335	33365	33365								31
PC_12_6h	443	LT934125.1	-	34069	34126	34091								58
PC_12_6h	444	LT934125.1	-	34436	34494	34478				34471	-6.75106258117334	9.39358386418718	-0.729175049880759	59
PC_12_6h	454	LT934125.1	-	41995	41995	41995								1
PC_12_6h	456	LT934125.1	-	42621	42657	42621								37
PC_12_6h	463	LT934125.1	-	44886	44893	44889	44893	15.4634253509138	4.02451178016659	44891	1.51162791946526	2.21382645780514	-6.10356605982001e-05	8
PC_12_6h	471	LT934125.1	-	50569	50668	50641	50661	14.1008686763777	0.671427939700784	50624	-17.095230288829	25.5858763143004	-0.720072530899512	100
PC_12_6h	472	LT934125.1	-	51144	51147	51147								4
PC_12_6h	489	LT934125.1	-	55372	55496	55378	55422	3.39424207558986	0.0541666079189667	55425	46.6999999991695	36.0292936326027	2.65831350197767e-06	125
PC_12_6h	490	LT934125.1	-	55574	55685	55679				55643	-36.03291007448	32.1600952769432	-0.995149676118656	112
PC_12_6h	491	LT934125.1	-	55868	56045	55967	55996	4.10013394023032	0.106488479153815	55954	-13.3668229040149	55.7809699414785	-0.80040215167494	178
PC_12_6h	492	LT934125.1	-	56185	56263	56188	56188	1.11609692665747	0.407163149842485	56189	1.42234369678543	2.79321993852139	0.83372283453748	79
PC_12_6h	494	LT934125.1	-	56410	56471	56436	56455	4.80598636469471	0.200251424595778					62
PC_12_6h	495	LT934125.1	-	56636	56659	56659								24
PC_12_6h	496	LT934125.1	-	56943	56955	56946	56947	2.07317671112173	0.92932673464948					13
PC_12_6h	503	LT934125.1	-	58570	58572	58570	58571	11.6067769283825	9.67187664967118	58571	0.59362981816578	0.457786449726038	0.995149676118656	3
PC_12_6h	506	LT934125.1	-	59256	59281	59277								26
PC_12_6h	510	LT934125.1	-	63417	63427	63420	63422	2.54673839502133	0.770975799532165					11
PC_12_6h	512	LT934125.1	-	64112	64125	64125								14
PC_12_6h	513	LT934125.1	-	64802	64826	64803								25
PC_12_6h	514	LT934125.1	-	64925	65028	64944	64942	0.937060937365174	0.0329919291979367	64965	21.457626128514	26.7778569575089	0.84511292983566	104
PC_12_6h	517	LT934125.1	-	65718	65752	65750	65752	12.4412224295197	7.1424831464217	65747	-2.64180623473649	3.57056409235369	-0.995149676118656	35
PC_12_6h	530	LT934125.1	-	71881	71904	71882	71891	2.59746218600467	0.185516361305404	71890	7.96034414072685	6.87622674444854	0.995149676118656	24
PC_12_6h	541	LT934125.1	-	76860	76866	76860	76863	6.28476917848782	1.63956349173958	76862	2.13141411793789	1.64296492631581	0.995149676118656	7
PC_12_6h	544	LT934125.1	-	80438	80539	80484	80503	2.26218274522401	0.0651700309469641	80491	7.21459408288224	33.3235490797985	-0.00561127714105527	102
PC_12_6h	545	LT934125.1	-	80823	80927	80858	80864	1.26956016077767	0.0473057467022477	80862	4.20079681720707	24.6308276614868	0.615256618038943	105
PC_12_6h	547	LT934125.1	-	81213	81296	81273								84
PC_12_6h	548	LT934125.1	-	81804	81900	81804	81784	0.447201650623227	0.0275951861186278	81825	21.2649756399409	16.3876113065987	0.995149676118656	97
PC_12_6h	557	LT934125.1	-	87155	87253	87161	87175	1.41199172666268	0.0286300812986175	87174	13.3937498247319	14.8009673673563	0.995149676118656	99
PC_12_6h	558	LT934125.1	-	87284	87479	87447	87474	28.1619196702753	1.02408893067559	87407	-39.6341269637509	54.8623747340268	-0.995149676118656	196
PC_12_6h	565	LT934125.1	-	89078	89081	89079								4
PC_12_6h	572	LT934125.1	-	92277	92387	92303	92301	0.9327664990577	0.0352738025504308	92313	10.2187612095577	27.7201935946054	0.995149676118656	111
PC_12_6h	573	LT934125.1	-	92427	92471	92447								45
PC_12_6h	574	LT934125.1	-	92560	92715	92693				92626	-66.7102860836943	50.7387296663184	0.995149676118656	156
PC_12_6h	575	LT934125.1	-	92931	92947	92933	92935	6.60632465966243	2.39276932969435	92934	0.982762029318657	1.46487121153721	0.77770605810417	17
PC_12_6h	576	LT934125.1	-	93059	93106	93079								48
PC_12_6h	578	LT934125.1	-	93651	93657	93654								7
PC_12_6h	583	LT934125.1	-	94526	94565	94526	94522	0.788978617620326	0.0578345975075317	94537	10.7951169099973	8.32824867111859	0.995149676118656	40
PC_12_6h	584	LT934125.1	-	94942	94977	94947	94946	0.770382427579119	0.256780783354516					36
PC_12_6h	590	LT934125.1	-	96521	96601	96598	96600	6.68762075916986	2.57209813092109	96575	-22.6533096513671	19.7250599691268	-0.995149676118656	81
PC_12_6h	591	LT934125.1	-	96830	96843	96834								14
PC_12_6h	592	LT934125.1	-	97121	97190	97121	97136	1.60118521334569	0.0410531024100508					70
PC_12_6h	593	LT934125.1	-	97321	97368	97361	97367	35.6608683354277	5.94368140306073	97351	-10.417572055956	10.3635487317365	-0.95391682255466	48
PC_12_6h	600	LT934125.1	-	102637	102674	102652	102663	4.72099559542521	0.32555766105474	102657	4.77785733400076	10.5806933181169	-0.00840635301024313	38
PC_12_6h	603	LT934125.1	-	103735	103735	103735								1
PC_12_6h	605	LT934125.1	-	104217	104241	104241								25
PC_12_6h	615	LT934125.1	-	107044	107053	107053				107049	-3.60260288320204	2.771851249843	-0.995149676118656	10
PC_12_6h	616	LT934125.1	-	107366	107378	107369	107373	4.33840256652363	0.788901525421865					13
PC_12_6h	617	LT934125.1	-	107516	107560	107559								45
PC_12_6h	622	LT934125.1	-	111103	111103	111103								1
PC_12_6h	626	LT934125.1	-	115496	115533	115532				115526	-6.41871276476076	5.68785201164268	-0.995149676118656	38
PC_12_6h	627	LT934125.1	-	115624	115703	115638	115651	1.71672219208769	0.0541809002907573	115659	20.7504863399816	26.5660558973717	0.995149676118656	80
PC_12_6h	630	LT934125.1	-	116868	116900	116873								33
PC_12_6h	633	LT934125.1	-	118378	118420	118400								43
PC_12_6h	635	LT934125.1	-	119034	119061	119058	119061	28.9328860663514	10.8498624035512	119053	-4.84544264039453	6.02681935523796	-0.995149676118656	28
PC_12_6h	637	LT934125.1	-	119481	119499	119499								19
PC_12_6h	638	LT934125.1	-	119907	119935	119910	119916	2.10546459418005	0.173833490481167	119919	8.62035201524447	8.90245336552578	0.995149676118656	29
PC_12_6h	644	LT934125.1	-	122413	122461	122413	122427	2.18176847642553	0.0820171178571266					49
PC_12_6h	651	LT934125.1	-	126926	127456	127089	127144	1.46849470828158	0.00852150410518243	127192	102.948007231449	146.403307342964	0.0289741020640032	531
PC_12_6h	652	LT934125.1	-	127514	127611	127580	127591	2.29346258797112	0.114662151382012	127566	-13.5409520137391	34.1360034414364	-0.995149676118656	98
PC_12_6h	653	LT934125.1	-	127879	127902	127902								24
PC_12_6h	654	LT934125.1	-	128144	128181	128155								38
PC_12_6h	656	LT934125.1	-	128729	128738	128732	128736	8.50943741122839	1.89930939752394					10
PC_12_6h	661	LT934125.1	-	130804	130833	130831								30
PC_12_6h	668	LT934125.1	-	135388	135465	135407	135432	4.47380398963179	0.137239278296516	135417	9.73815385268272	21.1749759306358	0.79835139005503	78
PC_12_6h	673	LT934125.1	-	136212	136349	136234	136231	0.933188772460115	0.0207008529798809	136263	29.1532709918223	33.7341327957569	0.921090774470801	138
PC_12_8h	1	LT934125.1	+	779	781	779								3
PC_12_8h	2	LT934125.1	+	978	1001	990	993	1.68011013360087	0.258517689160682	989	-1.05810093976794	2.71723008343084	0.073977364779028	24
PC_12_8h	4	LT934125.1	+	1325	1412	1337	1338	1.06264295816718	0.0695084326738676	1343	6.28522207970794	9.50646058773238	0.915528309678844	88
PC_12_8h	5	LT934125.1	+	1588	1604	1600	1603	47.9562417973823	15.8461513572553	1601	0.93324358268686	2.01417258992882	-0.937010096014983	17
PC_12_8h	6	LT934125.1	+	1790	2099	1869	1911	1.53078718866698	0.0127304749511181	1936	67.0798503060359	98.0507794974313	0.89561761991063	310
PC_12_8h	17	LT934125.1	+	7588	7596	7588	7591	5.2064525879705	1.45186973850279	7590	1.82197261178492	1.40535213050827	0.995149676118656	9
PC_12_8h	18	LT934125.1	+	7811	7811	7811								1
PC_12_8h	22	LT934125.1	+	9107	9114	9113				9111	-1.7862998051945	1.83351914311474	-0.961397976430057	8
PC_12_8h	23	LT934125.1	+	9263	9272	9270	9271	8.58428016239939	5.81500349506231					10
PC_12_8h	24	LT934125.1	+	9640	9650	9646	9647	3.98236161134396	2.50284652654551	9645	-1.08786237949996	1.6484666250715	0.109616125452576	11
PC_12_8h	25	LT934125.1	+	9742	9890	9742	9755	1.19715128066962	0.0157232733347816	9808	66.0975677685865	50.68452450608	0.995149676118656	149
PC_12_8h	26	LT934125.1	+	9935	9979	9979				9959	-19.8042304691854	15.2448161921104	-0.995149676118656	45
PC_12_8h	27	LT934125.1	+	10035	10218	10119	10143	1.87257257547183	0.0357109392972784	10130	10.9250641599774	52.3069828116649	-0.00177846054707932	184
PC_12_8h	28	LT934125.1	+	10252	10327	10252	10275	2.50762078643617	0.0664304830025244	10281	28.7300231235695	22.0926972226405	0.995149676118656	76
PC_12_8h	29	LT934125.1	+	10431	10434	10431	10432	3.632973171217	1.81639797292234					4
PC_12_8h	32	LT934125.1	+	11788	11795	11794				11792	-1.87136542635093	2.20368308515149	-0.995149676118656	8
PC_12_8h	41	LT934125.1	+	14040	14051	14048	14050	4.61558679024104	2.20725521470521					12
PC_12_8h	42	LT934125.1	+	14212	14238	14214								27
PC_12_8h	43	LT934125.1	+	14613	14670	14670				14644	-25.8758392430401	19.9105474576318	-0.995149676118656	58
PC_12_8h	45	LT934125.1	+	15162	15324	15185	15239	2.83089315825219	0.0338391206870858	15251	65.9053251063269	56.0470840207045	-0.995149676118656	163
PC_12_8h	46	LT934125.1	+	15639	15709	15646	15660	2.24409404919991	0.0860266817260773	15666	19.9613883946448	19.4396519447277	0.938573314097162	71
PC_12_8h	47	LT934125.1	+	15773	15890	15836	15850	2.28818919850465	0.0932149263875232	15834	-1.8118151180342	30.5131302293367	-0.661578234708908	118
PC_12_8h	48	LT934125.1	+	15926	16128	15926	15977	1.71808362013646	0.014165097932389	16036	110.465012661463	69.8996125825944	-0.995149676118656	203
PC_12_8h	65	LT934125.1	+	25419	25424	25420								6
PC_12_8h	71	LT934125.1	+	27536	27550	27548								15
PC_12_8h	78	LT934125.1	+	30235	30243	30240	30243	28.9328860663514	10.8498624035512	30240	0.123178768918477	2.20997994284094	-0.995149676118656	9
PC_12_8h	81	LT934125.1	+	30932	30938	30932	30933	1.54640455751056	0.441898869170904	30934	1.68513199710896	1.30091986774304	0.995149676118656	7
PC_12_8h	82	LT934125.1	+	31091	31099	31098				31097	-0.785299564151848	0.937757118138729	-0.903092478907696	9
PC_12_8h	84	LT934125.1	+	31636	31714	31675	31694	4.80258757718956	0.205227377925543	31677	2.41683289451189	22.7238831090471	-0.170424920895699	79
PC_12_8h	85	LT934125.1	+	32016	32040	32038	32039	8.57628303864545	6.07026914222812	32037	-0.97395035399043	1.26508001699176	-0.796600085089339	25
PC_12_8h	86	LT934125.1	+	32154	32322	32167	32203	1.73439759566739	0.0206555448305458	32232	64.731113021048	55.7693331196881	0.0358284562690216	169
PC_12_8h	90	LT934125.1	+	33558	33617	33558	33585	5.4846709883559	0.163713296830337					60
PC_12_8h	93	LT934125.1	+	34746	34765	34749								20
PC_12_8h	109	LT934125.1	+	44779	44814	44812	44814	18.9681385186373	10.2743260300839					36
PC_12_8h	112	LT934125.1	+	46002	46032	46024	46026	2.82202648348963	1.04998675094826	46023	-0.851616633420816	4.46476763776441	-0.701704553280728	31
PC_12_8h	113	LT934125.1	+	46233	46286	46235	46239	1.22032769590675	0.0512088092419662	46248	12.8506914191488	11.4041256899846	0.995149676118656	54
PC_12_8h	114	LT934125.1	+	46489	46516	46489								28
PC_12_8h	116	LT934125.1	+	47066	47115	47066	47074	1.49926047033806	0.0611936476587461					50
PC_12_8h	117	LT934125.1	+	47282	47348	47315	47313	0.86097503671448	0.0819866565836335	47313	-2.05389712603607	12.4027045468221	0.125358039263951	67
PC_12_8h	118	LT934125.1	+	47632	47705	47699				47675	-24.0684777268286	23.1051557336136	-0.995149676118656	74
PC_12_8h	119	LT934125.1	+	48014	48124	48014	48075	6.15033354747256	0.0848360193625802	48071	56.5305739601384	41.0141438450204	-0.995149676118656	111
PC_12_8h	120	LT934125.1	+	48191	48373	48247	48290	3.51224108002331	0.0589207814318032	48283	36.2230876543278	48.304347088001	-0.0129054601797682	183
PC_12_8h	121	LT934125.1	+	48494	48571	48567	48570	13.4631830063855	4.71718615548723					78
PC_12_8h	122	LT934125.1	+	48670	49543	49231	49316	2.11604641980999	0.0131901918067468	49093	-137.860940852589	246.345378174698	0.0325875409451532	874
PC_12_8h	128	LT934125.1	+	51233	51242	51235	51237	4.84350709071547	2.00680176592447	51236	1.16672919499761	1.37566266607771	0.853933839048178	10
PC_12_8h	130	LT934125.1	+	52437	52484	52460	52457	0.777587177334772	0.0754425809876491	52455	-4.66914636940593	9.05619009921977	0.075210277854029	48
PC_12_8h	131	LT934125.1	+	52649	52716	52685								68
PC_12_8h	132	LT934125.1	+	53060	53145	53060	53081	2.34165252234972	0.0638641238006558	53090	29.7345198760438	22.8617249455963	0.995149676118656	86
PC_12_8h	133	LT934125.1	+	53245	53319	53245	53251	1.17650276480341	0.0297287441203239	53280	34.6105482479615	28.189384644671	0.0534284397755795	75
PC_12_8h	135	LT934125.1	+	53644	53652	53648	53650	4.21356496191697	1.71668933804561					9
PC_12_8h	136	LT934125.1	+	54443	54476	54443	54459	3.1014862223709	0.131063704492141	54461	18.0896413358499	11.4301854135158	-0.995149676118656	34
PC_12_8h	137	LT934125.1	+	54522	54845	54547	54615	1.87951497943975	0.0128459653501156	54679	132.239822030163	93.4547039105715	0.0110182946772384	324
PC_12_8h	138	LT934125.1	+	54887	55090	54938	54953	1.32743756584023	0.0225327762089198	54965	26.54557133216	48.6875637712075	0.776747546751428	204
PC_12_8h	139	LT934125.1	+	55303	55355	55303	55319	2.05880535424492	0.0653590726356465	55328	24.9288693643904	19.1691730563737	0.995149676118656	53
PC_12_8h	140	LT934125.1	+	55705	55742	55712	55720	1.65279001227207	0.0789267494249732	55723	11.3510241136031	14.0533292986435	0.995149676118656	38
PC_12_8h	141	LT934125.1	+	55997	56027	56000	56000	0.983430624894473	0.0714914510044256	56007	6.55255744902977	7.34151902651936	0.995149676118656	31
PC_12_8h	150	LT934125.1	+	59039	59074	59068	59070	4.06209335009869	1.34121451541044	59060	-8.37575399363372	10.9928947368756	-0.995149676118656	36
PC_12_8h	151	LT934125.1	+	59698	59818	59731	59776	5.36645874253875	0.0967729850223898	59770	38.7103663223213	36.9655907185118	-0.995149676118656	121
PC_12_8h	153	LT934125.1	+	60232	60260	60235	60234	0.913003872899634	0.15721339918518	60238	3.18411900243285	4.74122054642755	0.995149676118656	29
PC_12_8h	159	LT934125.1	+	61752	61951	61819	61890	4.24285881004	0.0456200041065405	61879	59.6006492722744	55.3803430903118	-0.995149676118656	200
PC_12_8h	160	LT934125.1	+	62083	62245	62141	62164	1.79209714681303	0.0337508033798978	62162	21.3468156445755	48.0904917599329	0.578159019696728	163
PC_12_8h	167	LT934125.1	+	65805	65830	65805	65806	1.24892000114184	0.280396476606517	65810	4.73191632543116	3.64778564609734	0.995149676118656	26
PC_12_8h	168	LT934125.1	+	66335	66345	66338	66341	7.64180186589641	2.29865122187744	66339	1.20243587226297	1.73015669436629	0.749843391121653	11
PC_12_8h	173	LT934125.1	+	68141	68198	68183								58
PC_12_8h	176	LT934125.1	+	69233	69244	69237				69240	3.00016795339585	3.86441813558043	-0.0120168085514969	12
PC_12_8h	178	LT934125.1	+	69765	69812	69765	69774	1.45707601077833	0.0531229576259084	69781	15.9143011936133	12.2674386827021	0.995149676118656	48
PC_12_8h	179	LT934125.1	+	70012	70180	70090	70109	1.67352357935969	0.0355022021150489	70093	2.67710591632884	43.0534043836204	-0.0319109740115945	169
PC_12_8h	180	LT934125.1	+	70225	70407	70311	70344	2.66411316094364	0.050272225169473	70314	2.9333326548062	56.3884937446918	0.000109969688547898	183
PC_12_8h	181	LT934125.1	+	70525	70534	70531	70533	4.72461794222503	2.07208162282422	70530	-0.708587534695123	1.153667618417	-0.163460221230201	10
PC_12_8h	182	LT934125.1	+	70633	70819	70633	70700	2.66600746687775	0.0247126485212704	70734	100.910543737158	65.0639743547685	-0.995149676118656	187
PC_12_8h	183	LT934125.1	+	71065	71154	71065	71092	2.49769611218124	0.05600711303823	71102	37.0553443714417	28.4513792660858	0.995149676118656	90
PC_12_8h	184	LT934125.1	+	71308	71357	71319	71333	3.06442169945134	0.144593556585944	71328	8.67512500427813	15.0833634887611	0.995149676118656	50
PC_12_8h	188	LT934125.1	+	72758	72763	72759	72761	3.40067187542611	1.45743945318619					6
PC_12_8h	194	LT934125.1	+	74381	74408	74400	74402	3.43624453116668	1.16793454799406	74401	1.38925985344954	2.65893905415642	-0.170675729367712	28
PC_12_8h	197	LT934125.1	+	75154	75216	75154	75187	5.32768211357931	0.130581021280261					63
PC_12_8h	201	LT934125.1	+	76677	76685	76683				76682	-0.661904502003342	2.04776934919579	-0.995149676118656	9
PC_12_8h	207	LT934125.1	+	78035	78062	78044	78050	1.99018900304535	0.153077662505699	78043	-1.06816955504182	6.09983984445057	0.995149676118656	28
PC_12_8h	210	LT934125.1	+	78979	79089	78991	79032	4.20569723801436	0.0783836088317147	79027	36.4362143129809	37.1026996313669	0.995149676118656	111
PC_12_8h	211	LT934125.1	+	79343	79454	79444	79445	1.4441563331372	0.311461692008805					112
PC_12_8h	212	LT934125.1	+	79549	79650	79618	79619	1.09879795267034	0.0838248077142084	79614	-3.96900469393415	27.5994834474352	-0.995149676118656	102
PC_12_8h	213	LT934125.1	+	79686	79878	79786	79806	1.66866679282313	0.0341830405908053	79789	2.54286141742453	53.7508867728452	-0.302039567655648	193
PC_12_8h	223	LT934125.1	+	83975	83983	83975	83979	5.89423850453447	1.33086046036706	83978	2.91828536099297	2.24701762416858	0.995149676118656	9
PC_12_8h	230	LT934125.1	+	85995	86046	85996	85996	1.00843073632304	0.0298316594389562	86020	23.8630958350308	19.0807352024635	0.995149676118656	52
PC_12_8h	239	LT934125.1	+	89850	89930	89883	89873	0.719368410943853	0.0287806561252196	89883	-0.218178938496636	19.7949653412772	0.499133459581224	81
PC_12_8h	242	LT934125.1	+	90689	90752	90699	90710	1.74073921601709	0.065419174444264	90712	13.2224257144423	17.8048588918343	0.995149676118656	64
PC_12_8h	244	LT934125.1	+	91356	91448	91409	91410	1.20920402298612	0.193188045593828	91402	-7.0995034800328	17.8958047444943	-0.651148943478879	93
PC_12_8h	245	LT934125.1	+	91548	91568	91548	91548	1.0385615996523	0.0944163093375267					21
PC_12_8h	247	LT934125.1	+	92127	92183	92183								57
PC_12_8h	248	LT934125.1	+	92284	92288	92284								5
PC_12_8h	249	LT934125.1	+	92451	92487	92453	92448	0.731585314576181	0.0526171038215417	92462	8.5874088651136	8.11945848198294	0.995149676118656	37
PC_12_8h	255	LT934125.1	+	95750	95753	95750								4
PC_12_8h	256	LT934125.1	+	96008	96044	96010								37
PC_12_8h	279	LT934125.1	+	104699	104780	104764				104751	-12.9162960514953	22.1695751733742	-0.995149676118656	82
PC_12_8h	281	LT934125.1	+	105142	105177	105172				105162	-10.0065352698136	11.5149883142325	-0.995149676118656	36
PC_12_8h	285	LT934125.1	+	106179	106213	106179								35
PC_12_8h	287	LT934125.1	+	106585	106596	106596								12
PC_12_8h	290	LT934125.1	+	107389	107499	107482	107483	1.41954594417982	0.473147048135012	107457	-24.9645258868195	25.7744173626097	-0.960497898131288	111
PC_12_8h	293	LT934125.1	+	108307	108312	108310								6
PC_12_8h	302	LT934125.1	+	113433	113444	113433	113438	5.59569929888892	0.895244210880425					12
PC_12_8h	303	LT934125.1	+	114950	114988	114985	114987	3.80139357602484	1.85582145255688					39
PC_12_8h	307	LT934125.1	+	115890	116004	115999	116001	3.79000578083237	1.57907477689464	115964	-34.7262716721577	30.3411023848583	-0.995149676118656	115
PC_12_8h	308	LT934125.1	+	116043	116334	116276	116286	1.5632865051106	0.0572461900965062	116205	-70.8622688934753	80.1943532577856	-0.065272990195569	292
PC_12_8h	309	LT934125.1	+	116367	116868	116772	116792	1.81780580304571	0.040077395527683	116623	-149.042047338369	147.170932122437	-0.0600163493681008	502
PC_12_8h	311	LT934125.1	+	117603	117607	117607								5
PC_12_8h	312	LT934125.1	+	117768	117799	117769	117772	1.3805914838625	0.141178869313457					32
PC_12_8h	317	LT934125.1	+	118857	118866	118864	118866	38.5830518515867	19.9987505549687	118863	-0.870095532822292	2.04278207675978	-0.767501869411447	10
PC_12_8h	318	LT934125.1	+	119076	119109	119076	119088	2.5531360051399	0.134399400609701					34
PC_12_8h	319	LT934125.1	+	119210	119376	119210	119238	1.52531142074888	0.0189221434311806	119277	67.1200605363664	51.5356435442294	0.995149676118656	167
PC_12_8h	320	LT934125.1	+	119416	119500	119436	119460	3.88585263016288	0.118637206944939	119453	17.0925603426692	24.3103929310289	0.725126335014254	85
PC_12_8h	321	LT934125.1	+	119554	120040	119941	119973	2.46252952137743	0.0453192567191537	119831	-109.742301759502	135.284903241606	-0.866077229212034	487
PC_12_8h	322	LT934125.1	+	120075	120403	120081	120163	1.9411391083536	0.0115086053090716	120225	144.387635010809	102.276083112658	-0.00775398089147787	329
PC_12_8h	323	LT934125.1	+	120555	120557	120555								3
PC_12_8h	324	LT934125.1	+	120921	120937	120937								17
PC_12_8h	327	LT934125.1	+	121782	121787	121784	121786	34.9924755636533	16.3168942518658	121785	0.751693876384472	0.90278435467855	0.872275534622116	6
PC_12_8h	328	LT934125.1	+	122110	122137	122119								28
PC_12_8h	329	LT934125.1	+	122614	122815	122698	122748	3.97208496025307	0.0597269747471309	122700	2.02219461883708	65.8954501054505	0.995149676118656	202
PC_12_8h	330	LT934125.1	+	122958	122988	122979	122981	2.91522408009295	1.00584883327757	122980	0.695800222571025	3.07434533832752	-0.31585310342526	31
PC_12_8h	332	LT934125.1	+	123593	123617	123593								25
PC_12_8h	334	LT934125.1	+	124290	124329	124305	124311	2.00066114653544	0.166732037818213	124305	-0.00562963081132883	7.72943362848672	0.557382866223229	40
PC_12_8h	335	LT934125.1	+	124454	124624	124563	124566	1.194737473157	0.0582680433617956	124542	-20.8303176207926	48.4375818462818	-0.728818416283282	171
PC_12_8h	336	LT934125.1	+	124734	124761	124756	124758	2.8633520556269	0.908940415432471					28
PC_12_8h	337	LT934125.1	+	124891	124980	124937	124944	1.50586014751432	0.0703593261540053	124931	-5.63558875093937	24.878956163855	0.206621631707745	90
PC_12_8h	338	LT934125.1	+	125027	125122	125104				125076	-27.8297695680856	28.9019576186718	-0.8455108827105	96
PC_12_8h	339	LT934125.1	+	125152	125227	125225	125227	11.3258112459966	6.63902721430522	125223	-2.35914051365762	3.33422544303915	-0.995149676118656	76
PC_12_8h	340	LT934125.1	+	125331	125424	125424				125391	-33.0234008848688	25.3771612927848	-0.995149676118656	94
PC_12_8h	342	LT934125.1	+	125673	126053	125804	125867	2.05931242505864	0.0168782993802413	125863	59.4443484369434	113.905935978539	-0.651589252528224	381
PC_12_8h	346	LT934125.1	+	127999	128111	128083	128087	1.41451434919054	0.10876636850051	128066	-16.9688511078683	21.4417284052143	-0.667442816009193	113
PC_12_8h	347	LT934125.1	+	128161	128190	128185	128188	8.49261298383102	2.25758733441543	128185	0.0285656279228871	3.79283617054723	-0.995149676118656	30
PC_12_8h	356	LT934125.1	+	132614	132618	132614	132615	2.39426988208939	0.957753472105803					5
PC_12_8h	361	LT934125.1	+	134977	134996	134990	134993	3.6357411449103	0.909042357635559					20
PC_12_8h	363	LT934125.1	+	136158	136174	136158	136163	2.00497188371796	0.205645780561709					17
PC_12_8h	364	LT934125.1	+	136292	136378	136348	136349	1.10989542084812	0.120639413119711	136342	-5.86705688741953	14.9156409484271	-0.536812839424401	87
PC_12_8h	378	LT934125.1	-	2873	2917	2917				2899	-18.0504751452062	13.8779134052701	-0.995149676118656	45
PC_12_8h	379	LT934125.1	-	3126	3148	3141				3140	-0.980741340477591	6.13528069144381	-0.995149676118656	23
PC_12_8h	380	LT934125.1	-	3291	3351	3305	3339	8.36443022472389	0.215277210127722	3319	14.2858952431124	21.6452700051262	0.995149676118656	61
PC_12_8h	381	LT934125.1	-	3877	3917	3910	3911	2.11558618295218	1.17537287213789	3906	-4.28792867672152	6.53688225284421	-0.886137087448833	41
PC_12_8h	384	LT934125.1	-	4924	4955	4925	4915	0.513014101625263	0.0481009623467097	4932	7.18609961334686	6.288884381766	0.995149676118656	32
PC_12_8h	389	LT934125.1	-	7758	7758	7758								1
PC_12_8h	392	LT934125.1	-	8592	8606	8592								15
PC_12_8h	393	LT934125.1	-	9057	9083	9058								27
PC_12_8h	394	LT934125.1	-	9214	9229	9214	9218	1.85015645553614	0.205578432867136					16
PC_12_8h	395	LT934125.1	-	9463	9533	9494	9492	0.879194923439513	0.064564909550599					71
PC_12_8h	397	LT934125.1	-	9866	9893	9885	9888	2.2416704223082	0.448323619032316	9884	-0.745952166456689	6.71157575281235	-0.995149676118656	28
PC_12_8h	398	LT934125.1	-	9988	10059	9988	10012	2.43517749277548	0.0587824072995642	10021	32.5265127692256	24.9955873718136	0.995149676118656	72
PC_12_8h	411	LT934125.1	-	15826	15842	15834	15838	3.02267246813883	0.50378913219325	15834	0.425752958728557	4.87356713293439	0.355262125467169	17
PC_12_8h	413	LT934125.1	-	16163	16190	16164								28
PC_12_8h	415	LT934125.1	-	16736	17256	16949	17062	3.01067757077994	0.0178053870285765	17031	82.4653579080329	170.682480280576	-0.995149676118656	521
PC_12_8h	416	LT934125.1	-	17286	17402	17341	17346	1.41906486040933	0.0762961508291182	17345	4.08947439685203	20.8661177203613	-0.26756506753557	117
PC_12_8h	417	LT934125.1	-	17437	17636	17472	17523	2.74420866887087	0.0343393476130879	17532	59.7804884661833	53.997389330715	0.0822651899622781	200
PC_12_8h	418	LT934125.1	-	18067	18107	18067	18076	1.55089402359117	0.05851225286114					41
PC_12_8h	420	LT934125.1	-	18663	18689	18663								27
PC_12_8h	422	LT934125.1	-	19468	19493	19471	19473	6.5205294418765	2.94701852438193	19472	0.762218091393849	1.68169772140914	0.723425567682756	26
PC_12_8h	428	LT934125.1	-	21894	21971	21941	21943	1.36284812016791	0.166578727533056	21940	-1.28405584090216	10.9476421523368	-0.376254097056012	78
PC_12_8h	436	LT934125.1	-	25273	25315	25313								43
PC_12_8h	444	LT934125.1	-	28685	29080	29046	29066	7.83177318957067	0.34812756915607	28863	-183.40337038619	129.369163424361	0.982510332036123	396
PC_12_8h	445	LT934125.1	-	29257	29300	29288	29295	5.54439657632446	0.65231965790525	29283	-5.38060980673371	12.2181753504368	-0.817229937596328	44
PC_12_8h	446	LT934125.1	-	29404	29418	29411	29412	3.39166859183056	1.64642308498309	29411	0.244314376957437	2.22490863270016	-0.501445924754846	15
PC_12_8h	453	LT934125.1	-	30876	30882	30877								7
PC_12_8h	459	LT934125.1	-	32784	33035	32842	32876	1.5537790218412	0.0160948166111372	32893	50.8014456734632	62.4302502916322	0.881264834297833	252
PC_12_8h	461	LT934125.1	-	34467	34478	34474	34478	118.8938584468	30.682520187585	34474	-0.275882844167386	3.29009167361776	-0.995149676118656	12
PC_12_8h	474	LT934125.1	-	41992	41997	41995								6
PC_12_8h	479	LT934125.1	-	42984	43035	43011								52
PC_12_8h	485	LT934125.1	-	44886	44901	44893				44891	-2.25162469521802	3.14682199886756	0.410763208368218	16
PC_12_8h	489	LT934125.1	-	46104	46124	46104	46119	22.1671286527156	1.38542532754817					21
PC_12_8h	502	LT934125.1	-	50346	50498	50346	50406	3.52893334841982	0.0421300517484999	50423	77.3076923102106	45.0100578411604	8.34320236976377e-07	153
PC_12_8h	503	LT934125.1	-	50589	50592	50592								4
PC_12_8h	504	LT934125.1	-	51139	51149	51147								11
PC_12_8h	520	LT934125.1	-	55358	55618	55438	55423	0.837198948177038	0.0106784967219603	55467	28.8633667089208	78.9676880509529	0.988788291085069	261
PC_12_8h	521	LT934125.1	-	55661	55808	55679	55675	0.922746858076227	0.0174942508523223	55717	37.8422778226166	42.7824057393011	0.995149676118656	148
PC_12_8h	522	LT934125.1	-	56185	56272	56188	56188	1.12395261807109	0.34099407271565	56190	1.87953764484505	3.27050263184701	0.87407572015716	88
PC_12_8h	525	LT934125.1	-	56944	56950	56946	56947	4.27693673298755	2.4445016090403					7
PC_12_8h	533	LT934125.1	-	58553	58573	58570	58571	5.31628722356151	3.38287078382877	58569	-0.9150785057762	2.99218626133831	-0.995149676118656	21
PC_12_8h	537	LT934125.1	-	59274	59281	59277	59280	8.65442041518827	2.88491694405486	59277	0.0366505745396688	1.42558517881071	0.403683901706895	8
PC_12_8h	545	LT934125.1	-	63417	63438	63420	63423	2.99201575965633	0.612908258460855					22
PC_12_8h	548	LT934125.1	-	64124	64128	64125	64127	26.4854369994424	11.351593626532	64126	0.695107015484641	1.30317699142285	0.995149676118656	5
PC_12_8h	550	LT934125.1	-	64624	64697	64624	64651	3.38998512737442	0.0878336882856421	64651	27.3958615605747	21.0888519876654	0.995149676118656	74
PC_12_8h	552	LT934125.1	-	65718	65753	65752				65749	-3.16585931955481	2.91035156600239	-0.980418353288023	36
PC_12_8h	555	LT934125.1	-	66750	66761	66750	66750	0.976575093168527	0.162764682148401					12
PC_12_8h	557	LT934125.1	-	67723	67724	67724								2
PC_12_8h	563	LT934125.1	-	68527	68549	68527								23
PC_12_8h	565	LT934125.1	-	68866	68921	68921				68894	-26.8622424036727	15.876541545565	0.459908633934248	56
PC_12_8h	567	LT934125.1	-	69252	69263	69254	69257	2.73131795602054	0.606961498464824	69257	2.76271436479786	3.44378422995174	0.864542570680268	12
PC_12_8h	572	LT934125.1	-	70431	70477	70451	70465	4.20747126647012	0.229514148767623	70451	0.197198655190734	11.2861389466674	0.479065484296811	47
PC_12_8h	576	LT934125.1	-	71881	71889	71882	71886	6.23686941648053	1.2473467745079	71885	3.09082976855574	2.9373846720525	0.00921792213123979	9
PC_12_8h	582	LT934125.1	-	73105	73108	73108								4
PC_12_8h	592	LT934125.1	-	76860	76865	76860	76864	80.64581029683	17.9210933220713					6
PC_12_8h	600	LT934125.1	-	80484	80961	80858	80870	1.40181870731379	0.0329258021166685	80762	-96.4476963088513	132.152109185853	-0.957680753824841	478
PC_12_8h	601	LT934125.1	-	80996	81213	81035	81110	4.05220346911191	0.0409628393475678	81084	49.0065961599111	67.2921173618549	0.995149676118656	218
PC_12_8h	602	LT934125.1	-	81252	81324	81302								73
PC_12_8h	603	LT934125.1	-	81803	81917	81804	81792	0.450276155817637	0.0455943520159701	81820	15.6107840733093	12.6644636914459	0.995149676118656	115
PC_12_8h	611	LT934125.1	-	86308	86412	86374				86361	-13.0581373158475	31.8221298297901	-0.591663048663981	105
PC_12_8h	613	LT934125.1	-	87157	87179	87161	87165	1.53633382182747	0.131703927675879					23
PC_12_8h	614	LT934125.1	-	87419	87449	87447				87439	-7.79673395016276	7.51554481637725	-0.995149676118656	31
PC_12_8h	621	LT934125.1	-	89078	89081	89079								4
PC_12_8h	631	LT934125.1	-	92157	92343	92303	92330	12.0835709483163	0.406678154118526	92275	-27.6291220640898	51.7461364342513	-0.995149676118656	187
PC_12_8h	632	LT934125.1	-	92375	92490	92446				92427	-19.2418129668184	39.6673720629415	0.995149676118656	116
PC_12_8h	633	LT934125.1	-	92744	92785	92785								42
PC_12_8h	634	LT934125.1	-	92929	92973	92933	92934	1.33764089982013	0.319017998738108					45
PC_12_8h	635	LT934125.1	-	93186	93219	93186								34
PC_12_8h	636	LT934125.1	-	93413	93473	93413	93443	3.45345076619603	0.0812310555404066	93439	25.8089573670416	19.8848705093032	0.995149676118656	61
PC_12_8h	637	LT934125.1	-	93647	93686	93654	93659	1.35467062655198	0.0645043210603752					40
PC_12_8h	640	LT934125.1	-	94526	94529	94529				94528	-1.32491642033203	1.28961171105964	0.995149676118656	4
PC_12_8h	641	LT934125.1	-	94941	94949	94947	94948	16.2251336781686	14.4232018746826					9
PC_12_8h	646	LT934125.1	-	96040	96189	96168				96122	-45.5145772176882	45.8055816967149	-0.938113140066577	150
PC_12_8h	647	LT934125.1	-	96314	96356	96324	96342	4.23235841583304	0.180098236067645					43
PC_12_8h	648	LT934125.1	-	96590	96628	96598	96595	0.803598441010039	0.0618248295924736	96603	4.59385107764168	9.66309135851329	0.995149676118656	39
PC_12_8h	651	LT934125.1	-	97291	97383	97361	97365	2.32548433569455	0.338273883092079	97349	-12.386853895645	14.0029355732623	-0.877294899161024	93
PC_12_8h	659	LT934125.1	-	102478	102544	102478								67
PC_12_8h	671	LT934125.1	-	107339	107425	107369	107367	0.905059044399336	0.0511317102514995	107375	5.86705688741953	14.9156409484271	0.536812839424401	87
PC_12_8h	672	LT934125.1	-	107543	107559	107559								17
PC_12_8h	674	LT934125.1	-	108721	108740	108727								20
PC_12_8h	680	LT934125.1	-	111099	111103	111103								5
PC_12_8h	689	LT934125.1	-	115527	115556	115532	115530	0.797525950302593	0.0997067529464015	115532	0.0272657787539327	3.8357123260813	0.995149676118656	30
PC_12_8h	690	LT934125.1	-	115606	115718	115634	115642	1.4847555869664	0.0592792825273636	115651	16.9688511078683	21.4417284052143	0.667442816009193	113
PC_12_8h	698	LT934125.1	-	118376	118400	118400								25
PC_12_8h	700	LT934125.1	-	119033	119070	119058	119061	2.31635121690952	0.386111798110544	119054	-4.12041366716762	8.82049334132639	-0.726583950152921	38
PC_12_8h	702	LT934125.1	-	119481	119501	119499								21
PC_12_8h	704	LT934125.1	-	119910	119935	119923	119929	3.20921275124031	0.382018000383872	119920	-2.91592403138601	7.74089758760796	0.995149676118656	26
PC_12_8h	706	LT934125.1	-	120408	120454	120433				120431	-2.18043310833071	13.4399997154897	0.492412793311178	47
PC_12_8h	710	LT934125.1	-	121832	121872	121832								41
PC_12_8h	712	LT934125.1	-	122318	122322	122320								5
PC_12_8h	713	LT934125.1	-	122413	122497	122424	122451	3.6499573231972	0.0986626608635817	122447	22.9193198363218	23.0168392703121	0.242027270695741	85
PC_12_8h	719	LT934125.1	-	124703	124862	124819	124855	24.8551303033548	0.654084003070301	124795	-23.5995192114626	40.8583680761469	-0.456248575705747	160
PC_12_8h	723	LT934125.1	-	126103	126112	126112								10
PC_12_8h	724	LT934125.1	-	126847	127350	126945	127023	1.61753264722638	0.00795633215150861	127097	152.005014373844	146.194917451383	0.0229313368701622	504
PC_12_8h	725	LT934125.1	-	127383	127674	127434	127460	1.32853808945712	0.012635259772284	127512	77.8622688934753	80.1943532577855	0.065272990195562	292
PC_12_8h	726	LT934125.1	-	127713	127827	127718	127760	4.31830321862062	0.0791640968069204	127753	34.7262716721577	30.3411023848583	0.995149676118656	115
PC_12_8h	729	LT934125.1	-	128729	128767	128732	128731	0.87429775523528	0.100862608602093					39
PC_12_8h	730	LT934125.1	-	130273	130284	130284								12
PC_12_8h	738	LT934125.1	-	135405	135410	135407								6
PC_12_8h	742	LT934125.1	-	136218	136328	136235	136249	1.42259061509087	0.0299084933225215	136260	25.1449738941535	25.9390832087137	0.960627405532543	111
PC_12_8h	746	LT934125.1	-	137121	137132	137121	137123	1.58249530062908	0.316438008552389					12
PC_12_8h	748	LT934125.1	-	137504	137538	137504								35
PC_12_8h	752	LT934125.1	-	138540	138575	138545	138570	62.2281537129815	2.45637050634628	138555	10.0065352698136	11.5149883142325	0.995149676118656	36
PC_12_8h	754	LT934125.1	-	138937	139018	138953	138943	0.74052029076069	0.0268289066123855	138966	12.9162960514953	22.1695751733743	0.995149676118656	82
PK_15_12h	1	LT934125.1	+	779	779	779								1
PK_15_12h	2	LT934125.1	+	986	992	990	992	25.3399212715067	13.4151493654541	989	-0.676333625889619	1.09370253946166	-0.726042353674518	7
PK_15_12h	3	LT934125.1	+	1334	1337	1337				1336	-1.11797502880455	0.862086162062662	-0.995149676118656	4
PK_15_12h	4	LT934125.1	+	1600	1607	1600	1603	9.44609707401523	2.85666585605412	1601	1.39947757388602	1.08000198693762	0.995149676118656	8
PK_15_12h	5	LT934125.1	+	1815	1815	1815								1
PK_15_12h	6	LT934125.1	+	7588	7596	7588	7591	5.31573818992804	1.39412714532189	7590	2.35367274141143	1.81335192730622	0.995149676118656	9
PK_15_12h	7	LT934125.1	+	7811	7811	7811								1
PK_15_12h	8	LT934125.1	+	9106	9114	9113								9
PK_15_12h	9	LT934125.1	+	9267	9270	9270								4
PK_15_12h	10	LT934125.1	+	9640	9679	9646	9644	0.707909853225922	0.128828395744181	9646	0.354826212323159	3.25097212350706	0.935535037230819	40
PK_15_12h	11	LT934125.1	+	9771	9861	9817	9833	2.45954429400094	0.090471086187119	9812	-4.56709110120082	31.6581613221552	0.995149676118656	91
PK_15_12h	12	LT934125.1	+	9896	9930	9930				9913	-16.786351404034	12.9184756181098	-0.995149676118656	35
PK_15_12h	13	LT934125.1	+	10046	10161	10075	10100	2.35206960869714	0.0548145395867173	10102	27.207160401545	32.3696613966606	0.712057977932273	116
PK_15_12h	14	LT934125.1	+	10252	10252	10252								1
PK_15_12h	15	LT934125.1	+	10431	10434	10431	10433	10.0951265700951	4.82430396700535					4
PK_15_12h	16	LT934125.1	+	11788	11800	11793	11795	1.95067491011053	0.600602202059678	11793	0.444156330275693	2.64108488378215	0.552455289043151	13
PK_15_12h	17	LT934125.1	+	12015	12015	12015								1
PK_15_12h	18	LT934125.1	+	13263	13263	13263								1
PK_15_12h	19	LT934125.1	+	13569	13580	13569	13576	4.35176816433895	0.448003689290003	13574	4.74408090899891	3.65862420978995	0.995149676118656	12
PK_15_12h	20	LT934125.1	+	14042	14051	14048	14050	6.60976273485818	2.84992489197785					10
PK_15_12h	21	LT934125.1	+	14370	14370	14370								1
PK_15_12h	22	LT934125.1	+	14541	14560	14560				14551	-9.15245118910276	7.05188732938961	-0.995149676118656	20
PK_15_12h	23	LT934125.1	+	14724	14859	14818	14837	3.27126146969704	0.122515691559137	14803	-14.6969057472659	42.6533586660669	-0.995149676118656	136
PK_15_12h	24	LT934125.1	+	14895	14953	14930	14941	3.20599603635837	0.204024616318634	14927	-3.31200362461231	20.1571445102434	-0.995149676118656	59
PK_15_12h	25	LT934125.1	+	15136	15306	15170	15202	1.83947613044938	0.026117387859107	15218	48.0908009085705	50.5589463381019	0.0301098281466873	171
PK_15_12h	26	LT934125.1	+	15583	15892	15836	15855	2.78293664839411	0.0959569306023225	15758	-77.7112329371952	96.8498278162875	-0.989921107177456	310
PK_15_12h	27	LT934125.1	+	16052	16078	16052	16062	3.65238947275353	0.26709931306028	16061	9.20898433950078	7.09126658307316	0.995149676118656	27
PK_15_12h	28	LT934125.1	+	19079	19079	19079								1
PK_15_12h	29	LT934125.1	+	27846	27846	27846								1
PK_15_12h	30	LT934125.1	+	29465	29465	29465								1
PK_15_12h	31	LT934125.1	+	30235	30241	30240				30238	-1.91737508593925	2.23121932472551	-0.995149676118656	7
PK_15_12h	32	LT934125.1	+	30932	30938	30932	30936	4.66236167376878	1.01723432331018	30934	1.96580249006697	1.51702730403135	0.995149676118656	7
PK_15_12h	33	LT934125.1	+	31093	31098	31098								6
PK_15_12h	34	LT934125.1	+	31453	31474	31474				31464	-10.0200852533813	7.71754262495455	-0.995149676118656	22
PK_15_12h	35	LT934125.1	+	31609	31609	31609								1
PK_15_12h	36	LT934125.1	+	31847	31870	31859	31864	2.78535517420043	0.371350133227794					24
PK_15_12h	37	LT934125.1	+	31973	32039	32038				32037	-1.27313150251647	1.36734638750471	-0.945822550806206	67
PK_15_12h	38	LT934125.1	+	32140	32272	32161	32169	1.24974851677233	0.0316639027855348	32186	24.5698761068408	34.7399517357327	0.995149676118656	133
PK_15_12h	39	LT934125.1	+	34749	34749	34749								1
PK_15_12h	40	LT934125.1	+	44807	44815	44812	44814	8.08960200557256	3.36978460742717					9
PK_15_12h	41	LT934125.1	+	44946	44946	44946								1
PK_15_12h	42	LT934125.1	+	45058	45069	45058	45063	2.50054937765773	0.312576805104306	45063	5.35797383249986	4.12548260169642	0.995149676118656	12
PK_15_12h	43	LT934125.1	+	45313	45313	45313								1
PK_15_12h	44	LT934125.1	+	45467	45496	45496				45484	-12.3850088214571	9.55065999446177	-0.995149676118656	30
PK_15_12h	45	LT934125.1	+	45792	45792	45792								1
PK_15_12h	46	LT934125.1	+	45909	45916	45909	45915	11.7870357781644	1.79035463177946	45912	3.4347802954592	3.43670861117151	0.000847751450210887	8
PK_15_12h	47	LT934125.1	+	46023	46029	46024	46026	4.15111593033423	2.04207766210133	46025	0.67400861582668	1.28734650742306	0.995149676118656	7
PK_15_12h	48	LT934125.1	+	46233	46239	46233	46234	1.93597860967973	0.696879951349385	46235	2.22280341270413	1.71062967119115	0.995149676118656	7
PK_15_12h	49	LT934125.1	+	46489	46489	46489								1
PK_15_12h	50	LT934125.1	+	47005	47005	47005								1
PK_15_12h	51	LT934125.1	+	47315	47320	47315	47317	6.09611736305495	2.05949293621068	47317	1.81156624723326	1.39563422469127	0.995149676118656	6
PK_15_12h	52	LT934125.1	+	47570	47572	47570				47571	1.01486079973326	0.78221133477727	0.995149676118656	3
PK_15_12h	53	LT934125.1	+	47699	47699	47699								1
PK_15_12h	54	LT934125.1	+	47872	47872	47872								1
PK_15_12h	55	LT934125.1	+	48253	48253	48253								1
PK_15_12h	56	LT934125.1	+	48409	48412	48412				48410	-1.60296213133221	1.23510689451218	-0.995149676118656	4
PK_15_12h	57	LT934125.1	+	48494	48571	48567	48570	11.8485189190562	4.1357706994928					78
PK_15_12h	58	LT934125.1	+	48691	48691	48691								1
PK_15_12h	59	LT934125.1	+	48856	48933	48931				48901	-30.0416006713935	24.5576200304594	-0.995149676118656	78
PK_15_12h	60	LT934125.1	+	49047	49047	49047								1
PK_15_12h	61	LT934125.1	+	49261	49280	49261	49269	2.31630694353673	0.156172991364648	49269	7.70473326893502	5.94122610106414	0.995149676118656	20
PK_15_12h	62	LT934125.1	+	49501	49506	49501	49504	5.91138178492664	1.44194885204834	49503	2.27979722669745	1.75690401759344	0.995149676118656	6
PK_15_12h	63	LT934125.1	+	51231	51239	51235	51237	8.04535173932369	3.69000866328018	51236	0.940200341856302	1.28236506664606	0.519758214446078	9
PK_15_12h	64	LT934125.1	+	51495	51530	51495	51510	3.03526424600667	0.134622664386313	51512	16.8127272286875	12.9308990150683	0.995149676118656	36
PK_15_12h	65	LT934125.1	+	51599	51599	51599								1
PK_15_12h	66	LT934125.1	+	51752	51752	51752								1
PK_15_12h	67	LT934125.1	+	52028	52086	52028	52057	4.27830079986903	0.113585972658105	52056	28.2499996082545	21.6907238488785	0.000114054423655709	59
PK_15_12h	68	LT934125.1	+	52191	52191	52191								1
PK_15_12h	69	LT934125.1	+	52278	52298	52298				52288	-9.96564082422697	7.67762565588025	-0.995149676118656	21
PK_15_12h	70	LT934125.1	+	52440	52484	52460	52457	0.770280136095059	0.0846662207219047					45
PK_15_12h	71	LT934125.1	+	53640	53652	53648	53650	2.95560619316246	1.20231697755344					13
PK_15_12h	72	LT934125.1	+	53834	53890	53863	53874	2.67884345644915	0.148816074462158	53860	-2.56923059589738	19.1800932402631	-8.06695783867499e-05	57
PK_15_12h	73	LT934125.1	+	53987	54053	53996	54010	1.94176260784977	0.0666660524564743	54012	16.0947028560967	19.2180143330632	0.995149676118656	67
PK_15_12h	74	LT934125.1	+	54114	54139	54128	54137	28.7193456286592	3.09279053303217	54128	0.0923244444674786	8.3671432680398	-0.995149676118656	26
PK_15_12h	75	LT934125.1	+	54240	54381	54245	54285	2.16542955912413	0.0291284523392366	54308	63.0229915285746	46.1957559382746	0.00249931033628838	142
PK_15_12h	76	LT934125.1	+	54420	54497	54475	54482	1.78377373519806	0.11298674413767	54459	-15.6829848964042	26.8275384183191	-0.841111640215009	78
PK_15_12h	77	LT934125.1	+	54658	54687	54658	54667	2.27776583721359	0.136262970255705	54671	13.003686214446	9.99691454355431	0.995149676118656	30
PK_15_12h	78	LT934125.1	+	54722	54796	54796				54764	-31.7552900601557	24.4092954948984	-0.995149676118656	75
PK_15_12h	79	LT934125.1	+	54831	54956	54938	54941	1.44017635780281	0.150664048980022	54900	-37.8719241293119	39.8734677301783	-0.947502971931307	126
PK_15_12h	80	LT934125.1	+	55014	55046	55038	55045	9.68832516803898	1.32109715055488	55034	-4.11133102601242	9.29820963006694	-0.995149676118656	33
PK_15_12h	81	LT934125.1	+	55352	55355	55352	55354	5.57694726856211	2.29197104573064	55353	1.30965876795459	1.00956805222168	0.995149676118656	4
PK_15_12h	82	LT934125.1	+	55478	55480	55478	55480	15.1905371700168	8.43935278829649	55479	1	0.942809041582063	-5.74065055206256e-16	3
PK_15_12h	83	LT934125.1	+	55712	55742	55712	55730	3.88519457323787	0.164073361174613	55726	13.8515896764368	10.6711880807855	0.995149676118656	31
PK_15_12h	84	LT934125.1	+	55868	55874	55871	55873	3.74653081197911	1.803976649882	55871	0.267759614076682	1.95940552561571	-0.329981931209818	7
PK_15_12h	85	LT934125.1	+	56000	56000	56000								1
PK_15_12h	86	LT934125.1	+	58897	58897	58897								1
PK_15_12h	87	LT934125.1	+	59038	59086	59068	59070	1.45749989733668	0.297306905396055	59062	-6.37213119957215	12.0689713052945	-0.741829230637378	49
PK_15_12h	88	LT934125.1	+	59331	59331	59331								1
PK_15_12h	89	LT934125.1	+	59769	59793	59793				59784	-9.10477165476232	7.01702019349783	-0.995149676118656	25
PK_15_12h	90	LT934125.1	+	60232	60260	60234	60233	0.80757078221905	0.151343904124148	60238	3.98812971426524	4.58994106565967	0.995149676118656	29
PK_15_12h	91	LT934125.1	+	61076	61078	61076				61077	0.814304822832552	0.62827407232469	0.995149676118656	3
PK_15_12h	92	LT934125.1	+	61687	61705	61687	61694	2.34031023376247	0.19577672180829	61696	8.65517320438109	7.13068104760805	-0.000323193401048246	19
PK_15_12h	93	LT934125.1	+	62038	62038	62038								1
PK_15_12h	94	LT934125.1	+	62215	62215	62215								1
PK_15_12h	95	LT934125.1	+	65805	65809	65807	65809	10.9786787155343	6.48757313191363	65807	-0.433347669030338	1.1671473158823	0.0137751566339279	5
PK_15_12h	96	LT934125.1	+	66335	66341	66338	66341	21.3402570049555	7.411982439858	66339	0.830118964211625	1.38717224617744	0.676387574852084	7
PK_15_12h	97	LT934125.1	+	66786	66786	66786								1
PK_15_12h	98	LT934125.1	+	67856	67856	67856								1
PK_15_12h	99	LT934125.1	+	67968	67991	67991				67980	-11.2488466474437	8.66182005630631	-0.995149676118656	24
PK_15_12h	100	LT934125.1	+	68098	68098	68098								1
PK_15_12h	101	LT934125.1	+	68229	68229	68229								1
PK_15_12h	102	LT934125.1	+	68333	68378	68378				68362	-16.1691120934692	12.4308364740056	-0.995149676118656	46
PK_15_12h	103	LT934125.1	+	68636	68667	68667				68653	-13.8426510067897	10.6557381074841	-0.995149676118656	32
PK_15_12h	104	LT934125.1	+	68861	68879	68873	68875	2.22334021455923	0.652098245261521	68872	-0.718529435527331	4.36245261364046	-0.626377042189478	19
PK_15_12h	105	LT934125.1	+	69233	69251	69244	69245	2.33180096408702	0.913736598408239	69242	-1.88925533753391	3.8854317406819	-0.659428346748805	19
PK_15_12h	106	LT934125.1	+	69485	69567	69530	69540	1.84075598025658	0.0865775633679622	69529	-0.958289073648942	23.1547771224154	-0.00874379740171881	83
PK_15_12h	107	LT934125.1	+	69717	69845	69765	69788	2.3660246870982	0.060314065488758	69787	22.3659065191403	34.3724275475654	-0.444381030689741	129
PK_15_12h	108	LT934125.1	+	69875	69981	69947	69955	1.857638384271	0.101587913562302	69934	-13.2977050358562	26.7104598732934	-0.694382948711916	107
PK_15_12h	109	LT934125.1	+	70012	70090	70090				70059	-30.8601361674641	23.7781873336533	-0.995149676118656	79
PK_15_12h	110	LT934125.1	+	70289	70311	70311				70302	-8.81448524099126	6.7989189575312	-0.995149676118656	23
PK_15_12h	111	LT934125.1	+	70525	70534	70531	70533	7.27703732345239	3.01975979227182	70530	-0.714093395109998	1.13059079955205	-0.0445869783895793	10
PK_15_12h	112	LT934125.1	+	70909	70918	70918				70915	-3.32477974528666	2.56511179598556	-0.995149676118656	10
PK_15_12h	113	LT934125.1	+	71170	71194	71185	71190	7.75663261516453	1.29283611322179	71185	-0.37770260670953	7.18715282018634	-0.995149676118656	25
PK_15_12h	114	LT934125.1	+	72758	72763	72759	72762	4.96446986002199	1.48146724798318					6
PK_15_12h	115	LT934125.1	+	74397	74408	74402	74404	2.60396492059398	0.755857484187641	74402	-0.136414259976843	1.71915411431465	0.952061863010631	12
PK_15_12h	116	LT934125.1	+	74677	74677	74677								1
PK_15_12h	117	LT934125.1	+	74833	74839	74839				74836	-3.18130087856587	2.45136243820838	-0.995149676118656	7
PK_15_12h	118	LT934125.1	+	74950	74950	74950								1
PK_15_12h	119	LT934125.1	+	75139	75154	75154				75148	-6.28584933425619	4.84511554807053	-0.995149676118656	16
PK_15_12h	120	LT934125.1	+	75262	75262	75262								1
PK_15_12h	121	LT934125.1	+	75342	75382	75382				75368	-13.7533593408624	10.5992371702644	-0.995149676118656	41
PK_15_12h	122	LT934125.1	+	75491	75491	75491								1
PK_15_12h	123	LT934125.1	+	75653	75653	75653								1
PK_15_12h	124	LT934125.1	+	76683	76685	76683				76684	0.895330084353089	0.69051716607334	0.995149676118656	3
PK_15_12h	125	LT934125.1	+	78035	78044	78044				78040	-4.15653734883382	3.19728435805208	-0.995149676118656	10
PK_15_12h	126	LT934125.1	+	78825	78825	78825								1
PK_15_12h	127	LT934125.1	+	79143	79143	79143								1
PK_15_12h	128	LT934125.1	+	79315	79315	79315								1
PK_15_12h	129	LT934125.1	+	79437	79454	79444	79445	1.44353885983612	0.307296213031357					18
PK_15_12h	130	LT934125.1	+	79716	79781	79781				79753	-27.5613563458215	22.797209448368	-0.0140094003824139	66
PK_15_12h	131	LT934125.1	+	81436	81436	81436								1
PK_15_12h	132	LT934125.1	+	83975	83978	83978				83976	-1.52909064552314	1.17783685617314	-0.995149676118656	4
PK_15_12h	133	LT934125.1	+	88883	88888	88883	88888	31.1390621628124	6.6726476363329	88885	2.34892903059424	1.81071501226731	0.995149676118656	6
PK_15_12h	134	LT934125.1	+	89883	89883	89883								1
PK_15_12h	135	LT934125.1	+	90381	90381	90381								1
PK_15_12h	136	LT934125.1	+	91409	91415	91409	91411	5.69972638735514	1.94414486108255	91411	1.65161465459141	1.2729461405864	0.995149676118656	7
PK_15_12h	137	LT934125.1	+	91545	91548	91548				91547	-0.920350963196268	0.71021037052173	-0.995149676118656	4
PK_15_12h	138	LT934125.1	+	92291	92291	92291								1
PK_15_12h	139	LT934125.1	+	92451	92456	92453	92455	4.51317653180865	1.9341225276044					6
PK_15_12h	140	LT934125.1	+	95750	95750	95750								1
PK_15_12h	141	LT934125.1	+	96885	96885	96885								1
PK_15_12h	142	LT934125.1	+	100936	100938	100936	100938	17.7023451581318	9.6563466662927					3
PK_15_12h	143	LT934125.1	+	101059	101059	101059								1
PK_15_12h	144	LT934125.1	+	101290	101293	101290	101293	289.816859607284	97.3968000645955	101291	1.42275705496284	1.0969602365656	0.995149676118656	4
PK_15_12h	145	LT934125.1	+	101472	101472	101472								1
PK_15_12h	146	LT934125.1	+	106596	106596	106596								1
PK_15_12h	147	LT934125.1	+	107473	107509	107482	107480	0.727156807208889	0.14324146311572	107485	3.45184585880769	6.00998596981215	0.758354164128557	37
PK_15_12h	148	LT934125.1	+	107613	107620	107614	107615	2.29672982363776	0.899715339601841					8
PK_15_12h	149	LT934125.1	+	108051	108051	108051								1
PK_15_12h	150	LT934125.1	+	108186	108220	108186	108194	1.63163657211213	0.0748805345331218	108201	15.3294062187988	14.3144493334757	-0.995149676118656	35
PK_15_12h	151	LT934125.1	+	108252	108329	108310	108317	2.32432427431919	0.192749828880459	108295	-15.3960255087924	22.8081268718999	-0.831132160919398	78
PK_15_12h	152	LT934125.1	+	108686	108701	108686	108700	93.2007476912237	6.52401374412947	108694	8.28997008601267	6.38400368793646	0.995149676118656	16
PK_15_12h	153	LT934125.1	+	112884	112886	112884								3
PK_15_12h	154	LT934125.1	+	114835	114835	114835								1
PK_15_12h	155	LT934125.1	+	114979	114988	114985	114986	3.71645772080285	1.89887214150299					10
PK_15_12h	156	LT934125.1	+	115475	115475	115475								1
PK_15_12h	157	LT934125.1	+	115815	115841	115815	115812	0.83803417857376	0.0627239468981913	115823	8.45222523096738	6.5202905032438	0.995149676118656	27
PK_15_12h	158	LT934125.1	+	115940	115963	115963				115952	-10.7777777768151	9.60838111203607	-4.67646447810836e-06	24
PK_15_12h	159	LT934125.1	+	116120	116155	116120	116137	4.93420984471552	0.231943151084295	116136	16.4388930955746	11.9636511888427	0.0140630910544341	36
PK_15_12h	160	LT934125.1	+	116355	116475	116376	116415	3.05654191891557	0.0526929266829133	116419	42.9254529397304	36.6721745675202	-0.0170204673644715	121
PK_15_12h	161	LT934125.1	+	116591	116622	116595	116602	1.90781360018816	0.135500561689034	116604	8.66062554363595	9.70653751349788	0.995149676118656	32
PK_15_12h	162	LT934125.1	+	116700	116791	116791				116751	-39.8850469115417	31.1372845156908	-0.014666140658425	92
PK_15_12h	163	LT934125.1	+	117603	117612	117607	117609	2.13959311298786	0.699546314513061					10
PK_15_12h	164	LT934125.1	+	117769	117796	117769	117778	3.68012342252389	0.289787806208106	117776	7.27937990479251	5.61271278170569	0.995149676118656	28
PK_15_12h	165	LT934125.1	+	118857	118866	118864	118866	57.2660929504543	29.3184583580824					10
PK_15_12h	166	LT934125.1	+	119386	119482	119436	119460	4.60945716756937	0.151678569105993	119439	3.12667915912071	27.6705996665871	-0.226429081476658	97
PK_15_12h	167	LT934125.1	+	119526	119592	119567	119581	2.8601025824205	0.129515858586243	119561	-6.30913219098631	19.4454717923253	-0.135207551333855	67
PK_15_12h	168	LT934125.1	+	119746	119889	119808	119827	1.72610199561983	0.0388197538373874	119820	12.285367698839	41.648662539241	-0.00373825781932344	144
PK_15_12h	169	LT934125.1	+	119938	120022	119941	119958	1.77375549033359	0.0468928833682805	119967	25.5404361229702	21.9013994263907	0.995149676118656	85
PK_15_12h	170	LT934125.1	+	120061	120090	120081	120084	1.87598894918631	0.290840826705129					30
PK_15_12h	171	LT934125.1	+	120241	120312	120246	120254	1.37442224166562	0.0461069496994752	120268	21.9949137563803	20.6107808202562	0.995149676118656	72
PK_15_12h	172	LT934125.1	+	120347	120384	120356	120365	2.47791742177217	0.169552506899483	120360	4.16022584650769	10.0818825394608	0.995149676118656	38
PK_15_12h	173	LT934125.1	+	120554	120559	120555	120557	23.6807630702289	11.2280941329584	120556	0.817181776163148	0.884272809443372	0.929686278821959	6
PK_15_12h	174	LT934125.1	+	120933	120937	120937				120935	-1.89518136874861	1.61746320746472	0.995149676118656	5
PK_15_12h	175	LT934125.1	+	121271	121271	121271								1
PK_15_12h	176	LT934125.1	+	121783	121787	121784	121786	45.1011485442573	21.5325085221093	121785	0.879464937249956	0.87023071755428	0.956203897268662	5
PK_15_12h	177	LT934125.1	+	122119	122119	122119								1
PK_15_12h	178	LT934125.1	+	122244	122258	122258				122252	-6.44519345636545	4.96662698542459	-0.995149676118656	15
PK_15_12h	179	LT934125.1	+	122463	122471	122463				122466	3.30890261730015	2.55281534028734	0.995149676118656	9
PK_15_12h	180	LT934125.1	+	122557	122575	122575				122568	-6.92528835246926	5.33854118240298	-0.995149676118656	19
PK_15_12h	181	LT934125.1	+	122960	122988	122979	122981	3.71587418631972	1.42352524376583	122980	0.883082427417431	2.11755166917472	-0.109895419856937	29
PK_15_12h	182	LT934125.1	+	123641	123641	123641								1
PK_15_12h	183	LT934125.1	+	123780	123780	123780								1
PK_15_12h	184	LT934125.1	+	124093	124093	124093								1
PK_15_12h	185	LT934125.1	+	124385	124402	124385	124395	3.7379167352684	0.287536712862107	124392	7.292852555209	5.62168999487937	0.995149676118656	18
PK_15_12h	186	LT934125.1	+	124538	124541	124541				124540	-1.3998896793747	1.23113552493729	0.995149676118656	4
PK_15_12h	187	LT934125.1	+	124736	124757	124756								22
PK_15_12h	188	LT934125.1	+	125098	125104	125104				125101	-3.121698631721	2.40554771863018	-0.995149676118656	7
PK_15_12h	189	LT934125.1	+	125137	125229	125225	125227	4.25033140154277	1.83693761949971	125222	-3.10305243821819	4.36310765687046	-0.906569972647488	93
PK_15_12h	190	LT934125.1	+	125373	125373	125373								1
PK_15_12h	191	LT934125.1	+	125478	125506	125506				125492	-13.8971990389583	10.6915994918495	-0.995149676118656	29
PK_15_12h	192	LT934125.1	+	125607	125638	125626	125631	2.60515126204274	0.337133093785818	125624	-1.55908755812464	9.76173017848676	-0.706963482420843	32
PK_15_12h	193	LT934125.1	+	125715	125729	125729				125723	-6.03681610710297	4.64888812623119	-0.995149676118656	15
PK_15_12h	194	LT934125.1	+	125818	125874	125838	125852	2.47309640129013	0.104811216293853	125847	8.55645526689132	19.2538446768574	0.767773873575214	57
PK_15_12h	195	LT934125.1	+	128041	128083	128083				128066	-17.0174065344058	13.0768890364648	-0.995149676118656	43
PK_15_12h	196	LT934125.1	+	128185	128189	128185	128188	6.51633898973582	1.84632039210807	128187	2.10952185682547	1.62475096353083	0.995149676118656	5
PK_15_12h	197	LT934125.1	+	134972	134990	134972	134980	2.65369272138437	0.213734549298478	134981	8.92793793009577	6.86957629305716	0.995149676118656	19
PK_15_12h	198	LT934125.1	+	136157	136161	136158	136160	4.21475255282473	2.10720156481225					5
PK_15_12h	199	LT934125.1	+	136339	136351	136348	136350	8.95545857980268	3.29927390546958	136346	-1.65860762395071	3.16527321945091	-0.812366875116761	13
PK_15_12h	200	LT934125.1	+	136664	136664	136664								1
PK_15_12h	201	LT934125.1	+	137111	137111	137111								1
PK_15_12h	202	LT934125.1	+	138228	138228	138228								1
PK_15_12h	203	LT934125.1	-	3169	3169	3169								1
PK_15_12h	204	LT934125.1	-	3351	3351	3351								1
PK_15_12h	205	LT934125.1	-	3494	3494	3494								1
PK_15_12h	206	LT934125.1	-	3880	3912	3910	3911	8.70852822809499	6.33327356212837	3903	-6.98441931756004	6.89569367900311	-0.995149676118656	33
PK_15_12h	207	LT934125.1	-	4923	4926	4925								4
PK_15_12h	208	LT934125.1	-	9058	9058	9058								1
PK_15_12h	209	LT934125.1	-	9212	9217	9214								6
PK_15_12h	210	LT934125.1	-	9370	9370	9370								1
PK_15_12h	211	LT934125.1	-	9494	9499	9494	9498	11.9460600983654	2.56764068947161					6
PK_15_12h	212	LT934125.1	-	9885	9885	9885								1
PK_15_12h	213	LT934125.1	-	15834	15834	15834								1
PK_15_12h	214	LT934125.1	-	16164	16164	16164								1
PK_15_12h	215	LT934125.1	-	16779	17078	16919	16962	2.10960584012196	0.0259373009752179	16928	8.91000678484389	89.264194959456	-0.0031519992636342	300
PK_15_12h	216	LT934125.1	-	17207	17237	17207	17217	2.39083462501865	0.136051248155596	17219	11.7595093451557	9.05445556364453	0.995149676118656	31
PK_15_12h	217	LT934125.1	-	17289	17389	17341	17351	2.2354440320106	0.119574369303871	17340	-0.562966446577828	22.8321127837887	-0.620750318117332	101
PK_15_12h	218	LT934125.1	-	17440	17551	17467	17490	2.01940646990349	0.0449486937979917	17487	20.1134746994094	33.0076218129979	0.946629844385662	112
PK_15_12h	219	LT934125.1	-	17670	17728	17670	17697	3.96427114352154	0.108386629566541	17702	31.9959239875677	19.9465051844347	-0.995149676118656	59
PK_15_12h	220	LT934125.1	-	17783	17813	17783	17790	1.94764293584541	0.13872981014711	17795	11.5728397504356	8.8992559410028	0.995149676118656	31
PK_15_12h	221	LT934125.1	-	17960	17981	17978	17981	68.5546090112387	23.7301115238745	17971	-6.76606332977108	7.50751000310834	-0.995149676118656	22
PK_15_12h	222	LT934125.1	-	18080	18107	18107				18097	-9.51290077930175	7.33435247227028	-0.995149676118656	28
PK_15_12h	223	LT934125.1	-	18270	18276	18270				18273	3.12049511321625	2.40479614957981	0.995149676118656	7
PK_15_12h	224	LT934125.1	-	18412	18433	18412	18424	6.58813615593598	0.481296678859101	18421	9.44701955398797	7.26821605085955	0.995149676118656	22
PK_15_12h	225	LT934125.1	-	18565	18565	18565								1
PK_15_12h	226	LT934125.1	-	18693	18693	18693								1
PK_15_12h	227	LT934125.1	-	18965	18965	18965								1
PK_15_12h	228	LT934125.1	-	19469	19474	19471	19473	155.560962734414	78.1841271601269	19471	0.399002294477587	1.04657144483209	0.647943127664547	6
PK_15_12h	229	LT934125.1	-	21939	21944	21941	21944	82.3042784852016	28.292274504833					6
PK_15_12h	230	LT934125.1	-	22377	22379	22379				22378	-0.994168322061489	0.766350524301209	-0.995149676118656	3
PK_15_12h	231	LT934125.1	-	25313	25313	25313								1
PK_15_12h	232	LT934125.1	-	28572	28586	28586				28580	-6.42770254913114	4.95410701172942	-0.995149676118656	15
PK_15_12h	233	LT934125.1	-	28759	28798	28792	28797	7.81594538018225	1.46553721141164	28782	-9.50176727957821	11.903285664594	-0.995149676118656	40
PK_15_12h	234	LT934125.1	-	28915	28990	28942	28962	3.3568084760221	0.116520792758581	28951	8.98763405344572	23.6467092571344	0.0636540453581943	76
PK_15_12h	235	LT934125.1	-	29046	29086	29046	29065	2.90268597806906	0.102177492213132	29067	20.5893349220165	14.9180997360504	-0.995149676118656	41
PK_15_12h	236	LT934125.1	-	29270	29300	29288	29292	2.32867406254588	0.319270823109269	29287	-1.22696281478043	6.8272218264288	-0.379629625973691	31
PK_15_12h	237	LT934125.1	-	29406	29417	29412	29414	38.7360145679646	19.23937357429	29411	-0.552861546203511	1.99607234493339	-0.55094633914052	12
PK_15_12h	238	LT934125.1	-	30877	30882	30877	30879	2.43119032449702	0.753393722454059					6
PK_15_12h	239	LT934125.1	-	32370	32370	32370								1
PK_15_12h	240	LT934125.1	-	32836	32842	32842				32839	-2.71940895540056	2.09691584547005	-0.995149676118656	7
PK_15_12h	241	LT934125.1	-	33002	33035	33035				33020	-14.7922747148301	12.8016601972909	-0.0291801721843549	34
PK_15_12h	242	LT934125.1	-	33294	33294	33294								1
PK_15_12h	243	LT934125.1	-	33947	33947	33947								1
PK_15_12h	244	LT934125.1	-	34091	34091	34091								1
PK_15_12h	245	LT934125.1	-	34474	34480	34478				34477	-0.819386556995885	1.79506408904106	-0.684617736211128	7
PK_15_12h	246	LT934125.1	-	41992	41997	41995								6
PK_15_12h	247	LT934125.1	-	43351	43351	43351								1
PK_15_12h	248	LT934125.1	-	44756	44756	44756								1
PK_15_12h	249	LT934125.1	-	44884	44893	44889	44892	4.66630407450632	1.41297129482289	44890	0.651740425380106	2.32024538668632	0.00664026353073893	10
PK_15_12h	250	LT934125.1	-	50263	50263	50263								1
PK_15_12h	251	LT934125.1	-	50370	50370	50370								1
PK_15_12h	252	LT934125.1	-	50631	50641	50631	50637	3.96482934958217	0.518770151560951	50636	5.25137970438837	4.0401862675519	0.995149676118656	11
PK_15_12h	253	LT934125.1	-	50820	50820	50820								1
PK_15_12h	254	LT934125.1	-	51143	51147	51147								5
PK_15_12h	255	LT934125.1	-	53592	53592	53592								1
PK_15_12h	256	LT934125.1	-	54170	54174	54174				54172	-1.75560978425039	1.35411949858359	-0.995149676118656	5
PK_15_12h	257	LT934125.1	-	54702	54702	54702								1
PK_15_12h	258	LT934125.1	-	55378	55389	55378	55379	1.34829651735718	0.301100443479571	55381	2.95118253819528	2.27605114260876	0.995149676118656	12
PK_15_12h	259	LT934125.1	-	55661	55860	55679	55744	3.03928325431845	0.0315377876885661	55731	52.3652039703761	53.9749442706882	0.995149676118656	200
PK_15_12h	260	LT934125.1	-	55893	56081	55967	55991	1.8027862552373	0.0336103456695022	55982	15.2137477764521	51.8892729389954	0.143350896028078	189
PK_15_12h	261	LT934125.1	-	56185	56194	56188	56189	2.1979862288189	1.10313346605525					10
PK_15_12h	262	LT934125.1	-	56515	56515	56515								1
PK_15_12h	263	LT934125.1	-	56699	56705	56699	56704	11.5575867193004	2.24744264431645	56702	2.95831279340014	2.27897649299781	0.995149676118656	7
PK_15_12h	264	LT934125.1	-	56943	56950	56946	56947	4.31390358729191	2.28946080677392					8
PK_15_12h	265	LT934125.1	-	57099	57099	57099								1
PK_15_12h	266	LT934125.1	-	58568	58575	58570	58571	4.06333670045866	2.09933858587253	58571	0.573041290052038	1.04207527657693	0.665016426087009	8
PK_15_12h	267	LT934125.1	-	59016	59016	59016								1
PK_15_12h	268	LT934125.1	-	59276	59281	59277	59279	4.20129153398582	1.61600308339385					6
PK_15_12h	269	LT934125.1	-	62075	62075	62075								1
PK_15_12h	270	LT934125.1	-	63417	63438	63420	63423	2.95477434729354	0.74456870243216					22
PK_15_12h	271	LT934125.1	-	64123	64128	64127				64126	-1.45163580212301	1.61018514242632	-0.918069918345043	6
PK_15_12h	272	LT934125.1	-	64370	64370	64370								1
PK_15_12h	273	LT934125.1	-	64640	64655	64640	64649	5.39305522461053	0.507012407951213	64647	7.31158946751547	6.10074754893571	0.0244723622008129	16
PK_15_12h	274	LT934125.1	-	65746	65752	65752				65750	-1.68532923891374	1.29724368265149	-0.995149676118656	7
PK_15_12h	275	LT934125.1	-	65880	65883	65883				65881	-1.61193298300727	1.24197378111802	-0.995149676118656	4
PK_15_12h	276	LT934125.1	-	66750	66761	66750	66758	5.45215444148962	0.591143617513118	66755	4.63878442960152	3.57676722296414	0.995149676118656	12
PK_15_12h	277	LT934125.1	-	67724	67724	67724								1
PK_15_12h	278	LT934125.1	-	68211	68211	68211								1
PK_15_12h	279	LT934125.1	-	68527	68527	68527								1
PK_15_12h	280	LT934125.1	-	68709	68709	68709								1
PK_15_12h	281	LT934125.1	-	68885	68889	68886	68887	4.25963994282745	2.43414058332146	68887	0.662627266396154	1.11857595514809	0.782951284681403	5
PK_15_12h	282	LT934125.1	-	69253	69257	69254	69256	15.6164621893418	5.96281398502009	69255	0.986591394650771	1.40935922544587	0.881947074203465	5
PK_15_12h	283	LT934125.1	-	70436	70474	70446	70452	1.61780965052786	0.103927672182649	70454	7.54549861543121	11.2361862218077	0.847790026718345	39
PK_15_12h	284	LT934125.1	-	71882	71889	71882	71886	6.07106744266086	1.17786676019839	71885	3.24496471482907	2.49873562722539	0.995149676118656	8
PK_15_12h	285	LT934125.1	-	72174	72177	72174								4
PK_15_12h	286	LT934125.1	-	72738	72738	72738								1
PK_15_12h	287	LT934125.1	-	72871	72871	72871								1
PK_15_12h	288	LT934125.1	-	73108	73108	73108								1
PK_15_12h	289	LT934125.1	-	74345	74345	74345								1
PK_15_12h	290	LT934125.1	-	76089	76089	76089								1
PK_15_12h	291	LT934125.1	-	76860	76863	76860	76863	82.2981402450155	28.2896965286702	76861	1.30561323096894	1.0069664989788	0.995149676118656	4
PK_15_12h	292	LT934125.1	-	80435	80657	80633	80644	3.06056270311946	0.180815484432454	80564	-69.3127626036986	71.4709103020724	-0.995149676118656	223
PK_15_12h	293	LT934125.1	-	80718	80939	80820	80850	1.97550147116539	0.0326815372893322	80842	22.1764022142789	64.3739718786131	-0.921735954850033	222
PK_15_12h	294	LT934125.1	-	81009	81051	81035	81048	14.437450216966	1.07180878902027	81027	-7.53846152598481	13.2747034420115	-2.18800078791323e-05	43
PK_15_12h	295	LT934125.1	-	81081	81435	81429	81435	100.377815884909	17.2690851659691	81273	-155.885784208468	108.589051371702	-0.0205837268267578	355
PK_15_12h	296	LT934125.1	-	81803	81842	81804	81805	1.5895632984777	0.739417605570829	81806	2.12420828118382	2.05873770233245	0.969911054360252	40
PK_15_12h	297	LT934125.1	-	82020	82026	82026				82024	-2.41259068846258	1.85727396916612	-0.995149676118656	7
PK_15_12h	298	LT934125.1	-	86481	86481	86481								1
PK_15_12h	299	LT934125.1	-	87155	87161	87161								7
PK_15_12h	300	LT934125.1	-	89079	89079	89079								1
PK_15_12h	301	LT934125.1	-	92277	92343	92303	92304	1.03382888391382	0.0569472732867572	92305	2.22622873492355	16.4119974802644	0.444848339026264	67
PK_15_12h	302	LT934125.1	-	92613	92635	92631				92626	-4.78773625937492	6.74327946761755	-0.995149676118656	23
PK_15_12h	303	LT934125.1	-	92755	92774	92774				92765	-8.66223376435445	6.6659303492694	-0.995149676118656	20
PK_15_12h	304	LT934125.1	-	92931	92936	92933	92935	5.96307182942622	2.36160616301599					6
PK_15_12h	305	LT934125.1	-	93482	93482	93482								1
PK_15_12h	306	LT934125.1	-	93651	93654	93654								4
PK_15_12h	307	LT934125.1	-	94526	94529	94526	94529	48.1693303731921	17.0008562098626	94527	1.29566996437314	0.999238378062463	0.995149676118656	4
PK_15_12h	308	LT934125.1	-	94942	94948	94947								7
PK_15_12h	309	LT934125.1	-	95694	95694	95694								1
PK_15_12h	310	LT934125.1	-	96596	96598	96596	96598	20.2363364390961	10.8963174355618	96597	0.982745673105275	0.75737973960826	0.995149676118656	3
PK_15_12h	311	LT934125.1	-	97339	97361	97361								23
PK_15_12h	312	LT934125.1	-	105486	105489	105486				105488	1.50005305436395	1.49996559320918	0.909090906891683	4
PK_15_12h	313	LT934125.1	-	106606	106606	106606								1
PK_15_12h	314	LT934125.1	-	107053	107053	107053								1
PK_15_12h	315	LT934125.1	-	107366	107378	107369	107373	2.83616499810132	0.444889999201607	107371	1.6586076239507	3.16527321945091	0.812366875116761	13
PK_15_12h	316	LT934125.1	-	107556	107560	107559								5
PK_15_12h	317	LT934125.1	-	108727	108745	108727	108740	7.72290430464262	0.529582188939419	108736	9.07206206990423	6.86957629305715	-0.995149676118656	19
PK_15_12h	318	LT934125.1	-	115528	115532	115532				115530	-2.06701696868165	1.59220473211639	-0.995149676118656	5
PK_15_12h	319	LT934125.1	-	115634	115676	115634	115645	2.05810509146627	0.0988889795289902	115651	17.0174065344058	13.0768890364648	0.995149676118656	43
PK_15_12h	320	LT934125.1	-	119058	119058	119058								1
PK_15_12h	321	LT934125.1	-	119481	119499	119499				119490	-8.8897146883583	6.84390243528252	-0.995149676118656	19
PK_15_12h	322	LT934125.1	-	119923	119923	119923								1
PK_15_12h	323	LT934125.1	-	120241	120241	120241								1
PK_15_12h	324	LT934125.1	-	120418	120454	120431	120444	2.61572197114692	0.125121394923883	120436	4.88615817648331	11.7029291498545	0.734811879431479	37
PK_15_12h	325	LT934125.1	-	122413	122424	122413	122416	2.01861047843284	0.336396926695323	122418	4.88311174582331	3.7548161918274	0.995149676118656	12
PK_15_12h	326	LT934125.1	-	124704	124704	124704								1
PK_15_12h	327	LT934125.1	-	124804	124805	124804				124805	0.530216813074089	0.408560406352999	0.995149676118656	2
PK_15_12h	328	LT934125.1	-	126112	126112	126112								1
PK_15_12h	329	LT934125.1	-	126926	127017	126926	126963	3.44702317558103	0.0654882464034679	126966	39.9455208788201	31.1759485963981	0.0116950992097928	92
PK_15_12h	330	LT934125.1	-	127095	127126	127122				127113	-8.66062554363595	9.70653751349788	-0.995149676118656	32
PK_15_12h	331	LT934125.1	-	127242	127362	127341	127350	5.12849506299244	0.466155521317355	127298	-42.9254529397304	36.6721745675202	0.0170204673644678	121
PK_15_12h	332	LT934125.1	-	127562	127597	127597				127581	-16.4388930955746	11.9636511888427	-0.0140630910544331	36
PK_15_12h	333	LT934125.1	-	127754	127777	127754	127767	4.19298238035262	0.244955842793572	127765	10.7777777768151	9.60838111203607	4.67646450180676e-06	24
PK_15_12h	334	LT934125.1	-	127876	127902	127902				127894	-8.45222523096737	6.5202905032438	-0.995149676118656	27
PK_15_12h	335	LT934125.1	-	128242	128242	128242								1
PK_15_12h	336	LT934125.1	-	128729	128738	128732	128734	2.14601709253358	0.590072547597379					10
PK_15_12h	337	LT934125.1	-	128882	128882	128882								1
PK_15_12h	338	LT934125.1	-	130831	130833	130833								3
PK_15_12h	339	LT934125.1	-	135016	135031	135031				135023	-8.28997008601267	6.38400368793646	-0.995149676118656	16
PK_15_12h	340	LT934125.1	-	135388	135465	135407	135425	2.32629734675298	0.0734559333485727	135422	15.3960255087925	22.8081268719	0.831132160919399	78
PK_15_12h	341	LT934125.1	-	135497	135531	135531				135516	-15.3294062187988	14.3144493334757	0.995149676118656	35
PK_15_12h	342	LT934125.1	-	135666	135666	135666								1
PK_15_12h	343	LT934125.1	-	136097	136104	136103								8
PK_15_12h	344	LT934125.1	-	136208	136244	136235	136239	3.33312907381916	0.627819317724645	136232	-3.4487614477316	6.00378635683927	-0.758132538895464	37
PK_15_12h	345	LT934125.1	-	137121	137121	137121								1
PK_15_12h	346	LT934125.1	-	142245	142245	142245								1
PK_15_12h	347	LT934125.1	-	142424	142427	142427				142426	-1.42275705496284	1.0969602365656	-0.995149676118656	4
PK_15_12h	348	LT934125.1	-	142658	142658	142658								1
PK_15_12h	349	LT934125.1	-	142779	142781	142781								3
PK_15_1h	6	LT934125.1	+	48567	48567	48567								1
PK_15_1h	17	LT934125.1	+	79440	79444	79444								5
PK_15_1h	22	LT934125.1	+	104721	104780	104721	104739	2.06564932755052	0.0592878344595504					60
PK_15_1h	23	LT934125.1	+	106594	106601	106594								8
PK_15_1h	25	LT934125.1	+	114985	114988	114985								4
PK_15_1h	30	LT934125.1	+	118860	118866	118866				118864	-1.84107547421743	1.41987731998698	-0.995149676118656	7
PK_15_1h	37	LT934125.1	+	136156	136162	136158	136160	2.91429506881348	1.12075697862575					7
PK_15_1h	48	LT934125.1	+	140788	140808	140789								21
PK_15_1h	56	LT934125.1	-	63410	63420	63416								11
PK_15_1h	59	LT934125.1	-	97337	97361	97361				97350	-10.9999965872828	11.0905368716376	-0.0005343056353251	25
PK_15_1h	61	LT934125.1	-	102909	102929	102909								21
PK_15_1h	72	LT934125.1	-	107555	107561	107559								7
PK_15_1h	78	LT934125.1	-	128729	128732	128732								4
PK_15_1h	80	LT934125.1	-	137116	137123	137121								8
PK_15_2h	1	LT934125.1	+	1331	1351	1334	1337	2.81671452888093	0.709054100369657	1337	2.60644179005946	2.92521485295924	0.823586901402142	21
PK_15_2h	4	LT934125.1	+	7589	7594	7591								6
PK_15_2h	7	LT934125.1	+	9267	9272	9270								6
PK_15_2h	8	LT934125.1	+	9643	9647	9646				9645	-1.02209026603086	1.45549315222605	-0.890883943393177	5
PK_15_2h	13	LT934125.1	+	14047	14054	14048	14051	7.55690843585104	2.22259416463321					8
PK_15_2h	28	LT934125.1	+	31096	31104	31098	31099	1.54681292064593	0.441987865973541					9
PK_15_2h	30	LT934125.1	+	32036	32046	32038	32040	2.2610220211433	0.513872347463362	32038	0.0350766807067452	1.56624837564499	0.995149676118656	11
PK_15_2h	32	LT934125.1	+	44810	44814	44812								5
PK_15_2h	37	LT934125.1	+	48505	48570	48567	48570	82.2667599492485	28.2792675220291					66
PK_15_2h	42	LT934125.1	+	51233	51241	51235	51238	6.39659118235277	2.03527536779631	51236	1.13353854205671	1.75502442646793	0.767639433543409	9
PK_15_2h	44	LT934125.1	+	52438	52464	52460	52461	2.71330195203542	1.44681003050588					27
PK_15_2h	47	LT934125.1	+	53648	53649	53648								2
PK_15_2h	55	LT934125.1	+	59044	59077	59068	59070	3.99774947609115	1.41083805022574	59062	-6.31527102303309	9.1635514469074	-0.920089582593556	34
PK_15_2h	58	LT934125.1	+	60232	60258	60239				60240	0.693145783958152	5.90281990318848	0.995149676118656	27
PK_15_2h	66	LT934125.1	+	66338	66344	66338	66342	8.65581613337652	1.92336813765446					7
PK_15_2h	73	LT934125.1	+	70529	70534	70531	70534	28.957027327406	10.8588035892067	70531	-0.489067867718347	1.16307957766513	0.995149676118656	6
PK_15_2h	77	LT934125.1	+	74400	74405	74400	74402	7.01140778592606	3.18697881033598	74401	1.37423606421245	1.05859967316232	0.995149676118656	6
PK_15_2h	83	LT934125.1	+	79437	79454	79444	79445	1.33965685300634	0.382786306080241					18
PK_15_2h	103	LT934125.1	+	107482	107482	107482								1
PK_15_2h	108	LT934125.1	+	114985	114989	114985	114987	5.459147594019	2.03111973102					5
PK_15_2h	113	LT934125.1	+	116106	116130	116106								25
PK_15_2h	114	LT934125.1	+	116591	116616	116606								26
PK_15_2h	117	LT934125.1	+	117769	117802	117769	117765	0.734769006487124	0.0625150013825391					34
PK_15_2h	120	LT934125.1	+	118860	118899	118864	118865	1.29060060020834	0.338090095756602	118865	0.850895999073589	3.72955676495693	0.995149676118656	40
PK_15_2h	126	LT934125.1	+	121784	121804	121786				121789	3.11662516097469	3.9397937342861	0.995149676118656	21
PK_15_2h	130	LT934125.1	+	122979	122983	122979	122981	13.1112577224332	5.61941185247966	122980	1.11029358339395	0.856350780823713	0.995149676118656	5
PK_15_2h	136	LT934125.1	+	124756	124764	124756	124759	3.61406575706146	0.821318416601959	124758	2.041702225855	1.57557196676084	0.995149676118656	9
PK_15_2h	139	LT934125.1	+	125192	125230	125225	125227	4.04864552186979	1.38805393809672	125224	-1.25231834083921	3.08994513982507	-0.680579509247047	39
PK_15_2h	148	LT934125.1	+	136154	136161	136158								8
PK_15_2h	164	LT934125.1	-	3905	3911	3910				3909	-1.03053008302377	1.46408951209546	-0.905313361337195	7
PK_15_2h	173	LT934125.1	-	9489	9497	9494	9495	3.61633921587008	2.16986229828345					9
PK_15_2h	180	LT934125.1	-	19469	19473	19471				19471	-0.152750601269154	1.16559646714715	0.32709481944819	5
PK_15_2h	191	LT934125.1	-	25310	25315	25313								6
PK_15_2h	194	LT934125.1	-	29372	29414	29411	29413	4.18292375651899	1.85898739099126	29405	-5.78911054226143	6.7605956257828	-0.995149676118656	43
PK_15_2h	199	LT934125.1	-	34446	34480	34474	34478	12.3294226425212	3.08234862643624	34471	-3.47964353589302	7.25508939188779	-0.995149676118656	35
PK_15_2h	203	LT934125.1	-	51129	51147	51147								19
PK_15_2h	208	LT934125.1	-	56152	56195	56188	56190	2.01892822314577	0.554209013814755	56188	0.316434667022687	4.72766406307849	-0.987266791445357	44
PK_15_2h	212	LT934125.1	-	63417	63445	63420								29
PK_15_2h	215	LT934125.1	-	65744	65752	65752								9
PK_15_2h	228	LT934125.1	-	81804	81808	81804	81805	2.8354913841753	1.53585492291166	81805	1.23293927300703	0.950149881222179	0.995149676118656	5
PK_15_2h	232	LT934125.1	-	92931	92936	92933				92934	0.692119389607729	1.77491020248047	0.612523944997002	6
PK_15_2h	236	LT934125.1	-	95973	96057	95973								85
PK_15_2h	240	LT934125.1	-	97334	97366	97337	97339	1.19446113719612	0.0829808253836974	97348	10.5306087223549	9.35925198305838	0.982612501813916	33
PK_15_2h	251	LT934125.1	-	107556	107563	107559	107560	2.3934965457395	0.957479918501683					8
PK_15_2h	264	LT934125.1	-	127101	127126	127111								26
PK_15_2h	265	LT934125.1	-	127587	127611	127611								25
PK_15_2h	269	LT934125.1	-	128728	128732	128732								5
PK_15_2h	274	LT934125.1	-	136235	136235	136235								1
PK_15_4h	2	LT934125.1	+	779	782	779								4
PK_15_4h	3	LT934125.1	+	978	993	990				988	-2.30807935676565	2.99816830878353	-0.745800961698471	16
PK_15_4h	4	LT934125.1	+	1305	1369	1337	1338	1.07158425041931	0.11298718698456	1338	0.647497139649074	5.69420656224906	0.430813014553659	65
PK_15_4h	5	LT934125.1	+	1600	1604	1600	1602	5.68511161289897	2.09441061980346	1601	1.28530809190272	0.99148126720605	0.995149676118656	5
PK_15_4h	8	LT934125.1	+	2010	2078	2057				2046	-10.8282868988618	19.2617655887975	-0.33328830322119	69
PK_15_4h	11	LT934125.1	+	7587	7599	7588	7591	4.45191835405412	1.17244808815025	7590	2.21024342267325	2.06476244764981	0.973659202715798	13
PK_15_4h	12	LT934125.1	+	7811	7834	7811	7808	0.760241866872868	0.0844739435699892					24
PK_15_4h	16	LT934125.1	+	9098	9113	9113				9110	-2.69128316578601	2.07622256886673	-0.995149676118656	16
PK_15_4h	17	LT934125.1	+	9266	9274	9270	9271	2.89931465776611	1.27075408728746					9
PK_15_4h	18	LT934125.1	+	9638	9742	9643	9634	0.529271681788547	0.0527608013877557	9658	14.9371344635917	13.4146724554405	0.982935610942409	105
PK_15_4h	20	LT934125.1	+	10046	10124	10103								79
PK_15_4h	30	LT934125.1	+	14042	14051	14048	14050	5.65916612230577	2.57219444405479					10
PK_15_4h	43	LT934125.1	+	25420	25423	25420	25422	24.6686970159932	9.86722708624601					4
PK_15_4h	54	LT934125.1	+	31090	31098	31098								9
PK_15_4h	58	LT934125.1	+	31994	32039	32038				32036	-1.55435267279699	1.6531306460714	-0.957036492271997	46
PK_15_4h	64	LT934125.1	+	44807	44815	44812	44814	10.0981994141222	4.44995012850848					9
PK_15_4h	66	LT934125.1	+	45384	45421	45415								38
PK_15_4h	70	LT934125.1	+	47311	47324	47311	47317	6.87666497388324	0.904969529127277					14
PK_15_4h	75	LT934125.1	+	48563	48571	48567	48570	13.8520510897314	4.83068100172677	48568	0.894745851393842	1.29520497511248	0.77084152645604	9
PK_15_4h	76	LT934125.1	+	48691	48941	48691	48808	3.94157265165039	0.0251562079031579	48836	145.005621311351	80.1478439899668	-0.995149676118656	251
PK_15_4h	77	LT934125.1	+	48994	49064	49047				49030	-17.3332207371461	25.0688160726633	-0.00313071601934574	71
PK_15_4h	78	LT934125.1	+	49116	49334	49116	49192	2.70694680537644	0.0223552565557824	49227	111.40000442718	68.3051978170434	-0.000287052255191742	219
PK_15_4h	79	LT934125.1	+	49501	49507	49501	49506	73.6691951468129	14.733625243215	49504	2.92612940408671	2.25326500912469	0.995149676118656	7
PK_15_4h	82	LT934125.1	+	51220	51238	51235	51237	6.66359389154244	3.15674604402939	51235	0.384026515704184	1.52922377317154	-0.390443861437179	19
PK_15_4h	85	LT934125.1	+	52004	52086	52004	52022	1.67000202251234	0.0374728165577979	52040	35.5026284432674	27.2837196580795	0.995149676118656	83
PK_15_4h	87	LT934125.1	+	52434	52484	52460	52457	0.696514200770577	0.0900185926774333	52456	-3.50867230074724	8.43913924838923	-0.295709337603284	51
PK_15_4h	91	LT934125.1	+	53648	53652	53648	53650	3.40000424404481	1.45708619095919					5
PK_15_4h	97	LT934125.1	+	55352	55358	55352	55354	2.47050767306661	0.617609868764758					7
PK_15_4h	98	LT934125.1	+	55474	55488	55474								15
PK_15_4h	99	LT934125.1	+	55706	55742	55706	55738	159.689856792983	4.89848331613048					37
PK_15_4h	104	LT934125.1	+	59014	59074	59068	59070	4.04319200994096	1.48416268181991	59061	-6.88878218721997	9.85699545958058	-0.995149676118656	61
PK_15_4h	106	LT934125.1	+	59757	59793	59793								37
PK_15_4h	108	LT934125.1	+	60221	60258	60234	60232	0.832636315407919	0.104091204471165	60237	2.7354294180372	7.46935850882624	0.600027827432959	38
PK_15_4h	117	LT934125.1	+	65805	65829	65807	65806	0.878087778341105	0.122536460558971	65811	3.63491460722431	4.3307221023672	0.995149676118656	25
PK_15_4h	118	LT934125.1	+	66335	66345	66338	66341	6.82885747268776	2.15640029891711	66339	1.01305551075481	1.73291872506728	0.67395443705717	11
PK_15_4h	126	LT934125.1	+	69047	69096	69053	69069	2.31663230968098	0.0834647707222081					50
PK_15_4h	127	LT934125.1	+	69235	69247	69244	69245	6.15851299048251	3.9852596005958	69243	-1.43707193000554	3.38676173075415	-0.995149676118656	13
PK_15_4h	128	LT934125.1	+	69503	69535	69503								33
PK_15_4h	129	LT934125.1	+	69737	69795	69765	69764	0.918605089981471	0.057865937789756	69769	4.3888352503718	14.4650285568256	-0.0252065433040485	59
PK_15_4h	130	LT934125.1	+	69927	69964	69927								38
PK_15_4h	131	LT934125.1	+	70001	70090	70090								90
PK_15_4h	132	LT934125.1	+	70525	70534	70531	70534	31.8863141020699	11.7480970855814	70530	-0.841030180658676	1.17315205538617	-0.0328287690562669	10
PK_15_4h	137	LT934125.1	+	72758	72788	72759	72765	1.59656769098428	0.0939335467395482					31
PK_15_4h	141	LT934125.1	+	74397	74408	74400	74402	4.08681954759715	1.42058462797224	74402	1.73068912344032	1.69639779922906	0.941891286208183	12
PK_15_4h	143	LT934125.1	+	75133	75160	75139								28
PK_15_4h	144	LT934125.1	+	76682	76685	76683				76684	0.796925578972293	1.03344652301227	0.843138096640924	4
PK_15_4h	145	LT934125.1	+	76990	76993	76990								4
PK_15_4h	146	LT934125.1	+	78035	78062	78035	78039	2.16925497203034	0.330432642087353	78040	5.46234806651661	4.20303327361353	0.995149676118656	28
PK_15_4h	153	LT934125.1	+	79437	79454	79444	79446	1.57245365433203	0.372662897917616					18
PK_15_4h	160	LT934125.1	+	83975	83982	83975	83978	10.1247526142724	2.61282218713726	83977	2.44415179911029	1.88197106161193	0.995149676118656	8
PK_15_4h	173	LT934125.1	+	89856	89927	89927								72
PK_15_4h	177	LT934125.1	+	91360	91431	91409	91411	2.83563228562178	0.75802878397115	91403	-6.01630855583933	12.4308403048855	-0.809344233513049	72
PK_15_4h	178	LT934125.1	+	91545	91574	91548	91555	1.77626066797137	0.114590937167358					30
PK_15_4h	181	LT934125.1	+	92431	92482	92451								52
PK_15_4h	198	LT934125.1	+	107028	107035	107035								8
PK_15_4h	200	LT934125.1	+	107391	107537	107482	107477	0.60597767695243	0.0857838179144332	107454	-27.5669058197236	32.5275422669982	-0.00113680830291676	147
PK_15_4h	205	LT934125.1	+	108272	108329	108310								58
PK_15_4h	211	LT934125.1	+	114979	114988	114985	114986	3.62396980971868	1.92191143606284					10
PK_15_4h	214	LT934125.1	+	115787	115841	115815	115818	1.16443306974681	0.0646958637634687					55
PK_15_4h	215	LT934125.1	+	115886	115985	115963				115939	-23.8632678467995	27.2861469390182	-0.595762917860056	100
PK_15_4h	216	LT934125.1	+	116120	116223	116120	116164	5.56220762189167	0.104821419834509	116165	44.6843842812935	27.6235500488571	-0.00626116574132971	104
PK_15_4h	217	LT934125.1	+	116260	116283	116261	116271	2.8062996904839	0.177561381897842	116270	9.33702531353203	7.92845917567025	0.995149676118656	24
PK_15_4h	218	LT934125.1	+	116316	116463	116426	116435	1.85626465110365	0.098088718415955	116413	-13.3655700604217	38.4434537265859	-0.995149676118656	148
PK_15_4h	219	LT934125.1	+	116495	116791	116791				116681	-109.685649211423	84.0896822364511	-0.995149676118656	297
PK_15_4h	220	LT934125.1	+	117769	117781	117769								13
PK_15_4h	226	LT934125.1	+	118857	118868	118864	118866	14.7329070936084	6.83058536042251	118863	-0.863617146096937	2.27126844210566	-0.67616197332717	12
PK_15_4h	228	LT934125.1	+	119805	119844	119808	119826	5.64568846620048	0.256606422727592					40
PK_15_4h	229	LT934125.1	+	119940	120007	119941	119966	3.19723010766529	0.0876026199399272	119967	25.8320934995913	20.5616080037116	0.995149676118656	68
PK_15_4h	230	LT934125.1	+	120059	120146	120090	120112	2.61432502976401	0.0744521654342185	120111	20.6543482105129	27.0626012807634	-0.995149676118656	88
PK_15_4h	231	LT934125.1	+	120252	120303	120273								52
PK_15_4h	232	LT934125.1	+	120554	120557	120555				120556	0.552884380948636	0.896226666799167	0.79143943887063	4
PK_15_4h	234	LT934125.1	+	120933	120937	120934								5
PK_15_4h	237	LT934125.1	+	121778	121788	121784	121786	19.9592299272114	9.11154548912999	121785	0.791488973373242	1.14107821831325	0.55064714743427	11
PK_15_4h	240	LT934125.1	+	122920	122983	122979	122981	13.4137072318473	6.31267687322045	122970	-8.82579496570809	9.80695254120258	-0.995149676118656	64
PK_15_4h	244	LT934125.1	+	124301	124313	124302	124306	3.06806407208321	0.533502690361561	124304	2.45680562682291	2.65590300873099	0.995149676118656	13
PK_15_4h	245	LT934125.1	+	124457	124576	124541	124545	1.25169341405742	0.063855356203779	124529	-12.3268714019682	30.6928070755261	-0.803156087712678	120
PK_15_4h	246	LT934125.1	+	124736	124761	124756	124758	3.47899703017898	1.22760528124406					26
PK_15_4h	247	LT934125.1	+	125208	125229	125225	125227	4.68656578148941	1.98168762120755	125224	-0.528939968614782	1.44125967289236	-0.0962236259393106	22
PK_15_4h	248	LT934125.1	+	125373	125415	125373								43
PK_15_4h	250	LT934125.1	+	128015	128136	128079	128093	2.20530766157757	0.0844232165206456	128074	-4.59111751331646	29.4783350207046	0.00777945188385987	122
PK_15_4h	251	LT934125.1	+	128185	128225	128185	128185	1.01702592319141	0.0810728066607707	128197	11.6801986206885	8.99509189218381	0.995149676118656	41
PK_15_4h	254	LT934125.1	+	132613	132614	132614								2
PK_15_4h	257	LT934125.1	+	136040	136104	136055	136066	2.13898714645555	0.103511188698942	136067	12.371498967008	17.5405354530636	0.65114394957375	65
PK_15_4h	258	LT934125.1	+	136157	136201	136158	136154	0.734787512826356	0.0603993386223862					45
PK_15_4h	259	LT934125.1	+	136289	136397	136348	136345	0.757363906674626	0.0852798356277609	136346	-1.54303067916995	13.0633847900071	-0.268027732492644	109
PK_15_4h	260	LT934125.1	+	136618	136673	136618	136654	5.46664689123751	0.122686675462758	136648	30.277289052959	18.9497455810642	-0.995149676118656	56
PK_15_4h	276	LT934125.1	-	3421	3477	3421	3435	1.74609992798704	0.0533284105348287					57
PK_15_4h	278	LT934125.1	-	3877	3959	3910	3897	0.516073945121956	0.0372803961722381	3910	0.446851701164085	12.7981243619735	0.290912406770681	83
PK_15_4h	283	LT934125.1	-	4895	4928	4925	4926	3.63292206308632	1.81662955798542	4916	-8.96821637907869	9.18124026653314	-0.995149676118656	34
PK_15_4h	289	LT934125.1	-	9214	9229	9214	9218	1.85112844074527	0.205685434306792					16
PK_15_4h	290	LT934125.1	-	9494	9532	9494	9497	1.40299532188171	0.160733227503177					39
PK_15_4h	293	LT934125.1	-	17002	17036	17027								35
PK_15_4h	294	LT934125.1	-	17333	17373	17341	17343	1.12412017774904	0.0702600581126947					41
PK_15_4h	295	LT934125.1	-	17456	17538	17456	17454	0.956803797076182	0.0233929314142518	17493	37.1311811191036	28.5168524010623	0.995149676118656	83
PK_15_4h	296	LT934125.1	-	17664	17719	17664								56
PK_15_4h	302	LT934125.1	-	19440	19473	19471				19470	-1.4080153609122	2.62691344716852	-0.995149676118656	34
PK_15_4h	305	LT934125.1	-	21937	21985	21941	21940	0.951676473825371	0.0555026804016033	21949	8.37553091107084	9.47274636133701	0.995149676118656	49
PK_15_4h	306	LT934125.1	-	22580	22619	22614								40
PK_15_4h	314	LT934125.1	-	25298	25315	25313								18
PK_15_4h	319	LT934125.1	-	29263	29300	29288				29284	-4.11074934152902	8.91004742429205	-0.588983125026461	38
PK_15_4h	320	LT934125.1	-	29406	29417	29411	29412	3.4337342481003	1.80779052401261	29411	0.278904605897157	1.89578337051387	-0.376615963705161	12
PK_15_4h	326	LT934125.1	-	32836	32842	32842				32840	-2.37154425201832	1.82894826841066	-0.995149676118656	7
PK_15_4h	332	LT934125.1	-	34467	34478	34474	34478	92.9835580808902	24.256296529053	34474	0.0581503851536208	3.03392300954165	-0.995149676118656	12
PK_15_4h	342	LT934125.1	-	44886	44893	44889	44891	2.57695630758049	0.949433863844965	44890	0.928632828043306	2.28238322509986	-0.0139805713785658	8
PK_15_4h	346	LT934125.1	-	50631	50692	50641	50678	15.1144139917008	0.381030730946155	50656	14.9000542803398	19.1461614247379	0.995149676118656	62
PK_15_4h	348	LT934125.1	-	51143	51151	51147	51150	8.65073859459309	2.88352497666343					9
PK_15_4h	354	LT934125.1	-	55366	55379	55378								14
PK_15_4h	355	LT934125.1	-	55660	55768	55661	55712	3.35618385482749	0.04661198328562	55711	50.2995094010537	42.7647014881424	0.00529129678300191	109
PK_15_4h	356	LT934125.1	-	55945	56014	55945	55970	2.59245813487407	0.0632225023701825	55977	31.5384615385269	24.6314851094957	-7.59950309236888e-07	70
PK_15_4h	357	LT934125.1	-	56183	56268	56188	56188	0.985361711148694	0.26050030435311	56190	2.25951742352946	4.09263905457462	0.863227577196781	86
PK_15_4h	361	LT934125.1	-	56943	56967	56946	56945	0.844130232868308	0.150718884073287					25
PK_15_4h	370	LT934125.1	-	59276	59281	59277				59277	0.113664636817483	0.85656163610939	0.995149676118656	6
PK_15_4h	372	LT934125.1	-	63417	63424	63420	63422	3.87478809845478	1.66059138927047					8
PK_15_4h	379	LT934125.1	-	65746	65752	65750	65752	27.8978755950082	14.6828766157222	65750	-0.176309055932954	1.67357279205101	-0.995149676118656	7
PK_15_4h	386	LT934125.1	-	68884	68888	68887								5
PK_15_4h	389	LT934125.1	-	70431	70469	70446								39
PK_15_4h	391	LT934125.1	-	71872	71904	71882	71887	1.98750954946955	0.214847616626636	71885	3.43930501595477	8.32570526600286	0.54143428414732	33
PK_15_4h	399	LT934125.1	-	76836	76867	76860	76864	5.89591886429616	1.17913812171979					32
PK_15_4h	403	LT934125.1	-	80604	80718	80645	80677	3.10871249118015	0.066157713315906	80659	13.5629444021351	31.3249274860821	0.65501916199484	115
PK_15_4h	404	LT934125.1	-	80796	80920	80858	80871	1.76385480207386	0.058767241202727	80848	-10.1822930449753	28.0138018012292	0.594096313447184	125
PK_15_4h	407	LT934125.1	-	81770	81900	81804	81788	0.470263304406356	0.0324331939969554	81818	14.3574247974242	20.1459163078334	0.818207996054225	131
PK_15_4h	414	LT934125.1	-	87156	87163	87161								8
PK_15_4h	415	LT934125.1	-	87442	87448	87447				87445	-1.64497866007565	1.94164992569859	-0.933729063403446	7
PK_15_4h	418	LT934125.1	-	89078	89079	89079								2
PK_15_4h	422	LT934125.1	-	92271	92321	92303	92303	0.987269390615907	0.0800546202164993					51
PK_15_4h	423	LT934125.1	-	92621	92652	92630	92629	0.879391720799366	0.0942082530393772	92631	0.696794784145365	7.44837786803194	0.995149676118656	32
PK_15_4h	424	LT934125.1	-	92755	92785	92774								31
PK_15_4h	425	LT934125.1	-	92929	92936	92933	92935	6.87362485622624	2.64745661609997	92934	0.598237082487639	1.59240910966999	0.277438560736911	8
PK_15_4h	428	LT934125.1	-	93651	93701	93654	93689	16.7460568792706	0.446571500554218					51
PK_15_4h	429	LT934125.1	-	94509	94565	94526	94525	0.887136850254449	0.0879878774358745	94531	4.71638902142355	9.41644782005922	0.63478197507377	57
PK_15_4h	430	LT934125.1	-	94941	94948	94947				94946	-0.894283280815861	1.45201318550128	-0.995149676118656	8
PK_15_4h	433	LT934125.1	-	96310	96351	96317								42
PK_15_4h	435	LT934125.1	-	96776	96857	96843				96831	-11.8009949881097	19.8098579595701	-0.995149676118656	82
PK_15_4h	437	LT934125.1	-	97321	97368	97361	97365	18.5850870937996	4.1030324989358	97350	-11.1720154618816	10.8693600384645	-0.963548038222561	48
PK_15_4h	451	LT934125.1	-	107044	107099	107099				107068	-30.8785834658988	18.4831003420441	0.995149676118656	56
PK_15_4h	452	LT934125.1	-	107320	107428	107369	107368	0.954835702977403	0.0692297268706773	107371	1.54303067916995	13.0633847900071	0.268027732492645	109
PK_15_4h	453	LT934125.1	-	107516	107560	107559								45
PK_15_4h	456	LT934125.1	-	111103	111104	111103								2
PK_15_4h	459	LT934125.1	-	115492	115532	115532				115520	-11.680198547436	8.99509183575041	-0.995149676118656	41
PK_15_4h	460	LT934125.1	-	115581	115702	115638	115653	2.10298375966607	0.0746124328704761	115644	6.07037236326341	29.4041834773022	-0.149315299584553	122
PK_15_4h	462	LT934125.1	-	119034	119061	119061								28
PK_15_4h	473	LT934125.1	-	124802	124804	124802								3
PK_15_4h	477	LT934125.1	-	126926	127222	126926	126983	1.87430923185339	0.0154040351473272	127036	110.420133901351	84.6559162696254	0.995149676118656	297
PK_15_4h	478	LT934125.1	-	127434	127457	127456				127447	-9.33702531353203	7.92845917567025	-0.995149676118656	24
PK_15_4h	479	LT934125.1	-	127494	127597	127597				127552	-44.6843842812935	27.6235500488571	0.00626116574133305	104
PK_15_4h	480	LT934125.1	-	127732	127831	127754	127773	2.14485739526843	0.0618746610553908	127778	23.8632678467995	27.2861469390182	0.595762917860056	100
PK_15_4h	481	LT934125.1	-	127876	127930	127902	127912	2.39449503979413	0.13682510642283					55
PK_15_4h	483	LT934125.1	-	128729	128738	128732	128735	5.97161954491741	1.42798896046037					10
PK_15_4h	490	LT934125.1	-	135388	135445	135407								58
PK_15_4h	495	LT934125.1	-	136180	136326	136235	136263	2.18288806898041	0.0421645838572283	136263	27.5669058197235	32.5275422669982	0.00113680830291588	147
PK_15_4h	497	LT934125.1	-	136682	136689	136682	136686	9.46013152136865	1.89202232721176					8
PK_15_6h	1	LT934125.1	+	779	782	779								4
PK_15_6h	2	LT934125.1	+	982	994	990	993	9.40401846176157	2.93891938200751	989	-1.32300625062784	2.06654914361896	-0.542454916862694	13
PK_15_6h	3	LT934125.1	+	1332	1369	1337	1340	1.35316809496538	0.128425192832317	1339	1.94572720800181	4.67359823727291	0.966567082470247	38
PK_15_6h	4	LT934125.1	+	1600	1604	1600	1603	17.5384461875713	5.71339108397476	1601	1.38616466661012	1.0691897894201	0.995149676118656	5
PK_15_6h	5	LT934125.1	+	1815	1892	1821	1852	3.76008387725267	0.0876798159236978	1851	30.1600017122184	25.749066146429	-0.000263508717116961	78
PK_15_6h	6	LT934125.1	+	2001	2010	2010								10
PK_15_6h	7	LT934125.1	+	2130	2153	2153				2142	-10.5551966376556	8.69380105515339	-0.0126899013021227	24
PK_15_6h	9	LT934125.1	+	7587	7596	7588	7591	4.75561055213369	1.26264143165884	7590	2.16209667403074	2.03419762162712	0.971479323184674	10
PK_15_6h	10	LT934125.1	+	7811	7813	7811	7813	10.424917270767	6.2548948206885					3
PK_15_6h	13	LT934125.1	+	9107	9115	9113	9114	8.55000694126881	5.98522803665664					9
PK_15_6h	14	LT934125.1	+	9267	9274	9270	9272	3.42473233669479	1.44488453396913					8
PK_15_6h	15	LT934125.1	+	9640	9704	9643	9642	0.849529266327938	0.18269220360381	9649	6.42587401265228	5.90661617112795	0.979095284908256	65
PK_15_6h	16	LT934125.1	+	9896	9930	9930				9915	-14.6789121176981	11.3064961242338	-0.995149676118656	35
PK_15_6h	17	LT934125.1	+	10035	10161	10075	10086	1.50765479356479	0.0456427755662672	10089	14.1614678636508	31.1530157522194	0.61896798498758	127
PK_15_6h	18	LT934125.1	+	10252	10271	10252				10259	7.45248747690111	5.75075020198907	0.995149676118656	20
PK_15_6h	19	LT934125.1	+	10430	10433	10431								4
PK_15_6h	20	LT934125.1	+	11791	11826	11792	11792	0.969691810526065	0.209149524230655	11797	5.19242304710636	4.75041340543751	0.995149676118656	36
PK_15_6h	28	LT934125.1	+	13764	13793	13793								30
PK_15_6h	29	LT934125.1	+	14042	14051	14048	14050	6.24027072857006	2.73039456206291					10
PK_15_6h	31	LT934125.1	+	14541	14586	14541	14558	3.08445489526984	0.121983810749634	14560	18.8827356306081	14.5248174120455	0.995149676118656	46
PK_15_6h	32	LT934125.1	+	14859	14859	14859								1
PK_15_6h	33	LT934125.1	+	15170	15170	15170								1
PK_15_6h	34	LT934125.1	+	15241	15287	15270	15283	12.2521673500722	0.854795521027182	15266	-3.59362911310766	15.8355001031719	-0.995149676118656	47
PK_15_6h	35	LT934125.1	+	15429	15434	15434								6
PK_15_6h	36	LT934125.1	+	15591	15621	15621				15606	-14.5559467111855	11.8584122627281	0.995149676118656	31
PK_15_6h	37	LT934125.1	+	16052	16052	16052								1
PK_15_6h	40	LT934125.1	+	25420	25422	25420				25421	0.784472366047416	0.605342126569789	0.995149676118656	3
PK_15_6h	46	LT934125.1	+	30235	30240	30240				30238	-2.42370954384922	1.86737087202946	-0.995149676118656	6
PK_15_6h	48	LT934125.1	+	30932	30932	30932								1
PK_15_6h	49	LT934125.1	+	31091	31099	31098								9
PK_15_6h	50	LT934125.1	+	31348	31349	31349								2
PK_15_6h	51	LT934125.1	+	31447	31474	31453	31464	3.41654340660048	0.221888053226044	31459	5.71302380439941	9.00550625990098	0.995149676118656	28
PK_15_6h	52	LT934125.1	+	31843	31870	31859	31865	3.46480656994215	0.424225815655483	31858	-1.1081153053732	9.2941520080893	-0.995149676118656	28
PK_15_6h	53	LT934125.1	+	32007	32040	32038	32039	8.64166982989988	5.77271375101182	32037	-0.827163405293992	1.16855623111863	-0.780904188158913	34
PK_15_6h	55	LT934125.1	+	44779	44815	44812	44814	6.10022102853772	2.80638660019637					37
PK_15_6h	56	LT934125.1	+	44946	44968	44946								23
PK_15_6h	58	LT934125.1	+	45394	45415	45394								22
PK_15_6h	62	LT934125.1	+	46005	46029	46024	46026	3.73030932080232	1.68463591923249	46023	-0.893721090005222	4.51284976463425	-0.995149676118656	25
PK_15_6h	63	LT934125.1	+	46233	46243	46233	46234	1.40583645271205	0.408962984864551	46236	3.04740383812215	2.34525791240291	0.995149676118656	11
PK_15_6h	64	LT934125.1	+	47311	47320	47311	47315	3.89177390840501	0.690465604231052	47315	4.133333180486	3.22214560454816	0.000219471923677006	10
PK_15_6h	70	LT934125.1	+	48502	48571	48567	48570	15.0553204276085	5.18786138243585	48566	-0.730567456438468	3.60787897448227	-0.995149676118656	70
PK_15_6h	71	LT934125.1	+	48827	49047	48931	48931	1.00865728931743	0.017676419103741	48934	2.53933001531649	62.2931761578431	0.515848332198081	221
PK_15_6h	72	LT934125.1	+	49114	49120	49114								7
PK_15_6h	73	LT934125.1	+	49261	49261	49261								1
PK_15_6h	74	LT934125.1	+	49483	49506	49501	49505	22.5396904248825	5.00871369353487	49498	-2.76953305949277	5.97091023892855	-0.995149676118656	24
PK_15_6h	75	LT934125.1	+	51231	51239	51235	51237	6.8697354761718	3.0416763668236	51236	0.782648392732433	1.32998317534385	0.406895142847088	9
PK_15_6h	76	LT934125.1	+	51495	51503	51495	51501	19.6513193652682	3.27522787052855	51498	3.17222081412383	2.44496497096054	0.995149676118656	9
PK_15_6h	77	LT934125.1	+	51752	51752	51752								1
PK_15_6h	79	LT934125.1	+	52298	52298	52298								1
PK_15_6h	80	LT934125.1	+	52435	52484	52460	52458	0.84393999141906	0.068176384375196					50
PK_15_6h	84	LT934125.1	+	53192	53216	53192	53194	1.11781592952095	0.0648139918440974					25
PK_15_6h	85	LT934125.1	+	53448	53468	53448	53467	173.817069313267	9.14839250172615					21
PK_15_6h	86	LT934125.1	+	53643	53652	53648	53649	2.84714212834169	1.4035447525175					10
PK_15_6h	87	LT934125.1	+	53879	53902	53879								24
PK_15_6h	89	LT934125.1	+	54472	54475	54475				54474	-1.28989695697165	0.994997513041765	-0.995149676118656	4
PK_15_6h	90	LT934125.1	+	54668	54687	54668								20
PK_15_6h	91	LT934125.1	+	54938	54940	54938				54939	0.93893003019688	0.723983100244702	0.995149676118656	3
PK_15_6h	92	LT934125.1	+	55303	55355	55352	55353	3.63351146763091	1.81677601060325	55341	-10.9001978500659	10.6808155949906	-0.995149676118656	53
PK_15_6h	93	LT934125.1	+	55466	55482	55478	55480	3.60226392334749	1.30976945150227	55476	-1.82483752599704	4.46768908774664	-0.995149676118656	17
PK_15_6h	94	LT934125.1	+	55712	55742	55712	55733	6.41411149720868	0.256574204648326	55729	16.7336682536676	10.1753470238442	-0.995149676118656	31
PK_15_6h	95	LT934125.1	+	55871	55876	55872	55875	8.65272924884701	2.88416906892838	55873	0.761087836785559	1.35448486699109	0.995149676118656	6
PK_15_6h	98	LT934125.1	+	59038	59074	59068	59070	4.37269534371053	1.58234401969491	59060	-7.56025119900594	10.3702181976124	-0.995149676118656	37
PK_15_6h	99	LT934125.1	+	59390	59412	59390	59405	6.69803226272451	0.380576269715791					23
PK_15_6h	101	LT934125.1	+	59793	59793	59793								1
PK_15_6h	103	LT934125.1	+	60232	60260	60234	60233	0.811355678305987	0.177640180887994	60238	3.83361423106854	4.47564204766597	0.995149676118656	29
PK_15_6h	105	LT934125.1	+	61076	61078	61076								3
PK_15_6h	106	LT934125.1	+	61699	61705	61705								7
PK_15_6h	107	LT934125.1	+	61996	62042	61996	62018	3.60100945085285	0.11792708757952	62022	25.9809268022687	15.361807191431	-0.995149676118656	47
PK_15_6h	108	LT934125.1	+	65805	65809	65807	65808	8.54825846074361	5.87655869548409	65807	-0.358142352431335	1.20574982471831	-0.0189218453336912	5
PK_15_6h	109	LT934125.1	+	66335	66344	66338	66341	15.6902595719929	4.8435964210833	66339	0.957258260607754	1.50756333242061	0.729185685907204	10
PK_15_6h	111	LT934125.1	+	68366	68372	68366	68371	10.4253552616833	2.08500535840312					7
PK_15_6h	114	LT934125.1	+	68845	68875	68873	68874	8.99349129545295	6.74529218488295	68866	-6.71817972112189	6.68475942991609	-0.995149676118656	31
PK_15_6h	115	LT934125.1	+	69233	69249	69237	69244	10.7663000072882	1.4806755828697	69241	4.07784263524454	4.05795463697272	0.000817786631028101	17
PK_15_6h	116	LT934125.1	+	69418	69421	69421								4
PK_15_6h	117	LT934125.1	+	69501	69567	69530	69536	1.41432325712971	0.0744416492801016	69534	3.6685288729172	20.972654741874	-0.0243695533445364	67
PK_15_6h	118	LT934125.1	+	69765	69834	69765	69776	1.50230595323541	0.0458527259792026	69787	22.1845816597035	17.0907281552439	0.995149676118656	70
PK_15_6h	119	LT934125.1	+	70090	70090	70090								1
PK_15_6h	120	LT934125.1	+	70289	70336	70311	70319	2.16492397022059	0.145973813694749	70313	1.88214778324082	14.8209905939497	-0.164769513708324	48
PK_15_6h	121	LT934125.1	+	70525	70534	70531	70533	5.89304450283313	2.70197927377659	70530	-0.718735844626039	1.12815239649188	0.029484673329775	10
PK_15_6h	124	LT934125.1	+	71176	71190	71185	71189	35.1854470932055	7.81909995427016	71185	0.353459285478778	3.57640828845565	-0.995149676118656	15
PK_15_6h	126	LT934125.1	+	72758	72763	72759	72761	2.6817673565732	0.95772910633799					6
PK_15_6h	129	LT934125.1	+	74397	74408	74400	74402	4.23883118768209	1.52037811130588	74402	1.75289186825837	1.70614768108895	0.940622428263535	12
PK_15_6h	132	LT934125.1	+	75139	75154	75154								16
PK_15_6h	135	LT934125.1	+	76677	76689	76683	76685	5.69041208469393	2.13988518880215	76684	0.977775179045599	1.86403530585844	-0.0596172805913467	13
PK_15_6h	136	LT934125.1	+	76990	76992	76990				76991	0.784472366047416	0.605342126569789	0.995149676118656	3
PK_15_6h	137	LT934125.1	+	78035	78062	78040	78039	0.843468245825359	0.118462464960444	78044	4.00014657610189	6.90015982494142	0.995149676118656	28
PK_15_6h	140	LT934125.1	+	79260	79269	79260								10
PK_15_6h	141	LT934125.1	+	79436	79454	79444	79445	1.39115932348357	0.336886649456488					19
PK_15_6h	142	LT934125.1	+	79582	79628	79622	79626	5.93455360599976	1.24932128710786	79606	-16.1647226341437	16.9767416711771	-0.995149676118656	47
PK_15_6h	143	LT934125.1	+	79747	79806	79781	79787	1.50362477509796	0.0911244767716588	79782	0.611902502294083	15.823527210435	-0.374134771714957	60
PK_15_6h	144	LT934125.1	+	81082	81082	81082								1
PK_15_6h	148	LT934125.1	+	83975	83978	83978				83977	-1.35230145303445	1.26847522995942	0.995149676118656	4
PK_15_6h	150	LT934125.1	+	85484	85499	85484								16
PK_15_6h	154	LT934125.1	+	88883	88888	88888				88886	-1.89553294684844	1.46099198828057	-0.995149676118656	6
PK_15_6h	157	LT934125.1	+	89876	89910	89883	89893	2.29325068511457	0.13490461325618	89888	4.64100276550202	8.94746254186176	0.995149676118656	35
PK_15_6h	158	LT934125.1	+	90381	90381	90381								1
PK_15_6h	161	LT934125.1	+	91409	91415	91409	91412	12.3529143714347	4.04118271274434	91411	1.74994653732687	1.34815333028859	0.995149676118656	7
PK_15_6h	162	LT934125.1	+	91548	91548	91548								1
PK_15_6h	165	LT934125.1	+	92451	92456	92453	92455	4.51058760847198	1.93305175229167	92453	-0.166889154646913	1.40987703342274	0.995149676118656	6
PK_15_6h	171	LT934125.1	+	104739	104763	104739	104750	2.50422775764441	0.137596822703326					25
PK_15_6h	172	LT934125.1	+	106594	106601	106596	106598	3.97445197773159	1.2421456177135	106597	1.44437389261181	2.31476175596869	0.0113459074917431	8
PK_15_6h	173	LT934125.1	+	107029	107035	107031	107032	2.85306340296063	1.5013341625444	107032	0.838052744083768	1.60276505813928	0.377906414341171	7
PK_15_6h	175	LT934125.1	+	107357	107524	107482	107479	0.672588760241894	0.118430477300015	107459	-23.0844656415129	31.7692581124645	-0.856382706115224	168
PK_15_6h	176	LT934125.1	+	107614	107616	107614	107616	12.7413735124381	7.28057909309088	107615	0.817250761708612	0.630305011317573	0.995149676118656	3
PK_15_6h	177	LT934125.1	+	107818	107825	107825				107822	-3.36812230465521	2.5967485528742	-0.995149676118656	8
PK_15_6h	178	LT934125.1	+	108051	108051	108051								1
PK_15_6h	179	LT934125.1	+	108155	108329	108220	108240	1.53960604287674	0.0265224334932033	108236	15.9453294366354	52.5605160543277	0.715945801209984	175
PK_15_6h	180	LT934125.1	+	108549	108637	108585	108609	3.56656862744693	0.108088130787768	108594	8.55172413791886	29.3005663162893	2.02625369009491e-07	89
PK_15_6h	181	LT934125.1	+	112883	112888	112884	112886	10.886106983024	4.45331845407798	112885	0.872647203006015	1.26971938320113	0.865697481288356	6
PK_15_6h	184	LT934125.1	+	114979	114988	114985	114986	3.60567243261095	1.95108284340871					10
PK_15_6h	185	LT934125.1	+	115544	115573	115562	115571	12.0163109982117	1.22612121479795	115562	0.19959815966796	8.30861756240428	-0.995149676118656	30
PK_15_6h	186	LT934125.1	+	115815	116223	115815	115909	1.81510215707894	0.00862658457243592	115995	179.671175835125	126.513601163958	-0.00262163979163189	409
PK_15_6h	187	LT934125.1	+	116261	116835	116759	116768	1.39322686107676	0.0431409536548781	116548	-211.180645052016	172.491400876782	-1.67950476849979e-05	575
PK_15_6h	188	LT934125.1	+	117603	117607	117607				117606	-1.49761889224016	1.15485996123878	-0.995149676118656	5
PK_15_6h	189	LT934125.1	+	117769	117789	117769	117779	6.69547278688895	0.562693056950243	117775	5.50873362254785	4.24973786465361	0.995149676118656	21
PK_15_6h	191	LT934125.1	+	118841	118868	118864	118866	14.4508101435358	6.76206456017385	118863	-0.705711702877391	2.10098076117469	-0.660813966450164	28
PK_15_6h	192	LT934125.1	+	119076	119076	119076								1
PK_15_6h	193	LT934125.1	+	119301	119304	119304								4
PK_15_6h	194	LT934125.1	+	119436	119482	119436	119466	8.48863887393666	0.252517060781106	119458	21.8499913481103	18.3855252637463	0.000807807667055906	47
PK_15_6h	195	LT934125.1	+	119748	119832	119808	119816	2.36198037469219	0.166748120426998	119798	-9.90873780550995	25.9794713438115	-0.995149676118656	85
PK_15_6h	196	LT934125.1	+	119862	119986	119941	119950	1.73406141114059	0.0841676900236518	119930	-11.1614409245072	33.3154765944692	-0.762522301790815	125
PK_15_6h	197	LT934125.1	+	120081	120164	120081	120100	1.91872699757052	0.0476333726877811	120107	26.1171752974259	20.1227121047167	0.995149676118656	84
PK_15_6h	198	LT934125.1	+	120207	120380	120312	120340	3.2491242632891	0.0807709460800615	120293	-18.8249656165502	49.821609542069	0.0158552785919841	174
PK_15_6h	199	LT934125.1	+	120555	120560	120555	120557	4.359120167813	1.67640194678979					6
PK_15_6h	200	LT934125.1	+	120933	120945	120934	120937	3.66426234146262	0.771405352641816	120937	2.64409101040834	2.79285967087579	0.995149676118656	13
PK_15_6h	203	LT934125.1	+	121783	121787	121784	121786	38.2973377753624	18.0157556890991	121785	0.831005752196013	0.861032702506599	0.94392613494858	5
PK_15_6h	204	LT934125.1	+	122119	122119	122119								1
PK_15_6h	205	LT934125.1	+	122301	122304	122301	122303	5.57830559671391	2.23151009847937	122302	1.38645704134054	1.06855732268193	0.995149676118656	4
PK_15_6h	206	LT934125.1	+	122402	122405	122402								4
PK_15_6h	207	LT934125.1	+	122503	122575	122575				122544	-31.4458010791476	24.1889290586466	-0.995149676118656	73
PK_15_6h	208	LT934125.1	+	122698	122759	122698	122732	5.52741864706592	0.131595692577046	122725	27.2978901895053	23.9007282174651	0.0176413002171546	62
PK_15_6h	209	LT934125.1	+	122960	122988	122979	122981	3.12820486212655	1.13612317867312	122980	0.868988794993892	2.29942454591755	-0.106571592806449	29
PK_15_6h	214	LT934125.1	+	124299	124308	124302	124304	2.93909060104655	0.894644214926585	124303	0.995920908732276	2.30874076054954	0.602692408699235	10
PK_15_6h	215	LT934125.1	+	124487	124642	124541	124555	1.41958112039912	0.0292969753744861	124561	19.7370080881719	40.3267809805548	0.433521975526596	156
PK_15_6h	216	LT934125.1	+	124736	124760	124756	124757	2.9448838353751	1.44168856596766					25
PK_15_6h	217	LT934125.1	+	125177	125229	125225	125227	4.46886488965426	2.05883651583105	125224	-1.3033399428194	2.34037003921866	-0.752814847680312	53
PK_15_6h	218	LT934125.1	+	125373	125373	125373								1
PK_15_6h	219	LT934125.1	+	125449	125484	125484				125470	-14.2940105663096	11.002905208235	-0.995149676118656	36
PK_15_6h	221	LT934125.1	+	125729	125784	125729	125749	3.43053481824835	0.119320709918126	125750	20.7352362564926	15.9547931438645	0.995149676118656	56
PK_15_6h	225	LT934125.1	+	128007	128111	128083	128094	2.75564916320511	0.162088705567328	128071	-11.8174858981128	22.5101795737323	-0.511462940330778	105
PK_15_6h	226	LT934125.1	+	128185	128203	128189	128193	1.94409282945135	0.259195396853151	128190	1.08001976945152	3.90617221076587	0.995149676118656	19
PK_15_6h	230	LT934125.1	+	134972	134977	134972				134974	2.5	2.5	-7.10542735760101e-17	6
PK_15_6h	232	LT934125.1	+	136153	136174	136158	136160	1.28447279465527	0.14185638478143					22
PK_15_6h	233	LT934125.1	+	136335	136352	136348	136351	9.31432126062993	3.28749638809013					18
PK_15_6h	234	LT934125.1	+	136508	136531	136508								24
PK_15_6h	235	LT934125.1	+	136664	136670	136664	136668	6.56415023712856	1.52381367716669	136667	2.66666643244966	2.35702262450593	0.000310118260511832	7
PK_15_6h	243	LT934125.1	+	139982	139997	139982	139990	3.2781729013008	0.289229620714436					16
PK_15_6h	246	LT934125.1	+	140788	140804	140788	140795	3.49133063745057	0.361152833064159	140795	7.40566292827192	5.69305870201009	0.995149676118656	17
PK_15_6h	248	LT934125.1	+	141173	141200	141200				141187	-13.3098609445717	10.2453605934942	-0.995149676118656	28
PK_15_6h	249	LT934125.1	-	3034	3045	3034	3044	131.673219224081	13.6802929504714	3040	5.52627732805342	4.20272841907321	-0.995149676118656	12
PK_15_6h	250	LT934125.1	-	3351	3351	3351								1
PK_15_6h	252	LT934125.1	-	3877	3912	3910	3911	8.56149828979659	6.03098436766997	3904	-5.96000789326551	6.10888548316426	-0.995149676118656	36
PK_15_6h	254	LT934125.1	-	4458	4477	4458								20
PK_15_6h	255	LT934125.1	-	4924	4926	4925								3
PK_15_6h	257	LT934125.1	-	8764	8782	8764	8780	24.1592047487423	1.48665620195094					19
PK_15_6h	258	LT934125.1	-	9058	9058	9058								1
PK_15_6h	259	LT934125.1	-	9214	9214	9214								1
PK_15_6h	261	LT934125.1	-	9492	9533	9494	9495	1.15448149410515	0.129376961373961					42
PK_15_6h	265	LT934125.1	-	16690	16727	16690	16720	41.5764560905163	1.37446351656986	16709	19.3263883035741	13.5719537014078	-0.995149676118656	38
PK_15_6h	266	LT934125.1	-	16911	16972	16919	16948	5.28716637832116	0.148167772487687	16942	22.6128036660947	21.7563526873701	0.0116391796793842	62
PK_15_6h	267	LT934125.1	-	17237	17237	17237								1
PK_15_6h	268	LT934125.1	-	17338	17373	17341	17347	1.55580629472466	0.0998888357658226	17349	8.11372696905384	8.49535350437233	0.995149676118656	36
PK_15_6h	269	LT934125.1	-	17440	17551	17472	17497	2.06658314865324	0.0434077252196423	17496	24.3515058294908	36.4565976736466	0.827172816586134	112
PK_15_6h	270	LT934125.1	-	17710	17723	17723								14
PK_15_6h	272	LT934125.1	-	18107	18161	18107	18128	2.24195492725037	0.0598926247352615	18133	26.1999983452286	22.6309523696459	0.00024831401655572	55
PK_15_6h	273	LT934125.1	-	18270	18276	18270								7
PK_15_6h	276	LT934125.1	-	19468	19473	19471	19473	372.002745961137	186.654579236913	19472	0.501204524703706	1.18164513357154	-0.00987216948901155	6
PK_15_6h	280	LT934125.1	-	21937	22006	21941	21939	0.917289248093562	0.0432998733744878	21952	11.2112479290123	11.6265777479992	0.995149676118656	70
PK_15_6h	281	LT934125.1	-	22120	22144	22120	22129	2.80548615791002	0.193517320506417	22131	11.2413450296232	8.64199314358937	0.995149676118656	25
PK_15_6h	282	LT934125.1	-	22458	22458	22458								1
PK_15_6h	283	LT934125.1	-	22616	22629	22616	22624	5.21756860682779	0.535119207653125					14
PK_15_6h	284	LT934125.1	-	25309	25315	25313	25314	8.60624991359988	6.14700350944352					7
PK_15_6h	285	LT934125.1	-	28569	28722	28572	28616	2.41787355866352	0.0321817575336162	28632	60.3121105593479	48.4045674733908	0.995149676118656	154
PK_15_6h	286	LT934125.1	-	28848	28942	28882	28906	3.65318242031051	0.111602865541739	28894	12.2874565755587	27.5947926485512	0.259767508545811	95
PK_15_6h	287	LT934125.1	-	29024	29046	29046				29039	-7.22850156168048	5.56946640090498	-0.995149676118656	23
PK_15_6h	288	LT934125.1	-	29257	29291	29288				29278	-9.57041539218802	9.64008415812917	-0.995149676118656	35
PK_15_6h	289	LT934125.1	-	29404	29418	29411	29412	3.35691473117304	1.68527285488938	29411	0.270027767574675	2.151904371321	-0.497665225093256	15
PK_15_6h	291	LT934125.1	-	30877	30877	30877								1
PK_15_6h	294	LT934125.1	-	32833	32870	32842	32838	0.732574031101555	0.0603207151787085	32842	0.349272221978691	6.31726414484363	0.936099392716859	38
PK_15_6h	299	LT934125.1	-	34436	34480	34474	34478	15.3450125746118	3.99599088072096	34470	-4.4347677030173	7.96864553671949	-0.995149676118656	45
PK_15_6h	301	LT934125.1	-	41995	41995	41995								1
PK_15_6h	302	LT934125.1	-	42608	42611	42608								4
PK_15_6h	305	LT934125.1	-	44756	44756	44756								1
PK_15_6h	306	LT934125.1	-	44885	44893	44889	44891	2.86168242893545	1.02197653003003	44890	0.545425547241252	2.2228460515892	0.288071997356734	9
PK_15_6h	307	LT934125.1	-	50353	50370	50370								18
PK_15_6h	309	LT934125.1	-	50631	50668	50641	50657	5.82194120482815	0.292707987911547	50646	5.1364421841148	11.6366156114214	0.995149676118656	38
PK_15_6h	310	LT934125.1	-	51143	51184	51147	51156	1.58955976509589	0.062856345796283					42
PK_15_6h	313	LT934125.1	-	55378	55389	55378	55380	1.76731625629939	0.441823913624723	55380	2.22657566990218	1.71819981248057	0.995149676118656	12
PK_15_6h	314	LT934125.1	-	55421	55616	55496	55522	1.74161479461365	0.0281995765188776	55505	9.36405651845292	64.1585949066524	0.995149676118656	196
PK_15_6h	315	LT934125.1	-	55661	55910	55679	55740	2.32485452077504	0.0216463162862626	55750	71.0016884477362	67.9058390743901	0.995149676118656	250
PK_15_6h	316	LT934125.1	-	55942	56028	55967	55984	1.92203281053562	0.053991771476866	55979	12.472473994793	28.7325444767969	0.995149676118656	87
PK_15_6h	317	LT934125.1	-	56185	56194	56188	56189	2.17196483544188	0.956259490019581	56189	0.521854819992251	1.6088728717079	0.503145722515449	10
PK_15_6h	321	LT934125.1	-	56944	56950	56946	56948	4.92943659635035	2.50503719761977					7
PK_15_6h	326	LT934125.1	-	58570	58575	58570	58571	3.14285841846773	1.62565049496849					6
PK_15_6h	328	LT934125.1	-	59275	59281	59277	59280	8.65199030678534	2.88411830152219					7
PK_15_6h	331	LT934125.1	-	63417	63430	63420	63423	3.61113859082181	0.979906238840864					14
PK_15_6h	333	LT934125.1	-	64123	64128	64125	64127	25.419851028444	10.7032875968797	64126	0.727598343932587	1.7450264819681	-0.995149676118656	6
PK_15_6h	337	LT934125.1	-	65718	65753	65750	65752	14.0201989056016	7.52477504121169	65747	-2.61209061567186	4.09460077218364	-0.986335582656013	36
PK_15_6h	339	LT934125.1	-	66354	66356	66356								3
PK_15_6h	342	LT934125.1	-	68885	68889	68886	68887	4.12512211281592	2.40635066749793	68887	0.783529320369238	1.10435793858667	0.795431094160018	5
PK_15_6h	343	LT934125.1	-	69254	69254	69254								1
PK_15_6h	344	LT934125.1	-	70431	70470	70446	70452	1.86211625743402	0.138488221210111	70447	1.33136966380586	10.3714549691339	0.678821376182908	40
PK_15_6h	345	LT934125.1	-	71776	71787	71776								12
PK_15_6h	346	LT934125.1	-	71882	71889	71882	71886	5.01471710312019	0.928738087036257	71885	3.06284551121493	2.3604633683017	0.995149676118656	8
PK_15_6h	348	LT934125.1	-	72738	72738	72738								1
PK_15_6h	350	LT934125.1	-	74345	74348	74345								4
PK_15_6h	352	LT934125.1	-	76860	76865	76865				76863	-2.31847233503374	1.78557963848841	-0.995149676118656	6
PK_15_6h	353	LT934125.1	-	80435	80657	80657				80555	-101.82606736017	75.702309376585	-0.000566632759700691	223
PK_15_6h	354	LT934125.1	-	80820	80912	80825	80849	2.05839943844429	0.0445760865079199	80862	36.7100388891638	31.9013050865058	0.995149676118656	93
PK_15_6h	355	LT934125.1	-	81009	81035	81015	81034	108.292379987578	5.65712155770412	81022	7.4646283224902	10.342345545991	0.995149676118656	27
PK_15_6h	356	LT934125.1	-	81161	81161	81161								1
PK_15_6h	357	LT934125.1	-	81263	81312	81296				81285	-10.8097597315449	15.3104757737884	0.144481763912504	50
PK_15_6h	358	LT934125.1	-	81491	81517	81491	81508	9.79072516733932	0.521494224068431	81505	13.972123091865	9.24605924223747	-0.995149676118656	27
PK_15_6h	359	LT934125.1	-	81804	81900	81804	81790	0.451399858031634	0.0392795658830521	81821	17.1527819568552	13.2260317134508	0.995149676118656	97
PK_15_6h	364	LT934125.1	-	87155	87161	87161				87159	-1.54206055176003	1.18998534936182	-0.995149676118656	7
PK_15_6h	365	LT934125.1	-	87443	87447	87447				87446	-1.38690357839562	1.07002251782715	-0.995149676118656	5
PK_15_6h	367	LT934125.1	-	89079	89079	89079								1
PK_15_6h	368	LT934125.1	-	92277	92343	92303	92303	0.981745189532722	0.0617981733801393	92305	1.90200215734661	14.9356731096917	0.412208987306589	67
PK_15_6h	369	LT934125.1	-	92629	92631	92631				92630	-0.752349326211024	0.579956515067048	-0.995149676118656	3
PK_15_6h	370	LT934125.1	-	92726	92785	92774	92784	114.565836776545	11.0871411366579	92762	-12.4050089250683	16.6246632517994	-0.883964221391278	60
PK_15_6h	371	LT934125.1	-	92931	92936	92933	92935	6.30512668862202	2.46946148336711	92934	0.628380658093398	1.25245102512873	0.653101405629068	6
PK_15_6h	373	LT934125.1	-	93453	93468	93453	93465	36.4474805315272	2.87736019762825	93462	8.72293193059375	4.82688940593473	-0.995149676118656	16
PK_15_6h	374	LT934125.1	-	93650	93654	93654								5
PK_15_6h	377	LT934125.1	-	94521	94554	94526	94527	1.44634751908622	0.301274987456588	94528	2.17224228337274	3.82166598675196	0.79844537639998	34
PK_15_6h	378	LT934125.1	-	94941	94973	94947	94944	0.645820800114299	0.140364496572384	94947	-0.446923110384451	2.87343108953791	0.502240202626338	33
PK_15_6h	379	LT934125.1	-	95693	95694	95694								2
PK_15_6h	380	LT934125.1	-	96089	96147	96089	96116	2.94530657406552	0.0729838211981166	96115	26.3842315948862	23.589657252395	0.00647545618712054	59
PK_15_6h	382	LT934125.1	-	96592	96601	96596	96599	5.52752480948372	1.60003644897925	96597	1.34445966099909	2.70666118775524	-0.345888847482355	10
PK_15_6h	383	LT934125.1	-	96843	96857	96843	96855	24.5241500784785	1.98838874920341					15
PK_15_6h	385	LT934125.1	-	97321	97367	97361	97365	7.10432687902601	1.4721665428556	97350	-11.2206365764504	10.9106821732348	-0.963540667040817	47
PK_15_6h	388	LT934125.1	-	102517	102544	102517	102527	2.09058818379332	0.110013911115091	102530	13.3098609445717	10.2453605934942	0.995149676118656	28
PK_15_6h	389	LT934125.1	-	102913	102929	102913	102923	9.15656100650342	0.784803345880524	102922	8.59433707172808	5.69305870201009	-0.995149676118656	17
PK_15_6h	392	LT934125.1	-	103720	103735	103735								16
PK_15_6h	400	LT934125.1	-	107047	107053	107053				107050	-2.66666643244966	2.35702262450593	-0.000310118260511152	7
PK_15_6h	401	LT934125.1	-	107186	107209	107209								24
PK_15_6h	402	LT934125.1	-	107365	107382	107369	107375	4.15091812337285	0.554355731768036					18
PK_15_6h	403	LT934125.1	-	107543	107564	107559	107560	1.85109382122229	0.617046961637357					22
PK_15_6h	405	LT934125.1	-	108740	108745	108740				108742	2.5	2.5	-7.10542735760101e-17	6
PK_15_6h	409	LT934125.1	-	115514	115532	115528	115531	11.968611770289	3.2485926026084	115527	-1.08001976945152	3.90617221076587	-0.995149676118656	19
PK_15_6h	410	LT934125.1	-	115606	115710	115634	115644	1.71526344446938	0.0719643248900514	115646	11.8087531754531	22.5524672282308	0.52980546120604	105
PK_15_6h	412	LT934125.1	-	118376	118400	118376	118374	0.870103449968546	0.0532856187059334					25
PK_15_6h	414	LT934125.1	-	119479	119499	119481	119496	52.2266483152971	3.3912587553989	119488	7.3321169631159	8.19520493436198	-0.995149676118656	21
PK_15_6h	415	LT934125.1	-	119910	119923	119923				119917	-6.20397230833908	4.77598938713512	-0.995149676118656	14
PK_15_6h	418	LT934125.1	-	120431	120431	120431								1
PK_15_6h	419	LT934125.1	-	122413	122424	122413	122416	2.23489046725198	0.436023772833413	122417	3.99433268378745	3.0740598090263	0.995149676118656	12
PK_15_6h	421	LT934125.1	-	124802	124804	124804				124803	-0.981607380980368	0.755897433956598	-0.995149676118656	3
PK_15_6h	422	LT934125.1	-	126103	126112	126103								10
PK_15_6h	423	LT934125.1	-	126881	127456	126958	127069	1.74703082226967	0.00670657206476418	127170	212.466774715873	171.91898864092	6.43615855707622e-07	576
PK_15_6h	424	LT934125.1	-	127494	127902	127902				127722	-179.671175835125	126.513601163958	0.00262163979163178	409
PK_15_6h	425	LT934125.1	-	128144	128173	128155				128155	-0.19959815966796	8.30861756240428	0.995149676118656	30
PK_15_6h	427	LT934125.1	-	128729	128738	128732	128735	2.95125473797255	0.660826657529473					10
PK_15_6h	430	LT934125.1	-	130829	130834	130833				130832	-0.872647201634029	1.26971938291778	-0.865697479430961	6
PK_15_6h	431	LT934125.1	-	135080	135168	135080	135112	2.72914722973349	0.0541444648297597	135123	43.4482758620811	29.3005663162893	-2.02625396574778e-07	89
PK_15_6h	432	LT934125.1	-	135388	135562	135497	135503	1.24197175527482	0.0372715511646862	135482	-15.3704942358619	52.6449729318118	-0.734983747132822	175
PK_15_6h	433	LT934125.1	-	135666	135666	135666								1
PK_15_6h	434	LT934125.1	-	135892	135899	135892				135895	3.36812230465521	2.5967485528742	0.995149676118656	8
PK_15_6h	435	LT934125.1	-	136101	136103	136103				136102	-0.817250761708612	0.630305011317573	-0.995149676118656	3
PK_15_6h	436	LT934125.1	-	136193	136360	136235	136264	2.06744561376726	0.0363439383348721	136258	23.084465641513	31.7692581124646	0.856382706115223	168
PK_15_6h	438	LT934125.1	-	136682	136688	136685	136686	3.9820213148443	2.65473237146367	136685	0.161947255916232	1.60276505813928	-0.377906414341171	7
PK_15_6h	439	LT934125.1	-	137116	137123	137118	137121	9.59579637376891	2.82239745030442	137120	1.55562610738819	2.31476175596869	-0.0113459074917488	8
PK_15_6h	440	LT934125.1	-	138954	138978	138954	138961	1.74790545144516	0.113493452805518					25
PK_15_8h	1	LT934125.1	+	779	782	779	782	41.4874987156964	14.8167092134886	780	1.26134714601463	0.972843735086147	0.995149676118656	4
PK_15_8h	2	LT934125.1	+	982	994	990	992	5.43321272729184	1.81100589256966	989	-0.835751873485869	1.59813685446294	-0.560279984406366	13
PK_15_8h	3	LT934125.1	+	1334	1375	1337	1341	1.62579339526549	0.142012863342032	1341	3.65313089056708	5.11885363158972	0.995149676118656	42
PK_15_8h	4	LT934125.1	+	1600	1607	1600	1603	11.9684343344708	3.82977986939563	1602	1.51829429891762	1.17096442449416	0.995149676118656	8
PK_15_8h	5	LT934125.1	+	1851	1851	1851								1
PK_15_8h	7	LT934125.1	+	7587	7596	7588	7591	6.92651284318847	1.85203526370537	7590	2.14836096025443	1.98051547675775	0.974531693407761	10
PK_15_8h	8	LT934125.1	+	7811	7811	7811								1
PK_15_8h	10	LT934125.1	+	9107	9114	9113								8
PK_15_8h	11	LT934125.1	+	9267	9272	9270	9271	8.75853328961718	5.75197141790383					6
PK_15_8h	12	LT934125.1	+	9640	9650	9646	9647	3.6319780292807	2.13556933436727	9645	-1.17895307489872	1.59716763161794	0.153116088698388	11
PK_15_8h	13	LT934125.1	+	9896	9930	9919	9930	920.020524215527	84.7391125938409	9916	-3.32521021691008	11.0203770296945	-0.995149676118656	35
PK_15_8h	14	LT934125.1	+	10046	10156	10103	10130	6.93246264096664	0.223836158862428	10103	0.122277375814467	30.1399516811298	-0.0565405938140637	111
PK_15_8h	15	LT934125.1	+	10252	10271	10252	10266	8.19561931781459	0.512202118190764	10260	7.55255495355533	5.82505286479259	0.995149676118656	20
PK_15_8h	16	LT934125.1	+	10431	10435	10431	10433	10.9917201329947	4.3964538812623					5
PK_15_8h	17	LT934125.1	+	11788	11798	11793	11795	2.55200928338139	0.850652323677676	11793	-0.116729970906365	2.16652312976525	0.447596882253317	11
PK_15_8h	21	LT934125.1	+	14042	14051	14048	14050	7.10483487446036	2.95355096784859					10
PK_15_8h	23	LT934125.1	+	14541	14560	14541	14552	4.39202815368734	0.30500725978979	14551	9.67615043170277	7.44750474470615	0.995149676118656	20
PK_15_8h	24	LT934125.1	+	14853	14859	14853				14856	3.18130087856587	2.45136243820838	0.995149676118656	7
PK_15_8h	25	LT934125.1	+	15144	15180	15170	15178	9.18110892058591	1.04313284085481	15164	-6.06807849749153	12.3391801091373	-0.995149676118656	37
PK_15_8h	27	LT934125.1	+	15709	15751	15750				15735	-15.027120220932	12.2841452347964	-0.995149676118656	43
PK_15_8h	28	LT934125.1	+	16013	16014	16014				16014	-0.490068967620826	0.377796464884435	-0.995149676118656	2
PK_15_8h	31	LT934125.1	+	25420	25425	25420	25422	7.21904664637465	2.83102838009231	25421	1.45854059061787	1.12419441528284	0.995149676118656	6
PK_15_8h	34	LT934125.1	+	27846	27846	27846								1
PK_15_8h	35	LT934125.1	+	28625	28625	28625								1
PK_15_8h	37	LT934125.1	+	30235	30240	30240				30238	-2.40658700463541	1.85428436023691	-0.995149676118656	6
PK_15_8h	38	LT934125.1	+	30932	30932	30932								1
PK_15_8h	39	LT934125.1	+	31093	31099	31098								7
PK_15_8h	41	LT934125.1	+	31507	31507	31507								1
PK_15_8h	42	LT934125.1	+	31847	31870	31859	31864	2.82785980499442	0.343928410847986					24
PK_15_8h	43	LT934125.1	+	31973	32040	32038	32039	8.76098625195379	5.750013233154	32037	-1.42382392558887	1.77901698425073	-0.894126274895002	68
PK_15_8h	44	LT934125.1	+	32145	32281	32173	32191	1.57359101943647	0.0313636823160822	32193	19.8127596071762	36.5473498258521	0.995149676118656	137
PK_15_8h	45	LT934125.1	+	33584	33584	33584								1
PK_15_8h	46	LT934125.1	+	44807	44815	44812	44814	9.01766578161946	3.98884003867596					9
PK_15_8h	47	LT934125.1	+	44946	44946	44946								1
PK_15_8h	49	LT934125.1	+	45445	45445	45445								1
PK_15_8h	52	LT934125.1	+	45895	45916	45909	45916	230.653353603333	34.1708961891103	45906	-2.80124136880223	7.53377318396597	-0.995149676118656	22
PK_15_8h	53	LT934125.1	+	46005	46029	46023	46025	3.02214347661455	1.32466678136174	46023	0.472925936498493	3.1841869619824	-0.745334330420682	25
PK_15_8h	54	LT934125.1	+	46233	46239	46233	46234	2.28909102687985	0.866671327413837	46235	2.10181161725358	1.61707647348527	0.995149676118656	7
PK_15_8h	55	LT934125.1	+	46489	46514	46489	46511	22.535465512842	1.00152260489154	46499	10.3878345636985	8.01141374058999	0.995149676118656	26
PK_15_8h	57	LT934125.1	+	47311	47317	47315								7
PK_15_8h	58	LT934125.1	+	47567	47570	47567				47568	1.36024491592164	1.04901912108163	0.995149676118656	4
PK_15_8h	62	LT934125.1	+	48172	48172	48172								1
PK_15_8h	63	LT934125.1	+	48412	48412	48412								1
PK_15_8h	64	LT934125.1	+	48494	48571	48567	48570	13.0703702164392	4.56617799473962	48566	-0.546450092929827	3.1754373644849	-0.978549911198762	78
PK_15_8h	65	LT934125.1	+	48856	48992	48856	48903	3.3817680030679	0.0510730610882726	48910	53.9497819469397	41.4110366879612	0.995149676118656	137
PK_15_8h	66	LT934125.1	+	49084	49114	49114				49101	-12.5412259190932	9.66372578224715	-0.995149676118656	31
PK_15_8h	67	LT934125.1	+	49261	49280	49261	49276	12.476775855458	0.756148726279209	49269	8.02098431980612	6.18485129603709	0.995149676118656	20
PK_15_8h	68	LT934125.1	+	49318	49372	49372				49348	-23.9992192206096	18.0046944596846	-0.0141822660022158	55
PK_15_8h	69	LT934125.1	+	49501	49506	49501	49504	5.63900666358709	1.33553894421522	49503	2.08378699766445	1.60688862098087	0.995149676118656	6
PK_15_8h	70	LT934125.1	+	51231	51239	51235	51237	7.33920428667405	3.3080245440653	51236	0.962013409652433	1.27930273372693	0.630584899025673	9
PK_15_8h	72	LT934125.1	+	51752	51752	51752								1
PK_15_8h	73	LT934125.1	+	52028	52055	52028	52050	19.02009753239	0.831001962120932	52042	13.6797326543469	10.2371674830483	-0.995149676118656	28
PK_15_8h	74	LT934125.1	+	52201	52201	52201								1
PK_15_8h	75	LT934125.1	+	52438	52484	52460	52456	0.761832739297222	0.0672392710432332					47
PK_15_8h	76	LT934125.1	+	52703	52716	52716				52710	-6.25508429296582	4.82253303673658	-0.995149676118656	14
PK_15_8h	81	LT934125.1	+	53640	53652	53648	53650	2.98824496038268	1.27275305075433					13
PK_15_8h	83	LT934125.1	+	53981	53992	53992				53987	-5.01837272220286	3.86801877848607	-0.995149676118656	12
PK_15_8h	84	LT934125.1	+	54337	54337	54337								1
PK_15_8h	85	LT934125.1	+	54472	54501	54475	54489	5.24284389153045	0.305123782871416	54482	6.82777508871748	7.55185085482767	0.995149676118656	30
PK_15_8h	86	LT934125.1	+	54658	54658	54658								1
PK_15_8h	87	LT934125.1	+	54791	54796	54791	54795	22.5373993511238	5.00831520183639	54793	2.40204123720786	1.85111198876365	0.995149676118656	6
PK_15_8h	88	LT934125.1	+	54938	54940	54938				54939	0.870972822859484	0.671812643377933	0.995149676118656	3
PK_15_8h	89	LT934125.1	+	55038	55046	55038	55045	67.9158189033476	9.0552981514607	55042	3.75273559300851	2.89282504292844	0.995149676118656	9
PK_15_8h	90	LT934125.1	+	55350	55355	55352	55354	5.43614700310761	2.25822711111648					6
PK_15_8h	91	LT934125.1	+	55474	55484	55480	55482	3.89949348501621	1.46228421063933	55479	-1.13879201309341	2.96419563103029	-0.0156137241033401	11
PK_15_8h	92	LT934125.1	+	55706	55742	55712	55715	1.1489796159286	0.0542772818212716	55723	10.9932449092161	13.0520050052231	0.995149676118656	37
PK_15_8h	93	LT934125.1	+	55868	55874	55874				55872	-2.40007635769988	1.84670468739036	-0.995149676118656	7
PK_15_8h	98	LT934125.1	+	59032	59090	59068	59070	1.67700049146359	0.436470783801421	59060	-7.72125808803914	11.9116559343219	-0.791240867072859	59
PK_15_8h	100	LT934125.1	+	59792	59793	59793				59793	-0.497084161255263	0.383175262361601	-0.995149676118656	2
PK_15_8h	103	LT934125.1	+	60232	60260	60234	60232	0.770999213303697	0.147572465658728	60238	3.96528808536033	4.57149003786352	0.995149676118656	29
PK_15_8h	104	LT934125.1	+	61076	61078	61076								3
PK_15_8h	105	LT934125.1	+	61621	61621	61621								1
PK_15_8h	106	LT934125.1	+	62008	62078	62036	62044	1.6407107820948	0.0822850751332832	62040	4.22799796957615	20.8777550420818	0.221670156501907	71
PK_15_8h	108	LT934125.1	+	65805	65829	65807	65807	0.988905919928771	0.176378655998349	65809	1.67664848833054	2.83131164017324	0.995149676118656	25
PK_15_8h	109	LT934125.1	+	66335	66345	66338	66341	9.32755934709123	2.83838477875843	66339	1.0710752360318	1.59979388403071	0.76045310685557	11
PK_15_8h	115	LT934125.1	+	68468	68486	68468				68478	10.0146586150615	7.71430679547104	0.995149676118656	19
PK_15_8h	116	LT934125.1	+	68565	68600	68600				68585	-15.0565954078785	11.5908742534118	-0.995149676118656	36
PK_15_8h	117	LT934125.1	+	68870	68873	68873				68872	-1.10957723161088	0.856096706243426	-0.995149676118656	4
PK_15_8h	118	LT934125.1	+	69233	69251	69244	69246	2.64070054284826	1.04993556207169	69243	-1.44315893023811	3.83510534153396	-0.638198576258393	19
PK_15_8h	120	LT934125.1	+	69509	69567	69530	69542	2.30637062941373	0.106889317733461	69538	8.29725996878189	16.6065260755475	0.00270882913191601	59
PK_15_8h	121	LT934125.1	+	69765	69845	69765	69776	1.51615619330045	0.0488735728372666	69789	24.0012466825715	18.4786330741456	0.995149676118656	81
PK_15_8h	122	LT934125.1	+	69875	69970	69947	69947	1.01892398363082	0.0991720252482905	69930	-17.186650249094	24.3330473322527	-0.812881434327048	96
PK_15_8h	123	LT934125.1	+	70090	70092	70090	70091	9.40068682539716	5.87552778790542					3
PK_15_8h	124	LT934125.1	+	70311	70311	70311								1
PK_15_8h	125	LT934125.1	+	70525	70534	70531	70533	7.21963133125778	2.96142273826904	70530	-0.73292643225923	1.10586351309033	0.0279710645861218	10
PK_15_8h	126	LT934125.1	+	70918	70918	70918								1
PK_15_8h	127	LT934125.1	+	71009	71022	71022				71016	-5.9349227350335	4.57314598166287	-0.995149676118656	14
PK_15_8h	128	LT934125.1	+	71185	71215	71185	71193	2.4403251467757	0.175147685153735	71196	10.6498040629338	8.19709860447468	0.995149676118656	31
PK_15_8h	129	LT934125.1	+	71328	71346	71328	71343	22.5778432026955	1.45663335886045	71336	8.4387888603051	6.50250703144798	0.995149676118656	19
PK_15_8h	132	LT934125.1	+	72758	72766	72759	72761	2.97606973929126	0.850146350883665					9
PK_15_8h	133	LT934125.1	+	74397	74408	74402	74405	3.68987712462478	0.882124566216724	74402	-0.221063783478794	1.76147173426027	0.931948658286645	12
PK_15_8h	136	LT934125.1	+	75133	75154	75154				75145	-8.81151077730593	6.79151095084626	-0.995149676118656	22
PK_15_8h	137	LT934125.1	+	75262	75271	75262	75270	26.3587411378832	3.37921759308035	75266	4.41550184853269	3.40141039050856	0.995149676118656	10
PK_15_8h	138	LT934125.1	+	75360	75382	75382				75373	-9.12148368159504	7.03061006857804	-0.995149676118656	23
PK_15_8h	140	LT934125.1	+	75653	75653	75653								1
PK_15_8h	141	LT934125.1	+	76677	76689	76683	76685	7.17414850670768	2.78777670635307	76684	0.958777209167413	1.86139884084253	-0.164622167469962	13
PK_15_8h	142	LT934125.1	+	76990	76992	76990								3
PK_15_8h	143	LT934125.1	+	78035	78062	78044	78059	10.1678415126211	0.628930537936188	78041	-2.67419928749535	4.8614086244345	0.995149676118656	28
PK_15_8h	146	LT934125.1	+	79008	79010	79008								3
PK_15_8h	147	LT934125.1	+	79143	79143	79143								1
PK_15_8h	148	LT934125.1	+	79248	79269	79269				79259	-10.3787775792835	7.99219437171559	-0.995149676118656	22
PK_15_8h	149	LT934125.1	+	79437	79454	79444	79446	1.51295695532791	0.300839667608124					18
PK_15_8h	150	LT934125.1	+	79712	79786	79781	79784	4.76642132950087	1.07629800350674	79752	-28.9497099405421	26.0220992391639	-0.995149676118656	75
PK_15_8h	151	LT934125.1	+	79884	79884	79884								1
PK_15_8h	152	LT934125.1	+	81082	81082	81082								1
PK_15_8h	154	LT934125.1	+	83975	83978	83975	83978	20.5811697919756	7.37243774092632	83976	1.32005354680283	1.29340882285917	-0.995149676118656	4
PK_15_8h	156	LT934125.1	+	85996	86018	85996	86016	34.2522596560263	1.66506098438367	86007	11.1779883099792	8.61272830497027	0.995149676118656	23
PK_15_8h	158	LT934125.1	+	88883	88888	88883	88886	4.88495012100512	1.19987985200043	88885	2.25321064921341	1.73668129474469	0.995149676118656	6
PK_15_8h	159	LT934125.1	+	89133	89133	89133								1
PK_15_8h	160	LT934125.1	+	89883	89883	89883								1
PK_15_8h	162	LT934125.1	+	90381	90381	90381								1
PK_15_8h	165	LT934125.1	+	91409	91415	91409	91412	11.1439825456107	3.5217642404768	91411	1.90580015966353	1.46779717952306	0.995149676118656	7
PK_15_8h	166	LT934125.1	+	91545	91548	91548								4
PK_15_8h	167	LT934125.1	+	92281	92289	92281	92286	6.65272792971335	1.15706053324506	92285	4.18205675036194	3.12819983892173	-0.0171433005400309	9
PK_15_8h	168	LT934125.1	+	92451	92456	92453	92455	4.1821606527335	1.85865515771326					6
PK_15_8h	169	LT934125.1	+	95750	95750	95750								1
PK_15_8h	171	LT934125.1	+	96885	96885	96885								1
PK_15_8h	173	LT934125.1	+	98464	98470	98464				98467	2.7204898325815	2.09803824235755	0.995149676118656	7
PK_15_8h	174	LT934125.1	+	99576	99576	99576								1
PK_15_8h	175	LT934125.1	+	101290	101293	101290				101292	1.54409121068498	1.19002129323809	0.995149676118656	4
PK_15_8h	176	LT934125.1	+	101472	101472	101472								1
PK_15_8h	178	LT934125.1	+	104763	104780	104763	104766	1.46716089282671	0.155802150234629	104770	7.21752821619259	5.55441269825773	0.995149676118656	18
PK_15_8h	179	LT934125.1	+	106596	106601	106596	106600	6.25899136830464	1.46498858442705	106598	2.47368419409542	2.32533916233009	5.69988753874611e-05	6
PK_15_8h	180	LT934125.1	+	107029	107035	107035				107033	-2.40816640842921	1.85348860928532	-0.995149676118656	7
PK_15_8h	182	LT934125.1	+	107389	107509	107482	107481	0.792541460201839	0.16684812945887	107462	-19.6515939434667	26.5841282465914	-0.882917176915689	121
PK_15_8h	183	LT934125.1	+	107614	107615	107614								2
PK_15_8h	184	LT934125.1	+	107818	107825	107825								8
PK_15_8h	185	LT934125.1	+	108051	108079	108051	108060	1.97565972606629	0.111828293592152	108063	11.6632761210891	8.98394784092577	0.995149676118656	29
PK_15_8h	186	LT934125.1	+	108252	108310	108252	108277	3.43135282064405	0.096888826399817	108280	27.7863262552316	21.3448245594386	0.995149676118656	59
PK_15_8h	187	LT934125.1	+	108556	108585	108556	108563	1.57358550518669	0.0832100897507061	108570	13.6539915081589	11.7990030918889	-0.995149676118656	30
PK_15_8h	191	LT934125.1	+	112884	112886	112884				112885	0.919800955899856	0.70930277737323	0.995149676118656	3
PK_15_8h	192	LT934125.1	+	114979	114988	114985	114987	4.30639740835392	1.92281920621596					10
PK_15_8h	194	LT934125.1	+	115475	115475	115475								1
PK_15_8h	195	LT934125.1	+	115815	115841	115815	115820	1.38516741718127	0.0819998460585263					27
PK_15_8h	196	LT934125.1	+	116120	116223	116120	116149	2.38867455631086	0.0482536823723419	116161	41.1400827324999	31.5933979020933	0.995149676118656	104
PK_15_8h	197	LT934125.1	+	116261	116552	116283	116377	2.83249672093492	0.0194115256860818	116411	128.381686480013	81.6068233473497	-0.537297855461764	292
PK_15_8h	198	LT934125.1	+	116586	116835	116791	116812	2.77294050272893	0.0842006114119242	116721	-69.9219296529609	67.1763214715311	-0.813075824139821	250
PK_15_8h	199	LT934125.1	+	117606	117607	117607								2
PK_15_8h	200	LT934125.1	+	117768	117796	117769	117778	3.39491159618842	0.272935947876455	117776	6.50227357525508	5.71675171116638	0.995149676118656	29
PK_15_8h	201	LT934125.1	+	117920	117920	117920								1
PK_15_8h	203	LT934125.1	+	118209	118209	118209								1
PK_15_8h	205	LT934125.1	+	118506	118529	118506	118527	43.2991816381287	2.03763585057245	118516	10.0436758565868	9.97150692908559	-0.995149676118656	24
PK_15_8h	206	LT934125.1	+	118841	118866	118864	118866	54.0235695121825	27.6992271472028	118863	-0.789709311457647	1.98551867578098	-0.761508390468366	26
PK_15_8h	207	LT934125.1	+	119301	119304	119304				119303	-1.21558392196856	0.937896990239468	-0.995149676118656	4
PK_15_8h	208	LT934125.1	+	119436	119592	119567	119577	2.26385683146519	0.120415952482367	119524	-43.3213970441551	52.3137351429164	-0.995149676118656	157
PK_15_8h	209	LT934125.1	+	119691	120097	119941	119959	1.30563178609456	0.0166249789556548	119913	-27.8905461622772	112.440476334078	-0.4444948290155	407
PK_15_8h	210	LT934125.1	+	120207	120356	120312	120332	3.26125105840999	0.112975340696224	120286	-25.544744115453	41.0037798474559	0.00917640103955866	150
PK_15_8h	211	LT934125.1	+	120554	120559	120555	120557	25.076603014374	11.9360967093049	120556	0.723499265723989	0.878656159932137	0.891510450532544	6
PK_15_8h	212	LT934125.1	+	120933	120937	120937				120935	-1.93241706651474	1.48834262368156	-0.995149676118656	5
PK_15_8h	213	LT934125.1	+	121271	121274	121274				121273	-1.4714306156972	1.1335991793794	-0.995149676118656	4
PK_15_8h	214	LT934125.1	+	121783	121787	121784	121786	45.9979309494372	22.0853976224258	121785	0.858446488647383	0.85856596157198	0.953341109117474	5
PK_15_8h	215	LT934125.1	+	121979	122032	121979	122003	3.12335412284741	0.0886376289462986	122005	26.0434785600065	20.8232275606283	-9.40346478057506e-05	54
PK_15_8h	216	LT934125.1	+	122301	122304	122301	122304	34.9954477188576	12.725347568608	122302	1.45928258866968	1.12456761280538	0.995149676118656	4
PK_15_8h	217	LT934125.1	+	122402	122402	122402								1
PK_15_8h	218	LT934125.1	+	122575	122575	122575								1
PK_15_8h	219	LT934125.1	+	122733	122733	122733								1
PK_15_8h	220	LT934125.1	+	122922	122988	122979	122981	3.07054893085823	1.07585863494632	122976	-3.009142606186	7.24148440960151	-0.855008455696652	67
PK_15_8h	222	LT934125.1	+	123755	123788	123780				123775	-4.61621500792897	9.70092141125538	-0.995149676118656	34
PK_15_8h	223	LT934125.1	+	124093	124093	124093								1
PK_15_8h	224	LT934125.1	+	124299	124310	124302	124304	2.30389659595756	0.723387743223082	124303	1.32882591196821	2.50600801082189	0.648019515209395	12
PK_15_8h	225	LT934125.1	+	124538	124613	124538	124540	1.06772480947003	0.0337799487348076	124567	28.5552297141689	21.9054601308599	0.995149676118656	76
PK_15_8h	226	LT934125.1	+	124736	124757	124756								22
PK_15_8h	227	LT934125.1	+	125003	125003	125003								1
PK_15_8h	228	LT934125.1	+	125217	125229	125225	125227	5.06867642876103	2.29576852745334	125224	-0.605146281465151	1.34689262541712	0.221189543749044	13
PK_15_8h	229	LT934125.1	+	125343	125373	125373				125360	-12.6455739021816	9.74607837378525	-0.995149676118656	31
PK_15_8h	230	LT934125.1	+	125679	125729	125729				125706	-23.3900752265451	17.9922329149021	-0.995149676118656	51
PK_15_8h	231	LT934125.1	+	125838	125866	125866				125853	-12.723245049234	11.7563374143188	0.995149676118656	29
PK_15_8h	232	LT934125.1	+	126005	126047	126005	126025	3.240869921381	0.110105150666891	126026	20.7929127150408	16.2775936691146	-0.995149676118656	43
PK_15_8h	233	LT934125.1	+	128037	128115	128079	128083	1.45378677675146	0.107951902553675	128068	-11.2602941151732	19.1150390115605	0.770754944612318	79
PK_15_8h	234	LT934125.1	+	128185	128189	128185	128189	27.2398227402275	6.96383941096254	128187	2.11718638690474	1.63130792311843	0.995149676118656	5
PK_15_8h	235	LT934125.1	+	130194	130194	130194								1
PK_15_8h	236	LT934125.1	+	132614	132614	132614								1
PK_15_8h	237	LT934125.1	+	136157	136174	136158	136162	1.50599170822347	0.143422309440699					18
PK_15_8h	238	LT934125.1	+	136335	136378	136348	136348	1.06966260909249	0.195056221928295					44
PK_15_8h	239	LT934125.1	+	136664	136670	136664	136666	2.23645710381708	0.609903081805255	136667	2.56194757686898	1.97258983634527	0.995149676118656	7
PK_15_8h	240	LT934125.1	+	137112	137112	137112								1
PK_15_8h	241	LT934125.1	+	138673	138678	138673	138677	7.67618433878711	1.80614617662724					6
PK_15_8h	243	LT934125.1	+	139982	139982	139982								1
PK_15_8h	244	LT934125.1	+	140788	140788	140788								1
PK_15_8h	245	LT934125.1	+	141053	141074	141053	141063	2.85211008303215	0.188081281650754	141064	10.8217849291306	8.32662710838934	0.995149676118656	22
PK_15_8h	249	LT934125.1	-	3034	3045	3045				3041	-4.49702840422623	3.46264416119549	-0.995149676118656	12
PK_15_8h	250	LT934125.1	-	3349	3351	3351				3350	-0.785337769620755	0.605614071917049	-0.995149676118656	3
PK_15_8h	251	LT934125.1	-	3449	3463	3463				3456	-7.19453596340932	5.54215136517901	-0.995149676118656	15
PK_15_8h	252	LT934125.1	-	3877	3912	3910	3911	8.59163323165348	6.11349453633877	3902	-8.3038141765905	7.90271428383745	-0.995149676118656	36
PK_15_8h	253	LT934125.1	-	4914	4928	4925	4926	4.6969127502755	3.19341338642705	4923	-1.58798523044933	2.79607219431281	-0.868014350507859	15
PK_15_8h	254	LT934125.1	-	7758	7758	7758								1
PK_15_8h	256	LT934125.1	-	9058	9058	9058								1
PK_15_8h	257	LT934125.1	-	9214	9217	9214				9215	1.4620341192753	1.1271220002494	0.995149676118656	4
PK_15_8h	258	LT934125.1	-	9466	9499	9494	9498	8.96119711046187	1.96556866157478					34
PK_15_8h	259	LT934125.1	-	9885	9893	9885	9892	25.2515285386324	3.60752527651616	9889	3.96303133429436	3.05285779990437	0.995149676118656	9
PK_15_8h	260	LT934125.1	-	10028	10034	10034				10031	-2.89294493064476	2.22698141333727	-0.995149676118656	7
PK_15_8h	261	LT934125.1	-	15834	15834	15834								1
PK_15_8h	262	LT934125.1	-	16690	16745	16690	16712	2.66982943332065	0.0752117811451397	16719	29.4349844101601	19.6295160390894	-0.995149676118656	56
PK_15_8h	263	LT934125.1	-	16779	16880	16791	16815	2.21118137227272	0.0494687834579119	16823	31.9968870872221	33.6548853878661	0.995149676118656	102
PK_15_8h	264	LT934125.1	-	16911	17078	16957	16991	2.24035581140724	0.0362307063793861	16983	25.5624996279053	54.575359194834	0.995149676118656	168
PK_15_8h	265	LT934125.1	-	17193	17222	17207	17211	1.60433116587325	0.171902472175387	17205	-2.36366846936073	8.65007780005113	0.904156836132795	30
PK_15_8h	266	LT934125.1	-	17254	17376	17341	17349	1.80321901573524	0.104160006821244	17339	-2.24131828113457	22.8526294892706	-0.885125143866453	123
PK_15_8h	267	LT934125.1	-	17450	17636	17551	17575	2.10591899382974	0.0467941364647572	17527	-23.9759712646769	58.8954388441817	0.995149676118656	187
PK_15_8h	268	LT934125.1	-	17670	17908	17871	17895	7.62108594168426	0.277124603384642	17773	-98.2533993971528	78.4120007901803	0.995149676118656	239
PK_15_8h	269	LT934125.1	-	17978	17981	17978	17981	54.9150366475062	19.2204561968429	17979	1.31676206252687	1.29597891415393	-0.995149676118656	4
PK_15_8h	270	LT934125.1	-	18107	18107	18107								1
PK_15_8h	271	LT934125.1	-	18239	18239	18239								1
PK_15_8h	272	LT934125.1	-	18377	18388	18377				18382	5.5	5.5	-1.28121905771919e-16	12
PK_15_8h	273	LT934125.1	-	18565	18565	18565								1
PK_15_8h	277	LT934125.1	-	19468	19477	19471	19473	68.1850892023316	33.9344474218123	19471	0.393776198105044	1.20109233757481	0.368847404151748	10
PK_15_8h	280	LT934125.1	-	21578	21596	21596				21588	-7.87976236429595	7.7888690690923	0.995149676118656	19
PK_15_8h	281	LT934125.1	-	21685	21740	21722	21735	6.68805094983803	0.428701019814455	21713	-9.49930776852921	20.0638511019776	-0.010723473816955	56
PK_15_8h	282	LT934125.1	-	21938	21944	21941				21941	-0.436146612459209	1.89368706055511	0.927203858063193	7
PK_15_8h	284	LT934125.1	-	22377	22379	22379				22378	-0.851393444179261	0.656772966478265	-0.995149676118656	3
PK_15_8h	287	LT934125.1	-	25307	25315	25313	25315	12.7355766432072	7.27763157841183					9
PK_15_8h	289	LT934125.1	-	28569	28586	28572	28576	1.82208359698539	0.193818067629992	28576	4.19940211020796	5.53393235296074	0.995149676118656	18
PK_15_8h	290	LT934125.1	-	28777	28925	28792	28826	2.00185123476626	0.0296244998675791	28845	53.0525354857786	44.36298349446	0.129713358597375	149
PK_15_8h	291	LT934125.1	-	29046	29087	29046	29064	3.0863508275464	0.117410307067521	29066	19.8805888195018	14.8583869372011	-0.0281231210314986	42
PK_15_8h	292	LT934125.1	-	29263	29303	29288	29297	4.27816546556108	0.35324554285426	29287	-1.26228160755123	9.48209225216293	-0.313507269988638	41
PK_15_8h	293	LT934125.1	-	29404	29417	29411	29412	3.46865319421069	1.79210995986562	29411	0.264244331869818	2.1574333176111	-0.627623934210622	14
PK_15_8h	295	LT934125.1	-	30877	30882	30877	30878	2.11448698379046	0.768888072836547					6
PK_15_8h	296	LT934125.1	-	31041	31041	31041								1
PK_15_8h	298	LT934125.1	-	32828	32842	32842				32838	-3.80088797675233	2.93236652092961	-0.995149676118656	15
PK_15_8h	299	LT934125.1	-	33015	33035	33015	33019	1.3581539119512	0.0984409564666363	33023	8.0636777635319	6.21717730899865	0.995149676118656	21
PK_15_8h	301	LT934125.1	-	34091	34091	34091								1
PK_15_8h	302	LT934125.1	-	34452	34478	34474	34478	21.6496196472655	5.87095309026068	34471	-2.74590543139077	5.18590290968445	-0.995149676118656	27
PK_15_8h	303	LT934125.1	-	41978	41997	41995								20
PK_15_8h	305	LT934125.1	-	42543	42543	42543								1
PK_15_8h	306	LT934125.1	-	44754	44756	44756								3
PK_15_8h	307	LT934125.1	-	44886	44893	44889	44892	5.49926490757319	1.62880855622594	44890	0.947954089229505	2.31310441356645	0.00108773698006216	8
PK_15_8h	309	LT934125.1	-	50370	50370	50370								1
PK_15_8h	310	LT934125.1	-	50631	50668	50641	50656	4.99957482330182	0.263134241596685	50649	7.54881170955487	13.4591873187044	0.995149676118656	38
PK_15_8h	311	LT934125.1	-	50820	50820	50820								1
PK_15_8h	312	LT934125.1	-	51139	51151	51147	51149	5.89675853791482	2.23682456621305					13
PK_15_8h	314	LT934125.1	-	53592	53592	53592								1
PK_15_8h	316	LT934125.1	-	55378	55381	55378	55379	4.09147560154651	2.78194111866253	55379	0.680660820692286	0.525355304238063	0.995149676118656	4
PK_15_8h	317	LT934125.1	-	55420	55733	55679	55696	1.97787679251791	0.0565974959613192	55585	-93.9769308596737	95.0737469397397	-0.892658072473638	314
PK_15_8h	318	LT934125.1	-	55768	55807	55796	55805	13.0892373964802	1.39069961550177	55789	-7.11265124124931	13.9049386075342	-0.995149676118656	40
PK_15_8h	319	LT934125.1	-	55853	56016	55967	55968	1.03826319948877	0.0415355558991222	55948	-18.5559829112809	51.6414251454134	-0.995149676118656	164
PK_15_8h	320	LT934125.1	-	56185	56200	56188	56189	2.0767222286527	0.940160413493003	56189	0.531181275704612	1.51232489814197	0.521893571719008	16
PK_15_8h	323	LT934125.1	-	56944	56950	56946	56947	4.7464244200415	2.61230099496434					7
PK_15_8h	326	LT934125.1	-	58570	58575	58570	58572	3.22495814236888	1.42776058558071	58571	1.21703236361161	0.938864082802122	0.995149676118656	6
PK_15_8h	327	LT934125.1	-	59016	59038	59016	59011	0.677020351608529	0.0588603375519789	59023	7.048187699468	5.43920639322925	0.995149676118656	23
PK_15_8h	328	LT934125.1	-	59256	59281	59277	59280	9.7256575691103	2.99263865311273					26
PK_15_8h	329	LT934125.1	-	62075	62075	62075								1
PK_15_8h	330	LT934125.1	-	63417	63433	63420	63423	2.92344700969011	0.732153584620152					17
PK_15_8h	331	LT934125.1	-	64123	64128	64127				64126	-1.0600290582558	1.58188483228913	-0.995149676118656	6
PK_15_8h	332	LT934125.1	-	64363	64374	64363	64369	3.86548554658543	0.463879153183847	64369	5.55556540452774	4.74016358581023	-0.0017857848507734	12
PK_15_8h	334	LT934125.1	-	65718	65753	65752				65748	-3.89295005691434	3.56426523396475	-0.983917378140421	36
PK_15_8h	336	LT934125.1	-	66354	66354	66354								1
PK_15_8h	337	LT934125.1	-	66702	66710	66702								9
PK_15_8h	338	LT934125.1	-	67724	67724	67724								1
PK_15_8h	340	LT934125.1	-	68886	68889	68886	68887	3.91735247926172	2.3845346036399	68887	1.02167432880735	0.78733846269597	0.995149676118656	4
PK_15_8h	341	LT934125.1	-	69254	69257	69254	69256	9.80967795210568	3.83863516379401	69255	1.1373384814334	0.877385165875554	0.995149676118656	4
PK_15_8h	342	LT934125.1	-	70446	70470	70446	70451	1.66983757483099	0.139790921054099	70455	9.46268680528641	7.28554357244912	0.995149676118656	25
PK_15_8h	343	LT934125.1	-	71882	71904	71882	71885	1.53179269453758	0.185694944634028	71889	6.95606065098156	5.35607390560597	0.995149676118656	23
PK_15_8h	344	LT934125.1	-	72174	72174	72174								1
PK_15_8h	346	LT934125.1	-	72738	72738	72738								1
PK_15_8h	347	LT934125.1	-	72871	72876	72871	72875	15.6607112896397	3.91493075265471	72873	2.40000002361655	2.10713075153105	-8.14128841947614e-05	6
PK_15_8h	348	LT934125.1	-	73106	73108	73108								3
PK_15_8h	349	LT934125.1	-	74341	74345	74345								5
PK_15_8h	351	LT934125.1	-	76860	76866	76860	76863	8.89615704956756	2.45036230972949	76862	2.20759612494176	1.70019145024934	0.995149676118656	7
PK_15_8h	353	LT934125.1	-	80439	80499	80484	80488	1.85647745714597	0.234700246901996	80471	-13.4827834273471	19.4558047955123	-0.892956966365366	61
PK_15_8h	354	LT934125.1	-	80533	80679	80645	80654	2.31367764845552	0.140053362992361	80616	-29.2808698637766	42.5479384876198	-0.889650257694563	147
PK_15_8h	355	LT934125.1	-	80718	80937	80825	80850	2.04221663247332	0.0411321225715908	80841	15.7168796464793	52.2343274071005	-0.265275619899347	220
PK_15_8h	356	LT934125.1	-	81009	81035	81035				81023	-11.8154670905131	9.10018019929697	-0.995149676118656	27
PK_15_8h	357	LT934125.1	-	81136	81161	81146	81152	2.07058529351063	0.17461013658385	81149	2.59293197260244	9.15981204261677	0.693555371442596	26
PK_15_8h	358	LT934125.1	-	81424	81435	81429								12
PK_15_8h	359	LT934125.1	-	81803	81897	81804	81798	0.541312859102586	0.0806021244104199	81815	11.4652054544138	9.49004155958468	0.995149676118656	95
PK_15_8h	360	LT934125.1	-	82024	82026	82026								3
PK_15_8h	362	LT934125.1	-	87157	87163	87161	87162	8.65561009279152	5.77085923586101					7
PK_15_8h	363	LT934125.1	-	87419	87447	87447				87438	-9.17189037399424	7.07739293597123	-0.995149676118656	29
PK_15_8h	364	LT934125.1	-	87864	87864	87864								1
PK_15_8h	367	LT934125.1	-	89078	89079	89079								2
PK_15_8h	368	LT934125.1	-	92261	92315	92303	92305	1.4114162159356	0.191665574582534	92296	-7.06140226283083	14.5892114777381	-0.995149676118656	55
PK_15_8h	369	LT934125.1	-	92561	92561	92561								1
PK_15_8h	370	LT934125.1	-	92774	92774	92774								1
PK_15_8h	371	LT934125.1	-	92931	92936	92933	92935	5.5758746820553	2.24460518560192					6
PK_15_8h	373	LT934125.1	-	93453	93482	93455	93462	1.89183666342568	0.127956619181313	93465	9.89422743238668	9.12887535983935	0.995149676118656	30
PK_15_8h	374	LT934125.1	-	93650	93654	93654								5
PK_15_8h	375	LT934125.1	-	94526	94529	94526	94529	106.404688777502	36.3025139814809					4
PK_15_8h	376	LT934125.1	-	94749	94774	94774				94762	-11.7371080616517	9.03939414351813	-0.995149676118656	26
PK_15_8h	377	LT934125.1	-	94943	94949	94947	94948	8.82215625681898	6.51162457952036					7
PK_15_8h	378	LT934125.1	-	95694	95694	95694								1
PK_15_8h	379	LT934125.1	-	96089	96094	96089								6
PK_15_8h	380	LT934125.1	-	96324	96324	96324								1
PK_15_8h	381	LT934125.1	-	96596	96601	96596	96598	4.58924190303877	1.59225550200927	96598	2.004369493633	1.54277134250855	0.995149676118656	6
PK_15_8h	383	LT934125.1	-	97017	97026	97017								10
PK_15_8h	384	LT934125.1	-	97174	97174	97174								1
PK_15_8h	385	LT934125.1	-	97321	97368	97361	97364	4.53722357079603	1.06140445127153	97351	-10.3221744004716	10.5183472451759	-0.958677441039557	48
PK_15_8h	387	LT934125.1	-	101899	101905	101899								7
PK_15_8h	389	LT934125.1	-	102643	102664	102643	102654	3.19901598132254	0.19585549912921	102653	10.1782150708694	8.32662710838934	-0.995149676118656	22
PK_15_8h	390	LT934125.1	-	102929	102929	102929								1
PK_15_8h	391	LT934125.1	-	103735	103735	103735								1
PK_15_8h	393	LT934125.1	-	105039	105044	105039	105043	22.5417682301175	5.00946612242367					6
PK_15_8h	394	LT934125.1	-	106605	106605	106605								1
PK_15_8h	395	LT934125.1	-	107047	107053	107053				107050	-2.56194757686898	1.97258983634527	-0.995149676118656	7
PK_15_8h	396	LT934125.1	-	107339	107382	107369	107372	1.92256461913483	0.295421343411796					44
PK_15_8h	397	LT934125.1	-	107543	107560	107559								18
PK_15_8h	398	LT934125.1	-	111103	111103	111103								1
PK_15_8h	399	LT934125.1	-	113523	113523	113523								1
PK_15_8h	400	LT934125.1	-	115528	115532	115532				115530	-2.09917809233709	1.61751849255845	-0.995149676118656	5
PK_15_8h	401	LT934125.1	-	115602	115680	115638	115652	2.88178893728556	0.134470052732592	115649	10.6466700122173	18.5768400299582	-0.540997408392413	79
PK_15_8h	404	LT934125.1	-	119058	119058	119058								1
PK_15_8h	406	LT934125.1	-	119481	119499	119499				119493	-5.83618226565438	4.50244918579745	-0.995149676118656	19
PK_15_8h	408	LT934125.1	-	119910	119923	119923				119916	-6.98504289684588	5.38188636211113	-0.995149676118656	14
PK_15_8h	409	LT934125.1	-	120431	120454	120431	120443	2.74462670426726	0.146137327619912	120440	9.06680306069223	6.9941628290094	0.995149676118656	24
PK_15_8h	410	LT934125.1	-	122413	122424	122413	122415	1.6279120993971	0.393558872085964	122416	3.47287171760698	2.67324196369552	0.995149676118656	12
PK_15_8h	413	LT934125.1	-	124704	124724	124704				124712	7.84472366049003	6.05342126567154	0.995149676118656	21
PK_15_8h	414	LT934125.1	-	124804	124805	124804								2
PK_15_8h	416	LT934125.1	-	126881	127131	126926	126970	1.96838126809686	0.0219289541568723	126996	70.0443424819086	66.9567261236523	0.801098375959955	251
PK_15_8h	417	LT934125.1	-	127165	127456	127434	127446	4.7783210704139	0.324944822158069	127306	-128.008400501675	81.6500349092374	0.529554915630043	292
PK_15_8h	418	LT934125.1	-	127494	127597	127597				127556	-40.9905039092141	31.4777826379139	-0.995149676118656	104
PK_15_8h	419	LT934125.1	-	127876	127902	127902								27
PK_15_8h	420	LT934125.1	-	128155	128155	128155								1
PK_15_8h	422	LT934125.1	-	128729	128738	128732	128735	4.54673162621803	1.13656894690823					10
PK_15_8h	423	LT934125.1	-	130831	130833	130833				130832	-0.919800955899856	0.70930277737323	-0.995149676118656	3
PK_15_8h	427	LT934125.1	-	135132	135161	135132	135146	2.98537902412532	0.144658905738884	135147	15.3460084918411	11.7990030918889	0.995149676118656	30
PK_15_8h	428	LT934125.1	-	135407	135465	135407	135431	2.73454214566627	0.0737334556256587	135437	30.2136737447684	21.3448245594386	-0.995149676118656	59
PK_15_8h	429	LT934125.1	-	135638	135666	135666				135654	-11.6632761210891	8.98394784092577	-0.995149676118656	29
PK_15_8h	430	LT934125.1	-	136102	136103	136103								2
PK_15_8h	431	LT934125.1	-	136208	136328	136235	136257	1.7573459186703	0.0336697210838646	136255	19.6371669993781	26.5679745017784	0.882875623602137	121
PK_15_8h	433	LT934125.1	-	136682	136688	136682	136685	6.85808413943976	1.88606216761901	136684	2.38395247189105	1.83503354305695	0.995149676118656	7
PK_15_8h	434	LT934125.1	-	137116	137121	137116	137120	10.0147275598392	2.294992700293	137119	2.52631580590458	2.32533916233009	-5.69988753866374e-05	6
PK_15_8h	435	LT934125.1	-	138937	138954	138954				138947	-7.21752821619259	5.55441269825773	-0.995149676118656	18
PK_15_8h	437	LT934125.1	-	142245	142245	142245								1
PK_15_8h	438	LT934125.1	-	142424	142427	142427				142425	-1.54409121068498	1.19002129323809	-0.995149676118656	4
PK_15_dRNA	36	LT934125.1	-	63366	63400	63366								35
PK_15_dRNA	41	LT934125.1	-	125220	125222	125222								3
