group	cluster	chr	start	end	strand	dominant_tss	tags	tags.dominant_tss	q_0.1	q_0.9	interquantile_width	cluster_width
C6_12h	1	LT934125.1	779	782	+	779	265.754709	244.774074	779	779	1	4
C6_12h	2	LT934125.1	965	990	+	990	2363.818196	2000.153858	988	990	3	26
C6_12h	3	LT934125.1	1334	1351	+	1337	1433.676717	615.431956	1334	1342	9	18
C6_12h	4	LT934125.1	1600	1604	+	1600	1951.199044	1433.676716	1600	1603	4	5
C6_12h	5	LT934125.1	1880	1892	+	1880	41.96127	20.980635	1880	1892	13	13
C6_12h	6	LT934125.1	2153	2153	+	2153	20.980635	20.980635	2153	2153	1	1
C6_12h	7	LT934125.1	4632	4635	+	4632	55.94836	27.97418	4632	4635	4	4
C6_12h	8	LT934125.1	7569	7596	+	7588	2678.527718	1272.825182	7588	7592	5	28
C6_12h	9	LT934125.1	7811	7811	+	7811	118.890264	118.890264	7811	7811	1	1
C6_12h	10	LT934125.1	9107	9114	+	9113	8567.092574	6371.119457	9107	9113	7	8
C6_12h	11	LT934125.1	9267	9270	+	9270	12301.645581	9818.937121	9268	9270	3	4
C6_12h	12	LT934125.1	9640	9650	+	9646	6189.287286	2755.456713	9643	9646	4	11
C6_12h	13	LT934125.1	10046	10089	+	10075	118.890265	48.954815	10046	10089	44	44
C6_12h	14	LT934125.1	10252	10252	+	10252	48.954815	48.954815	10252	10252	1	1
C6_12h	15	LT934125.1	10431	10435	+	10431	1566.554071	1412.696082	10431	10431	1	5
C6_12h	16	LT934125.1	11788	11798	+	11793	825.238305	258.761163	11791	11797	7	11
C6_12h	17	LT934125.1	11919	11919	+	11919	20.980635	20.980635	11919	11919	1	1
C6_12h	18	LT934125.1	12196	12196	+	12196	20.980635	20.980635	12196	12196	1	1
C6_12h	19	LT934125.1	13296	13296	+	13296	27.97418	27.97418	13296	13296	1	1
C6_12h	20	LT934125.1	13458	13458	+	13458	20.980635	20.980635	13458	13458	1	1
C6_12h	21	LT934125.1	14042	14051	+	14048	19043.422921	17197.127052	14048	14048	1	10
C6_12h	22	LT934125.1	14352	14379	+	14352	41.96127	20.980635	14352	14379	28	28
C6_12h	23	LT934125.1	14457	14457	+	14457	34.967725	34.967725	14457	14457	1	1
C6_12h	24	LT934125.1	14546	14560	+	14560	69.93545	48.954815	14546	14560	15	15
C6_12h	25	LT934125.1	14670	14676	+	14670	167.845079	125.883809	14670	14676	7	7
C6_12h	26	LT934125.1	14910	14953	+	14930	153.85799	69.93545	14910	14953	44	44
C6_12h	27	LT934125.1	15170	15287	+	15170	426.606245	69.93545	15170	15287	118	118
C6_12h	28	LT934125.1	15597	15655	+	15618	181.83217	34.967725	15597	15655	59	59
C6_12h	29	LT934125.1	15748	15750	+	15750	90.916085	69.93545	15748	15750	3	3
C6_12h	30	LT934125.1	15962	15962	+	15962	76.928995	76.928995	15962	15962	1	1
C6_12h	31	LT934125.1	19079	19079	+	19079	69.93545	69.93545	19079	19079	1	1
C6_12h	32	LT934125.1	19507	19507	+	19507	20.980635	20.980635	19507	19507	1	1
C6_12h	33	LT934125.1	24824	24824	+	24824	27.97418	27.97418	24824	24824	1	1
C6_12h	34	LT934125.1	25157	25168	+	25157	62.941905	34.967725	25157	25168	12	12
C6_12h	35	LT934125.1	25420	25422	+	25420	90.916085	69.93545	25420	25422	3	3
C6_12h	36	LT934125.1	27548	27548	+	27548	27.97418	27.97418	27548	27548	1	1
C6_12h	37	LT934125.1	27867	27867	+	27867	27.97418	27.97418	27867	27867	1	1
C6_12h	38	LT934125.1	29338	29338	+	29338	62.941905	62.941905	29338	29338	1	1
C6_12h	39	LT934125.1	29464	29468	+	29468	132.877355	55.94836	29464	29468	5	5
C6_12h	40	LT934125.1	30235	30244	+	30240	853.212485	587.457776	30235	30240	6	10
C6_12h	41	LT934125.1	30684	30684	+	30684	20.980635	20.980635	30684	30684	1	1
C6_12h	42	LT934125.1	30932	30932	+	30932	146.864444	146.864444	30932	30932	1	1
C6_12h	43	LT934125.1	31093	31098	+	31098	16889.411074	14469.644518	31096	31098	3	6
C6_12h	44	LT934125.1	31363	31363	+	31363	27.97418	27.97418	31363	31363	1	1
C6_12h	45	LT934125.1	31507	31507	+	31507	34.967725	34.967725	31507	31507	1	1
C6_12h	46	LT934125.1	31678	31690	+	31678	69.93545	48.954815	31678	31690	13	13
C6_12h	47	LT934125.1	31859	31859	+	31859	146.864444	146.864444	31859	31859	1	1
C6_12h	48	LT934125.1	31994	32040	+	32038	78061.948822	44443.978208	32036	32038	3	47
C6_12h	49	LT934125.1	32140	32214	+	32167	944.128572	202.812804	32161	32198	38	75
C6_12h	50	LT934125.1	33088	33088	+	33088	34.967725	34.967725	33088	33088	1	1
C6_12h	51	LT934125.1	33584	33620	+	33584	90.916085	48.954815	33584	33620	37	37
C6_12h	52	LT934125.1	34749	34749	+	34749	62.941905	62.941905	34749	34749	1	1
C6_12h	53	LT934125.1	34854	34854	+	34854	34.967725	34.967725	34854	34854	1	1
C6_12h	54	LT934125.1	41687	41687	+	41687	20.980635	20.980635	41687	41687	1	1
C6_12h	55	LT934125.1	44807	44814	+	44812	11623.271721	8699.969928	44810	44812	3	8
C6_12h	56	LT934125.1	44946	44946	+	44946	20.980635	20.980635	44946	44946	1	1
C6_12h	57	LT934125.1	45313	45313	+	45313	27.97418	27.97418	45313	45313	1	1
C6_12h	58	LT934125.1	45626	45626	+	45626	20.980635	20.980635	45626	45626	1	1
C6_12h	59	LT934125.1	45772	45772	+	45772	20.980635	20.980635	45772	45772	1	1
C6_12h	60	LT934125.1	46005	46029	+	46024	1279.818728	405.625608	46023	46027	5	25
C6_12h	61	LT934125.1	46233	46243	+	46234	349.677248	125.883809	46233	46239	7	11
C6_12h	62	LT934125.1	46782	46782	+	46782	27.97418	27.97418	46782	46782	1	1
C6_12h	63	LT934125.1	47315	47319	+	47315	398.632063	188.825714	47315	47317	3	5
C6_12h	64	LT934125.1	47570	47570	+	47570	34.967725	34.967725	47570	47570	1	1
C6_12h	65	LT934125.1	47699	47699	+	47699	27.97418	27.97418	47699	47699	1	1
C6_12h	66	LT934125.1	48069	48069	+	48069	34.967725	34.967725	48069	48069	1	1
C6_12h	67	LT934125.1	48362	48388	+	48362	90.916085	34.967725	48362	48388	27	27
C6_12h	68	LT934125.1	48494	48571	+	48567	19281.203451	13938.135101	48567	48570	4	78
C6_12h	69	LT934125.1	48757	48815	+	48794	153.85799	41.96127	48757	48815	59	59
C6_12h	70	LT934125.1	48856	48933	+	48931	377.65143	62.941905	48865	48931	67	78
C6_12h	71	LT934125.1	49175	49196	+	49196	83.92254	62.941905	49175	49196	22	22
C6_12h	72	LT934125.1	49501	49503	+	49501	181.832169	160.851534	49501	49503	3	3
C6_12h	73	LT934125.1	50154	50154	+	50154	20.980635	20.980635	50154	50154	1	1
C6_12h	74	LT934125.1	51231	51239	+	51235	7483.093105	4259.068879	51235	51238	4	9
C6_12h	75	LT934125.1	51690	51690	+	51690	69.93545	69.93545	51690	51690	1	1
C6_12h	76	LT934125.1	52440	52484	+	52460	6545.958082	4210.114065	52444	52460	17	45
C6_12h	77	LT934125.1	52684	52703	+	52684	41.96127	20.980635	52684	52703	20	20
C6_12h	78	LT934125.1	53376	53376	+	53376	20.980635	20.980635	53376	53376	1	1
C6_12h	79	LT934125.1	53641	53652	+	53648	6916.615965	5734.706866	53648	53649	2	12
C6_12h	80	LT934125.1	53902	53931	+	53902	55.94836	34.967725	53902	53931	30	30
C6_12h	81	LT934125.1	54332	54375	+	54375	69.93545	27.97418	54332	54375	44	44
C6_12h	82	LT934125.1	54470	54520	+	54475	181.832169	90.916084	54470	54520	51	51
C6_12h	83	LT934125.1	54668	54679	+	54668	69.93545	27.97418	54668	54679	12	12
C6_12h	84	LT934125.1	54926	54938	+	54926	83.92254	41.96127	54926	54938	13	13
C6_12h	85	LT934125.1	55038	55046	+	55038	48.954815	27.97418	55038	55046	9	9
C6_12h	86	LT934125.1	55303	55355	+	55303	1167.922008	489.548147	55303	55352	50	53
C6_12h	87	LT934125.1	55474	55514	+	55497	111.89672	41.96127	55474	55514	41	41
C6_12h	88	LT934125.1	55706	55742	+	55712	587.457777	286.735343	55712	55738	27	37
C6_12h	89	LT934125.1	55869	55875	+	55869	202.812805	48.954815	55869	55875	7	7
C6_12h	90	LT934125.1	55998	56035	+	56000	321.70307	76.928995	56000	56027	28	38
C6_12h	91	LT934125.1	57001	57001	+	57001	34.967725	34.967725	57001	57001	1	1
C6_12h	92	LT934125.1	58625	58625	+	58625	20.980635	20.980635	58625	58625	1	1
C6_12h	93	LT934125.1	58892	58898	+	58898	132.877355	48.954815	58892	58898	7	7
C6_12h	94	LT934125.1	59038	59074	+	59068	5622.810149	2342.837561	59044	59070	27	37
C6_12h	95	LT934125.1	59333	59333	+	59333	27.97418	27.97418	59333	59333	1	1
C6_12h	96	LT934125.1	59793	59793	+	59793	20.980635	20.980635	59793	59793	1	1
C6_12h	97	LT934125.1	60232	60262	+	60234	1727.405605	713.341586	60234	60239	6	31
C6_12h	98	LT934125.1	61076	61076	+	61076	83.922539	83.922539	61076	61076	1	1
C6_12h	99	LT934125.1	61687	61687	+	61687	55.94836	55.94836	61687	61687	1	1
C6_12h	100	LT934125.1	61928	61973	+	61939	97.90963	34.967725	61928	61973	46	46
C6_12h	101	LT934125.1	62152	62152	+	62152	27.97418	27.97418	62152	62152	1	1
C6_12h	102	LT934125.1	65805	65809	+	65807	412.619153	237.780529	65805	65807	3	5
C6_12h	103	LT934125.1	66209	66209	+	66209	27.97418	27.97418	66209	66209	1	1
C6_12h	104	LT934125.1	66335	66345	+	66338	5063.326549	3342.91449	66338	66341	4	11
C6_12h	105	LT934125.1	66578	66578	+	66578	27.97418	27.97418	66578	66578	1	1
C6_12h	106	LT934125.1	67961	67961	+	67961	27.97418	27.97418	67961	67961	1	1
C6_12h	107	LT934125.1	68098	68098	+	68098	20.980635	20.980635	68098	68098	1	1
C6_12h	108	LT934125.1	68367	68372	+	68372	48.954815	27.97418	68367	68372	6	6
C6_12h	109	LT934125.1	68492	68492	+	68492	27.97418	27.97418	68492	68492	1	1
C6_12h	110	LT934125.1	68667	68692	+	68667	97.90963	76.928995	68667	68692	26	26
C6_12h	111	LT934125.1	68873	68873	+	68873	55.94836	55.94836	68873	68873	1	1
C6_12h	112	LT934125.1	69237	69249	+	69244	1035.044654	447.586877	69237	69246	10	13
C6_12h	113	LT934125.1	69552	69567	+	69552	125.88381	62.941905	69552	69567	16	16
C6_12h	114	LT934125.1	69755	69821	+	69765	377.651429	174.838624	69765	69821	57	67
C6_12h	115	LT934125.1	70090	70091	+	70090	629.419046	608.438411	70090	70090	1	2
C6_12h	116	LT934125.1	70311	70324	+	70311	90.916085	69.93545	70311	70324	14	14
C6_12h	117	LT934125.1	70525	70534	+	70531	55353.908343	31596.83612	70529	70531	3	10
C6_12h	118	LT934125.1	70767	70828	+	70767	181.83217	27.97418	70767	70828	62	62
C6_12h	119	LT934125.1	70873	70873	+	70873	41.96127	41.96127	70873	70873	1	1
C6_12h	120	LT934125.1	71022	71067	+	71022	125.88381	41.96127	71022	71067	46	46
C6_12h	121	LT934125.1	71179	71278	+	71185	573.470688	132.877354	71185	71254	70	100
C6_12h	122	LT934125.1	71314	71350	+	71328	160.851535	76.928995	71314	71350	37	37
C6_12h	123	LT934125.1	71767	71767	+	71767	20.980635	20.980635	71767	71767	1	1
C6_12h	124	LT934125.1	72758	72763	+	72759	1042.038199	657.393226	72758	72763	6	6
C6_12h	125	LT934125.1	74192	74192	+	74192	20.980635	20.980635	74192	74192	1	1
C6_12h	126	LT934125.1	74386	74408	+	74402	16029.205044	7245.312576	74400	74403	4	23
C6_12h	127	LT934125.1	74839	74839	+	74839	20.980635	20.980635	74839	74839	1	1
C6_12h	128	LT934125.1	75133	75139	+	75133	69.93545	41.96127	75133	75139	7	7
C6_12h	129	LT934125.1	75371	75382	+	75382	55.94836	34.967725	75371	75382	12	12
C6_12h	130	LT934125.1	75653	75653	+	75653	55.94836	55.94836	75653	75653	1	1
C6_12h	131	LT934125.1	76677	76687	+	76683	1454.657352	832.23185	76683	76685	3	11
C6_12h	132	LT934125.1	76990	76992	+	76990	223.793439	202.812804	76990	76990	1	3
C6_12h	133	LT934125.1	78035	78083	+	78044	2391.792375	804.25767	78035	78044	10	49
C6_12h	134	LT934125.1	78526	78526	+	78526	20.980635	20.980635	78526	78526	1	1
C6_12h	135	LT934125.1	78825	78825	+	78825	27.97418	27.97418	78825	78825	1	1
C6_12h	136	LT934125.1	78969	78969	+	78969	20.980635	20.980635	78969	78969	1	1
C6_12h	137	LT934125.1	79269	79269	+	79269	20.980635	20.980635	79269	79269	1	1
C6_12h	138	LT934125.1	79437	79454	+	79444	20854.751065	15609.592346	79440	79444	5	18
C6_12h	139	LT934125.1	79781	79786	+	79781	97.90963	48.954815	79781	79786	6	6
C6_12h	140	LT934125.1	81082	81082	+	81082	90.916084	90.916084	81082	81082	1	1
C6_12h	141	LT934125.1	81436	81455	+	81436	118.890264	90.916084	81436	81455	20	20
C6_12h	142	LT934125.1	81829	81829	+	81829	34.967725	34.967725	81829	81829	1	1
C6_12h	143	LT934125.1	83792	83792	+	83792	69.93545	69.93545	83792	83792	1	1
C6_12h	144	LT934125.1	83975	83978	+	83975	181.832169	132.877354	83975	83978	4	4
C6_12h	145	LT934125.1	84635	84645	+	84645	48.954815	27.97418	84635	84645	11	11
C6_12h	146	LT934125.1	85996	85996	+	85996	62.941905	62.941905	85996	85996	1	1
C6_12h	147	LT934125.1	86229	86282	+	86278	188.825715	41.96127	86229	86282	54	54
C6_12h	148	LT934125.1	87216	87216	+	87216	27.97418	27.97418	87216	87216	1	1
C6_12h	149	LT934125.1	88883	88888	+	88883	48.954815	27.97418	88883	88888	6	6
C6_12h	150	LT934125.1	89133	89133	+	89133	20.980635	20.980635	89133	89133	1	1
C6_12h	151	LT934125.1	89666	89666	+	89666	20.980635	20.980635	89666	89666	1	1
C6_12h	152	LT934125.1	89876	89889	+	89883	97.90963	55.94836	89876	89889	14	14
C6_12h	153	LT934125.1	90007	90007	+	90007	20.980635	20.980635	90007	90007	1	1
C6_12h	154	LT934125.1	90381	90381	+	90381	76.928995	76.928995	90381	90381	1	1
C6_12h	155	LT934125.1	90699	90732	+	90699	83.92254	27.97418	90699	90732	34	34
C6_12h	156	LT934125.1	91409	91415	+	91409	1888.257139	972.102749	91409	91412	4	7
C6_12h	157	LT934125.1	91545	91548	+	91548	174.838624	139.870899	91545	91548	4	4
C6_12h	158	LT934125.1	92284	92288	+	92288	111.896719	90.916084	92284	92288	5	5
C6_12h	159	LT934125.1	92421	92456	+	92453	258.761164	146.864444	92421	92456	36	36
C6_12h	160	LT934125.1	95029	95029	+	95029	27.97418	27.97418	95029	95029	1	1
C6_12h	161	LT934125.1	95750	95750	+	95750	90.916084	90.916084	95750	95750	1	1
C6_12h	162	LT934125.1	96197	96197	+	96197	27.97418	27.97418	96197	96197	1	1
C6_12h	163	LT934125.1	96526	96526	+	96526	20.980635	20.980635	96526	96526	1	1
C6_12h	164	LT934125.1	96885	96885	+	96885	62.941905	62.941905	96885	96885	1	1
C6_12h	165	LT934125.1	98464	98464	+	98464	41.96127	41.96127	98464	98464	1	1
C6_12h	166	LT934125.1	99576	99576	+	99576	265.754708	265.754708	99576	99576	1	1
C6_12h	167	LT934125.1	101293	101293	+	101293	20.980635	20.980635	101293	101293	1	1
C6_12h	168	LT934125.1	102062	102062	+	102062	20.980635	20.980635	102062	102062	1	1
C6_12h	169	LT934125.1	103994	103994	+	103994	20.980635	20.980635	103994	103994	1	1
C6_12h	170	LT934125.1	105149	105149	+	105149	20.980635	20.980635	105149	105149	1	1
C6_12h	171	LT934125.1	105814	105814	+	105814	20.980635	20.980635	105814	105814	1	1
C6_12h	172	LT934125.1	105915	105915	+	105915	20.980635	20.980635	105915	105915	1	1
C6_12h	173	LT934125.1	106416	106416	+	106416	20.980635	20.980635	106416	106416	1	1
C6_12h	174	LT934125.1	106596	106601	+	106601	83.92254	48.954815	106596	106601	6	6
C6_12h	175	LT934125.1	107029	107035	+	107031	83.92254	34.967725	107029	107035	7	7
C6_12h	176	LT934125.1	107473	107505	+	107482	776.283492	349.677248	107482	107485	4	33
C6_12h	177	LT934125.1	107670	107670	+	107670	27.97418	27.97418	107670	107670	1	1
C6_12h	178	LT934125.1	107825	107825	+	107825	20.980635	20.980635	107825	107825	1	1
C6_12h	179	LT934125.1	108051	108051	+	108051	20.980635	20.980635	108051	108051	1	1
C6_12h	180	LT934125.1	108155	108155	+	108155	20.980635	20.980635	108155	108155	1	1
C6_12h	181	LT934125.1	108310	108310	+	108310	20.980635	20.980635	108310	108310	1	1
C6_12h	182	LT934125.1	108623	108623	+	108623	20.980635	20.980635	108623	108623	1	1
C6_12h	183	LT934125.1	112884	112886	+	112884	118.890264	83.922539	112884	112886	3	3
C6_12h	184	LT934125.1	114979	114988	+	114985	60277.363994	51143.794278	114985	114986	2	10
C6_12h	185	LT934125.1	115544	115544	+	115544	27.97418	27.97418	115544	115544	1	1
C6_12h	186	LT934125.1	115815	115841	+	115815	111.89672	69.93545	115815	115841	27	27
C6_12h	187	LT934125.1	116072	116072	+	116072	62.941905	62.941905	116072	116072	1	1
C6_12h	188	LT934125.1	116258	116321	+	116283	314.709524	139.870899	116261	116301	41	64
C6_12h	189	LT934125.1	116367	116835	+	116791	2524.669739	398.632063	116409	116791	383	469
C6_12h	190	LT934125.1	117441	117441	+	117441	20.980635	20.980635	117441	117441	1	1
C6_12h	191	LT934125.1	117603	117608	+	117607	468.567513	405.625608	117607	117607	1	6
C6_12h	192	LT934125.1	117769	117796	+	117769	433.599788	328.696613	117769	117779	11	28
C6_12h	193	LT934125.1	118209	118209	+	118209	83.922539	83.922539	118209	118209	1	1
C6_12h	194	LT934125.1	118529	118529	+	118529	34.967725	34.967725	118529	118529	1	1
C6_12h	195	LT934125.1	118857	118868	+	118864	73481.176875	43234.09493	118860	118866	7	12
C6_12h	196	LT934125.1	119210	119271	+	119248	314.709525	62.941905	119210	119271	62	62
C6_12h	197	LT934125.1	119550	119602	+	119567	244.774074	160.851534	119550	119592	43	53
C6_12h	198	LT934125.1	119794	119823	+	119808	307.715979	90.916084	119800	119823	24	30
C6_12h	199	LT934125.1	119938	119964	+	119941	391.638519	237.780529	119938	119956	19	27
C6_12h	200	LT934125.1	120075	120177	+	120090	356.670795	76.928995	120081	120164	84	103
C6_12h	201	LT934125.1	120246	120273	+	120246	202.812804	132.877354	120246	120273	28	28
C6_12h	202	LT934125.1	120555	120559	+	120555	2321.856926	1622.50243	120555	120557	3	5
C6_12h	203	LT934125.1	120933	120945	+	120937	321.703068	125.883809	120933	120937	5	13
C6_12h	204	LT934125.1	121092	121092	+	121092	20.980635	20.980635	121092	121092	1	1
C6_12h	205	LT934125.1	121271	121274	+	121271	90.916085	48.954815	121271	121274	4	4
C6_12h	206	LT934125.1	121784	121787	+	121784	9133.569715	5930.526124	121784	121786	3	4
C6_12h	207	LT934125.1	121902	121902	+	121902	34.967725	34.967725	121902	121902	1	1
C6_12h	208	LT934125.1	122119	122119	+	122119	55.94836	55.94836	122119	122119	1	1
C6_12h	209	LT934125.1	122405	122405	+	122405	20.980635	20.980635	122405	122405	1	1
C6_12h	210	LT934125.1	122614	122614	+	122614	34.967725	34.967725	122614	122614	1	1
C6_12h	211	LT934125.1	122960	122988	+	122979	7014.525593	3958.346446	122979	122981	3	29
C6_12h	212	LT934125.1	123473	123473	+	123473	27.97418	27.97418	123473	123473	1	1
C6_12h	213	LT934125.1	123824	123824	+	123824	76.928995	76.928995	123824	123824	1	1
C6_12h	214	LT934125.1	124008	124008	+	124008	20.980635	20.980635	124008	124008	1	1
C6_12h	215	LT934125.1	124162	124162	+	124162	27.97418	27.97418	124162	124162	1	1
C6_12h	216	LT934125.1	124385	124385	+	124385	97.909629	97.909629	124385	124385	1	1
C6_12h	217	LT934125.1	124538	124575	+	124563	314.709524	125.883809	124539	124569	31	38
C6_12h	218	LT934125.1	124736	124757	+	124756	7930.679982	7567.015645	124756	124756	1	22
C6_12h	219	LT934125.1	125098	125104	+	125104	69.93545	41.96127	125098	125104	7	7
C6_12h	220	LT934125.1	125177	125229	+	125225	34282.357385	16959.346523	125223	125225	3	53
C6_12h	221	LT934125.1	125446	125493	+	125473	146.864445	41.96127	125446	125493	48	48
C6_12h	222	LT934125.1	125626	125638	+	125626	55.94836	34.967725	125626	125638	13	13
C6_12h	223	LT934125.1	125784	125972	+	125905	440.593335	62.941905	125787	125954	168	189
C6_12h	224	LT934125.1	126005	126062	+	126005	139.8709	41.96127	126005	126062	58	58
C6_12h	225	LT934125.1	126825	126825	+	126825	34.967725	34.967725	126825	126825	1	1
C6_12h	226	LT934125.1	127138	127138	+	127138	27.97418	27.97418	127138	127138	1	1
C6_12h	227	LT934125.1	127862	127862	+	127862	20.980635	20.980635	127862	127862	1	1
C6_12h	228	LT934125.1	128007	128115	+	128083	1111.973651	146.864444	128037	128093	57	109
C6_12h	229	LT934125.1	128184	128199	+	128189	944.128569	426.606242	128185	128195	11	16
C6_12h	230	LT934125.1	128411	128411	+	128411	20.980635	20.980635	128411	128411	1	1
C6_12h	231	LT934125.1	132614	132614	+	132614	27.97418	27.97418	132614	132614	1	1
C6_12h	232	LT934125.1	132767	132767	+	132767	20.980635	20.980635	132767	132767	1	1
C6_12h	233	LT934125.1	134977	134990	+	134977	41.96127	20.980635	134977	134990	14	14
C6_12h	234	LT934125.1	136157	136174	+	136158	1125.960739	1021.057564	136158	136158	1	18
C6_12h	235	LT934125.1	136339	136352	+	136348	1405.702538	972.102749	136345	136351	7	14
C6_12h	236	LT934125.1	137112	137112	+	137112	20.980635	20.980635	137112	137112	1	1
C6_12h	237	LT934125.1	139670	139670	+	139670	20.980635	20.980635	139670	139670	1	1
C6_12h	238	LT934125.1	139968	139982	+	139982	76.928995	48.954815	139968	139982	15	15
C6_12h	239	LT934125.1	141089	141089	+	141089	20.980635	20.980635	141089	141089	1	1
C6_12h	240	LT934125.1	1958	1958	-	1958	20.980635	20.980635	1958	1958	1	1
C6_12h	241	LT934125.1	2908	2908	-	2908	20.980635	20.980635	2908	2908	1	1
C6_12h	242	LT934125.1	3114	3114	-	3114	20.980635	20.980635	3114	3114	1	1
C6_12h	243	LT934125.1	3389	3389	-	3389	41.96127	41.96127	3389	3389	1	1
C6_12h	244	LT934125.1	3494	3494	-	3494	55.94836	55.94836	3494	3494	1	1
C6_12h	245	LT934125.1	3880	3912	-	3910	783.277036	335.690158	3903	3911	9	33
C6_12h	246	LT934125.1	4470	4470	-	4470	27.97418	27.97418	4470	4470	1	1
C6_12h	247	LT934125.1	4925	4926	-	4925	251.767619	202.812804	4925	4926	2	2
C6_12h	248	LT934125.1	7758	7758	-	7758	83.922539	83.922539	7758	7758	1	1
C6_12h	249	LT934125.1	9054	9058	-	9058	104.903174	83.922539	9054	9058	5	5
C6_12h	250	LT934125.1	9214	9214	-	9214	20.980635	20.980635	9214	9214	1	1
C6_12h	251	LT934125.1	9494	9527	-	9494	2140.024758	1888.257139	9494	9499	6	34
C6_12h	252	LT934125.1	9754	9754	-	9754	27.97418	27.97418	9754	9754	1	1
C6_12h	253	LT934125.1	9885	9893	-	9885	216.799894	139.870899	9885	9893	9	9
C6_12h	254	LT934125.1	10028	10034	-	10034	83.92254	34.967725	10028	10034	7	7
C6_12h	255	LT934125.1	10267	10267	-	10267	20.980635	20.980635	10267	10267	1	1
C6_12h	256	LT934125.1	13939	13939	-	13939	41.96127	41.96127	13939	13939	1	1
C6_12h	257	LT934125.1	14637	14637	-	14637	20.980635	20.980635	14637	14637	1	1
C6_12h	258	LT934125.1	15130	15130	-	15130	20.980635	20.980635	15130	15130	1	1
C6_12h	259	LT934125.1	15465	15465	-	15465	27.97418	27.97418	15465	15465	1	1
C6_12h	260	LT934125.1	15834	15834	-	15834	118.890264	118.890264	15834	15834	1	1
C6_12h	261	LT934125.1	16164	16164	-	16164	20.980635	20.980635	16164	16164	1	1
C6_12h	262	LT934125.1	16690	16690	-	16690	20.980635	20.980635	16690	16690	1	1
C6_12h	263	LT934125.1	16760	16819	-	16802	146.864445	34.967725	16760	16819	60	60
C6_12h	264	LT934125.1	16907	16972	-	16957	230.786985	48.954815	16911	16972	62	66
C6_12h	265	LT934125.1	17159	17159	-	17159	62.941905	62.941905	17159	17159	1	1
C6_12h	266	LT934125.1	17339	17376	-	17341	1139.947828	587.457776	17341	17363	23	38
C6_12h	267	LT934125.1	17537	17551	-	17551	160.851535	69.93545	17537	17551	15	15
C6_12h	268	LT934125.1	17766	17837	-	17792	167.84508	48.954815	17766	17837	72	72
C6_12h	269	LT934125.1	17978	17981	-	17981	90.916085	62.941905	17978	17981	4	4
C6_12h	270	LT934125.1	18107	18107	-	18107	27.97418	27.97418	18107	18107	1	1
C6_12h	271	LT934125.1	18422	18422	-	18422	20.980635	20.980635	18422	18422	1	1
C6_12h	272	LT934125.1	19469	19474	-	19471	6175.300198	3007.224332	19470	19473	4	6
C6_12h	273	LT934125.1	19624	19624	-	19624	20.980635	20.980635	19624	19624	1	1
C6_12h	274	LT934125.1	21473	21473	-	21473	41.96127	41.96127	21473	21473	1	1
C6_12h	275	LT934125.1	21638	21638	-	21638	20.980635	20.980635	21638	21638	1	1
C6_12h	276	LT934125.1	21939	21967	-	21941	230.786984	139.870899	21939	21967	29	29
C6_12h	277	LT934125.1	22458	22463	-	22458	104.903174	83.922539	22458	22463	6	6
C6_12h	278	LT934125.1	22661	22661	-	22661	34.967725	34.967725	22661	22661	1	1
C6_12h	279	LT934125.1	25309	25313	-	25313	685.367407	531.509417	25310	25313	4	5
C6_12h	280	LT934125.1	26925	26925	-	26925	20.980635	20.980635	26925	26925	1	1
C6_12h	281	LT934125.1	27617	27617	-	27617	27.97418	27.97418	27617	27617	1	1
C6_12h	282	LT934125.1	27761	27761	-	27761	69.93545	69.93545	27761	27761	1	1
C6_12h	283	LT934125.1	28572	28572	-	28572	27.97418	27.97418	28572	28572	1	1
C6_12h	284	LT934125.1	28651	28759	-	28738	167.84508	41.96127	28651	28759	109	109
C6_12h	285	LT934125.1	28925	28959	-	28925	111.89672	34.967725	28925	28959	35	35
C6_12h	286	LT934125.1	29019	29087	-	29046	181.83217	48.954815	29019	29087	69	69
C6_12h	287	LT934125.1	29267	29291	-	29288	202.812804	118.890264	29267	29291	25	25
C6_12h	288	LT934125.1	29404	29417	-	29414	23729.098045	7070.473953	29407	29414	8	14
C6_12h	289	LT934125.1	29686	29686	-	29686	41.96127	41.96127	29686	29686	1	1
C6_12h	290	LT934125.1	30349	30349	-	30349	27.97418	27.97418	30349	30349	1	1
C6_12h	291	LT934125.1	30877	30882	-	30877	538.502962	468.567512	30877	30878	2	6
C6_12h	292	LT934125.1	31041	31041	-	31041	48.954815	48.954815	31041	31041	1	1
C6_12h	293	LT934125.1	31198	31198	-	31198	20.980635	20.980635	31198	31198	1	1
C6_12h	294	LT934125.1	31323	31323	-	31323	20.980635	20.980635	31323	31323	1	1
C6_12h	295	LT934125.1	31505	31505	-	31505	41.96127	41.96127	31505	31505	1	1
C6_12h	296	LT934125.1	31816	31824	-	31816	62.941905	41.96127	31816	31824	9	9
C6_12h	297	LT934125.1	32374	32374	-	32374	20.980635	20.980635	32374	32374	1	1
C6_12h	298	LT934125.1	32836	32842	-	32842	153.857989	125.883809	32836	32842	7	7
C6_12h	299	LT934125.1	33335	33356	-	33356	104.903175	34.967725	33335	33356	22	22
C6_12h	300	LT934125.1	33947	33955	-	33947	41.96127	20.980635	33947	33955	9	9
C6_12h	301	LT934125.1	34091	34091	-	34091	62.941905	62.941905	34091	34091	1	1
C6_12h	302	LT934125.1	34468	34478	-	34474	300.722433	132.877354	34468	34478	11	11
C6_12h	303	LT934125.1	35221	35221	-	35221	27.97418	27.97418	35221	35221	1	1
C6_12h	304	LT934125.1	41655	41655	-	41655	20.980635	20.980635	41655	41655	1	1
C6_12h	305	LT934125.1	41992	41997	-	41995	804.257671	699.354496	41995	41995	1	6
C6_12h	306	LT934125.1	42403	42403	-	42403	20.980635	20.980635	42403	42403	1	1
C6_12h	307	LT934125.1	44754	44756	-	44756	195.819259	153.857989	44754	44756	3	3
C6_12h	308	LT934125.1	44886	44893	-	44889	2706.5019	1363.741267	44888	44893	6	8
C6_12h	309	LT934125.1	45679	45679	-	45679	34.967725	34.967725	45679	45679	1	1
C6_12h	310	LT934125.1	46104	46124	-	46104	62.941905	20.980635	46104	46124	21	21
C6_12h	311	LT934125.1	46988	46988	-	46988	27.97418	27.97418	46988	46988	1	1
C6_12h	312	LT934125.1	49599	49599	-	49599	41.96127	41.96127	49599	49599	1	1
C6_12h	313	LT934125.1	50592	50592	-	50592	90.916084	90.916084	50592	50592	1	1
C6_12h	314	LT934125.1	50953	50998	-	50986	244.774074	125.883809	50953	50986	34	46
C6_12h	315	LT934125.1	51143	51147	-	51147	3035.198511	2748.463168	51147	51147	1	5
C6_12h	316	LT934125.1	51809	51809	-	51809	27.97418	27.97418	51809	51809	1	1
C6_12h	317	LT934125.1	52232	52232	-	52232	20.980635	20.980635	52232	52232	1	1
C6_12h	318	LT934125.1	53181	53181	-	53181	20.980635	20.980635	53181	53181	1	1
C6_12h	319	LT934125.1	53551	53551	-	53551	20.980635	20.980635	53551	53551	1	1
C6_12h	320	LT934125.1	53872	53872	-	53872	20.980635	20.980635	53872	53872	1	1
C6_12h	321	LT934125.1	54101	54101	-	54101	34.967725	34.967725	54101	54101	1	1
C6_12h	322	LT934125.1	54702	54702	-	54702	41.96127	41.96127	54702	54702	1	1
C6_12h	323	LT934125.1	55369	55591	-	55438	1559.560532	216.799894	55376	55547	172	223
C6_12h	324	LT934125.1	55661	56016	-	55685	1063.018838	104.903174	55679	55967	289	356
C6_12h	325	LT934125.1	56185	56194	-	56188	70362.05582	51584.38761	56187	56189	3	10
C6_12h	326	LT934125.1	56636	56638	-	56638	69.93545	48.954815	56636	56638	3	3
C6_12h	327	LT934125.1	56944	56976	-	56946	8014.602522	6727.79025	56945	56946	2	33
C6_12h	328	LT934125.1	57167	57167	-	57167	27.97418	27.97418	57167	57167	1	1
C6_12h	329	LT934125.1	58569	58575	-	58570	1461.650896	1125.960738	58570	58572	3	7
C6_12h	330	LT934125.1	59016	59038	-	59016	111.89672	76.928995	59016	59038	23	23
C6_12h	331	LT934125.1	59275	59281	-	59277	1230.863914	874.19312	59276	59277	2	7
C6_12h	332	LT934125.1	62075	62075	-	62075	48.954815	48.954815	62075	62075	1	1
C6_12h	333	LT934125.1	63417	63427	-	63420	62480.330655	56997.391408	63420	63420	1	11
C6_12h	334	LT934125.1	64123	64127	-	64127	293.728888	125.883809	64123	64127	5	5
C6_12h	335	LT934125.1	64655	64655	-	64655	48.954815	48.954815	64655	64655	1	1
C6_12h	336	LT934125.1	64992	64992	-	64992	34.967725	34.967725	64992	64992	1	1
C6_12h	337	LT934125.1	65340	65340	-	65340	20.980635	20.980635	65340	65340	1	1
C6_12h	338	LT934125.1	65746	65753	-	65752	2909.314703	1566.554071	65749	65752	4	8
C6_12h	339	LT934125.1	65880	65883	-	65883	76.928995	48.954815	65880	65883	4	4
C6_12h	340	LT934125.1	66346	66346	-	66346	34.967725	34.967725	66346	66346	1	1
C6_12h	341	LT934125.1	66746	66761	-	66750	328.696613	174.838624	66750	66761	12	16
C6_12h	342	LT934125.1	67724	67724	-	67724	97.909629	97.909629	67724	67724	1	1
C6_12h	343	LT934125.1	68525	68549	-	68527	118.890265	69.93545	68525	68549	25	25
C6_12h	344	LT934125.1	68706	68709	-	68709	62.941905	41.96127	68706	68709	4	4
C6_12h	345	LT934125.1	68883	68896	-	68886	650.399683	237.780529	68885	68889	5	14
C6_12h	346	LT934125.1	69251	69259	-	69254	279.7418	69.93545	69253	69258	6	9
C6_12h	347	LT934125.1	70431	70474	-	70451	874.19312	167.845079	70439	70470	32	44
C6_12h	348	LT934125.1	71882	71886	-	71886	62.941905	34.967725	71882	71886	5	5
C6_12h	349	LT934125.1	72174	72174	-	72174	55.94836	55.94836	72174	72174	1	1
C6_12h	350	LT934125.1	72702	72708	-	72702	90.916085	34.967725	72702	72708	7	7
C6_12h	351	LT934125.1	72871	72876	-	72871	83.92254	27.97418	72871	72876	6	6
C6_12h	352	LT934125.1	73108	73108	-	73108	76.928995	76.928995	73108	73108	1	1
C6_12h	353	LT934125.1	74345	74345	-	74345	132.877354	132.877354	74345	74345	1	1
C6_12h	354	LT934125.1	76860	76864	-	76860	377.651428	279.741798	76860	76864	5	5
C6_12h	355	LT934125.1	79390	79390	-	79390	27.97418	27.97418	79390	79390	1	1
C6_12h	356	LT934125.1	80435	80484	-	80484	279.741799	125.883809	80435	80484	50	50
C6_12h	357	LT934125.1	80633	80657	-	80657	139.8709	69.93545	80633	80657	25	25
C6_12h	358	LT934125.1	80762	80937	-	80825	762.296403	90.916084	80820	80930	111	176
C6_12h	359	LT934125.1	81273	81279	-	81273	69.93545	27.97418	81273	81279	7	7
C6_12h	360	LT934125.1	81429	81429	-	81429	34.967725	34.967725	81429	81429	1	1
C6_12h	361	LT934125.1	81803	81842	-	81804	16266.985574	6741.77734	81804	81808	5	40
C6_12h	362	LT934125.1	82023	82026	-	82026	97.90963	76.928995	82023	82026	4	4
C6_12h	363	LT934125.1	83954	83954	-	83954	20.980635	20.980635	83954	83954	1	1
C6_12h	364	LT934125.1	86412	86412	-	86412	20.980635	20.980635	86412	86412	1	1
C6_12h	365	LT934125.1	86713	86713	-	86713	20.980635	20.980635	86713	86713	1	1
C6_12h	366	LT934125.1	86899	86928	-	86928	62.941905	34.967725	86899	86928	30	30
C6_12h	367	LT934125.1	87157	87161	-	87161	2335.844016	1881.263594	87157	87161	5	5
C6_12h	368	LT934125.1	87424	87448	-	87447	384.644973	265.754708	87443	87447	5	25
C6_12h	369	LT934125.1	88236	88236	-	88236	27.97418	27.97418	88236	88236	1	1
C6_12h	370	LT934125.1	88775	88775	-	88775	27.97418	27.97418	88775	88775	1	1
C6_12h	371	LT934125.1	89077	89081	-	89079	888.180209	755.302855	89078	89079	2	5
C6_12h	372	LT934125.1	90022	90022	-	90022	20.980635	20.980635	90022	90022	1	1
C6_12h	373	LT934125.1	91355	91355	-	91355	27.97418	27.97418	91355	91355	1	1
C6_12h	374	LT934125.1	92274	92306	-	92303	237.780529	83.922539	92274	92304	31	33
C6_12h	375	LT934125.1	92774	92830	-	92774	195.819259	111.896719	92774	92830	57	57
C6_12h	376	LT934125.1	92931	92967	-	92933	23176.60799	17721.642924	92933	92936	4	37
C6_12h	377	LT934125.1	93092	93106	-	93092	41.96127	20.980635	93092	93106	15	15
C6_12h	378	LT934125.1	93220	93265	-	93239	83.92254	41.96127	93220	93265	46	46
C6_12h	379	LT934125.1	93442	93475	-	93453	174.838625	55.94836	93442	93475	34	34
C6_12h	380	LT934125.1	93651	93657	-	93654	2615.585815	2447.740735	93654	93654	1	7
C6_12h	381	LT934125.1	94521	94565	-	94526	2335.844018	1489.625076	94526	94529	4	45
C6_12h	382	LT934125.1	94749	94749	-	94749	20.980635	20.980635	94749	94749	1	1
C6_12h	383	LT934125.1	94941	94949	-	94947	2818.398619	1811.328144	94943	94947	5	9
C6_12h	384	LT934125.1	95694	95694	-	95694	104.903174	104.903174	95694	95694	1	1
C6_12h	385	LT934125.1	96146	96146	-	96146	34.967725	34.967725	96146	96146	1	1
C6_12h	386	LT934125.1	96486	96512	-	96486	41.96127	20.980635	96486	96512	27	27
C6_12h	387	LT934125.1	96594	96608	-	96596	398.632064	188.825714	96596	96601	6	15
C6_12h	388	LT934125.1	96806	96846	-	96843	181.832169	83.922539	96806	96846	41	41
C6_12h	389	LT934125.1	97017	97017	-	97017	27.97418	27.97418	97017	97017	1	1
C6_12h	390	LT934125.1	97174	97174	-	97174	55.94836	55.94836	97174	97174	1	1
C6_12h	391	LT934125.1	97321	97367	-	97361	4881.494383	2503.689095	97337	97361	25	47
C6_12h	392	LT934125.1	97536	97536	-	97536	34.967725	34.967725	97536	97536	1	1
C6_12h	393	LT934125.1	98596	98596	-	98596	48.954815	48.954815	98596	98596	1	1
C6_12h	394	LT934125.1	102544	102544	-	102544	20.980635	20.980635	102544	102544	1	1
C6_12h	395	LT934125.1	103735	103749	-	103735	76.928995	48.954815	103735	103749	15	15
C6_12h	396	LT934125.1	104047	104047	-	104047	20.980635	20.980635	104047	104047	1	1
C6_12h	397	LT934125.1	106605	106605	-	106605	20.980635	20.980635	106605	106605	1	1
C6_12h	398	LT934125.1	107365	107379	-	107369	1426.683173	972.102749	107366	107372	7	15
C6_12h	399	LT934125.1	107543	107560	-	107559	1132.954284	1028.051109	107559	107559	1	18
C6_12h	400	LT934125.1	108727	108740	-	108727	41.96127	20.980635	108727	108740	14	14
C6_12h	401	LT934125.1	110950	110950	-	110950	20.980635	20.980635	110950	110950	1	1
C6_12h	402	LT934125.1	111103	111103	-	111103	27.97418	27.97418	111103	111103	1	1
C6_12h	403	LT934125.1	115306	115306	-	115306	20.980635	20.980635	115306	115306	1	1
C6_12h	404	LT934125.1	115518	115533	-	115528	944.128569	426.606242	115522	115532	11	16
C6_12h	405	LT934125.1	115602	115710	-	115634	1104.980106	146.864444	115624	115680	57	109
C6_12h	406	LT934125.1	115855	115855	-	115855	20.980635	20.980635	115855	115855	1	1
C6_12h	407	LT934125.1	116579	116579	-	116579	27.97418	27.97418	116579	116579	1	1
C6_12h	408	LT934125.1	116890	116890	-	116890	34.967725	34.967725	116890	116890	1	1
C6_12h	409	LT934125.1	118400	118400	-	118400	41.96127	41.96127	118400	118400	1	1
C6_12h	410	LT934125.1	119040	119067	-	119058	524.515873	307.715978	119050	119061	12	28
C6_12h	411	LT934125.1	119362	119362	-	119362	20.980635	20.980635	119362	119362	1	1
C6_12h	412	LT934125.1	119478	119499	-	119499	314.709524	181.832169	119481	119499	19	22
C6_12h	413	LT934125.1	119896	119931	-	119910	251.767619	104.903174	119910	119923	14	36
C6_12h	414	LT934125.1	120241	120241	-	120241	83.922539	83.922539	120241	120241	1	1
C6_12h	415	LT934125.1	120409	120454	-	120431	538.502963	202.812804	120418	120454	37	46
C6_12h	416	LT934125.1	121507	121507	-	121507	34.967725	34.967725	121507	121507	1	1
C6_12h	417	LT934125.1	122412	122462	-	122413	265.75471	62.941905	122413	122462	50	51
C6_12h	418	LT934125.1	122806	122806	-	122806	41.96127	41.96127	122806	122806	1	1
C6_12h	419	LT934125.1	124781	124814	-	124781	321.70307	76.928995	124781	124805	25	34
C6_12h	420	LT934125.1	125130	125130	-	125130	20.980635	20.980635	125130	125130	1	1
C6_12h	421	LT934125.1	125505	125505	-	125505	27.97418	27.97418	125505	125505	1	1
C6_12h	422	LT934125.1	126103	126112	-	126112	209.806349	160.851534	126103	126112	10	10
C6_12h	423	LT934125.1	126915	127350	-	126926	2433.753654	398.632063	126926	127314	389	436
C6_12h	424	LT934125.1	127396	127459	-	127434	314.709524	139.870899	127416	127456	41	64
C6_12h	425	LT934125.1	127645	127645	-	127645	62.941905	62.941905	127645	127645	1	1
C6_12h	426	LT934125.1	127754	127774	-	127754	97.90963	41.96127	127754	127774	21	21
C6_12h	427	LT934125.1	127876	127902	-	127902	111.89672	69.93545	127876	127902	27	27
C6_12h	428	LT934125.1	128173	128173	-	128173	27.97418	27.97418	128173	128173	1	1
C6_12h	429	LT934125.1	128729	128738	-	128732	60347.299443	51164.774913	128731	128732	2	10
C6_12h	430	LT934125.1	130831	130833	-	130833	118.890264	83.922539	130831	130833	3	3
C6_12h	431	LT934125.1	135094	135094	-	135094	20.980635	20.980635	135094	135094	1	1
C6_12h	432	LT934125.1	135407	135407	-	135407	20.980635	20.980635	135407	135407	1	1
C6_12h	433	LT934125.1	135562	135562	-	135562	20.980635	20.980635	135562	135562	1	1
C6_12h	434	LT934125.1	135666	135666	-	135666	20.980635	20.980635	135666	135666	1	1
C6_12h	435	LT934125.1	135892	135892	-	135892	20.980635	20.980635	135892	135892	1	1
C6_12h	436	LT934125.1	136047	136047	-	136047	27.97418	27.97418	136047	136047	1	1
C6_12h	437	LT934125.1	136212	136244	-	136235	783.277037	349.677248	136232	136235	4	33
C6_12h	438	LT934125.1	136682	136688	-	136686	83.92254	34.967725	136682	136688	7	7
C6_12h	439	LT934125.1	137116	137121	-	137116	83.92254	48.954815	137116	137121	6	6
C6_12h	440	LT934125.1	137301	137301	-	137301	20.980635	20.980635	137301	137301	1	1
C6_12h	441	LT934125.1	137733	137733	-	137733	20.980635	20.980635	137733	137733	1	1
C6_12h	442	LT934125.1	137903	137903	-	137903	27.97418	27.97418	137903	137903	1	1
C6_12h	443	LT934125.1	138568	138568	-	138568	20.980635	20.980635	138568	138568	1	1
C6_12h	444	LT934125.1	139723	139723	-	139723	20.980635	20.980635	139723	139723	1	1
C6_12h	445	LT934125.1	141655	141655	-	141655	20.980635	20.980635	141655	141655	1	1
C6_12h	446	LT934125.1	142424	142424	-	142424	20.980635	20.980635	142424	142424	1	1
C6_1h	1	LT934125.1	990	990	+	990	1540.832049	1540.832049	990	990	1	1
C6_1h	2	LT934125.1	1332	1337	+	1337	16949.152543	7704.160247	1334	1337	4	6
C6_1h	3	LT934125.1	7588	7594	+	7588	4622.496147	1540.832049	7588	7594	7	7
C6_1h	4	LT934125.1	7858	7858	+	7858	1540.832049	1540.832049	7858	7858	1	1
C6_1h	5	LT934125.1	9267	9272	+	9270	24653.312788	20030.816641	9269	9270	2	6
C6_1h	6	LT934125.1	9548	9550	+	9548	4622.496148	3081.664099	9548	9550	3	3
C6_1h	7	LT934125.1	10431	10431	+	10431	1540.832049	1540.832049	10431	10431	1	1
C6_1h	8	LT934125.1	13455	13458	+	13455	3081.664098	1540.832049	13455	13458	4	4
C6_1h	9	LT934125.1	14048	14054	+	14048	16949.152542	13867.488444	14048	14051	4	7
C6_1h	10	LT934125.1	14671	14671	+	14671	1540.832049	1540.832049	14671	14671	1	1
C6_1h	11	LT934125.1	15675	15678	+	15675	3081.664098	1540.832049	15675	15678	4	4
C6_1h	12	LT934125.1	25420	25424	+	25420	6163.328196	1540.832049	25420	25424	5	5
C6_1h	13	LT934125.1	26486	26486	+	26486	1540.832049	1540.832049	26486	26486	1	1
C6_1h	14	LT934125.1	26706	26706	+	26706	1540.832049	1540.832049	26706	26706	1	1
C6_1h	15	LT934125.1	30240	30240	+	30240	1540.832049	1540.832049	30240	30240	1	1
C6_1h	16	LT934125.1	30932	30932	+	30932	1540.832049	1540.832049	30932	30932	1	1
C6_1h	17	LT934125.1	31096	31098	+	31096	12326.656394	6163.328197	31096	31098	3	3
C6_1h	18	LT934125.1	32036	32036	+	32036	1540.832049	1540.832049	32036	32036	1	1
C6_1h	19	LT934125.1	33570	33570	+	33570	1540.832049	1540.832049	33570	33570	1	1
C6_1h	20	LT934125.1	43598	43598	+	43598	1540.832049	1540.832049	43598	43598	1	1
C6_1h	21	LT934125.1	44810	44812	+	44812	10785.824346	7704.160247	44810	44812	3	3
C6_1h	22	LT934125.1	45415	45415	+	45415	1540.832049	1540.832049	45415	45415	1	1
C6_1h	23	LT934125.1	46026	46026	+	46026	1540.832049	1540.832049	46026	46026	1	1
C6_1h	24	LT934125.1	46233	46243	+	46233	6163.328197	3081.664099	46233	46243	11	11
C6_1h	25	LT934125.1	46453	46467	+	46453	3081.664098	1540.832049	46453	46467	15	15
C6_1h	26	LT934125.1	47018	47018	+	47018	1540.832049	1540.832049	47018	47018	1	1
C6_1h	27	LT934125.1	48567	48581	+	48567	50847.457627	33898.305085	48567	48570	4	15
C6_1h	28	LT934125.1	51908	51908	+	51908	1540.832049	1540.832049	51908	51908	1	1
C6_1h	29	LT934125.1	52444	52461	+	52460	21571.648691	13867.488444	52444	52461	18	18
C6_1h	30	LT934125.1	54360	54360	+	54360	1540.832049	1540.832049	54360	54360	1	1
C6_1h	31	LT934125.1	55627	55627	+	55627	1540.832049	1540.832049	55627	55627	1	1
C6_1h	32	LT934125.1	56023	56023	+	56023	1540.832049	1540.832049	56023	56023	1	1
C6_1h	33	LT934125.1	59044	59073	+	59068	36979.969183	26194.144838	59044	59068	25	30
C6_1h	34	LT934125.1	61499	61499	+	61499	1540.832049	1540.832049	61499	61499	1	1
C6_1h	35	LT934125.1	61931	61931	+	61931	1540.832049	1540.832049	61931	61931	1	1
C6_1h	36	LT934125.1	62215	62215	+	62215	1540.832049	1540.832049	62215	62215	1	1
C6_1h	37	LT934125.1	68787	68787	+	68787	1540.832049	1540.832049	68787	68787	1	1
C6_1h	38	LT934125.1	69421	69421	+	69421	1540.832049	1540.832049	69421	69421	1	1
C6_1h	39	LT934125.1	70529	70534	+	70531	24653.312788	12326.656394	70529	70532	4	6
C6_1h	40	LT934125.1	73376	73376	+	73376	1540.832049	1540.832049	73376	73376	1	1
C6_1h	41	LT934125.1	74400	74403	+	74402	9244.992295	6163.328197	74400	74403	4	4
C6_1h	42	LT934125.1	76683	76689	+	76683	6163.328197	3081.664099	76683	76689	7	7
C6_1h	43	LT934125.1	78039	78044	+	78044	6163.328197	4622.496148	78039	78044	6	6
C6_1h	44	LT934125.1	78653	78653	+	78653	1540.832049	1540.832049	78653	78653	1	1
C6_1h	45	LT934125.1	79418	79444	+	79440	10785.824345	4622.496148	79418	79444	27	27
C6_1h	46	LT934125.1	79749	79749	+	79749	1540.832049	1540.832049	79749	79749	1	1
C6_1h	47	LT934125.1	88883	88883	+	88883	3081.664099	3081.664099	88883	88883	1	1
C6_1h	48	LT934125.1	94382	94382	+	94382	1540.832049	1540.832049	94382	94382	1	1
C6_1h	49	LT934125.1	114985	114988	+	114985	89368.25886	75500.770416	114985	114988	4	4
C6_1h	50	LT934125.1	116234	116261	+	116234	3081.664098	1540.832049	116234	116261	28	28
C6_1h	51	LT934125.1	116546	116546	+	116546	1540.832049	1540.832049	116546	116546	1	1
C6_1h	52	LT934125.1	116706	116715	+	116706	3081.664098	1540.832049	116706	116715	10	10
C6_1h	53	LT934125.1	117769	117769	+	117769	3081.664099	3081.664099	117769	117769	1	1
C6_1h	54	LT934125.1	118860	118866	+	118864	77041.602465	30816.640986	118860	118866	7	7
C6_1h	55	LT934125.1	119857	119857	+	119857	1540.832049	1540.832049	119857	119857	1	1
C6_1h	56	LT934125.1	120117	120117	+	120117	1540.832049	1540.832049	120117	120117	1	1
C6_1h	57	LT934125.1	120329	120329	+	120329	1540.832049	1540.832049	120329	120329	1	1
C6_1h	58	LT934125.1	120555	120555	+	120555	3081.664099	3081.664099	120555	120555	1	1
C6_1h	59	LT934125.1	121311	121311	+	121311	1540.832049	1540.832049	121311	121311	1	1
C6_1h	60	LT934125.1	121784	121786	+	121784	16949.152543	13867.488444	121784	121786	3	3
C6_1h	61	LT934125.1	121901	121901	+	121901	1540.832049	1540.832049	121901	121901	1	1
C6_1h	62	LT934125.1	122979	122981	+	122981	10785.824345	6163.328197	122979	122981	3	3
C6_1h	63	LT934125.1	124034	124034	+	124034	1540.832049	1540.832049	124034	124034	1	1
C6_1h	64	LT934125.1	124397	124397	+	124397	1540.832049	1540.832049	124397	124397	1	1
C6_1h	65	LT934125.1	124756	124756	+	124756	1540.832049	1540.832049	124756	124756	1	1
C6_1h	66	LT934125.1	124937	124937	+	124937	1540.832049	1540.832049	124937	124937	1	1
C6_1h	67	LT934125.1	125222	125236	+	125223	55469.953774	27734.976888	125223	125225	3	15
C6_1h	68	LT934125.1	125701	125701	+	125701	1540.832049	1540.832049	125701	125701	1	1
C6_1h	69	LT934125.1	125844	125844	+	125844	1540.832049	1540.832049	125844	125844	1	1
C6_1h	70	LT934125.1	3043	3043	-	3043	1540.832049	1540.832049	3043	3043	1	1
C6_1h	71	LT934125.1	3908	3910	-	3908	12326.656394	6163.328197	3908	3910	3	3
C6_1h	72	LT934125.1	9494	9498	-	9494	12326.656394	10785.824345	9494	9498	5	5
C6_1h	73	LT934125.1	15834	15834	-	15834	1540.832049	1540.832049	15834	15834	1	1
C6_1h	74	LT934125.1	17324	17324	-	17324	1540.832049	1540.832049	17324	17324	1	1
C6_1h	75	LT934125.1	17472	17472	-	17472	1540.832049	1540.832049	17472	17472	1	1
C6_1h	76	LT934125.1	17811	17811	-	17811	1540.832049	1540.832049	17811	17811	1	1
C6_1h	77	LT934125.1	17975	17975	-	17975	1540.832049	1540.832049	17975	17975	1	1
C6_1h	78	LT934125.1	19467	19473	-	19471	10785.824345	4622.496148	19467	19473	7	7
C6_1h	79	LT934125.1	22285	22285	-	22285	1540.832049	1540.832049	22285	22285	1	1
C6_1h	80	LT934125.1	22809	22809	-	22809	1540.832049	1540.832049	22809	22809	1	1
C6_1h	81	LT934125.1	22987	22987	-	22987	1540.832049	1540.832049	22987	22987	1	1
C6_1h	82	LT934125.1	23614	23614	-	23614	1540.832049	1540.832049	23614	23614	1	1
C6_1h	83	LT934125.1	25310	25313	-	25310	6163.328198	3081.664099	25310	25313	4	4
C6_1h	84	LT934125.1	29404	29414	-	29404	6163.328196	1540.832049	29404	29414	11	11
C6_1h	85	LT934125.1	30578	30578	-	30578	1540.832049	1540.832049	30578	30578	1	1
C6_1h	86	LT934125.1	31198	31198	-	31198	1540.832049	1540.832049	31198	31198	1	1
C6_1h	87	LT934125.1	33847	33847	-	33847	1540.832049	1540.832049	33847	33847	1	1
C6_1h	88	LT934125.1	34452	34480	-	34474	9244.992295	3081.664099	34452	34480	29	29
C6_1h	89	LT934125.1	45257	45257	-	45257	1540.832049	1540.832049	45257	45257	1	1
C6_1h	90	LT934125.1	50200	50200	-	50200	1540.832049	1540.832049	50200	50200	1	1
C6_1h	91	LT934125.1	50735	50735	-	50735	1540.832049	1540.832049	50735	50735	1	1
C6_1h	92	LT934125.1	51142	51147	-	51147	16949.152542	13867.488444	51144	51147	4	6
C6_1h	93	LT934125.1	52816	52816	-	52816	1540.832049	1540.832049	52816	52816	1	1
C6_1h	94	LT934125.1	55718	55718	-	55718	1540.832049	1540.832049	55718	55718	1	1
C6_1h	95	LT934125.1	56184	56194	-	56188	69337.442218	41602.465331	56185	56190	6	11
C6_1h	96	LT934125.1	56948	56948	-	56948	1540.832049	1540.832049	56948	56948	1	1
C6_1h	97	LT934125.1	63410	63420	-	63420	13867.488443	10785.824345	63410	63420	11	11
C6_1h	98	LT934125.1	65744	65752	-	65752	6163.328197	3081.664099	65744	65752	9	9
C6_1h	99	LT934125.1	68885	68885	-	68885	1540.832049	1540.832049	68885	68885	1	1
C6_1h	100	LT934125.1	78864	78864	-	78864	1540.832049	1540.832049	78864	78864	1	1
C6_1h	101	LT934125.1	80825	80825	-	80825	1540.832049	1540.832049	80825	80825	1	1
C6_1h	102	LT934125.1	81579	81579	-	81579	1540.832049	1540.832049	81579	81579	1	1
C6_1h	103	LT934125.1	81805	81813	-	81805	3081.664098	1540.832049	81805	81813	9	9
C6_1h	104	LT934125.1	87157	87161	-	87161	4622.496148	3081.664099	87157	87161	5	5
C6_1h	105	LT934125.1	92929	92936	-	92929	4622.496147	1540.832049	92929	92936	8	8
C6_1h	106	LT934125.1	94526	94529	-	94529	4622.496148	3081.664099	94526	94529	4	4
C6_1h	107	LT934125.1	96536	96536	-	96536	1540.832049	1540.832049	96536	96536	1	1
C6_1h	108	LT934125.1	96702	96702	-	96702	1540.832049	1540.832049	96702	96702	1	1
C6_1h	109	LT934125.1	97317	97361	-	97344	57010.785824	18489.984592	97337	97344	8	45
C6_1h	110	LT934125.1	119061	119061	-	119061	1540.832049	1540.832049	119061	119061	1	1
C6_1h	111	LT934125.1	127002	127011	-	127002	3081.664098	1540.832049	127002	127011	10	10
C6_1h	112	LT934125.1	127171	127171	-	127171	1540.832049	1540.832049	127171	127171	1	1
C6_1h	113	LT934125.1	127386	127386	-	127386	1540.832049	1540.832049	127386	127386	1	1
C6_1h	114	LT934125.1	128729	128732	-	128732	89368.25886	75500.770416	128729	128732	4	4
C6_2h	1	LT934125.1	878	878	+	878	1172.332943	1172.332943	878	878	1	1
C6_2h	2	LT934125.1	990	990	+	990	3516.998828	3516.998828	990	990	1	1
C6_2h	3	LT934125.1	1221	1221	+	1221	1172.332943	1172.332943	1221	1221	1	1
C6_2h	4	LT934125.1	1334	1351	+	1337	17584.99414	8206.330598	1334	1339	6	18
C6_2h	5	LT934125.1	1720	1720	+	1720	1172.332943	1172.332943	1720	1720	1	1
C6_2h	6	LT934125.1	3705	3705	+	3705	1172.332943	1172.332943	3705	3705	1	1
C6_2h	7	LT934125.1	7588	7591	+	7591	3516.998828	2344.665885	7588	7591	4	4
C6_2h	8	LT934125.1	7811	7811	+	7811	1172.332943	1172.332943	7811	7811	1	1
C6_2h	9	LT934125.1	9267	9270	+	9270	21101.992966	17584.994138	9267	9270	4	4
C6_2h	10	LT934125.1	9643	9648	+	9644	4689.331771	2344.665885	9643	9648	6	6
C6_2h	11	LT934125.1	14048	14051	+	14048	5861.664713	4689.33177	14048	14051	4	4
C6_2h	12	LT934125.1	15618	15618	+	15618	1172.332943	1172.332943	15618	15618	1	1
C6_2h	13	LT934125.1	15836	15836	+	15836	1172.332943	1172.332943	15836	15836	1	1
C6_2h	14	LT934125.1	31097	31098	+	31098	4689.331771	3516.998828	31097	31098	2	2
C6_2h	15	LT934125.1	31488	31488	+	31488	1172.332943	1172.332943	31488	31488	1	1
C6_2h	16	LT934125.1	32036	32038	+	32036	2344.665886	1172.332943	32036	32038	3	3
C6_2h	17	LT934125.1	32286	32286	+	32286	1172.332943	1172.332943	32286	32286	1	1
C6_2h	18	LT934125.1	44810	44812	+	44812	5861.664713	3516.998828	44810	44812	3	3
C6_2h	19	LT934125.1	46165	46165	+	46165	1172.332943	1172.332943	46165	46165	1	1
C6_2h	20	LT934125.1	48565	48575	+	48567	43376.318876	31652.989449	48567	48570	4	11
C6_2h	21	LT934125.1	48868	48889	+	48868	2344.665886	1172.332943	48868	48889	22	22
C6_2h	22	LT934125.1	49109	49114	+	49109	2344.665886	1172.332943	49109	49114	6	6
C6_2h	23	LT934125.1	49228	49228	+	49228	1172.332943	1172.332943	49228	49228	1	1
C6_2h	24	LT934125.1	51235	51240	+	51235	7033.997657	3516.998828	51235	51240	6	6
C6_2h	25	LT934125.1	51800	51800	+	51800	1172.332943	1172.332943	51800	51800	1	1
C6_2h	26	LT934125.1	52440	52484	+	52460	10550.996485	3516.998828	52440	52484	45	45
C6_2h	27	LT934125.1	59041	59095	+	59068	75029.308328	29308.323564	59044	59072	29	55
C6_2h	28	LT934125.1	59858	59858	+	59858	1172.332943	1172.332943	59858	59858	1	1
C6_2h	29	LT934125.1	59989	59989	+	59989	1172.332943	1172.332943	59989	59989	1	1
C6_2h	30	LT934125.1	60104	60104	+	60104	1172.332943	1172.332943	60104	60104	1	1
C6_2h	31	LT934125.1	60235	60239	+	60235	2344.665886	1172.332943	60235	60239	5	5
C6_2h	32	LT934125.1	61405	61405	+	61405	1172.332943	1172.332943	61405	61405	1	1
C6_2h	33	LT934125.1	62014	62024	+	62014	2344.665886	1172.332943	62014	62024	11	11
C6_2h	34	LT934125.1	65807	65807	+	65807	2344.665885	2344.665885	65807	65807	1	1
C6_2h	35	LT934125.1	66338	66345	+	66338	3516.998828	2344.665885	66338	66345	8	8
C6_2h	36	LT934125.1	66474	66474	+	66474	1172.332943	1172.332943	66474	66474	1	1
C6_2h	37	LT934125.1	68121	68121	+	68121	1172.332943	1172.332943	68121	68121	1	1
C6_2h	38	LT934125.1	69311	69311	+	69311	1172.332943	1172.332943	69311	69311	1	1
C6_2h	39	LT934125.1	69765	69765	+	69765	2344.665885	2344.665885	69765	69765	1	1
C6_2h	40	LT934125.1	70057	70057	+	70057	1172.332943	1172.332943	70057	70057	1	1
C6_2h	41	LT934125.1	70528	70535	+	70531	39859.320047	19929.660023	70529	70531	3	8
C6_2h	42	LT934125.1	70905	70905	+	70905	1172.332943	1172.332943	70905	70905	1	1
C6_2h	43	LT934125.1	71165	71194	+	71165	3516.998828	2344.665885	71165	71194	30	30
C6_2h	44	LT934125.1	74400	74403	+	74400	17584.994139	10550.996483	74400	74402	3	4
C6_2h	45	LT934125.1	75355	75355	+	75355	1172.332943	1172.332943	75355	75355	1	1
C6_2h	46	LT934125.1	76992	76992	+	76992	1172.332943	1172.332943	76992	76992	1	1
C6_2h	47	LT934125.1	78035	78044	+	78044	4689.331771	3516.998828	78035	78044	10	10
C6_2h	48	LT934125.1	79126	79126	+	79126	1172.332943	1172.332943	79126	79126	1	1
C6_2h	49	LT934125.1	79439	79454	+	79444	22274.325909	17584.994138	79440	79444	5	16
C6_2h	50	LT934125.1	79598	79618	+	79598	2344.665886	1172.332943	79598	79618	21	21
C6_2h	51	LT934125.1	82476	82476	+	82476	1172.332943	1172.332943	82476	82476	1	1
C6_2h	52	LT934125.1	85056	85056	+	85056	1172.332943	1172.332943	85056	85056	1	1
C6_2h	53	LT934125.1	86229	86229	+	86229	1172.332943	1172.332943	86229	86229	1	1
C6_2h	54	LT934125.1	89133	89133	+	89133	1172.332943	1172.332943	89133	89133	1	1
C6_2h	55	LT934125.1	90710	90710	+	90710	1172.332943	1172.332943	90710	90710	1	1
C6_2h	56	LT934125.1	91383	91414	+	91409	7033.997656	2344.665885	91383	91414	32	32
C6_2h	57	LT934125.1	92431	92431	+	92431	1172.332943	1172.332943	92431	92431	1	1
C6_2h	58	LT934125.1	113433	113433	+	113433	1172.332943	1172.332943	113433	113433	1	1
C6_2h	59	LT934125.1	114985	114988	+	114985	110199.296601	103165.298945	114985	114985	1	4
C6_2h	60	LT934125.1	116034	116034	+	116034	1172.332943	1172.332943	116034	116034	1	1
C6_2h	61	LT934125.1	116150	116150	+	116150	1172.332943	1172.332943	116150	116150	1	1
C6_2h	62	LT934125.1	116590	116590	+	116590	2344.665885	2344.665885	116590	116590	1	1
C6_2h	63	LT934125.1	116817	116817	+	116817	1172.332943	1172.332943	116817	116817	1	1
C6_2h	64	LT934125.1	117769	117775	+	117769	3516.998828	2344.665885	117769	117775	7	7
C6_2h	65	LT934125.1	118860	118873	+	118864	52754.982416	32825.322392	118860	118868	9	14
C6_2h	66	LT934125.1	119081	119081	+	119081	1172.332943	1172.332943	119081	119081	1	1
C6_2h	67	LT934125.1	120555	120555	+	120555	1172.332943	1172.332943	120555	120555	1	1
C6_2h	68	LT934125.1	120934	120934	+	120934	1172.332943	1172.332943	120934	120934	1	1
C6_2h	69	LT934125.1	121784	121786	+	121784	4689.331771	3516.998828	121784	121786	3	3
C6_2h	70	LT934125.1	122979	122979	+	122979	2344.665885	2344.665885	122979	122979	1	1
C6_2h	71	LT934125.1	124756	124756	+	124756	2344.665885	2344.665885	124756	124756	1	1
C6_2h	72	LT934125.1	124893	124893	+	124893	1172.332943	1172.332943	124893	124893	1	1
C6_2h	73	LT934125.1	125221	125227	+	125223	36342.32122	16412.661196	125223	125227	5	7
C6_2h	74	LT934125.1	128189	128189	+	128189	1172.332943	1172.332943	128189	128189	1	1
C6_2h	75	LT934125.1	134990	134990	+	134990	1172.332943	1172.332943	134990	134990	1	1
C6_2h	76	LT934125.1	136348	136348	+	136348	1172.332943	1172.332943	136348	136348	1	1
C6_2h	77	LT934125.1	138178	138178	+	138178	1172.332943	1172.332943	138178	138178	1	1
C6_2h	78	LT934125.1	139476	139476	+	139476	1172.332943	1172.332943	139476	139476	1	1
C6_2h	79	LT934125.1	3487	3487	-	3487	1172.332943	1172.332943	3487	3487	1	1
C6_2h	80	LT934125.1	3731	3731	-	3731	1172.332943	1172.332943	3731	3731	1	1
C6_2h	81	LT934125.1	3908	3912	-	3908	2344.665886	1172.332943	3908	3912	5	5
C6_2h	82	LT934125.1	7758	7758	-	7758	1172.332943	1172.332943	7758	7758	1	1
C6_2h	83	LT934125.1	8722	8722	-	8722	1172.332943	1172.332943	8722	8722	1	1
C6_2h	84	LT934125.1	9058	9058	-	9058	1172.332943	1172.332943	9058	9058	1	1
C6_2h	85	LT934125.1	9494	9498	-	9494	14067.995311	12895.662368	9494	9494	1	5
C6_2h	86	LT934125.1	15833	15833	-	15833	1172.332943	1172.332943	15833	15833	1	1
C6_2h	87	LT934125.1	17084	17084	-	17084	1172.332943	1172.332943	17084	17084	1	1
C6_2h	88	LT934125.1	17404	17404	-	17404	1172.332943	1172.332943	17404	17404	1	1
C6_2h	89	LT934125.1	19470	19473	-	19473	3516.998828	2344.665885	19470	19473	4	4
C6_2h	90	LT934125.1	21601	21601	-	21601	1172.332943	1172.332943	21601	21601	1	1
C6_2h	91	LT934125.1	21919	21944	-	21919	3516.998828	2344.665885	21919	21944	26	26
C6_2h	92	LT934125.1	25313	25313	-	25313	1172.332943	1172.332943	25313	25313	1	1
C6_2h	93	LT934125.1	29404	29414	-	29409	11723.329427	3516.998828	29404	29414	11	11
C6_2h	94	LT934125.1	31505	31505	-	31505	1172.332943	1172.332943	31505	31505	1	1
C6_2h	95	LT934125.1	34048	34048	-	34048	1172.332943	1172.332943	34048	34048	1	1
C6_2h	96	LT934125.1	34452	34478	-	34452	2344.665886	1172.332943	34452	34478	27	27
C6_2h	97	LT934125.1	50601	50601	-	50601	1172.332943	1172.332943	50601	50601	1	1
C6_2h	98	LT934125.1	50887	50887	-	50887	1172.332943	1172.332943	50887	50887	1	1
C6_2h	99	LT934125.1	51145	51147	-	51147	9378.663541	8206.330598	51145	51147	3	3
C6_2h	100	LT934125.1	55774	55774	-	55774	1172.332943	1172.332943	55774	55774	1	1
C6_2h	101	LT934125.1	55994	55994	-	55994	1172.332943	1172.332943	55994	55994	1	1
C6_2h	102	LT934125.1	56185	56194	-	56188	69167.643611	44548.651817	56187	56189	3	10
C6_2h	103	LT934125.1	56946	56946	-	56946	2344.665885	2344.665885	56946	56946	1	1
C6_2h	104	LT934125.1	63415	63420	-	63420	58616.647129	48065.650645	63416	63420	5	6
C6_2h	105	LT934125.1	65750	65751	-	65750	2344.665886	1172.332943	65750	65751	2	2
C6_2h	106	LT934125.1	74345	74345	-	74345	1172.332943	1172.332943	74345	74345	1	1
C6_2h	107	LT934125.1	80858	80858	-	80858	1172.332943	1172.332943	80858	80858	1	1
C6_2h	108	LT934125.1	81804	81837	-	81804	5861.664713	2344.665885	81804	81837	34	34
C6_2h	109	LT934125.1	82329	82329	-	82329	1172.332943	1172.332943	82329	82329	1	1
C6_2h	110	LT934125.1	87161	87161	-	87161	2344.665885	2344.665885	87161	87161	1	1
C6_2h	111	LT934125.1	87447	87447	-	87447	1172.332943	1172.332943	87447	87447	1	1
C6_2h	112	LT934125.1	92933	92933	-	92933	2344.665885	2344.665885	92933	92933	1	1
C6_2h	113	LT934125.1	93650	93650	-	93650	1172.332943	1172.332943	93650	93650	1	1
C6_2h	114	LT934125.1	94943	94947	-	94947	4689.331771	2344.665885	94943	94947	5	5
C6_2h	115	LT934125.1	96311	96320	-	96311	2344.665886	1172.332943	96311	96320	10	10
C6_2h	116	LT934125.1	96567	96596	-	96596	3516.998828	2344.665885	96567	96596	30	30
C6_2h	117	LT934125.1	96923	96923	-	96923	1172.332943	1172.332943	96923	96923	1	1
C6_2h	118	LT934125.1	97337	97361	-	97361	28135.990622	16412.661196	97337	97361	25	25
C6_2h	119	LT934125.1	97536	97536	-	97536	1172.332943	1172.332943	97536	97536	1	1
C6_2h	120	LT934125.1	102658	102658	-	102658	1172.332943	1172.332943	102658	102658	1	1
C6_2h	121	LT934125.1	104241	104241	-	104241	1172.332943	1172.332943	104241	104241	1	1
C6_2h	122	LT934125.1	105539	105539	-	105539	1172.332943	1172.332943	105539	105539	1	1
C6_2h	123	LT934125.1	107369	107369	-	107369	1172.332943	1172.332943	107369	107369	1	1
C6_2h	124	LT934125.1	108727	108727	-	108727	1172.332943	1172.332943	108727	108727	1	1
C6_2h	125	LT934125.1	115528	115528	-	115528	1172.332943	1172.332943	115528	115528	1	1
C6_2h	126	LT934125.1	119067	119067	-	119067	1172.332943	1172.332943	119067	119067	1	1
C6_2h	127	LT934125.1	120429	120429	-	120429	1172.332943	1172.332943	120429	120429	1	1
C6_2h	128	LT934125.1	124704	124704	-	124704	1172.332943	1172.332943	124704	124704	1	1
C6_2h	129	LT934125.1	126900	126900	-	126900	1172.332943	1172.332943	126900	126900	1	1
C6_2h	130	LT934125.1	127127	127127	-	127127	2344.665885	2344.665885	127127	127127	1	1
C6_2h	131	LT934125.1	127567	127567	-	127567	1172.332943	1172.332943	127567	127567	1	1
C6_2h	132	LT934125.1	127683	127683	-	127683	1172.332943	1172.332943	127683	127683	1	1
C6_2h	133	LT934125.1	128729	128732	-	128732	110199.296601	103165.298945	128732	128732	1	4
C6_2h	134	LT934125.1	130284	130284	-	130284	1172.332943	1172.332943	130284	130284	1	1
C6_4h	1	LT934125.1	779	779	+	779	525.486075	525.486075	779	779	1	1
C6_4h	2	LT934125.1	982	990	+	990	8933.263269	6305.832895	987	990	4	9
C6_4h	3	LT934125.1	1334	1351	+	1334	6305.832897	3152.916448	1334	1345	12	18
C6_4h	4	LT934125.1	1593	1603	+	1600	4203.888598	2627.430373	1593	1603	11	11
C6_4h	5	LT934125.1	2001	2001	+	2001	525.486075	525.486075	2001	2001	1	1
C6_4h	6	LT934125.1	3372	3372	+	3372	525.486075	525.486075	3372	3372	1	1
C6_4h	7	LT934125.1	7588	7596	+	7591	4729.374672	2101.944298	7588	7596	9	9
C6_4h	8	LT934125.1	8094	8094	+	8094	525.486075	525.486075	8094	8094	1	1
C6_4h	9	LT934125.1	9107	9113	+	9113	2101.944299	1576.458224	9107	9113	7	7
C6_4h	10	LT934125.1	9267	9274	+	9270	9458.749345	7356.805045	9268	9270	3	8
C6_4h	11	LT934125.1	9643	9646	+	9646	3678.402522	2101.944298	9643	9646	4	4
C6_4h	12	LT934125.1	10091	10091	+	10091	525.486075	525.486075	10091	10091	1	1
C6_4h	13	LT934125.1	10432	10432	+	10432	525.486075	525.486075	10432	10432	1	1
C6_4h	14	LT934125.1	12762	12762	+	12762	525.486075	525.486075	12762	12762	1	1
C6_4h	15	LT934125.1	14044	14053	+	14048	18392.012613	15764.582239	14048	14050	3	10
C6_4h	16	LT934125.1	14664	14664	+	14664	525.486075	525.486075	14664	14664	1	1
C6_4h	17	LT934125.1	14860	14860	+	14860	525.486075	525.486075	14860	14860	1	1
C6_4h	18	LT934125.1	15344	15344	+	15344	525.486075	525.486075	15344	15344	1	1
C6_4h	19	LT934125.1	26760	26760	+	26760	525.486075	525.486075	26760	26760	1	1
C6_4h	20	LT934125.1	29468	29468	+	29468	525.486075	525.486075	29468	29468	1	1
C6_4h	21	LT934125.1	30206	30206	+	30206	525.486075	525.486075	30206	30206	1	1
C6_4h	22	LT934125.1	31095	31098	+	31098	17866.526538	16290.068313	31098	31098	1	4
C6_4h	23	LT934125.1	31601	31601	+	31601	525.486075	525.486075	31601	31601	1	1
C6_4h	24	LT934125.1	32036	32039	+	32036	15239.096165	7356.805045	32036	32038	3	4
C6_4h	25	LT934125.1	32194	32194	+	32194	525.486075	525.486075	32194	32194	1	1
C6_4h	26	LT934125.1	32309	32309	+	32309	525.486075	525.486075	32309	32309	1	1
C6_4h	27	LT934125.1	41704	41704	+	41704	525.486075	525.486075	41704	41704	1	1
C6_4h	28	LT934125.1	44810	44813	+	44812	11035.207567	7882.291119	44810	44812	3	4
C6_4h	29	LT934125.1	45871	45871	+	45871	525.486075	525.486075	45871	45871	1	1
C6_4h	30	LT934125.1	46024	46027	+	46025	2627.430374	1050.972149	46024	46027	4	4
C6_4h	31	LT934125.1	46233	46236	+	46233	2101.944299	1050.972149	46233	46236	4	4
C6_4h	32	LT934125.1	46514	46514	+	46514	1050.972149	1050.972149	46514	46514	1	1
C6_4h	33	LT934125.1	46815	46815	+	46815	525.486075	525.486075	46815	46815	1	1
C6_4h	34	LT934125.1	47315	47317	+	47317	1576.458224	1050.972149	47315	47317	3	3
C6_4h	35	LT934125.1	47705	47705	+	47705	1050.972149	1050.972149	47705	47705	1	1
C6_4h	36	LT934125.1	48189	48189	+	48189	525.486075	525.486075	48189	48189	1	1
C6_4h	37	LT934125.1	48567	48599	+	48567	26799.789808	19968.470836	48567	48570	4	33
C6_4h	38	LT934125.1	48835	48835	+	48835	525.486075	525.486075	48835	48835	1	1
C6_4h	39	LT934125.1	49120	49120	+	49120	525.486075	525.486075	49120	49120	1	1
C6_4h	40	LT934125.1	49411	49411	+	49411	525.486075	525.486075	49411	49411	1	1
C6_4h	41	LT934125.1	51235	51238	+	51235	9458.749343	7356.805045	51235	51238	4	4
C6_4h	42	LT934125.1	52460	52463	+	52460	8933.263269	6831.31897	52460	52462	3	4
C6_4h	43	LT934125.1	53255	53255	+	53255	525.486075	525.486075	53255	53255	1	1
C6_4h	44	LT934125.1	53406	53406	+	53406	525.486075	525.486075	53406	53406	1	1
C6_4h	45	LT934125.1	53648	53649	+	53648	5254.860747	4729.374672	53648	53649	2	2
C6_4h	46	LT934125.1	54475	54475	+	54475	525.486075	525.486075	54475	54475	1	1
C6_4h	47	LT934125.1	57157	57157	+	57157	525.486075	525.486075	57157	57157	1	1
C6_4h	48	LT934125.1	58561	58561	+	58561	525.486075	525.486075	58561	58561	1	1
C6_4h	49	LT934125.1	59044	59073	+	59068	17341.040463	6831.31897	59044	59070	27	30
C6_4h	50	LT934125.1	59765	59765	+	59765	1050.972149	1050.972149	59765	59765	1	1
C6_4h	51	LT934125.1	60104	60104	+	60104	525.486075	525.486075	60104	60104	1	1
C6_4h	52	LT934125.1	60233	60235	+	60233	2101.944299	1050.972149	60233	60235	3	3
C6_4h	53	LT934125.1	61320	61320	+	61320	525.486075	525.486075	61320	61320	1	1
C6_4h	54	LT934125.1	61656	61656	+	61656	525.486075	525.486075	61656	61656	1	1
C6_4h	55	LT934125.1	61936	61936	+	61936	525.486075	525.486075	61936	61936	1	1
C6_4h	56	LT934125.1	65807	65807	+	65807	525.486075	525.486075	65807	65807	1	1
C6_4h	57	LT934125.1	66338	66338	+	66338	2101.944298	2101.944298	66338	66338	1	1
C6_4h	58	LT934125.1	66932	66932	+	66932	525.486075	525.486075	66932	66932	1	1
C6_4h	59	LT934125.1	67332	67332	+	67332	525.486075	525.486075	67332	67332	1	1
C6_4h	60	LT934125.1	67706	67706	+	67706	525.486075	525.486075	67706	67706	1	1
C6_4h	61	LT934125.1	68055	68055	+	68055	525.486075	525.486075	68055	68055	1	1
C6_4h	62	LT934125.1	68565	68565	+	68565	525.486075	525.486075	68565	68565	1	1
C6_4h	63	LT934125.1	69244	69244	+	69244	525.486075	525.486075	69244	69244	1	1
C6_4h	64	LT934125.1	69785	69785	+	69785	525.486075	525.486075	69785	69785	1	1
C6_4h	65	LT934125.1	70090	70090	+	70090	525.486075	525.486075	70090	70090	1	1
C6_4h	66	LT934125.1	70364	70364	+	70364	525.486075	525.486075	70364	70364	1	1
C6_4h	67	LT934125.1	70529	70535	+	70529	37309.511299	19442.984761	70529	70531	3	7
C6_4h	68	LT934125.1	70810	70810	+	70810	525.486075	525.486075	70810	70810	1	1
C6_4h	69	LT934125.1	71067	71067	+	71067	525.486075	525.486075	71067	71067	1	1
C6_4h	70	LT934125.1	72759	72759	+	72759	1050.972149	1050.972149	72759	72759	1	1
C6_4h	71	LT934125.1	74127	74127	+	74127	525.486075	525.486075	74127	74127	1	1
C6_4h	72	LT934125.1	74400	74406	+	74402	10509.721493	4729.374672	74400	74405	6	7
C6_4h	73	LT934125.1	78040	78062	+	78041	3678.402524	1050.972149	78040	78062	23	23
C6_4h	74	LT934125.1	79440	79447	+	79444	12611.665792	9984.235418	79440	79444	5	8
C6_4h	75	LT934125.1	83789	83794	+	83789	1050.97215	525.486075	83789	83794	6	6
C6_4h	76	LT934125.1	83975	83980	+	83975	1050.97215	525.486075	83975	83980	6	6
C6_4h	77	LT934125.1	84990	84990	+	84990	525.486075	525.486075	84990	84990	1	1
C6_4h	78	LT934125.1	88892	88892	+	88892	525.486075	525.486075	88892	88892	1	1
C6_4h	79	LT934125.1	89239	89239	+	89239	1050.972149	1050.972149	89239	89239	1	1
C6_4h	80	LT934125.1	91154	91154	+	91154	1050.972149	1050.972149	91154	91154	1	1
C6_4h	81	LT934125.1	91409	91414	+	91409	4203.888597	2101.944298	91409	91414	6	6
C6_4h	82	LT934125.1	91538	91548	+	91548	1576.458224	1050.972149	91538	91548	11	11
C6_4h	83	LT934125.1	92247	92247	+	92247	525.486075	525.486075	92247	92247	1	1
C6_4h	84	LT934125.1	98450	98450	+	98450	525.486075	525.486075	98450	98450	1	1
C6_4h	85	LT934125.1	102864	102864	+	102864	525.486075	525.486075	102864	102864	1	1
C6_4h	86	LT934125.1	105893	105893	+	105893	525.486075	525.486075	105893	105893	1	1
C6_4h	87	LT934125.1	107420	107427	+	107420	1050.97215	525.486075	107420	107427	8	8
C6_4h	88	LT934125.1	114979	114988	+	114985	110352.075671	91434.576984	114985	114986	2	10
C6_4h	89	LT934125.1	115759	115759	+	115759	525.486075	525.486075	115759	115759	1	1
C6_4h	90	LT934125.1	116469	116469	+	116469	525.486075	525.486075	116469	116469	1	1
C6_4h	91	LT934125.1	116670	116670	+	116670	525.486075	525.486075	116670	116670	1	1
C6_4h	92	LT934125.1	117603	117607	+	117607	1576.458224	1050.972149	117603	117607	5	5
C6_4h	93	LT934125.1	117769	117769	+	117769	1050.972149	1050.972149	117769	117769	1	1
C6_4h	94	LT934125.1	118857	118868	+	118864	72517.078298	35733.053074	118860	118866	7	12
C6_4h	95	LT934125.1	119230	119230	+	119230	525.486075	525.486075	119230	119230	1	1
C6_4h	96	LT934125.1	119567	119567	+	119567	525.486075	525.486075	119567	119567	1	1
C6_4h	97	LT934125.1	120081	120081	+	120081	525.486075	525.486075	120081	120081	1	1
C6_4h	98	LT934125.1	120255	120255	+	120255	525.486075	525.486075	120255	120255	1	1
C6_4h	99	LT934125.1	120555	120557	+	120555	2101.944298	1050.972149	120555	120557	3	3
C6_4h	100	LT934125.1	121357	121357	+	121357	525.486075	525.486075	121357	121357	1	1
C6_4h	101	LT934125.1	121784	121795	+	121784	10509.721493	7356.805045	121784	121792	9	12
C6_4h	102	LT934125.1	121901	121931	+	121901	1576.458225	525.486075	121901	121931	31	31
C6_4h	103	LT934125.1	122978	122983	+	122979	12086.179717	6831.31897	122979	122983	5	6
C6_4h	104	LT934125.1	123306	123306	+	123306	525.486075	525.486075	123306	123306	1	1
C6_4h	105	LT934125.1	123528	123528	+	123528	525.486075	525.486075	123528	123528	1	1
C6_4h	106	LT934125.1	123694	123694	+	123694	525.486075	525.486075	123694	123694	1	1
C6_4h	107	LT934125.1	124166	124166	+	124166	525.486075	525.486075	124166	124166	1	1
C6_4h	108	LT934125.1	124569	124569	+	124569	525.486075	525.486075	124569	124569	1	1
C6_4h	109	LT934125.1	124756	124758	+	124756	9984.235418	9458.749343	124756	124756	1	3
C6_4h	110	LT934125.1	125104	125104	+	125104	525.486075	525.486075	125104	125104	1	1
C6_4h	111	LT934125.1	125223	125230	+	125225	32580.136628	18392.012612	125223	125225	3	8
C6_4h	112	LT934125.1	125446	125446	+	125446	525.486075	525.486075	125446	125446	1	1
C6_4h	113	LT934125.1	128057	128079	+	128057	1576.458225	525.486075	128057	128079	23	23
C6_4h	114	LT934125.1	128189	128189	+	128189	1050.972149	1050.972149	128189	128189	1	1
C6_4h	115	LT934125.1	137340	137340	+	137340	525.486075	525.486075	137340	137340	1	1
C6_4h	116	LT934125.1	3908	3912	-	3910	3152.916448	2101.944298	3908	3912	5	5
C6_4h	117	LT934125.1	4210	4210	-	4210	525.486075	525.486075	4210	4210	1	1
C6_4h	118	LT934125.1	4774	4774	-	4774	525.486075	525.486075	4774	4774	1	1
C6_4h	119	LT934125.1	4887	4887	-	4887	525.486075	525.486075	4887	4887	1	1
C6_4h	120	LT934125.1	8903	8903	-	8903	525.486075	525.486075	8903	8903	1	1
C6_4h	121	LT934125.1	9058	9058	-	9058	525.486075	525.486075	9058	9058	1	1
C6_4h	122	LT934125.1	9494	9534	-	9494	7356.805046	4729.374672	9494	9527	34	41
C6_4h	123	LT934125.1	11739	11739	-	11739	525.486075	525.486075	11739	11739	1	1
C6_4h	124	LT934125.1	15373	15373	-	15373	525.486075	525.486075	15373	15373	1	1
C6_4h	125	LT934125.1	16725	16745	-	16725	1050.97215	525.486075	16725	16745	21	21
C6_4h	126	LT934125.1	17222	17222	-	17222	525.486075	525.486075	17222	17222	1	1
C6_4h	127	LT934125.1	17341	17341	-	17341	525.486075	525.486075	17341	17341	1	1
C6_4h	128	LT934125.1	17472	17472	-	17472	525.486075	525.486075	17472	17472	1	1
C6_4h	129	LT934125.1	17744	17744	-	17744	525.486075	525.486075	17744	17744	1	1
C6_4h	130	LT934125.1	17960	17980	-	17960	1050.97215	525.486075	17960	17980	21	21
C6_4h	131	LT934125.1	18971	18971	-	18971	525.486075	525.486075	18971	18971	1	1
C6_4h	132	LT934125.1	19470	19473	-	19471	14188.124015	9984.235418	19471	19473	3	4
C6_4h	133	LT934125.1	21473	21473	-	21473	525.486075	525.486075	21473	21473	1	1
C6_4h	134	LT934125.1	22379	22379	-	22379	1050.972149	1050.972149	22379	22379	1	1
C6_4h	135	LT934125.1	22814	22814	-	22814	525.486075	525.486075	22814	22814	1	1
C6_4h	136	LT934125.1	22976	22976	-	22976	525.486075	525.486075	22976	22976	1	1
C6_4h	137	LT934125.1	23150	23150	-	23150	525.486075	525.486075	23150	23150	1	1
C6_4h	138	LT934125.1	29046	29046	-	29046	525.486075	525.486075	29046	29046	1	1
C6_4h	139	LT934125.1	29161	29161	-	29161	525.486075	525.486075	29161	29161	1	1
C6_4h	140	LT934125.1	29407	29414	-	29414	20493.95691	7882.291119	29409	29414	6	8
C6_4h	141	LT934125.1	30851	30877	-	30851	1050.97215	525.486075	30851	30877	27	27
C6_4h	142	LT934125.1	34246	34246	-	34246	525.486075	525.486075	34246	34246	1	1
C6_4h	143	LT934125.1	34478	34478	-	34478	1576.458224	1576.458224	34478	34478	1	1
C6_4h	144	LT934125.1	35776	35776	-	35776	525.486075	525.486075	35776	35776	1	1
C6_4h	145	LT934125.1	36878	36878	-	36878	525.486075	525.486075	36878	36878	1	1
C6_4h	146	LT934125.1	41995	41995	-	41995	525.486075	525.486075	41995	41995	1	1
C6_4h	147	LT934125.1	44481	44502	-	44481	1050.97215	525.486075	44481	44502	22	22
C6_4h	148	LT934125.1	44889	44889	-	44889	1050.972149	1050.972149	44889	44889	1	1
C6_4h	149	LT934125.1	46751	46751	-	46751	525.486075	525.486075	46751	46751	1	1
C6_4h	150	LT934125.1	49445	49445	-	49445	525.486075	525.486075	49445	49445	1	1
C6_4h	151	LT934125.1	50263	50263	-	50263	525.486075	525.486075	50263	50263	1	1
C6_4h	152	LT934125.1	50986	51005	-	50986	1576.458224	1050.972149	50986	51005	20	20
C6_4h	153	LT934125.1	51147	51147	-	51147	4729.374672	4729.374672	51147	51147	1	1
C6_4h	154	LT934125.1	53024	53024	-	53024	525.486075	525.486075	53024	53024	1	1
C6_4h	155	LT934125.1	54090	54090	-	54090	525.486075	525.486075	54090	54090	1	1
C6_4h	156	LT934125.1	55823	55823	-	55823	525.486075	525.486075	55823	55823	1	1
C6_4h	157	LT934125.1	56185	56194	-	56188	42038.885969	27850.761955	56187	56189	3	10
C6_4h	158	LT934125.1	56494	56494	-	56494	525.486075	525.486075	56494	56494	1	1
C6_4h	159	LT934125.1	56624	56624	-	56624	525.486075	525.486075	56624	56624	1	1
C6_4h	160	LT934125.1	56946	56947	-	56946	4729.374672	4203.888597	56946	56947	2	2
C6_4h	161	LT934125.1	58475	58475	-	58475	525.486075	525.486075	58475	58475	1	1
C6_4h	162	LT934125.1	59277	59277	-	59277	525.486075	525.486075	59277	59277	1	1
C6_4h	163	LT934125.1	60706	60706	-	60706	525.486075	525.486075	60706	60706	1	1
C6_4h	164	LT934125.1	62910	62910	-	62910	525.486075	525.486075	62910	62910	1	1
C6_4h	165	LT934125.1	63417	63420	-	63420	85654.230164	76195.48082	63419	63420	2	4
C6_4h	166	LT934125.1	64127	64127	-	64127	525.486075	525.486075	64127	64127	1	1
C6_4h	167	LT934125.1	64655	64673	-	64655	1050.97215	525.486075	64655	64673	19	19
C6_4h	168	LT934125.1	65074	65074	-	65074	525.486075	525.486075	65074	65074	1	1
C6_4h	169	LT934125.1	65749	65752	-	65752	4729.374672	3152.916448	65749	65752	4	4
C6_4h	170	LT934125.1	66295	66295	-	66295	525.486075	525.486075	66295	66295	1	1
C6_4h	171	LT934125.1	70446	70446	-	70446	525.486075	525.486075	70446	70446	1	1
C6_4h	172	LT934125.1	73108	73108	-	73108	525.486075	525.486075	73108	73108	1	1
C6_4h	173	LT934125.1	74345	74345	-	74345	525.486075	525.486075	74345	74345	1	1
C6_4h	174	LT934125.1	76970	76970	-	76970	525.486075	525.486075	76970	76970	1	1
C6_4h	175	LT934125.1	79844	79844	-	79844	525.486075	525.486075	79844	79844	1	1
C6_4h	176	LT934125.1	80512	80512	-	80512	525.486075	525.486075	80512	80512	1	1
C6_4h	177	LT934125.1	80666	80666	-	80666	525.486075	525.486075	80666	80666	1	1
C6_4h	178	LT934125.1	81171	81171	-	81171	525.486075	525.486075	81171	81171	1	1
C6_4h	179	LT934125.1	81804	81842	-	81804	16290.068314	4203.888597	81804	81813	10	39
C6_4h	180	LT934125.1	87157	87161	-	87161	4203.888597	2627.430373	87157	87161	5	5
C6_4h	181	LT934125.1	87419	87447	-	87419	1050.97215	525.486075	87419	87447	29	29
C6_4h	182	LT934125.1	89079	89079	-	89079	525.486075	525.486075	89079	89079	1	1
C6_4h	183	LT934125.1	92171	92171	-	92171	525.486075	525.486075	92171	92171	1	1
C6_4h	184	LT934125.1	92274	92274	-	92274	525.486075	525.486075	92274	92274	1	1
C6_4h	185	LT934125.1	92686	92686	-	92686	525.486075	525.486075	92686	92686	1	1
C6_4h	186	LT934125.1	92927	92936	-	92933	14713.610089	6305.832895	92929	92936	8	10
C6_4h	187	LT934125.1	93653	93654	-	93654	2627.430373	2101.944298	93653	93654	2	2
C6_4h	188	LT934125.1	94526	94529	-	94526	2627.430373	1576.458224	94526	94529	4	4
C6_4h	189	LT934125.1	94943	94947	-	94947	2627.430374	1576.458224	94943	94947	5	5
C6_4h	190	LT934125.1	96385	96385	-	96385	525.486075	525.486075	96385	96385	1	1
C6_4h	191	LT934125.1	96522	96522	-	96522	525.486075	525.486075	96522	96522	1	1
C6_4h	192	LT934125.1	96834	96857	-	96834	1050.97215	525.486075	96834	96857	24	24
C6_4h	193	LT934125.1	97036	97036	-	97036	525.486075	525.486075	97036	97036	1	1
C6_4h	194	LT934125.1	97334	97367	-	97339	10509.721494	3152.916448	97337	97366	30	34
C6_4h	195	LT934125.1	99619	99619	-	99619	525.486075	525.486075	99619	99619	1	1
C6_4h	196	LT934125.1	106377	106377	-	106377	525.486075	525.486075	106377	106377	1	1
C6_4h	197	LT934125.1	115528	115528	-	115528	1050.972149	1050.972149	115528	115528	1	1
C6_4h	198	LT934125.1	115638	115660	-	115638	1576.458225	525.486075	115638	115660	23	23
C6_4h	199	LT934125.1	118729	118729	-	118729	525.486075	525.486075	118729	118729	1	1
C6_4h	200	LT934125.1	119910	119910	-	119910	525.486075	525.486075	119910	119910	1	1
C6_4h	201	LT934125.1	120142	120142	-	120142	525.486075	525.486075	120142	120142	1	1
C6_4h	202	LT934125.1	126112	126112	-	126112	525.486075	525.486075	126112	126112	1	1
C6_4h	203	LT934125.1	126923	126923	-	126923	525.486075	525.486075	126923	126923	1	1
C6_4h	204	LT934125.1	127176	127176	-	127176	525.486075	525.486075	127176	127176	1	1
C6_4h	205	LT934125.1	127958	127958	-	127958	525.486075	525.486075	127958	127958	1	1
C6_4h	206	LT934125.1	128729	128738	-	128732	110877.561745	91960.063058	128731	128732	2	10
C6_4h	207	LT934125.1	136290	136297	-	136290	1050.97215	525.486075	136290	136297	8	8
C6_4h	208	LT934125.1	137727	137727	-	137727	525.486075	525.486075	137727	137727	1	1
C6_4h	209	LT934125.1	140853	140853	-	140853	525.486075	525.486075	140853	140853	1	1
C6_6h	1	LT934125.1	643	643	+	643	86.244071	86.244071	643	643	1	1
C6_6h	2	LT934125.1	779	779	+	779	86.244071	86.244071	779	779	1	1
C6_6h	3	LT934125.1	960	997	+	990	6123.329021	4312.203536	987	990	4	38
C6_6h	4	LT934125.1	1314	1396	+	1337	6554.549377	3363.518758	1334	1339	6	83
C6_6h	5	LT934125.1	1583	1604	+	1600	3363.518758	2328.589909	1600	1603	4	22
C6_6h	6	LT934125.1	1728	1745	+	1728	172.488142	86.244071	1728	1745	18	18
C6_6h	7	LT934125.1	2732	2732	+	2732	86.244071	86.244071	2732	2732	1	1
C6_6h	8	LT934125.1	3244	3244	+	3244	86.244071	86.244071	3244	3244	1	1
C6_6h	9	LT934125.1	4057	4057	+	4057	86.244071	86.244071	4057	4057	1	1
C6_6h	10	LT934125.1	6022	6022	+	6022	86.244071	86.244071	6022	6022	1	1
C6_6h	11	LT934125.1	6812	6812	+	6812	86.244071	86.244071	6812	6812	1	1
C6_6h	12	LT934125.1	7588	7596	+	7588	3363.518759	2156.101768	7588	7592	5	9
C6_6h	13	LT934125.1	7698	7698	+	7698	86.244071	86.244071	7698	7698	1	1
C6_6h	14	LT934125.1	7811	7813	+	7811	258.732212	172.488141	7811	7813	3	3
C6_6h	15	LT934125.1	8148	8148	+	8148	86.244071	86.244071	8148	8148	1	1
C6_6h	16	LT934125.1	8439	8439	+	8439	86.244071	86.244071	8439	8439	1	1
C6_6h	17	LT934125.1	8882	8903	+	8882	172.488142	86.244071	8882	8903	22	22
C6_6h	18	LT934125.1	9107	9145	+	9113	2587.322123	1724.881414	9107	9114	8	39
C6_6h	19	LT934125.1	9267	9272	+	9270	13367.830961	10435.532557	9269	9270	2	6
C6_6h	20	LT934125.1	9444	9448	+	9444	172.488142	86.244071	9444	9448	5	5
C6_6h	21	LT934125.1	9640	9668	+	9646	4053.471323	1724.881414	9643	9650	8	29
C6_6h	22	LT934125.1	10056	10060	+	10056	172.488142	86.244071	10056	10060	5	5
C6_6h	23	LT934125.1	10248	10248	+	10248	86.244071	86.244071	10248	10248	1	1
C6_6h	24	LT934125.1	10431	10433	+	10431	776.196637	689.952566	10431	10433	3	3
C6_6h	25	LT934125.1	11078	11078	+	11078	86.244071	86.244071	11078	11078	1	1
C6_6h	26	LT934125.1	11498	11498	+	11498	86.244071	86.244071	11498	11498	1	1
C6_6h	27	LT934125.1	11913	11913	+	11913	86.244071	86.244071	11913	11913	1	1
C6_6h	28	LT934125.1	12017	12017	+	12017	86.244071	86.244071	12017	12017	1	1
C6_6h	29	LT934125.1	12196	12196	+	12196	86.244071	86.244071	12196	12196	1	1
C6_6h	30	LT934125.1	12800	12800	+	12800	86.244071	86.244071	12800	12800	1	1
C6_6h	31	LT934125.1	12978	12978	+	12978	86.244071	86.244071	12978	12978	1	1
C6_6h	32	LT934125.1	13256	13263	+	13256	172.488142	86.244071	13256	13263	8	8
C6_6h	33	LT934125.1	13521	13521	+	13521	86.244071	86.244071	13521	13521	1	1
C6_6h	34	LT934125.1	13720	13720	+	13720	86.244071	86.244071	13720	13720	1	1
C6_6h	35	LT934125.1	14022	14051	+	14048	20612.332903	18542.475205	14048	14048	1	30
C6_6h	36	LT934125.1	14745	14753	+	14745	172.488142	86.244071	14745	14753	9	9
C6_6h	37	LT934125.1	15099	15114	+	15099	258.732212	172.488141	15099	15114	16	16
C6_6h	38	LT934125.1	15287	15287	+	15287	172.488141	172.488141	15287	15287	1	1
C6_6h	39	LT934125.1	15528	15528	+	15528	86.244071	86.244071	15528	15528	1	1
C6_6h	40	LT934125.1	16014	16038	+	16014	258.732213	86.244071	16014	16038	25	25
C6_6h	41	LT934125.1	22861	22861	+	22861	86.244071	86.244071	22861	22861	1	1
C6_6h	42	LT934125.1	23570	23570	+	23570	86.244071	86.244071	23570	23570	1	1
C6_6h	43	LT934125.1	24083	24083	+	24083	86.244071	86.244071	24083	24083	1	1
C6_6h	44	LT934125.1	25174	25174	+	25174	86.244071	86.244071	25174	25174	1	1
C6_6h	45	LT934125.1	25420	25424	+	25420	776.196637	344.976283	25420	25424	5	5
C6_6h	46	LT934125.1	25840	25840	+	25840	86.244071	86.244071	25840	25840	1	1
C6_6h	47	LT934125.1	26135	26135	+	26135	86.244071	86.244071	26135	26135	1	1
C6_6h	48	LT934125.1	27684	27684	+	27684	86.244071	86.244071	27684	27684	1	1
C6_6h	49	LT934125.1	27873	27873	+	27873	86.244071	86.244071	27873	27873	1	1
C6_6h	50	LT934125.1	28433	28433	+	28433	86.244071	86.244071	28433	28433	1	1
C6_6h	51	LT934125.1	28681	28681	+	28681	86.244071	86.244071	28681	28681	1	1
C6_6h	52	LT934125.1	28804	28804	+	28804	86.244071	86.244071	28804	28804	1	1
C6_6h	53	LT934125.1	28905	28905	+	28905	86.244071	86.244071	28905	28905	1	1
C6_6h	54	LT934125.1	29124	29124	+	29124	86.244071	86.244071	29124	29124	1	1
C6_6h	55	LT934125.1	29312	29312	+	29312	86.244071	86.244071	29312	29312	1	1
C6_6h	56	LT934125.1	29465	29473	+	29465	258.732212	172.488141	29465	29473	9	9
C6_6h	57	LT934125.1	30026	30026	+	30026	86.244071	86.244071	30026	30026	1	1
C6_6h	58	LT934125.1	30235	30293	+	30240	1724.881415	689.952566	30235	30269	35	59
C6_6h	59	LT934125.1	30480	30480	+	30480	86.244071	86.244071	30480	30480	1	1
C6_6h	60	LT934125.1	30686	30686	+	30686	172.488141	172.488141	30686	30686	1	1
C6_6h	61	LT934125.1	30832	30844	+	30832	172.488142	86.244071	30832	30844	13	13
C6_6h	62	LT934125.1	31093	31101	+	31098	15868.909012	12850.366537	31096	31098	3	9
C6_6h	63	LT934125.1	31281	31295	+	31281	172.488142	86.244071	31281	31295	15	15
C6_6h	64	LT934125.1	31507	31507	+	31507	86.244071	86.244071	31507	31507	1	1
C6_6h	65	LT934125.1	31795	31795	+	31795	86.244071	86.244071	31795	31795	1	1
C6_6h	66	LT934125.1	32028	32040	+	32038	21992.238035	10263.044416	32036	32038	3	13
C6_6h	67	LT934125.1	32307	32307	+	32307	86.244071	86.244071	32307	32307	1	1
C6_6h	68	LT934125.1	32421	32421	+	32421	86.244071	86.244071	32421	32421	1	1
C6_6h	69	LT934125.1	33387	33387	+	33387	86.244071	86.244071	33387	33387	1	1
C6_6h	70	LT934125.1	33564	33564	+	33564	86.244071	86.244071	33564	33564	1	1
C6_6h	71	LT934125.1	33698	33698	+	33698	86.244071	86.244071	33698	33698	1	1
C6_6h	72	LT934125.1	33900	33900	+	33900	86.244071	86.244071	33900	33900	1	1
C6_6h	73	LT934125.1	35251	35251	+	35251	86.244071	86.244071	35251	35251	1	1
C6_6h	74	LT934125.1	43230	43230	+	43230	86.244071	86.244071	43230	43230	1	1
C6_6h	75	LT934125.1	43563	43571	+	43563	258.732213	86.244071	43563	43571	9	9
C6_6h	76	LT934125.1	43947	43947	+	43947	86.244071	86.244071	43947	43947	1	1
C6_6h	77	LT934125.1	44405	44405	+	44405	86.244071	86.244071	44405	44405	1	1
C6_6h	78	LT934125.1	44807	44814	+	44812	13022.854679	9055.627426	44810	44812	3	8
C6_6h	79	LT934125.1	45069	45069	+	45069	86.244071	86.244071	45069	45069	1	1
C6_6h	80	LT934125.1	45415	45415	+	45415	86.244071	86.244071	45415	45415	1	1
C6_6h	81	LT934125.1	46010	46032	+	46024	1724.881414	431.220354	46023	46029	7	23
C6_6h	82	LT934125.1	46233	46237	+	46233	1811.125485	689.952566	46233	46236	4	5
C6_6h	83	LT934125.1	46489	46489	+	46489	86.244071	86.244071	46489	46489	1	1
C6_6h	84	LT934125.1	46781	46782	+	46781	172.488142	86.244071	46781	46782	2	2
C6_6h	85	LT934125.1	47008	47008	+	47008	86.244071	86.244071	47008	47008	1	1
C6_6h	86	LT934125.1	47282	47344	+	47317	689.952566	172.488141	47282	47344	63	63
C6_6h	87	LT934125.1	47562	47562	+	47562	172.488141	172.488141	47562	47562	1	1
C6_6h	88	LT934125.1	47677	47677	+	47677	86.244071	86.244071	47677	47677	1	1
C6_6h	89	LT934125.1	47939	47939	+	47939	86.244071	86.244071	47939	47939	1	1
C6_6h	90	LT934125.1	48108	48108	+	48108	86.244071	86.244071	48108	48108	1	1
C6_6h	91	LT934125.1	48253	48254	+	48253	172.488142	86.244071	48253	48254	2	2
C6_6h	92	LT934125.1	48373	48377	+	48373	172.488142	86.244071	48373	48377	5	5
C6_6h	93	LT934125.1	48565	48571	+	48567	19577.404053	14316.51574	48567	48570	4	7
C6_6h	94	LT934125.1	48726	48761	+	48726	344.976283	172.488141	48726	48761	36	36
C6_6h	95	LT934125.1	48950	48950	+	48950	86.244071	86.244071	48950	48950	1	1
C6_6h	96	LT934125.1	49307	49331	+	49307	172.488142	86.244071	49307	49331	25	25
C6_6h	97	LT934125.1	49543	49543	+	49543	86.244071	86.244071	49543	49543	1	1
C6_6h	98	LT934125.1	49967	49967	+	49967	86.244071	86.244071	49967	49967	1	1
C6_6h	99	LT934125.1	50154	50161	+	50154	258.732212	172.488141	50154	50161	8	8
C6_6h	100	LT934125.1	50370	50370	+	50370	86.244071	86.244071	50370	50370	1	1
C6_6h	101	LT934125.1	51230	51238	+	51235	8883.139286	5692.108668	51235	51237	3	9
C6_6h	102	LT934125.1	51398	51398	+	51398	86.244071	86.244071	51398	51398	1	1
C6_6h	103	LT934125.1	51503	51503	+	51503	86.244071	86.244071	51503	51503	1	1
C6_6h	104	LT934125.1	52038	52038	+	52038	86.244071	86.244071	52038	52038	1	1
C6_6h	105	LT934125.1	52242	52262	+	52242	172.488142	86.244071	52242	52262	21	21
C6_6h	106	LT934125.1	52437	52484	+	52460	11642.94955	9141.871496	52444	52460	17	48
C6_6h	107	LT934125.1	52716	52716	+	52716	86.244071	86.244071	52716	52716	1	1
C6_6h	108	LT934125.1	53060	53067	+	53060	172.488142	86.244071	53060	53067	8	8
C6_6h	109	LT934125.1	53212	53212	+	53212	86.244071	86.244071	53212	53212	1	1
C6_6h	110	LT934125.1	53644	53652	+	53648	5260.888314	4398.447607	53648	53649	2	9
C6_6h	111	LT934125.1	53756	53782	+	53756	258.732213	86.244071	53756	53782	27	27
C6_6h	112	LT934125.1	53902	53905	+	53902	172.488142	86.244071	53902	53905	4	4
C6_6h	113	LT934125.1	54207	54231	+	54207	172.488142	86.244071	54207	54231	25	25
C6_6h	114	LT934125.1	54474	54475	+	54474	344.976283	258.732212	54474	54475	2	2
C6_6h	115	LT934125.1	54660	54660	+	54660	172.488141	172.488141	54660	54660	1	1
C6_6h	116	LT934125.1	54887	54887	+	54887	86.244071	86.244071	54887	54887	1	1
C6_6h	117	LT934125.1	55168	55168	+	55168	86.244071	86.244071	55168	55168	1	1
C6_6h	118	LT934125.1	55303	55353	+	55318	689.952566	172.488141	55303	55353	51	51
C6_6h	119	LT934125.1	55484	55484	+	55484	86.244071	86.244071	55484	55484	1	1
C6_6h	120	LT934125.1	55874	55892	+	55874	344.976283	258.732212	55874	55892	19	19
C6_6h	121	LT934125.1	56756	56756	+	56756	86.244071	86.244071	56756	56756	1	1
C6_6h	122	LT934125.1	57166	57166	+	57166	86.244071	86.244071	57166	57166	1	1
C6_6h	123	LT934125.1	58163	58163	+	58163	172.488141	172.488141	58163	58163	1	1
C6_6h	124	LT934125.1	58468	58479	+	58468	172.488142	86.244071	58468	58479	12	12
C6_6h	125	LT934125.1	59039	59074	+	59068	19836.136266	8883.139284	59044	59070	27	36
C6_6h	126	LT934125.1	59312	59312	+	59312	86.244071	86.244071	59312	59312	1	1
C6_6h	127	LT934125.1	59426	59426	+	59426	86.244071	86.244071	59426	59426	1	1
C6_6h	128	LT934125.1	59674	59674	+	59674	172.488141	172.488141	59674	59674	1	1
C6_6h	129	LT934125.1	59792	59792	+	59792	86.244071	86.244071	59792	59792	1	1
C6_6h	130	LT934125.1	59956	59956	+	59956	86.244071	86.244071	59956	59956	1	1
C6_6h	131	LT934125.1	60232	60260	+	60234	2328.58991	948.684778	60234	60256	23	29
C6_6h	132	LT934125.1	60427	60427	+	60427	86.244071	86.244071	60427	60427	1	1
C6_6h	133	LT934125.1	60683	60683	+	60683	86.244071	86.244071	60683	60683	1	1
C6_6h	134	LT934125.1	60915	60940	+	60915	258.732213	86.244071	60915	60940	26	26
C6_6h	135	LT934125.1	61078	61078	+	61078	86.244071	86.244071	61078	61078	1	1
C6_6h	136	LT934125.1	61178	61178	+	61178	86.244071	86.244071	61178	61178	1	1
C6_6h	137	LT934125.1	61436	61436	+	61436	86.244071	86.244071	61436	61436	1	1
C6_6h	138	LT934125.1	61724	61733	+	61724	172.488142	86.244071	61724	61733	10	10
C6_6h	139	LT934125.1	64158	64158	+	64158	86.244071	86.244071	64158	64158	1	1
C6_6h	140	LT934125.1	64576	64576	+	64576	86.244071	86.244071	64576	64576	1	1
C6_6h	141	LT934125.1	64979	64979	+	64979	86.244071	86.244071	64979	64979	1	1
C6_6h	142	LT934125.1	65412	65412	+	65412	86.244071	86.244071	65412	65412	1	1
C6_6h	143	LT934125.1	65805	65815	+	65805	258.732213	86.244071	65805	65815	11	11
C6_6h	144	LT934125.1	66335	66344	+	66338	3794.739113	2242.345839	66338	66341	4	10
C6_6h	145	LT934125.1	66579	66579	+	66579	86.244071	86.244071	66579	66579	1	1
C6_6h	146	LT934125.1	66786	66786	+	66786	86.244071	86.244071	66786	66786	1	1
C6_6h	147	LT934125.1	67025	67025	+	67025	86.244071	86.244071	67025	67025	1	1
C6_6h	148	LT934125.1	67581	67604	+	67581	172.488142	86.244071	67581	67604	24	24
C6_6h	149	LT934125.1	67775	67775	+	67775	86.244071	86.244071	67775	67775	1	1
C6_6h	150	LT934125.1	67964	67964	+	67964	86.244071	86.244071	67964	67964	1	1
C6_6h	151	LT934125.1	68147	68147	+	68147	86.244071	86.244071	68147	68147	1	1
C6_6h	152	LT934125.1	68408	68437	+	68408	172.488142	86.244071	68408	68437	30	30
C6_6h	153	LT934125.1	68622	68622	+	68622	86.244071	86.244071	68622	68622	1	1
C6_6h	154	LT934125.1	68858	68858	+	68858	86.244071	86.244071	68858	68858	1	1
C6_6h	155	LT934125.1	69032	69032	+	69032	86.244071	86.244071	69032	69032	1	1
C6_6h	156	LT934125.1	69237	69247	+	69237	431.220353	172.488141	69237	69247	11	11
C6_6h	157	LT934125.1	69475	69475	+	69475	86.244071	86.244071	69475	69475	1	1
C6_6h	158	LT934125.1	69765	69785	+	69765	431.220353	172.488141	69765	69785	21	21
C6_6h	159	LT934125.1	69889	69889	+	69889	86.244071	86.244071	69889	69889	1	1
C6_6h	160	LT934125.1	70090	70090	+	70090	1121.172919	1121.172919	70090	70090	1	1
C6_6h	161	LT934125.1	70232	70232	+	70232	86.244071	86.244071	70232	70232	1	1
C6_6h	162	LT934125.1	70336	70369	+	70336	258.732213	86.244071	70336	70369	34	34
C6_6h	163	LT934125.1	70525	70534	+	70531	31824.062096	18025.010781	70529	70531	3	10
C6_6h	164	LT934125.1	70780	70780	+	70780	86.244071	86.244071	70780	70780	1	1
C6_6h	165	LT934125.1	70963	70963	+	70963	86.244071	86.244071	70963	70963	1	1
C6_6h	166	LT934125.1	71224	71224	+	71224	172.488141	172.488141	71224	71224	1	1
C6_6h	167	LT934125.1	71380	71380	+	71380	86.244071	86.244071	71380	71380	1	1
C6_6h	168	LT934125.1	71905	71905	+	71905	86.244071	86.244071	71905	71905	1	1
C6_6h	169	LT934125.1	72329	72329	+	72329	86.244071	86.244071	72329	72329	1	1
C6_6h	170	LT934125.1	72758	72763	+	72759	517.464425	344.976283	72758	72763	6	6
C6_6h	171	LT934125.1	74191	74191	+	74191	86.244071	86.244071	74191	74191	1	1
C6_6h	172	LT934125.1	74396	74414	+	74402	17335.058214	7761.966365	74400	74403	4	19
C6_6h	173	LT934125.1	74701	74714	+	74701	172.488142	86.244071	74701	74714	14	14
C6_6h	174	LT934125.1	74876	74876	+	74876	86.244071	86.244071	74876	74876	1	1
C6_6h	175	LT934125.1	75183	75183	+	75183	86.244071	86.244071	75183	75183	1	1
C6_6h	176	LT934125.1	75289	75313	+	75289	172.488142	86.244071	75289	75313	25	25
C6_6h	177	LT934125.1	75653	75653	+	75653	86.244071	86.244071	75653	75653	1	1
C6_6h	178	LT934125.1	76674	76688	+	76683	1897.369557	948.684778	76683	76685	3	15
C6_6h	179	LT934125.1	76990	76992	+	76990	603.708495	431.220354	76990	76992	3	3
C6_6h	180	LT934125.1	77226	77226	+	77226	86.244071	86.244071	77226	77226	1	1
C6_6h	181	LT934125.1	77552	77552	+	77552	86.244071	86.244071	77552	77552	1	1
C6_6h	182	LT934125.1	77933	77954	+	77933	172.488142	86.244071	77933	77954	22	22
C6_6h	183	LT934125.1	78035	78068	+	78044	5864.59681	2242.345839	78039	78062	24	34
C6_6h	184	LT934125.1	78228	78228	+	78228	86.244071	86.244071	78228	78228	1	1
C6_6h	185	LT934125.1	78436	78436	+	78436	172.488141	172.488141	78436	78436	1	1
C6_6h	186	LT934125.1	78597	78597	+	78597	86.244071	86.244071	78597	78597	1	1
C6_6h	187	LT934125.1	78763	78763	+	78763	86.244071	86.244071	78763	78763	1	1
C6_6h	188	LT934125.1	78999	78999	+	78999	86.244071	86.244071	78999	78999	1	1
C6_6h	189	LT934125.1	79146	79146	+	79146	86.244071	86.244071	79146	79146	1	1
C6_6h	190	LT934125.1	79437	79448	+	79444	18887.451488	14230.271669	79440	79444	5	12
C6_6h	191	LT934125.1	80543	80543	+	80543	86.244071	86.244071	80543	80543	1	1
C6_6h	192	LT934125.1	81081	81082	+	81082	258.732212	172.488141	81081	81082	2	2
C6_6h	193	LT934125.1	81436	81436	+	81436	86.244071	86.244071	81436	81436	1	1
C6_6h	194	LT934125.1	82790	82790	+	82790	86.244071	86.244071	82790	82790	1	1
C6_6h	195	LT934125.1	83793	83793	+	83793	86.244071	86.244071	83793	83793	1	1
C6_6h	196	LT934125.1	83980	83994	+	83980	172.488142	86.244071	83980	83994	15	15
C6_6h	197	LT934125.1	84182	84182	+	84182	86.244071	86.244071	84182	84182	1	1
C6_6h	198	LT934125.1	85000	85000	+	85000	86.244071	86.244071	85000	85000	1	1
C6_6h	199	LT934125.1	85104	85104	+	85104	86.244071	86.244071	85104	85104	1	1
C6_6h	200	LT934125.1	85493	85528	+	85493	258.732213	86.244071	85493	85528	36	36
C6_6h	201	LT934125.1	86282	86282	+	86282	172.488141	172.488141	86282	86282	1	1
C6_6h	202	LT934125.1	88068	88068	+	88068	86.244071	86.244071	88068	88068	1	1
C6_6h	203	LT934125.1	88646	88646	+	88646	86.244071	86.244071	88646	88646	1	1
C6_6h	204	LT934125.1	88883	88888	+	88888	431.220353	258.732212	88883	88888	6	6
C6_6h	205	LT934125.1	89393	89393	+	89393	172.488141	172.488141	89393	89393	1	1
C6_6h	206	LT934125.1	89761	89761	+	89761	86.244071	86.244071	89761	89761	1	1
C6_6h	207	LT934125.1	90029	90029	+	90029	86.244071	86.244071	90029	90029	1	1
C6_6h	208	LT934125.1	90243	90243	+	90243	86.244071	86.244071	90243	90243	1	1
C6_6h	209	LT934125.1	90369	90381	+	90381	517.464425	431.220354	90369	90381	13	13
C6_6h	210	LT934125.1	90530	90530	+	90530	86.244071	86.244071	90530	90530	1	1
C6_6h	211	LT934125.1	90710	90710	+	90710	86.244071	86.244071	90710	90710	1	1
C6_6h	212	LT934125.1	90908	90943	+	90908	258.732213	86.244071	90908	90943	36	36
C6_6h	213	LT934125.1	91143	91154	+	91143	172.488142	86.244071	91143	91154	12	12
C6_6h	214	LT934125.1	91409	91415	+	91409	1811.125485	776.196636	91409	91412	4	7
C6_6h	215	LT934125.1	91545	91555	+	91548	431.220354	172.488141	91545	91555	11	11
C6_6h	216	LT934125.1	91761	91761	+	91761	86.244071	86.244071	91761	91761	1	1
C6_6h	217	LT934125.1	92482	92482	+	92482	86.244071	86.244071	92482	92482	1	1
C6_6h	218	LT934125.1	94102	94102	+	94102	86.244071	86.244071	94102	94102	1	1
C6_6h	219	LT934125.1	96016	96016	+	96016	86.244071	86.244071	96016	96016	1	1
C6_6h	220	LT934125.1	96948	96948	+	96948	86.244071	86.244071	96948	96948	1	1
C6_6h	221	LT934125.1	98712	98712	+	98712	86.244071	86.244071	98712	98712	1	1
C6_6h	222	LT934125.1	101386	101386	+	101386	86.244071	86.244071	101386	101386	1	1
C6_6h	223	LT934125.1	104558	104558	+	104558	86.244071	86.244071	104558	104558	1	1
C6_6h	224	LT934125.1	104763	104763	+	104763	86.244071	86.244071	104763	104763	1	1
C6_6h	225	LT934125.1	105271	105271	+	105271	86.244071	86.244071	105271	105271	1	1
C6_6h	226	LT934125.1	106182	106182	+	106182	86.244071	86.244071	106182	106182	1	1
C6_6h	227	LT934125.1	106398	106398	+	106398	86.244071	86.244071	106398	106398	1	1
C6_6h	228	LT934125.1	106853	106853	+	106853	86.244071	86.244071	106853	106853	1	1
C6_6h	229	LT934125.1	107031	107031	+	107031	86.244071	86.244071	107031	107031	1	1
C6_6h	230	LT934125.1	107344	107398	+	107344	431.220355	86.244071	107344	107398	55	55
C6_6h	231	LT934125.1	107429	107485	+	107483	1293.661062	344.976283	107432	107484	53	57
C6_6h	232	LT934125.1	107614	107614	+	107614	172.488141	172.488141	107614	107614	1	1
C6_6h	233	LT934125.1	107754	107754	+	107754	172.488141	172.488141	107754	107754	1	1
C6_6h	234	LT934125.1	107940	107940	+	107940	86.244071	86.244071	107940	107940	1	1
C6_6h	235	LT934125.1	108051	108051	+	108051	86.244071	86.244071	108051	108051	1	1
C6_6h	236	LT934125.1	108310	108338	+	108310	172.488142	86.244071	108310	108338	29	29
C6_6h	237	LT934125.1	109072	109072	+	109072	86.244071	86.244071	109072	109072	1	1
C6_6h	238	LT934125.1	112884	112884	+	112884	86.244071	86.244071	112884	112884	1	1
C6_6h	239	LT934125.1	113243	113243	+	113243	86.244071	86.244071	113243	113243	1	1
C6_6h	240	LT934125.1	114979	114988	+	114985	78395.860285	64769.297111	114985	114986	2	10
C6_6h	241	LT934125.1	115266	115272	+	115266	172.488142	86.244071	115266	115272	7	7
C6_6h	242	LT934125.1	115464	115475	+	115475	258.732212	172.488141	115464	115475	12	12
C6_6h	243	LT934125.1	115815	115829	+	115815	258.732212	172.488141	115815	115829	15	15
C6_6h	244	LT934125.1	116139	116216	+	116170	862.440708	172.488141	116139	116216	78	78
C6_6h	245	LT934125.1	116607	116649	+	116622	517.464425	258.732212	116607	116649	43	43
C6_6h	246	LT934125.1	117607	117607	+	117607	86.244071	86.244071	117607	117607	1	1
C6_6h	247	LT934125.1	117768	117791	+	117769	1466.149202	1034.928849	117769	117791	23	24
C6_6h	248	LT934125.1	118278	118278	+	118278	86.244071	86.244071	118278	118278	1	1
C6_6h	249	LT934125.1	118450	118450	+	118450	86.244071	86.244071	118450	118450	1	1
C6_6h	250	LT934125.1	118754	118754	+	118754	86.244071	86.244071	118754	118754	1	1
C6_6h	251	LT934125.1	118859	118868	+	118864	48641.655885	28546.787408	118860	118866	7	10
C6_6h	252	LT934125.1	119157	119176	+	119157	258.732213	86.244071	119157	119176	20	20
C6_6h	253	LT934125.1	119337	119369	+	119337	258.732213	86.244071	119337	119369	33	33
C6_6h	254	LT934125.1	119567	119567	+	119567	172.488141	172.488141	119567	119567	1	1
C6_6h	255	LT934125.1	119808	119871	+	119808	689.952566	172.488141	119808	119871	64	64
C6_6h	256	LT934125.1	120257	120257	+	120257	172.488141	172.488141	120257	120257	1	1
C6_6h	257	LT934125.1	120361	120361	+	120361	86.244071	86.244071	120361	120361	1	1
C6_6h	258	LT934125.1	120555	120557	+	120555	3536.0069	2156.101768	120555	120557	3	3
C6_6h	259	LT934125.1	120937	120939	+	120937	344.976283	258.732212	120937	120939	3	3
C6_6h	260	LT934125.1	121180	121180	+	121180	86.244071	86.244071	121180	121180	1	1
C6_6h	261	LT934125.1	121515	121515	+	121515	172.488141	172.488141	121515	121515	1	1
C6_6h	262	LT934125.1	121619	121626	+	121619	172.488142	86.244071	121619	121626	8	8
C6_6h	263	LT934125.1	121783	121792	+	121784	14575.247953	8451.918931	121784	121786	3	10
C6_6h	264	LT934125.1	122032	122032	+	122032	86.244071	86.244071	122032	122032	1	1
C6_6h	265	LT934125.1	122276	122276	+	122276	86.244071	86.244071	122276	122276	1	1
C6_6h	266	LT934125.1	122463	122463	+	122463	86.244071	86.244071	122463	122463	1	1
C6_6h	267	LT934125.1	122638	122638	+	122638	86.244071	86.244071	122638	122638	1	1
C6_6h	268	LT934125.1	122960	122988	+	122979	8796.895212	4570.935748	122979	122983	5	29
C6_6h	269	LT934125.1	123095	123095	+	123095	86.244071	86.244071	123095	123095	1	1
C6_6h	270	LT934125.1	123219	123219	+	123219	86.244071	86.244071	123219	123219	1	1
C6_6h	271	LT934125.1	123484	123484	+	123484	172.488141	172.488141	123484	123484	1	1
C6_6h	272	LT934125.1	123569	123596	+	123587	431.220354	172.488141	123569	123596	28	28
C6_6h	273	LT934125.1	123780	123788	+	123780	258.732212	172.488141	123780	123788	9	9
C6_6h	274	LT934125.1	124037	124037	+	124037	172.488141	172.488141	124037	124037	1	1
C6_6h	275	LT934125.1	124306	124316	+	124306	344.976283	258.732212	124306	124316	11	11
C6_6h	276	LT934125.1	124642	124642	+	124642	86.244071	86.244071	124642	124642	1	1
C6_6h	277	LT934125.1	124756	124757	+	124756	6382.061233	6209.573092	124756	124756	1	2
C6_6h	278	LT934125.1	125058	125061	+	125058	172.488142	86.244071	125058	125061	4	4
C6_6h	279	LT934125.1	125223	125229	+	125225	27511.858559	13799.051315	125223	125226	4	7
C6_6h	280	LT934125.1	125463	125493	+	125493	344.976283	172.488141	125463	125493	31	31
C6_6h	281	LT934125.1	125599	125599	+	125599	86.244071	86.244071	125599	125599	1	1
C6_6h	282	LT934125.1	125715	125729	+	125729	258.732212	172.488141	125715	125729	15	15
C6_6h	283	LT934125.1	126808	126825	+	126808	172.488142	86.244071	126808	126825	18	18
C6_6h	284	LT934125.1	127147	127147	+	127147	86.244071	86.244071	127147	127147	1	1
C6_6h	285	LT934125.1	128051	128079	+	128061	948.684778	258.732212	128052	128079	28	29
C6_6h	286	LT934125.1	128185	128195	+	128185	344.976283	172.488141	128185	128195	11	11
C6_6h	287	LT934125.1	130291	130291	+	130291	86.244071	86.244071	130291	130291	1	1
C6_6h	288	LT934125.1	136158	136158	+	136158	603.708495	603.708495	136158	136158	1	1
C6_6h	289	LT934125.1	136338	136372	+	136348	776.196637	258.732212	136338	136372	35	35
C6_6h	290	LT934125.1	136670	136670	+	136670	172.488141	172.488141	136670	136670	1	1
C6_6h	291	LT934125.1	137044	137044	+	137044	86.244071	86.244071	137044	137044	1	1
C6_6h	292	LT934125.1	139828	139828	+	139828	86.244071	86.244071	139828	139828	1	1
C6_6h	293	LT934125.1	141066	141066	+	141066	86.244071	86.244071	141066	141066	1	1
C6_6h	294	LT934125.1	141778	141778	+	141778	86.244071	86.244071	141778	141778	1	1
C6_6h	295	LT934125.1	1925	1956	-	1925	258.732213	86.244071	1925	1956	32	32
C6_6h	296	LT934125.1	2140	2140	-	2140	86.244071	86.244071	2140	2140	1	1
C6_6h	297	LT934125.1	2977	2977	-	2977	86.244071	86.244071	2977	2977	1	1
C6_6h	298	LT934125.1	3305	3319	-	3305	172.488142	86.244071	3305	3319	15	15
C6_6h	299	LT934125.1	3877	3912	-	3910	4570.93575	2242.345839	3880	3911	32	36
C6_6h	300	LT934125.1	4188	4210	-	4210	431.220354	344.976283	4188	4210	23	23
C6_6h	301	LT934125.1	4439	4458	-	4439	172.488142	86.244071	4439	4458	20	20
C6_6h	302	LT934125.1	4684	4684	-	4684	86.244071	86.244071	4684	4684	1	1
C6_6h	303	LT934125.1	4923	4927	-	4925	603.708496	258.732212	4923	4927	5	5
C6_6h	304	LT934125.1	5171	5171	-	5171	86.244071	86.244071	5171	5171	1	1
C6_6h	305	LT934125.1	5676	5676	-	5676	86.244071	86.244071	5676	5676	1	1
C6_6h	306	LT934125.1	5966	5966	-	5966	86.244071	86.244071	5966	5966	1	1
C6_6h	307	LT934125.1	7758	7758	-	7758	86.244071	86.244071	7758	7758	1	1
C6_6h	308	LT934125.1	8371	8371	-	8371	86.244071	86.244071	8371	8371	1	1
C6_6h	309	LT934125.1	8997	8997	-	8997	344.976283	344.976283	8997	8997	1	1
C6_6h	310	LT934125.1	9490	9534	-	9494	6640.793447	5347.132385	9494	9499	6	45
C6_6h	311	LT934125.1	9964	9964	-	9964	86.244071	86.244071	9964	9964	1	1
C6_6h	312	LT934125.1	10378	10378	-	10378	86.244071	86.244071	10378	10378	1	1
C6_6h	313	LT934125.1	10512	10512	-	10512	86.244071	86.244071	10512	10512	1	1
C6_6h	314	LT934125.1	11389	11389	-	11389	86.244071	86.244071	11389	11389	1	1
C6_6h	315	LT934125.1	12446	12446	-	12446	86.244071	86.244071	12446	12446	1	1
C6_6h	316	LT934125.1	13185	13185	-	13185	86.244071	86.244071	13185	13185	1	1
C6_6h	317	LT934125.1	13965	13965	-	13965	86.244071	86.244071	13965	13965	1	1
C6_6h	318	LT934125.1	15127	15127	-	15127	86.244071	86.244071	15127	15127	1	1
C6_6h	319	LT934125.1	16791	16791	-	16791	86.244071	86.244071	16791	16791	1	1
C6_6h	320	LT934125.1	17339	17363	-	17341	603.708496	258.732212	17339	17363	25	25
C6_6h	321	LT934125.1	17732	17732	-	17732	86.244071	86.244071	17732	17732	1	1
C6_6h	322	LT934125.1	17970	17986	-	17978	517.464425	172.488141	17970	17986	17	17
C6_6h	323	LT934125.1	18137	18161	-	18137	172.488142	86.244071	18137	18161	25	25
C6_6h	324	LT934125.1	18368	18368	-	18368	86.244071	86.244071	18368	18368	1	1
C6_6h	325	LT934125.1	18693	18693	-	18693	86.244071	86.244071	18693	18693	1	1
C6_6h	326	LT934125.1	18797	18797	-	18797	86.244071	86.244071	18797	18797	1	1
C6_6h	327	LT934125.1	19081	19103	-	19081	172.488142	86.244071	19081	19103	23	23
C6_6h	328	LT934125.1	19353	19353	-	19353	86.244071	86.244071	19353	19353	1	1
C6_6h	329	LT934125.1	19469	19486	-	19471	12332.902113	6640.793445	19471	19473	3	18
C6_6h	330	LT934125.1	19926	19926	-	19926	86.244071	86.244071	19926	19926	1	1
C6_6h	331	LT934125.1	20026	20026	-	20026	86.244071	86.244071	20026	20026	1	1
C6_6h	332	LT934125.1	20215	20215	-	20215	86.244071	86.244071	20215	20215	1	1
C6_6h	333	LT934125.1	20590	20590	-	20590	86.244071	86.244071	20590	20590	1	1
C6_6h	334	LT934125.1	20949	20949	-	20949	86.244071	86.244071	20949	20949	1	1
C6_6h	335	LT934125.1	21426	21426	-	21426	86.244071	86.244071	21426	21426	1	1
C6_6h	336	LT934125.1	21644	21644	-	21644	86.244071	86.244071	21644	21644	1	1
C6_6h	337	LT934125.1	21939	21967	-	21939	603.708495	172.488141	21939	21967	29	29
C6_6h	338	LT934125.1	22125	22144	-	22125	172.488142	86.244071	22125	22144	20	20
C6_6h	339	LT934125.1	22267	22267	-	22267	86.244071	86.244071	22267	22267	1	1
C6_6h	340	LT934125.1	22458	22458	-	22458	172.488141	172.488141	22458	22458	1	1
C6_6h	341	LT934125.1	22559	22559	-	22559	86.244071	86.244071	22559	22559	1	1
C6_6h	342	LT934125.1	22898	22924	-	22924	258.732212	172.488141	22898	22924	27	27
C6_6h	343	LT934125.1	23540	23540	-	23540	86.244071	86.244071	23540	23540	1	1
C6_6h	344	LT934125.1	23789	23789	-	23789	86.244071	86.244071	23789	23789	1	1
C6_6h	345	LT934125.1	23992	23992	-	23992	86.244071	86.244071	23992	23992	1	1
C6_6h	346	LT934125.1	24434	24434	-	24434	86.244071	86.244071	24434	24434	1	1
C6_6h	347	LT934125.1	24683	24683	-	24683	86.244071	86.244071	24683	24683	1	1
C6_6h	348	LT934125.1	25102	25102	-	25102	86.244071	86.244071	25102	25102	1	1
C6_6h	349	LT934125.1	25309	25320	-	25313	1379.905131	862.440707	25309	25314	6	12
C6_6h	350	LT934125.1	25824	25824	-	25824	86.244071	86.244071	25824	25824	1	1
C6_6h	351	LT934125.1	28550	28572	-	28550	258.732213	86.244071	28550	28572	23	23
C6_6h	352	LT934125.1	28916	28936	-	28936	258.732212	172.488141	28916	28936	21	21
C6_6h	353	LT934125.1	29286	29310	-	29291	689.952567	344.976283	29286	29310	25	25
C6_6h	354	LT934125.1	29407	29417	-	29414	21129.797327	6209.573092	29409	29414	6	11
C6_6h	355	LT934125.1	29747	29756	-	29747	172.488142	86.244071	29747	29756	10	10
C6_6h	356	LT934125.1	29972	29972	-	29972	86.244071	86.244071	29972	29972	1	1
C6_6h	357	LT934125.1	30141	30151	-	30141	172.488142	86.244071	30141	30151	11	11
C6_6h	358	LT934125.1	30425	30425	-	30425	86.244071	86.244071	30425	30425	1	1
C6_6h	359	LT934125.1	30557	30578	-	30557	172.488142	86.244071	30557	30578	22	22
C6_6h	360	LT934125.1	30877	30882	-	30877	1552.393274	1379.905132	30877	30878	2	6
C6_6h	361	LT934125.1	31129	31129	-	31129	86.244071	86.244071	31129	31129	1	1
C6_6h	362	LT934125.1	31504	31504	-	31504	86.244071	86.244071	31504	31504	1	1
C6_6h	363	LT934125.1	32128	32128	-	32128	86.244071	86.244071	32128	32128	1	1
C6_6h	364	LT934125.1	32370	32370	-	32370	86.244071	86.244071	32370	32370	1	1
C6_6h	365	LT934125.1	32836	32870	-	32842	603.708496	431.220354	32836	32870	35	35
C6_6h	366	LT934125.1	33035	33087	-	33035	258.732213	86.244071	33035	33087	53	53
C6_6h	367	LT934125.1	33304	33304	-	33304	86.244071	86.244071	33304	33304	1	1
C6_6h	368	LT934125.1	33566	33566	-	33566	86.244071	86.244071	33566	33566	1	1
C6_6h	369	LT934125.1	33827	33827	-	33827	86.244071	86.244071	33827	33827	1	1
C6_6h	370	LT934125.1	34175	34175	-	34175	86.244071	86.244071	34175	34175	1	1
C6_6h	371	LT934125.1	34405	34480	-	34474	3104.786546	1034.928849	34436	34478	43	76
C6_6h	372	LT934125.1	36431	36431	-	36431	86.244071	86.244071	36431	36431	1	1
C6_6h	373	LT934125.1	37833	37833	-	37833	86.244071	86.244071	37833	37833	1	1
C6_6h	374	LT934125.1	39068	39068	-	39068	86.244071	86.244071	39068	39068	1	1
C6_6h	375	LT934125.1	41171	41171	-	41171	86.244071	86.244071	41171	41171	1	1
C6_6h	376	LT934125.1	41995	41995	-	41995	86.244071	86.244071	41995	41995	1	1
C6_6h	377	LT934125.1	42403	42403	-	42403	86.244071	86.244071	42403	42403	1	1
C6_6h	378	LT934125.1	42516	42516	-	42516	86.244071	86.244071	42516	42516	1	1
C6_6h	379	LT934125.1	42704	42704	-	42704	86.244071	86.244071	42704	42704	1	1
C6_6h	380	LT934125.1	42825	42825	-	42825	86.244071	86.244071	42825	42825	1	1
C6_6h	381	LT934125.1	43032	43052	-	43032	172.488142	86.244071	43032	43052	21	21
C6_6h	382	LT934125.1	43158	43158	-	43158	86.244071	86.244071	43158	43158	1	1
C6_6h	383	LT934125.1	43351	43378	-	43351	172.488142	86.244071	43351	43378	28	28
C6_6h	384	LT934125.1	43598	43598	-	43598	86.244071	86.244071	43598	43598	1	1
C6_6h	385	LT934125.1	44150	44150	-	44150	86.244071	86.244071	44150	44150	1	1
C6_6h	386	LT934125.1	44756	44756	-	44756	86.244071	86.244071	44756	44756	1	1
C6_6h	387	LT934125.1	44886	44893	-	44889	1466.149202	776.196636	44886	44893	8	8
C6_6h	388	LT934125.1	45649	45649	-	45649	86.244071	86.244071	45649	45649	1	1
C6_6h	389	LT934125.1	46008	46008	-	46008	86.244071	86.244071	46008	46008	1	1
C6_6h	390	LT934125.1	47110	47110	-	47110	86.244071	86.244071	47110	47110	1	1
C6_6h	391	LT934125.1	47962	47962	-	47962	86.244071	86.244071	47962	47962	1	1
C6_6h	392	LT934125.1	48444	48444	-	48444	86.244071	86.244071	48444	48444	1	1
C6_6h	393	LT934125.1	49357	49357	-	49357	86.244071	86.244071	49357	49357	1	1
C6_6h	394	LT934125.1	50592	50641	-	50641	431.220354	172.488141	50592	50641	50	50
C6_6h	395	LT934125.1	50827	50827	-	50827	172.488141	172.488141	50827	50827	1	1
C6_6h	396	LT934125.1	51143	51149	-	51147	5605.864597	5002.156102	51147	51147	1	7
C6_6h	397	LT934125.1	51499	51499	-	51499	86.244071	86.244071	51499	51499	1	1
C6_6h	398	LT934125.1	51654	51654	-	51654	86.244071	86.244071	51654	51654	1	1
C6_6h	399	LT934125.1	52040	52040	-	52040	86.244071	86.244071	52040	52040	1	1
C6_6h	400	LT934125.1	52799	52805	-	52799	258.732212	172.488141	52799	52805	7	7
C6_6h	401	LT934125.1	53036	53036	-	53036	86.244071	86.244071	53036	53036	1	1
C6_6h	402	LT934125.1	53159	53159	-	53159	86.244071	86.244071	53159	53159	1	1
C6_6h	403	LT934125.1	55448	55481	-	55454	344.976283	172.488141	55448	55481	34	34
C6_6h	404	LT934125.1	55620	55620	-	55620	86.244071	86.244071	55620	55620	1	1
C6_6h	405	LT934125.1	55796	55796	-	55796	172.488141	172.488141	55796	55796	1	1
C6_6h	406	LT934125.1	56185	56222	-	56188	38982.319966	27598.10263	56187	56189	3	38
C6_6h	407	LT934125.1	56615	56627	-	56615	172.488142	86.244071	56615	56627	13	13
C6_6h	408	LT934125.1	56774	56774	-	56774	86.244071	86.244071	56774	56774	1	1
C6_6h	409	LT934125.1	56940	56950	-	56946	5088.400173	3708.495041	56944	56946	3	11
C6_6h	410	LT934125.1	57622	57622	-	57622	86.244071	86.244071	57622	57622	1	1
C6_6h	411	LT934125.1	58012	58012	-	58012	86.244071	86.244071	58012	58012	1	1
C6_6h	412	LT934125.1	58438	58438	-	58438	86.244071	86.244071	58438	58438	1	1
C6_6h	413	LT934125.1	58565	58572	-	58570	1466.149202	1121.172919	58567	58572	6	8
C6_6h	414	LT934125.1	58902	58902	-	58902	86.244071	86.244071	58902	58902	1	1
C6_6h	415	LT934125.1	59277	59277	-	59277	344.976283	344.976283	59277	59277	1	1
C6_6h	416	LT934125.1	62067	62067	-	62067	86.244071	86.244071	62067	62067	1	1
C6_6h	417	LT934125.1	62295	62295	-	62295	86.244071	86.244071	62295	62295	1	1
C6_6h	418	LT934125.1	62621	62621	-	62621	86.244071	86.244071	62621	62621	1	1
C6_6h	419	LT934125.1	62932	62932	-	62932	86.244071	86.244071	62932	62932	1	1
C6_6h	420	LT934125.1	63256	63256	-	63256	86.244071	86.244071	63256	63256	1	1
C6_6h	421	LT934125.1	63417	63423	-	63420	150754.635619	136179.387667	63420	63420	1	7
C6_6h	422	LT934125.1	63910	63910	-	63910	86.244071	86.244071	63910	63910	1	1
C6_6h	423	LT934125.1	64012	64038	-	64012	172.488142	86.244071	64012	64038	27	27
C6_6h	424	LT934125.1	64124	64127	-	64127	258.732212	172.488141	64124	64127	4	4
C6_6h	425	LT934125.1	64529	64529	-	64529	172.488141	172.488141	64529	64529	1	1
C6_6h	426	LT934125.1	64745	64745	-	64745	86.244071	86.244071	64745	64745	1	1
C6_6h	427	LT934125.1	64944	64944	-	64944	86.244071	86.244071	64944	64944	1	1
C6_6h	428	LT934125.1	65306	65306	-	65306	86.244071	86.244071	65306	65306	1	1
C6_6h	429	LT934125.1	65454	65454	-	65454	86.244071	86.244071	65454	65454	1	1
C6_6h	430	LT934125.1	65633	65633	-	65633	86.244071	86.244071	65633	65633	1	1
C6_6h	431	LT934125.1	65746	65752	-	65752	3708.49504	2069.857697	65746	65752	7	7
C6_6h	432	LT934125.1	65880	65880	-	65880	86.244071	86.244071	65880	65880	1	1
C6_6h	433	LT934125.1	66285	66285	-	66285	172.488141	172.488141	66285	66285	1	1
C6_6h	434	LT934125.1	66630	66630	-	66630	86.244071	86.244071	66630	66630	1	1
C6_6h	435	LT934125.1	67032	67032	-	67032	86.244071	86.244071	67032	67032	1	1
C6_6h	436	LT934125.1	70016	70016	-	70016	86.244071	86.244071	70016	70016	1	1
C6_6h	437	LT934125.1	71417	71417	-	71417	86.244071	86.244071	71417	71417	1	1
C6_6h	438	LT934125.1	71776	71776	-	71776	172.488141	172.488141	71776	71776	1	1
C6_6h	439	LT934125.1	71882	71882	-	71882	172.488141	172.488141	71882	71882	1	1
C6_6h	440	LT934125.1	72024	72024	-	72024	86.244071	86.244071	72024	72024	1	1
C6_6h	441	LT934125.1	72174	72174	-	72174	86.244071	86.244071	72174	72174	1	1
C6_6h	442	LT934125.1	72301	72303	-	72301	172.488142	86.244071	72301	72303	3	3
C6_6h	443	LT934125.1	72563	72563	-	72563	86.244071	86.244071	72563	72563	1	1
C6_6h	444	LT934125.1	72666	72666	-	72666	86.244071	86.244071	72666	72666	1	1
C6_6h	445	LT934125.1	72876	72876	-	72876	86.244071	86.244071	72876	72876	1	1
C6_6h	446	LT934125.1	73105	73105	-	73105	86.244071	86.244071	73105	73105	1	1
C6_6h	447	LT934125.1	73433	73433	-	73433	86.244071	86.244071	73433	73433	1	1
C6_6h	448	LT934125.1	73675	73675	-	73675	86.244071	86.244071	73675	73675	1	1
C6_6h	449	LT934125.1	74006	74006	-	74006	86.244071	86.244071	74006	74006	1	1
C6_6h	450	LT934125.1	74340	74345	-	74345	258.732212	172.488141	74340	74345	6	6
C6_6h	451	LT934125.1	74562	74562	-	74562	86.244071	86.244071	74562	74562	1	1
C6_6h	452	LT934125.1	74992	74992	-	74992	86.244071	86.244071	74992	74992	1	1
C6_6h	453	LT934125.1	75851	75851	-	75851	86.244071	86.244071	75851	75851	1	1
C6_6h	454	LT934125.1	76507	76507	-	76507	86.244071	86.244071	76507	76507	1	1
C6_6h	455	LT934125.1	76836	76860	-	76860	258.732212	172.488141	76836	76860	25	25
C6_6h	456	LT934125.1	78652	78652	-	78652	86.244071	86.244071	78652	78652	1	1
C6_6h	457	LT934125.1	80344	80344	-	80344	86.244071	86.244071	80344	80344	1	1
C6_6h	458	LT934125.1	80491	80491	-	80491	86.244071	86.244071	80491	80491	1	1
C6_6h	459	LT934125.1	80616	80655	-	80639	603.708496	172.488141	80616	80655	40	40
C6_6h	460	LT934125.1	80796	80862	-	80842	776.196638	172.488141	80796	80862	67	67
C6_6h	461	LT934125.1	81123	81130	-	81130	431.220354	344.976283	81123	81130	8	8
C6_6h	462	LT934125.1	81429	81429	-	81429	86.244071	86.244071	81429	81429	1	1
C6_6h	463	LT934125.1	81645	81649	-	81645	172.488142	86.244071	81645	81649	5	5
C6_6h	464	LT934125.1	81803	81919	-	81804	20784.821044	7589.478223	81804	81835	32	117
C6_6h	465	LT934125.1	82203	82203	-	82203	86.244071	86.244071	82203	82203	1	1
C6_6h	466	LT934125.1	82321	82321	-	82321	86.244071	86.244071	82321	82321	1	1
C6_6h	467	LT934125.1	82543	82543	-	82543	86.244071	86.244071	82543	82543	1	1
C6_6h	468	LT934125.1	82750	82750	-	82750	86.244071	86.244071	82750	82750	1	1
C6_6h	469	LT934125.1	82852	82852	-	82852	86.244071	86.244071	82852	82852	1	1
C6_6h	470	LT934125.1	83414	83414	-	83414	86.244071	86.244071	83414	83414	1	1
C6_6h	471	LT934125.1	83954	83954	-	83954	86.244071	86.244071	83954	83954	1	1
C6_6h	472	LT934125.1	84500	84500	-	84500	86.244071	86.244071	84500	84500	1	1
C6_6h	473	LT934125.1	86289	86289	-	86289	86.244071	86.244071	86289	86289	1	1
C6_6h	474	LT934125.1	86746	86746	-	86746	86.244071	86.244071	86746	86746	1	1
C6_6h	475	LT934125.1	86883	86928	-	86883	258.732213	86.244071	86883	86928	46	46
C6_6h	476	LT934125.1	87156	87161	-	87161	2587.322122	2156.101768	87157	87161	5	6
C6_6h	477	LT934125.1	87422	87447	-	87447	431.220354	344.976283	87422	87447	26	26
C6_6h	478	LT934125.1	87639	87639	-	87639	86.244071	86.244071	87639	87639	1	1
C6_6h	479	LT934125.1	87985	87985	-	87985	86.244071	86.244071	87985	87985	1	1
C6_6h	480	LT934125.1	88533	88533	-	88533	86.244071	86.244071	88533	88533	1	1
C6_6h	481	LT934125.1	88775	88796	-	88775	258.732212	172.488141	88775	88796	22	22
C6_6h	482	LT934125.1	89073	89079	-	89079	344.976283	258.732212	89073	89079	7	7
C6_6h	483	LT934125.1	91130	91130	-	91130	172.488141	172.488141	91130	91130	1	1
C6_6h	484	LT934125.1	92191	92191	-	92191	86.244071	86.244071	92191	92191	1	1
C6_6h	485	LT934125.1	92750	92774	-	92774	431.220354	172.488141	92750	92774	25	25
C6_6h	486	LT934125.1	92929	92936	-	92933	14144.027597	10349.288486	92932	92936	5	8
C6_6h	487	LT934125.1	93220	93220	-	93220	86.244071	86.244071	93220	93220	1	1
C6_6h	488	LT934125.1	93455	93467	-	93455	258.732212	172.488141	93455	93467	13	13
C6_6h	489	LT934125.1	93623	93654	-	93654	2673.566193	2414.83398	93654	93654	1	32
C6_6h	490	LT934125.1	94509	94529	-	94526	2156.101769	1207.41699	94522	94529	8	21
C6_6h	491	LT934125.1	94917	94980	-	94947	3018.542476	1724.881414	94943	94949	7	64
C6_6h	492	LT934125.1	95154	95195	-	95154	258.732213	86.244071	95154	95195	42	42
C6_6h	493	LT934125.1	95694	95694	-	95694	86.244071	86.244071	95694	95694	1	1
C6_6h	494	LT934125.1	96075	96078	-	96075	172.488142	86.244071	96075	96078	4	4
C6_6h	495	LT934125.1	96298	96298	-	96298	86.244071	86.244071	96298	96298	1	1
C6_6h	496	LT934125.1	96596	96614	-	96596	862.440708	258.732212	96596	96614	19	19
C6_6h	497	LT934125.1	97001	97001	-	97001	86.244071	86.244071	97001	97001	1	1
C6_6h	498	LT934125.1	97327	97361	-	97339	12074.169901	4398.447607	97337	97361	25	35
C6_6h	499	LT934125.1	97535	97535	-	97535	86.244071	86.244071	97535	97535	1	1
C6_6h	500	LT934125.1	97886	97886	-	97886	86.244071	86.244071	97886	97886	1	1
C6_6h	501	LT934125.1	98025	98025	-	98025	86.244071	86.244071	98025	98025	1	1
C6_6h	502	LT934125.1	98596	98596	-	98596	86.244071	86.244071	98596	98596	1	1
C6_6h	503	LT934125.1	98884	98884	-	98884	86.244071	86.244071	98884	98884	1	1
C6_6h	504	LT934125.1	98985	98985	-	98985	86.244071	86.244071	98985	98985	1	1
C6_6h	505	LT934125.1	101939	101939	-	101939	86.244071	86.244071	101939	101939	1	1
C6_6h	506	LT934125.1	102651	102651	-	102651	86.244071	86.244071	102651	102651	1	1
C6_6h	507	LT934125.1	103889	103889	-	103889	86.244071	86.244071	103889	103889	1	1
C6_6h	508	LT934125.1	106673	106673	-	106673	86.244071	86.244071	106673	106673	1	1
C6_6h	509	LT934125.1	107047	107047	-	107047	172.488141	172.488141	107047	107047	1	1
C6_6h	510	LT934125.1	107345	107379	-	107369	776.196637	258.732212	107345	107379	35	35
C6_6h	511	LT934125.1	107559	107559	-	107559	603.708495	603.708495	107559	107559	1	1
C6_6h	512	LT934125.1	113426	113426	-	113426	86.244071	86.244071	113426	113426	1	1
C6_6h	513	LT934125.1	115522	115532	-	115532	344.976283	172.488141	115522	115532	11	11
C6_6h	514	LT934125.1	115638	115666	-	115656	948.684778	258.732212	115638	115665	28	29
C6_6h	515	LT934125.1	116570	116570	-	116570	86.244071	86.244071	116570	116570	1	1
C6_6h	516	LT934125.1	116890	116907	-	116890	172.488142	86.244071	116890	116907	18	18
C6_6h	517	LT934125.1	118376	118400	-	118400	603.708495	431.220354	118376	118400	25	25
C6_6h	518	LT934125.1	118694	118694	-	118694	86.244071	86.244071	118694	118694	1	1
C6_6h	519	LT934125.1	118930	118930	-	118930	86.244071	86.244071	118930	118930	1	1
C6_6h	520	LT934125.1	119499	119499	-	119499	86.244071	86.244071	119499	119499	1	1
C6_6h	521	LT934125.1	119910	119916	-	119910	344.976283	172.488141	119910	119916	7	7
C6_6h	522	LT934125.1	120057	120069	-	120057	344.976283	172.488141	120057	120069	13	13
C6_6h	523	LT934125.1	121484	121484	-	121484	86.244071	86.244071	121484	121484	1	1
C6_6h	524	LT934125.1	121762	121762	-	121762	86.244071	86.244071	121762	121762	1	1
C6_6h	525	LT934125.1	122489	122489	-	122489	86.244071	86.244071	122489	122489	1	1
C6_6h	526	LT934125.1	124700	124707	-	124700	258.732213	86.244071	124700	124707	8	8
C6_6h	527	LT934125.1	125214	125214	-	125214	86.244071	86.244071	125214	125214	1	1
C6_6h	528	LT934125.1	126881	126881	-	126881	86.244071	86.244071	126881	126881	1	1
C6_6h	529	LT934125.1	127068	127110	-	127095	517.464425	258.732212	127068	127110	43	43
C6_6h	530	LT934125.1	127501	127578	-	127522	862.440708	172.488141	127501	127578	78	78
C6_6h	531	LT934125.1	127888	127902	-	127902	258.732212	172.488141	127888	127902	15	15
C6_6h	532	LT934125.1	128242	128253	-	128242	258.732212	172.488141	128242	128253	12	12
C6_6h	533	LT934125.1	128445	128451	-	128445	172.488142	86.244071	128445	128451	7	7
C6_6h	534	LT934125.1	128729	128738	-	128732	78568.348427	64855.541182	128731	128732	2	10
C6_6h	535	LT934125.1	130474	130474	-	130474	86.244071	86.244071	130474	130474	1	1
C6_6h	536	LT934125.1	130833	130833	-	130833	86.244071	86.244071	130833	130833	1	1
C6_6h	537	LT934125.1	134645	134645	-	134645	86.244071	86.244071	134645	134645	1	1
C6_6h	538	LT934125.1	135379	135407	-	135379	172.488142	86.244071	135379	135407	29	29
C6_6h	539	LT934125.1	135666	135666	-	135666	86.244071	86.244071	135666	135666	1	1
C6_6h	540	LT934125.1	135777	135777	-	135777	86.244071	86.244071	135777	135777	1	1
C6_6h	541	LT934125.1	135963	135963	-	135963	172.488141	172.488141	135963	135963	1	1
C6_6h	542	LT934125.1	136103	136103	-	136103	172.488141	172.488141	136103	136103	1	1
C6_6h	543	LT934125.1	136232	136288	-	136234	1293.661062	344.976283	136233	136285	53	57
C6_6h	544	LT934125.1	136686	136686	-	136686	86.244071	86.244071	136686	136686	1	1
C6_6h	545	LT934125.1	136864	136864	-	136864	86.244071	86.244071	136864	136864	1	1
C6_6h	546	LT934125.1	137319	137319	-	137319	86.244071	86.244071	137319	137319	1	1
C6_6h	547	LT934125.1	137535	137535	-	137535	86.244071	86.244071	137535	137535	1	1
C6_6h	548	LT934125.1	138446	138446	-	138446	86.244071	86.244071	138446	138446	1	1
C6_6h	549	LT934125.1	138954	138954	-	138954	86.244071	86.244071	138954	138954	1	1
C6_6h	550	LT934125.1	139159	139159	-	139159	86.244071	86.244071	139159	139159	1	1
C6_6h	551	LT934125.1	142331	142331	-	142331	86.244071	86.244071	142331	142331	1	1
C6_8h	1	LT934125.1	242	242	+	242	32.2841	32.2841	242	242	1	1
C6_8h	2	LT934125.1	646	646	+	646	64.5682	64.5682	646	646	1	1
C6_8h	3	LT934125.1	779	782	+	779	290.556901	225.988701	779	782	4	4
C6_8h	4	LT934125.1	952	1007	+	990	2163.034703	1388.216303	986	990	5	56
C6_8h	5	LT934125.1	1292	1369	+	1337	4552.05811	2098.466505	1334	1339	6	78
C6_8h	6	LT934125.1	1590	1605	+	1600	1840.193704	1097.659403	1600	1603	4	16
C6_8h	7	LT934125.1	1759	1836	+	1770	258.2728	64.5682	1759	1836	78	78
C6_8h	8	LT934125.1	2792	2792	+	2792	32.2841	32.2841	2792	2792	1	1
C6_8h	9	LT934125.1	3487	3487	+	3487	32.2841	32.2841	3487	3487	1	1
C6_8h	10	LT934125.1	4502	4502	+	4502	32.2841	32.2841	4502	4502	1	1
C6_8h	11	LT934125.1	4635	4637	+	4635	64.5682	32.2841	4635	4637	3	3
C6_8h	12	LT934125.1	5102	5102	+	5102	32.2841	32.2841	5102	5102	1	1
C6_8h	13	LT934125.1	6912	6912	+	6912	32.2841	32.2841	6912	6912	1	1
C6_8h	14	LT934125.1	7238	7238	+	7238	32.2841	32.2841	7238	7238	1	1
C6_8h	15	LT934125.1	7584	7594	+	7588	3906.376109	1937.046005	7588	7591	4	11
C6_8h	16	LT934125.1	7788	7836	+	7811	322.841001	225.988701	7811	7814	4	49
C6_8h	17	LT934125.1	8433	8433	+	8433	32.2841	32.2841	8433	8433	1	1
C6_8h	18	LT934125.1	8877	8902	+	8877	96.8523	32.2841	8877	8902	26	26
C6_8h	19	LT934125.1	9107	9114	+	9113	3292.978207	2356.739306	9107	9113	7	8
C6_8h	20	LT934125.1	9267	9272	+	9270	14366.424537	10944.309927	9269	9270	2	6
C6_8h	21	LT934125.1	9385	9477	+	9412	225.9887	64.5682	9385	9477	93	93
C6_8h	22	LT934125.1	9640	9791	+	9646	4907.18321	1581.920904	9643	9650	8	152
C6_8h	23	LT934125.1	9827	9861	+	9861	161.4205	96.8523	9827	9861	35	35
C6_8h	24	LT934125.1	9965	10044	+	9977	225.9887	64.5682	9965	10044	80	80
C6_8h	25	LT934125.1	10218	10343	+	10252	355.1251	64.5682	10242	10327	86	126
C6_8h	26	LT934125.1	10430	10438	+	10431	548.829701	355.125101	10431	10434	4	9
C6_8h	27	LT934125.1	10882	10882	+	10882	32.2841	32.2841	10882	10882	1	1
C6_8h	28	LT934125.1	11002	11002	+	11002	32.2841	32.2841	11002	11002	1	1
C6_8h	29	LT934125.1	11789	11806	+	11792	225.9887	64.5682	11789	11806	18	18
C6_8h	30	LT934125.1	12039	12039	+	12039	32.2841	32.2841	12039	12039	1	1
C6_8h	31	LT934125.1	12327	12327	+	12327	32.2841	32.2841	12327	12327	1	1
C6_8h	32	LT934125.1	12604	12604	+	12604	32.2841	32.2841	12604	12604	1	1
C6_8h	33	LT934125.1	12874	12874	+	12874	32.2841	32.2841	12874	12874	1	1
C6_8h	34	LT934125.1	13035	13035	+	13035	32.2841	32.2841	13035	13035	1	1
C6_8h	35	LT934125.1	13263	13263	+	13263	32.2841	32.2841	13263	13263	1	1
C6_8h	36	LT934125.1	13373	13373	+	13373	32.2841	32.2841	13373	13373	1	1
C6_8h	37	LT934125.1	13510	13510	+	13510	32.2841	32.2841	13510	13510	1	1
C6_8h	38	LT934125.1	14016	14051	+	14048	12203.389829	10782.889427	14048	14048	1	36
C6_8h	39	LT934125.1	14245	14245	+	14245	32.2841	32.2841	14245	14245	1	1
C6_8h	40	LT934125.1	14435	14457	+	14457	129.1364	64.5682	14435	14457	23	23
C6_8h	41	LT934125.1	14847	14847	+	14847	64.5682	64.5682	14847	14847	1	1
C6_8h	42	LT934125.1	15013	15064	+	15030	161.4205	64.5682	15013	15064	52	52
C6_8h	43	LT934125.1	15270	15306	+	15292	161.4205	64.5682	15270	15306	37	37
C6_8h	44	LT934125.1	15615	15638	+	15629	193.7046	64.5682	15615	15638	24	24
C6_8h	45	LT934125.1	15675	15787	+	15732	419.6933	64.5682	15685	15762	78	113
C6_8h	46	LT934125.1	16469	16469	+	16469	32.2841	32.2841	16469	16469	1	1
C6_8h	47	LT934125.1	18929	18929	+	18929	32.2841	32.2841	18929	18929	1	1
C6_8h	48	LT934125.1	19067	19084	+	19067	96.8523	32.2841	19067	19084	18	18
C6_8h	49	LT934125.1	20988	20988	+	20988	32.2841	32.2841	20988	20988	1	1
C6_8h	50	LT934125.1	22482	22482	+	22482	32.2841	32.2841	22482	22482	1	1
C6_8h	51	LT934125.1	24413	24413	+	24413	32.2841	32.2841	24413	24413	1	1
C6_8h	52	LT934125.1	25157	25157	+	25157	32.2841	32.2841	25157	25157	1	1
C6_8h	53	LT934125.1	25419	25423	+	25420	258.2728	161.4205	25419	25423	5	5
C6_8h	54	LT934125.1	25820	25820	+	25820	32.2841	32.2841	25820	25820	1	1
C6_8h	55	LT934125.1	25990	25990	+	25990	32.2841	32.2841	25990	25990	1	1
C6_8h	56	LT934125.1	26366	26369	+	26366	64.5682	32.2841	26366	26369	4	4
C6_8h	57	LT934125.1	26520	26520	+	26520	32.2841	32.2841	26520	26520	1	1
C6_8h	58	LT934125.1	26706	26706	+	26706	32.2841	32.2841	26706	26706	1	1
C6_8h	59	LT934125.1	27224	27224	+	27224	32.2841	32.2841	27224	27224	1	1
C6_8h	60	LT934125.1	27447	27447	+	27447	32.2841	32.2841	27447	27447	1	1
C6_8h	61	LT934125.1	27548	27548	+	27548	32.2841	32.2841	27548	27548	1	1
C6_8h	62	LT934125.1	27800	27800	+	27800	32.2841	32.2841	27800	27800	1	1
C6_8h	63	LT934125.1	27911	27911	+	27911	32.2841	32.2841	27911	27911	1	1
C6_8h	64	LT934125.1	28063	28063	+	28063	32.2841	32.2841	28063	28063	1	1
C6_8h	65	LT934125.1	28386	28463	+	28386	161.4205	32.2841	28386	28463	78	78
C6_8h	66	LT934125.1	28746	28746	+	28746	32.2841	32.2841	28746	28746	1	1
C6_8h	67	LT934125.1	29160	29160	+	29160	32.2841	32.2841	29160	29160	1	1
C6_8h	68	LT934125.1	29693	29693	+	29693	32.2841	32.2841	29693	29693	1	1
C6_8h	69	LT934125.1	30235	30241	+	30240	613.397901	322.841001	30235	30240	6	7
C6_8h	70	LT934125.1	30443	30443	+	30443	32.2841	32.2841	30443	30443	1	1
C6_8h	71	LT934125.1	30646	30646	+	30646	32.2841	32.2841	30646	30646	1	1
C6_8h	72	LT934125.1	30843	30851	+	30843	129.1364	64.5682	30843	30851	9	9
C6_8h	73	LT934125.1	31090	31099	+	31098	11977.401129	9975.786925	31097	31098	2	10
C6_8h	74	LT934125.1	31357	31381	+	31357	96.8523	32.2841	31357	31381	25	25
C6_8h	75	LT934125.1	31726	31790	+	31726	258.2728	96.8523	31726	31790	65	65
C6_8h	76	LT934125.1	31841	31859	+	31859	129.1364	64.5682	31841	31859	19	19
C6_8h	77	LT934125.1	31994	32040	+	32038	47941.888621	24600.484262	32036	32038	3	47
C6_8h	78	LT934125.1	32140	32194	+	32145	548.8297	129.1364	32145	32185	41	55
C6_8h	79	LT934125.1	32266	32329	+	32269	484.2615	161.4205	32269	32322	54	64
C6_8h	80	LT934125.1	33300	33300	+	33300	32.2841	32.2841	33300	33300	1	1
C6_8h	81	LT934125.1	33564	33584	+	33584	96.8523	64.5682	33564	33584	21	21
C6_8h	82	LT934125.1	33831	33831	+	33831	32.2841	32.2841	33831	33831	1	1
C6_8h	83	LT934125.1	34721	34721	+	34721	32.2841	32.2841	34721	34721	1	1
C6_8h	84	LT934125.1	34925	34925	+	34925	32.2841	32.2841	34925	34925	1	1
C6_8h	85	LT934125.1	35102	35102	+	35102	32.2841	32.2841	35102	35102	1	1
C6_8h	86	LT934125.1	37783	37783	+	37783	32.2841	32.2841	37783	37783	1	1
C6_8h	87	LT934125.1	39139	39139	+	39139	32.2841	32.2841	39139	39139	1	1
C6_8h	88	LT934125.1	41095	41095	+	41095	32.2841	32.2841	41095	41095	1	1
C6_8h	89	LT934125.1	41213	41213	+	41213	32.2841	32.2841	41213	41213	1	1
C6_8h	90	LT934125.1	41689	41706	+	41689	64.5682	32.2841	41689	41706	18	18
C6_8h	91	LT934125.1	41904	41904	+	41904	64.5682	64.5682	41904	41904	1	1
C6_8h	92	LT934125.1	43558	43558	+	43558	32.2841	32.2841	43558	43558	1	1
C6_8h	93	LT934125.1	44093	44093	+	44093	32.2841	32.2841	44093	44093	1	1
C6_8h	94	LT934125.1	44543	44543	+	44543	32.2841	32.2841	44543	44543	1	1
C6_8h	95	LT934125.1	44779	44814	+	44812	12300.24213	8393.866021	44810	44812	3	36
C6_8h	96	LT934125.1	44946	44946	+	44946	64.5682	64.5682	44946	44946	1	1
C6_8h	97	LT934125.1	45370	45373	+	45370	64.5682	32.2841	45370	45373	4	4
C6_8h	98	LT934125.1	45637	45637	+	45637	32.2841	32.2841	45637	45637	1	1
C6_8h	99	LT934125.1	45909	45970	+	45909	193.7046	32.2841	45909	45970	62	62
C6_8h	100	LT934125.1	46021	46027	+	46026	419.693301	225.988701	46023	46026	4	7
C6_8h	101	LT934125.1	46233	46235	+	46234	161.4205	96.8523	46233	46235	3	3
C6_8h	102	LT934125.1	46489	46489	+	46489	32.2841	32.2841	46489	46489	1	1
C6_8h	103	LT934125.1	46777	46790	+	46777	64.5682	32.2841	46777	46790	14	14
C6_8h	104	LT934125.1	47311	47348	+	47311	322.841	129.1364	47311	47348	38	38
C6_8h	105	LT934125.1	47562	47562	+	47562	32.2841	32.2841	47562	47562	1	1
C6_8h	106	LT934125.1	47735	47750	+	47735	64.5682	32.2841	47735	47750	16	16
C6_8h	107	LT934125.1	47866	47866	+	47866	96.8523	96.8523	47866	47866	1	1
C6_8h	108	LT934125.1	48089	48115	+	48115	129.1364	64.5682	48089	48115	27	27
C6_8h	109	LT934125.1	48267	48328	+	48281	225.9887	64.5682	48267	48328	62	62
C6_8h	110	LT934125.1	48362	48571	+	48567	43486.682806	30443.906376	48567	48570	4	210
C6_8h	111	LT934125.1	49082	49261	+	49196	968.523	96.8523	49096	49252	157	180
C6_8h	112	LT934125.1	49318	49356	+	49318	290.5569	96.8523	49318	49356	39	39
C6_8h	113	LT934125.1	49501	49558	+	49501	451.9774	193.7046	49501	49541	41	58
C6_8h	114	LT934125.1	50153	50156	+	50153	96.8523	64.5682	50153	50156	4	4
C6_8h	115	LT934125.1	50273	50273	+	50273	32.2841	32.2841	50273	50273	1	1
C6_8h	116	LT934125.1	50425	50425	+	50425	32.2841	32.2841	50425	50425	1	1
C6_8h	117	LT934125.1	50948	50948	+	50948	32.2841	32.2841	50948	50948	1	1
C6_8h	118	LT934125.1	51232	51239	+	51235	6521.388216	3809.52381	51235	51238	4	8
C6_8h	119	LT934125.1	51414	51414	+	51414	32.2841	32.2841	51414	51414	1	1
C6_8h	120	LT934125.1	51665	51737	+	51690	225.9887	129.1364	51665	51737	73	73
C6_8h	121	LT934125.1	51845	51845	+	51845	32.2841	32.2841	51845	51845	1	1
C6_8h	122	LT934125.1	52172	52172	+	52172	32.2841	32.2841	52172	52172	1	1
C6_8h	123	LT934125.1	52435	52484	+	52460	8652.13882	6101.694915	52444	52460	17	50
C6_8h	124	LT934125.1	52679	52684	+	52684	96.8523	64.5682	52679	52684	6	6
C6_8h	125	LT934125.1	52955	52955	+	52955	32.2841	32.2841	52955	52955	1	1
C6_8h	126	LT934125.1	53060	53067	+	53060	64.5682	32.2841	53060	53067	8	8
C6_8h	127	LT934125.1	53417	53425	+	53417	96.8523	64.5682	53417	53425	9	9
C6_8h	128	LT934125.1	53643	53652	+	53648	2970.137207	2679.580307	53648	53648	1	10
C6_8h	129	LT934125.1	53798	53798	+	53798	32.2841	32.2841	53798	53798	1	1
C6_8h	130	LT934125.1	53902	54031	+	53902	322.841	32.2841	53906	54017	112	130
C6_8h	131	LT934125.1	54470	54475	+	54475	225.9887	129.1364	54470	54475	6	6
C6_8h	132	LT934125.1	54659	54782	+	54679	419.6933	64.5682	54677	54779	103	124
C6_8h	133	LT934125.1	54842	54857	+	54842	96.8523	64.5682	54842	54857	16	16
C6_8h	134	LT934125.1	55352	55352	+	55352	129.1364	129.1364	55352	55352	1	1
C6_8h	135	LT934125.1	55478	55483	+	55478	96.8523	32.2841	55478	55483	6	6
C6_8h	136	LT934125.1	55710	55738	+	55738	193.7046	64.5682	55710	55738	29	29
C6_8h	137	LT934125.1	55875	55875	+	55875	32.2841	32.2841	55875	55875	1	1
C6_8h	138	LT934125.1	56244	56244	+	56244	32.2841	32.2841	56244	56244	1	1
C6_8h	139	LT934125.1	56552	56589	+	56552	96.8523	32.2841	56552	56589	38	38
C6_8h	140	LT934125.1	56821	56821	+	56821	32.2841	32.2841	56821	56821	1	1
C6_8h	141	LT934125.1	56954	56954	+	56954	32.2841	32.2841	56954	56954	1	1
C6_8h	142	LT934125.1	57475	57475	+	57475	32.2841	32.2841	57475	57475	1	1
C6_8h	143	LT934125.1	58144	58144	+	58144	32.2841	32.2841	58144	58144	1	1
C6_8h	144	LT934125.1	58828	58828	+	58828	32.2841	32.2841	58828	58828	1	1
C6_8h	145	LT934125.1	59038	59074	+	59068	12526.23083	5165.456013	59044	59070	27	37
C6_8h	146	LT934125.1	59792	59793	+	59793	96.8523	64.5682	59792	59793	2	2
C6_8h	147	LT934125.1	60233	60260	+	60234	1291.364001	548.829701	60234	60258	25	28
C6_8h	148	LT934125.1	60638	60638	+	60638	32.2841	32.2841	60638	60638	1	1
C6_8h	149	LT934125.1	60750	60764	+	60750	64.5682	32.2841	60750	60764	15	15
C6_8h	150	LT934125.1	61076	61078	+	61076	129.1364	96.8523	61076	61078	3	3
C6_8h	151	LT934125.1	61226	61226	+	61226	32.2841	32.2841	61226	61226	1	1
C6_8h	152	LT934125.1	61412	61412	+	61412	32.2841	32.2841	61412	61412	1	1
C6_8h	153	LT934125.1	61697	61697	+	61697	32.2841	32.2841	61697	61697	1	1
C6_8h	154	LT934125.1	61814	61874	+	61825	225.9887	96.8523	61814	61874	61	61
C6_8h	155	LT934125.1	61975	62008	+	62008	129.1364	64.5682	61975	62008	34	34
C6_8h	156	LT934125.1	63695	63695	+	63695	32.2841	32.2841	63695	63695	1	1
C6_8h	157	LT934125.1	64182	64182	+	64182	32.2841	32.2841	64182	64182	1	1
C6_8h	158	LT934125.1	65667	65667	+	65667	32.2841	32.2841	65667	65667	1	1
C6_8h	159	LT934125.1	65805	65832	+	65805	96.8523	32.2841	65805	65832	28	28
C6_8h	160	LT934125.1	66337	66359	+	66338	1969.330105	1452.784504	66338	66341	4	23
C6_8h	161	LT934125.1	66641	66641	+	66641	32.2841	32.2841	66641	66641	1	1
C6_8h	162	LT934125.1	67234	67234	+	67234	32.2841	32.2841	67234	67234	1	1
C6_8h	163	LT934125.1	67775	67775	+	67775	32.2841	32.2841	67775	67775	1	1
C6_8h	164	LT934125.1	67961	67968	+	67961	129.1364	64.5682	67961	67968	8	8
C6_8h	165	LT934125.1	68195	68195	+	68195	32.2841	32.2841	68195	68195	1	1
C6_8h	166	LT934125.1	68468	68468	+	68468	32.2841	32.2841	68468	68468	1	1
C6_8h	167	LT934125.1	68936	68936	+	68936	32.2841	32.2841	68936	68936	1	1
C6_8h	168	LT934125.1	69237	69252	+	69244	484.261501	290.556901	69237	69249	13	16
C6_8h	169	LT934125.1	69535	69535	+	69535	32.2841	32.2841	69535	69535	1	1
C6_8h	170	LT934125.1	69748	69785	+	69765	322.841	129.1364	69765	69785	21	38
C6_8h	171	LT934125.1	70090	70095	+	70090	742.534302	710.250202	70090	70090	1	6
C6_8h	172	LT934125.1	70311	70364	+	70311	258.2728	96.8523	70311	70364	54	54
C6_8h	173	LT934125.1	70525	70531	+	70531	35351.089588	19983.85795	70529	70531	3	7
C6_8h	174	LT934125.1	70802	70828	+	70802	129.1364	64.5682	70802	70828	27	27
C6_8h	175	LT934125.1	70952	71194	+	71035	1097.6594	64.5682	70966	71185	220	243
C6_8h	176	LT934125.1	71767	71767	+	71767	32.2841	32.2841	71767	71767	1	1
C6_8h	177	LT934125.1	72649	72649	+	72649	32.2841	32.2841	72649	72649	1	1
C6_8h	178	LT934125.1	72758	72788	+	72759	581.113801	387.409201	72758	72763	6	31
C6_8h	179	LT934125.1	72899	72899	+	72899	32.2841	32.2841	72899	72899	1	1
C6_8h	180	LT934125.1	73132	73132	+	73132	32.2841	32.2841	73132	73132	1	1
C6_8h	181	LT934125.1	73551	73551	+	73551	32.2841	32.2841	73551	73551	1	1
C6_8h	182	LT934125.1	73982	73982	+	73982	32.2841	32.2841	73982	73982	1	1
C6_8h	183	LT934125.1	74258	74258	+	74258	32.2841	32.2841	74258	74258	1	1
C6_8h	184	LT934125.1	74375	74408	+	74402	18014.527845	8006.45682	74400	74403	4	34
C6_8h	185	LT934125.1	75133	75169	+	75133	129.1364	32.2841	75133	75169	37	37
C6_8h	186	LT934125.1	75338	75441	+	75382	387.4092	96.8523	75367	75441	75	104
C6_8h	187	LT934125.1	75653	75653	+	75653	32.2841	32.2841	75653	75653	1	1
C6_8h	188	LT934125.1	76677	76692	+	76683	1355.932203	742.534302	76683	76685	3	16
C6_8h	189	LT934125.1	76990	76992	+	76990	290.556901	258.272801	76990	76992	3	3
C6_8h	190	LT934125.1	77246	77246	+	77246	32.2841	32.2841	77246	77246	1	1
C6_8h	191	LT934125.1	77426	77426	+	77426	32.2841	32.2841	77426	77426	1	1
C6_8h	192	LT934125.1	77789	77816	+	77789	64.5682	32.2841	77789	77816	28	28
C6_8h	193	LT934125.1	78018	78062	+	78044	3325.262306	903.954802	78035	78050	16	45
C6_8h	194	LT934125.1	78607	78607	+	78607	32.2841	32.2841	78607	78607	1	1
C6_8h	195	LT934125.1	78825	78844	+	78825	193.7046	96.8523	78825	78844	20	20
C6_8h	196	LT934125.1	79070	79171	+	79143	225.9887	64.5682	79070	79171	102	102
C6_8h	197	LT934125.1	79248	79319	+	79269	225.9887	64.5682	79248	79319	72	72
C6_8h	198	LT934125.1	79401	79445	+	79444	26698.950766	21016.949153	79440	79444	5	45
C6_8h	199	LT934125.1	79585	79632	+	79622	290.5569	96.8523	79585	79632	48	48
C6_8h	200	LT934125.1	79753	79825	+	79781	677.966101	258.272801	79781	79818	38	73
C6_8h	201	LT934125.1	81081	81084	+	81082	161.4205	96.8523	81081	81084	4	4
C6_8h	202	LT934125.1	81436	81436	+	81436	32.2841	32.2841	81436	81436	1	1
C6_8h	203	LT934125.1	82039	82039	+	82039	32.2841	32.2841	82039	82039	1	1
C6_8h	204	LT934125.1	82471	82486	+	82471	64.5682	32.2841	82471	82486	16	16
C6_8h	205	LT934125.1	82818	82818	+	82818	32.2841	32.2841	82818	82818	1	1
C6_8h	206	LT934125.1	83131	83134	+	83131	64.5682	32.2841	83131	83134	4	4
C6_8h	207	LT934125.1	83421	83421	+	83421	32.2841	32.2841	83421	83421	1	1
C6_8h	208	LT934125.1	83685	83685	+	83685	32.2841	32.2841	83685	83685	1	1
C6_8h	209	LT934125.1	83792	83792	+	83792	32.2841	32.2841	83792	83792	1	1
C6_8h	210	LT934125.1	83975	83980	+	83975	290.5569	161.4205	83975	83980	6	6
C6_8h	211	LT934125.1	84158	84158	+	84158	32.2841	32.2841	84158	84158	1	1
C6_8h	212	LT934125.1	84494	84494	+	84494	32.2841	32.2841	84494	84494	1	1
C6_8h	213	LT934125.1	84917	84917	+	84917	32.2841	32.2841	84917	84917	1	1
C6_8h	214	LT934125.1	85470	85493	+	85470	129.1364	32.2841	85470	85493	24	24
C6_8h	215	LT934125.1	85633	85697	+	85633	129.1364	32.2841	85633	85697	65	65
C6_8h	216	LT934125.1	85838	85838	+	85838	32.2841	32.2841	85838	85838	1	1
C6_8h	217	LT934125.1	85996	85996	+	85996	32.2841	32.2841	85996	85996	1	1
C6_8h	218	LT934125.1	86278	86282	+	86282	96.8523	64.5682	86278	86282	5	5
C6_8h	219	LT934125.1	86739	86739	+	86739	32.2841	32.2841	86739	86739	1	1
C6_8h	220	LT934125.1	87040	87040	+	87040	32.2841	32.2841	87040	87040	1	1
C6_8h	221	LT934125.1	87212	87216	+	87216	96.8523	64.5682	87212	87216	5	5
C6_8h	222	LT934125.1	89133	89133	+	89133	32.2841	32.2841	89133	89133	1	1
C6_8h	223	LT934125.1	89465	89465	+	89465	32.2841	32.2841	89465	89465	1	1
C6_8h	224	LT934125.1	89694	89694	+	89694	32.2841	32.2841	89694	89694	1	1
C6_8h	225	LT934125.1	89876	89892	+	89883	193.7046	64.5682	89876	89892	17	17
C6_8h	226	LT934125.1	90007	90007	+	90007	32.2841	32.2841	90007	90007	1	1
C6_8h	227	LT934125.1	90381	90390	+	90381	225.9887	96.8523	90381	90390	10	10
C6_8h	228	LT934125.1	90709	90732	+	90709	96.8523	32.2841	90709	90732	24	24
C6_8h	229	LT934125.1	91112	91154	+	91154	193.7046	129.1364	91112	91154	43	43
C6_8h	230	LT934125.1	91409	91415	+	91409	2711.864406	1355.932203	91409	91412	4	7
C6_8h	231	LT934125.1	91545	91570	+	91548	225.9887	129.1364	91545	91570	26	26
C6_8h	232	LT934125.1	91816	91816	+	91816	32.2841	32.2841	91816	91816	1	1
C6_8h	233	LT934125.1	92158	92158	+	92158	32.2841	32.2841	92158	92158	1	1
C6_8h	234	LT934125.1	92453	92454	+	92453	322.841001	258.272801	92453	92454	2	2
C6_8h	235	LT934125.1	92646	92646	+	92646	32.2841	32.2841	92646	92646	1	1
C6_8h	236	LT934125.1	94406	94422	+	94406	64.5682	32.2841	94406	94422	17	17
C6_8h	237	LT934125.1	94684	94684	+	94684	32.2841	32.2841	94684	94684	1	1
C6_8h	238	LT934125.1	96095	96095	+	96095	32.2841	32.2841	96095	96095	1	1
C6_8h	239	LT934125.1	96197	96197	+	96197	32.2841	32.2841	96197	96197	1	1
C6_8h	240	LT934125.1	96885	96885	+	96885	32.2841	32.2841	96885	96885	1	1
C6_8h	241	LT934125.1	97003	97003	+	97003	32.2841	32.2841	97003	97003	1	1
C6_8h	242	LT934125.1	98452	98464	+	98452	129.1364	64.5682	98452	98464	13	13
C6_8h	243	LT934125.1	99576	99576	+	99576	32.2841	32.2841	99576	99576	1	1
C6_8h	244	LT934125.1	99822	99822	+	99822	32.2841	32.2841	99822	99822	1	1
C6_8h	245	LT934125.1	100700	100700	+	100700	32.2841	32.2841	100700	100700	1	1
C6_8h	246	LT934125.1	101588	101588	+	101588	32.2841	32.2841	101588	101588	1	1
C6_8h	247	LT934125.1	101703	101703	+	101703	32.2841	32.2841	101703	101703	1	1
C6_8h	248	LT934125.1	101918	101918	+	101918	32.2841	32.2841	101918	101918	1	1
C6_8h	249	LT934125.1	102851	102851	+	102851	64.5682	64.5682	102851	102851	1	1
C6_8h	250	LT934125.1	104694	104694	+	104694	32.2841	32.2841	104694	104694	1	1
C6_8h	251	LT934125.1	104822	104851	+	104851	96.8523	64.5682	104822	104851	30	30
C6_8h	252	LT934125.1	105170	105172	+	105170	64.5682	32.2841	105170	105172	3	3
C6_8h	253	LT934125.1	105931	105931	+	105931	32.2841	32.2841	105931	105931	1	1
C6_8h	254	LT934125.1	106300	106301	+	106300	64.5682	32.2841	106300	106301	2	2
C6_8h	255	LT934125.1	106601	106603	+	106601	64.5682	32.2841	106601	106603	3	3
C6_8h	256	LT934125.1	107023	107034	+	107023	64.5682	32.2841	107023	107034	12	12
C6_8h	257	LT934125.1	107389	107509	+	107482	2227.602903	807.102502	107420	107485	66	121
C6_8h	258	LT934125.1	107573	107614	+	107614	129.1364	64.5682	107573	107614	42	42
C6_8h	259	LT934125.1	107818	107818	+	107818	32.2841	32.2841	107818	107818	1	1
C6_8h	260	LT934125.1	108050	108083	+	108072	161.4205	64.5682	108050	108083	34	34
C6_8h	261	LT934125.1	108289	108328	+	108294	225.9887	64.5682	108289	108328	40	40
C6_8h	262	LT934125.1	108584	108584	+	108584	32.2841	32.2841	108584	108584	1	1
C6_8h	263	LT934125.1	112884	112888	+	112884	96.8523	64.5682	112884	112888	5	5
C6_8h	264	LT934125.1	113440	113440	+	113440	32.2841	32.2841	113440	113440	1	1
C6_8h	265	LT934125.1	114761	114761	+	114761	32.2841	32.2841	114761	114761	1	1
C6_8h	266	LT934125.1	114979	114988	+	114985	55690.072638	48878.127522	114985	114986	2	10
C6_8h	267	LT934125.1	115411	115416	+	115411	64.5682	32.2841	115411	115416	6	6
C6_8h	268	LT934125.1	115733	115753	+	115733	64.5682	32.2841	115733	115753	21	21
C6_8h	269	LT934125.1	115886	116195	+	116170	1678.773201	225.988701	115920	116171	252	310
C6_8h	270	LT934125.1	116245	116321	+	116276	645.682	96.8523	116256	116304	49	77
C6_8h	271	LT934125.1	116355	116852	+	116791	3874.092	193.7046	116409	116791	383	498
C6_8h	272	LT934125.1	117603	117612	+	117607	193.7046	129.1364	117603	117612	10	10
C6_8h	273	LT934125.1	117769	117789	+	117769	645.682001	581.113801	117769	117769	1	21
C6_8h	274	LT934125.1	117887	117902	+	117887	96.8523	64.5682	117887	117902	16	16
C6_8h	275	LT934125.1	118047	118047	+	118047	32.2841	32.2841	118047	118047	1	1
C6_8h	276	LT934125.1	118169	118170	+	118169	64.5682	32.2841	118169	118170	2	2
C6_8h	277	LT934125.1	118679	118679	+	118679	32.2841	32.2841	118679	118679	1	1
C6_8h	278	LT934125.1	118857	118868	+	118864	59531.880548	33898.305085	118860	118866	7	12
C6_8h	279	LT934125.1	119039	119076	+	119076	129.1364	64.5682	119039	119076	38	38
C6_8h	280	LT934125.1	119261	119304	+	119271	355.1251	96.8523	119271	119304	34	44
C6_8h	281	LT934125.1	119436	119570	+	119567	451.9774	64.5682	119444	119567	124	135
C6_8h	282	LT934125.1	119617	119879	+	119763	1194.5117	96.8523	119643	119863	221	263
C6_8h	283	LT934125.1	119912	119976	+	119941	581.1138	96.8523	119919	119972	54	65
C6_8h	284	LT934125.1	120075	120130	+	120081	387.4092	129.1364	120081	120130	50	56
C6_8h	285	LT934125.1	120554	120558	+	120555	1355.932203	903.954802	120555	120557	3	5
C6_8h	286	LT934125.1	120741	120741	+	120741	32.2841	32.2841	120741	120741	1	1
C6_8h	287	LT934125.1	120933	120938	+	120933	387.4092	161.4205	120933	120938	6	6
C6_8h	288	LT934125.1	121517	121517	+	121517	32.2841	32.2841	121517	121517	1	1
C6_8h	289	LT934125.1	121715	121789	+	121784	9588.377723	6037.126715	121784	121786	3	75
C6_8h	290	LT934125.1	121996	122001	+	121996	96.8523	64.5682	121996	122001	6	6
C6_8h	291	LT934125.1	122119	122143	+	122119	96.8523	64.5682	122119	122143	25	25
C6_8h	292	LT934125.1	122520	122575	+	122575	193.7046	64.5682	122520	122575	56	56
C6_8h	293	LT934125.1	122700	122795	+	122795	225.9887	64.5682	122700	122795	96	96
C6_8h	294	LT934125.1	122922	122988	+	122979	5682.001612	2937.853107	122979	122981	3	67
C6_8h	295	LT934125.1	123295	123295	+	123295	32.2841	32.2841	123295	123295	1	1
C6_8h	296	LT934125.1	123450	123450	+	123450	32.2841	32.2841	123450	123450	1	1
C6_8h	297	LT934125.1	123625	123625	+	123625	32.2841	32.2841	123625	123625	1	1
C6_8h	298	LT934125.1	123824	123833	+	123824	64.5682	32.2841	123824	123833	10	10
C6_8h	299	LT934125.1	124021	124021	+	124021	32.2841	32.2841	124021	124021	1	1
C6_8h	300	LT934125.1	124295	124316	+	124302	548.8297	161.4205	124301	124307	7	22
C6_8h	301	LT934125.1	124487	124629	+	124586	645.682	96.8523	124516	124598	83	143
C6_8h	302	LT934125.1	124725	124757	+	124756	5907.990314	5649.717514	124756	124756	1	33
C6_8h	303	LT934125.1	125054	125104	+	125104	225.9887	96.8523	125054	125104	51	51
C6_8h	304	LT934125.1	125193	125229	+	125225	38644.067797	19854.72155	125223	125226	4	37
C6_8h	305	LT934125.1	125329	125373	+	125373	225.9887	96.8523	125329	125373	45	45
C6_8h	306	LT934125.1	125729	125753	+	125729	290.5569	161.4205	125729	125753	25	25
C6_8h	307	LT934125.1	125917	126047	+	126005	613.3979	96.8523	125921	126026	106	131
C6_8h	308	LT934125.1	126194	126194	+	126194	32.2841	32.2841	126194	126194	1	1
C6_8h	309	LT934125.1	126873	126873	+	126873	32.2841	32.2841	126873	126873	1	1
C6_8h	310	LT934125.1	128031	128083	+	128047	387.4092	64.5682	128033	128071	39	53
C6_8h	311	LT934125.1	128185	128212	+	128189	677.966101	290.556901	128185	128196	12	28
C6_8h	312	LT934125.1	130161	130161	+	130161	32.2841	32.2841	130161	130161	1	1
C6_8h	313	LT934125.1	132614	132614	+	132614	32.2841	32.2841	132614	132614	1	1
C6_8h	314	LT934125.1	132767	132780	+	132767	64.5682	32.2841	132767	132780	14	14
C6_8h	315	LT934125.1	133397	133397	+	133397	64.5682	64.5682	133397	133397	1	1
C6_8h	316	LT934125.1	134342	134342	+	134342	32.2841	32.2841	134342	134342	1	1
C6_8h	317	LT934125.1	134972	134977	+	134972	64.5682	32.2841	134972	134977	6	6
C6_8h	318	LT934125.1	135261	135261	+	135261	32.2841	32.2841	135261	135261	1	1
C6_8h	319	LT934125.1	135380	135380	+	135380	32.2841	32.2841	135380	135380	1	1
C6_8h	320	LT934125.1	136157	136174	+	136158	1162.227602	936.238902	136158	136159	2	18
C6_8h	321	LT934125.1	136335	136352	+	136348	451.977401	258.272801	136345	136351	7	18
C6_8h	322	LT934125.1	136650	136670	+	136664	129.1364	64.5682	136650	136670	21	21
C6_8h	323	LT934125.1	137151	137151	+	137151	32.2841	32.2841	137151	137151	1	1
C6_8h	324	LT934125.1	137528	137528	+	137528	32.2841	32.2841	137528	137528	1	1
C6_8h	325	LT934125.1	138665	138673	+	138665	64.5682	32.2841	138665	138673	9	9
C6_8h	326	LT934125.1	138923	138923	+	138923	32.2841	32.2841	138923	138923	1	1
C6_8h	327	LT934125.1	139357	139357	+	139357	32.2841	32.2841	139357	139357	1	1
C6_8h	328	LT934125.1	139659	139659	+	139659	32.2841	32.2841	139659	139659	1	1
C6_8h	329	LT934125.1	140102	140112	+	140102	64.5682	32.2841	140102	140112	11	11
C6_8h	330	LT934125.1	140401	140427	+	140401	64.5682	32.2841	140401	140427	27	27
C6_8h	331	LT934125.1	140946	140946	+	140946	32.2841	32.2841	140946	140946	1	1
C6_8h	332	LT934125.1	141104	141108	+	141104	64.5682	32.2841	141104	141108	5	5
C6_8h	333	LT934125.1	141197	141215	+	141215	161.4205	96.8523	141197	141215	19	19
C6_8h	334	LT934125.1	1684	1684	-	1684	32.2841	32.2841	1684	1684	1	1
C6_8h	335	LT934125.1	1958	1958	-	1958	64.5682	64.5682	1958	1958	1	1
C6_8h	336	LT934125.1	2131	2140	-	2131	64.5682	32.2841	2131	2140	10	10
C6_8h	337	LT934125.1	2870	2879	-	2870	96.8523	64.5682	2870	2879	10	10
C6_8h	338	LT934125.1	3133	3189	-	3163	258.2728	64.5682	3133	3189	57	57
C6_8h	339	LT934125.1	3310	3389	-	3351	484.2615	129.1364	3315	3389	75	80
C6_8h	340	LT934125.1	3419	3504	-	3489	484.2615	96.8523	3421	3502	82	86
C6_8h	341	LT934125.1	3838	3942	-	3910	1872.477803	613.397902	3879	3912	34	105
C6_8h	342	LT934125.1	4210	4210	-	4210	32.2841	32.2841	4210	4210	1	1
C6_8h	343	LT934125.1	4409	4435	-	4409	64.5682	32.2841	4409	4435	27	27
C6_8h	344	LT934125.1	4585	4585	-	4585	32.2841	32.2841	4585	4585	1	1
C6_8h	345	LT934125.1	4823	4826	-	4823	64.5682	32.2841	4823	4826	4	4
C6_8h	346	LT934125.1	4925	4926	-	4926	96.8523	64.5682	4925	4926	2	2
C6_8h	347	LT934125.1	5101	5101	-	5101	32.2841	32.2841	5101	5101	1	1
C6_8h	348	LT934125.1	5301	5301	-	5301	32.2841	32.2841	5301	5301	1	1
C6_8h	349	LT934125.1	7108	7108	-	7108	32.2841	32.2841	7108	7108	1	1
C6_8h	350	LT934125.1	7758	7758	-	7758	32.2841	32.2841	7758	7758	1	1
C6_8h	351	LT934125.1	8189	8189	-	8189	32.2841	32.2841	8189	8189	1	1
C6_8h	352	LT934125.1	8573	8573	-	8573	32.2841	32.2841	8573	8573	1	1
C6_8h	353	LT934125.1	8938	8946	-	8938	64.5682	32.2841	8938	8946	9	9
C6_8h	354	LT934125.1	9057	9083	-	9058	322.841001	225.988701	9058	9080	23	27
C6_8h	355	LT934125.1	9494	9533	-	9494	4971.751411	4164.64891	9494	9499	6	40
C6_8h	356	LT934125.1	9885	9887	-	9885	129.1364	96.8523	9885	9887	3	3
C6_8h	357	LT934125.1	9991	10031	-	9991	129.1364	32.2841	9991	10031	41	41
C6_8h	358	LT934125.1	11739	11739	-	11739	32.2841	32.2841	11739	11739	1	1
C6_8h	359	LT934125.1	12921	12921	-	12921	32.2841	32.2841	12921	12921	1	1
C6_8h	360	LT934125.1	13850	13850	-	13850	32.2841	32.2841	13850	13850	1	1
C6_8h	361	LT934125.1	14421	14421	-	14421	32.2841	32.2841	14421	14421	1	1
C6_8h	362	LT934125.1	15834	15834	-	15834	64.5682	64.5682	15834	15834	1	1
C6_8h	363	LT934125.1	16164	16190	-	16164	129.1364	64.5682	16164	16190	27	27
C6_8h	364	LT934125.1	16690	16807	-	16765	451.9774	64.5682	16717	16805	89	118
C6_8h	365	LT934125.1	16911	17063	-	16934	516.5456	64.5682	16919	17062	144	153
C6_8h	366	LT934125.1	17094	17256	-	17123	581.1138	96.8523	17123	17254	132	163
C6_8h	367	LT934125.1	17295	17407	-	17341	1388.216301	484.261501	17339	17379	41	113
C6_8h	368	LT934125.1	17956	17981	-	17981	129.1364	64.5682	17956	17981	26	26
C6_8h	369	LT934125.1	18270	18270	-	18270	32.2841	32.2841	18270	18270	1	1
C6_8h	370	LT934125.1	18528	18557	-	18546	161.4205	64.5682	18528	18557	30	30
C6_8h	371	LT934125.1	18659	18683	-	18659	96.8523	32.2841	18659	18683	25	25
C6_8h	372	LT934125.1	18857	18870	-	18857	64.5682	32.2841	18857	18870	14	14
C6_8h	373	LT934125.1	19470	19514	-	19471	4229.217111	2324.455206	19470	19473	4	45
C6_8h	374	LT934125.1	19951	19951	-	19951	32.2841	32.2841	19951	19951	1	1
C6_8h	375	LT934125.1	20355	20357	-	20355	64.5682	32.2841	20355	20357	3	3
C6_8h	376	LT934125.1	21206	21206	-	21206	32.2841	32.2841	21206	21206	1	1
C6_8h	377	LT934125.1	21601	21601	-	21601	32.2841	32.2841	21601	21601	1	1
C6_8h	378	LT934125.1	21888	22012	-	21941	1259.079901	484.261501	21935	21985	51	125
C6_8h	379	LT934125.1	22144	22221	-	22144	258.2728	64.5682	22144	22221	78	78
C6_8h	380	LT934125.1	22343	22382	-	22379	290.5569	96.8523	22343	22382	40	40
C6_8h	381	LT934125.1	22565	22614	-	22605	193.7046	64.5682	22565	22614	50	50
C6_8h	382	LT934125.1	22873	22873	-	22873	32.2841	32.2841	22873	22873	1	1
C6_8h	383	LT934125.1	23007	23007	-	23007	32.2841	32.2841	23007	23007	1	1
C6_8h	384	LT934125.1	23478	23478	-	23478	32.2841	32.2841	23478	23478	1	1
C6_8h	385	LT934125.1	23858	23858	-	23858	32.2841	32.2841	23858	23858	1	1
C6_8h	386	LT934125.1	24211	24217	-	24211	64.5682	32.2841	24211	24217	7	7
C6_8h	387	LT934125.1	24411	24411	-	24411	32.2841	32.2841	24411	24411	1	1
C6_8h	388	LT934125.1	24683	24683	-	24683	32.2841	32.2841	24683	24683	1	1
C6_8h	389	LT934125.1	25043	25043	-	25043	32.2841	32.2841	25043	25043	1	1
C6_8h	390	LT934125.1	25273	25313	-	25313	742.534301	451.977401	25282	25313	32	41
C6_8h	391	LT934125.1	25766	25766	-	25766	32.2841	32.2841	25766	25766	1	1
C6_8h	392	LT934125.1	25901	25901	-	25901	32.2841	32.2841	25901	25901	1	1
C6_8h	393	LT934125.1	27236	27236	-	27236	32.2841	32.2841	27236	27236	1	1
C6_8h	394	LT934125.1	28552	28671	-	28572	451.9774	64.5682	28555	28651	97	120
C6_8h	395	LT934125.1	28750	28848	-	28848	290.5569	64.5682	28750	28848	99	99
C6_8h	396	LT934125.1	29042	29161	-	29068	516.5456	96.8523	29046	29155	110	120
C6_8h	397	LT934125.1	29278	29288	-	29288	225.9887	129.1364	29278	29288	11	11
C6_8h	398	LT934125.1	29404	29424	-	29414	26828.087166	8264.729621	29407	29414	8	21
C6_8h	399	LT934125.1	29756	29756	-	29756	64.5682	64.5682	29756	29756	1	1
C6_8h	400	LT934125.1	29866	29866	-	29866	32.2841	32.2841	29866	29866	1	1
C6_8h	401	LT934125.1	30136	30136	-	30136	32.2841	32.2841	30136	30136	1	1
C6_8h	402	LT934125.1	30274	30274	-	30274	32.2841	32.2841	30274	30274	1	1
C6_8h	403	LT934125.1	30578	30578	-	30578	32.2841	32.2841	30578	30578	1	1
C6_8h	404	LT934125.1	30873	30882	-	30877	322.841001	225.988701	30877	30878	2	10
C6_8h	405	LT934125.1	31040	31040	-	31040	32.2841	32.2841	31040	31040	1	1
C6_8h	406	LT934125.1	31505	31510	-	31505	64.5682	32.2841	31505	31510	6	6
C6_8h	407	LT934125.1	31816	31816	-	31816	32.2841	32.2841	31816	31816	1	1
C6_8h	408	LT934125.1	32370	32370	-	32370	32.2841	32.2841	32370	32370	1	1
C6_8h	409	LT934125.1	32836	32915	-	32842	387.4092	193.7046	32842	32915	74	80
C6_8h	410	LT934125.1	33182	33182	-	33182	32.2841	32.2841	33182	33182	1	1
C6_8h	411	LT934125.1	33323	33326	-	33323	64.5682	32.2841	33323	33326	4	4
C6_8h	412	LT934125.1	33803	33804	-	33803	64.5682	32.2841	33803	33804	2	2
C6_8h	413	LT934125.1	34090	34091	-	34091	129.1364	96.8523	34090	34091	2	2
C6_8h	414	LT934125.1	34430	34478	-	34478	1226.795802	516.545601	34452	34478	27	49
C6_8h	415	LT934125.1	35174	35174	-	35174	32.2841	32.2841	35174	35174	1	1
C6_8h	416	LT934125.1	37550	37550	-	37550	32.2841	32.2841	37550	37550	1	1
C6_8h	417	LT934125.1	38237	38237	-	38237	32.2841	32.2841	38237	38237	1	1
C6_8h	418	LT934125.1	40960	40960	-	40960	32.2841	32.2841	40960	40960	1	1
C6_8h	419	LT934125.1	41377	41377	-	41377	32.2841	32.2841	41377	41377	1	1
C6_8h	420	LT934125.1	41994	41997	-	41995	322.841001	258.272801	41995	41995	1	4
C6_8h	421	LT934125.1	42147	42147	-	42147	32.2841	32.2841	42147	42147	1	1
C6_8h	422	LT934125.1	42270	42270	-	42270	32.2841	32.2841	42270	42270	1	1
C6_8h	423	LT934125.1	43011	43011	-	43011	32.2841	32.2841	43011	43011	1	1
C6_8h	424	LT934125.1	43360	43362	-	43360	64.5682	32.2841	43360	43362	3	3
C6_8h	425	LT934125.1	43578	43578	-	43578	32.2841	32.2841	43578	43578	1	1
C6_8h	426	LT934125.1	43839	43839	-	43839	32.2841	32.2841	43839	43839	1	1
C6_8h	427	LT934125.1	44173	44173	-	44173	32.2841	32.2841	44173	44173	1	1
C6_8h	428	LT934125.1	44756	44756	-	44756	64.5682	64.5682	44756	44756	1	1
C6_8h	429	LT934125.1	44886	44893	-	44889	1452.784503	871.670702	44886	44893	8	8
C6_8h	430	LT934125.1	45647	45647	-	45647	32.2841	32.2841	45647	45647	1	1
C6_8h	431	LT934125.1	45769	45769	-	45769	32.2841	32.2841	45769	45769	1	1
C6_8h	432	LT934125.1	45876	45904	-	45876	64.5682	32.2841	45876	45904	29	29
C6_8h	433	LT934125.1	46303	46303	-	46303	32.2841	32.2841	46303	46303	1	1
C6_8h	434	LT934125.1	47263	47263	-	47263	32.2841	32.2841	47263	47263	1	1
C6_8h	435	LT934125.1	47959	47959	-	47959	32.2841	32.2841	47959	47959	1	1
C6_8h	436	LT934125.1	48490	48490	-	48490	32.2841	32.2841	48490	48490	1	1
C6_8h	437	LT934125.1	48829	48829	-	48829	32.2841	32.2841	48829	48829	1	1
C6_8h	438	LT934125.1	49141	49141	-	49141	32.2841	32.2841	49141	49141	1	1
C6_8h	439	LT934125.1	49465	49465	-	49465	64.5682	64.5682	49465	49465	1	1
C6_8h	440	LT934125.1	50155	50160	-	50155	96.8523	64.5682	50155	50160	6	6
C6_8h	441	LT934125.1	50336	50376	-	50370	161.4205	64.5682	50336	50376	41	41
C6_8h	442	LT934125.1	50492	50536	-	50492	225.9887	64.5682	50492	50536	45	45
C6_8h	443	LT934125.1	50592	50743	-	50592	807.1025	129.1364	50592	50701	110	152
C6_8h	444	LT934125.1	50979	51007	-	50986	419.6933	129.1364	50979	50999	21	29
C6_8h	445	LT934125.1	51143	51149	-	51147	7134.786117	6489.104116	51147	51147	1	7
C6_8h	446	LT934125.1	51356	51356	-	51356	32.2841	32.2841	51356	51356	1	1
C6_8h	447	LT934125.1	51509	51509	-	51509	32.2841	32.2841	51509	51509	1	1
C6_8h	448	LT934125.1	51809	51809	-	51809	64.5682	64.5682	51809	51809	1	1
C6_8h	449	LT934125.1	52113	52113	-	52113	32.2841	32.2841	52113	52113	1	1
C6_8h	450	LT934125.1	52992	52992	-	52992	32.2841	32.2841	52992	52992	1	1
C6_8h	451	LT934125.1	53160	53160	-	53160	32.2841	32.2841	53160	53160	1	1
C6_8h	452	LT934125.1	53551	53551	-	53551	32.2841	32.2841	53551	53551	1	1
C6_8h	453	LT934125.1	53822	53822	-	53822	32.2841	32.2841	53822	53822	1	1
C6_8h	454	LT934125.1	54121	54121	-	54121	32.2841	32.2841	54121	54121	1	1
C6_8h	455	LT934125.1	54398	54398	-	54398	32.2841	32.2841	54398	54398	1	1
C6_8h	456	LT934125.1	54983	54983	-	54983	32.2841	32.2841	54983	54983	1	1
C6_8h	457	LT934125.1	55362	55626	-	55438	1420.5004	161.4205	55378	55591	214	265
C6_8h	458	LT934125.1	55878	55995	-	55967	451.9774	129.1364	55880	55989	110	118
C6_8h	459	LT934125.1	56183	56222	-	56188	44100.080708	30476.190476	56187	56189	3	40
C6_8h	460	LT934125.1	56669	56699	-	56699	129.1364	64.5682	56669	56699	31	31
C6_8h	461	LT934125.1	56940	56983	-	56946	3389.830508	2744.148507	56944	56946	3	44
C6_8h	462	LT934125.1	57434	57434	-	57434	32.2841	32.2841	57434	57434	1	1
C6_8h	463	LT934125.1	57589	57589	-	57589	32.2841	32.2841	57589	57589	1	1
C6_8h	464	LT934125.1	57885	57885	-	57885	32.2841	32.2841	57885	57885	1	1
C6_8h	465	LT934125.1	58217	58217	-	58217	32.2841	32.2841	58217	58217	1	1
C6_8h	466	LT934125.1	58564	58575	-	58570	613.397901	484.261501	58570	58572	3	12
C6_8h	467	LT934125.1	59014	59016	-	59014	64.5682	32.2841	59014	59016	3	3
C6_8h	468	LT934125.1	59168	59168	-	59168	32.2841	32.2841	59168	59168	1	1
C6_8h	469	LT934125.1	59276	59281	-	59277	355.125101	225.988701	59276	59277	2	6
C6_8h	470	LT934125.1	59626	59626	-	59626	32.2841	32.2841	59626	59626	1	1
C6_8h	471	LT934125.1	60279	60279	-	60279	32.2841	32.2841	60279	60279	1	1
C6_8h	472	LT934125.1	60843	60843	-	60843	32.2841	32.2841	60843	60843	1	1
C6_8h	473	LT934125.1	61856	61856	-	61856	32.2841	32.2841	61856	61856	1	1
C6_8h	474	LT934125.1	62029	62029	-	62029	32.2841	32.2841	62029	62029	1	1
C6_8h	475	LT934125.1	63417	63438	-	63420	177594.834542	161323.648103	63420	63420	1	22
C6_8h	476	LT934125.1	63714	63720	-	63714	64.5682	32.2841	63714	63720	7	7
C6_8h	477	LT934125.1	63937	63937	-	63937	32.2841	32.2841	63937	63937	1	1
C6_8h	478	LT934125.1	64123	64127	-	64127	387.4092	161.4205	64123	64127	5	5
C6_8h	479	LT934125.1	64266	64266	-	64266	32.2841	32.2841	64266	64266	1	1
C6_8h	480	LT934125.1	64460	64503	-	64460	129.1364	32.2841	64460	64503	44	44
C6_8h	481	LT934125.1	64676	64692	-	64692	96.8523	64.5682	64676	64692	17	17
C6_8h	482	LT934125.1	64914	64952	-	64948	355.1251	96.8523	64916	64950	35	39
C6_8h	483	LT934125.1	65100	65100	-	65100	32.2841	32.2841	65100	65100	1	1
C6_8h	484	LT934125.1	65343	65343	-	65343	32.2841	32.2841	65343	65343	1	1
C6_8h	485	LT934125.1	65718	65756	-	65752	2518.159805	1388.216303	65749	65752	4	39
C6_8h	486	LT934125.1	66274	66274	-	66274	32.2841	32.2841	66274	66274	1	1
C6_8h	487	LT934125.1	66759	66761	-	66761	96.8523	64.5682	66759	66761	3	3
C6_8h	488	LT934125.1	66948	66948	-	66948	64.5682	64.5682	66948	66948	1	1
C6_8h	489	LT934125.1	67452	67452	-	67452	32.2841	32.2841	67452	67452	1	1
C6_8h	490	LT934125.1	67644	67644	-	67644	32.2841	32.2841	67644	67644	1	1
C6_8h	491	LT934125.1	68066	68079	-	68066	64.5682	32.2841	68066	68079	14	14
C6_8h	492	LT934125.1	68527	68527	-	68527	32.2841	32.2841	68527	68527	1	1
C6_8h	493	LT934125.1	68898	68898	-	68898	32.2841	32.2841	68898	68898	1	1
C6_8h	494	LT934125.1	69257	69259	-	69257	64.5682	32.2841	69257	69259	3	3
C6_8h	495	LT934125.1	69435	69435	-	69435	32.2841	32.2841	69435	69435	1	1
C6_8h	496	LT934125.1	70004	70004	-	70004	32.2841	32.2841	70004	70004	1	1
C6_8h	497	LT934125.1	70240	70240	-	70240	32.2841	32.2841	70240	70240	1	1
C6_8h	498	LT934125.1	70431	70474	-	70451	322.841	96.8523	70443	70474	32	44
C6_8h	499	LT934125.1	70952	70952	-	70952	32.2841	32.2841	70952	70952	1	1
C6_8h	500	LT934125.1	71652	71652	-	71652	32.2841	32.2841	71652	71652	1	1
C6_8h	501	LT934125.1	71776	71817	-	71776	129.1364	32.2841	71776	71817	42	42
C6_8h	502	LT934125.1	71848	71904	-	71889	322.841	64.5682	71854	71904	51	57
C6_8h	503	LT934125.1	72177	72186	-	72177	64.5682	32.2841	72177	72186	10	10
C6_8h	504	LT934125.1	72403	72415	-	72403	64.5682	32.2841	72403	72415	13	13
C6_8h	505	LT934125.1	72871	72874	-	72871	161.4205	129.1364	72871	72874	4	4
C6_8h	506	LT934125.1	72992	72992	-	72992	32.2841	32.2841	72992	72992	1	1
C6_8h	507	LT934125.1	73103	73108	-	73108	96.8523	64.5682	73103	73108	6	6
C6_8h	508	LT934125.1	73649	73691	-	73649	96.8523	32.2841	73649	73691	43	43
C6_8h	509	LT934125.1	74340	74345	-	74345	161.4205	129.1364	74340	74345	6	6
C6_8h	510	LT934125.1	74835	74835	-	74835	32.2841	32.2841	74835	74835	1	1
C6_8h	511	LT934125.1	75001	75001	-	75001	32.2841	32.2841	75001	75001	1	1
C6_8h	512	LT934125.1	75604	75604	-	75604	32.2841	32.2841	75604	75604	1	1
C6_8h	513	LT934125.1	75831	75831	-	75831	32.2841	32.2841	75831	75831	1	1
C6_8h	514	LT934125.1	76860	76863	-	76860	290.556901	258.272801	76860	76863	4	4
C6_8h	515	LT934125.1	78195	78209	-	78195	64.5682	32.2841	78195	78209	15	15
C6_8h	516	LT934125.1	78942	78942	-	78942	32.2841	32.2841	78942	78942	1	1
C6_8h	517	LT934125.1	80435	80484	-	80484	322.841	193.7046	80440	80484	45	50
C6_8h	518	LT934125.1	80517	80679	-	80645	1162.2276	161.4205	80526	80657	132	163
C6_8h	519	LT934125.1	80805	80940	-	80854	1452.7845	193.7046	80832	80912	81	136
C6_8h	520	LT934125.1	81081	81141	-	81081	225.9887	64.5682	81081	81141	61	61
C6_8h	521	LT934125.1	81804	81897	-	81804	10847.457627	3615.819209	81804	81812	9	94
C6_8h	522	LT934125.1	82009	82044	-	82024	161.4205	96.8523	82009	82044	36	36
C6_8h	523	LT934125.1	82497	82497	-	82497	32.2841	32.2841	82497	82497	1	1
C6_8h	524	LT934125.1	84623	84623	-	84623	32.2841	32.2841	84623	84623	1	1
C6_8h	525	LT934125.1	86314	86314	-	86314	64.5682	64.5682	86314	86314	1	1
C6_8h	526	LT934125.1	86481	86481	-	86481	32.2841	32.2841	86481	86481	1	1
C6_8h	527	LT934125.1	86644	86644	-	86644	32.2841	32.2841	86644	86644	1	1
C6_8h	528	LT934125.1	86928	86928	-	86928	32.2841	32.2841	86928	86928	1	1
C6_8h	529	LT934125.1	87155	87161	-	87161	2292.171105	1678.773204	87157	87161	5	7
C6_8h	530	LT934125.1	87392	87448	-	87447	645.682001	258.272801	87419	87447	29	57
C6_8h	531	LT934125.1	87556	87556	-	87556	32.2841	32.2841	87556	87556	1	1
C6_8h	532	LT934125.1	87769	87769	-	87769	32.2841	32.2841	87769	87769	1	1
C6_8h	533	LT934125.1	88018	88018	-	88018	32.2841	32.2841	88018	88018	1	1
C6_8h	534	LT934125.1	88236	88236	-	88236	32.2841	32.2841	88236	88236	1	1
C6_8h	535	LT934125.1	88487	88487	-	88487	32.2841	32.2841	88487	88487	1	1
C6_8h	536	LT934125.1	88686	88686	-	88686	32.2841	32.2841	88686	88686	1	1
C6_8h	537	LT934125.1	89072	89079	-	89079	742.534302	677.966102	89079	89079	1	8
C6_8h	538	LT934125.1	89404	89404	-	89404	32.2841	32.2841	89404	89404	1	1
C6_8h	539	LT934125.1	90454	90454	-	90454	32.2841	32.2841	90454	90454	1	1
C6_8h	540	LT934125.1	92022	92022	-	92022	32.2841	32.2841	92022	92022	1	1
C6_8h	541	LT934125.1	92157	92157	-	92157	32.2841	32.2841	92157	92157	1	1
C6_8h	542	LT934125.1	92274	92329	-	92274	290.5569	64.5682	92274	92329	56	56
C6_8h	543	LT934125.1	92510	92631	-	92561	419.6933	64.5682	92536	92622	87	122
C6_8h	544	LT934125.1	92774	92783	-	92774	161.4205	96.8523	92774	92783	10	10
C6_8h	545	LT934125.1	92931	92936	-	92933	13817.594834	9975.786925	92933	92936	4	6
C6_8h	546	LT934125.1	93079	93079	-	93079	64.5682	64.5682	93079	93079	1	1
C6_8h	547	LT934125.1	93178	93249	-	93217	258.2728	64.5682	93178	93249	72	72
C6_8h	548	LT934125.1	93397	93480	-	93397	225.9887	32.2841	93397	93480	84	84
C6_8h	549	LT934125.1	93652	93654	-	93654	2615.012106	2485.875706	93654	93654	1	3
C6_8h	550	LT934125.1	93830	93830	-	93830	32.2841	32.2841	93830	93830	1	1
C6_8h	551	LT934125.1	94145	94145	-	94145	32.2841	32.2841	94145	94145	1	1
C6_8h	552	LT934125.1	94481	94536	-	94526	2292.171105	1259.079903	94526	94529	4	56
C6_8h	553	LT934125.1	94648	94648	-	94648	32.2841	32.2841	94648	94648	1	1
C6_8h	554	LT934125.1	94943	94973	-	94947	2324.455205	1517.352704	94943	94948	6	31
C6_8h	555	LT934125.1	95501	95501	-	95501	32.2841	32.2841	95501	95501	1	1
C6_8h	556	LT934125.1	95695	95695	-	95695	32.2841	32.2841	95695	95695	1	1
C6_8h	557	LT934125.1	96089	96089	-	96089	64.5682	64.5682	96089	96089	1	1
C6_8h	558	LT934125.1	96194	96332	-	96324	451.9774	64.5682	96196	96332	137	139
C6_8h	559	LT934125.1	96522	96606	-	96596	677.9661	193.7046	96538	96603	66	85
C6_8h	560	LT934125.1	96832	96867	-	96834	225.9887	64.5682	96832	96867	36	36
C6_8h	561	LT934125.1	97026	97026	-	97026	64.5682	64.5682	97026	97026	1	1
C6_8h	562	LT934125.1	97321	97367	-	97339	8684.42292	2324.455206	97327	97361	35	47
C6_8h	563	LT934125.1	97536	97542	-	97536	96.8523	32.2841	97536	97542	7	7
C6_8h	564	LT934125.1	98231	98231	-	98231	32.2841	32.2841	98231	98231	1	1
C6_8h	565	LT934125.1	98400	98400	-	98400	32.2841	32.2841	98400	98400	1	1
C6_8h	566	LT934125.1	98596	98596	-	98596	32.2841	32.2841	98596	98596	1	1
C6_8h	567	LT934125.1	98793	98793	-	98793	32.2841	32.2841	98793	98793	1	1
C6_8h	568	LT934125.1	100047	100047	-	100047	32.2841	32.2841	100047	100047	1	1
C6_8h	569	LT934125.1	102487	102520	-	102502	193.7046	96.8523	102487	102520	34	34
C6_8h	570	LT934125.1	102771	102771	-	102771	32.2841	32.2841	102771	102771	1	1
C6_8h	571	LT934125.1	102921	102925	-	102921	64.5682	32.2841	102921	102925	5	5
C6_8h	572	LT934125.1	103419	103437	-	103419	64.5682	32.2841	103419	103437	19	19
C6_8h	573	LT934125.1	103834	103834	-	103834	32.2841	32.2841	103834	103834	1	1
C6_8h	574	LT934125.1	104360	104360	-	104360	32.2841	32.2841	104360	104360	1	1
C6_8h	575	LT934125.1	104762	104762	-	104762	32.2841	32.2841	104762	104762	1	1
C6_8h	576	LT934125.1	105044	105052	-	105044	64.5682	32.2841	105044	105052	9	9
C6_8h	577	LT934125.1	106189	106189	-	106189	32.2841	32.2841	106189	106189	1	1
C6_8h	578	LT934125.1	106566	106566	-	106566	32.2841	32.2841	106566	106566	1	1
C6_8h	579	LT934125.1	107047	107067	-	107053	129.1364	64.5682	107047	107067	21	21
C6_8h	580	LT934125.1	107365	107382	-	107369	451.977401	258.272801	107366	107372	7	18
C6_8h	581	LT934125.1	107543	107560	-	107559	1162.227602	936.238902	107558	107559	2	18
C6_8h	582	LT934125.1	108337	108337	-	108337	32.2841	32.2841	108337	108337	1	1
C6_8h	583	LT934125.1	108456	108456	-	108456	32.2841	32.2841	108456	108456	1	1
C6_8h	584	LT934125.1	108740	108745	-	108740	64.5682	32.2841	108740	108745	6	6
C6_8h	585	LT934125.1	109375	109375	-	109375	32.2841	32.2841	109375	109375	1	1
C6_8h	586	LT934125.1	110320	110320	-	110320	64.5682	64.5682	110320	110320	1	1
C6_8h	587	LT934125.1	110937	110950	-	110937	64.5682	32.2841	110937	110950	14	14
C6_8h	588	LT934125.1	111103	111103	-	111103	32.2841	32.2841	111103	111103	1	1
C6_8h	589	LT934125.1	113556	113556	-	113556	32.2841	32.2841	113556	113556	1	1
C6_8h	590	LT934125.1	115505	115532	-	115528	645.682001	258.272801	115521	115532	12	28
C6_8h	591	LT934125.1	115634	115686	-	115670	387.4092	64.5682	115646	115684	39	53
C6_8h	592	LT934125.1	116843	116843	-	116843	32.2841	32.2841	116843	116843	1	1
C6_8h	593	LT934125.1	117778	117778	-	117778	32.2841	32.2841	117778	117778	1	1
C6_8h	594	LT934125.1	118007	118007	-	118007	32.2841	32.2841	118007	118007	1	1
C6_8h	595	LT934125.1	118379	118400	-	118400	161.4205	129.1364	118379	118400	22	22
C6_8h	596	LT934125.1	118706	118749	-	118706	129.1364	32.2841	118706	118749	44	44
C6_8h	597	LT934125.1	119035	119061	-	119058	225.9887	161.4205	119035	119061	27	27
C6_8h	598	LT934125.1	119481	119503	-	119481	96.8523	32.2841	119481	119503	23	23
C6_8h	599	LT934125.1	119910	119931	-	119910	516.5456	193.7046	119910	119925	16	22
C6_8h	600	LT934125.1	120237	120237	-	120237	64.5682	64.5682	120237	120237	1	1
C6_8h	601	LT934125.1	120418	120454	-	120454	322.841	96.8523	120425	120454	30	37
C6_8h	602	LT934125.1	121127	121127	-	121127	32.2841	32.2841	121127	121127	1	1
C6_8h	603	LT934125.1	122105	122105	-	122105	32.2841	32.2841	122105	122105	1	1
C6_8h	604	LT934125.1	122413	122428	-	122413	96.8523	64.5682	122413	122428	16	16
C6_8h	605	LT934125.1	122803	122803	-	122803	32.2841	32.2841	122803	122803	1	1
C6_8h	606	LT934125.1	123537	123537	-	123537	32.2841	32.2841	123537	123537	1	1
C6_8h	607	LT934125.1	124704	124704	-	124704	96.8523	96.8523	124704	124704	1	1
C6_8h	608	LT934125.1	125505	125505	-	125505	64.5682	64.5682	125505	125505	1	1
C6_8h	609	LT934125.1	126111	126112	-	126112	129.1364	96.8523	126111	126112	2	2
C6_8h	610	LT934125.1	126864	127081	-	126926	1678.7732	193.7046	126885	127063	179	218
C6_8h	611	LT934125.1	127112	127362	-	127165	2130.7506	96.8523	127131	127341	211	251
C6_8h	612	LT934125.1	127396	127472	-	127416	645.682	96.8523	127413	127461	49	77
C6_8h	613	LT934125.1	127522	127831	-	127547	1678.773201	225.988701	127546	127797	252	310
C6_8h	614	LT934125.1	128114	128114	-	128114	32.2841	32.2841	128114	128114	1	1
C6_8h	615	LT934125.1	128729	128738	-	128732	55883.77724	49007.263923	128731	128732	2	10
C6_8h	616	LT934125.1	128956	128956	-	128956	32.2841	32.2841	128956	128956	1	1
C6_8h	617	LT934125.1	130277	130277	-	130277	32.2841	32.2841	130277	130277	1	1
C6_8h	618	LT934125.1	130829	130833	-	130833	96.8523	64.5682	130829	130833	5	5
C6_8h	619	LT934125.1	135037	135047	-	135037	64.5682	32.2841	135037	135047	11	11
C6_8h	620	LT934125.1	135389	135428	-	135407	225.9887	64.5682	135389	135428	40	40
C6_8h	621	LT934125.1	135550	135562	-	135550	96.8523	64.5682	135550	135562	13	13
C6_8h	622	LT934125.1	136103	136144	-	136103	129.1364	64.5682	136103	136144	42	42
C6_8h	623	LT934125.1	136208	136328	-	136235	2227.602903	807.102502	136232	136297	66	121
C6_8h	624	LT934125.1	136546	136546	-	136546	32.2841	32.2841	136546	136546	1	1
C6_8h	625	LT934125.1	137055	137055	-	137055	32.2841	32.2841	137055	137055	1	1
C6_8h	626	LT934125.1	137416	137417	-	137416	64.5682	32.2841	137416	137417	2	2
C6_8h	627	LT934125.1	137712	137712	-	137712	32.2841	32.2841	137712	137712	1	1
C6_8h	628	LT934125.1	138545	138547	-	138545	64.5682	32.2841	138545	138547	3	3
C6_8h	629	LT934125.1	138866	138895	-	138866	96.8523	64.5682	138866	138895	30	30
C6_8h	630	LT934125.1	140866	140866	-	140866	64.5682	64.5682	140866	140866	1	1
C6_8h	631	LT934125.1	141799	141799	-	141799	32.2841	32.2841	141799	141799	1	1
C6_8h	632	LT934125.1	142014	142014	-	142014	32.2841	32.2841	142014	142014	1	1
C6_8h	633	LT934125.1	142129	142129	-	142129	32.2841	32.2841	142129	142129	1	1
C6_dRNA	1	LT934125.1	47893	47893	+	47893	333333.333333	333333.333333	47893	47893	1	1
C6_dRNA	2	LT934125.1	79478	79478	+	79478	333333.333333	333333.333333	79478	79478	1	1
C6_dRNA	3	LT934125.1	126133	126133	-	126133	333333.333333	333333.333333	126133	126133	1	1
NRK_1h	1	LT934125.1	1337	1339	+	1337	40404.040404	30303.030303	1337	1339	3	3
NRK_1h	2	LT934125.1	2060	2060	+	2060	10101.010101	10101.010101	2060	2060	1	1
NRK_1h	3	LT934125.1	9270	9270	+	9270	20202.020202	20202.020202	9270	9270	1	1
NRK_1h	4	LT934125.1	9548	9548	+	9548	20202.020202	20202.020202	9548	9548	1	1
NRK_1h	5	LT934125.1	14048	14049	+	14048	30303.030303	20202.020202	14048	14049	2	2
NRK_1h	6	LT934125.1	31097	31097	+	31097	10101.010101	10101.010101	31097	31097	1	1
NRK_1h	7	LT934125.1	46234	46234	+	46234	10101.010101	10101.010101	46234	46234	1	1
NRK_1h	8	LT934125.1	48567	48570	+	48567	70707.070707	40404.040404	48567	48570	4	4
NRK_1h	9	LT934125.1	51230	51230	+	51230	10101.010101	10101.010101	51230	51230	1	1
NRK_1h	10	LT934125.1	52201	52201	+	52201	10101.010101	10101.010101	52201	52201	1	1
NRK_1h	11	LT934125.1	52440	52460	+	52460	50505.050505	30303.030303	52440	52460	21	21
NRK_1h	12	LT934125.1	59068	59070	+	59068	60606.060606	50505.050505	59068	59070	3	3
NRK_1h	13	LT934125.1	66338	66338	+	66338	10101.010101	10101.010101	66338	66338	1	1
NRK_1h	14	LT934125.1	70529	70531	+	70529	20202.020202	10101.010101	70529	70531	3	3
NRK_1h	15	LT934125.1	74400	74406	+	74400	20202.020202	10101.010101	74400	74406	7	7
NRK_1h	16	LT934125.1	79444	79444	+	79444	20202.020202	20202.020202	79444	79444	1	1
NRK_1h	17	LT934125.1	117769	117796	+	117769	20202.020202	10101.010101	117769	117796	28	28
NRK_1h	18	LT934125.1	118860	118866	+	118864	101010.10101	40404.040404	118860	118866	7	7
NRK_1h	19	LT934125.1	121784	121784	+	121784	10101.010101	10101.010101	121784	121784	1	1
NRK_1h	20	LT934125.1	122667	122667	+	122667	10101.010101	10101.010101	122667	122667	1	1
NRK_1h	21	LT934125.1	122922	122922	+	122922	10101.010101	10101.010101	122922	122922	1	1
NRK_1h	22	LT934125.1	124764	124764	+	124764	10101.010101	10101.010101	124764	124764	1	1
NRK_1h	23	LT934125.1	125223	125225	+	125223	70707.070707	40404.040404	125223	125225	3	3
NRK_1h	24	LT934125.1	135995	135995	+	135995	10101.010101	10101.010101	135995	135995	1	1
NRK_1h	25	LT934125.1	136657	136657	+	136657	10101.010101	10101.010101	136657	136657	1	1
NRK_1h	26	LT934125.1	140072	140072	+	140072	10101.010101	10101.010101	140072	140072	1	1
NRK_1h	27	LT934125.1	9494	9494	-	9494	30303.030303	30303.030303	9494	9494	1	1
NRK_1h	28	LT934125.1	19473	19473	-	19473	10101.010101	10101.010101	19473	19473	1	1
NRK_1h	29	LT934125.1	34474	34474	-	34474	10101.010101	10101.010101	34474	34474	1	1
NRK_1h	30	LT934125.1	56188	56188	-	56188	30303.030303	30303.030303	56188	56188	1	1
NRK_1h	31	LT934125.1	63420	63420	-	63420	20202.020202	20202.020202	63420	63420	1	1
NRK_1h	32	LT934125.1	81842	81842	-	81842	10101.010101	10101.010101	81842	81842	1	1
NRK_1h	33	LT934125.1	96663	96663	-	96663	10101.010101	10101.010101	96663	96663	1	1
NRK_1h	34	LT934125.1	96926	96926	-	96926	10101.010101	10101.010101	96926	96926	1	1
NRK_1h	35	LT934125.1	97321	97361	-	97337	151515.151515	90909.090909	97337	97361	25	41
NRK_1h	36	LT934125.1	103645	103645	-	103645	10101.010101	10101.010101	103645	103645	1	1
NRK_1h	37	LT934125.1	107060	107060	-	107060	10101.010101	10101.010101	107060	107060	1	1
NRK_1h	38	LT934125.1	107722	107722	-	107722	10101.010101	10101.010101	107722	107722	1	1
NRK_2h	1	LT934125.1	779	779	+	779	3236.245955	3236.245955	779	779	1	1
NRK_2h	2	LT934125.1	987	987	+	987	3236.245955	3236.245955	987	987	1	1
NRK_2h	3	LT934125.1	1334	1339	+	1337	16181.229774	6472.491909	1334	1339	6	6
NRK_2h	4	LT934125.1	1869	1869	+	1869	3236.245955	3236.245955	1869	1869	1	1
NRK_2h	5	LT934125.1	7592	7592	+	7592	3236.245955	3236.245955	7592	7592	1	1
NRK_2h	6	LT934125.1	9267	9270	+	9270	19417.475729	9708.737864	9267	9270	4	4
NRK_2h	7	LT934125.1	9646	9647	+	9646	9708.737864	6472.491909	9646	9647	2	2
NRK_2h	8	LT934125.1	10120	10120	+	10120	3236.245955	3236.245955	10120	10120	1	1
NRK_2h	9	LT934125.1	14048	14048	+	14048	3236.245955	3236.245955	14048	14048	1	1
NRK_2h	10	LT934125.1	16014	16014	+	16014	3236.245955	3236.245955	16014	16014	1	1
NRK_2h	11	LT934125.1	29100	29100	+	29100	3236.245955	3236.245955	29100	29100	1	1
NRK_2h	12	LT934125.1	31097	31098	+	31098	22653.721683	19417.475728	31097	31098	2	2
NRK_2h	13	LT934125.1	32036	32036	+	32036	3236.245955	3236.245955	32036	32036	1	1
NRK_2h	14	LT934125.1	33301	33301	+	33301	3236.245955	3236.245955	33301	33301	1	1
NRK_2h	15	LT934125.1	43527	43527	+	43527	3236.245955	3236.245955	43527	43527	1	1
NRK_2h	16	LT934125.1	44809	44812	+	44810	19417.475728	9708.737864	44809	44812	4	4
NRK_2h	17	LT934125.1	46233	46233	+	46233	9708.737864	9708.737864	46233	46233	1	1
NRK_2h	18	LT934125.1	47933	47933	+	47933	3236.245955	3236.245955	47933	47933	1	1
NRK_2h	19	LT934125.1	48362	48362	+	48362	3236.245955	3236.245955	48362	48362	1	1
NRK_2h	20	LT934125.1	48567	48570	+	48567	84142.394822	67961.165049	48567	48570	4	4
NRK_2h	21	LT934125.1	49084	49084	+	49084	3236.245955	3236.245955	49084	49084	1	1
NRK_2h	22	LT934125.1	51230	51238	+	51230	16181.229774	6472.491909	51230	51238	9	9
NRK_2h	23	LT934125.1	52444	52462	+	52460	29126.213593	19417.475728	52444	52462	19	19
NRK_2h	24	LT934125.1	53060	53060	+	53060	3236.245955	3236.245955	53060	53060	1	1
NRK_2h	25	LT934125.1	59044	59074	+	59068	51779.935276	19417.475728	59044	59070	27	31
NRK_2h	26	LT934125.1	65807	65807	+	65807	3236.245955	3236.245955	65807	65807	1	1
NRK_2h	27	LT934125.1	66338	66338	+	66338	3236.245955	3236.245955	66338	66338	1	1
NRK_2h	28	LT934125.1	69762	69765	+	69762	6472.49191	3236.245955	69762	69765	4	4
NRK_2h	29	LT934125.1	70529	70547	+	70529	22653.721683	9708.737864	70529	70547	19	19
NRK_2h	30	LT934125.1	74400	74402	+	74402	12944.983819	9708.737864	74400	74402	3	3
NRK_2h	31	LT934125.1	75302	75302	+	75302	3236.245955	3236.245955	75302	75302	1	1
NRK_2h	32	LT934125.1	76990	76990	+	76990	3236.245955	3236.245955	76990	76990	1	1
NRK_2h	33	LT934125.1	79440	79445	+	79444	29126.213593	22653.721683	79440	79445	6	6
NRK_2h	34	LT934125.1	79781	79781	+	79781	3236.245955	3236.245955	79781	79781	1	1
NRK_2h	35	LT934125.1	82473	82473	+	82473	3236.245955	3236.245955	82473	82473	1	1
NRK_2h	36	LT934125.1	90732	90732	+	90732	3236.245955	3236.245955	90732	90732	1	1
NRK_2h	37	LT934125.1	91154	91154	+	91154	3236.245955	3236.245955	91154	91154	1	1
NRK_2h	38	LT934125.1	91409	91409	+	91409	3236.245955	3236.245955	91409	91409	1	1
NRK_2h	39	LT934125.1	100598	100598	+	100598	3236.245955	3236.245955	100598	100598	1	1
NRK_2h	40	LT934125.1	114985	114988	+	114985	42071.197411	29126.213592	114985	114988	4	4
NRK_2h	41	LT934125.1	115464	115464	+	115464	3236.245955	3236.245955	115464	115464	1	1
NRK_2h	42	LT934125.1	115890	115890	+	115890	3236.245955	3236.245955	115890	115890	1	1
NRK_2h	43	LT934125.1	116791	116791	+	116791	3236.245955	3236.245955	116791	116791	1	1
NRK_2h	44	LT934125.1	117769	117769	+	117769	3236.245955	3236.245955	117769	117769	1	1
NRK_2h	45	LT934125.1	118857	118866	+	118864	58252.427185	22653.721683	118859	118866	8	10
NRK_2h	46	LT934125.1	119554	119554	+	119554	3236.245955	3236.245955	119554	119554	1	1
NRK_2h	47	LT934125.1	119780	119780	+	119780	3236.245955	3236.245955	119780	119780	1	1
NRK_2h	48	LT934125.1	121786	121788	+	121786	12944.983819	9708.737864	121786	121788	3	3
NRK_2h	49	LT934125.1	122979	122983	+	122979	19417.475729	12944.983819	122979	122983	5	5
NRK_2h	50	LT934125.1	124756	124756	+	124756	9708.737864	9708.737864	124756	124756	1	1
NRK_2h	51	LT934125.1	125217	125225	+	125223	45307.443366	19417.475728	125223	125225	3	9
NRK_2h	52	LT934125.1	136348	136348	+	136348	3236.245955	3236.245955	136348	136348	1	1
NRK_2h	53	LT934125.1	3429	3429	-	3429	3236.245955	3236.245955	3429	3429	1	1
NRK_2h	54	LT934125.1	3910	3910	-	3910	6472.491909	6472.491909	3910	3910	1	1
NRK_2h	55	LT934125.1	8194	8194	-	8194	3236.245955	3236.245955	8194	8194	1	1
NRK_2h	56	LT934125.1	8791	8791	-	8791	3236.245955	3236.245955	8791	8791	1	1
NRK_2h	57	LT934125.1	9494	9500	-	9494	19417.475728	16181.229773	9494	9500	7	7
NRK_2h	58	LT934125.1	19470	19473	-	19473	12944.983819	6472.491909	19470	19473	4	4
NRK_2h	59	LT934125.1	21941	21941	-	21941	3236.245955	3236.245955	21941	21941	1	1
NRK_2h	60	LT934125.1	25313	25313	-	25313	6472.491909	6472.491909	25313	25313	1	1
NRK_2h	61	LT934125.1	29408	29414	-	29412	16181.229774	9708.737864	29408	29414	7	7
NRK_2h	62	LT934125.1	43473	43473	-	43473	3236.245955	3236.245955	43473	43473	1	1
NRK_2h	63	LT934125.1	44886	44886	-	44886	3236.245955	3236.245955	44886	44886	1	1
NRK_2h	64	LT934125.1	49599	49599	-	49599	3236.245955	3236.245955	49599	49599	1	1
NRK_2h	65	LT934125.1	50398	50398	-	50398	3236.245955	3236.245955	50398	50398	1	1
NRK_2h	66	LT934125.1	51035	51035	-	51035	3236.245955	3236.245955	51035	51035	1	1
NRK_2h	67	LT934125.1	55547	55547	-	55547	3236.245955	3236.245955	55547	55547	1	1
NRK_2h	68	LT934125.1	56182	56194	-	56194	32362.459547	12944.983819	56182	56194	13	13
NRK_2h	69	LT934125.1	59835	59835	-	59835	3236.245955	3236.245955	59835	59835	1	1
NRK_2h	70	LT934125.1	63420	63420	-	63420	12944.983819	12944.983819	63420	63420	1	1
NRK_2h	71	LT934125.1	81805	81806	-	81805	9708.737864	6472.491909	81805	81806	2	2
NRK_2h	72	LT934125.1	87161	87161	-	87161	3236.245955	3236.245955	87161	87161	1	1
NRK_2h	73	LT934125.1	89621	89621	-	89621	3236.245955	3236.245955	89621	89621	1	1
NRK_2h	74	LT934125.1	92936	92936	-	92936	3236.245955	3236.245955	92936	92936	1	1
NRK_2h	75	LT934125.1	93654	93654	-	93654	3236.245955	3236.245955	93654	93654	1	1
NRK_2h	76	LT934125.1	94947	94947	-	94947	3236.245955	3236.245955	94947	94947	1	1
NRK_2h	77	LT934125.1	96601	96601	-	96601	3236.245955	3236.245955	96601	96601	1	1
NRK_2h	78	LT934125.1	97199	97199	-	97199	3236.245955	3236.245955	97199	97199	1	1
NRK_2h	79	LT934125.1	97337	97361	-	97337	106796.116504	32362.459547	97337	97361	25	25
NRK_2h	80	LT934125.1	107369	107369	-	107369	3236.245955	3236.245955	107369	107369	1	1
NRK_2h	81	LT934125.1	118400	118400	-	118400	3236.245955	3236.245955	118400	118400	1	1
NRK_2h	82	LT934125.1	118739	118739	-	118739	3236.245955	3236.245955	118739	118739	1	1
NRK_2h	83	LT934125.1	126926	126926	-	126926	3236.245955	3236.245955	126926	126926	1	1
NRK_2h	84	LT934125.1	127827	127827	-	127827	3236.245955	3236.245955	127827	127827	1	1
NRK_2h	85	LT934125.1	128209	128209	-	128209	3236.245955	3236.245955	128209	128209	1	1
NRK_2h	86	LT934125.1	128729	128732	-	128732	42071.197411	29126.213592	128729	128732	4	4
PC_12_0.5h	1	LT934125.1	15646	15646	+	15646	32258.064516	32258.064516	15646	15646	1	1
PC_12_0.5h	2	LT934125.1	48567	48567	+	48567	64516.129032	64516.129032	48567	48567	1	1
PC_12_0.5h	3	LT934125.1	52444	52444	+	52444	32258.064516	32258.064516	52444	52444	1	1
PC_12_0.5h	4	LT934125.1	70529	70529	+	70529	32258.064516	32258.064516	70529	70529	1	1
PC_12_0.5h	5	LT934125.1	79444	79444	+	79444	32258.064516	32258.064516	79444	79444	1	1
PC_12_0.5h	6	LT934125.1	114985	114985	+	114985	32258.064516	32258.064516	114985	114985	1	1
PC_12_0.5h	7	LT934125.1	117958	117958	+	117958	32258.064516	32258.064516	117958	117958	1	1
PC_12_0.5h	8	LT934125.1	118864	118864	+	118864	64516.129032	64516.129032	118864	118864	1	1
PC_12_0.5h	9	LT934125.1	125225	125227	+	125225	96774.193548	64516.129032	125225	125227	3	3
PC_12_0.5h	10	LT934125.1	132560	132560	+	132560	32258.064516	32258.064516	132560	132560	1	1
PC_12_0.5h	11	LT934125.1	136158	136158	+	136158	32258.064516	32258.064516	136158	136158	1	1
PC_12_0.5h	12	LT934125.1	139269	139269	+	139269	32258.064516	32258.064516	139269	139269	1	1
PC_12_0.5h	13	LT934125.1	24964	24964	-	24964	32258.064516	32258.064516	24964	24964	1	1
PC_12_0.5h	14	LT934125.1	34175	34175	-	34175	32258.064516	32258.064516	34175	34175	1	1
PC_12_0.5h	15	LT934125.1	56188	56194	-	56188	161290.32258	96774.193548	56188	56194	7	7
PC_12_0.5h	16	LT934125.1	97337	97345	-	97337	129032.258064	64516.129032	97337	97345	9	9
PC_12_0.5h	17	LT934125.1	104448	104448	-	104448	32258.064516	32258.064516	104448	104448	1	1
PC_12_0.5h	18	LT934125.1	107559	107559	-	107559	32258.064516	32258.064516	107559	107559	1	1
PC_12_0.5h	19	LT934125.1	111157	111157	-	111157	32258.064516	32258.064516	111157	111157	1	1
PC_12_0.5h	20	LT934125.1	128732	128732	-	128732	32258.064516	32258.064516	128732	128732	1	1
PC_12_1.5h	1	LT934125.1	990	990	+	990	2212.389381	2212.389381	990	990	1	1
PC_12_1.5h	2	LT934125.1	1334	1345	+	1337	26548.672568	15486.725664	1334	1339	6	12
PC_12_1.5h	3	LT934125.1	7591	7591	+	7591	4424.778761	4424.778761	7591	7591	1	1
PC_12_1.5h	4	LT934125.1	9267	9274	+	9270	26548.672568	15486.725664	9269	9271	3	8
PC_12_1.5h	5	LT934125.1	9704	9704	+	9704	2212.389381	2212.389381	9704	9704	1	1
PC_12_1.5h	6	LT934125.1	14048	14048	+	14048	6637.168142	6637.168142	14048	14048	1	1
PC_12_1.5h	7	LT934125.1	15678	15678	+	15678	2212.389381	2212.389381	15678	15678	1	1
PC_12_1.5h	8	LT934125.1	25422	25422	+	25422	2212.389381	2212.389381	25422	25422	1	1
PC_12_1.5h	9	LT934125.1	31098	31098	+	31098	13274.336283	13274.336283	31098	31098	1	1
PC_12_1.5h	10	LT934125.1	32036	32036	+	32036	2212.389381	2212.389381	32036	32036	1	1
PC_12_1.5h	11	LT934125.1	33612	33612	+	33612	2212.389381	2212.389381	33612	33612	1	1
PC_12_1.5h	12	LT934125.1	44812	44812	+	44812	2212.389381	2212.389381	44812	44812	1	1
PC_12_1.5h	13	LT934125.1	47066	47066	+	47066	2212.389381	2212.389381	47066	47066	1	1
PC_12_1.5h	14	LT934125.1	47315	47315	+	47315	2212.389381	2212.389381	47315	47315	1	1
PC_12_1.5h	15	LT934125.1	48565	48571	+	48567	61946.902655	35398.230088	48567	48570	4	7
PC_12_1.5h	16	LT934125.1	49142	49142	+	49142	2212.389381	2212.389381	49142	49142	1	1
PC_12_1.5h	17	LT934125.1	51230	51235	+	51230	22123.893806	11061.946903	51230	51235	6	6
PC_12_1.5h	18	LT934125.1	52444	52460	+	52460	39823.00885	33185.840708	52444	52460	17	17
PC_12_1.5h	19	LT934125.1	53119	53119	+	53119	2212.389381	2212.389381	53119	53119	1	1
PC_12_1.5h	20	LT934125.1	59044	59070	+	59068	68584.070797	39823.00885	59044	59070	27	27
PC_12_1.5h	21	LT934125.1	59989	59989	+	59989	2212.389381	2212.389381	59989	59989	1	1
PC_12_1.5h	22	LT934125.1	60472	60472	+	60472	2212.389381	2212.389381	60472	60472	1	1
PC_12_1.5h	23	LT934125.1	61822	61822	+	61822	2212.389381	2212.389381	61822	61822	1	1
PC_12_1.5h	24	LT934125.1	61924	61924	+	61924	2212.389381	2212.389381	61924	61924	1	1
PC_12_1.5h	25	LT934125.1	68372	68372	+	68372	2212.389381	2212.389381	68372	68372	1	1
PC_12_1.5h	26	LT934125.1	70529	70534	+	70531	24336.283186	13274.336283	70529	70531	3	6
PC_12_1.5h	27	LT934125.1	74400	74402	+	74400	13274.336284	6637.168142	74400	74402	3	3
PC_12_1.5h	28	LT934125.1	76990	76990	+	76990	2212.389381	2212.389381	76990	76990	1	1
PC_12_1.5h	29	LT934125.1	78042	78044	+	78042	4424.778762	2212.389381	78042	78044	3	3
PC_12_1.5h	30	LT934125.1	79440	79454	+	79444	35398.230089	22123.893805	79440	79444	5	15
PC_12_1.5h	31	LT934125.1	79681	79681	+	79681	2212.389381	2212.389381	79681	79681	1	1
PC_12_1.5h	32	LT934125.1	85994	85994	+	85994	2212.389381	2212.389381	85994	85994	1	1
PC_12_1.5h	33	LT934125.1	96214	96214	+	96214	2212.389381	2212.389381	96214	96214	1	1
PC_12_1.5h	34	LT934125.1	101803	101803	+	101803	2212.389381	2212.389381	101803	101803	1	1
PC_12_1.5h	35	LT934125.1	114985	114988	+	114985	50884.955753	39823.00885	114985	114988	4	4
PC_12_1.5h	36	LT934125.1	116276	116282	+	116276	4424.778762	2212.389381	116276	116282	7	7
PC_12_1.5h	37	LT934125.1	116418	116418	+	116418	2212.389381	2212.389381	116418	116418	1	1
PC_12_1.5h	38	LT934125.1	116634	116662	+	116634	4424.778762	2212.389381	116634	116662	29	29
PC_12_1.5h	39	LT934125.1	117769	117769	+	117769	11061.946903	11061.946903	117769	117769	1	1
PC_12_1.5h	40	LT934125.1	117907	117907	+	117907	2212.389381	2212.389381	117907	117907	1	1
PC_12_1.5h	41	LT934125.1	118015	118015	+	118015	2212.389381	2212.389381	118015	118015	1	1
PC_12_1.5h	42	LT934125.1	118860	118866	+	118864	61946.902655	37610.619469	118860	118864	5	7
PC_12_1.5h	43	LT934125.1	119081	119081	+	119081	2212.389381	2212.389381	119081	119081	1	1
PC_12_1.5h	44	LT934125.1	120312	120312	+	120312	2212.389381	2212.389381	120312	120312	1	1
PC_12_1.5h	45	LT934125.1	121786	121786	+	121786	4424.778761	4424.778761	121786	121786	1	1
PC_12_1.5h	46	LT934125.1	122176	122176	+	122176	2212.389381	2212.389381	122176	122176	1	1
PC_12_1.5h	47	LT934125.1	122979	122981	+	122979	4424.778762	2212.389381	122979	122981	3	3
PC_12_1.5h	48	LT934125.1	124301	124301	+	124301	2212.389381	2212.389381	124301	124301	1	1
PC_12_1.5h	49	LT934125.1	124756	124756	+	124756	8849.557522	8849.557522	124756	124756	1	1
PC_12_1.5h	50	LT934125.1	125221	125225	+	125225	46460.176991	26548.672566	125223	125225	3	5
PC_12_1.5h	51	LT934125.1	125653	125653	+	125653	2212.389381	2212.389381	125653	125653	1	1
PC_12_1.5h	52	LT934125.1	125927	125927	+	125927	2212.389381	2212.389381	125927	125927	1	1
PC_12_1.5h	53	LT934125.1	139935	139935	+	139935	2212.389381	2212.389381	139935	139935	1	1
PC_12_1.5h	54	LT934125.1	140641	140641	+	140641	2212.389381	2212.389381	140641	140641	1	1
PC_12_1.5h	55	LT934125.1	140875	140875	+	140875	4424.778761	4424.778761	140875	140875	1	1
PC_12_1.5h	56	LT934125.1	3908	3914	-	3910	22123.893806	17699.115044	3908	3914	7	7
PC_12_1.5h	57	LT934125.1	8755	8755	-	8755	2212.389381	2212.389381	8755	8755	1	1
PC_12_1.5h	58	LT934125.1	9048	9048	-	9048	2212.389381	2212.389381	9048	9048	1	1
PC_12_1.5h	59	LT934125.1	9494	9500	-	9494	19911.504426	11061.946903	9494	9500	7	7
PC_12_1.5h	60	LT934125.1	16960	16960	-	16960	2212.389381	2212.389381	16960	16960	1	1
PC_12_1.5h	61	LT934125.1	17487	17487	-	17487	2212.389381	2212.389381	17487	17487	1	1
PC_12_1.5h	62	LT934125.1	17723	17723	-	17723	2212.389381	2212.389381	17723	17723	1	1
PC_12_1.5h	63	LT934125.1	17837	17837	-	17837	2212.389381	2212.389381	17837	17837	1	1
PC_12_1.5h	64	LT934125.1	19022	19022	-	19022	2212.389381	2212.389381	19022	19022	1	1
PC_12_1.5h	65	LT934125.1	19469	19473	-	19469	4424.778762	2212.389381	19469	19473	5	5
PC_12_1.5h	66	LT934125.1	21703	21703	-	21703	2212.389381	2212.389381	21703	21703	1	1
PC_12_1.5h	67	LT934125.1	21904	21904	-	21904	2212.389381	2212.389381	21904	21904	1	1
PC_12_1.5h	68	LT934125.1	22257	22257	-	22257	2212.389381	2212.389381	22257	22257	1	1
PC_12_1.5h	69	LT934125.1	29044	29044	-	29044	2212.389381	2212.389381	29044	29044	1	1
PC_12_1.5h	70	LT934125.1	29287	29287	-	29287	2212.389381	2212.389381	29287	29287	1	1
PC_12_1.5h	71	LT934125.1	29407	29414	-	29412	8849.557523	4424.778761	29407	29414	8	8
PC_12_1.5h	72	LT934125.1	32936	32936	-	32936	2212.389381	2212.389381	32936	32936	1	1
PC_12_1.5h	73	LT934125.1	33505	33505	-	33505	2212.389381	2212.389381	33505	33505	1	1
PC_12_1.5h	74	LT934125.1	34474	34478	-	34474	6637.168142	4424.778761	34474	34478	5	5
PC_12_1.5h	75	LT934125.1	51013	51013	-	51013	2212.389381	2212.389381	51013	51013	1	1
PC_12_1.5h	76	LT934125.1	51144	51147	-	51147	11061.946903	8849.557522	51144	51147	4	4
PC_12_1.5h	77	LT934125.1	56068	56068	-	56068	2212.389381	2212.389381	56068	56068	1	1
PC_12_1.5h	78	LT934125.1	56185	56194	-	56188	30973.451329	15486.725664	56186	56194	9	10
PC_12_1.5h	79	LT934125.1	63420	63424	-	63420	22123.893806	19911.504425	63420	63424	5	5
PC_12_1.5h	80	LT934125.1	64697	64697	-	64697	2212.389381	2212.389381	64697	64697	1	1
PC_12_1.5h	81	LT934125.1	65752	65752	-	65752	2212.389381	2212.389381	65752	65752	1	1
PC_12_1.5h	82	LT934125.1	71872	71872	-	71872	2212.389381	2212.389381	71872	71872	1	1
PC_12_1.5h	83	LT934125.1	76863	76890	-	76863	4424.778762	2212.389381	76863	76890	28	28
PC_12_1.5h	84	LT934125.1	80842	80858	-	80842	4424.778762	2212.389381	80842	80858	17	17
PC_12_1.5h	85	LT934125.1	81805	81805	-	81805	2212.389381	2212.389381	81805	81805	1	1
PC_12_1.5h	86	LT934125.1	92274	92274	-	92274	2212.389381	2212.389381	92274	92274	1	1
PC_12_1.5h	87	LT934125.1	92933	92933	-	92933	2212.389381	2212.389381	92933	92933	1	1
PC_12_1.5h	88	LT934125.1	96252	96252	-	96252	2212.389381	2212.389381	96252	96252	1	1
PC_12_1.5h	89	LT934125.1	96391	96391	-	96391	2212.389381	2212.389381	96391	96391	1	1
PC_12_1.5h	90	LT934125.1	96536	96562	-	96536	4424.778762	2212.389381	96536	96562	27	27
PC_12_1.5h	91	LT934125.1	96679	96679	-	96679	2212.389381	2212.389381	96679	96679	1	1
PC_12_1.5h	92	LT934125.1	97327	97366	-	97337	81858.407082	30973.451327	97337	97361	25	40
PC_12_1.5h	93	LT934125.1	102842	102842	-	102842	4424.778761	4424.778761	102842	102842	1	1
PC_12_1.5h	94	LT934125.1	102984	102984	-	102984	2212.389381	2212.389381	102984	102984	1	1
PC_12_1.5h	95	LT934125.1	103782	103782	-	103782	2212.389381	2212.389381	103782	103782	1	1
PC_12_1.5h	96	LT934125.1	120055	120055	-	120055	2212.389381	2212.389381	120055	120055	1	1
PC_12_1.5h	97	LT934125.1	127055	127083	-	127055	4424.778762	2212.389381	127055	127083	29	29
PC_12_1.5h	98	LT934125.1	127267	127267	-	127267	2212.389381	2212.389381	127267	127267	1	1
PC_12_1.5h	99	LT934125.1	127435	127441	-	127435	4424.778762	2212.389381	127435	127441	7	7
PC_12_1.5h	100	LT934125.1	128729	128732	-	128732	50884.955753	39823.00885	128729	128732	4	4
PC_12_1.5h	101	LT934125.1	141914	141914	-	141914	2212.389381	2212.389381	141914	141914	1	1
PC_12_12h	1	LT934125.1	779	779	+	779	136.512249	136.512249	779	779	1	1
PC_12_12h	2	LT934125.1	986	990	+	990	1023.841865	675.73563	987	990	4	5
PC_12_12h	3	LT934125.1	1334	1369	+	1337	703.03808	341.280621	1334	1339	6	36
PC_12_12h	4	LT934125.1	1590	1604	+	1600	2545.953436	1979.427604	1600	1603	4	15
PC_12_12h	5	LT934125.1	1934	1934	+	1934	20.476837	20.476837	1934	1934	1	1
PC_12_12h	6	LT934125.1	7587	7596	+	7588	1679.100658	969.236965	7588	7591	4	10
PC_12_12h	7	LT934125.1	7811	7811	+	7811	75.081737	75.081737	7811	7811	1	1
PC_12_12h	8	LT934125.1	9107	9114	+	9113	6689.10018	4416.171241	9107	9113	7	8
PC_12_12h	9	LT934125.1	9267	9270	+	9270	10477.315077	8163.432464	9267	9270	4	4
PC_12_12h	10	LT934125.1	9640	9650	+	9643	5399.05943	1392.424935	9643	9647	5	11
PC_12_12h	11	LT934125.1	9919	9919	+	9919	27.30245	27.30245	9919	9919	1	1
PC_12_12h	12	LT934125.1	10046	10121	+	10075	238.896434	54.604899	10046	10119	74	76
PC_12_12h	13	LT934125.1	10252	10280	+	10252	143.337861	88.732962	10252	10280	29	29
PC_12_12h	14	LT934125.1	10431	10434	+	10431	832.724716	743.991755	10431	10433	3	4
PC_12_12h	15	LT934125.1	11791	11798	+	11793	546.048993	170.640311	11791	11795	5	8
PC_12_12h	16	LT934125.1	12066	12066	+	12066	27.30245	27.30245	12066	12066	1	1
PC_12_12h	17	LT934125.1	12714	12714	+	12714	20.476837	20.476837	12714	12714	1	1
PC_12_12h	18	LT934125.1	13117	13117	+	13117	20.476837	20.476837	13117	13117	1	1
PC_12_12h	19	LT934125.1	13458	13458	+	13458	20.476837	20.476837	13458	13458	1	1
PC_12_12h	20	LT934125.1	13906	13906	+	13906	20.476837	20.476837	13906	13906	1	1
PC_12_12h	21	LT934125.1	14042	14051	+	14048	5399.059431	4825.707987	14048	14048	1	10
PC_12_12h	22	LT934125.1	14724	14724	+	14724	47.779287	47.779287	14724	14724	1	1
PC_12_12h	23	LT934125.1	14910	14910	+	14910	54.604899	54.604899	14910	14910	1	1
PC_12_12h	24	LT934125.1	15113	15170	+	15136	156.989085	34.128062	15113	15170	58	58
PC_12_12h	25	LT934125.1	15287	15287	+	15287	47.779287	47.779287	15287	15287	1	1
PC_12_12h	26	LT934125.1	15468	15495	+	15468	75.081736	34.128062	15468	15495	28	28
PC_12_12h	27	LT934125.1	15709	15973	+	15856	703.038078	68.256124	15727	15972	246	265
PC_12_12h	28	LT934125.1	16052	16069	+	16069	129.686636	54.604899	16052	16069	18	18
PC_12_12h	29	LT934125.1	17647	17647	+	17647	34.128062	34.128062	17647	17647	1	1
PC_12_12h	30	LT934125.1	18853	18870	+	18853	54.6049	27.30245	18853	18870	18	18
PC_12_12h	31	LT934125.1	19079	19079	+	19079	34.128062	34.128062	19079	19079	1	1
PC_12_12h	32	LT934125.1	28549	28549	+	28549	27.30245	27.30245	28549	28549	1	1
PC_12_12h	33	LT934125.1	29465	29465	+	29465	40.953675	40.953675	29465	29465	1	1
PC_12_12h	34	LT934125.1	30235	30242	+	30240	313.978171	177.465923	30235	30241	7	8
PC_12_12h	35	LT934125.1	30932	30932	+	30932	81.907349	81.907349	30932	30932	1	1
PC_12_12h	36	LT934125.1	31093	31098	+	31098	7931.361641	6190.830472	31096	31098	3	6
PC_12_12h	37	LT934125.1	31357	31358	+	31357	40.953674	20.476837	31357	31358	2	2
PC_12_12h	38	LT934125.1	31525	31528	+	31525	40.953674	20.476837	31525	31528	4	4
PC_12_12h	39	LT934125.1	31847	31859	+	31859	136.512248	102.384186	31847	31859	13	13
PC_12_12h	40	LT934125.1	32016	32039	+	32038	96439.077996	53335.335513	32036	32038	3	24
PC_12_12h	41	LT934125.1	33581	33584	+	33584	102.384186	68.256124	33581	33584	4	4
PC_12_12h	42	LT934125.1	33902	33902	+	33902	27.30245	27.30245	33902	33902	1	1
PC_12_12h	43	LT934125.1	34383	34383	+	34383	20.476837	20.476837	34383	34383	1	1
PC_12_12h	44	LT934125.1	34749	34749	+	34749	34.128062	34.128062	34749	34749	1	1
PC_12_12h	45	LT934125.1	34854	34854	+	34854	40.953675	40.953675	34854	34854	1	1
PC_12_12h	46	LT934125.1	35001	35017	+	35017	95.558574	40.953675	35001	35017	17	17
PC_12_12h	47	LT934125.1	35251	35251	+	35251	20.476837	20.476837	35251	35251	1	1
PC_12_12h	48	LT934125.1	35445	35445	+	35445	20.476837	20.476837	35445	35445	1	1
PC_12_12h	49	LT934125.1	35646	35646	+	35646	27.30245	27.30245	35646	35646	1	1
PC_12_12h	50	LT934125.1	44807	44815	+	44812	10238.418641	7897.233579	44810	44812	3	9
PC_12_12h	51	LT934125.1	44946	44968	+	44946	40.953674	20.476837	44946	44968	23	23
PC_12_12h	52	LT934125.1	45110	45110	+	45110	20.476837	20.476837	45110	45110	1	1
PC_12_12h	53	LT934125.1	45210	45210	+	45210	20.476837	20.476837	45210	45210	1	1
PC_12_12h	54	LT934125.1	45445	45445	+	45445	27.30245	27.30245	45445	45445	1	1
PC_12_12h	55	LT934125.1	46005	46029	+	46024	668.910017	211.593985	46023	46027	5	25
PC_12_12h	56	LT934125.1	46233	46235	+	46233	116.035412	47.779287	46233	46235	3	3
PC_12_12h	57	LT934125.1	46489	46489	+	46489	54.604899	54.604899	46489	46489	1	1
PC_12_12h	58	LT934125.1	46863	46863	+	46863	20.476837	20.476837	46863	46863	1	1
PC_12_12h	59	LT934125.1	47311	47317	+	47315	252.54766	143.337861	47311	47317	7	7
PC_12_12h	60	LT934125.1	47628	47628	+	47628	34.128062	34.128062	47628	47628	1	1
PC_12_12h	61	LT934125.1	47872	47872	+	47872	61.430512	61.430512	47872	47872	1	1
PC_12_12h	62	LT934125.1	48069	48069	+	48069	20.476837	20.476837	48069	48069	1	1
PC_12_12h	63	LT934125.1	48253	48253	+	48253	47.779287	47.779287	48253	48253	1	1
PC_12_12h	64	LT934125.1	48373	48394	+	48373	61.430512	40.953675	48373	48394	22	22
PC_12_12h	65	LT934125.1	48520	48571	+	48567	11241.783669	8074.699502	48567	48570	4	52
PC_12_12h	66	LT934125.1	48856	48950	+	48931	348.106232	81.907349	48868	48933	66	95
PC_12_12h	67	LT934125.1	49024	49135	+	49114	300.326946	122.861024	49047	49120	74	112
PC_12_12h	68	LT934125.1	49501	49506	+	49501	177.465923	95.558574	49501	49506	6	6
PC_12_12h	69	LT934125.1	49986	49986	+	49986	20.476837	20.476837	49986	49986	1	1
PC_12_12h	70	LT934125.1	50154	50154	+	50154	20.476837	20.476837	50154	50154	1	1
PC_12_12h	71	LT934125.1	51232	51241	+	51235	4429.822465	2429.918024	51235	51238	4	10
PC_12_12h	72	LT934125.1	51599	51599	+	51599	40.953675	40.953675	51599	51599	1	1
PC_12_12h	73	LT934125.1	51866	51866	+	51866	27.30245	27.30245	51866	51866	1	1
PC_12_12h	74	LT934125.1	52440	52484	+	52460	4962.220235	3146.607329	52444	52460	17	45
PC_12_12h	75	LT934125.1	52679	52679	+	52679	20.476837	20.476837	52679	52679	1	1
PC_12_12h	76	LT934125.1	52934	52944	+	52934	40.953674	20.476837	52934	52944	11	11
PC_12_12h	77	LT934125.1	53459	53459	+	53459	20.476837	20.476837	53459	53459	1	1
PC_12_12h	78	LT934125.1	53643	53652	+	53648	5951.934038	4928.092173	53648	53649	2	10
PC_12_12h	79	LT934125.1	53763	53763	+	53763	20.476837	20.476837	53763	53763	1	1
PC_12_12h	80	LT934125.1	53996	54015	+	53996	61.430512	34.128062	53996	54015	20	20
PC_12_12h	81	LT934125.1	54421	54475	+	54475	211.593984	102.384186	54421	54475	55	55
PC_12_12h	82	LT934125.1	54728	54753	+	54728	122.861024	40.953675	54728	54753	26	26
PC_12_12h	83	LT934125.1	54887	54959	+	54938	300.326947	109.209799	54887	54959	73	73
PC_12_12h	84	LT934125.1	55303	55355	+	55303	662.084405	232.070823	55303	55355	53	53
PC_12_12h	85	LT934125.1	55474	55497	+	55480	88.732961	27.30245	55474	55497	24	24
PC_12_12h	86	LT934125.1	55706	55738	+	55712	436.839196	163.814698	55712	55738	27	33
PC_12_12h	87	LT934125.1	55997	56021	+	56000	218.419597	75.081737	55997	56021	25	25
PC_12_12h	88	LT934125.1	58894	58897	+	58897	47.779287	27.30245	58894	58897	4	4
PC_12_12h	89	LT934125.1	59038	59074	+	59068	3378.678151	1214.959012	59044	59070	27	37
PC_12_12h	90	LT934125.1	59192	59192	+	59192	20.476837	20.476837	59192	59192	1	1
PC_12_12h	91	LT934125.1	59765	59793	+	59793	116.035411	54.604899	59765	59793	29	29
PC_12_12h	92	LT934125.1	60103	60103	+	60103	27.30245	27.30245	60103	60103	1	1
PC_12_12h	93	LT934125.1	60232	60260	+	60235	1433.378611	389.059908	60234	60258	25	29
PC_12_12h	94	LT934125.1	61076	61078	+	61076	54.604899	34.128062	61076	61078	3	3
PC_12_12h	95	LT934125.1	61663	61687	+	61663	61.430511	20.476837	61663	61687	25	25
PC_12_12h	96	LT934125.1	61772	61772	+	61772	27.30245	27.30245	61772	61772	1	1
PC_12_12h	97	LT934125.1	61939	61939	+	61939	34.128062	34.128062	61939	61939	1	1
PC_12_12h	98	LT934125.1	62215	62233	+	62233	75.081737	40.953675	62215	62233	19	19
PC_12_12h	99	LT934125.1	65082	65082	+	65082	20.476837	20.476837	65082	65082	1	1
PC_12_12h	100	LT934125.1	65805	65809	+	65807	348.106234	163.814698	65805	65807	3	5
PC_12_12h	101	LT934125.1	66335	66345	+	66338	2900.885281	1958.950767	66338	66341	4	11
PC_12_12h	102	LT934125.1	68600	68600	+	68600	27.30245	27.30245	68600	68600	1	1
PC_12_12h	103	LT934125.1	68873	68879	+	68873	40.953674	20.476837	68873	68879	7	7
PC_12_12h	104	LT934125.1	69237	69247	+	69244	1221.784625	436.839195	69237	69245	9	11
PC_12_12h	105	LT934125.1	69567	69567	+	69567	27.30245	27.30245	69567	69567	1	1
PC_12_12h	106	LT934125.1	69755	69821	+	69765	238.896435	88.732962	69765	69821	57	67
PC_12_12h	107	LT934125.1	70012	70090	+	70090	689.386855	491.444095	70037	70090	54	79
PC_12_12h	108	LT934125.1	70284	70336	+	70311	163.814698	47.779287	70284	70336	53	53
PC_12_12h	109	LT934125.1	70525	70531	+	70531	34872.053894	20667.954432	70529	70531	3	7
PC_12_12h	110	LT934125.1	70828	70883	+	70850	136.512248	47.779287	70828	70883	56	56
PC_12_12h	111	LT934125.1	71006	71035	+	71009	156.989086	47.779287	71006	71035	30	30
PC_12_12h	112	LT934125.1	71110	71149	+	71122	150.163474	47.779287	71110	71149	40	40
PC_12_12h	113	LT934125.1	71185	71254	+	71246	232.070822	47.779287	71185	71246	62	70
PC_12_12h	114	LT934125.1	71902	71902	+	71902	20.476837	20.476837	71902	71902	1	1
PC_12_12h	115	LT934125.1	72758	72763	+	72759	491.444095	382.234296	72759	72760	2	6
PC_12_12h	116	LT934125.1	74399	74408	+	74402	8586.620434	4033.936945	74400	74403	4	10
PC_12_12h	117	LT934125.1	75139	75154	+	75154	75.081737	47.779287	75139	75154	16	16
PC_12_12h	118	LT934125.1	75349	75397	+	75382	156.989085	47.779287	75349	75397	49	49
PC_12_12h	119	LT934125.1	75653	75653	+	75653	20.476837	20.476837	75653	75653	1	1
PC_12_12h	120	LT934125.1	76677	76685	+	76683	389.059908	238.896435	76682	76685	4	9
PC_12_12h	121	LT934125.1	76990	76990	+	76990	34.128062	34.128062	76990	76990	1	1
PC_12_12h	122	LT934125.1	78035	78062	+	78035	327.629397	81.907349	78035	78044	10	28
PC_12_12h	123	LT934125.1	78825	78825	+	78825	27.30245	27.30245	78825	78825	1	1
PC_12_12h	124	LT934125.1	79143	79143	+	79143	20.476837	20.476837	79143	79143	1	1
PC_12_12h	125	LT934125.1	79437	79454	+	79444	17043.554234	12388.486557	79440	79445	6	18
PC_12_12h	126	LT934125.1	79584	79650	+	79622	143.337861	61.430512	79584	79650	67	67
PC_12_12h	127	LT934125.1	79686	79806	+	79781	348.106233	88.732962	79707	79786	80	121
PC_12_12h	128	LT934125.1	81332	81336	+	81332	95.558574	54.604899	81332	81336	5	5
PC_12_12h	129	LT934125.1	81436	81436	+	81436	54.604899	54.604899	81436	81436	1	1
PC_12_12h	130	LT934125.1	83975	83978	+	83978	163.814699	75.081737	83975	83978	4	4
PC_12_12h	131	LT934125.1	85676	85676	+	85676	20.476837	20.476837	85676	85676	1	1
PC_12_12h	132	LT934125.1	85846	85846	+	85846	20.476837	20.476837	85846	85846	1	1
PC_12_12h	133	LT934125.1	85996	85996	+	85996	20.476837	20.476837	85996	85996	1	1
PC_12_12h	134	LT934125.1	86255	86282	+	86278	102.384187	40.953675	86255	86282	28	28
PC_12_12h	135	LT934125.1	86544	86544	+	86544	20.476837	20.476837	86544	86544	1	1
PC_12_12h	136	LT934125.1	87212	87216	+	87212	40.953674	20.476837	87212	87216	5	5
PC_12_12h	137	LT934125.1	88883	88883	+	88883	34.128062	34.128062	88883	88883	1	1
PC_12_12h	138	LT934125.1	89133	89133	+	89133	27.30245	27.30245	89133	89133	1	1
PC_12_12h	139	LT934125.1	89883	89883	+	89883	27.30245	27.30245	89883	89883	1	1
PC_12_12h	140	LT934125.1	90381	90381	+	90381	40.953675	40.953675	90381	90381	1	1
PC_12_12h	141	LT934125.1	90727	90727	+	90727	20.476837	20.476837	90727	90727	1	1
PC_12_12h	142	LT934125.1	91409	91415	+	91409	1324.168812	696.212468	91409	91412	4	7
PC_12_12h	143	LT934125.1	91545	91548	+	91548	197.942761	129.686636	91545	91548	4	4
PC_12_12h	144	LT934125.1	92288	92291	+	92288	81.907349	47.779287	92288	92291	4	4
PC_12_12h	145	LT934125.1	92421	92487	+	92453	655.258792	341.280621	92432	92487	56	67
PC_12_12h	146	LT934125.1	95750	95750	+	95750	27.30245	27.30245	95750	95750	1	1
PC_12_12h	147	LT934125.1	96885	96885	+	96885	20.476837	20.476837	96885	96885	1	1
PC_12_12h	148	LT934125.1	99576	99576	+	99576	20.476837	20.476837	99576	99576	1	1
PC_12_12h	149	LT934125.1	101290	101293	+	101290	75.081737	40.953675	101290	101293	4	4
PC_12_12h	150	LT934125.1	102838	102845	+	102838	40.953674	20.476837	102838	102845	8	8
PC_12_12h	151	LT934125.1	104763	104764	+	104764	47.779287	27.30245	104763	104764	2	2
PC_12_12h	152	LT934125.1	105167	105167	+	105167	27.30245	27.30245	105167	105167	1	1
PC_12_12h	153	LT934125.1	106190	106190	+	106190	20.476837	20.476837	106190	106190	1	1
PC_12_12h	154	LT934125.1	106594	106597	+	106594	40.953674	20.476837	106594	106597	4	4
PC_12_12h	155	LT934125.1	107031	107035	+	107035	150.163474	61.430512	107031	107035	5	5
PC_12_12h	156	LT934125.1	107308	107308	+	107308	40.953675	40.953675	107308	107308	1	1
PC_12_12h	157	LT934125.1	107473	107509	+	107482	1276.389526	423.187971	107479	107485	7	37
PC_12_12h	158	LT934125.1	107614	107614	+	107614	68.256124	68.256124	107614	107614	1	1
PC_12_12h	159	LT934125.1	107754	107754	+	107754	40.953675	40.953675	107754	107754	1	1
PC_12_12h	160	LT934125.1	107885	107885	+	107885	20.476837	20.476837	107885	107885	1	1
PC_12_12h	161	LT934125.1	108051	108051	+	108051	47.779287	47.779287	108051	108051	1	1
PC_12_12h	162	LT934125.1	108159	108186	+	108186	102.384186	47.779287	108159	108186	28	28
PC_12_12h	163	LT934125.1	108290	108348	+	108310	177.465923	68.256124	108290	108348	59	59
PC_12_12h	164	LT934125.1	108701	108701	+	108701	20.476837	20.476837	108701	108701	1	1
PC_12_12h	165	LT934125.1	112884	112886	+	112884	102.384186	81.907349	112884	112886	3	3
PC_12_12h	166	LT934125.1	113433	113435	+	113433	54.6049	27.30245	113433	113435	3	3
PC_12_12h	167	LT934125.1	114979	114988	+	114985	39506.644734	34155.36459	114985	114986	2	10
PC_12_12h	168	LT934125.1	115815	115815	+	115815	34.128062	34.128062	115815	115815	1	1
PC_12_12h	169	LT934125.1	115963	115963	+	115963	40.953675	40.953675	115963	115963	1	1
PC_12_12h	170	LT934125.1	116072	116072	+	116072	61.430512	61.430512	116072	116072	1	1
PC_12_12h	171	LT934125.1	116261	116283	+	116283	197.942759	102.384186	116261	116283	23	23
PC_12_12h	172	LT934125.1	116586	116800	+	116759	1044.3187	129.686636	116595	116791	197	215
PC_12_12h	173	LT934125.1	117441	117441	+	117441	20.476837	20.476837	117441	117441	1	1
PC_12_12h	174	LT934125.1	117605	117612	+	117607	395.88552	293.501334	117606	117608	3	8
PC_12_12h	175	LT934125.1	117769	117796	+	117769	389.059909	327.629397	117769	117779	11	28
PC_12_12h	176	LT934125.1	118852	118866	+	118864	50134.123285	28845.038121	118860	118866	7	15
PC_12_12h	177	LT934125.1	119157	119157	+	119157	34.128062	34.128062	119157	119157	1	1
PC_12_12h	178	LT934125.1	119266	119271	+	119266	81.907349	54.604899	119266	119271	6	6
PC_12_12h	179	LT934125.1	119421	119461	+	119436	102.384186	40.953675	119421	119461	41	41
PC_12_12h	180	LT934125.1	119550	119587	+	119567	102.384186	61.430512	119550	119587	38	38
PC_12_12h	181	LT934125.1	119805	119889	+	119808	382.234295	61.430512	119808	119882	75	85
PC_12_12h	182	LT934125.1	119938	119964	+	119941	354.931846	218.419598	119938	119947	10	27
PC_12_12h	183	LT934125.1	120075	120090	+	120081	191.117148	109.209799	120075	120090	16	16
PC_12_12h	184	LT934125.1	120194	120384	+	120312	696.212469	143.337861	120211	120350	140	191
PC_12_12h	185	LT934125.1	120555	120557	+	120555	1017.016252	784.945429	120555	120557	3	3
PC_12_12h	186	LT934125.1	120933	120937	+	120937	116.035411	68.256124	120933	120937	5	5
PC_12_12h	187	LT934125.1	121783	121787	+	121784	7931.361642	5426.36188	121784	121786	3	5
PC_12_12h	188	LT934125.1	121902	121902	+	121902	34.128062	34.128062	121902	121902	1	1
PC_12_12h	189	LT934125.1	122171	122176	+	122171	47.779287	27.30245	122171	122176	6	6
PC_12_12h	190	LT934125.1	122301	122302	+	122301	54.604899	34.128062	122301	122302	2	2
PC_12_12h	191	LT934125.1	122402	122402	+	122402	47.779287	47.779287	122402	122402	1	1
PC_12_12h	192	LT934125.1	122614	122614	+	122614	122.861024	122.861024	122614	122614	1	1
PC_12_12h	193	LT934125.1	122978	122988	+	122979	3317.24764	1849.740968	122979	122981	3	11
PC_12_12h	194	LT934125.1	124180	124180	+	124180	34.128062	34.128062	124180	124180	1	1
PC_12_12h	195	LT934125.1	124385	124402	+	124385	109.209798	68.256124	124385	124402	18	18
PC_12_12h	196	LT934125.1	124538	124571	+	124563	307.15256	95.558574	124539	124569	31	34
PC_12_12h	197	LT934125.1	124736	124757	+	124756	7098.636925	6586.715993	124756	124756	1	22
PC_12_12h	198	LT934125.1	124958	124958	+	124958	40.953675	40.953675	124958	124958	1	1
PC_12_12h	199	LT934125.1	125003	125105	+	125058	177.465922	27.30245	125003	125105	103	103
PC_12_12h	200	LT934125.1	125221	125229	+	125225	16210.829518	8347.724	125223	125225	3	9
PC_12_12h	201	LT934125.1	125373	125373	+	125373	88.732962	88.732962	125373	125373	1	1
PC_12_12h	202	LT934125.1	125478	125478	+	125478	40.953675	40.953675	125478	125478	1	1
PC_12_12h	203	LT934125.1	125715	125729	+	125715	75.081737	40.953675	125715	125729	15	15
PC_12_12h	204	LT934125.1	128032	128105	+	128061	832.724715	163.814698	128047	128083	37	74
PC_12_12h	205	LT934125.1	128182	128221	+	128185	505.09532	197.94276	128184	128189	6	40
PC_12_12h	206	LT934125.1	132614	132614	+	132614	68.256124	68.256124	132614	132614	1	1
PC_12_12h	207	LT934125.1	134977	134996	+	134990	109.209799	54.604899	134977	134996	20	20
PC_12_12h	208	LT934125.1	136158	136174	+	136158	1146.702887	976.062577	136158	136174	17	17
PC_12_12h	209	LT934125.1	136339	136351	+	136348	525.572157	395.885521	136339	136348	10	13
PC_12_12h	210	LT934125.1	136664	136665	+	136664	61.430512	40.953675	136664	136665	2	2
PC_12_12h	211	LT934125.1	137112	137112	+	137112	34.128062	34.128062	137112	137112	1	1
PC_12_12h	212	LT934125.1	139982	139982	+	139982	20.476837	20.476837	139982	139982	1	1
PC_12_12h	213	LT934125.1	141173	141173	+	141173	34.128062	34.128062	141173	141173	1	1
PC_12_12h	214	LT934125.1	2977	2977	-	2977	20.476837	20.476837	2977	2977	1	1
PC_12_12h	215	LT934125.1	3319	3351	-	3349	116.035411	34.128062	3319	3351	33	33
PC_12_12h	216	LT934125.1	3880	3912	-	3910	361.757458	177.465923	3908	3912	5	33
PC_12_12h	217	LT934125.1	4924	4925	-	4925	81.907349	61.430512	4924	4925	2	2
PC_12_12h	218	LT934125.1	7758	7758	-	7758	34.128062	34.128062	7758	7758	1	1
PC_12_12h	219	LT934125.1	9058	9058	-	9058	75.081737	75.081737	9058	9058	1	1
PC_12_12h	220	LT934125.1	9214	9217	-	9214	129.686636	95.558574	9214	9217	4	4
PC_12_12h	221	LT934125.1	9370	9370	-	9370	20.476837	20.476837	9370	9370	1	1
PC_12_12h	222	LT934125.1	9492	9499	-	9494	1064.795538	880.504003	9494	9499	6	8
PC_12_12h	223	LT934125.1	9590	9601	-	9601	75.081737	40.953675	9590	9601	12	12
PC_12_12h	224	LT934125.1	9754	9754	-	9754	27.30245	27.30245	9754	9754	1	1
PC_12_12h	225	LT934125.1	9882	9893	-	9885	170.64031	68.256124	9882	9893	12	12
PC_12_12h	226	LT934125.1	9988	10006	-	9994	88.732961	47.779287	9988	10006	19	19
PC_12_12h	227	LT934125.1	10267	10267	-	10267	27.30245	27.30245	10267	10267	1	1
PC_12_12h	228	LT934125.1	13935	13939	-	13939	75.081736	54.604899	13935	13939	5	5
PC_12_12h	229	LT934125.1	14295	14295	-	14295	40.953675	40.953675	14295	14295	1	1
PC_12_12h	230	LT934125.1	15018	15018	-	15018	20.476837	20.476837	15018	15018	1	1
PC_12_12h	231	LT934125.1	15130	15130	-	15130	20.476837	20.476837	15130	15130	1	1
PC_12_12h	232	LT934125.1	15456	15465	-	15458	136.512248	68.256124	15456	15465	10	10
PC_12_12h	233	LT934125.1	15831	15842	-	15834	382.234296	286.675722	15832	15834	3	12
PC_12_12h	234	LT934125.1	16155	16164	-	16164	102.384186	81.907349	16155	16164	10	10
PC_12_12h	235	LT934125.1	16690	16745	-	16690	102.384186	34.128062	16690	16745	56	56
PC_12_12h	236	LT934125.1	16791	17063	-	16817	853.201554	75.081737	16817	17036	220	273
PC_12_12h	237	LT934125.1	17111	17123	-	17123	122.861023	102.384186	17111	17123	13	13
PC_12_12h	238	LT934125.1	17193	17239	-	17239	136.512248	47.779287	17193	17239	47	47
PC_12_12h	239	LT934125.1	17279	17389	-	17341	1092.097989	409.536746	17339	17363	25	111
PC_12_12h	240	LT934125.1	17535	17551	-	17551	163.814698	61.430512	17535	17551	17	17
PC_12_12h	241	LT934125.1	17666	17670	-	17670	61.430512	34.128062	17666	17670	5	5
PC_12_12h	242	LT934125.1	17766	17792	-	17783	122.861024	47.779287	17766	17792	27	27
PC_12_12h	243	LT934125.1	17978	17981	-	17978	54.6049	27.30245	17978	17981	4	4
PC_12_12h	244	LT934125.1	18161	18161	-	18161	54.604899	54.604899	18161	18161	1	1
PC_12_12h	245	LT934125.1	18433	18433	-	18433	20.476837	20.476837	18433	18433	1	1
PC_12_12h	246	LT934125.1	19468	19474	-	19471	7289.754073	3023.746306	19470	19473	4	7
PC_12_12h	247	LT934125.1	21473	21473	-	21473	27.30245	27.30245	21473	21473	1	1
PC_12_12h	248	LT934125.1	21638	21638	-	21638	20.476837	20.476837	21638	21638	1	1
PC_12_12h	249	LT934125.1	21939	21952	-	21941	600.653893	300.326947	21939	21947	9	14
PC_12_12h	250	LT934125.1	22060	22060	-	22060	34.128062	34.128062	22060	22060	1	1
PC_12_12h	251	LT934125.1	22379	22379	-	22379	27.30245	27.30245	22379	22379	1	1
PC_12_12h	252	LT934125.1	25313	25313	-	25313	75.081737	75.081737	25313	25313	1	1
PC_12_12h	253	LT934125.1	27761	27774	-	27761	40.953674	20.476837	27761	27774	14	14
PC_12_12h	254	LT934125.1	28572	28598	-	28572	95.558574	47.779287	28572	28598	27	27
PC_12_12h	255	LT934125.1	28738	28794	-	28738	204.768373	47.779287	28738	28794	57	57
PC_12_12h	256	LT934125.1	28848	28848	-	28848	47.779287	47.779287	28848	28848	1	1
PC_12_12h	257	LT934125.1	29035	29127	-	29068	348.106234	102.384186	29046	29110	65	93
PC_12_12h	258	LT934125.1	29288	29288	-	29288	81.907349	81.907349	29288	29288	1	1
PC_12_12h	259	LT934125.1	29406	29418	-	29411	28258.035453	8320.42155	29408	29414	7	13
PC_12_12h	260	LT934125.1	30877	30882	-	30877	163.814698	129.686636	30877	30882	6	6
PC_12_12h	261	LT934125.1	31198	31202	-	31202	61.430512	40.953675	31198	31202	5	5
PC_12_12h	262	LT934125.1	31816	31824	-	31816	68.256125	40.953675	31816	31824	9	9
PC_12_12h	263	LT934125.1	32216	32216	-	32216	20.476837	20.476837	32216	32216	1	1
PC_12_12h	264	LT934125.1	32370	32381	-	32370	75.081737	47.779287	32370	32381	12	12
PC_12_12h	265	LT934125.1	32828	32842	-	32842	348.106234	286.675722	32836	32842	7	15
PC_12_12h	266	LT934125.1	32948	32972	-	32955	75.081736	34.128062	32948	32972	25	25
PC_12_12h	267	LT934125.1	33221	33221	-	33221	20.476837	20.476837	33221	33221	1	1
PC_12_12h	268	LT934125.1	33343	33343	-	33343	20.476837	20.476837	33343	33343	1	1
PC_12_12h	269	LT934125.1	33644	33644	-	33644	20.476837	20.476837	33644	33644	1	1
PC_12_12h	270	LT934125.1	34091	34091	-	34091	20.476837	20.476837	34091	34091	1	1
PC_12_12h	271	LT934125.1	34474	34478	-	34474	95.558574	54.604899	34474	34478	5	5
PC_12_12h	272	LT934125.1	35221	35221	-	35221	20.476837	20.476837	35221	35221	1	1
PC_12_12h	273	LT934125.1	41992	41997	-	41995	798.596654	641.607568	41994	41995	2	6
PC_12_12h	274	LT934125.1	42141	42141	-	42141	20.476837	20.476837	42141	42141	1	1
PC_12_12h	275	LT934125.1	44756	44756	-	44756	34.128062	34.128062	44756	44756	1	1
PC_12_12h	276	LT934125.1	44886	44893	-	44889	914.632065	430.013583	44889	44893	5	8
PC_12_12h	277	LT934125.1	45679	45679	-	45679	20.476837	20.476837	45679	45679	1	1
PC_12_12h	278	LT934125.1	46124	46124	-	46124	54.604899	54.604899	46124	46124	1	1
PC_12_12h	279	LT934125.1	46928	46928	-	46928	20.476837	20.476837	46928	46928	1	1
PC_12_12h	280	LT934125.1	49599	49599	-	49599	34.128062	34.128062	49599	49599	1	1
PC_12_12h	281	LT934125.1	50194	50194	-	50194	20.476837	20.476837	50194	50194	1	1
PC_12_12h	282	LT934125.1	50370	50376	-	50370	81.907349	47.779287	50370	50376	7	7
PC_12_12h	283	LT934125.1	50492	50498	-	50492	54.604899	34.128062	50492	50498	7	7
PC_12_12h	284	LT934125.1	50592	50592	-	50592	68.256124	68.256124	50592	50592	1	1
PC_12_12h	285	LT934125.1	50820	50820	-	50820	20.476837	20.476837	50820	50820	1	1
PC_12_12h	286	LT934125.1	50986	51007	-	50988	68.256124	27.30245	50986	51007	22	22
PC_12_12h	287	LT934125.1	51144	51147	-	51147	2341.185063	2197.847202	51147	51147	1	4
PC_12_12h	288	LT934125.1	52232	52237	-	52237	47.779287	27.30245	52232	52237	6	6
PC_12_12h	289	LT934125.1	53181	53181	-	53181	34.128062	34.128062	53181	53181	1	1
PC_12_12h	290	LT934125.1	53551	53555	-	53555	88.732962	40.953675	53551	53555	5	5
PC_12_12h	291	LT934125.1	54174	54174	-	54174	54.604899	54.604899	54174	54174	1	1
PC_12_12h	292	LT934125.1	54702	54704	-	54702	40.953674	20.476837	54702	54704	3	3
PC_12_12h	293	LT934125.1	54855	54855	-	54855	27.30245	27.30245	54855	54855	1	1
PC_12_12h	294	LT934125.1	54983	54983	-	54983	40.953675	40.953675	54983	54983	1	1
PC_12_12h	295	LT934125.1	55369	55460	-	55378	423.18797	95.558574	55370	55454	85	92
PC_12_12h	296	LT934125.1	55496	55622	-	55523	593.828281	88.732962	55504	55613	110	127
PC_12_12h	297	LT934125.1	55661	55703	-	55685	327.629396	88.732962	55661	55703	43	43
PC_12_12h	298	LT934125.1	55768	55807	-	55807	211.593986	75.081737	55768	55807	40	40
PC_12_12h	299	LT934125.1	55942	55967	-	55945	122.861024	40.953675	55942	55967	26	26
PC_12_12h	300	LT934125.1	56185	56212	-	56188	28647.095361	18224.385183	56187	56190	4	28
PC_12_12h	301	LT934125.1	56379	56379	-	56379	20.476837	20.476837	56379	56379	1	1
PC_12_12h	302	LT934125.1	56638	56638	-	56638	20.476837	20.476837	56638	56638	1	1
PC_12_12h	303	LT934125.1	56943	56950	-	56946	3330.898866	2798.501096	56946	56946	1	8
PC_12_12h	304	LT934125.1	58570	58575	-	58570	580.177057	443.664808	58570	58572	3	6
PC_12_12h	305	LT934125.1	59016	59016	-	59016	20.476837	20.476837	59016	59016	1	1
PC_12_12h	306	LT934125.1	59273	59281	-	59277	784.945428	559.700219	59276	59277	2	9
PC_12_12h	307	LT934125.1	62075	62075	-	62075	47.779287	47.779287	62075	62075	1	1
PC_12_12h	308	LT934125.1	63417	63430	-	63420	313684.670358	284532.479677	63420	63420	1	14
PC_12_12h	309	LT934125.1	64123	64129	-	64127	655.258793	238.896435	64123	64128	6	7
PC_12_12h	310	LT934125.1	64530	64530	-	64530	20.476837	20.476837	64530	64530	1	1
PC_12_12h	311	LT934125.1	64697	64697	-	64697	34.128062	34.128062	64697	64697	1	1
PC_12_12h	312	LT934125.1	65746	65753	-	65752	1897.520255	730.34053	65749	65752	4	8
PC_12_12h	313	LT934125.1	65883	65883	-	65883	27.30245	27.30245	65883	65883	1	1
PC_12_12h	314	LT934125.1	66750	66761	-	66750	197.94276	102.384186	66750	66761	12	12
PC_12_12h	315	LT934125.1	66948	66948	-	66948	20.476837	20.476837	66948	66948	1	1
PC_12_12h	316	LT934125.1	67724	67727	-	67724	102.384186	81.907349	67724	67727	4	4
PC_12_12h	317	LT934125.1	68195	68195	-	68195	27.30245	27.30245	68195	68195	1	1
PC_12_12h	318	LT934125.1	68527	68550	-	68527	88.732961	68.256124	68527	68550	24	24
PC_12_12h	319	LT934125.1	68707	68716	-	68709	88.732962	34.128062	68707	68716	10	10
PC_12_12h	320	LT934125.1	68884	68887	-	68886	163.814698	95.558574	68884	68887	4	4
PC_12_12h	321	LT934125.1	69248	69259	-	69254	204.768372	95.558574	69253	69257	5	12
PC_12_12h	322	LT934125.1	69990	70010	-	69990	47.779287	27.30245	69990	70010	21	21
PC_12_12h	323	LT934125.1	70431	70474	-	70451	1160.354112	354.931846	70436	70470	35	44
PC_12_12h	324	LT934125.1	71496	71496	-	71496	27.30245	27.30245	71496	71496	1	1
PC_12_12h	325	LT934125.1	71776	71776	-	71776	27.30245	27.30245	71776	71776	1	1
PC_12_12h	326	LT934125.1	71882	71904	-	71882	184.291537	75.081737	71882	71904	23	23
PC_12_12h	327	LT934125.1	72174	72174	-	72174	81.907349	81.907349	72174	72174	1	1
PC_12_12h	328	LT934125.1	72871	72874	-	72874	81.907349	47.779287	72871	72874	4	4
PC_12_12h	329	LT934125.1	73108	73108	-	73108	34.128062	34.128062	73108	73108	1	1
PC_12_12h	330	LT934125.1	74345	74345	-	74345	34.128062	34.128062	74345	74345	1	1
PC_12_12h	331	LT934125.1	76860	76863	-	76860	122.861024	88.732962	76860	76863	4	4
PC_12_12h	332	LT934125.1	77139	77139	-	77139	20.476837	20.476837	77139	77139	1	1
PC_12_12h	333	LT934125.1	80484	80657	-	80517	750.817368	81.907349	80484	80657	174	174
PC_12_12h	334	LT934125.1	80751	80912	-	80868	662.084405	122.861024	80754	80868	115	162
PC_12_12h	335	LT934125.1	80988	81035	-	81015	81.907349	40.953675	80988	81035	48	48
PC_12_12h	336	LT934125.1	81266	81296	-	81273	95.558573	54.604899	81266	81296	31	31
PC_12_12h	337	LT934125.1	81426	81429	-	81429	61.430512	40.953675	81426	81429	4	4
PC_12_12h	338	LT934125.1	81803	81842	-	81804	11548.936228	4880.312886	81804	81806	3	40
PC_12_12h	339	LT934125.1	82023	82026	-	82023	61.430512	40.953675	82023	82026	4	4
PC_12_12h	340	LT934125.1	86522	86522	-	86522	20.476837	20.476837	86522	86522	1	1
PC_12_12h	341	LT934125.1	86713	86713	-	86713	20.476837	20.476837	86713	86713	1	1
PC_12_12h	342	LT934125.1	86899	86899	-	86899	27.30245	27.30245	86899	86899	1	1
PC_12_12h	343	LT934125.1	87157	87163	-	87161	1726.879944	1228.610237	87157	87161	5	7
PC_12_12h	344	LT934125.1	87446	87447	-	87446	81.90735	40.953675	87446	87447	2	2
PC_12_12h	345	LT934125.1	89079	89079	-	89079	177.465923	177.465923	89079	89079	1	1
PC_12_12h	346	LT934125.1	90326	90326	-	90326	20.476837	20.476837	90326	90326	1	1
PC_12_12h	347	LT934125.1	92274	92343	-	92303	423.18797	197.94276	92277	92326	50	70
PC_12_12h	348	LT934125.1	92521	92561	-	92530	116.035411	47.779287	92521	92561	41	41
PC_12_12h	349	LT934125.1	92613	92635	-	92631	136.512248	34.128062	92613	92635	23	23
PC_12_12h	350	LT934125.1	92765	92774	-	92774	54.604899	34.128062	92765	92774	10	10
PC_12_12h	351	LT934125.1	92931	92950	-	92933	13234.862498	9842.533121	92933	92936	4	20
PC_12_12h	352	LT934125.1	93281	93281	-	93281	27.30245	27.30245	93281	93281	1	1
PC_12_12h	353	LT934125.1	93482	93482	-	93482	27.30245	27.30245	93482	93482	1	1
PC_12_12h	354	LT934125.1	93654	93657	-	93654	1351.471261	1317.343199	93654	93654	1	4
PC_12_12h	355	LT934125.1	94526	94529	-	94526	273.024497	238.896435	94526	94529	4	4
PC_12_12h	356	LT934125.1	94941	94949	-	94947	3030.571919	2177.370365	94943	94947	5	9
PC_12_12h	357	LT934125.1	95392	95392	-	95392	34.128062	34.128062	95392	95392	1	1
PC_12_12h	358	LT934125.1	95694	95694	-	95694	184.291536	184.291536	95694	95694	1	1
PC_12_12h	359	LT934125.1	95882	95882	-	95882	27.30245	27.30245	95882	95882	1	1
PC_12_12h	360	LT934125.1	96143	96146	-	96146	61.430512	40.953675	96143	96146	4	4
PC_12_12h	361	LT934125.1	96596	96598	-	96596	88.732961	54.604899	96596	96598	3	3
PC_12_12h	362	LT934125.1	96836	96836	-	96836	20.476837	20.476837	96836	96836	1	1
PC_12_12h	363	LT934125.1	97327	97366	-	97361	1713.22872	778.119817	97337	97361	25	40
PC_12_12h	364	LT934125.1	98415	98415	-	98415	40.953675	40.953675	98415	98415	1	1
PC_12_12h	365	LT934125.1	102529	102544	-	102544	54.604899	34.128062	102529	102544	16	16
PC_12_12h	366	LT934125.1	103735	103735	-	103735	20.476837	20.476837	103735	103735	1	1
PC_12_12h	367	LT934125.1	106605	106605	-	106605	34.128062	34.128062	106605	106605	1	1
PC_12_12h	368	LT934125.1	107052	107053	-	107053	61.430512	40.953675	107052	107053	2	2
PC_12_12h	369	LT934125.1	107366	107378	-	107369	518.746544	389.059908	107369	107378	10	13
PC_12_12h	370	LT934125.1	107543	107559	-	107559	1146.702887	976.062577	107543	107559	17	17
PC_12_12h	371	LT934125.1	108721	108740	-	108727	109.209799	54.604899	108721	108740	20	20
PC_12_12h	372	LT934125.1	111103	111103	-	111103	68.256124	68.256124	111103	111103	1	1
PC_12_12h	373	LT934125.1	115496	115535	-	115532	498.269708	191.117148	115528	115533	6	40
PC_12_12h	374	LT934125.1	115612	115685	-	115656	819.073491	163.814698	115634	115670	37	74
PC_12_12h	375	LT934125.1	116873	116878	-	116873	40.953674	20.476837	116873	116878	6	6
PC_12_12h	376	LT934125.1	118376	118400	-	118400	75.081736	54.604899	118376	118400	25	25
PC_12_12h	377	LT934125.1	119031	119061	-	119058	293.501333	150.163473	119040	119061	22	31
PC_12_12h	378	LT934125.1	119359	119359	-	119359	27.30245	27.30245	119359	119359	1	1
PC_12_12h	379	LT934125.1	119478	119499	-	119481	197.94276	81.907349	119478	119499	22	22
PC_12_12h	380	LT934125.1	119899	119935	-	119910	675.735629	266.198885	119910	119931	22	37
PC_12_12h	381	LT934125.1	120138	120138	-	120138	40.953675	40.953675	120138	120138	1	1
PC_12_12h	382	LT934125.1	120241	120241	-	120241	109.209799	109.209799	120241	120241	1	1
PC_12_12h	383	LT934125.1	120405	120454	-	120431	860.027166	313.978172	120427	120454	28	50
PC_12_12h	384	LT934125.1	121532	121532	-	121532	20.476837	20.476837	121532	121532	1	1
PC_12_12h	385	LT934125.1	121856	121878	-	121878	81.907349	47.779287	121856	121878	23	23
PC_12_12h	386	LT934125.1	122413	122428	-	122424	368.58307	143.337861	122414	122424	11	16
PC_12_12h	387	LT934125.1	122806	122812	-	122806	47.779287	27.30245	122806	122812	7	7
PC_12_12h	388	LT934125.1	124781	124819	-	124781	245.722046	116.035411	124781	124819	39	39
PC_12_12h	389	LT934125.1	125130	125130	-	125130	20.476837	20.476837	125130	125130	1	1
PC_12_12h	390	LT934125.1	125505	125505	-	125505	20.476837	20.476837	125505	125505	1	1
PC_12_12h	391	LT934125.1	126103	126112	-	126112	143.337862	75.081737	126103	126112	10	10
PC_12_12h	392	LT934125.1	126917	127131	-	126926	1044.3187	129.686636	126926	127122	197	215
PC_12_12h	393	LT934125.1	127434	127456	-	127434	197.942759	102.384186	127434	127456	23	23
PC_12_12h	394	LT934125.1	127543	127611	-	127597	273.024497	61.430512	127547	127611	65	69
PC_12_12h	395	LT934125.1	127754	127754	-	127754	40.953675	40.953675	127754	127754	1	1
PC_12_12h	396	LT934125.1	127902	127902	-	127902	34.128062	34.128062	127902	127902	1	1
PC_12_12h	397	LT934125.1	128729	128738	-	128732	39574.900859	34209.96949	128731	128732	2	10
PC_12_12h	398	LT934125.1	130282	130284	-	130282	54.6049	27.30245	130282	130284	3	3
PC_12_12h	399	LT934125.1	130831	130833	-	130833	102.384186	81.907349	130831	130833	3	3
PC_12_12h	400	LT934125.1	135016	135016	-	135016	20.476837	20.476837	135016	135016	1	1
PC_12_12h	401	LT934125.1	135369	135427	-	135407	177.465923	68.256124	135369	135427	59	59
PC_12_12h	402	LT934125.1	135531	135558	-	135531	102.384186	47.779287	135531	135558	28	28
PC_12_12h	403	LT934125.1	135666	135666	-	135666	47.779287	47.779287	135666	135666	1	1
PC_12_12h	404	LT934125.1	135963	135963	-	135963	40.953675	40.953675	135963	135963	1	1
PC_12_12h	405	LT934125.1	136103	136103	-	136103	68.256124	68.256124	136103	136103	1	1
PC_12_12h	406	LT934125.1	136208	136244	-	136235	1276.389526	423.187971	136232	136238	7	37
PC_12_12h	407	LT934125.1	136409	136409	-	136409	40.953675	40.953675	136409	136409	1	1
PC_12_12h	408	LT934125.1	136682	136686	-	136682	150.163474	61.430512	136682	136686	5	5
PC_12_12h	409	LT934125.1	137120	137123	-	137120	40.953674	20.476837	137120	137123	4	4
PC_12_12h	410	LT934125.1	137527	137527	-	137527	20.476837	20.476837	137527	137527	1	1
PC_12_12h	411	LT934125.1	138550	138550	-	138550	27.30245	27.30245	138550	138550	1	1
PC_12_12h	412	LT934125.1	138953	138954	-	138953	47.779287	27.30245	138953	138954	2	2
PC_12_12h	413	LT934125.1	140879	140879	-	140879	20.476837	20.476837	140879	140879	1	1
PC_12_12h	414	LT934125.1	142424	142427	-	142427	75.081737	40.953675	142424	142427	4	4
PC_12_1h	1	LT934125.1	1334	1339	+	1337	24498.886414	15590.200445	1337	1339	3	6
PC_12_1h	2	LT934125.1	2164	2164	+	2164	2227.171492	2227.171492	2164	2164	1	1
PC_12_1h	3	LT934125.1	7588	7591	+	7588	4454.342984	2227.171492	7588	7591	4	4
PC_12_1h	4	LT934125.1	8438	8438	+	8438	2227.171492	2227.171492	8438	8438	1	1
PC_12_1h	5	LT934125.1	9270	9270	+	9270	22271.714922	22271.714922	9270	9270	1	1
PC_12_1h	6	LT934125.1	14048	14048	+	14048	4454.342984	4454.342984	14048	14048	1	1
PC_12_1h	7	LT934125.1	25422	25422	+	25422	2227.171492	2227.171492	25422	25422	1	1
PC_12_1h	8	LT934125.1	31098	31098	+	31098	6681.514477	6681.514477	31098	31098	1	1
PC_12_1h	9	LT934125.1	31930	31930	+	31930	2227.171492	2227.171492	31930	31930	1	1
PC_12_1h	10	LT934125.1	32203	32203	+	32203	2227.171492	2227.171492	32203	32203	1	1
PC_12_1h	11	LT934125.1	33698	33698	+	33698	2227.171492	2227.171492	33698	33698	1	1
PC_12_1h	12	LT934125.1	33825	33825	+	33825	2227.171492	2227.171492	33825	33825	1	1
PC_12_1h	13	LT934125.1	33986	33986	+	33986	2227.171492	2227.171492	33986	33986	1	1
PC_12_1h	14	LT934125.1	44812	44815	+	44812	6681.514476	4454.342984	44812	44815	4	4
PC_12_1h	15	LT934125.1	47319	47319	+	47319	2227.171492	2227.171492	47319	47319	1	1
PC_12_1h	16	LT934125.1	47610	47610	+	47610	2227.171492	2227.171492	47610	47610	1	1
PC_12_1h	17	LT934125.1	48409	48409	+	48409	2227.171492	2227.171492	48409	48409	1	1
PC_12_1h	18	LT934125.1	48567	48586	+	48567	48997.772828	35634.743875	48567	48570	4	20
PC_12_1h	19	LT934125.1	48850	48850	+	48850	2227.171492	2227.171492	48850	48850	1	1
PC_12_1h	20	LT934125.1	49032	49032	+	49032	2227.171492	2227.171492	49032	49032	1	1
PC_12_1h	21	LT934125.1	51235	51235	+	51235	2227.171492	2227.171492	51235	51235	1	1
PC_12_1h	22	LT934125.1	52444	52460	+	52460	17817.371937	13363.028953	52444	52460	17	17
PC_12_1h	23	LT934125.1	53438	53438	+	53438	2227.171492	2227.171492	53438	53438	1	1
PC_12_1h	24	LT934125.1	53652	53652	+	53652	2227.171492	2227.171492	53652	53652	1	1
PC_12_1h	25	LT934125.1	53931	53931	+	53931	2227.171492	2227.171492	53931	53931	1	1
PC_12_1h	26	LT934125.1	55166	55166	+	55166	2227.171492	2227.171492	55166	55166	1	1
PC_12_1h	27	LT934125.1	55739	55739	+	55739	2227.171492	2227.171492	55739	55739	1	1
PC_12_1h	28	LT934125.1	59044	59074	+	59068	44543.429843	20044.54343	59044	59070	27	31
PC_12_1h	29	LT934125.1	59509	59509	+	59509	2227.171492	2227.171492	59509	59509	1	1
PC_12_1h	30	LT934125.1	60076	60076	+	60076	2227.171492	2227.171492	60076	60076	1	1
PC_12_1h	31	LT934125.1	60217	60217	+	60217	2227.171492	2227.171492	60217	60217	1	1
PC_12_1h	32	LT934125.1	65802	65802	+	65802	2227.171492	2227.171492	65802	65802	1	1
PC_12_1h	33	LT934125.1	68399	68399	+	68399	2227.171492	2227.171492	68399	68399	1	1
PC_12_1h	34	LT934125.1	69185	69185	+	69185	2227.171492	2227.171492	69185	69185	1	1
PC_12_1h	35	LT934125.1	70529	70531	+	70529	15590.200446	8908.685969	70529	70531	3	3
PC_12_1h	36	LT934125.1	74400	74403	+	74400	13363.028953	8908.685969	74400	74403	4	4
PC_12_1h	37	LT934125.1	78035	78042	+	78035	6681.514476	2227.171492	78035	78042	8	8
PC_12_1h	38	LT934125.1	79432	79444	+	79444	26726.057905	15590.200445	79439	79444	6	13
PC_12_1h	39	LT934125.1	79712	79712	+	79712	2227.171492	2227.171492	79712	79712	1	1
PC_12_1h	40	LT934125.1	81082	81082	+	81082	4454.342984	4454.342984	81082	81082	1	1
PC_12_1h	41	LT934125.1	83975	83979	+	83975	4454.342984	2227.171492	83975	83979	5	5
PC_12_1h	42	LT934125.1	107035	107035	+	107035	2227.171492	2227.171492	107035	107035	1	1
PC_12_1h	43	LT934125.1	107400	107400	+	107400	2227.171492	2227.171492	107400	107400	1	1
PC_12_1h	44	LT934125.1	108331	108331	+	108331	2227.171492	2227.171492	108331	108331	1	1
PC_12_1h	45	LT934125.1	114985	115003	+	114985	73496.659242	55679.287305	114985	114988	4	19
PC_12_1h	46	LT934125.1	115649	115649	+	115649	2227.171492	2227.171492	115649	115649	1	1
PC_12_1h	47	LT934125.1	116278	116278	+	116278	4454.342984	4454.342984	116278	116278	1	1
PC_12_1h	48	LT934125.1	116403	116403	+	116403	2227.171492	2227.171492	116403	116403	1	1
PC_12_1h	49	LT934125.1	116605	116628	+	116605	6681.514476	2227.171492	116605	116628	24	24
PC_12_1h	50	LT934125.1	117769	117769	+	117769	8908.685969	8908.685969	117769	117769	1	1
PC_12_1h	51	LT934125.1	118209	118209	+	118209	2227.171492	2227.171492	118209	118209	1	1
PC_12_1h	52	LT934125.1	118705	118705	+	118705	2227.171492	2227.171492	118705	118705	1	1
PC_12_1h	53	LT934125.1	118860	118866	+	118864	62360.801781	42316.258352	118860	118864	5	7
PC_12_1h	54	LT934125.1	118977	118977	+	118977	2227.171492	2227.171492	118977	118977	1	1
PC_12_1h	55	LT934125.1	119174	119174	+	119174	2227.171492	2227.171492	119174	119174	1	1
PC_12_1h	56	LT934125.1	119554	119554	+	119554	2227.171492	2227.171492	119554	119554	1	1
PC_12_1h	57	LT934125.1	120148	120148	+	120148	2227.171492	2227.171492	120148	120148	1	1
PC_12_1h	58	LT934125.1	120321	120321	+	120321	2227.171492	2227.171492	120321	120321	1	1
PC_12_1h	59	LT934125.1	120555	120555	+	120555	6681.514477	6681.514477	120555	120555	1	1
PC_12_1h	60	LT934125.1	120992	120992	+	120992	2227.171492	2227.171492	120992	120992	1	1
PC_12_1h	61	LT934125.1	121784	121786	+	121784	8908.685968	4454.342984	121784	121786	3	3
PC_12_1h	62	LT934125.1	121987	121987	+	121987	2227.171492	2227.171492	121987	121987	1	1
PC_12_1h	63	LT934125.1	122979	122981	+	122979	11135.857461	6681.514477	122979	122981	3	3
PC_12_1h	64	LT934125.1	124304	124304	+	124304	2227.171492	2227.171492	124304	124304	1	1
PC_12_1h	65	LT934125.1	124756	124756	+	124756	2227.171492	2227.171492	124756	124756	1	1
PC_12_1h	66	LT934125.1	125222	125225	+	125225	66815.144766	40089.08686	125223	125225	3	4
PC_12_1h	67	LT934125.1	132614	132620	+	132614	6681.514476	4454.342984	132614	132620	7	7
PC_12_1h	68	LT934125.1	136157	136180	+	136157	6681.514476	2227.171492	136157	136180	24	24
PC_12_1h	69	LT934125.1	141170	141170	+	141170	2227.171492	2227.171492	141170	141170	1	1
PC_12_1h	70	LT934125.1	3043	3043	-	3043	4454.342984	4454.342984	3043	3043	1	1
PC_12_1h	71	LT934125.1	3908	3911	-	3911	8908.685968	4454.342984	3908	3911	4	4
PC_12_1h	72	LT934125.1	9494	9494	-	9494	11135.857461	11135.857461	9494	9494	1	1
PC_12_1h	73	LT934125.1	12793	12793	-	12793	2227.171492	2227.171492	12793	12793	1	1
PC_12_1h	74	LT934125.1	18020	18020	-	18020	2227.171492	2227.171492	18020	18020	1	1
PC_12_1h	75	LT934125.1	19471	19471	-	19471	4454.342984	4454.342984	19471	19471	1	1
PC_12_1h	76	LT934125.1	21974	21974	-	21974	2227.171492	2227.171492	21974	21974	1	1
PC_12_1h	77	LT934125.1	22199	22199	-	22199	2227.171492	2227.171492	22199	22199	1	1
PC_12_1h	78	LT934125.1	22413	22413	-	22413	2227.171492	2227.171492	22413	22413	1	1
PC_12_1h	79	LT934125.1	23257	23257	-	23257	2227.171492	2227.171492	23257	23257	1	1
PC_12_1h	80	LT934125.1	33060	33060	-	33060	2227.171492	2227.171492	33060	33060	1	1
PC_12_1h	81	LT934125.1	33302	33302	-	33302	2227.171492	2227.171492	33302	33302	1	1
PC_12_1h	82	LT934125.1	33876	33876	-	33876	2227.171492	2227.171492	33876	33876	1	1
PC_12_1h	83	LT934125.1	34474	34478	-	34474	11135.857461	8908.685969	34474	34478	5	5
PC_12_1h	84	LT934125.1	42641	42641	-	42641	2227.171492	2227.171492	42641	42641	1	1
PC_12_1h	85	LT934125.1	44947	44947	-	44947	2227.171492	2227.171492	44947	44947	1	1
PC_12_1h	86	LT934125.1	51146	51147	-	51147	22271.714922	20044.54343	51147	51147	1	2
PC_12_1h	87	LT934125.1	55733	55733	-	55733	2227.171492	2227.171492	55733	55733	1	1
PC_12_1h	88	LT934125.1	56188	56191	-	56188	22271.714922	13363.028953	56188	56189	2	4
PC_12_1h	89	LT934125.1	56942	56942	-	56942	2227.171492	2227.171492	56942	56942	1	1
PC_12_1h	90	LT934125.1	63417	63420	-	63420	22271.714922	17817.371938	63417	63420	4	4
PC_12_1h	91	LT934125.1	64538	64538	-	64538	2227.171492	2227.171492	64538	64538	1	1
PC_12_1h	92	LT934125.1	65752	65752	-	65752	4454.342984	4454.342984	65752	65752	1	1
PC_12_1h	93	LT934125.1	67646	67646	-	67646	2227.171492	2227.171492	67646	67646	1	1
PC_12_1h	94	LT934125.1	68887	68887	-	68887	2227.171492	2227.171492	68887	68887	1	1
PC_12_1h	95	LT934125.1	70874	70874	-	70874	2227.171492	2227.171492	70874	70874	1	1
PC_12_1h	96	LT934125.1	80843	80843	-	80843	2227.171492	2227.171492	80843	80843	1	1
PC_12_1h	97	LT934125.1	87059	87059	-	87059	2227.171492	2227.171492	87059	87059	1	1
PC_12_1h	98	LT934125.1	87447	87447	-	87447	2227.171492	2227.171492	87447	87447	1	1
PC_12_1h	99	LT934125.1	89079	89079	-	89079	2227.171492	2227.171492	89079	89079	1	1
PC_12_1h	100	LT934125.1	92958	92958	-	92958	2227.171492	2227.171492	92958	92958	1	1
PC_12_1h	101	LT934125.1	93163	93163	-	93163	2227.171492	2227.171492	93163	93163	1	1
PC_12_1h	102	LT934125.1	93413	93413	-	93413	2227.171492	2227.171492	93413	93413	1	1
PC_12_1h	103	LT934125.1	94526	94526	-	94526	2227.171492	2227.171492	94526	94526	1	1
PC_12_1h	104	LT934125.1	94947	94947	-	94947	2227.171492	2227.171492	94947	94947	1	1
PC_12_1h	105	LT934125.1	97312	97366	-	97339	77951.002226	17817.371938	97337	97361	25	55
PC_12_1h	106	LT934125.1	102547	102547	-	102547	2227.171492	2227.171492	102547	102547	1	1
PC_12_1h	107	LT934125.1	107537	107560	-	107537	6681.514476	2227.171492	107537	107560	24	24
PC_12_1h	108	LT934125.1	111097	111103	-	111103	6681.514476	4454.342984	111097	111103	7	7
PC_12_1h	109	LT934125.1	124800	124800	-	124800	2227.171492	2227.171492	124800	124800	1	1
PC_12_1h	110	LT934125.1	127035	127035	-	127035	2227.171492	2227.171492	127035	127035	1	1
PC_12_1h	111	LT934125.1	127314	127314	-	127314	2227.171492	2227.171492	127314	127314	1	1
PC_12_1h	112	LT934125.1	127439	127439	-	127439	4454.342984	4454.342984	127439	127439	1	1
PC_12_1h	113	LT934125.1	128068	128068	-	128068	2227.171492	2227.171492	128068	128068	1	1
PC_12_1h	114	LT934125.1	128714	128732	-	128732	73496.659242	55679.287305	128729	128732	4	19
PC_12_1h	115	LT934125.1	135386	135386	-	135386	2227.171492	2227.171492	135386	135386	1	1
PC_12_1h	116	LT934125.1	136238	136238	-	136238	2227.171492	2227.171492	136238	136238	1	1
PC_12_1h	117	LT934125.1	136682	136682	-	136682	2227.171492	2227.171492	136682	136682	1	1
PC_12_2.5h	1	LT934125.1	987	990	+	990	2220.57735	1480.3849	987	990	4	4
PC_12_2.5h	2	LT934125.1	1333	1358	+	1337	19985.19615	6661.73205	1334	1350	17	26
PC_12_2.5h	3	LT934125.1	1583	1600	+	1600	2960.7698	2220.57735	1583	1600	18	18
PC_12_2.5h	4	LT934125.1	1815	1815	+	1815	740.19245	740.19245	1815	1815	1	1
PC_12_2.5h	5	LT934125.1	7346	7346	+	7346	740.19245	740.19245	7346	7346	1	1
PC_12_2.5h	6	LT934125.1	7588	7591	+	7588	1480.3849	740.19245	7588	7591	4	4
PC_12_2.5h	7	LT934125.1	9267	9278	+	9270	28867.505551	21465.581051	9269	9271	3	12
PC_12_2.5h	8	LT934125.1	9640	9650	+	9644	8882.3094	2220.57735	9640	9650	11	11
PC_12_2.5h	9	LT934125.1	9782	9782	+	9782	1480.3849	1480.3849	9782	9782	1	1
PC_12_2.5h	10	LT934125.1	10132	10132	+	10132	740.19245	740.19245	10132	10132	1	1
PC_12_2.5h	11	LT934125.1	14048	14048	+	14048	2220.57735	2220.57735	14048	14048	1	1
PC_12_2.5h	12	LT934125.1	14520	14520	+	14520	740.19245	740.19245	14520	14520	1	1
PC_12_2.5h	13	LT934125.1	14694	14694	+	14694	740.19245	740.19245	14694	14694	1	1
PC_12_2.5h	14	LT934125.1	15249	15249	+	15249	740.19245	740.19245	15249	15249	1	1
PC_12_2.5h	15	LT934125.1	15834	15834	+	15834	740.19245	740.19245	15834	15834	1	1
PC_12_2.5h	16	LT934125.1	16052	16052	+	16052	740.19245	740.19245	16052	16052	1	1
PC_12_2.5h	17	LT934125.1	27612	27612	+	27612	740.19245	740.19245	27612	27612	1	1
PC_12_2.5h	18	LT934125.1	27808	27808	+	27808	740.19245	740.19245	27808	27808	1	1
PC_12_2.5h	19	LT934125.1	31089	31116	+	31098	17024.426351	12583.271651	31096	31098	3	28
PC_12_2.5h	20	LT934125.1	31378	31378	+	31378	740.19245	740.19245	31378	31378	1	1
PC_12_2.5h	21	LT934125.1	31633	31633	+	31633	740.19245	740.19245	31633	31633	1	1
PC_12_2.5h	22	LT934125.1	32036	32038	+	32038	11843.0792	8142.11695	32036	32038	3	3
PC_12_2.5h	23	LT934125.1	44810	44812	+	44812	7401.9245	4441.1547	44810	44812	3	3
PC_12_2.5h	24	LT934125.1	45852	45852	+	45852	740.19245	740.19245	45852	45852	1	1
PC_12_2.5h	25	LT934125.1	46233	46234	+	46233	1480.3849	740.19245	46233	46234	2	2
PC_12_2.5h	26	LT934125.1	47570	47570	+	47570	740.19245	740.19245	47570	47570	1	1
PC_12_2.5h	27	LT934125.1	47738	47738	+	47738	740.19245	740.19245	47738	47738	1	1
PC_12_2.5h	28	LT934125.1	48201	48201	+	48201	740.19245	740.19245	48201	48201	1	1
PC_12_2.5h	29	LT934125.1	48322	48322	+	48322	740.19245	740.19245	48322	48322	1	1
PC_12_2.5h	30	LT934125.1	48565	48571	+	48567	61435.973353	40710.584752	48567	48570	4	7
PC_12_2.5h	31	LT934125.1	48691	48691	+	48691	740.19245	740.19245	48691	48691	1	1
PC_12_2.5h	32	LT934125.1	49079	49079	+	49079	740.19245	740.19245	49079	49079	1	1
PC_12_2.5h	33	LT934125.1	49307	49307	+	49307	740.19245	740.19245	49307	49307	1	1
PC_12_2.5h	34	LT934125.1	49501	49501	+	49501	1480.3849	1480.3849	49501	49501	1	1
PC_12_2.5h	35	LT934125.1	51230	51239	+	51230	20725.3886	9622.50185	51230	51237	8	10
PC_12_2.5h	36	LT934125.1	52440	52484	+	52460	25166.543301	15544.041451	52444	52461	18	45
PC_12_2.5h	37	LT934125.1	52703	52703	+	52703	740.19245	740.19245	52703	52703	1	1
PC_12_2.5h	38	LT934125.1	53208	53216	+	53208	1480.3849	740.19245	53208	53216	9	9
PC_12_2.5h	39	LT934125.1	53366	53366	+	53366	740.19245	740.19245	53366	53366	1	1
PC_12_2.5h	40	LT934125.1	53641	53647	+	53641	1480.3849	740.19245	53641	53647	7	7
PC_12_2.5h	41	LT934125.1	59041	59095	+	59068	43671.354552	19985.196151	59044	59070	27	55
PC_12_2.5h	42	LT934125.1	59223	59223	+	59223	740.19245	740.19245	59223	59223	1	1
PC_12_2.5h	43	LT934125.1	59602	59602	+	59602	740.19245	740.19245	59602	59602	1	1
PC_12_2.5h	44	LT934125.1	59923	59931	+	59923	2220.57735	740.19245	59923	59931	9	9
PC_12_2.5h	45	LT934125.1	60260	60260	+	60260	740.19245	740.19245	60260	60260	1	1
PC_12_2.5h	46	LT934125.1	61007	61007	+	61007	740.19245	740.19245	61007	61007	1	1
PC_12_2.5h	47	LT934125.1	61598	61598	+	61598	740.19245	740.19245	61598	61598	1	1
PC_12_2.5h	48	LT934125.1	61698	61698	+	61698	740.19245	740.19245	61698	61698	1	1
PC_12_2.5h	49	LT934125.1	61880	61880	+	61880	740.19245	740.19245	61880	61880	1	1
PC_12_2.5h	50	LT934125.1	67112	67112	+	67112	740.19245	740.19245	67112	67112	1	1
PC_12_2.5h	51	LT934125.1	69665	69665	+	69665	740.19245	740.19245	69665	69665	1	1
PC_12_2.5h	52	LT934125.1	69766	69766	+	69766	740.19245	740.19245	69766	69766	1	1
PC_12_2.5h	53	LT934125.1	70031	70031	+	70031	740.19245	740.19245	70031	70031	1	1
PC_12_2.5h	54	LT934125.1	70525	70532	+	70531	22945.965951	12583.271651	70529	70531	3	8
PC_12_2.5h	55	LT934125.1	70909	70909	+	70909	740.19245	740.19245	70909	70909	1	1
PC_12_2.5h	56	LT934125.1	71149	71149	+	71149	740.19245	740.19245	71149	71149	1	1
PC_12_2.5h	57	LT934125.1	74400	74408	+	74400	9622.50185	3700.96225	74400	74403	4	9
PC_12_2.5h	58	LT934125.1	75139	75139	+	75139	740.19245	740.19245	75139	75139	1	1
PC_12_2.5h	59	LT934125.1	76990	76990	+	76990	1480.3849	1480.3849	76990	76990	1	1
PC_12_2.5h	60	LT934125.1	78880	78901	+	78880	1480.3849	740.19245	78880	78901	22	22
PC_12_2.5h	61	LT934125.1	79439	79461	+	79444	30347.890451	20725.388601	79440	79444	5	23
PC_12_2.5h	62	LT934125.1	85288	85288	+	85288	740.19245	740.19245	85288	85288	1	1
PC_12_2.5h	63	LT934125.1	85999	85999	+	85999	740.19245	740.19245	85999	85999	1	1
PC_12_2.5h	64	LT934125.1	88883	88883	+	88883	740.19245	740.19245	88883	88883	1	1
PC_12_2.5h	65	LT934125.1	90170	90170	+	90170	740.19245	740.19245	90170	90170	1	1
PC_12_2.5h	66	LT934125.1	90782	90782	+	90782	740.19245	740.19245	90782	90782	1	1
PC_12_2.5h	67	LT934125.1	91409	91412	+	91412	3700.96225	2220.57735	91409	91412	4	4
PC_12_2.5h	68	LT934125.1	91548	91548	+	91548	740.19245	740.19245	91548	91548	1	1
PC_12_2.5h	69	LT934125.1	101803	101808	+	101803	1480.3849	740.19245	101803	101808	6	6
PC_12_2.5h	70	LT934125.1	107482	107482	+	107482	2220.57735	2220.57735	107482	107482	1	1
PC_12_2.5h	71	LT934125.1	108014	108014	+	108014	740.19245	740.19245	108014	108014	1	1
PC_12_2.5h	72	LT934125.1	108374	108374	+	108374	740.19245	740.19245	108374	108374	1	1
PC_12_2.5h	73	LT934125.1	109454	109454	+	109454	740.19245	740.19245	109454	109454	1	1
PC_12_2.5h	74	LT934125.1	114985	114988	+	114985	58475.203553	51813.471503	114985	114986	2	4
PC_12_2.5h	75	LT934125.1	115475	115475	+	115475	740.19245	740.19245	115475	115475	1	1
PC_12_2.5h	76	LT934125.1	115940	115940	+	115940	740.19245	740.19245	115940	115940	1	1
PC_12_2.5h	77	LT934125.1	116165	116165	+	116165	740.19245	740.19245	116165	116165	1	1
PC_12_2.5h	78	LT934125.1	116391	116403	+	116403	2220.57735	1480.3849	116391	116403	13	13
PC_12_2.5h	79	LT934125.1	116526	116541	+	116526	2220.57735	1480.3849	116526	116541	16	16
PC_12_2.5h	80	LT934125.1	117769	117780	+	117769	1480.3849	740.19245	117769	117780	12	12
PC_12_2.5h	81	LT934125.1	118187	118209	+	118187	1480.3849	740.19245	118187	118209	23	23
PC_12_2.5h	82	LT934125.1	118859	118867	+	118864	60695.780903	30347.890452	118860	118866	7	9
PC_12_2.5h	83	LT934125.1	119029	119029	+	119029	740.19245	740.19245	119029	119029	1	1
PC_12_2.5h	84	LT934125.1	119436	119436	+	119436	2220.57735	2220.57735	119436	119436	1	1
PC_12_2.5h	85	LT934125.1	119623	119641	+	119623	1480.3849	740.19245	119623	119641	19	19
PC_12_2.5h	86	LT934125.1	119787	119787	+	119787	1480.3849	1480.3849	119787	119787	1	1
PC_12_2.5h	87	LT934125.1	120836	120836	+	120836	740.19245	740.19245	120836	120836	1	1
PC_12_2.5h	88	LT934125.1	121784	121786	+	121784	7401.9245	5921.5396	121784	121786	3	3
PC_12_2.5h	89	LT934125.1	122119	122119	+	122119	740.19245	740.19245	122119	122119	1	1
PC_12_2.5h	90	LT934125.1	122979	122980	+	122979	2220.57735	1480.3849	122979	122980	2	2
PC_12_2.5h	91	LT934125.1	124290	124290	+	124290	740.19245	740.19245	124290	124290	1	1
PC_12_2.5h	92	LT934125.1	124756	124757	+	124756	7401.9245	6661.73205	124756	124756	1	2
PC_12_2.5h	93	LT934125.1	124865	124880	+	124865	1480.3849	740.19245	124865	124880	16	16
PC_12_2.5h	94	LT934125.1	125223	125232	+	125223	46632.124352	22205.773501	125223	125225	3	10
PC_12_2.5h	95	LT934125.1	125889	125889	+	125889	740.19245	740.19245	125889	125889	1	1
PC_12_2.5h	96	LT934125.1	128008	128008	+	128008	740.19245	740.19245	128008	128008	1	1
PC_12_2.5h	97	LT934125.1	132618	132618	+	132618	740.19245	740.19245	132618	132618	1	1
PC_12_2.5h	98	LT934125.1	136348	136348	+	136348	740.19245	740.19245	136348	136348	1	1
PC_12_2.5h	99	LT934125.1	139140	139140	+	139140	740.19245	740.19245	139140	139140	1	1
PC_12_2.5h	100	LT934125.1	139764	139764	+	139764	740.19245	740.19245	139764	139764	1	1
PC_12_2.5h	101	LT934125.1	141056	141057	+	141056	1480.3849	740.19245	141056	141057	2	2
PC_12_2.5h	102	LT934125.1	141212	141212	+	141212	740.19245	740.19245	141212	141212	1	1
PC_12_2.5h	103	LT934125.1	3116	3116	-	3116	1480.3849	1480.3849	3116	3116	1	1
PC_12_2.5h	104	LT934125.1	3277	3277	-	3277	740.19245	740.19245	3277	3277	1	1
PC_12_2.5h	105	LT934125.1	3640	3640	-	3640	740.19245	740.19245	3640	3640	1	1
PC_12_2.5h	106	LT934125.1	3880	3911	-	3910	10362.6943	5181.34715	3905	3910	6	32
PC_12_2.5h	107	LT934125.1	8665	8665	-	8665	740.19245	740.19245	8665	8665	1	1
PC_12_2.5h	108	LT934125.1	9058	9058	-	9058	740.19245	740.19245	9058	9058	1	1
PC_12_2.5h	109	LT934125.1	9490	9501	-	9494	14063.65655	8142.11695	9490	9500	11	12
PC_12_2.5h	110	LT934125.1	10031	10031	-	10031	740.19245	740.19245	10031	10031	1	1
PC_12_2.5h	111	LT934125.1	16919	16949	-	16919	3700.96225	740.19245	16919	16949	31	31
PC_12_2.5h	112	LT934125.1	17341	17341	-	17341	740.19245	740.19245	17341	17341	1	1
PC_12_2.5h	113	LT934125.1	17554	17554	-	17554	740.19245	740.19245	17554	17554	1	1
PC_12_2.5h	114	LT934125.1	17768	17768	-	17768	740.19245	740.19245	17768	17768	1	1
PC_12_2.5h	115	LT934125.1	17981	17984	-	17981	2220.57735	740.19245	17981	17984	4	4
PC_12_2.5h	116	LT934125.1	18826	18826	-	18826	740.19245	740.19245	18826	18826	1	1
PC_12_2.5h	117	LT934125.1	19471	19473	-	19471	1480.3849	740.19245	19471	19473	3	3
PC_12_2.5h	118	LT934125.1	21696	21696	-	21696	740.19245	740.19245	21696	21696	1	1
PC_12_2.5h	119	LT934125.1	21875	21884	-	21875	1480.3849	740.19245	21875	21884	10	10
PC_12_2.5h	120	LT934125.1	22343	22343	-	22343	740.19245	740.19245	22343	22343	1	1
PC_12_2.5h	121	LT934125.1	22510	22510	-	22510	740.19245	740.19245	22510	22510	1	1
PC_12_2.5h	122	LT934125.1	23021	23021	-	23021	740.19245	740.19245	23021	23021	1	1
PC_12_2.5h	123	LT934125.1	23428	23428	-	23428	740.19245	740.19245	23428	23428	1	1
PC_12_2.5h	124	LT934125.1	25313	25313	-	25313	1480.3849	1480.3849	25313	25313	1	1
PC_12_2.5h	125	LT934125.1	28783	28783	-	28783	740.19245	740.19245	28783	28783	1	1
PC_12_2.5h	126	LT934125.1	29015	29015	-	29015	740.19245	740.19245	29015	29015	1	1
PC_12_2.5h	127	LT934125.1	29403	29414	-	29412	13323.4641	4441.1547	29404	29414	11	12
PC_12_2.5h	128	LT934125.1	33035	33035	-	33035	740.19245	740.19245	33035	33035	1	1
PC_12_2.5h	129	LT934125.1	33294	33294	-	33294	740.19245	740.19245	33294	33294	1	1
PC_12_2.5h	130	LT934125.1	34474	34480	-	34474	5181.34715	2960.7698	34474	34480	7	7
PC_12_2.5h	131	LT934125.1	50631	50644	-	50631	1480.3849	740.19245	50631	50644	14	14
PC_12_2.5h	132	LT934125.1	50895	50895	-	50895	740.19245	740.19245	50895	50895	1	1
PC_12_2.5h	133	LT934125.1	51144	51147	-	51147	8142.11695	6661.73205	51145	51147	3	4
PC_12_2.5h	134	LT934125.1	51809	51809	-	51809	740.19245	740.19245	51809	51809	1	1
PC_12_2.5h	135	LT934125.1	55595	55595	-	55595	740.19245	740.19245	55595	55595	1	1
PC_12_2.5h	136	LT934125.1	55776	55776	-	55776	740.19245	740.19245	55776	55776	1	1
PC_12_2.5h	137	LT934125.1	56055	56055	-	56055	740.19245	740.19245	56055	56055	1	1
PC_12_2.5h	138	LT934125.1	56177	56194	-	56188	37009.622501	19985.196151	56185	56194	10	18
PC_12_2.5h	139	LT934125.1	56703	56703	-	56703	740.19245	740.19245	56703	56703	1	1
PC_12_2.5h	140	LT934125.1	56946	56946	-	56946	740.19245	740.19245	56946	56946	1	1
PC_12_2.5h	141	LT934125.1	63417	63427	-	63420	70318.282753	62176.165803	63419	63420	2	11
PC_12_2.5h	142	LT934125.1	64734	64734	-	64734	740.19245	740.19245	64734	64734	1	1
PC_12_2.5h	143	LT934125.1	65010	65032	-	65010	1480.3849	740.19245	65010	65032	23	23
PC_12_2.5h	144	LT934125.1	65752	65752	-	65752	2220.57735	2220.57735	65752	65752	1	1
PC_12_2.5h	145	LT934125.1	72343	72343	-	72343	740.19245	740.19245	72343	72343	1	1
PC_12_2.5h	146	LT934125.1	76044	76044	-	76044	740.19245	740.19245	76044	76044	1	1
PC_12_2.5h	147	LT934125.1	80608	80608	-	80608	740.19245	740.19245	80608	80608	1	1
PC_12_2.5h	148	LT934125.1	80762	80762	-	80762	740.19245	740.19245	80762	80762	1	1
PC_12_2.5h	149	LT934125.1	81009	81009	-	81009	740.19245	740.19245	81009	81009	1	1
PC_12_2.5h	150	LT934125.1	81273	81273	-	81273	740.19245	740.19245	81273	81273	1	1
PC_12_2.5h	151	LT934125.1	81804	81805	-	81805	2220.57735	1480.3849	81804	81805	2	2
PC_12_2.5h	152	LT934125.1	87157	87161	-	87161	2220.57735	1480.3849	87157	87161	5	5
PC_12_2.5h	153	LT934125.1	87443	87443	-	87443	740.19245	740.19245	87443	87443	1	1
PC_12_2.5h	154	LT934125.1	89198	89198	-	89198	740.19245	740.19245	89198	89198	1	1
PC_12_2.5h	155	LT934125.1	89871	89871	-	89871	740.19245	740.19245	89871	89871	1	1
PC_12_2.5h	156	LT934125.1	92427	92427	-	92427	1480.3849	1480.3849	92427	92427	1	1
PC_12_2.5h	157	LT934125.1	92774	92774	-	92774	740.19245	740.19245	92774	92774	1	1
PC_12_2.5h	158	LT934125.1	92933	92940	-	92933	2220.57735	740.19245	92933	92940	8	8
PC_12_2.5h	159	LT934125.1	93265	93265	-	93265	740.19245	740.19245	93265	93265	1	1
PC_12_2.5h	160	LT934125.1	93445	93445	-	93445	740.19245	740.19245	93445	93445	1	1
PC_12_2.5h	161	LT934125.1	94319	94319	-	94319	740.19245	740.19245	94319	94319	1	1
PC_12_2.5h	162	LT934125.1	94526	94526	-	94526	1480.3849	1480.3849	94526	94526	1	1
PC_12_2.5h	163	LT934125.1	94947	94947	-	94947	2960.7698	2960.7698	94947	94947	1	1
PC_12_2.5h	164	LT934125.1	96241	96241	-	96241	1480.3849	1480.3849	96241	96241	1	1
PC_12_2.5h	165	LT934125.1	96596	96598	-	96596	2220.57735	1480.3849	96596	96598	3	3
PC_12_2.5h	166	LT934125.1	96788	96788	-	96788	740.19245	740.19245	96788	96788	1	1
PC_12_2.5h	167	LT934125.1	97041	97041	-	97041	740.19245	740.19245	97041	97041	1	1
PC_12_2.5h	168	LT934125.1	97324	97363	-	97339	48852.701702	14803.849001	97337	97361	25	40
PC_12_2.5h	169	LT934125.1	102505	102505	-	102505	740.19245	740.19245	102505	102505	1	1
PC_12_2.5h	170	LT934125.1	102660	102661	-	102660	1480.3849	740.19245	102660	102661	2	2
PC_12_2.5h	171	LT934125.1	103953	103953	-	103953	740.19245	740.19245	103953	103953	1	1
PC_12_2.5h	172	LT934125.1	104577	104577	-	104577	740.19245	740.19245	104577	104577	1	1
PC_12_2.5h	173	LT934125.1	107369	107369	-	107369	740.19245	740.19245	107369	107369	1	1
PC_12_2.5h	174	LT934125.1	111099	111099	-	111099	740.19245	740.19245	111099	111099	1	1
PC_12_2.5h	175	LT934125.1	115638	115638	-	115638	740.19245	740.19245	115638	115638	1	1
PC_12_2.5h	176	LT934125.1	118399	118399	-	118399	740.19245	740.19245	118399	118399	1	1
PC_12_2.5h	177	LT934125.1	119496	119496	-	119496	740.19245	740.19245	119496	119496	1	1
PC_12_2.5h	178	LT934125.1	123705	123705	-	123705	740.19245	740.19245	123705	123705	1	1
PC_12_2.5h	179	LT934125.1	124704	124704	-	124704	740.19245	740.19245	124704	124704	1	1
PC_12_2.5h	180	LT934125.1	127002	127035	-	127002	2220.57735	740.19245	127002	127035	34	34
PC_12_2.5h	181	LT934125.1	127117	127122	-	127117	2220.57735	1480.3849	127117	127122	6	6
PC_12_2.5h	182	LT934125.1	127314	127326	-	127314	2220.57735	1480.3849	127314	127326	13	13
PC_12_2.5h	183	LT934125.1	127552	127552	-	127552	740.19245	740.19245	127552	127552	1	1
PC_12_2.5h	184	LT934125.1	127701	127701	-	127701	740.19245	740.19245	127701	127701	1	1
PC_12_2.5h	185	LT934125.1	128242	128242	-	128242	740.19245	740.19245	128242	128242	1	1
PC_12_2.5h	186	LT934125.1	128729	128732	-	128732	58475.203553	51813.471503	128731	128732	2	4
PC_12_2.5h	187	LT934125.1	134263	134263	-	134263	740.19245	740.19245	134263	134263	1	1
PC_12_2.5h	188	LT934125.1	135343	135343	-	135343	740.19245	740.19245	135343	135343	1	1
PC_12_2.5h	189	LT934125.1	135703	135703	-	135703	740.19245	740.19245	135703	135703	1	1
PC_12_2.5h	190	LT934125.1	136235	136235	-	136235	2220.57735	2220.57735	136235	136235	1	1
PC_12_2.5h	191	LT934125.1	141909	141909	-	141909	740.19245	740.19245	141909	141909	1	1
PC_12_2h	1	LT934125.1	990	990	+	990	1334.222815	1334.222815	990	990	1	1
PC_12_2h	2	LT934125.1	1334	1393	+	1334	22014.676452	7338.225484	1334	1351	18	60
PC_12_2h	3	LT934125.1	1600	1600	+	1600	1334.222815	1334.222815	1600	1600	1	1
PC_12_2h	4	LT934125.1	1908	1934	+	1908	1334.222816	667.111408	1908	1934	27	27
PC_12_2h	5	LT934125.1	2057	2057	+	2057	667.111408	667.111408	2057	2057	1	1
PC_12_2h	6	LT934125.1	7588	7595	+	7591	4669.779853	2668.44563	7588	7595	8	8
PC_12_2h	7	LT934125.1	7811	7811	+	7811	667.111408	667.111408	7811	7811	1	1
PC_12_2h	8	LT934125.1	9267	9274	+	9270	26684.456305	19346.230821	9269	9270	2	8
PC_12_2h	9	LT934125.1	9644	9653	+	9644	4669.779854	1334.222815	9644	9653	10	10
PC_12_2h	10	LT934125.1	9862	9862	+	9862	667.111408	667.111408	9862	9862	1	1
PC_12_2h	11	LT934125.1	10156	10156	+	10156	667.111408	667.111408	10156	10156	1	1
PC_12_2h	12	LT934125.1	13440	13440	+	13440	667.111408	667.111408	13440	13440	1	1
PC_12_2h	13	LT934125.1	14048	14051	+	14048	7338.225484	6671.114076	14048	14048	1	4
PC_12_2h	14	LT934125.1	15153	15153	+	15153	667.111408	667.111408	15153	15153	1	1
PC_12_2h	15	LT934125.1	15655	15655	+	15655	667.111408	667.111408	15655	15655	1	1
PC_12_2h	16	LT934125.1	16069	16069	+	16069	667.111408	667.111408	16069	16069	1	1
PC_12_2h	17	LT934125.1	19137	19137	+	19137	667.111408	667.111408	19137	19137	1	1
PC_12_2h	18	LT934125.1	24766	24766	+	24766	667.111408	667.111408	24766	24766	1	1
PC_12_2h	19	LT934125.1	25420	25426	+	25420	2668.445631	1334.222815	25420	25426	7	7
PC_12_2h	20	LT934125.1	27792	27792	+	27792	667.111408	667.111408	27792	27792	1	1
PC_12_2h	21	LT934125.1	28472	28472	+	28472	667.111408	667.111408	28472	28472	1	1
PC_12_2h	22	LT934125.1	30935	30935	+	30935	667.111408	667.111408	30935	30935	1	1
PC_12_2h	23	LT934125.1	31095	31098	+	31098	22681.787859	19346.230821	31097	31098	2	4
PC_12_2h	24	LT934125.1	31527	31527	+	31527	667.111408	667.111408	31527	31527	1	1
PC_12_2h	25	LT934125.1	32036	32041	+	32036	6004.002669	2668.44563	32036	32041	6	6
PC_12_2h	26	LT934125.1	32269	32269	+	32269	667.111408	667.111408	32269	32269	1	1
PC_12_2h	27	LT934125.1	33902	33902	+	33902	667.111408	667.111408	33902	33902	1	1
PC_12_2h	28	LT934125.1	43529	43529	+	43529	667.111408	667.111408	43529	43529	1	1
PC_12_2h	29	LT934125.1	44809	44812	+	44812	4669.779853	2668.44563	44809	44812	4	4
PC_12_2h	30	LT934125.1	44968	44968	+	44968	667.111408	667.111408	44968	44968	1	1
PC_12_2h	31	LT934125.1	46230	46236	+	46233	3335.557039	1334.222815	46230	46236	7	7
PC_12_2h	32	LT934125.1	46713	46713	+	46713	667.111408	667.111408	46713	46713	1	1
PC_12_2h	33	LT934125.1	47066	47066	+	47066	667.111408	667.111408	47066	47066	1	1
PC_12_2h	34	LT934125.1	47267	47267	+	47267	667.111408	667.111408	47267	47267	1	1
PC_12_2h	35	LT934125.1	47749	47763	+	47749	1334.222816	667.111408	47749	47763	15	15
PC_12_2h	36	LT934125.1	48102	48102	+	48102	667.111408	667.111408	48102	48102	1	1
PC_12_2h	37	LT934125.1	48547	48571	+	48567	39359.57305	27351.567712	48567	48570	4	25
PC_12_2h	38	LT934125.1	49116	49116	+	49116	667.111408	667.111408	49116	49116	1	1
PC_12_2h	39	LT934125.1	49230	49242	+	49230	1334.222816	667.111408	49230	49242	13	13
PC_12_2h	40	LT934125.1	49386	49386	+	49386	667.111408	667.111408	49386	49386	1	1
PC_12_2h	41	LT934125.1	51232	51248	+	51235	8672.448301	5336.891261	51235	51244	10	17
PC_12_2h	42	LT934125.1	51574	51574	+	51574	667.111408	667.111408	51574	51574	1	1
PC_12_2h	43	LT934125.1	51841	51841	+	51841	667.111408	667.111408	51841	51841	1	1
PC_12_2h	44	LT934125.1	52434	52463	+	52460	16010.673783	11340.893929	52444	52460	17	30
PC_12_2h	45	LT934125.1	52842	52842	+	52842	667.111408	667.111408	52842	52842	1	1
PC_12_2h	46	LT934125.1	53417	53439	+	53417	1334.222816	667.111408	53417	53439	23	23
PC_12_2h	47	LT934125.1	53763	53763	+	53763	667.111408	667.111408	53763	53763	1	1
PC_12_2h	48	LT934125.1	54264	54264	+	54264	667.111408	667.111408	54264	54264	1	1
PC_12_2h	49	LT934125.1	54743	54743	+	54743	667.111408	667.111408	54743	54743	1	1
PC_12_2h	50	LT934125.1	55303	55303	+	55303	667.111408	667.111408	55303	55303	1	1
PC_12_2h	51	LT934125.1	55473	55473	+	55473	667.111408	667.111408	55473	55473	1	1
PC_12_2h	52	LT934125.1	55780	55780	+	55780	667.111408	667.111408	55780	55780	1	1
PC_12_2h	53	LT934125.1	58810	58810	+	58810	667.111408	667.111408	58810	58810	1	1
PC_12_2h	54	LT934125.1	59032	59074	+	59068	35356.904604	14009.33956	59044	59070	27	43
PC_12_2h	55	LT934125.1	59309	59309	+	59309	667.111408	667.111408	59309	59309	1	1
PC_12_2h	56	LT934125.1	59429	59429	+	59429	667.111408	667.111408	59429	59429	1	1
PC_12_2h	57	LT934125.1	59714	59714	+	59714	667.111408	667.111408	59714	59714	1	1
PC_12_2h	58	LT934125.1	60103	60103	+	60103	667.111408	667.111408	60103	60103	1	1
PC_12_2h	59	LT934125.1	60232	60239	+	60239	2001.334223	1334.222815	60232	60239	8	8
PC_12_2h	60	LT934125.1	61410	61410	+	61410	667.111408	667.111408	61410	61410	1	1
PC_12_2h	61	LT934125.1	65805	65809	+	65805	2001.334223	1334.222815	65805	65809	5	5
PC_12_2h	62	LT934125.1	66338	66338	+	66338	2001.334223	2001.334223	66338	66338	1	1
PC_12_2h	63	LT934125.1	67511	67511	+	67511	667.111408	667.111408	67511	67511	1	1
PC_12_2h	64	LT934125.1	67731	67731	+	67731	667.111408	667.111408	67731	67731	1	1
PC_12_2h	65	LT934125.1	69696	69696	+	69696	667.111408	667.111408	69696	69696	1	1
PC_12_2h	66	LT934125.1	70126	70126	+	70126	667.111408	667.111408	70126	70126	1	1
PC_12_2h	67	LT934125.1	70529	70531	+	70531	22014.676451	11340.893929	70529	70531	3	3
PC_12_2h	68	LT934125.1	71538	71538	+	71538	667.111408	667.111408	71538	71538	1	1
PC_12_2h	69	LT934125.1	74400	74402	+	74400	4669.779854	4002.668446	74400	74402	3	3
PC_12_2h	70	LT934125.1	76683	76685	+	76683	3335.557038	1334.222815	76683	76685	3	3
PC_12_2h	71	LT934125.1	76990	76990	+	76990	2001.334223	2001.334223	76990	76990	1	1
PC_12_2h	72	LT934125.1	77844	77844	+	77844	667.111408	667.111408	77844	77844	1	1
PC_12_2h	73	LT934125.1	78035	78044	+	78035	3335.557038	1334.222815	78035	78044	10	10
PC_12_2h	74	LT934125.1	79242	79242	+	79242	667.111408	667.111408	79242	79242	1	1
PC_12_2h	75	LT934125.1	79433	79465	+	79444	22681.78786	12675.116744	79440	79445	6	33
PC_12_2h	76	LT934125.1	79714	79714	+	79714	667.111408	667.111408	79714	79714	1	1
PC_12_2h	77	LT934125.1	82813	82813	+	82813	667.111408	667.111408	82813	82813	1	1
PC_12_2h	78	LT934125.1	83975	83978	+	83975	2001.334223	1334.222815	83975	83978	4	4
PC_12_2h	79	LT934125.1	84771	84771	+	84771	667.111408	667.111408	84771	84771	1	1
PC_12_2h	80	LT934125.1	85368	85368	+	85368	1334.222815	1334.222815	85368	85368	1	1
PC_12_2h	81	LT934125.1	85820	85820	+	85820	667.111408	667.111408	85820	85820	1	1
PC_12_2h	82	LT934125.1	88883	88883	+	88883	667.111408	667.111408	88883	88883	1	1
PC_12_2h	83	LT934125.1	90233	90233	+	90233	667.111408	667.111408	90233	90233	1	1
PC_12_2h	84	LT934125.1	91360	91360	+	91360	1334.222815	1334.222815	91360	91360	1	1
PC_12_2h	85	LT934125.1	91548	91548	+	91548	667.111408	667.111408	91548	91548	1	1
PC_12_2h	86	LT934125.1	92283	92283	+	92283	667.111408	667.111408	92283	92283	1	1
PC_12_2h	87	LT934125.1	104310	104310	+	104310	667.111408	667.111408	104310	104310	1	1
PC_12_2h	88	LT934125.1	104722	104722	+	104722	667.111408	667.111408	104722	104722	1	1
PC_12_2h	89	LT934125.1	107031	107031	+	107031	667.111408	667.111408	107031	107031	1	1
PC_12_2h	90	LT934125.1	107378	107378	+	107378	667.111408	667.111408	107378	107378	1	1
PC_12_2h	91	LT934125.1	107482	107482	+	107482	1334.222815	1334.222815	107482	107482	1	1
PC_12_2h	92	LT934125.1	107969	107969	+	107969	667.111408	667.111408	107969	107969	1	1
PC_12_2h	93	LT934125.1	108348	108348	+	108348	667.111408	667.111408	108348	108348	1	1
PC_12_2h	94	LT934125.1	110570	110570	+	110570	667.111408	667.111408	110570	110570	1	1
PC_12_2h	95	LT934125.1	110803	110803	+	110803	667.111408	667.111408	110803	110803	1	1
PC_12_2h	96	LT934125.1	114985	114989	+	114985	92061.37425	74716.477652	114985	114988	4	5
PC_12_2h	97	LT934125.1	115841	115841	+	115841	667.111408	667.111408	115841	115841	1	1
PC_12_2h	98	LT934125.1	115963	115963	+	115963	667.111408	667.111408	115963	115963	1	1
PC_12_2h	99	LT934125.1	116152	116185	+	116152	2001.334224	667.111408	116152	116185	34	34
PC_12_2h	100	LT934125.1	116265	116283	+	116283	2001.334223	1334.222815	116265	116283	19	19
PC_12_2h	101	LT934125.1	116483	116493	+	116483	1334.222816	667.111408	116483	116493	11	11
PC_12_2h	102	LT934125.1	116754	116792	+	116754	3335.557039	1334.222815	116754	116792	39	39
PC_12_2h	103	LT934125.1	117452	117452	+	117452	667.111408	667.111408	117452	117452	1	1
PC_12_2h	104	LT934125.1	117769	117769	+	117769	3335.557038	3335.557038	117769	117769	1	1
PC_12_2h	105	LT934125.1	118162	118162	+	118162	667.111408	667.111408	118162	118162	1	1
PC_12_2h	106	LT934125.1	118859	118866	+	118864	81387.591728	42028.018679	118860	118866	7	8
PC_12_2h	107	LT934125.1	119170	119170	+	119170	667.111408	667.111408	119170	119170	1	1
PC_12_2h	108	LT934125.1	119343	119343	+	119343	667.111408	667.111408	119343	119343	1	1
PC_12_2h	109	LT934125.1	119567	119567	+	119567	667.111408	667.111408	119567	119567	1	1
PC_12_2h	110	LT934125.1	119763	119763	+	119763	667.111408	667.111408	119763	119763	1	1
PC_12_2h	111	LT934125.1	119996	119996	+	119996	667.111408	667.111408	119996	119996	1	1
PC_12_2h	112	LT934125.1	120312	120312	+	120312	667.111408	667.111408	120312	120312	1	1
PC_12_2h	113	LT934125.1	120555	120555	+	120555	1334.222815	1334.222815	120555	120555	1	1
PC_12_2h	114	LT934125.1	121784	121787	+	121784	10673.782522	6004.002668	121784	121786	3	4
PC_12_2h	115	LT934125.1	122258	122258	+	122258	667.111408	667.111408	122258	122258	1	1
PC_12_2h	116	LT934125.1	122979	122988	+	122979	14009.33956	9339.559706	122979	122983	5	10
PC_12_2h	117	LT934125.1	124302	124302	+	124302	667.111408	667.111408	124302	124302	1	1
PC_12_2h	118	LT934125.1	124402	124402	+	124402	667.111408	667.111408	124402	124402	1	1
PC_12_2h	119	LT934125.1	124530	124530	+	124530	667.111408	667.111408	124530	124530	1	1
PC_12_2h	120	LT934125.1	124756	124757	+	124756	2668.445631	2001.334223	124756	124757	2	2
PC_12_2h	121	LT934125.1	125223	125229	+	125225	45363.575718	22681.787859	125223	125225	3	7
PC_12_2h	122	LT934125.1	125481	125481	+	125481	667.111408	667.111408	125481	125481	1	1
PC_12_2h	123	LT934125.1	125589	125589	+	125589	667.111408	667.111408	125589	125589	1	1
PC_12_2h	124	LT934125.1	125732	125747	+	125732	1334.222816	667.111408	125732	125747	16	16
PC_12_2h	125	LT934125.1	125985	125985	+	125985	667.111408	667.111408	125985	125985	1	1
PC_12_2h	126	LT934125.1	126837	126837	+	126837	667.111408	667.111408	126837	126837	1	1
PC_12_2h	127	LT934125.1	128032	128032	+	128032	667.111408	667.111408	128032	128032	1	1
PC_12_2h	128	LT934125.1	128185	128189	+	128185	1334.222816	667.111408	128185	128189	5	5
PC_12_2h	129	LT934125.1	132598	132616	+	132598	2001.334224	667.111408	132598	132616	19	19
PC_12_2h	130	LT934125.1	132809	132809	+	132809	667.111408	667.111408	132809	132809	1	1
PC_12_2h	131	LT934125.1	135223	135223	+	135223	667.111408	667.111408	135223	135223	1	1
PC_12_2h	132	LT934125.1	136158	136158	+	136158	667.111408	667.111408	136158	136158	1	1
PC_12_2h	133	LT934125.1	136348	136351	+	136348	2001.334224	667.111408	136348	136351	4	4
PC_12_2h	134	LT934125.1	136587	136587	+	136587	667.111408	667.111408	136587	136587	1	1
PC_12_2h	135	LT934125.1	139091	139091	+	139091	667.111408	667.111408	139091	139091	1	1
PC_12_2h	136	LT934125.1	139482	139482	+	139482	667.111408	667.111408	139482	139482	1	1
PC_12_2h	137	LT934125.1	140497	140497	+	140497	667.111408	667.111408	140497	140497	1	1
PC_12_2h	138	LT934125.1	140663	140663	+	140663	667.111408	667.111408	140663	140663	1	1
PC_12_2h	139	LT934125.1	140880	140880	+	140880	667.111408	667.111408	140880	140880	1	1
PC_12_2h	140	LT934125.1	1924	1924	-	1924	667.111408	667.111408	1924	1924	1	1
PC_12_2h	141	LT934125.1	3034	3034	-	3034	667.111408	667.111408	3034	3034	1	1
PC_12_2h	142	LT934125.1	3472	3489	-	3472	1334.222816	667.111408	3472	3489	18	18
PC_12_2h	143	LT934125.1	3685	3685	-	3685	667.111408	667.111408	3685	3685	1	1
PC_12_2h	144	LT934125.1	3877	3912	-	3910	8672.448302	4002.668446	3902	3911	10	36
PC_12_2h	145	LT934125.1	4860	4860	-	4860	667.111408	667.111408	4860	4860	1	1
PC_12_2h	146	LT934125.1	9259	9259	-	9259	667.111408	667.111408	9259	9259	1	1
PC_12_2h	147	LT934125.1	9475	9497	-	9494	11340.89393	10006.671114	9494	9494	1	23
PC_12_2h	148	LT934125.1	9649	9649	-	9649	667.111408	667.111408	9649	9649	1	1
PC_12_2h	149	LT934125.1	9885	9885	-	9885	667.111408	667.111408	9885	9885	1	1
PC_12_2h	150	LT934125.1	16731	16731	-	16731	667.111408	667.111408	16731	16731	1	1
PC_12_2h	151	LT934125.1	17068	17068	-	17068	667.111408	667.111408	17068	17068	1	1
PC_12_2h	152	LT934125.1	17363	17363	-	17363	667.111408	667.111408	17363	17363	1	1
PC_12_2h	153	LT934125.1	17472	17472	-	17472	667.111408	667.111408	17472	17472	1	1
PC_12_2h	154	LT934125.1	18207	18207	-	18207	667.111408	667.111408	18207	18207	1	1
PC_12_2h	155	LT934125.1	18455	18455	-	18455	667.111408	667.111408	18455	18455	1	1
PC_12_2h	156	LT934125.1	19470	19473	-	19471	5336.891261	3335.557038	19470	19473	4	4
PC_12_2h	157	LT934125.1	21638	21638	-	21638	667.111408	667.111408	21638	21638	1	1
PC_12_2h	158	LT934125.1	21875	21875	-	21875	667.111408	667.111408	21875	21875	1	1
PC_12_2h	159	LT934125.1	22199	22199	-	22199	667.111408	667.111408	22199	22199	1	1
PC_12_2h	160	LT934125.1	22379	22391	-	22379	1334.222816	667.111408	22379	22391	13	13
PC_12_2h	161	LT934125.1	23013	23013	-	23013	667.111408	667.111408	23013	23013	1	1
PC_12_2h	162	LT934125.1	23561	23561	-	23561	667.111408	667.111408	23561	23561	1	1
PC_12_2h	163	LT934125.1	25310	25313	-	25313	2668.445631	2001.334223	25310	25313	4	4
PC_12_2h	164	LT934125.1	29409	29414	-	29414	10673.782522	4669.779853	29411	29414	4	6
PC_12_2h	165	LT934125.1	31824	31824	-	31824	667.111408	667.111408	31824	31824	1	1
PC_12_2h	166	LT934125.1	32784	32784	-	32784	667.111408	667.111408	32784	32784	1	1
PC_12_2h	167	LT934125.1	32890	32890	-	32890	667.111408	667.111408	32890	32890	1	1
PC_12_2h	168	LT934125.1	33248	33248	-	33248	667.111408	667.111408	33248	33248	1	1
PC_12_2h	169	LT934125.1	33404	33404	-	33404	667.111408	667.111408	33404	33404	1	1
PC_12_2h	170	LT934125.1	34474	34478	-	34476	3335.557038	1334.222815	34474	34478	5	5
PC_12_2h	171	LT934125.1	35441	35441	-	35441	667.111408	667.111408	35441	35441	1	1
PC_12_2h	172	LT934125.1	35783	35783	-	35783	667.111408	667.111408	35783	35783	1	1
PC_12_2h	173	LT934125.1	43255	43255	-	43255	667.111408	667.111408	43255	43255	1	1
PC_12_2h	174	LT934125.1	44893	44893	-	44893	667.111408	667.111408	44893	44893	1	1
PC_12_2h	175	LT934125.1	45664	45664	-	45664	667.111408	667.111408	45664	45664	1	1
PC_12_2h	176	LT934125.1	50194	50194	-	50194	667.111408	667.111408	50194	50194	1	1
PC_12_2h	177	LT934125.1	50986	51005	-	50986	1334.222816	667.111408	50986	51005	20	20
PC_12_2h	178	LT934125.1	51147	51147	-	51147	4669.779853	4669.779853	51147	51147	1	1
PC_12_2h	179	LT934125.1	54815	54815	-	54815	667.111408	667.111408	54815	54815	1	1
PC_12_2h	180	LT934125.1	55438	55438	-	55438	667.111408	667.111408	55438	55438	1	1
PC_12_2h	181	LT934125.1	56185	56194	-	56188	38025.350235	22014.676451	56186	56190	5	10
PC_12_2h	182	LT934125.1	56946	56946	-	56946	2001.334223	2001.334223	56946	56946	1	1
PC_12_2h	183	LT934125.1	63415	63420	-	63420	30687.12475	25350.233489	63417	63420	4	6
PC_12_2h	184	LT934125.1	64530	64530	-	64530	667.111408	667.111408	64530	64530	1	1
PC_12_2h	185	LT934125.1	64821	64821	-	64821	667.111408	667.111408	64821	64821	1	1
PC_12_2h	186	LT934125.1	65718	65752	-	65752	6004.002669	2668.44563	65718	65752	35	35
PC_12_2h	187	LT934125.1	66762	66762	-	66762	667.111408	667.111408	66762	66762	1	1
PC_12_2h	188	LT934125.1	81552	81552	-	81552	667.111408	667.111408	81552	81552	1	1
PC_12_2h	189	LT934125.1	81804	81810	-	81806	4669.779854	2001.334223	81804	81810	7	7
PC_12_2h	190	LT934125.1	82023	82023	-	82023	667.111408	667.111408	82023	82023	1	1
PC_12_2h	191	LT934125.1	82893	82893	-	82893	667.111408	667.111408	82893	82893	1	1
PC_12_2h	192	LT934125.1	86506	86506	-	86506	667.111408	667.111408	86506	86506	1	1
PC_12_2h	193	LT934125.1	87157	87161	-	87157	2668.445631	2001.334223	87157	87161	5	5
PC_12_2h	194	LT934125.1	87447	87447	-	87447	667.111408	667.111408	87447	87447	1	1
PC_12_2h	195	LT934125.1	89152	89152	-	89152	667.111408	667.111408	89152	89152	1	1
PC_12_2h	196	LT934125.1	89258	89258	-	89258	667.111408	667.111408	89258	89258	1	1
PC_12_2h	197	LT934125.1	92194	92194	-	92194	667.111408	667.111408	92194	92194	1	1
PC_12_2h	198	LT934125.1	92936	92936	-	92936	667.111408	667.111408	92936	92936	1	1
PC_12_2h	199	LT934125.1	93102	93102	-	93102	667.111408	667.111408	93102	93102	1	1
PC_12_2h	200	LT934125.1	93337	93337	-	93337	667.111408	667.111408	93337	93337	1	1
PC_12_2h	201	LT934125.1	94108	94108	-	94108	667.111408	667.111408	94108	94108	1	1
PC_12_2h	202	LT934125.1	94526	94526	-	94526	1334.222815	1334.222815	94526	94526	1	1
PC_12_2h	203	LT934125.1	94941	94947	-	94941	3335.557038	1334.222815	94941	94947	7	7
PC_12_2h	204	LT934125.1	96399	96399	-	96399	667.111408	667.111408	96399	96399	1	1
PC_12_2h	205	LT934125.1	96555	96555	-	96555	667.111408	667.111408	96555	96555	1	1
PC_12_2h	206	LT934125.1	96920	96920	-	96920	667.111408	667.111408	96920	96920	1	1
PC_12_2h	207	LT934125.1	97114	97114	-	97114	667.111408	667.111408	97114	97114	1	1
PC_12_2h	208	LT934125.1	97327	97368	-	97361	44696.464312	13342.228152	97337	97361	25	42
PC_12_2h	209	LT934125.1	98415	98415	-	98415	667.111408	667.111408	98415	98415	1	1
PC_12_2h	210	LT934125.1	99058	99058	-	99058	667.111408	667.111408	99058	99058	1	1
PC_12_2h	211	LT934125.1	100128	100128	-	100128	667.111408	667.111408	100128	100128	1	1
PC_12_2h	212	LT934125.1	102837	102837	-	102837	667.111408	667.111408	102837	102837	1	1
PC_12_2h	213	LT934125.1	103054	103054	-	103054	667.111408	667.111408	103054	103054	1	1
PC_12_2h	214	LT934125.1	103220	103220	-	103220	667.111408	667.111408	103220	103220	1	1
PC_12_2h	215	LT934125.1	104235	104235	-	104235	667.111408	667.111408	104235	104235	1	1
PC_12_2h	216	LT934125.1	104626	104626	-	104626	667.111408	667.111408	104626	104626	1	1
PC_12_2h	217	LT934125.1	107130	107130	-	107130	667.111408	667.111408	107130	107130	1	1
PC_12_2h	218	LT934125.1	107366	107369	-	107366	2001.334224	667.111408	107366	107369	4	4
PC_12_2h	219	LT934125.1	107559	107559	-	107559	667.111408	667.111408	107559	107559	1	1
PC_12_2h	220	LT934125.1	108494	108494	-	108494	667.111408	667.111408	108494	108494	1	1
PC_12_2h	221	LT934125.1	110908	110908	-	110908	667.111408	667.111408	110908	110908	1	1
PC_12_2h	222	LT934125.1	111101	111119	-	111101	2001.334224	667.111408	111101	111119	19	19
PC_12_2h	223	LT934125.1	115528	115532	-	115528	1334.222816	667.111408	115528	115532	5	5
PC_12_2h	224	LT934125.1	115685	115685	-	115685	667.111408	667.111408	115685	115685	1	1
PC_12_2h	225	LT934125.1	116878	116878	-	116878	667.111408	667.111408	116878	116878	1	1
PC_12_2h	226	LT934125.1	119057	119059	-	119057	1334.222816	667.111408	119057	119059	3	3
PC_12_2h	227	LT934125.1	119359	119359	-	119359	667.111408	667.111408	119359	119359	1	1
PC_12_2h	228	LT934125.1	119495	119499	-	119495	1334.222816	667.111408	119495	119499	5	5
PC_12_2h	229	LT934125.1	122044	122044	-	122044	667.111408	667.111408	122044	122044	1	1
PC_12_2h	230	LT934125.1	123501	123501	-	123501	667.111408	667.111408	123501	123501	1	1
PC_12_2h	231	LT934125.1	124704	124704	-	124704	1334.222815	1334.222815	124704	124704	1	1
PC_12_2h	232	LT934125.1	124819	124819	-	124819	667.111408	667.111408	124819	124819	1	1
PC_12_2h	233	LT934125.1	125565	125565	-	125565	667.111408	667.111408	125565	125565	1	1
PC_12_2h	234	LT934125.1	126925	126963	-	126963	3335.557039	1334.222815	126925	126963	39	39
PC_12_2h	235	LT934125.1	127131	127131	-	127131	667.111408	667.111408	127131	127131	1	1
PC_12_2h	236	LT934125.1	127434	127452	-	127434	2001.334223	1334.222815	127434	127452	19	19
PC_12_2h	237	LT934125.1	127754	127754	-	127754	667.111408	667.111408	127754	127754	1	1
PC_12_2h	238	LT934125.1	127876	127876	-	127876	667.111408	667.111408	127876	127876	1	1
PC_12_2h	239	LT934125.1	128728	128732	-	128732	92061.37425	74716.477652	128729	128732	4	5
PC_12_2h	240	LT934125.1	132914	132914	-	132914	667.111408	667.111408	132914	132914	1	1
PC_12_2h	241	LT934125.1	133147	133147	-	133147	667.111408	667.111408	133147	133147	1	1
PC_12_2h	242	LT934125.1	135369	135369	-	135369	667.111408	667.111408	135369	135369	1	1
PC_12_2h	243	LT934125.1	135748	135748	-	135748	667.111408	667.111408	135748	135748	1	1
PC_12_2h	244	LT934125.1	136235	136235	-	136235	1334.222815	1334.222815	136235	136235	1	1
PC_12_2h	245	LT934125.1	136686	136686	-	136686	667.111408	667.111408	136686	136686	1	1
PC_12_2h	246	LT934125.1	138995	138995	-	138995	667.111408	667.111408	138995	138995	1	1
PC_12_2h	247	LT934125.1	139407	139407	-	139407	667.111408	667.111408	139407	139407	1	1
PC_12_4h	1	LT934125.1	779	782	+	779	602.288698	401.525798	779	782	4	4
PC_12_4h	2	LT934125.1	960	994	+	990	2409.154791	903.433046	965	990	26	35
PC_12_4h	3	LT934125.1	1334	1352	+	1337	6424.412771	2710.299137	1334	1339	6	19
PC_12_4h	4	LT934125.1	1595	1604	+	1600	4015.257982	3412.969283	1600	1602	3	10
PC_12_4h	5	LT934125.1	1712	1712	+	1712	100.38145	100.38145	1712	1712	1	1
PC_12_4h	6	LT934125.1	1821	1844	+	1821	200.7629	100.38145	1821	1844	24	24
PC_12_4h	7	LT934125.1	2119	2119	+	2119	100.38145	100.38145	2119	2119	1	1
PC_12_4h	8	LT934125.1	6021	6021	+	6021	100.38145	100.38145	6021	6021	1	1
PC_12_4h	9	LT934125.1	6885	6885	+	6885	100.38145	100.38145	6885	6885	1	1
PC_12_4h	10	LT934125.1	6996	7021	+	6996	200.7629	100.38145	6996	7021	26	26
PC_12_4h	11	LT934125.1	7187	7187	+	7187	100.38145	100.38145	7187	7187	1	1
PC_12_4h	12	LT934125.1	7587	7596	+	7588	4918.691027	2609.917687	7588	7591	4	10
PC_12_4h	13	LT934125.1	7811	7814	+	7811	702.670147	602.288697	7811	7814	4	4
PC_12_4h	14	LT934125.1	8001	8001	+	8001	100.38145	100.38145	8001	8001	1	1
PC_12_4h	15	LT934125.1	8882	8902	+	8882	200.7629	100.38145	8882	8902	21	21
PC_12_4h	16	LT934125.1	9107	9113	+	9113	2810.680587	1806.866091	9107	9113	7	7
PC_12_4h	17	LT934125.1	9267	9272	+	9270	12648.062639	8933.949006	9267	9270	4	6
PC_12_4h	18	LT934125.1	9640	9676	+	9644	3613.732186	1304.958844	9643	9647	5	37
PC_12_4h	19	LT934125.1	10103	10106	+	10103	301.144349	200.762899	10103	10106	4	4
PC_12_4h	20	LT934125.1	10247	10283	+	10247	301.14435	100.38145	10247	10283	37	37
PC_12_4h	21	LT934125.1	10431	10431	+	10431	200.762899	200.762899	10431	10431	1	1
PC_12_4h	22	LT934125.1	11166	11166	+	11166	100.38145	100.38145	11166	11166	1	1
PC_12_4h	23	LT934125.1	12208	12208	+	12208	100.38145	100.38145	12208	12208	1	1
PC_12_4h	24	LT934125.1	12392	12392	+	12392	100.38145	100.38145	12392	12392	1	1
PC_12_4h	25	LT934125.1	12834	12834	+	12834	100.38145	100.38145	12834	12834	1	1
PC_12_4h	26	LT934125.1	14042	14050	+	14048	13451.114236	12146.15539	14048	14048	1	9
PC_12_4h	27	LT934125.1	14443	14443	+	14443	100.38145	100.38145	14443	14443	1	1
PC_12_4h	28	LT934125.1	14782	14782	+	14782	200.762899	200.762899	14782	14782	1	1
PC_12_4h	29	LT934125.1	15180	15200	+	15200	301.144349	200.762899	15180	15200	21	21
PC_12_4h	30	LT934125.1	15527	15527	+	15527	100.38145	100.38145	15527	15527	1	1
PC_12_4h	31	LT934125.1	15838	15856	+	15838	200.7629	100.38145	15838	15856	19	19
PC_12_4h	32	LT934125.1	17647	17647	+	17647	100.38145	100.38145	17647	17647	1	1
PC_12_4h	33	LT934125.1	25420	25422	+	25420	301.144349	200.762899	25420	25422	3	3
PC_12_4h	34	LT934125.1	25770	25770	+	25770	100.38145	100.38145	25770	25770	1	1
PC_12_4h	35	LT934125.1	26924	26928	+	26924	200.7629	100.38145	26924	26928	5	5
PC_12_4h	36	LT934125.1	27833	27833	+	27833	100.38145	100.38145	27833	27833	1	1
PC_12_4h	37	LT934125.1	29638	29638	+	29638	100.38145	100.38145	29638	29638	1	1
PC_12_4h	38	LT934125.1	29987	29987	+	29987	100.38145	100.38145	29987	29987	1	1
PC_12_4h	39	LT934125.1	30240	30242	+	30240	702.670147	602.288697	30240	30242	3	3
PC_12_4h	40	LT934125.1	30684	30704	+	30684	301.14435	100.38145	30684	30704	21	21
PC_12_4h	41	LT934125.1	30932	30938	+	30932	501.907248	401.525798	30932	30938	7	7
PC_12_4h	42	LT934125.1	31093	31101	+	31098	11242.722345	8130.89741	31096	31098	3	9
PC_12_4h	43	LT934125.1	31452	31452	+	31452	100.38145	100.38145	31452	31452	1	1
PC_12_4h	44	LT934125.1	31666	31666	+	31666	100.38145	100.38145	31666	31666	1	1
PC_12_4h	45	LT934125.1	32028	32042	+	32036	21782.774544	9937.763501	32036	32038	3	15
PC_12_4h	46	LT934125.1	32167	32200	+	32167	401.525799	200.762899	32167	32200	34	34
PC_12_4h	47	LT934125.1	33584	33584	+	33584	100.38145	100.38145	33584	33584	1	1
PC_12_4h	48	LT934125.1	35117	35117	+	35117	100.38145	100.38145	35117	35117	1	1
PC_12_4h	49	LT934125.1	43746	43746	+	43746	100.38145	100.38145	43746	43746	1	1
PC_12_4h	50	LT934125.1	44807	44815	+	44812	11142.340897	9335.474804	44810	44812	3	9
PC_12_4h	51	LT934125.1	45145	45145	+	45145	100.38145	100.38145	45145	45145	1	1
PC_12_4h	52	LT934125.1	45662	45700	+	45662	301.14435	100.38145	45662	45700	39	39
PC_12_4h	53	LT934125.1	46026	46029	+	46026	301.144349	200.762899	46026	46029	4	4
PC_12_4h	54	LT934125.1	46236	46237	+	46236	200.7629	100.38145	46236	46237	2	2
PC_12_4h	55	LT934125.1	46388	46388	+	46388	100.38145	100.38145	46388	46388	1	1
PC_12_4h	56	LT934125.1	46713	46713	+	46713	100.38145	100.38145	46713	46713	1	1
PC_12_4h	57	LT934125.1	46933	46933	+	46933	100.38145	100.38145	46933	46933	1	1
PC_12_4h	58	LT934125.1	47188	47188	+	47188	100.38145	100.38145	47188	47188	1	1
PC_12_4h	59	LT934125.1	47311	47319	+	47311	702.670148	301.144349	47311	47319	9	9
PC_12_4h	60	LT934125.1	47529	47529	+	47529	100.38145	100.38145	47529	47529	1	1
PC_12_4h	61	LT934125.1	47704	47704	+	47704	200.762899	200.762899	47704	47704	1	1
PC_12_4h	62	LT934125.1	47872	47872	+	47872	100.38145	100.38145	47872	47872	1	1
PC_12_4h	63	LT934125.1	48094	48094	+	48094	100.38145	100.38145	48094	48094	1	1
PC_12_4h	64	LT934125.1	48253	48294	+	48253	602.288698	200.762899	48253	48294	42	42
PC_12_4h	65	LT934125.1	48448	48448	+	48448	100.38145	100.38145	48448	48448	1	1
PC_12_4h	66	LT934125.1	48559	48571	+	48567	16462.557721	11343.103794	48567	48570	4	13
PC_12_4h	67	LT934125.1	49047	49047	+	49047	200.762899	200.762899	49047	49047	1	1
PC_12_4h	68	LT934125.1	49261	49280	+	49261	301.144349	200.762899	49261	49280	20	20
PC_12_4h	69	LT934125.1	49543	49543	+	49543	100.38145	100.38145	49543	49543	1	1
PC_12_4h	70	LT934125.1	50948	50948	+	50948	100.38145	100.38145	50948	50948	1	1
PC_12_4h	71	LT934125.1	51232	51242	+	51235	8331.66031	5320.216824	51235	51238	4	11
PC_12_4h	72	LT934125.1	51495	51510	+	51495	501.907249	200.762899	51495	51510	16	16
PC_12_4h	73	LT934125.1	51690	51715	+	51690	301.14435	100.38145	51690	51715	26	26
PC_12_4h	74	LT934125.1	52172	52191	+	52172	200.7629	100.38145	52172	52191	20	20
PC_12_4h	75	LT934125.1	52440	52484	+	52460	8432.041762	5520.979723	52444	52460	17	45
PC_12_4h	76	LT934125.1	52710	52710	+	52710	100.38145	100.38145	52710	52710	1	1
PC_12_4h	77	LT934125.1	52875	52875	+	52875	100.38145	100.38145	52875	52875	1	1
PC_12_4h	78	LT934125.1	53042	53042	+	53042	200.762899	200.762899	53042	53042	1	1
PC_12_4h	79	LT934125.1	53236	53236	+	53236	100.38145	100.38145	53236	53236	1	1
PC_12_4h	80	LT934125.1	53644	53652	+	53648	2208.391892	1505.721743	53648	53652	5	9
PC_12_4h	81	LT934125.1	53763	53763	+	53763	100.38145	100.38145	53763	53763	1	1
PC_12_4h	82	LT934125.1	53961	53961	+	53961	100.38145	100.38145	53961	53961	1	1
PC_12_4h	83	LT934125.1	54361	54380	+	54361	200.7629	100.38145	54361	54380	20	20
PC_12_4h	84	LT934125.1	54464	54475	+	54475	401.525799	301.144349	54464	54475	12	12
PC_12_4h	85	LT934125.1	54658	54658	+	54658	100.38145	100.38145	54658	54658	1	1
PC_12_4h	86	LT934125.1	55873	55873	+	55873	100.38145	100.38145	55873	55873	1	1
PC_12_4h	87	LT934125.1	58002	58002	+	58002	100.38145	100.38145	58002	58002	1	1
PC_12_4h	88	LT934125.1	58139	58142	+	58139	200.7629	100.38145	58139	58142	4	4
PC_12_4h	89	LT934125.1	58804	58804	+	58804	100.38145	100.38145	58804	58804	1	1
PC_12_4h	90	LT934125.1	59036	59097	+	59068	9034.330459	3212.206384	59044	59074	31	62
PC_12_4h	91	LT934125.1	59246	59246	+	59246	100.38145	100.38145	59246	59246	1	1
PC_12_4h	92	LT934125.1	59731	59731	+	59731	100.38145	100.38145	59731	59731	1	1
PC_12_4h	93	LT934125.1	59931	59931	+	59931	100.38145	100.38145	59931	59931	1	1
PC_12_4h	94	LT934125.1	60080	60103	+	60080	200.7629	100.38145	60080	60103	24	24
PC_12_4h	95	LT934125.1	60232	60248	+	60235	2208.391891	702.670147	60232	60239	8	17
PC_12_4h	96	LT934125.1	60782	60782	+	60782	100.38145	100.38145	60782	60782	1	1
PC_12_4h	97	LT934125.1	61003	61003	+	61003	100.38145	100.38145	61003	61003	1	1
PC_12_4h	98	LT934125.1	61204	61204	+	61204	100.38145	100.38145	61204	61204	1	1
PC_12_4h	99	LT934125.1	61456	61456	+	61456	100.38145	100.38145	61456	61456	1	1
PC_12_4h	100	LT934125.1	61598	61598	+	61598	100.38145	100.38145	61598	61598	1	1
PC_12_4h	101	LT934125.1	61835	61835	+	61835	100.38145	100.38145	61835	61835	1	1
PC_12_4h	102	LT934125.1	62078	62099	+	62078	200.7629	100.38145	62078	62099	22	22
PC_12_4h	103	LT934125.1	62710	62710	+	62710	100.38145	100.38145	62710	62710	1	1
PC_12_4h	104	LT934125.1	64237	64237	+	64237	100.38145	100.38145	64237	64237	1	1
PC_12_4h	105	LT934125.1	64804	64804	+	64804	100.38145	100.38145	64804	64804	1	1
PC_12_4h	106	LT934125.1	65809	65809	+	65809	100.38145	100.38145	65809	65809	1	1
PC_12_4h	107	LT934125.1	66209	66209	+	66209	100.38145	100.38145	66209	66209	1	1
PC_12_4h	108	LT934125.1	66335	66347	+	66338	2308.77334	1304.958844	66338	66341	4	13
PC_12_4h	109	LT934125.1	67449	67449	+	67449	100.38145	100.38145	67449	67449	1	1
PC_12_4h	110	LT934125.1	67755	67763	+	67755	200.7629	100.38145	67755	67763	9	9
PC_12_4h	111	LT934125.1	68062	68062	+	68062	100.38145	100.38145	68062	68062	1	1
PC_12_4h	112	LT934125.1	68364	68372	+	68364	200.7629	100.38145	68364	68372	9	9
PC_12_4h	113	LT934125.1	68642	68667	+	68642	200.7629	100.38145	68642	68667	26	26
PC_12_4h	114	LT934125.1	68846	68846	+	68846	100.38145	100.38145	68846	68846	1	1
PC_12_4h	115	LT934125.1	68969	68969	+	68969	100.38145	100.38145	68969	68969	1	1
PC_12_4h	116	LT934125.1	69091	69096	+	69091	301.14435	100.38145	69091	69096	6	6
PC_12_4h	117	LT934125.1	69237	69251	+	69237	903.433048	501.907248	69237	69251	15	15
PC_12_4h	118	LT934125.1	69433	69433	+	69433	100.38145	100.38145	69433	69433	1	1
PC_12_4h	119	LT934125.1	69673	69673	+	69673	100.38145	100.38145	69673	69673	1	1
PC_12_4h	120	LT934125.1	69812	69839	+	69812	200.7629	100.38145	69812	69839	28	28
PC_12_4h	121	LT934125.1	69944	69970	+	69944	301.14435	100.38145	69944	69970	27	27
PC_12_4h	122	LT934125.1	70057	70090	+	70090	903.433047	702.670147	70057	70090	34	34
PC_12_4h	123	LT934125.1	70331	70336	+	70331	200.7629	100.38145	70331	70336	6	6
PC_12_4h	124	LT934125.1	70525	70534	+	70531	33427.022687	18871.712508	70529	70531	3	10
PC_12_4h	125	LT934125.1	70802	70802	+	70802	100.38145	100.38145	70802	70802	1	1
PC_12_4h	126	LT934125.1	71065	71065	+	71065	100.38145	100.38145	71065	71065	1	1
PC_12_4h	127	LT934125.1	72505	72527	+	72505	200.7629	100.38145	72505	72527	23	23
PC_12_4h	128	LT934125.1	72759	72760	+	72759	401.525799	301.144349	72759	72760	2	2
PC_12_4h	129	LT934125.1	72957	72957	+	72957	100.38145	100.38145	72957	72957	1	1
PC_12_4h	130	LT934125.1	73531	73531	+	73531	100.38145	100.38145	73531	73531	1	1
PC_12_4h	131	LT934125.1	74400	74408	+	74402	14254.165832	6825.938567	74400	74403	4	9
PC_12_4h	132	LT934125.1	74643	74643	+	74643	100.38145	100.38145	74643	74643	1	1
PC_12_4h	133	LT934125.1	74896	74896	+	74896	100.38145	100.38145	74896	74896	1	1
PC_12_4h	134	LT934125.1	75108	75108	+	75108	100.38145	100.38145	75108	75108	1	1
PC_12_4h	135	LT934125.1	75371	75371	+	75371	100.38145	100.38145	75371	75371	1	1
PC_12_4h	136	LT934125.1	76683	76685	+	76683	903.433046	602.288697	76683	76685	3	3
PC_12_4h	137	LT934125.1	76990	76992	+	76990	301.144349	200.762899	76990	76992	3	3
PC_12_4h	138	LT934125.1	77536	77536	+	77536	100.38145	100.38145	77536	77536	1	1
PC_12_4h	139	LT934125.1	77896	77896	+	77896	100.38145	100.38145	77896	77896	1	1
PC_12_4h	140	LT934125.1	78037	78062	+	78041	803.051599	301.144349	78037	78062	26	26
PC_12_4h	141	LT934125.1	78367	78367	+	78367	100.38145	100.38145	78367	78367	1	1
PC_12_4h	142	LT934125.1	78749	78749	+	78749	100.38145	100.38145	78749	78749	1	1
PC_12_4h	143	LT934125.1	79051	79051	+	79051	100.38145	100.38145	79051	79051	1	1
PC_12_4h	144	LT934125.1	79260	79260	+	79260	100.38145	100.38145	79260	79260	1	1
PC_12_4h	145	LT934125.1	79440	79461	+	79444	8331.66031	6324.031319	79444	79454	11	22
PC_12_4h	146	LT934125.1	79622	79675	+	79622	401.525799	200.762899	79622	79675	54	54
PC_12_4h	147	LT934125.1	79749	79806	+	79781	702.670149	301.144349	79749	79806	58	58
PC_12_4h	148	LT934125.1	81082	81082	+	81082	100.38145	100.38145	81082	81082	1	1
PC_12_4h	149	LT934125.1	83125	83125	+	83125	100.38145	100.38145	83125	83125	1	1
PC_12_4h	150	LT934125.1	83978	83978	+	83978	301.144349	301.144349	83978	83978	1	1
PC_12_4h	151	LT934125.1	84715	84715	+	84715	100.38145	100.38145	84715	84715	1	1
PC_12_4h	152	LT934125.1	84986	84986	+	84986	100.38145	100.38145	84986	84986	1	1
PC_12_4h	153	LT934125.1	85089	85089	+	85089	100.38145	100.38145	85089	85089	1	1
PC_12_4h	154	LT934125.1	85431	85431	+	85431	100.38145	100.38145	85431	85431	1	1
PC_12_4h	155	LT934125.1	86278	86278	+	86278	100.38145	100.38145	86278	86278	1	1
PC_12_4h	156	LT934125.1	86551	86551	+	86551	100.38145	100.38145	86551	86551	1	1
PC_12_4h	157	LT934125.1	88155	88156	+	88155	200.7629	100.38145	88155	88156	2	2
PC_12_4h	158	LT934125.1	88888	88888	+	88888	100.38145	100.38145	88888	88888	1	1
PC_12_4h	159	LT934125.1	89513	89513	+	89513	100.38145	100.38145	89513	89513	1	1
PC_12_4h	160	LT934125.1	89759	89759	+	89759	200.762899	200.762899	89759	89759	1	1
PC_12_4h	161	LT934125.1	90091	90091	+	90091	100.38145	100.38145	90091	90091	1	1
PC_12_4h	162	LT934125.1	90381	90381	+	90381	200.762899	200.762899	90381	90381	1	1
PC_12_4h	163	LT934125.1	90726	90726	+	90726	100.38145	100.38145	90726	90726	1	1
PC_12_4h	164	LT934125.1	91409	91412	+	91409	1806.866091	1204.577394	91409	91412	4	4
PC_12_4h	165	LT934125.1	91545	91570	+	91548	602.288699	200.762899	91545	91570	26	26
PC_12_4h	166	LT934125.1	91786	91786	+	91786	100.38145	100.38145	91786	91786	1	1
PC_12_4h	167	LT934125.1	92292	92292	+	92292	100.38145	100.38145	92292	92292	1	1
PC_12_4h	168	LT934125.1	92423	92423	+	92423	100.38145	100.38145	92423	92423	1	1
PC_12_4h	169	LT934125.1	93770	93770	+	93770	100.38145	100.38145	93770	93770	1	1
PC_12_4h	170	LT934125.1	93929	93929	+	93929	100.38145	100.38145	93929	93929	1	1
PC_12_4h	171	LT934125.1	100678	100678	+	100678	100.38145	100.38145	100678	100678	1	1
PC_12_4h	172	LT934125.1	101729	101729	+	101729	100.38145	100.38145	101729	101729	1	1
PC_12_4h	173	LT934125.1	104819	104819	+	104819	100.38145	100.38145	104819	104819	1	1
PC_12_4h	174	LT934125.1	105993	106023	+	105993	301.14435	100.38145	105993	106023	31	31
PC_12_4h	175	LT934125.1	106320	106320	+	106320	100.38145	100.38145	106320	106320	1	1
PC_12_4h	176	LT934125.1	106598	106598	+	106598	200.762899	200.762899	106598	106598	1	1
PC_12_4h	177	LT934125.1	106863	106863	+	106863	200.762899	200.762899	106863	106863	1	1
PC_12_4h	178	LT934125.1	107031	107031	+	107031	100.38145	100.38145	107031	107031	1	1
PC_12_4h	179	LT934125.1	107420	107437	+	107420	501.907249	200.762899	107420	107437	18	18
PC_12_4h	180	LT934125.1	107825	107825	+	107825	100.38145	100.38145	107825	107825	1	1
PC_12_4h	181	LT934125.1	107991	107991	+	107991	100.38145	100.38145	107991	107991	1	1
PC_12_4h	182	LT934125.1	108167	108167	+	108167	200.762899	200.762899	108167	108167	1	1
PC_12_4h	183	LT934125.1	108309	108331	+	108310	702.670148	401.525798	108309	108331	23	23
PC_12_4h	184	LT934125.1	108661	108680	+	108661	301.14435	100.38145	108661	108680	20	20
PC_12_4h	185	LT934125.1	109084	109084	+	109084	100.38145	100.38145	109084	109084	1	1
PC_12_4h	186	LT934125.1	109392	109392	+	109392	100.38145	100.38145	109392	109392	1	1
PC_12_4h	187	LT934125.1	112306	112306	+	112306	100.38145	100.38145	112306	112306	1	1
PC_12_4h	188	LT934125.1	113433	113435	+	113433	301.144349	200.762899	113433	113435	3	3
PC_12_4h	189	LT934125.1	114979	114988	+	114985	143846.617146	127283.677976	114985	114986	2	10
PC_12_4h	190	LT934125.1	115475	115498	+	115475	200.7629	100.38145	115475	115498	24	24
PC_12_4h	191	LT934125.1	115725	115759	+	115725	501.90725	100.38145	115725	115759	35	35
PC_12_4h	192	LT934125.1	116024	116085	+	116024	401.5258	100.38145	116024	116085	62	62
PC_12_4h	193	LT934125.1	116120	116219	+	116154	1505.721749	200.762899	116129	116214	86	100
PC_12_4h	194	LT934125.1	116258	116321	+	116276	803.051599	200.762899	116258	116321	64	64
PC_12_4h	195	LT934125.1	116469	116552	+	116495	1003.814499	200.762899	116469	116552	84	84
PC_12_4h	196	LT934125.1	117441	117441	+	117441	100.38145	100.38145	117441	117441	1	1
PC_12_4h	197	LT934125.1	117603	117607	+	117607	702.670147	401.525798	117603	117607	5	5
PC_12_4h	198	LT934125.1	117769	117789	+	117769	803.051596	602.288697	117769	117789	21	21
PC_12_4h	199	LT934125.1	117920	117920	+	117920	100.38145	100.38145	117920	117920	1	1
PC_12_4h	200	LT934125.1	118031	118031	+	118031	100.38145	100.38145	118031	118031	1	1
PC_12_4h	201	LT934125.1	118381	118381	+	118381	100.38145	100.38145	118381	118381	1	1
PC_12_4h	202	LT934125.1	118529	118529	+	118529	100.38145	100.38145	118529	118529	1	1
PC_12_4h	203	LT934125.1	118841	118866	+	118864	59526.199561	35233.888777	118860	118866	7	26
PC_12_4h	204	LT934125.1	119155	119182	+	119155	200.7629	100.38145	119155	119182	28	28
PC_12_4h	205	LT934125.1	119304	119304	+	119304	200.762899	200.762899	119304	119304	1	1
PC_12_4h	206	LT934125.1	119747	119815	+	119763	702.670149	200.762899	119747	119815	69	69
PC_12_4h	207	LT934125.1	119912	119958	+	119938	501.907249	200.762899	119912	119958	47	47
PC_12_4h	208	LT934125.1	120242	120242	+	120242	100.38145	100.38145	120242	120242	1	1
PC_12_4h	209	LT934125.1	120555	120558	+	120555	1104.195946	903.433046	120555	120557	3	4
PC_12_4h	210	LT934125.1	120664	120664	+	120664	100.38145	100.38145	120664	120664	1	1
PC_12_4h	211	LT934125.1	120934	120937	+	120937	301.144349	200.762899	120934	120937	4	4
PC_12_4h	212	LT934125.1	121271	121272	+	121271	200.7629	100.38145	121271	121272	2	2
PC_12_4h	213	LT934125.1	121784	121787	+	121784	13451.114234	11142.340895	121784	121786	3	4
PC_12_4h	214	LT934125.1	121894	121925	+	121894	501.90725	100.38145	121894	121925	32	32
PC_12_4h	215	LT934125.1	122301	122301	+	122301	100.38145	100.38145	122301	122301	1	1
PC_12_4h	216	LT934125.1	122527	122527	+	122527	100.38145	100.38145	122527	122527	1	1
PC_12_4h	217	LT934125.1	122689	122689	+	122689	200.762899	200.762899	122689	122689	1	1
PC_12_4h	218	LT934125.1	122978	122988	+	122979	4717.928128	2710.299137	122979	122981	3	11
PC_12_4h	219	LT934125.1	123449	123449	+	123449	100.38145	100.38145	123449	123449	1	1
PC_12_4h	220	LT934125.1	123595	123600	+	123595	301.14435	100.38145	123595	123600	6	6
PC_12_4h	221	LT934125.1	123953	123953	+	123953	100.38145	100.38145	123953	123953	1	1
PC_12_4h	222	LT934125.1	124754	124758	+	124756	2609.917688	2308.773339	124756	124756	1	5
PC_12_4h	223	LT934125.1	125183	125228	+	125225	18470.186712	11142.340895	125223	125225	3	46
PC_12_4h	224	LT934125.1	125398	125398	+	125398	100.38145	100.38145	125398	125398	1	1
PC_12_4h	225	LT934125.1	125604	125604	+	125604	100.38145	100.38145	125604	125604	1	1
PC_12_4h	226	LT934125.1	125721	125721	+	125721	200.762899	200.762899	125721	125721	1	1
PC_12_4h	227	LT934125.1	125884	125885	+	125884	200.7629	100.38145	125884	125885	2	2
PC_12_4h	228	LT934125.1	126800	126800	+	126800	100.38145	100.38145	126800	126800	1	1
PC_12_4h	229	LT934125.1	128079	128084	+	128079	301.144349	200.762899	128079	128084	6	6
PC_12_4h	230	LT934125.1	128185	128190	+	128185	702.670147	301.144349	128185	128190	6	6
PC_12_4h	231	LT934125.1	132610	132614	+	132610	200.7629	100.38145	132610	132614	5	5
PC_12_4h	232	LT934125.1	134962	134972	+	134962	200.7629	100.38145	134962	134972	11	11
PC_12_4h	233	LT934125.1	136157	136178	+	136158	602.288698	401.525798	136157	136178	22	22
PC_12_4h	234	LT934125.1	136339	136348	+	136348	702.670147	602.288697	136339	136348	10	10
PC_12_4h	235	LT934125.1	136645	136670	+	136645	401.5258	100.38145	136645	136670	26	26
PC_12_4h	236	LT934125.1	136921	136921	+	136921	100.38145	100.38145	136921	136921	1	1
PC_12_4h	237	LT934125.1	137108	137108	+	137108	100.38145	100.38145	137108	137108	1	1
PC_12_4h	238	LT934125.1	138507	138507	+	138507	100.38145	100.38145	138507	138507	1	1
PC_12_4h	239	LT934125.1	138660	138660	+	138660	100.38145	100.38145	138660	138660	1	1
PC_12_4h	240	LT934125.1	138924	138924	+	138924	100.38145	100.38145	138924	138924	1	1
PC_12_4h	241	LT934125.1	139105	139105	+	139105	100.38145	100.38145	139105	139105	1	1
PC_12_4h	242	LT934125.1	139476	139506	+	139476	301.14435	100.38145	139476	139506	31	31
PC_12_4h	243	LT934125.1	139784	139784	+	139784	100.38145	100.38145	139784	139784	1	1
PC_12_4h	244	LT934125.1	139982	139982	+	139982	200.762899	200.762899	139982	139982	1	1
PC_12_4h	245	LT934125.1	140247	140247	+	140247	100.38145	100.38145	140247	140247	1	1
PC_12_4h	246	LT934125.1	140598	140598	+	140598	100.38145	100.38145	140598	140598	1	1
PC_12_4h	247	LT934125.1	140746	140746	+	140746	200.762899	200.762899	140746	140746	1	1
PC_12_4h	248	LT934125.1	141057	141057	+	141057	100.38145	100.38145	141057	141057	1	1
PC_12_4h	249	LT934125.1	141418	141418	+	141418	100.38145	100.38145	141418	141418	1	1
PC_12_4h	250	LT934125.1	2023	2023	-	2023	100.38145	100.38145	2023	2023	1	1
PC_12_4h	251	LT934125.1	2977	2977	-	2977	100.38145	100.38145	2977	2977	1	1
PC_12_4h	252	LT934125.1	3680	3680	-	3680	100.38145	100.38145	3680	3680	1	1
PC_12_4h	253	LT934125.1	3880	3912	-	3911	1907.247543	602.288697	3880	3912	33	33
PC_12_4h	254	LT934125.1	4208	4208	-	4208	100.38145	100.38145	4208	4208	1	1
PC_12_4h	255	LT934125.1	4470	4470	-	4470	100.38145	100.38145	4470	4470	1	1
PC_12_4h	256	LT934125.1	4838	4838	-	4838	100.38145	100.38145	4838	4838	1	1
PC_12_4h	257	LT934125.1	5333	5333	-	5333	100.38145	100.38145	5333	5333	1	1
PC_12_4h	258	LT934125.1	5786	5786	-	5786	100.38145	100.38145	5786	5786	1	1
PC_12_4h	259	LT934125.1	8722	8722	-	8722	100.38145	100.38145	8722	8722	1	1
PC_12_4h	260	LT934125.1	8997	8997	-	8997	200.762899	200.762899	8997	8997	1	1
PC_12_4h	261	LT934125.1	9217	9217	-	9217	200.762899	200.762899	9217	9217	1	1
PC_12_4h	262	LT934125.1	9490	9530	-	9494	8030.515964	6324.031319	9494	9499	6	41
PC_12_4h	263	LT934125.1	9754	9754	-	9754	100.38145	100.38145	9754	9754	1	1
PC_12_4h	264	LT934125.1	9893	9893	-	9893	100.38145	100.38145	9893	9893	1	1
PC_12_4h	265	LT934125.1	15833	15833	-	15833	100.38145	100.38145	15833	15833	1	1
PC_12_4h	266	LT934125.1	16817	16819	-	16817	200.7629	100.38145	16817	16819	3	3
PC_12_4h	267	LT934125.1	17123	17123	-	17123	301.144349	301.144349	17123	17123	1	1
PC_12_4h	268	LT934125.1	17338	17373	-	17341	1304.958846	803.051596	17339	17348	10	36
PC_12_4h	269	LT934125.1	17437	17472	-	17456	602.288699	301.144349	17437	17472	36	36
PC_12_4h	270	LT934125.1	17693	17693	-	17693	100.38145	100.38145	17693	17693	1	1
PC_12_4h	271	LT934125.1	17905	17905	-	17905	100.38145	100.38145	17905	17905	1	1
PC_12_4h	272	LT934125.1	18190	18239	-	18190	401.5258	100.38145	18190	18239	50	50
PC_12_4h	273	LT934125.1	18523	18535	-	18523	301.14435	100.38145	18523	18535	13	13
PC_12_4h	274	LT934125.1	18960	18960	-	18960	200.762899	200.762899	18960	18960	1	1
PC_12_4h	275	LT934125.1	19469	19473	-	19473	7227.464366	3111.824935	19470	19473	4	5
PC_12_4h	276	LT934125.1	19624	19624	-	19624	100.38145	100.38145	19624	19624	1	1
PC_12_4h	277	LT934125.1	21605	21605	-	21605	100.38145	100.38145	21605	21605	1	1
PC_12_4h	278	LT934125.1	21739	21749	-	21739	200.7629	100.38145	21739	21749	11	11
PC_12_4h	279	LT934125.1	21938	21947	-	21939	1606.103193	702.670147	21938	21947	10	10
PC_12_4h	280	LT934125.1	22060	22060	-	22060	100.38145	100.38145	22060	22060	1	1
PC_12_4h	281	LT934125.1	22214	22214	-	22214	200.762899	200.762899	22214	22214	1	1
PC_12_4h	282	LT934125.1	22362	22379	-	22379	401.525799	301.144349	22362	22379	18	18
PC_12_4h	283	LT934125.1	22613	22613	-	22613	100.38145	100.38145	22613	22613	1	1
PC_12_4h	284	LT934125.1	23047	23047	-	23047	100.38145	100.38145	23047	23047	1	1
PC_12_4h	285	LT934125.1	23428	23428	-	23428	100.38145	100.38145	23428	23428	1	1
PC_12_4h	286	LT934125.1	23951	23951	-	23951	100.38145	100.38145	23951	23951	1	1
PC_12_4h	287	LT934125.1	25229	25233	-	25229	200.7629	100.38145	25229	25233	5	5
PC_12_4h	288	LT934125.1	25961	25961	-	25961	100.38145	100.38145	25961	25961	1	1
PC_12_4h	289	LT934125.1	26315	26315	-	26315	100.38145	100.38145	26315	26315	1	1
PC_12_4h	290	LT934125.1	27248	27248	-	27248	100.38145	100.38145	27248	27248	1	1
PC_12_4h	291	LT934125.1	27761	27761	-	27761	100.38145	100.38145	27761	27761	1	1
PC_12_4h	292	LT934125.1	28649	28713	-	28649	401.5258	100.38145	28649	28713	65	65
PC_12_4h	293	LT934125.1	28907	28915	-	28907	200.7629	100.38145	28907	28915	9	9
PC_12_4h	294	LT934125.1	29046	29080	-	29046	602.288698	301.144349	29046	29080	35	35
PC_12_4h	295	LT934125.1	29286	29286	-	29286	100.38145	100.38145	29286	29286	1	1
PC_12_4h	296	LT934125.1	29404	29417	-	29411	13049.588438	4818.309576	29409	29414	6	14
PC_12_4h	297	LT934125.1	30229	30229	-	30229	100.38145	100.38145	30229	30229	1	1
PC_12_4h	298	LT934125.1	30349	30349	-	30349	100.38145	100.38145	30349	30349	1	1
PC_12_4h	299	LT934125.1	30571	30571	-	30571	100.38145	100.38145	30571	30571	1	1
PC_12_4h	300	LT934125.1	30873	30882	-	30877	501.907249	200.762899	30873	30882	10	10
PC_12_4h	301	LT934125.1	31037	31041	-	31037	200.7629	100.38145	31037	31041	5	5
PC_12_4h	302	LT934125.1	31323	31323	-	31323	100.38145	100.38145	31323	31323	1	1
PC_12_4h	303	LT934125.1	31808	31808	-	31808	100.38145	100.38145	31808	31808	1	1
PC_12_4h	304	LT934125.1	32842	32842	-	32842	200.762899	200.762899	32842	32842	1	1
PC_12_4h	305	LT934125.1	33110	33110	-	33110	100.38145	100.38145	33110	33110	1	1
PC_12_4h	306	LT934125.1	33212	33212	-	33212	100.38145	100.38145	33212	33212	1	1
PC_12_4h	307	LT934125.1	33294	33335	-	33321	401.525799	200.762899	33294	33335	42	42
PC_12_4h	308	LT934125.1	33803	33803	-	33803	100.38145	100.38145	33803	33803	1	1
PC_12_4h	309	LT934125.1	33928	33969	-	33928	501.90725	100.38145	33928	33969	42	42
PC_12_4h	310	LT934125.1	34091	34091	-	34091	200.762899	200.762899	34091	34091	1	1
PC_12_4h	311	LT934125.1	34474	34478	-	34474	602.288698	301.144349	34474	34478	5	5
PC_12_4h	312	LT934125.1	41994	41995	-	41995	401.525799	301.144349	41994	41995	2	2
PC_12_4h	313	LT934125.1	42389	42389	-	42389	100.38145	100.38145	42389	42389	1	1
PC_12_4h	314	LT934125.1	42621	42621	-	42621	100.38145	100.38145	42621	42621	1	1
PC_12_4h	315	LT934125.1	42868	42868	-	42868	200.762899	200.762899	42868	42868	1	1
PC_12_4h	316	LT934125.1	43060	43060	-	43060	100.38145	100.38145	43060	43060	1	1
PC_12_4h	317	LT934125.1	43406	43406	-	43406	100.38145	100.38145	43406	43406	1	1
PC_12_4h	318	LT934125.1	43729	43729	-	43729	100.38145	100.38145	43729	43729	1	1
PC_12_4h	319	LT934125.1	44756	44756	-	44756	100.38145	100.38145	44756	44756	1	1
PC_12_4h	320	LT934125.1	44885	44893	-	44885	501.90725	100.38145	44885	44893	9	9
PC_12_4h	321	LT934125.1	45865	45865	-	45865	100.38145	100.38145	45865	45865	1	1
PC_12_4h	322	LT934125.1	50328	50328	-	50328	100.38145	100.38145	50328	50328	1	1
PC_12_4h	323	LT934125.1	50495	50498	-	50495	200.7629	100.38145	50495	50498	4	4
PC_12_4h	324	LT934125.1	50628	50641	-	50631	401.525799	200.762899	50628	50641	14	14
PC_12_4h	325	LT934125.1	51141	51147	-	51147	4617.546678	4416.783778	51147	51147	1	7
PC_12_4h	326	LT934125.1	51499	51499	-	51499	100.38145	100.38145	51499	51499	1	1
PC_12_4h	327	LT934125.1	52190	52190	-	52190	100.38145	100.38145	52190	52190	1	1
PC_12_4h	328	LT934125.1	52865	52865	-	52865	100.38145	100.38145	52865	52865	1	1
PC_12_4h	329	LT934125.1	53162	53162	-	53162	100.38145	100.38145	53162	53162	1	1
PC_12_4h	330	LT934125.1	53555	53555	-	53555	200.762899	200.762899	53555	53555	1	1
PC_12_4h	331	LT934125.1	55423	55439	-	55438	602.288698	200.762899	55423	55439	17	17
PC_12_4h	332	LT934125.1	55622	55622	-	55622	100.38145	100.38145	55622	55622	1	1
PC_12_4h	333	LT934125.1	55796	55796	-	55796	200.762899	200.762899	55796	55796	1	1
PC_12_4h	334	LT934125.1	56183	56194	-	56188	24493.073682	14756.073078	56187	56189	3	12
PC_12_4h	335	LT934125.1	56577	56577	-	56577	100.38145	100.38145	56577	56577	1	1
PC_12_4h	336	LT934125.1	56944	56948	-	56946	5621.361173	5119.453925	56946	56946	1	5
PC_12_4h	337	LT934125.1	57099	57099	-	57099	100.38145	100.38145	57099	57099	1	1
PC_12_4h	338	LT934125.1	57313	57313	-	57313	200.762899	200.762899	57313	57313	1	1
PC_12_4h	339	LT934125.1	57586	57586	-	57586	100.38145	100.38145	57586	57586	1	1
PC_12_4h	340	LT934125.1	57750	57750	-	57750	100.38145	100.38145	57750	57750	1	1
PC_12_4h	341	LT934125.1	57881	57881	-	57881	100.38145	100.38145	57881	57881	1	1
PC_12_4h	342	LT934125.1	58570	58572	-	58570	401.525799	301.144349	58570	58572	3	3
PC_12_4h	343	LT934125.1	59277	59281	-	59277	401.525799	301.144349	59277	59281	5	5
PC_12_4h	344	LT934125.1	60048	60048	-	60048	100.38145	100.38145	60048	60048	1	1
PC_12_4h	345	LT934125.1	60514	60514	-	60514	100.38145	100.38145	60514	60514	1	1
PC_12_4h	346	LT934125.1	61400	61400	-	61400	100.38145	100.38145	61400	61400	1	1
PC_12_4h	347	LT934125.1	62075	62075	-	62075	100.38145	100.38145	62075	62075	1	1
PC_12_4h	348	LT934125.1	63257	63315	-	63257	301.14435	100.38145	63257	63315	59	59
PC_12_4h	349	LT934125.1	63417	63430	-	63420	158602.690223	147460.349327	63420	63420	1	14
PC_12_4h	350	LT934125.1	63683	63683	-	63683	100.38145	100.38145	63683	63683	1	1
PC_12_4h	351	LT934125.1	64125	64125	-	64125	100.38145	100.38145	64125	64125	1	1
PC_12_4h	352	LT934125.1	64340	64340	-	64340	100.38145	100.38145	64340	64340	1	1
PC_12_4h	353	LT934125.1	64697	64697	-	64697	100.38145	100.38145	64697	64697	1	1
PC_12_4h	354	LT934125.1	64839	64839	-	64839	100.38145	100.38145	64839	64839	1	1
PC_12_4h	355	LT934125.1	64954	64954	-	64954	100.38145	100.38145	64954	64954	1	1
PC_12_4h	356	LT934125.1	65397	65397	-	65397	100.38145	100.38145	65397	65397	1	1
PC_12_4h	357	LT934125.1	65718	65775	-	65750	3412.969286	1304.958844	65747	65752	6	58
PC_12_4h	358	LT934125.1	66005	66005	-	66005	100.38145	100.38145	66005	66005	1	1
PC_12_4h	359	LT934125.1	66346	66346	-	66346	100.38145	100.38145	66346	66346	1	1
PC_12_4h	360	LT934125.1	66776	66776	-	66776	100.38145	100.38145	66776	66776	1	1
PC_12_4h	361	LT934125.1	67130	67130	-	67130	100.38145	100.38145	67130	67130	1	1
PC_12_4h	362	LT934125.1	67649	67649	-	67649	100.38145	100.38145	67649	67649	1	1
PC_12_4h	363	LT934125.1	71787	71787	-	71787	100.38145	100.38145	71787	71787	1	1
PC_12_4h	364	LT934125.1	72415	72415	-	72415	100.38145	100.38145	72415	72415	1	1
PC_12_4h	365	LT934125.1	73003	73003	-	73003	100.38145	100.38145	73003	73003	1	1
PC_12_4h	366	LT934125.1	73108	73108	-	73108	200.762899	200.762899	73108	73108	1	1
PC_12_4h	367	LT934125.1	74345	74345	-	74345	100.38145	100.38145	74345	74345	1	1
PC_12_4h	368	LT934125.1	75543	75543	-	75543	100.38145	100.38145	75543	75543	1	1
PC_12_4h	369	LT934125.1	76860	76863	-	76860	501.907248	401.525798	76860	76863	4	4
PC_12_4h	370	LT934125.1	77985	77985	-	77985	100.38145	100.38145	77985	77985	1	1
PC_12_4h	371	LT934125.1	79609	79609	-	79609	100.38145	100.38145	79609	79609	1	1
PC_12_4h	372	LT934125.1	80484	80484	-	80484	100.38145	100.38145	80484	80484	1	1
PC_12_4h	373	LT934125.1	80586	80586	-	80586	100.38145	100.38145	80586	80586	1	1
PC_12_4h	374	LT934125.1	80835	80842	-	80842	301.144349	200.762899	80835	80842	8	8
PC_12_4h	375	LT934125.1	81035	81035	-	81035	100.38145	100.38145	81035	81035	1	1
PC_12_4h	376	LT934125.1	81146	81146	-	81146	100.38145	100.38145	81146	81146	1	1
PC_12_4h	377	LT934125.1	81273	81273	-	81273	100.38145	100.38145	81273	81273	1	1
PC_12_4h	378	LT934125.1	81803	81842	-	81804	6123.268422	1907.247541	81804	81813	10	40
PC_12_4h	379	LT934125.1	82026	82026	-	82026	100.38145	100.38145	82026	82026	1	1
PC_12_4h	380	LT934125.1	83014	83014	-	83014	100.38145	100.38145	83014	83014	1	1
PC_12_4h	381	LT934125.1	86745	86761	-	86745	301.14435	100.38145	86745	86761	17	17
PC_12_4h	382	LT934125.1	86899	86928	-	86899	200.7629	100.38145	86899	86928	30	30
PC_12_4h	383	LT934125.1	87157	87161	-	87161	3312.587834	2409.154788	87157	87161	5	5
PC_12_4h	384	LT934125.1	87420	87447	-	87442	602.288699	301.144349	87420	87447	28	28
PC_12_4h	385	LT934125.1	88259	88259	-	88259	100.38145	100.38145	88259	88259	1	1
PC_12_4h	386	LT934125.1	88494	88494	-	88494	100.38145	100.38145	88494	88494	1	1
PC_12_4h	387	LT934125.1	92261	92261	-	92261	100.38145	100.38145	92261	92261	1	1
PC_12_4h	388	LT934125.1	92412	92415	-	92415	301.144349	200.762899	92412	92415	4	4
PC_12_4h	389	LT934125.1	92713	92713	-	92713	100.38145	100.38145	92713	92713	1	1
PC_12_4h	390	LT934125.1	92930	92936	-	92933	9536.237704	5420.598273	92933	92936	4	7
PC_12_4h	391	LT934125.1	93046	93046	-	93046	100.38145	100.38145	93046	93046	1	1
PC_12_4h	392	LT934125.1	93152	93152	-	93152	100.38145	100.38145	93152	93152	1	1
PC_12_4h	393	LT934125.1	93418	93418	-	93418	100.38145	100.38145	93418	93418	1	1
PC_12_4h	394	LT934125.1	93644	93654	-	93654	1907.247543	1405.340293	93647	93654	8	11
PC_12_4h	395	LT934125.1	93827	93827	-	93827	100.38145	100.38145	93827	93827	1	1
PC_12_4h	396	LT934125.1	94250	94250	-	94250	100.38145	100.38145	94250	94250	1	1
PC_12_4h	397	LT934125.1	94526	94529	-	94526	602.288698	301.144349	94526	94529	4	4
PC_12_4h	398	LT934125.1	94824	94824	-	94824	100.38145	100.38145	94824	94824	1	1
PC_12_4h	399	LT934125.1	94941	94948	-	94947	4015.25798	2409.154788	94943	94947	5	8
PC_12_4h	400	LT934125.1	95569	95569	-	95569	100.38145	100.38145	95569	95569	1	1
PC_12_4h	401	LT934125.1	96072	96089	-	96072	200.7629	100.38145	96072	96089	18	18
PC_12_4h	402	LT934125.1	96384	96384	-	96384	100.38145	100.38145	96384	96384	1	1
PC_12_4h	403	LT934125.1	96510	96510	-	96510	200.762899	200.762899	96510	96510	1	1
PC_12_4h	404	LT934125.1	96839	96839	-	96839	100.38145	100.38145	96839	96839	1	1
PC_12_4h	405	LT934125.1	97017	97017	-	97017	100.38145	100.38145	97017	97017	1	1
PC_12_4h	406	LT934125.1	97126	97126	-	97126	100.38145	100.38145	97126	97126	1	1
PC_12_4h	407	LT934125.1	97337	97361	-	97361	6524.79422	3212.206384	97337	97361	25	25
PC_12_4h	408	LT934125.1	97545	97545	-	97545	100.38145	100.38145	97545	97545	1	1
PC_12_4h	409	LT934125.1	97787	97787	-	97787	100.38145	100.38145	97787	97787	1	1
PC_12_4h	410	LT934125.1	97910	97910	-	97910	100.38145	100.38145	97910	97910	1	1
PC_12_4h	411	LT934125.1	98397	98415	-	98397	200.7629	100.38145	98397	98415	19	19
PC_12_4h	412	LT934125.1	100235	100235	-	100235	100.38145	100.38145	100235	100235	1	1
PC_12_4h	413	LT934125.1	102299	102299	-	102299	100.38145	100.38145	102299	102299	1	1
PC_12_4h	414	LT934125.1	102623	102623	-	102623	100.38145	100.38145	102623	102623	1	1
PC_12_4h	415	LT934125.1	102971	102971	-	102971	200.762899	200.762899	102971	102971	1	1
PC_12_4h	416	LT934125.1	103470	103470	-	103470	100.38145	100.38145	103470	103470	1	1
PC_12_4h	417	LT934125.1	103735	103735	-	103735	200.762899	200.762899	103735	103735	1	1
PC_12_4h	418	LT934125.1	103933	103933	-	103933	100.38145	100.38145	103933	103933	1	1
PC_12_4h	419	LT934125.1	104211	104241	-	104211	301.14435	100.38145	104211	104241	31	31
PC_12_4h	420	LT934125.1	104522	104522	-	104522	100.38145	100.38145	104522	104522	1	1
PC_12_4h	421	LT934125.1	104793	104793	-	104793	100.38145	100.38145	104793	104793	1	1
PC_12_4h	422	LT934125.1	105057	105057	-	105057	100.38145	100.38145	105057	105057	1	1
PC_12_4h	423	LT934125.1	105210	105210	-	105210	100.38145	100.38145	105210	105210	1	1
PC_12_4h	424	LT934125.1	106609	106609	-	106609	100.38145	100.38145	106609	106609	1	1
PC_12_4h	425	LT934125.1	106796	106796	-	106796	100.38145	100.38145	106796	106796	1	1
PC_12_4h	426	LT934125.1	107047	107072	-	107047	401.5258	100.38145	107047	107072	26	26
PC_12_4h	427	LT934125.1	107369	107378	-	107369	702.670147	602.288697	107369	107378	10	10
PC_12_4h	428	LT934125.1	107539	107560	-	107559	602.288698	401.525798	107539	107560	22	22
PC_12_4h	429	LT934125.1	108745	108755	-	108745	200.7629	100.38145	108745	108755	11	11
PC_12_4h	430	LT934125.1	111103	111107	-	111103	200.7629	100.38145	111103	111107	5	5
PC_12_4h	431	LT934125.1	115527	115532	-	115532	702.670147	301.144349	115527	115532	6	6
PC_12_4h	432	LT934125.1	115633	115638	-	115638	301.144349	200.762899	115633	115638	6	6
PC_12_4h	433	LT934125.1	116915	116915	-	116915	100.38145	100.38145	116915	116915	1	1
PC_12_4h	434	LT934125.1	118093	118093	-	118093	100.38145	100.38145	118093	118093	1	1
PC_12_4h	435	LT934125.1	118400	118400	-	118400	100.38145	100.38145	118400	118400	1	1
PC_12_4h	436	LT934125.1	118504	118504	-	118504	100.38145	100.38145	118504	118504	1	1
PC_12_4h	437	LT934125.1	118724	118726	-	118724	200.7629	100.38145	118724	118726	3	3
PC_12_4h	438	LT934125.1	119058	119058	-	119058	100.38145	100.38145	119058	119058	1	1
PC_12_4h	439	LT934125.1	119439	119439	-	119439	100.38145	100.38145	119439	119439	1	1
PC_12_4h	440	LT934125.1	119910	119910	-	119910	200.762899	200.762899	119910	119910	1	1
PC_12_4h	441	LT934125.1	120237	120241	-	120237	200.7629	100.38145	120237	120241	5	5
PC_12_4h	442	LT934125.1	120431	120431	-	120431	100.38145	100.38145	120431	120431	1	1
PC_12_4h	443	LT934125.1	121574	121574	-	121574	100.38145	100.38145	121574	121574	1	1
PC_12_4h	444	LT934125.1	122424	122424	-	122424	100.38145	100.38145	122424	122424	1	1
PC_12_4h	445	LT934125.1	123859	123888	-	123859	200.7629	100.38145	123859	123888	30	30
PC_12_4h	446	LT934125.1	127000	127038	-	127000	702.67015	100.38145	127000	127038	39	39
PC_12_4h	447	LT934125.1	127165	127248	-	127222	1003.814499	200.762899	127165	127248	84	84
PC_12_4h	448	LT934125.1	127396	127459	-	127441	803.051599	200.762899	127396	127459	64	64
PC_12_4h	449	LT934125.1	127498	127597	-	127563	1505.721749	200.762899	127503	127588	86	100
PC_12_4h	450	LT934125.1	127803	127827	-	127803	301.14435	100.38145	127803	127827	25	25
PC_12_4h	451	LT934125.1	128144	128144	-	128144	100.38145	100.38145	128144	128144	1	1
PC_12_4h	452	LT934125.1	128729	128738	-	128732	144047.380046	127384.059426	128731	128732	2	10
PC_12_4h	453	LT934125.1	130282	130284	-	130284	301.144349	200.762899	130282	130284	3	3
PC_12_4h	454	LT934125.1	131411	131411	-	131411	100.38145	100.38145	131411	131411	1	1
PC_12_4h	455	LT934125.1	134325	134325	-	134325	100.38145	100.38145	134325	134325	1	1
PC_12_4h	456	LT934125.1	135037	135056	-	135037	301.14435	100.38145	135037	135056	20	20
PC_12_4h	457	LT934125.1	135386	135408	-	135407	702.670148	401.525798	135386	135408	23	23
PC_12_4h	458	LT934125.1	135550	135550	-	135550	200.762899	200.762899	135550	135550	1	1
PC_12_4h	459	LT934125.1	135726	135726	-	135726	100.38145	100.38145	135726	135726	1	1
PC_12_4h	460	LT934125.1	135892	135892	-	135892	100.38145	100.38145	135892	135892	1	1
PC_12_4h	461	LT934125.1	136232	136236	-	136232	501.907249	200.762899	136232	136236	5	5
PC_12_4h	462	LT934125.1	136686	136686	-	136686	100.38145	100.38145	136686	136686	1	1
PC_12_4h	463	LT934125.1	136854	136854	-	136854	200.762899	200.762899	136854	136854	1	1
PC_12_4h	464	LT934125.1	137119	137119	-	137119	200.762899	200.762899	137119	137119	1	1
PC_12_4h	465	LT934125.1	137397	137397	-	137397	100.38145	100.38145	137397	137397	1	1
PC_12_4h	466	LT934125.1	137694	137724	-	137694	301.14435	100.38145	137694	137724	31	31
PC_12_4h	467	LT934125.1	138898	138898	-	138898	100.38145	100.38145	138898	138898	1	1
PC_12_4h	468	LT934125.1	141914	141914	-	141914	100.38145	100.38145	141914	141914	1	1
PC_12_6h	1	LT934125.1	641	641	+	641	26.651031	26.651031	641	641	1	1
PC_12_6h	2	LT934125.1	771	782	+	779	453.067533	399.765471	779	779	1	12
PC_12_6h	3	LT934125.1	959	994	+	990	2212.035604	1199.296413	986	990	5	36
PC_12_6h	4	LT934125.1	1122	1122	+	1122	26.651031	26.651031	1122	1122	1	1
PC_12_6h	5	LT934125.1	1290	1351	+	1337	6289.643407	2904.962422	1334	1339	6	62
PC_12_6h	6	LT934125.1	1590	1607	+	1600	4184.211929	3384.680987	1600	1603	4	18
PC_12_6h	7	LT934125.1	1934	1979	+	1934	133.255156	53.302063	1934	1979	46	46
PC_12_6h	8	LT934125.1	3218	3218	+	3218	26.651031	26.651031	3218	3218	1	1
PC_12_6h	9	LT934125.1	3434	3434	+	3434	26.651031	26.651031	3434	3434	1	1
PC_12_6h	10	LT934125.1	4483	4483	+	4483	26.651031	26.651031	4483	4483	1	1
PC_12_6h	11	LT934125.1	4825	4825	+	4825	26.651031	26.651031	4825	4825	1	1
PC_12_6h	12	LT934125.1	5504	5504	+	5504	26.651031	26.651031	5504	5504	1	1
PC_12_6h	13	LT934125.1	6030	6030	+	6030	26.651031	26.651031	6030	6030	1	1
PC_12_6h	14	LT934125.1	6663	6663	+	6663	26.651031	26.651031	6663	6663	1	1
PC_12_6h	15	LT934125.1	6813	6813	+	6813	26.651031	26.651031	6813	6813	1	1
PC_12_6h	16	LT934125.1	7184	7184	+	7184	26.651031	26.651031	7184	7184	1	1
PC_12_6h	17	LT934125.1	7564	7596	+	7588	3731.144395	2238.686637	7588	7592	5	33
PC_12_6h	18	LT934125.1	7810	7895	+	7811	426.416499	159.906188	7811	7867	57	86
PC_12_6h	19	LT934125.1	8055	8055	+	8055	53.302063	53.302063	8055	8055	1	1
PC_12_6h	20	LT934125.1	8346	8346	+	8346	26.651031	26.651031	8346	8346	1	1
PC_12_6h	21	LT934125.1	8526	8526	+	8526	26.651031	26.651031	8526	8526	1	1
PC_12_6h	22	LT934125.1	8792	8792	+	8792	26.651031	26.651031	8792	8792	1	1
PC_12_6h	23	LT934125.1	8902	8902	+	8902	53.302063	53.302063	8902	8902	1	1
PC_12_6h	24	LT934125.1	9107	9113	+	9113	3811.097489	2585.150045	9107	9113	7	7
PC_12_6h	25	LT934125.1	9267	9272	+	9270	14338.254891	10580.459464	9267	9270	4	6
PC_12_6h	26	LT934125.1	9548	9699	+	9644	5037.044931	1465.806727	9550	9648	99	152
PC_12_6h	27	LT934125.1	9852	9930	+	9919	186.557219	53.302063	9852	9930	79	79
PC_12_6h	28	LT934125.1	10431	10435	+	10431	319.812376	266.510314	10431	10433	3	5
PC_12_6h	29	LT934125.1	11321	11321	+	11321	26.651031	26.651031	11321	11321	1	1
PC_12_6h	30	LT934125.1	11791	11794	+	11794	346.463409	133.255157	11791	11794	4	4
PC_12_6h	31	LT934125.1	12127	12127	+	12127	26.651031	26.651031	12127	12127	1	1
PC_12_6h	32	LT934125.1	12262	12262	+	12262	26.651031	26.651031	12262	12262	1	1
PC_12_6h	33	LT934125.1	12425	12425	+	12425	26.651031	26.651031	12425	12425	1	1
PC_12_6h	34	LT934125.1	12744	12744	+	12744	26.651031	26.651031	12744	12744	1	1
PC_12_6h	35	LT934125.1	13104	13104	+	13104	26.651031	26.651031	13104	13104	1	1
PC_12_6h	36	LT934125.1	13539	13539	+	13539	26.651031	26.651031	13539	13539	1	1
PC_12_6h	37	LT934125.1	13697	13697	+	13697	26.651031	26.651031	13697	13697	1	1
PC_12_6h	38	LT934125.1	14042	14048	+	14048	12632.58888	11939.662065	14048	14048	1	7
PC_12_6h	39	LT934125.1	14648	14724	+	14670	186.557218	53.302063	14648	14724	77	77
PC_12_6h	40	LT934125.1	15039	15180	+	15039	346.463405	53.302063	15039	15180	142	142
PC_12_6h	41	LT934125.1	15429	15560	+	15483	293.161342	53.302063	15450	15553	104	132
PC_12_6h	42	LT934125.1	15591	15597	+	15597	79.953094	53.302063	15591	15597	7	7
PC_12_6h	43	LT934125.1	16093	16099	+	16093	79.953094	53.302063	16093	16099	7	7
PC_12_6h	44	LT934125.1	17333	17333	+	17333	26.651031	26.651031	17333	17333	1	1
PC_12_6h	45	LT934125.1	17644	17644	+	17644	26.651031	26.651031	17644	17644	1	1
PC_12_6h	46	LT934125.1	18587	18587	+	18587	26.651031	26.651031	18587	18587	1	1
PC_12_6h	47	LT934125.1	18870	18870	+	18870	53.302063	53.302063	18870	18870	1	1
PC_12_6h	48	LT934125.1	18987	18987	+	18987	26.651031	26.651031	18987	18987	1	1
PC_12_6h	49	LT934125.1	19175	19175	+	19175	26.651031	26.651031	19175	19175	1	1
PC_12_6h	50	LT934125.1	22683	22683	+	22683	26.651031	26.651031	22683	22683	1	1
PC_12_6h	51	LT934125.1	24389	24389	+	24389	26.651031	26.651031	24389	24389	1	1
PC_12_6h	52	LT934125.1	24824	24824	+	24824	26.651031	26.651031	24824	24824	1	1
PC_12_6h	53	LT934125.1	25157	25157	+	25157	79.953094	79.953094	25157	25157	1	1
PC_12_6h	54	LT934125.1	25419	25420	+	25420	213.208251	133.255157	25419	25420	2	2
PC_12_6h	55	LT934125.1	25993	25993	+	25993	53.302063	53.302063	25993	25993	1	1
PC_12_6h	56	LT934125.1	26094	26094	+	26094	26.651031	26.651031	26094	26094	1	1
PC_12_6h	57	LT934125.1	26292	26292	+	26292	53.302063	53.302063	26292	26292	1	1
PC_12_6h	58	LT934125.1	26897	26948	+	26930	159.906187	53.302063	26897	26948	52	52
PC_12_6h	59	LT934125.1	27170	27182	+	27170	53.302062	26.651031	27170	27182	13	13
PC_12_6h	60	LT934125.1	27524	27536	+	27524	53.302062	26.651031	27524	27536	13	13
PC_12_6h	61	LT934125.1	27775	27797	+	27775	53.302062	26.651031	27775	27797	23	23
PC_12_6h	62	LT934125.1	28370	28383	+	28370	53.302062	26.651031	28370	28383	14	14
PC_12_6h	63	LT934125.1	29142	29160	+	29142	79.953093	26.651031	29142	29160	19	19
PC_12_6h	64	LT934125.1	29460	29475	+	29460	53.302062	26.651031	29460	29475	16	16
PC_12_6h	65	LT934125.1	30010	30010	+	30010	26.651031	26.651031	30010	30010	1	1
PC_12_6h	66	LT934125.1	30110	30110	+	30110	26.651031	26.651031	30110	30110	1	1
PC_12_6h	67	LT934125.1	30209	30263	+	30240	479.718564	186.55722	30235	30240	6	55
PC_12_6h	68	LT934125.1	30401	30401	+	30401	26.651031	26.651031	30401	30401	1	1
PC_12_6h	69	LT934125.1	30659	30722	+	30659	159.906186	26.651031	30659	30722	64	64
PC_12_6h	70	LT934125.1	30932	30938	+	30932	159.906188	133.255157	30932	30938	7	7
PC_12_6h	71	LT934125.1	31089	31099	+	31098	11033.526997	7862.054261	31096	31098	3	11
PC_12_6h	72	LT934125.1	31474	31475	+	31474	106.604126	53.302063	31474	31475	2	2
PC_12_6h	73	LT934125.1	31573	31601	+	31583	159.906187	53.302063	31573	31601	29	29
PC_12_6h	74	LT934125.1	31847	31863	+	31847	106.604125	53.302063	31847	31863	17	17
PC_12_6h	75	LT934125.1	32005	32041	+	32036	37657.907361	17456.425564	32036	32038	3	37
PC_12_6h	76	LT934125.1	32137	32200	+	32200	293.161343	79.953094	32145	32200	56	64
PC_12_6h	77	LT934125.1	32984	32984	+	32984	26.651031	26.651031	32984	32984	1	1
PC_12_6h	78	LT934125.1	33084	33092	+	33084	53.302062	26.651031	33084	33092	9	9
PC_12_6h	79	LT934125.1	33357	33385	+	33357	79.953093	26.651031	33357	33385	29	29
PC_12_6h	80	LT934125.1	33573	33617	+	33573	159.906186	26.651031	33573	33617	45	45
PC_12_6h	81	LT934125.1	33890	33903	+	33890	53.302062	26.651031	33890	33903	14	14
PC_12_6h	82	LT934125.1	34879	34879	+	34879	26.651031	26.651031	34879	34879	1	1
PC_12_6h	83	LT934125.1	35251	35251	+	35251	26.651031	26.651031	35251	35251	1	1
PC_12_6h	84	LT934125.1	35403	35403	+	35403	26.651031	26.651031	35403	35403	1	1
PC_12_6h	85	LT934125.1	41397	41397	+	41397	26.651031	26.651031	41397	41397	1	1
PC_12_6h	86	LT934125.1	41706	41706	+	41706	26.651031	26.651031	41706	41706	1	1
PC_12_6h	87	LT934125.1	42099	42099	+	42099	26.651031	26.651031	42099	42099	1	1
PC_12_6h	88	LT934125.1	43582	43582	+	43582	26.651031	26.651031	43582	43582	1	1
PC_12_6h	89	LT934125.1	43881	43881	+	43881	26.651031	26.651031	43881	43881	1	1
PC_12_6h	90	LT934125.1	44064	44064	+	44064	26.651031	26.651031	44064	44064	1	1
PC_12_6h	91	LT934125.1	44685	44685	+	44685	26.651031	26.651031	44685	44685	1	1
PC_12_6h	92	LT934125.1	44779	44815	+	44812	12952.401257	10527.157401	44810	44812	3	37
PC_12_6h	93	LT934125.1	45110	45125	+	45125	79.953094	53.302063	45110	45125	16	16
PC_12_6h	94	LT934125.1	45415	45426	+	45415	79.953094	53.302063	45415	45426	12	12
PC_12_6h	95	LT934125.1	46023	46042	+	46024	612.973722	133.255157	46023	46029	7	20
PC_12_6h	96	LT934125.1	46233	46239	+	46234	346.463408	186.55722	46233	46235	3	7
PC_12_6h	97	LT934125.1	46357	46357	+	46357	26.651031	26.651031	46357	46357	1	1
PC_12_6h	98	LT934125.1	46489	46490	+	46489	79.953094	53.302063	46489	46490	2	2
PC_12_6h	99	LT934125.1	46781	46782	+	46782	106.604125	79.953094	46781	46782	2	2
PC_12_6h	100	LT934125.1	47008	47071	+	47008	159.906186	26.651031	47008	47071	64	64
PC_12_6h	101	LT934125.1	47315	47357	+	47317	826.181973	293.161345	47315	47328	14	43
PC_12_6h	102	LT934125.1	47539	47628	+	47568	239.859281	53.302063	47539	47628	90	90
PC_12_6h	103	LT934125.1	47699	47824	+	47699	346.463404	79.953094	47699	47813	115	126
PC_12_6h	104	LT934125.1	48115	48115	+	48115	53.302063	53.302063	48115	48115	1	1
PC_12_6h	105	LT934125.1	48347	48355	+	48347	79.953094	53.302063	48347	48355	9	9
PC_12_6h	106	LT934125.1	48527	48581	+	48567	13965.140449	9514.418208	48567	48570	4	55
PC_12_6h	107	LT934125.1	48758	49114	+	48931	1172.645371	213.208251	48794	49096	303	357
PC_12_6h	108	LT934125.1	49196	49246	+	49196	293.161345	106.604126	49196	49239	44	51
PC_12_6h	109	LT934125.1	49501	49507	+	49506	159.906188	79.953094	49501	49507	7	7
PC_12_6h	110	LT934125.1	49714	49714	+	49714	26.651031	26.651031	49714	49714	1	1
PC_12_6h	111	LT934125.1	50154	50164	+	50154	106.604125	79.953094	50154	50164	11	11
PC_12_6h	112	LT934125.1	50526	50526	+	50526	26.651031	26.651031	50526	50526	1	1
PC_12_6h	113	LT934125.1	50746	50746	+	50746	53.302063	53.302063	50746	50746	1	1
PC_12_6h	114	LT934125.1	51205	51238	+	51235	8208.517669	5889.877938	51235	51238	4	34
PC_12_6h	115	LT934125.1	51662	51698	+	51690	159.906187	53.302063	51662	51698	37	37
PC_12_6h	116	LT934125.1	52040	52052	+	52040	53.302062	26.651031	52040	52052	13	13
PC_12_6h	117	LT934125.1	52154	52201	+	52172	159.906187	53.302063	52154	52201	48	48
PC_12_6h	118	LT934125.1	52440	52484	+	52460	7542.241884	4210.86296	52444	52461	18	45
PC_12_6h	119	LT934125.1	53009	53009	+	53009	26.651031	26.651031	53009	53009	1	1
PC_12_6h	120	LT934125.1	53641	53652	+	53648	4797.18565	3944.352646	53648	53648	1	12
PC_12_6h	121	LT934125.1	53763	53763	+	53763	53.302063	53.302063	53763	53763	1	1
PC_12_6h	122	LT934125.1	53902	53908	+	53902	133.255156	79.953094	53902	53908	7	7
PC_12_6h	123	LT934125.1	54472	54561	+	54472	319.812373	79.953094	54472	54553	82	90
PC_12_6h	124	LT934125.1	54720	54757	+	54743	213.208249	79.953094	54720	54757	38	38
PC_12_6h	125	LT934125.1	54887	54975	+	54935	239.859281	53.302063	54887	54975	89	89
PC_12_6h	126	LT934125.1	55038	55046	+	55046	79.953094	53.302063	55038	55046	9	9
PC_12_6h	127	LT934125.1	55352	55358	+	55352	186.557219	159.906188	55352	55358	7	7
PC_12_6h	128	LT934125.1	55474	55478	+	55474	79.953094	53.302063	55474	55478	5	5
PC_12_6h	129	LT934125.1	55702	55740	+	55738	239.859281	79.953094	55702	55740	39	39
PC_12_6h	130	LT934125.1	57255	57255	+	57255	26.651031	26.651031	57255	57255	1	1
PC_12_6h	131	LT934125.1	57455	57455	+	57455	26.651031	26.651031	57455	57455	1	1
PC_12_6h	132	LT934125.1	57933	57933	+	57933	26.651031	26.651031	57933	57933	1	1
PC_12_6h	133	LT934125.1	58145	58145	+	58145	26.651031	26.651031	58145	58145	1	1
PC_12_6h	134	LT934125.1	58276	58276	+	58276	26.651031	26.651031	58276	58276	1	1
PC_12_6h	135	LT934125.1	58705	58705	+	58705	26.651031	26.651031	58705	58705	1	1
PC_12_6h	136	LT934125.1	59025	59100	+	59068	9541.069238	3864.399552	59044	59070	27	76
PC_12_6h	137	LT934125.1	59384	59471	+	59471	266.510311	53.302063	59395	59471	77	88
PC_12_6h	138	LT934125.1	59731	59829	+	59731	293.161343	79.953094	59731	59815	85	99
PC_12_6h	139	LT934125.1	60232	60258	+	60234	1519.108789	453.067534	60234	60239	6	27
PC_12_6h	140	LT934125.1	60594	60594	+	60594	26.651031	26.651031	60594	60594	1	1
PC_12_6h	141	LT934125.1	60764	60764	+	60764	26.651031	26.651031	60764	60764	1	1
PC_12_6h	142	LT934125.1	60970	61007	+	60970	133.255156	53.302063	60970	61007	38	38
PC_12_6h	143	LT934125.1	61076	61087	+	61076	159.906187	53.302063	61076	61087	12	12
PC_12_6h	144	LT934125.1	61341	61341	+	61341	26.651031	26.651031	61341	61341	1	1
PC_12_6h	145	LT934125.1	61530	61530	+	61530	26.651031	26.651031	61530	61530	1	1
PC_12_6h	146	LT934125.1	61681	61699	+	61687	133.255156	53.302063	61681	61699	19	19
PC_12_6h	147	LT934125.1	61813	61819	+	61814	133.255156	79.953094	61813	61819	7	7
PC_12_6h	148	LT934125.1	61948	61948	+	61948	26.651031	26.651031	61948	61948	1	1
PC_12_6h	149	LT934125.1	62152	62179	+	62152	159.906187	79.953094	62152	62179	28	28
PC_12_6h	150	LT934125.1	64954	64983	+	64954	53.302062	26.651031	64954	64983	30	30
PC_12_6h	151	LT934125.1	65805	65809	+	65805	293.161345	186.55722	65805	65809	5	5
PC_12_6h	152	LT934125.1	66335	66344	+	66338	2291.9887	1412.504664	66338	66341	4	10
PC_12_6h	153	LT934125.1	66563	66585	+	66563	53.302062	26.651031	66563	66585	23	23
PC_12_6h	154	LT934125.1	66749	66750	+	66749	53.302062	26.651031	66749	66750	2	2
PC_12_6h	155	LT934125.1	67278	67292	+	67278	53.302062	26.651031	67278	67292	15	15
PC_12_6h	156	LT934125.1	67446	67446	+	67446	26.651031	26.651031	67446	67446	1	1
PC_12_6h	157	LT934125.1	67550	67550	+	67550	26.651031	26.651031	67550	67550	1	1
PC_12_6h	158	LT934125.1	67961	67964	+	67961	79.953094	53.302063	67961	67964	4	4
PC_12_6h	159	LT934125.1	68366	68377	+	68366	79.953094	53.302063	68366	68377	12	12
PC_12_6h	160	LT934125.1	69235	69247	+	69244	852.833003	399.765471	69237	69245	9	13
PC_12_6h	161	LT934125.1	69764	69834	+	69765	879.484033	426.416502	69765	69821	57	71
PC_12_6h	162	LT934125.1	70057	70152	+	70090	959.437127	639.624753	70078	70122	45	96
PC_12_6h	163	LT934125.1	70311	70352	+	70311	239.859281	79.953094	70311	70352	42	42
PC_12_6h	164	LT934125.1	70525	70531	+	70531	34646.340814	19481.90395	70529	70531	3	7
PC_12_6h	165	LT934125.1	70994	71081	+	71081	239.85928	53.302063	70994	71081	88	88
PC_12_6h	166	LT934125.1	71224	71249	+	71224	106.604125	53.302063	71224	71249	26	26
PC_12_6h	167	LT934125.1	71767	71767	+	71767	26.651031	26.651031	71767	71767	1	1
PC_12_6h	168	LT934125.1	71941	71960	+	71941	53.302062	26.651031	71941	71960	20	20
PC_12_6h	169	LT934125.1	72649	72649	+	72649	26.651031	26.651031	72649	72649	1	1
PC_12_6h	170	LT934125.1	72759	72791	+	72759	666.275784	533.020628	72759	72763	5	33
PC_12_6h	171	LT934125.1	73131	73132	+	73131	53.302062	26.651031	73131	73132	2	2
PC_12_6h	172	LT934125.1	73673	73673	+	73673	26.651031	26.651031	73673	73673	1	1
PC_12_6h	173	LT934125.1	73962	73962	+	73962	26.651031	26.651031	73962	73962	1	1
PC_12_6h	174	LT934125.1	74113	74113	+	74113	26.651031	26.651031	74113	74113	1	1
PC_12_6h	175	LT934125.1	74377	74408	+	74402	11619.849688	5756.622781	74400	74403	4	32
PC_12_6h	176	LT934125.1	74514	74514	+	74514	26.651031	26.651031	74514	74514	1	1
PC_12_6h	177	LT934125.1	74777	74777	+	74777	26.651031	26.651031	74777	74777	1	1
PC_12_6h	178	LT934125.1	74968	74968	+	74968	53.302063	53.302063	74968	74968	1	1
PC_12_6h	179	LT934125.1	75154	75167	+	75154	79.953093	26.651031	75154	75167	14	14
PC_12_6h	180	LT934125.1	75262	75271	+	75262	133.255157	106.604126	75262	75271	10	10
PC_12_6h	181	LT934125.1	76266	76266	+	76266	26.651031	26.651031	76266	76266	1	1
PC_12_6h	182	LT934125.1	76677	76687	+	76683	799.530942	373.11444	76683	76685	3	11
PC_12_6h	183	LT934125.1	76990	76993	+	76990	266.510314	186.55722	76990	76992	3	4
PC_12_6h	184	LT934125.1	77537	77537	+	77537	26.651031	26.651031	77537	77537	1	1
PC_12_6h	185	LT934125.1	77750	77750	+	77750	26.651031	26.651031	77750	77750	1	1
PC_12_6h	186	LT934125.1	77888	77899	+	77888	53.302062	26.651031	77888	77899	12	12
PC_12_6h	187	LT934125.1	78035	78092	+	78044	852.833003	293.161345	78035	78062	28	58
PC_12_6h	188	LT934125.1	78254	78254	+	78254	26.651031	26.651031	78254	78254	1	1
PC_12_6h	189	LT934125.1	78436	78460	+	78436	53.302062	26.651031	78436	78460	25	25
PC_12_6h	190	LT934125.1	78601	78601	+	78601	26.651031	26.651031	78601	78601	1	1
PC_12_6h	191	LT934125.1	78790	78828	+	78828	213.20825	79.953094	78790	78828	39	39
PC_12_6h	192	LT934125.1	79010	79024	+	79010	106.604125	53.302063	79010	79024	15	15
PC_12_6h	193	LT934125.1	79248	79287	+	79260	133.255156	53.302063	79248	79287	40	40
PC_12_6h	194	LT934125.1	79437	79454	+	79444	8395.07489	6183.039284	79440	79445	6	18
PC_12_6h	195	LT934125.1	79702	79841	+	79781	373.114436	79.953094	79710	79815	106	140
PC_12_6h	196	LT934125.1	80693	80693	+	80693	26.651031	26.651031	80693	80693	1	1
PC_12_6h	197	LT934125.1	81082	81098	+	81082	159.906188	133.255157	81082	81098	17	17
PC_12_6h	198	LT934125.1	81436	81481	+	81436	79.953093	26.651031	81436	81481	46	46
PC_12_6h	199	LT934125.1	81739	81739	+	81739	26.651031	26.651031	81739	81739	1	1
PC_12_6h	200	LT934125.1	81885	81885	+	81885	26.651031	26.651031	81885	81885	1	1
PC_12_6h	201	LT934125.1	82471	82471	+	82471	26.651031	26.651031	82471	82471	1	1
PC_12_6h	202	LT934125.1	82734	82734	+	82734	26.651031	26.651031	82734	82734	1	1
PC_12_6h	203	LT934125.1	83131	83131	+	83131	26.651031	26.651031	83131	83131	1	1
PC_12_6h	204	LT934125.1	83424	83424	+	83424	26.651031	26.651031	83424	83424	1	1
PC_12_6h	205	LT934125.1	83634	83634	+	83634	26.651031	26.651031	83634	83634	1	1
PC_12_6h	206	LT934125.1	83792	83792	+	83792	26.651031	26.651031	83792	83792	1	1
PC_12_6h	207	LT934125.1	83975	83978	+	83978	266.510314	159.906188	83975	83978	4	4
PC_12_6h	208	LT934125.1	84143	84143	+	84143	26.651031	26.651031	84143	84143	1	1
PC_12_6h	209	LT934125.1	84587	84587	+	84587	26.651031	26.651031	84587	84587	1	1
PC_12_6h	210	LT934125.1	84930	84944	+	84930	53.302062	26.651031	84930	84944	15	15
PC_12_6h	211	LT934125.1	85110	85110	+	85110	26.651031	26.651031	85110	85110	1	1
PC_12_6h	212	LT934125.1	85470	85493	+	85470	53.302062	26.651031	85470	85493	24	24
PC_12_6h	213	LT934125.1	85676	85733	+	85710	133.255156	53.302063	85676	85733	58	58
PC_12_6h	214	LT934125.1	85996	86043	+	85996	133.255156	53.302063	85996	86043	48	48
PC_12_6h	215	LT934125.1	86275	86278	+	86275	53.302062	26.651031	86275	86278	4	4
PC_12_6h	216	LT934125.1	87049	87049	+	87049	26.651031	26.651031	87049	87049	1	1
PC_12_6h	217	LT934125.1	87344	87344	+	87344	26.651031	26.651031	87344	87344	1	1
PC_12_6h	218	LT934125.1	88162	88162	+	88162	26.651031	26.651031	88162	88162	1	1
PC_12_6h	219	LT934125.1	88556	88556	+	88556	26.651031	26.651031	88556	88556	1	1
PC_12_6h	220	LT934125.1	88883	88888	+	88883	159.906188	79.953094	88883	88888	6	6
PC_12_6h	221	LT934125.1	89014	89014	+	89014	26.651031	26.651031	89014	89014	1	1
PC_12_6h	222	LT934125.1	89229	89229	+	89229	26.651031	26.651031	89229	89229	1	1
PC_12_6h	223	LT934125.1	89758	89763	+	89758	53.302062	26.651031	89758	89763	6	6
PC_12_6h	224	LT934125.1	89856	89924	+	89883	266.510311	79.953094	89879	89911	33	69
PC_12_6h	225	LT934125.1	90007	90007	+	90007	53.302063	53.302063	90007	90007	1	1
PC_12_6h	226	LT934125.1	90249	90249	+	90249	26.651031	26.651031	90249	90249	1	1
PC_12_6h	227	LT934125.1	90381	90389	+	90381	106.604125	79.953094	90381	90389	9	9
PC_12_6h	228	LT934125.1	90699	90732	+	90710	133.255157	53.302063	90699	90732	34	34
PC_12_6h	229	LT934125.1	90986	90986	+	90986	26.651031	26.651031	90986	90986	1	1
PC_12_6h	230	LT934125.1	91143	91154	+	91143	79.953094	53.302063	91143	91154	12	12
PC_12_6h	231	LT934125.1	91409	91415	+	91409	1625.712914	746.228879	91409	91412	4	7
PC_12_6h	232	LT934125.1	91509	91550	+	91548	639.624752	373.11444	91543	91549	7	42
PC_12_6h	233	LT934125.1	91734	91739	+	91734	53.302062	26.651031	91734	91739	6	6
PC_12_6h	234	LT934125.1	91915	91915	+	91915	26.651031	26.651031	91915	91915	1	1
PC_12_6h	235	LT934125.1	92239	92239	+	92239	26.651031	26.651031	92239	92239	1	1
PC_12_6h	236	LT934125.1	92451	92456	+	92451	106.604124	26.651031	92451	92456	6	6
PC_12_6h	237	LT934125.1	93323	93323	+	93323	26.651031	26.651031	93323	93323	1	1
PC_12_6h	238	LT934125.1	94371	94371	+	94371	26.651031	26.651031	94371	94371	1	1
PC_12_6h	239	LT934125.1	95749	95750	+	95749	53.302062	26.651031	95749	95750	2	2
PC_12_6h	240	LT934125.1	96885	96885	+	96885	26.651031	26.651031	96885	96885	1	1
PC_12_6h	241	LT934125.1	97603	97603	+	97603	26.651031	26.651031	97603	97603	1	1
PC_12_6h	242	LT934125.1	98034	98034	+	98034	26.651031	26.651031	98034	98034	1	1
PC_12_6h	243	LT934125.1	99831	99831	+	99831	26.651031	26.651031	99831	99831	1	1
PC_12_6h	244	LT934125.1	100111	100111	+	100111	26.651031	26.651031	100111	100111	1	1
PC_12_6h	245	LT934125.1	100385	100385	+	100385	26.651031	26.651031	100385	100385	1	1
PC_12_6h	246	LT934125.1	100936	100936	+	100936	26.651031	26.651031	100936	100936	1	1
PC_12_6h	247	LT934125.1	101290	101290	+	101290	53.302063	53.302063	101290	101290	1	1
PC_12_6h	248	LT934125.1	101472	101472	+	101472	26.651031	26.651031	101472	101472	1	1
PC_12_6h	249	LT934125.1	101603	101603	+	101603	26.651031	26.651031	101603	101603	1	1
PC_12_6h	250	LT934125.1	101732	101732	+	101732	26.651031	26.651031	101732	101732	1	1
PC_12_6h	251	LT934125.1	102062	102062	+	102062	26.651031	26.651031	102062	102062	1	1
PC_12_6h	252	LT934125.1	102711	102724	+	102711	53.302062	26.651031	102711	102724	14	14
PC_12_6h	253	LT934125.1	102860	102860	+	102860	26.651031	26.651031	102860	102860	1	1
PC_12_6h	254	LT934125.1	103721	103721	+	103721	26.651031	26.651031	103721	103721	1	1
PC_12_6h	255	LT934125.1	104102	104102	+	104102	26.651031	26.651031	104102	104102	1	1
PC_12_6h	256	LT934125.1	104463	104463	+	104463	26.651031	26.651031	104463	104463	1	1
PC_12_6h	257	LT934125.1	104703	104733	+	104703	79.953093	26.651031	104703	104733	31	31
PC_12_6h	258	LT934125.1	105142	105142	+	105142	26.651031	26.651031	105142	105142	1	1
PC_12_6h	259	LT934125.1	105410	105410	+	105410	53.302063	53.302063	105410	105410	1	1
PC_12_6h	260	LT934125.1	105533	105533	+	105533	26.651031	26.651031	105533	105533	1	1
PC_12_6h	261	LT934125.1	106190	106190	+	106190	26.651031	26.651031	106190	106190	1	1
PC_12_6h	262	LT934125.1	106365	106365	+	106365	53.302063	53.302063	106365	106365	1	1
PC_12_6h	263	LT934125.1	106593	106596	+	106594	106.604125	53.302063	106593	106596	4	4
PC_12_6h	264	LT934125.1	106764	106764	+	106764	26.651031	26.651031	106764	106764	1	1
PC_12_6h	265	LT934125.1	107028	107037	+	107028	106.604124	26.651031	107028	107037	10	10
PC_12_6h	266	LT934125.1	107171	107171	+	107171	53.302063	53.302063	107171	107171	1	1
PC_12_6h	267	LT934125.1	107368	107505	+	107483	1465.806723	239.859283	107401	107485	85	138
PC_12_6h	268	LT934125.1	107614	107614	+	107614	106.604126	106.604126	107614	107614	1	1
PC_12_6h	269	LT934125.1	107939	107939	+	107939	26.651031	26.651031	107939	107939	1	1
PC_12_6h	270	LT934125.1	108035	108051	+	108051	79.953094	53.302063	108035	108051	17	17
PC_12_6h	271	LT934125.1	108155	108167	+	108155	106.604126	53.302063	108155	108167	13	13
PC_12_6h	272	LT934125.1	108252	108329	+	108310	346.463406	133.255157	108272	108329	58	78
PC_12_6h	273	LT934125.1	108559	108559	+	108559	26.651031	26.651031	108559	108559	1	1
PC_12_6h	274	LT934125.1	108672	108701	+	108672	79.953093	26.651031	108672	108701	30	30
PC_12_6h	275	LT934125.1	109351	109351	+	109351	26.651031	26.651031	109351	109351	1	1
PC_12_6h	276	LT934125.1	109496	109496	+	109496	26.651031	26.651031	109496	109496	1	1
PC_12_6h	277	LT934125.1	110525	110525	+	110525	26.651031	26.651031	110525	110525	1	1
PC_12_6h	278	LT934125.1	111785	111785	+	111785	26.651031	26.651031	111785	111785	1	1
PC_12_6h	279	LT934125.1	112884	112913	+	112884	186.557219	79.953094	112884	112913	30	30
PC_12_6h	280	LT934125.1	113159	113159	+	113159	26.651031	26.651031	113159	113159	1	1
PC_12_6h	281	LT934125.1	113411	113433	+	113411	53.302062	26.651031	113411	113433	23	23
PC_12_6h	282	LT934125.1	113555	113555	+	113555	26.651031	26.651031	113555	113555	1	1
PC_12_6h	283	LT934125.1	114979	114988	+	114985	118010.767017	102126.752305	114985	114986	2	10
PC_12_6h	284	LT934125.1	115238	115244	+	115238	53.302062	26.651031	115238	115244	7	7
PC_12_6h	285	LT934125.1	115536	115573	+	115536	159.906188	53.302063	115536	115573	38	38
PC_12_6h	286	LT934125.1	115815	115838	+	115815	266.510313	213.208251	115815	115817	3	24
PC_12_6h	287	LT934125.1	116106	116203	+	116137	1092.692283	186.55722	116110	116198	89	98
PC_12_6h	288	LT934125.1	116261	116791	+	116283	3278.076845	133.255157	116321	116715	395	531
PC_12_6h	289	LT934125.1	117441	117452	+	117441	53.302062	26.651031	117441	117452	12	12
PC_12_6h	290	LT934125.1	117603	117608	+	117607	239.859282	106.604126	117603	117608	6	6
PC_12_6h	291	LT934125.1	117769	117801	+	117769	666.275783	346.463408	117769	117796	28	33
PC_12_6h	292	LT934125.1	118086	118086	+	118086	26.651031	26.651031	118086	118086	1	1
PC_12_6h	293	LT934125.1	118198	118249	+	118209	319.812374	106.604126	118201	118246	46	52
PC_12_6h	294	LT934125.1	118366	118381	+	118381	79.953094	53.302063	118366	118381	16	16
PC_12_6h	295	LT934125.1	118499	118506	+	118506	79.953094	53.302063	118499	118506	8	8
PC_12_6h	296	LT934125.1	118730	118730	+	118730	26.651031	26.651031	118730	118730	1	1
PC_12_6h	297	LT934125.1	118841	118866	+	118864	57566.227812	30888.545387	118860	118866	7	26
PC_12_6h	298	LT934125.1	119185	119187	+	119187	79.953094	53.302063	119185	119187	3	3
PC_12_6h	299	LT934125.1	119304	119304	+	119304	53.302063	53.302063	119304	119304	1	1
PC_12_6h	300	LT934125.1	119421	119436	+	119436	159.906188	79.953094	119421	119436	16	16
PC_12_6h	301	LT934125.1	119554	119646	+	119567	506.369595	133.255157	119563	119643	81	93
PC_12_6h	302	LT934125.1	119740	119829	+	119826	293.161342	79.953094	119761	119826	66	90
PC_12_6h	303	LT934125.1	119941	119982	+	119941	373.114438	186.55722	119941	119978	38	42
PC_12_6h	304	LT934125.1	120081	120164	+	120090	346.463405	79.953094	120083	120141	59	84
PC_12_6h	305	LT934125.1	120246	120262	+	120246	133.255156	53.302063	120246	120262	17	17
PC_12_6h	306	LT934125.1	120312	120376	+	120350	133.255156	53.302063	120312	120376	65	65
PC_12_6h	307	LT934125.1	120555	120558	+	120555	1945.525292	1465.806727	120555	120557	3	4
PC_12_6h	308	LT934125.1	120933	120971	+	120937	346.463407	106.604126	120933	120966	34	39
PC_12_6h	309	LT934125.1	121204	121307	+	121210	266.510311	53.302063	121208	121303	96	104
PC_12_6h	310	LT934125.1	121504	121504	+	121504	26.651031	26.651031	121504	121504	1	1
PC_12_6h	311	LT934125.1	121777	121787	+	121784	15617.504397	12046.266191	121784	121786	3	11
PC_12_6h	312	LT934125.1	121925	122048	+	121925	319.812376	79.953094	121925	122048	124	124
PC_12_6h	313	LT934125.1	122354	122404	+	122402	159.906187	53.302063	122354	122404	51	51
PC_12_6h	314	LT934125.1	122665	122702	+	122689	133.255156	53.302063	122665	122702	38	38
PC_12_6h	315	LT934125.1	122978	122988	+	122979	4717.232557	3038.217579	122979	122981	3	11
PC_12_6h	316	LT934125.1	123186	123186	+	123186	26.651031	26.651031	123186	123186	1	1
PC_12_6h	317	LT934125.1	123755	123827	+	123824	186.557218	53.302063	123755	123827	73	73
PC_12_6h	318	LT934125.1	124177	124180	+	124177	53.302062	26.651031	124177	124180	4	4
PC_12_6h	319	LT934125.1	124379	124502	+	124385	586.322687	186.55722	124381	124487	107	124
PC_12_6h	320	LT934125.1	124538	124584	+	124563	533.020625	133.255157	124538	124571	34	47
PC_12_6h	321	LT934125.1	124736	124790	+	124756	4850.487712	3864.399552	124756	124757	2	55
PC_12_6h	322	LT934125.1	125003	125107	+	125058	293.161342	79.953094	125012	125098	87	105
PC_12_6h	323	LT934125.1	125217	125229	+	125225	17909.493098	10713.714621	125223	125225	3	13
PC_12_6h	324	LT934125.1	125343	125373	+	125373	266.510313	213.208251	125371	125373	3	31
PC_12_6h	325	LT934125.1	125609	125641	+	125638	133.255156	79.953094	125609	125641	33	33
PC_12_6h	326	LT934125.1	125905	125938	+	125926	186.557218	79.953094	125905	125938	34	34
PC_12_6h	327	LT934125.1	126469	126469	+	126469	26.651031	26.651031	126469	126469	1	1
PC_12_6h	328	LT934125.1	126815	126815	+	126815	26.651031	26.651031	126815	126815	1	1
PC_12_6h	329	LT934125.1	127138	127138	+	127138	26.651031	26.651031	127138	127138	1	1
PC_12_6h	330	LT934125.1	127568	127568	+	127568	26.651031	26.651031	127568	127568	1	1
PC_12_6h	331	LT934125.1	128014	128093	+	128018	559.671654	53.302063	128018	128083	66	80
PC_12_6h	332	LT934125.1	128184	128221	+	128185	692.926816	266.510314	128185	128199	15	38
PC_12_6h	333	LT934125.1	129963	129963	+	129963	26.651031	26.651031	129963	129963	1	1
PC_12_6h	334	LT934125.1	131573	131573	+	131573	26.651031	26.651031	131573	131573	1	1
PC_12_6h	335	LT934125.1	132357	132357	+	132357	26.651031	26.651031	132357	132357	1	1
PC_12_6h	336	LT934125.1	132614	132614	+	132614	133.255157	133.255157	132614	132614	1	1
PC_12_6h	337	LT934125.1	133072	133072	+	133072	26.651031	26.651031	133072	133072	1	1
PC_12_6h	338	LT934125.1	133971	133981	+	133971	53.302062	26.651031	133971	133981	11	11
PC_12_6h	339	LT934125.1	134950	134990	+	134950	79.953093	26.651031	134950	134990	41	41
PC_12_6h	340	LT934125.1	135800	135800	+	135800	26.651031	26.651031	135800	135800	1	1
PC_12_6h	341	LT934125.1	136157	136201	+	136158	826.181973	586.322691	136158	136174	17	45
PC_12_6h	342	LT934125.1	136339	136351	+	136348	533.020628	373.11444	136345	136351	7	13
PC_12_6h	343	LT934125.1	136664	136673	+	136664	319.812376	106.604126	136664	136671	8	10
PC_12_6h	344	LT934125.1	136862	136862	+	136862	26.651031	26.651031	136862	136862	1	1
PC_12_6h	345	LT934125.1	136983	136983	+	136983	26.651031	26.651031	136983	136983	1	1
PC_12_6h	346	LT934125.1	137368	137392	+	137368	53.302062	26.651031	137368	137392	25	25
PC_12_6h	347	LT934125.1	137875	137875	+	137875	26.651031	26.651031	137875	137875	1	1
PC_12_6h	348	LT934125.1	138326	138326	+	138326	26.651031	26.651031	138326	138326	1	1
PC_12_6h	349	LT934125.1	138673	138673	+	138673	26.651031	26.651031	138673	138673	1	1
PC_12_6h	350	LT934125.1	138870	138870	+	138870	26.651031	26.651031	138870	138870	1	1
PC_12_6h	351	LT934125.1	139003	139003	+	139003	26.651031	26.651031	139003	139003	1	1
PC_12_6h	352	LT934125.1	139165	139165	+	139165	26.651031	26.651031	139165	139165	1	1
PC_12_6h	353	LT934125.1	139476	139500	+	139476	133.255156	79.953094	139476	139500	25	25
PC_12_6h	354	LT934125.1	139816	139816	+	139816	26.651031	26.651031	139816	139816	1	1
PC_12_6h	355	LT934125.1	139982	139982	+	139982	133.255157	133.255157	139982	139982	1	1
PC_12_6h	356	LT934125.1	140272	140280	+	140272	53.302062	26.651031	140272	140280	9	9
PC_12_6h	357	LT934125.1	140434	140434	+	140434	26.651031	26.651031	140434	140434	1	1
PC_12_6h	358	LT934125.1	140653	140665	+	140653	106.604125	53.302063	140653	140665	13	13
PC_12_6h	359	LT934125.1	140933	140933	+	140933	26.651031	26.651031	140933	140933	1	1
PC_12_6h	360	LT934125.1	141043	141080	+	141065	239.859281	106.604126	141043	141080	38	38
PC_12_6h	361	LT934125.1	141215	141215	+	141215	79.953094	79.953094	141215	141215	1	1
PC_12_6h	362	LT934125.1	1743	1743	-	1743	26.651031	26.651031	1743	1743	1	1
PC_12_6h	363	LT934125.1	1924	1924	-	1924	26.651031	26.651031	1924	1924	1	1
PC_12_6h	364	LT934125.1	2870	2870	-	2870	53.302063	53.302063	2870	2870	1	1
PC_12_6h	365	LT934125.1	3105	3139	-	3105	159.906187	53.302063	3105	3139	35	35
PC_12_6h	366	LT934125.1	3184	3389	-	3351	612.973718	106.604126	3217	3369	153	206
PC_12_6h	367	LT934125.1	3589	3589	-	3589	26.651031	26.651031	3589	3589	1	1
PC_12_6h	368	LT934125.1	3876	3912	-	3908	1492.457757	426.416502	3880	3912	33	37
PC_12_6h	369	LT934125.1	4180	4180	-	4180	53.302063	53.302063	4180	4180	1	1
PC_12_6h	370	LT934125.1	4424	4424	-	4424	26.651031	26.651031	4424	4424	1	1
PC_12_6h	371	LT934125.1	4556	4573	-	4573	79.953094	53.302063	4556	4573	18	18
PC_12_6h	372	LT934125.1	4897	4925	-	4925	213.20825	159.906188	4897	4925	29	29
PC_12_6h	373	LT934125.1	5066	5093	-	5066	79.953094	53.302063	5066	5093	28	28
PC_12_6h	374	LT934125.1	5271	5271	-	5271	26.651031	26.651031	5271	5271	1	1
PC_12_6h	375	LT934125.1	6533	6533	-	6533	26.651031	26.651031	6533	6533	1	1
PC_12_6h	376	LT934125.1	7758	7758	-	7758	53.302063	53.302063	7758	7758	1	1
PC_12_6h	377	LT934125.1	8782	8782	-	8782	26.651031	26.651031	8782	8782	1	1
PC_12_6h	378	LT934125.1	8997	8997	-	8997	319.812377	319.812377	8997	8997	1	1
PC_12_6h	379	LT934125.1	9196	9217	-	9214	213.208251	106.604126	9196	9217	22	22
PC_12_6h	380	LT934125.1	9466	9533	-	9494	4157.560894	3011.566548	9494	9499	6	68
PC_12_6h	381	LT934125.1	9754	9754	-	9754	79.953094	79.953094	9754	9754	1	1
PC_12_6h	382	LT934125.1	9883	9893	-	9885	186.557219	79.953094	9883	9893	11	11
PC_12_6h	383	LT934125.1	10268	10268	-	10268	26.651031	26.651031	10268	10268	1	1
PC_12_6h	384	LT934125.1	12372	12372	-	12372	26.651031	26.651031	12372	12372	1	1
PC_12_6h	385	LT934125.1	14295	14295	-	14295	26.651031	26.651031	14295	14295	1	1
PC_12_6h	386	LT934125.1	15458	15465	-	15465	79.953094	53.302063	15458	15465	8	8
PC_12_6h	387	LT934125.1	16164	16164	-	16164	26.651031	26.651031	16164	16164	1	1
PC_12_6h	388	LT934125.1	16745	16882	-	16745	319.812374	53.302063	16745	16860	116	138
PC_12_6h	389	LT934125.1	16949	16974	-	16952	133.255156	53.302063	16949	16974	26	26
PC_12_6h	390	LT934125.1	17123	17222	-	17198	426.4165	79.953094	17132	17222	91	100
PC_12_6h	391	LT934125.1	17300	17389	-	17341	799.53094	479.718565	17341	17363	23	90
PC_12_6h	392	LT934125.1	17665	17817	-	17766	506.369591	79.953094	17666	17813	148	153
PC_12_6h	393	LT934125.1	18051	18107	-	18067	186.557218	53.302063	18051	18107	57	57
PC_12_6h	394	LT934125.1	18182	18231	-	18231	159.906187	53.302063	18182	18231	50	50
PC_12_6h	395	LT934125.1	18525	18565	-	18525	79.953093	26.651031	18525	18565	41	41
PC_12_6h	396	LT934125.1	18865	18898	-	18865	79.953093	26.651031	18865	18898	34	34
PC_12_6h	397	LT934125.1	19267	19267	-	19267	26.651031	26.651031	19267	19267	1	1
PC_12_6h	398	LT934125.1	19468	19516	-	19473	6476.200628	3118.170673	19470	19473	4	49
PC_12_6h	399	LT934125.1	19624	19624	-	19624	26.651031	26.651031	19624	19624	1	1
PC_12_6h	400	LT934125.1	19894	19954	-	19894	106.604124	26.651031	19894	19954	61	61
PC_12_6h	401	LT934125.1	20795	20795	-	20795	26.651031	26.651031	20795	20795	1	1
PC_12_6h	402	LT934125.1	21480	21480	-	21480	26.651031	26.651031	21480	21480	1	1
PC_12_6h	403	LT934125.1	21674	21699	-	21674	106.604125	53.302063	21674	21699	26	26
PC_12_6h	404	LT934125.1	21919	21985	-	21941	1225.947441	426.416502	21939	21964	26	67
PC_12_6h	405	LT934125.1	22213	22219	-	22219	106.604125	79.953094	22213	22219	7	7
PC_12_6h	406	LT934125.1	22456	22463	-	22458	266.510313	159.906188	22457	22463	7	8
PC_12_6h	407	LT934125.1	22601	22661	-	22661	159.906187	53.302063	22601	22661	61	61
PC_12_6h	408	LT934125.1	22786	22787	-	22787	79.953094	53.302063	22786	22787	2	2
PC_12_6h	409	LT934125.1	22898	22898	-	22898	53.302063	53.302063	22898	22898	1	1
PC_12_6h	410	LT934125.1	23013	23013	-	23013	79.953094	79.953094	23013	23013	1	1
PC_12_6h	411	LT934125.1	23327	23327	-	23327	26.651031	26.651031	23327	23327	1	1
PC_12_6h	412	LT934125.1	23741	23741	-	23741	26.651031	26.651031	23741	23741	1	1
PC_12_6h	413	LT934125.1	23936	23936	-	23936	53.302063	53.302063	23936	23936	1	1
PC_12_6h	414	LT934125.1	24172	24172	-	24172	26.651031	26.651031	24172	24172	1	1
PC_12_6h	415	LT934125.1	24427	24427	-	24427	26.651031	26.651031	24427	24427	1	1
PC_12_6h	416	LT934125.1	24722	24722	-	24722	26.651031	26.651031	24722	24722	1	1
PC_12_6h	417	LT934125.1	25298	25313	-	25313	293.161344	133.255157	25301	25313	13	16
PC_12_6h	418	LT934125.1	25601	25602	-	25601	53.302062	26.651031	25601	25602	2	2
PC_12_6h	419	LT934125.1	25961	25961	-	25961	26.651031	26.651031	25961	25961	1	1
PC_12_6h	420	LT934125.1	26238	26240	-	26238	53.302062	26.651031	26238	26240	3	3
PC_12_6h	421	LT934125.1	26404	26404	-	26404	26.651031	26.651031	26404	26404	1	1
PC_12_6h	422	LT934125.1	26657	26657	-	26657	26.651031	26.651031	26657	26657	1	1
PC_12_6h	423	LT934125.1	27377	27377	-	27377	26.651031	26.651031	27377	27377	1	1
PC_12_6h	424	LT934125.1	28538	28551	-	28538	79.953093	26.651031	28538	28551	14	14
PC_12_6h	425	LT934125.1	28756	28840	-	28783	293.161343	53.302063	28783	28825	43	85
PC_12_6h	426	LT934125.1	29034	29046	-	29046	79.953094	53.302063	29034	29046	13	13
PC_12_6h	427	LT934125.1	29263	29306	-	29288	186.557219	106.604126	29263	29306	44	44
PC_12_6h	428	LT934125.1	29406	29417	-	29411	15457.598208	6209.690315	29409	29414	6	12
PC_12_6h	429	LT934125.1	29818	29828	-	29828	106.604125	53.302063	29818	29828	11	11
PC_12_6h	430	LT934125.1	30306	30306	-	30306	26.651031	26.651031	30306	30306	1	1
PC_12_6h	431	LT934125.1	30812	30909	-	30877	639.624751	373.11444	30823	30878	56	98
PC_12_6h	432	LT934125.1	31038	31043	-	31043	79.953094	53.302063	31038	31043	6	6
PC_12_6h	433	LT934125.1	31145	31145	-	31145	26.651031	26.651031	31145	31145	1	1
PC_12_6h	434	LT934125.1	31504	31505	-	31504	53.302062	26.651031	31504	31505	2	2
PC_12_6h	435	LT934125.1	31825	31825	-	31825	26.651031	26.651031	31825	31825	1	1
PC_12_6h	436	LT934125.1	32336	32370	-	32336	106.604124	26.651031	32336	32370	35	35
PC_12_6h	437	LT934125.1	32836	32842	-	32842	319.812377	266.510314	32836	32842	7	7
PC_12_6h	438	LT934125.1	33065	33106	-	33065	79.953093	26.651031	33065	33106	42	42
PC_12_6h	439	LT934125.1	33242	33242	-	33242	79.953094	79.953094	33242	33242	1	1
PC_12_6h	440	LT934125.1	33335	33365	-	33365	159.906187	53.302063	33335	33365	31	31
PC_12_6h	441	LT934125.1	33797	33818	-	33797	79.953093	26.651031	33797	33818	22	22
PC_12_6h	442	LT934125.1	33947	33980	-	33947	79.953093	26.651031	33947	33980	34	34
PC_12_6h	443	LT934125.1	34069	34126	-	34091	159.906187	79.953094	34069	34126	58	58
PC_12_6h	444	LT934125.1	34436	34494	-	34478	1359.202598	559.671659	34467	34478	12	59
PC_12_6h	445	LT934125.1	34594	34594	-	34594	26.651031	26.651031	34594	34594	1	1
PC_12_6h	446	LT934125.1	34955	34976	-	34955	53.302062	26.651031	34955	34976	22	22
PC_12_6h	447	LT934125.1	35221	35225	-	35221	53.302062	26.651031	35221	35225	5	5
PC_12_6h	448	LT934125.1	35605	35605	-	35605	26.651031	26.651031	35605	35605	1	1
PC_12_6h	449	LT934125.1	35744	35744	-	35744	26.651031	26.651031	35744	35744	1	1
PC_12_6h	450	LT934125.1	35916	35916	-	35916	26.651031	26.651031	35916	35916	1	1
PC_12_6h	451	LT934125.1	36224	36224	-	36224	26.651031	26.651031	36224	36224	1	1
PC_12_6h	452	LT934125.1	36380	36380	-	36380	26.651031	26.651031	36380	36380	1	1
PC_12_6h	453	LT934125.1	37198	37198	-	37198	26.651031	26.651031	37198	37198	1	1
PC_12_6h	454	LT934125.1	41995	41995	-	41995	133.255157	133.255157	41995	41995	1	1
PC_12_6h	455	LT934125.1	42396	42396	-	42396	26.651031	26.651031	42396	42396	1	1
PC_12_6h	456	LT934125.1	42621	42657	-	42621	133.255155	26.651031	42621	42657	37	37
PC_12_6h	457	LT934125.1	42830	42858	-	42830	53.302062	26.651031	42830	42858	29	29
PC_12_6h	458	LT934125.1	43011	43011	-	43011	26.651031	26.651031	43011	43011	1	1
PC_12_6h	459	LT934125.1	43260	43260	-	43260	26.651031	26.651031	43260	43260	1	1
PC_12_6h	460	LT934125.1	43849	43849	-	43849	26.651031	26.651031	43849	43849	1	1
PC_12_6h	461	LT934125.1	44351	44351	-	44351	26.651031	26.651031	44351	44351	1	1
PC_12_6h	462	LT934125.1	44756	44756	-	44756	26.651031	26.651031	44756	44756	1	1
PC_12_6h	463	LT934125.1	44886	44893	-	44889	1145.99435	533.020628	44889	44893	5	8
PC_12_6h	464	LT934125.1	45016	45016	-	45016	26.651031	26.651031	45016	45016	1	1
PC_12_6h	465	LT934125.1	45913	45913	-	45913	26.651031	26.651031	45913	45913	1	1
PC_12_6h	466	LT934125.1	46101	46101	-	46101	26.651031	26.651031	46101	46101	1	1
PC_12_6h	467	LT934125.1	48442	48442	-	48442	26.651031	26.651031	48442	48442	1	1
PC_12_6h	468	LT934125.1	49616	49616	-	49616	26.651031	26.651031	49616	49616	1	1
PC_12_6h	469	LT934125.1	50174	50174	-	50174	26.651031	26.651031	50174	50174	1	1
PC_12_6h	470	LT934125.1	50364	50370	-	50370	79.953094	53.302063	50364	50370	7	7
PC_12_6h	471	LT934125.1	50569	50668	-	50641	719.577845	186.55722	50592	50655	64	100
PC_12_6h	472	LT934125.1	51144	51147	-	51147	3864.399553	3491.285113	51147	51147	1	4
PC_12_6h	473	LT934125.1	51266	51266	-	51266	26.651031	26.651031	51266	51266	1	1
PC_12_6h	474	LT934125.1	51505	51505	-	51505	53.302063	53.302063	51505	51505	1	1
PC_12_6h	475	LT934125.1	51809	51809	-	51809	26.651031	26.651031	51809	51809	1	1
PC_12_6h	476	LT934125.1	51944	51944	-	51944	26.651031	26.651031	51944	51944	1	1
PC_12_6h	477	LT934125.1	52115	52115	-	52115	26.651031	26.651031	52115	52115	1	1
PC_12_6h	478	LT934125.1	52378	52378	-	52378	26.651031	26.651031	52378	52378	1	1
PC_12_6h	479	LT934125.1	52674	52674	-	52674	26.651031	26.651031	52674	52674	1	1
PC_12_6h	480	LT934125.1	52823	52823	-	52823	26.651031	26.651031	52823	52823	1	1
PC_12_6h	481	LT934125.1	52994	53024	-	52998	106.604125	53.302063	52994	53024	31	31
PC_12_6h	482	LT934125.1	53186	53186	-	53186	26.651031	26.651031	53186	53186	1	1
PC_12_6h	483	LT934125.1	53551	53552	-	53551	53.302062	26.651031	53551	53552	2	2
PC_12_6h	484	LT934125.1	53862	53873	-	53862	53.302062	26.651031	53862	53873	12	12
PC_12_6h	485	LT934125.1	54101	54127	-	54101	53.302062	26.651031	54101	54127	27	27
PC_12_6h	486	LT934125.1	54613	54613	-	54613	26.651031	26.651031	54613	54613	1	1
PC_12_6h	487	LT934125.1	54855	54855	-	54855	26.651031	26.651031	54855	54855	1	1
PC_12_6h	488	LT934125.1	55148	55148	-	55148	26.651031	26.651031	55148	55148	1	1
PC_12_6h	489	LT934125.1	55372	55496	-	55378	533.020626	106.604126	55378	55457	80	125
PC_12_6h	490	LT934125.1	55574	55685	-	55679	479.718562	106.604126	55595	55679	85	112
PC_12_6h	491	LT934125.1	55868	56045	-	55967	533.020622	79.953094	55877	56010	134	178
PC_12_6h	492	LT934125.1	56185	56263	-	56188	26730.984489	16390.384308	56187	56190	4	79
PC_12_6h	493	LT934125.1	56304	56327	-	56327	79.953094	53.302063	56304	56327	24	24
PC_12_6h	494	LT934125.1	56410	56471	-	56436	186.557218	79.953094	56410	56471	62	62
PC_12_6h	495	LT934125.1	56636	56659	-	56659	159.906188	79.953094	56636	56659	24	24
PC_12_6h	496	LT934125.1	56943	56955	-	56946	5170.300089	4317.467086	56946	56946	1	13
PC_12_6h	497	LT934125.1	57227	57227	-	57227	26.651031	26.651031	57227	57227	1	1
PC_12_6h	498	LT934125.1	57589	57589	-	57589	26.651031	26.651031	57589	57589	1	1
PC_12_6h	499	LT934125.1	57705	57705	-	57705	26.651031	26.651031	57705	57705	1	1
PC_12_6h	500	LT934125.1	57887	57887	-	57887	53.302063	53.302063	57887	57887	1	1
PC_12_6h	501	LT934125.1	58012	58012	-	58012	26.651031	26.651031	58012	58012	1	1
PC_12_6h	502	LT934125.1	58445	58445	-	58445	26.651031	26.651031	58445	58445	1	1
PC_12_6h	503	LT934125.1	58570	58572	-	58570	373.11444	239.859283	58570	58571	2	3
PC_12_6h	504	LT934125.1	58695	58695	-	58695	26.651031	26.651031	58695	58695	1	1
PC_12_6h	505	LT934125.1	58839	58839	-	58839	26.651031	26.651031	58839	58839	1	1
PC_12_6h	506	LT934125.1	59256	59281	-	59277	506.369597	346.463408	59256	59281	26	26
PC_12_6h	507	LT934125.1	59696	59696	-	59696	26.651031	26.651031	59696	59696	1	1
PC_12_6h	508	LT934125.1	60985	60988	-	60985	53.302062	26.651031	60985	60988	4	4
PC_12_6h	509	LT934125.1	62072	62074	-	62074	79.953094	53.302063	62072	62074	3	3
PC_12_6h	510	LT934125.1	63417	63427	-	63420	189995.202815	175283.833484	63420	63420	1	11
PC_12_6h	511	LT934125.1	63834	63834	-	63834	26.651031	26.651031	63834	63834	1	1
PC_12_6h	512	LT934125.1	64112	64125	-	64125	133.255157	106.604126	64112	64125	14	14
PC_12_6h	513	LT934125.1	64802	64826	-	64803	133.255157	53.302063	64802	64826	25	25
PC_12_6h	514	LT934125.1	64925	65028	-	64944	346.463405	53.302063	64944	65005	62	104
PC_12_6h	515	LT934125.1	65295	65295	-	65295	26.651031	26.651031	65295	65295	1	1
PC_12_6h	516	LT934125.1	65399	65406	-	65399	79.953094	53.302063	65399	65406	8	8
PC_12_6h	517	LT934125.1	65718	65752	-	65750	3118.170673	1385.853633	65748	65752	5	35
PC_12_6h	518	LT934125.1	65876	65876	-	65876	26.651031	26.651031	65876	65876	1	1
PC_12_6h	519	LT934125.1	66146	66154	-	66146	53.302062	26.651031	66146	66154	9	9
PC_12_6h	520	LT934125.1	66278	66278	-	66278	26.651031	26.651031	66278	66278	1	1
PC_12_6h	521	LT934125.1	66694	66694	-	66694	26.651031	26.651031	66694	66694	1	1
PC_12_6h	522	LT934125.1	66889	66899	-	66889	53.302062	26.651031	66889	66899	11	11
PC_12_6h	523	LT934125.1	67627	67644	-	67627	53.302062	26.651031	67627	67644	18	18
PC_12_6h	524	LT934125.1	68249	68249	-	68249	26.651031	26.651031	68249	68249	1	1
PC_12_6h	525	LT934125.1	68889	68889	-	68889	26.651031	26.651031	68889	68889	1	1
PC_12_6h	526	LT934125.1	69252	69253	-	69253	79.953094	53.302063	69252	69253	2	2
PC_12_6h	527	LT934125.1	70446	70470	-	70446	106.604125	53.302063	70446	70470	25	25
PC_12_6h	528	LT934125.1	71417	71417	-	71417	26.651031	26.651031	71417	71417	1	1
PC_12_6h	529	LT934125.1	71758	71776	-	71758	53.302062	26.651031	71758	71776	19	19
PC_12_6h	530	LT934125.1	71881	71904	-	71882	239.859282	106.604126	71881	71904	24	24
PC_12_6h	531	LT934125.1	72211	72216	-	72211	79.953094	53.302063	72211	72216	6	6
PC_12_6h	532	LT934125.1	72426	72426	-	72426	26.651031	26.651031	72426	72426	1	1
PC_12_6h	533	LT934125.1	72738	72738	-	72738	53.302063	53.302063	72738	72738	1	1
PC_12_6h	534	LT934125.1	73686	73686	-	73686	26.651031	26.651031	73686	73686	1	1
PC_12_6h	535	LT934125.1	74345	74345	-	74345	106.604126	106.604126	74345	74345	1	1
PC_12_6h	536	LT934125.1	74597	74597	-	74597	26.651031	26.651031	74597	74597	1	1
PC_12_6h	537	LT934125.1	75080	75085	-	75080	53.302062	26.651031	75080	75085	6	6
PC_12_6h	538	LT934125.1	75792	75792	-	75792	26.651031	26.651031	75792	75792	1	1
PC_12_6h	539	LT934125.1	76044	76044	-	76044	26.651031	26.651031	76044	76044	1	1
PC_12_6h	540	LT934125.1	76251	76251	-	76251	26.651031	26.651031	76251	76251	1	1
PC_12_6h	541	LT934125.1	76860	76866	-	76860	373.114439	213.208251	76860	76866	7	7
PC_12_6h	542	LT934125.1	77133	77133	-	77133	26.651031	26.651031	77133	77133	1	1
PC_12_6h	543	LT934125.1	80344	80344	-	80344	26.651031	26.651031	80344	80344	1	1
PC_12_6h	544	LT934125.1	80438	80539	-	80484	373.114436	79.953094	80441	80537	97	102
PC_12_6h	545	LT934125.1	80823	80927	-	80858	799.530937	133.255157	80825	80897	73	105
PC_12_6h	546	LT934125.1	81096	81096	-	81096	53.302063	53.302063	81096	81096	1	1
PC_12_6h	547	LT934125.1	81213	81296	-	81273	186.557218	53.302063	81213	81296	84	84
PC_12_6h	548	LT934125.1	81804	81900	-	81804	10340.600181	3517.936144	81804	81840	37	97
PC_12_6h	549	LT934125.1	82023	82023	-	82023	79.953094	79.953094	82023	82023	1	1
PC_12_6h	550	LT934125.1	82212	82212	-	82212	26.651031	26.651031	82212	82212	1	1
PC_12_6h	551	LT934125.1	82304	82329	-	82329	106.604125	53.302063	82304	82329	26	26
PC_12_6h	552	LT934125.1	83324	83324	-	83324	26.651031	26.651031	83324	83324	1	1
PC_12_6h	553	LT934125.1	85656	85656	-	85656	26.651031	26.651031	85656	85656	1	1
PC_12_6h	554	LT934125.1	86568	86580	-	86580	79.953094	53.302063	86568	86580	13	13
PC_12_6h	555	LT934125.1	86728	86745	-	86728	53.302062	26.651031	86728	86745	18	18
PC_12_6h	556	LT934125.1	86987	86987	-	86987	53.302063	53.302063	86987	86987	1	1
PC_12_6h	557	LT934125.1	87155	87253	-	87161	2798.358295	1599.061884	87157	87199	43	99
PC_12_6h	558	LT934125.1	87284	87479	-	87447	746.228874	239.859283	87314	87473	160	196
PC_12_6h	559	LT934125.1	87583	87599	-	87583	79.953093	26.651031	87583	87599	17	17
PC_12_6h	560	LT934125.1	87859	87859	-	87859	26.651031	26.651031	87859	87859	1	1
PC_12_6h	561	LT934125.1	87980	87980	-	87980	26.651031	26.651031	87980	87980	1	1
PC_12_6h	562	LT934125.1	88507	88507	-	88507	26.651031	26.651031	88507	88507	1	1
PC_12_6h	563	LT934125.1	88708	88723	-	88708	79.953093	26.651031	88708	88723	16	16
PC_12_6h	564	LT934125.1	88922	88922	-	88922	26.651031	26.651031	88922	88922	1	1
PC_12_6h	565	LT934125.1	89078	89081	-	89079	293.161345	239.859283	89079	89079	1	4
PC_12_6h	566	LT934125.1	89404	89409	-	89404	79.953094	53.302063	89404	89409	6	6
PC_12_6h	567	LT934125.1	89634	89634	-	89634	26.651031	26.651031	89634	89634	1	1
PC_12_6h	568	LT934125.1	90043	90043	-	90043	26.651031	26.651031	90043	90043	1	1
PC_12_6h	569	LT934125.1	90571	90571	-	90571	26.651031	26.651031	90571	90571	1	1
PC_12_6h	570	LT934125.1	91704	91704	-	91704	26.651031	26.651031	91704	91704	1	1
PC_12_6h	571	LT934125.1	92150	92150	-	92150	26.651031	26.651031	92150	92150	1	1
PC_12_6h	572	LT934125.1	92277	92387	-	92303	426.416499	106.604126	92283	92360	78	111
PC_12_6h	573	LT934125.1	92427	92471	-	92447	186.557219	53.302063	92427	92471	45	45
PC_12_6h	574	LT934125.1	92560	92715	-	92693	426.416497	53.302063	92561	92693	133	156
PC_12_6h	575	LT934125.1	92931	92947	-	92933	12152.870314	7408.986728	92933	92936	4	17
PC_12_6h	576	LT934125.1	93059	93106	-	93079	133.255157	53.302063	93059	93106	48	48
PC_12_6h	577	LT934125.1	93452	93482	-	93453	106.604125	53.302063	93452	93482	31	31
PC_12_6h	578	LT934125.1	93651	93657	-	93654	2531.847982	2238.686637	93654	93654	1	7
PC_12_6h	579	LT934125.1	93765	93769	-	93765	79.953093	26.651031	93765	93769	5	5
PC_12_6h	580	LT934125.1	93907	93907	-	93907	26.651031	26.651031	93907	93907	1	1
PC_12_6h	581	LT934125.1	94203	94203	-	94203	26.651031	26.651031	94203	94203	1	1
PC_12_6h	582	LT934125.1	94339	94357	-	94339	53.302062	26.651031	94339	94357	19	19
PC_12_6h	583	LT934125.1	94526	94565	-	94526	879.484037	506.369597	94526	94565	40	40
PC_12_6h	584	LT934125.1	94942	94977	-	94947	4823.836681	3597.889238	94943	94947	5	36
PC_12_6h	585	LT934125.1	95156	95176	-	95156	53.302062	26.651031	95156	95176	21	21
PC_12_6h	586	LT934125.1	95392	95392	-	95392	26.651031	26.651031	95392	95392	1	1
PC_12_6h	587	LT934125.1	95697	95697	-	95697	26.651031	26.651031	95697	95697	1	1
PC_12_6h	588	LT934125.1	95882	95882	-	95882	26.651031	26.651031	95882	95882	1	1
PC_12_6h	589	LT934125.1	96063	96089	-	96089	79.953094	53.302063	96063	96089	27	27
PC_12_6h	590	LT934125.1	96521	96601	-	96598	479.718563	133.255157	96537	96601	65	81
PC_12_6h	591	LT934125.1	96830	96843	-	96834	159.906188	79.953094	96830	96843	14	14
PC_12_6h	592	LT934125.1	97121	97190	-	97121	159.906186	26.651031	97121	97190	70	70
PC_12_6h	593	LT934125.1	97321	97368	-	97361	5783.273811	2611.801077	97337	97361	25	48
PC_12_6h	594	LT934125.1	97471	97471	-	97471	26.651031	26.651031	97471	97471	1	1
PC_12_6h	595	LT934125.1	97927	97927	-	97927	26.651031	26.651031	97927	97927	1	1
PC_12_6h	596	LT934125.1	98415	98415	-	98415	53.302063	53.302063	98415	98415	1	1
PC_12_6h	597	LT934125.1	98596	98596	-	98596	53.302063	53.302063	98596	98596	1	1
PC_12_6h	598	LT934125.1	100233	100233	-	100233	26.651031	26.651031	100233	100233	1	1
PC_12_6h	599	LT934125.1	102502	102502	-	102502	79.953094	79.953094	102502	102502	1	1
PC_12_6h	600	LT934125.1	102637	102674	-	102652	239.859281	106.604126	102637	102674	38	38
PC_12_6h	601	LT934125.1	102942	102957	-	102942	79.953093	26.651031	102942	102957	16	16
PC_12_6h	602	LT934125.1	103401	103401	-	103401	26.651031	26.651031	103401	103401	1	1
PC_12_6h	603	LT934125.1	103735	103735	-	103735	133.255157	133.255157	103735	103735	1	1
PC_12_6h	604	LT934125.1	103901	103901	-	103901	26.651031	26.651031	103901	103901	1	1
PC_12_6h	605	LT934125.1	104217	104241	-	104241	133.255156	79.953094	104217	104241	25	25
PC_12_6h	606	LT934125.1	104520	104520	-	104520	26.651031	26.651031	104520	104520	1	1
PC_12_6h	607	LT934125.1	104714	104714	-	104714	26.651031	26.651031	104714	104714	1	1
PC_12_6h	608	LT934125.1	104847	104847	-	104847	26.651031	26.651031	104847	104847	1	1
PC_12_6h	609	LT934125.1	104962	104985	-	104962	53.302062	26.651031	104962	104985	24	24
PC_12_6h	610	LT934125.1	105320	105320	-	105320	26.651031	26.651031	105320	105320	1	1
PC_12_6h	611	LT934125.1	105842	105842	-	105842	26.651031	26.651031	105842	105842	1	1
PC_12_6h	612	LT934125.1	106325	106349	-	106325	53.302062	26.651031	106325	106349	25	25
PC_12_6h	613	LT934125.1	106644	106663	-	106644	53.302062	26.651031	106644	106663	20	20
PC_12_6h	614	LT934125.1	106855	106855	-	106855	26.651031	26.651031	106855	106855	1	1
PC_12_6h	615	LT934125.1	107044	107053	-	107053	319.812376	106.604126	107046	107053	8	10
PC_12_6h	616	LT934125.1	107366	107378	-	107369	533.020628	373.11444	107366	107372	7	13
PC_12_6h	617	LT934125.1	107516	107560	-	107559	826.181973	586.322691	107543	107559	17	45
PC_12_6h	618	LT934125.1	107917	107917	-	107917	26.651031	26.651031	107917	107917	1	1
PC_12_6h	619	LT934125.1	108727	108767	-	108727	79.953093	26.651031	108727	108767	41	41
PC_12_6h	620	LT934125.1	109736	109746	-	109736	53.302062	26.651031	109736	109746	11	11
PC_12_6h	621	LT934125.1	110645	110645	-	110645	26.651031	26.651031	110645	110645	1	1
PC_12_6h	622	LT934125.1	111103	111103	-	111103	133.255157	133.255157	111103	111103	1	1
PC_12_6h	623	LT934125.1	111360	111360	-	111360	26.651031	26.651031	111360	111360	1	1
PC_12_6h	624	LT934125.1	112144	112144	-	112144	26.651031	26.651031	112144	112144	1	1
PC_12_6h	625	LT934125.1	113694	113694	-	113694	26.651031	26.651031	113694	113694	1	1
PC_12_6h	626	LT934125.1	115496	115533	-	115532	692.926816	266.510314	115518	115532	15	38
PC_12_6h	627	LT934125.1	115624	115703	-	115638	559.671654	53.302063	115634	115699	66	80
PC_12_6h	628	LT934125.1	116149	116149	-	116149	26.651031	26.651031	116149	116149	1	1
PC_12_6h	629	LT934125.1	116579	116579	-	116579	26.651031	26.651031	116579	116579	1	1
PC_12_6h	630	LT934125.1	116868	116900	-	116873	133.255156	53.302063	116868	116900	33	33
PC_12_6h	631	LT934125.1	117246	117246	-	117246	26.651031	26.651031	117246	117246	1	1
PC_12_6h	632	LT934125.1	118215	118215	-	118215	26.651031	26.651031	118215	118215	1	1
PC_12_6h	633	LT934125.1	118378	118420	-	118400	159.906188	106.604126	118378	118420	43	43
PC_12_6h	634	LT934125.1	118727	118734	-	118727	79.953093	26.651031	118727	118734	8	8
PC_12_6h	635	LT934125.1	119034	119061	-	119058	346.463408	106.604126	119040	119061	22	28
PC_12_6h	636	LT934125.1	119325	119325	-	119325	26.651031	26.651031	119325	119325	1	1
PC_12_6h	637	LT934125.1	119481	119499	-	119499	133.255156	53.302063	119481	119499	19	19
PC_12_6h	638	LT934125.1	119907	119935	-	119910	319.812374	53.302063	119910	119931	22	29
PC_12_6h	639	LT934125.1	120057	120062	-	120057	53.302062	26.651031	120057	120062	6	6
PC_12_6h	640	LT934125.1	120421	120431	-	120421	79.953093	26.651031	120421	120431	11	11
PC_12_6h	641	LT934125.1	121418	121418	-	121418	26.651031	26.651031	121418	121418	1	1
PC_12_6h	642	LT934125.1	121829	121856	-	121829	53.302062	26.651031	121829	121856	28	28
PC_12_6h	643	LT934125.1	122009	122009	-	122009	26.651031	26.651031	122009	122009	1	1
PC_12_6h	644	LT934125.1	122413	122461	-	122413	159.906186	26.651031	122413	122461	49	49
PC_12_6h	645	LT934125.1	122831	122831	-	122831	26.651031	26.651031	122831	122831	1	1
PC_12_6h	646	LT934125.1	123763	123763	-	123763	26.651031	26.651031	123763	123763	1	1
PC_12_6h	647	LT934125.1	124700	124724	-	124704	106.604125	53.302063	124700	124724	25	25
PC_12_6h	648	LT934125.1	125130	125130	-	125130	26.651031	26.651031	125130	125130	1	1
PC_12_6h	649	LT934125.1	125666	125666	-	125666	53.302063	53.302063	125666	125666	1	1
PC_12_6h	650	LT934125.1	126112	126112	-	126112	79.953094	79.953094	126112	126112	1	1
PC_12_6h	651	LT934125.1	126926	127456	-	127089	3251.425813	133.255157	127009	127396	388	531
PC_12_6h	652	LT934125.1	127514	127611	-	127580	1092.692283	186.55722	127519	127607	89	98
PC_12_6h	653	LT934125.1	127879	127902	-	127902	266.510313	213.208251	127900	127902	3	24
PC_12_6h	654	LT934125.1	128144	128181	-	128155	159.906188	53.302063	128144	128181	38	38
PC_12_6h	655	LT934125.1	128473	128479	-	128473	53.302062	26.651031	128473	128479	7	7
PC_12_6h	656	LT934125.1	128729	128738	-	128732	118117.371142	102206.705399	128731	128732	2	10
PC_12_6h	657	LT934125.1	130162	130162	-	130162	26.651031	26.651031	130162	130162	1	1
PC_12_6h	658	LT934125.1	130284	130306	-	130284	53.302062	26.651031	130284	130306	23	23
PC_12_6h	659	LT934125.1	130558	130558	-	130558	26.651031	26.651031	130558	130558	1	1
PC_12_6h	660	LT934125.1	130714	130714	-	130714	26.651031	26.651031	130714	130714	1	1
PC_12_6h	661	LT934125.1	130804	130833	-	130831	186.557219	79.953094	130804	130833	30	30
PC_12_6h	662	LT934125.1	131932	131932	-	131932	26.651031	26.651031	131932	131932	1	1
PC_12_6h	663	LT934125.1	133040	133040	-	133040	26.651031	26.651031	133040	133040	1	1
PC_12_6h	664	LT934125.1	134221	134221	-	134221	26.651031	26.651031	134221	134221	1	1
PC_12_6h	665	LT934125.1	134322	134322	-	134322	26.651031	26.651031	134322	134322	1	1
PC_12_6h	666	LT934125.1	135016	135045	-	135016	79.953093	26.651031	135016	135045	30	30
PC_12_6h	667	LT934125.1	135158	135158	-	135158	26.651031	26.651031	135158	135158	1	1
PC_12_6h	668	LT934125.1	135388	135465	-	135407	346.463406	133.255157	135388	135445	58	78
PC_12_6h	669	LT934125.1	135550	135562	-	135550	106.604126	53.302063	135550	135562	13	13
PC_12_6h	670	LT934125.1	135666	135682	-	135666	79.953094	53.302063	135666	135682	17	17
PC_12_6h	671	LT934125.1	135965	135965	-	135965	26.651031	26.651031	135965	135965	1	1
PC_12_6h	672	LT934125.1	136103	136103	-	136103	106.604126	106.604126	136103	136103	1	1
PC_12_6h	673	LT934125.1	136212	136349	-	136234	1465.806723	239.859283	136232	136316	85	138
PC_12_6h	674	LT934125.1	136546	136546	-	136546	53.302063	53.302063	136546	136546	1	1
PC_12_6h	675	LT934125.1	136680	136689	-	136680	106.604124	26.651031	136680	136689	10	10
PC_12_6h	676	LT934125.1	136874	136899	-	136874	79.953093	26.651031	136874	136899	26	26
PC_12_6h	677	LT934125.1	137121	137124	-	137123	106.604125	53.302063	137121	137124	4	4
PC_12_6h	678	LT934125.1	137352	137352	-	137352	53.302063	53.302063	137352	137352	1	1
PC_12_6h	679	LT934125.1	137527	137527	-	137527	26.651031	26.651031	137527	137527	1	1
PC_12_6h	680	LT934125.1	138184	138184	-	138184	26.651031	26.651031	138184	138184	1	1
PC_12_6h	681	LT934125.1	138307	138307	-	138307	53.302063	53.302063	138307	138307	1	1
PC_12_6h	682	LT934125.1	138447	138447	-	138447	26.651031	26.651031	138447	138447	1	1
PC_12_6h	683	LT934125.1	138895	138895	-	138895	26.651031	26.651031	138895	138895	1	1
PC_12_6h	684	LT934125.1	139254	139254	-	139254	26.651031	26.651031	139254	139254	1	1
PC_12_6h	685	LT934125.1	139615	139615	-	139615	26.651031	26.651031	139615	139615	1	1
PC_12_6h	686	LT934125.1	139996	139996	-	139996	26.651031	26.651031	139996	139996	1	1
PC_12_6h	687	LT934125.1	140857	140857	-	140857	26.651031	26.651031	140857	140857	1	1
PC_12_6h	688	LT934125.1	140993	141006	-	140993	53.302062	26.651031	140993	141006	14	14
PC_12_6h	689	LT934125.1	141655	141655	-	141655	26.651031	26.651031	141655	141655	1	1
PC_12_6h	690	LT934125.1	141985	141985	-	141985	26.651031	26.651031	141985	141985	1	1
PC_12_6h	691	LT934125.1	142114	142114	-	142114	26.651031	26.651031	142114	142114	1	1
PC_12_6h	692	LT934125.1	142245	142245	-	142245	26.651031	26.651031	142245	142245	1	1
PC_12_6h	693	LT934125.1	142427	142427	-	142427	53.302063	53.302063	142427	142427	1	1
PC_12_6h	694	LT934125.1	142781	142781	-	142781	26.651031	26.651031	142781	142781	1	1
PC_12_8h	1	LT934125.1	779	781	+	779	313.499279	282.149351	779	781	3	3
PC_12_8h	2	LT934125.1	978	1001	+	990	1755.595963	940.497837	987	990	4	24
PC_12_8h	3	LT934125.1	1167	1167	+	1167	31.349928	31.349928	1167	1167	1	1
PC_12_8h	4	LT934125.1	1325	1412	+	1337	3040.943008	1034.547621	1334	1351	18	88
PC_12_8h	5	LT934125.1	1588	1604	+	1600	3730.641421	2476.644304	1600	1603	4	17
PC_12_8h	6	LT934125.1	1790	2099	+	1869	1316.696976	125.399712	1821	2075	255	310
PC_12_8h	7	LT934125.1	2854	2854	+	2854	31.349928	31.349928	2854	2854	1	1
PC_12_8h	8	LT934125.1	3132	3132	+	3132	31.349928	31.349928	3132	3132	1	1
PC_12_8h	9	LT934125.1	4335	4335	+	4335	31.349928	31.349928	4335	4335	1	1
PC_12_8h	10	LT934125.1	4632	4632	+	4632	31.349928	31.349928	4632	4632	1	1
PC_12_8h	11	LT934125.1	5484	5484	+	5484	31.349928	31.349928	5484	5484	1	1
PC_12_8h	12	LT934125.1	6023	6023	+	6023	31.349928	31.349928	6023	6023	1	1
PC_12_8h	13	LT934125.1	6669	6669	+	6669	31.349928	31.349928	6669	6669	1	1
PC_12_8h	14	LT934125.1	6840	6864	+	6840	62.699856	31.349928	6840	6864	25	25
PC_12_8h	15	LT934125.1	6995	6995	+	6995	31.349928	31.349928	6995	6995	1	1
PC_12_8h	16	LT934125.1	7419	7419	+	7419	31.349928	31.349928	7419	7419	1	1
PC_12_8h	17	LT934125.1	7588	7596	+	7588	2664.743872	1755.595962	7588	7591	4	9
PC_12_8h	18	LT934125.1	7811	7811	+	7811	219.449495	219.449495	7811	7811	1	1
PC_12_8h	19	LT934125.1	8089	8089	+	8089	31.349928	31.349928	8089	8089	1	1
PC_12_8h	20	LT934125.1	8346	8346	+	8346	31.349928	31.349928	8346	8346	1	1
PC_12_8h	21	LT934125.1	8529	8540	+	8529	94.049784	31.349928	8529	8540	12	12
PC_12_8h	22	LT934125.1	9107	9114	+	9113	4733.839114	3072.292934	9107	9113	7	8
PC_12_8h	23	LT934125.1	9263	9272	+	9270	13135.619787	9530.37808	9267	9270	4	10
PC_12_8h	24	LT934125.1	9640	9650	+	9646	5705.686878	1943.69553	9643	9647	5	11
PC_12_8h	25	LT934125.1	9742	9890	+	9742	564.298704	62.699856	9742	9867	126	149
PC_12_8h	26	LT934125.1	9935	9979	+	9979	250.799424	94.049784	9935	9979	45	45
PC_12_8h	27	LT934125.1	10035	10218	+	10119	1253.99712	94.049784	10060	10203	144	184
PC_12_8h	28	LT934125.1	10252	10327	+	10252	344.849208	94.049784	10252	10310	59	76
PC_12_8h	29	LT934125.1	10431	10434	+	10431	909.147909	846.448053	10431	10431	1	4
PC_12_8h	30	LT934125.1	11002	11002	+	11002	31.349928	31.349928	11002	11002	1	1
PC_12_8h	31	LT934125.1	11290	11319	+	11290	62.699856	31.349928	11290	11319	30	30
PC_12_8h	32	LT934125.1	11788	11795	+	11794	250.799424	125.399712	11788	11795	8	8
PC_12_8h	33	LT934125.1	12043	12043	+	12043	31.349928	31.349928	12043	12043	1	1
PC_12_8h	34	LT934125.1	12242	12242	+	12242	31.349928	31.349928	12242	12242	1	1
PC_12_8h	35	LT934125.1	12604	12604	+	12604	31.349928	31.349928	12604	12604	1	1
PC_12_8h	36	LT934125.1	12770	12770	+	12770	31.349928	31.349928	12770	12770	1	1
PC_12_8h	37	LT934125.1	13175	13188	+	13175	94.049784	31.349928	13175	13188	14	14
PC_12_8h	38	LT934125.1	13392	13392	+	13392	31.349928	31.349928	13392	13392	1	1
PC_12_8h	39	LT934125.1	13580	13580	+	13580	31.349928	31.349928	13580	13580	1	1
PC_12_8h	40	LT934125.1	13806	13810	+	13806	62.699856	31.349928	13806	13810	5	5
PC_12_8h	41	LT934125.1	14040	14051	+	14048	5454.887455	4890.588752	14048	14048	1	12
PC_12_8h	42	LT934125.1	14212	14238	+	14214	156.74964	62.699856	14212	14238	27	27
PC_12_8h	43	LT934125.1	14613	14670	+	14670	282.149352	94.049784	14613	14670	58	58
PC_12_8h	44	LT934125.1	14888	14910	+	14910	94.049784	62.699856	14888	14910	23	23
PC_12_8h	45	LT934125.1	15162	15324	+	15185	564.298704	62.699856	15170	15324	155	163
PC_12_8h	46	LT934125.1	15639	15709	+	15646	470.24892	62.699856	15646	15696	51	71
PC_12_8h	47	LT934125.1	15773	15890	+	15836	783.7482	125.399712	15787	15869	83	118
PC_12_8h	48	LT934125.1	15926	16128	+	15926	971.847768	94.049784	15928	16127	200	203
PC_12_8h	49	LT934125.1	16489	16489	+	16489	31.349928	31.349928	16489	16489	1	1
PC_12_8h	50	LT934125.1	17305	17323	+	17305	62.699856	31.349928	17305	17323	19	19
PC_12_8h	51	LT934125.1	17519	17519	+	17519	31.349928	31.349928	17519	17519	1	1
PC_12_8h	52	LT934125.1	17646	17647	+	17646	62.699856	31.349928	17646	17647	2	2
PC_12_8h	53	LT934125.1	18005	18005	+	18005	31.349928	31.349928	18005	18005	1	1
PC_12_8h	54	LT934125.1	18534	18534	+	18534	31.349928	31.349928	18534	18534	1	1
PC_12_8h	55	LT934125.1	18758	18758	+	18758	31.349928	31.349928	18758	18758	1	1
PC_12_8h	56	LT934125.1	19079	19079	+	19079	31.349928	31.349928	19079	19079	1	1
PC_12_8h	57	LT934125.1	19447	19447	+	19447	31.349928	31.349928	19447	19447	1	1
PC_12_8h	58	LT934125.1	19666	19666	+	19666	31.349928	31.349928	19666	19666	1	1
PC_12_8h	59	LT934125.1	23530	23530	+	23530	31.349928	31.349928	23530	23530	1	1
PC_12_8h	60	LT934125.1	23768	23768	+	23768	31.349928	31.349928	23768	23768	1	1
PC_12_8h	61	LT934125.1	24227	24227	+	24227	31.349928	31.349928	24227	24227	1	1
PC_12_8h	62	LT934125.1	24437	24437	+	24437	62.699856	62.699856	24437	24437	1	1
PC_12_8h	63	LT934125.1	24830	24830	+	24830	31.349928	31.349928	24830	24830	1	1
PC_12_8h	64	LT934125.1	25157	25157	+	25157	31.349928	31.349928	25157	25157	1	1
PC_12_8h	65	LT934125.1	25419	25424	+	25420	188.099568	125.399712	25419	25424	6	6
PC_12_8h	66	LT934125.1	26001	26001	+	26001	31.349928	31.349928	26001	26001	1	1
PC_12_8h	67	LT934125.1	26357	26389	+	26357	125.399712	31.349928	26357	26389	33	33
PC_12_8h	68	LT934125.1	26760	26760	+	26760	31.349928	31.349928	26760	26760	1	1
PC_12_8h	69	LT934125.1	26882	26882	+	26882	31.349928	31.349928	26882	26882	1	1
PC_12_8h	70	LT934125.1	27242	27242	+	27242	31.349928	31.349928	27242	27242	1	1
PC_12_8h	71	LT934125.1	27536	27550	+	27548	156.74964	94.049784	27536	27550	15	15
PC_12_8h	72	LT934125.1	27792	27797	+	27792	94.049784	62.699856	27792	27797	6	6
PC_12_8h	73	LT934125.1	28152	28163	+	28152	62.699856	31.349928	28152	28163	12	12
PC_12_8h	74	LT934125.1	28470	28470	+	28470	31.349928	31.349928	28470	28470	1	1
PC_12_8h	75	LT934125.1	29464	29465	+	29464	62.699856	31.349928	29464	29465	2	2
PC_12_8h	76	LT934125.1	29624	29624	+	29624	31.349928	31.349928	29624	29624	1	1
PC_12_8h	77	LT934125.1	29974	29974	+	29974	31.349928	31.349928	29974	29974	1	1
PC_12_8h	78	LT934125.1	30235	30243	+	30240	313.49928	125.399712	30239	30243	5	9
PC_12_8h	79	LT934125.1	30447	30447	+	30447	31.349928	31.349928	30447	30447	1	1
PC_12_8h	80	LT934125.1	30663	30663	+	30663	62.699856	62.699856	30663	30663	1	1
PC_12_8h	81	LT934125.1	30932	30938	+	30932	250.799423	188.099567	30932	30938	7	7
PC_12_8h	82	LT934125.1	31091	31099	+	31098	11881.622673	8182.331181	31096	31098	3	9
PC_12_8h	83	LT934125.1	31369	31410	+	31410	125.399712	62.699856	31369	31410	42	42
PC_12_8h	84	LT934125.1	31636	31714	+	31675	344.849208	62.699856	31654	31703	50	79
PC_12_8h	85	LT934125.1	32016	32040	+	32038	67339.645119	34704.37018	32036	32038	3	25
PC_12_8h	86	LT934125.1	32154	32322	+	32167	1975.045462	282.149351	32167	32313	147	169
PC_12_8h	87	LT934125.1	32767	32767	+	32767	31.349928	31.349928	32767	32767	1	1
PC_12_8h	88	LT934125.1	33181	33181	+	33181	31.349928	31.349928	33181	33181	1	1
PC_12_8h	89	LT934125.1	33385	33385	+	33385	31.349928	31.349928	33385	33385	1	1
PC_12_8h	90	LT934125.1	33558	33617	+	33558	219.449496	31.349928	33558	33617	60	60
PC_12_8h	91	LT934125.1	34057	34057	+	34057	31.349928	31.349928	34057	34057	1	1
PC_12_8h	92	LT934125.1	34378	34378	+	34378	31.349928	31.349928	34378	34378	1	1
PC_12_8h	93	LT934125.1	34746	34765	+	34749	156.74964	94.049784	34746	34765	20	20
PC_12_8h	94	LT934125.1	34854	34854	+	34854	62.699856	62.699856	34854	34854	1	1
PC_12_8h	95	LT934125.1	35001	35017	+	35001	62.699856	31.349928	35001	35017	17	17
PC_12_8h	96	LT934125.1	35251	35251	+	35251	31.349928	31.349928	35251	35251	1	1
PC_12_8h	97	LT934125.1	35484	35484	+	35484	31.349928	31.349928	35484	35484	1	1
PC_12_8h	98	LT934125.1	35656	35656	+	35656	31.349928	31.349928	35656	35656	1	1
PC_12_8h	99	LT934125.1	36514	36514	+	36514	31.349928	31.349928	36514	36514	1	1
PC_12_8h	100	LT934125.1	36922	36922	+	36922	31.349928	31.349928	36922	36922	1	1
PC_12_8h	101	LT934125.1	38753	38753	+	38753	31.349928	31.349928	38753	38753	1	1
PC_12_8h	102	LT934125.1	41198	41198	+	41198	31.349928	31.349928	41198	41198	1	1
PC_12_8h	103	LT934125.1	41386	41386	+	41386	31.349928	31.349928	41386	41386	1	1
PC_12_8h	104	LT934125.1	42413	42413	+	42413	31.349928	31.349928	42413	42413	1	1
PC_12_8h	105	LT934125.1	43090	43090	+	43090	31.349928	31.349928	43090	43090	1	1
PC_12_8h	106	LT934125.1	43593	43593	+	43593	31.349928	31.349928	43593	43593	1	1
PC_12_8h	107	LT934125.1	44028	44038	+	44028	62.699856	31.349928	44028	44038	11	11
PC_12_8h	108	LT934125.1	44624	44624	+	44624	31.349928	31.349928	44624	44624	1	1
PC_12_8h	109	LT934125.1	44779	44814	+	44812	10564.925702	7743.43219	44810	44812	3	36
PC_12_8h	110	LT934125.1	44974	44974	+	44974	31.349928	31.349928	44974	44974	1	1
PC_12_8h	111	LT934125.1	45394	45417	+	45394	94.049784	31.349928	45394	45417	24	24
PC_12_8h	112	LT934125.1	46002	46032	+	46024	1222.647189	344.849207	46023	46027	5	31
PC_12_8h	113	LT934125.1	46233	46286	+	46235	501.598847	188.099567	46233	46267	35	54
PC_12_8h	114	LT934125.1	46489	46516	+	46489	156.74964	125.399712	46489	46516	28	28
PC_12_8h	115	LT934125.1	46696	46714	+	46696	62.699856	31.349928	46696	46714	19	19
PC_12_8h	116	LT934125.1	47066	47115	+	47066	188.099568	62.699856	47066	47115	50	50
PC_12_8h	117	LT934125.1	47282	47348	+	47315	564.298703	219.449495	47294	47319	26	67
PC_12_8h	118	LT934125.1	47632	47705	+	47699	313.49928	94.049784	47642	47705	64	74
PC_12_8h	119	LT934125.1	48014	48124	+	48014	250.799424	62.699856	48014	48124	111	111
PC_12_8h	120	LT934125.1	48191	48373	+	48247	564.298704	62.699856	48208	48358	151	183
PC_12_8h	121	LT934125.1	48494	48571	+	48567	24484.293688	17242.460342	48567	48570	4	78
PC_12_8h	122	LT934125.1	48670	49543	+	49231	6019.186174	156.749639	48767	49444	678	874
PC_12_8h	123	LT934125.1	50105	50105	+	50105	31.349928	31.349928	50105	50105	1	1
PC_12_8h	124	LT934125.1	50386	50386	+	50386	31.349928	31.349928	50386	50386	1	1
PC_12_8h	125	LT934125.1	50502	50502	+	50502	31.349928	31.349928	50502	50502	1	1
PC_12_8h	126	LT934125.1	50751	50751	+	50751	31.349928	31.349928	50751	50751	1	1
PC_12_8h	127	LT934125.1	51037	51037	+	51037	31.349928	31.349928	51037	51037	1	1
PC_12_8h	128	LT934125.1	51233	51242	+	51235	5956.486301	3134.99279	51235	51238	4	10
PC_12_8h	129	LT934125.1	51735	51752	+	51752	125.399712	62.699856	51735	51752	18	18
PC_12_8h	130	LT934125.1	52437	52484	+	52460	10157.376639	5987.836228	52444	52460	17	48
PC_12_8h	131	LT934125.1	52649	52716	+	52685	219.449496	62.699856	52649	52716	68	68
PC_12_8h	132	LT934125.1	53060	53145	+	53060	376.199136	94.049784	53060	53119	60	86
PC_12_8h	133	LT934125.1	53245	53319	+	53245	250.799424	31.349928	53245	53319	75	75
PC_12_8h	134	LT934125.1	53375	53384	+	53384	94.049784	62.699856	53375	53384	10	10
PC_12_8h	135	LT934125.1	53644	53652	+	53648	5956.4863	5110.038247	53648	53649	2	9
PC_12_8h	136	LT934125.1	54443	54476	+	54443	344.849208	62.699856	54443	54475	33	34
PC_12_8h	137	LT934125.1	54522	54845	+	54547	1034.547624	62.699856	54561	54804	244	324
PC_12_8h	138	LT934125.1	54887	55090	+	54938	1128.597407	250.799423	54906	55032	127	204
PC_12_8h	139	LT934125.1	55303	55355	+	55303	595.648631	156.749639	55303	55355	53	53
PC_12_8h	140	LT934125.1	55705	55742	+	55712	846.448054	250.799423	55706	55741	36	38
PC_12_8h	141	LT934125.1	55997	56027	+	56000	344.849207	156.749639	55997	56021	25	31
PC_12_8h	142	LT934125.1	56327	56327	+	56327	31.349928	31.349928	56327	56327	1	1
PC_12_8h	143	LT934125.1	56600	56600	+	56600	31.349928	31.349928	56600	56600	1	1
PC_12_8h	144	LT934125.1	56970	56970	+	56970	62.699856	62.699856	56970	56970	1	1
PC_12_8h	145	LT934125.1	57314	57314	+	57314	31.349928	31.349928	57314	57314	1	1
PC_12_8h	146	LT934125.1	57771	57771	+	57771	31.349928	31.349928	57771	57771	1	1
PC_12_8h	147	LT934125.1	58106	58106	+	58106	31.349928	31.349928	58106	58106	1	1
PC_12_8h	148	LT934125.1	58625	58625	+	58625	31.349928	31.349928	58625	58625	1	1
PC_12_8h	149	LT934125.1	58897	58900	+	58900	94.049784	62.699856	58897	58900	4	4
PC_12_8h	150	LT934125.1	59039	59074	+	59068	8903.379524	3354.442285	59044	59070	27	36
PC_12_8h	151	LT934125.1	59698	59818	+	59731	470.24892	62.699856	59714	59813	100	121
PC_12_8h	152	LT934125.1	60005	60028	+	60028	94.049784	62.699856	60005	60028	24	24
PC_12_8h	153	LT934125.1	60232	60260	+	60235	1912.345602	438.898991	60233	60239	7	29
PC_12_8h	154	LT934125.1	60551	60551	+	60551	31.349928	31.349928	60551	60551	1	1
PC_12_8h	155	LT934125.1	60809	60809	+	60809	31.349928	31.349928	60809	60809	1	1
PC_12_8h	156	LT934125.1	60974	60974	+	60974	31.349928	31.349928	60974	60974	1	1
PC_12_8h	157	LT934125.1	61078	61078	+	61078	62.699856	62.699856	61078	61078	1	1
PC_12_8h	158	LT934125.1	61687	61706	+	61687	125.399712	62.699856	61687	61706	20	20
PC_12_8h	159	LT934125.1	61752	61951	+	61819	626.99856	62.699856	61797	61939	143	200
PC_12_8h	160	LT934125.1	62083	62245	+	62141	532.948776	62.699856	62097	62233	137	163
PC_12_8h	161	LT934125.1	63183	63183	+	63183	31.349928	31.349928	63183	63183	1	1
PC_12_8h	162	LT934125.1	63922	63922	+	63922	31.349928	31.349928	63922	63922	1	1
PC_12_8h	163	LT934125.1	64024	64024	+	64024	31.349928	31.349928	64024	64024	1	1
PC_12_8h	164	LT934125.1	64236	64236	+	64236	31.349928	31.349928	64236	64236	1	1
PC_12_8h	165	LT934125.1	64408	64408	+	64408	31.349928	31.349928	64408	64408	1	1
PC_12_8h	166	LT934125.1	64641	64641	+	64641	31.349928	31.349928	64641	64641	1	1
PC_12_8h	167	LT934125.1	65805	65830	+	65805	595.64863	250.799423	65805	65810	6	26
PC_12_8h	168	LT934125.1	66335	66345	+	66338	3323.092358	2100.445169	66338	66341	4	11
PC_12_8h	169	LT934125.1	66884	66884	+	66884	31.349928	31.349928	66884	66884	1	1
PC_12_8h	170	LT934125.1	67013	67055	+	67013	94.049784	31.349928	67013	67055	43	43
PC_12_8h	171	LT934125.1	67417	67417	+	67417	31.349928	31.349928	67417	67417	1	1
PC_12_8h	172	LT934125.1	67740	67744	+	67740	62.699856	31.349928	67740	67744	5	5
PC_12_8h	173	LT934125.1	68141	68198	+	68183	188.099568	62.699856	68141	68198	58	58
PC_12_8h	174	LT934125.1	68298	68298	+	68298	31.349928	31.349928	68298	68298	1	1
PC_12_8h	175	LT934125.1	68468	68468	+	68468	31.349928	31.349928	68468	68468	1	1
PC_12_8h	176	LT934125.1	69233	69244	+	69237	470.248918	219.449495	69237	69244	8	12
PC_12_8h	177	LT934125.1	69414	69418	+	69418	94.049784	62.699856	69414	69418	5	5
PC_12_8h	178	LT934125.1	69765	69812	+	69765	501.598847	282.149351	69765	69800	36	48
PC_12_8h	179	LT934125.1	70012	70180	+	70090	1253.997118	470.248918	70014	70159	146	169
PC_12_8h	180	LT934125.1	70225	70407	+	70311	470.24892	62.699856	70230	70397	168	183
PC_12_8h	181	LT934125.1	70525	70534	+	70531	26898.238135	15925.763371	70529	70531	3	10
PC_12_8h	182	LT934125.1	70633	70819	+	70633	626.99856	62.699856	70648	70804	157	187
PC_12_8h	183	LT934125.1	71065	71154	+	71065	376.199136	62.699856	71065	71138	74	90
PC_12_8h	184	LT934125.1	71308	71357	+	71319	313.49928	62.699856	71312	71350	39	50
PC_12_8h	185	LT934125.1	72040	72040	+	72040	31.349928	31.349928	72040	72040	1	1
PC_12_8h	186	LT934125.1	72173	72173	+	72173	31.349928	31.349928	72173	72173	1	1
PC_12_8h	187	LT934125.1	72618	72618	+	72618	31.349928	31.349928	72618	72618	1	1
PC_12_8h	188	LT934125.1	72758	72763	+	72759	532.948775	376.199135	72758	72761	4	6
PC_12_8h	189	LT934125.1	72990	72990	+	72990	31.349928	31.349928	72990	72990	1	1
PC_12_8h	190	LT934125.1	73140	73140	+	73140	31.349928	31.349928	73140	73140	1	1
PC_12_8h	191	LT934125.1	73711	73711	+	73711	31.349928	31.349928	73711	73711	1	1
PC_12_8h	192	LT934125.1	73840	73840	+	73840	31.349928	31.349928	73840	73840	1	1
PC_12_8h	193	LT934125.1	74241	74241	+	74241	31.349928	31.349928	74241	74241	1	1
PC_12_8h	194	LT934125.1	74381	74408	+	74400	9028.779233	4075.490626	74400	74403	4	28
PC_12_8h	195	LT934125.1	74643	74643	+	74643	62.699856	62.699856	74643	74643	1	1
PC_12_8h	196	LT934125.1	74981	74981	+	74981	31.349928	31.349928	74981	74981	1	1
PC_12_8h	197	LT934125.1	75154	75216	+	75154	219.449496	62.699856	75154	75216	63	63
PC_12_8h	198	LT934125.1	75318	75318	+	75318	62.699856	62.699856	75318	75318	1	1
PC_12_8h	199	LT934125.1	75653	75655	+	75653	62.699856	31.349928	75653	75655	3	3
PC_12_8h	200	LT934125.1	76263	76263	+	76263	31.349928	31.349928	76263	76263	1	1
PC_12_8h	201	LT934125.1	76677	76685	+	76683	438.898991	250.799423	76677	76685	9	9
PC_12_8h	202	LT934125.1	76849	76849	+	76849	31.349928	31.349928	76849	76849	1	1
PC_12_8h	203	LT934125.1	76990	76990	+	76990	94.049784	94.049784	76990	76990	1	1
PC_12_8h	204	LT934125.1	77169	77169	+	77169	31.349928	31.349928	77169	77169	1	1
PC_12_8h	205	LT934125.1	77530	77530	+	77530	31.349928	31.349928	77530	77530	1	1
PC_12_8h	206	LT934125.1	77760	77760	+	77760	31.349928	31.349928	77760	77760	1	1
PC_12_8h	207	LT934125.1	78035	78062	+	78044	721.048342	219.449495	78035	78047	13	28
PC_12_8h	208	LT934125.1	78237	78237	+	78237	31.349928	31.349928	78237	78237	1	1
PC_12_8h	209	LT934125.1	78516	78524	+	78516	62.699856	31.349928	78516	78524	9	9
PC_12_8h	210	LT934125.1	78979	79089	+	78991	376.199136	62.699856	78991	79066	76	111
PC_12_8h	211	LT934125.1	79343	79454	+	79444	20973.101763	14953.915606	79440	79444	5	112
PC_12_8h	212	LT934125.1	79549	79650	+	79618	470.24892	62.699856	79561	79650	90	102
PC_12_8h	213	LT934125.1	79686	79878	+	79786	1504.796543	219.449495	79708	79865	158	193
PC_12_8h	214	LT934125.1	80305	80305	+	80305	31.349928	31.349928	80305	80305	1	1
PC_12_8h	215	LT934125.1	80742	80742	+	80742	31.349928	31.349928	80742	80742	1	1
PC_12_8h	216	LT934125.1	81081	81082	+	81081	125.399712	62.699856	81081	81082	2	2
PC_12_8h	217	LT934125.1	81336	81336	+	81336	31.349928	31.349928	81336	81336	1	1
PC_12_8h	218	LT934125.1	81436	81480	+	81436	125.399712	31.349928	81436	81480	45	45
PC_12_8h	219	LT934125.1	81830	81830	+	81830	31.349928	31.349928	81830	81830	1	1
PC_12_8h	220	LT934125.1	82081	82081	+	82081	31.349928	31.349928	82081	82081	1	1
PC_12_8h	221	LT934125.1	82249	82249	+	82249	62.699856	62.699856	82249	82249	1	1
PC_12_8h	222	LT934125.1	83792	83792	+	83792	125.399712	125.399712	83792	83792	1	1
PC_12_8h	223	LT934125.1	83975	83983	+	83975	376.199135	156.749639	83975	83982	8	9
PC_12_8h	224	LT934125.1	84339	84339	+	84339	31.349928	31.349928	84339	84339	1	1
PC_12_8h	225	LT934125.1	84449	84449	+	84449	31.349928	31.349928	84449	84449	1	1
PC_12_8h	226	LT934125.1	84873	84873	+	84873	31.349928	31.349928	84873	84873	1	1
PC_12_8h	227	LT934125.1	84974	84974	+	84974	31.349928	31.349928	84974	84974	1	1
PC_12_8h	228	LT934125.1	85416	85416	+	85416	31.349928	31.349928	85416	85416	1	1
PC_12_8h	229	LT934125.1	85694	85733	+	85694	125.399712	31.349928	85694	85733	40	40
PC_12_8h	230	LT934125.1	85995	86046	+	85996	250.799424	62.699856	85995	86046	52	52
PC_12_8h	231	LT934125.1	86204	86204	+	86204	31.349928	31.349928	86204	86204	1	1
PC_12_8h	232	LT934125.1	86559	86559	+	86559	62.699856	62.699856	86559	86559	1	1
PC_12_8h	233	LT934125.1	87051	87065	+	87051	62.699856	31.349928	87051	87065	15	15
PC_12_8h	234	LT934125.1	87212	87212	+	87212	31.349928	31.349928	87212	87212	1	1
PC_12_8h	235	LT934125.1	88373	88373	+	88373	31.349928	31.349928	88373	88373	1	1
PC_12_8h	236	LT934125.1	88883	88883	+	88883	94.049784	94.049784	88883	88883	1	1
PC_12_8h	237	LT934125.1	89133	89157	+	89157	94.049784	62.699856	89133	89157	25	25
PC_12_8h	238	LT934125.1	89294	89294	+	89294	31.349928	31.349928	89294	89294	1	1
PC_12_8h	239	LT934125.1	89850	89930	+	89883	376.199136	94.049784	89856	89910	55	81
PC_12_8h	240	LT934125.1	90269	90269	+	90269	31.349928	31.349928	90269	90269	1	1
PC_12_8h	241	LT934125.1	90476	90476	+	90476	31.349928	31.349928	90476	90476	1	1
PC_12_8h	242	LT934125.1	90689	90752	+	90699	313.49928	125.399712	90699	90732	34	64
PC_12_8h	243	LT934125.1	91258	91273	+	91258	62.699856	31.349928	91258	91273	16	16
PC_12_8h	244	LT934125.1	91356	91448	+	91409	2131.795098	1065.897548	91360	91412	53	93
PC_12_8h	245	LT934125.1	91548	91568	+	91548	188.099568	125.399712	91548	91568	21	21
PC_12_8h	246	LT934125.1	91692	91695	+	91692	62.699856	31.349928	91692	91695	4	4
PC_12_8h	247	LT934125.1	92127	92183	+	92183	188.099568	62.699856	92127	92183	57	57
PC_12_8h	248	LT934125.1	92284	92288	+	92284	188.099568	94.049784	92284	92288	5	5
PC_12_8h	249	LT934125.1	92451	92487	+	92453	815.098127	438.898991	92453	92487	35	37
PC_12_8h	250	LT934125.1	93611	93611	+	93611	31.349928	31.349928	93611	93611	1	1
PC_12_8h	251	LT934125.1	93781	93781	+	93781	31.349928	31.349928	93781	93781	1	1
PC_12_8h	252	LT934125.1	93927	93927	+	93927	62.699856	62.699856	93927	93927	1	1
PC_12_8h	253	LT934125.1	94169	94169	+	94169	31.349928	31.349928	94169	94169	1	1
PC_12_8h	254	LT934125.1	94310	94310	+	94310	31.349928	31.349928	94310	94310	1	1
PC_12_8h	255	LT934125.1	95750	95753	+	95750	188.099567	156.749639	95750	95753	4	4
PC_12_8h	256	LT934125.1	96008	96044	+	96010	188.099568	94.049784	96008	96044	37	37
PC_12_8h	257	LT934125.1	96856	96885	+	96856	62.699856	31.349928	96856	96885	30	30
PC_12_8h	258	LT934125.1	97102	97130	+	97102	62.699856	31.349928	97102	97130	29	29
PC_12_8h	259	LT934125.1	97394	97394	+	97394	31.349928	31.349928	97394	97394	1	1
PC_12_8h	260	LT934125.1	97907	97907	+	97907	31.349928	31.349928	97907	97907	1	1
PC_12_8h	261	LT934125.1	98107	98107	+	98107	31.349928	31.349928	98107	98107	1	1
PC_12_8h	262	LT934125.1	98327	98329	+	98327	62.699856	31.349928	98327	98329	3	3
PC_12_8h	263	LT934125.1	99576	99576	+	99576	62.699856	62.699856	99576	99576	1	1
PC_12_8h	264	LT934125.1	99951	99951	+	99951	31.349928	31.349928	99951	99951	1	1
PC_12_8h	265	LT934125.1	100598	100598	+	100598	31.349928	31.349928	100598	100598	1	1
PC_12_8h	266	LT934125.1	101000	101000	+	101000	31.349928	31.349928	101000	101000	1	1
PC_12_8h	267	LT934125.1	101472	101472	+	101472	31.349928	31.349928	101472	101472	1	1
PC_12_8h	268	LT934125.1	101603	101603	+	101603	31.349928	31.349928	101603	101603	1	1
PC_12_8h	269	LT934125.1	101803	101803	+	101803	94.049784	94.049784	101803	101803	1	1
PC_12_8h	270	LT934125.1	102062	102062	+	102062	31.349928	31.349928	102062	102062	1	1
PC_12_8h	271	LT934125.1	102807	102807	+	102807	31.349928	31.349928	102807	102807	1	1
PC_12_8h	272	LT934125.1	103204	103204	+	103204	31.349928	31.349928	103204	103204	1	1
PC_12_8h	273	LT934125.1	103528	103528	+	103528	31.349928	31.349928	103528	103528	1	1
PC_12_8h	274	LT934125.1	103628	103628	+	103628	31.349928	31.349928	103628	103628	1	1
PC_12_8h	275	LT934125.1	103932	103932	+	103932	31.349928	31.349928	103932	103932	1	1
PC_12_8h	276	LT934125.1	104219	104219	+	104219	31.349928	31.349928	104219	104219	1	1
PC_12_8h	277	LT934125.1	104529	104529	+	104529	31.349928	31.349928	104529	104529	1	1
PC_12_8h	278	LT934125.1	104656	104664	+	104656	94.049784	31.349928	104656	104664	9	9
PC_12_8h	279	LT934125.1	104699	104780	+	104764	313.49928	94.049784	104721	104765	45	82
PC_12_8h	280	LT934125.1	105017	105017	+	105017	31.349928	31.349928	105017	105017	1	1
PC_12_8h	281	LT934125.1	105142	105177	+	105172	250.799424	125.399712	105142	105177	36	36
PC_12_8h	282	LT934125.1	105389	105393	+	105389	94.049784	31.349928	105389	105393	5	5
PC_12_8h	283	LT934125.1	105533	105533	+	105533	62.699856	62.699856	105533	105533	1	1
PC_12_8h	284	LT934125.1	105814	105816	+	105814	62.699856	31.349928	105814	105816	3	3
PC_12_8h	285	LT934125.1	106179	106213	+	106179	156.74964	31.349928	106179	106213	35	35
PC_12_8h	286	LT934125.1	106365	106398	+	106365	125.399712	31.349928	106365	106398	34	34
PC_12_8h	287	LT934125.1	106585	106596	+	106596	188.099568	94.049784	106585	106596	12	12
PC_12_8h	288	LT934125.1	106945	106945	+	106945	31.349928	31.349928	106945	106945	1	1
PC_12_8h	289	LT934125.1	107171	107171	+	107171	31.349928	31.349928	107171	107171	1	1
PC_12_8h	290	LT934125.1	107389	107499	+	107482	2602.044018	909.147909	107420	107484	65	111
PC_12_8h	291	LT934125.1	107754	107755	+	107754	62.699856	31.349928	107754	107755	2	2
PC_12_8h	292	LT934125.1	108051	108051	+	108051	62.699856	62.699856	108051	108051	1	1
PC_12_8h	293	LT934125.1	108307	108312	+	108310	219.449496	125.399712	108307	108312	6	6
PC_12_8h	294	LT934125.1	108449	108449	+	108449	31.349928	31.349928	108449	108449	1	1
PC_12_8h	295	LT934125.1	108686	108736	+	108736	125.399712	62.699856	108686	108736	51	51
PC_12_8h	296	LT934125.1	110097	110097	+	110097	31.349928	31.349928	110097	110097	1	1
PC_12_8h	297	LT934125.1	110402	110402	+	110402	31.349928	31.349928	110402	110402	1	1
PC_12_8h	298	LT934125.1	110693	110693	+	110693	31.349928	31.349928	110693	110693	1	1
PC_12_8h	299	LT934125.1	110889	110889	+	110889	31.349928	31.349928	110889	110889	1	1
PC_12_8h	300	LT934125.1	112855	112884	+	112884	94.049784	62.699856	112855	112884	30	30
PC_12_8h	301	LT934125.1	113190	113190	+	113190	31.349928	31.349928	113190	113190	1	1
PC_12_8h	302	LT934125.1	113433	113444	+	113433	219.449496	94.049784	113433	113444	12	12
PC_12_8h	303	LT934125.1	114950	114988	+	114985	44454.197755	38435.011599	114985	114986	2	39
PC_12_8h	304	LT934125.1	115276	115276	+	115276	31.349928	31.349928	115276	115276	1	1
PC_12_8h	305	LT934125.1	115464	115464	+	115464	31.349928	31.349928	115464	115464	1	1
PC_12_8h	306	LT934125.1	115742	115747	+	115742	62.699856	31.349928	115742	115747	6	6
PC_12_8h	307	LT934125.1	115890	116004	+	115999	940.497839	219.449495	115920	116001	82	115
PC_12_8h	308	LT934125.1	116043	116334	+	116276	2194.494958	156.749639	116100	116316	217	292
PC_12_8h	309	LT934125.1	116367	116868	+	116772	4420.339846	219.449495	116424	116802	379	502
PC_12_8h	310	LT934125.1	117431	117431	+	117431	31.349928	31.349928	117431	117431	1	1
PC_12_8h	311	LT934125.1	117603	117607	+	117607	626.998558	501.598846	117603	117607	5	5
PC_12_8h	312	LT934125.1	117768	117799	+	117769	1348.046901	1003.197693	117769	117779	11	32
PC_12_8h	313	LT934125.1	118031	118031	+	118031	31.349928	31.349928	118031	118031	1	1
PC_12_8h	314	LT934125.1	118133	118133	+	118133	31.349928	31.349928	118133	118133	1	1
PC_12_8h	315	LT934125.1	118345	118345	+	118345	62.699856	62.699856	118345	118345	1	1
PC_12_8h	316	LT934125.1	118513	118513	+	118513	62.699856	62.699856	118513	118513	1	1
PC_12_8h	317	LT934125.1	118857	118866	+	118864	60944.259829	33857.922127	118860	118866	7	10
PC_12_8h	318	LT934125.1	119076	119109	+	119076	219.449496	94.049784	119076	119109	34	34
PC_12_8h	319	LT934125.1	119210	119376	+	119210	752.398272	125.399712	119210	119349	140	167
PC_12_8h	320	LT934125.1	119416	119500	+	119436	407.549064	94.049784	119424	119482	59	85
PC_12_8h	321	LT934125.1	119554	120040	+	119941	3636.591645	188.099567	119613	119985	373	487
PC_12_8h	322	LT934125.1	120075	120403	+	120081	2194.494959	250.799423	120081	120358	278	329
PC_12_8h	323	LT934125.1	120555	120557	+	120555	971.847764	783.748197	120555	120557	3	3
PC_12_8h	324	LT934125.1	120921	120937	+	120937	219.449496	94.049784	120921	120937	17	17
PC_12_8h	325	LT934125.1	121396	121396	+	121396	31.349928	31.349928	121396	121396	1	1
PC_12_8h	326	LT934125.1	121583	121583	+	121583	31.349928	31.349928	121583	121583	1	1
PC_12_8h	327	LT934125.1	121782	121787	+	121784	9248.22873	6364.035363	121784	121786	3	6
PC_12_8h	328	LT934125.1	122110	122137	+	122119	219.449496	94.049784	122110	122137	28	28
PC_12_8h	329	LT934125.1	122614	122815	+	122698	752.398271	156.749639	122629	122803	175	202
PC_12_8h	330	LT934125.1	122958	122988	+	122979	4577.089473	2602.044015	122979	122981	3	31
PC_12_8h	331	LT934125.1	123297	123297	+	123297	31.349928	31.349928	123297	123297	1	1
PC_12_8h	332	LT934125.1	123593	123617	+	123593	156.74964	62.699856	123593	123617	25	25
PC_12_8h	333	LT934125.1	124093	124093	+	124093	62.699856	62.699856	124093	124093	1	1
PC_12_8h	334	LT934125.1	124290	124329	+	124305	470.24892	125.399712	124299	124313	15	40
PC_12_8h	335	LT934125.1	124454	124624	+	124563	752.398272	125.399712	124459	124598	140	171
PC_12_8h	336	LT934125.1	124734	124761	+	124756	7555.332622	6740.234497	124756	124756	1	28
PC_12_8h	337	LT934125.1	124891	124980	+	124937	470.24892	62.699856	124892	124970	79	90
PC_12_8h	338	LT934125.1	125027	125122	+	125104	595.648632	125.399712	125030	125104	75	96
PC_12_8h	339	LT934125.1	125152	125227	+	125225	20032.603926	10502.225845	125223	125225	3	76
PC_12_8h	340	LT934125.1	125331	125424	+	125424	313.49928	62.699856	125357	125424	68	94
PC_12_8h	341	LT934125.1	125631	125637	+	125637	94.049784	62.699856	125631	125637	7	7
PC_12_8h	342	LT934125.1	125673	126053	+	125804	2131.795104	94.049784	125695	126012	318	381
PC_12_8h	343	LT934125.1	126375	126375	+	126375	31.349928	31.349928	126375	126375	1	1
PC_12_8h	344	LT934125.1	126805	126805	+	126805	31.349928	31.349928	126805	126805	1	1
PC_12_8h	345	LT934125.1	127788	127788	+	127788	31.349928	31.349928	127788	127788	1	1
PC_12_8h	346	LT934125.1	127999	128111	+	128083	1975.04546	313.499279	128037	128084	48	113
PC_12_8h	347	LT934125.1	128161	128190	+	128185	1379.396828	564.298702	128184	128189	6	30
PC_12_8h	348	LT934125.1	128371	128371	+	128371	31.349928	31.349928	128371	128371	1	1
PC_12_8h	349	LT934125.1	129211	129211	+	129211	31.349928	31.349928	129211	129211	1	1
PC_12_8h	350	LT934125.1	129901	129901	+	129901	31.349928	31.349928	129901	129901	1	1
PC_12_8h	351	LT934125.1	130179	130194	+	130179	62.699856	31.349928	130179	130194	16	16
PC_12_8h	352	LT934125.1	130715	130715	+	130715	31.349928	31.349928	130715	130715	1	1
PC_12_8h	353	LT934125.1	130853	130853	+	130853	31.349928	31.349928	130853	130853	1	1
PC_12_8h	354	LT934125.1	131659	131659	+	131659	31.349928	31.349928	131659	131659	1	1
PC_12_8h	355	LT934125.1	132055	132055	+	132055	31.349928	31.349928	132055	132055	1	1
PC_12_8h	356	LT934125.1	132614	132618	+	132614	219.449495	156.749639	132614	132618	5	5
PC_12_8h	357	LT934125.1	132936	132944	+	132936	62.699856	31.349928	132936	132944	9	9
PC_12_8h	358	LT934125.1	133128	133128	+	133128	31.349928	31.349928	133128	133128	1	1
PC_12_8h	359	LT934125.1	133968	133968	+	133968	62.699856	62.699856	133968	133968	1	1
PC_12_8h	360	LT934125.1	134280	134280	+	134280	31.349928	31.349928	134280	134280	1	1
PC_12_8h	361	LT934125.1	134977	134996	+	134990	219.449496	125.399712	134977	134996	20	20
PC_12_8h	362	LT934125.1	135261	135267	+	135261	94.049784	31.349928	135261	135267	7	7
PC_12_8h	363	LT934125.1	136158	136174	+	136158	1003.197693	877.797981	136158	136161	4	17
PC_12_8h	364	LT934125.1	136292	136378	+	136348	815.098127	344.849207	136322	136352	31	87
PC_12_8h	365	LT934125.1	136645	136664	+	136645	62.699856	31.349928	136645	136664	20	20
PC_12_8h	366	LT934125.1	137108	137140	+	137108	94.049784	31.349928	137108	137140	33	33
PC_12_8h	367	LT934125.1	137820	137820	+	137820	31.349928	31.349928	137820	137820	1	1
PC_12_8h	368	LT934125.1	138099	138099	+	138099	31.349928	31.349928	138099	138099	1	1
PC_12_8h	369	LT934125.1	138676	138701	+	138676	62.699856	31.349928	138676	138701	26	26
PC_12_8h	370	LT934125.1	138863	138863	+	138863	31.349928	31.349928	138863	138863	1	1
PC_12_8h	371	LT934125.1	139115	139115	+	139115	31.349928	31.349928	139115	139115	1	1
PC_12_8h	372	LT934125.1	139506	139506	+	139506	31.349928	31.349928	139506	139506	1	1
PC_12_8h	373	LT934125.1	139883	139883	+	139883	31.349928	31.349928	139883	139883	1	1
PC_12_8h	374	LT934125.1	140171	140171	+	140171	31.349928	31.349928	140171	140171	1	1
PC_12_8h	375	LT934125.1	140545	140545	+	140545	31.349928	31.349928	140545	140545	1	1
PC_12_8h	376	LT934125.1	141675	141675	+	141675	31.349928	31.349928	141675	141675	1	1
PC_12_8h	377	LT934125.1	141975	141975	+	141975	31.349928	31.349928	141975	141975	1	1
PC_12_8h	378	LT934125.1	2873	2917	-	2917	250.799424	62.699856	2873	2917	45	45
PC_12_8h	379	LT934125.1	3126	3148	-	3141	250.799424	62.699856	3126	3148	23	23
PC_12_8h	380	LT934125.1	3291	3351	-	3305	532.948775	156.749639	3298	3349	52	61
PC_12_8h	381	LT934125.1	3877	3917	-	3910	1222.647189	658.348486	3903	3911	9	41
PC_12_8h	382	LT934125.1	4156	4156	-	4156	31.349928	31.349928	4156	4156	1	1
PC_12_8h	383	LT934125.1	4470	4470	-	4470	31.349928	31.349928	4470	4470	1	1
PC_12_8h	384	LT934125.1	4924	4955	-	4925	282.149351	156.749639	4924	4955	32	32
PC_12_8h	385	LT934125.1	5169	5169	-	5169	31.349928	31.349928	5169	5169	1	1
PC_12_8h	386	LT934125.1	6219	6219	-	6219	31.349928	31.349928	6219	6219	1	1
PC_12_8h	387	LT934125.1	7161	7161	-	7161	31.349928	31.349928	7161	7161	1	1
PC_12_8h	388	LT934125.1	7406	7406	-	7406	31.349928	31.349928	7406	7406	1	1
PC_12_8h	389	LT934125.1	7758	7758	-	7758	188.099567	188.099567	7758	7758	1	1
PC_12_8h	390	LT934125.1	7924	7924	-	7924	31.349928	31.349928	7924	7924	1	1
PC_12_8h	391	LT934125.1	8186	8188	-	8186	62.699856	31.349928	8186	8188	3	3
PC_12_8h	392	LT934125.1	8592	8606	-	8592	156.74964	62.699856	8592	8606	15	15
PC_12_8h	393	LT934125.1	9057	9083	-	9058	188.099568	125.399712	9057	9083	27	27
PC_12_8h	394	LT934125.1	9214	9229	-	9214	282.149351	219.449495	9214	9229	16	16
PC_12_8h	395	LT934125.1	9463	9533	-	9494	1880.995674	1348.046899	9494	9499	6	71
PC_12_8h	396	LT934125.1	9755	9755	-	9755	31.349928	31.349928	9755	9755	1	1
PC_12_8h	397	LT934125.1	9866	9893	-	9885	250.799424	94.049784	9866	9893	28	28
PC_12_8h	398	LT934125.1	9988	10059	-	9988	282.149352	62.699856	9988	10059	72	72
PC_12_8h	399	LT934125.1	10454	10454	-	10454	31.349928	31.349928	10454	10454	1	1
PC_12_8h	400	LT934125.1	11173	11173	-	11173	31.349928	31.349928	11173	11173	1	1
PC_12_8h	401	LT934125.1	11434	11440	-	11434	62.699856	31.349928	11434	11440	7	7
PC_12_8h	402	LT934125.1	11743	11743	-	11743	31.349928	31.349928	11743	11743	1	1
PC_12_8h	403	LT934125.1	12704	12704	-	12704	31.349928	31.349928	12704	12704	1	1
PC_12_8h	404	LT934125.1	12916	12918	-	12916	62.699856	31.349928	12916	12918	3	3
PC_12_8h	405	LT934125.1	13131	13131	-	13131	31.349928	31.349928	13131	13131	1	1
PC_12_8h	406	LT934125.1	13935	13939	-	13935	62.699856	31.349928	13935	13939	5	5
PC_12_8h	407	LT934125.1	14295	14297	-	14295	62.699856	31.349928	14295	14297	3	3
PC_12_8h	408	LT934125.1	15130	15130	-	15130	31.349928	31.349928	15130	15130	1	1
PC_12_8h	409	LT934125.1	15465	15467	-	15465	125.399712	94.049784	15465	15467	3	3
PC_12_8h	410	LT934125.1	15578	15578	-	15578	31.349928	31.349928	15578	15578	1	1
PC_12_8h	411	LT934125.1	15826	15842	-	15834	282.149352	94.049784	15826	15842	17	17
PC_12_8h	412	LT934125.1	15975	15975	-	15975	31.349928	31.349928	15975	15975	1	1
PC_12_8h	413	LT934125.1	16163	16190	-	16164	219.449496	125.399712	16163	16190	28	28
PC_12_8h	414	LT934125.1	16677	16690	-	16677	94.049784	31.349928	16677	16690	14	14
PC_12_8h	415	LT934125.1	16736	17256	-	16949	2257.194815	156.749639	16791	17226	436	521
PC_12_8h	416	LT934125.1	17286	17402	-	17341	1598.846326	564.298702	17315	17363	49	117
PC_12_8h	417	LT934125.1	17437	17636	-	17472	1159.947336	125.399712	17456	17613	158	200
PC_12_8h	418	LT934125.1	18067	18107	-	18067	219.449496	94.049784	18067	18107	41	41
PC_12_8h	419	LT934125.1	18455	18455	-	18455	94.049784	94.049784	18455	18455	1	1
PC_12_8h	420	LT934125.1	18663	18689	-	18663	156.74964	62.699856	18663	18689	27	27
PC_12_8h	421	LT934125.1	19293	19293	-	19293	31.349928	31.349928	19293	19293	1	1
PC_12_8h	422	LT934125.1	19468	19493	-	19471	7806.132045	3448.492068	19470	19473	4	26
PC_12_8h	423	LT934125.1	19705	19710	-	19705	94.049784	62.699856	19705	19710	6	6
PC_12_8h	424	LT934125.1	19827	19827	-	19827	31.349928	31.349928	19827	19827	1	1
PC_12_8h	425	LT934125.1	21233	21233	-	21233	31.349928	31.349928	21233	21233	1	1
PC_12_8h	426	LT934125.1	21469	21473	-	21473	125.399712	94.049784	21469	21473	5	5
PC_12_8h	427	LT934125.1	21596	21596	-	21596	31.349928	31.349928	21596	21596	1	1
PC_12_8h	428	LT934125.1	21894	21971	-	21941	1253.997117	595.64863	21931	21947	17	78
PC_12_8h	429	LT934125.1	22377	22406	-	22377	125.399712	62.699856	22377	22406	30	30
PC_12_8h	430	LT934125.1	22793	22793	-	22793	31.349928	31.349928	22793	22793	1	1
PC_12_8h	431	LT934125.1	22976	22982	-	22976	62.699856	31.349928	22976	22982	7	7
PC_12_8h	432	LT934125.1	23144	23144	-	23144	31.349928	31.349928	23144	23144	1	1
PC_12_8h	433	LT934125.1	23589	23589	-	23589	31.349928	31.349928	23589	23589	1	1
PC_12_8h	434	LT934125.1	24033	24033	-	24033	31.349928	31.349928	24033	24033	1	1
PC_12_8h	435	LT934125.1	24728	24728	-	24728	31.349928	31.349928	24728	24728	1	1
PC_12_8h	436	LT934125.1	25273	25315	-	25313	501.598847	344.849207	25301	25315	15	43
PC_12_8h	437	LT934125.1	25576	25576	-	25576	31.349928	31.349928	25576	25576	1	1
PC_12_8h	438	LT934125.1	25788	25788	-	25788	31.349928	31.349928	25788	25788	1	1
PC_12_8h	439	LT934125.1	26456	26456	-	26456	31.349928	31.349928	26456	26456	1	1
PC_12_8h	440	LT934125.1	26768	26768	-	26768	31.349928	31.349928	26768	26768	1	1
PC_12_8h	441	LT934125.1	27113	27113	-	27113	31.349928	31.349928	27113	27113	1	1
PC_12_8h	442	LT934125.1	27759	27774	-	27759	94.049784	31.349928	27759	27774	16	16
PC_12_8h	443	LT934125.1	28572	28598	-	28572	94.049784	31.349928	28572	28598	27	27
PC_12_8h	444	LT934125.1	28685	29080	-	29046	2288.544743	188.099567	28722	29046	325	396
PC_12_8h	445	LT934125.1	29257	29300	-	29288	282.149352	125.399712	29257	29300	44	44
PC_12_8h	446	LT934125.1	29404	29418	-	29411	31224.528183	8840.679666	29408	29414	7	15
PC_12_8h	447	LT934125.1	29675	29686	-	29675	62.699856	31.349928	29675	29686	12	12
PC_12_8h	448	LT934125.1	29975	29998	-	29975	94.049784	31.349928	29975	29998	24	24
PC_12_8h	449	LT934125.1	30125	30125	-	30125	31.349928	31.349928	30125	30125	1	1
PC_12_8h	450	LT934125.1	30249	30320	-	30249	125.399712	31.349928	30249	30320	72	72
PC_12_8h	451	LT934125.1	30551	30602	-	30551	94.049784	31.349928	30551	30602	52	52
PC_12_8h	452	LT934125.1	30719	30719	-	30719	31.349928	31.349928	30719	30719	1	1
PC_12_8h	453	LT934125.1	30876	30882	-	30877	376.199135	250.799423	30876	30882	7	7
PC_12_8h	454	LT934125.1	30987	30987	-	30987	31.349928	31.349928	30987	30987	1	1
PC_12_8h	455	LT934125.1	31432	31432	-	31432	62.699856	62.699856	31432	31432	1	1
PC_12_8h	456	LT934125.1	31561	31561	-	31561	31.349928	31.349928	31561	31561	1	1
PC_12_8h	457	LT934125.1	31816	31824	-	31816	62.699856	31.349928	31816	31824	9	9
PC_12_8h	458	LT934125.1	32362	32370	-	32370	125.399712	62.699856	32362	32370	9	9
PC_12_8h	459	LT934125.1	32784	33035	-	32842	1222.64719	501.598846	32842	33015	174	252
PC_12_8h	460	LT934125.1	33652	33671	-	33652	62.699856	31.349928	33652	33671	20	20
PC_12_8h	461	LT934125.1	34467	34478	-	34474	658.348486	219.449495	34468	34478	11	12
PC_12_8h	462	LT934125.1	35198	35198	-	35198	31.349928	31.349928	35198	35198	1	1
PC_12_8h	463	LT934125.1	35366	35366	-	35366	31.349928	31.349928	35366	35366	1	1
PC_12_8h	464	LT934125.1	35570	35570	-	35570	31.349928	31.349928	35570	35570	1	1
PC_12_8h	465	LT934125.1	35765	35765	-	35765	31.349928	31.349928	35765	35765	1	1
PC_12_8h	466	LT934125.1	36397	36397	-	36397	31.349928	31.349928	36397	36397	1	1
PC_12_8h	467	LT934125.1	37065	37065	-	37065	31.349928	31.349928	37065	37065	1	1
PC_12_8h	468	LT934125.1	37207	37207	-	37207	31.349928	31.349928	37207	37207	1	1
PC_12_8h	469	LT934125.1	37460	37460	-	37460	31.349928	31.349928	37460	37460	1	1
PC_12_8h	470	LT934125.1	38386	38386	-	38386	31.349928	31.349928	38386	38386	1	1
PC_12_8h	471	LT934125.1	38839	38839	-	38839	31.349928	31.349928	38839	38839	1	1
PC_12_8h	472	LT934125.1	39296	39296	-	39296	31.349928	31.349928	39296	39296	1	1
PC_12_8h	473	LT934125.1	41655	41655	-	41655	31.349928	31.349928	41655	41655	1	1
PC_12_8h	474	LT934125.1	41992	41997	-	41995	564.298703	407.549063	41993	41995	3	6
PC_12_8h	475	LT934125.1	42111	42125	-	42111	62.699856	31.349928	42111	42125	15	15
PC_12_8h	476	LT934125.1	42252	42270	-	42252	94.049784	62.699856	42252	42270	19	19
PC_12_8h	477	LT934125.1	42641	42641	-	42641	62.699856	62.699856	42641	42641	1	1
PC_12_8h	478	LT934125.1	42811	42811	-	42811	31.349928	31.349928	42811	42811	1	1
PC_12_8h	479	LT934125.1	42984	43035	-	43011	156.74964	62.699856	42984	43035	52	52
PC_12_8h	480	LT934125.1	43245	43255	-	43245	62.699856	31.349928	43245	43255	11	11
PC_12_8h	481	LT934125.1	43403	43403	-	43403	31.349928	31.349928	43403	43403	1	1
PC_12_8h	482	LT934125.1	43892	43892	-	43892	31.349928	31.349928	43892	43892	1	1
PC_12_8h	483	LT934125.1	44147	44147	-	44147	31.349928	31.349928	44147	44147	1	1
PC_12_8h	484	LT934125.1	44753	44756	-	44756	94.049784	62.699856	44753	44756	4	4
PC_12_8h	485	LT934125.1	44886	44901	-	44893	940.497838	344.849207	44886	44893	8	16
PC_12_8h	486	LT934125.1	45649	45649	-	45649	31.349928	31.349928	45649	45649	1	1
PC_12_8h	487	LT934125.1	45865	45865	-	45865	31.349928	31.349928	45865	45865	1	1
PC_12_8h	488	LT934125.1	45967	45967	-	45967	31.349928	31.349928	45967	45967	1	1
PC_12_8h	489	LT934125.1	46104	46124	-	46104	188.099568	62.699856	46104	46124	21	21
PC_12_8h	490	LT934125.1	46354	46354	-	46354	31.349928	31.349928	46354	46354	1	1
PC_12_8h	491	LT934125.1	46988	46988	-	46988	31.349928	31.349928	46988	46988	1	1
PC_12_8h	492	LT934125.1	47403	47403	-	47403	31.349928	31.349928	47403	47403	1	1
PC_12_8h	493	LT934125.1	47531	47531	-	47531	31.349928	31.349928	47531	47531	1	1
PC_12_8h	494	LT934125.1	47638	47638	-	47638	31.349928	31.349928	47638	47638	1	1
PC_12_8h	495	LT934125.1	48169	48169	-	48169	31.349928	31.349928	48169	48169	1	1
PC_12_8h	496	LT934125.1	48442	48442	-	48442	31.349928	31.349928	48442	48442	1	1
PC_12_8h	497	LT934125.1	48740	48740	-	48740	31.349928	31.349928	48740	48740	1	1
PC_12_8h	498	LT934125.1	49161	49161	-	49161	31.349928	31.349928	49161	49161	1	1
PC_12_8h	499	LT934125.1	49384	49384	-	49384	31.349928	31.349928	49384	49384	1	1
PC_12_8h	500	LT934125.1	49590	49598	-	49590	62.699856	31.349928	49590	49598	9	9
PC_12_8h	501	LT934125.1	50137	50137	-	50137	31.349928	31.349928	50137	50137	1	1
PC_12_8h	502	LT934125.1	50346	50498	-	50346	407.549064	31.349928	50368	50478	111	153
PC_12_8h	503	LT934125.1	50589	50592	-	50592	156.74964	94.049784	50589	50592	4	4
PC_12_8h	504	LT934125.1	51139	51149	-	51147	5266.787887	4639.789328	51146	51147	2	11
PC_12_8h	505	LT934125.1	51479	51479	-	51479	31.349928	31.349928	51479	51479	1	1
PC_12_8h	506	LT934125.1	51638	51638	-	51638	31.349928	31.349928	51638	51638	1	1
PC_12_8h	507	LT934125.1	51785	51809	-	51785	62.699856	31.349928	51785	51809	25	25
PC_12_8h	508	LT934125.1	51953	51953	-	51953	31.349928	31.349928	51953	51953	1	1
PC_12_8h	509	LT934125.1	52172	52172	-	52172	31.349928	31.349928	52172	52172	1	1
PC_12_8h	510	LT934125.1	52702	52702	-	52702	31.349928	31.349928	52702	52702	1	1
PC_12_8h	511	LT934125.1	52992	52998	-	52992	94.049784	62.699856	52992	52998	7	7
PC_12_8h	512	LT934125.1	53159	53159	-	53159	31.349928	31.349928	53159	53159	1	1
PC_12_8h	513	LT934125.1	53264	53264	-	53264	31.349928	31.349928	53264	53264	1	1
PC_12_8h	514	LT934125.1	53555	53555	-	53555	31.349928	31.349928	53555	53555	1	1
PC_12_8h	515	LT934125.1	53869	53872	-	53869	62.699856	31.349928	53869	53872	4	4
PC_12_8h	516	LT934125.1	54069	54069	-	54069	31.349928	31.349928	54069	54069	1	1
PC_12_8h	517	LT934125.1	54702	54702	-	54702	31.349928	31.349928	54702	54702	1	1
PC_12_8h	518	LT934125.1	54836	54836	-	54836	62.699856	62.699856	54836	54836	1	1
PC_12_8h	519	LT934125.1	55125	55148	-	55125	62.699856	31.349928	55125	55148	24	24
PC_12_8h	520	LT934125.1	55358	55618	-	55438	2163.14503	188.099567	55375	55595	221	261
PC_12_8h	521	LT934125.1	55661	55808	-	55679	1191.297262	188.099567	55663	55796	134	148
PC_12_8h	522	LT934125.1	56185	56272	-	56188	28967.333377	17744.059189	56187	56190	4	88
PC_12_8h	523	LT934125.1	56573	56573	-	56573	31.349928	31.349928	56573	56573	1	1
PC_12_8h	524	LT934125.1	56776	56776	-	56776	62.699856	62.699856	56776	56776	1	1
PC_12_8h	525	LT934125.1	56944	56950	-	56946	3887.391059	3197.692645	56946	56946	1	7
PC_12_8h	526	LT934125.1	57071	57071	-	57071	31.349928	31.349928	57071	57071	1	1
PC_12_8h	527	LT934125.1	57182	57182	-	57182	31.349928	31.349928	57182	57182	1	1
PC_12_8h	528	LT934125.1	57310	57313	-	57310	62.699856	31.349928	57310	57313	4	4
PC_12_8h	529	LT934125.1	57595	57595	-	57595	31.349928	31.349928	57595	57595	1	1
PC_12_8h	530	LT934125.1	57702	57702	-	57702	31.349928	31.349928	57702	57702	1	1
PC_12_8h	531	LT934125.1	57824	57824	-	57824	31.349928	31.349928	57824	57824	1	1
PC_12_8h	532	LT934125.1	58012	58012	-	58012	62.699856	62.699856	58012	58012	1	1
PC_12_8h	533	LT934125.1	58553	58573	-	58570	846.448054	564.298702	58570	58572	3	21
PC_12_8h	534	LT934125.1	58724	58724	-	58724	31.349928	31.349928	58724	58724	1	1
PC_12_8h	535	LT934125.1	58863	58863	-	58863	31.349928	31.349928	58863	58863	1	1
PC_12_8h	536	LT934125.1	59016	59016	-	59016	125.399712	125.399712	59016	59016	1	1
PC_12_8h	537	LT934125.1	59274	59281	-	59277	470.248919	282.149351	59276	59279	4	8
PC_12_8h	538	LT934125.1	59770	59770	-	59770	31.349928	31.349928	59770	59770	1	1
PC_12_8h	539	LT934125.1	59887	59887	-	59887	31.349928	31.349928	59887	59887	1	1
PC_12_8h	540	LT934125.1	60546	60546	-	60546	31.349928	31.349928	60546	60546	1	1
PC_12_8h	541	LT934125.1	61441	61441	-	61441	31.349928	31.349928	61441	61441	1	1
PC_12_8h	542	LT934125.1	61732	61732	-	61732	31.349928	31.349928	61732	61732	1	1
PC_12_8h	543	LT934125.1	62076	62081	-	62081	94.049784	62.699856	62076	62081	6	6
PC_12_8h	544	LT934125.1	62682	62682	-	62682	31.349928	31.349928	62682	62682	1	1
PC_12_8h	545	LT934125.1	63417	63438	-	63420	219167.345916	197786.695091	63420	63420	1	22
PC_12_8h	546	LT934125.1	63682	63682	-	63682	31.349928	31.349928	63682	63682	1	1
PC_12_8h	547	LT934125.1	63937	63943	-	63937	62.699856	31.349928	63937	63943	7	7
PC_12_8h	548	LT934125.1	64124	64128	-	64125	250.799424	94.049784	64124	64128	5	5
PC_12_8h	549	LT934125.1	64236	64236	-	64236	31.349928	31.349928	64236	64236	1	1
PC_12_8h	550	LT934125.1	64624	64697	-	64624	250.799424	94.049784	64624	64697	74	74
PC_12_8h	551	LT934125.1	64947	64952	-	64947	125.399712	62.699856	64947	64952	6	6
PC_12_8h	552	LT934125.1	65718	65753	-	65752	2382.59452	877.797981	65749	65752	4	36
PC_12_8h	553	LT934125.1	66088	66088	-	66088	31.349928	31.349928	66088	66088	1	1
PC_12_8h	554	LT934125.1	66354	66354	-	66354	125.399712	125.399712	66354	66354	1	1
PC_12_8h	555	LT934125.1	66750	66761	-	66750	188.099568	125.399712	66750	66761	12	12
PC_12_8h	556	LT934125.1	66862	66862	-	66862	31.349928	31.349928	66862	66862	1	1
PC_12_8h	557	LT934125.1	67723	67724	-	67724	344.849207	313.499279	67724	67724	1	2
PC_12_8h	558	LT934125.1	67883	67883	-	67883	31.349928	31.349928	67883	67883	1	1
PC_12_8h	559	LT934125.1	67985	67985	-	67985	31.349928	31.349928	67985	67985	1	1
PC_12_8h	560	LT934125.1	68087	68092	-	68087	62.699856	31.349928	68087	68092	6	6
PC_12_8h	561	LT934125.1	68211	68211	-	68211	31.349928	31.349928	68211	68211	1	1
PC_12_8h	562	LT934125.1	68351	68351	-	68351	31.349928	31.349928	68351	68351	1	1
PC_12_8h	563	LT934125.1	68527	68549	-	68527	156.74964	94.049784	68527	68549	23	23
PC_12_8h	564	LT934125.1	68709	68716	-	68709	62.699856	31.349928	68709	68716	8	8
PC_12_8h	565	LT934125.1	68866	68921	-	68921	313.49928	62.699856	68884	68921	38	56
PC_12_8h	566	LT934125.1	69140	69140	-	69140	31.349928	31.349928	69140	69140	1	1
PC_12_8h	567	LT934125.1	69252	69263	-	69254	282.149352	62.699856	69252	69263	12	12
PC_12_8h	568	LT934125.1	69502	69502	-	69502	31.349928	31.349928	69502	69502	1	1
PC_12_8h	569	LT934125.1	69716	69716	-	69716	31.349928	31.349928	69716	69716	1	1
PC_12_8h	570	LT934125.1	69990	70020	-	69990	94.049784	31.349928	69990	70020	31	31
PC_12_8h	571	LT934125.1	70272	70272	-	70272	31.349928	31.349928	70272	70272	1	1
PC_12_8h	572	LT934125.1	70431	70477	-	70451	1348.046901	564.298702	70436	70470	35	47
PC_12_8h	573	LT934125.1	70923	70923	-	70923	31.349928	31.349928	70923	70923	1	1
PC_12_8h	574	LT934125.1	71411	71428	-	71411	125.399712	31.349928	71411	71428	18	18
PC_12_8h	575	LT934125.1	71678	71678	-	71678	31.349928	31.349928	71678	71678	1	1
PC_12_8h	576	LT934125.1	71881	71889	-	71882	344.849208	94.049784	71882	71889	8	9
PC_12_8h	577	LT934125.1	72035	72072	-	72035	125.399712	31.349928	72035	72072	38	38
PC_12_8h	578	LT934125.1	72174	72177	-	72174	94.049784	62.699856	72174	72177	4	4
PC_12_8h	579	LT934125.1	72435	72435	-	72435	31.349928	31.349928	72435	72435	1	1
PC_12_8h	580	LT934125.1	72584	72592	-	72584	94.049784	31.349928	72584	72592	9	9
PC_12_8h	581	LT934125.1	72705	72738	-	72738	125.399712	62.699856	72705	72738	34	34
PC_12_8h	582	LT934125.1	73105	73108	-	73108	219.449495	188.099567	73105	73108	4	4
PC_12_8h	583	LT934125.1	73486	73486	-	73486	31.349928	31.349928	73486	73486	1	1
PC_12_8h	584	LT934125.1	73656	73656	-	73656	31.349928	31.349928	73656	73656	1	1
PC_12_8h	585	LT934125.1	74342	74345	-	74345	94.049784	62.699856	74342	74345	4	4
PC_12_8h	586	LT934125.1	74759	74759	-	74759	31.349928	31.349928	74759	74759	1	1
PC_12_8h	587	LT934125.1	75610	75624	-	75610	62.699856	31.349928	75610	75624	15	15
PC_12_8h	588	LT934125.1	75750	75750	-	75750	31.349928	31.349928	75750	75750	1	1
PC_12_8h	589	LT934125.1	75946	75946	-	75946	31.349928	31.349928	75946	75946	1	1
PC_12_8h	590	LT934125.1	76311	76311	-	76311	31.349928	31.349928	76311	76311	1	1
PC_12_8h	591	LT934125.1	76596	76596	-	76596	31.349928	31.349928	76596	76596	1	1
PC_12_8h	592	LT934125.1	76860	76865	-	76860	344.849207	282.149351	76860	76864	5	6
PC_12_8h	593	LT934125.1	77139	77139	-	77139	31.349928	31.349928	77139	77139	1	1
PC_12_8h	594	LT934125.1	77603	77603	-	77603	31.349928	31.349928	77603	77603	1	1
PC_12_8h	595	LT934125.1	78490	78490	-	78490	31.349928	31.349928	78490	78490	1	1
PC_12_8h	596	LT934125.1	78879	78879	-	78879	31.349928	31.349928	78879	78879	1	1
PC_12_8h	597	LT934125.1	79245	79245	-	79245	31.349928	31.349928	79245	79245	1	1
PC_12_8h	598	LT934125.1	79571	79571	-	79571	31.349928	31.349928	79571	79571	1	1
PC_12_8h	599	LT934125.1	80260	80260	-	80260	31.349928	31.349928	80260	80260	1	1
PC_12_8h	600	LT934125.1	80484	80961	-	80858	3009.593087	313.499279	80552	80912	361	478
PC_12_8h	601	LT934125.1	80996	81213	-	81035	658.348488	94.049784	81005	81183	179	218
PC_12_8h	602	LT934125.1	81252	81324	-	81302	188.099568	62.699856	81252	81324	73	73
PC_12_8h	603	LT934125.1	81803	81917	-	81804	12445.921377	4765.18904	81804	81810	7	115
PC_12_8h	604	LT934125.1	82020	82044	-	82020	62.699856	31.349928	82020	82044	25	25
PC_12_8h	605	LT934125.1	82258	82258	-	82258	31.349928	31.349928	82258	82258	1	1
PC_12_8h	606	LT934125.1	82412	82412	-	82412	31.349928	31.349928	82412	82412	1	1
PC_12_8h	607	LT934125.1	82534	82534	-	82534	31.349928	31.349928	82534	82534	1	1
PC_12_8h	608	LT934125.1	83171	83171	-	83171	31.349928	31.349928	83171	83171	1	1
PC_12_8h	609	LT934125.1	85050	85050	-	85050	31.349928	31.349928	85050	85050	1	1
PC_12_8h	610	LT934125.1	86072	86072	-	86072	31.349928	31.349928	86072	86072	1	1
PC_12_8h	611	LT934125.1	86308	86412	-	86374	282.149352	62.699856	86308	86412	105	105
PC_12_8h	612	LT934125.1	86607	86616	-	86607	62.699856	31.349928	86607	86616	10	10
PC_12_8h	613	LT934125.1	87157	87179	-	87161	2100.44517	1598.846323	87157	87161	5	23
PC_12_8h	614	LT934125.1	87419	87449	-	87447	344.849207	188.099567	87422	87447	26	31
PC_12_8h	615	LT934125.1	87707	87707	-	87707	31.349928	31.349928	87707	87707	1	1
PC_12_8h	616	LT934125.1	87812	87812	-	87812	31.349928	31.349928	87812	87812	1	1
PC_12_8h	617	LT934125.1	88065	88065	-	88065	31.349928	31.349928	88065	88065	1	1
PC_12_8h	618	LT934125.1	88330	88330	-	88330	31.349928	31.349928	88330	88330	1	1
PC_12_8h	619	LT934125.1	88561	88561	-	88561	31.349928	31.349928	88561	88561	1	1
PC_12_8h	620	LT934125.1	88802	88802	-	88802	31.349928	31.349928	88802	88802	1	1
PC_12_8h	621	LT934125.1	89078	89081	-	89079	282.149351	188.099567	89078	89081	4	4
PC_12_8h	622	LT934125.1	89487	89487	-	89487	31.349928	31.349928	89487	89487	1	1
PC_12_8h	623	LT934125.1	89612	89612	-	89612	31.349928	31.349928	89612	89612	1	1
PC_12_8h	624	LT934125.1	89852	89852	-	89852	31.349928	31.349928	89852	89852	1	1
PC_12_8h	625	LT934125.1	90107	90107	-	90107	31.349928	31.349928	90107	90107	1	1
PC_12_8h	626	LT934125.1	90586	90586	-	90586	31.349928	31.349928	90586	90586	1	1
PC_12_8h	627	LT934125.1	90875	90875	-	90875	31.349928	31.349928	90875	90875	1	1
PC_12_8h	628	LT934125.1	91287	91287	-	91287	31.349928	31.349928	91287	91287	1	1
PC_12_8h	629	LT934125.1	91493	91493	-	91493	62.699856	62.699856	91493	91493	1	1
PC_12_8h	630	LT934125.1	91799	91799	-	91799	31.349928	31.349928	91799	91799	1	1
PC_12_8h	631	LT934125.1	92157	92343	-	92303	1065.897551	188.099567	92197	92334	138	187
PC_12_8h	632	LT934125.1	92375	92490	-	92446	344.849208	62.699856	92377	92490	114	116
PC_12_8h	633	LT934125.1	92744	92785	-	92785	156.74964	62.699856	92744	92785	42	42
PC_12_8h	634	LT934125.1	92929	92973	-	92933	8589.880244	6426.735219	92933	92936	4	45
PC_12_8h	635	LT934125.1	93186	93219	-	93186	156.74964	62.699856	93186	93219	34	34
PC_12_8h	636	LT934125.1	93413	93473	-	93413	250.799424	125.399712	93413	93473	61	61
PC_12_8h	637	LT934125.1	93647	93686	-	93654	1159.947333	1003.197693	93654	93654	1	40
PC_12_8h	638	LT934125.1	93957	93985	-	93957	125.399712	31.349928	93957	93985	29	29
PC_12_8h	639	LT934125.1	94203	94203	-	94203	31.349928	31.349928	94203	94203	1	1
PC_12_8h	640	LT934125.1	94526	94529	-	94529	595.64863	282.149351	94526	94529	4	4
PC_12_8h	641	LT934125.1	94941	94949	-	94947	2946.893223	2131.795097	94943	94947	5	9
PC_12_8h	642	LT934125.1	95156	95156	-	95156	31.349928	31.349928	95156	95156	1	1
PC_12_8h	643	LT934125.1	95506	95506	-	95506	31.349928	31.349928	95506	95506	1	1
PC_12_8h	644	LT934125.1	95694	95698	-	95694	94.049784	62.699856	95694	95698	5	5
PC_12_8h	645	LT934125.1	95829	95829	-	95829	31.349928	31.349928	95829	95829	1	1
PC_12_8h	646	LT934125.1	96040	96189	-	96168	658.348487	156.749639	96063	96168	106	150
PC_12_8h	647	LT934125.1	96314	96356	-	96324	219.449496	62.699856	96314	96356	43	43
PC_12_8h	648	LT934125.1	96590	96628	-	96598	250.799424	125.399712	96590	96628	39	39
PC_12_8h	649	LT934125.1	96833	96843	-	96843	125.399712	62.699856	96833	96843	11	11
PC_12_8h	650	LT934125.1	97173	97174	-	97174	94.049784	62.699856	97173	97174	2	2
PC_12_8h	651	LT934125.1	97291	97383	-	97361	5110.038249	2069.095241	97334	97361	28	93
PC_12_8h	652	LT934125.1	97529	97538	-	97529	94.049784	31.349928	97529	97538	10	10
PC_12_8h	653	LT934125.1	98415	98415	-	98415	31.349928	31.349928	98415	98415	1	1
PC_12_8h	654	LT934125.1	98596	98596	-	98596	31.349928	31.349928	98596	98596	1	1
PC_12_8h	655	LT934125.1	98742	98742	-	98742	31.349928	31.349928	98742	98742	1	1
PC_12_8h	656	LT934125.1	99452	99452	-	99452	31.349928	31.349928	99452	99452	1	1
PC_12_8h	657	LT934125.1	101731	101742	-	101731	62.699856	31.349928	101731	101742	12	12
PC_12_8h	658	LT934125.1	102042	102042	-	102042	31.349928	31.349928	102042	102042	1	1
PC_12_8h	659	LT934125.1	102478	102544	-	102478	156.74964	31.349928	102478	102544	67	67
PC_12_8h	660	LT934125.1	103401	103401	-	103401	31.349928	31.349928	103401	103401	1	1
PC_12_8h	661	LT934125.1	103695	103695	-	103695	31.349928	31.349928	103695	103695	1	1
PC_12_8h	662	LT934125.1	104211	104211	-	104211	31.349928	31.349928	104211	104211	1	1
PC_12_8h	663	LT934125.1	104602	104602	-	104602	31.349928	31.349928	104602	104602	1	1
PC_12_8h	664	LT934125.1	104799	104799	-	104799	31.349928	31.349928	104799	104799	1	1
PC_12_8h	665	LT934125.1	105016	105041	-	105016	62.699856	31.349928	105016	105041	26	26
PC_12_8h	666	LT934125.1	105618	105618	-	105618	31.349928	31.349928	105618	105618	1	1
PC_12_8h	667	LT934125.1	105863	105863	-	105863	31.349928	31.349928	105863	105863	1	1
PC_12_8h	668	LT934125.1	106577	106609	-	106577	94.049784	31.349928	106577	106609	33	33
PC_12_8h	669	LT934125.1	107053	107072	-	107053	62.699856	31.349928	107053	107072	20	20
PC_12_8h	670	LT934125.1	107193	107193	-	107193	31.349928	31.349928	107193	107193	1	1
PC_12_8h	671	LT934125.1	107339	107425	-	107369	815.098127	344.849207	107365	107395	31	87
PC_12_8h	672	LT934125.1	107543	107559	-	107559	1003.197693	877.797981	107556	107559	4	17
PC_12_8h	673	LT934125.1	108450	108456	-	108450	94.049784	31.349928	108450	108456	7	7
PC_12_8h	674	LT934125.1	108721	108740	-	108727	219.449496	125.399712	108721	108740	20	20
PC_12_8h	675	LT934125.1	109437	109437	-	109437	31.349928	31.349928	109437	109437	1	1
PC_12_8h	676	LT934125.1	109749	109749	-	109749	62.699856	62.699856	109749	109749	1	1
PC_12_8h	677	LT934125.1	110589	110589	-	110589	31.349928	31.349928	110589	110589	1	1
PC_12_8h	678	LT934125.1	110702	110702	-	110702	31.349928	31.349928	110702	110702	1	1
PC_12_8h	679	LT934125.1	110950	110950	-	110950	31.349928	31.349928	110950	110950	1	1
PC_12_8h	680	LT934125.1	111099	111103	-	111103	219.449495	156.749639	111099	111103	5	5
PC_12_8h	681	LT934125.1	111662	111662	-	111662	31.349928	31.349928	111662	111662	1	1
PC_12_8h	682	LT934125.1	112058	112058	-	112058	31.349928	31.349928	112058	112058	1	1
PC_12_8h	683	LT934125.1	112864	112864	-	112864	31.349928	31.349928	112864	112864	1	1
PC_12_8h	684	LT934125.1	113002	113002	-	113002	31.349928	31.349928	113002	113002	1	1
PC_12_8h	685	LT934125.1	113523	113538	-	113523	62.699856	31.349928	113523	113538	16	16
PC_12_8h	686	LT934125.1	113816	113816	-	113816	31.349928	31.349928	113816	113816	1	1
PC_12_8h	687	LT934125.1	114506	114506	-	114506	31.349928	31.349928	114506	114506	1	1
PC_12_8h	688	LT934125.1	115346	115346	-	115346	31.349928	31.349928	115346	115346	1	1
PC_12_8h	689	LT934125.1	115527	115556	-	115532	1348.0469	564.298702	115528	115533	6	30
PC_12_8h	690	LT934125.1	115606	115718	-	115634	1975.04546	313.499279	115633	115680	48	113
PC_12_8h	691	LT934125.1	115929	115929	-	115929	31.349928	31.349928	115929	115929	1	1
PC_12_8h	692	LT934125.1	116910	116910	-	116910	31.349928	31.349928	116910	116910	1	1
PC_12_8h	693	LT934125.1	117340	117340	-	117340	31.349928	31.349928	117340	117340	1	1
PC_12_8h	694	LT934125.1	117733	117733	-	117733	31.349928	31.349928	117733	117733	1	1
PC_12_8h	695	LT934125.1	117853	117853	-	117853	31.349928	31.349928	117853	117853	1	1
PC_12_8h	696	LT934125.1	118008	118008	-	118008	31.349928	31.349928	118008	118008	1	1
PC_12_8h	697	LT934125.1	118199	118199	-	118199	62.699856	62.699856	118199	118199	1	1
PC_12_8h	698	LT934125.1	118376	118400	-	118400	219.449496	125.399712	118376	118400	25	25
PC_12_8h	699	LT934125.1	118724	118724	-	118724	31.349928	31.349928	118724	118724	1	1
PC_12_8h	700	LT934125.1	119033	119070	-	119058	564.298703	313.499279	119038	119061	24	38
PC_12_8h	701	LT934125.1	119359	119362	-	119359	62.699856	31.349928	119359	119362	4	4
PC_12_8h	702	LT934125.1	119481	119501	-	119499	156.74964	62.699856	119481	119501	21	21
PC_12_8h	703	LT934125.1	119641	119641	-	119641	31.349928	31.349928	119641	119641	1	1
PC_12_8h	704	LT934125.1	119910	119935	-	119923	783.748199	250.799423	119910	119931	22	26
PC_12_8h	705	LT934125.1	120234	120250	-	120241	125.399712	62.699856	120234	120250	17	17
PC_12_8h	706	LT934125.1	120408	120454	-	120433	658.348488	125.399712	120418	120454	37	47
PC_12_8h	707	LT934125.1	120676	120676	-	120676	31.349928	31.349928	120676	120676	1	1
PC_12_8h	708	LT934125.1	121344	121361	-	121344	125.399712	31.349928	121344	121361	18	18
PC_12_8h	709	LT934125.1	121498	121524	-	121498	62.699856	31.349928	121498	121524	27	27
PC_12_8h	710	LT934125.1	121832	121872	-	121832	156.74964	31.349928	121832	121872	41	41
PC_12_8h	711	LT934125.1	122086	122106	-	122086	94.049784	31.349928	122086	122106	21	21
PC_12_8h	712	LT934125.1	122318	122322	-	122320	219.449496	125.399712	122318	122322	5	5
PC_12_8h	713	LT934125.1	122413	122497	-	122424	626.998558	156.749639	122414	122482	69	85
PC_12_8h	714	LT934125.1	122719	122723	-	122719	62.699856	31.349928	122719	122723	5	5
PC_12_8h	715	LT934125.1	123008	123008	-	123008	31.349928	31.349928	123008	123008	1	1
PC_12_8h	716	LT934125.1	123663	123663	-	123663	31.349928	31.349928	123663	123663	1	1
PC_12_8h	717	LT934125.1	123859	123859	-	123859	31.349928	31.349928	123859	123859	1	1
PC_12_8h	718	LT934125.1	124278	124278	-	124278	31.349928	31.349928	124278	124278	1	1
PC_12_8h	719	LT934125.1	124703	124862	-	124819	815.098127	156.749639	124726	124859	134	160
PC_12_8h	720	LT934125.1	125129	125130	-	125130	94.049784	62.699856	125129	125130	2	2
PC_12_8h	721	LT934125.1	125505	125505	-	125505	62.699856	62.699856	125505	125505	1	1
PC_12_8h	722	LT934125.1	125803	125805	-	125803	62.699856	31.349928	125803	125805	3	3
PC_12_8h	723	LT934125.1	126103	126112	-	126112	188.099568	125.399712	126103	126112	10	10
PC_12_8h	724	LT934125.1	126847	127350	-	126945	4357.63999	219.449495	126917	127293	377	504
PC_12_8h	725	LT934125.1	127383	127674	-	127434	2194.494958	156.749639	127401	127617	217	292
PC_12_8h	726	LT934125.1	127713	127827	-	127718	940.497839	219.449495	127716	127797	82	115
PC_12_8h	727	LT934125.1	128115	128115	-	128115	31.349928	31.349928	128115	128115	1	1
PC_12_8h	728	LT934125.1	128441	128441	-	128441	31.349928	31.349928	128441	128441	1	1
PC_12_8h	729	LT934125.1	128729	128767	-	128732	44548.247539	38466.361527	128731	128732	2	39
PC_12_8h	730	LT934125.1	130273	130284	-	130284	219.449496	94.049784	130273	130284	12	12
PC_12_8h	731	LT934125.1	130445	130445	-	130445	31.349928	31.349928	130445	130445	1	1
PC_12_8h	732	LT934125.1	130833	130862	-	130833	94.049784	62.699856	130833	130862	30	30
PC_12_8h	733	LT934125.1	132828	132828	-	132828	31.349928	31.349928	132828	132828	1	1
PC_12_8h	734	LT934125.1	133024	133024	-	133024	31.349928	31.349928	133024	133024	1	1
PC_12_8h	735	LT934125.1	133315	133315	-	133315	31.349928	31.349928	133315	133315	1	1
PC_12_8h	736	LT934125.1	133620	133620	-	133620	31.349928	31.349928	133620	133620	1	1
PC_12_8h	737	LT934125.1	134981	135031	-	134981	125.399712	62.699856	134981	135031	51	51
PC_12_8h	738	LT934125.1	135405	135410	-	135407	219.449496	125.399712	135405	135410	6	6
PC_12_8h	739	LT934125.1	135666	135666	-	135666	62.699856	62.699856	135666	135666	1	1
PC_12_8h	740	LT934125.1	135899	135899	-	135899	31.349928	31.349928	135899	135899	1	1
PC_12_8h	741	LT934125.1	136103	136131	-	136103	62.699856	31.349928	136103	136131	29	29
PC_12_8h	742	LT934125.1	136218	136328	-	136235	2570.69409	877.797981	136233	136297	65	111
PC_12_8h	743	LT934125.1	136546	136546	-	136546	31.349928	31.349928	136546	136546	1	1
PC_12_8h	744	LT934125.1	136682	136689	-	136682	94.049784	31.349928	136682	136689	8	8
PC_12_8h	745	LT934125.1	136887	136911	-	136887	62.699856	31.349928	136887	136911	25	25
PC_12_8h	746	LT934125.1	137121	137132	-	137121	188.099568	94.049784	137121	137132	12	12
PC_12_8h	747	LT934125.1	137319	137352	-	137319	125.399712	31.349928	137319	137352	34	34
PC_12_8h	748	LT934125.1	137504	137538	-	137504	156.74964	31.349928	137504	137538	35	35
PC_12_8h	749	LT934125.1	137727	137730	-	137727	62.699856	31.349928	137727	137730	4	4
PC_12_8h	750	LT934125.1	138184	138184	-	138184	62.699856	62.699856	138184	138184	1	1
PC_12_8h	751	LT934125.1	138324	138328	-	138324	94.049784	31.349928	138324	138328	5	5
PC_12_8h	752	LT934125.1	138540	138575	-	138545	250.799424	125.399712	138540	138575	36	36
PC_12_8h	753	LT934125.1	138700	138700	-	138700	31.349928	31.349928	138700	138700	1	1
PC_12_8h	754	LT934125.1	138937	139018	-	138953	313.49928	94.049784	138952	138996	45	82
PC_12_8h	755	LT934125.1	139188	139188	-	139188	31.349928	31.349928	139188	139188	1	1
PC_12_8h	756	LT934125.1	139418	139419	-	139418	62.699856	31.349928	139418	139419	2	2
PC_12_8h	757	LT934125.1	139725	139725	-	139725	31.349928	31.349928	139725	139725	1	1
PC_12_8h	758	LT934125.1	140089	140089	-	140089	31.349928	31.349928	140089	140089	1	1
PC_12_8h	759	LT934125.1	140189	140189	-	140189	31.349928	31.349928	140189	140189	1	1
PC_12_8h	760	LT934125.1	140513	140513	-	140513	31.349928	31.349928	140513	140513	1	1
PC_12_8h	761	LT934125.1	140873	140879	-	140873	62.699856	31.349928	140873	140879	7	7
PC_12_8h	762	LT934125.1	141655	141655	-	141655	31.349928	31.349928	141655	141655	1	1
PC_12_8h	763	LT934125.1	141914	141914	-	141914	94.049784	94.049784	141914	141914	1	1
PC_12_8h	764	LT934125.1	142114	142114	-	142114	31.349928	31.349928	142114	142114	1	1
PC_12_8h	765	LT934125.1	142245	142245	-	142245	31.349928	31.349928	142245	142245	1	1
PC_12_8h	766	LT934125.1	142717	142717	-	142717	31.349928	31.349928	142717	142717	1	1
PC_12_dRNA	1	LT934125.1	2781	2781	+	2781	50000	50000	2781	2781	1	1
PC_12_dRNA	2	LT934125.1	12376	12376	+	12376	50000	50000	12376	12376	1	1
PC_12_dRNA	3	LT934125.1	28442	28442	+	28442	50000	50000	28442	28442	1	1
PC_12_dRNA	4	LT934125.1	31995	31995	+	31995	50000	50000	31995	31995	1	1
PC_12_dRNA	5	LT934125.1	32687	32687	+	32687	1e+05	1e+05	32687	32687	1	1
PC_12_dRNA	6	LT934125.1	42005	42007	+	42005	1e+05	50000	42005	42007	3	3
PC_12_dRNA	7	LT934125.1	64149	64149	+	64149	50000	50000	64149	64149	1	1
PC_12_dRNA	8	LT934125.1	67757	67757	+	67757	50000	50000	67757	67757	1	1
PC_12_dRNA	9	LT934125.1	67923	67923	+	67923	50000	50000	67923	67923	1	1
PC_12_dRNA	10	LT934125.1	92114	92114	+	92114	50000	50000	92114	92114	1	1
PC_12_dRNA	11	LT934125.1	15926	15926	-	15926	50000	50000	15926	15926	1	1
PC_12_dRNA	12	LT934125.1	32393	32393	-	32393	50000	50000	32393	32393	1	1
PC_12_dRNA	13	LT934125.1	49621	49621	-	49621	50000	50000	49621	49621	1	1
PC_12_dRNA	14	LT934125.1	55947	55947	-	55947	50000	50000	55947	55947	1	1
PC_12_dRNA	15	LT934125.1	81091	81091	-	81091	50000	50000	81091	81091	1	1
PC_12_dRNA	16	LT934125.1	94918	94918	-	94918	50000	50000	94918	94918	1	1
PC_12_dRNA	17	LT934125.1	125222	125222	-	125222	50000	50000	125222	125222	1	1
PC_12_dRNA	18	LT934125.1	126149	126149	-	126149	50000	50000	126149	126149	1	1
PK_15_12h	1	LT934125.1	779	779	+	779	20.594966	20.594966	779	779	1	1
PK_15_12h	2	LT934125.1	986	992	+	990	881.006865	622.425629	987	990	4	7
PK_15_12h	3	LT934125.1	1334	1337	+	1337	80.091533	54.919908	1334	1337	4	4
PK_15_12h	4	LT934125.1	1600	1607	+	1600	1558.352403	1162.471396	1600	1603	4	8
PK_15_12h	5	LT934125.1	1815	1815	+	1815	11.441648	11.441648	1815	1815	1	1
PK_15_12h	6	LT934125.1	7588	7596	+	7588	718.53547	354.691076	7588	7594	7	9
PK_15_12h	7	LT934125.1	7811	7811	+	7811	16.018307	16.018307	7811	7811	1	1
PK_15_12h	8	LT934125.1	9106	9114	+	9113	8789.473684	6549.199085	9107	9113	7	9
PK_15_12h	9	LT934125.1	9267	9270	+	9270	12171.624714	10533.180778	9269	9270	2	4
PK_15_12h	10	LT934125.1	9640	9679	+	9646	7508.009155	2082.379863	9643	9647	5	40
PK_15_12h	11	LT934125.1	9771	9861	+	9817	169.336387	41.189931	9782	9852	71	91
PK_15_12h	12	LT934125.1	9896	9930	+	9930	89.244851	38.901602	9896	9930	35	35
PK_15_12h	13	LT934125.1	10046	10161	+	10075	382.151031	80.091533	10060	10156	97	116
PK_15_12h	14	LT934125.1	10252	10252	+	10252	100.686499	100.686499	10252	10252	1	1
PK_15_12h	15	LT934125.1	10431	10434	+	10431	1320.366133	1196.796339	10431	10431	1	4
PK_15_12h	16	LT934125.1	11788	11800	+	11793	697.940505	178.489703	11791	11798	8	13
PK_15_12h	17	LT934125.1	12015	12015	+	12015	16.018307	16.018307	12015	12015	1	1
PK_15_12h	18	LT934125.1	13263	13263	+	13263	20.594966	20.594966	13263	13263	1	1
PK_15_12h	19	LT934125.1	13569	13580	+	13569	43.478261	29.748284	13569	13580	12	12
PK_15_12h	20	LT934125.1	14042	14051	+	14048	6974.828375	6249.427918	14048	14048	1	10
PK_15_12h	21	LT934125.1	14370	14370	+	14370	16.018307	16.018307	14370	14370	1	1
PK_15_12h	22	LT934125.1	14541	14560	+	14560	50.34325	29.748284	14541	14560	20	20
PK_15_12h	23	LT934125.1	14724	14859	+	14818	169.336385	45.76659	14730	14859	130	136
PK_15_12h	24	LT934125.1	14895	14953	+	14930	173.913045	64.073227	14895	14953	59	59
PK_15_12h	25	LT934125.1	15136	15306	+	15170	361.556064	59.496568	15159	15287	129	171
PK_15_12h	26	LT934125.1	15583	15892	+	15836	1242.562928	114.416476	15615	15866	252	310
PK_15_12h	27	LT934125.1	16052	16078	+	16052	153.318078	70.938215	16052	16069	18	27
PK_15_12h	28	LT934125.1	19079	19079	+	19079	13.729977	13.729977	19079	19079	1	1
PK_15_12h	29	LT934125.1	27846	27846	+	27846	13.729977	13.729977	27846	27846	1	1
PK_15_12h	30	LT934125.1	29465	29465	+	29465	22.883295	22.883295	29465	29465	1	1
PK_15_12h	31	LT934125.1	30235	30241	+	30240	228.832952	112.128146	30235	30240	6	7
PK_15_12h	32	LT934125.1	30932	30938	+	30932	93.821511	77.803204	30932	30938	7	7
PK_15_12h	33	LT934125.1	31093	31098	+	31098	9864.988559	8089.244851	31096	31098	3	6
PK_15_12h	34	LT934125.1	31453	31474	+	31474	34.324943	22.883295	31453	31474	22	22
PK_15_12h	35	LT934125.1	31609	31609	+	31609	11.441648	11.441648	31609	31609	1	1
PK_15_12h	36	LT934125.1	31847	31870	+	31859	263.157895	196.796339	31847	31859	13	24
PK_15_12h	37	LT934125.1	31973	32039	+	32038	82084.668192	49162.471396	32036	32038	3	67
PK_15_12h	38	LT934125.1	32140	32272	+	32161	695.652177	155.606407	32145	32239	95	133
PK_15_12h	39	LT934125.1	34749	34749	+	34749	11.441648	11.441648	34749	34749	1	1
PK_15_12h	40	LT934125.1	44807	44815	+	44812	17146.453089	13242.562929	44810	44812	3	9
PK_15_12h	41	LT934125.1	44946	44946	+	44946	18.306636	18.306636	44946	44946	1	1
PK_15_12h	42	LT934125.1	45058	45069	+	45058	29.748284	16.018307	45058	45069	12	12
PK_15_12h	43	LT934125.1	45313	45313	+	45313	20.594966	20.594966	45313	45313	1	1
PK_15_12h	44	LT934125.1	45467	45496	+	45496	50.34325	38.901602	45467	45496	30	30
PK_15_12h	45	LT934125.1	45792	45792	+	45792	20.594966	20.594966	45792	45792	1	1
PK_15_12h	46	LT934125.1	45909	45916	+	45909	50.34325	25.171625	45909	45916	8	8
PK_15_12h	47	LT934125.1	46023	46029	+	46024	874.141877	290.617849	46023	46026	4	7
PK_15_12h	48	LT934125.1	46233	46239	+	46233	80.091534	29.748284	46233	46239	7	7
PK_15_12h	49	LT934125.1	46489	46489	+	46489	36.613272	36.613272	46489	46489	1	1
PK_15_12h	50	LT934125.1	47005	47005	+	47005	16.018307	16.018307	47005	47005	1	1
PK_15_12h	51	LT934125.1	47315	47320	+	47315	102.974828	54.919908	47315	47320	6	6
PK_15_12h	52	LT934125.1	47570	47572	+	47570	27.459955	16.018307	47570	47572	3	3
PK_15_12h	53	LT934125.1	47699	47699	+	47699	13.729977	13.729977	47699	47699	1	1
PK_15_12h	54	LT934125.1	47872	47872	+	47872	16.018307	16.018307	47872	47872	1	1
PK_15_12h	55	LT934125.1	48253	48253	+	48253	16.018307	16.018307	48253	48253	1	1
PK_15_12h	56	LT934125.1	48409	48412	+	48412	29.748284	16.018307	48409	48412	4	4
PK_15_12h	57	LT934125.1	48494	48571	+	48567	3402.745997	2501.144165	48567	48570	4	78
PK_15_12h	58	LT934125.1	48691	48691	+	48691	32.036613	32.036613	48691	48691	1	1
PK_15_12h	59	LT934125.1	48856	48933	+	48931	84.668194	13.729977	48856	48933	78	78
PK_15_12h	60	LT934125.1	49047	49047	+	49047	13.729977	13.729977	49047	49047	1	1
PK_15_12h	61	LT934125.1	49261	49280	+	49261	59.496567	45.76659	49261	49280	20	20
PK_15_12h	62	LT934125.1	49501	49506	+	49501	41.189931	27.459954	49501	49506	6	6
PK_15_12h	63	LT934125.1	51231	51239	+	51235	6631.578947	3567.505721	51235	51238	4	9
PK_15_12h	64	LT934125.1	51495	51530	+	51495	52.631579	20.594966	51495	51530	36	36
PK_15_12h	65	LT934125.1	51599	51599	+	51599	20.594966	20.594966	51599	51599	1	1
PK_15_12h	66	LT934125.1	51752	51752	+	51752	29.748284	29.748284	51752	51752	1	1
PK_15_12h	67	LT934125.1	52028	52086	+	52028	64.073227	22.883295	52028	52086	59	59
PK_15_12h	68	LT934125.1	52191	52191	+	52191	16.018307	16.018307	52191	52191	1	1
PK_15_12h	69	LT934125.1	52278	52298	+	52298	38.901602	22.883295	52278	52298	21	21
PK_15_12h	70	LT934125.1	52440	52484	+	52460	5583.524027	4157.894737	52444	52460	17	45
PK_15_12h	71	LT934125.1	53640	53652	+	53648	19807.78032	17343.249428	53648	53648	1	13
PK_15_12h	72	LT934125.1	53834	53890	+	53863	96.10984	34.324943	53834	53890	57	57
PK_15_12h	73	LT934125.1	53987	54053	+	53996	164.759726	64.073227	53992	54039	48	67
PK_15_12h	74	LT934125.1	54114	54139	+	54128	82.379863	36.613272	54114	54139	26	26
PK_15_12h	75	LT934125.1	54240	54381	+	54245	237.986272	45.76659	54245	54375	131	142
PK_15_12h	76	LT934125.1	54420	54497	+	54475	201.373	66.361556	54421	54497	77	78
PK_15_12h	77	LT934125.1	54658	54687	+	54658	82.379863	29.748284	54658	54687	30	30
PK_15_12h	78	LT934125.1	54722	54796	+	54796	180.778033	64.073227	54722	54796	75	75
PK_15_12h	79	LT934125.1	54831	54956	+	54938	242.56293	43.478261	54842	54940	99	126
PK_15_12h	80	LT934125.1	55014	55046	+	55038	112.128147	48.05492	55014	55046	33	33
PK_15_12h	81	LT934125.1	55352	55355	+	55352	320.366133	192.21968	55352	55355	4	4
PK_15_12h	82	LT934125.1	55478	55480	+	55478	36.613272	18.306636	55478	55480	3	3
PK_15_12h	83	LT934125.1	55712	55742	+	55712	153.318077	93.82151	55712	55738	27	31
PK_15_12h	84	LT934125.1	55868	55874	+	55871	64.073227	22.883295	55868	55874	7	7
PK_15_12h	85	LT934125.1	56000	56000	+	56000	13.729977	13.729977	56000	56000	1	1
PK_15_12h	86	LT934125.1	58897	58897	+	58897	11.441648	11.441648	58897	58897	1	1
PK_15_12h	87	LT934125.1	59038	59086	+	59068	1784.897026	741.418764	59044	59071	28	49
PK_15_12h	88	LT934125.1	59331	59331	+	59331	11.441648	11.441648	59331	59331	1	1
PK_15_12h	89	LT934125.1	59769	59793	+	59793	54.919908	27.459954	59769	59793	25	25
PK_15_12h	90	LT934125.1	60232	60260	+	60234	977.116706	421.052632	60234	60238	5	29
PK_15_12h	91	LT934125.1	61076	61078	+	61076	59.496568	43.478261	61076	61078	3	3
PK_15_12h	92	LT934125.1	61687	61705	+	61687	29.748284	18.306636	61687	61705	19	19
PK_15_12h	93	LT934125.1	62038	62038	+	62038	20.594966	20.594966	62038	62038	1	1
PK_15_12h	94	LT934125.1	62215	62215	+	62215	11.441648	11.441648	62215	62215	1	1
PK_15_12h	95	LT934125.1	65805	65809	+	65807	260.869566	157.894737	65805	65807	3	5
PK_15_12h	96	LT934125.1	66335	66341	+	66338	4659.038902	3093.82151	66338	66341	4	7
PK_15_12h	97	LT934125.1	66786	66786	+	66786	11.441648	11.441648	66786	66786	1	1
PK_15_12h	98	LT934125.1	67856	67856	+	67856	11.441648	11.441648	67856	67856	1	1
PK_15_12h	99	LT934125.1	67968	67991	+	67991	27.459955	16.018307	67968	67991	24	24
PK_15_12h	100	LT934125.1	68098	68098	+	68098	11.441648	11.441648	68098	68098	1	1
PK_15_12h	101	LT934125.1	68229	68229	+	68229	13.729977	13.729977	68229	68229	1	1
PK_15_12h	102	LT934125.1	68333	68378	+	68378	93.821511	27.459954	68333	68378	46	46
PK_15_12h	103	LT934125.1	68636	68667	+	68667	68.649886	34.324943	68636	68667	32	32
PK_15_12h	104	LT934125.1	68861	68879	+	68873	121.281465	66.361556	68873	68879	7	19
PK_15_12h	105	LT934125.1	69233	69251	+	69244	1311.212817	553.775744	69237	69246	10	19
PK_15_12h	106	LT934125.1	69485	69567	+	69530	173.913044	61.784897	69501	69567	67	83
PK_15_12h	107	LT934125.1	69717	69845	+	69765	233.409614	34.324943	69755	69834	80	129
PK_15_12h	108	LT934125.1	69875	69981	+	69947	311.212816	125.858124	69884	69947	64	107
PK_15_12h	109	LT934125.1	70012	70090	+	70090	636.155606	405.034325	70012	70090	79	79
PK_15_12h	110	LT934125.1	70289	70311	+	70311	98.398169	75.514874	70289	70311	23	23
PK_15_12h	111	LT934125.1	70525	70534	+	70531	37659.038901	22148.741419	70529	70531	3	10
PK_15_12h	112	LT934125.1	70909	70918	+	70918	48.05492	36.613272	70909	70918	10	10
PK_15_12h	113	LT934125.1	71170	71194	+	71185	75.514875	41.189931	71170	71194	25	25
PK_15_12h	114	LT934125.1	72758	72763	+	72759	411.899313	292.906178	72759	72763	5	6
PK_15_12h	115	LT934125.1	74397	74408	+	74402	14803.203662	7720.823799	74400	74403	4	12
PK_15_12h	116	LT934125.1	74677	74677	+	74677	11.441648	11.441648	74677	74677	1	1
PK_15_12h	117	LT934125.1	74833	74839	+	74839	25.171625	13.729977	74833	74839	7	7
PK_15_12h	118	LT934125.1	74950	74950	+	74950	20.594966	20.594966	74950	74950	1	1
PK_15_12h	119	LT934125.1	75139	75154	+	75154	64.073226	45.76659	75139	75154	16	16
PK_15_12h	120	LT934125.1	75262	75262	+	75262	18.306636	18.306636	75262	75262	1	1
PK_15_12h	121	LT934125.1	75342	75382	+	75382	86.956523	59.496568	75342	75382	41	41
PK_15_12h	122	LT934125.1	75491	75491	+	75491	11.441648	11.441648	75491	75491	1	1
PK_15_12h	123	LT934125.1	75653	75653	+	75653	13.729977	13.729977	75653	75653	1	1
PK_15_12h	124	LT934125.1	76683	76685	+	76683	183.066362	123.569794	76683	76685	3	3
PK_15_12h	125	LT934125.1	78035	78044	+	78044	123.569794	45.76659	78035	78044	10	10
PK_15_12h	126	LT934125.1	78825	78825	+	78825	18.306636	18.306636	78825	78825	1	1
PK_15_12h	127	LT934125.1	79143	79143	+	79143	29.748284	29.748284	79143	79143	1	1
PK_15_12h	128	LT934125.1	79315	79315	+	79315	16.018307	16.018307	79315	79315	1	1
PK_15_12h	129	LT934125.1	79437	79454	+	79444	17462.242563	13139.588101	79440	79444	5	18
PK_15_12h	130	LT934125.1	79716	79781	+	79781	123.569794	54.919908	79728	79781	54	66
PK_15_12h	131	LT934125.1	81436	81436	+	81436	11.441648	11.441648	81436	81436	1	1
PK_15_12h	132	LT934125.1	83975	83978	+	83978	54.919909	29.748284	83975	83978	4	4
PK_15_12h	133	LT934125.1	88883	88888	+	88883	32.036614	20.594966	88883	88888	6	6
PK_15_12h	134	LT934125.1	89883	89883	+	89883	11.441648	11.441648	89883	89883	1	1
PK_15_12h	135	LT934125.1	90381	90381	+	90381	25.171625	25.171625	90381	90381	1	1
PK_15_12h	136	LT934125.1	91409	91415	+	91409	1045.76659	585.812357	91409	91412	4	7
PK_15_12h	137	LT934125.1	91545	91548	+	91548	137.299771	100.686499	91545	91548	4	4
PK_15_12h	138	LT934125.1	92291	92291	+	92291	13.729977	13.729977	92291	92291	1	1
PK_15_12h	139	LT934125.1	92451	92456	+	92453	153.318077	98.398169	92451	92456	6	6
PK_15_12h	140	LT934125.1	95750	95750	+	95750	27.459954	27.459954	95750	95750	1	1
PK_15_12h	141	LT934125.1	96885	96885	+	96885	27.459954	27.459954	96885	96885	1	1
PK_15_12h	142	LT934125.1	100936	100938	+	100936	54.919909	43.478261	100936	100938	3	3
PK_15_12h	143	LT934125.1	101059	101059	+	101059	41.189931	41.189931	101059	101059	1	1
PK_15_12h	144	LT934125.1	101290	101293	+	101290	251.716247	160.183066	101290	101293	4	4
PK_15_12h	145	LT934125.1	101472	101472	+	101472	11.441648	11.441648	101472	101472	1	1
PK_15_12h	146	LT934125.1	106596	106596	+	106596	13.729977	13.729977	106596	106596	1	1
PK_15_12h	147	LT934125.1	107473	107509	+	107482	1098.398169	405.034325	107482	107485	4	37
PK_15_12h	148	LT934125.1	107613	107620	+	107614	469.107552	382.15103	107614	107615	2	8
PK_15_12h	149	LT934125.1	108051	108051	+	108051	25.171625	25.171625	108051	108051	1	1
PK_15_12h	150	LT934125.1	108186	108220	+	108186	75.514874	41.189931	108186	108220	35	35
PK_15_12h	151	LT934125.1	108252	108329	+	108310	139.588101	57.208238	108252	108310	59	78
PK_15_12h	152	LT934125.1	108686	108701	+	108686	25.171625	13.729977	108686	108701	16	16
PK_15_12h	153	LT934125.1	112884	112886	+	112884	68.649886	52.631579	112884	112886	3	3
PK_15_12h	154	LT934125.1	114835	114835	+	114835	11.441648	11.441648	114835	114835	1	1
PK_15_12h	155	LT934125.1	114979	114988	+	114985	19656.750572	17608.695652	114985	114986	2	10
PK_15_12h	156	LT934125.1	115475	115475	+	115475	22.883295	22.883295	115475	115475	1	1
PK_15_12h	157	LT934125.1	115815	115841	+	115815	141.87643	93.82151	115815	115841	27	27
PK_15_12h	158	LT934125.1	115940	115963	+	115963	34.324943	22.883295	115940	115963	24	24
PK_15_12h	159	LT934125.1	116120	116155	+	116120	109.839818	34.324943	116120	116155	36	36
PK_15_12h	160	LT934125.1	116355	116475	+	116376	279.176203	34.324943	116367	116471	105	121
PK_15_12h	161	LT934125.1	116591	116622	+	116595	114.416475	41.189931	116591	116622	32	32
PK_15_12h	162	LT934125.1	116700	116791	+	116791	496.567507	155.606407	116715	116791	77	92
PK_15_12h	163	LT934125.1	117603	117612	+	117607	505.720825	393.592677	117606	117607	2	10
PK_15_12h	164	LT934125.1	117769	117796	+	117769	270.022883	176.201373	117769	117779	11	28
PK_15_12h	165	LT934125.1	118857	118866	+	118864	54279.176199	32745.995423	118860	118866	7	10
PK_15_12h	166	LT934125.1	119386	119482	+	119436	155.606408	48.05492	119404	119482	79	97
PK_15_12h	167	LT934125.1	119526	119592	+	119567	96.10984	41.189931	119526	119592	67	67
PK_15_12h	168	LT934125.1	119746	119889	+	119808	469.107554	91.533181	119763	119877	115	144
PK_15_12h	169	LT934125.1	119938	120022	+	119941	331.807783	139.588101	119938	120007	70	85
PK_15_12h	170	LT934125.1	120061	120090	+	120081	153.318078	109.839817	120061	120090	30	30
PK_15_12h	171	LT934125.1	120241	120312	+	120246	286.041192	96.10984	120246	120303	58	72
PK_15_12h	172	LT934125.1	120347	120384	+	120356	112.128147	36.613272	120347	120384	38	38
PK_15_12h	173	LT934125.1	120554	120559	+	120555	1478.26087	983.981693	120555	120557	3	6
PK_15_12h	174	LT934125.1	120933	120937	+	120937	70.938216	29.748284	120933	120937	5	5
PK_15_12h	175	LT934125.1	121271	121271	+	121271	13.729977	13.729977	121271	121271	1	1
PK_15_12h	176	LT934125.1	121783	121787	+	121784	9054.919908	5805.491991	121784	121786	3	5
PK_15_12h	177	LT934125.1	122119	122119	+	122119	29.748284	29.748284	122119	122119	1	1
PK_15_12h	178	LT934125.1	122244	122258	+	122258	36.613272	22.883295	122244	122258	15	15
PK_15_12h	179	LT934125.1	122463	122471	+	122463	41.189932	29.748284	122463	122471	9	9
PK_15_12h	180	LT934125.1	122557	122575	+	122575	50.34325	38.901602	122557	122575	19	19
PK_15_12h	181	LT934125.1	122960	122988	+	122979	3086.956523	1787.185355	122979	122981	3	29
PK_15_12h	182	LT934125.1	123641	123641	+	123641	16.018307	16.018307	123641	123641	1	1
PK_15_12h	183	LT934125.1	123780	123780	+	123780	16.018307	16.018307	123780	123780	1	1
PK_15_12h	184	LT934125.1	124093	124093	+	124093	22.883295	22.883295	124093	124093	1	1
PK_15_12h	185	LT934125.1	124385	124402	+	124385	41.189931	27.459954	124385	124402	18	18
PK_15_12h	186	LT934125.1	124538	124541	+	124541	64.073227	27.459954	124538	124541	4	4
PK_15_12h	187	LT934125.1	124736	124757	+	124756	12052.631579	11443.935927	124756	124756	1	22
PK_15_12h	188	LT934125.1	125098	125104	+	125104	64.073226	36.613272	125098	125104	7	7
PK_15_12h	189	LT934125.1	125137	125229	+	125225	10679.633868	5903.89016	125223	125225	3	93
PK_15_12h	190	LT934125.1	125373	125373	+	125373	38.901602	38.901602	125373	125373	1	1
PK_15_12h	191	LT934125.1	125478	125506	+	125506	34.324943	18.306636	125478	125506	29	29
PK_15_12h	192	LT934125.1	125607	125638	+	125626	48.054921	25.171625	125607	125638	32	32
PK_15_12h	193	LT934125.1	125715	125729	+	125729	73.226545	38.901602	125715	125729	15	15
PK_15_12h	194	LT934125.1	125818	125874	+	125838	82.379863	22.883295	125818	125874	57	57
PK_15_12h	195	LT934125.1	128041	128083	+	128083	148.741419	36.613272	128051	128083	33	43
PK_15_12h	196	LT934125.1	128185	128189	+	128185	66.361556	34.324943	128185	128189	5	5
PK_15_12h	197	LT934125.1	134972	134990	+	134972	27.459954	13.729977	134972	134990	19	19
PK_15_12h	198	LT934125.1	136157	136161	+	136158	485.125858	443.935927	136158	136158	1	5
PK_15_12h	199	LT934125.1	136339	136351	+	136348	121.281465	86.956522	136339	136351	13	13
PK_15_12h	200	LT934125.1	136664	136664	+	136664	13.729977	13.729977	136664	136664	1	1
PK_15_12h	201	LT934125.1	137111	137111	+	137111	11.441648	11.441648	137111	137111	1	1
PK_15_12h	202	LT934125.1	138228	138228	+	138228	11.441648	11.441648	138228	138228	1	1
PK_15_12h	203	LT934125.1	3169	3169	-	3169	11.441648	11.441648	3169	3169	1	1
PK_15_12h	204	LT934125.1	3351	3351	-	3351	25.171625	25.171625	3351	3351	1	1
PK_15_12h	205	LT934125.1	3494	3494	-	3494	20.594966	20.594966	3494	3494	1	1
PK_15_12h	206	LT934125.1	3880	3912	-	3910	116.704805	43.478261	3880	3912	33	33
PK_15_12h	207	LT934125.1	4923	4926	-	4925	180.778032	100.686499	4924	4926	3	4
PK_15_12h	208	LT934125.1	9058	9058	-	9058	64.073227	64.073227	9058	9058	1	1
PK_15_12h	209	LT934125.1	9212	9217	-	9214	205.949657	153.318078	9214	9217	4	6
PK_15_12h	210	LT934125.1	9370	9370	-	9370	13.729977	13.729977	9370	9370	1	1
PK_15_12h	211	LT934125.1	9494	9499	-	9494	697.940504	601.830664	9494	9499	6	6
PK_15_12h	212	LT934125.1	9885	9885	-	9885	54.919908	54.919908	9885	9885	1	1
PK_15_12h	213	LT934125.1	15834	15834	-	15834	48.05492	48.05492	15834	15834	1	1
PK_15_12h	214	LT934125.1	16164	16164	-	16164	13.729977	13.729977	16164	16164	1	1
PK_15_12h	215	LT934125.1	16779	17078	-	16919	1020.59497	91.533181	16802	17047	246	300
PK_15_12h	216	LT934125.1	17207	17237	-	17207	135.011443	64.073227	17207	17237	31	31
PK_15_12h	217	LT934125.1	17289	17389	-	17341	565.217392	178.489703	17300	17363	64	101
PK_15_12h	218	LT934125.1	17440	17551	-	17467	279.176203	80.091533	17450	17540	91	112
PK_15_12h	219	LT934125.1	17670	17728	-	17670	123.569795	22.883295	17670	17728	59	59
PK_15_12h	220	LT934125.1	17783	17813	-	17783	107.551488	38.901602	17783	17813	31	31
PK_15_12h	221	LT934125.1	17960	17981	-	17978	73.226545	20.594966	17960	17981	22	22
PK_15_12h	222	LT934125.1	18080	18107	-	18107	80.091533	66.361556	18080	18107	28	28
PK_15_12h	223	LT934125.1	18270	18276	-	18270	36.613273	20.594966	18270	18276	7	7
PK_15_12h	224	LT934125.1	18412	18433	-	18412	43.478261	18.306636	18412	18433	22	22
PK_15_12h	225	LT934125.1	18565	18565	-	18565	11.441648	11.441648	18565	18565	1	1
PK_15_12h	226	LT934125.1	18693	18693	-	18693	11.441648	11.441648	18693	18693	1	1
PK_15_12h	227	LT934125.1	18965	18965	-	18965	16.018307	16.018307	18965	18965	1	1
PK_15_12h	228	LT934125.1	19469	19474	-	19471	9718.53547	5659.038902	19470	19473	4	6
PK_15_12h	229	LT934125.1	21939	21944	-	21941	121.281465	77.803204	21939	21944	6	6
PK_15_12h	230	LT934125.1	22377	22379	-	22379	68.649885	41.189931	22377	22379	3	3
PK_15_12h	231	LT934125.1	25313	25313	-	25313	80.091533	80.091533	25313	25313	1	1
PK_15_12h	232	LT934125.1	28572	28586	-	28586	32.036614	20.594966	28572	28586	15	15
PK_15_12h	233	LT934125.1	28759	28798	-	28792	114.416477	29.748284	28759	28798	40	40
PK_15_12h	234	LT934125.1	28915	28990	-	28942	80.091535	20.594966	28915	28990	76	76
PK_15_12h	235	LT934125.1	29046	29086	-	29046	123.569795	38.901602	29046	29086	41	41
PK_15_12h	236	LT934125.1	29270	29300	-	29288	167.048055	84.668192	29286	29300	15	31
PK_15_12h	237	LT934125.1	29406	29417	-	29412	28027.459955	8048.05492	29409	29414	6	12
PK_15_12h	238	LT934125.1	30877	30882	-	30877	260.869565	221.967963	30877	30878	2	6
PK_15_12h	239	LT934125.1	32370	32370	-	32370	16.018307	16.018307	32370	32370	1	1
PK_15_12h	240	LT934125.1	32836	32842	-	32842	299.771167	201.372998	32836	32842	7	7
PK_15_12h	241	LT934125.1	33002	33035	-	33035	80.091535	29.748284	33002	33035	34	34
PK_15_12h	242	LT934125.1	33294	33294	-	33294	29.748284	29.748284	33294	33294	1	1
PK_15_12h	243	LT934125.1	33947	33947	-	33947	11.441648	11.441648	33947	33947	1	1
PK_15_12h	244	LT934125.1	34091	34091	-	34091	48.05492	48.05492	34091	34091	1	1
PK_15_12h	245	LT934125.1	34474	34480	-	34478	107.551488	68.649886	34474	34480	7	7
PK_15_12h	246	LT934125.1	41992	41997	-	41995	405.034325	356.979405	41995	41995	1	6
PK_15_12h	247	LT934125.1	43351	43351	-	43351	11.441648	11.441648	43351	43351	1	1
PK_15_12h	248	LT934125.1	44756	44756	-	44756	29.748284	29.748284	44756	44756	1	1
PK_15_12h	249	LT934125.1	44884	44893	-	44889	709.382151	320.366133	44886	44893	8	10
PK_15_12h	250	LT934125.1	50263	50263	-	50263	13.729977	13.729977	50263	50263	1	1
PK_15_12h	251	LT934125.1	50370	50370	-	50370	52.631579	52.631579	50370	50370	1	1
PK_15_12h	252	LT934125.1	50631	50641	-	50631	32.036614	16.018307	50631	50641	11	11
PK_15_12h	253	LT934125.1	50820	50820	-	50820	11.441648	11.441648	50820	50820	1	1
PK_15_12h	254	LT934125.1	51143	51147	-	51147	2862.70023	2661.327231	51147	51147	1	5
PK_15_12h	255	LT934125.1	53592	53592	-	53592	11.441648	11.441648	53592	53592	1	1
PK_15_12h	256	LT934125.1	54170	54174	-	54174	36.613273	25.171625	54170	54174	5	5
PK_15_12h	257	LT934125.1	54702	54702	-	54702	11.441648	11.441648	54702	54702	1	1
PK_15_12h	258	LT934125.1	55378	55389	-	55378	215.102975	141.87643	55378	55381	4	12
PK_15_12h	259	LT934125.1	55661	55860	-	55679	883.295196	286.04119	55661	55807	147	200
PK_15_12h	260	LT934125.1	55893	56081	-	55967	427.917624	43.478261	55896	56045	150	189
PK_15_12h	261	LT934125.1	56185	56194	-	56188	40439.359267	25837.528604	56187	56189	3	10
PK_15_12h	262	LT934125.1	56515	56515	-	56515	16.018307	16.018307	56515	56515	1	1
PK_15_12h	263	LT934125.1	56699	56705	-	56699	27.459955	16.018307	56699	56705	7	7
PK_15_12h	264	LT934125.1	56943	56950	-	56946	4782.608695	4151.029748	56946	56946	1	8
PK_15_12h	265	LT934125.1	57099	57099	-	57099	16.018307	16.018307	57099	57099	1	1
PK_15_12h	266	LT934125.1	58568	58575	-	58570	487.414189	338.672769	58570	58572	3	8
PK_15_12h	267	LT934125.1	59016	59016	-	59016	32.036613	32.036613	59016	59016	1	1
PK_15_12h	268	LT934125.1	59276	59281	-	59277	279.176201	201.372998	59276	59277	2	6
PK_15_12h	269	LT934125.1	62075	62075	-	62075	16.018307	16.018307	62075	62075	1	1
PK_15_12h	270	LT934125.1	63417	63438	-	63420	347922.196798	314059.496568	63420	63420	1	22
PK_15_12h	271	LT934125.1	64123	64128	-	64127	551.487414	226.544622	64123	64127	5	6
PK_15_12h	272	LT934125.1	64370	64370	-	64370	18.306636	18.306636	64370	64370	1	1
PK_15_12h	273	LT934125.1	64640	64655	-	64640	22.883296	11.441648	64640	64655	16	16
PK_15_12h	274	LT934125.1	65746	65752	-	65752	1313.501144	498.855835	65749	65752	4	7
PK_15_12h	275	LT934125.1	65880	65883	-	65883	34.324943	18.306636	65880	65883	4	4
PK_15_12h	276	LT934125.1	66750	66761	-	66750	45.766591	34.324943	66750	66761	12	12
PK_15_12h	277	LT934125.1	67724	67724	-	67724	34.324943	34.324943	67724	67724	1	1
PK_15_12h	278	LT934125.1	68211	68211	-	68211	16.018307	16.018307	68211	68211	1	1
PK_15_12h	279	LT934125.1	68527	68527	-	68527	25.171625	25.171625	68527	68527	1	1
PK_15_12h	280	LT934125.1	68709	68709	-	68709	16.018307	16.018307	68709	68709	1	1
PK_15_12h	281	LT934125.1	68885	68889	-	68886	151.029749	70.938215	68885	68889	5	5
PK_15_12h	282	LT934125.1	69253	69257	-	69254	116.704806	59.496568	69254	69257	4	5
PK_15_12h	283	LT934125.1	70436	70474	-	70446	169.336385	66.361556	70446	70474	29	39
PK_15_12h	284	LT934125.1	71882	71889	-	71882	36.613272	22.883295	71882	71889	8	8
PK_15_12h	285	LT934125.1	72174	72177	-	72174	68.649886	52.631579	72174	72177	4	4
PK_15_12h	286	LT934125.1	72738	72738	-	72738	38.901602	38.901602	72738	72738	1	1
PK_15_12h	287	LT934125.1	72871	72871	-	72871	13.729977	13.729977	72871	72871	1	1
PK_15_12h	288	LT934125.1	73108	73108	-	73108	25.171625	25.171625	73108	73108	1	1
PK_15_12h	289	LT934125.1	74345	74345	-	74345	73.226545	73.226545	74345	74345	1	1
PK_15_12h	290	LT934125.1	76089	76089	-	76089	16.018307	16.018307	76089	76089	1	1
PK_15_12h	291	LT934125.1	76860	76863	-	76860	75.514874	52.631579	76860	76863	4	4
PK_15_12h	292	LT934125.1	80435	80657	-	80633	736.842105	86.956522	80464	80657	194	223
PK_15_12h	293	LT934125.1	80718	80939	-	80820	1064.073228	91.533181	80762	80912	151	222
PK_15_12h	294	LT934125.1	81009	81051	-	81035	240.274599	118.993135	81009	81035	27	43
PK_15_12h	295	LT934125.1	81081	81435	-	81429	787.185358	112.128146	81125	81429	305	355
PK_15_12h	296	LT934125.1	81803	81842	-	81804	30519.450803	13034.324943	81804	81806	3	40
PK_15_12h	297	LT934125.1	82020	82026	-	82026	64.073228	25.171625	82020	82026	7	7
PK_15_12h	298	LT934125.1	86481	86481	-	86481	11.441648	11.441648	86481	86481	1	1
PK_15_12h	299	LT934125.1	87155	87161	-	87161	979.405034	819.221968	87157	87161	5	7
PK_15_12h	300	LT934125.1	89079	89079	-	89079	189.93135	189.93135	89079	89079	1	1
PK_15_12h	301	LT934125.1	92277	92343	-	92303	276.887873	128.146453	92283	92326	44	67
PK_15_12h	302	LT934125.1	92613	92635	-	92631	102.974828	45.76659	92613	92635	23	23
PK_15_12h	303	LT934125.1	92755	92774	-	92774	66.361556	38.901602	92755	92774	20	20
PK_15_12h	304	LT934125.1	92931	92936	-	92933	17473.684211	12768.878719	92933	92936	4	6
PK_15_12h	305	LT934125.1	93482	93482	-	93482	20.594966	20.594966	93482	93482	1	1
PK_15_12h	306	LT934125.1	93651	93654	-	93654	773.455378	709.382151	93654	93654	1	4
PK_15_12h	307	LT934125.1	94526	94529	-	94526	77.803203	54.919908	94526	94529	4	4
PK_15_12h	308	LT934125.1	94942	94948	-	94947	1398.169337	1057.208238	94943	94947	5	7
PK_15_12h	309	LT934125.1	95694	95694	-	95694	32.036613	32.036613	95694	95694	1	1
PK_15_12h	310	LT934125.1	96596	96598	-	96596	34.324943	20.594966	96596	96598	3	3
PK_15_12h	311	LT934125.1	97339	97361	-	97361	613.272312	514.874142	97358	97361	4	23
PK_15_12h	312	LT934125.1	105486	105489	-	105486	22.883296	11.441648	105486	105489	4	4
PK_15_12h	313	LT934125.1	106606	106606	-	106606	11.441648	11.441648	106606	106606	1	1
PK_15_12h	314	LT934125.1	107053	107053	-	107053	13.729977	13.729977	107053	107053	1	1
PK_15_12h	315	LT934125.1	107366	107378	-	107369	121.281465	86.956522	107366	107378	13	13
PK_15_12h	316	LT934125.1	107556	107560	-	107559	485.125858	443.935927	107559	107559	1	5
PK_15_12h	317	LT934125.1	108727	108745	-	108727	27.459954	13.729977	108727	108745	19	19
PK_15_12h	318	LT934125.1	115528	115532	-	115532	64.073227	34.324943	115528	115532	5	5
PK_15_12h	319	LT934125.1	115634	115676	-	115634	148.741419	36.613272	115634	115666	33	43
PK_15_12h	320	LT934125.1	119058	119058	-	119058	36.613272	36.613272	119058	119058	1	1
PK_15_12h	321	LT934125.1	119481	119499	-	119499	57.208238	32.036613	119481	119499	19	19
PK_15_12h	322	LT934125.1	119923	119923	-	119923	32.036613	32.036613	119923	119923	1	1
PK_15_12h	323	LT934125.1	120241	120241	-	120241	16.018307	16.018307	120241	120241	1	1
PK_15_12h	324	LT934125.1	120418	120454	-	120431	139.588101	80.091533	120418	120454	37	37
PK_15_12h	325	LT934125.1	122413	122424	-	122413	66.361556	22.883295	122413	122424	12	12
PK_15_12h	326	LT934125.1	124704	124704	-	124704	22.883295	22.883295	124704	124704	1	1
PK_15_12h	327	LT934125.1	124804	124805	-	124804	25.171625	13.729977	124804	124805	2	2
PK_15_12h	328	LT934125.1	126112	126112	-	126112	43.478261	43.478261	126112	126112	1	1
PK_15_12h	329	LT934125.1	126926	127017	-	126926	494.279177	155.606407	126926	127002	77	92
PK_15_12h	330	LT934125.1	127095	127126	-	127122	114.416475	41.189931	127095	127126	32	32
PK_15_12h	331	LT934125.1	127242	127362	-	127341	279.176203	34.324943	127246	127350	105	121
PK_15_12h	332	LT934125.1	127562	127597	-	127597	109.839818	34.324943	127562	127597	36	36
PK_15_12h	333	LT934125.1	127754	127777	-	127754	34.324943	22.883295	127754	127777	24	24
PK_15_12h	334	LT934125.1	127876	127902	-	127902	141.87643	93.82151	127876	127902	27	27
PK_15_12h	335	LT934125.1	128242	128242	-	128242	22.883295	22.883295	128242	128242	1	1
PK_15_12h	336	LT934125.1	128729	128738	-	128732	19665.903891	17608.695652	128731	128732	2	10
PK_15_12h	337	LT934125.1	128882	128882	-	128882	11.441648	11.441648	128882	128882	1	1
PK_15_12h	338	LT934125.1	130831	130833	-	130833	68.649886	52.631579	130831	130833	3	3
PK_15_12h	339	LT934125.1	135016	135031	-	135031	25.171625	13.729977	135016	135031	16	16
PK_15_12h	340	LT934125.1	135388	135465	-	135407	139.588101	57.208238	135407	135465	59	78
PK_15_12h	341	LT934125.1	135497	135531	-	135531	75.514874	41.189931	135497	135531	35	35
PK_15_12h	342	LT934125.1	135666	135666	-	135666	25.171625	25.171625	135666	135666	1	1
PK_15_12h	343	LT934125.1	136097	136104	-	136103	469.107552	382.15103	136102	136103	2	8
PK_15_12h	344	LT934125.1	136208	136244	-	136235	1100.686499	405.034325	136232	136235	4	37
PK_15_12h	345	LT934125.1	137121	137121	-	137121	13.729977	13.729977	137121	137121	1	1
PK_15_12h	346	LT934125.1	142245	142245	-	142245	11.441648	11.441648	142245	142245	1	1
PK_15_12h	347	LT934125.1	142424	142427	-	142427	251.716247	160.183066	142424	142427	4	4
PK_15_12h	348	LT934125.1	142658	142658	-	142658	36.613272	36.613272	142658	142658	1	1
PK_15_12h	349	LT934125.1	142779	142781	-	142781	54.919909	43.478261	142779	142781	3	3
PK_15_1h	1	LT934125.1	1335	1337	+	1337	8771.929824	5847.953216	1335	1337	3	3
PK_15_1h	2	LT934125.1	1912	1912	+	1912	2923.976608	2923.976608	1912	1912	1	1
PK_15_1h	3	LT934125.1	7591	7591	+	7591	2923.976608	2923.976608	7591	7591	1	1
PK_15_1h	4	LT934125.1	8324	8324	+	8324	2923.976608	2923.976608	8324	8324	1	1
PK_15_1h	5	LT934125.1	9270	9273	+	9270	8771.929824	5847.953216	9270	9273	4	4
PK_15_1h	6	LT934125.1	48567	48567	+	48567	14619.883041	14619.883041	48567	48567	1	1
PK_15_1h	7	LT934125.1	48878	48878	+	48878	2923.976608	2923.976608	48878	48878	1	1
PK_15_1h	8	LT934125.1	49109	49109	+	49109	5847.953216	5847.953216	49109	49109	1	1
PK_15_1h	9	LT934125.1	52460	52460	+	52460	2923.976608	2923.976608	52460	52460	1	1
PK_15_1h	10	LT934125.1	59044	59068	+	59044	8771.929824	5847.953216	59044	59068	25	25
PK_15_1h	11	LT934125.1	66338	66338	+	66338	2923.976608	2923.976608	66338	66338	1	1
PK_15_1h	12	LT934125.1	67463	67463	+	67463	2923.976608	2923.976608	67463	67463	1	1
PK_15_1h	13	LT934125.1	69340	69340	+	69340	2923.976608	2923.976608	69340	69340	1	1
PK_15_1h	14	LT934125.1	69765	69765	+	69765	2923.976608	2923.976608	69765	69765	1	1
PK_15_1h	15	LT934125.1	70093	70093	+	70093	2923.976608	2923.976608	70093	70093	1	1
PK_15_1h	16	LT934125.1	76914	76914	+	76914	2923.976608	2923.976608	76914	76914	1	1
PK_15_1h	17	LT934125.1	79440	79444	+	79444	17543.859649	14619.883041	79440	79444	5	5
PK_15_1h	18	LT934125.1	88885	88885	+	88885	2923.976608	2923.976608	88885	88885	1	1
PK_15_1h	19	LT934125.1	91383	91383	+	91383	2923.976608	2923.976608	91383	91383	1	1
PK_15_1h	20	LT934125.1	102851	102862	+	102851	5847.953216	2923.976608	102851	102862	12	12
PK_15_1h	21	LT934125.1	104457	104457	+	104457	2923.976608	2923.976608	104457	104457	1	1
PK_15_1h	22	LT934125.1	104721	104780	+	104721	20467.836256	2923.976608	104721	104780	60	60
PK_15_1h	23	LT934125.1	106594	106601	+	106594	14619.88304	5847.953216	106594	106601	8	8
PK_15_1h	24	LT934125.1	107029	107032	+	107032	8771.929824	5847.953216	107029	107032	4	4
PK_15_1h	25	LT934125.1	114985	114988	+	114985	14619.883041	8771.929825	114985	114988	4	4
PK_15_1h	26	LT934125.1	116541	116541	+	116541	2923.976608	2923.976608	116541	116541	1	1
PK_15_1h	27	LT934125.1	116643	116643	+	116643	2923.976608	2923.976608	116643	116643	1	1
PK_15_1h	28	LT934125.1	116754	116754	+	116754	2923.976608	2923.976608	116754	116754	1	1
PK_15_1h	29	LT934125.1	117769	117769	+	117769	2923.976608	2923.976608	117769	117769	1	1
PK_15_1h	30	LT934125.1	118860	118866	+	118866	23391.812865	14619.883041	118860	118866	7	7
PK_15_1h	31	LT934125.1	121784	121786	+	121784	5847.953216	2923.976608	121784	121786	3	3
PK_15_1h	32	LT934125.1	122979	122981	+	122979	8771.929824	5847.953216	122979	122981	3	3
PK_15_1h	33	LT934125.1	125090	125090	+	125090	2923.976608	2923.976608	125090	125090	1	1
PK_15_1h	34	LT934125.1	125223	125225	+	125225	8771.929824	5847.953216	125223	125225	3	3
PK_15_1h	35	LT934125.1	125928	125928	+	125928	2923.976608	2923.976608	125928	125928	1	1
PK_15_1h	36	LT934125.1	132614	132614	+	132614	2923.976608	2923.976608	132614	132614	1	1
PK_15_1h	37	LT934125.1	136156	136162	+	136158	184210.526315	166666.666667	136158	136158	1	7
PK_15_1h	38	LT934125.1	136270	136270	+	136270	2923.976608	2923.976608	136270	136270	1	1
PK_15_1h	39	LT934125.1	136494	136506	+	136494	5847.953216	2923.976608	136494	136506	13	13
PK_15_1h	40	LT934125.1	136765	136765	+	136765	2923.976608	2923.976608	136765	136765	1	1
PK_15_1h	41	LT934125.1	137455	137472	+	137455	5847.953216	2923.976608	137455	137472	18	18
PK_15_1h	42	LT934125.1	137822	137822	+	137822	2923.976608	2923.976608	137822	137822	1	1
PK_15_1h	43	LT934125.1	138362	138362	+	138362	2923.976608	2923.976608	138362	138362	1	1
PK_15_1h	44	LT934125.1	138813	138813	+	138813	2923.976608	2923.976608	138813	138813	1	1
PK_15_1h	45	LT934125.1	139867	139867	+	139867	2923.976608	2923.976608	139867	139867	1	1
PK_15_1h	46	LT934125.1	140201	140201	+	140201	2923.976608	2923.976608	140201	140201	1	1
PK_15_1h	47	LT934125.1	140544	140544	+	140544	2923.976608	2923.976608	140544	140544	1	1
PK_15_1h	48	LT934125.1	140788	140808	+	140789	14619.88304	5847.953216	140788	140808	21	21
PK_15_1h	49	LT934125.1	7758	7758	-	7758	2923.976608	2923.976608	7758	7758	1	1
PK_15_1h	50	LT934125.1	9457	9457	-	9457	2923.976608	2923.976608	9457	9457	1	1
PK_15_1h	51	LT934125.1	21857	21857	-	21857	2923.976608	2923.976608	21857	21857	1	1
PK_15_1h	52	LT934125.1	22165	22165	-	22165	2923.976608	2923.976608	22165	22165	1	1
PK_15_1h	53	LT934125.1	34474	34474	-	34474	2923.976608	2923.976608	34474	34474	1	1
PK_15_1h	54	LT934125.1	51143	51147	-	51147	8771.929824	5847.953216	51143	51147	5	5
PK_15_1h	55	LT934125.1	56115	56115	-	56115	2923.976608	2923.976608	56115	56115	1	1
PK_15_1h	56	LT934125.1	63410	63420	-	63416	14619.88304	5847.953216	63410	63420	11	11
PK_15_1h	57	LT934125.1	92933	92933	-	92933	2923.976608	2923.976608	92933	92933	1	1
PK_15_1h	58	LT934125.1	94947	94947	-	94947	2923.976608	2923.976608	94947	94947	1	1
PK_15_1h	59	LT934125.1	97337	97361	-	97361	35087.719298	17543.859649	97337	97361	25	25
PK_15_1h	60	LT934125.1	102487	102487	-	102487	2923.976608	2923.976608	102487	102487	1	1
PK_15_1h	61	LT934125.1	102909	102929	-	102909	14619.88304	5847.953216	102909	102929	21	21
PK_15_1h	62	LT934125.1	103126	103137	-	103126	5847.953216	2923.976608	103126	103137	12	12
PK_15_1h	63	LT934125.1	103390	103390	-	103390	2923.976608	2923.976608	103390	103390	1	1
PK_15_1h	64	LT934125.1	103815	103815	-	103815	2923.976608	2923.976608	103815	103815	1	1
PK_15_1h	65	LT934125.1	104904	104904	-	104904	2923.976608	2923.976608	104904	104904	1	1
PK_15_1h	66	LT934125.1	105192	105192	-	105192	2923.976608	2923.976608	105192	105192	1	1
PK_15_1h	67	LT934125.1	105895	105895	-	105895	2923.976608	2923.976608	105895	105895	1	1
PK_15_1h	68	LT934125.1	106245	106262	-	106245	5847.953216	2923.976608	106245	106262	18	18
PK_15_1h	69	LT934125.1	106859	106859	-	106859	2923.976608	2923.976608	106859	106859	1	1
PK_15_1h	70	LT934125.1	107211	107223	-	107211	5847.953216	2923.976608	107211	107223	13	13
PK_15_1h	71	LT934125.1	107411	107411	-	107411	2923.976608	2923.976608	107411	107411	1	1
PK_15_1h	72	LT934125.1	107555	107561	-	107559	184210.526315	166666.666667	107559	107559	1	7
PK_15_1h	73	LT934125.1	111103	111103	-	111103	2923.976608	2923.976608	111103	111103	1	1
PK_15_1h	74	LT934125.1	124574	124574	-	124574	2923.976608	2923.976608	124574	124574	1	1
PK_15_1h	75	LT934125.1	126963	126963	-	126963	2923.976608	2923.976608	126963	126963	1	1
PK_15_1h	76	LT934125.1	127074	127074	-	127074	2923.976608	2923.976608	127074	127074	1	1
PK_15_1h	77	LT934125.1	127176	127176	-	127176	2923.976608	2923.976608	127176	127176	1	1
PK_15_1h	78	LT934125.1	128729	128732	-	128732	14619.883041	8771.929825	128729	128732	4	4
PK_15_1h	79	LT934125.1	136685	136688	-	136685	8771.929824	5847.953216	136685	136688	4	4
PK_15_1h	80	LT934125.1	137116	137123	-	137121	14619.88304	5847.953216	137116	137123	8	8
PK_15_1h	81	LT934125.1	138898	138898	-	138898	2923.976608	2923.976608	138898	138898	1	1
PK_15_1h	82	LT934125.1	139260	139260	-	139260	2923.976608	2923.976608	139260	139260	1	1
PK_15_1h	83	LT934125.1	140855	140855	-	140855	2923.976608	2923.976608	140855	140855	1	1
PK_15_2h	1	LT934125.1	1331	1351	+	1334	20275.162927	6517.016655	1334	1339	6	21
PK_15_2h	2	LT934125.1	1600	1604	+	1600	1086.169443	724.112962	1600	1604	5	5
PK_15_2h	3	LT934125.1	1712	1717	+	1712	724.112962	362.056481	1712	1717	6	6
PK_15_2h	4	LT934125.1	7589	7594	+	7591	2172.338885	1448.225923	7589	7594	6	6
PK_15_2h	5	LT934125.1	7811	7811	+	7811	724.112962	724.112962	7811	7811	1	1
PK_15_2h	6	LT934125.1	9113	9113	+	9113	1086.169442	1086.169442	9113	9113	1	1
PK_15_2h	7	LT934125.1	9267	9272	+	9270	25343.953656	20637.219406	9269	9270	2	6
PK_15_2h	8	LT934125.1	9643	9647	+	9646	3620.564808	1810.282404	9643	9647	5	5
PK_15_2h	9	LT934125.1	9772	9772	+	9772	362.056481	362.056481	9772	9772	1	1
PK_15_2h	10	LT934125.1	10061	10061	+	10061	362.056481	362.056481	10061	10061	1	1
PK_15_2h	11	LT934125.1	12097	12097	+	12097	362.056481	362.056481	12097	12097	1	1
PK_15_2h	12	LT934125.1	13343	13343	+	13343	362.056481	362.056481	13343	13343	1	1
PK_15_2h	13	LT934125.1	14047	14054	+	14048	8689.355539	5430.847212	14047	14051	5	8
PK_15_2h	14	LT934125.1	14370	14370	+	14370	362.056481	362.056481	14370	14370	1	1
PK_15_2h	15	LT934125.1	14853	14853	+	14853	362.056481	362.056481	14853	14853	1	1
PK_15_2h	16	LT934125.1	15153	15153	+	15153	362.056481	362.056481	15153	15153	1	1
PK_15_2h	17	LT934125.1	15414	15414	+	15414	362.056481	362.056481	15414	15414	1	1
PK_15_2h	18	LT934125.1	15667	15667	+	15667	362.056481	362.056481	15667	15667	1	1
PK_15_2h	19	LT934125.1	16013	16013	+	16013	362.056481	362.056481	16013	16013	1	1
PK_15_2h	20	LT934125.1	21964	21964	+	21964	362.056481	362.056481	21964	21964	1	1
PK_15_2h	21	LT934125.1	25420	25425	+	25420	1086.169443	362.056481	25420	25425	6	6
PK_15_2h	22	LT934125.1	25715	25715	+	25715	362.056481	362.056481	25715	25715	1	1
PK_15_2h	23	LT934125.1	25928	25928	+	25928	362.056481	362.056481	25928	25928	1	1
PK_15_2h	24	LT934125.1	26583	26583	+	26583	362.056481	362.056481	26583	26583	1	1
PK_15_2h	25	LT934125.1	28191	28191	+	28191	362.056481	362.056481	28191	28191	1	1
PK_15_2h	26	LT934125.1	28446	28446	+	28446	362.056481	362.056481	28446	28446	1	1
PK_15_2h	27	LT934125.1	30235	30235	+	30235	362.056481	362.056481	30235	30235	1	1
PK_15_2h	28	LT934125.1	31096	31104	+	31098	7965.242579	6517.016655	31098	31098	1	9
PK_15_2h	29	LT934125.1	31204	31204	+	31204	362.056481	362.056481	31204	31204	1	1
PK_15_2h	30	LT934125.1	32036	32046	+	32038	19551.049965	10861.694424	32036	32038	3	11
PK_15_2h	31	LT934125.1	32266	32294	+	32266	1086.169443	724.112962	32266	32294	29	29
PK_15_2h	32	LT934125.1	44810	44814	+	44812	9413.468501	6879.073135	44810	44812	3	5
PK_15_2h	33	LT934125.1	45890	45890	+	45890	362.056481	362.056481	45890	45890	1	1
PK_15_2h	34	LT934125.1	46233	46239	+	46233	1086.169443	724.112962	46233	46239	7	7
PK_15_2h	35	LT934125.1	47794	47794	+	47794	362.056481	362.056481	47794	47794	1	1
PK_15_2h	36	LT934125.1	48347	48347	+	48347	362.056481	362.056481	48347	48347	1	1
PK_15_2h	37	LT934125.1	48505	48570	+	48567	39102.099928	28602.461984	48567	48570	4	66
PK_15_2h	38	LT934125.1	48761	48761	+	48761	362.056481	362.056481	48761	48761	1	1
PK_15_2h	39	LT934125.1	49009	49009	+	49009	362.056481	362.056481	49009	49009	1	1
PK_15_2h	40	LT934125.1	49113	49113	+	49113	362.056481	362.056481	49113	49113	1	1
PK_15_2h	41	LT934125.1	49501	49504	+	49501	1086.169443	362.056481	49501	49504	4	4
PK_15_2h	42	LT934125.1	51233	51241	+	51235	6879.073136	3982.621289	51235	51239	5	9
PK_15_2h	43	LT934125.1	51525	51525	+	51525	362.056481	362.056481	51525	51525	1	1
PK_15_2h	44	LT934125.1	52438	52464	+	52460	20637.219408	14120.202752	52444	52461	18	27
PK_15_2h	45	LT934125.1	52703	52703	+	52703	362.056481	362.056481	52703	52703	1	1
PK_15_2h	46	LT934125.1	52817	52817	+	52817	362.056481	362.056481	52817	52817	1	1
PK_15_2h	47	LT934125.1	53648	53649	+	53648	5430.847212	5068.790731	53648	53648	1	2
PK_15_2h	48	LT934125.1	53996	54010	+	53996	724.112962	362.056481	53996	54010	15	15
PK_15_2h	49	LT934125.1	54547	54547	+	54547	362.056481	362.056481	54547	54547	1	1
PK_15_2h	50	LT934125.1	54768	54768	+	54768	362.056481	362.056481	54768	54768	1	1
PK_15_2h	51	LT934125.1	54950	54950	+	54950	362.056481	362.056481	54950	54950	1	1
PK_15_2h	52	LT934125.1	55352	55357	+	55352	1448.225923	1086.169442	55352	55357	6	6
PK_15_2h	53	LT934125.1	55477	55477	+	55477	362.056481	362.056481	55477	55477	1	1
PK_15_2h	54	LT934125.1	56021	56021	+	56021	362.056481	362.056481	56021	56021	1	1
PK_15_2h	55	LT934125.1	59044	59077	+	59068	21361.332368	9775.524982	59044	59070	27	34
PK_15_2h	56	LT934125.1	59769	59769	+	59769	362.056481	362.056481	59769	59769	1	1
PK_15_2h	57	LT934125.1	59888	59888	+	59888	362.056481	362.056481	59888	59888	1	1
PK_15_2h	58	LT934125.1	60232	60258	+	60239	3258.508328	1086.169442	60232	60258	27	27
PK_15_2h	59	LT934125.1	60467	60467	+	60467	362.056481	362.056481	60467	60467	1	1
PK_15_2h	60	LT934125.1	61073	61073	+	61073	362.056481	362.056481	61073	61073	1	1
PK_15_2h	61	LT934125.1	61234	61234	+	61234	362.056481	362.056481	61234	61234	1	1
PK_15_2h	62	LT934125.1	61402	61402	+	61402	362.056481	362.056481	61402	61402	1	1
PK_15_2h	63	LT934125.1	61747	61747	+	61747	362.056481	362.056481	61747	61747	1	1
PK_15_2h	64	LT934125.1	62152	62152	+	62152	362.056481	362.056481	62152	62152	1	1
PK_15_2h	65	LT934125.1	65807	65808	+	65807	724.112962	362.056481	65807	65808	2	2
PK_15_2h	66	LT934125.1	66338	66344	+	66338	2172.338885	1448.225923	66338	66344	7	7
PK_15_2h	67	LT934125.1	68499	68499	+	68499	362.056481	362.056481	68499	68499	1	1
PK_15_2h	68	LT934125.1	68756	68768	+	68756	724.112962	362.056481	68756	68768	13	13
PK_15_2h	69	LT934125.1	69530	69530	+	69530	362.056481	362.056481	69530	69530	1	1
PK_15_2h	70	LT934125.1	69734	69734	+	69734	362.056481	362.056481	69734	69734	1	1
PK_15_2h	71	LT934125.1	70091	70091	+	70091	362.056481	362.056481	70091	70091	1	1
PK_15_2h	72	LT934125.1	70232	70232	+	70232	362.056481	362.056481	70232	70232	1	1
PK_15_2h	73	LT934125.1	70529	70534	+	70531	14844.315714	7603.186097	70529	70531	3	6
PK_15_2h	74	LT934125.1	70978	70994	+	70978	724.112962	362.056481	70978	70994	17	17
PK_15_2h	75	LT934125.1	71120	71124	+	71120	724.112962	362.056481	71120	71124	5	5
PK_15_2h	76	LT934125.1	71246	71246	+	71246	362.056481	362.056481	71246	71246	1	1
PK_15_2h	77	LT934125.1	74400	74405	+	74400	6879.073135	3258.508327	74400	74402	3	6
PK_15_2h	78	LT934125.1	75154	75154	+	75154	362.056481	362.056481	75154	75154	1	1
PK_15_2h	79	LT934125.1	76683	76683	+	76683	724.112962	724.112962	76683	76683	1	1
PK_15_2h	80	LT934125.1	76990	76992	+	76990	1448.225923	1086.169442	76990	76992	3	3
PK_15_2h	81	LT934125.1	78036	78045	+	78036	1086.169443	362.056481	78036	78045	10	10
PK_15_2h	82	LT934125.1	79269	79287	+	79269	724.112962	362.056481	79269	79287	19	19
PK_15_2h	83	LT934125.1	79437	79454	+	79444	16654.598117	11223.750905	79440	79445	6	18
PK_15_2h	84	LT934125.1	79728	79728	+	79728	362.056481	362.056481	79728	79728	1	1
PK_15_2h	85	LT934125.1	81082	81082	+	81082	362.056481	362.056481	81082	81082	1	1
PK_15_2h	86	LT934125.1	81671	81671	+	81671	362.056481	362.056481	81671	81671	1	1
PK_15_2h	87	LT934125.1	83976	83978	+	83978	1448.225923	1086.169442	83976	83978	3	3
PK_15_2h	88	LT934125.1	84134	84134	+	84134	362.056481	362.056481	84134	84134	1	1
PK_15_2h	89	LT934125.1	84380	84380	+	84380	362.056481	362.056481	84380	84380	1	1
PK_15_2h	90	LT934125.1	85371	85371	+	85371	362.056481	362.056481	85371	85371	1	1
PK_15_2h	91	LT934125.1	85555	85555	+	85555	362.056481	362.056481	85555	85555	1	1
PK_15_2h	92	LT934125.1	86048	86048	+	86048	362.056481	362.056481	86048	86048	1	1
PK_15_2h	93	LT934125.1	86255	86255	+	86255	362.056481	362.056481	86255	86255	1	1
PK_15_2h	94	LT934125.1	91409	91409	+	91409	724.112962	724.112962	91409	91409	1	1
PK_15_2h	95	LT934125.1	92453	92453	+	92453	362.056481	362.056481	92453	92453	1	1
PK_15_2h	96	LT934125.1	100598	100598	+	100598	362.056481	362.056481	100598	100598	1	1
PK_15_2h	97	LT934125.1	103997	103997	+	103997	362.056481	362.056481	103997	103997	1	1
PK_15_2h	98	LT934125.1	104739	104761	+	104739	724.112962	362.056481	104739	104761	23	23
PK_15_2h	99	LT934125.1	106309	106309	+	106309	362.056481	362.056481	106309	106309	1	1
PK_15_2h	100	LT934125.1	106594	106601	+	106596	1448.225924	724.112962	106594	106601	8	8
PK_15_2h	101	LT934125.1	106916	106916	+	106916	362.056481	362.056481	106916	106916	1	1
PK_15_2h	102	LT934125.1	107029	107033	+	107029	724.112962	362.056481	107029	107033	5	5
PK_15_2h	103	LT934125.1	107482	107482	+	107482	1810.282404	1810.282404	107482	107482	1	1
PK_15_2h	104	LT934125.1	107614	107614	+	107614	362.056481	362.056481	107614	107614	1	1
PK_15_2h	105	LT934125.1	107831	107831	+	107831	362.056481	362.056481	107831	107831	1	1
PK_15_2h	106	LT934125.1	108220	108220	+	108220	362.056481	362.056481	108220	108220	1	1
PK_15_2h	107	LT934125.1	108705	108705	+	108705	362.056481	362.056481	108705	108705	1	1
PK_15_2h	108	LT934125.1	114985	114989	+	114985	54670.528603	43084.721217	114985	114988	4	5
PK_15_2h	109	LT934125.1	115435	115435	+	115435	362.056481	362.056481	115435	115435	1	1
PK_15_2h	110	LT934125.1	115536	115536	+	115536	362.056481	362.056481	115536	115536	1	1
PK_15_2h	111	LT934125.1	115768	115768	+	115768	362.056481	362.056481	115768	115768	1	1
PK_15_2h	112	LT934125.1	115993	115993	+	115993	362.056481	362.056481	115993	115993	1	1
PK_15_2h	113	LT934125.1	116106	116130	+	116106	1810.282405	724.112962	116106	116130	25	25
PK_15_2h	114	LT934125.1	116591	116616	+	116606	1810.282405	724.112962	116591	116616	26	26
PK_15_2h	115	LT934125.1	116748	116759	+	116748	1086.169443	724.112962	116748	116759	12	12
PK_15_2h	116	LT934125.1	117603	117607	+	117603	724.112962	362.056481	117603	117607	5	5
PK_15_2h	117	LT934125.1	117769	117802	+	117769	6517.016655	5068.790731	117769	117780	12	34
PK_15_2h	118	LT934125.1	118015	118015	+	118015	362.056481	362.056481	118015	118015	1	1
PK_15_2h	119	LT934125.1	118147	118147	+	118147	362.056481	362.056481	118147	118147	1	1
PK_15_2h	120	LT934125.1	118860	118899	+	118864	28602.461986	13396.08979	118860	118866	7	40
PK_15_2h	121	LT934125.1	119344	119344	+	119344	362.056481	362.056481	119344	119344	1	1
PK_15_2h	122	LT934125.1	119482	119482	+	119482	1086.169442	1086.169442	119482	119482	1	1
PK_15_2h	123	LT934125.1	119823	119823	+	119823	362.056481	362.056481	119823	119823	1	1
PK_15_2h	124	LT934125.1	120211	120211	+	120211	724.112962	724.112962	120211	120211	1	1
PK_15_2h	125	LT934125.1	120555	120555	+	120555	1086.169442	1086.169442	120555	120555	1	1
PK_15_2h	126	LT934125.1	121784	121804	+	121786	3620.564808	2172.338885	121784	121804	21	21
PK_15_2h	127	LT934125.1	122321	122335	+	122321	724.112962	362.056481	122321	122335	15	15
PK_15_2h	128	LT934125.1	122513	122513	+	122513	362.056481	362.056481	122513	122513	1	1
PK_15_2h	129	LT934125.1	122759	122759	+	122759	362.056481	362.056481	122759	122759	1	1
PK_15_2h	130	LT934125.1	122979	122983	+	122979	6517.016655	4344.67777	122979	122981	3	5
PK_15_2h	131	LT934125.1	123870	123870	+	123870	362.056481	362.056481	123870	123870	1	1
PK_15_2h	132	LT934125.1	124169	124169	+	124169	362.056481	362.056481	124169	124169	1	1
PK_15_2h	133	LT934125.1	124304	124304	+	124304	362.056481	362.056481	124304	124304	1	1
PK_15_2h	134	LT934125.1	124462	124462	+	124462	362.056481	362.056481	124462	124462	1	1
PK_15_2h	135	LT934125.1	124563	124563	+	124563	362.056481	362.056481	124563	124563	1	1
PK_15_2h	136	LT934125.1	124756	124764	+	124756	6517.016656	4706.734251	124756	124761	6	9
PK_15_2h	137	LT934125.1	124958	124958	+	124958	362.056481	362.056481	124958	124958	1	1
PK_15_2h	138	LT934125.1	125058	125058	+	125058	362.056481	362.056481	125058	125058	1	1
PK_15_2h	139	LT934125.1	125192	125230	+	125225	36567.704562	19913.106445	125223	125226	4	39
PK_15_2h	140	LT934125.1	125553	125553	+	125553	362.056481	362.056481	125553	125553	1	1
PK_15_2h	141	LT934125.1	125729	125729	+	125729	362.056481	362.056481	125729	125729	1	1
PK_15_2h	142	LT934125.1	125866	125866	+	125866	362.056481	362.056481	125866	125866	1	1
PK_15_2h	143	LT934125.1	126928	126928	+	126928	362.056481	362.056481	126928	126928	1	1
PK_15_2h	144	LT934125.1	128061	128061	+	128061	362.056481	362.056481	128061	128061	1	1
PK_15_2h	145	LT934125.1	132614	132614	+	132614	1086.169442	1086.169442	132614	132614	1	1
PK_15_2h	146	LT934125.1	133054	133054	+	133054	362.056481	362.056481	133054	133054	1	1
PK_15_2h	147	LT934125.1	136055	136055	+	136055	362.056481	362.056481	136055	136055	1	1
PK_15_2h	148	LT934125.1	136154	136161	+	136158	13758.146271	12671.976828	136158	136158	1	8
PK_15_2h	149	LT934125.1	136438	136438	+	136438	362.056481	362.056481	136438	136438	1	1
PK_15_2h	150	LT934125.1	136765	136765	+	136765	362.056481	362.056481	136765	136765	1	1
PK_15_2h	151	LT934125.1	137952	137952	+	137952	362.056481	362.056481	137952	137952	1	1
PK_15_2h	152	LT934125.1	138601	138601	+	138601	362.056481	362.056481	138601	138601	1	1
PK_15_2h	153	LT934125.1	139253	139253	+	139253	362.056481	362.056481	139253	139253	1	1
PK_15_2h	154	LT934125.1	139665	139665	+	139665	362.056481	362.056481	139665	139665	1	1
PK_15_2h	155	LT934125.1	140368	140368	+	140368	362.056481	362.056481	140368	140368	1	1
PK_15_2h	156	LT934125.1	140487	140487	+	140487	362.056481	362.056481	140487	140487	1	1
PK_15_2h	157	LT934125.1	141104	141104	+	141104	362.056481	362.056481	141104	141104	1	1
PK_15_2h	158	LT934125.1	141582	141582	+	141582	362.056481	362.056481	141582	141582	1	1
PK_15_2h	159	LT934125.1	2900	2900	-	2900	362.056481	362.056481	2900	2900	1	1
PK_15_2h	160	LT934125.1	3289	3289	-	3289	362.056481	362.056481	3289	3289	1	1
PK_15_2h	161	LT934125.1	3409	3419	-	3409	724.112962	362.056481	3409	3419	11	11
PK_15_2h	162	LT934125.1	3587	3587	-	3587	362.056481	362.056481	3587	3587	1	1
PK_15_2h	163	LT934125.1	3701	3701	-	3701	362.056481	362.056481	3701	3701	1	1
PK_15_2h	164	LT934125.1	3905	3911	-	3910	8327.299059	5068.790731	3906	3910	5	7
PK_15_2h	165	LT934125.1	4439	4439	-	4439	362.056481	362.056481	4439	4439	1	1
PK_15_2h	166	LT934125.1	4834	4834	-	4834	362.056481	362.056481	4834	4834	1	1
PK_15_2h	167	LT934125.1	5177	5177	-	5177	362.056481	362.056481	5177	5177	1	1
PK_15_2h	168	LT934125.1	7758	7758	-	7758	362.056481	362.056481	7758	7758	1	1
PK_15_2h	169	LT934125.1	8654	8654	-	8654	362.056481	362.056481	8654	8654	1	1
PK_15_2h	170	LT934125.1	8807	8807	-	8807	362.056481	362.056481	8807	8807	1	1
PK_15_2h	171	LT934125.1	9059	9059	-	9059	362.056481	362.056481	9059	9059	1	1
PK_15_2h	172	LT934125.1	9214	9214	-	9214	362.056481	362.056481	9214	9214	1	1
PK_15_2h	173	LT934125.1	9489	9497	-	9494	8689.355541	6517.016655	9493	9495	3	9
PK_15_2h	174	LT934125.1	16846	16855	-	16846	724.112962	362.056481	16846	16855	10	10
PK_15_2h	175	LT934125.1	16985	17034	-	16985	1448.225924	362.056481	16985	17034	50	50
PK_15_2h	176	LT934125.1	17361	17361	-	17361	362.056481	362.056481	17361	17361	1	1
PK_15_2h	177	LT934125.1	17585	17585	-	17585	362.056481	362.056481	17585	17585	1	1
PK_15_2h	178	LT934125.1	18270	18284	-	18270	724.112962	362.056481	18270	18284	15	15
PK_15_2h	179	LT934125.1	18740	18740	-	18740	362.056481	362.056481	18740	18740	1	1
PK_15_2h	180	LT934125.1	19469	19473	-	19471	4706.734252	2534.395366	19469	19473	5	5
PK_15_2h	181	LT934125.1	21473	21473	-	21473	362.056481	362.056481	21473	21473	1	1
PK_15_2h	182	LT934125.1	21641	21641	-	21641	362.056481	362.056481	21641	21641	1	1
PK_15_2h	183	LT934125.1	22199	22217	-	22199	1448.225924	724.112962	22199	22217	19	19
PK_15_2h	184	LT934125.1	22399	22399	-	22399	362.056481	362.056481	22399	22399	1	1
PK_15_2h	185	LT934125.1	22699	22706	-	22699	1086.169443	724.112962	22699	22706	8	8
PK_15_2h	186	LT934125.1	22904	22904	-	22904	362.056481	362.056481	22904	22904	1	1
PK_15_2h	187	LT934125.1	23114	23114	-	23114	362.056481	362.056481	23114	23114	1	1
PK_15_2h	188	LT934125.1	23357	23359	-	23357	724.112962	362.056481	23357	23359	3	3
PK_15_2h	189	LT934125.1	23518	23518	-	23518	362.056481	362.056481	23518	23518	1	1
PK_15_2h	190	LT934125.1	23819	23819	-	23819	362.056481	362.056481	23819	23819	1	1
PK_15_2h	191	LT934125.1	25310	25315	-	25313	7241.129617	6154.960174	25310	25313	4	6
PK_15_2h	192	LT934125.1	28596	28598	-	28598	1086.169443	724.112962	28596	28598	3	3
PK_15_2h	193	LT934125.1	29217	29217	-	29217	362.056481	362.056481	29217	29217	1	1
PK_15_2h	194	LT934125.1	29372	29414	-	29411	8327.29906	2534.395366	29404	29414	11	43
PK_15_2h	195	LT934125.1	33272	33294	-	33272	724.112962	362.056481	33272	33294	23	23
PK_15_2h	196	LT934125.1	33606	33629	-	33606	724.112962	362.056481	33606	33629	24	24
PK_15_2h	197	LT934125.1	33821	33821	-	33821	362.056481	362.056481	33821	33821	1	1
PK_15_2h	198	LT934125.1	33997	33997	-	33997	362.056481	362.056481	33997	33997	1	1
PK_15_2h	199	LT934125.1	34446	34480	-	34474	6879.073136	2896.451846	34455	34478	24	35
PK_15_2h	200	LT934125.1	44756	44756	-	44756	362.056481	362.056481	44756	44756	1	1
PK_15_2h	201	LT934125.1	46846	46846	-	46846	362.056481	362.056481	46846	46846	1	1
PK_15_2h	202	LT934125.1	50610	50610	-	50610	362.056481	362.056481	50610	50610	1	1
PK_15_2h	203	LT934125.1	51129	51147	-	51147	6154.960174	5792.903693	51147	51147	1	19
PK_15_2h	204	LT934125.1	55375	55375	-	55375	362.056481	362.056481	55375	55375	1	1
PK_15_2h	205	LT934125.1	55660	55660	-	55660	724.112962	724.112962	55660	55660	1	1
PK_15_2h	206	LT934125.1	55768	55768	-	55768	362.056481	362.056481	55768	55768	1	1
PK_15_2h	207	LT934125.1	55966	55983	-	55966	724.112962	362.056481	55966	55983	18	18
PK_15_2h	208	LT934125.1	56152	56195	-	56188	32223.026792	16292.541636	56187	56194	8	44
PK_15_2h	209	LT934125.1	56304	56304	-	56304	362.056481	362.056481	56304	56304	1	1
PK_15_2h	210	LT934125.1	56946	56946	-	56946	1448.225923	1448.225923	56946	56946	1	1
PK_15_2h	211	LT934125.1	58570	58570	-	58570	362.056481	362.056481	58570	58570	1	1
PK_15_2h	212	LT934125.1	63417	63445	-	63420	167632.150617	149891.383056	63419	63420	2	29
PK_15_2h	213	LT934125.1	64739	64739	-	64739	362.056481	362.056481	64739	64739	1	1
PK_15_2h	214	LT934125.1	65445	65445	-	65445	362.056481	362.056481	65445	65445	1	1
PK_15_2h	215	LT934125.1	65744	65752	-	65752	1810.282404	1086.169442	65744	65752	9	9
PK_15_2h	216	LT934125.1	66630	66630	-	66630	362.056481	362.056481	66630	66630	1	1
PK_15_2h	217	LT934125.1	67085	67085	-	67085	362.056481	362.056481	67085	67085	1	1
PK_15_2h	218	LT934125.1	68884	68886	-	68884	724.112962	362.056481	68884	68886	3	3
PK_15_2h	219	LT934125.1	71890	71890	-	71890	362.056481	362.056481	71890	71890	1	1
PK_15_2h	220	LT934125.1	72750	72750	-	72750	362.056481	362.056481	72750	72750	1	1
PK_15_2h	221	LT934125.1	74131	74131	-	74131	362.056481	362.056481	74131	74131	1	1
PK_15_2h	222	LT934125.1	76860	76860	-	76860	362.056481	362.056481	76860	76860	1	1
PK_15_2h	223	LT934125.1	80434	80434	-	80434	362.056481	362.056481	80434	80434	1	1
PK_15_2h	224	LT934125.1	80586	80586	-	80586	362.056481	362.056481	80586	80586	1	1
PK_15_2h	225	LT934125.1	80842	80842	-	80842	362.056481	362.056481	80842	80842	1	1
PK_15_2h	226	LT934125.1	81035	81051	-	81051	1086.169443	724.112962	81035	81051	17	17
PK_15_2h	227	LT934125.1	81368	81368	-	81368	362.056481	362.056481	81368	81368	1	1
PK_15_2h	228	LT934125.1	81804	81808	-	81804	9413.468501	4706.734251	81804	81808	5	5
PK_15_2h	229	LT934125.1	87161	87161	-	87161	724.112962	724.112962	87161	87161	1	1
PK_15_2h	230	LT934125.1	87832	87832	-	87832	362.056481	362.056481	87832	87832	1	1
PK_15_2h	231	LT934125.1	92437	92437	-	92437	362.056481	362.056481	92437	92437	1	1
PK_15_2h	232	LT934125.1	92931	92936	-	92933	7603.186097	3982.621289	92931	92936	6	6
PK_15_2h	233	LT934125.1	93651	93654	-	93651	1086.169443	724.112962	93651	93654	4	4
PK_15_2h	234	LT934125.1	94526	94529	-	94526	724.112962	362.056481	94526	94529	4	4
PK_15_2h	235	LT934125.1	94945	94947	-	94947	1448.225923	1086.169442	94945	94947	3	3
PK_15_2h	236	LT934125.1	95973	96057	-	95973	1810.282405	362.056481	95973	96057	85	85
PK_15_2h	237	LT934125.1	96306	96324	-	96306	1086.169443	724.112962	96306	96324	19	19
PK_15_2h	238	LT934125.1	96628	96628	-	96628	724.112962	724.112962	96628	96628	1	1
PK_15_2h	239	LT934125.1	96738	96752	-	96738	724.112962	362.056481	96738	96752	15	15
PK_15_2h	240	LT934125.1	97334	97366	-	97337	55756.698047	19188.993483	97337	97361	25	33
PK_15_2h	241	LT934125.1	102135	102135	-	102135	362.056481	362.056481	102135	102135	1	1
PK_15_2h	242	LT934125.1	102529	102529	-	102529	362.056481	362.056481	102529	102529	1	1
PK_15_2h	243	LT934125.1	103230	103230	-	103230	362.056481	362.056481	103230	103230	1	1
PK_15_2h	244	LT934125.1	103349	103349	-	103349	362.056481	362.056481	103349	103349	1	1
PK_15_2h	245	LT934125.1	104052	104052	-	104052	362.056481	362.056481	104052	104052	1	1
PK_15_2h	246	LT934125.1	104464	104464	-	104464	362.056481	362.056481	104464	104464	1	1
PK_15_2h	247	LT934125.1	105116	105116	-	105116	362.056481	362.056481	105116	105116	1	1
PK_15_2h	248	LT934125.1	105765	105765	-	105765	362.056481	362.056481	105765	105765	1	1
PK_15_2h	249	LT934125.1	106952	106952	-	106952	362.056481	362.056481	106952	106952	1	1
PK_15_2h	250	LT934125.1	107279	107279	-	107279	362.056481	362.056481	107279	107279	1	1
PK_15_2h	251	LT934125.1	107556	107563	-	107559	13758.146271	12671.976828	107559	107559	1	8
PK_15_2h	252	LT934125.1	110663	110663	-	110663	362.056481	362.056481	110663	110663	1	1
PK_15_2h	253	LT934125.1	111103	111103	-	111103	1086.169442	1086.169442	111103	111103	1	1
PK_15_2h	254	LT934125.1	115656	115656	-	115656	362.056481	362.056481	115656	115656	1	1
PK_15_2h	255	LT934125.1	116789	116789	-	116789	362.056481	362.056481	116789	116789	1	1
PK_15_2h	256	LT934125.1	119031	119058	-	119031	724.112962	362.056481	119031	119058	28	28
PK_15_2h	257	LT934125.1	119499	119499	-	119499	362.056481	362.056481	119499	119499	1	1
PK_15_2h	258	LT934125.1	119991	119991	-	119991	362.056481	362.056481	119991	119991	1	1
PK_15_2h	259	LT934125.1	123249	123249	-	123249	362.056481	362.056481	123249	123249	1	1
PK_15_2h	260	LT934125.1	124262	124262	-	124262	362.056481	362.056481	124262	124262	1	1
PK_15_2h	261	LT934125.1	124703	124704	-	124703	724.112962	362.056481	124703	124704	2	2
PK_15_2h	262	LT934125.1	125980	125980	-	125980	362.056481	362.056481	125980	125980	1	1
PK_15_2h	263	LT934125.1	126958	126969	-	126958	724.112962	362.056481	126958	126969	12	12
PK_15_2h	264	LT934125.1	127101	127126	-	127111	1810.282405	724.112962	127101	127126	26	26
PK_15_2h	265	LT934125.1	127587	127611	-	127611	1810.282405	724.112962	127587	127611	25	25
PK_15_2h	266	LT934125.1	127949	127949	-	127949	362.056481	362.056481	127949	127949	1	1
PK_15_2h	267	LT934125.1	128181	128181	-	128181	362.056481	362.056481	128181	128181	1	1
PK_15_2h	268	LT934125.1	128282	128282	-	128282	362.056481	362.056481	128282	128282	1	1
PK_15_2h	269	LT934125.1	128728	128732	-	128732	54670.528603	43084.721217	128729	128732	4	5
PK_15_2h	270	LT934125.1	135012	135012	-	135012	362.056481	362.056481	135012	135012	1	1
PK_15_2h	271	LT934125.1	135497	135497	-	135497	362.056481	362.056481	135497	135497	1	1
PK_15_2h	272	LT934125.1	135886	135886	-	135886	362.056481	362.056481	135886	135886	1	1
PK_15_2h	273	LT934125.1	136103	136103	-	136103	362.056481	362.056481	136103	136103	1	1
PK_15_2h	274	LT934125.1	136235	136235	-	136235	1810.282404	1810.282404	136235	136235	1	1
PK_15_2h	275	LT934125.1	136684	136688	-	136684	724.112962	362.056481	136684	136688	5	5
PK_15_2h	276	LT934125.1	136801	136801	-	136801	362.056481	362.056481	136801	136801	1	1
PK_15_2h	277	LT934125.1	137116	137123	-	137121	1448.225924	724.112962	137116	137123	8	8
PK_15_2h	278	LT934125.1	137408	137408	-	137408	362.056481	362.056481	137408	137408	1	1
PK_15_2h	279	LT934125.1	138895	138895	-	138895	362.056481	362.056481	138895	138895	1	1
PK_15_2h	280	LT934125.1	139720	139720	-	139720	362.056481	362.056481	139720	139720	1	1
PK_15_4h	1	LT934125.1	623	623	+	623	40.594301	40.594301	623	623	1	1
PK_15_4h	2	LT934125.1	779	782	+	779	284.160104	162.377202	779	782	4	4
PK_15_4h	3	LT934125.1	978	993	+	990	771.291712	243.565803	982	990	9	16
PK_15_4h	4	LT934125.1	1305	1369	+	1337	8321.831618	3369.326946	1334	1339	6	65
PK_15_4h	5	LT934125.1	1600	1604	+	1600	893.074612	608.914508	1600	1603	4	5
PK_15_4h	6	LT934125.1	1716	1728	+	1716	81.188602	40.594301	1716	1728	13	13
PK_15_4h	7	LT934125.1	1910	1910	+	1910	40.594301	40.594301	1910	1910	1	1
PK_15_4h	8	LT934125.1	2010	2078	+	2057	324.754406	121.782902	2010	2078	69	69
PK_15_4h	9	LT934125.1	6024	6024	+	6024	40.594301	40.594301	6024	6024	1	1
PK_15_4h	10	LT934125.1	6887	6891	+	6887	81.188602	40.594301	6887	6891	5	5
PK_15_4h	11	LT934125.1	7587	7599	+	7588	11041.649751	5317.853373	7588	7592	5	13
PK_15_4h	12	LT934125.1	7811	7834	+	7811	527.725909	405.943006	7811	7814	4	24
PK_15_4h	13	LT934125.1	7955	7955	+	7955	40.594301	40.594301	7955	7955	1	1
PK_15_4h	14	LT934125.1	8148	8148	+	8148	40.594301	40.594301	8148	8148	1	1
PK_15_4h	15	LT934125.1	8518	8518	+	8518	40.594301	40.594301	8518	8518	1	1
PK_15_4h	16	LT934125.1	9098	9113	+	9113	1420.80052	893.074612	9107	9113	7	16
PK_15_4h	17	LT934125.1	9266	9274	+	9270	25209.060648	19647.641471	9269	9270	2	9
PK_15_4h	18	LT934125.1	9638	9742	+	9643	6819.842498	1664.366323	9643	9650	8	105
PK_15_4h	19	LT934125.1	9989	9989	+	9989	81.188601	81.188601	9989	9989	1	1
PK_15_4h	20	LT934125.1	10046	10124	+	10103	202.971504	81.188601	10046	10124	79	79
PK_15_4h	21	LT934125.1	10431	10433	+	10431	162.377203	121.782902	10431	10433	3	3
PK_15_4h	22	LT934125.1	10667	10667	+	10667	40.594301	40.594301	10667	10667	1	1
PK_15_4h	23	LT934125.1	10782	10782	+	10782	40.594301	40.594301	10782	10782	1	1
PK_15_4h	24	LT934125.1	11792	11792	+	11792	40.594301	40.594301	11792	11792	1	1
PK_15_4h	25	LT934125.1	12043	12043	+	12043	40.594301	40.594301	12043	12043	1	1
PK_15_4h	26	LT934125.1	12183	12183	+	12183	40.594301	40.594301	12183	12183	1	1
PK_15_4h	27	LT934125.1	12891	12891	+	12891	40.594301	40.594301	12891	12891	1	1
PK_15_4h	28	LT934125.1	13300	13300	+	13300	40.594301	40.594301	13300	13300	1	1
PK_15_4h	29	LT934125.1	13855	13855	+	13855	40.594301	40.594301	13855	13855	1	1
PK_15_4h	30	LT934125.1	14042	14051	+	14048	9133.717626	8037.671511	14048	14048	1	10
PK_15_4h	31	LT934125.1	14439	14439	+	14439	40.594301	40.594301	14439	14439	1	1
PK_15_4h	32	LT934125.1	14541	14541	+	14541	40.594301	40.594301	14541	14541	1	1
PK_15_4h	33	LT934125.1	15059	15059	+	15059	40.594301	40.594301	15059	15059	1	1
PK_15_4h	34	LT934125.1	15477	15477	+	15477	40.594301	40.594301	15477	15477	1	1
PK_15_4h	35	LT934125.1	15638	15646	+	15638	81.188602	40.594301	15638	15646	9	9
PK_15_4h	36	LT934125.1	16037	16052	+	16037	81.188602	40.594301	16037	16052	16	16
PK_15_4h	37	LT934125.1	17647	17647	+	17647	40.594301	40.594301	17647	17647	1	1
PK_15_4h	38	LT934125.1	17914	17914	+	17914	40.594301	40.594301	17914	17914	1	1
PK_15_4h	39	LT934125.1	19749	19749	+	19749	40.594301	40.594301	19749	19749	1	1
PK_15_4h	40	LT934125.1	22420	22420	+	22420	40.594301	40.594301	22420	22420	1	1
PK_15_4h	41	LT934125.1	22684	22687	+	22684	81.188602	40.594301	22684	22687	4	4
PK_15_4h	42	LT934125.1	24824	24824	+	24824	40.594301	40.594301	24824	24824	1	1
PK_15_4h	43	LT934125.1	25420	25423	+	25420	243.565804	162.377202	25420	25423	4	4
PK_15_4h	44	LT934125.1	26235	26235	+	26235	40.594301	40.594301	26235	26235	1	1
PK_15_4h	45	LT934125.1	26384	26384	+	26384	40.594301	40.594301	26384	26384	1	1
PK_15_4h	46	LT934125.1	26778	26802	+	26778	81.188602	40.594301	26778	26802	25	25
PK_15_4h	47	LT934125.1	27848	27848	+	27848	40.594301	40.594301	27848	27848	1	1
PK_15_4h	48	LT934125.1	27976	27976	+	27976	40.594301	40.594301	27976	27976	1	1
PK_15_4h	49	LT934125.1	28511	28511	+	28511	40.594301	40.594301	28511	28511	1	1
PK_15_4h	50	LT934125.1	29990	29990	+	29990	40.594301	40.594301	29990	29990	1	1
PK_15_4h	51	LT934125.1	30126	30126	+	30126	40.594301	40.594301	30126	30126	1	1
PK_15_4h	52	LT934125.1	30237	30237	+	30237	40.594301	40.594301	30237	30237	1	1
PK_15_4h	53	LT934125.1	30932	30932	+	30932	40.594301	40.594301	30932	30932	1	1
PK_15_4h	54	LT934125.1	31090	31098	+	31098	15791.182919	12949.581879	31096	31098	3	9
PK_15_4h	55	LT934125.1	31410	31410	+	31410	81.188601	81.188601	31410	31410	1	1
PK_15_4h	56	LT934125.1	31660	31660	+	31660	40.594301	40.594301	31660	31660	1	1
PK_15_4h	57	LT934125.1	31930	31930	+	31930	162.377202	162.377202	31930	31930	1	1
PK_15_4h	58	LT934125.1	31994	32039	+	32038	25777.380858	16562.474629	32036	32038	3	46
PK_15_4h	59	LT934125.1	33153	33153	+	33153	40.594301	40.594301	33153	33153	1	1
PK_15_4h	60	LT934125.1	34757	34757	+	34757	40.594301	40.594301	34757	34757	1	1
PK_15_4h	61	LT934125.1	34937	34937	+	34937	40.594301	40.594301	34937	34937	1	1
PK_15_4h	62	LT934125.1	44577	44577	+	44577	40.594301	40.594301	44577	44577	1	1
PK_15_4h	63	LT934125.1	44686	44686	+	44686	40.594301	40.594301	44686	44686	1	1
PK_15_4h	64	LT934125.1	44807	44815	+	44812	19647.641471	14573.353901	44810	44812	3	9
PK_15_4h	65	LT934125.1	44946	44946	+	44946	121.782902	121.782902	44946	44946	1	1
PK_15_4h	66	LT934125.1	45384	45421	+	45415	243.565805	81.188601	45384	45421	38	38
PK_15_4h	67	LT934125.1	45697	45697	+	45697	40.594301	40.594301	45697	45697	1	1
PK_15_4h	68	LT934125.1	45866	45911	+	45866	162.377204	40.594301	45866	45911	46	46
PK_15_4h	69	LT934125.1	46233	46233	+	46233	40.594301	40.594301	46233	46233	1	1
PK_15_4h	70	LT934125.1	47311	47324	+	47311	243.565806	40.594301	47311	47324	14	14
PK_15_4h	71	LT934125.1	47482	47482	+	47482	40.594301	40.594301	47482	47482	1	1
PK_15_4h	72	LT934125.1	47794	47794	+	47794	40.594301	40.594301	47794	47794	1	1
PK_15_4h	73	LT934125.1	48161	48172	+	48161	81.188602	40.594301	48161	48172	12	12
PK_15_4h	74	LT934125.1	48347	48370	+	48347	121.782903	40.594301	48347	48370	24	24
PK_15_4h	75	LT934125.1	48563	48571	+	48567	49119.103677	33855.646667	48567	48570	4	9
PK_15_4h	76	LT934125.1	48691	48941	+	48691	1258.423325	121.782902	48715	48918	204	251
PK_15_4h	77	LT934125.1	48994	49064	+	49047	365.348708	81.188601	48994	49064	71	71
PK_15_4h	78	LT934125.1	49116	49334	+	49116	1014.857522	81.188601	49131	49324	194	219
PK_15_4h	79	LT934125.1	49501	49507	+	49501	446.537307	202.971503	49501	49506	6	7
PK_15_4h	80	LT934125.1	50627	50627	+	50627	40.594301	40.594301	50627	50627	1	1
PK_15_4h	81	LT934125.1	50880	50880	+	50880	40.594301	40.594301	50880	50880	1	1
PK_15_4h	82	LT934125.1	51220	51238	+	51235	10067.386541	6901.031095	51235	51238	4	19
PK_15_4h	83	LT934125.1	51495	51495	+	51495	40.594301	40.594301	51495	51495	1	1
PK_15_4h	84	LT934125.1	51632	51641	+	51641	162.377203	81.188601	51632	51641	10	10
PK_15_4h	85	LT934125.1	52004	52086	+	52004	365.348708	81.188601	52004	52086	83	83
PK_15_4h	86	LT934125.1	52313	52313	+	52313	40.594301	40.594301	52313	52313	1	1
PK_15_4h	87	LT934125.1	52434	52484	+	52460	15141.674112	9864.415036	52444	52460	17	51
PK_15_4h	88	LT934125.1	52703	52739	+	52739	162.377203	81.188601	52703	52739	37	37
PK_15_4h	89	LT934125.1	53060	53094	+	53060	121.782903	40.594301	53060	53094	35	35
PK_15_4h	90	LT934125.1	53417	53417	+	53417	40.594301	40.594301	53417	53417	1	1
PK_15_4h	91	LT934125.1	53648	53652	+	53648	1136.640417	1014.857514	53648	53649	2	5
PK_15_4h	92	LT934125.1	53902	53905	+	53905	121.782902	81.188601	53902	53905	4	4
PK_15_4h	93	LT934125.1	54240	54245	+	54240	81.188602	40.594301	54240	54245	6	6
PK_15_4h	94	LT934125.1	54464	54476	+	54472	162.377203	81.188601	54464	54476	13	13
PK_15_4h	95	LT934125.1	54687	54687	+	54687	40.594301	40.594301	54687	54687	1	1
PK_15_4h	96	LT934125.1	54938	54938	+	54938	162.377202	162.377202	54938	54938	1	1
PK_15_4h	97	LT934125.1	55352	55358	+	55352	690.10311	527.725907	55352	55358	7	7
PK_15_4h	98	LT934125.1	55474	55488	+	55474	202.971505	40.594301	55474	55488	15	15
PK_15_4h	99	LT934125.1	55706	55742	+	55706	243.565806	40.594301	55706	55742	37	37
PK_15_4h	100	LT934125.1	55872	55898	+	55872	121.782903	40.594301	55872	55898	27	27
PK_15_4h	101	LT934125.1	56004	56015	+	56004	81.188602	40.594301	56004	56015	12	12
PK_15_4h	102	LT934125.1	57542	57542	+	57542	40.594301	40.594301	57542	57542	1	1
PK_15_4h	103	LT934125.1	58118	58118	+	58118	40.594301	40.594301	58118	58118	1	1
PK_15_4h	104	LT934125.1	59014	59074	+	59068	21514.979299	8890.151823	59044	59070	27	61
PK_15_4h	105	LT934125.1	59602	59602	+	59602	40.594301	40.594301	59602	59602	1	1
PK_15_4h	106	LT934125.1	59757	59793	+	59793	284.160106	121.782902	59757	59793	37	37
PK_15_4h	107	LT934125.1	60109	60109	+	60109	40.594301	40.594301	60109	60109	1	1
PK_15_4h	108	LT934125.1	60221	60258	+	60234	811.886011	284.160104	60232	60239	8	38
PK_15_4h	109	LT934125.1	60594	60594	+	60594	81.188601	81.188601	60594	60594	1	1
PK_15_4h	110	LT934125.1	60945	60945	+	60945	40.594301	40.594301	60945	60945	1	1
PK_15_4h	111	LT934125.1	61076	61076	+	61076	81.188601	81.188601	61076	61076	1	1
PK_15_4h	112	LT934125.1	61360	61360	+	61360	40.594301	40.594301	61360	61360	1	1
PK_15_4h	113	LT934125.1	61621	61621	+	61621	40.594301	40.594301	61621	61621	1	1
PK_15_4h	114	LT934125.1	61958	61958	+	61958	40.594301	40.594301	61958	61958	1	1
PK_15_4h	115	LT934125.1	64160	64181	+	64160	81.188602	40.594301	64160	64181	22	22
PK_15_4h	116	LT934125.1	65535	65535	+	65535	40.594301	40.594301	65535	65535	1	1
PK_15_4h	117	LT934125.1	65805	65829	+	65807	730.697412	324.754404	65805	65821	17	25
PK_15_4h	118	LT934125.1	66335	66345	+	66338	1461.394822	893.074612	66338	66341	4	11
PK_15_4h	119	LT934125.1	67731	67733	+	67731	81.188602	40.594301	67731	67733	3	3
PK_15_4h	120	LT934125.1	67838	67856	+	67838	81.188602	40.594301	67838	67856	19	19
PK_15_4h	121	LT934125.1	67961	67961	+	67961	40.594301	40.594301	67961	67961	1	1
PK_15_4h	122	LT934125.1	68097	68124	+	68097	81.188602	40.594301	68097	68124	28	28
PK_15_4h	123	LT934125.1	68364	68378	+	68364	81.188602	40.594301	68364	68378	15	15
PK_15_4h	124	LT934125.1	68566	68566	+	68566	40.594301	40.594301	68566	68566	1	1
PK_15_4h	125	LT934125.1	68873	68875	+	68873	121.782902	81.188601	68873	68875	3	3
PK_15_4h	126	LT934125.1	69047	69096	+	69053	284.160106	81.188601	69047	69096	50	50
PK_15_4h	127	LT934125.1	69235	69247	+	69244	1339.61192	405.943006	69237	69246	10	13
PK_15_4h	128	LT934125.1	69503	69535	+	69503	202.971503	81.188601	69503	69535	33	33
PK_15_4h	129	LT934125.1	69737	69795	+	69765	730.697412	284.160104	69748	69789	42	59
PK_15_4h	130	LT934125.1	69927	69964	+	69927	202.971505	40.594301	69927	69964	38	38
PK_15_4h	131	LT934125.1	70001	70090	+	70090	1583.177724	1339.611918	70055	70090	36	90
PK_15_4h	132	LT934125.1	70525	70534	+	70531	26264.512462	14086.222294	70529	70531	3	10
PK_15_4h	133	LT934125.1	70774	70774	+	70774	81.188601	81.188601	70774	70774	1	1
PK_15_4h	134	LT934125.1	71224	71246	+	71224	121.782903	40.594301	71224	71246	23	23
PK_15_4h	135	LT934125.1	71796	71796	+	71796	40.594301	40.594301	71796	71796	1	1
PK_15_4h	136	LT934125.1	72471	72471	+	72471	40.594301	40.594301	72471	72471	1	1
PK_15_4h	137	LT934125.1	72758	72788	+	72759	284.160105	162.377202	72758	72788	31	31
PK_15_4h	138	LT934125.1	73321	73321	+	73321	40.594301	40.594301	73321	73321	1	1
PK_15_4h	139	LT934125.1	73676	73676	+	73676	40.594301	40.594301	73676	73676	1	1
PK_15_4h	140	LT934125.1	73783	73783	+	73783	40.594301	40.594301	73783	73783	1	1
PK_15_4h	141	LT934125.1	74397	74408	+	74400	24478.36324	11569.37566	74400	74403	4	12
PK_15_4h	142	LT934125.1	74833	74855	+	74833	81.188602	40.594301	74833	74855	23	23
PK_15_4h	143	LT934125.1	75133	75160	+	75139	243.565804	121.782902	75133	75160	28	28
PK_15_4h	144	LT934125.1	76682	76685	+	76683	974.263214	527.725907	76683	76685	3	4
PK_15_4h	145	LT934125.1	76990	76993	+	76990	324.754405	284.160104	76990	76993	4	4
PK_15_4h	146	LT934125.1	78035	78062	+	78035	1339.61192	405.943006	78035	78044	10	28
PK_15_4h	147	LT934125.1	78282	78336	+	78282	121.782903	40.594301	78282	78336	55	55
PK_15_4h	148	LT934125.1	78524	78524	+	78524	40.594301	40.594301	78524	78524	1	1
PK_15_4h	149	LT934125.1	78776	78776	+	78776	40.594301	40.594301	78776	78776	1	1
PK_15_4h	150	LT934125.1	79010	79010	+	79010	40.594301	40.594301	79010	79010	1	1
PK_15_4h	151	LT934125.1	79203	79203	+	79203	40.594301	40.594301	79203	79203	1	1
PK_15_4h	152	LT934125.1	79323	79324	+	79323	81.188602	40.594301	79323	79324	2	2
PK_15_4h	153	LT934125.1	79437	79454	+	79444	27035.804173	19485.264269	79440	79444	5	18
PK_15_4h	154	LT934125.1	80368	80368	+	80368	40.594301	40.594301	80368	80368	1	1
PK_15_4h	155	LT934125.1	81082	81082	+	81082	81.188601	81.188601	81082	81082	1	1
PK_15_4h	156	LT934125.1	81965	81965	+	81965	40.594301	40.594301	81965	81965	1	1
PK_15_4h	157	LT934125.1	82471	82474	+	82471	121.782902	81.188601	82471	82474	4	4
PK_15_4h	158	LT934125.1	83131	83131	+	83131	40.594301	40.594301	83131	83131	1	1
PK_15_4h	159	LT934125.1	83792	83792	+	83792	40.594301	40.594301	83792	83792	1	1
PK_15_4h	160	LT934125.1	83975	83982	+	83975	568.320209	243.565803	83975	83980	6	8
PK_15_4h	161	LT934125.1	84251	84251	+	84251	40.594301	40.594301	84251	84251	1	1
PK_15_4h	162	LT934125.1	84865	84865	+	84865	40.594301	40.594301	84865	84865	1	1
PK_15_4h	163	LT934125.1	84990	84990	+	84990	40.594301	40.594301	84990	84990	1	1
PK_15_4h	164	LT934125.1	85301	85301	+	85301	40.594301	40.594301	85301	85301	1	1
PK_15_4h	165	LT934125.1	85493	85498	+	85493	121.782903	40.594301	85493	85498	6	6
PK_15_4h	166	LT934125.1	85733	85733	+	85733	40.594301	40.594301	85733	85733	1	1
PK_15_4h	167	LT934125.1	85996	85997	+	85996	162.377202	81.188601	85996	85997	2	2
PK_15_4h	168	LT934125.1	86255	86278	+	86255	81.188602	40.594301	86255	86278	24	24
PK_15_4h	169	LT934125.1	88888	88888	+	88888	40.594301	40.594301	88888	88888	1	1
PK_15_4h	170	LT934125.1	89299	89299	+	89299	40.594301	40.594301	89299	89299	1	1
PK_15_4h	171	LT934125.1	89513	89513	+	89513	40.594301	40.594301	89513	89513	1	1
PK_15_4h	172	LT934125.1	89635	89635	+	89635	40.594301	40.594301	89635	89635	1	1
PK_15_4h	173	LT934125.1	89856	89927	+	89927	202.971504	81.188601	89856	89927	72	72
PK_15_4h	174	LT934125.1	90233	90233	+	90233	40.594301	40.594301	90233	90233	1	1
PK_15_4h	175	LT934125.1	90381	90381	+	90381	121.782902	121.782902	90381	90381	1	1
PK_15_4h	176	LT934125.1	90941	90944	+	90941	81.188602	40.594301	90941	90944	4	4
PK_15_4h	177	LT934125.1	91360	91431	+	91409	2395.063735	974.263213	91381	91412	32	72
PK_15_4h	178	LT934125.1	91545	91574	+	91548	365.348706	243.565803	91545	91574	30	30
PK_15_4h	179	LT934125.1	91743	91745	+	91743	81.188602	40.594301	91743	91745	3	3
PK_15_4h	180	LT934125.1	92240	92241	+	92240	81.188602	40.594301	92240	92241	2	2
PK_15_4h	181	LT934125.1	92431	92482	+	92451	202.971504	81.188601	92431	92482	52	52
PK_15_4h	182	LT934125.1	94580	94580	+	94580	40.594301	40.594301	94580	94580	1	1
PK_15_4h	183	LT934125.1	96553	96553	+	96553	40.594301	40.594301	96553	96553	1	1
PK_15_4h	184	LT934125.1	96885	96885	+	96885	40.594301	40.594301	96885	96885	1	1
PK_15_4h	185	LT934125.1	100936	100936	+	100936	40.594301	40.594301	100936	100936	1	1
PK_15_4h	186	LT934125.1	101290	101290	+	101290	40.594301	40.594301	101290	101290	1	1
PK_15_4h	187	LT934125.1	101472	101472	+	101472	40.594301	40.594301	101472	101472	1	1
PK_15_4h	188	LT934125.1	101729	101729	+	101729	81.188601	81.188601	101729	101729	1	1
PK_15_4h	189	LT934125.1	102845	102845	+	102845	40.594301	40.594301	102845	102845	1	1
PK_15_4h	190	LT934125.1	103790	103790	+	103790	40.594301	40.594301	103790	103790	1	1
PK_15_4h	191	LT934125.1	104219	104219	+	104219	40.594301	40.594301	104219	104219	1	1
PK_15_4h	192	LT934125.1	104721	104721	+	104721	40.594301	40.594301	104721	104721	1	1
PK_15_4h	193	LT934125.1	105410	105410	+	105410	40.594301	40.594301	105410	105410	1	1
PK_15_4h	194	LT934125.1	105984	105984	+	105984	40.594301	40.594301	105984	105984	1	1
PK_15_4h	195	LT934125.1	106322	106322	+	106322	40.594301	40.594301	106322	106322	1	1
PK_15_4h	196	LT934125.1	106594	106596	+	106594	162.377202	81.188601	106594	106596	3	3
PK_15_4h	197	LT934125.1	106839	106843	+	106839	81.188602	40.594301	106839	106843	5	5
PK_15_4h	198	LT934125.1	107028	107035	+	107035	284.160106	121.782902	107028	107035	8	8
PK_15_4h	199	LT934125.1	107163	107163	+	107163	40.594301	40.594301	107163	107163	1	1
PK_15_4h	200	LT934125.1	107391	107537	+	107482	5155.476177	933.668913	107420	107485	66	147
PK_15_4h	201	LT934125.1	107614	107614	+	107614	81.188601	81.188601	107614	107614	1	1
PK_15_4h	202	LT934125.1	107786	107786	+	107786	40.594301	40.594301	107786	107786	1	1
PK_15_4h	203	LT934125.1	107965	107977	+	107965	162.377204	40.594301	107965	107977	13	13
PK_15_4h	204	LT934125.1	108098	108098	+	108098	81.188601	81.188601	108098	108098	1	1
PK_15_4h	205	LT934125.1	108272	108329	+	108310	243.565805	81.188601	108272	108329	58	58
PK_15_4h	206	LT934125.1	108568	108585	+	108568	81.188602	40.594301	108568	108585	18	18
PK_15_4h	207	LT934125.1	110692	110692	+	110692	40.594301	40.594301	110692	110692	1	1
PK_15_4h	208	LT934125.1	111457	111457	+	111457	40.594301	40.594301	111457	111457	1	1
PK_15_4h	209	LT934125.1	112884	112884	+	112884	40.594301	40.594301	112884	112884	1	1
PK_15_4h	210	LT934125.1	114837	114837	+	114837	40.594301	40.594301	114837	114837	1	1
PK_15_4h	211	LT934125.1	114979	114988	+	114985	79483.640497	67345.944629	114985	114986	2	10
PK_15_4h	212	LT934125.1	115379	115379	+	115379	40.594301	40.594301	115379	115379	1	1
PK_15_4h	213	LT934125.1	115705	115705	+	115705	40.594301	40.594301	115705	115705	1	1
PK_15_4h	214	LT934125.1	115787	115841	+	115815	730.697411	527.725907	115808	115841	34	55
PK_15_4h	215	LT934125.1	115886	115985	+	115963	487.131611	81.188601	115904	115963	60	100
PK_15_4h	216	LT934125.1	116120	116223	+	116120	771.291716	121.782902	116120	116200	81	104
PK_15_4h	217	LT934125.1	116260	116283	+	116261	405.943007	162.377202	116260	116283	24	24
PK_15_4h	218	LT934125.1	116316	116463	+	116426	1299.017627	121.782902	116363	116458	96	148
PK_15_4h	219	LT934125.1	116495	116791	+	116791	2841.601051	284.160104	116541	116777	237	297
PK_15_4h	220	LT934125.1	117769	117781	+	117769	1055.451815	852.480312	117769	117781	13	13
PK_15_4h	221	LT934125.1	118069	118069	+	118069	40.594301	40.594301	118069	118069	1	1
PK_15_4h	222	LT934125.1	118209	118209	+	118209	40.594301	40.594301	118209	118209	1	1
PK_15_4h	223	LT934125.1	118372	118372	+	118372	40.594301	40.594301	118372	118372	1	1
PK_15_4h	224	LT934125.1	118514	118529	+	118529	162.377203	81.188601	118514	118529	16	16
PK_15_4h	225	LT934125.1	118748	118748	+	118748	40.594301	40.594301	118748	118748	1	1
PK_15_4h	226	LT934125.1	118857	118868	+	118864	51554.761711	26386.295364	118860	118866	7	12
PK_15_4h	227	LT934125.1	119536	119536	+	119536	40.594301	40.594301	119536	119536	1	1
PK_15_4h	228	LT934125.1	119805	119844	+	119808	284.160105	121.782902	119805	119844	40	40
PK_15_4h	229	LT934125.1	119940	120007	+	119941	487.13161	121.782902	119941	119994	54	68
PK_15_4h	230	LT934125.1	120059	120146	+	120090	568.320212	81.188601	120082	120139	58	88
PK_15_4h	231	LT934125.1	120252	120303	+	120273	284.160106	81.188601	120252	120303	52	52
PK_15_4h	232	LT934125.1	120554	120557	+	120555	730.697411	487.131607	120555	120557	3	4
PK_15_4h	233	LT934125.1	120803	120803	+	120803	40.594301	40.594301	120803	120803	1	1
PK_15_4h	234	LT934125.1	120933	120937	+	120934	243.565804	121.782902	120933	120937	5	5
PK_15_4h	235	LT934125.1	121271	121271	+	121271	40.594301	40.594301	121271	121271	1	1
PK_15_4h	236	LT934125.1	121454	121454	+	121454	40.594301	40.594301	121454	121454	1	1
PK_15_4h	237	LT934125.1	121778	121788	+	121784	14126.816597	8971.340424	121784	121786	3	11
PK_15_4h	238	LT934125.1	122266	122266	+	122266	40.594301	40.594301	122266	122266	1	1
PK_15_4h	239	LT934125.1	122819	122819	+	122819	81.188601	81.188601	122819	122819	1	1
PK_15_4h	240	LT934125.1	122920	122983	+	122979	5886.173581	3369.326946	122979	122981	3	64
PK_15_4h	241	LT934125.1	123587	123587	+	123587	40.594301	40.594301	123587	123587	1	1
PK_15_4h	242	LT934125.1	123817	123827	+	123817	81.188602	40.594301	123817	123827	11	11
PK_15_4h	243	LT934125.1	124046	124046	+	124046	81.188601	81.188601	124046	124046	1	1
PK_15_4h	244	LT934125.1	124301	124313	+	124302	487.131607	243.565803	124301	124307	7	13
PK_15_4h	245	LT934125.1	124457	124576	+	124541	730.697416	121.782902	124481	124563	83	120
PK_15_4h	246	LT934125.1	124736	124761	+	124756	5439.636276	4343.59016	124756	124758	3	26
PK_15_4h	247	LT934125.1	125208	125229	+	125225	34464.561176	19241.698466	125223	125225	3	22
PK_15_4h	248	LT934125.1	125373	125415	+	125373	202.971504	81.188601	125373	125415	43	43
PK_15_4h	249	LT934125.1	126858	126858	+	126858	40.594301	40.594301	126858	126858	1	1
PK_15_4h	250	LT934125.1	128015	128136	+	128079	893.07462	121.782902	128038	128111	74	122
PK_15_4h	251	LT934125.1	128185	128225	+	128185	690.103111	243.565803	128185	128223	39	41
PK_15_4h	252	LT934125.1	129592	129592	+	129592	81.188601	81.188601	129592	129592	1	1
PK_15_4h	253	LT934125.1	129984	129984	+	129984	40.594301	40.594301	129984	129984	1	1
PK_15_4h	254	LT934125.1	132613	132614	+	132614	324.754405	284.160104	132613	132614	2	2
PK_15_4h	255	LT934125.1	133987	133987	+	133987	40.594301	40.594301	133987	133987	1	1
PK_15_4h	256	LT934125.1	135000	135000	+	135000	40.594301	40.594301	135000	135000	1	1
PK_15_4h	257	LT934125.1	136040	136104	+	136055	365.348707	81.188601	136040	136104	65	65
PK_15_4h	258	LT934125.1	136157	136201	+	136158	1907.932128	1623.772022	136158	136159	2	45
PK_15_4h	259	LT934125.1	136289	136397	+	136348	3937.647159	1948.526427	136339	136352	14	109
PK_15_4h	260	LT934125.1	136618	136673	+	136618	487.131609	121.782902	136618	136671	54	56
PK_15_4h	261	LT934125.1	137061	137061	+	137061	40.594301	40.594301	137061	137061	1	1
PK_15_4h	262	LT934125.1	137482	137482	+	137482	40.594301	40.594301	137482	137482	1	1
PK_15_4h	263	LT934125.1	137751	137751	+	137751	40.594301	40.594301	137751	137751	1	1
PK_15_4h	264	LT934125.1	138188	138188	+	138188	40.594301	40.594301	138188	138188	1	1
PK_15_4h	265	LT934125.1	138586	138586	+	138586	40.594301	40.594301	138586	138586	1	1
PK_15_4h	266	LT934125.1	138877	138882	+	138877	81.188602	40.594301	138877	138882	6	6
PK_15_4h	267	LT934125.1	139115	139115	+	139115	40.594301	40.594301	139115	139115	1	1
PK_15_4h	268	LT934125.1	139476	139500	+	139480	162.377203	81.188601	139476	139500	25	25
PK_15_4h	269	LT934125.1	139670	139670	+	139670	40.594301	40.594301	139670	139670	1	1
PK_15_4h	270	LT934125.1	139982	139984	+	139982	121.782902	81.188601	139982	139984	3	3
PK_15_4h	271	LT934125.1	140292	140292	+	140292	40.594301	40.594301	140292	140292	1	1
PK_15_4h	272	LT934125.1	140631	140656	+	140631	81.188602	40.594301	140631	140656	26	26
PK_15_4h	273	LT934125.1	141086	141104	+	141086	81.188602	40.594301	141086	141104	19	19
PK_15_4h	274	LT934125.1	1925	1925	-	1925	40.594301	40.594301	1925	1925	1	1
PK_15_4h	275	LT934125.1	3006	3043	-	3006	162.377203	81.188601	3006	3043	38	38
PK_15_4h	276	LT934125.1	3421	3477	-	3421	243.565805	81.188601	3421	3477	57	57
PK_15_4h	277	LT934125.1	3653	3689	-	3653	162.377204	40.594301	3653	3689	37	37
PK_15_4h	278	LT934125.1	3877	3959	-	3910	2395.063736	1014.857514	3905	3912	8	83
PK_15_4h	279	LT934125.1	4154	4154	-	4154	40.594301	40.594301	4154	4154	1	1
PK_15_4h	280	LT934125.1	4324	4324	-	4324	40.594301	40.594301	4324	4324	1	1
PK_15_4h	281	LT934125.1	4424	4424	-	4424	40.594301	40.594301	4424	4424	1	1
PK_15_4h	282	LT934125.1	4596	4597	-	4596	81.188602	40.594301	4596	4597	2	2
PK_15_4h	283	LT934125.1	4895	4928	-	4925	405.943008	162.377202	4895	4928	34	34
PK_15_4h	284	LT934125.1	7142	7142	-	7142	40.594301	40.594301	7142	7142	1	1
PK_15_4h	285	LT934125.1	7379	7379	-	7379	40.594301	40.594301	7379	7379	1	1
PK_15_4h	286	LT934125.1	7758	7767	-	7767	121.782902	81.188601	7758	7767	10	10
PK_15_4h	287	LT934125.1	8776	8776	-	8776	40.594301	40.594301	8776	8776	1	1
PK_15_4h	288	LT934125.1	8949	8949	-	8949	40.594301	40.594301	8949	8949	1	1
PK_15_4h	289	LT934125.1	9214	9229	-	9214	284.160105	202.971503	9214	9229	16	16
PK_15_4h	290	LT934125.1	9494	9532	-	9494	6210.927986	5317.853373	9494	9499	6	39
PK_15_4h	291	LT934125.1	9885	9893	-	9885	81.188602	40.594301	9885	9893	9	9
PK_15_4h	292	LT934125.1	16791	16819	-	16791	121.782902	81.188601	16791	16819	29	29
PK_15_4h	293	LT934125.1	17002	17036	-	17027	202.971504	81.188601	17002	17036	35	35
PK_15_4h	294	LT934125.1	17333	17373	-	17341	730.697412	527.725907	17338	17355	18	41
PK_15_4h	295	LT934125.1	17456	17538	-	17456	487.131609	81.188601	17456	17538	83	83
PK_15_4h	296	LT934125.1	17664	17719	-	17664	202.971505	40.594301	17664	17719	56	56
PK_15_4h	297	LT934125.1	17981	17981	-	17981	40.594301	40.594301	17981	17981	1	1
PK_15_4h	298	LT934125.1	18232	18238	-	18232	121.782903	40.594301	18232	18238	7	7
PK_15_4h	299	LT934125.1	18424	18424	-	18424	40.594301	40.594301	18424	18424	1	1
PK_15_4h	300	LT934125.1	18791	18811	-	18791	81.188602	40.594301	18791	18811	21	21
PK_15_4h	301	LT934125.1	19363	19363	-	19363	40.594301	40.594301	19363	19363	1	1
PK_15_4h	302	LT934125.1	19440	19473	-	19471	2922.78964	1258.423317	19470	19473	4	34
PK_15_4h	303	LT934125.1	21475	21475	-	21475	40.594301	40.594301	21475	21475	1	1
PK_15_4h	304	LT934125.1	21596	21596	-	21596	81.188601	81.188601	21596	21596	1	1
PK_15_4h	305	LT934125.1	21937	21985	-	21941	852.480314	405.943006	21939	21971	33	49
PK_15_4h	306	LT934125.1	22580	22619	-	22614	284.160106	81.188601	22580	22619	40	40
PK_15_4h	307	LT934125.1	22785	22785	-	22785	40.594301	40.594301	22785	22785	1	1
PK_15_4h	308	LT934125.1	22924	22924	-	22924	40.594301	40.594301	22924	22924	1	1
PK_15_4h	309	LT934125.1	23047	23047	-	23047	40.594301	40.594301	23047	23047	1	1
PK_15_4h	310	LT934125.1	23428	23428	-	23428	40.594301	40.594301	23428	23428	1	1
PK_15_4h	311	LT934125.1	23660	23660	-	23660	81.188601	81.188601	23660	23660	1	1
PK_15_4h	312	LT934125.1	24028	24028	-	24028	40.594301	40.594301	24028	24028	1	1
PK_15_4h	313	LT934125.1	24704	24704	-	24704	40.594301	40.594301	24704	24704	1	1
PK_15_4h	314	LT934125.1	25298	25315	-	25313	1136.640417	771.291711	25310	25315	6	18
PK_15_4h	315	LT934125.1	26655	26655	-	26655	40.594301	40.594301	26655	26655	1	1
PK_15_4h	316	LT934125.1	27359	27359	-	27359	40.594301	40.594301	27359	27359	1	1
PK_15_4h	317	LT934125.1	28569	28598	-	28569	81.188602	40.594301	28569	28598	30	30
PK_15_4h	318	LT934125.1	29044	29046	-	29046	121.782902	81.188601	29044	29046	3	3
PK_15_4h	319	LT934125.1	29263	29300	-	29288	487.131609	243.565803	29270	29288	19	38
PK_15_4h	320	LT934125.1	29406	29417	-	29411	26873.426971	9620.849233	29409	29414	6	12
PK_15_4h	321	LT934125.1	29828	29828	-	29828	81.188601	81.188601	29828	29828	1	1
PK_15_4h	322	LT934125.1	30215	30241	-	30215	81.188602	40.594301	30215	30241	27	27
PK_15_4h	323	LT934125.1	30877	30877	-	30877	121.782902	121.782902	30877	30877	1	1
PK_15_4h	324	LT934125.1	31041	31041	-	31041	40.594301	40.594301	31041	31041	1	1
PK_15_4h	325	LT934125.1	31363	31363	-	31363	40.594301	40.594301	31363	31363	1	1
PK_15_4h	326	LT934125.1	32836	32842	-	32842	324.754405	202.971503	32836	32842	7	7
PK_15_4h	327	LT934125.1	32972	33002	-	32972	162.377203	81.188601	32972	33002	31	31
PK_15_4h	328	LT934125.1	33408	33408	-	33408	40.594301	40.594301	33408	33408	1	1
PK_15_4h	329	LT934125.1	33611	33611	-	33611	40.594301	40.594301	33611	33611	1	1
PK_15_4h	330	LT934125.1	33947	33947	-	33947	40.594301	40.594301	33947	33947	1	1
PK_15_4h	331	LT934125.1	34091	34091	-	34091	40.594301	40.594301	34091	34091	1	1
PK_15_4h	332	LT934125.1	34467	34478	-	34474	568.32021	202.971503	34468	34478	11	12
PK_15_4h	333	LT934125.1	36094	36094	-	36094	40.594301	40.594301	36094	36094	1	1
PK_15_4h	334	LT934125.1	36988	36988	-	36988	40.594301	40.594301	36988	36988	1	1
PK_15_4h	335	LT934125.1	38752	38752	-	38752	40.594301	40.594301	38752	38752	1	1
PK_15_4h	336	LT934125.1	41995	41995	-	41995	40.594301	40.594301	41995	41995	1	1
PK_15_4h	337	LT934125.1	42447	42447	-	42447	40.594301	40.594301	42447	42447	1	1
PK_15_4h	338	LT934125.1	42549	42549	-	42549	40.594301	40.594301	42549	42549	1	1
PK_15_4h	339	LT934125.1	43020	43020	-	43020	40.594301	40.594301	43020	43020	1	1
PK_15_4h	340	LT934125.1	44122	44122	-	44122	40.594301	40.594301	44122	44122	1	1
PK_15_4h	341	LT934125.1	44613	44621	-	44613	81.188602	40.594301	44613	44621	9	9
PK_15_4h	342	LT934125.1	44886	44893	-	44889	568.320208	202.971503	44886	44893	8	8
PK_15_4h	343	LT934125.1	45908	45908	-	45908	40.594301	40.594301	45908	45908	1	1
PK_15_4h	344	LT934125.1	48075	48075	-	48075	40.594301	40.594301	48075	48075	1	1
PK_15_4h	345	LT934125.1	50260	50268	-	50260	81.188602	40.594301	50260	50268	9	9
PK_15_4h	346	LT934125.1	50631	50692	-	50641	324.754406	121.782902	50631	50692	62	62
PK_15_4h	347	LT934125.1	50886	50895	-	50886	81.188602	40.594301	50886	50895	10	10
PK_15_4h	348	LT934125.1	51143	51151	-	51147	5926.767884	5277.259073	51147	51147	1	9
PK_15_4h	349	LT934125.1	51530	51534	-	51530	81.188602	40.594301	51530	51534	5	5
PK_15_4h	350	LT934125.1	51700	51700	-	51700	40.594301	40.594301	51700	51700	1	1
PK_15_4h	351	LT934125.1	52674	52674	-	52674	40.594301	40.594301	52674	52674	1	1
PK_15_4h	352	LT934125.1	53205	53205	-	53205	40.594301	40.594301	53205	53205	1	1
PK_15_4h	353	LT934125.1	54831	54848	-	54831	81.188602	40.594301	54831	54848	18	18
PK_15_4h	354	LT934125.1	55366	55379	-	55378	405.943006	324.754404	55366	55379	14	14
PK_15_4h	355	LT934125.1	55660	55768	-	55661	405.943008	81.188601	55660	55768	109	109
PK_15_4h	356	LT934125.1	55945	56014	-	55945	527.725911	121.782902	55945	56005	61	70
PK_15_4h	357	LT934125.1	56183	56268	-	56188	29227.896406	16359.503126	56187	56191	5	86
PK_15_4h	358	LT934125.1	56474	56474	-	56474	40.594301	40.594301	56474	56474	1	1
PK_15_4h	359	LT934125.1	56594	56594	-	56594	40.594301	40.594301	56594	56594	1	1
PK_15_4h	360	LT934125.1	56830	56830	-	56830	40.594301	40.594301	56830	56830	1	1
PK_15_4h	361	LT934125.1	56943	56967	-	56946	2395.063735	1867.337826	56944	56946	3	25
PK_15_4h	362	LT934125.1	57099	57101	-	57101	121.782902	81.188601	57099	57101	3	3
PK_15_4h	363	LT934125.1	57313	57313	-	57313	40.594301	40.594301	57313	57313	1	1
PK_15_4h	364	LT934125.1	57559	57559	-	57559	40.594301	40.594301	57559	57559	1	1
PK_15_4h	365	LT934125.1	57707	57707	-	57707	40.594301	40.594301	57707	57707	1	1
PK_15_4h	366	LT934125.1	58021	58021	-	58021	40.594301	40.594301	58021	58021	1	1
PK_15_4h	367	LT934125.1	58190	58190	-	58190	40.594301	40.594301	58190	58190	1	1
PK_15_4h	368	LT934125.1	58570	58571	-	58570	81.188602	40.594301	58570	58571	2	2
PK_15_4h	369	LT934125.1	59004	59004	-	59004	40.594301	40.594301	59004	59004	1	1
PK_15_4h	370	LT934125.1	59276	59281	-	59277	771.291711	527.725907	59276	59277	2	6
PK_15_4h	371	LT934125.1	62075	62077	-	62075	81.188602	40.594301	62075	62077	3	3
PK_15_4h	372	LT934125.1	63417	63424	-	63420	152472.192903	133920.597548	63418	63420	3	8
PK_15_4h	373	LT934125.1	64097	64097	-	64097	40.594301	40.594301	64097	64097	1	1
PK_15_4h	374	LT934125.1	64624	64624	-	64624	40.594301	40.594301	64624	64624	1	1
PK_15_4h	375	LT934125.1	64787	64787	-	64787	40.594301	40.594301	64787	64787	1	1
PK_15_4h	376	LT934125.1	64896	64896	-	64896	40.594301	40.594301	64896	64896	1	1
PK_15_4h	377	LT934125.1	65197	65197	-	65197	40.594301	40.594301	65197	65197	1	1
PK_15_4h	378	LT934125.1	65343	65343	-	65343	40.594301	40.594301	65343	65343	1	1
PK_15_4h	379	LT934125.1	65746	65752	-	65750	1299.017618	446.537306	65747	65752	6	7
PK_15_4h	380	LT934125.1	66252	66252	-	66252	40.594301	40.594301	66252	66252	1	1
PK_15_4h	381	LT934125.1	66354	66354	-	66354	40.594301	40.594301	66354	66354	1	1
PK_15_4h	382	LT934125.1	66694	66694	-	66694	40.594301	40.594301	66694	66694	1	1
PK_15_4h	383	LT934125.1	67639	67639	-	67639	40.594301	40.594301	67639	67639	1	1
PK_15_4h	384	LT934125.1	67964	67964	-	67964	40.594301	40.594301	67964	67964	1	1
PK_15_4h	385	LT934125.1	68527	68527	-	68527	40.594301	40.594301	68527	68527	1	1
PK_15_4h	386	LT934125.1	68884	68888	-	68887	284.160105	121.782902	68884	68888	5	5
PK_15_4h	387	LT934125.1	69255	69256	-	69255	81.188602	40.594301	69255	69256	2	2
PK_15_4h	388	LT934125.1	70112	70112	-	70112	40.594301	40.594301	70112	70112	1	1
PK_15_4h	389	LT934125.1	70431	70469	-	70446	202.971504	81.188601	70431	70469	39	39
PK_15_4h	390	LT934125.1	71070	71070	-	71070	40.594301	40.594301	71070	71070	1	1
PK_15_4h	391	LT934125.1	71872	71904	-	71882	324.754406	81.188601	71872	71904	33	33
PK_15_4h	392	LT934125.1	72174	72174	-	72174	40.594301	40.594301	72174	72174	1	1
PK_15_4h	393	LT934125.1	72666	72666	-	72666	40.594301	40.594301	72666	72666	1	1
PK_15_4h	394	LT934125.1	74226	74233	-	74226	81.188602	40.594301	74226	74233	8	8
PK_15_4h	395	LT934125.1	74345	74345	-	74345	121.782902	121.782902	74345	74345	1	1
PK_15_4h	396	LT934125.1	75623	75623	-	75623	40.594301	40.594301	75623	75623	1	1
PK_15_4h	397	LT934125.1	75959	75959	-	75959	40.594301	40.594301	75959	75959	1	1
PK_15_4h	398	LT934125.1	76084	76084	-	76084	40.594301	40.594301	76084	76084	1	1
PK_15_4h	399	LT934125.1	76836	76867	-	76860	446.537307	284.160104	76836	76863	28	32
PK_15_4h	400	LT934125.1	79578	79578	-	79578	40.594301	40.594301	79578	79578	1	1
PK_15_4h	401	LT934125.1	80225	80225	-	80225	40.594301	40.594301	80225	80225	1	1
PK_15_4h	402	LT934125.1	80435	80464	-	80435	81.188602	40.594301	80435	80464	30	30
PK_15_4h	403	LT934125.1	80604	80718	-	80645	527.725911	162.377202	80632	80708	77	115
PK_15_4h	404	LT934125.1	80796	80920	-	80858	1177.234719	243.565803	80814	80892	79	125
PK_15_4h	405	LT934125.1	81240	81240	-	81240	40.594301	40.594301	81240	81240	1	1
PK_15_4h	406	LT934125.1	81687	81687	-	81687	40.594301	40.594301	81687	81687	1	1
PK_15_4h	407	LT934125.1	81770	81900	-	81804	5561.419179	1623.772022	81804	81840	37	131
PK_15_4h	408	LT934125.1	82023	82024	-	82023	81.188602	40.594301	82023	82024	2	2
PK_15_4h	409	LT934125.1	82991	82991	-	82991	40.594301	40.594301	82991	82991	1	1
PK_15_4h	410	LT934125.1	84724	84724	-	84724	40.594301	40.594301	84724	84724	1	1
PK_15_4h	411	LT934125.1	86350	86350	-	86350	40.594301	40.594301	86350	86350	1	1
PK_15_4h	412	LT934125.1	86495	86522	-	86495	81.188602	40.594301	86495	86522	28	28
PK_15_4h	413	LT934125.1	86910	86918	-	86910	81.188602	40.594301	86910	86918	9	9
PK_15_4h	414	LT934125.1	87156	87163	-	87161	2516.846636	1989.120727	87157	87161	5	8
PK_15_4h	415	LT934125.1	87442	87448	-	87447	487.131608	162.377202	87442	87447	6	7
PK_15_4h	416	LT934125.1	87815	87815	-	87815	40.594301	40.594301	87815	87815	1	1
PK_15_4h	417	LT934125.1	88126	88126	-	88126	40.594301	40.594301	88126	88126	1	1
PK_15_4h	418	LT934125.1	89078	89079	-	89079	243.565804	202.971503	89078	89079	2	2
PK_15_4h	419	LT934125.1	89943	89943	-	89943	40.594301	40.594301	89943	89943	1	1
PK_15_4h	420	LT934125.1	90577	90577	-	90577	40.594301	40.594301	90577	90577	1	1
PK_15_4h	421	LT934125.1	91854	91854	-	91854	40.594301	40.594301	91854	91854	1	1
PK_15_4h	422	LT934125.1	92271	92321	-	92303	771.291713	487.131607	92278	92321	44	51
PK_15_4h	423	LT934125.1	92621	92652	-	92630	446.537308	202.971503	92621	92635	15	32
PK_15_4h	424	LT934125.1	92755	92785	-	92774	284.160106	121.782902	92755	92785	31	31
PK_15_4h	425	LT934125.1	92929	92936	-	92933	6698.059593	3937.647154	92933	92936	4	8
PK_15_4h	426	LT934125.1	93155	93163	-	93155	81.188602	40.594301	93155	93163	9	9
PK_15_4h	427	LT934125.1	93281	93281	-	93281	81.188601	81.188601	93281	93281	1	1
PK_15_4h	428	LT934125.1	93651	93701	-	93654	1989.12073	1745.554924	93654	93654	1	51
PK_15_4h	429	LT934125.1	94509	94565	-	94526	1136.640417	568.320208	94526	94554	29	57
PK_15_4h	430	LT934125.1	94941	94948	-	94947	2313.875133	1501.989121	94943	94947	5	8
PK_15_4h	431	LT934125.1	95744	95744	-	95744	40.594301	40.594301	95744	95744	1	1
PK_15_4h	432	LT934125.1	96089	96094	-	96089	121.782902	81.188601	96089	96094	6	6
PK_15_4h	433	LT934125.1	96310	96351	-	96317	202.971504	81.188601	96310	96351	42	42
PK_15_4h	434	LT934125.1	96535	96536	-	96536	121.782902	81.188601	96535	96536	2	2
PK_15_4h	435	LT934125.1	96776	96857	-	96843	527.725908	243.565803	96804	96857	54	82
PK_15_4h	436	LT934125.1	96964	96972	-	96964	121.782902	81.188601	96964	96972	9	9
PK_15_4h	437	LT934125.1	97321	97368	-	97361	23747.665829	8971.340424	97337	97361	25	48
PK_15_4h	438	LT934125.1	102487	102500	-	102487	81.188602	40.594301	102487	102500	14	14
PK_15_4h	439	LT934125.1	103011	103011	-	103011	40.594301	40.594301	103011	103011	1	1
PK_15_4h	440	LT934125.1	103425	103425	-	103425	40.594301	40.594301	103425	103425	1	1
PK_15_4h	441	LT934125.1	103733	103735	-	103735	121.782902	81.188601	103733	103735	3	3
PK_15_4h	442	LT934125.1	104217	104241	-	104237	162.377203	81.188601	104217	104241	25	25
PK_15_4h	443	LT934125.1	104602	104602	-	104602	40.594301	40.594301	104602	104602	1	1
PK_15_4h	444	LT934125.1	104767	104796	-	104767	81.188602	40.594301	104767	104796	30	30
PK_15_4h	445	LT934125.1	105032	105032	-	105032	40.594301	40.594301	105032	105032	1	1
PK_15_4h	446	LT934125.1	105529	105529	-	105529	40.594301	40.594301	105529	105529	1	1
PK_15_4h	447	LT934125.1	105966	105966	-	105966	40.594301	40.594301	105966	105966	1	1
PK_15_4h	448	LT934125.1	106235	106235	-	106235	40.594301	40.594301	106235	106235	1	1
PK_15_4h	449	LT934125.1	106606	106606	-	106606	40.594301	40.594301	106606	106606	1	1
PK_15_4h	450	LT934125.1	106793	106793	-	106793	40.594301	40.594301	106793	106793	1	1
PK_15_4h	451	LT934125.1	107044	107099	-	107099	527.72591	121.782902	107046	107099	54	56
PK_15_4h	452	LT934125.1	107320	107428	-	107369	3937.647159	1948.526427	107365	107378	14	109
PK_15_4h	453	LT934125.1	107516	107560	-	107559	1907.932128	1623.772022	107558	107559	2	45
PK_15_4h	454	LT934125.1	108717	108717	-	108717	40.594301	40.594301	108717	108717	1	1
PK_15_4h	455	LT934125.1	109730	109753	-	109730	81.188602	40.594301	109730	109753	24	24
PK_15_4h	456	LT934125.1	111103	111104	-	111103	324.754405	284.160104	111103	111104	2	2
PK_15_4h	457	LT934125.1	113733	113733	-	113733	40.594301	40.594301	113733	113733	1	1
PK_15_4h	458	LT934125.1	114125	114125	-	114125	81.188601	81.188601	114125	114125	1	1
PK_15_4h	459	LT934125.1	115492	115532	-	115532	690.103111	243.565803	115494	115532	39	41
PK_15_4h	460	LT934125.1	115581	115702	-	115638	852.480319	121.782902	115606	115679	74	122
PK_15_4h	461	LT934125.1	116858	116858	-	116858	40.594301	40.594301	116858	116858	1	1
PK_15_4h	462	LT934125.1	119034	119061	-	119061	243.565805	81.188601	119034	119061	28	28
PK_15_4h	463	LT934125.1	119299	119299	-	119299	40.594301	40.594301	119299	119299	1	1
PK_15_4h	464	LT934125.1	119430	119444	-	119430	121.782903	40.594301	119430	119444	15	15
PK_15_4h	465	LT934125.1	119990	119993	-	119993	162.377203	81.188601	119990	119993	4	4
PK_15_4h	466	LT934125.1	120139	120139	-	120139	40.594301	40.594301	120139	120139	1	1
PK_15_4h	467	LT934125.1	120239	120239	-	120239	40.594301	40.594301	120239	120239	1	1
PK_15_4h	468	LT934125.1	120431	120454	-	120431	121.782902	81.188601	120431	120454	24	24
PK_15_4h	469	LT934125.1	121856	121856	-	121856	40.594301	40.594301	121856	121856	1	1
PK_15_4h	470	LT934125.1	122312	122320	-	122312	81.188602	40.594301	122312	122320	9	9
PK_15_4h	471	LT934125.1	122831	122831	-	122831	40.594301	40.594301	122831	122831	1	1
PK_15_4h	472	LT934125.1	124491	124491	-	124491	40.594301	40.594301	124491	124491	1	1
PK_15_4h	473	LT934125.1	124802	124804	-	124802	202.971504	121.782902	124802	124804	3	3
PK_15_4h	474	LT934125.1	125216	125216	-	125216	40.594301	40.594301	125216	125216	1	1
PK_15_4h	475	LT934125.1	125618	125618	-	125618	40.594301	40.594301	125618	125618	1	1
PK_15_4h	476	LT934125.1	126111	126111	-	126111	40.594301	40.594301	126111	126111	1	1
PK_15_4h	477	LT934125.1	126926	127222	-	126926	2801.00675	284.160104	126926	127176	251	297
PK_15_4h	478	LT934125.1	127434	127457	-	127456	405.943007	162.377202	127434	127457	24	24
PK_15_4h	479	LT934125.1	127494	127597	-	127597	771.291716	121.782902	127517	127597	81	104
PK_15_4h	480	LT934125.1	127732	127831	-	127754	487.131611	81.188601	127754	127813	60	100
PK_15_4h	481	LT934125.1	127876	127930	-	127902	730.697411	527.725907	127876	127909	34	55
PK_15_4h	482	LT934125.1	128122	128144	-	128122	81.188602	40.594301	128122	128144	23	23
PK_15_4h	483	LT934125.1	128729	128738	-	128732	79564.829099	67386.53893	128731	128732	2	10
PK_15_4h	484	LT934125.1	128880	128880	-	128880	40.594301	40.594301	128880	128880	1	1
PK_15_4h	485	LT934125.1	130833	130833	-	130833	40.594301	40.594301	130833	130833	1	1
PK_15_4h	486	LT934125.1	132260	132260	-	132260	40.594301	40.594301	132260	132260	1	1
PK_15_4h	487	LT934125.1	133025	133025	-	133025	40.594301	40.594301	133025	133025	1	1
PK_15_4h	488	LT934125.1	135085	135085	-	135085	40.594301	40.594301	135085	135085	1	1
PK_15_4h	489	LT934125.1	135284	135284	-	135284	40.594301	40.594301	135284	135284	1	1
PK_15_4h	490	LT934125.1	135388	135445	-	135407	243.565805	81.188601	135388	135445	58	58
PK_15_4h	491	LT934125.1	135619	135619	-	135619	81.188601	81.188601	135619	135619	1	1
PK_15_4h	492	LT934125.1	135740	135752	-	135740	162.377204	40.594301	135740	135752	13	13
PK_15_4h	493	LT934125.1	135931	135931	-	135931	40.594301	40.594301	135931	135931	1	1
PK_15_4h	494	LT934125.1	136103	136103	-	136103	81.188601	81.188601	136103	136103	1	1
PK_15_4h	495	LT934125.1	136180	136326	-	136235	5155.476177	933.668913	136232	136297	66	147
PK_15_4h	496	LT934125.1	136554	136554	-	136554	40.594301	40.594301	136554	136554	1	1
PK_15_4h	497	LT934125.1	136682	136689	-	136682	284.160106	121.782902	136682	136689	8	8
PK_15_4h	498	LT934125.1	136874	136878	-	136874	81.188602	40.594301	136874	136878	5	5
PK_15_4h	499	LT934125.1	137121	137123	-	137121	162.377202	81.188601	137121	137123	3	3
PK_15_4h	500	LT934125.1	137393	137395	-	137393	81.188602	40.594301	137393	137395	3	3
PK_15_4h	501	LT934125.1	137733	137733	-	137733	40.594301	40.594301	137733	137733	1	1
PK_15_4h	502	LT934125.1	138307	138307	-	138307	40.594301	40.594301	138307	138307	1	1
PK_15_4h	503	LT934125.1	138895	138895	-	138895	40.594301	40.594301	138895	138895	1	1
PK_15_4h	504	LT934125.1	139498	139498	-	139498	40.594301	40.594301	139498	139498	1	1
PK_15_4h	505	LT934125.1	139927	139927	-	139927	40.594301	40.594301	139927	139927	1	1
PK_15_4h	506	LT934125.1	140872	140872	-	140872	40.594301	40.594301	140872	140872	1	1
PK_15_4h	507	LT934125.1	141988	141988	-	141988	81.188601	81.188601	141988	141988	1	1
PK_15_4h	508	LT934125.1	142245	142245	-	142245	40.594301	40.594301	142245	142245	1	1
PK_15_4h	509	LT934125.1	142427	142427	-	142427	40.594301	40.594301	142427	142427	1	1
PK_15_4h	510	LT934125.1	142781	142781	-	142781	40.594301	40.594301	142781	142781	1	1
PK_15_6h	1	LT934125.1	779	782	+	779	185.485366	169.356204	779	779	1	4
PK_15_6h	2	LT934125.1	982	994	+	990	1048.395551	548.391519	986	990	5	13
PK_15_6h	3	LT934125.1	1332	1369	+	1337	3032.282516	1225.816337	1334	1345	12	38
PK_15_6h	4	LT934125.1	1600	1604	+	1600	1088.718457	750.006048	1600	1603	4	5
PK_15_6h	5	LT934125.1	1815	1892	+	1821	185.485365	32.258325	1815	1885	71	78
PK_15_6h	6	LT934125.1	2001	2010	+	2010	48.387487	32.258325	2001	2010	10	10
PK_15_6h	7	LT934125.1	2130	2153	+	2153	56.452067	24.193743	2130	2153	24	24
PK_15_6h	8	LT934125.1	6887	6887	+	6887	16.129162	16.129162	6887	6887	1	1
PK_15_6h	9	LT934125.1	7587	7596	+	7588	4532.294615	2129.049428	7588	7594	7	10
PK_15_6h	10	LT934125.1	7811	7813	+	7811	193.549948	177.420786	7811	7811	1	3
PK_15_6h	11	LT934125.1	8184	8184	+	8184	16.129162	16.129162	8184	8184	1	1
PK_15_6h	12	LT934125.1	8346	8346	+	8346	16.129162	16.129162	8346	8346	1	1
PK_15_6h	13	LT934125.1	9107	9115	+	9113	2661.311783	1935.49948	9109	9113	5	9
PK_15_6h	14	LT934125.1	9267	9274	+	9270	11024.282453	8846.845539	9269	9270	2	8
PK_15_6h	15	LT934125.1	9640	9704	+	9643	5048.427807	1524.20584	9643	9647	5	65
PK_15_6h	16	LT934125.1	9896	9930	+	9930	88.710392	40.322906	9896	9930	35	35
PK_15_6h	17	LT934125.1	10035	10161	+	10075	419.358216	72.58123	10060	10132	73	127
PK_15_6h	18	LT934125.1	10252	10271	+	10252	64.516649	48.387487	10252	10271	20	20
PK_15_6h	19	LT934125.1	10430	10433	+	10431	572.585262	491.939451	10431	10433	3	4
PK_15_6h	20	LT934125.1	11791	11826	+	11792	387.099895	96.774974	11792	11798	7	36
PK_15_6h	21	LT934125.1	12099	12099	+	12099	16.129162	16.129162	12099	12099	1	1
PK_15_6h	22	LT934125.1	12297	12297	+	12297	16.129162	16.129162	12297	12297	1	1
PK_15_6h	23	LT934125.1	12604	12604	+	12604	24.193743	24.193743	12604	12604	1	1
PK_15_6h	24	LT934125.1	12770	12770	+	12770	16.129162	16.129162	12770	12770	1	1
PK_15_6h	25	LT934125.1	13081	13081	+	13081	16.129162	16.129162	13081	13081	1	1
PK_15_6h	26	LT934125.1	13256	13256	+	13256	16.129162	16.129162	13256	13256	1	1
PK_15_6h	27	LT934125.1	13539	13539	+	13539	16.129162	16.129162	13539	13539	1	1
PK_15_6h	28	LT934125.1	13764	13793	+	13793	40.322905	24.193743	13764	13793	30	30
PK_15_6h	29	LT934125.1	14042	14051	+	14048	8153.291559	7362.962605	14048	14048	1	10
PK_15_6h	30	LT934125.1	14370	14370	+	14370	24.193743	24.193743	14370	14370	1	1
PK_15_6h	31	LT934125.1	14541	14586	+	14541	64.516648	24.193743	14541	14586	46	46
PK_15_6h	32	LT934125.1	14859	14859	+	14859	40.322906	40.322906	14859	14859	1	1
PK_15_6h	33	LT934125.1	15170	15170	+	15170	48.387487	48.387487	15170	15170	1	1
PK_15_6h	34	LT934125.1	15241	15287	+	15270	104.839555	32.258325	15241	15287	47	47
PK_15_6h	35	LT934125.1	15429	15434	+	15434	56.452068	40.322906	15429	15434	6	6
PK_15_6h	36	LT934125.1	15591	15621	+	15621	96.774973	32.258325	15591	15621	31	31
PK_15_6h	37	LT934125.1	16052	16052	+	16052	48.387487	48.387487	16052	16052	1	1
PK_15_6h	38	LT934125.1	19079	19079	+	19079	16.129162	16.129162	19079	19079	1	1
PK_15_6h	39	LT934125.1	22684	22684	+	22684	16.129162	16.129162	22684	22684	1	1
PK_15_6h	40	LT934125.1	25420	25422	+	25420	64.516649	48.387487	25420	25422	3	3
PK_15_6h	41	LT934125.1	26362	26362	+	26362	16.129162	16.129162	26362	26362	1	1
PK_15_6h	42	LT934125.1	28160	28160	+	28160	32.258325	32.258325	28160	28160	1	1
PK_15_6h	43	LT934125.1	28504	28504	+	28504	16.129162	16.129162	28504	28504	1	1
PK_15_6h	44	LT934125.1	29338	29338	+	29338	24.193743	24.193743	29338	29338	1	1
PK_15_6h	45	LT934125.1	29465	29465	+	29465	32.258325	32.258325	29465	29465	1	1
PK_15_6h	46	LT934125.1	30235	30240	+	30240	193.549947	96.774974	30235	30240	6	6
PK_15_6h	47	LT934125.1	30704	30715	+	30704	32.258324	16.129162	30704	30715	12	12
PK_15_6h	48	LT934125.1	30932	30932	+	30932	48.387487	48.387487	30932	30932	1	1
PK_15_6h	49	LT934125.1	31091	31099	+	31098	7822.64373	5983.919225	31096	31098	3	9
PK_15_6h	50	LT934125.1	31348	31349	+	31349	56.452068	40.322906	31348	31349	2	2
PK_15_6h	51	LT934125.1	31447	31474	+	31453	72.58123	32.258325	31447	31474	28	28
PK_15_6h	52	LT934125.1	31843	31870	+	31859	120.968716	48.387487	31843	31870	28	28
PK_15_6h	53	LT934125.1	32007	32040	+	32038	49750.401212	29887.337801	32036	32038	3	34
PK_15_6h	54	LT934125.1	43527	43527	+	43527	16.129162	16.129162	43527	43527	1	1
PK_15_6h	55	LT934125.1	44779	44815	+	44812	19121.121945	14992.056388	44810	44812	3	37
PK_15_6h	56	LT934125.1	44946	44968	+	44946	56.452068	32.258325	44946	44968	23	23
PK_15_6h	57	LT934125.1	45136	45136	+	45136	16.129162	16.129162	45136	45136	1	1
PK_15_6h	58	LT934125.1	45394	45415	+	45394	64.51665	32.258325	45394	45415	22	22
PK_15_6h	59	LT934125.1	45626	45626	+	45626	24.193743	24.193743	45626	45626	1	1
PK_15_6h	60	LT934125.1	45743	45743	+	45743	16.129162	16.129162	45743	45743	1	1
PK_15_6h	61	LT934125.1	45866	45866	+	45866	32.258325	32.258325	45866	45866	1	1
PK_15_6h	62	LT934125.1	46005	46029	+	46024	241.937434	72.58123	46023	46026	4	25
PK_15_6h	63	LT934125.1	46233	46243	+	46233	153.227041	56.452068	46233	46243	11	11
PK_15_6h	64	LT934125.1	47311	47320	+	47311	96.774974	32.258325	47311	47320	10	10
PK_15_6h	65	LT934125.1	47628	47628	+	47628	16.129162	16.129162	47628	47628	1	1
PK_15_6h	66	LT934125.1	47771	47771	+	47771	24.193743	24.193743	47771	47771	1	1
PK_15_6h	67	LT934125.1	47872	47872	+	47872	16.129162	16.129162	47872	47872	1	1
PK_15_6h	68	LT934125.1	48069	48069	+	48069	16.129162	16.129162	48069	48069	1	1
PK_15_6h	69	LT934125.1	48172	48172	+	48172	16.129162	16.129162	48172	48172	1	1
PK_15_6h	70	LT934125.1	48502	48571	+	48567	20080.807101	14242.050339	48567	48570	4	70
PK_15_6h	71	LT934125.1	48827	49047	+	48931	330.647823	40.322906	48856	49032	177	221
PK_15_6h	72	LT934125.1	49114	49120	+	49114	88.710392	72.58123	49114	49120	7	7
PK_15_6h	73	LT934125.1	49261	49261	+	49261	96.774974	96.774974	49261	49261	1	1
PK_15_6h	74	LT934125.1	49483	49506	+	49501	104.839554	64.516649	49483	49506	24	24
PK_15_6h	75	LT934125.1	51231	51239	+	51235	7548.44797	4588.746683	51235	51238	4	9
PK_15_6h	76	LT934125.1	51495	51503	+	51495	112.904136	64.516649	51495	51503	9	9
PK_15_6h	77	LT934125.1	51752	51752	+	51752	40.322906	40.322906	51752	51752	1	1
PK_15_6h	78	LT934125.1	51903	51927	+	51903	32.258324	16.129162	51903	51927	25	25
PK_15_6h	79	LT934125.1	52298	52298	+	52298	40.322906	40.322906	52298	52298	1	1
PK_15_6h	80	LT934125.1	52435	52484	+	52460	9016.201741	6072.629618	52444	52460	17	50
PK_15_6h	81	LT934125.1	52716	52716	+	52716	24.193743	24.193743	52716	52716	1	1
PK_15_6h	82	LT934125.1	52944	52944	+	52944	16.129162	16.129162	52944	52944	1	1
PK_15_6h	83	LT934125.1	53060	53060	+	53060	32.258325	32.258325	53060	53060	1	1
PK_15_6h	84	LT934125.1	53192	53216	+	53192	32.258324	16.129162	53192	53216	25	25
PK_15_6h	85	LT934125.1	53448	53468	+	53448	48.387487	32.258325	53448	53468	21	21
PK_15_6h	86	LT934125.1	53643	53652	+	53648	2935.507544	2451.632674	53648	53648	1	10
PK_15_6h	87	LT934125.1	53879	53902	+	53879	32.258324	16.129162	53879	53902	24	24
PK_15_6h	88	LT934125.1	54266	54266	+	54266	16.129162	16.129162	54266	54266	1	1
PK_15_6h	89	LT934125.1	54472	54475	+	54475	80.645811	56.452068	54472	54475	4	4
PK_15_6h	90	LT934125.1	54668	54687	+	54668	32.258324	16.129162	54668	54687	20	20
PK_15_6h	91	LT934125.1	54938	54940	+	54938	112.904136	72.58123	54938	54940	3	3
PK_15_6h	92	LT934125.1	55303	55355	+	55352	379.035314	193.549948	55324	55355	32	53
PK_15_6h	93	LT934125.1	55466	55482	+	55478	96.774973	48.387487	55466	55482	17	17
PK_15_6h	94	LT934125.1	55712	55742	+	55712	161.291623	40.322906	55712	55741	30	31
PK_15_6h	95	LT934125.1	55871	55876	+	55872	120.968717	56.452068	55871	55876	6	6
PK_15_6h	96	LT934125.1	56000	56000	+	56000	16.129162	16.129162	56000	56000	1	1
PK_15_6h	97	LT934125.1	58900	58900	+	58900	24.193743	24.193743	58900	58900	1	1
PK_15_6h	98	LT934125.1	59038	59074	+	59068	9435.559963	3604.867781	59044	59070	27	37
PK_15_6h	99	LT934125.1	59390	59412	+	59390	32.258324	16.129162	59390	59412	23	23
PK_15_6h	100	LT934125.1	59557	59557	+	59557	16.129162	16.129162	59557	59557	1	1
PK_15_6h	101	LT934125.1	59793	59793	+	59793	96.774974	96.774974	59793	59793	1	1
PK_15_6h	102	LT934125.1	59950	59950	+	59950	24.193743	24.193743	59950	59950	1	1
PK_15_6h	103	LT934125.1	60232	60260	+	60234	1153.235107	387.099896	60233	60237	5	29
PK_15_6h	104	LT934125.1	60601	60601	+	60601	24.193743	24.193743	60601	60601	1	1
PK_15_6h	105	LT934125.1	61076	61078	+	61076	48.387486	24.193743	61076	61078	3	3
PK_15_6h	106	LT934125.1	61699	61705	+	61705	40.322905	24.193743	61699	61705	7	7
PK_15_6h	107	LT934125.1	61996	62042	+	61996	80.64581	16.129162	61996	62042	47	47
PK_15_6h	108	LT934125.1	65805	65809	+	65807	540.326938	290.324922	65805	65808	4	5
PK_15_6h	109	LT934125.1	66335	66344	+	66338	2000.016129	1395.172542	66338	66341	4	10
PK_15_6h	110	LT934125.1	67169	67169	+	67169	16.129162	16.129162	67169	67169	1	1
PK_15_6h	111	LT934125.1	68366	68372	+	68366	48.387487	32.258325	68366	68372	7	7
PK_15_6h	112	LT934125.1	68504	68504	+	68504	32.258325	32.258325	68504	68504	1	1
PK_15_6h	113	LT934125.1	68667	68667	+	68667	32.258325	32.258325	68667	68667	1	1
PK_15_6h	114	LT934125.1	68845	68875	+	68873	177.420785	112.904136	68873	68874	2	31
PK_15_6h	115	LT934125.1	69233	69249	+	69237	1322.59131	532.262357	69237	69246	10	17
PK_15_6h	116	LT934125.1	69418	69421	+	69421	40.322905	24.193743	69418	69421	4	4
PK_15_6h	117	LT934125.1	69501	69567	+	69530	96.774972	24.193743	69501	69567	67	67
PK_15_6h	118	LT934125.1	69765	69834	+	69765	346.776989	201.614529	69765	69821	57	70
PK_15_6h	119	LT934125.1	70090	70090	+	70090	733.876886	733.876886	70090	70090	1	1
PK_15_6h	120	LT934125.1	70289	70336	+	70311	88.710392	40.322906	70289	70336	48	48
PK_15_6h	121	LT934125.1	70525	70534	+	70531	27242.155179	15742.062436	70529	70531	3	10
PK_15_6h	122	LT934125.1	70813	70813	+	70813	24.193743	24.193743	70813	70813	1	1
PK_15_6h	123	LT934125.1	70918	70918	+	70918	32.258325	32.258325	70918	70918	1	1
PK_15_6h	124	LT934125.1	71176	71190	+	71185	112.904136	40.322906	71176	71190	15	15
PK_15_6h	125	LT934125.1	71767	71767	+	71767	24.193743	24.193743	71767	71767	1	1
PK_15_6h	126	LT934125.1	72758	72763	+	72759	459.681127	322.583247	72758	72763	6	6
PK_15_6h	127	LT934125.1	73422	73422	+	73422	16.129162	16.129162	73422	73422	1	1
PK_15_6h	128	LT934125.1	74021	74021	+	74021	16.129162	16.129162	74021	74021	1	1
PK_15_6h	129	LT934125.1	74397	74408	+	74400	16274.324792	6967.798127	74400	74403	4	12
PK_15_6h	130	LT934125.1	74636	74636	+	74636	24.193743	24.193743	74636	74636	1	1
PK_15_6h	131	LT934125.1	74770	74770	+	74770	16.129162	16.129162	74770	74770	1	1
PK_15_6h	132	LT934125.1	75139	75154	+	75154	56.452068	32.258325	75139	75154	16	16
PK_15_6h	133	LT934125.1	75382	75382	+	75382	32.258325	32.258325	75382	75382	1	1
PK_15_6h	134	LT934125.1	75653	75653	+	75653	24.193743	24.193743	75653	75653	1	1
PK_15_6h	135	LT934125.1	76677	76689	+	76683	814.522697	451.616545	76683	76687	5	13
PK_15_6h	136	LT934125.1	76990	76992	+	76990	161.291623	120.968717	76990	76992	3	3
PK_15_6h	137	LT934125.1	78035	78062	+	78040	596.779004	120.968717	78037	78062	26	28
PK_15_6h	138	LT934125.1	78825	78825	+	78825	16.129162	16.129162	78825	78825	1	1
PK_15_6h	139	LT934125.1	79010	79010	+	79010	16.129162	16.129162	79010	79010	1	1
PK_15_6h	140	LT934125.1	79260	79269	+	79260	32.258324	16.129162	79260	79269	10	10
PK_15_6h	141	LT934125.1	79436	79454	+	79444	18621.11791	13274.300599	79440	79445	6	19
PK_15_6h	142	LT934125.1	79582	79628	+	79622	161.291622	64.516649	79582	79622	41	47
PK_15_6h	143	LT934125.1	79747	79806	+	79781	129.033297	72.58123	79747	79806	60	60
PK_15_6h	144	LT934125.1	81082	81082	+	81082	56.452068	56.452068	81082	81082	1	1
PK_15_6h	145	LT934125.1	81480	81480	+	81480	16.129162	16.129162	81480	81480	1	1
PK_15_6h	146	LT934125.1	82471	82471	+	82471	16.129162	16.129162	82471	82471	1	1
PK_15_6h	147	LT934125.1	83792	83792	+	83792	16.129162	16.129162	83792	83792	1	1
PK_15_6h	148	LT934125.1	83975	83978	+	83978	233.872853	104.839555	83975	83978	4	4
PK_15_6h	149	LT934125.1	85270	85270	+	85270	16.129162	16.129162	85270	85270	1	1
PK_15_6h	150	LT934125.1	85484	85499	+	85484	32.258324	16.129162	85484	85499	16	16
PK_15_6h	151	LT934125.1	85710	85710	+	85710	16.129162	16.129162	85710	85710	1	1
PK_15_6h	152	LT934125.1	85996	85996	+	85996	24.193743	24.193743	85996	85996	1	1
PK_15_6h	153	LT934125.1	88155	88155	+	88155	16.129162	16.129162	88155	88155	1	1
PK_15_6h	154	LT934125.1	88883	88888	+	88888	64.516649	48.387487	88883	88888	6	6
PK_15_6h	155	LT934125.1	89133	89133	+	89133	24.193743	24.193743	89133	89133	1	1
PK_15_6h	156	LT934125.1	89499	89499	+	89499	16.129162	16.129162	89499	89499	1	1
PK_15_6h	157	LT934125.1	89876	89910	+	89883	96.774973	56.452068	89876	89910	35	35
PK_15_6h	158	LT934125.1	90381	90381	+	90381	40.322906	40.322906	90381	90381	1	1
PK_15_6h	159	LT934125.1	90617	90617	+	90617	16.129162	16.129162	90617	90617	1	1
PK_15_6h	160	LT934125.1	90732	90732	+	90732	16.129162	16.129162	90732	90732	1	1
PK_15_6h	161	LT934125.1	91409	91415	+	91409	1427.430866	725.812305	91409	91412	4	7
PK_15_6h	162	LT934125.1	91548	91548	+	91548	201.614529	201.614529	91548	91548	1	1
PK_15_6h	163	LT934125.1	91889	91889	+	91889	16.129162	16.129162	91889	91889	1	1
PK_15_6h	164	LT934125.1	92288	92288	+	92288	16.129162	16.129162	92288	92288	1	1
PK_15_6h	165	LT934125.1	92451	92456	+	92453	120.968717	64.516649	92451	92456	6	6
PK_15_6h	166	LT934125.1	96885	96886	+	96885	32.258324	16.129162	96885	96886	2	2
PK_15_6h	167	LT934125.1	98470	98470	+	98470	32.258325	32.258325	98470	98470	1	1
PK_15_6h	168	LT934125.1	100598	100598	+	100598	24.193743	24.193743	100598	100598	1	1
PK_15_6h	169	LT934125.1	101472	101472	+	101472	32.258325	32.258325	101472	101472	1	1
PK_15_6h	170	LT934125.1	101729	101729	+	101729	16.129162	16.129162	101729	101729	1	1
PK_15_6h	171	LT934125.1	104739	104763	+	104739	32.258324	16.129162	104739	104763	25	25
PK_15_6h	172	LT934125.1	106594	106601	+	106596	145.16246	40.322906	106594	106601	8	8
PK_15_6h	173	LT934125.1	107029	107035	+	107031	129.033298	48.387487	107029	107035	7	7
PK_15_6h	174	LT934125.1	107171	107171	+	107171	32.258325	32.258325	107171	107171	1	1
PK_15_6h	175	LT934125.1	107357	107524	+	107482	4008.096832	1201.622594	107420	107485	66	168
PK_15_6h	176	LT934125.1	107614	107616	+	107614	88.710392	64.516649	107614	107616	3	3
PK_15_6h	177	LT934125.1	107818	107825	+	107825	64.516649	40.322906	107818	107825	8	8
PK_15_6h	178	LT934125.1	108051	108051	+	108051	56.452068	56.452068	108051	108051	1	1
PK_15_6h	179	LT934125.1	108155	108329	+	108220	427.422797	64.516649	108167	108310	144	175
PK_15_6h	180	LT934125.1	108549	108637	+	108585	145.162461	32.258325	108549	108637	89	89
PK_15_6h	181	LT934125.1	112883	112888	+	112884	201.614528	112.904136	112884	112886	3	6
PK_15_6h	182	LT934125.1	113976	113976	+	113976	16.129162	16.129162	113976	113976	1	1
PK_15_6h	183	LT934125.1	114835	114835	+	114835	24.193743	24.193743	114835	114835	1	1
PK_15_6h	184	LT934125.1	114979	114988	+	114985	80339.357575	68637.650304	114985	114986	2	10
PK_15_6h	185	LT934125.1	115544	115573	+	115562	96.774974	48.387487	115544	115573	30	30
PK_15_6h	186	LT934125.1	115815	116223	+	115815	2048.403601	379.035315	115815	116144	330	409
PK_15_6h	187	LT934125.1	116261	116835	+	116759	4330.680058	185.485367	116306	116770	465	575
PK_15_6h	188	LT934125.1	117603	117607	+	117607	88.710392	56.452068	117603	117607	5	5
PK_15_6h	189	LT934125.1	117769	117789	+	117769	774.199792	548.391519	117769	117781	13	21
PK_15_6h	190	LT934125.1	118529	118529	+	118529	32.258325	32.258325	118529	118529	1	1
PK_15_6h	191	LT934125.1	118841	118868	+	118864	50556.859329	29306.687957	118860	118866	7	28
PK_15_6h	192	LT934125.1	119076	119076	+	119076	40.322906	40.322906	119076	119076	1	1
PK_15_6h	193	LT934125.1	119301	119304	+	119304	48.387487	32.258325	119301	119304	4	4
PK_15_6h	194	LT934125.1	119436	119482	+	119436	145.162461	56.452068	119436	119482	47	47
PK_15_6h	195	LT934125.1	119748	119832	+	119808	322.583245	56.452068	119749	119832	84	85
PK_15_6h	196	LT934125.1	119862	119986	+	119941	629.037325	145.162461	119877	119965	89	125
PK_15_6h	197	LT934125.1	120081	120164	+	120081	467.745707	274.19576	120081	120138	58	84
PK_15_6h	198	LT934125.1	120207	120380	+	120312	532.262353	64.516649	120217	120356	140	174
PK_15_6h	199	LT934125.1	120555	120560	+	120555	838.71644	677.424818	120555	120557	3	6
PK_15_6h	200	LT934125.1	120933	120945	+	120934	177.420785	80.645812	120934	120937	4	13
PK_15_6h	201	LT934125.1	121130	121130	+	121130	24.193743	24.193743	121130	121130	1	1
PK_15_6h	202	LT934125.1	121271	121272	+	121271	32.258324	16.129162	121271	121272	2	2
PK_15_6h	203	LT934125.1	121783	121787	+	121784	11443.640674	7669.416689	121784	121786	3	5
PK_15_6h	204	LT934125.1	122119	122119	+	122119	40.322906	40.322906	122119	122119	1	1
PK_15_6h	205	LT934125.1	122301	122304	+	122301	64.516649	40.322906	122301	122304	4	4
PK_15_6h	206	LT934125.1	122402	122405	+	122402	48.387487	32.258325	122402	122405	4	4
PK_15_6h	207	LT934125.1	122503	122575	+	122575	153.227041	56.452068	122503	122575	73	73
PK_15_6h	208	LT934125.1	122698	122759	+	122698	153.227041	56.452068	122698	122759	62	62
PK_15_6h	209	LT934125.1	122960	122988	+	122979	4951.652836	2895.184639	122979	122981	3	29
PK_15_6h	210	LT934125.1	123509	123509	+	123509	16.129162	16.129162	123509	123509	1	1
PK_15_6h	211	LT934125.1	123755	123755	+	123755	16.129162	16.129162	123755	123755	1	1
PK_15_6h	212	LT934125.1	123905	123905	+	123905	16.129162	16.129162	123905	123905	1	1
PK_15_6h	213	LT934125.1	124008	124008	+	124008	24.193743	24.193743	124008	124008	1	1
PK_15_6h	214	LT934125.1	124299	124308	+	124302	274.195756	120.968717	124301	124307	7	10
PK_15_6h	215	LT934125.1	124487	124642	+	124541	435.48738	80.645812	124521	124613	93	156
PK_15_6h	216	LT934125.1	124736	124760	+	124756	7048.443938	6161.340011	124756	124756	1	25
PK_15_6h	217	LT934125.1	125177	125229	+	125225	14024.306645	8032.322841	125223	125225	3	53
PK_15_6h	218	LT934125.1	125373	125373	+	125373	80.645812	80.645812	125373	125373	1	1
PK_15_6h	219	LT934125.1	125449	125484	+	125484	64.516649	32.258325	125449	125484	36	36
PK_15_6h	220	LT934125.1	125626	125626	+	125626	16.129162	16.129162	125626	125626	1	1
PK_15_6h	221	LT934125.1	125729	125784	+	125729	137.097879	48.387487	125729	125784	56	56
PK_15_6h	222	LT934125.1	126005	126005	+	126005	24.193743	24.193743	126005	126005	1	1
PK_15_6h	223	LT934125.1	126842	126842	+	126842	24.193743	24.193743	126842	126842	1	1
PK_15_6h	224	LT934125.1	126946	126946	+	126946	16.129162	16.129162	126946	126946	1	1
PK_15_6h	225	LT934125.1	128007	128111	+	128083	750.006046	120.968717	128047	128101	55	105
PK_15_6h	226	LT934125.1	128185	128203	+	128189	443.551963	250.002016	128185	128192	8	19
PK_15_6h	227	LT934125.1	128364	128364	+	128364	16.129162	16.129162	128364	128364	1	1
PK_15_6h	228	LT934125.1	129579	129579	+	129579	16.129162	16.129162	129579	129579	1	1
PK_15_6h	229	LT934125.1	132614	132614	+	132614	32.258325	32.258325	132614	132614	1	1
PK_15_6h	230	LT934125.1	134972	134977	+	134972	64.51665	32.258325	134972	134977	6	6
PK_15_6h	231	LT934125.1	135883	135883	+	135883	16.129162	16.129162	135883	135883	1	1
PK_15_6h	232	LT934125.1	136153	136174	+	136158	1193.55801	1016.137227	136158	136159	2	22
PK_15_6h	233	LT934125.1	136335	136352	+	136348	1854.853668	1193.558013	136339	136351	13	18
PK_15_6h	234	LT934125.1	136508	136531	+	136508	56.452068	40.322906	136508	136531	24	24
PK_15_6h	235	LT934125.1	136664	136670	+	136664	153.227042	64.516649	136664	136670	7	7
PK_15_6h	236	LT934125.1	136847	136847	+	136847	16.129162	16.129162	136847	136847	1	1
PK_15_6h	237	LT934125.1	137185	137185	+	137185	16.129162	16.129162	137185	137185	1	1
PK_15_6h	238	LT934125.1	137420	137420	+	137420	16.129162	16.129162	137420	137420	1	1
PK_15_6h	239	LT934125.1	138364	138364	+	138364	16.129162	16.129162	138364	138364	1	1
PK_15_6h	240	LT934125.1	138673	138675	+	138673	32.258324	16.129162	138673	138675	3	3
PK_15_6h	241	LT934125.1	138886	138886	+	138886	16.129162	16.129162	138886	138886	1	1
PK_15_6h	242	LT934125.1	139565	139565	+	139565	16.129162	16.129162	139565	139565	1	1
PK_15_6h	243	LT934125.1	139982	139997	+	139982	137.097879	120.968717	139982	139997	16	16
PK_15_6h	244	LT934125.1	140327	140327	+	140327	16.129162	16.129162	140327	140327	1	1
PK_15_6h	245	LT934125.1	140598	140598	+	140598	24.193743	24.193743	140598	140598	1	1
PK_15_6h	246	LT934125.1	140788	140804	+	140788	64.516648	16.129162	140788	140804	17	17
PK_15_6h	247	LT934125.1	141068	141068	+	141068	16.129162	16.129162	141068	141068	1	1
PK_15_6h	248	LT934125.1	141173	141200	+	141200	40.322905	24.193743	141173	141200	28	28
PK_15_6h	249	LT934125.1	3034	3045	-	3034	96.774974	40.322906	3034	3045	12	12
PK_15_6h	250	LT934125.1	3351	3351	-	3351	56.452068	56.452068	3351	3351	1	1
PK_15_6h	251	LT934125.1	3656	3659	-	3656	32.258324	16.129162	3656	3659	4	4
PK_15_6h	252	LT934125.1	3877	3912	-	3910	1096.783037	459.681126	3906	3911	6	36
PK_15_6h	253	LT934125.1	4210	4210	-	4210	24.193743	24.193743	4210	4210	1	1
PK_15_6h	254	LT934125.1	4458	4477	-	4458	32.258324	16.129162	4458	4477	20	20
PK_15_6h	255	LT934125.1	4924	4926	-	4925	354.841571	241.937435	4924	4926	3	3
PK_15_6h	256	LT934125.1	7758	7758	-	7758	24.193743	24.193743	7758	7758	1	1
PK_15_6h	257	LT934125.1	8764	8782	-	8764	48.387486	24.193743	8764	8782	19	19
PK_15_6h	258	LT934125.1	9058	9058	-	9058	64.516649	64.516649	9058	9058	1	1
PK_15_6h	259	LT934125.1	9214	9214	-	9214	48.387487	48.387487	9214	9214	1	1
PK_15_6h	260	LT934125.1	9331	9331	-	9331	16.129162	16.129162	9331	9331	1	1
PK_15_6h	261	LT934125.1	9492	9533	-	9494	2862.926312	2387.116025	9494	9499	6	42
PK_15_6h	262	LT934125.1	9885	9885	-	9885	16.129162	16.129162	9885	9885	1	1
PK_15_6h	263	LT934125.1	10031	10034	-	10031	32.258324	16.129162	10031	10034	4	4
PK_15_6h	264	LT934125.1	15834	15834	-	15834	24.193743	24.193743	15834	15834	1	1
PK_15_6h	265	LT934125.1	16690	16727	-	16690	80.645812	32.258325	16690	16727	38	38
PK_15_6h	266	LT934125.1	16911	16972	-	16919	330.647827	80.645812	16911	16972	62	62
PK_15_6h	267	LT934125.1	17237	17237	-	17237	40.322906	40.322906	17237	17237	1	1
PK_15_6h	268	LT934125.1	17338	17373	-	17341	588.714424	274.19576	17339	17363	25	36
PK_15_6h	269	LT934125.1	17440	17551	-	17472	403.229055	72.58123	17450	17551	102	112
PK_15_6h	270	LT934125.1	17710	17723	-	17723	48.387487	32.258325	17710	17723	14	14
PK_15_6h	271	LT934125.1	17978	17978	-	17978	16.129162	16.129162	17978	17978	1	1
PK_15_6h	272	LT934125.1	18107	18161	-	18107	64.516648	24.193743	18107	18161	55	55
PK_15_6h	273	LT934125.1	18270	18276	-	18270	40.322905	24.193743	18270	18276	7	7
PK_15_6h	274	LT934125.1	18412	18412	-	18412	24.193743	24.193743	18412	18412	1	1
PK_15_6h	275	LT934125.1	19157	19157	-	19157	16.129162	16.129162	19157	19157	1	1
PK_15_6h	276	LT934125.1	19468	19473	-	19471	3354.865765	1717.755788	19470	19473	4	6
PK_15_6h	277	LT934125.1	21473	21473	-	21473	24.193743	24.193743	21473	21473	1	1
PK_15_6h	278	LT934125.1	21596	21596	-	21596	24.193743	24.193743	21596	21596	1	1
PK_15_6h	279	LT934125.1	21789	21789	-	21789	16.129162	16.129162	21789	21789	1	1
PK_15_6h	280	LT934125.1	21937	22006	-	21941	443.551964	274.19576	21939	21967	29	70
PK_15_6h	281	LT934125.1	22120	22144	-	22120	48.387486	16.129162	22120	22144	25	25
PK_15_6h	282	LT934125.1	22458	22458	-	22458	56.452068	56.452068	22458	22458	1	1
PK_15_6h	283	LT934125.1	22616	22629	-	22616	32.258324	16.129162	22616	22629	14	14
PK_15_6h	284	LT934125.1	25309	25315	-	25313	677.424816	572.585263	25313	25313	1	7
PK_15_6h	285	LT934125.1	28569	28722	-	28572	290.324918	48.387487	28572	28710	139	154
PK_15_6h	286	LT934125.1	28848	28942	-	28882	169.356203	40.322906	28848	28942	95	95
PK_15_6h	287	LT934125.1	29024	29046	-	29046	104.839554	56.452068	29024	29046	23	23
PK_15_6h	288	LT934125.1	29257	29291	-	29288	129.033298	80.645812	29257	29291	35	35
PK_15_6h	289	LT934125.1	29404	29418	-	29411	25330.849441	7427.479254	29408	29414	7	15
PK_15_6h	290	LT934125.1	29778	29778	-	29778	16.129162	16.129162	29778	29778	1	1
PK_15_6h	291	LT934125.1	30877	30877	-	30877	225.808273	225.808273	30877	30877	1	1
PK_15_6h	292	LT934125.1	31041	31043	-	31041	32.258324	16.129162	31041	31043	3	3
PK_15_6h	293	LT934125.1	31505	31505	-	31505	16.129162	16.129162	31505	31505	1	1
PK_15_6h	294	LT934125.1	32833	32870	-	32842	395.164476	225.808273	32836	32843	8	38
PK_15_6h	295	LT934125.1	33173	33173	-	33173	16.129162	16.129162	33173	33173	1	1
PK_15_6h	296	LT934125.1	33356	33356	-	33356	24.193743	24.193743	33356	33356	1	1
PK_15_6h	297	LT934125.1	33896	33896	-	33896	16.129162	16.129162	33896	33896	1	1
PK_15_6h	298	LT934125.1	34091	34091	-	34091	32.258325	32.258325	34091	34091	1	1
PK_15_6h	299	LT934125.1	34436	34480	-	34474	532.262354	193.549948	34464	34478	15	45
PK_15_6h	300	LT934125.1	37550	37550	-	37550	16.129162	16.129162	37550	37550	1	1
PK_15_6h	301	LT934125.1	41995	41995	-	41995	129.033299	129.033299	41995	41995	1	1
PK_15_6h	302	LT934125.1	42608	42611	-	42608	40.322905	24.193743	42608	42611	4	4
PK_15_6h	303	LT934125.1	43351	43359	-	43351	32.258324	16.129162	43351	43359	9	9
PK_15_6h	304	LT934125.1	43757	43757	-	43757	16.129162	16.129162	43757	43757	1	1
PK_15_6h	305	LT934125.1	44756	44756	-	44756	40.322906	40.322906	44756	44756	1	1
PK_15_6h	306	LT934125.1	44885	44893	-	44889	846.781021	346.77699	44886	44893	8	9
PK_15_6h	307	LT934125.1	50353	50370	-	50370	48.387487	32.258325	50353	50370	18	18
PK_15_6h	308	LT934125.1	50488	50488	-	50488	16.129162	16.129162	50488	50488	1	1
PK_15_6h	309	LT934125.1	50631	50668	-	50641	145.16246	56.452068	50631	50668	38	38
PK_15_6h	310	LT934125.1	51143	51184	-	51147	6475.858675	5572.625586	51146	51147	2	42
PK_15_6h	311	LT934125.1	53592	53592	-	53592	16.129162	16.129162	53592	53592	1	1
PK_15_6h	312	LT934125.1	54702	54702	-	54702	16.129162	16.129162	54702	54702	1	1
PK_15_6h	313	LT934125.1	55378	55389	-	55378	491.93945	346.77699	55378	55381	4	12
PK_15_6h	314	LT934125.1	55421	55616	-	55496	814.522691	80.645812	55435	55599	165	196
PK_15_6h	315	LT934125.1	55661	55910	-	55679	879.039342	282.260341	55677	55834	158	250
PK_15_6h	316	LT934125.1	55942	56028	-	55967	346.776987	56.452068	55942	56018	77	87
PK_15_6h	317	LT934125.1	56185	56194	-	56188	27467.963449	16000.129033	56187	56190	4	10
PK_15_6h	318	LT934125.1	56474	56474	-	56474	16.129162	16.129162	56474	56474	1	1
PK_15_6h	319	LT934125.1	56638	56638	-	56638	24.193743	24.193743	56638	56638	1	1
PK_15_6h	320	LT934125.1	56816	56816	-	56816	16.129162	16.129162	56816	56816	1	1
PK_15_6h	321	LT934125.1	56944	56950	-	56946	2782.280503	2435.503512	56946	56946	1	7
PK_15_6h	322	LT934125.1	57101	57101	-	57101	24.193743	24.193743	57101	57101	1	1
PK_15_6h	323	LT934125.1	57313	57313	-	57313	32.258325	32.258325	57313	57313	1	1
PK_15_6h	324	LT934125.1	57560	57560	-	57560	24.193743	24.193743	57560	57560	1	1
PK_15_6h	325	LT934125.1	57758	57758	-	57758	16.129162	16.129162	57758	57758	1	1
PK_15_6h	326	LT934125.1	58570	58575	-	58570	508.068613	387.099896	58570	58572	3	6
PK_15_6h	327	LT934125.1	59016	59016	-	59016	24.193743	24.193743	59016	59016	1	1
PK_15_6h	328	LT934125.1	59275	59281	-	59277	741.941467	516.133195	59276	59279	4	7
PK_15_6h	329	LT934125.1	59651	59651	-	59651	16.129162	16.129162	59651	59651	1	1
PK_15_6h	330	LT934125.1	62075	62075	-	62075	16.129162	16.129162	62075	62075	1	1
PK_15_6h	331	LT934125.1	63417	63430	-	63420	268679.586124	241260.010161	63420	63420	1	14
PK_15_6h	332	LT934125.1	63750	63750	-	63750	16.129162	16.129162	63750	63750	1	1
PK_15_6h	333	LT934125.1	64123	64128	-	64125	129.033298	40.322906	64123	64128	6	6
PK_15_6h	334	LT934125.1	64370	64370	-	64370	16.129162	16.129162	64370	64370	1	1
PK_15_6h	335	LT934125.1	64964	64964	-	64964	24.193743	24.193743	64964	64964	1	1
PK_15_6h	336	LT934125.1	65343	65343	-	65343	16.129162	16.129162	65343	65343	1	1
PK_15_6h	337	LT934125.1	65718	65753	-	65750	2008.08071	709.683143	65747	65752	6	36
PK_15_6h	338	LT934125.1	65883	65883	-	65883	16.129162	16.129162	65883	65883	1	1
PK_15_6h	339	LT934125.1	66354	66356	-	66356	40.322905	24.193743	66354	66356	3	3
PK_15_6h	340	LT934125.1	66750	66750	-	66750	16.129162	16.129162	66750	66750	1	1
PK_15_6h	341	LT934125.1	66940	66940	-	66940	16.129162	16.129162	66940	66940	1	1
PK_15_6h	342	LT934125.1	68885	68889	-	68886	233.872853	104.839555	68886	68889	4	5
PK_15_6h	343	LT934125.1	69254	69254	-	69254	48.387487	48.387487	69254	69254	1	1
PK_15_6h	344	LT934125.1	70431	70470	-	70446	225.808271	56.452068	70436	70470	35	40
PK_15_6h	345	LT934125.1	71776	71787	-	71776	40.322905	24.193743	71776	71787	12	12
PK_15_6h	346	LT934125.1	71882	71889	-	71882	72.58123	48.387487	71882	71889	8	8
PK_15_6h	347	LT934125.1	72174	72174	-	72174	32.258325	32.258325	72174	72174	1	1
PK_15_6h	348	LT934125.1	72738	72738	-	72738	40.322906	40.322906	72738	72738	1	1
PK_15_6h	349	LT934125.1	73108	73108	-	73108	24.193743	24.193743	73108	73108	1	1
PK_15_6h	350	LT934125.1	74345	74348	-	74345	169.356204	145.162461	74345	74348	4	4
PK_15_6h	351	LT934125.1	76089	76089	-	76089	16.129162	16.129162	76089	76089	1	1
PK_15_6h	352	LT934125.1	76860	76865	-	76865	161.291624	80.645812	76860	76865	6	6
PK_15_6h	353	LT934125.1	80435	80657	-	80657	580.64984	64.516649	80453	80657	205	223
PK_15_6h	354	LT934125.1	80820	80912	-	80825	508.068611	72.58123	80825	80907	83	93
PK_15_6h	355	LT934125.1	81009	81035	-	81015	112.904136	48.387487	81009	81035	27	27
PK_15_6h	356	LT934125.1	81161	81161	-	81161	64.516649	64.516649	81161	81161	1	1
PK_15_6h	357	LT934125.1	81263	81312	-	81296	104.839554	48.387487	81263	81312	50	50
PK_15_6h	358	LT934125.1	81491	81517	-	81491	72.581229	24.193743	81491	81517	27	27
PK_15_6h	359	LT934125.1	81804	81900	-	81804	7991.999932	2959.701288	81804	81810	7	97
PK_15_6h	360	LT934125.1	82023	82023	-	82023	24.193743	24.193743	82023	82023	1	1
PK_15_6h	361	LT934125.1	86461	86461	-	86461	16.129162	16.129162	86461	86461	1	1
PK_15_6h	362	LT934125.1	86698	86698	-	86698	24.193743	24.193743	86698	86698	1	1
PK_15_6h	363	LT934125.1	86899	86899	-	86899	24.193743	24.193743	86899	86899	1	1
PK_15_6h	364	LT934125.1	87155	87161	-	87161	1008.072645	758.07063	87157	87161	5	7
PK_15_6h	365	LT934125.1	87443	87447	-	87447	129.033298	88.710393	87443	87447	5	5
PK_15_6h	366	LT934125.1	88520	88520	-	88520	16.129162	16.129162	88520	88520	1	1
PK_15_6h	367	LT934125.1	89079	89079	-	89079	209.67911	209.67911	89079	89079	1	1
PK_15_6h	368	LT934125.1	92277	92343	-	92303	330.647826	137.09788	92283	92326	44	67
PK_15_6h	369	LT934125.1	92629	92631	-	92631	96.774973	56.452068	92629	92631	3	3
PK_15_6h	370	LT934125.1	92726	92785	-	92774	177.420784	56.452068	92750	92774	25	60
PK_15_6h	371	LT934125.1	92931	92936	-	92933	8104.904071	5564.561005	92933	92936	4	6
PK_15_6h	372	LT934125.1	93106	93106	-	93106	16.129162	16.129162	93106	93106	1	1
PK_15_6h	373	LT934125.1	93453	93468	-	93453	64.516648	16.129162	93453	93468	16	16
PK_15_6h	374	LT934125.1	93650	93654	-	93654	1548.399584	1395.172542	93654	93654	1	5
PK_15_6h	375	LT934125.1	93985	93985	-	93985	16.129162	16.129162	93985	93985	1	1
PK_15_6h	376	LT934125.1	94286	94286	-	94286	16.129162	16.129162	94286	94286	1	1
PK_15_6h	377	LT934125.1	94521	94554	-	94526	612.908167	370.970734	94526	94529	4	34
PK_15_6h	378	LT934125.1	94941	94973	-	94947	2346.793118	1516.141259	94943	94947	5	33
PK_15_6h	379	LT934125.1	95693	95694	-	95694	80.645811	64.516649	95693	95694	2	2
PK_15_6h	380	LT934125.1	96089	96147	-	96089	209.679109	72.58123	96089	96146	58	59
PK_15_6h	381	LT934125.1	96317	96317	-	96317	32.258325	32.258325	96317	96317	1	1
PK_15_6h	382	LT934125.1	96592	96601	-	96596	153.227042	56.452068	96592	96601	10	10
PK_15_6h	383	LT934125.1	96843	96857	-	96843	40.322905	24.193743	96843	96857	15	15
PK_15_6h	384	LT934125.1	97174	97174	-	97174	24.193743	24.193743	97174	97174	1	1
PK_15_6h	385	LT934125.1	97321	97367	-	97361	7975.870767	3435.511577	97337	97361	25	47
PK_15_6h	386	LT934125.1	97621	97621	-	97621	16.129162	16.129162	97621	97621	1	1
PK_15_6h	387	LT934125.1	98415	98415	-	98415	24.193743	24.193743	98415	98415	1	1
PK_15_6h	388	LT934125.1	102517	102544	-	102517	40.322905	24.193743	102517	102544	28	28
PK_15_6h	389	LT934125.1	102913	102929	-	102913	64.516648	16.129162	102913	102929	17	17
PK_15_6h	390	LT934125.1	103119	103119	-	103119	24.193743	24.193743	103119	103119	1	1
PK_15_6h	391	LT934125.1	103390	103390	-	103390	16.129162	16.129162	103390	103390	1	1
PK_15_6h	392	LT934125.1	103720	103735	-	103735	145.162461	129.033299	103720	103735	16	16
PK_15_6h	393	LT934125.1	104083	104083	-	104083	16.129162	16.129162	104083	104083	1	1
PK_15_6h	394	LT934125.1	104799	104799	-	104799	16.129162	16.129162	104799	104799	1	1
PK_15_6h	395	LT934125.1	105042	105044	-	105042	32.258324	16.129162	105042	105044	3	3
PK_15_6h	396	LT934125.1	105353	105353	-	105353	16.129162	16.129162	105353	105353	1	1
PK_15_6h	397	LT934125.1	106297	106297	-	106297	16.129162	16.129162	106297	106297	1	1
PK_15_6h	398	LT934125.1	106532	106532	-	106532	16.129162	16.129162	106532	106532	1	1
PK_15_6h	399	LT934125.1	106870	106870	-	106870	16.129162	16.129162	106870	106870	1	1
PK_15_6h	400	LT934125.1	107047	107053	-	107053	153.227042	64.516649	107047	107053	7	7
PK_15_6h	401	LT934125.1	107186	107209	-	107209	56.452068	40.322906	107186	107209	24	24
PK_15_6h	402	LT934125.1	107365	107382	-	107369	1854.853668	1193.558013	107366	107378	13	18
PK_15_6h	403	LT934125.1	107543	107564	-	107559	1185.493429	1008.072646	107558	107559	2	22
PK_15_6h	404	LT934125.1	107834	107834	-	107834	16.129162	16.129162	107834	107834	1	1
PK_15_6h	405	LT934125.1	108740	108745	-	108740	64.51665	32.258325	108740	108745	6	6
PK_15_6h	406	LT934125.1	111103	111103	-	111103	32.258325	32.258325	111103	111103	1	1
PK_15_6h	407	LT934125.1	114138	114138	-	114138	16.129162	16.129162	114138	114138	1	1
PK_15_6h	408	LT934125.1	115353	115353	-	115353	16.129162	16.129162	115353	115353	1	1
PK_15_6h	409	LT934125.1	115514	115532	-	115528	443.551963	250.002016	115525	115532	8	19
PK_15_6h	410	LT934125.1	115606	115710	-	115634	758.070628	129.033299	115616	115670	55	105
PK_15_6h	411	LT934125.1	116771	116771	-	116771	16.129162	16.129162	116771	116771	1	1
PK_15_6h	412	LT934125.1	118376	118400	-	118376	40.322905	24.193743	118376	118400	25	25
PK_15_6h	413	LT934125.1	119058	119058	-	119058	16.129162	16.129162	119058	119058	1	1
PK_15_6h	414	LT934125.1	119479	119499	-	119481	72.581229	24.193743	119479	119499	21	21
PK_15_6h	415	LT934125.1	119910	119923	-	119923	72.58123	32.258325	119910	119923	14	14
PK_15_6h	416	LT934125.1	120137	120137	-	120137	16.129162	16.129162	120137	120137	1	1
PK_15_6h	417	LT934125.1	120241	120241	-	120241	32.258325	32.258325	120241	120241	1	1
PK_15_6h	418	LT934125.1	120431	120431	-	120431	104.839555	104.839555	120431	120431	1	1
PK_15_6h	419	LT934125.1	122413	122424	-	122413	88.710392	32.258325	122413	122424	12	12
PK_15_6h	420	LT934125.1	122812	122812	-	122812	16.129162	16.129162	122812	122812	1	1
PK_15_6h	421	LT934125.1	124802	124804	-	124804	72.58123	32.258325	124802	124804	3	3
PK_15_6h	422	LT934125.1	126103	126112	-	126103	32.258324	16.129162	126103	126112	10	10
PK_15_6h	423	LT934125.1	126881	127456	-	126958	4314.550896	185.485367	126949	127411	463	576
PK_15_6h	424	LT934125.1	127494	127902	-	127902	2048.403601	379.035315	127573	127902	330	409
PK_15_6h	425	LT934125.1	128144	128173	-	128155	96.774974	48.387487	128144	128173	30	30
PK_15_6h	426	LT934125.1	128431	128431	-	128431	24.193743	24.193743	128431	128431	1	1
PK_15_6h	427	LT934125.1	128729	128738	-	128732	80436.132549	68710.231534	128731	128732	2	10
PK_15_6h	428	LT934125.1	128882	128882	-	128882	24.193743	24.193743	128882	128882	1	1
PK_15_6h	429	LT934125.1	129741	129741	-	129741	16.129162	16.129162	129741	129741	1	1
PK_15_6h	430	LT934125.1	130829	130834	-	130833	201.614528	112.904136	130831	130833	3	6
PK_15_6h	431	LT934125.1	135080	135168	-	135080	145.162461	32.258325	135080	135168	89	89
PK_15_6h	432	LT934125.1	135388	135562	-	135497	411.293635	64.516649	135407	135550	144	175
PK_15_6h	433	LT934125.1	135666	135666	-	135666	56.452068	56.452068	135666	135666	1	1
PK_15_6h	434	LT934125.1	135892	135899	-	135892	64.516649	40.322906	135892	135899	8	8
PK_15_6h	435	LT934125.1	136101	136103	-	136103	88.710392	64.516649	136101	136103	3	3
PK_15_6h	436	LT934125.1	136193	136360	-	136235	4008.096832	1201.622594	136232	136297	66	168
PK_15_6h	437	LT934125.1	136546	136546	-	136546	32.258325	32.258325	136546	136546	1	1
PK_15_6h	438	LT934125.1	136682	136688	-	136685	129.033298	48.387487	136682	136688	7	7
PK_15_6h	439	LT934125.1	137116	137123	-	137118	145.16246	40.322906	137116	137123	8	8
PK_15_6h	440	LT934125.1	138954	138978	-	138954	32.258324	16.129162	138954	138978	25	25
PK_15_6h	441	LT934125.1	141988	141988	-	141988	16.129162	16.129162	141988	141988	1	1
PK_15_6h	442	LT934125.1	142245	142245	-	142245	32.258325	32.258325	142245	142245	1	1
PK_15_8h	1	LT934125.1	779	782	+	779	127.19354	92.105667	779	782	4	4
PK_15_8h	2	LT934125.1	982	994	+	990	1131.583911	763.161242	987	990	4	13
PK_15_8h	3	LT934125.1	1334	1375	+	1337	1504.392562	578.949908	1334	1345	12	42
PK_15_8h	4	LT934125.1	1600	1607	+	1600	1530.708468	1004.39037	1600	1603	4	8
PK_15_8h	5	LT934125.1	1851	1851	+	1851	21.929921	21.929921	1851	1851	1	1
PK_15_8h	6	LT934125.1	2099	2099	+	2099	17.543937	17.543937	2099	2099	1	1
PK_15_8h	7	LT934125.1	7587	7596	+	7588	2907.907492	1346.497134	7588	7593	6	10
PK_15_8h	8	LT934125.1	7811	7811	+	7811	92.105667	92.105667	7811	7811	1	1
PK_15_8h	9	LT934125.1	8531	8531	+	8531	17.543937	17.543937	8531	8531	1	1
PK_15_8h	10	LT934125.1	9107	9114	+	9113	3513.173303	2583.344664	9107	9113	7	8
PK_15_8h	11	LT934125.1	9267	9272	+	9270	11153.557691	9210.566713	9269	9270	2	6
PK_15_8h	12	LT934125.1	9640	9650	+	9646	6513.186462	2118.430344	9643	9646	4	11
PK_15_8h	13	LT934125.1	9896	9930	+	9919	78.947715	35.087873	9896	9930	35	35
PK_15_8h	14	LT934125.1	10046	10156	+	10103	232.457161	61.403778	10075	10142	68	111
PK_15_8h	15	LT934125.1	10252	10271	+	10252	57.017793	43.859841	10252	10271	20	20
PK_15_8h	16	LT934125.1	10431	10435	+	10431	1390.356975	1258.777451	10431	10431	1	5
PK_15_8h	17	LT934125.1	11788	11798	+	11793	543.862036	166.667398	11791	11797	7	11
PK_15_8h	18	LT934125.1	11990	11990	+	11990	13.157952	13.157952	11990	11990	1	1
PK_15_8h	19	LT934125.1	12208	12208	+	12208	13.157952	13.157952	12208	12208	1	1
PK_15_8h	20	LT934125.1	13521	13521	+	13521	17.543937	17.543937	13521	13521	1	1
PK_15_8h	21	LT934125.1	14042	14051	+	14048	8403.54563	7447.401085	14048	14048	1	10
PK_15_8h	22	LT934125.1	14439	14439	+	14439	13.157952	13.157952	14439	14439	1	1
PK_15_8h	23	LT934125.1	14541	14560	+	14541	26.315904	13.157952	14541	14560	20	20
PK_15_8h	24	LT934125.1	14853	14859	+	14853	48.245826	26.315905	14853	14859	7	7
PK_15_8h	25	LT934125.1	15144	15180	+	15170	78.947715	39.473857	15144	15180	37	37
PK_15_8h	26	LT934125.1	15434	15434	+	15434	13.157952	13.157952	15434	15434	1	1
PK_15_8h	27	LT934125.1	15709	15751	+	15750	114.035588	61.403778	15709	15751	43	43
PK_15_8h	28	LT934125.1	16013	16014	+	16014	78.947715	48.245826	16013	16014	2	2
PK_15_8h	29	LT934125.1	17647	17647	+	17647	13.157952	13.157952	17647	17647	1	1
PK_15_8h	30	LT934125.1	19079	19079	+	19079	17.543937	17.543937	19079	19079	1	1
PK_15_8h	31	LT934125.1	25420	25425	+	25420	192.983302	109.649604	25420	25422	3	6
PK_15_8h	32	LT934125.1	25839	25839	+	25839	17.543937	17.543937	25839	25839	1	1
PK_15_8h	33	LT934125.1	26362	26362	+	26362	13.157952	13.157952	26362	26362	1	1
PK_15_8h	34	LT934125.1	27846	27846	+	27846	21.929921	21.929921	27846	27846	1	1
PK_15_8h	35	LT934125.1	28625	28625	+	28625	21.929921	21.929921	28625	28625	1	1
PK_15_8h	36	LT934125.1	29468	29468	+	29468	13.157952	13.157952	29468	29468	1	1
PK_15_8h	37	LT934125.1	30235	30240	+	30240	210.52724	109.649604	30235	30240	6	6
PK_15_8h	38	LT934125.1	30932	30932	+	30932	39.473857	39.473857	30932	30932	1	1
PK_15_8h	39	LT934125.1	31093	31099	+	31098	10526.361958	8223.720279	31096	31098	3	7
PK_15_8h	40	LT934125.1	31349	31349	+	31349	17.543937	17.543937	31349	31349	1	1
PK_15_8h	41	LT934125.1	31507	31507	+	31507	26.315905	26.315905	31507	31507	1	1
PK_15_8h	42	LT934125.1	31847	31870	+	31859	192.983303	135.965509	31847	31870	24	24
PK_15_8h	43	LT934125.1	31973	32040	+	32038	62478.344201	36741.389217	32036	32038	3	68
PK_15_8h	44	LT934125.1	32145	32281	+	32173	736.845334	184.211334	32161	32248	88	137
PK_15_8h	45	LT934125.1	33584	33584	+	33584	21.929921	21.929921	33584	33584	1	1
PK_15_8h	46	LT934125.1	44807	44815	+	44812	14271.992421	10486.8881	44810	44812	3	9
PK_15_8h	47	LT934125.1	44946	44946	+	44946	21.929921	21.929921	44946	44946	1	1
PK_15_8h	48	LT934125.1	45264	45264	+	45264	17.543937	17.543937	45264	45264	1	1
PK_15_8h	49	LT934125.1	45445	45445	+	45445	21.929921	21.929921	45445	45445	1	1
PK_15_8h	50	LT934125.1	45599	45599	+	45599	13.157952	13.157952	45599	45599	1	1
PK_15_8h	51	LT934125.1	45762	45762	+	45762	17.543937	17.543937	45762	45762	1	1
PK_15_8h	52	LT934125.1	45895	45916	+	45909	52.63181	21.929921	45895	45916	22	22
PK_15_8h	53	LT934125.1	46005	46029	+	46023	609.651797	175.439366	46023	46026	4	25
PK_15_8h	54	LT934125.1	46233	46239	+	46233	241.229128	74.561731	46233	46238	6	7
PK_15_8h	55	LT934125.1	46489	46514	+	46489	48.245825	35.087873	46489	46514	26	26
PK_15_8h	56	LT934125.1	46714	46714	+	46714	13.157952	13.157952	46714	46714	1	1
PK_15_8h	57	LT934125.1	47311	47317	+	47315	201.755271	144.737477	47311	47317	7	7
PK_15_8h	58	LT934125.1	47567	47570	+	47567	39.473857	26.315905	47567	47570	4	4
PK_15_8h	59	LT934125.1	47683	47683	+	47683	17.543937	17.543937	47683	47683	1	1
PK_15_8h	60	LT934125.1	47785	47785	+	47785	13.157952	13.157952	47785	47785	1	1
PK_15_8h	61	LT934125.1	48014	48014	+	48014	17.543937	17.543937	48014	48014	1	1
PK_15_8h	62	LT934125.1	48172	48172	+	48172	21.929921	21.929921	48172	48172	1	1
PK_15_8h	63	LT934125.1	48412	48412	+	48412	21.929921	21.929921	48412	48412	1	1
PK_15_8h	64	LT934125.1	48494	48571	+	48567	17206.215816	12504.440809	48567	48570	4	78
PK_15_8h	65	LT934125.1	48856	48992	+	48856	368.422669	74.561731	48856	48961	106	137
PK_15_8h	66	LT934125.1	49084	49114	+	49114	96.491651	57.017794	49084	49114	31	31
PK_15_8h	67	LT934125.1	49261	49280	+	49261	78.947715	61.403778	49261	49280	20	20
PK_15_8h	68	LT934125.1	49318	49372	+	49372	61.403777	21.929921	49318	49372	55	55
PK_15_8h	69	LT934125.1	49501	49506	+	49501	96.491651	70.175746	49501	49506	6	6
PK_15_8h	70	LT934125.1	51231	51239	+	51235	7504.418879	4109.667148	51235	51238	4	9
PK_15_8h	71	LT934125.1	51574	51574	+	51574	17.543937	17.543937	51574	51574	1	1
PK_15_8h	72	LT934125.1	51752	51752	+	51752	26.315905	26.315905	51752	51752	1	1
PK_15_8h	73	LT934125.1	52028	52055	+	52028	52.63181	21.929921	52028	52055	28	28
PK_15_8h	74	LT934125.1	52201	52201	+	52201	26.315905	26.315905	52201	52201	1	1
PK_15_8h	75	LT934125.1	52438	52484	+	52460	10925.486517	7114.06629	52444	52461	18	47
PK_15_8h	76	LT934125.1	52703	52716	+	52716	35.087873	21.929921	52703	52716	14	14
PK_15_8h	77	LT934125.1	52955	52955	+	52955	13.157952	13.157952	52955	52955	1	1
PK_15_8h	78	LT934125.1	53060	53060	+	53060	17.543937	17.543937	53060	53060	1	1
PK_15_8h	79	LT934125.1	53265	53265	+	53265	13.157952	13.157952	53265	53265	1	1
PK_15_8h	80	LT934125.1	53382	53382	+	53382	13.157952	13.157952	53382	53382	1	1
PK_15_8h	81	LT934125.1	53640	53652	+	53648	7991.26312	6745.643621	53648	53648	1	13
PK_15_8h	82	LT934125.1	53763	53763	+	53763	17.543937	17.543937	53763	53763	1	1
PK_15_8h	83	LT934125.1	53981	53992	+	53992	35.087873	21.929921	53981	53992	12	12
PK_15_8h	84	LT934125.1	54337	54337	+	54337	26.315905	26.315905	54337	54337	1	1
PK_15_8h	85	LT934125.1	54472	54501	+	54475	114.035587	61.403778	54472	54501	30	30
PK_15_8h	86	LT934125.1	54658	54658	+	54658	21.929921	21.929921	54658	54658	1	1
PK_15_8h	87	LT934125.1	54791	54796	+	54791	35.087873	21.929921	54791	54796	6	6
PK_15_8h	88	LT934125.1	54938	54940	+	54938	57.017794	39.473857	54938	54940	3	3
PK_15_8h	89	LT934125.1	55038	55046	+	55038	39.473857	26.315905	55038	55046	9	9
PK_15_8h	90	LT934125.1	55350	55355	+	55352	631.581718	482.458256	55352	55355	4	6
PK_15_8h	91	LT934125.1	55474	55484	+	55480	140.351493	30.701889	55474	55484	11	11
PK_15_8h	92	LT934125.1	55706	55742	+	55712	127.19354	35.087873	55706	55742	37	37
PK_15_8h	93	LT934125.1	55868	55874	+	55874	83.333699	30.701889	55868	55874	7	7
PK_15_8h	94	LT934125.1	56000	56000	+	56000	13.157952	13.157952	56000	56000	1	1
PK_15_8h	95	LT934125.1	57001	57001	+	57001	13.157952	13.157952	57001	57001	1	1
PK_15_8h	96	LT934125.1	58625	58625	+	58625	17.543937	17.543937	58625	58625	1	1
PK_15_8h	97	LT934125.1	58898	58898	+	58898	13.157952	13.157952	58898	58898	1	1
PK_15_8h	98	LT934125.1	59032	59090	+	59068	7184.242034	2912.293475	59044	59070	27	59
PK_15_8h	99	LT934125.1	59234	59234	+	59234	17.543937	17.543937	59234	59234	1	1
PK_15_8h	100	LT934125.1	59792	59793	+	59793	65.789762	39.473857	59792	59793	2	2
PK_15_8h	101	LT934125.1	59989	59989	+	59989	13.157952	13.157952	59989	59989	1	1
PK_15_8h	102	LT934125.1	60103	60103	+	60103	17.543937	17.543937	60103	60103	1	1
PK_15_8h	103	LT934125.1	60232	60260	+	60234	1609.656184	710.529432	60234	60239	6	29
PK_15_8h	104	LT934125.1	61076	61078	+	61076	70.175746	57.017794	61076	61078	3	3
PK_15_8h	105	LT934125.1	61621	61621	+	61621	21.929921	21.929921	61621	61621	1	1
PK_15_8h	106	LT934125.1	62008	62078	+	62036	92.105667	26.315905	62008	62078	71	71
PK_15_8h	107	LT934125.1	62215	62215	+	62215	17.543937	17.543937	62215	62215	1	1
PK_15_8h	108	LT934125.1	65805	65829	+	65807	592.107859	285.08897	65805	65808	4	25
PK_15_8h	109	LT934125.1	66335	66345	+	66338	4245.632657	2820.187808	66338	66341	4	11
PK_15_8h	110	LT934125.1	66913	66913	+	66913	13.157952	13.157952	66913	66913	1	1
PK_15_8h	111	LT934125.1	67112	67112	+	67112	17.543937	17.543937	67112	67112	1	1
PK_15_8h	112	LT934125.1	67325	67325	+	67325	13.157952	13.157952	67325	67325	1	1
PK_15_8h	113	LT934125.1	67961	67961	+	67961	13.157952	13.157952	67961	67961	1	1
PK_15_8h	114	LT934125.1	68331	68331	+	68331	13.157952	13.157952	68331	68331	1	1
PK_15_8h	115	LT934125.1	68468	68486	+	68468	35.087874	17.543937	68468	68486	19	19
PK_15_8h	116	LT934125.1	68565	68600	+	68600	57.017794	26.315905	68565	68600	36	36
PK_15_8h	117	LT934125.1	68870	68873	+	68873	57.017793	43.859841	68870	68873	4	4
PK_15_8h	118	LT934125.1	69233	69251	+	69244	1039.478242	390.352589	69237	69246	10	19
PK_15_8h	119	LT934125.1	69421	69421	+	69421	13.157952	13.157952	69421	69421	1	1
PK_15_8h	120	LT934125.1	69509	69567	+	69530	100.877635	52.63181	69509	69567	59	59
PK_15_8h	121	LT934125.1	69765	69845	+	69765	346.492748	149.123461	69765	69812	48	81
PK_15_8h	122	LT934125.1	69875	69970	+	69947	175.439366	65.789762	69895	69953	59	96
PK_15_8h	123	LT934125.1	70090	70092	+	70090	535.090066	521.932114	70090	70090	1	3
PK_15_8h	124	LT934125.1	70311	70311	+	70311	57.017794	57.017794	70311	70311	1	1
PK_15_8h	125	LT934125.1	70525	70534	+	70531	26627.30977	15565.857745	70529	70531	3	10
PK_15_8h	126	LT934125.1	70918	70918	+	70918	30.701889	30.701889	70918	70918	1	1
PK_15_8h	127	LT934125.1	71009	71022	+	71022	43.859842	26.315905	71009	71022	14	14
PK_15_8h	128	LT934125.1	71185	71215	+	71185	74.561729	35.087873	71185	71215	31	31
PK_15_8h	129	LT934125.1	71328	71346	+	71328	43.859841	30.701889	71328	71346	19	19
PK_15_8h	130	LT934125.1	71767	71767	+	71767	13.157952	13.157952	71767	71767	1	1
PK_15_8h	131	LT934125.1	71905	71905	+	71905	13.157952	13.157952	71905	71905	1	1
PK_15_8h	132	LT934125.1	72758	72766	+	72759	618.423765	434.212431	72759	72763	5	9
PK_15_8h	133	LT934125.1	74397	74408	+	74402	11359.698945	5100.899565	74400	74403	4	12
PK_15_8h	134	LT934125.1	74725	74725	+	74725	13.157952	13.157952	74725	74725	1	1
PK_15_8h	135	LT934125.1	74839	74839	+	74839	13.157952	13.157952	74839	74839	1	1
PK_15_8h	136	LT934125.1	75133	75154	+	75154	65.789762	52.63181	75133	75154	22	22
PK_15_8h	137	LT934125.1	75262	75271	+	75262	35.087873	21.929921	75262	75271	10	10
PK_15_8h	138	LT934125.1	75360	75382	+	75382	57.017793	43.859841	75360	75382	23	23
PK_15_8h	139	LT934125.1	75491	75491	+	75491	13.157952	13.157952	75491	75491	1	1
PK_15_8h	140	LT934125.1	75653	75653	+	75653	26.315905	26.315905	75653	75653	1	1
PK_15_8h	141	LT934125.1	76677	76689	+	76683	662.283607	355.264716	76683	76685	3	13
PK_15_8h	142	LT934125.1	76990	76992	+	76990	153.509445	131.579524	76990	76992	3	3
PK_15_8h	143	LT934125.1	78035	78062	+	78044	517.54613	118.421572	78035	78044	10	28
PK_15_8h	144	LT934125.1	78332	78332	+	78332	13.157952	13.157952	78332	78332	1	1
PK_15_8h	145	LT934125.1	78825	78825	+	78825	17.543937	17.543937	78825	78825	1	1
PK_15_8h	146	LT934125.1	79008	79010	+	79008	26.315904	13.157952	79008	79010	3	3
PK_15_8h	147	LT934125.1	79143	79143	+	79143	43.859841	43.859841	79143	79143	1	1
PK_15_8h	148	LT934125.1	79248	79269	+	79269	30.701889	17.543937	79248	79269	22	22
PK_15_8h	149	LT934125.1	79437	79454	+	79444	23263.259926	16508.844337	79440	79444	5	18
PK_15_8h	150	LT934125.1	79712	79786	+	79781	157.895429	61.403778	79712	79786	75	75
PK_15_8h	151	LT934125.1	79884	79884	+	79884	35.087873	35.087873	79884	79884	1	1
PK_15_8h	152	LT934125.1	81082	81082	+	81082	30.701889	30.701889	81082	81082	1	1
PK_15_8h	153	LT934125.1	81436	81436	+	81436	17.543937	17.543937	81436	81436	1	1
PK_15_8h	154	LT934125.1	83975	83978	+	83975	201.75527	100.877635	83975	83978	4	4
PK_15_8h	155	LT934125.1	85710	85710	+	85710	13.157952	13.157952	85710	85710	1	1
PK_15_8h	156	LT934125.1	85996	86018	+	85996	57.017794	35.087873	85996	86018	23	23
PK_15_8h	157	LT934125.1	87212	87212	+	87212	17.543937	17.543937	87212	87212	1	1
PK_15_8h	158	LT934125.1	88883	88888	+	88883	135.965508	78.947715	88883	88888	6	6
PK_15_8h	159	LT934125.1	89133	89133	+	89133	30.701889	30.701889	89133	89133	1	1
PK_15_8h	160	LT934125.1	89883	89883	+	89883	57.017794	57.017794	89883	89883	1	1
PK_15_8h	161	LT934125.1	90007	90007	+	90007	17.543937	17.543937	90007	90007	1	1
PK_15_8h	162	LT934125.1	90381	90381	+	90381	26.315905	26.315905	90381	90381	1	1
PK_15_8h	163	LT934125.1	90732	90732	+	90732	13.157952	13.157952	90732	90732	1	1
PK_15_8h	164	LT934125.1	91154	91154	+	91154	13.157952	13.157952	91154	91154	1	1
PK_15_8h	165	LT934125.1	91409	91415	+	91409	1144.741863	530.704082	91409	91412	4	7
PK_15_8h	166	LT934125.1	91545	91548	+	91548	171.053382	153.509445	91545	91548	4	4
PK_15_8h	167	LT934125.1	92281	92289	+	92281	26.315904	13.157952	92281	92289	9	9
PK_15_8h	168	LT934125.1	92451	92456	+	92453	162.281413	100.877635	92451	92456	6	6
PK_15_8h	169	LT934125.1	95750	95750	+	95750	26.315905	26.315905	95750	95750	1	1
PK_15_8h	170	LT934125.1	96046	96046	+	96046	13.157952	13.157952	96046	96046	1	1
PK_15_8h	171	LT934125.1	96885	96885	+	96885	35.087873	35.087873	96885	96885	1	1
PK_15_8h	172	LT934125.1	98327	98327	+	98327	13.157952	13.157952	98327	98327	1	1
PK_15_8h	173	LT934125.1	98464	98470	+	98464	39.473857	26.315905	98464	98470	7	7
PK_15_8h	174	LT934125.1	99576	99576	+	99576	26.315905	26.315905	99576	99576	1	1
PK_15_8h	175	LT934125.1	101290	101293	+	101290	184.211335	105.26362	101290	101293	4	4
PK_15_8h	176	LT934125.1	101472	101472	+	101472	39.473857	39.473857	101472	101472	1	1
PK_15_8h	177	LT934125.1	101703	101703	+	101703	13.157952	13.157952	101703	101703	1	1
PK_15_8h	178	LT934125.1	104763	104780	+	104763	39.473857	26.315905	104763	104780	18	18
PK_15_8h	179	LT934125.1	106596	106601	+	106596	70.175746	35.087873	106596	106601	6	6
PK_15_8h	180	LT934125.1	107029	107035	+	107035	149.123461	61.403778	107029	107035	7	7
PK_15_8h	181	LT934125.1	107171	107171	+	107171	17.543937	17.543937	107171	107171	1	1
PK_15_8h	182	LT934125.1	107389	107509	+	107482	3732.472508	1364.04107	107422	107485	64	121
PK_15_8h	183	LT934125.1	107614	107615	+	107614	223.685192	197.369287	107614	107615	2	2
PK_15_8h	184	LT934125.1	107818	107825	+	107825	30.701889	17.543937	107818	107825	8	8
PK_15_8h	185	LT934125.1	108051	108079	+	108051	74.56173	43.859841	108051	108079	29	29
PK_15_8h	186	LT934125.1	108252	108310	+	108252	109.649603	39.473857	108252	108310	59	59
PK_15_8h	187	LT934125.1	108556	108585	+	108556	35.087874	17.543937	108556	108585	30	30
PK_15_8h	188	LT934125.1	110692	110692	+	110692	17.543937	17.543937	110692	110692	1	1
PK_15_8h	189	LT934125.1	111791	111791	+	111791	17.543937	17.543937	111791	111791	1	1
PK_15_8h	190	LT934125.1	112329	112329	+	112329	17.543937	17.543937	112329	112329	1	1
PK_15_8h	191	LT934125.1	112884	112886	+	112884	153.509445	100.877635	112884	112886	3	3
PK_15_8h	192	LT934125.1	114979	114988	+	114985	55276.558231	49767.762139	114985	114985	1	10
PK_15_8h	193	LT934125.1	115256	115256	+	115256	13.157952	13.157952	115256	115256	1	1
PK_15_8h	194	LT934125.1	115475	115475	+	115475	21.929921	21.929921	115475	115475	1	1
PK_15_8h	195	LT934125.1	115815	115841	+	115815	421.054478	359.6507	115815	115841	27	27
PK_15_8h	196	LT934125.1	116120	116223	+	116120	320.176841	87.719683	116120	116219	100	104
PK_15_8h	197	LT934125.1	116261	116552	+	116283	1583.340278	118.421572	116283	116519	237	292
PK_15_8h	198	LT934125.1	116586	116835	+	116791	1912.289089	293.860938	116622	116791	170	250
PK_15_8h	199	LT934125.1	117606	117607	+	117607	232.457159	219.299207	117607	117607	1	2
PK_15_8h	200	LT934125.1	117768	117796	+	117769	1508.778547	885.968798	117769	117781	13	29
PK_15_8h	201	LT934125.1	117920	117920	+	117920	26.315905	26.315905	117920	117920	1	1
PK_15_8h	202	LT934125.1	118051	118051	+	118051	13.157952	13.157952	118051	118051	1	1
PK_15_8h	203	LT934125.1	118209	118209	+	118209	21.929921	21.929921	118209	118209	1	1
PK_15_8h	204	LT934125.1	118381	118381	+	118381	13.157952	13.157952	118381	118381	1	1
PK_15_8h	205	LT934125.1	118506	118529	+	118506	30.701889	17.543937	118506	118529	24	24
PK_15_8h	206	LT934125.1	118841	118866	+	118864	80482.809135	47921.262813	118860	118866	7	26
PK_15_8h	207	LT934125.1	119301	119304	+	119304	65.789763	48.245826	119301	119304	4	4
PK_15_8h	208	LT934125.1	119436	119592	+	119567	315.790856	78.947715	119461	119592	132	157
PK_15_8h	209	LT934125.1	119691	120097	+	119941	1653.516021	302.632906	119749	120081	333	407
PK_15_8h	210	LT934125.1	120207	120356	+	120312	609.651797	96.491651	120246	120350	105	150
PK_15_8h	211	LT934125.1	120554	120559	+	120555	1605.270199	1114.039974	120555	120557	3	6
PK_15_8h	212	LT934125.1	120933	120937	+	120937	131.579524	65.789762	120933	120937	5	5
PK_15_8h	213	LT934125.1	121271	121274	+	121274	30.701889	17.543937	121271	121274	4	4
PK_15_8h	214	LT934125.1	121783	121787	+	121784	14807.082488	9609.691271	121784	121786	3	5
PK_15_8h	215	LT934125.1	121979	122032	+	121979	74.561731	26.315905	121979	122032	54	54
PK_15_8h	216	LT934125.1	122301	122304	+	122301	35.087873	21.929921	122301	122304	4	4
PK_15_8h	217	LT934125.1	122402	122402	+	122402	21.929921	21.929921	122402	122402	1	1
PK_15_8h	218	LT934125.1	122575	122575	+	122575	35.087873	35.087873	122575	122575	1	1
PK_15_8h	219	LT934125.1	122733	122733	+	122733	21.929921	21.929921	122733	122733	1	1
PK_15_8h	220	LT934125.1	122922	122988	+	122979	7385.997307	3938.613766	122979	122982	4	67
PK_15_8h	221	LT934125.1	123614	123614	+	123614	13.157952	13.157952	123614	123614	1	1
PK_15_8h	222	LT934125.1	123755	123788	+	123780	65.789762	35.087873	123755	123788	34	34
PK_15_8h	223	LT934125.1	124093	124093	+	124093	21.929921	21.929921	124093	124093	1	1
PK_15_8h	224	LT934125.1	124299	124310	+	124302	223.685192	78.947715	124301	124306	6	12
PK_15_8h	225	LT934125.1	124538	124613	+	124538	250.001096	43.859841	124538	124593	56	76
PK_15_8h	226	LT934125.1	124736	124757	+	124756	9877.236304	9328.988285	124756	124756	1	22
PK_15_8h	227	LT934125.1	125003	125003	+	125003	35.087873	35.087873	125003	125003	1	1
PK_15_8h	228	LT934125.1	125217	125229	+	125225	13478.129291	7149.154163	125223	125225	3	13
PK_15_8h	229	LT934125.1	125343	125373	+	125373	87.719683	57.017794	125343	125373	31	31
PK_15_8h	230	LT934125.1	125679	125729	+	125729	65.789762	35.087873	125679	125729	51	51
PK_15_8h	231	LT934125.1	125838	125866	+	125866	74.56173	39.473857	125838	125866	29	29
PK_15_8h	232	LT934125.1	126005	126047	+	126005	52.631809	26.315905	126005	126047	43	43
PK_15_8h	233	LT934125.1	128037	128115	+	128079	688.599511	92.105667	128047	128093	47	79
PK_15_8h	234	LT934125.1	128185	128189	+	128185	315.790859	171.053382	128185	128189	5	5
PK_15_8h	235	LT934125.1	130194	130194	+	130194	21.929921	21.929921	130194	130194	1	1
PK_15_8h	236	LT934125.1	132614	132614	+	132614	39.473857	39.473857	132614	132614	1	1
PK_15_8h	237	LT934125.1	136157	136174	+	136158	1763.165628	1500.006579	136158	136161	4	18
PK_15_8h	238	LT934125.1	136335	136378	+	136348	1232.461547	750.003289	136339	136351	13	44
PK_15_8h	239	LT934125.1	136664	136670	+	136664	65.789761	26.315905	136664	136670	7	7
PK_15_8h	240	LT934125.1	137112	137112	+	137112	30.701889	30.701889	137112	137112	1	1
PK_15_8h	241	LT934125.1	138673	138678	+	138673	26.315904	13.157952	138673	138678	6	6
PK_15_8h	242	LT934125.1	139480	139480	+	139480	13.157952	13.157952	139480	139480	1	1
PK_15_8h	243	LT934125.1	139982	139982	+	139982	26.315905	26.315905	139982	139982	1	1
PK_15_8h	244	LT934125.1	140788	140788	+	140788	21.929921	21.929921	140788	140788	1	1
PK_15_8h	245	LT934125.1	141053	141074	+	141053	26.315904	13.157952	141053	141074	22	22
PK_15_8h	246	LT934125.1	141227	141227	+	141227	13.157952	13.157952	141227	141227	1	1
PK_15_8h	247	LT934125.1	141812	141812	+	141812	13.157952	13.157952	141812	141812	1	1
PK_15_8h	248	LT934125.1	1958	1958	-	1958	13.157952	13.157952	1958	1958	1	1
PK_15_8h	249	LT934125.1	3034	3045	-	3045	57.017794	26.315905	3034	3045	12	12
PK_15_8h	250	LT934125.1	3349	3351	-	3351	52.631809	39.473857	3349	3351	3	3
PK_15_8h	251	LT934125.1	3449	3463	-	3463	30.701889	17.543937	3449	3463	15	15
PK_15_8h	252	LT934125.1	3877	3912	-	3910	763.161242	359.6507	3880	3911	32	36
PK_15_8h	253	LT934125.1	4914	4928	-	4925	394.738573	228.071176	4923	4926	4	15
PK_15_8h	254	LT934125.1	7758	7758	-	7758	48.245826	48.245826	7758	7758	1	1
PK_15_8h	255	LT934125.1	8189	8189	-	8189	13.157952	13.157952	8189	8189	1	1
PK_15_8h	256	LT934125.1	9058	9058	-	9058	57.017794	57.017794	9058	9058	1	1
PK_15_8h	257	LT934125.1	9214	9217	-	9214	57.017794	35.087873	9214	9217	4	4
PK_15_8h	258	LT934125.1	9466	9499	-	9494	2236.851915	1771.937596	9494	9498	5	34
PK_15_8h	259	LT934125.1	9885	9893	-	9885	57.017794	35.087873	9885	9893	9	9
PK_15_8h	260	LT934125.1	10028	10034	-	10034	43.859841	17.543937	10028	10034	7	7
PK_15_8h	261	LT934125.1	15834	15834	-	15834	30.701889	30.701889	15834	15834	1	1
PK_15_8h	262	LT934125.1	16690	16745	-	16690	52.631811	17.543937	16690	16745	56	56
PK_15_8h	263	LT934125.1	16779	16880	-	16791	214.913221	26.315905	16791	16880	90	102
PK_15_8h	264	LT934125.1	16911	17078	-	16957	359.650701	48.245826	16928	17042	115	168
PK_15_8h	265	LT934125.1	17193	17222	-	17207	96.49165	39.473857	17193	17222	30	30
PK_15_8h	266	LT934125.1	17254	17376	-	17341	855.266908	328.948811	17320	17363	44	123
PK_15_8h	267	LT934125.1	17450	17636	-	17551	372.808651	57.017794	17456	17620	165	187
PK_15_8h	268	LT934125.1	17670	17908	-	17871	359.650701	43.859841	17690	17871	182	239
PK_15_8h	269	LT934125.1	17978	17981	-	17978	57.017794	30.701889	17978	17981	4	4
PK_15_8h	270	LT934125.1	18107	18107	-	18107	43.859841	43.859841	18107	18107	1	1
PK_15_8h	271	LT934125.1	18239	18239	-	18239	26.315905	26.315905	18239	18239	1	1
PK_15_8h	272	LT934125.1	18377	18388	-	18377	35.087874	17.543937	18377	18388	12	12
PK_15_8h	273	LT934125.1	18565	18565	-	18565	21.929921	21.929921	18565	18565	1	1
PK_15_8h	274	LT934125.1	18682	18682	-	18682	13.157952	13.157952	18682	18682	1	1
PK_15_8h	275	LT934125.1	18905	18905	-	18905	17.543937	17.543937	18905	18905	1	1
PK_15_8h	276	LT934125.1	19318	19318	-	19318	13.157952	13.157952	19318	19318	1	1
PK_15_8h	277	LT934125.1	19468	19477	-	19471	9232.496632	4828.968548	19470	19473	4	10
PK_15_8h	278	LT934125.1	19624	19624	-	19624	13.157952	13.157952	19624	19624	1	1
PK_15_8h	279	LT934125.1	21477	21477	-	21477	13.157952	13.157952	21477	21477	1	1
PK_15_8h	280	LT934125.1	21578	21596	-	21596	30.701889	17.543937	21578	21596	19	19
PK_15_8h	281	LT934125.1	21685	21740	-	21722	70.175746	26.315905	21685	21740	56	56
PK_15_8h	282	LT934125.1	21938	21944	-	21941	184.211335	78.947715	21939	21944	6	7
PK_15_8h	283	LT934125.1	22190	22190	-	22190	17.543937	17.543937	22190	22190	1	1
PK_15_8h	284	LT934125.1	22377	22379	-	22379	74.561731	52.63181	22377	22379	3	3
PK_15_8h	285	LT934125.1	22633	22633	-	22633	13.157952	13.157952	22633	22633	1	1
PK_15_8h	286	LT934125.1	22864	22864	-	22864	13.157952	13.157952	22864	22864	1	1
PK_15_8h	287	LT934125.1	25307	25315	-	25313	1267.549418	1008.776354	25310	25313	4	9
PK_15_8h	288	LT934125.1	27761	27761	-	27761	13.157952	13.157952	27761	27761	1	1
PK_15_8h	289	LT934125.1	28569	28586	-	28572	78.947715	30.701889	28569	28586	18	18
PK_15_8h	290	LT934125.1	28777	28925	-	28792	184.211336	21.929921	28792	28897	106	149
PK_15_8h	291	LT934125.1	29046	29087	-	29046	131.579523	43.859841	29046	29086	41	42
PK_15_8h	292	LT934125.1	29263	29303	-	29288	166.667398	74.561731	29278	29303	26	41
PK_15_8h	293	LT934125.1	29404	29417	-	29411	31973.824446	9131.618998	29408	29414	7	14
PK_15_8h	294	LT934125.1	29975	29975	-	29975	13.157952	13.157952	29975	29975	1	1
PK_15_8h	295	LT934125.1	30877	30882	-	30877	377.194636	307.01889	30877	30878	2	6
PK_15_8h	296	LT934125.1	31041	31041	-	31041	48.245826	48.245826	31041	31041	1	1
PK_15_8h	297	LT934125.1	32370	32370	-	32370	13.157952	13.157952	32370	32370	1	1
PK_15_8h	298	LT934125.1	32828	32842	-	32842	223.685191	171.053382	32836	32842	7	15
PK_15_8h	299	LT934125.1	33015	33035	-	33015	43.859841	30.701889	33015	33035	21	21
PK_15_8h	300	LT934125.1	33356	33356	-	33356	17.543937	17.543937	33356	33356	1	1
PK_15_8h	301	LT934125.1	34091	34091	-	34091	39.473857	39.473857	34091	34091	1	1
PK_15_8h	302	LT934125.1	34452	34478	-	34474	214.913222	100.877635	34468	34478	11	27
PK_15_8h	303	LT934125.1	41978	41997	-	41995	557.019987	486.844241	41995	41995	1	20
PK_15_8h	304	LT934125.1	42157	42157	-	42157	13.157952	13.157952	42157	42157	1	1
PK_15_8h	305	LT934125.1	42543	42543	-	42543	21.929921	21.929921	42543	42543	1	1
PK_15_8h	306	LT934125.1	44754	44756	-	44756	100.877636	83.333699	44754	44756	3	3
PK_15_8h	307	LT934125.1	44886	44893	-	44889	1166.671784	491.230225	44886	44893	8	8
PK_15_8h	308	LT934125.1	45904	45904	-	45904	13.157952	13.157952	45904	45904	1	1
PK_15_8h	309	LT934125.1	50370	50370	-	50370	43.859841	43.859841	50370	50370	1	1
PK_15_8h	310	LT934125.1	50631	50668	-	50641	74.56173	30.701889	50631	50668	38	38
PK_15_8h	311	LT934125.1	50820	50820	-	50820	35.087873	35.087873	50820	50820	1	1
PK_15_8h	312	LT934125.1	51139	51151	-	51147	6057.04411	5513.182075	51147	51147	1	13
PK_15_8h	313	LT934125.1	52389	52389	-	52389	13.157952	13.157952	52389	52389	1	1
PK_15_8h	314	LT934125.1	53592	53592	-	53592	35.087873	35.087873	53592	53592	1	1
PK_15_8h	315	LT934125.1	54174	54174	-	54174	17.543937	17.543937	54174	54174	1	1
PK_15_8h	316	LT934125.1	55378	55381	-	55378	285.08897	210.527239	55378	55379	2	4
PK_15_8h	317	LT934125.1	55420	55733	-	55679	1447.374772	232.45716	55454	55679	226	314
PK_15_8h	318	LT934125.1	55768	55807	-	55796	214.913224	57.017794	55768	55807	40	40
PK_15_8h	319	LT934125.1	55853	56016	-	55967	315.790857	30.701889	55881	56014	134	164
PK_15_8h	320	LT934125.1	56185	56200	-	56188	34693.13462	21324.654933	56187	56190	4	16
PK_15_8h	321	LT934125.1	56515	56515	-	56515	17.543937	17.543937	56515	56515	1	1
PK_15_8h	322	LT934125.1	56636	56636	-	56636	13.157952	13.157952	56636	56636	1	1
PK_15_8h	323	LT934125.1	56944	56950	-	56946	4039.491401	3469.313462	56946	56946	1	7
PK_15_8h	324	LT934125.1	57099	57099	-	57099	13.157952	13.157952	57099	57099	1	1
PK_15_8h	325	LT934125.1	57432	57432	-	57432	13.157952	13.157952	57432	57432	1	1
PK_15_8h	326	LT934125.1	58570	58575	-	58570	745.617306	491.230225	58570	58572	3	6
PK_15_8h	327	LT934125.1	59016	59038	-	59016	78.947714	52.63181	59016	59038	23	23
PK_15_8h	328	LT934125.1	59256	59281	-	59277	732.459352	500.002193	59276	59277	2	26
PK_15_8h	329	LT934125.1	62075	62075	-	62075	21.929921	21.929921	62075	62075	1	1
PK_15_8h	330	LT934125.1	63417	63433	-	63420	235856.297615	212786.020991	63420	63420	1	17
PK_15_8h	331	LT934125.1	64123	64128	-	64127	337.72078	135.965509	64123	64128	6	6
PK_15_8h	332	LT934125.1	64363	64374	-	64363	26.315904	13.157952	64363	64374	12	12
PK_15_8h	333	LT934125.1	65582	65582	-	65582	13.157952	13.157952	65582	65582	1	1
PK_15_8h	334	LT934125.1	65718	65753	-	65752	1662.287992	644.73967	65748	65752	5	36
PK_15_8h	335	LT934125.1	65880	65880	-	65880	13.157952	13.157952	65880	65880	1	1
PK_15_8h	336	LT934125.1	66354	66354	-	66354	26.315905	26.315905	66354	66354	1	1
PK_15_8h	337	LT934125.1	66702	66710	-	66702	26.315904	13.157952	66702	66710	9	9
PK_15_8h	338	LT934125.1	67724	67724	-	67724	21.929921	21.929921	67724	67724	1	1
PK_15_8h	339	LT934125.1	68527	68527	-	68527	17.543937	17.543937	68527	68527	1	1
PK_15_8h	340	LT934125.1	68886	68889	-	68886	122.807556	65.789762	68886	68889	4	4
PK_15_8h	341	LT934125.1	69254	69257	-	69254	118.421572	92.105667	69254	69257	4	4
PK_15_8h	342	LT934125.1	70446	70470	-	70446	118.421572	48.245826	70446	70470	25	25
PK_15_8h	343	LT934125.1	71882	71904	-	71882	100.877634	39.473857	71882	71904	23	23
PK_15_8h	344	LT934125.1	72174	72174	-	72174	48.245826	48.245826	72174	72174	1	1
PK_15_8h	345	LT934125.1	72301	72301	-	72301	13.157952	13.157952	72301	72301	1	1
PK_15_8h	346	LT934125.1	72738	72738	-	72738	30.701889	30.701889	72738	72738	1	1
PK_15_8h	347	LT934125.1	72871	72876	-	72871	43.859841	17.543937	72871	72876	6	6
PK_15_8h	348	LT934125.1	73106	73108	-	73108	100.877635	87.719683	73106	73108	3	3
PK_15_8h	349	LT934125.1	74341	74345	-	74345	228.071176	210.527239	74345	74345	1	5
PK_15_8h	350	LT934125.1	75604	75604	-	75604	13.157952	13.157952	75604	75604	1	1
PK_15_8h	351	LT934125.1	76860	76866	-	76860	368.422668	171.053382	76860	76865	6	7
PK_15_8h	352	LT934125.1	77985	77985	-	77985	13.157952	13.157952	77985	77985	1	1
PK_15_8h	353	LT934125.1	80439	80499	-	80484	144.737477	57.017794	80439	80488	50	61
PK_15_8h	354	LT934125.1	80533	80679	-	80645	368.422668	65.789762	80542	80657	116	147
PK_15_8h	355	LT934125.1	80718	80937	-	80825	635.967701	61.403778	80781	80916	136	220
PK_15_8h	356	LT934125.1	81009	81035	-	81035	122.807556	65.789762	81009	81035	27	27
PK_15_8h	357	LT934125.1	81136	81161	-	81146	57.017794	21.929921	81136	81161	26	26
PK_15_8h	358	LT934125.1	81424	81435	-	81429	96.49165	70.175746	81424	81435	12	12
PK_15_8h	359	LT934125.1	81803	81897	-	81804	16561.476149	6114.061904	81804	81810	7	95
PK_15_8h	360	LT934125.1	82024	82026	-	82026	30.701889	17.543937	82024	82026	3	3
PK_15_8h	361	LT934125.1	86580	86580	-	86580	13.157952	13.157952	86580	86580	1	1
PK_15_8h	362	LT934125.1	87157	87163	-	87161	1504.392561	1162.285799	87157	87161	5	7
PK_15_8h	363	LT934125.1	87419	87447	-	87447	118.421571	92.105667	87419	87447	29	29
PK_15_8h	364	LT934125.1	87864	87864	-	87864	21.929921	21.929921	87864	87864	1	1
PK_15_8h	365	LT934125.1	88018	88018	-	88018	13.157952	13.157952	88018	88018	1	1
PK_15_8h	366	LT934125.1	88753	88753	-	88753	13.157952	13.157952	88753	88753	1	1
PK_15_8h	367	LT934125.1	89078	89079	-	89079	377.194637	346.492748	89079	89079	1	2
PK_15_8h	368	LT934125.1	92261	92315	-	92303	175.439366	74.561731	92277	92304	28	55
PK_15_8h	369	LT934125.1	92561	92561	-	92561	21.929921	21.929921	92561	92561	1	1
PK_15_8h	370	LT934125.1	92774	92774	-	92774	52.63181	52.63181	92774	92774	1	1
PK_15_8h	371	LT934125.1	92931	92936	-	92933	11210.575484	8394.773661	92933	92936	4	6
PK_15_8h	372	LT934125.1	93229	93229	-	93229	17.543937	17.543937	93229	93229	1	1
PK_15_8h	373	LT934125.1	93453	93482	-	93455	61.403777	21.929921	93453	93482	30	30
PK_15_8h	374	LT934125.1	93650	93654	-	93654	1188.601705	1105.268006	93654	93654	1	5
PK_15_8h	375	LT934125.1	94526	94529	-	94526	535.090066	416.668494	94526	94529	4	4
PK_15_8h	376	LT934125.1	94749	94774	-	94774	30.701889	17.543937	94749	94774	26	26
PK_15_8h	377	LT934125.1	94943	94949	-	94947	2991.24119	2206.150027	94943	94947	5	7
PK_15_8h	378	LT934125.1	95694	95694	-	95694	65.789762	65.789762	95694	95694	1	1
PK_15_8h	379	LT934125.1	96089	96094	-	96089	61.403778	48.245826	96089	96094	6	6
PK_15_8h	380	LT934125.1	96324	96324	-	96324	26.315905	26.315905	96324	96324	1	1
PK_15_8h	381	LT934125.1	96596	96601	-	96596	109.649603	43.859841	96596	96601	6	6
PK_15_8h	382	LT934125.1	96807	96807	-	96807	17.543937	17.543937	96807	96807	1	1
PK_15_8h	383	LT934125.1	97017	97026	-	97017	26.315904	13.157952	97017	97026	10	10
PK_15_8h	384	LT934125.1	97174	97174	-	97174	39.473857	39.473857	97174	97174	1	1
PK_15_8h	385	LT934125.1	97321	97368	-	97361	6092.131983	3074.574888	97337	97361	25	48
PK_15_8h	386	LT934125.1	98231	98231	-	98231	13.157952	13.157952	98231	98231	1	1
PK_15_8h	387	LT934125.1	101899	101905	-	101899	26.315904	13.157952	101899	101905	7	7
PK_15_8h	388	LT934125.1	102490	102490	-	102490	13.157952	13.157952	102490	102490	1	1
PK_15_8h	389	LT934125.1	102643	102664	-	102643	26.315904	13.157952	102643	102664	22	22
PK_15_8h	390	LT934125.1	102929	102929	-	102929	21.929921	21.929921	102929	102929	1	1
PK_15_8h	391	LT934125.1	103735	103735	-	103735	26.315905	26.315905	103735	103735	1	1
PK_15_8h	392	LT934125.1	104237	104237	-	104237	13.157952	13.157952	104237	104237	1	1
PK_15_8h	393	LT934125.1	105039	105044	-	105039	26.315904	13.157952	105039	105044	6	6
PK_15_8h	394	LT934125.1	106605	106605	-	106605	30.701889	30.701889	106605	106605	1	1
PK_15_8h	395	LT934125.1	107047	107053	-	107053	65.789761	26.315905	107047	107053	7	7
PK_15_8h	396	LT934125.1	107339	107382	-	107369	1228.075563	745.617305	107366	107378	13	44
PK_15_8h	397	LT934125.1	107543	107560	-	107559	1758.779644	1495.620595	107556	107559	4	18
PK_15_8h	398	LT934125.1	111103	111103	-	111103	39.473857	39.473857	111103	111103	1	1
PK_15_8h	399	LT934125.1	113523	113523	-	113523	21.929921	21.929921	113523	113523	1	1
PK_15_8h	400	LT934125.1	115528	115532	-	115532	311.404875	171.053382	115528	115532	5	5
PK_15_8h	401	LT934125.1	115602	115680	-	115638	684.213527	92.105667	115624	115670	47	79
PK_15_8h	402	LT934125.1	116873	116873	-	116873	13.157952	13.157952	116873	116873	1	1
PK_15_8h	403	LT934125.1	118400	118400	-	118400	17.543937	17.543937	118400	118400	1	1
PK_15_8h	404	LT934125.1	119058	119058	-	119058	52.63181	52.63181	119058	119058	1	1
PK_15_8h	405	LT934125.1	119314	119314	-	119314	13.157952	13.157952	119314	119314	1	1
PK_15_8h	406	LT934125.1	119481	119499	-	119499	83.333698	70.175746	119481	119499	19	19
PK_15_8h	407	LT934125.1	119688	119688	-	119688	17.543937	17.543937	119688	119688	1	1
PK_15_8h	408	LT934125.1	119910	119923	-	119923	65.789762	35.087873	119910	119923	14	14
PK_15_8h	409	LT934125.1	120431	120454	-	120431	114.035588	83.333699	120431	120454	24	24
PK_15_8h	410	LT934125.1	122413	122424	-	122413	131.579526	48.245826	122413	122424	12	12
PK_15_8h	411	LT934125.1	122806	122806	-	122806	13.157952	13.157952	122806	122806	1	1
PK_15_8h	412	LT934125.1	124344	124344	-	124344	13.157952	13.157952	124344	124344	1	1
PK_15_8h	413	LT934125.1	124704	124724	-	124704	52.631809	39.473857	124704	124724	21	21
PK_15_8h	414	LT934125.1	124804	124805	-	124804	30.701889	17.543937	124804	124805	2	2
PK_15_8h	415	LT934125.1	126112	126112	-	126112	13.157952	13.157952	126112	126112	1	1
PK_15_8h	416	LT934125.1	126881	127131	-	126926	1907.903105	289.474954	126926	127095	170	251
PK_15_8h	417	LT934125.1	127165	127456	-	127434	1592.112246	122.807556	127198	127434	237	292
PK_15_8h	418	LT934125.1	127494	127597	-	127597	320.176841	87.719683	127498	127597	100	104
PK_15_8h	419	LT934125.1	127876	127902	-	127902	421.054478	359.6507	127876	127902	27	27
PK_15_8h	420	LT934125.1	128155	128155	-	128155	21.929921	21.929921	128155	128155	1	1
PK_15_8h	421	LT934125.1	128461	128461	-	128461	13.157952	13.157952	128461	128461	1	1
PK_15_8h	422	LT934125.1	128729	128738	-	128732	55259.014294	49732.674266	128732	128732	1	10
PK_15_8h	423	LT934125.1	130831	130833	-	130833	153.509445	100.877635	130831	130833	3	3
PK_15_8h	424	LT934125.1	131388	131388	-	131388	17.543937	17.543937	131388	131388	1	1
PK_15_8h	425	LT934125.1	131926	131926	-	131926	17.543937	17.543937	131926	131926	1	1
PK_15_8h	426	LT934125.1	133025	133025	-	133025	17.543937	17.543937	133025	133025	1	1
PK_15_8h	427	LT934125.1	135132	135161	-	135132	35.087874	17.543937	135132	135161	30	30
PK_15_8h	428	LT934125.1	135407	135465	-	135407	109.649603	39.473857	135407	135465	59	59
PK_15_8h	429	LT934125.1	135638	135666	-	135666	74.56173	43.859841	135638	135666	29	29
PK_15_8h	430	LT934125.1	136102	136103	-	136103	223.685192	197.369287	136102	136103	2	2
PK_15_8h	431	LT934125.1	136208	136328	-	136235	3736.858493	1368.427055	136232	136295	64	121
PK_15_8h	432	LT934125.1	136546	136546	-	136546	17.543937	17.543937	136546	136546	1	1
PK_15_8h	433	LT934125.1	136682	136688	-	136682	144.737477	61.403778	136682	136688	7	7
PK_15_8h	434	LT934125.1	137116	137121	-	137116	70.175746	35.087873	137116	137121	6	6
PK_15_8h	435	LT934125.1	138937	138954	-	138954	39.473857	26.315905	138937	138954	18	18
PK_15_8h	436	LT934125.1	142014	142014	-	142014	13.157952	13.157952	142014	142014	1	1
PK_15_8h	437	LT934125.1	142245	142245	-	142245	39.473857	39.473857	142245	142245	1	1
PK_15_8h	438	LT934125.1	142424	142427	-	142427	184.211335	105.26362	142424	142427	4	4
PK_15_dRNA	1	LT934125.1	2781	2781	+	2781	14705.882353	14705.882353	2781	2781	1	1
PK_15_dRNA	2	LT934125.1	9426	9426	+	9426	29411.764706	29411.764706	9426	9426	1	1
PK_15_dRNA	3	LT934125.1	14705	14705	+	14705	14705.882353	14705.882353	14705	14705	1	1
PK_15_dRNA	4	LT934125.1	15774	15774	+	15774	14705.882353	14705.882353	15774	15774	1	1
PK_15_dRNA	5	LT934125.1	46474	46474	+	46474	14705.882353	14705.882353	46474	46474	1	1
PK_15_dRNA	6	LT934125.1	51583	51583	+	51583	14705.882353	14705.882353	51583	51583	1	1
PK_15_dRNA	7	LT934125.1	52645	52645	+	52645	14705.882353	14705.882353	52645	52645	1	1
PK_15_dRNA	8	LT934125.1	53787	53787	+	53787	14705.882353	14705.882353	53787	53787	1	1
PK_15_dRNA	9	LT934125.1	55282	55282	+	55282	44117.647059	44117.647059	55282	55282	1	1
PK_15_dRNA	10	LT934125.1	56098	56098	+	56098	14705.882353	14705.882353	56098	56098	1	1
PK_15_dRNA	11	LT934125.1	63154	63174	+	63154	44117.647059	14705.882353	63154	63174	21	21
PK_15_dRNA	12	LT934125.1	66593	66593	+	66593	14705.882353	14705.882353	66593	66593	1	1
PK_15_dRNA	13	LT934125.1	68325	68325	+	68325	14705.882353	14705.882353	68325	68325	1	1
PK_15_dRNA	14	LT934125.1	68848	68848	+	68848	14705.882353	14705.882353	68848	68848	1	1
PK_15_dRNA	15	LT934125.1	77936	77936	+	77936	14705.882353	14705.882353	77936	77936	1	1
PK_15_dRNA	16	LT934125.1	79685	79685	+	79685	14705.882353	14705.882353	79685	79685	1	1
PK_15_dRNA	17	LT934125.1	89114	89114	+	89114	14705.882353	14705.882353	89114	89114	1	1
PK_15_dRNA	18	LT934125.1	92123	92123	+	92123	14705.882353	14705.882353	92123	92123	1	1
PK_15_dRNA	19	LT934125.1	115026	115026	+	115026	14705.882353	14705.882353	115026	115026	1	1
PK_15_dRNA	20	LT934125.1	118903	118903	+	118903	14705.882353	14705.882353	118903	118903	1	1
PK_15_dRNA	21	LT934125.1	122363	122363	+	122363	14705.882353	14705.882353	122363	122363	1	1
PK_15_dRNA	22	LT934125.1	4059	4059	-	4059	14705.882353	14705.882353	4059	4059	1	1
PK_15_dRNA	23	LT934125.1	4889	4889	-	4889	14705.882353	14705.882353	4889	4889	1	1
PK_15_dRNA	24	LT934125.1	10426	10429	-	10426	29411.764706	14705.882353	10426	10429	4	4
PK_15_dRNA	25	LT934125.1	18778	18778	-	18778	14705.882353	14705.882353	18778	18778	1	1
PK_15_dRNA	26	LT934125.1	29233	29233	-	29233	14705.882353	14705.882353	29233	29233	1	1
PK_15_dRNA	27	LT934125.1	32219	32219	-	32219	14705.882353	14705.882353	32219	32219	1	1
PK_15_dRNA	28	LT934125.1	32393	32393	-	32393	29411.764706	29411.764706	32393	32393	1	1
PK_15_dRNA	29	LT934125.1	46038	46038	-	46038	14705.882353	14705.882353	46038	46038	1	1
PK_15_dRNA	30	LT934125.1	49610	49621	-	49610	29411.764706	14705.882353	49610	49621	12	12
PK_15_dRNA	31	LT934125.1	53604	53604	-	53604	14705.882353	14705.882353	53604	53604	1	1
PK_15_dRNA	32	LT934125.1	55020	55020	-	55020	14705.882353	14705.882353	55020	55020	1	1
PK_15_dRNA	33	LT934125.1	55120	55120	-	55120	14705.882353	14705.882353	55120	55120	1	1
PK_15_dRNA	34	LT934125.1	55860	55860	-	55860	14705.882353	14705.882353	55860	55860	1	1
PK_15_dRNA	35	LT934125.1	55991	55991	-	55991	14705.882353	14705.882353	55991	55991	1	1
PK_15_dRNA	36	LT934125.1	63366	63400	-	63366	73529.411765	29411.764706	63366	63400	35	35
PK_15_dRNA	37	LT934125.1	64619	64619	-	64619	14705.882353	14705.882353	64619	64619	1	1
PK_15_dRNA	38	LT934125.1	70513	70521	-	70513	29411.764706	14705.882353	70513	70521	9	9
PK_15_dRNA	39	LT934125.1	92703	92703	-	92703	14705.882353	14705.882353	92703	92703	1	1
PK_15_dRNA	40	LT934125.1	92898	92898	-	92898	14705.882353	14705.882353	92898	92898	1	1
PK_15_dRNA	41	LT934125.1	125220	125222	-	125222	147058.82353	117647.058824	125221	125222	2	3
PK_15_dRNA	42	LT934125.1	128691	128691	-	128691	14705.882353	14705.882353	128691	128691	1	1
