gene	Kinetic_class	hpi	Time	cell_line	group	mean	sd	varcoeff	cluster
ORF-1	E	0.5h	0.5	PC-12	PC-12_dcDNA_0.5h	0	0		cluster_1
ORF-1	E	1.5h	1.5	PC-12	PC-12_dcDNA_1.5h	0	0		cluster_1
ORF-1	E	12h	12	C6	C6_dcDNA_12h	0.00269794491105189	0.000180297570469412	0.0668277434912919	cluster_1
ORF-1	E	12h	12	NRK	NRK_dcDNA_12h	0.00846232206422694	0.00229174191294964	0.270817146352489	cluster_1
ORF-1	E	12h	12	PC-12	PC-12_dcDNA_12h	0.00307657080566287	0.000982847747167095	0.319462092456322	cluster_1
ORF-1	E	12h	12	PK-15	PK-15_dcDNA_12h	0.00178876973365702	0.000933646884948075	0.521949173994181	cluster_1
ORF-1	E	1h	1	C6	C6_dcDNA_1h	0	0		cluster_1
ORF-1	E	1h	1	NRK	NRK_dcDNA_1h	0	0		cluster_1
ORF-1	E	1h	1	PC-12	PC-12_dcDNA_1h	0	0		cluster_1
ORF-1	E	1h	1	PK-15	PK-15_dcDNA_1h	0	0		cluster_1
ORF-1	E	2.5h	2.5	PC-12	PC-12_dcDNA_2.5h	0.00389366272824919	0.00345192269929711	0.886548974633272	cluster_1
ORF-1	E	2h	2	C6	C6_dcDNA_2h	0	0		cluster_1
ORF-1	E	2h	2	NRK	NRK_dcDNA_2h	0	0		cluster_1
ORF-1	E	2h	2	PC-12	PC-12_dcDNA_2h	0.00181653042688465	0.003146322992859	1.73205080756888	cluster_1
ORF-1	E	2h	2	PK-15	PK-15_dcDNA_2h	0.000831946755407654	0.00144097404955813	1.73205080756888	cluster_1
ORF-1	E	4h	4	C6	C6_dcDNA_4h	0.00494925219161606	0.00470453648525934	0.950555013791526	cluster_1
ORF-1	E	4h	4	NRK	NRK_dcDNA_4h	0.00999775764170124	0.00294276781945786	0.294342784144256	cluster_1
ORF-1	E	4h	4	PC-12	PC-12_dcDNA_4h	0.00580645402935628	0.000769073414560917	0.132451477385791	cluster_1
ORF-1	E	4h	4	PK-15	PK-15_dcDNA_4h	0.00121309314199189	0.000402653943881213	0.331923353568761	cluster_1
ORF-1	E	6h	6	C6	C6_dcDNA_6h	0.00446727593187331	0.000373259709773577	0.0835542096494259	cluster_1
ORF-1	E	6h	6	NRK	NRK_dcDNA_6h	0.00678692705228782	0.00197667588291959	0.291247551018434	cluster_1
ORF-1	E	6h	6	PC-12	PC-12_dcDNA_6h	0.00557704086141948	0.000933014177407904	0.167295560601367	cluster_1
ORF-1	E	6h	6	PK-15	PK-15_dcDNA_6h	0.00141094288493814	0.000268038981252163	0.189971531883741	cluster_1
ORF-1	E	8h	8	C6	C6_dcDNA_8h	0.00240670556628871	0.000104569073177312	0.0434490511186893	cluster_1
ORF-1	E	8h	8	NRK	NRK_dcDNA_8h	0.00843334845474356	0.00364992822167989	0.432797036819568	cluster_1
ORF-1	E	8h	8	PC-12	PC-12_dcDNA_8h	0.00504415163600144	0.00287693637025077	0.570350889080597	cluster_1
ORF-1	E	8h	8	PK-15	PK-15_dcDNA_8h	0.00193448012485305	0.000484708891897745	0.250562869925874	cluster_1
UL54	E	0.5h	0.5	PC-12	PC-12_dcDNA_0.5h	0	0		cluster_2
UL54	E	1.5h	1.5	PC-12	PC-12_dcDNA_1.5h	0.0369148195311322	0.0147720512136863	0.400165879213585	cluster_2
UL54	E	12h	12	C6	C6_dcDNA_12h	0.00110984793148472	0.000619948887899883	0.558589037572502	cluster_2
UL54	E	12h	12	NRK	NRK_dcDNA_12h	0.00120430143568745	5.56988298365345e-05	0.046249907362055	cluster_2
UL54	E	12h	12	PC-12	PC-12_dcDNA_12h	0.000460299974734369	0.000149763475313595	0.325360598596645	cluster_2
UL54	E	12h	12	PK-15	PK-15_dcDNA_12h	0.000133908763726141	3.85616730680508e-05	0.287969748917359	cluster_2
UL54	E	1h	1	C6	C6_dcDNA_1h	0.0202525252525253	0.0179277279157625	0.885209508060094	cluster_2
UL54	E	1h	1	NRK	NRK_dcDNA_1h	0	0		cluster_2
UL54	E	1h	1	PC-12	PC-12_dcDNA_1h	0.0136928586475669	0.0118812628204791	0.867697763212528	cluster_2
UL54	E	1h	1	PK-15	PK-15_dcDNA_1h	0	0		cluster_2
UL54	E	2.5h	2.5	PC-12	PC-12_dcDNA_2.5h	0.0170790988460161	0.00849019814763564	0.497110428611171	cluster_2
UL54	E	2h	2	C6	C6_dcDNA_2h	0.00403825559257496	0.00169330366151586	0.419315623466056	cluster_2
UL54	E	2h	2	NRK	NRK_dcDNA_2h	0.0121427036320653	0.0109527663944012	0.90200392979024	cluster_2
UL54	E	2h	2	PC-12	PC-12_dcDNA_2h	0.0123385884609133	0.00434523416165573	0.352166228367269	cluster_2
UL54	E	2h	2	PK-15	PK-15_dcDNA_2h	0.0156069057523623	0.00495929307799014	0.317762736360441	cluster_2
UL54	E	4h	4	C6	C6_dcDNA_4h	0.00435374747595861	0.00275126916848052	0.631931269250921	cluster_2
UL54	E	4h	4	NRK	NRK_dcDNA_4h	0.00162638698890409	0.00149514197073881	0.919302712662675	cluster_2
UL54	E	4h	4	PC-12	PC-12_dcDNA_4h	0.00228107885370176	0.00126821761784183	0.555972721321648	cluster_2
UL54	E	4h	4	PK-15	PK-15_dcDNA_4h	0.00266476440350547	0.000222850309194354	0.0836285222442915	cluster_2
UL54	E	6h	6	C6	C6_dcDNA_6h	0.00555538567191099	0.00126668658239867	0.228010557179362	cluster_2
UL54	E	6h	6	NRK	NRK_dcDNA_6h	0.00186415614028401	0.00109995000988257	0.5900525101481	cluster_2
UL54	E	6h	6	PC-12	PC-12_dcDNA_6h	0.00198986038089215	0.00112072450645647	0.563217659499305	cluster_2
UL54	E	6h	6	PK-15	PK-15_dcDNA_6h	0.0013554754647591	0.000452289495955413	0.333675900239032	cluster_2
UL54	E	8h	8	C6	C6_dcDNA_8h	0.00199307255670802	0.00102371164566076	0.513634911190408	cluster_2
UL54	E	8h	8	NRK	NRK_dcDNA_8h	0.00226448829640859	0.00103201896188195	0.455740470603755	cluster_2
UL54	E	8h	8	PC-12	PC-12_dcDNA_8h	0.00149500666314205	0.000207507456082126	0.138800355341566	cluster_2
UL54	E	8h	8	PK-15	PK-15_dcDNA_8h	0.000856733846831356	0.000129704786776335	0.151394493466145	cluster_2
UL53	L	0.5h	0.5	PC-12	PC-12_dcDNA_0.5h	0	0		cluster_1
UL53	L	1.5h	1.5	PC-12	PC-12_dcDNA_1.5h	0	0		cluster_1
UL53	L	12h	12	C6	C6_dcDNA_12h	0.000403259130027766	0.000130335518013537	0.3232053741835	cluster_1
UL53	L	12h	12	NRK	NRK_dcDNA_12h	0.000219838948414573	0.000190402495820075	0.866099920843022	cluster_1
UL53	L	12h	12	PC-12	PC-12_dcDNA_12h	0.000136293380992774	3.83227834899812e-05	0.281178610515304	cluster_1
UL53	L	12h	12	PK-15	PK-15_dcDNA_12h	0.000212658858913288	2.5158835498641e-05	0.118306077758555	cluster_1
UL53	L	1h	1	C6	C6_dcDNA_1h	0	0		cluster_1
UL53	L	1h	1	NRK	NRK_dcDNA_1h	0	0		cluster_1
UL53	L	1h	1	PC-12	PC-12_dcDNA_1h	0	0		cluster_1
UL53	L	1h	1	PK-15	PK-15_dcDNA_1h	0	0		cluster_1
UL53	L	2.5h	2.5	PC-12	PC-12_dcDNA_2.5h	0	0		cluster_1
UL53	L	2h	2	C6	C6_dcDNA_2h	0	0		cluster_1
UL53	L	2h	2	NRK	NRK_dcDNA_2h	0	0		cluster_1
UL53	L	2h	2	PC-12	PC-12_dcDNA_2h	0	0		cluster_1
UL53	L	2h	2	PK-15	PK-15_dcDNA_2h	0.000277315585135885	0.000480324683186045	1.73205080756888	cluster_1
UL53	L	4h	4	C6	C6_dcDNA_4h	0.00129198966408269	0.00223779174104506	1.73205080756888	cluster_1
UL53	L	4h	4	NRK	NRK_dcDNA_4h	0.000980392156862745	0.00169808902702831	1.73205080756888	cluster_1
UL53	L	4h	4	PC-12	PC-12_dcDNA_4h	0.00013745704467354	0.000238082585232835	1.73205080756888	cluster_1
UL53	L	4h	4	PK-15	PK-15_dcDNA_4h	0.00037574362047898	0.00037628049390784	1.00142882912603	cluster_1
UL53	L	6h	6	C6	C6_dcDNA_6h	0.000938607760812023	0.000794209831322594	0.846157324157958	cluster_1
UL53	L	6h	6	NRK	NRK_dcDNA_6h	0.000959400140239495	0.000635362342636361	0.662249582825531	cluster_1
UL53	L	6h	6	PC-12	PC-12_dcDNA_6h	0.000300362393063179	0.00026291359573829	0.875321284589006	cluster_1
UL53	L	6h	6	PK-15	PK-15_dcDNA_6h	0.000476787408685569	0.000135327868936911	0.283832723917751	cluster_1
UL53	L	8h	8	C6	C6_dcDNA_8h	0.000120481927710843	0.000208680820189021	1.73205080756888	cluster_1
UL53	L	8h	8	NRK	NRK_dcDNA_8h	0.00100452384969787	0.0015391413022852	1.53220981537485	cluster_1
UL53	L	8h	8	PC-12	PC-12_dcDNA_8h	0.000350949768667673	1.96301118686459e-05	0.0559342493461917	cluster_1
UL53	L	8h	8	PK-15	PK-15_dcDNA_8h	0.000456074024795097	8.22336359861033e-05	0.180307650765792	cluster_1
UL52	E	0.5h	0.5	PC-12	PC-12_dcDNA_0.5h	0	0		cluster_3
UL52	E	1.5h	1.5	PC-12	PC-12_dcDNA_1.5h	0	0		cluster_3
UL52	E	12h	12	C6	C6_dcDNA_12h	0.000148301355162921	7.28390756026025e-05	0.491155832814765	cluster_3
UL52	E	12h	12	NRK	NRK_dcDNA_12h	3.20632410560047e-05	3.4707940692605e-05	1.08248385220885	cluster_3
UL52	E	12h	12	PC-12	PC-12_dcDNA_12h	3.47952491281656e-05	3.7531794086509e-05	1.07864708622328	cluster_3
UL52	E	12h	12	PK-15	PK-15_dcDNA_12h	1.07717305684012e-05	5.33844688379354e-06	0.495597884656886	cluster_3
UL52	E	1h	1	C6	C6_dcDNA_1h	0	0		cluster_3
UL52	E	1h	1	NRK	NRK_dcDNA_1h	0	0		cluster_3
UL52	E	1h	1	PC-12	PC-12_dcDNA_1h	0	0		cluster_3
UL52	E	1h	1	PK-15	PK-15_dcDNA_1h	0.00694444444444444	0.0120281306081172	1.73205080756888	cluster_3
UL52	E	2.5h	2.5	PC-12	PC-12_dcDNA_2.5h	0	0		cluster_3
UL52	E	2h	2	C6	C6_dcDNA_2h	0.00261780104712042	0.00370212974443219	1.4142135623731	cluster_3
UL52	E	2h	2	NRK	NRK_dcDNA_2h	0	0		cluster_3
UL52	E	2h	2	PC-12	PC-12_dcDNA_2h	0	0		cluster_3
UL52	E	2h	2	PK-15	PK-15_dcDNA_2h	0.00116550116550117	0.00201870723492876	1.73205080756888	cluster_3
UL52	E	4h	4	C6	C6_dcDNA_4h	0	0		cluster_3
UL52	E	4h	4	NRK	NRK_dcDNA_4h	0	0		cluster_3
UL52	E	4h	4	PC-12	PC-12_dcDNA_4h	0	0		cluster_3
UL52	E	4h	4	PK-15	PK-15_dcDNA_4h	0.000187336080929187	0.000324475610260187	1.73205080756888	cluster_3
UL52	E	6h	6	C6	C6_dcDNA_6h	0.000115580212667591	0.000200190800689884	1.73205080756888	cluster_3
UL52	E	6h	6	NRK	NRK_dcDNA_6h	0.000187687687687688	0.000325084611030195	1.73205080756888	cluster_3
UL52	E	6h	6	PC-12	PC-12_dcDNA_6h	8.8667224745647e-05	8.24107699836318e-05	0.929438924247797	cluster_3
UL52	E	6h	6	PK-15	PK-15_dcDNA_6h	6.69049397090353e-05	4.43263693047334e-05	0.66252760255828	cluster_3
UL52	E	8h	8	C6	C6_dcDNA_8h	3.87551835057939e-05	6.71259468886904e-05	1.73205080756888	cluster_3
UL52	E	8h	8	NRK	NRK_dcDNA_8h	0.000210518834000615	0.000198575370270579	0.943266531060106	cluster_3
UL52	E	8h	8	PC-12	PC-12_dcDNA_8h	0.000214138385960632	0.000173850401042668	0.811860051446493	cluster_3
UL52	E	8h	8	PK-15	PK-15_dcDNA_8h	6.58094403319435e-05	2.57705248231281e-06	0.0391593131519449	cluster_3
UL51	L	0.5h	0.5	PC-12	PC-12_dcDNA_0.5h	0	0		cluster_4
UL51	L	1.5h	1.5	PC-12	PC-12_dcDNA_1.5h	0.00647249190938511	0.0112106848386335	1.73205080756888	cluster_4
UL51	L	12h	12	C6	C6_dcDNA_12h	0.00345303745788545	0.000467827347065019	0.135482847426597	cluster_4
UL51	L	12h	12	NRK	NRK_dcDNA_12h	0.00205394988735177	0.00048896536890487	0.238061002323338	cluster_4
UL51	L	12h	12	PC-12	PC-12_dcDNA_12h	0.00224251923694752	0.000602000158039283	0.268448157822144	cluster_4
UL51	L	12h	12	PK-15	PK-15_dcDNA_12h	0.000803962305947904	0.000227964181527778	0.283550832969711	cluster_4
UL51	L	1h	1	C6	C6_dcDNA_1h	0.00579257487152224	0.00584873978769254	1.00969601902712	cluster_4
UL51	L	1h	1	NRK	NRK_dcDNA_1h	0	0		cluster_4
UL51	L	1h	1	PC-12	PC-12_dcDNA_1h	0.0066006600660066	0.0114326785978144	1.73205080756888	cluster_4
UL51	L	1h	1	PK-15	PK-15_dcDNA_1h	0.00694444444444444	0.0120281306081172	1.73205080756888	cluster_4
UL51	L	2.5h	2.5	PC-12	PC-12_dcDNA_2.5h	0.00170068027210884	0.00294566463872258	1.73205080756888	cluster_4
UL51	L	2h	2	C6	C6_dcDNA_2h	0.00545871013802951	0.00031552242140047	0.0578016442386823	cluster_4
UL51	L	2h	2	NRK	NRK_dcDNA_2h	0.00387596899224806	0.00671337522313518	1.73205080756888	cluster_4
UL51	L	2h	2	PC-12	PC-12_dcDNA_2h	0.00652833993221814	0.00865730983629148	1.32611198653529	cluster_4
UL51	L	2h	2	PK-15	PK-15_dcDNA_2h	0.00512640348397957	0.00470978561860717	0.918730964764212	cluster_4
UL51	L	4h	4	C6	C6_dcDNA_4h	0.00624124185569874	0.00282085578998754	0.45197027373837	cluster_4
UL51	L	4h	4	NRK	NRK_dcDNA_4h	0.0115291830140606	0.00502398828119885	0.435762731415725	cluster_4
UL51	L	4h	4	PC-12	PC-12_dcDNA_4h	0.00686836885387871	0.00226612570343928	0.329936517920052	cluster_4
UL51	L	4h	4	PK-15	PK-15_dcDNA_4h	0.014139608615492	0.00292680983180248	0.206993694902965	cluster_4
UL51	L	6h	6	C6	C6_dcDNA_6h	0.00438262266195604	0.00158179774605442	0.360924922828841	cluster_4
UL51	L	6h	6	NRK	NRK_dcDNA_6h	0.00652662003686055	0.00214982824729025	0.329393811061256	cluster_4
UL51	L	6h	6	PC-12	PC-12_dcDNA_6h	0.0047728931025858	0.000918812283248059	0.192506361131423	cluster_4
UL51	L	6h	6	PK-15	PK-15_dcDNA_6h	0.00574016275924861	0.000470638065090809	0.0819903694076466	cluster_4
UL51	L	8h	8	C6	C6_dcDNA_8h	0.00502861575854636	0.00142405784854114	0.283190825650356	cluster_4
UL51	L	8h	8	NRK	NRK_dcDNA_8h	0.0034371652641422	0.00125073052864373	0.363884315279168	cluster_4
UL51	L	8h	8	PC-12	PC-12_dcDNA_8h	0.00368795082503708	0.00187873539928234	0.509425284775443	cluster_4
UL51	L	8h	8	PK-15	PK-15_dcDNA_8h	0.00343474253601249	0.000798893715249472	0.23259202309147	cluster_4
UL50	L	0.5h	0.5	PC-12	PC-12_dcDNA_0.5h	0	0		cluster_4
UL50	L	1.5h	1.5	PC-12	PC-12_dcDNA_1.5h	0.0330052635845194	0.00452388495904695	0.137065560693441	cluster_4
UL50	L	12h	12	C6	C6_dcDNA_12h	0.00302801985579214	0.000699230192839009	0.230919949716145	cluster_4
UL50	L	12h	12	NRK	NRK_dcDNA_12h	0.00575309245281977	0.000820160143764994	0.142559875491486	cluster_4
UL50	L	12h	12	PC-12	PC-12_dcDNA_12h	0.00136646307805821	0.000115881382501986	0.0848038884933921	cluster_4
UL50	L	12h	12	PK-15	PK-15_dcDNA_12h	0.000855900661954998	0.000120032127916036	0.140240723312289	cluster_4
UL50	L	1h	1	C6	C6_dcDNA_1h	0.0204186602870813	0.00541666776730352	0.265280272610764	cluster_4
UL50	L	1h	1	NRK	NRK_dcDNA_1h	0.0532967032967033	0.0167289421402619	0.313883244281203	cluster_4
UL50	L	1h	1	PC-12	PC-12_dcDNA_1h	0.0190692027335884	0.00265086298617456	0.13901278533818	cluster_4
UL50	L	1h	1	PK-15	PK-15_dcDNA_1h	0.00813008130081301	0.0140817138826738	1.73205080756888	cluster_4
UL50	L	2.5h	2.5	PC-12	PC-12_dcDNA_2.5h	0.0230532833916293	0.00300181377141056	0.130211984141944	cluster_4
UL50	L	2h	2	C6	C6_dcDNA_2h	0.021834840552118	0.00126208968560188	0.0578016442386823	cluster_4
UL50	L	2h	2	NRK	NRK_dcDNA_2h	0.0332118813068838	0.0187484779281123	0.564511168604784	cluster_4
UL50	L	2h	2	PC-12	PC-12_dcDNA_2h	0.0167668906591157	0.00928914604700381	0.554017213797093	cluster_4
UL50	L	2h	2	PK-15	PK-15_dcDNA_2h	0.0158842213374981	0.00448851978697295	0.282577262781955	cluster_4
UL50	L	4h	4	C6	C6_dcDNA_4h	0.00881038598015395	0.00244166775429388	0.277135162953578	cluster_4
UL50	L	4h	4	NRK	NRK_dcDNA_4h	0.0154507516415116	0.00222334540140275	0.143898850553605	cluster_4
UL50	L	4h	4	PC-12	PC-12_dcDNA_4h	0.0114880602541315	0.00203917129605321	0.177503534186274	cluster_4
UL50	L	4h	4	PK-15	PK-15_dcDNA_4h	0.00840275282971394	0.00128877975408497	0.153375897185452	cluster_4
UL50	L	6h	6	C6	C6_dcDNA_6h	0.00917412964892683	0.00356588932355214	0.388689658857096	cluster_4
UL50	L	6h	6	NRK	NRK_dcDNA_6h	0.00673377616922107	0.000620348532028304	0.0921249112591254	cluster_4
UL50	L	6h	6	PC-12	PC-12_dcDNA_6h	0.00559647207107764	0.00120964200794218	0.216143669186444	cluster_4
UL50	L	6h	6	PK-15	PK-15_dcDNA_6h	0.00369826024824441	0.000918063581974456	0.24824201661045	cluster_4
UL50	L	8h	8	C6	C6_dcDNA_8h	0.00661446005329362	0.000515234153352945	0.0778951190575847	cluster_4
UL50	L	8h	8	NRK	NRK_dcDNA_8h	0.00823863455348729	0.00216128853432958	0.262335769392119	cluster_4
UL50	L	8h	8	PC-12	PC-12_dcDNA_8h	0.00238626167002901	0.000752900658315265	0.315514709795474	cluster_4
UL50	L	8h	8	PK-15	PK-15_dcDNA_8h	0.00274578045610666	0.000364710922837241	0.132825959200823	cluster_4
UL49.5	L	0.5h	0.5	PC-12	PC-12_dcDNA_0.5h	0	0		cluster_4
UL49.5	L	1.5h	1.5	PC-12	PC-12_dcDNA_1.5h	0.0426603981288519	0.0195395677592734	0.458025912000538	cluster_4
UL49.5	L	12h	12	C6	C6_dcDNA_12h	0.0173976787757769	0.00194402828896283	0.111740670351354	cluster_4
UL49.5	L	12h	12	NRK	NRK_dcDNA_12h	0.0116254891004263	0.00474449350856789	0.408111303325202	cluster_4
UL49.5	L	12h	12	PC-12	PC-12_dcDNA_12h	0.014045954888424	0.00195463032807404	0.139159661525394	cluster_4
UL49.5	L	12h	12	PK-15	PK-15_dcDNA_12h	0.0147565074415478	0.00236219113795202	0.160077928148577	cluster_4
UL49.5	L	1h	1	C6	C6_dcDNA_1h	0.0357363104731526	0.00941071730640825	0.263337686006455	cluster_4
UL49.5	L	1h	1	NRK	NRK_dcDNA_1h	0.0294871794871795	0.0261802280213617	0.887851211159223	cluster_4
UL49.5	L	1h	1	PC-12	PC-12_dcDNA_1h	0.0407059580357487	0.027772805212065	0.682278628295014	cluster_4
UL49.5	L	1h	1	PK-15	PK-15_dcDNA_1h	0.0248784473138849	0.00431000326352473	0.17324245396614	cluster_4
UL49.5	L	2.5h	2.5	PC-12	PC-12_dcDNA_2.5h	0.045614264599227	0.000646492608707997	0.0141730358778809	cluster_4
UL49.5	L	2h	2	C6	C6_dcDNA_2h	0.0291602213231794	0.0190260020104484	0.65246425257152	cluster_4
UL49.5	L	2h	2	NRK	NRK_dcDNA_2h	0.0279539581865163	0.0305749581352473	1.09376131749368	cluster_4
UL49.5	L	2h	2	PC-12	PC-12_dcDNA_2h	0.0432622095541066	0.00445930635430686	0.103076250618447	cluster_4
UL49.5	L	2h	2	PK-15	PK-15_dcDNA_2h	0.0535926474899155	0.0258580193050536	0.4824919185028	cluster_4
UL49.5	L	4h	4	C6	C6_dcDNA_4h	0.0131502536501369	0.00322435943040432	0.245193706234767	cluster_4
UL49.5	L	4h	4	NRK	NRK_dcDNA_4h	0.0180575307872785	0.00519149849778632	0.287497696055085	cluster_4
UL49.5	L	4h	4	PC-12	PC-12_dcDNA_4h	0.0184560153387006	0.00353883597606677	0.191744312687374	cluster_4
UL49.5	L	4h	4	PK-15	PK-15_dcDNA_4h	0.0337456286716499	0.00255206389800359	0.075626503297229	cluster_4
UL49.5	L	6h	6	C6	C6_dcDNA_6h	0.0184270490837444	0.000192011802840964	0.0104201058980382	cluster_4
UL49.5	L	6h	6	NRK	NRK_dcDNA_6h	0.0128416041699759	0.00147131609283361	0.114574166385972	cluster_4
UL49.5	L	6h	6	PC-12	PC-12_dcDNA_6h	0.020150769400269	0.000770456338181416	0.0382345866243266	cluster_4
UL49.5	L	6h	6	PK-15	PK-15_dcDNA_6h	0.0148705018826769	0.00415948557500647	0.279713866271855	cluster_4
UL49.5	L	8h	8	C6	C6_dcDNA_8h	0.0189453486355717	0.00291118450574536	0.153662229275598	cluster_4
UL49.5	L	8h	8	NRK	NRK_dcDNA_8h	0.0135122986749258	0.00171057111725953	0.126593643199566	cluster_4
UL49.5	L	8h	8	PC-12	PC-12_dcDNA_8h	0.0178087062904138	0.00377347053537014	0.21188908805809	cluster_4
UL49.5	L	8h	8	PK-15	PK-15_dcDNA_8h	0.014229673678662	0.00209900971607304	0.147509336016651	cluster_4
UL49	L	0.5h	0.5	PC-12	PC-12_dcDNA_0.5h	0	0		cluster_1
UL49	L	1.5h	1.5	PC-12	PC-12_dcDNA_1.5h	0	0		cluster_1
UL49	L	12h	12	C6	C6_dcDNA_12h	0.00837096887645086	0.000522750376340957	0.0624480133729268	cluster_1
UL49	L	12h	12	NRK	NRK_dcDNA_12h	0.00808539084998359	0.0019721308328827	0.243912863270759	cluster_1
UL49	L	12h	12	PC-12	PC-12_dcDNA_12h	0.00696819467148228	0.00100772916414172	0.144618399980401	cluster_1
UL49	L	12h	12	PK-15	PK-15_dcDNA_12h	0.00845980672994759	0.00198146419956144	0.23422097724137	cluster_1
UL49	L	1h	1	C6	C6_dcDNA_1h	0.00378787878787879	0.00656079851351848	1.73205080756888	cluster_1
UL49	L	1h	1	NRK	NRK_dcDNA_1h	0	0		cluster_1
UL49	L	1h	1	PC-12	PC-12_dcDNA_1h	0	0		cluster_1
UL49	L	1h	1	PK-15	PK-15_dcDNA_1h	0	0		cluster_1
UL49	L	2.5h	2.5	PC-12	PC-12_dcDNA_2.5h	0.0139795459344332	0.00178337862796761	0.127570568910608	cluster_1
UL49	L	2h	2	C6	C6_dcDNA_2h	0.00807651118514993	0.00338660732303172	0.419315623466056	cluster_1
UL49	L	2h	2	NRK	NRK_dcDNA_2h	0.0148441365660564	0.0128934331724843	0.868587614719692	cluster_1
UL49	L	2h	2	PC-12	PC-12_dcDNA_2h	0.00804328422645398	0.00650406344518028	0.808632799993406	cluster_1
UL49	L	2h	2	PK-15	PK-15_dcDNA_2h	0.00534748024415782	0.001928208231801	0.360582581657517	cluster_1
UL49	L	4h	4	C6	C6_dcDNA_4h	0.00634317748620101	0.00457692638028893	0.721551050754233	cluster_1
UL49	L	4h	4	NRK	NRK_dcDNA_4h	0.00705658117111301	0.0043612750156584	0.618043626212623	cluster_1
UL49	L	4h	4	PC-12	PC-12_dcDNA_4h	0.00487477023591075	0.00108004978986162	0.22155911716726	cluster_1
UL49	L	4h	4	PK-15	PK-15_dcDNA_4h	0.00832234228211403	0.000695113654769343	0.0835238002963717	cluster_1
UL49	L	6h	6	C6	C6_dcDNA_6h	0.00509561869705915	0.000968139163819004	0.189994428817397	cluster_1
UL49	L	6h	6	NRK	NRK_dcDNA_6h	0.00564282573861709	0.0012862807991313	0.227949764659317	cluster_1
UL49	L	6h	6	PC-12	PC-12_dcDNA_6h	0.00560431598194084	0.000865221984791041	0.154384939674905	cluster_1
UL49	L	6h	6	PK-15	PK-15_dcDNA_6h	0.00634618140164308	0.000173198966141487	0.0272918397978105	cluster_1
UL49	L	8h	8	C6	C6_dcDNA_8h	0.00583220030982731	0.000425012023478328	0.0728733584068056	cluster_1
UL49	L	8h	8	NRK	NRK_dcDNA_8h	0.00825378526248007	0.00183988860887642	0.222914523502344	cluster_1
UL49	L	8h	8	PC-12	PC-12_dcDNA_8h	0.00793254693490086	0.0029631469086152	0.373542940613214	cluster_1
UL49	L	8h	8	PK-15	PK-15_dcDNA_8h	0.00816984464541075	0.000684864636179378	0.0838283548713606	cluster_1
UL48	L	0.5h	0.5	PC-12	PC-12_dcDNA_0.5h	0	0		cluster_5
UL48	L	1.5h	1.5	PC-12	PC-12_dcDNA_1.5h	0	0		cluster_5
UL48	L	12h	12	C6	C6_dcDNA_12h	2.32346999676796e-05	2.22625352362667e-05	0.95815892898272	cluster_5
UL48	L	12h	12	NRK	NRK_dcDNA_12h	0	0		cluster_5
UL48	L	12h	12	PC-12	PC-12_dcDNA_12h	0	0		cluster_5
UL48	L	12h	12	PK-15	PK-15_dcDNA_12h	1.07717305684012e-05	5.33844688379354e-06	0.495597884656886	cluster_5
UL48	L	1h	1	C6	C6_dcDNA_1h	0	0		cluster_5
UL48	L	1h	1	NRK	NRK_dcDNA_1h	0	0		cluster_5
UL48	L	1h	1	PC-12	PC-12_dcDNA_1h	0	0		cluster_5
UL48	L	1h	1	PK-15	PK-15_dcDNA_1h	0	0		cluster_5
UL48	L	2.5h	2.5	PC-12	PC-12_dcDNA_2.5h	0	0		cluster_5
UL48	L	2h	2	C6	C6_dcDNA_2h	0	0		cluster_5
UL48	L	2h	2	NRK	NRK_dcDNA_2h	0	0		cluster_5
UL48	L	2h	2	PC-12	PC-12_dcDNA_2h	0	0		cluster_5
UL48	L	2h	2	PK-15	PK-15_dcDNA_2h	0	0		cluster_5
UL48	L	4h	4	C6	C6_dcDNA_4h	0	0		cluster_5
UL48	L	4h	4	NRK	NRK_dcDNA_4h	0	0		cluster_5
UL48	L	4h	4	PC-12	PC-12_dcDNA_4h	0	0		cluster_5
UL48	L	4h	4	PK-15	PK-15_dcDNA_4h	0	0		cluster_5
UL48	L	6h	6	C6	C6_dcDNA_6h	0	0		cluster_5
UL48	L	6h	6	NRK	NRK_dcDNA_6h	0	0		cluster_5
UL48	L	6h	6	PC-12	PC-12_dcDNA_6h	0	0		cluster_5
UL48	L	6h	6	PK-15	PK-15_dcDNA_6h	8.90765434738071e-06	1.54285099059252e-05	1.73205080756888	cluster_5
UL48	L	8h	8	C6	C6_dcDNA_8h	0	0		cluster_5
UL48	L	8h	8	NRK	NRK_dcDNA_8h	0	0		cluster_5
UL48	L	8h	8	PC-12	PC-12_dcDNA_8h	0	0		cluster_5
UL48	L	8h	8	PK-15	PK-15_dcDNA_8h	0	0		cluster_5
UL47	L	0.5h	0.5	PC-12	PC-12_dcDNA_0.5h	0	0		cluster_6
UL47	L	1.5h	1.5	PC-12	PC-12_dcDNA_1.5h	0	0		cluster_6
UL47	L	12h	12	C6	C6_dcDNA_12h	0.00112069936499495	0.000295903013773554	0.264034247735019	cluster_6
UL47	L	12h	12	NRK	NRK_dcDNA_12h	9.43315746906182e-05	4.17704255991162e-05	0.442804286222421	cluster_6
UL47	L	12h	12	PC-12	PC-12_dcDNA_12h	0.000747717572069402	0.000153150588113438	0.20482411251828	cluster_6
UL47	L	12h	12	PK-15	PK-15_dcDNA_12h	0.000838176909765337	0.000285301772170905	0.340383717144846	cluster_6
UL47	L	1h	1	C6	C6_dcDNA_1h	0	0		cluster_6
UL47	L	1h	1	NRK	NRK_dcDNA_1h	0	0		cluster_6
UL47	L	1h	1	PC-12	PC-12_dcDNA_1h	0	0		cluster_6
UL47	L	1h	1	PK-15	PK-15_dcDNA_1h	0	0		cluster_6
UL47	L	2.5h	2.5	PC-12	PC-12_dcDNA_2.5h	0	0		cluster_6
UL47	L	2h	2	C6	C6_dcDNA_2h	0	0		cluster_6
UL47	L	2h	2	NRK	NRK_dcDNA_2h	0	0		cluster_6
UL47	L	2h	2	PC-12	PC-12_dcDNA_2h	0	0		cluster_6
UL47	L	2h	2	PK-15	PK-15_dcDNA_2h	0	0		cluster_6
UL47	L	4h	4	C6	C6_dcDNA_4h	0	0		cluster_6
UL47	L	4h	4	NRK	NRK_dcDNA_4h	0	0		cluster_6
UL47	L	4h	4	PC-12	PC-12_dcDNA_4h	0	0		cluster_6
UL47	L	4h	4	PK-15	PK-15_dcDNA_4h	6.2445360309729e-05	0.000108158536753396	1.73205080756888	cluster_6
UL47	L	6h	6	C6	C6_dcDNA_6h	0	0		cluster_6
UL47	L	6h	6	NRK	NRK_dcDNA_6h	0.000219876868953386	0.000380837908436429	1.73205080756888	cluster_6
UL47	L	6h	6	PC-12	PC-12_dcDNA_6h	0.000475616511534963	5.78475383479232e-05	0.121626430001833	cluster_6
UL47	L	6h	6	PK-15	PK-15_dcDNA_6h	0.000503629639801634	0.000180621988986221	0.358640506260439	cluster_6
UL47	L	8h	8	C6	C6_dcDNA_8h	0.000235342019163738	0.000232582064507611	0.988272580196543	cluster_6
UL47	L	8h	8	NRK	NRK_dcDNA_8h	0.000395131974079343	0.00068438865480041	1.73205080756888	cluster_6
UL47	L	8h	8	PC-12	PC-12_dcDNA_8h	0.000344009476058788	0.000228528849412116	0.664309751086806	cluster_6
UL47	L	8h	8	PK-15	PK-15_dcDNA_8h	0.000714259265897786	0.000117790474796986	0.164912771063501	cluster_6
UL46	L	0.5h	0.5	PC-12	PC-12_dcDNA_0.5h	0	0		cluster_4
UL46	L	1.5h	1.5	PC-12	PC-12_dcDNA_1.5h	0.0113116078642607	0.0107020288102912	0.946110308871692	cluster_4
UL46	L	12h	12	C6	C6_dcDNA_12h	0.0283676160048878	0.010019459479035	0.353200617115962	cluster_4
UL46	L	12h	12	NRK	NRK_dcDNA_12h	0.00650902401981315	0.00277247429661428	0.425943165699651	cluster_4
UL46	L	12h	12	PC-12	PC-12_dcDNA_12h	0.00691187945036506	0.000322194284030367	0.0466145693575934	cluster_4
UL46	L	12h	12	PK-15	PK-15_dcDNA_12h	0.00814443484340517	0.000432632514390241	0.0531200166381782	cluster_4
UL46	L	1h	1	C6	C6_dcDNA_1h	0.0263219918483076	0.0147890307686669	0.561850746474484	cluster_4
UL46	L	1h	1	NRK	NRK_dcDNA_1h	0.0423076923076923	0.0390341983272778	0.922626505917475	cluster_4
UL46	L	1h	1	PC-12	PC-12_dcDNA_1h	0.00709219858156028	0.0122840482806303	1.73205080756888	cluster_4
UL46	L	1h	1	PK-15	PK-15_dcDNA_1h	0	0		cluster_4
UL46	L	2.5h	2.5	PC-12	PC-12_dcDNA_2.5h	0.00389366272824919	0.00345192269929711	0.886548974633272	cluster_4
UL46	L	2h	2	C6	C6_dcDNA_2h	0.00710227272727273	0.0100441304145816	1.4142135623731	cluster_4
UL46	L	2h	2	NRK	NRK_dcDNA_2h	0.00387596899224806	0.00671337522313518	1.73205080756888	cluster_4
UL46	L	2h	2	PC-12	PC-12_dcDNA_2h	0.0118468285183451	0.00474244181627135	0.400313198500978	cluster_4
UL46	L	2h	2	PK-15	PK-15_dcDNA_2h	0.0181878486854065	0.0125102225103577	0.687834098839608	cluster_4
UL46	L	4h	4	C6	C6_dcDNA_4h	0.0235988017401614	0.0104742473388192	0.4438465755231	cluster_4
UL46	L	4h	4	NRK	NRK_dcDNA_4h	0.0112175855068407	0.00221755173086701	0.197685297742077	cluster_4
UL46	L	4h	4	PC-12	PC-12_dcDNA_4h	0.0195579349328409	0.00679560132635282	0.347460064147259	cluster_4
UL46	L	4h	4	PK-15	PK-15_dcDNA_4h	0.0122331877583694	0.00269144161020058	0.220011469075933	cluster_4
UL46	L	6h	6	C6	C6_dcDNA_6h	0.0283968537648958	0.00697520087869884	0.245632876671767	cluster_4
UL46	L	6h	6	NRK	NRK_dcDNA_6h	0.00867074458619943	0.00243836061889639	0.281216981385583	cluster_4
UL46	L	6h	6	PC-12	PC-12_dcDNA_6h	0.0185875662843367	0.00203254016656798	0.109349450889692	cluster_4
UL46	L	6h	6	PK-15	PK-15_dcDNA_6h	0.0107549788624715	0.00103575597465819	0.0963047894284908	cluster_4
UL46	L	8h	8	C6	C6_dcDNA_8h	0.0159078102303489	0.00544299977347322	0.342158958062568	cluster_4
UL46	L	8h	8	NRK	NRK_dcDNA_8h	0.0113565456810731	0.00177681852515539	0.156457656672544	cluster_4
UL46	L	8h	8	PC-12	PC-12_dcDNA_8h	0.00745172607613503	0.0029280985721144	0.392942325334791	cluster_4
UL46	L	8h	8	PK-15	PK-15_dcDNA_8h	0.0107867768354438	0.00422131127939733	0.391341300908971	cluster_4
UL27	L	0.5h	0.5	PC-12	PC-12_dcDNA_0.5h	0	0		cluster_6
UL27	L	1.5h	1.5	PC-12	PC-12_dcDNA_1.5h	0.00709219858156028	0.0122840482806303	1.73205080756888	cluster_6
UL27	L	12h	12	C6	C6_dcDNA_12h	0.00883537476408736	0.00213117203411536	0.241209013881087	cluster_6
UL27	L	12h	12	NRK	NRK_dcDNA_12h	0.0055673750978057	0.00340764840792599	0.612074514122295	cluster_6
UL27	L	12h	12	PC-12	PC-12_dcDNA_12h	0.00861848995768327	0.00278330144984888	0.322945372508975	cluster_6
UL27	L	12h	12	PK-15	PK-15_dcDNA_12h	0.0110521443782305	0.00796988807589604	0.721116898508347	cluster_6
UL27	L	1h	1	C6	C6_dcDNA_1h	0.018580099237994	0.0112896150292132	0.607618661483107	cluster_6
UL27	L	1h	1	NRK	NRK_dcDNA_1h	0.0238095238095238	0.0412393049421161	1.73205080756888	cluster_6
UL27	L	1h	1	PC-12	PC-12_dcDNA_1h	0.00892244337680165	0.00820027669550345	0.919061780411425	cluster_6
UL27	L	1h	1	PK-15	PK-15_dcDNA_1h	0	0		cluster_6
UL27	L	2.5h	2.5	PC-12	PC-12_dcDNA_2.5h	0.00304332259219477	0.00331698782020905	1.08992317433458	cluster_6
UL27	L	2h	2	C6	C6_dcDNA_2h	0.00545871013802951	0.00031552242140047	0.0578016442386823	cluster_6
UL27	L	2h	2	NRK	NRK_dcDNA_2h	0.0178529480855062	0.0158575417728331	0.888230991144088	cluster_6
UL27	L	2h	2	PC-12	PC-12_dcDNA_2h	0.00853504416902211	0.00104131138583797	0.122004217578323	cluster_6
UL27	L	2h	2	PK-15	PK-15_dcDNA_2h	0.00964193697272974	0.00682926626217344	0.708287793364407	cluster_6
UL27	L	4h	4	C6	C6_dcDNA_4h	0.0186495495485454	0.00698344020054897	0.374456239941391	cluster_6
UL27	L	4h	4	NRK	NRK_dcDNA_4h	0.00499887882085062	0.00147138390972893	0.294342784144256	cluster_6
UL27	L	4h	4	PC-12	PC-12_dcDNA_4h	0.0103779717059912	0.0019323320639342	0.186195541737569	cluster_6
UL27	L	4h	4	PK-15	PK-15_dcDNA_4h	0.00389621702844668	0.000690485242003645	0.177219399474501	cluster_6
UL27	L	6h	6	C6	C6_dcDNA_6h	0.0172155463571057	0.00261051517669609	0.151637079796693	cluster_6
UL27	L	6h	6	NRK	NRK_dcDNA_6h	0.00627850812941974	0.00265044111880902	0.422145048501191	cluster_6
UL27	L	6h	6	PC-12	PC-12_dcDNA_6h	0.00904762995169686	0.00130017820518325	0.143703733698724	cluster_6
UL27	L	6h	6	PK-15	PK-15_dcDNA_6h	0.00417464036443022	0.00280271895373727	0.671367760829813	cluster_6
UL27	L	8h	8	C6	C6_dcDNA_8h	0.00544882534035148	0.0014270953346813	0.261908805208508	cluster_6
UL27	L	8h	8	NRK	NRK_dcDNA_8h	0.00619167944124339	0.00273360660271023	0.441496790757837	cluster_6
UL27	L	8h	8	PC-12	PC-12_dcDNA_8h	0.0105279742673933	0.00882641458870809	0.838377295055212	cluster_6
UL27	L	8h	8	PK-15	PK-15_dcDNA_8h	0.0117880379937362	0.00472182656968864	0.400560854333663	cluster_6
UL28	E	0.5h	0.5	PC-12	PC-12_dcDNA_0.5h	0	0		cluster_7
UL28	E	1.5h	1.5	PC-12	PC-12_dcDNA_1.5h	0	0		cluster_7
UL28	E	12h	12	C6	C6_dcDNA_12h	0.000102906797157842	5.09895843225461e-05	0.495492870547091	cluster_7
UL28	E	12h	12	NRK	NRK_dcDNA_12h	3.02050925786088e-05	5.2316754993472e-05	1.73205080756888	cluster_7
UL28	E	12h	12	PC-12	PC-12_dcDNA_12h	4.83034319725746e-05	2.59246809146479e-05	0.536704740345723	cluster_7
UL28	E	12h	12	PK-15	PK-15_dcDNA_12h	1.07717305684012e-05	5.33844688379354e-06	0.495597884656886	cluster_7
UL28	E	1h	1	C6	C6_dcDNA_1h	0	0		cluster_7
UL28	E	1h	1	NRK	NRK_dcDNA_1h	0	0		cluster_7
UL28	E	1h	1	PC-12	PC-12_dcDNA_1h	0	0		cluster_7
UL28	E	1h	1	PK-15	PK-15_dcDNA_1h	0	0		cluster_7
UL28	E	2.5h	2.5	PC-12	PC-12_dcDNA_2.5h	0	0		cluster_7
UL28	E	2h	2	C6	C6_dcDNA_2h	0	0		cluster_7
UL28	E	2h	2	NRK	NRK_dcDNA_2h	0	0		cluster_7
UL28	E	2h	2	PC-12	PC-12_dcDNA_2h	0	0		cluster_7
UL28	E	2h	2	PK-15	PK-15_dcDNA_2h	0.0010752688172043	0.00186242022319234	1.73205080756888	cluster_7
UL28	E	4h	4	C6	C6_dcDNA_4h	0.00129198966408269	0.00223779174104506	1.73205080756888	cluster_7
UL28	E	4h	4	NRK	NRK_dcDNA_4h	0	0		cluster_7
UL28	E	4h	4	PC-12	PC-12_dcDNA_4h	0	0		cluster_7
UL28	E	4h	4	PK-15	PK-15_dcDNA_4h	5.01705799719045e-05	8.68979935565361e-05	1.73205080756888	cluster_7
UL28	E	6h	6	C6	C6_dcDNA_6h	0.000214199542056151	0.000187238734978663	0.874132284230462	cluster_7
UL28	E	6h	6	NRK	NRK_dcDNA_6h	0.000396337077176432	0.000349361665790278	0.881476111897444	cluster_7
UL28	E	6h	6	PC-12	PC-12_dcDNA_6h	2.92090197452974e-05	5.05915062381376e-05	1.73205080756888	cluster_7
UL28	E	6h	6	PK-15	PK-15_dcDNA_6h	2.67229630421421e-05	4.62855297177755e-05	1.73205080756888	cluster_7
UL28	E	8h	8	C6	C6_dcDNA_8h	0	0		cluster_7
UL28	E	8h	8	NRK	NRK_dcDNA_8h	0	0		cluster_7
UL28	E	8h	8	PC-12	PC-12_dcDNA_8h	0.000175474884333837	9.81505593432297e-06	0.0559342493461917	cluster_7
UL28	E	8h	8	PK-15	PK-15_dcDNA_8h	4.38999352089568e-05	9.85147420556233e-06	0.224407488500174	cluster_7
UL29	E	0.5h	0.5	PC-12	PC-12_dcDNA_0.5h	0	0		cluster_7
UL29	E	1.5h	1.5	PC-12	PC-12_dcDNA_1.5h	0	0		cluster_7
UL29	E	12h	12	C6	C6_dcDNA_12h	0.000997597061819388	0.000170072599275422	0.17048225760133	cluster_7
UL29	E	12h	12	NRK	NRK_dcDNA_12h	0.000333717396190333	0.000265533113569055	0.795682564350378	cluster_7
UL29	E	12h	12	PC-12	PC-12_dcDNA_12h	0.000138624622820712	8.19339224039411e-05	0.591048839208812	cluster_7
UL29	E	12h	12	PK-15	PK-15_dcDNA_12h	0.000112620361079896	5.13333743863899e-05	0.455809001979425	cluster_7
UL29	E	1h	1	C6	C6_dcDNA_1h	0.00768651426546163	0.00665878945564176	0.866295075462512	cluster_7
UL29	E	1h	1	NRK	NRK_dcDNA_1h	0	0		cluster_7
UL29	E	1h	1	PC-12	PC-12_dcDNA_1h	0	0		cluster_7
UL29	E	1h	1	PK-15	PK-15_dcDNA_1h	0	0		cluster_7
UL29	E	2.5h	2.5	PC-12	PC-12_dcDNA_2.5h	0.00304332259219477	0.00331698782020905	1.08992317433458	cluster_7
UL29	E	2h	2	C6	C6_dcDNA_2h	0.00142045454545455	0.00200882608291633	1.4142135623731	cluster_7
UL29	E	2h	2	NRK	NRK_dcDNA_2h	0.0121427036320653	0.0109527663944012	0.90200392979024	cluster_7
UL29	E	2h	2	PC-12	PC-12_dcDNA_2h	0.00397402773001302	0.00347940421958257	0.875535969038437	cluster_7
UL29	E	2h	2	PK-15	PK-15_dcDNA_2h	0.017078586344863	0.0138937729480674	0.813520081083672	cluster_7
UL29	E	4h	4	C6	C6_dcDNA_4h	0	0		cluster_7
UL29	E	4h	4	NRK	NRK_dcDNA_4h	0.00394632486504464	0.00524713965063349	1.32962688832617	cluster_7
UL29	E	4h	4	PC-12	PC-12_dcDNA_4h	0.00013745704467354	0.000238082585232835	1.73205080756888	cluster_7
UL29	E	4h	4	PK-15	PK-15_dcDNA_4h	0.00158050376750333	0.00155300598025821	0.98260188440515	cluster_7
UL29	E	6h	6	C6	C6_dcDNA_6h	0.0020914150636802	0.00141697545209143	0.677519960862301	cluster_7
UL29	E	6h	6	NRK	NRK_dcDNA_6h	0.00195098946174469	0.000878609385845934	0.450340405765304	cluster_7
UL29	E	6h	6	PC-12	PC-12_dcDNA_6h	0.000373574520566004	0.000242508534434354	0.649157051896711	cluster_7
UL29	E	6h	6	PK-15	PK-15_dcDNA_6h	0.000841762700780331	0.000615800943529089	0.731561214292614	cluster_7
UL29	E	8h	8	C6	C6_dcDNA_8h	0.000817921575384475	0.000336837413142674	0.411821161441229	cluster_7
UL29	E	8h	8	NRK	NRK_dcDNA_8h	0.00172271317415172	0.000487955436968019	0.28324821815349	cluster_7
UL29	E	8h	8	PC-12	PC-12_dcDNA_8h	0.000603751656255101	0.000337885746151012	0.559643592941544	cluster_7
UL29	E	8h	8	PK-15	PK-15_dcDNA_8h	0.00160869916258358	0.000372810463637666	0.231746539259044	cluster_7
UL30	E	0.5h	0.5	PC-12	PC-12_dcDNA_0.5h	0	0		cluster_2
UL30	E	1.5h	1.5	PC-12	PC-12_dcDNA_1.5h	0.00421940928270042	0.00730823125556488	1.73205080756888	cluster_2
UL30	E	12h	12	C6	C6_dcDNA_12h	0.000150930790778961	7.36770955347497e-05	0.488151523983269	cluster_2
UL30	E	12h	12	NRK	NRK_dcDNA_12h	0.000239004970345584	0.000116014911529741	0.48540794512345	cluster_2
UL30	E	12h	12	PC-12	PC-12_dcDNA_12h	6.21392042453504e-06	1.07628258894847e-05	1.73205080756888	cluster_2
UL30	E	12h	12	PK-15	PK-15_dcDNA_12h	1.5905121210641e-05	2.15265606871996e-05	1.35343581492467	cluster_2
UL30	E	1h	1	C6	C6_dcDNA_1h	0.0101262626262626	0.00896386395788125	0.885209508060094	cluster_2
UL30	E	1h	1	NRK	NRK_dcDNA_1h	0	0		cluster_2
UL30	E	1h	1	PC-12	PC-12_dcDNA_1h	0.0033003300330033	0.00571633929890719	1.73205080756888	cluster_2
UL30	E	1h	1	PK-15	PK-15_dcDNA_1h	0	0		cluster_2
UL30	E	2.5h	2.5	PC-12	PC-12_dcDNA_2.5h	0	0		cluster_2
UL30	E	2h	2	C6	C6_dcDNA_2h	0	0		cluster_2
UL30	E	2h	2	NRK	NRK_dcDNA_2h	0	0		cluster_2
UL30	E	2h	2	PC-12	PC-12_dcDNA_2h	0.00397402773001302	0.00347940421958257	0.875535969038437	cluster_2
UL30	E	2h	2	PK-15	PK-15_dcDNA_2h	0.00260831791613822	0.00381996826905246	1.4645332324781	cluster_2
UL30	E	4h	4	C6	C6_dcDNA_4h	0	0		cluster_2
UL30	E	4h	4	NRK	NRK_dcDNA_4h	0.000980392156862745	0.00169808902702831	1.73205080756888	cluster_2
UL30	E	4h	4	PC-12	PC-12_dcDNA_4h	0.000440666510243597	0.000431530628096629	0.979268036180199	cluster_2
UL30	E	4h	4	PK-15	PK-15_dcDNA_4h	0.000319488337895581	0.000402191648346825	1.25886175062288	cluster_2
UL30	E	6h	6	C6	C6_dcDNA_6h	0.00109651460843825	0.000906299227182379	0.826527271235547	cluster_2
UL30	E	6h	6	NRK	NRK_dcDNA_6h	0.000749257493622523	0.000797855492628194	1.06486154548913	cluster_2
UL30	E	6h	6	PC-12	PC-12_dcDNA_6h	0.000344365500820707	0.000266588863024335	0.774145094061364	cluster_2
UL30	E	6h	6	PK-15	PK-15_dcDNA_6h	9.18399070431112e-05	0.000110025229907537	1.19801112011023	cluster_2
UL30	E	8h	8	C6	C6_dcDNA_8h	0.000307076894486718	0.000266789020431739	0.868802001132905	cluster_2
UL30	E	8h	8	NRK	NRK_dcDNA_8h	0.00149324041734026	0.00077084689253924	0.516224235285744	cluster_2
UL30	E	8h	8	PC-12	PC-12_dcDNA_8h	0.000252801887587427	0.000357515858019658	1.4142135623731	cluster_2
UL30	E	8h	8	PK-15	PK-15_dcDNA_8h	0.000241905898522002	0.000140148617923508	0.579351800761325	cluster_2
UL31	L	0.5h	0.5	PC-12	PC-12_dcDNA_0.5h	0	0		cluster_1
UL31	L	1.5h	1.5	PC-12	PC-12_dcDNA_1.5h	0.0148577071550408	0.0160707308658532	1.08164272576882	cluster_1
UL31	L	12h	12	C6	C6_dcDNA_12h	0.0309559303964227	0.00420670315920473	0.135893287823482	cluster_1
UL31	L	12h	12	NRK	NRK_dcDNA_12h	0.0372411990394236	0.00989917656986251	0.265812509403449	cluster_1
UL31	L	12h	12	PC-12	PC-12_dcDNA_12h	0.0350456920625784	0.00343181486842976	0.0979240148062087	cluster_1
UL31	L	12h	12	PK-15	PK-15_dcDNA_12h	0.0321310656720551	0.0105612435191538	0.328692600082017	cluster_1
UL31	L	1h	1	C6	C6_dcDNA_1h	0.0102370193159667	0.00402898060842945	0.393569698764312	cluster_1
UL31	L	1h	1	NRK	NRK_dcDNA_1h	0	0		cluster_1
UL31	L	1h	1	PC-12	PC-12_dcDNA_1h	0	0		cluster_1
UL31	L	1h	1	PK-15	PK-15_dcDNA_1h	0	0		cluster_1
UL31	L	2.5h	2.5	PC-12	PC-12_dcDNA_2.5h	0.0215706390518421	0.00764193013263268	0.354274628316127	cluster_1
UL31	L	2h	2	C6	C6_dcDNA_2h	0.0165992384578772	0.00866634917446626	0.522093178940605	cluster_1
UL31	L	2h	2	NRK	NRK_dcDNA_2h	0.0249451466670665	0.00474441924495668	0.19019408096808	cluster_1
UL31	L	2h	2	PC-12	PC-12_dcDNA_2h	0.017998043923284	0.00851139182957697	0.472906492830913	cluster_1
UL31	L	2h	2	PK-15	PK-15_dcDNA_2h	0.00830771933235569	0.0059601222756139	0.717419792024182	cluster_1
UL31	L	4h	4	C6	C6_dcDNA_4h	0.0321352804976094	0.0126939403745883	0.395015701684405	cluster_1
UL31	L	4h	4	NRK	NRK_dcDNA_4h	0.0359954942142641	0.0117007819090858	0.325062404739786	cluster_1
UL31	L	4h	4	PC-12	PC-12_dcDNA_4h	0.0188128248480901	0.00149203559957523	0.0793094929455377	cluster_1
UL31	L	4h	4	PK-15	PK-15_dcDNA_4h	0.0358684929368992	0.0043101724459147	0.120165975567952	cluster_1
UL31	L	6h	6	C6	C6_dcDNA_6h	0.0296867428037694	0.00460251230429266	0.155035947685991	cluster_1
UL31	L	6h	6	NRK	NRK_dcDNA_6h	0.0262094627196676	0.00664127341778643	0.253392199940169	cluster_1
UL31	L	6h	6	PC-12	PC-12_dcDNA_6h	0.021218973923476	0.00134945415952607	0.0635965793818655	cluster_1
UL31	L	6h	6	PK-15	PK-15_dcDNA_6h	0.0324045331875111	0.00503986687633265	0.155529686145117	cluster_1
UL31	L	8h	8	C6	C6_dcDNA_8h	0.0349475979129689	0.000923678942872532	0.0264303985977176	cluster_1
UL31	L	8h	8	NRK	NRK_dcDNA_8h	0.0370763815465343	0.00688651477193339	0.185738588413494	cluster_1
UL31	L	8h	8	PC-12	PC-12_dcDNA_8h	0.0428936637726287	0.010484854698789	0.244438310384659	cluster_1
UL31	L	8h	8	PK-15	PK-15_dcDNA_8h	0.0399495953765325	0.00220110671261161	0.0550970965254033	cluster_1
UL32	L	0.5h	0.5	PC-12	PC-12_dcDNA_0.5h	0	0		cluster_8
UL32	L	1.5h	1.5	PC-12	PC-12_dcDNA_1.5h	0	0		cluster_8
UL32	L	12h	12	C6	C6_dcDNA_12h	5.59576454670024e-05	5.1479840937232e-05	0.919978682226525	cluster_8
UL32	L	12h	12	NRK	NRK_dcDNA_12h	9.09057852441729e-06	1.57453438744853e-05	1.73205080756888	cluster_8
UL32	L	12h	12	PC-12	PC-12_dcDNA_12h	0	0		cluster_8
UL32	L	12h	12	PK-15	PK-15_dcDNA_12h	1.46298287578544e-05	2.53396067146361e-05	1.73205080756888	cluster_8
UL32	L	1h	1	C6	C6_dcDNA_1h	0	0		cluster_8
UL32	L	1h	1	NRK	NRK_dcDNA_1h	0	0		cluster_8
UL32	L	1h	1	PC-12	PC-12_dcDNA_1h	0	0		cluster_8
UL32	L	1h	1	PK-15	PK-15_dcDNA_1h	0	0		cluster_8
UL32	L	2.5h	2.5	PC-12	PC-12_dcDNA_2.5h	0	0		cluster_8
UL32	L	2h	2	C6	C6_dcDNA_2h	0	0		cluster_8
UL32	L	2h	2	NRK	NRK_dcDNA_2h	0	0		cluster_8
UL32	L	2h	2	PC-12	PC-12_dcDNA_2h	0	0		cluster_8
UL32	L	2h	2	PK-15	PK-15_dcDNA_2h	0	0		cluster_8
UL32	L	4h	4	C6	C6_dcDNA_4h	0	0		cluster_8
UL32	L	4h	4	NRK	NRK_dcDNA_4h	0	0		cluster_8
UL32	L	4h	4	PC-12	PC-12_dcDNA_4h	0.000290643319183343	0.000252807879129049	0.869821745221581	cluster_8
UL32	L	4h	4	PK-15	PK-15_dcDNA_4h	6.2445360309729e-05	0.000108158536753396	1.73205080756888	cluster_8
UL32	L	6h	6	C6	C6_dcDNA_6h	0	0		cluster_8
UL32	L	6h	6	NRK	NRK_dcDNA_6h	0.000176460208223046	0.000305638046156499	1.73205080756888	cluster_8
UL32	L	6h	6	PC-12	PC-12_dcDNA_6h	9.7930457397773e-05	0.000103467632593791	1.05654191089425	cluster_8
UL32	L	6h	6	PK-15	PK-15_dcDNA_6h	4.99457308015886e-05	2.64728118372552e-05	0.530031524464413	cluster_8
UL32	L	8h	8	C6	C6_dcDNA_8h	3.87551835057939e-05	6.71259468886904e-05	1.73205080756888	cluster_8
UL32	L	8h	8	NRK	NRK_dcDNA_8h	0	0		cluster_8
UL32	L	8h	8	PC-12	PC-12_dcDNA_8h	8.42672958624758e-05	0.000119171952673219	1.4142135623731	cluster_8
UL32	L	8h	8	PK-15	PK-15_dcDNA_8h	6.52094628620644e-05	2.59235438655272e-05	0.397542668314298	cluster_8
UL33	E	0.5h	0.5	PC-12	PC-12_dcDNA_0.5h	0	0		cluster_1
UL33	E	1.5h	1.5	PC-12	PC-12_dcDNA_1.5h	0	0		cluster_1
UL33	E	12h	12	C6	C6_dcDNA_12h	0.00123608825663663	0.00030367234615474	0.245672058224245	cluster_1
UL33	E	12h	12	NRK	NRK_dcDNA_12h	0.000611927693993159	6.69049992390838e-05	0.109334811769169	cluster_1
UL33	E	12h	12	PC-12	PC-12_dcDNA_12h	0.000430095456589602	6.25888263400481e-05	0.145523105117966	cluster_1
UL33	E	12h	12	PK-15	PK-15_dcDNA_12h	0.000279650325642661	0.000154292985326409	0.55173540374691	cluster_1
UL33	E	1h	1	C6	C6_dcDNA_1h	0.00194931773879142	0.00337631736368202	1.73205080756888	cluster_1
UL33	E	1h	1	NRK	NRK_dcDNA_1h	0	0		cluster_1
UL33	E	1h	1	PC-12	PC-12_dcDNA_1h	0	0		cluster_1
UL33	E	1h	1	PK-15	PK-15_dcDNA_1h	0	0		cluster_1
UL33	E	2.5h	2.5	PC-12	PC-12_dcDNA_2.5h	0	0		cluster_1
UL33	E	2h	2	C6	C6_dcDNA_2h	0	0		cluster_1
UL33	E	2h	2	NRK	NRK_dcDNA_2h	0	0		cluster_1
UL33	E	2h	2	PC-12	PC-12_dcDNA_2h	0	0		cluster_1
UL33	E	2h	2	PK-15	PK-15_dcDNA_2h	0.000277315585135885	0.000480324683186045	1.73205080756888	cluster_1
UL33	E	4h	4	C6	C6_dcDNA_4h	0	0		cluster_1
UL33	E	4h	4	NRK	NRK_dcDNA_4h	0.000645994832041344	0.00111889587052253	1.73205080756888	cluster_1
UL33	E	4h	4	PC-12	PC-12_dcDNA_4h	0.000990494688937755	0.000605210018941882	0.611017934473665	cluster_1
UL33	E	4h	4	PK-15	PK-15_dcDNA_4h	5.01705799719045e-05	8.68979935565361e-05	1.73205080756888	cluster_1
UL33	E	6h	6	C6	C6_dcDNA_6h	0.0020376762450688	0.000647489629552456	0.317758834907846	cluster_1
UL33	E	6h	6	NRK	NRK_dcDNA_6h	0.000847318294547846	0.00101960972281551	1.20333731653889	cluster_1
UL33	E	6h	6	PC-12	PC-12_dcDNA_6h	0.000558752880920505	0.000251040204571526	0.44928664020122	cluster_1
UL33	E	6h	6	PK-15	PK-15_dcDNA_6h	0.000270713640195423	0.000102466041905924	0.378503432010135	cluster_1
UL33	E	8h	8	C6	C6_dcDNA_8h	0.000813769587205015	0.000211315329583351	0.259674646123282	cluster_1
UL33	E	8h	8	NRK	NRK_dcDNA_8h	0.000812366428262503	0.00036189200886593	0.445478784296821	cluster_1
UL33	E	8h	8	PC-12	PC-12_dcDNA_8h	0.000435217064530149	9.95418408045735e-05	0.228717688062247	cluster_1
UL33	E	8h	8	PK-15	PK-15_dcDNA_8h	0.00030125359152915	2.03311575499165e-05	0.0674885150637258	cluster_1
UL34	E	0.5h	0.5	PC-12	PC-12_dcDNA_0.5h	0	0		cluster_4
UL34	E	1.5h	1.5	PC-12	PC-12_dcDNA_1.5h	0.021330199064426	0.00976978387963672	0.458025912000538	cluster_4
UL34	E	12h	12	C6	C6_dcDNA_12h	0.0245713981702884	0.00349939259599071	0.142417316741143	cluster_4
UL34	E	12h	12	NRK	NRK_dcDNA_12h	0.0172330881005074	0.0096890037599582	0.56223259020378	cluster_4
UL34	E	12h	12	PC-12	PC-12_dcDNA_12h	0.0100753205157689	0.00126200473767274	0.125257031346802	cluster_4
UL34	E	12h	12	PK-15	PK-15_dcDNA_12h	0.011611883928892	0.00507299282292859	0.43687939476438	cluster_4
UL34	E	1h	1	C6	C6_dcDNA_1h	0.0179235335814283	0.00508640538295973	0.283783627812658	cluster_4
UL34	E	1h	1	NRK	NRK_dcDNA_1h	0.0128205128205128	0.0222057795842164	1.73205080756888	cluster_4
UL34	E	1h	1	PC-12	PC-12_dcDNA_1h	0.0101467593567867	0.00991013685702153	0.976679992947015	cluster_4
UL34	E	1h	1	PK-15	PK-15_dcDNA_1h	0	0		cluster_4
UL34	E	2.5h	2.5	PC-12	PC-12_dcDNA_2.5h	0.0242616614797066	0.00566291949736131	0.233410209853023	cluster_4
UL34	E	2h	2	C6	C6_dcDNA_2h	0.00687916468348406	0.0023243485043168	0.337882375442653	cluster_4
UL34	E	2h	2	NRK	NRK_dcDNA_2h	0.0326970846515626	0.0127867249218016	0.391066208442241	cluster_4
UL34	E	2h	2	PC-12	PC-12_dcDNA_2h	0.0343468177652459	0.0198110264597386	0.576793652184704	cluster_4
UL34	E	2h	2	PK-15	PK-15_dcDNA_2h	0.015600287212117	0.0107174692628329	0.687004611973327	cluster_4
UL34	E	4h	4	C6	C6_dcDNA_4h	0.0250075622384566	0.00216092074564374	0.0864106914955782	cluster_4
UL34	E	4h	4	NRK	NRK_dcDNA_4h	0.0243959553274069	0.00174321607000323	0.0714551263358344	cluster_4
UL34	E	4h	4	PC-12	PC-12_dcDNA_4h	0.0163355211479283	0.00455953382642124	0.279117745012959	cluster_4
UL34	E	4h	4	PK-15	PK-15_dcDNA_4h	0.0222269875028473	0.00524940725755985	0.236172682280377	cluster_4
UL34	E	6h	6	C6	C6_dcDNA_6h	0.0214312527171234	0.00240546726809104	0.112241094808662	cluster_4
UL34	E	6h	6	NRK	NRK_dcDNA_6h	0.014159372126568	0.00208412875831166	0.14719076098022	cluster_4
UL34	E	6h	6	PC-12	PC-12_dcDNA_6h	0.0152618356954805	0.00120777305464684	0.0791368141254787	cluster_4
UL34	E	6h	6	PK-15	PK-15_dcDNA_6h	0.0105575105423714	0.00143973622895255	0.136370806656961	cluster_4
UL34	E	8h	8	C6	C6_dcDNA_8h	0.0158488453386544	0.00258842890952479	0.163319715361962	cluster_4
UL34	E	8h	8	NRK	NRK_dcDNA_8h	0.0185932754437364	0.00653852665530913	0.35166082894296	cluster_4
UL34	E	8h	8	PC-12	PC-12_dcDNA_8h	0.0165749174843018	0.0087359541202547	0.527058679388816	cluster_4
UL34	E	8h	8	PK-15	PK-15_dcDNA_8h	0.0134949175305984	0.00283984283201519	0.210437953813064	cluster_4
UL35	L	0.5h	0.5	PC-12	PC-12_dcDNA_0.5h	0	0		cluster_1
UL35	L	1.5h	1.5	PC-12	PC-12_dcDNA_1.5h	0.00421940928270042	0.00730823125556488	1.73205080756888	cluster_1
UL35	L	12h	12	C6	C6_dcDNA_12h	0.100252112083668	0.029733442183914	0.296586690952698	cluster_1
UL35	L	12h	12	NRK	NRK_dcDNA_12h	0.127905351191101	0.0149392139386439	0.116798975175976	cluster_1
UL35	L	12h	12	PC-12	PC-12_dcDNA_12h	0.122526943240456	0.00471822640239311	0.0385076643357837	cluster_1
UL35	L	12h	12	PK-15	PK-15_dcDNA_12h	0.0976522416456511	0.0101574081119832	0.104016128465757	cluster_1
UL35	L	1h	1	C6	C6_dcDNA_1h	0.00189393939393939	0.00328039925675924	1.73205080756888	cluster_1
UL35	L	1h	1	NRK	NRK_dcDNA_1h	0	0		cluster_1
UL35	L	1h	1	PC-12	PC-12_dcDNA_1h	0	0		cluster_1
UL35	L	1h	1	PK-15	PK-15_dcDNA_1h	0	0		cluster_1
UL35	L	2.5h	2.5	PC-12	PC-12_dcDNA_2.5h	0.021190797506587	0.0104440680536173	0.492858659537041	cluster_1
UL35	L	2h	2	C6	C6_dcDNA_2h	0.00403825559257496	0.00169330366151586	0.419315623466056	cluster_1
UL35	L	2h	2	NRK	NRK_dcDNA_2h	0.00709219858156028	0.0122840482806303	1.73205080756888	cluster_1
UL35	L	2h	2	PC-12	PC-12_dcDNA_2h	0.00944330938246443	0.00160513214378417	0.169975596348118	cluster_1
UL35	L	2h	2	PK-15	PK-15_dcDNA_2h	0.0149750415973378	0.0259375328920464	1.73205080756888	cluster_1
UL35	L	4h	4	C6	C6_dcDNA_4h	0.0219309692228705	0.00132829484692301	0.0605670836260994	cluster_1
UL35	L	4h	4	NRK	NRK_dcDNA_4h	0.044461826483606	0.00672863073812747	0.151335005110698	cluster_1
UL35	L	4h	4	PC-12	PC-12_dcDNA_4h	0.0315190200035861	0.00156784387000729	0.0497427860964238	cluster_1
UL35	L	4h	4	PK-15	PK-15_dcDNA_4h	0.0347451766560323	0.00323459316370253	0.0930947393281121	cluster_1
UL35	L	6h	6	C6	C6_dcDNA_6h	0.0297764913338793	0.00524617306987494	0.176185065293637	cluster_1
UL35	L	6h	6	NRK	NRK_dcDNA_6h	0.0710623659972131	0.00996971236506687	0.1402952494638	cluster_1
UL35	L	6h	6	PC-12	PC-12_dcDNA_6h	0.0513147151594838	0.00439603618946147	0.0856681397489744	cluster_1
UL35	L	6h	6	PK-15	PK-15_dcDNA_6h	0.0664646120327598	0.0132476220951262	0.199318429611784	cluster_1
UL35	L	8h	8	C6	C6_dcDNA_8h	0.0635556790579387	0.0121197343623361	0.190694750523986	cluster_1
UL35	L	8h	8	NRK	NRK_dcDNA_8h	0.0617947786749905	0.00968850321324859	0.156785143032962	cluster_1
UL35	L	8h	8	PC-12	PC-12_dcDNA_8h	0.0941730148695654	0.00793103257854889	0.0842176773201303	cluster_1
UL35	L	8h	8	PK-15	PK-15_dcDNA_8h	0.0792306652853067	0.0027375114357268	0.0345511605370108	cluster_1
UL36	L	0.5h	0.5	PC-12	PC-12_dcDNA_0.5h	0	0		cluster_6
UL36	L	1.5h	1.5	PC-12	PC-12_dcDNA_1.5h	0	0		cluster_6
UL36	L	12h	12	C6	C6_dcDNA_12h	0.0011639484253205	0.000396060586175815	0.340273312425125	cluster_6
UL36	L	12h	12	NRK	NRK_dcDNA_12h	0.00011778959044957	4.74288954361287e-05	0.402657783723553	cluster_6
UL36	L	12h	12	PC-12	PC-12_dcDNA_12h	0.000988724289875039	0.00025740823018529	0.260343791308923	cluster_6
UL36	L	12h	12	PK-15	PK-15_dcDNA_12h	0.000486904625007605	0.00014602957460864	0.299914125084269	cluster_6
UL36	L	1h	1	C6	C6_dcDNA_1h	0	0		cluster_6
UL36	L	1h	1	NRK	NRK_dcDNA_1h	0	0		cluster_6
UL36	L	1h	1	PC-12	PC-12_dcDNA_1h	0	0		cluster_6
UL36	L	1h	1	PK-15	PK-15_dcDNA_1h	0	0		cluster_6
UL36	L	2.5h	2.5	PC-12	PC-12_dcDNA_2.5h	0	0		cluster_6
UL36	L	2h	2	C6	C6_dcDNA_2h	0	0		cluster_6
UL36	L	2h	2	NRK	NRK_dcDNA_2h	0	0		cluster_6
UL36	L	2h	2	PC-12	PC-12_dcDNA_2h	0	0		cluster_6
UL36	L	2h	2	PK-15	PK-15_dcDNA_2h	0	0		cluster_6
UL36	L	4h	4	C6	C6_dcDNA_4h	0.000609384521633151	0.00105548495281467	1.73205080756888	cluster_6
UL36	L	4h	4	NRK	NRK_dcDNA_4h	0	0		cluster_6
UL36	L	4h	4	PC-12	PC-12_dcDNA_4h	0.000612745098039216	0.00106130564189269	1.73205080756888	cluster_6
UL36	L	4h	4	PK-15	PK-15_dcDNA_4h	6.2445360309729e-05	0.000108158536753396	1.73205080756888	cluster_6
UL36	L	6h	6	C6	C6_dcDNA_6h	0.000115580212667591	0.000200190800689884	1.73205080756888	cluster_6
UL36	L	6h	6	NRK	NRK_dcDNA_6h	0	0		cluster_6
UL36	L	6h	6	PC-12	PC-12_dcDNA_6h	0.000191749381224361	0.000207670639975454	1.08303160432348	cluster_6
UL36	L	6h	6	PK-15	PK-15_dcDNA_6h	0.000178467419228897	2.11811518504727e-05	0.118683577887717	cluster_6
UL36	L	8h	8	C6	C6_dcDNA_8h	0.000442049501731754	0.000259389440598085	0.586788220735261	cluster_6
UL36	L	8h	8	NRK	NRK_dcDNA_8h	0.000158052789631737	0.000273755461920164	1.73205080756888	cluster_6
UL36	L	8h	8	PC-12	PC-12_dcDNA_8h	0.000779226540588937	0.000328070690216689	0.421020939518737	cluster_6
UL36	L	8h	8	PK-15	PK-15_dcDNA_8h	0.00071016392572351	0.000179868281897022	0.253277131352136	cluster_6
UL37	L	0.5h	0.5	PC-12	PC-12_dcDNA_0.5h	0	0		cluster_1
UL37	L	1.5h	1.5	PC-12	PC-12_dcDNA_1.5h	0	0		cluster_1
UL37	L	12h	12	C6	C6_dcDNA_12h	0.00397283868726881	0.00129011368637984	0.324733468417454	cluster_1
UL37	L	12h	12	NRK	NRK_dcDNA_12h	0.000468710358020285	0.000356014112267426	0.759561008574975	cluster_1
UL37	L	12h	12	PC-12	PC-12_dcDNA_12h	0.00125909090998904	0.000434818698084308	0.345343370073327	cluster_1
UL37	L	12h	12	PK-15	PK-15_dcDNA_12h	0.000844515868973246	0.000147169000240569	0.174264339661841	cluster_1
UL37	L	1h	1	C6	C6_dcDNA_1h	0	0		cluster_1
UL37	L	1h	1	NRK	NRK_dcDNA_1h	0	0		cluster_1
UL37	L	1h	1	PC-12	PC-12_dcDNA_1h	0	0		cluster_1
UL37	L	1h	1	PK-15	PK-15_dcDNA_1h	0	0		cluster_1
UL37	L	2.5h	2.5	PC-12	PC-12_dcDNA_2.5h	0	0		cluster_1
UL37	L	2h	2	C6	C6_dcDNA_2h	0	0		cluster_1
UL37	L	2h	2	NRK	NRK_dcDNA_2h	0.00709219858156028	0.0122840482806303	1.73205080756888	cluster_1
UL37	L	2h	2	PC-12	PC-12_dcDNA_2h	0.00128700128700129	0.00222915161849276	1.73205080756888	cluster_1
UL37	L	2h	2	PK-15	PK-15_dcDNA_2h	0	0		cluster_1
UL37	L	4h	4	C6	C6_dcDNA_4h	0.00124843945068664	0.00216236055876264	1.73205080756888	cluster_1
UL37	L	4h	4	NRK	NRK_dcDNA_4h	0.000645994832041344	0.00111889587052253	1.73205080756888	cluster_1
UL37	L	4h	4	PC-12	PC-12_dcDNA_4h	0.000718700589334483	0.00124482593615702	1.73205080756888	cluster_1
UL37	L	4h	4	PK-15	PK-15_dcDNA_4h	0.000771190114567381	0.000276887173094009	0.359038799724937	cluster_1
UL37	L	6h	6	C6	C6_dcDNA_6h	0.00209711490978435	0.00112810414560405	0.53793148879956	cluster_1
UL37	L	6h	6	NRK	NRK_dcDNA_6h	0.00058402476486412	6.76077597024753e-05	0.115761802871844	cluster_1
UL37	L	6h	6	PC-12	PC-12_dcDNA_6h	0.00155980172005949	0.000434642524900766	0.278652420568038	cluster_1
UL37	L	6h	6	PK-15	PK-15_dcDNA_6h	0.00114376176421836	0.000199984016718268	0.174847615101852	cluster_1
UL37	L	8h	8	C6	C6_dcDNA_8h	0.00185838238292164	0.000474923227168172	0.255557323149784	cluster_1
UL37	L	8h	8	NRK	NRK_dcDNA_8h	0.00109430522944285	0.00034719281461796	0.317272370885707	cluster_1
UL37	L	8h	8	PC-12	PC-12_dcDNA_8h	0.00121444360511909	0.000427612531021263	0.352105712623298	cluster_1
UL37	L	8h	8	PK-15	PK-15_dcDNA_8h	0.00149337203407594	0.00046982543549864	0.314607093730235	cluster_1
UL38	E	0.5h	0.5	PC-12	PC-12_dcDNA_0.5h	0	0		cluster_4
UL38	E	1.5h	1.5	PC-12	PC-12_dcDNA_1.5h	0.00421940928270042	0.00730823125556488	1.73205080756888	cluster_4
UL38	E	12h	12	C6	C6_dcDNA_12h	0.0160777878756769	0.00159444738025056	0.0991708183103161	cluster_4
UL38	E	12h	12	NRK	NRK_dcDNA_12h	0.0112753246420827	0.00179293456483417	0.159014008176973	cluster_4
UL38	E	12h	12	PC-12	PC-12_dcDNA_12h	0.0130548328874113	0.00220820409832793	0.169148400241668	cluster_4
UL38	E	12h	12	PK-15	PK-15_dcDNA_12h	0.0200190412523623	0.00341987372775176	0.170831044536071	cluster_4
UL38	E	1h	1	C6	C6_dcDNA_1h	0.0184693425482899	0.0075862710391094	0.410749382078672	cluster_4
UL38	E	1h	1	NRK	NRK_dcDNA_1h	0	0		cluster_4
UL38	E	1h	1	PC-12	PC-12_dcDNA_1h	0.0101467593567867	0.00991013685702153	0.976679992947015	cluster_4
UL38	E	1h	1	PK-15	PK-15_dcDNA_1h	0	0		cluster_4
UL38	E	2.5h	2.5	PC-12	PC-12_dcDNA_2.5h	0.0105001514775951	0.00443035049652167	0.421932055549391	cluster_4
UL38	E	2h	2	C6	C6_dcDNA_2h	0.00949696573060447	0.00137778124011539	0.145075941010866	cluster_4
UL38	E	2h	2	NRK	NRK_dcDNA_2h	0.0256048860700024	0.0236090512741409	0.922052580495577	cluster_4
UL38	E	2h	2	PC-12	PC-12_dcDNA_2h	0.00766454815289502	0.0041966743727152	0.547543611051624	cluster_4
UL38	E	2h	2	PK-15	PK-15_dcDNA_2h	0.0105824828384004	0.00669149319051906	0.63231788727668	cluster_4
UL38	E	4h	4	C6	C6_dcDNA_4h	0.0162991118888049	0.00441907667620286	0.271123770813434	cluster_4
UL38	E	4h	4	NRK	NRK_dcDNA_4h	0.0114094651599223	0.00358655549074756	0.314349133853	cluster_4
UL38	E	4h	4	PC-12	PC-12_dcDNA_4h	0.0158520641405627	0.00663880297478116	0.418797382846416	cluster_4
UL38	E	4h	4	PK-15	PK-15_dcDNA_4h	0.0262855907026463	0.00331331171776236	0.12605049493633	cluster_4
UL38	E	6h	6	C6	C6_dcDNA_6h	0.0185061536540354	0.00125176787615899	0.0676406291420816	cluster_4
UL38	E	6h	6	NRK	NRK_dcDNA_6h	0.00853355394697368	0.00226930131085443	0.265926872315515	cluster_4
UL38	E	6h	6	PC-12	PC-12_dcDNA_6h	0.0177326970114722	0.00144527212570147	0.0815032324054516	cluster_4
UL38	E	6h	6	PK-15	PK-15_dcDNA_6h	0.0255002066279733	0.00463418693757558	0.181731348501779	cluster_4
UL38	E	8h	8	C6	C6_dcDNA_8h	0.0160766742188011	0.0030779104138331	0.191451936634606	cluster_4
UL38	E	8h	8	NRK	NRK_dcDNA_8h	0.00952325796012273	0.00175965077218284	0.184774032117068	cluster_4
UL38	E	8h	8	PC-12	PC-12_dcDNA_8h	0.0146352940026311	0.00134937997670712	0.0922004010622903	cluster_4
UL38	E	8h	8	PK-15	PK-15_dcDNA_8h	0.0180320805740731	0.00142620970194593	0.0790929086683743	cluster_4
UL39	E	0.5h	0.5	PC-12	PC-12_dcDNA_0.5h	0	0		cluster_9
UL39	E	1.5h	1.5	PC-12	PC-12_dcDNA_1.5h	0	0		cluster_9
UL39	E	12h	12	C6	C6_dcDNA_12h	7.39623088074317e-06	1.28106476699571e-05	1.73205080756888	cluster_9
UL39	E	12h	12	NRK	NRK_dcDNA_12h	9.09057852441729e-06	1.57453438744853e-05	1.73205080756888	cluster_9
UL39	E	12h	12	PC-12	PC-12_dcDNA_12h	1.11051883439943e-05	1.92347504394198e-05	1.73205080756888	cluster_9
UL39	E	12h	12	PK-15	PK-15_dcDNA_12h	7.31491437892719e-06	1.2669803357318e-05	1.73205080756888	cluster_9
UL39	E	1h	1	C6	C6_dcDNA_1h	0	0		cluster_9
UL39	E	1h	1	NRK	NRK_dcDNA_1h	0	0		cluster_9
UL39	E	1h	1	PC-12	PC-12_dcDNA_1h	0	0		cluster_9
UL39	E	1h	1	PK-15	PK-15_dcDNA_1h	0	0		cluster_9
UL39	E	2.5h	2.5	PC-12	PC-12_dcDNA_2.5h	0	0		cluster_9
UL39	E	2h	2	C6	C6_dcDNA_2h	0	0		cluster_9
UL39	E	2h	2	NRK	NRK_dcDNA_2h	0	0		cluster_9
UL39	E	2h	2	PC-12	PC-12_dcDNA_2h	0	0		cluster_9
UL39	E	2h	2	PK-15	PK-15_dcDNA_2h	0	0		cluster_9
UL39	E	4h	4	C6	C6_dcDNA_4h	0	0		cluster_9
UL39	E	4h	4	NRK	NRK_dcDNA_4h	0	0		cluster_9
UL39	E	4h	4	PC-12	PC-12_dcDNA_4h	0	0		cluster_9
UL39	E	4h	4	PK-15	PK-15_dcDNA_4h	0	0		cluster_9
UL39	E	6h	6	C6	C6_dcDNA_6h	0.00015220700152207	0.000263630259903939	1.73205080756888	cluster_9
UL39	E	6h	6	NRK	NRK_dcDNA_6h	0	0		cluster_9
UL39	E	6h	6	PC-12	PC-12_dcDNA_6h	0	0		cluster_9
UL39	E	6h	6	PK-15	PK-15_dcDNA_6h	0	0		cluster_9
UL39	E	8h	8	C6	C6_dcDNA_8h	0	0		cluster_9
UL39	E	8h	8	NRK	NRK_dcDNA_8h	0	0		cluster_9
UL39	E	8h	8	PC-12	PC-12_dcDNA_8h	4.21336479312379e-05	5.95859763366097e-05	1.4142135623731	cluster_9
UL39	E	8h	8	PK-15	PK-15_dcDNA_8h	5.71108750528276e-06	9.89189372562152e-06	1.73205080756888	cluster_9
UL40	E	0.5h	0.5	PC-12	PC-12_dcDNA_0.5h	0.133928571428571	0.0126269068069026	0.0942809041582063	cluster_4
UL40	E	1.5h	1.5	PC-12	PC-12_dcDNA_1.5h	0.0983193833962192	0.0363839839930744	0.370059114858867	cluster_4
UL40	E	12h	12	C6	C6_dcDNA_12h	0.0256565035142884	0.00342767925879788	0.133598845878939	cluster_4
UL40	E	12h	12	NRK	NRK_dcDNA_12h	0.0189374793792514	0.0102627357421773	0.541927229947061	cluster_4
UL40	E	12h	12	PC-12	PC-12_dcDNA_12h	0.0143898811957641	0.00163702660734418	0.113762343488011	cluster_4
UL40	E	12h	12	PK-15	PK-15_dcDNA_12h	0.00387025860817127	0.00109528149111854	0.282999562046339	cluster_4
UL40	E	1h	1	C6	C6_dcDNA_1h	0.0671389331915648	0.0235317596604632	0.350493499700405	cluster_4
UL40	E	1h	1	NRK	NRK_dcDNA_1h	0.123809523809524	0.156709358780041	1.26572943630033	cluster_4
UL40	E	1h	1	PC-12	PC-12_dcDNA_1h	0.0751793436035436	0.0432812917044933	0.57570723060228	cluster_4
UL40	E	1h	1	PK-15	PK-15_dcDNA_1h	0.0416268133269568	0.017216677349541	0.413595852613388	cluster_4
UL40	E	2.5h	2.5	PC-12	PC-12_dcDNA_2.5h	0.0936670889678408	0.0128399949404062	0.137081178478971	cluster_4
UL40	E	2h	2	C6	C6_dcDNA_2h	0.0616893741075678	0.0131993546285863	0.213964800576038	cluster_4
UL40	E	2h	2	NRK	NRK_dcDNA_2h	0.136768476451802	0.050872314189559	0.37195935429965	cluster_4
UL40	E	2h	2	PC-12	PC-12_dcDNA_2h	0.0629440696634686	0.00903439745489282	0.143530558211367	cluster_4
UL40	E	2h	2	PK-15	PK-15_dcDNA_2h	0.0853087298796064	0.0473509163936367	0.555053585494259	cluster_4
UL40	E	4h	4	C6	C6_dcDNA_4h	0.0409892166911594	0.0187007037889747	0.456234719728325	cluster_4
UL40	E	4h	4	NRK	NRK_dcDNA_4h	0.084407257415208	0.0096915195769111	0.114818557949792	cluster_4
UL40	E	4h	4	PC-12	PC-12_dcDNA_4h	0.0241574999108707	0.00481878465216751	0.199473648761108	cluster_4
UL40	E	4h	4	PK-15	PK-15_dcDNA_4h	0.0659686249000468	0.00426706331810745	0.064683223647192	cluster_4
UL40	E	6h	6	C6	C6_dcDNA_6h	0.0270090093169062	0.00171915881143969	0.0636513095044767	cluster_4
UL40	E	6h	6	NRK	NRK_dcDNA_6h	0.0364630947289227	0.00516297935990789	0.141594656139063	cluster_4
UL40	E	6h	6	PC-12	PC-12_dcDNA_6h	0.0185949327819851	0.000608019870921567	0.0326981483638715	cluster_4
UL40	E	6h	6	PK-15	PK-15_dcDNA_6h	0.0265851888460235	0.00178226309260264	0.0670397002979809	cluster_4
UL40	E	8h	8	C6	C6_dcDNA_8h	0.0563057993063932	0.00260139281045327	0.0462011523235387	cluster_4
UL40	E	8h	8	NRK	NRK_dcDNA_8h	0.0376693134001098	0.00705220232998638	0.187213455554139	cluster_4
UL40	E	8h	8	PC-12	PC-12_dcDNA_8h	0.0336222667582857	0.00214563861743879	0.0638160012489353	cluster_4
UL40	E	8h	8	PK-15	PK-15_dcDNA_8h	0.0217553164587521	0.00302261478509514	0.138936833708027	cluster_4
UL41	L	0.5h	0.5	PC-12	PC-12_dcDNA_0.5h	0	0		cluster_10
UL41	L	1.5h	1.5	PC-12	PC-12_dcDNA_1.5h	0.0177840997736458	0.00453541663541243	0.255026495191702	cluster_10
UL41	L	12h	12	C6	C6_dcDNA_12h	0.00453569503844356	0.00152679754522819	0.336618210062049	cluster_10
UL41	L	12h	12	NRK	NRK_dcDNA_12h	0.00468327914916391	0.000360760309739803	0.0770315623411448	cluster_10
UL41	L	12h	12	PC-12	PC-12_dcDNA_12h	0.00315503976604085	0.000622877893328114	0.197423151375915	cluster_10
UL41	L	12h	12	PK-15	PK-15_dcDNA_12h	0.00334360775844542	0.000545405712522212	0.163118927794268	cluster_10
UL41	L	1h	1	C6	C6_dcDNA_1h	0.0262666135034556	0.00902778274287203	0.343698008183824	cluster_10
UL41	L	1h	1	NRK	NRK_dcDNA_1h	0	0		cluster_10
UL41	L	1h	1	PC-12	PC-12_dcDNA_1h	0.0417988950576595	0.0217031705830844	0.519228332546732	cluster_10
UL41	L	1h	1	PK-15	PK-15_dcDNA_1h	0.0260640841702535	0.0245619466115155	0.942367529627134	cluster_10
UL41	L	2.5h	2.5	PC-12	PC-12_dcDNA_2.5h	0.0146898840507863	0.00830717044817348	0.565502792224478	cluster_10
UL41	L	2h	2	C6	C6_dcDNA_2h	0.014955675868634	0.00106225881871492	0.0710271356537457	cluster_10
UL41	L	2h	2	NRK	NRK_dcDNA_2h	0.00387596899224806	0.00671337522313518	1.73205080756888	cluster_10
UL41	L	2h	2	PC-12	PC-12_dcDNA_2h	0.00762677895557978	0.00213116958340697	0.279432457111897	cluster_10
UL41	L	2h	2	PK-15	PK-15_dcDNA_2h	0.0135754643081142	0.00921731562523137	0.678968720040175	cluster_10
UL41	L	4h	4	C6	C6_dcDNA_4h	0.00624124185569874	0.00282085578998754	0.45197027373837	cluster_10
UL41	L	4h	4	NRK	NRK_dcDNA_4h	0.00861080636107386	0.00521449956255327	0.605576219449785	cluster_10
UL41	L	4h	4	PC-12	PC-12_dcDNA_4h	0.00666261166336431	0.00142997433496417	0.214626697039416	cluster_10
UL41	L	4h	4	PK-15	PK-15_dcDNA_4h	0.00808145468842646	0.00189263081200634	0.234194323296373	cluster_10
UL41	L	6h	6	C6	C6_dcDNA_6h	0.00796531945314005	0.00222796184080327	0.279707782457485	cluster_10
UL41	L	6h	6	NRK	NRK_dcDNA_6h	0.00753767780303857	0.000676414289868334	0.0897377557841035	cluster_10
UL41	L	6h	6	PC-12	PC-12_dcDNA_6h	0.00535996126953742	0.000452900245531469	0.0844969250254594	cluster_10
UL41	L	6h	6	PK-15	PK-15_dcDNA_6h	0.00846981844684262	0.00092542877746076	0.109261937935133	cluster_10
UL41	L	8h	8	C6	C6_dcDNA_8h	0.00955534494588787	0.00199715736564269	0.209009447272981	cluster_10
UL41	L	8h	8	NRK	NRK_dcDNA_8h	0.0089005546197542	0.00272851315320624	0.306555408036089	cluster_10
UL41	L	8h	8	PC-12	PC-12_dcDNA_8h	0.00703336785084916	0.000659619584086738	0.0937843147230099	cluster_10
UL41	L	8h	8	PK-15	PK-15_dcDNA_8h	0.00760514428832407	0.000284780862538189	0.0374458197953461	cluster_10
UL42	L	0.5h	0.5	PC-12	PC-12_dcDNA_0.5h	0	0		cluster_4
UL42	L	1.5h	1.5	PC-12	PC-12_dcDNA_1.5h	0.0368612162113871	0.0169145161431197	0.458870267495256	cluster_4
UL42	L	12h	12	C6	C6_dcDNA_12h	0.0104439344883361	0.00115270108389047	0.110370386292428	cluster_4
UL42	L	12h	12	NRK	NRK_dcDNA_12h	0.00834978461271049	0.00274329068425479	0.328546281311114	cluster_4
UL42	L	12h	12	PC-12	PC-12_dcDNA_12h	0.00570002927804112	0.000428729666891674	0.0752153446901262	cluster_4
UL42	L	12h	12	PK-15	PK-15_dcDNA_12h	0.00774372028809557	0.00189489884809713	0.244701355110948	cluster_4
UL42	L	1h	1	C6	C6_dcDNA_1h	0	0		cluster_4
UL42	L	1h	1	NRK	NRK_dcDNA_1h	0.0128205128205128	0.0222057795842164	1.73205080756888	cluster_4
UL42	L	1h	1	PC-12	PC-12_dcDNA_1h	0.0033003300330033	0.00571633929890719	1.73205080756888	cluster_4
UL42	L	1h	1	PK-15	PK-15_dcDNA_1h	0	0		cluster_4
UL42	L	2.5h	2.5	PC-12	PC-12_dcDNA_2.5h	0.0275505613851478	0.0183734758032867	0.666900232863917	cluster_4
UL42	L	2h	2	C6	C6_dcDNA_2h	0.0106943122322703	0.0070887370674639	0.662851141195734	cluster_4
UL42	L	2h	2	NRK	NRK_dcDNA_2h	0.0217289170777543	0.0189566626726456	0.872416356729216	cluster_4
UL42	L	2h	2	PC-12	PC-12_dcDNA_2h	0.0125468410963504	0.00342333827498631	0.272844634653267	cluster_4
UL42	L	2h	2	PK-15	PK-15_dcDNA_2h	0.00961969167111135	0.00565939705665853	0.588313768273272	cluster_4
UL42	L	4h	4	C6	C6_dcDNA_4h	0.0144561231201952	0.00501041528722441	0.346594674489514	cluster_4
UL42	L	4h	4	NRK	NRK_dcDNA_4h	0.00583675330597355	0.00581408760339935	0.996116727676154	cluster_4
UL42	L	4h	4	PC-12	PC-12_dcDNA_4h	0.0120379315265314	0.00310853589722397	0.258228408291974	cluster_4
UL42	L	4h	4	PK-15	PK-15_dcDNA_4h	0.013915165326247	0.00170114933634783	0.122251464245207	cluster_4
UL42	L	6h	6	C6	C6_dcDNA_6h	0.0123985224719774	0.00204366803189062	0.164831578642506	cluster_4
UL42	L	6h	6	NRK	NRK_dcDNA_6h	0.00739340677608122	0.00119085324705419	0.161069623668858	cluster_4
UL42	L	6h	6	PC-12	PC-12_dcDNA_6h	0.0117592109061277	0.00135136635119618	0.114919815792401	cluster_4
UL42	L	6h	6	PK-15	PK-15_dcDNA_6h	0.00992449709801759	0.000622845387343456	0.0627583827363775	cluster_4
UL42	L	8h	8	C6	C6_dcDNA_8h	0.00846518588496151	0.00182782219519739	0.215922275073078	cluster_4
UL42	L	8h	8	NRK	NRK_dcDNA_8h	0.0110051508822883	0.00280682971183652	0.255046908657458	cluster_4
UL42	L	8h	8	PC-12	PC-12_dcDNA_8h	0.00799897160696319	0.00215417652046914	0.269306684198492	cluster_4
UL42	L	8h	8	PK-15	PK-15_dcDNA_8h	0.0095634699178323	0.00177468037772362	0.185568668377835	cluster_4
UL43	L	0.5h	0.5	PC-12	PC-12_dcDNA_0.5h	0.0714285714285714	0.101015254455221	1.4142135623731	cluster_4
UL43	L	1.5h	1.5	PC-12	PC-12_dcDNA_1.5h	0.011984917856181	0.012711835874102	1.06065273259642	cluster_4
UL43	L	12h	12	C6	C6_dcDNA_12h	0.00286900310211228	0.00108098828876017	0.376781847312854	cluster_4
UL43	L	12h	12	NRK	NRK_dcDNA_12h	0.00181758244835965	0.000753780169396867	0.414715805644551	cluster_4
UL43	L	12h	12	PC-12	PC-12_dcDNA_12h	0.0018823025207587	0.000185098944815631	0.0983364484583608	cluster_4
UL43	L	12h	12	PK-15	PK-15_dcDNA_12h	0.00115707994635691	0.00052752237859381	0.455908323581898	cluster_4
UL43	L	1h	1	C6	C6_dcDNA_1h	0.00384325713273082	0.00332939472782088	0.866295075462512	cluster_4
UL43	L	1h	1	NRK	NRK_dcDNA_1h	0.0256410256410256	0.0444115591684328	1.73205080756888	cluster_4
UL43	L	1h	1	PC-12	PC-12_dcDNA_1h	0.010752688172043	0.0186242022319234	1.73205080756888	cluster_4
UL43	L	1h	1	PK-15	PK-15_dcDNA_1h	0	0		cluster_4
UL43	L	2.5h	2.5	PC-12	PC-12_dcDNA_2.5h	0.00836339934084295	0.00624473514681299	0.746674275891216	cluster_4
UL43	L	2h	2	C6	C6_dcDNA_2h	0.00665605663969538	0.00539543340594804	0.810605092175863	cluster_4
UL43	L	2h	2	NRK	NRK_dcDNA_2h	0.00505050505050505	0.00874773135135797	1.73205080756888	cluster_4
UL43	L	2h	2	PC-12	PC-12_dcDNA_2h	0.00637754686589374	0.00272983338245229	0.428038153204499	cluster_4
UL43	L	2h	2	PK-15	PK-15_dcDNA_2h	0.00703361905659152	0.00320477248480381	0.455636345815526	cluster_4
UL43	L	4h	4	C6	C6_dcDNA_4h	0	0		cluster_4
UL43	L	4h	4	NRK	NRK_dcDNA_4h	0.00227238182094543	0.00202268351942667	0.890116045104217	cluster_4
UL43	L	4h	4	PC-12	PC-12_dcDNA_4h	0.00313723648770978	0.00117435289616032	0.374327182780414	cluster_4
UL43	L	4h	4	PK-15	PK-15_dcDNA_4h	0.00517158897382364	0.000503611003920872	0.0973803228504691	cluster_4
UL43	L	6h	6	C6	C6_dcDNA_6h	0.00217307350978973	0.00128245738501816	0.590158307687554	cluster_4
UL43	L	6h	6	NRK	NRK_dcDNA_6h	0.00172961933566307	0.00106404883723086	0.615192496574942	cluster_4
UL43	L	6h	6	PC-12	PC-12_dcDNA_6h	0.00343036653467178	0.000466035405739217	0.135855862931513	cluster_4
UL43	L	6h	6	PK-15	PK-15_dcDNA_6h	0.00284117469517339	0.000662428903355259	0.233153175860886	cluster_4
UL43	L	8h	8	C6	C6_dcDNA_8h	0.00223578869366686	0.000396637780755125	0.177403965714045	cluster_4
UL43	L	8h	8	NRK	NRK_dcDNA_8h	0.00289289624111747	0.00148114279994077	0.511993060410848	cluster_4
UL43	L	8h	8	PC-12	PC-12_dcDNA_8h	0.00457374121614893	0.00246964959182882	0.539962685931814	cluster_4
UL43	L	8h	8	PK-15	PK-15_dcDNA_8h	0.00326091748064328	0.000910636180607944	0.279257658623211	cluster_4
UL44	L	0.5h	0.5	PC-12	PC-12_dcDNA_0.5h	0	0		cluster_6
UL44	L	1.5h	1.5	PC-12	PC-12_dcDNA_1.5h	0	0		cluster_6
UL44	L	12h	12	C6	C6_dcDNA_12h	0.00976142873811947	0.0016886810194012	0.172995271973529	cluster_6
UL44	L	12h	12	NRK	NRK_dcDNA_12h	0.00888089619823107	0.0054826031132395	0.617347955753784	cluster_6
UL44	L	12h	12	PC-12	PC-12_dcDNA_12h	0.00719986941054729	0.0016450044512439	0.22847698443448	cluster_6
UL44	L	12h	12	PK-15	PK-15_dcDNA_12h	0.022485270460779	0.0118663644918322	0.527739460040324	cluster_6
UL44	L	1h	1	C6	C6_dcDNA_1h	0	0		cluster_6
UL44	L	1h	1	NRK	NRK_dcDNA_1h	0	0		cluster_6
UL44	L	1h	1	PC-12	PC-12_dcDNA_1h	0.00354609929078014	0.00614202414031517	1.73205080756888	cluster_6
UL44	L	1h	1	PK-15	PK-15_dcDNA_1h	0	0		cluster_6
UL44	L	2.5h	2.5	PC-12	PC-12_dcDNA_2.5h	0.00170068027210884	0.00294566463872258	1.73205080756888	cluster_6
UL44	L	2h	2	C6	C6_dcDNA_2h	0	0		cluster_6
UL44	L	2h	2	NRK	NRK_dcDNA_2h	0	0		cluster_6
UL44	L	2h	2	PC-12	PC-12_dcDNA_2h	0	0		cluster_6
UL44	L	2h	2	PK-15	PK-15_dcDNA_2h	0.00415973377703827	0.00720487024779067	1.73205080756888	cluster_6
UL44	L	4h	4	C6	C6_dcDNA_4h	0.00818616625481063	0.00309873083869925	0.378532605159133	cluster_6
UL44	L	4h	4	NRK	NRK_dcDNA_4h	0.0011001100110011	0.00190544643296906	1.73205080756888	cluster_6
UL44	L	4h	4	PC-12	PC-12_dcDNA_4h	0.00314984572780224	0.0012375843329502	0.392903157772654	cluster_6
UL44	L	4h	4	PK-15	PK-15_dcDNA_4h	0.00153381949543274	0.00086576315208128	0.564449177141944	cluster_6
UL44	L	6h	6	C6	C6_dcDNA_6h	0.00705119554802921	0.00361160748853566	0.512197890972559	cluster_6
UL44	L	6h	6	NRK	NRK_dcDNA_6h	0.00290889634485596	0.000571925807249917	0.196612645982144	cluster_6
UL44	L	6h	6	PC-12	PC-12_dcDNA_6h	0.00682505033205614	0.0012464856622355	0.182633915002936	cluster_6
UL44	L	6h	6	PK-15	PK-15_dcDNA_6h	0.0039197113950644	0.000268445198293658	0.0684859601223899	cluster_6
UL44	L	8h	8	C6	C6_dcDNA_8h	0.00393359289532138	0.000285241092002026	0.0725141364632046	cluster_6
UL44	L	8h	8	NRK	NRK_dcDNA_8h	0.00578579248223494	0.00296228559988154	0.511993060410848	cluster_6
UL44	L	8h	8	PC-12	PC-12_dcDNA_8h	0.00819723493823539	0.00759404355677726	0.926415262463127	cluster_6
UL44	L	8h	8	PK-15	PK-15_dcDNA_8h	0.0100898938644643	0.00295898021790631	0.293261778335209	cluster_6
UL26.5	L	0.5h	0.5	PC-12	PC-12_dcDNA_0.5h	0.267857142857143	0.0252538136138053	0.0942809041582063	cluster_4
UL26.5	L	1.5h	1.5	PC-12	PC-12_dcDNA_1.5h	0.0485131833660619	0.0266807418607193	0.549968895246404	cluster_4
UL26.5	L	12h	12	C6	C6_dcDNA_12h	0.0965917969584858	0.00078762218018349	0.00815413114761704	cluster_4
UL26.5	L	12h	12	NRK	NRK_dcDNA_12h	0.0626315059611156	0.004936992687465	0.0788260255234818	cluster_4
UL26.5	L	12h	12	PC-12	PC-12_dcDNA_12h	0.036699795295429	0.00221548143968885	0.0603676783985983	cluster_4
UL26.5	L	12h	12	PK-15	PK-15_dcDNA_12h	0.0469696091367095	0.0143825777041679	0.306210291473919	cluster_4
UL26.5	L	1h	1	C6	C6_dcDNA_1h	0.106517366648946	0.0128761143760007	0.12088277039778	cluster_4
UL26.5	L	1h	1	NRK	NRK_dcDNA_1h	0.0571428571428571	0.0515078753637713	0.901387818865997	cluster_4
UL26.5	L	1h	1	PC-12	PC-12_dcDNA_1h	0.0461966924214728	0.0451632118234227	0.97762868846494	cluster_4
UL26.5	L	1h	1	PK-15	PK-15_dcDNA_1h	0.0179340028694405	0.0157329355806753	0.877268487978452	cluster_4
UL26.5	L	2.5h	2.5	PC-12	PC-12_dcDNA_2.5h	0.0558963801445005	0.00685680859450743	0.12266999359854	cluster_4
UL26.5	L	2h	2	C6	C6_dcDNA_2h	0.116663196097097	0.0645453700044896	0.553262486918065	cluster_4
UL26.5	L	2h	2	NRK	NRK_dcDNA_2h	0.0434578341555086	0.0379133253452913	0.872416356729216	cluster_4
UL26.5	L	2h	2	PC-12	PC-12_dcDNA_2h	0.0605963985504209	0.0134942188410477	0.222690113007615	cluster_4
UL26.5	L	2h	2	PK-15	PK-15_dcDNA_2h	0.0586538039278096	0.019171040291423	0.326850758307482	cluster_4
UL26.5	L	4h	4	C6	C6_dcDNA_4h	0.0586216391960625	0.0138674235883655	0.236558100021484	cluster_4
UL26.5	L	4h	4	NRK	NRK_dcDNA_4h	0.0533632364604449	0.014244729923764	0.266939017732232	cluster_4
UL26.5	L	4h	4	PC-12	PC-12_dcDNA_4h	0.0353057139943862	0.0051066615379094	0.144641219795792	cluster_4
UL26.5	L	4h	4	PK-15	PK-15_dcDNA_4h	0.0394104911283521	0.00840061947266399	0.213156934413855	cluster_4
UL26.5	L	6h	6	C6	C6_dcDNA_6h	0.0547314681083492	0.00180476334512101	0.0329748754692311	cluster_4
UL26.5	L	6h	6	NRK	NRK_dcDNA_6h	0.0374026405265798	0.00438019305917389	0.117109193295087	cluster_4
UL26.5	L	6h	6	PC-12	PC-12_dcDNA_6h	0.0374676882150936	0.00179026833058664	0.0477816597679876	cluster_4
UL26.5	L	6h	6	PK-15	PK-15_dcDNA_6h	0.0376580766335252	0.0104766904340903	0.278205669823386	cluster_4
UL26.5	L	8h	8	C6	C6_dcDNA_8h	0.0579050586926601	0.00553981796891661	0.0956707081210303	cluster_4
UL26.5	L	8h	8	NRK	NRK_dcDNA_8h	0.0712991457241289	0.00567243115464432	0.0795581924163877	cluster_4
UL26.5	L	8h	8	PC-12	PC-12_dcDNA_8h	0.039452558327126	0.0160663444054141	0.407232004378473	cluster_4
UL26.5	L	8h	8	PK-15	PK-15_dcDNA_8h	0.0444509157213414	0.00584384525998325	0.13146737620925	cluster_4
UL26	L	0.5h	0.5	PC-12	PC-12_dcDNA_0.5h	0	0		cluster_1
UL26	L	1.5h	1.5	PC-12	PC-12_dcDNA_1.5h	0	0		cluster_1
UL26	L	12h	12	C6	C6_dcDNA_12h	0.0111233064027574	0.00108487128755718	0.0975313677674342	cluster_1
UL26	L	12h	12	NRK	NRK_dcDNA_12h	0.0057287842271145	0.00215926519872018	0.376915085839735	cluster_1
UL26	L	12h	12	PC-12	PC-12_dcDNA_12h	0.00426588995376581	0.000453734217265425	0.106363319772204	cluster_1
UL26	L	12h	12	PK-15	PK-15_dcDNA_12h	0.00547554005980894	0.00218424282233639	0.398909111882674	cluster_1
UL26	L	1h	1	C6	C6_dcDNA_1h	0.00194931773879142	0.00337631736368202	1.73205080756888	cluster_1
UL26	L	1h	1	NRK	NRK_dcDNA_1h	0	0		cluster_1
UL26	L	1h	1	PC-12	PC-12_dcDNA_1h	0.00354609929078014	0.00614202414031517	1.73205080756888	cluster_1
UL26	L	1h	1	PK-15	PK-15_dcDNA_1h	0	0		cluster_1
UL26	L	2.5h	2.5	PC-12	PC-12_dcDNA_2.5h	0.00106837606837607	0.00185048163201803	1.73205080756888	cluster_1
UL26	L	2h	2	C6	C6_dcDNA_2h	0.00403825559257496	0.00169330366151586	0.419315623466056	cluster_1
UL26	L	2h	2	NRK	NRK_dcDNA_2h	0	0		cluster_1
UL26	L	2h	2	PC-12	PC-12_dcDNA_2h	0.0032740151520078	0.000569044958138469	0.173806452236332	cluster_1
UL26	L	2h	2	PK-15	PK-15_dcDNA_2h	0.00190721557261196	0.00169154251742702	0.886917316384132	cluster_1
UL26	L	4h	4	C6	C6_dcDNA_4h	0.00625607705940891	0.00431409915051747	0.689585359890864	cluster_1
UL26	L	4h	4	NRK	NRK_dcDNA_4h	0.00480699916776903	0.00251046313874176	0.522251627496513	cluster_1
UL26	L	4h	4	PC-12	PC-12_dcDNA_4h	0.00802457287000724	0.00218347536837945	0.272098640482217	cluster_1
UL26	L	4h	4	PK-15	PK-15_dcDNA_4h	0.00314084918392826	0.000344950985143927	0.109827299861783	cluster_1
UL26	L	6h	6	C6	C6_dcDNA_6h	0.00690798550937481	0.000502415288730552	0.0727296384812513	cluster_1
UL26	L	6h	6	NRK	NRK_dcDNA_6h	0.00435146688373256	0.00142514253701065	0.32750853334961	cluster_1
UL26	L	6h	6	PC-12	PC-12_dcDNA_6h	0.00749581857429615	0.00143406409471569	0.191315208672902	cluster_1
UL26	L	6h	6	PK-15	PK-15_dcDNA_6h	0.00380752020415753	0.00104413934828539	0.274230809634384	cluster_1
UL26	L	8h	8	C6	C6_dcDNA_8h	0.00429244580476959	0.000222556347973971	0.0518483769152485	cluster_1
UL26	L	8h	8	NRK	NRK_dcDNA_8h	0.00413325210849224	0.00100163977958012	0.242336966942358	cluster_1
UL26	L	8h	8	PC-12	PC-12_dcDNA_8h	0.00531777440141552	0.00248997534442814	0.468236362897483	cluster_1
UL26	L	8h	8	PK-15	PK-15_dcDNA_8h	0.00518746556767979	0.00168529436683884	0.324878178920159	cluster_1
UL25	L	0.5h	0.5	PC-12	PC-12_dcDNA_0.5h	0	0		cluster_6
UL25	L	1.5h	1.5	PC-12	PC-12_dcDNA_1.5h	0	0		cluster_6
UL25	L	12h	12	C6	C6_dcDNA_12h	4.80239936211192e-05	2.69583671072265e-05	0.561352046643851	cluster_6
UL25	L	12h	12	NRK	NRK_dcDNA_12h	0	0		cluster_6
UL25	L	12h	12	PC-12	PC-12_dcDNA_12h	2.60930552845859e-05	3.05089551294823e-05	1.16923659558967	cluster_6
UL25	L	12h	12	PK-15	PK-15_dcDNA_12h	1.87234298908562e-05	5.81556064807558e-06	0.310603382071342	cluster_6
UL25	L	1h	1	C6	C6_dcDNA_1h	0	0		cluster_6
UL25	L	1h	1	NRK	NRK_dcDNA_1h	0	0		cluster_6
UL25	L	1h	1	PC-12	PC-12_dcDNA_1h	0	0		cluster_6
UL25	L	1h	1	PK-15	PK-15_dcDNA_1h	0	0		cluster_6
UL25	L	2.5h	2.5	PC-12	PC-12_dcDNA_2.5h	0	0		cluster_6
UL25	L	2h	2	C6	C6_dcDNA_2h	0	0		cluster_6
UL25	L	2h	2	NRK	NRK_dcDNA_2h	0	0		cluster_6
UL25	L	2h	2	PC-12	PC-12_dcDNA_2h	0	0		cluster_6
UL25	L	2h	2	PK-15	PK-15_dcDNA_2h	0	0		cluster_6
UL25	L	4h	4	C6	C6_dcDNA_4h	0	0		cluster_6
UL25	L	4h	4	NRK	NRK_dcDNA_4h	0	0		cluster_6
UL25	L	4h	4	PC-12	PC-12_dcDNA_4h	0	0		cluster_6
UL25	L	4h	4	PK-15	PK-15_dcDNA_4h	0	0		cluster_6
UL25	L	6h	6	C6	C6_dcDNA_6h	0.000115580212667591	0.000200190800689884	1.73205080756888	cluster_6
UL25	L	6h	6	NRK	NRK_dcDNA_6h	0	0		cluster_6
UL25	L	6h	6	PC-12	PC-12_dcDNA_6h	0	0		cluster_6
UL25	L	6h	6	PK-15	PK-15_dcDNA_6h	0	0		cluster_6
UL25	L	8h	8	C6	C6_dcDNA_8h	4.88114414018646e-05	8.45438964987005e-05	1.73205080756888	cluster_6
UL25	L	8h	8	NRK	NRK_dcDNA_8h	0	0		cluster_6
UL25	L	8h	8	PC-12	PC-12_dcDNA_8h	8.42672958624758e-05	0.000119171952673219	1.4142135623731	cluster_6
UL25	L	8h	8	PK-15	PK-15_dcDNA_8h	2.78745350935514e-05	2.03751191688373e-05	0.730958170260245	cluster_6
UL24	L	0.5h	0.5	PC-12	PC-12_dcDNA_0.5h	0	0		cluster_8
UL24	L	1.5h	1.5	PC-12	PC-12_dcDNA_1.5h	0	0		cluster_8
UL24	L	12h	12	C6	C6_dcDNA_12h	0.00173987612161881	0.000392148298921698	0.225388632011822	cluster_8
UL24	L	12h	12	NRK	NRK_dcDNA_12h	0.000708409685739699	0.000309397075105275	0.436748792871475	cluster_8
UL24	L	12h	12	PC-12	PC-12_dcDNA_12h	0.00101504077652695	0.000106771877087519	0.105189741689835	cluster_8
UL24	L	12h	12	PK-15	PK-15_dcDNA_12h	0.000346291286036132	9.53185182604315e-06	0.0275255318583113	cluster_8
UL24	L	1h	1	C6	C6_dcDNA_1h	0	0		cluster_8
UL24	L	1h	1	NRK	NRK_dcDNA_1h	0	0		cluster_8
UL24	L	1h	1	PC-12	PC-12_dcDNA_1h	0	0		cluster_8
UL24	L	1h	1	PK-15	PK-15_dcDNA_1h	0	0		cluster_8
UL24	L	2.5h	2.5	PC-12	PC-12_dcDNA_2.5h	0	0		cluster_8
UL24	L	2h	2	C6	C6_dcDNA_2h	0	0		cluster_8
UL24	L	2h	2	NRK	NRK_dcDNA_2h	0	0		cluster_8
UL24	L	2h	2	PC-12	PC-12_dcDNA_2h	0	0		cluster_8
UL24	L	2h	2	PK-15	PK-15_dcDNA_2h	0	0		cluster_8
UL24	L	4h	4	C6	C6_dcDNA_4h	0.000609384521633151	0.00105548495281467	1.73205080756888	cluster_8
UL24	L	4h	4	NRK	NRK_dcDNA_4h	0	0		cluster_8
UL24	L	4h	4	PC-12	PC-12_dcDNA_4h	0.000584406628110494	0.000655804822939281	1.12217211680099	cluster_8
UL24	L	4h	4	PK-15	PK-15_dcDNA_4h	0.0011165272104937	0.00114216412531578	1.02296129873157	cluster_8
UL24	L	6h	6	C6	C6_dcDNA_6h	0.000465025872966782	0.000122703750785885	0.263864352327446	cluster_8
UL24	L	6h	6	NRK	NRK_dcDNA_6h	0.000187687687687688	0.000325084611030195	1.73205080756888	cluster_8
UL24	L	6h	6	PC-12	PC-12_dcDNA_6h	0.000613059386839914	0.00018418078807084	0.300428950317883	cluster_8
UL24	L	6h	6	PK-15	PK-15_dcDNA_6h	0.00103113193519513	0.000488291991035818	0.473549479333517	cluster_8
UL24	L	8h	8	C6	C6_dcDNA_8h	0.000470748427341477	0.000112253822414664	0.238458199528379	cluster_8
UL24	L	8h	8	NRK	NRK_dcDNA_8h	0.000233275970629535	0.000231397805766553	0.991948742693416	cluster_8
UL24	L	8h	8	PC-12	PC-12_dcDNA_8h	0.000645885304186338	0.000397471722487622	0.615390565339371	cluster_8
UL24	L	8h	8	PK-15	PK-15_dcDNA_8h	0.000913152651874989	0.00014317242720479	0.156789149011189	cluster_8
UL23	L	0.5h	0.5	PC-12	PC-12_dcDNA_0.5h	0	0		cluster_4
UL23	L	1.5h	1.5	PC-12	PC-12_dcDNA_1.5h	0.0883238895614726	0.017849402350085	0.20209031145149	cluster_4
UL23	L	12h	12	C6	C6_dcDNA_12h	0.00513792127708331	0.00157890594569643	0.307304425378962	cluster_4
UL23	L	12h	12	NRK	NRK_dcDNA_12h	0.0102688158874429	0.000934602766670028	0.0910136842372347	cluster_4
UL23	L	12h	12	PC-12	PC-12_dcDNA_12h	0.0026667148362948	0.000507605227984439	0.190348522112592	cluster_4
UL23	L	12h	12	PK-15	PK-15_dcDNA_12h	0.00140574876052586	0.000141839276446578	0.100899449766201	cluster_4
UL23	L	1h	1	C6	C6_dcDNA_1h	0.0490696438064859	0.0160968686798094	0.328041278296007	cluster_4
UL23	L	1h	1	NRK	NRK_dcDNA_1h	0.102747252747253	0.0477010423965673	0.464256134554827	cluster_4
UL23	L	1h	1	PC-12	PC-12_dcDNA_1h	0.0488910936392198	0.0136117886144962	0.278410393413188	cluster_4
UL23	L	1h	1	PK-15	PK-15_dcDNA_1h	0.00813008130081301	0.0140817138826738	1.73205080756888	cluster_4
UL23	L	2.5h	2.5	PC-12	PC-12_dcDNA_2.5h	0.0457267252380034	0.0135806362987245	0.29699560220065	cluster_4
UL23	L	2h	2	C6	C6_dcDNA_2h	0.0860007139457401	0.0412703327191815	0.47988360591076	cluster_4
UL23	L	2h	2	NRK	NRK_dcDNA_2h	0.0552931592021152	0.0332443492194804	0.60123801387367	cluster_4
UL23	L	2h	2	PC-12	PC-12_dcDNA_2h	0.0357862236648512	0.00499459264135806	0.139567468423993	cluster_4
UL23	L	2h	2	PK-15	PK-15_dcDNA_2h	0.0250801262502191	0.000673761259763111	0.0268643488091383	cluster_4
UL23	L	4h	4	C6	C6_dcDNA_4h	0.018186606268545	0.00153614273142388	0.0844656066525588	cluster_4
UL23	L	4h	4	NRK	NRK_dcDNA_4h	0.0183463284768969	0.00764552709348413	0.416733359108442	cluster_4
UL23	L	4h	4	PC-12	PC-12_dcDNA_4h	0.00791229121181288	0.00134264617210574	0.169691197677507	cluster_4
UL23	L	4h	4	PK-15	PK-15_dcDNA_4h	0.0208323480087514	0.00469404911536229	0.22532501441462	cluster_4
UL23	L	6h	6	C6	C6_dcDNA_6h	0.0197295095123161	0.00240184813687873	0.121738867120816	cluster_4
UL23	L	6h	6	NRK	NRK_dcDNA_6h	0.0107253819794728	0.00133842878931492	0.124790780587258	cluster_4
UL23	L	6h	6	PC-12	PC-12_dcDNA_6h	0.00892748882656272	0.00111512517641443	0.124909165172685	cluster_4
UL23	L	6h	6	PK-15	PK-15_dcDNA_6h	0.00841645848606297	0.00122878822930102	0.145998252273899	cluster_4
UL23	L	8h	8	C6	C6_dcDNA_8h	0.0112011155765249	0.000456123173760793	0.0407212273317426	cluster_4
UL23	L	8h	8	NRK	NRK_dcDNA_8h	0.0218615703542647	0.00233791376904572	0.106941712382049	cluster_4
UL23	L	8h	8	PC-12	PC-12_dcDNA_8h	0.00799500956838082	0.000729716257088342	0.0912714676382967	cluster_4
UL23	L	8h	8	PK-15	PK-15_dcDNA_8h	0.00581250553213591	0.000186611313273489	0.0321051416195238	cluster_4
UL22	L	0.5h	0.5	PC-12	PC-12_dcDNA_0.5h	0	0		cluster_1
UL22	L	1.5h	1.5	PC-12	PC-12_dcDNA_1.5h	0	0		cluster_1
UL22	L	12h	12	C6	C6_dcDNA_12h	0.00228899020453856	0.000716131647304355	0.312859201356312	cluster_1
UL22	L	12h	12	NRK	NRK_dcDNA_12h	0.000941145853279266	0.000439811877596428	0.467315322129909	cluster_1
UL22	L	12h	12	PC-12	PC-12_dcDNA_12h	0.00164642938138226	5.05232998782994e-05	0.0306865878668191	cluster_1
UL22	L	12h	12	PK-15	PK-15_dcDNA_12h	0.00106053637509298	0.000285463455355988	0.269168943244366	cluster_1
UL22	L	1h	1	C6	C6_dcDNA_1h	0	0		cluster_1
UL22	L	1h	1	NRK	NRK_dcDNA_1h	0	0		cluster_1
UL22	L	1h	1	PC-12	PC-12_dcDNA_1h	0	0		cluster_1
UL22	L	1h	1	PK-15	PK-15_dcDNA_1h	0	0		cluster_1
UL22	L	2.5h	2.5	PC-12	PC-12_dcDNA_2.5h	0	0		cluster_1
UL22	L	2h	2	C6	C6_dcDNA_2h	0.00403825559257496	0.00169330366151586	0.419315623466056	cluster_1
UL22	L	2h	2	NRK	NRK_dcDNA_2h	0	0		cluster_1
UL22	L	2h	2	PC-12	PC-12_dcDNA_2h	0.0030657625165707	0.00324968947551693	1.05999387035104	cluster_1
UL22	L	2h	2	PK-15	PK-15_dcDNA_2h	0.00381443114522391	0.00338308503485404	0.886917316384132	cluster_1
UL22	L	4h	4	C6	C6_dcDNA_4h	0.00246720849395294	0.00213712869614753	0.866213253312631	cluster_1
UL22	L	4h	4	NRK	NRK_dcDNA_4h	0.00435288398880928	0.00135546911069249	0.31139564348079	cluster_1
UL22	L	4h	4	PC-12	PC-12_dcDNA_4h	0.00298088712975043	0.00181064332078403	0.607417604884496	cluster_1
UL22	L	4h	4	PK-15	PK-15_dcDNA_4h	0.000921701854483095	1.71001463576041e-05	0.0185527958682411	cluster_1
UL22	L	6h	6	C6	C6_dcDNA_6h	0.00283833286534137	0.00115026513832388	0.405260831937531	cluster_1
UL22	L	6h	6	NRK	NRK_dcDNA_6h	0.00150974246670969	0.00105489794767787	0.698727081564378	cluster_1
UL22	L	6h	6	PC-12	PC-12_dcDNA_6h	0.00212205425378842	0.000867971992554016	0.409024411607035	cluster_1
UL22	L	6h	6	PK-15	PK-15_dcDNA_6h	0.00141437232184856	0.00045738897548946	0.323386542867059	cluster_1
UL22	L	8h	8	C6	C6_dcDNA_8h	0.00146667855968425	0.000494342272333691	0.337048816231496	cluster_1
UL22	L	8h	8	NRK	NRK_dcDNA_8h	0.000391328760261272	0.000360957508725382	0.922389421325402	cluster_1
UL22	L	8h	8	PC-12	PC-12_dcDNA_8h	0.00239369385491582	0.000547480124425154	0.228717688062247	cluster_1
UL22	L	8h	8	PK-15	PK-15_dcDNA_8h	0.00194932046360272	0.000647406682054796	0.332119163648578	cluster_1
CTO-S	L	0.5h	0.5	PC-12	PC-12_dcDNA_0.5h	0	0		cluster_1
CTO-S	L	1.5h	1.5	PC-12	PC-12_dcDNA_1.5h	0.0378979828591401	0.0223386082454692	0.58944056016115	cluster_1
CTO-S	L	12h	12	C6	C6_dcDNA_12h	0.0802073941599615	0.0263545948420244	0.328580614269354	cluster_1
CTO-S	L	12h	12	NRK	NRK_dcDNA_12h	0.277390353757156	0.0757194221286911	0.272970639040247	cluster_1
CTO-S	L	12h	12	PC-12	PC-12_dcDNA_12h	0.396129202368444	0.0130808261517188	0.0330216153555682	cluster_1
CTO-S	L	12h	12	PK-15	PK-15_dcDNA_12h	0.412599806910884	0.0848432814694402	0.205630928682827	cluster_1
CTO-S	L	1h	1	C6	C6_dcDNA_1h	0.0223679780258728	0.00489163663863754	0.218689263418421	cluster_1
CTO-S	L	1h	1	NRK	NRK_dcDNA_1h	0.0256410256410256	0.0444115591684328	1.73205080756888	cluster_1
CTO-S	L	1h	1	PC-12	PC-12_dcDNA_1h	0.0367996991874891	0.0326734312545139	0.887872237434539	cluster_1
CTO-S	L	1h	1	PK-15	PK-15_dcDNA_1h	0.0461601307189543	0.0627797149708086	1.36004196680123	cluster_1
CTO-S	L	2.5h	2.5	PC-12	PC-12_dcDNA_2.5h	0.114521652115637	0.0159937549061702	0.139657039613965	cluster_1
CTO-S	L	2h	2	C6	C6_dcDNA_2h	0.0682636244645407	0.052113786601311	0.763419566571379	cluster_1
CTO-S	L	2h	2	NRK	NRK_dcDNA_2h	0.0187201055583045	0.0175818152657615	0.939194237500548	cluster_1
CTO-S	L	2h	2	PC-12	PC-12_dcDNA_2h	0.048200350520395	0.0136321577121205	0.28282279205319	cluster_1
CTO-S	L	2h	2	PK-15	PK-15_dcDNA_2h	0.134910097327574	0.221823063816128	1.64422877316234	cluster_1
CTO-S	L	4h	4	C6	C6_dcDNA_4h	0.125983628410578	0.00895809660520079	0.0711052437385481	cluster_1
CTO-S	L	4h	4	NRK	NRK_dcDNA_4h	0.0857905968435421	0.0162770743782588	0.189730284869607	cluster_1
CTO-S	L	4h	4	PC-12	PC-12_dcDNA_4h	0.233955626084316	0.0384010653284699	0.164138242670986	cluster_1
CTO-S	L	4h	4	PK-15	PK-15_dcDNA_4h	0.200106524562869	0.0827334670130617	0.413447123694703	cluster_1
CTO-S	L	6h	6	C6	C6_dcDNA_6h	0.212483911487973	0.0218345345160751	0.102758530578495	cluster_1
CTO-S	L	6h	6	NRK	NRK_dcDNA_6h	0.172682428916357	0.00436209554580434	0.0252607956303257	cluster_1
CTO-S	L	6h	6	PC-12	PC-12_dcDNA_6h	0.259475897410137	0.0375283722885196	0.144631438461511	cluster_1
CTO-S	L	6h	6	PK-15	PK-15_dcDNA_6h	0.342587814251616	0.110147484945104	0.321516062051774	cluster_1
CTO-S	L	8h	8	C6	C6_dcDNA_8h	0.236395454988352	0.0420637246053255	0.177937958271652	cluster_1
CTO-S	L	8h	8	NRK	NRK_dcDNA_8h	0.165486328914941	0.0329750550208271	0.199261505388618	cluster_1
CTO-S	L	8h	8	PC-12	PC-12_dcDNA_8h	0.310445560021972	0.120251347960721	0.387350838427872	cluster_1
CTO-S	L	8h	8	PK-15	PK-15_dcDNA_8h	0.299124229052281	0.0627639824805626	0.209825806085379	cluster_1
CTO-M	L	0.5h	0.5	PC-12	PC-12_dcDNA_0.5h	0	0		cluster_6
CTO-M	L	1.5h	1.5	PC-12	PC-12_dcDNA_1.5h	0	0		cluster_6
CTO-M	L	12h	12	C6	C6_dcDNA_12h	0.000404391641167706	0.000128556916292738	0.317902011825767	cluster_6
CTO-M	L	12h	12	NRK	NRK_dcDNA_12h	0.000515828314470929	0.000331193344072844	0.642061195133384	cluster_6
CTO-M	L	12h	12	PC-12	PC-12_dcDNA_12h	0.000805050787313923	0.000182978901573907	0.227288643719512	cluster_6
CTO-M	L	12h	12	PK-15	PK-15_dcDNA_12h	0.000648773030552467	0.000131600801763916	0.202845672625834	cluster_6
CTO-M	L	1h	1	C6	C6_dcDNA_1h	0	0		cluster_6
CTO-M	L	1h	1	NRK	NRK_dcDNA_1h	0	0		cluster_6
CTO-M	L	1h	1	PC-12	PC-12_dcDNA_1h	0	0		cluster_6
CTO-M	L	1h	1	PK-15	PK-15_dcDNA_1h	0	0		cluster_6
CTO-M	L	2.5h	2.5	PC-12	PC-12_dcDNA_2.5h	0	0		cluster_6
CTO-M	L	2h	2	C6	C6_dcDNA_2h	0	0		cluster_6
CTO-M	L	2h	2	NRK	NRK_dcDNA_2h	0	0		cluster_6
CTO-M	L	2h	2	PC-12	PC-12_dcDNA_2h	0	0		cluster_6
CTO-M	L	2h	2	PK-15	PK-15_dcDNA_2h	0	0		cluster_6
CTO-M	L	4h	4	C6	C6_dcDNA_4h	0.00129198966408269	0.00223779174104506	1.73205080756888	cluster_6
CTO-M	L	4h	4	NRK	NRK_dcDNA_4h	0	0		cluster_6
CTO-M	L	4h	4	PC-12	PC-12_dcDNA_4h	0.000153186274509804	0.000265326410473174	1.73205080756888	cluster_6
CTO-M	L	4h	4	PK-15	PK-15_dcDNA_4h	0	0		cluster_6
CTO-M	L	6h	6	C6	C6_dcDNA_6h	0.000329779754723743	0.000347982879934323	1.05519782506306	cluster_6
CTO-M	L	6h	6	NRK	NRK_dcDNA_6h	0	0		cluster_6
CTO-M	L	6h	6	PC-12	PC-12_dcDNA_6h	0.00012713947714307	0.000111185408291489	0.87451522367338	cluster_6
CTO-M	L	6h	6	PK-15	PK-15_dcDNA_6h	0.000194164214425615	5.30999967709082e-05	0.27347983215131	cluster_6
CTO-M	L	8h	8	C6	C6_dcDNA_8h	0.000509503610847271	0.000128240794136644	0.251697517753383	cluster_6
CTO-M	L	8h	8	NRK	NRK_dcDNA_8h	0.000575287243814897	0.000185129307664083	0.321803255077301	cluster_6
CTO-M	L	8h	8	PC-12	PC-12_dcDNA_8h	0.000340539329754346	0.000352608330052497	1.03544084117056	cluster_6
CTO-M	L	8h	8	PK-15	PK-15_dcDNA_8h	0.000437718472186826	0.000100194119121715	0.228900824361258	cluster_6
UL21	L	0.5h	0.5	PC-12	PC-12_dcDNA_0.5h	0	0		cluster_1
UL21	L	1.5h	1.5	PC-12	PC-12_dcDNA_1.5h	0.00323624595469256	0.00560534241931675	1.73205080756888	cluster_1
UL21	L	12h	12	C6	C6_dcDNA_12h	0.00400002066583335	0.000273299636470466	0.068324556121644	cluster_1
UL21	L	12h	12	NRK	NRK_dcDNA_12h	0.00155824590390931	0.000575492612257335	0.369320792574231	cluster_1
UL21	L	12h	12	PC-12	PC-12_dcDNA_12h	0.00245089674251193	0.000372807709404386	0.152110736832713	cluster_1
UL21	L	12h	12	PK-15	PK-15_dcDNA_12h	0.00152106492930672	0.000157868145953792	0.103787907348404	cluster_1
UL21	L	1h	1	C6	C6_dcDNA_1h	0.00768651426546163	0.00665878945564176	0.866295075462512	cluster_1
UL21	L	1h	1	NRK	NRK_dcDNA_1h	0	0		cluster_1
UL21	L	1h	1	PC-12	PC-12_dcDNA_1h	0.00709219858156028	0.0122840482806303	1.73205080756888	cluster_1
UL21	L	1h	1	PK-15	PK-15_dcDNA_1h	0	0		cluster_1
UL21	L	2.5h	2.5	PC-12	PC-12_dcDNA_2.5h	0.00432973459289249	0.00375060866973736	0.86624447509882	cluster_1
UL21	L	2h	2	C6	C6_dcDNA_2h	0.00284090909090909	0.00401765216583266	1.4142135623731	cluster_1
UL21	L	2h	2	NRK	NRK_dcDNA_2h	0	0		cluster_1
UL21	L	2h	2	PC-12	PC-12_dcDNA_2h	0.0071153286412142	0.0068322207326725	0.960211548500817	cluster_1
UL21	L	2h	2	PK-15	PK-15_dcDNA_2h	0.00138657792567942	0.00240162341593022	1.73205080756888	cluster_1
UL21	L	4h	4	C6	C6_dcDNA_4h	0.00759161693688765	0.00398675918328558	0.525152838509795	cluster_1
UL21	L	4h	4	NRK	NRK_dcDNA_4h	0.00480699916776903	0.00251046313874176	0.522251627496513	cluster_1
UL21	L	4h	4	PC-12	PC-12_dcDNA_4h	0.0046879484523879	0.00177426336600198	0.378473309598408	cluster_1
UL21	L	4h	4	PK-15	PK-15_dcDNA_4h	0.00171851298834673	0.000191673276098463	0.11153437733564	cluster_1
UL21	L	6h	6	C6	C6_dcDNA_6h	0.00505329206210052	0.0014215501065002	0.281311685339102	cluster_1
UL21	L	6h	6	NRK	NRK_dcDNA_6h	0.00256999697317619	0.00180028687510586	0.7005015546306	cluster_1
UL21	L	6h	6	PC-12	PC-12_dcDNA_6h	0.00409489378385326	0.000663511676696132	0.162033916316084	cluster_1
UL21	L	6h	6	PK-15	PK-15_dcDNA_6h	0.00245568547284934	0.000560544613700727	0.228264010150423	cluster_1
UL21	L	8h	8	C6	C6_dcDNA_8h	0.00331934983993128	0.00119073641973462	0.358725797868679	cluster_1
UL21	L	8h	8	NRK	NRK_dcDNA_8h	0.00205711801970094	0.000680973747938402	0.331032902058482	cluster_1
UL21	L	8h	8	PC-12	PC-12_dcDNA_8h	0.00319027112702697	0.000255153411439939	0.0799785978308739	cluster_1
UL21	L	8h	8	PK-15	PK-15_dcDNA_8h	0.00200792742236746	0.000213640898100875	0.106398715272776	cluster_1
UL20	L	0.5h	0.5	PC-12	PC-12_dcDNA_0.5h	0	0		cluster_7
UL20	L	1.5h	1.5	PC-12	PC-12_dcDNA_1.5h	0	0		cluster_7
UL20	L	12h	12	C6	C6_dcDNA_12h	0.000618618639084752	5.59047794785056e-05	0.0903703444196522	cluster_7
UL20	L	12h	12	NRK	NRK_dcDNA_12h	0.000165295477268069	0.000166134267275163	1.005074488552	cluster_7
UL20	L	12h	12	PC-12	PC-12_dcDNA_12h	0.000436551687523874	0.000155886018652518	0.357084906799252	cluster_7
UL20	L	12h	12	PK-15	PK-15_dcDNA_12h	0.00032222540836942	0.000120849251495387	0.375045692724632	cluster_7
UL20	L	1h	1	C6	C6_dcDNA_1h	0	0		cluster_7
UL20	L	1h	1	NRK	NRK_dcDNA_1h	0	0		cluster_7
UL20	L	1h	1	PC-12	PC-12_dcDNA_1h	0.00537634408602151	0.0093121011159617	1.73205080756888	cluster_7
UL20	L	1h	1	PK-15	PK-15_dcDNA_1h	0	0		cluster_7
UL20	L	2.5h	2.5	PC-12	PC-12_dcDNA_2.5h	0	0		cluster_7
UL20	L	2h	2	C6	C6_dcDNA_2h	0.00403825559257496	0.00169330366151586	0.419315623466056	cluster_7
UL20	L	2h	2	NRK	NRK_dcDNA_2h	0.00505050505050505	0.00874773135135797	1.73205080756888	cluster_7
UL20	L	2h	2	PC-12	PC-12_dcDNA_2h	0.0030657625165707	0.00324968947551693	1.05999387035104	cluster_7
UL20	L	2h	2	PK-15	PK-15_dcDNA_2h	0.0021505376344086	0.00372484044638468	1.73205080756888	cluster_7
UL20	L	4h	4	C6	C6_dcDNA_4h	0.000624219725343321	0.00108118027938132	1.73205080756888	cluster_7
UL20	L	4h	4	NRK	NRK_dcDNA_4h	0	0		cluster_7
UL20	L	4h	4	PC-12	PC-12_dcDNA_4h	0.00013745704467354	0.000238082585232835	1.73205080756888	cluster_7
UL20	L	4h	4	PK-15	PK-15_dcDNA_4h	0.000893604804096307	0.000368083553066244	0.41190865512242	cluster_7
UL20	L	6h	6	C6	C6_dcDNA_6h	0.000312818871444712	0.000297312905616723	0.95043148849564	cluster_7
UL20	L	6h	6	NRK	NRK_dcDNA_6h	0.000352920416446091	0.000611276092312997	1.73205080756888	cluster_7
UL20	L	6h	6	PC-12	PC-12_dcDNA_6h	0.000412046772963428	9.25559579049831e-05	0.224624882363047	cluster_7
UL20	L	6h	6	PK-15	PK-15_dcDNA_6h	0.000723373671632586	0.000311398835661508	0.430481296006683	cluster_7
UL20	L	8h	8	C6	C6_dcDNA_8h	7.75103670115878e-05	0.000134251893777381	1.73205080756888	cluster_7
UL20	L	8h	8	NRK	NRK_dcDNA_8h	0.000598044380443817	0.000286367603710622	0.478840054475731	cluster_7
UL20	L	8h	8	PC-12	PC-12_dcDNA_8h	0.00076881610167561	0.000700309132137832	0.910892904833199	cluster_7
UL20	L	8h	8	PK-15	PK-15_dcDNA_8h	0.0007686241960665	0.00023020787452211	0.299506411195768	cluster_7
UL19	L	0.5h	0.5	PC-12	PC-12_dcDNA_0.5h	0	0		cluster_10
UL19	L	1.5h	1.5	PC-12	PC-12_dcDNA_1.5h	0	0		cluster_10
UL19	L	12h	12	C6	C6_dcDNA_12h	0.0071665636318544	0.00140324571439249	0.195804542661876	cluster_10
UL19	L	12h	12	NRK	NRK_dcDNA_12h	0.00189595946827569	0.0015896628328635	0.838447688077024	cluster_10
UL19	L	12h	12	PC-12	PC-12_dcDNA_12h	0.00359203672730028	0.000284801199682034	0.0792868284217366	cluster_10
UL19	L	12h	12	PK-15	PK-15_dcDNA_12h	0.00542113903467696	0.00300153550310379	0.553672481724617	cluster_10
UL19	L	1h	1	C6	C6_dcDNA_1h	0	0		cluster_10
UL19	L	1h	1	NRK	NRK_dcDNA_1h	0.0166666666666667	0.0288675134594813	1.73205080756888	cluster_10
UL19	L	1h	1	PC-12	PC-12_dcDNA_1h	0	0		cluster_10
UL19	L	1h	1	PK-15	PK-15_dcDNA_1h	0.00813008130081301	0.0140817138826738	1.73205080756888	cluster_10
UL19	L	2.5h	2.5	PC-12	PC-12_dcDNA_2.5h	0	0		cluster_10
UL19	L	2h	2	C6	C6_dcDNA_2h	0.00426136363636364	0.00602647824874898	1.4142135623731	cluster_10
UL19	L	2h	2	NRK	NRK_dcDNA_2h	0.00709219858156028	0.0122840482806303	1.73205080756888	cluster_10
UL19	L	2h	2	PC-12	PC-12_dcDNA_2h	0.00289527907844884	0.00274074900156261	0.946626880276766	cluster_10
UL19	L	2h	2	PK-15	PK-15_dcDNA_2h	0.00335003232324901	0.000136712700987124	0.0408093677300804	cluster_10
UL19	L	4h	4	C6	C6_dcDNA_4h	0.00248204369766311	0.00286550119627004	1.1544926461077	cluster_10
UL19	L	4h	4	NRK	NRK_dcDNA_4h	0.00208050216786385	0.00181069455547132	0.870316110908189	cluster_10
UL19	L	4h	4	PC-12	PC-12_dcDNA_4h	0.00334389352492174	0.000760063486980742	0.227298949956408	cluster_10
UL19	L	4h	4	PK-15	PK-15_dcDNA_4h	0.00198552127210454	0.00080724393198104	0.406565239729418	cluster_10
UL19	L	6h	6	C6	C6_dcDNA_6h	0.00535544199083745	0.00233732570321998	0.436439365269734	cluster_10
UL19	L	6h	6	NRK	NRK_dcDNA_6h	0.00138792639868163	0.000512898239484427	0.369542822999565	cluster_10
UL19	L	6h	6	PC-12	PC-12_dcDNA_6h	0.00330492823226905	0.00096616411588951	0.292340422541089	cluster_10
UL19	L	6h	6	PK-15	PK-15_dcDNA_6h	0.00260491013937579	0.000459180574138571	0.17627501509461	cluster_10
UL19	L	8h	8	C6	C6_dcDNA_8h	0.00252578203493507	3.44348887955725e-05	0.0136333572411595	cluster_10
UL19	L	8h	8	NRK	NRK_dcDNA_8h	0.00178593420344971	0.00118810532200095	0.665257051298981	cluster_10
UL19	L	8h	8	PC-12	PC-12_dcDNA_8h	0.00454945019201784	0.00333820595631149	0.733760304084323	cluster_10
UL19	L	8h	8	PK-15	PK-15_dcDNA_8h	0.00542163931082849	0.00312227256098962	0.5758908665786	cluster_10
UL18	L	0.5h	0.5	PC-12	PC-12_dcDNA_0.5h	0.0714285714285714	0.101015254455221	1.4142135623731	cluster_1
UL18	L	1.5h	1.5	PC-12	PC-12_dcDNA_1.5h	0.0388044455019842	0.0120588522595037	0.310759556115472	cluster_1
UL18	L	12h	12	C6	C6_dcDNA_12h	0.0745612408869374	0.00393579557266447	0.0527860792798849	cluster_1
UL18	L	12h	12	NRK	NRK_dcDNA_12h	0.0600953550042355	0.00917680952515454	0.152704140353406	cluster_1
UL18	L	12h	12	PC-12	PC-12_dcDNA_12h	0.0459709272775313	0.00685652697548298	0.14914919888584	cluster_1
UL18	L	12h	12	PK-15	PK-15_dcDNA_12h	0.043740813975706	0.00530064443756782	0.121183031493466	cluster_1
UL18	L	1h	1	C6	C6_dcDNA_1h	0.0333519404572036	0.0196595417817013	0.589457210351161	cluster_1
UL18	L	1h	1	NRK	NRK_dcDNA_1h	0.0366300366300366	0.0357494895530094	0.975961064797157	cluster_1
UL18	L	1h	1	PC-12	PC-12_dcDNA_1h	0.0240853872621305	0.0218257063081143	0.906180418466053	cluster_1
UL18	L	1h	1	PK-15	PK-15_dcDNA_1h	0	0		cluster_1
UL18	L	2.5h	2.5	PC-12	PC-12_dcDNA_2.5h	0.0343475446858906	0.0069563960226779	0.202529644732815	cluster_1
UL18	L	2h	2	C6	C6_dcDNA_2h	0.0538359709662066	0.0243057438618829	0.451477765249927	cluster_1
UL18	L	2h	2	NRK	NRK_dcDNA_2h	0.0249451466670665	0.00474441924495668	0.19019408096808	cluster_1
UL18	L	2h	2	PC-12	PC-12_dcDNA_2h	0.0351239802841612	0.00807646491612278	0.22994161967927	cluster_1
UL18	L	2h	2	PK-15	PK-15_dcDNA_2h	0.0139442633833702	0.0154179125255079	1.105681390377	cluster_1
UL18	L	4h	4	C6	C6_dcDNA_4h	0.0525703887953926	0.00199747037837322	0.0379961119585305	cluster_1
UL18	L	4h	4	NRK	NRK_dcDNA_4h	0.0390088324837956	0.00532138991536705	0.136415000822636	cluster_1
UL18	L	4h	4	PC-12	PC-12_dcDNA_4h	0.048017464751201	0.0074931685521909	0.156050899209615	cluster_1
UL18	L	4h	4	PK-15	PK-15_dcDNA_4h	0.035732632686539	0.00345993955682281	0.0968285652830227	cluster_1
UL18	L	6h	6	C6	C6_dcDNA_6h	0.0441876390836461	0.00248873935839111	0.0563220712851389	cluster_1
UL18	L	6h	6	NRK	NRK_dcDNA_6h	0.0398311600381004	0.00684200074448047	0.171775081065572	cluster_1
UL18	L	6h	6	PC-12	PC-12_dcDNA_6h	0.0494616114446934	0.00221550566099261	0.0447924278300137	cluster_1
UL18	L	6h	6	PK-15	PK-15_dcDNA_6h	0.0367296864673835	0.00956215084838928	0.26033848279322	cluster_1
UL18	L	8h	8	C6	C6_dcDNA_8h	0.0474809132116075	0.00311269283132122	0.0655567178636377	cluster_1
UL18	L	8h	8	NRK	NRK_dcDNA_8h	0.0473455737692755	0.00549876713806748	0.116141102542427	cluster_1
UL18	L	8h	8	PC-12	PC-12_dcDNA_8h	0.0366370630009788	0.00241060708481305	0.0657969522488373	cluster_1
UL18	L	8h	8	PK-15	PK-15_dcDNA_8h	0.0336848208858345	0.00539010895948349	0.160015960237752	cluster_1
UL15	L	0.5h	0.5	PC-12	PC-12_dcDNA_0.5h	0	0		cluster_7
UL15	L	1.5h	1.5	PC-12	PC-12_dcDNA_1.5h	0.00354609929078014	0.00614202414031517	1.73205080756888	cluster_7
UL15	L	12h	12	C6	C6_dcDNA_12h	0.000565844360591863	0.000154663095066782	0.273331512759104	cluster_7
UL15	L	12h	12	NRK	NRK_dcDNA_12h	0.000314655876332555	0.000273155141145254	0.868107547613573	cluster_7
UL15	L	12h	12	PC-12	PC-12_dcDNA_12h	0.000232900244937923	9.00730478059666e-05	0.386745182814104	cluster_7
UL15	L	12h	12	PK-15	PK-15_dcDNA_12h	0.000106340068513014	3.93248606398964e-05	0.369802852206022	cluster_7
UL15	L	1h	1	C6	C6_dcDNA_1h	0	0		cluster_7
UL15	L	1h	1	NRK	NRK_dcDNA_1h	0	0		cluster_7
UL15	L	1h	1	PC-12	PC-12_dcDNA_1h	0	0		cluster_7
UL15	L	1h	1	PK-15	PK-15_dcDNA_1h	0	0		cluster_7
UL15	L	2.5h	2.5	PC-12	PC-12_dcDNA_2.5h	0	0		cluster_7
UL15	L	2h	2	C6	C6_dcDNA_2h	0	0		cluster_7
UL15	L	2h	2	NRK	NRK_dcDNA_2h	0	0		cluster_7
UL15	L	2h	2	PC-12	PC-12_dcDNA_2h	0	0		cluster_7
UL15	L	2h	2	PK-15	PK-15_dcDNA_2h	0.0010752688172043	0.00186242022319234	1.73205080756888	cluster_7
UL15	L	4h	4	C6	C6_dcDNA_4h	0	0		cluster_7
UL15	L	4h	4	NRK	NRK_dcDNA_4h	0	0		cluster_7
UL15	L	4h	4	PC-12	PC-12_dcDNA_4h	0.000703014453203962	0.000851265405974528	1.21087895433005	cluster_7
UL15	L	4h	4	PK-15	PK-15_dcDNA_4h	0.000493311622941678	0.000168773250519513	0.342122996237344	cluster_7
UL15	L	6h	6	C6	C6_dcDNA_6h	0.00025082633091063	0.000231617298725972	0.923417002852452	cluster_7
UL15	L	6h	6	NRK	NRK_dcDNA_6h	0.000187687687687688	0.000325084611030195	1.73205080756888	cluster_7
UL15	L	6h	6	PC-12	PC-12_dcDNA_6h	0.000565323901790365	0.000279674738657011	0.494715927933153	cluster_7
UL15	L	6h	6	PK-15	PK-15_dcDNA_6h	0.00025216149978727	9.45404755617548e-05	0.374920341295209	cluster_7
UL15	L	8h	8	C6	C6_dcDNA_8h	0.000363069286641677	0.000217451259676845	0.598924964676104	cluster_7
UL15	L	8h	8	NRK	NRK_dcDNA_8h	0.000233275970629535	0.000231397805766553	0.991948742693416	cluster_7
UL15	L	8h	8	PC-12	PC-12_dcDNA_8h	0.000431746918225706	0.000223621321444954	0.517945379584738	cluster_7
UL15	L	8h	8	PK-15	PK-15_dcDNA_8h	0.000481030839501466	0.000192034583475486	0.399214702480423	cluster_7
UL17	L	0.5h	0.5	PC-12	PC-12_dcDNA_0.5h	0	0		cluster_1
UL17	L	1.5h	1.5	PC-12	PC-12_dcDNA_1.5h	0	0		cluster_1
UL17	L	12h	12	C6	C6_dcDNA_12h	0.0014738301625388	0.000203780547523958	0.138265963544218	cluster_1
UL17	L	12h	12	NRK	NRK_dcDNA_12h	0.00023939290071344	5.25300226533266e-05	0.219430160613688	cluster_1
UL17	L	12h	12	PC-12	PC-12_dcDNA_12h	0.000683955178382915	0.000167051112505251	0.244242777575298	cluster_1
UL17	L	12h	12	PK-15	PK-15_dcDNA_12h	0.000499895989692686	0.000127736045195796	0.255525244910091	cluster_1
UL17	L	1h	1	C6	C6_dcDNA_1h	0	0		cluster_1
UL17	L	1h	1	NRK	NRK_dcDNA_1h	0	0		cluster_1
UL17	L	1h	1	PC-12	PC-12_dcDNA_1h	0	0		cluster_1
UL17	L	1h	1	PK-15	PK-15_dcDNA_1h	0	0		cluster_1
UL17	L	2.5h	2.5	PC-12	PC-12_dcDNA_2.5h	0	0		cluster_1
UL17	L	2h	2	C6	C6_dcDNA_2h	0	0		cluster_1
UL17	L	2h	2	NRK	NRK_dcDNA_2h	0	0		cluster_1
UL17	L	2h	2	PC-12	PC-12_dcDNA_2h	0	0		cluster_1
UL17	L	2h	2	PK-15	PK-15_dcDNA_2h	0	0		cluster_1
UL17	L	4h	4	C6	C6_dcDNA_4h	0.00190137418571584	0.00193902162228833	1.01980011975303	cluster_1
UL17	L	4h	4	NRK	NRK_dcDNA_4h	0	0		cluster_1
UL17	L	4h	4	PC-12	PC-12_dcDNA_4h	0.000565557408530423	0.000625331246146334	1.10569013280408	cluster_1
UL17	L	4h	4	PK-15	PK-15_dcDNA_4h	0.000317012306805049	0.000138365230038192	0.436466430696903	cluster_1
UL17	L	6h	6	C6	C6_dcDNA_6h	0.000696186298301964	0.000305504568713622	0.438825885339548	cluster_1
UL17	L	6h	6	NRK	NRK_dcDNA_6h	0.000396337077176432	0.000349361665790278	0.881476111897444	cluster_1
UL17	L	6h	6	PC-12	PC-12_dcDNA_6h	0.000832316613069227	0.000342017021909542	0.41092177728897	cluster_1
UL17	L	6h	6	PK-15	PK-15_dcDNA_6h	0.00063358151971524	0.000157998422061187	0.249373469939904	cluster_1
UL17	L	8h	8	C6	C6_dcDNA_8h	0.000727608421361844	0.000148695216793676	0.204361593994978	cluster_1
UL17	L	8h	8	NRK	NRK_dcDNA_8h	0.000233275970629535	0.000231397805766553	0.991948742693416	cluster_1
UL17	L	8h	8	PC-12	PC-12_dcDNA_8h	0.000737092892657699	0.00026848471388008	0.364248138266559	cluster_1
UL17	L	8h	8	PK-15	PK-15_dcDNA_8h	0.000800432221408361	0.000140572592260255	0.175620856457924	cluster_1
UL16	L	0.5h	0.5	PC-12	PC-12_dcDNA_0.5h	0	0		cluster_4
UL16	L	1.5h	1.5	PC-12	PC-12_dcDNA_1.5h	0.0229866723843541	0.0142103551287271	0.618199750321382	cluster_4
UL16	L	12h	12	C6	C6_dcDNA_12h	0.0218669360440667	0.00107264516595056	0.0490532904925018	cluster_4
UL16	L	12h	12	NRK	NRK_dcDNA_12h	0.017730541983401	0.00190177358886447	0.107259754983512	cluster_4
UL16	L	12h	12	PC-12	PC-12_dcDNA_12h	0.0111926682282557	0.00255107339994283	0.227923614630396	cluster_4
UL16	L	12h	12	PK-15	PK-15_dcDNA_12h	0.0173481581052664	0.0067452253783389	0.388815074050499	cluster_4
UL16	L	1h	1	C6	C6_dcDNA_1h	0.0164646464646465	0.0143942052075403	0.874249273341404	cluster_4
UL16	L	1h	1	NRK	NRK_dcDNA_1h	0.0366300366300366	0.0357494895530094	0.975961064797157	cluster_4
UL16	L	1h	1	PC-12	PC-12_dcDNA_1h	0.0205392879713503	0.0178218942307187	0.867697763212528	cluster_4
UL16	L	1h	1	PK-15	PK-15_dcDNA_1h	0	0		cluster_4
UL16	L	2.5h	2.5	PC-12	PC-12_dcDNA_2.5h	0.0148298860704876	0.00149200972194533	0.100608306419463	cluster_4
UL16	L	2h	2	C6	C6_dcDNA_2h	0.0256499881009043	0.00815099588617882	0.317777764812743	cluster_4
UL16	L	2h	2	NRK	NRK_dcDNA_2h	0.0222437137330754	0.022742700224961	1.02243269706999	cluster_4
UL16	L	2h	2	PC-12	PC-12_dcDNA_2h	0.00783503159101688	0.00328589362873467	0.419384860234904	cluster_4
UL16	L	2h	2	PK-15	PK-15_dcDNA_2h	0.00775308816208392	0.00503509587735546	0.649431010210788	cluster_4
UL16	L	4h	4	C6	C6_dcDNA_4h	0.0156748921634615	0.00549351950656201	0.350466175414431	cluster_4
UL16	L	4h	4	NRK	NRK_dcDNA_4h	0.0182969664955552	0.00130741205250242	0.0714551263358344	cluster_4
UL16	L	4h	4	PC-12	PC-12_dcDNA_4h	0.0205682217817621	0.0027466282848169	0.133537469303853	cluster_4
UL16	L	4h	4	PK-15	PK-15_dcDNA_4h	0.0324646826296982	0.00420713454377545	0.129591118809424	cluster_4
UL16	L	6h	6	C6	C6_dcDNA_6h	0.0230297097888942	0.00402698032140437	0.174860228735767	cluster_4
UL16	L	6h	6	NRK	NRK_dcDNA_6h	0.0136621806831645	0.00264085229492266	0.193296542928677	cluster_4
UL16	L	6h	6	PC-12	PC-12_dcDNA_6h	0.015814066683999	0.000875710388905533	0.0553754076294363	cluster_4
UL16	L	6h	6	PK-15	PK-15_dcDNA_6h	0.0220095088781049	0.00725220966278348	0.329503475200122	cluster_4
UL16	L	8h	8	C6	C6_dcDNA_8h	0.0235848139329536	0.00373459184104598	0.158347309911479	cluster_4
UL16	L	8h	8	NRK	NRK_dcDNA_8h	0.0234281942755865	0.00360102476446734	0.153704750870186	cluster_4
UL16	L	8h	8	PC-12	PC-12_dcDNA_8h	0.0122653992795684	0.00161519625622188	0.131687213714474	cluster_4
UL16	L	8h	8	PK-15	PK-15_dcDNA_8h	0.0142604088542618	0.00176159514138457	0.12353047934233	cluster_4
UL14	L	0.5h	0.5	PC-12	PC-12_dcDNA_0.5h	0	0		cluster_7
UL14	L	1.5h	1.5	PC-12	PC-12_dcDNA_1.5h	0	0		cluster_7
UL14	L	12h	12	C6	C6_dcDNA_12h	0.00222678953590472	0.000974519039244985	0.437634102160017	cluster_7
UL14	L	12h	12	NRK	NRK_dcDNA_12h	0.000381715715449921	0.000214967168541437	0.563160383082628	cluster_7
UL14	L	12h	12	PC-12	PC-12_dcDNA_12h	0.00054385087146602	0.000187634468885588	0.345010882082058	cluster_7
UL14	L	12h	12	PK-15	PK-15_dcDNA_12h	0.000227399245218009	2.69903344886761e-05	0.118691398745851	cluster_7
UL14	L	1h	1	C6	C6_dcDNA_1h	0.0102370193159667	0.00402898060842945	0.393569698764312	cluster_7
UL14	L	1h	1	NRK	NRK_dcDNA_1h	0	0		cluster_7
UL14	L	1h	1	PC-12	PC-12_dcDNA_1h	0	0		cluster_7
UL14	L	1h	1	PK-15	PK-15_dcDNA_1h	0	0		cluster_7
UL14	L	2.5h	2.5	PC-12	PC-12_dcDNA_2.5h	0	0		cluster_7
UL14	L	2h	2	C6	C6_dcDNA_2h	0	0		cluster_7
UL14	L	2h	2	NRK	NRK_dcDNA_2h	0	0		cluster_7
UL14	L	2h	2	PC-12	PC-12_dcDNA_2h	0.00529879821432955	0.00459446499845765	0.867076799798269	cluster_7
UL14	L	2h	2	PK-15	PK-15_dcDNA_2h	0.0021505376344086	0.00372484044638468	1.73205080756888	cluster_7
UL14	L	4h	4	C6	C6_dcDNA_4h	0	0		cluster_7
UL14	L	4h	4	NRK	NRK_dcDNA_4h	0.00162638698890409	0.00149514197073881	0.919302712662675	cluster_7
UL14	L	4h	4	PC-12	PC-12_dcDNA_4h	0.00127169185147819	0.000801374307520355	0.630163908488406	cluster_7
UL14	L	4h	4	PK-15	PK-15_dcDNA_4h	0.00127908599201276	0.000385412897970711	0.301318989010449	cluster_7
UL14	L	6h	6	C6	C6_dcDNA_6h	0.00271164276197679	0.00181019055338134	0.667562327443795	cluster_7
UL14	L	6h	6	NRK	NRK_dcDNA_6h	0.000760484973087165	0.00026278865150425	0.345554035653679	cluster_7
UL14	L	6h	6	PC-12	PC-12_dcDNA_6h	0.00112856747256122	0.000151724962693739	0.134440311618594	cluster_7
UL14	L	6h	6	PK-15	PK-15_dcDNA_6h	0.00107666176030197	0.000109118880449269	0.10134926721895	cluster_7
UL14	L	8h	8	C6	C6_dcDNA_8h	0.00175920038562277	0.000786576155855771	0.447121409410854	cluster_7
UL14	L	8h	8	NRK	NRK_dcDNA_8h	0.00183210313323265	0.00132218625531084	0.721676761164592	cluster_7
UL14	L	8h	8	PC-12	PC-12_dcDNA_8h	0.000600281509950658	0.000461965226791393	0.769580970150765	cluster_7
UL14	L	8h	8	PK-15	PK-15_dcDNA_8h	0.000857047621106188	0.000326642495582246	0.381125257848158	cluster_7
UL13	L	0.5h	0.5	PC-12	PC-12_dcDNA_0.5h	0	0		cluster_2
UL13	L	1.5h	1.5	PC-12	PC-12_dcDNA_1.5h	0.00354609929078014	0.00614202414031517	1.73205080756888	cluster_2
UL13	L	12h	12	C6	C6_dcDNA_12h	0.000384733556115129	0.000344396227516727	0.895155158791682	cluster_2
UL13	L	12h	12	NRK	NRK_dcDNA_12h	7.84939193465435e-05	5.37207573386834e-05	0.684393871345769	cluster_2
UL13	L	12h	12	PC-12	PC-12_dcDNA_12h	5.95656519076758e-05	2.82467576781626e-05	0.474212180569162	cluster_2
UL13	L	12h	12	PK-15	PK-15_dcDNA_12h	5.13166807650878e-06	4.4605925964166e-06	0.869228588036674	cluster_2
UL13	L	1h	1	C6	C6_dcDNA_1h	0	0		cluster_2
UL13	L	1h	1	NRK	NRK_dcDNA_1h	0	0		cluster_2
UL13	L	1h	1	PC-12	PC-12_dcDNA_1h	0	0		cluster_2
UL13	L	1h	1	PK-15	PK-15_dcDNA_1h	0	0		cluster_2
UL13	L	2.5h	2.5	PC-12	PC-12_dcDNA_2.5h	0.00304332259219477	0.00331698782020905	1.08992317433458	cluster_2
UL13	L	2h	2	C6	C6_dcDNA_2h	0.00261780104712042	0.00370212974443219	1.4142135623731	cluster_2
UL13	L	2h	2	NRK	NRK_dcDNA_2h	0.00709219858156028	0.0122840482806303	1.73205080756888	cluster_2
UL13	L	2h	2	PC-12	PC-12_dcDNA_2h	0.00289527907844884	0.00274074900156261	0.946626880276766	cluster_2
UL13	L	2h	2	PK-15	PK-15_dcDNA_2h	0.00368358673334252	0.00310593591411466	0.84318251176247	cluster_2
UL13	L	4h	4	C6	C6_dcDNA_4h	0	0		cluster_2
UL13	L	4h	4	NRK	NRK_dcDNA_4h	0.000645994832041344	0.00111889587052253	1.73205080756888	cluster_2
UL13	L	4h	4	PC-12	PC-12_dcDNA_4h	0.000450112666886504	0.000459849977611943	1.02163305199294	cluster_2
UL13	L	4h	4	PK-15	PK-15_dcDNA_4h	0.000463976557009624	0.000415901534459426	0.896384802585617	cluster_2
UL13	L	6h	6	C6	C6_dcDNA_6h	0.000992195432945533	0.00117049764928699	1.17970473398787	cluster_2
UL13	L	6h	6	NRK	NRK_dcDNA_6h	0	0		cluster_2
UL13	L	6h	6	PC-12	PC-12_dcDNA_6h	0.00038283775321813	9.40215149735649e-05	0.245591021740205	cluster_2
UL13	L	6h	6	PK-15	PK-15_dcDNA_6h	0.000211453941123039	7.30042724983854e-05	0.345249050978465	cluster_2
UL13	L	8h	8	C6	C6_dcDNA_8h	0.000404699777290448	0.000372145046924344	0.9195583190481	cluster_2
UL13	L	8h	8	NRK	NRK_dcDNA_8h	0.00115437770144787	0.000603989174623613	0.523216252242283	cluster_2
UL13	L	8h	8	PC-12	PC-12_dcDNA_8h	0.000129871090098156	5.46784483694482e-05	0.421020939518737	cluster_2
UL13	L	8h	8	PK-15	PK-15_dcDNA_8h	0.000204420288403855	6.60911527133372e-05	0.323310143182886	cluster_2
UL12	L	0.5h	0.5	PC-12	PC-12_dcDNA_0.5h	0	0		cluster_2
UL12	L	1.5h	1.5	PC-12	PC-12_dcDNA_1.5h	0.0067823452454727	0.00589204342514802	0.868732453435783	cluster_2
UL12	L	12h	12	C6	C6_dcDNA_12h	0.00340199266839257	0.00144268969405178	0.424071958606968	cluster_2
UL12	L	12h	12	NRK	NRK_dcDNA_12h	0.000767744662368956	0.00025454222296631	0.331545415347979	cluster_2
UL12	L	12h	12	PC-12	PC-12_dcDNA_12h	0.000473337062805457	0.000136277427484919	0.287907789593332	cluster_2
UL12	L	12h	12	PK-15	PK-15_dcDNA_12h	0.00017569911543422	3.83331883888473e-05	0.218175192823887	cluster_2
UL12	L	1h	1	C6	C6_dcDNA_1h	0.0102370193159667	0.00402898060842945	0.393569698764312	cluster_2
UL12	L	1h	1	NRK	NRK_dcDNA_1h	0	0		cluster_2
UL12	L	1h	1	PC-12	PC-12_dcDNA_1h	0.0119770041520281	0.01053371292497	0.879494804482159	cluster_2
UL12	L	1h	1	PK-15	PK-15_dcDNA_1h	0	0		cluster_2
UL12	L	2.5h	2.5	PC-12	PC-12_dcDNA_2.5h	0	0		cluster_2
UL12	L	2h	2	C6	C6_dcDNA_2h	0.00807651118514993	0.00338660732303172	0.419315623466056	cluster_2
UL12	L	2h	2	NRK	NRK_dcDNA_2h	0	0		cluster_2
UL12	L	2h	2	PC-12	PC-12_dcDNA_2h	0.00543151245513617	0.00374749718870535	0.689954634120673	cluster_2
UL12	L	2h	2	PK-15	PK-15_dcDNA_2h	0.00260831791613822	0.00381996826905246	1.4645332324781	cluster_2
UL12	L	4h	4	C6	C6_dcDNA_4h	0.0037740333617458	0.00189696720387242	0.502636575261994	cluster_2
UL12	L	4h	4	NRK	NRK_dcDNA_4h	0.00227238182094543	0.00202268351942667	0.890116045104217	cluster_2
UL12	L	4h	4	PC-12	PC-12_dcDNA_4h	0.00100622391877402	0.000201954286900759	0.200705114570144	cluster_2
UL12	L	4h	4	PK-15	PK-15_dcDNA_4h	0.00168416467842379	0.000655211391040498	0.38904235401357	cluster_2
UL12	L	6h	6	C6	C6_dcDNA_6h	0.00733939190873931	0.00274255032200215	0.373675415634433	cluster_2
UL12	L	6h	6	NRK	NRK_dcDNA_6h	0.00152096994617433	0.000525577303008499	0.345554035653679	cluster_2
UL12	L	6h	6	PC-12	PC-12_dcDNA_6h	0.00100000867362923	0.000165769503002504	0.165768065191769	cluster_2
UL12	L	6h	6	PK-15	PK-15_dcDNA_6h	0.000640625382221117	0.000245408219423503	0.383076016396113	cluster_2
UL12	L	8h	8	C6	C6_dcDNA_8h	0.0035948525016653	0.00100158614068706	0.278616755547849	cluster_2
UL12	L	8h	8	NRK	NRK_dcDNA_8h	0.00130862727726153	0.000340780413749969	0.260410599466561	cluster_2
UL12	L	8h	8	PC-12	PC-12_dcDNA_8h	0.000835240773737945	0.000108661256008225	0.130095727393592	cluster_2
UL12	L	8h	8	PK-15	PK-15_dcDNA_8h	0.000639254542932495	0.000147533810072698	0.230790397508802	cluster_2
UL11	L	0.5h	0.5	PC-12	PC-12_dcDNA_0.5h	0.0625	0.0883883476483184	1.4142135623731	cluster_4
UL11	L	1.5h	1.5	PC-12	PC-12_dcDNA_1.5h	0.0582450185955582	0.00504982901532316	0.0866997579722339	cluster_4
UL11	L	12h	12	C6	C6_dcDNA_12h	0.027265760334707	0.0036621868045788	0.134314494062252	cluster_4
UL11	L	12h	12	NRK	NRK_dcDNA_12h	0.0456496591778283	0.0157692225095377	0.345440092950281	cluster_4
UL11	L	12h	12	PC-12	PC-12_dcDNA_12h	0.0213220847667137	0.00142201158960821	0.0666919583692928	cluster_4
UL11	L	12h	12	PK-15	PK-15_dcDNA_12h	0.0200218543052411	0.00414525403133255	0.207036469656432	cluster_4
UL11	L	1h	1	C6	C6_dcDNA_1h	0.0141356547935495	0.00888221637420111	0.628355495654456	cluster_4
UL11	L	1h	1	NRK	NRK_dcDNA_1h	0.0333333333333333	0.0577350269189626	1.73205080756888	cluster_4
UL11	L	1h	1	PC-12	PC-12_dcDNA_1h	0.0419302740157338	0.0190085148293148	0.453336289244904	cluster_4
UL11	L	1h	1	PK-15	PK-15_dcDNA_1h	0.0457117806472182	0.0326778187411653	0.714866458459738	cluster_4
UL11	L	2.5h	2.5	PC-12	PC-12_dcDNA_2.5h	0.0491498893754533	0.00874517882205586	0.177928759010054	cluster_4
UL11	L	2h	2	C6	C6_dcDNA_2h	0.0351469538315088	0.00952877712629421	0.271112460327978	cluster_4
UL11	L	2h	2	NRK	NRK_dcDNA_2h	0.044839788283628	0.00204957300491373	0.0457088020119417	cluster_4
UL11	L	2h	2	PC-12	PC-12_dcDNA_2h	0.0315087145329732	0.0172665800422986	0.547993794676374	cluster_4
UL11	L	2h	2	PK-15	PK-15_dcDNA_2h	0.0235810706746244	0.00534537812812324	0.22668089171521	cluster_4
UL11	L	4h	4	C6	C6_dcDNA_4h	0.0182014414722552	0.00315653481641564	0.173422243574895	cluster_4
UL11	L	4h	4	NRK	NRK_dcDNA_4h	0.0452503389873871	0.0107480152914797	0.237523420420685	cluster_4
UL11	L	4h	4	PC-12	PC-12_dcDNA_4h	0.0114345894914293	0.00103394337886217	0.0904224309615272	cluster_4
UL11	L	4h	4	PK-15	PK-15_dcDNA_4h	0.035737622888783	0.00575256794485558	0.160966720219691	cluster_4
UL11	L	6h	6	C6	C6_dcDNA_6h	0.0262346003442917	0.00405554727236746	0.154587728387099	cluster_4
UL11	L	6h	6	NRK	NRK_dcDNA_6h	0.0341732058954983	0.00285688900348682	0.0836002630898369	cluster_4
UL11	L	6h	6	PC-12	PC-12_dcDNA_6h	0.0114600240997301	0.000660463998307224	0.0576319903483257	cluster_4
UL11	L	6h	6	PK-15	PK-15_dcDNA_6h	0.0240441343559876	0.00121660682683618	0.0505989032012382	cluster_4
UL11	L	8h	8	C6	C6_dcDNA_8h	0.036879967930654	0.00199601860887834	0.0541220266956708	cluster_4
UL11	L	8h	8	NRK	NRK_dcDNA_8h	0.0332826468104595	0.00820535605847206	0.246535562667252	cluster_4
UL11	L	8h	8	PC-12	PC-12_dcDNA_8h	0.0280576200769768	0.00691676665445651	0.246520076737805	cluster_4
UL11	L	8h	8	PK-15	PK-15_dcDNA_8h	0.0290023210693236	0.00283056307310023	0.0975978117866636	cluster_4
UL10	L	0.5h	0.5	PC-12	PC-12_dcDNA_0.5h	0	0		cluster_6
UL10	L	1.5h	1.5	PC-12	PC-12_dcDNA_1.5h	0.00354609929078014	0.00614202414031517	1.73205080756888	cluster_6
UL10	L	12h	12	C6	C6_dcDNA_12h	0.0218620769054524	0.000882180711532461	0.0403520999101621	cluster_6
UL10	L	12h	12	NRK	NRK_dcDNA_12h	0.0208463607864291	0.00707331856549639	0.339307116381729	cluster_6
UL10	L	12h	12	PC-12	PC-12_dcDNA_12h	0.0136690788801305	0.00392432511540027	0.287095066888867	cluster_6
UL10	L	12h	12	PK-15	PK-15_dcDNA_12h	0.0344950621865503	0.0173556535111756	0.50313443174318	cluster_6
UL10	L	1h	1	C6	C6_dcDNA_1h	0.00378787878787879	0.00656079851351848	1.73205080756888	cluster_6
UL10	L	1h	1	NRK	NRK_dcDNA_1h	0	0		cluster_6
UL10	L	1h	1	PC-12	PC-12_dcDNA_1h	0	0		cluster_6
UL10	L	1h	1	PK-15	PK-15_dcDNA_1h	0	0		cluster_6
UL10	L	2.5h	2.5	PC-12	PC-12_dcDNA_2.5h	0.00389366272824919	0.00345192269929711	0.886548974633272	cluster_6
UL10	L	2h	2	C6	C6_dcDNA_2h	0.00545871013802951	0.00031552242140047	0.0578016442386823	cluster_6
UL10	L	2h	2	NRK	NRK_dcDNA_2h	0.0160186726243134	0.00488244511460182	0.30479710954272	cluster_6
UL10	L	2h	2	PC-12	PC-12_dcDNA_2h	0.00669882337034	0.00681480850481648	1.01731425476749	cluster_6
UL10	L	2h	2	PK-15	PK-15_dcDNA_2h	0.007210205213533	0.0124884417628372	1.73205080756888	cluster_6
UL10	L	4h	4	C6	C6_dcDNA_4h	0.0199860448237586	0.00442164342109558	0.221236540800675	cluster_6
UL10	L	4h	4	NRK	NRK_dcDNA_4h	0.00499887882085062	0.00147138390972893	0.294342784144256	cluster_6
UL10	L	4h	4	PC-12	PC-12_dcDNA_4h	0.0079972635278933	0.00144088396001118	0.180172124500535	cluster_6
UL10	L	4h	4	PK-15	PK-15_dcDNA_4h	0.00652539510648395	0.000351641964216122	0.0538882256902289	cluster_6
UL10	L	6h	6	C6	C6_dcDNA_6h	0.0254618758429617	0.000744348407835416	0.0292338401312711	cluster_6
UL10	L	6h	6	NRK	NRK_dcDNA_6h	0.00931914771359494	0.00339164599866438	0.363943796460762	cluster_6
UL10	L	6h	6	PC-12	PC-12_dcDNA_6h	0.0123934407951942	0.00139730896354429	0.11274584569655	cluster_6
UL10	L	6h	6	PK-15	PK-15_dcDNA_6h	0.00947856053364308	0.00227965522980278	0.240506480041079	cluster_6
UL10	L	8h	8	C6	C6_dcDNA_8h	0.0130329806960345	0.00203682719085139	0.156282529557581	cluster_6
UL10	L	8h	8	NRK	NRK_dcDNA_8h	0.0149689405596946	0.00232662698651382	0.155430304318163	cluster_6
UL10	L	8h	8	PC-12	PC-12_dcDNA_8h	0.0159483504807494	0.0139122439706499	0.872331216161999	cluster_6
UL10	L	8h	8	PK-15	PK-15_dcDNA_8h	0.019940508369185	0.00521279311730304	0.261417262829598	cluster_6
UL9	L	0.5h	0.5	PC-12	PC-12_dcDNA_0.5h	0	0		cluster_11
UL9	L	1.5h	1.5	PC-12	PC-12_dcDNA_1.5h	0	0		cluster_11
UL9	L	12h	12	C6	C6_dcDNA_12h	5.27907888858222e-05	4.74280255097058e-05	0.898414789979457	cluster_11
UL9	L	12h	12	NRK	NRK_dcDNA_12h	0	0		cluster_11
UL9	L	12h	12	PC-12	PC-12_dcDNA_12h	1.73191087685294e-05	1.66971187810041e-05	0.964086489909024	cluster_11
UL9	L	12h	12	PK-15	PK-15_dcDNA_12h	0	0		cluster_11
UL9	L	1h	1	C6	C6_dcDNA_1h	0	0		cluster_11
UL9	L	1h	1	NRK	NRK_dcDNA_1h	0	0		cluster_11
UL9	L	1h	1	PC-12	PC-12_dcDNA_1h	0	0		cluster_11
UL9	L	1h	1	PK-15	PK-15_dcDNA_1h	0	0		cluster_11
UL9	L	2.5h	2.5	PC-12	PC-12_dcDNA_2.5h	0	0		cluster_11
UL9	L	2h	2	C6	C6_dcDNA_2h	0	0		cluster_11
UL9	L	2h	2	NRK	NRK_dcDNA_2h	0	0		cluster_11
UL9	L	2h	2	PC-12	PC-12_dcDNA_2h	0	0		cluster_11
UL9	L	2h	2	PK-15	PK-15_dcDNA_2h	0	0		cluster_11
UL9	L	4h	4	C6	C6_dcDNA_4h	0	0		cluster_11
UL9	L	4h	4	NRK	NRK_dcDNA_4h	0	0		cluster_11
UL9	L	4h	4	PC-12	PC-12_dcDNA_4h	0	0		cluster_11
UL9	L	4h	4	PK-15	PK-15_dcDNA_4h	0	0		cluster_11
UL9	L	6h	6	C6	C6_dcDNA_6h	0	0		cluster_11
UL9	L	6h	6	NRK	NRK_dcDNA_6h	0	0		cluster_11
UL9	L	6h	6	PC-12	PC-12_dcDNA_6h	0	0		cluster_11
UL9	L	6h	6	PK-15	PK-15_dcDNA_6h	1.02893361320328e-05	1.7821652956835e-05	1.73205080756888	cluster_11
UL9	L	8h	8	C6	C6_dcDNA_8h	0	0		cluster_11
UL9	L	8h	8	NRK	NRK_dcDNA_8h	0	0		cluster_11
UL9	L	8h	8	PC-12	PC-12_dcDNA_8h	4.56037942356804e-05	6.44935043037712e-05	1.4142135623731	cluster_11
UL9	L	8h	8	PK-15	PK-15_dcDNA_8h	5.71108750528276e-06	9.89189372562152e-06	1.73205080756888	cluster_11
UL8	E	0.5h	0.5	PC-12	PC-12_dcDNA_0.5h	0	0		cluster_2
UL8	E	1.5h	1.5	PC-12	PC-12_dcDNA_1.5h	0	0		cluster_2
UL8	E	12h	12	C6	C6_dcDNA_12h	0.000315608035993958	0.000100580709730449	0.31868868425256	cluster_2
UL8	E	12h	12	NRK	NRK_dcDNA_12h	0.000132649460125192	2.14449255399576e-05	0.161666135088061	cluster_2
UL8	E	12h	12	PC-12	PC-12_dcDNA_12h	0.000228323040200678	9.74539675948406e-05	0.426824938513373	cluster_2
UL8	E	12h	12	PK-15	PK-15_dcDNA_12h	7.86268723561957e-05	1.68153064158648e-05	0.213862079362486	cluster_2
UL8	E	1h	1	C6	C6_dcDNA_1h	0	0		cluster_2
UL8	E	1h	1	NRK	NRK_dcDNA_1h	0	0		cluster_2
UL8	E	1h	1	PC-12	PC-12_dcDNA_1h	0.0066006600660066	0.0114326785978144	1.73205080756888	cluster_2
UL8	E	1h	1	PK-15	PK-15_dcDNA_1h	0	0		cluster_2
UL8	E	2.5h	2.5	PC-12	PC-12_dcDNA_2.5h	0	0		cluster_2
UL8	E	2h	2	C6	C6_dcDNA_2h	0	0		cluster_2
UL8	E	2h	2	NRK	NRK_dcDNA_2h	0	0		cluster_2
UL8	E	2h	2	PC-12	PC-12_dcDNA_2h	0.00310353171388594	0.00280264773415952	0.903051101949371	cluster_2
UL8	E	2h	2	PK-15	PK-15_dcDNA_2h	0.00279540115297724	0.000989217559857921	0.353873203065813	cluster_2
UL8	E	4h	4	C6	C6_dcDNA_4h	0.00123360424697647	0.00106856434807377	0.866213253312631	cluster_2
UL8	E	4h	4	NRK	NRK_dcDNA_4h	0.00325277397780818	0.00299028394147762	0.919302712662675	cluster_2
UL8	E	4h	4	PC-12	PC-12_dcDNA_4h	0.000443829593693147	0.000460365657165544	1.03725768562389	cluster_2
UL8	E	4h	4	PK-15	PK-15_dcDNA_4h	0.000749116584982264	0.000423372361605279	0.56516217914906	cluster_2
UL8	E	6h	6	C6	C6_dcDNA_6h	9.86193293885601e-05	0.000170813689109357	1.73205080756888	cluster_2
UL8	E	6h	6	NRK	NRK_dcDNA_6h	0.00116804952972824	0.000135215519404951	0.115761802871844	cluster_2
UL8	E	6h	6	PC-12	PC-12_dcDNA_6h	0.000433032725566354	0.000337168053298425	0.77862025983706	cluster_2
UL8	E	6h	6	PK-15	PK-15_dcDNA_6h	0.00031992253928362	5.95091228446242e-05	0.186011035602177	cluster_2
UL8	E	8h	8	C6	C6_dcDNA_8h	0.000375936462666723	0.000198438225786456	0.527850436158348	cluster_2
UL8	E	8h	8	NRK	NRK_dcDNA_8h	0.00104564239889204	0.000333411386511042	0.318857944995655	cluster_2
UL8	E	8h	8	PC-12	PC-12_dcDNA_8h	0.000487761151374714	0.00021311062477996	0.436915945805288	cluster_2
UL8	E	8h	8	PK-15	PK-15_dcDNA_8h	0.000296396423959028	2.54756889642437e-05	0.0859514046220925	cluster_2
UL7	E	0.5h	0.5	PC-12	PC-12_dcDNA_0.5h	0	0		cluster_8
UL7	E	1.5h	1.5	PC-12	PC-12_dcDNA_1.5h	0	0		cluster_8
UL7	E	12h	12	C6	C6_dcDNA_12h	0.00328640004683181	0.000273644490883026	0.0832657275388089	cluster_8
UL7	E	12h	12	NRK	NRK_dcDNA_12h	0.00446308058723638	0.00106361503576789	0.238314100536217	cluster_8
UL7	E	12h	12	PC-12	PC-12_dcDNA_12h	0.00224837974690593	0.000166734912193629	0.0741578073824401	cluster_8
UL7	E	12h	12	PK-15	PK-15_dcDNA_12h	0.00114991886760203	0.000251464769695657	0.218680445012652	cluster_8
UL7	E	1h	1	C6	C6_dcDNA_1h	0.00579257487152224	0.00584873978769254	1.00969601902712	cluster_8
UL7	E	1h	1	NRK	NRK_dcDNA_1h	0	0		cluster_8
UL7	E	1h	1	PC-12	PC-12_dcDNA_1h	0	0		cluster_8
UL7	E	1h	1	PK-15	PK-15_dcDNA_1h	0	0		cluster_8
UL7	E	2.5h	2.5	PC-12	PC-12_dcDNA_2.5h	0.00276905634048491	0.00257882223625739	0.931300023966213	cluster_8
UL7	E	2h	2	C6	C6_dcDNA_2h	0.00403825559257496	0.00169330366151586	0.419315623466056	cluster_8
UL7	E	2h	2	NRK	NRK_dcDNA_2h	0.00505050505050505	0.00874773135135797	1.73205080756888	cluster_8
UL7	E	2h	2	PC-12	PC-12_dcDNA_2h	0.00414451116813488	0.00500765332898235	1.20826151163103	cluster_8
UL7	E	2h	2	PK-15	PK-15_dcDNA_2h	0.000554631170271769	0.000960649366372089	1.73205080756888	cluster_8
UL7	E	4h	4	C6	C6_dcDNA_4h	0.00695256200783416	0.00414129109768001	0.595649645844741	cluster_8
UL7	E	4h	4	NRK	NRK_dcDNA_4h	0.00387596899224806	0.00671337522313518	1.73205080756888	cluster_8
UL7	E	4h	4	PC-12	PC-12_dcDNA_4h	0.00476565166116593	0.00078124160764918	0.163931748099702	cluster_8
UL7	E	4h	4	PK-15	PK-15_dcDNA_4h	0.00348026813416775	0.00165762874168211	0.476293399755103	cluster_8
UL7	E	6h	6	C6	C6_dcDNA_6h	0.00364710455250318	0.000798774014480967	0.219015935239019	cluster_8
UL7	E	6h	6	NRK	NRK_dcDNA_6h	0.00250133178821488	0.000752979754270046	0.301031537606382	cluster_8
UL7	E	6h	6	PC-12	PC-12_dcDNA_6h	0.00344993316548579	0.000483788747009647	0.140231338928424	cluster_8
UL7	E	6h	6	PK-15	PK-15_dcDNA_6h	0.00133118030973513	7.86681346225439e-05	0.0590965281316374	cluster_8
UL7	E	8h	8	C6	C6_dcDNA_8h	0.00298063432367787	0.000243947177401515	0.0818440475786051	cluster_8
UL7	E	8h	8	NRK	NRK_dcDNA_8h	0.00814570461644934	0.000279863750038767	0.0343572180942595	cluster_8
UL7	E	8h	8	PC-12	PC-12_dcDNA_8h	0.00276546450141015	0.000216626871285777	0.0783329061628946	cluster_8
UL7	E	8h	8	PK-15	PK-15_dcDNA_8h	0.00192156035620115	0.000493569500014519	0.256858702575592	cluster_8
UL6	L	0.5h	0.5	PC-12	PC-12_dcDNA_0.5h	0	0		cluster_1
UL6	L	1.5h	1.5	PC-12	PC-12_dcDNA_1.5h	0	0		cluster_1
UL6	L	12h	12	C6	C6_dcDNA_12h	0.00128427711985587	0.000335452162437399	0.261199204790821	cluster_1
UL6	L	12h	12	NRK	NRK_dcDNA_12h	0.000231765461084839	0.000146965126866466	0.634111425311421	cluster_1
UL6	L	12h	12	PC-12	PC-12_dcDNA_12h	0.000248981980120007	7.29196483904315e-05	0.292871188329714	cluster_1
UL6	L	12h	12	PK-15	PK-15_dcDNA_12h	0.000233307031484543	7.17670711076064e-05	0.307607836124566	cluster_1
UL6	L	1h	1	C6	C6_dcDNA_1h	0	0		cluster_1
UL6	L	1h	1	NRK	NRK_dcDNA_1h	0	0		cluster_1
UL6	L	1h	1	PC-12	PC-12_dcDNA_1h	0.00537634408602151	0.0093121011159617	1.73205080756888	cluster_1
UL6	L	1h	1	PK-15	PK-15_dcDNA_1h	0	0		cluster_1
UL6	L	2.5h	2.5	PC-12	PC-12_dcDNA_2.5h	0	0		cluster_1
UL6	L	2h	2	C6	C6_dcDNA_2h	0	0		cluster_1
UL6	L	2h	2	NRK	NRK_dcDNA_2h	0	0		cluster_1
UL6	L	2h	2	PC-12	PC-12_dcDNA_2h	0	0		cluster_1
UL6	L	2h	2	PK-15	PK-15_dcDNA_2h	0	0		cluster_1
UL6	L	4h	4	C6	C6_dcDNA_4h	0.000609384521633151	0.00105548495281467	1.73205080756888	cluster_1
UL6	L	4h	4	NRK	NRK_dcDNA_4h	0	0		cluster_1
UL6	L	4h	4	PC-12	PC-12_dcDNA_4h	0	0		cluster_1
UL6	L	4h	4	PK-15	PK-15_dcDNA_4h	0.000328049071597608	4.05472385189243e-05	0.123601137846415	cluster_1
UL6	L	6h	6	C6	C6_dcDNA_6h	0.000465025872966782	0.000122703750785885	0.263864352327446	cluster_1
UL6	L	6h	6	NRK	NRK_dcDNA_6h	0.000352920416446091	0.000611276092312997	1.73205080756888	cluster_1
UL6	L	6h	6	PC-12	PC-12_dcDNA_6h	0.00043265356928719	0.0003206764023821	0.741185154003062	cluster_1
UL6	L	6h	6	PK-15	PK-15_dcDNA_6h	0.00029267399424414	3.9935001179268e-05	0.136448751732808	cluster_1
UL6	L	8h	8	C6	C6_dcDNA_8h	0.000954299641693998	0.000193301951272268	0.202558968720907	cluster_1
UL6	L	8h	8	NRK	NRK_dcDNA_8h	0.000624604730890807	0.000541043882052553	0.866218034053184	cluster_1
UL6	L	8h	8	PC-12	PC-12_dcDNA_8h	0.000400023709207796	0.000208203096812798	0.520476891795043	cluster_1
UL6	L	8h	8	PK-15	PK-15_dcDNA_8h	0.000497910159552033	0.000206833557650424	0.415403368825636	cluster_1
UL5	E	0.5h	0.5	PC-12	PC-12_dcDNA_0.5h	0	0		cluster_10
UL5	E	1.5h	1.5	PC-12	PC-12_dcDNA_1.5h	0	0		cluster_10
UL5	E	12h	12	C6	C6_dcDNA_12h	0.000100814782506941	3.25838795033841e-05	0.323205374183499	cluster_10
UL5	E	12h	12	NRK	NRK_dcDNA_12h	0.000116909227640626	0.000121010135914153	1.03507771248078	cluster_10
UL5	E	12h	12	PC-12	PC-12_dcDNA_12h	5.09487369827261e-05	4.720794535459e-05	0.926577343234153	cluster_10
UL5	E	12h	12	PK-15	PK-15_dcDNA_12h	4.31082003863445e-05	3.60782713079808e-05	0.836923624383295	cluster_10
UL5	E	1h	1	C6	C6_dcDNA_1h	0.00384325713273082	0.00332939472782088	0.866295075462512	cluster_10
UL5	E	1h	1	NRK	NRK_dcDNA_1h	0	0		cluster_10
UL5	E	1h	1	PC-12	PC-12_dcDNA_1h	0	0		cluster_10
UL5	E	1h	1	PK-15	PK-15_dcDNA_1h	0.00813008130081301	0.0140817138826738	1.73205080756888	cluster_10
UL5	E	2.5h	2.5	PC-12	PC-12_dcDNA_2.5h	0.000850340136054422	0.00147283231936129	1.73205080756888	cluster_10
UL5	E	2h	2	C6	C6_dcDNA_2h	0	0		cluster_10
UL5	E	2h	2	NRK	NRK_dcDNA_2h	0	0		cluster_10
UL5	E	2h	2	PC-12	PC-12_dcDNA_2h	0.000908265213442325	0.0015731614964295	1.73205080756888	cluster_10
UL5	E	2h	2	PK-15	PK-15_dcDNA_2h	0	0		cluster_10
UL5	E	4h	4	C6	C6_dcDNA_4h	0.000609384521633151	0.00105548495281467	1.73205080756888	cluster_10
UL5	E	4h	4	NRK	NRK_dcDNA_4h	0	0		cluster_10
UL5	E	4h	4	PC-12	PC-12_dcDNA_4h	0.00013745704467354	0.000238082585232835	1.73205080756888	cluster_10
UL5	E	4h	4	PK-15	PK-15_dcDNA_4h	6.2445360309729e-05	0.000108158536753396	1.73205080756888	cluster_10
UL5	E	6h	6	C6	C6_dcDNA_6h	0.000580606085634373	0.000118820323598505	0.204648773993957	cluster_10
UL5	E	6h	6	NRK	NRK_dcDNA_6h	0.000187687687687688	0.000325084611030195	1.73205080756888	cluster_10
UL5	E	6h	6	PC-12	PC-12_dcDNA_6h	0.000240904188062829	0.000133000890893086	0.552090405578165	cluster_10
UL5	E	6h	6	PK-15	PK-15_dcDNA_6h	0.000125758324858005	5.55043972056942e-05	0.441357637900831	cluster_10
UL5	E	8h	8	C6	C6_dcDNA_8h	0	0		cluster_10
UL5	E	8h	8	NRK	NRK_dcDNA_8h	0.000233275970629535	0.000231397805766553	0.991948742693416	cluster_10
UL5	E	8h	8	PC-12	PC-12_dcDNA_8h	0.000126400943793714	0.000178757929009829	1.4142135623731	cluster_10
UL5	E	8h	8	PK-15	PK-15_dcDNA_8h	0.000177988483139011	0.000112953192882801	0.634609559510563	cluster_10
UL4	L	0.5h	0.5	PC-12	PC-12_dcDNA_0.5h	0	0		cluster_4
UL4	L	1.5h	1.5	PC-12	PC-12_dcDNA_1.5h	0	0		cluster_4
UL4	L	12h	12	C6	C6_dcDNA_12h	0.0026080411189501	0.00020757193170893	0.0795892097715433	cluster_4
UL4	L	12h	12	NRK	NRK_dcDNA_12h	0.00444430073460305	0.00111285499347923	0.250400470160494	cluster_4
UL4	L	12h	12	PC-12	PC-12_dcDNA_12h	0.00167983022533287	4.83830167304958e-05	0.0288023253783925	cluster_4
UL4	L	12h	12	PK-15	PK-15_dcDNA_12h	0.00121820995663834	0.000123740877057829	0.101575985636576	cluster_4
UL4	L	1h	1	C6	C6_dcDNA_1h	0	0		cluster_4
UL4	L	1h	1	NRK	NRK_dcDNA_1h	0	0		cluster_4
UL4	L	1h	1	PC-12	PC-12_dcDNA_1h	0	0		cluster_4
UL4	L	1h	1	PK-15	PK-15_dcDNA_1h	0	0		cluster_4
UL4	L	2.5h	2.5	PC-12	PC-12_dcDNA_2.5h	0.00581237893267968	0.00232093675294869	0.399309263871182	cluster_4
UL4	L	2h	2	C6	C6_dcDNA_2h	0.00710227272727273	0.0100441304145816	1.4142135623731	cluster_4
UL4	L	2h	2	NRK	NRK_dcDNA_2h	0.00387596899224806	0.00671337522313518	1.73205080756888	cluster_4
UL4	L	2h	2	PC-12	PC-12_dcDNA_2h	0.000908265213442325	0.0015731614964295	1.73205080756888	cluster_4
UL4	L	2h	2	PK-15	PK-15_dcDNA_2h	0.00144281675063705	0.0018265420303319	1.26595565897431	cluster_4
UL4	L	4h	4	C6	C6_dcDNA_4h	0.00494925219161606	0.00470453648525934	0.950555013791526	cluster_4
UL4	L	4h	4	NRK	NRK_dcDNA_4h	0.00478419935016758	0.00418303511556003	0.874343815839009	cluster_4
UL4	L	4h	4	PC-12	PC-12_dcDNA_4h	0.00260630062230144	0.000142513999267239	0.0546805683303697	cluster_4
UL4	L	4h	4	PK-15	PK-15_dcDNA_4h	0.0027024936462149	0.000872261698954875	0.322761794528754	cluster_4
UL4	L	6h	6	C6	C6_dcDNA_6h	0.00247463134405956	0.000262557524484833	0.106099652020941	cluster_4
UL4	L	6h	6	NRK	NRK_dcDNA_6h	0.00466097063944831	0.000673785069263601	0.144558960221932	cluster_4
UL4	L	6h	6	PC-12	PC-12_dcDNA_6h	0.00224130069160045	6.63286921436732e-05	0.0295938391453891	cluster_4
UL4	L	6h	6	PK-15	PK-15_dcDNA_6h	0.00190776719838174	0.000355962442346393	0.186585890903427	cluster_4
UL4	L	8h	8	C6	C6_dcDNA_8h	0.00353192208060457	0.000528840201594519	0.149731559622628	cluster_4
UL4	L	8h	8	NRK	NRK_dcDNA_8h	0.004700932924671	6.37269673110767e-05	0.0135562383748619	cluster_4
UL4	L	8h	8	PC-12	PC-12_dcDNA_8h	0.00233024743688	0.000316168712090351	0.135680317500391	cluster_4
UL4	L	8h	8	PK-15	PK-15_dcDNA_8h	0.00144817605746002	0.00018464037606845	0.127498569747309	cluster_4
UL3.5	L	0.5h	0.5	PC-12	PC-12_dcDNA_0.5h	0	0		cluster_1
UL3.5	L	1.5h	1.5	PC-12	PC-12_dcDNA_1.5h	0.00354609929078014	0.00614202414031517	1.73205080756888	cluster_1
UL3.5	L	12h	12	C6	C6_dcDNA_12h	0.0316285321267593	0.00229674396498516	0.0726162047539979	cluster_1
UL3.5	L	12h	12	NRK	NRK_dcDNA_12h	0.0199036844842525	0.00508538556021756	0.255499707315047	cluster_1
UL3.5	L	12h	12	PC-12	PC-12_dcDNA_12h	0.0175522410452626	0.00287570332715598	0.163836818315126	cluster_1
UL3.5	L	12h	12	PK-15	PK-15_dcDNA_12h	0.0208234819968558	0.00486456960015241	0.233609806510118	cluster_1
UL3.5	L	1h	1	C6	C6_dcDNA_1h	0.00568181818181818	0.00984119777027771	1.73205080756888	cluster_1
UL3.5	L	1h	1	NRK	NRK_dcDNA_1h	0	0		cluster_1
UL3.5	L	1h	1	PC-12	PC-12_dcDNA_1h	0	0		cluster_1
UL3.5	L	1h	1	PK-15	PK-15_dcDNA_1h	0.00980392156862745	0.0169808902702831	1.73205080756888	cluster_1
UL3.5	L	2.5h	2.5	PC-12	PC-12_dcDNA_2.5h	0.00276905634048491	0.00257882223625739	0.931300023966213	cluster_1
UL3.5	L	2h	2	C6	C6_dcDNA_2h	0.00284090909090909	0.00401765216583266	1.4142135623731	cluster_1
UL3.5	L	2h	2	NRK	NRK_dcDNA_2h	0.00505050505050505	0.00874773135135797	1.73205080756888	cluster_1
UL3.5	L	2h	2	PC-12	PC-12_dcDNA_2h	0.00128700128700129	0.00222915161849276	1.73205080756888	cluster_1
UL3.5	L	2h	2	PK-15	PK-15_dcDNA_2h	0.00662158051992199	0.00882394478255517	1.33260401440518	cluster_1
UL3.5	L	4h	4	C6	C6_dcDNA_4h	0.0199267040089179	0.00652638274361102	0.327519430242465	cluster_1
UL3.5	L	4h	4	NRK	NRK_dcDNA_4h	0.0141835182150226	0.00862657692022182	0.608211361204084	cluster_1
UL3.5	L	4h	4	PC-12	PC-12_dcDNA_4h	0.0140482023147389	0.00580085146932	0.412924824070475	cluster_1
UL3.5	L	4h	4	PK-15	PK-15_dcDNA_4h	0.00909871219759696	0.00225590657788065	0.24793690897009	cluster_1
UL3.5	L	6h	6	C6	C6_dcDNA_6h	0.0193453988445139	0.00304285567256656	0.157290924680495	cluster_1
UL3.5	L	6h	6	NRK	NRK_dcDNA_6h	0.0175879148737567	0.00157830000969278	0.0897377557841036	cluster_1
UL3.5	L	6h	6	PC-12	PC-12_dcDNA_6h	0.0173692914215201	0.00161228442477779	0.0928238455818762	cluster_1
UL3.5	L	6h	6	PK-15	PK-15_dcDNA_6h	0.0110692897347127	0.00334126451321918	0.301849946409945	cluster_1
UL3.5	L	8h	8	C6	C6_dcDNA_8h	0.018269080140282	0.00389988166564045	0.213468967002969	cluster_1
UL3.5	L	8h	8	NRK	NRK_dcDNA_8h	0.0192822232125898	0.004944623697751	0.256434314821257	cluster_1
UL3.5	L	8h	8	PC-12	PC-12_dcDNA_8h	0.0115243443483284	0.00330814123348276	0.287056784619823	cluster_1
UL3.5	L	8h	8	PK-15	PK-15_dcDNA_8h	0.0143729537936444	0.0030274605265052	0.21063593259751	cluster_1
UL3	L	0.5h	0.5	PC-12	PC-12_dcDNA_0.5h	0	0		cluster_1
UL3	L	1.5h	1.5	PC-12	PC-12_dcDNA_1.5h	0	0		cluster_1
UL3	L	12h	12	C6	C6_dcDNA_12h	0.00356022292619044	0.000756703777209923	0.212543931348597	cluster_1
UL3	L	12h	12	NRK	NRK_dcDNA_12h	0.00134750461323288	0.000158726358403792	0.117792812614557	cluster_1
UL3	L	12h	12	PC-12	PC-12_dcDNA_12h	0.00184934853954275	0.000562340378696158	0.304074849425192	cluster_1
UL3	L	12h	12	PK-15	PK-15_dcDNA_12h	0.000939926647300025	0.000521147547049737	0.554455550916396	cluster_1
UL3	L	1h	1	C6	C6_dcDNA_1h	0	0		cluster_1
UL3	L	1h	1	NRK	NRK_dcDNA_1h	0	0		cluster_1
UL3	L	1h	1	PC-12	PC-12_dcDNA_1h	0	0		cluster_1
UL3	L	1h	1	PK-15	PK-15_dcDNA_1h	0	0		cluster_1
UL3	L	2.5h	2.5	PC-12	PC-12_dcDNA_2.5h	0	0		cluster_1
UL3	L	2h	2	C6	C6_dcDNA_2h	0.00142045454545455	0.00200882608291633	1.4142135623731	cluster_1
UL3	L	2h	2	NRK	NRK_dcDNA_2h	0.00387596899224806	0.00671337522313518	1.73205080756888	cluster_1
UL3	L	2h	2	PC-12	PC-12_dcDNA_2h	0	0		cluster_1
UL3	L	2h	2	PK-15	PK-15_dcDNA_2h	0.00162989998747607	0.00161317187104742	0.989736722156456	cluster_1
UL3	L	4h	4	C6	C6_dcDNA_4h	0.0037740333617458	0.00189696720387242	0.502636575261994	cluster_1
UL3	L	4h	4	NRK	NRK_dcDNA_4h	0.00239209967508379	0.00209151755778001	0.874343815839009	cluster_1
UL3	L	4h	4	PC-12	PC-12_dcDNA_4h	0.00272486535368917	0.000817846758519103	0.300142081300211	cluster_1
UL3	L	4h	4	PK-15	PK-15_dcDNA_4h	0.00242478171151385	0.00015970065128976	0.0658618672895114	cluster_1
UL3	L	6h	6	C6	C6_dcDNA_6h	0.00358540181348043	0.00235012223899915	0.655469696635712	cluster_1
UL3	L	6h	6	NRK	NRK_dcDNA_6h	0.00483892410479959	0.00125871856983146	0.260123643721333	cluster_1
UL3	L	6h	6	PC-12	PC-12_dcDNA_6h	0.00360217012880297	0.000539415551453269	0.1497473834287	cluster_1
UL3	L	6h	6	PK-15	PK-15_dcDNA_6h	0.00211263210062396	0.000596221033421181	0.282217160879591	cluster_1
UL3	L	8h	8	C6	C6_dcDNA_8h	0.00352733400353579	0.000864218621166247	0.245006177555048	cluster_1
UL3	L	8h	8	NRK	NRK_dcDNA_8h	0.00330567282495746	0.00125362282476668	0.37923378723447	cluster_1
UL3	L	8h	8	PC-12	PC-12_dcDNA_8h	0.00146675360042859	0.00076341135498026	0.520476891795044	cluster_1
UL3	L	8h	8	PK-15	PK-15_dcDNA_8h	0.00154222840304278	0.000350278245810736	0.227124753453928	cluster_1
UL2	E	0.5h	0.5	PC-12	PC-12_dcDNA_0.5h	0	0		cluster_2
UL2	E	1.5h	1.5	PC-12	PC-12_dcDNA_1.5h	0	0		cluster_2
UL2	E	12h	12	C6	C6_dcDNA_12h	0.00332216802581618	0.00139947775972947	0.421254358254698	cluster_2
UL2	E	12h	12	NRK	NRK_dcDNA_12h	0.000615158637720587	0.000312689562194241	0.508307195933854	cluster_2
UL2	E	12h	12	PC-12	PC-12_dcDNA_12h	0.000408637832468585	0.000232944554634693	0.570051366089804	cluster_2
UL2	E	12h	12	PK-15	PK-15_dcDNA_12h	0.000104262212060269	2.81675733998048e-05	0.270160903391562	cluster_2
UL2	E	1h	1	C6	C6_dcDNA_1h	0.00573719652667021	0.0056826277490678	0.990488598856821	cluster_2
UL2	E	1h	1	NRK	NRK_dcDNA_1h	0	0		cluster_2
UL2	E	1h	1	PC-12	PC-12_dcDNA_1h	0.0033003300330033	0.00571633929890719	1.73205080756888	cluster_2
UL2	E	1h	1	PK-15	PK-15_dcDNA_1h	0	0		cluster_2
UL2	E	2.5h	2.5	PC-12	PC-12_dcDNA_2.5h	0.00326135852451642	0.00328983411522944	1.00873120526276	cluster_2
UL2	E	2h	2	C6	C6_dcDNA_2h	0	0		cluster_2
UL2	E	2h	2	NRK	NRK_dcDNA_2h	0	0		cluster_2
UL2	E	2h	2	PC-12	PC-12_dcDNA_2h	0.00219526650044361	0.00198422240088174	0.903864018551175	cluster_2
UL2	E	2h	2	PK-15	PK-15_dcDNA_2h	0.00233100233100233	0.00403741446985752	1.73205080756888	cluster_2
UL2	E	4h	4	C6	C6_dcDNA_4h	0.0037740333617458	0.00189696720387242	0.502636575261994	cluster_2
UL2	E	4h	4	NRK	NRK_dcDNA_4h	0.00428072218986605	0.00508460306078062	1.18779094630753	cluster_2
UL2	E	4h	4	PC-12	PC-12_dcDNA_4h	0.000853037644264216	0.00038886256420957	0.455856276477671	cluster_2
UL2	E	4h	4	PK-15	PK-15_dcDNA_4h	0.00130239753714314	0.000244460888406964	0.18770066852491	cluster_2
UL2	E	6h	6	C6	C6_dcDNA_6h	0.00289462555977129	0.00045861878214837	0.158438033755428	cluster_2
UL2	E	6h	6	NRK	NRK_dcDNA_6h	0.000728295791821467	0.000631621387339602	0.867259421834524	cluster_2
UL2	E	6h	6	PC-12	PC-12_dcDNA_6h	0.00110451015189686	0.00021505465150119	0.194705907530011	cluster_2
UL2	E	6h	6	PK-15	PK-15_dcDNA_6h	0.00076564687536573	0.000158711150990682	0.207290274534027	cluster_2
UL2	E	8h	8	C6	C6_dcDNA_8h	0.00286970817595977	0.00158687695639286	0.55297502710781	cluster_2
UL2	E	8h	8	NRK	NRK_dcDNA_8h	0.00218106617752905	0.00151401362320726	0.694162166561353	cluster_2
UL2	E	8h	8	PC-12	PC-12_dcDNA_8h	0.000800047418415592	0.000416406193625596	0.520476891795044	cluster_2
UL2	E	8h	8	PK-15	PK-15_dcDNA_8h	0.000744960670838435	0.000208946001888982	0.280479238795007	cluster_2
UL1	L	0.5h	0.5	PC-12	PC-12_dcDNA_0.5h	0	0		cluster_12
UL1	L	1.5h	1.5	PC-12	PC-12_dcDNA_1.5h	0	0		cluster_12
UL1	L	12h	12	C6	C6_dcDNA_12h	0.00403314104545469	0.00100885520103354	0.250141314093269	cluster_12
UL1	L	12h	12	NRK	NRK_dcDNA_12h	0.000941055509633482	0.000205246599182491	0.218102542391394	cluster_12
UL1	L	12h	12	PC-12	PC-12_dcDNA_12h	0.00371771771431843	0.000521459727947161	0.140263400294974	cluster_12
UL1	L	12h	12	PK-15	PK-15_dcDNA_12h	0.0016614318226163	0.000206055879434373	0.124023072526618	cluster_12
UL1	L	1h	1	C6	C6_dcDNA_1h	0	0		cluster_12
UL1	L	1h	1	NRK	NRK_dcDNA_1h	0	0		cluster_12
UL1	L	1h	1	PC-12	PC-12_dcDNA_1h	0.00537634408602151	0.0093121011159617	1.73205080756888	cluster_12
UL1	L	1h	1	PK-15	PK-15_dcDNA_1h	0.00980392156862745	0.0169808902702831	1.73205080756888	cluster_12
UL1	L	2.5h	2.5	PC-12	PC-12_dcDNA_2.5h	0.00496203879662526	0.00169126117462408	0.340839974039367	cluster_12
UL1	L	2h	2	C6	C6_dcDNA_2h	0.00426136363636364	0.00602647824874898	1.4142135623731	cluster_12
UL1	L	2h	2	NRK	NRK_dcDNA_2h	0.00709219858156028	0.0122840482806303	1.73205080756888	cluster_12
UL1	L	2h	2	PC-12	PC-12_dcDNA_2h	0.00563976509057327	0.00260059754929523	0.461118062105471	cluster_12
UL1	L	2h	2	PK-15	PK-15_dcDNA_2h	0.00279540115297724	0.000989217559857921	0.353873203065813	cluster_12
UL1	L	4h	4	C6	C6_dcDNA_4h	0.004426968096775	0.00301445162035074	0.680929149353198	cluster_12
UL1	L	4h	4	NRK	NRK_dcDNA_4h	0.00356437148502812	0.00391336359777436	1.09791126267623	cluster_12
UL1	L	4h	4	PC-12	PC-12_dcDNA_4h	0.00574041712026742	0.00146519629112492	0.255242129696782	cluster_12
UL1	L	4h	4	PK-15	PK-15_dcDNA_4h	0.00310419139983945	0.000235390630426788	0.0758299344682683	cluster_12
UL1	L	6h	6	C6	C6_dcDNA_6h	0.00389793088341381	0.000997595007059528	0.255929373017983	cluster_12
UL1	L	6h	6	NRK	NRK_dcDNA_6h	0.00169743015439738	0.000827918763881845	0.487748354026251	cluster_12
UL1	L	6h	6	PC-12	PC-12_dcDNA_6h	0.00698896184046422	0.00212796256038456	0.304474771641223	cluster_12
UL1	L	6h	6	PK-15	PK-15_dcDNA_6h	0.003063172694085	0.000177283125831776	0.0578756549293191	cluster_12
UL1	L	8h	8	C6	C6_dcDNA_8h	0.00295327646811863	0.000578663678709638	0.195939555594087	cluster_12
UL1	L	8h	8	NRK	NRK_dcDNA_8h	0.00278035772474357	0.00216732154711091	0.779511761318699	cluster_12
UL1	L	8h	8	PC-12	PC-12_dcDNA_8h	0.00390703503413594	0.00281665475318348	0.720918734686085	cluster_12
UL1	L	8h	8	PK-15	PK-15_dcDNA_8h	0.00384416005941532	0.0011596590876416	0.301667742684464	cluster_12
EP0	E	0.5h	0.5	PC-12	PC-12_dcDNA_0.5h	0	0		cluster_12
EP0	E	1.5h	1.5	PC-12	PC-12_dcDNA_1.5h	0.0229866723843541	0.0142103551287271	0.618199750321382	cluster_12
EP0	E	12h	12	C6	C6_dcDNA_12h	0.00417281878242037	0.000906231682063299	0.21717494320174	cluster_12
EP0	E	12h	12	NRK	NRK_dcDNA_12h	0.00497632099978747	0.000971776707447345	0.195280149228486	cluster_12
EP0	E	12h	12	PC-12	PC-12_dcDNA_12h	0.00141853150432019	0.000482260047067819	0.339971333452291	cluster_12
EP0	E	12h	12	PK-15	PK-15_dcDNA_12h	0.000683065856557935	0.000273188166878914	0.399944111180653	cluster_12
EP0	E	1h	1	C6	C6_dcDNA_1h	0.00378787878787879	0.00656079851351848	1.73205080756888	cluster_12
EP0	E	1h	1	NRK	NRK_dcDNA_1h	0.0256410256410256	0.0444115591684328	1.73205080756888	cluster_12
EP0	E	1h	1	PC-12	PC-12_dcDNA_1h	0.0481583161747884	0.0425453494962295	0.883447613529782	cluster_12
EP0	E	1h	1	PK-15	PK-15_dcDNA_1h	0.0526163717519528	0.0338643113562658	0.643607877713631	cluster_12
EP0	E	2.5h	2.5	PC-12	PC-12_dcDNA_2.5h	0.017106640226941	0.00964272073660013	0.563682909599862	cluster_12
EP0	E	2h	2	C6	C6_dcDNA_2h	0.029242027605902	0.0252838633682244	0.864641252274904	cluster_12
EP0	E	2h	2	NRK	NRK_dcDNA_2h	0.0320373452486268	0.00976489022920364	0.30479710954272	cluster_12
EP0	E	2h	2	PC-12	PC-12_dcDNA_2h	0.0277248606128794	0.0124866820246786	0.450378532070166	cluster_12
EP0	E	2h	2	PK-15	PK-15_dcDNA_2h	0.0488509075595115	0.0344554351315184	0.70531821930931	cluster_12
EP0	E	4h	4	C6	C6_dcDNA_4h	0.00373048314834976	0.00496306063008103	1.33040692926773	cluster_12
EP0	E	4h	4	NRK	NRK_dcDNA_4h	0.019492038123101	0.00606415778058721	0.311109476715022	cluster_12
EP0	E	4h	4	PC-12	PC-12_dcDNA_4h	0.00490310870583947	0.000955224562763149	0.194820188592903	cluster_12
EP0	E	4h	4	PK-15	PK-15_dcDNA_4h	0.0171914925713603	0.00593984155114281	0.345510520769915	cluster_12
EP0	E	6h	6	C6	C6_dcDNA_6h	0.00545091534994038	0.000113916248513397	0.0208985539492266	cluster_12
EP0	E	6h	6	NRK	NRK_dcDNA_6h	0.0108696530064302	0.00202130366822873	0.185958435566709	cluster_12
EP0	E	6h	6	PC-12	PC-12_dcDNA_6h	0.0043643459824308	0.000283237751338556	0.0648980975566016	cluster_12
EP0	E	6h	6	PK-15	PK-15_dcDNA_6h	0.00589293104617381	0.00179144181311708	0.303998434578704	cluster_12
EP0	E	8h	8	C6	C6_dcDNA_8h	0.00417905556139519	0.000672980247847438	0.16103644423018	cluster_12
EP0	E	8h	8	NRK	NRK_dcDNA_8h	0.0145434450213502	0.00102488785715987	0.0704707760544564	cluster_12
EP0	E	8h	8	PC-12	PC-12_dcDNA_8h	0.00359772702112158	0.00134733109736756	0.374495087997959	cluster_12
EP0	E	8h	8	PK-15	PK-15_dcDNA_8h	0.00457964269207612	0.000621242884394588	0.13565313413413	cluster_12
ELIE	E	0.5h	0.5	PC-12	PC-12_dcDNA_0.5h	0	0		cluster_9
ELIE	E	1.5h	1.5	PC-12	PC-12_dcDNA_1.5h	0	0		cluster_9
ELIE	E	12h	12	C6	C6_dcDNA_12h	0	0		cluster_9
ELIE	E	12h	12	NRK	NRK_dcDNA_12h	0	0		cluster_9
ELIE	E	12h	12	PC-12	PC-12_dcDNA_12h	0	0		cluster_9
ELIE	E	12h	12	PK-15	PK-15_dcDNA_12h	0	0		cluster_9
ELIE	E	1h	1	C6	C6_dcDNA_1h	0	0		cluster_9
ELIE	E	1h	1	NRK	NRK_dcDNA_1h	0	0		cluster_9
ELIE	E	1h	1	PC-12	PC-12_dcDNA_1h	0	0		cluster_9
ELIE	E	1h	1	PK-15	PK-15_dcDNA_1h	0	0		cluster_9
ELIE	E	2.5h	2.5	PC-12	PC-12_dcDNA_2.5h	0	0		cluster_9
ELIE	E	2h	2	C6	C6_dcDNA_2h	0	0		cluster_9
ELIE	E	2h	2	NRK	NRK_dcDNA_2h	0	0		cluster_9
ELIE	E	2h	2	PC-12	PC-12_dcDNA_2h	0	0		cluster_9
ELIE	E	2h	2	PK-15	PK-15_dcDNA_2h	0	0		cluster_9
ELIE	E	4h	4	C6	C6_dcDNA_4h	0	0		cluster_9
ELIE	E	4h	4	NRK	NRK_dcDNA_4h	0	0		cluster_9
ELIE	E	4h	4	PC-12	PC-12_dcDNA_4h	0	0		cluster_9
ELIE	E	4h	4	PK-15	PK-15_dcDNA_4h	0	0		cluster_9
ELIE	E	6h	6	C6	C6_dcDNA_6h	0	0		cluster_9
ELIE	E	6h	6	NRK	NRK_dcDNA_6h	0	0		cluster_9
ELIE	E	6h	6	PC-12	PC-12_dcDNA_6h	0	0		cluster_9
ELIE	E	6h	6	PK-15	PK-15_dcDNA_6h	0	0		cluster_9
ELIE	E	8h	8	C6	C6_dcDNA_8h	0	0		cluster_9
ELIE	E	8h	8	NRK	NRK_dcDNA_8h	0	0		cluster_9
ELIE	E	8h	8	PC-12	PC-12_dcDNA_8h	0	0		cluster_9
ELIE	E	8h	8	PK-15	PK-15_dcDNA_8h	5.71108750528276e-06	9.89189372562152e-06	1.73205080756888	cluster_9
IE180	IE	0.5h	0.5	PC-12	PC-12_dcDNA_0.5h	0.0625	0.0883883476483184	1.4142135623731	cluster_3
IE180	IE	1.5h	1.5	PC-12	PC-12_dcDNA_1.5h	0	0		cluster_3
IE180	IE	12h	12	C6	C6_dcDNA_12h	0.00152185415615991	0.000178296697034958	0.117157545165072	cluster_3
IE180	IE	12h	12	NRK	NRK_dcDNA_12h	0.000721611570800488	0.000299617686603335	0.415206322524689	cluster_3
IE180	IE	12h	12	PC-12	PC-12_dcDNA_12h	0.00133344269706603	0.000189274601580667	0.14194430851594	cluster_3
IE180	IE	12h	12	PK-15	PK-15_dcDNA_12h	0.000569744876196292	7.73784556722658e-05	0.135812464324132	cluster_3
IE180	IE	1h	1	C6	C6_dcDNA_1h	0	0		cluster_3
IE180	IE	1h	1	NRK	NRK_dcDNA_1h	0	0		cluster_3
IE180	IE	1h	1	PC-12	PC-12_dcDNA_1h	0.00684642932378344	0.00594063141023955	0.867697763212528	cluster_3
IE180	IE	1h	1	PK-15	PK-15_dcDNA_1h	0.486459827833572	0.230232419915187	0.473281464865283	cluster_3
IE180	IE	2.5h	2.5	PC-12	PC-12_dcDNA_2.5h	0	0		cluster_3
IE180	IE	2h	2	C6	C6_dcDNA_2h	0	0		cluster_3
IE180	IE	2h	2	NRK	NRK_dcDNA_2h	0	0		cluster_3
IE180	IE	2h	2	PC-12	PC-12_dcDNA_2h	0.000908265213442325	0.0015731614964295	1.73205080756888	cluster_3
IE180	IE	2h	2	PK-15	PK-15_dcDNA_2h	0.0372455161892122	0.0290331774910557	0.779507990802524	cluster_3
IE180	IE	4h	4	C6	C6_dcDNA_4h	0	0		cluster_3
IE180	IE	4h	4	NRK	NRK_dcDNA_4h	0	0		cluster_3
IE180	IE	4h	4	PC-12	PC-12_dcDNA_4h	0.000715580599590676	0.000222521134820832	0.310965857582106	cluster_3
IE180	IE	4h	4	PK-15	PK-15_dcDNA_4h	0.00245913002143679	0.000328416791439779	0.133549990678368	cluster_3
IE180	IE	6h	6	C6	C6_dcDNA_6h	0.000831432416545003	0.000120156564577027	0.144517536465964	cluster_3
IE180	IE	6h	6	NRK	NRK_dcDNA_6h	0.00283049693755823	0.00177937507358596	0.628644055386599	cluster_3
IE180	IE	6h	6	PC-12	PC-12_dcDNA_6h	0.000908270080822153	0.000267077046517797	0.294050252405147	cluster_3
IE180	IE	6h	6	PK-15	PK-15_dcDNA_6h	0.0015792129028527	0.000940343776775568	0.595450920567408	cluster_3
IE180	IE	8h	8	C6	C6_dcDNA_8h	0.0014465660438921	0.000246878991197183	0.170665551178662	cluster_3
IE180	IE	8h	8	NRK	NRK_dcDNA_8h	0.000447598018448221	0.000476384839642245	1.06431400499454	cluster_3
IE180	IE	8h	8	PC-12	PC-12_dcDNA_8h	0.00127392798457254	0.000133198895844032	0.104557633914233	cluster_3
IE180	IE	8h	8	PK-15	PK-15_dcDNA_8h	0.00204892080476557	0.000340261064317782	0.166068431501292	cluster_3
NOIR	E	0.5h	0.5	PC-12	PC-12_dcDNA_0.5h	0	0		cluster_1
NOIR	E	1.5h	1.5	PC-12	PC-12_dcDNA_1.5h	0	0		cluster_1
NOIR	E	12h	12	C6	C6_dcDNA_12h	0.00103565305815338	6.99099847751557e-05	0.0675032861871797	cluster_1
NOIR	E	12h	12	NRK	NRK_dcDNA_12h	0.00195552116455223	0.000107693945140166	0.0550717359097595	cluster_1
NOIR	E	12h	12	PC-12	PC-12_dcDNA_12h	0.00156906535258284	0.000402511771299243	0.256529640806018	cluster_1
NOIR	E	12h	12	PK-15	PK-15_dcDNA_12h	0.00121876202252096	0.000242346009820471	0.198846046514633	cluster_1
NOIR	E	1h	1	C6	C6_dcDNA_1h	0	0		cluster_1
NOIR	E	1h	1	NRK	NRK_dcDNA_1h	0	0		cluster_1
NOIR	E	1h	1	PC-12	PC-12_dcDNA_1h	0.0033003300330033	0.00571633929890719	1.73205080756888	cluster_1
NOIR	E	1h	1	PK-15	PK-15_dcDNA_1h	0	0		cluster_1
NOIR	E	2.5h	2.5	PC-12	PC-12_dcDNA_2.5h	0.00276905634048491	0.00257882223625739	0.931300023966213	cluster_1
NOIR	E	2h	2	C6	C6_dcDNA_2h	0	0		cluster_1
NOIR	E	2h	2	NRK	NRK_dcDNA_2h	0	0		cluster_1
NOIR	E	2h	2	PC-12	PC-12_dcDNA_2h	0.00181653042688465	0.003146322992859	1.73205080756888	cluster_1
NOIR	E	2h	2	PK-15	PK-15_dcDNA_2h	0.00298248438981626	0.00325322057975452	1.0907753921069	cluster_1
NOIR	E	4h	4	C6	C6_dcDNA_4h	0	0		cluster_1
NOIR	E	4h	4	NRK	NRK_dcDNA_4h	0.00389876880984952	0.00337660603206498	0.866069827873508	cluster_1
NOIR	E	4h	4	PC-12	PC-12_dcDNA_4h	0.000740755986069848	0.000552535728886219	0.745907882321343	cluster_1
NOIR	E	4h	4	PK-15	PK-15_dcDNA_4h	0.00311867027922831	0.00164042550955776	0.526001584868944	cluster_1
NOIR	E	6h	6	C6	C6_dcDNA_6h	0.00131341917279082	0.00011289644192842	0.0859561397208265	cluster_1
NOIR	E	6h	6	NRK	NRK_dcDNA_6h	0.00383610730382975	0.00061366316993127	0.159970282718271	cluster_1
NOIR	E	6h	6	PC-12	PC-12_dcDNA_6h	0.00108933690760547	0.000577028027037869	0.529705753113852	cluster_1
NOIR	E	6h	6	PK-15	PK-15_dcDNA_6h	0.00310249255462708	0.00169155031714225	0.54522300613404	cluster_1
NOIR	E	8h	8	C6	C6_dcDNA_8h	0.00167622183778389	0.000791957618389661	0.472465875660406	cluster_1
NOIR	E	8h	8	NRK	NRK_dcDNA_8h	0.0016240781999999	0.000993434542755961	0.611691322964633	cluster_1
NOIR	E	8h	8	PC-12	PC-12_dcDNA_8h	0.00233420947546237	0.00110829155129045	0.474803809572795	cluster_1
NOIR	E	8h	8	PK-15	PK-15_dcDNA_8h	0.00323103223105071	0.000227979558307858	0.0705593575071583	cluster_1
US1	E	0.5h	0.5	PC-12	PC-12_dcDNA_0.5h	0	0		cluster_4
US1	E	1.5h	1.5	PC-12	PC-12_dcDNA_1.5h	0.0848313935904375	0.0304463027445244	0.358903720143016	cluster_4
US1	E	12h	12	C6	C6_dcDNA_12h	0.0866749810221567	0.0214110554405434	0.247026941200831	cluster_4
US1	E	12h	12	NRK	NRK_dcDNA_12h	0.0346349749993255	0.00228080798145964	0.0658527393625679	cluster_4
US1	E	12h	12	PC-12	PC-12_dcDNA_12h	0.0514745561946918	0.00878671735301311	0.170700206132505	cluster_4
US1	E	12h	12	PK-15	PK-15_dcDNA_12h	0.0233429816667058	0.00805282400200583	0.344978380096644	cluster_4
US1	E	1h	1	C6	C6_dcDNA_1h	0.134132110579479	0.0122680605710049	0.0914625179459584	cluster_4
US1	E	1h	1	NRK	NRK_dcDNA_1h	0	0		cluster_4
US1	E	1h	1	PC-12	PC-12_dcDNA_1h	0.120524337951983	0.0331648416815951	0.275171324274836	cluster_4
US1	E	1h	1	PK-15	PK-15_dcDNA_1h	0.0473457675753228	0.0620920660211834	1.31145969747772	cluster_4
US1	E	2.5h	2.5	PC-12	PC-12_dcDNA_2.5h	0.0927329771314734	0.00633550574483845	0.068319878653914	cluster_4
US1	E	2h	2	C6	C6_dcDNA_2h	0.161589719181342	0.028607366206976	0.177037043890594	cluster_4
US1	E	2h	2	NRK	NRK_dcDNA_2h	0.0711668890788139	0.0313016450952521	0.439834387879272	cluster_4
US1	E	2h	2	PC-12	PC-12_dcDNA_2h	0.152498093637217	0.0376809316311972	0.247091165092449	cluster_4
US1	E	2h	2	PK-15	PK-15_dcDNA_2h	0.108285549099247	0.0390477210261397	0.360599556921039	cluster_4
US1	E	4h	4	C6	C6_dcDNA_4h	0.161542629767295	0.00377334163878765	0.0233581788548522	cluster_4
US1	E	4h	4	NRK	NRK_dcDNA_4h	0.132053458423818	0.0186364652430901	0.141128187519917	cluster_4
US1	E	4h	4	PC-12	PC-12_dcDNA_4h	0.210879283182023	0.0232969712549711	0.110475390960344	cluster_4
US1	E	4h	4	PK-15	PK-15_dcDNA_4h	0.111162086640843	0.0477991393763865	0.429994981389852	cluster_4
US1	E	6h	6	C6	C6_dcDNA_6h	0.106127639353212	0.0265010900524037	0.249709596990124	cluster_4
US1	E	6h	6	NRK	NRK_dcDNA_6h	0.165488110332306	0.032957303085448	0.199152090257533	cluster_4
US1	E	6h	6	PC-12	PC-12_dcDNA_6h	0.166635774528924	0.0170033819806399	0.102039205138922	cluster_4
US1	E	6h	6	PK-15	PK-15_dcDNA_6h	0.111166945934319	0.0443879510452262	0.399290910370534	cluster_4
US1	E	8h	8	C6	C6_dcDNA_8h	0.0740708981624753	0.00923617057502544	0.124693648978926	cluster_4
US1	E	8h	8	NRK	NRK_dcDNA_8h	0.090660082869043	0.0262379280845964	0.289409928319795	cluster_4
US1	E	8h	8	PC-12	PC-12_dcDNA_8h	0.0619991671956302	0.0133167646358084	0.21478941150595	cluster_4
US1	E	8h	8	PK-15	PK-15_dcDNA_8h	0.0700273822156218	0.00865666091628533	0.123618228218649	cluster_4
AZURE	E	0.5h	0.5	PC-12	PC-12_dcDNA_0.5h	0	0		
AZURE	E	1.5h	1.5	PC-12	PC-12_dcDNA_1.5h	0	0		
AZURE	E	12h	12	C6	C6_dcDNA_12h	2.37432863279896e-05	2.29925009409811e-05	0.968379045064061	
AZURE	E	12h	12	NRK	NRK_dcDNA_12h	8.57263493935648e-05	7.4646600630266e-05	0.870754454824242	
AZURE	E	12h	12	PC-12	PC-12_dcDNA_12h	0	0		
AZURE	E	12h	12	PK-15	PK-15_dcDNA_12h	0	0		
AZURE	E	1h	1	C6	C6_dcDNA_1h	0	0		
AZURE	E	1h	1	NRK	NRK_dcDNA_1h	0	0		
AZURE	E	1h	1	PC-12	PC-12_dcDNA_1h	0	0		
AZURE	E	1h	1	PK-15	PK-15_dcDNA_1h	0	0		
AZURE	E	2.5h	2.5	PC-12	PC-12_dcDNA_2.5h	0	0		
AZURE	E	2h	2	C6	C6_dcDNA_2h	0	0		
AZURE	E	2h	2	NRK	NRK_dcDNA_2h	0.00387596899224806	0.00671337522313518	1.73205080756888	
AZURE	E	2h	2	PC-12	PC-12_dcDNA_2h	0	0		
AZURE	E	2h	2	PK-15	PK-15_dcDNA_2h	0	0		
AZURE	E	4h	4	C6	C6_dcDNA_4h	0.000609384521633151	0.00105548495281467	1.73205080756888	
AZURE	E	4h	4	NRK	NRK_dcDNA_4h	0	0		
AZURE	E	4h	4	PC-12	PC-12_dcDNA_4h	0	0		
AZURE	E	4h	4	PK-15	PK-15_dcDNA_4h	0	0		
AZURE	E	6h	6	C6	C6_dcDNA_6h	0.00015220700152207	0.000263630259903939	1.73205080756888	
AZURE	E	6h	6	NRK	NRK_dcDNA_6h	0.000219876868953386	0.000380837908436429	1.73205080756888	
AZURE	E	6h	6	PC-12	PC-12_dcDNA_6h	8.8667224745647e-05	8.24107699836318e-05	0.929438924247797	
AZURE	E	6h	6	PK-15	PK-15_dcDNA_6h	0	0		
AZURE	E	8h	8	C6	C6_dcDNA_8h	0.000116265550517382	0.000201377840666071	1.73205080756888	
AZURE	E	8h	8	NRK	NRK_dcDNA_8h	0	0		
AZURE	E	8h	8	PC-12	PC-12_dcDNA_8h	0	0		
AZURE	E	8h	8	PK-15	PK-15_dcDNA_8h	0	0		
US3	L	0.5h	0.5	PC-12	PC-12_dcDNA_0.5h	0	0		cluster_12
US3	L	1.5h	1.5	PC-12	PC-12_dcDNA_1.5h	0.0181475564294785	0.0158312639128221	0.872363393625055	cluster_12
US3	L	12h	12	C6	C6_dcDNA_12h	0.000676598305781097	0.000370569874766165	0.547695540470445	cluster_12
US3	L	12h	12	NRK	NRK_dcDNA_12h	0.000712209247126551	0.000447350254473929	0.628116324351009	cluster_12
US3	L	12h	12	PC-12	PC-12_dcDNA_12h	0.000483518940745219	4.70583826007706e-05	0.09732479668375	cluster_12
US3	L	12h	12	PK-15	PK-15_dcDNA_12h	0.000302504745194806	0.000199271645766851	0.658738908834388	cluster_12
US3	L	1h	1	C6	C6_dcDNA_1h	0.00639376218323587	0.00668340295176599	1.04530052263901	cluster_12
US3	L	1h	1	NRK	NRK_dcDNA_1h	0.0128205128205128	0.0222057795842164	1.73205080756888	cluster_12
US3	L	1h	1	PC-12	PC-12_dcDNA_1h	0.01344708938979	0.0150493718625705	1.11915459370688	cluster_12
US3	L	1h	1	PK-15	PK-15_dcDNA_1h	0.00980392156862745	0.0169808902702831	1.73205080756888	cluster_12
US3	L	2.5h	2.5	PC-12	PC-12_dcDNA_2.5h	0.000850340136054422	0.00147283231936129	1.73205080756888	cluster_12
US3	L	2h	2	C6	C6_dcDNA_2h	0.00665605663969538	0.00539543340594804	0.810605092175863	cluster_12
US3	L	2h	2	NRK	NRK_dcDNA_2h	0.00709219858156028	0.0122840482806303	1.73205080756888	cluster_12
US3	L	2h	2	PC-12	PC-12_dcDNA_2h	0.00605627036144747	0.00824338802446212	1.36113276529681	cluster_12
US3	L	2h	2	PK-15	PK-15_dcDNA_2h	0.01624002104921	0.0126588017764534	0.779481857695571	cluster_12
US3	L	4h	4	C6	C6_dcDNA_4h	0.00124843945068664	0.00216236055876264	1.73205080756888	cluster_12
US3	L	4h	4	NRK	NRK_dcDNA_4h	0	0		cluster_12
US3	L	4h	4	PC-12	PC-12_dcDNA_4h	0.000875049947293837	0.000442294534652585	0.505450615728184	cluster_12
US3	L	4h	4	PK-15	PK-15_dcDNA_4h	0.00129265996970567	0.000800808688986987	0.61950451607883	cluster_12
US3	L	6h	6	C6	C6_dcDNA_6h	0.0017784450457576	4.64782073336333e-05	0.026134182467153	cluster_12
US3	L	6h	6	NRK	NRK_dcDNA_6h	0.00253501422660881	0.000899595545856679	0.354868046267379	cluster_12
US3	L	6h	6	PC-12	PC-12_dcDNA_6h	0.000701065602354971	0.000251947754534751	0.359378285981263	cluster_12
US3	L	6h	6	PK-15	PK-15_dcDNA_6h	0.000880303236244874	0.000329915999676315	0.37477540248931	cluster_12
US3	L	8h	8	C6	C6_dcDNA_8h	0.000776355473749707	0.000309042411679664	0.398068181559956	cluster_12
US3	L	8h	8	NRK	NRK_dcDNA_8h	0.00206537910386219	0.00139601763533749	0.675913507949697	cluster_12
US3	L	8h	8	PC-12	PC-12_dcDNA_8h	0.00174136015039852	0.00194670710723947	1.11792331229927	cluster_12
US3	L	8h	8	PK-15	PK-15_dcDNA_8h	0.00165164191774172	0.000483973702663769	0.29302580508825	cluster_12
US4	L	0.5h	0.5	PC-12	PC-12_dcDNA_0.5h	0.133928571428571	0.0126269068069026	0.0942809041582063	cluster_1
US4	L	1.5h	1.5	PC-12	PC-12_dcDNA_1.5h	0.100959020044155	0.015701483921964	0.15552333922315	cluster_1
US4	L	12h	12	C6	C6_dcDNA_12h	0.100358711836525	0.00917089236316095	0.0913811287065884	cluster_1
US4	L	12h	12	NRK	NRK_dcDNA_12h	0.0590056464599121	0.0318023837600583	0.538971872491296	cluster_1
US4	L	12h	12	PC-12	PC-12_dcDNA_12h	0.0635550753207235	0.00459854845165356	0.0723553300573952	cluster_1
US4	L	12h	12	PK-15	PK-15_dcDNA_12h	0.0627966201257655	0.0227344710313744	0.362033354436004	cluster_1
US4	L	1h	1	C6	C6_dcDNA_1h	0.119360269360269	0.0121667215253567	0.101932758618644	cluster_1
US4	L	1h	1	NRK	NRK_dcDNA_1h	0.157875457875458	0.0666656603393838	0.422267407718139	cluster_1
US4	L	1h	1	PC-12	PC-12_dcDNA_1h	0.108907493357435	0.0220761378868875	0.202705408106617	cluster_1
US4	L	1h	1	PK-15	PK-15_dcDNA_1h	0.0676908974972103	0.0237630112337377	0.351051797395906	cluster_1
US4	L	2.5h	2.5	PC-12	PC-12_dcDNA_2.5h	0.0842903963204715	0.0448358827019017	0.531921602686929	cluster_1
US4	L	2h	2	C6	C6_dcDNA_2h	0.0862238219895288	0.0335505508089167	0.389109993442313	cluster_1
US4	L	2h	2	NRK	NRK_dcDNA_2h	0.0888124190944577	0.0294014074764059	0.331050632064595	cluster_1
US4	L	2h	2	PC-12	PC-12_dcDNA_2h	0.134272106706698	0.0206037269327663	0.15344755838063	cluster_1
US4	L	2h	2	PK-15	PK-15_dcDNA_2h	0.0549924624960855	0.0229175110788553	0.416739131848963	cluster_1
US4	L	4h	4	C6	C6_dcDNA_4h	0.102050304769223	0.00892806945319983	0.0874869455156431	cluster_1
US4	L	4h	4	NRK	NRK_dcDNA_4h	0.118293730877876	0.0172652942553703	0.145952740920774	cluster_1
US4	L	4h	4	PC-12	PC-12_dcDNA_4h	0.0877686249961101	0.012380585600545	0.141059354650864	cluster_1
US4	L	4h	4	PK-15	PK-15_dcDNA_4h	0.0713391378081343	0.0263206487903405	0.368951035841357	cluster_1
US4	L	6h	6	C6	C6_dcDNA_6h	0.0659929599718033	0.00769098896536401	0.116542567095795	cluster_1
US4	L	6h	6	NRK	NRK_dcDNA_6h	0.110133094280484	0.0134103690373654	0.121765116334716	cluster_1
US4	L	6h	6	PC-12	PC-12_dcDNA_6h	0.0827909995059983	0.0121355839571185	0.14658095722397	cluster_1
US4	L	6h	6	PK-15	PK-15_dcDNA_6h	0.0677651715970033	0.0164608614307909	0.242910348234385	cluster_1
US4	L	8h	8	C6	C6_dcDNA_8h	0.0776701625255902	0.00196600864992369	0.0253122767610528	cluster_1
US4	L	8h	8	NRK	NRK_dcDNA_8h	0.100019428545546	0.0173020129632108	0.172986520867114	cluster_1
US4	L	8h	8	PC-12	PC-12_dcDNA_8h	0.0838060085072155	0.0369998043992923	0.441493456833787	cluster_1
US4	L	8h	8	PK-15	PK-15_dcDNA_8h	0.102229938457443	0.0209436633956413	0.204868199195482	cluster_1
US6	L	0.5h	0.5	PC-12	PC-12_dcDNA_0.5h	0	0		cluster_1
US6	L	1.5h	1.5	PC-12	PC-12_dcDNA_1.5h	0	0		cluster_1
US6	L	12h	12	C6	C6_dcDNA_12h	0.00333425521900498	0.0011453529908178	0.343510893913995	cluster_1
US6	L	12h	12	NRK	NRK_dcDNA_12h	0.000951699570699499	0.000550871124714308	0.578828804461284	cluster_1
US6	L	12h	12	PC-12	PC-12_dcDNA_12h	0.00132134244564533	9.01723893135403e-05	0.0682430127108353	cluster_1
US6	L	12h	12	PK-15	PK-15_dcDNA_12h	0.00171662504187608	0.000109864548983883	0.0640003182429476	cluster_1
US6	L	1h	1	C6	C6_dcDNA_1h	0.00384325713273082	0.00332939472782088	0.866295075462512	cluster_1
US6	L	1h	1	NRK	NRK_dcDNA_1h	0	0		cluster_1
US6	L	1h	1	PC-12	PC-12_dcDNA_1h	0.0124685426675818	0.011100575194654	0.890286498639129	cluster_1
US6	L	1h	1	PK-15	PK-15_dcDNA_1h	0	0		cluster_1
US6	L	2.5h	2.5	PC-12	PC-12_dcDNA_2.5h	0	0		cluster_1
US6	L	2h	2	C6	C6_dcDNA_2h	0.00142045454545455	0.00200882608291633	1.4142135623731	cluster_1
US6	L	2h	2	NRK	NRK_dcDNA_2h	0	0		cluster_1
US6	L	2h	2	PC-12	PC-12_dcDNA_2h	0.00198701386500651	0.00173970210979128	0.875535969038437	cluster_1
US6	L	2h	2	PK-15	PK-15_dcDNA_2h	0.000831946755407654	0.00144097404955813	1.73205080756888	cluster_1
US6	L	4h	4	C6	C6_dcDNA_4h	0.00246720849395294	0.00213712869614753	0.866213253312631	cluster_1
US6	L	4h	4	NRK	NRK_dcDNA_4h	0.000980392156862745	0.00169808902702831	1.73205080756888	cluster_1
US6	L	4h	4	PC-12	PC-12_dcDNA_4h	0.00159379363033406	0.000276525553313109	0.173501479771348	cluster_1
US6	L	4h	4	PK-15	PK-15_dcDNA_4h	0.00100869677546847	0.00045409360577496	0.450178504401447	cluster_1
US6	L	6h	6	C6	C6_dcDNA_6h	0.00492930698103235	0.00190604690199502	0.38667644545762	cluster_1
US6	L	6h	6	NRK	NRK_dcDNA_6h	0.00162182431240134	0.00158921305429582	0.979892237490736	cluster_1
US6	L	6h	6	PC-12	PC-12_dcDNA_6h	0.00264847761843437	0.000564651493915156	0.213198514491864	cluster_1
US6	L	6h	6	PK-15	PK-15_dcDNA_6h	0.00107718734229931	2.44078819836978e-05	0.0226589015905052	cluster_1
US6	L	8h	8	C6	C6_dcDNA_8h	0.00163443769170446	0.000655549899265495	0.40108589185915	cluster_1
US6	L	8h	8	NRK	NRK_dcDNA_8h	0.00159817250607802	0.000583783715838155	0.36528204159311	cluster_1
US6	L	8h	8	PC-12	PC-12_dcDNA_8h	0.00129871090098156	0.000546784483694482	0.421020939518737	cluster_1
US6	L	8h	8	PK-15	PK-15_dcDNA_8h	0.00200517279390547	0.000599990959085122	0.299221573775954	cluster_1
US7	L	0.5h	0.5	PC-12	PC-12_dcDNA_0.5h	0	0		cluster_1
US7	L	1.5h	1.5	PC-12	PC-12_dcDNA_1.5h	0.0067823452454727	0.00589204342514802	0.868732453435783	cluster_1
US7	L	12h	12	C6	C6_dcDNA_12h	0.0126367076498532	0.00146126619963611	0.115636623092494	cluster_1
US7	L	12h	12	NRK	NRK_dcDNA_12h	0.0138928584490826	0.000465638470824769	0.033516390635616	cluster_1
US7	L	12h	12	PC-12	PC-12_dcDNA_12h	0.0102136855379365	0.00100148477600687	0.0980532220506567	cluster_1
US7	L	12h	12	PK-15	PK-15_dcDNA_12h	0.0105590518410158	0.00122044683602898	0.115582994989024	cluster_1
US7	L	1h	1	C6	C6_dcDNA_1h	0.0312568669147617	0.0193803210275097	0.620034025814564	cluster_1
US7	L	1h	1	NRK	NRK_dcDNA_1h	0.0166666666666667	0.0288675134594813	1.73205080756888	cluster_1
US7	L	1h	1	PC-12	PC-12_dcDNA_1h	0.01344708938979	0.0150493718625705	1.11915459370688	cluster_1
US7	L	1h	1	PK-15	PK-15_dcDNA_1h	0.0179340028694405	0.0157329355806753	0.877268487978452	cluster_1
US7	L	2.5h	2.5	PC-12	PC-12_dcDNA_2.5h	0.0122788656623243	0.00425494326836999	0.346525761042047	cluster_1
US7	L	2h	2	C6	C6_dcDNA_2h	0.00687916468348406	0.0023243485043168	0.337882375442653	cluster_1
US7	L	2h	2	NRK	NRK_dcDNA_2h	0.0187201055583045	0.0175818152657615	0.939194237500548	cluster_1
US7	L	2h	2	PC-12	PC-12_dcDNA_2h	0.0184145491941582	0.011520338202137	0.625610656045369	cluster_1
US7	L	2h	2	PK-15	PK-15_dcDNA_2h	0.00497993231072508	0.00147758973228697	0.296708798451887	cluster_1
US7	L	4h	4	C6	C6_dcDNA_4h	0.0124528133039771	0.00407496792229497	0.327232716240395	cluster_1
US7	L	4h	4	NRK	NRK_dcDNA_4h	0.0161195462911544	0.00646517493896266	0.40107673145307	cluster_1
US7	L	4h	4	PC-12	PC-12_dcDNA_4h	0.0196510762029213	0.00395108421929883	0.201061976377226	cluster_1
US7	L	4h	4	PK-15	PK-15_dcDNA_4h	0.0193502150941173	0.00328204704210668	0.169612948804092	cluster_1
US7	L	6h	6	C6	C6_dcDNA_6h	0.0191990428355739	0.001824784828291	0.0950456147173055	cluster_1
US7	L	6h	6	NRK	NRK_dcDNA_6h	0.0206678240269292	0.00247872885941044	0.119931776861501	cluster_1
US7	L	6h	6	PC-12	PC-12_dcDNA_6h	0.0220747851049146	0.0014629508654753	0.066272485033143	cluster_1
US7	L	6h	6	PK-15	PK-15_dcDNA_6h	0.015542314690161	0.00307588708146669	0.197904053725914	cluster_1
US7	L	8h	8	C6	C6_dcDNA_8h	0.0124464423186763	0.00143354423282601	0.115177027790097	cluster_1
US7	L	8h	8	NRK	NRK_dcDNA_8h	0.0204657798905851	0.00212755586487893	0.103956745174303	cluster_1
US7	L	8h	8	PC-12	PC-12_dcDNA_8h	0.0130059623185306	0.00147079102298219	0.113085905291809	cluster_1
US7	L	8h	8	PK-15	PK-15_dcDNA_8h	0.0187462735406518	0.00248600240173766	0.13261315089352	cluster_1
US8	L	0.5h	0.5	PC-12	PC-12_dcDNA_0.5h	0	0		cluster_12
US8	L	1.5h	1.5	PC-12	PC-12_dcDNA_1.5h	0.00745565523739298	0.00662306341926551	0.888327478723573	cluster_12
US8	L	12h	12	C6	C6_dcDNA_12h	0.0101730496764052	0.0035997634082559	0.353852927367983	cluster_12
US8	L	12h	12	NRK	NRK_dcDNA_12h	0.00566174562563831	0.00150835348536017	0.266411383536879	cluster_12
US8	L	12h	12	PC-12	PC-12_dcDNA_12h	0.00416793056436964	0.000640061357196978	0.15356814306569	cluster_12
US8	L	12h	12	PK-15	PK-15_dcDNA_12h	0.00351247074183702	0.00107446595888059	0.305900329953679	cluster_12
US8	L	1h	1	C6	C6_dcDNA_1h	0.0159742158426369	0.00230060801372153	0.144020090650144	cluster_12
US8	L	1h	1	NRK	NRK_dcDNA_1h	0	0		cluster_12
US8	L	1h	1	PC-12	PC-12_dcDNA_1h	0.0208994475288298	0.0108515852915422	0.519228332546732	cluster_12
US8	L	1h	1	PK-15	PK-15_dcDNA_1h	0.0277379244380679	0.029554308092741	1.06548376244692	cluster_12
US8	L	2.5h	2.5	PC-12	PC-12_dcDNA_2.5h	0.00411169866057084	0.00216158538862197	0.525715906506113	cluster_12
US8	L	2h	2	C6	C6_dcDNA_2h	0.00261780104712042	0.00370212974443219	1.4142135623731	cluster_12
US8	L	2h	2	NRK	NRK_dcDNA_2h	0.0311701877758286	0.0259446960994598	0.83235610532892	cluster_12
US8	L	2h	2	PC-12	PC-12_dcDNA_2h	0.0230508203048612	0.00936977185188448	0.406483228274027	cluster_12
US8	L	2h	2	PK-15	PK-15_dcDNA_2h	0.012624421362546	0.00500332775420442	0.396321352917469	cluster_12
US8	L	4h	4	C6	C6_dcDNA_4h	0.0176217273580424	0.00775287868268096	0.439961334388858	cluster_12
US8	L	4h	4	NRK	NRK_dcDNA_4h	0.0134899673277861	0.00188622271668147	0.139824113050022	cluster_12
US8	L	4h	4	PC-12	PC-12_dcDNA_4h	0.00684729949125238	0.00163719288573047	0.239100522450059	cluster_12
US8	L	4h	4	PK-15	PK-15_dcDNA_4h	0.00732969551542901	0.000953020560757303	0.13002184862266	cluster_12
US8	L	6h	6	C6	C6_dcDNA_6h	0.011710741042076	0.00239629381224748	0.204623584761864	cluster_12
US8	L	6h	6	NRK	NRK_dcDNA_6h	0.0172619291876245	0.00603818442780481	0.349797775334041	cluster_12
US8	L	6h	6	PC-12	PC-12_dcDNA_6h	0.00654547928494041	0.00130661849282269	0.199621515238602	cluster_12
US8	L	6h	6	PK-15	PK-15_dcDNA_6h	0.00638692636908586	0.000665712177534802	0.104230444984773	cluster_12
US8	L	8h	8	C6	C6_dcDNA_8h	0.00683637002951499	0.00146204766843442	0.213863155756966	cluster_12
US8	L	8h	8	NRK	NRK_dcDNA_8h	0.0199404647903712	0.00286271989775475	0.143563348590405	cluster_12
US8	L	8h	8	PC-12	PC-12_dcDNA_8h	0.00609700094200446	0.00281804603464483	0.462202000860831	cluster_12
US8	L	8h	8	PK-15	PK-15_dcDNA_8h	0.00902839164843464	0.00231698689553429	0.256633405567426	cluster_12
US9	L	0.5h	0.5	PC-12	PC-12_dcDNA_0.5h	0	0		cluster_1
US9	L	1.5h	1.5	PC-12	PC-12_dcDNA_1.5h	0.0135646904909454	0.011784086850296	0.868732453435783	cluster_1
US9	L	12h	12	C6	C6_dcDNA_12h	0.0109293365319175	0.000786750460691664	0.0719851985885945	cluster_1
US9	L	12h	12	NRK	NRK_dcDNA_12h	0.0153810598413029	0.00307408110031314	0.199861461565755	cluster_1
US9	L	12h	12	PC-12	PC-12_dcDNA_12h	0.00930361523596641	0.000646425269801333	0.0694810837944317	cluster_1
US9	L	12h	12	PK-15	PK-15_dcDNA_12h	0.0142358064870899	0.0023185915572724	0.162870404242644	cluster_1
US9	L	1h	1	C6	C6_dcDNA_1h	0.00189393939393939	0.00328039925675924	1.73205080756888	cluster_1
US9	L	1h	1	NRK	NRK_dcDNA_1h	0.0238095238095238	0.0412393049421161	1.73205080756888	cluster_1
US9	L	1h	1	PC-12	PC-12_dcDNA_1h	0.00537634408602151	0.0093121011159617	1.73205080756888	cluster_1
US9	L	1h	1	PK-15	PK-15_dcDNA_1h	0	0		cluster_1
US9	L	2.5h	2.5	PC-12	PC-12_dcDNA_2.5h	0.0147461143701745	0.0107371662472196	0.7281352889095	cluster_1
US9	L	2h	2	C6	C6_dcDNA_2h	0.00142045454545455	0.00200882608291633	1.4142135623731	cluster_1
US9	L	2h	2	NRK	NRK_dcDNA_2h	0.0148441365660564	0.0128934331724843	0.868587614719692	cluster_1
US9	L	2h	2	PC-12	PC-12_dcDNA_2h	0.00456101643900909	0.00274941716994915	0.602807993944982	cluster_1
US9	L	2h	2	PK-15	PK-15_dcDNA_2h	0.00836395815731332	0.00285627439480013	0.341497929697633	cluster_1
US9	L	4h	4	C6	C6_dcDNA_4h	0.0130621978256103	0.00465735125081785	0.356551884529451	cluster_1
US9	L	4h	4	NRK	NRK_dcDNA_4h	0.0186561200579702	0.0104925489128928	0.562418599381288	cluster_1
US9	L	4h	4	PC-12	PC-12_dcDNA_4h	0.00376571081558526	0.000346348925357782	0.0919743820806251	cluster_1
US9	L	4h	4	PK-15	PK-15_dcDNA_4h	0.00692050848672303	0.000916086046602601	0.132372649836368	cluster_1
US9	L	6h	6	C6	C6_dcDNA_6h	0.00953226997913792	0.0015942393521639	0.167246558863001	cluster_1
US9	L	6h	6	NRK	NRK_dcDNA_6h	0.0210725950182686	0.00146804319395212	0.0696659900064243	cluster_1
US9	L	6h	6	PC-12	PC-12_dcDNA_6h	0.00617649275755249	0.000439108127845707	0.0710934417123333	cluster_1
US9	L	6h	6	PK-15	PK-15_dcDNA_6h	0.00895016976744488	0.00162510562982123	0.181572603877566	cluster_1
US9	L	8h	8	C6	C6_dcDNA_8h	0.00772471028757462	0.00200385682127441	0.259408669927423	cluster_1
US9	L	8h	8	NRK	NRK_dcDNA_8h	0.0136748093349007	0.00131773743415542	0.0963623990568044	cluster_1
US9	L	8h	8	PC-12	PC-12_dcDNA_8h	0.010174565037336	0.00110334598047083	0.108441587077389	cluster_1
US9	L	8h	8	PK-15	PK-15_dcDNA_8h	0.0127834425722422	0.00155554640139198	0.121684467435218	cluster_1
US2	L	0.5h	0.5	PC-12	PC-12_dcDNA_0.5h	0.196428571428571	0.0757614408414158	0.385694607919935	cluster_4
US2	L	1.5h	1.5	PC-12	PC-12_dcDNA_1.5h	0.0750459550411961	0.012054143802452	0.160623497906515	cluster_4
US2	L	12h	12	C6	C6_dcDNA_12h	0.0465236965880457	0.00420387434237159	0.0903598520899086	cluster_4
US2	L	12h	12	NRK	NRK_dcDNA_12h	0.0322100315886865	0.0055936264177908	0.173661003789748	cluster_4
US2	L	12h	12	PC-12	PC-12_dcDNA_12h	0.0211851261466273	0.00442621656563419	0.208930385167371	cluster_4
US2	L	12h	12	PK-15	PK-15_dcDNA_12h	0.0123247832144138	0.000636940632609893	0.0516796621513789	cluster_4
US2	L	1h	1	C6	C6_dcDNA_1h	0.0900730994152047	0.0288221752294908	0.31998649337724	cluster_4
US2	L	1h	1	NRK	NRK_dcDNA_1h	0.13040293040293	0.0735552660835302	0.564061450584375	cluster_4
US2	L	1h	1	PC-12	PC-12_dcDNA_1h	0.121981964840273	0.0346727200287478	0.284244642838386	cluster_4
US2	L	1h	1	PK-15	PK-15_dcDNA_1h	0.0220189701897019	0.0209343015656916	0.950739357260331	cluster_4
US2	L	2.5h	2.5	PC-12	PC-12_dcDNA_2.5h	0.0823177449117299	0.0314139771349538	0.381618533994575	cluster_4
US2	L	2h	2	C6	C6_dcDNA_2h	0.0471799143265112	0.0297011772678309	0.629530122973143	cluster_4
US2	L	2h	2	NRK	NRK_dcDNA_2h	0.0718266284817497	0.0123792825416927	0.172349486581264	cluster_4
US2	L	2h	2	PC-12	PC-12_dcDNA_2h	0.0725953479584336	0.015709939026846	0.216404211408163	cluster_4
US2	L	2h	2	PK-15	PK-15_dcDNA_2h	0.0743259567262573	0.03416983855273	0.459729548838202	cluster_4
US2	L	4h	4	C6	C6_dcDNA_4h	0.0469524112673027	0.00833091936341204	0.177433259305548	cluster_4
US2	L	4h	4	NRK	NRK_dcDNA_4h	0.0455124240194197	0.0217163086576363	0.477151220255158	cluster_4
US2	L	4h	4	PC-12	PC-12_dcDNA_4h	0.0263957020800389	0.00575901931516048	0.218180190763541	cluster_4
US2	L	4h	4	PK-15	PK-15_dcDNA_4h	0.0456961803569048	0.00366099586645287	0.0801160149023196	cluster_4
US2	L	6h	6	C6	C6_dcDNA_6h	0.0378805051685038	0.00326941957122648	0.0863087637475562	cluster_4
US2	L	6h	6	NRK	NRK_dcDNA_6h	0.0374685121462395	0.00321513723940761	0.0858090448550224	cluster_4
US2	L	6h	6	PC-12	PC-12_dcDNA_6h	0.0251006769815665	0.00378470965726685	0.150781178533403	cluster_4
US2	L	6h	6	PK-15	PK-15_dcDNA_6h	0.0188716405213937	0.0058103750174466	0.307889237867779	cluster_4
US2	L	8h	8	C6	C6_dcDNA_8h	0.0504694549343663	0.00570446440909427	0.113028056603994	cluster_4
US2	L	8h	8	NRK	NRK_dcDNA_8h	0.0370087022141196	0.00314659468508504	0.0850231025903026	cluster_4
US2	L	8h	8	PC-12	PC-12_dcDNA_8h	0.0271659000781709	0.00505023757612018	0.185903561508653	cluster_4
US2	L	8h	8	PK-15	PK-15_dcDNA_8h	0.0169676148852135	0.00335257386669608	0.197586631319508	cluster_4
NOIR_2	E	0.5h	0.5	PC-12	PC-12_dcDNA_0.5h	0	0		cluster_1
NOIR_2	E	1.5h	1.5	PC-12	PC-12_dcDNA_1.5h	0	0		cluster_1
NOIR_2	E	12h	12	C6	C6_dcDNA_12h	0.00104304928903413	7.21915582924231e-05	0.0692120296244803	cluster_1
NOIR_2	E	12h	12	NRK	NRK_dcDNA_12h	0.00195552116455223	0.000107693945140166	0.0550717359097595	cluster_1
NOIR_2	E	12h	12	PC-12	PC-12_dcDNA_12h	0.00156906535258284	0.000402511771299243	0.256529640806018	cluster_1
NOIR_2	E	12h	12	PK-15	PK-15_dcDNA_12h	0.00122120032731394	0.00024352658116382	0.199415751631399	cluster_1
NOIR_2	E	1h	1	C6	C6_dcDNA_1h	0	0		cluster_1
NOIR_2	E	1h	1	NRK	NRK_dcDNA_1h	0	0		cluster_1
NOIR_2	E	1h	1	PC-12	PC-12_dcDNA_1h	0.0033003300330033	0.00571633929890719	1.73205080756888	cluster_1
NOIR_2	E	1h	1	PK-15	PK-15_dcDNA_1h	0	0		cluster_1
NOIR_2	E	2.5h	2.5	PC-12	PC-12_dcDNA_2.5h	0.00276905634048491	0.00257882223625739	0.931300023966213	cluster_1
NOIR_2	E	2h	2	C6	C6_dcDNA_2h	0	0		cluster_1
NOIR_2	E	2h	2	NRK	NRK_dcDNA_2h	0	0		cluster_1
NOIR_2	E	2h	2	PC-12	PC-12_dcDNA_2h	0.00181653042688465	0.003146322992859	1.73205080756888	cluster_1
NOIR_2	E	2h	2	PK-15	PK-15_dcDNA_2h	0.00298248438981626	0.00325322057975452	1.0907753921069	cluster_1
NOIR_2	E	4h	4	C6	C6_dcDNA_4h	0	0		cluster_1
NOIR_2	E	4h	4	NRK	NRK_dcDNA_4h	0.00389876880984952	0.00337660603206498	0.866069827873508	cluster_1
NOIR_2	E	4h	4	PC-12	PC-12_dcDNA_4h	0.000740755986069848	0.000552535728886219	0.745907882321343	cluster_1
NOIR_2	E	4h	4	PK-15	PK-15_dcDNA_4h	0.00311867027922831	0.00164042550955776	0.526001584868944	cluster_1
NOIR_2	E	6h	6	C6	C6_dcDNA_6h	0.00131341917279082	0.00011289644192842	0.0859561397208265	cluster_1
NOIR_2	E	6h	6	NRK	NRK_dcDNA_6h	0.00383610730382975	0.00061366316993127	0.159970282718271	cluster_1
NOIR_2	E	6h	6	PC-12	PC-12_dcDNA_6h	0.00108933690760547	0.000577028027037869	0.529705753113852	cluster_1
NOIR_2	E	6h	6	PK-15	PK-15_dcDNA_6h	0.00313864875401394	0.00166220149034352	0.529591432688277	cluster_1
NOIR_2	E	8h	8	C6	C6_dcDNA_8h	0.00167622183778389	0.000791957618389661	0.472465875660406	cluster_1
NOIR_2	E	8h	8	NRK	NRK_dcDNA_8h	0.0016240781999999	0.000993434542755961	0.611691322964633	cluster_1
NOIR_2	E	8h	8	PC-12	PC-12_dcDNA_8h	0.00229207582753113	0.00104870557495384	0.457535288474044	cluster_1
NOIR_2	E	8h	8	PK-15	PK-15_dcDNA_8h	0.003236743318556	0.000237286299850353	0.0733101999438785	cluster_1
