gene	Kinetic_class	hpi	Time	cell_line	group	seqnames	strand	norm_base	sample	read_count	libtype	sample_name	norm.method	mean	sd	varcoeff	cluster
AZURE	E	""		C6	C6_dRNA	LT934125.1	-	3	C6_dRNA	0	dcDNA	C6_dRNA	viral_read.count	0			cluster_1
AZURE	E	""		PC-12	PC-12_dRNA	LT934125.1	-	20	PC-12_dRNA	0	dcDNA	PC-12_dRNA	viral_read.count	0			cluster_1
AZURE	E	""		PK-15	PK-15_dRNA	LT934125.1	-	68	PK-15_dRNA	0	dcDNA	PK-15_dRNA	viral_read.count	0			cluster_1
AZURE	E	0.5h	0.5	PC-12	PC-12_dcDNA_0.5h	LT934125.1	-	13	PC-12_0.5h_1	0	dcDNA	PC-12_0.5h_1	viral_read.count	0	0		cluster_1
AZURE	E	0.5h	0.5	PC-12	PC-12_dcDNA_0.5h	LT934125.1	-	13	PC-12_0.5h_2	0	dcDNA	PC-12_0.5h_2	viral_read.count	0	0		cluster_1
AZURE	E	0.5h	0.5	PC-12	PC-12_dcDNA_0.5h	LT934125.1	-	2	PC-12_0.5h_3	0	dcDNA	PC-12_0.5h_3	viral_read.count	0	0		cluster_1
AZURE	E	1.5h	1.5	PC-12	PC-12_dcDNA_1.5h	LT934125.1	-	138	PC-12_1.5h_1	0	dcDNA	PC-12_1.5h_1	viral_read.count	0	0		cluster_1
AZURE	E	1.5h	1.5	PC-12	PC-12_dcDNA_1.5h	LT934125.1	-	129	PC-12_1.5h_2	0	dcDNA	PC-12_1.5h_2	viral_read.count	0	0		cluster_1
AZURE	E	1.5h	1.5	PC-12	PC-12_dcDNA_1.5h	LT934125.1	-	152	PC-12_1.5h_3	0	dcDNA	PC-12_1.5h_3	viral_read.count	0	0		cluster_1
AZURE	E	12h	12	C6	C6_dcDNA_12h	LT934125.1	-	56266	C6_12h_1	0	dcDNA	C6_12h_1	viral_read.count	1.86795737335219e-05	1.79012980115716e-05	0.958335466694636	cluster_1
AZURE	E	12h	12	C6	C6_dcDNA_12h	LT934125.1	-	49131	C6_12h_2	2.03537481427205e-05	dcDNA	C6_12h_2	viral_read.count	1.86795737335219e-05	1.79012980115716e-05	0.958335466694636	cluster_1
AZURE	E	12h	12	C6	C6_dcDNA_12h	LT934125.1	-	28023	C6_12h_3	3.56849730578453e-05	dcDNA	C6_12h_3	viral_read.count	1.86795737335219e-05	1.79012980115716e-05	0.958335466694636	cluster_1
AZURE	E	12h	12	PC-12	PC-12_dcDNA_12h	LT934125.1	-	40118	PC-12_12h_1	0	dcDNA	PC-12_12h_1	viral_read.count	0	0		cluster_1
AZURE	E	12h	12	PC-12	PC-12_dcDNA_12h	LT934125.1	-	64296	PC-12_12h_2	0	dcDNA	PC-12_12h_2	viral_read.count	0	0		cluster_1
AZURE	E	12h	12	PC-12	PC-12_dcDNA_12h	LT934125.1	-	35654	PC-12_12h_3	0	dcDNA	PC-12_12h_3	viral_read.count	0	0		cluster_1
AZURE	E	12h	12	PK-15	PK-15_dcDNA_12h	LT934125.1	-	137055	PK-15_12h_1	0	dcDNA	PK-15_12h_1	viral_read.count	0	0		cluster_1
AZURE	E	12h	12	PK-15	PK-15_dcDNA_12h	LT934125.1	-	155287	PK-15_12h_2	0	dcDNA	PK-15_12h_2	viral_read.count	0	0		cluster_1
AZURE	E	12h	12	PK-15	PK-15_dcDNA_12h	LT934125.1	-	135039	PK-15_12h_3	0	dcDNA	PK-15_12h_3	viral_read.count	0	0		cluster_1
AZURE	E	1h	1	C6	C6_dcDNA_1h	LT934125.1	-	246	C6_1h_1	0	dcDNA	C6_1h_1	viral_read.count	0	0		cluster_1
AZURE	E	1h	1	C6	C6_dcDNA_1h	LT934125.1	-	240	C6_1h_2	0	dcDNA	C6_1h_2	viral_read.count	0	0		cluster_1
AZURE	E	1h	1	C6	C6_dcDNA_1h	LT934125.1	-	102	C6_1h_3	0	dcDNA	C6_1h_3	viral_read.count	0	0		cluster_1
AZURE	E	1h	1	NRK	NRK_dcDNA_1h	LT934125.1	-	25	NRK_1h_1	0	dcDNA	NRK_1h_1	viral_read.count	0	0		cluster_1
AZURE	E	1h	1	NRK	NRK_dcDNA_1h	LT934125.1	-	54	NRK_1h_2	0	dcDNA	NRK_1h_2	viral_read.count	0	0		cluster_1
AZURE	E	1h	1	NRK	NRK_dcDNA_1h	LT934125.1	-	20	NRK_1h_3	0	dcDNA	NRK_1h_3	viral_read.count	0	0		cluster_1
AZURE	E	1h	1	PC-12	PC-12_dcDNA_1h	LT934125.1	-	154	PC-12_1h_1	0	dcDNA	PC-12_1h_1	viral_read.count	0	0		cluster_1
AZURE	E	1h	1	PC-12	PC-12_dcDNA_1h	LT934125.1	-	93	PC-12_1h_2	0	dcDNA	PC-12_1h_2	viral_read.count	0	0		cluster_1
AZURE	E	1h	1	PC-12	PC-12_dcDNA_1h	LT934125.1	-	158	PC-12_1h_3	0	dcDNA	PC-12_1h_3	viral_read.count	0	0		cluster_1
AZURE	E	1h	1	PK-15	PK-15_dcDNA_1h	LT934125.1	-	129	PK-15_1h_1	0	dcDNA	PK-15_1h_1	viral_read.count	0	0		cluster_1
AZURE	E	1h	1	PK-15	PK-15_dcDNA_1h	LT934125.1	-	76	PK-15_1h_2	0	dcDNA	PK-15_1h_2	viral_read.count	0	0		cluster_1
AZURE	E	1h	1	PK-15	PK-15_dcDNA_1h	LT934125.1	-	52	PK-15_1h_3	0	dcDNA	PK-15_1h_3	viral_read.count	0	0		cluster_1
AZURE	E	2.5h	2.5	PC-12	PC-12_dcDNA_2.5h	LT934125.1	-	478	PC-12_2.5h_1	0	dcDNA	PC-12_2.5h_1	viral_read.count	0	0		cluster_1
AZURE	E	2.5h	2.5	PC-12	PC-12_dcDNA_2.5h	LT934125.1	-	231	PC-12_2.5h_2	0	dcDNA	PC-12_2.5h_2	viral_read.count	0	0		cluster_1
AZURE	E	2.5h	2.5	PC-12	PC-12_dcDNA_2.5h	LT934125.1	-	545	PC-12_2.5h_3	0	dcDNA	PC-12_2.5h_3	viral_read.count	0	0		cluster_1
AZURE	E	2h	2	C6	C6_dcDNA_2h	LT934125.1	-	243	C6_2h_1	0	dcDNA	C6_2h_1	viral_read.count	0	0		cluster_1
AZURE	E	2h	2	C6	C6_dcDNA_2h	LT934125.1	-	468	C6_2h_2	0	dcDNA	C6_2h_2	viral_read.count	0	0		cluster_1
AZURE	E	2h	2	NRK	NRK_dcDNA_2h	LT934125.1	-	99	NRK_2h_1	0	dcDNA	NRK_2h_1	viral_read.count	0.00273224043715847	0.00473237925565267	1.73205080756888	cluster_1
AZURE	E	2h	2	NRK	NRK_dcDNA_2h	LT934125.1	-	71	NRK_2h_2	0	dcDNA	NRK_2h_2	viral_read.count	0.00273224043715847	0.00473237925565267	1.73205080756888	cluster_1
AZURE	E	2h	2	NRK	NRK_dcDNA_2h	LT934125.1	-	122	NRK_2h_3	0.00819672131147541	dcDNA	NRK_2h_3	viral_read.count	0.00273224043715847	0.00473237925565267	1.73205080756888	cluster_1
AZURE	E	2h	2	PC-12	PC-12_dcDNA_2h	LT934125.1	-	439	PC-12_2h_1	0	dcDNA	PC-12_2h_1	viral_read.count	0	0		cluster_1
AZURE	E	2h	2	PC-12	PC-12_dcDNA_2h	LT934125.1	-	399	PC-12_2h_2	0	dcDNA	PC-12_2h_2	viral_read.count	0	0		cluster_1
AZURE	E	2h	2	PC-12	PC-12_dcDNA_2h	LT934125.1	-	503	PC-12_2h_3	0	dcDNA	PC-12_2h_3	viral_read.count	0	0		cluster_1
AZURE	E	2h	2	PK-15	PK-15_dcDNA_2h	LT934125.1	-	482	PK-15_2h_1	0	dcDNA	PK-15_2h_1	viral_read.count	0	0		cluster_1
AZURE	E	2h	2	PK-15	PK-15_dcDNA_2h	LT934125.1	-	405	PK-15_2h_2	0	dcDNA	PK-15_2h_2	viral_read.count	0	0		cluster_1
AZURE	E	2h	2	PK-15	PK-15_dcDNA_2h	LT934125.1	-	1652	PK-15_2h_3	0	dcDNA	PK-15_2h_3	viral_read.count	0	0		cluster_1
AZURE	E	4h	4	C6	C6_dcDNA_4h	LT934125.1	-	680	C6_4h_1	0	dcDNA	C6_4h_1	viral_read.count	0.000485908649173957	0.000841618468206454	1.73205080756888	cluster_1
AZURE	E	4h	4	C6	C6_dcDNA_4h	LT934125.1	-	686	C6_4h_2	0.00145772594752187	dcDNA	C6_4h_2	viral_read.count	0.000485908649173957	0.000841618468206454	1.73205080756888	cluster_1
AZURE	E	4h	4	C6	C6_dcDNA_4h	LT934125.1	-	312	C6_4h_3	0	dcDNA	C6_4h_3	viral_read.count	0.000485908649173957	0.000841618468206454	1.73205080756888	cluster_1
AZURE	E	4h	4	PC-12	PC-12_dcDNA_4h	LT934125.1	-	2800	PC-12_4h_1	0	dcDNA	PC-12_4h_1	viral_read.count	0	0		cluster_1
AZURE	E	4h	4	PC-12	PC-12_dcDNA_4h	LT934125.1	-	2646	PC-12_4h_2	0	dcDNA	PC-12_4h_2	viral_read.count	0	0		cluster_1
AZURE	E	4h	4	PC-12	PC-12_dcDNA_4h	LT934125.1	-	2996	PC-12_4h_3	0	dcDNA	PC-12_4h_3	viral_read.count	0	0		cluster_1
AZURE	E	4h	4	PK-15	PK-15_dcDNA_4h	LT934125.1	-	7826	PK-15_4h_1	0	dcDNA	PK-15_4h_1	viral_read.count	0	0		cluster_1
AZURE	E	4h	4	PK-15	PK-15_dcDNA_4h	LT934125.1	-	8046	PK-15_4h_2	0	dcDNA	PK-15_4h_2	viral_read.count	0	0		cluster_1
AZURE	E	4h	4	PK-15	PK-15_dcDNA_4h	LT934125.1	-	6633	PK-15_4h_3	0	dcDNA	PK-15_4h_3	viral_read.count	0	0		cluster_1
AZURE	E	6h	6	C6	C6_dcDNA_6h	LT934125.1	-	2759	C6_6h_1	0.000362450163102573	dcDNA	C6_6h_1	viral_read.count	0.000120816721034191	0.000209260699235094	1.73205080756888	cluster_1
AZURE	E	6h	6	C6	C6_dcDNA_6h	LT934125.1	-	4220	C6_6h_2	0	dcDNA	C6_6h_2	viral_read.count	0.000120816721034191	0.000209260699235094	1.73205080756888	cluster_1
AZURE	E	6h	6	C6	C6_dcDNA_6h	LT934125.1	-	3628	C6_6h_3	0	dcDNA	C6_6h_3	viral_read.count	0.000120816721034191	0.000209260699235094	1.73205080756888	cluster_1
AZURE	E	6h	6	PC-12	PC-12_dcDNA_6h	LT934125.1	-	7517	PC-12_6h_1	0.000133031794598909	dcDNA	PC-12_6h_1	viral_read.count	7.27756385726603e-05	6.73937510157582e-05	0.926048226268344	cluster_1
AZURE	E	6h	6	PC-12	PC-12_dcDNA_6h	LT934125.1	-	13589	PC-12_6h_2	0	dcDNA	PC-12_6h_2	viral_read.count	7.27756385726603e-05	6.73937510157582e-05	0.926048226268344	cluster_1
AZURE	E	6h	6	PC-12	PC-12_dcDNA_6h	LT934125.1	-	11724	PC-12_6h_3	8.5295121119072e-05	dcDNA	PC-12_6h_3	viral_read.count	7.27756385726603e-05	6.73937510157582e-05	0.926048226268344	cluster_1
AZURE	E	6h	6	PK-15	PK-15_dcDNA_6h	LT934125.1	-	37872	PK-15_6h_1	0	dcDNA	PK-15_6h_1	viral_read.count	0	0		cluster_1
AZURE	E	6h	6	PK-15	PK-15_dcDNA_6h	LT934125.1	-	30337	PK-15_6h_2	0	dcDNA	PK-15_6h_2	viral_read.count	0	0		cluster_1
AZURE	E	6h	6	PK-15	PK-15_dcDNA_6h	LT934125.1	-	44912	PK-15_6h_3	0	dcDNA	PK-15_6h_3	viral_read.count	0	0		cluster_1
AZURE	E	8h	8	C6	C6_dcDNA_8h	LT934125.1	-	10124	C6_8h_1	0	dcDNA	C6_8h_1	viral_read.count	9.6024582293067e-05	0.000166319455307171	1.73205080756888	cluster_1
AZURE	E	8h	8	C6	C6_dcDNA_8h	LT934125.1	-	10414	C6_8h_2	0.000288073746879201	dcDNA	C6_8h_2	viral_read.count	9.6024582293067e-05	0.000166319455307171	1.73205080756888	cluster_1
AZURE	E	8h	8	C6	C6_dcDNA_8h	LT934125.1	-	8495	C6_8h_3	0	dcDNA	C6_8h_3	viral_read.count	9.6024582293067e-05	0.000166319455307171	1.73205080756888	cluster_1
AZURE	E	8h	8	PC-12	PC-12_dcDNA_8h	LT934125.1	-	14035	PC-12_8h_1	0	dcDNA	PC-12_8h_1	viral_read.count	0	0		cluster_1
AZURE	E	8h	8	PC-12	PC-12_dcDNA_8h	LT934125.1	-	15684	PC-12_8h_2	0	dcDNA	PC-12_8h_2	viral_read.count	0	0		cluster_1
AZURE	E	8h	8	PK-15	PK-15_dcDNA_8h	LT934125.1	-	69419	PK-15_8h_1	0	dcDNA	PK-15_8h_1	viral_read.count	0	0		cluster_1
AZURE	E	8h	8	PK-15	PK-15_dcDNA_8h	LT934125.1	-	74319	PK-15_8h_2	0	dcDNA	PK-15_8h_2	viral_read.count	0	0		cluster_1
AZURE	E	8h	8	PK-15	PK-15_dcDNA_8h	LT934125.1	-	70167	PK-15_8h_3	0	dcDNA	PK-15_8h_3	viral_read.count	0	0		cluster_1
CTO-M	L	""		C6	C6_dRNA	LT934125.1	-	3	C6_dRNA	0	dcDNA	C6_dRNA	viral_read.count	0			cluster_1
CTO-M	L	""		PC-12	PC-12_dRNA	LT934125.1	-	20	PC-12_dRNA	0	dcDNA	PC-12_dRNA	viral_read.count	0			cluster_1
CTO-M	L	""		PK-15	PK-15_dRNA	LT934125.1	-	68	PK-15_dRNA	0	dcDNA	PK-15_dRNA	viral_read.count	0			cluster_1
CTO-M	L	0.5h	0.5	PC-12	PC-12_dcDNA_0.5h	LT934125.1	-	13	PC-12_0.5h_1	0	dcDNA	PC-12_0.5h_1	viral_read.count	0	0		cluster_1
CTO-M	L	0.5h	0.5	PC-12	PC-12_dcDNA_0.5h	LT934125.1	-	13	PC-12_0.5h_2	0	dcDNA	PC-12_0.5h_2	viral_read.count	0	0		cluster_1
CTO-M	L	0.5h	0.5	PC-12	PC-12_dcDNA_0.5h	LT934125.1	-	2	PC-12_0.5h_3	0	dcDNA	PC-12_0.5h_3	viral_read.count	0	0		cluster_1
CTO-M	L	1.5h	1.5	PC-12	PC-12_dcDNA_1.5h	LT934125.1	-	138	PC-12_1.5h_1	0	dcDNA	PC-12_1.5h_1	viral_read.count	0	0		cluster_1
CTO-M	L	1.5h	1.5	PC-12	PC-12_dcDNA_1.5h	LT934125.1	-	129	PC-12_1.5h_2	0	dcDNA	PC-12_1.5h_2	viral_read.count	0	0		cluster_1
CTO-M	L	1.5h	1.5	PC-12	PC-12_dcDNA_1.5h	LT934125.1	-	152	PC-12_1.5h_3	0	dcDNA	PC-12_1.5h_3	viral_read.count	0	0		cluster_1
CTO-M	L	12h	12	C6	C6_dcDNA_12h	LT934125.1	-	56266	C6_12h_1	0.000426545338214908	dcDNA	C6_12h_1	viral_read.count	0.000322105048948503	0.000106262356929902	0.329899693521698	cluster_1
CTO-M	L	12h	12	C6	C6_dcDNA_12h	LT934125.1	-	49131	C6_12h_2	0.000325659970283528	dcDNA	C6_12h_2	viral_read.count	0.000322105048948503	0.000106262356929902	0.329899693521698	cluster_1
CTO-M	L	12h	12	C6	C6_dcDNA_12h	LT934125.1	-	28023	C6_12h_3	0.000214109838347072	dcDNA	C6_12h_3	viral_read.count	0.000322105048948503	0.000106262356929902	0.329899693521698	cluster_1
CTO-M	L	12h	12	PC-12	PC-12_dcDNA_12h	LT934125.1	-	40118	PC-12_12h_1	0.000722867540754773	dcDNA	PC-12_12h_1	viral_read.count	0.000673642050519472	0.000150347604333411	0.223186192455581	cluster_1
CTO-M	L	12h	12	PC-12	PC-12_dcDNA_12h	LT934125.1	-	64296	PC-12_12h_2	0.000793206420306084	dcDNA	PC-12_12h_2	viral_read.count	0.000673642050519472	0.000150347604333411	0.223186192455581	cluster_1
CTO-M	L	12h	12	PC-12	PC-12_dcDNA_12h	LT934125.1	-	35654	PC-12_12h_3	0.00050485219049756	dcDNA	PC-12_12h_3	viral_read.count	0.000673642050519472	0.000150347604333411	0.223186192455581	cluster_1
CTO-M	L	12h	12	PK-15	PK-15_dcDNA_12h	LT934125.1	-	137055	PK-15_12h_1	0.00060559629345883	dcDNA	PK-15_12h_1	viral_read.count	0.000575359911520953	0.000118846252499811	0.2065598421441	cluster_1
CTO-M	L	12h	12	PK-15	PK-15_dcDNA_12h	LT934125.1	-	155287	PK-15_12h_2	0.000676167354640118	dcDNA	PK-15_12h_2	viral_read.count	0.000575359911520953	0.000118846252499811	0.2065598421441	cluster_1
CTO-M	L	12h	12	PK-15	PK-15_dcDNA_12h	LT934125.1	-	135039	PK-15_12h_3	0.00044431608646391	dcDNA	PK-15_12h_3	viral_read.count	0.000575359911520953	0.000118846252499811	0.2065598421441	cluster_1
CTO-M	L	1h	1	C6	C6_dcDNA_1h	LT934125.1	-	246	C6_1h_1	0	dcDNA	C6_1h_1	viral_read.count	0	0		cluster_1
CTO-M	L	1h	1	C6	C6_dcDNA_1h	LT934125.1	-	240	C6_1h_2	0	dcDNA	C6_1h_2	viral_read.count	0	0		cluster_1
CTO-M	L	1h	1	C6	C6_dcDNA_1h	LT934125.1	-	102	C6_1h_3	0	dcDNA	C6_1h_3	viral_read.count	0	0		cluster_1
CTO-M	L	1h	1	NRK	NRK_dcDNA_1h	LT934125.1	-	25	NRK_1h_1	0	dcDNA	NRK_1h_1	viral_read.count	0	0		cluster_1
CTO-M	L	1h	1	NRK	NRK_dcDNA_1h	LT934125.1	-	54	NRK_1h_2	0	dcDNA	NRK_1h_2	viral_read.count	0	0		cluster_1
CTO-M	L	1h	1	NRK	NRK_dcDNA_1h	LT934125.1	-	20	NRK_1h_3	0	dcDNA	NRK_1h_3	viral_read.count	0	0		cluster_1
CTO-M	L	1h	1	PC-12	PC-12_dcDNA_1h	LT934125.1	-	154	PC-12_1h_1	0	dcDNA	PC-12_1h_1	viral_read.count	0	0		cluster_1
CTO-M	L	1h	1	PC-12	PC-12_dcDNA_1h	LT934125.1	-	93	PC-12_1h_2	0	dcDNA	PC-12_1h_2	viral_read.count	0	0		cluster_1
CTO-M	L	1h	1	PC-12	PC-12_dcDNA_1h	LT934125.1	-	158	PC-12_1h_3	0	dcDNA	PC-12_1h_3	viral_read.count	0	0		cluster_1
CTO-M	L	1h	1	PK-15	PK-15_dcDNA_1h	LT934125.1	-	129	PK-15_1h_1	0	dcDNA	PK-15_1h_1	viral_read.count	0	0		cluster_1
CTO-M	L	1h	1	PK-15	PK-15_dcDNA_1h	LT934125.1	-	76	PK-15_1h_2	0	dcDNA	PK-15_1h_2	viral_read.count	0	0		cluster_1
CTO-M	L	1h	1	PK-15	PK-15_dcDNA_1h	LT934125.1	-	52	PK-15_1h_3	0	dcDNA	PK-15_1h_3	viral_read.count	0	0		cluster_1
CTO-M	L	2.5h	2.5	PC-12	PC-12_dcDNA_2.5h	LT934125.1	-	478	PC-12_2.5h_1	0	dcDNA	PC-12_2.5h_1	viral_read.count	0	0		cluster_1
CTO-M	L	2.5h	2.5	PC-12	PC-12_dcDNA_2.5h	LT934125.1	-	231	PC-12_2.5h_2	0	dcDNA	PC-12_2.5h_2	viral_read.count	0	0		cluster_1
CTO-M	L	2.5h	2.5	PC-12	PC-12_dcDNA_2.5h	LT934125.1	-	545	PC-12_2.5h_3	0	dcDNA	PC-12_2.5h_3	viral_read.count	0	0		cluster_1
CTO-M	L	2h	2	C6	C6_dcDNA_2h	LT934125.1	-	243	C6_2h_1	0	dcDNA	C6_2h_1	viral_read.count	0	0		cluster_1
CTO-M	L	2h	2	C6	C6_dcDNA_2h	LT934125.1	-	468	C6_2h_2	0	dcDNA	C6_2h_2	viral_read.count	0	0		cluster_1
CTO-M	L	2h	2	NRK	NRK_dcDNA_2h	LT934125.1	-	99	NRK_2h_1	0	dcDNA	NRK_2h_1	viral_read.count	0	0		cluster_1
CTO-M	L	2h	2	NRK	NRK_dcDNA_2h	LT934125.1	-	71	NRK_2h_2	0	dcDNA	NRK_2h_2	viral_read.count	0	0		cluster_1
CTO-M	L	2h	2	NRK	NRK_dcDNA_2h	LT934125.1	-	122	NRK_2h_3	0	dcDNA	NRK_2h_3	viral_read.count	0	0		cluster_1
CTO-M	L	2h	2	PC-12	PC-12_dcDNA_2h	LT934125.1	-	439	PC-12_2h_1	0	dcDNA	PC-12_2h_1	viral_read.count	0	0		cluster_1
CTO-M	L	2h	2	PC-12	PC-12_dcDNA_2h	LT934125.1	-	399	PC-12_2h_2	0	dcDNA	PC-12_2h_2	viral_read.count	0	0		cluster_1
CTO-M	L	2h	2	PC-12	PC-12_dcDNA_2h	LT934125.1	-	503	PC-12_2h_3	0	dcDNA	PC-12_2h_3	viral_read.count	0	0		cluster_1
CTO-M	L	2h	2	PK-15	PK-15_dcDNA_2h	LT934125.1	-	482	PK-15_2h_1	0	dcDNA	PK-15_2h_1	viral_read.count	0	0		cluster_1
CTO-M	L	2h	2	PK-15	PK-15_dcDNA_2h	LT934125.1	-	405	PK-15_2h_2	0	dcDNA	PK-15_2h_2	viral_read.count	0	0		cluster_1
CTO-M	L	2h	2	PK-15	PK-15_dcDNA_2h	LT934125.1	-	1652	PK-15_2h_3	0	dcDNA	PK-15_2h_3	viral_read.count	0	0		cluster_1
CTO-M	L	4h	4	C6	C6_dcDNA_4h	LT934125.1	-	680	C6_4h_1	0	dcDNA	C6_4h_1	viral_read.count	0.00106837606837607	0.00185048163201803	1.73205080756888	cluster_1
CTO-M	L	4h	4	C6	C6_dcDNA_4h	LT934125.1	-	686	C6_4h_2	0	dcDNA	C6_4h_2	viral_read.count	0.00106837606837607	0.00185048163201803	1.73205080756888	cluster_1
CTO-M	L	4h	4	C6	C6_dcDNA_4h	LT934125.1	-	312	C6_4h_3	0.00320512820512821	dcDNA	C6_4h_3	viral_read.count	0.00106837606837607	0.00185048163201803	1.73205080756888	cluster_1
CTO-M	L	4h	4	PC-12	PC-12_dcDNA_4h	LT934125.1	-	2800	PC-12_4h_1	0	dcDNA	PC-12_4h_1	viral_read.count	0.000125976316452507	0.000218197380646117	1.73205080756888	cluster_1
CTO-M	L	4h	4	PC-12	PC-12_dcDNA_4h	LT934125.1	-	2646	PC-12_4h_2	0.000377928949357521	dcDNA	PC-12_4h_2	viral_read.count	0.000125976316452507	0.000218197380646117	1.73205080756888	cluster_1
CTO-M	L	4h	4	PC-12	PC-12_dcDNA_4h	LT934125.1	-	2996	PC-12_4h_3	0	dcDNA	PC-12_4h_3	viral_read.count	0.000125976316452507	0.000218197380646117	1.73205080756888	cluster_1
CTO-M	L	4h	4	PK-15	PK-15_dcDNA_4h	LT934125.1	-	7826	PK-15_4h_1	0	dcDNA	PK-15_4h_1	viral_read.count	0	0		cluster_1
CTO-M	L	4h	4	PK-15	PK-15_dcDNA_4h	LT934125.1	-	8046	PK-15_4h_2	0	dcDNA	PK-15_4h_2	viral_read.count	0	0		cluster_1
CTO-M	L	4h	4	PK-15	PK-15_dcDNA_4h	LT934125.1	-	6633	PK-15_4h_3	0	dcDNA	PK-15_4h_3	viral_read.count	0	0		cluster_1
CTO-M	L	6h	6	C6	C6_dcDNA_6h	LT934125.1	-	2759	C6_6h_1	0	dcDNA	C6_6h_1	viral_read.count	0.000262744913617276	0.000276536545981164	1.05249057792981	cluster_1
CTO-M	L	6h	6	C6	C6_dcDNA_6h	LT934125.1	-	4220	C6_6h_2	0.00023696682464455	dcDNA	C6_6h_2	viral_read.count	0.000262744913617276	0.000276536545981164	1.05249057792981	cluster_1
CTO-M	L	6h	6	C6	C6_dcDNA_6h	LT934125.1	-	3628	C6_6h_3	0.000551267916207277	dcDNA	C6_6h_3	viral_read.count	0.000262744913617276	0.000276536545981164	1.05249057792981	cluster_1
CTO-M	L	6h	6	PC-12	PC-12_dcDNA_6h	LT934125.1	-	7517	PC-12_6h_1	0	dcDNA	PC-12_6h_1	viral_read.count	0.00010592270222911	9.24756670377175e-05	0.873048601400794	cluster_1
CTO-M	L	6h	6	PC-12	PC-12_dcDNA_6h	LT934125.1	-	13589	PC-12_6h_2	0.000147177864449187	dcDNA	PC-12_6h_2	viral_read.count	0.00010592270222911	9.24756670377175e-05	0.873048601400794	cluster_1
CTO-M	L	6h	6	PC-12	PC-12_dcDNA_6h	LT934125.1	-	11724	PC-12_6h_3	0.000170590242238144	dcDNA	PC-12_6h_3	viral_read.count	0.00010592270222911	9.24756670377175e-05	0.873048601400794	cluster_1
CTO-M	L	6h	6	PK-15	PK-15_dcDNA_6h	LT934125.1	-	37872	PK-15_6h_1	0.00018483312209548	dcDNA	PK-15_6h_1	viral_read.count	0.000164646744478973	4.66261202027112e-05	0.283188837715924	cluster_1
CTO-M	L	6h	6	PK-15	PK-15_dcDNA_6h	LT934125.1	-	30337	PK-15_6h_2	0.000197778290536309	dcDNA	PK-15_6h_2	viral_read.count	0.000164646744478973	4.66261202027112e-05	0.283188837715924	cluster_1
CTO-M	L	6h	6	PK-15	PK-15_dcDNA_6h	LT934125.1	-	44912	PK-15_6h_3	0.00011132882080513	dcDNA	PK-15_6h_3	viral_read.count	0.000164646744478973	4.66261202027112e-05	0.283188837715924	cluster_1
CTO-M	L	8h	8	C6	C6_dcDNA_8h	LT934125.1	-	10124	C6_8h_1	0.00029632556301857	dcDNA	C6_8h_1	viral_read.count	0.000415771229772053	0.000103546495432611	0.249046802707778	cluster_1
CTO-M	L	8h	8	C6	C6_dcDNA_8h	LT934125.1	-	10414	C6_8h_2	0.000480122911465335	dcDNA	C6_8h_2	viral_read.count	0.000415771229772053	0.000103546495432611	0.249046802707778	cluster_1
CTO-M	L	8h	8	C6	C6_dcDNA_8h	LT934125.1	-	8495	C6_8h_3	0.000470865214832254	dcDNA	C6_8h_3	viral_read.count	0.000415771229772053	0.000103546495432611	0.249046802707778	cluster_1
CTO-M	L	8h	8	PC-12	PC-12_dcDNA_8h	LT934125.1	-	14035	PC-12_8h_1	7.12504453152832e-05	dcDNA	PC-12_8h_1	viral_read.count	0.000258782580474525	0.000265210488922984	1.02483903065142	cluster_1
CTO-M	L	8h	8	PC-12	PC-12_dcDNA_8h	LT934125.1	-	15684	PC-12_8h_2	0.000446314715633767	dcDNA	PC-12_8h_2	viral_read.count	0.000258782580474525	0.000265210488922984	1.02483903065142	cluster_1
CTO-M	L	8h	8	PK-15	PK-15_dcDNA_8h	LT934125.1	-	69419	PK-15_8h_1	0.000388942508535127	dcDNA	PK-15_8h_1	viral_read.count	0.000372669530910288	8.0738226767618e-05	0.216648317264912	cluster_1
CTO-M	L	8h	8	PK-15	PK-15_dcDNA_8h	LT934125.1	-	74319	PK-15_8h_2	0.000444031808824123	dcDNA	PK-15_8h_2	viral_read.count	0.000372669530910288	8.0738226767618e-05	0.216648317264912	cluster_1
CTO-M	L	8h	8	PK-15	PK-15_dcDNA_8h	LT934125.1	-	70167	PK-15_8h_3	0.000285034275371614	dcDNA	PK-15_8h_3	viral_read.count	0.000372669530910288	8.0738226767618e-05	0.216648317264912	cluster_1
CTO-S	L	""		C6	C6_dRNA	LT934125.1	-	3	C6_dRNA	0	dcDNA	C6_dRNA	viral_read.count	0			cluster_2
CTO-S	L	""		PC-12	PC-12_dRNA	LT934125.1	-	20	PC-12_dRNA	0	dcDNA	PC-12_dRNA	viral_read.count	0			cluster_2
CTO-S	L	""		PK-15	PK-15_dRNA	LT934125.1	-	68	PK-15_dRNA	0	dcDNA	PK-15_dRNA	viral_read.count	0			cluster_2
CTO-S	L	0.5h	0.5	PC-12	PC-12_dcDNA_0.5h	LT934125.1	-	13	PC-12_0.5h_1	0	dcDNA	PC-12_0.5h_1	viral_read.count	0	0		cluster_2
CTO-S	L	0.5h	0.5	PC-12	PC-12_dcDNA_0.5h	LT934125.1	-	13	PC-12_0.5h_2	0	dcDNA	PC-12_0.5h_2	viral_read.count	0	0		cluster_2
CTO-S	L	0.5h	0.5	PC-12	PC-12_dcDNA_0.5h	LT934125.1	-	2	PC-12_0.5h_3	0	dcDNA	PC-12_0.5h_3	viral_read.count	0	0		cluster_2
CTO-S	L	1.5h	1.5	PC-12	PC-12_dcDNA_1.5h	LT934125.1	-	138	PC-12_1.5h_1	0.0144927536231884	dcDNA	PC-12_1.5h_1	viral_read.count	0.0243297618836441	0.0127687992155276	0.524822202395312	cluster_2
CTO-S	L	1.5h	1.5	PC-12	PC-12_dcDNA_1.5h	LT934125.1	-	129	PC-12_1.5h_2	0.0387596899224806	dcDNA	PC-12_1.5h_2	viral_read.count	0.0243297618836441	0.0127687992155276	0.524822202395312	cluster_2
CTO-S	L	1.5h	1.5	PC-12	PC-12_dcDNA_1.5h	LT934125.1	-	152	PC-12_1.5h_3	0.0197368421052632	dcDNA	PC-12_1.5h_3	viral_read.count	0.0243297618836441	0.0127687992155276	0.524822202395312	cluster_2
CTO-S	L	12h	12	C6	C6_dcDNA_12h	LT934125.1	-	56266	C6_12h_1	0.0745032524082039	dcDNA	C6_12h_1	viral_read.count	0.0639391928188991	0.0218728356447389	0.342088079007994	cluster_2
CTO-S	L	12h	12	C6	C6_dcDNA_12h	LT934125.1	-	49131	C6_12h_2	0.0785247603346156	dcDNA	C6_12h_2	viral_read.count	0.0639391928188991	0.0218728356447389	0.342088079007994	cluster_2
CTO-S	L	12h	12	C6	C6_dcDNA_12h	LT934125.1	-	28023	C6_12h_3	0.0387895657138779	dcDNA	C6_12h_3	viral_read.count	0.0639391928188991	0.0218728356447389	0.342088079007994	cluster_2
CTO-S	L	12h	12	PC-12	PC-12_dcDNA_12h	LT934125.1	-	40118	PC-12_12h_1	0.330425245525699	dcDNA	PC-12_12h_1	viral_read.count	0.331675254654764	0.00950910383177191	0.028669922456741	cluster_2
CTO-S	L	12h	12	PC-12	PC-12_dcDNA_12h	LT934125.1	-	64296	PC-12_12h_2	0.341747542615404	dcDNA	PC-12_12h_2	viral_read.count	0.331675254654764	0.00950910383177191	0.028669922456741	cluster_2
CTO-S	L	12h	12	PC-12	PC-12_dcDNA_12h	LT934125.1	-	35654	PC-12_12h_3	0.32285297582319	dcDNA	PC-12_12h_3	viral_read.count	0.331675254654764	0.00950910383177191	0.028669922456741	cluster_2
CTO-S	L	12h	12	PK-15	PK-15_dcDNA_12h	LT934125.1	-	137055	PK-15_12h_1	0.396731239283499	dcDNA	PK-15_12h_1	viral_read.count	0.365743107799994	0.0755698258738813	0.206619958824232	cluster_2
CTO-S	L	12h	12	PK-15	PK-15_dcDNA_12h	LT934125.1	-	155287	PK-15_12h_2	0.279604860677327	dcDNA	PK-15_12h_2	viral_read.count	0.365743107799994	0.0755698258738813	0.206619958824232	cluster_2
CTO-S	L	12h	12	PK-15	PK-15_dcDNA_12h	LT934125.1	-	135039	PK-15_12h_3	0.420893223439155	dcDNA	PK-15_12h_3	viral_read.count	0.365743107799994	0.0755698258738813	0.206619958824232	cluster_2
CTO-S	L	1h	1	C6	C6_dcDNA_1h	LT934125.1	-	246	C6_1h_1	0.0121951219512195	dcDNA	C6_1h_1	viral_read.count	0.0161565439183804	0.0037325966510211	0.231026924438632	cluster_2
CTO-S	L	1h	1	C6	C6_dcDNA_1h	LT934125.1	-	240	C6_1h_2	0.0166666666666667	dcDNA	C6_1h_2	viral_read.count	0.0161565439183804	0.0037325966510211	0.231026924438632	cluster_2
CTO-S	L	1h	1	C6	C6_dcDNA_1h	LT934125.1	-	102	C6_1h_3	0.0196078431372549	dcDNA	C6_1h_3	viral_read.count	0.0161565439183804	0.0037325966510211	0.231026924438632	cluster_2
CTO-S	L	1h	1	NRK	NRK_dcDNA_1h	LT934125.1	-	25	NRK_1h_1	0	dcDNA	NRK_1h_1	viral_read.count	0.0123456790123457	0.0213833433033195	1.73205080756888	cluster_2
CTO-S	L	1h	1	NRK	NRK_dcDNA_1h	LT934125.1	-	54	NRK_1h_2	0.037037037037037	dcDNA	NRK_1h_2	viral_read.count	0.0123456790123457	0.0213833433033195	1.73205080756888	cluster_2
CTO-S	L	1h	1	NRK	NRK_dcDNA_1h	LT934125.1	-	20	NRK_1h_3	0	dcDNA	NRK_1h_3	viral_read.count	0.0123456790123457	0.0213833433033195	1.73205080756888	cluster_2
CTO-S	L	1h	1	PC-12	PC-12_dcDNA_1h	LT934125.1	-	154	PC-12_1h_1	0.0454545454545455	dcDNA	PC-12_1h_1	viral_read.count	0.0229551538248966	0.0195083248420384	0.849845093213019	cluster_2
CTO-S	L	1h	1	PC-12	PC-12_dcDNA_1h	LT934125.1	-	93	PC-12_1h_2	0.010752688172043	dcDNA	PC-12_1h_2	viral_read.count	0.0229551538248966	0.0195083248420384	0.849845093213019	cluster_2
CTO-S	L	1h	1	PC-12	PC-12_dcDNA_1h	LT934125.1	-	158	PC-12_1h_3	0.0126582278481013	dcDNA	PC-12_1h_3	viral_read.count	0.0229551538248966	0.0195083248420384	0.849845093213019	cluster_2
CTO-S	L	1h	1	PK-15	PK-15_dcDNA_1h	LT934125.1	-	129	PK-15_1h_1	0.00775193798449612	dcDNA	PK-15_1h_1	viral_read.count	0.028225004969191	0.0423515028617433	1.50049585139036	cluster_2
CTO-S	L	1h	1	PK-15	PK-15_dcDNA_1h	LT934125.1	-	76	PK-15_1h_2	0	dcDNA	PK-15_1h_2	viral_read.count	0.028225004969191	0.0423515028617433	1.50049585139036	cluster_2
CTO-S	L	1h	1	PK-15	PK-15_dcDNA_1h	LT934125.1	-	52	PK-15_1h_3	0.0769230769230769	dcDNA	PK-15_1h_3	viral_read.count	0.028225004969191	0.0423515028617433	1.50049585139036	cluster_2
CTO-S	L	2.5h	2.5	PC-12	PC-12_dcDNA_2.5h	LT934125.1	-	478	PC-12_2.5h_1	0.0836820083682008	dcDNA	PC-12_2.5h_1	viral_read.count	0.0771096189774935	0.00701399945733452	0.0909614072841125	cluster_2
CTO-S	L	2.5h	2.5	PC-12	PC-12_dcDNA_2.5h	LT934125.1	-	231	PC-12_2.5h_2	0.0779220779220779	dcDNA	PC-12_2.5h_2	viral_read.count	0.0771096189774935	0.00701399945733452	0.0909614072841125	cluster_2
CTO-S	L	2.5h	2.5	PC-12	PC-12_dcDNA_2.5h	LT934125.1	-	545	PC-12_2.5h_3	0.0697247706422018	dcDNA	PC-12_2.5h_3	viral_read.count	0.0771096189774935	0.00701399945733452	0.0909614072841125	cluster_2
CTO-S	L	2h	2	C6	C6_dcDNA_2h	LT934125.1	-	243	C6_2h_1	0.0246913580246914	dcDNA	C6_2h_1	viral_read.count	0.0518755935422603	0.0384443145516903	0.7410867409232	cluster_2
CTO-S	L	2h	2	C6	C6_dcDNA_2h	LT934125.1	-	468	C6_2h_2	0.0790598290598291	dcDNA	C6_2h_2	viral_read.count	0.0518755935422603	0.0384443145516903	0.7410867409232	cluster_2
CTO-S	L	2h	2	NRK	NRK_dcDNA_2h	LT934125.1	-	99	NRK_2h_1	0	dcDNA	NRK_2h_1	viral_read.count	0.0128915569922266	0.0123384110786958	0.957092388928327	cluster_2
CTO-S	L	2h	2	NRK	NRK_dcDNA_2h	LT934125.1	-	71	NRK_2h_2	0.0140845070422535	dcDNA	NRK_2h_2	viral_read.count	0.0128915569922266	0.0123384110786958	0.957092388928327	cluster_2
CTO-S	L	2h	2	NRK	NRK_dcDNA_2h	LT934125.1	-	122	NRK_2h_3	0.0245901639344262	dcDNA	NRK_2h_3	viral_read.count	0.0128915569922266	0.0123384110786958	0.957092388928327	cluster_2
CTO-S	L	2h	2	PC-12	PC-12_dcDNA_2h	LT934125.1	-	439	PC-12_2h_1	0.0250569476082005	dcDNA	PC-12_2h_1	viral_read.count	0.0336192605671286	0.0107804968580904	0.320664306002944	cluster_2
CTO-S	L	2h	2	PC-12	PC-12_dcDNA_2h	LT934125.1	-	399	PC-12_2h_2	0.0300751879699248	dcDNA	PC-12_2h_2	viral_read.count	0.0336192605671286	0.0107804968580904	0.320664306002944	cluster_2
CTO-S	L	2h	2	PC-12	PC-12_dcDNA_2h	LT934125.1	-	503	PC-12_2h_3	0.0457256461232604	dcDNA	PC-12_2h_3	viral_read.count	0.0336192605671286	0.0107804968580904	0.320664306002944	cluster_2
CTO-S	L	2h	2	PK-15	PK-15_dcDNA_2h	LT934125.1	-	482	PK-15_2h_1	0.0020746887966805	dcDNA	PK-15_2h_1	viral_read.count	0.0979952427217823	0.161543009488103	1.64847807915267	cluster_2
CTO-S	L	2h	2	PK-15	PK-15_dcDNA_2h	LT934125.1	-	405	PK-15_2h_2	0.00740740740740741	dcDNA	PK-15_2h_2	viral_read.count	0.0979952427217823	0.161543009488103	1.64847807915267	cluster_2
CTO-S	L	2h	2	PK-15	PK-15_dcDNA_2h	LT934125.1	-	1652	PK-15_2h_3	0.284503631961259	dcDNA	PK-15_2h_3	viral_read.count	0.0979952427217823	0.161543009488103	1.64847807915267	cluster_2
CTO-S	L	4h	4	C6	C6_dcDNA_4h	LT934125.1	-	680	C6_4h_1	0.0926470588235294	dcDNA	C6_4h_1	viral_read.count	0.101317303478168	0.00994898924305516	0.0981963485161151	cluster_2
CTO-S	L	4h	4	C6	C6_dcDNA_4h	LT934125.1	-	686	C6_4h_2	0.0991253644314869	dcDNA	C6_4h_2	viral_read.count	0.101317303478168	0.00994898924305516	0.0981963485161151	cluster_2
CTO-S	L	4h	4	C6	C6_dcDNA_4h	LT934125.1	-	312	C6_4h_3	0.112179487179487	dcDNA	C6_4h_3	viral_read.count	0.101317303478168	0.00994898924305516	0.0981963485161151	cluster_2
CTO-S	L	4h	4	PC-12	PC-12_dcDNA_4h	LT934125.1	-	2800	PC-12_4h_1	0.228928571428571	dcDNA	PC-12_4h_1	viral_read.count	0.192065864421227	0.0335805884320646	0.174838920665349	cluster_2
CTO-S	L	4h	4	PC-12	PC-12_dcDNA_4h	LT934125.1	-	2646	PC-12_4h_2	0.184051398337113	dcDNA	PC-12_4h_2	viral_read.count	0.192065864421227	0.0335805884320646	0.174838920665349	cluster_2
CTO-S	L	4h	4	PC-12	PC-12_dcDNA_4h	LT934125.1	-	2996	PC-12_4h_3	0.163217623497997	dcDNA	PC-12_4h_3	viral_read.count	0.192065864421227	0.0335805884320646	0.174838920665349	cluster_2
CTO-S	L	4h	4	PK-15	PK-15_dcDNA_4h	LT934125.1	-	7826	PK-15_4h_1	0.195629951443905	dcDNA	PK-15_4h_1	viral_read.count	0.164718373666609	0.069727591001437	0.423313984040214	cluster_2
CTO-S	L	4h	4	PK-15	PK-15_dcDNA_4h	LT934125.1	-	8046	PK-15_4h_2	0.213646532438479	dcDNA	PK-15_4h_2	viral_read.count	0.164718373666609	0.069727591001437	0.423313984040214	cluster_2
CTO-S	L	4h	4	PK-15	PK-15_dcDNA_4h	LT934125.1	-	6633	PK-15_4h_3	0.0848786371174431	dcDNA	PK-15_4h_3	viral_read.count	0.164718373666609	0.069727591001437	0.423313984040214	cluster_2
CTO-S	L	6h	6	C6	C6_dcDNA_6h	LT934125.1	-	2759	C6_6h_1	0.181225081551287	dcDNA	C6_6h_1	viral_read.count	0.169197382534719	0.0166166402784135	0.0982086130972139	cluster_2
CTO-S	L	6h	6	C6	C6_dcDNA_6h	LT934125.1	-	4220	C6_6h_2	0.150236966824645	dcDNA	C6_6h_2	viral_read.count	0.169197382534719	0.0166166402784135	0.0982086130972139	cluster_2
CTO-S	L	6h	6	C6	C6_dcDNA_6h	LT934125.1	-	3628	C6_6h_3	0.176130099228225	dcDNA	C6_6h_3	viral_read.count	0.169197382534719	0.0166166402784135	0.0982086130972139	cluster_2
CTO-S	L	6h	6	PC-12	PC-12_dcDNA_6h	LT934125.1	-	7517	PC-12_6h_1	0.186510576027671	dcDNA	PC-12_6h_1	viral_read.count	0.215112719488346	0.0341518143370117	0.158762412646928	cluster_2
CTO-S	L	6h	6	PC-12	PC-12_dcDNA_6h	LT934125.1	-	13589	PC-12_6h_2	0.252925160055928	dcDNA	PC-12_6h_2	viral_read.count	0.215112719488346	0.0341518143370117	0.158762412646928	cluster_2
CTO-S	L	6h	6	PC-12	PC-12_dcDNA_6h	LT934125.1	-	11724	PC-12_6h_3	0.20590242238144	dcDNA	PC-12_6h_3	viral_read.count	0.215112719488346	0.0341518143370117	0.158762412646928	cluster_2
CTO-S	L	6h	6	PK-15	PK-15_dcDNA_6h	LT934125.1	-	37872	PK-15_6h_1	0.271678284748627	dcDNA	PK-15_6h_1	viral_read.count	0.289143468083639	0.0892582332233254	0.308698770941996	cluster_2
CTO-S	L	6h	6	PK-15	PK-15_dcDNA_6h	LT934125.1	-	30337	PK-15_6h_2	0.209908692355869	dcDNA	PK-15_6h_2	viral_read.count	0.289143468083639	0.0892582332233254	0.308698770941996	cluster_2
CTO-S	L	6h	6	PK-15	PK-15_dcDNA_6h	LT934125.1	-	44912	PK-15_6h_3	0.38584342714642	dcDNA	PK-15_6h_3	viral_read.count	0.289143468083639	0.0892582332233254	0.308698770941996	cluster_2
CTO-S	L	8h	8	C6	C6_dcDNA_8h	LT934125.1	-	10124	C6_8h_1	0.153990517581983	dcDNA	C6_8h_1	viral_read.count	0.192941695236058	0.0338105997778898	0.175237393537585	cluster_2
CTO-S	L	8h	8	C6	C6_dcDNA_8h	LT934125.1	-	10414	C6_8h_2	0.214710966007298	dcDNA	C6_8h_2	viral_read.count	0.192941695236058	0.0338105997778898	0.175237393537585	cluster_2
CTO-S	L	8h	8	C6	C6_dcDNA_8h	LT934125.1	-	8495	C6_8h_3	0.210123602118893	dcDNA	C6_8h_3	viral_read.count	0.192941695236058	0.0338105997778898	0.175237393537585	cluster_2
CTO-S	L	8h	8	PC-12	PC-12_dcDNA_8h	LT934125.1	-	14035	PC-12_8h_1	0.308941930887068	dcDNA	PC-12_8h_1	viral_read.count	0.239748955752129	0.0978536438567758	0.408150448663245	cluster_2
CTO-S	L	8h	8	PC-12	PC-12_dcDNA_8h	LT934125.1	-	15684	PC-12_8h_2	0.170555980617189	dcDNA	PC-12_8h_2	viral_read.count	0.239748955752129	0.0978536438567758	0.408150448663245	cluster_2
CTO-S	L	8h	8	PK-15	PK-15_dcDNA_8h	LT934125.1	-	69419	PK-15_8h_1	0.19171984615163	dcDNA	PK-15_8h_1	viral_read.count	0.255798512146058	0.0572567666530962	0.223835417073901	cluster_2
CTO-S	L	8h	8	PK-15	PK-15_dcDNA_8h	LT934125.1	-	74319	PK-15_8h_2	0.273738882385393	dcDNA	PK-15_8h_2	viral_read.count	0.255798512146058	0.0572567666530962	0.223835417073901	cluster_2
CTO-S	L	8h	8	PK-15	PK-15_dcDNA_8h	LT934125.1	-	70167	PK-15_8h_3	0.30193680790115	dcDNA	PK-15_8h_3	viral_read.count	0.255798512146058	0.0572567666530962	0.223835417073901	cluster_2
ELIE	E	""		C6	C6_dRNA	LT934125.1	+	3	C6_dRNA	0	dcDNA	C6_dRNA	viral_read.count	0			cluster_1
ELIE	E	""		PC-12	PC-12_dRNA	LT934125.1	+	20	PC-12_dRNA	0	dcDNA	PC-12_dRNA	viral_read.count	0			cluster_1
ELIE	E	""		PK-15	PK-15_dRNA	LT934125.1	+	68	PK-15_dRNA	0	dcDNA	PK-15_dRNA	viral_read.count	0			cluster_1
ELIE	E	0.5h	0.5	PC-12	PC-12_dcDNA_0.5h	LT934125.1	+	13	PC-12_0.5h_1	0	dcDNA	PC-12_0.5h_1	viral_read.count	0	0		cluster_1
ELIE	E	0.5h	0.5	PC-12	PC-12_dcDNA_0.5h	LT934125.1	+	13	PC-12_0.5h_2	0	dcDNA	PC-12_0.5h_2	viral_read.count	0	0		cluster_1
ELIE	E	0.5h	0.5	PC-12	PC-12_dcDNA_0.5h	LT934125.1	+	2	PC-12_0.5h_3	0	dcDNA	PC-12_0.5h_3	viral_read.count	0	0		cluster_1
ELIE	E	1.5h	1.5	PC-12	PC-12_dcDNA_1.5h	LT934125.1	+	138	PC-12_1.5h_1	0	dcDNA	PC-12_1.5h_1	viral_read.count	0	0		cluster_1
ELIE	E	1.5h	1.5	PC-12	PC-12_dcDNA_1.5h	LT934125.1	+	129	PC-12_1.5h_2	0	dcDNA	PC-12_1.5h_2	viral_read.count	0	0		cluster_1
ELIE	E	1.5h	1.5	PC-12	PC-12_dcDNA_1.5h	LT934125.1	+	152	PC-12_1.5h_3	0	dcDNA	PC-12_1.5h_3	viral_read.count	0	0		cluster_1
ELIE	E	12h	12	C6	C6_dcDNA_12h	LT934125.1	+	56266	C6_12h_1	0	dcDNA	C6_12h_1	viral_read.count	0	0		cluster_1
ELIE	E	12h	12	C6	C6_dcDNA_12h	LT934125.1	+	49131	C6_12h_2	0	dcDNA	C6_12h_2	viral_read.count	0	0		cluster_1
ELIE	E	12h	12	C6	C6_dcDNA_12h	LT934125.1	+	28023	C6_12h_3	0	dcDNA	C6_12h_3	viral_read.count	0	0		cluster_1
ELIE	E	12h	12	PC-12	PC-12_dcDNA_12h	LT934125.1	+	40118	PC-12_12h_1	0	dcDNA	PC-12_12h_1	viral_read.count	0	0		cluster_1
ELIE	E	12h	12	PC-12	PC-12_dcDNA_12h	LT934125.1	+	64296	PC-12_12h_2	0	dcDNA	PC-12_12h_2	viral_read.count	0	0		cluster_1
ELIE	E	12h	12	PC-12	PC-12_dcDNA_12h	LT934125.1	+	35654	PC-12_12h_3	0	dcDNA	PC-12_12h_3	viral_read.count	0	0		cluster_1
ELIE	E	12h	12	PK-15	PK-15_dcDNA_12h	LT934125.1	+	137055	PK-15_12h_1	0	dcDNA	PK-15_12h_1	viral_read.count	0	0		cluster_1
ELIE	E	12h	12	PK-15	PK-15_dcDNA_12h	LT934125.1	+	155287	PK-15_12h_2	0	dcDNA	PK-15_12h_2	viral_read.count	0	0		cluster_1
ELIE	E	12h	12	PK-15	PK-15_dcDNA_12h	LT934125.1	+	135039	PK-15_12h_3	0	dcDNA	PK-15_12h_3	viral_read.count	0	0		cluster_1
ELIE	E	1h	1	C6	C6_dcDNA_1h	LT934125.1	+	246	C6_1h_1	0	dcDNA	C6_1h_1	viral_read.count	0	0		cluster_1
ELIE	E	1h	1	C6	C6_dcDNA_1h	LT934125.1	+	240	C6_1h_2	0	dcDNA	C6_1h_2	viral_read.count	0	0		cluster_1
ELIE	E	1h	1	C6	C6_dcDNA_1h	LT934125.1	+	102	C6_1h_3	0	dcDNA	C6_1h_3	viral_read.count	0	0		cluster_1
ELIE	E	1h	1	NRK	NRK_dcDNA_1h	LT934125.1	+	25	NRK_1h_1	0	dcDNA	NRK_1h_1	viral_read.count	0	0		cluster_1
ELIE	E	1h	1	NRK	NRK_dcDNA_1h	LT934125.1	+	54	NRK_1h_2	0	dcDNA	NRK_1h_2	viral_read.count	0	0		cluster_1
ELIE	E	1h	1	NRK	NRK_dcDNA_1h	LT934125.1	+	20	NRK_1h_3	0	dcDNA	NRK_1h_3	viral_read.count	0	0		cluster_1
ELIE	E	1h	1	PC-12	PC-12_dcDNA_1h	LT934125.1	+	154	PC-12_1h_1	0	dcDNA	PC-12_1h_1	viral_read.count	0	0		cluster_1
ELIE	E	1h	1	PC-12	PC-12_dcDNA_1h	LT934125.1	+	93	PC-12_1h_2	0	dcDNA	PC-12_1h_2	viral_read.count	0	0		cluster_1
ELIE	E	1h	1	PC-12	PC-12_dcDNA_1h	LT934125.1	+	158	PC-12_1h_3	0	dcDNA	PC-12_1h_3	viral_read.count	0	0		cluster_1
ELIE	E	1h	1	PK-15	PK-15_dcDNA_1h	LT934125.1	+	129	PK-15_1h_1	0	dcDNA	PK-15_1h_1	viral_read.count	0	0		cluster_1
ELIE	E	1h	1	PK-15	PK-15_dcDNA_1h	LT934125.1	+	76	PK-15_1h_2	0	dcDNA	PK-15_1h_2	viral_read.count	0	0		cluster_1
ELIE	E	1h	1	PK-15	PK-15_dcDNA_1h	LT934125.1	+	52	PK-15_1h_3	0	dcDNA	PK-15_1h_3	viral_read.count	0	0		cluster_1
ELIE	E	2.5h	2.5	PC-12	PC-12_dcDNA_2.5h	LT934125.1	+	478	PC-12_2.5h_1	0	dcDNA	PC-12_2.5h_1	viral_read.count	0	0		cluster_1
ELIE	E	2.5h	2.5	PC-12	PC-12_dcDNA_2.5h	LT934125.1	+	231	PC-12_2.5h_2	0	dcDNA	PC-12_2.5h_2	viral_read.count	0	0		cluster_1
ELIE	E	2.5h	2.5	PC-12	PC-12_dcDNA_2.5h	LT934125.1	+	545	PC-12_2.5h_3	0	dcDNA	PC-12_2.5h_3	viral_read.count	0	0		cluster_1
ELIE	E	2h	2	C6	C6_dcDNA_2h	LT934125.1	+	243	C6_2h_1	0	dcDNA	C6_2h_1	viral_read.count	0	0		cluster_1
ELIE	E	2h	2	C6	C6_dcDNA_2h	LT934125.1	+	468	C6_2h_2	0	dcDNA	C6_2h_2	viral_read.count	0	0		cluster_1
ELIE	E	2h	2	NRK	NRK_dcDNA_2h	LT934125.1	+	99	NRK_2h_1	0	dcDNA	NRK_2h_1	viral_read.count	0	0		cluster_1
ELIE	E	2h	2	NRK	NRK_dcDNA_2h	LT934125.1	+	71	NRK_2h_2	0	dcDNA	NRK_2h_2	viral_read.count	0	0		cluster_1
ELIE	E	2h	2	NRK	NRK_dcDNA_2h	LT934125.1	+	122	NRK_2h_3	0	dcDNA	NRK_2h_3	viral_read.count	0	0		cluster_1
ELIE	E	2h	2	PC-12	PC-12_dcDNA_2h	LT934125.1	+	439	PC-12_2h_1	0	dcDNA	PC-12_2h_1	viral_read.count	0	0		cluster_1
ELIE	E	2h	2	PC-12	PC-12_dcDNA_2h	LT934125.1	+	399	PC-12_2h_2	0	dcDNA	PC-12_2h_2	viral_read.count	0	0		cluster_1
ELIE	E	2h	2	PC-12	PC-12_dcDNA_2h	LT934125.1	+	503	PC-12_2h_3	0	dcDNA	PC-12_2h_3	viral_read.count	0	0		cluster_1
ELIE	E	2h	2	PK-15	PK-15_dcDNA_2h	LT934125.1	+	482	PK-15_2h_1	0	dcDNA	PK-15_2h_1	viral_read.count	0	0		cluster_1
ELIE	E	2h	2	PK-15	PK-15_dcDNA_2h	LT934125.1	+	405	PK-15_2h_2	0	dcDNA	PK-15_2h_2	viral_read.count	0	0		cluster_1
ELIE	E	2h	2	PK-15	PK-15_dcDNA_2h	LT934125.1	+	1652	PK-15_2h_3	0	dcDNA	PK-15_2h_3	viral_read.count	0	0		cluster_1
ELIE	E	4h	4	C6	C6_dcDNA_4h	LT934125.1	+	680	C6_4h_1	0	dcDNA	C6_4h_1	viral_read.count	0	0		cluster_1
ELIE	E	4h	4	C6	C6_dcDNA_4h	LT934125.1	+	686	C6_4h_2	0	dcDNA	C6_4h_2	viral_read.count	0	0		cluster_1
ELIE	E	4h	4	C6	C6_dcDNA_4h	LT934125.1	+	312	C6_4h_3	0	dcDNA	C6_4h_3	viral_read.count	0	0		cluster_1
ELIE	E	4h	4	PC-12	PC-12_dcDNA_4h	LT934125.1	+	2800	PC-12_4h_1	0	dcDNA	PC-12_4h_1	viral_read.count	0	0		cluster_1
ELIE	E	4h	4	PC-12	PC-12_dcDNA_4h	LT934125.1	+	2646	PC-12_4h_2	0	dcDNA	PC-12_4h_2	viral_read.count	0	0		cluster_1
ELIE	E	4h	4	PC-12	PC-12_dcDNA_4h	LT934125.1	+	2996	PC-12_4h_3	0	dcDNA	PC-12_4h_3	viral_read.count	0	0		cluster_1
ELIE	E	4h	4	PK-15	PK-15_dcDNA_4h	LT934125.1	+	7826	PK-15_4h_1	0	dcDNA	PK-15_4h_1	viral_read.count	0	0		cluster_1
ELIE	E	4h	4	PK-15	PK-15_dcDNA_4h	LT934125.1	+	8046	PK-15_4h_2	0	dcDNA	PK-15_4h_2	viral_read.count	0	0		cluster_1
ELIE	E	4h	4	PK-15	PK-15_dcDNA_4h	LT934125.1	+	6633	PK-15_4h_3	0	dcDNA	PK-15_4h_3	viral_read.count	0	0		cluster_1
ELIE	E	6h	6	C6	C6_dcDNA_6h	LT934125.1	+	2759	C6_6h_1	0	dcDNA	C6_6h_1	viral_read.count	0	0		cluster_1
ELIE	E	6h	6	C6	C6_dcDNA_6h	LT934125.1	+	4220	C6_6h_2	0	dcDNA	C6_6h_2	viral_read.count	0	0		cluster_1
ELIE	E	6h	6	C6	C6_dcDNA_6h	LT934125.1	+	3628	C6_6h_3	0	dcDNA	C6_6h_3	viral_read.count	0	0		cluster_1
ELIE	E	6h	6	PC-12	PC-12_dcDNA_6h	LT934125.1	+	7517	PC-12_6h_1	0	dcDNA	PC-12_6h_1	viral_read.count	0	0		cluster_1
ELIE	E	6h	6	PC-12	PC-12_dcDNA_6h	LT934125.1	+	13589	PC-12_6h_2	0	dcDNA	PC-12_6h_2	viral_read.count	0	0		cluster_1
ELIE	E	6h	6	PC-12	PC-12_dcDNA_6h	LT934125.1	+	11724	PC-12_6h_3	0	dcDNA	PC-12_6h_3	viral_read.count	0	0		cluster_1
ELIE	E	6h	6	PK-15	PK-15_dcDNA_6h	LT934125.1	+	37872	PK-15_6h_1	0	dcDNA	PK-15_6h_1	viral_read.count	0	0		cluster_1
ELIE	E	6h	6	PK-15	PK-15_dcDNA_6h	LT934125.1	+	30337	PK-15_6h_2	0	dcDNA	PK-15_6h_2	viral_read.count	0	0		cluster_1
ELIE	E	6h	6	PK-15	PK-15_dcDNA_6h	LT934125.1	+	44912	PK-15_6h_3	0	dcDNA	PK-15_6h_3	viral_read.count	0	0		cluster_1
ELIE	E	8h	8	C6	C6_dcDNA_8h	LT934125.1	+	10124	C6_8h_1	0	dcDNA	C6_8h_1	viral_read.count	0	0		cluster_1
ELIE	E	8h	8	C6	C6_dcDNA_8h	LT934125.1	+	10414	C6_8h_2	0	dcDNA	C6_8h_2	viral_read.count	0	0		cluster_1
ELIE	E	8h	8	C6	C6_dcDNA_8h	LT934125.1	+	8495	C6_8h_3	0	dcDNA	C6_8h_3	viral_read.count	0	0		cluster_1
ELIE	E	8h	8	PC-12	PC-12_dcDNA_8h	LT934125.1	+	14035	PC-12_8h_1	0	dcDNA	PC-12_8h_1	viral_read.count	0	0		cluster_1
ELIE	E	8h	8	PC-12	PC-12_dcDNA_8h	LT934125.1	+	15684	PC-12_8h_2	0	dcDNA	PC-12_8h_2	viral_read.count	0	0		cluster_1
ELIE	E	8h	8	PK-15	PK-15_dcDNA_8h	LT934125.1	+	69419	PK-15_8h_1	1.44052780938936e-05	dcDNA	PK-15_8h_1	viral_read.count	4.8017593646312e-06	8.31689118526089e-06	1.73205080756888	cluster_1
ELIE	E	8h	8	PK-15	PK-15_dcDNA_8h	LT934125.1	+	74319	PK-15_8h_2	0	dcDNA	PK-15_8h_2	viral_read.count	4.8017593646312e-06	8.31689118526089e-06	1.73205080756888	cluster_1
ELIE	E	8h	8	PK-15	PK-15_dcDNA_8h	LT934125.1	+	70167	PK-15_8h_3	0	dcDNA	PK-15_8h_3	viral_read.count	4.8017593646312e-06	8.31689118526089e-06	1.73205080756888	cluster_1
EP0	E	""		C6	C6_dRNA	LT934125.1	-	3	C6_dRNA	0	dcDNA	C6_dRNA	viral_read.count	0			cluster_3
EP0	E	""		PC-12	PC-12_dRNA	LT934125.1	-	20	PC-12_dRNA	0	dcDNA	PC-12_dRNA	viral_read.count	0			cluster_3
EP0	E	""		PK-15	PK-15_dRNA	LT934125.1	-	68	PK-15_dRNA	0	dcDNA	PK-15_dRNA	viral_read.count	0			cluster_3
EP0	E	0.5h	0.5	PC-12	PC-12_dcDNA_0.5h	LT934125.1	-	13	PC-12_0.5h_1	0	dcDNA	PC-12_0.5h_1	viral_read.count	0	0		cluster_3
EP0	E	0.5h	0.5	PC-12	PC-12_dcDNA_0.5h	LT934125.1	-	13	PC-12_0.5h_2	0	dcDNA	PC-12_0.5h_2	viral_read.count	0	0		cluster_3
EP0	E	0.5h	0.5	PC-12	PC-12_dcDNA_0.5h	LT934125.1	-	2	PC-12_0.5h_3	0	dcDNA	PC-12_0.5h_3	viral_read.count	0	0		cluster_3
EP0	E	1.5h	1.5	PC-12	PC-12_dcDNA_1.5h	LT934125.1	-	138	PC-12_1.5h_1	0.0144927536231884	dcDNA	PC-12_1.5h_1	viral_read.count	0.0147758383150326	0.00834203647085659	0.564572804127775	cluster_3
EP0	E	1.5h	1.5	PC-12	PC-12_dcDNA_1.5h	LT934125.1	-	129	PC-12_1.5h_2	0.0232558139534884	dcDNA	PC-12_1.5h_2	viral_read.count	0.0147758383150326	0.00834203647085659	0.564572804127775	cluster_3
EP0	E	1.5h	1.5	PC-12	PC-12_dcDNA_1.5h	LT934125.1	-	152	PC-12_1.5h_3	0.00657894736842105	dcDNA	PC-12_1.5h_3	viral_read.count	0.0147758383150326	0.00834203647085659	0.564572804127775	cluster_3
EP0	E	12h	12	C6	C6_dcDNA_12h	LT934125.1	-	56266	C6_12h_1	0.00259481747414069	dcDNA	C6_12h_1	viral_read.count	0.003306413483446	0.000670087290660556	0.202662883518785	cluster_3
EP0	E	12h	12	C6	C6_dcDNA_12h	LT934125.1	-	49131	C6_12h_2	0.00339907593983432	dcDNA	C6_12h_2	viral_read.count	0.003306413483446	0.000670087290660556	0.202662883518785	cluster_3
EP0	E	12h	12	C6	C6_dcDNA_12h	LT934125.1	-	28023	C6_12h_3	0.00392534703636299	dcDNA	C6_12h_3	viral_read.count	0.003306413483446	0.000670087290660556	0.202662883518785	cluster_3
EP0	E	12h	12	PC-12	PC-12_dcDNA_12h	LT934125.1	-	40118	PC-12_12h_1	0.00132110274689666	dcDNA	PC-12_12h_1	viral_read.count	0.00118888449014537	0.000408171246973299	0.343322879856385	cluster_3
EP0	E	12h	12	PC-12	PC-12_dcDNA_12h	LT934125.1	-	64296	PC-12_12h_2	0.000730994152046784	dcDNA	PC-12_12h_2	viral_read.count	0.00118888449014537	0.000408171246973299	0.343322879856385	cluster_3
EP0	E	12h	12	PC-12	PC-12_dcDNA_12h	LT934125.1	-	35654	PC-12_12h_3	0.00151455657149268	dcDNA	PC-12_12h_3	viral_read.count	0.00118888449014537	0.000408171246973299	0.343322879856385	cluster_3
EP0	E	12h	12	PK-15	PK-15_dcDNA_12h	LT934125.1	-	137055	PK-15_12h_1	0.000715041406734523	dcDNA	PK-15_12h_1	viral_read.count	0.000606691861194604	0.000245338418271765	0.404387192187946	cluster_3
EP0	E	12h	12	PK-15	PK-15_dcDNA_12h	LT934125.1	-	155287	PK-15_12h_2	0.000779202380109088	dcDNA	PK-15_12h_2	viral_read.count	0.000606691861194604	0.000245338418271765	0.404387192187946	cluster_3
EP0	E	12h	12	PK-15	PK-15_dcDNA_12h	LT934125.1	-	135039	PK-15_12h_3	0.000325831796740201	dcDNA	PK-15_12h_3	viral_read.count	0.000606691861194604	0.000245338418271765	0.404387192187946	cluster_3
EP0	E	1h	1	C6	C6_dcDNA_1h	LT934125.1	-	246	C6_1h_1	0.00813008130081301	dcDNA	C6_1h_1	viral_read.count	0.002710027100271	0.00469390462755793	1.73205080756888	cluster_3
EP0	E	1h	1	C6	C6_dcDNA_1h	LT934125.1	-	240	C6_1h_2	0	dcDNA	C6_1h_2	viral_read.count	0.002710027100271	0.00469390462755793	1.73205080756888	cluster_3
EP0	E	1h	1	C6	C6_dcDNA_1h	LT934125.1	-	102	C6_1h_3	0	dcDNA	C6_1h_3	viral_read.count	0.002710027100271	0.00469390462755793	1.73205080756888	cluster_3
EP0	E	1h	1	NRK	NRK_dcDNA_1h	LT934125.1	-	25	NRK_1h_1	0	dcDNA	NRK_1h_1	viral_read.count	0.0123456790123457	0.0213833433033195	1.73205080756888	cluster_3
EP0	E	1h	1	NRK	NRK_dcDNA_1h	LT934125.1	-	54	NRK_1h_2	0.037037037037037	dcDNA	NRK_1h_2	viral_read.count	0.0123456790123457	0.0213833433033195	1.73205080756888	cluster_3
EP0	E	1h	1	NRK	NRK_dcDNA_1h	LT934125.1	-	20	NRK_1h_3	0	dcDNA	NRK_1h_3	viral_read.count	0.0123456790123457	0.0213833433033195	1.73205080756888	cluster_3
EP0	E	1h	1	PC-12	PC-12_dcDNA_1h	LT934125.1	-	154	PC-12_1h_1	0.038961038961039	dcDNA	PC-12_1h_1	viral_read.count	0.030908159940418	0.0277716319051119	0.898521036472167	cluster_3
EP0	E	1h	1	PC-12	PC-12_dcDNA_1h	LT934125.1	-	93	PC-12_1h_2	0.0537634408602151	dcDNA	PC-12_1h_2	viral_read.count	0.030908159940418	0.0277716319051119	0.898521036472167	cluster_3
EP0	E	1h	1	PC-12	PC-12_dcDNA_1h	LT934125.1	-	158	PC-12_1h_3	0	dcDNA	PC-12_1h_3	viral_read.count	0.030908159940418	0.0277716319051119	0.898521036472167	cluster_3
EP0	E	1h	1	PK-15	PK-15_dcDNA_1h	LT934125.1	-	129	PK-15_1h_1	0.00775193798449612	dcDNA	PK-15_1h_1	viral_read.count	0.030586678383496	0.0252426326023692	0.825281918025778	cluster_3
EP0	E	1h	1	PK-15	PK-15_dcDNA_1h	LT934125.1	-	76	PK-15_1h_2	0.0263157894736842	dcDNA	PK-15_1h_2	viral_read.count	0.030586678383496	0.0252426326023692	0.825281918025778	cluster_3
EP0	E	1h	1	PK-15	PK-15_dcDNA_1h	LT934125.1	-	52	PK-15_1h_3	0.0576923076923077	dcDNA	PK-15_1h_3	viral_read.count	0.030586678383496	0.0252426326023692	0.825281918025778	cluster_3
EP0	E	2.5h	2.5	PC-12	PC-12_dcDNA_2.5h	LT934125.1	-	478	PC-12_2.5h_1	0.0125523012552301	dcDNA	PC-12_2.5h_1	viral_read.count	0.0117433098124818	0.00704473443549927	0.599893432770675	cluster_3
EP0	E	2.5h	2.5	PC-12	PC-12_dcDNA_2.5h	LT934125.1	-	231	PC-12_2.5h_2	0.00432900432900433	dcDNA	PC-12_2.5h_2	viral_read.count	0.0117433098124818	0.00704473443549927	0.599893432770675	cluster_3
EP0	E	2.5h	2.5	PC-12	PC-12_dcDNA_2.5h	LT934125.1	-	545	PC-12_2.5h_3	0.018348623853211	dcDNA	PC-12_2.5h_3	viral_read.count	0.0117433098124818	0.00704473443549927	0.599893432770675	cluster_3
EP0	E	2h	2	C6	C6_dcDNA_2h	LT934125.1	-	243	C6_2h_1	0.037037037037037	dcDNA	C6_2h_1	viral_read.count	0.0227920227920228	0.0201454923414971	0.883883476483184	cluster_3
EP0	E	2h	2	C6	C6_dcDNA_2h	LT934125.1	-	468	C6_2h_2	0.00854700854700855	dcDNA	C6_2h_2	viral_read.count	0.0227920227920228	0.0201454923414971	0.883883476483184	cluster_3
EP0	E	2h	2	NRK	NRK_dcDNA_2h	LT934125.1	-	99	NRK_2h_1	0.0202020202020202	dcDNA	NRK_2h_1	viral_read.count	0.021588158969826	0.00600891473764313	0.278343083634036	cluster_3
EP0	E	2h	2	NRK	NRK_dcDNA_2h	LT934125.1	-	71	NRK_2h_2	0.028169014084507	dcDNA	NRK_2h_2	viral_read.count	0.021588158969826	0.00600891473764313	0.278343083634036	cluster_3
EP0	E	2h	2	NRK	NRK_dcDNA_2h	LT934125.1	-	122	NRK_2h_3	0.0163934426229508	dcDNA	NRK_2h_3	viral_read.count	0.021588158969826	0.00600891473764313	0.278343083634036	cluster_3
EP0	E	2h	2	PC-12	PC-12_dcDNA_2h	LT934125.1	-	439	PC-12_2h_1	0.0296127562642369	dcDNA	PC-12_2h_1	viral_read.count	0.0193495523832171	0.00904680659733783	0.467546040247661	cluster_3
EP0	E	2h	2	PC-12	PC-12_dcDNA_2h	LT934125.1	-	399	PC-12_2h_2	0.012531328320802	dcDNA	PC-12_2h_2	viral_read.count	0.0193495523832171	0.00904680659733783	0.467546040247661	cluster_3
EP0	E	2h	2	PC-12	PC-12_dcDNA_2h	LT934125.1	-	503	PC-12_2h_3	0.0159045725646123	dcDNA	PC-12_2h_3	viral_read.count	0.0193495523832171	0.00904680659733783	0.467546040247661	cluster_3
EP0	E	2h	2	PK-15	PK-15_dcDNA_2h	LT934125.1	-	482	PK-15_2h_1	0.045643153526971	dcDNA	PK-15_2h_1	viral_read.count	0.0330717764718437	0.0228833036773366	0.69192846948572	cluster_3
EP0	E	2h	2	PK-15	PK-15_dcDNA_2h	LT934125.1	-	405	PK-15_2h_2	0.0469135802469136	dcDNA	PK-15_2h_2	viral_read.count	0.0330717764718437	0.0228833036773366	0.69192846948572	cluster_3
EP0	E	2h	2	PK-15	PK-15_dcDNA_2h	LT934125.1	-	1652	PK-15_2h_3	0.00665859564164649	dcDNA	PK-15_2h_3	viral_read.count	0.0330717764718437	0.0228833036773366	0.69192846948572	cluster_3
EP0	E	4h	4	C6	C6_dcDNA_4h	LT934125.1	-	680	C6_4h_1	0.00735294117647059	dcDNA	C6_4h_1	viral_read.count	0.00293688904133082	0.00389324781894552	1.3256366734173	cluster_3
EP0	E	4h	4	C6	C6_dcDNA_4h	LT934125.1	-	686	C6_4h_2	0.00145772594752187	dcDNA	C6_4h_2	viral_read.count	0.00293688904133082	0.00389324781894552	1.3256366734173	cluster_3
EP0	E	4h	4	C6	C6_dcDNA_4h	LT934125.1	-	312	C6_4h_3	0	dcDNA	C6_4h_3	viral_read.count	0.00293688904133082	0.00389324781894552	1.3256366734173	cluster_3
EP0	E	4h	4	PC-12	PC-12_dcDNA_4h	LT934125.1	-	2800	PC-12_4h_1	0.00321428571428571	dcDNA	PC-12_4h_1	viral_read.count	0.00401480045116004	0.000739661427359477	0.184233671475691	cluster_3
EP0	E	4h	4	PC-12	PC-12_dcDNA_4h	LT934125.1	-	2646	PC-12_4h_2	0.00415721844293273	dcDNA	PC-12_4h_2	viral_read.count	0.00401480045116004	0.000739661427359477	0.184233671475691	cluster_3
EP0	E	4h	4	PC-12	PC-12_dcDNA_4h	LT934125.1	-	2996	PC-12_4h_3	0.00467289719626168	dcDNA	PC-12_4h_3	viral_read.count	0.00401480045116004	0.000739661427359477	0.184233671475691	cluster_3
EP0	E	4h	4	PK-15	PK-15_dcDNA_4h	LT934125.1	-	7826	PK-15_4h_1	0.0121390237669307	dcDNA	PK-15_4h_1	viral_read.count	0.0140416722633623	0.00460905539941439	0.32824120325329	cluster_3
EP0	E	4h	4	PK-15	PK-15_dcDNA_4h	LT934125.1	-	8046	PK-15_4h_2	0.0106885408898832	dcDNA	PK-15_4h_2	viral_read.count	0.0140416722633623	0.00460905539941439	0.32824120325329	cluster_3
EP0	E	4h	4	PK-15	PK-15_dcDNA_4h	LT934125.1	-	6633	PK-15_4h_3	0.019297452133273	dcDNA	PK-15_4h_3	viral_read.count	0.0140416722633623	0.00460905539941439	0.32824120325329	cluster_3
EP0	E	6h	6	C6	C6_dcDNA_6h	LT934125.1	-	2759	C6_6h_1	0.00434940195723088	dcDNA	C6_6h_1	viral_read.count	0.00434164937683033	7.26810082009354e-05	0.0167404140437515	cluster_3
EP0	E	6h	6	C6	C6_dcDNA_6h	LT934125.1	-	4220	C6_6h_2	0.0042654028436019	dcDNA	C6_6h_2	viral_read.count	0.00434164937683033	7.26810082009354e-05	0.0167404140437515	cluster_3
EP0	E	6h	6	C6	C6_dcDNA_6h	LT934125.1	-	3628	C6_6h_3	0.00441014332965821	dcDNA	C6_6h_3	viral_read.count	0.00434164937683033	7.26810082009354e-05	0.0167404140437515	cluster_3
EP0	E	6h	6	PC-12	PC-12_dcDNA_6h	LT934125.1	-	7517	PC-12_6h_1	0.00332579486497273	dcDNA	PC-12_6h_1	viral_read.count	0.00361450730885355	0.000262341768599294	0.0725802291108117	cluster_3
EP0	E	6h	6	PC-12	PC-12_dcDNA_6h	LT934125.1	-	13589	PC-12_6h_2	0.00367944661122967	dcDNA	PC-12_6h_2	viral_read.count	0.00361450730885355	0.000262341768599294	0.0725802291108117	cluster_3
EP0	E	6h	6	PC-12	PC-12_dcDNA_6h	LT934125.1	-	11724	PC-12_6h_3	0.00383828045035824	dcDNA	PC-12_6h_3	viral_read.count	0.00361450730885355	0.000262341768599294	0.0725802291108117	cluster_3
EP0	E	6h	6	PK-15	PK-15_dcDNA_6h	LT934125.1	-	37872	PK-15_6h_1	0.00533375580904098	dcDNA	PK-15_6h_1	viral_read.count	0.00499698575015248	0.00156075948304563	0.312340190883675	cluster_3
EP0	E	6h	6	PK-15	PK-15_dcDNA_6h	LT934125.1	-	30337	PK-15_6h_2	0.0063618683455846	dcDNA	PK-15_6h_2	viral_read.count	0.00499698575015248	0.00156075948304563	0.312340190883675	cluster_3
EP0	E	6h	6	PK-15	PK-15_dcDNA_6h	LT934125.1	-	44912	PK-15_6h_3	0.00329533309583185	dcDNA	PK-15_6h_3	viral_read.count	0.00499698575015248	0.00156075948304563	0.312340190883675	cluster_3
EP0	E	8h	8	C6	C6_dcDNA_8h	LT934125.1	-	10124	C6_8h_1	0.00345713156854998	dcDNA	C6_8h_1	viral_read.count	0.00340750235323603	0.000503787033007103	0.147846422623499	cluster_3
EP0	E	8h	8	C6	C6_dcDNA_8h	LT934125.1	-	10414	C6_8h_2	0.00288073746879201	dcDNA	C6_8h_2	viral_read.count	0.00340750235323603	0.000503787033007103	0.147846422623499	cluster_3
EP0	E	8h	8	C6	C6_dcDNA_8h	LT934125.1	-	8495	C6_8h_3	0.0038846380223661	dcDNA	C6_8h_3	viral_read.count	0.00340750235323603	0.000503787033007103	0.147846422623499	cluster_3
EP0	E	8h	8	PC-12	PC-12_dcDNA_8h	LT934125.1	-	14035	PC-12_8h_1	0.00206626291414321	dcDNA	PC-12_8h_1	viral_read.count	0.00275463107451614	0.000973499588305208	0.353404707189767	cluster_3
EP0	E	8h	8	PC-12	PC-12_dcDNA_8h	LT934125.1	-	15684	PC-12_8h_2	0.00344299923488906	dcDNA	PC-12_8h_2	viral_read.count	0.00275463107451614	0.000973499588305208	0.353404707189767	cluster_3
EP0	E	8h	8	PK-15	PK-15_dcDNA_8h	LT934125.1	-	69419	PK-15_8h_1	0.00442242037482534	dcDNA	PK-15_8h_1	viral_read.count	0.00390526323082631	0.000497032912902124	0.127272576398636	cluster_3
EP0	E	8h	8	PK-15	PK-15_dcDNA_8h	LT934125.1	-	74319	PK-15_8h_2	0.00343115488636822	dcDNA	PK-15_8h_2	viral_read.count	0.00390526323082631	0.000497032912902124	0.127272576398636	cluster_3
EP0	E	8h	8	PK-15	PK-15_dcDNA_8h	LT934125.1	-	70167	PK-15_8h_3	0.00386221443128536	dcDNA	PK-15_8h_3	viral_read.count	0.00390526323082631	0.000497032912902124	0.127272576398636	cluster_3
IE180	IE	""		C6	C6_dRNA	LT934125.1	-	3	C6_dRNA	0	dcDNA	C6_dRNA	viral_read.count	0			cluster_4
IE180	IE	""		PC-12	PC-12_dRNA	LT934125.1	-	20	PC-12_dRNA	0	dcDNA	PC-12_dRNA	viral_read.count	0			cluster_4
IE180	IE	""		PK-15	PK-15_dRNA	LT934125.1	-	68	PK-15_dRNA	0	dcDNA	PK-15_dRNA	viral_read.count	0			cluster_4
IE180	IE	0.5h	0.5	PC-12	PC-12_dcDNA_0.5h	LT934125.1	-	13	PC-12_0.5h_1	0	dcDNA	PC-12_0.5h_1	viral_read.count	0.0256410256410256	0.0444115591684327	1.73205080756888	cluster_4
IE180	IE	0.5h	0.5	PC-12	PC-12_dcDNA_0.5h	LT934125.1	-	13	PC-12_0.5h_2	0.0769230769230769	dcDNA	PC-12_0.5h_2	viral_read.count	0.0256410256410256	0.0444115591684327	1.73205080756888	cluster_4
IE180	IE	0.5h	0.5	PC-12	PC-12_dcDNA_0.5h	LT934125.1	-	2	PC-12_0.5h_3	0	dcDNA	PC-12_0.5h_3	viral_read.count	0.0256410256410256	0.0444115591684327	1.73205080756888	cluster_4
IE180	IE	1.5h	1.5	PC-12	PC-12_dcDNA_1.5h	LT934125.1	-	138	PC-12_1.5h_1	0	dcDNA	PC-12_1.5h_1	viral_read.count	0	0		cluster_4
IE180	IE	1.5h	1.5	PC-12	PC-12_dcDNA_1.5h	LT934125.1	-	129	PC-12_1.5h_2	0	dcDNA	PC-12_1.5h_2	viral_read.count	0	0		cluster_4
IE180	IE	1.5h	1.5	PC-12	PC-12_dcDNA_1.5h	LT934125.1	-	152	PC-12_1.5h_3	0	dcDNA	PC-12_1.5h_3	viral_read.count	0	0		cluster_4
IE180	IE	12h	12	C6	C6_dcDNA_12h	LT934125.1	-	56266	C6_12h_1	0.00131518145949597	dcDNA	C6_12h_1	viral_read.count	0.00120751680664734	0.000133318646676982	0.110407280414704	cluster_4
IE180	IE	12h	12	C6	C6_dcDNA_12h	LT934125.1	-	49131	C6_12h_2	0.00105839490342147	dcDNA	C6_12h_2	viral_read.count	0.00120751680664734	0.000133318646676982	0.110407280414704	cluster_4
IE180	IE	12h	12	C6	C6_dcDNA_12h	LT934125.1	-	28023	C6_12h_3	0.00124897405702459	dcDNA	C6_12h_3	viral_read.count	0.00120751680664734	0.000133318646676982	0.110407280414704	cluster_4
IE180	IE	12h	12	PC-12	PC-12_dcDNA_12h	LT934125.1	-	40118	PC-12_12h_1	0.00109676454459345	dcDNA	PC-12_12h_1	viral_read.count	0.00111707750759101	0.000163890678298922	0.146713793076322	cluster_4
IE180	IE	12h	12	PC-12	PC-12_dcDNA_12h	LT934125.1	-	64296	PC-12_12h_2	0.000964290158019161	dcDNA	PC-12_12h_2	viral_read.count	0.00111707750759101	0.000163890678298922	0.146713793076322	cluster_4
IE180	IE	12h	12	PC-12	PC-12_dcDNA_12h	LT934125.1	-	35654	PC-12_12h_3	0.00129017782016043	dcDNA	PC-12_12h_3	viral_read.count	0.00111707750759101	0.000163890678298922	0.146713793076322	cluster_4
IE180	IE	12h	12	PK-15	PK-15_dcDNA_12h	LT934125.1	-	137055	PK-15_12h_1	0.000539929225493415	dcDNA	PK-15_12h_1	viral_read.count	0.000505280923176615	7.23702694416885e-05	0.143227788982629	cluster_4
IE180	IE	12h	12	PK-15	PK-15_dcDNA_12h	LT934125.1	-	155287	PK-15_12h_2	0.000553813261895716	dcDNA	PK-15_12h_2	viral_read.count	0.000505280923176615	7.23702694416885e-05	0.143227788982629	cluster_4
IE180	IE	12h	12	PK-15	PK-15_dcDNA_12h	LT934125.1	-	135039	PK-15_12h_3	0.000422100282140715	dcDNA	PK-15_12h_3	viral_read.count	0.000505280923176615	7.23702694416885e-05	0.143227788982629	cluster_4
IE180	IE	1h	1	C6	C6_dcDNA_1h	LT934125.1	-	246	C6_1h_1	0	dcDNA	C6_1h_1	viral_read.count	0	0		cluster_4
IE180	IE	1h	1	C6	C6_dcDNA_1h	LT934125.1	-	240	C6_1h_2	0	dcDNA	C6_1h_2	viral_read.count	0	0		cluster_4
IE180	IE	1h	1	C6	C6_dcDNA_1h	LT934125.1	-	102	C6_1h_3	0	dcDNA	C6_1h_3	viral_read.count	0	0		cluster_4
IE180	IE	1h	1	NRK	NRK_dcDNA_1h	LT934125.1	-	25	NRK_1h_1	0	dcDNA	NRK_1h_1	viral_read.count	0	0		cluster_4
IE180	IE	1h	1	NRK	NRK_dcDNA_1h	LT934125.1	-	54	NRK_1h_2	0	dcDNA	NRK_1h_2	viral_read.count	0	0		cluster_4
IE180	IE	1h	1	NRK	NRK_dcDNA_1h	LT934125.1	-	20	NRK_1h_3	0	dcDNA	NRK_1h_3	viral_read.count	0	0		cluster_4
IE180	IE	1h	1	PC-12	PC-12_dcDNA_1h	LT934125.1	-	154	PC-12_1h_1	0.00649350649350649	dcDNA	PC-12_1h_1	viral_read.count	0.00427420680585237	0.00370248417871287	0.86623889458117	cluster_4
IE180	IE	1h	1	PC-12	PC-12_dcDNA_1h	LT934125.1	-	93	PC-12_1h_2	0	dcDNA	PC-12_1h_2	viral_read.count	0.00427420680585237	0.00370248417871287	0.86623889458117	cluster_4
IE180	IE	1h	1	PC-12	PC-12_dcDNA_1h	LT934125.1	-	158	PC-12_1h_3	0.00632911392405063	dcDNA	PC-12_1h_3	viral_read.count	0.00427420680585237	0.00370248417871287	0.86623889458117	cluster_4
IE180	IE	1h	1	PK-15	PK-15_dcDNA_1h	LT934125.1	-	129	PK-15_1h_1	0.255813953488372	dcDNA	PK-15_1h_1	viral_read.count	0.233044597181684	0.0706225136776534	0.303042913381062	cluster_4
IE180	IE	1h	1	PK-15	PK-15_dcDNA_1h	LT934125.1	-	76	PK-15_1h_2	0.289473684210526	dcDNA	PK-15_1h_2	viral_read.count	0.233044597181684	0.0706225136776534	0.303042913381062	cluster_4
IE180	IE	1h	1	PK-15	PK-15_dcDNA_1h	LT934125.1	-	52	PK-15_1h_3	0.153846153846154	dcDNA	PK-15_1h_3	viral_read.count	0.233044597181684	0.0706225136776534	0.303042913381062	cluster_4
IE180	IE	2.5h	2.5	PC-12	PC-12_dcDNA_2.5h	LT934125.1	-	478	PC-12_2.5h_1	0	dcDNA	PC-12_2.5h_1	viral_read.count	0	0		cluster_4
IE180	IE	2.5h	2.5	PC-12	PC-12_dcDNA_2.5h	LT934125.1	-	231	PC-12_2.5h_2	0	dcDNA	PC-12_2.5h_2	viral_read.count	0	0		cluster_4
IE180	IE	2.5h	2.5	PC-12	PC-12_dcDNA_2.5h	LT934125.1	-	545	PC-12_2.5h_3	0	dcDNA	PC-12_2.5h_3	viral_read.count	0	0		cluster_4
IE180	IE	2h	2	C6	C6_dcDNA_2h	LT934125.1	-	243	C6_2h_1	0	dcDNA	C6_2h_1	viral_read.count	0	0		cluster_4
IE180	IE	2h	2	C6	C6_dcDNA_2h	LT934125.1	-	468	C6_2h_2	0	dcDNA	C6_2h_2	viral_read.count	0	0		cluster_4
IE180	IE	2h	2	NRK	NRK_dcDNA_2h	LT934125.1	-	99	NRK_2h_1	0	dcDNA	NRK_2h_1	viral_read.count	0	0		cluster_4
IE180	IE	2h	2	NRK	NRK_dcDNA_2h	LT934125.1	-	71	NRK_2h_2	0	dcDNA	NRK_2h_2	viral_read.count	0	0		cluster_4
IE180	IE	2h	2	NRK	NRK_dcDNA_2h	LT934125.1	-	122	NRK_2h_3	0	dcDNA	NRK_2h_3	viral_read.count	0	0		cluster_4
IE180	IE	2h	2	PC-12	PC-12_dcDNA_2h	LT934125.1	-	439	PC-12_2h_1	0	dcDNA	PC-12_2h_1	viral_read.count	0.000662690523525513	0.00114781365644061	1.73205080756888	cluster_4
IE180	IE	2h	2	PC-12	PC-12_dcDNA_2h	LT934125.1	-	399	PC-12_2h_2	0	dcDNA	PC-12_2h_2	viral_read.count	0.000662690523525513	0.00114781365644061	1.73205080756888	cluster_4
IE180	IE	2h	2	PC-12	PC-12_dcDNA_2h	LT934125.1	-	503	PC-12_2h_3	0.00198807157057654	dcDNA	PC-12_2h_3	viral_read.count	0.000662690523525513	0.00114781365644061	1.73205080756888	cluster_4
IE180	IE	2h	2	PK-15	PK-15_dcDNA_2h	LT934125.1	-	482	PK-15_2h_1	0.0394190871369295	dcDNA	PK-15_2h_1	viral_read.count	0.0250499379427027	0.0189061913504733	0.754740047409214	cluster_4
IE180	IE	2h	2	PK-15	PK-15_dcDNA_2h	LT934125.1	-	405	PK-15_2h_2	0.0320987654320988	dcDNA	PK-15_2h_2	viral_read.count	0.0250499379427027	0.0189061913504733	0.754740047409214	cluster_4
IE180	IE	2h	2	PK-15	PK-15_dcDNA_2h	LT934125.1	-	1652	PK-15_2h_3	0.0036319612590799	dcDNA	PK-15_2h_3	viral_read.count	0.0250499379427027	0.0189061913504733	0.754740047409214	cluster_4
IE180	IE	4h	4	C6	C6_dcDNA_4h	LT934125.1	-	680	C6_4h_1	0	dcDNA	C6_4h_1	viral_read.count	0	0		cluster_4
IE180	IE	4h	4	C6	C6_dcDNA_4h	LT934125.1	-	686	C6_4h_2	0	dcDNA	C6_4h_2	viral_read.count	0	0		cluster_4
IE180	IE	4h	4	C6	C6_dcDNA_4h	LT934125.1	-	312	C6_4h_3	0	dcDNA	C6_4h_3	viral_read.count	0	0		cluster_4
IE180	IE	4h	4	PC-12	PC-12_dcDNA_4h	LT934125.1	-	2800	PC-12_4h_1	0.000714285714285714	dcDNA	PC-12_4h_1	viral_read.count	0.000586590468655444	0.000182210376850384	0.310626214687801	cluster_4
IE180	IE	4h	4	PC-12	PC-12_dcDNA_4h	LT934125.1	-	2646	PC-12_4h_2	0.000377928949357521	dcDNA	PC-12_4h_2	viral_read.count	0.000586590468655444	0.000182210376850384	0.310626214687801	cluster_4
IE180	IE	4h	4	PC-12	PC-12_dcDNA_4h	LT934125.1	-	2996	PC-12_4h_3	0.000667556742323098	dcDNA	PC-12_4h_3	viral_read.count	0.000586590468655444	0.000182210376850384	0.310626214687801	cluster_4
IE180	IE	4h	4	PK-15	PK-15_dcDNA_4h	LT934125.1	-	7826	PK-15_4h_1	0.00178890876565295	dcDNA	PK-15_4h_1	viral_read.count	0.0020129648948253	0.000237198748022437	0.117835511504548	cluster_4
IE180	IE	4h	4	PK-15	PK-15_dcDNA_4h	LT934125.1	-	8046	PK-15_4h_2	0.00198856574695501	dcDNA	PK-15_4h_2	viral_read.count	0.0020129648948253	0.000237198748022437	0.117835511504548	cluster_4
IE180	IE	4h	4	PK-15	PK-15_dcDNA_4h	LT934125.1	-	6633	PK-15_4h_3	0.00226142017186793	dcDNA	PK-15_4h_3	viral_read.count	0.0020129648948253	0.000237198748022437	0.117835511504548	cluster_4
IE180	IE	6h	6	C6	C6_dcDNA_6h	LT934125.1	-	2759	C6_6h_1	0.000724900326205147	dcDNA	C6_6h_1	viral_read.count	0.000662356238782024	9.645963158368e-05	0.145631045554965	cluster_4
IE180	IE	6h	6	C6	C6_dcDNA_6h	LT934125.1	-	4220	C6_6h_2	0.000710900473933649	dcDNA	C6_6h_2	viral_read.count	0.000662356238782024	9.645963158368e-05	0.145631045554965	cluster_4
IE180	IE	6h	6	C6	C6_dcDNA_6h	LT934125.1	-	3628	C6_6h_3	0.000551267916207277	dcDNA	C6_6h_3	viral_read.count	0.000662356238782024	9.645963158368e-05	0.145631045554965	cluster_4
IE180	IE	6h	6	PC-12	PC-12_dcDNA_6h	LT934125.1	-	7517	PC-12_6h_1	0.000798190767593455	dcDNA	PC-12_6h_1	viral_read.count	0.000750519875158467	0.000215552370541821	0.287204080366704	cluster_4
IE180	IE	6h	6	PC-12	PC-12_dcDNA_6h	LT934125.1	-	13589	PC-12_6h_2	0.000515122525572154	dcDNA	PC-12_6h_2	viral_read.count	0.000750519875158467	0.000215552370541821	0.287204080366704	cluster_4
IE180	IE	6h	6	PC-12	PC-12_dcDNA_6h	LT934125.1	-	11724	PC-12_6h_3	0.000938246332309792	dcDNA	PC-12_6h_3	viral_read.count	0.000750519875158467	0.000215552370541821	0.287204080366704	cluster_4
IE180	IE	6h	6	PK-15	PK-15_dcDNA_6h	LT934125.1	-	37872	PK-15_6h_1	0.00134664131812421	dcDNA	PK-15_6h_1	viral_read.count	0.00134120593515517	0.000804123681369946	0.599552731085188	cluster_4
IE180	IE	6h	6	PK-15	PK-15_dcDNA_6h	LT934125.1	-	30337	PK-15_6h_2	0.00214259814747668	dcDNA	PK-15_6h_2	viral_read.count	0.00134120593515517	0.000804123681369946	0.599552731085188	cluster_4
IE180	IE	6h	6	PK-15	PK-15_dcDNA_6h	LT934125.1	-	44912	PK-15_6h_3	0.000534378339864624	dcDNA	PK-15_6h_3	viral_read.count	0.00134120593515517	0.000804123681369946	0.599552731085188	cluster_4
IE180	IE	8h	8	C6	C6_dcDNA_8h	LT934125.1	-	10124	C6_8h_1	0.00128407743974714	dcDNA	C6_8h_1	viral_read.count	0.0011797342011555	0.000190159226434989	0.16118819497539	cluster_4
IE180	IE	8h	8	C6	C6_dcDNA_8h	LT934125.1	-	10414	C6_8h_2	0.00096024582293067	dcDNA	C6_8h_2	viral_read.count	0.0011797342011555	0.000190159226434989	0.16118819497539	cluster_4
IE180	IE	8h	8	C6	C6_dcDNA_8h	LT934125.1	-	8495	C6_8h_3	0.0012948793407887	dcDNA	C6_8h_3	viral_read.count	0.0011797342011555	0.000190159226434989	0.16118819497539	cluster_4
IE180	IE	8h	8	PC-12	PC-12_dcDNA_8h	LT934125.1	-	14035	PC-12_8h_1	0.00106875667972925	dcDNA	PC-12_8h_1	viral_read.count	0.000980693055498392	0.000124540771739007	0.126992611032323	cluster_4
IE180	IE	8h	8	PC-12	PC-12_dcDNA_8h	LT934125.1	-	15684	PC-12_8h_2	0.000892629431267534	dcDNA	PC-12_8h_2	viral_read.count	0.000980693055498392	0.000124540771739007	0.126992611032323	cluster_4
IE180	IE	8h	8	PK-15	PK-15_dcDNA_8h	LT934125.1	-	69419	PK-15_8h_1	0.0020167389331451	dcDNA	PK-15_8h_1	viral_read.count	0.00174515802556978	0.000260906208060332	0.149502912766395	cluster_4
IE180	IE	8h	8	PK-15	PK-15_dcDNA_8h	LT934125.1	-	74319	PK-15_8h_2	0.00172230519786327	dcDNA	PK-15_8h_2	viral_read.count	0.00174515802556978	0.000260906208060332	0.149502912766395	cluster_4
IE180	IE	8h	8	PK-15	PK-15_dcDNA_8h	LT934125.1	-	70167	PK-15_8h_3	0.00149642994570097	dcDNA	PK-15_8h_3	viral_read.count	0.00174515802556978	0.000260906208060332	0.149502912766395	cluster_4
NOIR	E	""		C6	C6_dRNA	LT934125.1	+	3	C6_dRNA	0	dcDNA	C6_dRNA	viral_read.count	0			cluster_1
NOIR	E	""		PC-12	PC-12_dRNA	LT934125.1	+	20	PC-12_dRNA	0	dcDNA	PC-12_dRNA	viral_read.count	0			cluster_1
NOIR	E	""		PK-15	PK-15_dRNA	LT934125.1	+	68	PK-15_dRNA	0	dcDNA	PK-15_dRNA	viral_read.count	0			cluster_1
NOIR	E	0.5h	0.5	PC-12	PC-12_dcDNA_0.5h	LT934125.1	+	13	PC-12_0.5h_1	0	dcDNA	PC-12_0.5h_1	viral_read.count	0	0		cluster_1
NOIR	E	0.5h	0.5	PC-12	PC-12_dcDNA_0.5h	LT934125.1	+	13	PC-12_0.5h_2	0	dcDNA	PC-12_0.5h_2	viral_read.count	0	0		cluster_1
NOIR	E	0.5h	0.5	PC-12	PC-12_dcDNA_0.5h	LT934125.1	+	2	PC-12_0.5h_3	0	dcDNA	PC-12_0.5h_3	viral_read.count	0	0		cluster_1
NOIR	E	1.5h	1.5	PC-12	PC-12_dcDNA_1.5h	LT934125.1	+	138	PC-12_1.5h_1	0	dcDNA	PC-12_1.5h_1	viral_read.count	0	0		cluster_1
NOIR	E	1.5h	1.5	PC-12	PC-12_dcDNA_1.5h	LT934125.1	+	129	PC-12_1.5h_2	0	dcDNA	PC-12_1.5h_2	viral_read.count	0	0		cluster_1
NOIR	E	1.5h	1.5	PC-12	PC-12_dcDNA_1.5h	LT934125.1	+	152	PC-12_1.5h_3	0	dcDNA	PC-12_1.5h_3	viral_read.count	0	0		cluster_1
NOIR	E	12h	12	C6	C6_dcDNA_12h	LT934125.1	+	56266	C6_12h_1	0.000835317954004194	dcDNA	C6_12h_1	viral_read.count	0.000821733245605287	4.31338680577313e-05	0.0524913264595483	cluster_1
NOIR	E	12h	12	C6	C6_dcDNA_12h	LT934125.1	+	49131	C6_12h_2	0.000773442429423378	dcDNA	C6_12h_2	viral_read.count	0.000821733245605287	4.31338680577313e-05	0.0524913264595483	cluster_1
NOIR	E	12h	12	C6	C6_dcDNA_12h	LT934125.1	+	28023	C6_12h_3	0.000856439353388288	dcDNA	C6_12h_3	viral_read.count	0.000821733245605287	4.31338680577313e-05	0.0524913264595483	cluster_1
NOIR	E	12h	12	PC-12	PC-12_dcDNA_12h	LT934125.1	+	40118	PC-12_12h_1	0.00167007328381275	dcDNA	PC-12_12h_1	viral_read.count	0.0013131920323529	0.000333406552651615	0.253890173285804	cluster_1
NOIR	E	12h	12	PC-12	PC-12_dcDNA_12h	LT934125.1	+	64296	PC-12_12h_2	0.00125979843225084	dcDNA	PC-12_12h_2	viral_read.count	0.0013131920323529	0.000333406552651615	0.253890173285804	cluster_1
NOIR	E	12h	12	PC-12	PC-12_dcDNA_12h	LT934125.1	+	35654	PC-12_12h_3	0.00100970438099512	dcDNA	PC-12_12h_3	viral_read.count	0.0013131920323529	0.000333406552651615	0.253890173285804	cluster_1
NOIR	E	12h	12	PK-15	PK-15_dcDNA_12h	LT934125.1	+	137055	PK-15_12h_1	0.00127685965488308	dcDNA	PK-15_12h_1	viral_read.count	0.00108202488406651	0.000229266011690389	0.211886080501913	cluster_1
NOIR	E	12h	12	PK-15	PK-15_dcDNA_12h	LT934125.1	+	155287	PK-15_12h_2	0.00113982496925048	dcDNA	PK-15_12h_2	viral_read.count	0.00108202488406651	0.000229266011690389	0.211886080501913	cluster_1
NOIR	E	12h	12	PK-15	PK-15_dcDNA_12h	LT934125.1	+	135039	PK-15_12h_3	0.000829390028065966	dcDNA	PK-15_12h_3	viral_read.count	0.00108202488406651	0.000229266011690389	0.211886080501913	cluster_1
NOIR	E	1h	1	C6	C6_dcDNA_1h	LT934125.1	+	246	C6_1h_1	0	dcDNA	C6_1h_1	viral_read.count	0	0		cluster_1
NOIR	E	1h	1	C6	C6_dcDNA_1h	LT934125.1	+	240	C6_1h_2	0	dcDNA	C6_1h_2	viral_read.count	0	0		cluster_1
NOIR	E	1h	1	C6	C6_dcDNA_1h	LT934125.1	+	102	C6_1h_3	0	dcDNA	C6_1h_3	viral_read.count	0	0		cluster_1
NOIR	E	1h	1	NRK	NRK_dcDNA_1h	LT934125.1	+	25	NRK_1h_1	0	dcDNA	NRK_1h_1	viral_read.count	0	0		cluster_1
NOIR	E	1h	1	NRK	NRK_dcDNA_1h	LT934125.1	+	54	NRK_1h_2	0	dcDNA	NRK_1h_2	viral_read.count	0	0		cluster_1
NOIR	E	1h	1	NRK	NRK_dcDNA_1h	LT934125.1	+	20	NRK_1h_3	0	dcDNA	NRK_1h_3	viral_read.count	0	0		cluster_1
NOIR	E	1h	1	PC-12	PC-12_dcDNA_1h	LT934125.1	+	154	PC-12_1h_1	0	dcDNA	PC-12_1h_1	viral_read.count	0.00210970464135021	0.00365411562778244	1.73205080756888	cluster_1
NOIR	E	1h	1	PC-12	PC-12_dcDNA_1h	LT934125.1	+	93	PC-12_1h_2	0	dcDNA	PC-12_1h_2	viral_read.count	0.00210970464135021	0.00365411562778244	1.73205080756888	cluster_1
NOIR	E	1h	1	PC-12	PC-12_dcDNA_1h	LT934125.1	+	158	PC-12_1h_3	0.00632911392405063	dcDNA	PC-12_1h_3	viral_read.count	0.00210970464135021	0.00365411562778244	1.73205080756888	cluster_1
NOIR	E	1h	1	PK-15	PK-15_dcDNA_1h	LT934125.1	+	129	PK-15_1h_1	0	dcDNA	PK-15_1h_1	viral_read.count	0	0		cluster_1
NOIR	E	1h	1	PK-15	PK-15_dcDNA_1h	LT934125.1	+	76	PK-15_1h_2	0	dcDNA	PK-15_1h_2	viral_read.count	0	0		cluster_1
NOIR	E	1h	1	PK-15	PK-15_dcDNA_1h	LT934125.1	+	52	PK-15_1h_3	0	dcDNA	PK-15_1h_3	viral_read.count	0	0		cluster_1
NOIR	E	2.5h	2.5	PC-12	PC-12_dcDNA_2.5h	LT934125.1	+	478	PC-12_2.5h_1	0.00209205020920502	dcDNA	PC-12_2.5h_1	viral_read.count	0.00192059165994907	0.00184086080371411	0.958486305081071	cluster_1
NOIR	E	2.5h	2.5	PC-12	PC-12_dcDNA_2.5h	LT934125.1	+	231	PC-12_2.5h_2	0	dcDNA	PC-12_2.5h_2	viral_read.count	0.00192059165994907	0.00184086080371411	0.958486305081071	cluster_1
NOIR	E	2.5h	2.5	PC-12	PC-12_dcDNA_2.5h	LT934125.1	+	545	PC-12_2.5h_3	0.0036697247706422	dcDNA	PC-12_2.5h_3	viral_read.count	0.00192059165994907	0.00184086080371411	0.958486305081071	cluster_1
NOIR	E	2h	2	C6	C6_dcDNA_2h	LT934125.1	+	243	C6_2h_1	0	dcDNA	C6_2h_1	viral_read.count	0	0		cluster_1
NOIR	E	2h	2	C6	C6_dcDNA_2h	LT934125.1	+	468	C6_2h_2	0	dcDNA	C6_2h_2	viral_read.count	0	0		cluster_1
NOIR	E	2h	2	NRK	NRK_dcDNA_2h	LT934125.1	+	99	NRK_2h_1	0	dcDNA	NRK_2h_1	viral_read.count	0	0		cluster_1
NOIR	E	2h	2	NRK	NRK_dcDNA_2h	LT934125.1	+	71	NRK_2h_2	0	dcDNA	NRK_2h_2	viral_read.count	0	0		cluster_1
NOIR	E	2h	2	NRK	NRK_dcDNA_2h	LT934125.1	+	122	NRK_2h_3	0	dcDNA	NRK_2h_3	viral_read.count	0	0		cluster_1
NOIR	E	2h	2	PC-12	PC-12_dcDNA_2h	LT934125.1	+	439	PC-12_2h_1	0	dcDNA	PC-12_2h_1	viral_read.count	0.00132538104705103	0.00229562731288122	1.73205080756888	cluster_1
NOIR	E	2h	2	PC-12	PC-12_dcDNA_2h	LT934125.1	+	399	PC-12_2h_2	0	dcDNA	PC-12_2h_2	viral_read.count	0.00132538104705103	0.00229562731288122	1.73205080756888	cluster_1
NOIR	E	2h	2	PC-12	PC-12_dcDNA_2h	LT934125.1	+	503	PC-12_2h_3	0.00397614314115308	dcDNA	PC-12_2h_3	viral_read.count	0.00132538104705103	0.00229562731288122	1.73205080756888	cluster_1
NOIR	E	2h	2	PK-15	PK-15_dcDNA_2h	LT934125.1	+	482	PK-15_2h_1	0.004149377593361	dcDNA	PK-15_2h_1	viral_read.count	0.00198845274096698	0.0020800585508554	1.04606888964526	cluster_1
NOIR	E	2h	2	PK-15	PK-15_dcDNA_2h	LT934125.1	+	405	PK-15_2h_2	0	dcDNA	PK-15_2h_2	viral_read.count	0.00198845274096698	0.0020800585508554	1.04606888964526	cluster_1
NOIR	E	2h	2	PK-15	PK-15_dcDNA_2h	LT934125.1	+	1652	PK-15_2h_3	0.00181598062953995	dcDNA	PK-15_2h_3	viral_read.count	0.00198845274096698	0.0020800585508554	1.04606888964526	cluster_1
NOIR	E	4h	4	C6	C6_dcDNA_4h	LT934125.1	+	680	C6_4h_1	0	dcDNA	C6_4h_1	viral_read.count	0	0		cluster_1
NOIR	E	4h	4	C6	C6_dcDNA_4h	LT934125.1	+	686	C6_4h_2	0	dcDNA	C6_4h_2	viral_read.count	0	0		cluster_1
NOIR	E	4h	4	C6	C6_dcDNA_4h	LT934125.1	+	312	C6_4h_3	0	dcDNA	C6_4h_3	viral_read.count	0	0		cluster_1
NOIR	E	4h	4	PC-12	PC-12_dcDNA_4h	LT934125.1	+	2800	PC-12_4h_1	0.000357142857142857	dcDNA	PC-12_4h_1	viral_read.count	0.000608236025458989	0.000455290264736293	0.74854208839853	cluster_1
NOIR	E	4h	4	PC-12	PC-12_dcDNA_4h	LT934125.1	+	2646	PC-12_4h_2	0.00113378684807256	dcDNA	PC-12_4h_2	viral_read.count	0.000608236025458989	0.000455290264736293	0.74854208839853	cluster_1
NOIR	E	4h	4	PC-12	PC-12_dcDNA_4h	LT934125.1	+	2996	PC-12_4h_3	0.000333778371161549	dcDNA	PC-12_4h_3	viral_read.count	0.000608236025458989	0.000455290264736293	0.74854208839853	cluster_1
NOIR	E	4h	4	PK-15	PK-15_dcDNA_4h	LT934125.1	+	7826	PK-15_4h_1	0.00127779197546639	dcDNA	PK-15_4h_1	viral_read.count	0.00255570166201185	0.00135538075205804	0.530336060818259	cluster_1
NOIR	E	4h	4	PK-15	PK-15_dcDNA_4h	LT934125.1	+	8046	PK-15_4h_2	0.00397713149391002	dcDNA	PK-15_4h_2	viral_read.count	0.00255570166201185	0.00135538075205804	0.530336060818259	cluster_1
NOIR	E	4h	4	PK-15	PK-15_dcDNA_4h	LT934125.1	+	6633	PK-15_4h_3	0.00241218151665913	dcDNA	PK-15_4h_3	viral_read.count	0.00255570166201185	0.00135538075205804	0.530336060818259	cluster_1
NOIR	E	6h	6	C6	C6_dcDNA_6h	LT934125.1	+	2759	C6_6h_1	0.00108735048930772	dcDNA	C6_6h_1	viral_read.count	0.00104591787343349	8.52530649502278e-05	0.0815102859561651	cluster_1
NOIR	E	6h	6	C6	C6_dcDNA_6h	LT934125.1	+	4220	C6_6h_2	0.000947867298578199	dcDNA	C6_6h_2	viral_read.count	0.00104591787343349	8.52530649502278e-05	0.0815102859561651	cluster_1
NOIR	E	6h	6	C6	C6_dcDNA_6h	LT934125.1	+	3628	C6_6h_3	0.00110253583241455	dcDNA	C6_6h_3	viral_read.count	0.00104591787343349	8.52530649502278e-05	0.0815102859561651	cluster_1
NOIR	E	6h	6	PC-12	PC-12_dcDNA_6h	LT934125.1	+	7517	PC-12_6h_1	0.000665158972994546	dcDNA	PC-12_6h_1	viral_read.count	0.000901295829938504	0.000476741330368978	0.52895099980825	cluster_1
NOIR	E	6h	6	PC-12	PC-12_dcDNA_6h	LT934125.1	+	13589	PC-12_6h_2	0.000588711457796747	dcDNA	PC-12_6h_2	viral_read.count	0.000901295829938504	0.000476741330368978	0.52895099980825	cluster_1
NOIR	E	6h	6	PC-12	PC-12_dcDNA_6h	LT934125.1	+	11724	PC-12_6h_3	0.00145001705902422	dcDNA	PC-12_6h_3	viral_read.count	0.000901295829938504	0.000476741330368978	0.52895099980825	cluster_1
NOIR	E	6h	6	PK-15	PK-15_dcDNA_6h	LT934125.1	+	37872	PK-15_6h_1	0.00171630756231517	dcDNA	PK-15_6h_1	viral_read.count	0.00261213126575558	0.00138571529572751	0.530492212965675	cluster_1
NOIR	E	6h	6	PK-15	PK-15_dcDNA_6h	LT934125.1	+	30337	PK-15_6h_2	0.00191185680851765	dcDNA	PK-15_6h_2	viral_read.count	0.00261213126575558	0.00138571529572751	0.530492212965675	cluster_1
NOIR	E	6h	6	PK-15	PK-15_dcDNA_6h	LT934125.1	+	44912	PK-15_6h_3	0.00420822942643392	dcDNA	PK-15_6h_3	viral_read.count	0.00261213126575558	0.00138571529572751	0.530492212965675	cluster_1
NOIR	E	8h	8	C6	C6_dcDNA_8h	LT934125.1	+	10124	C6_8h_1	0.00118530225207428	dcDNA	C6_8h_1	viral_read.count	0.0013739523961594	0.000664655483546822	0.483754375628101	cluster_1
NOIR	E	8h	8	C6	C6_dcDNA_8h	LT934125.1	+	10414	C6_8h_2	0.00211254081044747	dcDNA	C6_8h_2	viral_read.count	0.0013739523961594	0.000664655483546822	0.483754375628101	cluster_1
NOIR	E	8h	8	C6	C6_dcDNA_8h	LT934125.1	+	8495	C6_8h_3	0.000824014125956445	dcDNA	C6_8h_3	viral_read.count	0.0013739523961594	0.000664655483546822	0.483754375628101	cluster_1
NOIR	E	8h	8	PC-12	PC-12_dcDNA_8h	LT934125.1	+	14035	PC-12_8h_1	0.00121125757035981	dcDNA	PC-12_8h_1	viral_read.count	0.00178517481935486	0.000811641557208656	0.454656624331041	cluster_1
NOIR	E	8h	8	PC-12	PC-12_dcDNA_8h	LT934125.1	+	15684	PC-12_8h_2	0.00235909206834991	dcDNA	PC-12_8h_2	viral_read.count	0.00178517481935486	0.000811641557208656	0.454656624331041	cluster_1
NOIR	E	8h	8	PK-15	PK-15_dcDNA_8h	LT934125.1	+	69419	PK-15_8h_1	0.0029242714530604	dcDNA	PK-15_8h_1	viral_read.count	0.00275513196042249	0.000150372196070321	0.0545789451214751	cluster_1
NOIR	E	8h	8	PK-15	PK-15_dcDNA_8h	LT934125.1	+	74319	PK-15_8h_2	0.00270455738101966	dcDNA	PK-15_8h_2	viral_read.count	0.00275513196042249	0.000150372196070321	0.0545789451214751	cluster_1
NOIR	E	8h	8	PK-15	PK-15_dcDNA_8h	LT934125.1	+	70167	PK-15_8h_3	0.00263656704718742	dcDNA	PK-15_8h_3	viral_read.count	0.00275513196042249	0.000150372196070321	0.0545789451214751	cluster_1
NOIR_2	E	""		C6	C6_dRNA	LT934125.1	-	3	C6_dRNA	0	dcDNA	C6_dRNA	viral_read.count	0			cluster_1
NOIR_2	E	""		PC-12	PC-12_dRNA	LT934125.1	-	20	PC-12_dRNA	0	dcDNA	PC-12_dRNA	viral_read.count	0			cluster_1
NOIR_2	E	""		PK-15	PK-15_dRNA	LT934125.1	-	68	PK-15_dRNA	0	dcDNA	PK-15_dRNA	viral_read.count	0			cluster_1
NOIR_2	E	0.5h	0.5	PC-12	PC-12_dcDNA_0.5h	LT934125.1	-	13	PC-12_0.5h_1	0	dcDNA	PC-12_0.5h_1	viral_read.count	0	0		cluster_1
NOIR_2	E	0.5h	0.5	PC-12	PC-12_dcDNA_0.5h	LT934125.1	-	13	PC-12_0.5h_2	0	dcDNA	PC-12_0.5h_2	viral_read.count	0	0		cluster_1
NOIR_2	E	0.5h	0.5	PC-12	PC-12_dcDNA_0.5h	LT934125.1	-	2	PC-12_0.5h_3	0	dcDNA	PC-12_0.5h_3	viral_read.count	0	0		cluster_1
NOIR_2	E	1.5h	1.5	PC-12	PC-12_dcDNA_1.5h	LT934125.1	-	138	PC-12_1.5h_1	0	dcDNA	PC-12_1.5h_1	viral_read.count	0	0		cluster_1
NOIR_2	E	1.5h	1.5	PC-12	PC-12_dcDNA_1.5h	LT934125.1	-	129	PC-12_1.5h_2	0	dcDNA	PC-12_1.5h_2	viral_read.count	0	0		cluster_1
NOIR_2	E	1.5h	1.5	PC-12	PC-12_dcDNA_1.5h	LT934125.1	-	152	PC-12_1.5h_3	0	dcDNA	PC-12_1.5h_3	viral_read.count	0	0		cluster_1
NOIR_2	E	12h	12	C6	C6_dcDNA_12h	LT934125.1	-	56266	C6_12h_1	0.000853090676429816	dcDNA	C6_12h_1	viral_read.count	0.000827657486413827	4.69814613725595e-05	0.0567643767425175	cluster_1
NOIR_2	E	12h	12	C6	C6_dcDNA_12h	LT934125.1	-	49131	C6_12h_2	0.000773442429423378	dcDNA	C6_12h_2	viral_read.count	0.000827657486413827	4.69814613725595e-05	0.0567643767425175	cluster_1
NOIR_2	E	12h	12	C6	C6_dcDNA_12h	LT934125.1	-	28023	C6_12h_3	0.000856439353388288	dcDNA	C6_12h_3	viral_read.count	0.000827657486413827	4.69814613725595e-05	0.0567643767425175	cluster_1
NOIR_2	E	12h	12	PC-12	PC-12_dcDNA_12h	LT934125.1	-	40118	PC-12_12h_1	0.00167007328381275	dcDNA	PC-12_12h_1	viral_read.count	0.0013131920323529	0.000333406552651615	0.253890173285804	cluster_1
NOIR_2	E	12h	12	PC-12	PC-12_dcDNA_12h	LT934125.1	-	64296	PC-12_12h_2	0.00125979843225084	dcDNA	PC-12_12h_2	viral_read.count	0.0013131920323529	0.000333406552651615	0.253890173285804	cluster_1
NOIR_2	E	12h	12	PC-12	PC-12_dcDNA_12h	LT934125.1	-	35654	PC-12_12h_3	0.00100970438099512	dcDNA	PC-12_12h_3	viral_read.count	0.0013131920323529	0.000333406552651615	0.253890173285804	cluster_1
NOIR_2	E	12h	12	PK-15	PK-15_dcDNA_12h	LT934125.1	-	137055	PK-15_12h_1	0.00127685965488308	dcDNA	PK-15_12h_1	viral_read.count	0.00108417144709712	0.000230106370822314	0.212241681367303	cluster_1
NOIR_2	E	12h	12	PK-15	PK-15_dcDNA_12h	LT934125.1	-	155287	PK-15_12h_2	0.0011462646583423	dcDNA	PK-15_12h_2	viral_read.count	0.00108417144709712	0.000230106370822314	0.212241681367303	cluster_1
NOIR_2	E	12h	12	PK-15	PK-15_dcDNA_12h	LT934125.1	-	135039	PK-15_12h_3	0.000829390028065966	dcDNA	PK-15_12h_3	viral_read.count	0.00108417144709712	0.000230106370822314	0.212241681367303	cluster_1
NOIR_2	E	1h	1	C6	C6_dcDNA_1h	LT934125.1	-	246	C6_1h_1	0	dcDNA	C6_1h_1	viral_read.count	0	0		cluster_1
NOIR_2	E	1h	1	C6	C6_dcDNA_1h	LT934125.1	-	240	C6_1h_2	0	dcDNA	C6_1h_2	viral_read.count	0	0		cluster_1
NOIR_2	E	1h	1	C6	C6_dcDNA_1h	LT934125.1	-	102	C6_1h_3	0	dcDNA	C6_1h_3	viral_read.count	0	0		cluster_1
NOIR_2	E	1h	1	NRK	NRK_dcDNA_1h	LT934125.1	-	25	NRK_1h_1	0	dcDNA	NRK_1h_1	viral_read.count	0	0		cluster_1
NOIR_2	E	1h	1	NRK	NRK_dcDNA_1h	LT934125.1	-	54	NRK_1h_2	0	dcDNA	NRK_1h_2	viral_read.count	0	0		cluster_1
NOIR_2	E	1h	1	NRK	NRK_dcDNA_1h	LT934125.1	-	20	NRK_1h_3	0	dcDNA	NRK_1h_3	viral_read.count	0	0		cluster_1
NOIR_2	E	1h	1	PC-12	PC-12_dcDNA_1h	LT934125.1	-	154	PC-12_1h_1	0	dcDNA	PC-12_1h_1	viral_read.count	0.00210970464135021	0.00365411562778244	1.73205080756888	cluster_1
NOIR_2	E	1h	1	PC-12	PC-12_dcDNA_1h	LT934125.1	-	93	PC-12_1h_2	0	dcDNA	PC-12_1h_2	viral_read.count	0.00210970464135021	0.00365411562778244	1.73205080756888	cluster_1
NOIR_2	E	1h	1	PC-12	PC-12_dcDNA_1h	LT934125.1	-	158	PC-12_1h_3	0.00632911392405063	dcDNA	PC-12_1h_3	viral_read.count	0.00210970464135021	0.00365411562778244	1.73205080756888	cluster_1
NOIR_2	E	1h	1	PK-15	PK-15_dcDNA_1h	LT934125.1	-	129	PK-15_1h_1	0	dcDNA	PK-15_1h_1	viral_read.count	0	0		cluster_1
NOIR_2	E	1h	1	PK-15	PK-15_dcDNA_1h	LT934125.1	-	76	PK-15_1h_2	0	dcDNA	PK-15_1h_2	viral_read.count	0	0		cluster_1
NOIR_2	E	1h	1	PK-15	PK-15_dcDNA_1h	LT934125.1	-	52	PK-15_1h_3	0	dcDNA	PK-15_1h_3	viral_read.count	0	0		cluster_1
NOIR_2	E	2.5h	2.5	PC-12	PC-12_dcDNA_2.5h	LT934125.1	-	478	PC-12_2.5h_1	0.00209205020920502	dcDNA	PC-12_2.5h_1	viral_read.count	0.00192059165994907	0.00184086080371411	0.958486305081071	cluster_1
NOIR_2	E	2.5h	2.5	PC-12	PC-12_dcDNA_2.5h	LT934125.1	-	231	PC-12_2.5h_2	0	dcDNA	PC-12_2.5h_2	viral_read.count	0.00192059165994907	0.00184086080371411	0.958486305081071	cluster_1
NOIR_2	E	2.5h	2.5	PC-12	PC-12_dcDNA_2.5h	LT934125.1	-	545	PC-12_2.5h_3	0.0036697247706422	dcDNA	PC-12_2.5h_3	viral_read.count	0.00192059165994907	0.00184086080371411	0.958486305081071	cluster_1
NOIR_2	E	2h	2	C6	C6_dcDNA_2h	LT934125.1	-	243	C6_2h_1	0	dcDNA	C6_2h_1	viral_read.count	0	0		cluster_1
NOIR_2	E	2h	2	C6	C6_dcDNA_2h	LT934125.1	-	468	C6_2h_2	0	dcDNA	C6_2h_2	viral_read.count	0	0		cluster_1
NOIR_2	E	2h	2	NRK	NRK_dcDNA_2h	LT934125.1	-	99	NRK_2h_1	0	dcDNA	NRK_2h_1	viral_read.count	0	0		cluster_1
NOIR_2	E	2h	2	NRK	NRK_dcDNA_2h	LT934125.1	-	71	NRK_2h_2	0	dcDNA	NRK_2h_2	viral_read.count	0	0		cluster_1
NOIR_2	E	2h	2	NRK	NRK_dcDNA_2h	LT934125.1	-	122	NRK_2h_3	0	dcDNA	NRK_2h_3	viral_read.count	0	0		cluster_1
NOIR_2	E	2h	2	PC-12	PC-12_dcDNA_2h	LT934125.1	-	439	PC-12_2h_1	0	dcDNA	PC-12_2h_1	viral_read.count	0.00132538104705103	0.00229562731288122	1.73205080756888	cluster_1
NOIR_2	E	2h	2	PC-12	PC-12_dcDNA_2h	LT934125.1	-	399	PC-12_2h_2	0	dcDNA	PC-12_2h_2	viral_read.count	0.00132538104705103	0.00229562731288122	1.73205080756888	cluster_1
NOIR_2	E	2h	2	PC-12	PC-12_dcDNA_2h	LT934125.1	-	503	PC-12_2h_3	0.00397614314115308	dcDNA	PC-12_2h_3	viral_read.count	0.00132538104705103	0.00229562731288122	1.73205080756888	cluster_1
NOIR_2	E	2h	2	PK-15	PK-15_dcDNA_2h	LT934125.1	-	482	PK-15_2h_1	0.004149377593361	dcDNA	PK-15_2h_1	viral_read.count	0.00198845274096698	0.0020800585508554	1.04606888964526	cluster_1
NOIR_2	E	2h	2	PK-15	PK-15_dcDNA_2h	LT934125.1	-	405	PK-15_2h_2	0	dcDNA	PK-15_2h_2	viral_read.count	0.00198845274096698	0.0020800585508554	1.04606888964526	cluster_1
NOIR_2	E	2h	2	PK-15	PK-15_dcDNA_2h	LT934125.1	-	1652	PK-15_2h_3	0.00181598062953995	dcDNA	PK-15_2h_3	viral_read.count	0.00198845274096698	0.0020800585508554	1.04606888964526	cluster_1
NOIR_2	E	4h	4	C6	C6_dcDNA_4h	LT934125.1	-	680	C6_4h_1	0	dcDNA	C6_4h_1	viral_read.count	0	0		cluster_1
NOIR_2	E	4h	4	C6	C6_dcDNA_4h	LT934125.1	-	686	C6_4h_2	0	dcDNA	C6_4h_2	viral_read.count	0	0		cluster_1
NOIR_2	E	4h	4	C6	C6_dcDNA_4h	LT934125.1	-	312	C6_4h_3	0	dcDNA	C6_4h_3	viral_read.count	0	0		cluster_1
NOIR_2	E	4h	4	PC-12	PC-12_dcDNA_4h	LT934125.1	-	2800	PC-12_4h_1	0.000357142857142857	dcDNA	PC-12_4h_1	viral_read.count	0.000608236025458989	0.000455290264736293	0.74854208839853	cluster_1
NOIR_2	E	4h	4	PC-12	PC-12_dcDNA_4h	LT934125.1	-	2646	PC-12_4h_2	0.00113378684807256	dcDNA	PC-12_4h_2	viral_read.count	0.000608236025458989	0.000455290264736293	0.74854208839853	cluster_1
NOIR_2	E	4h	4	PC-12	PC-12_dcDNA_4h	LT934125.1	-	2996	PC-12_4h_3	0.000333778371161549	dcDNA	PC-12_4h_3	viral_read.count	0.000608236025458989	0.000455290264736293	0.74854208839853	cluster_1
NOIR_2	E	4h	4	PK-15	PK-15_dcDNA_4h	LT934125.1	-	7826	PK-15_4h_1	0.00127779197546639	dcDNA	PK-15_4h_1	viral_read.count	0.00255570166201185	0.00135538075205804	0.530336060818259	cluster_1
NOIR_2	E	4h	4	PK-15	PK-15_dcDNA_4h	LT934125.1	-	8046	PK-15_4h_2	0.00397713149391002	dcDNA	PK-15_4h_2	viral_read.count	0.00255570166201185	0.00135538075205804	0.530336060818259	cluster_1
NOIR_2	E	4h	4	PK-15	PK-15_dcDNA_4h	LT934125.1	-	6633	PK-15_4h_3	0.00241218151665913	dcDNA	PK-15_4h_3	viral_read.count	0.00255570166201185	0.00135538075205804	0.530336060818259	cluster_1
NOIR_2	E	6h	6	C6	C6_dcDNA_6h	LT934125.1	-	2759	C6_6h_1	0.00108735048930772	dcDNA	C6_6h_1	viral_read.count	0.00104591787343349	8.52530649502278e-05	0.0815102859561651	cluster_1
NOIR_2	E	6h	6	C6	C6_dcDNA_6h	LT934125.1	-	4220	C6_6h_2	0.000947867298578199	dcDNA	C6_6h_2	viral_read.count	0.00104591787343349	8.52530649502278e-05	0.0815102859561651	cluster_1
NOIR_2	E	6h	6	C6	C6_dcDNA_6h	LT934125.1	-	3628	C6_6h_3	0.00110253583241455	dcDNA	C6_6h_3	viral_read.count	0.00104591787343349	8.52530649502278e-05	0.0815102859561651	cluster_1
NOIR_2	E	6h	6	PC-12	PC-12_dcDNA_6h	LT934125.1	-	7517	PC-12_6h_1	0.000665158972994546	dcDNA	PC-12_6h_1	viral_read.count	0.000901295829938504	0.000476741330368978	0.52895099980825	cluster_1
NOIR_2	E	6h	6	PC-12	PC-12_dcDNA_6h	LT934125.1	-	13589	PC-12_6h_2	0.000588711457796747	dcDNA	PC-12_6h_2	viral_read.count	0.000901295829938504	0.000476741330368978	0.52895099980825	cluster_1
NOIR_2	E	6h	6	PC-12	PC-12_dcDNA_6h	LT934125.1	-	11724	PC-12_6h_3	0.00145001705902422	dcDNA	PC-12_6h_3	viral_read.count	0.000901295829938504	0.000476741330368978	0.52895099980825	cluster_1
NOIR_2	E	6h	6	PK-15	PK-15_dcDNA_6h	LT934125.1	-	37872	PK-15_6h_1	0.00174271229404309	dcDNA	PK-15_6h_1	viral_read.count	0.00264290820861337	0.00136069373273195	0.514847140092638	cluster_1
NOIR_2	E	6h	6	PK-15	PK-15_dcDNA_6h	LT934125.1	-	30337	PK-15_6h_2	0.00197778290536309	dcDNA	PK-15_6h_2	viral_read.count	0.00264290820861337	0.00136069373273195	0.514847140092638	cluster_1
NOIR_2	E	6h	6	PK-15	PK-15_dcDNA_6h	LT934125.1	-	44912	PK-15_6h_3	0.00420822942643392	dcDNA	PK-15_6h_3	viral_read.count	0.00264290820861337	0.00136069373273195	0.514847140092638	cluster_1
NOIR_2	E	8h	8	C6	C6_dcDNA_8h	LT934125.1	-	10124	C6_8h_1	0.00118530225207428	dcDNA	C6_8h_1	viral_read.count	0.0013739523961594	0.000664655483546822	0.483754375628101	cluster_1
NOIR_2	E	8h	8	C6	C6_dcDNA_8h	LT934125.1	-	10414	C6_8h_2	0.00211254081044747	dcDNA	C6_8h_2	viral_read.count	0.0013739523961594	0.000664655483546822	0.483754375628101	cluster_1
NOIR_2	E	8h	8	C6	C6_dcDNA_8h	LT934125.1	-	8495	C6_8h_3	0.000824014125956445	dcDNA	C6_8h_3	viral_read.count	0.0013739523961594	0.000664655483546822	0.483754375628101	cluster_1
NOIR_2	E	8h	8	PC-12	PC-12_dcDNA_8h	LT934125.1	-	14035	PC-12_8h_1	0.00121125757035981	dcDNA	PC-12_8h_1	viral_read.count	0.00175329519680959	0.0007665569626418	0.43720929826117	cluster_1
NOIR_2	E	8h	8	PC-12	PC-12_dcDNA_8h	LT934125.1	-	15684	PC-12_8h_2	0.00229533282325937	dcDNA	PC-12_8h_2	viral_read.count	0.00175329519680959	0.0007665569626418	0.43720929826117	cluster_1
NOIR_2	E	8h	8	PK-15	PK-15_dcDNA_8h	LT934125.1	-	69419	PK-15_8h_1	0.0029386767311543	dcDNA	PK-15_8h_1	viral_read.count	0.00275993371978713	0.000158484918708718	0.0574234509953891	cluster_1
NOIR_2	E	8h	8	PK-15	PK-15_dcDNA_8h	LT934125.1	-	74319	PK-15_8h_2	0.00270455738101966	dcDNA	PK-15_8h_2	viral_read.count	0.00275993371978713	0.000158484918708718	0.0574234509953891	cluster_1
NOIR_2	E	8h	8	PK-15	PK-15_dcDNA_8h	LT934125.1	-	70167	PK-15_8h_3	0.00263656704718742	dcDNA	PK-15_8h_3	viral_read.count	0.00275993371978713	0.000158484918708718	0.0574234509953891	cluster_1
ORF-1	E	""		C6	C6_dRNA	LT934125.1	+	3	C6_dRNA	0	dcDNA	C6_dRNA	viral_read.count	0			cluster_1
ORF-1	E	""		PC-12	PC-12_dRNA	LT934125.1	+	20	PC-12_dRNA	0	dcDNA	PC-12_dRNA	viral_read.count	0			cluster_1
ORF-1	E	""		PK-15	PK-15_dRNA	LT934125.1	+	68	PK-15_dRNA	0	dcDNA	PK-15_dRNA	viral_read.count	0			cluster_1
ORF-1	E	0.5h	0.5	PC-12	PC-12_dcDNA_0.5h	LT934125.1	+	13	PC-12_0.5h_1	0	dcDNA	PC-12_0.5h_1	viral_read.count	0	0		cluster_1
ORF-1	E	0.5h	0.5	PC-12	PC-12_dcDNA_0.5h	LT934125.1	+	13	PC-12_0.5h_2	0	dcDNA	PC-12_0.5h_2	viral_read.count	0	0		cluster_1
ORF-1	E	0.5h	0.5	PC-12	PC-12_dcDNA_0.5h	LT934125.1	+	2	PC-12_0.5h_3	0	dcDNA	PC-12_0.5h_3	viral_read.count	0	0		cluster_1
ORF-1	E	1.5h	1.5	PC-12	PC-12_dcDNA_1.5h	LT934125.1	+	138	PC-12_1.5h_1	0	dcDNA	PC-12_1.5h_1	viral_read.count	0	0		cluster_1
ORF-1	E	1.5h	1.5	PC-12	PC-12_dcDNA_1.5h	LT934125.1	+	129	PC-12_1.5h_2	0	dcDNA	PC-12_1.5h_2	viral_read.count	0	0		cluster_1
ORF-1	E	1.5h	1.5	PC-12	PC-12_dcDNA_1.5h	LT934125.1	+	152	PC-12_1.5h_3	0	dcDNA	PC-12_1.5h_3	viral_read.count	0	0		cluster_1
ORF-1	E	12h	12	C6	C6_dcDNA_12h	LT934125.1	+	56266	C6_12h_1	0.00231045391533075	dcDNA	C6_12h_1	viral_read.count	0.0021435415788802	0.000174309703802721	0.0813185550120196	cluster_1
ORF-1	E	12h	12	C6	C6_dcDNA_12h	LT934125.1	+	49131	C6_12h_2	0.00215749730312837	dcDNA	C6_12h_2	viral_read.count	0.0021435415788802	0.000174309703802721	0.0813185550120196	cluster_1
ORF-1	E	12h	12	C6	C6_dcDNA_12h	LT934125.1	+	28023	C6_12h_3	0.00196267351818149	dcDNA	C6_12h_3	viral_read.count	0.0021435415788802	0.000174309703802721	0.0813185550120196	cluster_1
ORF-1	E	12h	12	PC-12	PC-12_dcDNA_12h	LT934125.1	+	40118	PC-12_12h_1	0.0024178672914901	dcDNA	PC-12_12h_1	viral_read.count	0.00257392429279078	0.000812152066058185	0.315530673661582	cluster_1
ORF-1	E	12h	12	PC-12	PC-12_dcDNA_12h	LT934125.1	+	64296	PC-12_12h_2	0.00345278088839119	dcDNA	PC-12_12h_2	viral_read.count	0.00257392429279078	0.000812152066058185	0.315530673661582	cluster_1
ORF-1	E	12h	12	PC-12	PC-12_dcDNA_12h	LT934125.1	+	35654	PC-12_12h_3	0.00185112469849105	dcDNA	PC-12_12h_3	viral_read.count	0.00257392429279078	0.000812152066058185	0.315530673661582	cluster_1
ORF-1	E	12h	12	PK-15	PK-15_dcDNA_12h	LT934125.1	+	137055	PK-15_12h_1	0.00173652913064098	dcDNA	PK-15_12h_1	viral_read.count	0.00158793059466774	0.000827602838698221	0.521183256672114	cluster_1
ORF-1	E	12h	12	PK-15	PK-15_dcDNA_12h	LT934125.1	+	155287	PK-15_12h_2	0.00233116745123545	dcDNA	PK-15_12h_2	viral_read.count	0.00158793059466774	0.000827602838698221	0.521183256672114	cluster_1
ORF-1	E	12h	12	PK-15	PK-15_dcDNA_12h	LT934125.1	+	135039	PK-15_12h_3	0.000696095202126793	dcDNA	PK-15_12h_3	viral_read.count	0.00158793059466774	0.000827602838698221	0.521183256672114	cluster_1
ORF-1	E	1h	1	C6	C6_dcDNA_1h	LT934125.1	+	246	C6_1h_1	0	dcDNA	C6_1h_1	viral_read.count	0	0		cluster_1
ORF-1	E	1h	1	C6	C6_dcDNA_1h	LT934125.1	+	240	C6_1h_2	0	dcDNA	C6_1h_2	viral_read.count	0	0		cluster_1
ORF-1	E	1h	1	C6	C6_dcDNA_1h	LT934125.1	+	102	C6_1h_3	0	dcDNA	C6_1h_3	viral_read.count	0	0		cluster_1
ORF-1	E	1h	1	NRK	NRK_dcDNA_1h	LT934125.1	+	25	NRK_1h_1	0	dcDNA	NRK_1h_1	viral_read.count	0	0		cluster_1
ORF-1	E	1h	1	NRK	NRK_dcDNA_1h	LT934125.1	+	54	NRK_1h_2	0	dcDNA	NRK_1h_2	viral_read.count	0	0		cluster_1
ORF-1	E	1h	1	NRK	NRK_dcDNA_1h	LT934125.1	+	20	NRK_1h_3	0	dcDNA	NRK_1h_3	viral_read.count	0	0		cluster_1
ORF-1	E	1h	1	PC-12	PC-12_dcDNA_1h	LT934125.1	+	154	PC-12_1h_1	0	dcDNA	PC-12_1h_1	viral_read.count	0	0		cluster_1
ORF-1	E	1h	1	PC-12	PC-12_dcDNA_1h	LT934125.1	+	93	PC-12_1h_2	0	dcDNA	PC-12_1h_2	viral_read.count	0	0		cluster_1
ORF-1	E	1h	1	PC-12	PC-12_dcDNA_1h	LT934125.1	+	158	PC-12_1h_3	0	dcDNA	PC-12_1h_3	viral_read.count	0	0		cluster_1
ORF-1	E	1h	1	PK-15	PK-15_dcDNA_1h	LT934125.1	+	129	PK-15_1h_1	0	dcDNA	PK-15_1h_1	viral_read.count	0	0		cluster_1
ORF-1	E	1h	1	PK-15	PK-15_dcDNA_1h	LT934125.1	+	76	PK-15_1h_2	0	dcDNA	PK-15_1h_2	viral_read.count	0	0		cluster_1
ORF-1	E	1h	1	PK-15	PK-15_dcDNA_1h	LT934125.1	+	52	PK-15_1h_3	0	dcDNA	PK-15_1h_3	viral_read.count	0	0		cluster_1
ORF-1	E	2.5h	2.5	PC-12	PC-12_dcDNA_2.5h	LT934125.1	+	478	PC-12_2.5h_1	0	dcDNA	PC-12_2.5h_1	viral_read.count	0.00266624303321551	0.00233244535158838	0.87480598074941	cluster_1
ORF-1	E	2.5h	2.5	PC-12	PC-12_dcDNA_2.5h	LT934125.1	+	231	PC-12_2.5h_2	0.00432900432900433	dcDNA	PC-12_2.5h_2	viral_read.count	0.00266624303321551	0.00233244535158838	0.87480598074941	cluster_1
ORF-1	E	2.5h	2.5	PC-12	PC-12_dcDNA_2.5h	LT934125.1	+	545	PC-12_2.5h_3	0.0036697247706422	dcDNA	PC-12_2.5h_3	viral_read.count	0.00266624303321551	0.00233244535158838	0.87480598074941	cluster_1
ORF-1	E	2h	2	C6	C6_dcDNA_2h	LT934125.1	+	243	C6_2h_1	0	dcDNA	C6_2h_1	viral_read.count	0	0		cluster_1
ORF-1	E	2h	2	C6	C6_dcDNA_2h	LT934125.1	+	468	C6_2h_2	0	dcDNA	C6_2h_2	viral_read.count	0	0		cluster_1
ORF-1	E	2h	2	NRK	NRK_dcDNA_2h	LT934125.1	+	99	NRK_2h_1	0	dcDNA	NRK_2h_1	viral_read.count	0	0		cluster_1
ORF-1	E	2h	2	NRK	NRK_dcDNA_2h	LT934125.1	+	71	NRK_2h_2	0	dcDNA	NRK_2h_2	viral_read.count	0	0		cluster_1
ORF-1	E	2h	2	NRK	NRK_dcDNA_2h	LT934125.1	+	122	NRK_2h_3	0	dcDNA	NRK_2h_3	viral_read.count	0	0		cluster_1
ORF-1	E	2h	2	PC-12	PC-12_dcDNA_2h	LT934125.1	+	439	PC-12_2h_1	0	dcDNA	PC-12_2h_1	viral_read.count	0.00132538104705103	0.00229562731288122	1.73205080756888	cluster_1
ORF-1	E	2h	2	PC-12	PC-12_dcDNA_2h	LT934125.1	+	399	PC-12_2h_2	0	dcDNA	PC-12_2h_2	viral_read.count	0.00132538104705103	0.00229562731288122	1.73205080756888	cluster_1
ORF-1	E	2h	2	PC-12	PC-12_dcDNA_2h	LT934125.1	+	503	PC-12_2h_3	0.00397614314115308	dcDNA	PC-12_2h_3	viral_read.count	0.00132538104705103	0.00229562731288122	1.73205080756888	cluster_1
ORF-1	E	2h	2	PK-15	PK-15_dcDNA_2h	LT934125.1	+	482	PK-15_2h_1	0	dcDNA	PK-15_2h_1	viral_read.count	0.000605326876513317	0.00104845690530804	1.73205080756888	cluster_1
ORF-1	E	2h	2	PK-15	PK-15_dcDNA_2h	LT934125.1	+	405	PK-15_2h_2	0	dcDNA	PK-15_2h_2	viral_read.count	0.000605326876513317	0.00104845690530804	1.73205080756888	cluster_1
ORF-1	E	2h	2	PK-15	PK-15_dcDNA_2h	LT934125.1	+	1652	PK-15_2h_3	0.00181598062953995	dcDNA	PK-15_2h_3	viral_read.count	0.000605326876513317	0.00104845690530804	1.73205080756888	cluster_1
ORF-1	E	4h	4	C6	C6_dcDNA_4h	LT934125.1	+	680	C6_4h_1	0.00735294117647059	dcDNA	C6_4h_1	viral_read.count	0.00390870633967873	0.00369840997171821	0.946197961758926	cluster_1
ORF-1	E	4h	4	C6	C6_dcDNA_4h	LT934125.1	+	686	C6_4h_2	0.0043731778425656	dcDNA	C6_4h_2	viral_read.count	0.00390870633967873	0.00369840997171821	0.946197961758926	cluster_1
ORF-1	E	4h	4	C6	C6_dcDNA_4h	LT934125.1	+	312	C6_4h_3	0	dcDNA	C6_4h_3	viral_read.count	0.00390870633967873	0.00369840997171821	0.946197961758926	cluster_1
ORF-1	E	4h	4	PC-12	PC-12_dcDNA_4h	LT934125.1	+	2800	PC-12_4h_1	0.005	dcDNA	PC-12_4h_1	viral_read.count	0.00476544858164796	0.000674161919872117	0.141468721846744	cluster_1
ORF-1	E	4h	4	PC-12	PC-12_dcDNA_4h	LT934125.1	+	2646	PC-12_4h_2	0.00529100529100529	dcDNA	PC-12_4h_2	viral_read.count	0.00476544858164796	0.000674161919872117	0.141468721846744	cluster_1
ORF-1	E	4h	4	PC-12	PC-12_dcDNA_4h	LT934125.1	+	2996	PC-12_4h_3	0.00400534045393858	dcDNA	PC-12_4h_3	viral_read.count	0.00476544858164796	0.000674161919872117	0.141468721846744	cluster_1
ORF-1	E	4h	4	PK-15	PK-15_dcDNA_4h	LT934125.1	+	7826	PK-15_4h_1	0.00115001277791975	dcDNA	PK-15_4h_1	viral_read.count	0.00099251011072425	0.000322588445026133	0.325022830035188	cluster_1
ORF-1	E	4h	4	PK-15	PK-15_dcDNA_4h	LT934125.1	+	8046	PK-15_4h_2	0.00062142679592344	dcDNA	PK-15_4h_2	viral_read.count	0.00099251011072425	0.000322588445026133	0.325022830035188	cluster_1
ORF-1	E	4h	4	PK-15	PK-15_dcDNA_4h	LT934125.1	+	6633	PK-15_4h_3	0.00120609075832956	dcDNA	PK-15_4h_3	viral_read.count	0.00099251011072425	0.000322588445026133	0.325022830035188	cluster_1
ORF-1	E	6h	6	C6	C6_dcDNA_6h	LT934125.1	+	2759	C6_6h_1	0.00326205146792316	dcDNA	C6_6h_1	viral_read.count	0.00355847641701412	0.000298431818474617	0.0838650544507553	cluster_1
ORF-1	E	6h	6	C6	C6_dcDNA_6h	LT934125.1	+	4220	C6_6h_2	0.00355450236966825	dcDNA	C6_6h_2	viral_read.count	0.00355847641701412	0.000298431818474617	0.0838650544507553	cluster_1
ORF-1	E	6h	6	C6	C6_dcDNA_6h	LT934125.1	+	3628	C6_6h_3	0.00385887541345094	dcDNA	C6_6h_3	viral_read.count	0.00355847641701412	0.000298431818474617	0.0838650544507553	cluster_1
ORF-1	E	6h	6	PC-12	PC-12_dcDNA_6h	LT934125.1	+	7517	PC-12_6h_1	0.00372489024876946	dcDNA	PC-12_6h_1	viral_read.count	0.00462446969461094	0.000834012653619951	0.180347739026565	cluster_1
ORF-1	E	6h	6	PC-12	PC-12_dcDNA_6h	LT934125.1	+	13589	PC-12_6h_2	0.00537199205239532	dcDNA	PC-12_6h_2	viral_read.count	0.00462446969461094	0.000834012653619951	0.180347739026565	cluster_1
ORF-1	E	6h	6	PC-12	PC-12_dcDNA_6h	LT934125.1	+	11724	PC-12_6h_3	0.00477652678266803	dcDNA	PC-12_6h_3	viral_read.count	0.00462446969461094	0.000834012653619951	0.180347739026565	cluster_1
ORF-1	E	6h	6	PK-15	PK-15_dcDNA_6h	LT934125.1	+	37872	PK-15_6h_1	0.00124102239121251	dcDNA	PK-15_6h_1	viral_read.count	0.00119247605781832	0.000216397822625846	0.181469322765066	cluster_1
ORF-1	E	6h	6	PK-15	PK-15_dcDNA_6h	LT934125.1	+	30337	PK-15_6h_2	0.000955928404258826	dcDNA	PK-15_6h_2	viral_read.count	0.00119247605781832	0.000216397822625846	0.181469322765066	cluster_1
ORF-1	E	6h	6	PK-15	PK-15_dcDNA_6h	LT934125.1	+	44912	PK-15_6h_3	0.00138047737798361	dcDNA	PK-15_6h_3	viral_read.count	0.00119247605781832	0.000216397822625846	0.181469322765066	cluster_1
ORF-1	E	8h	8	C6	C6_dcDNA_8h	LT934125.1	+	10124	C6_8h_1	0.00187672856578428	dcDNA	C6_8h_1	viral_read.count	0.00196480731899192	7.66630406690744e-05	0.0390180960382454	cluster_1
ORF-1	E	8h	8	C6	C6_dcDNA_8h	LT934125.1	+	10414	C6_8h_2	0.00201651622815441	dcDNA	C6_8h_2	viral_read.count	0.00196480731899192	7.66630406690744e-05	0.0390180960382454	cluster_1
ORF-1	E	8h	8	C6	C6_dcDNA_8h	LT934125.1	+	8495	C6_8h_3	0.00200117716303708	dcDNA	C6_8h_3	viral_read.count	0.00196480731899192	7.66630406690744e-05	0.0390180960382454	cluster_1
ORF-1	E	8h	8	PC-12	PC-12_dcDNA_8h	LT934125.1	+	14035	PC-12_8h_1	0.00235126469540435	dcDNA	PC-12_8h_1	viral_read.count	0.00385352064150478	0.00212451073313085	0.551316816691876	cluster_1
ORF-1	E	8h	8	PC-12	PC-12_dcDNA_8h	LT934125.1	+	15684	PC-12_8h_2	0.0053557765876052	dcDNA	PC-12_8h_2	viral_read.count	0.00385352064150478	0.00212451073313085	0.551316816691876	cluster_1
ORF-1	E	8h	8	PK-15	PK-15_dcDNA_8h	LT934125.1	+	69419	PK-15_8h_1	0.00164220170270387	dcDNA	PK-15_8h_1	viral_read.count	0.00164719664560053	0.000395566958362997	0.240145558467175	cluster_1
ORF-1	E	8h	8	PK-15	PK-15_dcDNA_8h	LT934125.1	+	74319	PK-15_8h_2	0.00204523742246263	dcDNA	PK-15_8h_2	viral_read.count	0.00164719664560053	0.000395566958362997	0.240145558467175	cluster_1
ORF-1	E	8h	8	PK-15	PK-15_dcDNA_8h	LT934125.1	+	70167	PK-15_8h_3	0.0012541508116351	dcDNA	PK-15_8h_3	viral_read.count	0.00164719664560053	0.000395566958362997	0.240145558467175	cluster_1
UL1	L	""		C6	C6_dRNA	LT934125.1	-	3	C6_dRNA	0	dcDNA	C6_dRNA	viral_read.count	0			cluster_1
UL1	L	""		PC-12	PC-12_dRNA	LT934125.1	-	20	PC-12_dRNA	0	dcDNA	PC-12_dRNA	viral_read.count	0			cluster_1
UL1	L	""		PK-15	PK-15_dRNA	LT934125.1	-	68	PK-15_dRNA	0	dcDNA	PK-15_dRNA	viral_read.count	0			cluster_1
UL1	L	0.5h	0.5	PC-12	PC-12_dcDNA_0.5h	LT934125.1	-	13	PC-12_0.5h_1	0	dcDNA	PC-12_0.5h_1	viral_read.count	0	0		cluster_1
UL1	L	0.5h	0.5	PC-12	PC-12_dcDNA_0.5h	LT934125.1	-	13	PC-12_0.5h_2	0	dcDNA	PC-12_0.5h_2	viral_read.count	0	0		cluster_1
UL1	L	0.5h	0.5	PC-12	PC-12_dcDNA_0.5h	LT934125.1	-	2	PC-12_0.5h_3	0	dcDNA	PC-12_0.5h_3	viral_read.count	0	0		cluster_1
UL1	L	1.5h	1.5	PC-12	PC-12_dcDNA_1.5h	LT934125.1	-	138	PC-12_1.5h_1	0	dcDNA	PC-12_1.5h_1	viral_read.count	0	0		cluster_1
UL1	L	1.5h	1.5	PC-12	PC-12_dcDNA_1.5h	LT934125.1	-	129	PC-12_1.5h_2	0	dcDNA	PC-12_1.5h_2	viral_read.count	0	0		cluster_1
UL1	L	1.5h	1.5	PC-12	PC-12_dcDNA_1.5h	LT934125.1	-	152	PC-12_1.5h_3	0	dcDNA	PC-12_1.5h_3	viral_read.count	0	0		cluster_1
UL1	L	12h	12	C6	C6_dcDNA_12h	LT934125.1	-	56266	C6_12h_1	0.00287918103295063	dcDNA	C6_12h_1	viral_read.count	0.00319264133172784	0.000734999080386249	0.230216615027179	cluster_1
UL1	L	12h	12	C6	C6_dcDNA_12h	LT934125.1	-	49131	C6_12h_2	0.00266634100669638	dcDNA	C6_12h_2	viral_read.count	0.00319264133172784	0.000734999080386249	0.230216615027179	cluster_1
UL1	L	12h	12	C6	C6_dcDNA_12h	LT934125.1	-	28023	C6_12h_3	0.00403240195553652	dcDNA	C6_12h_3	viral_read.count	0.00319264133172784	0.000734999080386249	0.230216615027179	cluster_1
UL1	L	12h	12	PC-12	PC-12_dcDNA_12h	LT934125.1	-	40118	PC-12_12h_1	0.00264220549379331	dcDNA	PC-12_12h_1	viral_read.count	0.00311301426328784	0.000434802425111368	0.139672480861731	cluster_1
UL1	L	12h	12	PC-12	PC-12_dcDNA_12h	LT934125.1	-	64296	PC-12_12h_2	0.00349944008958567	dcDNA	PC-12_12h_2	viral_read.count	0.00311301426328784	0.000434802425111368	0.139672480861731	cluster_1
UL1	L	12h	12	PC-12	PC-12_dcDNA_12h	LT934125.1	-	35654	PC-12_12h_3	0.00319739720648455	dcDNA	PC-12_12h_3	viral_read.count	0.00311301426328784	0.000434802425111368	0.139672480861731	cluster_1
UL1	L	12h	12	PK-15	PK-15_dcDNA_12h	LT934125.1	-	137055	PK-15_12h_1	0.00171464010798584	dcDNA	PK-15_12h_1	viral_read.count	0.00147436815333231	0.000208248570972023	0.141245977472688	cluster_1
UL1	L	12h	12	PK-15	PK-15_dcDNA_12h	LT934125.1	-	155287	PK-15_12h_2	0.00134589502018843	dcDNA	PK-15_12h_2	viral_read.count	0.00147436815333231	0.000208248570972023	0.141245977472688	cluster_1
UL1	L	12h	12	PK-15	PK-15_dcDNA_12h	LT934125.1	-	135039	PK-15_12h_3	0.00136256933182266	dcDNA	PK-15_12h_3	viral_read.count	0.00147436815333231	0.000208248570972023	0.141245977472688	cluster_1
UL1	L	1h	1	C6	C6_dcDNA_1h	LT934125.1	-	246	C6_1h_1	0	dcDNA	C6_1h_1	viral_read.count	0	0		cluster_1
UL1	L	1h	1	C6	C6_dcDNA_1h	LT934125.1	-	240	C6_1h_2	0	dcDNA	C6_1h_2	viral_read.count	0	0		cluster_1
UL1	L	1h	1	C6	C6_dcDNA_1h	LT934125.1	-	102	C6_1h_3	0	dcDNA	C6_1h_3	viral_read.count	0	0		cluster_1
UL1	L	1h	1	NRK	NRK_dcDNA_1h	LT934125.1	-	25	NRK_1h_1	0	dcDNA	NRK_1h_1	viral_read.count	0	0		cluster_1
UL1	L	1h	1	NRK	NRK_dcDNA_1h	LT934125.1	-	54	NRK_1h_2	0	dcDNA	NRK_1h_2	viral_read.count	0	0		cluster_1
UL1	L	1h	1	NRK	NRK_dcDNA_1h	LT934125.1	-	20	NRK_1h_3	0	dcDNA	NRK_1h_3	viral_read.count	0	0		cluster_1
UL1	L	1h	1	PC-12	PC-12_dcDNA_1h	LT934125.1	-	154	PC-12_1h_1	0	dcDNA	PC-12_1h_1	viral_read.count	0.003584229390681	0.00620806741064113	1.73205080756888	cluster_1
UL1	L	1h	1	PC-12	PC-12_dcDNA_1h	LT934125.1	-	93	PC-12_1h_2	0.010752688172043	dcDNA	PC-12_1h_2	viral_read.count	0.003584229390681	0.00620806741064113	1.73205080756888	cluster_1
UL1	L	1h	1	PC-12	PC-12_dcDNA_1h	LT934125.1	-	158	PC-12_1h_3	0	dcDNA	PC-12_1h_3	viral_read.count	0.003584229390681	0.00620806741064113	1.73205080756888	cluster_1
UL1	L	1h	1	PK-15	PK-15_dcDNA_1h	LT934125.1	-	129	PK-15_1h_1	0	dcDNA	PK-15_1h_1	viral_read.count	0.0064102564102564	0.0111028897921082	1.73205080756888	cluster_1
UL1	L	1h	1	PK-15	PK-15_dcDNA_1h	LT934125.1	-	76	PK-15_1h_2	0	dcDNA	PK-15_1h_2	viral_read.count	0.0064102564102564	0.0111028897921082	1.73205080756888	cluster_1
UL1	L	1h	1	PK-15	PK-15_dcDNA_1h	LT934125.1	-	52	PK-15_1h_3	0.0192307692307692	dcDNA	PK-15_1h_3	viral_read.count	0.0064102564102564	0.0111028897921082	1.73205080756888	cluster_1
UL1	L	2.5h	2.5	PC-12	PC-12_dcDNA_2.5h	LT934125.1	-	478	PC-12_2.5h_1	0.00209205020920502	dcDNA	PC-12_2.5h_1	viral_read.count	0.00336359310295052	0.00114946873902449	0.341738344633952	cluster_1
UL1	L	2.5h	2.5	PC-12	PC-12_dcDNA_2.5h	LT934125.1	-	231	PC-12_2.5h_2	0.00432900432900433	dcDNA	PC-12_2.5h_2	viral_read.count	0.00336359310295052	0.00114946873902449	0.341738344633952	cluster_1
UL1	L	2.5h	2.5	PC-12	PC-12_dcDNA_2.5h	LT934125.1	-	545	PC-12_2.5h_3	0.0036697247706422	dcDNA	PC-12_2.5h_3	viral_read.count	0.00336359310295052	0.00114946873902449	0.341738344633952	cluster_1
UL1	L	2h	2	C6	C6_dcDNA_2h	LT934125.1	-	243	C6_2h_1	0	dcDNA	C6_2h_1	viral_read.count	0.00320512820512821	0.00453273577683684	1.4142135623731	cluster_1
UL1	L	2h	2	C6	C6_dcDNA_2h	LT934125.1	-	468	C6_2h_2	0.00641025641025641	dcDNA	C6_2h_2	viral_read.count	0.00320512820512821	0.00453273577683684	1.4142135623731	cluster_1
UL1	L	2h	2	NRK	NRK_dcDNA_2h	LT934125.1	-	99	NRK_2h_1	0	dcDNA	NRK_2h_1	viral_read.count	0.00469483568075117	0.00813169393224824	1.73205080756888	cluster_1
UL1	L	2h	2	NRK	NRK_dcDNA_2h	LT934125.1	-	71	NRK_2h_2	0.0140845070422535	dcDNA	NRK_2h_2	viral_read.count	0.00469483568075117	0.00813169393224824	1.73205080756888	cluster_1
UL1	L	2h	2	NRK	NRK_dcDNA_2h	LT934125.1	-	122	NRK_2h_3	0	dcDNA	NRK_2h_3	viral_read.count	0.00469483568075117	0.00813169393224824	1.73205080756888	cluster_1
UL1	L	2h	2	PC-12	PC-12_dcDNA_2h	LT934125.1	-	439	PC-12_2h_1	0.00455580865603645	dcDNA	PC-12_2h_1	viral_read.count	0.00385213718497793	0.00163040006162287	0.423245586367198	cluster_1
UL1	L	2h	2	PC-12	PC-12_dcDNA_2h	LT934125.1	-	399	PC-12_2h_2	0.0050125313283208	dcDNA	PC-12_2h_2	viral_read.count	0.00385213718497793	0.00163040006162287	0.423245586367198	cluster_1
UL1	L	2h	2	PC-12	PC-12_dcDNA_2h	LT934125.1	-	503	PC-12_2h_3	0.00198807157057654	dcDNA	PC-12_2h_3	viral_read.count	0.00385213718497793	0.00163040006162287	0.423245586367198	cluster_1
UL1	L	2h	2	PK-15	PK-15_dcDNA_2h	LT934125.1	-	482	PK-15_2h_1	0.0020746887966805	dcDNA	PK-15_2h_1	viral_read.count	0.00191815945072542	0.000643677205050092	0.335570228432606	cluster_1
UL1	L	2h	2	PK-15	PK-15_dcDNA_2h	LT934125.1	-	405	PK-15_2h_2	0.00246913580246914	dcDNA	PK-15_2h_2	viral_read.count	0.00191815945072542	0.000643677205050092	0.335570228432606	cluster_1
UL1	L	2h	2	PK-15	PK-15_dcDNA_2h	LT934125.1	-	1652	PK-15_2h_3	0.00121065375302663	dcDNA	PK-15_2h_3	viral_read.count	0.00191815945072542	0.000643677205050092	0.335570228432606	cluster_1
UL1	L	4h	4	C6	C6_dcDNA_4h	LT934125.1	-	680	C6_4h_1	0.00147058823529412	dcDNA	C6_4h_1	viral_read.count	0.00359876551353142	0.00253973788915153	0.705724749112459	cluster_1
UL1	L	4h	4	C6	C6_dcDNA_4h	LT934125.1	-	686	C6_4h_2	0.00291545189504373	dcDNA	C6_4h_2	viral_read.count	0.00359876551353142	0.00253973788915153	0.705724749112459	cluster_1
UL1	L	4h	4	C6	C6_dcDNA_4h	LT934125.1	-	312	C6_4h_3	0.00641025641025641	dcDNA	C6_4h_3	viral_read.count	0.00359876551353142	0.00253973788915153	0.705724749112459	cluster_1
UL1	L	4h	4	PC-12	PC-12_dcDNA_4h	LT934125.1	-	2800	PC-12_4h_1	0.00392857142857143	dcDNA	PC-12_4h_1	viral_read.count	0.00469793351747068	0.00114030543930731	0.242724899164013	cluster_1
UL1	L	4h	4	PC-12	PC-12_dcDNA_4h	LT934125.1	-	2646	PC-12_4h_2	0.00415721844293273	dcDNA	PC-12_4h_2	viral_read.count	0.00469793351747068	0.00114030543930731	0.242724899164013	cluster_1
UL1	L	4h	4	PC-12	PC-12_dcDNA_4h	LT934125.1	-	2996	PC-12_4h_3	0.00600801068090788	dcDNA	PC-12_4h_3	viral_read.count	0.00469793351747068	0.00114030543930731	0.242724899164013	cluster_1
UL1	L	4h	4	PK-15	PK-15_dcDNA_4h	LT934125.1	-	7826	PK-15_4h_1	0.00242780475338615	dcDNA	PK-15_4h_1	viral_read.count	0.00254240538110714	0.00015114773725794	0.0594506833493719	cluster_1
UL1	L	4h	4	PK-15	PK-15_dcDNA_4h	LT934125.1	-	8046	PK-15_4h_2	0.00248570718369376	dcDNA	PK-15_4h_2	viral_read.count	0.00254240538110714	0.00015114773725794	0.0594506833493719	cluster_1
UL1	L	4h	4	PK-15	PK-15_dcDNA_4h	LT934125.1	-	6633	PK-15_4h_3	0.00271370420624152	dcDNA	PK-15_4h_3	viral_read.count	0.00254240538110714	0.00015114773725794	0.0594506833493719	cluster_1
UL1	L	6h	6	C6	C6_dcDNA_6h	LT934125.1	-	2759	C6_6h_1	0.00398695179412831	dcDNA	C6_6h_1	viral_read.count	0.00310375310426522	0.00078610010210868	0.253274044584413	cluster_1
UL1	L	6h	6	C6	C6_dcDNA_6h	LT934125.1	-	4220	C6_6h_2	0.0028436018957346	dcDNA	C6_6h_2	viral_read.count	0.00310375310426522	0.00078610010210868	0.253274044584413	cluster_1
UL1	L	6h	6	C6	C6_dcDNA_6h	LT934125.1	-	3628	C6_6h_3	0.00248070562293275	dcDNA	C6_6h_3	viral_read.count	0.00310375310426522	0.00078610010210868	0.253274044584413	cluster_1
UL1	L	6h	6	PC-12	PC-12_dcDNA_6h	LT934125.1	-	7517	PC-12_6h_1	0.00718371690834109	dcDNA	PC-12_6h_1	viral_read.count	0.0057701580526456	0.00168865769197886	0.292653628647939	cluster_1
UL1	L	6h	6	PC-12	PC-12_dcDNA_6h	LT934125.1	-	13589	PC-12_6h_2	0.00390021340790345	dcDNA	PC-12_6h_2	viral_read.count	0.0057701580526456	0.00168865769197886	0.292653628647939	cluster_1
UL1	L	6h	6	PC-12	PC-12_dcDNA_6h	LT934125.1	-	11724	PC-12_6h_3	0.00622654384169226	dcDNA	PC-12_6h_3	viral_read.count	0.0057701580526456	0.00168865769197886	0.292653628647939	cluster_1
UL1	L	6h	6	PK-15	PK-15_dcDNA_6h	LT934125.1	-	37872	PK-15_6h_1	0.00269328263624842	dcDNA	PK-15_6h_1	viral_read.count	0.00259289645738036	0.000182327788960167	0.0703181912417648	cluster_1
UL1	L	6h	6	PK-15	PK-15_dcDNA_6h	LT934125.1	-	30337	PK-15_6h_2	0.00270296997066289	dcDNA	PK-15_6h_2	viral_read.count	0.00259289645738036	0.000182327788960167	0.0703181912417648	cluster_1
UL1	L	6h	6	PK-15	PK-15_dcDNA_6h	LT934125.1	-	44912	PK-15_6h_3	0.00238243676522978	dcDNA	PK-15_6h_3	viral_read.count	0.00259289645738036	0.000182327788960167	0.0703181912417648	cluster_1
UL1	L	8h	8	C6	C6_dcDNA_8h	LT934125.1	-	10124	C6_8h_1	0.00286448044251284	dcDNA	C6_8h_1	viral_read.count	0.00241486014715387	0.000495596315920618	0.205227750561341	cluster_1
UL1	L	8h	8	C6	C6_dcDNA_8h	LT934125.1	-	10414	C6_8h_2	0.00249663913961974	dcDNA	C6_8h_2	viral_read.count	0.00241486014715387	0.000495596315920618	0.205227750561341	cluster_1
UL1	L	8h	8	C6	C6_dcDNA_8h	LT934125.1	-	8495	C6_8h_3	0.00188346085932902	dcDNA	C6_8h_3	viral_read.count	0.00241486014715387	0.000495596315920618	0.205227750561341	cluster_1
UL1	L	8h	8	PC-12	PC-12_dcDNA_8h	LT934125.1	-	14035	PC-12_8h_1	0.00149625935162095	dcDNA	PC-12_8h_1	viral_read.count	0.00297970325397931	0.00209790648573486	0.704065575299543	cluster_1
UL1	L	8h	8	PC-12	PC-12_dcDNA_8h	LT934125.1	-	15684	PC-12_8h_2	0.00446314715633767	dcDNA	PC-12_8h_2	viral_read.count	0.00297970325397931	0.00209790648573486	0.704065575299543	cluster_1
UL1	L	8h	8	PK-15	PK-15_dcDNA_8h	LT934125.1	-	69419	PK-15_8h_1	0.00435039398435587	dcDNA	PK-15_8h_1	viral_read.count	0.003271138067066	0.000938139698983915	0.286793060931655	cluster_1
UL1	L	8h	8	PK-15	PK-15_dcDNA_8h	LT934125.1	-	74319	PK-15_8h_2	0.00281220145588611	dcDNA	PK-15_8h_2	viral_read.count	0.003271138067066	0.000938139698983915	0.286793060931655	cluster_1
UL1	L	8h	8	PK-15	PK-15_dcDNA_8h	LT934125.1	-	70167	PK-15_8h_3	0.00265081876095601	dcDNA	PK-15_8h_3	viral_read.count	0.003271138067066	0.000938139698983915	0.286793060931655	cluster_1
UL10	L	""		C6	C6_dRNA	LT934125.1	-	3	C6_dRNA	0	dcDNA	C6_dRNA	viral_read.count	0			cluster_5
UL10	L	""		PC-12	PC-12_dRNA	LT934125.1	-	20	PC-12_dRNA	0	dcDNA	PC-12_dRNA	viral_read.count	0			cluster_5
UL10	L	""		PK-15	PK-15_dRNA	LT934125.1	-	68	PK-15_dRNA	0	dcDNA	PK-15_dRNA	viral_read.count	0			cluster_5
UL10	L	0.5h	0.5	PC-12	PC-12_dcDNA_0.5h	LT934125.1	-	13	PC-12_0.5h_1	0	dcDNA	PC-12_0.5h_1	viral_read.count	0	0		cluster_5
UL10	L	0.5h	0.5	PC-12	PC-12_dcDNA_0.5h	LT934125.1	-	13	PC-12_0.5h_2	0	dcDNA	PC-12_0.5h_2	viral_read.count	0	0		cluster_5
UL10	L	0.5h	0.5	PC-12	PC-12_dcDNA_0.5h	LT934125.1	-	2	PC-12_0.5h_3	0	dcDNA	PC-12_0.5h_3	viral_read.count	0	0		cluster_5
UL10	L	1.5h	1.5	PC-12	PC-12_dcDNA_1.5h	LT934125.1	-	138	PC-12_1.5h_1	0.0072463768115942	dcDNA	PC-12_1.5h_1	viral_read.count	0.00241545893719807	0.00418369760282337	1.73205080756888	cluster_5
UL10	L	1.5h	1.5	PC-12	PC-12_dcDNA_1.5h	LT934125.1	-	129	PC-12_1.5h_2	0	dcDNA	PC-12_1.5h_2	viral_read.count	0.00241545893719807	0.00418369760282337	1.73205080756888	cluster_5
UL10	L	1.5h	1.5	PC-12	PC-12_dcDNA_1.5h	LT934125.1	-	152	PC-12_1.5h_3	0	dcDNA	PC-12_1.5h_3	viral_read.count	0.00241545893719807	0.00418369760282337	1.73205080756888	cluster_5
UL10	L	12h	12	C6	C6_dcDNA_12h	LT934125.1	-	56266	C6_12h_1	0.0173817225322575	dcDNA	C6_12h_1	viral_read.count	0.0173504908655833	0.000401468721737114	0.0231387529521411	cluster_5
UL10	L	12h	12	C6	C6_dcDNA_12h	LT934125.1	-	49131	C6_12h_2	0.0169343184547434	dcDNA	C6_12h_2	viral_read.count	0.0173504908655833	0.000401468721737114	0.0231387529521411	cluster_5
UL10	L	12h	12	C6	C6_dcDNA_12h	LT934125.1	-	28023	C6_12h_3	0.0177354316097491	dcDNA	C6_12h_3	viral_read.count	0.0173504908655833	0.000401468721737114	0.0231387529521411	cluster_5
UL10	L	12h	12	PC-12	PC-12_dcDNA_12h	LT934125.1	-	40118	PC-12_12h_1	0.0110424248467022	dcDNA	PC-12_12h_1	viral_read.count	0.0114366023561899	0.00323753525102415	0.28308540860231	cluster_5
UL10	L	12h	12	PC-12	PC-12_dcDNA_12h	LT934125.1	-	64296	PC-12_12h_2	0.0148531790469081	dcDNA	PC-12_12h_2	viral_read.count	0.0114366023561899	0.00323753525102415	0.28308540860231	cluster_5
UL10	L	12h	12	PC-12	PC-12_dcDNA_12h	LT934125.1	-	35654	PC-12_12h_3	0.00841420317495933	dcDNA	PC-12_12h_3	viral_read.count	0.0114366023561899	0.00323753525102415	0.28308540860231	cluster_5
UL10	L	12h	12	PK-15	PK-15_dcDNA_12h	LT934125.1	-	137055	PK-15_12h_1	0.0294261427893911	dcDNA	PK-15_12h_1	viral_read.count	0.0305833125528567	0.0152882617488749	0.499889007198039	cluster_5
UL10	L	12h	12	PK-15	PK-15_dcDNA_12h	LT934125.1	-	155287	PK-15_12h_2	0.0464172789737711	dcDNA	PK-15_12h_2	viral_read.count	0.0305833125528567	0.0152882617488749	0.499889007198039	cluster_5
UL10	L	12h	12	PK-15	PK-15_dcDNA_12h	LT934125.1	-	135039	PK-15_12h_3	0.015906515895408	dcDNA	PK-15_12h_3	viral_read.count	0.0305833125528567	0.0152882617488749	0.499889007198039	cluster_5
UL10	L	1h	1	C6	C6_dcDNA_1h	LT934125.1	-	246	C6_1h_1	0.00813008130081301	dcDNA	C6_1h_1	viral_read.count	0.002710027100271	0.00469390462755793	1.73205080756888	cluster_5
UL10	L	1h	1	C6	C6_dcDNA_1h	LT934125.1	-	240	C6_1h_2	0	dcDNA	C6_1h_2	viral_read.count	0.002710027100271	0.00469390462755793	1.73205080756888	cluster_5
UL10	L	1h	1	C6	C6_dcDNA_1h	LT934125.1	-	102	C6_1h_3	0	dcDNA	C6_1h_3	viral_read.count	0.002710027100271	0.00469390462755793	1.73205080756888	cluster_5
UL10	L	1h	1	NRK	NRK_dcDNA_1h	LT934125.1	-	25	NRK_1h_1	0	dcDNA	NRK_1h_1	viral_read.count	0	0		cluster_5
UL10	L	1h	1	NRK	NRK_dcDNA_1h	LT934125.1	-	54	NRK_1h_2	0	dcDNA	NRK_1h_2	viral_read.count	0	0		cluster_5
UL10	L	1h	1	NRK	NRK_dcDNA_1h	LT934125.1	-	20	NRK_1h_3	0	dcDNA	NRK_1h_3	viral_read.count	0	0		cluster_5
UL10	L	1h	1	PC-12	PC-12_dcDNA_1h	LT934125.1	-	154	PC-12_1h_1	0	dcDNA	PC-12_1h_1	viral_read.count	0	0		cluster_5
UL10	L	1h	1	PC-12	PC-12_dcDNA_1h	LT934125.1	-	93	PC-12_1h_2	0	dcDNA	PC-12_1h_2	viral_read.count	0	0		cluster_5
UL10	L	1h	1	PC-12	PC-12_dcDNA_1h	LT934125.1	-	158	PC-12_1h_3	0	dcDNA	PC-12_1h_3	viral_read.count	0	0		cluster_5
UL10	L	1h	1	PK-15	PK-15_dcDNA_1h	LT934125.1	-	129	PK-15_1h_1	0	dcDNA	PK-15_1h_1	viral_read.count	0	0		cluster_5
UL10	L	1h	1	PK-15	PK-15_dcDNA_1h	LT934125.1	-	76	PK-15_1h_2	0	dcDNA	PK-15_1h_2	viral_read.count	0	0		cluster_5
UL10	L	1h	1	PK-15	PK-15_dcDNA_1h	LT934125.1	-	52	PK-15_1h_3	0	dcDNA	PK-15_1h_3	viral_read.count	0	0		cluster_5
UL10	L	2.5h	2.5	PC-12	PC-12_dcDNA_2.5h	LT934125.1	-	478	PC-12_2.5h_1	0	dcDNA	PC-12_2.5h_1	viral_read.count	0.00266624303321551	0.00233244535158838	0.87480598074941	cluster_5
UL10	L	2.5h	2.5	PC-12	PC-12_dcDNA_2.5h	LT934125.1	-	231	PC-12_2.5h_2	0.00432900432900433	dcDNA	PC-12_2.5h_2	viral_read.count	0.00266624303321551	0.00233244535158838	0.87480598074941	cluster_5
UL10	L	2.5h	2.5	PC-12	PC-12_dcDNA_2.5h	LT934125.1	-	545	PC-12_2.5h_3	0.0036697247706422	dcDNA	PC-12_2.5h_3	viral_read.count	0.00266624303321551	0.00233244535158838	0.87480598074941	cluster_5
UL10	L	2h	2	C6	C6_dcDNA_2h	LT934125.1	-	243	C6_2h_1	0.00411522633744856	dcDNA	C6_2h_1	viral_read.count	0.00419436530547642	0.000111919401897203	0.0266832747617558	cluster_5
UL10	L	2h	2	C6	C6_dcDNA_2h	LT934125.1	-	468	C6_2h_2	0.00427350427350427	dcDNA	C6_2h_2	viral_read.count	0.00419436530547642	0.000111919401897203	0.0266832747617558	cluster_5
UL10	L	2h	2	NRK	NRK_dcDNA_2h	LT934125.1	-	99	NRK_2h_1	0.0101010101010101	dcDNA	NRK_2h_1	viral_read.count	0.010794079484913	0.00300445736882156	0.278343083634035	cluster_5
UL10	L	2h	2	NRK	NRK_dcDNA_2h	LT934125.1	-	71	NRK_2h_2	0.0140845070422535	dcDNA	NRK_2h_2	viral_read.count	0.010794079484913	0.00300445736882156	0.278343083634035	cluster_5
UL10	L	2h	2	NRK	NRK_dcDNA_2h	LT934125.1	-	122	NRK_2h_3	0.00819672131147541	dcDNA	NRK_2h_3	viral_read.count	0.010794079484913	0.00300445736882156	0.278343083634035	cluster_5
UL10	L	2h	2	PC-12	PC-12_dcDNA_2h	LT934125.1	-	439	PC-12_2h_1	0.00455580865603645	dcDNA	PC-12_2h_1	viral_read.count	0.00483205550297305	0.0049759333598003	1.02977570450892	cluster_5
UL10	L	2h	2	PC-12	PC-12_dcDNA_2h	LT934125.1	-	399	PC-12_2h_2	0	dcDNA	PC-12_2h_2	viral_read.count	0.00483205550297305	0.0049759333598003	1.02977570450892	cluster_5
UL10	L	2h	2	PC-12	PC-12_dcDNA_2h	LT934125.1	-	503	PC-12_2h_3	0.0099403578528827	dcDNA	PC-12_2h_3	viral_read.count	0.00483205550297305	0.0049759333598003	1.02977570450892	cluster_5
UL10	L	2h	2	PK-15	PK-15_dcDNA_2h	LT934125.1	-	482	PK-15_2h_1	0	dcDNA	PK-15_2h_1	viral_read.count	0.00524616626311543	0.00908662651266969	1.73205080756888	cluster_5
UL10	L	2h	2	PK-15	PK-15_dcDNA_2h	LT934125.1	-	405	PK-15_2h_2	0	dcDNA	PK-15_2h_2	viral_read.count	0.00524616626311543	0.00908662651266969	1.73205080756888	cluster_5
UL10	L	2h	2	PK-15	PK-15_dcDNA_2h	LT934125.1	-	1652	PK-15_2h_3	0.0157384987893463	dcDNA	PK-15_2h_3	viral_read.count	0.00524616626311543	0.00908662651266969	1.73205080756888	cluster_5
UL10	L	4h	4	C6	C6_dcDNA_4h	LT934125.1	-	680	C6_4h_1	0.0191176470588235	dcDNA	C6_4h_1	viral_read.count	0.0159910484340256	0.00314879703189317	0.196909980285795	cluster_5
UL10	L	4h	4	C6	C6_dcDNA_4h	LT934125.1	-	686	C6_4h_2	0.0160349854227405	dcDNA	C6_4h_2	viral_read.count	0.0159910484340256	0.00314879703189317	0.196909980285795	cluster_5
UL10	L	4h	4	C6	C6_dcDNA_4h	LT934125.1	-	312	C6_4h_3	0.0128205128205128	dcDNA	C6_4h_3	viral_read.count	0.0159910484340256	0.00314879703189317	0.196909980285795	cluster_5
UL10	L	4h	4	PC-12	PC-12_dcDNA_4h	LT934125.1	-	2800	PC-12_4h_1	0.00607142857142857	dcDNA	PC-12_4h_1	viral_read.count	0.00656072293922761	0.00120790292930757	0.184111254277379	cluster_5
UL10	L	4h	4	PC-12	PC-12_dcDNA_4h	LT934125.1	-	2646	PC-12_4h_2	0.00793650793650794	dcDNA	PC-12_4h_2	viral_read.count	0.00656072293922761	0.00120790292930757	0.184111254277379	cluster_5
UL10	L	4h	4	PC-12	PC-12_dcDNA_4h	LT934125.1	-	2996	PC-12_4h_3	0.00567423230974633	dcDNA	PC-12_4h_3	viral_read.count	0.00656072293922761	0.00120790292930757	0.184111254277379	cluster_5
UL10	L	4h	4	PK-15	PK-15_dcDNA_4h	LT934125.1	-	7826	PK-15_4h_1	0.00523894709941222	dcDNA	PK-15_4h_1	viral_read.count	0.00534570064748112	0.00020154727670318	0.0377026866998527	cluster_5
UL10	L	4h	4	PK-15	PK-15_dcDNA_4h	LT934125.1	-	8046	PK-15_4h_2	0.0052199850857569	dcDNA	PK-15_4h_2	viral_read.count	0.00534570064748112	0.00020154727670318	0.0377026866998527	cluster_5
UL10	L	4h	4	PK-15	PK-15_dcDNA_4h	LT934125.1	-	6633	PK-15_4h_3	0.00557816975727423	dcDNA	PK-15_4h_3	viral_read.count	0.00534570064748112	0.00020154727670318	0.0377026866998527	cluster_5
UL10	L	6h	6	C6	C6_dcDNA_6h	LT934125.1	-	2759	C6_6h_1	0.0206596592968467	dcDNA	C6_6h_1	viral_read.count	0.0202819280220936	0.00061692253279645	0.0304173514531962	cluster_5
UL10	L	6h	6	C6	C6_dcDNA_6h	LT934125.1	-	4220	C6_6h_2	0.0206161137440758	dcDNA	C6_6h_2	viral_read.count	0.0202819280220936	0.00061692253279645	0.0304173514531962	cluster_5
UL10	L	6h	6	C6	C6_dcDNA_6h	LT934125.1	-	3628	C6_6h_3	0.0195700110253583	dcDNA	C6_6h_3	viral_read.count	0.0202819280220936	0.00061692253279645	0.0304173514531962	cluster_5
UL10	L	6h	6	PC-12	PC-12_dcDNA_6h	LT934125.1	-	7517	PC-12_6h_1	0.0103764799787149	dcDNA	PC-12_6h_1	viral_read.count	0.010253487854094	0.00107226764030445	0.104575892180563	cluster_5
UL10	L	6h	6	PC-12	PC-12_dcDNA_6h	LT934125.1	-	13589	PC-12_6h_2	0.00912502759584959	dcDNA	PC-12_6h_2	viral_read.count	0.010253487854094	0.00107226764030445	0.104575892180563	cluster_5
UL10	L	6h	6	PC-12	PC-12_dcDNA_6h	LT934125.1	-	11724	PC-12_6h_3	0.0112589559877175	dcDNA	PC-12_6h_3	viral_read.count	0.010253487854094	0.00107226764030445	0.104575892180563	cluster_5
UL10	L	6h	6	PK-15	PK-15_dcDNA_6h	LT934125.1	-	37872	PK-15_6h_1	0.00641634980988593	dcDNA	PK-15_6h_1	viral_read.count	0.00800195877989116	0.00181072437736654	0.226285141822634	cluster_5
UL10	L	6h	6	PK-15	PK-15_dcDNA_6h	LT934125.1	-	30337	PK-15_6h_2	0.00761446418564789	dcDNA	PK-15_6h_2	viral_read.count	0.00800195877989116	0.00181072437736654	0.226285141822634	cluster_5
UL10	L	6h	6	PK-15	PK-15_dcDNA_6h	LT934125.1	-	44912	PK-15_6h_3	0.00997506234413965	dcDNA	PK-15_6h_3	viral_read.count	0.00800195877989116	0.00181072437736654	0.226285141822634	cluster_5
UL10	L	8h	8	C6	C6_dcDNA_8h	LT934125.1	-	10124	C6_8h_1	0.0124456736467799	dcDNA	C6_8h_1	viral_read.count	0.01065160559361	0.00175131043741791	0.164417507015893	cluster_5
UL10	L	8h	8	C6	C6_dcDNA_8h	LT934125.1	-	10414	C6_8h_2	0.0105627040522374	dcDNA	C6_8h_2	viral_read.count	0.01065160559361	0.00175131043741791	0.164417507015893	cluster_5
UL10	L	8h	8	C6	C6_dcDNA_8h	LT934125.1	-	8495	C6_8h_3	0.00894643908181283	dcDNA	C6_8h_3	viral_read.count	0.01065160559361	0.00175131043741791	0.164417507015893	cluster_5
UL10	L	8h	8	PC-12	PC-12_dcDNA_8h	LT934125.1	-	14035	PC-12_8h_1	0.00477377983612398	dcDNA	PC-12_8h_1	viral_read.count	0.0121420544169143	0.0104203138434427	0.858200225896432	cluster_5
UL10	L	8h	8	PC-12	PC-12_dcDNA_8h	LT934125.1	-	15684	PC-12_8h_2	0.0195103289977047	dcDNA	PC-12_8h_2	viral_read.count	0.0121420544169143	0.0104203138434427	0.858200225896432	cluster_5
UL10	L	8h	8	PK-15	PK-15_dcDNA_8h	LT934125.1	-	69419	PK-15_8h_1	0.017876950114522	dcDNA	PK-15_8h_1	viral_read.count	0.0169714346118663	0.0042356680719346	0.249576312716254	cluster_5
UL10	L	8h	8	PK-15	PK-15_dcDNA_8h	LT934125.1	-	74319	PK-15_8h_2	0.0206811178837175	dcDNA	PK-15_8h_2	viral_read.count	0.0169714346118663	0.0042356680719346	0.249576312716254	cluster_5
UL10	L	8h	8	PK-15	PK-15_dcDNA_8h	LT934125.1	-	70167	PK-15_8h_3	0.0123562358373594	dcDNA	PK-15_8h_3	viral_read.count	0.0169714346118663	0.0042356680719346	0.249576312716254	cluster_5
UL11	L	""		C6	C6_dRNA	LT934125.1	+	3	C6_dRNA	0	dcDNA	C6_dRNA	viral_read.count	0			cluster_6
UL11	L	""		PC-12	PC-12_dRNA	LT934125.1	+	20	PC-12_dRNA	0	dcDNA	PC-12_dRNA	viral_read.count	0			cluster_6
UL11	L	""		PK-15	PK-15_dRNA	LT934125.1	+	68	PK-15_dRNA	0	dcDNA	PK-15_dRNA	viral_read.count	0			cluster_6
UL11	L	0.5h	0.5	PC-12	PC-12_dcDNA_0.5h	LT934125.1	+	13	PC-12_0.5h_1	0	dcDNA	PC-12_0.5h_1	viral_read.count	0.0256410256410256	0.0444115591684327	1.73205080756888	cluster_6
UL11	L	0.5h	0.5	PC-12	PC-12_dcDNA_0.5h	LT934125.1	+	13	PC-12_0.5h_2	0.0769230769230769	dcDNA	PC-12_0.5h_2	viral_read.count	0.0256410256410256	0.0444115591684327	1.73205080756888	cluster_6
UL11	L	0.5h	0.5	PC-12	PC-12_dcDNA_0.5h	LT934125.1	+	2	PC-12_0.5h_3	0	dcDNA	PC-12_0.5h_3	viral_read.count	0.0256410256410256	0.0444115591684327	1.73205080756888	cluster_6
UL11	L	1.5h	1.5	PC-12	PC-12_dcDNA_1.5h	LT934125.1	+	138	PC-12_1.5h_1	0.036231884057971	dcDNA	PC-12_1.5h_1	viral_read.count	0.0381550860636593	0.00170337207528276	0.0446433818139158	cluster_6
UL11	L	1.5h	1.5	PC-12	PC-12_dcDNA_1.5h	LT934125.1	+	129	PC-12_1.5h_2	0.0387596899224806	dcDNA	PC-12_1.5h_2	viral_read.count	0.0381550860636593	0.00170337207528276	0.0446433818139158	cluster_6
UL11	L	1.5h	1.5	PC-12	PC-12_dcDNA_1.5h	LT934125.1	+	152	PC-12_1.5h_3	0.0394736842105263	dcDNA	PC-12_1.5h_3	viral_read.count	0.0381550860636593	0.00170337207528276	0.0446433818139158	cluster_6
UL11	L	12h	12	C6	C6_dcDNA_12h	LT934125.1	+	56266	C6_12h_1	0.023691038993353	dcDNA	C6_12h_1	viral_read.count	0.0216841377762685	0.00326742887502556	0.15068290511424	cluster_6
UL11	L	12h	12	C6	C6_dcDNA_12h	LT934125.1	+	49131	C6_12h_2	0.023447517860414	dcDNA	C6_12h_2	viral_read.count	0.0216841377762685	0.00326742887502556	0.15068290511424	cluster_6
UL11	L	12h	12	C6	C6_dcDNA_12h	LT934125.1	+	28023	C6_12h_3	0.0179138564750384	dcDNA	C6_12h_3	viral_read.count	0.0216841377762685	0.00326742887502556	0.15068290511424	cluster_6
UL11	L	12h	12	PC-12	PC-12_dcDNA_12h	LT934125.1	+	40118	PC-12_12h_1	0.0190936736626951	dcDNA	PC-12_12h_1	viral_read.count	0.0178520664246375	0.00113871562317649	0.0637862080551617	cluster_6
UL11	L	12h	12	PC-12	PC-12_dcDNA_12h	LT934125.1	+	64296	PC-12_12h_2	0.0176060719173821	dcDNA	PC-12_12h_2	viral_read.count	0.0178520664246375	0.00113871562317649	0.0637862080551617	cluster_6
UL11	L	12h	12	PC-12	PC-12_dcDNA_12h	LT934125.1	+	35654	PC-12_12h_3	0.0168564536938352	dcDNA	PC-12_12h_3	viral_read.count	0.0178520664246375	0.00113871562317649	0.0637862080551617	cluster_6
UL11	L	12h	12	PK-15	PK-15_dcDNA_12h	LT934125.1	+	137055	PK-15_12h_1	0.0203276057057386	dcDNA	PK-15_12h_1	viral_read.count	0.0177706616622926	0.00385478941638482	0.216918733226701	cluster_6
UL11	L	12h	12	PK-15	PK-15_dcDNA_12h	LT934125.1	+	155287	PK-15_12h_2	0.0196474914191143	dcDNA	PK-15_12h_2	viral_read.count	0.0177706616622926	0.00385478941638482	0.216918733226701	cluster_6
UL11	L	12h	12	PK-15	PK-15_dcDNA_12h	LT934125.1	+	135039	PK-15_12h_3	0.013336887862025	dcDNA	PK-15_12h_3	viral_read.count	0.0177706616622926	0.00385478941638482	0.216918733226701	cluster_6
UL11	L	1h	1	C6	C6_dcDNA_1h	LT934125.1	+	246	C6_1h_1	0.0040650406504065	dcDNA	C6_1h_1	viral_read.count	0.0101785429619002	0.00630916004351171	0.619849036068112	cluster_6
UL11	L	1h	1	C6	C6_dcDNA_1h	LT934125.1	+	240	C6_1h_2	0.0166666666666667	dcDNA	C6_1h_2	viral_read.count	0.0101785429619002	0.00630916004351171	0.619849036068112	cluster_6
UL11	L	1h	1	C6	C6_dcDNA_1h	LT934125.1	+	102	C6_1h_3	0.00980392156862745	dcDNA	C6_1h_3	viral_read.count	0.0101785429619002	0.00630916004351171	0.619849036068112	cluster_6
UL11	L	1h	1	NRK	NRK_dcDNA_1h	LT934125.1	+	25	NRK_1h_1	0.08	dcDNA	NRK_1h_1	viral_read.count	0.0266666666666667	0.0461880215351701	1.73205080756888	cluster_6
UL11	L	1h	1	NRK	NRK_dcDNA_1h	LT934125.1	+	54	NRK_1h_2	0	dcDNA	NRK_1h_2	viral_read.count	0.0266666666666667	0.0461880215351701	1.73205080756888	cluster_6
UL11	L	1h	1	NRK	NRK_dcDNA_1h	LT934125.1	+	20	NRK_1h_3	0	dcDNA	NRK_1h_3	viral_read.count	0.0266666666666667	0.0461880215351701	1.73205080756888	cluster_6
UL11	L	1h	1	PC-12	PC-12_dcDNA_1h	LT934125.1	+	154	PC-12_1h_1	0.038961038961039	dcDNA	PC-12_1h_1	viral_read.count	0.0264845856924256	0.0108780301134573	0.410730612885076	cluster_6
UL11	L	1h	1	PC-12	PC-12_dcDNA_1h	LT934125.1	+	93	PC-12_1h_2	0.021505376344086	dcDNA	PC-12_1h_2	viral_read.count	0.0264845856924256	0.0108780301134573	0.410730612885076	cluster_6
UL11	L	1h	1	PC-12	PC-12_dcDNA_1h	LT934125.1	+	158	PC-12_1h_3	0.0189873417721519	dcDNA	PC-12_1h_3	viral_read.count	0.0264845856924256	0.0108780301134573	0.410730612885076	cluster_6
UL11	L	1h	1	PK-15	PK-15_dcDNA_1h	LT934125.1	+	129	PK-15_1h_1	0.0310077519379845	dcDNA	PK-15_1h_1	viral_read.count	0.0211321386351986	0.00907555809492557	0.429467090463287	cluster_6
UL11	L	1h	1	PK-15	PK-15_dcDNA_1h	LT934125.1	+	76	PK-15_1h_2	0.0131578947368421	dcDNA	PK-15_1h_2	viral_read.count	0.0211321386351986	0.00907555809492557	0.429467090463287	cluster_6
UL11	L	1h	1	PK-15	PK-15_dcDNA_1h	LT934125.1	+	52	PK-15_1h_3	0.0192307692307692	dcDNA	PK-15_1h_3	viral_read.count	0.0211321386351986	0.00907555809492557	0.429467090463287	cluster_6
UL11	L	2.5h	2.5	PC-12	PC-12_dcDNA_2.5h	LT934125.1	+	478	PC-12_2.5h_1	0.0292887029288703	dcDNA	PC-12_2.5h_1	viral_read.count	0.0331474674801227	0.00512391195074564	0.154579288864776	cluster_6
UL11	L	2.5h	2.5	PC-12	PC-12_dcDNA_2.5h	LT934125.1	+	231	PC-12_2.5h_2	0.038961038961039	dcDNA	PC-12_2.5h_2	viral_read.count	0.0331474674801227	0.00512391195074564	0.154579288864776	cluster_6
UL11	L	2.5h	2.5	PC-12	PC-12_dcDNA_2.5h	LT934125.1	+	545	PC-12_2.5h_3	0.0311926605504587	dcDNA	PC-12_2.5h_3	viral_read.count	0.0331474674801227	0.00512391195074564	0.154579288864776	cluster_6
UL11	L	2h	2	C6	C6_dcDNA_2h	LT934125.1	+	243	C6_2h_1	0.0329218106995885	dcDNA	C6_2h_1	viral_read.count	0.0271446660335549	0.00817011633849603	0.300984227560454	cluster_6
UL11	L	2h	2	C6	C6_dcDNA_2h	LT934125.1	+	468	C6_2h_2	0.0213675213675214	dcDNA	C6_2h_2	viral_read.count	0.0271446660335549	0.00817011633849603	0.300984227560454	cluster_6
UL11	L	2h	2	NRK	NRK_dcDNA_2h	LT934125.1	+	99	NRK_2h_1	0.0303030303030303	dcDNA	NRK_2h_1	viral_read.count	0.0304196432111463	0.00231114310322066	0.0759753520834793	cluster_6
UL11	L	2h	2	NRK	NRK_dcDNA_2h	LT934125.1	+	71	NRK_2h_2	0.028169014084507	dcDNA	NRK_2h_2	viral_read.count	0.0304196432111463	0.00231114310322066	0.0759753520834793	cluster_6
UL11	L	2h	2	NRK	NRK_dcDNA_2h	LT934125.1	+	122	NRK_2h_3	0.0327868852459016	dcDNA	NRK_2h_3	viral_read.count	0.0304196432111463	0.00231114310322066	0.0759753520834793	cluster_6
UL11	L	2h	2	PC-12	PC-12_dcDNA_2h	LT934125.1	+	439	PC-12_2h_1	0.0296127562642369	dcDNA	PC-12_2h_1	viral_read.count	0.0223175422717887	0.012816512606991	0.574279750471991	cluster_6
UL11	L	2h	2	PC-12	PC-12_dcDNA_2h	LT934125.1	+	399	PC-12_2h_2	0.0075187969924812	dcDNA	PC-12_2h_2	viral_read.count	0.0223175422717887	0.012816512606991	0.574279750471991	cluster_6
UL11	L	2h	2	PC-12	PC-12_dcDNA_2h	LT934125.1	+	503	PC-12_2h_3	0.0298210735586481	dcDNA	PC-12_2h_3	viral_read.count	0.0223175422717887	0.012816512606991	0.574279750471991	cluster_6
UL11	L	2h	2	PK-15	PK-15_dcDNA_2h	LT934125.1	+	482	PK-15_2h_1	0.016597510373444	dcDNA	PK-15_2h_1	viral_read.count	0.0163063254369097	0.00382337915853306	0.234472148450978	cluster_6
UL11	L	2h	2	PK-15	PK-15_dcDNA_2h	LT934125.1	+	405	PK-15_2h_2	0.0123456790123457	dcDNA	PK-15_2h_2	viral_read.count	0.0163063254369097	0.00382337915853306	0.234472148450978	cluster_6
UL11	L	2h	2	PK-15	PK-15_dcDNA_2h	LT934125.1	+	1652	PK-15_2h_3	0.0199757869249395	dcDNA	PK-15_2h_3	viral_read.count	0.0163063254369097	0.00382337915853306	0.234472148450978	cluster_6
UL11	L	4h	4	C6	C6_dcDNA_4h	LT934125.1	+	680	C6_4h_1	0.0161764705882353	dcDNA	C6_4h_1	viral_read.count	0.0146213063980171	0.00256411043616397	0.175368080413917	cluster_6
UL11	L	4h	4	C6	C6_dcDNA_4h	LT934125.1	+	686	C6_4h_2	0.0116618075801749	dcDNA	C6_4h_2	viral_read.count	0.0146213063980171	0.00256411043616397	0.175368080413917	cluster_6
UL11	L	4h	4	C6	C6_dcDNA_4h	LT934125.1	+	312	C6_4h_3	0.016025641025641	dcDNA	C6_4h_3	viral_read.count	0.0146213063980171	0.00256411043616397	0.175368080413917	cluster_6
UL11	L	4h	4	PC-12	PC-12_dcDNA_4h	LT934125.1	+	2800	PC-12_4h_1	0.00857142857142857	dcDNA	PC-12_4h_1	viral_read.count	0.00937376819886835	0.000816685927981208	0.0871246131390152	cluster_6
UL11	L	4h	4	PC-12	PC-12_dcDNA_4h	LT934125.1	+	2646	PC-12_4h_2	0.0102040816326531	dcDNA	PC-12_4h_2	viral_read.count	0.00937376819886835	0.000816685927981208	0.0871246131390152	cluster_6
UL11	L	4h	4	PC-12	PC-12_dcDNA_4h	LT934125.1	+	2996	PC-12_4h_3	0.00934579439252337	dcDNA	PC-12_4h_3	viral_read.count	0.00937376819886835	0.000816685927981208	0.0871246131390152	cluster_6
UL11	L	4h	4	PK-15	PK-15_dcDNA_4h	LT934125.1	+	7826	PK-15_4h_1	0.0346281625351393	dcDNA	PK-15_4h_1	viral_read.count	0.0293366630271151	0.00511291243363578	0.174284049583623	cluster_6
UL11	L	4h	4	PK-15	PK-15_dcDNA_4h	LT934125.1	+	8046	PK-15_4h_2	0.0289584886900323	dcDNA	PK-15_4h_2	viral_read.count	0.0293366630271151	0.00511291243363578	0.174284049583623	cluster_6
UL11	L	4h	4	PK-15	PK-15_dcDNA_4h	LT934125.1	+	6633	PK-15_4h_3	0.0244233378561737	dcDNA	PK-15_4h_3	viral_read.count	0.0293366630271151	0.00511291243363578	0.174284049583623	cluster_6
UL11	L	6h	6	C6	C6_dcDNA_6h	LT934125.1	+	2759	C6_6h_1	0.0184849583182312	dcDNA	C6_6h_1	viral_read.count	0.0208948756783175	0.00320443380955451	0.153359793036708	cluster_6
UL11	L	6h	6	C6	C6_dcDNA_6h	LT934125.1	+	4220	C6_6h_2	0.0196682464454976	dcDNA	C6_6h_2	viral_read.count	0.0208948756783175	0.00320443380955451	0.153359793036708	cluster_6
UL11	L	6h	6	C6	C6_dcDNA_6h	LT934125.1	+	3628	C6_6h_3	0.0245314222712238	dcDNA	C6_6h_3	viral_read.count	0.0208948756783175	0.00320443380955451	0.153359793036708	cluster_6
UL11	L	6h	6	PC-12	PC-12_dcDNA_6h	LT934125.1	+	7517	PC-12_6h_1	0.008780098443528	dcDNA	PC-12_6h_1	viral_read.count	0.00949112222270192	0.000629942225545068	0.0663717325268768	cluster_6
UL11	L	6h	6	PC-12	PC-12_dcDNA_6h	LT934125.1	+	13589	PC-12_6h_2	0.00971373905364633	dcDNA	PC-12_6h_2	viral_read.count	0.00949112222270192	0.000629942225545068	0.0663717325268768	cluster_6
UL11	L	6h	6	PC-12	PC-12_dcDNA_6h	LT934125.1	+	11724	PC-12_6h_3	0.00997952917093142	dcDNA	PC-12_6h_3	viral_read.count	0.00949112222270192	0.000629942225545068	0.0663717325268768	cluster_6
UL11	L	6h	6	PK-15	PK-15_dcDNA_6h	LT934125.1	+	37872	PK-15_6h_1	0.0213350232361639	dcDNA	PK-15_6h_1	viral_read.count	0.0203418050049511	0.00104576281628711	0.0514095389289484	cluster_6
UL11	L	6h	6	PK-15	PK-15_dcDNA_6h	LT934125.1	+	30337	PK-15_6h_2	0.0192504202788674	dcDNA	PK-15_6h_2	viral_read.count	0.0203418050049511	0.00104576281628711	0.0514095389289484	cluster_6
UL11	L	6h	6	PK-15	PK-15_dcDNA_6h	LT934125.1	+	44912	PK-15_6h_3	0.0204399714998219	dcDNA	PK-15_6h_3	viral_read.count	0.0203418050049511	0.00104576281628711	0.0514095389289484	cluster_6
UL11	L	8h	8	C6	C6_dcDNA_8h	LT934125.1	+	10124	C6_8h_1	0.0283484788621098	dcDNA	C6_8h_1	viral_read.count	0.0301110215048748	0.00160738974915641	0.0533821062462523	cluster_6
UL11	L	8h	8	C6	C6_dcDNA_8h	LT934125.1	+	10414	C6_8h_2	0.031496062992126	dcDNA	C6_8h_2	viral_read.count	0.0301110215048748	0.00160738974915641	0.0533821062462523	cluster_6
UL11	L	8h	8	C6	C6_dcDNA_8h	LT934125.1	+	8495	C6_8h_3	0.0304885226603885	dcDNA	C6_8h_3	viral_read.count	0.0301110215048748	0.00160738974915641	0.0533821062462523	cluster_6
UL11	L	8h	8	PC-12	PC-12_dcDNA_8h	LT934125.1	+	14035	PC-12_8h_1	0.0180976131100819	dcDNA	PC-12_8h_1	viral_read.count	0.0215137389702412	0.00483113152221067	0.224560292792123	cluster_6
UL11	L	8h	8	PC-12	PC-12_dcDNA_8h	LT934125.1	+	15684	PC-12_8h_2	0.0249298648304004	dcDNA	PC-12_8h_2	viral_read.count	0.0215137389702412	0.00483113152221067	0.224560292792123	cluster_6
UL11	L	8h	8	PK-15	PK-15_dcDNA_8h	LT934125.1	+	69419	PK-15_8h_1	0.0221265071522206	dcDNA	PK-15_8h_1	viral_read.count	0.0247548572274754	0.00250978040294439	0.101385371762871	cluster_6
UL11	L	8h	8	PK-15	PK-15_dcDNA_8h	LT934125.1	+	74319	PK-15_8h_2	0.0271263068663464	dcDNA	PK-15_8h_2	viral_read.count	0.0247548572274754	0.00250978040294439	0.101385371762871	cluster_6
UL11	L	8h	8	PK-15	PK-15_dcDNA_8h	LT934125.1	+	70167	PK-15_8h_3	0.0250117576638591	dcDNA	PK-15_8h_3	viral_read.count	0.0247548572274754	0.00250978040294439	0.101385371762871	cluster_6
UL12	L	""		C6	C6_dRNA	LT934125.1	+	3	C6_dRNA	0	dcDNA	C6_dRNA	viral_read.count	0			cluster_1
UL12	L	""		PC-12	PC-12_dRNA	LT934125.1	+	20	PC-12_dRNA	0	dcDNA	PC-12_dRNA	viral_read.count	0			cluster_1
UL12	L	""		PK-15	PK-15_dRNA	LT934125.1	+	68	PK-15_dRNA	0	dcDNA	PK-15_dRNA	viral_read.count	0			cluster_1
UL12	L	0.5h	0.5	PC-12	PC-12_dcDNA_0.5h	LT934125.1	+	13	PC-12_0.5h_1	0	dcDNA	PC-12_0.5h_1	viral_read.count	0	0		cluster_1
UL12	L	0.5h	0.5	PC-12	PC-12_dcDNA_0.5h	LT934125.1	+	13	PC-12_0.5h_2	0	dcDNA	PC-12_0.5h_2	viral_read.count	0	0		cluster_1
UL12	L	0.5h	0.5	PC-12	PC-12_dcDNA_0.5h	LT934125.1	+	2	PC-12_0.5h_3	0	dcDNA	PC-12_0.5h_3	viral_read.count	0	0		cluster_1
UL12	L	1.5h	1.5	PC-12	PC-12_dcDNA_1.5h	LT934125.1	+	138	PC-12_1.5h_1	0.0072463768115942	dcDNA	PC-12_1.5h_1	viral_read.count	0.00460844139333842	0.00400495500252872	0.869047615169404	cluster_1
UL12	L	1.5h	1.5	PC-12	PC-12_dcDNA_1.5h	LT934125.1	+	129	PC-12_1.5h_2	0	dcDNA	PC-12_1.5h_2	viral_read.count	0.00460844139333842	0.00400495500252872	0.869047615169404	cluster_1
UL12	L	1.5h	1.5	PC-12	PC-12_dcDNA_1.5h	LT934125.1	+	152	PC-12_1.5h_3	0.00657894736842105	dcDNA	PC-12_1.5h_3	viral_read.count	0.00460844139333842	0.00400495500252872	0.869047615169404	cluster_1
UL12	L	12h	12	C6	C6_dcDNA_12h	LT934125.1	+	56266	C6_12h_1	0.00168840863043401	dcDNA	C6_12h_1	viral_read.count	0.00268875016345955	0.00109215936719035	0.406195927770801	cluster_1
UL12	L	12h	12	C6	C6_dcDNA_12h	LT934125.1	+	49131	C6_12h_2	0.00252386476969734	dcDNA	C6_12h_2	viral_read.count	0.00268875016345955	0.00109215936719035	0.406195927770801	cluster_1
UL12	L	12h	12	C6	C6_dcDNA_12h	LT934125.1	+	28023	C6_12h_3	0.0038539770902473	dcDNA	C6_12h_3	viral_read.count	0.00268875016345955	0.00109215936719035	0.406195927770801	cluster_1
UL12	L	12h	12	PC-12	PC-12_dcDNA_12h	LT934125.1	+	40118	PC-12_12h_1	0.000448676404606411	dcDNA	PC-12_12h_1	viral_read.count	0.000396627797096489	0.000115371229462516	0.290880342495131	cluster_1
UL12	L	12h	12	PC-12	PC-12_dcDNA_12h	LT934125.1	+	64296	PC-12_12h_2	0.000264402140102028	dcDNA	PC-12_12h_2	viral_read.count	0.000396627797096489	0.000115371229462516	0.290880342495131	cluster_1
UL12	L	12h	12	PC-12	PC-12_dcDNA_12h	LT934125.1	+	35654	PC-12_12h_3	0.000476804846581029	dcDNA	PC-12_12h_3	viral_read.count	0.000396627797096489	0.000115371229462516	0.290880342495131	cluster_1
UL12	L	12h	12	PK-15	PK-15_dcDNA_12h	LT934125.1	+	137055	PK-15_12h_1	0.000138630476815877	dcDNA	PK-15_12h_1	viral_read.count	0.00015546697284831	3.21484598917496e-05	0.206786427385559	cluster_1
UL12	L	12h	12	PK-15	PK-15_dcDNA_12h	LT934125.1	+	155287	PK-15_12h_2	0.000135233470928024	dcDNA	PK-15_12h_2	viral_read.count	0.00015546697284831	3.21484598917496e-05	0.206786427385559	cluster_1
UL12	L	12h	12	PK-15	PK-15_dcDNA_12h	LT934125.1	+	135039	PK-15_12h_3	0.000192536970801028	dcDNA	PK-15_12h_3	viral_read.count	0.00015546697284831	3.21484598917496e-05	0.206786427385559	cluster_1
UL12	L	1h	1	C6	C6_dcDNA_1h	LT934125.1	+	246	C6_1h_1	0.0040650406504065	dcDNA	C6_1h_1	viral_read.count	0.00740076518412243	0.00298093124091652	0.402786896591693	cluster_1
UL12	L	1h	1	C6	C6_dcDNA_1h	LT934125.1	+	240	C6_1h_2	0.00833333333333333	dcDNA	C6_1h_2	viral_read.count	0.00740076518412243	0.00298093124091652	0.402786896591693	cluster_1
UL12	L	1h	1	C6	C6_dcDNA_1h	LT934125.1	+	102	C6_1h_3	0.00980392156862745	dcDNA	C6_1h_3	viral_read.count	0.00740076518412243	0.00298093124091652	0.402786896591693	cluster_1
UL12	L	1h	1	NRK	NRK_dcDNA_1h	LT934125.1	+	25	NRK_1h_1	0	dcDNA	NRK_1h_1	viral_read.count	0	0		cluster_1
UL12	L	1h	1	NRK	NRK_dcDNA_1h	LT934125.1	+	54	NRK_1h_2	0	dcDNA	NRK_1h_2	viral_read.count	0	0		cluster_1
UL12	L	1h	1	NRK	NRK_dcDNA_1h	LT934125.1	+	20	NRK_1h_3	0	dcDNA	NRK_1h_3	viral_read.count	0	0		cluster_1
UL12	L	1h	1	PC-12	PC-12_dcDNA_1h	LT934125.1	+	154	PC-12_1h_1	0	dcDNA	PC-12_1h_1	viral_read.count	0.00780363867338143	0.0068249800565847	0.874589450158042	cluster_1
UL12	L	1h	1	PC-12	PC-12_dcDNA_1h	LT934125.1	+	93	PC-12_1h_2	0.010752688172043	dcDNA	PC-12_1h_2	viral_read.count	0.00780363867338143	0.0068249800565847	0.874589450158042	cluster_1
UL12	L	1h	1	PC-12	PC-12_dcDNA_1h	LT934125.1	+	158	PC-12_1h_3	0.0126582278481013	dcDNA	PC-12_1h_3	viral_read.count	0.00780363867338143	0.0068249800565847	0.874589450158042	cluster_1
UL12	L	1h	1	PK-15	PK-15_dcDNA_1h	LT934125.1	+	129	PK-15_1h_1	0	dcDNA	PK-15_1h_1	viral_read.count	0	0		cluster_1
UL12	L	1h	1	PK-15	PK-15_dcDNA_1h	LT934125.1	+	76	PK-15_1h_2	0	dcDNA	PK-15_1h_2	viral_read.count	0	0		cluster_1
UL12	L	1h	1	PK-15	PK-15_dcDNA_1h	LT934125.1	+	52	PK-15_1h_3	0	dcDNA	PK-15_1h_3	viral_read.count	0	0		cluster_1
UL12	L	2.5h	2.5	PC-12	PC-12_dcDNA_2.5h	LT934125.1	+	478	PC-12_2.5h_1	0	dcDNA	PC-12_2.5h_1	viral_read.count	0	0		cluster_1
UL12	L	2.5h	2.5	PC-12	PC-12_dcDNA_2.5h	LT934125.1	+	231	PC-12_2.5h_2	0	dcDNA	PC-12_2.5h_2	viral_read.count	0	0		cluster_1
UL12	L	2.5h	2.5	PC-12	PC-12_dcDNA_2.5h	LT934125.1	+	545	PC-12_2.5h_3	0	dcDNA	PC-12_2.5h_3	viral_read.count	0	0		cluster_1
UL12	L	2h	2	C6	C6_dcDNA_2h	LT934125.1	+	243	C6_2h_1	0.00823045267489712	dcDNA	C6_2h_1	viral_read.count	0.00625197847420069	0.00279798504743015	0.447535937459841	cluster_1
UL12	L	2h	2	C6	C6_dcDNA_2h	LT934125.1	+	468	C6_2h_2	0.00427350427350427	dcDNA	C6_2h_2	viral_read.count	0.00625197847420069	0.00279798504743015	0.447535937459841	cluster_1
UL12	L	2h	2	NRK	NRK_dcDNA_2h	LT934125.1	+	99	NRK_2h_1	0	dcDNA	NRK_2h_1	viral_read.count	0	0		cluster_1
UL12	L	2h	2	NRK	NRK_dcDNA_2h	LT934125.1	+	71	NRK_2h_2	0	dcDNA	NRK_2h_2	viral_read.count	0	0		cluster_1
UL12	L	2h	2	NRK	NRK_dcDNA_2h	LT934125.1	+	122	NRK_2h_3	0	dcDNA	NRK_2h_3	viral_read.count	0	0		cluster_1
UL12	L	2h	2	PC-12	PC-12_dcDNA_2h	LT934125.1	+	439	PC-12_2h_1	0.00683371298405467	dcDNA	PC-12_2h_1	viral_read.count	0.0037760167395972	0.00266068807307119	0.704628251556695	cluster_1
UL12	L	2h	2	PC-12	PC-12_dcDNA_2h	LT934125.1	+	399	PC-12_2h_2	0.0025062656641604	dcDNA	PC-12_2h_2	viral_read.count	0.0037760167395972	0.00266068807307119	0.704628251556695	cluster_1
UL12	L	2h	2	PC-12	PC-12_dcDNA_2h	LT934125.1	+	503	PC-12_2h_3	0.00198807157057654	dcDNA	PC-12_2h_3	viral_read.count	0.0037760167395972	0.00266068807307119	0.704628251556695	cluster_1
UL12	L	2h	2	PK-15	PK-15_dcDNA_2h	LT934125.1	+	482	PK-15_2h_1	0	dcDNA	PK-15_2h_1	viral_read.count	0.00184786616048386	0.00269342895120559	1.45758876308461	cluster_1
UL12	L	2h	2	PK-15	PK-15_dcDNA_2h	LT934125.1	+	405	PK-15_2h_2	0.00493827160493827	dcDNA	PK-15_2h_2	viral_read.count	0.00184786616048386	0.00269342895120559	1.45758876308461	cluster_1
UL12	L	2h	2	PK-15	PK-15_dcDNA_2h	LT934125.1	+	1652	PK-15_2h_3	0.000605326876513317	dcDNA	PK-15_2h_3	viral_read.count	0.00184786616048386	0.00269342895120559	1.45758876308461	cluster_1
UL12	L	4h	4	C6	C6_dcDNA_4h	LT934125.1	+	680	C6_4h_1	0.00441176470588235	dcDNA	C6_4h_1	viral_read.count	0.00302487295284414	0.00148524584276677	0.491010983244855	cluster_1
UL12	L	4h	4	C6	C6_dcDNA_4h	LT934125.1	+	686	C6_4h_2	0.00145772594752187	dcDNA	C6_4h_2	viral_read.count	0.00302487295284414	0.00148524584276677	0.491010983244855	cluster_1
UL12	L	4h	4	C6	C6_dcDNA_4h	LT934125.1	+	312	C6_4h_3	0.00320512820512821	dcDNA	C6_4h_3	viral_read.count	0.00302487295284414	0.00148524584276677	0.491010983244855	cluster_1
UL12	L	4h	4	PC-12	PC-12_dcDNA_4h	LT934125.1	+	2800	PC-12_4h_1	0.000714285714285714	dcDNA	PC-12_4h_1	viral_read.count	0.000823826242161802	0.000155126113785816	0.188299553773318	cluster_1
UL12	L	4h	4	PC-12	PC-12_dcDNA_4h	LT934125.1	+	2646	PC-12_4h_2	0.000755857898715042	dcDNA	PC-12_4h_2	viral_read.count	0.000823826242161802	0.000155126113785816	0.188299553773318	cluster_1
UL12	L	4h	4	PC-12	PC-12_dcDNA_4h	LT934125.1	+	2996	PC-12_4h_3	0.00100133511348465	dcDNA	PC-12_4h_3	viral_read.count	0.000823826242161802	0.000155126113785816	0.188299553773318	cluster_1
UL12	L	4h	4	PK-15	PK-15_dcDNA_4h	LT934125.1	+	7826	PK-15_4h_1	0.00178890876565295	dcDNA	PK-15_4h_1	viral_read.count	0.00138614171966996	0.000554423251531784	0.39997587812579	cluster_1
UL12	L	4h	4	PK-15	PK-15_dcDNA_4h	LT934125.1	+	8046	PK-15_4h_2	0.00161570966940094	dcDNA	PK-15_4h_2	viral_read.count	0.00138614171966996	0.000554423251531784	0.39997587812579	cluster_1
UL12	L	4h	4	PK-15	PK-15_dcDNA_4h	LT934125.1	+	6633	PK-15_4h_3	0.000753806723955978	dcDNA	PK-15_4h_3	viral_read.count	0.00138614171966996	0.000554423251531784	0.39997587812579	cluster_1
UL12	L	6h	6	C6	C6_dcDNA_6h	LT934125.1	+	2759	C6_6h_1	0.00833635375135919	dcDNA	C6_6h_1	viral_read.count	0.00584150023578916	0.00216255176512336	0.370204857970225	cluster_1
UL12	L	6h	6	C6	C6_dcDNA_6h	LT934125.1	+	4220	C6_6h_2	0.00450236966824645	dcDNA	C6_6h_2	viral_read.count	0.00584150023578916	0.00216255176512336	0.370204857970225	cluster_1
UL12	L	6h	6	C6	C6_dcDNA_6h	LT934125.1	+	3628	C6_6h_3	0.00468577728776185	dcDNA	C6_6h_3	viral_read.count	0.00584150023578916	0.00216255176512336	0.370204857970225	cluster_1
UL12	L	6h	6	PC-12	PC-12_dcDNA_6h	LT934125.1	+	7517	PC-12_6h_1	0.000665158972994546	dcDNA	PC-12_6h_1	viral_read.count	0.00082882416399982	0.000144398426541932	0.174220821271765	cluster_1
UL12	L	6h	6	PC-12	PC-12_dcDNA_6h	LT934125.1	+	13589	PC-12_6h_2	0.000883067186695121	dcDNA	PC-12_6h_2	viral_read.count	0.00082882416399982	0.000144398426541932	0.174220821271765	cluster_1
UL12	L	6h	6	PC-12	PC-12_dcDNA_6h	LT934125.1	+	11724	PC-12_6h_3	0.000938246332309792	dcDNA	PC-12_6h_3	viral_read.count	0.00082882416399982	0.000144398426541932	0.174220821271765	cluster_1
UL12	L	6h	6	PK-15	PK-15_dcDNA_6h	LT934125.1	+	37872	PK-15_6h_1	0.000501689902830587	dcDNA	PK-15_6h_1	viral_read.count	0.00054043980565179	0.000200055936141001	0.370172467033079	cluster_1
UL12	L	6h	6	PK-15	PK-15_dcDNA_6h	LT934125.1	+	30337	PK-15_6h_2	0.000362593532649899	dcDNA	PK-15_6h_2	viral_read.count	0.00054043980565179	0.000200055936141001	0.370172467033079	cluster_1
UL12	L	6h	6	PK-15	PK-15_dcDNA_6h	LT934125.1	+	44912	PK-15_6h_3	0.000757035981474884	dcDNA	PK-15_6h_3	viral_read.count	0.00054043980565179	0.000200055936141001	0.370172467033079	cluster_1
UL12	L	8h	8	C6	C6_dcDNA_8h	LT934125.1	+	10124	C6_8h_1	0.00335835638087712	dcDNA	C6_8h_1	viral_read.count	0.00292954847218846	0.000791194447699322	0.270073854455897	cluster_1
UL12	L	8h	8	C6	C6_dcDNA_8h	LT934125.1	+	10414	C6_8h_2	0.00201651622815441	dcDNA	C6_8h_2	viral_read.count	0.00292954847218846	0.000791194447699322	0.270073854455897	cluster_1
UL12	L	8h	8	C6	C6_dcDNA_8h	LT934125.1	+	8495	C6_8h_3	0.00341377280753384	dcDNA	C6_8h_3	viral_read.count	0.00292954847218846	0.000791194447699322	0.270073854455897	cluster_1
UL12	L	8h	8	PC-12	PC-12_dcDNA_8h	LT934125.1	+	14035	PC-12_8h_1	0.000712504453152832	dcDNA	PC-12_8h_1	viral_read.count	0.000643168829483837	9.8055379348289e-05	0.152456672110465	cluster_1
UL12	L	8h	8	PC-12	PC-12_dcDNA_8h	LT934125.1	+	15684	PC-12_8h_2	0.000573833205814843	dcDNA	PC-12_8h_2	viral_read.count	0.000643168829483837	9.8055379348289e-05	0.152456672110465	cluster_1
UL12	L	8h	8	PK-15	PK-15_dcDNA_8h	LT934125.1	+	69419	PK-15_8h_1	0.000677048070412999	dcDNA	PK-15_8h_1	viral_read.count	0.000544713858302009	0.000119689344098496	0.219728839783137	cluster_1
UL12	L	8h	8	PK-15	PK-15_dcDNA_8h	LT934125.1	+	74319	PK-15_8h_2	0.000444031808824123	dcDNA	PK-15_8h_2	viral_read.count	0.000544713858302009	0.000119689344098496	0.219728839783137	cluster_1
UL12	L	8h	8	PK-15	PK-15_dcDNA_8h	LT934125.1	+	70167	PK-15_8h_3	0.000513061695668904	dcDNA	PK-15_8h_3	viral_read.count	0.000544713858302009	0.000119689344098496	0.219728839783137	cluster_1
UL13	L	""		C6	C6_dRNA	LT934125.1	+	3	C6_dRNA	0	dcDNA	C6_dRNA	viral_read.count	0			cluster_1
UL13	L	""		PC-12	PC-12_dRNA	LT934125.1	+	20	PC-12_dRNA	0	dcDNA	PC-12_dRNA	viral_read.count	0			cluster_1
UL13	L	""		PK-15	PK-15_dRNA	LT934125.1	+	68	PK-15_dRNA	0	dcDNA	PK-15_dRNA	viral_read.count	0			cluster_1
UL13	L	0.5h	0.5	PC-12	PC-12_dcDNA_0.5h	LT934125.1	+	13	PC-12_0.5h_1	0	dcDNA	PC-12_0.5h_1	viral_read.count	0	0		cluster_1
UL13	L	0.5h	0.5	PC-12	PC-12_dcDNA_0.5h	LT934125.1	+	13	PC-12_0.5h_2	0	dcDNA	PC-12_0.5h_2	viral_read.count	0	0		cluster_1
UL13	L	0.5h	0.5	PC-12	PC-12_dcDNA_0.5h	LT934125.1	+	2	PC-12_0.5h_3	0	dcDNA	PC-12_0.5h_3	viral_read.count	0	0		cluster_1
UL13	L	1.5h	1.5	PC-12	PC-12_dcDNA_1.5h	LT934125.1	+	138	PC-12_1.5h_1	0.0072463768115942	dcDNA	PC-12_1.5h_1	viral_read.count	0.00241545893719807	0.00418369760282337	1.73205080756888	cluster_1
UL13	L	1.5h	1.5	PC-12	PC-12_dcDNA_1.5h	LT934125.1	+	129	PC-12_1.5h_2	0	dcDNA	PC-12_1.5h_2	viral_read.count	0.00241545893719807	0.00418369760282337	1.73205080756888	cluster_1
UL13	L	1.5h	1.5	PC-12	PC-12_dcDNA_1.5h	LT934125.1	+	152	PC-12_1.5h_3	0	dcDNA	PC-12_1.5h_3	viral_read.count	0.00241545893719807	0.00418369760282337	1.73205080756888	cluster_1
UL13	L	12h	12	C6	C6_dcDNA_12h	LT934125.1	+	56266	C6_12h_1	0.000177727224256212	dcDNA	C6_12h_1	viral_read.count	0.000302164751698635	0.000265148880194883	0.877497718394797	cluster_1
UL13	L	12h	12	C6	C6_dcDNA_12h	LT934125.1	+	49131	C6_12h_2	0.000122122488856323	dcDNA	C6_12h_2	viral_read.count	0.000302164751698635	0.000265148880194883	0.877497718394797	cluster_1
UL13	L	12h	12	C6	C6_dcDNA_12h	LT934125.1	+	28023	C6_12h_3	0.000606644541983371	dcDNA	C6_12h_3	viral_read.count	0.000302164751698635	0.000265148880194883	0.877497718394797	cluster_1
UL13	L	12h	12	PC-12	PC-12_dcDNA_12h	LT934125.1	+	40118	PC-12_12h_1	7.47794007677352e-05	dcDNA	PC-12_12h_1	viral_read.count	4.98286486262473e-05	2.35266940336528e-05	0.472151958406918	cluster_1
UL13	L	12h	12	PC-12	PC-12_dcDNA_12h	LT934125.1	+	64296	PC-12_12h_2	4.66592011944756e-05	dcDNA	PC-12_12h_2	viral_read.count	4.98286486262473e-05	2.35266940336528e-05	0.472151958406918	cluster_1
UL13	L	12h	12	PC-12	PC-12_dcDNA_12h	LT934125.1	+	35654	PC-12_12h_3	2.80473439165311e-05	dcDNA	PC-12_12h_3	viral_read.count	4.98286486262473e-05	2.35266940336528e-05	0.472151958406918	cluster_1
UL13	L	12h	12	PK-15	PK-15_dcDNA_12h	LT934125.1	+	137055	PK-15_12h_1	7.29634088504615e-06	dcDNA	PK-15_12h_1	viral_read.count	4.57867665895227e-06	3.9883170679046e-06	0.871063271110574	cluster_1
UL13	L	12h	12	PK-15	PK-15_dcDNA_12h	LT934125.1	+	155287	PK-15_12h_2	6.43968909181065e-06	dcDNA	PK-15_12h_2	viral_read.count	4.57867665895227e-06	3.9883170679046e-06	0.871063271110574	cluster_1
UL13	L	12h	12	PK-15	PK-15_dcDNA_12h	LT934125.1	+	135039	PK-15_12h_3	0	dcDNA	PK-15_12h_3	viral_read.count	4.57867665895227e-06	3.9883170679046e-06	0.871063271110574	cluster_1
UL13	L	1h	1	C6	C6_dcDNA_1h	LT934125.1	+	246	C6_1h_1	0	dcDNA	C6_1h_1	viral_read.count	0	0		cluster_1
UL13	L	1h	1	C6	C6_dcDNA_1h	LT934125.1	+	240	C6_1h_2	0	dcDNA	C6_1h_2	viral_read.count	0	0		cluster_1
UL13	L	1h	1	C6	C6_dcDNA_1h	LT934125.1	+	102	C6_1h_3	0	dcDNA	C6_1h_3	viral_read.count	0	0		cluster_1
UL13	L	1h	1	NRK	NRK_dcDNA_1h	LT934125.1	+	25	NRK_1h_1	0	dcDNA	NRK_1h_1	viral_read.count	0	0		cluster_1
UL13	L	1h	1	NRK	NRK_dcDNA_1h	LT934125.1	+	54	NRK_1h_2	0	dcDNA	NRK_1h_2	viral_read.count	0	0		cluster_1
UL13	L	1h	1	NRK	NRK_dcDNA_1h	LT934125.1	+	20	NRK_1h_3	0	dcDNA	NRK_1h_3	viral_read.count	0	0		cluster_1
UL13	L	1h	1	PC-12	PC-12_dcDNA_1h	LT934125.1	+	154	PC-12_1h_1	0	dcDNA	PC-12_1h_1	viral_read.count	0	0		cluster_1
UL13	L	1h	1	PC-12	PC-12_dcDNA_1h	LT934125.1	+	93	PC-12_1h_2	0	dcDNA	PC-12_1h_2	viral_read.count	0	0		cluster_1
UL13	L	1h	1	PC-12	PC-12_dcDNA_1h	LT934125.1	+	158	PC-12_1h_3	0	dcDNA	PC-12_1h_3	viral_read.count	0	0		cluster_1
UL13	L	1h	1	PK-15	PK-15_dcDNA_1h	LT934125.1	+	129	PK-15_1h_1	0	dcDNA	PK-15_1h_1	viral_read.count	0	0		cluster_1
UL13	L	1h	1	PK-15	PK-15_dcDNA_1h	LT934125.1	+	76	PK-15_1h_2	0	dcDNA	PK-15_1h_2	viral_read.count	0	0		cluster_1
UL13	L	1h	1	PK-15	PK-15_dcDNA_1h	LT934125.1	+	52	PK-15_1h_3	0	dcDNA	PK-15_1h_3	viral_read.count	0	0		cluster_1
UL13	L	2.5h	2.5	PC-12	PC-12_dcDNA_2.5h	LT934125.1	+	478	PC-12_2.5h_1	0	dcDNA	PC-12_2.5h_1	viral_read.count	0.00205462223810848	0.00217285305872427	1.05754382407767	cluster_1
UL13	L	2.5h	2.5	PC-12	PC-12_dcDNA_2.5h	LT934125.1	+	231	PC-12_2.5h_2	0.00432900432900433	dcDNA	PC-12_2.5h_2	viral_read.count	0.00205462223810848	0.00217285305872427	1.05754382407767	cluster_1
UL13	L	2.5h	2.5	PC-12	PC-12_dcDNA_2.5h	LT934125.1	+	545	PC-12_2.5h_3	0.0018348623853211	dcDNA	PC-12_2.5h_3	viral_read.count	0.00205462223810848	0.00217285305872427	1.05754382407767	cluster_1
UL13	L	2h	2	C6	C6_dcDNA_2h	LT934125.1	+	243	C6_2h_1	0.00411522633744856	dcDNA	C6_2h_1	viral_read.count	0.00205761316872428	0.00290990444932736	1.4142135623731	cluster_1
UL13	L	2h	2	C6	C6_dcDNA_2h	LT934125.1	+	468	C6_2h_2	0	dcDNA	C6_2h_2	viral_read.count	0.00205761316872428	0.00290990444932736	1.4142135623731	cluster_1
UL13	L	2h	2	NRK	NRK_dcDNA_2h	LT934125.1	+	99	NRK_2h_1	0	dcDNA	NRK_2h_1	viral_read.count	0.00469483568075117	0.00813169393224824	1.73205080756888	cluster_1
UL13	L	2h	2	NRK	NRK_dcDNA_2h	LT934125.1	+	71	NRK_2h_2	0.0140845070422535	dcDNA	NRK_2h_2	viral_read.count	0.00469483568075117	0.00813169393224824	1.73205080756888	cluster_1
UL13	L	2h	2	NRK	NRK_dcDNA_2h	LT934125.1	+	122	NRK_2h_3	0	dcDNA	NRK_2h_3	viral_read.count	0.00469483568075117	0.00813169393224824	1.73205080756888	cluster_1
UL13	L	2h	2	PC-12	PC-12_dcDNA_2h	LT934125.1	+	439	PC-12_2h_1	0.00227790432801822	dcDNA	PC-12_2h_1	viral_read.count	0.00208468248972377	0.00199510139562632	0.957028902703875	cluster_1
UL13	L	2h	2	PC-12	PC-12_dcDNA_2h	LT934125.1	+	399	PC-12_2h_2	0	dcDNA	PC-12_2h_2	viral_read.count	0.00208468248972377	0.00199510139562632	0.957028902703875	cluster_1
UL13	L	2h	2	PC-12	PC-12_dcDNA_2h	LT934125.1	+	503	PC-12_2h_3	0.00397614314115308	dcDNA	PC-12_2h_3	viral_read.count	0.00208468248972377	0.00199510139562632	0.957028902703875	cluster_1
UL13	L	2h	2	PK-15	PK-15_dcDNA_2h	LT934125.1	+	482	PK-15_2h_1	0.0020746887966805	dcDNA	PK-15_2h_1	viral_read.count	0.0025394290927107	0.00220354036994153	0.867730615620135	cluster_1
UL13	L	2h	2	PK-15	PK-15_dcDNA_2h	LT934125.1	+	405	PK-15_2h_2	0.00493827160493827	dcDNA	PK-15_2h_2	viral_read.count	0.0025394290927107	0.00220354036994153	0.867730615620135	cluster_1
UL13	L	2h	2	PK-15	PK-15_dcDNA_2h	LT934125.1	+	1652	PK-15_2h_3	0.000605326876513317	dcDNA	PK-15_2h_3	viral_read.count	0.0025394290927107	0.00220354036994153	0.867730615620135	cluster_1
UL13	L	4h	4	C6	C6_dcDNA_4h	LT934125.1	+	680	C6_4h_1	0	dcDNA	C6_4h_1	viral_read.count	0	0		cluster_1
UL13	L	4h	4	C6	C6_dcDNA_4h	LT934125.1	+	686	C6_4h_2	0	dcDNA	C6_4h_2	viral_read.count	0	0		cluster_1
UL13	L	4h	4	C6	C6_dcDNA_4h	LT934125.1	+	312	C6_4h_3	0	dcDNA	C6_4h_3	viral_read.count	0	0		cluster_1
UL13	L	4h	4	PC-12	PC-12_dcDNA_4h	LT934125.1	+	2800	PC-12_4h_1	0.000357142857142857	dcDNA	PC-12_4h_1	viral_read.count	0.000371000251952633	0.000378119440528605	1.01918917450461	cluster_1
UL13	L	4h	4	PC-12	PC-12_dcDNA_4h	LT934125.1	+	2646	PC-12_4h_2	0.000755857898715042	dcDNA	PC-12_4h_2	viral_read.count	0.000371000251952633	0.000378119440528605	1.01918917450461	cluster_1
UL13	L	4h	4	PC-12	PC-12_dcDNA_4h	LT934125.1	+	2996	PC-12_4h_3	0	dcDNA	PC-12_4h_3	viral_read.count	0.000371000251952633	0.000378119440528605	1.01918917450461	cluster_1
UL13	L	4h	4	PK-15	PK-15_dcDNA_4h	LT934125.1	+	7826	PK-15_4h_1	0.000127779197546639	dcDNA	PK-15_4h_1	viral_read.count	0.000376718879957331	0.000332105524561589	0.881573879703627	cluster_1
UL13	L	4h	4	PK-15	PK-15_dcDNA_4h	LT934125.1	+	8046	PK-15_4h_2	0.000248570718369376	dcDNA	PK-15_4h_2	viral_read.count	0.000376718879957331	0.000332105524561589	0.881573879703627	cluster_1
UL13	L	4h	4	PK-15	PK-15_dcDNA_4h	LT934125.1	+	6633	PK-15_4h_3	0.000753806723955978	dcDNA	PK-15_4h_3	viral_read.count	0.000376718879957331	0.000332105524561589	0.881573879703627	cluster_1
UL13	L	6h	6	C6	C6_dcDNA_6h	LT934125.1	+	2759	C6_6h_1	0.00181225081551287	dcDNA	C6_6h_1	viral_read.count	0.000787839577240049	0.000928998314145197	1.17917192913772	cluster_1
UL13	L	6h	6	C6	C6_dcDNA_6h	LT934125.1	+	4220	C6_6h_2	0	dcDNA	C6_6h_2	viral_read.count	0.000787839577240049	0.000928998314145197	1.17917192913772	cluster_1
UL13	L	6h	6	C6	C6_dcDNA_6h	LT934125.1	+	3628	C6_6h_3	0.000551267916207277	dcDNA	C6_6h_3	viral_read.count	0.000787839577240049	0.000928998314145197	1.17917192913772	cluster_1
UL13	L	6h	6	PC-12	PC-12_dcDNA_6h	LT934125.1	+	7517	PC-12_6h_1	0.000399095383796727	dcDNA	PC-12_6h_1	viral_read.count	0.000316445492017439	7.41164334986755e-05	0.234215482186711	cluster_1
UL13	L	6h	6	PC-12	PC-12_dcDNA_6h	LT934125.1	+	13589	PC-12_6h_2	0.000294355728898374	dcDNA	PC-12_6h_2	viral_read.count	0.000316445492017439	7.41164334986755e-05	0.234215482186711	cluster_1
UL13	L	6h	6	PC-12	PC-12_dcDNA_6h	LT934125.1	+	11724	PC-12_6h_3	0.000255885363357216	dcDNA	PC-12_6h_3	viral_read.count	0.000316445492017439	7.41164334986755e-05	0.234215482186711	cluster_1
UL13	L	6h	6	PK-15	PK-15_dcDNA_6h	LT934125.1	+	37872	PK-15_6h_1	0.000158428390367554	dcDNA	PK-15_6h_1	viral_read.count	0.000178401329943238	5.91224448649062e-05	0.331401368385075	cluster_1
UL13	L	6h	6	PK-15	PK-15_dcDNA_6h	LT934125.1	+	30337	PK-15_6h_2	0.000131852193690873	dcDNA	PK-15_6h_2	viral_read.count	0.000178401329943238	5.91224448649062e-05	0.331401368385075	cluster_1
UL13	L	6h	6	PK-15	PK-15_dcDNA_6h	LT934125.1	+	44912	PK-15_6h_3	0.000244923405771286	dcDNA	PK-15_6h_3	viral_read.count	0.000178401329943238	5.91224448649062e-05	0.331401368385075	cluster_1
UL13	L	8h	8	C6	C6_dcDNA_8h	LT934125.1	+	10124	C6_8h_1	0.000395100750691426	dcDNA	C6_8h_1	viral_read.count	0.000327894089743915	0.000299991003946105	0.914902138615545	cluster_1
UL13	L	8h	8	C6	C6_dcDNA_8h	LT934125.1	+	10414	C6_8h_2	0	dcDNA	C6_8h_2	viral_read.count	0.000327894089743915	0.000299991003946105	0.914902138615545	cluster_1
UL13	L	8h	8	C6	C6_dcDNA_8h	LT934125.1	+	8495	C6_8h_3	0.000588581518540318	dcDNA	C6_8h_3	viral_read.count	0.000327894089743915	0.000299991003946105	0.914902138615545	cluster_1
UL13	L	8h	8	PC-12	PC-12_dcDNA_8h	LT934125.1	+	14035	PC-12_8h_1	7.12504453152832e-05	dcDNA	PC-12_8h_1	viral_read.count	9.93844677481796e-05	3.9787516088711e-05	0.400339378880859	cluster_1
UL13	L	8h	8	PC-12	PC-12_dcDNA_8h	LT934125.1	+	15684	PC-12_8h_2	0.000127518490181076	dcDNA	PC-12_8h_2	viral_read.count	9.93844677481796e-05	3.9787516088711e-05	0.400339378880859	cluster_1
UL13	L	8h	8	PK-15	PK-15_dcDNA_8h	LT934125.1	+	69419	PK-15_8h_1	0.000230484449502298	dcDNA	PK-15_8h_1	viral_read.count	0.000174201532983342	5.47617668165084e-05	0.314358696382683	cluster_1
UL13	L	8h	8	PK-15	PK-15_dcDNA_8h	LT934125.1	+	74319	PK-15_8h_2	0.000121099584224761	dcDNA	PK-15_8h_2	viral_read.count	0.000174201532983342	5.47617668165084e-05	0.314358696382683	cluster_1
UL13	L	8h	8	PK-15	PK-15_dcDNA_8h	LT934125.1	+	70167	PK-15_8h_3	0.000171020565222968	dcDNA	PK-15_8h_3	viral_read.count	0.000174201532983342	5.47617668165084e-05	0.314358696382683	cluster_1
UL14	L	""		C6	C6_dRNA	LT934125.1	+	3	C6_dRNA	0	dcDNA	C6_dRNA	viral_read.count	0			cluster_1
UL14	L	""		PC-12	PC-12_dRNA	LT934125.1	+	20	PC-12_dRNA	0	dcDNA	PC-12_dRNA	viral_read.count	0			cluster_1
UL14	L	""		PK-15	PK-15_dRNA	LT934125.1	+	68	PK-15_dRNA	0	dcDNA	PK-15_dRNA	viral_read.count	0			cluster_1
UL14	L	0.5h	0.5	PC-12	PC-12_dcDNA_0.5h	LT934125.1	+	13	PC-12_0.5h_1	0	dcDNA	PC-12_0.5h_1	viral_read.count	0	0		cluster_1
UL14	L	0.5h	0.5	PC-12	PC-12_dcDNA_0.5h	LT934125.1	+	13	PC-12_0.5h_2	0	dcDNA	PC-12_0.5h_2	viral_read.count	0	0		cluster_1
UL14	L	0.5h	0.5	PC-12	PC-12_dcDNA_0.5h	LT934125.1	+	2	PC-12_0.5h_3	0	dcDNA	PC-12_0.5h_3	viral_read.count	0	0		cluster_1
UL14	L	1.5h	1.5	PC-12	PC-12_dcDNA_1.5h	LT934125.1	+	138	PC-12_1.5h_1	0	dcDNA	PC-12_1.5h_1	viral_read.count	0	0		cluster_1
UL14	L	1.5h	1.5	PC-12	PC-12_dcDNA_1.5h	LT934125.1	+	129	PC-12_1.5h_2	0	dcDNA	PC-12_1.5h_2	viral_read.count	0	0		cluster_1
UL14	L	1.5h	1.5	PC-12	PC-12_dcDNA_1.5h	LT934125.1	+	152	PC-12_1.5h_3	0	dcDNA	PC-12_1.5h_3	viral_read.count	0	0		cluster_1
UL14	L	12h	12	C6	C6_dcDNA_12h	LT934125.1	+	56266	C6_12h_1	0.00136849962677283	dcDNA	C6_12h_1	viral_read.count	0.00175871418037655	0.000733647049583552	0.41714967546715	cluster_1
UL14	L	12h	12	C6	C6_dcDNA_12h	LT934125.1	+	49131	C6_12h_2	0.00130263988113411	dcDNA	C6_12h_2	viral_read.count	0.00175871418037655	0.000733647049583552	0.41714967546715	cluster_1
UL14	L	12h	12	C6	C6_dcDNA_12h	LT934125.1	+	28023	C6_12h_3	0.00260500303322271	dcDNA	C6_12h_3	viral_read.count	0.00175871418037655	0.000733647049583552	0.41714967546715	cluster_1
UL14	L	12h	12	PC-12	PC-12_dcDNA_12h	LT934125.1	+	40118	PC-12_12h_1	0.000498529338451568	dcDNA	PC-12_12h_1	viral_read.count	0.000455826255955191	0.000158883426295727	0.348561374471035	cluster_1
UL14	L	12h	12	PC-12	PC-12_dcDNA_12h	LT934125.1	+	64296	PC-12_12h_2	0.000279955207166853	dcDNA	PC-12_12h_2	viral_read.count	0.000455826255955191	0.000158883426295727	0.348561374471035	cluster_1
UL14	L	12h	12	PC-12	PC-12_dcDNA_12h	LT934125.1	+	35654	PC-12_12h_3	0.000588994222247153	dcDNA	PC-12_12h_3	viral_read.count	0.000455826255955191	0.000158883426295727	0.348561374471035	cluster_1
UL14	L	12h	12	PK-15	PK-15_dcDNA_12h	LT934125.1	+	137055	PK-15_12h_1	0.000233482908321477	dcDNA	PK-15_12h_1	viral_read.count	0.000201788531559094	2.74600738615399e-05	0.136083421834596	cluster_1
UL14	L	12h	12	PK-15	PK-15_dcDNA_12h	LT934125.1	+	155287	PK-15_12h_2	0.000186750983662509	dcDNA	PK-15_12h_2	viral_read.count	0.000201788531559094	2.74600738615399e-05	0.136083421834596	cluster_1
UL14	L	12h	12	PK-15	PK-15_dcDNA_12h	LT934125.1	+	135039	PK-15_12h_3	0.000185131702693296	dcDNA	PK-15_12h_3	viral_read.count	0.000201788531559094	2.74600738615399e-05	0.136083421834596	cluster_1
UL14	L	1h	1	C6	C6_dcDNA_1h	LT934125.1	+	246	C6_1h_1	0.0040650406504065	dcDNA	C6_1h_1	viral_read.count	0.00740076518412243	0.00298093124091652	0.402786896591693	cluster_1
UL14	L	1h	1	C6	C6_dcDNA_1h	LT934125.1	+	240	C6_1h_2	0.00833333333333333	dcDNA	C6_1h_2	viral_read.count	0.00740076518412243	0.00298093124091652	0.402786896591693	cluster_1
UL14	L	1h	1	C6	C6_dcDNA_1h	LT934125.1	+	102	C6_1h_3	0.00980392156862745	dcDNA	C6_1h_3	viral_read.count	0.00740076518412243	0.00298093124091652	0.402786896591693	cluster_1
UL14	L	1h	1	NRK	NRK_dcDNA_1h	LT934125.1	+	25	NRK_1h_1	0	dcDNA	NRK_1h_1	viral_read.count	0	0		cluster_1
UL14	L	1h	1	NRK	NRK_dcDNA_1h	LT934125.1	+	54	NRK_1h_2	0	dcDNA	NRK_1h_2	viral_read.count	0	0		cluster_1
UL14	L	1h	1	NRK	NRK_dcDNA_1h	LT934125.1	+	20	NRK_1h_3	0	dcDNA	NRK_1h_3	viral_read.count	0	0		cluster_1
UL14	L	1h	1	PC-12	PC-12_dcDNA_1h	LT934125.1	+	154	PC-12_1h_1	0	dcDNA	PC-12_1h_1	viral_read.count	0	0		cluster_1
UL14	L	1h	1	PC-12	PC-12_dcDNA_1h	LT934125.1	+	93	PC-12_1h_2	0	dcDNA	PC-12_1h_2	viral_read.count	0	0		cluster_1
UL14	L	1h	1	PC-12	PC-12_dcDNA_1h	LT934125.1	+	158	PC-12_1h_3	0	dcDNA	PC-12_1h_3	viral_read.count	0	0		cluster_1
UL14	L	1h	1	PK-15	PK-15_dcDNA_1h	LT934125.1	+	129	PK-15_1h_1	0	dcDNA	PK-15_1h_1	viral_read.count	0	0		cluster_1
UL14	L	1h	1	PK-15	PK-15_dcDNA_1h	LT934125.1	+	76	PK-15_1h_2	0	dcDNA	PK-15_1h_2	viral_read.count	0	0		cluster_1
UL14	L	1h	1	PK-15	PK-15_dcDNA_1h	LT934125.1	+	52	PK-15_1h_3	0	dcDNA	PK-15_1h_3	viral_read.count	0	0		cluster_1
UL14	L	2.5h	2.5	PC-12	PC-12_dcDNA_2.5h	LT934125.1	+	478	PC-12_2.5h_1	0	dcDNA	PC-12_2.5h_1	viral_read.count	0	0		cluster_1
UL14	L	2.5h	2.5	PC-12	PC-12_dcDNA_2.5h	LT934125.1	+	231	PC-12_2.5h_2	0	dcDNA	PC-12_2.5h_2	viral_read.count	0	0		cluster_1
UL14	L	2.5h	2.5	PC-12	PC-12_dcDNA_2.5h	LT934125.1	+	545	PC-12_2.5h_3	0	dcDNA	PC-12_2.5h_3	viral_read.count	0	0		cluster_1
UL14	L	2h	2	C6	C6_dcDNA_2h	LT934125.1	+	243	C6_2h_1	0	dcDNA	C6_2h_1	viral_read.count	0	0		cluster_1
UL14	L	2h	2	C6	C6_dcDNA_2h	LT934125.1	+	468	C6_2h_2	0	dcDNA	C6_2h_2	viral_read.count	0	0		cluster_1
UL14	L	2h	2	NRK	NRK_dcDNA_2h	LT934125.1	+	99	NRK_2h_1	0	dcDNA	NRK_2h_1	viral_read.count	0	0		cluster_1
UL14	L	2h	2	NRK	NRK_dcDNA_2h	LT934125.1	+	71	NRK_2h_2	0	dcDNA	NRK_2h_2	viral_read.count	0	0		cluster_1
UL14	L	2h	2	NRK	NRK_dcDNA_2h	LT934125.1	+	122	NRK_2h_3	0	dcDNA	NRK_2h_3	viral_read.count	0	0		cluster_1
UL14	L	2h	2	PC-12	PC-12_dcDNA_2h	LT934125.1	+	439	PC-12_2h_1	0	dcDNA	PC-12_2h_1	viral_read.count	0.00365891534668347	0.00320424272663776	0.875735682035432	cluster_1
UL14	L	2h	2	PC-12	PC-12_dcDNA_2h	LT934125.1	+	399	PC-12_2h_2	0.0050125313283208	dcDNA	PC-12_2h_2	viral_read.count	0.00365891534668347	0.00320424272663776	0.875735682035432	cluster_1
UL14	L	2h	2	PC-12	PC-12_dcDNA_2h	LT934125.1	+	503	PC-12_2h_3	0.00596421471172962	dcDNA	PC-12_2h_3	viral_read.count	0.00365891534668347	0.00320424272663776	0.875735682035432	cluster_1
UL14	L	2h	2	PK-15	PK-15_dcDNA_2h	LT934125.1	+	482	PK-15_2h_1	0.004149377593361	dcDNA	PK-15_2h_1	viral_read.count	0.00138312586445367	0.00239564427049638	1.73205080756888	cluster_1
UL14	L	2h	2	PK-15	PK-15_dcDNA_2h	LT934125.1	+	405	PK-15_2h_2	0	dcDNA	PK-15_2h_2	viral_read.count	0.00138312586445367	0.00239564427049638	1.73205080756888	cluster_1
UL14	L	2h	2	PK-15	PK-15_dcDNA_2h	LT934125.1	+	1652	PK-15_2h_3	0	dcDNA	PK-15_2h_3	viral_read.count	0.00138312586445367	0.00239564427049638	1.73205080756888	cluster_1
UL14	L	4h	4	C6	C6_dcDNA_4h	LT934125.1	+	680	C6_4h_1	0	dcDNA	C6_4h_1	viral_read.count	0	0		cluster_1
UL14	L	4h	4	C6	C6_dcDNA_4h	LT934125.1	+	686	C6_4h_2	0	dcDNA	C6_4h_2	viral_read.count	0	0		cluster_1
UL14	L	4h	4	C6	C6_dcDNA_4h	LT934125.1	+	312	C6_4h_3	0	dcDNA	C6_4h_3	viral_read.count	0	0		cluster_1
UL14	L	4h	4	PC-12	PC-12_dcDNA_4h	LT934125.1	+	2800	PC-12_4h_1	0.00107142857142857	dcDNA	PC-12_4h_1	viral_read.count	0.00103941645886461	0.000646076534143367	0.621576201370813	cluster_1
UL14	L	4h	4	PC-12	PC-12_dcDNA_4h	LT934125.1	+	2646	PC-12_4h_2	0.000377928949357521	dcDNA	PC-12_4h_2	viral_read.count	0.00103941645886461	0.000646076534143367	0.621576201370813	cluster_1
UL14	L	4h	4	PC-12	PC-12_dcDNA_4h	LT934125.1	+	2996	PC-12_4h_3	0.00166889185580774	dcDNA	PC-12_4h_3	viral_read.count	0.00103941645886461	0.000646076534143367	0.621576201370813	cluster_1
UL14	L	4h	4	PK-15	PK-15_dcDNA_4h	LT934125.1	+	7826	PK-15_4h_1	0.00140557117301303	dcDNA	PK-15_4h_1	viral_read.count	0.0010512202568155	0.000329591601045437	0.313532391436101	cluster_1
UL14	L	4h	4	PK-15	PK-15_dcDNA_4h	LT934125.1	+	8046	PK-15_4h_2	0.000994282873477504	dcDNA	PK-15_4h_2	viral_read.count	0.0010512202568155	0.000329591601045437	0.313532391436101	cluster_1
UL14	L	4h	4	PK-15	PK-15_dcDNA_4h	LT934125.1	+	6633	PK-15_4h_3	0.000753806723955978	dcDNA	PK-15_4h_3	viral_read.count	0.0010512202568155	0.000329591601045437	0.313532391436101	cluster_1
UL14	L	6h	6	C6	C6_dcDNA_6h	LT934125.1	+	2759	C6_6h_1	0.00217470097861544	dcDNA	C6_6h_1	viral_read.count	0.0021562809692988	0.00143625908210688	0.666081601867469	cluster_1
UL14	L	6h	6	C6	C6_dcDNA_6h	LT934125.1	+	4220	C6_6h_2	0.000710900473933649	dcDNA	C6_6h_2	viral_read.count	0.0021562809692988	0.00143625908210688	0.666081601867469	cluster_1
UL14	L	6h	6	C6	C6_dcDNA_6h	LT934125.1	+	3628	C6_6h_3	0.0035832414553473	dcDNA	C6_6h_3	viral_read.count	0.0021562809692988	0.00143625908210688	0.666081601867469	cluster_1
UL14	L	6h	6	PC-12	PC-12_dcDNA_6h	LT934125.1	+	7517	PC-12_6h_1	0.00106425435679127	dcDNA	PC-12_6h_1	viral_read.count	0.000933424251559037	0.000114298426592203	0.122450671708281	cluster_1
UL14	L	6h	6	PC-12	PC-12_dcDNA_6h	LT934125.1	+	13589	PC-12_6h_2	0.000883067186695121	dcDNA	PC-12_6h_2	viral_read.count	0.000933424251559037	0.000114298426592203	0.122450671708281	cluster_1
UL14	L	6h	6	PC-12	PC-12_dcDNA_6h	LT934125.1	+	11724	PC-12_6h_3	0.00085295121119072	dcDNA	PC-12_6h_3	viral_read.count	0.000933424251559037	0.000114298426592203	0.122450671708281	cluster_1
UL14	L	6h	6	PK-15	PK-15_dcDNA_6h	LT934125.1	+	37872	PK-15_6h_1	0.000871356147021546	dcDNA	PK-15_6h_1	viral_read.count	0.000910118264419463	7.98582319005054e-05	0.0877448953861448	cluster_1
UL14	L	6h	6	PK-15	PK-15_dcDNA_6h	LT934125.1	+	30337	PK-15_6h_2	0.000857039258990672	dcDNA	PK-15_6h_2	viral_read.count	0.000910118264419463	7.98582319005054e-05	0.0877448953861448	cluster_1
UL14	L	6h	6	PK-15	PK-15_dcDNA_6h	LT934125.1	+	44912	PK-15_6h_3	0.00100195938724617	dcDNA	PK-15_6h_3	viral_read.count	0.000910118264419463	7.98582319005054e-05	0.0877448953861448	cluster_1
UL14	L	8h	8	C6	C6_dcDNA_8h	LT934125.1	+	10124	C6_8h_1	0.00217305412880284	dcDNA	C6_8h_1	viral_read.count	0.00143682099627138	0.000646755509080872	0.450129494738198	cluster_1
UL14	L	8h	8	C6	C6_dcDNA_8h	LT934125.1	+	10414	C6_8h_2	0.00096024582293067	dcDNA	C6_8h_2	viral_read.count	0.00143682099627138	0.000646755509080872	0.450129494738198	cluster_1
UL14	L	8h	8	C6	C6_dcDNA_8h	LT934125.1	+	8495	C6_8h_3	0.00117716303708064	dcDNA	C6_8h_3	viral_read.count	0.00143682099627138	0.000646755509080872	0.450129494738198	cluster_1
UL14	L	8h	8	PC-12	PC-12_dcDNA_8h	LT934125.1	+	14035	PC-12_8h_1	0.00021375133594585	dcDNA	PC-12_8h_1	viral_read.count	0.000457551515970885	0.000344785521100406	0.753544702761614	cluster_1
UL14	L	8h	8	PC-12	PC-12_dcDNA_8h	LT934125.1	+	15684	PC-12_8h_2	0.000701351695995919	dcDNA	PC-12_8h_2	viral_read.count	0.000457551515970885	0.000344785521100406	0.753544702761614	cluster_1
UL14	L	8h	8	PK-15	PK-15_dcDNA_8h	LT934125.1	+	69419	PK-15_8h_1	0.00103718002276034	dcDNA	PK-15_8h_1	viral_read.count	0.000729142628243768	0.000267796729325365	0.367276193918859	cluster_1
UL14	L	8h	8	PK-15	PK-15_dcDNA_8h	LT934125.1	+	74319	PK-15_8h_2	0.000551675883690577	dcDNA	PK-15_8h_2	viral_read.count	0.000729142628243768	0.000267796729325365	0.367276193918859	cluster_1
UL14	L	8h	8	PK-15	PK-15_dcDNA_8h	LT934125.1	+	70167	PK-15_8h_3	0.000598571978280388	dcDNA	PK-15_8h_3	viral_read.count	0.000729142628243768	0.000267796729325365	0.367276193918859	cluster_1
UL15	L	""		C6	C6_dRNA	LT934125.1	-	3	C6_dRNA	0	dcDNA	C6_dRNA	viral_read.count	0			cluster_1
UL15	L	""		PC-12	PC-12_dRNA	LT934125.1	-	20	PC-12_dRNA	0	dcDNA	PC-12_dRNA	viral_read.count	0			cluster_1
UL15	L	""		PK-15	PK-15_dRNA	LT934125.1	-	68	PK-15_dRNA	0	dcDNA	PK-15_dRNA	viral_read.count	0			cluster_1
UL15	L	0.5h	0.5	PC-12	PC-12_dcDNA_0.5h	LT934125.1	-	13	PC-12_0.5h_1	0	dcDNA	PC-12_0.5h_1	viral_read.count	0	0		cluster_1
UL15	L	0.5h	0.5	PC-12	PC-12_dcDNA_0.5h	LT934125.1	-	13	PC-12_0.5h_2	0	dcDNA	PC-12_0.5h_2	viral_read.count	0	0		cluster_1
UL15	L	0.5h	0.5	PC-12	PC-12_dcDNA_0.5h	LT934125.1	-	2	PC-12_0.5h_3	0	dcDNA	PC-12_0.5h_3	viral_read.count	0	0		cluster_1
UL15	L	1.5h	1.5	PC-12	PC-12_dcDNA_1.5h	LT934125.1	-	138	PC-12_1.5h_1	0.0072463768115942	dcDNA	PC-12_1.5h_1	viral_read.count	0.00241545893719807	0.00418369760282337	1.73205080756888	cluster_1
UL15	L	1.5h	1.5	PC-12	PC-12_dcDNA_1.5h	LT934125.1	-	129	PC-12_1.5h_2	0	dcDNA	PC-12_1.5h_2	viral_read.count	0.00241545893719807	0.00418369760282337	1.73205080756888	cluster_1
UL15	L	1.5h	1.5	PC-12	PC-12_dcDNA_1.5h	LT934125.1	-	152	PC-12_1.5h_3	0	dcDNA	PC-12_1.5h_3	viral_read.count	0.00241545893719807	0.00418369760282337	1.73205080756888	cluster_1
UL15	L	12h	12	C6	C6_dcDNA_12h	LT934125.1	-	56266	C6_12h_1	0.000426545338214908	dcDNA	C6_12h_1	viral_read.count	0.00044783954185556	0.000113974739507173	0.254499053466638	cluster_1
UL15	L	12h	12	C6	C6_dcDNA_12h	LT934125.1	-	49131	C6_12h_2	0.000346013718426248	dcDNA	C6_12h_2	viral_read.count	0.00044783954185556	0.000113974739507173	0.254499053466638	cluster_1
UL15	L	12h	12	C6	C6_dcDNA_12h	LT934125.1	-	28023	C6_12h_3	0.000570959568925525	dcDNA	C6_12h_3	viral_read.count	0.00044783954185556	0.000113974739507173	0.254499053466638	cluster_1
UL15	L	12h	12	PC-12	PC-12_dcDNA_12h	LT934125.1	-	40118	PC-12_12h_1	0.000224338202303206	dcDNA	PC-12_12h_1	viral_read.count	0.000195211922335254	7.60804691452711e-05	0.38973269785547	cluster_1
UL15	L	12h	12	PC-12	PC-12_dcDNA_12h	LT934125.1	-	64296	PC-12_12h_2	0.000108871469453776	dcDNA	PC-12_12h_2	viral_read.count	0.000195211922335254	7.60804691452711e-05	0.38973269785547	cluster_1
UL15	L	12h	12	PC-12	PC-12_dcDNA_12h	LT934125.1	-	35654	PC-12_12h_3	0.00025242609524878	dcDNA	PC-12_12h_3	viral_read.count	0.000195211922335254	7.60804691452711e-05	0.38973269785547	cluster_1
UL15	L	12h	12	PK-15	PK-15_dcDNA_12h	LT934125.1	-	137055	PK-15_12h_1	9.48524315056e-05	dcDNA	PK-15_12h_1	viral_read.count	9.42961194012226e-05	3.47791555938516e-05	0.368829129074432	cluster_1
UL15	L	12h	12	PK-15	PK-15_dcDNA_12h	LT934125.1	-	155287	PK-15_12h_2	0.000128793781836213	dcDNA	PK-15_12h_2	viral_read.count	9.42961194012226e-05	3.47791555938516e-05	0.368829129074432	cluster_1
UL15	L	12h	12	PK-15	PK-15_dcDNA_12h	LT934125.1	-	135039	PK-15_12h_3	5.92421448618547e-05	dcDNA	PK-15_12h_3	viral_read.count	9.42961194012226e-05	3.47791555938516e-05	0.368829129074432	cluster_1
UL15	L	1h	1	C6	C6_dcDNA_1h	LT934125.1	-	246	C6_1h_1	0	dcDNA	C6_1h_1	viral_read.count	0	0		cluster_1
UL15	L	1h	1	C6	C6_dcDNA_1h	LT934125.1	-	240	C6_1h_2	0	dcDNA	C6_1h_2	viral_read.count	0	0		cluster_1
UL15	L	1h	1	C6	C6_dcDNA_1h	LT934125.1	-	102	C6_1h_3	0	dcDNA	C6_1h_3	viral_read.count	0	0		cluster_1
UL15	L	1h	1	NRK	NRK_dcDNA_1h	LT934125.1	-	25	NRK_1h_1	0	dcDNA	NRK_1h_1	viral_read.count	0	0		cluster_1
UL15	L	1h	1	NRK	NRK_dcDNA_1h	LT934125.1	-	54	NRK_1h_2	0	dcDNA	NRK_1h_2	viral_read.count	0	0		cluster_1
UL15	L	1h	1	NRK	NRK_dcDNA_1h	LT934125.1	-	20	NRK_1h_3	0	dcDNA	NRK_1h_3	viral_read.count	0	0		cluster_1
UL15	L	1h	1	PC-12	PC-12_dcDNA_1h	LT934125.1	-	154	PC-12_1h_1	0	dcDNA	PC-12_1h_1	viral_read.count	0	0		cluster_1
UL15	L	1h	1	PC-12	PC-12_dcDNA_1h	LT934125.1	-	93	PC-12_1h_2	0	dcDNA	PC-12_1h_2	viral_read.count	0	0		cluster_1
UL15	L	1h	1	PC-12	PC-12_dcDNA_1h	LT934125.1	-	158	PC-12_1h_3	0	dcDNA	PC-12_1h_3	viral_read.count	0	0		cluster_1
UL15	L	1h	1	PK-15	PK-15_dcDNA_1h	LT934125.1	-	129	PK-15_1h_1	0	dcDNA	PK-15_1h_1	viral_read.count	0	0		cluster_1
UL15	L	1h	1	PK-15	PK-15_dcDNA_1h	LT934125.1	-	76	PK-15_1h_2	0	dcDNA	PK-15_1h_2	viral_read.count	0	0		cluster_1
UL15	L	1h	1	PK-15	PK-15_dcDNA_1h	LT934125.1	-	52	PK-15_1h_3	0	dcDNA	PK-15_1h_3	viral_read.count	0	0		cluster_1
UL15	L	2.5h	2.5	PC-12	PC-12_dcDNA_2.5h	LT934125.1	-	478	PC-12_2.5h_1	0	dcDNA	PC-12_2.5h_1	viral_read.count	0	0		cluster_1
UL15	L	2.5h	2.5	PC-12	PC-12_dcDNA_2.5h	LT934125.1	-	231	PC-12_2.5h_2	0	dcDNA	PC-12_2.5h_2	viral_read.count	0	0		cluster_1
UL15	L	2.5h	2.5	PC-12	PC-12_dcDNA_2.5h	LT934125.1	-	545	PC-12_2.5h_3	0	dcDNA	PC-12_2.5h_3	viral_read.count	0	0		cluster_1
UL15	L	2h	2	C6	C6_dcDNA_2h	LT934125.1	-	243	C6_2h_1	0	dcDNA	C6_2h_1	viral_read.count	0	0		cluster_1
UL15	L	2h	2	C6	C6_dcDNA_2h	LT934125.1	-	468	C6_2h_2	0	dcDNA	C6_2h_2	viral_read.count	0	0		cluster_1
UL15	L	2h	2	NRK	NRK_dcDNA_2h	LT934125.1	-	99	NRK_2h_1	0	dcDNA	NRK_2h_1	viral_read.count	0	0		cluster_1
UL15	L	2h	2	NRK	NRK_dcDNA_2h	LT934125.1	-	71	NRK_2h_2	0	dcDNA	NRK_2h_2	viral_read.count	0	0		cluster_1
UL15	L	2h	2	NRK	NRK_dcDNA_2h	LT934125.1	-	122	NRK_2h_3	0	dcDNA	NRK_2h_3	viral_read.count	0	0		cluster_1
UL15	L	2h	2	PC-12	PC-12_dcDNA_2h	LT934125.1	-	439	PC-12_2h_1	0	dcDNA	PC-12_2h_1	viral_read.count	0	0		cluster_1
UL15	L	2h	2	PC-12	PC-12_dcDNA_2h	LT934125.1	-	399	PC-12_2h_2	0	dcDNA	PC-12_2h_2	viral_read.count	0	0		cluster_1
UL15	L	2h	2	PC-12	PC-12_dcDNA_2h	LT934125.1	-	503	PC-12_2h_3	0	dcDNA	PC-12_2h_3	viral_read.count	0	0		cluster_1
UL15	L	2h	2	PK-15	PK-15_dcDNA_2h	LT934125.1	-	482	PK-15_2h_1	0.0020746887966805	dcDNA	PK-15_2h_1	viral_read.count	0.000691562932226833	0.00119782213524819	1.73205080756888	cluster_1
UL15	L	2h	2	PK-15	PK-15_dcDNA_2h	LT934125.1	-	405	PK-15_2h_2	0	dcDNA	PK-15_2h_2	viral_read.count	0.000691562932226833	0.00119782213524819	1.73205080756888	cluster_1
UL15	L	2h	2	PK-15	PK-15_dcDNA_2h	LT934125.1	-	1652	PK-15_2h_3	0	dcDNA	PK-15_2h_3	viral_read.count	0.000691562932226833	0.00119782213524819	1.73205080756888	cluster_1
UL15	L	4h	4	C6	C6_dcDNA_4h	LT934125.1	-	680	C6_4h_1	0	dcDNA	C6_4h_1	viral_read.count	0	0		cluster_1
UL15	L	4h	4	C6	C6_dcDNA_4h	LT934125.1	-	686	C6_4h_2	0	dcDNA	C6_4h_2	viral_read.count	0	0		cluster_1
UL15	L	4h	4	C6	C6_dcDNA_4h	LT934125.1	-	312	C6_4h_3	0	dcDNA	C6_4h_3	viral_read.count	0	0		cluster_1
UL15	L	4h	4	PC-12	PC-12_dcDNA_4h	LT934125.1	-	2800	PC-12_4h_1	0	dcDNA	PC-12_4h_1	viral_read.count	0.000571014144667907	0.000688181243356042	1.20519123699865	cluster_1
UL15	L	4h	4	PC-12	PC-12_dcDNA_4h	LT934125.1	-	2646	PC-12_4h_2	0.000377928949357521	dcDNA	PC-12_4h_2	viral_read.count	0.000571014144667907	0.000688181243356042	1.20519123699865	cluster_1
UL15	L	4h	4	PC-12	PC-12_dcDNA_4h	LT934125.1	-	2996	PC-12_4h_3	0.0013351134846462	dcDNA	PC-12_4h_3	viral_read.count	0.000571014144667907	0.000688181243356042	1.20519123699865	cluster_1
UL15	L	4h	4	PK-15	PK-15_dcDNA_4h	LT934125.1	-	7826	PK-15_4h_1	0.000511116790186558	dcDNA	PK-15_4h_1	viral_read.count	0.00040399051430984	0.000137774482458723	0.341033953963227	cluster_1
UL15	L	4h	4	PK-15	PK-15_dcDNA_4h	LT934125.1	-	8046	PK-15_4h_2	0.000248570718369376	dcDNA	PK-15_4h_2	viral_read.count	0.00040399051430984	0.000137774482458723	0.341033953963227	cluster_1
UL15	L	4h	4	PK-15	PK-15_dcDNA_4h	LT934125.1	-	6633	PK-15_4h_3	0.000452284034373587	dcDNA	PK-15_4h_3	viral_read.count	0.00040399051430984	0.000137774482458723	0.341033953963227	cluster_1
UL15	L	6h	6	C6	C6_dcDNA_6h	LT934125.1	-	2759	C6_6h_1	0.000362450163102573	dcDNA	C6_6h_1	viral_read.count	0.000199805662582374	0.000184060436155163	0.921197296294244	cluster_1
UL15	L	6h	6	C6	C6_dcDNA_6h	LT934125.1	-	4220	C6_6h_2	0.00023696682464455	dcDNA	C6_6h_2	viral_read.count	0.000199805662582374	0.000184060436155163	0.921197296294244	cluster_1
UL15	L	6h	6	C6	C6_dcDNA_6h	LT934125.1	-	3628	C6_6h_3	0	dcDNA	C6_6h_3	viral_read.count	0.000199805662582374	0.000184060436155163	0.921197296294244	cluster_1
UL15	L	6h	6	PC-12	PC-12_dcDNA_6h	LT934125.1	-	7517	PC-12_6h_1	0.000665158972994546	dcDNA	PC-12_6h_1	viral_read.count	0.000465898832127586	0.000225719460012904	0.484481703854305	cluster_1
UL15	L	6h	6	PC-12	PC-12_dcDNA_6h	LT934125.1	-	13589	PC-12_6h_2	0.00022076679667378	dcDNA	PC-12_6h_2	viral_read.count	0.000465898832127586	0.000225719460012904	0.484481703854305	cluster_1
UL15	L	6h	6	PC-12	PC-12_dcDNA_6h	LT934125.1	-	11724	PC-12_6h_3	0.000511770726714432	dcDNA	PC-12_6h_3	viral_read.count	0.000465898832127586	0.000225719460012904	0.484481703854305	cluster_1
UL15	L	6h	6	PK-15	PK-15_dcDNA_6h	LT934125.1	-	37872	PK-15_6h_1	0.000211237853823405	dcDNA	PK-15_6h_1	viral_read.count	0.000213833291531341	8.15674009197609e-05	0.381453235535149	cluster_1
UL15	L	6h	6	PK-15	PK-15_dcDNA_6h	LT934125.1	-	30337	PK-15_6h_2	0.000296667435804463	dcDNA	PK-15_6h_2	viral_read.count	0.000213833291531341	8.15674009197609e-05	0.381453235535149	cluster_1
UL15	L	6h	6	PK-15	PK-15_dcDNA_6h	LT934125.1	-	44912	PK-15_6h_3	0.000133594584966156	dcDNA	PK-15_6h_3	viral_read.count	0.000213833291531341	8.15674009197609e-05	0.381453235535149	cluster_1
UL15	L	8h	8	C6	C6_dcDNA_8h	LT934125.1	-	10124	C6_8h_1	0.00029632556301857	dcDNA	C6_8h_1	viral_read.count	0.00029805492606399	0.000181209493015516	0.607973488002717	cluster_1
UL15	L	8h	8	C6	C6_dcDNA_8h	LT934125.1	-	10414	C6_8h_2	0.000480122911465335	dcDNA	C6_8h_2	viral_read.count	0.00029805492606399	0.000181209493015516	0.607973488002717	cluster_1
UL15	L	8h	8	C6	C6_dcDNA_8h	LT934125.1	-	8495	C6_8h_3	0.000117716303708064	dcDNA	C6_8h_3	viral_read.count	0.00029805492606399	0.000181209493015516	0.607973488002717	cluster_1
UL15	L	8h	8	PC-12	PC-12_dcDNA_8h	LT934125.1	-	14035	PC-12_8h_1	0.00021375133594585	dcDNA	PC-12_8h_1	viral_read.count	0.000330033025789809	0.000164447142832988	0.498274808829953	cluster_1
UL15	L	8h	8	PC-12	PC-12_dcDNA_8h	LT934125.1	-	15684	PC-12_8h_2	0.000446314715633767	dcDNA	PC-12_8h_2	viral_read.count	0.000330033025789809	0.000164447142832988	0.498274808829953	cluster_1
UL15	L	8h	8	PK-15	PK-15_dcDNA_8h	LT934125.1	-	69419	PK-15_8h_1	0.000590616401849638	dcDNA	PK-15_8h_1	viral_read.count	0.000409028776452592	0.000157329633357649	0.384641967545978	cluster_1
UL15	L	8h	8	PK-15	PK-15_dcDNA_8h	LT934125.1	-	74319	PK-15_8h_2	0.000322932224599362	dcDNA	PK-15_8h_2	viral_read.count	0.000409028776452592	0.000157329633357649	0.384641967545978	cluster_1
UL15	L	8h	8	PK-15	PK-15_dcDNA_8h	LT934125.1	-	70167	PK-15_8h_3	0.000313537702908775	dcDNA	PK-15_8h_3	viral_read.count	0.000409028776452592	0.000157329633357649	0.384641967545978	cluster_1
UL16	L	""		C6	C6_dRNA	LT934125.1	+	3	C6_dRNA	0	dcDNA	C6_dRNA	viral_read.count	0			cluster_5
UL16	L	""		PC-12	PC-12_dRNA	LT934125.1	+	20	PC-12_dRNA	0	dcDNA	PC-12_dRNA	viral_read.count	0			cluster_5
UL16	L	""		PK-15	PK-15_dRNA	LT934125.1	+	68	PK-15_dRNA	0	dcDNA	PK-15_dRNA	viral_read.count	0			cluster_5
UL16	L	0.5h	0.5	PC-12	PC-12_dcDNA_0.5h	LT934125.1	+	13	PC-12_0.5h_1	0	dcDNA	PC-12_0.5h_1	viral_read.count	0	0		cluster_5
UL16	L	0.5h	0.5	PC-12	PC-12_dcDNA_0.5h	LT934125.1	+	13	PC-12_0.5h_2	0	dcDNA	PC-12_0.5h_2	viral_read.count	0	0		cluster_5
UL16	L	0.5h	0.5	PC-12	PC-12_dcDNA_0.5h	LT934125.1	+	2	PC-12_0.5h_3	0	dcDNA	PC-12_0.5h_3	viral_read.count	0	0		cluster_5
UL16	L	1.5h	1.5	PC-12	PC-12_dcDNA_1.5h	LT934125.1	+	138	PC-12_1.5h_1	0.0144927536231884	dcDNA	PC-12_1.5h_1	viral_read.count	0.0147758383150326	0.00834203647085659	0.564572804127775	cluster_5
UL16	L	1.5h	1.5	PC-12	PC-12_dcDNA_1.5h	LT934125.1	+	129	PC-12_1.5h_2	0.0232558139534884	dcDNA	PC-12_1.5h_2	viral_read.count	0.0147758383150326	0.00834203647085659	0.564572804127775	cluster_5
UL16	L	1.5h	1.5	PC-12	PC-12_dcDNA_1.5h	LT934125.1	+	152	PC-12_1.5h_3	0.00657894736842105	dcDNA	PC-12_1.5h_3	viral_read.count	0.0147758383150326	0.00834203647085659	0.564572804127775	cluster_5
UL16	L	12h	12	C6	C6_dcDNA_12h	LT934125.1	+	56266	C6_12h_1	0.0165819500231045	dcDNA	C6_12h_1	viral_read.count	0.0173552833377686	0.000669758016767739	0.0385910159882097	cluster_5
UL16	L	12h	12	C6	C6_dcDNA_12h	LT934125.1	+	49131	C6_12h_2	0.0177484683804523	dcDNA	C6_12h_2	viral_read.count	0.0173552833377686	0.000669758016767739	0.0385910159882097	cluster_5
UL16	L	12h	12	C6	C6_dcDNA_12h	LT934125.1	+	28023	C6_12h_3	0.0177354316097491	dcDNA	C6_12h_3	viral_read.count	0.0173552833377686	0.000669758016767739	0.0385910159882097	cluster_5
UL16	L	12h	12	PC-12	PC-12_dcDNA_12h	LT934125.1	+	40118	PC-12_12h_1	0.0086494840221347	dcDNA	PC-12_12h_1	viral_read.count	0.00937919071693493	0.00218530231910843	0.232994763094292	cluster_5
UL16	L	12h	12	PC-12	PC-12_dcDNA_12h	LT934125.1	+	64296	PC-12_12h_2	0.00765210899589399	dcDNA	PC-12_12h_2	viral_read.count	0.00937919071693493	0.00218530231910843	0.232994763094292	cluster_5
UL16	L	12h	12	PC-12	PC-12_dcDNA_12h	LT934125.1	+	35654	PC-12_12h_3	0.0118359791327761	dcDNA	PC-12_12h_3	viral_read.count	0.00937919071693493	0.00218530231910843	0.232994763094292	cluster_5
UL16	L	12h	12	PK-15	PK-15_dcDNA_12h	LT934125.1	+	137055	PK-15_12h_1	0.0113676990989019	dcDNA	PK-15_12h_1	viral_read.count	0.0153254589819009	0.00576663072510342	0.376277847985741	cluster_5
UL16	L	12h	12	PK-15	PK-15_dcDNA_12h	LT934125.1	+	155287	PK-15_12h_2	0.0126668684435915	dcDNA	PK-15_12h_2	viral_read.count	0.0153254589819009	0.00576663072510342	0.376277847985741	cluster_5
UL16	L	12h	12	PK-15	PK-15_dcDNA_12h	LT934125.1	+	135039	PK-15_12h_3	0.0219418094032094	dcDNA	PK-15_12h_3	viral_read.count	0.0153254589819009	0.00576663072510342	0.376277847985741	cluster_5
UL16	L	1h	1	C6	C6_dcDNA_1h	LT934125.1	+	246	C6_1h_1	0.016260162601626	dcDNA	C6_1h_1	viral_read.count	0.0119560019129603	0.0104886237204502	0.877268487978453	cluster_5
UL16	L	1h	1	C6	C6_dcDNA_1h	LT934125.1	+	240	C6_1h_2	0	dcDNA	C6_1h_2	viral_read.count	0.0119560019129603	0.0104886237204502	0.877268487978453	cluster_5
UL16	L	1h	1	C6	C6_dcDNA_1h	LT934125.1	+	102	C6_1h_3	0.0196078431372549	dcDNA	C6_1h_3	viral_read.count	0.0119560019129603	0.0104886237204502	0.877268487978453	cluster_5
UL16	L	1h	1	NRK	NRK_dcDNA_1h	LT934125.1	+	25	NRK_1h_1	0	dcDNA	NRK_1h_1	viral_read.count	0.0228395061728395	0.0252785126289423	1.10678893132126	cluster_5
UL16	L	1h	1	NRK	NRK_dcDNA_1h	LT934125.1	+	54	NRK_1h_2	0.0185185185185185	dcDNA	NRK_1h_2	viral_read.count	0.0228395061728395	0.0252785126289423	1.10678893132126	cluster_5
UL16	L	1h	1	NRK	NRK_dcDNA_1h	LT934125.1	+	20	NRK_1h_3	0.05	dcDNA	NRK_1h_3	viral_read.count	0.0228395061728395	0.0252785126289423	1.10678893132126	cluster_5
UL16	L	1h	1	PC-12	PC-12_dcDNA_1h	LT934125.1	+	154	PC-12_1h_1	0.0194805194805195	dcDNA	PC-12_1h_1	viral_read.count	0.0128226204175571	0.0111074525361386	0.86623889458117	cluster_5
UL16	L	1h	1	PC-12	PC-12_dcDNA_1h	LT934125.1	+	93	PC-12_1h_2	0	dcDNA	PC-12_1h_2	viral_read.count	0.0128226204175571	0.0111074525361386	0.86623889458117	cluster_5
UL16	L	1h	1	PC-12	PC-12_dcDNA_1h	LT934125.1	+	158	PC-12_1h_3	0.0189873417721519	dcDNA	PC-12_1h_3	viral_read.count	0.0128226204175571	0.0111074525361386	0.86623889458117	cluster_5
UL16	L	1h	1	PK-15	PK-15_dcDNA_1h	LT934125.1	+	129	PK-15_1h_1	0	dcDNA	PK-15_1h_1	viral_read.count	0	0		cluster_5
UL16	L	1h	1	PK-15	PK-15_dcDNA_1h	LT934125.1	+	76	PK-15_1h_2	0	dcDNA	PK-15_1h_2	viral_read.count	0	0		cluster_5
UL16	L	1h	1	PK-15	PK-15_dcDNA_1h	LT934125.1	+	52	PK-15_1h_3	0	dcDNA	PK-15_1h_3	viral_read.count	0	0		cluster_5
UL16	L	2.5h	2.5	PC-12	PC-12_dcDNA_2.5h	LT934125.1	+	478	PC-12_2.5h_1	0.0104602510460251	dcDNA	PC-12_2.5h_1	viral_read.count	0.0100424780053201	0.00122999825942794	0.122479557214497	cluster_5
UL16	L	2.5h	2.5	PC-12	PC-12_dcDNA_2.5h	LT934125.1	+	231	PC-12_2.5h_2	0.00865800865800866	dcDNA	PC-12_2.5h_2	viral_read.count	0.0100424780053201	0.00122999825942794	0.122479557214497	cluster_5
UL16	L	2.5h	2.5	PC-12	PC-12_dcDNA_2.5h	LT934125.1	+	545	PC-12_2.5h_3	0.0110091743119266	dcDNA	PC-12_2.5h_3	viral_read.count	0.0100424780053201	0.00122999825942794	0.122479557214497	cluster_5
UL16	L	2h	2	C6	C6_dcDNA_2h	LT934125.1	+	243	C6_2h_1	0.0246913580246914	dcDNA	C6_2h_1	viral_read.count	0.0198243114909782	0.00688304321667817	0.347202132079621	cluster_5
UL16	L	2h	2	C6	C6_dcDNA_2h	LT934125.1	+	468	C6_2h_2	0.014957264957265	dcDNA	C6_2h_2	viral_read.count	0.0198243114909782	0.00688304321667817	0.347202132079621	cluster_5
UL16	L	2h	2	NRK	NRK_dcDNA_2h	LT934125.1	+	99	NRK_2h_1	0.0303030303030303	dcDNA	NRK_2h_1	viral_read.count	0.0147958457817613	0.0151640335494332	1.02488453672083	cluster_5
UL16	L	2h	2	NRK	NRK_dcDNA_2h	LT934125.1	+	71	NRK_2h_2	0.0140845070422535	dcDNA	NRK_2h_2	viral_read.count	0.0147958457817613	0.0151640335494332	1.02488453672083	cluster_5
UL16	L	2h	2	NRK	NRK_dcDNA_2h	LT934125.1	+	122	NRK_2h_3	0	dcDNA	NRK_2h_3	viral_read.count	0.0147958457817613	0.0151640335494332	1.02488453672083	cluster_5
UL16	L	2h	2	PC-12	PC-12_dcDNA_2h	LT934125.1	+	439	PC-12_2h_1	0.00455580865603645	dcDNA	PC-12_2h_1	viral_read.count	0.00535024959655691	0.00190025034760259	0.355170410895498	cluster_5
UL16	L	2h	2	PC-12	PC-12_dcDNA_2h	LT934125.1	+	399	PC-12_2h_2	0.0075187969924812	dcDNA	PC-12_2h_2	viral_read.count	0.00535024959655691	0.00190025034760259	0.355170410895498	cluster_5
UL16	L	2h	2	PC-12	PC-12_dcDNA_2h	LT934125.1	+	503	PC-12_2h_3	0.00397614314115308	dcDNA	PC-12_2h_3	viral_read.count	0.00535024959655691	0.00190025034760259	0.355170410895498	cluster_5
UL16	L	2h	2	PK-15	PK-15_dcDNA_2h	LT934125.1	+	482	PK-15_2h_1	0.004149377593361	dcDNA	PK-15_2h_1	viral_read.count	0.0054345811400144	0.00377581978800888	0.694776596526972	cluster_5
UL16	L	2h	2	PK-15	PK-15_dcDNA_2h	LT934125.1	+	405	PK-15_2h_2	0.00246913580246914	dcDNA	PK-15_2h_2	viral_read.count	0.0054345811400144	0.00377581978800888	0.694776596526972	cluster_5
UL16	L	2h	2	PK-15	PK-15_dcDNA_2h	LT934125.1	+	1652	PK-15_2h_3	0.00968523002421307	dcDNA	PK-15_2h_3	viral_read.count	0.0054345811400144	0.00377581978800888	0.694776596526972	cluster_5
UL16	L	4h	4	C6	C6_dcDNA_4h	LT934125.1	+	680	C6_4h_1	0.00735294117647059	dcDNA	C6_4h_1	viral_read.count	0.0126519472257768	0.00464586387142784	0.36720544185977	cluster_5
UL16	L	4h	4	C6	C6_dcDNA_4h	LT934125.1	+	686	C6_4h_2	0.0145772594752187	dcDNA	C6_4h_2	viral_read.count	0.0126519472257768	0.00464586387142784	0.36720544185977	cluster_5
UL16	L	4h	4	C6	C6_dcDNA_4h	LT934125.1	+	312	C6_4h_3	0.016025641025641	dcDNA	C6_4h_3	viral_read.count	0.0126519472257768	0.00464586387142784	0.36720544185977	cluster_5
UL16	L	4h	4	PC-12	PC-12_dcDNA_4h	LT934125.1	+	2800	PC-12_4h_1	0.0178571428571429	dcDNA	PC-12_4h_1	viral_read.count	0.016858751115538	0.00217729494403312	0.129149242972477	cluster_5
UL16	L	4h	4	PC-12	PC-12_dcDNA_4h	LT934125.1	+	2646	PC-12_4h_2	0.0143613000755858	dcDNA	PC-12_4h_2	viral_read.count	0.016858751115538	0.00217729494403312	0.129149242972477	cluster_5
UL16	L	4h	4	PC-12	PC-12_dcDNA_4h	LT934125.1	+	2996	PC-12_4h_3	0.0183578104138852	dcDNA	PC-12_4h_3	viral_read.count	0.016858751115538	0.00217729494403312	0.129149242972477	cluster_5
UL16	L	4h	4	PK-15	PK-15_dcDNA_4h	LT934125.1	+	7826	PK-15_4h_1	0.0305392282136468	dcDNA	PK-15_4h_1	viral_read.count	0.026642578042749	0.00381458722740915	0.143176355579723	cluster_5
UL16	L	4h	4	PK-15	PK-15_dcDNA_4h	LT934125.1	+	8046	PK-15_4h_2	0.0264727815063386	dcDNA	PK-15_4h_2	viral_read.count	0.026642578042749	0.00381458722740915	0.143176355579723	cluster_5
UL16	L	4h	4	PK-15	PK-15_dcDNA_4h	LT934125.1	+	6633	PK-15_4h_3	0.0229157244082617	dcDNA	PK-15_4h_3	viral_read.count	0.026642578042749	0.00381458722740915	0.143176355579723	cluster_5
UL16	L	6h	6	C6	C6_dcDNA_6h	LT934125.1	+	2759	C6_6h_1	0.0148604566872055	dcDNA	C6_6h_1	viral_read.count	0.0183472058109166	0.00322525732258008	0.175790109721288	cluster_5
UL16	L	6h	6	C6	C6_dcDNA_6h	LT934125.1	+	4220	C6_6h_2	0.018957345971564	dcDNA	C6_6h_2	viral_read.count	0.0183472058109166	0.00322525732258008	0.175790109721288	cluster_5
UL16	L	6h	6	C6	C6_dcDNA_6h	LT934125.1	+	3628	C6_6h_3	0.0212238147739802	dcDNA	C6_6h_3	viral_read.count	0.0183472058109166	0.00322525732258008	0.175790109721288	cluster_5
UL16	L	6h	6	PC-12	PC-12_dcDNA_6h	LT934125.1	+	7517	PC-12_6h_1	0.0121058933085007	dcDNA	PC-12_6h_1	viral_read.count	0.0130978254056258	0.000860698267185099	0.0657130661411481	cluster_5
UL16	L	6h	6	PC-12	PC-12_dcDNA_6h	LT934125.1	+	13589	PC-12_6h_2	0.0135403635293252	dcDNA	PC-12_6h_2	viral_read.count	0.0130978254056258	0.000860698267185099	0.0657130661411481	cluster_5
UL16	L	6h	6	PC-12	PC-12_dcDNA_6h	LT934125.1	+	11724	PC-12_6h_3	0.0136472193790515	dcDNA	PC-12_6h_3	viral_read.count	0.0130978254056258	0.000860698267185099	0.0657130661411481	cluster_5
UL16	L	6h	6	PK-15	PK-15_dcDNA_6h	LT934125.1	+	37872	PK-15_6h_1	0.0206749049429658	dcDNA	PK-15_6h_1	viral_read.count	0.0186695876450725	0.00631014906554016	0.337990810804309	cluster_5
UL16	L	6h	6	PK-15	PK-15_dcDNA_6h	LT934125.1	+	30337	PK-15_6h_2	0.0237333948643571	dcDNA	PK-15_6h_2	viral_read.count	0.0186695876450725	0.00631014906554016	0.337990810804309	cluster_5
UL16	L	6h	6	PK-15	PK-15_dcDNA_6h	LT934125.1	+	44912	PK-15_6h_3	0.0116004631278946	dcDNA	PK-15_6h_3	viral_read.count	0.0186695876450725	0.00631014906554016	0.337990810804309	cluster_5
UL16	L	8h	8	C6	C6_dcDNA_8h	LT934125.1	+	10124	C6_8h_1	0.0228170683524299	dcDNA	C6_8h_1	viral_read.count	0.0192602101476022	0.00309426930298399	0.160656050960545	cluster_5
UL16	L	8h	8	C6	C6_dcDNA_8h	LT934125.1	+	10414	C6_8h_2	0.017188400230459	dcDNA	C6_8h_2	viral_read.count	0.0192602101476022	0.00309426930298399	0.160656050960545	cluster_5
UL16	L	8h	8	C6	C6_dcDNA_8h	LT934125.1	+	8495	C6_8h_3	0.0177751618599176	dcDNA	C6_8h_3	viral_read.count	0.0192602101476022	0.00309426930298399	0.160656050960545	cluster_5
UL16	L	8h	8	PC-12	PC-12_dcDNA_8h	LT934125.1	+	14035	PC-12_8h_1	0.0104738154613466	dcDNA	PC-12_8h_1	viral_read.count	0.00944501790664881	0.00145493945478988	0.154043059438318	cluster_5
UL16	L	8h	8	PC-12	PC-12_dcDNA_8h	LT934125.1	+	15684	PC-12_8h_2	0.00841622035195103	dcDNA	PC-12_8h_2	viral_read.count	0.00944501790664881	0.00145493945478988	0.154043059438318	cluster_5
UL16	L	8h	8	PK-15	PK-15_dcDNA_8h	LT934125.1	+	69419	PK-15_8h_1	0.012590213054063	dcDNA	PK-15_8h_1	viral_read.count	0.0121768166227286	0.00160933645063138	0.132163971955321	cluster_5
UL16	L	8h	8	PK-15	PK-15_dcDNA_8h	LT934125.1	+	74319	PK-15_8h_2	0.0104011087339711	dcDNA	PK-15_8h_2	viral_read.count	0.0121768166227286	0.00160933645063138	0.132163971955321	cluster_5
UL16	L	8h	8	PK-15	PK-15_dcDNA_8h	LT934125.1	+	70167	PK-15_8h_3	0.0135391280801516	dcDNA	PK-15_8h_3	viral_read.count	0.0121768166227286	0.00160933645063138	0.132163971955321	cluster_5
UL17	L	""		C6	C6_dRNA	LT934125.1	+	3	C6_dRNA	0	dcDNA	C6_dRNA	viral_read.count	0			cluster_1
UL17	L	""		PC-12	PC-12_dRNA	LT934125.1	+	20	PC-12_dRNA	0	dcDNA	PC-12_dRNA	viral_read.count	0			cluster_1
UL17	L	""		PK-15	PK-15_dRNA	LT934125.1	+	68	PK-15_dRNA	0	dcDNA	PK-15_dRNA	viral_read.count	0			cluster_1
UL17	L	0.5h	0.5	PC-12	PC-12_dcDNA_0.5h	LT934125.1	+	13	PC-12_0.5h_1	0	dcDNA	PC-12_0.5h_1	viral_read.count	0	0		cluster_1
UL17	L	0.5h	0.5	PC-12	PC-12_dcDNA_0.5h	LT934125.1	+	13	PC-12_0.5h_2	0	dcDNA	PC-12_0.5h_2	viral_read.count	0	0		cluster_1
UL17	L	0.5h	0.5	PC-12	PC-12_dcDNA_0.5h	LT934125.1	+	2	PC-12_0.5h_3	0	dcDNA	PC-12_0.5h_3	viral_read.count	0	0		cluster_1
UL17	L	1.5h	1.5	PC-12	PC-12_dcDNA_1.5h	LT934125.1	+	138	PC-12_1.5h_1	0	dcDNA	PC-12_1.5h_1	viral_read.count	0	0		cluster_1
UL17	L	1.5h	1.5	PC-12	PC-12_dcDNA_1.5h	LT934125.1	+	129	PC-12_1.5h_2	0	dcDNA	PC-12_1.5h_2	viral_read.count	0	0		cluster_1
UL17	L	1.5h	1.5	PC-12	PC-12_dcDNA_1.5h	LT934125.1	+	152	PC-12_1.5h_3	0	dcDNA	PC-12_1.5h_3	viral_read.count	0	0		cluster_1
UL17	L	12h	12	C6	C6_dcDNA_12h	LT934125.1	+	56266	C6_12h_1	0.00129740873707034	dcDNA	C6_12h_1	viral_read.count	0.00116934382667679	0.000154789057589496	0.132372578584861	cluster_1
UL17	L	12h	12	C6	C6_dcDNA_12h	LT934125.1	+	49131	C6_12h_2	0.000997333658993304	dcDNA	C6_12h_2	viral_read.count	0.00116934382667679	0.000154789057589496	0.132372578584861	cluster_1
UL17	L	12h	12	C6	C6_dcDNA_12h	LT934125.1	+	28023	C6_12h_3	0.00121328908396674	dcDNA	C6_12h_3	viral_read.count	0.00116934382667679	0.000154789057589496	0.132372578584861	cluster_1
UL17	L	12h	12	PC-12	PC-12_dcDNA_12h	LT934125.1	+	40118	PC-12_12h_1	0.000598235206141882	dcDNA	PC-12_12h_1	viral_read.count	0.000573117204935147	0.000142297880547876	0.248287574203916	cluster_1
UL17	L	12h	12	PC-12	PC-12_dcDNA_12h	LT934125.1	+	64296	PC-12_12h_2	0.00041993281075028	dcDNA	PC-12_12h_2	viral_read.count	0.000573117204935147	0.000142297880547876	0.248287574203916	cluster_1
UL17	L	12h	12	PC-12	PC-12_dcDNA_12h	LT934125.1	+	35654	PC-12_12h_3	0.000701183597913278	dcDNA	PC-12_12h_3	viral_read.count	0.000573117204935147	0.000142297880547876	0.248287574203916	cluster_1
UL17	L	12h	12	PK-15	PK-15_dcDNA_12h	LT934125.1	+	137055	PK-15_12h_1	0.000437780453102769	dcDNA	PK-15_12h_1	viral_read.count	0.000442679797985604	0.000110347240709517	0.249271010811082	cluster_1
UL17	L	12h	12	PK-15	PK-15_dcDNA_12h	LT934125.1	+	155287	PK-15_12h_2	0.000334863832774154	dcDNA	PK-15_12h_2	viral_read.count	0.000442679797985604	0.000110347240709517	0.249271010811082	cluster_1
UL17	L	12h	12	PK-15	PK-15_dcDNA_12h	LT934125.1	+	135039	PK-15_12h_3	0.000555395108079888	dcDNA	PK-15_12h_3	viral_read.count	0.000442679797985604	0.000110347240709517	0.249271010811082	cluster_1
UL17	L	1h	1	C6	C6_dcDNA_1h	LT934125.1	+	246	C6_1h_1	0	dcDNA	C6_1h_1	viral_read.count	0	0		cluster_1
UL17	L	1h	1	C6	C6_dcDNA_1h	LT934125.1	+	240	C6_1h_2	0	dcDNA	C6_1h_2	viral_read.count	0	0		cluster_1
UL17	L	1h	1	C6	C6_dcDNA_1h	LT934125.1	+	102	C6_1h_3	0	dcDNA	C6_1h_3	viral_read.count	0	0		cluster_1
UL17	L	1h	1	NRK	NRK_dcDNA_1h	LT934125.1	+	25	NRK_1h_1	0	dcDNA	NRK_1h_1	viral_read.count	0	0		cluster_1
UL17	L	1h	1	NRK	NRK_dcDNA_1h	LT934125.1	+	54	NRK_1h_2	0	dcDNA	NRK_1h_2	viral_read.count	0	0		cluster_1
UL17	L	1h	1	NRK	NRK_dcDNA_1h	LT934125.1	+	20	NRK_1h_3	0	dcDNA	NRK_1h_3	viral_read.count	0	0		cluster_1
UL17	L	1h	1	PC-12	PC-12_dcDNA_1h	LT934125.1	+	154	PC-12_1h_1	0	dcDNA	PC-12_1h_1	viral_read.count	0	0		cluster_1
UL17	L	1h	1	PC-12	PC-12_dcDNA_1h	LT934125.1	+	93	PC-12_1h_2	0	dcDNA	PC-12_1h_2	viral_read.count	0	0		cluster_1
UL17	L	1h	1	PC-12	PC-12_dcDNA_1h	LT934125.1	+	158	PC-12_1h_3	0	dcDNA	PC-12_1h_3	viral_read.count	0	0		cluster_1
UL17	L	1h	1	PK-15	PK-15_dcDNA_1h	LT934125.1	+	129	PK-15_1h_1	0	dcDNA	PK-15_1h_1	viral_read.count	0	0		cluster_1
UL17	L	1h	1	PK-15	PK-15_dcDNA_1h	LT934125.1	+	76	PK-15_1h_2	0	dcDNA	PK-15_1h_2	viral_read.count	0	0		cluster_1
UL17	L	1h	1	PK-15	PK-15_dcDNA_1h	LT934125.1	+	52	PK-15_1h_3	0	dcDNA	PK-15_1h_3	viral_read.count	0	0		cluster_1
UL17	L	2.5h	2.5	PC-12	PC-12_dcDNA_2.5h	LT934125.1	+	478	PC-12_2.5h_1	0	dcDNA	PC-12_2.5h_1	viral_read.count	0	0		cluster_1
UL17	L	2.5h	2.5	PC-12	PC-12_dcDNA_2.5h	LT934125.1	+	231	PC-12_2.5h_2	0	dcDNA	PC-12_2.5h_2	viral_read.count	0	0		cluster_1
UL17	L	2.5h	2.5	PC-12	PC-12_dcDNA_2.5h	LT934125.1	+	545	PC-12_2.5h_3	0	dcDNA	PC-12_2.5h_3	viral_read.count	0	0		cluster_1
UL17	L	2h	2	C6	C6_dcDNA_2h	LT934125.1	+	243	C6_2h_1	0	dcDNA	C6_2h_1	viral_read.count	0	0		cluster_1
UL17	L	2h	2	C6	C6_dcDNA_2h	LT934125.1	+	468	C6_2h_2	0	dcDNA	C6_2h_2	viral_read.count	0	0		cluster_1
UL17	L	2h	2	NRK	NRK_dcDNA_2h	LT934125.1	+	99	NRK_2h_1	0	dcDNA	NRK_2h_1	viral_read.count	0	0		cluster_1
UL17	L	2h	2	NRK	NRK_dcDNA_2h	LT934125.1	+	71	NRK_2h_2	0	dcDNA	NRK_2h_2	viral_read.count	0	0		cluster_1
UL17	L	2h	2	NRK	NRK_dcDNA_2h	LT934125.1	+	122	NRK_2h_3	0	dcDNA	NRK_2h_3	viral_read.count	0	0		cluster_1
UL17	L	2h	2	PC-12	PC-12_dcDNA_2h	LT934125.1	+	439	PC-12_2h_1	0	dcDNA	PC-12_2h_1	viral_read.count	0	0		cluster_1
UL17	L	2h	2	PC-12	PC-12_dcDNA_2h	LT934125.1	+	399	PC-12_2h_2	0	dcDNA	PC-12_2h_2	viral_read.count	0	0		cluster_1
UL17	L	2h	2	PC-12	PC-12_dcDNA_2h	LT934125.1	+	503	PC-12_2h_3	0	dcDNA	PC-12_2h_3	viral_read.count	0	0		cluster_1
UL17	L	2h	2	PK-15	PK-15_dcDNA_2h	LT934125.1	+	482	PK-15_2h_1	0	dcDNA	PK-15_2h_1	viral_read.count	0	0		cluster_1
UL17	L	2h	2	PK-15	PK-15_dcDNA_2h	LT934125.1	+	405	PK-15_2h_2	0	dcDNA	PK-15_2h_2	viral_read.count	0	0		cluster_1
UL17	L	2h	2	PK-15	PK-15_dcDNA_2h	LT934125.1	+	1652	PK-15_2h_3	0	dcDNA	PK-15_2h_3	viral_read.count	0	0		cluster_1
UL17	L	4h	4	C6	C6_dcDNA_4h	LT934125.1	+	680	C6_4h_1	0	dcDNA	C6_4h_1	viral_read.count	0.00155428471755003	0.00160474434097121	1.03246485206437	cluster_1
UL17	L	4h	4	C6	C6_dcDNA_4h	LT934125.1	+	686	C6_4h_2	0.00145772594752187	dcDNA	C6_4h_2	viral_read.count	0.00155428471755003	0.00160474434097121	1.03246485206437	cluster_1
UL17	L	4h	4	C6	C6_dcDNA_4h	LT934125.1	+	312	C6_4h_3	0.00320512820512821	dcDNA	C6_4h_3	viral_read.count	0.00155428471755003	0.00160474434097121	1.03246485206437	cluster_1
UL17	L	4h	4	PC-12	PC-12_dcDNA_4h	LT934125.1	+	2800	PC-12_4h_1	0	dcDNA	PC-12_4h_1	viral_read.count	0.000459754687614057	0.000505657582713094	1.09984214698768	cluster_1
UL17	L	4h	4	PC-12	PC-12_dcDNA_4h	LT934125.1	+	2646	PC-12_4h_2	0.000377928949357521	dcDNA	PC-12_4h_2	viral_read.count	0.000459754687614057	0.000505657582713094	1.09984214698768	cluster_1
UL17	L	4h	4	PC-12	PC-12_dcDNA_4h	LT934125.1	+	2996	PC-12_4h_3	0.00100133511348465	dcDNA	PC-12_4h_3	viral_read.count	0.000459754687614057	0.000505657582713094	1.09984214698768	cluster_1
UL17	L	4h	4	PK-15	PK-15_dcDNA_4h	LT934125.1	+	7826	PK-15_4h_1	0.000383337592639918	dcDNA	PK-15_4h_1	viral_read.count	0.00026088988526683	0.00011677649237168	0.447608354966482	cluster_1
UL17	L	4h	4	PK-15	PK-15_dcDNA_4h	LT934125.1	+	8046	PK-15_4h_2	0.000248570718369376	dcDNA	PK-15_4h_2	viral_read.count	0.00026088988526683	0.00011677649237168	0.447608354966482	cluster_1
UL17	L	4h	4	PK-15	PK-15_dcDNA_4h	LT934125.1	+	6633	PK-15_4h_3	0.000150761344791196	dcDNA	PK-15_4h_3	viral_read.count	0.00026088988526683	0.00011677649237168	0.447608354966482	cluster_1
UL17	L	6h	6	C6	C6_dcDNA_6h	LT934125.1	+	2759	C6_6h_1	0.000362450163102573	dcDNA	C6_6h_1	viral_read.count	0.000554428562234196	0.000242463236942466	0.437320970560039	cluster_1
UL17	L	6h	6	C6	C6_dcDNA_6h	LT934125.1	+	4220	C6_6h_2	0.0004739336492891	dcDNA	C6_6h_2	viral_read.count	0.000554428562234196	0.000242463236942466	0.437320970560039	cluster_1
UL17	L	6h	6	C6	C6_dcDNA_6h	LT934125.1	+	3628	C6_6h_3	0.000826901874310915	dcDNA	C6_6h_3	viral_read.count	0.000554428562234196	0.000242463236942466	0.437320970560039	cluster_1
UL17	L	6h	6	PC-12	PC-12_dcDNA_6h	LT934125.1	+	7517	PC-12_6h_1	0.000532127178395637	dcDNA	PC-12_6h_1	viral_read.count	0.000691380985418126	0.000293641341710635	0.42471712110082	cluster_1
UL17	L	6h	6	PC-12	PC-12_dcDNA_6h	LT934125.1	+	13589	PC-12_6h_2	0.00103024505114431	dcDNA	PC-12_6h_2	viral_read.count	0.000691380985418126	0.000293641341710635	0.42471712110082	cluster_1
UL17	L	6h	6	PC-12	PC-12_dcDNA_6h	LT934125.1	+	11724	PC-12_6h_3	0.000511770726714432	dcDNA	PC-12_6h_3	viral_read.count	0.000691380985418126	0.000293641341710635	0.42471712110082	cluster_1
UL17	L	6h	6	PK-15	PK-15_dcDNA_6h	LT934125.1	+	37872	PK-15_6h_1	0.000448880439374736	dcDNA	PK-15_6h_1	viral_read.count	0.000536228501211121	0.000135419270659211	0.252540233041239	cluster_1
UL17	L	6h	6	PK-15	PK-15_dcDNA_6h	LT934125.1	+	30337	PK-15_6h_2	0.000692224016877081	dcDNA	PK-15_6h_2	viral_read.count	0.000536228501211121	0.000135419270659211	0.252540233041239	cluster_1
UL17	L	6h	6	PK-15	PK-15_dcDNA_6h	LT934125.1	+	44912	PK-15_6h_3	0.000467581047381546	dcDNA	PK-15_6h_3	viral_read.count	0.000536228501211121	0.000135419270659211	0.252540233041239	cluster_1
UL17	L	8h	8	C6	C6_dcDNA_8h	LT934125.1	+	10124	C6_8h_1	0.00059265112603714	dcDNA	C6_8h_1	viral_read.count	0.000593023953250285	0.000113087916317473	0.190697046380089	cluster_1
UL17	L	8h	8	C6	C6_dcDNA_8h	LT934125.1	+	10414	C6_8h_2	0.000480122911465335	dcDNA	C6_8h_2	viral_read.count	0.000593023953250285	0.000113087916317473	0.190697046380089	cluster_1
UL17	L	8h	8	C6	C6_dcDNA_8h	LT934125.1	+	8495	C6_8h_3	0.000706297822248381	dcDNA	C6_8h_3	viral_read.count	0.000593023953250285	0.000113087916317473	0.190697046380089	cluster_1
UL17	L	8h	8	PC-12	PC-12_dcDNA_8h	LT934125.1	+	14035	PC-12_8h_1	0.000427502671891699	dcDNA	PC-12_8h_1	viral_read.count	0.000564427183943809	0.000193640501965412	0.343074372521168	cluster_1
UL17	L	8h	8	PC-12	PC-12_dcDNA_8h	LT934125.1	+	15684	PC-12_8h_2	0.000701351695995919	dcDNA	PC-12_8h_2	viral_read.count	0.000564427183943809	0.000193640501965412	0.343074372521168	cluster_1
UL17	L	8h	8	PK-15	PK-15_dcDNA_8h	LT934125.1	+	69419	PK-15_8h_1	0.000749074460882467	dcDNA	PK-15_8h_1	viral_read.count	0.000681648104187995	0.000109066390236235	0.160003951549398	cluster_1
UL17	L	8h	8	PK-15	PK-15_dcDNA_8h	LT934125.1	+	74319	PK-15_8h_2	0.000740053014706872	dcDNA	PK-15_8h_2	viral_read.count	0.000681648104187995	0.000109066390236235	0.160003951549398	cluster_1
UL17	L	8h	8	PK-15	PK-15_dcDNA_8h	LT934125.1	+	70167	PK-15_8h_3	0.000555816836974646	dcDNA	PK-15_8h_3	viral_read.count	0.000681648104187995	0.000109066390236235	0.160003951549398	cluster_1
UL18	L	""		C6	C6_dRNA	LT934125.1	+	3	C6_dRNA	0	dcDNA	C6_dRNA	viral_read.count	0			cluster_6
UL18	L	""		PC-12	PC-12_dRNA	LT934125.1	+	20	PC-12_dRNA	0	dcDNA	PC-12_dRNA	viral_read.count	0			cluster_6
UL18	L	""		PK-15	PK-15_dRNA	LT934125.1	+	68	PK-15_dRNA	0	dcDNA	PK-15_dRNA	viral_read.count	0			cluster_6
UL18	L	0.5h	0.5	PC-12	PC-12_dcDNA_0.5h	LT934125.1	+	13	PC-12_0.5h_1	0.0769230769230769	dcDNA	PC-12_0.5h_1	viral_read.count	0.0256410256410256	0.0444115591684327	1.73205080756888	cluster_6
UL18	L	0.5h	0.5	PC-12	PC-12_dcDNA_0.5h	LT934125.1	+	13	PC-12_0.5h_2	0	dcDNA	PC-12_0.5h_2	viral_read.count	0.0256410256410256	0.0444115591684327	1.73205080756888	cluster_6
UL18	L	0.5h	0.5	PC-12	PC-12_dcDNA_0.5h	LT934125.1	+	2	PC-12_0.5h_3	0	dcDNA	PC-12_0.5h_3	viral_read.count	0.0256410256410256	0.0444115591684327	1.73205080756888	cluster_6
UL18	L	1.5h	1.5	PC-12	PC-12_dcDNA_1.5h	LT934125.1	+	138	PC-12_1.5h_1	0.0289855072463768	dcDNA	PC-12_1.5h_1	viral_read.count	0.0257947066858248	0.00912394742641081	0.353713943621805	cluster_6
UL18	L	1.5h	1.5	PC-12	PC-12_dcDNA_1.5h	LT934125.1	+	129	PC-12_1.5h_2	0.0155038759689922	dcDNA	PC-12_1.5h_2	viral_read.count	0.0257947066858248	0.00912394742641081	0.353713943621805	cluster_6
UL18	L	1.5h	1.5	PC-12	PC-12_dcDNA_1.5h	LT934125.1	+	152	PC-12_1.5h_3	0.0328947368421053	dcDNA	PC-12_1.5h_3	viral_read.count	0.0257947066858248	0.00912394742641081	0.353713943621805	cluster_6
UL18	L	12h	12	C6	C6_dcDNA_12h	LT934125.1	+	56266	C6_12h_1	0.0590054384530622	dcDNA	C6_12h_1	viral_read.count	0.0592329061363847	0.00403973765158691	0.0682009024221326	cluster_6
UL18	L	12h	12	C6	C6_dcDNA_12h	LT934125.1	+	49131	C6_12h_2	0.0633815717164316	dcDNA	C6_12h_2	viral_read.count	0.0592329061363847	0.00403973765158691	0.0682009024221326	cluster_6
UL18	L	12h	12	C6	C6_dcDNA_12h	LT934125.1	+	28023	C6_12h_3	0.0553117082396603	dcDNA	C6_12h_3	viral_read.count	0.0592329061363847	0.00403973765158691	0.0682009024221326	cluster_6
UL18	L	12h	12	PC-12	PC-12_dcDNA_12h	LT934125.1	+	40118	PC-12_12h_1	0.0365422005084999	dcDNA	PC-12_12h_1	viral_read.count	0.0385129464523205	0.00593657523885407	0.154144924907359	cluster_6
UL18	L	12h	12	PC-12	PC-12_dcDNA_12h	LT934125.1	+	64296	PC-12_12h_2	0.0338123677989299	dcDNA	PC-12_12h_2	viral_read.count	0.0385129464523205	0.00593657523885407	0.154144924907359	cluster_6
UL18	L	12h	12	PC-12	PC-12_dcDNA_12h	LT934125.1	+	35654	PC-12_12h_3	0.0451842710495316	dcDNA	PC-12_12h_3	viral_read.count	0.0385129464523205	0.00593657523885407	0.154144924907359	cluster_6
UL18	L	12h	12	PK-15	PK-15_dcDNA_12h	LT934125.1	+	137055	PK-15_12h_1	0.0340009485243151	dcDNA	PK-15_12h_1	viral_read.count	0.0387139889487254	0.00412558187303294	0.106565662311291	cluster_6
UL18	L	12h	12	PK-15	PK-15_dcDNA_12h	LT934125.1	+	155287	PK-15_12h_2	0.0416712281131067	dcDNA	PK-15_12h_2	viral_read.count	0.0387139889487254	0.00412558187303294	0.106565662311291	cluster_6
UL18	L	12h	12	PK-15	PK-15_dcDNA_12h	LT934125.1	+	135039	PK-15_12h_3	0.0404697902087545	dcDNA	PK-15_12h_3	viral_read.count	0.0387139889487254	0.00412558187303294	0.106565662311291	cluster_6
UL18	L	1h	1	C6	C6_dcDNA_1h	LT934125.1	+	246	C6_1h_1	0.024390243902439	dcDNA	C6_1h_1	viral_read.count	0.0238980551570222	0.0138545977004033	0.579737456013542	cluster_6
UL18	L	1h	1	C6	C6_dcDNA_1h	LT934125.1	+	240	C6_1h_2	0.0375	dcDNA	C6_1h_2	viral_read.count	0.0238980551570222	0.0138545977004033	0.579737456013542	cluster_6
UL18	L	1h	1	C6	C6_dcDNA_1h	LT934125.1	+	102	C6_1h_3	0.00980392156862745	dcDNA	C6_1h_3	viral_read.count	0.0238980551570222	0.0138545977004033	0.579737456013542	cluster_6
UL18	L	1h	1	NRK	NRK_dcDNA_1h	LT934125.1	+	25	NRK_1h_1	0	dcDNA	NRK_1h_1	viral_read.count	0.0228395061728395	0.0252785126289423	1.10678893132126	cluster_6
UL18	L	1h	1	NRK	NRK_dcDNA_1h	LT934125.1	+	54	NRK_1h_2	0.0185185185185185	dcDNA	NRK_1h_2	viral_read.count	0.0228395061728395	0.0252785126289423	1.10678893132126	cluster_6
UL18	L	1h	1	NRK	NRK_dcDNA_1h	LT934125.1	+	20	NRK_1h_3	0.05	dcDNA	NRK_1h_3	viral_read.count	0.0228395061728395	0.0252785126289423	1.10678893132126	cluster_6
UL18	L	1h	1	PC-12	PC-12_dcDNA_1h	LT934125.1	+	154	PC-12_1h_1	0.025974025974026	dcDNA	PC-12_1h_1	viral_read.count	0.0149871225820593	0.0134411242647865	0.896844887415317	cluster_6
UL18	L	1h	1	PC-12	PC-12_dcDNA_1h	LT934125.1	+	93	PC-12_1h_2	0	dcDNA	PC-12_1h_2	viral_read.count	0.0149871225820593	0.0134411242647865	0.896844887415317	cluster_6
UL18	L	1h	1	PC-12	PC-12_dcDNA_1h	LT934125.1	+	158	PC-12_1h_3	0.0189873417721519	dcDNA	PC-12_1h_3	viral_read.count	0.0149871225820593	0.0134411242647865	0.896844887415317	cluster_6
UL18	L	1h	1	PK-15	PK-15_dcDNA_1h	LT934125.1	+	129	PK-15_1h_1	0	dcDNA	PK-15_1h_1	viral_read.count	0	0		cluster_6
UL18	L	1h	1	PK-15	PK-15_dcDNA_1h	LT934125.1	+	76	PK-15_1h_2	0	dcDNA	PK-15_1h_2	viral_read.count	0	0		cluster_6
UL18	L	1h	1	PK-15	PK-15_dcDNA_1h	LT934125.1	+	52	PK-15_1h_3	0	dcDNA	PK-15_1h_3	viral_read.count	0	0		cluster_6
UL18	L	2.5h	2.5	PC-12	PC-12_dcDNA_2.5h	LT934125.1	+	478	PC-12_2.5h_1	0.0251046025104603	dcDNA	PC-12_2.5h_1	viral_read.count	0.0233145185354314	0.00533372258464038	0.228772581193759	cluster_6
UL18	L	2.5h	2.5	PC-12	PC-12_dcDNA_2.5h	LT934125.1	+	231	PC-12_2.5h_2	0.0173160173160173	dcDNA	PC-12_2.5h_2	viral_read.count	0.0233145185354314	0.00533372258464038	0.228772581193759	cluster_6
UL18	L	2.5h	2.5	PC-12	PC-12_dcDNA_2.5h	LT934125.1	+	545	PC-12_2.5h_3	0.0275229357798165	dcDNA	PC-12_2.5h_3	viral_read.count	0.0233145185354314	0.00533372258464038	0.228772581193759	cluster_6
UL18	L	2h	2	C6	C6_dcDNA_2h	LT934125.1	+	243	C6_2h_1	0.0288065843621399	dcDNA	C6_2h_1	viral_read.count	0.0411126938904717	0.0174034669950155	0.423311278053929	cluster_6
UL18	L	2h	2	C6	C6_dcDNA_2h	LT934125.1	+	468	C6_2h_2	0.0534188034188034	dcDNA	C6_2h_2	viral_read.count	0.0411126938904717	0.0174034669950155	0.423311278053929	cluster_6
UL18	L	2h	2	NRK	NRK_dcDNA_2h	LT934125.1	+	99	NRK_2h_1	0.0202020202020202	dcDNA	NRK_2h_1	viral_read.count	0.0168933232890748	0.00308923976493459	0.182867498127645	cluster_6
UL18	L	2h	2	NRK	NRK_dcDNA_2h	LT934125.1	+	71	NRK_2h_2	0.0140845070422535	dcDNA	NRK_2h_2	viral_read.count	0.0168933232890748	0.00308923976493459	0.182867498127645	cluster_6
UL18	L	2h	2	NRK	NRK_dcDNA_2h	LT934125.1	+	122	NRK_2h_3	0.0163934426229508	dcDNA	NRK_2h_3	viral_read.count	0.0168933232890748	0.00308923976493459	0.182867498127645	cluster_6
UL18	L	2h	2	PC-12	PC-12_dcDNA_2h	LT934125.1	+	439	PC-12_2h_1	0.0182232346241458	dcDNA	PC-12_2h_1	viral_read.count	0.0243689882747993	0.00582995273051107	0.239236551996703	cluster_6
UL18	L	2h	2	PC-12	PC-12_dcDNA_2h	LT934125.1	+	399	PC-12_2h_2	0.025062656641604	dcDNA	PC-12_2h_2	viral_read.count	0.0243689882747993	0.00582995273051107	0.239236551996703	cluster_6
UL18	L	2h	2	PC-12	PC-12_dcDNA_2h	LT934125.1	+	503	PC-12_2h_3	0.0298210735586481	dcDNA	PC-12_2h_3	viral_read.count	0.0243689882747993	0.00582995273051107	0.239236551996703	cluster_6
UL18	L	2h	2	PK-15	PK-15_dcDNA_2h	LT934125.1	+	482	PK-15_2h_1	0.0020746887966805	dcDNA	PK-15_2h_1	viral_read.count	0.010005127236375	0.0113466852650249	1.1340870532633	cluster_6
UL18	L	2h	2	PK-15	PK-15_dcDNA_2h	LT934125.1	+	405	PK-15_2h_2	0.00493827160493827	dcDNA	PK-15_2h_2	viral_read.count	0.010005127236375	0.0113466852650249	1.1340870532633	cluster_6
UL18	L	2h	2	PK-15	PK-15_dcDNA_2h	LT934125.1	+	1652	PK-15_2h_3	0.0230024213075061	dcDNA	PK-15_2h_3	viral_read.count	0.010005127236375	0.0113466852650249	1.1340870532633	cluster_6
UL18	L	4h	4	C6	C6_dcDNA_4h	LT934125.1	+	680	C6_4h_1	0.0426470588235294	dcDNA	C6_4h_1	viral_read.count	0.0421959259894434	0.000494843416128605	0.0117272794594532	cluster_6
UL18	L	4h	4	C6	C6_dcDNA_4h	LT934125.1	+	686	C6_4h_2	0.0422740524781341	dcDNA	C6_4h_2	viral_read.count	0.0421959259894434	0.000494843416128605	0.0117272794594532	cluster_6
UL18	L	4h	4	C6	C6_dcDNA_4h	LT934125.1	+	312	C6_4h_3	0.0416666666666667	dcDNA	C6_4h_3	viral_read.count	0.0421959259894434	0.000494843416128605	0.0117272794594532	cluster_6
UL18	L	4h	4	PC-12	PC-12_dcDNA_4h	LT934125.1	+	2800	PC-12_4h_1	0.0375	dcDNA	PC-12_4h_1	viral_read.count	0.039332366730008	0.00570425871907167	0.145027090747623	cluster_6
UL18	L	4h	4	PC-12	PC-12_dcDNA_4h	LT934125.1	+	2646	PC-12_4h_2	0.0347694633408919	dcDNA	PC-12_4h_2	viral_read.count	0.039332366730008	0.00570425871907167	0.145027090747623	cluster_6
UL18	L	4h	4	PC-12	PC-12_dcDNA_4h	LT934125.1	+	2996	PC-12_4h_3	0.0457276368491322	dcDNA	PC-12_4h_3	viral_read.count	0.039332366730008	0.00570425871907167	0.145027090747623	cluster_6
UL18	L	4h	4	PK-15	PK-15_dcDNA_4h	LT934125.1	+	7826	PK-15_4h_1	0.0277280858676208	dcDNA	PK-15_4h_1	viral_read.count	0.0292593273796979	0.00234699616193807	0.0802136061257024	cluster_6
UL18	L	4h	4	PK-15	PK-15_dcDNA_4h	LT934125.1	+	8046	PK-15_4h_2	0.0280884911757395	dcDNA	PK-15_4h_2	viral_read.count	0.0292593273796979	0.00234699616193807	0.0802136061257024	cluster_6
UL18	L	4h	4	PK-15	PK-15_dcDNA_4h	LT934125.1	+	6633	PK-15_4h_3	0.0319614050957335	dcDNA	PK-15_4h_3	viral_read.count	0.0292593273796979	0.00234699616193807	0.0802136061257024	cluster_6
UL18	L	6h	6	C6	C6_dcDNA_6h	LT934125.1	+	2759	C6_6h_1	0.0369699166364625	dcDNA	C6_6h_1	viral_read.count	0.0351970051018605	0.00197011127423869	0.0559738326751712	cluster_6
UL18	L	6h	6	C6	C6_dcDNA_6h	LT934125.1	+	4220	C6_6h_2	0.0355450236966825	dcDNA	C6_6h_2	viral_read.count	0.0351970051018605	0.00197011127423869	0.0559738326751712	cluster_6
UL18	L	6h	6	C6	C6_dcDNA_6h	LT934125.1	+	3628	C6_6h_3	0.0330760749724366	dcDNA	C6_6h_3	viral_read.count	0.0351970051018605	0.00197011127423869	0.0559738326751712	cluster_6
UL18	L	6h	6	PC-12	PC-12_dcDNA_6h	LT934125.1	+	7517	PC-12_6h_1	0.0423041106824531	dcDNA	PC-12_6h_1	viral_read.count	0.0409338319299185	0.00126462920003411	0.0308944738474336	cluster_6
UL18	L	6h	6	PC-12	PC-12_dcDNA_6h	LT934125.1	+	13589	PC-12_6h_2	0.039811612333505	dcDNA	PC-12_6h_2	viral_read.count	0.0409338319299185	0.00126462920003411	0.0308944738474336	cluster_6
UL18	L	6h	6	PC-12	PC-12_dcDNA_6h	LT934125.1	+	11724	PC-12_6h_3	0.0406857727737973	dcDNA	PC-12_6h_3	viral_read.count	0.0409338319299185	0.00126462920003411	0.0308944738474336	cluster_6
UL18	L	6h	6	PK-15	PK-15_dcDNA_6h	LT934125.1	+	37872	PK-15_6h_1	0.0341677228559358	dcDNA	PK-15_6h_1	viral_read.count	0.0311402946235915	0.00840371126238806	0.269866144940758	cluster_6
UL18	L	6h	6	PK-15	PK-15_dcDNA_6h	LT934125.1	+	30337	PK-15_6h_2	0.0376108382503214	dcDNA	PK-15_6h_2	viral_read.count	0.0311402946235915	0.00840371126238806	0.269866144940758	cluster_6
UL18	L	6h	6	PK-15	PK-15_dcDNA_6h	LT934125.1	+	44912	PK-15_6h_3	0.0216423227645173	dcDNA	PK-15_6h_3	viral_read.count	0.0311402946235915	0.00840371126238806	0.269866144940758	cluster_6
UL18	L	8h	8	C6	C6_dcDNA_8h	LT934125.1	+	10124	C6_8h_1	0.0415843540102726	dcDNA	C6_8h_1	viral_read.count	0.0387853635828364	0.00290449980309646	0.0748864915728619	cluster_6
UL18	L	8h	8	C6	C6_dcDNA_8h	LT934125.1	+	10414	C6_8h_2	0.0389859804109852	dcDNA	C6_8h_2	viral_read.count	0.0387853635828364	0.00290449980309646	0.0748864915728619	cluster_6
UL18	L	8h	8	C6	C6_dcDNA_8h	LT934125.1	+	8495	C6_8h_3	0.0357857563272513	dcDNA	C6_8h_3	viral_read.count	0.0387853635828364	0.00290449980309646	0.0748864915728619	cluster_6
UL18	L	8h	8	PC-12	PC-12_dcDNA_8h	LT934125.1	+	14035	PC-12_8h_1	0.0272889205557535	dcDNA	PC-12_8h_1	viral_read.count	0.0281496885359742	0.00121730975168461	0.0432441641451534	cluster_6
UL18	L	8h	8	PC-12	PC-12_dcDNA_8h	LT934125.1	+	15684	PC-12_8h_2	0.0290104565161949	dcDNA	PC-12_8h_2	viral_read.count	0.0281496885359742	0.00121730975168461	0.0432441641451534	cluster_6
UL18	L	8h	8	PK-15	PK-15_dcDNA_8h	LT934125.1	+	69419	PK-15_8h_1	0.0331609501721431	dcDNA	PK-15_8h_1	viral_read.count	0.028724144560551	0.00437758154818703	0.152400763022168	cluster_6
UL18	L	8h	8	PK-15	PK-15_dcDNA_8h	LT934125.1	+	74319	PK-15_8h_2	0.0244082939759685	dcDNA	PK-15_8h_2	viral_read.count	0.028724144560551	0.00437758154818703	0.152400763022168	cluster_6
UL18	L	8h	8	PK-15	PK-15_dcDNA_8h	LT934125.1	+	70167	PK-15_8h_3	0.0286031895335414	dcDNA	PK-15_8h_3	viral_read.count	0.028724144560551	0.00437758154818703	0.152400763022168	cluster_6
UL19	L	""		C6	C6_dRNA	LT934125.1	+	3	C6_dRNA	0	dcDNA	C6_dRNA	viral_read.count	0			cluster_1
UL19	L	""		PC-12	PC-12_dRNA	LT934125.1	+	20	PC-12_dRNA	0	dcDNA	PC-12_dRNA	viral_read.count	0			cluster_1
UL19	L	""		PK-15	PK-15_dRNA	LT934125.1	+	68	PK-15_dRNA	0	dcDNA	PK-15_dRNA	viral_read.count	0			cluster_1
UL19	L	0.5h	0.5	PC-12	PC-12_dcDNA_0.5h	LT934125.1	+	13	PC-12_0.5h_1	0	dcDNA	PC-12_0.5h_1	viral_read.count	0	0		cluster_1
UL19	L	0.5h	0.5	PC-12	PC-12_dcDNA_0.5h	LT934125.1	+	13	PC-12_0.5h_2	0	dcDNA	PC-12_0.5h_2	viral_read.count	0	0		cluster_1
UL19	L	0.5h	0.5	PC-12	PC-12_dcDNA_0.5h	LT934125.1	+	2	PC-12_0.5h_3	0	dcDNA	PC-12_0.5h_3	viral_read.count	0	0		cluster_1
UL19	L	1.5h	1.5	PC-12	PC-12_dcDNA_1.5h	LT934125.1	+	138	PC-12_1.5h_1	0	dcDNA	PC-12_1.5h_1	viral_read.count	0	0		cluster_1
UL19	L	1.5h	1.5	PC-12	PC-12_dcDNA_1.5h	LT934125.1	+	129	PC-12_1.5h_2	0	dcDNA	PC-12_1.5h_2	viral_read.count	0	0		cluster_1
UL19	L	1.5h	1.5	PC-12	PC-12_dcDNA_1.5h	LT934125.1	+	152	PC-12_1.5h_3	0	dcDNA	PC-12_1.5h_3	viral_read.count	0	0		cluster_1
UL19	L	12h	12	C6	C6_dcDNA_12h	LT934125.1	+	56266	C6_12h_1	0.0055450893967938	dcDNA	C6_12h_1	viral_read.count	0.00567732420732681	0.0010075475976061	0.177468744220353	cluster_1
UL19	L	12h	12	C6	C6_dcDNA_12h	LT934125.1	+	49131	C6_12h_2	0.00474242331725387	dcDNA	C6_12h_2	viral_read.count	0.00567732420732681	0.0010075475976061	0.177468744220353	cluster_1
UL19	L	12h	12	C6	C6_dcDNA_12h	LT934125.1	+	28023	C6_12h_3	0.00674445990793277	dcDNA	C6_12h_3	viral_read.count	0.00567732420732681	0.0010075475976061	0.177468744220353	cluster_1
UL19	L	12h	12	PC-12	PC-12_dcDNA_12h	LT934125.1	+	40118	PC-12_12h_1	0.00296624956378683	dcDNA	PC-12_12h_1	viral_read.count	0.00300719165732947	0.000225730422758007	0.075063530522849	cluster_1
UL19	L	12h	12	PC-12	PC-12_dcDNA_12h	LT934125.1	+	64296	PC-12_12h_2	0.00325059101654846	dcDNA	PC-12_12h_2	viral_read.count	0.00300719165732947	0.000225730422758007	0.075063530522849	cluster_1
UL19	L	12h	12	PC-12	PC-12_dcDNA_12h	LT934125.1	+	35654	PC-12_12h_3	0.00280473439165311	dcDNA	PC-12_12h_3	viral_read.count	0.00300719165732947	0.000225730422758007	0.075063530522849	cluster_1
UL19	L	12h	12	PK-15	PK-15_dcDNA_12h	LT934125.1	+	137055	PK-15_12h_1	0.00547955200466966	dcDNA	PK-15_12h_1	viral_read.count	0.00481471603500842	0.0026643158115387	0.553369252135767	cluster_1
UL19	L	12h	12	PK-15	PK-15_dcDNA_12h	LT934125.1	+	155287	PK-15_12h_2	0.00708365800099171	dcDNA	PK-15_12h_2	viral_read.count	0.00481471603500842	0.0026643158115387	0.553369252135767	cluster_1
UL19	L	12h	12	PK-15	PK-15_dcDNA_12h	LT934125.1	+	135039	PK-15_12h_3	0.00188093809936389	dcDNA	PK-15_12h_3	viral_read.count	0.00481471603500842	0.0026643158115387	0.553369252135767	cluster_1
UL19	L	1h	1	C6	C6_dcDNA_1h	LT934125.1	+	246	C6_1h_1	0	dcDNA	C6_1h_1	viral_read.count	0	0		cluster_1
UL19	L	1h	1	C6	C6_dcDNA_1h	LT934125.1	+	240	C6_1h_2	0	dcDNA	C6_1h_2	viral_read.count	0	0		cluster_1
UL19	L	1h	1	C6	C6_dcDNA_1h	LT934125.1	+	102	C6_1h_3	0	dcDNA	C6_1h_3	viral_read.count	0	0		cluster_1
UL19	L	1h	1	NRK	NRK_dcDNA_1h	LT934125.1	+	25	NRK_1h_1	0.04	dcDNA	NRK_1h_1	viral_read.count	0.0133333333333333	0.023094010767585	1.73205080756888	cluster_1
UL19	L	1h	1	NRK	NRK_dcDNA_1h	LT934125.1	+	54	NRK_1h_2	0	dcDNA	NRK_1h_2	viral_read.count	0.0133333333333333	0.023094010767585	1.73205080756888	cluster_1
UL19	L	1h	1	NRK	NRK_dcDNA_1h	LT934125.1	+	20	NRK_1h_3	0	dcDNA	NRK_1h_3	viral_read.count	0.0133333333333333	0.023094010767585	1.73205080756888	cluster_1
UL19	L	1h	1	PC-12	PC-12_dcDNA_1h	LT934125.1	+	154	PC-12_1h_1	0	dcDNA	PC-12_1h_1	viral_read.count	0	0		cluster_1
UL19	L	1h	1	PC-12	PC-12_dcDNA_1h	LT934125.1	+	93	PC-12_1h_2	0	dcDNA	PC-12_1h_2	viral_read.count	0	0		cluster_1
UL19	L	1h	1	PC-12	PC-12_dcDNA_1h	LT934125.1	+	158	PC-12_1h_3	0	dcDNA	PC-12_1h_3	viral_read.count	0	0		cluster_1
UL19	L	1h	1	PK-15	PK-15_dcDNA_1h	LT934125.1	+	129	PK-15_1h_1	0	dcDNA	PK-15_1h_1	viral_read.count	0.0043859649122807	0.00759671406828455	1.73205080756888	cluster_1
UL19	L	1h	1	PK-15	PK-15_dcDNA_1h	LT934125.1	+	76	PK-15_1h_2	0.0131578947368421	dcDNA	PK-15_1h_2	viral_read.count	0.0043859649122807	0.00759671406828455	1.73205080756888	cluster_1
UL19	L	1h	1	PK-15	PK-15_dcDNA_1h	LT934125.1	+	52	PK-15_1h_3	0	dcDNA	PK-15_1h_3	viral_read.count	0.0043859649122807	0.00759671406828455	1.73205080756888	cluster_1
UL19	L	2.5h	2.5	PC-12	PC-12_dcDNA_2.5h	LT934125.1	+	478	PC-12_2.5h_1	0	dcDNA	PC-12_2.5h_1	viral_read.count	0	0		cluster_1
UL19	L	2.5h	2.5	PC-12	PC-12_dcDNA_2.5h	LT934125.1	+	231	PC-12_2.5h_2	0	dcDNA	PC-12_2.5h_2	viral_read.count	0	0		cluster_1
UL19	L	2.5h	2.5	PC-12	PC-12_dcDNA_2.5h	LT934125.1	+	545	PC-12_2.5h_3	0	dcDNA	PC-12_2.5h_3	viral_read.count	0	0		cluster_1
UL19	L	2h	2	C6	C6_dcDNA_2h	LT934125.1	+	243	C6_2h_1	0	dcDNA	C6_2h_1	viral_read.count	0.00320512820512821	0.00453273577683684	1.4142135623731	cluster_1
UL19	L	2h	2	C6	C6_dcDNA_2h	LT934125.1	+	468	C6_2h_2	0.00641025641025641	dcDNA	C6_2h_2	viral_read.count	0.00320512820512821	0.00453273577683684	1.4142135623731	cluster_1
UL19	L	2h	2	NRK	NRK_dcDNA_2h	LT934125.1	+	99	NRK_2h_1	0	dcDNA	NRK_2h_1	viral_read.count	0.00469483568075117	0.00813169393224824	1.73205080756888	cluster_1
UL19	L	2h	2	NRK	NRK_dcDNA_2h	LT934125.1	+	71	NRK_2h_2	0.0140845070422535	dcDNA	NRK_2h_2	viral_read.count	0.00469483568075117	0.00813169393224824	1.73205080756888	cluster_1
UL19	L	2h	2	NRK	NRK_dcDNA_2h	LT934125.1	+	122	NRK_2h_3	0	dcDNA	NRK_2h_3	viral_read.count	0.00469483568075117	0.00813169393224824	1.73205080756888	cluster_1
UL19	L	2h	2	PC-12	PC-12_dcDNA_2h	LT934125.1	+	439	PC-12_2h_1	0.00227790432801822	dcDNA	PC-12_2h_1	viral_read.count	0.00208468248972377	0.00199510139562632	0.957028902703875	cluster_1
UL19	L	2h	2	PC-12	PC-12_dcDNA_2h	LT934125.1	+	399	PC-12_2h_2	0	dcDNA	PC-12_2h_2	viral_read.count	0.00208468248972377	0.00199510139562632	0.957028902703875	cluster_1
UL19	L	2h	2	PC-12	PC-12_dcDNA_2h	LT934125.1	+	503	PC-12_2h_3	0.00397614314115308	dcDNA	PC-12_2h_3	viral_read.count	0.00208468248972377	0.00199510139562632	0.957028902703875	cluster_1
UL19	L	2h	2	PK-15	PK-15_dcDNA_2h	LT934125.1	+	482	PK-15_2h_1	0.0020746887966805	dcDNA	PK-15_2h_1	viral_read.count	0.0023217107017343	0.000215259733036206	0.0927160015567006	cluster_1
UL19	L	2h	2	PK-15	PK-15_dcDNA_2h	LT934125.1	+	405	PK-15_2h_2	0.00246913580246914	dcDNA	PK-15_2h_2	viral_read.count	0.0023217107017343	0.000215259733036206	0.0927160015567006	cluster_1
UL19	L	2h	2	PK-15	PK-15_dcDNA_2h	LT934125.1	+	1652	PK-15_2h_3	0.00242130750605327	dcDNA	PK-15_2h_3	viral_read.count	0.0023217107017343	0.000215259733036206	0.0927160015567006	cluster_1
UL19	L	4h	4	C6	C6_dcDNA_4h	LT934125.1	+	680	C6_4h_1	0.00441176470588235	dcDNA	C6_4h_1	viral_read.count	0.00195649688446807	0.00224777585418874	1.1488778091256	cluster_1
UL19	L	4h	4	C6	C6_dcDNA_4h	LT934125.1	+	686	C6_4h_2	0.00145772594752187	dcDNA	C6_4h_2	viral_read.count	0.00195649688446807	0.00224777585418874	1.1488778091256	cluster_1
UL19	L	4h	4	C6	C6_dcDNA_4h	LT934125.1	+	312	C6_4h_3	0	dcDNA	C6_4h_3	viral_read.count	0.00195649688446807	0.00224777585418874	1.1488778091256	cluster_1
UL19	L	4h	4	PC-12	PC-12_dcDNA_4h	LT934125.1	+	2800	PC-12_4h_1	0.00321428571428571	dcDNA	PC-12_4h_1	viral_read.count	0.00274679584537172	0.000651458767457717	0.237170435711634	cluster_1
UL19	L	4h	4	PC-12	PC-12_dcDNA_4h	LT934125.1	+	2646	PC-12_4h_2	0.00302343159486017	dcDNA	PC-12_4h_2	viral_read.count	0.00274679584537172	0.000651458767457717	0.237170435711634	cluster_1
UL19	L	4h	4	PC-12	PC-12_dcDNA_4h	LT934125.1	+	2996	PC-12_4h_3	0.00200267022696929	dcDNA	PC-12_4h_3	viral_read.count	0.00274679584537172	0.000651458767457717	0.237170435711634	cluster_1
UL19	L	4h	4	PK-15	PK-15_dcDNA_4h	LT934125.1	+	7826	PK-15_4h_1	0.00204446716074623	dcDNA	PK-15_4h_1	viral_read.count	0.00162478738577486	0.000655033449678449	0.40315025548162	cluster_1
UL19	L	4h	4	PK-15	PK-15_dcDNA_4h	LT934125.1	+	8046	PK-15_4h_2	0.000869997514292816	dcDNA	PK-15_4h_2	viral_read.count	0.00162478738577486	0.000655033449678449	0.40315025548162	cluster_1
UL19	L	4h	4	PK-15	PK-15_dcDNA_4h	LT934125.1	+	6633	PK-15_4h_3	0.00195989748228554	dcDNA	PK-15_4h_3	viral_read.count	0.00162478738577486	0.000655033449678449	0.40315025548162	cluster_1
UL19	L	6h	6	C6	C6_dcDNA_6h	LT934125.1	+	2759	C6_6h_1	0.00434940195723088	dcDNA	C6_6h_1	viral_read.count	0.00426100576065214	0.00184872508435202	0.433870590231043	cluster_1
UL19	L	6h	6	C6	C6_dcDNA_6h	LT934125.1	+	4220	C6_6h_2	0.0023696682464455	dcDNA	C6_6h_2	viral_read.count	0.00426100576065214	0.00184872508435202	0.433870590231043	cluster_1
UL19	L	6h	6	C6	C6_dcDNA_6h	LT934125.1	+	3628	C6_6h_3	0.00606394707828004	dcDNA	C6_6h_3	viral_read.count	0.00426100576065214	0.00184872508435202	0.433870590231043	cluster_1
UL19	L	6h	6	PC-12	PC-12_dcDNA_6h	LT934125.1	+	7517	PC-12_6h_1	0.00319276307037382	dcDNA	PC-12_6h_1	viral_read.count	0.00272946861913144	0.0007707622231957	0.282385449604828	cluster_1
UL19	L	6h	6	PC-12	PC-12_dcDNA_6h	LT934125.1	+	13589	PC-12_6h_2	0.00183972330561484	dcDNA	PC-12_6h_2	viral_read.count	0.00272946861913144	0.0007707622231957	0.282385449604828	cluster_1
UL19	L	6h	6	PC-12	PC-12_dcDNA_6h	LT934125.1	+	11724	PC-12_6h_3	0.00315591948140566	dcDNA	PC-12_6h_3	viral_read.count	0.00272946861913144	0.0007707622231957	0.282385449604828	cluster_1
UL19	L	6h	6	PK-15	PK-15_dcDNA_6h	LT934125.1	+	37872	PK-15_6h_1	0.00182192648922687	dcDNA	PK-15_6h_1	viral_read.count	0.00220057029877622	0.000359933838967515	0.163563890309562	cluster_1
UL19	L	6h	6	PK-15	PK-15_dcDNA_6h	LT934125.1	+	30337	PK-15_6h_2	0.00224148729274483	dcDNA	PK-15_6h_2	viral_read.count	0.00220057029877622	0.000359933838967515	0.163563890309562	cluster_1
UL19	L	6h	6	PK-15	PK-15_dcDNA_6h	LT934125.1	+	44912	PK-15_6h_3	0.00253829711435697	dcDNA	PK-15_6h_3	viral_read.count	0.00220057029877622	0.000359933838967515	0.163563890309562	cluster_1
UL19	L	8h	8	C6	C6_dcDNA_8h	LT934125.1	+	10124	C6_8h_1	0.00207427894112999	dcDNA	C6_8h_1	viral_read.count	0.00206266563820485	5.65828339230173e-05	0.0274318982558229	cluster_1
UL19	L	8h	8	C6	C6_dcDNA_8h	LT934125.1	+	10414	C6_8h_2	0.00211254081044747	dcDNA	C6_8h_2	viral_read.count	0.00206266563820485	5.65828339230173e-05	0.0274318982558229	cluster_1
UL19	L	8h	8	C6	C6_dcDNA_8h	LT934125.1	+	8495	C6_8h_3	0.00200117716303708	dcDNA	C6_8h_3	viral_read.count	0.00206266563820485	5.65828339230173e-05	0.0274318982558229	cluster_1
UL19	L	8h	8	PC-12	PC-12_dcDNA_8h	LT934125.1	+	14035	PC-12_8h_1	0.0017100106875668	dcDNA	PC-12_8h_1	viral_read.count	0.00346913439249547	0.00248777660140212	0.71711739008548	cluster_1
UL19	L	8h	8	PC-12	PC-12_dcDNA_8h	LT934125.1	+	15684	PC-12_8h_2	0.00522825809742413	dcDNA	PC-12_8h_2	viral_read.count	0.00346913439249547	0.00248777660140212	0.71711739008548	cluster_1
UL19	L	8h	8	PK-15	PK-15_dcDNA_8h	LT934125.1	+	69419	PK-15_8h_1	0.00731788127169795	dcDNA	PK-15_8h_1	viral_read.count	0.00459663491972679	0.00258809853365857	0.563042003303669	cluster_1
UL19	L	8h	8	PK-15	PK-15_dcDNA_8h	LT934125.1	+	74319	PK-15_8h_2	0.00430576299465816	dcDNA	PK-15_8h_2	viral_read.count	0.00459663491972679	0.00258809853365857	0.563042003303669	cluster_1
UL19	L	8h	8	PK-15	PK-15_dcDNA_8h	LT934125.1	+	70167	PK-15_8h_3	0.00216626049282426	dcDNA	PK-15_8h_3	viral_read.count	0.00459663491972679	0.00258809853365857	0.563042003303669	cluster_1
UL2	E	""		C6	C6_dRNA	LT934125.1	-	3	C6_dRNA	0	dcDNA	C6_dRNA	viral_read.count	0			cluster_1
UL2	E	""		PC-12	PC-12_dRNA	LT934125.1	-	20	PC-12_dRNA	0	dcDNA	PC-12_dRNA	viral_read.count	0			cluster_1
UL2	E	""		PK-15	PK-15_dRNA	LT934125.1	-	68	PK-15_dRNA	0	dcDNA	PK-15_dRNA	viral_read.count	0			cluster_1
UL2	E	0.5h	0.5	PC-12	PC-12_dcDNA_0.5h	LT934125.1	-	13	PC-12_0.5h_1	0	dcDNA	PC-12_0.5h_1	viral_read.count	0	0		cluster_1
UL2	E	0.5h	0.5	PC-12	PC-12_dcDNA_0.5h	LT934125.1	-	13	PC-12_0.5h_2	0	dcDNA	PC-12_0.5h_2	viral_read.count	0	0		cluster_1
UL2	E	0.5h	0.5	PC-12	PC-12_dcDNA_0.5h	LT934125.1	-	2	PC-12_0.5h_3	0	dcDNA	PC-12_0.5h_3	viral_read.count	0	0		cluster_1
UL2	E	1.5h	1.5	PC-12	PC-12_dcDNA_1.5h	LT934125.1	-	138	PC-12_1.5h_1	0	dcDNA	PC-12_1.5h_1	viral_read.count	0	0		cluster_1
UL2	E	1.5h	1.5	PC-12	PC-12_dcDNA_1.5h	LT934125.1	-	129	PC-12_1.5h_2	0	dcDNA	PC-12_1.5h_2	viral_read.count	0	0		cluster_1
UL2	E	1.5h	1.5	PC-12	PC-12_dcDNA_1.5h	LT934125.1	-	152	PC-12_1.5h_3	0	dcDNA	PC-12_1.5h_3	viral_read.count	0	0		cluster_1
UL2	E	12h	12	C6	C6_dcDNA_12h	LT934125.1	-	56266	C6_12h_1	0.00138627234919845	dcDNA	C6_12h_1	viral_read.count	0.00263015608517666	0.00108603499972477	0.412916558772148	cluster_1
UL2	E	12h	12	C6	C6_dcDNA_12h	LT934125.1	-	49131	C6_12h_2	0.00311412346583623	dcDNA	C6_12h_2	viral_read.count	0.00263015608517666	0.00108603499972477	0.412916558772148	cluster_1
UL2	E	12h	12	C6	C6_dcDNA_12h	LT934125.1	-	28023	C6_12h_3	0.00339007244049531	dcDNA	C6_12h_3	viral_read.count	0.00263015608517666	0.00108603499972477	0.412916558772148	cluster_1
UL2	E	12h	12	PC-12	PC-12_dcDNA_12h	LT934125.1	-	40118	PC-12_12h_1	0.000398823470761254	dcDNA	PC-12_12h_1	viral_read.count	0.000342700065925805	0.00019632543749022	0.572878318420648	cluster_1
UL2	E	12h	12	PC-12	PC-12_dcDNA_12h	LT934125.1	-	64296	PC-12_12h_2	0.000124424536518601	dcDNA	PC-12_12h_2	viral_read.count	0.000342700065925805	0.00019632543749022	0.572878318420648	cluster_1
UL2	E	12h	12	PC-12	PC-12_dcDNA_12h	LT934125.1	-	35654	PC-12_12h_3	0.00050485219049756	dcDNA	PC-12_12h_3	viral_read.count	0.000342700065925805	0.00019632543749022	0.572878318420648	cluster_1
UL2	E	12h	12	PK-15	PK-15_dcDNA_12h	LT934125.1	-	137055	PK-15_12h_1	8.75560906205538e-05	dcDNA	PK-15_12h_1	viral_read.count	9.229232011806e-05	2.41743658165469e-05	0.26193258318377	cluster_1
UL2	E	12h	12	PK-15	PK-15_dcDNA_12h	LT934125.1	-	155287	PK-15_12h_2	7.08365800099171e-05	dcDNA	PK-15_12h_2	viral_read.count	9.229232011806e-05	2.41743658165469e-05	0.26193258318377	cluster_1
UL2	E	12h	12	PK-15	PK-15_dcDNA_12h	LT934125.1	-	135039	PK-15_12h_3	0.000118484289723709	dcDNA	PK-15_12h_3	viral_read.count	9.229232011806e-05	2.41743658165469e-05	0.26193258318377	cluster_1
UL2	E	1h	1	C6	C6_dcDNA_1h	LT934125.1	-	246	C6_1h_1	0.00813008130081301	dcDNA	C6_1h_1	viral_read.count	0.00409891598915989	0.00406546407008896	0.991838837595257	cluster_1
UL2	E	1h	1	C6	C6_dcDNA_1h	LT934125.1	-	240	C6_1h_2	0.00416666666666667	dcDNA	C6_1h_2	viral_read.count	0.00409891598915989	0.00406546407008896	0.991838837595257	cluster_1
UL2	E	1h	1	C6	C6_dcDNA_1h	LT934125.1	-	102	C6_1h_3	0	dcDNA	C6_1h_3	viral_read.count	0.00409891598915989	0.00406546407008896	0.991838837595257	cluster_1
UL2	E	1h	1	NRK	NRK_dcDNA_1h	LT934125.1	-	25	NRK_1h_1	0	dcDNA	NRK_1h_1	viral_read.count	0	0		cluster_1
UL2	E	1h	1	NRK	NRK_dcDNA_1h	LT934125.1	-	54	NRK_1h_2	0	dcDNA	NRK_1h_2	viral_read.count	0	0		cluster_1
UL2	E	1h	1	NRK	NRK_dcDNA_1h	LT934125.1	-	20	NRK_1h_3	0	dcDNA	NRK_1h_3	viral_read.count	0	0		cluster_1
UL2	E	1h	1	PC-12	PC-12_dcDNA_1h	LT934125.1	-	154	PC-12_1h_1	0	dcDNA	PC-12_1h_1	viral_read.count	0.00210970464135021	0.00365411562778244	1.73205080756888	cluster_1
UL2	E	1h	1	PC-12	PC-12_dcDNA_1h	LT934125.1	-	93	PC-12_1h_2	0	dcDNA	PC-12_1h_2	viral_read.count	0.00210970464135021	0.00365411562778244	1.73205080756888	cluster_1
UL2	E	1h	1	PC-12	PC-12_dcDNA_1h	LT934125.1	-	158	PC-12_1h_3	0.00632911392405063	dcDNA	PC-12_1h_3	viral_read.count	0.00210970464135021	0.00365411562778244	1.73205080756888	cluster_1
UL2	E	1h	1	PK-15	PK-15_dcDNA_1h	LT934125.1	-	129	PK-15_1h_1	0	dcDNA	PK-15_1h_1	viral_read.count	0	0		cluster_1
UL2	E	1h	1	PK-15	PK-15_dcDNA_1h	LT934125.1	-	76	PK-15_1h_2	0	dcDNA	PK-15_1h_2	viral_read.count	0	0		cluster_1
UL2	E	1h	1	PK-15	PK-15_dcDNA_1h	LT934125.1	-	52	PK-15_1h_3	0	dcDNA	PK-15_1h_3	viral_read.count	0	0		cluster_1
UL2	E	2.5h	2.5	PC-12	PC-12_dcDNA_2.5h	LT934125.1	-	478	PC-12_2.5h_1	0.00209205020920502	dcDNA	PC-12_2.5h_1	viral_read.count	0.00214035151273645	0.00216490632177854	1.01147232540822	cluster_1
UL2	E	2.5h	2.5	PC-12	PC-12_dcDNA_2.5h	LT934125.1	-	231	PC-12_2.5h_2	0.00432900432900433	dcDNA	PC-12_2.5h_2	viral_read.count	0.00214035151273645	0.00216490632177854	1.01147232540822	cluster_1
UL2	E	2.5h	2.5	PC-12	PC-12_dcDNA_2.5h	LT934125.1	-	545	PC-12_2.5h_3	0	dcDNA	PC-12_2.5h_3	viral_read.count	0.00214035151273645	0.00216490632177854	1.01147232540822	cluster_1
UL2	E	2h	2	C6	C6_dcDNA_2h	LT934125.1	-	243	C6_2h_1	0	dcDNA	C6_2h_1	viral_read.count	0	0		cluster_1
UL2	E	2h	2	C6	C6_dcDNA_2h	LT934125.1	-	468	C6_2h_2	0	dcDNA	C6_2h_2	viral_read.count	0	0		cluster_1
UL2	E	2h	2	NRK	NRK_dcDNA_2h	LT934125.1	-	99	NRK_2h_1	0	dcDNA	NRK_2h_1	viral_read.count	0	0		cluster_1
UL2	E	2h	2	NRK	NRK_dcDNA_2h	LT934125.1	-	71	NRK_2h_2	0	dcDNA	NRK_2h_2	viral_read.count	0	0		cluster_1
UL2	E	2h	2	NRK	NRK_dcDNA_2h	LT934125.1	-	122	NRK_2h_3	0	dcDNA	NRK_2h_3	viral_read.count	0	0		cluster_1
UL2	E	2h	2	PC-12	PC-12_dcDNA_2h	LT934125.1	-	439	PC-12_2h_1	0	dcDNA	PC-12_2h_1	viral_read.count	0.00149811241157898	0.0013230218735726	0.883125901198667	cluster_1
UL2	E	2h	2	PC-12	PC-12_dcDNA_2h	LT934125.1	-	399	PC-12_2h_2	0.0025062656641604	dcDNA	PC-12_2h_2	viral_read.count	0.00149811241157898	0.0013230218735726	0.883125901198667	cluster_1
UL2	E	2h	2	PC-12	PC-12_dcDNA_2h	LT934125.1	-	503	PC-12_2h_3	0.00198807157057654	dcDNA	PC-12_2h_3	viral_read.count	0.00149811241157898	0.0013230218735726	0.883125901198667	cluster_1
UL2	E	2h	2	PK-15	PK-15_dcDNA_2h	LT934125.1	-	482	PK-15_2h_1	0	dcDNA	PK-15_2h_1	viral_read.count	0.00164609053497942	0.0028511124404426	1.73205080756888	cluster_1
UL2	E	2h	2	PK-15	PK-15_dcDNA_2h	LT934125.1	-	405	PK-15_2h_2	0.00493827160493827	dcDNA	PK-15_2h_2	viral_read.count	0.00164609053497942	0.0028511124404426	1.73205080756888	cluster_1
UL2	E	2h	2	PK-15	PK-15_dcDNA_2h	LT934125.1	-	1652	PK-15_2h_3	0	dcDNA	PK-15_2h_3	viral_read.count	0.00164609053497942	0.0028511124404426	1.73205080756888	cluster_1
UL2	E	4h	4	C6	C6_dcDNA_4h	LT934125.1	-	680	C6_4h_1	0.00441176470588235	dcDNA	C6_4h_1	viral_read.count	0.00302487295284414	0.00148524584276677	0.491010983244855	cluster_1
UL2	E	4h	4	C6	C6_dcDNA_4h	LT934125.1	-	686	C6_4h_2	0.00145772594752187	dcDNA	C6_4h_2	viral_read.count	0.00302487295284414	0.00148524584276677	0.491010983244855	cluster_1
UL2	E	4h	4	C6	C6_dcDNA_4h	LT934125.1	-	312	C6_4h_3	0.00320512820512821	dcDNA	C6_4h_3	viral_read.count	0.00302487295284414	0.00148524584276677	0.491010983244855	cluster_1
UL2	E	4h	4	PC-12	PC-12_dcDNA_4h	LT934125.1	-	2800	PC-12_4h_1	0.000714285714285714	dcDNA	PC-12_4h_1	viral_read.count	0.000697849925709295	0.000312027903764266	0.447127515915575	cluster_1
UL2	E	4h	4	PC-12	PC-12_dcDNA_4h	LT934125.1	-	2646	PC-12_4h_2	0.000377928949357521	dcDNA	PC-12_4h_2	viral_read.count	0.000697849925709295	0.000312027903764266	0.447127515915575	cluster_1
UL2	E	4h	4	PC-12	PC-12_dcDNA_4h	LT934125.1	-	2996	PC-12_4h_3	0.00100133511348465	dcDNA	PC-12_4h_3	viral_read.count	0.000697849925709295	0.000312027903764266	0.447127515915575	cluster_1
UL2	E	4h	4	PK-15	PK-15_dcDNA_4h	LT934125.1	-	7826	PK-15_4h_1	0.00127779197546639	dcDNA	PK-15_4h_1	viral_read.count	0.00106770630109919	0.000204178772526018	0.19123121434782	cluster_1
UL2	E	4h	4	PK-15	PK-15_dcDNA_4h	LT934125.1	-	8046	PK-15_4h_2	0.000869997514292816	dcDNA	PK-15_4h_2	viral_read.count	0.00106770630109919	0.000204178772526018	0.19123121434782	cluster_1
UL2	E	4h	4	PK-15	PK-15_dcDNA_4h	LT934125.1	-	6633	PK-15_4h_3	0.00105532941353837	dcDNA	PK-15_4h_3	viral_read.count	0.00106770630109919	0.000204178772526018	0.19123121434782	cluster_1
UL2	E	6h	6	C6	C6_dcDNA_6h	LT934125.1	-	2759	C6_6h_1	0.00253715114171801	dcDNA	C6_6h_1	viral_read.count	0.00230453045393572	0.00035515076170225	0.154109814906423	cluster_1
UL2	E	6h	6	C6	C6_dcDNA_6h	LT934125.1	-	4220	C6_6h_2	0.0018957345971564	dcDNA	C6_6h_2	viral_read.count	0.00230453045393572	0.00035515076170225	0.154109814906423	cluster_1
UL2	E	6h	6	C6	C6_dcDNA_6h	LT934125.1	-	3628	C6_6h_3	0.00248070562293275	dcDNA	C6_6h_3	viral_read.count	0.00230453045393572	0.00035515076170225	0.154109814906423	cluster_1
UL2	E	6h	6	PC-12	PC-12_dcDNA_6h	LT934125.1	-	7517	PC-12_6h_1	0.00106425435679127	dcDNA	PC-12_6h_1	viral_read.count	0.000912796670448999	0.00016565525329615	0.181481000817701	cluster_1
UL2	E	6h	6	PC-12	PC-12_dcDNA_6h	LT934125.1	-	13589	PC-12_6h_2	0.000735889322245934	dcDNA	PC-12_6h_2	viral_read.count	0.000912796670448999	0.00016565525329615	0.181481000817701	cluster_1
UL2	E	6h	6	PC-12	PC-12_dcDNA_6h	LT934125.1	-	11724	PC-12_6h_3	0.000938246332309792	dcDNA	PC-12_6h_3	viral_read.count	0.000912796670448999	0.00016565525329615	0.181481000817701	cluster_1
UL2	E	6h	6	PK-15	PK-15_dcDNA_6h	LT934125.1	-	37872	PK-15_6h_1	0.000633713561470215	dcDNA	PK-15_6h_1	viral_read.count	0.000646808027289872	0.000126455984318893	0.195507753434576	cluster_1
UL2	E	6h	6	PK-15	PK-15_dcDNA_6h	LT934125.1	-	30337	PK-15_6h_2	0.00052740877476349	dcDNA	PK-15_6h_2	viral_read.count	0.000646808027289872	0.000126455984318893	0.195507753434576	cluster_1
UL2	E	6h	6	PK-15	PK-15_dcDNA_6h	LT934125.1	-	44912	PK-15_6h_3	0.00077930174563591	dcDNA	PK-15_6h_3	viral_read.count	0.000646808027289872	0.000126455984318893	0.195507753434576	cluster_1
UL2	E	8h	8	C6	C6_dcDNA_8h	LT934125.1	-	10124	C6_8h_1	0.00385223231924141	dcDNA	C6_8h_1	viral_read.count	0.00234555129594779	0.0013060173693927	0.556806142610908	cluster_1
UL2	E	8h	8	C6	C6_dcDNA_8h	LT934125.1	-	10414	C6_8h_2	0.00153639331668907	dcDNA	C6_8h_2	viral_read.count	0.00234555129594779	0.0013060173693927	0.556806142610908	cluster_1
UL2	E	8h	8	C6	C6_dcDNA_8h	LT934125.1	-	8495	C6_8h_3	0.00164802825191289	dcDNA	C6_8h_3	viral_read.count	0.00234555129594779	0.0013060173693927	0.556806142610908	cluster_1
UL2	E	8h	8	PC-12	PC-12_dcDNA_8h	LT934125.1	-	14035	PC-12_8h_1	0.000855005343783399	dcDNA	PC-12_8h_1	viral_read.count	0.000618780407163314	0.000334072509138849	0.539888634597116	cluster_1
UL2	E	8h	8	PC-12	PC-12_dcDNA_8h	LT934125.1	-	15684	PC-12_8h_2	0.000382555470543229	dcDNA	PC-12_8h_2	viral_read.count	0.000618780407163314	0.000334072509138849	0.539888634597116	cluster_1
UL2	E	8h	8	PK-15	PK-15_dcDNA_8h	LT934125.1	-	69419	PK-15_8h_1	0.000821100851351935	dcDNA	PK-15_8h_1	viral_read.count	0.000634690388843789	0.000171232445803781	0.269788937746031	cluster_1
UL2	E	8h	8	PK-15	PK-15_dcDNA_8h	LT934125.1	-	74319	PK-15_8h_2	0.000484398336899043	dcDNA	PK-15_8h_2	viral_read.count	0.000634690388843789	0.000171232445803781	0.269788937746031	cluster_1
UL2	E	8h	8	PK-15	PK-15_dcDNA_8h	LT934125.1	-	70167	PK-15_8h_3	0.000598571978280388	dcDNA	PK-15_8h_3	viral_read.count	0.000634690388843789	0.000171232445803781	0.269788937746031	cluster_1
UL20	L	""		C6	C6_dRNA	LT934125.1	+	3	C6_dRNA	0	dcDNA	C6_dRNA	viral_read.count	0			cluster_1
UL20	L	""		PC-12	PC-12_dRNA	LT934125.1	+	20	PC-12_dRNA	0	dcDNA	PC-12_dRNA	viral_read.count	0			cluster_1
UL20	L	""		PK-15	PK-15_dRNA	LT934125.1	+	68	PK-15_dRNA	0	dcDNA	PK-15_dRNA	viral_read.count	0			cluster_1
UL20	L	0.5h	0.5	PC-12	PC-12_dcDNA_0.5h	LT934125.1	+	13	PC-12_0.5h_1	0	dcDNA	PC-12_0.5h_1	viral_read.count	0	0		cluster_1
UL20	L	0.5h	0.5	PC-12	PC-12_dcDNA_0.5h	LT934125.1	+	13	PC-12_0.5h_2	0	dcDNA	PC-12_0.5h_2	viral_read.count	0	0		cluster_1
UL20	L	0.5h	0.5	PC-12	PC-12_dcDNA_0.5h	LT934125.1	+	2	PC-12_0.5h_3	0	dcDNA	PC-12_0.5h_3	viral_read.count	0	0		cluster_1
UL20	L	1.5h	1.5	PC-12	PC-12_dcDNA_1.5h	LT934125.1	+	138	PC-12_1.5h_1	0	dcDNA	PC-12_1.5h_1	viral_read.count	0	0		cluster_1
UL20	L	1.5h	1.5	PC-12	PC-12_dcDNA_1.5h	LT934125.1	+	129	PC-12_1.5h_2	0	dcDNA	PC-12_1.5h_2	viral_read.count	0	0		cluster_1
UL20	L	1.5h	1.5	PC-12	PC-12_dcDNA_1.5h	LT934125.1	+	152	PC-12_1.5h_3	0	dcDNA	PC-12_1.5h_3	viral_read.count	0	0		cluster_1
UL20	L	12h	12	C6	C6_dcDNA_12h	LT934125.1	+	56266	C6_12h_1	0.000444318060640529	dcDNA	C6_12h_1	viral_read.count	0.000491035045053699	4.30814734839871e-05	0.0877360463737895	cluster_1
UL20	L	12h	12	C6	C6_dcDNA_12h	LT934125.1	+	49131	C6_12h_2	0.000529197451710733	dcDNA	C6_12h_2	viral_read.count	0.000491035045053699	4.30814734839871e-05	0.0877360463737895	cluster_1
UL20	L	12h	12	C6	C6_dcDNA_12h	LT934125.1	+	28023	C6_12h_3	0.000499589622809835	dcDNA	C6_12h_3	viral_read.count	0.000491035045053699	4.30814734839871e-05	0.0877360463737895	cluster_1
UL20	L	12h	12	PC-12	PC-12_dcDNA_12h	LT934125.1	+	40118	PC-12_12h_1	0.000274191136148362	dcDNA	PC-12_12h_1	viral_read.count	0.000365321044123145	0.000129256072752851	0.353815020602207	cluster_1
UL20	L	12h	12	PC-12	PC-12_dcDNA_12h	LT934125.1	+	64296	PC-12_12h_2	0.000513251213139231	dcDNA	PC-12_12h_2	viral_read.count	0.000365321044123145	0.000129256072752851	0.353815020602207	cluster_1
UL20	L	12h	12	PC-12	PC-12_dcDNA_12h	LT934125.1	+	35654	PC-12_12h_3	0.000308520783081842	dcDNA	PC-12_12h_3	viral_read.count	0.000365321044123145	0.000129256072752851	0.353815020602207	cluster_1
UL20	L	12h	12	PK-15	PK-15_dcDNA_12h	LT934125.1	+	137055	PK-15_12h_1	0.000328335339827077	dcDNA	PK-15_12h_1	viral_read.count	0.000286104505476795	0.00010842748097343	0.37897858613843	cluster_1
UL20	L	12h	12	PK-15	PK-15_dcDNA_12h	LT934125.1	+	155287	PK-15_12h_2	0.000367062278233207	dcDNA	PK-15_12h_2	viral_read.count	0.000286104505476795	0.00010842748097343	0.37897858613843	cluster_1
UL20	L	12h	12	PK-15	PK-15_dcDNA_12h	LT934125.1	+	135039	PK-15_12h_3	0.000162915898370101	dcDNA	PK-15_12h_3	viral_read.count	0.000286104505476795	0.00010842748097343	0.37897858613843	cluster_1
UL20	L	1h	1	C6	C6_dcDNA_1h	LT934125.1	+	246	C6_1h_1	0	dcDNA	C6_1h_1	viral_read.count	0	0		cluster_1
UL20	L	1h	1	C6	C6_dcDNA_1h	LT934125.1	+	240	C6_1h_2	0	dcDNA	C6_1h_2	viral_read.count	0	0		cluster_1
UL20	L	1h	1	C6	C6_dcDNA_1h	LT934125.1	+	102	C6_1h_3	0	dcDNA	C6_1h_3	viral_read.count	0	0		cluster_1
UL20	L	1h	1	NRK	NRK_dcDNA_1h	LT934125.1	+	25	NRK_1h_1	0	dcDNA	NRK_1h_1	viral_read.count	0	0		cluster_1
UL20	L	1h	1	NRK	NRK_dcDNA_1h	LT934125.1	+	54	NRK_1h_2	0	dcDNA	NRK_1h_2	viral_read.count	0	0		cluster_1
UL20	L	1h	1	NRK	NRK_dcDNA_1h	LT934125.1	+	20	NRK_1h_3	0	dcDNA	NRK_1h_3	viral_read.count	0	0		cluster_1
UL20	L	1h	1	PC-12	PC-12_dcDNA_1h	LT934125.1	+	154	PC-12_1h_1	0	dcDNA	PC-12_1h_1	viral_read.count	0.003584229390681	0.00620806741064113	1.73205080756888	cluster_1
UL20	L	1h	1	PC-12	PC-12_dcDNA_1h	LT934125.1	+	93	PC-12_1h_2	0.010752688172043	dcDNA	PC-12_1h_2	viral_read.count	0.003584229390681	0.00620806741064113	1.73205080756888	cluster_1
UL20	L	1h	1	PC-12	PC-12_dcDNA_1h	LT934125.1	+	158	PC-12_1h_3	0	dcDNA	PC-12_1h_3	viral_read.count	0.003584229390681	0.00620806741064113	1.73205080756888	cluster_1
UL20	L	1h	1	PK-15	PK-15_dcDNA_1h	LT934125.1	+	129	PK-15_1h_1	0	dcDNA	PK-15_1h_1	viral_read.count	0	0		cluster_1
UL20	L	1h	1	PK-15	PK-15_dcDNA_1h	LT934125.1	+	76	PK-15_1h_2	0	dcDNA	PK-15_1h_2	viral_read.count	0	0		cluster_1
UL20	L	1h	1	PK-15	PK-15_dcDNA_1h	LT934125.1	+	52	PK-15_1h_3	0	dcDNA	PK-15_1h_3	viral_read.count	0	0		cluster_1
UL20	L	2.5h	2.5	PC-12	PC-12_dcDNA_2.5h	LT934125.1	+	478	PC-12_2.5h_1	0	dcDNA	PC-12_2.5h_1	viral_read.count	0	0		cluster_1
UL20	L	2.5h	2.5	PC-12	PC-12_dcDNA_2.5h	LT934125.1	+	231	PC-12_2.5h_2	0	dcDNA	PC-12_2.5h_2	viral_read.count	0	0		cluster_1
UL20	L	2.5h	2.5	PC-12	PC-12_dcDNA_2.5h	LT934125.1	+	545	PC-12_2.5h_3	0	dcDNA	PC-12_2.5h_3	viral_read.count	0	0		cluster_1
UL20	L	2h	2	C6	C6_dcDNA_2h	LT934125.1	+	243	C6_2h_1	0.00411522633744856	dcDNA	C6_2h_1	viral_read.count	0.00312598923710035	0.00139899252371507	0.447535937459839	cluster_1
UL20	L	2h	2	C6	C6_dcDNA_2h	LT934125.1	+	468	C6_2h_2	0.00213675213675214	dcDNA	C6_2h_2	viral_read.count	0.00312598923710035	0.00139899252371507	0.447535937459839	cluster_1
UL20	L	2h	2	NRK	NRK_dcDNA_2h	LT934125.1	+	99	NRK_2h_1	0.0101010101010101	dcDNA	NRK_2h_1	viral_read.count	0.00336700336700337	0.00583182090090531	1.73205080756888	cluster_1
UL20	L	2h	2	NRK	NRK_dcDNA_2h	LT934125.1	+	71	NRK_2h_2	0	dcDNA	NRK_2h_2	viral_read.count	0.00336700336700337	0.00583182090090531	1.73205080756888	cluster_1
UL20	L	2h	2	NRK	NRK_dcDNA_2h	LT934125.1	+	122	NRK_2h_3	0	dcDNA	NRK_2h_3	viral_read.count	0.00336700336700337	0.00583182090090531	1.73205080756888	cluster_1
UL20	L	2h	2	PC-12	PC-12_dcDNA_2h	LT934125.1	+	439	PC-12_2h_1	0.00455580865603645	dcDNA	PC-12_2h_1	viral_read.count	0.002181293408871	0.00228404227997198	1.04710456222126	cluster_1
UL20	L	2h	2	PC-12	PC-12_dcDNA_2h	LT934125.1	+	399	PC-12_2h_2	0	dcDNA	PC-12_2h_2	viral_read.count	0.002181293408871	0.00228404227997198	1.04710456222126	cluster_1
UL20	L	2h	2	PC-12	PC-12_dcDNA_2h	LT934125.1	+	503	PC-12_2h_3	0.00198807157057654	dcDNA	PC-12_2h_3	viral_read.count	0.002181293408871	0.00228404227997198	1.04710456222126	cluster_1
UL20	L	2h	2	PK-15	PK-15_dcDNA_2h	LT934125.1	+	482	PK-15_2h_1	0.004149377593361	dcDNA	PK-15_2h_1	viral_read.count	0.00138312586445367	0.00239564427049638	1.73205080756888	cluster_1
UL20	L	2h	2	PK-15	PK-15_dcDNA_2h	LT934125.1	+	405	PK-15_2h_2	0	dcDNA	PK-15_2h_2	viral_read.count	0.00138312586445367	0.00239564427049638	1.73205080756888	cluster_1
UL20	L	2h	2	PK-15	PK-15_dcDNA_2h	LT934125.1	+	1652	PK-15_2h_3	0	dcDNA	PK-15_2h_3	viral_read.count	0.00138312586445367	0.00239564427049638	1.73205080756888	cluster_1
UL20	L	4h	4	C6	C6_dcDNA_4h	LT934125.1	+	680	C6_4h_1	0.00147058823529412	dcDNA	C6_4h_1	viral_read.count	0.000490196078431373	0.000849044513514157	1.73205080756888	cluster_1
UL20	L	4h	4	C6	C6_dcDNA_4h	LT934125.1	+	686	C6_4h_2	0	dcDNA	C6_4h_2	viral_read.count	0.000490196078431373	0.000849044513514157	1.73205080756888	cluster_1
UL20	L	4h	4	C6	C6_dcDNA_4h	LT934125.1	+	312	C6_4h_3	0	dcDNA	C6_4h_3	viral_read.count	0.000490196078431373	0.000849044513514157	1.73205080756888	cluster_1
UL20	L	4h	4	PC-12	PC-12_dcDNA_4h	LT934125.1	+	2800	PC-12_4h_1	0	dcDNA	PC-12_4h_1	viral_read.count	0.00011125945705385	0.000192707032439795	1.73205080756888	cluster_1
UL20	L	4h	4	PC-12	PC-12_dcDNA_4h	LT934125.1	+	2646	PC-12_4h_2	0	dcDNA	PC-12_4h_2	viral_read.count	0.00011125945705385	0.000192707032439795	1.73205080756888	cluster_1
UL20	L	4h	4	PC-12	PC-12_dcDNA_4h	LT934125.1	+	2996	PC-12_4h_3	0.000333778371161549	dcDNA	PC-12_4h_3	viral_read.count	0.00011125945705385	0.000192707032439795	1.73205080756888	cluster_1
UL20	L	4h	4	PK-15	PK-15_dcDNA_4h	LT934125.1	+	7826	PK-15_4h_1	0.000511116790186558	dcDNA	PK-15_4h_1	viral_read.count	0.000729290999882789	0.000287694038390967	0.394484558889668	cluster_1
UL20	L	4h	4	PK-15	PK-15_dcDNA_4h	LT934125.1	+	8046	PK-15_4h_2	0.00062142679592344	dcDNA	PK-15_4h_2	viral_read.count	0.000729290999882789	0.000287694038390967	0.394484558889668	cluster_1
UL20	L	4h	4	PK-15	PK-15_dcDNA_4h	LT934125.1	+	6633	PK-15_4h_3	0.00105532941353837	dcDNA	PK-15_4h_3	viral_read.count	0.000729290999882789	0.000287694038390967	0.394484558889668	cluster_1
UL20	L	6h	6	C6	C6_dcDNA_6h	LT934125.1	+	2759	C6_6h_1	0	dcDNA	C6_6h_1	viral_read.count	0.000249855869130913	0.000238016088501251	0.952613558085128	cluster_1
UL20	L	6h	6	C6	C6_dcDNA_6h	LT934125.1	+	4220	C6_6h_2	0.0004739336492891	dcDNA	C6_6h_2	viral_read.count	0.000249855869130913	0.000238016088501251	0.952613558085128	cluster_1
UL20	L	6h	6	C6	C6_dcDNA_6h	LT934125.1	+	3628	C6_6h_3	0.000275633958103638	dcDNA	C6_6h_3	viral_read.count	0.000249855869130913	0.000238016088501251	0.952613558085128	cluster_1
UL20	L	6h	6	PC-12	PC-12_dcDNA_6h	LT934125.1	+	7517	PC-12_6h_1	0.000399095383796727	dcDNA	PC-12_6h_1	viral_read.count	0.000340975136092303	7.53179523676526e-05	0.220889866724076	cluster_1
UL20	L	6h	6	PC-12	PC-12_dcDNA_6h	LT934125.1	+	13589	PC-12_6h_2	0.000367944661122967	dcDNA	PC-12_6h_2	viral_read.count	0.000340975136092303	7.53179523676526e-05	0.220889866724076	cluster_1
UL20	L	6h	6	PC-12	PC-12_dcDNA_6h	LT934125.1	+	11724	PC-12_6h_3	0.000255885363357216	dcDNA	PC-12_6h_3	viral_read.count	0.000340975136092303	7.53179523676526e-05	0.220889866724076	cluster_1
UL20	L	6h	6	PK-15	PK-15_dcDNA_6h	LT934125.1	+	37872	PK-15_6h_1	0.000924165610477398	dcDNA	PK-15_6h_1	viral_read.count	0.000613886951959221	0.000271070081440976	0.441563516826437	cluster_1
UL20	L	6h	6	PK-15	PK-15_dcDNA_6h	LT934125.1	+	30337	PK-15_6h_2	0.000494445726340772	dcDNA	PK-15_6h_2	viral_read.count	0.000613886951959221	0.000271070081440976	0.441563516826437	cluster_1
UL20	L	6h	6	PK-15	PK-15_dcDNA_6h	LT934125.1	+	44912	PK-15_6h_3	0.000423049519059494	dcDNA	PK-15_6h_3	viral_read.count	0.000613886951959221	0.000271070081440976	0.441563516826437	cluster_1
UL20	L	8h	8	C6	C6_dcDNA_8h	LT934125.1	+	10124	C6_8h_1	0	dcDNA	C6_8h_1	viral_read.count	6.4016388195378e-05	0.000110879636871447	1.73205080756888	cluster_1
UL20	L	8h	8	C6	C6_dcDNA_8h	LT934125.1	+	10414	C6_8h_2	0.000192049164586134	dcDNA	C6_8h_2	viral_read.count	6.4016388195378e-05	0.000110879636871447	1.73205080756888	cluster_1
UL20	L	8h	8	C6	C6_dcDNA_8h	LT934125.1	+	8495	C6_8h_3	0	dcDNA	C6_8h_3	viral_read.count	6.4016388195378e-05	0.000110879636871447	1.73205080756888	cluster_1
UL20	L	8h	8	PC-12	PC-12_dcDNA_8h	LT934125.1	+	14035	PC-12_8h_1	0.00021375133594585	dcDNA	PC-12_8h_1	viral_read.count	0.000585070006151961	0.000525123899367825	0.897540283805684	cluster_1
UL20	L	8h	8	PC-12	PC-12_dcDNA_8h	LT934125.1	+	15684	PC-12_8h_2	0.000956388676358072	dcDNA	PC-12_8h_2	viral_read.count	0.000585070006151961	0.000525123899367825	0.897540283805684	cluster_1
UL20	L	8h	8	PK-15	PK-15_dcDNA_8h	LT934125.1	+	69419	PK-15_8h_1	0.000792290295164148	dcDNA	PK-15_8h_1	viral_read.count	0.000653563642446238	0.000186308273139574	0.285065234721804	cluster_1
UL20	L	8h	8	PK-15	PK-15_dcDNA_8h	LT934125.1	+	74319	PK-15_8h_2	0.000726597505348565	dcDNA	PK-15_8h_2	viral_read.count	0.000653563642446238	0.000186308273139574	0.285065234721804	cluster_1
UL20	L	8h	8	PK-15	PK-15_dcDNA_8h	LT934125.1	+	70167	PK-15_8h_3	0.000441803126826001	dcDNA	PK-15_8h_3	viral_read.count	0.000653563642446238	0.000186308273139574	0.285065234721804	cluster_1
UL21	L	""		C6	C6_dRNA	LT934125.1	-	3	C6_dRNA	0	dcDNA	C6_dRNA	viral_read.count	0			cluster_1
UL21	L	""		PC-12	PC-12_dRNA	LT934125.1	-	20	PC-12_dRNA	0	dcDNA	PC-12_dRNA	viral_read.count	0			cluster_1
UL21	L	""		PK-15	PK-15_dRNA	LT934125.1	-	68	PK-15_dRNA	0	dcDNA	PK-15_dRNA	viral_read.count	0			cluster_1
UL21	L	0.5h	0.5	PC-12	PC-12_dcDNA_0.5h	LT934125.1	-	13	PC-12_0.5h_1	0	dcDNA	PC-12_0.5h_1	viral_read.count	0	0		cluster_1
UL21	L	0.5h	0.5	PC-12	PC-12_dcDNA_0.5h	LT934125.1	-	13	PC-12_0.5h_2	0	dcDNA	PC-12_0.5h_2	viral_read.count	0	0		cluster_1
UL21	L	0.5h	0.5	PC-12	PC-12_dcDNA_0.5h	LT934125.1	-	2	PC-12_0.5h_3	0	dcDNA	PC-12_0.5h_3	viral_read.count	0	0		cluster_1
UL21	L	1.5h	1.5	PC-12	PC-12_dcDNA_1.5h	LT934125.1	-	138	PC-12_1.5h_1	0	dcDNA	PC-12_1.5h_1	viral_read.count	0.00219298245614035	0.00379835703414227	1.73205080756888	cluster_1
UL21	L	1.5h	1.5	PC-12	PC-12_dcDNA_1.5h	LT934125.1	-	129	PC-12_1.5h_2	0	dcDNA	PC-12_1.5h_2	viral_read.count	0.00219298245614035	0.00379835703414227	1.73205080756888	cluster_1
UL21	L	1.5h	1.5	PC-12	PC-12_dcDNA_1.5h	LT934125.1	-	152	PC-12_1.5h_3	0.00657894736842105	dcDNA	PC-12_1.5h_3	viral_read.count	0.00219298245614035	0.00379835703414227	1.73205080756888	cluster_1
UL21	L	12h	12	C6	C6_dcDNA_12h	LT934125.1	-	56266	C6_12h_1	0.00309245370205808	dcDNA	C6_12h_1	viral_read.count	0.00317341904634878	0.000157012056506031	0.0494772528345047	cluster_1
UL21	L	12h	12	C6	C6_dcDNA_12h	LT934125.1	-	49131	C6_12h_2	0.00307341596955079	dcDNA	C6_12h_2	viral_read.count	0.00317341904634878	0.000157012056506031	0.0494772528345047	cluster_1
UL21	L	12h	12	C6	C6_dcDNA_12h	LT934125.1	-	28023	C6_12h_3	0.00335438746743746	dcDNA	C6_12h_3	viral_read.count	0.00317341904634878	0.000157012056506031	0.0494772528345047	cluster_1
UL21	L	12h	12	PC-12	PC-12_dcDNA_12h	LT934125.1	-	40118	PC-12_12h_1	0.00236801435764495	dcDNA	PC-12_12h_1	viral_read.count	0.00205247132493738	0.000313065553023012	0.152531024048564	cluster_1
UL21	L	12h	12	PC-12	PC-12_dcDNA_12h	LT934125.1	-	64296	PC-12_12h_2	0.00174194351126042	dcDNA	PC-12_12h_2	viral_read.count	0.00205247132493738	0.000313065553023012	0.152531024048564	cluster_1
UL21	L	12h	12	PC-12	PC-12_dcDNA_12h	LT934125.1	-	35654	PC-12_12h_3	0.00204745610590677	dcDNA	PC-12_12h_3	viral_read.count	0.00205247132493738	0.000313065553023012	0.152531024048564	cluster_1
UL21	L	12h	12	PK-15	PK-15_dcDNA_12h	LT934125.1	-	137055	PK-15_12h_1	0.00139360110904381	dcDNA	PK-15_12h_1	viral_read.count	0.00134792713608398	0.000139474092389951	0.103473020652402	cluster_1
UL21	L	12h	12	PK-15	PK-15_dcDNA_12h	LT934125.1	-	155287	PK-15_12h_2	0.00119134248198497	dcDNA	PK-15_12h_2	viral_read.count	0.00134792713608398	0.000139474092389951	0.103473020652402	cluster_1
UL21	L	12h	12	PK-15	PK-15_dcDNA_12h	LT934125.1	-	135039	PK-15_12h_3	0.00145883781722317	dcDNA	PK-15_12h_3	viral_read.count	0.00134792713608398	0.000139474092389951	0.103473020652402	cluster_1
UL21	L	1h	1	C6	C6_dcDNA_1h	LT934125.1	-	246	C6_1h_1	0.00813008130081301	dcDNA	C6_1h_1	viral_read.count	0.00548780487804878	0.00475366486322215	0.866223375076037	cluster_1
UL21	L	1h	1	C6	C6_dcDNA_1h	LT934125.1	-	240	C6_1h_2	0.00833333333333333	dcDNA	C6_1h_2	viral_read.count	0.00548780487804878	0.00475366486322215	0.866223375076037	cluster_1
UL21	L	1h	1	C6	C6_dcDNA_1h	LT934125.1	-	102	C6_1h_3	0	dcDNA	C6_1h_3	viral_read.count	0.00548780487804878	0.00475366486322215	0.866223375076037	cluster_1
UL21	L	1h	1	NRK	NRK_dcDNA_1h	LT934125.1	-	25	NRK_1h_1	0	dcDNA	NRK_1h_1	viral_read.count	0	0		cluster_1
UL21	L	1h	1	NRK	NRK_dcDNA_1h	LT934125.1	-	54	NRK_1h_2	0	dcDNA	NRK_1h_2	viral_read.count	0	0		cluster_1
UL21	L	1h	1	NRK	NRK_dcDNA_1h	LT934125.1	-	20	NRK_1h_3	0	dcDNA	NRK_1h_3	viral_read.count	0	0		cluster_1
UL21	L	1h	1	PC-12	PC-12_dcDNA_1h	LT934125.1	-	154	PC-12_1h_1	0.012987012987013	dcDNA	PC-12_1h_1	viral_read.count	0.00432900432900433	0.00749805544402112	1.73205080756888	cluster_1
UL21	L	1h	1	PC-12	PC-12_dcDNA_1h	LT934125.1	-	93	PC-12_1h_2	0	dcDNA	PC-12_1h_2	viral_read.count	0.00432900432900433	0.00749805544402112	1.73205080756888	cluster_1
UL21	L	1h	1	PC-12	PC-12_dcDNA_1h	LT934125.1	-	158	PC-12_1h_3	0	dcDNA	PC-12_1h_3	viral_read.count	0.00432900432900433	0.00749805544402112	1.73205080756888	cluster_1
UL21	L	1h	1	PK-15	PK-15_dcDNA_1h	LT934125.1	-	129	PK-15_1h_1	0	dcDNA	PK-15_1h_1	viral_read.count	0	0		cluster_1
UL21	L	1h	1	PK-15	PK-15_dcDNA_1h	LT934125.1	-	76	PK-15_1h_2	0	dcDNA	PK-15_1h_2	viral_read.count	0	0		cluster_1
UL21	L	1h	1	PK-15	PK-15_dcDNA_1h	LT934125.1	-	52	PK-15_1h_3	0	dcDNA	PK-15_1h_3	viral_read.count	0	0		cluster_1
UL21	L	2.5h	2.5	PC-12	PC-12_dcDNA_2.5h	LT934125.1	-	478	PC-12_2.5h_1	0.00418410041841004	dcDNA	PC-12_2.5h_1	viral_read.count	0.00283770158247146	0.00245858943079098	0.866401684369401	cluster_1
UL21	L	2.5h	2.5	PC-12	PC-12_dcDNA_2.5h	LT934125.1	-	231	PC-12_2.5h_2	0.00432900432900433	dcDNA	PC-12_2.5h_2	viral_read.count	0.00283770158247146	0.00245858943079098	0.866401684369401	cluster_1
UL21	L	2.5h	2.5	PC-12	PC-12_dcDNA_2.5h	LT934125.1	-	545	PC-12_2.5h_3	0	dcDNA	PC-12_2.5h_3	viral_read.count	0.00283770158247146	0.00245858943079098	0.866401684369401	cluster_1
UL21	L	2h	2	C6	C6_dcDNA_2h	LT934125.1	-	243	C6_2h_1	0	dcDNA	C6_2h_1	viral_read.count	0.00213675213675214	0.00302182385122456	1.4142135623731	cluster_1
UL21	L	2h	2	C6	C6_dcDNA_2h	LT934125.1	-	468	C6_2h_2	0.00427350427350427	dcDNA	C6_2h_2	viral_read.count	0.00213675213675214	0.00302182385122456	1.4142135623731	cluster_1
UL21	L	2h	2	NRK	NRK_dcDNA_2h	LT934125.1	-	99	NRK_2h_1	0	dcDNA	NRK_2h_1	viral_read.count	0	0		cluster_1
UL21	L	2h	2	NRK	NRK_dcDNA_2h	LT934125.1	-	71	NRK_2h_2	0	dcDNA	NRK_2h_2	viral_read.count	0	0		cluster_1
UL21	L	2h	2	NRK	NRK_dcDNA_2h	LT934125.1	-	122	NRK_2h_3	0	dcDNA	NRK_2h_3	viral_read.count	0	0		cluster_1
UL21	L	2h	2	PC-12	PC-12_dcDNA_2h	LT934125.1	-	439	PC-12_2h_1	0	dcDNA	PC-12_2h_1	viral_read.count	0.0049842963937345	0.00497023907568741	0.997179678547054	cluster_1
UL21	L	2h	2	PC-12	PC-12_dcDNA_2h	LT934125.1	-	399	PC-12_2h_2	0.0050125313283208	dcDNA	PC-12_2h_2	viral_read.count	0.0049842963937345	0.00497023907568741	0.997179678547054	cluster_1
UL21	L	2h	2	PC-12	PC-12_dcDNA_2h	LT934125.1	-	503	PC-12_2h_3	0.0099403578528827	dcDNA	PC-12_2h_3	viral_read.count	0.0049842963937345	0.00497023907568741	0.997179678547054	cluster_1
UL21	L	2h	2	PK-15	PK-15_dcDNA_2h	LT934125.1	-	482	PK-15_2h_1	0	dcDNA	PK-15_2h_1	viral_read.count	0.0010088781275222	0.0017474281755134	1.73205080756888	cluster_1
UL21	L	2h	2	PK-15	PK-15_dcDNA_2h	LT934125.1	-	405	PK-15_2h_2	0	dcDNA	PK-15_2h_2	viral_read.count	0.0010088781275222	0.0017474281755134	1.73205080756888	cluster_1
UL21	L	2h	2	PK-15	PK-15_dcDNA_2h	LT934125.1	-	1652	PK-15_2h_3	0.00302663438256659	dcDNA	PK-15_2h_3	viral_read.count	0.0010088781275222	0.0017474281755134	1.73205080756888	cluster_1
UL21	L	4h	4	C6	C6_dcDNA_4h	LT934125.1	-	680	C6_4h_1	0.00588235294117647	dcDNA	C6_4h_1	viral_read.count	0.00613772981720161	0.00335725894531236	0.54698708566534	cluster_1
UL21	L	4h	4	C6	C6_dcDNA_4h	LT934125.1	-	686	C6_4h_2	0.00291545189504373	dcDNA	C6_4h_2	viral_read.count	0.00613772981720161	0.00335725894531236	0.54698708566534	cluster_1
UL21	L	4h	4	C6	C6_dcDNA_4h	LT934125.1	-	312	C6_4h_3	0.00961538461538462	dcDNA	C6_4h_3	viral_read.count	0.00613772981720161	0.00335725894531236	0.54698708566534	cluster_1
UL21	L	4h	4	PC-12	PC-12_dcDNA_4h	LT934125.1	-	2800	PC-12_4h_1	0.00392857142857143	dcDNA	PC-12_4h_1	viral_read.count	0.00385200843923585	0.00147876561068829	0.383894696498027	cluster_1
UL21	L	4h	4	PC-12	PC-12_dcDNA_4h	LT934125.1	-	2646	PC-12_4h_2	0.00529100529100529	dcDNA	PC-12_4h_2	viral_read.count	0.00385200843923585	0.00147876561068829	0.383894696498027	cluster_1
UL21	L	4h	4	PC-12	PC-12_dcDNA_4h	LT934125.1	-	2996	PC-12_4h_3	0.00233644859813084	dcDNA	PC-12_4h_3	viral_read.count	0.00385200843923585	0.00147876561068829	0.383894696498027	cluster_1
UL21	L	4h	4	PK-15	PK-15_dcDNA_4h	LT934125.1	-	7826	PK-15_4h_1	0.00153335037055967	dcDNA	PK-15_4h_1	viral_read.count	0.00141028847970183	0.00017807858011058	0.126271030837769	cluster_1
UL21	L	4h	4	PK-15	PK-15_dcDNA_4h	LT934125.1	-	8046	PK-15_4h_2	0.00149142431021626	dcDNA	PK-15_4h_2	viral_read.count	0.00141028847970183	0.00017807858011058	0.126271030837769	cluster_1
UL21	L	4h	4	PK-15	PK-15_dcDNA_4h	LT934125.1	-	6633	PK-15_4h_3	0.00120609075832956	dcDNA	PK-15_4h_3	viral_read.count	0.00141028847970183	0.00017807858011058	0.126271030837769	cluster_1
UL21	L	6h	6	C6	C6_dcDNA_6h	LT934125.1	-	2759	C6_6h_1	0.00434940195723088	dcDNA	C6_6h_1	viral_read.count	0.0040273482852676	0.00114448620505518	0.284178601895896	cluster_1
UL21	L	6h	6	C6	C6_dcDNA_6h	LT934125.1	-	4220	C6_6h_2	0.00497630331753555	dcDNA	C6_6h_2	viral_read.count	0.0040273482852676	0.00114448620505518	0.284178601895896	cluster_1
UL21	L	6h	6	C6	C6_dcDNA_6h	LT934125.1	-	3628	C6_6h_3	0.00275633958103638	dcDNA	C6_6h_3	viral_read.count	0.0040273482852676	0.00114448620505518	0.284178601895896	cluster_1
UL21	L	6h	6	PC-12	PC-12_dcDNA_6h	LT934125.1	-	7517	PC-12_6h_1	0.002926699481176	dcDNA	PC-12_6h_1	viral_read.count	0.00339116106388483	0.000557124183113157	0.16428714903766	cluster_1
UL21	L	6h	6	PC-12	PC-12_dcDNA_6h	LT934125.1	-	13589	PC-12_6h_2	0.00323791301788211	dcDNA	PC-12_6h_2	viral_read.count	0.00339116106388483	0.000557124183113157	0.16428714903766	cluster_1
UL21	L	6h	6	PC-12	PC-12_dcDNA_6h	LT934125.1	-	11724	PC-12_6h_3	0.00400887069259638	dcDNA	PC-12_6h_3	viral_read.count	0.00339116106388483	0.000557124183113157	0.16428714903766	cluster_1
UL21	L	6h	6	PK-15	PK-15_dcDNA_6h	LT934125.1	-	37872	PK-15_6h_1	0.00198035487959442	dcDNA	PK-15_6h_1	viral_read.count	0.00207401107589034	0.000447141530848794	0.215592643668425	cluster_1
UL21	L	6h	6	PK-15	PK-15_dcDNA_6h	LT934125.1	-	30337	PK-15_6h_2	0.00168111546955862	dcDNA	PK-15_6h_2	viral_read.count	0.00207401107589034	0.000447141530848794	0.215592643668425	cluster_1
UL21	L	6h	6	PK-15	PK-15_dcDNA_6h	LT934125.1	-	44912	PK-15_6h_3	0.00256056287851799	dcDNA	PK-15_6h_3	viral_read.count	0.00207401107589034	0.000447141530848794	0.215592643668425	cluster_1
UL21	L	8h	8	C6	C6_dcDNA_8h	LT934125.1	-	10124	C6_8h_1	0.00306203081785855	dcDNA	C6_8h_1	viral_read.count	0.00270274050812484	0.00094346355126031	0.349076631080238	cluster_1
UL21	L	8h	8	C6	C6_dcDNA_8h	LT934125.1	-	10414	C6_8h_2	0.00163241789898214	dcDNA	C6_8h_2	viral_read.count	0.00270274050812484	0.00094346355126031	0.349076631080238	cluster_1
UL21	L	8h	8	C6	C6_dcDNA_8h	LT934125.1	-	8495	C6_8h_3	0.00341377280753384	dcDNA	C6_8h_3	viral_read.count	0.00270274050812484	0.00094346355126031	0.349076631080238	cluster_1
UL21	L	8h	8	PC-12	PC-12_dcDNA_8h	LT934125.1	-	14035	PC-12_8h_1	0.00235126469540435	dcDNA	PC-12_8h_1	viral_read.count	0.00245081724951294	0.000140788572189249	0.057445561156071	cluster_1
UL21	L	8h	8	PC-12	PC-12_dcDNA_8h	LT934125.1	-	15684	PC-12_8h_2	0.00255036980362153	dcDNA	PC-12_8h_2	viral_read.count	0.00245081724951294	0.000140788572189249	0.057445561156071	cluster_1
UL21	L	8h	8	PK-15	PK-15_dcDNA_8h	LT934125.1	-	69419	PK-15_8h_1	0.00185828087411227	dcDNA	PK-15_8h_1	viral_read.count	0.00171134095758361	0.000152717511064884	0.089238506440306	cluster_1
UL21	L	8h	8	PK-15	PK-15_dcDNA_8h	LT934125.1	-	74319	PK-15_8h_2	0.00172230519786327	dcDNA	PK-15_8h_2	viral_read.count	0.00171134095758361	0.000152717511064884	0.089238506440306	cluster_1
UL21	L	8h	8	PK-15	PK-15_dcDNA_8h	LT934125.1	-	70167	PK-15_8h_3	0.00155343680077529	dcDNA	PK-15_8h_3	viral_read.count	0.00171134095758361	0.000152717511064884	0.089238506440306	cluster_1
UL22	L	""		C6	C6_dRNA	LT934125.1	+	3	C6_dRNA	0	dcDNA	C6_dRNA	viral_read.count	0			cluster_1
UL22	L	""		PC-12	PC-12_dRNA	LT934125.1	+	20	PC-12_dRNA	0	dcDNA	PC-12_dRNA	viral_read.count	0			cluster_1
UL22	L	""		PK-15	PK-15_dRNA	LT934125.1	+	68	PK-15_dRNA	0	dcDNA	PK-15_dRNA	viral_read.count	0			cluster_1
UL22	L	0.5h	0.5	PC-12	PC-12_dcDNA_0.5h	LT934125.1	+	13	PC-12_0.5h_1	0	dcDNA	PC-12_0.5h_1	viral_read.count	0	0		cluster_1
UL22	L	0.5h	0.5	PC-12	PC-12_dcDNA_0.5h	LT934125.1	+	13	PC-12_0.5h_2	0	dcDNA	PC-12_0.5h_2	viral_read.count	0	0		cluster_1
UL22	L	0.5h	0.5	PC-12	PC-12_dcDNA_0.5h	LT934125.1	+	2	PC-12_0.5h_3	0	dcDNA	PC-12_0.5h_3	viral_read.count	0	0		cluster_1
UL22	L	1.5h	1.5	PC-12	PC-12_dcDNA_1.5h	LT934125.1	+	138	PC-12_1.5h_1	0	dcDNA	PC-12_1.5h_1	viral_read.count	0	0		cluster_1
UL22	L	1.5h	1.5	PC-12	PC-12_dcDNA_1.5h	LT934125.1	+	129	PC-12_1.5h_2	0	dcDNA	PC-12_1.5h_2	viral_read.count	0	0		cluster_1
UL22	L	1.5h	1.5	PC-12	PC-12_dcDNA_1.5h	LT934125.1	+	152	PC-12_1.5h_3	0	dcDNA	PC-12_1.5h_3	viral_read.count	0	0		cluster_1
UL22	L	12h	12	C6	C6_dcDNA_12h	LT934125.1	+	56266	C6_12h_1	0.00124409056979348	dcDNA	C6_12h_1	viral_read.count	0.00181205288256124	0.000540262268205946	0.29814928328268	cluster_1
UL22	L	12h	12	C6	C6_dcDNA_12h	LT934125.1	+	49131	C6_12h_2	0.00187254482913028	dcDNA	C6_12h_2	viral_read.count	0.00181205288256124	0.000540262268205946	0.29814928328268	cluster_1
UL22	L	12h	12	C6	C6_dcDNA_12h	LT934125.1	+	28023	C6_12h_3	0.00231952324875995	dcDNA	C6_12h_3	viral_read.count	0.00181205288256124	0.000540262268205946	0.29814928328268	cluster_1
UL22	L	12h	12	PC-12	PC-12_dcDNA_12h	LT934125.1	+	40118	PC-12_12h_1	0.00142080861458697	dcDNA	PC-12_12h_1	viral_read.count	0.00137858367476169	3.82442148396201e-05	0.0277416710641312	cluster_1
UL22	L	12h	12	PC-12	PC-12_dcDNA_12h	LT934125.1	+	64296	PC-12_12h_2	0.00136866990170462	dcDNA	PC-12_12h_2	viral_read.count	0.00137858367476169	3.82442148396201e-05	0.0277416710641312	cluster_1
UL22	L	12h	12	PC-12	PC-12_dcDNA_12h	LT934125.1	+	35654	PC-12_12h_3	0.00134627250799349	dcDNA	PC-12_12h_3	viral_read.count	0.00137858367476169	3.82442148396201e-05	0.0277416710641312	cluster_1
UL22	L	12h	12	PK-15	PK-15_dcDNA_12h	LT934125.1	+	137055	PK-15_12h_1	0.000912042610630769	dcDNA	PK-15_12h_1	viral_read.count	0.000939921647011295	0.000251522182096342	0.267599094984265	cluster_1
UL22	L	12h	12	PK-15	PK-15_dcDNA_12h	LT934125.1	+	155287	PK-15_12h_2	0.00120422186016859	dcDNA	PK-15_12h_2	viral_read.count	0.000939921647011295	0.000251522182096342	0.267599094984265	cluster_1
UL22	L	12h	12	PK-15	PK-15_dcDNA_12h	LT934125.1	+	135039	PK-15_12h_3	0.000703500470234525	dcDNA	PK-15_12h_3	viral_read.count	0.000939921647011295	0.000251522182096342	0.267599094984265	cluster_1
UL22	L	1h	1	C6	C6_dcDNA_1h	LT934125.1	+	246	C6_1h_1	0	dcDNA	C6_1h_1	viral_read.count	0	0		cluster_1
UL22	L	1h	1	C6	C6_dcDNA_1h	LT934125.1	+	240	C6_1h_2	0	dcDNA	C6_1h_2	viral_read.count	0	0		cluster_1
UL22	L	1h	1	C6	C6_dcDNA_1h	LT934125.1	+	102	C6_1h_3	0	dcDNA	C6_1h_3	viral_read.count	0	0		cluster_1
UL22	L	1h	1	NRK	NRK_dcDNA_1h	LT934125.1	+	25	NRK_1h_1	0	dcDNA	NRK_1h_1	viral_read.count	0	0		cluster_1
UL22	L	1h	1	NRK	NRK_dcDNA_1h	LT934125.1	+	54	NRK_1h_2	0	dcDNA	NRK_1h_2	viral_read.count	0	0		cluster_1
UL22	L	1h	1	NRK	NRK_dcDNA_1h	LT934125.1	+	20	NRK_1h_3	0	dcDNA	NRK_1h_3	viral_read.count	0	0		cluster_1
UL22	L	1h	1	PC-12	PC-12_dcDNA_1h	LT934125.1	+	154	PC-12_1h_1	0	dcDNA	PC-12_1h_1	viral_read.count	0	0		cluster_1
UL22	L	1h	1	PC-12	PC-12_dcDNA_1h	LT934125.1	+	93	PC-12_1h_2	0	dcDNA	PC-12_1h_2	viral_read.count	0	0		cluster_1
UL22	L	1h	1	PC-12	PC-12_dcDNA_1h	LT934125.1	+	158	PC-12_1h_3	0	dcDNA	PC-12_1h_3	viral_read.count	0	0		cluster_1
UL22	L	1h	1	PK-15	PK-15_dcDNA_1h	LT934125.1	+	129	PK-15_1h_1	0	dcDNA	PK-15_1h_1	viral_read.count	0	0		cluster_1
UL22	L	1h	1	PK-15	PK-15_dcDNA_1h	LT934125.1	+	76	PK-15_1h_2	0	dcDNA	PK-15_1h_2	viral_read.count	0	0		cluster_1
UL22	L	1h	1	PK-15	PK-15_dcDNA_1h	LT934125.1	+	52	PK-15_1h_3	0	dcDNA	PK-15_1h_3	viral_read.count	0	0		cluster_1
UL22	L	2.5h	2.5	PC-12	PC-12_dcDNA_2.5h	LT934125.1	+	478	PC-12_2.5h_1	0	dcDNA	PC-12_2.5h_1	viral_read.count	0	0		cluster_1
UL22	L	2.5h	2.5	PC-12	PC-12_dcDNA_2.5h	LT934125.1	+	231	PC-12_2.5h_2	0	dcDNA	PC-12_2.5h_2	viral_read.count	0	0		cluster_1
UL22	L	2.5h	2.5	PC-12	PC-12_dcDNA_2.5h	LT934125.1	+	545	PC-12_2.5h_3	0	dcDNA	PC-12_2.5h_3	viral_read.count	0	0		cluster_1
UL22	L	2h	2	C6	C6_dcDNA_2h	LT934125.1	+	243	C6_2h_1	0.00411522633744856	dcDNA	C6_2h_1	viral_read.count	0.00312598923710035	0.00139899252371507	0.447535937459839	cluster_1
UL22	L	2h	2	C6	C6_dcDNA_2h	LT934125.1	+	468	C6_2h_2	0.00213675213675214	dcDNA	C6_2h_2	viral_read.count	0.00312598923710035	0.00139899252371507	0.447535937459839	cluster_1
UL22	L	2h	2	NRK	NRK_dcDNA_2h	LT934125.1	+	99	NRK_2h_1	0	dcDNA	NRK_2h_1	viral_read.count	0	0		cluster_1
UL22	L	2h	2	NRK	NRK_dcDNA_2h	LT934125.1	+	71	NRK_2h_2	0	dcDNA	NRK_2h_2	viral_read.count	0	0		cluster_1
UL22	L	2h	2	NRK	NRK_dcDNA_2h	LT934125.1	+	122	NRK_2h_3	0	dcDNA	NRK_2h_3	viral_read.count	0	0		cluster_1
UL22	L	2h	2	PC-12	PC-12_dcDNA_2h	LT934125.1	+	439	PC-12_2h_1	0.00455580865603645	dcDNA	PC-12_2h_1	viral_read.count	0.002181293408871	0.00228404227997198	1.04710456222126	cluster_1
UL22	L	2h	2	PC-12	PC-12_dcDNA_2h	LT934125.1	+	399	PC-12_2h_2	0	dcDNA	PC-12_2h_2	viral_read.count	0.002181293408871	0.00228404227997198	1.04710456222126	cluster_1
UL22	L	2h	2	PC-12	PC-12_dcDNA_2h	LT934125.1	+	503	PC-12_2h_3	0.00198807157057654	dcDNA	PC-12_2h_3	viral_read.count	0.002181293408871	0.00228404227997198	1.04710456222126	cluster_1
UL22	L	2h	2	PK-15	PK-15_dcDNA_2h	LT934125.1	+	482	PK-15_2h_1	0.004149377593361	dcDNA	PK-15_2h_1	viral_read.count	0.0025937796174803	0.00226112791407019	0.871750205311097	cluster_1
UL22	L	2h	2	PK-15	PK-15_dcDNA_2h	LT934125.1	+	405	PK-15_2h_2	0	dcDNA	PK-15_2h_2	viral_read.count	0.0025937796174803	0.00226112791407019	0.871750205311097	cluster_1
UL22	L	2h	2	PK-15	PK-15_dcDNA_2h	LT934125.1	+	1652	PK-15_2h_3	0.0036319612590799	dcDNA	PK-15_2h_3	viral_read.count	0.0025937796174803	0.00226112791407019	0.871750205311097	cluster_1
UL22	L	4h	4	C6	C6_dcDNA_4h	LT934125.1	+	680	C6_4h_1	0.00294117647058824	dcDNA	C6_4h_1	viral_read.count	0.00195220945521066	0.00169071190810473	0.866050465841175	cluster_1
UL22	L	4h	4	C6	C6_dcDNA_4h	LT934125.1	+	686	C6_4h_2	0.00291545189504373	dcDNA	C6_4h_2	viral_read.count	0.00195220945521066	0.00169071190810473	0.866050465841175	cluster_1
UL22	L	4h	4	C6	C6_dcDNA_4h	LT934125.1	+	312	C6_4h_3	0	dcDNA	C6_4h_3	viral_read.count	0.00195220945521066	0.00169071190810473	0.866050465841175	cluster_1
UL22	L	4h	4	PC-12	PC-12_dcDNA_4h	LT934125.1	+	2800	PC-12_4h_1	0.00357142857142857	dcDNA	PC-12_4h_1	viral_read.count	0.00244376393686585	0.00148904747270928	0.609325414065565	cluster_1
UL22	L	4h	4	PC-12	PC-12_dcDNA_4h	LT934125.1	+	2646	PC-12_4h_2	0.000755857898715042	dcDNA	PC-12_4h_2	viral_read.count	0.00244376393686585	0.00148904747270928	0.609325414065565	cluster_1
UL22	L	4h	4	PC-12	PC-12_dcDNA_4h	LT934125.1	+	2996	PC-12_4h_3	0.00300400534045394	dcDNA	PC-12_4h_3	viral_read.count	0.00244376393686585	0.00148904747270928	0.609325414065565	cluster_1
UL22	L	4h	4	PK-15	PK-15_dcDNA_4h	LT934125.1	+	7826	PK-15_4h_1	0.000766675185279837	dcDNA	PK-15_4h_1	viral_read.count	0.000755398021447981	1.05717230987213e-05	0.0139949044060996	cluster_1
UL22	L	4h	4	PK-15	PK-15_dcDNA_4h	LT934125.1	+	8046	PK-15_4h_2	0.000745712155108128	dcDNA	PK-15_4h_2	viral_read.count	0.000755398021447981	1.05717230987213e-05	0.0139949044060996	cluster_1
UL22	L	4h	4	PK-15	PK-15_dcDNA_4h	LT934125.1	+	6633	PK-15_4h_3	0.000753806723955978	dcDNA	PK-15_4h_3	viral_read.count	0.000755398021447981	1.05717230987213e-05	0.0139949044060996	cluster_1
UL22	L	6h	6	C6	C6_dcDNA_6h	LT934125.1	+	2759	C6_6h_1	0.00181225081551287	dcDNA	C6_6h_1	viral_read.count	0.00225954202842279	0.000910889774518981	0.403130264036204	cluster_1
UL22	L	6h	6	C6	C6_dcDNA_6h	LT934125.1	+	4220	C6_6h_2	0.00165876777251185	dcDNA	C6_6h_2	viral_read.count	0.00225954202842279	0.000910889774518981	0.403130264036204	cluster_1
UL22	L	6h	6	C6	C6_dcDNA_6h	LT934125.1	+	3628	C6_6h_3	0.00330760749724366	dcDNA	C6_6h_3	viral_read.count	0.00225954202842279	0.000910889774518981	0.403130264036204	cluster_1
UL22	L	6h	6	PC-12	PC-12_dcDNA_6h	LT934125.1	+	7517	PC-12_6h_1	0.00199547691898364	dcDNA	PC-12_6h_1	viral_read.count	0.00175170043603943	0.000705485175187105	0.402743049366475	cluster_1
UL22	L	6h	6	PC-12	PC-12_dcDNA_6h	LT934125.1	+	13589	PC-12_6h_2	0.000956656118919715	dcDNA	PC-12_6h_2	viral_read.count	0.00175170043603943	0.000705485175187105	0.402743049366475	cluster_1
UL22	L	6h	6	PC-12	PC-12_dcDNA_6h	LT934125.1	+	11724	PC-12_6h_3	0.00230296827021494	dcDNA	PC-12_6h_3	viral_read.count	0.00175170043603943	0.000705485175187105	0.402743049366475	cluster_1
UL22	L	6h	6	PK-15	PK-15_dcDNA_6h	LT934125.1	+	37872	PK-15_6h_1	0.000844951415293621	dcDNA	PK-15_6h_1	viral_read.count	0.0011931757885072	0.000369543128575862	0.309713901451355	cluster_1
UL22	L	6h	6	PK-15	PK-15_dcDNA_6h	LT934125.1	+	30337	PK-15_6h_2	0.00115370669479513	dcDNA	PK-15_6h_2	viral_read.count	0.0011931757885072	0.000369543128575862	0.309713901451355	cluster_1
UL22	L	6h	6	PK-15	PK-15_dcDNA_6h	LT934125.1	+	44912	PK-15_6h_3	0.00158086925543285	dcDNA	PK-15_6h_3	viral_read.count	0.0011931757885072	0.000369543128575862	0.309713901451355	cluster_1
UL22	L	8h	8	C6	C6_dcDNA_8h	LT934125.1	+	10124	C6_8h_1	0.00128407743974714	dcDNA	C6_8h_1	viral_read.count	0.0011941953487655	0.000388926755918301	0.325681017197357	cluster_1
UL22	L	8h	8	C6	C6_dcDNA_8h	LT934125.1	+	10414	C6_8h_2	0.000768196658344536	dcDNA	C6_8h_2	viral_read.count	0.0011941953487655	0.000388926755918301	0.325681017197357	cluster_1
UL22	L	8h	8	C6	C6_dcDNA_8h	LT934125.1	+	8495	C6_8h_3	0.00153031194820483	dcDNA	C6_8h_3	viral_read.count	0.0011941953487655	0.000388926755918301	0.325681017197357	cluster_1
UL22	L	8h	8	PC-12	PC-12_dcDNA_8h	LT934125.1	+	14035	PC-12_8h_1	0.00156750979693623	dcDNA	PC-12_8h_1	viral_read.count	0.00183578244246199	0.000379394813716247	0.20666654443401	cluster_1
UL22	L	8h	8	PC-12	PC-12_dcDNA_8h	LT934125.1	+	15684	PC-12_8h_2	0.00210405508798776	dcDNA	PC-12_8h_2	viral_read.count	0.00183578244246199	0.000379394813716247	0.20666654443401	cluster_1
UL22	L	8h	8	PK-15	PK-15_dcDNA_8h	LT934125.1	+	69419	PK-15_8h_1	0.00218960227027183	dcDNA	PK-15_8h_1	viral_read.count	0.0016571038378239	0.000524904953597775	0.316760447726123	cluster_1
UL22	L	8h	8	PK-15	PK-15_dcDNA_8h	LT934125.1	+	74319	PK-15_8h_2	0.00164157214171342	dcDNA	PK-15_8h_2	viral_read.count	0.0016571038378239	0.000524904953597775	0.316760447726123	cluster_1
UL22	L	8h	8	PK-15	PK-15_dcDNA_8h	LT934125.1	+	70167	PK-15_8h_3	0.00114013710148645	dcDNA	PK-15_8h_3	viral_read.count	0.0016571038378239	0.000524904953597775	0.316760447726123	cluster_1
UL23	L	""		C6	C6_dRNA	LT934125.1	+	3	C6_dRNA	0	dcDNA	C6_dRNA	viral_read.count	0			cluster_1
UL23	L	""		PC-12	PC-12_dRNA	LT934125.1	+	20	PC-12_dRNA	0	dcDNA	PC-12_dRNA	viral_read.count	0			cluster_1
UL23	L	""		PK-15	PK-15_dRNA	LT934125.1	+	68	PK-15_dRNA	0	dcDNA	PK-15_dRNA	viral_read.count	0			cluster_1
UL23	L	0.5h	0.5	PC-12	PC-12_dcDNA_0.5h	LT934125.1	+	13	PC-12_0.5h_1	0	dcDNA	PC-12_0.5h_1	viral_read.count	0	0		cluster_1
UL23	L	0.5h	0.5	PC-12	PC-12_dcDNA_0.5h	LT934125.1	+	13	PC-12_0.5h_2	0	dcDNA	PC-12_0.5h_2	viral_read.count	0	0		cluster_1
UL23	L	0.5h	0.5	PC-12	PC-12_dcDNA_0.5h	LT934125.1	+	2	PC-12_0.5h_3	0	dcDNA	PC-12_0.5h_3	viral_read.count	0	0		cluster_1
UL23	L	1.5h	1.5	PC-12	PC-12_dcDNA_1.5h	LT934125.1	+	138	PC-12_1.5h_1	0.0652173913043478	dcDNA	PC-12_1.5h_1	viral_read.count	0.0577618422530881	0.0102660718746052	0.177731032705356	cluster_1
UL23	L	1.5h	1.5	PC-12	PC-12_dcDNA_1.5h	LT934125.1	+	129	PC-12_1.5h_2	0.062015503875969	dcDNA	PC-12_1.5h_2	viral_read.count	0.0577618422530881	0.0102660718746052	0.177731032705356	cluster_1
UL23	L	1.5h	1.5	PC-12	PC-12_dcDNA_1.5h	LT934125.1	+	152	PC-12_1.5h_3	0.0460526315789474	dcDNA	PC-12_1.5h_3	viral_read.count	0.0577618422530881	0.0102660718746052	0.177731032705356	cluster_1
UL23	L	12h	12	C6	C6_dcDNA_12h	LT934125.1	+	56266	C6_12h_1	0.00271922653112004	dcDNA	C6_12h_1	viral_read.count	0.00406942619184401	0.00120402658551482	0.295871341253944	cluster_1
UL23	L	12h	12	C6	C6_dcDNA_12h	LT934125.1	+	49131	C6_12h_2	0.00445747084325579	dcDNA	C6_12h_2	viral_read.count	0.00406942619184401	0.00120402658551482	0.295871341253944	cluster_1
UL23	L	12h	12	C6	C6_dcDNA_12h	LT934125.1	+	28023	C6_12h_3	0.00503158120115619	dcDNA	C6_12h_3	viral_read.count	0.00406942619184401	0.00120402658551482	0.295871341253944	cluster_1
UL23	L	12h	12	PC-12	PC-12_dcDNA_12h	LT934125.1	+	40118	PC-12_12h_1	0.00229323495687721	dcDNA	PC-12_12h_1	viral_read.count	0.00223424497680707	0.000434712603981961	0.194568012234363	cluster_1
UL23	L	12h	12	PC-12	PC-12_dcDNA_12h	LT934125.1	+	64296	PC-12_12h_2	0.00177304964539007	dcDNA	PC-12_12h_2	viral_read.count	0.00223424497680707	0.000434712603981961	0.194568012234363	cluster_1
UL23	L	12h	12	PC-12	PC-12_dcDNA_12h	LT934125.1	+	35654	PC-12_12h_3	0.00263645032815392	dcDNA	PC-12_12h_3	viral_read.count	0.00223424497680707	0.000434712603981961	0.194568012234363	cluster_1
UL23	L	12h	12	PK-15	PK-15_dcDNA_12h	LT934125.1	+	137055	PK-15_12h_1	0.00124767429134289	dcDNA	PK-15_12h_1	viral_read.count	0.00124584118405536	0.000126739089053667	0.101729731426213	cluster_1
UL23	L	12h	12	PK-15	PK-15_dcDNA_12h	LT934125.1	+	155287	PK-15_12h_2	0.00137165377655567	dcDNA	PK-15_12h_2	viral_read.count	0.00124584118405536	0.000126739089053667	0.101729731426213	cluster_1
UL23	L	12h	12	PK-15	PK-15_dcDNA_12h	LT934125.1	+	135039	PK-15_12h_3	0.00111819548426751	dcDNA	PK-15_12h_3	viral_read.count	0.00124584118405536	0.000126739089053667	0.101729731426213	cluster_1
UL23	L	1h	1	C6	C6_dcDNA_1h	LT934125.1	+	246	C6_1h_1	0.032520325203252	dcDNA	C6_1h_1	viral_read.count	0.0355133110154631	0.0122863283078631	0.345964033106162	cluster_1
UL23	L	1h	1	C6	C6_dcDNA_1h	LT934125.1	+	240	C6_1h_2	0.025	dcDNA	C6_1h_2	viral_read.count	0.0355133110154631	0.0122863283078631	0.345964033106162	cluster_1
UL23	L	1h	1	C6	C6_dcDNA_1h	LT934125.1	+	102	C6_1h_3	0.0490196078431373	dcDNA	C6_1h_3	viral_read.count	0.0355133110154631	0.0122863283078631	0.345964033106162	cluster_1
UL23	L	1h	1	NRK	NRK_dcDNA_1h	LT934125.1	+	25	NRK_1h_1	0.04	dcDNA	NRK_1h_1	viral_read.count	0.0651851851851852	0.0311375548992351	0.477678399022357	cluster_1
UL23	L	1h	1	NRK	NRK_dcDNA_1h	LT934125.1	+	54	NRK_1h_2	0.0555555555555556	dcDNA	NRK_1h_2	viral_read.count	0.0651851851851852	0.0311375548992351	0.477678399022357	cluster_1
UL23	L	1h	1	NRK	NRK_dcDNA_1h	LT934125.1	+	20	NRK_1h_3	0.1	dcDNA	NRK_1h_3	viral_read.count	0.0651851851851852	0.0311375548992351	0.477678399022357	cluster_1
UL23	L	1h	1	PC-12	PC-12_dcDNA_1h	LT934125.1	+	154	PC-12_1h_1	0.025974025974026	dcDNA	PC-12_1h_1	viral_read.count	0.0314337447861335	0.0100313724704283	0.31912750258294	cluster_1
UL23	L	1h	1	PC-12	PC-12_dcDNA_1h	LT934125.1	+	93	PC-12_1h_2	0.0430107526881721	dcDNA	PC-12_1h_2	viral_read.count	0.0314337447861335	0.0100313724704283	0.31912750258294	cluster_1
UL23	L	1h	1	PC-12	PC-12_dcDNA_1h	LT934125.1	+	158	PC-12_1h_3	0.0253164556962025	dcDNA	PC-12_1h_3	viral_read.count	0.0314337447861335	0.0100313724704283	0.31912750258294	cluster_1
UL23	L	1h	1	PK-15	PK-15_dcDNA_1h	LT934125.1	+	129	PK-15_1h_1	0	dcDNA	PK-15_1h_1	viral_read.count	0.0043859649122807	0.00759671406828455	1.73205080756888	cluster_1
UL23	L	1h	1	PK-15	PK-15_dcDNA_1h	LT934125.1	+	76	PK-15_1h_2	0.0131578947368421	dcDNA	PK-15_1h_2	viral_read.count	0.0043859649122807	0.00759671406828455	1.73205080756888	cluster_1
UL23	L	1h	1	PK-15	PK-15_dcDNA_1h	LT934125.1	+	52	PK-15_1h_3	0	dcDNA	PK-15_1h_3	viral_read.count	0.0043859649122807	0.00759671406828455	1.73205080756888	cluster_1
UL23	L	2.5h	2.5	PC-12	PC-12_dcDNA_2.5h	LT934125.1	+	478	PC-12_2.5h_1	0.0209205020920502	dcDNA	PC-12_2.5h_1	viral_read.count	0.0309696879962897	0.00919463191808002	0.296891331910789	cluster_1
UL23	L	2.5h	2.5	PC-12	PC-12_dcDNA_2.5h	LT934125.1	+	231	PC-12_2.5h_2	0.038961038961039	dcDNA	PC-12_2.5h_2	viral_read.count	0.0309696879962897	0.00919463191808002	0.296891331910789	cluster_1
UL23	L	2.5h	2.5	PC-12	PC-12_dcDNA_2.5h	LT934125.1	+	545	PC-12_2.5h_3	0.0330275229357798	dcDNA	PC-12_2.5h_3	viral_read.count	0.0309696879962897	0.00919463191808002	0.296891331910789	cluster_1
UL23	L	2h	2	C6	C6_dcDNA_2h	LT934125.1	+	243	C6_2h_1	0.0905349794238683	dcDNA	C6_2h_1	viral_read.count	0.0666350110794555	0.0337996593729562	0.507235743273961	cluster_1
UL23	L	2h	2	C6	C6_dcDNA_2h	LT934125.1	+	468	C6_2h_2	0.0427350427350427	dcDNA	C6_2h_2	viral_read.count	0.0666350110794555	0.0337996593729562	0.507235743273961	cluster_1
UL23	L	2h	2	NRK	NRK_dcDNA_2h	LT934125.1	+	99	NRK_2h_1	0.0202020202020202	dcDNA	NRK_2h_1	viral_read.count	0.0379816015927768	0.0242252778373169	0.637816122054315	cluster_1
UL23	L	2h	2	NRK	NRK_dcDNA_2h	LT934125.1	+	71	NRK_2h_2	0.028169014084507	dcDNA	NRK_2h_2	viral_read.count	0.0379816015927768	0.0242252778373169	0.637816122054315	cluster_1
UL23	L	2h	2	NRK	NRK_dcDNA_2h	LT934125.1	+	122	NRK_2h_3	0.0655737704918033	dcDNA	NRK_2h_3	viral_read.count	0.0379816015927768	0.0242252778373169	0.637816122054315	cluster_1
UL23	L	2h	2	PC-12	PC-12_dcDNA_2h	LT934125.1	+	439	PC-12_2h_1	0.0250569476082005	dcDNA	PC-12_2h_1	viral_read.count	0.0249760488267106	0.00488597644929187	0.195626477318004	cluster_1
UL23	L	2h	2	PC-12	PC-12_dcDNA_2h	LT934125.1	+	399	PC-12_2h_2	0.0200501253132832	dcDNA	PC-12_2h_2	viral_read.count	0.0249760488267106	0.00488597644929187	0.195626477318004	cluster_1
UL23	L	2h	2	PC-12	PC-12_dcDNA_2h	LT934125.1	+	503	PC-12_2h_3	0.0298210735586481	dcDNA	PC-12_2h_3	viral_read.count	0.0249760488267106	0.00488597644929187	0.195626477318004	cluster_1
UL23	L	2h	2	PK-15	PK-15_dcDNA_2h	LT934125.1	+	482	PK-15_2h_1	0.016597510373444	dcDNA	PK-15_2h_1	viral_read.count	0.0173470890953758	0.000783059376740686	0.0451406787868187	cluster_1
UL23	L	2h	2	PK-15	PK-15_dcDNA_2h	LT934125.1	+	405	PK-15_2h_2	0.017283950617284	dcDNA	PK-15_2h_2	viral_read.count	0.0173470890953758	0.000783059376740686	0.0451406787868187	cluster_1
UL23	L	2h	2	PK-15	PK-15_dcDNA_2h	LT934125.1	+	1652	PK-15_2h_3	0.0181598062953995	dcDNA	PK-15_2h_3	viral_read.count	0.0173470890953758	0.000783059376740686	0.0451406787868187	cluster_1
UL23	L	4h	4	C6	C6_dcDNA_4h	LT934125.1	+	680	C6_4h_1	0.0147058823529412	dcDNA	C6_4h_1	viral_read.count	0.0146170189687597	0.00145509028008162	0.0995476768000046	cluster_1
UL23	L	4h	4	C6	C6_dcDNA_4h	LT934125.1	+	686	C6_4h_2	0.0131195335276968	dcDNA	C6_4h_2	viral_read.count	0.0146170189687597	0.00145509028008162	0.0995476768000046	cluster_1
UL23	L	4h	4	C6	C6_dcDNA_4h	LT934125.1	+	312	C6_4h_3	0.016025641025641	dcDNA	C6_4h_3	viral_read.count	0.0146170189687597	0.00145509028008162	0.0995476768000046	cluster_1
UL23	L	4h	4	PC-12	PC-12_dcDNA_4h	LT934125.1	+	2800	PC-12_4h_1	0.0075	dcDNA	PC-12_4h_1	viral_read.count	0.00648885757141209	0.00111627050156596	0.172028818521755	cluster_1
UL23	L	4h	4	PC-12	PC-12_dcDNA_4h	LT934125.1	+	2646	PC-12_4h_2	0.00529100529100529	dcDNA	PC-12_4h_2	viral_read.count	0.00648885757141209	0.00111627050156596	0.172028818521755	cluster_1
UL23	L	4h	4	PC-12	PC-12_dcDNA_4h	LT934125.1	+	2996	PC-12_4h_3	0.00667556742323097	dcDNA	PC-12_4h_3	viral_read.count	0.00648885757141209	0.00111627050156596	0.172028818521755	cluster_1
UL23	L	4h	4	PK-15	PK-15_dcDNA_4h	LT934125.1	+	7826	PK-15_4h_1	0.0203168924099157	dcDNA	PK-15_4h_1	viral_read.count	0.0171162008487011	0.00408647863680194	0.238749163609636	cluster_1
UL23	L	4h	4	PK-15	PK-15_dcDNA_4h	LT934125.1	+	8046	PK-15_4h_2	0.0185185185185185	dcDNA	PK-15_4h_2	viral_read.count	0.0171162008487011	0.00408647863680194	0.238749163609636	cluster_1
UL23	L	4h	4	PK-15	PK-15_dcDNA_4h	LT934125.1	+	6633	PK-15_4h_3	0.0125131916176692	dcDNA	PK-15_4h_3	viral_read.count	0.0171162008487011	0.00408647863680194	0.238749163609636	cluster_1
UL23	L	6h	6	C6	C6_dcDNA_6h	LT934125.1	+	2759	C6_6h_1	0.0173976078289235	dcDNA	C6_6h_1	viral_read.count	0.0157094844094395	0.00184248183522114	0.117284678936632	cluster_1
UL23	L	6h	6	C6	C6_dcDNA_6h	LT934125.1	+	4220	C6_6h_2	0.0137440758293839	dcDNA	C6_6h_2	viral_read.count	0.0157094844094395	0.00184248183522114	0.117284678936632	cluster_1
UL23	L	6h	6	C6	C6_dcDNA_6h	LT934125.1	+	3628	C6_6h_3	0.015986769570011	dcDNA	C6_6h_3	viral_read.count	0.0157094844094395	0.00184248183522114	0.117284678936632	cluster_1
UL23	L	6h	6	PC-12	PC-12_dcDNA_6h	LT934125.1	+	7517	PC-12_6h_1	0.00811493947053346	dcDNA	PC-12_6h_1	viral_read.count	0.00738844083527386	0.000888991754921571	0.120321969782495	cluster_1
UL23	L	6h	6	PC-12	PC-12_dcDNA_6h	LT934125.1	+	13589	PC-12_6h_2	0.00765324895135772	dcDNA	PC-12_6h_2	viral_read.count	0.00738844083527386	0.000888991754921571	0.120321969782495	cluster_1
UL23	L	6h	6	PC-12	PC-12_dcDNA_6h	LT934125.1	+	11724	PC-12_6h_3	0.0063971340839304	dcDNA	PC-12_6h_3	viral_read.count	0.00738844083527386	0.000888991754921571	0.120321969782495	cluster_1
UL23	L	6h	6	PK-15	PK-15_dcDNA_6h	LT934125.1	+	37872	PK-15_6h_1	0.00654837346852556	dcDNA	PK-15_6h_1	viral_read.count	0.00711159478810892	0.000937479209065484	0.131824047488337	cluster_1
UL23	L	6h	6	PK-15	PK-15_dcDNA_6h	LT934125.1	+	30337	PK-15_6h_2	0.00659260968454363	dcDNA	PK-15_6h_2	viral_read.count	0.00711159478810892	0.000937479209065484	0.131824047488337	cluster_1
UL23	L	6h	6	PK-15	PK-15_dcDNA_6h	LT934125.1	+	44912	PK-15_6h_3	0.00819380121125757	dcDNA	PK-15_6h_3	viral_read.count	0.00711159478810892	0.000937479209065484	0.131824047488337	cluster_1
UL23	L	8h	8	C6	C6_dcDNA_8h	LT934125.1	+	10124	C6_8h_1	0.00888976689055709	dcDNA	C6_8h_1	viral_read.count	0.00914313550168118	0.000264383082744228	0.0289160193125887	cluster_1
UL23	L	8h	8	C6	C6_dcDNA_8h	LT934125.1	+	10414	C6_8h_2	0.00912233531784137	dcDNA	C6_8h_2	viral_read.count	0.00914313550168118	0.000264383082744228	0.0289160193125887	cluster_1
UL23	L	8h	8	C6	C6_dcDNA_8h	LT934125.1	+	8495	C6_8h_3	0.00941730429664509	dcDNA	C6_8h_3	viral_read.count	0.00914313550168118	0.000264383082744228	0.0289160193125887	cluster_1
UL23	L	8h	8	PC-12	PC-12_dcDNA_8h	LT934125.1	+	14035	PC-12_8h_1	0.00584253651585322	dcDNA	PC-12_8h_1	viral_read.count	0.00614111013499879	0.000422246861562477	0.0687574155617323	cluster_1
UL23	L	8h	8	PC-12	PC-12_dcDNA_8h	LT934125.1	+	15684	PC-12_8h_2	0.00643968375414435	dcDNA	PC-12_8h_2	viral_read.count	0.00614111013499879	0.000422246861562477	0.0687574155617323	cluster_1
UL23	L	8h	8	PK-15	PK-15_dcDNA_8h	LT934125.1	+	69419	PK-15_8h_1	0.0049554156642994	dcDNA	PK-15_8h_1	viral_read.count	0.00495843926083967	8.59048676406652e-05	0.0173249813341704	cluster_1
UL23	L	8h	8	PK-15	PK-15_dcDNA_8h	LT934125.1	+	74319	PK-15_8h_2	0.00504581600936503	dcDNA	PK-15_8h_2	viral_read.count	0.00495843926083967	8.59048676406652e-05	0.0173249813341704	cluster_1
UL23	L	8h	8	PK-15	PK-15_dcDNA_8h	LT934125.1	+	70167	PK-15_8h_3	0.00487408610885459	dcDNA	PK-15_8h_3	viral_read.count	0.00495843926083967	8.59048676406652e-05	0.0173249813341704	cluster_1
UL24	L	""		C6	C6_dRNA	LT934125.1	-	3	C6_dRNA	0	dcDNA	C6_dRNA	viral_read.count	0			cluster_1
UL24	L	""		PC-12	PC-12_dRNA	LT934125.1	-	20	PC-12_dRNA	0	dcDNA	PC-12_dRNA	viral_read.count	0			cluster_1
UL24	L	""		PK-15	PK-15_dRNA	LT934125.1	-	68	PK-15_dRNA	0	dcDNA	PK-15_dRNA	viral_read.count	0			cluster_1
UL24	L	0.5h	0.5	PC-12	PC-12_dcDNA_0.5h	LT934125.1	-	13	PC-12_0.5h_1	0	dcDNA	PC-12_0.5h_1	viral_read.count	0	0		cluster_1
UL24	L	0.5h	0.5	PC-12	PC-12_dcDNA_0.5h	LT934125.1	-	13	PC-12_0.5h_2	0	dcDNA	PC-12_0.5h_2	viral_read.count	0	0		cluster_1
UL24	L	0.5h	0.5	PC-12	PC-12_dcDNA_0.5h	LT934125.1	-	2	PC-12_0.5h_3	0	dcDNA	PC-12_0.5h_3	viral_read.count	0	0		cluster_1
UL24	L	1.5h	1.5	PC-12	PC-12_dcDNA_1.5h	LT934125.1	-	138	PC-12_1.5h_1	0	dcDNA	PC-12_1.5h_1	viral_read.count	0	0		cluster_1
UL24	L	1.5h	1.5	PC-12	PC-12_dcDNA_1.5h	LT934125.1	-	129	PC-12_1.5h_2	0	dcDNA	PC-12_1.5h_2	viral_read.count	0	0		cluster_1
UL24	L	1.5h	1.5	PC-12	PC-12_dcDNA_1.5h	LT934125.1	-	152	PC-12_1.5h_3	0	dcDNA	PC-12_1.5h_3	viral_read.count	0	0		cluster_1
UL24	L	12h	12	C6	C6_dcDNA_12h	LT934125.1	-	56266	C6_12h_1	0.00152845412860342	dcDNA	C6_12h_1	viral_read.count	0.00137887803280912	0.000295908323766012	0.214600796245316	cluster_1
UL24	L	12h	12	C6	C6_dcDNA_12h	LT934125.1	-	49131	C6_12h_2	0.00103804115527874	dcDNA	C6_12h_2	viral_read.count	0.00137887803280912	0.000295908323766012	0.214600796245316	cluster_1
UL24	L	12h	12	C6	C6_dcDNA_12h	LT934125.1	-	28023	C6_12h_3	0.0015701388145452	dcDNA	C6_12h_3	viral_read.count	0.00137887803280912	0.000295908323766012	0.214600796245316	cluster_1
UL24	L	12h	12	PC-12	PC-12_dcDNA_12h	LT934125.1	-	40118	PC-12_12h_1	0.00077272047459993	dcDNA	PC-12_12h_1	viral_read.count	0.000850214240732574	9.31847646494278e-05	0.109601510048969	cluster_1
UL24	L	12h	12	PC-12	PC-12_dcDNA_12h	LT934125.1	-	64296	PC-12_12h_2	0.000824312554435735	dcDNA	PC-12_12h_2	viral_read.count	0.000850214240732574	9.31847646494278e-05	0.109601510048969	cluster_1
UL24	L	12h	12	PC-12	PC-12_dcDNA_12h	LT934125.1	-	35654	PC-12_12h_3	0.000953609693162058	dcDNA	PC-12_12h_3	viral_read.count	0.000850214240732574	9.31847646494278e-05	0.109601510048969	cluster_1
UL24	L	12h	12	PK-15	PK-15_dcDNA_12h	LT934125.1	-	137055	PK-15_12h_1	0.000321038998942031	dcDNA	PK-15_12h_1	viral_read.count	0.000306960229860776	1.27402086403599e-05	0.0415044276131091	cluster_1
UL24	L	12h	12	PK-15	PK-15_dcDNA_12h	LT934125.1	-	155287	PK-15_12h_2	0.00029622569822329	dcDNA	PK-15_12h_2	viral_read.count	0.000306960229860776	1.27402086403599e-05	0.0415044276131091	cluster_1
UL24	L	12h	12	PK-15	PK-15_dcDNA_12h	LT934125.1	-	135039	PK-15_12h_3	0.000303615992417006	dcDNA	PK-15_12h_3	viral_read.count	0.000306960229860776	1.27402086403599e-05	0.0415044276131091	cluster_1
UL24	L	1h	1	C6	C6_dcDNA_1h	LT934125.1	-	246	C6_1h_1	0	dcDNA	C6_1h_1	viral_read.count	0	0		cluster_1
UL24	L	1h	1	C6	C6_dcDNA_1h	LT934125.1	-	240	C6_1h_2	0	dcDNA	C6_1h_2	viral_read.count	0	0		cluster_1
UL24	L	1h	1	C6	C6_dcDNA_1h	LT934125.1	-	102	C6_1h_3	0	dcDNA	C6_1h_3	viral_read.count	0	0		cluster_1
UL24	L	1h	1	NRK	NRK_dcDNA_1h	LT934125.1	-	25	NRK_1h_1	0	dcDNA	NRK_1h_1	viral_read.count	0	0		cluster_1
UL24	L	1h	1	NRK	NRK_dcDNA_1h	LT934125.1	-	54	NRK_1h_2	0	dcDNA	NRK_1h_2	viral_read.count	0	0		cluster_1
UL24	L	1h	1	NRK	NRK_dcDNA_1h	LT934125.1	-	20	NRK_1h_3	0	dcDNA	NRK_1h_3	viral_read.count	0	0		cluster_1
UL24	L	1h	1	PC-12	PC-12_dcDNA_1h	LT934125.1	-	154	PC-12_1h_1	0	dcDNA	PC-12_1h_1	viral_read.count	0	0		cluster_1
UL24	L	1h	1	PC-12	PC-12_dcDNA_1h	LT934125.1	-	93	PC-12_1h_2	0	dcDNA	PC-12_1h_2	viral_read.count	0	0		cluster_1
UL24	L	1h	1	PC-12	PC-12_dcDNA_1h	LT934125.1	-	158	PC-12_1h_3	0	dcDNA	PC-12_1h_3	viral_read.count	0	0		cluster_1
UL24	L	1h	1	PK-15	PK-15_dcDNA_1h	LT934125.1	-	129	PK-15_1h_1	0	dcDNA	PK-15_1h_1	viral_read.count	0	0		cluster_1
UL24	L	1h	1	PK-15	PK-15_dcDNA_1h	LT934125.1	-	76	PK-15_1h_2	0	dcDNA	PK-15_1h_2	viral_read.count	0	0		cluster_1
UL24	L	1h	1	PK-15	PK-15_dcDNA_1h	LT934125.1	-	52	PK-15_1h_3	0	dcDNA	PK-15_1h_3	viral_read.count	0	0		cluster_1
UL24	L	2.5h	2.5	PC-12	PC-12_dcDNA_2.5h	LT934125.1	-	478	PC-12_2.5h_1	0	dcDNA	PC-12_2.5h_1	viral_read.count	0	0		cluster_1
UL24	L	2.5h	2.5	PC-12	PC-12_dcDNA_2.5h	LT934125.1	-	231	PC-12_2.5h_2	0	dcDNA	PC-12_2.5h_2	viral_read.count	0	0		cluster_1
UL24	L	2.5h	2.5	PC-12	PC-12_dcDNA_2.5h	LT934125.1	-	545	PC-12_2.5h_3	0	dcDNA	PC-12_2.5h_3	viral_read.count	0	0		cluster_1
UL24	L	2h	2	C6	C6_dcDNA_2h	LT934125.1	-	243	C6_2h_1	0	dcDNA	C6_2h_1	viral_read.count	0	0		cluster_1
UL24	L	2h	2	C6	C6_dcDNA_2h	LT934125.1	-	468	C6_2h_2	0	dcDNA	C6_2h_2	viral_read.count	0	0		cluster_1
UL24	L	2h	2	NRK	NRK_dcDNA_2h	LT934125.1	-	99	NRK_2h_1	0	dcDNA	NRK_2h_1	viral_read.count	0	0		cluster_1
UL24	L	2h	2	NRK	NRK_dcDNA_2h	LT934125.1	-	71	NRK_2h_2	0	dcDNA	NRK_2h_2	viral_read.count	0	0		cluster_1
UL24	L	2h	2	NRK	NRK_dcDNA_2h	LT934125.1	-	122	NRK_2h_3	0	dcDNA	NRK_2h_3	viral_read.count	0	0		cluster_1
UL24	L	2h	2	PC-12	PC-12_dcDNA_2h	LT934125.1	-	439	PC-12_2h_1	0	dcDNA	PC-12_2h_1	viral_read.count	0	0		cluster_1
UL24	L	2h	2	PC-12	PC-12_dcDNA_2h	LT934125.1	-	399	PC-12_2h_2	0	dcDNA	PC-12_2h_2	viral_read.count	0	0		cluster_1
UL24	L	2h	2	PC-12	PC-12_dcDNA_2h	LT934125.1	-	503	PC-12_2h_3	0	dcDNA	PC-12_2h_3	viral_read.count	0	0		cluster_1
UL24	L	2h	2	PK-15	PK-15_dcDNA_2h	LT934125.1	-	482	PK-15_2h_1	0	dcDNA	PK-15_2h_1	viral_read.count	0	0		cluster_1
UL24	L	2h	2	PK-15	PK-15_dcDNA_2h	LT934125.1	-	405	PK-15_2h_2	0	dcDNA	PK-15_2h_2	viral_read.count	0	0		cluster_1
UL24	L	2h	2	PK-15	PK-15_dcDNA_2h	LT934125.1	-	1652	PK-15_2h_3	0	dcDNA	PK-15_2h_3	viral_read.count	0	0		cluster_1
UL24	L	4h	4	C6	C6_dcDNA_4h	LT934125.1	-	680	C6_4h_1	0	dcDNA	C6_4h_1	viral_read.count	0.000485908649173957	0.000841618468206454	1.73205080756888	cluster_1
UL24	L	4h	4	C6	C6_dcDNA_4h	LT934125.1	-	686	C6_4h_2	0.00145772594752187	dcDNA	C6_4h_2	viral_read.count	0.000485908649173957	0.000841618468206454	1.73205080756888	cluster_1
UL24	L	4h	4	C6	C6_dcDNA_4h	LT934125.1	-	312	C6_4h_3	0	dcDNA	C6_4h_3	viral_read.count	0.000485908649173957	0.000841618468206454	1.73205080756888	cluster_1
UL24	L	4h	4	PC-12	PC-12_dcDNA_4h	LT934125.1	-	2800	PC-12_4h_1	0.00107142857142857	dcDNA	PC-12_4h_1	viral_read.count	0.000483119173595364	0.00054340457614449	1.12478370937026	cluster_1
UL24	L	4h	4	PC-12	PC-12_dcDNA_4h	LT934125.1	-	2646	PC-12_4h_2	0.000377928949357521	dcDNA	PC-12_4h_2	viral_read.count	0.000483119173595364	0.00054340457614449	1.12478370937026	cluster_1
UL24	L	4h	4	PC-12	PC-12_dcDNA_4h	LT934125.1	-	2996	PC-12_4h_3	0	dcDNA	PC-12_4h_3	viral_read.count	0.000483119173595364	0.00054340457614449	1.12478370937026	cluster_1
UL24	L	4h	4	PK-15	PK-15_dcDNA_4h	LT934125.1	-	7826	PK-15_4h_1	0.000383337592639918	dcDNA	PK-15_4h_1	viral_read.count	0.000905363717493174	0.000913268066536324	1.00873057854034	cluster_1
UL24	L	4h	4	PK-15	PK-15_dcDNA_4h	LT934125.1	-	8046	PK-15_4h_2	0.000372856077554064	dcDNA	PK-15_4h_2	viral_read.count	0.000905363717493174	0.000913268066536324	1.00873057854034	cluster_1
UL24	L	4h	4	PK-15	PK-15_dcDNA_4h	LT934125.1	-	6633	PK-15_4h_3	0.00195989748228554	dcDNA	PK-15_4h_3	viral_read.count	0.000905363717493174	0.000913268066536324	1.00873057854034	cluster_1
UL24	L	6h	6	C6	C6_dcDNA_6h	LT934125.1	-	2759	C6_6h_1	0.000362450163102573	dcDNA	C6_6h_1	viral_read.count	0.000370672590165104	9.94052217499734e-05	0.268175269462726	cluster_1
UL24	L	6h	6	C6	C6_dcDNA_6h	LT934125.1	-	4220	C6_6h_2	0.0004739336492891	dcDNA	C6_6h_2	viral_read.count	0.000370672590165104	9.94052217499734e-05	0.268175269462726	cluster_1
UL24	L	6h	6	C6	C6_dcDNA_6h	LT934125.1	-	3628	C6_6h_3	0.000275633958103638	dcDNA	C6_6h_3	viral_read.count	0.000370672590165104	9.94052217499734e-05	0.268175269462726	cluster_1
UL24	L	6h	6	PC-12	PC-12_dcDNA_6h	LT934125.1	-	7517	PC-12_6h_1	0.000399095383796727	dcDNA	PC-12_6h_1	viral_read.count	0.000507663315365621	0.000152773371482274	0.300934432050198	cluster_1
UL24	L	6h	6	PC-12	PC-12_dcDNA_6h	LT934125.1	-	13589	PC-12_6h_2	0.000441533593347561	dcDNA	PC-12_6h_2	viral_read.count	0.000507663315365621	0.000152773371482274	0.300934432050198	cluster_1
UL24	L	6h	6	PC-12	PC-12_dcDNA_6h	LT934125.1	-	11724	PC-12_6h_3	0.000682360968952576	dcDNA	PC-12_6h_3	viral_read.count	0.000507663315365621	0.000152773371482274	0.300934432050198	cluster_1
UL24	L	6h	6	PK-15	PK-15_dcDNA_6h	LT934125.1	-	37872	PK-15_6h_1	0.000950570342205323	dcDNA	PK-15_6h_1	viral_read.count	0.000875405233776036	0.000419850115894498	0.479606586407401	cluster_1
UL24	L	6h	6	PK-15	PK-15_dcDNA_6h	LT934125.1	-	30337	PK-15_6h_2	0.00125259584006329	dcDNA	PK-15_6h_2	viral_read.count	0.000875405233776036	0.000419850115894498	0.479606586407401	cluster_1
UL24	L	6h	6	PK-15	PK-15_dcDNA_6h	LT934125.1	-	44912	PK-15_6h_3	0.000423049519059494	dcDNA	PK-15_6h_3	viral_read.count	0.000875405233776036	0.000419850115894498	0.479606586407401	cluster_1
UL24	L	8h	8	C6	C6_dcDNA_8h	LT934125.1	-	10124	C6_8h_1	0.00029632556301857	dcDNA	C6_8h_1	viral_read.count	0.000383763035674364	8.72703089836848e-05	0.227406761128856	cluster_1
UL24	L	8h	8	C6	C6_dcDNA_8h	LT934125.1	-	10414	C6_8h_2	0.000384098329172268	dcDNA	C6_8h_2	viral_read.count	0.000383763035674364	8.72703089836848e-05	0.227406761128856	cluster_1
UL24	L	8h	8	C6	C6_dcDNA_8h	LT934125.1	-	8495	C6_8h_3	0.000470865214832254	dcDNA	C6_8h_3	viral_read.count	0.000383763035674364	8.72703089836848e-05	0.227406761128856	cluster_1
UL24	L	8h	8	PC-12	PC-12_dcDNA_8h	LT934125.1	-	14035	PC-12_8h_1	0.000285001781261133	dcDNA	PC-12_8h_1	viral_read.count	0.000493176738628526	0.000294403848055408	0.596954043035596	cluster_1
UL24	L	8h	8	PC-12	PC-12_dcDNA_8h	LT934125.1	-	15684	PC-12_8h_2	0.000701351695995919	dcDNA	PC-12_8h_2	viral_read.count	0.000493176738628526	0.000294403848055408	0.596954043035596	cluster_1
UL24	L	8h	8	PK-15	PK-15_dcDNA_8h	LT934125.1	-	69419	PK-15_8h_1	0.000893127241821403	dcDNA	PK-15_8h_1	viral_read.count	0.00077876381921679	0.000116986407607853	0.150220650627436	cluster_1
UL24	L	8h	8	PK-15	PK-15_dcDNA_8h	LT934125.1	-	74319	PK-15_8h_2	0.000659319958557031	dcDNA	PK-15_8h_2	viral_read.count	0.00077876381921679	0.000116986407607853	0.150220650627436	cluster_1
UL24	L	8h	8	PK-15	PK-15_dcDNA_8h	LT934125.1	-	70167	PK-15_8h_3	0.000783844257271937	dcDNA	PK-15_8h_3	viral_read.count	0.00077876381921679	0.000116986407607853	0.150220650627436	cluster_1
UL25	L	""		C6	C6_dRNA	LT934125.1	-	3	C6_dRNA	0	dcDNA	C6_dRNA	viral_read.count	0			cluster_1
UL25	L	""		PC-12	PC-12_dRNA	LT934125.1	-	20	PC-12_dRNA	0	dcDNA	PC-12_dRNA	viral_read.count	0			cluster_1
UL25	L	""		PK-15	PK-15_dRNA	LT934125.1	-	68	PK-15_dRNA	0	dcDNA	PK-15_dRNA	viral_read.count	0			cluster_1
UL25	L	0.5h	0.5	PC-12	PC-12_dcDNA_0.5h	LT934125.1	-	13	PC-12_0.5h_1	0	dcDNA	PC-12_0.5h_1	viral_read.count	0	0		cluster_1
UL25	L	0.5h	0.5	PC-12	PC-12_dcDNA_0.5h	LT934125.1	-	13	PC-12_0.5h_2	0	dcDNA	PC-12_0.5h_2	viral_read.count	0	0		cluster_1
UL25	L	0.5h	0.5	PC-12	PC-12_dcDNA_0.5h	LT934125.1	-	2	PC-12_0.5h_3	0	dcDNA	PC-12_0.5h_3	viral_read.count	0	0		cluster_1
UL25	L	1.5h	1.5	PC-12	PC-12_dcDNA_1.5h	LT934125.1	-	138	PC-12_1.5h_1	0	dcDNA	PC-12_1.5h_1	viral_read.count	0	0		cluster_1
UL25	L	1.5h	1.5	PC-12	PC-12_dcDNA_1.5h	LT934125.1	-	129	PC-12_1.5h_2	0	dcDNA	PC-12_1.5h_2	viral_read.count	0	0		cluster_1
UL25	L	1.5h	1.5	PC-12	PC-12_dcDNA_1.5h	LT934125.1	-	152	PC-12_1.5h_3	0	dcDNA	PC-12_1.5h_3	viral_read.count	0	0		cluster_1
UL25	L	12h	12	C6	C6_dcDNA_12h	LT934125.1	-	56266	C6_12h_1	1.77727224256212e-05	dcDNA	C6_12h_1	viral_read.count	3.81729799705426e-05	2.17512452077881e-05	0.569807367006011	cluster_1
UL25	L	12h	12	C6	C6_dcDNA_12h	LT934125.1	-	49131	C6_12h_2	6.10612444281614e-05	dcDNA	C6_12h_2	viral_read.count	3.81729799705426e-05	2.17512452077881e-05	0.569807367006011	cluster_1
UL25	L	12h	12	C6	C6_dcDNA_12h	LT934125.1	-	28023	C6_12h_3	3.56849730578453e-05	dcDNA	C6_12h_3	viral_read.count	3.81729799705426e-05	2.17512452077881e-05	0.569807367006011	cluster_1
UL25	L	12h	12	PC-12	PC-12_dcDNA_12h	LT934125.1	-	40118	PC-12_12h_1	4.98529338451568e-05	dcDNA	PC-12_12h_1	viral_read.count	2.18020003033273e-05	2.55071681730222e-05	1.16994623512272	cluster_1
UL25	L	12h	12	PC-12	PC-12_dcDNA_12h	LT934125.1	-	64296	PC-12_12h_2	1.55530670648252e-05	dcDNA	PC-12_12h_2	viral_read.count	2.18020003033273e-05	2.55071681730222e-05	1.16994623512272	cluster_1
UL25	L	12h	12	PC-12	PC-12_dcDNA_12h	LT934125.1	-	35654	PC-12_12h_3	0	dcDNA	PC-12_12h_3	viral_read.count	2.18020003033273e-05	2.55071681730222e-05	1.16994623512272	cluster_1
UL25	L	12h	12	PK-15	PK-15_dcDNA_12h	LT934125.1	-	137055	PK-15_12h_1	1.45926817700923e-05	dcDNA	PK-15_12h_1	viral_read.count	1.65626214256364e-05	4.97018208416904e-06	0.30008426543373	cluster_1
UL25	L	12h	12	PK-15	PK-15_dcDNA_12h	LT934125.1	-	155287	PK-15_12h_2	1.28793781836213e-05	dcDNA	PK-15_12h_2	viral_read.count	1.65626214256364e-05	4.97018208416904e-06	0.30008426543373	cluster_1
UL25	L	12h	12	PK-15	PK-15_dcDNA_12h	LT934125.1	-	135039	PK-15_12h_3	2.22158043231955e-05	dcDNA	PK-15_12h_3	viral_read.count	1.65626214256364e-05	4.97018208416904e-06	0.30008426543373	cluster_1
UL25	L	1h	1	C6	C6_dcDNA_1h	LT934125.1	-	246	C6_1h_1	0	dcDNA	C6_1h_1	viral_read.count	0	0		cluster_1
UL25	L	1h	1	C6	C6_dcDNA_1h	LT934125.1	-	240	C6_1h_2	0	dcDNA	C6_1h_2	viral_read.count	0	0		cluster_1
UL25	L	1h	1	C6	C6_dcDNA_1h	LT934125.1	-	102	C6_1h_3	0	dcDNA	C6_1h_3	viral_read.count	0	0		cluster_1
UL25	L	1h	1	NRK	NRK_dcDNA_1h	LT934125.1	-	25	NRK_1h_1	0	dcDNA	NRK_1h_1	viral_read.count	0	0		cluster_1
UL25	L	1h	1	NRK	NRK_dcDNA_1h	LT934125.1	-	54	NRK_1h_2	0	dcDNA	NRK_1h_2	viral_read.count	0	0		cluster_1
UL25	L	1h	1	NRK	NRK_dcDNA_1h	LT934125.1	-	20	NRK_1h_3	0	dcDNA	NRK_1h_3	viral_read.count	0	0		cluster_1
UL25	L	1h	1	PC-12	PC-12_dcDNA_1h	LT934125.1	-	154	PC-12_1h_1	0	dcDNA	PC-12_1h_1	viral_read.count	0	0		cluster_1
UL25	L	1h	1	PC-12	PC-12_dcDNA_1h	LT934125.1	-	93	PC-12_1h_2	0	dcDNA	PC-12_1h_2	viral_read.count	0	0		cluster_1
UL25	L	1h	1	PC-12	PC-12_dcDNA_1h	LT934125.1	-	158	PC-12_1h_3	0	dcDNA	PC-12_1h_3	viral_read.count	0	0		cluster_1
UL25	L	1h	1	PK-15	PK-15_dcDNA_1h	LT934125.1	-	129	PK-15_1h_1	0	dcDNA	PK-15_1h_1	viral_read.count	0	0		cluster_1
UL25	L	1h	1	PK-15	PK-15_dcDNA_1h	LT934125.1	-	76	PK-15_1h_2	0	dcDNA	PK-15_1h_2	viral_read.count	0	0		cluster_1
UL25	L	1h	1	PK-15	PK-15_dcDNA_1h	LT934125.1	-	52	PK-15_1h_3	0	dcDNA	PK-15_1h_3	viral_read.count	0	0		cluster_1
UL25	L	2.5h	2.5	PC-12	PC-12_dcDNA_2.5h	LT934125.1	-	478	PC-12_2.5h_1	0	dcDNA	PC-12_2.5h_1	viral_read.count	0	0		cluster_1
UL25	L	2.5h	2.5	PC-12	PC-12_dcDNA_2.5h	LT934125.1	-	231	PC-12_2.5h_2	0	dcDNA	PC-12_2.5h_2	viral_read.count	0	0		cluster_1
UL25	L	2.5h	2.5	PC-12	PC-12_dcDNA_2.5h	LT934125.1	-	545	PC-12_2.5h_3	0	dcDNA	PC-12_2.5h_3	viral_read.count	0	0		cluster_1
UL25	L	2h	2	C6	C6_dcDNA_2h	LT934125.1	-	243	C6_2h_1	0	dcDNA	C6_2h_1	viral_read.count	0	0		cluster_1
UL25	L	2h	2	C6	C6_dcDNA_2h	LT934125.1	-	468	C6_2h_2	0	dcDNA	C6_2h_2	viral_read.count	0	0		cluster_1
UL25	L	2h	2	NRK	NRK_dcDNA_2h	LT934125.1	-	99	NRK_2h_1	0	dcDNA	NRK_2h_1	viral_read.count	0	0		cluster_1
UL25	L	2h	2	NRK	NRK_dcDNA_2h	LT934125.1	-	71	NRK_2h_2	0	dcDNA	NRK_2h_2	viral_read.count	0	0		cluster_1
UL25	L	2h	2	NRK	NRK_dcDNA_2h	LT934125.1	-	122	NRK_2h_3	0	dcDNA	NRK_2h_3	viral_read.count	0	0		cluster_1
UL25	L	2h	2	PC-12	PC-12_dcDNA_2h	LT934125.1	-	439	PC-12_2h_1	0	dcDNA	PC-12_2h_1	viral_read.count	0	0		cluster_1
UL25	L	2h	2	PC-12	PC-12_dcDNA_2h	LT934125.1	-	399	PC-12_2h_2	0	dcDNA	PC-12_2h_2	viral_read.count	0	0		cluster_1
UL25	L	2h	2	PC-12	PC-12_dcDNA_2h	LT934125.1	-	503	PC-12_2h_3	0	dcDNA	PC-12_2h_3	viral_read.count	0	0		cluster_1
UL25	L	2h	2	PK-15	PK-15_dcDNA_2h	LT934125.1	-	482	PK-15_2h_1	0	dcDNA	PK-15_2h_1	viral_read.count	0	0		cluster_1
UL25	L	2h	2	PK-15	PK-15_dcDNA_2h	LT934125.1	-	405	PK-15_2h_2	0	dcDNA	PK-15_2h_2	viral_read.count	0	0		cluster_1
UL25	L	2h	2	PK-15	PK-15_dcDNA_2h	LT934125.1	-	1652	PK-15_2h_3	0	dcDNA	PK-15_2h_3	viral_read.count	0	0		cluster_1
UL25	L	4h	4	C6	C6_dcDNA_4h	LT934125.1	-	680	C6_4h_1	0	dcDNA	C6_4h_1	viral_read.count	0	0		cluster_1
UL25	L	4h	4	C6	C6_dcDNA_4h	LT934125.1	-	686	C6_4h_2	0	dcDNA	C6_4h_2	viral_read.count	0	0		cluster_1
UL25	L	4h	4	C6	C6_dcDNA_4h	LT934125.1	-	312	C6_4h_3	0	dcDNA	C6_4h_3	viral_read.count	0	0		cluster_1
UL25	L	4h	4	PC-12	PC-12_dcDNA_4h	LT934125.1	-	2800	PC-12_4h_1	0	dcDNA	PC-12_4h_1	viral_read.count	0	0		cluster_1
UL25	L	4h	4	PC-12	PC-12_dcDNA_4h	LT934125.1	-	2646	PC-12_4h_2	0	dcDNA	PC-12_4h_2	viral_read.count	0	0		cluster_1
UL25	L	4h	4	PC-12	PC-12_dcDNA_4h	LT934125.1	-	2996	PC-12_4h_3	0	dcDNA	PC-12_4h_3	viral_read.count	0	0		cluster_1
UL25	L	4h	4	PK-15	PK-15_dcDNA_4h	LT934125.1	-	7826	PK-15_4h_1	0	dcDNA	PK-15_4h_1	viral_read.count	0	0		cluster_1
UL25	L	4h	4	PK-15	PK-15_dcDNA_4h	LT934125.1	-	8046	PK-15_4h_2	0	dcDNA	PK-15_4h_2	viral_read.count	0	0		cluster_1
UL25	L	4h	4	PK-15	PK-15_dcDNA_4h	LT934125.1	-	6633	PK-15_4h_3	0	dcDNA	PK-15_4h_3	viral_read.count	0	0		cluster_1
UL25	L	6h	6	C6	C6_dcDNA_6h	LT934125.1	-	2759	C6_6h_1	0	dcDNA	C6_6h_1	viral_read.count	9.1877986034546e-05	0.000159137339908937	1.73205080756888	cluster_1
UL25	L	6h	6	C6	C6_dcDNA_6h	LT934125.1	-	4220	C6_6h_2	0	dcDNA	C6_6h_2	viral_read.count	9.1877986034546e-05	0.000159137339908937	1.73205080756888	cluster_1
UL25	L	6h	6	C6	C6_dcDNA_6h	LT934125.1	-	3628	C6_6h_3	0.000275633958103638	dcDNA	C6_6h_3	viral_read.count	9.1877986034546e-05	0.000159137339908937	1.73205080756888	cluster_1
UL25	L	6h	6	PC-12	PC-12_dcDNA_6h	LT934125.1	-	7517	PC-12_6h_1	0	dcDNA	PC-12_6h_1	viral_read.count	0	0		cluster_1
UL25	L	6h	6	PC-12	PC-12_dcDNA_6h	LT934125.1	-	13589	PC-12_6h_2	0	dcDNA	PC-12_6h_2	viral_read.count	0	0		cluster_1
UL25	L	6h	6	PC-12	PC-12_dcDNA_6h	LT934125.1	-	11724	PC-12_6h_3	0	dcDNA	PC-12_6h_3	viral_read.count	0	0		cluster_1
UL25	L	6h	6	PK-15	PK-15_dcDNA_6h	LT934125.1	-	37872	PK-15_6h_1	0	dcDNA	PK-15_6h_1	viral_read.count	0	0		cluster_1
UL25	L	6h	6	PK-15	PK-15_dcDNA_6h	LT934125.1	-	30337	PK-15_6h_2	0	dcDNA	PK-15_6h_2	viral_read.count	0	0		cluster_1
UL25	L	6h	6	PK-15	PK-15_dcDNA_6h	LT934125.1	-	44912	PK-15_6h_3	0	dcDNA	PK-15_6h_3	viral_read.count	0	0		cluster_1
UL25	L	8h	8	C6	C6_dcDNA_8h	LT934125.1	-	10124	C6_8h_1	0	dcDNA	C6_8h_1	viral_read.count	3.9238767902688e-05	6.79635396338585e-05	1.73205080756888	cluster_1
UL25	L	8h	8	C6	C6_dcDNA_8h	LT934125.1	-	10414	C6_8h_2	0	dcDNA	C6_8h_2	viral_read.count	3.9238767902688e-05	6.79635396338585e-05	1.73205080756888	cluster_1
UL25	L	8h	8	C6	C6_dcDNA_8h	LT934125.1	-	8495	C6_8h_3	0.000117716303708064	dcDNA	C6_8h_3	viral_read.count	3.9238767902688e-05	6.79635396338585e-05	1.73205080756888	cluster_1
UL25	L	8h	8	PC-12	PC-12_dcDNA_8h	LT934125.1	-	14035	PC-12_8h_1	0	dcDNA	PC-12_8h_1	viral_read.count	6.3759245090538e-05	9.0169189133709e-05	1.4142135623731	cluster_1
UL25	L	8h	8	PC-12	PC-12_dcDNA_8h	LT934125.1	-	15684	PC-12_8h_2	0.000127518490181076	dcDNA	PC-12_8h_2	viral_read.count	6.3759245090538e-05	9.0169189133709e-05	1.4142135623731	cluster_1
UL25	L	8h	8	PK-15	PK-15_dcDNA_8h	LT934125.1	-	69419	PK-15_8h_1	4.32158342816808e-05	dcDNA	PK-15_8h_1	viral_read.count	2.36410191361894e-05	1.69569609998624e-05	0.717268612752182	cluster_1
UL25	L	8h	8	PK-15	PK-15_dcDNA_8h	LT934125.1	-	74319	PK-15_8h_2	1.34555093583068e-05	dcDNA	PK-15_8h_2	viral_read.count	2.36410191361894e-05	1.69569609998624e-05	0.717268612752182	cluster_1
UL25	L	8h	8	PK-15	PK-15_dcDNA_8h	LT934125.1	-	70167	PK-15_8h_3	1.42517137685807e-05	dcDNA	PK-15_8h_3	viral_read.count	2.36410191361894e-05	1.69569609998624e-05	0.717268612752182	cluster_1
UL26	L	""		C6	C6_dRNA	LT934125.1	-	3	C6_dRNA	0	dcDNA	C6_dRNA	viral_read.count	0			cluster_1
UL26	L	""		PC-12	PC-12_dRNA	LT934125.1	-	20	PC-12_dRNA	0	dcDNA	PC-12_dRNA	viral_read.count	0			cluster_1
UL26	L	""		PK-15	PK-15_dRNA	LT934125.1	-	68	PK-15_dRNA	0	dcDNA	PK-15_dRNA	viral_read.count	0			cluster_1
UL26	L	0.5h	0.5	PC-12	PC-12_dcDNA_0.5h	LT934125.1	-	13	PC-12_0.5h_1	0	dcDNA	PC-12_0.5h_1	viral_read.count	0	0		cluster_1
UL26	L	0.5h	0.5	PC-12	PC-12_dcDNA_0.5h	LT934125.1	-	13	PC-12_0.5h_2	0	dcDNA	PC-12_0.5h_2	viral_read.count	0	0		cluster_1
UL26	L	0.5h	0.5	PC-12	PC-12_dcDNA_0.5h	LT934125.1	-	2	PC-12_0.5h_3	0	dcDNA	PC-12_0.5h_3	viral_read.count	0	0		cluster_1
UL26	L	1.5h	1.5	PC-12	PC-12_dcDNA_1.5h	LT934125.1	-	138	PC-12_1.5h_1	0	dcDNA	PC-12_1.5h_1	viral_read.count	0	0		cluster_1
UL26	L	1.5h	1.5	PC-12	PC-12_dcDNA_1.5h	LT934125.1	-	129	PC-12_1.5h_2	0	dcDNA	PC-12_1.5h_2	viral_read.count	0	0		cluster_1
UL26	L	1.5h	1.5	PC-12	PC-12_dcDNA_1.5h	LT934125.1	-	152	PC-12_1.5h_3	0	dcDNA	PC-12_1.5h_3	viral_read.count	0	0		cluster_1
UL26	L	12h	12	C6	C6_dcDNA_12h	LT934125.1	-	56266	C6_12h_1	0.00860199765400064	dcDNA	C6_12h_1	viral_read.count	0.00882162571750185	0.000694376159045062	0.0787129471688466	cluster_1
UL26	L	12h	12	C6	C6_dcDNA_12h	LT934125.1	-	49131	C6_12h_2	0.00826362174594452	dcDNA	C6_12h_2	viral_read.count	0.00882162571750185	0.000694376159045062	0.0787129471688466	cluster_1
UL26	L	12h	12	C6	C6_dcDNA_12h	LT934125.1	-	28023	C6_12h_3	0.0095992577525604	dcDNA	C6_12h_3	viral_read.count	0.00882162571750185	0.000694376159045062	0.0787129471688466	cluster_1
UL26	L	12h	12	PC-12	PC-12_dcDNA_12h	LT934125.1	-	40118	PC-12_12h_1	0.00324044069993519	dcDNA	PC-12_12h_1	viral_read.count	0.00357318161181839	0.000395722946355619	0.110748064147301	cluster_1
UL26	L	12h	12	PC-12	PC-12_dcDNA_12h	LT934125.1	-	64296	PC-12_12h_2	0.00346833395545602	dcDNA	PC-12_12h_2	viral_read.count	0.00357318161181839	0.000395722946355619	0.110748064147301	cluster_1
UL26	L	12h	12	PC-12	PC-12_dcDNA_12h	LT934125.1	-	35654	PC-12_12h_3	0.00401077018006395	dcDNA	PC-12_12h_3	viral_read.count	0.00357318161181839	0.000395722946355619	0.110748064147301	cluster_1
UL26	L	12h	12	PK-15	PK-15_dcDNA_12h	LT934125.1	-	137055	PK-15_12h_1	0.0039838021232352	dcDNA	PK-15_12h_1	viral_read.count	0.00484695007692426	0.00190628929907717	0.393296664670178	cluster_1
UL26	L	12h	12	PK-15	PK-15_dcDNA_12h	LT934125.1	-	155287	PK-15_12h_2	0.00703214048825723	dcDNA	PK-15_12h_2	viral_read.count	0.00484695007692426	0.00190628929907717	0.393296664670178	cluster_1
UL26	L	12h	12	PK-15	PK-15_dcDNA_12h	LT934125.1	-	135039	PK-15_12h_3	0.00352490761928036	dcDNA	PK-15_12h_3	viral_read.count	0.00484695007692426	0.00190628929907717	0.393296664670178	cluster_1
UL26	L	1h	1	C6	C6_dcDNA_1h	LT934125.1	-	246	C6_1h_1	0	dcDNA	C6_1h_1	viral_read.count	0.00138888888888889	0.00240562612162344	1.73205080756888	cluster_1
UL26	L	1h	1	C6	C6_dcDNA_1h	LT934125.1	-	240	C6_1h_2	0.00416666666666667	dcDNA	C6_1h_2	viral_read.count	0.00138888888888889	0.00240562612162344	1.73205080756888	cluster_1
UL26	L	1h	1	C6	C6_dcDNA_1h	LT934125.1	-	102	C6_1h_3	0	dcDNA	C6_1h_3	viral_read.count	0.00138888888888889	0.00240562612162344	1.73205080756888	cluster_1
UL26	L	1h	1	NRK	NRK_dcDNA_1h	LT934125.1	-	25	NRK_1h_1	0	dcDNA	NRK_1h_1	viral_read.count	0	0		cluster_1
UL26	L	1h	1	NRK	NRK_dcDNA_1h	LT934125.1	-	54	NRK_1h_2	0	dcDNA	NRK_1h_2	viral_read.count	0	0		cluster_1
UL26	L	1h	1	NRK	NRK_dcDNA_1h	LT934125.1	-	20	NRK_1h_3	0	dcDNA	NRK_1h_3	viral_read.count	0	0		cluster_1
UL26	L	1h	1	PC-12	PC-12_dcDNA_1h	LT934125.1	-	154	PC-12_1h_1	0.00649350649350649	dcDNA	PC-12_1h_1	viral_read.count	0.00216450216450216	0.00374902772201056	1.73205080756888	cluster_1
UL26	L	1h	1	PC-12	PC-12_dcDNA_1h	LT934125.1	-	93	PC-12_1h_2	0	dcDNA	PC-12_1h_2	viral_read.count	0.00216450216450216	0.00374902772201056	1.73205080756888	cluster_1
UL26	L	1h	1	PC-12	PC-12_dcDNA_1h	LT934125.1	-	158	PC-12_1h_3	0	dcDNA	PC-12_1h_3	viral_read.count	0.00216450216450216	0.00374902772201056	1.73205080756888	cluster_1
UL26	L	1h	1	PK-15	PK-15_dcDNA_1h	LT934125.1	-	129	PK-15_1h_1	0	dcDNA	PK-15_1h_1	viral_read.count	0	0		cluster_1
UL26	L	1h	1	PK-15	PK-15_dcDNA_1h	LT934125.1	-	76	PK-15_1h_2	0	dcDNA	PK-15_1h_2	viral_read.count	0	0		cluster_1
UL26	L	1h	1	PK-15	PK-15_dcDNA_1h	LT934125.1	-	52	PK-15_1h_3	0	dcDNA	PK-15_1h_3	viral_read.count	0	0		cluster_1
UL26	L	2.5h	2.5	PC-12	PC-12_dcDNA_2.5h	LT934125.1	-	478	PC-12_2.5h_1	0.00209205020920502	dcDNA	PC-12_2.5h_1	viral_read.count	0.000697350069735007	0.00120784575144273	1.73205080756888	cluster_1
UL26	L	2.5h	2.5	PC-12	PC-12_dcDNA_2.5h	LT934125.1	-	231	PC-12_2.5h_2	0	dcDNA	PC-12_2.5h_2	viral_read.count	0.000697350069735007	0.00120784575144273	1.73205080756888	cluster_1
UL26	L	2.5h	2.5	PC-12	PC-12_dcDNA_2.5h	LT934125.1	-	545	PC-12_2.5h_3	0	dcDNA	PC-12_2.5h_3	viral_read.count	0.000697350069735007	0.00120784575144273	1.73205080756888	cluster_1
UL26	L	2h	2	C6	C6_dcDNA_2h	LT934125.1	-	243	C6_2h_1	0.00411522633744856	dcDNA	C6_2h_1	viral_read.count	0.00312598923710035	0.00139899252371507	0.447535937459839	cluster_1
UL26	L	2h	2	C6	C6_dcDNA_2h	LT934125.1	-	468	C6_2h_2	0.00213675213675214	dcDNA	C6_2h_2	viral_read.count	0.00312598923710035	0.00139899252371507	0.447535937459839	cluster_1
UL26	L	2h	2	NRK	NRK_dcDNA_2h	LT934125.1	-	99	NRK_2h_1	0	dcDNA	NRK_2h_1	viral_read.count	0	0		cluster_1
UL26	L	2h	2	NRK	NRK_dcDNA_2h	LT934125.1	-	71	NRK_2h_2	0	dcDNA	NRK_2h_2	viral_read.count	0	0		cluster_1
UL26	L	2h	2	NRK	NRK_dcDNA_2h	LT934125.1	-	122	NRK_2h_3	0	dcDNA	NRK_2h_3	viral_read.count	0	0		cluster_1
UL26	L	2h	2	PC-12	PC-12_dcDNA_2h	LT934125.1	-	439	PC-12_2h_1	0.00227790432801822	dcDNA	PC-12_2h_1	viral_read.count	0.00225741385425172	0.000259704012854406	0.115044927346958	cluster_1
UL26	L	2h	2	PC-12	PC-12_dcDNA_2h	LT934125.1	-	399	PC-12_2h_2	0.0025062656641604	dcDNA	PC-12_2h_2	viral_read.count	0.00225741385425172	0.000259704012854406	0.115044927346958	cluster_1
UL26	L	2h	2	PC-12	PC-12_dcDNA_2h	LT934125.1	-	503	PC-12_2h_3	0.00198807157057654	dcDNA	PC-12_2h_3	viral_read.count	0.00225741385425172	0.000259704012854406	0.115044927346958	cluster_1
UL26	L	2h	2	PK-15	PK-15_dcDNA_2h	LT934125.1	-	482	PK-15_2h_1	0.0020746887966805	dcDNA	PK-15_2h_1	viral_read.count	0.00129688980874015	0.0011305639570351	0.871750205311097	cluster_1
UL26	L	2h	2	PK-15	PK-15_dcDNA_2h	LT934125.1	-	405	PK-15_2h_2	0	dcDNA	PK-15_2h_2	viral_read.count	0.00129688980874015	0.0011305639570351	0.871750205311097	cluster_1
UL26	L	2h	2	PK-15	PK-15_dcDNA_2h	LT934125.1	-	1652	PK-15_2h_3	0.00181598062953995	dcDNA	PK-15_2h_3	viral_read.count	0.00129688980874015	0.0011305639570351	0.871750205311097	cluster_1
UL26	L	4h	4	C6	C6_dcDNA_4h	LT934125.1	-	680	C6_4h_1	0.00882352941176471	dcDNA	C6_4h_1	viral_read.count	0.00498136983731222	0.00333055862248719	0.6686029608844	cluster_1
UL26	L	4h	4	C6	C6_dcDNA_4h	LT934125.1	-	686	C6_4h_2	0.00291545189504373	dcDNA	C6_4h_2	viral_read.count	0.00498136983731222	0.00333055862248719	0.6686029608844	cluster_1
UL26	L	4h	4	C6	C6_dcDNA_4h	LT934125.1	-	312	C6_4h_3	0.00320512820512821	dcDNA	C6_4h_3	viral_read.count	0.00498136983731222	0.00333055862248719	0.6686029608844	cluster_1
UL26	L	4h	4	PC-12	PC-12_dcDNA_4h	LT934125.1	-	2800	PC-12_4h_1	0.00785714285714286	dcDNA	PC-12_4h_1	viral_read.count	0.00657847147166239	0.00178813695611722	0.271816479530215	cluster_1
UL26	L	4h	4	PC-12	PC-12_dcDNA_4h	LT934125.1	-	2646	PC-12_4h_2	0.00453514739229025	dcDNA	PC-12_4h_2	viral_read.count	0.00657847147166239	0.00178813695611722	0.271816479530215	cluster_1
UL26	L	4h	4	PC-12	PC-12_dcDNA_4h	LT934125.1	-	2996	PC-12_4h_3	0.00734312416555407	dcDNA	PC-12_4h_3	viral_read.count	0.00657847147166239	0.00178813695611722	0.271816479530215	cluster_1
UL26	L	4h	4	PK-15	PK-15_dcDNA_4h	LT934125.1	-	7826	PK-15_4h_1	0.00230002555583951	dcDNA	PK-15_4h_1	viral_read.count	0.00257384389284589	0.000279428374462604	0.108564616229946	cluster_1
UL26	L	4h	4	PK-15	PK-15_dcDNA_4h	LT934125.1	-	8046	PK-15_4h_2	0.00285856326124783	dcDNA	PK-15_4h_2	viral_read.count	0.00257384389284589	0.000279428374462604	0.108564616229946	cluster_1
UL26	L	4h	4	PK-15	PK-15_dcDNA_4h	LT934125.1	-	6633	PK-15_4h_3	0.00256294286145032	dcDNA	PK-15_4h_3	viral_read.count	0.00257384389284589	0.000279428374462604	0.108564616229946	cluster_1
UL26	L	6h	6	C6	C6_dcDNA_6h	LT934125.1	-	2759	C6_6h_1	0.00507430228343603	dcDNA	C6_6h_1	viral_read.count	0.00550371735387418	0.000425005036707495	0.0772214504090267	cluster_1
UL26	L	6h	6	C6	C6_dcDNA_6h	LT934125.1	-	4220	C6_6h_2	0.00592417061611374	dcDNA	C6_6h_2	viral_read.count	0.00550371735387418	0.000425005036707495	0.0772214504090267	cluster_1
UL26	L	6h	6	C6	C6_dcDNA_6h	LT934125.1	-	3628	C6_6h_3	0.00551267916207277	dcDNA	C6_6h_3	viral_read.count	0.00550371735387418	0.000425005036707495	0.0772214504090267	cluster_1
UL26	L	6h	6	PC-12	PC-12_dcDNA_6h	LT934125.1	-	7517	PC-12_6h_1	0.00718371690834109	dcDNA	PC-12_6h_1	viral_read.count	0.00619496612784795	0.00110380873015192	0.178178331789421	cluster_1
UL26	L	6h	6	PC-12	PC-12_dcDNA_6h	LT934125.1	-	13589	PC-12_6h_2	0.00500404739127235	dcDNA	PC-12_6h_2	viral_read.count	0.00619496612784795	0.00110380873015192	0.178178331789421	cluster_1
UL26	L	6h	6	PC-12	PC-12_dcDNA_6h	LT934125.1	-	11724	PC-12_6h_3	0.0063971340839304	dcDNA	PC-12_6h_3	viral_read.count	0.00619496612784795	0.00110380873015192	0.178178331789421	cluster_1
UL26	L	6h	6	PK-15	PK-15_dcDNA_6h	LT934125.1	-	37872	PK-15_6h_1	0.00337980566117448	dcDNA	PK-15_6h_1	viral_read.count	0.00322770093247748	0.000912365749214355	0.282667374797346	cluster_1
UL26	L	6h	6	PK-15	PK-15_dcDNA_6h	LT934125.1	-	30337	PK-15_6h_2	0.00405445495599433	dcDNA	PK-15_6h_2	viral_read.count	0.00322770093247748	0.000912365749214355	0.282667374797346	cluster_1
UL26	L	6h	6	PK-15	PK-15_dcDNA_6h	LT934125.1	-	44912	PK-15_6h_3	0.00224884218026363	dcDNA	PK-15_6h_3	viral_read.count	0.00322770093247748	0.000912365749214355	0.282667374797346	cluster_1
UL26	L	8h	8	C6	C6_dcDNA_8h	LT934125.1	-	10124	C6_8h_1	0.00335835638087712	dcDNA	C6_8h_1	viral_read.count	0.00350569596594686	0.000209052004056456	0.0596320976168829	cluster_1
UL26	L	8h	8	C6	C6_dcDNA_8h	LT934125.1	-	10414	C6_8h_2	0.00374495870942961	dcDNA	C6_8h_2	viral_read.count	0.00350569596594686	0.000209052004056456	0.0596320976168829	cluster_1
UL26	L	8h	8	C6	C6_dcDNA_8h	LT934125.1	-	8495	C6_8h_3	0.00341377280753384	dcDNA	C6_8h_3	viral_read.count	0.00350569596594686	0.000209052004056456	0.0596320976168829	cluster_1
UL26	L	8h	8	PC-12	PC-12_dcDNA_8h	LT934125.1	-	14035	PC-12_8h_1	0.00277876736729605	dcDNA	PC-12_8h_1	viral_read.count	0.00406727197745062	0.00182222069486086	0.448020369663853	cluster_1
UL26	L	8h	8	PC-12	PC-12_dcDNA_8h	LT934125.1	-	15684	PC-12_8h_2	0.0053557765876052	dcDNA	PC-12_8h_2	viral_read.count	0.00406727197745062	0.00182222069486086	0.448020369663853	cluster_1
UL26	L	8h	8	PK-15	PK-15_dcDNA_8h	LT934125.1	-	69419	PK-15_8h_1	0.00592056929659027	dcDNA	PK-15_8h_1	viral_read.count	0.00441144002214852	0.00136482068931465	0.309382125215869	cluster_1
UL26	L	8h	8	PK-15	PK-15_dcDNA_8h	LT934125.1	-	74319	PK-15_8h_2	0.00405010831685033	dcDNA	PK-15_8h_2	viral_read.count	0.00441144002214852	0.00136482068931465	0.309382125215869	cluster_1
UL26	L	8h	8	PK-15	PK-15_dcDNA_8h	LT934125.1	-	70167	PK-15_8h_3	0.00326364245300497	dcDNA	PK-15_8h_3	viral_read.count	0.00441144002214852	0.00136482068931465	0.309382125215869	cluster_1
UL26.5	L	""		C6	C6_dRNA	LT934125.1	-	3	C6_dRNA	0	dcDNA	C6_dRNA	viral_read.count	0			cluster_7
UL26.5	L	""		PC-12	PC-12_dRNA	LT934125.1	-	20	PC-12_dRNA	0	dcDNA	PC-12_dRNA	viral_read.count	0			cluster_7
UL26.5	L	""		PK-15	PK-15_dRNA	LT934125.1	-	68	PK-15_dRNA	0	dcDNA	PK-15_dRNA	viral_read.count	0			cluster_7
UL26.5	L	0.5h	0.5	PC-12	PC-12_dcDNA_0.5h	LT934125.1	-	13	PC-12_0.5h_1	0.153846153846154	dcDNA	PC-12_0.5h_1	viral_read.count	0.269230769230769	0.199852016257947	0.74230748895809	cluster_7
UL26.5	L	0.5h	0.5	PC-12	PC-12_dcDNA_0.5h	LT934125.1	-	13	PC-12_0.5h_2	0.153846153846154	dcDNA	PC-12_0.5h_2	viral_read.count	0.269230769230769	0.199852016257947	0.74230748895809	cluster_7
UL26.5	L	0.5h	0.5	PC-12	PC-12_dcDNA_0.5h	LT934125.1	-	2	PC-12_0.5h_3	0.5	dcDNA	PC-12_0.5h_3	viral_read.count	0.269230769230769	0.199852016257947	0.74230748895809	cluster_7
UL26.5	L	1.5h	1.5	PC-12	PC-12_dcDNA_1.5h	LT934125.1	-	138	PC-12_1.5h_1	0.0289855072463768	dcDNA	PC-12_1.5h_1	viral_read.count	0.0323736540542458	0.0187943139328464	0.580543484567865	cluster_7
UL26.5	L	1.5h	1.5	PC-12	PC-12_dcDNA_1.5h	LT934125.1	-	129	PC-12_1.5h_2	0.0155038759689922	dcDNA	PC-12_1.5h_2	viral_read.count	0.0323736540542458	0.0187943139328464	0.580543484567865	cluster_7
UL26.5	L	1.5h	1.5	PC-12	PC-12_dcDNA_1.5h	LT934125.1	-	152	PC-12_1.5h_3	0.0526315789473684	dcDNA	PC-12_1.5h_3	viral_read.count	0.0323736540542458	0.0187943139328464	0.580543484567865	cluster_7
UL26.5	L	12h	12	C6	C6_dcDNA_12h	LT934125.1	-	56266	C6_12h_1	0.0777734333345182	dcDNA	C6_12h_1	viral_read.count	0.0766907472963145	0.0011988535222838	0.0156323098228749	cluster_7
UL26.5	L	12h	12	C6	C6_dcDNA_12h	LT934125.1	-	49131	C6_12h_2	0.076896460483198	dcDNA	C6_12h_2	viral_read.count	0.0766907472963145	0.0011988535222838	0.0156323098228749	cluster_7
UL26.5	L	12h	12	C6	C6_dcDNA_12h	LT934125.1	-	28023	C6_12h_3	0.0754023480712272	dcDNA	C6_12h_3	viral_read.count	0.0766907472963145	0.0011988535222838	0.0156323098228749	cluster_7
UL26.5	L	12h	12	PC-12	PC-12_dcDNA_12h	LT934125.1	-	40118	PC-12_12h_1	0.0328032304701132	dcDNA	PC-12_12h_1	viral_read.count	0.030730191118681	0.00182815959391402	0.0594906678859758	cluster_7
UL26.5	L	12h	12	PC-12	PC-12_dcDNA_12h	LT934125.1	-	64296	PC-12_12h_2	0.0293486375513251	dcDNA	PC-12_12h_2	viral_read.count	0.030730191118681	0.00182815959391402	0.0594906678859758	cluster_7
UL26.5	L	12h	12	PC-12	PC-12_dcDNA_12h	LT934125.1	-	35654	PC-12_12h_3	0.0300387053346048	dcDNA	PC-12_12h_3	viral_read.count	0.030730191118681	0.00182815959391402	0.0594906678859758	cluster_7
UL26.5	L	12h	12	PK-15	PK-15_dcDNA_12h	LT934125.1	-	137055	PK-15_12h_1	0.0377439713983437	dcDNA	PK-15_12h_1	viral_read.count	0.0416051171772872	0.0125752685005705	0.302252928335351	cluster_7
UL26.5	L	12h	12	PK-15	PK-15_dcDNA_12h	LT934125.1	-	155287	PK-15_12h_2	0.0556582328205194	dcDNA	PK-15_12h_2	viral_read.count	0.0416051171772872	0.0125752685005705	0.302252928335351	cluster_7
UL26.5	L	12h	12	PK-15	PK-15_dcDNA_12h	LT934125.1	-	135039	PK-15_12h_3	0.0314131473129985	dcDNA	PK-15_12h_3	viral_read.count	0.0416051171772872	0.0125752685005705	0.302252928335351	cluster_7
UL26.5	L	1h	1	C6	C6_dcDNA_1h	LT934125.1	-	246	C6_1h_1	0.0853658536585366	dcDNA	C6_1h_1	viral_read.count	0.076821297624741	0.00945299711655369	0.12305177611982	cluster_7
UL26.5	L	1h	1	C6	C6_dcDNA_1h	LT934125.1	-	240	C6_1h_2	0.0666666666666667	dcDNA	C6_1h_2	viral_read.count	0.076821297624741	0.00945299711655369	0.12305177611982	cluster_7
UL26.5	L	1h	1	C6	C6_dcDNA_1h	LT934125.1	-	102	C6_1h_3	0.0784313725490196	dcDNA	C6_1h_3	viral_read.count	0.076821297624741	0.00945299711655369	0.12305177611982	cluster_7
UL26.5	L	1h	1	NRK	NRK_dcDNA_1h	LT934125.1	-	25	NRK_1h_1	0.08	dcDNA	NRK_1h_1	viral_read.count	0.0433333333333333	0.0404145188432738	0.932642742537088	cluster_7
UL26.5	L	1h	1	NRK	NRK_dcDNA_1h	LT934125.1	-	54	NRK_1h_2	0	dcDNA	NRK_1h_2	viral_read.count	0.0433333333333333	0.0404145188432738	0.932642742537088	cluster_7
UL26.5	L	1h	1	NRK	NRK_dcDNA_1h	LT934125.1	-	20	NRK_1h_3	0.05	dcDNA	NRK_1h_3	viral_read.count	0.0433333333333333	0.0404145188432738	0.932642742537088	cluster_7
UL26.5	L	1h	1	PC-12	PC-12_dcDNA_1h	LT934125.1	-	154	PC-12_1h_1	0.0194805194805195	dcDNA	PC-12_1h_1	viral_read.count	0.0301085874789428	0.0305147350280979	1.01348942554808	cluster_7
UL26.5	L	1h	1	PC-12	PC-12_dcDNA_1h	LT934125.1	-	93	PC-12_1h_2	0.0645161290322581	dcDNA	PC-12_1h_2	viral_read.count	0.0301085874789428	0.0305147350280979	1.01348942554808	cluster_7
UL26.5	L	1h	1	PC-12	PC-12_dcDNA_1h	LT934125.1	-	158	PC-12_1h_3	0.00632911392405063	dcDNA	PC-12_1h_3	viral_read.count	0.0301085874789428	0.0305147350280979	1.01348942554808	cluster_7
UL26.5	L	1h	1	PK-15	PK-15_dcDNA_1h	LT934125.1	-	129	PK-15_1h_1	0	dcDNA	PK-15_1h_1	viral_read.count	0.0107962213225371	0.00983050086662176	0.910550142770841	cluster_7
UL26.5	L	1h	1	PK-15	PK-15_dcDNA_1h	LT934125.1	-	76	PK-15_1h_2	0.0131578947368421	dcDNA	PK-15_1h_2	viral_read.count	0.0107962213225371	0.00983050086662176	0.910550142770841	cluster_7
UL26.5	L	1h	1	PK-15	PK-15_dcDNA_1h	LT934125.1	-	52	PK-15_1h_3	0.0192307692307692	dcDNA	PK-15_1h_3	viral_read.count	0.0107962213225371	0.00983050086662176	0.910550142770841	cluster_7
UL26.5	L	2.5h	2.5	PC-12	PC-12_dcDNA_2.5h	LT934125.1	-	478	PC-12_2.5h_1	0.0334728033472803	dcDNA	PC-12_2.5h_1	viral_read.count	0.0379921325374475	0.00684835621217303	0.180257220502767	cluster_7
UL26.5	L	2.5h	2.5	PC-12	PC-12_dcDNA_2.5h	LT934125.1	-	231	PC-12_2.5h_2	0.0346320346320346	dcDNA	PC-12_2.5h_2	viral_read.count	0.0379921325374475	0.00684835621217303	0.180257220502767	cluster_7
UL26.5	L	2.5h	2.5	PC-12	PC-12_dcDNA_2.5h	LT934125.1	-	545	PC-12_2.5h_3	0.0458715596330275	dcDNA	PC-12_2.5h_3	viral_read.count	0.0379921325374475	0.00684835621217303	0.180257220502767	cluster_7
UL26.5	L	2h	2	C6	C6_dcDNA_2h	LT934125.1	-	243	C6_2h_1	0.127572016460905	dcDNA	C6_2h_1	viral_read.count	0.0904954099398542	0.0524342397888408	0.579413252270917	cluster_7
UL26.5	L	2h	2	C6	C6_dcDNA_2h	LT934125.1	-	468	C6_2h_2	0.0534188034188034	dcDNA	C6_2h_2	viral_read.count	0.0904954099398542	0.0524342397888408	0.579413252270917	cluster_7
UL26.5	L	2h	2	NRK	NRK_dcDNA_2h	LT934125.1	-	99	NRK_2h_1	0.0404040404040404	dcDNA	NRK_2h_1	viral_read.count	0.0298614560909643	0.026230435095909	0.87840442261106	cluster_7
UL26.5	L	2h	2	NRK	NRK_dcDNA_2h	LT934125.1	-	71	NRK_2h_2	0	dcDNA	NRK_2h_2	viral_read.count	0.0298614560909643	0.026230435095909	0.87840442261106	cluster_7
UL26.5	L	2h	2	NRK	NRK_dcDNA_2h	LT934125.1	-	122	NRK_2h_3	0.0491803278688525	dcDNA	NRK_2h_3	viral_read.count	0.0298614560909643	0.026230435095909	0.87840442261106	cluster_7
UL26.5	L	2h	2	PC-12	PC-12_dcDNA_2h	LT934125.1	-	439	PC-12_2h_1	0.0318906605922551	dcDNA	PC-12_2h_1	viral_read.count	0.0420623459059907	0.0099108109465723	0.235621925812768	cluster_7
UL26.5	L	2h	2	PC-12	PC-12_dcDNA_2h	LT934125.1	-	399	PC-12_2h_2	0.0426065162907268	dcDNA	PC-12_2h_2	viral_read.count	0.0420623459059907	0.0099108109465723	0.235621925812768	cluster_7
UL26.5	L	2h	2	PC-12	PC-12_dcDNA_2h	LT934125.1	-	503	PC-12_2h_3	0.0516898608349901	dcDNA	PC-12_2h_3	viral_read.count	0.0420623459059907	0.0099108109465723	0.235621925812768	cluster_7
UL26.5	L	2h	2	PK-15	PK-15_dcDNA_2h	LT934125.1	-	482	PK-15_2h_1	0.049792531120332	dcDNA	PK-15_2h_1	viral_read.count	0.0400727343194777	0.0107975402159808	0.269448551473878	cluster_7
UL26.5	L	2h	2	PK-15	PK-15_dcDNA_2h	LT934125.1	-	405	PK-15_2h_2	0.0419753086419753	dcDNA	PK-15_2h_2	viral_read.count	0.0400727343194777	0.0107975402159808	0.269448551473878	cluster_7
UL26.5	L	2h	2	PK-15	PK-15_dcDNA_2h	LT934125.1	-	1652	PK-15_2h_3	0.0284503631961259	dcDNA	PK-15_2h_3	viral_read.count	0.0400727343194777	0.0107975402159808	0.269448551473878	cluster_7
UL26.5	L	4h	4	C6	C6_dcDNA_4h	LT934125.1	-	680	C6_4h_1	0.0529411764705882	dcDNA	C6_4h_1	viral_read.count	0.0468919069459286	0.0100792950877324	0.214947434305772	cluster_7
UL26.5	L	4h	4	C6	C6_dcDNA_4h	LT934125.1	-	686	C6_4h_2	0.0524781341107872	dcDNA	C6_4h_2	viral_read.count	0.0468919069459286	0.0100792950877324	0.214947434305772	cluster_7
UL26.5	L	4h	4	C6	C6_dcDNA_4h	LT934125.1	-	312	C6_4h_3	0.0352564102564103	dcDNA	C6_4h_3	viral_read.count	0.0468919069459286	0.0100792950877324	0.214947434305772	cluster_7
UL26.5	L	4h	4	PC-12	PC-12_dcDNA_4h	LT934125.1	-	2800	PC-12_4h_1	0.0335714285714286	dcDNA	PC-12_4h_1	viral_read.count	0.0289619669259189	0.004344294295859	0.14999997434467	cluster_7
UL26.5	L	4h	4	PC-12	PC-12_dcDNA_4h	LT934125.1	-	2646	PC-12_4h_2	0.0249433106575964	dcDNA	PC-12_4h_2	viral_read.count	0.0289619669259189	0.004344294295859	0.14999997434467	cluster_7
UL26.5	L	4h	4	PC-12	PC-12_dcDNA_4h	LT934125.1	-	2996	PC-12_4h_3	0.0283711615487316	dcDNA	PC-12_4h_3	viral_read.count	0.0289619669259189	0.004344294295859	0.14999997434467	cluster_7
UL26.5	L	4h	4	PK-15	PK-15_dcDNA_4h	LT934125.1	-	7826	PK-15_4h_1	0.0281114234602607	dcDNA	PK-15_4h_1	viral_read.count	0.0322312232815903	0.00631319758297301	0.195872105995398	cluster_7
UL26.5	L	4h	4	PK-15	PK-15_dcDNA_4h	LT934125.1	-	8046	PK-15_4h_2	0.029082774049217	dcDNA	PK-15_4h_2	viral_read.count	0.0322312232815903	0.00631319758297301	0.195872105995398	cluster_7
UL26.5	L	4h	4	PK-15	PK-15_dcDNA_4h	LT934125.1	-	6633	PK-15_4h_3	0.0394994723352932	dcDNA	PK-15_4h_3	viral_read.count	0.0322312232815903	0.00631319758297301	0.195872105995398	cluster_7
UL26.5	L	6h	6	C6	C6_dcDNA_6h	LT934125.1	-	2759	C6_6h_1	0.0445813700616165	dcDNA	C6_6h_1	viral_read.count	0.0435968426339668	0.00147876966015934	0.0339191916390573	cluster_7
UL26.5	L	6h	6	C6	C6_dcDNA_6h	LT934125.1	-	4220	C6_6h_2	0.0443127962085308	dcDNA	C6_6h_2	viral_read.count	0.0435968426339668	0.00147876966015934	0.0339191916390573	cluster_7
UL26.5	L	6h	6	C6	C6_dcDNA_6h	LT934125.1	-	3628	C6_6h_3	0.041896361631753	dcDNA	C6_6h_3	viral_read.count	0.0435968426339668	0.00147876966015934	0.0339191916390573	cluster_7
UL26.5	L	6h	6	PC-12	PC-12_dcDNA_6h	LT934125.1	-	7517	PC-12_6h_1	0.0313955035253426	dcDNA	PC-12_6h_1	viral_read.count	0.0310086024808704	0.00113577242928367	0.0366276561474947	cluster_7
UL26.5	L	6h	6	PC-12	PC-12_dcDNA_6h	LT934125.1	-	13589	PC-12_6h_2	0.0297299286187357	dcDNA	PC-12_6h_2	viral_read.count	0.0310086024808704	0.00113577242928367	0.0366276561474947	cluster_7
UL26.5	L	6h	6	PC-12	PC-12_dcDNA_6h	LT934125.1	-	11724	PC-12_6h_3	0.0319003752985329	dcDNA	PC-12_6h_3	viral_read.count	0.0310086024808704	0.00113577242928367	0.0366276561474947	cluster_7
UL26.5	L	6h	6	PK-15	PK-15_dcDNA_6h	LT934125.1	-	37872	PK-15_6h_1	0.034801436417406	dcDNA	PK-15_6h_1	viral_read.count	0.0319303139047957	0.00917356565053263	0.287299576129593	cluster_7
UL26.5	L	6h	6	PK-15	PK-15_dcDNA_6h	LT934125.1	-	30337	PK-15_6h_2	0.0393249167683027	dcDNA	PK-15_6h_2	viral_read.count	0.0319303139047957	0.00917356565053263	0.287299576129593	cluster_7
UL26.5	L	6h	6	PK-15	PK-15_dcDNA_6h	LT934125.1	-	44912	PK-15_6h_3	0.0216645885286783	dcDNA	PK-15_6h_3	viral_read.count	0.0319303139047957	0.00917356565053263	0.287299576129593	cluster_7
UL26.5	L	8h	8	C6	C6_dcDNA_8h	LT934125.1	-	10124	C6_8h_1	0.0521532990912683	dcDNA	C6_8h_1	viral_read.count	0.0472729725483345	0.00446175155912464	0.0943827163515621	cluster_7
UL26.5	L	8h	8	C6	C6_dcDNA_8h	LT934125.1	-	10414	C6_8h_2	0.0434031111964663	dcDNA	C6_8h_2	viral_read.count	0.0472729725483345	0.00446175155912464	0.0943827163515621	cluster_7
UL26.5	L	8h	8	C6	C6_dcDNA_8h	LT934125.1	-	8495	C6_8h_3	0.046262507357269	dcDNA	C6_8h_3	viral_read.count	0.0472729725483345	0.00446175155912464	0.0943827163515621	cluster_7
UL26.5	L	8h	8	PC-12	PC-12_dcDNA_8h	LT934125.1	-	14035	PC-12_8h_1	0.0219451371571072	dcDNA	PC-12_8h_1	viral_read.count	0.0301959809733508	0.011668455225954	0.386424115058618	cluster_7
UL26.5	L	8h	8	PC-12	PC-12_dcDNA_8h	LT934125.1	-	15684	PC-12_8h_2	0.0384468247895945	dcDNA	PC-12_8h_2	viral_read.count	0.0301959809733508	0.011668455225954	0.386424115058618	cluster_7
UL26.5	L	8h	8	PK-15	PK-15_dcDNA_8h	LT934125.1	-	69419	PK-15_8h_1	0.0430429709445541	dcDNA	PK-15_8h_1	viral_read.count	0.0378889501297735	0.00447109871423222	0.118005347176901	cluster_7
UL26.5	L	8h	8	PK-15	PK-15_dcDNA_8h	LT934125.1	-	74319	PK-15_8h_2	0.0350516018783891	dcDNA	PK-15_8h_2	viral_read.count	0.0378889501297735	0.00447109871423222	0.118005347176901	cluster_7
UL26.5	L	8h	8	PK-15	PK-15_dcDNA_8h	LT934125.1	-	70167	PK-15_8h_3	0.0355722775663774	dcDNA	PK-15_8h_3	viral_read.count	0.0378889501297735	0.00447109871423222	0.118005347176901	cluster_7
UL27	L	""		C6	C6_dRNA	LT934125.1	-	3	C6_dRNA	0	dcDNA	C6_dRNA	viral_read.count	0			cluster_5
UL27	L	""		PC-12	PC-12_dRNA	LT934125.1	-	20	PC-12_dRNA	0	dcDNA	PC-12_dRNA	viral_read.count	0			cluster_5
UL27	L	""		PK-15	PK-15_dRNA	LT934125.1	-	68	PK-15_dRNA	0	dcDNA	PK-15_dRNA	viral_read.count	0			cluster_5
UL27	L	0.5h	0.5	PC-12	PC-12_dcDNA_0.5h	LT934125.1	-	13	PC-12_0.5h_1	0	dcDNA	PC-12_0.5h_1	viral_read.count	0	0		cluster_5
UL27	L	0.5h	0.5	PC-12	PC-12_dcDNA_0.5h	LT934125.1	-	13	PC-12_0.5h_2	0	dcDNA	PC-12_0.5h_2	viral_read.count	0	0		cluster_5
UL27	L	0.5h	0.5	PC-12	PC-12_dcDNA_0.5h	LT934125.1	-	2	PC-12_0.5h_3	0	dcDNA	PC-12_0.5h_3	viral_read.count	0	0		cluster_5
UL27	L	1.5h	1.5	PC-12	PC-12_dcDNA_1.5h	LT934125.1	-	138	PC-12_1.5h_1	0.0144927536231884	dcDNA	PC-12_1.5h_1	viral_read.count	0.00483091787439613	0.00836739520564675	1.73205080756888	cluster_5
UL27	L	1.5h	1.5	PC-12	PC-12_dcDNA_1.5h	LT934125.1	-	129	PC-12_1.5h_2	0	dcDNA	PC-12_1.5h_2	viral_read.count	0.00483091787439613	0.00836739520564675	1.73205080756888	cluster_5
UL27	L	1.5h	1.5	PC-12	PC-12_dcDNA_1.5h	LT934125.1	-	152	PC-12_1.5h_3	0	dcDNA	PC-12_1.5h_3	viral_read.count	0.00483091787439613	0.00836739520564675	1.73205080756888	cluster_5
UL27	L	12h	12	C6	C6_dcDNA_12h	LT934125.1	-	56266	C6_12h_1	0.0073934525290584	dcDNA	C6_12h_1	viral_read.count	0.0069983344151387	0.00158684114847685	0.226745544631908	cluster_5
UL27	L	12h	12	C6	C6_dcDNA_12h	LT934125.1	-	49131	C6_12h_2	0.00525126702082189	dcDNA	C6_12h_2	viral_read.count	0.0069983344151387	0.00158684114847685	0.226745544631908	cluster_5
UL27	L	12h	12	C6	C6_dcDNA_12h	LT934125.1	-	28023	C6_12h_3	0.00835028369553581	dcDNA	C6_12h_3	viral_read.count	0.0069983344151387	0.00158684114847685	0.226745544631908	cluster_5
UL27	L	12h	12	PC-12	PC-12_dcDNA_12h	LT934125.1	-	40118	PC-12_12h_1	0.00695448427139937	dcDNA	PC-12_12h_1	viral_read.count	0.00721011822983392	0.00230009234975621	0.319008964407673	cluster_5
UL27	L	12h	12	PC-12	PC-12_dcDNA_12h	LT934125.1	-	64296	PC-12_12h_2	0.00962734851312679	dcDNA	PC-12_12h_2	viral_read.count	0.00721011822983392	0.00230009234975621	0.319008964407673	cluster_5
UL27	L	12h	12	PC-12	PC-12_dcDNA_12h	LT934125.1	-	35654	PC-12_12h_3	0.0050485219049756	dcDNA	PC-12_12h_3	viral_read.count	0.00721011822983392	0.00230009234975621	0.319008964407673	cluster_5
UL27	L	12h	12	PK-15	PK-15_dcDNA_12h	LT934125.1	-	137055	PK-15_12h_1	0.00987924555835249	dcDNA	PK-15_12h_1	viral_read.count	0.0098071030592544	0.00702395521098759	0.716211012421194	cluster_5
UL27	L	12h	12	PK-15	PK-15_dcDNA_12h	LT934125.1	-	155287	PK-15_12h_2	0.0167947091514422	dcDNA	PK-15_12h_2	viral_read.count	0.0098071030592544	0.00702395521098759	0.716211012421194	cluster_5
UL27	L	12h	12	PK-15	PK-15_dcDNA_12h	LT934125.1	-	135039	PK-15_12h_3	0.00274735446796851	dcDNA	PK-15_12h_3	viral_read.count	0.0098071030592544	0.00702395521098759	0.716211012421194	cluster_5
UL27	L	1h	1	C6	C6_dcDNA_1h	LT934125.1	-	246	C6_1h_1	0.0040650406504065	dcDNA	C6_1h_1	viral_read.count	0.0134465168181094	0.0082566155942776	0.614033783318357	cluster_5
UL27	L	1h	1	C6	C6_dcDNA_1h	LT934125.1	-	240	C6_1h_2	0.0166666666666667	dcDNA	C6_1h_2	viral_read.count	0.0134465168181094	0.0082566155942776	0.614033783318357	cluster_5
UL27	L	1h	1	C6	C6_dcDNA_1h	LT934125.1	-	102	C6_1h_3	0.0196078431372549	dcDNA	C6_1h_3	viral_read.count	0.0134465168181094	0.0082566155942776	0.614033783318357	cluster_5
UL27	L	1h	1	NRK	NRK_dcDNA_1h	LT934125.1	-	25	NRK_1h_1	0	dcDNA	NRK_1h_1	viral_read.count	0.0166666666666667	0.0288675134594813	1.73205080756888	cluster_5
UL27	L	1h	1	NRK	NRK_dcDNA_1h	LT934125.1	-	54	NRK_1h_2	0	dcDNA	NRK_1h_2	viral_read.count	0.0166666666666667	0.0288675134594813	1.73205080756888	cluster_5
UL27	L	1h	1	NRK	NRK_dcDNA_1h	LT934125.1	-	20	NRK_1h_3	0.05	dcDNA	NRK_1h_3	viral_read.count	0.0166666666666667	0.0288675134594813	1.73205080756888	cluster_5
UL27	L	1h	1	PC-12	PC-12_dcDNA_1h	LT934125.1	-	154	PC-12_1h_1	0.00649350649350649	dcDNA	PC-12_1h_1	viral_read.count	0.00574873155518316	0.00541489547570997	0.941928740928561	cluster_5
UL27	L	1h	1	PC-12	PC-12_dcDNA_1h	LT934125.1	-	93	PC-12_1h_2	0.010752688172043	dcDNA	PC-12_1h_2	viral_read.count	0.00574873155518316	0.00541489547570997	0.941928740928561	cluster_5
UL27	L	1h	1	PC-12	PC-12_dcDNA_1h	LT934125.1	-	158	PC-12_1h_3	0	dcDNA	PC-12_1h_3	viral_read.count	0.00574873155518316	0.00541489547570997	0.941928740928561	cluster_5
UL27	L	1h	1	PK-15	PK-15_dcDNA_1h	LT934125.1	-	129	PK-15_1h_1	0	dcDNA	PK-15_1h_1	viral_read.count	0	0		cluster_5
UL27	L	1h	1	PK-15	PK-15_dcDNA_1h	LT934125.1	-	76	PK-15_1h_2	0	dcDNA	PK-15_1h_2	viral_read.count	0	0		cluster_5
UL27	L	1h	1	PK-15	PK-15_dcDNA_1h	LT934125.1	-	52	PK-15_1h_3	0	dcDNA	PK-15_1h_3	viral_read.count	0	0		cluster_5
UL27	L	2.5h	2.5	PC-12	PC-12_dcDNA_2.5h	LT934125.1	-	478	PC-12_2.5h_1	0	dcDNA	PC-12_2.5h_1	viral_read.count	0.00205462223810848	0.00217285305872427	1.05754382407767	cluster_5
UL27	L	2.5h	2.5	PC-12	PC-12_dcDNA_2.5h	LT934125.1	-	231	PC-12_2.5h_2	0.00432900432900433	dcDNA	PC-12_2.5h_2	viral_read.count	0.00205462223810848	0.00217285305872427	1.05754382407767	cluster_5
UL27	L	2.5h	2.5	PC-12	PC-12_dcDNA_2.5h	LT934125.1	-	545	PC-12_2.5h_3	0.0018348623853211	dcDNA	PC-12_2.5h_3	viral_read.count	0.00205462223810848	0.00217285305872427	1.05754382407767	cluster_5
UL27	L	2h	2	C6	C6_dcDNA_2h	LT934125.1	-	243	C6_2h_1	0.00411522633744856	dcDNA	C6_2h_1	viral_read.count	0.00419436530547642	0.000111919401897203	0.0266832747617558	cluster_5
UL27	L	2h	2	C6	C6_dcDNA_2h	LT934125.1	-	468	C6_2h_2	0.00427350427350427	dcDNA	C6_2h_2	viral_read.count	0.00419436530547642	0.000111919401897203	0.0266832747617558	cluster_5
UL27	L	2h	2	NRK	NRK_dcDNA_2h	LT934125.1	-	99	NRK_2h_1	0.0202020202020202	dcDNA	NRK_2h_1	viral_read.count	0.0121984876083237	0.0107344604308632	0.879982894235059	cluster_5
UL27	L	2h	2	NRK	NRK_dcDNA_2h	LT934125.1	-	71	NRK_2h_2	0	dcDNA	NRK_2h_2	viral_read.count	0.0121984876083237	0.0107344604308632	0.879982894235059	cluster_5
UL27	L	2h	2	NRK	NRK_dcDNA_2h	LT934125.1	-	122	NRK_2h_3	0.0163934426229508	dcDNA	NRK_2h_3	viral_read.count	0.0121984876083237	0.0107344604308632	0.879982894235059	cluster_5
UL27	L	2h	2	PC-12	PC-12_dcDNA_2h	LT934125.1	-	439	PC-12_2h_1	0.00683371298405467	dcDNA	PC-12_2h_1	viral_read.count	0.0059368196747017	0.000910899841824397	0.153432290643082	cluster_5
UL27	L	2h	2	PC-12	PC-12_dcDNA_2h	LT934125.1	-	399	PC-12_2h_2	0.0050125313283208	dcDNA	PC-12_2h_2	viral_read.count	0.0059368196747017	0.000910899841824397	0.153432290643082	cluster_5
UL27	L	2h	2	PC-12	PC-12_dcDNA_2h	LT934125.1	-	503	PC-12_2h_3	0.00596421471172962	dcDNA	PC-12_2h_3	viral_read.count	0.0059368196747017	0.000910899841824397	0.153432290643082	cluster_5
UL27	L	2h	2	PK-15	PK-15_dcDNA_2h	LT934125.1	-	482	PK-15_2h_1	0.004149377593361	dcDNA	PK-15_2h_1	viral_read.count	0.00670900595492887	0.00488835271670343	0.728625484839842	cluster_5
UL27	L	2h	2	PK-15	PK-15_dcDNA_2h	LT934125.1	-	405	PK-15_2h_2	0.0123456790123457	dcDNA	PK-15_2h_2	viral_read.count	0.00670900595492887	0.00488835271670343	0.728625484839842	cluster_5
UL27	L	2h	2	PK-15	PK-15_dcDNA_2h	LT934125.1	-	1652	PK-15_2h_3	0.0036319612590799	dcDNA	PK-15_2h_3	viral_read.count	0.00670900595492887	0.00488835271670343	0.728625484839842	cluster_5
UL27	L	4h	4	C6	C6_dcDNA_4h	LT934125.1	-	680	C6_4h_1	0.0147058823529412	dcDNA	C6_4h_1	viral_read.count	0.0149098100778773	0.00539927843644856	0.362129256392061	cluster_5
UL27	L	4h	4	C6	C6_dcDNA_4h	LT934125.1	-	686	C6_4h_2	0.0204081632653061	dcDNA	C6_4h_2	viral_read.count	0.0149098100778773	0.00539927843644856	0.362129256392061	cluster_5
UL27	L	4h	4	C6	C6_dcDNA_4h	LT934125.1	-	312	C6_4h_3	0.00961538461538462	dcDNA	C6_4h_3	viral_read.count	0.0149098100778773	0.00539927843644856	0.362129256392061	cluster_5
UL27	L	4h	4	PC-12	PC-12_dcDNA_4h	LT934125.1	-	2800	PC-12_4h_1	0.0103571428571429	dcDNA	PC-12_4h_1	viral_read.count	0.00851615793427099	0.00164746985587126	0.193452243204822	cluster_5
UL27	L	4h	4	PC-12	PC-12_dcDNA_4h	LT934125.1	-	2646	PC-12_4h_2	0.0071806500377929	dcDNA	PC-12_4h_2	viral_read.count	0.00851615793427099	0.00164746985587126	0.193452243204822	cluster_5
UL27	L	4h	4	PC-12	PC-12_dcDNA_4h	LT934125.1	-	2996	PC-12_4h_3	0.00801068090787717	dcDNA	PC-12_4h_3	viral_read.count	0.00851615793427099	0.00164746985587126	0.193452243204822	cluster_5
UL27	L	4h	4	PK-15	PK-15_dcDNA_4h	LT934125.1	-	7826	PK-15_4h_1	0.00281114234602607	dcDNA	PK-15_4h_1	viral_read.count	0.00318767486207949	0.000510738940197288	0.160223034749569	cluster_5
UL27	L	4h	4	PK-15	PK-15_dcDNA_4h	LT934125.1	-	8046	PK-15_4h_2	0.00298284862043251	dcDNA	PK-15_4h_2	viral_read.count	0.00318767486207949	0.000510738940197288	0.160223034749569	cluster_5
UL27	L	4h	4	PK-15	PK-15_dcDNA_4h	LT934125.1	-	6633	PK-15_4h_3	0.00376903361977989	dcDNA	PK-15_4h_3	viral_read.count	0.00318767486207949	0.000510738940197288	0.160223034749569	cluster_5
UL27	L	6h	6	C6	C6_dcDNA_6h	LT934125.1	-	2759	C6_6h_1	0.0148604566872055	dcDNA	C6_6h_1	viral_read.count	0.0137063660025801	0.00201957022414047	0.147345417724895	cluster_5
UL27	L	6h	6	C6	C6_dcDNA_6h	LT934125.1	-	4220	C6_6h_2	0.0113744075829384	dcDNA	C6_6h_2	viral_read.count	0.0137063660025801	0.00201957022414047	0.147345417724895	cluster_5
UL27	L	6h	6	C6	C6_dcDNA_6h	LT934125.1	-	3628	C6_6h_3	0.0148842337375965	dcDNA	C6_6h_3	viral_read.count	0.0137063660025801	0.00201957022414047	0.147345417724895	cluster_5
UL27	L	6h	6	PC-12	PC-12_dcDNA_6h	LT934125.1	-	7517	PC-12_6h_1	0.00744978049753891	dcDNA	PC-12_6h_1	viral_read.count	0.00748503954840344	0.00102729695090406	0.137246696461769	cluster_5
UL27	L	6h	6	PC-12	PC-12_dcDNA_6h	LT934125.1	-	13589	PC-12_6h_2	0.00647582603576422	dcDNA	PC-12_6h_2	viral_read.count	0.00748503954840344	0.00102729695090406	0.137246696461769	cluster_5
UL27	L	6h	6	PC-12	PC-12_dcDNA_6h	LT934125.1	-	11724	PC-12_6h_3	0.0085295121119072	dcDNA	PC-12_6h_3	viral_read.count	0.00748503954840344	0.00102729695090406	0.137246696461769	cluster_5
UL27	L	6h	6	PK-15	PK-15_dcDNA_6h	LT934125.1	-	37872	PK-15_6h_1	0.0018483312209548	dcDNA	PK-15_6h_1	viral_read.count	0.00351061228598243	0.00230767194904785	0.657341728752612	cluster_5
UL27	L	6h	6	PK-15	PK-15_dcDNA_6h	LT934125.1	-	30337	PK-15_6h_2	0.0025381547285493	dcDNA	PK-15_6h_2	viral_read.count	0.00351061228598243	0.00230767194904785	0.657341728752612	cluster_5
UL27	L	6h	6	PK-15	PK-15_dcDNA_6h	LT934125.1	-	44912	PK-15_6h_3	0.00614535090844318	dcDNA	PK-15_6h_3	viral_read.count	0.00351061228598243	0.00230767194904785	0.657341728752612	cluster_5
UL27	L	8h	8	C6	C6_dcDNA_8h	LT934125.1	-	10124	C6_8h_1	0.00503753457131569	dcDNA	C6_8h_1	viral_read.count	0.00445983683128134	0.00121787083290916	0.273075199605286	cluster_5
UL27	L	8h	8	C6	C6_dcDNA_8h	LT934125.1	-	10414	C6_8h_2	0.00528135202611869	dcDNA	C6_8h_2	viral_read.count	0.00445983683128134	0.00121787083290916	0.273075199605286	cluster_5
UL27	L	8h	8	C6	C6_dcDNA_8h	LT934125.1	-	8495	C6_8h_3	0.00306062389640965	dcDNA	C6_8h_3	viral_read.count	0.00445983683128134	0.00121787083290916	0.273075199605286	cluster_5
UL27	L	8h	8	PC-12	PC-12_dcDNA_8h	LT934125.1	-	14035	PC-12_8h_1	0.00334877092981831	dcDNA	PC-12_8h_1	viral_read.count	0.0080184303514177	0.00660389568568917	0.823589580038138	cluster_5
UL27	L	8h	8	PC-12	PC-12_dcDNA_8h	LT934125.1	-	15684	PC-12_8h_2	0.0126880897730171	dcDNA	PC-12_8h_2	viral_read.count	0.0080184303514177	0.00660389568568917	0.823589580038138	cluster_5
UL27	L	8h	8	PK-15	PK-15_dcDNA_8h	LT934125.1	-	69419	PK-15_8h_1	0.0125037813854996	dcDNA	PK-15_8h_1	viral_read.count	0.0100119202251062	0.00388983632217542	0.388520507027329	cluster_5
UL27	L	8h	8	PK-15	PK-15_dcDNA_8h	LT934125.1	-	74319	PK-15_8h_2	0.0120023143476096	dcDNA	PK-15_8h_2	viral_read.count	0.0100119202251062	0.00388983632217542	0.388520507027329	cluster_5
UL27	L	8h	8	PK-15	PK-15_dcDNA_8h	LT934125.1	-	70167	PK-15_8h_3	0.0055296649422093	dcDNA	PK-15_8h_3	viral_read.count	0.0100119202251062	0.00388983632217542	0.388520507027329	cluster_5
UL28	E	""		C6	C6_dRNA	LT934125.1	-	3	C6_dRNA	0	dcDNA	C6_dRNA	viral_read.count	0			cluster_1
UL28	E	""		PC-12	PC-12_dRNA	LT934125.1	-	20	PC-12_dRNA	0	dcDNA	PC-12_dRNA	viral_read.count	0			cluster_1
UL28	E	""		PK-15	PK-15_dRNA	LT934125.1	-	68	PK-15_dRNA	0	dcDNA	PK-15_dRNA	viral_read.count	0			cluster_1
UL28	E	0.5h	0.5	PC-12	PC-12_dcDNA_0.5h	LT934125.1	-	13	PC-12_0.5h_1	0	dcDNA	PC-12_0.5h_1	viral_read.count	0	0		cluster_1
UL28	E	0.5h	0.5	PC-12	PC-12_dcDNA_0.5h	LT934125.1	-	13	PC-12_0.5h_2	0	dcDNA	PC-12_0.5h_2	viral_read.count	0	0		cluster_1
UL28	E	0.5h	0.5	PC-12	PC-12_dcDNA_0.5h	LT934125.1	-	2	PC-12_0.5h_3	0	dcDNA	PC-12_0.5h_3	viral_read.count	0	0		cluster_1
UL28	E	1.5h	1.5	PC-12	PC-12_dcDNA_1.5h	LT934125.1	-	138	PC-12_1.5h_1	0	dcDNA	PC-12_1.5h_1	viral_read.count	0	0		cluster_1
UL28	E	1.5h	1.5	PC-12	PC-12_dcDNA_1.5h	LT934125.1	-	129	PC-12_1.5h_2	0	dcDNA	PC-12_1.5h_2	viral_read.count	0	0		cluster_1
UL28	E	1.5h	1.5	PC-12	PC-12_dcDNA_1.5h	LT934125.1	-	152	PC-12_1.5h_3	0	dcDNA	PC-12_1.5h_3	viral_read.count	0	0		cluster_1
UL28	E	12h	12	C6	C6_dcDNA_12h	LT934125.1	-	56266	C6_12h_1	3.55454448512423e-05	dcDNA	C6_12h_1	viral_read.count	8.14563682461268e-05	3.98477801879324e-05	0.489191711414499	cluster_1
UL28	E	12h	12	C6	C6_dcDNA_12h	LT934125.1	-	49131	C6_12h_2	0.000101768740713602	dcDNA	C6_12h_2	viral_read.count	8.14563682461268e-05	3.98477801879324e-05	0.489191711414499	cluster_1
UL28	E	12h	12	C6	C6_dcDNA_12h	LT934125.1	-	28023	C6_12h_3	0.000107054919173536	dcDNA	C6_12h_3	viral_read.count	8.14563682461268e-05	3.98477801879324e-05	0.489191711414499	cluster_1
UL28	E	12h	12	PC-12	PC-12_dcDNA_12h	LT934125.1	-	40118	PC-12_12h_1	4.98529338451568e-05	dcDNA	PC-12_12h_1	viral_read.count	4.05002295810147e-05	2.18291218654865e-05	0.538987608004063	cluster_1
UL28	E	12h	12	PC-12	PC-12_dcDNA_12h	LT934125.1	-	64296	PC-12_12h_2	1.55530670648252e-05	dcDNA	PC-12_12h_2	viral_read.count	4.05002295810147e-05	2.18291218654865e-05	0.538987608004063	cluster_1
UL28	E	12h	12	PC-12	PC-12_dcDNA_12h	LT934125.1	-	35654	PC-12_12h_3	5.60946878330622e-05	dcDNA	PC-12_12h_3	viral_read.count	4.05002295810147e-05	2.18291218654865e-05	0.538987608004063	cluster_1
UL28	E	12h	12	PK-15	PK-15_dcDNA_12h	LT934125.1	-	137055	PK-15_12h_1	7.29634088504615e-06	dcDNA	PK-15_12h_1	viral_read.count	9.51552206410683e-06	4.60557751221446e-06	0.484006813413527	cluster_1
UL28	E	12h	12	PK-15	PK-15_dcDNA_12h	LT934125.1	-	155287	PK-15_12h_2	6.43968909181065e-06	dcDNA	PK-15_12h_2	viral_read.count	9.51552206410683e-06	4.60557751221446e-06	0.484006813413527	cluster_1
UL28	E	12h	12	PK-15	PK-15_dcDNA_12h	LT934125.1	-	135039	PK-15_12h_3	1.48105362154637e-05	dcDNA	PK-15_12h_3	viral_read.count	9.51552206410683e-06	4.60557751221446e-06	0.484006813413527	cluster_1
UL28	E	1h	1	C6	C6_dcDNA_1h	LT934125.1	-	246	C6_1h_1	0	dcDNA	C6_1h_1	viral_read.count	0	0		cluster_1
UL28	E	1h	1	C6	C6_dcDNA_1h	LT934125.1	-	240	C6_1h_2	0	dcDNA	C6_1h_2	viral_read.count	0	0		cluster_1
UL28	E	1h	1	C6	C6_dcDNA_1h	LT934125.1	-	102	C6_1h_3	0	dcDNA	C6_1h_3	viral_read.count	0	0		cluster_1
UL28	E	1h	1	NRK	NRK_dcDNA_1h	LT934125.1	-	25	NRK_1h_1	0	dcDNA	NRK_1h_1	viral_read.count	0	0		cluster_1
UL28	E	1h	1	NRK	NRK_dcDNA_1h	LT934125.1	-	54	NRK_1h_2	0	dcDNA	NRK_1h_2	viral_read.count	0	0		cluster_1
UL28	E	1h	1	NRK	NRK_dcDNA_1h	LT934125.1	-	20	NRK_1h_3	0	dcDNA	NRK_1h_3	viral_read.count	0	0		cluster_1
UL28	E	1h	1	PC-12	PC-12_dcDNA_1h	LT934125.1	-	154	PC-12_1h_1	0	dcDNA	PC-12_1h_1	viral_read.count	0	0		cluster_1
UL28	E	1h	1	PC-12	PC-12_dcDNA_1h	LT934125.1	-	93	PC-12_1h_2	0	dcDNA	PC-12_1h_2	viral_read.count	0	0		cluster_1
UL28	E	1h	1	PC-12	PC-12_dcDNA_1h	LT934125.1	-	158	PC-12_1h_3	0	dcDNA	PC-12_1h_3	viral_read.count	0	0		cluster_1
UL28	E	1h	1	PK-15	PK-15_dcDNA_1h	LT934125.1	-	129	PK-15_1h_1	0	dcDNA	PK-15_1h_1	viral_read.count	0	0		cluster_1
UL28	E	1h	1	PK-15	PK-15_dcDNA_1h	LT934125.1	-	76	PK-15_1h_2	0	dcDNA	PK-15_1h_2	viral_read.count	0	0		cluster_1
UL28	E	1h	1	PK-15	PK-15_dcDNA_1h	LT934125.1	-	52	PK-15_1h_3	0	dcDNA	PK-15_1h_3	viral_read.count	0	0		cluster_1
UL28	E	2.5h	2.5	PC-12	PC-12_dcDNA_2.5h	LT934125.1	-	478	PC-12_2.5h_1	0	dcDNA	PC-12_2.5h_1	viral_read.count	0	0		cluster_1
UL28	E	2.5h	2.5	PC-12	PC-12_dcDNA_2.5h	LT934125.1	-	231	PC-12_2.5h_2	0	dcDNA	PC-12_2.5h_2	viral_read.count	0	0		cluster_1
UL28	E	2.5h	2.5	PC-12	PC-12_dcDNA_2.5h	LT934125.1	-	545	PC-12_2.5h_3	0	dcDNA	PC-12_2.5h_3	viral_read.count	0	0		cluster_1
UL28	E	2h	2	C6	C6_dcDNA_2h	LT934125.1	-	243	C6_2h_1	0	dcDNA	C6_2h_1	viral_read.count	0	0		cluster_1
UL28	E	2h	2	C6	C6_dcDNA_2h	LT934125.1	-	468	C6_2h_2	0	dcDNA	C6_2h_2	viral_read.count	0	0		cluster_1
UL28	E	2h	2	NRK	NRK_dcDNA_2h	LT934125.1	-	99	NRK_2h_1	0	dcDNA	NRK_2h_1	viral_read.count	0	0		cluster_1
UL28	E	2h	2	NRK	NRK_dcDNA_2h	LT934125.1	-	71	NRK_2h_2	0	dcDNA	NRK_2h_2	viral_read.count	0	0		cluster_1
UL28	E	2h	2	NRK	NRK_dcDNA_2h	LT934125.1	-	122	NRK_2h_3	0	dcDNA	NRK_2h_3	viral_read.count	0	0		cluster_1
UL28	E	2h	2	PC-12	PC-12_dcDNA_2h	LT934125.1	-	439	PC-12_2h_1	0	dcDNA	PC-12_2h_1	viral_read.count	0	0		cluster_1
UL28	E	2h	2	PC-12	PC-12_dcDNA_2h	LT934125.1	-	399	PC-12_2h_2	0	dcDNA	PC-12_2h_2	viral_read.count	0	0		cluster_1
UL28	E	2h	2	PC-12	PC-12_dcDNA_2h	LT934125.1	-	503	PC-12_2h_3	0	dcDNA	PC-12_2h_3	viral_read.count	0	0		cluster_1
UL28	E	2h	2	PK-15	PK-15_dcDNA_2h	LT934125.1	-	482	PK-15_2h_1	0.0020746887966805	dcDNA	PK-15_2h_1	viral_read.count	0.000691562932226833	0.00119782213524819	1.73205080756888	cluster_1
UL28	E	2h	2	PK-15	PK-15_dcDNA_2h	LT934125.1	-	405	PK-15_2h_2	0	dcDNA	PK-15_2h_2	viral_read.count	0.000691562932226833	0.00119782213524819	1.73205080756888	cluster_1
UL28	E	2h	2	PK-15	PK-15_dcDNA_2h	LT934125.1	-	1652	PK-15_2h_3	0	dcDNA	PK-15_2h_3	viral_read.count	0.000691562932226833	0.00119782213524819	1.73205080756888	cluster_1
UL28	E	4h	4	C6	C6_dcDNA_4h	LT934125.1	-	680	C6_4h_1	0	dcDNA	C6_4h_1	viral_read.count	0.00106837606837607	0.00185048163201803	1.73205080756888	cluster_1
UL28	E	4h	4	C6	C6_dcDNA_4h	LT934125.1	-	686	C6_4h_2	0	dcDNA	C6_4h_2	viral_read.count	0.00106837606837607	0.00185048163201803	1.73205080756888	cluster_1
UL28	E	4h	4	C6	C6_dcDNA_4h	LT934125.1	-	312	C6_4h_3	0.00320512820512821	dcDNA	C6_4h_3	viral_read.count	0.00106837606837607	0.00185048163201803	1.73205080756888	cluster_1
UL28	E	4h	4	PC-12	PC-12_dcDNA_4h	LT934125.1	-	2800	PC-12_4h_1	0	dcDNA	PC-12_4h_1	viral_read.count	0	0		cluster_1
UL28	E	4h	4	PC-12	PC-12_dcDNA_4h	LT934125.1	-	2646	PC-12_4h_2	0	dcDNA	PC-12_4h_2	viral_read.count	0	0		cluster_1
UL28	E	4h	4	PC-12	PC-12_dcDNA_4h	LT934125.1	-	2996	PC-12_4h_3	0	dcDNA	PC-12_4h_3	viral_read.count	0	0		cluster_1
UL28	E	4h	4	PK-15	PK-15_dcDNA_4h	LT934125.1	-	7826	PK-15_4h_1	0	dcDNA	PK-15_4h_1	viral_read.count	4.14284530615627e-05	7.17561855816089e-05	1.73205080756888	cluster_1
UL28	E	4h	4	PK-15	PK-15_dcDNA_4h	LT934125.1	-	8046	PK-15_4h_2	0.000124285359184688	dcDNA	PK-15_4h_2	viral_read.count	4.14284530615627e-05	7.17561855816089e-05	1.73205080756888	cluster_1
UL28	E	4h	4	PK-15	PK-15_dcDNA_4h	LT934125.1	-	6633	PK-15_4h_3	0	dcDNA	PK-15_4h_3	viral_read.count	4.14284530615627e-05	7.17561855816089e-05	1.73205080756888	cluster_1
UL28	E	6h	6	C6	C6_dcDNA_6h	LT934125.1	-	2759	C6_6h_1	0	dcDNA	C6_6h_1	viral_read.count	0.000170866927582729	0.000149232761177487	0.873385875714496	cluster_1
UL28	E	6h	6	C6	C6_dcDNA_6h	LT934125.1	-	4220	C6_6h_2	0.00023696682464455	dcDNA	C6_6h_2	viral_read.count	0.000170866927582729	0.000149232761177487	0.873385875714496	cluster_1
UL28	E	6h	6	C6	C6_dcDNA_6h	LT934125.1	-	3628	C6_6h_3	0.000275633958103638	dcDNA	C6_6h_3	viral_read.count	0.000170866927582729	0.000149232761177487	0.873385875714496	cluster_1
UL28	E	6h	6	PC-12	PC-12_dcDNA_6h	LT934125.1	-	7517	PC-12_6h_1	0	dcDNA	PC-12_6h_1	viral_read.count	2.45296440748645e-05	4.24865898292461e-05	1.73205080756888	cluster_1
UL28	E	6h	6	PC-12	PC-12_dcDNA_6h	LT934125.1	-	13589	PC-12_6h_2	7.35889322245934e-05	dcDNA	PC-12_6h_2	viral_read.count	2.45296440748645e-05	4.24865898292461e-05	1.73205080756888	cluster_1
UL28	E	6h	6	PC-12	PC-12_dcDNA_6h	LT934125.1	-	11724	PC-12_6h_3	0	dcDNA	PC-12_6h_3	viral_read.count	2.45296440748645e-05	4.24865898292461e-05	1.73205080756888	cluster_1
UL28	E	6h	6	PK-15	PK-15_dcDNA_6h	LT934125.1	-	37872	PK-15_6h_1	0	dcDNA	PK-15_6h_1	viral_read.count	2.2265764161026e-05	3.85654347962432e-05	1.73205080756888	cluster_1
UL28	E	6h	6	PK-15	PK-15_dcDNA_6h	LT934125.1	-	30337	PK-15_6h_2	0	dcDNA	PK-15_6h_2	viral_read.count	2.2265764161026e-05	3.85654347962432e-05	1.73205080756888	cluster_1
UL28	E	6h	6	PK-15	PK-15_dcDNA_6h	LT934125.1	-	44912	PK-15_6h_3	6.6797292483078e-05	dcDNA	PK-15_6h_3	viral_read.count	2.2265764161026e-05	3.85654347962432e-05	1.73205080756888	cluster_1
UL28	E	8h	8	C6	C6_dcDNA_8h	LT934125.1	-	10124	C6_8h_1	0	dcDNA	C6_8h_1	viral_read.count	0	0		cluster_1
UL28	E	8h	8	C6	C6_dcDNA_8h	LT934125.1	-	10414	C6_8h_2	0	dcDNA	C6_8h_2	viral_read.count	0	0		cluster_1
UL28	E	8h	8	C6	C6_dcDNA_8h	LT934125.1	-	8495	C6_8h_3	0	dcDNA	C6_8h_3	viral_read.count	0	0		cluster_1
UL28	E	8h	8	PC-12	PC-12_dcDNA_8h	LT934125.1	-	14035	PC-12_8h_1	0.000142500890630566	dcDNA	PC-12_8h_1	viral_read.count	0.000135009690405821	1.05941569562868e-05	0.0784696041035436	cluster_1
UL28	E	8h	8	PC-12	PC-12_dcDNA_8h	LT934125.1	-	15684	PC-12_8h_2	0.000127518490181076	dcDNA	PC-12_8h_2	viral_read.count	0.000135009690405821	1.05941569562868e-05	0.0784696041035436	cluster_1
UL28	E	8h	8	PK-15	PK-15_dcDNA_8h	LT934125.1	-	69419	PK-15_8h_1	4.32158342816808e-05	dcDNA	PK-15_8h_1	viral_read.count	3.73619299645875e-05	7.80284790365078e-06	0.208844883308933	cluster_1
UL28	E	8h	8	PK-15	PK-15_dcDNA_8h	LT934125.1	-	74319	PK-15_8h_2	4.03665280749203e-05	dcDNA	PK-15_8h_2	viral_read.count	3.73619299645875e-05	7.80284790365078e-06	0.208844883308933	cluster_1
UL28	E	8h	8	PK-15	PK-15_dcDNA_8h	LT934125.1	-	70167	PK-15_8h_3	2.85034275371613e-05	dcDNA	PK-15_8h_3	viral_read.count	3.73619299645875e-05	7.80284790365078e-06	0.208844883308933	cluster_1
UL29	E	""		C6	C6_dRNA	LT934125.1	-	3	C6_dRNA	0	dcDNA	C6_dRNA	viral_read.count	0			cluster_1
UL29	E	""		PC-12	PC-12_dRNA	LT934125.1	-	20	PC-12_dRNA	0	dcDNA	PC-12_dRNA	viral_read.count	0			cluster_1
UL29	E	""		PK-15	PK-15_dRNA	LT934125.1	-	68	PK-15_dRNA	0	dcDNA	PK-15_dRNA	viral_read.count	0			cluster_1
UL29	E	0.5h	0.5	PC-12	PC-12_dcDNA_0.5h	LT934125.1	-	13	PC-12_0.5h_1	0	dcDNA	PC-12_0.5h_1	viral_read.count	0	0		cluster_1
UL29	E	0.5h	0.5	PC-12	PC-12_dcDNA_0.5h	LT934125.1	-	13	PC-12_0.5h_2	0	dcDNA	PC-12_0.5h_2	viral_read.count	0	0		cluster_1
UL29	E	0.5h	0.5	PC-12	PC-12_dcDNA_0.5h	LT934125.1	-	2	PC-12_0.5h_3	0	dcDNA	PC-12_0.5h_3	viral_read.count	0	0		cluster_1
UL29	E	1.5h	1.5	PC-12	PC-12_dcDNA_1.5h	LT934125.1	-	138	PC-12_1.5h_1	0	dcDNA	PC-12_1.5h_1	viral_read.count	0	0		cluster_1
UL29	E	1.5h	1.5	PC-12	PC-12_dcDNA_1.5h	LT934125.1	-	129	PC-12_1.5h_2	0	dcDNA	PC-12_1.5h_2	viral_read.count	0	0		cluster_1
UL29	E	1.5h	1.5	PC-12	PC-12_dcDNA_1.5h	LT934125.1	-	152	PC-12_1.5h_3	0	dcDNA	PC-12_1.5h_3	viral_read.count	0	0		cluster_1
UL29	E	12h	12	C6	C6_dcDNA_12h	LT934125.1	-	56266	C6_12h_1	0.000710908897024846	dcDNA	C6_12h_1	viral_read.count	0.000790484376555587	0.00011942652473462	0.151080183589462	cluster_1
UL29	E	12h	12	C6	C6_dcDNA_12h	LT934125.1	-	49131	C6_12h_2	0.000732734933137937	dcDNA	C6_12h_2	viral_read.count	0.000790484376555587	0.00011942652473462	0.151080183589462	cluster_1
UL29	E	12h	12	C6	C6_dcDNA_12h	LT934125.1	-	28023	C6_12h_3	0.000927809299503979	dcDNA	C6_12h_3	viral_read.count	0.000790484376555587	0.00011942652473462	0.151080183589462	cluster_1
UL29	E	12h	12	PC-12	PC-12_dcDNA_12h	LT934125.1	-	40118	PC-12_12h_1	7.47794007677352e-05	dcDNA	PC-12_12h_1	viral_read.count	0.00011629204783586	6.93321949945273e-05	0.596190335321863	cluster_1
UL29	E	12h	12	PC-12	PC-12_dcDNA_12h	LT934125.1	-	64296	PC-12_12h_2	7.77653353241259e-05	dcDNA	PC-12_12h_2	viral_read.count	0.00011629204783586	6.93321949945273e-05	0.596190335321863	cluster_1
UL29	E	12h	12	PC-12	PC-12_dcDNA_12h	LT934125.1	-	35654	PC-12_12h_3	0.000196331407415718	dcDNA	PC-12_12h_3	viral_read.count	0.00011629204783586	6.93321949945273e-05	0.596190335321863	cluster_1
UL29	E	12h	12	PK-15	PK-15_dcDNA_12h	LT934125.1	-	137055	PK-15_12h_1	0.000145926817700923	dcDNA	PK-15_12h_1	viral_read.count	0.000100266239974672	4.71060386434495e-05	0.469809565566126	cluster_1
UL29	E	12h	12	PK-15	PK-15_dcDNA_12h	LT934125.1	-	155287	PK-15_12h_2	0.00010303502546897	dcDNA	PK-15_12h_2	viral_read.count	0.000100266239974672	4.71060386434495e-05	0.469809565566126	cluster_1
UL29	E	12h	12	PK-15	PK-15_dcDNA_12h	LT934125.1	-	135039	PK-15_12h_3	5.18368767541229e-05	dcDNA	PK-15_12h_3	viral_read.count	0.000100266239974672	4.71060386434495e-05	0.469809565566126	cluster_1
UL29	E	1h	1	C6	C6_dcDNA_1h	LT934125.1	-	246	C6_1h_1	0.00813008130081301	dcDNA	C6_1h_1	viral_read.count	0.00548780487804878	0.00475366486322215	0.866223375076037	cluster_1
UL29	E	1h	1	C6	C6_dcDNA_1h	LT934125.1	-	240	C6_1h_2	0.00833333333333333	dcDNA	C6_1h_2	viral_read.count	0.00548780487804878	0.00475366486322215	0.866223375076037	cluster_1
UL29	E	1h	1	C6	C6_dcDNA_1h	LT934125.1	-	102	C6_1h_3	0	dcDNA	C6_1h_3	viral_read.count	0.00548780487804878	0.00475366486322215	0.866223375076037	cluster_1
UL29	E	1h	1	NRK	NRK_dcDNA_1h	LT934125.1	-	25	NRK_1h_1	0	dcDNA	NRK_1h_1	viral_read.count	0	0		cluster_1
UL29	E	1h	1	NRK	NRK_dcDNA_1h	LT934125.1	-	54	NRK_1h_2	0	dcDNA	NRK_1h_2	viral_read.count	0	0		cluster_1
UL29	E	1h	1	NRK	NRK_dcDNA_1h	LT934125.1	-	20	NRK_1h_3	0	dcDNA	NRK_1h_3	viral_read.count	0	0		cluster_1
UL29	E	1h	1	PC-12	PC-12_dcDNA_1h	LT934125.1	-	154	PC-12_1h_1	0	dcDNA	PC-12_1h_1	viral_read.count	0	0		cluster_1
UL29	E	1h	1	PC-12	PC-12_dcDNA_1h	LT934125.1	-	93	PC-12_1h_2	0	dcDNA	PC-12_1h_2	viral_read.count	0	0		cluster_1
UL29	E	1h	1	PC-12	PC-12_dcDNA_1h	LT934125.1	-	158	PC-12_1h_3	0	dcDNA	PC-12_1h_3	viral_read.count	0	0		cluster_1
UL29	E	1h	1	PK-15	PK-15_dcDNA_1h	LT934125.1	-	129	PK-15_1h_1	0	dcDNA	PK-15_1h_1	viral_read.count	0	0		cluster_1
UL29	E	1h	1	PK-15	PK-15_dcDNA_1h	LT934125.1	-	76	PK-15_1h_2	0	dcDNA	PK-15_1h_2	viral_read.count	0	0		cluster_1
UL29	E	1h	1	PK-15	PK-15_dcDNA_1h	LT934125.1	-	52	PK-15_1h_3	0	dcDNA	PK-15_1h_3	viral_read.count	0	0		cluster_1
UL29	E	2.5h	2.5	PC-12	PC-12_dcDNA_2.5h	LT934125.1	-	478	PC-12_2.5h_1	0	dcDNA	PC-12_2.5h_1	viral_read.count	0.00205462223810848	0.00217285305872427	1.05754382407767	cluster_1
UL29	E	2.5h	2.5	PC-12	PC-12_dcDNA_2.5h	LT934125.1	-	231	PC-12_2.5h_2	0.00432900432900433	dcDNA	PC-12_2.5h_2	viral_read.count	0.00205462223810848	0.00217285305872427	1.05754382407767	cluster_1
UL29	E	2.5h	2.5	PC-12	PC-12_dcDNA_2.5h	LT934125.1	-	545	PC-12_2.5h_3	0.0018348623853211	dcDNA	PC-12_2.5h_3	viral_read.count	0.00205462223810848	0.00217285305872427	1.05754382407767	cluster_1
UL29	E	2h	2	C6	C6_dcDNA_2h	LT934125.1	-	243	C6_2h_1	0	dcDNA	C6_2h_1	viral_read.count	0.00106837606837607	0.00151091192561228	1.4142135623731	cluster_1
UL29	E	2h	2	C6	C6_dcDNA_2h	LT934125.1	-	468	C6_2h_2	0.00213675213675214	dcDNA	C6_2h_2	viral_read.count	0.00106837606837607	0.00151091192561228	1.4142135623731	cluster_1
UL29	E	2h	2	NRK	NRK_dcDNA_2h	LT934125.1	-	99	NRK_2h_1	0.0101010101010101	dcDNA	NRK_2h_1	viral_read.count	0.00806183904775453	0.00726030292716142	0.900576516617959	cluster_1
UL29	E	2h	2	NRK	NRK_dcDNA_2h	LT934125.1	-	71	NRK_2h_2	0.0140845070422535	dcDNA	NRK_2h_2	viral_read.count	0.00806183904775453	0.00726030292716142	0.900576516617959	cluster_1
UL29	E	2h	2	NRK	NRK_dcDNA_2h	LT934125.1	-	122	NRK_2h_3	0	dcDNA	NRK_2h_3	viral_read.count	0.00806183904775453	0.00726030292716142	0.900576516617959	cluster_1
UL29	E	2h	2	PC-12	PC-12_dcDNA_2h	LT934125.1	-	439	PC-12_2h_1	0.00455580865603645	dcDNA	PC-12_2h_1	viral_read.count	0.00284398393239651	0.00247995695186094	0.872001041781969	cluster_1
UL29	E	2h	2	PC-12	PC-12_dcDNA_2h	LT934125.1	-	399	PC-12_2h_2	0	dcDNA	PC-12_2h_2	viral_read.count	0.00284398393239651	0.00247995695186094	0.872001041781969	cluster_1
UL29	E	2h	2	PC-12	PC-12_dcDNA_2h	LT934125.1	-	503	PC-12_2h_3	0.00397614314115308	dcDNA	PC-12_2h_3	viral_read.count	0.00284398393239651	0.00247995695186094	0.872001041781969	cluster_1
UL29	E	2h	2	PK-15	PK-15_dcDNA_2h	LT934125.1	-	482	PK-15_2h_1	0.020746887966805	dcDNA	PK-15_2h_1	viral_read.count	0.0114184641452538	0.00866102298697541	0.758510328254212	cluster_1
UL29	E	2h	2	PK-15	PK-15_dcDNA_2h	LT934125.1	-	405	PK-15_2h_2	0.00987654320987654	dcDNA	PK-15_2h_2	viral_read.count	0.0114184641452538	0.00866102298697541	0.758510328254212	cluster_1
UL29	E	2h	2	PK-15	PK-15_dcDNA_2h	LT934125.1	-	1652	PK-15_2h_3	0.0036319612590799	dcDNA	PK-15_2h_3	viral_read.count	0.0114184641452538	0.00866102298697541	0.758510328254212	cluster_1
UL29	E	4h	4	C6	C6_dcDNA_4h	LT934125.1	-	680	C6_4h_1	0	dcDNA	C6_4h_1	viral_read.count	0	0		cluster_1
UL29	E	4h	4	C6	C6_dcDNA_4h	LT934125.1	-	686	C6_4h_2	0	dcDNA	C6_4h_2	viral_read.count	0	0		cluster_1
UL29	E	4h	4	C6	C6_dcDNA_4h	LT934125.1	-	312	C6_4h_3	0	dcDNA	C6_4h_3	viral_read.count	0	0		cluster_1
UL29	E	4h	4	PC-12	PC-12_dcDNA_4h	LT934125.1	-	2800	PC-12_4h_1	0	dcDNA	PC-12_4h_1	viral_read.count	0.00011125945705385	0.000192707032439795	1.73205080756888	cluster_1
UL29	E	4h	4	PC-12	PC-12_dcDNA_4h	LT934125.1	-	2646	PC-12_4h_2	0	dcDNA	PC-12_4h_2	viral_read.count	0.00011125945705385	0.000192707032439795	1.73205080756888	cluster_1
UL29	E	4h	4	PC-12	PC-12_dcDNA_4h	LT934125.1	-	2996	PC-12_4h_3	0.000333778371161549	dcDNA	PC-12_4h_3	viral_read.count	0.00011125945705385	0.000192707032439795	1.73205080756888	cluster_1
UL29	E	4h	4	PK-15	PK-15_dcDNA_4h	LT934125.1	-	7826	PK-15_4h_1	0.000511116790186558	dcDNA	PK-15_4h_1	viral_read.count	0.00128208259745051	0.00124104689573337	0.967992934465585	cluster_1
UL29	E	4h	4	PK-15	PK-15_dcDNA_4h	LT934125.1	-	8046	PK-15_4h_2	0.00062142679592344	dcDNA	PK-15_4h_2	viral_read.count	0.00128208259745051	0.00124104689573337	0.967992934465585	cluster_1
UL29	E	4h	4	PK-15	PK-15_dcDNA_4h	LT934125.1	-	6633	PK-15_4h_3	0.00271370420624152	dcDNA	PK-15_4h_3	viral_read.count	0.00128208259745051	0.00124104689573337	0.967992934465585	cluster_1
UL29	E	6h	6	C6	C6_dcDNA_6h	LT934125.1	-	2759	C6_6h_1	0.00289960130482059	dcDNA	C6_6h_1	viral_read.count	0.00166289052309081	0.00112178529739376	0.674599609425101	cluster_1
UL29	E	6h	6	C6	C6_dcDNA_6h	LT934125.1	-	4220	C6_6h_2	0.000710900473933649	dcDNA	C6_6h_2	viral_read.count	0.00166289052309081	0.00112178529739376	0.674599609425101	cluster_1
UL29	E	6h	6	C6	C6_dcDNA_6h	LT934125.1	-	3628	C6_6h_3	0.00137816979051819	dcDNA	C6_6h_3	viral_read.count	0.00166289052309081	0.00112178529739376	0.674599609425101	cluster_1
UL29	E	6h	6	PC-12	PC-12_dcDNA_6h	LT934125.1	-	7517	PC-12_6h_1	0.000532127178395637	dcDNA	PC-12_6h_1	viral_read.count	0.000307828072435854	0.000195862166725804	0.636271296428361	cluster_1
UL29	E	6h	6	PC-12	PC-12_dcDNA_6h	LT934125.1	-	13589	PC-12_6h_2	0.00022076679667378	dcDNA	PC-12_6h_2	viral_read.count	0.000307828072435854	0.000195862166725804	0.636271296428361	cluster_1
UL29	E	6h	6	PC-12	PC-12_dcDNA_6h	LT934125.1	-	11724	PC-12_6h_3	0.000170590242238144	dcDNA	PC-12_6h_3	viral_read.count	0.000307828072435854	0.000195862166725804	0.636271296428361	cluster_1
UL29	E	6h	6	PK-15	PK-15_dcDNA_6h	LT934125.1	-	37872	PK-15_6h_1	0.000369666244190959	dcDNA	PK-15_6h_1	viral_read.count	0.000707521081149508	0.000507746050039068	0.71764087822533	cluster_1
UL29	E	6h	6	PK-15	PK-15_dcDNA_6h	LT934125.1	-	30337	PK-15_6h_2	0.000461482677918054	dcDNA	PK-15_6h_2	viral_read.count	0.000707521081149508	0.000507746050039068	0.71764087822533	cluster_1
UL29	E	6h	6	PK-15	PK-15_dcDNA_6h	LT934125.1	-	44912	PK-15_6h_3	0.00129141432133951	dcDNA	PK-15_6h_3	viral_read.count	0.000707521081149508	0.000507746050039068	0.71764087822533	cluster_1
UL29	E	8h	8	C6	C6_dcDNA_8h	LT934125.1	-	10124	C6_8h_1	0.000888976689055709	dcDNA	C6_8h_1	viral_read.count	0.000670107419508145	0.000281058670000383	0.419423307097059	cluster_1
UL29	E	8h	8	C6	C6_dcDNA_8h	LT934125.1	-	10414	C6_8h_2	0.000768196658344536	dcDNA	C6_8h_2	viral_read.count	0.000670107419508145	0.000281058670000383	0.419423307097059	cluster_1
UL29	E	8h	8	C6	C6_dcDNA_8h	LT934125.1	-	8495	C6_8h_3	0.000353148911124191	dcDNA	C6_8h_3	viral_read.count	0.000670107419508145	0.000281058670000383	0.419423307097059	cluster_1
UL29	E	8h	8	PC-12	PC-12_dcDNA_8h	LT934125.1	-	14035	PC-12_8h_1	0.000285001781261133	dcDNA	PC-12_8h_1	viral_read.count	0.000461297116083257	0.000249319253488554	0.540474338113042	cluster_1
UL29	E	8h	8	PC-12	PC-12_dcDNA_8h	LT934125.1	-	15684	PC-12_8h_2	0.000637592450905381	dcDNA	PC-12_8h_2	viral_read.count	0.000461297116083257	0.000249319253488554	0.540474338113042	cluster_1
UL29	E	8h	8	PK-15	PK-15_dcDNA_8h	LT934125.1	-	69419	PK-15_8h_1	0.00161339114651608	dcDNA	PK-15_8h_1	viral_read.count	0.00136898708743987	0.000295643495924879	0.215957841120152	cluster_1
UL29	E	8h	8	PK-15	PK-15_dcDNA_8h	LT934125.1	-	74319	PK-15_8h_2	0.00145319501069713	dcDNA	PK-15_8h_2	viral_read.count	0.00136898708743987	0.000295643495924879	0.215957841120152	cluster_1
UL29	E	8h	8	PK-15	PK-15_dcDNA_8h	LT934125.1	-	70167	PK-15_8h_3	0.00104037510510639	dcDNA	PK-15_8h_3	viral_read.count	0.00136898708743987	0.000295643495924879	0.215957841120152	cluster_1
UL3	L	""		C6	C6_dRNA	LT934125.1	-	3	C6_dRNA	0	dcDNA	C6_dRNA	viral_read.count	0			cluster_1
UL3	L	""		PC-12	PC-12_dRNA	LT934125.1	-	20	PC-12_dRNA	0	dcDNA	PC-12_dRNA	viral_read.count	0			cluster_1
UL3	L	""		PK-15	PK-15_dRNA	LT934125.1	-	68	PK-15_dRNA	0	dcDNA	PK-15_dRNA	viral_read.count	0			cluster_1
UL3	L	0.5h	0.5	PC-12	PC-12_dcDNA_0.5h	LT934125.1	-	13	PC-12_0.5h_1	0	dcDNA	PC-12_0.5h_1	viral_read.count	0	0		cluster_1
UL3	L	0.5h	0.5	PC-12	PC-12_dcDNA_0.5h	LT934125.1	-	13	PC-12_0.5h_2	0	dcDNA	PC-12_0.5h_2	viral_read.count	0	0		cluster_1
UL3	L	0.5h	0.5	PC-12	PC-12_dcDNA_0.5h	LT934125.1	-	2	PC-12_0.5h_3	0	dcDNA	PC-12_0.5h_3	viral_read.count	0	0		cluster_1
UL3	L	1.5h	1.5	PC-12	PC-12_dcDNA_1.5h	LT934125.1	-	138	PC-12_1.5h_1	0	dcDNA	PC-12_1.5h_1	viral_read.count	0	0		cluster_1
UL3	L	1.5h	1.5	PC-12	PC-12_dcDNA_1.5h	LT934125.1	-	129	PC-12_1.5h_2	0	dcDNA	PC-12_1.5h_2	viral_read.count	0	0		cluster_1
UL3	L	1.5h	1.5	PC-12	PC-12_dcDNA_1.5h	LT934125.1	-	152	PC-12_1.5h_3	0	dcDNA	PC-12_1.5h_3	viral_read.count	0	0		cluster_1
UL3	L	12h	12	C6	C6_dcDNA_12h	LT934125.1	-	56266	C6_12h_1	0.00254149930686383	dcDNA	C6_12h_1	viral_read.count	0.00283143280890518	0.000637074391432268	0.225000709686133	cluster_1
UL3	L	12h	12	C6	C6_dcDNA_12h	LT934125.1	-	49131	C6_12h_2	0.00356190592497608	dcDNA	C6_12h_2	viral_read.count	0.00283143280890518	0.000637074391432268	0.225000709686133	cluster_1
UL3	L	12h	12	C6	C6_dcDNA_12h	LT934125.1	-	28023	C6_12h_3	0.00239089319487564	dcDNA	C6_12h_3	viral_read.count	0.00283143280890518	0.000637074391432268	0.225000709686133	cluster_1
UL3	L	12h	12	PC-12	PC-12_dcDNA_12h	LT934125.1	-	40118	PC-12_12h_1	0.0012712498130515	dcDNA	PC-12_12h_1	viral_read.count	0.00155005070203567	0.000479349527583934	0.309247643934749	cluster_1
UL3	L	12h	12	PC-12	PC-12_dcDNA_12h	LT934125.1	-	64296	PC-12_12h_2	0.00127535149931567	dcDNA	PC-12_12h_2	viral_read.count	0.00155005070203567	0.000479349527583934	0.309247643934749	cluster_1
UL3	L	12h	12	PC-12	PC-12_dcDNA_12h	LT934125.1	-	35654	PC-12_12h_3	0.00210355079373983	dcDNA	PC-12_12h_3	viral_read.count	0.00155005070203567	0.000479349527583934	0.309247643934749	cluster_1
UL3	L	12h	12	PK-15	PK-15_dcDNA_12h	LT934125.1	-	137055	PK-15_12h_1	0.000729634088504615	dcDNA	PK-15_12h_1	viral_read.count	0.000831025312677246	0.000452424758368605	0.544417542362296	cluster_1
UL3	L	12h	12	PK-15	PK-15_dcDNA_12h	LT934125.1	-	155287	PK-15_12h_2	0.000437898858243124	dcDNA	PK-15_12h_2	viral_read.count	0.000831025312677246	0.000452424758368605	0.544417542362296	cluster_1
UL3	L	12h	12	PK-15	PK-15_dcDNA_12h	LT934125.1	-	135039	PK-15_12h_3	0.001325542991284	dcDNA	PK-15_12h_3	viral_read.count	0.000831025312677246	0.000452424758368605	0.544417542362296	cluster_1
UL3	L	1h	1	C6	C6_dcDNA_1h	LT934125.1	-	246	C6_1h_1	0	dcDNA	C6_1h_1	viral_read.count	0	0		cluster_1
UL3	L	1h	1	C6	C6_dcDNA_1h	LT934125.1	-	240	C6_1h_2	0	dcDNA	C6_1h_2	viral_read.count	0	0		cluster_1
UL3	L	1h	1	C6	C6_dcDNA_1h	LT934125.1	-	102	C6_1h_3	0	dcDNA	C6_1h_3	viral_read.count	0	0		cluster_1
UL3	L	1h	1	NRK	NRK_dcDNA_1h	LT934125.1	-	25	NRK_1h_1	0	dcDNA	NRK_1h_1	viral_read.count	0	0		cluster_1
UL3	L	1h	1	NRK	NRK_dcDNA_1h	LT934125.1	-	54	NRK_1h_2	0	dcDNA	NRK_1h_2	viral_read.count	0	0		cluster_1
UL3	L	1h	1	NRK	NRK_dcDNA_1h	LT934125.1	-	20	NRK_1h_3	0	dcDNA	NRK_1h_3	viral_read.count	0	0		cluster_1
UL3	L	1h	1	PC-12	PC-12_dcDNA_1h	LT934125.1	-	154	PC-12_1h_1	0	dcDNA	PC-12_1h_1	viral_read.count	0	0		cluster_1
UL3	L	1h	1	PC-12	PC-12_dcDNA_1h	LT934125.1	-	93	PC-12_1h_2	0	dcDNA	PC-12_1h_2	viral_read.count	0	0		cluster_1
UL3	L	1h	1	PC-12	PC-12_dcDNA_1h	LT934125.1	-	158	PC-12_1h_3	0	dcDNA	PC-12_1h_3	viral_read.count	0	0		cluster_1
UL3	L	1h	1	PK-15	PK-15_dcDNA_1h	LT934125.1	-	129	PK-15_1h_1	0	dcDNA	PK-15_1h_1	viral_read.count	0	0		cluster_1
UL3	L	1h	1	PK-15	PK-15_dcDNA_1h	LT934125.1	-	76	PK-15_1h_2	0	dcDNA	PK-15_1h_2	viral_read.count	0	0		cluster_1
UL3	L	1h	1	PK-15	PK-15_dcDNA_1h	LT934125.1	-	52	PK-15_1h_3	0	dcDNA	PK-15_1h_3	viral_read.count	0	0		cluster_1
UL3	L	2.5h	2.5	PC-12	PC-12_dcDNA_2.5h	LT934125.1	-	478	PC-12_2.5h_1	0	dcDNA	PC-12_2.5h_1	viral_read.count	0	0		cluster_1
UL3	L	2.5h	2.5	PC-12	PC-12_dcDNA_2.5h	LT934125.1	-	231	PC-12_2.5h_2	0	dcDNA	PC-12_2.5h_2	viral_read.count	0	0		cluster_1
UL3	L	2.5h	2.5	PC-12	PC-12_dcDNA_2.5h	LT934125.1	-	545	PC-12_2.5h_3	0	dcDNA	PC-12_2.5h_3	viral_read.count	0	0		cluster_1
UL3	L	2h	2	C6	C6_dcDNA_2h	LT934125.1	-	243	C6_2h_1	0	dcDNA	C6_2h_1	viral_read.count	0.00106837606837607	0.00151091192561228	1.4142135623731	cluster_1
UL3	L	2h	2	C6	C6_dcDNA_2h	LT934125.1	-	468	C6_2h_2	0.00213675213675214	dcDNA	C6_2h_2	viral_read.count	0.00106837606837607	0.00151091192561228	1.4142135623731	cluster_1
UL3	L	2h	2	NRK	NRK_dcDNA_2h	LT934125.1	-	99	NRK_2h_1	0	dcDNA	NRK_2h_1	viral_read.count	0.00273224043715847	0.00473237925565267	1.73205080756888	cluster_1
UL3	L	2h	2	NRK	NRK_dcDNA_2h	LT934125.1	-	71	NRK_2h_2	0	dcDNA	NRK_2h_2	viral_read.count	0.00273224043715847	0.00473237925565267	1.73205080756888	cluster_1
UL3	L	2h	2	NRK	NRK_dcDNA_2h	LT934125.1	-	122	NRK_2h_3	0.00819672131147541	dcDNA	NRK_2h_3	viral_read.count	0.00273224043715847	0.00473237925565267	1.73205080756888	cluster_1
UL3	L	2h	2	PC-12	PC-12_dcDNA_2h	LT934125.1	-	439	PC-12_2h_1	0	dcDNA	PC-12_2h_1	viral_read.count	0	0		cluster_1
UL3	L	2h	2	PC-12	PC-12_dcDNA_2h	LT934125.1	-	399	PC-12_2h_2	0	dcDNA	PC-12_2h_2	viral_read.count	0	0		cluster_1
UL3	L	2h	2	PC-12	PC-12_dcDNA_2h	LT934125.1	-	503	PC-12_2h_3	0	dcDNA	PC-12_2h_3	viral_read.count	0	0		cluster_1
UL3	L	2h	2	PK-15	PK-15_dcDNA_2h	LT934125.1	-	482	PK-15_2h_1	0.0020746887966805	dcDNA	PK-15_2h_1	viral_read.count	0.00109511418323571	0.00104215903052677	0.951644172343313	cluster_1
UL3	L	2h	2	PK-15	PK-15_dcDNA_2h	LT934125.1	-	405	PK-15_2h_2	0	dcDNA	PK-15_2h_2	viral_read.count	0.00109511418323571	0.00104215903052677	0.951644172343313	cluster_1
UL3	L	2h	2	PK-15	PK-15_dcDNA_2h	LT934125.1	-	1652	PK-15_2h_3	0.00121065375302663	dcDNA	PK-15_2h_3	viral_read.count	0.00109511418323571	0.00104215903052677	0.951644172343313	cluster_1
UL3	L	4h	4	C6	C6_dcDNA_4h	LT934125.1	-	680	C6_4h_1	0.00441176470588235	dcDNA	C6_4h_1	viral_read.count	0.00302487295284414	0.00148524584276677	0.491010983244855	cluster_1
UL3	L	4h	4	C6	C6_dcDNA_4h	LT934125.1	-	686	C6_4h_2	0.00145772594752187	dcDNA	C6_4h_2	viral_read.count	0.00302487295284414	0.00148524584276677	0.491010983244855	cluster_1
UL3	L	4h	4	C6	C6_dcDNA_4h	LT934125.1	-	312	C6_4h_3	0.00320512820512821	dcDNA	C6_4h_3	viral_read.count	0.00302487295284414	0.00148524584276677	0.491010983244855	cluster_1
UL3	L	4h	4	PC-12	PC-12_dcDNA_4h	LT934125.1	-	2800	PC-12_4h_1	0.00285714285714286	dcDNA	PC-12_4h_1	viral_read.count	0.00223510241756793	0.000678414902171129	0.303527434286134	cluster_1
UL3	L	4h	4	PC-12	PC-12_dcDNA_4h	LT934125.1	-	2646	PC-12_4h_2	0.00151171579743008	dcDNA	PC-12_4h_2	viral_read.count	0.00223510241756793	0.000678414902171129	0.303527434286134	cluster_1
UL3	L	4h	4	PC-12	PC-12_dcDNA_4h	LT934125.1	-	2996	PC-12_4h_3	0.00233644859813084	dcDNA	PC-12_4h_3	viral_read.count	0.00223510241756793	0.000678414902171129	0.303527434286134	cluster_1
UL3	L	4h	4	PK-15	PK-15_dcDNA_4h	LT934125.1	-	7826	PK-15_4h_1	0.00204446716074623	dcDNA	PK-15_4h_1	viral_read.count	0.00198881813479343	0.000159321392511908	0.0801085779160275	cluster_1
UL3	L	4h	4	PK-15	PK-15_dcDNA_4h	LT934125.1	-	8046	PK-15_4h_2	0.0021128511061397	dcDNA	PK-15_4h_2	viral_read.count	0.00198881813479343	0.000159321392511908	0.0801085779160275	cluster_1
UL3	L	4h	4	PK-15	PK-15_dcDNA_4h	LT934125.1	-	6633	PK-15_4h_3	0.00180913613749435	dcDNA	PK-15_4h_3	viral_read.count	0.00198881813479343	0.000159321392511908	0.0801085779160275	cluster_1
UL3	L	6h	6	C6	C6_dcDNA_6h	LT934125.1	-	2759	C6_6h_1	0.00217470097861544	dcDNA	C6_6h_1	viral_read.count	0.00285263772411608	0.00186464713514346	0.653657181695317	cluster_1
UL3	L	6h	6	C6	C6_dcDNA_6h	LT934125.1	-	4220	C6_6h_2	0.0014218009478673	dcDNA	C6_6h_2	viral_read.count	0.00285263772411608	0.00186464713514346	0.653657181695317	cluster_1
UL3	L	6h	6	C6	C6_dcDNA_6h	LT934125.1	-	3628	C6_6h_3	0.00496141124586549	dcDNA	C6_6h_3	viral_read.count	0.00285263772411608	0.00186464713514346	0.653657181695317	cluster_1
UL3	L	6h	6	PC-12	PC-12_dcDNA_6h	LT934125.1	-	7517	PC-12_6h_1	0.00319276307037382	dcDNA	PC-12_6h_1	viral_read.count	0.00297866712284491	0.000413495592803488	0.138819000495953	cluster_1
UL3	L	6h	6	PC-12	PC-12_dcDNA_6h	LT934125.1	-	13589	PC-12_6h_2	0.00250202369563618	dcDNA	PC-12_6h_2	viral_read.count	0.00297866712284491	0.000413495592803488	0.138819000495953	cluster_1
UL3	L	6h	6	PC-12	PC-12_dcDNA_6h	LT934125.1	-	11724	PC-12_6h_3	0.00324121460252474	dcDNA	PC-12_6h_3	viral_read.count	0.00297866712284491	0.000413495592803488	0.138819000495953	cluster_1
UL3	L	6h	6	PK-15	PK-15_dcDNA_6h	LT934125.1	-	37872	PK-15_6h_1	0.00171630756231517	dcDNA	PK-15_6h_1	viral_read.count	0.0017901213619429	0.000517312968933903	0.28898206564746	cluster_1
UL3	L	6h	6	PK-15	PK-15_dcDNA_6h	LT934125.1	-	30337	PK-15_6h_2	0.00234037643801299	dcDNA	PK-15_6h_2	viral_read.count	0.0017901213619429	0.000517312968933903	0.28898206564746	cluster_1
UL3	L	6h	6	PK-15	PK-15_dcDNA_6h	LT934125.1	-	44912	PK-15_6h_3	0.00131368008550053	dcDNA	PK-15_6h_3	viral_read.count	0.0017901213619429	0.000517312968933903	0.28898206564746	cluster_1
UL3	L	8h	8	C6	C6_dcDNA_8h	LT934125.1	-	10124	C6_8h_1	0.00345713156854998	dcDNA	C6_8h_1	viral_read.count	0.0028767654251357	0.000690893645786431	0.240163358384996	cluster_1
UL3	L	8h	8	C6	C6_dcDNA_8h	LT934125.1	-	10414	C6_8h_2	0.00211254081044747	dcDNA	C6_8h_2	viral_read.count	0.0028767654251357	0.000690893645786431	0.240163358384996	cluster_1
UL3	L	8h	8	C6	C6_dcDNA_8h	LT934125.1	-	8495	C6_8h_3	0.00306062389640965	dcDNA	C6_8h_3	viral_read.count	0.0028767654251357	0.000690893645786431	0.240163358384996	cluster_1
UL3	L	8h	8	PC-12	PC-12_dcDNA_8h	LT934125.1	-	14035	PC-12_8h_1	0.00156750979693623	dcDNA	PC-12_8h_1	viral_read.count	0.00113443074646607	0.000612466266754556	0.539888634597116	cluster_1
UL3	L	8h	8	PC-12	PC-12_dcDNA_8h	LT934125.1	-	15684	PC-12_8h_2	0.000701351695995919	dcDNA	PC-12_8h_2	viral_read.count	0.00113443074646607	0.000612466266754556	0.539888634597116	cluster_1
UL3	L	8h	8	PK-15	PK-15_dcDNA_8h	LT934125.1	-	69419	PK-15_8h_1	0.00125325919416874	dcDNA	PK-15_8h_1	viral_read.count	0.00131892797522743	0.000320769849897684	0.243204978529909	cluster_1
UL3	L	8h	8	PK-15	PK-15_dcDNA_8h	LT934125.1	-	74319	PK-15_8h_2	0.00103607422058962	dcDNA	PK-15_8h_2	viral_read.count	0.00131892797522743	0.000320769849897684	0.243204978529909	cluster_1
UL3	L	8h	8	PK-15	PK-15_dcDNA_8h	LT934125.1	-	70167	PK-15_8h_3	0.00166745051092394	dcDNA	PK-15_8h_3	viral_read.count	0.00131892797522743	0.000320769849897684	0.243204978529909	cluster_1
UL3.5	L	""		C6	C6_dRNA	LT934125.1	-	3	C6_dRNA	0	dcDNA	C6_dRNA	viral_read.count	0			cluster_5
UL3.5	L	""		PC-12	PC-12_dRNA	LT934125.1	-	20	PC-12_dRNA	0	dcDNA	PC-12_dRNA	viral_read.count	0			cluster_5
UL3.5	L	""		PK-15	PK-15_dRNA	LT934125.1	-	68	PK-15_dRNA	0	dcDNA	PK-15_dRNA	viral_read.count	0			cluster_5
UL3.5	L	0.5h	0.5	PC-12	PC-12_dcDNA_0.5h	LT934125.1	-	13	PC-12_0.5h_1	0	dcDNA	PC-12_0.5h_1	viral_read.count	0	0		cluster_5
UL3.5	L	0.5h	0.5	PC-12	PC-12_dcDNA_0.5h	LT934125.1	-	13	PC-12_0.5h_2	0	dcDNA	PC-12_0.5h_2	viral_read.count	0	0		cluster_5
UL3.5	L	0.5h	0.5	PC-12	PC-12_dcDNA_0.5h	LT934125.1	-	2	PC-12_0.5h_3	0	dcDNA	PC-12_0.5h_3	viral_read.count	0	0		cluster_5
UL3.5	L	1.5h	1.5	PC-12	PC-12_dcDNA_1.5h	LT934125.1	-	138	PC-12_1.5h_1	0.0072463768115942	dcDNA	PC-12_1.5h_1	viral_read.count	0.00241545893719807	0.00418369760282337	1.73205080756888	cluster_5
UL3.5	L	1.5h	1.5	PC-12	PC-12_dcDNA_1.5h	LT934125.1	-	129	PC-12_1.5h_2	0	dcDNA	PC-12_1.5h_2	viral_read.count	0.00241545893719807	0.00418369760282337	1.73205080756888	cluster_5
UL3.5	L	1.5h	1.5	PC-12	PC-12_dcDNA_1.5h	LT934125.1	-	152	PC-12_1.5h_3	0	dcDNA	PC-12_1.5h_3	viral_read.count	0.00241545893719807	0.00418369760282337	1.73205080756888	cluster_5
UL3.5	L	12h	12	C6	C6_dcDNA_12h	LT934125.1	-	56266	C6_12h_1	0.0273344470906053	dcDNA	C6_12h_1	viral_read.count	0.0251287883094872	0.0021603435683956	0.0859708610613736	cluster_5
UL3.5	L	12h	12	C6	C6_dcDNA_12h	LT934125.1	-	49131	C6_12h_2	0.0250351102155462	dcDNA	C6_12h_2	viral_read.count	0.0251287883094872	0.0021603435683956	0.0859708610613736	cluster_5
UL3.5	L	12h	12	C6	C6_dcDNA_12h	LT934125.1	-	28023	C6_12h_3	0.0230168076223102	dcDNA	C6_12h_3	viral_read.count	0.0251287883094872	0.0021603435683956	0.0859708610613736	cluster_5
UL3.5	L	12h	12	PC-12	PC-12_dcDNA_12h	LT934125.1	-	40118	PC-12_12h_1	0.0146816890173987	dcDNA	PC-12_12h_1	viral_read.count	0.0147049915394166	0.00247646124709568	0.168409566265819	cluster_5
UL3.5	L	12h	12	PC-12	PC-12_dcDNA_12h	LT934125.1	-	64296	PC-12_12h_2	0.0122402637800174	dcDNA	PC-12_12h_2	viral_read.count	0.0147049915394166	0.00247646124709568	0.168409566265819	cluster_5
UL3.5	L	12h	12	PC-12	PC-12_dcDNA_12h	LT934125.1	-	35654	PC-12_12h_3	0.0171930218208336	dcDNA	PC-12_12h_3	viral_read.count	0.0147049915394166	0.00247646124709568	0.168409566265819	cluster_5
UL3.5	L	12h	12	PK-15	PK-15_dcDNA_12h	LT934125.1	-	137055	PK-15_12h_1	0.0149283134508044	dcDNA	PK-15_12h_1	viral_read.count	0.0184129893197212	0.00404756893007405	0.219821391290273	cluster_5
UL3.5	L	12h	12	PK-15	PK-15_dcDNA_12h	LT934125.1	-	155287	PK-15_12h_2	0.0174579971278987	dcDNA	PK-15_12h_2	viral_read.count	0.0184129893197212	0.00404756893007405	0.219821391290273	cluster_5
UL3.5	L	12h	12	PK-15	PK-15_dcDNA_12h	LT934125.1	-	135039	PK-15_12h_3	0.0228526573804605	dcDNA	PK-15_12h_3	viral_read.count	0.0184129893197212	0.00404756893007405	0.219821391290273	cluster_5
UL3.5	L	1h	1	C6	C6_dcDNA_1h	LT934125.1	-	246	C6_1h_1	0.0121951219512195	dcDNA	C6_1h_1	viral_read.count	0.0040650406504065	0.00704085694133689	1.73205080756888	cluster_5
UL3.5	L	1h	1	C6	C6_dcDNA_1h	LT934125.1	-	240	C6_1h_2	0	dcDNA	C6_1h_2	viral_read.count	0.0040650406504065	0.00704085694133689	1.73205080756888	cluster_5
UL3.5	L	1h	1	C6	C6_dcDNA_1h	LT934125.1	-	102	C6_1h_3	0	dcDNA	C6_1h_3	viral_read.count	0.0040650406504065	0.00704085694133689	1.73205080756888	cluster_5
UL3.5	L	1h	1	NRK	NRK_dcDNA_1h	LT934125.1	-	25	NRK_1h_1	0	dcDNA	NRK_1h_1	viral_read.count	0	0		cluster_5
UL3.5	L	1h	1	NRK	NRK_dcDNA_1h	LT934125.1	-	54	NRK_1h_2	0	dcDNA	NRK_1h_2	viral_read.count	0	0		cluster_5
UL3.5	L	1h	1	NRK	NRK_dcDNA_1h	LT934125.1	-	20	NRK_1h_3	0	dcDNA	NRK_1h_3	viral_read.count	0	0		cluster_5
UL3.5	L	1h	1	PC-12	PC-12_dcDNA_1h	LT934125.1	-	154	PC-12_1h_1	0	dcDNA	PC-12_1h_1	viral_read.count	0	0		cluster_5
UL3.5	L	1h	1	PC-12	PC-12_dcDNA_1h	LT934125.1	-	93	PC-12_1h_2	0	dcDNA	PC-12_1h_2	viral_read.count	0	0		cluster_5
UL3.5	L	1h	1	PC-12	PC-12_dcDNA_1h	LT934125.1	-	158	PC-12_1h_3	0	dcDNA	PC-12_1h_3	viral_read.count	0	0		cluster_5
UL3.5	L	1h	1	PK-15	PK-15_dcDNA_1h	LT934125.1	-	129	PK-15_1h_1	0	dcDNA	PK-15_1h_1	viral_read.count	0.0064102564102564	0.0111028897921082	1.73205080756888	cluster_5
UL3.5	L	1h	1	PK-15	PK-15_dcDNA_1h	LT934125.1	-	76	PK-15_1h_2	0	dcDNA	PK-15_1h_2	viral_read.count	0.0064102564102564	0.0111028897921082	1.73205080756888	cluster_5
UL3.5	L	1h	1	PK-15	PK-15_dcDNA_1h	LT934125.1	-	52	PK-15_1h_3	0.0192307692307692	dcDNA	PK-15_1h_3	viral_read.count	0.0064102564102564	0.0111028897921082	1.73205080756888	cluster_5
UL3.5	L	2.5h	2.5	PC-12	PC-12_dcDNA_2.5h	LT934125.1	-	478	PC-12_2.5h_1	0.00209205020920502	dcDNA	PC-12_2.5h_1	viral_read.count	0.00192059165994907	0.00184086080371411	0.958486305081071	cluster_5
UL3.5	L	2.5h	2.5	PC-12	PC-12_dcDNA_2.5h	LT934125.1	-	231	PC-12_2.5h_2	0	dcDNA	PC-12_2.5h_2	viral_read.count	0.00192059165994907	0.00184086080371411	0.958486305081071	cluster_5
UL3.5	L	2.5h	2.5	PC-12	PC-12_dcDNA_2.5h	LT934125.1	-	545	PC-12_2.5h_3	0.0036697247706422	dcDNA	PC-12_2.5h_3	viral_read.count	0.00192059165994907	0.00184086080371411	0.958486305081071	cluster_5
UL3.5	L	2h	2	C6	C6_dcDNA_2h	LT934125.1	-	243	C6_2h_1	0	dcDNA	C6_2h_1	viral_read.count	0.00213675213675214	0.00302182385122456	1.4142135623731	cluster_5
UL3.5	L	2h	2	C6	C6_dcDNA_2h	LT934125.1	-	468	C6_2h_2	0.00427350427350427	dcDNA	C6_2h_2	viral_read.count	0.00213675213675214	0.00302182385122456	1.4142135623731	cluster_5
UL3.5	L	2h	2	NRK	NRK_dcDNA_2h	LT934125.1	-	99	NRK_2h_1	0.0101010101010101	dcDNA	NRK_2h_1	viral_read.count	0.00336700336700337	0.00583182090090531	1.73205080756888	cluster_5
UL3.5	L	2h	2	NRK	NRK_dcDNA_2h	LT934125.1	-	71	NRK_2h_2	0	dcDNA	NRK_2h_2	viral_read.count	0.00336700336700337	0.00583182090090531	1.73205080756888	cluster_5
UL3.5	L	2h	2	NRK	NRK_dcDNA_2h	LT934125.1	-	122	NRK_2h_3	0	dcDNA	NRK_2h_3	viral_read.count	0.00336700336700337	0.00583182090090531	1.73205080756888	cluster_5
UL3.5	L	2h	2	PC-12	PC-12_dcDNA_2h	LT934125.1	-	439	PC-12_2h_1	0	dcDNA	PC-12_2h_1	viral_read.count	0.000835421888053467	0.00144699315586372	1.73205080756888	cluster_5
UL3.5	L	2h	2	PC-12	PC-12_dcDNA_2h	LT934125.1	-	399	PC-12_2h_2	0.0025062656641604	dcDNA	PC-12_2h_2	viral_read.count	0.000835421888053467	0.00144699315586372	1.73205080756888	cluster_5
UL3.5	L	2h	2	PC-12	PC-12_dcDNA_2h	LT934125.1	-	503	PC-12_2h_3	0	dcDNA	PC-12_2h_3	viral_read.count	0.000835421888053467	0.00144699315586372	1.73205080756888	cluster_5
UL3.5	L	2h	2	PK-15	PK-15_dcDNA_2h	LT934125.1	-	482	PK-15_2h_1	0.0020746887966805	dcDNA	PK-15_2h_1	viral_read.count	0.0047270754423156	0.00647444429518041	1.36965114565822	cluster_5
UL3.5	L	2h	2	PK-15	PK-15_dcDNA_2h	LT934125.1	-	405	PK-15_2h_2	0	dcDNA	PK-15_2h_2	viral_read.count	0.0047270754423156	0.00647444429518041	1.36965114565822	cluster_5
UL3.5	L	2h	2	PK-15	PK-15_dcDNA_2h	LT934125.1	-	1652	PK-15_2h_3	0.0121065375302663	dcDNA	PK-15_2h_3	viral_read.count	0.0047270754423156	0.00647444429518041	1.36965114565822	cluster_5
UL3.5	L	4h	4	C6	C6_dcDNA_4h	LT934125.1	-	680	C6_4h_1	0.0132352941176471	dcDNA	C6_4h_1	viral_read.count	0.015973898716996	0.00510682630244503	0.319698177190234	cluster_5
UL3.5	L	4h	4	C6	C6_dcDNA_4h	LT934125.1	-	686	C6_4h_2	0.021865889212828	dcDNA	C6_4h_2	viral_read.count	0.015973898716996	0.00510682630244503	0.319698177190234	cluster_5
UL3.5	L	4h	4	C6	C6_dcDNA_4h	LT934125.1	-	312	C6_4h_3	0.0128205128205128	dcDNA	C6_4h_3	viral_read.count	0.015973898716996	0.00510682630244503	0.319698177190234	cluster_5
UL3.5	L	4h	4	PC-12	PC-12_dcDNA_4h	LT934125.1	-	2800	PC-12_4h_1	0.00821428571428571	dcDNA	PC-12_4h_1	viral_read.count	0.0115222942759658	0.00478329934623555	0.415134280697288	cluster_5
UL3.5	L	4h	4	PC-12	PC-12_dcDNA_4h	LT934125.1	-	2646	PC-12_4h_2	0.0170068027210884	dcDNA	PC-12_4h_2	viral_read.count	0.0115222942759658	0.00478329934623555	0.415134280697288	cluster_5
UL3.5	L	4h	4	PC-12	PC-12_dcDNA_4h	LT934125.1	-	2996	PC-12_4h_3	0.00934579439252336	dcDNA	PC-12_4h_3	viral_read.count	0.0115222942759658	0.00478329934623555	0.415134280697288	cluster_5
UL3.5	L	4h	4	PK-15	PK-15_dcDNA_4h	LT934125.1	-	7826	PK-15_4h_1	0.00741119345770509	dcDNA	PK-15_4h_1	viral_read.count	0.00744158733748789	0.00173985687488166	0.233801848446624	cluster_5
UL3.5	L	4h	4	PK-15	PK-15_dcDNA_4h	LT934125.1	-	8046	PK-15_4h_2	0.00571712652249565	dcDNA	PK-15_4h_2	viral_read.count	0.00744158733748789	0.00173985687488166	0.233801848446624	cluster_5
UL3.5	L	4h	4	PK-15	PK-15_dcDNA_4h	LT934125.1	-	6633	PK-15_4h_3	0.00919644203226293	dcDNA	PK-15_4h_3	viral_read.count	0.00744158733748789	0.00173985687488166	0.233801848446624	cluster_5
UL3.5	L	6h	6	C6	C6_dcDNA_6h	LT934125.1	-	2759	C6_6h_1	0.0144980065241029	dcDNA	C6_6h_1	viral_read.count	0.0154168386562705	0.00250019872740772	0.162173243370541	cluster_5
UL3.5	L	6h	6	C6	C6_dcDNA_6h	LT934125.1	-	4220	C6_6h_2	0.0182464454976303	dcDNA	C6_6h_2	viral_read.count	0.0154168386562705	0.00250019872740772	0.162173243370541	cluster_5
UL3.5	L	6h	6	C6	C6_dcDNA_6h	LT934125.1	-	3628	C6_6h_3	0.0135060639470783	dcDNA	C6_6h_3	viral_read.count	0.0154168386562705	0.00250019872740772	0.162173243370541	cluster_5
UL3.5	L	6h	6	PC-12	PC-12_dcDNA_6h	LT934125.1	-	7517	PC-12_6h_1	0.0154316881734735	dcDNA	PC-12_6h_1	viral_read.count	0.0143680925439726	0.00113541089750145	0.0790230779782773	cluster_5
UL3.5	L	6h	6	PC-12	PC-12_dcDNA_6h	LT934125.1	-	13589	PC-12_6h_2	0.0131724188682022	dcDNA	PC-12_6h_2	viral_read.count	0.0143680925439726	0.00113541089750145	0.0790230779782773	cluster_5
UL3.5	L	6h	6	PC-12	PC-12_dcDNA_6h	LT934125.1	-	11724	PC-12_6h_3	0.0145001705902422	dcDNA	PC-12_6h_3	viral_read.count	0.0143680925439726	0.00113541089750145	0.0790230779782773	cluster_5
UL3.5	L	6h	6	PK-15	PK-15_dcDNA_6h	LT934125.1	-	37872	PK-15_6h_1	0.0112484157160963	dcDNA	PK-15_6h_1	viral_read.count	0.00939031368916434	0.00293078295450878	0.312107034069656	cluster_5
UL3.5	L	6h	6	PK-15	PK-15_dcDNA_6h	LT934125.1	-	30337	PK-15_6h_2	0.0109107690279197	dcDNA	PK-15_6h_2	viral_read.count	0.00939031368916434	0.00293078295450878	0.312107034069656	cluster_5
UL3.5	L	6h	6	PK-15	PK-15_dcDNA_6h	LT934125.1	-	44912	PK-15_6h_3	0.00601175632347702	dcDNA	PK-15_6h_3	viral_read.count	0.00939031368916434	0.00293078295450878	0.312107034069656	cluster_5
UL3.5	L	8h	8	C6	C6_dcDNA_8h	LT934125.1	-	10124	C6_8h_1	0.0186685104701699	dcDNA	C6_8h_1	viral_read.count	0.014924223884069	0.00324429187517714	0.217384294176951	cluster_5
UL3.5	L	8h	8	C6	C6_dcDNA_8h	LT934125.1	-	10414	C6_8h_2	0.0131553677741502	dcDNA	C6_8h_2	viral_read.count	0.014924223884069	0.00324429187517714	0.217384294176951	cluster_5
UL3.5	L	8h	8	C6	C6_dcDNA_8h	LT934125.1	-	8495	C6_8h_3	0.012948793407887	dcDNA	C6_8h_3	viral_read.count	0.014924223884069	0.00324429187517714	0.217384294176951	cluster_5
UL3.5	L	8h	8	PC-12	PC-12_dcDNA_8h	LT934125.1	-	14035	PC-12_8h_1	0.0108300676879231	dcDNA	PC-12_8h_1	viral_read.count	0.00888991270139588	0.00274379349505258	0.308641219235118	cluster_5
UL3.5	L	8h	8	PC-12	PC-12_dcDNA_8h	LT934125.1	-	15684	PC-12_8h_2	0.00694975771486866	dcDNA	PC-12_8h_2	viral_read.count	0.00888991270139588	0.00274379349505258	0.308641219235118	cluster_5
UL3.5	L	8h	8	PK-15	PK-15_dcDNA_8h	LT934125.1	-	69419	PK-15_8h_1	0.0141747936443913	dcDNA	PK-15_8h_1	viral_read.count	0.0122651714571245	0.00257385138272075	0.209850420087334	cluster_5
UL3.5	L	8h	8	PK-15	PK-15_dcDNA_8h	LT934125.1	-	74319	PK-15_8h_2	0.00933812349466489	dcDNA	PK-15_8h_2	viral_read.count	0.0122651714571245	0.00257385138272075	0.209850420087334	cluster_5
UL3.5	L	8h	8	PK-15	PK-15_dcDNA_8h	LT934125.1	-	70167	PK-15_8h_3	0.0132825972323172	dcDNA	PK-15_8h_3	viral_read.count	0.0122651714571245	0.00257385138272075	0.209850420087334	cluster_5
UL30	E	""		C6	C6_dRNA	LT934125.1	+	3	C6_dRNA	0	dcDNA	C6_dRNA	viral_read.count	0			cluster_1
UL30	E	""		PC-12	PC-12_dRNA	LT934125.1	+	20	PC-12_dRNA	0	dcDNA	PC-12_dRNA	viral_read.count	0			cluster_1
UL30	E	""		PK-15	PK-15_dRNA	LT934125.1	+	68	PK-15_dRNA	0	dcDNA	PK-15_dRNA	viral_read.count	0			cluster_1
UL30	E	0.5h	0.5	PC-12	PC-12_dcDNA_0.5h	LT934125.1	+	13	PC-12_0.5h_1	0	dcDNA	PC-12_0.5h_1	viral_read.count	0	0		cluster_1
UL30	E	0.5h	0.5	PC-12	PC-12_dcDNA_0.5h	LT934125.1	+	13	PC-12_0.5h_2	0	dcDNA	PC-12_0.5h_2	viral_read.count	0	0		cluster_1
UL30	E	0.5h	0.5	PC-12	PC-12_dcDNA_0.5h	LT934125.1	+	2	PC-12_0.5h_3	0	dcDNA	PC-12_0.5h_3	viral_read.count	0	0		cluster_1
UL30	E	1.5h	1.5	PC-12	PC-12_dcDNA_1.5h	LT934125.1	+	138	PC-12_1.5h_1	0	dcDNA	PC-12_1.5h_1	viral_read.count	0.00258397932816537	0.00447558348209012	1.73205080756888	cluster_1
UL30	E	1.5h	1.5	PC-12	PC-12_dcDNA_1.5h	LT934125.1	+	129	PC-12_1.5h_2	0.00775193798449612	dcDNA	PC-12_1.5h_2	viral_read.count	0.00258397932816537	0.00447558348209012	1.73205080756888	cluster_1
UL30	E	1.5h	1.5	PC-12	PC-12_dcDNA_1.5h	LT934125.1	+	152	PC-12_1.5h_3	0	dcDNA	PC-12_1.5h_3	viral_read.count	0.00258397932816537	0.00447558348209012	1.73205080756888	cluster_1
UL30	E	12h	12	C6	C6_dcDNA_12h	LT934125.1	+	56266	C6_12h_1	5.33181672768635e-05	dcDNA	C6_12h_1	viral_read.count	0.00011962934821667	5.82990780073813e-05	0.487330900623077	cluster_1
UL30	E	12h	12	C6	C6_dcDNA_12h	LT934125.1	+	49131	C6_12h_2	0.000162829985141764	dcDNA	C6_12h_2	viral_read.count	0.00011962934821667	5.82990780073813e-05	0.487330900623077	cluster_1
UL30	E	12h	12	C6	C6_dcDNA_12h	LT934125.1	+	28023	C6_12h_3	0.000142739892231381	dcDNA	C6_12h_3	viral_read.count	0.00011962934821667	5.82990780073813e-05	0.487330900623077	cluster_1
UL30	E	12h	12	PC-12	PC-12_dcDNA_12h	LT934125.1	+	40118	PC-12_12h_1	0	dcDNA	PC-12_12h_1	viral_read.count	5.18435568827507e-06	8.97956745660113e-06	1.73205080756888	cluster_1
UL30	E	12h	12	PC-12	PC-12_dcDNA_12h	LT934125.1	+	64296	PC-12_12h_2	1.55530670648252e-05	dcDNA	PC-12_12h_2	viral_read.count	5.18435568827507e-06	8.97956745660113e-06	1.73205080756888	cluster_1
UL30	E	12h	12	PC-12	PC-12_dcDNA_12h	LT934125.1	+	35654	PC-12_12h_3	0	dcDNA	PC-12_12h_3	viral_read.count	5.18435568827507e-06	8.97956745660113e-06	1.73205080756888	cluster_1
UL30	E	12h	12	PK-15	PK-15_dcDNA_12h	LT934125.1	+	137055	PK-15_12h_1	3.64817044252308e-05	dcDNA	PK-15_12h_1	viral_read.count	1.43071311723472e-05	1.94718045673847e-05	1.36098595398495	cluster_1
UL30	E	12h	12	PK-15	PK-15_dcDNA_12h	LT934125.1	+	155287	PK-15_12h_2	6.43968909181065e-06	dcDNA	PK-15_12h_2	viral_read.count	1.43071311723472e-05	1.94718045673847e-05	1.36098595398495	cluster_1
UL30	E	12h	12	PK-15	PK-15_dcDNA_12h	LT934125.1	+	135039	PK-15_12h_3	0	dcDNA	PK-15_12h_3	viral_read.count	1.43071311723472e-05	1.94718045673847e-05	1.36098595398495	cluster_1
UL30	E	1h	1	C6	C6_dcDNA_1h	LT934125.1	+	246	C6_1h_1	0.0121951219512195	dcDNA	C6_1h_1	viral_read.count	0.00733301450661565	0.00646214253426089	0.881239567769969	cluster_1
UL30	E	1h	1	C6	C6_dcDNA_1h	LT934125.1	+	240	C6_1h_2	0	dcDNA	C6_1h_2	viral_read.count	0.00733301450661565	0.00646214253426089	0.881239567769969	cluster_1
UL30	E	1h	1	C6	C6_dcDNA_1h	LT934125.1	+	102	C6_1h_3	0.00980392156862745	dcDNA	C6_1h_3	viral_read.count	0.00733301450661565	0.00646214253426089	0.881239567769969	cluster_1
UL30	E	1h	1	NRK	NRK_dcDNA_1h	LT934125.1	+	25	NRK_1h_1	0	dcDNA	NRK_1h_1	viral_read.count	0	0		cluster_1
UL30	E	1h	1	NRK	NRK_dcDNA_1h	LT934125.1	+	54	NRK_1h_2	0	dcDNA	NRK_1h_2	viral_read.count	0	0		cluster_1
UL30	E	1h	1	NRK	NRK_dcDNA_1h	LT934125.1	+	20	NRK_1h_3	0	dcDNA	NRK_1h_3	viral_read.count	0	0		cluster_1
UL30	E	1h	1	PC-12	PC-12_dcDNA_1h	LT934125.1	+	154	PC-12_1h_1	0	dcDNA	PC-12_1h_1	viral_read.count	0.00210970464135021	0.00365411562778244	1.73205080756888	cluster_1
UL30	E	1h	1	PC-12	PC-12_dcDNA_1h	LT934125.1	+	93	PC-12_1h_2	0	dcDNA	PC-12_1h_2	viral_read.count	0.00210970464135021	0.00365411562778244	1.73205080756888	cluster_1
UL30	E	1h	1	PC-12	PC-12_dcDNA_1h	LT934125.1	+	158	PC-12_1h_3	0.00632911392405063	dcDNA	PC-12_1h_3	viral_read.count	0.00210970464135021	0.00365411562778244	1.73205080756888	cluster_1
UL30	E	1h	1	PK-15	PK-15_dcDNA_1h	LT934125.1	+	129	PK-15_1h_1	0	dcDNA	PK-15_1h_1	viral_read.count	0	0		cluster_1
UL30	E	1h	1	PK-15	PK-15_dcDNA_1h	LT934125.1	+	76	PK-15_1h_2	0	dcDNA	PK-15_1h_2	viral_read.count	0	0		cluster_1
UL30	E	1h	1	PK-15	PK-15_dcDNA_1h	LT934125.1	+	52	PK-15_1h_3	0	dcDNA	PK-15_1h_3	viral_read.count	0	0		cluster_1
UL30	E	2.5h	2.5	PC-12	PC-12_dcDNA_2.5h	LT934125.1	+	478	PC-12_2.5h_1	0	dcDNA	PC-12_2.5h_1	viral_read.count	0	0		cluster_1
UL30	E	2.5h	2.5	PC-12	PC-12_dcDNA_2.5h	LT934125.1	+	231	PC-12_2.5h_2	0	dcDNA	PC-12_2.5h_2	viral_read.count	0	0		cluster_1
UL30	E	2.5h	2.5	PC-12	PC-12_dcDNA_2.5h	LT934125.1	+	545	PC-12_2.5h_3	0	dcDNA	PC-12_2.5h_3	viral_read.count	0	0		cluster_1
UL30	E	2h	2	C6	C6_dcDNA_2h	LT934125.1	+	243	C6_2h_1	0	dcDNA	C6_2h_1	viral_read.count	0	0		cluster_1
UL30	E	2h	2	C6	C6_dcDNA_2h	LT934125.1	+	468	C6_2h_2	0	dcDNA	C6_2h_2	viral_read.count	0	0		cluster_1
UL30	E	2h	2	NRK	NRK_dcDNA_2h	LT934125.1	+	99	NRK_2h_1	0	dcDNA	NRK_2h_1	viral_read.count	0	0		cluster_1
UL30	E	2h	2	NRK	NRK_dcDNA_2h	LT934125.1	+	71	NRK_2h_2	0	dcDNA	NRK_2h_2	viral_read.count	0	0		cluster_1
UL30	E	2h	2	NRK	NRK_dcDNA_2h	LT934125.1	+	122	NRK_2h_3	0	dcDNA	NRK_2h_3	viral_read.count	0	0		cluster_1
UL30	E	2h	2	PC-12	PC-12_dcDNA_2h	LT934125.1	+	439	PC-12_2h_1	0.00455580865603645	dcDNA	PC-12_2h_1	viral_read.count	0.00284398393239651	0.00247995695186094	0.872001041781969	cluster_1
UL30	E	2h	2	PC-12	PC-12_dcDNA_2h	LT934125.1	+	399	PC-12_2h_2	0	dcDNA	PC-12_2h_2	viral_read.count	0.00284398393239651	0.00247995695186094	0.872001041781969	cluster_1
UL30	E	2h	2	PC-12	PC-12_dcDNA_2h	LT934125.1	+	503	PC-12_2h_3	0.00397614314115308	dcDNA	PC-12_2h_3	viral_read.count	0.00284398393239651	0.00247995695186094	0.872001041781969	cluster_1
UL30	E	2h	2	PK-15	PK-15_dcDNA_2h	LT934125.1	+	482	PK-15_2h_1	0	dcDNA	PK-15_2h_1	viral_read.count	0.00184786616048386	0.00269342895120559	1.45758876308461	cluster_1
UL30	E	2h	2	PK-15	PK-15_dcDNA_2h	LT934125.1	+	405	PK-15_2h_2	0.00493827160493827	dcDNA	PK-15_2h_2	viral_read.count	0.00184786616048386	0.00269342895120559	1.45758876308461	cluster_1
UL30	E	2h	2	PK-15	PK-15_dcDNA_2h	LT934125.1	+	1652	PK-15_2h_3	0.000605326876513317	dcDNA	PK-15_2h_3	viral_read.count	0.00184786616048386	0.00269342895120559	1.45758876308461	cluster_1
UL30	E	4h	4	C6	C6_dcDNA_4h	LT934125.1	+	680	C6_4h_1	0	dcDNA	C6_4h_1	viral_read.count	0	0		cluster_1
UL30	E	4h	4	C6	C6_dcDNA_4h	LT934125.1	+	686	C6_4h_2	0	dcDNA	C6_4h_2	viral_read.count	0	0		cluster_1
UL30	E	4h	4	C6	C6_dcDNA_4h	LT934125.1	+	312	C6_4h_3	0	dcDNA	C6_4h_3	viral_read.count	0	0		cluster_1
UL30	E	4h	4	PC-12	PC-12_dcDNA_4h	LT934125.1	+	2800	PC-12_4h_1	0.000714285714285714	dcDNA	PC-12_4h_1	viral_read.count	0.000364071554547745	0.000357344429019607	0.981522518186033	cluster_1
UL30	E	4h	4	PC-12	PC-12_dcDNA_4h	LT934125.1	+	2646	PC-12_4h_2	0.000377928949357521	dcDNA	PC-12_4h_2	viral_read.count	0.000364071554547745	0.000357344429019607	0.981522518186033	cluster_1
UL30	E	4h	4	PC-12	PC-12_dcDNA_4h	LT934125.1	+	2996	PC-12_4h_3	0	dcDNA	PC-12_4h_3	viral_read.count	0.000364071554547745	0.000357344429019607	0.981522518186033	cluster_1
UL30	E	4h	4	PK-15	PK-15_dcDNA_4h	LT934125.1	+	7826	PK-15_4h_1	0.000638895987733197	dcDNA	PK-15_4h_1	viral_read.count	0.000263219110841464	0.000333964193655783	1.26876879337583	cluster_1
UL30	E	4h	4	PK-15	PK-15_dcDNA_4h	LT934125.1	+	8046	PK-15_4h_2	0	dcDNA	PK-15_4h_2	viral_read.count	0.000263219110841464	0.000333964193655783	1.26876879337583	cluster_1
UL30	E	4h	4	PK-15	PK-15_dcDNA_4h	LT934125.1	+	6633	PK-15_4h_3	0.000150761344791196	dcDNA	PK-15_4h_3	viral_read.count	0.000263219110841464	0.000333964193655783	1.26876879337583	cluster_1
UL30	E	6h	6	C6	C6_dcDNA_6h	LT934125.1	+	2759	C6_6h_1	0.000724900326205147	dcDNA	C6_6h_1	viral_read.count	0.000871890299823842	0.000719764723048212	0.825522113497115	cluster_1
UL30	E	6h	6	C6	C6_dcDNA_6h	LT934125.1	+	4220	C6_6h_2	0.00023696682464455	dcDNA	C6_6h_2	viral_read.count	0.000871890299823842	0.000719764723048212	0.825522113497115	cluster_1
UL30	E	6h	6	C6	C6_dcDNA_6h	LT934125.1	+	3628	C6_6h_3	0.00165380374862183	dcDNA	C6_6h_3	viral_read.count	0.000871890299823842	0.000719764723048212	0.825522113497115	cluster_1
UL30	E	6h	6	PC-12	PC-12_dcDNA_6h	LT934125.1	+	7517	PC-12_6h_1	0.000532127178395637	dcDNA	PC-12_6h_1	viral_read.count	0.000283298428360989	0.000215809742577315	0.761775290550933	cluster_1
UL30	E	6h	6	PC-12	PC-12_dcDNA_6h	LT934125.1	+	13589	PC-12_6h_2	0.000147177864449187	dcDNA	PC-12_6h_2	viral_read.count	0.000283298428360989	0.000215809742577315	0.761775290550933	cluster_1
UL30	E	6h	6	PC-12	PC-12_dcDNA_6h	LT934125.1	+	11724	PC-12_6h_3	0.000170590242238144	dcDNA	PC-12_6h_3	viral_read.count	0.000283298428360989	0.000215809742577315	0.761775290550933	cluster_1
UL30	E	6h	6	PK-15	PK-15_dcDNA_6h	LT934125.1	+	37872	PK-15_6h_1	5.28094634558513e-05	dcDNA	PK-15_6h_1	viral_read.count	7.69785255813531e-05	9.14895389200899e-05	1.18850729121073	cluster_1
UL30	E	6h	6	PK-15	PK-15_dcDNA_6h	LT934125.1	+	30337	PK-15_6h_2	0	dcDNA	PK-15_6h_2	viral_read.count	7.69785255813531e-05	9.14895389200899e-05	1.18850729121073	cluster_1
UL30	E	6h	6	PK-15	PK-15_dcDNA_6h	LT934125.1	+	44912	PK-15_6h_3	0.000178126113288208	dcDNA	PK-15_6h_3	viral_read.count	7.69785255813531e-05	9.14895389200899e-05	1.18850729121073	cluster_1
UL30	E	8h	8	C6	C6_dcDNA_8h	LT934125.1	+	10124	C6_8h_1	0.000395100750691426	dcDNA	C6_8h_1	viral_read.count	0.000249416553938539	0.000217017170391425	0.87009930561747	cluster_1
UL30	E	8h	8	C6	C6_dcDNA_8h	LT934125.1	+	10414	C6_8h_2	0	dcDNA	C6_8h_2	viral_read.count	0.000249416553938539	0.000217017170391425	0.87009930561747	cluster_1
UL30	E	8h	8	C6	C6_dcDNA_8h	LT934125.1	+	8495	C6_8h_3	0.000353148911124191	dcDNA	C6_8h_3	viral_read.count	0.000249416553938539	0.000217017170391425	0.87009930561747	cluster_1
UL30	E	8h	8	PC-12	PC-12_dcDNA_8h	LT934125.1	+	14035	PC-12_8h_1	0	dcDNA	PC-12_8h_1	viral_read.count	0.000191277735271615	0.000270507567401128	1.4142135623731	cluster_1
UL30	E	8h	8	PC-12	PC-12_dcDNA_8h	LT934125.1	+	15684	PC-12_8h_2	0.000382555470543229	dcDNA	PC-12_8h_2	viral_read.count	0.000191277735271615	0.000270507567401128	1.4142135623731	cluster_1
UL30	E	8h	8	PK-15	PK-15_dcDNA_8h	LT934125.1	+	69419	PK-15_8h_1	0.000288105561877872	dcDNA	PK-15_8h_1	viral_read.count	0.000205006269509534	0.000116959824488753	0.57051828106805	cluster_1
UL30	E	8h	8	PK-15	PK-15_dcDNA_8h	LT934125.1	+	74319	PK-15_8h_2	0.000255654677807828	dcDNA	PK-15_8h_2	viral_read.count	0.000205006269509534	0.000116959824488753	0.57051828106805	cluster_1
UL30	E	8h	8	PK-15	PK-15_dcDNA_8h	LT934125.1	+	70167	PK-15_8h_3	7.12585688429034e-05	dcDNA	PK-15_8h_3	viral_read.count	0.000205006269509534	0.000116959824488753	0.57051828106805	cluster_1
UL31	L	""		C6	C6_dRNA	LT934125.1	-	3	C6_dRNA	0	dcDNA	C6_dRNA	viral_read.count	0			cluster_6
UL31	L	""		PC-12	PC-12_dRNA	LT934125.1	-	20	PC-12_dRNA	0	dcDNA	PC-12_dRNA	viral_read.count	0			cluster_6
UL31	L	""		PK-15	PK-15_dRNA	LT934125.1	-	68	PK-15_dRNA	0	dcDNA	PK-15_dRNA	viral_read.count	0			cluster_6
UL31	L	0.5h	0.5	PC-12	PC-12_dcDNA_0.5h	LT934125.1	-	13	PC-12_0.5h_1	0	dcDNA	PC-12_0.5h_1	viral_read.count	0	0		cluster_6
UL31	L	0.5h	0.5	PC-12	PC-12_dcDNA_0.5h	LT934125.1	-	13	PC-12_0.5h_2	0	dcDNA	PC-12_0.5h_2	viral_read.count	0	0		cluster_6
UL31	L	0.5h	0.5	PC-12	PC-12_dcDNA_0.5h	LT934125.1	-	2	PC-12_0.5h_3	0	dcDNA	PC-12_0.5h_3	viral_read.count	0	0		cluster_6
UL31	L	1.5h	1.5	PC-12	PC-12_dcDNA_1.5h	LT934125.1	-	138	PC-12_1.5h_1	0.0217391304347826	dcDNA	PC-12_1.5h_1	viral_read.count	0.00983035613975957	0.0110175911403636	1.12077232846145	cluster_6
UL31	L	1.5h	1.5	PC-12	PC-12_dcDNA_1.5h	LT934125.1	-	129	PC-12_1.5h_2	0.00775193798449612	dcDNA	PC-12_1.5h_2	viral_read.count	0.00983035613975957	0.0110175911403636	1.12077232846145	cluster_6
UL31	L	1.5h	1.5	PC-12	PC-12_dcDNA_1.5h	LT934125.1	-	152	PC-12_1.5h_3	0	dcDNA	PC-12_1.5h_3	viral_read.count	0.00983035613975957	0.0110175911403636	1.12077232846145	cluster_6
UL31	L	12h	12	C6	C6_dcDNA_12h	LT934125.1	-	56266	C6_12h_1	0.0275299470372872	dcDNA	C6_12h_1	viral_read.count	0.024617357670686	0.00373105941448809	0.151562140193908	cluster_6
UL31	L	12h	12	C6	C6_dcDNA_12h	LT934125.1	-	49131	C6_12h_2	0.0259103213856832	dcDNA	C6_12h_2	viral_read.count	0.024617357670686	0.00373105941448809	0.151562140193908	cluster_6
UL31	L	12h	12	C6	C6_dcDNA_12h	LT934125.1	-	28023	C6_12h_3	0.0204118045890875	dcDNA	C6_12h_3	viral_read.count	0.024617357670686	0.00373105941448809	0.151562140193908	cluster_6
UL31	L	12h	12	PC-12	PC-12_dcDNA_12h	LT934125.1	-	40118	PC-12_12h_1	0.0309088189839972	dcDNA	PC-12_12h_1	viral_read.count	0.0293373470833527	0.00274461757842239	0.0935537071782407	cluster_6
UL31	L	12h	12	PC-12	PC-12_dcDNA_12h	LT934125.1	-	64296	PC-12_12h_2	0.0309350503919373	dcDNA	PC-12_12h_2	viral_read.count	0.0293373470833527	0.00274461757842239	0.0935537071782407	cluster_6
UL31	L	12h	12	PC-12	PC-12_dcDNA_12h	LT934125.1	-	35654	PC-12_12h_3	0.0261681718741235	dcDNA	PC-12_12h_3	viral_read.count	0.0293373470833527	0.00274461757842239	0.0935537071782407	cluster_6
UL31	L	12h	12	PK-15	PK-15_dcDNA_12h	LT934125.1	-	137055	PK-15_12h_1	0.033840429024844	dcDNA	PK-15_12h_1	viral_read.count	0.0285360687243276	0.00958057891501515	0.335735766813861	cluster_6
UL31	L	12h	12	PK-15	PK-15_dcDNA_12h	LT934125.1	-	155287	PK-15_12h_2	0.0342913444138917	dcDNA	PK-15_12h_2	viral_read.count	0.0285360687243276	0.00958057891501515	0.335735766813861	cluster_6
UL31	L	12h	12	PK-15	PK-15_dcDNA_12h	LT934125.1	-	135039	PK-15_12h_3	0.0174764327342471	dcDNA	PK-15_12h_3	viral_read.count	0.0285360687243276	0.00958057891501515	0.335735766813861	cluster_6
UL31	L	1h	1	C6	C6_dcDNA_1h	LT934125.1	-	246	C6_1h_1	0.0040650406504065	dcDNA	C6_1h_1	viral_read.count	0.00740076518412243	0.00298093124091652	0.402786896591693	cluster_6
UL31	L	1h	1	C6	C6_dcDNA_1h	LT934125.1	-	240	C6_1h_2	0.00833333333333333	dcDNA	C6_1h_2	viral_read.count	0.00740076518412243	0.00298093124091652	0.402786896591693	cluster_6
UL31	L	1h	1	C6	C6_dcDNA_1h	LT934125.1	-	102	C6_1h_3	0.00980392156862745	dcDNA	C6_1h_3	viral_read.count	0.00740076518412243	0.00298093124091652	0.402786896591693	cluster_6
UL31	L	1h	1	NRK	NRK_dcDNA_1h	LT934125.1	-	25	NRK_1h_1	0	dcDNA	NRK_1h_1	viral_read.count	0	0		cluster_6
UL31	L	1h	1	NRK	NRK_dcDNA_1h	LT934125.1	-	54	NRK_1h_2	0	dcDNA	NRK_1h_2	viral_read.count	0	0		cluster_6
UL31	L	1h	1	NRK	NRK_dcDNA_1h	LT934125.1	-	20	NRK_1h_3	0	dcDNA	NRK_1h_3	viral_read.count	0	0		cluster_6
UL31	L	1h	1	PC-12	PC-12_dcDNA_1h	LT934125.1	-	154	PC-12_1h_1	0	dcDNA	PC-12_1h_1	viral_read.count	0	0		cluster_6
UL31	L	1h	1	PC-12	PC-12_dcDNA_1h	LT934125.1	-	93	PC-12_1h_2	0	dcDNA	PC-12_1h_2	viral_read.count	0	0		cluster_6
UL31	L	1h	1	PC-12	PC-12_dcDNA_1h	LT934125.1	-	158	PC-12_1h_3	0	dcDNA	PC-12_1h_3	viral_read.count	0	0		cluster_6
UL31	L	1h	1	PK-15	PK-15_dcDNA_1h	LT934125.1	-	129	PK-15_1h_1	0	dcDNA	PK-15_1h_1	viral_read.count	0	0		cluster_6
UL31	L	1h	1	PK-15	PK-15_dcDNA_1h	LT934125.1	-	76	PK-15_1h_2	0	dcDNA	PK-15_1h_2	viral_read.count	0	0		cluster_6
UL31	L	1h	1	PK-15	PK-15_dcDNA_1h	LT934125.1	-	52	PK-15_1h_3	0	dcDNA	PK-15_1h_3	viral_read.count	0	0		cluster_6
UL31	L	2.5h	2.5	PC-12	PC-12_dcDNA_2.5h	LT934125.1	-	478	PC-12_2.5h_1	0.0167364016736402	dcDNA	PC-12_2.5h_1	viral_read.count	0.014408910305421	0.00454254925277046	0.315259735572192	cluster_6
UL31	L	2.5h	2.5	PC-12	PC-12_dcDNA_2.5h	LT934125.1	-	231	PC-12_2.5h_2	0.0173160173160173	dcDNA	PC-12_2.5h_2	viral_read.count	0.014408910305421	0.00454254925277046	0.315259735572192	cluster_6
UL31	L	2.5h	2.5	PC-12	PC-12_dcDNA_2.5h	LT934125.1	-	545	PC-12_2.5h_3	0.0091743119266055	dcDNA	PC-12_2.5h_3	viral_read.count	0.014408910305421	0.00454254925277046	0.315259735572192	cluster_6
UL31	L	2h	2	C6	C6_dcDNA_2h	LT934125.1	-	243	C6_2h_1	0.00823045267489712	dcDNA	C6_2h_1	viral_read.count	0.0126622348844571	0.00626748650624354	0.494974746830583	cluster_6
UL31	L	2h	2	C6	C6_dcDNA_2h	LT934125.1	-	468	C6_2h_2	0.0170940170940171	dcDNA	C6_2h_2	viral_read.count	0.0126622348844571	0.00626748650624354	0.494974746830583	cluster_6
UL31	L	2h	2	NRK	NRK_dcDNA_2h	LT934125.1	-	99	NRK_2h_1	0.0202020202020202	dcDNA	NRK_2h_1	viral_read.count	0.0168933232890748	0.00308923976493459	0.182867498127645	cluster_6
UL31	L	2h	2	NRK	NRK_dcDNA_2h	LT934125.1	-	71	NRK_2h_2	0.0140845070422535	dcDNA	NRK_2h_2	viral_read.count	0.0168933232890748	0.00308923976493459	0.182867498127645	cluster_6
UL31	L	2h	2	NRK	NRK_dcDNA_2h	LT934125.1	-	122	NRK_2h_3	0.0163934426229508	dcDNA	NRK_2h_3	viral_read.count	0.0168933232890748	0.00308923976493459	0.182867498127645	cluster_6
UL31	L	2h	2	PC-12	PC-12_dcDNA_2h	LT934125.1	-	439	PC-12_2h_1	0.0159453302961276	dcDNA	PC-12_2h_1	viral_read.count	0.0123157129976065	0.00551925213767907	0.448147187154467	cluster_6
UL31	L	2h	2	PC-12	PC-12_dcDNA_2h	LT934125.1	-	399	PC-12_2h_2	0.0150375939849624	dcDNA	PC-12_2h_2	viral_read.count	0.0123157129976065	0.00551925213767907	0.448147187154467	cluster_6
UL31	L	2h	2	PC-12	PC-12_dcDNA_2h	LT934125.1	-	503	PC-12_2h_3	0.00596421471172962	dcDNA	PC-12_2h_3	viral_read.count	0.0123157129976065	0.00551925213767907	0.448147187154467	cluster_6
UL31	L	2h	2	PK-15	PK-15_dcDNA_2h	LT934125.1	-	482	PK-15_2h_1	0.004149377593361	dcDNA	PK-15_2h_1	viral_read.count	0.00583813239102328	0.004459982055182	0.763939862350445	cluster_6
UL31	L	2h	2	PK-15	PK-15_dcDNA_2h	LT934125.1	-	405	PK-15_2h_2	0.00246913580246914	dcDNA	PK-15_2h_2	viral_read.count	0.00583813239102328	0.004459982055182	0.763939862350445	cluster_6
UL31	L	2h	2	PK-15	PK-15_dcDNA_2h	LT934125.1	-	1652	PK-15_2h_3	0.0108958837772397	dcDNA	PK-15_2h_3	viral_read.count	0.00583813239102328	0.004459982055182	0.763939862350445	cluster_6
UL31	L	4h	4	C6	C6_dcDNA_4h	LT934125.1	-	680	C6_4h_1	0.0176470588235294	dcDNA	C6_4h_1	viral_read.count	0.0259914954992986	0.0110034590503849	0.423348439133942	cluster_6
UL31	L	4h	4	C6	C6_dcDNA_4h	LT934125.1	-	686	C6_4h_2	0.021865889212828	dcDNA	C6_4h_2	viral_read.count	0.0259914954992986	0.0110034590503849	0.423348439133942	cluster_6
UL31	L	4h	4	C6	C6_dcDNA_4h	LT934125.1	-	312	C6_4h_3	0.0384615384615385	dcDNA	C6_4h_3	viral_read.count	0.0259914954992986	0.0110034590503849	0.423348439133942	cluster_6
UL31	L	4h	4	PC-12	PC-12_dcDNA_4h	LT934125.1	-	2800	PC-12_4h_1	0.0142857142857143	dcDNA	PC-12_4h_1	viral_read.count	0.0154227977102921	0.00117310233235774	0.0760628748683443	cluster_6
UL31	L	4h	4	PC-12	PC-12_dcDNA_4h	LT934125.1	-	2646	PC-12_4h_2	0.0166288737717309	dcDNA	PC-12_4h_2	viral_read.count	0.0154227977102921	0.00117310233235774	0.0760628748683443	cluster_6
UL31	L	4h	4	PC-12	PC-12_dcDNA_4h	LT934125.1	-	2996	PC-12_4h_3	0.0153538050734312	dcDNA	PC-12_4h_3	viral_read.count	0.0154227977102921	0.00117310233235774	0.0760628748683443	cluster_6
UL31	L	4h	4	PK-15	PK-15_dcDNA_4h	LT934125.1	-	7826	PK-15_4h_1	0.0327114745719397	dcDNA	PK-15_4h_1	viral_read.count	0.0294373520555705	0.00396667012139031	0.134749556070879	cluster_6
UL31	L	4h	4	PK-15	PK-15_dcDNA_4h	LT934125.1	-	8046	PK-15_4h_2	0.0305741983594333	dcDNA	PK-15_4h_2	viral_read.count	0.0294373520555705	0.00396667012139031	0.134749556070879	cluster_6
UL31	L	4h	4	PK-15	PK-15_dcDNA_4h	LT934125.1	-	6633	PK-15_4h_3	0.0250263832353385	dcDNA	PK-15_4h_3	viral_read.count	0.0294373520555705	0.00396667012139031	0.134749556070879	cluster_6
UL31	L	6h	6	C6	C6_dcDNA_6h	LT934125.1	-	2759	C6_6h_1	0.0275462123957956	dcDNA	C6_6h_1	viral_read.count	0.0236429690953287	0.00361967429327172	0.153097281423376	cluster_6
UL31	L	6h	6	C6	C6_dcDNA_6h	LT934125.1	-	4220	C6_6h_2	0.0229857819905213	dcDNA	C6_6h_2	viral_read.count	0.0236429690953287	0.00361967429327172	0.153097281423376	cluster_6
UL31	L	6h	6	C6	C6_dcDNA_6h	LT934125.1	-	3628	C6_6h_3	0.0203969128996692	dcDNA	C6_6h_3	viral_read.count	0.0236429690953287	0.00361967429327172	0.153097281423376	cluster_6
UL31	L	6h	6	PC-12	PC-12_dcDNA_6h	LT934125.1	-	7517	PC-12_6h_1	0.0162298789410669	dcDNA	PC-12_6h_1	viral_read.count	0.0175726773548318	0.00124178855330401	0.0706658711264947	cluster_6
UL31	L	6h	6	PC-12	PC-12_dcDNA_6h	LT934125.1	-	13589	PC-12_6h_2	0.0178085215983516	dcDNA	PC-12_6h_2	viral_read.count	0.0175726773548318	0.00124178855330401	0.0706658711264947	cluster_6
UL31	L	6h	6	PC-12	PC-12_dcDNA_6h	LT934125.1	-	11724	PC-12_6h_3	0.0186796315250768	dcDNA	PC-12_6h_3	viral_read.count	0.0175726773548318	0.00124178855330401	0.0706658711264947	cluster_6
UL31	L	6h	6	PK-15	PK-15_dcDNA_6h	LT934125.1	-	37872	PK-15_6h_1	0.0249788762146177	dcDNA	PK-15_6h_1	viral_read.count	0.0273781800511775	0.00386775301092635	0.141271370255307	cluster_6
UL31	L	6h	6	PK-15	PK-15_dcDNA_6h	LT934125.1	-	30337	PK-15_6h_2	0.0253156211886475	dcDNA	PK-15_6h_2	viral_read.count	0.0273781800511775	0.00386775301092635	0.141271370255307	cluster_6
UL31	L	6h	6	PK-15	PK-15_dcDNA_6h	LT934125.1	-	44912	PK-15_6h_3	0.0318400427502672	dcDNA	PK-15_6h_3	viral_read.count	0.0273781800511775	0.00386775301092635	0.141271370255307	cluster_6
UL31	L	8h	8	C6	C6_dcDNA_8h	LT934125.1	-	10124	C6_8h_1	0.0287435796128013	dcDNA	C6_8h_1	viral_read.count	0.0285431111397789	0.00114592207750048	0.0401470628723254	cluster_6
UL31	L	8h	8	C6	C6_dcDNA_8h	LT934125.1	-	10414	C6_8h_2	0.0295755713462646	dcDNA	C6_8h_2	viral_read.count	0.0285431111397789	0.00114592207750048	0.0401470628723254	cluster_6
UL31	L	8h	8	C6	C6_dcDNA_8h	LT934125.1	-	8495	C6_8h_3	0.0273101824602708	dcDNA	C6_8h_3	viral_read.count	0.0285431111397789	0.00114592207750048	0.0401470628723254	cluster_6
UL31	L	8h	8	PC-12	PC-12_dcDNA_8h	LT934125.1	-	14035	PC-12_8h_1	0.0277164232276452	dcDNA	PC-12_8h_1	viral_read.count	0.0328903462733483	0.00731703214190796	0.222467470579266	cluster_6
UL31	L	8h	8	PC-12	PC-12_dcDNA_8h	LT934125.1	-	15684	PC-12_8h_2	0.0380642693190513	dcDNA	PC-12_8h_2	viral_read.count	0.0328903462733483	0.00731703214190796	0.222467470579266	cluster_6
UL31	L	8h	8	PK-15	PK-15_dcDNA_8h	LT934125.1	-	69419	PK-15_8h_1	0.0338956193549317	dcDNA	PK-15_8h_1	viral_read.count	0.0340736106432242	0.00144889439645267	0.0425224791004293	cluster_6
UL31	L	8h	8	PK-15	PK-15_dcDNA_8h	LT934125.1	-	74319	PK-15_8h_2	0.0356032777620797	dcDNA	PK-15_8h_2	viral_read.count	0.0340736106432242	0.00144889439645267	0.0425224791004293	cluster_6
UL31	L	8h	8	PK-15	PK-15_dcDNA_8h	LT934125.1	-	70167	PK-15_8h_3	0.0327219348126612	dcDNA	PK-15_8h_3	viral_read.count	0.0340736106432242	0.00144889439645267	0.0425224791004293	cluster_6
UL32	L	""		C6	C6_dRNA	LT934125.1	-	3	C6_dRNA	0	dcDNA	C6_dRNA	viral_read.count	0			cluster_1
UL32	L	""		PC-12	PC-12_dRNA	LT934125.1	-	20	PC-12_dRNA	0	dcDNA	PC-12_dRNA	viral_read.count	0			cluster_1
UL32	L	""		PK-15	PK-15_dRNA	LT934125.1	-	68	PK-15_dRNA	0	dcDNA	PK-15_dRNA	viral_read.count	0			cluster_1
UL32	L	0.5h	0.5	PC-12	PC-12_dcDNA_0.5h	LT934125.1	-	13	PC-12_0.5h_1	0	dcDNA	PC-12_0.5h_1	viral_read.count	0	0		cluster_1
UL32	L	0.5h	0.5	PC-12	PC-12_dcDNA_0.5h	LT934125.1	-	13	PC-12_0.5h_2	0	dcDNA	PC-12_0.5h_2	viral_read.count	0	0		cluster_1
UL32	L	0.5h	0.5	PC-12	PC-12_dcDNA_0.5h	LT934125.1	-	2	PC-12_0.5h_3	0	dcDNA	PC-12_0.5h_3	viral_read.count	0	0		cluster_1
UL32	L	1.5h	1.5	PC-12	PC-12_dcDNA_1.5h	LT934125.1	-	138	PC-12_1.5h_1	0	dcDNA	PC-12_1.5h_1	viral_read.count	0	0		cluster_1
UL32	L	1.5h	1.5	PC-12	PC-12_dcDNA_1.5h	LT934125.1	-	129	PC-12_1.5h_2	0	dcDNA	PC-12_1.5h_2	viral_read.count	0	0		cluster_1
UL32	L	1.5h	1.5	PC-12	PC-12_dcDNA_1.5h	LT934125.1	-	152	PC-12_1.5h_3	0	dcDNA	PC-12_1.5h_3	viral_read.count	0	0		cluster_1
UL32	L	12h	12	C6	C6_dcDNA_12h	LT934125.1	-	56266	C6_12h_1	5.33181672768635e-05	dcDNA	C6_12h_1	viral_read.count	4.49110532825818e-05	4.13534754055064e-05	0.920786140224969	cluster_1
UL32	L	12h	12	C6	C6_dcDNA_12h	LT934125.1	-	49131	C6_12h_2	8.14149925708819e-05	dcDNA	C6_12h_2	viral_read.count	4.49110532825818e-05	4.13534754055064e-05	0.920786140224969	cluster_1
UL32	L	12h	12	C6	C6_dcDNA_12h	LT934125.1	-	28023	C6_12h_3	0	dcDNA	C6_12h_3	viral_read.count	4.49110532825818e-05	4.13534754055064e-05	0.920786140224969	cluster_1
UL32	L	12h	12	PC-12	PC-12_dcDNA_12h	LT934125.1	-	40118	PC-12_12h_1	0	dcDNA	PC-12_12h_1	viral_read.count	0	0		cluster_1
UL32	L	12h	12	PC-12	PC-12_dcDNA_12h	LT934125.1	-	64296	PC-12_12h_2	0	dcDNA	PC-12_12h_2	viral_read.count	0	0		cluster_1
UL32	L	12h	12	PC-12	PC-12_dcDNA_12h	LT934125.1	-	35654	PC-12_12h_3	0	dcDNA	PC-12_12h_3	viral_read.count	0	0		cluster_1
UL32	L	12h	12	PK-15	PK-15_dcDNA_12h	LT934125.1	-	137055	PK-15_12h_1	0	dcDNA	PK-15_12h_1	viral_read.count	1.28793781836213e-05	2.23077373839263e-05	1.73205080756888	cluster_1
UL32	L	12h	12	PK-15	PK-15_dcDNA_12h	LT934125.1	-	155287	PK-15_12h_2	3.86381345508639e-05	dcDNA	PK-15_12h_2	viral_read.count	1.28793781836213e-05	2.23077373839263e-05	1.73205080756888	cluster_1
UL32	L	12h	12	PK-15	PK-15_dcDNA_12h	LT934125.1	-	135039	PK-15_12h_3	0	dcDNA	PK-15_12h_3	viral_read.count	1.28793781836213e-05	2.23077373839263e-05	1.73205080756888	cluster_1
UL32	L	1h	1	C6	C6_dcDNA_1h	LT934125.1	-	246	C6_1h_1	0	dcDNA	C6_1h_1	viral_read.count	0	0		cluster_1
UL32	L	1h	1	C6	C6_dcDNA_1h	LT934125.1	-	240	C6_1h_2	0	dcDNA	C6_1h_2	viral_read.count	0	0		cluster_1
UL32	L	1h	1	C6	C6_dcDNA_1h	LT934125.1	-	102	C6_1h_3	0	dcDNA	C6_1h_3	viral_read.count	0	0		cluster_1
UL32	L	1h	1	NRK	NRK_dcDNA_1h	LT934125.1	-	25	NRK_1h_1	0	dcDNA	NRK_1h_1	viral_read.count	0	0		cluster_1
UL32	L	1h	1	NRK	NRK_dcDNA_1h	LT934125.1	-	54	NRK_1h_2	0	dcDNA	NRK_1h_2	viral_read.count	0	0		cluster_1
UL32	L	1h	1	NRK	NRK_dcDNA_1h	LT934125.1	-	20	NRK_1h_3	0	dcDNA	NRK_1h_3	viral_read.count	0	0		cluster_1
UL32	L	1h	1	PC-12	PC-12_dcDNA_1h	LT934125.1	-	154	PC-12_1h_1	0	dcDNA	PC-12_1h_1	viral_read.count	0	0		cluster_1
UL32	L	1h	1	PC-12	PC-12_dcDNA_1h	LT934125.1	-	93	PC-12_1h_2	0	dcDNA	PC-12_1h_2	viral_read.count	0	0		cluster_1
UL32	L	1h	1	PC-12	PC-12_dcDNA_1h	LT934125.1	-	158	PC-12_1h_3	0	dcDNA	PC-12_1h_3	viral_read.count	0	0		cluster_1
UL32	L	1h	1	PK-15	PK-15_dcDNA_1h	LT934125.1	-	129	PK-15_1h_1	0	dcDNA	PK-15_1h_1	viral_read.count	0	0		cluster_1
UL32	L	1h	1	PK-15	PK-15_dcDNA_1h	LT934125.1	-	76	PK-15_1h_2	0	dcDNA	PK-15_1h_2	viral_read.count	0	0		cluster_1
UL32	L	1h	1	PK-15	PK-15_dcDNA_1h	LT934125.1	-	52	PK-15_1h_3	0	dcDNA	PK-15_1h_3	viral_read.count	0	0		cluster_1
UL32	L	2.5h	2.5	PC-12	PC-12_dcDNA_2.5h	LT934125.1	-	478	PC-12_2.5h_1	0	dcDNA	PC-12_2.5h_1	viral_read.count	0	0		cluster_1
UL32	L	2.5h	2.5	PC-12	PC-12_dcDNA_2.5h	LT934125.1	-	231	PC-12_2.5h_2	0	dcDNA	PC-12_2.5h_2	viral_read.count	0	0		cluster_1
UL32	L	2.5h	2.5	PC-12	PC-12_dcDNA_2.5h	LT934125.1	-	545	PC-12_2.5h_3	0	dcDNA	PC-12_2.5h_3	viral_read.count	0	0		cluster_1
UL32	L	2h	2	C6	C6_dcDNA_2h	LT934125.1	-	243	C6_2h_1	0	dcDNA	C6_2h_1	viral_read.count	0	0		cluster_1
UL32	L	2h	2	C6	C6_dcDNA_2h	LT934125.1	-	468	C6_2h_2	0	dcDNA	C6_2h_2	viral_read.count	0	0		cluster_1
UL32	L	2h	2	NRK	NRK_dcDNA_2h	LT934125.1	-	99	NRK_2h_1	0	dcDNA	NRK_2h_1	viral_read.count	0	0		cluster_1
UL32	L	2h	2	NRK	NRK_dcDNA_2h	LT934125.1	-	71	NRK_2h_2	0	dcDNA	NRK_2h_2	viral_read.count	0	0		cluster_1
UL32	L	2h	2	NRK	NRK_dcDNA_2h	LT934125.1	-	122	NRK_2h_3	0	dcDNA	NRK_2h_3	viral_read.count	0	0		cluster_1
UL32	L	2h	2	PC-12	PC-12_dcDNA_2h	LT934125.1	-	439	PC-12_2h_1	0	dcDNA	PC-12_2h_1	viral_read.count	0	0		cluster_1
UL32	L	2h	2	PC-12	PC-12_dcDNA_2h	LT934125.1	-	399	PC-12_2h_2	0	dcDNA	PC-12_2h_2	viral_read.count	0	0		cluster_1
UL32	L	2h	2	PC-12	PC-12_dcDNA_2h	LT934125.1	-	503	PC-12_2h_3	0	dcDNA	PC-12_2h_3	viral_read.count	0	0		cluster_1
UL32	L	2h	2	PK-15	PK-15_dcDNA_2h	LT934125.1	-	482	PK-15_2h_1	0	dcDNA	PK-15_2h_1	viral_read.count	0	0		cluster_1
UL32	L	2h	2	PK-15	PK-15_dcDNA_2h	LT934125.1	-	405	PK-15_2h_2	0	dcDNA	PK-15_2h_2	viral_read.count	0	0		cluster_1
UL32	L	2h	2	PK-15	PK-15_dcDNA_2h	LT934125.1	-	1652	PK-15_2h_3	0	dcDNA	PK-15_2h_3	viral_read.count	0	0		cluster_1
UL32	L	4h	4	C6	C6_dcDNA_4h	LT934125.1	-	680	C6_4h_1	0	dcDNA	C6_4h_1	viral_read.count	0	0		cluster_1
UL32	L	4h	4	C6	C6_dcDNA_4h	LT934125.1	-	686	C6_4h_2	0	dcDNA	C6_4h_2	viral_read.count	0	0		cluster_1
UL32	L	4h	4	C6	C6_dcDNA_4h	LT934125.1	-	312	C6_4h_3	0	dcDNA	C6_4h_3	viral_read.count	0	0		cluster_1
UL32	L	4h	4	PC-12	PC-12_dcDNA_4h	LT934125.1	-	2800	PC-12_4h_1	0	dcDNA	PC-12_4h_1	viral_read.count	0.000237235773506357	0.000206634768521973	0.871010157818529	cluster_1
UL32	L	4h	4	PC-12	PC-12_dcDNA_4h	LT934125.1	-	2646	PC-12_4h_2	0.000377928949357521	dcDNA	PC-12_4h_2	viral_read.count	0.000237235773506357	0.000206634768521973	0.871010157818529	cluster_1
UL32	L	4h	4	PC-12	PC-12_dcDNA_4h	LT934125.1	-	2996	PC-12_4h_3	0.000333778371161549	dcDNA	PC-12_4h_3	viral_read.count	0.000237235773506357	0.000206634768521973	0.871010157818529	cluster_1
UL32	L	4h	4	PK-15	PK-15_dcDNA_4h	LT934125.1	-	7826	PK-15_4h_1	0	dcDNA	PK-15_4h_1	viral_read.count	5.02537815970653e-05	8.7042102998587e-05	1.73205080756888	cluster_1
UL32	L	4h	4	PK-15	PK-15_dcDNA_4h	LT934125.1	-	8046	PK-15_4h_2	0	dcDNA	PK-15_4h_2	viral_read.count	5.02537815970653e-05	8.7042102998587e-05	1.73205080756888	cluster_1
UL32	L	4h	4	PK-15	PK-15_dcDNA_4h	LT934125.1	-	6633	PK-15_4h_3	0.000150761344791196	dcDNA	PK-15_4h_3	viral_read.count	5.02537815970653e-05	8.7042102998587e-05	1.73205080756888	cluster_1
UL32	L	6h	6	C6	C6_dcDNA_6h	LT934125.1	-	2759	C6_6h_1	0	dcDNA	C6_6h_1	viral_read.count	0	0		cluster_1
UL32	L	6h	6	C6	C6_dcDNA_6h	LT934125.1	-	4220	C6_6h_2	0	dcDNA	C6_6h_2	viral_read.count	0	0		cluster_1
UL32	L	6h	6	C6	C6_dcDNA_6h	LT934125.1	-	3628	C6_6h_3	0	dcDNA	C6_6h_3	viral_read.count	0	0		cluster_1
UL32	L	6h	6	PC-12	PC-12_dcDNA_6h	LT934125.1	-	7517	PC-12_6h_1	0	dcDNA	PC-12_6h_1	viral_read.count	8.13930581542458e-05	8.55624682490025e-05	1.05122562279028	cluster_1
UL32	L	6h	6	PC-12	PC-12_dcDNA_6h	LT934125.1	-	13589	PC-12_6h_2	7.35889322245934e-05	dcDNA	PC-12_6h_2	viral_read.count	8.13930581542458e-05	8.55624682490025e-05	1.05122562279028	cluster_1
UL32	L	6h	6	PC-12	PC-12_dcDNA_6h	LT934125.1	-	11724	PC-12_6h_3	0.000170590242238144	dcDNA	PC-12_6h_3	viral_read.count	8.13930581542458e-05	8.55624682490025e-05	1.05122562279028	cluster_1
UL32	L	6h	6	PK-15	PK-15_dcDNA_6h	LT934125.1	-	37872	PK-15_6h_1	2.64047317279256e-05	dcDNA	PK-15_6h_1	viral_read.count	4.20550242112406e-05	2.16768945860328e-05	0.515441258032589	cluster_1
UL32	L	6h	6	PK-15	PK-15_dcDNA_6h	LT934125.1	-	30337	PK-15_6h_2	3.29630484227181e-05	dcDNA	PK-15_6h_2	viral_read.count	4.20550242112406e-05	2.16768945860328e-05	0.515441258032589	cluster_1
UL32	L	6h	6	PK-15	PK-15_dcDNA_6h	LT934125.1	-	44912	PK-15_6h_3	6.6797292483078e-05	dcDNA	PK-15_6h_3	viral_read.count	4.20550242112406e-05	2.16768945860328e-05	0.515441258032589	cluster_1
UL32	L	8h	8	C6	C6_dcDNA_8h	LT934125.1	-	10124	C6_8h_1	0	dcDNA	C6_8h_1	viral_read.count	3.2008194097689e-05	5.54398184357236e-05	1.73205080756888	cluster_1
UL32	L	8h	8	C6	C6_dcDNA_8h	LT934125.1	-	10414	C6_8h_2	9.6024582293067e-05	dcDNA	C6_8h_2	viral_read.count	3.2008194097689e-05	5.54398184357236e-05	1.73205080756888	cluster_1
UL32	L	8h	8	C6	C6_dcDNA_8h	LT934125.1	-	8495	C6_8h_3	0	dcDNA	C6_8h_3	viral_read.count	3.2008194097689e-05	5.54398184357236e-05	1.73205080756888	cluster_1
UL32	L	8h	8	PC-12	PC-12_dcDNA_8h	LT934125.1	-	14035	PC-12_8h_1	0	dcDNA	PC-12_8h_1	viral_read.count	6.3759245090538e-05	9.0169189133709e-05	1.4142135623731	cluster_1
UL32	L	8h	8	PC-12	PC-12_dcDNA_8h	LT934125.1	-	15684	PC-12_8h_2	0.000127518490181076	dcDNA	PC-12_8h_2	viral_read.count	6.3759245090538e-05	9.0169189133709e-05	1.4142135623731	cluster_1
UL32	L	8h	8	PK-15	PK-15_dcDNA_8h	LT934125.1	-	69419	PK-15_8h_1	4.32158342816808e-05	dcDNA	PK-15_8h_1	viral_read.count	5.55680105790878e-05	2.17947860379052e-05	0.392218217114063	cluster_1
UL32	L	8h	8	PK-15	PK-15_dcDNA_8h	LT934125.1	-	74319	PK-15_8h_2	8.07330561498406e-05	dcDNA	PK-15_8h_2	viral_read.count	5.55680105790878e-05	2.17947860379052e-05	0.392218217114063	cluster_1
UL32	L	8h	8	PK-15	PK-15_dcDNA_8h	LT934125.1	-	70167	PK-15_8h_3	4.2755141305742e-05	dcDNA	PK-15_8h_3	viral_read.count	5.55680105790878e-05	2.17947860379052e-05	0.392218217114063	cluster_1
UL33	E	""		C6	C6_dRNA	LT934125.1	+	3	C6_dRNA	0	dcDNA	C6_dRNA	viral_read.count	0			cluster_1
UL33	E	""		PC-12	PC-12_dRNA	LT934125.1	+	20	PC-12_dRNA	0	dcDNA	PC-12_dRNA	viral_read.count	0			cluster_1
UL33	E	""		PK-15	PK-15_dRNA	LT934125.1	+	68	PK-15_dRNA	0	dcDNA	PK-15_dRNA	viral_read.count	0			cluster_1
UL33	E	0.5h	0.5	PC-12	PC-12_dcDNA_0.5h	LT934125.1	+	13	PC-12_0.5h_1	0	dcDNA	PC-12_0.5h_1	viral_read.count	0	0		cluster_1
UL33	E	0.5h	0.5	PC-12	PC-12_dcDNA_0.5h	LT934125.1	+	13	PC-12_0.5h_2	0	dcDNA	PC-12_0.5h_2	viral_read.count	0	0		cluster_1
UL33	E	0.5h	0.5	PC-12	PC-12_dcDNA_0.5h	LT934125.1	+	2	PC-12_0.5h_3	0	dcDNA	PC-12_0.5h_3	viral_read.count	0	0		cluster_1
UL33	E	1.5h	1.5	PC-12	PC-12_dcDNA_1.5h	LT934125.1	+	138	PC-12_1.5h_1	0	dcDNA	PC-12_1.5h_1	viral_read.count	0	0		cluster_1
UL33	E	1.5h	1.5	PC-12	PC-12_dcDNA_1.5h	LT934125.1	+	129	PC-12_1.5h_2	0	dcDNA	PC-12_1.5h_2	viral_read.count	0	0		cluster_1
UL33	E	1.5h	1.5	PC-12	PC-12_dcDNA_1.5h	LT934125.1	+	152	PC-12_1.5h_3	0	dcDNA	PC-12_1.5h_3	viral_read.count	0	0		cluster_1
UL33	E	12h	12	C6	C6_dcDNA_12h	LT934125.1	+	56266	C6_12h_1	0.000710908897024846	dcDNA	C6_12h_1	viral_read.count	0.000980540577631759	0.000237767995974871	0.242486646038798	cluster_1
UL33	E	12h	12	C6	C6_dcDNA_12h	LT934125.1	+	49131	C6_12h_2	0.00116016364413507	dcDNA	C6_12h_2	viral_read.count	0.000980540577631759	0.000237767995974871	0.242486646038798	cluster_1
UL33	E	12h	12	C6	C6_dcDNA_12h	LT934125.1	+	28023	C6_12h_3	0.00107054919173536	dcDNA	C6_12h_3	viral_read.count	0.000980540577631759	0.000237767995974871	0.242486646038798	cluster_1
UL33	E	12h	12	PC-12	PC-12_dcDNA_12h	LT934125.1	+	40118	PC-12_12h_1	0.000299117603070941	dcDNA	PC-12_12h_1	viral_read.count	0.000360202364841002	5.29357164820876e-05	0.146961046481341	cluster_1
UL33	E	12h	12	PC-12	PC-12_dcDNA_12h	LT934125.1	+	64296	PC-12_12h_2	0.00038882667662063	dcDNA	PC-12_12h_2	viral_read.count	0.000360202364841002	5.29357164820876e-05	0.146961046481341	cluster_1
UL33	E	12h	12	PC-12	PC-12_dcDNA_12h	LT934125.1	+	35654	PC-12_12h_3	0.000392662814831436	dcDNA	PC-12_12h_3	viral_read.count	0.000360202364841002	5.29357164820876e-05	0.146961046481341	cluster_1
UL33	E	12h	12	PK-15	PK-15_dcDNA_12h	LT934125.1	+	137055	PK-15_12h_1	0.000335631680712123	dcDNA	PK-15_12h_1	viral_read.count	0.000248826450865146	0.000138700175798008	0.557417329692084	cluster_1
UL33	E	12h	12	PK-15	PK-15_dcDNA_12h	LT934125.1	+	155287	PK-15_12h_2	0.000321984454590532	dcDNA	PK-15_12h_2	viral_read.count	0.000248826450865146	0.000138700175798008	0.557417329692084	cluster_1
UL33	E	12h	12	PK-15	PK-15_dcDNA_12h	LT934125.1	+	135039	PK-15_12h_3	8.88632172927821e-05	dcDNA	PK-15_12h_3	viral_read.count	0.000248826450865146	0.000138700175798008	0.557417329692084	cluster_1
UL33	E	1h	1	C6	C6_dcDNA_1h	LT934125.1	+	246	C6_1h_1	0	dcDNA	C6_1h_1	viral_read.count	0.00138888888888889	0.00240562612162344	1.73205080756888	cluster_1
UL33	E	1h	1	C6	C6_dcDNA_1h	LT934125.1	+	240	C6_1h_2	0.00416666666666667	dcDNA	C6_1h_2	viral_read.count	0.00138888888888889	0.00240562612162344	1.73205080756888	cluster_1
UL33	E	1h	1	C6	C6_dcDNA_1h	LT934125.1	+	102	C6_1h_3	0	dcDNA	C6_1h_3	viral_read.count	0.00138888888888889	0.00240562612162344	1.73205080756888	cluster_1
UL33	E	1h	1	NRK	NRK_dcDNA_1h	LT934125.1	+	25	NRK_1h_1	0	dcDNA	NRK_1h_1	viral_read.count	0	0		cluster_1
UL33	E	1h	1	NRK	NRK_dcDNA_1h	LT934125.1	+	54	NRK_1h_2	0	dcDNA	NRK_1h_2	viral_read.count	0	0		cluster_1
UL33	E	1h	1	NRK	NRK_dcDNA_1h	LT934125.1	+	20	NRK_1h_3	0	dcDNA	NRK_1h_3	viral_read.count	0	0		cluster_1
UL33	E	1h	1	PC-12	PC-12_dcDNA_1h	LT934125.1	+	154	PC-12_1h_1	0	dcDNA	PC-12_1h_1	viral_read.count	0	0		cluster_1
UL33	E	1h	1	PC-12	PC-12_dcDNA_1h	LT934125.1	+	93	PC-12_1h_2	0	dcDNA	PC-12_1h_2	viral_read.count	0	0		cluster_1
UL33	E	1h	1	PC-12	PC-12_dcDNA_1h	LT934125.1	+	158	PC-12_1h_3	0	dcDNA	PC-12_1h_3	viral_read.count	0	0		cluster_1
UL33	E	1h	1	PK-15	PK-15_dcDNA_1h	LT934125.1	+	129	PK-15_1h_1	0	dcDNA	PK-15_1h_1	viral_read.count	0	0		cluster_1
UL33	E	1h	1	PK-15	PK-15_dcDNA_1h	LT934125.1	+	76	PK-15_1h_2	0	dcDNA	PK-15_1h_2	viral_read.count	0	0		cluster_1
UL33	E	1h	1	PK-15	PK-15_dcDNA_1h	LT934125.1	+	52	PK-15_1h_3	0	dcDNA	PK-15_1h_3	viral_read.count	0	0		cluster_1
UL33	E	2.5h	2.5	PC-12	PC-12_dcDNA_2.5h	LT934125.1	+	478	PC-12_2.5h_1	0	dcDNA	PC-12_2.5h_1	viral_read.count	0	0		cluster_1
UL33	E	2.5h	2.5	PC-12	PC-12_dcDNA_2.5h	LT934125.1	+	231	PC-12_2.5h_2	0	dcDNA	PC-12_2.5h_2	viral_read.count	0	0		cluster_1
UL33	E	2.5h	2.5	PC-12	PC-12_dcDNA_2.5h	LT934125.1	+	545	PC-12_2.5h_3	0	dcDNA	PC-12_2.5h_3	viral_read.count	0	0		cluster_1
UL33	E	2h	2	C6	C6_dcDNA_2h	LT934125.1	+	243	C6_2h_1	0	dcDNA	C6_2h_1	viral_read.count	0	0		cluster_1
UL33	E	2h	2	C6	C6_dcDNA_2h	LT934125.1	+	468	C6_2h_2	0	dcDNA	C6_2h_2	viral_read.count	0	0		cluster_1
UL33	E	2h	2	NRK	NRK_dcDNA_2h	LT934125.1	+	99	NRK_2h_1	0	dcDNA	NRK_2h_1	viral_read.count	0	0		cluster_1
UL33	E	2h	2	NRK	NRK_dcDNA_2h	LT934125.1	+	71	NRK_2h_2	0	dcDNA	NRK_2h_2	viral_read.count	0	0		cluster_1
UL33	E	2h	2	NRK	NRK_dcDNA_2h	LT934125.1	+	122	NRK_2h_3	0	dcDNA	NRK_2h_3	viral_read.count	0	0		cluster_1
UL33	E	2h	2	PC-12	PC-12_dcDNA_2h	LT934125.1	+	439	PC-12_2h_1	0	dcDNA	PC-12_2h_1	viral_read.count	0	0		cluster_1
UL33	E	2h	2	PC-12	PC-12_dcDNA_2h	LT934125.1	+	399	PC-12_2h_2	0	dcDNA	PC-12_2h_2	viral_read.count	0	0		cluster_1
UL33	E	2h	2	PC-12	PC-12_dcDNA_2h	LT934125.1	+	503	PC-12_2h_3	0	dcDNA	PC-12_2h_3	viral_read.count	0	0		cluster_1
UL33	E	2h	2	PK-15	PK-15_dcDNA_2h	LT934125.1	+	482	PK-15_2h_1	0	dcDNA	PK-15_2h_1	viral_read.count	0.000201775625504439	0.000349485635102679	1.73205080756888	cluster_1
UL33	E	2h	2	PK-15	PK-15_dcDNA_2h	LT934125.1	+	405	PK-15_2h_2	0	dcDNA	PK-15_2h_2	viral_read.count	0.000201775625504439	0.000349485635102679	1.73205080756888	cluster_1
UL33	E	2h	2	PK-15	PK-15_dcDNA_2h	LT934125.1	+	1652	PK-15_2h_3	0.000605326876513317	dcDNA	PK-15_2h_3	viral_read.count	0.000201775625504439	0.000349485635102679	1.73205080756888	cluster_1
UL33	E	4h	4	C6	C6_dcDNA_4h	LT934125.1	+	680	C6_4h_1	0	dcDNA	C6_4h_1	viral_read.count	0	0		cluster_1
UL33	E	4h	4	C6	C6_dcDNA_4h	LT934125.1	+	686	C6_4h_2	0	dcDNA	C6_4h_2	viral_read.count	0	0		cluster_1
UL33	E	4h	4	C6	C6_dcDNA_4h	LT934125.1	+	312	C6_4h_3	0	dcDNA	C6_4h_3	viral_read.count	0	0		cluster_1
UL33	E	4h	4	PC-12	PC-12_dcDNA_4h	LT934125.1	+	2800	PC-12_4h_1	0.000714285714285714	dcDNA	PC-12_4h_1	viral_read.count	0.000809109382763145	0.000485586454430711	0.600149330579275	cluster_1
UL33	E	4h	4	PC-12	PC-12_dcDNA_4h	LT934125.1	+	2646	PC-12_4h_2	0.000377928949357521	dcDNA	PC-12_4h_2	viral_read.count	0.000809109382763145	0.000485586454430711	0.600149330579275	cluster_1
UL33	E	4h	4	PC-12	PC-12_dcDNA_4h	LT934125.1	+	2996	PC-12_4h_3	0.0013351134846462	dcDNA	PC-12_4h_3	viral_read.count	0.000809109382763145	0.000485586454430711	0.600149330579275	cluster_1
UL33	E	4h	4	PK-15	PK-15_dcDNA_4h	LT934125.1	+	7826	PK-15_4h_1	0	dcDNA	PK-15_4h_1	viral_read.count	4.14284530615627e-05	7.17561855816089e-05	1.73205080756888	cluster_1
UL33	E	4h	4	PK-15	PK-15_dcDNA_4h	LT934125.1	+	8046	PK-15_4h_2	0.000124285359184688	dcDNA	PK-15_4h_2	viral_read.count	4.14284530615627e-05	7.17561855816089e-05	1.73205080756888	cluster_1
UL33	E	4h	4	PK-15	PK-15_dcDNA_4h	LT934125.1	+	6633	PK-15_4h_3	0	dcDNA	PK-15_4h_3	viral_read.count	4.14284530615627e-05	7.17561855816089e-05	1.73205080756888	cluster_1
UL33	E	6h	6	C6	C6_dcDNA_6h	LT934125.1	+	2759	C6_6h_1	0.00108735048930772	dcDNA	C6_6h_1	viral_read.count	0.0016246185532435	0.000523286226398202	0.32209790129103	cluster_1
UL33	E	6h	6	C6	C6_dcDNA_6h	LT934125.1	+	4220	C6_6h_2	0.00213270142180095	dcDNA	C6_6h_2	viral_read.count	0.0016246185532435	0.000523286226398202	0.32209790129103	cluster_1
UL33	E	6h	6	C6	C6_dcDNA_6h	LT934125.1	+	3628	C6_6h_3	0.00165380374862183	dcDNA	C6_6h_3	viral_read.count	0.0016246185532435	0.000523286226398202	0.32209790129103	cluster_1
UL33	E	6h	6	PC-12	PC-12_dcDNA_6h	LT934125.1	+	7517	PC-12_6h_1	0.000266063589197818	dcDNA	PC-12_6h_1	viral_read.count	0.000463319383832652	0.000209002015774883	0.45109706838938	cluster_1
UL33	E	6h	6	PC-12	PC-12_dcDNA_6h	LT934125.1	+	13589	PC-12_6h_2	0.000441533593347561	dcDNA	PC-12_6h_2	viral_read.count	0.000463319383832652	0.000209002015774883	0.45109706838938	cluster_1
UL33	E	6h	6	PC-12	PC-12_dcDNA_6h	LT934125.1	+	11724	PC-12_6h_3	0.000682360968952576	dcDNA	PC-12_6h_3	viral_read.count	0.000463319383832652	0.000209002015774883	0.45109706838938	cluster_1
UL33	E	6h	6	PK-15	PK-15_dcDNA_6h	LT934125.1	+	37872	PK-15_6h_1	0.000132023658639628	dcDNA	PK-15_6h_1	viral_read.count	0.000228394326704904	8.44467400880409e-05	0.369740970830463	cluster_1
UL33	E	6h	6	PK-15	PK-15_dcDNA_6h	LT934125.1	+	30337	PK-15_6h_2	0.000263704387381745	dcDNA	PK-15_6h_2	viral_read.count	0.000228394326704904	8.44467400880409e-05	0.369740970830463	cluster_1
UL33	E	6h	6	PK-15	PK-15_dcDNA_6h	LT934125.1	+	44912	PK-15_6h_3	0.000289454934093338	dcDNA	PK-15_6h_3	viral_read.count	0.000228394326704904	8.44467400880409e-05	0.369740970830463	cluster_1
UL33	E	8h	8	C6	C6_dcDNA_8h	LT934125.1	+	10124	C6_8h_1	0.000493875938364283	dcDNA	C6_8h_1	viral_read.count	0.000663354046790732	0.000165245647315419	0.249106262507733	cluster_1
UL33	E	8h	8	C6	C6_dcDNA_8h	LT934125.1	+	10414	C6_8h_2	0.000672172076051469	dcDNA	C6_8h_2	viral_read.count	0.000663354046790732	0.000165245647315419	0.249106262507733	cluster_1
UL33	E	8h	8	C6	C6_dcDNA_8h	LT934125.1	+	8495	C6_8h_3	0.000824014125956445	dcDNA	C6_8h_3	viral_read.count	0.000663354046790732	0.000165245647315419	0.249106262507733	cluster_1
UL33	E	8h	8	PC-12	PC-12_dcDNA_8h	LT934125.1	+	14035	PC-12_8h_1	0.000285001781261133	dcDNA	PC-12_8h_1	viral_read.count	0.000333778625902181	6.89808752211355e-05	0.206666544434009	cluster_1
UL33	E	8h	8	PC-12	PC-12_dcDNA_8h	LT934125.1	+	15684	PC-12_8h_2	0.000382555470543229	dcDNA	PC-12_8h_2	viral_read.count	0.000333778625902181	6.89808752211355e-05	0.206666544434009	cluster_1
UL33	E	8h	8	PK-15	PK-15_dcDNA_8h	LT934125.1	+	69419	PK-15_8h_1	0.000259295005690085	dcDNA	PK-15_8h_1	viral_read.count	0.000256894775640697	1.35756097776411e-05	0.0528450208603249	cluster_1
UL33	E	8h	8	PK-15	PK-15_dcDNA_8h	LT934125.1	+	74319	PK-15_8h_2	0.000269110187166135	dcDNA	PK-15_8h_2	viral_read.count	0.000256894775640697	1.35756097776411e-05	0.0528450208603249	cluster_1
UL33	E	8h	8	PK-15	PK-15_dcDNA_8h	LT934125.1	+	70167	PK-15_8h_3	0.000242279134065871	dcDNA	PK-15_8h_3	viral_read.count	0.000256894775640697	1.35756097776411e-05	0.0528450208603249	cluster_1
UL34	E	""		C6	C6_dRNA	LT934125.1	+	3	C6_dRNA	0	dcDNA	C6_dRNA	viral_read.count	0			cluster_1
UL34	E	""		PC-12	PC-12_dRNA	LT934125.1	+	20	PC-12_dRNA	0	dcDNA	PC-12_dRNA	viral_read.count	0			cluster_1
UL34	E	""		PK-15	PK-15_dRNA	LT934125.1	+	68	PK-15_dRNA	0	dcDNA	PK-15_dRNA	viral_read.count	0			cluster_1
UL34	E	0.5h	0.5	PC-12	PC-12_dcDNA_0.5h	LT934125.1	+	13	PC-12_0.5h_1	0	dcDNA	PC-12_0.5h_1	viral_read.count	0	0		cluster_1
UL34	E	0.5h	0.5	PC-12	PC-12_dcDNA_0.5h	LT934125.1	+	13	PC-12_0.5h_2	0	dcDNA	PC-12_0.5h_2	viral_read.count	0	0		cluster_1
UL34	E	0.5h	0.5	PC-12	PC-12_dcDNA_0.5h	LT934125.1	+	2	PC-12_0.5h_3	0	dcDNA	PC-12_0.5h_3	viral_read.count	0	0		cluster_1
UL34	E	1.5h	1.5	PC-12	PC-12_dcDNA_1.5h	LT934125.1	+	138	PC-12_1.5h_1	0.0217391304347826	dcDNA	PC-12_1.5h_1	viral_read.count	0.0142163210520403	0.00705340966191996	0.496148731876569	cluster_1
UL34	E	1.5h	1.5	PC-12	PC-12_dcDNA_1.5h	LT934125.1	+	129	PC-12_1.5h_2	0.00775193798449612	dcDNA	PC-12_1.5h_2	viral_read.count	0.0142163210520403	0.00705340966191996	0.496148731876569	cluster_1
UL34	E	1.5h	1.5	PC-12	PC-12_dcDNA_1.5h	LT934125.1	+	152	PC-12_1.5h_3	0.0131578947368421	dcDNA	PC-12_1.5h_3	viral_read.count	0.0142163210520403	0.00705340966191996	0.496148731876569	cluster_1
UL34	E	12h	12	C6	C6_dcDNA_12h	LT934125.1	+	56266	C6_12h_1	0.0183059040983898	dcDNA	C6_12h_1	viral_read.count	0.0194761956436262	0.00239537241151568	0.122989748888644	cluster_1
UL34	E	12h	12	C6	C6_dcDNA_12h	LT934125.1	+	49131	C6_12h_2	0.0178909446174513	dcDNA	C6_12h_2	viral_read.count	0.0194761956436262	0.00239537241151568	0.122989748888644	cluster_1
UL34	E	12h	12	C6	C6_dcDNA_12h	LT934125.1	+	28023	C6_12h_3	0.0222317382150376	dcDNA	C6_12h_3	viral_read.count	0.0194761956436262	0.00239537241151568	0.122989748888644	cluster_1
UL34	E	12h	12	PC-12	PC-12_dcDNA_12h	LT934125.1	+	40118	PC-12_12h_1	0.00825066055137345	dcDNA	PC-12_12h_1	viral_read.count	0.00843379294391388	0.00102106328488298	0.12106809968815	cluster_1
UL34	E	12h	12	PC-12	PC-12_dcDNA_12h	LT934125.1	+	64296	PC-12_12h_2	0.00953403011073784	dcDNA	PC-12_12h_2	viral_read.count	0.00843379294391388	0.00102106328488298	0.12106809968815	cluster_1
UL34	E	12h	12	PC-12	PC-12_dcDNA_12h	LT934125.1	+	35654	PC-12_12h_3	0.00751668816963034	dcDNA	PC-12_12h_3	viral_read.count	0.00843379294391388	0.00102106328488298	0.12106809968815	cluster_1
UL34	E	12h	12	PK-15	PK-15_dcDNA_12h	LT934125.1	+	137055	PK-15_12h_1	0.0108934369413739	dcDNA	PK-15_12h_1	viral_read.count	0.0103029995214492	0.0044978003618576	0.436552515846855	cluster_1
UL34	E	12h	12	PK-15	PK-15_dcDNA_12h	LT934125.1	+	155287	PK-15_12h_2	0.0144764210783903	dcDNA	PK-15_12h_2	viral_read.count	0.0103029995214492	0.0044978003618576	0.436552515846855	cluster_1
UL34	E	12h	12	PK-15	PK-15_dcDNA_12h	LT934125.1	+	135039	PK-15_12h_3	0.00553914054458342	dcDNA	PK-15_12h_3	viral_read.count	0.0103029995214492	0.0044978003618576	0.436552515846855	cluster_1
UL34	E	1h	1	C6	C6_dcDNA_1h	LT934125.1	+	246	C6_1h_1	0.0121951219512195	dcDNA	C6_1h_1	viral_read.count	0.0128885700621712	0.00348352842418464	0.270280442856033	cluster_1
UL34	E	1h	1	C6	C6_dcDNA_1h	LT934125.1	+	240	C6_1h_2	0.0166666666666667	dcDNA	C6_1h_2	viral_read.count	0.0128885700621712	0.00348352842418464	0.270280442856033	cluster_1
UL34	E	1h	1	C6	C6_dcDNA_1h	LT934125.1	+	102	C6_1h_3	0.00980392156862745	dcDNA	C6_1h_3	viral_read.count	0.0128885700621712	0.00348352842418464	0.270280442856033	cluster_1
UL34	E	1h	1	NRK	NRK_dcDNA_1h	LT934125.1	+	25	NRK_1h_1	0	dcDNA	NRK_1h_1	viral_read.count	0.00617283950617283	0.0106916716516597	1.73205080756888	cluster_1
UL34	E	1h	1	NRK	NRK_dcDNA_1h	LT934125.1	+	54	NRK_1h_2	0.0185185185185185	dcDNA	NRK_1h_2	viral_read.count	0.00617283950617283	0.0106916716516597	1.73205080756888	cluster_1
UL34	E	1h	1	NRK	NRK_dcDNA_1h	LT934125.1	+	20	NRK_1h_3	0	dcDNA	NRK_1h_3	viral_read.count	0.00617283950617283	0.0106916716516597	1.73205080756888	cluster_1
UL34	E	1h	1	PC-12	PC-12_dcDNA_1h	LT934125.1	+	154	PC-12_1h_1	0.00649350649350649	dcDNA	PC-12_1h_1	viral_read.count	0.0063839114472026	0.00632982554019008	0.991527779252605	cluster_1
UL34	E	1h	1	PC-12	PC-12_dcDNA_1h	LT934125.1	+	93	PC-12_1h_2	0	dcDNA	PC-12_1h_2	viral_read.count	0.0063839114472026	0.00632982554019008	0.991527779252605	cluster_1
UL34	E	1h	1	PC-12	PC-12_dcDNA_1h	LT934125.1	+	158	PC-12_1h_3	0.0126582278481013	dcDNA	PC-12_1h_3	viral_read.count	0.0063839114472026	0.00632982554019008	0.991527779252605	cluster_1
UL34	E	1h	1	PK-15	PK-15_dcDNA_1h	LT934125.1	+	129	PK-15_1h_1	0	dcDNA	PK-15_1h_1	viral_read.count	0	0		cluster_1
UL34	E	1h	1	PK-15	PK-15_dcDNA_1h	LT934125.1	+	76	PK-15_1h_2	0	dcDNA	PK-15_1h_2	viral_read.count	0	0		cluster_1
UL34	E	1h	1	PK-15	PK-15_dcDNA_1h	LT934125.1	+	52	PK-15_1h_3	0	dcDNA	PK-15_1h_3	viral_read.count	0	0		cluster_1
UL34	E	2.5h	2.5	PC-12	PC-12_dcDNA_2.5h	LT934125.1	+	478	PC-12_2.5h_1	0.0146443514644351	dcDNA	PC-12_2.5h_1	viral_read.count	0.0165499043584338	0.00480776504419517	0.290501077231008	cluster_1
UL34	E	2.5h	2.5	PC-12	PC-12_dcDNA_2.5h	LT934125.1	+	231	PC-12_2.5h_2	0.012987012987013	dcDNA	PC-12_2.5h_2	viral_read.count	0.0165499043584338	0.00480776504419517	0.290501077231008	cluster_1
UL34	E	2.5h	2.5	PC-12	PC-12_dcDNA_2.5h	LT934125.1	+	545	PC-12_2.5h_3	0.0220183486238532	dcDNA	PC-12_2.5h_3	viral_read.count	0.0165499043584338	0.00480776504419517	0.290501077231008	cluster_1
UL34	E	2h	2	C6	C6_dcDNA_2h	LT934125.1	+	243	C6_2h_1	0.00411522633744856	dcDNA	C6_2h_1	viral_read.count	0.00526274137385249	0.00162283132750949	0.308362355705412	cluster_1
UL34	E	2h	2	C6	C6_dcDNA_2h	LT934125.1	+	468	C6_2h_2	0.00641025641025641	dcDNA	C6_2h_2	viral_read.count	0.00526274137385249	0.00162283132750949	0.308362355705412	cluster_1
UL34	E	2h	2	NRK	NRK_dcDNA_2h	LT934125.1	+	99	NRK_2h_1	0.0202020202020202	dcDNA	NRK_2h_1	viral_read.count	0.0223578041633918	0.00953573756896408	0.426505997604976	cluster_1
UL34	E	2h	2	NRK	NRK_dcDNA_2h	LT934125.1	+	71	NRK_2h_2	0.0140845070422535	dcDNA	NRK_2h_2	viral_read.count	0.0223578041633918	0.00953573756896408	0.426505997604976	cluster_1
UL34	E	2h	2	NRK	NRK_dcDNA_2h	LT934125.1	+	122	NRK_2h_3	0.0327868852459016	dcDNA	NRK_2h_3	viral_read.count	0.0223578041633918	0.00953573756896408	0.426505997604976	cluster_1
UL34	E	2h	2	PC-12	PC-12_dcDNA_2h	LT934125.1	+	439	PC-12_2h_1	0.0159453302961276	dcDNA	PC-12_2h_1	viral_read.count	0.0242441424210658	0.0151668794609077	0.625589439192916	cluster_1
UL34	E	2h	2	PC-12	PC-12_dcDNA_2h	LT934125.1	+	399	PC-12_2h_2	0.0150375939849624	dcDNA	PC-12_2h_2	viral_read.count	0.0242441424210658	0.0151668794609077	0.625589439192916	cluster_1
UL34	E	2h	2	PC-12	PC-12_dcDNA_2h	LT934125.1	+	503	PC-12_2h_3	0.0417495029821074	dcDNA	PC-12_2h_3	viral_read.count	0.0242441424210658	0.0151668794609077	0.625589439192916	cluster_1
UL34	E	2h	2	PK-15	PK-15_dcDNA_2h	LT934125.1	+	482	PK-15_2h_1	0.00622406639004149	dcDNA	PK-15_2h_1	viral_read.count	0.010878582817147	0.00768861590678883	0.706766316534346	cluster_1
UL34	E	2h	2	PK-15	PK-15_dcDNA_2h	LT934125.1	+	405	PK-15_2h_2	0.0197530864197531	dcDNA	PK-15_2h_2	viral_read.count	0.010878582817147	0.00768861590678883	0.706766316534346	cluster_1
UL34	E	2h	2	PK-15	PK-15_dcDNA_2h	LT934125.1	+	1652	PK-15_2h_3	0.00665859564164649	dcDNA	PK-15_2h_3	viral_read.count	0.010878582817147	0.00768861590678883	0.706766316534346	cluster_1
UL34	E	4h	4	C6	C6_dcDNA_4h	LT934125.1	+	680	C6_4h_1	0.0191176470588235	dcDNA	C6_4h_1	viral_read.count	0.0200714351674736	0.00155507174982799	0.0774768588719575	cluster_1
UL34	E	4h	4	C6	C6_dcDNA_4h	LT934125.1	+	686	C6_4h_2	0.021865889212828	dcDNA	C6_4h_2	viral_read.count	0.0200714351674736	0.00155507174982799	0.0774768588719575	cluster_1
UL34	E	4h	4	C6	C6_dcDNA_4h	LT934125.1	+	312	C6_4h_3	0.0192307692307692	dcDNA	C6_4h_3	viral_read.count	0.0200714351674736	0.00155507174982799	0.0774768588719575	cluster_1
UL34	E	4h	4	PC-12	PC-12_dcDNA_4h	LT934125.1	+	2800	PC-12_4h_1	0.0114285714285714	dcDNA	PC-12_4h_1	viral_read.count	0.0134019727655687	0.00378213222364833	0.282207126503427	cluster_1
UL34	E	4h	4	PC-12	PC-12_dcDNA_4h	LT934125.1	+	2646	PC-12_4h_2	0.0177626606198035	dcDNA	PC-12_4h_2	viral_read.count	0.0134019727655687	0.00378213222364833	0.282207126503427	cluster_1
UL34	E	4h	4	PC-12	PC-12_dcDNA_4h	LT934125.1	+	2996	PC-12_4h_3	0.0110146862483311	dcDNA	PC-12_4h_3	viral_read.count	0.0134019727655687	0.00378213222364833	0.282207126503427	cluster_1
UL34	E	4h	4	PK-15	PK-15_dcDNA_4h	LT934125.1	+	7826	PK-15_4h_1	0.0159723996933299	dcDNA	PK-15_4h_1	viral_read.count	0.0181738677910853	0.00397711802812553	0.218837182807966	cluster_1
UL34	E	4h	4	PK-15	PK-15_dcDNA_4h	LT934125.1	+	8046	PK-15_4h_2	0.0157842406164554	dcDNA	PK-15_4h_2	viral_read.count	0.0181738677910853	0.00397711802812553	0.218837182807966	cluster_1
UL34	E	4h	4	PK-15	PK-15_dcDNA_4h	LT934125.1	+	6633	PK-15_4h_3	0.0227649630634705	dcDNA	PK-15_4h_3	viral_read.count	0.0181738677910853	0.00397711802812553	0.218837182807966	cluster_1
UL34	E	6h	6	C6	C6_dcDNA_6h	LT934125.1	+	2759	C6_6h_1	0.0152229068503081	dcDNA	C6_6h_1	viral_read.count	0.0170769636969462	0.00199875171156956	0.117043740739871	cluster_1
UL34	E	6h	6	C6	C6_dcDNA_6h	LT934125.1	+	4220	C6_6h_2	0.0191943127962085	dcDNA	C6_6h_2	viral_read.count	0.0170769636969462	0.00199875171156956	0.117043740739871	cluster_1
UL34	E	6h	6	C6	C6_dcDNA_6h	LT934125.1	+	3628	C6_6h_3	0.0168136714443219	dcDNA	C6_6h_3	viral_read.count	0.0170769636969462	0.00199875171156956	0.117043740739871	cluster_1
UL34	E	6h	6	PC-12	PC-12_dcDNA_6h	LT934125.1	+	7517	PC-12_6h_1	0.0115737661301051	dcDNA	PC-12_6h_1	viral_read.count	0.0126450540013126	0.00117905044772983	0.0932420255071618	cluster_1
UL34	E	6h	6	PC-12	PC-12_dcDNA_6h	LT934125.1	+	13589	PC-12_6h_2	0.0139083081904482	dcDNA	PC-12_6h_2	viral_read.count	0.0126450540013126	0.00117905044772983	0.0932420255071618	cluster_1
UL34	E	6h	6	PC-12	PC-12_dcDNA_6h	LT934125.1	+	11724	PC-12_6h_3	0.0124530876833845	dcDNA	PC-12_6h_3	viral_read.count	0.0126450540013126	0.00117905044772983	0.0932420255071618	cluster_1
UL34	E	6h	6	PK-15	PK-15_dcDNA_6h	LT934125.1	+	37872	PK-15_6h_1	0.00982256020278834	dcDNA	PK-15_6h_1	viral_read.count	0.00894310225314033	0.00132880807262431	0.148584689631353	cluster_1
UL34	E	6h	6	PK-15	PK-15_dcDNA_6h	LT934125.1	+	30337	PK-15_6h_2	0.00959224709101098	dcDNA	PK-15_6h_2	viral_read.count	0.00894310225314033	0.00132880807262431	0.148584689631353	cluster_1
UL34	E	6h	6	PK-15	PK-15_dcDNA_6h	LT934125.1	+	44912	PK-15_6h_3	0.00741449946562166	dcDNA	PK-15_6h_3	viral_read.count	0.00894310225314033	0.00132880807262431	0.148584689631353	cluster_1
UL34	E	8h	8	C6	C6_dcDNA_8h	LT934125.1	+	10124	C6_8h_1	0.0139273014618728	dcDNA	C6_8h_1	viral_read.count	0.0129606908989095	0.00227775382410519	0.175743240994724	cluster_1
UL34	E	8h	8	C6	C6_dcDNA_8h	LT934125.1	+	10414	C6_8h_2	0.0145957365085462	dcDNA	C6_8h_2	viral_read.count	0.0129606908989095	0.00227775382410519	0.175743240994724	cluster_1
UL34	E	8h	8	C6	C6_dcDNA_8h	LT934125.1	+	8495	C6_8h_3	0.0103590347263096	dcDNA	C6_8h_3	viral_read.count	0.0129606908989095	0.00227775382410519	0.175743240994724	cluster_1
UL34	E	8h	8	PC-12	PC-12_dcDNA_8h	LT934125.1	+	14035	PC-12_8h_1	0.00812255076594229	dcDNA	PC-12_8h_1	viral_read.count	0.0126687734701938	0.00642932980592097	0.507494259096782	cluster_1
UL34	E	8h	8	PC-12	PC-12_dcDNA_8h	LT934125.1	+	15684	PC-12_8h_2	0.0172149961744453	dcDNA	PC-12_8h_2	viral_read.count	0.0126687734701938	0.00642932980592097	0.507494259096782	cluster_1
UL34	E	8h	8	PK-15	PK-15_dcDNA_8h	LT934125.1	+	69419	PK-15_8h_1	0.0127342658350019	dcDNA	PK-15_8h_1	viral_read.count	0.0114879637181403	0.00224782633675906	0.195667952294242	cluster_1
UL34	E	8h	8	PK-15	PK-15_dcDNA_8h	LT934125.1	+	74319	PK-15_8h_2	0.0128365559278246	dcDNA	PK-15_8h_2	viral_read.count	0.0114879637181403	0.00224782633675906	0.195667952294242	cluster_1
UL34	E	8h	8	PK-15	PK-15_dcDNA_8h	LT934125.1	+	70167	PK-15_8h_3	0.00889306939159434	dcDNA	PK-15_8h_3	viral_read.count	0.0114879637181403	0.00224782633675906	0.195667952294242	cluster_1
UL35	L	""		C6	C6_dRNA	LT934125.1	+	3	C6_dRNA	0	dcDNA	C6_dRNA	viral_read.count	0			cluster_8
UL35	L	""		PC-12	PC-12_dRNA	LT934125.1	+	20	PC-12_dRNA	0	dcDNA	PC-12_dRNA	viral_read.count	0			cluster_8
UL35	L	""		PK-15	PK-15_dRNA	LT934125.1	+	68	PK-15_dRNA	0	dcDNA	PK-15_dRNA	viral_read.count	0			cluster_8
UL35	L	0.5h	0.5	PC-12	PC-12_dcDNA_0.5h	LT934125.1	+	13	PC-12_0.5h_1	0	dcDNA	PC-12_0.5h_1	viral_read.count	0	0		cluster_8
UL35	L	0.5h	0.5	PC-12	PC-12_dcDNA_0.5h	LT934125.1	+	13	PC-12_0.5h_2	0	dcDNA	PC-12_0.5h_2	viral_read.count	0	0		cluster_8
UL35	L	0.5h	0.5	PC-12	PC-12_dcDNA_0.5h	LT934125.1	+	2	PC-12_0.5h_3	0	dcDNA	PC-12_0.5h_3	viral_read.count	0	0		cluster_8
UL35	L	1.5h	1.5	PC-12	PC-12_dcDNA_1.5h	LT934125.1	+	138	PC-12_1.5h_1	0	dcDNA	PC-12_1.5h_1	viral_read.count	0.00258397932816537	0.00447558348209012	1.73205080756888	cluster_8
UL35	L	1.5h	1.5	PC-12	PC-12_dcDNA_1.5h	LT934125.1	+	129	PC-12_1.5h_2	0.00775193798449612	dcDNA	PC-12_1.5h_2	viral_read.count	0.00258397932816537	0.00447558348209012	1.73205080756888	cluster_8
UL35	L	1.5h	1.5	PC-12	PC-12_dcDNA_1.5h	LT934125.1	+	152	PC-12_1.5h_3	0	dcDNA	PC-12_1.5h_3	viral_read.count	0.00258397932816537	0.00447558348209012	1.73205080756888	cluster_8
UL35	L	12h	12	C6	C6_dcDNA_12h	LT934125.1	+	56266	C6_12h_1	0.0985142004052181	dcDNA	C6_12h_1	viral_read.count	0.0798752323035173	0.0247614323684159	0.310001381583782	cluster_8
UL35	L	12h	12	C6	C6_dcDNA_12h	LT934125.1	+	49131	C6_12h_2	0.0893326005984002	dcDNA	C6_12h_2	viral_read.count	0.0798752323035173	0.0247614323684159	0.310001381583782	cluster_8
UL35	L	12h	12	C6	C6_dcDNA_12h	LT934125.1	+	28023	C6_12h_3	0.0517788959069336	dcDNA	C6_12h_3	viral_read.count	0.0798752323035173	0.0247614323684159	0.310001381583782	cluster_8
UL35	L	12h	12	PC-12	PC-12_dcDNA_12h	LT934125.1	+	40118	PC-12_12h_1	0.102323146717184	dcDNA	PC-12_12h_1	viral_read.count	0.102588848159854	0.00349777311876547	0.0340950618074514	cluster_8
UL35	L	12h	12	PC-12	PC-12_dcDNA_12h	LT934125.1	+	64296	PC-12_12h_2	0.106211894985691	dcDNA	PC-12_12h_2	viral_read.count	0.102588848159854	0.00349777311876547	0.0340950618074514	cluster_8
UL35	L	12h	12	PC-12	PC-12_dcDNA_12h	LT934125.1	+	35654	PC-12_12h_3	0.0992315027766871	dcDNA	PC-12_12h_3	viral_read.count	0.102588848159854	0.00349777311876547	0.0340950618074514	cluster_8
UL35	L	12h	12	PK-15	PK-15_dcDNA_12h	LT934125.1	+	137055	PK-15_12h_1	0.0870015687132903	dcDNA	PK-15_12h_1	viral_read.count	0.086513826578601	0.00862409519684376	0.0996845884398426	cluster_8
UL35	L	12h	12	PK-15	PK-15_dcDNA_12h	LT934125.1	+	155287	PK-15_12h_2	0.0776562107581446	dcDNA	PK-15_12h_2	viral_read.count	0.086513826578601	0.00862409519684376	0.0996845884398426	cluster_8
UL35	L	12h	12	PK-15	PK-15_dcDNA_12h	LT934125.1	+	135039	PK-15_12h_3	0.0948837002643681	dcDNA	PK-15_12h_3	viral_read.count	0.086513826578601	0.00862409519684376	0.0996845884398426	cluster_8
UL35	L	1h	1	C6	C6_dcDNA_1h	LT934125.1	+	246	C6_1h_1	0.0040650406504065	dcDNA	C6_1h_1	viral_read.count	0.0013550135501355	0.00234695231377896	1.73205080756888	cluster_8
UL35	L	1h	1	C6	C6_dcDNA_1h	LT934125.1	+	240	C6_1h_2	0	dcDNA	C6_1h_2	viral_read.count	0.0013550135501355	0.00234695231377896	1.73205080756888	cluster_8
UL35	L	1h	1	C6	C6_dcDNA_1h	LT934125.1	+	102	C6_1h_3	0	dcDNA	C6_1h_3	viral_read.count	0.0013550135501355	0.00234695231377896	1.73205080756888	cluster_8
UL35	L	1h	1	NRK	NRK_dcDNA_1h	LT934125.1	+	25	NRK_1h_1	0	dcDNA	NRK_1h_1	viral_read.count	0	0		cluster_8
UL35	L	1h	1	NRK	NRK_dcDNA_1h	LT934125.1	+	54	NRK_1h_2	0	dcDNA	NRK_1h_2	viral_read.count	0	0		cluster_8
UL35	L	1h	1	NRK	NRK_dcDNA_1h	LT934125.1	+	20	NRK_1h_3	0	dcDNA	NRK_1h_3	viral_read.count	0	0		cluster_8
UL35	L	1h	1	PC-12	PC-12_dcDNA_1h	LT934125.1	+	154	PC-12_1h_1	0	dcDNA	PC-12_1h_1	viral_read.count	0	0		cluster_8
UL35	L	1h	1	PC-12	PC-12_dcDNA_1h	LT934125.1	+	93	PC-12_1h_2	0	dcDNA	PC-12_1h_2	viral_read.count	0	0		cluster_8
UL35	L	1h	1	PC-12	PC-12_dcDNA_1h	LT934125.1	+	158	PC-12_1h_3	0	dcDNA	PC-12_1h_3	viral_read.count	0	0		cluster_8
UL35	L	1h	1	PK-15	PK-15_dcDNA_1h	LT934125.1	+	129	PK-15_1h_1	0	dcDNA	PK-15_1h_1	viral_read.count	0	0		cluster_8
UL35	L	1h	1	PK-15	PK-15_dcDNA_1h	LT934125.1	+	76	PK-15_1h_2	0	dcDNA	PK-15_1h_2	viral_read.count	0	0		cluster_8
UL35	L	1h	1	PK-15	PK-15_dcDNA_1h	LT934125.1	+	52	PK-15_1h_3	0	dcDNA	PK-15_1h_3	viral_read.count	0	0		cluster_8
UL35	L	2.5h	2.5	PC-12	PC-12_dcDNA_2.5h	LT934125.1	+	478	PC-12_2.5h_1	0.00836820083682008	dcDNA	PC-12_2.5h_1	viral_read.count	0.0142857530596965	0.00675480586290884	0.472835127044563	cluster_8
UL35	L	2.5h	2.5	PC-12	PC-12_dcDNA_2.5h	LT934125.1	+	231	PC-12_2.5h_2	0.0216450216450216	dcDNA	PC-12_2.5h_2	viral_read.count	0.0142857530596965	0.00675480586290884	0.472835127044563	cluster_8
UL35	L	2.5h	2.5	PC-12	PC-12_dcDNA_2.5h	LT934125.1	+	545	PC-12_2.5h_3	0.0128440366972477	dcDNA	PC-12_2.5h_3	viral_read.count	0.0142857530596965	0.00675480586290884	0.472835127044563	cluster_8
UL35	L	2h	2	C6	C6_dcDNA_2h	LT934125.1	+	243	C6_2h_1	0.00411522633744856	dcDNA	C6_2h_1	viral_read.count	0.00312598923710035	0.00139899252371507	0.447535937459839	cluster_8
UL35	L	2h	2	C6	C6_dcDNA_2h	LT934125.1	+	468	C6_2h_2	0.00213675213675214	dcDNA	C6_2h_2	viral_read.count	0.00312598923710035	0.00139899252371507	0.447535937459839	cluster_8
UL35	L	2h	2	NRK	NRK_dcDNA_2h	LT934125.1	+	99	NRK_2h_1	0	dcDNA	NRK_2h_1	viral_read.count	0.00469483568075117	0.00813169393224824	1.73205080756888	cluster_8
UL35	L	2h	2	NRK	NRK_dcDNA_2h	LT934125.1	+	71	NRK_2h_2	0.0140845070422535	dcDNA	NRK_2h_2	viral_read.count	0.00469483568075117	0.00813169393224824	1.73205080756888	cluster_8
UL35	L	2h	2	NRK	NRK_dcDNA_2h	LT934125.1	+	122	NRK_2h_3	0	dcDNA	NRK_2h_3	viral_read.count	0.00469483568075117	0.00813169393224824	1.73205080756888	cluster_8
UL35	L	2h	2	PC-12	PC-12_dcDNA_2h	LT934125.1	+	439	PC-12_2h_1	0.00683371298405467	dcDNA	PC-12_2h_1	viral_read.count	0.00659951019822721	0.0014838052453194	0.224835662155351	cluster_8
UL35	L	2h	2	PC-12	PC-12_dcDNA_2h	LT934125.1	+	399	PC-12_2h_2	0.0050125313283208	dcDNA	PC-12_2h_2	viral_read.count	0.00659951019822721	0.0014838052453194	0.224835662155351	cluster_8
UL35	L	2h	2	PC-12	PC-12_dcDNA_2h	LT934125.1	+	503	PC-12_2h_3	0.00795228628230616	dcDNA	PC-12_2h_3	viral_read.count	0.00659951019822721	0.0014838052453194	0.224835662155351	cluster_8
UL35	L	2h	2	PK-15	PK-15_dcDNA_2h	LT934125.1	+	482	PK-15_2h_1	0	dcDNA	PK-15_2h_1	viral_read.count	0.0108958837772397	0.0188722242955447	1.73205080756888	cluster_8
UL35	L	2h	2	PK-15	PK-15_dcDNA_2h	LT934125.1	+	405	PK-15_2h_2	0	dcDNA	PK-15_2h_2	viral_read.count	0.0108958837772397	0.0188722242955447	1.73205080756888	cluster_8
UL35	L	2h	2	PK-15	PK-15_dcDNA_2h	LT934125.1	+	1652	PK-15_2h_3	0.0326876513317191	dcDNA	PK-15_2h_3	viral_read.count	0.0108958837772397	0.0188722242955447	1.73205080756888	cluster_8
UL35	L	4h	4	C6	C6_dcDNA_4h	LT934125.1	+	680	C6_4h_1	0.0161764705882353	dcDNA	C6_4h_1	viral_read.count	0.017633317063089	0.0015319962532877	0.0868807750581741	cluster_8
UL35	L	4h	4	C6	C6_dcDNA_4h	LT934125.1	+	686	C6_4h_2	0.0174927113702624	dcDNA	C6_4h_2	viral_read.count	0.017633317063089	0.0015319962532877	0.0868807750581741	cluster_8
UL35	L	4h	4	C6	C6_dcDNA_4h	LT934125.1	+	312	C6_4h_3	0.0192307692307692	dcDNA	C6_4h_3	viral_read.count	0.017633317063089	0.0015319962532877	0.0868807750581741	cluster_8
UL35	L	4h	4	PC-12	PC-12_dcDNA_4h	LT934125.1	+	2800	PC-12_4h_1	0.0275	dcDNA	PC-12_4h_1	viral_read.count	0.0258549965503682	0.00157288941927263	0.0608350272338456	cluster_8
UL35	L	4h	4	PC-12	PC-12_dcDNA_4h	LT934125.1	+	2646	PC-12_4h_2	0.0256991685563114	dcDNA	PC-12_4h_2	viral_read.count	0.0258549965503682	0.00157288941927263	0.0608350272338456	cluster_8
UL35	L	4h	4	PC-12	PC-12_dcDNA_4h	LT934125.1	+	2996	PC-12_4h_3	0.0243658210947931	dcDNA	PC-12_4h_3	viral_read.count	0.0258549965503682	0.00157288941927263	0.0608350272338456	cluster_8
UL35	L	4h	4	PK-15	PK-15_dcDNA_4h	LT934125.1	+	7826	PK-15_4h_1	0.0260669562995144	dcDNA	PK-15_4h_1	viral_read.count	0.0284761589817394	0.00265330106168633	0.0931762272920231	cluster_8
UL35	L	4h	4	PK-15	PK-15_dcDNA_4h	LT934125.1	+	8046	PK-15_4h_2	0.0313199105145414	dcDNA	PK-15_4h_2	viral_read.count	0.0284761589817394	0.00265330106168633	0.0931762272920231	cluster_8
UL35	L	4h	4	PK-15	PK-15_dcDNA_4h	LT934125.1	+	6633	PK-15_4h_3	0.0280416101311624	dcDNA	PK-15_4h_3	viral_read.count	0.0284761589817394	0.00265330106168633	0.0931762272920231	cluster_8
UL35	L	6h	6	C6	C6_dcDNA_6h	LT934125.1	+	2759	C6_6h_1	0.0192098586444364	dcDNA	C6_6h_1	viral_read.count	0.0237302551469896	0.00428188642572948	0.18043996574022	cluster_8
UL35	L	6h	6	C6	C6_dcDNA_6h	LT934125.1	+	4220	C6_6h_2	0.0277251184834123	dcDNA	C6_6h_2	viral_read.count	0.0237302551469896	0.00428188642572948	0.18043996574022	cluster_8
UL35	L	6h	6	C6	C6_dcDNA_6h	LT934125.1	+	3628	C6_6h_3	0.0242557883131202	dcDNA	C6_6h_3	viral_read.count	0.0237302551469896	0.00428188642572948	0.18043996574022	cluster_8
UL35	L	6h	6	PC-12	PC-12_dcDNA_6h	LT934125.1	+	7517	PC-12_6h_1	0.038047093255288	dcDNA	PC-12_6h_1	viral_read.count	0.0425185818847126	0.00422125958946516	0.0992803476115673	cluster_8
UL35	L	6h	6	PC-12	PC-12_dcDNA_6h	LT934125.1	+	13589	PC-12_6h_2	0.0464346162337185	dcDNA	PC-12_6h_2	viral_read.count	0.0425185818847126	0.00422125958946516	0.0992803476115673	cluster_8
UL35	L	6h	6	PC-12	PC-12_dcDNA_6h	LT934125.1	+	11724	PC-12_6h_3	0.0430740361651314	dcDNA	PC-12_6h_3	viral_read.count	0.0425185818847126	0.00422125958946516	0.0992803476115673	cluster_8
UL35	L	6h	6	PK-15	PK-15_dcDNA_6h	LT934125.1	+	37872	PK-15_6h_1	0.0669095901985636	dcDNA	PK-15_6h_1	viral_read.count	0.0563340188350009	0.011919241169459	0.211581588105223	cluster_8
UL35	L	6h	6	PK-15	PK-15_dcDNA_6h	LT934125.1	+	30337	PK-15_6h_2	0.0586742261924383	dcDNA	PK-15_6h_2	viral_read.count	0.0563340188350009	0.011919241169459	0.211581588105223	cluster_8
UL35	L	6h	6	PK-15	PK-15_dcDNA_6h	LT934125.1	+	44912	PK-15_6h_3	0.0434182401140007	dcDNA	PK-15_6h_3	viral_read.count	0.0563340188350009	0.011919241169459	0.211581588105223	cluster_8
UL35	L	8h	8	C6	C6_dcDNA_8h	LT934125.1	+	10124	C6_8h_1	0.0411892532595812	dcDNA	C6_8h_1	viral_read.count	0.0519013631604776	0.0100304645618495	0.19326013713427	cluster_8
UL35	L	8h	8	C6	C6_dcDNA_8h	LT934125.1	+	10414	C6_8h_2	0.0610716343383906	dcDNA	C6_8h_2	viral_read.count	0.0519013631604776	0.0100304645618495	0.19326013713427	cluster_8
UL35	L	8h	8	C6	C6_dcDNA_8h	LT934125.1	+	8495	C6_8h_3	0.0534432018834609	dcDNA	C6_8h_3	viral_read.count	0.0519013631604776	0.0100304645618495	0.19326013713427	cluster_8
UL35	L	8h	8	PC-12	PC-12_dcDNA_8h	LT934125.1	+	14035	PC-12_8h_1	0.0779479871749198	dcDNA	PC-12_8h_1	viral_read.count	0.0724794768825377	0.00773364142146363	0.106701120842759	cluster_8
UL35	L	8h	8	PC-12	PC-12_dcDNA_8h	LT934125.1	+	15684	PC-12_8h_2	0.0670109665901556	dcDNA	PC-12_8h_2	viral_read.count	0.0724794768825377	0.00773364142146363	0.106701120842759	cluster_8
UL35	L	8h	8	PK-15	PK-15_dcDNA_8h	LT934125.1	+	69419	PK-15_8h_1	0.0660049842262205	dcDNA	PK-15_8h_1	viral_read.count	0.0675981417616783	0.00198415070102176	0.0293521485844539	cluster_8
UL35	L	8h	8	PK-15	PK-15_dcDNA_8h	LT934125.1	+	74319	PK-15_8h_2	0.0698206380602538	dcDNA	PK-15_8h_2	viral_read.count	0.0675981417616783	0.00198415070102176	0.0293521485844539	cluster_8
UL35	L	8h	8	PK-15	PK-15_dcDNA_8h	LT934125.1	+	70167	PK-15_8h_3	0.0669688029985606	dcDNA	PK-15_8h_3	viral_read.count	0.0675981417616783	0.00198415070102176	0.0293521485844539	cluster_8
UL36	L	""		C6	C6_dRNA	LT934125.1	-	3	C6_dRNA	0	dcDNA	C6_dRNA	viral_read.count	0			cluster_1
UL36	L	""		PC-12	PC-12_dRNA	LT934125.1	-	20	PC-12_dRNA	0	dcDNA	PC-12_dRNA	viral_read.count	0			cluster_1
UL36	L	""		PK-15	PK-15_dRNA	LT934125.1	-	68	PK-15_dRNA	0	dcDNA	PK-15_dRNA	viral_read.count	0			cluster_1
UL36	L	0.5h	0.5	PC-12	PC-12_dcDNA_0.5h	LT934125.1	-	13	PC-12_0.5h_1	0	dcDNA	PC-12_0.5h_1	viral_read.count	0	0		cluster_1
UL36	L	0.5h	0.5	PC-12	PC-12_dcDNA_0.5h	LT934125.1	-	13	PC-12_0.5h_2	0	dcDNA	PC-12_0.5h_2	viral_read.count	0	0		cluster_1
UL36	L	0.5h	0.5	PC-12	PC-12_dcDNA_0.5h	LT934125.1	-	2	PC-12_0.5h_3	0	dcDNA	PC-12_0.5h_3	viral_read.count	0	0		cluster_1
UL36	L	1.5h	1.5	PC-12	PC-12_dcDNA_1.5h	LT934125.1	-	138	PC-12_1.5h_1	0	dcDNA	PC-12_1.5h_1	viral_read.count	0	0		cluster_1
UL36	L	1.5h	1.5	PC-12	PC-12_dcDNA_1.5h	LT934125.1	-	129	PC-12_1.5h_2	0	dcDNA	PC-12_1.5h_2	viral_read.count	0	0		cluster_1
UL36	L	1.5h	1.5	PC-12	PC-12_dcDNA_1.5h	LT934125.1	-	152	PC-12_1.5h_3	0	dcDNA	PC-12_1.5h_3	viral_read.count	0	0		cluster_1
UL36	L	12h	12	C6	C6_dcDNA_12h	LT934125.1	-	56266	C6_12h_1	0.000995272455834785	dcDNA	C6_12h_1	viral_read.count	0.000921045087627526	0.000300625906578375	0.326396514803354	cluster_1
UL36	L	12h	12	C6	C6_dcDNA_12h	LT934125.1	-	49131	C6_12h_2	0.000590258696138894	dcDNA	C6_12h_2	viral_read.count	0.000921045087627526	0.000300625906578375	0.326396514803354	cluster_1
UL36	L	12h	12	C6	C6_dcDNA_12h	LT934125.1	-	28023	C6_12h_3	0.0011776041109089	dcDNA	C6_12h_3	viral_read.count	0.000921045087627526	0.000300625906578375	0.326396514803354	cluster_1
UL36	L	12h	12	PC-12	PC-12_dcDNA_12h	LT934125.1	-	40118	PC-12_12h_1	0.000897352809212822	dcDNA	PC-12_12h_1	viral_read.count	0.000827247774536262	0.00021207710277241	0.256364670054623	cluster_1
UL36	L	12h	12	PC-12	PC-12_dcDNA_12h	LT934125.1	-	64296	PC-12_12h_2	0.000995396292148812	dcDNA	PC-12_12h_2	viral_read.count	0.000827247774536262	0.00021207710277241	0.256364670054623	cluster_1
UL36	L	12h	12	PC-12	PC-12_dcDNA_12h	LT934125.1	-	35654	PC-12_12h_3	0.000588994222247153	dcDNA	PC-12_12h_3	viral_read.count	0.000827247774536262	0.00021207710277241	0.256364670054623	cluster_1
UL36	L	12h	12	PK-15	PK-15_dcDNA_12h	LT934125.1	-	137055	PK-15_12h_1	0.000539929225493415	dcDNA	PK-15_12h_1	viral_read.count	0.000432622135460404	0.000134743095614074	0.311456776178772	cluster_1
UL36	L	12h	12	PK-15	PK-15_dcDNA_12h	LT934125.1	-	155287	PK-15_12h_2	0.000476536992793988	dcDNA	PK-15_12h_2	viral_read.count	0.000432622135460404	0.000134743095614074	0.311456776178772	cluster_1
UL36	L	12h	12	PK-15	PK-15_dcDNA_12h	LT934125.1	-	135039	PK-15_12h_3	0.00028140018809381	dcDNA	PK-15_12h_3	viral_read.count	0.000432622135460404	0.000134743095614074	0.311456776178772	cluster_1
UL36	L	1h	1	C6	C6_dcDNA_1h	LT934125.1	-	246	C6_1h_1	0	dcDNA	C6_1h_1	viral_read.count	0	0		cluster_1
UL36	L	1h	1	C6	C6_dcDNA_1h	LT934125.1	-	240	C6_1h_2	0	dcDNA	C6_1h_2	viral_read.count	0	0		cluster_1
UL36	L	1h	1	C6	C6_dcDNA_1h	LT934125.1	-	102	C6_1h_3	0	dcDNA	C6_1h_3	viral_read.count	0	0		cluster_1
UL36	L	1h	1	NRK	NRK_dcDNA_1h	LT934125.1	-	25	NRK_1h_1	0	dcDNA	NRK_1h_1	viral_read.count	0	0		cluster_1
UL36	L	1h	1	NRK	NRK_dcDNA_1h	LT934125.1	-	54	NRK_1h_2	0	dcDNA	NRK_1h_2	viral_read.count	0	0		cluster_1
UL36	L	1h	1	NRK	NRK_dcDNA_1h	LT934125.1	-	20	NRK_1h_3	0	dcDNA	NRK_1h_3	viral_read.count	0	0		cluster_1
UL36	L	1h	1	PC-12	PC-12_dcDNA_1h	LT934125.1	-	154	PC-12_1h_1	0	dcDNA	PC-12_1h_1	viral_read.count	0	0		cluster_1
UL36	L	1h	1	PC-12	PC-12_dcDNA_1h	LT934125.1	-	93	PC-12_1h_2	0	dcDNA	PC-12_1h_2	viral_read.count	0	0		cluster_1
UL36	L	1h	1	PC-12	PC-12_dcDNA_1h	LT934125.1	-	158	PC-12_1h_3	0	dcDNA	PC-12_1h_3	viral_read.count	0	0		cluster_1
UL36	L	1h	1	PK-15	PK-15_dcDNA_1h	LT934125.1	-	129	PK-15_1h_1	0	dcDNA	PK-15_1h_1	viral_read.count	0	0		cluster_1
UL36	L	1h	1	PK-15	PK-15_dcDNA_1h	LT934125.1	-	76	PK-15_1h_2	0	dcDNA	PK-15_1h_2	viral_read.count	0	0		cluster_1
UL36	L	1h	1	PK-15	PK-15_dcDNA_1h	LT934125.1	-	52	PK-15_1h_3	0	dcDNA	PK-15_1h_3	viral_read.count	0	0		cluster_1
UL36	L	2.5h	2.5	PC-12	PC-12_dcDNA_2.5h	LT934125.1	-	478	PC-12_2.5h_1	0	dcDNA	PC-12_2.5h_1	viral_read.count	0	0		cluster_1
UL36	L	2.5h	2.5	PC-12	PC-12_dcDNA_2.5h	LT934125.1	-	231	PC-12_2.5h_2	0	dcDNA	PC-12_2.5h_2	viral_read.count	0	0		cluster_1
UL36	L	2.5h	2.5	PC-12	PC-12_dcDNA_2.5h	LT934125.1	-	545	PC-12_2.5h_3	0	dcDNA	PC-12_2.5h_3	viral_read.count	0	0		cluster_1
UL36	L	2h	2	C6	C6_dcDNA_2h	LT934125.1	-	243	C6_2h_1	0	dcDNA	C6_2h_1	viral_read.count	0	0		cluster_1
UL36	L	2h	2	C6	C6_dcDNA_2h	LT934125.1	-	468	C6_2h_2	0	dcDNA	C6_2h_2	viral_read.count	0	0		cluster_1
UL36	L	2h	2	NRK	NRK_dcDNA_2h	LT934125.1	-	99	NRK_2h_1	0	dcDNA	NRK_2h_1	viral_read.count	0	0		cluster_1
UL36	L	2h	2	NRK	NRK_dcDNA_2h	LT934125.1	-	71	NRK_2h_2	0	dcDNA	NRK_2h_2	viral_read.count	0	0		cluster_1
UL36	L	2h	2	NRK	NRK_dcDNA_2h	LT934125.1	-	122	NRK_2h_3	0	dcDNA	NRK_2h_3	viral_read.count	0	0		cluster_1
UL36	L	2h	2	PC-12	PC-12_dcDNA_2h	LT934125.1	-	439	PC-12_2h_1	0	dcDNA	PC-12_2h_1	viral_read.count	0	0		cluster_1
UL36	L	2h	2	PC-12	PC-12_dcDNA_2h	LT934125.1	-	399	PC-12_2h_2	0	dcDNA	PC-12_2h_2	viral_read.count	0	0		cluster_1
UL36	L	2h	2	PC-12	PC-12_dcDNA_2h	LT934125.1	-	503	PC-12_2h_3	0	dcDNA	PC-12_2h_3	viral_read.count	0	0		cluster_1
UL36	L	2h	2	PK-15	PK-15_dcDNA_2h	LT934125.1	-	482	PK-15_2h_1	0	dcDNA	PK-15_2h_1	viral_read.count	0	0		cluster_1
UL36	L	2h	2	PK-15	PK-15_dcDNA_2h	LT934125.1	-	405	PK-15_2h_2	0	dcDNA	PK-15_2h_2	viral_read.count	0	0		cluster_1
UL36	L	2h	2	PK-15	PK-15_dcDNA_2h	LT934125.1	-	1652	PK-15_2h_3	0	dcDNA	PK-15_2h_3	viral_read.count	0	0		cluster_1
UL36	L	4h	4	C6	C6_dcDNA_4h	LT934125.1	-	680	C6_4h_1	0	dcDNA	C6_4h_1	viral_read.count	0.000485908649173957	0.000841618468206454	1.73205080756888	cluster_1
UL36	L	4h	4	C6	C6_dcDNA_4h	LT934125.1	-	686	C6_4h_2	0.00145772594752187	dcDNA	C6_4h_2	viral_read.count	0.000485908649173957	0.000841618468206454	1.73205080756888	cluster_1
UL36	L	4h	4	C6	C6_dcDNA_4h	LT934125.1	-	312	C6_4h_3	0	dcDNA	C6_4h_3	viral_read.count	0.000485908649173957	0.000841618468206454	1.73205080756888	cluster_1
UL36	L	4h	4	PC-12	PC-12_dcDNA_4h	LT934125.1	-	2800	PC-12_4h_1	0	dcDNA	PC-12_4h_1	viral_read.count	0.000503905265810027	0.000872789522584466	1.73205080756888	cluster_1
UL36	L	4h	4	PC-12	PC-12_dcDNA_4h	LT934125.1	-	2646	PC-12_4h_2	0.00151171579743008	dcDNA	PC-12_4h_2	viral_read.count	0.000503905265810027	0.000872789522584466	1.73205080756888	cluster_1
UL36	L	4h	4	PC-12	PC-12_dcDNA_4h	LT934125.1	-	2996	PC-12_4h_3	0	dcDNA	PC-12_4h_3	viral_read.count	0.000503905265810027	0.000872789522584466	1.73205080756888	cluster_1
UL36	L	4h	4	PK-15	PK-15_dcDNA_4h	LT934125.1	-	7826	PK-15_4h_1	0	dcDNA	PK-15_4h_1	viral_read.count	5.02537815970653e-05	8.7042102998587e-05	1.73205080756888	cluster_1
UL36	L	4h	4	PK-15	PK-15_dcDNA_4h	LT934125.1	-	8046	PK-15_4h_2	0	dcDNA	PK-15_4h_2	viral_read.count	5.02537815970653e-05	8.7042102998587e-05	1.73205080756888	cluster_1
UL36	L	4h	4	PK-15	PK-15_dcDNA_4h	LT934125.1	-	6633	PK-15_4h_3	0.000150761344791196	dcDNA	PK-15_4h_3	viral_read.count	5.02537815970653e-05	8.7042102998587e-05	1.73205080756888	cluster_1
UL36	L	6h	6	C6	C6_dcDNA_6h	LT934125.1	-	2759	C6_6h_1	0	dcDNA	C6_6h_1	viral_read.count	9.1877986034546e-05	0.000159137339908937	1.73205080756888	cluster_1
UL36	L	6h	6	C6	C6_dcDNA_6h	LT934125.1	-	4220	C6_6h_2	0	dcDNA	C6_6h_2	viral_read.count	9.1877986034546e-05	0.000159137339908937	1.73205080756888	cluster_1
UL36	L	6h	6	C6	C6_dcDNA_6h	LT934125.1	-	3628	C6_6h_3	0.000275633958103638	dcDNA	C6_6h_3	viral_read.count	9.1877986034546e-05	0.000159137339908937	1.73205080756888	cluster_1
UL36	L	6h	6	PC-12	PC-12_dcDNA_6h	LT934125.1	-	7517	PC-12_6h_1	0.000133031794598909	dcDNA	PC-12_6h_1	viral_read.count	0.000158070759691732	0.000171962911921607	1.08788565486094	cluster_1
UL36	L	6h	6	PC-12	PC-12_dcDNA_6h	LT934125.1	-	13589	PC-12_6h_2	0	dcDNA	PC-12_6h_2	viral_read.count	0.000158070759691732	0.000171962911921607	1.08788565486094	cluster_1
UL36	L	6h	6	PC-12	PC-12_dcDNA_6h	LT934125.1	-	11724	PC-12_6h_3	0.000341180484476288	dcDNA	PC-12_6h_3	viral_read.count	0.000158070759691732	0.000171962911921607	1.08788565486094	cluster_1
UL36	L	6h	6	PK-15	PK-15_dcDNA_6h	LT934125.1	-	37872	PK-15_6h_1	0.000132023658639628	dcDNA	PK-15_6h_1	viral_read.count	0.000150899749960134	1.69492667910609e-05	0.112321370946862	cluster_1
UL36	L	6h	6	PK-15	PK-15_dcDNA_6h	LT934125.1	-	30337	PK-15_6h_2	0.000164815242113591	dcDNA	PK-15_6h_2	viral_read.count	0.000150899749960134	1.69492667910609e-05	0.112321370946862	cluster_1
UL36	L	6h	6	PK-15	PK-15_dcDNA_6h	LT934125.1	-	44912	PK-15_6h_3	0.000155860349127182	dcDNA	PK-15_6h_3	viral_read.count	0.000150899749960134	1.69492667910609e-05	0.112321370946862	cluster_1
UL36	L	8h	8	C6	C6_dcDNA_8h	LT934125.1	-	10124	C6_8h_1	0.00029632556301857	dcDNA	C6_8h_1	viral_read.count	0.000358985415381674	0.000205558190682678	0.572608751985447	cluster_1
UL36	L	8h	8	C6	C6_dcDNA_8h	LT934125.1	-	10414	C6_8h_2	0.000192049164586134	dcDNA	C6_8h_2	viral_read.count	0.000358985415381674	0.000205558190682678	0.572608751985447	cluster_1
UL36	L	8h	8	C6	C6_dcDNA_8h	LT934125.1	-	8495	C6_8h_3	0.000588581518540318	dcDNA	C6_8h_3	viral_read.count	0.000358985415381674	0.000205558190682678	0.572608751985447	cluster_1
UL36	L	8h	8	PC-12	PC-12_dcDNA_8h	LT934125.1	-	14035	PC-12_8h_1	0.000427502671891699	dcDNA	PC-12_8h_1	viral_read.count	0.000596306806489078	0.000238725096532267	0.400339378880861	cluster_1
UL36	L	8h	8	PC-12	PC-12_dcDNA_8h	LT934125.1	-	15684	PC-12_8h_2	0.000765110941086458	dcDNA	PC-12_8h_2	viral_read.count	0.000596306806489078	0.000238725096532267	0.400339378880861	cluster_1
UL36	L	8h	8	PK-15	PK-15_dcDNA_8h	LT934125.1	-	69419	PK-15_8h_1	0.000763479738976361	dcDNA	PK-15_8h_1	viral_read.count	0.000604389800052329	0.000143545162283051	0.237504276661556	cluster_1
UL36	L	8h	8	PK-15	PK-15_dcDNA_8h	LT934125.1	-	74319	PK-15_8h_2	0.000565131393048884	dcDNA	PK-15_8h_2	viral_read.count	0.000604389800052329	0.000143545162283051	0.237504276661556	cluster_1
UL36	L	8h	8	PK-15	PK-15_dcDNA_8h	LT934125.1	-	70167	PK-15_8h_3	0.000484558268131743	dcDNA	PK-15_8h_3	viral_read.count	0.000604389800052329	0.000143545162283051	0.237504276661556	cluster_1
UL37	L	""		C6	C6_dRNA	LT934125.1	-	3	C6_dRNA	0	dcDNA	C6_dRNA	viral_read.count	0			cluster_1
UL37	L	""		PC-12	PC-12_dRNA	LT934125.1	-	20	PC-12_dRNA	0	dcDNA	PC-12_dRNA	viral_read.count	0			cluster_1
UL37	L	""		PK-15	PK-15_dRNA	LT934125.1	-	68	PK-15_dRNA	0	dcDNA	PK-15_dRNA	viral_read.count	0			cluster_1
UL37	L	0.5h	0.5	PC-12	PC-12_dcDNA_0.5h	LT934125.1	-	13	PC-12_0.5h_1	0	dcDNA	PC-12_0.5h_1	viral_read.count	0	0		cluster_1
UL37	L	0.5h	0.5	PC-12	PC-12_dcDNA_0.5h	LT934125.1	-	13	PC-12_0.5h_2	0	dcDNA	PC-12_0.5h_2	viral_read.count	0	0		cluster_1
UL37	L	0.5h	0.5	PC-12	PC-12_dcDNA_0.5h	LT934125.1	-	2	PC-12_0.5h_3	0	dcDNA	PC-12_0.5h_3	viral_read.count	0	0		cluster_1
UL37	L	1.5h	1.5	PC-12	PC-12_dcDNA_1.5h	LT934125.1	-	138	PC-12_1.5h_1	0	dcDNA	PC-12_1.5h_1	viral_read.count	0	0		cluster_1
UL37	L	1.5h	1.5	PC-12	PC-12_dcDNA_1.5h	LT934125.1	-	129	PC-12_1.5h_2	0	dcDNA	PC-12_1.5h_2	viral_read.count	0	0		cluster_1
UL37	L	1.5h	1.5	PC-12	PC-12_dcDNA_1.5h	LT934125.1	-	152	PC-12_1.5h_3	0	dcDNA	PC-12_1.5h_3	viral_read.count	0	0		cluster_1
UL37	L	12h	12	C6	C6_dcDNA_12h	LT934125.1	-	56266	C6_12h_1	0.00259481747414069	dcDNA	C6_12h_1	viral_read.count	0.00314208509404993	0.000956474365429846	0.304407530923046	cluster_1
UL37	L	12h	12	C6	C6_dcDNA_12h	LT934125.1	-	49131	C6_12h_2	0.0025849260141255	dcDNA	C6_12h_2	viral_read.count	0.00314208509404993	0.000956474365429846	0.304407530923046	cluster_1
UL37	L	12h	12	C6	C6_dcDNA_12h	LT934125.1	-	28023	C6_12h_3	0.0042465117938836	dcDNA	C6_12h_3	viral_read.count	0.00314208509404993	0.000956474365429846	0.304407530923046	cluster_1
UL37	L	12h	12	PC-12	PC-12_dcDNA_12h	LT934125.1	-	40118	PC-12_12h_1	0.00132110274689666	dcDNA	PC-12_12h_1	viral_read.count	0.00105493809498844	0.000365911191215705	0.346855605038809	cluster_1
UL37	L	12h	12	PC-12	PC-12_dcDNA_12h	LT934125.1	-	64296	PC-12_12h_2	0.000637675749657833	dcDNA	PC-12_12h_2	viral_read.count	0.00105493809498844	0.000365911191215705	0.346855605038809	cluster_1
UL37	L	12h	12	PC-12	PC-12_dcDNA_12h	LT934125.1	-	35654	PC-12_12h_3	0.00120603578841084	dcDNA	PC-12_12h_3	viral_read.count	0.00105493809498844	0.000365911191215705	0.346855605038809	cluster_1
UL37	L	12h	12	PK-15	PK-15_dcDNA_12h	LT934125.1	-	137055	PK-15_12h_1	0.000802597497355077	dcDNA	PK-15_12h_1	viral_read.count	0.000748563049058299	0.000131278239980388	0.175373657764082	cluster_1
UL37	L	12h	12	PK-15	PK-15_dcDNA_12h	LT934125.1	-	155287	PK-15_12h_2	0.00059889108553839	dcDNA	PK-15_12h_2	viral_read.count	0.000748563049058299	0.000131278239980388	0.175373657764082	cluster_1
UL37	L	12h	12	PK-15	PK-15_dcDNA_12h	LT934125.1	-	135039	PK-15_12h_3	0.00084420056428143	dcDNA	PK-15_12h_3	viral_read.count	0.000748563049058299	0.000131278239980388	0.175373657764082	cluster_1
UL37	L	1h	1	C6	C6_dcDNA_1h	LT934125.1	-	246	C6_1h_1	0	dcDNA	C6_1h_1	viral_read.count	0	0		cluster_1
UL37	L	1h	1	C6	C6_dcDNA_1h	LT934125.1	-	240	C6_1h_2	0	dcDNA	C6_1h_2	viral_read.count	0	0		cluster_1
UL37	L	1h	1	C6	C6_dcDNA_1h	LT934125.1	-	102	C6_1h_3	0	dcDNA	C6_1h_3	viral_read.count	0	0		cluster_1
UL37	L	1h	1	NRK	NRK_dcDNA_1h	LT934125.1	-	25	NRK_1h_1	0	dcDNA	NRK_1h_1	viral_read.count	0	0		cluster_1
UL37	L	1h	1	NRK	NRK_dcDNA_1h	LT934125.1	-	54	NRK_1h_2	0	dcDNA	NRK_1h_2	viral_read.count	0	0		cluster_1
UL37	L	1h	1	NRK	NRK_dcDNA_1h	LT934125.1	-	20	NRK_1h_3	0	dcDNA	NRK_1h_3	viral_read.count	0	0		cluster_1
UL37	L	1h	1	PC-12	PC-12_dcDNA_1h	LT934125.1	-	154	PC-12_1h_1	0	dcDNA	PC-12_1h_1	viral_read.count	0	0		cluster_1
UL37	L	1h	1	PC-12	PC-12_dcDNA_1h	LT934125.1	-	93	PC-12_1h_2	0	dcDNA	PC-12_1h_2	viral_read.count	0	0		cluster_1
UL37	L	1h	1	PC-12	PC-12_dcDNA_1h	LT934125.1	-	158	PC-12_1h_3	0	dcDNA	PC-12_1h_3	viral_read.count	0	0		cluster_1
UL37	L	1h	1	PK-15	PK-15_dcDNA_1h	LT934125.1	-	129	PK-15_1h_1	0	dcDNA	PK-15_1h_1	viral_read.count	0	0		cluster_1
UL37	L	1h	1	PK-15	PK-15_dcDNA_1h	LT934125.1	-	76	PK-15_1h_2	0	dcDNA	PK-15_1h_2	viral_read.count	0	0		cluster_1
UL37	L	1h	1	PK-15	PK-15_dcDNA_1h	LT934125.1	-	52	PK-15_1h_3	0	dcDNA	PK-15_1h_3	viral_read.count	0	0		cluster_1
UL37	L	2.5h	2.5	PC-12	PC-12_dcDNA_2.5h	LT934125.1	-	478	PC-12_2.5h_1	0	dcDNA	PC-12_2.5h_1	viral_read.count	0	0		cluster_1
UL37	L	2.5h	2.5	PC-12	PC-12_dcDNA_2.5h	LT934125.1	-	231	PC-12_2.5h_2	0	dcDNA	PC-12_2.5h_2	viral_read.count	0	0		cluster_1
UL37	L	2.5h	2.5	PC-12	PC-12_dcDNA_2.5h	LT934125.1	-	545	PC-12_2.5h_3	0	dcDNA	PC-12_2.5h_3	viral_read.count	0	0		cluster_1
UL37	L	2h	2	C6	C6_dcDNA_2h	LT934125.1	-	243	C6_2h_1	0	dcDNA	C6_2h_1	viral_read.count	0	0		cluster_1
UL37	L	2h	2	C6	C6_dcDNA_2h	LT934125.1	-	468	C6_2h_2	0	dcDNA	C6_2h_2	viral_read.count	0	0		cluster_1
UL37	L	2h	2	NRK	NRK_dcDNA_2h	LT934125.1	-	99	NRK_2h_1	0	dcDNA	NRK_2h_1	viral_read.count	0.00469483568075117	0.00813169393224824	1.73205080756888	cluster_1
UL37	L	2h	2	NRK	NRK_dcDNA_2h	LT934125.1	-	71	NRK_2h_2	0.0140845070422535	dcDNA	NRK_2h_2	viral_read.count	0.00469483568075117	0.00813169393224824	1.73205080756888	cluster_1
UL37	L	2h	2	NRK	NRK_dcDNA_2h	LT934125.1	-	122	NRK_2h_3	0	dcDNA	NRK_2h_3	viral_read.count	0.00469483568075117	0.00813169393224824	1.73205080756888	cluster_1
UL37	L	2h	2	PC-12	PC-12_dcDNA_2h	LT934125.1	-	439	PC-12_2h_1	0	dcDNA	PC-12_2h_1	viral_read.count	0.000835421888053467	0.00144699315586372	1.73205080756888	cluster_1
UL37	L	2h	2	PC-12	PC-12_dcDNA_2h	LT934125.1	-	399	PC-12_2h_2	0.0025062656641604	dcDNA	PC-12_2h_2	viral_read.count	0.000835421888053467	0.00144699315586372	1.73205080756888	cluster_1
UL37	L	2h	2	PC-12	PC-12_dcDNA_2h	LT934125.1	-	503	PC-12_2h_3	0	dcDNA	PC-12_2h_3	viral_read.count	0.000835421888053467	0.00144699315586372	1.73205080756888	cluster_1
UL37	L	2h	2	PK-15	PK-15_dcDNA_2h	LT934125.1	-	482	PK-15_2h_1	0	dcDNA	PK-15_2h_1	viral_read.count	0	0		cluster_1
UL37	L	2h	2	PK-15	PK-15_dcDNA_2h	LT934125.1	-	405	PK-15_2h_2	0	dcDNA	PK-15_2h_2	viral_read.count	0	0		cluster_1
UL37	L	2h	2	PK-15	PK-15_dcDNA_2h	LT934125.1	-	1652	PK-15_2h_3	0	dcDNA	PK-15_2h_3	viral_read.count	0	0		cluster_1
UL37	L	4h	4	C6	C6_dcDNA_4h	LT934125.1	-	680	C6_4h_1	0.00294117647058824	dcDNA	C6_4h_1	viral_read.count	0.000980392156862747	0.00169808902702831	1.73205080756888	cluster_1
UL37	L	4h	4	C6	C6_dcDNA_4h	LT934125.1	-	686	C6_4h_2	0	dcDNA	C6_4h_2	viral_read.count	0.000980392156862747	0.00169808902702831	1.73205080756888	cluster_1
UL37	L	4h	4	C6	C6_dcDNA_4h	LT934125.1	-	312	C6_4h_3	0	dcDNA	C6_4h_3	viral_read.count	0.000980392156862747	0.00169808902702831	1.73205080756888	cluster_1
UL37	L	4h	4	PC-12	PC-12_dcDNA_4h	LT934125.1	-	2800	PC-12_4h_1	0.00178571428571429	dcDNA	PC-12_4h_1	viral_read.count	0.000595238095238097	0.00103098262355291	1.73205080756888	cluster_1
UL37	L	4h	4	PC-12	PC-12_dcDNA_4h	LT934125.1	-	2646	PC-12_4h_2	0	dcDNA	PC-12_4h_2	viral_read.count	0.000595238095238097	0.00103098262355291	1.73205080756888	cluster_1
UL37	L	4h	4	PC-12	PC-12_dcDNA_4h	LT934125.1	-	2996	PC-12_4h_3	0	dcDNA	PC-12_4h_3	viral_read.count	0.000595238095238097	0.00103098262355291	1.73205080756888	cluster_1
UL37	L	4h	4	PK-15	PK-15_dcDNA_4h	LT934125.1	-	7826	PK-15_4h_1	0.000766675185279836	dcDNA	PK-15_4h_1	viral_read.count	0.000631112662263293	0.000223749294934011	0.354531462150677	cluster_1
UL37	L	4h	4	PK-15	PK-15_dcDNA_4h	LT934125.1	-	8046	PK-15_4h_2	0.000372856077554064	dcDNA	PK-15_4h_2	viral_read.count	0.000631112662263293	0.000223749294934011	0.354531462150677	cluster_1
UL37	L	4h	4	PK-15	PK-15_dcDNA_4h	LT934125.1	-	6633	PK-15_4h_3	0.000753806723955978	dcDNA	PK-15_4h_3	viral_read.count	0.000631112662263293	0.000223749294934011	0.354531462150677	cluster_1
UL37	L	6h	6	C6	C6_dcDNA_6h	LT934125.1	-	2759	C6_6h_1	0.00181225081551287	dcDNA	C6_6h_1	viral_read.count	0.00166795230412642	0.000893682892108376	0.535796431287305	cluster_1
UL37	L	6h	6	C6	C6_dcDNA_6h	LT934125.1	-	4220	C6_6h_2	0.000710900473933649	dcDNA	C6_6h_2	viral_read.count	0.00166795230412642	0.000893682892108376	0.535796431287305	cluster_1
UL37	L	6h	6	C6	C6_dcDNA_6h	LT934125.1	-	3628	C6_6h_3	0.00248070562293275	dcDNA	C6_6h_3	viral_read.count	0.00166795230412642	0.000893682892108376	0.535796431287305	cluster_1
UL37	L	6h	6	PC-12	PC-12_dcDNA_6h	LT934125.1	-	7517	PC-12_6h_1	0.00106425435679127	dcDNA	PC-12_6h_1	viral_read.count	0.00129133025418054	0.000359575025127031	0.278453187294998	cluster_1
UL37	L	6h	6	PC-12	PC-12_dcDNA_6h	LT934125.1	-	13589	PC-12_6h_2	0.0011038339833689	dcDNA	PC-12_6h_2	viral_read.count	0.00129133025418054	0.000359575025127031	0.278453187294998	cluster_1
UL37	L	6h	6	PC-12	PC-12_dcDNA_6h	LT934125.1	-	11724	PC-12_6h_3	0.00170590242238144	dcDNA	PC-12_6h_3	viral_read.count	0.00129133025418054	0.000359575025127031	0.278453187294998	cluster_1
UL37	L	6h	6	PK-15	PK-15_dcDNA_6h	LT934125.1	-	37872	PK-15_6h_1	0.000950570342205323	dcDNA	PK-15_6h_1	viral_read.count	0.000968614848932463	0.000176761716924416	0.182489166998865	cluster_1
UL37	L	6h	6	PK-15	PK-15_dcDNA_6h	LT934125.1	-	30337	PK-15_6h_2	0.00115370669479513	dcDNA	PK-15_6h_2	viral_read.count	0.000968614848932463	0.000176761716924416	0.182489166998865	cluster_1
UL37	L	6h	6	PK-15	PK-15_dcDNA_6h	LT934125.1	-	44912	PK-15_6h_3	0.000801567509796936	dcDNA	PK-15_6h_3	viral_read.count	0.000968614848932463	0.000176761716924416	0.182489166998865	cluster_1
UL37	L	8h	8	C6	C6_dcDNA_8h	LT934125.1	-	10124	C6_8h_1	0.00167917819043856	dcDNA	C6_8h_1	viral_read.count	0.0015210306624598	0.000406290544878328	0.267115288932623	cluster_1
UL37	L	8h	8	C6	C6_dcDNA_8h	LT934125.1	-	10414	C6_8h_2	0.00182446706356827	dcDNA	C6_8h_2	viral_read.count	0.0015210306624598	0.000406290544878328	0.267115288932623	cluster_1
UL37	L	8h	8	C6	C6_dcDNA_8h	LT934125.1	-	8495	C6_8h_3	0.00105944673337257	dcDNA	C6_8h_3	viral_read.count	0.0015210306624598	0.000406290544878328	0.267115288932623	cluster_1
UL37	L	8h	8	PC-12	PC-12_dcDNA_8h	LT934125.1	-	14035	PC-12_8h_1	0.000712504453152832	dcDNA	PC-12_8h_1	viral_read.count	0.000930085432391261	0.000307705971753405	0.330836244754731	cluster_1
UL37	L	8h	8	PC-12	PC-12_dcDNA_8h	LT934125.1	-	15684	PC-12_8h_2	0.00114766641162969	dcDNA	PC-12_8h_2	viral_read.count	0.000930085432391261	0.000307705971753405	0.330836244754731	cluster_1
UL37	L	8h	8	PK-15	PK-15_dcDNA_8h	LT934125.1	-	69419	PK-15_8h_1	0.00168541753698555	dcDNA	PK-15_8h_1	viral_read.count	0.00127003848974762	0.00037976892137285	0.299021584336642	cluster_1
UL37	L	8h	8	PK-15	PK-15_dcDNA_8h	LT934125.1	-	74319	PK-15_8h_2	0.00118408482353099	dcDNA	PK-15_8h_2	viral_read.count	0.00127003848974762	0.00037976892137285	0.299021584336642	cluster_1
UL37	L	8h	8	PK-15	PK-15_dcDNA_8h	LT934125.1	-	70167	PK-15_8h_3	0.000940613108726324	dcDNA	PK-15_8h_3	viral_read.count	0.00127003848974762	0.00037976892137285	0.299021584336642	cluster_1
UL38	E	""		C6	C6_dRNA	LT934125.1	+	3	C6_dRNA	0	dcDNA	C6_dRNA	viral_read.count	0			cluster_5
UL38	E	""		PC-12	PC-12_dRNA	LT934125.1	+	20	PC-12_dRNA	0	dcDNA	PC-12_dRNA	viral_read.count	0			cluster_5
UL38	E	""		PK-15	PK-15_dRNA	LT934125.1	+	68	PK-15_dRNA	0	dcDNA	PK-15_dRNA	viral_read.count	0			cluster_5
UL38	E	0.5h	0.5	PC-12	PC-12_dcDNA_0.5h	LT934125.1	+	13	PC-12_0.5h_1	0	dcDNA	PC-12_0.5h_1	viral_read.count	0	0		cluster_5
UL38	E	0.5h	0.5	PC-12	PC-12_dcDNA_0.5h	LT934125.1	+	13	PC-12_0.5h_2	0	dcDNA	PC-12_0.5h_2	viral_read.count	0	0		cluster_5
UL38	E	0.5h	0.5	PC-12	PC-12_dcDNA_0.5h	LT934125.1	+	2	PC-12_0.5h_3	0	dcDNA	PC-12_0.5h_3	viral_read.count	0	0		cluster_5
UL38	E	1.5h	1.5	PC-12	PC-12_dcDNA_1.5h	LT934125.1	+	138	PC-12_1.5h_1	0	dcDNA	PC-12_1.5h_1	viral_read.count	0.00258397932816537	0.00447558348209012	1.73205080756888	cluster_5
UL38	E	1.5h	1.5	PC-12	PC-12_dcDNA_1.5h	LT934125.1	+	129	PC-12_1.5h_2	0.00775193798449612	dcDNA	PC-12_1.5h_2	viral_read.count	0.00258397932816537	0.00447558348209012	1.73205080756888	cluster_5
UL38	E	1.5h	1.5	PC-12	PC-12_dcDNA_1.5h	LT934125.1	+	152	PC-12_1.5h_3	0	dcDNA	PC-12_1.5h_3	viral_read.count	0.00258397932816537	0.00447558348209012	1.73205080756888	cluster_5
UL38	E	12h	12	C6	C6_dcDNA_12h	LT934125.1	+	56266	C6_12h_1	0.0116055877439306	dcDNA	C6_12h_1	viral_read.count	0.0127674148392651	0.00132270733291707	0.103600247158038	cluster_5
UL38	E	12h	12	C6	C6_dcDNA_12h	LT934125.1	+	49131	C6_12h_2	0.0142069162036189	dcDNA	C6_12h_2	viral_read.count	0.0127674148392651	0.00132270733291707	0.103600247158038	cluster_5
UL38	E	12h	12	C6	C6_dcDNA_12h	LT934125.1	+	28023	C6_12h_3	0.0124897405702459	dcDNA	C6_12h_3	viral_read.count	0.0127674148392651	0.00132270733291707	0.103600247158038	cluster_5
UL38	E	12h	12	PC-12	PC-12_dcDNA_12h	LT934125.1	+	40118	PC-12_12h_1	0.00919786629443143	dcDNA	PC-12_12h_1	viral_read.count	0.0109365300410914	0.00189587526080163	0.173352539944418	cluster_5
UL38	E	12h	12	PC-12	PC-12_dcDNA_12h	LT934125.1	+	64296	PC-12_12h_2	0.0106538509394053	dcDNA	PC-12_12h_2	viral_read.count	0.0109365300410914	0.00189587526080163	0.173352539944418	cluster_5
UL38	E	12h	12	PC-12	PC-12_dcDNA_12h	LT934125.1	+	35654	PC-12_12h_3	0.0129578728894374	dcDNA	PC-12_12h_3	viral_read.count	0.0109365300410914	0.00189587526080163	0.173352539944418	cluster_5
UL38	E	12h	12	PK-15	PK-15_dcDNA_12h	LT934125.1	+	137055	PK-15_12h_1	0.0150669439276203	dcDNA	PK-15_12h_1	viral_read.count	0.017710301820763	0.00276721658808265	0.156248979610187	cluster_5
UL38	E	12h	12	PK-15	PK-15_dcDNA_12h	LT934125.1	+	155287	PK-15_12h_2	0.0174773161951741	dcDNA	PK-15_12h_2	viral_read.count	0.017710301820763	0.00276721658808265	0.156248979610187	cluster_5
UL38	E	12h	12	PK-15	PK-15_dcDNA_12h	LT934125.1	+	135039	PK-15_12h_3	0.0205866453394945	dcDNA	PK-15_12h_3	viral_read.count	0.017710301820763	0.00276721658808265	0.156248979610187	cluster_5
UL38	E	1h	1	C6	C6_dcDNA_1h	LT934125.1	+	246	C6_1h_1	0.0121951219512195	dcDNA	C6_1h_1	viral_read.count	0.0133787661406026	0.00572969484396649	0.428267807640176	cluster_5
UL38	E	1h	1	C6	C6_dcDNA_1h	LT934125.1	+	240	C6_1h_2	0.00833333333333333	dcDNA	C6_1h_2	viral_read.count	0.0133787661406026	0.00572969484396649	0.428267807640176	cluster_5
UL38	E	1h	1	C6	C6_dcDNA_1h	LT934125.1	+	102	C6_1h_3	0.0196078431372549	dcDNA	C6_1h_3	viral_read.count	0.0133787661406026	0.00572969484396649	0.428267807640176	cluster_5
UL38	E	1h	1	NRK	NRK_dcDNA_1h	LT934125.1	+	25	NRK_1h_1	0	dcDNA	NRK_1h_1	viral_read.count	0	0		cluster_5
UL38	E	1h	1	NRK	NRK_dcDNA_1h	LT934125.1	+	54	NRK_1h_2	0	dcDNA	NRK_1h_2	viral_read.count	0	0		cluster_5
UL38	E	1h	1	NRK	NRK_dcDNA_1h	LT934125.1	+	20	NRK_1h_3	0	dcDNA	NRK_1h_3	viral_read.count	0	0		cluster_5
UL38	E	1h	1	PC-12	PC-12_dcDNA_1h	LT934125.1	+	154	PC-12_1h_1	0.00649350649350649	dcDNA	PC-12_1h_1	viral_read.count	0.0063839114472026	0.00632982554019008	0.991527779252605	cluster_5
UL38	E	1h	1	PC-12	PC-12_dcDNA_1h	LT934125.1	+	93	PC-12_1h_2	0	dcDNA	PC-12_1h_2	viral_read.count	0.0063839114472026	0.00632982554019008	0.991527779252605	cluster_5
UL38	E	1h	1	PC-12	PC-12_dcDNA_1h	LT934125.1	+	158	PC-12_1h_3	0.0126582278481013	dcDNA	PC-12_1h_3	viral_read.count	0.0063839114472026	0.00632982554019008	0.991527779252605	cluster_5
UL38	E	1h	1	PK-15	PK-15_dcDNA_1h	LT934125.1	+	129	PK-15_1h_1	0	dcDNA	PK-15_1h_1	viral_read.count	0	0		cluster_5
UL38	E	1h	1	PK-15	PK-15_dcDNA_1h	LT934125.1	+	76	PK-15_1h_2	0	dcDNA	PK-15_1h_2	viral_read.count	0	0		cluster_5
UL38	E	1h	1	PK-15	PK-15_dcDNA_1h	LT934125.1	+	52	PK-15_1h_3	0	dcDNA	PK-15_1h_3	viral_read.count	0	0		cluster_5
UL38	E	2.5h	2.5	PC-12	PC-12_dcDNA_2.5h	LT934125.1	+	478	PC-12_2.5h_1	0.00627615062761506	dcDNA	PC-12_2.5h_1	viral_read.count	0.00720477642284866	0.0034355388443247	0.476841839731417	cluster_5
UL38	E	2.5h	2.5	PC-12	PC-12_dcDNA_2.5h	LT934125.1	+	231	PC-12_2.5h_2	0.00432900432900433	dcDNA	PC-12_2.5h_2	viral_read.count	0.00720477642284866	0.0034355388443247	0.476841839731417	cluster_5
UL38	E	2.5h	2.5	PC-12	PC-12_dcDNA_2.5h	LT934125.1	+	545	PC-12_2.5h_3	0.0110091743119266	dcDNA	PC-12_2.5h_3	viral_read.count	0.00720477642284866	0.0034355388443247	0.476841839731417	cluster_5
UL38	E	2h	2	C6	C6_dcDNA_2h	LT934125.1	+	243	C6_2h_1	0.00823045267489712	dcDNA	C6_2h_1	viral_read.count	0.00732035454257677	0.00128707312181787	0.175821145592331	cluster_5
UL38	E	2h	2	C6	C6_dcDNA_2h	LT934125.1	+	468	C6_2h_2	0.00641025641025641	dcDNA	C6_2h_2	viral_read.count	0.00732035454257677	0.00128707312181787	0.175821145592331	cluster_5
UL38	E	2h	2	NRK	NRK_dcDNA_2h	LT934125.1	+	99	NRK_2h_1	0.0202020202020202	dcDNA	NRK_2h_1	viral_read.count	0.0176629684826406	0.0165402554018142	0.936436897233337	cluster_5
UL38	E	2h	2	NRK	NRK_dcDNA_2h	LT934125.1	+	71	NRK_2h_2	0	dcDNA	NRK_2h_2	viral_read.count	0.0176629684826406	0.0165402554018142	0.936436897233337	cluster_5
UL38	E	2h	2	NRK	NRK_dcDNA_2h	LT934125.1	+	122	NRK_2h_3	0.0327868852459016	dcDNA	NRK_2h_3	viral_read.count	0.0176629684826406	0.0165402554018142	0.936436897233337	cluster_5
UL38	E	2h	2	PC-12	PC-12_dcDNA_2h	LT934125.1	+	439	PC-12_2h_1	0.00227790432801822	dcDNA	PC-12_2h_1	viral_read.count	0.00525363867740968	0.00269173321588858	0.512355984331938	cluster_5
UL38	E	2h	2	PC-12	PC-12_dcDNA_2h	LT934125.1	+	399	PC-12_2h_2	0.0075187969924812	dcDNA	PC-12_2h_2	viral_read.count	0.00525363867740968	0.00269173321588858	0.512355984331938	cluster_5
UL38	E	2h	2	PC-12	PC-12_dcDNA_2h	LT934125.1	+	503	PC-12_2h_3	0.00596421471172962	dcDNA	PC-12_2h_3	viral_read.count	0.00525363867740968	0.00269173321588858	0.512355984331938	cluster_5
UL38	E	2h	2	PK-15	PK-15_dcDNA_2h	LT934125.1	+	482	PK-15_2h_1	0.004149377593361	dcDNA	PK-15_2h_1	viral_read.count	0.00746828016053076	0.00508064065171456	0.680295937284909	cluster_5
UL38	E	2h	2	PK-15	PK-15_dcDNA_2h	LT934125.1	+	405	PK-15_2h_2	0.00493827160493827	dcDNA	PK-15_2h_2	viral_read.count	0.00746828016053076	0.00508064065171456	0.680295937284909	cluster_5
UL38	E	2h	2	PK-15	PK-15_dcDNA_2h	LT934125.1	+	1652	PK-15_2h_3	0.013317191283293	dcDNA	PK-15_2h_3	viral_read.count	0.00746828016053076	0.00508064065171456	0.680295937284909	cluster_5
UL38	E	4h	4	C6	C6_dcDNA_4h	LT934125.1	+	680	C6_4h_1	0.00882352941176471	dcDNA	C6_4h_1	viral_read.count	0.0131421433042081	0.00380949757092782	0.289868819928939	cluster_5
UL38	E	4h	4	C6	C6_dcDNA_4h	LT934125.1	+	686	C6_4h_2	0.0145772594752187	dcDNA	C6_4h_2	viral_read.count	0.0131421433042081	0.00380949757092782	0.289868819928939	cluster_5
UL38	E	4h	4	C6	C6_dcDNA_4h	LT934125.1	+	312	C6_4h_3	0.016025641025641	dcDNA	C6_4h_3	viral_read.count	0.0131421433042081	0.00380949757092782	0.289868819928939	cluster_5
UL38	E	4h	4	PC-12	PC-12_dcDNA_4h	LT934125.1	+	2800	PC-12_4h_1	0.00964285714285714	dcDNA	PC-12_4h_1	viral_read.count	0.0129574353105728	0.0052624700373916	0.406135158019859	cluster_5
UL38	E	4h	4	PC-12	PC-12_dcDNA_4h	LT934125.1	+	2646	PC-12_4h_2	0.0102040816326531	dcDNA	PC-12_4h_2	viral_read.count	0.0129574353105728	0.0052624700373916	0.406135158019859	cluster_5
UL38	E	4h	4	PC-12	PC-12_dcDNA_4h	LT934125.1	+	2996	PC-12_4h_3	0.0190253671562083	dcDNA	PC-12_4h_3	viral_read.count	0.0129574353105728	0.0052624700373916	0.406135158019859	cluster_5
UL38	E	4h	4	PK-15	PK-15_dcDNA_4h	LT934125.1	+	7826	PK-15_4h_1	0.0236391515461283	dcDNA	PK-15_4h_1	viral_read.count	0.0215744347900797	0.00303369340164053	0.14061519716083	cluster_5
UL38	E	4h	4	PK-15	PK-15_dcDNA_4h	LT934125.1	+	8046	PK-15_4h_2	0.0229927914491673	dcDNA	PK-15_4h_2	viral_read.count	0.0215744347900797	0.00303369340164053	0.14061519716083	cluster_5
UL38	E	4h	4	PK-15	PK-15_dcDNA_4h	LT934125.1	+	6633	PK-15_4h_3	0.0180913613749435	dcDNA	PK-15_4h_3	viral_read.count	0.0215744347900797	0.00303369340164053	0.14061519716083	cluster_5
UL38	E	6h	6	C6	C6_dcDNA_6h	LT934125.1	+	2759	C6_6h_1	0.0155853570134107	dcDNA	C6_6h_1	viral_read.count	0.0147378888601304	0.000929323257555312	0.0630567421409563	cluster_5
UL38	E	6h	6	C6	C6_dcDNA_6h	LT934125.1	+	4220	C6_6h_2	0.0137440758293839	dcDNA	C6_6h_2	viral_read.count	0.0147378888601304	0.000929323257555312	0.0630567421409563	cluster_5
UL38	E	6h	6	C6	C6_dcDNA_6h	LT934125.1	+	3628	C6_6h_3	0.0148842337375965	dcDNA	C6_6h_3	viral_read.count	0.0147378888601304	0.000929323257555312	0.0630567421409563	cluster_5
UL38	E	6h	6	PC-12	PC-12_dcDNA_6h	LT934125.1	+	7517	PC-12_6h_1	0.0135692430490887	dcDNA	PC-12_6h_1	viral_read.count	0.0146922274325363	0.00140170547787481	0.0954045589282607	cluster_5
UL38	E	6h	6	PC-12	PC-12_dcDNA_6h	LT934125.1	+	13589	PC-12_6h_2	0.0162631540216351	dcDNA	PC-12_6h_2	viral_read.count	0.0146922274325363	0.00140170547787481	0.0954045589282607	cluster_5
UL38	E	6h	6	PC-12	PC-12_dcDNA_6h	LT934125.1	+	11724	PC-12_6h_3	0.014244285226885	dcDNA	PC-12_6h_3	viral_read.count	0.0146922274325363	0.00140170547787481	0.0954045589282607	cluster_5
UL38	E	6h	6	PK-15	PK-15_dcDNA_6h	LT934125.1	+	37872	PK-15_6h_1	0.0241075200675961	dcDNA	PK-15_6h_1	viral_read.count	0.0216090264666344	0.00417572797928083	0.193239986342208	cluster_5
UL38	E	6h	6	PK-15	PK-15_dcDNA_6h	LT934125.1	+	30337	PK-15_6h_2	0.0239311731548934	dcDNA	PK-15_6h_2	viral_read.count	0.0216090264666344	0.00417572797928083	0.193239986342208	cluster_5
UL38	E	6h	6	PK-15	PK-15_dcDNA_6h	LT934125.1	+	44912	PK-15_6h_3	0.0167883861774136	dcDNA	PK-15_6h_3	viral_read.count	0.0216090264666344	0.00417572797928083	0.193239986342208	cluster_5
UL38	E	8h	8	C6	C6_dcDNA_8h	LT934125.1	+	10124	C6_8h_1	0.0158040300276571	dcDNA	C6_8h_1	viral_read.count	0.0131227228757482	0.00250187127794214	0.190651841209403	cluster_5
UL38	E	8h	8	C6	C6_dcDNA_8h	LT934125.1	+	10414	C6_8h_2	0.0108507777991166	dcDNA	C6_8h_2	viral_read.count	0.0131227228757482	0.00250187127794214	0.190651841209403	cluster_5
UL38	E	8h	8	C6	C6_dcDNA_8h	LT934125.1	+	8495	C6_8h_3	0.0127133608004709	dcDNA	C6_8h_3	viral_read.count	0.0131227228757482	0.00250187127794214	0.190651841209403	cluster_5
UL38	E	8h	8	PC-12	PC-12_dcDNA_8h	LT934125.1	+	14035	PC-12_8h_1	0.0106875667972925	dcDNA	PC-12_8h_1	viral_read.count	0.0112415135695211	0.000783399038118415	0.0696880391838367	cluster_5
UL38	E	8h	8	PC-12	PC-12_dcDNA_8h	LT934125.1	+	15684	PC-12_8h_2	0.0117954603417496	dcDNA	PC-12_8h_2	viral_read.count	0.0112415135695211	0.000783399038118415	0.0696880391838367	cluster_5
UL38	E	8h	8	PK-15	PK-15_dcDNA_8h	LT934125.1	+	69419	PK-15_8h_1	0.0165372592517899	dcDNA	PK-15_8h_1	viral_read.count	0.015378818543264	0.00105348549780478	0.068502368685936	cluster_5
UL38	E	8h	8	PK-15	PK-15_dcDNA_8h	LT934125.1	+	74319	PK-15_8h_2	0.0144781280695381	dcDNA	PK-15_8h_2	viral_read.count	0.015378818543264	0.00105348549780478	0.068502368685936	cluster_5
UL38	E	8h	8	PK-15	PK-15_dcDNA_8h	LT934125.1	+	70167	PK-15_8h_3	0.0151210683084641	dcDNA	PK-15_8h_3	viral_read.count	0.015378818543264	0.00105348549780478	0.068502368685936	cluster_5
UL39	E	""		C6	C6_dRNA	LT934125.1	+	3	C6_dRNA	0	dcDNA	C6_dRNA	viral_read.count	0			cluster_1
UL39	E	""		PC-12	PC-12_dRNA	LT934125.1	+	20	PC-12_dRNA	0	dcDNA	PC-12_dRNA	viral_read.count	0			cluster_1
UL39	E	""		PK-15	PK-15_dRNA	LT934125.1	+	68	PK-15_dRNA	0	dcDNA	PK-15_dRNA	viral_read.count	0			cluster_1
UL39	E	0.5h	0.5	PC-12	PC-12_dcDNA_0.5h	LT934125.1	+	13	PC-12_0.5h_1	0	dcDNA	PC-12_0.5h_1	viral_read.count	0	0		cluster_1
UL39	E	0.5h	0.5	PC-12	PC-12_dcDNA_0.5h	LT934125.1	+	13	PC-12_0.5h_2	0	dcDNA	PC-12_0.5h_2	viral_read.count	0	0		cluster_1
UL39	E	0.5h	0.5	PC-12	PC-12_dcDNA_0.5h	LT934125.1	+	2	PC-12_0.5h_3	0	dcDNA	PC-12_0.5h_3	viral_read.count	0	0		cluster_1
UL39	E	1.5h	1.5	PC-12	PC-12_dcDNA_1.5h	LT934125.1	+	138	PC-12_1.5h_1	0	dcDNA	PC-12_1.5h_1	viral_read.count	0	0		cluster_1
UL39	E	1.5h	1.5	PC-12	PC-12_dcDNA_1.5h	LT934125.1	+	129	PC-12_1.5h_2	0	dcDNA	PC-12_1.5h_2	viral_read.count	0	0		cluster_1
UL39	E	1.5h	1.5	PC-12	PC-12_dcDNA_1.5h	LT934125.1	+	152	PC-12_1.5h_3	0	dcDNA	PC-12_1.5h_3	viral_read.count	0	0		cluster_1
UL39	E	12h	12	C6	C6_dcDNA_12h	LT934125.1	+	56266	C6_12h_1	1.77727224256212e-05	dcDNA	C6_12h_1	viral_read.count	5.9242408085404e-06	1.02610860766649e-05	1.73205080756888	cluster_1
UL39	E	12h	12	C6	C6_dcDNA_12h	LT934125.1	+	49131	C6_12h_2	0	dcDNA	C6_12h_2	viral_read.count	5.9242408085404e-06	1.02610860766649e-05	1.73205080756888	cluster_1
UL39	E	12h	12	C6	C6_dcDNA_12h	LT934125.1	+	28023	C6_12h_3	0	dcDNA	C6_12h_3	viral_read.count	5.9242408085404e-06	1.02610860766649e-05	1.73205080756888	cluster_1
UL39	E	12h	12	PC-12	PC-12_dcDNA_12h	LT934125.1	+	40118	PC-12_12h_1	0	dcDNA	PC-12_12h_1	viral_read.count	9.3491146388437e-06	1.61931415602632e-05	1.73205080756888	cluster_1
UL39	E	12h	12	PC-12	PC-12_dcDNA_12h	LT934125.1	+	64296	PC-12_12h_2	0	dcDNA	PC-12_12h_2	viral_read.count	9.3491146388437e-06	1.61931415602632e-05	1.73205080756888	cluster_1
UL39	E	12h	12	PC-12	PC-12_dcDNA_12h	LT934125.1	+	35654	PC-12_12h_3	2.80473439165311e-05	dcDNA	PC-12_12h_3	viral_read.count	9.3491146388437e-06	1.61931415602632e-05	1.73205080756888	cluster_1
UL39	E	12h	12	PK-15	PK-15_dcDNA_12h	LT934125.1	+	137055	PK-15_12h_1	0	dcDNA	PK-15_12h_1	viral_read.count	6.43968909181063e-06	1.11538686919631e-05	1.73205080756888	cluster_1
UL39	E	12h	12	PK-15	PK-15_dcDNA_12h	LT934125.1	+	155287	PK-15_12h_2	1.93190672754319e-05	dcDNA	PK-15_12h_2	viral_read.count	6.43968909181063e-06	1.11538686919631e-05	1.73205080756888	cluster_1
UL39	E	12h	12	PK-15	PK-15_dcDNA_12h	LT934125.1	+	135039	PK-15_12h_3	0	dcDNA	PK-15_12h_3	viral_read.count	6.43968909181063e-06	1.11538686919631e-05	1.73205080756888	cluster_1
UL39	E	1h	1	C6	C6_dcDNA_1h	LT934125.1	+	246	C6_1h_1	0	dcDNA	C6_1h_1	viral_read.count	0	0		cluster_1
UL39	E	1h	1	C6	C6_dcDNA_1h	LT934125.1	+	240	C6_1h_2	0	dcDNA	C6_1h_2	viral_read.count	0	0		cluster_1
UL39	E	1h	1	C6	C6_dcDNA_1h	LT934125.1	+	102	C6_1h_3	0	dcDNA	C6_1h_3	viral_read.count	0	0		cluster_1
UL39	E	1h	1	NRK	NRK_dcDNA_1h	LT934125.1	+	25	NRK_1h_1	0	dcDNA	NRK_1h_1	viral_read.count	0	0		cluster_1
UL39	E	1h	1	NRK	NRK_dcDNA_1h	LT934125.1	+	54	NRK_1h_2	0	dcDNA	NRK_1h_2	viral_read.count	0	0		cluster_1
UL39	E	1h	1	NRK	NRK_dcDNA_1h	LT934125.1	+	20	NRK_1h_3	0	dcDNA	NRK_1h_3	viral_read.count	0	0		cluster_1
UL39	E	1h	1	PC-12	PC-12_dcDNA_1h	LT934125.1	+	154	PC-12_1h_1	0	dcDNA	PC-12_1h_1	viral_read.count	0	0		cluster_1
UL39	E	1h	1	PC-12	PC-12_dcDNA_1h	LT934125.1	+	93	PC-12_1h_2	0	dcDNA	PC-12_1h_2	viral_read.count	0	0		cluster_1
UL39	E	1h	1	PC-12	PC-12_dcDNA_1h	LT934125.1	+	158	PC-12_1h_3	0	dcDNA	PC-12_1h_3	viral_read.count	0	0		cluster_1
UL39	E	1h	1	PK-15	PK-15_dcDNA_1h	LT934125.1	+	129	PK-15_1h_1	0	dcDNA	PK-15_1h_1	viral_read.count	0	0		cluster_1
UL39	E	1h	1	PK-15	PK-15_dcDNA_1h	LT934125.1	+	76	PK-15_1h_2	0	dcDNA	PK-15_1h_2	viral_read.count	0	0		cluster_1
UL39	E	1h	1	PK-15	PK-15_dcDNA_1h	LT934125.1	+	52	PK-15_1h_3	0	dcDNA	PK-15_1h_3	viral_read.count	0	0		cluster_1
UL39	E	2.5h	2.5	PC-12	PC-12_dcDNA_2.5h	LT934125.1	+	478	PC-12_2.5h_1	0	dcDNA	PC-12_2.5h_1	viral_read.count	0	0		cluster_1
UL39	E	2.5h	2.5	PC-12	PC-12_dcDNA_2.5h	LT934125.1	+	231	PC-12_2.5h_2	0	dcDNA	PC-12_2.5h_2	viral_read.count	0	0		cluster_1
UL39	E	2.5h	2.5	PC-12	PC-12_dcDNA_2.5h	LT934125.1	+	545	PC-12_2.5h_3	0	dcDNA	PC-12_2.5h_3	viral_read.count	0	0		cluster_1
UL39	E	2h	2	C6	C6_dcDNA_2h	LT934125.1	+	243	C6_2h_1	0	dcDNA	C6_2h_1	viral_read.count	0	0		cluster_1
UL39	E	2h	2	C6	C6_dcDNA_2h	LT934125.1	+	468	C6_2h_2	0	dcDNA	C6_2h_2	viral_read.count	0	0		cluster_1
UL39	E	2h	2	NRK	NRK_dcDNA_2h	LT934125.1	+	99	NRK_2h_1	0	dcDNA	NRK_2h_1	viral_read.count	0	0		cluster_1
UL39	E	2h	2	NRK	NRK_dcDNA_2h	LT934125.1	+	71	NRK_2h_2	0	dcDNA	NRK_2h_2	viral_read.count	0	0		cluster_1
UL39	E	2h	2	NRK	NRK_dcDNA_2h	LT934125.1	+	122	NRK_2h_3	0	dcDNA	NRK_2h_3	viral_read.count	0	0		cluster_1
UL39	E	2h	2	PC-12	PC-12_dcDNA_2h	LT934125.1	+	439	PC-12_2h_1	0	dcDNA	PC-12_2h_1	viral_read.count	0	0		cluster_1
UL39	E	2h	2	PC-12	PC-12_dcDNA_2h	LT934125.1	+	399	PC-12_2h_2	0	dcDNA	PC-12_2h_2	viral_read.count	0	0		cluster_1
UL39	E	2h	2	PC-12	PC-12_dcDNA_2h	LT934125.1	+	503	PC-12_2h_3	0	dcDNA	PC-12_2h_3	viral_read.count	0	0		cluster_1
UL39	E	2h	2	PK-15	PK-15_dcDNA_2h	LT934125.1	+	482	PK-15_2h_1	0	dcDNA	PK-15_2h_1	viral_read.count	0	0		cluster_1
UL39	E	2h	2	PK-15	PK-15_dcDNA_2h	LT934125.1	+	405	PK-15_2h_2	0	dcDNA	PK-15_2h_2	viral_read.count	0	0		cluster_1
UL39	E	2h	2	PK-15	PK-15_dcDNA_2h	LT934125.1	+	1652	PK-15_2h_3	0	dcDNA	PK-15_2h_3	viral_read.count	0	0		cluster_1
UL39	E	4h	4	C6	C6_dcDNA_4h	LT934125.1	+	680	C6_4h_1	0	dcDNA	C6_4h_1	viral_read.count	0	0		cluster_1
UL39	E	4h	4	C6	C6_dcDNA_4h	LT934125.1	+	686	C6_4h_2	0	dcDNA	C6_4h_2	viral_read.count	0	0		cluster_1
UL39	E	4h	4	C6	C6_dcDNA_4h	LT934125.1	+	312	C6_4h_3	0	dcDNA	C6_4h_3	viral_read.count	0	0		cluster_1
UL39	E	4h	4	PC-12	PC-12_dcDNA_4h	LT934125.1	+	2800	PC-12_4h_1	0	dcDNA	PC-12_4h_1	viral_read.count	0	0		cluster_1
UL39	E	4h	4	PC-12	PC-12_dcDNA_4h	LT934125.1	+	2646	PC-12_4h_2	0	dcDNA	PC-12_4h_2	viral_read.count	0	0		cluster_1
UL39	E	4h	4	PC-12	PC-12_dcDNA_4h	LT934125.1	+	2996	PC-12_4h_3	0	dcDNA	PC-12_4h_3	viral_read.count	0	0		cluster_1
UL39	E	4h	4	PK-15	PK-15_dcDNA_4h	LT934125.1	+	7826	PK-15_4h_1	0	dcDNA	PK-15_4h_1	viral_read.count	0	0		cluster_1
UL39	E	4h	4	PK-15	PK-15_dcDNA_4h	LT934125.1	+	8046	PK-15_4h_2	0	dcDNA	PK-15_4h_2	viral_read.count	0	0		cluster_1
UL39	E	4h	4	PK-15	PK-15_dcDNA_4h	LT934125.1	+	6633	PK-15_4h_3	0	dcDNA	PK-15_4h_3	viral_read.count	0	0		cluster_1
UL39	E	6h	6	C6	C6_dcDNA_6h	LT934125.1	+	2759	C6_6h_1	0.000362450163102573	dcDNA	C6_6h_1	viral_read.count	0.000120816721034191	0.000209260699235094	1.73205080756888	cluster_1
UL39	E	6h	6	C6	C6_dcDNA_6h	LT934125.1	+	4220	C6_6h_2	0	dcDNA	C6_6h_2	viral_read.count	0.000120816721034191	0.000209260699235094	1.73205080756888	cluster_1
UL39	E	6h	6	C6	C6_dcDNA_6h	LT934125.1	+	3628	C6_6h_3	0	dcDNA	C6_6h_3	viral_read.count	0.000120816721034191	0.000209260699235094	1.73205080756888	cluster_1
UL39	E	6h	6	PC-12	PC-12_dcDNA_6h	LT934125.1	+	7517	PC-12_6h_1	0	dcDNA	PC-12_6h_1	viral_read.count	0	0		cluster_1
UL39	E	6h	6	PC-12	PC-12_dcDNA_6h	LT934125.1	+	13589	PC-12_6h_2	0	dcDNA	PC-12_6h_2	viral_read.count	0	0		cluster_1
UL39	E	6h	6	PC-12	PC-12_dcDNA_6h	LT934125.1	+	11724	PC-12_6h_3	0	dcDNA	PC-12_6h_3	viral_read.count	0	0		cluster_1
UL39	E	6h	6	PK-15	PK-15_dcDNA_6h	LT934125.1	+	37872	PK-15_6h_1	0	dcDNA	PK-15_6h_1	viral_read.count	0	0		cluster_1
UL39	E	6h	6	PK-15	PK-15_dcDNA_6h	LT934125.1	+	30337	PK-15_6h_2	0	dcDNA	PK-15_6h_2	viral_read.count	0	0		cluster_1
UL39	E	6h	6	PK-15	PK-15_dcDNA_6h	LT934125.1	+	44912	PK-15_6h_3	0	dcDNA	PK-15_6h_3	viral_read.count	0	0		cluster_1
UL39	E	8h	8	C6	C6_dcDNA_8h	LT934125.1	+	10124	C6_8h_1	0	dcDNA	C6_8h_1	viral_read.count	0	0		cluster_1
UL39	E	8h	8	C6	C6_dcDNA_8h	LT934125.1	+	10414	C6_8h_2	0	dcDNA	C6_8h_2	viral_read.count	0	0		cluster_1
UL39	E	8h	8	C6	C6_dcDNA_8h	LT934125.1	+	8495	C6_8h_3	0	dcDNA	C6_8h_3	viral_read.count	0	0		cluster_1
UL39	E	8h	8	PC-12	PC-12_dcDNA_8h	LT934125.1	+	14035	PC-12_8h_1	0	dcDNA	PC-12_8h_1	viral_read.count	3.18796225452691e-05	4.50845945668546e-05	1.4142135623731	cluster_1
UL39	E	8h	8	PC-12	PC-12_dcDNA_8h	LT934125.1	+	15684	PC-12_8h_2	6.37592450905381e-05	dcDNA	PC-12_8h_2	viral_read.count	3.18796225452691e-05	4.50845945668546e-05	1.4142135623731	cluster_1
UL39	E	8h	8	PK-15	PK-15_dcDNA_8h	LT934125.1	+	69419	PK-15_8h_1	1.44052780938936e-05	dcDNA	PK-15_8h_1	viral_read.count	4.8017593646312e-06	8.31689118526089e-06	1.73205080756888	cluster_1
UL39	E	8h	8	PK-15	PK-15_dcDNA_8h	LT934125.1	+	74319	PK-15_8h_2	0	dcDNA	PK-15_8h_2	viral_read.count	4.8017593646312e-06	8.31689118526089e-06	1.73205080756888	cluster_1
UL39	E	8h	8	PK-15	PK-15_dcDNA_8h	LT934125.1	+	70167	PK-15_8h_3	0	dcDNA	PK-15_8h_3	viral_read.count	4.8017593646312e-06	8.31689118526089e-06	1.73205080756888	cluster_1
UL4	L	""		C6	C6_dRNA	LT934125.1	+	3	C6_dRNA	0	dcDNA	C6_dRNA	viral_read.count	0			cluster_1
UL4	L	""		PC-12	PC-12_dRNA	LT934125.1	+	20	PC-12_dRNA	0	dcDNA	PC-12_dRNA	viral_read.count	0			cluster_1
UL4	L	""		PK-15	PK-15_dRNA	LT934125.1	+	68	PK-15_dRNA	0	dcDNA	PK-15_dRNA	viral_read.count	0			cluster_1
UL4	L	0.5h	0.5	PC-12	PC-12_dcDNA_0.5h	LT934125.1	+	13	PC-12_0.5h_1	0	dcDNA	PC-12_0.5h_1	viral_read.count	0	0		cluster_1
UL4	L	0.5h	0.5	PC-12	PC-12_dcDNA_0.5h	LT934125.1	+	13	PC-12_0.5h_2	0	dcDNA	PC-12_0.5h_2	viral_read.count	0	0		cluster_1
UL4	L	0.5h	0.5	PC-12	PC-12_dcDNA_0.5h	LT934125.1	+	2	PC-12_0.5h_3	0	dcDNA	PC-12_0.5h_3	viral_read.count	0	0		cluster_1
UL4	L	1.5h	1.5	PC-12	PC-12_dcDNA_1.5h	LT934125.1	+	138	PC-12_1.5h_1	0	dcDNA	PC-12_1.5h_1	viral_read.count	0	0		cluster_1
UL4	L	1.5h	1.5	PC-12	PC-12_dcDNA_1.5h	LT934125.1	+	129	PC-12_1.5h_2	0	dcDNA	PC-12_1.5h_2	viral_read.count	0	0		cluster_1
UL4	L	1.5h	1.5	PC-12	PC-12_dcDNA_1.5h	LT934125.1	+	152	PC-12_1.5h_3	0	dcDNA	PC-12_1.5h_3	viral_read.count	0	0		cluster_1
UL4	L	12h	12	C6	C6_dcDNA_12h	LT934125.1	+	56266	C6_12h_1	0.00191945402196708	dcDNA	C6_12h_1	viral_read.count	0.00207092117670208	0.000172881539809313	0.0834805021814615	cluster_1
UL4	L	12h	12	C6	C6_dcDNA_12h	LT934125.1	+	49131	C6_12h_2	0.00225926604384197	dcDNA	C6_12h_2	viral_read.count	0.00207092117670208	0.000172881539809313	0.0834805021814615	cluster_1
UL4	L	12h	12	C6	C6_dcDNA_12h	LT934125.1	+	28023	C6_12h_3	0.00203404346429718	dcDNA	C6_12h_3	viral_read.count	0.00207092117670208	0.000172881539809313	0.0834805021814615	cluster_1
UL4	L	12h	12	PC-12	PC-12_dcDNA_12h	LT934125.1	+	40118	PC-12_12h_1	0.00137095568074181	dcDNA	PC-12_12h_1	viral_read.count	0.0014065860378657	3.79162211386023e-05	0.0269562046813253	cluster_1
UL4	L	12h	12	PC-12	PC-12_dcDNA_12h	LT934125.1	+	64296	PC-12_12h_2	0.00144643523702874	dcDNA	PC-12_12h_2	viral_read.count	0.0014065860378657	3.79162211386023e-05	0.0269562046813253	cluster_1
UL4	L	12h	12	PC-12	PC-12_dcDNA_12h	LT934125.1	+	35654	PC-12_12h_3	0.00140236719582656	dcDNA	PC-12_12h_3	viral_read.count	0.0014065860378657	3.79162211386023e-05	0.0269562046813253	cluster_1
UL4	L	12h	12	PK-15	PK-15_dcDNA_12h	LT934125.1	+	137055	PK-15_12h_1	0.000992302360366276	dcDNA	PK-15_12h_1	viral_read.count	0.00107871949755503	9.78098022100822e-05	0.0906721371327514	cluster_1
UL4	L	12h	12	PK-15	PK-15_dcDNA_12h	LT934125.1	+	155287	PK-15_12h_2	0.00118490279289316	dcDNA	PK-15_12h_2	viral_read.count	0.00107871949755503	9.78098022100822e-05	0.0906721371327514	cluster_1
UL4	L	12h	12	PK-15	PK-15_dcDNA_12h	LT934125.1	+	135039	PK-15_12h_3	0.00105895333940565	dcDNA	PK-15_12h_3	viral_read.count	0.00107871949755503	9.78098022100822e-05	0.0906721371327514	cluster_1
UL4	L	1h	1	C6	C6_dcDNA_1h	LT934125.1	+	246	C6_1h_1	0	dcDNA	C6_1h_1	viral_read.count	0	0		cluster_1
UL4	L	1h	1	C6	C6_dcDNA_1h	LT934125.1	+	240	C6_1h_2	0	dcDNA	C6_1h_2	viral_read.count	0	0		cluster_1
UL4	L	1h	1	C6	C6_dcDNA_1h	LT934125.1	+	102	C6_1h_3	0	dcDNA	C6_1h_3	viral_read.count	0	0		cluster_1
UL4	L	1h	1	NRK	NRK_dcDNA_1h	LT934125.1	+	25	NRK_1h_1	0	dcDNA	NRK_1h_1	viral_read.count	0	0		cluster_1
UL4	L	1h	1	NRK	NRK_dcDNA_1h	LT934125.1	+	54	NRK_1h_2	0	dcDNA	NRK_1h_2	viral_read.count	0	0		cluster_1
UL4	L	1h	1	NRK	NRK_dcDNA_1h	LT934125.1	+	20	NRK_1h_3	0	dcDNA	NRK_1h_3	viral_read.count	0	0		cluster_1
UL4	L	1h	1	PC-12	PC-12_dcDNA_1h	LT934125.1	+	154	PC-12_1h_1	0	dcDNA	PC-12_1h_1	viral_read.count	0	0		cluster_1
UL4	L	1h	1	PC-12	PC-12_dcDNA_1h	LT934125.1	+	93	PC-12_1h_2	0	dcDNA	PC-12_1h_2	viral_read.count	0	0		cluster_1
UL4	L	1h	1	PC-12	PC-12_dcDNA_1h	LT934125.1	+	158	PC-12_1h_3	0	dcDNA	PC-12_1h_3	viral_read.count	0	0		cluster_1
UL4	L	1h	1	PK-15	PK-15_dcDNA_1h	LT934125.1	+	129	PK-15_1h_1	0	dcDNA	PK-15_1h_1	viral_read.count	0	0		cluster_1
UL4	L	1h	1	PK-15	PK-15_dcDNA_1h	LT934125.1	+	76	PK-15_1h_2	0	dcDNA	PK-15_1h_2	viral_read.count	0	0		cluster_1
UL4	L	1h	1	PK-15	PK-15_dcDNA_1h	LT934125.1	+	52	PK-15_1h_3	0	dcDNA	PK-15_1h_3	viral_read.count	0	0		cluster_1
UL4	L	2.5h	2.5	PC-12	PC-12_dcDNA_2.5h	LT934125.1	+	478	PC-12_2.5h_1	0.00209205020920502	dcDNA	PC-12_2.5h_1	viral_read.count	0.00397521389805755	0.00173355930242369	0.436092081301783	cluster_1
UL4	L	2.5h	2.5	PC-12	PC-12_dcDNA_2.5h	LT934125.1	+	231	PC-12_2.5h_2	0.00432900432900433	dcDNA	PC-12_2.5h_2	viral_read.count	0.00397521389805755	0.00173355930242369	0.436092081301783	cluster_1
UL4	L	2.5h	2.5	PC-12	PC-12_dcDNA_2.5h	LT934125.1	+	545	PC-12_2.5h_3	0.0055045871559633	dcDNA	PC-12_2.5h_3	viral_read.count	0.00397521389805755	0.00173355930242369	0.436092081301783	cluster_1
UL4	L	2h	2	C6	C6_dcDNA_2h	LT934125.1	+	243	C6_2h_1	0	dcDNA	C6_2h_1	viral_read.count	0.00534188034188035	0.00755455962806142	1.4142135623731	cluster_1
UL4	L	2h	2	C6	C6_dcDNA_2h	LT934125.1	+	468	C6_2h_2	0.0106837606837607	dcDNA	C6_2h_2	viral_read.count	0.00534188034188035	0.00755455962806142	1.4142135623731	cluster_1
UL4	L	2h	2	NRK	NRK_dcDNA_2h	LT934125.1	+	99	NRK_2h_1	0	dcDNA	NRK_2h_1	viral_read.count	0.00273224043715847	0.00473237925565267	1.73205080756888	cluster_1
UL4	L	2h	2	NRK	NRK_dcDNA_2h	LT934125.1	+	71	NRK_2h_2	0	dcDNA	NRK_2h_2	viral_read.count	0.00273224043715847	0.00473237925565267	1.73205080756888	cluster_1
UL4	L	2h	2	NRK	NRK_dcDNA_2h	LT934125.1	+	122	NRK_2h_3	0.00819672131147541	dcDNA	NRK_2h_3	viral_read.count	0.00273224043715847	0.00473237925565267	1.73205080756888	cluster_1
UL4	L	2h	2	PC-12	PC-12_dcDNA_2h	LT934125.1	+	439	PC-12_2h_1	0	dcDNA	PC-12_2h_1	viral_read.count	0.000662690523525513	0.00114781365644061	1.73205080756888	cluster_1
UL4	L	2h	2	PC-12	PC-12_dcDNA_2h	LT934125.1	+	399	PC-12_2h_2	0	dcDNA	PC-12_2h_2	viral_read.count	0.000662690523525513	0.00114781365644061	1.73205080756888	cluster_1
UL4	L	2h	2	PC-12	PC-12_dcDNA_2h	LT934125.1	+	503	PC-12_2h_3	0.00198807157057654	dcDNA	PC-12_2h_3	viral_read.count	0.000662690523525513	0.00114781365644061	1.73205080756888	cluster_1
UL4	L	2h	2	PK-15	PK-15_dcDNA_2h	LT934125.1	+	482	PK-15_2h_1	0	dcDNA	PK-15_2h_1	viral_read.count	0.00102482089299415	0.00128691076814057	1.25574212717374	cluster_1
UL4	L	2h	2	PK-15	PK-15_dcDNA_2h	LT934125.1	+	405	PK-15_2h_2	0.00246913580246914	dcDNA	PK-15_2h_2	viral_read.count	0.00102482089299415	0.00128691076814057	1.25574212717374	cluster_1
UL4	L	2h	2	PK-15	PK-15_dcDNA_2h	LT934125.1	+	1652	PK-15_2h_3	0.000605326876513317	dcDNA	PK-15_2h_3	viral_read.count	0.00102482089299415	0.00128691076814057	1.25574212717374	cluster_1
UL4	L	4h	4	C6	C6_dcDNA_4h	LT934125.1	+	680	C6_4h_1	0.00735294117647059	dcDNA	C6_4h_1	viral_read.count	0.00390870633967873	0.00369840997171821	0.946197961758926	cluster_1
UL4	L	4h	4	C6	C6_dcDNA_4h	LT934125.1	+	686	C6_4h_2	0.0043731778425656	dcDNA	C6_4h_2	viral_read.count	0.00390870633967873	0.00369840997171821	0.946197961758926	cluster_1
UL4	L	4h	4	C6	C6_dcDNA_4h	LT934125.1	+	312	C6_4h_3	0	dcDNA	C6_4h_3	viral_read.count	0.00390870633967873	0.00369840997171821	0.946197961758926	cluster_1
UL4	L	4h	4	PC-12	PC-12_dcDNA_4h	LT934125.1	+	2800	PC-12_4h_1	0.00214285714285714	dcDNA	PC-12_4h_1	viral_read.count	0.00213770035532385	0.00013252700229989	0.0619951257293088	cluster_1
UL4	L	4h	4	PC-12	PC-12_dcDNA_4h	LT934125.1	+	2646	PC-12_4h_2	0.00226757369614512	dcDNA	PC-12_4h_2	viral_read.count	0.00213770035532385	0.00013252700229989	0.0619951257293088	cluster_1
UL4	L	4h	4	PC-12	PC-12_dcDNA_4h	LT934125.1	+	2996	PC-12_4h_3	0.00200267022696929	dcDNA	PC-12_4h_3	viral_read.count	0.00213770035532385	0.00013252700229989	0.0619951257293088	cluster_1
UL4	L	4h	4	PK-15	PK-15_dcDNA_4h	LT934125.1	+	7826	PK-15_4h_1	0.00217224635829287	dcDNA	PK-15_4h_1	viral_read.count	0.00222090280887911	0.000738820202213078	0.332666607138004	cluster_1
UL4	L	4h	4	PK-15	PK-15_dcDNA_4h	LT934125.1	+	8046	PK-15_4h_2	0.00298284862043251	dcDNA	PK-15_4h_2	viral_read.count	0.00222090280887911	0.000738820202213078	0.332666607138004	cluster_1
UL4	L	4h	4	PK-15	PK-15_dcDNA_4h	LT934125.1	+	6633	PK-15_4h_3	0.00150761344791196	dcDNA	PK-15_4h_3	viral_read.count	0.00222090280887911	0.000738820202213078	0.332666607138004	cluster_1
UL4	L	6h	6	C6	C6_dcDNA_6h	LT934125.1	+	2759	C6_6h_1	0.00181225081551287	dcDNA	C6_6h_1	viral_read.count	0.00197101902583279	0.000206948940116231	0.104995911964265	cluster_1
UL4	L	6h	6	C6	C6_dcDNA_6h	LT934125.1	+	4220	C6_6h_2	0.0018957345971564	dcDNA	C6_6h_2	viral_read.count	0.00197101902583279	0.000206948940116231	0.104995911964265	cluster_1
UL4	L	6h	6	C6	C6_dcDNA_6h	LT934125.1	+	3628	C6_6h_3	0.00220507166482911	dcDNA	C6_6h_3	viral_read.count	0.00197101902583279	0.000206948940116231	0.104995911964265	cluster_1
UL4	L	6h	6	PC-12	PC-12_dcDNA_6h	LT934125.1	+	7517	PC-12_6h_1	0.00186244512438473	dcDNA	PC-12_6h_1	viral_read.count	0.00185565163524156	6.13401439876511e-05	0.0330558510135801	cluster_1
UL4	L	6h	6	PC-12	PC-12_dcDNA_6h	LT934125.1	+	13589	PC-12_6h_2	0.00191331223783943	dcDNA	PC-12_6h_2	viral_read.count	0.00185565163524156	6.13401439876511e-05	0.0330558510135801	cluster_1
UL4	L	6h	6	PC-12	PC-12_dcDNA_6h	LT934125.1	+	11724	PC-12_6h_3	0.00179119754350051	dcDNA	PC-12_6h_3	viral_read.count	0.00185565163524156	6.13401439876511e-05	0.0330558510135801	cluster_1
UL4	L	6h	6	PK-15	PK-15_dcDNA_6h	LT934125.1	+	37872	PK-15_6h_1	0.0019539501478665	dcDNA	PK-15_6h_1	viral_read.count	0.0016166188525525	0.000321517608679092	0.198882753452642	cluster_1
UL4	L	6h	6	PK-15	PK-15_dcDNA_6h	LT934125.1	+	30337	PK-15_6h_2	0.00158222632429047	dcDNA	PK-15_6h_2	viral_read.count	0.0016166188525525	0.000321517608679092	0.198882753452642	cluster_1
UL4	L	6h	6	PK-15	PK-15_dcDNA_6h	LT934125.1	+	44912	PK-15_6h_3	0.00131368008550053	dcDNA	PK-15_6h_3	viral_read.count	0.0016166188525525	0.000321517608679092	0.198882753452642	cluster_1
UL4	L	8h	8	C6	C6_dcDNA_8h	LT934125.1	+	10124	C6_8h_1	0.00246937969182141	dcDNA	C6_8h_1	viral_read.count	0.0028851437870241	0.000448754031712957	0.155539572665745	cluster_1
UL4	L	8h	8	C6	C6_dcDNA_8h	LT934125.1	+	10414	C6_8h_2	0.00336086038025735	dcDNA	C6_8h_2	viral_read.count	0.0028851437870241	0.000448754031712957	0.155539572665745	cluster_1
UL4	L	8h	8	C6	C6_dcDNA_8h	LT934125.1	+	8495	C6_8h_3	0.00282519128899353	dcDNA	C6_8h_3	viral_read.count	0.0028851437870241	0.000448754031712957	0.155539572665745	cluster_1
UL4	L	8h	8	PC-12	PC-12_dcDNA_8h	LT934125.1	+	14035	PC-12_8h_1	0.00199501246882793	dcDNA	PC-12_8h_1	viral_read.count	0.00179449679804569	0.000283571981088582	0.158023119014427	cluster_1
UL4	L	8h	8	PC-12	PC-12_dcDNA_8h	LT934125.1	+	15684	PC-12_8h_2	0.00159398112726345	dcDNA	PC-12_8h_2	viral_read.count	0.00179449679804569	0.000283571981088582	0.158023119014427	cluster_1
UL4	L	8h	8	PK-15	PK-15_dcDNA_8h	LT934125.1	+	69419	PK-15_8h_1	0.00121004335988706	dcDNA	PK-15_8h_1	viral_read.count	0.00123721849513656	0.000175946380303588	0.14221124320015	cluster_1
UL4	L	8h	8	PK-15	PK-15_dcDNA_8h	LT934125.1	+	74319	PK-15_8h_2	0.00107644074866454	dcDNA	PK-15_8h_2	viral_read.count	0.00123721849513656	0.000175946380303588	0.14221124320015	cluster_1
UL4	L	8h	8	PK-15	PK-15_dcDNA_8h	LT934125.1	+	70167	PK-15_8h_3	0.00142517137685807	dcDNA	PK-15_8h_3	viral_read.count	0.00123721849513656	0.000175946380303588	0.14221124320015	cluster_1
UL40	E	""		C6	C6_dRNA	LT934125.1	+	3	C6_dRNA	0	dcDNA	C6_dRNA	viral_read.count	0			cluster_9
UL40	E	""		PC-12	PC-12_dRNA	LT934125.1	+	20	PC-12_dRNA	0	dcDNA	PC-12_dRNA	viral_read.count	0			cluster_9
UL40	E	""		PK-15	PK-15_dRNA	LT934125.1	+	68	PK-15_dRNA	0	dcDNA	PK-15_dRNA	viral_read.count	0			cluster_9
UL40	E	0.5h	0.5	PC-12	PC-12_dcDNA_0.5h	LT934125.1	+	13	PC-12_0.5h_1	0.0769230769230769	dcDNA	PC-12_0.5h_1	viral_read.count	0.0512820512820513	0.0444115591684327	0.866025403784439	cluster_9
UL40	E	0.5h	0.5	PC-12	PC-12_dcDNA_0.5h	LT934125.1	+	13	PC-12_0.5h_2	0.0769230769230769	dcDNA	PC-12_0.5h_2	viral_read.count	0.0512820512820513	0.0444115591684327	0.866025403784439	cluster_9
UL40	E	0.5h	0.5	PC-12	PC-12_dcDNA_0.5h	LT934125.1	+	2	PC-12_0.5h_3	0	dcDNA	PC-12_0.5h_3	viral_read.count	0.0512820512820513	0.0444115591684327	0.866025403784439	cluster_9
UL40	E	1.5h	1.5	PC-12	PC-12_dcDNA_1.5h	LT934125.1	+	138	PC-12_1.5h_1	0.0652173913043478	dcDNA	PC-12_1.5h_1	viral_read.count	0.0653607814615744	0.0266730756851666	0.408089913992961	cluster_9
UL40	E	1.5h	1.5	PC-12	PC-12_dcDNA_1.5h	LT934125.1	+	129	PC-12_1.5h_2	0.0387596899224806	dcDNA	PC-12_1.5h_2	viral_read.count	0.0653607814615744	0.0266730756851666	0.408089913992961	cluster_9
UL40	E	1.5h	1.5	PC-12	PC-12_dcDNA_1.5h	LT934125.1	+	152	PC-12_1.5h_3	0.0921052631578947	dcDNA	PC-12_1.5h_3	viral_read.count	0.0653607814615744	0.0266730756851666	0.408089913992961	cluster_9
UL40	E	12h	12	C6	C6_dcDNA_12h	LT934125.1	+	56266	C6_12h_1	0.0197277218924395	dcDNA	C6_12h_1	viral_read.count	0.0203968671044577	0.00301650949049272	0.147890824362604	cluster_9
UL40	E	12h	12	C6	C6_dcDNA_12h	LT934125.1	+	49131	C6_12h_2	0.0236917628381266	dcDNA	C6_12h_2	viral_read.count	0.0203968671044577	0.00301650949049272	0.147890824362604	cluster_9
UL40	E	12h	12	C6	C6_dcDNA_12h	LT934125.1	+	28023	C6_12h_3	0.017771116582807	dcDNA	C6_12h_3	viral_read.count	0.0203968671044577	0.00301650949049272	0.147890824362604	cluster_9
UL40	E	12h	12	PC-12	PC-12_dcDNA_12h	LT934125.1	+	40118	PC-12_12h_1	0.0116905129866893	dcDNA	PC-12_12h_1	viral_read.count	0.0120540032914355	0.00143033084325015	0.118660233340604	cluster_9
UL40	E	12h	12	PC-12	PC-12_dcDNA_12h	LT934125.1	+	64296	PC-12_12h_2	0.0108404877441832	dcDNA	PC-12_12h_2	viral_read.count	0.0120540032914355	0.00143033084325015	0.118660233340604	cluster_9
UL40	E	12h	12	PC-12	PC-12_dcDNA_12h	LT934125.1	+	35654	PC-12_12h_3	0.0136310091434341	dcDNA	PC-12_12h_3	viral_read.count	0.0120540032914355	0.00143033084325015	0.118660233340604	cluster_9
UL40	E	12h	12	PK-15	PK-15_dcDNA_12h	LT934125.1	+	137055	PK-15_12h_1	0.00404946919120061	dcDNA	PK-15_12h_1	viral_read.count	0.00343667320904033	0.00100160320274043	0.291445575944103	cluster_9
UL40	E	12h	12	PK-15	PK-15_dcDNA_12h	LT934125.1	+	155287	PK-15_12h_2	0.00397972785873898	dcDNA	PK-15_12h_2	viral_read.count	0.00343667320904033	0.00100160320274043	0.291445575944103	cluster_9
UL40	E	12h	12	PK-15	PK-15_dcDNA_12h	LT934125.1	+	135039	PK-15_12h_3	0.00228082257718141	dcDNA	PK-15_12h_3	viral_read.count	0.00343667320904033	0.00100160320274043	0.291445575944103	cluster_9
UL40	E	1h	1	C6	C6_dcDNA_1h	LT934125.1	+	246	C6_1h_1	0.0569105691056911	dcDNA	C6_1h_1	viral_read.count	0.0482185557149689	0.0163026870655257	0.338099862673089	cluster_9
UL40	E	1h	1	C6	C6_dcDNA_1h	LT934125.1	+	240	C6_1h_2	0.0583333333333333	dcDNA	C6_1h_2	viral_read.count	0.0482185557149689	0.0163026870655257	0.338099862673089	cluster_9
UL40	E	1h	1	C6	C6_dcDNA_1h	LT934125.1	+	102	C6_1h_3	0.0294117647058824	dcDNA	C6_1h_3	viral_read.count	0.0482185557149689	0.0163026870655257	0.338099862673089	cluster_9
UL40	E	1h	1	NRK	NRK_dcDNA_1h	LT934125.1	+	25	NRK_1h_1	0.24	dcDNA	NRK_1h_1	viral_read.count	0.0966666666666667	0.126622799421484	1.30989102849811	cluster_9
UL40	E	1h	1	NRK	NRK_dcDNA_1h	LT934125.1	+	54	NRK_1h_2	0	dcDNA	NRK_1h_2	viral_read.count	0.0966666666666667	0.126622799421484	1.30989102849811	cluster_9
UL40	E	1h	1	NRK	NRK_dcDNA_1h	LT934125.1	+	20	NRK_1h_3	0.05	dcDNA	NRK_1h_3	viral_read.count	0.0966666666666667	0.126622799421484	1.30989102849811	cluster_9
UL40	E	1h	1	PC-12	PC-12_dcDNA_1h	LT934125.1	+	154	PC-12_1h_1	0.0454545454545455	dcDNA	PC-12_1h_1	viral_read.count	0.0476364296290797	0.0272874970629536	0.572828343253834	cluster_9
UL40	E	1h	1	PC-12	PC-12_dcDNA_1h	LT934125.1	+	93	PC-12_1h_2	0.021505376344086	dcDNA	PC-12_1h_2	viral_read.count	0.0476364296290797	0.0272874970629536	0.572828343253834	cluster_9
UL40	E	1h	1	PC-12	PC-12_dcDNA_1h	LT934125.1	+	158	PC-12_1h_3	0.0759493670886076	dcDNA	PC-12_1h_3	viral_read.count	0.0476364296290797	0.0272874970629536	0.572828343253834	cluster_9
UL40	E	1h	1	PK-15	PK-15_dcDNA_1h	LT934125.1	+	129	PK-15_1h_1	0.0155038759689922	dcDNA	PK-15_1h_1	viral_read.count	0.0223744363891243	0.0139811318140416	0.624870793207444	cluster_9
UL40	E	1h	1	PK-15	PK-15_dcDNA_1h	LT934125.1	+	76	PK-15_1h_2	0.0131578947368421	dcDNA	PK-15_1h_2	viral_read.count	0.0223744363891243	0.0139811318140416	0.624870793207444	cluster_9
UL40	E	1h	1	PK-15	PK-15_dcDNA_1h	LT934125.1	+	52	PK-15_1h_3	0.0384615384615385	dcDNA	PK-15_1h_3	viral_read.count	0.0223744363891243	0.0139811318140416	0.624870793207444	cluster_9
UL40	E	2.5h	2.5	PC-12	PC-12_dcDNA_2.5h	LT934125.1	+	478	PC-12_2.5h_1	0.0669456066945607	dcDNA	PC-12_2.5h_1	viral_read.count	0.0634844305567119	0.010253698518197	0.161515168810362	cluster_9
UL40	E	2.5h	2.5	PC-12	PC-12_dcDNA_2.5h	LT934125.1	+	231	PC-12_2.5h_2	0.051948051948052	dcDNA	PC-12_2.5h_2	viral_read.count	0.0634844305567119	0.010253698518197	0.161515168810362	cluster_9
UL40	E	2.5h	2.5	PC-12	PC-12_dcDNA_2.5h	LT934125.1	+	545	PC-12_2.5h_3	0.0715596330275229	dcDNA	PC-12_2.5h_3	viral_read.count	0.0634844305567119	0.010253698518197	0.161515168810362	cluster_9
UL40	E	2h	2	C6	C6_dcDNA_2h	LT934125.1	+	243	C6_2h_1	0.0411522633744856	dcDNA	C6_2h_1	viral_read.count	0.0472855333966445	0.00867375364703345	0.183433558299439	cluster_9
UL40	E	2h	2	C6	C6_dcDNA_2h	LT934125.1	+	468	C6_2h_2	0.0534188034188034	dcDNA	C6_2h_2	viral_read.count	0.0472855333966445	0.00867375364703345	0.183433558299439	cluster_9
UL40	E	2h	2	NRK	NRK_dcDNA_2h	LT934125.1	+	99	NRK_2h_1	0.0606060606060606	dcDNA	NRK_2h_1	viral_read.count	0.092510186137524	0.0331396021724112	0.358226521381618	cluster_9
UL40	E	2h	2	NRK	NRK_dcDNA_2h	LT934125.1	+	71	NRK_2h_2	0.126760563380282	dcDNA	NRK_2h_2	viral_read.count	0.092510186137524	0.0331396021724112	0.358226521381618	cluster_9
UL40	E	2h	2	NRK	NRK_dcDNA_2h	LT934125.1	+	122	NRK_2h_3	0.0901639344262295	dcDNA	NRK_2h_3	viral_read.count	0.092510186137524	0.0331396021724112	0.358226521381618	cluster_9
UL40	E	2h	2	PC-12	PC-12_dcDNA_2h	LT934125.1	+	439	PC-12_2h_1	0.041002277904328	dcDNA	PC-12_2h_1	viral_read.count	0.043456942835161	0.00362379959479748	0.0833882771860672	cluster_9
UL40	E	2h	2	PC-12	PC-12_dcDNA_2h	LT934125.1	+	399	PC-12_2h_2	0.0476190476190476	dcDNA	PC-12_2h_2	viral_read.count	0.043456942835161	0.00362379959479748	0.0833882771860672	cluster_9
UL40	E	2h	2	PC-12	PC-12_dcDNA_2h	LT934125.1	+	503	PC-12_2h_3	0.0417495029821074	dcDNA	PC-12_2h_3	viral_read.count	0.043456942835161	0.00362379959479748	0.0833882771860672	cluster_9
UL40	E	2h	2	PK-15	PK-15_dcDNA_2h	LT934125.1	+	482	PK-15_2h_1	0.0622406639004149	dcDNA	PK-15_2h_1	viral_read.count	0.0584475426166122	0.0325043235646472	0.556128146872828	cluster_9
UL40	E	2h	2	PK-15	PK-15_dcDNA_2h	LT934125.1	+	405	PK-15_2h_2	0.0888888888888889	dcDNA	PK-15_2h_2	viral_read.count	0.0584475426166122	0.0325043235646472	0.556128146872828	cluster_9
UL40	E	2h	2	PK-15	PK-15_dcDNA_2h	LT934125.1	+	1652	PK-15_2h_3	0.0242130750605327	dcDNA	PK-15_2h_3	viral_read.count	0.0584475426166122	0.0325043235646472	0.556128146872828	cluster_9
UL40	E	4h	4	C6	C6_dcDNA_4h	LT934125.1	+	680	C6_4h_1	0.0205882352941176	dcDNA	C6_4h_1	viral_read.count	0.0331890265263615	0.016067079908382	0.484108200510797	cluster_9
UL40	E	4h	4	C6	C6_dcDNA_4h	LT934125.1	+	686	C6_4h_2	0.0276967930029155	dcDNA	C6_4h_2	viral_read.count	0.0331890265263615	0.016067079908382	0.484108200510797	cluster_9
UL40	E	4h	4	C6	C6_dcDNA_4h	LT934125.1	+	312	C6_4h_3	0.0512820512820513	dcDNA	C6_4h_3	viral_read.count	0.0331890265263615	0.016067079908382	0.484108200510797	cluster_9
UL40	E	4h	4	PC-12	PC-12_dcDNA_4h	LT934125.1	+	2800	PC-12_4h_1	0.0207142857142857	dcDNA	PC-12_4h_1	viral_read.count	0.0198332285492944	0.00411033675696498	0.207244965021653	cluster_9
UL40	E	4h	4	PC-12	PC-12_dcDNA_4h	LT934125.1	+	2646	PC-12_4h_2	0.0234315948601663	dcDNA	PC-12_4h_2	viral_read.count	0.0198332285492944	0.00411033675696498	0.207244965021653	cluster_9
UL40	E	4h	4	PC-12	PC-12_dcDNA_4h	LT934125.1	+	2996	PC-12_4h_3	0.0153538050734312	dcDNA	PC-12_4h_3	viral_read.count	0.0198332285492944	0.00411033675696498	0.207244965021653	cluster_9
UL40	E	4h	4	PK-15	PK-15_dcDNA_4h	LT934125.1	+	7826	PK-15_4h_1	0.0527728085867621	dcDNA	PK-15_4h_1	viral_read.count	0.0540895157673914	0.00395833835823175	0.0731812496760801	cluster_9
UL40	E	4h	4	PK-15	PK-15_dcDNA_4h	LT934125.1	+	8046	PK-15_4h_2	0.0585384041759881	dcDNA	PK-15_4h_2	viral_read.count	0.0540895157673914	0.00395833835823175	0.0731812496760801	cluster_9
UL40	E	4h	4	PK-15	PK-15_dcDNA_4h	LT934125.1	+	6633	PK-15_4h_3	0.0509573345394241	dcDNA	PK-15_4h_3	viral_read.count	0.0540895157673914	0.00395833835823175	0.0731812496760801	cluster_9
UL40	E	6h	6	C6	C6_dcDNA_6h	LT934125.1	+	2759	C6_6h_1	0.0206596592968467	dcDNA	C6_6h_1	viral_read.count	0.0215183183232618	0.00147609416996542	0.0685970970310319	cluster_9
UL40	E	6h	6	C6	C6_dcDNA_6h	LT934125.1	+	4220	C6_6h_2	0.0232227488151659	dcDNA	C6_6h_2	viral_read.count	0.0215183183232618	0.00147609416996542	0.0685970970310319	cluster_9
UL40	E	6h	6	C6	C6_dcDNA_6h	LT934125.1	+	3628	C6_6h_3	0.0206725468577729	dcDNA	C6_6h_3	viral_read.count	0.0215183183232618	0.00147609416996542	0.0685970970310319	cluster_9
UL40	E	6h	6	PC-12	PC-12_dcDNA_6h	LT934125.1	+	7517	PC-12_6h_1	0.01463349740588	dcDNA	PC-12_6h_1	viral_read.count	0.0153998655581708	0.00071256304602181	0.0462707316067275	cluster_9
UL40	E	6h	6	PC-12	PC-12_dcDNA_6h	LT934125.1	+	13589	PC-12_6h_2	0.0160423872249614	dcDNA	PC-12_6h_2	viral_read.count	0.0153998655581708	0.00071256304602181	0.0462707316067275	cluster_9
UL40	E	6h	6	PC-12	PC-12_dcDNA_6h	LT934125.1	+	11724	PC-12_6h_3	0.0155237120436711	dcDNA	PC-12_6h_3	viral_read.count	0.0153998655581708	0.00071256304602181	0.0462707316067275	cluster_9
UL40	E	6h	6	PK-15	PK-15_dcDNA_6h	LT934125.1	+	37872	PK-15_6h_1	0.0222063793831855	dcDNA	PK-15_6h_1	viral_read.count	0.0224989205581921	0.00166792882686426	0.0741337266625864	cluster_9
UL40	E	6h	6	PK-15	PK-15_dcDNA_6h	LT934125.1	+	30337	PK-15_6h_2	0.0242937666875433	dcDNA	PK-15_6h_2	viral_read.count	0.0224989205581921	0.00166792882686426	0.0741337266625864	cluster_9
UL40	E	6h	6	PK-15	PK-15_dcDNA_6h	LT934125.1	+	44912	PK-15_6h_3	0.0209966156038475	dcDNA	PK-15_6h_3	viral_read.count	0.0224989205581921	0.00166792882686426	0.0741337266625864	cluster_9
UL40	E	8h	8	C6	C6_dcDNA_8h	LT934125.1	+	10124	C6_8h_1	0.0474120900829712	dcDNA	C6_8h_1	viral_read.count	0.0459950140107869	0.00272922364432307	0.0593373804317792	cluster_9
UL40	E	8h	8	C6	C6_dcDNA_8h	LT934125.1	+	10414	C6_8h_2	0.0477242173996543	dcDNA	C6_8h_2	viral_read.count	0.0459950140107869	0.00272922364432307	0.0593373804317792	cluster_9
UL40	E	8h	8	C6	C6_dcDNA_8h	LT934125.1	+	8495	C6_8h_3	0.0428487345497351	dcDNA	C6_8h_3	viral_read.count	0.0459950140107869	0.00272922364432307	0.0593373804317792	cluster_9
UL40	E	8h	8	PC-12	PC-12_dcDNA_8h	LT934125.1	+	14035	PC-12_8h_1	0.0250801567509797	dcDNA	PC-12_8h_1	viral_read.count	0.025833880976867	0.00106592702253905	0.041260816502698	cluster_9
UL40	E	8h	8	PC-12	PC-12_dcDNA_8h	LT934125.1	+	15684	PC-12_8h_2	0.0265876052027544	dcDNA	PC-12_8h_2	viral_read.count	0.025833880976867	0.00106592702253905	0.041260816502698	cluster_9
UL40	E	8h	8	PK-15	PK-15_dcDNA_8h	LT934125.1	+	69419	PK-15_8h_1	0.0185107823506533	dcDNA	PK-15_8h_1	viral_read.count	0.0185854598530064	0.00282677052451032	0.152095807521978	cluster_9
UL40	E	8h	8	PK-15	PK-15_dcDNA_8h	LT934125.1	+	74319	PK-15_8h_2	0.0157967679866521	dcDNA	PK-15_8h_2	viral_read.count	0.0185854598530064	0.00282677052451032	0.152095807521978	cluster_9
UL40	E	8h	8	PK-15	PK-15_dcDNA_8h	LT934125.1	+	70167	PK-15_8h_3	0.0214488292217139	dcDNA	PK-15_8h_3	viral_read.count	0.0185854598530064	0.00282677052451032	0.152095807521978	cluster_9
UL41	L	""		C6	C6_dRNA	LT934125.1	-	3	C6_dRNA	0	dcDNA	C6_dRNA	viral_read.count	0			cluster_1
UL41	L	""		PC-12	PC-12_dRNA	LT934125.1	-	20	PC-12_dRNA	0	dcDNA	PC-12_dRNA	viral_read.count	0			cluster_1
UL41	L	""		PK-15	PK-15_dRNA	LT934125.1	-	68	PK-15_dRNA	0	dcDNA	PK-15_dRNA	viral_read.count	0			cluster_1
UL41	L	0.5h	0.5	PC-12	PC-12_dcDNA_0.5h	LT934125.1	-	13	PC-12_0.5h_1	0	dcDNA	PC-12_0.5h_1	viral_read.count	0	0		cluster_1
UL41	L	0.5h	0.5	PC-12	PC-12_dcDNA_0.5h	LT934125.1	-	13	PC-12_0.5h_2	0	dcDNA	PC-12_0.5h_2	viral_read.count	0	0		cluster_1
UL41	L	0.5h	0.5	PC-12	PC-12_dcDNA_0.5h	LT934125.1	-	2	PC-12_0.5h_3	0	dcDNA	PC-12_0.5h_3	viral_read.count	0	0		cluster_1
UL41	L	1.5h	1.5	PC-12	PC-12_dcDNA_1.5h	LT934125.1	-	138	PC-12_1.5h_1	0.0144927536231884	dcDNA	PC-12_1.5h_1	viral_read.count	0.0118008621148422	0.00356942600729985	0.302471630679466	cluster_1
UL41	L	1.5h	1.5	PC-12	PC-12_dcDNA_1.5h	LT934125.1	-	129	PC-12_1.5h_2	0.00775193798449612	dcDNA	PC-12_1.5h_2	viral_read.count	0.0118008621148422	0.00356942600729985	0.302471630679466	cluster_1
UL41	L	1.5h	1.5	PC-12	PC-12_dcDNA_1.5h	LT934125.1	-	152	PC-12_1.5h_3	0.0131578947368421	dcDNA	PC-12_1.5h_3	viral_read.count	0.0118008621148422	0.00356942600729985	0.302471630679466	cluster_1
UL41	L	12h	12	C6	C6_dcDNA_12h	LT934125.1	-	56266	C6_12h_1	0.00234599936018199	dcDNA	C6_12h_1	viral_read.count	0.00359028100408263	0.0011589591094307	0.32280456825324	cluster_1
UL41	L	12h	12	C6	C6_dcDNA_12h	LT934125.1	-	49131	C6_12h_2	0.00378579715454601	dcDNA	C6_12h_2	viral_read.count	0.00359028100408263	0.0011589591094307	0.32280456825324	cluster_1
UL41	L	12h	12	C6	C6_dcDNA_12h	LT934125.1	-	28023	C6_12h_3	0.0046390464975199	dcDNA	C6_12h_3	viral_read.count	0.00359028100408263	0.0011589591094307	0.32280456825324	cluster_1
UL41	L	12h	12	PC-12	PC-12_dcDNA_12h	LT934125.1	-	40118	PC-12_12h_1	0.00279176429532878	dcDNA	PC-12_12h_1	viral_read.count	0.00264332565956804	0.000531870537370571	0.20121264114596	cluster_1
UL41	L	12h	12	PC-12	PC-12_dcDNA_12h	LT934125.1	-	64296	PC-12_12h_2	0.00205300485255692	dcDNA	PC-12_12h_2	viral_read.count	0.00264332565956804	0.000531870537370571	0.20121264114596	cluster_1
UL41	L	12h	12	PC-12	PC-12_dcDNA_12h	LT934125.1	-	35654	PC-12_12h_3	0.00308520783081842	dcDNA	PC-12_12h_3	viral_read.count	0.00264332565956804	0.000531870537370571	0.20121264114596	cluster_1
UL41	L	12h	12	PK-15	PK-15_dcDNA_12h	LT934125.1	-	137055	PK-15_12h_1	0.00306446317171938	dcDNA	PK-15_12h_1	viral_read.count	0.00296451565051048	0.000493267715581555	0.166390659970581	cluster_1
UL41	L	12h	12	PK-15	PK-15_dcDNA_12h	LT934125.1	-	155287	PK-15_12h_2	0.00340015584047602	dcDNA	PK-15_12h_2	viral_read.count	0.00296451565051048	0.000493267715581555	0.166390659970581	cluster_1
UL41	L	12h	12	PK-15	PK-15_dcDNA_12h	LT934125.1	-	135039	PK-15_12h_3	0.00242892793933604	dcDNA	PK-15_12h_3	viral_read.count	0.00296451565051048	0.000493267715581555	0.166390659970581	cluster_1
UL41	L	1h	1	C6	C6_dcDNA_1h	LT934125.1	-	246	C6_1h_1	0.0121951219512195	dcDNA	C6_1h_1	viral_read.count	0.0189343216961581	0.00642895394366362	0.339539701861519	cluster_1
UL41	L	1h	1	C6	C6_dcDNA_1h	LT934125.1	-	240	C6_1h_2	0.025	dcDNA	C6_1h_2	viral_read.count	0.0189343216961581	0.00642895394366362	0.339539701861519	cluster_1
UL41	L	1h	1	C6	C6_dcDNA_1h	LT934125.1	-	102	C6_1h_3	0.0196078431372549	dcDNA	C6_1h_3	viral_read.count	0.0189343216961581	0.00642895394366362	0.339539701861519	cluster_1
UL41	L	1h	1	NRK	NRK_dcDNA_1h	LT934125.1	-	25	NRK_1h_1	0	dcDNA	NRK_1h_1	viral_read.count	0	0		cluster_1
UL41	L	1h	1	NRK	NRK_dcDNA_1h	LT934125.1	-	54	NRK_1h_2	0	dcDNA	NRK_1h_2	viral_read.count	0	0		cluster_1
UL41	L	1h	1	NRK	NRK_dcDNA_1h	LT934125.1	-	20	NRK_1h_3	0	dcDNA	NRK_1h_3	viral_read.count	0	0		cluster_1
UL41	L	1h	1	PC-12	PC-12_dcDNA_1h	LT934125.1	-	154	PC-12_1h_1	0.012987012987013	dcDNA	PC-12_1h_1	viral_read.count	0.0271047404571292	0.0150915442616175	0.55678615648386	cluster_1
UL41	L	1h	1	PC-12	PC-12_dcDNA_1h	LT934125.1	-	93	PC-12_1h_2	0.0430107526881721	dcDNA	PC-12_1h_2	viral_read.count	0.0271047404571292	0.0150915442616175	0.55678615648386	cluster_1
UL41	L	1h	1	PC-12	PC-12_dcDNA_1h	LT934125.1	-	158	PC-12_1h_3	0.0253164556962025	dcDNA	PC-12_1h_3	viral_read.count	0.0271047404571292	0.0150915442616175	0.55678615648386	cluster_1
UL41	L	1h	1	PK-15	PK-15_dcDNA_1h	LT934125.1	-	129	PK-15_1h_1	0	dcDNA	PK-15_1h_1	viral_read.count	0.0151821862348178	0.0136170283877264	0.896908269804914	cluster_1
UL41	L	1h	1	PK-15	PK-15_dcDNA_1h	LT934125.1	-	76	PK-15_1h_2	0.0263157894736842	dcDNA	PK-15_1h_2	viral_read.count	0.0151821862348178	0.0136170283877264	0.896908269804914	cluster_1
UL41	L	1h	1	PK-15	PK-15_dcDNA_1h	LT934125.1	-	52	PK-15_1h_3	0.0192307692307692	dcDNA	PK-15_1h_3	viral_read.count	0.0151821862348178	0.0136170283877264	0.896908269804914	cluster_1
UL41	L	2.5h	2.5	PC-12	PC-12_dcDNA_2.5h	LT934125.1	-	478	PC-12_2.5h_1	0.0125523012552301	dcDNA	PC-12_2.5h_1	viral_read.count	0.00973634633762843	0.00525834256208211	0.540073491609475	cluster_1
UL41	L	2.5h	2.5	PC-12	PC-12_dcDNA_2.5h	LT934125.1	-	231	PC-12_2.5h_2	0.012987012987013	dcDNA	PC-12_2.5h_2	viral_read.count	0.00973634633762843	0.00525834256208211	0.540073491609475	cluster_1
UL41	L	2.5h	2.5	PC-12	PC-12_dcDNA_2.5h	LT934125.1	-	545	PC-12_2.5h_3	0.0036697247706422	dcDNA	PC-12_2.5h_3	viral_read.count	0.00973634633762843	0.00525834256208211	0.540073491609475	cluster_1
UL41	L	2h	2	C6	C6_dcDNA_2h	LT934125.1	-	243	C6_2h_1	0.0123456790123457	dcDNA	C6_2h_1	viral_read.count	0.0115147198480532	0.00117515371992067	0.102056648831048	cluster_1
UL41	L	2h	2	C6	C6_dcDNA_2h	LT934125.1	-	468	C6_2h_2	0.0106837606837607	dcDNA	C6_2h_2	viral_read.count	0.0115147198480532	0.00117515371992067	0.102056648831048	cluster_1
UL41	L	2h	2	NRK	NRK_dcDNA_2h	LT934125.1	-	99	NRK_2h_1	0	dcDNA	NRK_2h_1	viral_read.count	0.00273224043715847	0.00473237925565267	1.73205080756888	cluster_1
UL41	L	2h	2	NRK	NRK_dcDNA_2h	LT934125.1	-	71	NRK_2h_2	0	dcDNA	NRK_2h_2	viral_read.count	0.00273224043715847	0.00473237925565267	1.73205080756888	cluster_1
UL41	L	2h	2	NRK	NRK_dcDNA_2h	LT934125.1	-	122	NRK_2h_3	0.00819672131147541	dcDNA	NRK_2h_3	viral_read.count	0.00273224043715847	0.00473237925565267	1.73205080756888	cluster_1
UL41	L	2h	2	PC-12	PC-12_dcDNA_2h	LT934125.1	-	439	PC-12_2h_1	0.00683371298405467	dcDNA	PC-12_2h_1	viral_read.count	0.00527412915117618	0.00144663451412482	0.27428879207522	cluster_1
UL41	L	2h	2	PC-12	PC-12_dcDNA_2h	LT934125.1	-	399	PC-12_2h_2	0.0050125313283208	dcDNA	PC-12_2h_2	viral_read.count	0.00527412915117618	0.00144663451412482	0.27428879207522	cluster_1
UL41	L	2h	2	PC-12	PC-12_dcDNA_2h	LT934125.1	-	503	PC-12_2h_3	0.00397614314115308	dcDNA	PC-12_2h_3	viral_read.count	0.00527412915117618	0.00144663451412482	0.27428879207522	cluster_1
UL41	L	2h	2	PK-15	PK-15_dcDNA_2h	LT934125.1	-	482	PK-15_2h_1	0.0145228215767635	dcDNA	PK-15_2h_1	viral_read.count	0.00914199972306888	0.00578318645743961	0.632595343756831	cluster_1
UL41	L	2h	2	PK-15	PK-15_dcDNA_2h	LT934125.1	-	405	PK-15_2h_2	0.00987654320987654	dcDNA	PK-15_2h_2	viral_read.count	0.00914199972306888	0.00578318645743961	0.632595343756831	cluster_1
UL41	L	2h	2	PK-15	PK-15_dcDNA_2h	LT934125.1	-	1652	PK-15_2h_3	0.00302663438256659	dcDNA	PK-15_2h_3	viral_read.count	0.00914199972306888	0.00578318645743961	0.632595343756831	cluster_1
UL41	L	4h	4	C6	C6_dcDNA_4h	LT934125.1	-	680	C6_4h_1	0.00735294117647059	dcDNA	C6_4h_1	viral_read.count	0.0049770824080548	0.00213883464869846	0.429736635511	cluster_1
UL41	L	4h	4	C6	C6_dcDNA_4h	LT934125.1	-	686	C6_4h_2	0.0043731778425656	dcDNA	C6_4h_2	viral_read.count	0.0049770824080548	0.00213883464869846	0.429736635511	cluster_1
UL41	L	4h	4	C6	C6_dcDNA_4h	LT934125.1	-	312	C6_4h_3	0.00320512820512821	dcDNA	C6_4h_3	viral_read.count	0.0049770824080548	0.00213883464869846	0.429736635511	cluster_1
UL41	L	4h	4	PC-12	PC-12_dcDNA_4h	LT934125.1	-	2800	PC-12_4h_1	0.00678571428571429	dcDNA	PC-12_4h_1	viral_read.count	0.0054719461339399	0.00123329316403517	0.225384741341957	cluster_1
UL41	L	4h	4	PC-12	PC-12_dcDNA_4h	LT934125.1	-	2646	PC-12_4h_2	0.00529100529100529	dcDNA	PC-12_4h_2	viral_read.count	0.0054719461339399	0.00123329316403517	0.225384741341957	cluster_1
UL41	L	4h	4	PC-12	PC-12_dcDNA_4h	LT934125.1	-	2996	PC-12_4h_3	0.00433911882510013	dcDNA	PC-12_4h_3	viral_read.count	0.0054719461339399	0.00123329316403517	0.225384741341957	cluster_1
UL41	L	4h	4	PK-15	PK-15_dcDNA_4h	LT934125.1	-	7826	PK-15_4h_1	0.00702785586506517	dcDNA	PK-15_4h_1	viral_read.count	0.00661295338719829	0.00147841665739625	0.223563749936337	cluster_1
UL41	L	4h	4	PK-15	PK-15_dcDNA_4h	LT934125.1	-	8046	PK-15_4h_2	0.00497141436738752	dcDNA	PK-15_4h_2	viral_read.count	0.00661295338719829	0.00147841665739625	0.223563749936337	cluster_1
UL41	L	4h	4	PK-15	PK-15_dcDNA_4h	LT934125.1	-	6633	PK-15_4h_3	0.00783958992914217	dcDNA	PK-15_4h_3	viral_read.count	0.00661295338719829	0.00147841665739625	0.223563749936337	cluster_1
UL41	L	6h	6	C6	C6_dcDNA_6h	LT934125.1	-	2759	C6_6h_1	0.00652410293584632	dcDNA	C6_6h_1	viral_read.count	0.00633995246303276	0.00175277784782846	0.276465455860848	cluster_1
UL41	L	6h	6	C6	C6_dcDNA_6h	LT934125.1	-	4220	C6_6h_2	0.00450236966824645	dcDNA	C6_6h_2	viral_read.count	0.00633995246303276	0.00175277784782846	0.276465455860848	cluster_1
UL41	L	6h	6	C6	C6_dcDNA_6h	LT934125.1	-	3628	C6_6h_3	0.00799338478500551	dcDNA	C6_6h_3	viral_read.count	0.00633995246303276	0.00175277784782846	0.276465455860848	cluster_1
UL41	L	6h	6	PC-12	PC-12_dcDNA_6h	LT934125.1	-	7517	PC-12_6h_1	0.00452308101636291	dcDNA	PC-12_6h_1	viral_read.count	0.00443841076785262	0.000394086871535777	0.0887900854941471	cluster_1
UL41	L	6h	6	PC-12	PC-12_dcDNA_6h	LT934125.1	-	13589	PC-12_6h_2	0.00478328059459857	dcDNA	PC-12_6h_2	viral_read.count	0.00443841076785262	0.000394086871535777	0.0887900854941471	cluster_1
UL41	L	6h	6	PC-12	PC-12_dcDNA_6h	LT934125.1	-	11724	PC-12_6h_3	0.00400887069259638	dcDNA	PC-12_6h_3	viral_read.count	0.00443841076785262	0.000394086871535777	0.0887900854941471	cluster_1
UL41	L	6h	6	PK-15	PK-15_dcDNA_6h	LT934125.1	-	37872	PK-15_6h_1	0.00773658639628221	dcDNA	PK-15_6h_1	viral_read.count	0.00717288908484477	0.000872730156286312	0.121670661007468	cluster_1
UL41	L	6h	6	PK-15	PK-15_dcDNA_6h	LT934125.1	-	30337	PK-15_6h_2	0.00761446418564789	dcDNA	PK-15_6h_2	viral_read.count	0.00717288908484477	0.000872730156286312	0.121670661007468	cluster_1
UL41	L	6h	6	PK-15	PK-15_dcDNA_6h	LT934125.1	-	44912	PK-15_6h_3	0.0061676166726042	dcDNA	PK-15_6h_3	viral_read.count	0.00717288908484477	0.000872730156286312	0.121670661007468	cluster_1
UL41	L	8h	8	C6	C6_dcDNA_8h	LT934125.1	-	10124	C6_8h_1	0.00691426313709996	dcDNA	C6_8h_1	viral_read.count	0.00778768455418465	0.00151323742502436	0.194311597304135	cluster_1
UL41	L	8h	8	C6	C6_dcDNA_8h	LT934125.1	-	10414	C6_8h_2	0.00691376992510083	dcDNA	C6_8h_2	viral_read.count	0.00778768455418465	0.00151323742502436	0.194311597304135	cluster_1
UL41	L	8h	8	C6	C6_dcDNA_8h	LT934125.1	-	8495	C6_8h_3	0.00953502060035315	dcDNA	C6_8h_3	viral_read.count	0.00778768455418465	0.00151323742502436	0.194311597304135	cluster_1
UL41	L	8h	8	PC-12	PC-12_dcDNA_8h	LT934125.1	-	14035	PC-12_8h_1	0.00513003206270039	dcDNA	PC-12_8h_1	viral_read.count	0.00540230243787914	0.0003850484572102	0.0712748798568493	cluster_1
UL41	L	8h	8	PC-12	PC-12_dcDNA_8h	LT934125.1	-	15684	PC-12_8h_2	0.00567457281305789	dcDNA	PC-12_8h_2	viral_read.count	0.00540230243787914	0.0003850484572102	0.0712748798568493	cluster_1
UL41	L	8h	8	PK-15	PK-15_dcDNA_8h	LT934125.1	-	69419	PK-15_8h_1	0.00666964375747274	dcDNA	PK-15_8h_1	viral_read.count	0.00648773833413409	0.000168305227365189	0.0259420492469126	cluster_1
UL41	L	8h	8	PK-15	PK-15_dcDNA_8h	LT934125.1	-	74319	PK-15_8h_2	0.00633754490776248	dcDNA	PK-15_8h_2	viral_read.count	0.00648773833413409	0.000168305227365189	0.0259420492469126	cluster_1
UL41	L	8h	8	PK-15	PK-15_dcDNA_8h	LT934125.1	-	70167	PK-15_8h_3	0.00645602633716704	dcDNA	PK-15_8h_3	viral_read.count	0.00648773833413409	0.000168305227365189	0.0259420492469126	cluster_1
UL42	L	""		C6	C6_dRNA	LT934125.1	+	3	C6_dRNA	0	dcDNA	C6_dRNA	viral_read.count	0			cluster_1
UL42	L	""		PC-12	PC-12_dRNA	LT934125.1	+	20	PC-12_dRNA	0	dcDNA	PC-12_dRNA	viral_read.count	0			cluster_1
UL42	L	""		PK-15	PK-15_dRNA	LT934125.1	+	68	PK-15_dRNA	0	dcDNA	PK-15_dRNA	viral_read.count	0			cluster_1
UL42	L	0.5h	0.5	PC-12	PC-12_dcDNA_0.5h	LT934125.1	+	13	PC-12_0.5h_1	0	dcDNA	PC-12_0.5h_1	viral_read.count	0	0		cluster_1
UL42	L	0.5h	0.5	PC-12	PC-12_dcDNA_0.5h	LT934125.1	+	13	PC-12_0.5h_2	0	dcDNA	PC-12_0.5h_2	viral_read.count	0	0		cluster_1
UL42	L	0.5h	0.5	PC-12	PC-12_dcDNA_0.5h	LT934125.1	+	2	PC-12_0.5h_3	0	dcDNA	PC-12_0.5h_3	viral_read.count	0	0		cluster_1
UL42	L	1.5h	1.5	PC-12	PC-12_dcDNA_1.5h	LT934125.1	+	138	PC-12_1.5h_1	0.036231884057971	dcDNA	PC-12_1.5h_1	viral_read.count	0.0242151975827672	0.0115668733246711	0.477669995676713	cluster_1
UL42	L	1.5h	1.5	PC-12	PC-12_dcDNA_1.5h	LT934125.1	+	129	PC-12_1.5h_2	0.0232558139534884	dcDNA	PC-12_1.5h_2	viral_read.count	0.0242151975827672	0.0115668733246711	0.477669995676713	cluster_1
UL42	L	1.5h	1.5	PC-12	PC-12_dcDNA_1.5h	LT934125.1	+	152	PC-12_1.5h_3	0.0131578947368421	dcDNA	PC-12_1.5h_3	viral_read.count	0.0242151975827672	0.0115668733246711	0.477669995676713	cluster_1
UL42	L	12h	12	C6	C6_dcDNA_12h	LT934125.1	+	56266	C6_12h_1	0.00801549781395514	dcDNA	C6_12h_1	viral_read.count	0.00828152257157063	0.000756740171803331	0.0913769376661629	cluster_1
UL42	L	12h	12	C6	C6_dcDNA_12h	LT934125.1	+	49131	C6_12h_2	0.00769371679794834	dcDNA	C6_12h_2	viral_read.count	0.00828152257157063	0.000756740171803331	0.0913769376661629	cluster_1
UL42	L	12h	12	C6	C6_dcDNA_12h	LT934125.1	+	28023	C6_12h_3	0.00913535310280841	dcDNA	C6_12h_3	viral_read.count	0.00828152257157063	0.000756740171803331	0.0913769376661629	cluster_1
UL42	L	12h	12	PC-12	PC-12_dcDNA_12h	LT934125.1	+	40118	PC-12_12h_1	0.00510992571912857	dcDNA	PC-12_12h_1	viral_read.count	0.00477334459501754	0.000364643912100284	0.0763917007963143	cluster_1
UL42	L	12h	12	PC-12	PC-12_dcDNA_12h	LT934125.1	+	64296	PC-12_12h_2	0.0043859649122807	dcDNA	PC-12_12h_2	viral_read.count	0.00477334459501754	0.000364643912100284	0.0763917007963143	cluster_1
UL42	L	12h	12	PC-12	PC-12_dcDNA_12h	LT934125.1	+	35654	PC-12_12h_3	0.00482414315364335	dcDNA	PC-12_12h_3	viral_read.count	0.00477334459501754	0.000364643912100284	0.0763917007963143	cluster_1
UL42	L	12h	12	PK-15	PK-15_dcDNA_12h	LT934125.1	+	137055	PK-15_12h_1	0.00680018970486301	dcDNA	PK-15_12h_1	viral_read.count	0.00686404330067131	0.00167616851886785	0.244195504813311	cluster_1
UL42	L	12h	12	PK-15	PK-15_dcDNA_12h	LT934125.1	+	155287	PK-15_12h_2	0.00857122618119997	dcDNA	PK-15_12h_2	viral_read.count	0.00686404330067131	0.00167616851886785	0.244195504813311	cluster_1
UL42	L	12h	12	PK-15	PK-15_dcDNA_12h	LT934125.1	+	135039	PK-15_12h_3	0.00522071401595095	dcDNA	PK-15_12h_3	viral_read.count	0.00686404330067131	0.00167616851886785	0.244195504813311	cluster_1
UL42	L	1h	1	C6	C6_dcDNA_1h	LT934125.1	+	246	C6_1h_1	0	dcDNA	C6_1h_1	viral_read.count	0	0		cluster_1
UL42	L	1h	1	C6	C6_dcDNA_1h	LT934125.1	+	240	C6_1h_2	0	dcDNA	C6_1h_2	viral_read.count	0	0		cluster_1
UL42	L	1h	1	C6	C6_dcDNA_1h	LT934125.1	+	102	C6_1h_3	0	dcDNA	C6_1h_3	viral_read.count	0	0		cluster_1
UL42	L	1h	1	NRK	NRK_dcDNA_1h	LT934125.1	+	25	NRK_1h_1	0	dcDNA	NRK_1h_1	viral_read.count	0.00617283950617283	0.0106916716516597	1.73205080756888	cluster_1
UL42	L	1h	1	NRK	NRK_dcDNA_1h	LT934125.1	+	54	NRK_1h_2	0.0185185185185185	dcDNA	NRK_1h_2	viral_read.count	0.00617283950617283	0.0106916716516597	1.73205080756888	cluster_1
UL42	L	1h	1	NRK	NRK_dcDNA_1h	LT934125.1	+	20	NRK_1h_3	0	dcDNA	NRK_1h_3	viral_read.count	0.00617283950617283	0.0106916716516597	1.73205080756888	cluster_1
UL42	L	1h	1	PC-12	PC-12_dcDNA_1h	LT934125.1	+	154	PC-12_1h_1	0	dcDNA	PC-12_1h_1	viral_read.count	0.00210970464135021	0.00365411562778244	1.73205080756888	cluster_1
UL42	L	1h	1	PC-12	PC-12_dcDNA_1h	LT934125.1	+	93	PC-12_1h_2	0	dcDNA	PC-12_1h_2	viral_read.count	0.00210970464135021	0.00365411562778244	1.73205080756888	cluster_1
UL42	L	1h	1	PC-12	PC-12_dcDNA_1h	LT934125.1	+	158	PC-12_1h_3	0.00632911392405063	dcDNA	PC-12_1h_3	viral_read.count	0.00210970464135021	0.00365411562778244	1.73205080756888	cluster_1
UL42	L	1h	1	PK-15	PK-15_dcDNA_1h	LT934125.1	+	129	PK-15_1h_1	0	dcDNA	PK-15_1h_1	viral_read.count	0	0		cluster_1
UL42	L	1h	1	PK-15	PK-15_dcDNA_1h	LT934125.1	+	76	PK-15_1h_2	0	dcDNA	PK-15_1h_2	viral_read.count	0	0		cluster_1
UL42	L	1h	1	PK-15	PK-15_dcDNA_1h	LT934125.1	+	52	PK-15_1h_3	0	dcDNA	PK-15_1h_3	viral_read.count	0	0		cluster_1
UL42	L	2.5h	2.5	PC-12	PC-12_dcDNA_2.5h	LT934125.1	+	478	PC-12_2.5h_1	0.0230125523012552	dcDNA	PC-12_2.5h_1	viral_read.count	0.018899784931799	0.0130113900794405	0.688441171494431	cluster_1
UL42	L	2.5h	2.5	PC-12	PC-12_dcDNA_2.5h	LT934125.1	+	231	PC-12_2.5h_2	0.00432900432900433	dcDNA	PC-12_2.5h_2	viral_read.count	0.018899784931799	0.0130113900794405	0.688441171494431	cluster_1
UL42	L	2.5h	2.5	PC-12	PC-12_dcDNA_2.5h	LT934125.1	+	545	PC-12_2.5h_3	0.0293577981651376	dcDNA	PC-12_2.5h_3	viral_read.count	0.018899784931799	0.0130113900794405	0.688441171494431	cluster_1
UL42	L	2h	2	C6	C6_dcDNA_2h	LT934125.1	+	243	C6_2h_1	0.0123456790123457	dcDNA	C6_2h_1	viral_read.count	0.00830959164292498	0.00570788949675752	0.686903730295505	cluster_1
UL42	L	2h	2	C6	C6_dcDNA_2h	LT934125.1	+	468	C6_2h_2	0.00427350427350427	dcDNA	C6_2h_2	viral_read.count	0.00830959164292498	0.00570788949675752	0.686903730295505	cluster_1
UL42	L	2h	2	NRK	NRK_dcDNA_2h	LT934125.1	+	99	NRK_2h_1	0.0202020202020202	dcDNA	NRK_2h_1	viral_read.count	0.0149307280454821	0.0131152175479545	0.87840442261106	cluster_1
UL42	L	2h	2	NRK	NRK_dcDNA_2h	LT934125.1	+	71	NRK_2h_2	0	dcDNA	NRK_2h_2	viral_read.count	0.0149307280454821	0.0131152175479545	0.87840442261106	cluster_1
UL42	L	2h	2	NRK	NRK_dcDNA_2h	LT934125.1	+	122	NRK_2h_3	0.0245901639344262	dcDNA	NRK_2h_3	viral_read.count	0.0149307280454821	0.0131152175479545	0.87840442261106	cluster_1
UL42	L	2h	2	PC-12	PC-12_dcDNA_2h	LT934125.1	+	439	PC-12_2h_1	0.00683371298405467	dcDNA	PC-12_2h_1	viral_read.count	0.00876031313333169	0.00276496937514304	0.315624491163763	cluster_1
UL42	L	2h	2	PC-12	PC-12_dcDNA_2h	LT934125.1	+	399	PC-12_2h_2	0.0075187969924812	dcDNA	PC-12_2h_2	viral_read.count	0.00876031313333169	0.00276496937514304	0.315624491163763	cluster_1
UL42	L	2h	2	PC-12	PC-12_dcDNA_2h	LT934125.1	+	503	PC-12_2h_3	0.0119284294234592	dcDNA	PC-12_2h_3	viral_read.count	0.00876031313333169	0.00276496937514304	0.315624491163763	cluster_1
UL42	L	2h	2	PK-15	PK-15_dcDNA_2h	LT934125.1	+	482	PK-15_2h_1	0.0020746887966805	dcDNA	PK-15_2h_1	viral_read.count	0.00680860275924783	0.00415918668468217	0.610872279049167	cluster_1
UL42	L	2h	2	PK-15	PK-15_dcDNA_2h	LT934125.1	+	405	PK-15_2h_2	0.00987654320987654	dcDNA	PK-15_2h_2	viral_read.count	0.00680860275924783	0.00415918668468217	0.610872279049167	cluster_1
UL42	L	2h	2	PK-15	PK-15_dcDNA_2h	LT934125.1	+	1652	PK-15_2h_3	0.00847457627118644	dcDNA	PK-15_2h_3	viral_read.count	0.00680860275924783	0.00415918668468217	0.610872279049167	cluster_1
UL42	L	4h	4	C6	C6_dcDNA_4h	LT934125.1	+	680	C6_4h_1	0.00735294117647059	dcDNA	C6_4h_1	viral_read.count	0.0116801299274288	0.00433637895596738	0.37126119169138	cluster_1
UL42	L	4h	4	C6	C6_dcDNA_4h	LT934125.1	+	686	C6_4h_2	0.0116618075801749	dcDNA	C6_4h_2	viral_read.count	0.0116801299274288	0.00433637895596738	0.37126119169138	cluster_1
UL42	L	4h	4	C6	C6_dcDNA_4h	LT934125.1	+	312	C6_4h_3	0.016025641025641	dcDNA	C6_4h_3	viral_read.count	0.0116801299274288	0.00433637895596738	0.37126119169138	cluster_1
UL42	L	4h	4	PC-12	PC-12_dcDNA_4h	LT934125.1	+	2800	PC-12_4h_1	0.00714285714285714	dcDNA	PC-12_4h_1	viral_read.count	0.00986123767610195	0.00251094498191706	0.254627772333504	cluster_1
UL42	L	4h	4	PC-12	PC-12_dcDNA_4h	LT934125.1	+	2646	PC-12_4h_2	0.0120937263794407	dcDNA	PC-12_4h_2	viral_read.count	0.00986123767610195	0.00251094498191706	0.254627772333504	cluster_1
UL42	L	4h	4	PC-12	PC-12_dcDNA_4h	LT934125.1	+	2996	PC-12_4h_3	0.010347129506008	dcDNA	PC-12_4h_3	viral_read.count	0.00986123767610195	0.00251094498191706	0.254627772333504	cluster_1
UL42	L	4h	4	PK-15	PK-15_dcDNA_4h	LT934125.1	+	7826	PK-15_4h_1	0.0118834653718375	dcDNA	PK-15_4h_1	viral_read.count	0.0113962414598302	0.00128127212414902	0.11242935915892	cluster_1
UL42	L	4h	4	PK-15	PK-15_dcDNA_4h	LT934125.1	+	8046	PK-15_4h_2	0.00994282873477504	dcDNA	PK-15_4h_2	viral_read.count	0.0113962414598302	0.00128127212414902	0.11242935915892	cluster_1
UL42	L	4h	4	PK-15	PK-15_dcDNA_4h	LT934125.1	+	6633	PK-15_4h_3	0.012362430272878	dcDNA	PK-15_4h_3	viral_read.count	0.0113962414598302	0.00128127212414902	0.11242935915892	cluster_1
UL42	L	6h	6	C6	C6_dcDNA_6h	LT934125.1	+	2759	C6_6h_1	0.00833635375135919	dcDNA	C6_6h_1	viral_read.count	0.00987620660071284	0.00162609277759276	0.164647505194494	cluster_1
UL42	L	6h	6	C6	C6_dcDNA_6h	LT934125.1	+	4220	C6_6h_2	0.00971563981042654	dcDNA	C6_6h_2	viral_read.count	0.00987620660071284	0.00162609277759276	0.164647505194494	cluster_1
UL42	L	6h	6	C6	C6_dcDNA_6h	LT934125.1	+	3628	C6_6h_3	0.0115766262403528	dcDNA	C6_6h_3	viral_read.count	0.00987620660071284	0.00162609277759276	0.164647505194494	cluster_1
UL42	L	6h	6	PC-12	PC-12_dcDNA_6h	LT934125.1	+	7517	PC-12_6h_1	0.0107755753625116	dcDNA	PC-12_6h_1	viral_read.count	0.00972980559010109	0.00103782978002631	0.106665006861204	cluster_1
UL42	L	6h	6	PC-12	PC-12_dcDNA_6h	LT934125.1	+	13589	PC-12_6h_2	0.00971373905364633	dcDNA	PC-12_6h_2	viral_read.count	0.00972980559010109	0.00103782978002631	0.106665006861204	cluster_1
UL42	L	6h	6	PC-12	PC-12_dcDNA_6h	LT934125.1	+	11724	PC-12_6h_3	0.00870010235414534	dcDNA	PC-12_6h_3	viral_read.count	0.00972980559010109	0.00103782978002631	0.106665006861204	cluster_1
UL42	L	6h	6	PK-15	PK-15_dcDNA_6h	LT934125.1	+	37872	PK-15_6h_1	0.00810625264047317	dcDNA	PK-15_6h_1	viral_read.count	0.00839194194460611	0.000410042235391856	0.0488614242208157	cluster_1
UL42	L	6h	6	PK-15	PK-15_dcDNA_6h	LT934125.1	+	30337	PK-15_6h_2	0.00820779905725682	dcDNA	PK-15_6h_2	viral_read.count	0.00839194194460611	0.000410042235391856	0.0488614242208157	cluster_1
UL42	L	6h	6	PK-15	PK-15_dcDNA_6h	LT934125.1	+	44912	PK-15_6h_3	0.00886177413608835	dcDNA	PK-15_6h_3	viral_read.count	0.00839194194460611	0.000410042235391856	0.0488614242208157	cluster_1
UL42	L	8h	8	C6	C6_dcDNA_8h	LT934125.1	+	10124	C6_8h_1	0.0081983405768471	dcDNA	C6_8h_1	viral_read.count	0.00692391692552269	0.00156332383612697	0.225786047542584	cluster_1
UL42	L	8h	8	C6	C6_dcDNA_8h	LT934125.1	+	10414	C6_8h_2	0.00739389283656616	dcDNA	C6_8h_2	viral_read.count	0.00692391692552269	0.00156332383612697	0.225786047542584	cluster_1
UL42	L	8h	8	C6	C6_dcDNA_8h	LT934125.1	+	8495	C6_8h_3	0.0051795173631548	dcDNA	C6_8h_3	viral_read.count	0.00692391692552269	0.00156332383612697	0.225786047542584	cluster_1
UL42	L	8h	8	PC-12	PC-12_dcDNA_8h	LT934125.1	+	14035	PC-12_8h_1	0.00505878161738511	dcDNA	PC-12_8h_1	viral_read.count	0.00613178815630796	0.00151746039985971	0.247474368190403	cluster_1
UL42	L	8h	8	PC-12	PC-12_dcDNA_8h	LT934125.1	+	15684	PC-12_8h_2	0.00720479469523081	dcDNA	PC-12_8h_2	viral_read.count	0.00613178815630796	0.00151746039985971	0.247474368190403	cluster_1
UL42	L	8h	8	PK-15	PK-15_dcDNA_8h	LT934125.1	+	69419	PK-15_8h_1	0.00950748354196978	dcDNA	PK-15_8h_1	viral_read.count	0.00814343001625641	0.0013762434061897	0.169000458460668	cluster_1
UL42	L	8h	8	PK-15	PK-15_dcDNA_8h	LT934125.1	+	74319	PK-15_8h_2	0.0081674941804922	dcDNA	PK-15_8h_2	viral_read.count	0.00814343001625641	0.0013762434061897	0.169000458460668	cluster_1
UL42	L	8h	8	PK-15	PK-15_dcDNA_8h	LT934125.1	+	70167	PK-15_8h_3	0.00675531232630724	dcDNA	PK-15_8h_3	viral_read.count	0.00814343001625641	0.0013762434061897	0.169000458460668	cluster_1
UL43	L	""		C6	C6_dRNA	LT934125.1	+	3	C6_dRNA	0	dcDNA	C6_dRNA	viral_read.count	0			cluster_1
UL43	L	""		PC-12	PC-12_dRNA	LT934125.1	+	20	PC-12_dRNA	0	dcDNA	PC-12_dRNA	viral_read.count	0			cluster_1
UL43	L	""		PK-15	PK-15_dRNA	LT934125.1	+	68	PK-15_dRNA	0	dcDNA	PK-15_dRNA	viral_read.count	0			cluster_1
UL43	L	0.5h	0.5	PC-12	PC-12_dcDNA_0.5h	LT934125.1	+	13	PC-12_0.5h_1	0.0769230769230769	dcDNA	PC-12_0.5h_1	viral_read.count	0.0256410256410256	0.0444115591684327	1.73205080756888	cluster_1
UL43	L	0.5h	0.5	PC-12	PC-12_dcDNA_0.5h	LT934125.1	+	13	PC-12_0.5h_2	0	dcDNA	PC-12_0.5h_2	viral_read.count	0.0256410256410256	0.0444115591684327	1.73205080756888	cluster_1
UL43	L	0.5h	0.5	PC-12	PC-12_dcDNA_0.5h	LT934125.1	+	2	PC-12_0.5h_3	0	dcDNA	PC-12_0.5h_3	viral_read.count	0.0256410256410256	0.0444115591684327	1.73205080756888	cluster_1
UL43	L	1.5h	1.5	PC-12	PC-12_dcDNA_1.5h	LT934125.1	+	138	PC-12_1.5h_1	0.0072463768115942	dcDNA	PC-12_1.5h_1	viral_read.count	0.0075834175935288	0.00775743126827359	1.02294660324301	cluster_1
UL43	L	1.5h	1.5	PC-12	PC-12_dcDNA_1.5h	LT934125.1	+	129	PC-12_1.5h_2	0.0155038759689922	dcDNA	PC-12_1.5h_2	viral_read.count	0.0075834175935288	0.00775743126827359	1.02294660324301	cluster_1
UL43	L	1.5h	1.5	PC-12	PC-12_dcDNA_1.5h	LT934125.1	+	152	PC-12_1.5h_3	0	dcDNA	PC-12_1.5h_3	viral_read.count	0.0075834175935288	0.00775743126827359	1.02294660324301	cluster_1
UL43	L	12h	12	C6	C6_dcDNA_12h	LT934125.1	+	56266	C6_12h_1	0.00152845412860342	dcDNA	C6_12h_1	viral_read.count	0.00226862510422649	0.000813916026088438	0.358770615987674	cluster_1
UL43	L	12h	12	C6	C6_dcDNA_12h	LT934125.1	+	49131	C6_12h_2	0.00213714355498565	dcDNA	C6_12h_2	viral_read.count	0.00226862510422649	0.000813916026088438	0.358770615987674	cluster_1
UL43	L	12h	12	C6	C6_dcDNA_12h	LT934125.1	+	28023	C6_12h_3	0.00314027762909039	dcDNA	C6_12h_3	viral_read.count	0.00226862510422649	0.000813916026088438	0.358770615987674	cluster_1
UL43	L	12h	12	PC-12	PC-12_dcDNA_12h	LT934125.1	+	40118	PC-12_12h_1	0.00157036741612244	dcDNA	PC-12_12h_1	viral_read.count	0.00157572413335371	0.000148060645746066	0.0939635578411431	cluster_1
UL43	L	12h	12	PC-12	PC-12_dcDNA_12h	LT934125.1	+	64296	PC-12_12h_2	0.0017263904441956	dcDNA	PC-12_12h_2	viral_read.count	0.00157572413335371	0.000148060645746066	0.0939635578411431	cluster_1
UL43	L	12h	12	PC-12	PC-12_dcDNA_12h	LT934125.1	+	35654	PC-12_12h_3	0.00143041453974309	dcDNA	PC-12_12h_3	viral_read.count	0.00157572413335371	0.000148060645746066	0.0939635578411431	cluster_1
UL43	L	12h	12	PK-15	PK-15_dcDNA_12h	LT934125.1	+	137055	PK-15_12h_1	0.00102148772390646	dcDNA	PK-15_12h_1	viral_read.count	0.00102609865646472	0.000465620869733613	0.453777876815321	cluster_1
UL43	L	12h	12	PK-15	PK-15_dcDNA_12h	LT934125.1	+	155287	PK-15_12h_2	0.00149400786930007	dcDNA	PK-15_12h_2	viral_read.count	0.00102609865646472	0.000465620869733613	0.453777876815321	cluster_1
UL43	L	12h	12	PK-15	PK-15_dcDNA_12h	LT934125.1	+	135039	PK-15_12h_3	0.00056280037618762	dcDNA	PK-15_12h_3	viral_read.count	0.00102609865646472	0.000465620869733613	0.453777876815321	cluster_1
UL43	L	1h	1	C6	C6_dcDNA_1h	LT934125.1	+	246	C6_1h_1	0.0040650406504065	dcDNA	C6_1h_1	viral_read.count	0.00274390243902439	0.00237683243161108	0.866223375076037	cluster_1
UL43	L	1h	1	C6	C6_dcDNA_1h	LT934125.1	+	240	C6_1h_2	0.00416666666666667	dcDNA	C6_1h_2	viral_read.count	0.00274390243902439	0.00237683243161108	0.866223375076037	cluster_1
UL43	L	1h	1	C6	C6_dcDNA_1h	LT934125.1	+	102	C6_1h_3	0	dcDNA	C6_1h_3	viral_read.count	0.00274390243902439	0.00237683243161108	0.866223375076037	cluster_1
UL43	L	1h	1	NRK	NRK_dcDNA_1h	LT934125.1	+	25	NRK_1h_1	0	dcDNA	NRK_1h_1	viral_read.count	0.0123456790123457	0.0213833433033195	1.73205080756888	cluster_1
UL43	L	1h	1	NRK	NRK_dcDNA_1h	LT934125.1	+	54	NRK_1h_2	0.037037037037037	dcDNA	NRK_1h_2	viral_read.count	0.0123456790123457	0.0213833433033195	1.73205080756888	cluster_1
UL43	L	1h	1	NRK	NRK_dcDNA_1h	LT934125.1	+	20	NRK_1h_3	0	dcDNA	NRK_1h_3	viral_read.count	0.0123456790123457	0.0213833433033195	1.73205080756888	cluster_1
UL43	L	1h	1	PC-12	PC-12_dcDNA_1h	LT934125.1	+	154	PC-12_1h_1	0	dcDNA	PC-12_1h_1	viral_read.count	0.007168458781362	0.0124161348212823	1.73205080756888	cluster_1
UL43	L	1h	1	PC-12	PC-12_dcDNA_1h	LT934125.1	+	93	PC-12_1h_2	0.021505376344086	dcDNA	PC-12_1h_2	viral_read.count	0.007168458781362	0.0124161348212823	1.73205080756888	cluster_1
UL43	L	1h	1	PC-12	PC-12_dcDNA_1h	LT934125.1	+	158	PC-12_1h_3	0	dcDNA	PC-12_1h_3	viral_read.count	0.007168458781362	0.0124161348212823	1.73205080756888	cluster_1
UL43	L	1h	1	PK-15	PK-15_dcDNA_1h	LT934125.1	+	129	PK-15_1h_1	0	dcDNA	PK-15_1h_1	viral_read.count	0	0		cluster_1
UL43	L	1h	1	PK-15	PK-15_dcDNA_1h	LT934125.1	+	76	PK-15_1h_2	0	dcDNA	PK-15_1h_2	viral_read.count	0	0		cluster_1
UL43	L	1h	1	PK-15	PK-15_dcDNA_1h	LT934125.1	+	52	PK-15_1h_3	0	dcDNA	PK-15_1h_3	viral_read.count	0	0		cluster_1
UL43	L	2.5h	2.5	PC-12	PC-12_dcDNA_2.5h	LT934125.1	+	478	PC-12_2.5h_1	0.00209205020920502	dcDNA	PC-12_2.5h_1	viral_read.count	0.00581007628337865	0.00463939178840936	0.798507895960271	cluster_1
UL43	L	2.5h	2.5	PC-12	PC-12_dcDNA_2.5h	LT934125.1	+	231	PC-12_2.5h_2	0.00432900432900433	dcDNA	PC-12_2.5h_2	viral_read.count	0.00581007628337865	0.00463939178840936	0.798507895960271	cluster_1
UL43	L	2.5h	2.5	PC-12	PC-12_dcDNA_2.5h	LT934125.1	+	545	PC-12_2.5h_3	0.0110091743119266	dcDNA	PC-12_2.5h_3	viral_read.count	0.00581007628337865	0.00463939178840936	0.798507895960271	cluster_1
UL43	L	2h	2	C6	C6_dcDNA_2h	LT934125.1	+	243	C6_2h_1	0.00823045267489712	dcDNA	C6_2h_1	viral_read.count	0.00518360240582463	0.00430889697304243	0.831255300020826	cluster_1
UL43	L	2h	2	C6	C6_dcDNA_2h	LT934125.1	+	468	C6_2h_2	0.00213675213675214	dcDNA	C6_2h_2	viral_read.count	0.00518360240582463	0.00430889697304243	0.831255300020826	cluster_1
UL43	L	2h	2	NRK	NRK_dcDNA_2h	LT934125.1	+	99	NRK_2h_1	0.0101010101010101	dcDNA	NRK_2h_1	viral_read.count	0.00336700336700337	0.00583182090090531	1.73205080756888	cluster_1
UL43	L	2h	2	NRK	NRK_dcDNA_2h	LT934125.1	+	71	NRK_2h_2	0	dcDNA	NRK_2h_2	viral_read.count	0.00336700336700337	0.00583182090090531	1.73205080756888	cluster_1
UL43	L	2h	2	NRK	NRK_dcDNA_2h	LT934125.1	+	122	NRK_2h_3	0	dcDNA	NRK_2h_3	viral_read.count	0.00336700336700337	0.00583182090090531	1.73205080756888	cluster_1
UL43	L	2h	2	PC-12	PC-12_dcDNA_2h	LT934125.1	+	439	PC-12_2h_1	0.00227790432801822	dcDNA	PC-12_2h_1	viral_read.count	0.00441821678935621	0.00191366882967852	0.433131491937805	cluster_1
UL43	L	2h	2	PC-12	PC-12_dcDNA_2h	LT934125.1	+	399	PC-12_2h_2	0.0050125313283208	dcDNA	PC-12_2h_2	viral_read.count	0.00441821678935621	0.00191366882967852	0.433131491937805	cluster_1
UL43	L	2h	2	PC-12	PC-12_dcDNA_2h	LT934125.1	+	503	PC-12_2h_3	0.00596421471172962	dcDNA	PC-12_2h_3	viral_read.count	0.00441821678935621	0.00191366882967852	0.433131491937805	cluster_1
UL43	L	2h	2	PK-15	PK-15_dcDNA_2h	LT934125.1	+	482	PK-15_2h_1	0.004149377593361	dcDNA	PK-15_2h_1	viral_read.count	0.004861139794445	0.00227546635812578	0.468093174511467	cluster_1
UL43	L	2h	2	PK-15	PK-15_dcDNA_2h	LT934125.1	+	405	PK-15_2h_2	0.00740740740740741	dcDNA	PK-15_2h_2	viral_read.count	0.004861139794445	0.00227546635812578	0.468093174511467	cluster_1
UL43	L	2h	2	PK-15	PK-15_dcDNA_2h	LT934125.1	+	1652	PK-15_2h_3	0.00302663438256659	dcDNA	PK-15_2h_3	viral_read.count	0.004861139794445	0.00227546635812578	0.468093174511467	cluster_1
UL43	L	4h	4	C6	C6_dcDNA_4h	LT934125.1	+	680	C6_4h_1	0	dcDNA	C6_4h_1	viral_read.count	0	0		cluster_1
UL43	L	4h	4	C6	C6_dcDNA_4h	LT934125.1	+	686	C6_4h_2	0	dcDNA	C6_4h_2	viral_read.count	0	0		cluster_1
UL43	L	4h	4	C6	C6_dcDNA_4h	LT934125.1	+	312	C6_4h_3	0	dcDNA	C6_4h_3	viral_read.count	0	0		cluster_1
UL43	L	4h	4	PC-12	PC-12_dcDNA_4h	LT934125.1	+	2800	PC-12_4h_1	0.00285714285714286	dcDNA	PC-12_4h_1	viral_read.count	0.00256888078872948	0.000946547553939492	0.368466905156637	cluster_1
UL43	L	4h	4	PC-12	PC-12_dcDNA_4h	LT934125.1	+	2646	PC-12_4h_2	0.00151171579743008	dcDNA	PC-12_4h_2	viral_read.count	0.00256888078872948	0.000946547553939492	0.368466905156637	cluster_1
UL43	L	4h	4	PC-12	PC-12_dcDNA_4h	LT934125.1	+	2996	PC-12_4h_3	0.00333778371161549	dcDNA	PC-12_4h_3	viral_read.count	0.00256888078872948	0.000946547553939492	0.368466905156637	cluster_1
UL43	L	4h	4	PK-15	PK-15_dcDNA_4h	LT934125.1	+	7826	PK-15_4h_1	0.00383337592639918	dcDNA	PK-15_4h_1	viral_read.count	0.00423540128053304	0.000358730831188726	0.0846981920786449	cluster_1
UL43	L	4h	4	PK-15	PK-15_dcDNA_4h	LT934125.1	+	8046	PK-15_4h_2	0.00434998757146408	dcDNA	PK-15_4h_2	viral_read.count	0.00423540128053304	0.000358730831188726	0.0846981920786449	cluster_1
UL43	L	4h	4	PK-15	PK-15_dcDNA_4h	LT934125.1	+	6633	PK-15_4h_3	0.00452284034373587	dcDNA	PK-15_4h_3	viral_read.count	0.00423540128053304	0.000358730831188726	0.0846981920786449	cluster_1
UL43	L	6h	6	C6	C6_dcDNA_6h	LT934125.1	+	2759	C6_6h_1	0.00289960130482059	dcDNA	C6_6h_1	viral_read.count	0.00172899042015263	0.00101461353955327	0.58682426908051	cluster_1
UL43	L	6h	6	C6	C6_dcDNA_6h	LT934125.1	+	4220	C6_6h_2	0.00118483412322275	dcDNA	C6_6h_2	viral_read.count	0.00172899042015263	0.00101461353955327	0.58682426908051	cluster_1
UL43	L	6h	6	C6	C6_dcDNA_6h	LT934125.1	+	3628	C6_6h_3	0.00110253583241455	dcDNA	C6_6h_3	viral_read.count	0.00172899042015263	0.00101461353955327	0.58682426908051	cluster_1
UL43	L	6h	6	PC-12	PC-12_dcDNA_6h	LT934125.1	+	7517	PC-12_6h_1	0.00319276307037382	dcDNA	PC-12_6h_1	viral_read.count	0.00283650858764646	0.00034588387829332	0.121940007444261	cluster_1
UL43	L	6h	6	PC-12	PC-12_dcDNA_6h	LT934125.1	+	13589	PC-12_6h_2	0.00250202369563618	dcDNA	PC-12_6h_2	viral_read.count	0.00283650858764646	0.00034588387829332	0.121940007444261	cluster_1
UL43	L	6h	6	PC-12	PC-12_dcDNA_6h	LT934125.1	+	11724	PC-12_6h_3	0.00281473899692938	dcDNA	PC-12_6h_3	viral_read.count	0.00283650858764646	0.00034588387829332	0.121940007444261	cluster_1
UL43	L	6h	6	PK-15	PK-15_dcDNA_6h	LT934125.1	+	37872	PK-15_6h_1	0.00250844951415294	dcDNA	PK-15_6h_1	viral_read.count	0.00240780731888564	0.000582779538992304	0.242037448105283	cluster_1
UL43	L	6h	6	PK-15	PK-15_dcDNA_6h	LT934125.1	+	30337	PK-15_6h_2	0.00293371130962191	dcDNA	PK-15_6h_2	viral_read.count	0.00240780731888564	0.000582779538992304	0.242037448105283	cluster_1
UL43	L	6h	6	PK-15	PK-15_dcDNA_6h	LT934125.1	+	44912	PK-15_6h_3	0.00178126113288208	dcDNA	PK-15_6h_3	viral_read.count	0.00240780731888564	0.000582779538992304	0.242037448105283	cluster_1
UL43	L	8h	8	C6	C6_dcDNA_8h	LT934125.1	+	10124	C6_8h_1	0.00217305412880285	dcDNA	C6_8h_1	viral_read.count	0.00182506400037096	0.000322448980172726	0.176678176824038	cluster_1
UL43	L	8h	8	C6	C6_dcDNA_8h	LT934125.1	+	10414	C6_8h_2	0.00153639331668907	dcDNA	C6_8h_2	viral_read.count	0.00182506400037096	0.000322448980172726	0.176678176824038	cluster_1
UL43	L	8h	8	C6	C6_dcDNA_8h	LT934125.1	+	8495	C6_8h_3	0.00176574455562095	dcDNA	C6_8h_3	viral_read.count	0.00182506400037096	0.000322448980172726	0.176678176824038	cluster_1
UL43	L	8h	8	PC-12	PC-12_dcDNA_8h	LT934125.1	+	14035	PC-12_8h_1	0.00220876380477378	dcDNA	PC-12_8h_1	viral_read.count	0.00349535359328207	0.00181951272811916	0.520551835332536	cluster_1
UL43	L	8h	8	PC-12	PC-12_dcDNA_8h	LT934125.1	+	15684	PC-12_8h_2	0.00478194338179036	dcDNA	PC-12_8h_2	viral_read.count	0.00349535359328207	0.00181951272811916	0.520551835332536	cluster_1
UL43	L	8h	8	PK-15	PK-15_dcDNA_8h	LT934125.1	+	69419	PK-15_8h_1	0.0031547559025627	dcDNA	PK-15_8h_1	viral_read.count	0.00277383833889101	0.000737312434895961	0.265809446988443	cluster_1
UL43	L	8h	8	PK-15	PK-15_dcDNA_8h	LT934125.1	+	74319	PK-15_8h_2	0.00324277775535193	dcDNA	PK-15_8h_2	viral_read.count	0.00277383833889101	0.000737312434895961	0.265809446988443	cluster_1
UL43	L	8h	8	PK-15	PK-15_dcDNA_8h	LT934125.1	+	70167	PK-15_8h_3	0.00192398135875839	dcDNA	PK-15_8h_3	viral_read.count	0.00277383833889101	0.000737312434895961	0.265809446988443	cluster_1
UL44	L	""		C6	C6_dRNA	LT934125.1	+	3	C6_dRNA	0	dcDNA	C6_dRNA	viral_read.count	0			cluster_5
UL44	L	""		PC-12	PC-12_dRNA	LT934125.1	+	20	PC-12_dRNA	0	dcDNA	PC-12_dRNA	viral_read.count	0			cluster_5
UL44	L	""		PK-15	PK-15_dRNA	LT934125.1	+	68	PK-15_dRNA	0	dcDNA	PK-15_dRNA	viral_read.count	0			cluster_5
UL44	L	0.5h	0.5	PC-12	PC-12_dcDNA_0.5h	LT934125.1	+	13	PC-12_0.5h_1	0	dcDNA	PC-12_0.5h_1	viral_read.count	0	0		cluster_5
UL44	L	0.5h	0.5	PC-12	PC-12_dcDNA_0.5h	LT934125.1	+	13	PC-12_0.5h_2	0	dcDNA	PC-12_0.5h_2	viral_read.count	0	0		cluster_5
UL44	L	0.5h	0.5	PC-12	PC-12_dcDNA_0.5h	LT934125.1	+	2	PC-12_0.5h_3	0	dcDNA	PC-12_0.5h_3	viral_read.count	0	0		cluster_5
UL44	L	1.5h	1.5	PC-12	PC-12_dcDNA_1.5h	LT934125.1	+	138	PC-12_1.5h_1	0	dcDNA	PC-12_1.5h_1	viral_read.count	0	0		cluster_5
UL44	L	1.5h	1.5	PC-12	PC-12_dcDNA_1.5h	LT934125.1	+	129	PC-12_1.5h_2	0	dcDNA	PC-12_1.5h_2	viral_read.count	0	0		cluster_5
UL44	L	1.5h	1.5	PC-12	PC-12_dcDNA_1.5h	LT934125.1	+	152	PC-12_1.5h_3	0	dcDNA	PC-12_1.5h_3	viral_read.count	0	0		cluster_5
UL44	L	12h	12	C6	C6_dcDNA_12h	LT934125.1	+	56266	C6_12h_1	0.00750008886361213	dcDNA	C6_12h_1	viral_read.count	0.00773480547935311	0.00119357070829523	0.154311664524892	cluster_5
UL44	L	12h	12	C6	C6_dcDNA_12h	LT934125.1	+	49131	C6_12h_2	0.00667602939081232	dcDNA	C6_12h_2	viral_read.count	0.00773480547935311	0.00119357070829523	0.154311664524892	cluster_5
UL44	L	12h	12	C6	C6_dcDNA_12h	LT934125.1	+	28023	C6_12h_3	0.00902829818363487	dcDNA	C6_12h_3	viral_read.count	0.00773480547935311	0.00119357070829523	0.154311664524892	cluster_5
UL44	L	12h	12	PC-12	PC-12_dcDNA_12h	LT934125.1	+	40118	PC-12_12h_1	0.00515977865297373	dcDNA	PC-12_12h_1	viral_read.count	0.00602622357491644	0.00135682123676675	0.225152820817068	cluster_5
UL44	L	12h	12	PC-12	PC-12_dcDNA_12h	LT934125.1	+	64296	PC-12_12h_2	0.00758989672763469	dcDNA	PC-12_12h_2	viral_read.count	0.00602622357491644	0.00135682123676675	0.225152820817068	cluster_5
UL44	L	12h	12	PC-12	PC-12_dcDNA_12h	LT934125.1	+	35654	PC-12_12h_3	0.00532899534414091	dcDNA	PC-12_12h_3	viral_read.count	0.00602622357491644	0.00135682123676675	0.225152820817068	cluster_5
UL44	L	12h	12	PK-15	PK-15_dcDNA_12h	LT934125.1	+	137055	PK-15_12h_1	0.0185764838933275	dcDNA	PK-15_12h_1	viral_read.count	0.0199306362129713	0.0104397094832435	0.523802119093876	cluster_5
UL44	L	12h	12	PK-15	PK-15_dcDNA_12h	LT934125.1	+	155287	PK-15_12h_2	0.030981344220701	dcDNA	PK-15_12h_2	viral_read.count	0.0199306362129713	0.0104397094832435	0.523802119093876	cluster_5
UL44	L	12h	12	PK-15	PK-15_dcDNA_12h	LT934125.1	+	135039	PK-15_12h_3	0.0102340805248854	dcDNA	PK-15_12h_3	viral_read.count	0.0199306362129713	0.0104397094832435	0.523802119093876	cluster_5
UL44	L	1h	1	C6	C6_dcDNA_1h	LT934125.1	+	246	C6_1h_1	0	dcDNA	C6_1h_1	viral_read.count	0	0		cluster_5
UL44	L	1h	1	C6	C6_dcDNA_1h	LT934125.1	+	240	C6_1h_2	0	dcDNA	C6_1h_2	viral_read.count	0	0		cluster_5
UL44	L	1h	1	C6	C6_dcDNA_1h	LT934125.1	+	102	C6_1h_3	0	dcDNA	C6_1h_3	viral_read.count	0	0		cluster_5
UL44	L	1h	1	NRK	NRK_dcDNA_1h	LT934125.1	+	25	NRK_1h_1	0	dcDNA	NRK_1h_1	viral_read.count	0	0		cluster_5
UL44	L	1h	1	NRK	NRK_dcDNA_1h	LT934125.1	+	54	NRK_1h_2	0	dcDNA	NRK_1h_2	viral_read.count	0	0		cluster_5
UL44	L	1h	1	NRK	NRK_dcDNA_1h	LT934125.1	+	20	NRK_1h_3	0	dcDNA	NRK_1h_3	viral_read.count	0	0		cluster_5
UL44	L	1h	1	PC-12	PC-12_dcDNA_1h	LT934125.1	+	154	PC-12_1h_1	0.00649350649350649	dcDNA	PC-12_1h_1	viral_read.count	0.00216450216450216	0.00374902772201056	1.73205080756888	cluster_5
UL44	L	1h	1	PC-12	PC-12_dcDNA_1h	LT934125.1	+	93	PC-12_1h_2	0	dcDNA	PC-12_1h_2	viral_read.count	0.00216450216450216	0.00374902772201056	1.73205080756888	cluster_5
UL44	L	1h	1	PC-12	PC-12_dcDNA_1h	LT934125.1	+	158	PC-12_1h_3	0	dcDNA	PC-12_1h_3	viral_read.count	0.00216450216450216	0.00374902772201056	1.73205080756888	cluster_5
UL44	L	1h	1	PK-15	PK-15_dcDNA_1h	LT934125.1	+	129	PK-15_1h_1	0	dcDNA	PK-15_1h_1	viral_read.count	0	0		cluster_5
UL44	L	1h	1	PK-15	PK-15_dcDNA_1h	LT934125.1	+	76	PK-15_1h_2	0	dcDNA	PK-15_1h_2	viral_read.count	0	0		cluster_5
UL44	L	1h	1	PK-15	PK-15_dcDNA_1h	LT934125.1	+	52	PK-15_1h_3	0	dcDNA	PK-15_1h_3	viral_read.count	0	0		cluster_5
UL44	L	2.5h	2.5	PC-12	PC-12_dcDNA_2.5h	LT934125.1	+	478	PC-12_2.5h_1	0	dcDNA	PC-12_2.5h_1	viral_read.count	0.00122324159021407	0.00211871658418211	1.73205080756888	cluster_5
UL44	L	2.5h	2.5	PC-12	PC-12_dcDNA_2.5h	LT934125.1	+	231	PC-12_2.5h_2	0	dcDNA	PC-12_2.5h_2	viral_read.count	0.00122324159021407	0.00211871658418211	1.73205080756888	cluster_5
UL44	L	2.5h	2.5	PC-12	PC-12_dcDNA_2.5h	LT934125.1	+	545	PC-12_2.5h_3	0.0036697247706422	dcDNA	PC-12_2.5h_3	viral_read.count	0.00122324159021407	0.00211871658418211	1.73205080756888	cluster_5
UL44	L	2h	2	C6	C6_dcDNA_2h	LT934125.1	+	243	C6_2h_1	0	dcDNA	C6_2h_1	viral_read.count	0	0		cluster_5
UL44	L	2h	2	C6	C6_dcDNA_2h	LT934125.1	+	468	C6_2h_2	0	dcDNA	C6_2h_2	viral_read.count	0	0		cluster_5
UL44	L	2h	2	NRK	NRK_dcDNA_2h	LT934125.1	+	99	NRK_2h_1	0	dcDNA	NRK_2h_1	viral_read.count	0	0		cluster_5
UL44	L	2h	2	NRK	NRK_dcDNA_2h	LT934125.1	+	71	NRK_2h_2	0	dcDNA	NRK_2h_2	viral_read.count	0	0		cluster_5
UL44	L	2h	2	NRK	NRK_dcDNA_2h	LT934125.1	+	122	NRK_2h_3	0	dcDNA	NRK_2h_3	viral_read.count	0	0		cluster_5
UL44	L	2h	2	PC-12	PC-12_dcDNA_2h	LT934125.1	+	439	PC-12_2h_1	0	dcDNA	PC-12_2h_1	viral_read.count	0	0		cluster_5
UL44	L	2h	2	PC-12	PC-12_dcDNA_2h	LT934125.1	+	399	PC-12_2h_2	0	dcDNA	PC-12_2h_2	viral_read.count	0	0		cluster_5
UL44	L	2h	2	PC-12	PC-12_dcDNA_2h	LT934125.1	+	503	PC-12_2h_3	0	dcDNA	PC-12_2h_3	viral_read.count	0	0		cluster_5
UL44	L	2h	2	PK-15	PK-15_dcDNA_2h	LT934125.1	+	482	PK-15_2h_1	0	dcDNA	PK-15_2h_1	viral_read.count	0.00302663438256659	0.00524228452654019	1.73205080756888	cluster_5
UL44	L	2h	2	PK-15	PK-15_dcDNA_2h	LT934125.1	+	405	PK-15_2h_2	0	dcDNA	PK-15_2h_2	viral_read.count	0.00302663438256659	0.00524228452654019	1.73205080756888	cluster_5
UL44	L	2h	2	PK-15	PK-15_dcDNA_2h	LT934125.1	+	1652	PK-15_2h_3	0.00907990314769976	dcDNA	PK-15_2h_3	viral_read.count	0.00302663438256659	0.00524228452654019	1.73205080756888	cluster_5
UL44	L	4h	4	C6	C6_dcDNA_4h	LT934125.1	+	680	C6_4h_1	0.00441176470588235	dcDNA	C6_4h_1	viral_read.count	0.00661935103711814	0.00268991669697312	0.406371664214417	cluster_5
UL44	L	4h	4	C6	C6_dcDNA_4h	LT934125.1	+	686	C6_4h_2	0.00583090379008746	dcDNA	C6_4h_2	viral_read.count	0.00661935103711814	0.00268991669697312	0.406371664214417	cluster_5
UL44	L	4h	4	C6	C6_dcDNA_4h	LT934125.1	+	312	C6_4h_3	0.00961538461538462	dcDNA	C6_4h_3	viral_read.count	0.00661935103711814	0.00268991669697312	0.406371664214417	cluster_5
UL44	L	4h	4	PC-12	PC-12_dcDNA_4h	LT934125.1	+	2800	PC-12_4h_1	0.00178571428571429	dcDNA	PC-12_4h_1	viral_read.count	0.00257495002154548	0.000979778358856777	0.38050383528171	cluster_5
UL44	L	4h	4	PC-12	PC-12_dcDNA_4h	LT934125.1	+	2646	PC-12_4h_2	0.00226757369614512	dcDNA	PC-12_4h_2	viral_read.count	0.00257495002154548	0.000979778358856777	0.38050383528171	cluster_5
UL44	L	4h	4	PC-12	PC-12_dcDNA_4h	LT934125.1	+	2996	PC-12_4h_3	0.00367156208277704	dcDNA	PC-12_4h_3	viral_read.count	0.00257495002154548	0.000979778358856777	0.38050383528171	cluster_5
UL44	L	4h	4	PK-15	PK-15_dcDNA_4h	LT934125.1	+	7826	PK-15_4h_1	0.00191668796319959	dcDNA	PK-15_4h_1	viral_read.count	0.00125689383435303	0.000715032745276773	0.568888736449904	cluster_5
UL44	L	4h	4	PK-15	PK-15_dcDNA_4h	LT934125.1	+	8046	PK-15_4h_2	0.000497141436738752	dcDNA	PK-15_4h_2	viral_read.count	0.00125689383435303	0.000715032745276773	0.568888736449904	cluster_5
UL44	L	4h	4	PK-15	PK-15_dcDNA_4h	LT934125.1	+	6633	PK-15_4h_3	0.00135685210312076	dcDNA	PK-15_4h_3	viral_read.count	0.00125689383435303	0.000715032745276773	0.568888736449904	cluster_5
UL44	L	6h	6	C6	C6_dcDNA_6h	LT934125.1	+	2759	C6_6h_1	0.00507430228343603	dcDNA	C6_6h_1	viral_read.count	0.00562468277814146	0.00290723863494977	0.516871572961915	cluster_5
UL44	L	6h	6	C6	C6_dcDNA_6h	LT934125.1	+	4220	C6_6h_2	0.00876777251184834	dcDNA	C6_6h_2	viral_read.count	0.00562468277814146	0.00290723863494977	0.516871572961915	cluster_5
UL44	L	6h	6	C6	C6_dcDNA_6h	LT934125.1	+	3628	C6_6h_3	0.00303197353914002	dcDNA	C6_6h_3	viral_read.count	0.00562468277814146	0.00290723863494977	0.516871572961915	cluster_5
UL44	L	6h	6	PC-12	PC-12_dcDNA_6h	LT934125.1	+	7517	PC-12_6h_1	0.00665158972994546	dcDNA	PC-12_6h_1	viral_read.count	0.00564519341352117	0.000981230338271179	0.173816956549437	cluster_5
UL44	L	6h	6	PC-12	PC-12_dcDNA_6h	LT934125.1	+	13589	PC-12_6h_2	0.0055927588490691	dcDNA	PC-12_6h_2	viral_read.count	0.00564519341352117	0.000981230338271179	0.173816956549437	cluster_5
UL44	L	6h	6	PC-12	PC-12_dcDNA_6h	LT934125.1	+	11724	PC-12_6h_3	0.00469123166154896	dcDNA	PC-12_6h_3	viral_read.count	0.00564519341352117	0.000981230338271179	0.173816956549437	cluster_5
UL44	L	6h	6	PK-15	PK-15_dcDNA_6h	LT934125.1	+	37872	PK-15_6h_1	0.00356463878326996	dcDNA	PK-15_6h_1	viral_read.count	0.00331833788276225	0.00027092735796402	0.0816455007102817	cluster_5
UL44	L	6h	6	PK-15	PK-15_dcDNA_6h	LT934125.1	+	30337	PK-15_6h_2	0.00336223093911725	dcDNA	PK-15_6h_2	viral_read.count	0.00331833788276225	0.00027092735796402	0.0816455007102817	cluster_5
UL44	L	6h	6	PK-15	PK-15_dcDNA_6h	LT934125.1	+	44912	PK-15_6h_3	0.00302814392589954	dcDNA	PK-15_6h_3	viral_read.count	0.00331833788276225	0.00027092735796402	0.0816455007102817	cluster_5
UL44	L	8h	8	C6	C6_dcDNA_8h	LT934125.1	+	10124	C6_8h_1	0.00335835638087712	dcDNA	C6_8h_1	viral_read.count	0.00321039164526266	0.000204712992081203	0.0637657378604516	cluster_5
UL44	L	8h	8	C6	C6_dcDNA_8h	LT934125.1	+	10414	C6_8h_2	0.00297676205108508	dcDNA	C6_8h_2	viral_read.count	0.00321039164526266	0.000204712992081203	0.0637657378604516	cluster_5
UL44	L	8h	8	C6	C6_dcDNA_8h	LT934125.1	+	8495	C6_8h_3	0.00329605650382578	dcDNA	C6_8h_3	viral_read.count	0.00321039164526266	0.000204712992081203	0.0637657378604516	cluster_5
UL44	L	8h	8	PC-12	PC-12_dcDNA_8h	LT934125.1	+	14035	PC-12_8h_1	0.00220876380477378	dcDNA	PC-12_8h_1	viral_read.count	0.00623700113217519	0.00569678786086862	0.91338573460894	cluster_5
UL44	L	8h	8	PC-12	PC-12_dcDNA_8h	LT934125.1	+	15684	PC-12_8h_2	0.0102652384595766	dcDNA	PC-12_8h_2	viral_read.count	0.00623700113217519	0.00569678786086862	0.91338573460894	cluster_5
UL44	L	8h	8	PK-15	PK-15_dcDNA_8h	LT934125.1	+	69419	PK-15_8h_1	0.0103429896714156	dcDNA	PK-15_8h_1	viral_read.count	0.00858013338844725	0.0023918510694947	0.278766187098584	cluster_5
UL44	L	8h	8	PK-15	PK-15_dcDNA_8h	LT934125.1	+	74319	PK-15_8h_2	0.00953995613503949	dcDNA	PK-15_8h_2	viral_read.count	0.00858013338844725	0.0023918510694947	0.278766187098584	cluster_5
UL44	L	8h	8	PK-15	PK-15_dcDNA_8h	LT934125.1	+	70167	PK-15_8h_3	0.00585745435888666	dcDNA	PK-15_8h_3	viral_read.count	0.00858013338844725	0.0023918510694947	0.278766187098584	cluster_5
UL46	L	""		C6	C6_dRNA	LT934125.1	+	3	C6_dRNA	0	dcDNA	C6_dRNA	viral_read.count	0			cluster_1
UL46	L	""		PC-12	PC-12_dRNA	LT934125.1	+	20	PC-12_dRNA	0	dcDNA	PC-12_dRNA	viral_read.count	0			cluster_1
UL46	L	""		PK-15	PK-15_dRNA	LT934125.1	+	68	PK-15_dRNA	0	dcDNA	PK-15_dRNA	viral_read.count	0			cluster_1
UL46	L	0.5h	0.5	PC-12	PC-12_dcDNA_0.5h	LT934125.1	+	13	PC-12_0.5h_1	0	dcDNA	PC-12_0.5h_1	viral_read.count	0	0		cluster_1
UL46	L	0.5h	0.5	PC-12	PC-12_dcDNA_0.5h	LT934125.1	+	13	PC-12_0.5h_2	0	dcDNA	PC-12_0.5h_2	viral_read.count	0	0		cluster_1
UL46	L	0.5h	0.5	PC-12	PC-12_dcDNA_0.5h	LT934125.1	+	2	PC-12_0.5h_3	0	dcDNA	PC-12_0.5h_3	viral_read.count	0	0		cluster_1
UL46	L	1.5h	1.5	PC-12	PC-12_dcDNA_1.5h	LT934125.1	+	138	PC-12_1.5h_1	0.0144927536231884	dcDNA	PC-12_1.5h_1	viral_read.count	0.00741489720256151	0.00725225304730368	0.978065217788637	cluster_1
UL46	L	1.5h	1.5	PC-12	PC-12_dcDNA_1.5h	LT934125.1	+	129	PC-12_1.5h_2	0.00775193798449612	dcDNA	PC-12_1.5h_2	viral_read.count	0.00741489720256151	0.00725225304730368	0.978065217788637	cluster_1
UL46	L	1.5h	1.5	PC-12	PC-12_dcDNA_1.5h	LT934125.1	+	152	PC-12_1.5h_3	0	dcDNA	PC-12_1.5h_3	viral_read.count	0.00741489720256151	0.00725225304730368	0.978065217788637	cluster_1
UL46	L	12h	12	C6	C6_dcDNA_12h	LT934125.1	+	56266	C6_12h_1	0.0162264955745921	dcDNA	C6_12h_1	viral_read.count	0.0224333276656299	0.00749537505152702	0.33411784302561	cluster_1
UL46	L	12h	12	C6	C6_dcDNA_12h	LT934125.1	+	49131	C6_12h_2	0.020313040646435	dcDNA	C6_12h_2	viral_read.count	0.0224333276656299	0.00749537505152702	0.33411784302561	cluster_1
UL46	L	12h	12	C6	C6_dcDNA_12h	LT934125.1	+	28023	C6_12h_3	0.0307604467758627	dcDNA	C6_12h_3	viral_read.count	0.0224333276656299	0.00749537505152702	0.33411784302561	cluster_1
UL46	L	12h	12	PC-12	PC-12_dcDNA_12h	LT934125.1	+	40118	PC-12_12h_1	0.00583279325988334	dcDNA	PC-12_12h_1	viral_read.count	0.00578856638422418	0.000294276560543535	0.0508375547606294	cluster_1
UL46	L	12h	12	PC-12	PC-12_dcDNA_12h	LT934125.1	+	64296	PC-12_12h_2	0.00547467960681847	dcDNA	PC-12_12h_2	viral_read.count	0.00578856638422418	0.000294276560543535	0.0508375547606294	cluster_1
UL46	L	12h	12	PC-12	PC-12_dcDNA_12h	LT934125.1	+	35654	PC-12_12h_3	0.00605822628597072	dcDNA	PC-12_12h_3	viral_read.count	0.00578856638422418	0.000294276560543535	0.0508375547606294	cluster_1
UL46	L	12h	12	PK-15	PK-15_dcDNA_12h	LT934125.1	+	137055	PK-15_12h_1	0.00707015431760972	dcDNA	PK-15_12h_1	viral_read.count	0.00721458482552858	0.000301180069111709	0.0417460015226369	cluster_1
UL46	L	12h	12	PK-15	PK-15_dcDNA_12h	LT934125.1	+	155287	PK-15_12h_2	0.0070128214209818	dcDNA	PK-15_12h_2	viral_read.count	0.00721458482552858	0.000301180069111709	0.0417460015226369	cluster_1
UL46	L	12h	12	PK-15	PK-15_dcDNA_12h	LT934125.1	+	135039	PK-15_12h_3	0.00756077873799421	dcDNA	PK-15_12h_3	viral_read.count	0.00721458482552858	0.000301180069111709	0.0417460015226369	cluster_1
UL46	L	1h	1	C6	C6_dcDNA_1h	LT934125.1	+	246	C6_1h_1	0.00813008130081301	dcDNA	C6_1h_1	viral_read.count	0.0189681970349115	0.0105328695670218	0.555291024636436	cluster_1
UL46	L	1h	1	C6	C6_dcDNA_1h	LT934125.1	+	240	C6_1h_2	0.0291666666666667	dcDNA	C6_1h_2	viral_read.count	0.0189681970349115	0.0105328695670218	0.555291024636436	cluster_1
UL46	L	1h	1	C6	C6_dcDNA_1h	LT934125.1	+	102	C6_1h_3	0.0196078431372549	dcDNA	C6_1h_3	viral_read.count	0.0189681970349115	0.0105328695670218	0.555291024636436	cluster_1
UL46	L	1h	1	NRK	NRK_dcDNA_1h	LT934125.1	+	25	NRK_1h_1	0.04	dcDNA	NRK_1h_1	viral_read.count	0.025679012345679	0.0222879685854751	0.867944930492059	cluster_1
UL46	L	1h	1	NRK	NRK_dcDNA_1h	LT934125.1	+	54	NRK_1h_2	0.037037037037037	dcDNA	NRK_1h_2	viral_read.count	0.025679012345679	0.0222879685854751	0.867944930492059	cluster_1
UL46	L	1h	1	NRK	NRK_dcDNA_1h	LT934125.1	+	20	NRK_1h_3	0	dcDNA	NRK_1h_3	viral_read.count	0.025679012345679	0.0222879685854751	0.867944930492059	cluster_1
UL46	L	1h	1	PC-12	PC-12_dcDNA_1h	LT934125.1	+	154	PC-12_1h_1	0.012987012987013	dcDNA	PC-12_1h_1	viral_read.count	0.00432900432900433	0.00749805544402112	1.73205080756888	cluster_1
UL46	L	1h	1	PC-12	PC-12_dcDNA_1h	LT934125.1	+	93	PC-12_1h_2	0	dcDNA	PC-12_1h_2	viral_read.count	0.00432900432900433	0.00749805544402112	1.73205080756888	cluster_1
UL46	L	1h	1	PC-12	PC-12_dcDNA_1h	LT934125.1	+	158	PC-12_1h_3	0	dcDNA	PC-12_1h_3	viral_read.count	0.00432900432900433	0.00749805544402112	1.73205080756888	cluster_1
UL46	L	1h	1	PK-15	PK-15_dcDNA_1h	LT934125.1	+	129	PK-15_1h_1	0	dcDNA	PK-15_1h_1	viral_read.count	0	0		cluster_1
UL46	L	1h	1	PK-15	PK-15_dcDNA_1h	LT934125.1	+	76	PK-15_1h_2	0	dcDNA	PK-15_1h_2	viral_read.count	0	0		cluster_1
UL46	L	1h	1	PK-15	PK-15_dcDNA_1h	LT934125.1	+	52	PK-15_1h_3	0	dcDNA	PK-15_1h_3	viral_read.count	0	0		cluster_1
UL46	L	2.5h	2.5	PC-12	PC-12_dcDNA_2.5h	LT934125.1	+	478	PC-12_2.5h_1	0	dcDNA	PC-12_2.5h_1	viral_read.count	0.00266624303321551	0.00233244535158838	0.87480598074941	cluster_1
UL46	L	2.5h	2.5	PC-12	PC-12_dcDNA_2.5h	LT934125.1	+	231	PC-12_2.5h_2	0.00432900432900433	dcDNA	PC-12_2.5h_2	viral_read.count	0.00266624303321551	0.00233244535158838	0.87480598074941	cluster_1
UL46	L	2.5h	2.5	PC-12	PC-12_dcDNA_2.5h	LT934125.1	+	545	PC-12_2.5h_3	0.0036697247706422	dcDNA	PC-12_2.5h_3	viral_read.count	0.00266624303321551	0.00233244535158838	0.87480598074941	cluster_1
UL46	L	2h	2	C6	C6_dcDNA_2h	LT934125.1	+	243	C6_2h_1	0	dcDNA	C6_2h_1	viral_read.count	0.00534188034188035	0.00755455962806142	1.4142135623731	cluster_1
UL46	L	2h	2	C6	C6_dcDNA_2h	LT934125.1	+	468	C6_2h_2	0.0106837606837607	dcDNA	C6_2h_2	viral_read.count	0.00534188034188035	0.00755455962806142	1.4142135623731	cluster_1
UL46	L	2h	2	NRK	NRK_dcDNA_2h	LT934125.1	+	99	NRK_2h_1	0	dcDNA	NRK_2h_1	viral_read.count	0.00273224043715847	0.00473237925565267	1.73205080756888	cluster_1
UL46	L	2h	2	NRK	NRK_dcDNA_2h	LT934125.1	+	71	NRK_2h_2	0	dcDNA	NRK_2h_2	viral_read.count	0.00273224043715847	0.00473237925565267	1.73205080756888	cluster_1
UL46	L	2h	2	NRK	NRK_dcDNA_2h	LT934125.1	+	122	NRK_2h_3	0.00819672131147541	dcDNA	NRK_2h_3	viral_read.count	0.00273224043715847	0.00473237925565267	1.73205080756888	cluster_1
UL46	L	2h	2	PC-12	PC-12_dcDNA_2h	LT934125.1	+	439	PC-12_2h_1	0.00455580865603645	dcDNA	PC-12_2h_1	viral_read.count	0.00817374305518692	0.00313350932874982	0.383362837269683	cluster_1
UL46	L	2h	2	PC-12	PC-12_dcDNA_2h	LT934125.1	+	399	PC-12_2h_2	0.0100250626566416	dcDNA	PC-12_2h_2	viral_read.count	0.00817374305518692	0.00313350932874982	0.383362837269683	cluster_1
UL46	L	2h	2	PC-12	PC-12_dcDNA_2h	LT934125.1	+	503	PC-12_2h_3	0.0099403578528827	dcDNA	PC-12_2h_3	viral_read.count	0.00817374305518692	0.00313350932874982	0.383362837269683	cluster_1
UL46	L	2h	2	PK-15	PK-15_dcDNA_2h	LT934125.1	+	482	PK-15_2h_1	0.020746887966805	dcDNA	PK-15_2h_1	viral_read.count	0.0122255666472716	0.00762325682651504	0.623550388007279	cluster_1
UL46	L	2h	2	PK-15	PK-15_dcDNA_2h	LT934125.1	+	405	PK-15_2h_2	0.00987654320987654	dcDNA	PK-15_2h_2	viral_read.count	0.0122255666472716	0.00762325682651504	0.623550388007279	cluster_1
UL46	L	2h	2	PK-15	PK-15_dcDNA_2h	LT934125.1	+	1652	PK-15_2h_3	0.00605326876513317	dcDNA	PK-15_2h_3	viral_read.count	0.0122255666472716	0.00762325682651504	0.623550388007279	cluster_1
UL46	L	4h	4	C6	C6_dcDNA_4h	LT934125.1	+	680	C6_4h_1	0.0220588235294118	dcDNA	C6_4h_1	viral_read.count	0.018818516417556	0.00808555821927961	0.429659705360008	cluster_1
UL46	L	4h	4	C6	C6_dcDNA_4h	LT934125.1	+	686	C6_4h_2	0.0247813411078717	dcDNA	C6_4h_2	viral_read.count	0.018818516417556	0.00808555821927961	0.429659705360008	cluster_1
UL46	L	4h	4	C6	C6_dcDNA_4h	LT934125.1	+	312	C6_4h_3	0.00961538461538462	dcDNA	C6_4h_3	viral_read.count	0.018818516417556	0.00808555821927961	0.429659705360008	cluster_1
UL46	L	4h	4	PC-12	PC-12_dcDNA_4h	LT934125.1	+	2800	PC-12_4h_1	0.0153571428571429	dcDNA	PC-12_4h_1	viral_read.count	0.0160042255046706	0.00539699980134136	0.337223428885474	cluster_1
UL46	L	4h	4	PC-12	PC-12_dcDNA_4h	LT934125.1	+	2646	PC-12_4h_2	0.0109599395313681	dcDNA	PC-12_4h_2	viral_read.count	0.0160042255046706	0.00539699980134136	0.337223428885474	cluster_1
UL46	L	4h	4	PC-12	PC-12_dcDNA_4h	LT934125.1	+	2996	PC-12_4h_3	0.0216955941255007	dcDNA	PC-12_4h_3	viral_read.count	0.0160042255046706	0.00539699980134136	0.337223428885474	cluster_1
UL46	L	4h	4	PK-15	PK-15_dcDNA_4h	LT934125.1	+	7826	PK-15_4h_1	0.0125223613595707	dcDNA	PK-15_4h_1	viral_read.count	0.0100329581428069	0.00226969865687426	0.226224272499483	cluster_1
UL46	L	4h	4	PK-15	PK-15_dcDNA_4h	LT934125.1	+	8046	PK-15_4h_2	0.00807854834700472	dcDNA	PK-15_4h_2	viral_read.count	0.0100329581428069	0.00226969865687426	0.226224272499483	cluster_1
UL46	L	4h	4	PK-15	PK-15_dcDNA_4h	LT934125.1	+	6633	PK-15_4h_3	0.00949796472184532	dcDNA	PK-15_4h_3	viral_read.count	0.0100329581428069	0.00226969865687426	0.226224272499483	cluster_1
UL46	L	6h	6	C6	C6_dcDNA_6h	LT934125.1	+	2759	C6_6h_1	0.0199347589706415	dcDNA	C6_6h_1	viral_read.count	0.0226112235143625	0.00550397649358729	0.243417897757333	cluster_1
UL46	L	6h	6	C6	C6_dcDNA_6h	LT934125.1	+	4220	C6_6h_2	0.018957345971564	dcDNA	C6_6h_2	viral_read.count	0.0226112235143625	0.00550397649358729	0.243417897757333	cluster_1
UL46	L	6h	6	C6	C6_dcDNA_6h	LT934125.1	+	3628	C6_6h_3	0.028941565600882	dcDNA	C6_6h_3	viral_read.count	0.0226112235143625	0.00550397649358729	0.243417897757333	cluster_1
UL46	L	6h	6	PC-12	PC-12_dcDNA_6h	LT934125.1	+	7517	PC-12_6h_1	0.0167620061194626	dcDNA	PC-12_6h_1	viral_read.count	0.0153734791404524	0.00146941469160437	0.095581141924984	cluster_1
UL46	L	6h	6	PC-12	PC-12_dcDNA_6h	LT934125.1	+	13589	PC-12_6h_2	0.0138347192582236	dcDNA	PC-12_6h_2	viral_read.count	0.0153734791404524	0.00146941469160437	0.095581141924984	cluster_1
UL46	L	6h	6	PC-12	PC-12_dcDNA_6h	LT934125.1	+	11724	PC-12_6h_3	0.0155237120436711	dcDNA	PC-12_6h_3	viral_read.count	0.0153734791404524	0.00146941469160437	0.095581141924984	cluster_1
UL46	L	6h	6	PK-15	PK-15_dcDNA_6h	LT934125.1	+	37872	PK-15_6h_1	0.00871356147021546	dcDNA	PK-15_6h_1	viral_read.count	0.00910163500048051	0.000920494005486087	0.101135016448967	cluster_1
UL46	L	6h	6	PK-15	PK-15_dcDNA_6h	LT934125.1	+	30337	PK-15_6h_2	0.0101526189141972	dcDNA	PK-15_6h_2	viral_read.count	0.00910163500048051	0.000920494005486087	0.101135016448967	cluster_1
UL46	L	6h	6	PK-15	PK-15_dcDNA_6h	LT934125.1	+	44912	PK-15_6h_3	0.00843872461702886	dcDNA	PK-15_6h_3	viral_read.count	0.00910163500048051	0.000920494005486087	0.101135016448967	cluster_1
UL46	L	8h	8	C6	C6_dcDNA_8h	LT934125.1	+	10124	C6_8h_1	0.0181746345318056	dcDNA	C6_8h_1	viral_read.count	0.0130032021415642	0.00450976281121899	0.346819403568582	cluster_1
UL46	L	8h	8	C6	C6_dcDNA_8h	LT934125.1	+	10414	C6_8h_2	0.0109468023814096	dcDNA	C6_8h_2	viral_read.count	0.0130032021415642	0.00450976281121899	0.346819403568582	cluster_1
UL46	L	8h	8	C6	C6_dcDNA_8h	LT934125.1	+	8495	C6_8h_3	0.00988816951147734	dcDNA	C6_8h_3	viral_read.count	0.0130032021415642	0.00450976281121899	0.346819403568582	cluster_1
UL46	L	8h	8	PC-12	PC-12_dcDNA_8h	LT934125.1	+	14035	PC-12_8h_1	0.00420377627360171	dcDNA	PC-12_8h_1	viral_read.count	0.00570428548441626	0.00212204047639969	0.372008112531703	cluster_1
UL46	L	8h	8	PC-12	PC-12_dcDNA_8h	LT934125.1	+	15684	PC-12_8h_2	0.00720479469523081	dcDNA	PC-12_8h_2	viral_read.count	0.00570428548441626	0.00212204047639969	0.372008112531703	cluster_1
UL46	L	8h	8	PK-15	PK-15_dcDNA_8h	LT934125.1	+	69419	PK-15_8h_1	0.012993560840692	dcDNA	PK-15_8h_1	viral_read.count	0.00916689301165726	0.00344865648780793	0.376207782006659	cluster_1
UL46	L	8h	8	PK-15	PK-15_dcDNA_8h	LT934125.1	+	74319	PK-15_8h_2	0.00820786070856712	dcDNA	PK-15_8h_2	viral_read.count	0.00916689301165726	0.00344865648780793	0.376207782006659	cluster_1
UL46	L	8h	8	PK-15	PK-15_dcDNA_8h	LT934125.1	+	70167	PK-15_8h_3	0.00629925748571266	dcDNA	PK-15_8h_3	viral_read.count	0.00916689301165726	0.00344865648780793	0.376207782006659	cluster_1
UL47	L	""		C6	C6_dRNA	LT934125.1	+	3	C6_dRNA	0	dcDNA	C6_dRNA	viral_read.count	0			cluster_1
UL47	L	""		PC-12	PC-12_dRNA	LT934125.1	+	20	PC-12_dRNA	0	dcDNA	PC-12_dRNA	viral_read.count	0			cluster_1
UL47	L	""		PK-15	PK-15_dRNA	LT934125.1	+	68	PK-15_dRNA	0	dcDNA	PK-15_dRNA	viral_read.count	0			cluster_1
UL47	L	0.5h	0.5	PC-12	PC-12_dcDNA_0.5h	LT934125.1	+	13	PC-12_0.5h_1	0	dcDNA	PC-12_0.5h_1	viral_read.count	0	0		cluster_1
UL47	L	0.5h	0.5	PC-12	PC-12_dcDNA_0.5h	LT934125.1	+	13	PC-12_0.5h_2	0	dcDNA	PC-12_0.5h_2	viral_read.count	0	0		cluster_1
UL47	L	0.5h	0.5	PC-12	PC-12_dcDNA_0.5h	LT934125.1	+	2	PC-12_0.5h_3	0	dcDNA	PC-12_0.5h_3	viral_read.count	0	0		cluster_1
UL47	L	1.5h	1.5	PC-12	PC-12_dcDNA_1.5h	LT934125.1	+	138	PC-12_1.5h_1	0	dcDNA	PC-12_1.5h_1	viral_read.count	0	0		cluster_1
UL47	L	1.5h	1.5	PC-12	PC-12_dcDNA_1.5h	LT934125.1	+	129	PC-12_1.5h_2	0	dcDNA	PC-12_1.5h_2	viral_read.count	0	0		cluster_1
UL47	L	1.5h	1.5	PC-12	PC-12_dcDNA_1.5h	LT934125.1	+	152	PC-12_1.5h_3	0	dcDNA	PC-12_1.5h_3	viral_read.count	0	0		cluster_1
UL47	L	12h	12	C6	C6_dcDNA_12h	LT934125.1	+	56266	C6_12h_1	0.00101304517826041	dcDNA	C6_12h_1	viral_read.count	0.000892694874555084	0.000248762424747663	0.278664560353441	cluster_1
UL47	L	12h	12	C6	C6_dcDNA_12h	LT934125.1	+	49131	C6_12h_2	0.00105839490342147	dcDNA	C6_12h_2	viral_read.count	0.000892694874555084	0.000248762424747663	0.278664560353441	cluster_1
UL47	L	12h	12	C6	C6_dcDNA_12h	LT934125.1	+	28023	C6_12h_3	0.000606644541983371	dcDNA	C6_12h_3	viral_read.count	0.000892694874555084	0.000248762424747663	0.278664560353441	cluster_1
UL47	L	12h	12	PC-12	PC-12_dcDNA_12h	LT934125.1	+	40118	PC-12_12h_1	0.00077272047459993	dcDNA	PC-12_12h_1	viral_read.count	0.000626008233399811	0.000127326998015674	0.203395085275747	cluster_1
UL47	L	12h	12	PC-12	PC-12_dcDNA_12h	LT934125.1	+	64296	PC-12_12h_2	0.000544357347268881	dcDNA	PC-12_12h_2	viral_read.count	0.000626008233399811	0.000127326998015674	0.203395085275747	cluster_1
UL47	L	12h	12	PC-12	PC-12_dcDNA_12h	LT934125.1	+	35654	PC-12_12h_3	0.000560946878330622	dcDNA	PC-12_12h_3	viral_read.count	0.000626008233399811	0.000127326998015674	0.203395085275747	cluster_1
UL47	L	12h	12	PK-15	PK-15_dcDNA_12h	LT934125.1	+	137055	PK-15_12h_1	0.00079530115647003	dcDNA	PK-15_12h_1	viral_read.count	0.000742694438059115	0.000250472002017875	0.33724771478353	cluster_1
UL47	L	12h	12	PK-15	PK-15_dcDNA_12h	LT934125.1	+	155287	PK-15_12h_2	0.000470097303702177	dcDNA	PK-15_12h_2	viral_read.count	0.000742694438059115	0.000250472002017875	0.33724771478353	cluster_1
UL47	L	12h	12	PK-15	PK-15_dcDNA_12h	LT934125.1	+	135039	PK-15_12h_3	0.000962684854005139	dcDNA	PK-15_12h_3	viral_read.count	0.000742694438059115	0.000250472002017875	0.33724771478353	cluster_1
UL47	L	1h	1	C6	C6_dcDNA_1h	LT934125.1	+	246	C6_1h_1	0	dcDNA	C6_1h_1	viral_read.count	0	0		cluster_1
UL47	L	1h	1	C6	C6_dcDNA_1h	LT934125.1	+	240	C6_1h_2	0	dcDNA	C6_1h_2	viral_read.count	0	0		cluster_1
UL47	L	1h	1	C6	C6_dcDNA_1h	LT934125.1	+	102	C6_1h_3	0	dcDNA	C6_1h_3	viral_read.count	0	0		cluster_1
UL47	L	1h	1	NRK	NRK_dcDNA_1h	LT934125.1	+	25	NRK_1h_1	0	dcDNA	NRK_1h_1	viral_read.count	0	0		cluster_1
UL47	L	1h	1	NRK	NRK_dcDNA_1h	LT934125.1	+	54	NRK_1h_2	0	dcDNA	NRK_1h_2	viral_read.count	0	0		cluster_1
UL47	L	1h	1	NRK	NRK_dcDNA_1h	LT934125.1	+	20	NRK_1h_3	0	dcDNA	NRK_1h_3	viral_read.count	0	0		cluster_1
UL47	L	1h	1	PC-12	PC-12_dcDNA_1h	LT934125.1	+	154	PC-12_1h_1	0	dcDNA	PC-12_1h_1	viral_read.count	0	0		cluster_1
UL47	L	1h	1	PC-12	PC-12_dcDNA_1h	LT934125.1	+	93	PC-12_1h_2	0	dcDNA	PC-12_1h_2	viral_read.count	0	0		cluster_1
UL47	L	1h	1	PC-12	PC-12_dcDNA_1h	LT934125.1	+	158	PC-12_1h_3	0	dcDNA	PC-12_1h_3	viral_read.count	0	0		cluster_1
UL47	L	1h	1	PK-15	PK-15_dcDNA_1h	LT934125.1	+	129	PK-15_1h_1	0	dcDNA	PK-15_1h_1	viral_read.count	0	0		cluster_1
UL47	L	1h	1	PK-15	PK-15_dcDNA_1h	LT934125.1	+	76	PK-15_1h_2	0	dcDNA	PK-15_1h_2	viral_read.count	0	0		cluster_1
UL47	L	1h	1	PK-15	PK-15_dcDNA_1h	LT934125.1	+	52	PK-15_1h_3	0	dcDNA	PK-15_1h_3	viral_read.count	0	0		cluster_1
UL47	L	2.5h	2.5	PC-12	PC-12_dcDNA_2.5h	LT934125.1	+	478	PC-12_2.5h_1	0	dcDNA	PC-12_2.5h_1	viral_read.count	0	0		cluster_1
UL47	L	2.5h	2.5	PC-12	PC-12_dcDNA_2.5h	LT934125.1	+	231	PC-12_2.5h_2	0	dcDNA	PC-12_2.5h_2	viral_read.count	0	0		cluster_1
UL47	L	2.5h	2.5	PC-12	PC-12_dcDNA_2.5h	LT934125.1	+	545	PC-12_2.5h_3	0	dcDNA	PC-12_2.5h_3	viral_read.count	0	0		cluster_1
UL47	L	2h	2	C6	C6_dcDNA_2h	LT934125.1	+	243	C6_2h_1	0	dcDNA	C6_2h_1	viral_read.count	0	0		cluster_1
UL47	L	2h	2	C6	C6_dcDNA_2h	LT934125.1	+	468	C6_2h_2	0	dcDNA	C6_2h_2	viral_read.count	0	0		cluster_1
UL47	L	2h	2	NRK	NRK_dcDNA_2h	LT934125.1	+	99	NRK_2h_1	0	dcDNA	NRK_2h_1	viral_read.count	0	0		cluster_1
UL47	L	2h	2	NRK	NRK_dcDNA_2h	LT934125.1	+	71	NRK_2h_2	0	dcDNA	NRK_2h_2	viral_read.count	0	0		cluster_1
UL47	L	2h	2	NRK	NRK_dcDNA_2h	LT934125.1	+	122	NRK_2h_3	0	dcDNA	NRK_2h_3	viral_read.count	0	0		cluster_1
UL47	L	2h	2	PC-12	PC-12_dcDNA_2h	LT934125.1	+	439	PC-12_2h_1	0	dcDNA	PC-12_2h_1	viral_read.count	0	0		cluster_1
UL47	L	2h	2	PC-12	PC-12_dcDNA_2h	LT934125.1	+	399	PC-12_2h_2	0	dcDNA	PC-12_2h_2	viral_read.count	0	0		cluster_1
UL47	L	2h	2	PC-12	PC-12_dcDNA_2h	LT934125.1	+	503	PC-12_2h_3	0	dcDNA	PC-12_2h_3	viral_read.count	0	0		cluster_1
UL47	L	2h	2	PK-15	PK-15_dcDNA_2h	LT934125.1	+	482	PK-15_2h_1	0	dcDNA	PK-15_2h_1	viral_read.count	0	0		cluster_1
UL47	L	2h	2	PK-15	PK-15_dcDNA_2h	LT934125.1	+	405	PK-15_2h_2	0	dcDNA	PK-15_2h_2	viral_read.count	0	0		cluster_1
UL47	L	2h	2	PK-15	PK-15_dcDNA_2h	LT934125.1	+	1652	PK-15_2h_3	0	dcDNA	PK-15_2h_3	viral_read.count	0	0		cluster_1
UL47	L	4h	4	C6	C6_dcDNA_4h	LT934125.1	+	680	C6_4h_1	0	dcDNA	C6_4h_1	viral_read.count	0	0		cluster_1
UL47	L	4h	4	C6	C6_dcDNA_4h	LT934125.1	+	686	C6_4h_2	0	dcDNA	C6_4h_2	viral_read.count	0	0		cluster_1
UL47	L	4h	4	C6	C6_dcDNA_4h	LT934125.1	+	312	C6_4h_3	0	dcDNA	C6_4h_3	viral_read.count	0	0		cluster_1
UL47	L	4h	4	PC-12	PC-12_dcDNA_4h	LT934125.1	+	2800	PC-12_4h_1	0	dcDNA	PC-12_4h_1	viral_read.count	0	0		cluster_1
UL47	L	4h	4	PC-12	PC-12_dcDNA_4h	LT934125.1	+	2646	PC-12_4h_2	0	dcDNA	PC-12_4h_2	viral_read.count	0	0		cluster_1
UL47	L	4h	4	PC-12	PC-12_dcDNA_4h	LT934125.1	+	2996	PC-12_4h_3	0	dcDNA	PC-12_4h_3	viral_read.count	0	0		cluster_1
UL47	L	4h	4	PK-15	PK-15_dcDNA_4h	LT934125.1	+	7826	PK-15_4h_1	0	dcDNA	PK-15_4h_1	viral_read.count	5.02537815970653e-05	8.7042102998587e-05	1.73205080756888	cluster_1
UL47	L	4h	4	PK-15	PK-15_dcDNA_4h	LT934125.1	+	8046	PK-15_4h_2	0	dcDNA	PK-15_4h_2	viral_read.count	5.02537815970653e-05	8.7042102998587e-05	1.73205080756888	cluster_1
UL47	L	4h	4	PK-15	PK-15_dcDNA_4h	LT934125.1	+	6633	PK-15_4h_3	0.000150761344791196	dcDNA	PK-15_4h_3	viral_read.count	5.02537815970653e-05	8.7042102998587e-05	1.73205080756888	cluster_1
UL47	L	6h	6	C6	C6_dcDNA_6h	LT934125.1	+	2759	C6_6h_1	0	dcDNA	C6_6h_1	viral_read.count	0	0		cluster_1
UL47	L	6h	6	C6	C6_dcDNA_6h	LT934125.1	+	4220	C6_6h_2	0	dcDNA	C6_6h_2	viral_read.count	0	0		cluster_1
UL47	L	6h	6	C6	C6_dcDNA_6h	LT934125.1	+	3628	C6_6h_3	0	dcDNA	C6_6h_3	viral_read.count	0	0		cluster_1
UL47	L	6h	6	PC-12	PC-12_dcDNA_6h	LT934125.1	+	7517	PC-12_6h_1	0.000399095383796727	dcDNA	PC-12_6h_1	viral_read.count	0.000393936487206859	5.03750660103896e-05	0.127876111115184	cluster_1
UL47	L	6h	6	PC-12	PC-12_dcDNA_6h	LT934125.1	+	13589	PC-12_6h_2	0.000441533593347561	dcDNA	PC-12_6h_2	viral_read.count	0.000393936487206859	5.03750660103896e-05	0.127876111115184	cluster_1
UL47	L	6h	6	PC-12	PC-12_dcDNA_6h	LT934125.1	+	11724	PC-12_6h_3	0.000341180484476288	dcDNA	PC-12_6h_3	viral_read.count	0.000393936487206859	5.03750660103896e-05	0.127876111115184	cluster_1
UL47	L	6h	6	PK-15	PK-15_dcDNA_6h	LT934125.1	+	37872	PK-15_6h_1	0.00060730882974229	dcDNA	PK-15_6h_1	viral_read.count	0.000427207686882184	0.000158032678786687	0.369920026346036	cluster_1
UL47	L	6h	6	PK-15	PK-15_dcDNA_6h	LT934125.1	+	30337	PK-15_6h_2	0.000362593532649899	dcDNA	PK-15_6h_2	viral_read.count	0.000427207686882184	0.000158032678786687	0.369920026346036	cluster_1
UL47	L	6h	6	PK-15	PK-15_dcDNA_6h	LT934125.1	+	44912	PK-15_6h_3	0.000311720698254364	dcDNA	PK-15_6h_3	viral_read.count	0.000427207686882184	0.000158032678786687	0.369920026346036	cluster_1
UL47	L	8h	8	C6	C6_dcDNA_8h	LT934125.1	+	10124	C6_8h_1	0.000197550375345713	dcDNA	C6_8h_1	viral_read.count	0.000193882901505994	0.000192075426308275	0.990677490466263	cluster_1
UL47	L	8h	8	C6	C6_dcDNA_8h	LT934125.1	+	10414	C6_8h_2	0.000384098329172268	dcDNA	C6_8h_2	viral_read.count	0.000193882901505994	0.000192075426308275	0.990677490466263	cluster_1
UL47	L	8h	8	C6	C6_dcDNA_8h	LT934125.1	+	8495	C6_8h_3	0	dcDNA	C6_8h_3	viral_read.count	0.000193882901505994	0.000192075426308275	0.990677490466263	cluster_1
UL47	L	8h	8	PC-12	PC-12_dcDNA_8h	LT934125.1	+	14035	PC-12_8h_1	0.000142500890630566	dcDNA	PC-12_8h_1	viral_read.count	0.000262528180586898	0.000169744221311132	0.646575239776768	cluster_1
UL47	L	8h	8	PC-12	PC-12_dcDNA_8h	LT934125.1	+	15684	PC-12_8h_2	0.000382555470543229	dcDNA	PC-12_8h_2	viral_read.count	0.000262528180586898	0.000169744221311132	0.646575239776768	cluster_1
UL47	L	8h	8	PK-15	PK-15_dcDNA_8h	LT934125.1	+	69419	PK-15_8h_1	0.000705858626600787	dcDNA	PK-15_8h_1	viral_read.count	0.00060840481593459	9.03902364507208e-05	0.148569232332373	cluster_1
UL47	L	8h	8	PK-15	PK-15_dcDNA_8h	LT934125.1	+	74319	PK-15_8h_2	0.000592042411765497	dcDNA	PK-15_8h_2	viral_read.count	0.00060840481593459	9.03902364507208e-05	0.148569232332373	cluster_1
UL47	L	8h	8	PK-15	PK-15_dcDNA_8h	LT934125.1	+	70167	PK-15_8h_3	0.000527313409437485	dcDNA	PK-15_8h_3	viral_read.count	0.00060840481593459	9.03902364507208e-05	0.148569232332373	cluster_1
UL48	L	""		C6	C6_dRNA	LT934125.1	+	3	C6_dRNA	0	dcDNA	C6_dRNA	viral_read.count	0			cluster_1
UL48	L	""		PC-12	PC-12_dRNA	LT934125.1	+	20	PC-12_dRNA	0	dcDNA	PC-12_dRNA	viral_read.count	0			cluster_1
UL48	L	""		PK-15	PK-15_dRNA	LT934125.1	+	68	PK-15_dRNA	0	dcDNA	PK-15_dRNA	viral_read.count	0			cluster_1
UL48	L	0.5h	0.5	PC-12	PC-12_dcDNA_0.5h	LT934125.1	+	13	PC-12_0.5h_1	0	dcDNA	PC-12_0.5h_1	viral_read.count	0	0		cluster_1
UL48	L	0.5h	0.5	PC-12	PC-12_dcDNA_0.5h	LT934125.1	+	13	PC-12_0.5h_2	0	dcDNA	PC-12_0.5h_2	viral_read.count	0	0		cluster_1
UL48	L	0.5h	0.5	PC-12	PC-12_dcDNA_0.5h	LT934125.1	+	2	PC-12_0.5h_3	0	dcDNA	PC-12_0.5h_3	viral_read.count	0	0		cluster_1
UL48	L	1.5h	1.5	PC-12	PC-12_dcDNA_1.5h	LT934125.1	+	138	PC-12_1.5h_1	0	dcDNA	PC-12_1.5h_1	viral_read.count	0	0		cluster_1
UL48	L	1.5h	1.5	PC-12	PC-12_dcDNA_1.5h	LT934125.1	+	129	PC-12_1.5h_2	0	dcDNA	PC-12_1.5h_2	viral_read.count	0	0		cluster_1
UL48	L	1.5h	1.5	PC-12	PC-12_dcDNA_1.5h	LT934125.1	+	152	PC-12_1.5h_3	0	dcDNA	PC-12_1.5h_3	viral_read.count	0	0		cluster_1
UL48	L	12h	12	C6	C6_dcDNA_12h	LT934125.1	+	56266	C6_12h_1	3.55454448512423e-05	dcDNA	C6_12h_1	viral_read.count	1.86330643313209e-05	1.78350841602244e-05	0.957173970050905	cluster_1
UL48	L	12h	12	C6	C6_dcDNA_12h	LT934125.1	+	49131	C6_12h_2	2.03537481427205e-05	dcDNA	C6_12h_2	viral_read.count	1.86330643313209e-05	1.78350841602244e-05	0.957173970050905	cluster_1
UL48	L	12h	12	C6	C6_dcDNA_12h	LT934125.1	+	28023	C6_12h_3	0	dcDNA	C6_12h_3	viral_read.count	1.86330643313209e-05	1.78350841602244e-05	0.957173970050905	cluster_1
UL48	L	12h	12	PC-12	PC-12_dcDNA_12h	LT934125.1	+	40118	PC-12_12h_1	0	dcDNA	PC-12_12h_1	viral_read.count	0	0		cluster_1
UL48	L	12h	12	PC-12	PC-12_dcDNA_12h	LT934125.1	+	64296	PC-12_12h_2	0	dcDNA	PC-12_12h_2	viral_read.count	0	0		cluster_1
UL48	L	12h	12	PC-12	PC-12_dcDNA_12h	LT934125.1	+	35654	PC-12_12h_3	0	dcDNA	PC-12_12h_3	viral_read.count	0	0		cluster_1
UL48	L	12h	12	PK-15	PK-15_dcDNA_12h	LT934125.1	+	137055	PK-15_12h_1	7.29634088504615e-06	dcDNA	PK-15_12h_1	viral_read.count	9.51552206410683e-06	4.60557751221446e-06	0.484006813413527	cluster_1
UL48	L	12h	12	PK-15	PK-15_dcDNA_12h	LT934125.1	+	155287	PK-15_12h_2	6.43968909181065e-06	dcDNA	PK-15_12h_2	viral_read.count	9.51552206410683e-06	4.60557751221446e-06	0.484006813413527	cluster_1
UL48	L	12h	12	PK-15	PK-15_dcDNA_12h	LT934125.1	+	135039	PK-15_12h_3	1.48105362154637e-05	dcDNA	PK-15_12h_3	viral_read.count	9.51552206410683e-06	4.60557751221446e-06	0.484006813413527	cluster_1
UL48	L	1h	1	C6	C6_dcDNA_1h	LT934125.1	+	246	C6_1h_1	0	dcDNA	C6_1h_1	viral_read.count	0	0		cluster_1
UL48	L	1h	1	C6	C6_dcDNA_1h	LT934125.1	+	240	C6_1h_2	0	dcDNA	C6_1h_2	viral_read.count	0	0		cluster_1
UL48	L	1h	1	C6	C6_dcDNA_1h	LT934125.1	+	102	C6_1h_3	0	dcDNA	C6_1h_3	viral_read.count	0	0		cluster_1
UL48	L	1h	1	NRK	NRK_dcDNA_1h	LT934125.1	+	25	NRK_1h_1	0	dcDNA	NRK_1h_1	viral_read.count	0	0		cluster_1
UL48	L	1h	1	NRK	NRK_dcDNA_1h	LT934125.1	+	54	NRK_1h_2	0	dcDNA	NRK_1h_2	viral_read.count	0	0		cluster_1
UL48	L	1h	1	NRK	NRK_dcDNA_1h	LT934125.1	+	20	NRK_1h_3	0	dcDNA	NRK_1h_3	viral_read.count	0	0		cluster_1
UL48	L	1h	1	PC-12	PC-12_dcDNA_1h	LT934125.1	+	154	PC-12_1h_1	0	dcDNA	PC-12_1h_1	viral_read.count	0	0		cluster_1
UL48	L	1h	1	PC-12	PC-12_dcDNA_1h	LT934125.1	+	93	PC-12_1h_2	0	dcDNA	PC-12_1h_2	viral_read.count	0	0		cluster_1
UL48	L	1h	1	PC-12	PC-12_dcDNA_1h	LT934125.1	+	158	PC-12_1h_3	0	dcDNA	PC-12_1h_3	viral_read.count	0	0		cluster_1
UL48	L	1h	1	PK-15	PK-15_dcDNA_1h	LT934125.1	+	129	PK-15_1h_1	0	dcDNA	PK-15_1h_1	viral_read.count	0	0		cluster_1
UL48	L	1h	1	PK-15	PK-15_dcDNA_1h	LT934125.1	+	76	PK-15_1h_2	0	dcDNA	PK-15_1h_2	viral_read.count	0	0		cluster_1
UL48	L	1h	1	PK-15	PK-15_dcDNA_1h	LT934125.1	+	52	PK-15_1h_3	0	dcDNA	PK-15_1h_3	viral_read.count	0	0		cluster_1
UL48	L	2.5h	2.5	PC-12	PC-12_dcDNA_2.5h	LT934125.1	+	478	PC-12_2.5h_1	0	dcDNA	PC-12_2.5h_1	viral_read.count	0	0		cluster_1
UL48	L	2.5h	2.5	PC-12	PC-12_dcDNA_2.5h	LT934125.1	+	231	PC-12_2.5h_2	0	dcDNA	PC-12_2.5h_2	viral_read.count	0	0		cluster_1
UL48	L	2.5h	2.5	PC-12	PC-12_dcDNA_2.5h	LT934125.1	+	545	PC-12_2.5h_3	0	dcDNA	PC-12_2.5h_3	viral_read.count	0	0		cluster_1
UL48	L	2h	2	C6	C6_dcDNA_2h	LT934125.1	+	243	C6_2h_1	0	dcDNA	C6_2h_1	viral_read.count	0	0		cluster_1
UL48	L	2h	2	C6	C6_dcDNA_2h	LT934125.1	+	468	C6_2h_2	0	dcDNA	C6_2h_2	viral_read.count	0	0		cluster_1
UL48	L	2h	2	NRK	NRK_dcDNA_2h	LT934125.1	+	99	NRK_2h_1	0	dcDNA	NRK_2h_1	viral_read.count	0	0		cluster_1
UL48	L	2h	2	NRK	NRK_dcDNA_2h	LT934125.1	+	71	NRK_2h_2	0	dcDNA	NRK_2h_2	viral_read.count	0	0		cluster_1
UL48	L	2h	2	NRK	NRK_dcDNA_2h	LT934125.1	+	122	NRK_2h_3	0	dcDNA	NRK_2h_3	viral_read.count	0	0		cluster_1
UL48	L	2h	2	PC-12	PC-12_dcDNA_2h	LT934125.1	+	439	PC-12_2h_1	0	dcDNA	PC-12_2h_1	viral_read.count	0	0		cluster_1
UL48	L	2h	2	PC-12	PC-12_dcDNA_2h	LT934125.1	+	399	PC-12_2h_2	0	dcDNA	PC-12_2h_2	viral_read.count	0	0		cluster_1
UL48	L	2h	2	PC-12	PC-12_dcDNA_2h	LT934125.1	+	503	PC-12_2h_3	0	dcDNA	PC-12_2h_3	viral_read.count	0	0		cluster_1
UL48	L	2h	2	PK-15	PK-15_dcDNA_2h	LT934125.1	+	482	PK-15_2h_1	0	dcDNA	PK-15_2h_1	viral_read.count	0	0		cluster_1
UL48	L	2h	2	PK-15	PK-15_dcDNA_2h	LT934125.1	+	405	PK-15_2h_2	0	dcDNA	PK-15_2h_2	viral_read.count	0	0		cluster_1
UL48	L	2h	2	PK-15	PK-15_dcDNA_2h	LT934125.1	+	1652	PK-15_2h_3	0	dcDNA	PK-15_2h_3	viral_read.count	0	0		cluster_1
UL48	L	4h	4	C6	C6_dcDNA_4h	LT934125.1	+	680	C6_4h_1	0	dcDNA	C6_4h_1	viral_read.count	0	0		cluster_1
UL48	L	4h	4	C6	C6_dcDNA_4h	LT934125.1	+	686	C6_4h_2	0	dcDNA	C6_4h_2	viral_read.count	0	0		cluster_1
UL48	L	4h	4	C6	C6_dcDNA_4h	LT934125.1	+	312	C6_4h_3	0	dcDNA	C6_4h_3	viral_read.count	0	0		cluster_1
UL48	L	4h	4	PC-12	PC-12_dcDNA_4h	LT934125.1	+	2800	PC-12_4h_1	0	dcDNA	PC-12_4h_1	viral_read.count	0	0		cluster_1
UL48	L	4h	4	PC-12	PC-12_dcDNA_4h	LT934125.1	+	2646	PC-12_4h_2	0	dcDNA	PC-12_4h_2	viral_read.count	0	0		cluster_1
UL48	L	4h	4	PC-12	PC-12_dcDNA_4h	LT934125.1	+	2996	PC-12_4h_3	0	dcDNA	PC-12_4h_3	viral_read.count	0	0		cluster_1
UL48	L	4h	4	PK-15	PK-15_dcDNA_4h	LT934125.1	+	7826	PK-15_4h_1	0	dcDNA	PK-15_4h_1	viral_read.count	0	0		cluster_1
UL48	L	4h	4	PK-15	PK-15_dcDNA_4h	LT934125.1	+	8046	PK-15_4h_2	0	dcDNA	PK-15_4h_2	viral_read.count	0	0		cluster_1
UL48	L	4h	4	PK-15	PK-15_dcDNA_4h	LT934125.1	+	6633	PK-15_4h_3	0	dcDNA	PK-15_4h_3	viral_read.count	0	0		cluster_1
UL48	L	6h	6	C6	C6_dcDNA_6h	LT934125.1	+	2759	C6_6h_1	0	dcDNA	C6_6h_1	viral_read.count	0	0		cluster_1
UL48	L	6h	6	C6	C6_dcDNA_6h	LT934125.1	+	4220	C6_6h_2	0	dcDNA	C6_6h_2	viral_read.count	0	0		cluster_1
UL48	L	6h	6	C6	C6_dcDNA_6h	LT934125.1	+	3628	C6_6h_3	0	dcDNA	C6_6h_3	viral_read.count	0	0		cluster_1
UL48	L	6h	6	PC-12	PC-12_dcDNA_6h	LT934125.1	+	7517	PC-12_6h_1	0	dcDNA	PC-12_6h_1	viral_read.count	0	0		cluster_1
UL48	L	6h	6	PC-12	PC-12_dcDNA_6h	LT934125.1	+	13589	PC-12_6h_2	0	dcDNA	PC-12_6h_2	viral_read.count	0	0		cluster_1
UL48	L	6h	6	PC-12	PC-12_dcDNA_6h	LT934125.1	+	11724	PC-12_6h_3	0	dcDNA	PC-12_6h_3	viral_read.count	0	0		cluster_1
UL48	L	6h	6	PK-15	PK-15_dcDNA_6h	LT934125.1	+	37872	PK-15_6h_1	0	dcDNA	PK-15_6h_1	viral_read.count	7.42192138700867e-06	1.28551449320811e-05	1.73205080756888	cluster_1
UL48	L	6h	6	PK-15	PK-15_dcDNA_6h	LT934125.1	+	30337	PK-15_6h_2	0	dcDNA	PK-15_6h_2	viral_read.count	7.42192138700867e-06	1.28551449320811e-05	1.73205080756888	cluster_1
UL48	L	6h	6	PK-15	PK-15_dcDNA_6h	LT934125.1	+	44912	PK-15_6h_3	2.2265764161026e-05	dcDNA	PK-15_6h_3	viral_read.count	7.42192138700867e-06	1.28551449320811e-05	1.73205080756888	cluster_1
UL48	L	8h	8	C6	C6_dcDNA_8h	LT934125.1	+	10124	C6_8h_1	0	dcDNA	C6_8h_1	viral_read.count	0	0		cluster_1
UL48	L	8h	8	C6	C6_dcDNA_8h	LT934125.1	+	10414	C6_8h_2	0	dcDNA	C6_8h_2	viral_read.count	0	0		cluster_1
UL48	L	8h	8	C6	C6_dcDNA_8h	LT934125.1	+	8495	C6_8h_3	0	dcDNA	C6_8h_3	viral_read.count	0	0		cluster_1
UL48	L	8h	8	PC-12	PC-12_dcDNA_8h	LT934125.1	+	14035	PC-12_8h_1	0	dcDNA	PC-12_8h_1	viral_read.count	0	0		cluster_1
UL48	L	8h	8	PC-12	PC-12_dcDNA_8h	LT934125.1	+	15684	PC-12_8h_2	0	dcDNA	PC-12_8h_2	viral_read.count	0	0		cluster_1
UL48	L	8h	8	PK-15	PK-15_dcDNA_8h	LT934125.1	+	69419	PK-15_8h_1	0	dcDNA	PK-15_8h_1	viral_read.count	0	0		cluster_1
UL48	L	8h	8	PK-15	PK-15_dcDNA_8h	LT934125.1	+	74319	PK-15_8h_2	0	dcDNA	PK-15_8h_2	viral_read.count	0	0		cluster_1
UL48	L	8h	8	PK-15	PK-15_dcDNA_8h	LT934125.1	+	70167	PK-15_8h_3	0	dcDNA	PK-15_8h_3	viral_read.count	0	0		cluster_1
UL49	L	""		C6	C6_dRNA	LT934125.1	+	3	C6_dRNA	0	dcDNA	C6_dRNA	viral_read.count	0			cluster_1
UL49	L	""		PC-12	PC-12_dRNA	LT934125.1	+	20	PC-12_dRNA	0	dcDNA	PC-12_dRNA	viral_read.count	0			cluster_1
UL49	L	""		PK-15	PK-15_dRNA	LT934125.1	+	68	PK-15_dRNA	0	dcDNA	PK-15_dRNA	viral_read.count	0			cluster_1
UL49	L	0.5h	0.5	PC-12	PC-12_dcDNA_0.5h	LT934125.1	+	13	PC-12_0.5h_1	0	dcDNA	PC-12_0.5h_1	viral_read.count	0	0		cluster_1
UL49	L	0.5h	0.5	PC-12	PC-12_dcDNA_0.5h	LT934125.1	+	13	PC-12_0.5h_2	0	dcDNA	PC-12_0.5h_2	viral_read.count	0	0		cluster_1
UL49	L	0.5h	0.5	PC-12	PC-12_dcDNA_0.5h	LT934125.1	+	2	PC-12_0.5h_3	0	dcDNA	PC-12_0.5h_3	viral_read.count	0	0		cluster_1
UL49	L	1.5h	1.5	PC-12	PC-12_dcDNA_1.5h	LT934125.1	+	138	PC-12_1.5h_1	0	dcDNA	PC-12_1.5h_1	viral_read.count	0	0		cluster_1
UL49	L	1.5h	1.5	PC-12	PC-12_dcDNA_1.5h	LT934125.1	+	129	PC-12_1.5h_2	0	dcDNA	PC-12_1.5h_2	viral_read.count	0	0		cluster_1
UL49	L	1.5h	1.5	PC-12	PC-12_dcDNA_1.5h	LT934125.1	+	152	PC-12_1.5h_3	0	dcDNA	PC-12_1.5h_3	viral_read.count	0	0		cluster_1
UL49	L	12h	12	C6	C6_dcDNA_12h	LT934125.1	+	56266	C6_12h_1	0.00718017985995095	dcDNA	C6_12h_1	viral_read.count	0.00664784524306812	0.000461974385881884	0.0694923496246541	cluster_1
UL49	L	12h	12	C6	C6_dcDNA_12h	LT934125.1	+	49131	C6_12h_2	0.00641143066495695	dcDNA	C6_12h_2	viral_read.count	0.00664784524306812	0.000461974385881884	0.0694923496246541	cluster_1
UL49	L	12h	12	C6	C6_dcDNA_12h	LT934125.1	+	28023	C6_12h_3	0.00635192520429647	dcDNA	C6_12h_3	viral_read.count	0.00664784524306812	0.000461974385881884	0.0694923496246541	cluster_1
UL49	L	12h	12	PC-12	PC-12_dcDNA_12h	LT934125.1	+	40118	PC-12_12h_1	0.00665536666832843	dcDNA	PC-12_12h_1	viral_read.count	0.0058355790948264	0.000848276624584161	0.145362887007428	cluster_1
UL49	L	12h	12	PC-12	PC-12_dcDNA_12h	LT934125.1	+	64296	PC-12_12h_2	0.00496142839367923	dcDNA	PC-12_12h_2	viral_read.count	0.0058355790948264	0.000848276624584161	0.145362887007428	cluster_1
UL49	L	12h	12	PC-12	PC-12_dcDNA_12h	LT934125.1	+	35654	PC-12_12h_3	0.00588994222247153	dcDNA	PC-12_12h_3	viral_read.count	0.0058355790948264	0.000848276624584161	0.145362887007428	cluster_1
UL49	L	12h	12	PK-15	PK-15_dcDNA_12h	LT934125.1	+	137055	PK-15_12h_1	0.00732552624858633	dcDNA	PK-15_12h_1	viral_read.count	0.00749765086350952	0.00174732657613379	0.233049872279048	cluster_1
UL49	L	12h	12	PK-15	PK-15_dcDNA_12h	LT934125.1	+	155287	PK-15_12h_2	0.00932466980494182	dcDNA	PK-15_12h_2	viral_read.count	0.00749765086350952	0.00174732657613379	0.233049872279048	cluster_1
UL49	L	12h	12	PK-15	PK-15_dcDNA_12h	LT934125.1	+	135039	PK-15_12h_3	0.00584275653700042	dcDNA	PK-15_12h_3	viral_read.count	0.00749765086350952	0.00174732657613379	0.233049872279048	cluster_1
UL49	L	1h	1	C6	C6_dcDNA_1h	LT934125.1	+	246	C6_1h_1	0.00813008130081301	dcDNA	C6_1h_1	viral_read.count	0.002710027100271	0.00469390462755793	1.73205080756888	cluster_1
UL49	L	1h	1	C6	C6_dcDNA_1h	LT934125.1	+	240	C6_1h_2	0	dcDNA	C6_1h_2	viral_read.count	0.002710027100271	0.00469390462755793	1.73205080756888	cluster_1
UL49	L	1h	1	C6	C6_dcDNA_1h	LT934125.1	+	102	C6_1h_3	0	dcDNA	C6_1h_3	viral_read.count	0.002710027100271	0.00469390462755793	1.73205080756888	cluster_1
UL49	L	1h	1	NRK	NRK_dcDNA_1h	LT934125.1	+	25	NRK_1h_1	0	dcDNA	NRK_1h_1	viral_read.count	0	0		cluster_1
UL49	L	1h	1	NRK	NRK_dcDNA_1h	LT934125.1	+	54	NRK_1h_2	0	dcDNA	NRK_1h_2	viral_read.count	0	0		cluster_1
UL49	L	1h	1	NRK	NRK_dcDNA_1h	LT934125.1	+	20	NRK_1h_3	0	dcDNA	NRK_1h_3	viral_read.count	0	0		cluster_1
UL49	L	1h	1	PC-12	PC-12_dcDNA_1h	LT934125.1	+	154	PC-12_1h_1	0	dcDNA	PC-12_1h_1	viral_read.count	0	0		cluster_1
UL49	L	1h	1	PC-12	PC-12_dcDNA_1h	LT934125.1	+	93	PC-12_1h_2	0	dcDNA	PC-12_1h_2	viral_read.count	0	0		cluster_1
UL49	L	1h	1	PC-12	PC-12_dcDNA_1h	LT934125.1	+	158	PC-12_1h_3	0	dcDNA	PC-12_1h_3	viral_read.count	0	0		cluster_1
UL49	L	1h	1	PK-15	PK-15_dcDNA_1h	LT934125.1	+	129	PK-15_1h_1	0	dcDNA	PK-15_1h_1	viral_read.count	0	0		cluster_1
UL49	L	1h	1	PK-15	PK-15_dcDNA_1h	LT934125.1	+	76	PK-15_1h_2	0	dcDNA	PK-15_1h_2	viral_read.count	0	0		cluster_1
UL49	L	1h	1	PK-15	PK-15_dcDNA_1h	LT934125.1	+	52	PK-15_1h_3	0	dcDNA	PK-15_1h_3	viral_read.count	0	0		cluster_1
UL49	L	2.5h	2.5	PC-12	PC-12_dcDNA_2.5h	LT934125.1	+	478	PC-12_2.5h_1	0.0104602510460251	dcDNA	PC-12_2.5h_1	viral_read.count	0.00943085721021309	0.000928106145975111	0.0984116422598387	cluster_1
UL49	L	2.5h	2.5	PC-12	PC-12_dcDNA_2.5h	LT934125.1	+	231	PC-12_2.5h_2	0.00865800865800866	dcDNA	PC-12_2.5h_2	viral_read.count	0.00943085721021309	0.000928106145975111	0.0984116422598387	cluster_1
UL49	L	2.5h	2.5	PC-12	PC-12_dcDNA_2.5h	LT934125.1	+	545	PC-12_2.5h_3	0.0091743119266055	dcDNA	PC-12_2.5h_3	viral_read.count	0.00943085721021309	0.000928106145975111	0.0984116422598387	cluster_1
UL49	L	2h	2	C6	C6_dcDNA_2h	LT934125.1	+	243	C6_2h_1	0.00823045267489712	dcDNA	C6_2h_1	viral_read.count	0.00625197847420069	0.00279798504743015	0.447535937459841	cluster_1
UL49	L	2h	2	C6	C6_dcDNA_2h	LT934125.1	+	468	C6_2h_2	0.00427350427350427	dcDNA	C6_2h_2	viral_read.count	0.00625197847420069	0.00279798504743015	0.447535937459841	cluster_1
UL49	L	2h	2	NRK	NRK_dcDNA_2h	LT934125.1	+	99	NRK_2h_1	0	dcDNA	NRK_2h_1	viral_read.count	0.0101593165550681	0.00887364527849255	0.873449038662529	cluster_1
UL49	L	2h	2	NRK	NRK_dcDNA_2h	LT934125.1	+	71	NRK_2h_2	0.0140845070422535	dcDNA	NRK_2h_2	viral_read.count	0.0101593165550681	0.00887364527849255	0.873449038662529	cluster_1
UL49	L	2h	2	NRK	NRK_dcDNA_2h	LT934125.1	+	122	NRK_2h_3	0.0163934426229508	dcDNA	NRK_2h_3	viral_read.count	0.0101593165550681	0.00887364527849255	0.873449038662529	cluster_1
UL49	L	2h	2	PC-12	PC-12_dcDNA_2h	LT934125.1	+	439	PC-12_2h_1	0.00227790432801822	dcDNA	PC-12_2h_1	viral_read.count	0.00542637004193763	0.0040720982416942	0.750427672684141	cluster_1
UL49	L	2h	2	PC-12	PC-12_dcDNA_2h	LT934125.1	+	399	PC-12_2h_2	0.0100250626566416	dcDNA	PC-12_2h_2	viral_read.count	0.00542637004193763	0.0040720982416942	0.750427672684141	cluster_1
UL49	L	2h	2	PC-12	PC-12_dcDNA_2h	LT934125.1	+	503	PC-12_2h_3	0.00397614314115308	dcDNA	PC-12_2h_3	viral_read.count	0.00542637004193763	0.0040720982416942	0.750427672684141	cluster_1
UL49	L	2h	2	PK-15	PK-15_dcDNA_2h	LT934125.1	+	482	PK-15_2h_1	0.0020746887966805	dcDNA	PK-15_2h_1	viral_read.count	0.00375008284573733	0.00149266653033591	0.398035614608515	cluster_1
UL49	L	2h	2	PK-15	PK-15_dcDNA_2h	LT934125.1	+	405	PK-15_2h_2	0.00493827160493827	dcDNA	PK-15_2h_2	viral_read.count	0.00375008284573733	0.00149266653033591	0.398035614608515	cluster_1
UL49	L	2h	2	PK-15	PK-15_dcDNA_2h	LT934125.1	+	1652	PK-15_2h_3	0.00423728813559322	dcDNA	PK-15_2h_3	viral_read.count	0.00375008284573733	0.00149266653033591	0.398035614608515	cluster_1
UL49	L	4h	4	C6	C6_dcDNA_4h	LT934125.1	+	680	C6_4h_1	0.00294117647058824	dcDNA	C6_4h_1	viral_read.count	0.00515733766033886	0.00386080333978452	0.74860394918002	cluster_1
UL49	L	4h	4	C6	C6_dcDNA_4h	LT934125.1	+	686	C6_4h_2	0.00291545189504373	dcDNA	C6_4h_2	viral_read.count	0.00515733766033886	0.00386080333978452	0.74860394918002	cluster_1
UL49	L	4h	4	C6	C6_dcDNA_4h	LT934125.1	+	312	C6_4h_3	0.00961538461538462	dcDNA	C6_4h_3	viral_read.count	0.00515733766033886	0.00386080333978452	0.74860394918002	cluster_1
UL49	L	4h	4	PC-12	PC-12_dcDNA_4h	LT934125.1	+	2800	PC-12_4h_1	0.00428571428571429	dcDNA	PC-12_4h_1	viral_read.count	0.00399401435894538	0.000862554826089016	0.215961874087196	cluster_1
UL49	L	4h	4	PC-12	PC-12_dcDNA_4h	LT934125.1	+	2646	PC-12_4h_2	0.00302343159486017	dcDNA	PC-12_4h_2	viral_read.count	0.00399401435894538	0.000862554826089016	0.215961874087196	cluster_1
UL49	L	4h	4	PC-12	PC-12_dcDNA_4h	LT934125.1	+	2996	PC-12_4h_3	0.00467289719626168	dcDNA	PC-12_4h_3	viral_read.count	0.00399401435894538	0.000862554826089016	0.215961874087196	cluster_1
UL49	L	4h	4	PK-15	PK-15_dcDNA_4h	LT934125.1	+	7826	PK-15_4h_1	0.00715563506261181	dcDNA	PK-15_4h_1	viral_read.count	0.00681856207567747	0.000524498193392725	0.0769221116668668	cluster_1
UL49	L	4h	4	PK-15	PK-15_dcDNA_4h	LT934125.1	+	8046	PK-15_4h_2	0.0062142679592344	dcDNA	PK-15_4h_2	viral_read.count	0.00681856207567747	0.000524498193392725	0.0769221116668668	cluster_1
UL49	L	4h	4	PK-15	PK-15_dcDNA_4h	LT934125.1	+	6633	PK-15_4h_3	0.00708578320518619	dcDNA	PK-15_4h_3	viral_read.count	0.00681856207567747	0.000524498193392725	0.0769221116668668	cluster_1
UL49	L	6h	6	C6	C6_dcDNA_6h	LT934125.1	+	2759	C6_6h_1	0.00362450163102573	dcDNA	C6_6h_1	viral_read.count	0.00406134880130286	0.000792642369297277	0.1951672727649	cluster_1
UL49	L	6h	6	C6	C6_dcDNA_6h	LT934125.1	+	4220	C6_6h_2	0.00497630331753555	dcDNA	C6_6h_2	viral_read.count	0.00406134880130286	0.000792642369297277	0.1951672727649	cluster_1
UL49	L	6h	6	C6	C6_dcDNA_6h	LT934125.1	+	3628	C6_6h_3	0.0035832414553473	dcDNA	C6_6h_3	viral_read.count	0.00406134880130286	0.000792642369297277	0.1951672727649	cluster_1
UL49	L	6h	6	PC-12	PC-12_dcDNA_6h	LT934125.1	+	7517	PC-12_6h_1	0.00478914460556073	dcDNA	PC-12_6h_1	viral_read.count	0.00464194272536323	0.000741107851716164	0.159654673821546	cluster_1
UL49	L	6h	6	PC-12	PC-12_dcDNA_6h	LT934125.1	+	13589	PC-12_6h_2	0.00529840312017073	dcDNA	PC-12_6h_2	viral_read.count	0.00464194272536323	0.000741107851716164	0.159654673821546	cluster_1
UL49	L	6h	6	PC-12	PC-12_dcDNA_6h	LT934125.1	+	11724	PC-12_6h_3	0.00383828045035824	dcDNA	PC-12_6h_3	viral_read.count	0.00464194272536323	0.000741107851716164	0.159654673821546	cluster_1
UL49	L	6h	6	PK-15	PK-15_dcDNA_6h	LT934125.1	+	37872	PK-15_6h_1	0.00551858893113646	dcDNA	PK-15_6h_1	viral_read.count	0.00537052690878122	0.000217247458099395	0.0404517958459866	cluster_1
UL49	L	6h	6	PK-15	PK-15_dcDNA_6h	LT934125.1	+	30337	PK-15_6h_2	0.00547186603817121	dcDNA	PK-15_6h_2	viral_read.count	0.00537052690878122	0.000217247458099395	0.0404517958459866	cluster_1
UL49	L	6h	6	PK-15	PK-15_dcDNA_6h	LT934125.1	+	44912	PK-15_6h_3	0.00512112575703598	dcDNA	PK-15_6h_3	viral_read.count	0.00537052690878122	0.000217247458099395	0.0404517958459866	cluster_1
UL49	L	8h	8	C6	C6_dcDNA_8h	LT934125.1	+	10124	C6_8h_1	0.00503753457131569	dcDNA	C6_8h_1	viral_read.count	0.00476034460294246	0.000315427607947989	0.0662615071507674	cluster_1
UL49	L	8h	8	C6	C6_dcDNA_8h	LT934125.1	+	10414	C6_8h_2	0.00441713078548108	dcDNA	C6_8h_2	viral_read.count	0.00476034460294246	0.000315427607947989	0.0662615071507674	cluster_1
UL49	L	8h	8	C6	C6_dcDNA_8h	LT934125.1	+	8495	C6_8h_3	0.00482636845203061	dcDNA	C6_8h_3	viral_read.count	0.00476034460294246	0.000315427607947989	0.0662615071507674	cluster_1
UL49	L	8h	8	PC-12	PC-12_dcDNA_8h	LT934125.1	+	14035	PC-12_8h_1	0.00456002850017813	dcDNA	PC-12_8h_1	viral_read.count	0.00607368933297608	0.00214063967857582	0.35244471049146	cluster_1
UL49	L	8h	8	PC-12	PC-12_dcDNA_8h	LT934125.1	+	15684	PC-12_8h_2	0.00758735016577404	dcDNA	PC-12_8h_2	viral_read.count	0.00607368933297608	0.00214063967857582	0.35244471049146	cluster_1
UL49	L	8h	8	PK-15	PK-15_dcDNA_8h	LT934125.1	+	69419	PK-15_8h_1	0.00747633933073078	dcDNA	PK-15_8h_1	viral_read.count	0.00696935095920178	0.000545959298191233	0.0783371796580845	cluster_1
UL49	L	8h	8	PK-15	PK-15_dcDNA_8h	LT934125.1	+	74319	PK-15_8h_2	0.00639136694519571	dcDNA	PK-15_8h_2	viral_read.count	0.00696935095920178	0.000545959298191233	0.0783371796580845	cluster_1
UL49	L	8h	8	PK-15	PK-15_dcDNA_8h	LT934125.1	+	70167	PK-15_8h_3	0.00704034660167885	dcDNA	PK-15_8h_3	viral_read.count	0.00696935095920178	0.000545959298191233	0.0783371796580845	cluster_1
UL49.5	L	""		C6	C6_dRNA	LT934125.1	+	3	C6_dRNA	0	dcDNA	C6_dRNA	viral_read.count	0			cluster_10
UL49.5	L	""		PC-12	PC-12_dRNA	LT934125.1	+	20	PC-12_dRNA	0	dcDNA	PC-12_dRNA	viral_read.count	0			cluster_10
UL49.5	L	""		PK-15	PK-15_dRNA	LT934125.1	+	68	PK-15_dRNA	0	dcDNA	PK-15_dRNA	viral_read.count	0			cluster_10
UL49.5	L	0.5h	0.5	PC-12	PC-12_dcDNA_0.5h	LT934125.1	+	13	PC-12_0.5h_1	0	dcDNA	PC-12_0.5h_1	viral_read.count	0	0		cluster_10
UL49.5	L	0.5h	0.5	PC-12	PC-12_dcDNA_0.5h	LT934125.1	+	13	PC-12_0.5h_2	0	dcDNA	PC-12_0.5h_2	viral_read.count	0	0		cluster_10
UL49.5	L	0.5h	0.5	PC-12	PC-12_dcDNA_0.5h	LT934125.1	+	2	PC-12_0.5h_3	0	dcDNA	PC-12_0.5h_3	viral_read.count	0	0		cluster_10
UL49.5	L	1.5h	1.5	PC-12	PC-12_dcDNA_1.5h	LT934125.1	+	138	PC-12_1.5h_1	0.0434782608695652	dcDNA	PC-12_1.5h_1	viral_read.count	0.0284326421040805	0.0141068193238399	0.49614873187657	cluster_10
UL49.5	L	1.5h	1.5	PC-12	PC-12_dcDNA_1.5h	LT934125.1	+	129	PC-12_1.5h_2	0.0155038759689922	dcDNA	PC-12_1.5h_2	viral_read.count	0.0284326421040805	0.0141068193238399	0.49614873187657	cluster_10
UL49.5	L	1.5h	1.5	PC-12	PC-12_dcDNA_1.5h	LT934125.1	+	152	PC-12_1.5h_3	0.0263157894736842	dcDNA	PC-12_1.5h_3	viral_read.count	0.0284326421040805	0.0141068193238399	0.49614873187657	cluster_10
UL49.5	L	12h	12	C6	C6_dcDNA_12h	LT934125.1	+	56266	C6_12h_1	0.0121565421391249	dcDNA	C6_12h_1	viral_read.count	0.0138086525216627	0.00150529515351758	0.109011009666302	cluster_10
UL49.5	L	12h	12	C6	C6_dcDNA_12h	LT934125.1	+	49131	C6_12h_2	0.0151024811218986	dcDNA	C6_12h_2	viral_read.count	0.0138086525216627	0.00150529515351758	0.109011009666302	cluster_10
UL49.5	L	12h	12	C6	C6_dcDNA_12h	LT934125.1	+	28023	C6_12h_3	0.0141669343039646	dcDNA	C6_12h_3	viral_read.count	0.0138086525216627	0.00150529515351758	0.109011009666302	cluster_10
UL49.5	L	12h	12	PC-12	PC-12_dcDNA_12h	LT934125.1	+	40118	PC-12_12h_1	0.0116406600528441	dcDNA	PC-12_12h_1	viral_read.count	0.0117666931822927	0.00169263283806335	0.14384949210799	cluster_10
UL49.5	L	12h	12	PC-12	PC-12_dcDNA_12h	LT934125.1	+	64296	PC-12_12h_2	0.010140599726266	dcDNA	PC-12_12h_2	viral_read.count	0.0117666931822927	0.00169263283806335	0.14384949210799	cluster_10
UL49.5	L	12h	12	PC-12	PC-12_dcDNA_12h	LT934125.1	+	35654	PC-12_12h_3	0.013518819767768	dcDNA	PC-12_12h_3	viral_read.count	0.0117666931822927	0.00169263283806335	0.14384949210799	cluster_10
UL49.5	L	12h	12	PK-15	PK-15_dcDNA_12h	LT934125.1	+	137055	PK-15_12h_1	0.0111415125314655	dcDNA	PK-15_12h_1	viral_read.count	0.0130591096089868	0.00193824091601455	0.148420602479722	cluster_10
UL49.5	L	12h	12	PK-15	PK-15_dcDNA_12h	LT934125.1	+	155287	PK-15_12h_2	0.0150173549621024	dcDNA	PK-15_12h_2	viral_read.count	0.0130591096089868	0.00193824091601455	0.148420602479722	cluster_10
UL49.5	L	12h	12	PK-15	PK-15_dcDNA_12h	LT934125.1	+	135039	PK-15_12h_3	0.0130184613333926	dcDNA	PK-15_12h_3	viral_read.count	0.0130591096089868	0.00193824091601455	0.148420602479722	cluster_10
UL49.5	L	1h	1	C6	C6_dcDNA_1h	LT934125.1	+	246	C6_1h_1	0.032520325203252	dcDNA	C6_1h_1	viral_read.count	0.0257093894468356	0.00648540463784917	0.252258212948243	cluster_10
UL49.5	L	1h	1	C6	C6_dcDNA_1h	LT934125.1	+	240	C6_1h_2	0.025	dcDNA	C6_1h_2	viral_read.count	0.0257093894468356	0.00648540463784917	0.252258212948243	cluster_10
UL49.5	L	1h	1	C6	C6_dcDNA_1h	LT934125.1	+	102	C6_1h_3	0.0196078431372549	dcDNA	C6_1h_3	viral_read.count	0.0257093894468356	0.00648540463784917	0.252258212948243	cluster_10
UL49.5	L	1h	1	NRK	NRK_dcDNA_1h	LT934125.1	+	25	NRK_1h_1	0.04	dcDNA	NRK_1h_1	viral_read.count	0.0195061728395062	0.020018281539466	1.0262536738587	cluster_10
UL49.5	L	1h	1	NRK	NRK_dcDNA_1h	LT934125.1	+	54	NRK_1h_2	0.0185185185185185	dcDNA	NRK_1h_2	viral_read.count	0.0195061728395062	0.020018281539466	1.0262536738587	cluster_10
UL49.5	L	1h	1	NRK	NRK_dcDNA_1h	LT934125.1	+	20	NRK_1h_3	0	dcDNA	NRK_1h_3	viral_read.count	0.0195061728395062	0.020018281539466	1.0262536738587	cluster_10
UL49.5	L	1h	1	PC-12	PC-12_dcDNA_1h	LT934125.1	+	154	PC-12_1h_1	0.038961038961039	dcDNA	PC-12_1h_1	viral_read.count	0.0258494058004062	0.0172340886850992	0.666711212558255	cluster_10
UL49.5	L	1h	1	PC-12	PC-12_dcDNA_1h	LT934125.1	+	93	PC-12_1h_2	0.032258064516129	dcDNA	PC-12_1h_2	viral_read.count	0.0258494058004062	0.0172340886850992	0.666711212558255	cluster_10
UL49.5	L	1h	1	PC-12	PC-12_dcDNA_1h	LT934125.1	+	158	PC-12_1h_3	0.00632911392405063	dcDNA	PC-12_1h_3	viral_read.count	0.0258494058004062	0.0172340886850992	0.666711212558255	cluster_10
UL49.5	L	1h	1	PK-15	PK-15_dcDNA_1h	LT934125.1	+	129	PK-15_1h_1	0.00775193798449612	dcDNA	PK-15_1h_1	viral_read.count	0.0133802006507025	0.00574264369734069	0.429189654718608	cluster_10
UL49.5	L	1h	1	PK-15	PK-15_dcDNA_1h	LT934125.1	+	76	PK-15_1h_2	0.0131578947368421	dcDNA	PK-15_1h_2	viral_read.count	0.0133802006507025	0.00574264369734069	0.429189654718608	cluster_10
UL49.5	L	1h	1	PK-15	PK-15_dcDNA_1h	LT934125.1	+	52	PK-15_1h_3	0.0192307692307692	dcDNA	PK-15_1h_3	viral_read.count	0.0133802006507025	0.00574264369734069	0.429189654718608	cluster_10
UL49.5	L	2.5h	2.5	PC-12	PC-12_dcDNA_2.5h	LT934125.1	+	478	PC-12_2.5h_1	0.0292887029288703	dcDNA	PC-12_2.5h_1	viral_read.count	0.0308730853892268	0.00193349834807029	0.0626273119027161	cluster_10
UL49.5	L	2.5h	2.5	PC-12	PC-12_dcDNA_2.5h	LT934125.1	+	231	PC-12_2.5h_2	0.0303030303030303	dcDNA	PC-12_2.5h_2	viral_read.count	0.0308730853892268	0.00193349834807029	0.0626273119027161	cluster_10
UL49.5	L	2.5h	2.5	PC-12	PC-12_dcDNA_2.5h	LT934125.1	+	545	PC-12_2.5h_3	0.0330275229357798	dcDNA	PC-12_2.5h_3	viral_read.count	0.0308730853892268	0.00193349834807029	0.0626273119027161	cluster_10
UL49.5	L	2h	2	C6	C6_dcDNA_2h	LT934125.1	+	243	C6_2h_1	0.0123456790123457	dcDNA	C6_2h_1	viral_read.count	0.0221984805318139	0.0139339655362022	0.627699067791267	cluster_10
UL49.5	L	2h	2	C6	C6_dcDNA_2h	LT934125.1	+	468	C6_2h_2	0.0320512820512821	dcDNA	C6_2h_2	viral_read.count	0.0221984805318139	0.0139339655362022	0.627699067791267	cluster_10
UL49.5	L	2h	2	NRK	NRK_dcDNA_2h	LT934125.1	+	99	NRK_2h_1	0.0404040404040404	dcDNA	NRK_2h_1	viral_read.count	0.0189324943423304	0.0203213362741749	1.07335757807355	cluster_10
UL49.5	L	2h	2	NRK	NRK_dcDNA_2h	LT934125.1	+	71	NRK_2h_2	0	dcDNA	NRK_2h_2	viral_read.count	0.0189324943423304	0.0203213362741749	1.07335757807355	cluster_10
UL49.5	L	2h	2	NRK	NRK_dcDNA_2h	LT934125.1	+	122	NRK_2h_3	0.0163934426229508	dcDNA	NRK_2h_3	viral_read.count	0.0189324943423304	0.0203213362741749	1.07335757807355	cluster_10
UL49.5	L	2h	2	PC-12	PC-12_dcDNA_2h	LT934125.1	+	439	PC-12_2h_1	0.0318906605922551	dcDNA	PC-12_2h_1	viral_read.count	0.0299329501834172	0.00203256538098016	0.0679039442662823	cluster_10
UL49.5	L	2h	2	PC-12	PC-12_dcDNA_2h	LT934125.1	+	399	PC-12_2h_2	0.0300751879699248	dcDNA	PC-12_2h_2	viral_read.count	0.0299329501834172	0.00203256538098016	0.0679039442662823	cluster_10
UL49.5	L	2h	2	PC-12	PC-12_dcDNA_2h	LT934125.1	+	503	PC-12_2h_3	0.0278330019880716	dcDNA	PC-12_2h_3	viral_read.count	0.0299329501834172	0.00203256538098016	0.0679039442662823	cluster_10
UL49.5	L	2h	2	PK-15	PK-15_dcDNA_2h	LT934125.1	+	482	PK-15_2h_1	0.037344398340249	dcDNA	PK-15_2h_1	viral_read.count	0.0368101730554943	0.0177839462573609	0.483125853023026	cluster_10
UL49.5	L	2h	2	PK-15	PK-15_dcDNA_2h	LT934125.1	+	405	PK-15_2h_2	0.054320987654321	dcDNA	PK-15_2h_2	viral_read.count	0.0368101730554943	0.0177839462573609	0.483125853023026	cluster_10
UL49.5	L	2h	2	PK-15	PK-15_dcDNA_2h	LT934125.1	+	1652	PK-15_2h_3	0.0187651331719128	dcDNA	PK-15_2h_3	viral_read.count	0.0368101730554943	0.0177839462573609	0.483125853023026	cluster_10
UL49.5	L	4h	4	C6	C6_dcDNA_4h	LT934125.1	+	680	C6_4h_1	0.0132352941176471	dcDNA	C6_4h_1	viral_read.count	0.0105323448060543	0.00238080953799003	0.226047435953813	cluster_10
UL49.5	L	4h	4	C6	C6_dcDNA_4h	LT934125.1	+	686	C6_4h_2	0.0087463556851312	dcDNA	C6_4h_2	viral_read.count	0.0105323448060543	0.00238080953799003	0.226047435953813	cluster_10
UL49.5	L	4h	4	C6	C6_dcDNA_4h	LT934125.1	+	312	C6_4h_3	0.00961538461538462	dcDNA	C6_4h_3	viral_read.count	0.0105323448060543	0.00238080953799003	0.226047435953813	cluster_10
UL49.5	L	4h	4	PC-12	PC-12_dcDNA_4h	LT934125.1	+	2800	PC-12_4h_1	0.0185714285714286	dcDNA	PC-12_4h_1	viral_read.count	0.0151465681461231	0.00302307040532627	0.199587812642566	cluster_10
UL49.5	L	4h	4	PC-12	PC-12_dcDNA_4h	LT934125.1	+	2646	PC-12_4h_2	0.0128495842781557	dcDNA	PC-12_4h_2	viral_read.count	0.0151465681461231	0.00302307040532627	0.199587812642566	cluster_10
UL49.5	L	4h	4	PC-12	PC-12_dcDNA_4h	LT934125.1	+	2996	PC-12_4h_3	0.014018691588785	dcDNA	PC-12_4h_3	viral_read.count	0.0151465681461231	0.00302307040532627	0.199587812642566	cluster_10
UL49.5	L	4h	4	PK-15	PK-15_dcDNA_4h	LT934125.1	+	7826	PK-15_4h_1	0.0301558906210069	dcDNA	PK-15_4h_1	viral_read.count	0.0276645086830153	0.00223097562316865	0.080643963308062	cluster_10
UL49.5	L	4h	4	PK-15	PK-15_dcDNA_4h	LT934125.1	+	8046	PK-15_4h_2	0.0258513547104151	dcDNA	PK-15_4h_2	viral_read.count	0.0276645086830153	0.00223097562316865	0.080643963308062	cluster_10
UL49.5	L	4h	4	PK-15	PK-15_dcDNA_4h	LT934125.1	+	6633	PK-15_4h_3	0.026986280717624	dcDNA	PK-15_4h_3	viral_read.count	0.0276645086830153	0.00223097562316865	0.080643963308062	cluster_10
UL49.5	L	6h	6	C6	C6_dcDNA_6h	LT934125.1	+	2759	C6_6h_1	0.0144980065241029	dcDNA	C6_6h_1	viral_read.count	0.0146785054187341	0.00022379575503651	0.0152464946976741	cluster_10
UL49.5	L	6h	6	C6	C6_dcDNA_6h	LT934125.1	+	4220	C6_6h_2	0.0149289099526066	dcDNA	C6_6h_2	viral_read.count	0.0146785054187341	0.00022379575503651	0.0152464946976741	cluster_10
UL49.5	L	6h	6	C6	C6_dcDNA_6h	LT934125.1	+	3628	C6_6h_3	0.0146085997794928	dcDNA	C6_6h_3	viral_read.count	0.0146785054187341	0.00022379575503651	0.0152464946976741	cluster_10
UL49.5	L	6h	6	PC-12	PC-12_dcDNA_6h	LT934125.1	+	7517	PC-12_6h_1	0.0171611015032593	dcDNA	PC-12_6h_1	viral_read.count	0.0166777972551082	0.000419348984528948	0.0251441469226704	cluster_10
UL49.5	L	6h	6	PC-12	PC-12_dcDNA_6h	LT934125.1	+	13589	PC-12_6h_2	0.0164103318860843	dcDNA	PC-12_6h_2	viral_read.count	0.0166777972551082	0.000419348984528948	0.0251441469226704	cluster_10
UL49.5	L	6h	6	PC-12	PC-12_dcDNA_6h	LT934125.1	+	11724	PC-12_6h_3	0.0164619583759809	dcDNA	PC-12_6h_3	viral_read.count	0.0166777972551082	0.000419348984528948	0.0251441469226704	cluster_10
UL49.5	L	6h	6	PK-15	PK-15_dcDNA_6h	LT934125.1	+	37872	PK-15_6h_1	0.0132815800591466	dcDNA	PK-15_6h_1	viral_read.count	0.0126068181244247	0.00363309254861686	0.288184735653323	cluster_10
UL49.5	L	6h	6	PK-15	PK-15_dcDNA_6h	LT934125.1	+	30337	PK-15_6h_2	0.0158552262913274	dcDNA	PK-15_6h_2	viral_read.count	0.0126068181244247	0.00363309254861686	0.288184735653323	cluster_10
UL49.5	L	6h	6	PK-15	PK-15_dcDNA_6h	LT934125.1	+	44912	PK-15_6h_3	0.00868364802280014	dcDNA	PK-15_6h_3	viral_read.count	0.0126068181244247	0.00363309254861686	0.288184735653323	cluster_10
UL49.5	L	8h	8	C6	C6_dcDNA_8h	LT934125.1	+	10124	C6_8h_1	0.0182734097194785	dcDNA	C6_8h_1	viral_read.count	0.0154729850597446	0.00242582196660945	0.156777891094886	cluster_10
UL49.5	L	8h	8	C6	C6_dcDNA_8h	LT934125.1	+	10414	C6_8h_2	0.0140195890147878	dcDNA	C6_8h_2	viral_read.count	0.0154729850597446	0.00242582196660945	0.156777891094886	cluster_10
UL49.5	L	8h	8	C6	C6_dcDNA_8h	LT934125.1	+	8495	C6_8h_3	0.0141259564449676	dcDNA	C6_8h_3	viral_read.count	0.0154729850597446	0.00242582196660945	0.156777891094886	cluster_10
UL49.5	L	8h	8	PC-12	PC-12_dcDNA_8h	LT934125.1	+	14035	PC-12_8h_1	0.011827573922337	dcDNA	PC-12_8h_1	viral_read.count	0.0136605352396689	0.00259219875427603	0.189758212895533	cluster_10
UL49.5	L	8h	8	PC-12	PC-12_dcDNA_8h	LT934125.1	+	15684	PC-12_8h_2	0.0154934965570008	dcDNA	PC-12_8h_2	viral_read.count	0.0136605352396689	0.00259219875427603	0.189758212895533	cluster_10
UL49.5	L	8h	8	PK-15	PK-15_dcDNA_8h	LT934125.1	+	69419	PK-15_8h_1	0.0127486711130958	dcDNA	PK-15_8h_1	viral_read.count	0.0121512915328205	0.00188709191863886	0.155299699093043	cluster_10
UL49.5	L	8h	8	PK-15	PK-15_dcDNA_8h	LT934125.1	+	74319	PK-15_8h_2	0.0100378099812968	dcDNA	PK-15_8h_2	viral_read.count	0.0121512915328205	0.00188709191863886	0.155299699093043	cluster_10
UL49.5	L	8h	8	PK-15	PK-15_dcDNA_8h	LT934125.1	+	70167	PK-15_8h_3	0.0136673935040689	dcDNA	PK-15_8h_3	viral_read.count	0.0121512915328205	0.00188709191863886	0.155299699093043	cluster_10
UL5	E	""		C6	C6_dRNA	LT934125.1	+	3	C6_dRNA	0	dcDNA	C6_dRNA	viral_read.count	0			cluster_1
UL5	E	""		PC-12	PC-12_dRNA	LT934125.1	+	20	PC-12_dRNA	0	dcDNA	PC-12_dRNA	viral_read.count	0			cluster_1
UL5	E	""		PK-15	PK-15_dRNA	LT934125.1	+	68	PK-15_dRNA	0	dcDNA	PK-15_dRNA	viral_read.count	0			cluster_1
UL5	E	0.5h	0.5	PC-12	PC-12_dcDNA_0.5h	LT934125.1	+	13	PC-12_0.5h_1	0	dcDNA	PC-12_0.5h_1	viral_read.count	0	0		cluster_1
UL5	E	0.5h	0.5	PC-12	PC-12_dcDNA_0.5h	LT934125.1	+	13	PC-12_0.5h_2	0	dcDNA	PC-12_0.5h_2	viral_read.count	0	0		cluster_1
UL5	E	0.5h	0.5	PC-12	PC-12_dcDNA_0.5h	LT934125.1	+	2	PC-12_0.5h_3	0	dcDNA	PC-12_0.5h_3	viral_read.count	0	0		cluster_1
UL5	E	1.5h	1.5	PC-12	PC-12_dcDNA_1.5h	LT934125.1	+	138	PC-12_1.5h_1	0	dcDNA	PC-12_1.5h_1	viral_read.count	0	0		cluster_1
UL5	E	1.5h	1.5	PC-12	PC-12_dcDNA_1.5h	LT934125.1	+	129	PC-12_1.5h_2	0	dcDNA	PC-12_1.5h_2	viral_read.count	0	0		cluster_1
UL5	E	1.5h	1.5	PC-12	PC-12_dcDNA_1.5h	LT934125.1	+	152	PC-12_1.5h_3	0	dcDNA	PC-12_1.5h_3	viral_read.count	0	0		cluster_1
UL5	E	12h	12	C6	C6_dcDNA_12h	LT934125.1	+	56266	C6_12h_1	7.10908897024846e-05	dcDNA	C6_12h_1	viral_read.count	7.97356844347273e-05	2.41847862532995e-05	0.303311954048598	cluster_1
UL5	E	12h	12	C6	C6_dcDNA_12h	LT934125.1	+	49131	C6_12h_2	6.10612444281614e-05	dcDNA	C6_12h_2	viral_read.count	7.97356844347273e-05	2.41847862532995e-05	0.303311954048598	cluster_1
UL5	E	12h	12	C6	C6_dcDNA_12h	LT934125.1	+	28023	C6_12h_3	0.000107054919173536	dcDNA	C6_12h_3	viral_read.count	7.97356844347273e-05	2.41847862532995e-05	0.303311954048598	cluster_1
UL5	E	12h	12	PC-12	PC-12_dcDNA_12h	LT934125.1	+	40118	PC-12_12h_1	4.98529338451568e-05	dcDNA	PC-12_12h_1	viral_read.count	4.25394230564276e-05	3.93951446825758e-05	0.926085542587614	cluster_1
UL5	E	12h	12	PC-12	PC-12_dcDNA_12h	LT934125.1	+	64296	PC-12_12h_2	7.77653353241259e-05	dcDNA	PC-12_12h_2	viral_read.count	4.25394230564276e-05	3.93951446825758e-05	0.926085542587614	cluster_1
UL5	E	12h	12	PC-12	PC-12_dcDNA_12h	LT934125.1	+	35654	PC-12_12h_3	0	dcDNA	PC-12_12h_3	viral_read.count	4.25394230564276e-05	3.93951446825758e-05	0.926085542587614	cluster_1
UL5	E	12h	12	PK-15	PK-15_dcDNA_12h	LT934125.1	+	137055	PK-15_12h_1	3.64817044252308e-05	dcDNA	PK-15_12h_1	viral_read.count	3.82411841809599e-05	3.17522386481047e-05	0.830315256396112	cluster_1
UL5	E	12h	12	PK-15	PK-15_dcDNA_12h	LT934125.1	+	155287	PK-15_12h_2	7.08365800099171e-05	dcDNA	PK-15_12h_2	viral_read.count	3.82411841809599e-05	3.17522386481047e-05	0.830315256396112	cluster_1
UL5	E	12h	12	PK-15	PK-15_dcDNA_12h	LT934125.1	+	135039	PK-15_12h_3	7.40526810773184e-06	dcDNA	PK-15_12h_3	viral_read.count	3.82411841809599e-05	3.17522386481047e-05	0.830315256396112	cluster_1
UL5	E	1h	1	C6	C6_dcDNA_1h	LT934125.1	+	246	C6_1h_1	0.0040650406504065	dcDNA	C6_1h_1	viral_read.count	0.00274390243902439	0.00237683243161108	0.866223375076037	cluster_1
UL5	E	1h	1	C6	C6_dcDNA_1h	LT934125.1	+	240	C6_1h_2	0.00416666666666667	dcDNA	C6_1h_2	viral_read.count	0.00274390243902439	0.00237683243161108	0.866223375076037	cluster_1
UL5	E	1h	1	C6	C6_dcDNA_1h	LT934125.1	+	102	C6_1h_3	0	dcDNA	C6_1h_3	viral_read.count	0.00274390243902439	0.00237683243161108	0.866223375076037	cluster_1
UL5	E	1h	1	NRK	NRK_dcDNA_1h	LT934125.1	+	25	NRK_1h_1	0	dcDNA	NRK_1h_1	viral_read.count	0	0		cluster_1
UL5	E	1h	1	NRK	NRK_dcDNA_1h	LT934125.1	+	54	NRK_1h_2	0	dcDNA	NRK_1h_2	viral_read.count	0	0		cluster_1
UL5	E	1h	1	NRK	NRK_dcDNA_1h	LT934125.1	+	20	NRK_1h_3	0	dcDNA	NRK_1h_3	viral_read.count	0	0		cluster_1
UL5	E	1h	1	PC-12	PC-12_dcDNA_1h	LT934125.1	+	154	PC-12_1h_1	0	dcDNA	PC-12_1h_1	viral_read.count	0	0		cluster_1
UL5	E	1h	1	PC-12	PC-12_dcDNA_1h	LT934125.1	+	93	PC-12_1h_2	0	dcDNA	PC-12_1h_2	viral_read.count	0	0		cluster_1
UL5	E	1h	1	PC-12	PC-12_dcDNA_1h	LT934125.1	+	158	PC-12_1h_3	0	dcDNA	PC-12_1h_3	viral_read.count	0	0		cluster_1
UL5	E	1h	1	PK-15	PK-15_dcDNA_1h	LT934125.1	+	129	PK-15_1h_1	0	dcDNA	PK-15_1h_1	viral_read.count	0.0043859649122807	0.00759671406828455	1.73205080756888	cluster_1
UL5	E	1h	1	PK-15	PK-15_dcDNA_1h	LT934125.1	+	76	PK-15_1h_2	0.0131578947368421	dcDNA	PK-15_1h_2	viral_read.count	0.0043859649122807	0.00759671406828455	1.73205080756888	cluster_1
UL5	E	1h	1	PK-15	PK-15_dcDNA_1h	LT934125.1	+	52	PK-15_1h_3	0	dcDNA	PK-15_1h_3	viral_read.count	0.0043859649122807	0.00759671406828455	1.73205080756888	cluster_1
UL5	E	2.5h	2.5	PC-12	PC-12_dcDNA_2.5h	LT934125.1	+	478	PC-12_2.5h_1	0	dcDNA	PC-12_2.5h_1	viral_read.count	0.000611620795107033	0.00105935829209106	1.73205080756888	cluster_1
UL5	E	2.5h	2.5	PC-12	PC-12_dcDNA_2.5h	LT934125.1	+	231	PC-12_2.5h_2	0	dcDNA	PC-12_2.5h_2	viral_read.count	0.000611620795107033	0.00105935829209106	1.73205080756888	cluster_1
UL5	E	2.5h	2.5	PC-12	PC-12_dcDNA_2.5h	LT934125.1	+	545	PC-12_2.5h_3	0.0018348623853211	dcDNA	PC-12_2.5h_3	viral_read.count	0.000611620795107033	0.00105935829209106	1.73205080756888	cluster_1
UL5	E	2h	2	C6	C6_dcDNA_2h	LT934125.1	+	243	C6_2h_1	0	dcDNA	C6_2h_1	viral_read.count	0	0		cluster_1
UL5	E	2h	2	C6	C6_dcDNA_2h	LT934125.1	+	468	C6_2h_2	0	dcDNA	C6_2h_2	viral_read.count	0	0		cluster_1
UL5	E	2h	2	NRK	NRK_dcDNA_2h	LT934125.1	+	99	NRK_2h_1	0	dcDNA	NRK_2h_1	viral_read.count	0	0		cluster_1
UL5	E	2h	2	NRK	NRK_dcDNA_2h	LT934125.1	+	71	NRK_2h_2	0	dcDNA	NRK_2h_2	viral_read.count	0	0		cluster_1
UL5	E	2h	2	NRK	NRK_dcDNA_2h	LT934125.1	+	122	NRK_2h_3	0	dcDNA	NRK_2h_3	viral_read.count	0	0		cluster_1
UL5	E	2h	2	PC-12	PC-12_dcDNA_2h	LT934125.1	+	439	PC-12_2h_1	0	dcDNA	PC-12_2h_1	viral_read.count	0.000662690523525513	0.00114781365644061	1.73205080756888	cluster_1
UL5	E	2h	2	PC-12	PC-12_dcDNA_2h	LT934125.1	+	399	PC-12_2h_2	0	dcDNA	PC-12_2h_2	viral_read.count	0.000662690523525513	0.00114781365644061	1.73205080756888	cluster_1
UL5	E	2h	2	PC-12	PC-12_dcDNA_2h	LT934125.1	+	503	PC-12_2h_3	0.00198807157057654	dcDNA	PC-12_2h_3	viral_read.count	0.000662690523525513	0.00114781365644061	1.73205080756888	cluster_1
UL5	E	2h	2	PK-15	PK-15_dcDNA_2h	LT934125.1	+	482	PK-15_2h_1	0	dcDNA	PK-15_2h_1	viral_read.count	0	0		cluster_1
UL5	E	2h	2	PK-15	PK-15_dcDNA_2h	LT934125.1	+	405	PK-15_2h_2	0	dcDNA	PK-15_2h_2	viral_read.count	0	0		cluster_1
UL5	E	2h	2	PK-15	PK-15_dcDNA_2h	LT934125.1	+	1652	PK-15_2h_3	0	dcDNA	PK-15_2h_3	viral_read.count	0	0		cluster_1
UL5	E	4h	4	C6	C6_dcDNA_4h	LT934125.1	+	680	C6_4h_1	0	dcDNA	C6_4h_1	viral_read.count	0.000485908649173957	0.000841618468206454	1.73205080756888	cluster_1
UL5	E	4h	4	C6	C6_dcDNA_4h	LT934125.1	+	686	C6_4h_2	0.00145772594752187	dcDNA	C6_4h_2	viral_read.count	0.000485908649173957	0.000841618468206454	1.73205080756888	cluster_1
UL5	E	4h	4	C6	C6_dcDNA_4h	LT934125.1	+	312	C6_4h_3	0	dcDNA	C6_4h_3	viral_read.count	0.000485908649173957	0.000841618468206454	1.73205080756888	cluster_1
UL5	E	4h	4	PC-12	PC-12_dcDNA_4h	LT934125.1	+	2800	PC-12_4h_1	0	dcDNA	PC-12_4h_1	viral_read.count	0.00011125945705385	0.000192707032439795	1.73205080756888	cluster_1
UL5	E	4h	4	PC-12	PC-12_dcDNA_4h	LT934125.1	+	2646	PC-12_4h_2	0	dcDNA	PC-12_4h_2	viral_read.count	0.00011125945705385	0.000192707032439795	1.73205080756888	cluster_1
UL5	E	4h	4	PC-12	PC-12_dcDNA_4h	LT934125.1	+	2996	PC-12_4h_3	0.000333778371161549	dcDNA	PC-12_4h_3	viral_read.count	0.00011125945705385	0.000192707032439795	1.73205080756888	cluster_1
UL5	E	4h	4	PK-15	PK-15_dcDNA_4h	LT934125.1	+	7826	PK-15_4h_1	0	dcDNA	PK-15_4h_1	viral_read.count	5.02537815970653e-05	8.7042102998587e-05	1.73205080756888	cluster_1
UL5	E	4h	4	PK-15	PK-15_dcDNA_4h	LT934125.1	+	8046	PK-15_4h_2	0	dcDNA	PK-15_4h_2	viral_read.count	5.02537815970653e-05	8.7042102998587e-05	1.73205080756888	cluster_1
UL5	E	4h	4	PK-15	PK-15_dcDNA_4h	LT934125.1	+	6633	PK-15_4h_3	0.000150761344791196	dcDNA	PK-15_4h_3	viral_read.count	5.02537815970653e-05	8.7042102998587e-05	1.73205080756888	cluster_1
UL5	E	6h	6	C6	C6_dcDNA_6h	LT934125.1	+	2759	C6_6h_1	0.000362450163102573	dcDNA	C6_6h_1	viral_read.count	0.00046255057619965	9.49221614618897e-05	0.205214664830335	cluster_1
UL5	E	6h	6	C6	C6_dcDNA_6h	LT934125.1	+	4220	C6_6h_2	0.0004739336492891	dcDNA	C6_6h_2	viral_read.count	0.00046255057619965	9.49221614618897e-05	0.205214664830335	cluster_1
UL5	E	6h	6	C6	C6_dcDNA_6h	LT934125.1	+	3628	C6_6h_3	0.000551267916207277	dcDNA	C6_6h_3	viral_read.count	0.00046255057619965	9.49221614618897e-05	0.205214664830335	cluster_1
UL5	E	6h	6	PC-12	PC-12_dcDNA_6h	LT934125.1	+	7517	PC-12_6h_1	0.000266063589197818	dcDNA	PC-12_6h_1	viral_read.count	0.000198512628259876	0.000108306723907855	0.545591103484202	cluster_1
UL5	E	6h	6	PC-12	PC-12_dcDNA_6h	LT934125.1	+	13589	PC-12_6h_2	7.35889322245934e-05	dcDNA	PC-12_6h_2	viral_read.count	0.000198512628259876	0.000108306723907855	0.545591103484202	cluster_1
UL5	E	6h	6	PC-12	PC-12_dcDNA_6h	LT934125.1	+	11724	PC-12_6h_3	0.000255885363357216	dcDNA	PC-12_6h_3	viral_read.count	0.000198512628259876	0.000108306723907855	0.545591103484202	cluster_1
UL5	E	6h	6	PK-15	PK-15_dcDNA_6h	LT934125.1	+	37872	PK-15_6h_1	5.28094634558513e-05	dcDNA	PK-15_6h_1	viral_read.count	0.000106085414037627	4.61465509505627e-05	0.43499430500592	cluster_1
UL5	E	6h	6	PK-15	PK-15_dcDNA_6h	LT934125.1	+	30337	PK-15_6h_2	0.000131852193690873	dcDNA	PK-15_6h_2	viral_read.count	0.000106085414037627	4.61465509505627e-05	0.43499430500592	cluster_1
UL5	E	6h	6	PK-15	PK-15_dcDNA_6h	LT934125.1	+	44912	PK-15_6h_3	0.000133594584966156	dcDNA	PK-15_6h_3	viral_read.count	0.000106085414037627	4.61465509505627e-05	0.43499430500592	cluster_1
UL5	E	8h	8	C6	C6_dcDNA_8h	LT934125.1	+	10124	C6_8h_1	0	dcDNA	C6_8h_1	viral_read.count	0	0		cluster_1
UL5	E	8h	8	C6	C6_dcDNA_8h	LT934125.1	+	10414	C6_8h_2	0	dcDNA	C6_8h_2	viral_read.count	0	0		cluster_1
UL5	E	8h	8	C6	C6_dcDNA_8h	LT934125.1	+	8495	C6_8h_3	0	dcDNA	C6_8h_3	viral_read.count	0	0		cluster_1
UL5	E	8h	8	PC-12	PC-12_dcDNA_8h	LT934125.1	+	14035	PC-12_8h_1	0	dcDNA	PC-12_8h_1	viral_read.count	9.5638867635807e-05	0.000135253783700564	1.4142135623731	cluster_1
UL5	E	8h	8	PC-12	PC-12_dcDNA_8h	LT934125.1	+	15684	PC-12_8h_2	0.000191277735271614	dcDNA	PC-12_8h_2	viral_read.count	9.5638867635807e-05	0.000135253783700564	1.4142135623731	cluster_1
UL5	E	8h	8	PK-15	PK-15_dcDNA_8h	LT934125.1	+	69419	PK-15_8h_1	0.000259295005690085	dcDNA	PK-15_8h_1	viral_read.count	0.000151081855859432	9.37567604502442e-05	0.620569292830743	cluster_1
UL5	E	8h	8	PK-15	PK-15_dcDNA_8h	LT934125.1	+	74319	PK-15_8h_2	9.41885655081473e-05	dcDNA	PK-15_8h_2	viral_read.count	0.000151081855859432	9.37567604502442e-05	0.620569292830743	cluster_1
UL5	E	8h	8	PK-15	PK-15_dcDNA_8h	LT934125.1	+	70167	PK-15_8h_3	9.97619963800647e-05	dcDNA	PK-15_8h_3	viral_read.count	0.000151081855859432	9.37567604502442e-05	0.620569292830743	cluster_1
UL50	L	""		C6	C6_dRNA	LT934125.1	-	3	C6_dRNA	0	dcDNA	C6_dRNA	viral_read.count	0			cluster_1
UL50	L	""		PC-12	PC-12_dRNA	LT934125.1	-	20	PC-12_dRNA	0	dcDNA	PC-12_dRNA	viral_read.count	0			cluster_1
UL50	L	""		PK-15	PK-15_dRNA	LT934125.1	-	68	PK-15_dRNA	0	dcDNA	PK-15_dRNA	viral_read.count	0			cluster_1
UL50	L	0.5h	0.5	PC-12	PC-12_dcDNA_0.5h	LT934125.1	-	13	PC-12_0.5h_1	0	dcDNA	PC-12_0.5h_1	viral_read.count	0	0		cluster_1
UL50	L	0.5h	0.5	PC-12	PC-12_dcDNA_0.5h	LT934125.1	-	13	PC-12_0.5h_2	0	dcDNA	PC-12_0.5h_2	viral_read.count	0	0		cluster_1
UL50	L	0.5h	0.5	PC-12	PC-12_dcDNA_0.5h	LT934125.1	-	2	PC-12_0.5h_3	0	dcDNA	PC-12_0.5h_3	viral_read.count	0	0		cluster_1
UL50	L	1.5h	1.5	PC-12	PC-12_dcDNA_1.5h	LT934125.1	-	138	PC-12_1.5h_1	0.0217391304347826	dcDNA	PC-12_1.5h_1	viral_read.count	0.0215772621645114	0.00176506139265489	0.0818019162578431	cluster_1
UL50	L	1.5h	1.5	PC-12	PC-12_dcDNA_1.5h	LT934125.1	-	129	PC-12_1.5h_2	0.0232558139534884	dcDNA	PC-12_1.5h_2	viral_read.count	0.0215772621645114	0.00176506139265489	0.0818019162578431	cluster_1
UL50	L	1.5h	1.5	PC-12	PC-12_dcDNA_1.5h	LT934125.1	-	152	PC-12_1.5h_3	0.0197368421052632	dcDNA	PC-12_1.5h_3	viral_read.count	0.0215772621645114	0.00176506139265489	0.0818019162578431	cluster_1
UL50	L	12h	12	C6	C6_dcDNA_12h	LT934125.1	-	56266	C6_12h_1	0.00188390857711584	dcDNA	C6_12h_1	viral_read.count	0.00240526218366614	0.000569087911448641	0.236601196872945	cluster_1
UL50	L	12h	12	C6	C6_dcDNA_12h	LT934125.1	-	49131	C6_12h_2	0.00301235472512263	dcDNA	C6_12h_2	viral_read.count	0.00240526218366614	0.000569087911448641	0.236601196872945	cluster_1
UL50	L	12h	12	C6	C6_dcDNA_12h	LT934125.1	-	28023	C6_12h_3	0.00231952324875995	dcDNA	C6_12h_3	viral_read.count	0.00240526218366614	0.000569087911448641	0.236601196872945	cluster_1
UL50	L	12h	12	PC-12	PC-12_dcDNA_12h	LT934125.1	-	40118	PC-12_12h_1	0.00119647041228376	dcDNA	PC-12_12h_1	viral_read.count	0.00114393610039565	9.19600588471086e-05	0.0803891570650691	cluster_1
UL50	L	12h	12	PC-12	PC-12_dcDNA_12h	LT934125.1	-	64296	PC-12_12h_2	0.00119758616399154	dcDNA	PC-12_12h_2	viral_read.count	0.00114393610039565	9.19600588471086e-05	0.0803891570650691	cluster_1
UL50	L	12h	12	PC-12	PC-12_dcDNA_12h	LT934125.1	-	35654	PC-12_12h_3	0.00103775172491165	dcDNA	PC-12_12h_3	viral_read.count	0.00114393610039565	9.19600588471086e-05	0.0803891570650691	cluster_1
UL50	L	12h	12	PK-15	PK-15_dcDNA_12h	LT934125.1	-	137055	PK-15_12h_1	0.000817190179125169	dcDNA	PK-15_12h_1	viral_read.count	0.000759119287041983	0.000112502383579579	0.1482011924871	cluster_1
UL50	L	12h	12	PK-15	PK-15_dcDNA_12h	LT934125.1	-	155287	PK-15_12h_2	0.000830719892843574	dcDNA	PK-15_12h_2	viral_read.count	0.000759119287041983	0.000112502383579579	0.1482011924871	cluster_1
UL50	L	12h	12	PK-15	PK-15_dcDNA_12h	LT934125.1	-	135039	PK-15_12h_3	0.000629447789157206	dcDNA	PK-15_12h_3	viral_read.count	0.000759119287041983	0.000112502383579579	0.1482011924871	cluster_1
UL50	L	1h	1	C6	C6_dcDNA_1h	LT934125.1	-	246	C6_1h_1	0.0121951219512195	dcDNA	C6_1h_1	viral_read.count	0.0147676550294915	0.00419449679282962	0.284032690664366	cluster_1
UL50	L	1h	1	C6	C6_dcDNA_1h	LT934125.1	-	240	C6_1h_2	0.0125	dcDNA	C6_1h_2	viral_read.count	0.0147676550294915	0.00419449679282962	0.284032690664366	cluster_1
UL50	L	1h	1	C6	C6_dcDNA_1h	LT934125.1	-	102	C6_1h_3	0.0196078431372549	dcDNA	C6_1h_3	viral_read.count	0.0147676550294915	0.00419449679282962	0.284032690664366	cluster_1
UL50	L	1h	1	NRK	NRK_dcDNA_1h	LT934125.1	-	25	NRK_1h_1	0.04	dcDNA	NRK_1h_1	viral_read.count	0.0361728395061728	0.0160859033675871	0.444695622107356	cluster_1
UL50	L	1h	1	NRK	NRK_dcDNA_1h	LT934125.1	-	54	NRK_1h_2	0.0185185185185185	dcDNA	NRK_1h_2	viral_read.count	0.0361728395061728	0.0160859033675871	0.444695622107356	cluster_1
UL50	L	1h	1	NRK	NRK_dcDNA_1h	LT934125.1	-	20	NRK_1h_3	0.05	dcDNA	NRK_1h_3	viral_read.count	0.0361728395061728	0.0160859033675871	0.444695622107356	cluster_1
UL50	L	1h	1	PC-12	PC-12_dcDNA_1h	LT934125.1	-	154	PC-12_1h_1	0.012987012987013	dcDNA	PC-12_1h_1	viral_read.count	0.0121326430023858	0.00120632972989645	0.0994284369579851	cluster_1
UL50	L	1h	1	PC-12	PC-12_dcDNA_1h	LT934125.1	-	93	PC-12_1h_2	0.010752688172043	dcDNA	PC-12_1h_2	viral_read.count	0.0121326430023858	0.00120632972989645	0.0994284369579851	cluster_1
UL50	L	1h	1	PC-12	PC-12_dcDNA_1h	LT934125.1	-	158	PC-12_1h_3	0.0126582278481013	dcDNA	PC-12_1h_3	viral_read.count	0.0121326430023858	0.00120632972989645	0.0994284369579851	cluster_1
UL50	L	1h	1	PK-15	PK-15_dcDNA_1h	LT934125.1	-	129	PK-15_1h_1	0	dcDNA	PK-15_1h_1	viral_read.count	0.0043859649122807	0.00759671406828455	1.73205080756888	cluster_1
UL50	L	1h	1	PK-15	PK-15_dcDNA_1h	LT934125.1	-	76	PK-15_1h_2	0.0131578947368421	dcDNA	PK-15_1h_2	viral_read.count	0.0043859649122807	0.00759671406828455	1.73205080756888	cluster_1
UL50	L	1h	1	PK-15	PK-15_dcDNA_1h	LT934125.1	-	52	PK-15_1h_3	0	dcDNA	PK-15_1h_3	viral_read.count	0.0043859649122807	0.00759671406828455	1.73205080756888	cluster_1
UL50	L	2.5h	2.5	PC-12	PC-12_dcDNA_2.5h	LT934125.1	-	478	PC-12_2.5h_1	0.0146443514644351	dcDNA	PC-12_2.5h_1	viral_read.count	0.0155464226210071	0.001532611308498	0.0985828924029803	cluster_1
UL50	L	2.5h	2.5	PC-12	PC-12_dcDNA_2.5h	LT934125.1	-	231	PC-12_2.5h_2	0.0173160173160173	dcDNA	PC-12_2.5h_2	viral_read.count	0.0155464226210071	0.001532611308498	0.0985828924029803	cluster_1
UL50	L	2.5h	2.5	PC-12	PC-12_dcDNA_2.5h	LT934125.1	-	545	PC-12_2.5h_3	0.0146788990825688	dcDNA	PC-12_2.5h_3	viral_read.count	0.0155464226210071	0.001532611308498	0.0985828924029803	cluster_1
UL50	L	2h	2	C6	C6_dcDNA_2h	LT934125.1	-	243	C6_2h_1	0.0164609053497942	dcDNA	C6_2h_1	viral_read.count	0.0167774612219056	0.000447677607588856	0.0266832747617585	cluster_1
UL50	L	2h	2	C6	C6_dcDNA_2h	LT934125.1	-	468	C6_2h_2	0.0170940170940171	dcDNA	C6_2h_2	viral_read.count	0.0167774612219056	0.000447677607588856	0.0266832747617585	cluster_1
UL50	L	2h	2	NRK	NRK_dcDNA_2h	LT934125.1	-	99	NRK_2h_1	0.0303030303030303	dcDNA	NRK_2h_1	viral_read.count	0.0222229218996709	0.0121938194799846	0.548704600368738	cluster_1
UL50	L	2h	2	NRK	NRK_dcDNA_2h	LT934125.1	-	71	NRK_2h_2	0.028169014084507	dcDNA	NRK_2h_2	viral_read.count	0.0222229218996709	0.0121938194799846	0.548704600368738	cluster_1
UL50	L	2h	2	NRK	NRK_dcDNA_2h	LT934125.1	-	122	NRK_2h_3	0.00819672131147541	dcDNA	NRK_2h_3	viral_read.count	0.0222229218996709	0.0121938194799846	0.548704600368738	cluster_1
UL50	L	2h	2	PC-12	PC-12_dcDNA_2h	LT934125.1	-	439	PC-12_2h_1	0.00455580865603645	dcDNA	PC-12_2h_1	viral_read.count	0.0116599270373425	0.00671098355661122	0.575559652742115	cluster_1
UL50	L	2h	2	PC-12	PC-12_dcDNA_2h	LT934125.1	-	399	PC-12_2h_2	0.012531328320802	dcDNA	PC-12_2h_2	viral_read.count	0.0116599270373425	0.00671098355661122	0.575559652742115	cluster_1
UL50	L	2h	2	PC-12	PC-12_dcDNA_2h	LT934125.1	-	503	PC-12_2h_3	0.0178926441351889	dcDNA	PC-12_2h_3	viral_read.count	0.0116599270373425	0.00671098355661122	0.575559652742115	cluster_1
UL50	L	2h	2	PK-15	PK-15_dcDNA_2h	LT934125.1	-	482	PK-15_2h_1	0.012448132780083	dcDNA	PK-15_2h_1	viral_read.count	0.0108876870623673	0.00261454559320488	0.240137834438861	cluster_1
UL50	L	2h	2	PK-15	PK-15_dcDNA_2h	LT934125.1	-	405	PK-15_2h_2	0.0123456790123457	dcDNA	PK-15_2h_2	viral_read.count	0.0108876870623673	0.00261454559320488	0.240137834438861	cluster_1
UL50	L	2h	2	PK-15	PK-15_dcDNA_2h	LT934125.1	-	1652	PK-15_2h_3	0.00786924939467312	dcDNA	PK-15_2h_3	viral_read.count	0.0108876870623673	0.00261454559320488	0.240137834438861	cluster_1
UL50	L	4h	4	C6	C6_dcDNA_4h	LT934125.1	-	680	C6_4h_1	0.00588235294117647	dcDNA	C6_4h_1	viral_read.count	0.00710954711554952	0.00217027139673171	0.305261553437777	cluster_1
UL50	L	4h	4	C6	C6_dcDNA_4h	LT934125.1	-	686	C6_4h_2	0.00583090379008746	dcDNA	C6_4h_2	viral_read.count	0.00710954711554952	0.00217027139673171	0.305261553437777	cluster_1
UL50	L	4h	4	C6	C6_dcDNA_4h	LT934125.1	-	312	C6_4h_3	0.00961538461538462	dcDNA	C6_4h_3	viral_read.count	0.00710954711554952	0.00217027139673171	0.305261553437777	cluster_1
UL50	L	4h	4	PC-12	PC-12_dcDNA_4h	LT934125.1	-	2800	PC-12_4h_1	0.00892857142857143	dcDNA	PC-12_4h_1	viral_read.count	0.00942570693905807	0.00171840102219167	0.18231004139021	cluster_1
UL50	L	4h	4	PC-12	PC-12_dcDNA_4h	LT934125.1	-	2646	PC-12_4h_2	0.0113378684807256	dcDNA	PC-12_4h_2	viral_read.count	0.00942570693905807	0.00171840102219167	0.18231004139021	cluster_1
UL50	L	4h	4	PC-12	PC-12_dcDNA_4h	LT934125.1	-	2996	PC-12_4h_3	0.00801068090787717	dcDNA	PC-12_4h_3	viral_read.count	0.00942570693905807	0.00171840102219167	0.18231004139021	cluster_1
UL50	L	4h	4	PK-15	PK-15_dcDNA_4h	LT934125.1	-	7826	PK-15_4h_1	0.00741119345770509	dcDNA	PK-15_4h_1	viral_read.count	0.00689835182814333	0.00115275448934847	0.167105783825864	cluster_1
UL50	L	4h	4	PK-15	PK-15_dcDNA_4h	LT934125.1	-	8046	PK-15_4h_2	0.00770569226945066	dcDNA	PK-15_4h_2	viral_read.count	0.00689835182814333	0.00115275448934847	0.167105783825864	cluster_1
UL50	L	4h	4	PK-15	PK-15_dcDNA_4h	LT934125.1	-	6633	PK-15_4h_3	0.00557816975727423	dcDNA	PK-15_4h_3	viral_read.count	0.00689835182814333	0.00115275448934847	0.167105783825864	cluster_1
UL50	L	6h	6	C6	C6_dcDNA_6h	LT934125.1	-	2759	C6_6h_1	0.0105110547299746	dcDNA	C6_6h_1	viral_read.count	0.00730307912490067	0.0028163482078013	0.385638462850367	cluster_1
UL50	L	6h	6	C6	C6_dcDNA_6h	LT934125.1	-	4220	C6_6h_2	0.00616113744075829	dcDNA	C6_6h_2	viral_read.count	0.00730307912490067	0.0028163482078013	0.385638462850367	cluster_1
UL50	L	6h	6	C6	C6_dcDNA_6h	LT934125.1	-	3628	C6_6h_3	0.00523704520396913	dcDNA	C6_6h_3	viral_read.count	0.00730307912490067	0.0028163482078013	0.385638462850367	cluster_1
UL50	L	6h	6	PC-12	PC-12_dcDNA_6h	LT934125.1	-	7517	PC-12_6h_1	0.00532127178395637	dcDNA	PC-12_6h_1	viral_read.count	0.00463200269111176	0.000990375033105565	0.213811411423826	cluster_1
UL50	L	6h	6	PC-12	PC-12_dcDNA_6h	LT934125.1	-	13589	PC-12_6h_2	0.00507763632349695	dcDNA	PC-12_6h_2	viral_read.count	0.00463200269111176	0.000990375033105565	0.213811411423826	cluster_1
UL50	L	6h	6	PC-12	PC-12_dcDNA_6h	LT934125.1	-	11724	PC-12_6h_3	0.00349709996588195	dcDNA	PC-12_6h_3	viral_read.count	0.00463200269111176	0.000990375033105565	0.213811411423826	cluster_1
UL50	L	6h	6	PK-15	PK-15_dcDNA_6h	LT934125.1	-	37872	PK-15_6h_1	0.00266687790452049	dcDNA	PK-15_6h_1	viral_read.count	0.00312203898142291	0.000729376326525117	0.233621787192642	cluster_1
UL50	L	6h	6	PK-15	PK-15_dcDNA_6h	LT934125.1	-	30337	PK-15_6h_2	0.00273593301908561	dcDNA	PK-15_6h_2	viral_read.count	0.00312203898142291	0.000729376326525117	0.233621787192642	cluster_1
UL50	L	6h	6	PK-15	PK-15_dcDNA_6h	LT934125.1	-	44912	PK-15_6h_3	0.00396330602066263	dcDNA	PK-15_6h_3	viral_read.count	0.00312203898142291	0.000729376326525117	0.233621787192642	cluster_1
UL50	L	8h	8	C6	C6_dcDNA_8h	LT934125.1	-	10124	C6_8h_1	0.00533386013433425	dcDNA	C6_8h_1	viral_read.count	0.00539708729252064	0.000343786655349479	0.0636985538154817	cluster_1
UL50	L	8h	8	C6	C6_dcDNA_8h	LT934125.1	-	10414	C6_8h_2	0.00508930286153255	dcDNA	C6_8h_2	viral_read.count	0.00539708729252064	0.000343786655349479	0.0636985538154817	cluster_1
UL50	L	8h	8	C6	C6_dcDNA_8h	LT934125.1	-	8495	C6_8h_3	0.00576809888169512	dcDNA	C6_8h_3	viral_read.count	0.00539708729252064	0.000343786655349479	0.0636985538154817	cluster_1
UL50	L	8h	8	PC-12	PC-12_dcDNA_8h	LT934125.1	-	14035	PC-12_8h_1	0.00228001425008906	dcDNA	PC-12_8h_1	viral_read.count	0.00184135882104045	0.000620352456969133	0.33689927779454	cluster_1
UL50	L	8h	8	PC-12	PC-12_dcDNA_8h	LT934125.1	-	15684	PC-12_8h_2	0.00140270339199184	dcDNA	PC-12_8h_2	viral_read.count	0.00184135882104045	0.000620352456969133	0.33689927779454	cluster_1
UL50	L	8h	8	PK-15	PK-15_dcDNA_8h	LT934125.1	-	69419	PK-15_8h_1	0.00249211311024359	dcDNA	PK-15_8h_1	viral_read.count	0.0023395270686757	0.000273528183148416	0.116916015553198	cluster_1
UL50	L	8h	8	PK-15	PK-15_dcDNA_8h	LT934125.1	-	74319	PK-15_8h_2	0.00250272474064506	dcDNA	PK-15_8h_2	viral_read.count	0.0023395270686757	0.000273528183148416	0.116916015553198	cluster_1
UL50	L	8h	8	PK-15	PK-15_dcDNA_8h	LT934125.1	-	70167	PK-15_8h_3	0.00202374335513846	dcDNA	PK-15_8h_3	viral_read.count	0.0023395270686757	0.000273528183148416	0.116916015553198	cluster_1
UL51	L	""		C6	C6_dRNA	LT934125.1	+	3	C6_dRNA	0	dcDNA	C6_dRNA	viral_read.count	0			cluster_1
UL51	L	""		PC-12	PC-12_dRNA	LT934125.1	+	20	PC-12_dRNA	0	dcDNA	PC-12_dRNA	viral_read.count	0			cluster_1
UL51	L	""		PK-15	PK-15_dRNA	LT934125.1	+	68	PK-15_dRNA	0	dcDNA	PK-15_dRNA	viral_read.count	0			cluster_1
UL51	L	0.5h	0.5	PC-12	PC-12_dcDNA_0.5h	LT934125.1	+	13	PC-12_0.5h_1	0	dcDNA	PC-12_0.5h_1	viral_read.count	0	0		cluster_1
UL51	L	0.5h	0.5	PC-12	PC-12_dcDNA_0.5h	LT934125.1	+	13	PC-12_0.5h_2	0	dcDNA	PC-12_0.5h_2	viral_read.count	0	0		cluster_1
UL51	L	0.5h	0.5	PC-12	PC-12_dcDNA_0.5h	LT934125.1	+	2	PC-12_0.5h_3	0	dcDNA	PC-12_0.5h_3	viral_read.count	0	0		cluster_1
UL51	L	1.5h	1.5	PC-12	PC-12_dcDNA_1.5h	LT934125.1	+	138	PC-12_1.5h_1	0	dcDNA	PC-12_1.5h_1	viral_read.count	0.0043859649122807	0.00759671406828455	1.73205080756888	cluster_1
UL51	L	1.5h	1.5	PC-12	PC-12_dcDNA_1.5h	LT934125.1	+	129	PC-12_1.5h_2	0	dcDNA	PC-12_1.5h_2	viral_read.count	0.0043859649122807	0.00759671406828455	1.73205080756888	cluster_1
UL51	L	1.5h	1.5	PC-12	PC-12_dcDNA_1.5h	LT934125.1	+	152	PC-12_1.5h_3	0.0131578947368421	dcDNA	PC-12_1.5h_3	viral_read.count	0.0043859649122807	0.00759671406828455	1.73205080756888	cluster_1
UL51	L	12h	12	C6	C6_dcDNA_12h	LT934125.1	+	56266	C6_12h_1	0.00241709024988448	dcDNA	C6_12h_1	viral_read.count	0.00273780006132791	0.000326033092435185	0.119085793385894	cluster_1
UL51	L	12h	12	C6	C6_dcDNA_12h	LT934125.1	+	49131	C6_12h_2	0.00272740225112455	dcDNA	C6_12h_2	viral_read.count	0.00273780006132791	0.000326033092435185	0.119085793385894	cluster_1
UL51	L	12h	12	C6	C6_dcDNA_12h	LT934125.1	+	28023	C6_12h_3	0.0030689076829747	dcDNA	C6_12h_3	viral_read.count	0.00273780006132791	0.000326033092435185	0.119085793385894	cluster_1
UL51	L	12h	12	PC-12	PC-12_dcDNA_12h	LT934125.1	+	40118	PC-12_12h_1	0.00194426441996111	dcDNA	PC-12_12h_1	viral_read.count	0.00187926835884156	0.000512308195754919	0.27261045147949	cluster_1
UL51	L	12h	12	PC-12	PC-12_dcDNA_12h	LT934125.1	+	64296	PC-12_12h_2	0.00133756376757497	dcDNA	PC-12_12h_2	viral_read.count	0.00187926835884156	0.000512308195754919	0.27261045147949	cluster_1
UL51	L	12h	12	PC-12	PC-12_dcDNA_12h	LT934125.1	+	35654	PC-12_12h_3	0.00235597688898861	dcDNA	PC-12_12h_3	viral_read.count	0.00187926835884156	0.000512308195754919	0.27261045147949	cluster_1
UL51	L	12h	12	PK-15	PK-15_dcDNA_12h	LT934125.1	+	137055	PK-15_12h_1	0.000627485316113969	dcDNA	PK-15_12h_1	viral_read.count	0.000711227142286443	0.000194028819238974	0.27280851320608	cluster_1
UL51	L	12h	12	PK-15	PK-15_dcDNA_12h	LT934125.1	+	155287	PK-15_12h_2	0.000573132329171148	dcDNA	PK-15_12h_2	viral_read.count	0.000711227142286443	0.000194028819238974	0.27280851320608	cluster_1
UL51	L	12h	12	PK-15	PK-15_dcDNA_12h	LT934125.1	+	135039	PK-15_12h_3	0.000933063781574212	dcDNA	PK-15_12h_3	viral_read.count	0.000711227142286443	0.000194028819238974	0.27280851320608	cluster_1
UL51	L	1h	1	C6	C6_dcDNA_1h	LT934125.1	+	246	C6_1h_1	0.0040650406504065	dcDNA	C6_1h_1	viral_read.count	0.00413279132791328	0.00416707976007636	1.00829667637258	cluster_1
UL51	L	1h	1	C6	C6_dcDNA_1h	LT934125.1	+	240	C6_1h_2	0.00833333333333333	dcDNA	C6_1h_2	viral_read.count	0.00413279132791328	0.00416707976007636	1.00829667637258	cluster_1
UL51	L	1h	1	C6	C6_dcDNA_1h	LT934125.1	+	102	C6_1h_3	0	dcDNA	C6_1h_3	viral_read.count	0.00413279132791328	0.00416707976007636	1.00829667637258	cluster_1
UL51	L	1h	1	NRK	NRK_dcDNA_1h	LT934125.1	+	25	NRK_1h_1	0	dcDNA	NRK_1h_1	viral_read.count	0	0		cluster_1
UL51	L	1h	1	NRK	NRK_dcDNA_1h	LT934125.1	+	54	NRK_1h_2	0	dcDNA	NRK_1h_2	viral_read.count	0	0		cluster_1
UL51	L	1h	1	NRK	NRK_dcDNA_1h	LT934125.1	+	20	NRK_1h_3	0	dcDNA	NRK_1h_3	viral_read.count	0	0		cluster_1
UL51	L	1h	1	PC-12	PC-12_dcDNA_1h	LT934125.1	+	154	PC-12_1h_1	0	dcDNA	PC-12_1h_1	viral_read.count	0.00421940928270043	0.0073082312555649	1.73205080756888	cluster_1
UL51	L	1h	1	PC-12	PC-12_dcDNA_1h	LT934125.1	+	93	PC-12_1h_2	0	dcDNA	PC-12_1h_2	viral_read.count	0.00421940928270043	0.0073082312555649	1.73205080756888	cluster_1
UL51	L	1h	1	PC-12	PC-12_dcDNA_1h	LT934125.1	+	158	PC-12_1h_3	0.0126582278481013	dcDNA	PC-12_1h_3	viral_read.count	0.00421940928270043	0.0073082312555649	1.73205080756888	cluster_1
UL51	L	1h	1	PK-15	PK-15_dcDNA_1h	LT934125.1	+	129	PK-15_1h_1	0.00775193798449612	dcDNA	PK-15_1h_1	viral_read.count	0.00258397932816537	0.00447558348209012	1.73205080756888	cluster_1
UL51	L	1h	1	PK-15	PK-15_dcDNA_1h	LT934125.1	+	76	PK-15_1h_2	0	dcDNA	PK-15_1h_2	viral_read.count	0.00258397932816537	0.00447558348209012	1.73205080756888	cluster_1
UL51	L	1h	1	PK-15	PK-15_dcDNA_1h	LT934125.1	+	52	PK-15_1h_3	0	dcDNA	PK-15_1h_3	viral_read.count	0.00258397932816537	0.00447558348209012	1.73205080756888	cluster_1
UL51	L	2.5h	2.5	PC-12	PC-12_dcDNA_2.5h	LT934125.1	+	478	PC-12_2.5h_1	0	dcDNA	PC-12_2.5h_1	viral_read.count	0.00122324159021407	0.00211871658418211	1.73205080756888	cluster_1
UL51	L	2.5h	2.5	PC-12	PC-12_dcDNA_2.5h	LT934125.1	+	231	PC-12_2.5h_2	0	dcDNA	PC-12_2.5h_2	viral_read.count	0.00122324159021407	0.00211871658418211	1.73205080756888	cluster_1
UL51	L	2.5h	2.5	PC-12	PC-12_dcDNA_2.5h	LT934125.1	+	545	PC-12_2.5h_3	0.0036697247706422	dcDNA	PC-12_2.5h_3	viral_read.count	0.00122324159021407	0.00211871658418211	1.73205080756888	cluster_1
UL51	L	2h	2	C6	C6_dcDNA_2h	LT934125.1	+	243	C6_2h_1	0.00411522633744856	dcDNA	C6_2h_1	viral_read.count	0.00419436530547642	0.000111919401897203	0.0266832747617558	cluster_1
UL51	L	2h	2	C6	C6_dcDNA_2h	LT934125.1	+	468	C6_2h_2	0.00427350427350427	dcDNA	C6_2h_2	viral_read.count	0.00419436530547642	0.000111919401897203	0.0266832747617558	cluster_1
UL51	L	2h	2	NRK	NRK_dcDNA_2h	LT934125.1	+	99	NRK_2h_1	0	dcDNA	NRK_2h_1	viral_read.count	0.00273224043715847	0.00473237925565267	1.73205080756888	cluster_1
UL51	L	2h	2	NRK	NRK_dcDNA_2h	LT934125.1	+	71	NRK_2h_2	0	dcDNA	NRK_2h_2	viral_read.count	0.00273224043715847	0.00473237925565267	1.73205080756888	cluster_1
UL51	L	2h	2	NRK	NRK_dcDNA_2h	LT934125.1	+	122	NRK_2h_3	0.00819672131147541	dcDNA	NRK_2h_3	viral_read.count	0.00273224043715847	0.00473237925565267	1.73205080756888	cluster_1
UL51	L	2h	2	PC-12	PC-12_dcDNA_2h	LT934125.1	+	439	PC-12_2h_1	0.00227790432801822	dcDNA	PC-12_2h_1	viral_read.count	0.00473544458382581	0.00633257334811828	1.33727113389682	cluster_1
UL51	L	2h	2	PC-12	PC-12_dcDNA_2h	LT934125.1	+	399	PC-12_2h_2	0	dcDNA	PC-12_2h_2	viral_read.count	0.00473544458382581	0.00633257334811828	1.33727113389682	cluster_1
UL51	L	2h	2	PC-12	PC-12_dcDNA_2h	LT934125.1	+	503	PC-12_2h_3	0.0119284294234592	dcDNA	PC-12_2h_3	viral_read.count	0.00473544458382581	0.00633257334811828	1.33727113389682	cluster_1
UL51	L	2h	2	PK-15	PK-15_dcDNA_2h	LT934125.1	+	482	PK-15_2h_1	0.0020746887966805	dcDNA	PK-15_2h_1	viral_read.count	0.00356424998570485	0.0033561932848327	0.941626793376839	cluster_1
UL51	L	2h	2	PK-15	PK-15_dcDNA_2h	LT934125.1	+	405	PK-15_2h_2	0.00740740740740741	dcDNA	PK-15_2h_2	viral_read.count	0.00356424998570485	0.0033561932848327	0.941626793376839	cluster_1
UL51	L	2h	2	PK-15	PK-15_dcDNA_2h	LT934125.1	+	1652	PK-15_2h_3	0.00121065375302663	dcDNA	PK-15_2h_3	viral_read.count	0.00356424998570485	0.0033561932848327	0.941626793376839	cluster_1
UL51	L	4h	4	C6	C6_dcDNA_4h	LT934125.1	+	680	C6_4h_1	0.00735294117647059	dcDNA	C6_4h_1	viral_read.count	0.0049770824080548	0.00213883464869846	0.429736635511	cluster_1
UL51	L	4h	4	C6	C6_dcDNA_4h	LT934125.1	+	686	C6_4h_2	0.0043731778425656	dcDNA	C6_4h_2	viral_read.count	0.0049770824080548	0.00213883464869846	0.429736635511	cluster_1
UL51	L	4h	4	C6	C6_dcDNA_4h	LT934125.1	+	312	C6_4h_3	0.00320512820512821	dcDNA	C6_4h_3	viral_read.count	0.0049770824080548	0.00213883464869846	0.429736635511	cluster_1
UL51	L	4h	4	PC-12	PC-12_dcDNA_4h	LT934125.1	+	2800	PC-12_4h_1	0.00464285714285714	dcDNA	PC-12_4h_1	viral_read.count	0.00561830235728767	0.00178361329094829	0.317464810101349	cluster_1
UL51	L	4h	4	PC-12	PC-12_dcDNA_4h	LT934125.1	+	2646	PC-12_4h_2	0.00453514739229025	dcDNA	PC-12_4h_2	viral_read.count	0.00561830235728767	0.00178361329094829	0.317464810101349	cluster_1
UL51	L	4h	4	PC-12	PC-12_dcDNA_4h	LT934125.1	+	2996	PC-12_4h_3	0.00767690253671562	dcDNA	PC-12_4h_3	viral_read.count	0.00561830235728767	0.00178361329094829	0.317464810101349	cluster_1
UL51	L	4h	4	PK-15	PK-15_dcDNA_4h	LT934125.1	+	7826	PK-15_4h_1	0.0136723741374904	dcDNA	PK-15_4h_1	viral_read.count	0.0116150226846162	0.00256284635042683	0.220649276373886	cluster_1
UL51	L	4h	4	PK-15	PK-15_dcDNA_4h	LT934125.1	+	8046	PK-15_4h_2	0.0124285359184688	dcDNA	PK-15_4h_2	viral_read.count	0.0116150226846162	0.00256284635042683	0.220649276373886	cluster_1
UL51	L	4h	4	PK-15	PK-15_dcDNA_4h	LT934125.1	+	6633	PK-15_4h_3	0.00874415799788934	dcDNA	PK-15_4h_3	viral_read.count	0.0116150226846162	0.00256284635042683	0.220649276373886	cluster_1
UL51	L	6h	6	C6	C6_dcDNA_6h	LT934125.1	+	2759	C6_6h_1	0.00471185212033345	dcDNA	C6_6h_1	viral_read.count	0.0034904753849436	0.00125461613814917	0.359439904249444	cluster_1
UL51	L	6h	6	C6	C6_dcDNA_6h	LT934125.1	+	4220	C6_6h_2	0.00355450236966825	dcDNA	C6_6h_2	viral_read.count	0.0034904753849436	0.00125461613814917	0.359439904249444	cluster_1
UL51	L	6h	6	C6	C6_dcDNA_6h	LT934125.1	+	3628	C6_6h_3	0.00220507166482911	dcDNA	C6_6h_3	viral_read.count	0.0034904753849436	0.00125461613814917	0.359439904249444	cluster_1
UL51	L	6h	6	PC-12	PC-12_dcDNA_6h	LT934125.1	+	7517	PC-12_6h_1	0.00305973127577491	dcDNA	PC-12_6h_1	viral_read.count	0.00395843164691961	0.000811096295225672	0.204903448530393	cluster_1
UL51	L	6h	6	PC-12	PC-12_dcDNA_6h	LT934125.1	+	13589	PC-12_6h_2	0.00463610273014939	dcDNA	PC-12_6h_2	viral_read.count	0.00395843164691961	0.000811096295225672	0.204903448530393	cluster_1
UL51	L	6h	6	PC-12	PC-12_dcDNA_6h	LT934125.1	+	11724	PC-12_6h_3	0.00417946093483453	dcDNA	PC-12_6h_3	viral_read.count	0.00395843164691961	0.000811096295225672	0.204903448530393	cluster_1
UL51	L	6h	6	PK-15	PK-15_dcDNA_6h	LT934125.1	+	37872	PK-15_6h_1	0.00522813688212928	dcDNA	PK-15_6h_1	viral_read.count	0.00486011475126084	0.000461869156083656	0.0950325619294968	cluster_1
UL51	L	6h	6	PK-15	PK-15_dcDNA_6h	LT934125.1	+	30337	PK-15_6h_2	0.00501038336025316	dcDNA	PK-15_6h_2	viral_read.count	0.00486011475126084	0.000461869156083656	0.0950325619294968	cluster_1
UL51	L	6h	6	PK-15	PK-15_dcDNA_6h	LT934125.1	+	44912	PK-15_6h_3	0.00434182401140007	dcDNA	PK-15_6h_3	viral_read.count	0.00486011475126084	0.000461869156083656	0.0950325619294968	cluster_1
UL51	L	8h	8	C6	C6_dcDNA_8h	LT934125.1	+	10124	C6_8h_1	0.00434610825760569	dcDNA	C6_8h_1	viral_read.count	0.00409621559528148	0.00111179780249492	0.271420723991096	cluster_1
UL51	L	8h	8	C6	C6_dcDNA_8h	LT934125.1	+	10414	C6_8h_2	0.00288073746879201	dcDNA	C6_8h_2	viral_read.count	0.00409621559528148	0.00111179780249492	0.271420723991096	cluster_1
UL51	L	8h	8	C6	C6_dcDNA_8h	LT934125.1	+	8495	C6_8h_3	0.00506180105944673	dcDNA	C6_8h_3	viral_read.count	0.00409621559528148	0.00111179780249492	0.271420723991096	cluster_1
UL51	L	8h	8	PC-12	PC-12_dcDNA_8h	LT934125.1	+	14035	PC-12_8h_1	0.00391877449234058	dcDNA	PC-12_8h_1	viral_read.count	0.00285201667743783	0.00150862336960296	0.528967232743629	cluster_1
UL51	L	8h	8	PC-12	PC-12_dcDNA_8h	LT934125.1	+	15684	PC-12_8h_2	0.00178525886253507	dcDNA	PC-12_8h_2	viral_read.count	0.00285201667743783	0.00150862336960296	0.528967232743629	cluster_1
UL51	L	8h	8	PK-15	PK-15_dcDNA_8h	LT934125.1	+	69419	PK-15_8h_1	0.00254973422261917	dcDNA	PK-15_8h_1	viral_read.count	0.00293883460233002	0.00073888364547965	0.251420629420191	cluster_1
UL51	L	8h	8	PK-15	PK-15_dcDNA_8h	LT934125.1	+	74319	PK-15_8h_2	0.00247581372192844	dcDNA	PK-15_8h_2	viral_read.count	0.00293883460233002	0.00073888364547965	0.251420629420191	cluster_1
UL51	L	8h	8	PK-15	PK-15_dcDNA_8h	LT934125.1	+	70167	PK-15_8h_3	0.00379095586244246	dcDNA	PK-15_8h_3	viral_read.count	0.00293883460233002	0.00073888364547965	0.251420629420191	cluster_1
UL52	E	""		C6	C6_dRNA	LT934125.1	-	3	C6_dRNA	0	dcDNA	C6_dRNA	viral_read.count	0			cluster_1
UL52	E	""		PC-12	PC-12_dRNA	LT934125.1	-	20	PC-12_dRNA	0	dcDNA	PC-12_dRNA	viral_read.count	0			cluster_1
UL52	E	""		PK-15	PK-15_dRNA	LT934125.1	-	68	PK-15_dRNA	0	dcDNA	PK-15_dRNA	viral_read.count	0			cluster_1
UL52	E	0.5h	0.5	PC-12	PC-12_dcDNA_0.5h	LT934125.1	-	13	PC-12_0.5h_1	0	dcDNA	PC-12_0.5h_1	viral_read.count	0	0		cluster_1
UL52	E	0.5h	0.5	PC-12	PC-12_dcDNA_0.5h	LT934125.1	-	13	PC-12_0.5h_2	0	dcDNA	PC-12_0.5h_2	viral_read.count	0	0		cluster_1
UL52	E	0.5h	0.5	PC-12	PC-12_dcDNA_0.5h	LT934125.1	-	2	PC-12_0.5h_3	0	dcDNA	PC-12_0.5h_3	viral_read.count	0	0		cluster_1
UL52	E	1.5h	1.5	PC-12	PC-12_dcDNA_1.5h	LT934125.1	-	138	PC-12_1.5h_1	0	dcDNA	PC-12_1.5h_1	viral_read.count	0	0		cluster_1
UL52	E	1.5h	1.5	PC-12	PC-12_dcDNA_1.5h	LT934125.1	-	129	PC-12_1.5h_2	0	dcDNA	PC-12_1.5h_2	viral_read.count	0	0		cluster_1
UL52	E	1.5h	1.5	PC-12	PC-12_dcDNA_1.5h	LT934125.1	-	152	PC-12_1.5h_3	0	dcDNA	PC-12_1.5h_3	viral_read.count	0	0		cluster_1
UL52	E	12h	12	C6	C6_dcDNA_12h	LT934125.1	-	56266	C6_12h_1	7.10908897024846e-05	dcDNA	C6_12h_1	viral_read.count	0.000117094831901771	5.52839251694822e-05	0.472129506243785	cluster_1
UL52	E	12h	12	C6	C6_dcDNA_12h	LT934125.1	-	49131	C6_12h_2	0.000101768740713602	dcDNA	C6_12h_2	viral_read.count	0.000117094831901771	5.52839251694822e-05	0.472129506243785	cluster_1
UL52	E	12h	12	C6	C6_dcDNA_12h	LT934125.1	-	28023	C6_12h_3	0.000178424865289227	dcDNA	C6_12h_3	viral_read.count	0.000117094831901771	5.52839251694822e-05	0.472129506243785	cluster_1
UL52	E	12h	12	PC-12	PC-12_dcDNA_12h	LT934125.1	-	40118	PC-12_12h_1	2.49264669225784e-05	dcDNA	PC-12_12h_1	viral_read.count	2.90462450606264e-05	3.1310078400123e-05	1.07793893271821	cluster_1
UL52	E	12h	12	PC-12	PC-12_dcDNA_12h	LT934125.1	-	64296	PC-12_12h_2	6.22122682593007e-05	dcDNA	PC-12_12h_2	viral_read.count	2.90462450606264e-05	3.1310078400123e-05	1.07793893271821	cluster_1
UL52	E	12h	12	PC-12	PC-12_dcDNA_12h	LT934125.1	-	35654	PC-12_12h_3	0	dcDNA	PC-12_12h_3	viral_read.count	2.90462450606264e-05	3.1310078400123e-05	1.07793893271821	cluster_1
UL52	E	12h	12	PK-15	PK-15_dcDNA_12h	LT934125.1	-	137055	PK-15_12h_1	7.29634088504615e-06	dcDNA	PK-15_12h_1	viral_read.count	9.51552206410683e-06	4.60557751221446e-06	0.484006813413527	cluster_1
UL52	E	12h	12	PK-15	PK-15_dcDNA_12h	LT934125.1	-	155287	PK-15_12h_2	6.43968909181065e-06	dcDNA	PK-15_12h_2	viral_read.count	9.51552206410683e-06	4.60557751221446e-06	0.484006813413527	cluster_1
UL52	E	12h	12	PK-15	PK-15_dcDNA_12h	LT934125.1	-	135039	PK-15_12h_3	1.48105362154637e-05	dcDNA	PK-15_12h_3	viral_read.count	9.51552206410683e-06	4.60557751221446e-06	0.484006813413527	cluster_1
UL52	E	1h	1	C6	C6_dcDNA_1h	LT934125.1	-	246	C6_1h_1	0	dcDNA	C6_1h_1	viral_read.count	0	0		cluster_1
UL52	E	1h	1	C6	C6_dcDNA_1h	LT934125.1	-	240	C6_1h_2	0	dcDNA	C6_1h_2	viral_read.count	0	0		cluster_1
UL52	E	1h	1	C6	C6_dcDNA_1h	LT934125.1	-	102	C6_1h_3	0	dcDNA	C6_1h_3	viral_read.count	0	0		cluster_1
UL52	E	1h	1	NRK	NRK_dcDNA_1h	LT934125.1	-	25	NRK_1h_1	0	dcDNA	NRK_1h_1	viral_read.count	0	0		cluster_1
UL52	E	1h	1	NRK	NRK_dcDNA_1h	LT934125.1	-	54	NRK_1h_2	0	dcDNA	NRK_1h_2	viral_read.count	0	0		cluster_1
UL52	E	1h	1	NRK	NRK_dcDNA_1h	LT934125.1	-	20	NRK_1h_3	0	dcDNA	NRK_1h_3	viral_read.count	0	0		cluster_1
UL52	E	1h	1	PC-12	PC-12_dcDNA_1h	LT934125.1	-	154	PC-12_1h_1	0	dcDNA	PC-12_1h_1	viral_read.count	0	0		cluster_1
UL52	E	1h	1	PC-12	PC-12_dcDNA_1h	LT934125.1	-	93	PC-12_1h_2	0	dcDNA	PC-12_1h_2	viral_read.count	0	0		cluster_1
UL52	E	1h	1	PC-12	PC-12_dcDNA_1h	LT934125.1	-	158	PC-12_1h_3	0	dcDNA	PC-12_1h_3	viral_read.count	0	0		cluster_1
UL52	E	1h	1	PK-15	PK-15_dcDNA_1h	LT934125.1	-	129	PK-15_1h_1	0.00775193798449612	dcDNA	PK-15_1h_1	viral_read.count	0.00258397932816537	0.00447558348209012	1.73205080756888	cluster_1
UL52	E	1h	1	PK-15	PK-15_dcDNA_1h	LT934125.1	-	76	PK-15_1h_2	0	dcDNA	PK-15_1h_2	viral_read.count	0.00258397932816537	0.00447558348209012	1.73205080756888	cluster_1
UL52	E	1h	1	PK-15	PK-15_dcDNA_1h	LT934125.1	-	52	PK-15_1h_3	0	dcDNA	PK-15_1h_3	viral_read.count	0.00258397932816537	0.00447558348209012	1.73205080756888	cluster_1
UL52	E	2.5h	2.5	PC-12	PC-12_dcDNA_2.5h	LT934125.1	-	478	PC-12_2.5h_1	0	dcDNA	PC-12_2.5h_1	viral_read.count	0	0		cluster_1
UL52	E	2.5h	2.5	PC-12	PC-12_dcDNA_2.5h	LT934125.1	-	231	PC-12_2.5h_2	0	dcDNA	PC-12_2.5h_2	viral_read.count	0	0		cluster_1
UL52	E	2.5h	2.5	PC-12	PC-12_dcDNA_2.5h	LT934125.1	-	545	PC-12_2.5h_3	0	dcDNA	PC-12_2.5h_3	viral_read.count	0	0		cluster_1
UL52	E	2h	2	C6	C6_dcDNA_2h	LT934125.1	-	243	C6_2h_1	0.00411522633744856	dcDNA	C6_2h_1	viral_read.count	0.00205761316872428	0.00290990444932736	1.4142135623731	cluster_1
UL52	E	2h	2	C6	C6_dcDNA_2h	LT934125.1	-	468	C6_2h_2	0	dcDNA	C6_2h_2	viral_read.count	0.00205761316872428	0.00290990444932736	1.4142135623731	cluster_1
UL52	E	2h	2	NRK	NRK_dcDNA_2h	LT934125.1	-	99	NRK_2h_1	0	dcDNA	NRK_2h_1	viral_read.count	0	0		cluster_1
UL52	E	2h	2	NRK	NRK_dcDNA_2h	LT934125.1	-	71	NRK_2h_2	0	dcDNA	NRK_2h_2	viral_read.count	0	0		cluster_1
UL52	E	2h	2	NRK	NRK_dcDNA_2h	LT934125.1	-	122	NRK_2h_3	0	dcDNA	NRK_2h_3	viral_read.count	0	0		cluster_1
UL52	E	2h	2	PC-12	PC-12_dcDNA_2h	LT934125.1	-	439	PC-12_2h_1	0	dcDNA	PC-12_2h_1	viral_read.count	0	0		cluster_1
UL52	E	2h	2	PC-12	PC-12_dcDNA_2h	LT934125.1	-	399	PC-12_2h_2	0	dcDNA	PC-12_2h_2	viral_read.count	0	0		cluster_1
UL52	E	2h	2	PC-12	PC-12_dcDNA_2h	LT934125.1	-	503	PC-12_2h_3	0	dcDNA	PC-12_2h_3	viral_read.count	0	0		cluster_1
UL52	E	2h	2	PK-15	PK-15_dcDNA_2h	LT934125.1	-	482	PK-15_2h_1	0	dcDNA	PK-15_2h_1	viral_read.count	0.000823045267489713	0.0014255562202213	1.73205080756888	cluster_1
UL52	E	2h	2	PK-15	PK-15_dcDNA_2h	LT934125.1	-	405	PK-15_2h_2	0.00246913580246914	dcDNA	PK-15_2h_2	viral_read.count	0.000823045267489713	0.0014255562202213	1.73205080756888	cluster_1
UL52	E	2h	2	PK-15	PK-15_dcDNA_2h	LT934125.1	-	1652	PK-15_2h_3	0	dcDNA	PK-15_2h_3	viral_read.count	0.000823045267489713	0.0014255562202213	1.73205080756888	cluster_1
UL52	E	4h	4	C6	C6_dcDNA_4h	LT934125.1	-	680	C6_4h_1	0	dcDNA	C6_4h_1	viral_read.count	0	0		cluster_1
UL52	E	4h	4	C6	C6_dcDNA_4h	LT934125.1	-	686	C6_4h_2	0	dcDNA	C6_4h_2	viral_read.count	0	0		cluster_1
UL52	E	4h	4	C6	C6_dcDNA_4h	LT934125.1	-	312	C6_4h_3	0	dcDNA	C6_4h_3	viral_read.count	0	0		cluster_1
UL52	E	4h	4	PC-12	PC-12_dcDNA_4h	LT934125.1	-	2800	PC-12_4h_1	0	dcDNA	PC-12_4h_1	viral_read.count	0	0		cluster_1
UL52	E	4h	4	PC-12	PC-12_dcDNA_4h	LT934125.1	-	2646	PC-12_4h_2	0	dcDNA	PC-12_4h_2	viral_read.count	0	0		cluster_1
UL52	E	4h	4	PC-12	PC-12_dcDNA_4h	LT934125.1	-	2996	PC-12_4h_3	0	dcDNA	PC-12_4h_3	viral_read.count	0	0		cluster_1
UL52	E	4h	4	PK-15	PK-15_dcDNA_4h	LT934125.1	-	7826	PK-15_4h_1	0	dcDNA	PK-15_4h_1	viral_read.count	0.000150761344791196	0.00026112630899576	1.73205080756888	cluster_1
UL52	E	4h	4	PK-15	PK-15_dcDNA_4h	LT934125.1	-	8046	PK-15_4h_2	0	dcDNA	PK-15_4h_2	viral_read.count	0.000150761344791196	0.00026112630899576	1.73205080756888	cluster_1
UL52	E	4h	4	PK-15	PK-15_dcDNA_4h	LT934125.1	-	6633	PK-15_4h_3	0.000452284034373587	dcDNA	PK-15_4h_3	viral_read.count	0.000150761344791196	0.00026112630899576	1.73205080756888	cluster_1
UL52	E	6h	6	C6	C6_dcDNA_6h	LT934125.1	-	2759	C6_6h_1	0	dcDNA	C6_6h_1	viral_read.count	9.1877986034546e-05	0.000159137339908937	1.73205080756888	cluster_1
UL52	E	6h	6	C6	C6_dcDNA_6h	LT934125.1	-	4220	C6_6h_2	0	dcDNA	C6_6h_2	viral_read.count	9.1877986034546e-05	0.000159137339908937	1.73205080756888	cluster_1
UL52	E	6h	6	C6	C6_dcDNA_6h	LT934125.1	-	3628	C6_6h_3	0.000275633958103638	dcDNA	C6_6h_3	viral_read.count	9.1877986034546e-05	0.000159137339908937	1.73205080756888	cluster_1
UL52	E	6h	6	PC-12	PC-12_dcDNA_6h	LT934125.1	-	7517	PC-12_6h_1	0.000133031794598909	dcDNA	PC-12_6h_1	viral_read.count	7.27756385726603e-05	6.73937510157582e-05	0.926048226268344	cluster_1
UL52	E	6h	6	PC-12	PC-12_dcDNA_6h	LT934125.1	-	13589	PC-12_6h_2	0	dcDNA	PC-12_6h_2	viral_read.count	7.27756385726603e-05	6.73937510157582e-05	0.926048226268344	cluster_1
UL52	E	6h	6	PC-12	PC-12_dcDNA_6h	LT934125.1	-	11724	PC-12_6h_3	8.5295121119072e-05	dcDNA	PC-12_6h_3	viral_read.count	7.27756385726603e-05	6.73937510157582e-05	0.926048226268344	cluster_1
UL52	E	6h	6	PK-15	PK-15_dcDNA_6h	LT934125.1	-	37872	PK-15_6h_1	2.64047317279256e-05	dcDNA	PK-15_6h_1	viral_read.count	5.66084684393773e-05	3.7721173278622e-05	0.666352125725111	cluster_1
UL52	E	6h	6	PK-15	PK-15_dcDNA_6h	LT934125.1	-	30337	PK-15_6h_2	9.88891452681544e-05	dcDNA	PK-15_6h_2	viral_read.count	5.66084684393773e-05	3.7721173278622e-05	0.666352125725111	cluster_1
UL52	E	6h	6	PK-15	PK-15_dcDNA_6h	LT934125.1	-	44912	PK-15_6h_3	4.4531528322052e-05	dcDNA	PK-15_6h_3	viral_read.count	5.66084684393773e-05	3.7721173278622e-05	0.666352125725111	cluster_1
UL52	E	8h	8	C6	C6_dcDNA_8h	LT934125.1	-	10124	C6_8h_1	0	dcDNA	C6_8h_1	viral_read.count	3.2008194097689e-05	5.54398184357236e-05	1.73205080756888	cluster_1
UL52	E	8h	8	C6	C6_dcDNA_8h	LT934125.1	-	10414	C6_8h_2	9.6024582293067e-05	dcDNA	C6_8h_2	viral_read.count	3.2008194097689e-05	5.54398184357236e-05	1.73205080756888	cluster_1
UL52	E	8h	8	C6	C6_dcDNA_8h	LT934125.1	-	8495	C6_8h_3	0	dcDNA	C6_8h_3	viral_read.count	3.2008194097689e-05	5.54398184357236e-05	1.73205080756888	cluster_1
UL52	E	8h	8	PC-12	PC-12_dcDNA_8h	LT934125.1	-	14035	PC-12_8h_1	7.12504453152832e-05	dcDNA	PC-12_8h_1	viral_read.count	0.000163143712838718	0.000129956705222421	0.796578078070924	cluster_1
UL52	E	8h	8	PC-12	PC-12_dcDNA_8h	LT934125.1	-	15684	PC-12_8h_2	0.000255036980362153	dcDNA	PC-12_8h_2	viral_read.count	0.000163143712838718	0.000129956705222421	0.796578078070924	cluster_1
UL52	E	8h	8	PK-15	PK-15_dcDNA_8h	LT934125.1	-	69419	PK-15_8h_1	5.76211123755744e-05	dcDNA	PK-15_8h_1	viral_read.count	5.6150001627708e-05	2.03933591546968e-06	0.0363194275396662	cluster_1
UL52	E	8h	8	PK-15	PK-15_dcDNA_8h	LT934125.1	-	74319	PK-15_8h_2	5.3822037433227e-05	dcDNA	PK-15_8h_2	viral_read.count	5.6150001627708e-05	2.03933591546968e-06	0.0363194275396662	cluster_1
UL52	E	8h	8	PK-15	PK-15_dcDNA_8h	LT934125.1	-	70167	PK-15_8h_3	5.70068550743227e-05	dcDNA	PK-15_8h_3	viral_read.count	5.6150001627708e-05	2.03933591546968e-06	0.0363194275396662	cluster_1
UL53	L	""		C6	C6_dRNA	LT934125.1	-	3	C6_dRNA	0	dcDNA	C6_dRNA	viral_read.count	0			cluster_1
UL53	L	""		PC-12	PC-12_dRNA	LT934125.1	-	20	PC-12_dRNA	0	dcDNA	PC-12_dRNA	viral_read.count	0			cluster_1
UL53	L	""		PK-15	PK-15_dRNA	LT934125.1	-	68	PK-15_dRNA	0	dcDNA	PK-15_dRNA	viral_read.count	0			cluster_1
UL53	L	0.5h	0.5	PC-12	PC-12_dcDNA_0.5h	LT934125.1	-	13	PC-12_0.5h_1	0	dcDNA	PC-12_0.5h_1	viral_read.count	0	0		cluster_1
UL53	L	0.5h	0.5	PC-12	PC-12_dcDNA_0.5h	LT934125.1	-	13	PC-12_0.5h_2	0	dcDNA	PC-12_0.5h_2	viral_read.count	0	0		cluster_1
UL53	L	0.5h	0.5	PC-12	PC-12_dcDNA_0.5h	LT934125.1	-	2	PC-12_0.5h_3	0	dcDNA	PC-12_0.5h_3	viral_read.count	0	0		cluster_1
UL53	L	1.5h	1.5	PC-12	PC-12_dcDNA_1.5h	LT934125.1	-	138	PC-12_1.5h_1	0	dcDNA	PC-12_1.5h_1	viral_read.count	0	0		cluster_1
UL53	L	1.5h	1.5	PC-12	PC-12_dcDNA_1.5h	LT934125.1	-	129	PC-12_1.5h_2	0	dcDNA	PC-12_1.5h_2	viral_read.count	0	0		cluster_1
UL53	L	1.5h	1.5	PC-12	PC-12_dcDNA_1.5h	LT934125.1	-	152	PC-12_1.5h_3	0	dcDNA	PC-12_1.5h_3	viral_read.count	0	0		cluster_1
UL53	L	12h	12	C6	C6_dcDNA_12h	LT934125.1	-	56266	C6_12h_1	0.000284363558809939	dcDNA	C6_12h_1	viral_read.count	0.00031894273773891	9.67391450131979e-05	0.303311954048597	cluster_1
UL53	L	12h	12	C6	C6_dcDNA_12h	LT934125.1	-	49131	C6_12h_2	0.000244244977712646	dcDNA	C6_12h_2	viral_read.count	0.00031894273773891	9.67391450131979e-05	0.303311954048597	cluster_1
UL53	L	12h	12	C6	C6_dcDNA_12h	LT934125.1	-	28023	C6_12h_3	0.000428219676694144	dcDNA	C6_12h_3	viral_read.count	0.00031894273773891	9.67391450131979e-05	0.303311954048597	cluster_1
UL53	L	12h	12	PC-12	PC-12_dcDNA_12h	LT934125.1	-	40118	PC-12_12h_1	0.000124632334612892	dcDNA	PC-12_12h_1	viral_read.count	0.000114211463173225	3.25132954953168e-05	0.28467628898164	cluster_1
UL53	L	12h	12	PC-12	PC-12_dcDNA_12h	LT934125.1	-	64296	PC-12_12h_2	7.77653353241259e-05	dcDNA	PC-12_12h_2	viral_read.count	0.000114211463173225	3.25132954953168e-05	0.28467628898164	cluster_1
UL53	L	12h	12	PC-12	PC-12_dcDNA_12h	LT934125.1	-	35654	PC-12_12h_3	0.000140236719582656	dcDNA	PC-12_12h_3	viral_read.count	0.000114211463173225	3.25132954953168e-05	0.28467628898164	cluster_1
UL53	L	12h	12	PK-15	PK-15_dcDNA_12h	LT934125.1	-	137055	PK-15_12h_1	0.000182408522126154	dcDNA	PK-15_12h_1	viral_read.count	0.000188413142877912	2.17258034918333e-05	0.115309384260477	cluster_1
UL53	L	12h	12	PK-15	PK-15_dcDNA_12h	LT934125.1	-	155287	PK-15_12h_2	0.000212509740029751	dcDNA	PK-15_12h_2	viral_read.count	0.000188413142877912	2.17258034918333e-05	0.115309384260477	cluster_1
UL53	L	12h	12	PK-15	PK-15_dcDNA_12h	LT934125.1	-	135039	PK-15_12h_3	0.000170321166477832	dcDNA	PK-15_12h_3	viral_read.count	0.000188413142877912	2.17258034918333e-05	0.115309384260477	cluster_1
UL53	L	1h	1	C6	C6_dcDNA_1h	LT934125.1	-	246	C6_1h_1	0	dcDNA	C6_1h_1	viral_read.count	0	0		cluster_1
UL53	L	1h	1	C6	C6_dcDNA_1h	LT934125.1	-	240	C6_1h_2	0	dcDNA	C6_1h_2	viral_read.count	0	0		cluster_1
UL53	L	1h	1	C6	C6_dcDNA_1h	LT934125.1	-	102	C6_1h_3	0	dcDNA	C6_1h_3	viral_read.count	0	0		cluster_1
UL53	L	1h	1	NRK	NRK_dcDNA_1h	LT934125.1	-	25	NRK_1h_1	0	dcDNA	NRK_1h_1	viral_read.count	0	0		cluster_1
UL53	L	1h	1	NRK	NRK_dcDNA_1h	LT934125.1	-	54	NRK_1h_2	0	dcDNA	NRK_1h_2	viral_read.count	0	0		cluster_1
UL53	L	1h	1	NRK	NRK_dcDNA_1h	LT934125.1	-	20	NRK_1h_3	0	dcDNA	NRK_1h_3	viral_read.count	0	0		cluster_1
UL53	L	1h	1	PC-12	PC-12_dcDNA_1h	LT934125.1	-	154	PC-12_1h_1	0	dcDNA	PC-12_1h_1	viral_read.count	0	0		cluster_1
UL53	L	1h	1	PC-12	PC-12_dcDNA_1h	LT934125.1	-	93	PC-12_1h_2	0	dcDNA	PC-12_1h_2	viral_read.count	0	0		cluster_1
UL53	L	1h	1	PC-12	PC-12_dcDNA_1h	LT934125.1	-	158	PC-12_1h_3	0	dcDNA	PC-12_1h_3	viral_read.count	0	0		cluster_1
UL53	L	1h	1	PK-15	PK-15_dcDNA_1h	LT934125.1	-	129	PK-15_1h_1	0	dcDNA	PK-15_1h_1	viral_read.count	0	0		cluster_1
UL53	L	1h	1	PK-15	PK-15_dcDNA_1h	LT934125.1	-	76	PK-15_1h_2	0	dcDNA	PK-15_1h_2	viral_read.count	0	0		cluster_1
UL53	L	1h	1	PK-15	PK-15_dcDNA_1h	LT934125.1	-	52	PK-15_1h_3	0	dcDNA	PK-15_1h_3	viral_read.count	0	0		cluster_1
UL53	L	2.5h	2.5	PC-12	PC-12_dcDNA_2.5h	LT934125.1	-	478	PC-12_2.5h_1	0	dcDNA	PC-12_2.5h_1	viral_read.count	0	0		cluster_1
UL53	L	2.5h	2.5	PC-12	PC-12_dcDNA_2.5h	LT934125.1	-	231	PC-12_2.5h_2	0	dcDNA	PC-12_2.5h_2	viral_read.count	0	0		cluster_1
UL53	L	2.5h	2.5	PC-12	PC-12_dcDNA_2.5h	LT934125.1	-	545	PC-12_2.5h_3	0	dcDNA	PC-12_2.5h_3	viral_read.count	0	0		cluster_1
UL53	L	2h	2	C6	C6_dcDNA_2h	LT934125.1	-	243	C6_2h_1	0	dcDNA	C6_2h_1	viral_read.count	0	0		cluster_1
UL53	L	2h	2	C6	C6_dcDNA_2h	LT934125.1	-	468	C6_2h_2	0	dcDNA	C6_2h_2	viral_read.count	0	0		cluster_1
UL53	L	2h	2	NRK	NRK_dcDNA_2h	LT934125.1	-	99	NRK_2h_1	0	dcDNA	NRK_2h_1	viral_read.count	0	0		cluster_1
UL53	L	2h	2	NRK	NRK_dcDNA_2h	LT934125.1	-	71	NRK_2h_2	0	dcDNA	NRK_2h_2	viral_read.count	0	0		cluster_1
UL53	L	2h	2	NRK	NRK_dcDNA_2h	LT934125.1	-	122	NRK_2h_3	0	dcDNA	NRK_2h_3	viral_read.count	0	0		cluster_1
UL53	L	2h	2	PC-12	PC-12_dcDNA_2h	LT934125.1	-	439	PC-12_2h_1	0	dcDNA	PC-12_2h_1	viral_read.count	0	0		cluster_1
UL53	L	2h	2	PC-12	PC-12_dcDNA_2h	LT934125.1	-	399	PC-12_2h_2	0	dcDNA	PC-12_2h_2	viral_read.count	0	0		cluster_1
UL53	L	2h	2	PC-12	PC-12_dcDNA_2h	LT934125.1	-	503	PC-12_2h_3	0	dcDNA	PC-12_2h_3	viral_read.count	0	0		cluster_1
UL53	L	2h	2	PK-15	PK-15_dcDNA_2h	LT934125.1	-	482	PK-15_2h_1	0	dcDNA	PK-15_2h_1	viral_read.count	0.000201775625504439	0.000349485635102679	1.73205080756888	cluster_1
UL53	L	2h	2	PK-15	PK-15_dcDNA_2h	LT934125.1	-	405	PK-15_2h_2	0	dcDNA	PK-15_2h_2	viral_read.count	0.000201775625504439	0.000349485635102679	1.73205080756888	cluster_1
UL53	L	2h	2	PK-15	PK-15_dcDNA_2h	LT934125.1	-	1652	PK-15_2h_3	0.000605326876513317	dcDNA	PK-15_2h_3	viral_read.count	0.000201775625504439	0.000349485635102679	1.73205080756888	cluster_1
UL53	L	4h	4	C6	C6_dcDNA_4h	LT934125.1	-	680	C6_4h_1	0	dcDNA	C6_4h_1	viral_read.count	0.00106837606837607	0.00185048163201803	1.73205080756888	cluster_1
UL53	L	4h	4	C6	C6_dcDNA_4h	LT934125.1	-	686	C6_4h_2	0	dcDNA	C6_4h_2	viral_read.count	0.00106837606837607	0.00185048163201803	1.73205080756888	cluster_1
UL53	L	4h	4	C6	C6_dcDNA_4h	LT934125.1	-	312	C6_4h_3	0.00320512820512821	dcDNA	C6_4h_3	viral_read.count	0.00106837606837607	0.00185048163201803	1.73205080756888	cluster_1
UL53	L	4h	4	PC-12	PC-12_dcDNA_4h	LT934125.1	-	2800	PC-12_4h_1	0	dcDNA	PC-12_4h_1	viral_read.count	0.00011125945705385	0.000192707032439795	1.73205080756888	cluster_1
UL53	L	4h	4	PC-12	PC-12_dcDNA_4h	LT934125.1	-	2646	PC-12_4h_2	0	dcDNA	PC-12_4h_2	viral_read.count	0.00011125945705385	0.000192707032439795	1.73205080756888	cluster_1
UL53	L	4h	4	PC-12	PC-12_dcDNA_4h	LT934125.1	-	2996	PC-12_4h_3	0.000333778371161549	dcDNA	PC-12_4h_3	viral_read.count	0.00011125945705385	0.000192707032439795	1.73205080756888	cluster_1
UL53	L	4h	4	PK-15	PK-15_dcDNA_4h	LT934125.1	-	7826	PK-15_4h_1	0	dcDNA	PK-15_4h_1	viral_read.count	0.000307649828501944	0.000310758703894875	1.01010524012989	cluster_1
UL53	L	4h	4	PK-15	PK-15_dcDNA_4h	LT934125.1	-	8046	PK-15_4h_2	0.00062142679592344	dcDNA	PK-15_4h_2	viral_read.count	0.000307649828501944	0.000310758703894875	1.01010524012989	cluster_1
UL53	L	4h	4	PK-15	PK-15_dcDNA_4h	LT934125.1	-	6633	PK-15_4h_3	0.000301522689582391	dcDNA	PK-15_4h_3	viral_read.count	0.000307649828501944	0.000310758703894875	1.01010524012989	cluster_1
UL53	L	6h	6	C6	C6_dcDNA_6h	LT934125.1	-	2759	C6_6h_1	0.00144980065241029	dcDNA	C6_6h_1	viral_read.count	0.000746011797754039	0.000629432568265377	0.843730045771879	cluster_1
UL53	L	6h	6	C6	C6_dcDNA_6h	LT934125.1	-	4220	C6_6h_2	0.00023696682464455	dcDNA	C6_6h_2	viral_read.count	0.000746011797754039	0.000629432568265377	0.843730045771879	cluster_1
UL53	L	6h	6	C6	C6_dcDNA_6h	LT934125.1	-	3628	C6_6h_3	0.000551267916207277	dcDNA	C6_6h_3	viral_read.count	0.000746011797754039	0.000629432568265377	0.843730045771879	cluster_1
UL53	L	6h	6	PC-12	PC-12_dcDNA_6h	LT934125.1	-	7517	PC-12_6h_1	0.000399095383796727	dcDNA	PC-12_6h_1	viral_read.count	0.000246758622757672	0.000215652260177749	0.873940119164666	cluster_1
UL53	L	6h	6	PC-12	PC-12_dcDNA_6h	LT934125.1	-	13589	PC-12_6h_2	0	dcDNA	PC-12_6h_2	viral_read.count	0.000246758622757672	0.000215652260177749	0.873940119164666	cluster_1
UL53	L	6h	6	PC-12	PC-12_dcDNA_6h	LT934125.1	-	11724	PC-12_6h_3	0.000341180484476288	dcDNA	PC-12_6h_3	viral_read.count	0.000246758622757672	0.000215652260177749	0.873940119164666	cluster_1
UL53	L	6h	6	PK-15	PK-15_dcDNA_6h	LT934125.1	-	37872	PK-15_6h_1	0.000528094634558513	dcDNA	PK-15_6h_1	viral_read.count	0.000404368716574823	0.000119563652330501	0.295679777959228	cluster_1
UL53	L	6h	6	PK-15	PK-15_dcDNA_6h	LT934125.1	-	30337	PK-15_6h_2	0.000395556581072618	dcDNA	PK-15_6h_2	viral_read.count	0.000404368716574823	0.000119563652330501	0.295679777959228	cluster_1
UL53	L	6h	6	PK-15	PK-15_dcDNA_6h	LT934125.1	-	44912	PK-15_6h_3	0.000289454934093338	dcDNA	PK-15_6h_3	viral_read.count	0.000404368716574823	0.000119563652330501	0.295679777959228	cluster_1
UL53	L	8h	8	C6	C6_dcDNA_8h	LT934125.1	-	10124	C6_8h_1	0.00029632556301857	dcDNA	C6_8h_1	viral_read.count	9.87751876728566e-05	0.000171083643576539	1.73205080756888	cluster_1
UL53	L	8h	8	C6	C6_dcDNA_8h	LT934125.1	-	10414	C6_8h_2	0	dcDNA	C6_8h_2	viral_read.count	9.87751876728566e-05	0.000171083643576539	1.73205080756888	cluster_1
UL53	L	8h	8	C6	C6_dcDNA_8h	LT934125.1	-	8495	C6_8h_3	0	dcDNA	C6_8h_3	viral_read.count	9.87751876728566e-05	0.000171083643576539	1.73205080756888	cluster_1
UL53	L	8h	8	PC-12	PC-12_dcDNA_8h	LT934125.1	-	14035	PC-12_8h_1	0.000285001781261133	dcDNA	PC-12_8h_1	viral_read.count	0.000270019380811643	2.11883139125735e-05	0.0784696041035433	cluster_1
UL53	L	8h	8	PC-12	PC-12_dcDNA_8h	LT934125.1	-	15684	PC-12_8h_2	0.000255036980362153	dcDNA	PC-12_8h_2	viral_read.count	0.000270019380811643	2.11883139125735e-05	0.0784696041035433	cluster_1
UL53	L	8h	8	PK-15	PK-15_dcDNA_8h	LT934125.1	-	69419	PK-15_8h_1	0.000403347786629021	dcDNA	PK-15_8h_1	viral_read.count	0.000389626447488219	7.42461653481258e-05	0.1905573038657	cluster_1
UL53	L	8h	8	PK-15	PK-15_dcDNA_8h	LT934125.1	-	74319	PK-15_8h_2	0.000309476715241055	dcDNA	PK-15_8h_2	viral_read.count	0.000389626447488219	7.42461653481258e-05	0.1905573038657	cluster_1
UL53	L	8h	8	PK-15	PK-15_dcDNA_8h	LT934125.1	-	70167	PK-15_8h_3	0.000456054840594582	dcDNA	PK-15_8h_3	viral_read.count	0.000389626447488219	7.42461653481258e-05	0.1905573038657	cluster_1
UL54	E	""		C6	C6_dRNA	LT934125.1	-	3	C6_dRNA	0	dcDNA	C6_dRNA	viral_read.count	0			cluster_1
UL54	E	""		PC-12	PC-12_dRNA	LT934125.1	-	20	PC-12_dRNA	0	dcDNA	PC-12_dRNA	viral_read.count	0			cluster_1
UL54	E	""		PK-15	PK-15_dRNA	LT934125.1	-	68	PK-15_dRNA	0	dcDNA	PK-15_dRNA	viral_read.count	0			cluster_1
UL54	E	0.5h	0.5	PC-12	PC-12_dcDNA_0.5h	LT934125.1	-	13	PC-12_0.5h_1	0	dcDNA	PC-12_0.5h_1	viral_read.count	0	0		cluster_1
UL54	E	0.5h	0.5	PC-12	PC-12_dcDNA_0.5h	LT934125.1	-	13	PC-12_0.5h_2	0	dcDNA	PC-12_0.5h_2	viral_read.count	0	0		cluster_1
UL54	E	0.5h	0.5	PC-12	PC-12_dcDNA_0.5h	LT934125.1	-	2	PC-12_0.5h_3	0	dcDNA	PC-12_0.5h_3	viral_read.count	0	0		cluster_1
UL54	E	1.5h	1.5	PC-12	PC-12_dcDNA_1.5h	LT934125.1	-	138	PC-12_1.5h_1	0.0144927536231884	dcDNA	PC-12_1.5h_1	viral_read.count	0.023938765011619	0.00851022774691557	0.355499865710909	cluster_1
UL54	E	1.5h	1.5	PC-12	PC-12_dcDNA_1.5h	LT934125.1	-	129	PC-12_1.5h_2	0.0310077519379845	dcDNA	PC-12_1.5h_2	viral_read.count	0.023938765011619	0.00851022774691557	0.355499865710909	cluster_1
UL54	E	1.5h	1.5	PC-12	PC-12_dcDNA_1.5h	LT934125.1	-	152	PC-12_1.5h_3	0.0263157894736842	dcDNA	PC-12_1.5h_3	viral_read.count	0.023938765011619	0.00851022774691557	0.355499865710909	cluster_1
UL54	E	12h	12	C6	C6_dcDNA_12h	LT934125.1	-	56266	C6_12h_1	0.00046209078306615	dcDNA	C6_12h_1	viral_read.count	0.000875749053915166	0.000473180506614943	0.540315178759851	cluster_1
UL54	E	12h	12	C6	C6_dcDNA_12h	LT934125.1	-	49131	C6_12h_2	0.000773442429423379	dcDNA	C6_12h_2	viral_read.count	0.000875749053915166	0.000473180506614943	0.540315178759851	cluster_1
UL54	E	12h	12	C6	C6_dcDNA_12h	LT934125.1	-	28023	C6_12h_3	0.00139171394925597	dcDNA	C6_12h_3	viral_read.count	0.000875749053915166	0.000473180506614943	0.540315178759851	cluster_1
UL54	E	12h	12	PC-12	PC-12_dcDNA_12h	LT934125.1	-	40118	PC-12_12h_1	0.000498529338451568	dcDNA	PC-12_12h_1	viral_read.count	0.000385111725795268	0.000124177872279223	0.322446355074731	cluster_1
UL54	E	12h	12	PC-12	PC-12_dcDNA_12h	LT934125.1	-	64296	PC-12_12h_2	0.000404379743685455	dcDNA	PC-12_12h_2	viral_read.count	0.000385111725795268	0.000124177872279223	0.322446355074731	cluster_1
UL54	E	12h	12	PC-12	PC-12_dcDNA_12h	LT934125.1	-	35654	PC-12_12h_3	0.00025242609524878	dcDNA	PC-12_12h_3	viral_read.count	0.000385111725795268	0.000124177872279223	0.322446355074731	cluster_1
UL54	E	12h	12	PK-15	PK-15_dcDNA_12h	LT934125.1	-	137055	PK-15_12h_1	0.000153223158585969	dcDNA	PK-15_12h_1	viral_read.count	0.00011901173350514	3.59991644910356e-05	0.302484162113987	cluster_1
UL54	E	12h	12	PK-15	PK-15_dcDNA_12h	LT934125.1	-	155287	PK-15_12h_2	0.000122354092744402	dcDNA	PK-15_12h_2	viral_read.count	0.00011901173350514	3.59991644910356e-05	0.302484162113987	cluster_1
UL54	E	12h	12	PK-15	PK-15_dcDNA_12h	LT934125.1	-	135039	PK-15_12h_3	8.14579491850503e-05	dcDNA	PK-15_12h_3	viral_read.count	0.00011901173350514	3.59991644910356e-05	0.302484162113987	cluster_1
UL54	E	1h	1	C6	C6_dcDNA_1h	LT934125.1	-	246	C6_1h_1	0.024390243902439	dcDNA	C6_1h_1	viral_read.count	0.0146660290132313	0.0129242850685218	0.881239567769969	cluster_1
UL54	E	1h	1	C6	C6_dcDNA_1h	LT934125.1	-	240	C6_1h_2	0	dcDNA	C6_1h_2	viral_read.count	0.0146660290132313	0.0129242850685218	0.881239567769969	cluster_1
UL54	E	1h	1	C6	C6_dcDNA_1h	LT934125.1	-	102	C6_1h_3	0.0196078431372549	dcDNA	C6_1h_3	viral_read.count	0.0146660290132313	0.0129242850685218	0.881239567769969	cluster_1
UL54	E	1h	1	NRK	NRK_dcDNA_1h	LT934125.1	-	25	NRK_1h_1	0	dcDNA	NRK_1h_1	viral_read.count	0	0		cluster_1
UL54	E	1h	1	NRK	NRK_dcDNA_1h	LT934125.1	-	54	NRK_1h_2	0	dcDNA	NRK_1h_2	viral_read.count	0	0		cluster_1
UL54	E	1h	1	NRK	NRK_dcDNA_1h	LT934125.1	-	20	NRK_1h_3	0	dcDNA	NRK_1h_3	viral_read.count	0	0		cluster_1
UL54	E	1h	1	PC-12	PC-12_dcDNA_1h	LT934125.1	-	154	PC-12_1h_1	0.012987012987013	dcDNA	PC-12_1h_1	viral_read.count	0.00854841361170477	0.00740496835742576	0.86623889458117	cluster_1
UL54	E	1h	1	PC-12	PC-12_dcDNA_1h	LT934125.1	-	93	PC-12_1h_2	0	dcDNA	PC-12_1h_2	viral_read.count	0.00854841361170477	0.00740496835742576	0.86623889458117	cluster_1
UL54	E	1h	1	PC-12	PC-12_dcDNA_1h	LT934125.1	-	158	PC-12_1h_3	0.0126582278481013	dcDNA	PC-12_1h_3	viral_read.count	0.00854841361170477	0.00740496835742576	0.86623889458117	cluster_1
UL54	E	1h	1	PK-15	PK-15_dcDNA_1h	LT934125.1	-	129	PK-15_1h_1	0	dcDNA	PK-15_1h_1	viral_read.count	0	0		cluster_1
UL54	E	1h	1	PK-15	PK-15_dcDNA_1h	LT934125.1	-	76	PK-15_1h_2	0	dcDNA	PK-15_1h_2	viral_read.count	0	0		cluster_1
UL54	E	1h	1	PK-15	PK-15_dcDNA_1h	LT934125.1	-	52	PK-15_1h_3	0	dcDNA	PK-15_1h_3	viral_read.count	0	0		cluster_1
UL54	E	2.5h	2.5	PC-12	PC-12_dcDNA_2.5h	LT934125.1	-	478	PC-12_2.5h_1	0.00627615062761506	dcDNA	PC-12_2.5h_1	viral_read.count	0.011533780751853	0.00553859847452698	0.48020667235565	cluster_1
UL54	E	2.5h	2.5	PC-12	PC-12_dcDNA_2.5h	LT934125.1	-	231	PC-12_2.5h_2	0.0173160173160173	dcDNA	PC-12_2.5h_2	viral_read.count	0.011533780751853	0.00553859847452698	0.48020667235565	cluster_1
UL54	E	2.5h	2.5	PC-12	PC-12_dcDNA_2.5h	LT934125.1	-	545	PC-12_2.5h_3	0.0110091743119266	dcDNA	PC-12_2.5h_3	viral_read.count	0.011533780751853	0.00553859847452698	0.48020667235565	cluster_1
UL54	E	2h	2	C6	C6_dcDNA_2h	LT934125.1	-	243	C6_2h_1	0.00411522633744856	dcDNA	C6_2h_1	viral_read.count	0.00312598923710035	0.00139899252371507	0.447535937459839	cluster_1
UL54	E	2h	2	C6	C6_dcDNA_2h	LT934125.1	-	468	C6_2h_2	0.00213675213675214	dcDNA	C6_2h_2	viral_read.count	0.00312598923710035	0.00139899252371507	0.447535937459839	cluster_1
UL54	E	2h	2	NRK	NRK_dcDNA_2h	LT934125.1	-	99	NRK_2h_1	0.0101010101010101	dcDNA	NRK_2h_1	viral_read.count	0.00806183904775453	0.00726030292716142	0.900576516617959	cluster_1
UL54	E	2h	2	NRK	NRK_dcDNA_2h	LT934125.1	-	71	NRK_2h_2	0.0140845070422535	dcDNA	NRK_2h_2	viral_read.count	0.00806183904775453	0.00726030292716142	0.900576516617959	cluster_1
UL54	E	2h	2	NRK	NRK_dcDNA_2h	LT934125.1	-	122	NRK_2h_3	0	dcDNA	NRK_2h_3	viral_read.count	0.00806183904775453	0.00726030292716142	0.900576516617959	cluster_1
UL54	E	2h	2	PC-12	PC-12_dcDNA_2h	LT934125.1	-	439	PC-12_2h_1	0.00911161731207289	dcDNA	PC-12_2h_1	viral_read.count	0.00868419268795096	0.0034777047707596	0.400463796201206	cluster_1
UL54	E	2h	2	PC-12	PC-12_dcDNA_2h	LT934125.1	-	399	PC-12_2h_2	0.0050125313283208	dcDNA	PC-12_2h_2	viral_read.count	0.00868419268795096	0.0034777047707596	0.400463796201206	cluster_1
UL54	E	2h	2	PC-12	PC-12_dcDNA_2h	LT934125.1	-	503	PC-12_2h_3	0.0119284294234592	dcDNA	PC-12_2h_3	viral_read.count	0.00868419268795096	0.0034777047707596	0.400463796201206	cluster_1
UL54	E	2h	2	PK-15	PK-15_dcDNA_2h	LT934125.1	-	482	PK-15_2h_1	0.012448132780083	dcDNA	PK-15_2h_1	viral_read.count	0.0106859114368628	0.00296397205004123	0.277371946001397	cluster_1
UL54	E	2h	2	PK-15	PK-15_dcDNA_2h	LT934125.1	-	405	PK-15_2h_2	0.0123456790123457	dcDNA	PK-15_2h_2	viral_read.count	0.0106859114368628	0.00296397205004123	0.277371946001397	cluster_1
UL54	E	2h	2	PK-15	PK-15_dcDNA_2h	LT934125.1	-	1652	PK-15_2h_3	0.00726392251815981	dcDNA	PK-15_2h_3	viral_read.count	0.0106859114368628	0.00296397205004123	0.277371946001397	cluster_1
UL54	E	4h	4	C6	C6_dcDNA_4h	LT934125.1	-	680	C6_4h_1	0.00147058823529412	dcDNA	C6_4h_1	viral_read.count	0.00350220674350326	0.00219528578499827	0.626829295292352	cluster_1
UL54	E	4h	4	C6	C6_dcDNA_4h	LT934125.1	-	686	C6_4h_2	0.00583090379008746	dcDNA	C6_4h_2	viral_read.count	0.00350220674350326	0.00219528578499827	0.626829295292352	cluster_1
UL54	E	4h	4	C6	C6_dcDNA_4h	LT934125.1	-	312	C6_4h_3	0.00320512820512821	dcDNA	C6_4h_3	viral_read.count	0.00350220674350326	0.00219528578499827	0.626829295292352	cluster_1
UL54	E	4h	4	PC-12	PC-12_dcDNA_4h	LT934125.1	-	2800	PC-12_4h_1	0.00107142857142857	dcDNA	PC-12_4h_1	viral_read.count	0.00186238323643753	0.00101288646038397	0.543865752529794	cluster_1
UL54	E	4h	4	PC-12	PC-12_dcDNA_4h	LT934125.1	-	2646	PC-12_4h_2	0.00151171579743008	dcDNA	PC-12_4h_2	viral_read.count	0.00186238323643753	0.00101288646038397	0.543865752529794	cluster_1
UL54	E	4h	4	PC-12	PC-12_dcDNA_4h	LT934125.1	-	2996	PC-12_4h_3	0.00300400534045394	dcDNA	PC-12_4h_3	viral_read.count	0.00186238323643753	0.00101288646038397	0.543865752529794	cluster_1
UL54	E	4h	4	PK-15	PK-15_dcDNA_4h	LT934125.1	-	7826	PK-15_4h_1	0.00230002555583951	dcDNA	PK-15_4h_1	viral_read.count	0.00218333715822082	0.00016977785751609	0.0777607145450869	cluster_1
UL54	E	4h	4	PK-15	PK-15_dcDNA_4h	LT934125.1	-	8046	PK-15_4h_2	0.00198856574695501	dcDNA	PK-15_4h_2	viral_read.count	0.00218333715822082	0.00016977785751609	0.0777607145450869	cluster_1
UL54	E	4h	4	PK-15	PK-15_dcDNA_4h	LT934125.1	-	6633	PK-15_4h_3	0.00226142017186793	dcDNA	PK-15_4h_3	viral_read.count	0.00218333715822082	0.00016977785751609	0.0777607145450869	cluster_1
UL54	E	6h	6	C6	C6_dcDNA_6h	LT934125.1	-	2759	C6_6h_1	0.00471185212033345	dcDNA	C6_6h_1	viral_read.count	0.00442214428977543	0.000992006705124102	0.224327077571338	cluster_1
UL54	E	6h	6	C6	C6_dcDNA_6h	LT934125.1	-	4220	C6_6h_2	0.0033175355450237	dcDNA	C6_6h_2	viral_read.count	0.00442214428977543	0.000992006705124102	0.224327077571338	cluster_1
UL54	E	6h	6	C6	C6_dcDNA_6h	LT934125.1	-	3628	C6_6h_3	0.00523704520396913	dcDNA	C6_6h_3	viral_read.count	0.00442214428977543	0.000992006705124102	0.224327077571338	cluster_1
UL54	E	6h	6	PC-12	PC-12_dcDNA_6h	LT934125.1	-	7517	PC-12_6h_1	0.00266063589197818	dcDNA	PC-12_6h_1	viral_read.count	0.00164116100144355	0.0009037777542868	0.550694144871737	cluster_1
UL54	E	6h	6	PC-12	PC-12_dcDNA_6h	LT934125.1	-	13589	PC-12_6h_2	0.00132460078004268	dcDNA	PC-12_6h_2	viral_read.count	0.00164116100144355	0.0009037777542868	0.550694144871737	cluster_1
UL54	E	6h	6	PC-12	PC-12_dcDNA_6h	LT934125.1	-	11724	PC-12_6h_3	0.000938246332309792	dcDNA	PC-12_6h_3	viral_read.count	0.00164116100144355	0.0009037777542868	0.550694144871737	cluster_1
UL54	E	6h	6	PK-15	PK-15_dcDNA_6h	LT934125.1	-	37872	PK-15_6h_1	0.000712927756653992	dcDNA	PK-15_6h_1	viral_read.count	0.0011444405466899	0.000374487091151178	0.327222844589278	cluster_1
UL54	E	6h	6	PK-15	PK-15_dcDNA_6h	LT934125.1	-	30337	PK-15_6h_2	0.00138444803375416	dcDNA	PK-15_6h_2	viral_read.count	0.0011444405466899	0.000374487091151178	0.327222844589278	cluster_1
UL54	E	6h	6	PK-15	PK-15_dcDNA_6h	LT934125.1	-	44912	PK-15_6h_3	0.00133594584966156	dcDNA	PK-15_6h_3	viral_read.count	0.0011444405466899	0.000374487091151178	0.327222844589278	cluster_1
UL54	E	8h	8	C6	C6_dcDNA_8h	LT934125.1	-	10124	C6_8h_1	0.00237060450414856	dcDNA	C6_8h_1	viral_read.count	0.00163378979665507	0.000848379365580347	0.519270818876009	cluster_1
UL54	E	8h	8	C6	C6_dcDNA_8h	LT934125.1	-	10414	C6_8h_2	0.00182446706356827	dcDNA	C6_8h_2	viral_read.count	0.00163378979665507	0.000848379365580347	0.519270818876009	cluster_1
UL54	E	8h	8	C6	C6_dcDNA_8h	LT934125.1	-	8495	C6_8h_3	0.000706297822248381	dcDNA	C6_8h_3	viral_read.count	0.00163378979665507	0.000848379365580347	0.519270818876009	cluster_1
UL54	E	8h	8	PC-12	PC-12_dcDNA_8h	LT934125.1	-	14035	PC-12_8h_1	0.0012825080156751	dcDNA	PC-12_8h_1	viral_read.count	0.00115132796856186	0.000185516601740293	0.161132715269677	cluster_1
UL54	E	8h	8	PC-12	PC-12_dcDNA_8h	LT934125.1	-	15684	PC-12_8h_2	0.00102014792144861	dcDNA	PC-12_8h_2	viral_read.count	0.00115132796856186	0.000185516601740293	0.161132715269677	cluster_1
UL54	E	8h	8	PK-15	PK-15_dcDNA_8h	LT934125.1	-	69419	PK-15_8h_1	0.000749074460882467	dcDNA	PK-15_8h_1	viral_read.count	0.000731807831450844	0.000118622862567025	0.162095645152976	cluster_1
UL54	E	8h	8	PK-15	PK-15_dcDNA_8h	LT934125.1	-	74319	PK-15_8h_2	0.000605497921123804	dcDNA	PK-15_8h_2	viral_read.count	0.000731807831450844	0.000118622862567025	0.162095645152976	cluster_1
UL54	E	8h	8	PK-15	PK-15_dcDNA_8h	LT934125.1	-	70167	PK-15_8h_3	0.00084085111234626	dcDNA	PK-15_8h_3	viral_read.count	0.000731807831450844	0.000118622862567025	0.162095645152976	cluster_1
UL6	L	""		C6	C6_dRNA	LT934125.1	-	3	C6_dRNA	0	dcDNA	C6_dRNA	viral_read.count	0			cluster_1
UL6	L	""		PC-12	PC-12_dRNA	LT934125.1	-	20	PC-12_dRNA	0	dcDNA	PC-12_dRNA	viral_read.count	0			cluster_1
UL6	L	""		PK-15	PK-15_dRNA	LT934125.1	-	68	PK-15_dRNA	0	dcDNA	PK-15_dRNA	viral_read.count	0			cluster_1
UL6	L	0.5h	0.5	PC-12	PC-12_dcDNA_0.5h	LT934125.1	-	13	PC-12_0.5h_1	0	dcDNA	PC-12_0.5h_1	viral_read.count	0	0		cluster_1
UL6	L	0.5h	0.5	PC-12	PC-12_dcDNA_0.5h	LT934125.1	-	13	PC-12_0.5h_2	0	dcDNA	PC-12_0.5h_2	viral_read.count	0	0		cluster_1
UL6	L	0.5h	0.5	PC-12	PC-12_dcDNA_0.5h	LT934125.1	-	2	PC-12_0.5h_3	0	dcDNA	PC-12_0.5h_3	viral_read.count	0	0		cluster_1
UL6	L	1.5h	1.5	PC-12	PC-12_dcDNA_1.5h	LT934125.1	-	138	PC-12_1.5h_1	0	dcDNA	PC-12_1.5h_1	viral_read.count	0	0		cluster_1
UL6	L	1.5h	1.5	PC-12	PC-12_dcDNA_1.5h	LT934125.1	-	129	PC-12_1.5h_2	0	dcDNA	PC-12_1.5h_2	viral_read.count	0	0		cluster_1
UL6	L	1.5h	1.5	PC-12	PC-12_dcDNA_1.5h	LT934125.1	-	152	PC-12_1.5h_3	0	dcDNA	PC-12_1.5h_3	viral_read.count	0	0		cluster_1
UL6	L	12h	12	C6	C6_dcDNA_12h	LT934125.1	-	56266	C6_12h_1	0.00104859062311165	dcDNA	C6_12h_1	viral_read.count	0.00101688445380563	0.000249458488226441	0.245316453892925	cluster_1
UL6	L	12h	12	C6	C6_dcDNA_12h	LT934125.1	-	49131	C6_12h_2	0.000753088681280658	dcDNA	C6_12h_2	viral_read.count	0.00101688445380563	0.000249458488226441	0.245316453892925	cluster_1
UL6	L	12h	12	C6	C6_dcDNA_12h	LT934125.1	-	28023	C6_12h_3	0.00124897405702459	dcDNA	C6_12h_3	viral_read.count	0.00101688445380563	0.000249458488226441	0.245316453892925	cluster_1
UL6	L	12h	12	PC-12	PC-12_dcDNA_12h	LT934125.1	-	40118	PC-12_12h_1	0.000174485268458049	dcDNA	PC-12_12h_1	viral_read.count	0.000208680815112146	6.21974939541908e-05	0.298050848233297	cluster_1
UL6	L	12h	12	PC-12	PC-12_dcDNA_12h	LT934125.1	-	64296	PC-12_12h_2	0.000171083737713077	dcDNA	PC-12_12h_2	viral_read.count	0.000208680815112146	6.21974939541908e-05	0.298050848233297	cluster_1
UL6	L	12h	12	PC-12	PC-12_dcDNA_12h	LT934125.1	-	35654	PC-12_12h_3	0.000280473439165311	dcDNA	PC-12_12h_3	viral_read.count	0.000208680815112146	6.21974939541908e-05	0.298050848233297	cluster_1
UL6	L	12h	12	PK-15	PK-15_dcDNA_12h	LT934125.1	-	137055	PK-15_12h_1	0.000138630476815877	dcDNA	PK-15_12h_1	viral_read.count	0.000206125361240086	6.10776742946098e-05	0.296313243198973	cluster_1
UL6	L	12h	12	PK-15	PK-15_dcDNA_12h	LT934125.1	-	155287	PK-15_12h_2	0.000257587563672426	dcDNA	PK-15_12h_2	viral_read.count	0.000206125361240086	6.10776742946098e-05	0.296313243198973	cluster_1
UL6	L	12h	12	PK-15	PK-15_dcDNA_12h	LT934125.1	-	135039	PK-15_12h_3	0.000222158043231955	dcDNA	PK-15_12h_3	viral_read.count	0.000206125361240086	6.10776742946098e-05	0.296313243198973	cluster_1
UL6	L	1h	1	C6	C6_dcDNA_1h	LT934125.1	-	246	C6_1h_1	0	dcDNA	C6_1h_1	viral_read.count	0	0		cluster_1
UL6	L	1h	1	C6	C6_dcDNA_1h	LT934125.1	-	240	C6_1h_2	0	dcDNA	C6_1h_2	viral_read.count	0	0		cluster_1
UL6	L	1h	1	C6	C6_dcDNA_1h	LT934125.1	-	102	C6_1h_3	0	dcDNA	C6_1h_3	viral_read.count	0	0		cluster_1
UL6	L	1h	1	NRK	NRK_dcDNA_1h	LT934125.1	-	25	NRK_1h_1	0	dcDNA	NRK_1h_1	viral_read.count	0	0		cluster_1
UL6	L	1h	1	NRK	NRK_dcDNA_1h	LT934125.1	-	54	NRK_1h_2	0	dcDNA	NRK_1h_2	viral_read.count	0	0		cluster_1
UL6	L	1h	1	NRK	NRK_dcDNA_1h	LT934125.1	-	20	NRK_1h_3	0	dcDNA	NRK_1h_3	viral_read.count	0	0		cluster_1
UL6	L	1h	1	PC-12	PC-12_dcDNA_1h	LT934125.1	-	154	PC-12_1h_1	0	dcDNA	PC-12_1h_1	viral_read.count	0.003584229390681	0.00620806741064113	1.73205080756888	cluster_1
UL6	L	1h	1	PC-12	PC-12_dcDNA_1h	LT934125.1	-	93	PC-12_1h_2	0.010752688172043	dcDNA	PC-12_1h_2	viral_read.count	0.003584229390681	0.00620806741064113	1.73205080756888	cluster_1
UL6	L	1h	1	PC-12	PC-12_dcDNA_1h	LT934125.1	-	158	PC-12_1h_3	0	dcDNA	PC-12_1h_3	viral_read.count	0.003584229390681	0.00620806741064113	1.73205080756888	cluster_1
UL6	L	1h	1	PK-15	PK-15_dcDNA_1h	LT934125.1	-	129	PK-15_1h_1	0	dcDNA	PK-15_1h_1	viral_read.count	0	0		cluster_1
UL6	L	1h	1	PK-15	PK-15_dcDNA_1h	LT934125.1	-	76	PK-15_1h_2	0	dcDNA	PK-15_1h_2	viral_read.count	0	0		cluster_1
UL6	L	1h	1	PK-15	PK-15_dcDNA_1h	LT934125.1	-	52	PK-15_1h_3	0	dcDNA	PK-15_1h_3	viral_read.count	0	0		cluster_1
UL6	L	2.5h	2.5	PC-12	PC-12_dcDNA_2.5h	LT934125.1	-	478	PC-12_2.5h_1	0	dcDNA	PC-12_2.5h_1	viral_read.count	0	0		cluster_1
UL6	L	2.5h	2.5	PC-12	PC-12_dcDNA_2.5h	LT934125.1	-	231	PC-12_2.5h_2	0	dcDNA	PC-12_2.5h_2	viral_read.count	0	0		cluster_1
UL6	L	2.5h	2.5	PC-12	PC-12_dcDNA_2.5h	LT934125.1	-	545	PC-12_2.5h_3	0	dcDNA	PC-12_2.5h_3	viral_read.count	0	0		cluster_1
UL6	L	2h	2	C6	C6_dcDNA_2h	LT934125.1	-	243	C6_2h_1	0	dcDNA	C6_2h_1	viral_read.count	0	0		cluster_1
UL6	L	2h	2	C6	C6_dcDNA_2h	LT934125.1	-	468	C6_2h_2	0	dcDNA	C6_2h_2	viral_read.count	0	0		cluster_1
UL6	L	2h	2	NRK	NRK_dcDNA_2h	LT934125.1	-	99	NRK_2h_1	0	dcDNA	NRK_2h_1	viral_read.count	0	0		cluster_1
UL6	L	2h	2	NRK	NRK_dcDNA_2h	LT934125.1	-	71	NRK_2h_2	0	dcDNA	NRK_2h_2	viral_read.count	0	0		cluster_1
UL6	L	2h	2	NRK	NRK_dcDNA_2h	LT934125.1	-	122	NRK_2h_3	0	dcDNA	NRK_2h_3	viral_read.count	0	0		cluster_1
UL6	L	2h	2	PC-12	PC-12_dcDNA_2h	LT934125.1	-	439	PC-12_2h_1	0	dcDNA	PC-12_2h_1	viral_read.count	0	0		cluster_1
UL6	L	2h	2	PC-12	PC-12_dcDNA_2h	LT934125.1	-	399	PC-12_2h_2	0	dcDNA	PC-12_2h_2	viral_read.count	0	0		cluster_1
UL6	L	2h	2	PC-12	PC-12_dcDNA_2h	LT934125.1	-	503	PC-12_2h_3	0	dcDNA	PC-12_2h_3	viral_read.count	0	0		cluster_1
UL6	L	2h	2	PK-15	PK-15_dcDNA_2h	LT934125.1	-	482	PK-15_2h_1	0	dcDNA	PK-15_2h_1	viral_read.count	0	0		cluster_1
UL6	L	2h	2	PK-15	PK-15_dcDNA_2h	LT934125.1	-	405	PK-15_2h_2	0	dcDNA	PK-15_2h_2	viral_read.count	0	0		cluster_1
UL6	L	2h	2	PK-15	PK-15_dcDNA_2h	LT934125.1	-	1652	PK-15_2h_3	0	dcDNA	PK-15_2h_3	viral_read.count	0	0		cluster_1
UL6	L	4h	4	C6	C6_dcDNA_4h	LT934125.1	-	680	C6_4h_1	0	dcDNA	C6_4h_1	viral_read.count	0.000485908649173957	0.000841618468206454	1.73205080756888	cluster_1
UL6	L	4h	4	C6	C6_dcDNA_4h	LT934125.1	-	686	C6_4h_2	0.00145772594752187	dcDNA	C6_4h_2	viral_read.count	0.000485908649173957	0.000841618468206454	1.73205080756888	cluster_1
UL6	L	4h	4	C6	C6_dcDNA_4h	LT934125.1	-	312	C6_4h_3	0	dcDNA	C6_4h_3	viral_read.count	0.000485908649173957	0.000841618468206454	1.73205080756888	cluster_1
UL6	L	4h	4	PC-12	PC-12_dcDNA_4h	LT934125.1	-	2800	PC-12_4h_1	0	dcDNA	PC-12_4h_1	viral_read.count	0	0		cluster_1
UL6	L	4h	4	PC-12	PC-12_dcDNA_4h	LT934125.1	-	2646	PC-12_4h_2	0	dcDNA	PC-12_4h_2	viral_read.count	0	0		cluster_1
UL6	L	4h	4	PC-12	PC-12_dcDNA_4h	LT934125.1	-	2996	PC-12_4h_3	0	dcDNA	PC-12_4h_3	viral_read.count	0	0		cluster_1
UL6	L	4h	4	PK-15	PK-15_dcDNA_4h	LT934125.1	-	7826	PK-15_4h_1	0.000255558395093279	dcDNA	PK-15_4h_1	viral_read.count	0.000268550601015015	2.87676185123238e-05	0.107121780415287	cluster_1
UL6	L	4h	4	PK-15	PK-15_dcDNA_4h	LT934125.1	-	8046	PK-15_4h_2	0.000248570718369376	dcDNA	PK-15_4h_2	viral_read.count	0.000268550601015015	2.87676185123238e-05	0.107121780415287	cluster_1
UL6	L	4h	4	PK-15	PK-15_dcDNA_4h	LT934125.1	-	6633	PK-15_4h_3	0.000301522689582391	dcDNA	PK-15_4h_3	viral_read.count	0.000268550601015015	2.87676185123238e-05	0.107121780415287	cluster_1
UL6	L	6h	6	C6	C6_dcDNA_6h	LT934125.1	-	2759	C6_6h_1	0.000362450163102573	dcDNA	C6_6h_1	viral_read.count	0.000370672590165104	9.94052217499734e-05	0.268175269462726	cluster_1
UL6	L	6h	6	C6	C6_dcDNA_6h	LT934125.1	-	4220	C6_6h_2	0.0004739336492891	dcDNA	C6_6h_2	viral_read.count	0.000370672590165104	9.94052217499734e-05	0.268175269462726	cluster_1
UL6	L	6h	6	C6	C6_dcDNA_6h	LT934125.1	-	3628	C6_6h_3	0.000275633958103638	dcDNA	C6_6h_3	viral_read.count	0.000370672590165104	9.94052217499734e-05	0.268175269462726	cluster_1
UL6	L	6h	6	PC-12	PC-12_dcDNA_6h	LT934125.1	-	7517	PC-12_6h_1	0.000399095383796727	dcDNA	PC-12_6h_1	viral_read.count	0.000356583387951608	0.000264315101038337	0.741243450954611	cluster_1
UL6	L	6h	6	PC-12	PC-12_dcDNA_6h	LT934125.1	-	13589	PC-12_6h_2	7.35889322245934e-05	dcDNA	PC-12_6h_2	viral_read.count	0.000356583387951608	0.000264315101038337	0.741243450954611	cluster_1
UL6	L	6h	6	PC-12	PC-12_dcDNA_6h	LT934125.1	-	11724	PC-12_6h_3	0.000597065847833504	dcDNA	PC-12_6h_3	viral_read.count	0.000356583387951608	0.000264315101038337	0.741243450954611	cluster_1
UL6	L	6h	6	PK-15	PK-15_dcDNA_6h	LT934125.1	-	37872	PK-15_6h_1	0.000211237853823405	dcDNA	PK-15_6h_1	viral_read.count	0.000247377137045821	3.13460008809524e-05	0.126713411171649	cluster_1
UL6	L	6h	6	PK-15	PK-15_dcDNA_6h	LT934125.1	-	30337	PK-15_6h_2	0.000263704387381745	dcDNA	PK-15_6h_2	viral_read.count	0.000247377137045821	3.13460008809524e-05	0.126713411171649	cluster_1
UL6	L	6h	6	PK-15	PK-15_dcDNA_6h	LT934125.1	-	44912	PK-15_6h_3	0.000267189169932312	dcDNA	PK-15_6h_3	viral_read.count	0.000247377137045821	3.13460008809524e-05	0.126713411171649	cluster_1
UL6	L	8h	8	C6	C6_dcDNA_8h	LT934125.1	-	10124	C6_8h_1	0.000888976689055709	dcDNA	C6_8h_1	viral_read.count	0.00078059314941121	0.000166746987525623	0.213615745476882	cluster_1
UL6	L	8h	8	C6	C6_dcDNA_8h	LT934125.1	-	10414	C6_8h_2	0.000864221240637603	dcDNA	C6_8h_2	viral_read.count	0.00078059314941121	0.000166746987525623	0.213615745476882	cluster_1
UL6	L	8h	8	C6	C6_dcDNA_8h	LT934125.1	-	8495	C6_8h_3	0.000588581518540318	dcDNA	C6_8h_3	viral_read.count	0.00078059314941121	0.000166746987525623	0.213615745476882	cluster_1
UL6	L	8h	8	PC-12	PC-12_dcDNA_8h	LT934125.1	-	14035	PC-12_8h_1	0.000427502671891699	dcDNA	PC-12_8h_1	viral_read.count	0.000309390203581657	0.000167036254569424	0.539888634597117	cluster_1
UL6	L	8h	8	PC-12	PC-12_dcDNA_8h	LT934125.1	-	15684	PC-12_8h_2	0.000191277735271614	dcDNA	PC-12_8h_2	viral_read.count	0.000309390203581657	0.000167036254569424	0.539888634597117	cluster_1
UL6	L	8h	8	PK-15	PK-15_dcDNA_8h	LT934125.1	-	69419	PK-15_8h_1	0.000619426958037425	dcDNA	PK-15_8h_1	viral_read.count	0.000423382866438048	0.000169796532552904	0.401047245915772	cluster_1
UL6	L	8h	8	PK-15	PK-15_dcDNA_8h	LT934125.1	-	74319	PK-15_8h_2	0.000322932224599362	dcDNA	PK-15_8h_2	viral_read.count	0.000423382866438048	0.000169796532552904	0.401047245915772	cluster_1
UL6	L	8h	8	PK-15	PK-15_dcDNA_8h	LT934125.1	-	70167	PK-15_8h_3	0.000327789416677356	dcDNA	PK-15_8h_3	viral_read.count	0.000423382866438048	0.000169796532552904	0.401047245915772	cluster_1
UL7	E	""		C6	C6_dRNA	LT934125.1	-	3	C6_dRNA	0	dcDNA	C6_dRNA	viral_read.count	0			cluster_1
UL7	E	""		PC-12	PC-12_dRNA	LT934125.1	-	20	PC-12_dRNA	0	dcDNA	PC-12_dRNA	viral_read.count	0			cluster_1
UL7	E	""		PK-15	PK-15_dRNA	LT934125.1	-	68	PK-15_dRNA	0	dcDNA	PK-15_dRNA	viral_read.count	0			cluster_1
UL7	E	0.5h	0.5	PC-12	PC-12_dcDNA_0.5h	LT934125.1	-	13	PC-12_0.5h_1	0	dcDNA	PC-12_0.5h_1	viral_read.count	0	0		cluster_1
UL7	E	0.5h	0.5	PC-12	PC-12_dcDNA_0.5h	LT934125.1	-	13	PC-12_0.5h_2	0	dcDNA	PC-12_0.5h_2	viral_read.count	0	0		cluster_1
UL7	E	0.5h	0.5	PC-12	PC-12_dcDNA_0.5h	LT934125.1	-	2	PC-12_0.5h_3	0	dcDNA	PC-12_0.5h_3	viral_read.count	0	0		cluster_1
UL7	E	1.5h	1.5	PC-12	PC-12_dcDNA_1.5h	LT934125.1	-	138	PC-12_1.5h_1	0	dcDNA	PC-12_1.5h_1	viral_read.count	0	0		cluster_1
UL7	E	1.5h	1.5	PC-12	PC-12_dcDNA_1.5h	LT934125.1	-	129	PC-12_1.5h_2	0	dcDNA	PC-12_1.5h_2	viral_read.count	0	0		cluster_1
UL7	E	1.5h	1.5	PC-12	PC-12_dcDNA_1.5h	LT934125.1	-	152	PC-12_1.5h_3	0	dcDNA	PC-12_1.5h_3	viral_read.count	0	0		cluster_1
UL7	E	12h	12	C6	C6_dcDNA_12h	LT934125.1	-	56266	C6_12h_1	0.00259481747414069	dcDNA	C6_12h_1	viral_read.count	0.0026068983832597	0.000170809780427671	0.0655222242357172	cluster_1
UL7	E	12h	12	C6	C6_dcDNA_12h	LT934125.1	-	49131	C6_12h_2	0.00244244977712646	dcDNA	C6_12h_2	viral_read.count	0.0026068983832597	0.000170809780427671	0.0655222242357172	cluster_1
UL7	E	12h	12	C6	C6_dcDNA_12h	LT934125.1	-	28023	C6_12h_3	0.00278342789851194	dcDNA	C6_12h_3	viral_read.count	0.0026068983832597	0.000170809780427671	0.0655222242357172	cluster_1
UL7	E	12h	12	PC-12	PC-12_dcDNA_12h	LT934125.1	-	40118	PC-12_12h_1	0.0018445585522708	dcDNA	PC-12_12h_1	viral_read.count	0.00188317041216761	0.000148786050093221	0.0790082772816945	cluster_1
UL7	E	12h	12	PC-12	PC-12_dcDNA_12h	LT934125.1	-	64296	PC-12_12h_2	0.00175749657832525	dcDNA	PC-12_12h_2	viral_read.count	0.00188317041216761	0.000148786050093221	0.0790082772816945	cluster_1
UL7	E	12h	12	PC-12	PC-12_dcDNA_12h	LT934125.1	-	35654	PC-12_12h_3	0.00204745610590677	dcDNA	PC-12_12h_3	viral_read.count	0.00188317041216761	0.000148786050093221	0.0790082772816945	cluster_1
UL7	E	12h	12	PK-15	PK-15_dcDNA_12h	LT934125.1	-	137055	PK-15_12h_1	0.00105796942833169	dcDNA	PK-15_12h_1	viral_read.count	0.00101968783569585	0.000225444858814486	0.221092035152737	cluster_1
UL7	E	12h	12	PK-15	PK-15_dcDNA_12h	LT934125.1	-	155287	PK-15_12h_2	0.00122354092744402	dcDNA	PK-15_12h_2	viral_read.count	0.00101968783569585	0.000225444858814486	0.221092035152737	cluster_1
UL7	E	12h	12	PK-15	PK-15_dcDNA_12h	LT934125.1	-	135039	PK-15_12h_3	0.000777553151311843	dcDNA	PK-15_12h_3	viral_read.count	0.00101968783569585	0.000225444858814486	0.221092035152737	cluster_1
UL7	E	1h	1	C6	C6_dcDNA_1h	LT934125.1	-	246	C6_1h_1	0.0040650406504065	dcDNA	C6_1h_1	viral_read.count	0.00413279132791328	0.00416707976007636	1.00829667637258	cluster_1
UL7	E	1h	1	C6	C6_dcDNA_1h	LT934125.1	-	240	C6_1h_2	0.00833333333333333	dcDNA	C6_1h_2	viral_read.count	0.00413279132791328	0.00416707976007636	1.00829667637258	cluster_1
UL7	E	1h	1	C6	C6_dcDNA_1h	LT934125.1	-	102	C6_1h_3	0	dcDNA	C6_1h_3	viral_read.count	0.00413279132791328	0.00416707976007636	1.00829667637258	cluster_1
UL7	E	1h	1	NRK	NRK_dcDNA_1h	LT934125.1	-	25	NRK_1h_1	0	dcDNA	NRK_1h_1	viral_read.count	0	0		cluster_1
UL7	E	1h	1	NRK	NRK_dcDNA_1h	LT934125.1	-	54	NRK_1h_2	0	dcDNA	NRK_1h_2	viral_read.count	0	0		cluster_1
UL7	E	1h	1	NRK	NRK_dcDNA_1h	LT934125.1	-	20	NRK_1h_3	0	dcDNA	NRK_1h_3	viral_read.count	0	0		cluster_1
UL7	E	1h	1	PC-12	PC-12_dcDNA_1h	LT934125.1	-	154	PC-12_1h_1	0	dcDNA	PC-12_1h_1	viral_read.count	0	0		cluster_1
UL7	E	1h	1	PC-12	PC-12_dcDNA_1h	LT934125.1	-	93	PC-12_1h_2	0	dcDNA	PC-12_1h_2	viral_read.count	0	0		cluster_1
UL7	E	1h	1	PC-12	PC-12_dcDNA_1h	LT934125.1	-	158	PC-12_1h_3	0	dcDNA	PC-12_1h_3	viral_read.count	0	0		cluster_1
UL7	E	1h	1	PK-15	PK-15_dcDNA_1h	LT934125.1	-	129	PK-15_1h_1	0	dcDNA	PK-15_1h_1	viral_read.count	0	0		cluster_1
UL7	E	1h	1	PK-15	PK-15_dcDNA_1h	LT934125.1	-	76	PK-15_1h_2	0	dcDNA	PK-15_1h_2	viral_read.count	0	0		cluster_1
UL7	E	1h	1	PK-15	PK-15_dcDNA_1h	LT934125.1	-	52	PK-15_1h_3	0	dcDNA	PK-15_1h_3	viral_read.count	0	0		cluster_1
UL7	E	2.5h	2.5	PC-12	PC-12_dcDNA_2.5h	LT934125.1	-	478	PC-12_2.5h_1	0.00209205020920502	dcDNA	PC-12_2.5h_1	viral_read.count	0.00192059165994907	0.00184086080371411	0.958486305081071	cluster_1
UL7	E	2.5h	2.5	PC-12	PC-12_dcDNA_2.5h	LT934125.1	-	231	PC-12_2.5h_2	0	dcDNA	PC-12_2.5h_2	viral_read.count	0.00192059165994907	0.00184086080371411	0.958486305081071	cluster_1
UL7	E	2.5h	2.5	PC-12	PC-12_dcDNA_2.5h	LT934125.1	-	545	PC-12_2.5h_3	0.0036697247706422	dcDNA	PC-12_2.5h_3	viral_read.count	0.00192059165994907	0.00184086080371411	0.958486305081071	cluster_1
UL7	E	2h	2	C6	C6_dcDNA_2h	LT934125.1	-	243	C6_2h_1	0.00411522633744856	dcDNA	C6_2h_1	viral_read.count	0.00312598923710035	0.00139899252371507	0.447535937459839	cluster_1
UL7	E	2h	2	C6	C6_dcDNA_2h	LT934125.1	-	468	C6_2h_2	0.00213675213675214	dcDNA	C6_2h_2	viral_read.count	0.00312598923710035	0.00139899252371507	0.447535937459839	cluster_1
UL7	E	2h	2	NRK	NRK_dcDNA_2h	LT934125.1	-	99	NRK_2h_1	0.0101010101010101	dcDNA	NRK_2h_1	viral_read.count	0.00336700336700337	0.00583182090090531	1.73205080756888	cluster_1
UL7	E	2h	2	NRK	NRK_dcDNA_2h	LT934125.1	-	71	NRK_2h_2	0	dcDNA	NRK_2h_2	viral_read.count	0.00336700336700337	0.00583182090090531	1.73205080756888	cluster_1
UL7	E	2h	2	NRK	NRK_dcDNA_2h	LT934125.1	-	122	NRK_2h_3	0	dcDNA	NRK_2h_3	viral_read.count	0.00336700336700337	0.00583182090090531	1.73205080756888	cluster_1
UL7	E	2h	2	PC-12	PC-12_dcDNA_2h	LT934125.1	-	439	PC-12_2h_1	0.00683371298405467	dcDNA	PC-12_2h_1	viral_read.count	0.00294059485154374	0.00351502257996983	1.19534405704496	cluster_1
UL7	E	2h	2	PC-12	PC-12_dcDNA_2h	LT934125.1	-	399	PC-12_2h_2	0	dcDNA	PC-12_2h_2	viral_read.count	0.00294059485154374	0.00351502257996983	1.19534405704496	cluster_1
UL7	E	2h	2	PC-12	PC-12_dcDNA_2h	LT934125.1	-	503	PC-12_2h_3	0.00198807157057654	dcDNA	PC-12_2h_3	viral_read.count	0.00294059485154374	0.00351502257996983	1.19534405704496	cluster_1
UL7	E	2h	2	PK-15	PK-15_dcDNA_2h	LT934125.1	-	482	PK-15_2h_1	0	dcDNA	PK-15_2h_1	viral_read.count	0.000403551251008877	0.000698971270205356	1.73205080756888	cluster_1
UL7	E	2h	2	PK-15	PK-15_dcDNA_2h	LT934125.1	-	405	PK-15_2h_2	0	dcDNA	PK-15_2h_2	viral_read.count	0.000403551251008877	0.000698971270205356	1.73205080756888	cluster_1
UL7	E	2h	2	PK-15	PK-15_dcDNA_2h	LT934125.1	-	1652	PK-15_2h_3	0.00121065375302663	dcDNA	PK-15_2h_3	viral_read.count	0.000403551251008877	0.000698971270205356	1.73205080756888	cluster_1
UL7	E	4h	4	C6	C6_dcDNA_4h	LT934125.1	-	680	C6_4h_1	0.00294117647058824	dcDNA	C6_4h_1	viral_read.count	0.00564324630951282	0.0035136973436918	0.622637600944117	cluster_1
UL7	E	4h	4	C6	C6_dcDNA_4h	LT934125.1	-	686	C6_4h_2	0.0043731778425656	dcDNA	C6_4h_2	viral_read.count	0.00564324630951282	0.0035136973436918	0.622637600944117	cluster_1
UL7	E	4h	4	C6	C6_dcDNA_4h	LT934125.1	-	312	C6_4h_3	0.00961538461538462	dcDNA	C6_4h_3	viral_read.count	0.00564324630951282	0.0035136973436918	0.622637600944117	cluster_1
UL7	E	4h	4	PC-12	PC-12_dcDNA_4h	LT934125.1	-	2800	PC-12_4h_1	0.00321428571428572	dcDNA	PC-12_4h_1	viral_read.count	0.00390354099410619	0.000603801762028284	0.15468052287396	cluster_1
UL7	E	4h	4	PC-12	PC-12_dcDNA_4h	LT934125.1	-	2646	PC-12_4h_2	0.00415721844293273	dcDNA	PC-12_4h_2	viral_read.count	0.00390354099410619	0.000603801762028284	0.15468052287396	cluster_1
UL7	E	4h	4	PC-12	PC-12_dcDNA_4h	LT934125.1	-	2996	PC-12_4h_3	0.00433911882510013	dcDNA	PC-12_4h_3	viral_read.count	0.00390354099410619	0.000603801762028284	0.15468052287396	cluster_1
UL7	E	4h	4	PK-15	PK-15_dcDNA_4h	LT934125.1	-	7826	PK-15_4h_1	0.00268336314847943	dcDNA	PK-15_4h_1	viral_read.count	0.00284013015734461	0.00130985883355915	0.461196762469438	cluster_1
UL7	E	4h	4	PK-15	PK-15_dcDNA_4h	LT934125.1	-	8046	PK-15_4h_2	0.00161570966940094	dcDNA	PK-15_4h_2	viral_read.count	0.00284013015734461	0.00130985883355915	0.461196762469438	cluster_1
UL7	E	4h	4	PK-15	PK-15_dcDNA_4h	LT934125.1	-	6633	PK-15_4h_3	0.00422131765415347	dcDNA	PK-15_4h_3	viral_read.count	0.00284013015734461	0.00130985883355915	0.461196762469438	cluster_1
UL7	E	6h	6	C6	C6_dcDNA_6h	LT934125.1	-	2759	C6_6h_1	0.00362450163102573	dcDNA	C6_6h_1	viral_read.count	0.00290394744168284	0.000627186823293498	0.215977332885213	cluster_1
UL7	E	6h	6	C6	C6_dcDNA_6h	LT934125.1	-	4220	C6_6h_2	0.00260663507109005	dcDNA	C6_6h_2	viral_read.count	0.00290394744168284	0.000627186823293498	0.215977332885213	cluster_1
UL7	E	6h	6	C6	C6_dcDNA_6h	LT934125.1	-	3628	C6_6h_3	0.00248070562293275	dcDNA	C6_6h_3	viral_read.count	0.00290394744168284	0.000627186823293498	0.215977332885213	cluster_1
UL7	E	6h	6	PC-12	PC-12_dcDNA_6h	LT934125.1	-	7517	PC-12_6h_1	0.00305973127577491	dcDNA	PC-12_6h_1	viral_read.count	0.00285293013315769	0.000367664118489229	0.128872457904284	cluster_1
UL7	E	6h	6	PC-12	PC-12_dcDNA_6h	LT934125.1	-	13589	PC-12_6h_2	0.00242843476341158	dcDNA	PC-12_6h_2	viral_read.count	0.00285293013315769	0.000367664118489229	0.128872457904284	cluster_1
UL7	E	6h	6	PC-12	PC-12_dcDNA_6h	LT934125.1	-	11724	PC-12_6h_3	0.00307062436028659	dcDNA	PC-12_6h_3	viral_read.count	0.00285293013315769	0.000367664118489229	0.128872457904284	cluster_1
UL7	E	6h	6	PK-15	PK-15_dcDNA_6h	LT934125.1	-	37872	PK-15_6h_1	0.00118821292775665	dcDNA	PK-15_6h_1	viral_read.count	0.00112619481649865	6.71883701247011e-05	0.0596596336090324	cluster_1
UL7	E	6h	6	PK-15	PK-15_dcDNA_6h	LT934125.1	-	30337	PK-15_6h_2	0.00105481754952698	dcDNA	PK-15_6h_2	viral_read.count	0.00112619481649865	6.71883701247011e-05	0.0596596336090324	cluster_1
UL7	E	6h	6	PK-15	PK-15_dcDNA_6h	LT934125.1	-	44912	PK-15_6h_3	0.00113555397221233	dcDNA	PK-15_6h_3	viral_read.count	0.00112619481649865	6.71883701247011e-05	0.0596596336090324	cluster_1
UL7	E	8h	8	C6	C6_dcDNA_8h	LT934125.1	-	10124	C6_8h_1	0.00266693006716713	dcDNA	C6_8h_1	viral_read.count	0.00243471813164901	0.000217177760779408	0.089200371064028	cluster_1
UL7	E	8h	8	C6	C6_dcDNA_8h	LT934125.1	-	10414	C6_8h_2	0.00240061455732668	dcDNA	C6_8h_2	viral_read.count	0.00243471813164901	0.000217177760779408	0.089200371064028	cluster_1
UL7	E	8h	8	C6	C6_dcDNA_8h	LT934125.1	-	8495	C6_8h_3	0.00223660977045321	dcDNA	C6_8h_3	viral_read.count	0.00243471813164901	0.000217177760779408	0.089200371064028	cluster_1
UL7	E	8h	8	PC-12	PC-12_dcDNA_8h	LT934125.1	-	14035	PC-12_8h_1	0.00228001425008906	dcDNA	PC-12_8h_1	viral_read.count	0.00212827542394787	0.000214591105867444	0.100828634984369	cluster_1
UL7	E	8h	8	PC-12	PC-12_dcDNA_8h	LT934125.1	-	15684	PC-12_8h_2	0.00197653659780668	dcDNA	PC-12_8h_2	viral_read.count	0.00212827542394787	0.000214591105867444	0.100828634984369	cluster_1
UL7	E	8h	8	PK-15	PK-15_dcDNA_8h	LT934125.1	-	69419	PK-15_8h_1	0.00207436004552068	dcDNA	PK-15_8h_1	viral_read.count	0.00163533008990625	0.000394352199588877	0.241145321071835	cluster_1
UL7	E	8h	8	PK-15	PK-15_dcDNA_8h	LT934125.1	-	74319	PK-15_8h_2	0.00152047255748866	dcDNA	PK-15_8h_2	viral_read.count	0.00163533008990625	0.000394352199588877	0.241145321071835	cluster_1
UL7	E	8h	8	PK-15	PK-15_dcDNA_8h	LT934125.1	-	70167	PK-15_8h_3	0.00131115766670942	dcDNA	PK-15_8h_3	viral_read.count	0.00163533008990625	0.000394352199588877	0.241145321071835	cluster_1
UL8	E	""		C6	C6_dRNA	LT934125.1	+	3	C6_dRNA	0	dcDNA	C6_dRNA	viral_read.count	0			cluster_1
UL8	E	""		PC-12	PC-12_dRNA	LT934125.1	+	20	PC-12_dRNA	0	dcDNA	PC-12_dRNA	viral_read.count	0			cluster_1
UL8	E	""		PK-15	PK-15_dRNA	LT934125.1	+	68	PK-15_dRNA	0	dcDNA	PK-15_dRNA	viral_read.count	0			cluster_1
UL8	E	0.5h	0.5	PC-12	PC-12_dcDNA_0.5h	LT934125.1	+	13	PC-12_0.5h_1	0	dcDNA	PC-12_0.5h_1	viral_read.count	0	0		cluster_1
UL8	E	0.5h	0.5	PC-12	PC-12_dcDNA_0.5h	LT934125.1	+	13	PC-12_0.5h_2	0	dcDNA	PC-12_0.5h_2	viral_read.count	0	0		cluster_1
UL8	E	0.5h	0.5	PC-12	PC-12_dcDNA_0.5h	LT934125.1	+	2	PC-12_0.5h_3	0	dcDNA	PC-12_0.5h_3	viral_read.count	0	0		cluster_1
UL8	E	1.5h	1.5	PC-12	PC-12_dcDNA_1.5h	LT934125.1	+	138	PC-12_1.5h_1	0	dcDNA	PC-12_1.5h_1	viral_read.count	0	0		cluster_1
UL8	E	1.5h	1.5	PC-12	PC-12_dcDNA_1.5h	LT934125.1	+	129	PC-12_1.5h_2	0	dcDNA	PC-12_1.5h_2	viral_read.count	0	0		cluster_1
UL8	E	1.5h	1.5	PC-12	PC-12_dcDNA_1.5h	LT934125.1	+	152	PC-12_1.5h_3	0	dcDNA	PC-12_1.5h_3	viral_read.count	0	0		cluster_1
UL8	E	12h	12	C6	C6_dcDNA_12h	LT934125.1	+	56266	C6_12h_1	0.00015995450183059	dcDNA	C6_12h_1	viral_read.count	0.00025024683614472	7.88213241113806e-05	0.314974308269766	cluster_1
UL8	E	12h	12	C6	C6_dcDNA_12h	LT934125.1	+	49131	C6_12h_2	0.000305306222140807	dcDNA	C6_12h_2	viral_read.count	0.00025024683614472	7.88213241113806e-05	0.314974308269766	cluster_1
UL8	E	12h	12	C6	C6_dcDNA_12h	LT934125.1	+	28023	C6_12h_3	0.000285479784462763	dcDNA	C6_12h_3	viral_read.count	0.00025024683614472	7.88213241113806e-05	0.314974308269766	cluster_1
UL8	E	12h	12	PC-12	PC-12_dcDNA_12h	LT934125.1	+	40118	PC-12_12h_1	0.000274191136148362	dcDNA	PC-12_12h_1	viral_read.count	0.000191005772197463	8.10892009275649e-05	0.424537960265067	cluster_1
UL8	E	12h	12	PC-12	PC-12_dcDNA_12h	LT934125.1	+	64296	PC-12_12h_2	0.000186636804777902	dcDNA	PC-12_12h_2	viral_read.count	0.000191005772197463	8.10892009275649e-05	0.424537960265067	cluster_1
UL8	E	12h	12	PC-12	PC-12_dcDNA_12h	LT934125.1	+	35654	PC-12_12h_3	0.000112189375666124	dcDNA	PC-12_12h_3	viral_read.count	0.000191005772197463	8.10892009275649e-05	0.424537960265067	cluster_1
UL8	E	12h	12	PK-15	PK-15_dcDNA_12h	LT934125.1	+	137055	PK-15_12h_1	8.02597497355077e-05	dcDNA	PK-15_12h_1	viral_read.count	6.97909651971195e-05	1.56200914861995e-05	0.223812515589686	cluster_1
UL8	E	12h	12	PK-15	PK-15_dcDNA_12h	LT934125.1	+	155287	PK-15_12h_2	7.72762691017278e-05	dcDNA	PK-15_12h_2	viral_read.count	6.97909651971195e-05	1.56200914861995e-05	0.223812515589686	cluster_1
UL8	E	12h	12	PK-15	PK-15_dcDNA_12h	LT934125.1	+	135039	PK-15_12h_3	5.18368767541229e-05	dcDNA	PK-15_12h_3	viral_read.count	6.97909651971195e-05	1.56200914861995e-05	0.223812515589686	cluster_1
UL8	E	1h	1	C6	C6_dcDNA_1h	LT934125.1	+	246	C6_1h_1	0	dcDNA	C6_1h_1	viral_read.count	0	0		cluster_1
UL8	E	1h	1	C6	C6_dcDNA_1h	LT934125.1	+	240	C6_1h_2	0	dcDNA	C6_1h_2	viral_read.count	0	0		cluster_1
UL8	E	1h	1	C6	C6_dcDNA_1h	LT934125.1	+	102	C6_1h_3	0	dcDNA	C6_1h_3	viral_read.count	0	0		cluster_1
UL8	E	1h	1	NRK	NRK_dcDNA_1h	LT934125.1	+	25	NRK_1h_1	0	dcDNA	NRK_1h_1	viral_read.count	0	0		cluster_1
UL8	E	1h	1	NRK	NRK_dcDNA_1h	LT934125.1	+	54	NRK_1h_2	0	dcDNA	NRK_1h_2	viral_read.count	0	0		cluster_1
UL8	E	1h	1	NRK	NRK_dcDNA_1h	LT934125.1	+	20	NRK_1h_3	0	dcDNA	NRK_1h_3	viral_read.count	0	0		cluster_1
UL8	E	1h	1	PC-12	PC-12_dcDNA_1h	LT934125.1	+	154	PC-12_1h_1	0	dcDNA	PC-12_1h_1	viral_read.count	0.00421940928270043	0.0073082312555649	1.73205080756888	cluster_1
UL8	E	1h	1	PC-12	PC-12_dcDNA_1h	LT934125.1	+	93	PC-12_1h_2	0	dcDNA	PC-12_1h_2	viral_read.count	0.00421940928270043	0.0073082312555649	1.73205080756888	cluster_1
UL8	E	1h	1	PC-12	PC-12_dcDNA_1h	LT934125.1	+	158	PC-12_1h_3	0.0126582278481013	dcDNA	PC-12_1h_3	viral_read.count	0.00421940928270043	0.0073082312555649	1.73205080756888	cluster_1
UL8	E	1h	1	PK-15	PK-15_dcDNA_1h	LT934125.1	+	129	PK-15_1h_1	0	dcDNA	PK-15_1h_1	viral_read.count	0	0		cluster_1
UL8	E	1h	1	PK-15	PK-15_dcDNA_1h	LT934125.1	+	76	PK-15_1h_2	0	dcDNA	PK-15_1h_2	viral_read.count	0	0		cluster_1
UL8	E	1h	1	PK-15	PK-15_dcDNA_1h	LT934125.1	+	52	PK-15_1h_3	0	dcDNA	PK-15_1h_3	viral_read.count	0	0		cluster_1
UL8	E	2.5h	2.5	PC-12	PC-12_dcDNA_2.5h	LT934125.1	+	478	PC-12_2.5h_1	0	dcDNA	PC-12_2.5h_1	viral_read.count	0	0		cluster_1
UL8	E	2.5h	2.5	PC-12	PC-12_dcDNA_2.5h	LT934125.1	+	231	PC-12_2.5h_2	0	dcDNA	PC-12_2.5h_2	viral_read.count	0	0		cluster_1
UL8	E	2.5h	2.5	PC-12	PC-12_dcDNA_2.5h	LT934125.1	+	545	PC-12_2.5h_3	0	dcDNA	PC-12_2.5h_3	viral_read.count	0	0		cluster_1
UL8	E	2h	2	C6	C6_dcDNA_2h	LT934125.1	+	243	C6_2h_1	0	dcDNA	C6_2h_1	viral_read.count	0	0		cluster_1
UL8	E	2h	2	C6	C6_dcDNA_2h	LT934125.1	+	468	C6_2h_2	0	dcDNA	C6_2h_2	viral_read.count	0	0		cluster_1
UL8	E	2h	2	NRK	NRK_dcDNA_2h	LT934125.1	+	99	NRK_2h_1	0	dcDNA	NRK_2h_1	viral_read.count	0	0		cluster_1
UL8	E	2h	2	NRK	NRK_dcDNA_2h	LT934125.1	+	71	NRK_2h_2	0	dcDNA	NRK_2h_2	viral_read.count	0	0		cluster_1
UL8	E	2h	2	NRK	NRK_dcDNA_2h	LT934125.1	+	122	NRK_2h_3	0	dcDNA	NRK_2h_3	viral_read.count	0	0		cluster_1
UL8	E	2h	2	PC-12	PC-12_dcDNA_2h	LT934125.1	+	439	PC-12_2h_1	0	dcDNA	PC-12_2h_1	viral_read.count	0.00216080293510449	0.00201045689896843	0.930421218106686	cluster_1
UL8	E	2h	2	PC-12	PC-12_dcDNA_2h	LT934125.1	+	399	PC-12_2h_2	0.0025062656641604	dcDNA	PC-12_2h_2	viral_read.count	0.00216080293510449	0.00201045689896843	0.930421218106686	cluster_1
UL8	E	2h	2	PC-12	PC-12_dcDNA_2h	LT934125.1	+	503	PC-12_2h_3	0.00397614314115308	dcDNA	PC-12_2h_3	viral_read.count	0.00216080293510449	0.00201045689896843	0.930421218106686	cluster_1
UL8	E	2h	2	PK-15	PK-15_dcDNA_2h	LT934125.1	+	482	PK-15_2h_1	0.0020746887966805	dcDNA	PK-15_2h_1	viral_read.count	0.00191815945072542	0.000643677205050092	0.335570228432606	cluster_1
UL8	E	2h	2	PK-15	PK-15_dcDNA_2h	LT934125.1	+	405	PK-15_2h_2	0.00246913580246914	dcDNA	PK-15_2h_2	viral_read.count	0.00191815945072542	0.000643677205050092	0.335570228432606	cluster_1
UL8	E	2h	2	PK-15	PK-15_dcDNA_2h	LT934125.1	+	1652	PK-15_2h_3	0.00121065375302663	dcDNA	PK-15_2h_3	viral_read.count	0.00191815945072542	0.000643677205050092	0.335570228432606	cluster_1
UL8	E	4h	4	C6	C6_dcDNA_4h	LT934125.1	+	680	C6_4h_1	0.00147058823529412	dcDNA	C6_4h_1	viral_read.count	0.00097610472760533	0.000845355954052369	0.866050465841175	cluster_1
UL8	E	4h	4	C6	C6_dcDNA_4h	LT934125.1	+	686	C6_4h_2	0.00145772594752187	dcDNA	C6_4h_2	viral_read.count	0.00097610472760533	0.000845355954052369	0.866050465841175	cluster_1
UL8	E	4h	4	C6	C6_dcDNA_4h	LT934125.1	+	312	C6_4h_3	0	dcDNA	C6_4h_3	viral_read.count	0.00097610472760533	0.000845355954052369	0.866050465841175	cluster_1
UL8	E	4h	4	PC-12	PC-12_dcDNA_4h	LT934125.1	+	2800	PC-12_4h_1	0	dcDNA	PC-12_4h_1	viral_read.count	0.000363212089958864	0.00037878760356453	1.0428826959131	cluster_1
UL8	E	4h	4	PC-12	PC-12_dcDNA_4h	LT934125.1	+	2646	PC-12_4h_2	0.000755857898715042	dcDNA	PC-12_4h_2	viral_read.count	0.000363212089958864	0.00037878760356453	1.0428826959131	cluster_1
UL8	E	4h	4	PC-12	PC-12_dcDNA_4h	LT934125.1	+	2996	PC-12_4h_3	0.000333778371161549	dcDNA	PC-12_4h_3	viral_read.count	0.000363212089958864	0.00037878760356453	1.0428826959131	cluster_1
UL8	E	4h	4	PK-15	PK-15_dcDNA_4h	LT934125.1	+	7826	PK-15_4h_1	0.00102223358037312	dcDNA	PK-15_4h_1	viral_read.count	0.000615791230766924	0.000354222723362273	0.575231841026891	cluster_1
UL8	E	4h	4	PK-15	PK-15_dcDNA_4h	LT934125.1	+	8046	PK-15_4h_2	0.000372856077554064	dcDNA	PK-15_4h_2	viral_read.count	0.000615791230766924	0.000354222723362273	0.575231841026891	cluster_1
UL8	E	4h	4	PK-15	PK-15_dcDNA_4h	LT934125.1	+	6633	PK-15_4h_3	0.000452284034373587	dcDNA	PK-15_4h_3	viral_read.count	0.000615791230766924	0.000354222723362273	0.575231841026891	cluster_1
UL8	E	6h	6	C6	C6_dcDNA_6h	LT934125.1	+	2759	C6_6h_1	0	dcDNA	C6_6h_1	viral_read.count	7.89889415481833e-05	0.000136812859997542	1.73205080756888	cluster_1
UL8	E	6h	6	C6	C6_dcDNA_6h	LT934125.1	+	4220	C6_6h_2	0.00023696682464455	dcDNA	C6_6h_2	viral_read.count	7.89889415481833e-05	0.000136812859997542	1.73205080756888	cluster_1
UL8	E	6h	6	C6	C6_dcDNA_6h	LT934125.1	+	3628	C6_6h_3	0	dcDNA	C6_6h_3	viral_read.count	7.89889415481833e-05	0.000136812859997542	1.73205080756888	cluster_1
UL8	E	6h	6	PC-12	PC-12_dcDNA_6h	LT934125.1	+	7517	PC-12_6h_1	0.000665158972994546	dcDNA	PC-12_6h_1	viral_read.count	0.00035607406693365	0.000273138132536844	0.7670823514023	cluster_1
UL8	E	6h	6	PC-12	PC-12_dcDNA_6h	LT934125.1	+	13589	PC-12_6h_2	0.000147177864449187	dcDNA	PC-12_6h_2	viral_read.count	0.00035607406693365	0.000273138132536844	0.7670823514023	cluster_1
UL8	E	6h	6	PC-12	PC-12_dcDNA_6h	LT934125.1	+	11724	PC-12_6h_3	0.000255885363357216	dcDNA	PC-12_6h_3	viral_read.count	0.00035607406693365	0.000273138132536844	0.7670823514023	cluster_1
UL8	E	6h	6	PK-15	PK-15_dcDNA_6h	LT934125.1	+	37872	PK-15_6h_1	0.000237642585551331	dcDNA	PK-15_6h_1	viral_read.count	0.000270732158516599	5.11371896412107e-05	0.188884800096902	cluster_1
UL8	E	6h	6	PK-15	PK-15_dcDNA_6h	LT934125.1	+	30337	PK-15_6h_2	0.000329630484227181	dcDNA	PK-15_6h_2	viral_read.count	0.000270732158516599	5.11371896412107e-05	0.188884800096902	cluster_1
UL8	E	6h	6	PK-15	PK-15_dcDNA_6h	LT934125.1	+	44912	PK-15_6h_3	0.000244923405771286	dcDNA	PK-15_6h_3	viral_read.count	0.000270732158516599	5.11371896412107e-05	0.188884800096902	cluster_1
UL8	E	8h	8	C6	C6_dcDNA_8h	LT934125.1	+	10124	C6_8h_1	0.000493875938364283	dcDNA	C6_8h_1	viral_read.count	0.000307119236788848	0.000163184190304845	0.531338225540845	cluster_1
UL8	E	8h	8	C6	C6_dcDNA_8h	LT934125.1	+	10414	C6_8h_2	0.000192049164586134	dcDNA	C6_8h_2	viral_read.count	0.000307119236788848	0.000163184190304845	0.531338225540845	cluster_1
UL8	E	8h	8	C6	C6_dcDNA_8h	LT934125.1	+	8495	C6_8h_3	0.000235432607416127	dcDNA	C6_8h_3	viral_read.count	0.000307119236788848	0.000163184190304845	0.531338225540845	cluster_1
UL8	E	8h	8	PC-12	PC-12_dcDNA_8h	LT934125.1	+	14035	PC-12_8h_1	0.000498753117206983	dcDNA	PC-12_8h_1	viral_read.count	0.000376895048784568	0.000172333333047568	0.457244884493224	cluster_1
UL8	E	8h	8	PC-12	PC-12_dcDNA_8h	LT934125.1	+	15684	PC-12_8h_2	0.000255036980362153	dcDNA	PC-12_8h_2	viral_read.count	0.000376895048784568	0.000172333333047568	0.457244884493224	cluster_1
UL8	E	8h	8	PK-15	PK-15_dcDNA_8h	LT934125.1	+	69419	PK-15_8h_1	0.000273700283783978	dcDNA	PK-15_8h_1	viral_read.count	0.000252726195433124	1.8164137338091e-05	0.0718727922404767	cluster_1
UL8	E	8h	8	PK-15	PK-15_dcDNA_8h	LT934125.1	+	74319	PK-15_8h_2	0.000242199168449522	dcDNA	PK-15_8h_2	viral_read.count	0.000252726195433124	1.8164137338091e-05	0.0718727922404767	cluster_1
UL8	E	8h	8	PK-15	PK-15_dcDNA_8h	LT934125.1	+	70167	PK-15_8h_3	0.000242279134065871	dcDNA	PK-15_8h_3	viral_read.count	0.000252726195433124	1.8164137338091e-05	0.0718727922404767	cluster_1
UL9	L	""		C6	C6_dRNA	LT934125.1	+	3	C6_dRNA	0	dcDNA	C6_dRNA	viral_read.count	0			cluster_1
UL9	L	""		PC-12	PC-12_dRNA	LT934125.1	+	20	PC-12_dRNA	0	dcDNA	PC-12_dRNA	viral_read.count	0			cluster_1
UL9	L	""		PK-15	PK-15_dRNA	LT934125.1	+	68	PK-15_dRNA	0	dcDNA	PK-15_dRNA	viral_read.count	0			cluster_1
UL9	L	0.5h	0.5	PC-12	PC-12_dcDNA_0.5h	LT934125.1	+	13	PC-12_0.5h_1	0	dcDNA	PC-12_0.5h_1	viral_read.count	0	0		cluster_1
UL9	L	0.5h	0.5	PC-12	PC-12_dcDNA_0.5h	LT934125.1	+	13	PC-12_0.5h_2	0	dcDNA	PC-12_0.5h_2	viral_read.count	0	0		cluster_1
UL9	L	0.5h	0.5	PC-12	PC-12_dcDNA_0.5h	LT934125.1	+	2	PC-12_0.5h_3	0	dcDNA	PC-12_0.5h_3	viral_read.count	0	0		cluster_1
UL9	L	1.5h	1.5	PC-12	PC-12_dcDNA_1.5h	LT934125.1	+	138	PC-12_1.5h_1	0	dcDNA	PC-12_1.5h_1	viral_read.count	0	0		cluster_1
UL9	L	1.5h	1.5	PC-12	PC-12_dcDNA_1.5h	LT934125.1	+	129	PC-12_1.5h_2	0	dcDNA	PC-12_1.5h_2	viral_read.count	0	0		cluster_1
UL9	L	1.5h	1.5	PC-12	PC-12_dcDNA_1.5h	LT934125.1	+	152	PC-12_1.5h_3	0	dcDNA	PC-12_1.5h_3	viral_read.count	0	0		cluster_1
UL9	L	12h	12	C6	C6_dcDNA_12h	LT934125.1	+	56266	C6_12h_1	5.33181672768635e-05	dcDNA	C6_12h_1	viral_read.count	4.15627044641847e-05	3.71087655627933e-05	0.892838087443769	cluster_1
UL9	L	12h	12	C6	C6_dcDNA_12h	LT934125.1	+	49131	C6_12h_2	0	dcDNA	C6_12h_2	viral_read.count	4.15627044641847e-05	3.71087655627933e-05	0.892838087443769	cluster_1
UL9	L	12h	12	C6	C6_dcDNA_12h	LT934125.1	+	28023	C6_12h_3	7.13699461156907e-05	dcDNA	C6_12h_3	viral_read.count	4.15627044641847e-05	3.71087655627933e-05	0.892838087443769	cluster_1
UL9	L	12h	12	PC-12	PC-12_dcDNA_12h	LT934125.1	+	40118	PC-12_12h_1	0	dcDNA	PC-12_12h_1	viral_read.count	1.45334703271188e-05	1.40514432825849e-05	0.966833314157979	cluster_1
UL9	L	12h	12	PC-12	PC-12_dcDNA_12h	LT934125.1	+	64296	PC-12_12h_2	1.55530670648252e-05	dcDNA	PC-12_12h_2	viral_read.count	1.45334703271188e-05	1.40514432825849e-05	0.966833314157979	cluster_1
UL9	L	12h	12	PC-12	PC-12_dcDNA_12h	LT934125.1	+	35654	PC-12_12h_3	2.80473439165311e-05	dcDNA	PC-12_12h_3	viral_read.count	1.45334703271188e-05	1.40514432825849e-05	0.966833314157979	cluster_1
UL9	L	12h	12	PK-15	PK-15_dcDNA_12h	LT934125.1	+	137055	PK-15_12h_1	0	dcDNA	PK-15_12h_1	viral_read.count	0	0		cluster_1
UL9	L	12h	12	PK-15	PK-15_dcDNA_12h	LT934125.1	+	155287	PK-15_12h_2	0	dcDNA	PK-15_12h_2	viral_read.count	0	0		cluster_1
UL9	L	12h	12	PK-15	PK-15_dcDNA_12h	LT934125.1	+	135039	PK-15_12h_3	0	dcDNA	PK-15_12h_3	viral_read.count	0	0		cluster_1
UL9	L	1h	1	C6	C6_dcDNA_1h	LT934125.1	+	246	C6_1h_1	0	dcDNA	C6_1h_1	viral_read.count	0	0		cluster_1
UL9	L	1h	1	C6	C6_dcDNA_1h	LT934125.1	+	240	C6_1h_2	0	dcDNA	C6_1h_2	viral_read.count	0	0		cluster_1
UL9	L	1h	1	C6	C6_dcDNA_1h	LT934125.1	+	102	C6_1h_3	0	dcDNA	C6_1h_3	viral_read.count	0	0		cluster_1
UL9	L	1h	1	NRK	NRK_dcDNA_1h	LT934125.1	+	25	NRK_1h_1	0	dcDNA	NRK_1h_1	viral_read.count	0	0		cluster_1
UL9	L	1h	1	NRK	NRK_dcDNA_1h	LT934125.1	+	54	NRK_1h_2	0	dcDNA	NRK_1h_2	viral_read.count	0	0		cluster_1
UL9	L	1h	1	NRK	NRK_dcDNA_1h	LT934125.1	+	20	NRK_1h_3	0	dcDNA	NRK_1h_3	viral_read.count	0	0		cluster_1
UL9	L	1h	1	PC-12	PC-12_dcDNA_1h	LT934125.1	+	154	PC-12_1h_1	0	dcDNA	PC-12_1h_1	viral_read.count	0	0		cluster_1
UL9	L	1h	1	PC-12	PC-12_dcDNA_1h	LT934125.1	+	93	PC-12_1h_2	0	dcDNA	PC-12_1h_2	viral_read.count	0	0		cluster_1
UL9	L	1h	1	PC-12	PC-12_dcDNA_1h	LT934125.1	+	158	PC-12_1h_3	0	dcDNA	PC-12_1h_3	viral_read.count	0	0		cluster_1
UL9	L	1h	1	PK-15	PK-15_dcDNA_1h	LT934125.1	+	129	PK-15_1h_1	0	dcDNA	PK-15_1h_1	viral_read.count	0	0		cluster_1
UL9	L	1h	1	PK-15	PK-15_dcDNA_1h	LT934125.1	+	76	PK-15_1h_2	0	dcDNA	PK-15_1h_2	viral_read.count	0	0		cluster_1
UL9	L	1h	1	PK-15	PK-15_dcDNA_1h	LT934125.1	+	52	PK-15_1h_3	0	dcDNA	PK-15_1h_3	viral_read.count	0	0		cluster_1
UL9	L	2.5h	2.5	PC-12	PC-12_dcDNA_2.5h	LT934125.1	+	478	PC-12_2.5h_1	0	dcDNA	PC-12_2.5h_1	viral_read.count	0	0		cluster_1
UL9	L	2.5h	2.5	PC-12	PC-12_dcDNA_2.5h	LT934125.1	+	231	PC-12_2.5h_2	0	dcDNA	PC-12_2.5h_2	viral_read.count	0	0		cluster_1
UL9	L	2.5h	2.5	PC-12	PC-12_dcDNA_2.5h	LT934125.1	+	545	PC-12_2.5h_3	0	dcDNA	PC-12_2.5h_3	viral_read.count	0	0		cluster_1
UL9	L	2h	2	C6	C6_dcDNA_2h	LT934125.1	+	243	C6_2h_1	0	dcDNA	C6_2h_1	viral_read.count	0	0		cluster_1
UL9	L	2h	2	C6	C6_dcDNA_2h	LT934125.1	+	468	C6_2h_2	0	dcDNA	C6_2h_2	viral_read.count	0	0		cluster_1
UL9	L	2h	2	NRK	NRK_dcDNA_2h	LT934125.1	+	99	NRK_2h_1	0	dcDNA	NRK_2h_1	viral_read.count	0	0		cluster_1
UL9	L	2h	2	NRK	NRK_dcDNA_2h	LT934125.1	+	71	NRK_2h_2	0	dcDNA	NRK_2h_2	viral_read.count	0	0		cluster_1
UL9	L	2h	2	NRK	NRK_dcDNA_2h	LT934125.1	+	122	NRK_2h_3	0	dcDNA	NRK_2h_3	viral_read.count	0	0		cluster_1
UL9	L	2h	2	PC-12	PC-12_dcDNA_2h	LT934125.1	+	439	PC-12_2h_1	0	dcDNA	PC-12_2h_1	viral_read.count	0	0		cluster_1
UL9	L	2h	2	PC-12	PC-12_dcDNA_2h	LT934125.1	+	399	PC-12_2h_2	0	dcDNA	PC-12_2h_2	viral_read.count	0	0		cluster_1
UL9	L	2h	2	PC-12	PC-12_dcDNA_2h	LT934125.1	+	503	PC-12_2h_3	0	dcDNA	PC-12_2h_3	viral_read.count	0	0		cluster_1
UL9	L	2h	2	PK-15	PK-15_dcDNA_2h	LT934125.1	+	482	PK-15_2h_1	0	dcDNA	PK-15_2h_1	viral_read.count	0	0		cluster_1
UL9	L	2h	2	PK-15	PK-15_dcDNA_2h	LT934125.1	+	405	PK-15_2h_2	0	dcDNA	PK-15_2h_2	viral_read.count	0	0		cluster_1
UL9	L	2h	2	PK-15	PK-15_dcDNA_2h	LT934125.1	+	1652	PK-15_2h_3	0	dcDNA	PK-15_2h_3	viral_read.count	0	0		cluster_1
UL9	L	4h	4	C6	C6_dcDNA_4h	LT934125.1	+	680	C6_4h_1	0	dcDNA	C6_4h_1	viral_read.count	0	0		cluster_1
UL9	L	4h	4	C6	C6_dcDNA_4h	LT934125.1	+	686	C6_4h_2	0	dcDNA	C6_4h_2	viral_read.count	0	0		cluster_1
UL9	L	4h	4	C6	C6_dcDNA_4h	LT934125.1	+	312	C6_4h_3	0	dcDNA	C6_4h_3	viral_read.count	0	0		cluster_1
UL9	L	4h	4	PC-12	PC-12_dcDNA_4h	LT934125.1	+	2800	PC-12_4h_1	0	dcDNA	PC-12_4h_1	viral_read.count	0	0		cluster_1
UL9	L	4h	4	PC-12	PC-12_dcDNA_4h	LT934125.1	+	2646	PC-12_4h_2	0	dcDNA	PC-12_4h_2	viral_read.count	0	0		cluster_1
UL9	L	4h	4	PC-12	PC-12_dcDNA_4h	LT934125.1	+	2996	PC-12_4h_3	0	dcDNA	PC-12_4h_3	viral_read.count	0	0		cluster_1
UL9	L	4h	4	PK-15	PK-15_dcDNA_4h	LT934125.1	+	7826	PK-15_4h_1	0	dcDNA	PK-15_4h_1	viral_read.count	0	0		cluster_1
UL9	L	4h	4	PK-15	PK-15_dcDNA_4h	LT934125.1	+	8046	PK-15_4h_2	0	dcDNA	PK-15_4h_2	viral_read.count	0	0		cluster_1
UL9	L	4h	4	PK-15	PK-15_dcDNA_4h	LT934125.1	+	6633	PK-15_4h_3	0	dcDNA	PK-15_4h_3	viral_read.count	0	0		cluster_1
UL9	L	6h	6	C6	C6_dcDNA_6h	LT934125.1	+	2759	C6_6h_1	0	dcDNA	C6_6h_1	viral_read.count	0	0		cluster_1
UL9	L	6h	6	C6	C6_dcDNA_6h	LT934125.1	+	4220	C6_6h_2	0	dcDNA	C6_6h_2	viral_read.count	0	0		cluster_1
UL9	L	6h	6	C6	C6_dcDNA_6h	LT934125.1	+	3628	C6_6h_3	0	dcDNA	C6_6h_3	viral_read.count	0	0		cluster_1
UL9	L	6h	6	PC-12	PC-12_dcDNA_6h	LT934125.1	+	7517	PC-12_6h_1	0	dcDNA	PC-12_6h_1	viral_read.count	0	0		cluster_1
UL9	L	6h	6	PC-12	PC-12_dcDNA_6h	LT934125.1	+	13589	PC-12_6h_2	0	dcDNA	PC-12_6h_2	viral_read.count	0	0		cluster_1
UL9	L	6h	6	PC-12	PC-12_dcDNA_6h	LT934125.1	+	11724	PC-12_6h_3	0	dcDNA	PC-12_6h_3	viral_read.count	0	0		cluster_1
UL9	L	6h	6	PK-15	PK-15_dcDNA_6h	LT934125.1	+	37872	PK-15_6h_1	2.64047317279256e-05	dcDNA	PK-15_6h_1	viral_read.count	8.80157724264187e-06	1.52447789709977e-05	1.73205080756888	cluster_1
UL9	L	6h	6	PK-15	PK-15_dcDNA_6h	LT934125.1	+	30337	PK-15_6h_2	0	dcDNA	PK-15_6h_2	viral_read.count	8.80157724264187e-06	1.52447789709977e-05	1.73205080756888	cluster_1
UL9	L	6h	6	PK-15	PK-15_dcDNA_6h	LT934125.1	+	44912	PK-15_6h_3	0	dcDNA	PK-15_6h_3	viral_read.count	8.80157724264187e-06	1.52447789709977e-05	1.73205080756888	cluster_1
UL9	L	8h	8	C6	C6_dcDNA_8h	LT934125.1	+	10124	C6_8h_1	0	dcDNA	C6_8h_1	viral_read.count	0	0		cluster_1
UL9	L	8h	8	C6	C6_dcDNA_8h	LT934125.1	+	10414	C6_8h_2	0	dcDNA	C6_8h_2	viral_read.count	0	0		cluster_1
UL9	L	8h	8	C6	C6_dcDNA_8h	LT934125.1	+	8495	C6_8h_3	0	dcDNA	C6_8h_3	viral_read.count	0	0		cluster_1
UL9	L	8h	8	PC-12	PC-12_dcDNA_8h	LT934125.1	+	14035	PC-12_8h_1	7.12504453152832e-05	dcDNA	PC-12_8h_1	viral_read.count	3.56252226576416e-05	5.0381673044998e-05	1.4142135623731	cluster_1
UL9	L	8h	8	PC-12	PC-12_dcDNA_8h	LT934125.1	+	15684	PC-12_8h_2	0	dcDNA	PC-12_8h_2	viral_read.count	3.56252226576416e-05	5.0381673044998e-05	1.4142135623731	cluster_1
UL9	L	8h	8	PK-15	PK-15_dcDNA_8h	LT934125.1	+	69419	PK-15_8h_1	1.44052780938936e-05	dcDNA	PK-15_8h_1	viral_read.count	4.8017593646312e-06	8.31689118526089e-06	1.73205080756888	cluster_1
UL9	L	8h	8	PK-15	PK-15_dcDNA_8h	LT934125.1	+	74319	PK-15_8h_2	0	dcDNA	PK-15_8h_2	viral_read.count	4.8017593646312e-06	8.31689118526089e-06	1.73205080756888	cluster_1
UL9	L	8h	8	PK-15	PK-15_dcDNA_8h	LT934125.1	+	70167	PK-15_8h_3	0	dcDNA	PK-15_8h_3	viral_read.count	4.8017593646312e-06	8.31689118526089e-06	1.73205080756888	cluster_1
US1	E	""		C6	C6_dRNA	LT934125.1	+	3	C6_dRNA	0	dcDNA	C6_dRNA	viral_read.count	0			cluster_11
US1	E	""		PC-12	PC-12_dRNA	LT934125.1	+	20	PC-12_dRNA	0	dcDNA	PC-12_dRNA	viral_read.count	0			cluster_11
US1	E	""		PK-15	PK-15_dRNA	LT934125.1	+	68	PK-15_dRNA	0	dcDNA	PK-15_dRNA	viral_read.count	0			cluster_11
US1	E	0.5h	0.5	PC-12	PC-12_dcDNA_0.5h	LT934125.1	+	13	PC-12_0.5h_1	0	dcDNA	PC-12_0.5h_1	viral_read.count	0.166666666666667	0.288675134594813	1.73205080756888	cluster_11
US1	E	0.5h	0.5	PC-12	PC-12_dcDNA_0.5h	LT934125.1	+	13	PC-12_0.5h_2	0	dcDNA	PC-12_0.5h_2	viral_read.count	0.166666666666667	0.288675134594813	1.73205080756888	cluster_11
US1	E	0.5h	0.5	PC-12	PC-12_dcDNA_0.5h	LT934125.1	+	2	PC-12_0.5h_3	0.5	dcDNA	PC-12_0.5h_3	viral_read.count	0.166666666666667	0.288675134594813	1.73205080756888	cluster_11
US1	E	1.5h	1.5	PC-12	PC-12_dcDNA_1.5h	LT934125.1	+	138	PC-12_1.5h_1	0.036231884057971	dcDNA	PC-12_1.5h_1	viral_read.count	0.0550699507447419	0.0171469147028197	0.311366080247618	cluster_11
US1	E	1.5h	1.5	PC-12	PC-12_dcDNA_1.5h	LT934125.1	+	129	PC-12_1.5h_2	0.0697674418604651	dcDNA	PC-12_1.5h_2	viral_read.count	0.0550699507447419	0.0171469147028197	0.311366080247618	cluster_11
US1	E	1.5h	1.5	PC-12	PC-12_dcDNA_1.5h	LT934125.1	+	152	PC-12_1.5h_3	0.0592105263157895	dcDNA	PC-12_1.5h_3	viral_read.count	0.0550699507447419	0.0171469147028197	0.311366080247618	cluster_11
US1	E	12h	12	C6	C6_dcDNA_12h	LT934125.1	+	56266	C6_12h_1	0.0652436640244553	dcDNA	C6_12h_1	viral_read.count	0.0686193501911815	0.0156479377504058	0.228039725045615	cluster_11
US1	E	12h	12	C6	C6_dcDNA_12h	LT934125.1	+	49131	C6_12h_2	0.0549347662372026	dcDNA	C6_12h_2	viral_read.count	0.0686193501911815	0.0156479377504058	0.228039725045615	cluster_11
US1	E	12h	12	C6	C6_dcDNA_12h	LT934125.1	+	28023	C6_12h_3	0.0856796203118867	dcDNA	C6_12h_3	viral_read.count	0.0686193501911815	0.0156479377504058	0.228039725045615	cluster_11
US1	E	12h	12	PC-12	PC-12_dcDNA_12h	LT934125.1	+	40118	PC-12_12h_1	0.039259185403061	dcDNA	PC-12_12h_1	viral_read.count	0.0431264230947323	0.00757956492464399	0.175752227537966	cluster_11
US1	E	12h	12	PC-12	PC-12_dcDNA_12h	LT934125.1	+	64296	PC-12_12h_2	0.03826054497947	dcDNA	PC-12_12h_2	viral_read.count	0.0431264230947323	0.00757956492464399	0.175752227537966	cluster_11
US1	E	12h	12	PC-12	PC-12_dcDNA_12h	LT934125.1	+	35654	PC-12_12h_3	0.051859538901666	dcDNA	PC-12_12h_3	viral_read.count	0.0431264230947323	0.00757956492464399	0.175752227537966	cluster_11
US1	E	12h	12	PK-15	PK-15_dcDNA_12h	LT934125.1	+	137055	PK-15_12h_1	0.0170515486483529	dcDNA	PK-15_12h_1	viral_read.count	0.0206378288034211	0.00687952886306457	0.333345572763166	cluster_11
US1	E	12h	12	PK-15	PK-15_dcDNA_12h	LT934125.1	+	155287	PK-15_12h_2	0.0162924134022809	dcDNA	PK-15_12h_2	viral_read.count	0.0206378288034211	0.00687952886306457	0.333345572763166	cluster_11
US1	E	12h	12	PK-15	PK-15_dcDNA_12h	LT934125.1	+	135039	PK-15_12h_3	0.0285695243596294	dcDNA	PK-15_12h_3	viral_read.count	0.0206378288034211	0.00687952886306457	0.333345572763166	cluster_11
US1	E	1h	1	C6	C6_dcDNA_1h	LT934125.1	+	246	C6_1h_1	0.101626016260163	dcDNA	C6_1h_1	viral_read.count	0.0966204367926034	0.00730711608496185	0.0756270239250381	cluster_11
US1	E	1h	1	C6	C6_dcDNA_1h	LT934125.1	+	240	C6_1h_2	0.1	dcDNA	C6_1h_2	viral_read.count	0.0966204367926034	0.00730711608496185	0.0756270239250381	cluster_11
US1	E	1h	1	C6	C6_dcDNA_1h	LT934125.1	+	102	C6_1h_3	0.0882352941176471	dcDNA	C6_1h_3	viral_read.count	0.0966204367926034	0.00730711608496185	0.0756270239250381	cluster_11
US1	E	1h	1	NRK	NRK_dcDNA_1h	LT934125.1	+	25	NRK_1h_1	0	dcDNA	NRK_1h_1	viral_read.count	0	0		cluster_11
US1	E	1h	1	NRK	NRK_dcDNA_1h	LT934125.1	+	54	NRK_1h_2	0	dcDNA	NRK_1h_2	viral_read.count	0	0		cluster_11
US1	E	1h	1	NRK	NRK_dcDNA_1h	LT934125.1	+	20	NRK_1h_3	0	dcDNA	NRK_1h_3	viral_read.count	0	0		cluster_11
US1	E	1h	1	PC-12	PC-12_dcDNA_1h	LT934125.1	+	154	PC-12_1h_1	0.0649350649350649	dcDNA	PC-12_1h_1	viral_read.count	0.076905672250711	0.0210975490840912	0.274330208249316	cluster_11
US1	E	1h	1	PC-12	PC-12_dcDNA_1h	LT934125.1	+	93	PC-12_1h_2	0.0645161290322581	dcDNA	PC-12_1h_2	viral_read.count	0.076905672250711	0.0210975490840912	0.274330208249316	cluster_11
US1	E	1h	1	PC-12	PC-12_dcDNA_1h	LT934125.1	+	158	PC-12_1h_3	0.10126582278481	dcDNA	PC-12_1h_3	viral_read.count	0.076905672250711	0.0210975490840912	0.274330208249316	cluster_11
US1	E	1h	1	PK-15	PK-15_dcDNA_1h	LT934125.1	+	129	PK-15_1h_1	0	dcDNA	PK-15_1h_1	viral_read.count	0.0300269905533063	0.0411426145994295	1.37018774913156	cluster_11
US1	E	1h	1	PK-15	PK-15_dcDNA_1h	LT934125.1	+	76	PK-15_1h_2	0.0131578947368421	dcDNA	PK-15_1h_2	viral_read.count	0.0300269905533063	0.0411426145994295	1.37018774913156	cluster_11
US1	E	1h	1	PK-15	PK-15_dcDNA_1h	LT934125.1	+	52	PK-15_1h_3	0.0769230769230769	dcDNA	PK-15_1h_3	viral_read.count	0.0300269905533063	0.0411426145994295	1.37018774913156	cluster_11
US1	E	2.5h	2.5	PC-12	PC-12_dcDNA_2.5h	LT934125.1	+	478	PC-12_2.5h_1	0.0648535564853557	dcDNA	PC-12_2.5h_1	viral_read.count	0.0626149793974446	0.00213304067261505	0.0340659805871005	cluster_11
US1	E	2.5h	2.5	PC-12	PC-12_dcDNA_2.5h	LT934125.1	+	231	PC-12_2.5h_2	0.0606060606060606	dcDNA	PC-12_2.5h_2	viral_read.count	0.0626149793974446	0.00213304067261505	0.0340659805871005	cluster_11
US1	E	2.5h	2.5	PC-12	PC-12_dcDNA_2.5h	LT934125.1	+	545	PC-12_2.5h_3	0.0623853211009174	dcDNA	PC-12_2.5h_3	viral_read.count	0.0626149793974446	0.00213304067261505	0.0340659805871005	cluster_11
US1	E	2h	2	C6	C6_dcDNA_2h	LT934125.1	+	243	C6_2h_1	0.111111111111111	dcDNA	C6_2h_1	viral_read.count	0.123931623931624	0.0181309431073476	0.146297954728253	cluster_11
US1	E	2h	2	C6	C6_dcDNA_2h	LT934125.1	+	468	C6_2h_2	0.136752136752137	dcDNA	C6_2h_2	viral_read.count	0.123931623931624	0.0181309431073476	0.146297954728253	cluster_11
US1	E	2h	2	NRK	NRK_dcDNA_2h	LT934125.1	+	99	NRK_2h_1	0.0404040404040404	dcDNA	NRK_2h_1	viral_read.count	0.0478711536204032	0.0198979615015803	0.415656611481776	cluster_11
US1	E	2h	2	NRK	NRK_dcDNA_2h	LT934125.1	+	71	NRK_2h_2	0.0704225352112676	dcDNA	NRK_2h_2	viral_read.count	0.0478711536204032	0.0198979615015803	0.415656611481776	cluster_11
US1	E	2h	2	NRK	NRK_dcDNA_2h	LT934125.1	+	122	NRK_2h_3	0.0327868852459016	dcDNA	NRK_2h_3	viral_read.count	0.0478711536204032	0.0198979615015803	0.415656611481776	cluster_11
US1	E	2h	2	PC-12	PC-12_dcDNA_2h	LT934125.1	+	439	PC-12_2h_1	0.123006833712984	dcDNA	PC-12_2h_1	viral_read.count	0.105103883807755	0.0227360619438564	0.216319902939485	cluster_11
US1	E	2h	2	PC-12	PC-12_dcDNA_2h	LT934125.1	+	399	PC-12_2h_2	0.112781954887218	dcDNA	PC-12_2h_2	viral_read.count	0.105103883807755	0.0227360619438564	0.216319902939485	cluster_11
US1	E	2h	2	PC-12	PC-12_dcDNA_2h	LT934125.1	+	503	PC-12_2h_3	0.0795228628230616	dcDNA	PC-12_2h_3	viral_read.count	0.105103883807755	0.0227360619438564	0.216319902939485	cluster_11
US1	E	2h	2	PK-15	PK-15_dcDNA_2h	LT934125.1	+	482	PK-15_2h_1	0.0850622406639004	dcDNA	PK-15_2h_1	viral_read.count	0.0741417026567568	0.0245697251487811	0.331388736276101	cluster_11
US1	E	2h	2	PK-15	PK-15_dcDNA_2h	LT934125.1	+	405	PK-15_2h_2	0.091358024691358	dcDNA	PK-15_2h_2	viral_read.count	0.0741417026567568	0.0245697251487811	0.331388736276101	cluster_11
US1	E	2h	2	PK-15	PK-15_dcDNA_2h	LT934125.1	+	1652	PK-15_2h_3	0.0460048426150121	dcDNA	PK-15_2h_3	viral_read.count	0.0741417026567568	0.0245697251487811	0.331388736276101	cluster_11
US1	E	4h	4	C6	C6_dcDNA_4h	LT934125.1	+	680	C6_4h_1	0.123529411764706	dcDNA	C6_4h_1	viral_read.count	0.129780043885686	0.00567688169712695	0.0437423314645147	cluster_11
US1	E	4h	4	C6	C6_dcDNA_4h	LT934125.1	+	686	C6_4h_2	0.131195335276968	dcDNA	C6_4h_2	viral_read.count	0.129780043885686	0.00567688169712695	0.0437423314645147	cluster_11
US1	E	4h	4	C6	C6_dcDNA_4h	LT934125.1	+	312	C6_4h_3	0.134615384615385	dcDNA	C6_4h_3	viral_read.count	0.129780043885686	0.00567688169712695	0.0437423314645147	cluster_11
US1	E	4h	4	PC-12	PC-12_dcDNA_4h	LT934125.1	+	2800	PC-12_4h_1	0.152857142857143	dcDNA	PC-12_4h_1	viral_read.count	0.172792082565113	0.0174424408100447	0.10094467611658	cluster_11
US1	E	4h	4	PC-12	PC-12_dcDNA_4h	LT934125.1	+	2646	PC-12_4h_2	0.180272108843537	dcDNA	PC-12_4h_2	viral_read.count	0.172792082565113	0.0174424408100447	0.10094467611658	cluster_11
US1	E	4h	4	PC-12	PC-12_dcDNA_4h	LT934125.1	+	2996	PC-12_4h_3	0.18524699599466	dcDNA	PC-12_4h_3	viral_read.count	0.172792082565113	0.0174424408100447	0.10094467611658	cluster_11
US1	E	4h	4	PK-15	PK-15_dcDNA_4h	LT934125.1	+	7826	PK-15_4h_1	0.0695118834653718	dcDNA	PK-15_4h_1	viral_read.count	0.0907059204230288	0.0373884948001002	0.412194646454499	cluster_11
US1	E	4h	4	PK-15	PK-15_dcDNA_4h	LT934125.1	+	8046	PK-15_4h_2	0.0687298036291325	dcDNA	PK-15_4h_2	viral_read.count	0.0907059204230288	0.0373884948001002	0.412194646454499	cluster_11
US1	E	4h	4	PK-15	PK-15_dcDNA_4h	LT934125.1	+	6633	PK-15_4h_3	0.133876074174582	dcDNA	PK-15_4h_3	viral_read.count	0.0907059204230288	0.0373884948001002	0.412194646454499	cluster_11
US1	E	6h	6	C6	C6_dcDNA_6h	LT934125.1	+	2759	C6_6h_1	0.0732149329467198	dcDNA	C6_6h_1	viral_read.count	0.0846023890410802	0.0215690998418404	0.254946699334545	cluster_11
US1	E	6h	6	C6	C6_dcDNA_6h	LT934125.1	+	4220	C6_6h_2	0.109478672985782	dcDNA	C6_6h_2	viral_read.count	0.0846023890410802	0.0215690998418404	0.254946699334545	cluster_11
US1	E	6h	6	C6	C6_dcDNA_6h	LT934125.1	+	3628	C6_6h_3	0.0711135611907387	dcDNA	C6_6h_3	viral_read.count	0.0846023890410802	0.0215690998418404	0.254946699334545	cluster_11
US1	E	6h	6	PC-12	PC-12_dcDNA_6h	LT934125.1	+	7517	PC-12_6h_1	0.141545829453239	dcDNA	PC-12_6h_1	viral_read.count	0.137859013382949	0.0127198597247169	0.0922671605764598	cluster_11
US1	E	6h	6	PC-12	PC-12_dcDNA_6h	LT934125.1	+	13589	PC-12_6h_2	0.123702995069542	dcDNA	PC-12_6h_2	viral_read.count	0.137859013382949	0.0127198597247169	0.0922671605764598	cluster_11
US1	E	6h	6	PC-12	PC-12_dcDNA_6h	LT934125.1	+	11724	PC-12_6h_3	0.148328215626066	dcDNA	PC-12_6h_3	viral_read.count	0.137859013382949	0.0127198597247169	0.0922671605764598	cluster_11
US1	E	6h	6	PK-15	PK-15_dcDNA_6h	LT934125.1	+	37872	PK-15_6h_1	0.0998891001267427	dcDNA	PK-15_6h_1	viral_read.count	0.0943202591570437	0.0383136873202352	0.406208461073487	cluster_11
US1	E	6h	6	PK-15	PK-15_dcDNA_6h	LT934125.1	+	30337	PK-15_6h_2	0.129544780301282	dcDNA	PK-15_6h_2	viral_read.count	0.0943202591570437	0.0383136873202352	0.406208461073487	cluster_11
US1	E	6h	6	PK-15	PK-15_dcDNA_6h	LT934125.1	+	44912	PK-15_6h_3	0.0535268970431065	dcDNA	PK-15_6h_3	viral_read.count	0.0943202591570437	0.0383136873202352	0.406208461073487	cluster_11
US1	E	8h	8	C6	C6_dcDNA_8h	LT934125.1	+	10124	C6_8h_1	0.0677597787435796	dcDNA	C6_8h_1	viral_read.count	0.0604558509525301	0.00732922197118308	0.121232632668391	cluster_11
US1	E	8h	8	C6	C6_dcDNA_8h	LT934125.1	+	10414	C6_8h_2	0.0531015940080661	dcDNA	C6_8h_2	viral_read.count	0.0604558509525301	0.00732922197118308	0.121232632668391	cluster_11
US1	E	8h	8	C6	C6_dcDNA_8h	LT934125.1	+	8495	C6_8h_3	0.0605061801059447	dcDNA	C6_8h_3	viral_read.count	0.0604558509525301	0.00732922197118308	0.121232632668391	cluster_11
US1	E	8h	8	PC-12	PC-12_dcDNA_8h	LT934125.1	+	14035	PC-12_8h_1	0.0557890986818668	dcDNA	PC-12_8h_1	viral_read.count	0.0477874338091813	0.0113160629845162	0.23679997192781	cluster_11
US1	E	8h	8	PC-12	PC-12_dcDNA_8h	LT934125.1	+	15684	PC-12_8h_2	0.0397857689364958	dcDNA	PC-12_8h_2	viral_read.count	0.0477874338091813	0.0113160629845162	0.23679997192781	cluster_11
US1	E	8h	8	PK-15	PK-15_dcDNA_8h	LT934125.1	+	69419	PK-15_8h_1	0.0555323470519598	dcDNA	PK-15_8h_1	viral_read.count	0.0598416286413279	0.00847501285848203	0.141624034153192	cluster_11
US1	E	8h	8	PK-15	PK-15_dcDNA_8h	LT934125.1	+	74319	PK-15_8h_2	0.0543871688262759	dcDNA	PK-15_8h_2	viral_read.count	0.0598416286413279	0.00847501285848203	0.141624034153192	cluster_11
US1	E	8h	8	PK-15	PK-15_dcDNA_8h	LT934125.1	+	70167	PK-15_8h_3	0.069605370045748	dcDNA	PK-15_8h_3	viral_read.count	0.0598416286413279	0.00847501285848203	0.141624034153192	cluster_11
US2	L	""		C6	C6_dRNA	LT934125.1	+	3	C6_dRNA	0	dcDNA	C6_dRNA	viral_read.count	0			cluster_10
US2	L	""		PC-12	PC-12_dRNA	LT934125.1	+	20	PC-12_dRNA	0	dcDNA	PC-12_dRNA	viral_read.count	0			cluster_10
US2	L	""		PK-15	PK-15_dRNA	LT934125.1	+	68	PK-15_dRNA	0	dcDNA	PK-15_dRNA	viral_read.count	0			cluster_10
US2	L	0.5h	0.5	PC-12	PC-12_dcDNA_0.5h	LT934125.1	+	13	PC-12_0.5h_1	0.0769230769230769	dcDNA	PC-12_0.5h_1	viral_read.count	0.076923076923077	0.076923076923077	1	cluster_10
US2	L	0.5h	0.5	PC-12	PC-12_dcDNA_0.5h	LT934125.1	+	13	PC-12_0.5h_2	0.153846153846154	dcDNA	PC-12_0.5h_2	viral_read.count	0.076923076923077	0.076923076923077	1	cluster_10
US2	L	0.5h	0.5	PC-12	PC-12_dcDNA_0.5h	LT934125.1	+	2	PC-12_0.5h_3	0	dcDNA	PC-12_0.5h_3	viral_read.count	0.076923076923077	0.076923076923077	1	cluster_10
US2	L	1.5h	1.5	PC-12	PC-12_dcDNA_1.5h	LT934125.1	+	138	PC-12_1.5h_1	0.0507246376811594	dcDNA	PC-12_1.5h_1	viral_read.count	0.0495649513064765	0.0102746207551515	0.207296092991601	cluster_10
US2	L	1.5h	1.5	PC-12	PC-12_dcDNA_1.5h	LT934125.1	+	129	PC-12_1.5h_2	0.0387596899224806	dcDNA	PC-12_1.5h_2	viral_read.count	0.0495649513064765	0.0102746207551515	0.207296092991601	cluster_10
US2	L	1.5h	1.5	PC-12	PC-12_dcDNA_1.5h	LT934125.1	+	152	PC-12_1.5h_3	0.0592105263157895	dcDNA	PC-12_1.5h_3	viral_read.count	0.0495649513064765	0.0102746207551515	0.207296092991601	cluster_10
US2	L	12h	12	C6	C6_dcDNA_12h	LT934125.1	+	56266	C6_12h_1	0.0335726726619984	dcDNA	C6_12h_1	viral_read.count	0.036935680366485	0.00336387466519376	0.0910738514037529	cluster_10
US2	L	12h	12	C6	C6_dcDNA_12h	LT934125.1	+	49131	C6_12h_2	0.0403004213225866	dcDNA	C6_12h_2	viral_read.count	0.036935680366485	0.00336387466519376	0.0910738514037529	cluster_10
US2	L	12h	12	C6	C6_dcDNA_12h	LT934125.1	+	28023	C6_12h_3	0.0369339471148699	dcDNA	C6_12h_3	viral_read.count	0.036935680366485	0.00336387466519376	0.0910738514037529	cluster_10
US2	L	12h	12	PC-12	PC-12_dcDNA_12h	LT934125.1	+	40118	PC-12_12h_1	0.0171244827758114	dcDNA	PC-12_12h_1	viral_read.count	0.0177513793475039	0.00379504019185201	0.213788467789442	cluster_10
US2	L	12h	12	PC-12	PC-12_dcDNA_12h	LT934125.1	+	64296	PC-12_12h_2	0.0143088216996392	dcDNA	PC-12_12h_2	viral_read.count	0.0177513793475039	0.00379504019185201	0.213788467789442	cluster_10
US2	L	12h	12	PC-12	PC-12_dcDNA_12h	LT934125.1	+	35654	PC-12_12h_3	0.0218208335670612	dcDNA	PC-12_12h_3	viral_read.count	0.0177513793475039	0.00379504019185201	0.213788467789442	cluster_10
US2	L	12h	12	PK-15	PK-15_dcDNA_12h	LT934125.1	+	137055	PK-15_12h_1	0.0106891393965926	dcDNA	PK-15_12h_1	viral_read.count	0.0109176229624927	0.000434704467549964	0.0398167686357538	cluster_10
US2	L	12h	12	PK-15	PK-15_dcDNA_12h	LT934125.1	+	155287	PK-15_12h_2	0.010644806068763	dcDNA	PK-15_12h_2	viral_read.count	0.0109176229624927	0.000434704467549964	0.0398167686357538	cluster_10
US2	L	12h	12	PK-15	PK-15_dcDNA_12h	LT934125.1	+	135039	PK-15_12h_3	0.0114189234221225	dcDNA	PK-15_12h_3	viral_read.count	0.0109176229624927	0.000434704467549964	0.0398167686357538	cluster_10
US2	L	1h	1	C6	C6_dcDNA_1h	LT934125.1	+	246	C6_1h_1	0.0447154471544715	dcDNA	C6_1h_1	viral_read.count	0.0651502470907062	0.0218806336095622	0.335848820022104	cluster_10
US2	L	1h	1	C6	C6_dcDNA_1h	LT934125.1	+	240	C6_1h_2	0.0625	dcDNA	C6_1h_2	viral_read.count	0.0651502470907062	0.0218806336095622	0.335848820022104	cluster_10
US2	L	1h	1	C6	C6_dcDNA_1h	LT934125.1	+	102	C6_1h_3	0.0882352941176471	dcDNA	C6_1h_3	viral_read.count	0.0651502470907062	0.0218806336095622	0.335848820022104	cluster_10
US2	L	1h	1	NRK	NRK_dcDNA_1h	LT934125.1	+	25	NRK_1h_1	0.08	dcDNA	NRK_1h_1	viral_read.count	0.0890123456790123	0.0570181947392361	0.640565017181431	cluster_10
US2	L	1h	1	NRK	NRK_dcDNA_1h	LT934125.1	+	54	NRK_1h_2	0.037037037037037	dcDNA	NRK_1h_2	viral_read.count	0.0890123456790123	0.0570181947392361	0.640565017181431	cluster_10
US2	L	1h	1	NRK	NRK_dcDNA_1h	LT934125.1	+	20	NRK_1h_3	0.15	dcDNA	NRK_1h_3	viral_read.count	0.0890123456790123	0.0570181947392361	0.640565017181431	cluster_10
US2	L	1h	1	PC-12	PC-12_dcDNA_1h	LT934125.1	+	154	PC-12_1h_1	0.0584415584415584	dcDNA	PC-12_1h_1	viral_read.count	0.0785295644421818	0.0257269141353767	0.327608007482562	cluster_10
US2	L	1h	1	PC-12	PC-12_dcDNA_1h	LT934125.1	+	93	PC-12_1h_2	0.10752688172043	dcDNA	PC-12_1h_2	viral_read.count	0.0785295644421818	0.0257269141353767	0.327608007482562	cluster_10
US2	L	1h	1	PC-12	PC-12_dcDNA_1h	LT934125.1	+	158	PC-12_1h_3	0.069620253164557	dcDNA	PC-12_1h_3	viral_read.count	0.0785295644421818	0.0257269141353767	0.327608007482562	cluster_10
US2	L	1h	1	PK-15	PK-15_dcDNA_1h	LT934125.1	+	129	PK-15_1h_1	0.0155038759689922	dcDNA	PK-15_1h_1	viral_read.count	0.00955392356861143	0.00835667389883989	0.874685027447257	cluster_10
US2	L	1h	1	PK-15	PK-15_dcDNA_1h	LT934125.1	+	76	PK-15_1h_2	0.0131578947368421	dcDNA	PK-15_1h_2	viral_read.count	0.00955392356861143	0.00835667389883989	0.874685027447257	cluster_10
US2	L	1h	1	PK-15	PK-15_dcDNA_1h	LT934125.1	+	52	PK-15_1h_3	0	dcDNA	PK-15_1h_3	viral_read.count	0.00955392356861143	0.00835667389883989	0.874685027447257	cluster_10
US2	L	2.5h	2.5	PC-12	PC-12_dcDNA_2.5h	LT934125.1	+	478	PC-12_2.5h_1	0.0439330543933054	dcDNA	PC-12_2.5h_1	viral_read.count	0.0552972765210299	0.0195937212975985	0.354334291493486	cluster_10
US2	L	2.5h	2.5	PC-12	PC-12_dcDNA_2.5h	LT934125.1	+	231	PC-12_2.5h_2	0.0779220779220779	dcDNA	PC-12_2.5h_2	viral_read.count	0.0552972765210299	0.0195937212975985	0.354334291493486	cluster_10
US2	L	2.5h	2.5	PC-12	PC-12_dcDNA_2.5h	LT934125.1	+	545	PC-12_2.5h_3	0.0440366972477064	dcDNA	PC-12_2.5h_3	viral_read.count	0.0552972765210299	0.0195937212975985	0.354334291493486	cluster_10
US2	L	2h	2	C6	C6_dcDNA_2h	LT934125.1	+	243	C6_2h_1	0.0205761316872428	dcDNA	C6_2h_1	viral_read.count	0.035929091484647	0.021712363968058	0.604311522247534	cluster_10
US2	L	2h	2	C6	C6_dcDNA_2h	LT934125.1	+	468	C6_2h_2	0.0512820512820513	dcDNA	C6_2h_2	viral_read.count	0.035929091484647	0.021712363968058	0.604311522247534	cluster_10
US2	L	2h	2	NRK	NRK_dcDNA_2h	LT934125.1	+	99	NRK_2h_1	0.0404040404040404	dcDNA	NRK_2h_1	viral_read.count	0.048640798813969	0.0079806835687415	0.164073859051212	cluster_10
US2	L	2h	2	NRK	NRK_dcDNA_2h	LT934125.1	+	71	NRK_2h_2	0.0563380281690141	dcDNA	NRK_2h_2	viral_read.count	0.048640798813969	0.0079806835687415	0.164073859051212	cluster_10
US2	L	2h	2	NRK	NRK_dcDNA_2h	LT934125.1	+	122	NRK_2h_3	0.0491803278688525	dcDNA	NRK_2h_3	viral_read.count	0.048640798813969	0.0079806835687415	0.164073859051212	cluster_10
US2	L	2h	2	PC-12	PC-12_dcDNA_2h	LT934125.1	+	439	PC-12_2h_1	0.0637813211845103	dcDNA	PC-12_2h_1	viral_read.count	0.0505317631683046	0.0120894297183409	0.23924416961417	cluster_10
US2	L	2h	2	PC-12	PC-12_dcDNA_2h	LT934125.1	+	399	PC-12_2h_2	0.0401002506265664	dcDNA	PC-12_2h_2	viral_read.count	0.0505317631683046	0.0120894297183409	0.23924416961417	cluster_10
US2	L	2h	2	PC-12	PC-12_dcDNA_2h	LT934125.1	+	503	PC-12_2h_3	0.047713717693837	dcDNA	PC-12_2h_3	viral_read.count	0.0505317631683046	0.0120894297183409	0.23924416961417	cluster_10
US2	L	2h	2	PK-15	PK-15_dcDNA_2h	LT934125.1	+	482	PK-15_2h_1	0.0518672199170124	dcDNA	PK-15_2h_1	viral_read.count	0.0510603344780619	0.0234276060595288	0.458822024943734	cluster_10
US2	L	2h	2	PK-15	PK-15_dcDNA_2h	LT934125.1	+	405	PK-15_2h_2	0.0740740740740741	dcDNA	PK-15_2h_2	viral_read.count	0.0510603344780619	0.0234276060595288	0.458822024943734	cluster_10
US2	L	2h	2	PK-15	PK-15_dcDNA_2h	LT934125.1	+	1652	PK-15_2h_3	0.0272397094430993	dcDNA	PK-15_2h_3	viral_read.count	0.0510603344780619	0.0234276060595288	0.458822024943734	cluster_10
US2	L	4h	4	C6	C6_dcDNA_4h	LT934125.1	+	680	C6_4h_1	0.0294117647058824	dcDNA	C6_4h_1	viral_read.count	0.0377841612835611	0.00725706536565829	0.192066334652654	cluster_10
US2	L	4h	4	C6	C6_dcDNA_4h	LT934125.1	+	686	C6_4h_2	0.0422740524781341	dcDNA	C6_4h_2	viral_read.count	0.0377841612835611	0.00725706536565829	0.192066334652654	cluster_10
US2	L	4h	4	C6	C6_dcDNA_4h	LT934125.1	+	312	C6_4h_3	0.0416666666666667	dcDNA	C6_4h_3	viral_read.count	0.0377841612835611	0.00725706536565829	0.192066334652654	cluster_10
US2	L	4h	4	PC-12	PC-12_dcDNA_4h	LT934125.1	+	2800	PC-12_4h_1	0.0242857142857143	dcDNA	PC-12_4h_1	viral_read.count	0.0216341600676269	0.00466217321190051	0.215500541612287	cluster_10
US2	L	4h	4	PC-12	PC-12_dcDNA_4h	LT934125.1	+	2646	PC-12_4h_2	0.0162509448223734	dcDNA	PC-12_4h_2	viral_read.count	0.0216341600676269	0.00466217321190051	0.215500541612287	cluster_10
US2	L	4h	4	PC-12	PC-12_dcDNA_4h	LT934125.1	+	2996	PC-12_4h_3	0.0243658210947931	dcDNA	PC-12_4h_3	viral_read.count	0.0216341600676269	0.00466217321190051	0.215500541612287	cluster_10
US2	L	4h	4	PK-15	PK-15_dcDNA_4h	LT934125.1	+	7826	PK-15_4h_1	0.0388448760541784	dcDNA	PK-15_4h_1	viral_read.count	0.0374860218714927	0.00353896576019474	0.0944076107175846	cluster_10
US2	L	4h	4	PK-15	PK-15_dcDNA_4h	LT934125.1	+	8046	PK-15_4h_2	0.0401441710166542	dcDNA	PK-15_4h_2	viral_read.count	0.0374860218714927	0.00353896576019474	0.0944076107175846	cluster_10
US2	L	4h	4	PK-15	PK-15_dcDNA_4h	LT934125.1	+	6633	PK-15_4h_3	0.0334690185436454	dcDNA	PK-15_4h_3	viral_read.count	0.0374860218714927	0.00353896576019474	0.0944076107175846	cluster_10
US2	L	6h	6	C6	C6_dcDNA_6h	LT934125.1	+	2759	C6_6h_1	0.0289960130482059	dcDNA	C6_6h_1	viral_read.count	0.0301693689926628	0.00253280537844678	0.0839528787977884	cluster_10
US2	L	6h	6	C6	C6_dcDNA_6h	LT934125.1	+	4220	C6_6h_2	0.028436018957346	dcDNA	C6_6h_2	viral_read.count	0.0301693689926628	0.00253280537844678	0.0839528787977884	cluster_10
US2	L	6h	6	C6	C6_dcDNA_6h	LT934125.1	+	3628	C6_6h_3	0.0330760749724366	dcDNA	C6_6h_3	viral_read.count	0.0301693689926628	0.00253280537844678	0.0839528787977884	cluster_10
US2	L	6h	6	PC-12	PC-12_dcDNA_6h	LT934125.1	+	7517	PC-12_6h_1	0.0232805640548091	dcDNA	PC-12_6h_1	viral_read.count	0.0207719716123768	0.00303372034381632	0.146048743009484	cluster_10
US2	L	6h	6	PC-12	PC-12_dcDNA_6h	LT934125.1	+	13589	PC-12_6h_2	0.0216351460740305	dcDNA	PC-12_6h_2	viral_read.count	0.0207719716123768	0.00303372034381632	0.146048743009484	cluster_10
US2	L	6h	6	PC-12	PC-12_dcDNA_6h	LT934125.1	+	11724	PC-12_6h_3	0.0174002047082907	dcDNA	PC-12_6h_3	viral_read.count	0.0207719716123768	0.00303372034381632	0.146048743009484	cluster_10
US2	L	6h	6	PK-15	PK-15_dcDNA_6h	LT934125.1	+	37872	PK-15_6h_1	0.0185889311364597	dcDNA	PK-15_6h_1	viral_read.count	0.0160085009737259	0.00508272362606647	0.317501534616423	cluster_10
US2	L	6h	6	PK-15	PK-15_dcDNA_6h	LT934125.1	+	30337	PK-15_6h_2	0.0192833833272901	dcDNA	PK-15_6h_2	viral_read.count	0.0160085009737259	0.00508272362606647	0.317501534616423	cluster_10
US2	L	6h	6	PK-15	PK-15_dcDNA_6h	LT934125.1	+	44912	PK-15_6h_3	0.0101531884574279	dcDNA	PK-15_6h_3	viral_read.count	0.0160085009737259	0.00508272362606647	0.317501534616423	cluster_10
US2	L	8h	8	C6	C6_dcDNA_8h	LT934125.1	+	10124	C6_8h_1	0.0467206637692612	dcDNA	C6_8h_1	viral_read.count	0.0412151399068133	0.00477023769723399	0.115739937023614	cluster_10
US2	L	8h	8	C6	C6_dcDNA_8h	LT934125.1	+	10414	C6_8h_2	0.0383138083349337	dcDNA	C6_8h_2	viral_read.count	0.0412151399068133	0.00477023769723399	0.115739937023614	cluster_10
US2	L	8h	8	C6	C6_dcDNA_8h	LT934125.1	+	8495	C6_8h_3	0.0386109476162449	dcDNA	C6_8h_3	viral_read.count	0.0412151399068133	0.00477023769723399	0.115739937023614	cluster_10
US2	L	8h	8	PC-12	PC-12_dcDNA_8h	LT934125.1	+	14035	PC-12_8h_1	0.0240114000712504	dcDNA	PC-12_8h_1	viral_read.count	0.0209319943483006	0.004354937337445	0.208051715712343	cluster_10
US2	L	8h	8	PC-12	PC-12_dcDNA_8h	LT934125.1	+	15684	PC-12_8h_2	0.0178525886253507	dcDNA	PC-12_8h_2	viral_read.count	0.0209319943483006	0.004354937337445	0.208051715712343	cluster_10
US2	L	8h	8	PK-15	PK-15_dcDNA_8h	LT934125.1	+	69419	PK-15_8h_1	0.0150823261643066	dcDNA	PK-15_8h_1	viral_read.count	0.0144969971898775	0.00301194520689124	0.207763384888722	cluster_10
US2	L	8h	8	PK-15	PK-15_dcDNA_8h	LT934125.1	+	74319	PK-15_8h_2	0.0112353503141861	dcDNA	PK-15_8h_2	viral_read.count	0.0144969971898775	0.00301194520689124	0.207763384888722	cluster_10
US2	L	8h	8	PK-15	PK-15_dcDNA_8h	LT934125.1	+	70167	PK-15_8h_3	0.0171733150911397	dcDNA	PK-15_8h_3	viral_read.count	0.0144969971898775	0.00301194520689124	0.207763384888722	cluster_10
US3	L	""		C6	C6_dRNA	LT934125.1	+	3	C6_dRNA	0	dcDNA	C6_dRNA	viral_read.count	0			cluster_1
US3	L	""		PC-12	PC-12_dRNA	LT934125.1	+	20	PC-12_dRNA	0	dcDNA	PC-12_dRNA	viral_read.count	0			cluster_1
US3	L	""		PK-15	PK-15_dRNA	LT934125.1	+	68	PK-15_dRNA	0	dcDNA	PK-15_dRNA	viral_read.count	0			cluster_1
US3	L	0.5h	0.5	PC-12	PC-12_dcDNA_0.5h	LT934125.1	+	13	PC-12_0.5h_1	0	dcDNA	PC-12_0.5h_1	viral_read.count	0	0		cluster_1
US3	L	0.5h	0.5	PC-12	PC-12_dcDNA_0.5h	LT934125.1	+	13	PC-12_0.5h_2	0	dcDNA	PC-12_0.5h_2	viral_read.count	0	0		cluster_1
US3	L	0.5h	0.5	PC-12	PC-12_dcDNA_0.5h	LT934125.1	+	2	PC-12_0.5h_3	0	dcDNA	PC-12_0.5h_3	viral_read.count	0	0		cluster_1
US3	L	1.5h	1.5	PC-12	PC-12_dcDNA_1.5h	LT934125.1	+	138	PC-12_1.5h_1	0	dcDNA	PC-12_1.5h_1	viral_read.count	0.0117469060247518	0.0103909504590998	0.884569131412573	cluster_1
US3	L	1.5h	1.5	PC-12	PC-12_dcDNA_1.5h	LT934125.1	+	129	PC-12_1.5h_2	0.0155038759689922	dcDNA	PC-12_1.5h_2	viral_read.count	0.0117469060247518	0.0103909504590998	0.884569131412573	cluster_1
US3	L	1.5h	1.5	PC-12	PC-12_dcDNA_1.5h	LT934125.1	+	152	PC-12_1.5h_3	0.0197368421052632	dcDNA	PC-12_1.5h_3	viral_read.count	0.0117469060247518	0.0103909504590998	0.884569131412573	cluster_1
US3	L	12h	12	C6	C6_dcDNA_12h	LT934125.1	+	56266	C6_12h_1	0.000337681726086802	dcDNA	C6_12h_1	viral_read.count	0.000533732014109833	0.000281618315181037	0.527639916167901	cluster_1
US3	L	12h	12	C6	C6_dcDNA_12h	LT934125.1	+	49131	C6_12h_2	0.00040707496285441	dcDNA	C6_12h_2	viral_read.count	0.000533732014109833	0.000281618315181037	0.527639916167901	cluster_1
US3	L	12h	12	C6	C6_dcDNA_12h	LT934125.1	+	28023	C6_12h_3	0.000856439353388288	dcDNA	C6_12h_3	viral_read.count	0.000533732014109833	0.000281618315181037	0.527639916167901	cluster_1
US3	L	12h	12	PC-12	PC-12_dcDNA_12h	LT934125.1	+	40118	PC-12_12h_1	0.000448676404606411	dcDNA	PC-12_12h_1	viral_read.count	0.000404870942997884	3.91557680343174e-05	0.0967117268144433	cluster_1
US3	L	12h	12	PC-12	PC-12_dcDNA_12h	LT934125.1	+	64296	PC-12_12h_2	0.000373273609555804	dcDNA	PC-12_12h_2	viral_read.count	0.000404870942997884	3.91557680343174e-05	0.0967117268144433	cluster_1
US3	L	12h	12	PC-12	PC-12_dcDNA_12h	LT934125.1	+	35654	PC-12_12h_3	0.000392662814831436	dcDNA	PC-12_12h_3	viral_read.count	0.000404870942997884	3.91557680343174e-05	0.0967117268144433	cluster_1
US3	L	12h	12	PK-15	PK-15_dcDNA_12h	LT934125.1	+	137055	PK-15_12h_1	0.000313742658056984	dcDNA	PK-15_12h_1	viral_read.count	0.000268791710033998	0.000176607398368464	0.65704183490676	cluster_1
US3	L	12h	12	PK-15	PK-15_dcDNA_12h	LT934125.1	+	155287	PK-15_12h_2	0.000418579790967692	dcDNA	PK-15_12h_2	viral_read.count	0.000268791710033998	0.000176607398368464	0.65704183490676	cluster_1
US3	L	12h	12	PK-15	PK-15_dcDNA_12h	LT934125.1	+	135039	PK-15_12h_3	7.40526810773184e-05	dcDNA	PK-15_12h_3	viral_read.count	0.000268791710033998	0.000176607398368464	0.65704183490676	cluster_1
US3	L	1h	1	C6	C6_dcDNA_1h	LT934125.1	+	246	C6_1h_1	0	dcDNA	C6_1h_1	viral_read.count	0.00465686274509804	0.00492030879899136	1.05657157367814	cluster_1
US3	L	1h	1	C6	C6_dcDNA_1h	LT934125.1	+	240	C6_1h_2	0.00416666666666667	dcDNA	C6_1h_2	viral_read.count	0.00465686274509804	0.00492030879899136	1.05657157367814	cluster_1
US3	L	1h	1	C6	C6_dcDNA_1h	LT934125.1	+	102	C6_1h_3	0.00980392156862745	dcDNA	C6_1h_3	viral_read.count	0.00465686274509804	0.00492030879899136	1.05657157367814	cluster_1
US3	L	1h	1	NRK	NRK_dcDNA_1h	LT934125.1	+	25	NRK_1h_1	0	dcDNA	NRK_1h_1	viral_read.count	0.00617283950617283	0.0106916716516597	1.73205080756888	cluster_1
US3	L	1h	1	NRK	NRK_dcDNA_1h	LT934125.1	+	54	NRK_1h_2	0.0185185185185185	dcDNA	NRK_1h_2	viral_read.count	0.00617283950617283	0.0106916716516597	1.73205080756888	cluster_1
US3	L	1h	1	NRK	NRK_dcDNA_1h	LT934125.1	+	20	NRK_1h_3	0	dcDNA	NRK_1h_3	viral_read.count	0.00617283950617283	0.0106916716516597	1.73205080756888	cluster_1
US3	L	1h	1	PC-12	PC-12_dcDNA_1h	LT934125.1	+	154	PC-12_1h_1	0.00649350649350649	dcDNA	PC-12_1h_1	viral_read.count	0.0084936160885528	0.0096503945871282	1.13619387626131	cluster_1
US3	L	1h	1	PC-12	PC-12_dcDNA_1h	LT934125.1	+	93	PC-12_1h_2	0	dcDNA	PC-12_1h_2	viral_read.count	0.0084936160885528	0.0096503945871282	1.13619387626131	cluster_1
US3	L	1h	1	PC-12	PC-12_dcDNA_1h	LT934125.1	+	158	PC-12_1h_3	0.0189873417721519	dcDNA	PC-12_1h_3	viral_read.count	0.0084936160885528	0.0096503945871282	1.13619387626131	cluster_1
US3	L	1h	1	PK-15	PK-15_dcDNA_1h	LT934125.1	+	129	PK-15_1h_1	0	dcDNA	PK-15_1h_1	viral_read.count	0.0064102564102564	0.0111028897921082	1.73205080756888	cluster_1
US3	L	1h	1	PK-15	PK-15_dcDNA_1h	LT934125.1	+	76	PK-15_1h_2	0	dcDNA	PK-15_1h_2	viral_read.count	0.0064102564102564	0.0111028897921082	1.73205080756888	cluster_1
US3	L	1h	1	PK-15	PK-15_dcDNA_1h	LT934125.1	+	52	PK-15_1h_3	0.0192307692307692	dcDNA	PK-15_1h_3	viral_read.count	0.0064102564102564	0.0111028897921082	1.73205080756888	cluster_1
US3	L	2.5h	2.5	PC-12	PC-12_dcDNA_2.5h	LT934125.1	+	478	PC-12_2.5h_1	0	dcDNA	PC-12_2.5h_1	viral_read.count	0.000611620795107033	0.00105935829209106	1.73205080756888	cluster_1
US3	L	2.5h	2.5	PC-12	PC-12_dcDNA_2.5h	LT934125.1	+	231	PC-12_2.5h_2	0	dcDNA	PC-12_2.5h_2	viral_read.count	0.000611620795107033	0.00105935829209106	1.73205080756888	cluster_1
US3	L	2.5h	2.5	PC-12	PC-12_dcDNA_2.5h	LT934125.1	+	545	PC-12_2.5h_3	0.0018348623853211	dcDNA	PC-12_2.5h_3	viral_read.count	0.000611620795107033	0.00105935829209106	1.73205080756888	cluster_1
US3	L	2h	2	C6	C6_dcDNA_2h	LT934125.1	+	243	C6_2h_1	0.00823045267489712	dcDNA	C6_2h_1	viral_read.count	0.00518360240582463	0.00430889697304243	0.831255300020826	cluster_1
US3	L	2h	2	C6	C6_dcDNA_2h	LT934125.1	+	468	C6_2h_2	0.00213675213675214	dcDNA	C6_2h_2	viral_read.count	0.00518360240582463	0.00430889697304243	0.831255300020826	cluster_1
US3	L	2h	2	NRK	NRK_dcDNA_2h	LT934125.1	+	99	NRK_2h_1	0	dcDNA	NRK_2h_1	viral_read.count	0.00469483568075117	0.00813169393224824	1.73205080756888	cluster_1
US3	L	2h	2	NRK	NRK_dcDNA_2h	LT934125.1	+	71	NRK_2h_2	0.0140845070422535	dcDNA	NRK_2h_2	viral_read.count	0.00469483568075117	0.00813169393224824	1.73205080756888	cluster_1
US3	L	2h	2	NRK	NRK_dcDNA_2h	LT934125.1	+	122	NRK_2h_3	0	dcDNA	NRK_2h_3	viral_read.count	0.00469483568075117	0.00813169393224824	1.73205080756888	cluster_1
US3	L	2h	2	PC-12	PC-12_dcDNA_2h	LT934125.1	+	439	PC-12_2h_1	0	dcDNA	PC-12_2h_1	viral_read.count	0.00400437807573938	0.00530797412008282	1.32554269843832	cluster_1
US3	L	2h	2	PC-12	PC-12_dcDNA_2h	LT934125.1	+	399	PC-12_2h_2	0.0100250626566416	dcDNA	PC-12_2h_2	viral_read.count	0.00400437807573938	0.00530797412008282	1.32554269843832	cluster_1
US3	L	2h	2	PC-12	PC-12_dcDNA_2h	LT934125.1	+	503	PC-12_2h_3	0.00198807157057654	dcDNA	PC-12_2h_3	viral_read.count	0.00400437807573938	0.00530797412008282	1.32554269843832	cluster_1
US3	L	2h	2	PK-15	PK-15_dcDNA_2h	LT934125.1	+	482	PK-15_2h_1	0.0145228215767635	dcDNA	PK-15_2h_1	viral_read.count	0.0110058086490247	0.00859446059808571	0.780902237369656	cluster_1
US3	L	2h	2	PK-15	PK-15_dcDNA_2h	LT934125.1	+	405	PK-15_2h_2	0.017283950617284	dcDNA	PK-15_2h_2	viral_read.count	0.0110058086490247	0.00859446059808571	0.780902237369656	cluster_1
US3	L	2h	2	PK-15	PK-15_dcDNA_2h	LT934125.1	+	1652	PK-15_2h_3	0.00121065375302663	dcDNA	PK-15_2h_3	viral_read.count	0.0110058086490247	0.00859446059808571	0.780902237369656	cluster_1
US3	L	4h	4	C6	C6_dcDNA_4h	LT934125.1	+	680	C6_4h_1	0.00294117647058824	dcDNA	C6_4h_1	viral_read.count	0.000980392156862747	0.00169808902702831	1.73205080756888	cluster_1
US3	L	4h	4	C6	C6_dcDNA_4h	LT934125.1	+	686	C6_4h_2	0	dcDNA	C6_4h_2	viral_read.count	0.000980392156862747	0.00169808902702831	1.73205080756888	cluster_1
US3	L	4h	4	C6	C6_dcDNA_4h	LT934125.1	+	312	C6_4h_3	0	dcDNA	C6_4h_3	viral_read.count	0.000980392156862747	0.00169808902702831	1.73205080756888	cluster_1
US3	L	4h	4	PC-12	PC-12_dcDNA_4h	LT934125.1	+	2800	PC-12_4h_1	0.00107142857142857	dcDNA	PC-12_4h_1	viral_read.count	0.00072035494710172	0.000370104443594558	0.513780664773162	cluster_1
US3	L	4h	4	PC-12	PC-12_dcDNA_4h	LT934125.1	+	2646	PC-12_4h_2	0.000755857898715042	dcDNA	PC-12_4h_2	viral_read.count	0.00072035494710172	0.000370104443594558	0.513780664773162	cluster_1
US3	L	4h	4	PC-12	PC-12_dcDNA_4h	LT934125.1	+	2996	PC-12_4h_3	0.000333778371161549	dcDNA	PC-12_4h_3	viral_read.count	0.00072035494710172	0.000370104443594558	0.513780664773162	cluster_1
US3	L	4h	4	PK-15	PK-15_dcDNA_4h	LT934125.1	+	7826	PK-15_4h_1	0.000383337592639918	dcDNA	PK-15_4h_1	viral_read.count	0.00105342687266842	0.000640009775685224	0.607550265035507	cluster_1
US3	L	4h	4	PK-15	PK-15_dcDNA_4h	LT934125.1	+	8046	PK-15_4h_2	0.00111856823266219	dcDNA	PK-15_4h_2	viral_read.count	0.00105342687266842	0.000640009775685224	0.607550265035507	cluster_1
US3	L	4h	4	PK-15	PK-15_dcDNA_4h	LT934125.1	+	6633	PK-15_4h_3	0.00165837479270315	dcDNA	PK-15_4h_3	viral_read.count	0.00105342687266842	0.000640009775685224	0.607550265035507	cluster_1
US3	L	6h	6	C6	C6_dcDNA_6h	LT934125.1	+	2759	C6_6h_1	0.00144980065241029	dcDNA	C6_6h_1	viral_read.count	0.00141659046359859	3.60985727361499e-05	0.0254827161863338	cluster_1
US3	L	6h	6	C6	C6_dcDNA_6h	LT934125.1	+	4220	C6_6h_2	0.0014218009478673	dcDNA	C6_6h_2	viral_read.count	0.00141659046359859	3.60985727361499e-05	0.0254827161863338	cluster_1
US3	L	6h	6	C6	C6_dcDNA_6h	LT934125.1	+	3628	C6_6h_3	0.00137816979051819	dcDNA	C6_6h_3	viral_read.count	0.00141659046359859	3.60985727361499e-05	0.0254827161863338	cluster_1
US3	L	6h	6	PC-12	PC-12_dcDNA_6h	LT934125.1	+	7517	PC-12_6h_1	0.000665158972994546	dcDNA	PC-12_6h_1	viral_read.count	0.000580742926572256	0.000210459778398496	0.362397489093326	cluster_1
US3	L	6h	6	PC-12	PC-12_dcDNA_6h	LT934125.1	+	13589	PC-12_6h_2	0.000735889322245934	dcDNA	PC-12_6h_2	viral_read.count	0.000580742926572256	0.000210459778398496	0.362397489093326	cluster_1
US3	L	6h	6	PC-12	PC-12_dcDNA_6h	LT934125.1	+	11724	PC-12_6h_3	0.000341180484476288	dcDNA	PC-12_6h_3	viral_read.count	0.000580742926572256	0.000210459778398496	0.362397489093326	cluster_1
US3	L	6h	6	PK-15	PK-15_dcDNA_6h	LT934125.1	+	37872	PK-15_6h_1	0.000765737220109844	dcDNA	PK-15_6h_1	viral_read.count	0.000743059761758023	0.000270951044783945	0.364642332593673	cluster_1
US3	L	6h	6	PK-15	PK-15_dcDNA_6h	LT934125.1	+	30337	PK-15_6h_2	0.000461482677918054	dcDNA	PK-15_6h_2	viral_read.count	0.000743059761758023	0.000270951044783945	0.364642332593673	cluster_1
US3	L	6h	6	PK-15	PK-15_dcDNA_6h	LT934125.1	+	44912	PK-15_6h_3	0.00100195938724617	dcDNA	PK-15_6h_3	viral_read.count	0.000743059761758023	0.000270951044783945	0.364642332593673	cluster_1
US3	L	8h	8	C6	C6_dcDNA_8h	LT934125.1	+	10124	C6_8h_1	0.000691426313709996	dcDNA	C6_8h_1	viral_read.count	0.000636265488490597	0.000259963014634256	0.408576324406597	cluster_1
US3	L	8h	8	C6	C6_dcDNA_8h	LT934125.1	+	10414	C6_8h_2	0.000864221240637603	dcDNA	C6_8h_2	viral_read.count	0.000636265488490597	0.000259963014634256	0.408576324406597	cluster_1
US3	L	8h	8	C6	C6_dcDNA_8h	LT934125.1	+	8495	C6_8h_3	0.000353148911124191	dcDNA	C6_8h_3	viral_read.count	0.000636265488490597	0.000259963014634256	0.408576324406597	cluster_1
US3	L	8h	8	PC-12	PC-12_dcDNA_8h	LT934125.1	+	14035	PC-12_8h_1	0.000285001781261133	dcDNA	PC-12_8h_1	viral_read.count	0.00132204692480552	0.00146660330679363	1.10934285256885	cluster_1
US3	L	8h	8	PC-12	PC-12_dcDNA_8h	LT934125.1	+	15684	PC-12_8h_2	0.00235909206834991	dcDNA	PC-12_8h_2	viral_read.count	0.00132204692480552	0.00146660330679363	1.10934285256885	cluster_1
US3	L	8h	8	PK-15	PK-15_dcDNA_8h	LT934125.1	+	69419	PK-15_8h_1	0.00167101225889166	dcDNA	PK-15_8h_1	viral_read.count	0.00140454239522226	0.00039165110258763	0.278846052579036	cluster_1
US3	L	8h	8	PK-15	PK-15_dcDNA_8h	LT934125.1	+	74319	PK-15_8h_2	0.0015877501042802	dcDNA	PK-15_8h_2	viral_read.count	0.00140454239522226	0.00039165110258763	0.278846052579036	cluster_1
US3	L	8h	8	PK-15	PK-15_dcDNA_8h	LT934125.1	+	70167	PK-15_8h_3	0.000954864822494905	dcDNA	PK-15_8h_3	viral_read.count	0.00140454239522226	0.00039165110258763	0.278846052579036	cluster_1
US4	L	""		C6	C6_dRNA	LT934125.1	+	3	C6_dRNA	0	dcDNA	C6_dRNA	viral_read.count	0			cluster_12
US4	L	""		PC-12	PC-12_dRNA	LT934125.1	+	20	PC-12_dRNA	0	dcDNA	PC-12_dRNA	viral_read.count	0			cluster_12
US4	L	""		PK-15	PK-15_dRNA	LT934125.1	+	68	PK-15_dRNA	0	dcDNA	PK-15_dRNA	viral_read.count	0			cluster_12
US4	L	0.5h	0.5	PC-12	PC-12_dcDNA_0.5h	LT934125.1	+	13	PC-12_0.5h_1	0.0769230769230769	dcDNA	PC-12_0.5h_1	viral_read.count	0.0512820512820513	0.0444115591684327	0.866025403784439	cluster_12
US4	L	0.5h	0.5	PC-12	PC-12_dcDNA_0.5h	LT934125.1	+	13	PC-12_0.5h_2	0.0769230769230769	dcDNA	PC-12_0.5h_2	viral_read.count	0.0512820512820513	0.0444115591684327	0.866025403784439	cluster_12
US4	L	0.5h	0.5	PC-12	PC-12_dcDNA_0.5h	LT934125.1	+	2	PC-12_0.5h_3	0	dcDNA	PC-12_0.5h_3	viral_read.count	0.0512820512820513	0.0444115591684327	0.866025403784439	cluster_12
US4	L	1.5h	1.5	PC-12	PC-12_dcDNA_1.5h	LT934125.1	+	138	PC-12_1.5h_1	0.0579710144927536	dcDNA	PC-12_1.5h_1	viral_read.count	0.0663112955965917	0.0111284422050683	0.167821215148151	cluster_12
US4	L	1.5h	1.5	PC-12	PC-12_dcDNA_1.5h	LT934125.1	+	129	PC-12_1.5h_2	0.062015503875969	dcDNA	PC-12_1.5h_2	viral_read.count	0.0663112955965917	0.0111284422050683	0.167821215148151	cluster_12
US4	L	1.5h	1.5	PC-12	PC-12_dcDNA_1.5h	LT934125.1	+	152	PC-12_1.5h_3	0.0789473684210526	dcDNA	PC-12_1.5h_3	viral_read.count	0.0663112955965917	0.0111284422050683	0.167821215148151	cluster_12
US4	L	12h	12	C6	C6_dcDNA_12h	LT934125.1	+	56266	C6_12h_1	0.0802438417516795	dcDNA	C6_12h_1	viral_read.count	0.0796048219067263	0.00595616886550034	0.0748217095753225	cluster_12
US4	L	12h	12	C6	C6_dcDNA_12h	LT934125.1	+	49131	C6_12h_2	0.0733549083063646	dcDNA	C6_12h_2	viral_read.count	0.0796048219067263	0.00595616886550034	0.0748217095753225	cluster_12
US4	L	12h	12	C6	C6_dcDNA_12h	LT934125.1	+	28023	C6_12h_3	0.0852157156621347	dcDNA	C6_12h_3	viral_read.count	0.0796048219067263	0.00595616886550034	0.0748217095753225	cluster_12
US4	L	12h	12	PC-12	PC-12_dcDNA_12h	LT934125.1	+	40118	PC-12_12h_1	0.0569819033850142	dcDNA	PC-12_12h_1	viral_read.count	0.0532101848913995	0.00367335895324411	0.0690348842189015	cluster_12
US4	L	12h	12	PC-12	PC-12_dcDNA_12h	LT934125.1	+	64296	PC-12_12h_2	0.0530048525569242	dcDNA	PC-12_12h_2	viral_read.count	0.0532101848913995	0.00367335895324411	0.0690348842189015	cluster_12
US4	L	12h	12	PC-12	PC-12_dcDNA_12h	LT934125.1	+	35654	PC-12_12h_3	0.0496437987322601	dcDNA	PC-12_12h_3	viral_read.count	0.0532101848913995	0.00367335895324411	0.0690348842189015	cluster_12
US4	L	12h	12	PK-15	PK-15_dcDNA_12h	LT934125.1	+	137055	PK-15_12h_1	0.0577943161504506	dcDNA	PK-15_12h_1	viral_read.count	0.0557000578992938	0.020174233639254	0.36219412331185	cluster_12
US4	L	12h	12	PK-15	PK-15_dcDNA_12h	LT934125.1	+	155287	PK-15_12h_2	0.0747454712886462	dcDNA	PK-15_12h_2	viral_read.count	0.0557000578992938	0.020174233639254	0.36219412331185	cluster_12
US4	L	12h	12	PK-15	PK-15_dcDNA_12h	LT934125.1	+	135039	PK-15_12h_3	0.0345603862587845	dcDNA	PK-15_12h_3	viral_read.count	0.0557000578992938	0.020174233639254	0.36219412331185	cluster_12
US4	L	1h	1	C6	C6_dcDNA_1h	LT934125.1	+	246	C6_1h_1	0.0813008130081301	dcDNA	C6_1h_1	viral_read.count	0.0861688984536904	0.0103352294872118	0.119941529631671	cluster_12
US4	L	1h	1	C6	C6_dcDNA_1h	LT934125.1	+	240	C6_1h_2	0.0791666666666667	dcDNA	C6_1h_2	viral_read.count	0.0861688984536904	0.0103352294872118	0.119941529631671	cluster_12
US4	L	1h	1	C6	C6_dcDNA_1h	LT934125.1	+	102	C6_1h_3	0.0980392156862745	dcDNA	C6_1h_3	viral_read.count	0.0861688984536904	0.0103352294872118	0.119941529631671	cluster_12
US4	L	1h	1	NRK	NRK_dcDNA_1h	LT934125.1	+	25	NRK_1h_1	0.08	dcDNA	NRK_1h_1	viral_read.count	0.097037037037037	0.0157657752991057	0.162471730181624	cluster_12
US4	L	1h	1	NRK	NRK_dcDNA_1h	LT934125.1	+	54	NRK_1h_2	0.111111111111111	dcDNA	NRK_1h_2	viral_read.count	0.097037037037037	0.0157657752991057	0.162471730181624	cluster_12
US4	L	1h	1	NRK	NRK_dcDNA_1h	LT934125.1	+	20	NRK_1h_3	0.1	dcDNA	NRK_1h_3	viral_read.count	0.097037037037037	0.0157657752991057	0.162471730181624	cluster_12
US4	L	1h	1	PC-12	PC-12_dcDNA_1h	LT934125.1	+	154	PC-12_1h_1	0.051948051948052	dcDNA	PC-12_1h_1	viral_read.count	0.0698317833883371	0.0158793807923272	0.227394748090871	cluster_12
US4	L	1h	1	PC-12	PC-12_dcDNA_1h	LT934125.1	+	93	PC-12_1h_2	0.0752688172043011	dcDNA	PC-12_1h_2	viral_read.count	0.0698317833883371	0.0158793807923272	0.227394748090871	cluster_12
US4	L	1h	1	PC-12	PC-12_dcDNA_1h	LT934125.1	+	158	PC-12_1h_3	0.0822784810126582	dcDNA	PC-12_1h_3	viral_read.count	0.0698317833883371	0.0158793807923272	0.227394748090871	cluster_12
US4	L	1h	1	PK-15	PK-15_dcDNA_1h	LT934125.1	+	129	PK-15_1h_1	0.0155038759689922	dcDNA	PK-15_1h_1	viral_read.count	0.0375566226239421	0.0211594491105813	0.563401276053304	cluster_12
US4	L	1h	1	PK-15	PK-15_dcDNA_1h	LT934125.1	+	76	PK-15_1h_2	0.0394736842105263	dcDNA	PK-15_1h_2	viral_read.count	0.0375566226239421	0.0211594491105813	0.563401276053304	cluster_12
US4	L	1h	1	PK-15	PK-15_dcDNA_1h	LT934125.1	+	52	PK-15_1h_3	0.0576923076923077	dcDNA	PK-15_1h_3	viral_read.count	0.0375566226239421	0.0211594491105813	0.563401276053304	cluster_12
US4	L	2.5h	2.5	PC-12	PC-12_dcDNA_2.5h	LT934125.1	+	478	PC-12_2.5h_1	0.0753138075313808	dcDNA	PC-12_2.5h_1	viral_read.count	0.0573960623248558	0.0309613382334765	0.539433141915528	cluster_12
US4	L	2.5h	2.5	PC-12	PC-12_dcDNA_2.5h	LT934125.1	+	231	PC-12_2.5h_2	0.0216450216450216	dcDNA	PC-12_2.5h_2	viral_read.count	0.0573960623248558	0.0309613382334765	0.539433141915528	cluster_12
US4	L	2.5h	2.5	PC-12	PC-12_dcDNA_2.5h	LT934125.1	+	545	PC-12_2.5h_3	0.0752293577981651	dcDNA	PC-12_2.5h_3	viral_read.count	0.0573960623248558	0.0309613382334765	0.539433141915528	cluster_12
US4	L	2h	2	C6	C6_dcDNA_2h	LT934125.1	+	243	C6_2h_1	0.0864197530864198	dcDNA	C6_2h_1	viral_read.count	0.0667141500474834	0.0278679310724043	0.417721443690274	cluster_12
US4	L	2h	2	C6	C6_dcDNA_2h	LT934125.1	+	468	C6_2h_2	0.047008547008547	dcDNA	C6_2h_2	viral_read.count	0.0667141500474834	0.0278679310724043	0.417721443690274	cluster_12
US4	L	2h	2	NRK	NRK_dcDNA_2h	LT934125.1	+	99	NRK_2h_1	0.0808080808080808	dcDNA	NRK_2h_1	viral_read.count	0.0601462170383898	0.0194258779988116	0.322977552959192	cluster_12
US4	L	2h	2	NRK	NRK_dcDNA_2h	LT934125.1	+	71	NRK_2h_2	0.0422535211267606	dcDNA	NRK_2h_2	viral_read.count	0.0601462170383898	0.0194258779988116	0.322977552959192	cluster_12
US4	L	2h	2	NRK	NRK_dcDNA_2h	LT934125.1	+	122	NRK_2h_3	0.0573770491803279	dcDNA	NRK_2h_3	viral_read.count	0.0601462170383898	0.0194258779988116	0.322977552959192	cluster_12
US4	L	2h	2	PC-12	PC-12_dcDNA_2h	LT934125.1	+	439	PC-12_2h_1	0.107061503416857	dcDNA	PC-12_2h_1	viral_read.count	0.0929326672400899	0.0129886181206209	0.139763750534191	cluster_12
US4	L	2h	2	PC-12	PC-12_dcDNA_2h	LT934125.1	+	399	PC-12_2h_2	0.0902255639097744	dcDNA	PC-12_2h_2	viral_read.count	0.0929326672400899	0.0129886181206209	0.139763750534191	cluster_12
US4	L	2h	2	PC-12	PC-12_dcDNA_2h	LT934125.1	+	503	PC-12_2h_3	0.0815109343936382	dcDNA	PC-12_2h_3	viral_read.count	0.0929326672400899	0.0129886181206209	0.139763750534191	cluster_12
US4	L	2h	2	PK-15	PK-15_dcDNA_2h	LT934125.1	+	482	PK-15_2h_1	0.049792531120332	dcDNA	PK-15_2h_1	viral_read.count	0.0374337084224481	0.0135147633170469	0.361031911787356	cluster_12
US4	L	2h	2	PK-15	PK-15_dcDNA_2h	LT934125.1	+	405	PK-15_2h_2	0.0395061728395062	dcDNA	PK-15_2h_2	viral_read.count	0.0374337084224481	0.0135147633170469	0.361031911787356	cluster_12
US4	L	2h	2	PK-15	PK-15_dcDNA_2h	LT934125.1	+	1652	PK-15_2h_3	0.0230024213075061	dcDNA	PK-15_2h_3	viral_read.count	0.0374337084224481	0.0135147633170469	0.361031911787356	cluster_12
US4	L	4h	4	C6	C6_dcDNA_4h	LT934125.1	+	680	C6_4h_1	0.0882352941176471	dcDNA	C6_4h_1	viral_read.count	0.0818743248215037	0.00569243802015802	0.0695265338989757	cluster_12
US4	L	4h	4	C6	C6_dcDNA_4h	LT934125.1	+	686	C6_4h_2	0.0772594752186589	dcDNA	C6_4h_2	viral_read.count	0.0818743248215037	0.00569243802015802	0.0695265338989757	cluster_12
US4	L	4h	4	C6	C6_dcDNA_4h	LT934125.1	+	312	C6_4h_3	0.0801282051282051	dcDNA	C6_4h_3	viral_read.count	0.0818743248215037	0.00569243802015802	0.0695265338989757	cluster_12
US4	L	4h	4	PC-12	PC-12_dcDNA_4h	LT934125.1	+	2800	PC-12_4h_1	0.0642857142857143	dcDNA	PC-12_4h_1	viral_read.count	0.0719662666035608	0.0101870525105633	0.14155316082576	cluster_12
US4	L	4h	4	PC-12	PC-12_dcDNA_4h	LT934125.1	+	2646	PC-12_4h_2	0.0835222978080121	dcDNA	PC-12_4h_2	viral_read.count	0.0719662666035608	0.0101870525105633	0.14155316082576	cluster_12
US4	L	4h	4	PC-12	PC-12_dcDNA_4h	LT934125.1	+	2996	PC-12_4h_3	0.0680907877169559	dcDNA	PC-12_4h_3	viral_read.count	0.0719662666035608	0.0101870525105633	0.14155316082576	cluster_12
US4	L	4h	4	PK-15	PK-15_dcDNA_4h	LT934125.1	+	7826	PK-15_4h_1	0.0470227446971633	dcDNA	PK-15_4h_1	viral_read.count	0.0582491508193108	0.0204587921250216	0.351229019432145	cluster_12
US4	L	4h	4	PK-15	PK-15_dcDNA_4h	LT934125.1	+	8046	PK-15_4h_2	0.0458612975391499	dcDNA	PK-15_4h_2	viral_read.count	0.0582491508193108	0.0204587921250216	0.351229019432145	cluster_12
US4	L	4h	4	PK-15	PK-15_dcDNA_4h	LT934125.1	+	6633	PK-15_4h_3	0.0818634102216192	dcDNA	PK-15_4h_3	viral_read.count	0.0582491508193108	0.0204587921250216	0.351229019432145	cluster_12
US4	L	6h	6	C6	C6_dcDNA_6h	LT934125.1	+	2759	C6_6h_1	0.04929322218195	dcDNA	C6_6h_1	viral_read.count	0.0525858018144205	0.00639179962083143	0.12154991271957	cluster_12
US4	L	6h	6	C6	C6_dcDNA_6h	LT934125.1	+	4220	C6_6h_2	0.0599526066350711	dcDNA	C6_6h_2	viral_read.count	0.0525858018144205	0.00639179962083143	0.12154991271957	cluster_12
US4	L	6h	6	C6	C6_dcDNA_6h	LT934125.1	+	3628	C6_6h_3	0.0485115766262404	dcDNA	C6_6h_3	viral_read.count	0.0525858018144205	0.00639179962083143	0.12154991271957	cluster_12
US4	L	6h	6	PC-12	PC-12_dcDNA_6h	LT934125.1	+	7517	PC-12_6h_1	0.079020885991752	dcDNA	PC-12_6h_1	viral_read.count	0.0684624289891582	0.0091458881565787	0.133589887060932	cluster_12
US4	L	6h	6	PC-12	PC-12_dcDNA_6h	LT934125.1	+	13589	PC-12_6h_2	0.062992125984252	dcDNA	PC-12_6h_2	viral_read.count	0.0684624289891582	0.0091458881565787	0.133589887060932	cluster_12
US4	L	6h	6	PC-12	PC-12_dcDNA_6h	LT934125.1	+	11724	PC-12_6h_3	0.0633742749914705	dcDNA	PC-12_6h_3	viral_read.count	0.0684624289891582	0.0091458881565787	0.133589887060932	cluster_12
US4	L	6h	6	PK-15	PK-15_dcDNA_6h	LT934125.1	+	37872	PK-15_6h_1	0.0606252640473173	dcDNA	PK-15_6h_1	viral_read.count	0.057436240308904	0.014470739838865	0.251944412813902	cluster_12
US4	L	6h	6	PK-15	PK-15_dcDNA_6h	LT934125.1	+	30337	PK-15_6h_2	0.070046477898276	dcDNA	PK-15_6h_2	viral_read.count	0.057436240308904	0.014470739838865	0.251944412813902	cluster_12
US4	L	6h	6	PK-15	PK-15_dcDNA_6h	LT934125.1	+	44912	PK-15_6h_3	0.0416369789811186	dcDNA	PK-15_6h_3	viral_read.count	0.057436240308904	0.014470739838865	0.251944412813902	cluster_12
US4	L	8h	8	C6	C6_dcDNA_8h	LT934125.1	+	10124	C6_8h_1	0.0652903990517582	dcDNA	C6_8h_1	viral_read.count	0.063431383013532	0.00229998103481208	0.0362593549997392	cluster_12
US4	L	8h	8	C6	C6_dcDNA_8h	LT934125.1	+	10414	C6_8h_2	0.0641444209717688	dcDNA	C6_8h_2	viral_read.count	0.063431383013532	0.00229998103481208	0.0362593549997392	cluster_12
US4	L	8h	8	C6	C6_dcDNA_8h	LT934125.1	+	8495	C6_8h_3	0.0608593290170689	dcDNA	C6_8h_3	viral_read.count	0.063431383013532	0.00229998103481208	0.0362593549997392	cluster_12
US4	L	8h	8	PC-12	PC-12_dcDNA_8h	LT934125.1	+	14035	PC-12_8h_1	0.045030281439259	dcDNA	PC-12_8h_1	viral_read.count	0.0641180481412057	0.0269941785453065	0.421007490525256	cluster_12
US4	L	8h	8	PC-12	PC-12_dcDNA_8h	LT934125.1	+	15684	PC-12_8h_2	0.0832058148431523	dcDNA	PC-12_8h_2	viral_read.count	0.0641180481412057	0.0269941785453065	0.421007490525256	cluster_12
US4	L	8h	8	PK-15	PK-15_dcDNA_8h	LT934125.1	+	69419	PK-15_8h_1	0.104524697849292	dcDNA	PK-15_8h_1	viral_read.count	0.0870389181768684	0.0164164210613012	0.188610122979033	cluster_12
US4	L	8h	8	PK-15	PK-15_dcDNA_8h	LT934125.1	+	74319	PK-15_8h_2	0.0846351538637495	dcDNA	PK-15_8h_2	viral_read.count	0.0870389181768684	0.0164164210613012	0.188610122979033	cluster_12
US4	L	8h	8	PK-15	PK-15_dcDNA_8h	LT934125.1	+	70167	PK-15_8h_3	0.0719569028175638	dcDNA	PK-15_8h_3	viral_read.count	0.0870389181768684	0.0164164210613012	0.188610122979033	cluster_12
US6	L	""		C6	C6_dRNA	LT934125.1	+	3	C6_dRNA	0	dcDNA	C6_dRNA	viral_read.count	0			cluster_1
US6	L	""		PC-12	PC-12_dRNA	LT934125.1	+	20	PC-12_dRNA	0	dcDNA	PC-12_dRNA	viral_read.count	0			cluster_1
US6	L	""		PK-15	PK-15_dRNA	LT934125.1	+	68	PK-15_dRNA	0	dcDNA	PK-15_dRNA	viral_read.count	0			cluster_1
US6	L	0.5h	0.5	PC-12	PC-12_dcDNA_0.5h	LT934125.1	+	13	PC-12_0.5h_1	0	dcDNA	PC-12_0.5h_1	viral_read.count	0	0		cluster_1
US6	L	0.5h	0.5	PC-12	PC-12_dcDNA_0.5h	LT934125.1	+	13	PC-12_0.5h_2	0	dcDNA	PC-12_0.5h_2	viral_read.count	0	0		cluster_1
US6	L	0.5h	0.5	PC-12	PC-12_dcDNA_0.5h	LT934125.1	+	2	PC-12_0.5h_3	0	dcDNA	PC-12_0.5h_3	viral_read.count	0	0		cluster_1
US6	L	1.5h	1.5	PC-12	PC-12_dcDNA_1.5h	LT934125.1	+	138	PC-12_1.5h_1	0	dcDNA	PC-12_1.5h_1	viral_read.count	0	0		cluster_1
US6	L	1.5h	1.5	PC-12	PC-12_dcDNA_1.5h	LT934125.1	+	129	PC-12_1.5h_2	0	dcDNA	PC-12_1.5h_2	viral_read.count	0	0		cluster_1
US6	L	1.5h	1.5	PC-12	PC-12_dcDNA_1.5h	LT934125.1	+	152	PC-12_1.5h_3	0	dcDNA	PC-12_1.5h_3	viral_read.count	0	0		cluster_1
US6	L	12h	12	C6	C6_dcDNA_12h	LT934125.1	+	56266	C6_12h_1	0.00231045391533075	dcDNA	C6_12h_1	viral_read.count	0.00263643450405325	0.000852837681198795	0.323481459481601	cluster_1
US6	L	12h	12	C6	C6_dcDNA_12h	LT934125.1	+	49131	C6_12h_2	0.00199466731798661	dcDNA	C6_12h_2	viral_read.count	0.00263643450405325	0.000852837681198795	0.323481459481601	cluster_1
US6	L	12h	12	C6	C6_dcDNA_12h	LT934125.1	+	28023	C6_12h_3	0.00360418227884238	dcDNA	C6_12h_3	viral_read.count	0.00263643450405325	0.000852837681198795	0.323481459481601	cluster_1
US6	L	12h	12	PC-12	PC-12_dcDNA_12h	LT934125.1	+	40118	PC-12_12h_1	0.00102198514382571	dcDNA	PC-12_12h_1	viral_read.count	0.00110659813899581	7.88377263528572e-05	0.0712433209262388	cluster_1
US6	L	12h	12	PC-12	PC-12_dcDNA_12h	LT934125.1	+	64296	PC-12_12h_2	0.00111982082866741	dcDNA	PC-12_12h_2	viral_read.count	0.00110659813899581	7.88377263528572e-05	0.0712433209262388	cluster_1
US6	L	12h	12	PC-12	PC-12_dcDNA_12h	LT934125.1	+	35654	PC-12_12h_3	0.00117798844449431	dcDNA	PC-12_12h_3	viral_read.count	0.00110659813899581	7.88377263528572e-05	0.0712433209262388	cluster_1
US6	L	12h	12	PK-15	PK-15_dcDNA_12h	LT934125.1	+	137055	PK-15_12h_1	0.00148845354054941	dcDNA	PK-15_12h_1	viral_read.count	0.00152089591360038	9.01732940439731e-05	0.0592895892727519	cluster_1
US6	L	12h	12	PK-15	PK-15_dcDNA_12h	LT934125.1	+	155287	PK-15_12h_2	0.00162280165113628	dcDNA	PK-15_12h_2	viral_read.count	0.00152089591360038	9.01732940439731e-05	0.0592895892727519	cluster_1
US6	L	12h	12	PK-15	PK-15_dcDNA_12h	LT934125.1	+	135039	PK-15_12h_3	0.00145143254911544	dcDNA	PK-15_12h_3	viral_read.count	0.00152089591360038	9.01732940439731e-05	0.0592895892727519	cluster_1
US6	L	1h	1	C6	C6_dcDNA_1h	LT934125.1	+	246	C6_1h_1	0.0040650406504065	dcDNA	C6_1h_1	viral_read.count	0.00274390243902439	0.00237683243161108	0.866223375076037	cluster_1
US6	L	1h	1	C6	C6_dcDNA_1h	LT934125.1	+	240	C6_1h_2	0.00416666666666667	dcDNA	C6_1h_2	viral_read.count	0.00274390243902439	0.00237683243161108	0.866223375076037	cluster_1
US6	L	1h	1	C6	C6_dcDNA_1h	LT934125.1	+	102	C6_1h_3	0	dcDNA	C6_1h_3	viral_read.count	0.00274390243902439	0.00237683243161108	0.866223375076037	cluster_1
US6	L	1h	1	NRK	NRK_dcDNA_1h	LT934125.1	+	25	NRK_1h_1	0	dcDNA	NRK_1h_1	viral_read.count	0	0		cluster_1
US6	L	1h	1	NRK	NRK_dcDNA_1h	LT934125.1	+	54	NRK_1h_2	0	dcDNA	NRK_1h_2	viral_read.count	0	0		cluster_1
US6	L	1h	1	NRK	NRK_dcDNA_1h	LT934125.1	+	20	NRK_1h_3	0	dcDNA	NRK_1h_3	viral_read.count	0	0		cluster_1
US6	L	1h	1	PC-12	PC-12_dcDNA_1h	LT934125.1	+	154	PC-12_1h_1	0.012987012987013	dcDNA	PC-12_1h_1	viral_read.count	0.00791323371968533	0.00694352236055098	0.877457005127745	cluster_1
US6	L	1h	1	PC-12	PC-12_dcDNA_1h	LT934125.1	+	93	PC-12_1h_2	0.010752688172043	dcDNA	PC-12_1h_2	viral_read.count	0.00791323371968533	0.00694352236055098	0.877457005127745	cluster_1
US6	L	1h	1	PC-12	PC-12_dcDNA_1h	LT934125.1	+	158	PC-12_1h_3	0	dcDNA	PC-12_1h_3	viral_read.count	0.00791323371968533	0.00694352236055098	0.877457005127745	cluster_1
US6	L	1h	1	PK-15	PK-15_dcDNA_1h	LT934125.1	+	129	PK-15_1h_1	0	dcDNA	PK-15_1h_1	viral_read.count	0	0		cluster_1
US6	L	1h	1	PK-15	PK-15_dcDNA_1h	LT934125.1	+	76	PK-15_1h_2	0	dcDNA	PK-15_1h_2	viral_read.count	0	0		cluster_1
US6	L	1h	1	PK-15	PK-15_dcDNA_1h	LT934125.1	+	52	PK-15_1h_3	0	dcDNA	PK-15_1h_3	viral_read.count	0	0		cluster_1
US6	L	2.5h	2.5	PC-12	PC-12_dcDNA_2.5h	LT934125.1	+	478	PC-12_2.5h_1	0	dcDNA	PC-12_2.5h_1	viral_read.count	0	0		cluster_1
US6	L	2.5h	2.5	PC-12	PC-12_dcDNA_2.5h	LT934125.1	+	231	PC-12_2.5h_2	0	dcDNA	PC-12_2.5h_2	viral_read.count	0	0		cluster_1
US6	L	2.5h	2.5	PC-12	PC-12_dcDNA_2.5h	LT934125.1	+	545	PC-12_2.5h_3	0	dcDNA	PC-12_2.5h_3	viral_read.count	0	0		cluster_1
US6	L	2h	2	C6	C6_dcDNA_2h	LT934125.1	+	243	C6_2h_1	0	dcDNA	C6_2h_1	viral_read.count	0.00106837606837607	0.00151091192561228	1.4142135623731	cluster_1
US6	L	2h	2	C6	C6_dcDNA_2h	LT934125.1	+	468	C6_2h_2	0.00213675213675214	dcDNA	C6_2h_2	viral_read.count	0.00106837606837607	0.00151091192561228	1.4142135623731	cluster_1
US6	L	2h	2	NRK	NRK_dcDNA_2h	LT934125.1	+	99	NRK_2h_1	0	dcDNA	NRK_2h_1	viral_read.count	0	0		cluster_1
US6	L	2h	2	NRK	NRK_dcDNA_2h	LT934125.1	+	71	NRK_2h_2	0	dcDNA	NRK_2h_2	viral_read.count	0	0		cluster_1
US6	L	2h	2	NRK	NRK_dcDNA_2h	LT934125.1	+	122	NRK_2h_3	0	dcDNA	NRK_2h_3	viral_read.count	0	0		cluster_1
US6	L	2h	2	PC-12	PC-12_dcDNA_2h	LT934125.1	+	439	PC-12_2h_1	0.00227790432801822	dcDNA	PC-12_2h_1	viral_read.count	0.00142199196619825	0.00123997847593047	0.872001041781969	cluster_1
US6	L	2h	2	PC-12	PC-12_dcDNA_2h	LT934125.1	+	399	PC-12_2h_2	0	dcDNA	PC-12_2h_2	viral_read.count	0.00142199196619825	0.00123997847593047	0.872001041781969	cluster_1
US6	L	2h	2	PC-12	PC-12_dcDNA_2h	LT934125.1	+	503	PC-12_2h_3	0.00198807157057654	dcDNA	PC-12_2h_3	viral_read.count	0.00142199196619825	0.00123997847593047	0.872001041781969	cluster_1
US6	L	2h	2	PK-15	PK-15_dcDNA_2h	LT934125.1	+	482	PK-15_2h_1	0	dcDNA	PK-15_2h_1	viral_read.count	0.000605326876513317	0.00104845690530804	1.73205080756888	cluster_1
US6	L	2h	2	PK-15	PK-15_dcDNA_2h	LT934125.1	+	405	PK-15_2h_2	0	dcDNA	PK-15_2h_2	viral_read.count	0.000605326876513317	0.00104845690530804	1.73205080756888	cluster_1
US6	L	2h	2	PK-15	PK-15_dcDNA_2h	LT934125.1	+	1652	PK-15_2h_3	0.00181598062953995	dcDNA	PK-15_2h_3	viral_read.count	0.000605326876513317	0.00104845690530804	1.73205080756888	cluster_1
US6	L	4h	4	C6	C6_dcDNA_4h	LT934125.1	+	680	C6_4h_1	0.00294117647058824	dcDNA	C6_4h_1	viral_read.count	0.00195220945521066	0.00169071190810473	0.866050465841175	cluster_1
US6	L	4h	4	C6	C6_dcDNA_4h	LT934125.1	+	686	C6_4h_2	0.00291545189504373	dcDNA	C6_4h_2	viral_read.count	0.00195220945521066	0.00169071190810473	0.866050465841175	cluster_1
US6	L	4h	4	C6	C6_dcDNA_4h	LT934125.1	+	312	C6_4h_3	0	dcDNA	C6_4h_3	viral_read.count	0.00195220945521066	0.00169071190810473	0.866050465841175	cluster_1
US6	L	4h	4	PC-12	PC-12_dcDNA_4h	LT934125.1	+	2800	PC-12_4h_1	0.00107142857142857	dcDNA	PC-12_4h_1	viral_read.count	0.00130608595116828	0.000221574273370996	0.169647543619009	cluster_1
US6	L	4h	4	PC-12	PC-12_dcDNA_4h	LT934125.1	+	2646	PC-12_4h_2	0.00151171579743008	dcDNA	PC-12_4h_2	viral_read.count	0.00130608595116828	0.000221574273370996	0.169647543619009	cluster_1
US6	L	4h	4	PC-12	PC-12_dcDNA_4h	LT934125.1	+	2996	PC-12_4h_3	0.0013351134846462	dcDNA	PC-12_4h_3	viral_read.count	0.00130608595116828	0.000221574273370996	0.169647543619009	cluster_1
US6	L	4h	4	PK-15	PK-15_dcDNA_4h	LT934125.1	+	7826	PK-15_4h_1	0.000766675185279837	dcDNA	PK-15_4h_1	viral_read.count	0.00082330246011605	0.000357850906576396	0.434653027182689	cluster_1
US6	L	4h	4	PK-15	PK-15_dcDNA_4h	LT934125.1	+	8046	PK-15_4h_2	0.000497141436738752	dcDNA	PK-15_4h_2	viral_read.count	0.00082330246011605	0.000357850906576396	0.434653027182689	cluster_1
US6	L	4h	4	PK-15	PK-15_dcDNA_4h	LT934125.1	+	6633	PK-15_4h_3	0.00120609075832956	dcDNA	PK-15_4h_3	viral_read.count	0.00082330246011605	0.000357850906576396	0.434653027182689	cluster_1
US6	L	6h	6	C6	C6_dcDNA_6h	LT934125.1	+	2759	C6_6h_1	0.00507430228343603	dcDNA	C6_6h_1	viral_read.count	0.00392724787217053	0.00151861611209978	0.38668710545649	cluster_1
US6	L	6h	6	C6	C6_dcDNA_6h	LT934125.1	+	4220	C6_6h_2	0.00450236966824645	dcDNA	C6_6h_2	viral_read.count	0.00392724787217053	0.00151861611209978	0.38668710545649	cluster_1
US6	L	6h	6	C6	C6_dcDNA_6h	LT934125.1	+	3628	C6_6h_3	0.00220507166482911	dcDNA	C6_6h_3	viral_read.count	0.00392724787217053	0.00151861611209978	0.38668710545649	cluster_1
US6	L	6h	6	PC-12	PC-12_dcDNA_6h	LT934125.1	+	7517	PC-12_6h_1	0.00186244512438473	dcDNA	PC-12_6h_1	viral_read.count	0.00219293005675302	0.000468783143208142	0.213770221154363	cluster_1
US6	L	6h	6	PC-12	PC-12_dcDNA_6h	LT934125.1	+	13589	PC-12_6h_2	0.00198690117006402	dcDNA	PC-12_6h_2	viral_read.count	0.00219293005675302	0.000468783143208142	0.213770221154363	cluster_1
US6	L	6h	6	PC-12	PC-12_dcDNA_6h	LT934125.1	+	11724	PC-12_6h_3	0.0027294438758103	dcDNA	PC-12_6h_3	viral_read.count	0.00219293005675302	0.000468783143208142	0.213770221154363	cluster_1
US6	L	6h	6	PK-15	PK-15_dcDNA_6h	LT934125.1	+	37872	PK-15_6h_1	0.000897760878749472	dcDNA	PK-15_6h_1	viral_read.count	0.000911207521729215	1.26868228039747e-05	0.0139230883211968	cluster_1
US6	L	6h	6	PK-15	PK-15_dcDNA_6h	LT934125.1	+	30337	PK-15_6h_2	0.000922965355836108	dcDNA	PK-15_6h_2	viral_read.count	0.000911207521729215	1.26868228039747e-05	0.0139230883211968	cluster_1
US6	L	6h	6	PK-15	PK-15_dcDNA_6h	LT934125.1	+	44912	PK-15_6h_3	0.000912896330602066	dcDNA	PK-15_6h_3	viral_read.count	0.000911207521729215	1.26868228039747e-05	0.0139230883211968	cluster_1
US6	L	8h	8	C6	C6_dcDNA_8h	LT934125.1	+	10124	C6_8h_1	0.00167917819043856	dcDNA	C6_8h_1	viral_read.count	0.00133929797055636	0.000548692556932127	0.409686693323513	cluster_1
US6	L	8h	8	C6	C6_dcDNA_8h	LT934125.1	+	10414	C6_8h_2	0.00163241789898214	dcDNA	C6_8h_2	viral_read.count	0.00133929797055636	0.000548692556932127	0.409686693323513	cluster_1
US6	L	8h	8	C6	C6_dcDNA_8h	LT934125.1	+	8495	C6_8h_3	0.000706297822248381	dcDNA	C6_8h_3	viral_read.count	0.00133929797055636	0.000548692556932127	0.409686693323513	cluster_1
US6	L	8h	8	PC-12	PC-12_dcDNA_8h	LT934125.1	+	14035	PC-12_8h_1	0.000712504453152832	dcDNA	PC-12_8h_1	viral_read.count	0.000993844677481796	0.00039787516088711	0.400339378880859	cluster_1
US6	L	8h	8	PC-12	PC-12_dcDNA_8h	LT934125.1	+	15684	PC-12_8h_2	0.00127518490181076	dcDNA	PC-12_8h_2	viral_read.count	0.000993844677481796	0.00039787516088711	0.400339378880859	cluster_1
US6	L	8h	8	PK-15	PK-15_dcDNA_8h	LT934125.1	+	69419	PK-15_8h_1	0.00223281810455351	dcDNA	PK-15_8h_1	viral_read.count	0.00170555931912142	0.000483601193810636	0.28354404821273	cluster_1
US6	L	8h	8	PK-15	PK-15_dcDNA_8h	LT934125.1	+	74319	PK-15_8h_2	0.0016012056136385	dcDNA	PK-15_8h_2	viral_read.count	0.00170555931912142	0.000483601193810636	0.28354404821273	cluster_1
US6	L	8h	8	PK-15	PK-15_dcDNA_8h	LT934125.1	+	70167	PK-15_8h_3	0.00128265423917226	dcDNA	PK-15_8h_3	viral_read.count	0.00170555931912142	0.000483601193810636	0.28354404821273	cluster_1
US7	L	""		C6	C6_dRNA	LT934125.1	+	3	C6_dRNA	0	dcDNA	C6_dRNA	viral_read.count	0			cluster_5
US7	L	""		PC-12	PC-12_dRNA	LT934125.1	+	20	PC-12_dRNA	0	dcDNA	PC-12_dRNA	viral_read.count	0			cluster_5
US7	L	""		PK-15	PK-15_dRNA	LT934125.1	+	68	PK-15_dRNA	0	dcDNA	PK-15_dRNA	viral_read.count	0			cluster_5
US7	L	0.5h	0.5	PC-12	PC-12_dcDNA_0.5h	LT934125.1	+	13	PC-12_0.5h_1	0	dcDNA	PC-12_0.5h_1	viral_read.count	0	0		cluster_5
US7	L	0.5h	0.5	PC-12	PC-12_dcDNA_0.5h	LT934125.1	+	13	PC-12_0.5h_2	0	dcDNA	PC-12_0.5h_2	viral_read.count	0	0		cluster_5
US7	L	0.5h	0.5	PC-12	PC-12_dcDNA_0.5h	LT934125.1	+	2	PC-12_0.5h_3	0	dcDNA	PC-12_0.5h_3	viral_read.count	0	0		cluster_5
US7	L	1.5h	1.5	PC-12	PC-12_dcDNA_1.5h	LT934125.1	+	138	PC-12_1.5h_1	0.0072463768115942	dcDNA	PC-12_1.5h_1	viral_read.count	0.00460844139333842	0.00400495500252872	0.869047615169404	cluster_5
US7	L	1.5h	1.5	PC-12	PC-12_dcDNA_1.5h	LT934125.1	+	129	PC-12_1.5h_2	0	dcDNA	PC-12_1.5h_2	viral_read.count	0.00460844139333842	0.00400495500252872	0.869047615169404	cluster_5
US7	L	1.5h	1.5	PC-12	PC-12_dcDNA_1.5h	LT934125.1	+	152	PC-12_1.5h_3	0.00657894736842105	dcDNA	PC-12_1.5h_3	viral_read.count	0.00460844139333842	0.00400495500252872	0.869047615169404	cluster_5
US7	L	12h	12	C6	C6_dcDNA_12h	LT934125.1	+	56266	C6_12h_1	0.00888636121281058	dcDNA	C6_12h_1	viral_read.count	0.0100230915185567	0.00102696141974855	0.102459547321028	cluster_5
US7	L	12h	12	C6	C6_dcDNA_12h	LT934125.1	+	49131	C6_12h_2	0.0102989965602166	dcDNA	C6_12h_2	viral_read.count	0.0100230915185567	0.00102696141974855	0.102459547321028	cluster_5
US7	L	12h	12	C6	C6_dcDNA_12h	LT934125.1	+	28023	C6_12h_3	0.0108839167826428	dcDNA	C6_12h_3	viral_read.count	0.0100230915185567	0.00102696141974855	0.102459547321028	cluster_5
US7	L	12h	12	PC-12	PC-12_dcDNA_12h	LT934125.1	+	40118	PC-12_12h_1	0.00795154294830251	dcDNA	PC-12_12h_1	viral_read.count	0.00855516478860267	0.000879407116421829	0.102792539729146	cluster_5
US7	L	12h	12	PC-12	PC-12_dcDNA_12h	LT934125.1	+	64296	PC-12_12h_2	0.0081498071419684	dcDNA	PC-12_12h_2	viral_read.count	0.00855516478860267	0.000879407116421829	0.102792539729146	cluster_5
US7	L	12h	12	PC-12	PC-12_dcDNA_12h	LT934125.1	+	35654	PC-12_12h_3	0.00956414427553711	dcDNA	PC-12_12h_3	viral_read.count	0.00855516478860267	0.000879407116421829	0.102792539729146	cluster_5
US7	L	12h	12	PK-15	PK-15_dcDNA_12h	LT934125.1	+	137055	PK-15_12h_1	0.00856590419904418	dcDNA	PK-15_12h_1	viral_read.count	0.00935000517615129	0.000991478201294549	0.106040390632454	cluster_5
US7	L	12h	12	PK-15	PK-15_dcDNA_12h	LT934125.1	+	155287	PK-15_12h_2	0.0104644947741923	dcDNA	PK-15_12h_2	viral_read.count	0.00935000517615129	0.000991478201294549	0.106040390632454	cluster_5
US7	L	12h	12	PK-15	PK-15_dcDNA_12h	LT934125.1	+	135039	PK-15_12h_3	0.00901961655521738	dcDNA	PK-15_12h_3	viral_read.count	0.00935000517615129	0.000991478201294549	0.106040390632454	cluster_5
US7	L	1h	1	C6	C6_dcDNA_1h	LT934125.1	+	246	C6_1h_1	0.0121951219512195	dcDNA	C6_1h_1	viral_read.count	0.0226924916307987	0.014483115996257	0.638233836631682	cluster_5
US7	L	1h	1	C6	C6_dcDNA_1h	LT934125.1	+	240	C6_1h_2	0.0166666666666667	dcDNA	C6_1h_2	viral_read.count	0.0226924916307987	0.014483115996257	0.638233836631682	cluster_5
US7	L	1h	1	C6	C6_dcDNA_1h	LT934125.1	+	102	C6_1h_3	0.0392156862745098	dcDNA	C6_1h_3	viral_read.count	0.0226924916307987	0.014483115996257	0.638233836631682	cluster_5
US7	L	1h	1	NRK	NRK_dcDNA_1h	LT934125.1	+	25	NRK_1h_1	0.04	dcDNA	NRK_1h_1	viral_read.count	0.0133333333333333	0.023094010767585	1.73205080756888	cluster_5
US7	L	1h	1	NRK	NRK_dcDNA_1h	LT934125.1	+	54	NRK_1h_2	0	dcDNA	NRK_1h_2	viral_read.count	0.0133333333333333	0.023094010767585	1.73205080756888	cluster_5
US7	L	1h	1	NRK	NRK_dcDNA_1h	LT934125.1	+	20	NRK_1h_3	0	dcDNA	NRK_1h_3	viral_read.count	0.0133333333333333	0.023094010767585	1.73205080756888	cluster_5
US7	L	1h	1	PC-12	PC-12_dcDNA_1h	LT934125.1	+	154	PC-12_1h_1	0.00649350649350649	dcDNA	PC-12_1h_1	viral_read.count	0.0084936160885528	0.0096503945871282	1.13619387626131	cluster_5
US7	L	1h	1	PC-12	PC-12_dcDNA_1h	LT934125.1	+	93	PC-12_1h_2	0	dcDNA	PC-12_1h_2	viral_read.count	0.0084936160885528	0.0096503945871282	1.13619387626131	cluster_5
US7	L	1h	1	PC-12	PC-12_dcDNA_1h	LT934125.1	+	158	PC-12_1h_3	0.0189873417721519	dcDNA	PC-12_1h_3	viral_read.count	0.0084936160885528	0.0096503945871282	1.13619387626131	cluster_5
US7	L	1h	1	PK-15	PK-15_dcDNA_1h	LT934125.1	+	129	PK-15_1h_1	0	dcDNA	PK-15_1h_1	viral_read.count	0.0107962213225371	0.00983050086662176	0.910550142770841	cluster_5
US7	L	1h	1	PK-15	PK-15_dcDNA_1h	LT934125.1	+	76	PK-15_1h_2	0.0131578947368421	dcDNA	PK-15_1h_2	viral_read.count	0.0107962213225371	0.00983050086662176	0.910550142770841	cluster_5
US7	L	1h	1	PK-15	PK-15_dcDNA_1h	LT934125.1	+	52	PK-15_1h_3	0.0192307692307692	dcDNA	PK-15_1h_3	viral_read.count	0.0107962213225371	0.00983050086662176	0.910550142770841	cluster_5
US7	L	2.5h	2.5	PC-12	PC-12_dcDNA_2.5h	LT934125.1	+	478	PC-12_2.5h_1	0.0104602510460251	dcDNA	PC-12_2.5h_1	viral_read.count	0.00820761561999902	0.00250834438710702	0.305611824827064	cluster_5
US7	L	2.5h	2.5	PC-12	PC-12_dcDNA_2.5h	LT934125.1	+	231	PC-12_2.5h_2	0.00865800865800866	dcDNA	PC-12_2.5h_2	viral_read.count	0.00820761561999902	0.00250834438710702	0.305611824827064	cluster_5
US7	L	2.5h	2.5	PC-12	PC-12_dcDNA_2.5h	LT934125.1	+	545	PC-12_2.5h_3	0.0055045871559633	dcDNA	PC-12_2.5h_3	viral_read.count	0.00820761561999902	0.00250834438710702	0.305611824827064	cluster_5
US7	L	2h	2	C6	C6_dcDNA_2h	LT934125.1	+	243	C6_2h_1	0.00411522633744856	dcDNA	C6_2h_1	viral_read.count	0.00526274137385249	0.00162283132750949	0.308362355705412	cluster_5
US7	L	2h	2	C6	C6_dcDNA_2h	LT934125.1	+	468	C6_2h_2	0.00641025641025641	dcDNA	C6_2h_2	viral_read.count	0.00526274137385249	0.00162283132750949	0.308362355705412	cluster_5
US7	L	2h	2	NRK	NRK_dcDNA_2h	LT934125.1	+	99	NRK_2h_1	0	dcDNA	NRK_2h_1	viral_read.count	0.0128915569922266	0.0123384110786958	0.957092388928327	cluster_5
US7	L	2h	2	NRK	NRK_dcDNA_2h	LT934125.1	+	71	NRK_2h_2	0.0140845070422535	dcDNA	NRK_2h_2	viral_read.count	0.0128915569922266	0.0123384110786958	0.957092388928327	cluster_5
US7	L	2h	2	NRK	NRK_dcDNA_2h	LT934125.1	+	122	NRK_2h_3	0.0245901639344262	dcDNA	NRK_2h_3	viral_read.count	0.0128915569922266	0.0123384110786958	0.957092388928327	cluster_5
US7	L	2h	2	PC-12	PC-12_dcDNA_2h	LT934125.1	+	439	PC-12_2h_1	0.0113895216400911	dcDNA	PC-12_2h_1	viral_read.count	0.012467953888368	0.00710460987347881	0.569829655859337	cluster_5
US7	L	2h	2	PC-12	PC-12_dcDNA_2h	LT934125.1	+	399	PC-12_2h_2	0.0200501253132832	dcDNA	PC-12_2h_2	viral_read.count	0.012467953888368	0.00710460987347881	0.569829655859337	cluster_5
US7	L	2h	2	PC-12	PC-12_dcDNA_2h	LT934125.1	+	503	PC-12_2h_3	0.00596421471172962	dcDNA	PC-12_2h_3	viral_read.count	0.012467953888368	0.00710460987347881	0.569829655859337	cluster_5
US7	L	2h	2	PK-15	PK-15_dcDNA_2h	LT934125.1	+	482	PK-15_2h_1	0.004149377593361	dcDNA	PK-15_2h_1	viral_read.count	0.00341682488497001	0.000860532314072942	0.251851453628269	cluster_5
US7	L	2h	2	PK-15	PK-15_dcDNA_2h	LT934125.1	+	405	PK-15_2h_2	0.00246913580246914	dcDNA	PK-15_2h_2	viral_read.count	0.00341682488497001	0.000860532314072942	0.251851453628269	cluster_5
US7	L	2h	2	PK-15	PK-15_dcDNA_2h	LT934125.1	+	1652	PK-15_2h_3	0.0036319612590799	dcDNA	PK-15_2h_3	viral_read.count	0.00341682488497001	0.000860532314072942	0.251851453628269	cluster_5
US7	L	4h	4	C6	C6_dcDNA_4h	LT934125.1	+	680	C6_4h_1	0.0117647058823529	dcDNA	C6_4h_1	viral_read.count	0.00994558995759474	0.00306212091259467	0.30788730740466	cluster_5
US7	L	4h	4	C6	C6_dcDNA_4h	LT934125.1	+	686	C6_4h_2	0.0116618075801749	dcDNA	C6_4h_2	viral_read.count	0.00994558995759474	0.00306212091259467	0.30788730740466	cluster_5
US7	L	4h	4	C6	C6_dcDNA_4h	LT934125.1	+	312	C6_4h_3	0.00641025641025641	dcDNA	C6_4h_3	viral_read.count	0.00994558995759474	0.00306212091259467	0.30788730740466	cluster_5
US7	L	4h	4	PC-12	PC-12_dcDNA_4h	LT934125.1	+	2800	PC-12_4h_1	0.0157142857142857	dcDNA	PC-12_4h_1	viral_read.count	0.0161279825187257	0.00333676422331768	0.206892847226456	cluster_5
US7	L	4h	4	PC-12	PC-12_dcDNA_4h	LT934125.1	+	2646	PC-12_4h_2	0.0196523053665911	dcDNA	PC-12_4h_2	viral_read.count	0.0161279825187257	0.00333676422331768	0.206892847226456	cluster_5
US7	L	4h	4	PC-12	PC-12_dcDNA_4h	LT934125.1	+	2996	PC-12_4h_3	0.0130173564753004	dcDNA	PC-12_4h_3	viral_read.count	0.0161279825187257	0.00333676422331768	0.206892847226456	cluster_5
US7	L	4h	4	PK-15	PK-15_dcDNA_4h	LT934125.1	+	7826	PK-15_4h_1	0.0159723996933299	dcDNA	PK-15_4h_1	viral_read.count	0.0158376852819421	0.00247454637035669	0.156244193915012	cluster_5
US7	L	4h	4	PK-15	PK-15_dcDNA_4h	LT934125.1	+	8046	PK-15_4h_2	0.0132985334327616	dcDNA	PK-15_4h_2	viral_read.count	0.0158376852819421	0.00247454637035669	0.156244193915012	cluster_5
US7	L	4h	4	PK-15	PK-15_dcDNA_4h	LT934125.1	+	6633	PK-15_4h_3	0.0182421227197347	dcDNA	PK-15_4h_3	viral_read.count	0.0158376852819421	0.00247454637035669	0.156244193915012	cluster_5
US7	L	6h	6	C6	C6_dcDNA_6h	LT934125.1	+	2759	C6_6h_1	0.0144980065241029	dcDNA	C6_6h_1	viral_read.count	0.0152975279066332	0.00152996812690467	0.100014076538553	cluster_5
US7	L	6h	6	C6	C6_dcDNA_6h	LT934125.1	+	4220	C6_6h_2	0.0170616113744076	dcDNA	C6_6h_2	viral_read.count	0.0152975279066332	0.00152996812690467	0.100014076538553	cluster_5
US7	L	6h	6	C6	C6_dcDNA_6h	LT934125.1	+	3628	C6_6h_3	0.0143329658213892	dcDNA	C6_6h_3	viral_read.count	0.0152975279066332	0.00152996812690467	0.100014076538553	cluster_5
US7	L	6h	6	PC-12	PC-12_dcDNA_6h	LT934125.1	+	7517	PC-12_6h_1	0.0182253558600506	dcDNA	PC-12_6h_1	viral_read.count	0.0182690528315449	0.00107175947762202	0.0586653006866027	cluster_5
US7	L	6h	6	PC-12	PC-12_dcDNA_6h	LT934125.1	+	13589	PC-12_6h_2	0.0172198101405549	dcDNA	PC-12_6h_2	viral_read.count	0.0182690528315449	0.00107175947762202	0.0586653006866027	cluster_5
US7	L	6h	6	PC-12	PC-12_dcDNA_6h	LT934125.1	+	11724	PC-12_6h_3	0.0193619924940293	dcDNA	PC-12_6h_3	viral_read.count	0.0182690528315449	0.00107175947762202	0.0586653006866027	cluster_5
US7	L	6h	6	PK-15	PK-15_dcDNA_6h	LT934125.1	+	37872	PK-15_6h_1	0.0134136037177862	dcDNA	PK-15_6h_1	viral_read.count	0.0131670851448539	0.00272089985865821	0.206644054376882	cluster_5
US7	L	6h	6	PK-15	PK-15_dcDNA_6h	LT934125.1	+	30337	PK-15_6h_2	0.0157563371460593	dcDNA	PK-15_6h_2	viral_read.count	0.0131670851448539	0.00272089985865821	0.206644054376882	cluster_5
US7	L	6h	6	PK-15	PK-15_dcDNA_6h	LT934125.1	+	44912	PK-15_6h_3	0.0103313145707161	dcDNA	PK-15_6h_3	viral_read.count	0.0131670851448539	0.00272089985865821	0.206644054376882	cluster_5
US7	L	8h	8	C6	C6_dcDNA_8h	LT934125.1	+	10124	C6_8h_1	0.0110628210193599	dcDNA	C6_8h_1	viral_read.count	0.0101566194008776	0.00110172112341097	0.108473211402977	cluster_5
US7	L	8h	8	C6	C6_dcDNA_8h	LT934125.1	+	10414	C6_8h_2	0.00893028615325523	dcDNA	C6_8h_2	viral_read.count	0.0101566194008776	0.00110172112341097	0.108473211402977	cluster_5
US7	L	8h	8	C6	C6_dcDNA_8h	LT934125.1	+	8495	C6_8h_3	0.0104767510300177	dcDNA	C6_8h_3	viral_read.count	0.0101566194008776	0.00110172112341097	0.108473211402977	cluster_5
US7	L	8h	8	PC-12	PC-12_dcDNA_8h	LT934125.1	+	14035	PC-12_8h_1	0.0109725685785536	dcDNA	PC-12_8h_1	viral_read.count	0.010013190690705	0.00135676522043634	0.135497791098275	cluster_5
US7	L	8h	8	PC-12	PC-12_dcDNA_8h	LT934125.1	+	15684	PC-12_8h_2	0.00905381280285641	dcDNA	PC-12_8h_2	viral_read.count	0.010013190690705	0.00135676522043634	0.135497791098275	cluster_5
US7	L	8h	8	PK-15	PK-15_dcDNA_8h	LT934125.1	+	69419	PK-15_8h_1	0.0179921923392731	dcDNA	PK-15_8h_1	viral_read.count	0.0159876298036338	0.00200596051635646	0.125469537448292	cluster_5
US7	L	8h	8	PK-15	PK-15_dcDNA_8h	LT934125.1	+	74319	PK-15_8h_2	0.0139802742232807	dcDNA	PK-15_8h_2	viral_read.count	0.0159876298036338	0.00200596051635646	0.125469537448292	cluster_5
US7	L	8h	8	PK-15	PK-15_dcDNA_8h	LT934125.1	+	70167	PK-15_8h_3	0.0159904228483475	dcDNA	PK-15_8h_3	viral_read.count	0.0159876298036338	0.00200596051635646	0.125469537448292	cluster_5
US8	L	""		C6	C6_dRNA	LT934125.1	+	3	C6_dRNA	0	dcDNA	C6_dRNA	viral_read.count	0			cluster_1
US8	L	""		PC-12	PC-12_dRNA	LT934125.1	+	20	PC-12_dRNA	0	dcDNA	PC-12_dRNA	viral_read.count	0			cluster_1
US8	L	""		PK-15	PK-15_dRNA	LT934125.1	+	68	PK-15_dRNA	0	dcDNA	PK-15_dRNA	viral_read.count	0			cluster_1
US8	L	0.5h	0.5	PC-12	PC-12_dcDNA_0.5h	LT934125.1	+	13	PC-12_0.5h_1	0	dcDNA	PC-12_0.5h_1	viral_read.count	0	0		cluster_1
US8	L	0.5h	0.5	PC-12	PC-12_dcDNA_0.5h	LT934125.1	+	13	PC-12_0.5h_2	0	dcDNA	PC-12_0.5h_2	viral_read.count	0	0		cluster_1
US8	L	0.5h	0.5	PC-12	PC-12_dcDNA_0.5h	LT934125.1	+	2	PC-12_0.5h_3	0	dcDNA	PC-12_0.5h_3	viral_read.count	0	0		cluster_1
US8	L	1.5h	1.5	PC-12	PC-12_dcDNA_1.5h	LT934125.1	+	138	PC-12_1.5h_1	0	dcDNA	PC-12_1.5h_1	viral_read.count	0.00477696178430572	0.00417833694941995	0.874685027447258	cluster_1
US8	L	1.5h	1.5	PC-12	PC-12_dcDNA_1.5h	LT934125.1	+	129	PC-12_1.5h_2	0.00775193798449612	dcDNA	PC-12_1.5h_2	viral_read.count	0.00477696178430572	0.00417833694941995	0.874685027447258	cluster_1
US8	L	1.5h	1.5	PC-12	PC-12_dcDNA_1.5h	LT934125.1	+	152	PC-12_1.5h_3	0.00657894736842105	dcDNA	PC-12_1.5h_3	viral_read.count	0.00477696178430572	0.00417833694941995	0.874685027447258	cluster_1
US8	L	12h	12	C6	C6_dcDNA_12h	LT934125.1	+	56266	C6_12h_1	0.00666477090960793	dcDNA	C6_12h_1	viral_read.count	0.00804283272534723	0.00268200753223144	0.333465536810061	cluster_1
US8	L	12h	12	C6	C6_dcDNA_12h	LT934125.1	+	49131	C6_12h_2	0.00633001567238607	dcDNA	C6_12h_2	viral_read.count	0.00804283272534723	0.00268200753223144	0.333465536810061	cluster_1
US8	L	12h	12	C6	C6_dcDNA_12h	LT934125.1	+	28023	C6_12h_3	0.0111337115940477	dcDNA	C6_12h_3	viral_read.count	0.00804283272534723	0.00268200753223144	0.333465536810061	cluster_1
US8	L	12h	12	PC-12	PC-12_dcDNA_12h	LT934125.1	+	40118	PC-12_12h_1	0.00406301410838028	dcDNA	PC-12_12h_1	viral_read.count	0.00348904760147757	0.000526298662937366	0.150843073254284	cluster_1
US8	L	12h	12	PC-12	PC-12_dcDNA_12h	LT934125.1	+	64296	PC-12_12h_2	0.00337501555306706	dcDNA	PC-12_12h_2	viral_read.count	0.00348904760147757	0.000526298662937366	0.150843073254284	cluster_1
US8	L	12h	12	PC-12	PC-12_dcDNA_12h	LT934125.1	+	35654	PC-12_12h_3	0.00302911314298536	dcDNA	PC-12_12h_3	viral_read.count	0.00348904760147757	0.000526298662937366	0.150843073254284	cluster_1
US8	L	12h	12	PK-15	PK-15_dcDNA_12h	LT934125.1	+	137055	PK-15_12h_1	0.00315931560322498	dcDNA	PK-15_12h_1	viral_read.count	0.00311452094533886	0.000952791204179668	0.30591902282937	cluster_1
US8	L	12h	12	PK-15	PK-15_dcDNA_12h	LT934125.1	+	155287	PK-15_12h_2	0.00404412474965709	dcDNA	PK-15_12h_2	viral_read.count	0.00311452094533886	0.000952791204179668	0.30591902282937	cluster_1
US8	L	12h	12	PK-15	PK-15_dcDNA_12h	LT934125.1	+	135039	PK-15_12h_3	0.0021401224831345	dcDNA	PK-15_12h_3	viral_read.count	0.00311452094533886	0.000952791204179668	0.30591902282937	cluster_1
US8	L	1h	1	C6	C6_dcDNA_1h	LT934125.1	+	246	C6_1h_1	0.0121951219512195	dcDNA	C6_1h_1	viral_read.count	0.0114996811732823	0.00147646135531597	0.128391503474574	cluster_1
US8	L	1h	1	C6	C6_dcDNA_1h	LT934125.1	+	240	C6_1h_2	0.0125	dcDNA	C6_1h_2	viral_read.count	0.0114996811732823	0.00147646135531597	0.128391503474574	cluster_1
US8	L	1h	1	C6	C6_dcDNA_1h	LT934125.1	+	102	C6_1h_3	0.00980392156862745	dcDNA	C6_1h_3	viral_read.count	0.0114996811732823	0.00147646135531597	0.128391503474574	cluster_1
US8	L	1h	1	NRK	NRK_dcDNA_1h	LT934125.1	+	25	NRK_1h_1	0	dcDNA	NRK_1h_1	viral_read.count	0	0		cluster_1
US8	L	1h	1	NRK	NRK_dcDNA_1h	LT934125.1	+	54	NRK_1h_2	0	dcDNA	NRK_1h_2	viral_read.count	0	0		cluster_1
US8	L	1h	1	NRK	NRK_dcDNA_1h	LT934125.1	+	20	NRK_1h_3	0	dcDNA	NRK_1h_3	viral_read.count	0	0		cluster_1
US8	L	1h	1	PC-12	PC-12_dcDNA_1h	LT934125.1	+	154	PC-12_1h_1	0.00649350649350649	dcDNA	PC-12_1h_1	viral_read.count	0.0135523702285646	0.00754577213080875	0.556786156483858	cluster_1
US8	L	1h	1	PC-12	PC-12_dcDNA_1h	LT934125.1	+	93	PC-12_1h_2	0.021505376344086	dcDNA	PC-12_1h_2	viral_read.count	0.0135523702285646	0.00754577213080875	0.556786156483858	cluster_1
US8	L	1h	1	PC-12	PC-12_dcDNA_1h	LT934125.1	+	158	PC-12_1h_3	0.0126582278481013	dcDNA	PC-12_1h_3	viral_read.count	0.0135523702285646	0.00754577213080875	0.556786156483858	cluster_1
US8	L	1h	1	PK-15	PK-15_dcDNA_1h	LT934125.1	+	129	PK-15_1h_1	0	dcDNA	PK-15_1h_1	viral_read.count	0.0172064777327935	0.0195477812913239	1.13607105387223	cluster_1
US8	L	1h	1	PK-15	PK-15_dcDNA_1h	LT934125.1	+	76	PK-15_1h_2	0.0131578947368421	dcDNA	PK-15_1h_2	viral_read.count	0.0172064777327935	0.0195477812913239	1.13607105387223	cluster_1
US8	L	1h	1	PK-15	PK-15_dcDNA_1h	LT934125.1	+	52	PK-15_1h_3	0.0384615384615385	dcDNA	PK-15_1h_3	viral_read.count	0.0172064777327935	0.0195477812913239	1.13607105387223	cluster_1
US8	L	2.5h	2.5	PC-12	PC-12_dcDNA_2.5h	LT934125.1	+	478	PC-12_2.5h_1	0.00209205020920502	dcDNA	PC-12_2.5h_1	viral_read.count	0.00275197230784348	0.0013717903961661	0.49847536338077	cluster_1
US8	L	2.5h	2.5	PC-12	PC-12_dcDNA_2.5h	LT934125.1	+	231	PC-12_2.5h_2	0.00432900432900433	dcDNA	PC-12_2.5h_2	viral_read.count	0.00275197230784348	0.0013717903961661	0.49847536338077	cluster_1
US8	L	2.5h	2.5	PC-12	PC-12_dcDNA_2.5h	LT934125.1	+	545	PC-12_2.5h_3	0.0018348623853211	dcDNA	PC-12_2.5h_3	viral_read.count	0.00275197230784348	0.0013717903961661	0.49847536338077	cluster_1
US8	L	2h	2	C6	C6_dcDNA_2h	LT934125.1	+	243	C6_2h_1	0.00411522633744856	dcDNA	C6_2h_1	viral_read.count	0.00205761316872428	0.00290990444932736	1.4142135623731	cluster_1
US8	L	2h	2	C6	C6_dcDNA_2h	LT934125.1	+	468	C6_2h_2	0	dcDNA	C6_2h_2	viral_read.count	0.00205761316872428	0.00290990444932736	1.4142135623731	cluster_1
US8	L	2h	2	NRK	NRK_dcDNA_2h	LT934125.1	+	99	NRK_2h_1	0.0404040404040404	dcDNA	NRK_2h_1	viral_read.count	0.0208950895859231	0.0171498069003904	0.820757758892028	cluster_1
US8	L	2h	2	NRK	NRK_dcDNA_2h	LT934125.1	+	71	NRK_2h_2	0.0140845070422535	dcDNA	NRK_2h_2	viral_read.count	0.0208950895859231	0.0171498069003904	0.820757758892028	cluster_1
US8	L	2h	2	NRK	NRK_dcDNA_2h	LT934125.1	+	122	NRK_2h_3	0.00819672131147541	dcDNA	NRK_2h_3	viral_read.count	0.0208950895859231	0.0171498069003904	0.820757758892028	cluster_1
US8	L	2h	2	PC-12	PC-12_dcDNA_2h	LT934125.1	+	439	PC-12_2h_1	0.0227790432801822	dcDNA	PC-12_2h_1	viral_read.count	0.0159189983726758	0.00646456619939021	0.406091265797624	cluster_1
US8	L	2h	2	PC-12	PC-12_dcDNA_2h	LT934125.1	+	399	PC-12_2h_2	0.0150375939849624	dcDNA	PC-12_2h_2	viral_read.count	0.0159189983726758	0.00646456619939021	0.406091265797624	cluster_1
US8	L	2h	2	PC-12	PC-12_dcDNA_2h	LT934125.1	+	503	PC-12_2h_3	0.0099403578528827	dcDNA	PC-12_2h_3	viral_read.count	0.0159189983726758	0.00646456619939021	0.406091265797624	cluster_1
US8	L	2h	2	PK-15	PK-15_dcDNA_2h	LT934125.1	+	482	PK-15_2h_1	0.00829875518672199	dcDNA	PK-15_2h_1	viral_read.count	0.00869745869589585	0.00346610988330969	0.398519844071841	cluster_1
US8	L	2h	2	PK-15	PK-15_dcDNA_2h	LT934125.1	+	405	PK-15_2h_2	0.0123456790123457	dcDNA	PK-15_2h_2	viral_read.count	0.00869745869589585	0.00346610988330969	0.398519844071841	cluster_1
US8	L	2h	2	PK-15	PK-15_dcDNA_2h	LT934125.1	+	1652	PK-15_2h_3	0.00544794188861985	dcDNA	PK-15_2h_3	viral_read.count	0.00869745869589585	0.00346610988330969	0.398519844071841	cluster_1
US8	L	4h	4	C6	C6_dcDNA_4h	LT934125.1	+	680	C6_4h_1	0.0191176470588235	dcDNA	C6_4h_1	viral_read.count	0.0141439726073579	0.00613489361958862	0.433746146849658	cluster_1
US8	L	4h	4	C6	C6_dcDNA_4h	LT934125.1	+	686	C6_4h_2	0.00728862973760933	dcDNA	C6_4h_2	viral_read.count	0.0141439726073579	0.00613489361958862	0.433746146849658	cluster_1
US8	L	4h	4	C6	C6_dcDNA_4h	LT934125.1	+	312	C6_4h_3	0.016025641025641	dcDNA	C6_4h_3	viral_read.count	0.0141439726073579	0.00613489361958862	0.433746146849658	cluster_1
US8	L	4h	4	PC-12	PC-12_dcDNA_4h	LT934125.1	+	2800	PC-12_4h_1	0.005	dcDNA	PC-12_4h_1	viral_read.count	0.00561784907801819	0.00136327150302422	0.242667875923991	cluster_1
US8	L	4h	4	PC-12	PC-12_dcDNA_4h	LT934125.1	+	2646	PC-12_4h_2	0.0071806500377929	dcDNA	PC-12_4h_2	viral_read.count	0.00561784907801819	0.00136327150302422	0.242667875923991	cluster_1
US8	L	4h	4	PC-12	PC-12_dcDNA_4h	LT934125.1	+	2996	PC-12_4h_3	0.00467289719626168	dcDNA	PC-12_4h_3	viral_read.count	0.00561784907801819	0.00136327150302422	0.242667875923991	cluster_1
US8	L	4h	4	PK-15	PK-15_dcDNA_4h	LT934125.1	+	7826	PK-15_4h_1	0.00562228469205213	dcDNA	PK-15_4h_1	viral_read.count	0.00599979545698896	0.00067952615953094	0.113258220951413	cluster_1
US8	L	4h	4	PK-15	PK-15_dcDNA_4h	LT934125.1	+	8046	PK-15_4h_2	0.00559284116331096	dcDNA	PK-15_4h_2	viral_read.count	0.00599979545698896	0.00067952615953094	0.113258220951413	cluster_1
US8	L	4h	4	PK-15	PK-15_dcDNA_4h	LT934125.1	+	6633	PK-15_4h_3	0.0067842605156038	dcDNA	PK-15_4h_3	viral_read.count	0.00599979545698896	0.00067952615953094	0.113258220951413	cluster_1
US8	L	6h	6	C6	C6_dcDNA_6h	LT934125.1	+	2759	C6_6h_1	0.00724900326205147	dcDNA	C6_6h_1	viral_read.count	0.00933000046554117	0.00191748602784832	0.205518320704295	cluster_1
US8	L	6h	6	C6	C6_dcDNA_6h	LT934125.1	+	4220	C6_6h_2	0.00971563981042654	dcDNA	C6_6h_2	viral_read.count	0.00933000046554117	0.00191748602784832	0.205518320704295	cluster_1
US8	L	6h	6	C6	C6_dcDNA_6h	LT934125.1	+	3628	C6_6h_3	0.0110253583241455	dcDNA	C6_6h_3	viral_read.count	0.00933000046554117	0.00191748602784832	0.205518320704295	cluster_1
US8	L	6h	6	PC-12	PC-12_dcDNA_6h	LT934125.1	+	7517	PC-12_6h_1	0.00518823998935746	dcDNA	PC-12_6h_1	viral_read.count	0.00541496306040873	0.00105778273403429	0.195344404427838	cluster_1
US8	L	6h	6	PC-12	PC-12_dcDNA_6h	LT934125.1	+	13589	PC-12_6h_2	0.0044889248657002	dcDNA	PC-12_6h_2	viral_read.count	0.00541496306040873	0.00105778273403429	0.195344404427838	cluster_1
US8	L	6h	6	PC-12	PC-12_dcDNA_6h	LT934125.1	+	11724	PC-12_6h_3	0.00656772432616854	dcDNA	PC-12_6h_3	viral_read.count	0.00541496306040873	0.00105778273403429	0.195344404427838	cluster_1
US8	L	6h	6	PK-15	PK-15_dcDNA_6h	LT934125.1	+	37872	PK-15_6h_1	0.00485847063793832	dcDNA	PK-15_6h_1	viral_read.count	0.00539897664490702	0.000496122567916689	0.0918919640789136	cluster_1
US8	L	6h	6	PK-15	PK-15_dcDNA_6h	LT934125.1	+	30337	PK-15_6h_2	0.00550482908659393	dcDNA	PK-15_6h_2	viral_read.count	0.00539897664490702	0.000496122567916689	0.0918919640789136	cluster_1
US8	L	6h	6	PK-15	PK-15_dcDNA_6h	LT934125.1	+	44912	PK-15_6h_3	0.00583363021018881	dcDNA	PK-15_6h_3	viral_read.count	0.00539897664490702	0.000496122567916689	0.0918919640789136	cluster_1
US8	L	8h	8	C6	C6_dcDNA_8h	LT934125.1	+	10124	C6_8h_1	0.00691426313709996	dcDNA	C6_8h_1	viral_read.count	0.00558828642880604	0.00123411331484732	0.220839309253336	cluster_1
US8	L	8h	8	C6	C6_dcDNA_8h	LT934125.1	+	10414	C6_8h_2	0.00537737660841175	dcDNA	C6_8h_2	viral_read.count	0.00558828642880604	0.00123411331484732	0.220839309253336	cluster_1
US8	L	8h	8	C6	C6_dcDNA_8h	LT934125.1	+	8495	C6_8h_3	0.00447321954090642	dcDNA	C6_8h_3	viral_read.count	0.00558828642880604	0.00123411331484732	0.220839309253336	cluster_1
US8	L	8h	8	PC-12	PC-12_dcDNA_8h	LT934125.1	+	14035	PC-12_8h_1	0.00320627003918775	dcDNA	PC-12_8h_1	viral_read.count	0.0046635787839397	0.00206094579139313	0.4419236571044	cluster_1
US8	L	8h	8	PC-12	PC-12_dcDNA_8h	LT934125.1	+	15684	PC-12_8h_2	0.00612088752869166	dcDNA	PC-12_8h_2	viral_read.count	0.0046635787839397	0.00206094579139313	0.4419236571044	cluster_1
US8	L	8h	8	PK-15	PK-15_dcDNA_8h	LT934125.1	+	69419	PK-15_8h_1	0.00972356271337818	dcDNA	PK-15_8h_1	viral_read.count	0.0076832336453839	0.00185032434011977	0.240826249144649	cluster_1
US8	L	8h	8	PK-15	PK-15_dcDNA_8h	LT934125.1	+	74319	PK-15_8h_2	0.00721215301605242	dcDNA	PK-15_8h_2	viral_read.count	0.0076832336453839	0.00185032434011977	0.240826249144649	cluster_1
US8	L	8h	8	PK-15	PK-15_dcDNA_8h	LT934125.1	+	70167	PK-15_8h_3	0.00611398520672111	dcDNA	PK-15_8h_3	viral_read.count	0.0076832336453839	0.00185032434011977	0.240826249144649	cluster_1
US9	L	""		C6	C6_dRNA	LT934125.1	+	3	C6_dRNA	0	dcDNA	C6_dRNA	viral_read.count	0			cluster_5
US9	L	""		PC-12	PC-12_dRNA	LT934125.1	+	20	PC-12_dRNA	0	dcDNA	PC-12_dRNA	viral_read.count	0			cluster_5
US9	L	""		PK-15	PK-15_dRNA	LT934125.1	+	68	PK-15_dRNA	0	dcDNA	PK-15_dRNA	viral_read.count	0			cluster_5
US9	L	0.5h	0.5	PC-12	PC-12_dcDNA_0.5h	LT934125.1	+	13	PC-12_0.5h_1	0	dcDNA	PC-12_0.5h_1	viral_read.count	0	0		cluster_5
US9	L	0.5h	0.5	PC-12	PC-12_dcDNA_0.5h	LT934125.1	+	13	PC-12_0.5h_2	0	dcDNA	PC-12_0.5h_2	viral_read.count	0	0		cluster_5
US9	L	0.5h	0.5	PC-12	PC-12_dcDNA_0.5h	LT934125.1	+	2	PC-12_0.5h_3	0	dcDNA	PC-12_0.5h_3	viral_read.count	0	0		cluster_5
US9	L	1.5h	1.5	PC-12	PC-12_dcDNA_1.5h	LT934125.1	+	138	PC-12_1.5h_1	0.0144927536231884	dcDNA	PC-12_1.5h_1	viral_read.count	0.00921688278667683	0.00800991000505744	0.869047615169404	cluster_5
US9	L	1.5h	1.5	PC-12	PC-12_dcDNA_1.5h	LT934125.1	+	129	PC-12_1.5h_2	0	dcDNA	PC-12_1.5h_2	viral_read.count	0.00921688278667683	0.00800991000505744	0.869047615169404	cluster_5
US9	L	1.5h	1.5	PC-12	PC-12_dcDNA_1.5h	LT934125.1	+	152	PC-12_1.5h_3	0.0131578947368421	dcDNA	PC-12_1.5h_3	viral_read.count	0.00921688278667683	0.00800991000505744	0.869047615169404	cluster_5
US9	L	12h	12	C6	C6_dcDNA_12h	LT934125.1	+	56266	C6_12h_1	0.00893967938008744	dcDNA	C6_12h_1	viral_read.count	0.00868545046032628	0.000775247792097324	0.089258213565149	cluster_5
US9	L	12h	12	C6	C6_dcDNA_12h	LT934125.1	+	49131	C6_12h_2	0.00930166290122326	dcDNA	C6_12h_2	viral_read.count	0.00868545046032628	0.000775247792097324	0.089258213565149	cluster_5
US9	L	12h	12	C6	C6_dcDNA_12h	LT934125.1	+	28023	C6_12h_3	0.00781500909966813	dcDNA	C6_12h_3	viral_read.count	0.00868545046032628	0.000775247792097324	0.089258213565149	cluster_5
US9	L	12h	12	PC-12	PC-12_dcDNA_12h	LT934125.1	+	40118	PC-12_12h_1	0.00840021935290892	dcDNA	PC-12_12h_1	viral_read.count	0.00778996181226788	0.000528512250235649	0.0678452941070046	cluster_5
US9	L	12h	12	PC-12	PC-12_dcDNA_12h	LT934125.1	+	64296	PC-12_12h_2	0.00748102525818091	dcDNA	PC-12_12h_2	viral_read.count	0.00778996181226788	0.000528512250235649	0.0678452941070046	cluster_5
US9	L	12h	12	PC-12	PC-12_dcDNA_12h	LT934125.1	+	35654	PC-12_12h_3	0.00748864082571381	dcDNA	PC-12_12h_3	viral_read.count	0.00778996181226788	0.000528512250235649	0.0678452941070046	cluster_5
US9	L	12h	12	PK-15	PK-15_dcDNA_12h	LT934125.1	+	137055	PK-15_12h_1	0.0136441574550363	dcDNA	PK-15_12h_1	viral_read.count	0.0126271152178475	0.00214750156254596	0.170070639690578	cluster_5
US9	L	12h	12	PK-15	PK-15_dcDNA_12h	LT934125.1	+	155287	PK-15_12h_2	0.0140771603546981	dcDNA	PK-15_12h_2	viral_read.count	0.0126271152178475	0.00214750156254596	0.170070639690578	cluster_5
US9	L	12h	12	PK-15	PK-15_dcDNA_12h	LT934125.1	+	135039	PK-15_12h_3	0.0101600278438081	dcDNA	PK-15_12h_3	viral_read.count	0.0126271152178475	0.00214750156254596	0.170070639690578	cluster_5
US9	L	1h	1	C6	C6_dcDNA_1h	LT934125.1	+	246	C6_1h_1	0.0040650406504065	dcDNA	C6_1h_1	viral_read.count	0.0013550135501355	0.00234695231377896	1.73205080756888	cluster_5
US9	L	1h	1	C6	C6_dcDNA_1h	LT934125.1	+	240	C6_1h_2	0	dcDNA	C6_1h_2	viral_read.count	0.0013550135501355	0.00234695231377896	1.73205080756888	cluster_5
US9	L	1h	1	C6	C6_dcDNA_1h	LT934125.1	+	102	C6_1h_3	0	dcDNA	C6_1h_3	viral_read.count	0.0013550135501355	0.00234695231377896	1.73205080756888	cluster_5
US9	L	1h	1	NRK	NRK_dcDNA_1h	LT934125.1	+	25	NRK_1h_1	0	dcDNA	NRK_1h_1	viral_read.count	0.0166666666666667	0.0288675134594813	1.73205080756888	cluster_5
US9	L	1h	1	NRK	NRK_dcDNA_1h	LT934125.1	+	54	NRK_1h_2	0	dcDNA	NRK_1h_2	viral_read.count	0.0166666666666667	0.0288675134594813	1.73205080756888	cluster_5
US9	L	1h	1	NRK	NRK_dcDNA_1h	LT934125.1	+	20	NRK_1h_3	0.05	dcDNA	NRK_1h_3	viral_read.count	0.0166666666666667	0.0288675134594813	1.73205080756888	cluster_5
US9	L	1h	1	PC-12	PC-12_dcDNA_1h	LT934125.1	+	154	PC-12_1h_1	0	dcDNA	PC-12_1h_1	viral_read.count	0.003584229390681	0.00620806741064113	1.73205080756888	cluster_5
US9	L	1h	1	PC-12	PC-12_dcDNA_1h	LT934125.1	+	93	PC-12_1h_2	0.010752688172043	dcDNA	PC-12_1h_2	viral_read.count	0.003584229390681	0.00620806741064113	1.73205080756888	cluster_5
US9	L	1h	1	PC-12	PC-12_dcDNA_1h	LT934125.1	+	158	PC-12_1h_3	0	dcDNA	PC-12_1h_3	viral_read.count	0.003584229390681	0.00620806741064113	1.73205080756888	cluster_5
US9	L	1h	1	PK-15	PK-15_dcDNA_1h	LT934125.1	+	129	PK-15_1h_1	0	dcDNA	PK-15_1h_1	viral_read.count	0	0		cluster_5
US9	L	1h	1	PK-15	PK-15_dcDNA_1h	LT934125.1	+	76	PK-15_1h_2	0	dcDNA	PK-15_1h_2	viral_read.count	0	0		cluster_5
US9	L	1h	1	PK-15	PK-15_dcDNA_1h	LT934125.1	+	52	PK-15_1h_3	0	dcDNA	PK-15_1h_3	viral_read.count	0	0		cluster_5
US9	L	2.5h	2.5	PC-12	PC-12_dcDNA_2.5h	LT934125.1	+	478	PC-12_2.5h_1	0.00836820083682008	dcDNA	PC-12_2.5h_1	viral_read.count	0.00978464764115986	0.0069325367810516	0.708511643473942	cluster_5
US9	L	2.5h	2.5	PC-12	PC-12_dcDNA_2.5h	LT934125.1	+	231	PC-12_2.5h_2	0.0173160173160173	dcDNA	PC-12_2.5h_2	viral_read.count	0.00978464764115986	0.0069325367810516	0.708511643473942	cluster_5
US9	L	2.5h	2.5	PC-12	PC-12_dcDNA_2.5h	LT934125.1	+	545	PC-12_2.5h_3	0.0036697247706422	dcDNA	PC-12_2.5h_3	viral_read.count	0.00978464764115986	0.0069325367810516	0.708511643473942	cluster_5
US9	L	2h	2	C6	C6_dcDNA_2h	LT934125.1	+	243	C6_2h_1	0	dcDNA	C6_2h_1	viral_read.count	0.00106837606837607	0.00151091192561228	1.4142135623731	cluster_5
US9	L	2h	2	C6	C6_dcDNA_2h	LT934125.1	+	468	C6_2h_2	0.00213675213675214	dcDNA	C6_2h_2	viral_read.count	0.00106837606837607	0.00151091192561228	1.4142135623731	cluster_5
US9	L	2h	2	NRK	NRK_dcDNA_2h	LT934125.1	+	99	NRK_2h_1	0	dcDNA	NRK_2h_1	viral_read.count	0.0101593165550681	0.00887364527849255	0.873449038662529	cluster_5
US9	L	2h	2	NRK	NRK_dcDNA_2h	LT934125.1	+	71	NRK_2h_2	0.0140845070422535	dcDNA	NRK_2h_2	viral_read.count	0.0101593165550681	0.00887364527849255	0.873449038662529	cluster_5
US9	L	2h	2	NRK	NRK_dcDNA_2h	LT934125.1	+	122	NRK_2h_3	0.0163934426229508	dcDNA	NRK_2h_3	viral_read.count	0.0101593165550681	0.00887364527849255	0.873449038662529	cluster_5
US9	L	2h	2	PC-12	PC-12_dcDNA_2h	LT934125.1	+	439	PC-12_2h_1	0.00227790432801822	dcDNA	PC-12_2h_1	viral_read.count	0.00309283574230519	0.00166880919042515	0.539572524851039	cluster_5
US9	L	2h	2	PC-12	PC-12_dcDNA_2h	LT934125.1	+	399	PC-12_2h_2	0.0050125313283208	dcDNA	PC-12_2h_2	viral_read.count	0.00309283574230519	0.00166880919042515	0.539572524851039	cluster_5
US9	L	2h	2	PC-12	PC-12_dcDNA_2h	LT934125.1	+	503	PC-12_2h_3	0.00198807157057654	dcDNA	PC-12_2h_3	viral_read.count	0.00309283574230519	0.00166880919042515	0.539572524851039	cluster_5
US9	L	2h	2	PK-15	PK-15_dcDNA_2h	LT934125.1	+	482	PK-15_2h_1	0.004149377593361	dcDNA	PK-15_2h_1	viral_read.count	0.00585407515649524	0.00230344481363218	0.393477150882912	cluster_5
US9	L	2h	2	PK-15	PK-15_dcDNA_2h	LT934125.1	+	405	PK-15_2h_2	0.00493827160493827	dcDNA	PK-15_2h_2	viral_read.count	0.00585407515649524	0.00230344481363218	0.393477150882912	cluster_5
US9	L	2h	2	PK-15	PK-15_dcDNA_2h	LT934125.1	+	1652	PK-15_2h_3	0.00847457627118644	dcDNA	PK-15_2h_3	viral_read.count	0.00585407515649524	0.00230344481363218	0.393477150882912	cluster_5
US9	L	4h	4	C6	C6_dcDNA_4h	LT934125.1	+	680	C6_4h_1	0.0117647058823529	dcDNA	C6_4h_1	viral_read.count	0.0104314986067687	0.00354777128482168	0.340101783891303	cluster_5
US9	L	4h	4	C6	C6_dcDNA_4h	LT934125.1	+	686	C6_4h_2	0.0131195335276968	dcDNA	C6_4h_2	viral_read.count	0.0104314986067687	0.00354777128482168	0.340101783891303	cluster_5
US9	L	4h	4	C6	C6_dcDNA_4h	LT934125.1	+	312	C6_4h_3	0.00641025641025641	dcDNA	C6_4h_3	viral_read.count	0.0104314986067687	0.00354777128482168	0.340101783891303	cluster_5
US9	L	4h	4	PC-12	PC-12_dcDNA_4h	LT934125.1	+	2800	PC-12_4h_1	0.00285714285714286	dcDNA	PC-12_4h_1	viral_read.count	0.00308750291393816	0.000281553025759952	0.0911911773391095	cluster_5
US9	L	4h	4	PC-12	PC-12_dcDNA_4h	LT934125.1	+	2646	PC-12_4h_2	0.00340136054421769	dcDNA	PC-12_4h_2	viral_read.count	0.00308750291393816	0.000281553025759952	0.0911911773391095	cluster_5
US9	L	4h	4	PC-12	PC-12_dcDNA_4h	LT934125.1	+	2996	PC-12_4h_3	0.00300400534045394	dcDNA	PC-12_4h_3	viral_read.count	0.00308750291393816	0.000281553025759952	0.0911911773391095	cluster_5
US9	L	4h	4	PK-15	PK-15_dcDNA_4h	LT934125.1	+	7826	PK-15_4h_1	0.00575006388959877	dcDNA	PK-15_4h_1	viral_read.count	0.00567908853350694	0.000821540464681128	0.14466061936418	cluster_5
US9	L	4h	4	PK-15	PK-15_dcDNA_4h	LT934125.1	+	8046	PK-15_4h_2	0.00646283867760378	dcDNA	PK-15_4h_2	viral_read.count	0.00567908853350694	0.000821540464681128	0.14466061936418	cluster_5
US9	L	4h	4	PK-15	PK-15_dcDNA_4h	LT934125.1	+	6633	PK-15_4h_3	0.00482436303331826	dcDNA	PK-15_4h_3	viral_read.count	0.00567908853350694	0.000821540464681128	0.14466061936418	cluster_5
US9	L	6h	6	C6	C6_dcDNA_6h	LT934125.1	+	2759	C6_6h_1	0.00833635375135919	dcDNA	C6_6h_1	viral_read.count	0.00758883664507554	0.0012368820737403	0.162987046841089	cluster_5
US9	L	6h	6	C6	C6_dcDNA_6h	LT934125.1	+	4220	C6_6h_2	0.00616113744075829	dcDNA	C6_6h_2	viral_read.count	0.00758883664507554	0.0012368820737403	0.162987046841089	cluster_5
US9	L	6h	6	C6	C6_dcDNA_6h	LT934125.1	+	3628	C6_6h_3	0.00826901874310915	dcDNA	C6_6h_3	viral_read.count	0.00758883664507554	0.0012368820737403	0.162987046841089	cluster_5
US9	L	6h	6	PC-12	PC-12_dcDNA_6h	LT934125.1	+	7517	PC-12_6h_1	0.00545430357855527	dcDNA	PC-12_6h_1	viral_read.count	0.00511062635416974	0.000297749731948029	0.0582609080206179	cluster_5
US9	L	6h	6	PC-12	PC-12_dcDNA_6h	LT934125.1	+	13589	PC-12_6h_2	0.00493045845904776	dcDNA	PC-12_6h_2	viral_read.count	0.00511062635416974	0.000297749731948029	0.0582609080206179	cluster_5
US9	L	6h	6	PC-12	PC-12_dcDNA_6h	LT934125.1	+	11724	PC-12_6h_3	0.00494711702490618	dcDNA	PC-12_6h_3	viral_read.count	0.00511062635416974	0.000297749731948029	0.0582609080206179	cluster_5
US9	L	6h	6	PK-15	PK-15_dcDNA_6h	LT934125.1	+	37872	PK-15_6h_1	0.00638994507815801	dcDNA	PK-15_6h_1	viral_read.count	0.00755999119641909	0.00126740701763427	0.167646626127633	cluster_5
US9	L	6h	6	PK-15	PK-15_dcDNA_6h	LT934125.1	+	30337	PK-15_6h_2	0.00738372284668886	dcDNA	PK-15_6h_2	viral_read.count	0.00755999119641909	0.00126740701763427	0.167646626127633	cluster_5
US9	L	6h	6	PK-15	PK-15_dcDNA_6h	LT934125.1	+	44912	PK-15_6h_3	0.0089063056644104	dcDNA	PK-15_6h_3	viral_read.count	0.00755999119641909	0.00126740701763427	0.167646626127633	cluster_5
US9	L	8h	8	C6	C6_dcDNA_8h	LT934125.1	+	10124	C6_8h_1	0.00740813907546424	dcDNA	C6_8h_1	viral_read.count	0.00632182866154754	0.00170600885232351	0.269860026846393	cluster_5
US9	L	8h	8	C6	C6_dcDNA_8h	LT934125.1	+	10414	C6_8h_2	0.00720184367198003	dcDNA	C6_8h_2	viral_read.count	0.00632182866154754	0.00170600885232351	0.269860026846393	cluster_5
US9	L	8h	8	C6	C6_dcDNA_8h	LT934125.1	+	8495	C6_8h_3	0.00435550323719835	dcDNA	C6_8h_3	viral_read.count	0.00632182866154754	0.00170600885232351	0.269860026846393	cluster_5
US9	L	8h	8	PC-12	PC-12_dcDNA_8h	LT934125.1	+	14035	PC-12_8h_1	0.00733879586747417	dcDNA	PC-12_8h_1	viral_read.count	0.00781374886462207	0.000671684970056303	0.0859619347503551	cluster_5
US9	L	8h	8	PC-12	PC-12_dcDNA_8h	LT934125.1	+	15684	PC-12_8h_2	0.00828870186176996	dcDNA	PC-12_8h_2	viral_read.count	0.00781374886462207	0.000671684970056303	0.0859619347503551	cluster_5
US9	L	8h	8	PK-15	PK-15_dcDNA_8h	LT934125.1	+	69419	PK-15_8h_1	0.0121004335988706	dcDNA	PK-15_8h_1	viral_read.count	0.0109038609062888	0.00126484385218392	0.115999631970215	cluster_5
US9	L	8h	8	PK-15	PK-15_dcDNA_8h	LT934125.1	+	74319	PK-15_8h_2	0.00958032266311441	dcDNA	PK-15_8h_2	viral_read.count	0.0109038609062888	0.00126484385218392	0.115999631970215	cluster_5
US9	L	8h	8	PK-15	PK-15_dcDNA_8h	LT934125.1	+	70167	PK-15_8h_3	0.0110308264568814	dcDNA	PK-15_8h_3	viral_read.count	0.0109038609062888	0.00126484385218392	0.115999631970215	cluster_5
