gene	Kinetic_class	hpi	Time	cell_line	group	seqnames	strand	norm_base	sample	read_count	mean	sd	varcoeff	libtype	sample_name	norm.method	cluster
ORF-1	E	0.5h	0.5	PC_12	PC_12_0.5h	LT934125.1	+	451612.903224	PC_12_0.5h	0	0			dcDNA	PC_12_0.5h	viral_read.count	cluster_1
ORF-1	E	1.5h	1.5	PC_12	PC_12_1.5h	LT934125.1	+	515486.725677	PC_12_1.5h	0	0			dcDNA	PC_12_1.5h	viral_read.count	cluster_1
ORF-1	E	12h	12	C6	C6_12h	LT934125.1	+	567351.334736	C6_12h	0.00343913713520729	0.00343913713520729			dcDNA	C6_12h	viral_read.count	cluster_1
ORF-1	E	12h	12	PC_12	PC_12_12h	LT934125.1	+	639628.140639	PC_12_12h	0.00391633763720505	0.00391633763720505			dcDNA	PC_12_12h	viral_read.count	cluster_1
ORF-1	E	12h	12	PK_15	PK_15_12h	LT934125.1	+	709931.350122	PK_15_12h	0.00208225889551992	0.00208225889551992			dcDNA	PK_15_12h	viral_read.count	cluster_1
ORF-1	E	1h	1	C6	C6_1h	LT934125.1	+	539291.217247	C6_1h	0	0			dcDNA	C6_1h	viral_read.count	cluster_1
ORF-1	E	1h	1	NRK	NRK_1h	LT934125.1	+	575757.575757	NRK_1h	0	0			dcDNA	NRK_1h	viral_read.count	cluster_1
ORF-1	E	1h	1	PC_12	PC_12_1h	LT934125.1	+	443207.126941	PC_12_1h	0	0			dcDNA	PC_12_1h	viral_read.count	cluster_1
ORF-1	E	1h	1	PK_15	PK_15_1h	LT934125.1	+	134502.923971	PK_15_1h	0	0			dcDNA	PK_15_1h	viral_read.count	cluster_1
ORF-1	E	2.5h	2.5	PC_12	PC_12_2.5h	LT934125.1	+	523316.062167	PC_12_2.5h	0.0042432814708664	0.0042432814708664			dcDNA	PC_12_2.5h	viral_read.count	cluster_1
ORF-1	E	2h	2	C6	C6_2h	LT934125.1	+	474597.273858	C6_2h	0	0			dcDNA	C6_2h	viral_read.count	cluster_1
ORF-1	E	2h	2	NRK	NRK_2h	LT934125.1	+	559870.55017	NRK_2h	0	0			dcDNA	NRK_2h	viral_read.count	cluster_1
ORF-1	E	2h	2	PC_12	PC_12_2h	LT934125.1	+	501000.667129	PC_12_2h	0.00266311584502633	0.00266311584502633			dcDNA	PC_12_2h	viral_read.count	cluster_1
ORF-1	E	2h	2	PK_15	PK_15_2h	LT934125.1	+	507241.129629	PK_15_2h	0.00214132762419016	0.00214132762419016			dcDNA	PK_15_2h	viral_read.count	cluster_1
ORF-1	E	4h	4	C6	C6_4h	LT934125.1	+	528113.505012	C6_4h	0.00796019900665952	0.00796019900665952			dcDNA	C6_4h	viral_read.count	cluster_1
ORF-1	E	4h	4	PC_12	PC_12_4h	LT934125.1	+	444589.439919	PC_12_4h	0.00880559945983705	0.00880559945983705			dcDNA	PC_12_4h	viral_read.count	cluster_1
ORF-1	E	4h	4	PK_15	PK_15_4h	LT934125.1	+	560972.639473	PK_15_4h	0.00159201099868077	0.00159201099868077			dcDNA	PK_15_4h	viral_read.count	cluster_1
ORF-1	E	6h	6	C6	C6_6h	LT934125.1	+	504527.813725	C6_6h	0.00666666666633633	0.00666666666633633			dcDNA	C6_6h	viral_read.count	cluster_1
ORF-1	E	6h	6	PC_12	PC_12_6h	LT934125.1	+	516283.780172	PC_12_6h	0.00774313442244531	0.00774313442244531			dcDNA	PC_12_6h	viral_read.count	cluster_1
ORF-1	E	6h	6	PK_15	PK_15_6h	LT934125.1	+	586746.667283	PK_15_6h	0.00185551707015472	0.00185551707015472			dcDNA	PK_15_6h	viral_read.count	cluster_1
ORF-1	E	8h	8	C6	C6_8h	LT934125.1	+	571267.150906	C6_8h	0.0031647358002867	0.0031647358002867			dcDNA	C6_8h	viral_read.count	cluster_1
ORF-1	E	8h	8	PC_12	PC_12_8h	LT934125.1	+	580883.292866	PC_12_8h	0.00649172030649174	0.00649172030649174			dcDNA	PC_12_8h	viral_read.count	cluster_1
ORF-1	E	8h	8	PK_15	PK_15_8h	LT934125.1	+	617121.127721	PK_15_8h	0.00237379444682096	0.00237379444682096			dcDNA	PK_15_8h	viral_read.count	cluster_1
UL54	E	0.5h	0.5	PC_12	PC_12_0.5h	LT934125.1	-	451612.903224	PC_12_0.5h	0	0			dcDNA	PC_12_0.5h	viral_read.count	cluster_2
UL54	E	1.5h	1.5	PC_12	PC_12_1.5h	LT934125.1	-	515486.725677	PC_12_1.5h	0.0429184549358554	0.0429184549358554			dcDNA	PC_12_1.5h	viral_read.count	cluster_2
UL54	E	12h	12	C6	C6_12h	LT934125.1	-	567351.334736	C6_12h	0.00126964560916242	0.00126964560916242			dcDNA	C6_12h	viral_read.count	cluster_2
UL54	E	12h	12	PC_12	PC_12_12h	LT934125.1	-	639628.140639	PC_12_12h	0.000512218545720475	0.000512218545720475			dcDNA	PC_12_12h	viral_read.count	cluster_2
UL54	E	12h	12	PK_15	PK_15_12h	LT934125.1	-	709931.350122	PK_15_12h	0.0001450489937968	0.0001450489937968			dcDNA	PK_15_12h	viral_read.count	cluster_2
UL54	E	1h	1	C6	C6_1h	LT934125.1	-	539291.217247	C6_1h	0.0228571428567402	0.0228571428567402			dcDNA	C6_1h	viral_read.count	cluster_2
UL54	E	1h	1	NRK	NRK_1h	LT934125.1	-	575757.575757	NRK_1h	0	0			dcDNA	NRK_1h	viral_read.count	cluster_2
UL54	E	1h	1	PC_12	PC_12_1h	LT934125.1	-	443207.126941	PC_12_1h	0.0201005025110662	0.0201005025110662			dcDNA	PC_12_1h	viral_read.count	cluster_2
UL54	E	1h	1	PK_15	PK_15_1h	LT934125.1	-	134502.923971	PK_15_1h	0	0			dcDNA	PK_15_1h	viral_read.count	cluster_2
UL54	E	2.5h	2.5	PC_12	PC_12_2.5h	LT934125.1	-	523316.062167	PC_12_2.5h	0.0183875530404211	0.0183875530404211			dcDNA	PC_12_2.5h	viral_read.count	cluster_2
UL54	E	2h	2	C6	C6_2h	LT934125.1	-	474597.273858	C6_2h	0.00522193211489351	0.00522193211489351			dcDNA	C6_2h	viral_read.count	cluster_2
UL54	E	2h	2	NRK	NRK_2h	LT934125.1	-	559870.55017	NRK_2h	0.0115606936407616	0.0115606936407616			dcDNA	NRK_2h	viral_read.count	cluster_2
UL54	E	2h	2	PC_12	PC_12_2h	LT934125.1	-	501000.667129	PC_12_2h	0.015978695078142	0.015978695078142			dcDNA	PC_12_2h	viral_read.count	cluster_2
UL54	E	2h	2	PK_15	PK_15_2h	LT934125.1	-	507241.129629	PK_15_2h	0.0164168451109054	0.0164168451109054			dcDNA	PK_15_2h	viral_read.count	cluster_2
UL54	E	4h	4	C6	C6_4h	LT934125.1	-	528113.505012	C6_4h	0.00597014925404787	0.00597014925404787			dcDNA	C6_4h	viral_read.count	cluster_2
UL54	E	4h	4	PC_12	PC_12_4h	LT934125.1	-	444589.439919	PC_12_4h	0.0036125536276629	0.0036125536276629			dcDNA	PC_12_4h	viral_read.count	cluster_2
UL54	E	4h	4	PK_15	PK_15_4h	LT934125.1	-	560972.639473	PK_15_4h	0.00354584268114869	0.00354584268114869			dcDNA	PK_15_4h	viral_read.count	cluster_2
UL54	E	6h	6	C6	C6_6h	LT934125.1	-	504527.813725	C6_6h	0.00769230769329872	0.00769230769329872			dcDNA	C6_6h	viral_read.count	cluster_2
UL54	E	6h	6	PC_12	PC_12_6h	LT934125.1	-	516283.780172	PC_12_6h	0.00258104480554485	0.00258104480554485			dcDNA	PC_12_6h	viral_read.count	cluster_2
UL54	E	6h	6	PK_15	PK_15_6h	LT934125.1	-	586746.667283	PK_15_6h	0.00167683764878626	0.00167683764878626			dcDNA	PK_15_6h	viral_read.count	cluster_2
UL54	E	8h	8	C6	C6_8h	LT934125.1	-	571267.150906	C6_8h	0.00276914382437561	0.00276914382437561			dcDNA	C6_8h	viral_read.count	cluster_2
UL54	E	8h	8	PC_12	PC_12_8h	LT934125.1	-	580883.292866	PC_12_8h	0.00187049568191084	0.00187049568191084			dcDNA	PC_12_8h	viral_read.count	cluster_2
UL54	E	8h	8	PK_15	PK_15_8h	LT934125.1	-	617121.127721	PK_15_8h	0.00107318251839114	0.00107318251839114			dcDNA	PK_15_8h	viral_read.count	cluster_2
UL53	L	0.5h	0.5	PC_12	PC_12_0.5h	LT934125.1	-	451612.903224	PC_12_0.5h	0	0			dcDNA	PC_12_0.5h	viral_read.count	cluster_3
UL53	L	1.5h	1.5	PC_12	PC_12_1.5h	LT934125.1	-	515486.725677	PC_12_1.5h	0	0			dcDNA	PC_12_1.5h	viral_read.count	cluster_3
UL53	L	12h	12	C6	C6_12h	LT934125.1	-	567351.334736	C6_12h	0.000443759631088473	0.000443759631088473			dcDNA	C6_12h	viral_read.count	cluster_3
UL53	L	12h	12	PC_12	PC_12_12h	LT934125.1	-	639628.140639	PC_12_12h	0.000128054636430119	0.000128054636430119			dcDNA	PC_12_12h	viral_read.count	cluster_3
UL53	L	12h	12	PK_15	PK_15_12h	LT934125.1	-	709931.350122	PK_15_12h	0.00025464156776417	0.00025464156776417			dcDNA	PK_15_12h	viral_read.count	cluster_3
UL53	L	1h	1	C6	C6_1h	LT934125.1	-	539291.217247	C6_1h	0	0			dcDNA	C6_1h	viral_read.count	cluster_3
UL53	L	1h	1	NRK	NRK_1h	LT934125.1	-	575757.575757	NRK_1h	0	0			dcDNA	NRK_1h	viral_read.count	cluster_3
UL53	L	1h	1	PC_12	PC_12_1h	LT934125.1	-	443207.126941	PC_12_1h	0	0			dcDNA	PC_12_1h	viral_read.count	cluster_3
UL53	L	1h	1	PK_15	PK_15_1h	LT934125.1	-	134502.923971	PK_15_1h	0	0			dcDNA	PK_15_1h	viral_read.count	cluster_3
UL53	L	2.5h	2.5	PC_12	PC_12_2.5h	LT934125.1	-	523316.062167	PC_12_2.5h	0	0			dcDNA	PC_12_2.5h	viral_read.count	cluster_3
UL53	L	2h	2	C6	C6_2h	LT934125.1	-	474597.273858	C6_2h	0	0			dcDNA	C6_2h	viral_read.count	cluster_3
UL53	L	2h	2	NRK	NRK_2h	LT934125.1	-	559870.55017	NRK_2h	0	0			dcDNA	NRK_2h	viral_read.count	cluster_3
UL53	L	2h	2	PC_12	PC_12_2h	LT934125.1	-	501000.667129	PC_12_2h	0	0			dcDNA	PC_12_2h	viral_read.count	cluster_3
UL53	L	2h	2	PK_15	PK_15_2h	LT934125.1	-	507241.129629	PK_15_2h	0.000713775874730054	0.000713775874730054			dcDNA	PK_15_2h	viral_read.count	cluster_3
UL53	L	4h	4	C6	C6_4h	LT934125.1	-	528113.505012	C6_4h	0	0			dcDNA	C6_4h	viral_read.count	cluster_3
UL53	L	4h	4	PC_12	PC_12_4h	LT934125.1	-	444589.439919	PC_12_4h	0.000225784602572406	0.000225784602572406			dcDNA	PC_12_4h	viral_read.count	cluster_3
UL53	L	4h	4	PK_15	PK_15_4h	LT934125.1	-	560972.639473	PK_15_4h	0.000506548956232431	0.000506548956232431			dcDNA	PK_15_4h	viral_read.count	cluster_3
UL53	L	6h	6	C6	C6_6h	LT934125.1	-	504527.813725	C6_6h	0.00119658119845313	0.00119658119845313			dcDNA	C6_6h	viral_read.count	cluster_3
UL53	L	6h	6	PC_12	PC_12_6h	LT934125.1	-	516283.780172	PC_12_6h	0.000361346271497912	0.000361346271497912			dcDNA	PC_12_6h	viral_read.count	cluster_3
UL53	L	6h	6	PK_15	PK_15_6h	LT934125.1	-	586746.667283	PK_15_6h	0.000604761118871175	0.000604761118871175			dcDNA	PK_15_6h	viral_read.count	cluster_3
UL53	L	8h	8	C6	C6_8h	LT934125.1	-	571267.150906	C6_8h	0.000169539417497396	0.000169539417497396			dcDNA	C6_8h	viral_read.count	cluster_3
UL53	L	8h	8	PC_12	PC_12_8h	LT934125.1	-	580883.292866	PC_12_8h	0.000440116631240375	0.000440116631240375			dcDNA	PC_12_8h	viral_read.count	cluster_3
UL53	L	8h	8	PK_15	PK_15_8h	LT934125.1	-	617121.127721	PK_15_8h	0.000639645209454668	0.000639645209454668			dcDNA	PK_15_8h	viral_read.count	cluster_3
UL52	E	0.5h	0.5	PC_12	PC_12_0.5h	LT934125.1	-	451612.903224	PC_12_0.5h	0	0			dcDNA	PC_12_0.5h	viral_read.count	cluster_4
UL52	E	1.5h	1.5	PC_12	PC_12_1.5h	LT934125.1	-	515486.725677	PC_12_1.5h	0	0			dcDNA	PC_12_1.5h	viral_read.count	cluster_4
UL52	E	12h	12	C6	C6_12h	LT934125.1	-	567351.334736	C6_12h	0.00014791987585444	0.00014791987585444			dcDNA	C6_12h	viral_read.count	cluster_4
UL52	E	12h	12	PC_12	PC_12_12h	LT934125.1	-	639628.140639	PC_12_12h	5.33560983822654e-05	5.33560983822654e-05			dcDNA	PC_12_12h	viral_read.count	cluster_4
UL52	E	12h	12	PK_15	PK_15_12h	LT934125.1	-	709931.350122	PK_15_12h	0	0			dcDNA	PK_15_12h	viral_read.count	cluster_4
UL52	E	1h	1	C6	C6_1h	LT934125.1	-	539291.217247	C6_1h	0	0			dcDNA	C6_1h	viral_read.count	cluster_4
UL52	E	1h	1	NRK	NRK_1h	LT934125.1	-	575757.575757	NRK_1h	0	0			dcDNA	NRK_1h	viral_read.count	cluster_4
UL52	E	1h	1	PC_12	PC_12_1h	LT934125.1	-	443207.126941	PC_12_1h	0	0			dcDNA	PC_12_1h	viral_read.count	cluster_4
UL52	E	1h	1	PK_15	PK_15_1h	LT934125.1	-	134502.923971	PK_15_1h	0.0217391304342977	0.0217391304342977			dcDNA	PK_15_1h	viral_read.count	cluster_4
UL52	E	2.5h	2.5	PC_12	PC_12_2.5h	LT934125.1	-	523316.062167	PC_12_2.5h	0	0			dcDNA	PC_12_2.5h	viral_read.count	cluster_4
UL52	E	2h	2	C6	C6_2h	LT934125.1	-	474597.273858	C6_2h	0.00261096605744676	0.00261096605744676			dcDNA	C6_2h	viral_read.count	cluster_4
UL52	E	2h	2	NRK	NRK_2h	LT934125.1	-	559870.55017	NRK_2h	0	0			dcDNA	NRK_2h	viral_read.count	cluster_4
UL52	E	2h	2	PC_12	PC_12_2h	LT934125.1	-	501000.667129	PC_12_2h	0	0			dcDNA	PC_12_2h	viral_read.count	cluster_4
UL52	E	2h	2	PK_15	PK_15_2h	LT934125.1	-	507241.129629	PK_15_2h	0.000713775874730054	0.000713775874730054			dcDNA	PK_15_2h	viral_read.count	cluster_4
UL52	E	4h	4	C6	C6_4h	LT934125.1	-	528113.505012	C6_4h	0	0			dcDNA	C6_4h	viral_read.count	cluster_4
UL52	E	4h	4	PC_12	PC_12_4h	LT934125.1	-	444589.439919	PC_12_4h	0	0			dcDNA	PC_12_4h	viral_read.count	cluster_4
UL52	E	4h	4	PK_15	PK_15_4h	LT934125.1	-	560972.639473	PK_15_4h	0.000217092409559239	0.000217092409559239			dcDNA	PK_15_4h	viral_read.count	cluster_4
UL52	E	6h	6	C6	C6_6h	LT934125.1	-	504527.813725	C6_6h	0.000170940171490741	0.000170940171490741			dcDNA	C6_6h	viral_read.count	cluster_4
UL52	E	6h	6	PC_12	PC_12_6h	LT934125.1	-	516283.780172	PC_12_6h	0.000103241792686655	0.000103241792686655			dcDNA	PC_12_6h	viral_read.count	cluster_4
UL52	E	6h	6	PK_15	PK_15_6h	LT934125.1	-	586746.667283	PK_15_6h	4.12337118368852e-05	4.12337118368852e-05			dcDNA	PK_15_6h	viral_read.count	cluster_4
UL52	E	8h	8	C6	C6_8h	LT934125.1	-	571267.150906	C6_8h	5.65131391657985e-05	5.65131391657985e-05			dcDNA	C6_8h	viral_read.count	cluster_4
UL52	E	8h	8	PC_12	PC_12_8h	LT934125.1	-	580883.292866	PC_12_8h	0.000275072894955613	0.000275072894955613			dcDNA	PC_12_8h	viral_read.count	cluster_4
UL52	E	8h	8	PK_15	PK_15_8h	LT934125.1	-	617121.127721	PK_15_8h	7.81788595995241e-05	7.81788595995241e-05			dcDNA	PK_15_8h	viral_read.count	cluster_4
UL51	L	0.5h	0.5	PC_12	PC_12_0.5h	LT934125.1	+	451612.903224	PC_12_0.5h	0	0			dcDNA	PC_12_0.5h	viral_read.count	cluster_4
UL51	L	1.5h	1.5	PC_12	PC_12_1.5h	LT934125.1	+	515486.725677	PC_12_1.5h	0.0085836909867831	0.0085836909867831			dcDNA	PC_12_1.5h	viral_read.count	cluster_4
UL51	L	12h	12	C6	C6_12h	LT934125.1	+	567351.334736	C6_12h	0.00468412942790839	0.00468412942790839			dcDNA	C6_12h	viral_read.count	cluster_4
UL51	L	12h	12	PC_12	PC_12_12h	LT934125.1	+	639628.140639	PC_12_12h	0.0025610927332926	0.0025610927332926			dcDNA	PC_12_12h	viral_read.count	cluster_4
UL51	L	12h	12	PK_15	PK_15_12h	LT934125.1	+	709931.350122	PK_15_12h	0.00101211965055004	0.00101211965055004			dcDNA	PK_15_12h	viral_read.count	cluster_4
UL51	L	1h	1	C6	C6_1h	LT934125.1	+	539291.217247	C6_1h	0	0			dcDNA	C6_1h	viral_read.count	cluster_4
UL51	L	1h	1	NRK	NRK_1h	LT934125.1	+	575757.575757	NRK_1h	0	0			dcDNA	NRK_1h	viral_read.count	cluster_4
UL51	L	1h	1	PC_12	PC_12_1h	LT934125.1	+	443207.126941	PC_12_1h	0.0100502512555331	0.0100502512555331			dcDNA	PC_12_1h	viral_read.count	cluster_4
UL51	L	1h	1	PK_15	PK_15_1h	LT934125.1	+	134502.923971	PK_15_1h	0.0217391304342977	0.0217391304342977			dcDNA	PK_15_1h	viral_read.count	cluster_4
UL51	L	2.5h	2.5	PC_12	PC_12_2.5h	LT934125.1	+	523316.062167	PC_12_2.5h	0.00282885431391093	0.00282885431391093			dcDNA	PC_12_2.5h	viral_read.count	cluster_4
UL51	L	2h	2	C6	C6_2h	LT934125.1	+	474597.273858	C6_2h	0.00783289817234027	0.00783289817234027			dcDNA	C6_2h	viral_read.count	cluster_4
UL51	L	2h	2	NRK	NRK_2h	LT934125.1	+	559870.55017	NRK_2h	0.00578034682127385	0.00578034682127385			dcDNA	NRK_2h	viral_read.count	cluster_4
UL51	L	2h	2	PC_12	PC_12_2h	LT934125.1	+	501000.667129	PC_12_2h	0.00932090545859014	0.00932090545859014			dcDNA	PC_12_2h	viral_read.count	cluster_4
UL51	L	2h	2	PK_15	PK_15_2h	LT934125.1	+	507241.129629	PK_15_2h	0.00428265524640887	0.00428265524640887			dcDNA	PK_15_2h	viral_read.count	cluster_4
UL51	L	4h	4	C6	C6_4h	LT934125.1	+	528113.505012	C6_4h	0.00895522388107181	0.00895522388107181			dcDNA	C6_4h	viral_read.count	cluster_4
UL51	L	4h	4	PC_12	PC_12_4h	LT934125.1	+	444589.439919	PC_12_4h	0.0110634454743148	0.0110634454743148			dcDNA	PC_12_4h	viral_read.count	cluster_4
UL51	L	4h	4	PK_15	PK_15_4h	LT934125.1	+	560972.639473	PK_15_4h	0	0			dcDNA	PK_15_4h	viral_read.count	cluster_4
UL51	L	6h	6	C6	C6_6h	LT934125.1	+	504527.813725	C6_6h	0	0			dcDNA	C6_6h	viral_read.count	cluster_4
UL51	L	6h	6	PC_12	PC_12_6h	LT934125.1	+	516283.780172	PC_12_6h	0	0			dcDNA	PC_12_6h	viral_read.count	cluster_4
UL51	L	6h	6	PK_15	PK_15_6h	LT934125.1	+	586746.667283	PK_15_6h	0.00772444884261094	0.00772444884261094			dcDNA	PK_15_6h	viral_read.count	cluster_4
UL51	L	8h	8	C6	C6_8h	LT934125.1	+	571267.150906	C6_8h	0	0			dcDNA	C6_8h	viral_read.count	cluster_4
UL51	L	8h	8	PC_12	PC_12_8h	LT934125.1	+	580883.292866	PC_12_8h	0	0			dcDNA	PC_12_8h	viral_read.count	cluster_4
UL51	L	8h	8	PK_15	PK_15_8h	LT934125.1	+	617121.127721	PK_15_8h	0.00471205304984253	0.00471205304984253			dcDNA	PK_15_8h	viral_read.count	cluster_4
UL50	L	0.5h	0.5	PC_12	PC_12_0.5h	LT934125.1	-	451612.903224	PC_12_0.5h	0	0			dcDNA	PC_12_0.5h	viral_read.count	cluster_4
UL50	L	1.5h	1.5	PC_12	PC_12_1.5h	LT934125.1	-	515486.725677	PC_12_1.5h	0.0386266094434338	0.0386266094434338			dcDNA	PC_12_1.5h	viral_read.count	cluster_4
UL50	L	12h	12	C6	C6_12h	LT934125.1	-	567351.334736	C6_12h	0.00372265023221066	0.00372265023221066			dcDNA	C6_12h	viral_read.count	cluster_4
UL50	L	12h	12	PC_12	PC_12_12h	LT934125.1	-	639628.140639	PC_12_12h	0.00161135417677269	0.00161135417677269			dcDNA	PC_12_12h	viral_read.count	cluster_4
UL50	L	12h	12	PK_15	PK_15_12h	LT934125.1	-	709931.350122	PK_15_12h	0.00098310985122725	0.00098310985122725			dcDNA	PK_15_12h	viral_read.count	cluster_4
UL50	L	1h	1	C6	C6_1h	LT934125.1	-	539291.217247	C6_1h	0.0228571428567402	0.0228571428567402			dcDNA	C6_1h	viral_read.count	cluster_4
UL50	L	1h	1	NRK	NRK_1h	LT934125.1	-	575757.575757	NRK_1h	0.0526315789473684	0.0526315789473684			dcDNA	NRK_1h	viral_read.count	cluster_4
UL50	L	1h	1	PC_12	PC_12_1h	LT934125.1	-	443207.126941	PC_12_1h	0.025125628141089	0.025125628141089			dcDNA	PC_12_1h	viral_read.count	cluster_4
UL50	L	1h	1	PK_15	PK_15_1h	LT934125.1	-	134502.923971	PK_15_1h	0.0217391304342977	0.0217391304342977			dcDNA	PK_15_1h	viral_read.count	cluster_4
UL50	L	2.5h	2.5	PC_12	PC_12_2.5h	LT934125.1	-	523316.062167	PC_12_2.5h	0.0268741159821539	0.0268741159821539			dcDNA	PC_12_2.5h	viral_read.count	cluster_4
UL50	L	2h	2	C6	C6_2h	LT934125.1	-	474597.273858	C6_2h	0.0313315926893611	0.0313315926893611			dcDNA	C6_2h	viral_read.count	cluster_4
UL50	L	2h	2	NRK	NRK_2h	LT934125.1	-	559870.55017	NRK_2h	0.0346820809240708	0.0346820809240708			dcDNA	NRK_2h	viral_read.count	cluster_4
UL50	L	2h	2	PC_12	PC_12_2h	LT934125.1	-	501000.667129	PC_12_2h	0.0213049267642026	0.0213049267642026			dcDNA	PC_12_2h	viral_read.count	cluster_4
UL50	L	2h	2	PK_15	PK_15_2h	LT934125.1	-	507241.129629	PK_15_2h	0	0			dcDNA	PK_15_2h	viral_read.count	cluster_4
UL50	L	4h	4	C6	C6_4h	LT934125.1	-	528113.505012	C6_4h	0.0109452736317899	0.0109452736317899			dcDNA	C6_4h	viral_read.count	cluster_4
UL50	L	4h	4	PC_12	PC_12_4h	LT934125.1	-	444589.439919	PC_12_4h	0	0			dcDNA	PC_12_4h	viral_read.count	cluster_4
UL50	L	4h	4	PK_15	PK_15_4h	LT934125.1	-	560972.639473	PK_15_4h	0	0			dcDNA	PK_15_4h	viral_read.count	cluster_4
UL50	L	6h	6	C6	C6_6h	LT934125.1	-	504527.813725	C6_6h	0	0			dcDNA	C6_6h	viral_read.count	cluster_4
UL50	L	6h	6	PC_12	PC_12_6h	LT934125.1	-	516283.780172	PC_12_6h	0.00738178814707356	0.00738178814707356			dcDNA	PC_12_6h	viral_read.count	cluster_4
UL50	L	6h	6	PK_15	PK_15_6h	LT934125.1	-	586746.667283	PK_15_6h	0.00468689867423415	0.00468689867423415			dcDNA	PK_15_6h	viral_read.count	cluster_4
UL50	L	8h	8	C6	C6_8h	LT934125.1	-	571267.150906	C6_8h	0	0			dcDNA	C6_8h	viral_read.count	cluster_4
UL50	L	8h	8	PC_12	PC_12_8h	LT934125.1	-	580883.292866	PC_12_8h	0	0			dcDNA	PC_12_8h	viral_read.count	cluster_4
UL50	L	8h	8	PK_15	PK_15_8h	LT934125.1	-	617121.127721	PK_15_8h	0.00327640491011372	0.00327640491011372			dcDNA	PK_15_8h	viral_read.count	cluster_4
UL49.5	L	0.5h	0.5	PC_12	PC_12_0.5h	LT934125.1	+	451612.903224	PC_12_0.5h	0	0			dcDNA	PC_12_0.5h	viral_read.count	cluster_5
UL49.5	L	1.5h	1.5	PC_12	PC_12_1.5h	LT934125.1	+	515486.725677	PC_12_1.5h	0.0515021459245785	0.0515021459245785			dcDNA	PC_12_1.5h	viral_read.count	cluster_5
UL49.5	L	12h	12	C6	C6_12h	LT934125.1	+	567351.334736	C6_12h	0.0216825885969303	0.0216825885969303			dcDNA	C6_12h	viral_read.count	cluster_5
UL49.5	L	12h	12	PC_12	PC_12_12h	LT934125.1	+	639628.140639	PC_12_12h	0.016380322270582	0.016380322270582			dcDNA	PC_12_12h	viral_read.count	cluster_5
UL49.5	L	12h	12	PK_15	PK_15_12h	LT934125.1	+	709931.350122	PK_15_12h	0.0171447911293231	0.0171447911293231			dcDNA	PK_15_12h	viral_read.count	cluster_5
UL49.5	L	1h	1	C6	C6_1h	LT934125.1	+	539291.217247	C6_1h	0.0457142857134804	0.0457142857134804			dcDNA	C6_1h	viral_read.count	cluster_5
UL49.5	L	1h	1	NRK	NRK_1h	LT934125.1	+	575757.575757	NRK_1h	0.0350877192982456	0.0350877192982456			dcDNA	NRK_1h	viral_read.count	cluster_5
UL49.5	L	1h	1	PC_12	PC_12_1h	LT934125.1	+	443207.126941	PC_12_1h	0.0502512562821781	0.0502512562821781			dcDNA	PC_12_1h	viral_read.count	cluster_5
UL49.5	L	1h	1	PK_15	PK_15_1h	LT934125.1	+	134502.923971	PK_15_1h	0.0652173913028932	0.0652173913028932			dcDNA	PK_15_1h	viral_read.count	cluster_5
UL49.5	L	2.5h	2.5	PC_12	PC_12_2.5h	LT934125.1	+	523316.062167	PC_12_2.5h	0.0523338048092632	0.0523338048092632			dcDNA	PC_12_2.5h	viral_read.count	cluster_5
UL49.5	L	2h	2	C6	C6_2h	LT934125.1	+	474597.273858	C6_2h	0	0			dcDNA	C6_2h	viral_read.count	cluster_5
UL49.5	L	2h	2	NRK	NRK_2h	LT934125.1	+	559870.55017	NRK_2h	0.034682080925857	0.034682080925857			dcDNA	NRK_2h	viral_read.count	cluster_5
UL49.5	L	2h	2	PC_12	PC_12_2h	LT934125.1	+	501000.667129	PC_12_2h	0.0519307589869954	0.0519307589869954			dcDNA	PC_12_2h	viral_read.count	cluster_5
UL49.5	L	2h	2	PK_15	PK_15_2h	LT934125.1	+	507241.129629	PK_15_2h	0.0499643112035035	0.0499643112035035			dcDNA	PK_15_2h	viral_read.count	cluster_5
UL49.5	L	4h	4	C6	C6_4h	LT934125.1	+	528113.505012	C6_4h	0.0179104477640372	0.0179104477640372			dcDNA	C6_4h	viral_read.count	cluster_5
UL49.5	L	4h	4	PC_12	PC_12_4h	LT934125.1	+	444589.439919	PC_12_4h	0.02777150598145	0.02777150598145			dcDNA	PC_12_4h	viral_read.count	cluster_5
UL49.5	L	4h	4	PK_15	PK_15_4h	LT934125.1	+	560972.639473	PK_15_4h	0.0421159273439701	0.0421159273439701			dcDNA	PK_15_4h	viral_read.count	cluster_5
UL49.5	L	6h	6	C6	C6_6h	LT934125.1	+	504527.813725	C6_6h	0.0254700854688742	0.0254700854688742			dcDNA	C6_6h	viral_read.count	cluster_5
UL49.5	L	6h	6	PC_12	PC_12_6h	LT934125.1	+	516283.780172	PC_12_6h	0.0267396242012499	0.0267396242012499			dcDNA	PC_12_6h	viral_read.count	cluster_5
UL49.5	L	6h	6	PK_15	PK_15_6h	LT934125.1	+	586746.667283	PK_15_6h	0.0177854747370328	0.0177854747370328			dcDNA	PK_15_6h	viral_read.count	cluster_5
UL49.5	L	8h	8	C6	C6_8h	LT934125.1	+	571267.150906	C6_8h	0.0240745973458975	0.0240745973458975			dcDNA	C6_8h	viral_read.count	cluster_5
UL49.5	L	8h	8	PC_12	PC_12_8h	LT934125.1	+	580883.292866	PC_12_8h	0.0211806128616583	0.0211806128616583			dcDNA	PC_12_8h	viral_read.count	cluster_5
UL49.5	L	8h	8	PK_15	PK_15_8h	LT934125.1	+	617121.127721	PK_15_8h	0	0			dcDNA	PK_15_8h	viral_read.count	cluster_5
UL49	L	0.5h	0.5	PC_12	PC_12_0.5h	LT934125.1	+	451612.903224	PC_12_0.5h	0	0			dcDNA	PC_12_0.5h	viral_read.count	cluster_1
UL49	L	1.5h	1.5	PC_12	PC_12_1.5h	LT934125.1	+	515486.725677	PC_12_1.5h	0	0			dcDNA	PC_12_1.5h	viral_read.count	cluster_1
UL49	L	12h	12	C6	C6_12h	LT934125.1	+	567351.334736	C6_12h	0.0109090909055145	0.0109090909055145			dcDNA	C6_12h	viral_read.count	cluster_1
UL49	L	12h	12	PC_12	PC_12_12h	LT934125.1	+	639628.140639	PC_12_12h	0.00844093479784401	0.00844093479784401			dcDNA	PC_12_12h	viral_read.count	cluster_1
UL49	L	12h	12	PK_15	PK_15_12h	LT934125.1	+	709931.350122	PK_15_12h	0.0101566529140612	0.0101566529140612			dcDNA	PK_15_12h	viral_read.count	cluster_1
UL49	L	1h	1	C6	C6_1h	LT934125.1	+	539291.217247	C6_1h	0.00571428571325791	0.00571428571325791			dcDNA	C6_1h	viral_read.count	cluster_1
UL49	L	1h	1	NRK	NRK_1h	LT934125.1	+	575757.575757	NRK_1h	0	0			dcDNA	NRK_1h	viral_read.count	cluster_1
UL49	L	1h	1	PC_12	PC_12_1h	LT934125.1	+	443207.126941	PC_12_1h	0	0			dcDNA	PC_12_1h	viral_read.count	cluster_1
UL49	L	1h	1	PK_15	PK_15_1h	LT934125.1	+	134502.923971	PK_15_1h	0	0			dcDNA	PK_15_1h	viral_read.count	cluster_1
UL49	L	2.5h	2.5	PC_12	PC_12_2.5h	LT934125.1	+	523316.062167	PC_12_2.5h	0.0169731258834656	0.0169731258834656			dcDNA	PC_12_2.5h	viral_read.count	cluster_1
UL49	L	2h	2	C6	C6_2h	LT934125.1	+	474597.273858	C6_2h	0.010443864229787	0.010443864229787			dcDNA	C6_2h	viral_read.count	cluster_1
UL49	L	2h	2	NRK	NRK_2h	LT934125.1	+	559870.55017	NRK_2h	0.0173410404620354	0.0173410404620354			dcDNA	NRK_2h	viral_read.count	cluster_1
UL49	L	2h	2	PC_12	PC_12_2h	LT934125.1	+	501000.667129	PC_12_2h	0.00932090546058615	0.00932090546058615			dcDNA	PC_12_2h	viral_read.count	cluster_1
UL49	L	2h	2	PK_15	PK_15_2h	LT934125.1	+	507241.129629	PK_15_2h	0.00713775874335764	0.00713775874335764			dcDNA	PK_15_2h	viral_read.count	cluster_1
UL49	L	4h	4	C6	C6_4h	LT934125.1	+	528113.505012	C6_4h	0.00696517412846016	0.00696517412846016			dcDNA	C6_4h	viral_read.count	cluster_1
UL49	L	4h	4	PC_12	PC_12_4h	LT934125.1	+	444589.439919	PC_12_4h	0.00767667645597208	0.00767667645597208			dcDNA	PC_12_4h	viral_read.count	cluster_1
UL49	L	4h	4	PK_15	PK_15_4h	LT934125.1	+	560972.639473	PK_15_4h	0.010999348723668	0.010999348723668			dcDNA	PK_15_4h	viral_read.count	cluster_1
UL49	L	6h	6	C6	C6_6h	LT934125.1	+	504527.813725	C6_6h	0.00769230769131667	0.00769230769131667			dcDNA	C6_6h	viral_read.count	cluster_1
UL49	L	6h	6	PC_12	PC_12_6h	LT934125.1	+	516283.780172	PC_12_6h	0.00774313442244531	0.00774313442244531			dcDNA	PC_12_6h	viral_read.count	cluster_1
UL49	L	6h	6	PK_15	PK_15_6h	LT934125.1	+	586746.667283	PK_15_6h	0.00815053053670503	0.00815053053670503			dcDNA	PK_15_6h	viral_read.count	cluster_1
UL49	L	8h	8	C6	C6_8h	LT934125.1	+	571267.150906	C6_8h	0.00774230008321934	0.00774230008321934			dcDNA	C6_8h	viral_read.count	cluster_1
UL49	L	8h	8	PC_12	PC_12_8h	LT934125.1	+	580883.292866	PC_12_8h	0.00979259503735152	0.00979259503735152			dcDNA	PC_12_8h	viral_read.count	cluster_1
UL49	L	8h	8	PK_15	PK_15_8h	LT934125.1	+	617121.127721	PK_15_8h	0.0103906810801963	0.0103906810801963			dcDNA	PK_15_8h	viral_read.count	cluster_1
UL48	L	0.5h	0.5	PC_12	PC_12_0.5h	LT934125.1	+	451612.903224	PC_12_0.5h	0	0			dcDNA	PC_12_0.5h	viral_read.count	cluster_1
UL48	L	1.5h	1.5	PC_12	PC_12_1.5h	LT934125.1	+	515486.725677	PC_12_1.5h	0	0			dcDNA	PC_12_1.5h	viral_read.count	cluster_1
UL48	L	12h	12	C6	C6_12h	LT934125.1	+	567351.334736	C6_12h	0.00276117103298779	0.00276117103298779			dcDNA	C6_12h	viral_read.count	cluster_1
UL48	L	12h	12	PC_12	PC_12_12h	LT934125.1	+	639628.140639	PC_12_12h	0.00126987514681351	0.00126987514681351			dcDNA	PC_12_12h	viral_read.count	cluster_1
UL48	L	12h	12	PK_15	PK_15_12h	LT934125.1	+	709931.350122	PK_15_12h	0.00181794739558721	0.00181794739558721			dcDNA	PK_15_12h	viral_read.count	cluster_1
UL48	L	1h	1	C6	C6_1h	LT934125.1	+	539291.217247	C6_1h	0.00285714285662896	0.00285714285662896			dcDNA	C6_1h	viral_read.count	cluster_1
UL48	L	1h	1	NRK	NRK_1h	LT934125.1	+	575757.575757	NRK_1h	0	0			dcDNA	NRK_1h	viral_read.count	cluster_1
UL48	L	1h	1	PC_12	PC_12_1h	LT934125.1	+	443207.126941	PC_12_1h	0	0			dcDNA	PC_12_1h	viral_read.count	cluster_1
UL48	L	1h	1	PK_15	PK_15_1h	LT934125.1	+	134502.923971	PK_15_1h	0	0			dcDNA	PK_15_1h	viral_read.count	cluster_1
UL48	L	2.5h	2.5	PC_12	PC_12_2.5h	LT934125.1	+	523316.062167	PC_12_2.5h	0	0			dcDNA	PC_12_2.5h	viral_read.count	cluster_1
UL48	L	2h	2	C6	C6_2h	LT934125.1	+	474597.273858	C6_2h	0	0			dcDNA	C6_2h	viral_read.count	cluster_1
UL48	L	2h	2	NRK	NRK_2h	LT934125.1	+	559870.55017	NRK_2h	0	0			dcDNA	NRK_2h	viral_read.count	cluster_1
UL48	L	2h	2	PC_12	PC_12_2h	LT934125.1	+	501000.667129	PC_12_2h	0	0			dcDNA	PC_12_2h	viral_read.count	cluster_1
UL48	L	2h	2	PK_15	PK_15_2h	LT934125.1	+	507241.129629	PK_15_2h	0.000713775874730054	0.000713775874730054			dcDNA	PK_15_2h	viral_read.count	cluster_1
UL48	L	4h	4	C6	C6_4h	LT934125.1	+	528113.505012	C6_4h	0.000995024876305823	0.000995024876305823			dcDNA	C6_4h	viral_read.count	cluster_1
UL48	L	4h	4	PC_12	PC_12_4h	LT934125.1	+	444589.439919	PC_12_4h	0.000451569202895546	0.000451569202895546			dcDNA	PC_12_4h	viral_read.count	cluster_1
UL48	L	4h	4	PK_15	PK_15_4h	LT934125.1	+	560972.639473	PK_15_4h	0.000289456546673192	0.000289456546673192			dcDNA	PK_15_4h	viral_read.count	cluster_1
UL48	L	6h	6	C6	C6_6h	LT934125.1	+	504527.813725	C6_6h	0.00153846153945256	0.00153846153945256			dcDNA	C6_6h	viral_read.count	cluster_1
UL48	L	6h	6	PC_12	PC_12_6h	LT934125.1	+	516283.780172	PC_12_6h	0.000619450752246089	0.000619450752246089			dcDNA	PC_12_6h	viral_read.count	cluster_1
UL48	L	6h	6	PK_15	PK_15_6h	LT934125.1	+	586746.667283	PK_15_6h	0.000975864532220394	0.000975864532220394			dcDNA	PK_15_6h	viral_read.count	cluster_1
UL48	L	8h	8	C6	C6_8h	LT934125.1	+	571267.150906	C6_8h	0.000960723367569069	0.000960723367569069			dcDNA	C6_8h	viral_read.count	cluster_1
UL48	L	8h	8	PC_12	PC_12_8h	LT934125.1	+	580883.292866	PC_12_8h	0.00143037905067046	0.00143037905067046			dcDNA	PC_12_8h	viral_read.count	cluster_1
UL48	L	8h	8	PK_15	PK_15_8h	LT934125.1	+	617121.127721	PK_15_8h	0.00220322239010216	0.00220322239010216			dcDNA	PK_15_8h	viral_read.count	cluster_1
UL47	L	0.5h	0.5	PC_12	PC_12_0.5h	LT934125.1	+	451612.903224	PC_12_0.5h	0	0			dcDNA	PC_12_0.5h	viral_read.count	cluster_6
UL47	L	1.5h	1.5	PC_12	PC_12_1.5h	LT934125.1	+	515486.725677	PC_12_1.5h	0	0			dcDNA	PC_12_1.5h	viral_read.count	cluster_6
UL47	L	12h	12	C6	C6_12h	LT934125.1	+	567351.334736	C6_12h	0.00145454545442111	0.00145454545442111			dcDNA	C6_12h	viral_read.count	cluster_6
UL47	L	12h	12	PC_12	PC_12_12h	LT934125.1	+	639628.140639	PC_12_12h	0.000853697575679655	0.000853697575679655			dcDNA	PC_12_12h	viral_read.count	cluster_6
UL47	L	12h	12	PK_15	PK_15_12h	LT934125.1	+	709931.350122	PK_15_12h	0.000983109852635837	0.000983109852635837			dcDNA	PK_15_12h	viral_read.count	cluster_6
UL47	L	1h	1	C6	C6_1h	LT934125.1	+	539291.217247	C6_1h	0	0			dcDNA	C6_1h	viral_read.count	cluster_6
UL47	L	1h	1	NRK	NRK_1h	LT934125.1	+	575757.575757	NRK_1h	0	0			dcDNA	NRK_1h	viral_read.count	cluster_6
UL47	L	1h	1	PC_12	PC_12_1h	LT934125.1	+	443207.126941	PC_12_1h	0	0			dcDNA	PC_12_1h	viral_read.count	cluster_6
UL47	L	1h	1	PK_15	PK_15_1h	LT934125.1	+	134502.923971	PK_15_1h	0	0			dcDNA	PK_15_1h	viral_read.count	cluster_6
UL47	L	2.5h	2.5	PC_12	PC_12_2.5h	LT934125.1	+	523316.062167	PC_12_2.5h	0	0			dcDNA	PC_12_2.5h	viral_read.count	cluster_6
UL47	L	2h	2	C6	C6_2h	LT934125.1	+	474597.273858	C6_2h	0	0			dcDNA	C6_2h	viral_read.count	cluster_6
UL47	L	2h	2	NRK	NRK_2h	LT934125.1	+	559870.55017	NRK_2h	0	0			dcDNA	NRK_2h	viral_read.count	cluster_6
UL47	L	2h	2	PC_12	PC_12_2h	LT934125.1	+	501000.667129	PC_12_2h	0	0			dcDNA	PC_12_2h	viral_read.count	cluster_6
UL47	L	2h	2	PK_15	PK_15_2h	LT934125.1	+	507241.129629	PK_15_2h	0	0			dcDNA	PK_15_2h	viral_read.count	cluster_6
UL47	L	4h	4	C6	C6_4h	LT934125.1	+	528113.505012	C6_4h	0	0			dcDNA	C6_4h	viral_read.count	cluster_6
UL47	L	4h	4	PC_12	PC_12_4h	LT934125.1	+	444589.439919	PC_12_4h	0	0			dcDNA	PC_12_4h	viral_read.count	cluster_6
UL47	L	4h	4	PK_15	PK_15_4h	LT934125.1	+	560972.639473	PK_15_4h	7.23641371139525e-05	7.23641371139525e-05			dcDNA	PK_15_4h	viral_read.count	cluster_6
UL47	L	6h	6	C6	C6_6h	LT934125.1	+	504527.813725	C6_6h	0	0			dcDNA	C6_6h	viral_read.count	cluster_6
UL47	L	6h	6	PC_12	PC_12_6h	LT934125.1	+	516283.780172	PC_12_6h	0.000671071651494796	0.000671071651494796			dcDNA	PC_12_6h	viral_read.count	cluster_6
UL47	L	6h	6	PK_15	PK_15_6h	LT934125.1	+	586746.667283	PK_15_6h	0.000632250260095765	0.000632250260095765			dcDNA	PK_15_6h	viral_read.count	cluster_6
UL47	L	8h	8	C6	C6_8h	LT934125.1	+	571267.150906	C6_8h	0.00039559197416059	0.00039559197416059			dcDNA	C6_8h	viral_read.count	cluster_6
UL47	L	8h	8	PC_12	PC_12_8h	LT934125.1	+	580883.292866	PC_12_8h	0.000440116631240375	0.000440116631240375			dcDNA	PC_12_8h	viral_read.count	cluster_6
UL47	L	8h	8	PK_15	PK_15_8h	LT934125.1	+	617121.127721	PK_15_8h	0.000881288958633547	0.000881288958633547			dcDNA	PK_15_8h	viral_read.count	cluster_6
UL46	L	0.5h	0.5	PC_12	PC_12_0.5h	LT934125.1	+	451612.903224	PC_12_0.5h	0	0			dcDNA	PC_12_0.5h	viral_read.count	cluster_3
UL46	L	1.5h	1.5	PC_12	PC_12_1.5h	LT934125.1	+	515486.725677	PC_12_1.5h	0.0128755364811446	0.0128755364811446			dcDNA	PC_12_1.5h	viral_read.count	cluster_3
UL46	L	12h	12	C6	C6_12h	LT934125.1	+	567351.334736	C6_12h	0.0316178736520416	0.0316178736520416			dcDNA	C6_12h	viral_read.count	cluster_3
UL46	L	12h	12	PC_12	PC_12_12h	LT934125.1	+	639628.140639	PC_12_12h	0.0079927435711203	0.0079927435711203			dcDNA	PC_12_12h	viral_read.count	cluster_3
UL46	L	12h	12	PK_15	PK_15_12h	LT934125.1	+	709931.350122	PK_15_12h	0.00928958225871653	0.00928958225871653			dcDNA	PK_15_12h	viral_read.count	cluster_3
UL46	L	1h	1	C6	C6_1h	LT934125.1	+	539291.217247	C6_1h	0.0314285714284814	0.0314285714284814			dcDNA	C6_1h	viral_read.count	cluster_3
UL46	L	1h	1	NRK	NRK_1h	LT934125.1	+	575757.575757	NRK_1h	0.0526315789473684	0.0526315789473684			dcDNA	NRK_1h	viral_read.count	cluster_3
UL46	L	1h	1	PC_12	PC_12_1h	LT934125.1	+	443207.126941	PC_12_1h	0.0100502512555331	0.0100502512555331			dcDNA	PC_12_1h	viral_read.count	cluster_3
UL46	L	1h	1	PK_15	PK_15_1h	LT934125.1	+	134502.923971	PK_15_1h	0	0			dcDNA	PK_15_1h	viral_read.count	cluster_3
UL46	L	2.5h	2.5	PC_12	PC_12_2.5h	LT934125.1	+	523316.062167	PC_12_2.5h	0.0042432814708664	0.0042432814708664			dcDNA	PC_12_2.5h	viral_read.count	cluster_3
UL46	L	2h	2	C6	C6_2h	LT934125.1	+	474597.273858	C6_2h	0.0130548302872338	0.0130548302872338			dcDNA	C6_2h	viral_read.count	cluster_3
UL46	L	2h	2	NRK	NRK_2h	LT934125.1	+	559870.55017	NRK_2h	0.00578034682127385	0.00578034682127385			dcDNA	NRK_2h	viral_read.count	cluster_3
UL46	L	2h	2	PC_12	PC_12_2h	LT934125.1	+	501000.667129	PC_12_2h	0.0146471371506388	0.0146471371506388			dcDNA	PC_12_2h	viral_read.count	cluster_3
UL46	L	2h	2	PK_15	PK_15_2h	LT934125.1	+	507241.129629	PK_15_2h	0.017130620983664	0.017130620983664			dcDNA	PK_15_2h	viral_read.count	cluster_3
UL46	L	4h	4	C6	C6_4h	LT934125.1	+	528113.505012	C6_4h	0.0338308457716756	0.0338308457716756			dcDNA	C6_4h	viral_read.count	cluster_3
UL46	L	4h	4	PC_12	PC_12_4h	LT934125.1	+	444589.439919	PC_12_4h	0.029351998192709	0.029351998192709			dcDNA	PC_12_4h	viral_read.count	cluster_3
UL46	L	4h	4	PK_15	PK_15_4h	LT934125.1	+	560972.639473	PK_15_4h	0.0151964686299291	0.0151964686299291			dcDNA	PK_15_4h	viral_read.count	cluster_3
UL46	L	6h	6	C6	C6_6h	LT934125.1	+	504527.813725	C6_6h	0.0384615384625295	0.0384615384625295			dcDNA	C6_6h	viral_read.count	cluster_3
UL46	L	6h	6	PC_12	PC_12_6h	LT934125.1	+	516283.780172	PC_12_6h	0.0244683047679543	0.0244683047679543			dcDNA	PC_12_6h	viral_read.count	cluster_3
UL46	L	6h	6	PK_15	PK_15_6h	LT934125.1	+	586746.667283	PK_15_6h	0.013222277201718	0.013222277201718			dcDNA	PK_15_6h	viral_read.count	cluster_3
UL46	L	8h	8	C6	C6_8h	LT934125.1	+	571267.150906	C6_8h	0.0200621644528723	0.0200621644528723			dcDNA	C6_8h	viral_read.count	cluster_3
UL46	L	8h	8	PC_12	PC_12_8h	LT934125.1	+	580883.292866	PC_12_8h	0.00874731803858601	0.00874731803858601			dcDNA	PC_12_8h	viral_read.count	cluster_3
UL46	L	8h	8	PK_15	PK_15_8h	LT934125.1	+	617121.127721	PK_15_8h	0.0128284400474766	0.0128284400474766			dcDNA	PK_15_8h	viral_read.count	cluster_3
UL27	L	0.5h	0.5	PC_12	PC_12_0.5h	LT934125.1	-	451612.903224	PC_12_0.5h	0	0			dcDNA	PC_12_0.5h	viral_read.count	cluster_1
UL27	L	1.5h	1.5	PC_12	PC_12_1.5h	LT934125.1	-	515486.725677	PC_12_1.5h	0.00858369098872302	0.00858369098872302			dcDNA	PC_12_1.5h	viral_read.count	cluster_1
UL27	L	12h	12	C6	C6_12h	LT934125.1	-	567351.334736	C6_12h	0.0106872110943767	0.0106872110943767			dcDNA	C6_12h	viral_read.count	cluster_1
UL27	L	12h	12	PC_12	PC_12_12h	LT934125.1	-	639628.140639	PC_12_12h	0.0110233699708022	0.0110233699708022			dcDNA	PC_12_12h	viral_read.count	cluster_1
UL27	L	12h	12	PK_15	PK_15_12h	LT934125.1	-	709931.350122	PK_15_12h	0.0134927797840649	0.0134927797840649			dcDNA	PK_15_12h	viral_read.count	cluster_1
UL27	L	1h	1	C6	C6_1h	LT934125.1	-	539291.217247	C6_1h	0.0200000000001113	0.0200000000001113			dcDNA	C6_1h	viral_read.count	cluster_1
UL27	L	1h	1	NRK	NRK_1h	LT934125.1	-	575757.575757	NRK_1h	0.0175438596491228	0.0175438596491228			dcDNA	NRK_1h	viral_read.count	cluster_1
UL27	L	1h	1	PC_12	PC_12_1h	LT934125.1	-	443207.126941	PC_12_1h	0.0100502512555331	0.0100502512555331			dcDNA	PC_12_1h	viral_read.count	cluster_1
UL27	L	1h	1	PK_15	PK_15_1h	LT934125.1	-	134502.923971	PK_15_1h	0	0			dcDNA	PK_15_1h	viral_read.count	cluster_1
UL27	L	2.5h	2.5	PC_12	PC_12_2.5h	LT934125.1	-	523316.062167	PC_12_2.5h	0.00282885431391093	0.00282885431391093			dcDNA	PC_12_2.5h	viral_read.count	cluster_1
UL27	L	2h	2	C6	C6_2h	LT934125.1	-	474597.273858	C6_2h	0.00783289817234027	0.00783289817234027			dcDNA	C6_2h	viral_read.count	cluster_1
UL27	L	2h	2	NRK	NRK_2h	LT934125.1	-	559870.55017	NRK_2h	0.0231213872833093	0.0231213872833093			dcDNA	NRK_2h	viral_read.count	cluster_1
UL27	L	2h	2	PC_12	PC_12_2h	LT934125.1	-	501000.667129	PC_12_2h	0.0106524633821013	0.0106524633821013			dcDNA	PC_12_2h	viral_read.count	cluster_1
UL27	L	2h	2	PK_15	PK_15_2h	LT934125.1	-	507241.129629	PK_15_2h	0.00927908636951925	0.00927908636951925			dcDNA	PK_15_2h	viral_read.count	cluster_1
UL27	L	4h	4	C6	C6_4h	LT934125.1	-	528113.505012	C6_4h	0.0268656716413219	0.0268656716413219			dcDNA	C6_4h	viral_read.count	cluster_1
UL27	L	4h	4	PC_12	PC_12_4h	LT934125.1	-	444589.439919	PC_12_4h	0.0160307067061658	0.0160307067061658			dcDNA	PC_12_4h	viral_read.count	cluster_1
UL27	L	4h	4	PK_15	PK_15_4h	LT934125.1	-	560972.639473	PK_15_4h	0.00513785367804685	0.00513785367804685			dcDNA	PK_15_4h	viral_read.count	cluster_1
UL27	L	6h	6	C6	C6_6h	LT934125.1	-	504527.813725	C6_6h	0.0239316239314037	0.0239316239314037			dcDNA	C6_6h	viral_read.count	cluster_1
UL27	L	6h	6	PC_12	PC_12_6h	LT934125.1	-	516283.780172	PC_12_6h	0.0122857732812889	0.0122857732812889			dcDNA	PC_12_6h	viral_read.count	cluster_1
UL27	L	6h	6	PK_15	PK_15_6h	LT934125.1	-	586746.667283	PK_15_6h	0.00559404035509738	0.00559404035509738			dcDNA	PK_15_6h	viral_read.count	cluster_1
UL27	L	8h	8	C6	C6_8h	LT934125.1	-	571267.150906	C6_8h	0.00729019497164345	0.00729019497164345			dcDNA	C6_8h	viral_read.count	cluster_1
UL27	L	8h	8	PC_12	PC_12_8h	LT934125.1	-	580883.292866	PC_12_8h	0	0			dcDNA	PC_12_8h	viral_read.count	cluster_1
UL27	L	8h	8	PK_15	PK_15_8h	LT934125.1	-	617121.127721	PK_15_8h	0.014541267773702	0.014541267773702			dcDNA	PK_15_8h	viral_read.count	cluster_1
UL28	E	0.5h	0.5	PC_12	PC_12_0.5h	LT934125.1	-	451612.903224	PC_12_0.5h	0	0			dcDNA	PC_12_0.5h	viral_read.count	cluster_2
UL28	E	1.5h	1.5	PC_12	PC_12_1.5h	LT934125.1	-	515486.725677	PC_12_1.5h	0	0			dcDNA	PC_12_1.5h	viral_read.count	cluster_2
UL28	E	12h	12	C6	C6_12h	LT934125.1	-	567351.334736	C6_12h	7.39599388085082e-05	7.39599388085082e-05			dcDNA	C6_12h	viral_read.count	cluster_2
UL28	E	12h	12	PC_12	PC_12_12h	LT934125.1	-	639628.140639	PC_12_12h	4.26848793311757e-05	4.26848793311757e-05			dcDNA	PC_12_12h	viral_read.count	cluster_2
UL28	E	12h	12	PK_15	PK_15_12h	LT934125.1	-	709931.350122	PK_15_12h	0	0			dcDNA	PK_15_12h	viral_read.count	cluster_2
UL28	E	1h	1	C6	C6_1h	LT934125.1	-	539291.217247	C6_1h	0	0			dcDNA	C6_1h	viral_read.count	cluster_2
UL28	E	1h	1	NRK	NRK_1h	LT934125.1	-	575757.575757	NRK_1h	0	0			dcDNA	NRK_1h	viral_read.count	cluster_2
UL28	E	1h	1	PC_12	PC_12_1h	LT934125.1	-	443207.126941	PC_12_1h	0	0			dcDNA	PC_12_1h	viral_read.count	cluster_2
UL28	E	1h	1	PK_15	PK_15_1h	LT934125.1	-	134502.923971	PK_15_1h	0	0			dcDNA	PK_15_1h	viral_read.count	cluster_2
UL28	E	2.5h	2.5	PC_12	PC_12_2.5h	LT934125.1	-	523316.062167	PC_12_2.5h	0	0			dcDNA	PC_12_2.5h	viral_read.count	cluster_2
UL28	E	2h	2	C6	C6_2h	LT934125.1	-	474597.273858	C6_2h	0	0			dcDNA	C6_2h	viral_read.count	cluster_2
UL28	E	2h	2	NRK	NRK_2h	LT934125.1	-	559870.55017	NRK_2h	0	0			dcDNA	NRK_2h	viral_read.count	cluster_2
UL28	E	2h	2	PC_12	PC_12_2h	LT934125.1	-	501000.667129	PC_12_2h	0	0			dcDNA	PC_12_2h	viral_read.count	cluster_2
UL28	E	2h	2	PK_15	PK_15_2h	LT934125.1	-	507241.129629	PK_15_2h	0.000713775874730054	0.000713775874730054			dcDNA	PK_15_2h	viral_read.count	cluster_2
UL28	E	4h	4	C6	C6_4h	LT934125.1	-	528113.505012	C6_4h	0.000995024876305823	0.000995024876305823			dcDNA	C6_4h	viral_read.count	cluster_2
UL28	E	4h	4	PC_12	PC_12_4h	LT934125.1	-	444589.439919	PC_12_4h	0	0			dcDNA	PC_12_4h	viral_read.count	cluster_2
UL28	E	4h	4	PK_15	PK_15_4h	LT934125.1	-	560972.639473	PK_15_4h	7.23641371139525e-05	7.23641371139525e-05			dcDNA	PK_15_4h	viral_read.count	cluster_2
UL28	E	6h	6	C6	C6_6h	LT934125.1	-	504527.813725	C6_6h	0	0			dcDNA	C6_6h	viral_read.count	cluster_2
UL28	E	6h	6	PC_12	PC_12_6h	LT934125.1	-	516283.780172	PC_12_6h	5.16208953748677e-05	5.16208953748677e-05			dcDNA	PC_12_6h	viral_read.count	cluster_2
UL28	E	6h	6	PK_15	PK_15_6h	LT934125.1	-	586746.667283	PK_15_6h	4.12337118368852e-05	4.12337118368852e-05			dcDNA	PK_15_6h	viral_read.count	cluster_2
UL28	E	8h	8	C6	C6_8h	LT934125.1	-	571267.150906	C6_8h	0	0			dcDNA	C6_8h	viral_read.count	cluster_2
UL28	E	8h	8	PC_12	PC_12_8h	LT934125.1	-	580883.292866	PC_12_8h	0	0			dcDNA	PC_12_8h	viral_read.count	cluster_2
UL28	E	8h	8	PK_15	PK_15_8h	LT934125.1	-	617121.127721	PK_15_8h	2.13215062796371e-05	2.13215062796371e-05			dcDNA	PK_15_8h	viral_read.count	cluster_2
UL29	E	0.5h	0.5	PC_12	PC_12_0.5h	LT934125.1	-	451612.903224	PC_12_0.5h	0	0			dcDNA	PC_12_0.5h	viral_read.count	cluster_2
UL29	E	1.5h	1.5	PC_12	PC_12_1.5h	LT934125.1	-	515486.725677	PC_12_1.5h	0	0			dcDNA	PC_12_1.5h	viral_read.count	cluster_2
UL29	E	12h	12	C6	C6_12h	LT934125.1	-	567351.334736	C6_12h	0	0			dcDNA	C6_12h	viral_read.count	cluster_2
UL29	E	12h	12	PC_12	PC_12_12h	LT934125.1	-	639628.140639	PC_12_12h	0	0			dcDNA	PC_12_12h	viral_read.count	cluster_2
UL29	E	12h	12	PK_15	PK_15_12h	LT934125.1	-	709931.350122	PK_15_12h	0	0			dcDNA	PK_15_12h	viral_read.count	cluster_2
UL29	E	1h	1	C6	C6_1h	LT934125.1	-	539291.217247	C6_1h	0	0			dcDNA	C6_1h	viral_read.count	cluster_2
UL29	E	1h	1	NRK	NRK_1h	LT934125.1	-	575757.575757	NRK_1h	0	0			dcDNA	NRK_1h	viral_read.count	cluster_2
UL29	E	1h	1	PC_12	PC_12_1h	LT934125.1	-	443207.126941	PC_12_1h	0	0			dcDNA	PC_12_1h	viral_read.count	cluster_2
UL29	E	1h	1	PK_15	PK_15_1h	LT934125.1	-	134502.923971	PK_15_1h	0	0			dcDNA	PK_15_1h	viral_read.count	cluster_2
UL29	E	2.5h	2.5	PC_12	PC_12_2.5h	LT934125.1	-	523316.062167	PC_12_2.5h	0.00282885431391093	0.00282885431391093			dcDNA	PC_12_2.5h	viral_read.count	cluster_2
UL29	E	2h	2	C6	C6_2h	LT934125.1	-	474597.273858	C6_2h	0.00261096605744676	0.00261096605744676			dcDNA	C6_2h	viral_read.count	cluster_2
UL29	E	2h	2	NRK	NRK_2h	LT934125.1	-	559870.55017	NRK_2h	0.0115606936407616	0.0115606936407616			dcDNA	NRK_2h	viral_read.count	cluster_2
UL29	E	2h	2	PC_12	PC_12_2h	LT934125.1	-	501000.667129	PC_12_2h	0.00532623169204866	0.00532623169204866			dcDNA	PC_12_2h	viral_read.count	cluster_2
UL29	E	2h	2	PK_15	PK_15_2h	LT934125.1	-	507241.129629	PK_15_2h	0.0142755174886867	0.0142755174886867			dcDNA	PK_15_2h	viral_read.count	cluster_2
UL29	E	4h	4	C6	C6_4h	LT934125.1	-	528113.505012	C6_4h	0	0			dcDNA	C6_4h	viral_read.count	cluster_2
UL29	E	4h	4	PC_12	PC_12_4h	LT934125.1	-	444589.439919	PC_12_4h	0.000451569205144812	0.000451569205144812			dcDNA	PC_12_4h	viral_read.count	cluster_2
UL29	E	4h	4	PK_15	PK_15_4h	LT934125.1	-	560972.639473	PK_15_4h	0	0			dcDNA	PK_15_4h	viral_read.count	cluster_2
UL29	E	6h	6	C6	C6_6h	LT934125.1	-	504527.813725	C6_6h	0	0			dcDNA	C6_6h	viral_read.count	cluster_2
UL29	E	6h	6	PC_12	PC_12_6h	LT934125.1	-	516283.780172	PC_12_6h	0	0			dcDNA	PC_12_6h	viral_read.count	cluster_2
UL29	E	6h	6	PK_15	PK_15_6h	LT934125.1	-	586746.667283	PK_15_6h	0	0			dcDNA	PK_15_6h	viral_read.count	cluster_2
UL29	E	8h	8	C6	C6_8h	LT934125.1	-	571267.150906	C6_8h	0	0			dcDNA	C6_8h	viral_read.count	cluster_2
UL29	E	8h	8	PC_12	PC_12_8h	LT934125.1	-	580883.292866	PC_12_8h	0	0			dcDNA	PC_12_8h	viral_read.count	cluster_2
UL29	E	8h	8	PK_15	PK_15_8h	LT934125.1	-	617121.127721	PK_15_8h	0	0			dcDNA	PK_15_8h	viral_read.count	cluster_2
UL30	E	0.5h	0.5	PC_12	PC_12_0.5h	LT934125.1	+	451612.903224	PC_12_0.5h	0	0			dcDNA	PC_12_0.5h	viral_read.count	cluster_2
UL30	E	1.5h	1.5	PC_12	PC_12_1.5h	LT934125.1	+	515486.725677	PC_12_1.5h	0.00429184549436151	0.00429184549436151			dcDNA	PC_12_1.5h	viral_read.count	cluster_2
UL30	E	12h	12	C6	C6_12h	LT934125.1	+	567351.334736	C6_12h	0.000160246534085101	0.000160246534085101			dcDNA	C6_12h	viral_read.count	cluster_2
UL30	E	12h	12	PC_12	PC_12_12h	LT934125.1	+	639628.140639	PC_12_12h	0	0			dcDNA	PC_12_12h	viral_read.count	cluster_2
UL30	E	12h	12	PK_15	PK_15_12h	LT934125.1	+	709931.350122	PK_15_12h	0	0			dcDNA	PK_15_12h	viral_read.count	cluster_2
UL30	E	1h	1	C6	C6_1h	LT934125.1	+	539291.217247	C6_1h	0.0114285714265158	0.0114285714265158			dcDNA	C6_1h	viral_read.count	cluster_2
UL30	E	1h	1	NRK	NRK_1h	LT934125.1	+	575757.575757	NRK_1h	0	0			dcDNA	NRK_1h	viral_read.count	cluster_2
UL30	E	1h	1	PC_12	PC_12_1h	LT934125.1	+	443207.126941	PC_12_1h	0.00502512562776655	0.00502512562776655			dcDNA	PC_12_1h	viral_read.count	cluster_2
UL30	E	1h	1	PK_15	PK_15_1h	LT934125.1	+	134502.923971	PK_15_1h	0	0			dcDNA	PK_15_1h	viral_read.count	cluster_2
UL30	E	2.5h	2.5	PC_12	PC_12_2.5h	LT934125.1	+	523316.062167	PC_12_2.5h	0	0			dcDNA	PC_12_2.5h	viral_read.count	cluster_2
UL30	E	2h	2	C6	C6_2h	LT934125.1	+	474597.273858	C6_2h	0	0			dcDNA	C6_2h	viral_read.count	cluster_2
UL30	E	2h	2	NRK	NRK_2h	LT934125.1	+	559870.55017	NRK_2h	0	0			dcDNA	NRK_2h	viral_read.count	cluster_2
UL30	E	2h	2	PC_12	PC_12_2h	LT934125.1	+	501000.667129	PC_12_2h	0.00532623169204866	0.00532623169204866			dcDNA	PC_12_2h	viral_read.count	cluster_2
UL30	E	2h	2	PK_15	PK_15_2h	LT934125.1	+	507241.129629	PK_15_2h	0.00214132762419016	0.00214132762419016			dcDNA	PK_15_2h	viral_read.count	cluster_2
UL30	E	4h	4	C6	C6_4h	LT934125.1	+	528113.505012	C6_4h	0	0			dcDNA	C6_4h	viral_read.count	cluster_2
UL30	E	4h	4	PC_12	PC_12_4h	LT934125.1	+	444589.439919	PC_12_4h	0.000677353805467952	0.000677353805467952			dcDNA	PC_12_4h	viral_read.count	cluster_2
UL30	E	4h	4	PK_15	PK_15_4h	LT934125.1	+	560972.639473	PK_15_4h	0.000434184819118479	0.000434184819118479			dcDNA	PK_15_4h	viral_read.count	cluster_2
UL30	E	6h	6	C6	C6_6h	LT934125.1	+	504527.813725	C6_6h	0.00153846153945256	0.00153846153945256			dcDNA	C6_6h	viral_read.count	cluster_2
UL30	E	6h	6	PC_12	PC_12_6h	LT934125.1	+	516283.780172	PC_12_6h	0.000412967168809699	0.000412967168809699			dcDNA	PC_12_6h	viral_read.count	cluster_2
UL30	E	6h	6	PK_15	PK_15_6h	LT934125.1	+	586746.667283	PK_15_6h	0.000109956566602674	0.000109956566602674			dcDNA	PK_15_6h	viral_read.count	cluster_2
UL30	E	8h	8	C6	C6_8h	LT934125.1	+	571267.150906	C6_8h	0.000452105113326388	0.000452105113326388			dcDNA	C6_8h	viral_read.count	cluster_2
UL30	E	8h	8	PC_12	PC_12_8h	LT934125.1	+	580883.292866	PC_12_8h	0.000330087474291039	0.000330087474291039			dcDNA	PC_12_8h	viral_read.count	cluster_2
UL30	E	8h	8	PK_15	PK_15_8h	LT934125.1	+	617121.127721	PK_15_8h	0.000312715435157241	0.000312715435157241			dcDNA	PK_15_8h	viral_read.count	cluster_2
UL31	L	0.5h	0.5	PC_12	PC_12_0.5h	LT934125.1	-	451612.903224	PC_12_0.5h	0	0			dcDNA	PC_12_0.5h	viral_read.count	cluster_7
UL31	L	1.5h	1.5	PC_12	PC_12_1.5h	LT934125.1	-	515486.725677	PC_12_1.5h	0.0171673819755061	0.0171673819755061			dcDNA	PC_12_1.5h	viral_read.count	cluster_7
UL31	L	12h	12	C6	C6_12h	LT934125.1	-	567351.334736	C6_12h	0.040887519263164	0.040887519263164			dcDNA	C6_12h	viral_read.count	cluster_7
UL31	L	12h	12	PC_12	PC_12_12h	LT934125.1	-	639628.140639	PC_12_12h	0	0			dcDNA	PC_12_12h	viral_read.count	cluster_7
UL31	L	12h	12	PK_15	PK_15_12h	LT934125.1	-	709931.350122	PK_15_12h	0	0			dcDNA	PK_15_12h	viral_read.count	cluster_7
UL31	L	1h	1	C6	C6_1h	LT934125.1	-	539291.217247	C6_1h	0.0114285714265158	0.0114285714265158			dcDNA	C6_1h	viral_read.count	cluster_7
UL31	L	1h	1	NRK	NRK_1h	LT934125.1	-	575757.575757	NRK_1h	0	0			dcDNA	NRK_1h	viral_read.count	cluster_7
UL31	L	1h	1	PC_12	PC_12_1h	LT934125.1	-	443207.126941	PC_12_1h	0	0			dcDNA	PC_12_1h	viral_read.count	cluster_7
UL31	L	1h	1	PK_15	PK_15_1h	LT934125.1	-	134502.923971	PK_15_1h	0	0			dcDNA	PK_15_1h	viral_read.count	cluster_7
UL31	L	2.5h	2.5	PC_12	PC_12_2.5h	LT934125.1	-	523316.062167	PC_12_2.5h	0.0254596888251984	0.0254596888251984			dcDNA	PC_12_2.5h	viral_read.count	cluster_7
UL31	L	2h	2	C6	C6_2h	LT934125.1	-	474597.273858	C6_2h	0.0261096605744676	0.0261096605744676			dcDNA	C6_2h	viral_read.count	cluster_7
UL31	L	2h	2	NRK	NRK_2h	LT934125.1	-	559870.55017	NRK_2h	0.0289017341045831	0.0289017341045831			dcDNA	NRK_2h	viral_read.count	cluster_7
UL31	L	2h	2	PC_12	PC_12_2h	LT934125.1	-	501000.667129	PC_12_2h	0.0213049267642026	0.0213049267642026			dcDNA	PC_12_2h	viral_read.count	cluster_7
UL31	L	2h	2	PK_15	PK_15_2h	LT934125.1	-	507241.129629	PK_15_2h	0.0149892933634168	0.0149892933634168			dcDNA	PK_15_2h	viral_read.count	cluster_7
UL31	L	4h	4	C6	C6_4h	LT934125.1	-	528113.505012	C6_4h	0.0388059701475241	0.0388059701475241			dcDNA	C6_4h	viral_read.count	cluster_7
UL31	L	4h	4	PC_12	PC_12_4h	LT934125.1	-	444589.439919	PC_12_4h	0.0291262135923859	0.0291262135923859			dcDNA	PC_12_4h	viral_read.count	cluster_7
UL31	L	4h	4	PK_15	PK_15_4h	LT934125.1	-	560972.639473	PK_15_4h	0.0473985092962448	0.0473985092962448			dcDNA	PK_15_4h	viral_read.count	cluster_7
UL31	L	6h	6	C6	C6_6h	LT934125.1	-	504527.813725	C6_6h	0	0			dcDNA	C6_6h	viral_read.count	cluster_7
UL31	L	6h	6	PC_12	PC_12_6h	LT934125.1	-	516283.780172	PC_12_6h	0.0293722899021696	0.0293722899021696			dcDNA	PC_12_6h	viral_read.count	cluster_7
UL31	L	6h	6	PK_15	PK_15_6h	LT934125.1	-	586746.667283	PK_15_6h	0	0			dcDNA	PK_15_6h	viral_read.count	cluster_7
UL31	L	8h	8	C6	C6_8h	LT934125.1	-	571267.150906	C6_8h	0	0			dcDNA	C6_8h	viral_read.count	cluster_7
UL31	L	8h	8	PC_12	PC_12_8h	LT934125.1	-	580883.292866	PC_12_8h	0.0530890686042057	0.0530890686042057			dcDNA	PC_12_8h	viral_read.count	cluster_7
UL31	L	8h	8	PK_15	PK_15_8h	LT934125.1	-	617121.127721	PK_15_8h	0	0			dcDNA	PK_15_8h	viral_read.count	cluster_7
UL32	L	0.5h	0.5	PC_12	PC_12_0.5h	LT934125.1	-	451612.903224	PC_12_0.5h	0	0			dcDNA	PC_12_0.5h	viral_read.count	cluster_6
UL32	L	1.5h	1.5	PC_12	PC_12_1.5h	LT934125.1	-	515486.725677	PC_12_1.5h	0	0			dcDNA	PC_12_1.5h	viral_read.count	cluster_6
UL32	L	12h	12	C6	C6_12h	LT934125.1	-	567351.334736	C6_12h	0.000949152542754793	0.000949152542754793			dcDNA	C6_12h	viral_read.count	cluster_6
UL32	L	12h	12	PC_12	PC_12_12h	LT934125.1	-	639628.140639	PC_12_12h	0.000256109272860238	0.000256109272860238			dcDNA	PC_12_12h	viral_read.count	cluster_6
UL32	L	12h	12	PK_15	PK_15_12h	LT934125.1	-	709931.350122	PK_15_12h	0.000367457451984858	0.000367457451984858			dcDNA	PK_15_12h	viral_read.count	cluster_6
UL32	L	1h	1	C6	C6_1h	LT934125.1	-	539291.217247	C6_1h	0	0			dcDNA	C6_1h	viral_read.count	cluster_6
UL32	L	1h	1	NRK	NRK_1h	LT934125.1	-	575757.575757	NRK_1h	0	0			dcDNA	NRK_1h	viral_read.count	cluster_6
UL32	L	1h	1	PC_12	PC_12_1h	LT934125.1	-	443207.126941	PC_12_1h	0	0			dcDNA	PC_12_1h	viral_read.count	cluster_6
UL32	L	1h	1	PK_15	PK_15_1h	LT934125.1	-	134502.923971	PK_15_1h	0	0			dcDNA	PK_15_1h	viral_read.count	cluster_6
UL32	L	2.5h	2.5	PC_12	PC_12_2.5h	LT934125.1	-	523316.062167	PC_12_2.5h	0	0			dcDNA	PC_12_2.5h	viral_read.count	cluster_6
UL32	L	2h	2	C6	C6_2h	LT934125.1	-	474597.273858	C6_2h	0	0			dcDNA	C6_2h	viral_read.count	cluster_6
UL32	L	2h	2	NRK	NRK_2h	LT934125.1	-	559870.55017	NRK_2h	0	0			dcDNA	NRK_2h	viral_read.count	cluster_6
UL32	L	2h	2	PC_12	PC_12_2h	LT934125.1	-	501000.667129	PC_12_2h	0	0			dcDNA	PC_12_2h	viral_read.count	cluster_6
UL32	L	2h	2	PK_15	PK_15_2h	LT934125.1	-	507241.129629	PK_15_2h	0	0			dcDNA	PK_15_2h	viral_read.count	cluster_6
UL32	L	4h	4	C6	C6_4h	LT934125.1	-	528113.505012	C6_4h	0.000995024876305823	0.000995024876305823			dcDNA	C6_4h	viral_read.count	cluster_6
UL32	L	4h	4	PC_12	PC_12_4h	LT934125.1	-	444589.439919	PC_12_4h	0.00112892301061276	0.00112892301061276			dcDNA	PC_12_4h	viral_read.count	cluster_6
UL32	L	4h	4	PK_15	PK_15_4h	LT934125.1	-	560972.639473	PK_15_4h	0.000217092409559239	0.000217092409559239			dcDNA	PK_15_4h	viral_read.count	cluster_6
UL32	L	6h	6	C6	C6_6h	LT934125.1	-	504527.813725	C6_6h	0	0			dcDNA	C6_6h	viral_read.count	cluster_6
UL32	L	6h	6	PC_12	PC_12_6h	LT934125.1	-	516283.780172	PC_12_6h	0	0			dcDNA	PC_12_6h	viral_read.count	cluster_6
UL32	L	6h	6	PK_15	PK_15_6h	LT934125.1	-	586746.667283	PK_15_6h	0.000384847985665827	0.000384847985665827			dcDNA	PK_15_6h	viral_read.count	cluster_6
UL32	L	8h	8	C6	C6_8h	LT934125.1	-	571267.150906	C6_8h	0.00056513139340848	0.00056513139340848			dcDNA	C6_8h	viral_read.count	cluster_6
UL32	L	8h	8	PC_12	PC_12_8h	LT934125.1	-	580883.292866	PC_12_8h	0.000660174945139046	0.000660174945139046			dcDNA	PC_12_8h	viral_read.count	cluster_6
UL32	L	8h	8	PK_15	PK_15_8h	LT934125.1	-	617121.127721	PK_15_8h	0.000611216532794725	0.000611216532794725			dcDNA	PK_15_8h	viral_read.count	cluster_6
UL33	E	0.5h	0.5	PC_12	PC_12_0.5h	LT934125.1	+	451612.903224	PC_12_0.5h	0	0			dcDNA	PC_12_0.5h	viral_read.count	cluster_8
UL33	E	1.5h	1.5	PC_12	PC_12_1.5h	LT934125.1	+	515486.725677	PC_12_1.5h	0	0			dcDNA	PC_12_1.5h	viral_read.count	cluster_8
UL33	E	12h	12	C6	C6_12h	LT934125.1	+	567351.334736	C6_12h	3.69799694042541e-05	3.69799694042541e-05			dcDNA	C6_12h	viral_read.count	cluster_8
UL33	E	12h	12	PC_12	PC_12_12h	LT934125.1	+	639628.140639	PC_12_12h	0	0			dcDNA	PC_12_12h	viral_read.count	cluster_8
UL33	E	12h	12	PK_15	PK_15_12h	LT934125.1	+	709931.350122	PK_15_12h	0	0			dcDNA	PK_15_12h	viral_read.count	cluster_8
UL33	E	1h	1	C6	C6_1h	LT934125.1	+	539291.217247	C6_1h	0	0			dcDNA	C6_1h	viral_read.count	cluster_8
UL33	E	1h	1	NRK	NRK_1h	LT934125.1	+	575757.575757	NRK_1h	0	0			dcDNA	NRK_1h	viral_read.count	cluster_8
UL33	E	1h	1	PC_12	PC_12_1h	LT934125.1	+	443207.126941	PC_12_1h	0	0			dcDNA	PC_12_1h	viral_read.count	cluster_8
UL33	E	1h	1	PK_15	PK_15_1h	LT934125.1	+	134502.923971	PK_15_1h	0	0			dcDNA	PK_15_1h	viral_read.count	cluster_8
UL33	E	2.5h	2.5	PC_12	PC_12_2.5h	LT934125.1	+	523316.062167	PC_12_2.5h	0	0			dcDNA	PC_12_2.5h	viral_read.count	cluster_8
UL33	E	2h	2	C6	C6_2h	LT934125.1	+	474597.273858	C6_2h	0	0			dcDNA	C6_2h	viral_read.count	cluster_8
UL33	E	2h	2	NRK	NRK_2h	LT934125.1	+	559870.55017	NRK_2h	0	0			dcDNA	NRK_2h	viral_read.count	cluster_8
UL33	E	2h	2	PC_12	PC_12_2h	LT934125.1	+	501000.667129	PC_12_2h	0	0			dcDNA	PC_12_2h	viral_read.count	cluster_8
UL33	E	2h	2	PK_15	PK_15_2h	LT934125.1	+	507241.129629	PK_15_2h	0	0			dcDNA	PK_15_2h	viral_read.count	cluster_8
UL33	E	4h	4	C6	C6_4h	LT934125.1	+	528113.505012	C6_4h	0	0			dcDNA	C6_4h	viral_read.count	cluster_8
UL33	E	4h	4	PC_12	PC_12_4h	LT934125.1	+	444589.439919	PC_12_4h	0.000451569205144812	0.000451569205144812			dcDNA	PC_12_4h	viral_read.count	cluster_8
UL33	E	4h	4	PK_15	PK_15_4h	LT934125.1	+	560972.639473	PK_15_4h	0	0			dcDNA	PK_15_4h	viral_read.count	cluster_8
UL33	E	6h	6	C6	C6_6h	LT934125.1	+	504527.813725	C6_6h	0.00034188034099943	0.00034188034099943			dcDNA	C6_6h	viral_read.count	cluster_8
UL33	E	6h	6	PC_12	PC_12_6h	LT934125.1	+	516283.780172	PC_12_6h	0.000103241790749735	0.000103241790749735			dcDNA	PC_12_6h	viral_read.count	cluster_8
UL33	E	6h	6	PK_15	PK_15_6h	LT934125.1	+	586746.667283	PK_15_6h	2.74891412245902e-05	2.74891412245902e-05			dcDNA	PK_15_6h	viral_read.count	cluster_8
UL33	E	8h	8	C6	C6_8h	LT934125.1	+	571267.150906	C6_8h	0.000113026278331597	0.000113026278331597			dcDNA	C6_8h	viral_read.count	cluster_8
UL33	E	8h	8	PC_12	PC_12_8h	LT934125.1	+	580883.292866	PC_12_8h	0.000110029156949336	0.000110029156949336			dcDNA	PC_12_8h	viral_read.count	cluster_8
UL33	E	8h	8	PK_15	PK_15_8h	LT934125.1	+	617121.127721	PK_15_8h	0	0			dcDNA	PK_15_8h	viral_read.count	cluster_8
UL34	E	0.5h	0.5	PC_12	PC_12_0.5h	LT934125.1	+	451612.903224	PC_12_0.5h	0	0			dcDNA	PC_12_0.5h	viral_read.count	
UL34	E	1.5h	1.5	PC_12	PC_12_1.5h	LT934125.1	+	515486.725677	PC_12_1.5h	0.0257510729603493	0.0257510729603493			dcDNA	PC_12_1.5h	viral_read.count	
UL34	E	12h	12	C6	C6_12h	LT934125.1	+	567351.334736	C6_12h	0	0			dcDNA	C6_12h	viral_read.count	
UL34	E	12h	12	PC_12	PC_12_12h	LT934125.1	+	639628.140639	PC_12_12h	0	0			dcDNA	PC_12_12h	viral_read.count	
UL34	E	12h	12	PK_15	PK_15_12h	LT934125.1	+	709931.350122	PK_15_12h	0	0			dcDNA	PK_15_12h	viral_read.count	
UL34	E	1h	1	C6	C6_1h	LT934125.1	+	539291.217247	C6_1h	0.0228571428567402	0.0228571428567402			dcDNA	C6_1h	viral_read.count	
UL34	E	1h	1	NRK	NRK_1h	LT934125.1	+	575757.575757	NRK_1h	0.0175438596491228	0.0175438596491228			dcDNA	NRK_1h	viral_read.count	
UL34	E	1h	1	PC_12	PC_12_1h	LT934125.1	+	443207.126941	PC_12_1h	0.0150753768855559	0.0150753768855559			dcDNA	PC_12_1h	viral_read.count	
UL34	E	1h	1	PK_15	PK_15_1h	LT934125.1	+	134502.923971	PK_15_1h	0	0			dcDNA	PK_15_1h	viral_read.count	
UL34	E	2.5h	2.5	PC_12	PC_12_2.5h	LT934125.1	+	523316.062167	PC_12_2.5h	0.0311173974549312	0.0311173974549312			dcDNA	PC_12_2.5h	viral_read.count	
UL34	E	2h	2	C6	C6_2h	LT934125.1	+	474597.273858	C6_2h	0.010443864229787	0.010443864229787			dcDNA	C6_2h	viral_read.count	
UL34	E	2h	2	NRK	NRK_2h	LT934125.1	+	559870.55017	NRK_2h	0.0404624277453447	0.0404624277453447			dcDNA	NRK_2h	viral_read.count	
UL34	E	2h	2	PC_12	PC_12_2h	LT934125.1	+	501000.667129	PC_12_2h	0.0452729693734316	0.0452729693734316			dcDNA	PC_12_2h	viral_read.count	
UL34	E	2h	2	PK_15	PK_15_2h	LT934125.1	+	507241.129629	PK_15_2h	0	0			dcDNA	PK_15_2h	viral_read.count	
UL34	E	4h	4	C6	C6_4h	LT934125.1	+	528113.505012	C6_4h	0.0338308457716756	0.0338308457716756			dcDNA	C6_4h	viral_read.count	
UL34	E	4h	4	PC_12	PC_12_4h	LT934125.1	+	444589.439919	PC_12_4h	0	0			dcDNA	PC_12_4h	viral_read.count	
UL34	E	4h	4	PK_15	PK_15_4h	LT934125.1	+	560972.639473	PK_15_4h	0	0			dcDNA	PK_15_4h	viral_read.count	
UL34	E	6h	6	C6	C6_6h	LT934125.1	+	504527.813725	C6_6h	0	0			dcDNA	C6_6h	viral_read.count	
UL34	E	6h	6	PC_12	PC_12_6h	LT934125.1	+	516283.780172	PC_12_6h	0	0			dcDNA	PC_12_6h	viral_read.count	
UL34	E	6h	6	PK_15	PK_15_6h	LT934125.1	+	586746.667283	PK_15_6h	0	0			dcDNA	PK_15_6h	viral_read.count	
UL34	E	8h	8	C6	C6_8h	LT934125.1	+	571267.150906	C6_8h	0	0			dcDNA	C6_8h	viral_read.count	
UL34	E	8h	8	PC_12	PC_12_8h	LT934125.1	+	580883.292866	PC_12_8h	0	0			dcDNA	PC_12_8h	viral_read.count	
UL34	E	8h	8	PK_15	PK_15_8h	LT934125.1	+	617121.127721	PK_15_8h	0	0			dcDNA	PK_15_8h	viral_read.count	
UL35	L	0.5h	0.5	PC_12	PC_12_0.5h	LT934125.1	+	451612.903224	PC_12_0.5h	0	0			dcDNA	PC_12_0.5h	viral_read.count	cluster_1
UL35	L	1.5h	1.5	PC_12	PC_12_1.5h	LT934125.1	+	515486.725677	PC_12_1.5h	0.00429184549436151	0.00429184549436151			dcDNA	PC_12_1.5h	viral_read.count	cluster_1
UL35	L	12h	12	C6	C6_12h	LT934125.1	+	567351.334736	C6_12h	0.133448382121513	0.133448382121513			dcDNA	C6_12h	viral_read.count	cluster_1
UL35	L	12h	12	PC_12	PC_12_12h	LT934125.1	+	639628.140639	PC_12_12h	0.148724789242332	0.148724789242332			dcDNA	PC_12_12h	viral_read.count	cluster_1
UL35	L	12h	12	PK_15	PK_15_12h	LT934125.1	+	709931.350122	PK_15_12h	0.113953713252834	0.113953713252834			dcDNA	PK_15_12h	viral_read.count	cluster_1
UL35	L	1h	1	C6	C6_1h	LT934125.1	+	539291.217247	C6_1h	0.00285714285662896	0.00285714285662896			dcDNA	C6_1h	viral_read.count	cluster_1
UL35	L	1h	1	NRK	NRK_1h	LT934125.1	+	575757.575757	NRK_1h	0	0			dcDNA	NRK_1h	viral_read.count	cluster_1
UL35	L	1h	1	PC_12	PC_12_1h	LT934125.1	+	443207.126941	PC_12_1h	0	0			dcDNA	PC_12_1h	viral_read.count	cluster_1
UL35	L	1h	1	PK_15	PK_15_1h	LT934125.1	+	134502.923971	PK_15_1h	0	0			dcDNA	PK_15_1h	viral_read.count	cluster_1
UL35	L	2.5h	2.5	PC_12	PC_12_2.5h	LT934125.1	+	523316.062167	PC_12_2.5h	0.0226308345112875	0.0226308345112875			dcDNA	PC_12_2.5h	viral_read.count	cluster_1
UL35	L	2h	2	C6	C6_2h	LT934125.1	+	474597.273858	C6_2h	0.00522193211489351	0.00522193211489351			dcDNA	C6_2h	viral_read.count	cluster_1
UL35	L	2h	2	NRK	NRK_2h	LT934125.1	+	559870.55017	NRK_2h	0.00578034682127385	0.00578034682127385			dcDNA	NRK_2h	viral_read.count	cluster_1
UL35	L	2h	2	PC_12	PC_12_2h	LT934125.1	+	501000.667129	PC_12_2h	0.0119840213056125	0.0119840213056125			dcDNA	PC_12_2h	viral_read.count	cluster_1
UL35	L	2h	2	PK_15	PK_15_2h	LT934125.1	+	507241.129629	PK_15_2h	0.0371163454682197	0.0371163454682197			dcDNA	PK_15_2h	viral_read.count	cluster_1
UL35	L	4h	4	C6	C6_4h	LT934125.1	+	528113.505012	C6_4h	0.0288557213939336	0.0288557213939336			dcDNA	C6_4h	viral_read.count	cluster_1
UL35	L	4h	4	PC_12	PC_12_4h	LT934125.1	+	444589.439919	PC_12_4h	0.0465116279027398	0.0465116279027398			dcDNA	PC_12_4h	viral_read.count	cluster_1
UL35	L	4h	4	PK_15	PK_15_4h	LT934125.1	+	560972.639473	PK_15_4h	0.0450828569353376	0.0450828569353376			dcDNA	PK_15_4h	viral_read.count	cluster_1
UL35	L	6h	6	C6	C6_6h	LT934125.1	+	504527.813725	C6_6h	0.0423931623949242	0.0423931623949242			dcDNA	C6_6h	viral_read.count	cluster_1
UL35	L	6h	6	PC_12	PC_12_6h	LT934125.1	+	516283.780172	PC_12_6h	0.0704625232306939	0.0704625232306939			dcDNA	PC_12_6h	viral_read.count	cluster_1
UL35	L	6h	6	PK_15	PK_15_6h	LT934125.1	+	586746.667283	PK_15_6h	0.0824674253695619	0.0824674253695619			dcDNA	PK_15_6h	viral_read.count	cluster_1
UL35	L	8h	8	C6	C6_8h	LT934125.1	+	571267.150906	C6_8h	0.0816049731602209	0.0816049731602209			dcDNA	C6_8h	viral_read.count	cluster_1
UL35	L	8h	8	PC_12	PC_12_8h	LT934125.1	+	580883.292866	PC_12_8h	0.113550090772219	0.113550090772219			dcDNA	PC_12_8h	viral_read.count	cluster_1
UL35	L	8h	8	PK_15	PK_15_8h	LT934125.1	+	617121.127721	PK_15_8h	0.0987327917632832	0.0987327917632832			dcDNA	PK_15_8h	viral_read.count	cluster_1
UL36	L	0.5h	0.5	PC_12	PC_12_0.5h	LT934125.1	-	451612.903224	PC_12_0.5h	0	0			dcDNA	PC_12_0.5h	viral_read.count	cluster_6
UL36	L	1.5h	1.5	PC_12	PC_12_1.5h	LT934125.1	-	515486.725677	PC_12_1.5h	0	0			dcDNA	PC_12_1.5h	viral_read.count	cluster_6
UL36	L	12h	12	C6	C6_12h	LT934125.1	-	567351.334736	C6_12h	0.00131895223503476	0.00131895223503476			dcDNA	C6_12h	viral_read.count	cluster_6
UL36	L	12h	12	PC_12	PC_12_12h	LT934125.1	-	639628.140639	PC_12_12h	0.00117383416910007	0.00117383416910007			dcDNA	PC_12_12h	viral_read.count	cluster_6
UL36	L	12h	12	PK_15	PK_15_12h	LT934125.1	-	709931.350122	PK_15_12h	0.000570526044427248	0.000570526044427248			dcDNA	PK_15_12h	viral_read.count	cluster_6
UL36	L	1h	1	C6	C6_1h	LT934125.1	-	539291.217247	C6_1h	0	0			dcDNA	C6_1h	viral_read.count	cluster_6
UL36	L	1h	1	NRK	NRK_1h	LT934125.1	-	575757.575757	NRK_1h	0	0			dcDNA	NRK_1h	viral_read.count	cluster_6
UL36	L	1h	1	PC_12	PC_12_1h	LT934125.1	-	443207.126941	PC_12_1h	0	0			dcDNA	PC_12_1h	viral_read.count	cluster_6
UL36	L	1h	1	PK_15	PK_15_1h	LT934125.1	-	134502.923971	PK_15_1h	0	0			dcDNA	PK_15_1h	viral_read.count	cluster_6
UL36	L	2.5h	2.5	PC_12	PC_12_2.5h	LT934125.1	-	523316.062167	PC_12_2.5h	0	0			dcDNA	PC_12_2.5h	viral_read.count	cluster_6
UL36	L	2h	2	C6	C6_2h	LT934125.1	-	474597.273858	C6_2h	0	0			dcDNA	C6_2h	viral_read.count	cluster_6
UL36	L	2h	2	NRK	NRK_2h	LT934125.1	-	559870.55017	NRK_2h	0	0			dcDNA	NRK_2h	viral_read.count	cluster_6
UL36	L	2h	2	PC_12	PC_12_2h	LT934125.1	-	501000.667129	PC_12_2h	0	0			dcDNA	PC_12_2h	viral_read.count	cluster_6
UL36	L	2h	2	PK_15	PK_15_2h	LT934125.1	-	507241.129629	PK_15_2h	0	0			dcDNA	PK_15_2h	viral_read.count	cluster_6
UL36	L	4h	4	C6	C6_4h	LT934125.1	-	528113.505012	C6_4h	0.000995024876305823	0.000995024876305823			dcDNA	C6_4h	viral_read.count	cluster_6
UL36	L	4h	4	PC_12	PC_12_4h	LT934125.1	-	444589.439919	PC_12_4h	0.000903138408040358	0.000903138408040358			dcDNA	PC_12_4h	viral_read.count	cluster_6
UL36	L	4h	4	PK_15	PK_15_4h	LT934125.1	-	560972.639473	PK_15_4h	7.23641371139525e-05	7.23641371139525e-05			dcDNA	PK_15_4h	viral_read.count	cluster_6
UL36	L	6h	6	C6	C6_6h	LT934125.1	-	504527.813725	C6_6h	0.000170940171490741	0.000170940171490741			dcDNA	C6_6h	viral_read.count	cluster_6
UL36	L	6h	6	PC_12	PC_12_6h	LT934125.1	-	516283.780172	PC_12_6h	0.000258104480748177	0.000258104480748177			dcDNA	PC_12_6h	viral_read.count	cluster_6
UL36	L	6h	6	PK_15	PK_15_6h	LT934125.1	-	586746.667283	PK_15_6h	0.00021991313490966	0.00021991313490966			dcDNA	PK_15_6h	viral_read.count	cluster_6
UL36	L	8h	8	C6	C6_8h	LT934125.1	-	571267.150906	C6_8h	0.00056513139340848	0.00056513139340848			dcDNA	C6_8h	viral_read.count	cluster_6
UL36	L	8h	8	PC_12	PC_12_8h	LT934125.1	-	580883.292866	PC_12_8h	0.000990262419430086	0.000990262419430086			dcDNA	PC_12_8h	viral_read.count	cluster_6
UL36	L	8h	8	PK_15	PK_15_8h	LT934125.1	-	617121.127721	PK_15_8h	0.000881288957013119	0.000881288957013119			dcDNA	PK_15_8h	viral_read.count	cluster_6
UL37	L	0.5h	0.5	PC_12	PC_12_0.5h	LT934125.1	-	451612.903224	PC_12_0.5h	0	0			dcDNA	PC_12_0.5h	viral_read.count	cluster_6
UL37	L	1.5h	1.5	PC_12	PC_12_1.5h	LT934125.1	-	515486.725677	PC_12_1.5h	0	0			dcDNA	PC_12_1.5h	viral_read.count	cluster_6
UL37	L	12h	12	C6	C6_12h	LT934125.1	-	567351.334736	C6_12h	0.00477041602671014	0.00477041602671014			dcDNA	C6_12h	viral_read.count	cluster_6
UL37	L	12h	12	PC_12	PC_12_12h	LT934125.1	-	639628.140639	PC_12_12h	0.0014299434419603	0.0014299434419603			dcDNA	PC_12_12h	viral_read.count	cluster_6
UL37	L	12h	12	PK_15	PK_15_12h	LT934125.1	-	709931.350122	PK_15_12h	0.000979886539565345	0.000979886539565345			dcDNA	PK_15_12h	viral_read.count	cluster_6
UL37	L	1h	1	C6	C6_1h	LT934125.1	-	539291.217247	C6_1h	0	0			dcDNA	C6_1h	viral_read.count	cluster_6
UL37	L	1h	1	NRK	NRK_1h	LT934125.1	-	575757.575757	NRK_1h	0	0			dcDNA	NRK_1h	viral_read.count	cluster_6
UL37	L	1h	1	PC_12	PC_12_1h	LT934125.1	-	443207.126941	PC_12_1h	0.00502512562776655	0.00502512562776655			dcDNA	PC_12_1h	viral_read.count	cluster_6
UL37	L	1h	1	PK_15	PK_15_1h	LT934125.1	-	134502.923971	PK_15_1h	0	0			dcDNA	PK_15_1h	viral_read.count	cluster_6
UL37	L	2.5h	2.5	PC_12	PC_12_2.5h	LT934125.1	-	523316.062167	PC_12_2.5h	0	0			dcDNA	PC_12_2.5h	viral_read.count	cluster_6
UL37	L	2h	2	C6	C6_2h	LT934125.1	-	474597.273858	C6_2h	0	0			dcDNA	C6_2h	viral_read.count	cluster_6
UL37	L	2h	2	NRK	NRK_2h	LT934125.1	-	559870.55017	NRK_2h	0.00578034682127385	0.00578034682127385			dcDNA	NRK_2h	viral_read.count	cluster_6
UL37	L	2h	2	PC_12	PC_12_2h	LT934125.1	-	501000.667129	PC_12_2h	0.00133155792351117	0.00133155792351117			dcDNA	PC_12_2h	viral_read.count	cluster_6
UL37	L	2h	2	PK_15	PK_15_2h	LT934125.1	-	507241.129629	PK_15_2h	0	0			dcDNA	PK_15_2h	viral_read.count	cluster_6
UL37	L	4h	4	C6	C6_4h	LT934125.1	-	528113.505012	C6_4h	0.00199004975071811	0.00199004975071811			dcDNA	C6_4h	viral_read.count	cluster_6
UL37	L	4h	4	PC_12	PC_12_4h	LT934125.1	-	444589.439919	PC_12_4h	0.00112892301286203	0.00112892301286203			dcDNA	PC_12_4h	viral_read.count	cluster_6
UL37	L	4h	4	PK_15	PK_15_4h	LT934125.1	-	560972.639473	PK_15_4h	0.00101309790889963	0.00101309790889963			dcDNA	PK_15_4h	viral_read.count	cluster_6
UL37	L	6h	6	C6	C6_6h	LT934125.1	-	504527.813725	C6_6h	0.00290598290543234	0.00290598290543234			dcDNA	C6_6h	viral_read.count	cluster_6
UL37	L	6h	6	PC_12	PC_12_6h	LT934125.1	-	516283.780172	PC_12_6h	0.00221969853404694	0.00221969853404694			dcDNA	PC_12_6h	viral_read.count	cluster_6
UL37	L	6h	6	PK_15	PK_15_6h	LT934125.1	-	586746.667283	PK_15_6h	0.0014156908003354	0.0014156908003354			dcDNA	PK_15_6h	viral_read.count	cluster_6
UL37	L	8h	8	C6	C6_8h	LT934125.1	-	571267.150906	C6_8h	0	0			dcDNA	C6_8h	viral_read.count	cluster_6
UL37	L	8h	8	PC_12	PC_12_8h	LT934125.1	-	580883.292866	PC_12_8h	0.00159542278695522	0.00159542278695522			dcDNA	PC_12_8h	viral_read.count	cluster_6
UL37	L	8h	8	PK_15	PK_15_8h	LT934125.1	-	617121.127721	PK_15_8h	0.00189050695494492	0.00189050695494492			dcDNA	PK_15_8h	viral_read.count	cluster_6
UL38	E	0.5h	0.5	PC_12	PC_12_0.5h	LT934125.1	+	451612.903224	PC_12_0.5h	0	0			dcDNA	PC_12_0.5h	viral_read.count	cluster_9
UL38	E	1.5h	1.5	PC_12	PC_12_1.5h	LT934125.1	+	515486.725677	PC_12_1.5h	0.00429184549436151	0.00429184549436151			dcDNA	PC_12_1.5h	viral_read.count	cluster_9
UL38	E	12h	12	C6	C6_12h	LT934125.1	+	567351.334736	C6_12h	0.0198089368261195	0.0198089368261195			dcDNA	C6_12h	viral_read.count	cluster_9
UL38	E	12h	12	PC_12	PC_12_12h	LT934125.1	+	639628.140639	PC_12_12h	0.0153558851760143	0.0153558851760143			dcDNA	PC_12_12h	viral_read.count	cluster_9
UL38	E	12h	12	PK_15	PK_15_12h	LT934125.1	+	709931.350122	PK_15_12h	0.0229209644132544	0.0229209644132544			dcDNA	PK_15_12h	viral_read.count	cluster_9
UL38	E	1h	1	C6	C6_1h	LT934125.1	+	539291.217247	C6_1h	0.0200000000019655	0.0200000000019655			dcDNA	C6_1h	viral_read.count	cluster_9
UL38	E	1h	1	NRK	NRK_1h	LT934125.1	+	575757.575757	NRK_1h	0	0			dcDNA	NRK_1h	viral_read.count	cluster_9
UL38	E	1h	1	PC_12	PC_12_1h	LT934125.1	+	443207.126941	PC_12_1h	0.0150753768832996	0.0150753768832996			dcDNA	PC_12_1h	viral_read.count	cluster_9
UL38	E	1h	1	PK_15	PK_15_1h	LT934125.1	+	134502.923971	PK_15_1h	0	0			dcDNA	PK_15_1h	viral_read.count	cluster_9
UL38	E	2.5h	2.5	PC_12	PC_12_2.5h	LT934125.1	+	523316.062167	PC_12_2.5h	0.0141442715695547	0.0141442715695547			dcDNA	PC_12_2.5h	viral_read.count	cluster_9
UL38	E	2h	2	C6	C6_2h	LT934125.1	+	474597.273858	C6_2h	0.0130548302872338	0.0130548302872338			dcDNA	C6_2h	viral_read.count	cluster_9
UL38	E	2h	2	NRK	NRK_2h	LT934125.1	+	559870.55017	NRK_2h	0.0346820809240708	0.0346820809240708			dcDNA	NRK_2h	viral_read.count	cluster_9
UL38	E	2h	2	PC_12	PC_12_2h	LT934125.1	+	501000.667129	PC_12_2h	0.00932090545859014	0.00932090545859014			dcDNA	PC_12_2h	viral_read.count	cluster_9
UL38	E	2h	2	PK_15	PK_15_2h	LT934125.1	+	507241.129629	PK_15_2h	0.0185581727331241	0.0185581727331241			dcDNA	PK_15_2h	viral_read.count	cluster_9
UL38	E	4h	4	C6	C6_4h	LT934125.1	+	528113.505012	C6_4h	0.020895522387274	0.020895522387274			dcDNA	C6_4h	viral_read.count	cluster_9
UL38	E	4h	4	PC_12	PC_12_4h	LT934125.1	+	444589.439919	PC_12_4h	0.0241589523582856	0.0241589523582856			dcDNA	PC_12_4h	viral_read.count	cluster_9
UL38	E	4h	4	PK_15	PK_15_4h	LT934125.1	+	560972.639473	PK_15_4h	0.0331427744381014	0.0331427744381014			dcDNA	PK_15_4h	viral_read.count	cluster_9
UL38	E	6h	6	C6	C6_6h	LT934125.1	+	504527.813725	C6_6h	0.0252991452993655	0.0252991452993655			dcDNA	C6_6h	viral_read.count	cluster_9
UL38	E	6h	6	PC_12	PC_12_6h	LT934125.1	+	516283.780172	PC_12_6h	0.0237456122249584	0.0237456122249584			dcDNA	PC_12_6h	viral_read.count	cluster_9
UL38	E	6h	6	PK_15	PK_15_6h	LT934125.1	+	586746.667283	PK_15_6h	0.0308703062309235	0.0308703062309235			dcDNA	PK_15_6h	viral_read.count	cluster_9
UL38	E	8h	8	C6	C6_8h	LT934125.1	+	571267.150906	C6_8h	0.0207403221246124	0.0207403221246124			dcDNA	C6_8h	viral_read.count	cluster_9
UL38	E	8h	8	PC_12	PC_12_8h	LT934125.1	+	580883.292866	PC_12_8h	0.0174396214995581	0.0174396214995581			dcDNA	PC_12_8h	viral_read.count	cluster_9
UL38	E	8h	8	PK_15	PK_15_8h	LT934125.1	+	617121.127721	PK_15_8h	0.0221459386076614	0.0221459386076614			dcDNA	PK_15_8h	viral_read.count	cluster_9
UL39	E	0.5h	0.5	PC_12	PC_12_0.5h	LT934125.1	+	451612.903224	PC_12_0.5h	0	0			dcDNA	PC_12_0.5h	viral_read.count	cluster_2
UL39	E	1.5h	1.5	PC_12	PC_12_1.5h	LT934125.1	+	515486.725677	PC_12_1.5h	0	0			dcDNA	PC_12_1.5h	viral_read.count	cluster_2
UL39	E	12h	12	C6	C6_12h	LT934125.1	+	567351.334736	C6_12h	0.000616332819879082	0.000616332819879082			dcDNA	C6_12h	viral_read.count	cluster_2
UL39	E	12h	12	PC_12	PC_12_12h	LT934125.1	+	639628.140639	PC_12_12h	0.000181410736375793	0.000181410736375793			dcDNA	PC_12_12h	viral_read.count	cluster_2
UL39	E	12h	12	PK_15	PK_15_12h	LT934125.1	+	709931.350122	PK_15_12h	0.000112815885629275	0.000112815885629275			dcDNA	PK_15_12h	viral_read.count	cluster_2
UL39	E	1h	1	C6	C6_1h	LT934125.1	+	539291.217247	C6_1h	0.0114285714283701	0.0114285714283701			dcDNA	C6_1h	viral_read.count	cluster_2
UL39	E	1h	1	NRK	NRK_1h	LT934125.1	+	575757.575757	NRK_1h	0.0175438596491228	0.0175438596491228			dcDNA	NRK_1h	viral_read.count	cluster_2
UL39	E	1h	1	PC_12	PC_12_1h	LT934125.1	+	443207.126941	PC_12_1h	0	0			dcDNA	PC_12_1h	viral_read.count	cluster_2
UL39	E	1h	1	PK_15	PK_15_1h	LT934125.1	+	134502.923971	PK_15_1h	0	0			dcDNA	PK_15_1h	viral_read.count	cluster_2
UL39	E	2.5h	2.5	PC_12	PC_12_2.5h	LT934125.1	+	523316.062167	PC_12_2.5h	0.00282885431391093	0.00282885431391093			dcDNA	PC_12_2.5h	viral_read.count	cluster_2
UL39	E	2h	2	C6	C6_2h	LT934125.1	+	474597.273858	C6_2h	0.00261096605744676	0.00261096605744676			dcDNA	C6_2h	viral_read.count	cluster_2
UL39	E	2h	2	NRK	NRK_2h	LT934125.1	+	559870.55017	NRK_2h	0.0173410404620354	0.0173410404620354			dcDNA	NRK_2h	viral_read.count	cluster_2
UL39	E	2h	2	PC_12	PC_12_2h	LT934125.1	+	501000.667129	PC_12_2h	0.00665778961555982	0.00665778961555982			dcDNA	PC_12_2h	viral_read.count	cluster_2
UL39	E	2h	2	PK_15	PK_15_2h	LT934125.1	+	507241.129629	PK_15_2h	0.00214132762419016	0.00214132762419016			dcDNA	PK_15_2h	viral_read.count	cluster_2
UL39	E	4h	4	C6	C6_4h	LT934125.1	+	528113.505012	C6_4h	0	0			dcDNA	C6_4h	viral_read.count	cluster_2
UL39	E	4h	4	PC_12	PC_12_4h	LT934125.1	+	444589.439919	PC_12_4h	0	0			dcDNA	PC_12_4h	viral_read.count	cluster_2
UL39	E	4h	4	PK_15	PK_15_4h	LT934125.1	+	560972.639473	PK_15_4h	7.23641371139525e-05	7.23641371139525e-05			dcDNA	PK_15_4h	viral_read.count	cluster_2
UL39	E	6h	6	C6	C6_6h	LT934125.1	+	504527.813725	C6_6h	0.00358974358941325	0.00358974358941325			dcDNA	C6_6h	viral_read.count	cluster_2
UL39	E	6h	6	PC_12	PC_12_6h	LT934125.1	+	516283.780172	PC_12_6h	0.000671071649557876	0.000671071649557876			dcDNA	PC_12_6h	viral_read.count	cluster_2
UL39	E	6h	6	PK_15	PK_15_6h	LT934125.1	+	586746.667283	PK_15_6h	0.000261146845042233	0.000261146845042233			dcDNA	PK_15_6h	viral_read.count	cluster_2
UL39	E	8h	8	C6	C6_8h	LT934125.1	+	571267.150906	C6_8h	0	0			dcDNA	C6_8h	viral_read.count	cluster_2
UL39	E	8h	8	PC_12	PC_12_8h	LT934125.1	+	580883.292866	PC_12_8h	0.000660174945139046	0.000660174945139046			dcDNA	PC_12_8h	viral_read.count	cluster_2
UL39	E	8h	8	PK_15	PK_15_8h	LT934125.1	+	617121.127721	PK_15_8h	0.000390894294756765	0.000390894294756765			dcDNA	PK_15_8h	viral_read.count	cluster_2
UL40	E	0.5h	0.5	PC_12	PC_12_0.5h	LT934125.1	+	451612.903224	PC_12_0.5h	0.142857142857143	0.142857142857143			dcDNA	PC_12_0.5h	viral_read.count	cluster_5
UL40	E	1.5h	1.5	PC_12	PC_12_1.5h	LT934125.1	+	515486.725677	PC_12_1.5h	0.120171673816903	0.120171673816903			dcDNA	PC_12_1.5h	viral_read.count	cluster_5
UL40	E	12h	12	C6	C6_12h	LT934125.1	+	567351.334736	C6_12h	0.0331956856711435	0.0331956856711435			dcDNA	C6_12h	viral_read.count	cluster_5
UL40	E	12h	12	PC_12	PC_12_12h	LT934125.1	+	639628.140639	PC_12_12h	0.0171593213097773	0.0171593213097773			dcDNA	PC_12_12h	viral_read.count	cluster_5
UL40	E	12h	12	PK_15	PK_15_12h	LT934125.1	+	709931.350122	PK_15_12h	0.00458677153282555	0.00458677153282555			dcDNA	PK_15_12h	viral_read.count	cluster_5
UL40	E	1h	1	C6	C6_1h	LT934125.1	+	539291.217247	C6_1h	0.0857142857155572	0.0857142857155572			dcDNA	C6_1h	viral_read.count	cluster_5
UL40	E	1h	1	NRK	NRK_1h	LT934125.1	+	575757.575757	NRK_1h	0.12280701754386	0.12280701754386			dcDNA	NRK_1h	viral_read.count	cluster_5
UL40	E	1h	1	PC_12	PC_12_1h	LT934125.1	+	443207.126941	PC_12_1h	0.105527638192123	0.105527638192123			dcDNA	PC_12_1h	viral_read.count	cluster_5
UL40	E	1h	1	PK_15	PK_15_1h	LT934125.1	+	134502.923971	PK_15_1h	0.108695652178923	0.108695652178923			dcDNA	PK_15_1h	viral_read.count	cluster_5
UL40	E	2.5h	2.5	PC_12	PC_12_2.5h	LT934125.1	+	523316.062167	PC_12_2.5h	0.114568599719125	0.114568599719125			dcDNA	PC_12_2.5h	viral_read.count	cluster_5
UL40	E	2h	2	C6	C6_2h	LT934125.1	+	474597.273858	C6_2h	0.0887728459531897	0.0887728459531897			dcDNA	C6_2h	viral_read.count	cluster_5
UL40	E	2h	2	NRK	NRK_2h	LT934125.1	+	559870.55017	NRK_2h	0.150289017338831	0.150289017338831			dcDNA	NRK_2h	viral_read.count	cluster_5
UL40	E	2h	2	PC_12	PC_12_2h	LT934125.1	+	501000.667129	PC_12_2h	0.0758988015962243	0.0758988015962243			dcDNA	PC_12_2h	viral_read.count	cluster_5
UL40	E	2h	2	PK_15	PK_15_2h	LT934125.1	+	507241.129629	PK_15_2h	0.0749464668072266	0.0749464668072266			dcDNA	PK_15_2h	viral_read.count	cluster_5
UL40	E	4h	4	C6	C6_4h	LT934125.1	+	528113.505012	C6_4h	0.0467661691541836	0.0467661691541836			dcDNA	C6_4h	viral_read.count	cluster_5
UL40	E	4h	4	PC_12	PC_12_4h	LT934125.1	+	444589.439919	PC_12_4h	0	0			dcDNA	PC_12_4h	viral_read.count	cluster_5
UL40	E	4h	4	PK_15	PK_15_4h	LT934125.1	+	560972.639473	PK_15_4h	0.0858962298219523	0.0858962298219523			dcDNA	PK_15_4h	viral_read.count	cluster_5
UL40	E	6h	6	C6	C6_6h	LT934125.1	+	504527.813725	C6_6h	0.0379487179460752	0.0379487179460752			dcDNA	C6_6h	viral_read.count	cluster_5
UL40	E	6h	6	PC_12	PC_12_6h	LT934125.1	+	516283.780172	PC_12_6h	0.0256555853809454	0.0256555853809454			dcDNA	PC_12_6h	viral_read.count	cluster_5
UL40	E	6h	6	PK_15	PK_15_6h	LT934125.1	+	586746.667283	PK_15_6h	0.0333168398476328	0.0333168398476328			dcDNA	PK_15_6h	viral_read.count	cluster_5
UL40	E	8h	8	C6	C6_8h	LT934125.1	+	571267.150906	C6_8h	0.0735235942367553	0.0735235942367553			dcDNA	C6_8h	viral_read.count	cluster_5
UL40	E	8h	8	PC_12	PC_12_8h	LT934125.1	+	580883.292866	PC_12_8h	0.0412609341469371	0.0412609341469371			dcDNA	PC_12_8h	viral_read.count	cluster_5
UL40	E	8h	8	PK_15	PK_15_8h	LT934125.1	+	617121.127721	PK_15_8h	0.02728442179606	0.02728442179606			dcDNA	PK_15_8h	viral_read.count	cluster_5
UL41	L	0.5h	0.5	PC_12	PC_12_0.5h	LT934125.1	-	451612.903224	PC_12_0.5h	0	0			dcDNA	PC_12_0.5h	viral_read.count	cluster_4
UL41	L	1.5h	1.5	PC_12	PC_12_1.5h	LT934125.1	-	515486.725677	PC_12_1.5h	0.0214592274679277	0.0214592274679277			dcDNA	PC_12_1.5h	viral_read.count	cluster_4
UL41	L	12h	12	C6	C6_12h	LT934125.1	-	567351.334736	C6_12h	0.00484437596199349	0.00484437596199349			dcDNA	C6_12h	viral_read.count	cluster_4
UL41	L	12h	12	PC_12	PC_12_12h	LT934125.1	-	639628.140639	PC_12_12h	0.00343613275020125	0.00343613275020125			dcDNA	PC_12_12h	viral_read.count	cluster_4
UL41	L	12h	12	PK_15	PK_15_12h	LT934125.1	-	709931.350122	PK_15_12h	0.0037487106753951	0.0037487106753951			dcDNA	PK_15_12h	viral_read.count	cluster_4
UL41	L	1h	1	C6	C6_1h	LT934125.1	-	539291.217247	C6_1h	0.0314285714284814	0.0314285714284814			dcDNA	C6_1h	viral_read.count	cluster_4
UL41	L	1h	1	NRK	NRK_1h	LT934125.1	-	575757.575757	NRK_1h	0	0			dcDNA	NRK_1h	viral_read.count	cluster_4
UL41	L	1h	1	PC_12	PC_12_1h	LT934125.1	-	443207.126941	PC_12_1h	0.0502512562821781	0.0502512562821781			dcDNA	PC_12_1h	viral_read.count	cluster_4
UL41	L	1h	1	PK_15	PK_15_1h	LT934125.1	-	134502.923971	PK_15_1h	0.0652173913028932	0.0652173913028932			dcDNA	PK_15_1h	viral_read.count	cluster_4
UL41	L	2.5h	2.5	PC_12	PC_12_2.5h	LT934125.1	-	523316.062167	PC_12_2.5h	0.0155586987265101	0.0155586987265101			dcDNA	PC_12_2.5h	viral_read.count	cluster_4
UL41	L	2h	2	C6	C6_2h	LT934125.1	-	474597.273858	C6_2h	0.020887728459574	0.020887728459574			dcDNA	C6_2h	viral_read.count	cluster_4
UL41	L	2h	2	NRK	NRK_2h	LT934125.1	-	559870.55017	NRK_2h	0.00578034682127385	0.00578034682127385			dcDNA	NRK_2h	viral_read.count	cluster_4
UL41	L	2h	2	PC_12	PC_12_2h	LT934125.1	-	501000.667129	PC_12_2h	0.00932090545859014	0.00932090545859014			dcDNA	PC_12_2h	viral_read.count	cluster_4
UL41	L	2h	2	PK_15	PK_15_2h	LT934125.1	-	507241.129629	PK_15_2h	0.0114204139897665	0.0114204139897665			dcDNA	PK_15_2h	viral_read.count	cluster_4
UL41	L	4h	4	C6	C6_4h	LT934125.1	-	528113.505012	C6_4h	0.00895522388107181	0.00895522388107181			dcDNA	C6_4h	viral_read.count	cluster_4
UL41	L	4h	4	PC_12	PC_12_4h	LT934125.1	-	444589.439919	PC_12_4h	0.00993452246370201	0.00993452246370201			dcDNA	PC_12_4h	viral_read.count	cluster_4
UL41	L	4h	4	PK_15	PK_15_4h	LT934125.1	-	560972.639473	PK_15_4h	0.00955206599743249	0.00955206599743249			dcDNA	PK_15_4h	viral_read.count	cluster_4
UL41	L	6h	6	C6	C6_6h	LT934125.1	-	504527.813725	C6_6h	0.0111111111112212	0.0111111111112212			dcDNA	C6_6h	viral_read.count	cluster_4
UL41	L	6h	6	PC_12	PC_12_6h	LT934125.1	-	516283.780172	PC_12_6h	0.0071236836682623	0.0071236836682623			dcDNA	PC_12_6h	viral_read.count	cluster_4
UL41	L	6h	6	PK_15	PK_15_6h	LT934125.1	-	586746.667283	PK_15_6h	0.0105558304466904	0.0105558304466904			dcDNA	PK_15_6h	viral_read.count	cluster_4
UL41	L	8h	8	C6	C6_8h	LT934125.1	-	571267.150906	C6_8h	0.0114156541394992	0.0114156541394992			dcDNA	C6_8h	viral_read.count	cluster_4
UL41	L	8h	8	PC_12	PC_12_8h	LT934125.1	-	580883.292866	PC_12_8h	0.00786708477782678	0.00786708477782678			dcDNA	PC_12_8h	viral_read.count	cluster_4
UL41	L	8h	8	PK_15	PK_15_8h	LT934125.1	-	617121.127721	PK_15_8h	0.0090047831250275	0.0090047831250275			dcDNA	PK_15_8h	viral_read.count	cluster_4
UL42	L	0.5h	0.5	PC_12	PC_12_0.5h	LT934125.1	+	451612.903224	PC_12_0.5h	0	0			dcDNA	PC_12_0.5h	viral_read.count	cluster_3
UL42	L	1.5h	1.5	PC_12	PC_12_1.5h	LT934125.1	+	515486.725677	PC_12_1.5h	0.0429184549358554	0.0429184549358554			dcDNA	PC_12_1.5h	viral_read.count	cluster_3
UL42	L	12h	12	C6	C6_12h	LT934125.1	+	567351.334736	C6_12h	0.0128320493057228	0.0128320493057228			dcDNA	C6_12h	viral_read.count	cluster_3
UL42	L	12h	12	PC_12	PC_12_12h	LT934125.1	+	639628.140639	PC_12_12h	0.00665884110531003	0.00665884110531003			dcDNA	PC_12_12h	viral_read.count	cluster_3
UL42	L	12h	12	PK_15	PK_15_12h	LT934125.1	+	709931.350122	PK_15_12h	0.00934115523403831	0.00934115523403831			dcDNA	PK_15_12h	viral_read.count	cluster_3
UL42	L	1h	1	C6	C6_1h	LT934125.1	+	539291.217247	C6_1h	0	0			dcDNA	C6_1h	viral_read.count	cluster_3
UL42	L	1h	1	NRK	NRK_1h	LT934125.1	+	575757.575757	NRK_1h	0.0175438596491228	0.0175438596491228			dcDNA	NRK_1h	viral_read.count	cluster_3
UL42	L	1h	1	PC_12	PC_12_1h	LT934125.1	+	443207.126941	PC_12_1h	0.00502512562776655	0.00502512562776655			dcDNA	PC_12_1h	viral_read.count	cluster_3
UL42	L	1h	1	PK_15	PK_15_1h	LT934125.1	+	134502.923971	PK_15_1h	0	0			dcDNA	PK_15_1h	viral_read.count	cluster_3
UL42	L	2.5h	2.5	PC_12	PC_12_2.5h	LT934125.1	+	523316.062167	PC_12_2.5h	0.0396039603947531	0.0396039603947531			dcDNA	PC_12_2.5h	viral_read.count	cluster_3
UL42	L	2h	2	C6	C6_2h	LT934125.1	+	474597.273858	C6_2h	0.0130548302872338	0.0130548302872338			dcDNA	C6_2h	viral_read.count	cluster_3
UL42	L	2h	2	NRK	NRK_2h	LT934125.1	+	559870.55017	NRK_2h	0.0289017341045831	0.0289017341045831			dcDNA	NRK_2h	viral_read.count	cluster_3
UL42	L	2h	2	PC_12	PC_12_2h	LT934125.1	+	501000.667129	PC_12_2h	0.0173102529996571	0.0173102529996571			dcDNA	PC_12_2h	viral_read.count	cluster_3
UL42	L	2h	2	PK_15	PK_15_2h	LT934125.1	+	507241.129629	PK_15_2h	0.0135617416139567	0.0135617416139567			dcDNA	PK_15_2h	viral_read.count	cluster_3
UL42	L	4h	4	C6	C6_4h	LT934125.1	+	528113.505012	C6_4h	0.0179104477602501	0.0179104477602501			dcDNA	C6_4h	viral_read.count	cluster_3
UL42	L	4h	4	PC_12	PC_12_4h	LT934125.1	+	444589.439919	PC_12_4h	0.017836983517748	0.017836983517748			dcDNA	PC_12_4h	viral_read.count	cluster_3
UL42	L	4h	4	PK_15	PK_15_4h	LT934125.1	+	560972.639473	PK_15_4h	0.0179463058135201	0.0179463058135201			dcDNA	PK_15_4h	viral_read.count	cluster_3
UL42	L	6h	6	C6	C6_6h	LT934125.1	+	504527.813725	C6_6h	0.0176068376100309	0.0176068376100309			dcDNA	C6_6h	viral_read.count	cluster_3
UL42	L	6h	6	PC_12	PC_12_6h	LT934125.1	+	516283.780172	PC_12_6h	0.0158476151144516	0.0158476151144516			dcDNA	PC_12_6h	viral_read.count	cluster_3
UL42	L	6h	6	PK_15	PK_15_6h	LT934125.1	+	586746.667283	PK_15_6h	0.0128649183555724	0.0128649183555724			dcDNA	PK_15_6h	viral_read.count	cluster_3
UL42	L	8h	8	C6	C6_8h	LT934125.1	+	571267.150906	C6_8h	0.0114156541394992	0.0114156541394992			dcDNA	C6_8h	viral_read.count	cluster_3
UL42	L	8h	8	PC_12	PC_12_8h	LT934125.1	+	580883.292866	PC_12_8h	0.00990262419430086	0.00990262419430086			dcDNA	PC_12_8h	viral_read.count	cluster_3
UL42	L	8h	8	PK_15	PK_15_8h	LT934125.1	+	617121.127721	PK_15_8h	0.012160366161362	0.012160366161362			dcDNA	PK_15_8h	viral_read.count	cluster_3
UL43	L	0.5h	0.5	PC_12	PC_12_0.5h	LT934125.1	+	451612.903224	PC_12_0.5h	0.0714285714285714	0.0714285714285714			dcDNA	PC_12_0.5h	viral_read.count	cluster_3
UL43	L	1.5h	1.5	PC_12	PC_12_1.5h	LT934125.1	+	515486.725677	PC_12_1.5h	0.0643776824018432	0.0643776824018432			dcDNA	PC_12_1.5h	viral_read.count	cluster_3
UL43	L	12h	12	C6	C6_12h	LT934125.1	+	567351.334736	C6_12h	0.00746995377559492	0.00746995377559492			dcDNA	C6_12h	viral_read.count	cluster_3
UL43	L	12h	12	PC_12	PC_12_12h	LT934125.1	+	639628.140639	PC_12_12h	0.00491943229054382	0.00491943229054382			dcDNA	PC_12_12h	viral_read.count	cluster_3
UL43	L	12h	12	PK_15	PK_15_12h	LT934125.1	+	709931.350122	PK_15_12h	0.00588254254764539	0.00588254254764539			dcDNA	PK_15_12h	viral_read.count	cluster_3
UL43	L	1h	1	C6	C6_1h	LT934125.1	+	539291.217247	C6_1h	0.0342857142869646	0.0342857142869646			dcDNA	C6_1h	viral_read.count	cluster_3
UL43	L	1h	1	NRK	NRK_1h	LT934125.1	+	575757.575757	NRK_1h	0.0526315789473684	0.0526315789473684			dcDNA	NRK_1h	viral_read.count	cluster_3
UL43	L	1h	1	PC_12	PC_12_1h	LT934125.1	+	443207.126941	PC_12_1h	0.0301507537688556	0.0301507537688556			dcDNA	PC_12_1h	viral_read.count	cluster_3
UL43	L	1h	1	PK_15	PK_15_1h	LT934125.1	+	134502.923971	PK_15_1h	0.0217391304342977	0.0217391304342977			dcDNA	PK_15_1h	viral_read.count	cluster_3
UL43	L	2.5h	2.5	PC_12	PC_12_2.5h	LT934125.1	+	523316.062167	PC_12_2.5h	0.0325318246118866	0.0325318246118866			dcDNA	PC_12_2.5h	viral_read.count	cluster_3
UL43	L	2h	2	C6	C6_2h	LT934125.1	+	474597.273858	C6_2h	0.010443864229787	0.010443864229787			dcDNA	C6_2h	viral_read.count	cluster_3
UL43	L	2h	2	NRK	NRK_2h	LT934125.1	+	559870.55017	NRK_2h	0.0462427745666185	0.0462427745666185			dcDNA	NRK_2h	viral_read.count	cluster_3
UL43	L	2h	2	PC_12	PC_12_2h	LT934125.1	+	501000.667129	PC_12_2h	0.0239680426092289	0.0239680426092289			dcDNA	PC_12_2h	viral_read.count	cluster_3
UL43	L	2h	2	PK_15	PK_15_2h	LT934125.1	+	507241.129629	PK_15_2h	0.0335474660965409	0.0335474660965409			dcDNA	PK_15_2h	viral_read.count	cluster_3
UL43	L	4h	4	C6	C6_4h	LT934125.1	+	528113.505012	C6_4h	0.0169154228858378	0.0169154228858378			dcDNA	C6_4h	viral_read.count	cluster_3
UL43	L	4h	4	PC_12	PC_12_4h	LT934125.1	+	444589.439919	PC_12_4h	0.0124181530807521	0.0124181530807521			dcDNA	PC_12_4h	viral_read.count	cluster_3
UL43	L	4h	4	PK_15	PK_15_4h	LT934125.1	+	560972.639473	PK_15_4h	0.0186699471739639	0.0186699471739639			dcDNA	PK_15_4h	viral_read.count	cluster_3
UL43	L	6h	6	C6	C6_6h	LT934125.1	+	504527.813725	C6_6h	0.0211965811994442	0.0211965811994442			dcDNA	C6_6h	viral_read.count	cluster_3
UL43	L	6h	6	PC_12	PC_12_6h	LT934125.1	+	516283.780172	PC_12_6h	0.0129568449289099	0.0129568449289099			dcDNA	PC_12_6h	viral_read.count	cluster_3
UL43	L	6h	6	PK_15	PK_15_6h	LT934125.1	+	586746.667283	PK_15_6h	0.014005717738549	0.014005717738549			dcDNA	PK_15_6h	viral_read.count	cluster_3
UL43	L	8h	8	C6	C6_8h	LT934125.1	+	571267.150906	C6_8h	0.0137892059897142	0.0137892059897142			dcDNA	C6_8h	viral_read.count	cluster_3
UL43	L	8h	8	PC_12	PC_12_8h	LT934125.1	+	580883.292866	PC_12_8h	0.0163393299231787	0.0163393299231787			dcDNA	PC_12_8h	viral_read.count	cluster_3
UL43	L	8h	8	PK_15	PK_15_8h	LT934125.1	+	617121.127721	PK_15_8h	0.0158845227195524	0.0158845227195524			dcDNA	PK_15_8h	viral_read.count	cluster_3
UL44	L	0.5h	0.5	PC_12	PC_12_0.5h	LT934125.1	+	451612.903224	PC_12_0.5h	0	0			dcDNA	PC_12_0.5h	viral_read.count	cluster_10
UL44	L	1.5h	1.5	PC_12	PC_12_1.5h	LT934125.1	+	515486.725677	PC_12_1.5h	0	0			dcDNA	PC_12_1.5h	viral_read.count	cluster_10
UL44	L	12h	12	C6	C6_12h	LT934125.1	+	567351.334736	C6_12h	0.0121910631764327	0.0121910631764327			dcDNA	C6_12h	viral_read.count	cluster_10
UL44	L	12h	12	PC_12	PC_12_12h	LT934125.1	+	639628.140639	PC_12_12h	0.00868637285321657	0.00868637285321657			dcDNA	PC_12_12h	viral_read.count	cluster_10
UL44	L	12h	12	PK_15	PK_15_12h	LT934125.1	+	709931.350122	PK_15_12h	0.0256156523977634	0.0256156523977634			dcDNA	PK_15_12h	viral_read.count	cluster_10
UL44	L	1h	1	C6	C6_1h	LT934125.1	+	539291.217247	C6_1h	0	0			dcDNA	C6_1h	viral_read.count	cluster_10
UL44	L	1h	1	NRK	NRK_1h	LT934125.1	+	575757.575757	NRK_1h	0	0			dcDNA	NRK_1h	viral_read.count	cluster_10
UL44	L	1h	1	PC_12	PC_12_1h	LT934125.1	+	443207.126941	PC_12_1h	0.00502512562776655	0.00502512562776655			dcDNA	PC_12_1h	viral_read.count	cluster_10
UL44	L	1h	1	PK_15	PK_15_1h	LT934125.1	+	134502.923971	PK_15_1h	0	0			dcDNA	PK_15_1h	viral_read.count	cluster_10
UL44	L	2.5h	2.5	PC_12	PC_12_2.5h	LT934125.1	+	523316.062167	PC_12_2.5h	0.00282885431391093	0.00282885431391093			dcDNA	PC_12_2.5h	viral_read.count	cluster_10
UL44	L	2h	2	C6	C6_2h	LT934125.1	+	474597.273858	C6_2h	0	0			dcDNA	C6_2h	viral_read.count	cluster_10
UL44	L	2h	2	NRK	NRK_2h	LT934125.1	+	559870.55017	NRK_2h	0	0			dcDNA	NRK_2h	viral_read.count	cluster_10
UL44	L	2h	2	PC_12	PC_12_2h	LT934125.1	+	501000.667129	PC_12_2h	0	0			dcDNA	PC_12_2h	viral_read.count	cluster_10
UL44	L	2h	2	PK_15	PK_15_2h	LT934125.1	+	507241.129629	PK_15_2h	0.0107066381150365	0.0107066381150365			dcDNA	PK_15_2h	viral_read.count	cluster_10
UL44	L	4h	4	C6	C6_4h	LT934125.1	+	528113.505012	C6_4h	0.00995024875737763	0.00995024875737763			dcDNA	C6_4h	viral_read.count	cluster_10
UL44	L	4h	4	PC_12	PC_12_4h	LT934125.1	+	444589.439919	PC_12_4h	0.0049672612385988	0.0049672612385988			dcDNA	PC_12_4h	viral_read.count	cluster_10
UL44	L	4h	4	PK_15	PK_15_4h	LT934125.1	+	560972.639473	PK_15_4h	0.00180910340824001	0.00180910340824001			dcDNA	PK_15_4h	viral_read.count	cluster_10
UL44	L	6h	6	C6	C6_6h	LT934125.1	+	504527.813725	C6_6h	0.0104273504272403	0.0104273504272403			dcDNA	C6_6h	viral_read.count	cluster_10
UL44	L	6h	6	PC_12	PC_12_6h	LT934125.1	+	516283.780172	PC_12_6h	0.00929176130306053	0.00929176130306053			dcDNA	PC_12_6h	viral_read.count	cluster_10
UL44	L	6h	6	PK_15	PK_15_6h	LT934125.1	+	586746.667283	PK_15_6h	0.00478311067022453	0.00478311067022453			dcDNA	PK_15_6h	viral_read.count	cluster_10
UL44	L	8h	8	C6	C6_8h	LT934125.1	+	571267.150906	C6_8h	0.00497315625884373	0.00497315625884373			dcDNA	C6_8h	viral_read.count	cluster_10
UL44	L	8h	8	PC_12	PC_12_8h	LT934125.1	+	580883.292866	PC_12_8h	0.00990262419602237	0.00990262419602237			dcDNA	PC_12_8h	viral_read.count	cluster_10
UL44	L	8h	8	PK_15	PK_15_8h	LT934125.1	+	617121.127721	PK_15_8h	0.0116628643319662	0.0116628643319662			dcDNA	PK_15_8h	viral_read.count	cluster_10
UL26.5	L	0.5h	0.5	PC_12	PC_12_0.5h	LT934125.1	-	451612.903224	PC_12_0.5h	0.357142857142857	0.357142857142857			dcDNA	PC_12_0.5h	viral_read.count	cluster_3
UL26.5	L	1.5h	1.5	PC_12	PC_12_1.5h	LT934125.1	-	515486.725677	PC_12_1.5h	0.0600858369113616	0.0600858369113616			dcDNA	PC_12_1.5h	viral_read.count	cluster_3
UL26.5	L	12h	12	C6	C6_12h	LT934125.1	-	567351.334736	C6_12h	0.124018489976305	0.124018489976305			dcDNA	C6_12h	viral_read.count	cluster_3
UL26.5	L	12h	12	PC_12	PC_12_12h	LT934125.1	-	639628.140639	PC_12_12h	0.0447550955081518	0.0447550955081518			dcDNA	PC_12_12h	viral_read.count	cluster_3
UL26.5	L	12h	12	PK_15	PK_15_12h	LT934125.1	-	709931.350122	PK_15_12h	0.0569623517260515	0.0569623517260515			dcDNA	PK_15_12h	viral_read.count	cluster_3
UL26.5	L	1h	1	C6	C6_1h	LT934125.1	-	539291.217247	C6_1h	0.12571428571578	0.12571428571578			dcDNA	C6_1h	viral_read.count	cluster_3
UL26.5	L	1h	1	NRK	NRK_1h	LT934125.1	-	575757.575757	NRK_1h	0.0526315789473684	0.0526315789473684			dcDNA	NRK_1h	viral_read.count	cluster_3
UL26.5	L	1h	1	PC_12	PC_12_1h	LT934125.1	-	443207.126941	PC_12_1h	0.0502512562821781	0.0502512562821781			dcDNA	PC_12_1h	viral_read.count	cluster_3
UL26.5	L	1h	1	PK_15	PK_15_1h	LT934125.1	-	134502.923971	PK_15_1h	0.0434782608685955	0.0434782608685955			dcDNA	PK_15_1h	viral_read.count	cluster_3
UL26.5	L	2.5h	2.5	PC_12	PC_12_2.5h	LT934125.1	-	523316.062167	PC_12_2.5h	0.0664780763788178	0.0664780763788178			dcDNA	PC_12_2.5h	viral_read.count	cluster_3
UL26.5	L	2h	2	C6	C6_2h	LT934125.1	-	474597.273858	C6_2h	0.146214099214911	0.146214099214911			dcDNA	C6_2h	viral_read.count	cluster_3
UL26.5	L	2h	2	NRK	NRK_2h	LT934125.1	-	559870.55017	NRK_2h	0.0578034682073801	0.0578034682073801			dcDNA	NRK_2h	viral_read.count	cluster_3
UL26.5	L	2h	2	PC_12	PC_12_2h	LT934125.1	-	501000.667129	PC_12_2h	0.0758988015982203	0.0758988015982203			dcDNA	PC_12_2h	viral_read.count	cluster_3
UL26.5	L	2h	2	PK_15	PK_15_2h	LT934125.1	-	507241.129629	PK_15_2h	0.0606709493185399	0.0606709493185399			dcDNA	PK_15_2h	viral_read.count	cluster_3
UL26.5	L	4h	4	C6	C6_4h	LT934125.1	-	528113.505012	C6_4h	0.0796019900457664	0.0796019900457664			dcDNA	C6_4h	viral_read.count	cluster_3
UL26.5	L	4h	4	PC_12	PC_12_4h	LT934125.1	-	444589.439919	PC_12_4h	0.0539625197538902	0.0539625197538902			dcDNA	PC_12_4h	viral_read.count	cluster_3
UL26.5	L	4h	4	PK_15	PK_15_4h	LT934125.1	-	560972.639473	PK_15_4h	0.0509443519773935	0.0509443519773935			dcDNA	PK_15_4h	viral_read.count	cluster_3
UL26.5	L	6h	6	C6	C6_6h	LT934125.1	-	504527.813725	C6_6h	0.0770940170925856	0.0770940170925856			dcDNA	C6_6h	viral_read.count	cluster_3
UL26.5	L	6h	6	PC_12	PC_12_6h	LT934125.1	-	516283.780172	PC_12_6h	0.0515692752465129	0.0515692752465129			dcDNA	PC_12_6h	viral_read.count	cluster_3
UL26.5	L	6h	6	PK_15	PK_15_6h	LT934125.1	-	586746.667283	PK_15_6h	0.0468140084650053	0.0468140084650053			dcDNA	PK_15_6h	viral_read.count	cluster_3
UL26.5	L	8h	8	C6	C6_8h	LT934125.1	-	571267.150906	C6_8h	0.0756710935285566	0.0756710935285566			dcDNA	C6_8h	viral_read.count	cluster_3
UL26.5	L	8h	8	PC_12	PC_12_8h	LT934125.1	-	580883.292866	PC_12_8h	0.0494581063973334	0.0494581063973334			dcDNA	PC_12_8h	viral_read.count	cluster_3
UL26.5	L	8h	8	PK_15	PK_15_8h	LT934125.1	-	617121.127721	PK_15_8h	0.0562177068027474	0.0562177068027474			dcDNA	PK_15_8h	viral_read.count	cluster_3
UL26	L	0.5h	0.5	PC_12	PC_12_0.5h	LT934125.1	-	451612.903224	PC_12_0.5h	0	0			dcDNA	PC_12_0.5h	viral_read.count	cluster_1
UL26	L	1.5h	1.5	PC_12	PC_12_1.5h	LT934125.1	-	515486.725677	PC_12_1.5h	0	0			dcDNA	PC_12_1.5h	viral_read.count	cluster_1
UL26	L	12h	12	C6	C6_12h	LT934125.1	-	567351.334736	C6_12h	0.0138058551614138	0.0138058551614138			dcDNA	C6_12h	viral_read.count	cluster_1
UL26	L	12h	12	PC_12	PC_12_12h	LT934125.1	-	639628.140639	PC_12_12h	0.00506882936820294	0.00506882936820294			dcDNA	PC_12_12h	viral_read.count	cluster_1
UL26	L	12h	12	PK_15	PK_15_12h	LT934125.1	-	709931.350122	PK_15_12h	0.00660778751803798	0.00660778751803798			dcDNA	PK_15_12h	viral_read.count	cluster_1
UL26	L	1h	1	C6	C6_1h	LT934125.1	-	539291.217247	C6_1h	0.00285714285662896	0.00285714285662896			dcDNA	C6_1h	viral_read.count	cluster_1
UL26	L	1h	1	NRK	NRK_1h	LT934125.1	-	575757.575757	NRK_1h	0	0			dcDNA	NRK_1h	viral_read.count	cluster_1
UL26	L	1h	1	PC_12	PC_12_1h	LT934125.1	-	443207.126941	PC_12_1h	0.00502512562776655	0.00502512562776655			dcDNA	PC_12_1h	viral_read.count	cluster_1
UL26	L	1h	1	PK_15	PK_15_1h	LT934125.1	-	134502.923971	PK_15_1h	0	0			dcDNA	PK_15_1h	viral_read.count	cluster_1
UL26	L	2.5h	2.5	PC_12	PC_12_2.5h	LT934125.1	-	523316.062167	PC_12_2.5h	0.00141442715695547	0.00141442715695547			dcDNA	PC_12_2.5h	viral_read.count	cluster_1
UL26	L	2h	2	C6	C6_2h	LT934125.1	-	474597.273858	C6_2h	0.00522193211489351	0.00522193211489351			dcDNA	C6_2h	viral_read.count	cluster_1
UL26	L	2h	2	NRK	NRK_2h	LT934125.1	-	559870.55017	NRK_2h	0	0			dcDNA	NRK_2h	viral_read.count	cluster_1
UL26	L	2h	2	PC_12	PC_12_2h	LT934125.1	-	501000.667129	PC_12_2h	0.00399467376853749	0.00399467376853749			dcDNA	PC_12_2h	viral_read.count	cluster_1
UL26	L	2h	2	PK_15	PK_15_2h	LT934125.1	-	507241.129629	PK_15_2h	0.00285510349694877	0.00285510349694877			dcDNA	PK_15_2h	viral_read.count	cluster_1
UL26	L	4h	4	C6	C6_4h	LT934125.1	-	528113.505012	C6_4h	0.00895522388107181	0.00895522388107181			dcDNA	C6_4h	viral_read.count	cluster_1
UL26	L	4h	4	PC_12	PC_12_4h	LT934125.1	-	444589.439919	PC_12_4h	0.012192368480429	0.012192368480429			dcDNA	PC_12_4h	viral_read.count	cluster_1
UL26	L	4h	4	PK_15	PK_15_4h	LT934125.1	-	560972.639473	PK_15_4h	0.00419711990982641	0.00419711990982641			dcDNA	PK_15_4h	viral_read.count	cluster_1
UL26	L	6h	6	C6	C6_6h	LT934125.1	-	504527.813725	C6_6h	0.00940170940225997	0.00940170940225997			dcDNA	C6_6h	viral_read.count	cluster_1
UL26	L	6h	6	PC_12	PC_12_6h	LT934125.1	-	516283.780172	PC_12_6h	0.00965310757455844	0.00965310757455844			dcDNA	PC_12_6h	viral_read.count	cluster_1
UL26	L	6h	6	PK_15	PK_15_6h	LT934125.1	-	586746.667283	PK_15_6h	0.0045631975387235	0.0045631975387235			dcDNA	PK_15_6h	viral_read.count	cluster_1
UL26	L	8h	8	C6	C6_8h	LT934125.1	-	571267.150906	C6_8h	0.00548177451308641	0.00548177451308641			dcDNA	C6_8h	viral_read.count	cluster_1
UL26	L	8h	8	PC_12	PC_12_8h	LT934125.1	-	580883.292866	PC_12_8h	0.00671177862211193	0.00671177862211193			dcDNA	PC_12_8h	viral_read.count	cluster_1
UL26	L	8h	8	PK_15	PK_15_8h	LT934125.1	-	617121.127721	PK_15_8h	0.00654570264984713	0.00654570264984713			dcDNA	PK_15_8h	viral_read.count	cluster_1
UL25	L	0.5h	0.5	PC_12	PC_12_0.5h	LT934125.1	-	451612.903224	PC_12_0.5h	0	0			dcDNA	PC_12_0.5h	viral_read.count	cluster_1
UL25	L	1.5h	1.5	PC_12	PC_12_1.5h	LT934125.1	-	515486.725677	PC_12_1.5h	0	0			dcDNA	PC_12_1.5h	viral_read.count	cluster_1
UL25	L	12h	12	C6	C6_12h	LT934125.1	-	567351.334736	C6_12h	0.00251463790362609	0.00251463790362609			dcDNA	C6_12h	viral_read.count	cluster_1
UL25	L	12h	12	PC_12	PC_12_12h	LT934125.1	-	639628.140639	PC_12_12h	0.000907053677188738	0.000907053677188738			dcDNA	PC_12_12h	viral_read.count	cluster_1
UL25	L	12h	12	PK_15	PK_15_12h	LT934125.1	-	709931.350122	PK_15_12h	0.000670448686226077	0.000670448686226077			dcDNA	PK_15_12h	viral_read.count	cluster_1
UL25	L	1h	1	C6	C6_1h	LT934125.1	-	539291.217247	C6_1h	0	0			dcDNA	C6_1h	viral_read.count	cluster_1
UL25	L	1h	1	NRK	NRK_1h	LT934125.1	-	575757.575757	NRK_1h	0	0			dcDNA	NRK_1h	viral_read.count	cluster_1
UL25	L	1h	1	PC_12	PC_12_1h	LT934125.1	-	443207.126941	PC_12_1h	0	0			dcDNA	PC_12_1h	viral_read.count	cluster_1
UL25	L	1h	1	PK_15	PK_15_1h	LT934125.1	-	134502.923971	PK_15_1h	0	0			dcDNA	PK_15_1h	viral_read.count	cluster_1
UL25	L	2.5h	2.5	PC_12	PC_12_2.5h	LT934125.1	-	523316.062167	PC_12_2.5h	0	0			dcDNA	PC_12_2.5h	viral_read.count	cluster_1
UL25	L	2h	2	C6	C6_2h	LT934125.1	-	474597.273858	C6_2h	0	0			dcDNA	C6_2h	viral_read.count	cluster_1
UL25	L	2h	2	NRK	NRK_2h	LT934125.1	-	559870.55017	NRK_2h	0	0			dcDNA	NRK_2h	viral_read.count	cluster_1
UL25	L	2h	2	PC_12	PC_12_2h	LT934125.1	-	501000.667129	PC_12_2h	0	0			dcDNA	PC_12_2h	viral_read.count	cluster_1
UL25	L	2h	2	PK_15	PK_15_2h	LT934125.1	-	507241.129629	PK_15_2h	0.000713775874730054	0.000713775874730054			dcDNA	PK_15_2h	viral_read.count	cluster_1
UL25	L	4h	4	C6	C6_4h	LT934125.1	-	528113.505012	C6_4h	0.00199004975261165	0.00199004975261165			dcDNA	C6_4h	viral_read.count	cluster_1
UL25	L	4h	4	PC_12	PC_12_4h	LT934125.1	-	444589.439919	PC_12_4h	0.000903138408040358	0.000903138408040358			dcDNA	PC_12_4h	viral_read.count	cluster_1
UL25	L	4h	4	PK_15	PK_15_4h	LT934125.1	-	560972.639473	PK_15_4h	0.000144728274227905	0.000144728274227905			dcDNA	PK_15_4h	viral_read.count	cluster_1
UL25	L	6h	6	C6	C6_6h	LT934125.1	-	504527.813725	C6_6h	0.00290598290543234	0.00290598290543234			dcDNA	C6_6h	viral_read.count	cluster_1
UL25	L	6h	6	PC_12	PC_12_6h	LT934125.1	-	516283.780172	PC_12_6h	0.000722692546869663	0.000722692546869663			dcDNA	PC_12_6h	viral_read.count	cluster_1
UL25	L	6h	6	PK_15	PK_15_6h	LT934125.1	-	586746.667283	PK_15_6h	0.00086590796561772	0.00086590796561772			dcDNA	PK_15_6h	viral_read.count	cluster_1
UL25	L	8h	8	C6	C6_8h	LT934125.1	-	571267.150906	C6_8h	0.00107374964590067	0.00107374964590067			dcDNA	C6_8h	viral_read.count	cluster_1
UL25	L	8h	8	PC_12	PC_12_8h	LT934125.1	-	580883.292866	PC_12_8h	0.00137536447133503	0.00137536447133503			dcDNA	PC_12_8h	viral_read.count	cluster_1
UL25	L	8h	8	PK_15	PK_15_8h	LT934125.1	-	617121.127721	PK_15_8h	0.00120821873131055	0.00120821873131055			dcDNA	PK_15_8h	viral_read.count	cluster_1
UL24	L	0.5h	0.5	PC_12	PC_12_0.5h	LT934125.1	-	451612.903224	PC_12_0.5h	0	0			dcDNA	PC_12_0.5h	viral_read.count	cluster_9
UL24	L	1.5h	1.5	PC_12	PC_12_1.5h	LT934125.1	-	515486.725677	PC_12_1.5h	0	0			dcDNA	PC_12_1.5h	viral_read.count	cluster_9
UL24	L	12h	12	C6	C6_12h	LT934125.1	-	567351.334736	C6_12h	0.00210785824546703	0.00210785824546703			dcDNA	C6_12h	viral_read.count	cluster_9
UL24	L	12h	12	PC_12	PC_12_12h	LT934125.1	-	639628.140639	PC_12_12h	0.00113114928976889	0.00113114928976889			dcDNA	PC_12_12h	viral_read.count	cluster_9
UL24	L	12h	12	PK_15	PK_15_12h	LT934125.1	-	709931.350122	PK_15_12h	0.000393243939645748	0.000393243939645748			dcDNA	PK_15_12h	viral_read.count	cluster_9
UL24	L	1h	1	C6	C6_1h	LT934125.1	-	539291.217247	C6_1h	0	0			dcDNA	C6_1h	viral_read.count	cluster_9
UL24	L	1h	1	NRK	NRK_1h	LT934125.1	-	575757.575757	NRK_1h	0	0			dcDNA	NRK_1h	viral_read.count	cluster_9
UL24	L	1h	1	PC_12	PC_12_1h	LT934125.1	-	443207.126941	PC_12_1h	0	0			dcDNA	PC_12_1h	viral_read.count	cluster_9
UL24	L	1h	1	PK_15	PK_15_1h	LT934125.1	-	134502.923971	PK_15_1h	0	0			dcDNA	PK_15_1h	viral_read.count	cluster_9
UL24	L	2.5h	2.5	PC_12	PC_12_2.5h	LT934125.1	-	523316.062167	PC_12_2.5h	0	0			dcDNA	PC_12_2.5h	viral_read.count	cluster_9
UL24	L	2h	2	C6	C6_2h	LT934125.1	-	474597.273858	C6_2h	0	0			dcDNA	C6_2h	viral_read.count	cluster_9
UL24	L	2h	2	NRK	NRK_2h	LT934125.1	-	559870.55017	NRK_2h	0	0			dcDNA	NRK_2h	viral_read.count	cluster_9
UL24	L	2h	2	PC_12	PC_12_2h	LT934125.1	-	501000.667129	PC_12_2h	0	0			dcDNA	PC_12_2h	viral_read.count	cluster_9
UL24	L	2h	2	PK_15	PK_15_2h	LT934125.1	-	507241.129629	PK_15_2h	0	0			dcDNA	PK_15_2h	viral_read.count	cluster_9
UL24	L	4h	4	C6	C6_4h	LT934125.1	-	528113.505012	C6_4h	0.000995024876305823	0.000995024876305823			dcDNA	C6_4h	viral_read.count	cluster_9
UL24	L	4h	4	PC_12	PC_12_4h	LT934125.1	-	444589.439919	PC_12_4h	0.000903138408040358	0.000903138408040358			dcDNA	PC_12_4h	viral_read.count	cluster_9
UL24	L	4h	4	PK_15	PK_15_4h	LT934125.1	-	560972.639473	PK_15_4h	0.00137491859090415	0.00137491859090415			dcDNA	PK_15_4h	viral_read.count	cluster_9
UL24	L	6h	6	C6	C6_6h	LT934125.1	-	504527.813725	C6_6h	0.000683760683980912	0.000683760683980912			dcDNA	C6_6h	viral_read.count	cluster_9
UL24	L	6h	6	PC_12	PC_12_6h	LT934125.1	-	516283.780172	PC_12_6h	0.000877555234931185	0.000877555234931185			dcDNA	PC_12_6h	viral_read.count	cluster_9
UL24	L	6h	6	PK_15	PK_15_6h	LT934125.1	-	586746.667283	PK_15_6h	0.00122326681005896	0.00122326681005896			dcDNA	PK_15_6h	viral_read.count	cluster_9
UL24	L	8h	8	C6	C6_8h	LT934125.1	-	571267.150906	C6_8h	0	0			dcDNA	C6_8h	viral_read.count	cluster_9
UL24	L	8h	8	PC_12	PC_12_8h	LT934125.1	-	580883.292866	PC_12_8h	0.00082521868486684	0.00082521868486684			dcDNA	PC_12_8h	viral_read.count	cluster_9
UL24	L	8h	8	PK_15	PK_15_8h	LT934125.1	-	617121.127721	PK_15_8h	0.0010945040262912	0.0010945040262912			dcDNA	PK_15_8h	viral_read.count	cluster_9
UL23	L	0.5h	0.5	PC_12	PC_12_0.5h	LT934125.1	+	451612.903224	PC_12_0.5h	0	0			dcDNA	PC_12_0.5h	viral_read.count	cluster_5
UL23	L	1.5h	1.5	PC_12	PC_12_1.5h	LT934125.1	+	515486.725677	PC_12_1.5h	0.103004291843337	0.103004291843337			dcDNA	PC_12_1.5h	viral_read.count	cluster_5
UL23	L	12h	12	C6	C6_12h	LT934125.1	+	567351.334736	C6_12h	0.0062619414505355	0.0062619414505355			dcDNA	C6_12h	viral_read.count	cluster_5
UL23	L	12h	12	PC_12	PC_12_12h	LT934125.1	+	639628.140639	PC_12_12h	0.00307331127901308	0.00307331127901308			dcDNA	PC_12_12h	viral_read.count	cluster_5
UL23	L	12h	12	PK_15	PK_15_12h	LT934125.1	+	709931.350122	PK_15_12h	0.00170513151136652	0.00170513151136652			dcDNA	PK_15_12h	viral_read.count	cluster_5
UL23	L	1h	1	C6	C6_1h	LT934125.1	+	539291.217247	C6_1h	0.0542857142852216	0.0542857142852216			dcDNA	C6_1h	viral_read.count	cluster_5
UL23	L	1h	1	NRK	NRK_1h	LT934125.1	+	575757.575757	NRK_1h	0.105263157894737	0.105263157894737			dcDNA	NRK_1h	viral_read.count	cluster_5
UL23	L	1h	1	PC_12	PC_12_1h	LT934125.1	+	443207.126941	PC_12_1h	0.0603015075377111	0.0603015075377111			dcDNA	PC_12_1h	viral_read.count	cluster_5
UL23	L	1h	1	PK_15	PK_15_1h	LT934125.1	+	134502.923971	PK_15_1h	0.0434782608685955	0.0434782608685955			dcDNA	PK_15_1h	viral_read.count	cluster_5
UL23	L	2.5h	2.5	PC_12	PC_12_2.5h	LT934125.1	+	523316.062167	PC_12_2.5h	0.0495049504953522	0.0495049504953522			dcDNA	PC_12_2.5h	viral_read.count	cluster_5
UL23	L	2h	2	C6	C6_2h	LT934125.1	+	474597.273858	C6_2h	0.161879895561699	0.161879895561699			dcDNA	C6_2h	viral_read.count	cluster_5
UL23	L	2h	2	NRK	NRK_2h	LT934125.1	+	559870.55017	NRK_2h	0.0693641618499278	0.0693641618499278			dcDNA	NRK_2h	viral_read.count	cluster_5
UL23	L	2h	2	PC_12	PC_12_2h	LT934125.1	+	501000.667129	PC_12_2h	0.0452729693714356	0.0452729693714356			dcDNA	PC_12_2h	viral_read.count	cluster_5
UL23	L	2h	2	PK_15	PK_15_2h	LT934125.1	+	507241.129629	PK_15_2h	0.0292648108481606	0.0292648108481606			dcDNA	PK_15_2h	viral_read.count	cluster_5
UL23	L	4h	4	C6	C6_4h	LT934125.1	+	528113.505012	C6_4h	0.023880597014298	0.023880597014298			dcDNA	C6_4h	viral_read.count	cluster_5
UL23	L	4h	4	PC_12	PC_12_4h	LT934125.1	+	444589.439919	PC_12_4h	0	0			dcDNA	PC_12_4h	viral_read.count	cluster_5
UL23	L	4h	4	PK_15	PK_15_4h	LT934125.1	+	560972.639473	PK_15_4h	0.0281496490324998	0.0281496490324998			dcDNA	PK_15_4h	viral_read.count	cluster_5
UL23	L	6h	6	C6	C6_6h	LT934125.1	+	504527.813725	C6_6h	0	0			dcDNA	C6_6h	viral_read.count	cluster_5
UL23	L	6h	6	PC_12	PC_12_6h	LT934125.1	+	516283.780172	PC_12_6h	0	0			dcDNA	PC_12_6h	viral_read.count	cluster_5
UL23	L	6h	6	PK_15	PK_15_6h	LT934125.1	+	586746.667283	PK_15_6h	0	0			dcDNA	PK_15_6h	viral_read.count	cluster_5
UL23	L	8h	8	C6	C6_8h	LT934125.1	+	571267.150906	C6_8h	0.0148629556373654	0.0148629556373654			dcDNA	C6_8h	viral_read.count	cluster_5
UL23	L	8h	8	PC_12	PC_12_8h	LT934125.1	+	580883.292866	PC_12_8h	0.0100676679305856	0.0100676679305856			dcDNA	PC_12_8h	viral_read.count	cluster_5
UL23	L	8h	8	PK_15	PK_15_8h	LT934125.1	+	617121.127721	PK_15_8h	0.00749806329445904	0.00749806329445904			dcDNA	PK_15_8h	viral_read.count	cluster_5
UL22	L	0.5h	0.5	PC_12	PC_12_0.5h	LT934125.1	+	451612.903224	PC_12_0.5h	0	0			dcDNA	PC_12_0.5h	viral_read.count	cluster_11
UL22	L	1.5h	1.5	PC_12	PC_12_1.5h	LT934125.1	+	515486.725677	PC_12_1.5h	0	0			dcDNA	PC_12_1.5h	viral_read.count	cluster_11
UL22	L	12h	12	C6	C6_12h	LT934125.1	+	567351.334736	C6_12h	0.00278582434592396	0.00278582434592396			dcDNA	C6_12h	viral_read.count	cluster_11
UL22	L	12h	12	PC_12	PC_12_12h	LT934125.1	+	639628.140639	PC_12_12h	0.00199551808918986	0.00199551808918986			dcDNA	PC_12_12h	viral_read.count	cluster_11
UL22	L	12h	12	PK_15	PK_15_12h	LT934125.1	+	709931.350122	PK_15_12h	0.00129254770597511	0.00129254770597511			dcDNA	PK_15_12h	viral_read.count	cluster_11
UL22	L	1h	1	C6	C6_1h	LT934125.1	+	539291.217247	C6_1h	0	0			dcDNA	C6_1h	viral_read.count	cluster_11
UL22	L	1h	1	NRK	NRK_1h	LT934125.1	+	575757.575757	NRK_1h	0	0			dcDNA	NRK_1h	viral_read.count	cluster_11
UL22	L	1h	1	PC_12	PC_12_1h	LT934125.1	+	443207.126941	PC_12_1h	0.00502512562776655	0.00502512562776655			dcDNA	PC_12_1h	viral_read.count	cluster_11
UL22	L	1h	1	PK_15	PK_15_1h	LT934125.1	+	134502.923971	PK_15_1h	0	0			dcDNA	PK_15_1h	viral_read.count	cluster_11
UL22	L	2.5h	2.5	PC_12	PC_12_2.5h	LT934125.1	+	523316.062167	PC_12_2.5h	0	0			dcDNA	PC_12_2.5h	viral_read.count	cluster_11
UL22	L	2h	2	C6	C6_2h	LT934125.1	+	474597.273858	C6_2h	0.00522193211489351	0.00522193211489351			dcDNA	C6_2h	viral_read.count	cluster_11
UL22	L	2h	2	NRK	NRK_2h	LT934125.1	+	559870.55017	NRK_2h	0	0			dcDNA	NRK_2h	viral_read.count	cluster_11
UL22	L	2h	2	PC_12	PC_12_2h	LT934125.1	+	501000.667129	PC_12_2h	0.00399467376853749	0.00399467376853749			dcDNA	PC_12_2h	viral_read.count	cluster_11
UL22	L	2h	2	PK_15	PK_15_2h	LT934125.1	+	507241.129629	PK_15_2h	0.00571020699586898	0.00571020699586898			dcDNA	PK_15_2h	viral_read.count	cluster_11
UL22	L	4h	4	C6	C6_4h	LT934125.1	+	528113.505012	C6_4h	0.00398009950332976	0.00398009950332976			dcDNA	C6_4h	viral_read.count	cluster_11
UL22	L	4h	4	PC_12	PC_12_4h	LT934125.1	+	444589.439919	PC_12_4h	0.00496726123634954	0.00496726123634954			dcDNA	PC_12_4h	viral_read.count	cluster_11
UL22	L	4h	4	PK_15	PK_15_4h	LT934125.1	+	560972.639473	PK_15_4h	0.00123019031667625	0.00123019031667625			dcDNA	PK_15_4h	viral_read.count	cluster_11
UL22	L	6h	6	C6	C6_6h	LT934125.1	+	504527.813725	C6_6h	0.00410256410388547	0.00410256410388547			dcDNA	C6_6h	viral_read.count	cluster_11
UL22	L	6h	6	PC_12	PC_12_6h	LT934125.1	+	516283.780172	PC_12_6h	0.00289077018360481	0.00289077018360481			dcDNA	PC_12_6h	viral_read.count	cluster_11
UL22	L	6h	6	PK_15	PK_15_6h	LT934125.1	+	586746.667283	PK_15_6h	0.00185551707185904	0.00185551707185904			dcDNA	PK_15_6h	viral_read.count	cluster_11
UL22	L	8h	8	C6	C6_8h	LT934125.1	+	571267.150906	C6_8h	0.00192144673338764	0.00192144673338764			dcDNA	C6_8h	viral_read.count	cluster_11
UL22	L	8h	8	PC_12	PC_12_8h	LT934125.1	+	580883.292866	PC_12_8h	0.0030258018393472	0.0030258018393472			dcDNA	PC_12_8h	viral_read.count	cluster_11
UL22	L	8h	8	PK_15	PK_15_8h	LT934125.1	+	617121.127721	PK_15_8h	0.00246618764556067	0.00246618764556067			dcDNA	PK_15_8h	viral_read.count	cluster_11
CTO-S	L	0.5h	0.5	PC_12	PC_12_0.5h	LT934125.1	-	451612.903224	PC_12_0.5h	0	0			dcDNA	PC_12_0.5h	viral_read.count	cluster_1
CTO-S	L	1.5h	1.5	PC_12	PC_12_1.5h	LT934125.1	-	515486.725677	PC_12_1.5h	0.0429184549358554	0.0429184549358554			dcDNA	PC_12_1.5h	viral_read.count	cluster_1
CTO-S	L	12h	12	C6	C6_12h	LT934125.1	-	567351.334736	C6_12h	0.110126348224903	0.110126348224903			dcDNA	C6_12h	viral_read.count	cluster_1
CTO-S	L	12h	12	PC_12	PC_12_12h	LT934125.1	-	639628.140639	PC_12_12h	0.490417244689427	0.490417244689427			dcDNA	PC_12_12h	viral_read.count	cluster_1
CTO-S	L	12h	12	PK_15	PK_15_12h	LT934125.1	-	709931.350122	PK_15_12h	0.49007864878514	0.49007864878514			dcDNA	PK_15_12h	viral_read.count	cluster_1
CTO-S	L	1h	1	C6	C6_1h	LT934125.1	-	539291.217247	C6_1h	0.0257142857133692	0.0257142857133692			dcDNA	C6_1h	viral_read.count	cluster_1
CTO-S	L	1h	1	NRK	NRK_1h	LT934125.1	-	575757.575757	NRK_1h	0.0350877192982456	0.0350877192982456			dcDNA	NRK_1h	viral_read.count	cluster_1
CTO-S	L	1h	1	PC_12	PC_12_1h	LT934125.1	-	443207.126941	PC_12_1h	0.0502512562821781	0.0502512562821781			dcDNA	PC_12_1h	viral_read.count	cluster_1
CTO-S	L	1h	1	PK_15	PK_15_1h	LT934125.1	-	134502.923971	PK_15_1h	0	0			dcDNA	PK_15_1h	viral_read.count	cluster_1
CTO-S	L	2.5h	2.5	PC_12	PC_12_2.5h	LT934125.1	-	523316.062167	PC_12_2.5h	0.134370579916502	0.134370579916502			dcDNA	PC_12_2.5h	viral_read.count	cluster_1
CTO-S	L	2h	2	C6	C6_2h	LT934125.1	-	474597.273858	C6_2h	0.11227154047021	0.11227154047021			dcDNA	C6_2h	viral_read.count	cluster_1
CTO-S	L	2h	2	NRK	NRK_2h	LT934125.1	-	559870.55017	NRK_2h	0.0231213872833093	0.0231213872833093			dcDNA	NRK_2h	viral_read.count	cluster_1
CTO-S	L	2h	2	PC_12	PC_12_2h	LT934125.1	-	501000.667129	PC_12_2h	0.0585885485985632	0.0585885485985632			dcDNA	PC_12_2h	viral_read.count	cluster_1
CTO-S	L	2h	2	PK_15	PK_15_2h	LT934125.1	-	507241.129629	PK_15_2h	0.32976445395574	0.32976445395574			dcDNA	PK_15_2h	viral_read.count	cluster_1
CTO-S	L	4h	4	C6	C6_4h	LT934125.1	-	528113.505012	C6_4h	0.162189054722344	0.162189054722344			dcDNA	C6_4h	viral_read.count	cluster_1
CTO-S	L	4h	4	PC_12	PC_12_4h	LT934125.1	-	444589.439919	PC_12_4h	0.332580717960685	0.332580717960685			dcDNA	PC_12_4h	viral_read.count	cluster_1
CTO-S	L	4h	4	PK_15	PK_15_4h	LT934125.1	-	560972.639473	PK_15_4h	0.271799696053338	0.271799696053338			dcDNA	PK_15_4h	viral_read.count	cluster_1
CTO-S	L	6h	6	C6	C6_6h	LT934125.1	-	504527.813725	C6_6h	0.298803418796592	0.298803418796592			dcDNA	C6_6h	viral_read.count	cluster_1
CTO-S	L	6h	6	PC_12	PC_12_6h	LT934125.1	-	516283.780172	PC_12_6h	0.341214123485172	0.341214123485172			dcDNA	PC_12_6h	viral_read.count	cluster_1
CTO-S	L	6h	6	PK_15	PK_15_6h	LT934125.1	-	586746.667283	PK_15_6h	0.457914123940665	0.457914123940665			dcDNA	PK_15_6h	viral_read.count	cluster_1
CTO-S	L	8h	8	C6	C6_8h	LT934125.1	-	571267.150906	C6_8h	0.310878779324776	0.310878779324776			dcDNA	C6_8h	viral_read.count	cluster_1
CTO-S	L	8h	8	PC_12	PC_12_8h	LT934125.1	-	580883.292866	PC_12_8h	0.377840127625483	0.377840127625483			dcDNA	PC_12_8h	viral_read.count	cluster_1
CTO-S	L	8h	8	PK_15	PK_15_8h	LT934125.1	-	617121.127721	PK_15_8h	0.38218801305022	0.38218801305022			dcDNA	PK_15_8h	viral_read.count	cluster_1
CTO-M	L	0.5h	0.5	PC_12	PC_12_0.5h	LT934125.1	-	451612.903224	PC_12_0.5h	0	0			dcDNA	PC_12_0.5h	viral_read.count	cluster_10
CTO-M	L	1.5h	1.5	PC_12	PC_12_1.5h	LT934125.1	-	515486.725677	PC_12_1.5h	0	0			dcDNA	PC_12_1.5h	viral_read.count	cluster_10
CTO-M	L	12h	12	C6	C6_12h	LT934125.1	-	567351.334736	C6_12h	0.000517719568134405	0.000517719568134405			dcDNA	C6_12h	viral_read.count	cluster_10
CTO-M	L	12h	12	PC_12	PC_12_12h	LT934125.1	-	639628.140639	PC_12_12h	0.00102443709300436	0.00102443709300436			dcDNA	PC_12_12h	viral_read.count	cluster_10
CTO-M	L	12h	12	PK_15	PK_15_12h	LT934125.1	-	709931.350122	PK_15_12h	0.000776817947122955	0.000776817947122955			dcDNA	PK_15_12h	viral_read.count	cluster_10
CTO-M	L	1h	1	C6	C6_1h	LT934125.1	-	539291.217247	C6_1h	0	0			dcDNA	C6_1h	viral_read.count	cluster_10
CTO-M	L	1h	1	NRK	NRK_1h	LT934125.1	-	575757.575757	NRK_1h	0	0			dcDNA	NRK_1h	viral_read.count	cluster_10
CTO-M	L	1h	1	PC_12	PC_12_1h	LT934125.1	-	443207.126941	PC_12_1h	0	0			dcDNA	PC_12_1h	viral_read.count	cluster_10
CTO-M	L	1h	1	PK_15	PK_15_1h	LT934125.1	-	134502.923971	PK_15_1h	0	0			dcDNA	PK_15_1h	viral_read.count	cluster_10
CTO-M	L	2.5h	2.5	PC_12	PC_12_2.5h	LT934125.1	-	523316.062167	PC_12_2.5h	0	0			dcDNA	PC_12_2.5h	viral_read.count	cluster_10
CTO-M	L	2h	2	C6	C6_2h	LT934125.1	-	474597.273858	C6_2h	0	0			dcDNA	C6_2h	viral_read.count	cluster_10
CTO-M	L	2h	2	NRK	NRK_2h	LT934125.1	-	559870.55017	NRK_2h	0	0			dcDNA	NRK_2h	viral_read.count	cluster_10
CTO-M	L	2h	2	PC_12	PC_12_2h	LT934125.1	-	501000.667129	PC_12_2h	0	0			dcDNA	PC_12_2h	viral_read.count	cluster_10
CTO-M	L	2h	2	PK_15	PK_15_2h	LT934125.1	-	507241.129629	PK_15_2h	0	0			dcDNA	PK_15_2h	viral_read.count	cluster_10
CTO-M	L	4h	4	C6	C6_4h	LT934125.1	-	528113.505012	C6_4h	0.000995024876305823	0.000995024876305823			dcDNA	C6_4h	viral_read.count	cluster_10
CTO-M	L	4h	4	PC_12	PC_12_4h	LT934125.1	-	444589.439919	PC_12_4h	0.000225784602572406	0.000225784602572406			dcDNA	PC_12_4h	viral_read.count	cluster_10
CTO-M	L	4h	4	PK_15	PK_15_4h	LT934125.1	-	560972.639473	PK_15_4h	0	0			dcDNA	PK_15_4h	viral_read.count	cluster_10
CTO-M	L	6h	6	C6	C6_6h	LT934125.1	-	504527.813725	C6_6h	0.000512820512490171	0.000512820512490171			dcDNA	C6_6h	viral_read.count	cluster_10
CTO-M	L	6h	6	PC_12	PC_12_6h	LT934125.1	-	516283.780172	PC_12_6h	5.16208953748677e-05	5.16208953748677e-05			dcDNA	PC_12_6h	viral_read.count	cluster_10
CTO-M	L	6h	6	PK_15	PK_15_6h	LT934125.1	-	586746.667283	PK_15_6h	0	0			dcDNA	PK_15_6h	viral_read.count	cluster_10
CTO-M	L	8h	8	C6	C6_8h	LT934125.1	-	571267.150906	C6_8h	0.000678157669989582	0.000678157669989582			dcDNA	C6_8h	viral_read.count	cluster_10
CTO-M	L	8h	8	PC_12	PC_12_8h	LT934125.1	-	580883.292866	PC_12_8h	0	0			dcDNA	PC_12_8h	viral_read.count	cluster_10
CTO-M	L	8h	8	PK_15	PK_15_8h	LT934125.1	-	617121.127721	PK_15_8h	0.000547252013955814	0.000547252013955814			dcDNA	PK_15_8h	viral_read.count	cluster_10
CTO-L	unknown	0.5h	0.5	PC_12	PC_12_0.5h	LT934125.1	-	451612.903224	PC_12_0.5h	0	0			dcDNA	PC_12_0.5h	viral_read.count	cluster_11
CTO-L	unknown	1.5h	1.5	PC_12	PC_12_1.5h	LT934125.1	-	515486.725677	PC_12_1.5h	0.00429184549436151	0.00429184549436151			dcDNA	PC_12_1.5h	viral_read.count	cluster_11
CTO-L	unknown	12h	12	C6	C6_12h	LT934125.1	-	567351.334736	C6_12h	0.00512788906075944	0.00512788906075944			dcDNA	C6_12h	viral_read.count	cluster_11
CTO-L	unknown	12h	12	PC_12	PC_12_12h	LT934125.1	-	639628.140639	PC_12_12h	0.00296659908224854	0.00296659908224854			dcDNA	PC_12_12h	viral_read.count	cluster_11
CTO-L	unknown	12h	12	PK_15	PK_15_12h	LT934125.1	-	709931.350122	PK_15_12h	0.00185018050516332	0.00185018050516332			dcDNA	PK_15_12h	viral_read.count	cluster_11
CTO-L	unknown	1h	1	C6	C6_1h	LT934125.1	-	539291.217247	C6_1h	0.0114285714283701	0.0114285714283701			dcDNA	C6_1h	viral_read.count	cluster_11
CTO-L	unknown	1h	1	NRK	NRK_1h	LT934125.1	-	575757.575757	NRK_1h	0	0			dcDNA	NRK_1h	viral_read.count	cluster_11
CTO-L	unknown	1h	1	PC_12	PC_12_1h	LT934125.1	-	443207.126941	PC_12_1h	0.0100502512555331	0.0100502512555331			dcDNA	PC_12_1h	viral_read.count	cluster_11
CTO-L	unknown	1h	1	PK_15	PK_15_1h	LT934125.1	-	134502.923971	PK_15_1h	0	0			dcDNA	PK_15_1h	viral_read.count	cluster_11
CTO-L	unknown	2.5h	2.5	PC_12	PC_12_2.5h	LT934125.1	-	523316.062167	PC_12_2.5h	0.0042432814708664	0.0042432814708664			dcDNA	PC_12_2.5h	viral_read.count	cluster_11
CTO-L	unknown	2h	2	C6	C6_2h	LT934125.1	-	474597.273858	C6_2h	0	0			dcDNA	C6_2h	viral_read.count	cluster_11
CTO-L	unknown	2h	2	NRK	NRK_2h	LT934125.1	-	559870.55017	NRK_2h	0	0			dcDNA	NRK_2h	viral_read.count	cluster_11
CTO-L	unknown	2h	2	PC_12	PC_12_2h	LT934125.1	-	501000.667129	PC_12_2h	0.00932090545859014	0.00932090545859014			dcDNA	PC_12_2h	viral_read.count	cluster_11
CTO-L	unknown	2h	2	PK_15	PK_15_2h	LT934125.1	-	507241.129629	PK_15_2h	0.00356887937167882	0.00356887937167882			dcDNA	PK_15_2h	viral_read.count	cluster_11
CTO-L	unknown	4h	4	C6	C6_4h	LT934125.1	-	528113.505012	C6_4h	0.00895522388107181	0.00895522388107181			dcDNA	C6_4h	viral_read.count	cluster_11
CTO-L	unknown	4h	4	PC_12	PC_12_4h	LT934125.1	-	444589.439919	PC_12_4h	0	0			dcDNA	PC_12_4h	viral_read.count	cluster_11
CTO-L	unknown	4h	4	PK_15	PK_15_4h	LT934125.1	-	560972.639473	PK_15_4h	0	0			dcDNA	PK_15_4h	viral_read.count	cluster_11
CTO-L	unknown	6h	6	C6	C6_6h	LT934125.1	-	504527.813725	C6_6h	0.00735042734833519	0.00735042734833519			dcDNA	C6_6h	viral_read.count	cluster_11
CTO-L	unknown	6h	6	PC_12	PC_12_6h	LT934125.1	-	516283.780172	PC_12_6h	5.16208953748677e-05	5.16208953748677e-05			dcDNA	PC_12_6h	viral_read.count	cluster_11
CTO-L	unknown	6h	6	PK_15	PK_15_6h	LT934125.1	-	586746.667283	PK_15_6h	2.74891412245902e-05	2.74891412245902e-05			dcDNA	PK_15_6h	viral_read.count	cluster_11
CTO-L	unknown	8h	8	C6	C6_8h	LT934125.1	-	571267.150906	C6_8h	0.00423848544618736	0.00423848544618736			dcDNA	C6_8h	viral_read.count	cluster_11
CTO-L	unknown	8h	8	PC_12	PC_12_8h	LT934125.1	-	580883.292866	PC_12_8h	0.00385102052077101	0.00385102052077101			dcDNA	PC_12_8h	viral_read.count	cluster_11
CTO-L	unknown	8h	8	PK_15	PK_15_8h	LT934125.1	-	617121.127721	PK_15_8h	0.00262254535989844	0.00262254535989844			dcDNA	PK_15_8h	viral_read.count	cluster_11
UL21	L	0.5h	0.5	PC_12	PC_12_0.5h	LT934125.1	-	451612.903224	PC_12_0.5h	0	0			dcDNA	PC_12_0.5h	viral_read.count	cluster_8
UL21	L	1.5h	1.5	PC_12	PC_12_1.5h	LT934125.1	-	515486.725677	PC_12_1.5h	0	0			dcDNA	PC_12_1.5h	viral_read.count	cluster_8
UL21	L	12h	12	C6	C6_12h	LT934125.1	-	567351.334736	C6_12h	0	0			dcDNA	C6_12h	viral_read.count	cluster_8
UL21	L	12h	12	PC_12	PC_12_12h	LT934125.1	-	639628.140639	PC_12_12h	0	0			dcDNA	PC_12_12h	viral_read.count	cluster_8
UL21	L	12h	12	PK_15	PK_15_12h	LT934125.1	-	709931.350122	PK_15_12h	0	0			dcDNA	PK_15_12h	viral_read.count	cluster_8
UL21	L	1h	1	C6	C6_1h	LT934125.1	-	539291.217247	C6_1h	0	0			dcDNA	C6_1h	viral_read.count	cluster_8
UL21	L	1h	1	NRK	NRK_1h	LT934125.1	-	575757.575757	NRK_1h	0	0			dcDNA	NRK_1h	viral_read.count	cluster_8
UL21	L	1h	1	PC_12	PC_12_1h	LT934125.1	-	443207.126941	PC_12_1h	0	0			dcDNA	PC_12_1h	viral_read.count	cluster_8
UL21	L	1h	1	PK_15	PK_15_1h	LT934125.1	-	134502.923971	PK_15_1h	0	0			dcDNA	PK_15_1h	viral_read.count	cluster_8
UL21	L	2.5h	2.5	PC_12	PC_12_2.5h	LT934125.1	-	523316.062167	PC_12_2.5h	0	0			dcDNA	PC_12_2.5h	viral_read.count	cluster_8
UL21	L	2h	2	C6	C6_2h	LT934125.1	-	474597.273858	C6_2h	0.00522193211489351	0.00522193211489351			dcDNA	C6_2h	viral_read.count	cluster_8
UL21	L	2h	2	NRK	NRK_2h	LT934125.1	-	559870.55017	NRK_2h	0	0			dcDNA	NRK_2h	viral_read.count	cluster_8
UL21	L	2h	2	PC_12	PC_12_2h	LT934125.1	-	501000.667129	PC_12_2h	0	0			dcDNA	PC_12_2h	viral_read.count	cluster_8
UL21	L	2h	2	PK_15	PK_15_2h	LT934125.1	-	507241.129629	PK_15_2h	0	0			dcDNA	PK_15_2h	viral_read.count	cluster_8
UL21	L	4h	4	C6	C6_4h	LT934125.1	-	528113.505012	C6_4h	0	0			dcDNA	C6_4h	viral_read.count	cluster_8
UL21	L	4h	4	PC_12	PC_12_4h	LT934125.1	-	444589.439919	PC_12_4h	0.00722510725082727	0.00722510725082727			dcDNA	PC_12_4h	viral_read.count	cluster_8
UL21	L	4h	4	PK_15	PK_15_4h	LT934125.1	-	560972.639473	PK_15_4h	0.00231565236268983	0.00231565236268983			dcDNA	PK_15_4h	viral_read.count	cluster_8
UL21	L	6h	6	C6	C6_6h	LT934125.1	-	504527.813725	C6_6h	0	0			dcDNA	C6_6h	viral_read.count	cluster_8
UL21	L	6h	6	PC_12	PC_12_6h	LT934125.1	-	516283.780172	PC_12_6h	0.00583316126452141	0.00583316126452141			dcDNA	PC_12_6h	viral_read.count	cluster_8
UL21	L	6h	6	PK_15	PK_15_6h	LT934125.1	-	586746.667283	PK_15_6h	0.00331244158573564	0.00331244158573564			dcDNA	PK_15_6h	viral_read.count	cluster_8
UL21	L	8h	8	C6	C6_8h	LT934125.1	-	571267.150906	C6_8h	0	0			dcDNA	C6_8h	viral_read.count	cluster_8
UL21	L	8h	8	PC_12	PC_12_8h	LT934125.1	-	580883.292866	PC_12_8h	0	0			dcDNA	PC_12_8h	viral_read.count	cluster_8
UL21	L	8h	8	PK_15	PK_15_8h	LT934125.1	-	617121.127721	PK_15_8h	0	0			dcDNA	PK_15_8h	viral_read.count	cluster_8
UL20	L	0.5h	0.5	PC_12	PC_12_0.5h	LT934125.1	+	451612.903224	PC_12_0.5h	0	0			dcDNA	PC_12_0.5h	viral_read.count	cluster_3
UL20	L	1.5h	1.5	PC_12	PC_12_1.5h	LT934125.1	+	515486.725677	PC_12_1.5h	0	0			dcDNA	PC_12_1.5h	viral_read.count	cluster_3
UL20	L	12h	12	C6	C6_12h	LT934125.1	+	567351.334736	C6_12h	0.000727272728091845	0.000727272728091845			dcDNA	C6_12h	viral_read.count	cluster_3
UL20	L	12h	12	PC_12	PC_12_12h	LT934125.1	+	639628.140639	PC_12_12h	0.000544232206000561	0.000544232206000561			dcDNA	PC_12_12h	viral_read.count	cluster_3
UL20	L	12h	12	PK_15	PK_15_12h	LT934125.1	+	709931.350122	PK_15_12h	0.000367457453393445	0.000367457453393445			dcDNA	PK_15_12h	viral_read.count	cluster_3
UL20	L	1h	1	C6	C6_1h	LT934125.1	+	539291.217247	C6_1h	0	0			dcDNA	C6_1h	viral_read.count	cluster_3
UL20	L	1h	1	NRK	NRK_1h	LT934125.1	+	575757.575757	NRK_1h	0	0			dcDNA	NRK_1h	viral_read.count	cluster_3
UL20	L	1h	1	PC_12	PC_12_1h	LT934125.1	+	443207.126941	PC_12_1h	0.00502512562776655	0.00502512562776655			dcDNA	PC_12_1h	viral_read.count	cluster_3
UL20	L	1h	1	PK_15	PK_15_1h	LT934125.1	+	134502.923971	PK_15_1h	0	0			dcDNA	PK_15_1h	viral_read.count	cluster_3
UL20	L	2.5h	2.5	PC_12	PC_12_2.5h	LT934125.1	+	523316.062167	PC_12_2.5h	0	0			dcDNA	PC_12_2.5h	viral_read.count	cluster_3
UL20	L	2h	2	C6	C6_2h	LT934125.1	+	474597.273858	C6_2h	0.00522193211489351	0.00522193211489351			dcDNA	C6_2h	viral_read.count	cluster_3
UL20	L	2h	2	NRK	NRK_2h	LT934125.1	+	559870.55017	NRK_2h	0.00578034682127385	0.00578034682127385			dcDNA	NRK_2h	viral_read.count	cluster_3
UL20	L	2h	2	PC_12	PC_12_2h	LT934125.1	+	501000.667129	PC_12_2h	0.00399467376853749	0.00399467376853749			dcDNA	PC_12_2h	viral_read.count	cluster_3
UL20	L	2h	2	PK_15	PK_15_2h	LT934125.1	+	507241.129629	PK_15_2h	0.00142755174946011	0.00142755174946011			dcDNA	PK_15_2h	viral_read.count	cluster_3
UL20	L	4h	4	C6	C6_4h	LT934125.1	+	528113.505012	C6_4h	0.000995024876305823	0.000995024876305823			dcDNA	C6_4h	viral_read.count	cluster_3
UL20	L	4h	4	PC_12	PC_12_4h	LT934125.1	+	444589.439919	PC_12_4h	0.000225784602572406	0.000225784602572406			dcDNA	PC_12_4h	viral_read.count	cluster_3
UL20	L	4h	4	PK_15	PK_15_4h	LT934125.1	+	560972.639473	PK_15_4h	0.00115782618312753	0.00115782618312753			dcDNA	PK_15_4h	viral_read.count	cluster_3
UL20	L	6h	6	C6	C6_6h	LT934125.1	+	504527.813725	C6_6h	0.000512820514472222	0.000512820514472222			dcDNA	C6_6h	viral_read.count	cluster_3
UL20	L	6h	6	PC_12	PC_12_6h	LT934125.1	+	516283.780172	PC_12_6h	0.000567829856871222	0.000567829856871222			dcDNA	PC_12_6h	viral_read.count	cluster_3
UL20	L	6h	6	PK_15	PK_15_6h	LT934125.1	+	586746.667283	PK_15_6h	0.000920886249771214	0.000920886249771214			dcDNA	PK_15_6h	viral_read.count	cluster_3
UL20	L	8h	8	C6	C6_8h	LT934125.1	+	571267.150906	C6_8h	0.000113026278331597	0.000113026278331597			dcDNA	C6_8h	viral_read.count	cluster_3
UL20	L	8h	8	PC_12	PC_12_8h	LT934125.1	+	580883.292866	PC_12_8h	0.000990262421151602	0.000990262421151602			dcDNA	PC_12_8h	viral_read.count	cluster_3
UL20	L	8h	8	PK_15	PK_15_8h	LT934125.1	+	617121.127721	PK_15_8h	0.000938146307092152	0.000938146307092152			dcDNA	PK_15_8h	viral_read.count	cluster_3
UL19	L	0.5h	0.5	PC_12	PC_12_0.5h	LT934125.1	+	451612.903224	PC_12_0.5h	0	0			dcDNA	PC_12_0.5h	viral_read.count	cluster_4
UL19	L	1.5h	1.5	PC_12	PC_12_1.5h	LT934125.1	+	515486.725677	PC_12_1.5h	0	0			dcDNA	PC_12_1.5h	viral_read.count	cluster_4
UL19	L	12h	12	C6	C6_12h	LT934125.1	+	567351.334736	C6_12h	0.00866563944418625	0.00866563944418625			dcDNA	C6_12h	viral_read.count	cluster_4
UL19	L	12h	12	PC_12	PC_12_12h	LT934125.1	+	639628.140639	PC_12_12h	0.00435385764487767	0.00435385764487767			dcDNA	PC_12_12h	viral_read.count	cluster_4
UL19	L	12h	12	PK_15	PK_15_12h	LT934125.1	+	709931.350122	PK_15_12h	0.00656266116604001	0.00656266116604001			dcDNA	PK_15_12h	viral_read.count	cluster_4
UL19	L	1h	1	C6	C6_1h	LT934125.1	+	539291.217247	C6_1h	0	0			dcDNA	C6_1h	viral_read.count	cluster_4
UL19	L	1h	1	NRK	NRK_1h	LT934125.1	+	575757.575757	NRK_1h	0.0175438596491228	0.0175438596491228			dcDNA	NRK_1h	viral_read.count	cluster_4
UL19	L	1h	1	PC_12	PC_12_1h	LT934125.1	+	443207.126941	PC_12_1h	0	0			dcDNA	PC_12_1h	viral_read.count	cluster_4
UL19	L	1h	1	PK_15	PK_15_1h	LT934125.1	+	134502.923971	PK_15_1h	0.0217391304342977	0.0217391304342977			dcDNA	PK_15_1h	viral_read.count	cluster_4
UL19	L	2.5h	2.5	PC_12	PC_12_2.5h	LT934125.1	+	523316.062167	PC_12_2.5h	0	0			dcDNA	PC_12_2.5h	viral_read.count	cluster_4
UL19	L	2h	2	C6	C6_2h	LT934125.1	+	474597.273858	C6_2h	0.00783289817234027	0.00783289817234027			dcDNA	C6_2h	viral_read.count	cluster_4
UL19	L	2h	2	NRK	NRK_2h	LT934125.1	+	559870.55017	NRK_2h	0.00578034682127385	0.00578034682127385			dcDNA	NRK_2h	viral_read.count	cluster_4
UL19	L	2h	2	PC_12	PC_12_2h	LT934125.1	+	501000.667129	PC_12_2h	0.00399467376853749	0.00399467376853749			dcDNA	PC_12_2h	viral_read.count	cluster_4
UL19	L	2h	2	PK_15	PK_15_2h	LT934125.1	+	507241.129629	PK_15_2h	0.00428265524640887	0.00428265524640887			dcDNA	PK_15_2h	viral_read.count	cluster_4
UL19	L	4h	4	C6	C6_4h	LT934125.1	+	528113.505012	C6_4h	0.00398009950143623	0.00398009950143623			dcDNA	C6_4h	viral_read.count	cluster_4
UL19	L	4h	4	PC_12	PC_12_4h	LT934125.1	+	444589.439919	PC_12_4h	0.00519304583667268	0.00519304583667268			dcDNA	PC_12_4h	viral_read.count	cluster_4
UL19	L	4h	4	PK_15	PK_15_4h	LT934125.1	+	560972.639473	PK_15_4h	0.00253274477403168	0.00253274477403168			dcDNA	PK_15_4h	viral_read.count	cluster_4
UL19	L	6h	6	C6	C6_6h	LT934125.1	+	504527.813725	C6_6h	0.00735042735229929	0.00735042735229929			dcDNA	C6_6h	viral_read.count	cluster_4
UL19	L	6h	6	PC_12	PC_12_6h	LT934125.1	+	516283.780172	PC_12_6h	0.00443939706809388	0.00443939706809388			dcDNA	PC_12_6h	viral_read.count	cluster_4
UL19	L	6h	6	PK_15	PK_15_6h	LT934125.1	+	586746.667283	PK_15_6h	0.00332618615634793	0.00332618615634793			dcDNA	PK_15_6h	viral_read.count	cluster_4
UL19	L	8h	8	C6	C6_8h	LT934125.1	+	571267.150906	C6_8h	0.00322124894120299	0.00322124894120299			dcDNA	C6_8h	viral_read.count	cluster_4
UL19	L	8h	8	PC_12	PC_12_8h	LT934125.1	+	580883.292866	PC_12_8h	0.00555647246467556	0.00555647246467556			dcDNA	PC_12_8h	viral_read.count	cluster_4
UL19	L	8h	8	PK_15	PK_15_8h	LT934125.1	+	617121.127721	PK_15_8h	0.00665941735486648	0.00665941735486648			dcDNA	PK_15_8h	viral_read.count	cluster_4
UL18	L	0.5h	0.5	PC_12	PC_12_0.5h	LT934125.1	+	451612.903224	PC_12_0.5h	0.0714285714285714	0.0714285714285714			dcDNA	PC_12_0.5h	viral_read.count	cluster_1
UL18	L	1.5h	1.5	PC_12	PC_12_1.5h	LT934125.1	+	515486.725677	PC_12_1.5h	0.047210300428277	0.047210300428277			dcDNA	PC_12_1.5h	viral_read.count	cluster_1
UL18	L	12h	12	C6	C6_12h	LT934125.1	+	567351.334736	C6_12h	0.0950138674866847	0.0950138674866847			dcDNA	C6_12h	viral_read.count	cluster_1
UL18	L	12h	12	PC_12	PC_12_12h	LT934125.1	+	639628.140639	PC_12_12h	0.0545192615496282	0.0545192615496282			dcDNA	PC_12_12h	viral_read.count	cluster_1
UL18	L	12h	12	PK_15	PK_15_12h	LT934125.1	+	709931.350122	PK_15_12h	0.0516374419804115	0.0516374419804115			dcDNA	PK_15_12h	viral_read.count	cluster_1
UL18	L	1h	1	C6	C6_1h	LT934125.1	+	539291.217247	C6_1h	0.0457142857134804	0.0457142857134804			dcDNA	C6_1h	viral_read.count	cluster_1
UL18	L	1h	1	NRK	NRK_1h	LT934125.1	+	575757.575757	NRK_1h	0.0350877192982456	0.0350877192982456			dcDNA	NRK_1h	viral_read.count	cluster_1
UL18	L	1h	1	PC_12	PC_12_1h	LT934125.1	+	443207.126941	PC_12_1h	0.0351758793988784	0.0351758793988784			dcDNA	PC_12_1h	viral_read.count	cluster_1
UL18	L	1h	1	PK_15	PK_15_1h	LT934125.1	+	134502.923971	PK_15_1h	0	0			dcDNA	PK_15_1h	viral_read.count	cluster_1
UL18	L	2.5h	2.5	PC_12	PC_12_2.5h	LT934125.1	+	523316.062167	PC_12_2.5h	0.0438472418675304	0.0438472418675304			dcDNA	PC_12_2.5h	viral_read.count	cluster_1
UL18	L	2h	2	C6	C6_2h	LT934125.1	+	474597.273858	C6_2h	0.0835509138382962	0.0835509138382962			dcDNA	C6_2h	viral_read.count	cluster_1
UL18	L	2h	2	NRK	NRK_2h	LT934125.1	+	559870.55017	NRK_2h	0.028901734102797	0.028901734102797			dcDNA	NRK_2h	viral_read.count	cluster_1
UL18	L	2h	2	PC_12	PC_12_2h	LT934125.1	+	501000.667129	PC_12_2h	0.0439414114499204	0.0439414114499204			dcDNA	PC_12_2h	viral_read.count	cluster_1
UL18	L	2h	2	PK_15	PK_15_2h	LT934125.1	+	507241.129629	PK_15_2h	0.0292648108501321	0.0292648108501321			dcDNA	PK_15_2h	viral_read.count	cluster_1
UL18	L	4h	4	C6	C6_4h	LT934125.1	+	528113.505012	C6_4h	0.0676616915395641	0.0676616915395641			dcDNA	C6_4h	viral_read.count	cluster_1
UL18	L	4h	4	PC_12	PC_12_4h	LT934125.1	+	444589.439919	PC_12_4h	0.0740573492816173	0.0740573492816173			dcDNA	PC_12_4h	viral_read.count	cluster_1
UL18	L	4h	4	PK_15	PK_15_4h	LT934125.1	+	560972.639473	PK_15_4h	0.0458064982957815	0.0458064982957815			dcDNA	PK_15_4h	viral_read.count	cluster_1
UL18	L	6h	6	C6	C6_6h	LT934125.1	+	504527.813725	C6_6h	0.0605128205114991	0.0605128205114991			dcDNA	C6_6h	viral_read.count	cluster_1
UL18	L	6h	6	PC_12	PC_12_6h	LT934125.1	+	516283.780172	PC_12_6h	0.0671071649829045	0.0671071649829045			dcDNA	PC_12_6h	viral_read.count	cluster_1
UL18	L	6h	6	PK_15	PK_15_6h	LT934125.1	+	586746.667283	PK_15_6h	0.0449859805411881	0.0449859805411881			dcDNA	PK_15_6h	viral_read.count	cluster_1
UL18	L	8h	8	C6	C6_8h	LT934125.1	+	571267.150906	C6_8h	0.0618818875405929	0.0618818875405929			dcDNA	C6_8h	viral_read.count	cluster_1
UL18	L	8h	8	PC_12	PC_12_8h	LT934125.1	+	580883.292866	PC_12_8h	0.0444517797208476	0.0444517797208476			dcDNA	PC_12_8h	viral_read.count	cluster_1
UL18	L	8h	8	PK_15	PK_15_8h	LT934125.1	+	617121.127721	PK_15_8h	0.0421739408552004	0.0421739408552004			dcDNA	PK_15_8h	viral_read.count	cluster_1
UL15	L	0.5h	0.5	PC_12	PC_12_0.5h	LT934125.1	-	451612.903224	PC_12_0.5h	0	0			dcDNA	PC_12_0.5h	viral_read.count	cluster_3
UL15	L	1.5h	1.5	PC_12	PC_12_1.5h	LT934125.1	-	515486.725677	PC_12_1.5h	0.00429184549436151	0.00429184549436151			dcDNA	PC_12_1.5h	viral_read.count	cluster_3
UL15	L	12h	12	C6	C6_12h	LT934125.1	-	567351.334736	C6_12h	0.000665639445751421	0.000665639445751421			dcDNA	C6_12h	viral_read.count	cluster_3
UL15	L	12h	12	PC_12	PC_12_12h	LT934125.1	-	639628.140639	PC_12_12h	0.000192081955426882	0.000192081955426882			dcDNA	PC_12_12h	viral_read.count	cluster_3
UL15	L	12h	12	PK_15	PK_15_12h	LT934125.1	-	709931.350122	PK_15_12h	0.000106369262305465	0.000106369262305465			dcDNA	PK_15_12h	viral_read.count	cluster_3
UL15	L	1h	1	C6	C6_1h	LT934125.1	-	539291.217247	C6_1h	0	0			dcDNA	C6_1h	viral_read.count	cluster_3
UL15	L	1h	1	NRK	NRK_1h	LT934125.1	-	575757.575757	NRK_1h	0	0			dcDNA	NRK_1h	viral_read.count	cluster_3
UL15	L	1h	1	PC_12	PC_12_1h	LT934125.1	-	443207.126941	PC_12_1h	0	0			dcDNA	PC_12_1h	viral_read.count	cluster_3
UL15	L	1h	1	PK_15	PK_15_1h	LT934125.1	-	134502.923971	PK_15_1h	0	0			dcDNA	PK_15_1h	viral_read.count	cluster_3
UL15	L	2.5h	2.5	PC_12	PC_12_2.5h	LT934125.1	-	523316.062167	PC_12_2.5h	0	0			dcDNA	PC_12_2.5h	viral_read.count	cluster_3
UL15	L	2h	2	C6	C6_2h	LT934125.1	-	474597.273858	C6_2h	0	0			dcDNA	C6_2h	viral_read.count	cluster_3
UL15	L	2h	2	NRK	NRK_2h	LT934125.1	-	559870.55017	NRK_2h	0	0			dcDNA	NRK_2h	viral_read.count	cluster_3
UL15	L	2h	2	PC_12	PC_12_2h	LT934125.1	-	501000.667129	PC_12_2h	0	0			dcDNA	PC_12_2h	viral_read.count	cluster_3
UL15	L	2h	2	PK_15	PK_15_2h	LT934125.1	-	507241.129629	PK_15_2h	0.000713775874730054	0.000713775874730054			dcDNA	PK_15_2h	viral_read.count	cluster_3
UL15	L	4h	4	C6	C6_4h	LT934125.1	-	528113.505012	C6_4h	0.000995024876305823	0.000995024876305823			dcDNA	C6_4h	viral_read.count	cluster_3
UL15	L	4h	4	PC_12	PC_12_4h	LT934125.1	-	444589.439919	PC_12_4h	0.0011289230083635	0.0011289230083635			dcDNA	PC_12_4h	viral_read.count	cluster_3
UL15	L	4h	4	PK_15	PK_15_4h	LT934125.1	-	560972.639473	PK_15_4h	0.000651277228677718	0.000651277228677718			dcDNA	PK_15_4h	viral_read.count	cluster_3
UL15	L	6h	6	C6	C6_6h	LT934125.1	-	504527.813725	C6_6h	0.00034188034099943	0.00034188034099943			dcDNA	C6_6h	viral_read.count	cluster_3
UL15	L	6h	6	PC_12	PC_12_6h	LT934125.1	-	516283.780172	PC_12_6h	0.000722692544932744	0.000722692544932744			dcDNA	PC_12_6h	viral_read.count	cluster_3
UL15	L	6h	6	PK_15	PK_15_6h	LT934125.1	-	586746.667283	PK_15_6h	0.000274891419063154	0.000274891419063154			dcDNA	PK_15_6h	viral_read.count	cluster_3
UL15	L	8h	8	C6	C6_8h	LT934125.1	-	571267.150906	C6_8h	0	0			dcDNA	C6_8h	viral_read.count	cluster_3
UL15	L	8h	8	PC_12	PC_12_8h	LT934125.1	-	580883.292866	PC_12_8h	0.000550145789911227	0.000550145789911227			dcDNA	PC_12_8h	viral_read.count	cluster_3
UL15	L	8h	8	PK_15	PK_15_8h	LT934125.1	-	617121.127721	PK_15_8h	0.000597002195274967	0.000597002195274967			dcDNA	PK_15_8h	viral_read.count	cluster_3
UL17	L	0.5h	0.5	PC_12	PC_12_0.5h	LT934125.1	+	451612.903224	PC_12_0.5h	0	0			dcDNA	PC_12_0.5h	viral_read.count	cluster_6
UL17	L	1.5h	1.5	PC_12	PC_12_1.5h	LT934125.1	+	515486.725677	PC_12_1.5h	0	0			dcDNA	PC_12_1.5h	viral_read.count	cluster_6
UL17	L	12h	12	C6	C6_12h	LT934125.1	+	567351.334736	C6_12h	0.00183667180316916	0.00183667180316916			dcDNA	C6_12h	viral_read.count	cluster_6
UL17	L	12h	12	PC_12	PC_12_12h	LT934125.1	+	639628.140639	PC_12_12h	0.000768327820144121	0.000768327820144121			dcDNA	PC_12_12h	viral_read.count	cluster_6
UL17	L	12h	12	PK_15	PK_15_12h	LT934125.1	+	709931.350122	PK_15_12h	0.000580195976595788	0.000580195976595788			dcDNA	PK_15_12h	viral_read.count	cluster_6
UL17	L	1h	1	C6	C6_1h	LT934125.1	+	539291.217247	C6_1h	0	0			dcDNA	C6_1h	viral_read.count	cluster_6
UL17	L	1h	1	NRK	NRK_1h	LT934125.1	+	575757.575757	NRK_1h	0	0			dcDNA	NRK_1h	viral_read.count	cluster_6
UL17	L	1h	1	PC_12	PC_12_1h	LT934125.1	+	443207.126941	PC_12_1h	0	0			dcDNA	PC_12_1h	viral_read.count	cluster_6
UL17	L	1h	1	PK_15	PK_15_1h	LT934125.1	+	134502.923971	PK_15_1h	0	0			dcDNA	PK_15_1h	viral_read.count	cluster_6
UL17	L	2.5h	2.5	PC_12	PC_12_2.5h	LT934125.1	+	523316.062167	PC_12_2.5h	0	0			dcDNA	PC_12_2.5h	viral_read.count	cluster_6
UL17	L	2h	2	C6	C6_2h	LT934125.1	+	474597.273858	C6_2h	0	0			dcDNA	C6_2h	viral_read.count	cluster_6
UL17	L	2h	2	NRK	NRK_2h	LT934125.1	+	559870.55017	NRK_2h	0	0			dcDNA	NRK_2h	viral_read.count	cluster_6
UL17	L	2h	2	PC_12	PC_12_2h	LT934125.1	+	501000.667129	PC_12_2h	0	0			dcDNA	PC_12_2h	viral_read.count	cluster_6
UL17	L	2h	2	PK_15	PK_15_2h	LT934125.1	+	507241.129629	PK_15_2h	0	0			dcDNA	PK_15_2h	viral_read.count	cluster_6
UL17	L	4h	4	C6	C6_4h	LT934125.1	+	528113.505012	C6_4h	0.00199004975071811	0.00199004975071811			dcDNA	C6_4h	viral_read.count	cluster_6
UL17	L	4h	4	PC_12	PC_12_4h	LT934125.1	+	444589.439919	PC_12_4h	0.000903138408040358	0.000903138408040358			dcDNA	PC_12_4h	viral_read.count	cluster_6
UL17	L	4h	4	PK_15	PK_15_4h	LT934125.1	+	560972.639473	PK_15_4h	0.000434184819118479	0.000434184819118479			dcDNA	PK_15_4h	viral_read.count	cluster_6
UL17	L	6h	6	C6	C6_6h	LT934125.1	+	504527.813725	C6_6h	0.00102564102696239	0.00102564102696239			dcDNA	C6_6h	viral_read.count	cluster_6
UL17	L	6h	6	PC_12	PC_12_6h	LT934125.1	+	516283.780172	PC_12_6h	0.00118728061105423	0.00118728061105423			dcDNA	PC_12_6h	viral_read.count	cluster_6
UL17	L	6h	6	PK_15	PK_15_6h	LT934125.1	+	586746.667283	PK_15_6h	0.00078344054194395	0.00078344054194395			dcDNA	PK_15_6h	viral_read.count	cluster_6
UL17	L	8h	8	C6	C6_8h	LT934125.1	+	571267.150906	C6_8h	0.000960723367569069	0.000960723367569069			dcDNA	C6_8h	viral_read.count	cluster_6
UL17	L	8h	8	PC_12	PC_12_8h	LT934125.1	+	580883.292866	PC_12_8h	0.000935247841816176	0.000935247841816176			dcDNA	PC_12_8h	viral_read.count	cluster_6
UL17	L	8h	8	PK_15	PK_15_8h	LT934125.1	+	617121.127721	PK_15_8h	0.00098078932289228	0.00098078932289228			dcDNA	PK_15_8h	viral_read.count	cluster_6
UL16	L	0.5h	0.5	PC_12	PC_12_0.5h	LT934125.1	+	451612.903224	PC_12_0.5h	0	0			dcDNA	PC_12_0.5h	viral_read.count	cluster_7
UL16	L	1.5h	1.5	PC_12	PC_12_1.5h	LT934125.1	+	515486.725677	PC_12_1.5h	0	0			dcDNA	PC_12_1.5h	viral_read.count	cluster_7
UL16	L	12h	12	C6	C6_12h	LT934125.1	+	567351.334736	C6_12h	0	0			dcDNA	C6_12h	viral_read.count	cluster_7
UL16	L	12h	12	PC_12	PC_12_12h	LT934125.1	+	639628.140639	PC_12_12h	0	0			dcDNA	PC_12_12h	viral_read.count	cluster_7
UL16	L	12h	12	PK_15	PK_15_12h	LT934125.1	+	709931.350122	PK_15_12h	0	0			dcDNA	PK_15_12h	viral_read.count	cluster_7
UL16	L	1h	1	C6	C6_1h	LT934125.1	+	539291.217247	C6_1h	0	0			dcDNA	C6_1h	viral_read.count	cluster_7
UL16	L	1h	1	NRK	NRK_1h	LT934125.1	+	575757.575757	NRK_1h	0	0			dcDNA	NRK_1h	viral_read.count	cluster_7
UL16	L	1h	1	PC_12	PC_12_1h	LT934125.1	+	443207.126941	PC_12_1h	0	0			dcDNA	PC_12_1h	viral_read.count	cluster_7
UL16	L	1h	1	PK_15	PK_15_1h	LT934125.1	+	134502.923971	PK_15_1h	0	0			dcDNA	PK_15_1h	viral_read.count	cluster_7
UL16	L	2.5h	2.5	PC_12	PC_12_2.5h	LT934125.1	+	523316.062167	PC_12_2.5h	0	0			dcDNA	PC_12_2.5h	viral_read.count	cluster_7
UL16	L	2h	2	C6	C6_2h	LT934125.1	+	474597.273858	C6_2h	0	0			dcDNA	C6_2h	viral_read.count	cluster_7
UL16	L	2h	2	NRK	NRK_2h	LT934125.1	+	559870.55017	NRK_2h	0	0			dcDNA	NRK_2h	viral_read.count	cluster_7
UL16	L	2h	2	PC_12	PC_12_2h	LT934125.1	+	501000.667129	PC_12_2h	0	0			dcDNA	PC_12_2h	viral_read.count	cluster_7
UL16	L	2h	2	PK_15	PK_15_2h	LT934125.1	+	507241.129629	PK_15_2h	0	0			dcDNA	PK_15_2h	viral_read.count	cluster_7
UL16	L	4h	4	C6	C6_4h	LT934125.1	+	528113.505012	C6_4h	0	0			dcDNA	C6_4h	viral_read.count	cluster_7
UL16	L	4h	4	PC_12	PC_12_4h	LT934125.1	+	444589.439919	PC_12_4h	0.000225784602572406	0.000225784602572406			dcDNA	PC_12_4h	viral_read.count	cluster_7
UL16	L	4h	4	PK_15	PK_15_4h	LT934125.1	+	560972.639473	PK_15_4h	0.00028945654845581	0.00028945654845581			dcDNA	PK_15_4h	viral_read.count	cluster_7
UL16	L	6h	6	C6	C6_6h	LT934125.1	+	504527.813725	C6_6h	0	0			dcDNA	C6_6h	viral_read.count	cluster_7
UL16	L	6h	6	PC_12	PC_12_6h	LT934125.1	+	516283.780172	PC_12_6h	0	0			dcDNA	PC_12_6h	viral_read.count	cluster_7
UL16	L	6h	6	PK_15	PK_15_6h	LT934125.1	+	586746.667283	PK_15_6h	6.87228530614754e-05	6.87228530614754e-05			dcDNA	PK_15_6h	viral_read.count	cluster_7
UL16	L	8h	8	C6	C6_8h	LT934125.1	+	571267.150906	C6_8h	5.65131391657985e-05	5.65131391657985e-05			dcDNA	C6_8h	viral_read.count	cluster_7
UL16	L	8h	8	PC_12	PC_12_8h	LT934125.1	+	580883.292866	PC_12_8h	0.000330087474291039	0.000330087474291039			dcDNA	PC_12_8h	viral_read.count	cluster_7
UL16	L	8h	8	PK_15	PK_15_8h	LT934125.1	+	617121.127721	PK_15_8h	0	0			dcDNA	PK_15_8h	viral_read.count	cluster_7
UL14	L	0.5h	0.5	PC_12	PC_12_0.5h	LT934125.1	+	451612.903224	PC_12_0.5h	0	0			dcDNA	PC_12_0.5h	viral_read.count	cluster_3
UL14	L	1.5h	1.5	PC_12	PC_12_1.5h	LT934125.1	+	515486.725677	PC_12_1.5h	0	0			dcDNA	PC_12_1.5h	viral_read.count	cluster_3
UL14	L	12h	12	C6	C6_12h	LT934125.1	+	567351.334736	C6_12h	0	0			dcDNA	C6_12h	viral_read.count	cluster_3
UL14	L	12h	12	PC_12	PC_12_12h	LT934125.1	+	639628.140639	PC_12_12h	0.000608259523433916	0.000608259523433916			dcDNA	PC_12_12h	viral_read.count	cluster_3
UL14	L	12h	12	PK_15	PK_15_12h	LT934125.1	+	709931.350122	PK_15_12h	0.000257864879426075	0.000257864879426075			dcDNA	PK_15_12h	viral_read.count	cluster_3
UL14	L	1h	1	C6	C6_1h	LT934125.1	+	539291.217247	C6_1h	0.0114285714283701	0.0114285714283701			dcDNA	C6_1h	viral_read.count	cluster_3
UL14	L	1h	1	NRK	NRK_1h	LT934125.1	+	575757.575757	NRK_1h	0	0			dcDNA	NRK_1h	viral_read.count	cluster_3
UL14	L	1h	1	PC_12	PC_12_1h	LT934125.1	+	443207.126941	PC_12_1h	0	0			dcDNA	PC_12_1h	viral_read.count	cluster_3
UL14	L	1h	1	PK_15	PK_15_1h	LT934125.1	+	134502.923971	PK_15_1h	0	0			dcDNA	PK_15_1h	viral_read.count	cluster_3
UL14	L	2.5h	2.5	PC_12	PC_12_2.5h	LT934125.1	+	523316.062167	PC_12_2.5h	0	0			dcDNA	PC_12_2.5h	viral_read.count	cluster_3
UL14	L	2h	2	C6	C6_2h	LT934125.1	+	474597.273858	C6_2h	0	0			dcDNA	C6_2h	viral_read.count	cluster_3
UL14	L	2h	2	NRK	NRK_2h	LT934125.1	+	559870.55017	NRK_2h	0	0			dcDNA	NRK_2h	viral_read.count	cluster_3
UL14	L	2h	2	PC_12	PC_12_2h	LT934125.1	+	501000.667129	PC_12_2h	0.00665778961356382	0.00665778961356382			dcDNA	PC_12_2h	viral_read.count	cluster_3
UL14	L	2h	2	PK_15	PK_15_2h	LT934125.1	+	507241.129629	PK_15_2h	0.00142755174946011	0.00142755174946011			dcDNA	PK_15_2h	viral_read.count	cluster_3
UL14	L	4h	4	C6	C6_4h	LT934125.1	+	528113.505012	C6_4h	0	0			dcDNA	C6_4h	viral_read.count	cluster_3
UL14	L	4h	4	PC_12	PC_12_4h	LT934125.1	+	444589.439919	PC_12_4h	0	0			dcDNA	PC_12_4h	viral_read.count	cluster_3
UL14	L	4h	4	PK_15	PK_15_4h	LT934125.1	+	560972.639473	PK_15_4h	0.00173673927290868	0.00173673927290868			dcDNA	PK_15_4h	viral_read.count	cluster_3
UL14	L	6h	6	C6	C6_6h	LT934125.1	+	504527.813725	C6_6h	0.00376068376288604	0.00376068376288604			dcDNA	C6_6h	viral_read.count	cluster_3
UL14	L	6h	6	PC_12	PC_12_6h	LT934125.1	+	516283.780172	PC_12_6h	0.00154862688448906	0.00154862688448906			dcDNA	PC_12_6h	viral_read.count	cluster_3
UL14	L	6h	6	PK_15	PK_15_6h	LT934125.1	+	586746.667283	PK_15_6h	0.00138820165911081	0.00138820165911081			dcDNA	PK_15_6h	viral_read.count	cluster_3
UL14	L	8h	8	C6	C6_8h	LT934125.1	+	571267.150906	C6_8h	0.00220401243271763	0.00220401243271763			dcDNA	C6_8h	viral_read.count	cluster_3
UL14	L	8h	8	PC_12	PC_12_8h	LT934125.1	+	580883.292866	PC_12_8h	0.000770204103809898	0.000770204103809898			dcDNA	PC_12_8h	viral_read.count	cluster_3
UL14	L	8h	8	PK_15	PK_15_8h	LT934125.1	+	617121.127721	PK_15_8h	0.00104475384335162	0.00104475384335162			dcDNA	PK_15_8h	viral_read.count	cluster_3
UL13	L	0.5h	0.5	PC_12	PC_12_0.5h	LT934125.1	+	451612.903224	PC_12_0.5h	0	0			dcDNA	PC_12_0.5h	viral_read.count	
UL13	L	1.5h	1.5	PC_12	PC_12_1.5h	LT934125.1	+	515486.725677	PC_12_1.5h	0	0			dcDNA	PC_12_1.5h	viral_read.count	
UL13	L	12h	12	C6	C6_12h	LT934125.1	+	567351.334736	C6_12h	0	0			dcDNA	C6_12h	viral_read.count	
UL13	L	12h	12	PC_12	PC_12_12h	LT934125.1	+	639628.140639	PC_12_12h	0	0			dcDNA	PC_12_12h	viral_read.count	
UL13	L	12h	12	PK_15	PK_15_12h	LT934125.1	+	709931.350122	PK_15_12h	0	0			dcDNA	PK_15_12h	viral_read.count	
UL13	L	1h	1	C6	C6_1h	LT934125.1	+	539291.217247	C6_1h	0	0			dcDNA	C6_1h	viral_read.count	
UL13	L	1h	1	NRK	NRK_1h	LT934125.1	+	575757.575757	NRK_1h	0	0			dcDNA	NRK_1h	viral_read.count	
UL13	L	1h	1	PC_12	PC_12_1h	LT934125.1	+	443207.126941	PC_12_1h	0	0			dcDNA	PC_12_1h	viral_read.count	
UL13	L	1h	1	PK_15	PK_15_1h	LT934125.1	+	134502.923971	PK_15_1h	0	0			dcDNA	PK_15_1h	viral_read.count	
UL13	L	2.5h	2.5	PC_12	PC_12_2.5h	LT934125.1	+	523316.062167	PC_12_2.5h	0	0			dcDNA	PC_12_2.5h	viral_read.count	
UL13	L	2h	2	C6	C6_2h	LT934125.1	+	474597.273858	C6_2h	0	0			dcDNA	C6_2h	viral_read.count	
UL13	L	2h	2	NRK	NRK_2h	LT934125.1	+	559870.55017	NRK_2h	0	0			dcDNA	NRK_2h	viral_read.count	
UL13	L	2h	2	PC_12	PC_12_2h	LT934125.1	+	501000.667129	PC_12_2h	0	0			dcDNA	PC_12_2h	viral_read.count	
UL13	L	2h	2	PK_15	PK_15_2h	LT934125.1	+	507241.129629	PK_15_2h	0	0			dcDNA	PK_15_2h	viral_read.count	
UL13	L	4h	4	C6	C6_4h	LT934125.1	+	528113.505012	C6_4h	0	0			dcDNA	C6_4h	viral_read.count	
UL13	L	4h	4	PC_12	PC_12_4h	LT934125.1	+	444589.439919	PC_12_4h	0	0			dcDNA	PC_12_4h	viral_read.count	
UL13	L	4h	4	PK_15	PK_15_4h	LT934125.1	+	560972.639473	PK_15_4h	0	0			dcDNA	PK_15_4h	viral_read.count	
UL13	L	6h	6	C6	C6_6h	LT934125.1	+	504527.813725	C6_6h	0	0			dcDNA	C6_6h	viral_read.count	
UL13	L	6h	6	PC_12	PC_12_6h	LT934125.1	+	516283.780172	PC_12_6h	0	0			dcDNA	PC_12_6h	viral_read.count	
UL13	L	6h	6	PK_15	PK_15_6h	LT934125.1	+	586746.667283	PK_15_6h	0	0			dcDNA	PK_15_6h	viral_read.count	
UL13	L	8h	8	C6	C6_8h	LT934125.1	+	571267.150906	C6_8h	0	0			dcDNA	C6_8h	viral_read.count	
UL13	L	8h	8	PC_12	PC_12_8h	LT934125.1	+	580883.292866	PC_12_8h	5.50145793354259e-05	5.50145793354259e-05			dcDNA	PC_12_8h	viral_read.count	
UL13	L	8h	8	PK_15	PK_15_8h	LT934125.1	+	617121.127721	PK_15_8h	0	0			dcDNA	PK_15_8h	viral_read.count	
UL12	L	0.5h	0.5	PC_12	PC_12_0.5h	LT934125.1	+	451612.903224	PC_12_0.5h	0	0			dcDNA	PC_12_0.5h	viral_read.count	cluster_7
UL12	L	1.5h	1.5	PC_12	PC_12_1.5h	LT934125.1	+	515486.725677	PC_12_1.5h	0	0			dcDNA	PC_12_1.5h	viral_read.count	cluster_7
UL12	L	12h	12	C6	C6_12h	LT934125.1	+	567351.334736	C6_12h	0	0			dcDNA	C6_12h	viral_read.count	cluster_7
UL12	L	12h	12	PC_12	PC_12_12h	LT934125.1	+	639628.140639	PC_12_12h	0	0			dcDNA	PC_12_12h	viral_read.count	cluster_7
UL12	L	12h	12	PK_15	PK_15_12h	LT934125.1	+	709931.350122	PK_15_12h	0	0			dcDNA	PK_15_12h	viral_read.count	cluster_7
UL12	L	1h	1	C6	C6_1h	LT934125.1	+	539291.217247	C6_1h	0	0			dcDNA	C6_1h	viral_read.count	cluster_7
UL12	L	1h	1	NRK	NRK_1h	LT934125.1	+	575757.575757	NRK_1h	0	0			dcDNA	NRK_1h	viral_read.count	cluster_7
UL12	L	1h	1	PC_12	PC_12_1h	LT934125.1	+	443207.126941	PC_12_1h	0	0			dcDNA	PC_12_1h	viral_read.count	cluster_7
UL12	L	1h	1	PK_15	PK_15_1h	LT934125.1	+	134502.923971	PK_15_1h	0	0			dcDNA	PK_15_1h	viral_read.count	cluster_7
UL12	L	2.5h	2.5	PC_12	PC_12_2.5h	LT934125.1	+	523316.062167	PC_12_2.5h	0	0			dcDNA	PC_12_2.5h	viral_read.count	cluster_7
UL12	L	2h	2	C6	C6_2h	LT934125.1	+	474597.273858	C6_2h	0	0			dcDNA	C6_2h	viral_read.count	cluster_7
UL12	L	2h	2	NRK	NRK_2h	LT934125.1	+	559870.55017	NRK_2h	0	0			dcDNA	NRK_2h	viral_read.count	cluster_7
UL12	L	2h	2	PC_12	PC_12_2h	LT934125.1	+	501000.667129	PC_12_2h	0	0			dcDNA	PC_12_2h	viral_read.count	cluster_7
UL12	L	2h	2	PK_15	PK_15_2h	LT934125.1	+	507241.129629	PK_15_2h	0	0			dcDNA	PK_15_2h	viral_read.count	cluster_7
UL12	L	4h	4	C6	C6_4h	LT934125.1	+	528113.505012	C6_4h	0	0			dcDNA	C6_4h	viral_read.count	cluster_7
UL12	L	4h	4	PC_12	PC_12_4h	LT934125.1	+	444589.439919	PC_12_4h	0	0			dcDNA	PC_12_4h	viral_read.count	cluster_7
UL12	L	4h	4	PK_15	PK_15_4h	LT934125.1	+	560972.639473	PK_15_4h	7.23641371139525e-05	7.23641371139525e-05			dcDNA	PK_15_4h	viral_read.count	cluster_7
UL12	L	6h	6	C6	C6_6h	LT934125.1	+	504527.813725	C6_6h	0	0			dcDNA	C6_6h	viral_read.count	cluster_7
UL12	L	6h	6	PC_12	PC_12_6h	LT934125.1	+	516283.780172	PC_12_6h	0	0			dcDNA	PC_12_6h	viral_read.count	cluster_7
UL12	L	6h	6	PK_15	PK_15_6h	LT934125.1	+	586746.667283	PK_15_6h	0	0			dcDNA	PK_15_6h	viral_read.count	cluster_7
UL12	L	8h	8	C6	C6_8h	LT934125.1	+	571267.150906	C6_8h	0.000113026278331597	0.000113026278331597			dcDNA	C6_8h	viral_read.count	cluster_7
UL12	L	8h	8	PC_12	PC_12_8h	LT934125.1	+	580883.292866	PC_12_8h	0.000110029158670852	0.000110029158670852			dcDNA	PC_12_8h	viral_read.count	cluster_7
UL12	L	8h	8	PK_15	PK_15_8h	LT934125.1	+	617121.127721	PK_15_8h	2.13215062796371e-05	2.13215062796371e-05			dcDNA	PK_15_8h	viral_read.count	cluster_7
UL11	L	0.5h	0.5	PC_12	PC_12_0.5h	LT934125.1	+	451612.903224	PC_12_0.5h	0	0			dcDNA	PC_12_0.5h	viral_read.count	
UL11	L	1.5h	1.5	PC_12	PC_12_1.5h	LT934125.1	+	515486.725677	PC_12_1.5h	0.00429184549436151	0.00429184549436151			dcDNA	PC_12_1.5h	viral_read.count	
UL11	L	12h	12	C6	C6_12h	LT934125.1	+	567351.334736	C6_12h	0	0			dcDNA	C6_12h	viral_read.count	
UL11	L	12h	12	PC_12	PC_12_12h	LT934125.1	+	639628.140639	PC_12_12h	0	0			dcDNA	PC_12_12h	viral_read.count	
UL11	L	12h	12	PK_15	PK_15_12h	LT934125.1	+	709931.350122	PK_15_12h	0	0			dcDNA	PK_15_12h	viral_read.count	
UL11	L	1h	1	C6	C6_1h	LT934125.1	+	539291.217247	C6_1h	0.00285714285662896	0.00285714285662896			dcDNA	C6_1h	viral_read.count	
UL11	L	1h	1	NRK	NRK_1h	LT934125.1	+	575757.575757	NRK_1h	0	0			dcDNA	NRK_1h	viral_read.count	
UL11	L	1h	1	PC_12	PC_12_1h	LT934125.1	+	443207.126941	PC_12_1h	0.00502512562776655	0.00502512562776655			dcDNA	PC_12_1h	viral_read.count	
UL11	L	1h	1	PK_15	PK_15_1h	LT934125.1	+	134502.923971	PK_15_1h	0	0			dcDNA	PK_15_1h	viral_read.count	
UL11	L	2.5h	2.5	PC_12	PC_12_2.5h	LT934125.1	+	523316.062167	PC_12_2.5h	0	0			dcDNA	PC_12_2.5h	viral_read.count	
UL11	L	2h	2	C6	C6_2h	LT934125.1	+	474597.273858	C6_2h	0	0			dcDNA	C6_2h	viral_read.count	
UL11	L	2h	2	NRK	NRK_2h	LT934125.1	+	559870.55017	NRK_2h	0	0			dcDNA	NRK_2h	viral_read.count	
UL11	L	2h	2	PC_12	PC_12_2h	LT934125.1	+	501000.667129	PC_12_2h	0.00133155792351117	0.00133155792351117			dcDNA	PC_12_2h	viral_read.count	
UL11	L	2h	2	PK_15	PK_15_2h	LT934125.1	+	507241.129629	PK_15_2h	0	0			dcDNA	PK_15_2h	viral_read.count	
UL11	L	4h	4	C6	C6_4h	LT934125.1	+	528113.505012	C6_4h	0	0			dcDNA	C6_4h	viral_read.count	
UL11	L	4h	4	PC_12	PC_12_4h	LT934125.1	+	444589.439919	PC_12_4h	0	0			dcDNA	PC_12_4h	viral_read.count	
UL11	L	4h	4	PK_15	PK_15_4h	LT934125.1	+	560972.639473	PK_15_4h	0	0			dcDNA	PK_15_4h	viral_read.count	
UL11	L	6h	6	C6	C6_6h	LT934125.1	+	504527.813725	C6_6h	0	0			dcDNA	C6_6h	viral_read.count	
UL11	L	6h	6	PC_12	PC_12_6h	LT934125.1	+	516283.780172	PC_12_6h	0	0			dcDNA	PC_12_6h	viral_read.count	
UL11	L	6h	6	PK_15	PK_15_6h	LT934125.1	+	586746.667283	PK_15_6h	0	0			dcDNA	PK_15_6h	viral_read.count	
UL11	L	8h	8	C6	C6_8h	LT934125.1	+	571267.150906	C6_8h	0	0			dcDNA	C6_8h	viral_read.count	
UL11	L	8h	8	PC_12	PC_12_8h	LT934125.1	+	580883.292866	PC_12_8h	0	0			dcDNA	PC_12_8h	viral_read.count	
UL11	L	8h	8	PK_15	PK_15_8h	LT934125.1	+	617121.127721	PK_15_8h	0	0			dcDNA	PK_15_8h	viral_read.count	
UL10	L	0.5h	0.5	PC_12	PC_12_0.5h	LT934125.1	-	451612.903224	PC_12_0.5h	0	0			dcDNA	PC_12_0.5h	viral_read.count	cluster_7
UL10	L	1.5h	1.5	PC_12	PC_12_1.5h	LT934125.1	-	515486.725677	PC_12_1.5h	0	0			dcDNA	PC_12_1.5h	viral_read.count	cluster_7
UL10	L	12h	12	C6	C6_12h	LT934125.1	-	567351.334736	C6_12h	0	0			dcDNA	C6_12h	viral_read.count	cluster_7
UL10	L	12h	12	PC_12	PC_12_12h	LT934125.1	-	639628.140639	PC_12_12h	0	0			dcDNA	PC_12_12h	viral_read.count	cluster_7
UL10	L	12h	12	PK_15	PK_15_12h	LT934125.1	-	709931.350122	PK_15_12h	0	0			dcDNA	PK_15_12h	viral_read.count	cluster_7
UL10	L	1h	1	C6	C6_1h	LT934125.1	-	539291.217247	C6_1h	0.00285714285662896	0.00285714285662896			dcDNA	C6_1h	viral_read.count	cluster_7
UL10	L	1h	1	NRK	NRK_1h	LT934125.1	-	575757.575757	NRK_1h	0	0			dcDNA	NRK_1h	viral_read.count	cluster_7
UL10	L	1h	1	PC_12	PC_12_1h	LT934125.1	-	443207.126941	PC_12_1h	0	0			dcDNA	PC_12_1h	viral_read.count	cluster_7
UL10	L	1h	1	PK_15	PK_15_1h	LT934125.1	-	134502.923971	PK_15_1h	0	0			dcDNA	PK_15_1h	viral_read.count	cluster_7
UL10	L	2.5h	2.5	PC_12	PC_12_2.5h	LT934125.1	-	523316.062167	PC_12_2.5h	0	0			dcDNA	PC_12_2.5h	viral_read.count	cluster_7
UL10	L	2h	2	C6	C6_2h	LT934125.1	-	474597.273858	C6_2h	0	0			dcDNA	C6_2h	viral_read.count	cluster_7
UL10	L	2h	2	NRK	NRK_2h	LT934125.1	-	559870.55017	NRK_2h	0	0			dcDNA	NRK_2h	viral_read.count	cluster_7
UL10	L	2h	2	PC_12	PC_12_2h	LT934125.1	-	501000.667129	PC_12_2h	0.00133155792351117	0.00133155792351117			dcDNA	PC_12_2h	viral_read.count	cluster_7
UL10	L	2h	2	PK_15	PK_15_2h	LT934125.1	-	507241.129629	PK_15_2h	0	0			dcDNA	PK_15_2h	viral_read.count	cluster_7
UL10	L	4h	4	C6	C6_4h	LT934125.1	-	528113.505012	C6_4h	0	0			dcDNA	C6_4h	viral_read.count	cluster_7
UL10	L	4h	4	PC_12	PC_12_4h	LT934125.1	-	444589.439919	PC_12_4h	0.000225784602572406	0.000225784602572406			dcDNA	PC_12_4h	viral_read.count	cluster_7
UL10	L	4h	4	PK_15	PK_15_4h	LT934125.1	-	560972.639473	PK_15_4h	7.23641371139525e-05	7.23641371139525e-05			dcDNA	PK_15_4h	viral_read.count	cluster_7
UL10	L	6h	6	C6	C6_6h	LT934125.1	-	504527.813725	C6_6h	0.000341880342981482	0.000341880342981482			dcDNA	C6_6h	viral_read.count	cluster_7
UL10	L	6h	6	PC_12	PC_12_6h	LT934125.1	-	516283.780172	PC_12_6h	5.16208953748677e-05	5.16208953748677e-05			dcDNA	PC_12_6h	viral_read.count	cluster_7
UL10	L	6h	6	PK_15	PK_15_6h	LT934125.1	-	586746.667283	PK_15_6h	0	0			dcDNA	PK_15_6h	viral_read.count	cluster_7
UL10	L	8h	8	C6	C6_8h	LT934125.1	-	571267.150906	C6_8h	5.65131391657985e-05	5.65131391657985e-05			dcDNA	C6_8h	viral_read.count	cluster_7
UL10	L	8h	8	PC_12	PC_12_8h	LT934125.1	-	580883.292866	PC_12_8h	0.000110029156949336	0.000110029156949336			dcDNA	PC_12_8h	viral_read.count	cluster_7
UL10	L	8h	8	PK_15	PK_15_8h	LT934125.1	-	617121.127721	PK_15_8h	0	0			dcDNA	PK_15_8h	viral_read.count	cluster_7
UL9	L	0.5h	0.5	PC_12	PC_12_0.5h	LT934125.1	+	451612.903224	PC_12_0.5h	0	0			dcDNA	PC_12_0.5h	viral_read.count	cluster_6
UL9	L	1.5h	1.5	PC_12	PC_12_1.5h	LT934125.1	+	515486.725677	PC_12_1.5h	0	0			dcDNA	PC_12_1.5h	viral_read.count	cluster_6
UL9	L	12h	12	C6	C6_12h	LT934125.1	+	567351.334736	C6_12h	0.000160246532322525	0.000160246532322525			dcDNA	C6_12h	viral_read.count	cluster_6
UL9	L	12h	12	PC_12	PC_12_12h	LT934125.1	+	639628.140639	PC_12_12h	0	0			dcDNA	PC_12_12h	viral_read.count	cluster_6
UL9	L	12h	12	PK_15	PK_15_12h	LT934125.1	+	709931.350122	PK_15_12h	1.61165554923498e-05	1.61165554923498e-05			dcDNA	PK_15_12h	viral_read.count	cluster_6
UL9	L	1h	1	C6	C6_1h	LT934125.1	+	539291.217247	C6_1h	0	0			dcDNA	C6_1h	viral_read.count	cluster_6
UL9	L	1h	1	NRK	NRK_1h	LT934125.1	+	575757.575757	NRK_1h	0	0			dcDNA	NRK_1h	viral_read.count	cluster_6
UL9	L	1h	1	PC_12	PC_12_1h	LT934125.1	+	443207.126941	PC_12_1h	0	0			dcDNA	PC_12_1h	viral_read.count	cluster_6
UL9	L	1h	1	PK_15	PK_15_1h	LT934125.1	+	134502.923971	PK_15_1h	0	0			dcDNA	PK_15_1h	viral_read.count	cluster_6
UL9	L	2.5h	2.5	PC_12	PC_12_2.5h	LT934125.1	+	523316.062167	PC_12_2.5h	0	0			dcDNA	PC_12_2.5h	viral_read.count	cluster_6
UL9	L	2h	2	C6	C6_2h	LT934125.1	+	474597.273858	C6_2h	0	0			dcDNA	C6_2h	viral_read.count	cluster_6
UL9	L	2h	2	NRK	NRK_2h	LT934125.1	+	559870.55017	NRK_2h	0	0			dcDNA	NRK_2h	viral_read.count	cluster_6
UL9	L	2h	2	PC_12	PC_12_2h	LT934125.1	+	501000.667129	PC_12_2h	0	0			dcDNA	PC_12_2h	viral_read.count	cluster_6
UL9	L	2h	2	PK_15	PK_15_2h	LT934125.1	+	507241.129629	PK_15_2h	0	0			dcDNA	PK_15_2h	viral_read.count	cluster_6
UL9	L	4h	4	C6	C6_4h	LT934125.1	+	528113.505012	C6_4h	0	0			dcDNA	C6_4h	viral_read.count	cluster_6
UL9	L	4h	4	PC_12	PC_12_4h	LT934125.1	+	444589.439919	PC_12_4h	0	0			dcDNA	PC_12_4h	viral_read.count	cluster_6
UL9	L	4h	4	PK_15	PK_15_4h	LT934125.1	+	560972.639473	PK_15_4h	0	0			dcDNA	PK_15_4h	viral_read.count	cluster_6
UL9	L	6h	6	C6	C6_6h	LT934125.1	+	504527.813725	C6_6h	0.000341880342981482	0.000341880342981482			dcDNA	C6_6h	viral_read.count	cluster_6
UL9	L	6h	6	PC_12	PC_12_6h	LT934125.1	+	516283.780172	PC_12_6h	5.16208953748677e-05	5.16208953748677e-05			dcDNA	PC_12_6h	viral_read.count	cluster_6
UL9	L	6h	6	PK_15	PK_15_6h	LT934125.1	+	586746.667283	PK_15_6h	2.74891412245902e-05	2.74891412245902e-05			dcDNA	PK_15_6h	viral_read.count	cluster_6
UL9	L	8h	8	C6	C6_8h	LT934125.1	+	571267.150906	C6_8h	0.000169539417497396	0.000169539417497396			dcDNA	C6_8h	viral_read.count	cluster_6
UL9	L	8h	8	PC_12	PC_12_8h	LT934125.1	+	580883.292866	PC_12_8h	0.000110029158670852	0.000110029158670852			dcDNA	PC_12_8h	viral_read.count	cluster_6
UL9	L	8h	8	PK_15	PK_15_8h	LT934125.1	+	617121.127721	PK_15_8h	2.84286766599435e-05	2.84286766599435e-05			dcDNA	PK_15_8h	viral_read.count	cluster_6
UL8	E	0.5h	0.5	PC_12	PC_12_0.5h	LT934125.1	+	451612.903224	PC_12_0.5h	0	0			dcDNA	PC_12_0.5h	viral_read.count	
UL8	E	1.5h	1.5	PC_12	PC_12_1.5h	LT934125.1	+	515486.725677	PC_12_1.5h	0	0			dcDNA	PC_12_1.5h	viral_read.count	
UL8	E	12h	12	C6	C6_12h	LT934125.1	+	567351.334736	C6_12h	0	0			dcDNA	C6_12h	viral_read.count	
UL8	E	12h	12	PC_12	PC_12_12h	LT934125.1	+	639628.140639	PC_12_12h	0	0			dcDNA	PC_12_12h	viral_read.count	
UL8	E	12h	12	PK_15	PK_15_12h	LT934125.1	+	709931.350122	PK_15_12h	0	0			dcDNA	PK_15_12h	viral_read.count	
UL8	E	1h	1	C6	C6_1h	LT934125.1	+	539291.217247	C6_1h	0	0			dcDNA	C6_1h	viral_read.count	
UL8	E	1h	1	NRK	NRK_1h	LT934125.1	+	575757.575757	NRK_1h	0	0			dcDNA	NRK_1h	viral_read.count	
UL8	E	1h	1	PC_12	PC_12_1h	LT934125.1	+	443207.126941	PC_12_1h	0	0			dcDNA	PC_12_1h	viral_read.count	
UL8	E	1h	1	PK_15	PK_15_1h	LT934125.1	+	134502.923971	PK_15_1h	0	0			dcDNA	PK_15_1h	viral_read.count	
UL8	E	2.5h	2.5	PC_12	PC_12_2.5h	LT934125.1	+	523316.062167	PC_12_2.5h	0	0			dcDNA	PC_12_2.5h	viral_read.count	
UL8	E	2h	2	C6	C6_2h	LT934125.1	+	474597.273858	C6_2h	0	0			dcDNA	C6_2h	viral_read.count	
UL8	E	2h	2	NRK	NRK_2h	LT934125.1	+	559870.55017	NRK_2h	0	0			dcDNA	NRK_2h	viral_read.count	
UL8	E	2h	2	PC_12	PC_12_2h	LT934125.1	+	501000.667129	PC_12_2h	0	0			dcDNA	PC_12_2h	viral_read.count	
UL8	E	2h	2	PK_15	PK_15_2h	LT934125.1	+	507241.129629	PK_15_2h	0	0			dcDNA	PK_15_2h	viral_read.count	
UL8	E	4h	4	C6	C6_4h	LT934125.1	+	528113.505012	C6_4h	0	0			dcDNA	C6_4h	viral_read.count	
UL8	E	4h	4	PC_12	PC_12_4h	LT934125.1	+	444589.439919	PC_12_4h	0	0			dcDNA	PC_12_4h	viral_read.count	
UL8	E	4h	4	PK_15	PK_15_4h	LT934125.1	+	560972.639473	PK_15_4h	0	0			dcDNA	PK_15_4h	viral_read.count	
UL8	E	6h	6	C6	C6_6h	LT934125.1	+	504527.813725	C6_6h	0	0			dcDNA	C6_6h	viral_read.count	
UL8	E	6h	6	PC_12	PC_12_6h	LT934125.1	+	516283.780172	PC_12_6h	0	0			dcDNA	PC_12_6h	viral_read.count	
UL8	E	6h	6	PK_15	PK_15_6h	LT934125.1	+	586746.667283	PK_15_6h	0	0			dcDNA	PK_15_6h	viral_read.count	
UL8	E	8h	8	C6	C6_8h	LT934125.1	+	571267.150906	C6_8h	0	0			dcDNA	C6_8h	viral_read.count	
UL8	E	8h	8	PC_12	PC_12_8h	LT934125.1	+	580883.292866	PC_12_8h	5.50145793354259e-05	5.50145793354259e-05			dcDNA	PC_12_8h	viral_read.count	
UL8	E	8h	8	PK_15	PK_15_8h	LT934125.1	+	617121.127721	PK_15_8h	0	0			dcDNA	PK_15_8h	viral_read.count	
UL7	E	0.5h	0.5	PC_12	PC_12_0.5h	LT934125.1	-	451612.903224	PC_12_0.5h	0	0			dcDNA	PC_12_0.5h	viral_read.count	cluster_9
UL7	E	1.5h	1.5	PC_12	PC_12_1.5h	LT934125.1	-	515486.725677	PC_12_1.5h	0	0			dcDNA	PC_12_1.5h	viral_read.count	cluster_9
UL7	E	12h	12	C6	C6_12h	LT934125.1	-	567351.334736	C6_12h	0.00411710323566422	0.00411710323566422			dcDNA	C6_12h	viral_read.count	cluster_9
UL7	E	12h	12	PC_12	PC_12_12h	LT934125.1	-	639628.140639	PC_12_12h	0.00269981858877381	0.00269981858877381			dcDNA	PC_12_12h	viral_read.count	cluster_9
UL7	E	12h	12	PK_15	PK_15_12h	LT934125.1	-	709931.350122	PK_15_12h	0.00135056730180352	0.00135056730180352			dcDNA	PK_15_12h	viral_read.count	cluster_9
UL7	E	1h	1	C6	C6_1h	LT934125.1	-	539291.217247	C6_1h	0.00857142857174115	0.00857142857174115			dcDNA	C6_1h	viral_read.count	cluster_9
UL7	E	1h	1	NRK	NRK_1h	LT934125.1	-	575757.575757	NRK_1h	0	0			dcDNA	NRK_1h	viral_read.count	cluster_9
UL7	E	1h	1	PC_12	PC_12_1h	LT934125.1	-	443207.126941	PC_12_1h	0	0			dcDNA	PC_12_1h	viral_read.count	cluster_9
UL7	E	1h	1	PK_15	PK_15_1h	LT934125.1	-	134502.923971	PK_15_1h	0	0			dcDNA	PK_15_1h	viral_read.count	cluster_9
UL7	E	2.5h	2.5	PC_12	PC_12_2.5h	LT934125.1	-	523316.062167	PC_12_2.5h	0.0042432814708664	0.0042432814708664			dcDNA	PC_12_2.5h	viral_read.count	cluster_9
UL7	E	2h	2	C6	C6_2h	LT934125.1	-	474597.273858	C6_2h	0.00522193211489351	0.00522193211489351			dcDNA	C6_2h	viral_read.count	cluster_9
UL7	E	2h	2	NRK	NRK_2h	LT934125.1	-	559870.55017	NRK_2h	0.00578034682127385	0.00578034682127385			dcDNA	NRK_2h	viral_read.count	cluster_9
UL7	E	2h	2	PC_12	PC_12_2h	LT934125.1	-	501000.667129	PC_12_2h	0.00532623169204866	0.00532623169204866			dcDNA	PC_12_2h	viral_read.count	cluster_9
UL7	E	2h	2	PK_15	PK_15_2h	LT934125.1	-	507241.129629	PK_15_2h	0.00142755174946011	0.00142755174946011			dcDNA	PK_15_2h	viral_read.count	cluster_9
UL7	E	4h	4	C6	C6_4h	LT934125.1	-	528113.505012	C6_4h	0.00796019900476599	0.00796019900476599			dcDNA	C6_4h	viral_read.count	cluster_9
UL7	E	4h	4	PC_12	PC_12_4h	LT934125.1	-	444589.439919	PC_12_4h	0.00745089184890114	0.00745089184890114			dcDNA	PC_12_4h	viral_read.count	cluster_9
UL7	E	4h	4	PK_15	PK_15_4h	LT934125.1	-	560972.639473	PK_15_4h	0.00441421231760303	0.00441421231760303			dcDNA	PK_15_4h	viral_read.count	cluster_9
UL7	E	6h	6	C6	C6_6h	LT934125.1	-	504527.813725	C6_6h	0.00495726495737507	0.00495726495737507			dcDNA	C6_6h	viral_read.count	cluster_9
UL7	E	6h	6	PC_12	PC_12_6h	LT934125.1	-	516283.780172	PC_12_6h	0.00454263886078053	0.00454263886078053			dcDNA	PC_12_6h	viral_read.count	cluster_9
UL7	E	6h	6	PK_15	PK_15_6h	LT934125.1	-	586746.667283	PK_15_6h	0.00169058221939856	0.00169058221939856			dcDNA	PK_15_6h	viral_read.count	cluster_9
UL7	E	8h	8	C6	C6_8h	LT934125.1	-	571267.150906	C6_8h	0.00384289347202677	0.00384289347202677			dcDNA	C6_8h	viral_read.count	cluster_9
UL7	E	8h	8	PC_12	PC_12_8h	LT934125.1	-	580883.292866	PC_12_8h	0.00341090389125215	0.00341090389125215			dcDNA	PC_12_8h	viral_read.count	cluster_9
UL7	E	8h	8	PK_15	PK_15_8h	LT934125.1	-	617121.127721	PK_15_8h	0.00243775896403945	0.00243775896403945			dcDNA	PK_15_8h	viral_read.count	cluster_9
UL6	L	0.5h	0.5	PC_12	PC_12_0.5h	LT934125.1	-	451612.903224	PC_12_0.5h	0	0			dcDNA	PC_12_0.5h	viral_read.count	cluster_6
UL6	L	1.5h	1.5	PC_12	PC_12_1.5h	LT934125.1	-	515486.725677	PC_12_1.5h	0	0			dcDNA	PC_12_1.5h	viral_read.count	cluster_6
UL6	L	12h	12	C6	C6_12h	LT934125.1	-	567351.334736	C6_12h	0.00152850539146705	0.00152850539146705			dcDNA	C6_12h	viral_read.count	cluster_6
UL6	L	12h	12	PC_12	PC_12_12h	LT934125.1	-	639628.140639	PC_12_12h	0.000277451712525825	0.000277451712525825			dcDNA	PC_12_12h	viral_read.count	cluster_6
UL6	L	12h	12	PK_15	PK_15_12h	LT934125.1	-	709931.350122	PK_15_12h	0.000267534811594615	0.000267534811594615			dcDNA	PK_15_12h	viral_read.count	cluster_6
UL6	L	1h	1	C6	C6_1h	LT934125.1	-	539291.217247	C6_1h	0	0			dcDNA	C6_1h	viral_read.count	cluster_6
UL6	L	1h	1	NRK	NRK_1h	LT934125.1	-	575757.575757	NRK_1h	0	0			dcDNA	NRK_1h	viral_read.count	cluster_6
UL6	L	1h	1	PC_12	PC_12_1h	LT934125.1	-	443207.126941	PC_12_1h	0.00502512562776655	0.00502512562776655			dcDNA	PC_12_1h	viral_read.count	cluster_6
UL6	L	1h	1	PK_15	PK_15_1h	LT934125.1	-	134502.923971	PK_15_1h	0	0			dcDNA	PK_15_1h	viral_read.count	cluster_6
UL6	L	2.5h	2.5	PC_12	PC_12_2.5h	LT934125.1	-	523316.062167	PC_12_2.5h	0	0			dcDNA	PC_12_2.5h	viral_read.count	cluster_6
UL6	L	2h	2	C6	C6_2h	LT934125.1	-	474597.273858	C6_2h	0	0			dcDNA	C6_2h	viral_read.count	cluster_6
UL6	L	2h	2	NRK	NRK_2h	LT934125.1	-	559870.55017	NRK_2h	0	0			dcDNA	NRK_2h	viral_read.count	cluster_6
UL6	L	2h	2	PC_12	PC_12_2h	LT934125.1	-	501000.667129	PC_12_2h	0.00133155792351117	0.00133155792351117			dcDNA	PC_12_2h	viral_read.count	cluster_6
UL6	L	2h	2	PK_15	PK_15_2h	LT934125.1	-	507241.129629	PK_15_2h	0	0			dcDNA	PK_15_2h	viral_read.count	cluster_6
UL6	L	4h	4	C6	C6_4h	LT934125.1	-	528113.505012	C6_4h	0.000995024876305823	0.000995024876305823			dcDNA	C6_4h	viral_read.count	cluster_6
UL6	L	4h	4	PC_12	PC_12_4h	LT934125.1	-	444589.439919	PC_12_4h	0	0			dcDNA	PC_12_4h	viral_read.count	cluster_6
UL6	L	4h	4	PK_15	PK_15_4h	LT934125.1	-	560972.639473	PK_15_4h	0.000434184819118479	0.000434184819118479			dcDNA	PK_15_4h	viral_read.count	cluster_6
UL6	L	6h	6	C6	C6_6h	LT934125.1	-	504527.813725	C6_6h	0.000683760683980912	0.000683760683980912			dcDNA	C6_6h	viral_read.count	cluster_6
UL6	L	6h	6	PC_12	PC_12_6h	LT934125.1	-	516283.780172	PC_12_6h	0.000567829856871222	0.000567829856871222			dcDNA	PC_12_6h	viral_read.count	cluster_6
UL6	L	6h	6	PK_15	PK_15_6h	LT934125.1	-	586746.667283	PK_15_6h	0.000357358842736924	0.000357358842736924			dcDNA	PK_15_6h	viral_read.count	cluster_6
UL6	L	8h	8	C6	C6_8h	LT934125.1	-	571267.150906	C6_8h	0.00118677592598276	0.00118677592598276			dcDNA	C6_8h	viral_read.count	cluster_6
UL6	L	8h	8	PC_12	PC_12_8h	LT934125.1	-	580883.292866	PC_12_8h	0.000495131208854285	0.000495131208854285			dcDNA	PC_12_8h	viral_read.count	cluster_6
UL6	L	8h	8	PK_15	PK_15_8h	LT934125.1	-	617121.127721	PK_15_8h	0.000611216534415152	0.000611216534415152			dcDNA	PK_15_8h	viral_read.count	cluster_6
UL5	E	0.5h	0.5	PC_12	PC_12_0.5h	LT934125.1	+	451612.903224	PC_12_0.5h	0	0			dcDNA	PC_12_0.5h	viral_read.count	cluster_4
UL5	E	1.5h	1.5	PC_12	PC_12_1.5h	LT934125.1	+	515486.725677	PC_12_1.5h	0	0			dcDNA	PC_12_1.5h	viral_read.count	cluster_4
UL5	E	12h	12	C6	C6_12h	LT934125.1	+	567351.334736	C6_12h	8.62865952765929e-05	8.62865952765929e-05			dcDNA	C6_12h	viral_read.count	cluster_4
UL5	E	12h	12	PC_12	PC_12_12h	LT934125.1	+	639628.140639	PC_12_12h	5.33560983822654e-05	5.33560983822654e-05			dcDNA	PC_12_12h	viral_read.count	cluster_4
UL5	E	12h	12	PK_15	PK_15_12h	LT934125.1	+	709931.350122	PK_15_12h	4.51263548151446e-05	4.51263548151446e-05			dcDNA	PK_15_12h	viral_read.count	cluster_4
UL5	E	1h	1	C6	C6_1h	LT934125.1	+	539291.217247	C6_1h	0.0057142857151122	0.0057142857151122			dcDNA	C6_1h	viral_read.count	cluster_4
UL5	E	1h	1	NRK	NRK_1h	LT934125.1	+	575757.575757	NRK_1h	0	0			dcDNA	NRK_1h	viral_read.count	cluster_4
UL5	E	1h	1	PC_12	PC_12_1h	LT934125.1	+	443207.126941	PC_12_1h	0	0			dcDNA	PC_12_1h	viral_read.count	cluster_4
UL5	E	1h	1	PK_15	PK_15_1h	LT934125.1	+	134502.923971	PK_15_1h	0.0217391304342977	0.0217391304342977			dcDNA	PK_15_1h	viral_read.count	cluster_4
UL5	E	2.5h	2.5	PC_12	PC_12_2.5h	LT934125.1	+	523316.062167	PC_12_2.5h	0.00141442715695547	0.00141442715695547			dcDNA	PC_12_2.5h	viral_read.count	cluster_4
UL5	E	2h	2	C6	C6_2h	LT934125.1	+	474597.273858	C6_2h	0	0			dcDNA	C6_2h	viral_read.count	cluster_4
UL5	E	2h	2	NRK	NRK_2h	LT934125.1	+	559870.55017	NRK_2h	0	0			dcDNA	NRK_2h	viral_read.count	cluster_4
UL5	E	2h	2	PC_12	PC_12_2h	LT934125.1	+	501000.667129	PC_12_2h	0.00133155792351117	0.00133155792351117			dcDNA	PC_12_2h	viral_read.count	cluster_4
UL5	E	2h	2	PK_15	PK_15_2h	LT934125.1	+	507241.129629	PK_15_2h	0	0			dcDNA	PK_15_2h	viral_read.count	cluster_4
UL5	E	4h	4	C6	C6_4h	LT934125.1	+	528113.505012	C6_4h	0.000995024876305823	0.000995024876305823			dcDNA	C6_4h	viral_read.count	cluster_4
UL5	E	4h	4	PC_12	PC_12_4h	LT934125.1	+	444589.439919	PC_12_4h	0.000225784602572406	0.000225784602572406			dcDNA	PC_12_4h	viral_read.count	cluster_4
UL5	E	4h	4	PK_15	PK_15_4h	LT934125.1	+	560972.639473	PK_15_4h	7.23641371139525e-05	7.23641371139525e-05			dcDNA	PK_15_4h	viral_read.count	cluster_4
UL5	E	6h	6	C6	C6_6h	LT934125.1	+	504527.813725	C6_6h	0.000854700853489601	0.000854700853489601			dcDNA	C6_6h	viral_read.count	cluster_4
UL5	E	6h	6	PC_12	PC_12_6h	LT934125.1	+	516283.780172	PC_12_6h	0.000309725376123045	0.000309725376123045			dcDNA	PC_12_6h	viral_read.count	cluster_4
UL5	E	6h	6	PK_15	PK_15_6h	LT934125.1	+	586746.667283	PK_15_6h	0.000109956566602674	0.000109956566602674			dcDNA	PK_15_6h	viral_read.count	cluster_4
UL5	E	8h	8	C6	C6_8h	LT934125.1	+	571267.150906	C6_8h	0	0			dcDNA	C6_8h	viral_read.count	cluster_4
UL5	E	8h	8	PC_12	PC_12_8h	LT934125.1	+	580883.292866	PC_12_8h	0.000165043736284762	0.000165043736284762			dcDNA	PC_12_8h	viral_read.count	cluster_4
UL5	E	8h	8	PK_15	PK_15_8h	LT934125.1	+	617121.127721	PK_15_8h	0.000220322238037959	0.000220322238037959			dcDNA	PK_15_8h	viral_read.count	cluster_4
UL4	L	0.5h	0.5	PC_12	PC_12_0.5h	LT934125.1	+	451612.903224	PC_12_0.5h	0	0			dcDNA	PC_12_0.5h	viral_read.count	cluster_9
UL4	L	1.5h	1.5	PC_12	PC_12_1.5h	LT934125.1	+	515486.725677	PC_12_1.5h	0	0			dcDNA	PC_12_1.5h	viral_read.count	cluster_9
UL4	L	12h	12	C6	C6_12h	LT934125.1	+	567351.334736	C6_12h	0.00332819722699453	0.00332819722699453			dcDNA	C6_12h	viral_read.count	cluster_9
UL4	L	12h	12	PC_12	PC_12_12h	LT934125.1	+	639628.140639	PC_12_12h	0.00203820296852104	0.00203820296852104			dcDNA	PC_12_12h	viral_read.count	cluster_9
UL4	L	12h	12	PK_15	PK_15_12h	LT934125.1	+	709931.350122	PK_15_12h	0.00147305311960134	0.00147305311960134			dcDNA	PK_15_12h	viral_read.count	cluster_9
UL4	L	1h	1	C6	C6_1h	LT934125.1	+	539291.217247	C6_1h	0	0			dcDNA	C6_1h	viral_read.count	cluster_9
UL4	L	1h	1	NRK	NRK_1h	LT934125.1	+	575757.575757	NRK_1h	0	0			dcDNA	NRK_1h	viral_read.count	cluster_9
UL4	L	1h	1	PC_12	PC_12_1h	LT934125.1	+	443207.126941	PC_12_1h	0	0			dcDNA	PC_12_1h	viral_read.count	cluster_9
UL4	L	1h	1	PK_15	PK_15_1h	LT934125.1	+	134502.923971	PK_15_1h	0	0			dcDNA	PK_15_1h	viral_read.count	cluster_9
UL4	L	2.5h	2.5	PC_12	PC_12_2.5h	LT934125.1	+	523316.062167	PC_12_2.5h	0.00707213578477733	0.00707213578477733			dcDNA	PC_12_2.5h	viral_read.count	cluster_9
UL4	L	2h	2	C6	C6_2h	LT934125.1	+	474597.273858	C6_2h	0.0130548302872338	0.0130548302872338			dcDNA	C6_2h	viral_read.count	cluster_9
UL4	L	2h	2	NRK	NRK_2h	LT934125.1	+	559870.55017	NRK_2h	0.00578034682127385	0.00578034682127385			dcDNA	NRK_2h	viral_read.count	cluster_9
UL4	L	2h	2	PC_12	PC_12_2h	LT934125.1	+	501000.667129	PC_12_2h	0.00133155792351117	0.00133155792351117			dcDNA	PC_12_2h	viral_read.count	cluster_9
UL4	L	2h	2	PK_15	PK_15_2h	LT934125.1	+	507241.129629	PK_15_2h	0.00142755174946011	0.00142755174946011			dcDNA	PK_15_2h	viral_read.count	cluster_9
UL4	L	4h	4	C6	C6_4h	LT934125.1	+	528113.505012	C6_4h	0	0			dcDNA	C6_4h	viral_read.count	cluster_9
UL4	L	4h	4	PC_12	PC_12_4h	LT934125.1	+	444589.439919	PC_12_4h	0	0			dcDNA	PC_12_4h	viral_read.count	cluster_9
UL4	L	4h	4	PK_15	PK_15_4h	LT934125.1	+	560972.639473	PK_15_4h	0.00369057095359398	0.00369057095359398			dcDNA	PK_15_4h	viral_read.count	cluster_9
UL4	L	6h	6	C6	C6_6h	LT934125.1	+	504527.813725	C6_6h	0.00358974358941325	0.00358974358941325			dcDNA	C6_6h	viral_read.count	cluster_9
UL4	L	6h	6	PC_12	PC_12_6h	LT934125.1	+	516283.780172	PC_12_6h	0.00299401197629147	0.00299401197629147			dcDNA	PC_12_6h	viral_read.count	cluster_9
UL4	L	6h	6	PK_15	PK_15_6h	LT934125.1	+	586746.667283	PK_15_6h	0.00240529990657672	0.00240529990657672			dcDNA	PK_15_6h	viral_read.count	cluster_9
UL4	L	8h	8	C6	C6_8h	LT934125.1	+	571267.150906	C6_8h	0.00457756428293265	0.00457756428293265			dcDNA	C6_8h	viral_read.count	cluster_9
UL4	L	8h	8	PC_12	PC_12_8h	LT934125.1	+	580883.292866	PC_12_8h	0.00275072894267007	0.00275072894267007			dcDNA	PC_12_8h	viral_read.count	cluster_9
UL4	L	8h	8	PK_15	PK_15_8h	LT934125.1	+	617121.127721	PK_15_8h	0.00185497110952509	0.00185497110952509			dcDNA	PK_15_8h	viral_read.count	cluster_9
UL3.5	L	0.5h	0.5	PC_12	PC_12_0.5h	LT934125.1	-	451612.903224	PC_12_0.5h	0	0			dcDNA	PC_12_0.5h	viral_read.count	cluster_7
UL3.5	L	1.5h	1.5	PC_12	PC_12_1.5h	LT934125.1	-	515486.725677	PC_12_1.5h	0	0			dcDNA	PC_12_1.5h	viral_read.count	cluster_7
UL3.5	L	12h	12	C6	C6_12h	LT934125.1	-	567351.334736	C6_12h	0.000197226501726779	0.000197226501726779			dcDNA	C6_12h	viral_read.count	cluster_7
UL3.5	L	12h	12	PC_12	PC_12_12h	LT934125.1	-	639628.140639	PC_12_12h	8.5369757098943e-05	8.5369757098943e-05			dcDNA	PC_12_12h	viral_read.count	cluster_7
UL3.5	L	12h	12	PK_15	PK_15_12h	LT934125.1	-	709931.350122	PK_15_12h	0	0			dcDNA	PK_15_12h	viral_read.count	cluster_7
UL3.5	L	1h	1	C6	C6_1h	LT934125.1	-	539291.217247	C6_1h	0	0			dcDNA	C6_1h	viral_read.count	cluster_7
UL3.5	L	1h	1	NRK	NRK_1h	LT934125.1	-	575757.575757	NRK_1h	0	0			dcDNA	NRK_1h	viral_read.count	cluster_7
UL3.5	L	1h	1	PC_12	PC_12_1h	LT934125.1	-	443207.126941	PC_12_1h	0	0			dcDNA	PC_12_1h	viral_read.count	cluster_7
UL3.5	L	1h	1	PK_15	PK_15_1h	LT934125.1	-	134502.923971	PK_15_1h	0	0			dcDNA	PK_15_1h	viral_read.count	cluster_7
UL3.5	L	2.5h	2.5	PC_12	PC_12_2.5h	LT934125.1	-	523316.062167	PC_12_2.5h	0.00141442715695547	0.00141442715695547			dcDNA	PC_12_2.5h	viral_read.count	cluster_7
UL3.5	L	2h	2	C6	C6_2h	LT934125.1	-	474597.273858	C6_2h	0	0			dcDNA	C6_2h	viral_read.count	cluster_7
UL3.5	L	2h	2	NRK	NRK_2h	LT934125.1	-	559870.55017	NRK_2h	0	0			dcDNA	NRK_2h	viral_read.count	cluster_7
UL3.5	L	2h	2	PC_12	PC_12_2h	LT934125.1	-	501000.667129	PC_12_2h	0	0			dcDNA	PC_12_2h	viral_read.count	cluster_7
UL3.5	L	2h	2	PK_15	PK_15_2h	LT934125.1	-	507241.129629	PK_15_2h	0	0			dcDNA	PK_15_2h	viral_read.count	cluster_7
UL3.5	L	4h	4	C6	C6_4h	LT934125.1	-	528113.505012	C6_4h	0	0			dcDNA	C6_4h	viral_read.count	cluster_7
UL3.5	L	4h	4	PC_12	PC_12_4h	LT934125.1	-	444589.439919	PC_12_4h	0	0			dcDNA	PC_12_4h	viral_read.count	cluster_7
UL3.5	L	4h	4	PK_15	PK_15_4h	LT934125.1	-	560972.639473	PK_15_4h	0.000434184820901097	0.000434184820901097			dcDNA	PK_15_4h	viral_read.count	cluster_7
UL3.5	L	6h	6	C6	C6_6h	LT934125.1	-	504527.813725	C6_6h	0.00034188034099943	0.00034188034099943			dcDNA	C6_6h	viral_read.count	cluster_7
UL3.5	L	6h	6	PC_12	PC_12_6h	LT934125.1	-	516283.780172	PC_12_6h	0	0			dcDNA	PC_12_6h	viral_read.count	cluster_7
UL3.5	L	6h	6	PK_15	PK_15_6h	LT934125.1	-	586746.667283	PK_15_6h	0.000123701137214969	0.000123701137214969			dcDNA	PK_15_6h	viral_read.count	cluster_7
UL3.5	L	8h	8	C6	C6_8h	LT934125.1	-	571267.150906	C6_8h	0.000282565695828993	0.000282565695828993			dcDNA	C6_8h	viral_read.count	cluster_7
UL3.5	L	8h	8	PC_12	PC_12_8h	LT934125.1	-	580883.292866	PC_12_8h	0.000110029156949336	0.000110029156949336			dcDNA	PC_12_8h	viral_read.count	cluster_7
UL3.5	L	8h	8	PK_15	PK_15_8h	LT934125.1	-	617121.127721	PK_15_8h	8.52860283594031e-05	8.52860283594031e-05			dcDNA	PK_15_8h	viral_read.count	cluster_7
UL3	L	0.5h	0.5	PC_12	PC_12_0.5h	LT934125.1	-	451612.903224	PC_12_0.5h	0	0			dcDNA	PC_12_0.5h	viral_read.count	cluster_7
UL3	L	1.5h	1.5	PC_12	PC_12_1.5h	LT934125.1	-	515486.725677	PC_12_1.5h	0	0			dcDNA	PC_12_1.5h	viral_read.count	cluster_7
UL3	L	12h	12	C6	C6_12h	LT934125.1	-	567351.334736	C6_12h	0	0			dcDNA	C6_12h	viral_read.count	cluster_7
UL3	L	12h	12	PC_12	PC_12_12h	LT934125.1	-	639628.140639	PC_12_12h	4.26848793311757e-05	4.26848793311757e-05			dcDNA	PC_12_12h	viral_read.count	cluster_7
UL3	L	12h	12	PK_15	PK_15_12h	LT934125.1	-	709931.350122	PK_15_12h	2.90097993227948e-05	2.90097993227948e-05			dcDNA	PK_15_12h	viral_read.count	cluster_7
UL3	L	1h	1	C6	C6_1h	LT934125.1	-	539291.217247	C6_1h	0	0			dcDNA	C6_1h	viral_read.count	cluster_7
UL3	L	1h	1	NRK	NRK_1h	LT934125.1	-	575757.575757	NRK_1h	0	0			dcDNA	NRK_1h	viral_read.count	cluster_7
UL3	L	1h	1	PC_12	PC_12_1h	LT934125.1	-	443207.126941	PC_12_1h	0	0			dcDNA	PC_12_1h	viral_read.count	cluster_7
UL3	L	1h	1	PK_15	PK_15_1h	LT934125.1	-	134502.923971	PK_15_1h	0	0			dcDNA	PK_15_1h	viral_read.count	cluster_7
UL3	L	2.5h	2.5	PC_12	PC_12_2.5h	LT934125.1	-	523316.062167	PC_12_2.5h	0	0			dcDNA	PC_12_2.5h	viral_read.count	cluster_7
UL3	L	2h	2	C6	C6_2h	LT934125.1	-	474597.273858	C6_2h	0	0			dcDNA	C6_2h	viral_read.count	cluster_7
UL3	L	2h	2	NRK	NRK_2h	LT934125.1	-	559870.55017	NRK_2h	0	0			dcDNA	NRK_2h	viral_read.count	cluster_7
UL3	L	2h	2	PC_12	PC_12_2h	LT934125.1	-	501000.667129	PC_12_2h	0	0			dcDNA	PC_12_2h	viral_read.count	cluster_7
UL3	L	2h	2	PK_15	PK_15_2h	LT934125.1	-	507241.129629	PK_15_2h	0	0			dcDNA	PK_15_2h	viral_read.count	cluster_7
UL3	L	4h	4	C6	C6_4h	LT934125.1	-	528113.505012	C6_4h	0	0			dcDNA	C6_4h	viral_read.count	cluster_7
UL3	L	4h	4	PC_12	PC_12_4h	LT934125.1	-	444589.439919	PC_12_4h	0	0			dcDNA	PC_12_4h	viral_read.count	cluster_7
UL3	L	4h	4	PK_15	PK_15_4h	LT934125.1	-	560972.639473	PK_15_4h	0.000144728274227905	0.000144728274227905			dcDNA	PK_15_4h	viral_read.count	cluster_7
UL3	L	6h	6	C6	C6_6h	LT934125.1	-	504527.813725	C6_6h	0	0			dcDNA	C6_6h	viral_read.count	cluster_7
UL3	L	6h	6	PC_12	PC_12_6h	LT934125.1	-	516283.780172	PC_12_6h	5.16208953748677e-05	5.16208953748677e-05			dcDNA	PC_12_6h	viral_read.count	cluster_7
UL3	L	6h	6	PK_15	PK_15_6h	LT934125.1	-	586746.667283	PK_15_6h	0	0			dcDNA	PK_15_6h	viral_read.count	cluster_7
UL3	L	8h	8	C6	C6_8h	LT934125.1	-	571267.150906	C6_8h	0	0			dcDNA	C6_8h	viral_read.count	cluster_7
UL3	L	8h	8	PC_12	PC_12_8h	LT934125.1	-	580883.292866	PC_12_8h	0	0			dcDNA	PC_12_8h	viral_read.count	cluster_7
UL3	L	8h	8	PK_15	PK_15_8h	LT934125.1	-	617121.127721	PK_15_8h	0	0			dcDNA	PK_15_8h	viral_read.count	cluster_7
UL2	E	0.5h	0.5	PC_12	PC_12_0.5h	LT934125.1	-	451612.903224	PC_12_0.5h	0	0			dcDNA	PC_12_0.5h	viral_read.count	cluster_3
UL2	E	1.5h	1.5	PC_12	PC_12_1.5h	LT934125.1	-	515486.725677	PC_12_1.5h	0	0			dcDNA	PC_12_1.5h	viral_read.count	cluster_3
UL2	E	12h	12	C6	C6_12h	LT934125.1	-	567351.334736	C6_12h	0.00384591679689151	0.00384591679689151			dcDNA	C6_12h	viral_read.count	cluster_3
UL2	E	12h	12	PC_12	PC_12_12h	LT934125.1	-	639628.140639	PC_12_12h	0.000426848788621532	0.000426848788621532			dcDNA	PC_12_12h	viral_read.count	cluster_3
UL2	E	12h	12	PK_15	PK_15_12h	LT934125.1	-	709931.350122	PK_15_12h	0.000109592572558783	0.000109592572558783			dcDNA	PK_15_12h	viral_read.count	cluster_3
UL2	E	1h	1	C6	C6_1h	LT934125.1	-	539291.217247	C6_1h	0.00857142857174115	0.00857142857174115			dcDNA	C6_1h	viral_read.count	cluster_3
UL2	E	1h	1	NRK	NRK_1h	LT934125.1	-	575757.575757	NRK_1h	0	0			dcDNA	NRK_1h	viral_read.count	cluster_3
UL2	E	1h	1	PC_12	PC_12_1h	LT934125.1	-	443207.126941	PC_12_1h	0.00502512562776655	0.00502512562776655			dcDNA	PC_12_1h	viral_read.count	cluster_3
UL2	E	1h	1	PK_15	PK_15_1h	LT934125.1	-	134502.923971	PK_15_1h	0	0			dcDNA	PK_15_1h	viral_read.count	cluster_3
UL2	E	2.5h	2.5	PC_12	PC_12_2.5h	LT934125.1	-	523316.062167	PC_12_2.5h	0.00282885431391093	0.00282885431391093			dcDNA	PC_12_2.5h	viral_read.count	cluster_3
UL2	E	2h	2	C6	C6_2h	LT934125.1	-	474597.273858	C6_2h	0	0			dcDNA	C6_2h	viral_read.count	cluster_3
UL2	E	2h	2	NRK	NRK_2h	LT934125.1	-	559870.55017	NRK_2h	0	0			dcDNA	NRK_2h	viral_read.count	cluster_3
UL2	E	2h	2	PC_12	PC_12_2h	LT934125.1	-	501000.667129	PC_12_2h	0.00266311584502633	0.00266311584502633			dcDNA	PC_12_2h	viral_read.count	cluster_3
UL2	E	2h	2	PK_15	PK_15_2h	LT934125.1	-	507241.129629	PK_15_2h	0.00142755174946011	0.00142755174946011			dcDNA	PK_15_2h	viral_read.count	cluster_3
UL2	E	4h	4	C6	C6_4h	LT934125.1	-	528113.505012	C6_4h	0.00497512437774205	0.00497512437774205			dcDNA	C6_4h	viral_read.count	cluster_3
UL2	E	4h	4	PC_12	PC_12_4h	LT934125.1	-	444589.439919	PC_12_4h	0.0013547076109359	0.0013547076109359			dcDNA	PC_12_4h	viral_read.count	cluster_3
UL2	E	4h	4	PK_15	PK_15_4h	LT934125.1	-	560972.639473	PK_15_4h	0.00173673927290868	0.00173673927290868			dcDNA	PK_15_4h	viral_read.count	cluster_3
UL2	E	6h	6	C6	C6_6h	LT934125.1	-	504527.813725	C6_6h	0.00410256410388547	0.00410256410388547			dcDNA	C6_6h	viral_read.count	cluster_3
UL2	E	6h	6	PC_12	PC_12_6h	LT934125.1	-	516283.780172	PC_12_6h	0.00149700598911419	0.00149700598911419			dcDNA	PC_12_6h	viral_read.count	cluster_3
UL2	E	6h	6	PK_15	PK_15_6h	LT934125.1	-	586746.667283	PK_15_6h	0.000934630820383509	0.000934630820383509			dcDNA	PK_15_6h	viral_read.count	cluster_3
UL2	E	8h	8	C6	C6_8h	LT934125.1	-	571267.150906	C6_8h	0.00389940661119257	0.00389940661119257			dcDNA	C6_8h	viral_read.count	cluster_3
UL2	E	8h	8	PC_12	PC_12_8h	LT934125.1	-	580883.292866	PC_12_8h	0.000990262421151602	0.000990262421151602			dcDNA	PC_12_8h	viral_read.count	cluster_3
UL2	E	8h	8	PK_15	PK_15_8h	LT934125.1	-	617121.127721	PK_15_8h	0.000867074617872934	0.000867074617872934			dcDNA	PK_15_8h	viral_read.count	cluster_3
UL1	L	0.5h	0.5	PC_12	PC_12_0.5h	LT934125.1	-	451612.903224	PC_12_0.5h	0	0			dcDNA	PC_12_0.5h	viral_read.count	cluster_4
UL1	L	1.5h	1.5	PC_12	PC_12_1.5h	LT934125.1	-	515486.725677	PC_12_1.5h	0	0			dcDNA	PC_12_1.5h	viral_read.count	cluster_4
UL1	L	12h	12	C6	C6_12h	LT934125.1	-	567351.334736	C6_12h	0.00480739599435181	0.00480739599435181			dcDNA	C6_12h	viral_read.count	cluster_4
UL1	L	12h	12	PC_12	PC_12_12h	LT934125.1	-	639628.140639	PC_12_12h	0.00463130936053031	0.00463130936053031			dcDNA	PC_12_12h	viral_read.count	cluster_4
UL1	L	12h	12	PK_15	PK_15_12h	LT934125.1	-	709931.350122	PK_15_12h	0.00193720990313171	0.00193720990313171			dcDNA	PK_15_12h	viral_read.count	cluster_4
UL1	L	1h	1	C6	C6_1h	LT934125.1	-	539291.217247	C6_1h	0	0			dcDNA	C6_1h	viral_read.count	cluster_4
UL1	L	1h	1	NRK	NRK_1h	LT934125.1	-	575757.575757	NRK_1h	0	0			dcDNA	NRK_1h	viral_read.count	cluster_4
UL1	L	1h	1	PC_12	PC_12_1h	LT934125.1	-	443207.126941	PC_12_1h	0.00502512562776655	0.00502512562776655			dcDNA	PC_12_1h	viral_read.count	cluster_4
UL1	L	1h	1	PK_15	PK_15_1h	LT934125.1	-	134502.923971	PK_15_1h	0.0217391304342977	0.0217391304342977			dcDNA	PK_15_1h	viral_read.count	cluster_4
UL1	L	2.5h	2.5	PC_12	PC_12_2.5h	LT934125.1	-	523316.062167	PC_12_2.5h	0.00565770862782187	0.00565770862782187			dcDNA	PC_12_2.5h	viral_read.count	cluster_4
UL1	L	2h	2	C6	C6_2h	LT934125.1	-	474597.273858	C6_2h	0.00783289817234027	0.00783289817234027			dcDNA	C6_2h	viral_read.count	cluster_4
UL1	L	2h	2	NRK	NRK_2h	LT934125.1	-	559870.55017	NRK_2h	0.00578034682127385	0.00578034682127385			dcDNA	NRK_2h	viral_read.count	cluster_4
UL1	L	2h	2	PC_12	PC_12_2h	LT934125.1	-	501000.667129	PC_12_2h	0.00665778961356382	0.00665778961356382			dcDNA	PC_12_2h	viral_read.count	cluster_4
UL1	L	2h	2	PK_15	PK_15_2h	LT934125.1	-	507241.129629	PK_15_2h	0.00285510349694877	0.00285510349694877			dcDNA	PK_15_2h	viral_read.count	cluster_4
UL1	L	4h	4	C6	C6_4h	LT934125.1	-	528113.505012	C6_4h	0.00497512437963558	0.00497512437963558			dcDNA	C6_4h	viral_read.count	cluster_4
UL1	L	4h	4	PC_12	PC_12_4h	LT934125.1	-	444589.439919	PC_12_4h	0.00903138405791092	0.00903138405791092			dcDNA	PC_12_4h	viral_read.count	cluster_4
UL1	L	4h	4	PK_15	PK_15_4h	LT934125.1	-	560972.639473	PK_15_4h	0.00412475577271246	0.00412475577271246			dcDNA	PK_15_4h	viral_read.count	cluster_4
UL1	L	6h	6	C6	C6_6h	LT934125.1	-	504527.813725	C6_6h	0.00547008546986524	0.00547008546986524			dcDNA	C6_6h	viral_read.count	cluster_4
UL1	L	6h	6	PC_12	PC_12_6h	LT934125.1	-	516283.780172	PC_12_6h	0.00913689861499901	0.00913689861499901			dcDNA	PC_12_6h	viral_read.count	cluster_4
UL1	L	6h	6	PK_15	PK_15_6h	LT934125.1	-	586746.667283	PK_15_6h	0.00380724613629982	0.00380724613629982			dcDNA	PK_15_6h	viral_read.count	cluster_4
UL1	L	8h	8	C6	C6_8h	LT934125.1	-	571267.150906	C6_8h	0.00401243288952417	0.00401243288952417			dcDNA	C6_8h	viral_read.count	cluster_4
UL1	L	8h	8	PC_12	PC_12_8h	LT934125.1	-	580883.292866	PC_12_8h	0.00484128294020109	0.00484128294020109			dcDNA	PC_12_8h	viral_read.count	cluster_4
UL1	L	8h	8	PK_15	PK_15_8h	LT934125.1	-	617121.127721	PK_15_8h	0.00484708925952109	0.00484708925952109			dcDNA	PK_15_8h	viral_read.count	cluster_4
EP0	E	0.5h	0.5	PC_12	PC_12_0.5h	LT934125.1	-	451612.903224	PC_12_0.5h	0	0			dcDNA	PC_12_0.5h	viral_read.count	cluster_4
EP0	E	1.5h	1.5	PC_12	PC_12_1.5h	LT934125.1	-	515486.725677	PC_12_1.5h	0	0			dcDNA	PC_12_1.5h	viral_read.count	cluster_4
EP0	E	12h	12	C6	C6_12h	LT934125.1	-	567351.334736	C6_12h	0.00511556240605393	0.00511556240605393			dcDNA	C6_12h	viral_read.count	cluster_4
EP0	E	12h	12	PC_12	PC_12_12h	LT934125.1	-	639628.140639	PC_12_12h	0.00155799808151724	0.00155799808151724			dcDNA	PC_12_12h	viral_read.count	cluster_4
EP0	E	12h	12	PK_15	PK_15_12h	LT934125.1	-	709931.350122	PK_15_12h	0.000809051058107655	0.000809051058107655			dcDNA	PK_15_12h	viral_read.count	cluster_4
EP0	E	1h	1	C6	C6_1h	LT934125.1	-	539291.217247	C6_1h	0	0			dcDNA	C6_1h	viral_read.count	cluster_4
EP0	E	1h	1	NRK	NRK_1h	LT934125.1	-	575757.575757	NRK_1h	0	0			dcDNA	NRK_1h	viral_read.count	cluster_4
EP0	E	1h	1	PC_12	PC_12_1h	LT934125.1	-	443207.126941	PC_12_1h	0	0			dcDNA	PC_12_1h	viral_read.count	cluster_4
EP0	E	1h	1	PK_15	PK_15_1h	LT934125.1	-	134502.923971	PK_15_1h	0.130434782613221	0.130434782613221			dcDNA	PK_15_1h	viral_read.count	cluster_4
EP0	E	2.5h	2.5	PC_12	PC_12_2.5h	LT934125.1	-	523316.062167	PC_12_2.5h	0	0			dcDNA	PC_12_2.5h	viral_read.count	cluster_4
EP0	E	2h	2	C6	C6_2h	LT934125.1	-	474597.273858	C6_2h	0.0339425587468078	0.0339425587468078			dcDNA	C6_2h	viral_read.count	cluster_4
EP0	E	2h	2	NRK	NRK_2h	LT934125.1	-	559870.55017	NRK_2h	0	0			dcDNA	NRK_2h	viral_read.count	cluster_4
EP0	E	2h	2	PC_12	PC_12_2h	LT934125.1	-	501000.667129	PC_12_2h	0.0346205059933263	0.0346205059933263			dcDNA	PC_12_2h	viral_read.count	cluster_4
EP0	E	2h	2	PK_15	PK_15_2h	LT934125.1	-	507241.129629	PK_15_2h	0	0			dcDNA	PK_15_2h	viral_read.count	cluster_4
EP0	E	4h	4	C6	C6_4h	LT934125.1	-	528113.505012	C6_4h	0	0			dcDNA	C6_4h	viral_read.count	cluster_4
EP0	E	4h	4	PC_12	PC_12_4h	LT934125.1	-	444589.439919	PC_12_4h	0.00722510724632874	0.00722510724632874			dcDNA	PC_12_4h	viral_read.count	cluster_4
EP0	E	4h	4	PK_15	PK_15_4h	LT934125.1	-	560972.639473	PK_15_4h	0.0219263333084394	0.0219263333084394			dcDNA	PK_15_4h	viral_read.count	cluster_4
EP0	E	6h	6	C6	C6_6h	LT934125.1	-	504527.813725	C6_6h	0.000170940171490741	0.000170940171490741			dcDNA	C6_6h	viral_read.count	cluster_4
EP0	E	6h	6	PC_12	PC_12_6h	LT934125.1	-	516283.780172	PC_12_6h	0.00614288664064446	0.00614288664064446			dcDNA	PC_12_6h	viral_read.count	cluster_4
EP0	E	6h	6	PK_15	PK_15_6h	LT934125.1	-	586746.667283	PK_15_6h	0.0073258562829242	0.0073258562829242			dcDNA	PK_15_6h	viral_read.count	cluster_4
EP0	E	8h	8	C6	C6_8h	LT934125.1	-	571267.150906	C6_8h	0.000169539417497396	0.000169539417497396			dcDNA	C6_8h	viral_read.count	cluster_4
EP0	E	8h	8	PC_12	PC_12_8h	LT934125.1	-	580883.292866	PC_12_8h	0.00456621004352396	0.00456621004352396			dcDNA	PC_12_8h	viral_read.count	cluster_4
EP0	E	8h	8	PK_15	PK_15_8h	LT934125.1	-	617121.127721	PK_15_8h	0.00534459108729647	0.00534459108729647			dcDNA	PK_15_8h	viral_read.count	cluster_4
ELIE	E	0.5h	0.5	PC_12	PC_12_0.5h	LT934125.1	+	451612.903224	PC_12_0.5h	0	0			dcDNA	PC_12_0.5h	viral_read.count	
ELIE	E	1.5h	1.5	PC_12	PC_12_1.5h	LT934125.1	+	515486.725677	PC_12_1.5h	0	0			dcDNA	PC_12_1.5h	viral_read.count	
ELIE	E	12h	12	C6	C6_12h	LT934125.1	+	567351.334736	C6_12h	0	0			dcDNA	C6_12h	viral_read.count	
ELIE	E	12h	12	PC_12	PC_12_12h	LT934125.1	+	639628.140639	PC_12_12h	0	0			dcDNA	PC_12_12h	viral_read.count	
ELIE	E	12h	12	PK_15	PK_15_12h	LT934125.1	+	709931.350122	PK_15_12h	0	0			dcDNA	PK_15_12h	viral_read.count	
ELIE	E	1h	1	C6	C6_1h	LT934125.1	+	539291.217247	C6_1h	0	0			dcDNA	C6_1h	viral_read.count	
ELIE	E	1h	1	NRK	NRK_1h	LT934125.1	+	575757.575757	NRK_1h	0	0			dcDNA	NRK_1h	viral_read.count	
ELIE	E	1h	1	PC_12	PC_12_1h	LT934125.1	+	443207.126941	PC_12_1h	0	0			dcDNA	PC_12_1h	viral_read.count	
ELIE	E	1h	1	PK_15	PK_15_1h	LT934125.1	+	134502.923971	PK_15_1h	0	0			dcDNA	PK_15_1h	viral_read.count	
ELIE	E	2.5h	2.5	PC_12	PC_12_2.5h	LT934125.1	+	523316.062167	PC_12_2.5h	0	0			dcDNA	PC_12_2.5h	viral_read.count	
ELIE	E	2h	2	C6	C6_2h	LT934125.1	+	474597.273858	C6_2h	0	0			dcDNA	C6_2h	viral_read.count	
ELIE	E	2h	2	NRK	NRK_2h	LT934125.1	+	559870.55017	NRK_2h	0	0			dcDNA	NRK_2h	viral_read.count	
ELIE	E	2h	2	PC_12	PC_12_2h	LT934125.1	+	501000.667129	PC_12_2h	0	0			dcDNA	PC_12_2h	viral_read.count	
ELIE	E	2h	2	PK_15	PK_15_2h	LT934125.1	+	507241.129629	PK_15_2h	0	0			dcDNA	PK_15_2h	viral_read.count	
ELIE	E	4h	4	C6	C6_4h	LT934125.1	+	528113.505012	C6_4h	0	0			dcDNA	C6_4h	viral_read.count	
ELIE	E	4h	4	PC_12	PC_12_4h	LT934125.1	+	444589.439919	PC_12_4h	0	0			dcDNA	PC_12_4h	viral_read.count	
ELIE	E	4h	4	PK_15	PK_15_4h	LT934125.1	+	560972.639473	PK_15_4h	0	0			dcDNA	PK_15_4h	viral_read.count	
ELIE	E	6h	6	C6	C6_6h	LT934125.1	+	504527.813725	C6_6h	0	0			dcDNA	C6_6h	viral_read.count	
ELIE	E	6h	6	PC_12	PC_12_6h	LT934125.1	+	516283.780172	PC_12_6h	5.16208953748677e-05	5.16208953748677e-05			dcDNA	PC_12_6h	viral_read.count	
ELIE	E	6h	6	PK_15	PK_15_6h	LT934125.1	+	586746.667283	PK_15_6h	0	0			dcDNA	PK_15_6h	viral_read.count	
ELIE	E	8h	8	C6	C6_8h	LT934125.1	+	571267.150906	C6_8h	0	0			dcDNA	C6_8h	viral_read.count	
ELIE	E	8h	8	PC_12	PC_12_8h	LT934125.1	+	580883.292866	PC_12_8h	0	0			dcDNA	PC_12_8h	viral_read.count	
ELIE	E	8h	8	PK_15	PK_15_8h	LT934125.1	+	617121.127721	PK_15_8h	0	0			dcDNA	PK_15_8h	viral_read.count	
IE180	IE	0.5h	0.5	PC_12	PC_12_0.5h	LT934125.1	-	451612.903224	PC_12_0.5h	0	0			dcDNA	PC_12_0.5h	viral_read.count	cluster_4
IE180	IE	1.5h	1.5	PC_12	PC_12_1.5h	LT934125.1	-	515486.725677	PC_12_1.5h	0	0			dcDNA	PC_12_1.5h	viral_read.count	cluster_4
IE180	IE	12h	12	C6	C6_12h	LT934125.1	-	567351.334736	C6_12h	0.00245300462481082	0.00245300462481082			dcDNA	C6_12h	viral_read.count	cluster_4
IE180	IE	12h	12	PC_12	PC_12_12h	LT934125.1	-	639628.140639	PC_12_12h	0.000811012697911888	0.000811012697911888			dcDNA	PC_12_12h	viral_read.count	cluster_4
IE180	IE	12h	12	PK_15	PK_15_12h	LT934125.1	-	709931.350122	PK_15_12h	0.000170835482866277	0.000170835482866277			dcDNA	PK_15_12h	viral_read.count	cluster_4
IE180	IE	1h	1	C6	C6_1h	LT934125.1	-	539291.217247	C6_1h	0	0			dcDNA	C6_1h	viral_read.count	cluster_4
IE180	IE	1h	1	NRK	NRK_1h	LT934125.1	-	575757.575757	NRK_1h	0	0			dcDNA	NRK_1h	viral_read.count	cluster_4
IE180	IE	1h	1	PC_12	PC_12_1h	LT934125.1	-	443207.126941	PC_12_1h	0.00502512562776655	0.00502512562776655			dcDNA	PC_12_1h	viral_read.count	cluster_4
IE180	IE	1h	1	PK_15	PK_15_1h	LT934125.1	-	134502.923971	PK_15_1h	0.0217391304342977	0.0217391304342977			dcDNA	PK_15_1h	viral_read.count	cluster_4
IE180	IE	2.5h	2.5	PC_12	PC_12_2.5h	LT934125.1	-	523316.062167	PC_12_2.5h	0.00141442715695547	0.00141442715695547			dcDNA	PC_12_2.5h	viral_read.count	cluster_4
IE180	IE	2h	2	C6	C6_2h	LT934125.1	-	474597.273858	C6_2h	0.00261096605744676	0.00261096605744676			dcDNA	C6_2h	viral_read.count	cluster_4
IE180	IE	2h	2	NRK	NRK_2h	LT934125.1	-	559870.55017	NRK_2h	0.00578034682127385	0.00578034682127385			dcDNA	NRK_2h	viral_read.count	cluster_4
IE180	IE	2h	2	PC_12	PC_12_2h	LT934125.1	-	501000.667129	PC_12_2h	0.0039946737705335	0.0039946737705335			dcDNA	PC_12_2h	viral_read.count	cluster_4
IE180	IE	2h	2	PK_15	PK_15_2h	LT934125.1	-	507241.129629	PK_15_2h	0	0			dcDNA	PK_15_2h	viral_read.count	cluster_4
IE180	IE	4h	4	C6	C6_4h	LT934125.1	-	528113.505012	C6_4h	0	0			dcDNA	C6_4h	viral_read.count	cluster_4
IE180	IE	4h	4	PC_12	PC_12_4h	LT934125.1	-	444589.439919	PC_12_4h	0.00158049221125904	0.00158049221125904			dcDNA	PC_12_4h	viral_read.count	cluster_4
IE180	IE	4h	4	PK_15	PK_15_4h	LT934125.1	-	560972.639473	PK_15_4h	0.00622331572762566	0.00622331572762566			dcDNA	PK_15_4h	viral_read.count	cluster_4
IE180	IE	6h	6	C6	C6_6h	LT934125.1	-	504527.813725	C6_6h	0.00136752136796182	0.00136752136796182			dcDNA	C6_6h	viral_read.count	cluster_4
IE180	IE	6h	6	PC_12	PC_12_6h	LT934125.1	-	516283.780172	PC_12_6h	0.00103241792299271	0.00103241792299271			dcDNA	PC_12_6h	viral_read.count	cluster_4
IE180	IE	6h	6	PK_15	PK_15_6h	LT934125.1	-	586746.667283	PK_15_6h	0.00307878388021368	0.00307878388021368			dcDNA	PK_15_6h	viral_read.count	cluster_4
IE180	IE	8h	8	C6	C6_8h	LT934125.1	-	571267.150906	C6_8h	0.000734670810905875	0.000734670810905875			dcDNA	C6_8h	viral_read.count	cluster_4
IE180	IE	8h	8	PC_12	PC_12_8h	LT934125.1	-	580883.292866	PC_12_8h	0.00126533531782873	0.00126533531782873			dcDNA	PC_12_8h	viral_read.count	cluster_4
IE180	IE	8h	8	PK_15	PK_15_8h	LT934125.1	-	617121.127721	PK_15_8h	0.00191182846284498	0.00191182846284498			dcDNA	PK_15_8h	viral_read.count	cluster_4
NOIR	E	0.5h	0.5	PC_12	PC_12_0.5h	LT934125.1	+	451612.903224	PC_12_0.5h	0	0			dcDNA	PC_12_0.5h	viral_read.count	cluster_3
NOIR	E	1.5h	1.5	PC_12	PC_12_1.5h	LT934125.1	+	515486.725677	PC_12_1.5h	0	0			dcDNA	PC_12_1.5h	viral_read.count	cluster_3
NOIR	E	12h	12	C6	C6_12h	LT934125.1	+	567351.334736	C6_12h	0.00133127889326542	0.00133127889326542			dcDNA	C6_12h	viral_read.count	cluster_3
NOIR	E	12h	12	PC_12	PC_12_12h	LT934125.1	+	639628.140639	PC_12_12h	0.00188880589242533	0.00188880589242533			dcDNA	PC_12_12h	viral_read.count	cluster_3
NOIR	E	12h	12	PK_15	PK_15_12h	LT934125.1	+	709931.350122	PK_15_12h	0.00142148014427956	0.00142148014427956			dcDNA	PK_15_12h	viral_read.count	cluster_3
NOIR	E	1h	1	C6	C6_1h	LT934125.1	+	539291.217247	C6_1h	0	0			dcDNA	C6_1h	viral_read.count	cluster_3
NOIR	E	1h	1	NRK	NRK_1h	LT934125.1	+	575757.575757	NRK_1h	0	0			dcDNA	NRK_1h	viral_read.count	cluster_3
NOIR	E	1h	1	PC_12	PC_12_1h	LT934125.1	+	443207.126941	PC_12_1h	0.00502512562776655	0.00502512562776655			dcDNA	PC_12_1h	viral_read.count	cluster_3
NOIR	E	1h	1	PK_15	PK_15_1h	LT934125.1	+	134502.923971	PK_15_1h	0	0			dcDNA	PK_15_1h	viral_read.count	cluster_3
NOIR	E	2.5h	2.5	PC_12	PC_12_2.5h	LT934125.1	+	523316.062167	PC_12_2.5h	0.0042432814708664	0.0042432814708664			dcDNA	PC_12_2.5h	viral_read.count	cluster_3
NOIR	E	2h	2	C6	C6_2h	LT934125.1	+	474597.273858	C6_2h	0	0			dcDNA	C6_2h	viral_read.count	cluster_3
NOIR	E	2h	2	NRK	NRK_2h	LT934125.1	+	559870.55017	NRK_2h	0	0			dcDNA	NRK_2h	viral_read.count	cluster_3
NOIR	E	2h	2	PC_12	PC_12_2h	LT934125.1	+	501000.667129	PC_12_2h	0	0			dcDNA	PC_12_2h	viral_read.count	cluster_3
NOIR	E	2h	2	PK_15	PK_15_2h	LT934125.1	+	507241.129629	PK_15_2h	0.00356887937167882	0.00356887937167882			dcDNA	PK_15_2h	viral_read.count	cluster_3
NOIR	E	4h	4	C6	C6_4h	LT934125.1	+	528113.505012	C6_4h	0.00199004975261165	0.00199004975261165			dcDNA	C6_4h	viral_read.count	cluster_3
NOIR	E	4h	4	PC_12	PC_12_4h	LT934125.1	+	444589.439919	PC_12_4h	0.00112892301061276	0.00112892301061276			dcDNA	PC_12_4h	viral_read.count	cluster_3
NOIR	E	4h	4	PK_15	PK_15_4h	LT934125.1	+	560972.639473	PK_15_4h	0.00419711990982641	0.00419711990982641			dcDNA	PK_15_4h	viral_read.count	cluster_3
NOIR	E	6h	6	C6	C6_6h	LT934125.1	+	504527.813725	C6_6h	0.00205128205194273	0.00205128205194273			dcDNA	C6_6h	viral_read.count	cluster_3
NOIR	E	6h	6	PC_12	PC_12_6h	LT934125.1	+	516283.780172	PC_12_6h	0.00154862688255214	0.00154862688255214			dcDNA	PC_12_6h	viral_read.count	cluster_3
NOIR	E	6h	6	PK_15	PK_15_6h	LT934125.1	+	586746.667283	PK_15_6h	0.00420583869257795	0.00420583869257795			dcDNA	PK_15_6h	viral_read.count	cluster_3
NOIR	E	8h	8	C6	C6_8h	LT934125.1	+	571267.150906	C6_8h	0.00237355185021502	0.00237355185021502			dcDNA	C6_8h	viral_read.count	cluster_3
NOIR	E	8h	8	PC_12	PC_12_8h	LT934125.1	+	580883.292866	PC_12_8h	0.00286075810306244	0.00286075810306244			dcDNA	PC_12_8h	viral_read.count	cluster_3
NOIR	E	8h	8	PK_15	PK_15_8h	LT934125.1	+	617121.127721	PK_15_8h	0.0041079436809464	0.0041079436809464			dcDNA	PK_15_8h	viral_read.count	cluster_3
US1	E	0.5h	0.5	PC_12	PC_12_0.5h	LT934125.1	+	451612.903224	PC_12_0.5h	0	0			dcDNA	PC_12_0.5h	viral_read.count	cluster_2
US1	E	1.5h	1.5	PC_12	PC_12_1.5h	LT934125.1	+	515486.725677	PC_12_1.5h	0	0			dcDNA	PC_12_1.5h	viral_read.count	cluster_2
US1	E	12h	12	C6	C6_12h	LT934125.1	+	567351.334736	C6_12h	4.93066258723388e-05	4.93066258723388e-05			dcDNA	C6_12h	viral_read.count	cluster_2
US1	E	12h	12	PC_12	PC_12_12h	LT934125.1	+	639628.140639	PC_12_12h	3.20136587166776e-05	3.20136587166776e-05			dcDNA	PC_12_12h	viral_read.count	cluster_2
US1	E	12h	12	PK_15	PK_15_12h	LT934125.1	+	709931.350122	PK_15_12h	1.61165554923498e-05	1.61165554923498e-05			dcDNA	PK_15_12h	viral_read.count	cluster_2
US1	E	1h	1	C6	C6_1h	LT934125.1	+	539291.217247	C6_1h	0	0			dcDNA	C6_1h	viral_read.count	cluster_2
US1	E	1h	1	NRK	NRK_1h	LT934125.1	+	575757.575757	NRK_1h	0	0			dcDNA	NRK_1h	viral_read.count	cluster_2
US1	E	1h	1	PC_12	PC_12_1h	LT934125.1	+	443207.126941	PC_12_1h	0.00502512562776655	0.00502512562776655			dcDNA	PC_12_1h	viral_read.count	cluster_2
US1	E	1h	1	PK_15	PK_15_1h	LT934125.1	+	134502.923971	PK_15_1h	0	0			dcDNA	PK_15_1h	viral_read.count	cluster_2
US1	E	2.5h	2.5	PC_12	PC_12_2.5h	LT934125.1	+	523316.062167	PC_12_2.5h	0	0			dcDNA	PC_12_2.5h	viral_read.count	cluster_2
US1	E	2h	2	C6	C6_2h	LT934125.1	+	474597.273858	C6_2h	0	0			dcDNA	C6_2h	viral_read.count	cluster_2
US1	E	2h	2	NRK	NRK_2h	LT934125.1	+	559870.55017	NRK_2h	0.00578034682127385	0.00578034682127385			dcDNA	NRK_2h	viral_read.count	cluster_2
US1	E	2h	2	PC_12	PC_12_2h	LT934125.1	+	501000.667129	PC_12_2h	0	0			dcDNA	PC_12_2h	viral_read.count	cluster_2
US1	E	2h	2	PK_15	PK_15_2h	LT934125.1	+	507241.129629	PK_15_2h	0.000713775874730054	0.000713775874730054			dcDNA	PK_15_2h	viral_read.count	cluster_2
US1	E	4h	4	C6	C6_4h	LT934125.1	+	528113.505012	C6_4h	0	0			dcDNA	C6_4h	viral_read.count	cluster_2
US1	E	4h	4	PC_12	PC_12_4h	LT934125.1	+	444589.439919	PC_12_4h	0.000677353807717218	0.000677353807717218			dcDNA	PC_12_4h	viral_read.count	cluster_2
US1	E	4h	4	PK_15	PK_15_4h	LT934125.1	+	560972.639473	PK_15_4h	7.23641371139525e-05	7.23641371139525e-05			dcDNA	PK_15_4h	viral_read.count	cluster_2
US1	E	6h	6	C6	C6_6h	LT934125.1	+	504527.813725	C6_6h	0.000170940171490741	0.000170940171490741			dcDNA	C6_6h	viral_read.count	cluster_2
US1	E	6h	6	PC_12	PC_12_6h	LT934125.1	+	516283.780172	PC_12_6h	0	0			dcDNA	PC_12_6h	viral_read.count	cluster_2
US1	E	6h	6	PK_15	PK_15_6h	LT934125.1	+	586746.667283	PK_15_6h	8.24674253780835e-05	8.24674253780835e-05			dcDNA	PK_15_6h	viral_read.count	cluster_2
US1	E	8h	8	C6	C6_8h	LT934125.1	+	571267.150906	C6_8h	5.65131391657985e-05	5.65131391657985e-05			dcDNA	C6_8h	viral_read.count	cluster_2
US1	E	8h	8	PC_12	PC_12_8h	LT934125.1	+	580883.292866	PC_12_8h	5.50145793354259e-05	5.50145793354259e-05			dcDNA	PC_12_8h	viral_read.count	cluster_2
US1	E	8h	8	PK_15	PK_15_8h	LT934125.1	+	617121.127721	PK_15_8h	3.55358454198225e-05	3.55358454198225e-05			dcDNA	PK_15_8h	viral_read.count	cluster_2
AZURE	E	0.5h	0.5	PC_12	PC_12_0.5h	LT934125.1	-	451612.903224	PC_12_0.5h	0	0			dcDNA	PC_12_0.5h	viral_read.count	
AZURE	E	1.5h	1.5	PC_12	PC_12_1.5h	LT934125.1	-	515486.725677	PC_12_1.5h	0	0			dcDNA	PC_12_1.5h	viral_read.count	
AZURE	E	12h	12	C6	C6_12h	LT934125.1	-	567351.334736	C6_12h	0	0			dcDNA	C6_12h	viral_read.count	
AZURE	E	12h	12	PC_12	PC_12_12h	LT934125.1	-	639628.140639	PC_12_12h	0	0			dcDNA	PC_12_12h	viral_read.count	
AZURE	E	12h	12	PK_15	PK_15_12h	LT934125.1	-	709931.350122	PK_15_12h	0	0			dcDNA	PK_15_12h	viral_read.count	
AZURE	E	1h	1	C6	C6_1h	LT934125.1	-	539291.217247	C6_1h	0	0			dcDNA	C6_1h	viral_read.count	
AZURE	E	1h	1	NRK	NRK_1h	LT934125.1	-	575757.575757	NRK_1h	0	0			dcDNA	NRK_1h	viral_read.count	
AZURE	E	1h	1	PC_12	PC_12_1h	LT934125.1	-	443207.126941	PC_12_1h	0	0			dcDNA	PC_12_1h	viral_read.count	
AZURE	E	1h	1	PK_15	PK_15_1h	LT934125.1	-	134502.923971	PK_15_1h	0	0			dcDNA	PK_15_1h	viral_read.count	
AZURE	E	2.5h	2.5	PC_12	PC_12_2.5h	LT934125.1	-	523316.062167	PC_12_2.5h	0	0			dcDNA	PC_12_2.5h	viral_read.count	
AZURE	E	2h	2	C6	C6_2h	LT934125.1	-	474597.273858	C6_2h	0	0			dcDNA	C6_2h	viral_read.count	
AZURE	E	2h	2	NRK	NRK_2h	LT934125.1	-	559870.55017	NRK_2h	0.00578034682127385	0.00578034682127385			dcDNA	NRK_2h	viral_read.count	
AZURE	E	2h	2	PC_12	PC_12_2h	LT934125.1	-	501000.667129	PC_12_2h	0	0			dcDNA	PC_12_2h	viral_read.count	
AZURE	E	2h	2	PK_15	PK_15_2h	LT934125.1	-	507241.129629	PK_15_2h	0	0			dcDNA	PK_15_2h	viral_read.count	
AZURE	E	4h	4	C6	C6_4h	LT934125.1	-	528113.505012	C6_4h	0	0			dcDNA	C6_4h	viral_read.count	
AZURE	E	4h	4	PC_12	PC_12_4h	LT934125.1	-	444589.439919	PC_12_4h	0	0			dcDNA	PC_12_4h	viral_read.count	
AZURE	E	4h	4	PK_15	PK_15_4h	LT934125.1	-	560972.639473	PK_15_4h	0	0			dcDNA	PK_15_4h	viral_read.count	
AZURE	E	6h	6	C6	C6_6h	LT934125.1	-	504527.813725	C6_6h	0.000170940171490741	0.000170940171490741			dcDNA	C6_6h	viral_read.count	
AZURE	E	6h	6	PC_12	PC_12_6h	LT934125.1	-	516283.780172	PC_12_6h	0	0			dcDNA	PC_12_6h	viral_read.count	
AZURE	E	6h	6	PK_15	PK_15_6h	LT934125.1	-	586746.667283	PK_15_6h	0	0			dcDNA	PK_15_6h	viral_read.count	
AZURE	E	8h	8	C6	C6_8h	LT934125.1	-	571267.150906	C6_8h	0	0			dcDNA	C6_8h	viral_read.count	
AZURE	E	8h	8	PC_12	PC_12_8h	LT934125.1	-	580883.292866	PC_12_8h	0	0			dcDNA	PC_12_8h	viral_read.count	
AZURE	E	8h	8	PK_15	PK_15_8h	LT934125.1	-	617121.127721	PK_15_8h	0	0			dcDNA	PK_15_8h	viral_read.count	
US3	L	0.5h	0.5	PC_12	PC_12_0.5h	LT934125.1	+	451612.903224	PC_12_0.5h	0	0			dcDNA	PC_12_0.5h	viral_read.count	cluster_4
US3	L	1.5h	1.5	PC_12	PC_12_1.5h	LT934125.1	+	515486.725677	PC_12_1.5h	0.0214592274679277	0.0214592274679277			dcDNA	PC_12_1.5h	viral_read.count	cluster_4
US3	L	12h	12	C6	C6_12h	LT934125.1	+	567351.334736	C6_12h	0	0			dcDNA	C6_12h	viral_read.count	cluster_4
US3	L	12h	12	PC_12	PC_12_12h	LT934125.1	+	639628.140639	PC_12_12h	0	0			dcDNA	PC_12_12h	viral_read.count	cluster_4
US3	L	12h	12	PK_15	PK_15_12h	LT934125.1	+	709931.350122	PK_15_12h	0	0			dcDNA	PK_15_12h	viral_read.count	cluster_4
US3	L	1h	1	C6	C6_1h	LT934125.1	+	539291.217247	C6_1h	0.0057142857151122	0.0057142857151122			dcDNA	C6_1h	viral_read.count	cluster_4
US3	L	1h	1	NRK	NRK_1h	LT934125.1	+	575757.575757	NRK_1h	0.0175438596491228	0.0175438596491228			dcDNA	NRK_1h	viral_read.count	cluster_4
US3	L	1h	1	PC_12	PC_12_1h	LT934125.1	+	443207.126941	PC_12_1h	0.0201005025133225	0.0201005025133225			dcDNA	PC_12_1h	viral_read.count	cluster_4
US3	L	1h	1	PK_15	PK_15_1h	LT934125.1	+	134502.923971	PK_15_1h	0.0217391304342977	0.0217391304342977			dcDNA	PK_15_1h	viral_read.count	cluster_4
US3	L	2.5h	2.5	PC_12	PC_12_2.5h	LT934125.1	+	523316.062167	PC_12_2.5h	0.00141442715695547	0.00141442715695547			dcDNA	PC_12_2.5h	viral_read.count	cluster_4
US3	L	2h	2	C6	C6_2h	LT934125.1	+	474597.273858	C6_2h	0.00783289817234027	0.00783289817234027			dcDNA	C6_2h	viral_read.count	cluster_4
US3	L	2h	2	NRK	NRK_2h	LT934125.1	+	559870.55017	NRK_2h	0.00578034682127385	0.00578034682127385			dcDNA	NRK_2h	viral_read.count	cluster_4
US3	L	2h	2	PC_12	PC_12_2h	LT934125.1	+	501000.667129	PC_12_2h	0.00665778961356382	0.00665778961356382			dcDNA	PC_12_2h	viral_read.count	cluster_4
US3	L	2h	2	PK_15	PK_15_2h	LT934125.1	+	507241.129629	PK_15_2h	0.0121341898644966	0.0121341898644966			dcDNA	PK_15_2h	viral_read.count	cluster_4
US3	L	4h	4	C6	C6_4h	LT934125.1	+	528113.505012	C6_4h	0	0			dcDNA	C6_4h	viral_read.count	cluster_4
US3	L	4h	4	PC_12	PC_12_4h	LT934125.1	+	444589.439919	PC_12_4h	0	0			dcDNA	PC_12_4h	viral_read.count	cluster_4
US3	L	4h	4	PK_15	PK_15_4h	LT934125.1	+	560972.639473	PK_15_4h	0.00151964686334944	0.00151964686334944			dcDNA	PK_15_4h	viral_read.count	cluster_4
US3	L	6h	6	C6	C6_6h	LT934125.1	+	504527.813725	C6_6h	0.00222222222343348	0.00222222222343348			dcDNA	C6_6h	viral_read.count	cluster_4
US3	L	6h	6	PC_12	PC_12_6h	LT934125.1	+	516283.780172	PC_12_6h	0.000671071649557876	0.000671071649557876			dcDNA	PC_12_6h	viral_read.count	cluster_4
US3	L	6h	6	PK_15	PK_15_6h	LT934125.1	+	586746.667283	PK_15_6h	0.000934630820383509	0.000934630820383509			dcDNA	PK_15_6h	viral_read.count	cluster_4
US3	L	8h	8	C6	C6_8h	LT934125.1	+	571267.150906	C6_8h	0.00107374964590067	0.00107374964590067			dcDNA	C6_8h	viral_read.count	cluster_4
US3	L	8h	8	PC_12	PC_12_8h	LT934125.1	+	580883.292866	PC_12_8h	0.00187049568018932	0.00187049568018932			dcDNA	PC_12_8h	viral_read.count	cluster_4
US3	L	8h	8	PK_15	PK_15_8h	LT934125.1	+	617121.127721	PK_15_8h	0.00147829115228809	0.00147829115228809			dcDNA	PK_15_8h	viral_read.count	cluster_4
US4	L	0.5h	0.5	PC_12	PC_12_0.5h	LT934125.1	+	451612.903224	PC_12_0.5h	0.142857142857143	0.142857142857143			dcDNA	PC_12_0.5h	viral_read.count	cluster_12
US4	L	1.5h	1.5	PC_12	PC_12_1.5h	LT934125.1	+	515486.725677	PC_12_1.5h	0.120171673816903	0.120171673816903			dcDNA	PC_12_1.5h	viral_read.count	cluster_12
US4	L	12h	12	C6	C6_12h	LT934125.1	+	567351.334736	C6_12h	0.127494607086205	0.127494607086205			dcDNA	C6_12h	viral_read.count	cluster_12
US4	L	12h	12	PC_12	PC_12_12h	LT934125.1	+	639628.140639	PC_12_12h	0.0783801088471735	0.0783801088471735			dcDNA	PC_12_12h	viral_read.count	cluster_12
US4	L	12h	12	PK_15	PK_15_12h	LT934125.1	+	709931.350122	PK_15_12h	0.0764569365610806	0.0764569365610806			dcDNA	PK_15_12h	viral_read.count	cluster_12
US4	L	1h	1	C6	C6_1h	LT934125.1	+	539291.217247	C6_1h	0.142857142859262	0.142857142859262			dcDNA	C6_1h	viral_read.count	cluster_12
US4	L	1h	1	NRK	NRK_1h	LT934125.1	+	575757.575757	NRK_1h	0.175438596491228	0.175438596491228			dcDNA	NRK_1h	viral_read.count	cluster_12
US4	L	1h	1	PC_12	PC_12_1h	LT934125.1	+	443207.126941	PC_12_1h	0.140703517588745	0.140703517588745			dcDNA	PC_12_1h	viral_read.count	cluster_12
US4	L	1h	1	PK_15	PK_15_1h	LT934125.1	+	134502.923971	PK_15_1h	0.173913043481817	0.173913043481817			dcDNA	PK_15_1h	viral_read.count	cluster_12
US4	L	2.5h	2.5	PC_12	PC_12_2.5h	LT934125.1	+	523316.062167	PC_12_2.5h	0.11315417256217	0.11315417256217			dcDNA	PC_12_2.5h	viral_read.count	cluster_12
US4	L	2h	2	C6	C6_2h	LT934125.1	+	474597.273858	C6_2h	0.107049608355317	0.107049608355317			dcDNA	C6_2h	viral_read.count	cluster_12
US4	L	2h	2	NRK	NRK_2h	LT934125.1	+	559870.55017	NRK_2h	0.104046242773999	0.104046242773999			dcDNA	NRK_2h	viral_read.count	cluster_12
US4	L	2h	2	PC_12	PC_12_2h	LT934125.1	+	501000.667129	PC_12_2h	0.162450066572554	0.162450066572554			dcDNA	PC_12_2h	viral_read.count	cluster_12
US4	L	2h	2	PK_15	PK_15_2h	LT934125.1	+	507241.129629	PK_15_2h	0.0549607423285853	0.0549607423285853			dcDNA	PK_15_2h	viral_read.count	cluster_12
US4	L	4h	4	C6	C6_4h	LT934125.1	+	528113.505012	C6_4h	0.134328358204716	0.134328358204716			dcDNA	C6_4h	viral_read.count	cluster_12
US4	L	4h	4	PC_12	PC_12_4h	LT934125.1	+	444589.439919	PC_12_4h	0.133664484072826	0.133664484072826			dcDNA	PC_12_4h	viral_read.count	cluster_12
US4	L	4h	4	PK_15	PK_15_4h	LT934125.1	+	560972.639473	PK_15_4h	0.0899486214575508	0.0899486214575508			dcDNA	PK_15_4h	viral_read.count	cluster_12
US4	L	6h	6	C6	C6_6h	LT934125.1	+	504527.813725	C6_6h	0.0947008546966704	0.0947008546966704			dcDNA	C6_6h	viral_read.count	cluster_12
US4	L	6h	6	PC_12	PC_12_6h	LT934125.1	+	516283.780172	PC_12_6h	0.111449514764595	0.111449514764595			dcDNA	PC_12_6h	viral_read.count	cluster_12
US4	L	6h	6	PK_15	PK_15_6h	LT934125.1	+	586746.667283	PK_15_6h	0.084515366435106	0.084515366435106			dcDNA	PK_15_6h	viral_read.count	cluster_12
US4	L	8h	8	C6	C6_8h	LT934125.1	+	571267.150906	C6_8h	0.102684374119828	0.102684374119828			dcDNA	C6_8h	viral_read.count	cluster_12
US4	L	8h	8	PC_12	PC_12_8h	LT934125.1	+	580883.292866	PC_12_8h	0.10518787478726	0.10518787478726			dcDNA	PC_12_8h	viral_read.count	cluster_12
US4	L	8h	8	PK_15	PK_15_8h	LT934125.1	+	617121.127721	PK_15_8h	0.130388122498989	0.130388122498989			dcDNA	PK_15_8h	viral_read.count	cluster_12
US6	L	0.5h	0.5	PC_12	PC_12_0.5h	LT934125.1	+	451612.903224	PC_12_0.5h	0	0			dcDNA	PC_12_0.5h	viral_read.count	cluster_1
US6	L	1.5h	1.5	PC_12	PC_12_1.5h	LT934125.1	+	515486.725677	PC_12_1.5h	0	0			dcDNA	PC_12_1.5h	viral_read.count	cluster_1
US6	L	12h	12	C6	C6_12h	LT934125.1	+	567351.334736	C6_12h	0.00396918335804721	0.00396918335804721			dcDNA	C6_12h	viral_read.count	cluster_1
US6	L	12h	12	PC_12	PC_12_12h	LT934125.1	+	639628.140639	PC_12_12h	0.00159001173867051	0.00159001173867051			dcDNA	PC_12_12h	viral_read.count	cluster_1
US6	L	12h	12	PK_15	PK_15_12h	LT934125.1	+	709931.350122	PK_15_12h	0.0020242392996915	0.0020242392996915			dcDNA	PK_15_12h	viral_read.count	cluster_1
US6	L	1h	1	C6	C6_1h	LT934125.1	+	539291.217247	C6_1h	0.0057142857151122	0.0057142857151122			dcDNA	C6_1h	viral_read.count	cluster_1
US6	L	1h	1	NRK	NRK_1h	LT934125.1	+	575757.575757	NRK_1h	0	0			dcDNA	NRK_1h	viral_read.count	cluster_1
US6	L	1h	1	PC_12	PC_12_1h	LT934125.1	+	443207.126941	PC_12_1h	0.0150753768855559	0.0150753768855559			dcDNA	PC_12_1h	viral_read.count	cluster_1
US6	L	1h	1	PK_15	PK_15_1h	LT934125.1	+	134502.923971	PK_15_1h	0	0			dcDNA	PK_15_1h	viral_read.count	cluster_1
US6	L	2.5h	2.5	PC_12	PC_12_2.5h	LT934125.1	+	523316.062167	PC_12_2.5h	0	0			dcDNA	PC_12_2.5h	viral_read.count	cluster_1
US6	L	2h	2	C6	C6_2h	LT934125.1	+	474597.273858	C6_2h	0.00261096605744676	0.00261096605744676			dcDNA	C6_2h	viral_read.count	cluster_1
US6	L	2h	2	NRK	NRK_2h	LT934125.1	+	559870.55017	NRK_2h	0	0			dcDNA	NRK_2h	viral_read.count	cluster_1
US6	L	2h	2	PC_12	PC_12_2h	LT934125.1	+	501000.667129	PC_12_2h	0.00266311584502633	0.00266311584502633			dcDNA	PC_12_2h	viral_read.count	cluster_1
US6	L	2h	2	PK_15	PK_15_2h	LT934125.1	+	507241.129629	PK_15_2h	0.00214132762221871	0.00214132762221871			dcDNA	PK_15_2h	viral_read.count	cluster_1
US6	L	4h	4	C6	C6_4h	LT934125.1	+	528113.505012	C6_4h	0.00398009950143623	0.00398009950143623			dcDNA	C6_4h	viral_read.count	cluster_1
US6	L	4h	4	PC_12	PC_12_4h	LT934125.1	+	444589.439919	PC_12_4h	0.0024836306192994	0.0024836306192994			dcDNA	PC_12_4h	viral_read.count	cluster_1
US6	L	4h	4	PK_15	PK_15_4h	LT934125.1	+	560972.639473	PK_15_4h	0.00130255445557282	0.00130255445557282			dcDNA	PK_15_4h	viral_read.count	cluster_1
US6	L	6h	6	C6	C6_6h	LT934125.1	+	504527.813725	C6_6h	0.00700854700931781	0.00700854700931781			dcDNA	C6_6h	viral_read.count	cluster_1
US6	L	6h	6	PC_12	PC_12_6h	LT934125.1	+	516283.780172	PC_12_6h	0.00366508362584934	0.00366508362584934			dcDNA	PC_12_6h	viral_read.count	cluster_1
US6	L	6h	6	PK_15	PK_15_6h	LT934125.1	+	586746.667283	PK_15_6h	0.00133322337666163	0.00133322337666163			dcDNA	PK_15_6h	viral_read.count	cluster_1
US6	L	8h	8	C6	C6_8h	LT934125.1	+	571267.150906	C6_8h	0.00231703871104922	0.00231703871104922			dcDNA	C6_8h	viral_read.count	cluster_1
US6	L	8h	8	PC_12	PC_12_8h	LT934125.1	+	580883.292866	PC_12_8h	0.00165043736456913	0.00165043736456913			dcDNA	PC_12_8h	viral_read.count	cluster_1
US6	L	8h	8	PK_15	PK_15_8h	LT934125.1	+	617121.127721	PK_15_8h	0.00255858084105953	0.00255858084105953			dcDNA	PK_15_8h	viral_read.count	cluster_1
US7	L	0.5h	0.5	PC_12	PC_12_0.5h	LT934125.1	+	451612.903224	PC_12_0.5h	0	0			dcDNA	PC_12_0.5h	viral_read.count	cluster_12
US7	L	1.5h	1.5	PC_12	PC_12_1.5h	LT934125.1	+	515486.725677	PC_12_1.5h	0.0085836909867831	0.0085836909867831			dcDNA	PC_12_1.5h	viral_read.count	cluster_12
US7	L	12h	12	C6	C6_12h	LT934125.1	+	567351.334736	C6_12h	0.0160986132503769	0.0160986132503769			dcDNA	C6_12h	viral_read.count	cluster_12
US7	L	12h	12	PC_12	PC_12_12h	LT934125.1	+	639628.140639	PC_12_12h	0.0123999573159436	0.0123999573159436			dcDNA	PC_12_12h	viral_read.count	cluster_12
US7	L	12h	12	PK_15	PK_15_12h	LT934125.1	+	709931.350122	PK_15_12h	0.0127546415670247	0.0127546415670247			dcDNA	PK_15_12h	viral_read.count	cluster_12
US7	L	1h	1	C6	C6_1h	LT934125.1	+	539291.217247	C6_1h	0.0314285714303357	0.0314285714303357			dcDNA	C6_1h	viral_read.count	cluster_12
US7	L	1h	1	NRK	NRK_1h	LT934125.1	+	575757.575757	NRK_1h	0.0175438596491228	0.0175438596491228			dcDNA	NRK_1h	viral_read.count	cluster_12
US7	L	1h	1	PC_12	PC_12_1h	LT934125.1	+	443207.126941	PC_12_1h	0.0201005025110662	0.0201005025110662			dcDNA	PC_12_1h	viral_read.count	cluster_12
US7	L	1h	1	PK_15	PK_15_1h	LT934125.1	+	134502.923971	PK_15_1h	0.0434782608685955	0.0434782608685955			dcDNA	PK_15_1h	viral_read.count	cluster_12
US7	L	2.5h	2.5	PC_12	PC_12_2.5h	LT934125.1	+	523316.062167	PC_12_2.5h	0.0141442715695547	0.0141442715695547			dcDNA	PC_12_2.5h	viral_read.count	cluster_12
US7	L	2h	2	C6	C6_2h	LT934125.1	+	474597.273858	C6_2h	0.010443864229787	0.010443864229787			dcDNA	C6_2h	viral_read.count	cluster_12
US7	L	2h	2	NRK	NRK_2h	LT934125.1	+	559870.55017	NRK_2h	0.0231213872833093	0.0231213872833093			dcDNA	NRK_2h	viral_read.count	cluster_12
US7	L	2h	2	PC_12	PC_12_2h	LT934125.1	+	501000.667129	PC_12_2h	0.0213049267642026	0.0213049267642026			dcDNA	PC_12_2h	viral_read.count	cluster_12
US7	L	2h	2	PK_15	PK_15_2h	LT934125.1	+	507241.129629	PK_15_2h	0.00642398286862759	0.00642398286862759			dcDNA	PK_15_2h	viral_read.count	cluster_12
US7	L	4h	4	C6	C6_4h	LT934125.1	+	528113.505012	C6_4h	0.0199004975128617	0.0199004975128617			dcDNA	C6_4h	viral_read.count	cluster_12
US7	L	4h	4	PC_12	PC_12_4h	LT934125.1	+	444589.439919	PC_12_4h	0.0293519981904598	0.0293519981904598			dcDNA	PC_12_4h	viral_read.count	cluster_12
US7	L	4h	4	PK_15	PK_15_4h	LT934125.1	+	560972.639473	PK_15_4h	0.0248208987644756	0.0248208987644756			dcDNA	PK_15_4h	viral_read.count	cluster_12
US7	L	6h	6	C6	C6_6h	LT934125.1	+	504527.813725	C6_6h	0.027521367522799	0.027521367522799			dcDNA	C6_6h	viral_read.count	cluster_12
US7	L	6h	6	PC_12	PC_12_6h	LT934125.1	+	516283.780172	PC_12_6h	0.029269048109483	0.029269048109483			dcDNA	PC_12_6h	viral_read.count	cluster_12
US7	L	6h	6	PK_15	PK_15_6h	LT934125.1	+	586746.667283	PK_15_6h	0.0195035460993603	0.0195035460993603			dcDNA	PK_15_6h	viral_read.count	cluster_12
US7	L	8h	8	C6	C6_8h	LT934125.1	+	571267.150906	C6_8h	0.0162757841200113	0.0162757841200113			dcDNA	C6_8h	viral_read.count	cluster_12
US7	L	8h	8	PC_12	PC_12_8h	LT934125.1	+	580883.292866	PC_12_8h	0.0159542278695522	0.0159542278695522			dcDNA	PC_12_8h	viral_read.count	cluster_12
US7	L	8h	8	PK_15	PK_15_8h	LT934125.1	+	617121.127721	PK_15_8h	0.023993802550047	0.023993802550047			dcDNA	PK_15_8h	viral_read.count	cluster_12
US8	L	0.5h	0.5	PC_12	PC_12_0.5h	LT934125.1	+	451612.903224	PC_12_0.5h	0	0			dcDNA	PC_12_0.5h	viral_read.count	cluster_4
US8	L	1.5h	1.5	PC_12	PC_12_1.5h	LT934125.1	+	515486.725677	PC_12_1.5h	0.00858369098872302	0.00858369098872302			dcDNA	PC_12_1.5h	viral_read.count	cluster_4
US8	L	12h	12	C6	C6_12h	LT934125.1	+	567351.334736	C6_12h	0.0119445300453084	0.0119445300453084			dcDNA	C6_12h	viral_read.count	cluster_4
US8	L	12h	12	PC_12	PC_12_12h	LT934125.1	+	639628.140639	PC_12_12h	0.00504748692853735	0.00504748692853735			dcDNA	PC_12_12h	viral_read.count	cluster_4
US8	L	12h	12	PK_15	PK_15_12h	LT934125.1	+	709931.350122	PK_15_12h	0.00422253739109401	0.00422253739109401			dcDNA	PK_15_12h	viral_read.count	cluster_4
US8	L	1h	1	C6	C6_1h	LT934125.1	+	539291.217247	C6_1h	0.0200000000001113	0.0200000000001113			dcDNA	C6_1h	viral_read.count	cluster_4
US8	L	1h	1	NRK	NRK_1h	LT934125.1	+	575757.575757	NRK_1h	0.0175438596491228	0.0175438596491228			dcDNA	NRK_1h	viral_read.count	cluster_4
US8	L	1h	1	PC_12	PC_12_1h	LT934125.1	+	443207.126941	PC_12_1h	0.025125628141089	0.025125628141089			dcDNA	PC_12_1h	viral_read.count	cluster_4
US8	L	1h	1	PK_15	PK_15_1h	LT934125.1	+	134502.923971	PK_15_1h	0.0652173913028932	0.0652173913028932			dcDNA	PK_15_1h	viral_read.count	cluster_4
US8	L	2.5h	2.5	PC_12	PC_12_2.5h	LT934125.1	+	523316.062167	PC_12_2.5h	0.0042432814708664	0.0042432814708664			dcDNA	PC_12_2.5h	viral_read.count	cluster_4
US8	L	2h	2	C6	C6_2h	LT934125.1	+	474597.273858	C6_2h	0.00261096605744676	0.00261096605744676			dcDNA	C6_2h	viral_read.count	cluster_4
US8	L	2h	2	NRK	NRK_2h	LT934125.1	+	559870.55017	NRK_2h	0.034682080925857	0.034682080925857			dcDNA	NRK_2h	viral_read.count	cluster_4
US8	L	2h	2	PC_12	PC_12_2h	LT934125.1	+	501000.667129	PC_12_2h	0.0279627163777664	0.0279627163777664			dcDNA	PC_12_2h	viral_read.count	cluster_4
US8	L	2h	2	PK_15	PK_15_2h	LT934125.1	+	507241.129629	PK_15_2h	0.0128479657392266	0.0128479657392266			dcDNA	PK_15_2h	viral_read.count	cluster_4
US8	L	4h	4	C6	C6_4h	LT934125.1	+	528113.505012	C6_4h	0.0228855721398857	0.0228855721398857			dcDNA	C6_4h	viral_read.count	cluster_4
US8	L	4h	4	PC_12	PC_12_4h	LT934125.1	+	444589.439919	PC_12_4h	0.0106118762714192	0.0106118762714192			dcDNA	PC_12_4h	viral_read.count	cluster_4
US8	L	4h	4	PK_15	PK_15_4h	LT934125.1	+	560972.639473	PK_15_4h	0.00926260944897668	0.00926260944897668			dcDNA	PK_15_4h	viral_read.count	cluster_4
US8	L	6h	6	C6	C6_6h	LT934125.1	+	504527.813725	C6_6h	0.0172649572611033	0.0172649572611033			dcDNA	C6_6h	viral_read.count	cluster_4
US8	L	6h	6	PC_12	PC_12_6h	LT934125.1	+	516283.780172	PC_12_6h	0.00887879413618775	0.00887879413618775			dcDNA	PC_12_6h	viral_read.count	cluster_4
US8	L	6h	6	PK_15	PK_15_6h	LT934125.1	+	586746.667283	PK_15_6h	0.00839793281795222	0.00839793281795222			dcDNA	PK_15_6h	viral_read.count	cluster_4
US8	L	8h	8	C6	C6_8h	LT934125.1	+	571267.150906	C6_8h	0.00926815484419689	0.00926815484419689			dcDNA	C6_8h	viral_read.count	cluster_4
US8	L	8h	8	PC_12	PC_12_8h	LT934125.1	+	580883.292866	PC_12_8h	0.00775705561915592	0.00775705561915592			dcDNA	PC_12_8h	viral_read.count	cluster_4
US8	L	8h	8	PK_15	PK_15_8h	LT934125.1	+	617121.127721	PK_15_8h	0.0115988998098864	0.0115988998098864			dcDNA	PK_15_8h	viral_read.count	cluster_4
US9	L	0.5h	0.5	PC_12	PC_12_0.5h	LT934125.1	+	451612.903224	PC_12_0.5h	0	0			dcDNA	PC_12_0.5h	viral_read.count	cluster_1
US9	L	1.5h	1.5	PC_12	PC_12_1.5h	LT934125.1	+	515486.725677	PC_12_1.5h	0.0171673819735662	0.0171673819735662			dcDNA	PC_12_1.5h	viral_read.count	cluster_1
US9	L	12h	12	C6	C6_12h	LT934125.1	+	567351.334736	C6_12h	0.0134853620950061	0.0134853620950061			dcDNA	C6_12h	viral_read.count	cluster_1
US9	L	12h	12	PC_12	PC_12_12h	LT934125.1	+	639628.140639	PC_12_12h	0.0110553836295189	0.0110553836295189			dcDNA	PC_12_12h	viral_read.count	cluster_1
US9	L	12h	12	PK_15	PK_15_12h	LT934125.1	+	709931.350122	PK_15_12h	0.0164034296034381	0.0164034296034381			dcDNA	PK_15_12h	viral_read.count	cluster_1
US9	L	1h	1	C6	C6_1h	LT934125.1	+	539291.217247	C6_1h	0.00285714285662896	0.00285714285662896			dcDNA	C6_1h	viral_read.count	cluster_1
US9	L	1h	1	NRK	NRK_1h	LT934125.1	+	575757.575757	NRK_1h	0.0175438596491228	0.0175438596491228			dcDNA	NRK_1h	viral_read.count	cluster_1
US9	L	1h	1	PC_12	PC_12_1h	LT934125.1	+	443207.126941	PC_12_1h	0.00502512562776655	0.00502512562776655			dcDNA	PC_12_1h	viral_read.count	cluster_1
US9	L	1h	1	PK_15	PK_15_1h	LT934125.1	+	134502.923971	PK_15_1h	0	0			dcDNA	PK_15_1h	viral_read.count	cluster_1
US9	L	2.5h	2.5	PC_12	PC_12_2.5h	LT934125.1	+	523316.062167	PC_12_2.5h	0.0141442715695547	0.0141442715695547			dcDNA	PC_12_2.5h	viral_read.count	cluster_1
US9	L	2h	2	C6	C6_2h	LT934125.1	+	474597.273858	C6_2h	0.00261096605744676	0.00261096605744676			dcDNA	C6_2h	viral_read.count	cluster_1
US9	L	2h	2	NRK	NRK_2h	LT934125.1	+	559870.55017	NRK_2h	0.0173410404620354	0.0173410404620354			dcDNA	NRK_2h	viral_read.count	cluster_1
US9	L	2h	2	PC_12	PC_12_2h	LT934125.1	+	501000.667129	PC_12_2h	0.00532623169204866	0.00532623169204866			dcDNA	PC_12_2h	viral_read.count	cluster_1
US9	L	2h	2	PK_15	PK_15_2h	LT934125.1	+	507241.129629	PK_15_2h	0.0128479657411981	0.0128479657411981			dcDNA	PK_15_2h	viral_read.count	cluster_1
US9	L	4h	4	C6	C6_4h	LT934125.1	+	528113.505012	C6_4h	0.0189054726365559	0.0189054726365559			dcDNA	C6_4h	viral_read.count	cluster_1
US9	L	4h	4	PC_12	PC_12_4h	LT934125.1	+	444589.439919	PC_12_4h	0.00587039963989136	0.00587039963989136			dcDNA	PC_12_4h	viral_read.count	cluster_1
US9	L	4h	4	PK_15	PK_15_4h	LT934125.1	+	560972.639473	PK_15_4h	0.0079600549969691	0.0079600549969691			dcDNA	PK_15_4h	viral_read.count	cluster_1
US9	L	6h	6	C6	C6_6h	LT934125.1	+	504527.813725	C6_6h	0.0123076923076923	0.0123076923076923			dcDNA	C6_6h	viral_read.count	cluster_1
US9	L	6h	6	PC_12	PC_12_6h	LT934125.1	+	516283.780172	PC_12_6h	0.00800123890125657	0.00800123890125657			dcDNA	PC_12_6h	viral_read.count	cluster_1
US9	L	6h	6	PK_15	PK_15_6h	LT934125.1	+	586746.667283	PK_15_6h	0.01102314585603	0.01102314585603			dcDNA	PK_15_6h	viral_read.count	cluster_1
US9	L	8h	8	C6	C6_8h	LT934125.1	+	571267.150906	C6_8h	0.00988979937852167	0.00988979937852167			dcDNA	C6_8h	viral_read.count	cluster_1
US9	L	8h	8	PC_12	PC_12_8h	LT934125.1	+	580883.292866	PC_12_8h	0.0117181052968763	0.0117181052968763			dcDNA	PC_12_8h	viral_read.count	cluster_1
US9	L	8h	8	PK_15	PK_15_8h	LT934125.1	+	617121.127721	PK_15_8h	0.0154154495651961	0.0154154495651961			dcDNA	PK_15_8h	viral_read.count	cluster_1
US2	L	0.5h	0.5	PC_12	PC_12_0.5h	LT934125.1	+	451612.903224	PC_12_0.5h	0.214285714285714	0.214285714285714			dcDNA	PC_12_0.5h	viral_read.count	cluster_5
US2	L	1.5h	1.5	PC_12	PC_12_1.5h	LT934125.1	+	515486.725677	PC_12_1.5h	0.0901287553621925	0.0901287553621925			dcDNA	PC_12_1.5h	viral_read.count	cluster_5
US2	L	12h	12	C6	C6_12h	LT934125.1	+	567351.334736	C6_12h	0.0590446841296104	0.0590446841296104			dcDNA	C6_12h	viral_read.count	cluster_5
US2	L	12h	12	PC_12	PC_12_12h	LT934125.1	+	639628.140639	PC_12_12h	0	0			dcDNA	PC_12_12h	viral_read.count	cluster_5
US2	L	12h	12	PK_15	PK_15_12h	LT934125.1	+	709931.350122	PK_15_12h	0.0137764311511518	0.0137764311511518			dcDNA	PK_15_12h	viral_read.count	cluster_5
US2	L	1h	1	C6	C6_1h	LT934125.1	+	539291.217247	C6_1h	0.102857142857185	0.102857142857185			dcDNA	C6_1h	viral_read.count	cluster_5
US2	L	1h	1	NRK	NRK_1h	LT934125.1	+	575757.575757	NRK_1h	0.12280701754386	0.12280701754386			dcDNA	NRK_1h	viral_read.count	cluster_5
US2	L	1h	1	PC_12	PC_12_1h	LT934125.1	+	443207.126941	PC_12_1h	0.150753768846534	0.150753768846534			dcDNA	PC_12_1h	viral_read.count	cluster_5
US2	L	1h	1	PK_15	PK_15_1h	LT934125.1	+	134502.923971	PK_15_1h	0.0652173913028932	0.0652173913028932			dcDNA	PK_15_1h	viral_read.count	cluster_5
US2	L	2.5h	2.5	PC_12	PC_12_2.5h	LT934125.1	+	523316.062167	PC_12_2.5h	0.0876944837350607	0.0876944837350607			dcDNA	PC_12_2.5h	viral_read.count	cluster_5
US2	L	2h	2	C6	C6_2h	LT934125.1	+	474597.273858	C6_2h	0	0			dcDNA	C6_2h	viral_read.count	cluster_5
US2	L	2h	2	NRK	NRK_2h	LT934125.1	+	559870.55017	NRK_2h	0.0809248554906894	0.0809248554906894			dcDNA	NRK_2h	viral_read.count	cluster_5
US2	L	2h	2	PC_12	PC_12_2h	LT934125.1	+	501000.667129	PC_12_2h	0.089214380823352	0.089214380823352			dcDNA	PC_12_2h	viral_read.count	cluster_5
US2	L	2h	2	PK_15	PK_15_2h	LT934125.1	+	507241.129629	PK_15_2h	0.0713775874355478	0.0713775874355478			dcDNA	PK_15_2h	viral_read.count	cluster_5
US2	L	4h	4	C6	C6_4h	LT934125.1	+	528113.505012	C6_4h	0.0606965174129975	0.0606965174129975			dcDNA	C6_4h	viral_read.count	cluster_5
US2	L	4h	4	PC_12	PC_12_4h	LT934125.1	+	444589.439919	PC_12_4h	0.0386091668509431	0.0386091668509431			dcDNA	PC_12_4h	viral_read.count	cluster_5
US2	L	4h	4	PK_15	PK_15_4h	LT934125.1	+	560972.639473	PK_15_4h	0.0595556841994751	0.0595556841994751			dcDNA	PK_15_4h	viral_read.count	cluster_5
US2	L	6h	6	C6	C6_6h	LT934125.1	+	504527.813725	C6_6h	0.0526495726467097	0.0526495726467097			dcDNA	C6_6h	viral_read.count	cluster_5
US2	L	6h	6	PC_12	PC_12_6h	LT934125.1	+	516283.780172	PC_12_6h	0.0321598182950247	0.0321598182950247			dcDNA	PC_12_6h	viral_read.count	cluster_5
US2	L	6h	6	PK_15	PK_15_6h	LT934125.1	+	586746.667283	PK_15_6h	0.0233382813768847	0.0233382813768847			dcDNA	PK_15_6h	viral_read.count	cluster_5
US2	L	8h	8	C6	C6_8h	LT934125.1	+	571267.150906	C6_8h	0.0655552415968728	0.0655552415968728			dcDNA	C6_8h	viral_read.count	cluster_5
US2	L	8h	8	PC_12	PC_12_8h	LT934125.1	+	580883.292866	PC_12_8h	0	0			dcDNA	PC_12_8h	viral_read.count	cluster_5
US2	L	8h	8	PK_15	PK_15_8h	LT934125.1	+	617121.127721	PK_15_8h	0.0213143998368287	0.0213143998368287			dcDNA	PK_15_8h	viral_read.count	cluster_5
NOIR_2	E	0.5h	0.5	PC_12	PC_12_0.5h	LT934125.1	-	451612.903224	PC_12_0.5h	0	0			dcDNA	PC_12_0.5h	viral_read.count	cluster_3
NOIR_2	E	1.5h	1.5	PC_12	PC_12_1.5h	LT934125.1	-	515486.725677	PC_12_1.5h	0	0			dcDNA	PC_12_1.5h	viral_read.count	cluster_3
NOIR_2	E	12h	12	C6	C6_12h	LT934125.1	-	567351.334736	C6_12h	0.0013436055497335	0.0013436055497335			dcDNA	C6_12h	viral_read.count	cluster_3
NOIR_2	E	12h	12	PC_12	PC_12_12h	LT934125.1	-	639628.140639	PC_12_12h	0.00188880589242533	0.00188880589242533			dcDNA	PC_12_12h	viral_read.count	cluster_3
NOIR_2	E	12h	12	PK_15	PK_15_12h	LT934125.1	-	709931.350122	PK_15_12h	0.00142470345594146	0.00142470345594146			dcDNA	PK_15_12h	viral_read.count	cluster_3
NOIR_2	E	1h	1	C6	C6_1h	LT934125.1	-	539291.217247	C6_1h	0	0			dcDNA	C6_1h	viral_read.count	cluster_3
NOIR_2	E	1h	1	NRK	NRK_1h	LT934125.1	-	575757.575757	NRK_1h	0	0			dcDNA	NRK_1h	viral_read.count	cluster_3
NOIR_2	E	1h	1	PC_12	PC_12_1h	LT934125.1	-	443207.126941	PC_12_1h	0.00502512562776655	0.00502512562776655			dcDNA	PC_12_1h	viral_read.count	cluster_3
NOIR_2	E	1h	1	PK_15	PK_15_1h	LT934125.1	-	134502.923971	PK_15_1h	0	0			dcDNA	PK_15_1h	viral_read.count	cluster_3
NOIR_2	E	2.5h	2.5	PC_12	PC_12_2.5h	LT934125.1	-	523316.062167	PC_12_2.5h	0.0042432814708664	0.0042432814708664			dcDNA	PC_12_2.5h	viral_read.count	cluster_3
NOIR_2	E	2h	2	C6	C6_2h	LT934125.1	-	474597.273858	C6_2h	0	0			dcDNA	C6_2h	viral_read.count	cluster_3
NOIR_2	E	2h	2	NRK	NRK_2h	LT934125.1	-	559870.55017	NRK_2h	0	0			dcDNA	NRK_2h	viral_read.count	cluster_3
NOIR_2	E	2h	2	PC_12	PC_12_2h	LT934125.1	-	501000.667129	PC_12_2h	0	0			dcDNA	PC_12_2h	viral_read.count	cluster_3
NOIR_2	E	2h	2	PK_15	PK_15_2h	LT934125.1	-	507241.129629	PK_15_2h	0.00356887937167882	0.00356887937167882			dcDNA	PK_15_2h	viral_read.count	cluster_3
NOIR_2	E	4h	4	C6	C6_4h	LT934125.1	-	528113.505012	C6_4h	0.00199004975261165	0.00199004975261165			dcDNA	C6_4h	viral_read.count	cluster_3
NOIR_2	E	4h	4	PC_12	PC_12_4h	LT934125.1	-	444589.439919	PC_12_4h	0.00112892301061276	0.00112892301061276			dcDNA	PC_12_4h	viral_read.count	cluster_3
NOIR_2	E	4h	4	PK_15	PK_15_4h	LT934125.1	-	560972.639473	PK_15_4h	0.00419711990982641	0.00419711990982641			dcDNA	PK_15_4h	viral_read.count	cluster_3
NOIR_2	E	6h	6	C6	C6_6h	LT934125.1	-	504527.813725	C6_6h	0	0			dcDNA	C6_6h	viral_read.count	cluster_3
NOIR_2	E	6h	6	PC_12	PC_12_6h	LT934125.1	-	516283.780172	PC_12_6h	0.000619450752246089	0.000619450752246089			dcDNA	PC_12_6h	viral_read.count	cluster_3
NOIR_2	E	6h	6	PK_15	PK_15_6h	LT934125.1	-	586746.667283	PK_15_6h	0.00420583869257795	0.00420583869257795			dcDNA	PK_15_6h	viral_read.count	cluster_3
NOIR_2	E	8h	8	C6	C6_8h	LT934125.1	-	571267.150906	C6_8h	0.00237355185021502	0.00237355185021502			dcDNA	C6_8h	viral_read.count	cluster_3
NOIR_2	E	8h	8	PC_12	PC_12_8h	LT934125.1	-	580883.292866	PC_12_8h	0.00280574352372701	0.00280574352372701			dcDNA	PC_12_8h	viral_read.count	cluster_3
NOIR_2	E	8h	8	PK_15	PK_15_8h	LT934125.1	-	617121.127721	PK_15_8h	0.00411505085132671	0.00411505085132671			dcDNA	PK_15_8h	viral_read.count	cluster_3
