##gff-version 3												
##source-version rtracklayer 1.62.0												
##date 2025-03-20												
seqnames	source	type	start	end	score	strand	phase	notes	is.canonic	gene	TSS eredeti	TES eredeti
LT934125.1	Liftoff	exon	117251	119190	.	-	.	"transcript_id=AZURE-L;Name=AZURE-L;ID=AZURE-L;gene_id=AZURE;ORF_id=AZURE;"		AZURE	119190	117251
LT934125.1	Liftoff	transcript	117251	119190	.	-	.	"transcript_id=AZURE-L;Name=AZURE-L;ID=AZURE-L;gene_id=AZURE;ORF_id=AZURE;"		AZURE	119190	117251
LT934125.1	Liftoff	exon	117251	119611	.	-	.	"transcript_id=AZURE-L2;Name=AZURE-L2;ID=AZURE-L2;gene_id=AZURE;ORF_id=AZURE;"		AZURE	119611	117251
LT934125.1	Liftoff	transcript	117251	119611	.	-	.	"transcript_id=AZURE-L2;Name=AZURE-L2;ID=AZURE-L2;gene_id=AZURE;ORF_id=AZURE;"		AZURE	119611	117251
LT934125.1	Liftoff	exon	117251	118739	.	-	.	"transcript_id=AZURE-M;Name=AZURE-M;ID=AZURE-M;gene_id=AZURE;ORF_id=AZURE;"	canonic	AZURE	118739	117251
LT934125.1	Liftoff	transcript	117251	118739	.	-	.	"transcript_id=AZURE-M;Name=AZURE-M;ID=AZURE-M;gene_id=AZURE;ORF_id=AZURE;"	canonic	AZURE	118739	117251
LT934125.1	Liftoff	exon	117251	118349	.	-	.	"transcript_id=AZURE-S;Name=AZURE-S;ID=AZURE-S;gene_id=AZURE;ORF_id=AZURE;"		AZURE	118349	117251
LT934125.1	Liftoff	transcript	117251	118349	.	-	.	"transcript_id=AZURE-S;Name=AZURE-S;ID=AZURE-S;gene_id=AZURE;ORF_id=AZURE;"		AZURE	118349	117251
LT934125.1	Liftoff	exon	117251	118401	.	-	.	"transcript_id=AZURE-S-L;Name=AZURE-S-L;ID=AZURE-S-L;gene_id=AZURE;ORF_id=AZURE;"		AZURE	118401	117249
LT934125.1	Liftoff	transcript	117251	118401	.	-	.	"transcript_id=AZURE-S-L;Name=AZURE-S-L;ID=AZURE-S-L;gene_id=AZURE;ORF_id=AZURE;"		AZURE	118401	117249
LT934125.1	Liftoff	exon	117251	117361	.	-	.	"transcript_id=AZURE-S-L-splice;Name=AZURE-S-L-splice;ID=AZURE-S-L-splice;gene_id=AZURE;ORF_id=AZURE;"		AZURE	117361	117248
LT934125.1	Liftoff	exon	117773	118401	.	-	.	"transcript_id=AZURE-S-L-splice;Name=AZURE-S-L-splice;ID=AZURE-S-L-splice;gene_id=AZURE;ORF_id=AZURE;"		AZURE	118409	117773
LT934125.1	Liftoff	transcript	117251	118401	.	-	.	"transcript_id=AZURE-S-L-splice;Name=AZURE-S-L-splice;ID=AZURE-S-L-splice;gene_id=AZURE;ORF_id=AZURE;"		AZURE	118409	117248
LT934125.1	Liftoff	exon	62617	63420	.	-	.	"transcript_id=CTO-AT;Name=CTO-AT;ID=CTO-AT;gene_id=CTO;ORF_id=CTO;"		CTO	63420	62617
LT934125.1	Liftoff	transcript	62617	63420	.	-	.	"transcript_id=CTO-AT;Name=CTO-AT;ID=CTO-AT;gene_id=CTO;ORF_id=CTO;"		CTO	63420	62617
LT934125.1	Liftoff	exon	62344	63420	.	-	.	"transcript_id=CTO-AT2;Name=CTO-AT2;ID=CTO-AT2;gene_id=CTO;ORF_id=CTO;"		CTO	63420	62344
LT934125.1	Liftoff	transcript	62344	63420	.	-	.	"transcript_id=CTO-AT2;Name=CTO-AT2;ID=CTO-AT2;gene_id=CTO;ORF_id=CTO;"		CTO	63420	62344
LT934125.1	Liftoff	exon	63164	65752	.	-	.	"transcript_id=CTO-L;Name=CTO-L;ID=CTO-L;gene_id=CTO;ORF_id=CTO-L;"		CTO	65752	63164
LT934125.1	Liftoff	transcript	63164	65752	.	-	.	"transcript_id=CTO-L;Name=CTO-L;ID=CTO-L;gene_id=CTO;ORF_id=CTO-L;"		CTO	65752	63164
LT934125.1	Liftoff	exon	63164	65821	.	-	.	"transcript_id=CTO-L2;Name=CTO-L2;ID=CTO-L2;gene_id=CTO;ORF_id=CTO-L;"		CTO	65821	63161
LT934125.1	Liftoff	transcript	63164	65821	.	-	.	"transcript_id=CTO-L2;Name=CTO-L2;ID=CTO-L2;gene_id=CTO;ORF_id=CTO-L;"		CTO	65821	63161
LT934125.1	Liftoff	exon	63164	64127	.	-	.	"transcript_id=CTO-M;Name=CTO-M;ID=CTO-M;gene_id=CTO;ORF_id=CTO-M;"		CTO	64127	63164
LT934125.1	Liftoff	transcript	63164	64127	.	-	.	"transcript_id=CTO-M;Name=CTO-M;ID=CTO-M;gene_id=CTO;ORF_id=CTO-M;"		CTO	64127	63164
LT934125.1	Liftoff	exon	63164	64624	.	-	.	"transcript_id=CTO-M-L;Name=CTO-M-L;ID=CTO-M-L;gene_id=CTO;ORF_id=CTO-L;"		CTO	64624	63164
LT934125.1	Liftoff	transcript	63164	64624	.	-	.	"transcript_id=CTO-M-L;Name=CTO-M-L;ID=CTO-M-L;gene_id=CTO;ORF_id=CTO-L;"		CTO	64624	63164
LT934125.1	Liftoff	exon	63164	63420	.	-	.	"transcript_id=CTO-S;Name=CTO-S;ID=CTO-S;gene_id=CTO;ORF_id=CTO-S;"	canonic	CTO	63420	63164
LT934125.1	Liftoff	transcript	63164	63420	.	-	.	"transcript_id=CTO-S;Name=CTO-S;ID=CTO-S;gene_id=CTO;ORF_id=CTO-S;"	canonic	CTO	63420	63164
LT934125.1	Liftoff	exon	55270	63420	.	-	.	"transcript_id=CTO-UL22-UL23-UL24-UL25-26;Name=CTO-UL22-UL23-UL24-UL25-26;ID=CTO-UL22-UL23-UL24-UL25-26;gene_id=CTO;ORF_id=UL24;"		CTO	63420	55270
LT934125.1	Liftoff	transcript	55270	63420	.	-	.	"transcript_id=CTO-UL22-UL23-UL24-UL25-26;Name=CTO-UL22-UL23-UL24-UL25-26;ID=CTO-UL22-UL23-UL24-UL25-26;gene_id=CTO;ORF_id=UL24;"		CTO	63420	55270
LT934125.1	Liftoff	exon	100549	102393	.	+	.	"transcript_id=ELIE-1;Name=ELIE-1;ID=ELIE-1;gene_id=ELIE;ORF_id=ELIE;"	canonic	ELIE	100549	102393
LT934125.1	Liftoff	transcript	100549	102393	.	+	.	"transcript_id=ELIE-1;Name=ELIE-1;ID=ELIE-1;gene_id=ELIE;ORF_id=ELIE;"	canonic	ELIE	100549	102393
LT934125.1	Liftoff	exon	101661	102393	.	+	.	"transcript_id=ELIE-2;Name=ELIE-2;ID=ELIE-2;gene_id=ELIE;ORF_id=ELIE;"		ELIE	101661	102393
LT934125.1	Liftoff	transcript	101661	102393	.	+	.	"transcript_id=ELIE-2;Name=ELIE-2;ID=ELIE-2;gene_id=ELIE;ORF_id=ELIE;"		ELIE	101661	102393
LT934125.1	Liftoff	exon	101291	102393	.	+	.	"transcript_id=ELIE-2-L;Name=ELIE-2-L;ID=ELIE-2-L;gene_id=ELIE;ORF_id=ELIE;"		ELIE	101291	102383
LT934125.1	Liftoff	transcript	101291	102393	.	+	.	"transcript_id=ELIE-2-L;Name=ELIE-2-L;ID=ELIE-2-L;gene_id=ELIE;ORF_id=ELIE;"		ELIE	101291	102383
LT934125.1	Liftoff	exon	95889	97361	.	-	.	"transcript_id=EP0;Name=EP0;ID=EP0;gene_id=EP0;ORF_id=EP0;"		EP0	97362	95890
LT934125.1	Liftoff	transcript	95889	97361	.	-	.	"transcript_id=EP0;Name=EP0;ID=EP0;gene_id=EP0;ORF_id=EP0;"		EP0	97362	95890
LT934125.1	Liftoff	exon	95889	96629	.	-	.	"transcript_id=EP0.10;Name=EP0.10;ID=EP0.10;gene_id=EP0;ORF_id=EP0.10;"		EP0	96629	95890
LT934125.1	Liftoff	transcript	95889	96629	.	-	.	"transcript_id=EP0.10;Name=EP0.10;ID=EP0.10;gene_id=EP0;ORF_id=EP0.10;"		EP0	96629	95890
LT934125.1	Liftoff	exon	95889	96866	.	-	.	"transcript_id=EP0.4;Name=EP0.4;ID=EP0.4;gene_id=EP0;ORF_id=EP0.4;"		EP0	96866	95890
LT934125.1	Liftoff	transcript	95889	96866	.	-	.	"transcript_id=EP0.4;Name=EP0.4;ID=EP0.4;gene_id=EP0;ORF_id=EP0.4;"		EP0	96866	95890
LT934125.1	Liftoff	exon	95889	97338	.	-	.	"transcript_id=EP0.5;Name=EP0.5;ID=EP0.5;gene_id=EP0;ORF_id=EP0.5;"		EP0	97338	95890
LT934125.1	Liftoff	transcript	95889	97338	.	-	.	"transcript_id=EP0.5;Name=EP0.5;ID=EP0.5;gene_id=EP0;ORF_id=EP0.5;"		EP0	97338	95890
LT934125.1	Liftoff	exon	95889	97175	.	-	.	"transcript_id=EP0.5-S;Name=EP0.5-S;ID=EP0.5-S;gene_id=EP0;ORF_id=EP0.5;"		EP0	97175	95890
LT934125.1	Liftoff	transcript	95889	97175	.	-	.	"transcript_id=EP0.5-S;Name=EP0.5-S;ID=EP0.5-S;gene_id=EP0;ORF_id=EP0.5;"		EP0	97175	95890
LT934125.1	Liftoff	exon	95889	96851	.	-	.	"transcript_id=EP0.5-S2-sp1;Name=EP0.5-S2-sp1;ID=EP0.5-S2-sp1;gene_id=EP0;ORF_id=EP0.5;"		EP0	96851	95889
LT934125.1	Liftoff	exon	96990	97126	.	-	.	"transcript_id=EP0.5-S2-sp1;Name=EP0.5-S2-sp1;ID=EP0.5-S2-sp1;gene_id=EP0;ORF_id=EP0.5;"		EP0	97126	96990
LT934125.1	Liftoff	transcript	95889	97126	.	-	.	"transcript_id=EP0.5-S2-sp1;Name=EP0.5-S2-sp1;ID=EP0.5-S2-sp1;gene_id=EP0;ORF_id=EP0.5;"		EP0	97126	95889
LT934125.1	Liftoff	exon	95889	96851	.	-	.	"transcript_id=EP0.5-sp1;Name=EP0.5-sp1;ID=EP0.5-sp1;gene_id=EP0;ORF_id=EP0.5;"		EP0	96851	95889
LT934125.1	Liftoff	exon	96990	97338	.	-	.	"transcript_id=EP0.5-sp1;Name=EP0.5-sp1;ID=EP0.5-sp1;gene_id=EP0;ORF_id=EP0.5;"		EP0	97337	96990
LT934125.1	Liftoff	transcript	95889	97338	.	-	.	"transcript_id=EP0.5-sp1;Name=EP0.5-sp1;ID=EP0.5-sp1;gene_id=EP0;ORF_id=EP0.5;"		EP0	97337	95889
LT934125.1	Liftoff	exon	95889	96851	.	-	.	"transcript_id=EP0.5-sp2;Name=EP0.5-sp2;ID=EP0.5-sp2;gene_id=EP0;ORF_id=EP0.5;"		EP0	96851	95889
LT934125.1	Liftoff	exon	96942	97338	.	-	.	"transcript_id=EP0.5-sp2;Name=EP0.5-sp2;ID=EP0.5-sp2;gene_id=EP0;ORF_id=EP0.5;"		EP0	97337	96942
LT934125.1	Liftoff	transcript	95889	97338	.	-	.	"transcript_id=EP0.5-sp2;Name=EP0.5-sp2;ID=EP0.5-sp2;gene_id=EP0;ORF_id=EP0.5;"		EP0	97337	95889
LT934125.1	Liftoff	exon	95889	96851	.	-	.	"transcript_id=EP0.5-S-sp1;Name=EP0.5-S-sp1;ID=EP0.5-S-sp1;gene_id=EP0;ORF_id=EP0.5;"		EP0	96851	95889
LT934125.1	Liftoff	exon	96990	97175	.	-	.	"transcript_id=EP0.5-S-sp1;Name=EP0.5-S-sp1;ID=EP0.5-S-sp1;gene_id=EP0;ORF_id=EP0.5;"		EP0	97174	96990
LT934125.1	Liftoff	transcript	95889	97175	.	-	.	"transcript_id=EP0.5-S-sp1;Name=EP0.5-S-sp1;ID=EP0.5-S-sp1;gene_id=EP0;ORF_id=EP0.5;"		EP0	97174	95889
LT934125.1	Liftoff	exon	95889	97537	.	-	.	"transcript_id=EP0-L2;Name=EP0-L2;ID=EP0-L2;gene_id=EP0;ORF_id=EP0;"		EP0	97537	95890
LT934125.1	Liftoff	transcript	95889	97537	.	-	.	"transcript_id=EP0-L2;Name=EP0-L2;ID=EP0-L2;gene_id=EP0;ORF_id=EP0;"		EP0	97537	95890
LT934125.1	Liftoff	exon	95889	96851	.	-	.	"transcript_id=EP0-sp1;Name=EP0-sp1;ID=EP0-sp1;gene_id=EP0;ORF_id=EP0;"		EP0	96851	95889
LT934125.1	Liftoff	exon	96990	97361	.	-	.	"transcript_id=EP0-sp1;Name=EP0-sp1;ID=EP0-sp1;gene_id=EP0;ORF_id=EP0;"	canonic	EP0	97361	96990
LT934125.1	Liftoff	transcript	95889	97361	.	-	.	"transcript_id=EP0-sp1;Name=EP0-sp1;ID=EP0-sp1;gene_id=EP0;ORF_id=EP0;"	canonic	EP0	97361	95889
LT934125.1	Liftoff	exon	95889	96851	.	-	.	"transcript_id=EP0-sp2;Name=EP0-sp2;ID=EP0-sp2;gene_id=EP0;ORF_id=EP0;"		EP0	96851	95889
LT934125.1	Liftoff	exon	96942	97361	.	-	.	"transcript_id=EP0-sp2;Name=EP0-sp2;ID=EP0-sp2;gene_id=EP0;ORF_id=EP0;"		EP0	97361	96942
LT934125.1	Liftoff	transcript	95889	97361	.	-	.	"transcript_id=EP0-sp2;Name=EP0-sp2;ID=EP0-sp2;gene_id=EP0;ORF_id=EP0;"		EP0	97361	95889
LT934125.1	Liftoff	exon	71548	73108	.	-	.	"transcript_id=FORF15;Name=FORF15;ID=FORF15;gene_id=UL15;ORF_id=UL15;"		UL15	73108	71549
LT934125.1	Liftoff	transcript	71548	73108	.	-	.	"transcript_id=FORF15;Name=FORF15;ID=FORF15;gene_id=UL15;ORF_id=UL15;"		UL15	73108	71549
LT934125.1	Liftoff	exon	71548	74345	.	-	.	"transcript_id=FORF15-L;Name=FORF15-L;ID=FORF15-L;gene_id=UL15;ORF_id=UL15;"		UL15	74345	71549
LT934125.1	Liftoff	transcript	71548	74345	.	-	.	"transcript_id=FORF15-L;Name=FORF15-L;ID=FORF15-L;gene_id=UL15;ORF_id=UL15;"		UL15	74345	71549
LT934125.1	Liftoff	exon	71548	73139	.	-	.	"transcript_id=FORF15-L2;Name=FORF15-L2;ID=FORF15-L2;gene_id=UL15;ORF_id=UL15;"		UL15	73139	71549
LT934125.1	Liftoff	transcript	71548	73139	.	-	.	"transcript_id=FORF15-L2;Name=FORF15-L2;ID=FORF15-L2;gene_id=UL15;ORF_id=UL15;"		UL15	73139	71549
LT934125.1	Liftoff	exon	71548	72713	.	-	.	"transcript_id=FORF15-S;Name=FORF15-S;ID=FORF15-S;gene_id=UL15;ORF_id=UL15;"		UL15	72713	71549
LT934125.1	Liftoff	transcript	71548	72713	.	-	.	"transcript_id=FORF15-S;Name=FORF15-S;ID=FORF15-S;gene_id=UL15;ORF_id=UL15;"		UL15	72713	71549
LT934125.1	Liftoff	exon	71548	71882	.	-	.	"transcript_id=FORF15-S2;Name=FORF15-S2;ID=FORF15-S2;gene_id=UL15;ORF_id=UL15;"		UL15	71882	71549
LT934125.1	Liftoff	transcript	71548	71882	.	-	.	"transcript_id=FORF15-S2;Name=FORF15-S2;ID=FORF15-S2;gene_id=UL15;ORF_id=UL15;"		UL15	71882	71549
LT934125.1	Liftoff	exon	102362	107560	.	-	.	"transcript_id=IE180;Name=IE180;ID=IE180;gene_id=IE180;ORF_id=IE180;"	canonic	IE180	107560	102362
LT934125.1	Liftoff	transcript	102362	107560	.	-	.	"transcript_id=IE180;Name=IE180;ID=IE180;gene_id=IE180;ORF_id=IE180;"	canonic	IE180	107560	102362
LT934125.1	Liftoff	exon	136158	141356	.	+	.	"transcript_id=IE180_2;Name=IE180_2;ID=IE180_2;gene_id=IE180_2;ORF_id=IE180_2;"	canonic	IE180_2	136158	141356
LT934125.1	Liftoff	transcript	136158	141356	.	+	.	"transcript_id=IE180_2;Name=IE180_2;ID=IE180_2;gene_id=IE180_2;ORF_id=IE180_2;"	canonic	IE180_2	136158	141356
LT934125.1	Liftoff	exon	136348	141356	.	+	.	"transcript_id=IE180_2-S;Name=IE180_2-S;ID=IE180_2-S;gene_id=IE180_2;ORF_id=IE180_2;"		IE180_2	136348	141356
LT934125.1	Liftoff	transcript	136348	141356	.	+	.	"transcript_id=IE180_2-S;Name=IE180_2-S;ID=IE180_2-S;gene_id=IE180_2;ORF_id=IE180_2;"		IE180_2	136348	141356
LT934125.1	Liftoff	exon	102362	107370	.	-	.	"transcript_id=IE180-S;Name=IE180-S;ID=IE180-S;gene_id=IE180;ORF_id=IE180;"		IE180	107370	102362
LT934125.1	Liftoff	transcript	102362	107370	.	-	.	"transcript_id=IE180-S;Name=IE180-S;ID=IE180-S;gene_id=IE180;ORF_id=IE180;"		IE180	107370	102362
LT934125.1	Liftoff	exon	63176	63421	.	+	.	"transcript_id=nc-CTO-S;Name=nc-CTO-S;ID=nc-CTO-S;gene_id=CTO;ORF_id=CTO-S;"		CTO	63176	63421
LT934125.1	Liftoff	transcript	63176	63421	.	+	.	"transcript_id=nc-CTO-S;Name=nc-CTO-S;ID=nc-CTO-S;gene_id=CTO;ORF_id=CTO-S;"		CTO	63176	63421
LT934125.1	Liftoff	exon	96800	97006	.	-	.	"transcript_id=nc-EP0;Name=nc-EP0;ID=nc-EP0;gene_id=EP0;ORF_id=EP0;"		EP0	97006	96800
LT934125.1	Liftoff	transcript	96800	97006	.	-	.	"transcript_id=nc-EP0;Name=nc-EP0;ID=nc-EP0;gene_id=EP0;ORF_id=EP0;"		EP0	97006	96800
LT934125.1	Liftoff	exon	95889	96090	.	-	.	"transcript_id=nc-EP0-2;Name=nc-EP0-2;ID=nc-EP0-2;gene_id=EP0;ORF_id=EP0;"		EP0	96090	95890
LT934125.1	Liftoff	transcript	95889	96090	.	-	.	"transcript_id=nc-EP0-2;Name=nc-EP0-2;ID=nc-EP0-2;gene_id=EP0;ORF_id=EP0;"		EP0	96090	95890
LT934125.1	Liftoff	exon	80352	80491	.	-	.	"transcript_id=nc-UL10;Name=nc-UL10;ID=nc-UL10;gene_id=UL10;ORF_id=UL10;"		UL10	80491	80352
LT934125.1	Liftoff	transcript	80352	80491	.	-	.	"transcript_id=nc-UL10;Name=nc-UL10;ID=nc-UL10;gene_id=UL10;ORF_id=UL10;"		UL10	80491	80352
LT934125.1	Liftoff	exon	70132	70521	.	+	.	"transcript_id=nc-UL19;Name=nc-UL19;ID=nc-UL19;gene_id=UL19;ORF_id=UL19;"		UL19	70132	70521
LT934125.1	Liftoff	transcript	70132	70521	.	+	.	"transcript_id=nc-UL19;Name=nc-UL19;ID=nc-UL19;gene_id=UL19;ORF_id=UL19;"		UL19	70132	70521
LT934125.1	Liftoff	exon	70311	70521	.	+	.	"transcript_id=nc-UL19-S;Name=nc-UL19-S;ID=nc-UL19-S;gene_id=UL19;ORF_id=UL19;"		UL19	70311	70521
LT934125.1	Liftoff	transcript	70311	70521	.	+	.	"transcript_id=nc-UL19-S;Name=nc-UL19-S;ID=nc-UL19-S;gene_id=UL19;ORF_id=UL19;"		UL19	70311	70521
LT934125.1	Liftoff	exon	56317	56946	.	-	.	"transcript_id=nc-UL26;Name=nc-UL26;ID=nc-UL26;gene_id=UL26;ORF_id=UL26;"		UL26	56946	56317
LT934125.1	Liftoff	transcript	56317	56946	.	-	.	"transcript_id=nc-UL26;Name=nc-UL26;ID=nc-UL26;gene_id=UL26;ORF_id=UL26;"		UL26	56946	56317
LT934125.1	Liftoff	exon	92069	92622	.	-	.	"transcript_id=nc-UL3.5;Name=nc-UL3.5;ID=nc-UL3.5;gene_id=UL3.5;ORF_id=UL3.5;"		UL3.5	92622	92069
LT934125.1	Liftoff	transcript	92069	92622	.	-	.	"transcript_id=nc-UL3.5;Name=nc-UL3.5;ID=nc-UL3.5;gene_id=UL3.5;ORF_id=UL3.5;"		UL3.5	92622	92069
LT934125.1	Liftoff	exon	32686	32842	.	-	.	"transcript_id=nc-UL36;Name=nc-UL36;ID=nc-UL36;gene_id=UL36;ORF_id=UL36;"		UL36	32842	32686
LT934125.1	Liftoff	transcript	32686	32842	.	-	.	"transcript_id=nc-UL36;Name=nc-UL36;ID=nc-UL36;gene_id=UL36;ORF_id=UL36;"		UL36	32842	32686
LT934125.1	Liftoff	exon	15883	16224	.	+	.	"transcript_id=nc-UL46;Name=nc-UL46;ID=nc-UL46;gene_id=UL46;ORF_id=UL46;"		UL46	15883	16224
LT934125.1	Liftoff	transcript	15883	16224	.	+	.	"transcript_id=nc-UL46;Name=nc-UL46;ID=nc-UL46;gene_id=UL46;ORF_id=UL46;"		UL46	15883	16224
LT934125.1	Liftoff	exon	16014	16224	.	+	.	"transcript_id=nc-UL46-S;Name=nc-UL46-S;ID=nc-UL46-S;gene_id=UL46;ORF_id=UL46;"		UL46	16014	16224
LT934125.1	Liftoff	transcript	16014	16224	.	+	.	"transcript_id=nc-UL46-S;Name=nc-UL46-S;ID=nc-UL46-S;gene_id=UL46;ORF_id=UL46;"		UL46	16014	16224
LT934125.1	Liftoff	exon	11793	12084	.	+	.	"transcript_id=nc-UL47;Name=nc-UL47;ID=nc-UL47;gene_id=UL47;ORF_id=UL47;"		UL47	11793	12084
LT934125.1	Liftoff	transcript	11793	12084	.	+	.	"transcript_id=nc-UL47;Name=nc-UL47;ID=nc-UL47;gene_id=UL47;ORF_id=UL47;"		UL47	11793	12084
LT934125.1	Liftoff	exon	115012	116628	.	+	.	"transcript_id=nc-US1;Name=nc-US1;ID=nc-US1;gene_id=US1;ORF_id=US1;"		US1	115012	116628
LT934125.1	Liftoff	transcript	115012	116628	.	+	.	"transcript_id=nc-US1;Name=nc-US1;ID=nc-US1;gene_id=US1;ORF_id=US1;"		US1	115012	116628
LT934125.1	Liftoff	exon	127089	128705	.	-	.	"transcript_id=nc-US1_2;Name=nc-US1_2;ID=nc-US1_2;gene_id=US1_2;ORF_id=US1_2;"		US1_2	128705	127089
LT934125.1	Liftoff	transcript	127089	128705	.	-	.	"transcript_id=nc-US1_2;Name=nc-US1_2;ID=nc-US1_2;gene_id=US1_2;ORF_id=US1_2;"		US1_2	128705	127089
LT934125.1	Liftoff	exon	134888	136285	.	-	.	"transcript_id=NOIR_2-1L-2;Name=NOIR_2-1L-2;ID=NOIR_2-1L-2;gene_id=NOIR_2;ORF_id=NOIR_2;"		NOIR_2	136285	134888
LT934125.1	Liftoff	transcript	134888	136285	.	-	.	"transcript_id=NOIR_2-1L-2;Name=NOIR_2-1L-2;ID=NOIR_2-1L-2;gene_id=NOIR_2;ORF_id=NOIR_2;"		NOIR_2	136285	134888
LT934125.1	Liftoff	exon	134888	136409	.	-	.	"transcript_id=NOIR_2-1L3-2;Name=NOIR_2-1L3-2;ID=NOIR_2-1L3-2;gene_id=NOIR_2;ORF_id=NOIR_2;"		NOIR_2	136409	134888
LT934125.1	Liftoff	transcript	134888	136409	.	-	.	"transcript_id=NOIR_2-1L3-2;Name=NOIR_2-1L3-2;ID=NOIR_2-1L3-2;gene_id=NOIR_2;ORF_id=NOIR_2;"		NOIR_2	136409	134888
LT934125.1	Liftoff	exon	134888	136235	.	-	.	"transcript_id=NOIR_2-1M-2;Name=NOIR_2-1M-2;ID=NOIR_2-1M-2;gene_id=NOIR_2;ORF_id=NOIR_2;"	canonic	NOIR_2	136235	134888
LT934125.1	Liftoff	transcript	134888	136235	.	-	.	"transcript_id=NOIR_2-1M-2;Name=NOIR_2-1M-2;ID=NOIR_2-1M-2;gene_id=NOIR_2;ORF_id=NOIR_2;"	canonic	NOIR_2	136235	134888
LT934125.1	Liftoff	exon	134888	135256	.	-	.	"transcript_id=NOIR_2-1M-splice-2;Name=NOIR_2-1M-splice-2;ID=NOIR_2-1M-splice-2;gene_id=NOIR_2;ORF_id=NOIR_2;"		NOIR_2	135256	134894
LT934125.1	Liftoff	exon	135752	136248	.	-	.	"transcript_id=NOIR_2-1M-splice-2;Name=NOIR_2-1M-splice-2;ID=NOIR_2-1M-splice-2;gene_id=NOIR_2;ORF_id=NOIR_2;"		NOIR_2	136248	135752
LT934125.1	Liftoff	transcript	134888	136248	.	-	.	"transcript_id=NOIR_2-1M-splice-2;Name=NOIR_2-1M-splice-2;ID=NOIR_2-1M-splice-2;gene_id=NOIR_2;ORF_id=NOIR_2;"		NOIR_2	136248	134894
LT934125.1	Liftoff	exon	134888	136131	.	-	.	"transcript_id=NOIR_2-1S-2;Name=NOIR_2-1S-2;ID=NOIR_2-1S-2;gene_id=NOIR_2;ORF_id=NOIR_2;"		NOIR_2	136131	134888
LT934125.1	Liftoff	transcript	134888	136131	.	-	.	"transcript_id=NOIR_2-1S-2;Name=NOIR_2-1S-2;ID=NOIR_2-1S-2;gene_id=NOIR_2;ORF_id=NOIR_2;"		NOIR_2	136131	134888
LT934125.1	Liftoff	exon	134888	136103	.	-	.	"transcript_id=NOIR_2-1S2-2;Name=NOIR_2-1S2-2;ID=NOIR_2-1S2-2;gene_id=NOIR_2;ORF_id=NOIR_2;"		NOIR_2	136103	134888
LT934125.1	Liftoff	transcript	134888	136103	.	-	.	"transcript_id=NOIR_2-1S2-2;Name=NOIR_2-1S2-2;ID=NOIR_2-1S2-2;gene_id=NOIR_2;ORF_id=NOIR_2;"		NOIR_2	136103	134888
LT934125.1	Liftoff	exon	134888	135899	.	-	.	"transcript_id=NOIR_2-1S3-2;Name=NOIR_2-1S3-2;ID=NOIR_2-1S3-2;gene_id=NOIR_2;ORF_id=NOIR_2;"		NOIR_2	135899	134888
LT934125.1	Liftoff	transcript	134888	135899	.	-	.	"transcript_id=NOIR_2-1S3-2;Name=NOIR_2-1S3-2;ID=NOIR_2-1S3-2;gene_id=NOIR_2;ORF_id=NOIR_2;"		NOIR_2	135899	134888
LT934125.1	Liftoff	exon	134888	135619	.	-	.	"transcript_id=NOIR_2-1S4-2;Name=NOIR_2-1S4-2;ID=NOIR_2-1S4-2;gene_id=NOIR_2;ORF_id=NOIR_2;"		NOIR_2	135619	134888
LT934125.1	Liftoff	transcript	134888	135619	.	-	.	"transcript_id=NOIR_2-1S4-2;Name=NOIR_2-1S4-2;ID=NOIR_2-1S4-2;gene_id=NOIR_2;ORF_id=NOIR_2;"		NOIR_2	135619	134888
LT934125.1	Liftoff	exon	132614	133513	.	+	.	"transcript_id=NOIR_2-2;Name=NOIR_2-2;ID=NOIR_2-2;gene_id=NOIR_2;ORF_id=NOIR_2;"		NOIR_2	132614	133513
LT934125.1	Liftoff	transcript	132614	133513	.	+	.	"transcript_id=NOIR_2-2;Name=NOIR_2-2;ID=NOIR_2-2;gene_id=NOIR_2;ORF_id=NOIR_2;"		NOIR_2	132614	133513
LT934125.1	Liftoff	exon	107483	108830	.	+	.	"transcript_id=NOIR-1M;Name=NOIR-1M;ID=NOIR-1M;gene_id=NOIR;ORF_id=NOIR;"	canonic	NOIR	107483	108830
LT934125.1	Liftoff	transcript	107483	108830	.	+	.	"transcript_id=NOIR-1M;Name=NOIR-1M;ID=NOIR-1M;gene_id=NOIR;ORF_id=NOIR;"	canonic	NOIR	107483	108830
LT934125.1	Liftoff	exon	107483	107615	.	+	.	"transcript_id=NOIR-1M-splice;Name=NOIR-1M-splice;ID=NOIR-1M-splice;gene_id=NOIR;ORF_id=NOIR;"		NOIR	107482	107615
LT934125.1	Liftoff	exon	108460	108830	.	+	.	"transcript_id=NOIR-1M-splice;Name=NOIR-1M-splice;ID=NOIR-1M-splice;gene_id=NOIR;ORF_id=NOIR;"		NOIR	108460	108829
LT934125.1	Liftoff	transcript	107483	108830	.	+	.	"transcript_id=NOIR-1M-splice;Name=NOIR-1M-splice;ID=NOIR-1M-splice;gene_id=NOIR;ORF_id=NOIR;"		NOIR	107482	108829
LT934125.1	Liftoff	exon	107615	108830	.	+	.	"transcript_id=NOIR-1S;Name=NOIR-1S;ID=NOIR-1S;gene_id=NOIR;ORF_id=NOIR;"		NOIR	107615	108830
LT934125.1	Liftoff	transcript	107615	108830	.	+	.	"transcript_id=NOIR-1S;Name=NOIR-1S;ID=NOIR-1S;gene_id=NOIR;ORF_id=NOIR;"		NOIR	107615	108830
LT934125.1	Liftoff	exon	107819	108830	.	+	.	"transcript_id=NOIR-1S2;Name=NOIR-1S2;ID=NOIR-1S2;gene_id=NOIR;ORF_id=NOIR;"		NOIR	107819	108830
LT934125.1	Liftoff	transcript	107819	108830	.	+	.	"transcript_id=NOIR-1S2;Name=NOIR-1S2;ID=NOIR-1S2;gene_id=NOIR;ORF_id=NOIR;"		NOIR	107819	108830
LT934125.1	Liftoff	exon	108030	108830	.	+	.	"transcript_id=NOIR-1S3;Name=NOIR-1S3;ID=NOIR-1S3;gene_id=NOIR;ORF_id=NOIR;"		NOIR	108030	108830
LT934125.1	Liftoff	transcript	108030	108830	.	+	.	"transcript_id=NOIR-1S3;Name=NOIR-1S3;ID=NOIR-1S3;gene_id=NOIR;ORF_id=NOIR;"		NOIR	108030	108830
LT934125.1	Liftoff	exon	108228	108830	.	+	.	"transcript_id=NOIR-1S4;Name=NOIR-1S4;ID=NOIR-1S4;gene_id=NOIR;ORF_id=NOIR;"		NOIR	108228	108830
LT934125.1	Liftoff	transcript	108228	108830	.	+	.	"transcript_id=NOIR-1S4;Name=NOIR-1S4;ID=NOIR-1S4;gene_id=NOIR;ORF_id=NOIR;"		NOIR	108228	108830
LT934125.1	Liftoff	exon	110204	111104	.	-	.	"transcript_id=NOIR-2;Name=NOIR-2;ID=NOIR-2;gene_id=NOIR;ORF_id=NOIR;"		NOIR	111104	110204
LT934125.1	Liftoff	transcript	110204	111104	.	-	.	"transcript_id=NOIR-2;Name=NOIR-2;ID=NOIR-2;gene_id=NOIR;ORF_id=NOIR;"		NOIR	111104	110204
LT934125.1	Liftoff	exon	107309	108830	.	+	.	"transcript_id=NOIR-L3;Name=NOIR-L3;ID=NOIR-L3;gene_id=NOIR;ORF_id=NOIR;"		NOIR	107309	108830
LT934125.1	Liftoff	transcript	107309	108830	.	+	.	"transcript_id=NOIR-L3;Name=NOIR-L3;ID=NOIR-L3;gene_id=NOIR;ORF_id=NOIR;"		NOIR	107309	108830
LT934125.1	Liftoff	exon	1600	2273	.	+	.	"transcript_id=ORF-1;Name=ORF-1;ID=ORF-1;gene_id=ORF-1;ORF_id=ORF-1;"	canonic	ORF-1	1600	2273
LT934125.1	Liftoff	transcript	1600	2273	.	+	.	"transcript_id=ORF-1;Name=ORF-1;ID=ORF-1;gene_id=ORF-1;ORF_id=ORF-1;"	canonic	ORF-1	1600	2273
LT934125.1	Liftoff	exon	1725	2273	.	+	.	"transcript_id=ORF-1.5;Name=ORF-1.5;ID=ORF-1.5;gene_id=ORF-1;ORF_id=ORF1.5;"		ORF-1	1725	2273
LT934125.1	Liftoff	transcript	1725	2273	.	+	.	"transcript_id=ORF-1.5;Name=ORF-1.5;ID=ORF-1.5;gene_id=ORF-1;ORF_id=ORF1.5;"		ORF-1	1725	2273
LT934125.1	Liftoff	exon	1806	2273	.	+	.	"transcript_id=ORF-1.5-S;Name=ORF-1.5-S;ID=ORF-1.5-S;gene_id=ORF-1;ORF_id=ORF1.5;"		ORF-1	1806	2273
LT934125.1	Liftoff	transcript	1806	2273	.	+	.	"transcript_id=ORF-1.5-S;Name=ORF-1.5-S;ID=ORF-1.5-S;gene_id=ORF-1;ORF_id=ORF1.5;"		ORF-1	1806	2273
LT934125.1	Liftoff	exon	419	2273	.	+	.	"transcript_id=ORF-1L1;Name=ORF-1L1;ID=ORF-1L1;gene_id=ORF-1;ORF_id=ORF-1;"		ORF-1	419	2273
LT934125.1	Liftoff	transcript	419	2273	.	+	.	"transcript_id=ORF-1L1;Name=ORF-1L1;ID=ORF-1L1;gene_id=ORF-1;ORF_id=ORF-1;"		ORF-1	419	2273
LT934125.1	Liftoff	exon	779	2273	.	+	.	"transcript_id=ORF-1L1-S;Name=ORF-1L1-S;ID=ORF-1L1-S;gene_id=ORF-1;ORF_id=ORF-1;"		ORF-1	779	2273
LT934125.1	Liftoff	transcript	779	2273	.	+	.	"transcript_id=ORF-1L1-S;Name=ORF-1L1-S;ID=ORF-1L1-S;gene_id=ORF-1;ORF_id=ORF-1;"		ORF-1	779	2273
LT934125.1	Liftoff	exon	227	2273	.	+	.	"transcript_id=ORF-1L2;Name=ORF-1L2;ID=ORF-1L2;gene_id=ORF-1;ORF_id=ORF-1;"		ORF-1	227	2273
LT934125.1	Liftoff	transcript	227	2273	.	+	.	"transcript_id=ORF-1L2;Name=ORF-1L2;ID=ORF-1L2;gene_id=ORF-1;ORF_id=ORF-1;"		ORF-1	227	2273
LT934125.1	Liftoff	exon	1335	2273	.	+	.	"transcript_id=ORF-1M1;Name=ORF-1M1;ID=ORF-1M1;gene_id=ORF-1;ORF_id=ORF-1;"		ORF-1	1335	2273
LT934125.1	Liftoff	transcript	1335	2273	.	+	.	"transcript_id=ORF-1M1;Name=ORF-1M1;ID=ORF-1M1;gene_id=ORF-1;ORF_id=ORF-1;"		ORF-1	1335	2273
LT934125.1	Liftoff	exon	1496	2273	.	+	.	"transcript_id=ORF-1M1-S;Name=ORF-1M1-S;ID=ORF-1M1-S;gene_id=ORF-1;ORF_id=ORF-1;"		ORF-1	1496	2273
LT934125.1	Liftoff	transcript	1496	2273	.	+	.	"transcript_id=ORF-1M1-S;Name=ORF-1M1-S;ID=ORF-1M1-S;gene_id=ORF-1;ORF_id=ORF-1;"		ORF-1	1496	2273
LT934125.1	Liftoff	exon	990	2273	.	+	.	"transcript_id=ORF-1M2;Name=ORF-1M2;ID=ORF-1M2;gene_id=ORF-1;ORF_id=ORF-1;"		ORF-1	990	2273
LT934125.1	Liftoff	transcript	990	2273	.	+	.	"transcript_id=ORF-1M2;Name=ORF-1M2;ID=ORF-1M2;gene_id=ORF-1;ORF_id=ORF-1;"		ORF-1	990	2273
LT934125.1	Liftoff	exon	126752	130831	.	-	.	"transcript_id=PTO-US1_2-nonsp;Name=PTO-US1_2-nonsp;ID=PTO-US1_2-nonsp;gene_id=US1_2;ORF_id=PTO;"	canonic	US1_2	130831	126753
LT934125.1	Liftoff	transcript	126752	130831	.	-	.	"transcript_id=PTO-US1_2-nonsp;Name=PTO-US1_2-nonsp;ID=PTO-US1_2-nonsp;gene_id=US1_2;ORF_id=PTO;"	canonic	US1_2	130831	126753
LT934125.1	Liftoff	exon	126752	127972	.	-	.	"transcript_id=PTO-US1_2-sp;Name=PTO-US1_2-sp;ID=PTO-US1_2-sp;gene_id=US1_2;ORF_id=PTO;"		US1_2	127972	126752
LT934125.1	Liftoff	exon	128147	128198	.	-	.	"transcript_id=PTO-US1_2-sp;Name=PTO-US1_2-sp;ID=PTO-US1_2-sp;gene_id=US1_2;ORF_id=PTO;"		US1_2	128198	128147
LT934125.1	Liftoff	exon	128321	130831	.	-	.	"transcript_id=PTO-US1_2-sp;Name=PTO-US1_2-sp;ID=PTO-US1_2-sp;gene_id=US1_2;ORF_id=PTO;"		US1_2	130830	128321
LT934125.1	Liftoff	transcript	126752	130831	.	-	.	"transcript_id=PTO-US1_2-sp;Name=PTO-US1_2-sp;ID=PTO-US1_2-sp;gene_id=US1_2;ORF_id=PTO;"		US1_2	130830	126752
LT934125.1	Liftoff	exon	112884	116961	.	+	.	"transcript_id=PTO-US1-nonsp;Name=PTO-US1-nonsp;ID=PTO-US1-nonsp;gene_id=US1;ORF_id=PTO;"	canonic	US1	112884	116962
LT934125.1	Liftoff	transcript	112884	116961	.	+	.	"transcript_id=PTO-US1-nonsp;Name=PTO-US1-nonsp;ID=PTO-US1-nonsp;gene_id=US1;ORF_id=PTO;"	canonic	US1	112884	116962
LT934125.1	Liftoff	exon	112884	115138	.	+	.	"transcript_id=PTO-US1-sp;Name=PTO-US1-sp;ID=PTO-US1-sp;gene_id=US1;ORF_id=PTO;"		US1	112883	115138
LT934125.1	Liftoff	exon	115256	115308	.	+	.	"transcript_id=PTO-US1-sp;Name=PTO-US1-sp;ID=PTO-US1-sp;gene_id=US1;ORF_id=PTO;"		US1	115256	115308
LT934125.1	Liftoff	exon	115464	116961	.	+	.	"transcript_id=PTO-US1-sp;Name=PTO-US1-sp;ID=PTO-US1-sp;gene_id=US1;ORF_id=PTO;"		US1	115464	116961
LT934125.1	Liftoff	transcript	112884	116961	.	+	.	"transcript_id=PTO-US1-sp;Name=PTO-US1-sp;ID=PTO-US1-sp;gene_id=US1;ORF_id=PTO;"		US1	112883	116961
LT934125.1	Liftoff	exon	21477	21941	.	-	.	"transcript_id=TRL29.2;Name=TRL29.2;ID=TRL29.2;gene_id=UL29;ORF_id=UL29.2;"		UL29	21941	21477
LT934125.1	Liftoff	transcript	21477	21941	.	-	.	"transcript_id=TRL29.2;Name=TRL29.2;ID=TRL29.2;gene_id=UL29;ORF_id=UL29.2;"		UL29	21941	21477
LT934125.1	Liftoff	exon	92069	92422	.	-	.	"transcript_id=TRL3.5;Name=TRL3.5;ID=TRL3.5;gene_id=UL3.5;ORF_id=UL3.5;"		UL3.5	92422	92071
LT934125.1	Liftoff	transcript	92069	92422	.	-	.	"transcript_id=TRL3.5;Name=TRL3.5;ID=TRL3.5;gene_id=UL3.5;ORF_id=UL3.5;"		UL3.5	92422	92071
LT934125.1	Liftoff	exon	32163	32415	.	+	.	"transcript_id=TRL35;Name=TRL35;ID=TRL35;gene_id=UL35;ORF_id=UL35.2;"		UL35	32163	32415
LT934125.1	Liftoff	transcript	32163	32415	.	+	.	"transcript_id=TRL35;Name=TRL35;ID=TRL35;gene_id=UL35;ORF_id=UL35.2;"		UL35	32163	32415
LT934125.1	Liftoff	exon	49115	49647	.	+	.	"transcript_id=TRL40;Name=TRL40;ID=TRL40;gene_id=UL40;ORF_id=UL40;"		UL40	49115	49647
LT934125.1	Liftoff	transcript	49115	49647	.	+	.	"transcript_id=TRL40;Name=TRL40;ID=TRL40;gene_id=UL40;ORF_id=UL40;"		UL40	49115	49647
LT934125.1	Liftoff	transcript	116628	116961	.	+	.	"transcript_id=TRS1;Name=TRS1;ID=TRS1;gene_id=US1;ORF_id=US1;"		US1	116628	116962
LT934125.1	Liftoff	exon	116628	116961	.	+	.	"transcript_id=TRS1;Name=TRS1;ID=TRS1;gene_id=US1;ORF_id=US1;"		US1	116628	116962
LT934125.1	Liftoff	exon	126752	127083	.	-	.	"transcript_id=TRS1_2;Name=TRS1_2;ID=TRS1_2;gene_id=US1_2;ORF_id=US1_2;"		US1_2	127083	126753
LT934125.1	Liftoff	transcript	126752	127083	.	-	.	"transcript_id=TRS1_2;Name=TRS1_2;ID=TRS1_2;gene_id=US1_2;ORF_id=US1_2;"		US1_2	127083	126753
LT934125.1	Liftoff	transcript	126752	127117	.	-	.	"transcript_id=TRS1_2-L;Name=TRS1_2-L;ID=TRS1_2-L;gene_id=US1_2;ORF_id=US1_2;"		US1_2	127117	126753
LT934125.1	Liftoff	exon	126752	127117	.	-	.	"transcript_id=TRS1_2-L;Name=TRS1_2-L;ID=TRS1_2-L;gene_id=US1_2;ORF_id=US1_2;"		US1_2	127117	126753
LT934125.1	Liftoff	exon	126752	127165	.	-	.	"transcript_id=TRS1_2-L2;Name=TRS1_2-L2;ID=TRS1_2-L2;gene_id=US1_2;ORF_id=US1_2;"		US1_2	127165	126753
LT934125.1	Liftoff	transcript	126752	127165	.	-	.	"transcript_id=TRS1_2-L2;Name=TRS1-L2;ID=TRS1-L2;gene_id=US1_2;ORF_id=US1_2;"		US1_2	127165	126753
LT934125.1	Liftoff	transcript	126752	127176	.	-	.	"transcript_id=TRS1_2-L3;Name=TRS1_2-L3;ID=TRS1_2-L3;gene_id=US1_2;ORF_id=US1_2;"		US1_2	127176	126753
LT934125.1	Liftoff	exon	126752	127176	.	-	.	"transcript_id=TRS1_2-L3;Name=TRS1_2-L3;ID=TRS1_2-L3;gene_id=US1_2;ORF_id=US1_2;"		US1_2	127176	126753
LT934125.1	Liftoff	transcript	126752	127002	.	-	.	"transcript_id=TRS1_2-S;Name=TRS1_2-S;ID=TRS1_2-S;gene_id=US1_2;ORF_id=US1_2;"		US1_2	127002	126753
LT934125.1	Liftoff	exon	126752	127002	.	-	.	"transcript_id=TRS1_2-S;Name=TRS1_2-S;ID=TRS1_2-S;gene_id=US1_2;ORF_id=US1_2;"		US1_2	127002	126753
LT934125.1	Liftoff	transcript	116600	116961	.	+	.	"transcript_id=TRS1-L;Name=TRS1-L;ID=TRS1-L;gene_id=US1;ORF_id=US1;"		US1	116600	116962
LT934125.1	Liftoff	exon	116600	116961	.	+	.	"transcript_id=TRS1-L;Name=TRS1-L;ID=TRS1-L;gene_id=US1;ORF_id=US1;"		US1	116600	116962
LT934125.1	Liftoff	transcript	116552	116961	.	+	.	"transcript_id=TRS1-L2;Name=TRS1-L2;ID=TRS1-L2;gene_id=US1;ORF_id=US1;"		US1	116552	116962
LT934125.1	Liftoff	exon	116552	116961	.	+	.	"transcript_id=TRS1-L2;Name=TRS1-L2;ID=TRS1-L2;gene_id=US1;ORF_id=US1;"		US1	116552	116962
LT934125.1	Liftoff	transcript	116541	116961	.	+	.	"transcript_id=TRS1-L3;Name=TRS1-L3;ID=TRS1-L3;gene_id=US1;ORF_id=US1;"		US1	116541	116962
LT934125.1	Liftoff	exon	116541	116961	.	+	.	"transcript_id=TRS1-L3;Name=TRS1-L3;ID=TRS1-L3;gene_id=US1;ORF_id=US1;"		US1	116541	116962
LT934125.1	Liftoff	transcript	116715	116961	.	+	.	"transcript_id=TRS1-S;Name=TRS1-S;ID=TRS1-S;gene_id=US1;ORF_id=US1;"		US1	116715	116962
LT934125.1	Liftoff	exon	116715	116961	.	+	.	"transcript_id=TRS1-S;Name=TRS1-S;ID=TRS1-S;gene_id=US1;ORF_id=US1;"		US1	116715	116962
LT934125.1	Liftoff	exon	80352	81804	.	-	.	"transcript_id=UL10;Name=UL10;ID=UL10;gene_id=UL10;ORF_id=UL10;"	canonic	UL10	81804	80352
LT934125.1	Liftoff	transcript	80352	81804	.	-	.	"transcript_id=UL10;Name=UL10;ID=UL10;gene_id=UL10;ORF_id=UL10;"	canonic	UL10	81804	80352
LT934125.1	Liftoff	exon	80352	80835	.	-	.	"transcript_id=UL10.4;Name=UL10.4;ID=UL10.4;gene_id=UL10;ORF_id=UL10.4;"		UL10	80835	80352
LT934125.1	Liftoff	transcript	80352	80835	.	-	.	"transcript_id=UL10.4;Name=UL10.4;ID=UL10.4;gene_id=UL10;ORF_id=UL10.4;"		UL10	80835	80352
LT934125.1	Liftoff	exon	80352	81051	.	-	.	"transcript_id=UL10.5;Name=UL10.5;ID=UL10.5;gene_id=UL10;ORF_id=UL10.5;"		UL10	81051	80352
LT934125.1	Liftoff	transcript	80352	81051	.	-	.	"transcript_id=UL10.5;Name=UL10.5;ID=UL10.5;gene_id=UL10;ORF_id=UL10.5;"		UL10	81051	80352
LT934125.1	Liftoff	exon	80352	81314	.	-	.	"transcript_id=UL10.6;Name=UL10.6;ID=UL10.6;gene_id=UL10;ORF_id=UL10.6;"		UL10	81314	80352
LT934125.1	Liftoff	transcript	80352	81314	.	-	.	"transcript_id=UL10.6;Name=UL10.6;ID=UL10.6;gene_id=UL10;ORF_id=UL10.6;"		UL10	81314	80352
LT934125.1	Liftoff	exon	80352	81429	.	-	.	"transcript_id=UL10.7;Name=UL10.7;ID=UL10.7;gene_id=UL10;ORF_id=UL10.7;"		UL10	81429	80352
LT934125.1	Liftoff	transcript	80352	81429	.	-	.	"transcript_id=UL10.7;Name=UL10.7;ID=UL10.7;gene_id=UL10;ORF_id=UL10.7;"		UL10	81429	80352
LT934125.1	Liftoff	exon	80352	81840	.	-	.	"transcript_id=UL10-L1;Name=UL10-L1;ID=UL10-L1;gene_id=UL10;ORF_id=UL10;"		UL10	81840	80352
LT934125.1	Liftoff	transcript	80352	81840	.	-	.	"transcript_id=UL10-L1;Name=UL10-L1;ID=UL10-L1;gene_id=UL10;ORF_id=UL10;"		UL10	81840	80352
LT934125.1	Liftoff	exon	80352	81897	.	-	.	"transcript_id=UL10-L3;Name=UL10-L3;ID=UL10-L3;gene_id=UL10;ORF_id=UL10;"		UL10	81897	80352
LT934125.1	Liftoff	transcript	80352	81897	.	-	.	"transcript_id=UL10-L3;Name=UL10-L3;ID=UL10-L3;gene_id=UL10;ORF_id=UL10;"		UL10	81897	80352
LT934125.1	Liftoff	exon	80352	82026	.	-	.	"transcript_id=UL10-L4;Name=UL10-L4;ID=UL10-L4;gene_id=UL10;ORF_id=UL10;"		UL10	82026	80352
LT934125.1	Liftoff	transcript	80352	82026	.	-	.	"transcript_id=UL10-L4;Name=UL10-L4;ID=UL10-L4;gene_id=UL10;ORF_id=UL10;"		UL10	82026	80352
LT934125.1	Liftoff	exon	80352	83780	.	-	.	"transcript_id=UL10-L7;Name=UL10-L7;ID=UL10-L7;gene_id=UL10;ORF_id=UL10;"		UL10	83780	80352
LT934125.1	Liftoff	transcript	80352	83780	.	-	.	"transcript_id=UL10-L7;Name=UL10-L7;ID=UL10-L7;gene_id=UL10;ORF_id=UL10;"		UL10	83780	80352
LT934125.1	Liftoff	exon	80352	83205	.	-	.	"transcript_id=UL10-L8;Name=UL10-L8;ID=UL10-L8;gene_id=UL10;ORF_id=UL10;"		UL10	83205	80352
LT934125.1	Liftoff	transcript	80352	83205	.	-	.	"transcript_id=UL10-L8;Name=UL10-L8;ID=UL10-L8;gene_id=UL10;ORF_id=UL10;"		UL10	83205	80352
LT934125.1	Liftoff	exon	80352	81551	.	-	.	"transcript_id=UL10-S;Name=UL10-S;ID=UL10-S;gene_id=UL10;ORF_id=UL10;"		UL10	81551	80352
LT934125.1	Liftoff	transcript	80352	81551	.	-	.	"transcript_id=UL10-S;Name=UL10-S;ID=UL10-S;gene_id=UL10;ORF_id=UL10;"		UL10	81551	80352
LT934125.1	Liftoff	exon	79444	79996	.	+	.	"transcript_id=UL11;Name=UL11;ID=UL11;gene_id=UL11;ORF_id=UL11;"	canonic	UL11	79444	79996
LT934125.1	Liftoff	transcript	79444	79996	.	+	.	"transcript_id=UL11;Name=UL11;ID=UL11;gene_id=UL11;ORF_id=UL11;"	canonic	UL11	79444	79996
LT934125.1	Liftoff	exon	79789	79996	.	+	.	"transcript_id=UL11.5;Name=UL11.5;ID=UL11.5;gene_id=UL11;ORF_id=UL11.5;"		UL11	79789	79996
LT934125.1	Liftoff	transcript	79789	79996	.	+	.	"transcript_id=UL11.5;Name=UL11.5;ID=UL11.5;gene_id=UL11;ORF_id=UL11.5;"		UL11	79789	79996
LT934125.1	Liftoff	exon	79315	79996	.	+	.	"transcript_id=UL-11-L2;Name=UL-11-L2;ID=UL-11-L2;gene_id=UL11;ORF_id=UL11;"		UL11	79315	79996
LT934125.1	Liftoff	transcript	79315	79996	.	+	.	"transcript_id=UL-11-L2;Name=UL-11-L2;ID=UL-11-L2;gene_id=UL11;ORF_id=UL11;"		UL11	79315	79996
LT934125.1	Liftoff	exon	79062	79996	.	+	.	"transcript_id=UL-11-L3;Name=UL-11-L3;ID=UL-11-L3;gene_id=UL11;ORF_id=UL11;"		UL11	79062	79996
LT934125.1	Liftoff	transcript	79062	79996	.	+	.	"transcript_id=UL-11-L3;Name=UL-11-L3;ID=UL-11-L3;gene_id=UL11;ORF_id=UL11;"		UL11	79062	79996
LT934125.1	Liftoff	exon	79024	79996	.	+	.	"transcript_id=UL-11-L4;Name=UL-11-L4;ID=UL-11-L4;gene_id=UL11;ORF_id=UL11;"		UL11	79024	79996
LT934125.1	Liftoff	transcript	79024	79996	.	+	.	"transcript_id=UL-11-L4;Name=UL-11-L4;ID=UL-11-L4;gene_id=UL11;ORF_id=UL11;"		UL11	79024	79996
LT934125.1	Liftoff	exon	78969	79996	.	+	.	"transcript_id=UL-11-L5;Name=UL-11-L5;ID=UL-11-L5;gene_id=UL11;ORF_id=UL11;"		UL11	78969	79996
LT934125.1	Liftoff	transcript	78969	79996	.	+	.	"transcript_id=UL-11-L5;Name=UL-11-L5;ID=UL-11-L5;gene_id=UL11;ORF_id=UL11;"		UL11	78969	79996
LT934125.1	Liftoff	exon	78825	79996	.	+	.	"transcript_id=UL-11-L6;Name=UL-11-L6;ID=UL-11-L6;gene_id=UL11;ORF_id=UL11;"		UL11	78825	79996
LT934125.1	Liftoff	transcript	78825	79996	.	+	.	"transcript_id=UL-11-L6;Name=UL-11-L6;ID=UL-11-L6;gene_id=UL11;ORF_id=UL11;"		UL11	78825	79996
LT934125.1	Liftoff	exon	79143	79996	.	+	.	"transcript_id=UL-11-L7;Name=UL-11-L7;ID=UL-11-L7;gene_id=UL11;ORF_id=UL11;"		UL11	79143	79996
LT934125.1	Liftoff	transcript	79143	79996	.	+	.	"transcript_id=UL-11-L7;Name=UL-11-L7;ID=UL-11-L7;gene_id=UL11;ORF_id=UL11;"		UL11	79143	79996
LT934125.1	Liftoff	exon	79517	79996	.	+	.	"transcript_id=UL-11-S;Name=UL-11-S;ID=UL-11-S;gene_id=UL11;ORF_id=UL11;"		UL11	79517	79996
LT934125.1	Liftoff	transcript	79517	79996	.	+	.	"transcript_id=UL-11-S;Name=UL-11-S;ID=UL-11-S;gene_id=UL11;ORF_id=UL11;"		UL11	79517	79996
LT934125.1	Liftoff	exon	78035	79996	.	+	.	"transcript_id=UL12-11;Name=UL12-11;ID=UL12-11;gene_id=UL12;ORF_id=UL12;"	canonic	UL12	78035	79996
LT934125.1	Liftoff	transcript	78035	79996	.	+	.	"transcript_id=UL12-11;Name=UL12-11;ID=UL12-11;gene_id=UL12;ORF_id=UL12;"	canonic	UL12	78035	79996
LT934125.1	Liftoff	exon	92069	94947	.	-	.	"transcript_id=UL1-2-3-3.5;Name=UL1-2-3-3.5;ID=UL1-2-3-3.5;gene_id=UL1;ORF_id=UL1;"	canonic	UL1	94947	92069
LT934125.1	Liftoff	transcript	92069	94947	.	-	.	"transcript_id=UL1-2-3-3.5;Name=UL1-2-3-3.5;ID=UL1-2-3-3.5;gene_id=UL1;ORF_id=UL1;"	canonic	UL1	94947	92069
LT934125.1	Liftoff	exon	78278	79996	.	+	.	"transcript_id=UL12S-11;Name=UL12S-11;ID=UL12S-11;gene_id=UL12;ORF_id=UL12;"		UL12	78278	79996
LT934125.1	Liftoff	transcript	78278	79996	.	+	.	"transcript_id=UL12S-11;Name=UL12S-11;ID=UL12S-11;gene_id=UL12;ORF_id=UL12;"		UL12	78278	79996
LT934125.1	Liftoff	exon	78329	79996	.	+	.	"transcript_id=UL12S2-11;Name=UL12S2-11;ID=UL12S2-11;gene_id=UL12;ORF_id=UL12;"		UL12	78329	79996
LT934125.1	Liftoff	transcript	78329	79996	.	+	.	"transcript_id=UL12S2-11;Name=UL12S2-11;ID=UL12S2-11;gene_id=UL12;ORF_id=UL12;"		UL12	78329	79996
LT934125.1	Liftoff	exon	76990	79996	.	+	.	"transcript_id=UL13-12-11;Name=UL13-12-11;ID=UL13-12-11;gene_id=UL13;ORF_id=UL13;"	canonic	UL13	76990	79996
LT934125.1	Liftoff	transcript	76990	79996	.	+	.	"transcript_id=UL13-12-11;Name=UL13-12-11;ID=UL13-12-11;gene_id=UL13;ORF_id=UL13;"	canonic	UL13	76990	79996
LT934125.1	Liftoff	exon	76683	79996	.	+	.	"transcript_id=UL14-13-12-11;Name=UL14-13-12-11;ID=UL14-13-12-11;gene_id=UL14;ORF_id=UL14;"	canonic	UL14	76683	79996
LT934125.1	Liftoff	transcript	76683	79996	.	+	.	"transcript_id=UL14-13-12-11;Name=UL14-13-12-11;ID=UL14-13-12-11;gene_id=UL14;ORF_id=UL14;"	canonic	UL14	76683	79996
LT934125.1	Liftoff	exon	75675	79955	.	+	.	"transcript_id=UL14L-13-12;Name=UL14L-13-12;ID=UL14L-13-12;gene_id=UL14;ORF_id=UL14;"		UL14	75675	79955
LT934125.1	Liftoff	transcript	75675	79955	.	+	.	"transcript_id=UL14L-13-12;Name=UL14L-13-12;ID=UL14L-13-12;gene_id=UL14;ORF_id=UL14;"		UL14	75675	79955
LT934125.1	Liftoff	exon	71548	76859	.	-	.	"transcript_id=UL15;Name=UL15;ID=UL15;gene_id=UL15;ORF_id=UL15;"		UL15	76860	71549
LT934125.1	Liftoff	transcript	71548	76859	.	-	.	"transcript_id=UL15;Name=UL15;ID=UL15;gene_id=UL15;ORF_id=UL15;"		UL15	76860	71549
LT934125.1	Liftoff	exon	71548	77985	.	-	.	"transcript_id=UL15-16-17;Name=UL15-16-17;ID=UL15-16-17;gene_id=UL15;ORF_id=UL15;"		UL15	77985	71549
LT934125.1	Liftoff	transcript	71548	77985	.	-	.	"transcript_id=UL15-16-17;Name=UL15-16-17;ID=UL15-16-17;gene_id=UL15;ORF_id=UL15;"		UL15	77985	71549
LT934125.1	Liftoff	exon	71548	72782	.	-	.	"transcript_id=UL15-splice;Name=UL15-splice;ID=UL15-splice;gene_id=UL15;ORF_id=UL15;"	canonic	UL15	72782	71548
LT934125.1	Liftoff	exon	75662	76859	.	-	.	"transcript_id=UL15-splice;Name=UL15-splice;ID=UL15-splice;gene_id=UL15;ORF_id=UL15;"	canonic	UL15	76859	75662
LT934125.1	Liftoff	transcript	71548	76859	.	-	.	"transcript_id=UL15-splice;Name=UL15-splice;ID=UL15-splice;gene_id=UL15;ORF_id=UL15;"	canonic	UL15	76859	71548
LT934125.1	Liftoff	exon	71548	72782	.	-	.	"transcript_id=UL15-splice-L;Name=UL15-splice-L;ID=UL15-splice-L;gene_id=UL15;ORF_id=UL15;"		UL15	72782	71548
LT934125.1	Liftoff	exon	75662	77985	.	-	.	"transcript_id=UL15-splice-L;Name=UL15-splice-L;ID=UL15-splice-L;gene_id=UL15;ORF_id=UL15;"		UL15	77984	75662
LT934125.1	Liftoff	transcript	71548	77985	.	-	.	"transcript_id=UL15-splice-L;Name=UL15-splice-L;ID=UL15-splice-L;gene_id=UL15;ORF_id=UL15;"		UL15	77984	71548
LT934125.1	Liftoff	exon	74400	75645	.	+	.	"transcript_id=UL16;Name=UL16;ID=UL16;gene_id=UL16;ORF_id=UL16;"	canonic	UL16	74400	75645
LT934125.1	Liftoff	transcript	74400	75645	.	+	.	"transcript_id=UL16;Name=UL16;ID=UL16;gene_id=UL16;ORF_id=UL16;"	canonic	UL16	74400	75645
LT934125.1	Liftoff	exon	75139	75645	.	+	.	"transcript_id=UL16.2;Name=UL16.2;ID=UL16.2;gene_id=UL16;ORF_id=UL16.2;"		UL16	75139	75645
LT934125.1	Liftoff	transcript	75139	75645	.	+	.	"transcript_id=UL16.2;Name=UL16.2;ID=UL16.2;gene_id=UL16;ORF_id=UL16.2;"		UL16	75139	75645
LT934125.1	Liftoff	exon	75154	75645	.	+	.	"transcript_id=UL16.2-S;Name=UL16.2-S;ID=UL16.2-S;gene_id=UL16;ORF_id=UL16.2;"		UL16	75154	75645
LT934125.1	Liftoff	transcript	75154	75645	.	+	.	"transcript_id=UL16.2-S;Name=UL16.2-S;ID=UL16.2-S;gene_id=UL16;ORF_id=UL16.2;"		UL16	75154	75645
LT934125.1	Liftoff	exon	75311	75645	.	+	.	"transcript_id=UL16.2-S2;Name=UL16.2-S2;ID=UL16.2-S2;gene_id=UL16;ORF_id=UL16.2;"		UL16	75311	75645
LT934125.1	Liftoff	transcript	75311	75645	.	+	.	"transcript_id=UL16.2-S2;Name=UL16.2-S2;ID=UL16.2-S2;gene_id=UL16;ORF_id=UL16.2;"		UL16	75311	75645
LT934125.1	Liftoff	exon	74413	75324	.	-	.	"transcript_id=UL16-AS;Name=UL16-AS;ID=UL16-AS;gene_id=UL16;ORF_id=UL16;"		UL16	75324	74413
LT934125.1	Liftoff	transcript	74413	75324	.	-	.	"transcript_id=UL16-AS;Name=UL16-AS;ID=UL16-AS;gene_id=UL16;ORF_id=UL16;"		UL16	75324	74413
LT934125.1	Liftoff	exon	74327	75645	.	+	.	"transcript_id=UL16-L;Name=UL16-L;ID=UL16-L;gene_id=UL16;ORF_id=UL16;"		UL16	74327	75645
LT934125.1	Liftoff	transcript	74327	75645	.	+	.	"transcript_id=UL16-L;Name=UL16-L;ID=UL16-L;gene_id=UL16;ORF_id=UL16;"		UL16	74327	75645
LT934125.1	Liftoff	exon	72759	75645	.	+	.	"transcript_id=UL17-16;Name=UL17-16;ID=UL17-16;gene_id=UL17;ORF_id=UL17;"	canonic	UL17	72759	75645
LT934125.1	Liftoff	transcript	72759	75645	.	+	.	"transcript_id=UL17-16;Name=UL17-16;ID=UL17-16;gene_id=UL17;ORF_id=UL17;"	canonic	UL17	72759	75645
LT934125.1	Liftoff	exon	72652	75645	.	+	.	"transcript_id=UL17L-16;Name=UL17L-16;ID=UL17L-16;gene_id=UL17;ORF_id=UL17;"		UL17	72652	75645
LT934125.1	Liftoff	transcript	72652	75645	.	+	.	"transcript_id=UL17L-16;Name=UL17L-16;ID=UL17L-16;gene_id=UL17;ORF_id=UL17;"		UL17	72652	75645
LT934125.1	Liftoff	exon	70529	71544	.	+	.	"transcript_id=UL18;Name=UL18;ID=UL18;gene_id=UL18;ORF_id=UL18;"	canonic	UL18	70529	71544
LT934125.1	Liftoff	transcript	70529	71544	.	+	.	"transcript_id=UL18;Name=UL18;ID=UL18;gene_id=UL18;ORF_id=UL18;"	canonic	UL18	70529	71544
LT934125.1	Liftoff	exon	71035	71544	.	+	.	"transcript_id=UL18.5;Name=UL18.5;ID=UL18.5;gene_id=UL18;ORF_id=UL18.5;"		UL18	71035	71544
LT934125.1	Liftoff	transcript	71035	71544	.	+	.	"transcript_id=UL18.5;Name=UL18.5;ID=UL18.5;gene_id=UL18;ORF_id=UL18.5;"		UL18	71035	71544
LT934125.1	Liftoff	exon	70529	75645	.	+	.	"transcript_id=UL18-17-16;Name=UL18-17-16;ID=UL18-17-16;gene_id=UL18;ORF_id=UL18;"	canonic	UL18	70529	75645
LT934125.1	Liftoff	transcript	70529	75645	.	+	.	"transcript_id=UL18-17-16;Name=UL18-17-16;ID=UL18-17-16;gene_id=UL18;ORF_id=UL18;"	canonic	UL18	70529	75645
LT934125.1	Liftoff	exon	70529	71518	.	+	.	"transcript_id=UL18-AT;Name=UL18-AT;ID=UL18-AT;gene_id=UL18;ORF_id=UL18;"		UL18	70529	71518
LT934125.1	Liftoff	transcript	70529	71518	.	+	.	"transcript_id=UL18-AT;Name=UL18-AT;ID=UL18-AT;gene_id=UL18;ORF_id=UL18;"		UL18	70529	71518
LT934125.1	Liftoff	exon	70311	71544	.	+	.	"transcript_id=UL18-L;Name=UL18-L;ID=UL18-L;gene_id=UL18;ORF_id=UL18;"		UL18	70311	71544
LT934125.1	Liftoff	transcript	70311	71544	.	+	.	"transcript_id=UL18-L;Name=UL18-L;ID=UL18-L;gene_id=UL18;ORF_id=UL18;"		UL18	70311	71544
LT934125.1	Liftoff	exon	69555	71544	.	+	.	"transcript_id=UL18-L10;Name=UL18-L10;ID=UL18-L10;gene_id=UL19;ORF_id=UL19.35;"		UL19	69555	71544
LT934125.1	Liftoff	transcript	69555	71544	.	+	.	"transcript_id=UL18-L10;Name=UL18-L10;ID=UL18-L10;gene_id=UL19;ORF_id=UL19.35;"		UL19	69555	71544
LT934125.1	Liftoff	exon	69530	71544	.	+	.	"transcript_id=UL18-L11;Name=UL18-L11;ID=UL18-L11;gene_id=UL19;ORF_id=UL19.35;"		UL19	69530	71544
LT934125.1	Liftoff	transcript	69530	71544	.	+	.	"transcript_id=UL18-L11;Name=UL18-L11;ID=UL18-L11;gene_id=UL19;ORF_id=UL19.35;"		UL19	69530	71544
LT934125.1	Liftoff	exon	69488	71544	.	+	.	"transcript_id=UL18-L12;Name=UL18-L12;ID=UL18-L12;gene_id=UL19;ORF_id=UL19.35;"		UL19	69488	71544
LT934125.1	Liftoff	transcript	69488	71544	.	+	.	"transcript_id=UL18-L12;Name=UL18-L12;ID=UL18-L12;gene_id=UL19;ORF_id=UL19.35;"		UL19	69488	71544
LT934125.1	Liftoff	exon	69244	71544	.	+	.	"transcript_id=UL18-L13;Name=UL18-L13;ID=UL18-L13;gene_id=UL19;ORF_id=UL19.31;"		UL19	69244	71544
LT934125.1	Liftoff	transcript	69244	71544	.	+	.	"transcript_id=UL18-L13;Name=UL18-L13;ID=UL18-L13;gene_id=UL19;ORF_id=UL19.31;"		UL19	69244	71544
LT934125.1	Liftoff	exon	68873	71544	.	+	.	"transcript_id=UL18-L14;Name=UL18-L14;ID=UL18-L14;gene_id=UL19;ORF_id=UL19.27;"		UL19	68873	71544
LT934125.1	Liftoff	transcript	68873	71544	.	+	.	"transcript_id=UL18-L14;Name=UL18-L14;ID=UL18-L14;gene_id=UL19;ORF_id=UL19.27;"		UL19	68873	71544
LT934125.1	Liftoff	exon	68667	71544	.	+	.	"transcript_id=UL18-L15;Name=UL18-L15;ID=UL18-L15;gene_id=UL19;ORF_id=UL19.25;"		UL19	68667	71544
LT934125.1	Liftoff	transcript	68667	71544	.	+	.	"transcript_id=UL18-L15;Name=UL18-L15;ID=UL18-L15;gene_id=UL19;ORF_id=UL19.25;"		UL19	68667	71544
LT934125.1	Liftoff	exon	68626	71544	.	+	.	"transcript_id=UL18-L16;Name=UL18-L16;ID=UL18-L16;gene_id=UL19;ORF_id=UL19.25;"		UL19	68626	71544
LT934125.1	Liftoff	transcript	68626	71544	.	+	.	"transcript_id=UL18-L16;Name=UL18-L16;ID=UL18-L16;gene_id=UL19;ORF_id=UL19.25;"		UL19	68626	71544
LT934125.1	Liftoff	exon	66753	71544	.	+	.	"transcript_id=UL18-L17;Name=UL18-L17;ID=UL18-L17;gene_id=UL19;ORF_id=UL19.9;"		UL19	66753	71544
LT934125.1	Liftoff	transcript	66753	71544	.	+	.	"transcript_id=UL18-L17;Name=UL18-L17;ID=UL18-L17;gene_id=UL19;ORF_id=UL19.9;"		UL19	66753	71544
LT934125.1	Liftoff	exon	70132	71544	.	+	.	"transcript_id=UL18-L2;Name=UL18-L2;ID=UL18-L2;gene_id=UL18;ORF_id=UL18;"		UL18	70132	71544
LT934125.1	Liftoff	transcript	70132	71544	.	+	.	"transcript_id=UL18-L2;Name=UL18-L2;ID=UL18-L2;gene_id=UL18;ORF_id=UL18;"		UL18	70132	71544
LT934125.1	Liftoff	exon	70090	71544	.	+	.	"transcript_id=UL18-L3;Name=UL18-L3;ID=UL18-L3;gene_id=UL18;ORF_id=UL18;"		UL18	70090	71544
LT934125.1	Liftoff	transcript	70090	71544	.	+	.	"transcript_id=UL18-L3;Name=UL18-L3;ID=UL18-L3;gene_id=UL18;ORF_id=UL18;"		UL18	70090	71544
LT934125.1	Liftoff	exon	70012	71544	.	+	.	"transcript_id=UL18-L4;Name=UL18-L4;ID=UL18-L4;gene_id=UL18;ORF_id=UL18;"		UL18	70012	71544
LT934125.1	Liftoff	transcript	70012	71544	.	+	.	"transcript_id=UL18-L4;Name=UL18-L4;ID=UL18-L4;gene_id=UL18;ORF_id=UL18;"		UL18	70012	71544
LT934125.1	Liftoff	exon	69947	71544	.	+	.	"transcript_id=UL18-L5;Name=UL18-L5;ID=UL18-L5;gene_id=UL19;ORF_id=UL19.38;"		UL19	69947	71544
LT934125.1	Liftoff	transcript	69947	71544	.	+	.	"transcript_id=UL18-L5;Name=UL18-L5;ID=UL18-L5;gene_id=UL19;ORF_id=UL19.38;"		UL19	69947	71544
LT934125.1	Liftoff	exon	69765	71544	.	+	.	"transcript_id=UL18-L6;Name=UL18-L6;ID=UL18-L6;gene_id=UL19;ORF_id=UL19.38;"		UL19	69765	71544
LT934125.1	Liftoff	transcript	69765	71544	.	+	.	"transcript_id=UL18-L6;Name=UL18-L6;ID=UL18-L6;gene_id=UL19;ORF_id=UL19.38;"		UL19	69765	71544
LT934125.1	Liftoff	exon	69713	71544	.	+	.	"transcript_id=UL18-L7;Name=UL18-L7;ID=UL18-L7;gene_id=UL19;ORF_id=UL19.37;"		UL19	69713	71544
LT934125.1	Liftoff	transcript	69713	71544	.	+	.	"transcript_id=UL18-L7;Name=UL18-L7;ID=UL18-L7;gene_id=UL19;ORF_id=UL19.37;"		UL19	69713	71544
LT934125.1	Liftoff	exon	69671	71544	.	+	.	"transcript_id=UL18-L8;Name=UL18-L8;ID=UL18-L8;gene_id=UL19;ORF_id=UL19.37;"		UL19	69671	71544
LT934125.1	Liftoff	transcript	69671	71544	.	+	.	"transcript_id=UL18-L8;Name=UL18-L8;ID=UL18-L8;gene_id=UL19;ORF_id=UL19.37;"		UL19	69671	71544
LT934125.1	Liftoff	exon	69611	71544	.	+	.	"transcript_id=UL18-L9;Name=UL18-L9;ID=UL18-L9;gene_id=UL19;ORF_id=UL19.35;"		UL19	69611	71544
LT934125.1	Liftoff	transcript	69611	71544	.	+	.	"transcript_id=UL18-L9;Name=UL18-L9;ID=UL18-L9;gene_id=UL19;ORF_id=UL19.35;"		UL19	69611	71544
LT934125.1	Liftoff	exon	66338	70521	.	+	.	"transcript_id=UL19;Name=UL19;ID=UL19;gene_id=UL19;ORF_id=UL19;"		UL19	66338	70521
LT934125.1	Liftoff	transcript	66338	70521	.	+	.	"transcript_id=UL19;Name=UL19;ID=UL19;gene_id=UL19;ORF_id=UL19;"	canonic	UL19	66338	70521
LT934125.1	Liftoff	exon	66959	70521	.	+	.	"transcript_id=UL19.11;Name=UL19.11;ID=UL19.11;gene_id=UL19;ORF_id=UL19.11;"	canonic	UL19	66959	70521
LT934125.1	Liftoff	transcript	66959	70521	.	+	.	"transcript_id=UL19.11;Name=UL19.11;ID=UL19.11;gene_id=UL19;ORF_id=UL19.11;"		UL19	66959	70521
LT934125.1	Liftoff	exon	67406	70521	.	+	.	"transcript_id=UL19.12;Name=UL19.12;ID=UL19.12;gene_id=UL19;ORF_id=UL19.12;"		UL19	67406	70521
LT934125.1	Liftoff	transcript	67406	70521	.	+	.	"transcript_id=UL19.12;Name=UL19.12;ID=UL19.12;gene_id=UL19;ORF_id=UL19.12;"		UL19	67406	70521
LT934125.1	Liftoff	exon	67505	70521	.	+	.	"transcript_id=UL19.12-S;Name=UL19.12-S;ID=UL19.12-S;gene_id=UL19;ORF_id=UL19.12;"		UL19	67505	70521
LT934125.1	Liftoff	transcript	67505	70521	.	+	.	"transcript_id=UL19.12-S;Name=UL19.12-S;ID=UL19.12-S;gene_id=UL19;ORF_id=UL19.12;"		UL19	67505	70521
LT934125.1	Liftoff	exon	67731	70521	.	+	.	"transcript_id=UL19.16;Name=UL19.16;ID=UL19.16;gene_id=UL19;ORF_id=UL19.16;"		UL19	67731	70521
LT934125.1	Liftoff	transcript	67731	70521	.	+	.	"transcript_id=UL19.16;Name=UL19.16;ID=UL19.16;gene_id=UL19;ORF_id=UL19.16;"		UL19	67731	70521
LT934125.1	Liftoff	exon	68001	70521	.	+	.	"transcript_id=UL19.18;Name=UL19.18;ID=UL19.18;gene_id=UL19;ORF_id=UL19.18;"		UL19	68001	70521
LT934125.1	Liftoff	transcript	68001	70521	.	+	.	"transcript_id=UL19.18;Name=UL19.18;ID=UL19.18;gene_id=UL19;ORF_id=UL19.18;"		UL19	68001	70521
LT934125.1	Liftoff	exon	68058	70521	.	+	.	"transcript_id=UL19.19;Name=UL19.19;ID=UL19.19;gene_id=UL19;ORF_id=UL19.19;"		UL19	68058	70521
LT934125.1	Liftoff	transcript	68058	70521	.	+	.	"transcript_id=UL19.19;Name=UL19.19;ID=UL19.19;gene_id=UL19;ORF_id=UL19.19;"		UL19	68058	70521
LT934125.1	Liftoff	exon	68121	70521	.	+	.	"transcript_id=UL19.19-S;Name=UL19.19-S;ID=UL19.19-S;gene_id=UL19;ORF_id=UL19.19;"		UL19	68121	70521
LT934125.1	Liftoff	transcript	68121	70521	.	+	.	"transcript_id=UL19.19-S;Name=UL19.19-S;ID=UL19.19-S;gene_id=UL19;ORF_id=UL19.19;"		UL19	68121	70521
LT934125.1	Liftoff	exon	68267	70521	.	+	.	"transcript_id=UL19.20;Name=UL19.20;ID=UL19.20;gene_id=UL19;ORF_id=UL19.20;"		UL19	68267	70521
LT934125.1	Liftoff	transcript	68267	70521	.	+	.	"transcript_id=UL19.20;Name=UL19.20;ID=UL19.20;gene_id=UL19;ORF_id=UL19.20;"		UL19	68267	70521
LT934125.1	Liftoff	exon	68357	70521	.	+	.	"transcript_id=UL19.22;Name=UL19.22;ID=UL19.22;gene_id=UL19;ORF_id=UL19.22;"		UL19	68357	70521
LT934125.1	Liftoff	transcript	68357	70521	.	+	.	"transcript_id=UL19.22;Name=UL19.22;ID=UL19.22;gene_id=UL19;ORF_id=UL19.22;"		UL19	68357	70521
LT934125.1	Liftoff	exon	68457	70521	.	+	.	"transcript_id=UL19.24-S;Name=UL19.24-S;ID=UL19.24-S;gene_id=UL19;ORF_id=UL19.24;"		UL19	68457	70521
LT934125.1	Liftoff	transcript	68457	70521	.	+	.	"transcript_id=UL19.24-S;Name=UL19.24-S;ID=UL19.24-S;gene_id=UL19;ORF_id=UL19.24;"		UL19	68457	70521
LT934125.1	Liftoff	exon	68536	70521	.	+	.	"transcript_id=UL19.24-S2;Name=UL19.24-S2;ID=UL19.24-S2;gene_id=UL19;ORF_id=UL19.24;"		UL19	68536	70521
LT934125.1	Liftoff	transcript	68536	70521	.	+	.	"transcript_id=UL19.24-S2;Name=UL19.24-S2;ID=UL19.24-S2;gene_id=UL19;ORF_id=UL19.24;"		UL19	68536	70521
LT934125.1	Liftoff	exon	68667	70521	.	+	.	"transcript_id=UL19.25;Name=UL19.25;ID=UL19.25;gene_id=UL19;ORF_id=UL19.25;"		UL19	68667	70521
LT934125.1	Liftoff	transcript	68667	70521	.	+	.	"transcript_id=UL19.25;Name=UL19.25;ID=UL19.25;gene_id=UL19;ORF_id=UL19.25;"		UL19	68667	70521
LT934125.1	Liftoff	exon	68783	70521	.	+	.	"transcript_id=UL19.25-S;Name=UL19.25-S;ID=UL19.25-S;gene_id=UL19;ORF_id=UL19.25;"		UL19	68783	70521
LT934125.1	Liftoff	transcript	68783	70521	.	+	.	"transcript_id=UL19.25-S;Name=UL19.25-S;ID=UL19.25-S;gene_id=UL19;ORF_id=UL19.25;"		UL19	68783	70521
LT934125.1	Liftoff	exon	68910	70521	.	+	.	"transcript_id=UL19.27;Name=UL19.27;ID=UL19.27;gene_id=UL19;ORF_id=UL19.27;"		UL19	68910	70521
LT934125.1	Liftoff	transcript	68910	70521	.	+	.	"transcript_id=UL19.27;Name=UL19.27;ID=UL19.27;gene_id=UL19;ORF_id=UL19.27;"		UL19	68910	70521
LT934125.1	Liftoff	exon	69032	70521	.	+	.	"transcript_id=UL19.29;Name=UL19.29;ID=UL19.29;gene_id=UL21;ORF_id=UL19.29;"		UL21	69032	70521
LT934125.1	Liftoff	transcript	69032	70521	.	+	.	"transcript_id=UL19.29;Name=UL19.29;ID=UL19.29;gene_id=UL21;ORF_id=UL19.29;"		UL21	69032	70521
LT934125.1	Liftoff	exon	69182	70521	.	+	.	"transcript_id=UL19.30;Name=UL19.30;ID=UL19.30;gene_id=UL19;ORF_id=UL19.30;"		UL19	69182	70521
LT934125.1	Liftoff	transcript	69182	70521	.	+	.	"transcript_id=UL19.30;Name=UL19.30;ID=UL19.30;gene_id=UL19;ORF_id=UL19.30;"		UL19	69182	70521
LT934125.1	Liftoff	exon	69259	70521	.	+	.	"transcript_id=UL19.31;Name=UL19.31;ID=UL19.31;gene_id=UL19;ORF_id=UL19.31;"		UL19	69259	70521
LT934125.1	Liftoff	transcript	69259	70521	.	+	.	"transcript_id=UL19.31;Name=UL19.31;ID=UL19.31;gene_id=UL19;ORF_id=UL19.31;"		UL19	69259	70521
LT934125.1	Liftoff	exon	69311	70521	.	+	.	"transcript_id=UL19.31-S;Name=UL19.31-S;ID=UL19.31-S;gene_id=UL19;ORF_id=UL19.31;"		UL19	69311	70521
LT934125.1	Liftoff	transcript	69311	70521	.	+	.	"transcript_id=UL19.31-S;Name=UL19.31-S;ID=UL19.31-S;gene_id=UL19;ORF_id=UL19.31;"		UL19	69311	70521
LT934125.1	Liftoff	exon	69393	70521	.	+	.	"transcript_id=UL19.32;Name=UL19.32;ID=UL19.32;gene_id=UL19;ORF_id=UL19.32;"		UL19	69393	70521
LT934125.1	Liftoff	transcript	69393	70521	.	+	.	"transcript_id=UL19.32;Name=UL19.32;ID=UL19.32;gene_id=UL19;ORF_id=UL19.32;"		UL19	69393	70521
LT934125.1	Liftoff	exon	69488	70521	.	+	.	"transcript_id=UL19.33;Name=UL19.33;ID=UL19.33;gene_id=UL19;ORF_id=UL19.33;"		UL19	69488	70521
LT934125.1	Liftoff	transcript	69488	70521	.	+	.	"transcript_id=UL19.33;Name=UL19.33;ID=UL19.33;gene_id=UL19;ORF_id=UL19.33;"		UL19	69488	70521
LT934125.1	Liftoff	exon	69555	70521	.	+	.	"transcript_id=UL19.35;Name=UL19.35;ID=UL19.35;gene_id=UL19;ORF_id=UL19.35;"		UL19	69555	70521
LT934125.1	Liftoff	transcript	69555	70521	.	+	.	"transcript_id=UL19.35;Name=UL19.35;ID=UL19.35;gene_id=UL19;ORF_id=UL19.35;"		UL19	69555	70521
LT934125.1	Liftoff	exon	69671	70521	.	+	.	"transcript_id=UL19.35-S;Name=UL19.35-S;ID=UL19.35-S;gene_id=UL19;ORF_id=UL19.35;"		UL19	69671	70521
LT934125.1	Liftoff	transcript	69671	70521	.	+	.	"transcript_id=UL19.35-S;Name=UL19.35-S;ID=UL19.35-S;gene_id=UL19;ORF_id=UL19.35;"		UL19	69671	70521
LT934125.1	Liftoff	exon	69765	70521	.	+	.	"transcript_id=UL19.37;Name=UL19.37;ID=UL19.37;gene_id=UL19;ORF_id=UL19.37;"		UL19	69765	70521
LT934125.1	Liftoff	transcript	69765	70521	.	+	.	"transcript_id=UL19.37;Name=UL19.37;ID=UL19.37;gene_id=UL19;ORF_id=UL19.37;"		UL19	69765	70521
LT934125.1	Liftoff	exon	69821	70521	.	+	.	"transcript_id=UL19.38;Name=UL19.38;ID=UL19.38;gene_id=UL19;ORF_id=UL19.38;"		UL19	69821	70521
LT934125.1	Liftoff	transcript	69821	70521	.	+	.	"transcript_id=UL19.38;Name=UL19.38;ID=UL19.38;gene_id=UL19;ORF_id=UL19.38;"		UL19	69821	70521
LT934125.1	Liftoff	exon	69947	70521	.	+	.	"transcript_id=UL19.38-S;Name=UL19.38-S;ID=UL19.38-S;gene_id=UL19;ORF_id=UL19.38;"		UL19	69947	70521
LT934125.1	Liftoff	transcript	69947	70521	.	+	.	"transcript_id=UL19.38-S;Name=UL19.38-S;ID=UL19.38-S;gene_id=UL19;ORF_id=UL19.38;"		UL19	69947	70521
LT934125.1	Liftoff	exon	66797	70521	.	+	.	"transcript_id=UL19.9;Name=UL19.9;ID=UL19.9;gene_id=UL19;ORF_id=UL19.9;"		UL19	66797	70521
LT934125.1	Liftoff	transcript	66797	70521	.	+	.	"transcript_id=UL19.9;Name=UL19.9;ID=UL19.9;gene_id=UL19;ORF_id=UL19.9;"		UL19	66797	70521
LT934125.1	Liftoff	exon	66338	71544	.	+	.	"transcript_id=UL19-18;Name=UL19-18;ID=UL19-18;gene_id=UL19;ORF_id=UL19;"	canonic	UL19	66338	71544
LT934125.1	Liftoff	transcript	66338	71544	.	+	.	"transcript_id=UL19-18;Name=UL19-18;ID=UL19-18;gene_id=UL19;ORF_id=UL19;"	canonic	UL19	66338	71544
LT934125.1	Liftoff	exon	92069	95471	.	-	.	"transcript_id=UL1L2-2-3-3.5;Name=UL1L2-2-3-3.5;ID=UL1L2-2-3-3.5;gene_id=UL1;ORF_id=UL1;"		UL1	95471	92069
LT934125.1	Liftoff	transcript	92069	95471	.	-	.	"transcript_id=UL1L2-2-3-3.5;Name=UL1L2-2-3-3.5;ID=UL1L2-2-3-3.5;gene_id=UL1;ORF_id=UL1;"		UL1	95471	92069
LT934125.1	Liftoff	exon	92069	95694	.	+	.	"transcript_id=UL1L-2-3-3.5;Name=UL1L-2-3-3.5;ID=UL1L-2-3-3.5;gene_id=UL1;ORF_id=UL1;"		UL1	92069	95694
LT934125.1	Liftoff	transcript	92069	95694	.	+	.	"transcript_id=UL1L-2-3-3.5;Name=UL1L-2-3-3.5;ID=UL1L-2-3-3.5;gene_id=UL1;ORF_id=UL1;"		UL1	92069	95694
LT934125.1	Liftoff	exon	93229	94526	.	-	.	"transcript_id=UL2;Name=UL2;ID=UL2;gene_id=UL2;ORF_id=UL2;"	canonic	UL2	94526	93229
LT934125.1	Liftoff	transcript	93229	94526	.	-	.	"transcript_id=UL2;Name=UL2;ID=UL2;gene_id=UL2;ORF_id=UL2;"	canonic	UL2	94526	93229
LT934125.1	Liftoff	exon	65806	66392	.	+	.	"transcript_id=UL20;Name=UL20;ID=UL20;gene_id=UL20;ORF_id=UL20;"	canonic	UL20	65806	66392
LT934125.1	Liftoff	transcript	65806	66392	.	+	.	"transcript_id=UL20;Name=UL20;ID=UL20;gene_id=UL20;ORF_id=UL20;"	canonic	UL20	65806	66392
LT934125.1	Liftoff	exon	65806	70521	.	+	.	"transcript_id=UL20-19;Name=UL20-19;ID=UL20-19;gene_id=UL20;ORF_id=UL20;"	canonic	UL20	65805	70521
LT934125.1	Liftoff	transcript	65806	70521	.	+	.	"transcript_id=UL20-19;Name=UL20-19;ID=UL20-19;gene_id=UL20;ORF_id=UL20;"	canonic	UL20	65805	70521
LT934125.1	Liftoff	exon	64173	66924	.	-	.	"transcript_id=UL20-21-C;Name=UL20-21-C;ID=UL20-21-C;gene_id=UL21;ORF_id=UL21;"		UL21	66924	64173
LT934125.1	Liftoff	transcript	64173	66924	.	-	.	"transcript_id=UL20-21-C;Name=UL20-21-C;ID=UL20-21-C;gene_id=UL21;ORF_id=UL21;"		UL21	66924	64173
LT934125.1	Liftoff	exon	64133	65752	.	-	.	"transcript_id=UL21;Name=UL21;ID=UL21;gene_id=UL21;ORF_id=UL21;"	canonic	UL21	65752	64133
LT934125.1	Liftoff	transcript	64133	65752	.	-	.	"transcript_id=UL21;Name=UL21;ID=UL21;gene_id=UL21;ORF_id=UL21;"	canonic	UL21	65752	64133
LT934125.1	Liftoff	exon	64133	65657	.	-	.	"transcript_id=UL21.2;Name=UL21.2;ID=UL21.2;gene_id=UL21;ORF_id=UL21.2;"		UL21	65657	64133
LT934125.1	Liftoff	transcript	64133	65657	.	-	.	"transcript_id=UL21.2;Name=UL21.2;ID=UL21.2;gene_id=UL21;ORF_id=UL21.2;"		UL21	65657	64133
LT934125.1	Liftoff	exon	64133	65582	.	-	.	"transcript_id=UL21.2-S;Name=UL21.2-S;ID=UL21.2-S;gene_id=UL21;ORF_id=UL21.2;"		UL21	65582	64133
LT934125.1	Liftoff	transcript	64133	65582	.	-	.	"transcript_id=UL21.2-S;Name=UL21.2-S;ID=UL21.2-S;gene_id=UL21;ORF_id=UL21.2;"		UL21	65582	64133
LT934125.1	Liftoff	exon	64133	64624	.	-	.	"transcript_id=UL21.5;Name=UL21.5;ID=UL21.5;gene_id=UL21;ORF_id=UL21.5;"		UL21	64624	64133
LT934125.1	Liftoff	transcript	64133	64624	.	-	.	"transcript_id=UL21.5;Name=UL21.5;ID=UL21.5;gene_id=UL21;ORF_id=UL21.5;"		UL21	64624	64133
LT934125.1	Liftoff	exon	63850	65656	.	+	.	"transcript_id=UL21-as;Name=UL21-as;ID=UL21-as;gene_id=UL21;ORF_id=UL21;"		UL21	63850	65656
LT934125.1	Liftoff	transcript	63850	65656	.	+	.	"transcript_id=UL21-as;Name=UL21-as;ID=UL21-as;gene_id=UL21;ORF_id=UL21;"		UL21	63850	65656
LT934125.1	Liftoff	exon	64532	65752	.	-	.	"transcript_id=UL21-AT2;Name=UL21-AT2;ID=UL21-AT2;gene_id=UL21;ORF_id=UL21;"		UL21	65752	64532
LT934125.1	Liftoff	transcript	64532	65752	.	-	.	"transcript_id=UL21-AT2;Name=UL21-AT2;ID=UL21-AT2;gene_id=UL21;ORF_id=UL21;"		UL21	65752	64532
LT934125.1	Liftoff	exon	64133	65880	.	-	.	"transcript_id=UL21-L;Name=UL21-L;ID=UL21-L;gene_id=UL21;ORF_id=UL21;"		UL21	65880	64133
LT934125.1	Liftoff	transcript	64133	65880	.	-	.	"transcript_id=UL21-L;Name=UL21-L;ID=UL21-L;gene_id=UL21;ORF_id=UL21;"		UL21	65880	64133
LT934125.1	Liftoff	exon	64133	66283	.	-	.	"transcript_id=UL21-L2;Name=UL21-L2;ID=UL21-L2;gene_id=UL21;ORF_id=UL21;"		UL21	66283	64138
LT934125.1	Liftoff	transcript	64133	66283	.	-	.	"transcript_id=UL21-L2;Name=UL21-L2;ID=UL21-L2;gene_id=UL21;ORF_id=UL21;"		UL21	66283	64138
LT934125.1	Liftoff	exon	60234	62340	.	+	.	"transcript_id=UL22;Name=UL22;ID=UL22;gene_id=UL22;ORF_id=UL22;"	canonic	UL22	60234	62340
LT934125.1	Liftoff	transcript	60234	62340	.	+	.	"transcript_id=UL22;Name=UL22;ID=UL22;gene_id=UL22;ORF_id=UL22;"	canonic	UL22	60234	62340
LT934125.1	Liftoff	exon	62000	62340	.	+	.	"transcript_id=UL22.11;Name=UL22.11;ID=UL22.11;gene_id=UL22;ORF_id=UL22.11;"		UL22	62000	62340
LT934125.1	Liftoff	transcript	62000	62340	.	+	.	"transcript_id=UL22.11;Name=UL22.11;ID=UL22.11;gene_id=UL22;ORF_id=UL22.11;"		UL22	62000	62340
LT934125.1	Liftoff	exon	62144	62340	.	+	.	"transcript_id=UL22.13;Name=UL22.13;ID=UL22.13;gene_id=UL22;ORF_id=UL22.13;"		UL22	62144	62340
LT934125.1	Liftoff	transcript	62144	62340	.	+	.	"transcript_id=UL22.13;Name=UL22.13;ID=UL22.13;gene_id=UL22;ORF_id=UL22.13;"		UL22	62144	62340
LT934125.1	Liftoff	exon	61078	62340	.	+	.	"transcript_id=UL22.5;Name=UL22.5;ID=UL22.5;gene_id=UL22;ORF_id=UL22.5;"		UL22	61078	62340
LT934125.1	Liftoff	transcript	61078	62340	.	+	.	"transcript_id=UL22.5;Name=UL22.5;ID=UL22.5;gene_id=UL22;ORF_id=UL22.5;"		UL22	61078	62340
LT934125.1	Liftoff	exon	61621	62340	.	+	.	"transcript_id=UL22.8;Name=UL22.8;ID=UL22.8;gene_id=UL22;ORF_id=UL22.8;"		UL22	61621	62340
LT934125.1	Liftoff	transcript	61621	62340	.	+	.	"transcript_id=UL22.8;Name=UL22.8;ID=UL22.8;gene_id=UL22;ORF_id=UL22.8;"		UL22	61621	62340
LT934125.1	Liftoff	exon	60234	63051	.	+	.	"transcript_id=UL22-AT;Name=UL22-AT;ID=UL22-AT;gene_id=UL22;ORF_id=UL22;"		UL22	60235	63051
LT934125.1	Liftoff	transcript	60234	63051	.	+	.	"transcript_id=UL22-AT;Name=UL22-AT;ID=UL22-AT;gene_id=UL22;ORF_id=UL22;"		UL22	60235	63051
LT934125.1	Liftoff	exon	59793	62340	.	+	.	"transcript_id=UL22-L;Name=UL22-L;ID=UL22-L;gene_id=UL22;ORF_id=UL22;"		UL22	59793	62340
LT934125.1	Liftoff	transcript	59793	62340	.	+	.	"transcript_id=UL22-L;Name=UL22-L;ID=UL22-L;gene_id=UL22;ORF_id=UL22;"		UL22	59793	62340
LT934125.1	Liftoff	exon	59068	60251	.	+	.	"transcript_id=UL23;Name=UL23;ID=UL23;gene_id=UL23;ORF_id=UL23;"	canonic	UL23	59068	60251
LT934125.1	Liftoff	transcript	59068	60251	.	+	.	"transcript_id=UL23;Name=UL23;ID=UL23;gene_id=UL23;ORF_id=UL23;"	canonic	UL23	59068	60251
LT934125.1	Liftoff	exon	59287	60251	.	+	.	"transcript_id=UL23.4;Name=UL23.4;ID=UL23.4;gene_id=UL23;ORF_id=UL23.4;"		UL23	59287	60251
LT934125.1	Liftoff	transcript	59287	60251	.	+	.	"transcript_id=UL23.4;Name=UL23.4;ID=UL23.4;gene_id=UL23;ORF_id=UL23.4;"		UL23	59287	60251
LT934125.1	Liftoff	exon	59412	60251	.	+	.	"transcript_id=UL23.4-S;Name=UL23.4-S;ID=UL23.4-S;gene_id=UL23;ORF_id=UL23.4;"		UL23	59412	60251
LT934125.1	Liftoff	transcript	59412	60251	.	+	.	"transcript_id=UL23.4-S;Name=UL23.4-S;ID=UL23.4-S;gene_id=UL23;ORF_id=UL23.4;"		UL23	59412	60251
LT934125.1	Liftoff	exon	59793	60251	.	+	.	"transcript_id=UL23.6;Name=UL23.6;ID=UL23.6;gene_id=UL23;ORF_id=UL23.6;"		UL23	59793	60251
LT934125.1	Liftoff	transcript	59793	60251	.	+	.	"transcript_id=UL23.6;Name=UL23.6;ID=UL23.6;gene_id=UL23;ORF_id=UL23.6;"		UL23	59793	60251
LT934125.1	Liftoff	exon	59068	62340	.	+	.	"transcript_id=UL23-22;Name=UL23-22;ID=UL23-22;gene_id=UL23;ORF_id=UL23;"	canonic	UL23	59068	62340
LT934125.1	Liftoff	transcript	59068	62340	.	+	.	"transcript_id=UL23-22;Name=UL23-22;ID=UL23-22;gene_id=UL23;ORF_id=UL23;"	canonic	UL23	59068	62340
LT934125.1	Liftoff	exon	92069	94526	.	-	.	"transcript_id=UL2-3-3.5;Name=UL2-3-3.5;ID=UL2-3-3.5;gene_id=UL2;ORF_id=UL2;"	canonic	UL2	94526	92069
LT934125.1	Liftoff	transcript	92069	94526	.	-	.	"transcript_id=UL2-3-3.5;Name=UL2-3-3.5;ID=UL2-3-3.5;gene_id=UL2;ORF_id=UL2;"	canonic	UL2	94526	92069
LT934125.1	Liftoff	exon	59068	60354	.	+	.	"transcript_id=UL23-AT;Name=UL23-AT;ID=UL23-AT;gene_id=UL23;ORF_id=UL23;"		UL23	59069	60354
LT934125.1	Liftoff	transcript	59068	60354	.	+	.	"transcript_id=UL23-AT;Name=UL23-AT;ID=UL23-AT;gene_id=UL23;ORF_id=UL23;"		UL23	59069	60354
LT934125.1	Liftoff	exon	59044	60251	.	+	.	"transcript_id=UL23-L1;Name=UL23-L1;ID=UL23-L1;gene_id=UL31;ORF_id=UL31;"		UL31	59044	60251
LT934125.1	Liftoff	transcript	59044	60251	.	+	.	"transcript_id=UL23-L1;Name=UL23-L1;ID=UL23-L1;gene_id=UL31;ORF_id=UL31;"		UL31	59044	60251
LT934125.1	Liftoff	exon	58625	60251	.	+	.	"transcript_id=UL23-L2;Name=UL23-L2;ID=UL23-L2;gene_id=UL23;ORF_id=UL32;"		UL23	58625	60251
LT934125.1	Liftoff	transcript	58625	60251	.	+	.	"transcript_id=UL23-L2;Name=UL23-L2;ID=UL23-L2;gene_id=UL23;ORF_id=UL32;"		UL23	58625	60251
LT934125.1	Liftoff	exon	58625	62340	.	+	.	"transcript_id=UL23L-22;Name=UL23L-22;ID=UL23L-22;gene_id=UL23;ORF_id=UL23;"		UL23	58625	62340
LT934125.1	Liftoff	transcript	58625	62340	.	+	.	"transcript_id=UL23L-22;Name=UL23L-22;ID=UL23L-22;gene_id=UL23;ORF_id=UL23;"		UL23	58625	62340
LT934125.1	Liftoff	exon	58478	60251	.	+	.	"transcript_id=UL23-L3;Name=UL23-L3;ID=UL23-L3;gene_id=UL23;ORF_id=UL33;"		UL23	58478	60251
LT934125.1	Liftoff	transcript	58478	60251	.	+	.	"transcript_id=UL23-L3;Name=UL23-L3;ID=UL23-L3;gene_id=UL23;ORF_id=UL33;"		UL23	58478	60251
LT934125.1	Liftoff	exon	58002	60251	.	+	.	"transcript_id=UL23-L4;Name=UL23-L4;ID=UL23-L4;gene_id=UL23;ORF_id=UL34;"		UL23	58002	60251
LT934125.1	Liftoff	transcript	58002	60251	.	+	.	"transcript_id=UL23-L4;Name=UL23-L4;ID=UL23-L4;gene_id=UL23;ORF_id=UL34;"		UL23	58002	60251
LT934125.1	Liftoff	exon	55270	59277	.	-	.	"transcript_id=UL24-25-26-26.5;Name=UL24-25-26-26.5;ID=UL24-25-26-26.5;gene_id=UL24;ORF_id=UL24;"	canonic	UL24	59277	55270
LT934125.1	Liftoff	transcript	55270	59277	.	-	.	"transcript_id=UL24-25-26-26.5;Name=UL24-25-26-26.5;ID=UL24-25-26-26.5;gene_id=UL24;ORF_id=UL24;"	canonic	UL24	59277	55270
LT934125.1	Liftoff	exon	55704	58556	.	-	.	"transcript_id=UL25;Name=UL25;ID=UL25;gene_id=UL25;ORF_id=UL25;"	canonic	UL25	58556	55704
LT934125.1	Liftoff	transcript	55704	58556	.	-	.	"transcript_id=UL25;Name=UL25;ID=UL25;gene_id=UL25;ORF_id=UL25;"	canonic	UL25	58556	55704
LT934125.1	Liftoff	exon	55896	60251	.	+	.	"transcript_id=UL25-24-23;Name=UL25-24-23;ID=UL25-24-23;gene_id=UL23;ORF_id=UL25;"		UL23	55896	60251
LT934125.1	Liftoff	transcript	55896	60251	.	+	.	"transcript_id=UL25-24-23;Name=UL25-24-23;ID=UL25-24-23;gene_id=UL23;ORF_id=UL25;"		UL23	55896	60251
LT934125.1	Liftoff	exon	55270	58570	.	-	.	"transcript_id=UL25-26-26.5;Name=UL25-26-26.5;ID=UL25-26-26.5;gene_id=UL25;ORF_id=UL25;"	canonic	UL25	58570	55270
LT934125.1	Liftoff	transcript	55270	58570	.	-	.	"transcript_id=UL25-26-26.5;Name=UL25-26-26.5;ID=UL25-26-26.5;gene_id=UL25;ORF_id=UL25;"	canonic	UL25	58570	55270
LT934125.1	Liftoff	exon	56317	58570	.	-	.	"transcript_id=UL25-AT;Name=UL25-AT;ID=UL25-AT;gene_id=UL25;ORF_id=UL25;"		UL25	58570	56317
LT934125.1	Liftoff	transcript	56317	58570	.	-	.	"transcript_id=UL25-AT;Name=UL25-AT;ID=UL25-AT;gene_id=UL25;ORF_id=UL25;"		UL25	58570	56317
LT934125.1	Liftoff	exon	55270	59016	.	-	.	"transcript_id=UL25L-26-26.5;Name=UL25L-26-26.5;ID=UL25L-26-26.5;gene_id=UL25;ORF_id=UL25;"		UL25	59016	55270
LT934125.1	Liftoff	transcript	55270	59016	.	-	.	"transcript_id=UL25L-26-26.5;Name=UL25L-26-26.5;ID=UL25L-26-26.5;gene_id=UL25;ORF_id=UL25;"		UL25	59016	55270
LT934125.1	Liftoff	exon	55270	56188	.	-	.	"transcript_id=UL26.6;Name=UL26.6;ID=UL26.6;gene_id=UL26;ORF_id=UL26.6;"		UL26	56188	55270
LT934125.1	Liftoff	transcript	55270	56188	.	-	.	"transcript_id=UL26.6;Name=UL26.6;ID=UL26.6;gene_id=UL26;ORF_id=UL26.6;"		UL26	56188	55270
LT934125.1	Liftoff	exon	55270	55807	.	-	.	"transcript_id=UL26.8;Name=UL26.8;ID=UL26.8;gene_id=UL26;ORF_id=UL26.8;"		UL26	55807	55270
LT934125.1	Liftoff	transcript	55270	55807	.	-	.	"transcript_id=UL26.8;Name=UL26.8;ID=UL26.8;gene_id=UL26;ORF_id=UL26.8;"		UL26	55807	55270
LT934125.1	Liftoff	exon	55270	55733	.	-	.	"transcript_id=UL26.9;Name=UL26.9;ID=UL26.9;gene_id=UL26;ORF_id=UL26.9;"		UL26	55733	55270
LT934125.1	Liftoff	transcript	55270	55733	.	-	.	"transcript_id=UL26.9;Name=UL26.9;ID=UL26.9;gene_id=UL26;ORF_id=UL26.9;"		UL26	55733	55270
LT934125.1	Liftoff	exon	55270	55679	.	-	.	"transcript_id=UL26.9-S;Name=UL26.9-S;ID=UL26.9-S;gene_id=UL26;ORF_id=UL26.9;"		UL26	55679	55270
LT934125.1	Liftoff	transcript	55270	55679	.	-	.	"transcript_id=UL26.9-S;Name=UL26.9-S;ID=UL26.9-S;gene_id=UL26;ORF_id=UL26.9;"		UL26	55679	55270
LT934125.1	Liftoff	exon	55270	56946	.	-	.	"transcript_id=UL26-26.5;Name=UL26-26.5;ID=UL26-26.5;gene_id=UL26;ORF_id=UL26;"	canonic	UL26	56946	55270
LT934125.1	Liftoff	transcript	55270	56946	.	-	.	"transcript_id=UL26-26.5;Name=UL26-26.5;ID=UL26-26.5;gene_id=UL26;ORF_id=UL26;"	canonic	UL26	56946	55270
LT934125.1	Liftoff	exon	55310	56946	.	-	.	"transcript_id=UL26-26.5-AT;Name=UL26-26.5-AT;ID=UL26-26.5-AT;gene_id=UL26;ORF_id=UL26;"		UL26	56946	55310
LT934125.1	Liftoff	transcript	55310	56946	.	-	.	"transcript_id=UL26-26.5-AT;Name=UL26-26.5-AT;ID=UL26-26.5-AT;gene_id=UL26;ORF_id=UL26;"		UL26	56946	55310
LT934125.1	Liftoff	exon	55270	57535	.	-	.	"transcript_id=UL26-26.5-L;Name=UL26-26.5-L;ID=UL26-26.5-L;gene_id=UL26;ORF_id=UL26;"		UL26	57535	55270
LT934125.1	Liftoff	transcript	55270	57535	.	-	.	"transcript_id=UL26-26.5-L;Name=UL26-26.5-L;ID=UL26-26.5-L;gene_id=UL26;ORF_id=UL26;"		UL26	57535	55270
LT934125.1	Liftoff	exon	16583	19473	.	-	.	"transcript_id=UL27;Name=UL27;ID=UL27;gene_id=UL27;ORF_id=UL27;"	canonic	UL27	19473	16583
LT934125.1	Liftoff	transcript	16583	19473	.	-	.	"transcript_id=UL27;Name=UL27;ID=UL27;gene_id=UL27;ORF_id=UL27;"	canonic	UL27	19473	16583
LT934125.1	Liftoff	exon	16583	17723	.	-	.	"transcript_id=UL27.10;Name=UL27.10;ID=UL27.10;gene_id=UL27;ORF_id=UL27.10;"		UL27	17723	16583
LT934125.1	Liftoff	transcript	16583	17723	.	-	.	"transcript_id=UL27.10;Name=UL27.10;ID=UL27.10;gene_id=UL27;ORF_id=UL27.10;"		UL27	17723	16583
LT934125.1	Liftoff	exon	16583	17670	.	-	.	"transcript_id=UL27.10-S;Name=UL27.10-S;ID=UL27.10-S;gene_id=UL27;ORF_id=UL27.10;"		UL27	17670	16583
LT934125.1	Liftoff	transcript	16583	17670	.	-	.	"transcript_id=UL27.10-S;Name=UL27.10-S;ID=UL27.10-S;gene_id=UL27;ORF_id=UL27.10;"		UL27	17670	16583
LT934125.1	Liftoff	exon	16583	18161	.	-	.	"transcript_id=UL27.11;Name=UL27.11;ID=UL27.11;gene_id=UL27;ORF_id=UL27.11;"		UL27	18161	16583
LT934125.1	Liftoff	transcript	16583	18161	.	-	.	"transcript_id=UL27.11;Name=UL27.11;ID=UL27.11;gene_id=UL27;ORF_id=UL27.11;"		UL27	18161	16583
LT934125.1	Liftoff	exon	16583	18107	.	-	.	"transcript_id=UL27.11-S;Name=UL27.11-S;ID=UL27.11-S;gene_id=UL27;ORF_id=UL27.11;"		UL27	18107	16583
LT934125.1	Liftoff	transcript	16583	18107	.	-	.	"transcript_id=UL27.11-S;Name=UL27.11-S;ID=UL27.11-S;gene_id=UL27;ORF_id=UL27.11;"		UL27	18107	16583
LT934125.1	Liftoff	exon	16583	18086	.	-	.	"transcript_id=UL27.11-S2;Name=UL27.11-S2;ID=UL27.11-S2;gene_id=UL27;ORF_id=UL27.11;"		UL27	18086	16583
LT934125.1	Liftoff	transcript	16583	18086	.	-	.	"transcript_id=UL27.11-S2;Name=UL27.11-S2;ID=UL27.11-S2;gene_id=UL27;ORF_id=UL27.11;"		UL27	18086	16583
LT934125.1	Liftoff	exon	16583	17981	.	-	.	"transcript_id=UL27.11-S3;Name=UL27.11-S3;ID=UL27.11-S3;gene_id=UL27;ORF_id=UL27.11;"		UL27	17981	16583
LT934125.1	Liftoff	transcript	16583	17981	.	-	.	"transcript_id=UL27.11-S3;Name=UL27.11-S3;ID=UL27.11-S3;gene_id=UL27;ORF_id=UL27.11;"		UL27	17981	16583
LT934125.1	Liftoff	exon	16583	17900	.	-	.	"transcript_id=UL27.11-S4;Name=UL27.11-S4;ID=UL27.11-S4;gene_id=UL27;ORF_id=UL27.11;"		UL27	17900	16583
LT934125.1	Liftoff	transcript	16583	17900	.	-	.	"transcript_id=UL27.11-S4;Name=UL27.11-S4;ID=UL27.11-S4;gene_id=UL27;ORF_id=UL27.11;"		UL27	17900	16583
LT934125.1	Liftoff	exon	16583	17871	.	-	.	"transcript_id=UL27.11-S5;Name=UL27.11-S5;ID=UL27.11-S5;gene_id=UL27;ORF_id=UL27.11;"		UL27	17871	16583
LT934125.1	Liftoff	transcript	16583	17871	.	-	.	"transcript_id=UL27.11-S5;Name=UL27.11-S5;ID=UL27.11-S5;gene_id=UL27;ORF_id=UL27.11;"		UL27	17871	16583
LT934125.1	Liftoff	exon	16583	17792	.	-	.	"transcript_id=UL27.11-S6;Name=UL27.11-S6;ID=UL27.11-S6;gene_id=UL27;ORF_id=UL27.11;"		UL27	17792	16583
LT934125.1	Liftoff	transcript	16583	17792	.	-	.	"transcript_id=UL27.11-S6;Name=UL27.11-S6;ID=UL27.11-S6;gene_id=UL27;ORF_id=UL27.11;"		UL27	17792	16583
LT934125.1	Liftoff	exon	16583	17751	.	-	.	"transcript_id=UL27.11-S7;Name=UL27.11-S7;ID=UL27.11-S7;gene_id=UL27;ORF_id=UL27.11;"		UL27	17751	16583
LT934125.1	Liftoff	transcript	16583	17751	.	-	.	"transcript_id=UL27.11-S7;Name=UL27.11-S7;ID=UL27.11-S7;gene_id=UL27;ORF_id=UL27.11;"		UL27	17751	16583
LT934125.1	Liftoff	exon	16583	18270	.	-	.	"transcript_id=UL27.13;Name=UL27.13;ID=UL27.13;gene_id=UL27;ORF_id=UL27.13;"		UL27	18270	16583
LT934125.1	Liftoff	transcript	16583	18270	.	-	.	"transcript_id=UL27.13;Name=UL27.13;ID=UL27.13;gene_id=UL27;ORF_id=UL27.13;"		UL27	18270	16583
LT934125.1	Liftoff	exon	16583	18523	.	-	.	"transcript_id=UL27.14;Name=UL27.14;ID=UL27.14;gene_id=UL27;ORF_id=UL27.14;"		UL27	18523	16583
LT934125.1	Liftoff	transcript	16583	18523	.	-	.	"transcript_id=UL27.14;Name=UL27.14;ID=UL27.14;gene_id=UL27;ORF_id=UL27.14;"		UL27	18523	16583
LT934125.1	Liftoff	exon	16583	18464	.	-	.	"transcript_id=UL27.14-S;Name=UL27.14-S;ID=UL27.14-S;gene_id=UL27;ORF_id=UL27.14;"		UL27	18464	16583
LT934125.1	Liftoff	transcript	16583	18464	.	-	.	"transcript_id=UL27.14-S;Name=UL27.14-S;ID=UL27.14-S;gene_id=UL27;ORF_id=UL27.14;"		UL27	18464	16583
LT934125.1	Liftoff	exon	16583	16878	.	-	.	"transcript_id=UL27.2;Name=UL27.2;ID=UL27.2;gene_id=UL27;ORF_id=UL27.2;"		UL27	16878	16583
LT934125.1	Liftoff	transcript	16583	16878	.	-	.	"transcript_id=UL27.2;Name=UL27.2;ID=UL27.2;gene_id=UL27;ORF_id=UL27.2;"		UL27	16878	16583
LT934125.1	Liftoff	exon	16583	16970	.	-	.	"transcript_id=UL27.3;Name=UL27.3;ID=UL27.3;gene_id=UL27;ORF_id=UL27.3;"		UL27	16970	16583
LT934125.1	Liftoff	transcript	16583	16970	.	-	.	"transcript_id=UL27.3;Name=UL27.3;ID=UL27.3;gene_id=UL27;ORF_id=UL27.3;"		UL27	16970	16583
LT934125.1	Liftoff	exon	16583	16928	.	-	.	"transcript_id=UL27.3-L;Name=UL27.3-L;ID=UL27.3-L;gene_id=UL27;ORF_id=UL27.3;"		UL27	16928	16583
LT934125.1	Liftoff	transcript	16583	16928	.	-	.	"transcript_id=UL27.3-L;Name=UL27.3-L;ID=UL27.3-L;gene_id=UL27;ORF_id=UL27.3;"		UL27	16928	16583
LT934125.1	Liftoff	exon	16583	17223	.	-	.	"transcript_id=UL27.4;Name=UL27.4;ID=UL27.4;gene_id=UL27;ORF_id=UL27.4;"		UL27	17223	16583
LT934125.1	Liftoff	transcript	16583	17223	.	-	.	"transcript_id=UL27.4;Name=UL27.4;ID=UL27.4;gene_id=UL27;ORF_id=UL27.4;"		UL27	17223	16583
LT934125.1	Liftoff	exon	16583	17159	.	-	.	"transcript_id=UL27.4-S;Name=UL27.4-S;ID=UL27.4-S;gene_id=UL27;ORF_id=UL27.4;"		UL27	17159	16583
LT934125.1	Liftoff	transcript	16583	17159	.	-	.	"transcript_id=UL27.4-S;Name=UL27.4-S;ID=UL27.4-S;gene_id=UL27;ORF_id=UL27.4;"		UL27	17159	16583
LT934125.1	Liftoff	exon	16583	17132	.	-	.	"transcript_id=UL27.4-S2;Name=UL27.4-S2;ID=UL27.4-S2;gene_id=UL27;ORF_id=UL27.4;"		UL27	17132	16583
LT934125.1	Liftoff	transcript	16583	17132	.	-	.	"transcript_id=UL27.4-S2;Name=UL27.4-S2;ID=UL27.4-S2;gene_id=UL27;ORF_id=UL27.4;"		UL27	17132	16583
LT934125.1	Liftoff	exon	16583	17059	.	-	.	"transcript_id=UL27.4-S3;Name=UL27.4-S3;ID=UL27.4-S3;gene_id=UL27;ORF_id=UL27.4;"		UL27	17059	16583
LT934125.1	Liftoff	transcript	16583	17059	.	-	.	"transcript_id=UL27.4-S3;Name=UL27.4-S3;ID=UL27.4-S3;gene_id=UL27;ORF_id=UL27.4;"		UL27	17059	16583
LT934125.1	Liftoff	exon	16583	17024	.	-	.	"transcript_id=UL27.4-S4;Name=UL27.4-S4;ID=UL27.4-S4;gene_id=UL27;ORF_id=UL27.4;"		UL27	17024	16583
LT934125.1	Liftoff	transcript	16583	17024	.	-	.	"transcript_id=UL27.4-S4;Name=UL27.4-S4;ID=UL27.4-S4;gene_id=UL27;ORF_id=UL27.4;"		UL27	17024	16583
LT934125.1	Liftoff	exon	16583	17497	.	-	.	"transcript_id=UL27.5;Name=UL27.5;ID=UL27.5;gene_id=UL27;ORF_id=UL27.5;"		UL27	17497	16583
LT934125.1	Liftoff	transcript	16583	17497	.	-	.	"transcript_id=UL27.5;Name=UL27.5;ID=UL27.5;gene_id=UL27;ORF_id=UL27.5;"		UL27	17497	16583
LT934125.1	Liftoff	exon	16583	17951	.	-	.	"transcript_id=UL27.5-L;Name=UL27.5-L;ID=UL27.5-L;gene_id=UL27;ORF_id=UL27.5;"		UL27	17951	16583
LT934125.1	Liftoff	transcript	16583	17951	.	-	.	"transcript_id=UL27.5-L;Name=UL27.5-L;ID=UL27.5-L;gene_id=UL27;ORF_id=UL27.5;"		UL27	17951	16583
LT934125.1	Liftoff	exon	16583	17407	.	-	.	"transcript_id=UL27.5-S;Name=UL27.5-S;ID=UL27.5-S;gene_id=UL27;ORF_id=UL27.5;"		UL27	17407	16583
LT934125.1	Liftoff	transcript	16583	17407	.	-	.	"transcript_id=UL27.5-S;Name=UL27.5-S;ID=UL27.5-S;gene_id=UL27;ORF_id=UL27.5;"		UL27	17407	16583
LT934125.1	Liftoff	exon	16583	17363	.	-	.	"transcript_id=UL27.5-S2;Name=UL27.5-S2;ID=UL27.5-S2;gene_id=UL27;ORF_id=UL27.5;"		UL27	17363	16583
LT934125.1	Liftoff	transcript	16583	17363	.	-	.	"transcript_id=UL27.5-S2;Name=UL27.5-S2;ID=UL27.5-S2;gene_id=UL27;ORF_id=UL27.5;"		UL27	17363	16583
LT934125.1	Liftoff	exon	16583	17341	.	-	.	"transcript_id=UL27.5-S3;Name=UL27.5-S3;ID=UL27.5-S3;gene_id=UL27;ORF_id=UL27.5;"		UL27	17341	16583
LT934125.1	Liftoff	transcript	16583	17341	.	-	.	"transcript_id=UL27.5-S3;Name=UL27.5-S3;ID=UL27.5-S3;gene_id=UL27;ORF_id=UL27.5;"		UL27	17341	16583
LT934125.1	Liftoff	exon	16583	17568	.	-	.	"transcript_id=UL27.6;Name=UL27.6;ID=UL27.6;gene_id=UL27;ORF_id=UL27.6;"		UL27	17568	16583
LT934125.1	Liftoff	transcript	16583	17568	.	-	.	"transcript_id=UL27.6;Name=UL27.6;ID=UL27.6;gene_id=UL27;ORF_id=UL27.6;"		UL27	17568	16583
LT934125.1	Liftoff	exon	16583	17530	.	-	.	"transcript_id=UL27.6-S;Name=UL27.6-S;ID=UL27.6-S;gene_id=UL27;ORF_id=UL27.6;"		UL27	17530	16583
LT934125.1	Liftoff	transcript	16583	17530	.	-	.	"transcript_id=UL27.6-S;Name=UL27.6-S;ID=UL27.6-S;gene_id=UL27;ORF_id=UL27.6;"		UL27	17530	16583
LT934125.1	Liftoff	exon	16583	17599	.	-	.	"transcript_id=UL27.8;Name=UL27.8;ID=UL27.8;gene_id=UL27;ORF_id=UL27.8;"		UL27	17599	16583
LT934125.1	Liftoff	transcript	16583	17599	.	-	.	"transcript_id=UL27.8;Name=UL27.8;ID=UL27.8;gene_id=UL27;ORF_id=UL27.8;"		UL27	17599	16583
LT934125.1	Liftoff	exon	16583	17636	.	-	.	"transcript_id=UL27.9;Name=UL27.9;ID=UL27.9;gene_id=UL27;ORF_id=UL27.9;"		UL27	17636	16583
LT934125.1	Liftoff	transcript	16583	17636	.	-	.	"transcript_id=UL27.9;Name=UL27.9;ID=UL27.9;gene_id=UL27;ORF_id=UL27.9;"		UL27	17636	16583
LT934125.1	Liftoff	exon	16259	19473	.	-	.	"transcript_id=UL27-AT1;Name=UL27-AT1;ID=UL27-AT1;gene_id=UL27;ORF_id=UL27;"		UL27	19473	16259
LT934125.1	Liftoff	transcript	16259	19473	.	-	.	"transcript_id=UL27-AT1;Name=UL27-AT1;ID=UL27-AT1;gene_id=UL27;ORF_id=UL27;"		UL27	19473	16259
LT934125.1	Liftoff	exon	18583	21472	.	-	.	"transcript_id=UL28;Name=UL28;ID=UL28;gene_id=UL28;ORF_id=UL28;"	canonic	UL28	21472	18583
LT934125.1	Liftoff	transcript	18583	21472	.	-	.	"transcript_id=UL28;Name=UL28;ID=UL28;gene_id=UL28;ORF_id=UL28;"	canonic	UL28	21472	18583
LT934125.1	Liftoff	exon	16583	21635	.	-	.	"transcript_id=UL28L-27;Name=UL28L-27;ID=UL28L-27;gene_id=UL28;ORF_id=UL28;"	canonic	UL28	21635	16583
LT934125.1	Liftoff	transcript	16583	21635	.	-	.	"transcript_id=UL28L-27;Name=UL28L-27;ID=UL28L-27;gene_id=UL28;ORF_id=UL28;"	canonic	UL28	21635	16583
LT934125.1	Liftoff	exon	21477	25313	.	-	.	"transcript_id=UL29;Name=UL29;ID=UL29;gene_id=UL29;ORF_id=UL29;"	canonic	UL29	25313	21477
LT934125.1	Liftoff	transcript	21477	25313	.	-	.	"transcript_id=UL29;Name=UL29;ID=UL29;gene_id=UL29;ORF_id=UL29;"	canonic	UL29	25313	21477
LT934125.1	Liftoff	exon	21477	23258	.	-	.	"transcript_id=UL29.11;Name=UL29.11;ID=UL29.11;gene_id=UL29;ORF_id=UL29.11;"		UL29	23258	21477
LT934125.1	Liftoff	transcript	21477	23258	.	-	.	"transcript_id=UL29.11;Name=UL29.11;ID=UL29.11;gene_id=UL29;ORF_id=UL29.11;"		UL29	23258	21477
LT934125.1	Liftoff	exon	21477	23660	.	-	.	"transcript_id=UL29.14;Name=UL29.14;ID=UL29.14;gene_id=UL29;ORF_id=UL29.14;"		UL29	23660	21477
LT934125.1	Liftoff	transcript	21477	23660	.	-	.	"transcript_id=UL29.14;Name=UL29.14;ID=UL29.14;gene_id=UL29;ORF_id=UL29.14;"		UL29	23660	21477
LT934125.1	Liftoff	exon	21477	22441	.	-	.	"transcript_id=UL29.2;Name=UL29.2;ID=UL29.2;gene_id=UL29;ORF_id=UL29.2;"		UL29	22441	21477
LT934125.1	Liftoff	transcript	21477	22441	.	-	.	"transcript_id=UL29.2;Name=UL29.2;ID=UL29.2;gene_id=UL29;ORF_id=UL29.2;"		UL29	22441	21477
LT934125.1	Liftoff	exon	16583	25313	.	-	.	"transcript_id=UL29-28-27;Name=UL29-28-27;ID=UL29-28-27;gene_id=UL29;ORF_id=UL29;"	canonic	UL29	25312	16582
LT934125.1	Liftoff	transcript	16583	25313	.	-	.	"transcript_id=UL29-28-27;Name=UL29-28-27;ID=UL29-28-27;gene_id=UL29;ORF_id=UL29;"	canonic	UL29	25312	16582
LT934125.1	Liftoff	exon	92445	93654	.	-	.	"transcript_id=UL3;Name=UL3;ID=UL3;gene_id=UL3;ORF_id=UL3;"	canonic	UL3	93654	92445
LT934125.1	Liftoff	transcript	92445	93654	.	-	.	"transcript_id=UL3;Name=UL3;ID=UL3;gene_id=UL3;ORF_id=UL3;"	canonic	UL3	93654	92445
LT934125.1	Liftoff	exon	92069	92933	.	-	.	"transcript_id=UL3.5;Name=UL3.5;ID=UL3.5;gene_id=UL3.5;ORF_id=UL3.5;"	canonic	UL3.5	92933	92069
LT934125.1	Liftoff	transcript	92069	92933	.	-	.	"transcript_id=UL3.5;Name=UL3.5;ID=UL3.5;gene_id=UL3.5;ORF_id=UL3.5;"	canonic	UL3.5	92933	92069
LT934125.1	Liftoff	exon	92069	93265	.	-	.	"transcript_id=UL3.5-L;Name=UL3.5-L;ID=UL3.5-L;gene_id=UL3.5;ORF_id=UL3.5;"		UL3.5	93265	92069
LT934125.1	Liftoff	transcript	92069	93265	.	-	.	"transcript_id=UL3.5-L;Name=UL3.5-L;ID=UL3.5-L;gene_id=UL3.5;ORF_id=UL3.5;"		UL3.5	93265	92069
LT934125.1	Liftoff	exon	25420	28632	.	+	.	"transcript_id=UL30;Name=UL30;ID=UL30;gene_id=UL30;ORF_id=UL30;"	canonic	UL30	25420	28632
LT934125.1	Liftoff	transcript	25420	28632	.	+	.	"transcript_id=UL30;Name=UL30;ID=UL30;gene_id=UL30;ORF_id=UL30;"	canonic	UL30	25420	28632
LT934125.1	Liftoff	exon	28429	29414	.	-	.	"transcript_id=UL31;Name=UL31;ID=UL31;gene_id=UL31;ORF_id=UL31;"	canonic	UL31	29414	28429
LT934125.1	Liftoff	transcript	28429	29414	.	-	.	"transcript_id=UL31;Name=UL31;ID=UL31;gene_id=UL31;ORF_id=UL31;"	canonic	UL31	29414	28429
LT934125.1	Liftoff	exon	28429	29086	.	-	.	"transcript_id=UL31.2;Name=UL31.2;ID=UL31.2;gene_id=UL31;ORF_id=UL31.2;"		UL31	29086	28429
LT934125.1	Liftoff	transcript	28429	29086	.	-	.	"transcript_id=UL31.2;Name=UL31.2;ID=UL31.2;gene_id=UL31;ORF_id=UL31.2;"		UL31	29086	28429
LT934125.1	Liftoff	exon	28429	29046	.	-	.	"transcript_id=UL31.3;Name=UL31.3;ID=UL31.3;gene_id=UL31;ORF_id=UL31.3;"		UL31	29046	28429
LT934125.1	Liftoff	transcript	28429	29046	.	-	.	"transcript_id=UL31.3;Name=UL31.3;ID=UL31.3;gene_id=UL31;ORF_id=UL31.3;"		UL31	29046	28429
LT934125.1	Liftoff	exon	28429	28794	.	-	.	"transcript_id=UL31.3-S;Name=UL31.3-S;ID=UL31.3-S;gene_id=UL31;ORF_id=UL31.3;"		UL31	28794	28429
LT934125.1	Liftoff	transcript	28429	28794	.	-	.	"transcript_id=UL31.3-S;Name=UL31.3-S;ID=UL31.3-S;gene_id=UL31;ORF_id=UL31.3;"		UL31	28794	28429
LT934125.1	Liftoff	exon	28429	29507	.	-	.	"transcript_id=UL31.5;Name=UL31.5;ID=UL31.5;gene_id=UL31;ORF_id=UL31.5;"		UL31	29507	28429
LT934125.1	Liftoff	transcript	28429	29507	.	-	.	"transcript_id=UL31.5;Name=UL31.5;ID=UL31.5;gene_id=UL31;ORF_id=UL31.5;"		UL31	29507	28429
LT934125.1	Liftoff	exon	28429	29154	.	-	.	"transcript_id=UL31-L;Name=UL31-L;ID=UL31-L;gene_id=UL31;ORF_id=UL31;"		UL31	29154	28429
LT934125.1	Liftoff	transcript	28429	29154	.	-	.	"transcript_id=UL31-L;Name=UL31-L;ID=UL31-L;gene_id=UL31;ORF_id=UL31;"		UL31	29154	28429
LT934125.1	Liftoff	exon	28429	31043	.	-	.	"transcript_id=UL32-31;Name=UL32-31;ID=UL32-31;gene_id=UL32;ORF_id=UL32;"	canonic	UL32	31043	28429
LT934125.1	Liftoff	transcript	28429	31043	.	-	.	"transcript_id=UL32-31;Name=UL32-31;ID=UL32-31;gene_id=UL32;ORF_id=UL32;"	canonic	UL32	31043	28429
LT934125.1	Liftoff	exon	28636	32415	.	+	.	"transcript_id=UL32-33-34-35;Name=UL32-33-34-35;ID=UL32-33-34-35;gene_id=UL33;ORF_id=UL32;"		UL33	28636	32415
LT934125.1	Liftoff	transcript	28636	32415	.	+	.	"transcript_id=UL32-33-34-35;Name=UL32-33-34-35;ID=UL32-33-34-35;gene_id=UL33;ORF_id=UL32;"		UL33	28636	32415
LT934125.1	Liftoff	exon	28429	30877	.	-	.	"transcript_id=UL32-S-31;Name=UL32-S-31;ID=UL32-S-31;gene_id=UL32;ORF_id=UL32;"		UL32	30877	28429
LT934125.1	Liftoff	transcript	28429	30877	.	-	.	"transcript_id=UL32-S-31;Name=UL32-S-31;ID=UL32-S-31;gene_id=UL32;ORF_id=UL32;"		UL32	30877	28429
LT934125.1	Liftoff	exon	30240	31198	.	+	.	"transcript_id=UL33;Name=UL33;ID=UL33;gene_id=UL33;ORF_id=UL33;"	canonic	UL33	30240	31198
LT934125.1	Liftoff	transcript	30240	31198	.	+	.	"transcript_id=UL33;Name=UL33;ID=UL33;gene_id=UL33;ORF_id=UL33;"	canonic	UL33	30240	31198
LT934125.1	Liftoff	exon	92069	93654	.	-	.	"transcript_id=UL3-3.5;Name=UL3-3.5;ID=UL3-3.5;gene_id=UL3;ORF_id=UL3;"	canonic	UL3	93654	92069
LT934125.1	Liftoff	transcript	92069	93654	.	-	.	"transcript_id=UL3-3.5;Name=UL3-3.5;ID=UL3-3.5;gene_id=UL3;ORF_id=UL3;"	canonic	UL3	93654	92069
LT934125.1	Liftoff	exon	30298	32415	.	+	.	"transcript_id=UL33-34-35;Name=UL33-34-35;ID=UL33-34-35;gene_id=UL33;ORF_id=UL33;"	canonic	UL33	30298	32415
LT934125.1	Liftoff	transcript	30298	32415	.	+	.	"transcript_id=UL33-34-35;Name=UL33-34-35;ID=UL33-34-35;gene_id=UL33;ORF_id=UL33;"	canonic	UL33	30298	32415
LT934125.1	Liftoff	exon	29468	32415	.	+	.	"transcript_id=UL33-L2-34-35;Name=UL33-L2-34-35;ID=UL33-L2-34-35;gene_id=UL33;ORF_id=UL33;"		UL33	29468	32415
LT934125.1	Liftoff	transcript	29468	32415	.	+	.	"transcript_id=UL33-L2-34-35;Name=UL33-L2-34-35;ID=UL33-L2-34-35;gene_id=UL33;ORF_id=UL33;"		UL33	29468	32415
LT934125.1	Liftoff	exon	29338	32415	.	+	.	"transcript_id=UL33L3-34-35;Name=UL33L3-34-35;ID=UL33L3-34-35;gene_id=UL33;ORF_id=UL33;"		UL33	29338	32415
LT934125.1	Liftoff	transcript	29338	32415	.	+	.	"transcript_id=UL33L3-34-35;Name=UL33L3-34-35;ID=UL33L3-34-35;gene_id=UL33;ORF_id=UL33;"		UL33	29338	32415
LT934125.1	Liftoff	exon	31098	32415	.	+	.	"transcript_id=UL34-35;Name=UL34-35;ID=UL34-35;gene_id=UL34;ORF_id=UL34;"	canonic	UL34	31098	32415
LT934125.1	Liftoff	transcript	31098	32415	.	+	.	"transcript_id=UL34-35;Name=UL34-35;ID=UL34-35;gene_id=UL34;ORF_id=UL34;"	canonic	UL34	31098	32415
LT934125.1	Liftoff	exon	30932	32415	.	+	.	"transcript_id=UL34L2-35;Name=UL34L2-35;ID=UL34L2-35;gene_id=UL34;ORF_id=UL34;"		UL34	30932	32415
LT934125.1	Liftoff	transcript	30932	32415	.	+	.	"transcript_id=UL34L2-35;Name=UL34L2-35;ID=UL34L2-35;gene_id=UL34;ORF_id=UL34;"		UL34	30932	32415
LT934125.1	Liftoff	exon	31042	32415	.	+	.	"transcript_id=UL34L-35;Name=UL34L-35;ID=UL34L-35;gene_id=UL34;ORF_id=UL34;"		UL34	31042	32415
LT934125.1	Liftoff	transcript	31042	32415	.	+	.	"transcript_id=UL34L-35;Name=UL34L-35;ID=UL34L-35;gene_id=UL34;ORF_id=UL34;"		UL34	31042	32415
LT934125.1	Liftoff	exon	32038	32415	.	+	.	"transcript_id=UL35;Name=UL35;ID=UL35;gene_id=UL35;ORF_id=UL35;"	canonic	UL35	32038	32415
LT934125.1	Liftoff	transcript	32038	32415	.	+	.	"transcript_id=UL35;Name=UL35;ID=UL35;gene_id=UL35;ORF_id=UL35;"	canonic	UL35	32038	32415
LT934125.1	Liftoff	exon	32092	32415	.	+	.	"transcript_id=UL35.2;Name=UL35.2;ID=UL35.2;gene_id=UL35;ORF_id=UL35.2;"		UL35	32092	32415
LT934125.1	Liftoff	transcript	32092	32415	.	+	.	"transcript_id=UL35.2;Name=UL35.2;ID=UL35.2;gene_id=UL35;ORF_id=UL35.2;"		UL35	32092	32415
LT934125.1	Liftoff	exon	32038	32709	.	+	.	"transcript_id=UL35-AT;Name=UL35-AT;ID=UL35-AT;gene_id=UL35;ORF_id=UL35;"		UL35	32037	32709
LT934125.1	Liftoff	transcript	32038	32709	.	+	.	"transcript_id=UL35-AT;Name=UL35-AT;ID=UL35-AT;gene_id=UL35;ORF_id=UL35;"		UL35	32037	32709
LT934125.1	Liftoff	exon	31930	32415	.	+	.	"transcript_id=UL35-L;Name=UL35-L;ID=UL35-L;gene_id=UL35;ORF_id=UL35;"		UL35	31930	32415
LT934125.1	Liftoff	transcript	31930	32415	.	+	.	"transcript_id=UL35-L;Name=UL35-L;ID=UL35-L;gene_id=UL35;ORF_id=UL35;"		UL35	31930	32415
LT934125.1	Liftoff	exon	31847	32415	.	+	.	"transcript_id=UL35-L2;Name=UL35-L2;ID=UL35-L2;gene_id=UL35;ORF_id=UL35;"		UL35	31847	32415
LT934125.1	Liftoff	transcript	31847	32415	.	+	.	"transcript_id=UL35-L2;Name=UL35-L2;ID=UL35-L2;gene_id=UL35;ORF_id=UL35;"		UL35	31847	32415
LT934125.1	Liftoff	exon	31690	32415	.	+	.	"transcript_id=UL35-L3;Name=UL35-L3;ID=UL35-L3;gene_id=UL35;ORF_id=UL35;"		UL35	31690	32415
LT934125.1	Liftoff	transcript	31690	32415	.	+	.	"transcript_id=UL35-L3;Name=UL35-L3;ID=UL35-L3;gene_id=UL35;ORF_id=UL35;"		UL35	31690	32415
LT934125.1	Liftoff	exon	31474	32415	.	+	.	"transcript_id=UL35-L4;Name=UL35-L4;ID=UL35-L4;gene_id=UL35;ORF_id=UL35;"		UL35	31474	32415
LT934125.1	Liftoff	transcript	31474	32415	.	+	.	"transcript_id=UL35-L4;Name=UL35-L4;ID=UL35-L4;gene_id=UL35;ORF_id=UL35;"		UL35	31474	32415
LT934125.1	Liftoff	exon	31410	32415	.	+	.	"transcript_id=UL35-L5;Name=UL35-L5;ID=UL35-L5;gene_id=UL35;ORF_id=UL35;"		UL35	31410	32415
LT934125.1	Liftoff	transcript	31410	32415	.	+	.	"transcript_id=UL35-L5;Name=UL35-L5;ID=UL35-L5;gene_id=UL35;ORF_id=UL35;"		UL35	31410	32415
LT934125.1	Liftoff	exon	31349	32415	.	+	.	"transcript_id=UL35-L6;Name=UL35-L6;ID=UL35-L6;gene_id=UL35;ORF_id=UL35;"		UL35	31349	32415
LT934125.1	Liftoff	transcript	31349	32415	.	+	.	"transcript_id=UL35-L6;Name=UL35-L6;ID=UL35-L6;gene_id=UL35;ORF_id=UL35;"		UL35	31349	32415
LT934125.1	Liftoff	exon	32686	33356	.	-	.	"transcript_id=UL36.38;Name=UL36.38;ID=UL36.38;gene_id=UL36;ORF_id=UL36.38;"		UL36	33356	32686
LT934125.1	Liftoff	transcript	32686	33356	.	-	.	"transcript_id=UL36.38;Name=UL36.38;ID=UL36.38;gene_id=UL36;ORF_id=UL36.38;"		UL36	33356	32686
LT934125.1	Liftoff	exon	32686	33242	.	-	.	"transcript_id=UL36.38-S;Name=UL36.38-S;ID=UL36.38-S;gene_id=UL36;ORF_id=UL36.38;"		UL36	33242	32686
LT934125.1	Liftoff	transcript	32686	33242	.	-	.	"transcript_id=UL36.38-S;Name=UL36.38-S;ID=UL36.38-S;gene_id=UL36;ORF_id=UL36.38;"		UL36	33242	32686
LT934125.1	Liftoff	exon	32686	33215	.	-	.	"transcript_id=UL36.40;Name=UL36.40;ID=UL36.40;gene_id=UL36;ORF_id=UL36.40;"		UL36	33215	32686
LT934125.1	Liftoff	transcript	32686	33215	.	-	.	"transcript_id=UL36.40;Name=UL36.40;ID=UL36.40;gene_id=UL36;ORF_id=UL36.40;"		UL36	33215	32686
LT934125.1	Liftoff	exon	32686	33035	.	-	.	"transcript_id=UL36.40-S;Name=UL36.40-S;ID=UL36.40-S;gene_id=UL36;ORF_id=UL36.40;"		UL36	33035	32686
LT934125.1	Liftoff	transcript	32686	33035	.	-	.	"transcript_id=UL36.40-S;Name=UL36.40-S;ID=UL36.40-S;gene_id=UL36;ORF_id=UL36.40;"		UL36	33035	32686
LT934125.1	Liftoff	exon	32686	32935	.	-	.	"transcript_id=UL36.40-S2;Name=UL36.40-S2;ID=UL36.40-S2;gene_id=UL36;ORF_id=UL36.40;"		UL36	32935	32686
LT934125.1	Liftoff	transcript	32686	32935	.	-	.	"transcript_id=UL36.40-S2;Name=UL36.40-S2;ID=UL36.40-S2;gene_id=UL36;ORF_id=UL36.40;"		UL36	32935	32686
LT934125.1	Liftoff	exon	32686	34532	.	-	.	"transcript_id=UL36.43;Name=UL36.43;ID=UL36.43;gene_id=UL36;ORF_id=UL36.43;"		UL36	34532	32686
LT934125.1	Liftoff	transcript	32686	34532	.	-	.	"transcript_id=UL36.43;Name=UL36.43;ID=UL36.43;gene_id=UL36;ORF_id=UL36.43;"		UL36	34532	32686
LT934125.1	Liftoff	exon	32686	34330	.	-	.	"transcript_id=UL36.43-S;Name=UL36.43-S;ID=UL36.43-S;gene_id=UL36;ORF_id=UL36.43;"		UL36	34330	32686
LT934125.1	Liftoff	transcript	32686	34330	.	-	.	"transcript_id=UL36.43-S;Name=UL36.43-S;ID=UL36.43-S;gene_id=UL36;ORF_id=UL36.43;"		UL36	34330	32686
LT934125.1	Liftoff	exon	32686	34474	.	-	.	"transcript_id=UL36.5;Name=UL36.5;ID=UL36.5;gene_id=UL36;ORF_id=UL36.5;"	canonic	UL36	34474	32686
LT934125.1	Liftoff	transcript	32686	34474	.	-	.	"transcript_id=UL36.5;Name=UL36.5;ID=UL36.5;gene_id=UL36;ORF_id=UL36.5;"	canonic	UL36	34474	32686
LT934125.1	Liftoff	exon	32686	41995	.	-	.	"transcript_id=UL36-UL36.5;Name=UL36-UL36.5;ID=UL36-UL36.5;gene_id=UL36;ORF_id=UL36;"	canonic	UL36	41995	32686
LT934125.1	Liftoff	transcript	32686	41995	.	-	.	"transcript_id=UL36-UL36.5;Name=UL36-UL36.5;ID=UL36-UL36.5;gene_id=UL36;ORF_id=UL36;"	canonic	UL36	41995	32686
LT934125.1	Liftoff	exon	42005	44889	.	-	.	"transcript_id=UL37;Name=UL37;ID=UL37;gene_id=UL37;ORF_id=UL37;"	canonic	UL37	44889	42005
LT934125.1	Liftoff	transcript	42005	44889	.	-	.	"transcript_id=UL37;Name=UL37;ID=UL37;gene_id=UL37;ORF_id=UL37;"	canonic	UL37	44889	42005
LT934125.1	Liftoff	exon	42005	43351	.	-	.	"transcript_id=UL37.5;Name=UL37.5;ID=UL37.5;gene_id=UL37;ORF_id=UL37.5;"		UL37	43351	42005
LT934125.1	Liftoff	transcript	42005	43351	.	-	.	"transcript_id=UL37.5;Name=UL37.5;ID=UL37.5;gene_id=UL37;ORF_id=UL37.5;"		UL37	43351	42005
LT934125.1	Liftoff	exon	42005	43473	.	-	.	"transcript_id=UL37.5-S2;Name=UL37.5-S2;ID=UL37.5-S2;gene_id=UL37;ORF_id=UL37.5;"		UL37	43473	42005
LT934125.1	Liftoff	transcript	42005	43473	.	-	.	"transcript_id=UL37.5-S2;Name=UL37.5-S2;ID=UL37.5-S2;gene_id=UL37;ORF_id=UL37.5;"		UL37	43473	42005
LT934125.1	Liftoff	exon	42005	44067	.	-	.	"transcript_id=UL37.6;Name=UL37.6;ID=UL37.6;gene_id=UL37;ORF_id=UL37.6;"		UL37	44067	42005
LT934125.1	Liftoff	transcript	42005	44067	.	-	.	"transcript_id=UL37.6;Name=UL37.6;ID=UL37.6;gene_id=UL37;ORF_id=UL37.6;"		UL37	44067	42005
LT934125.1	Liftoff	exon	42005	43628	.	-	.	"transcript_id=UL37.6-S;Name=UL37.6-S;ID=UL37.6-S;gene_id=UL37;ORF_id=UL37.6;"		UL37	43628	42005
LT934125.1	Liftoff	transcript	42005	43628	.	-	.	"transcript_id=UL37.6-S;Name=UL37.6-S;ID=UL37.6-S;gene_id=UL37;ORF_id=UL37.6;"		UL37	43628	42005
LT934125.1	Liftoff	exon	42005	43545	.	-	.	"transcript_id=UL37.6-S2;Name=UL37.6-S2;ID=UL37.6-S2;gene_id=UL37;ORF_id=UL37.6;"		UL37	43545	42005
LT934125.1	Liftoff	transcript	42005	43545	.	-	.	"transcript_id=UL37.6-S2;Name=UL37.6-S2;ID=UL37.6-S2;gene_id=UL37;ORF_id=UL37.6;"		UL37	43545	42005
LT934125.1	Liftoff	exon	32686	44889	.	-	.	"transcript_id=UL37-36;Name=UL37-36;ID=UL37-36;gene_id=UL37;ORF_id=UL37;"	canonic	UL37	44889	32686
LT934125.1	Liftoff	transcript	32686	44889	.	-	.	"transcript_id=UL37-36;Name=UL37-36;ID=UL37-36;gene_id=UL37;ORF_id=UL37;"	canonic	UL37	44889	32686
LT934125.1	Liftoff	exon	39430	46038	.	+	.	"transcript_id=UL37-38;Name=UL37-38;ID=UL37-38;gene_id=UL38;ORF_id=UL38;"		UL38	39430	46038
LT934125.1	Liftoff	transcript	39430	46038	.	+	.	"transcript_id=UL37-38;Name=UL37-38;ID=UL37-38;gene_id=UL38;ORF_id=UL38;"		UL38	39430	46038
LT934125.1	Liftoff	exon	44812	46038	.	+	.	"transcript_id=UL38;Name=UL38;ID=UL38;gene_id=UL38;ORF_id=UL38;"	canonic	UL38	44812	46038
LT934125.1	Liftoff	transcript	44812	46038	.	+	.	"transcript_id=UL38;Name=UL38;ID=UL38;gene_id=UL38;ORF_id=UL38;"	canonic	UL38	44812	46038
LT934125.1	Liftoff	exon	44946	46038	.	+	.	"transcript_id=UL38.3;Name=UL38.3;ID=UL38.3;gene_id=UL38;ORF_id=UL38.3;"		UL38	44946	46038
LT934125.1	Liftoff	transcript	44946	46038	.	+	.	"transcript_id=UL38.3;Name=UL38.3;ID=UL38.3;gene_id=UL38;ORF_id=UL38.3;"		UL38	44946	46038
LT934125.1	Liftoff	exon	45302	46038	.	+	.	"transcript_id=UL38.4;Name=UL38.4;ID=UL38.4;gene_id=UL38;ORF_id=UL38.4;"		UL38	45302	46038
LT934125.1	Liftoff	transcript	45302	46038	.	+	.	"transcript_id=UL38.4;Name=UL38.4;ID=UL38.4;gene_id=UL38;ORF_id=UL38.4;"		UL38	45302	46038
LT934125.1	Liftoff	exon	45415	46038	.	+	.	"transcript_id=UL38.5;Name=UL38.5;ID=UL38.5;gene_id=UL38;ORF_id=UL38.5;"		UL38	45415	46038
LT934125.1	Liftoff	transcript	45415	46038	.	+	.	"transcript_id=UL38.5;Name=UL38.5;ID=UL38.5;gene_id=UL38;ORF_id=UL38.5;"		UL38	45415	46038
LT934125.1	Liftoff	exon	45445	46038	.	+	.	"transcript_id=UL38.6;Name=UL38.6;ID=UL38.6;gene_id=UL38;ORF_id=UL38.6;"		UL38	45445	46038
LT934125.1	Liftoff	transcript	45445	46038	.	+	.	"transcript_id=UL38.6;Name=UL38.6;ID=UL38.6;gene_id=UL38;ORF_id=UL38.6;"		UL38	45445	46038
LT934125.1	Liftoff	exon	45525	46038	.	+	.	"transcript_id=UL38.6-S;Name=UL38.6-S;ID=UL38.6-S;gene_id=UL38;ORF_id=UL38.6;"		UL38	45525	46038
LT934125.1	Liftoff	transcript	45525	46038	.	+	.	"transcript_id=UL38.6-S;Name=UL38.6-S;ID=UL38.6-S;gene_id=UL38;ORF_id=UL38.6;"		UL38	45525	46038
LT934125.1	Liftoff	exon	44812	49647	.	+	.	"transcript_id=UL38-39-40;Name=UL38-39-40;ID=UL38-39-40;gene_id=UL38;ORF_id=UL38;"	canonic	UL38	44812	49647
LT934125.1	Liftoff	transcript	44812	49647	.	+	.	"transcript_id=UL38-39-40;Name=UL38-39-40;ID=UL38-39-40;gene_id=UL38;ORF_id=UL38;"	canonic	UL38	44812	49647
LT934125.1	Liftoff	exon	46233	49647	.	+	.	"transcript_id=UL39-40;Name=UL39-40;ID=UL39-40;gene_id=UL39;ORF_id=UL39;"	canonic	UL39	46233	49647
LT934125.1	Liftoff	transcript	46233	49647	.	+	.	"transcript_id=UL39-40;Name=UL39-40;ID=UL39-40;gene_id=UL39;ORF_id=UL39;"	canonic	UL39	46233	49647
LT934125.1	Liftoff	exon	46026	49647	.	+	.	"transcript_id=UL39-40-L;Name=UL39-40-L;ID=UL39-40-L;gene_id=UL39;ORF_id=UL39;"		UL39	46026	49647
LT934125.1	Liftoff	transcript	46026	49647	.	+	.	"transcript_id=UL39-40-L;Name=UL39-40-L;ID=UL39-40-L;gene_id=UL39;ORF_id=UL39;"		UL39	46026	49647
LT934125.1	Liftoff	exon	45911	49647	.	+	.	"transcript_id=UL39L-40;Name=UL39L-40;ID=UL39L-40;gene_id=UL39;ORF_id=UL39;"		UL39	45911	49647
LT934125.1	Liftoff	transcript	45911	49647	.	+	.	"transcript_id=UL39L-40;Name=UL39L-40;ID=UL39L-40;gene_id=UL39;ORF_id=UL39;"		UL39	45911	49647
LT934125.1	Liftoff	exon	92069	94108	.	-	.	"transcript_id=UL3L2-3.5;Name=UL3L2-3.5;ID=UL3L2-3.5;gene_id=UL3;ORF_id=UL3;"		UL3	94108	92069
LT934125.1	Liftoff	transcript	92069	94108	.	-	.	"transcript_id=UL3L2-3.5;Name=UL3L2-3.5;ID=UL3L2-3.5;gene_id=UL3;ORF_id=UL3;"		UL3	94108	92069
LT934125.1	Liftoff	exon	92069	93980	.	-	.	"transcript_id=UL3L-3.5;Name=UL3L-3.5;ID=UL3L-3.5;gene_id=UL3;ORF_id=UL3;"		UL3	93980	92069
LT934125.1	Liftoff	transcript	92069	93980	.	-	.	"transcript_id=UL3L-3.5;Name=UL3L-3.5;ID=UL3L-3.5;gene_id=UL3;ORF_id=UL3;"		UL3	93980	92069
LT934125.1	Liftoff	exon	91409	92059	.	+	.	"transcript_id=UL4;Name=UL4;ID=UL4;gene_id=UL4;ORF_id=UL4;"	canonic	UL4	91409	92059
LT934125.1	Liftoff	transcript	91409	92059	.	+	.	"transcript_id=UL4;Name=UL4;ID=UL4;gene_id=UL4;ORF_id=UL4;"	canonic	UL4	91409	92059
LT934125.1	Liftoff	exon	91548	92059	.	+	.	"transcript_id=UL4.2;Name=UL4.2;ID=UL4.2;gene_id=UL4;ORF_id=UL4.2;"		UL4	91548	92059
LT934125.1	Liftoff	transcript	91548	92059	.	+	.	"transcript_id=UL4.2;Name=UL4.2;ID=UL4.2;gene_id=UL4;ORF_id=UL4.2;"		UL4	91548	92059
LT934125.1	Liftoff	exon	48567	49647	.	+	.	"transcript_id=UL40;Name=UL40;ID=UL40;gene_id=UL40;ORF_id=UL40;"	canonic	UL40	48567	49647
LT934125.1	Liftoff	transcript	48567	49647	.	+	.	"transcript_id=UL40;Name=UL40;ID=UL40;gene_id=UL40;ORF_id=UL40;"	canonic	UL40	48567	49647
LT934125.1	Liftoff	exon	48691	49647	.	+	.	"transcript_id=UL40.2;Name=UL40.2;ID=UL40.2;gene_id=UL40;ORF_id=UL40.2;"		UL40	48691	49647
LT934125.1	Liftoff	transcript	48691	49647	.	+	.	"transcript_id=UL40.2;Name=UL40.2;ID=UL40.2;gene_id=UL40;ORF_id=UL40.2;"		UL40	48691	49647
LT934125.1	Liftoff	exon	48726	49647	.	+	.	"transcript_id=UL40.3;Name=UL40.3;ID=UL40.3;gene_id=UL40;ORF_id=UL40.3;"		UL40	48726	49647
LT934125.1	Liftoff	transcript	48726	49647	.	+	.	"transcript_id=UL40.3;Name=UL40.3;ID=UL40.3;gene_id=UL40;ORF_id=UL40.3;"		UL40	48726	49647
LT934125.1	Liftoff	exon	48803	49647	.	+	.	"transcript_id=UL40.3-S;Name=UL40.3-S;ID=UL40.3-S;gene_id=UL40;ORF_id=UL40.3;"		UL40	48803	49647
LT934125.1	Liftoff	transcript	48803	49647	.	+	.	"transcript_id=UL40.3-S;Name=UL40.3-S;ID=UL40.3-S;gene_id=UL40;ORF_id=UL40.3;"		UL40	48803	49647
LT934125.1	Liftoff	exon	48931	49647	.	+	.	"transcript_id=UL40.3-S2;Name=UL40.3-S2;ID=UL40.3-S2;gene_id=UL40;ORF_id=UL40.3;"		UL40	48931	49647
LT934125.1	Liftoff	transcript	48931	49647	.	+	.	"transcript_id=UL40.3-S2;Name=UL40.3-S2;ID=UL40.3-S2;gene_id=UL40;ORF_id=UL40.3;"		UL40	48931	49647
LT934125.1	Liftoff	exon	48957	49647	.	+	.	"transcript_id=UL40.3-S3;Name=UL40.3-S3;ID=UL40.3-S3;gene_id=UL40;ORF_id=UL40.3;"		UL40	48957	49647
LT934125.1	Liftoff	transcript	48957	49647	.	+	.	"transcript_id=UL40.3-S3;Name=UL40.3-S3;ID=UL40.3-S3;gene_id=UL40;ORF_id=UL40.3;"		UL40	48957	49647
LT934125.1	Liftoff	exon	49196	49647	.	+	.	"transcript_id=UL40.6;Name=UL40.6;ID=UL40.6;gene_id=UL40;ORF_id=UL40.6;"		UL40	49196	49647
LT934125.1	Liftoff	transcript	49196	49647	.	+	.	"transcript_id=UL40.6;Name=UL40.6;ID=UL40.6;gene_id=UL40;ORF_id=UL40.6;"		UL40	49196	49647
LT934125.1	Liftoff	exon	49263	49647	.	+	.	"transcript_id=UL40.6-S;Name=UL40.6-S;ID=UL40.6-S;gene_id=UL40;ORF_id=UL40.6;"		UL40	49263	49647
LT934125.1	Liftoff	transcript	49263	49647	.	+	.	"transcript_id=UL40.6-S;Name=UL40.6-S;ID=UL40.6-S;gene_id=UL40;ORF_id=UL40.6;"		UL40	49263	49647
LT934125.1	Liftoff	exon	48455	49647	.	+	.	"transcript_id=UL40-L1;Name=UL40-L1;ID=UL40-L1;gene_id=UL40;ORF_id=UL40;"		UL40	48455	49647
LT934125.1	Liftoff	transcript	48455	49647	.	+	.	"transcript_id=UL40-L1;Name=UL40-L1;ID=UL40-L1;gene_id=UL40;ORF_id=UL40;"		UL40	48455	49647
LT934125.1	Liftoff	exon	47642	49647	.	+	.	"transcript_id=UL40-L10;Name=UL40-L10;ID=UL40-L10;gene_id=UL40;ORF_id=UL40;"		UL40	47642	49647
LT934125.1	Liftoff	transcript	47642	49647	.	+	.	"transcript_id=UL40-L10;Name=UL40-L10;ID=UL40-L10;gene_id=UL40;ORF_id=UL40;"		UL40	47642	49647
LT934125.1	Liftoff	exon	47628	49647	.	+	.	"transcript_id=UL40-L11;Name=UL40-L11;ID=UL40-L11;gene_id=UL40;ORF_id=UL40;"		UL40	47628	49647
LT934125.1	Liftoff	transcript	47628	49647	.	+	.	"transcript_id=UL40-L11;Name=UL40-L11;ID=UL40-L11;gene_id=UL40;ORF_id=UL40;"		UL40	47628	49647
LT934125.1	Liftoff	exon	47567	49647	.	+	.	"transcript_id=UL40-L12;Name=UL40-L12;ID=UL40-L12;gene_id=UL40;ORF_id=UL40;"		UL40	47567	49647
LT934125.1	Liftoff	transcript	47567	49647	.	+	.	"transcript_id=UL40-L12;Name=UL40-L12;ID=UL40-L12;gene_id=UL40;ORF_id=UL40;"		UL40	47567	49647
LT934125.1	Liftoff	exon	47521	49647	.	+	.	"transcript_id=UL40-L13;Name=UL40-L13;ID=UL40-L13;gene_id=UL40;ORF_id=UL40;"		UL40	47521	49647
LT934125.1	Liftoff	transcript	47521	49647	.	+	.	"transcript_id=UL40-L13;Name=UL40-L13;ID=UL40-L13;gene_id=UL40;ORF_id=UL40;"		UL40	47521	49647
LT934125.1	Liftoff	exon	47486	49647	.	+	.	"transcript_id=UL40-L14;Name=UL40-L14;ID=UL40-L14;gene_id=UL40;ORF_id=UL40;"		UL40	47486	49647
LT934125.1	Liftoff	transcript	47486	49647	.	+	.	"transcript_id=UL40-L14;Name=UL40-L14;ID=UL40-L14;gene_id=UL40;ORF_id=UL40;"		UL40	47486	49647
LT934125.1	Liftoff	exon	47411	49647	.	+	.	"transcript_id=UL40-L15;Name=UL40-L15;ID=UL40-L15;gene_id=UL40;ORF_id=UL40;"		UL40	47411	49647
LT934125.1	Liftoff	transcript	47411	49647	.	+	.	"transcript_id=UL40-L15;Name=UL40-L15;ID=UL40-L15;gene_id=UL40;ORF_id=UL40;"		UL40	47411	49647
LT934125.1	Liftoff	exon	47315	49647	.	+	.	"transcript_id=UL40-L16;Name=UL40-L16;ID=UL40-L16;gene_id=UL40;ORF_id=UL40;"		UL40	47315	49647
LT934125.1	Liftoff	transcript	47315	49647	.	+	.	"transcript_id=UL40-L16;Name=UL40-L16;ID=UL40-L16;gene_id=UL40;ORF_id=UL40;"		UL40	47315	49647
LT934125.1	Liftoff	exon	47288	49647	.	+	.	"transcript_id=UL40-L17;Name=UL40-L17;ID=UL40-L17;gene_id=UL40;ORF_id=UL40;"		UL40	47288	49647
LT934125.1	Liftoff	transcript	47288	49647	.	+	.	"transcript_id=UL40-L17;Name=UL40-L17;ID=UL40-L17;gene_id=UL40;ORF_id=UL40;"		UL40	47288	49647
LT934125.1	Liftoff	exon	47203	49647	.	+	.	"transcript_id=UL40-L18;Name=UL40-L18;ID=UL40-L18;gene_id=UL40;ORF_id=UL40;"		UL40	47203	49647
LT934125.1	Liftoff	transcript	47203	49647	.	+	.	"transcript_id=UL40-L18;Name=UL40-L18;ID=UL40-L18;gene_id=UL40;ORF_id=UL40;"		UL40	47203	49647
LT934125.1	Liftoff	exon	47188	49647	.	+	.	"transcript_id=UL40-L19;Name=UL40-L19;ID=UL40-L19;gene_id=UL40;ORF_id=UL40;"		UL40	47188	49647
LT934125.1	Liftoff	transcript	47188	49647	.	+	.	"transcript_id=UL40-L19;Name=UL40-L19;ID=UL40-L19;gene_id=UL40;ORF_id=UL40;"		UL40	47188	49647
LT934125.1	Liftoff	exon	48412	49647	.	+	.	"transcript_id=UL40-L2;Name=UL40-L2;ID=UL40-L2;gene_id=UL40;ORF_id=UL40;"		UL40	48412	49647
LT934125.1	Liftoff	transcript	48412	49647	.	+	.	"transcript_id=UL40-L2;Name=UL40-L2;ID=UL40-L2;gene_id=UL40;ORF_id=UL40;"		UL40	48412	49647
LT934125.1	Liftoff	exon	47168	49647	.	+	.	"transcript_id=UL40-L20;Name=UL40-L20;ID=UL40-L20;gene_id=UL40;ORF_id=UL40;"		UL40	47168	49647
LT934125.1	Liftoff	transcript	47168	49647	.	+	.	"transcript_id=UL40-L20;Name=UL40-L20;ID=UL40-L20;gene_id=UL40;ORF_id=UL40;"		UL40	47168	49647
LT934125.1	Liftoff	exon	46754	49647	.	+	.	"transcript_id=UL40-L21;Name=UL40-L21;ID=UL40-L21;gene_id=UL40;ORF_id=UL40;"		UL40	46754	49647
LT934125.1	Liftoff	transcript	46754	49647	.	+	.	"transcript_id=UL40-L21;Name=UL40-L21;ID=UL40-L21;gene_id=UL40;ORF_id=UL40;"		UL40	46754	49647
LT934125.1	Liftoff	exon	46717	49647	.	+	.	"transcript_id=UL40-L22;Name=UL40-L22;ID=UL40-L22;gene_id=UL40;ORF_id=UL40;"		UL40	46717	49647
LT934125.1	Liftoff	transcript	46717	49647	.	+	.	"transcript_id=UL40-L22;Name=UL40-L22;ID=UL40-L22;gene_id=UL40;ORF_id=UL40;"		UL40	46717	49647
LT934125.1	Liftoff	exon	46489	49647	.	+	.	"transcript_id=UL40-L23;Name=UL40-L23;ID=UL40-L23;gene_id=UL40;ORF_id=UL40;"		UL40	46489	49647
LT934125.1	Liftoff	transcript	46489	49647	.	+	.	"transcript_id=UL40-L23;Name=UL40-L23;ID=UL40-L23;gene_id=UL40;ORF_id=UL40;"		UL40	46489	49647
LT934125.1	Liftoff	exon	48294	49647	.	+	.	"transcript_id=UL40-L3;Name=UL40-L3;ID=UL40-L3;gene_id=UL40;ORF_id=UL40;"		UL40	48294	49647
LT934125.1	Liftoff	transcript	48294	49647	.	+	.	"transcript_id=UL40-L3;Name=UL40-L3;ID=UL40-L3;gene_id=UL40;ORF_id=UL40;"		UL40	48294	49647
LT934125.1	Liftoff	exon	48069	49647	.	+	.	"transcript_id=UL40-L4;Name=UL40-L4;ID=UL40-L4;gene_id=UL40;ORF_id=UL40;"		UL40	48069	49647
LT934125.1	Liftoff	transcript	48069	49647	.	+	.	"transcript_id=UL40-L4;Name=UL40-L4;ID=UL40-L4;gene_id=UL40;ORF_id=UL40;"		UL40	48069	49647
LT934125.1	Liftoff	exon	47933	49647	.	+	.	"transcript_id=UL40-L5;Name=UL40-L5;ID=UL40-L5;gene_id=UL40;ORF_id=UL40;"		UL40	47933	49647
LT934125.1	Liftoff	transcript	47933	49647	.	+	.	"transcript_id=UL40-L5;Name=UL40-L5;ID=UL40-L5;gene_id=UL40;ORF_id=UL40;"		UL40	47933	49647
LT934125.1	Liftoff	exon	47872	49647	.	+	.	"transcript_id=UL40-L6;Name=UL40-L6;ID=UL40-L6;gene_id=UL40;ORF_id=UL40;"		UL40	47872	49647
LT934125.1	Liftoff	transcript	47872	49647	.	+	.	"transcript_id=UL40-L6;Name=UL40-L6;ID=UL40-L6;gene_id=UL40;ORF_id=UL40;"		UL40	47872	49647
LT934125.1	Liftoff	exon	47785	49647	.	+	.	"transcript_id=UL40-L7;Name=UL40-L7;ID=UL40-L7;gene_id=UL40;ORF_id=UL40;"		UL40	47785	49647
LT934125.1	Liftoff	transcript	47785	49647	.	+	.	"transcript_id=UL40-L7;Name=UL40-L7;ID=UL40-L7;gene_id=UL40;ORF_id=UL40;"		UL40	47785	49647
LT934125.1	Liftoff	exon	47699	49647	.	+	.	"transcript_id=UL40-L8;Name=UL40-L8;ID=UL40-L8;gene_id=UL40;ORF_id=UL40;"		UL40	47699	49647
LT934125.1	Liftoff	transcript	47699	49647	.	+	.	"transcript_id=UL40-L8;Name=UL40-L8;ID=UL40-L8;gene_id=UL40;ORF_id=UL40;"		UL40	47699	49647
LT934125.1	Liftoff	exon	47655	49647	.	+	.	"transcript_id=UL40-L9;Name=UL40-L9;ID=UL40-L9;gene_id=UL40;ORF_id=UL40;"		UL40	47655	49647
LT934125.1	Liftoff	transcript	47655	49647	.	+	.	"transcript_id=UL40-L9;Name=UL40-L9;ID=UL40-L9;gene_id=UL40;ORF_id=UL40;"		UL40	47655	49647
LT934125.1	Liftoff	exon	48505	49647	.	+	.	"transcript_id=UL40-S;Name=UL40-S;ID=UL40-S;gene_id=UL40;ORF_id=UL40;"		UL40	48505	49647
LT934125.1	Liftoff	transcript	48505	49647	.	+	.	"transcript_id=UL40-S;Name=UL40-S;ID=UL40-S;gene_id=UL40;ORF_id=UL40;"		UL40	48505	49647
LT934125.1	Liftoff	exon	50041	51147	.	-	.	"transcript_id=UL41;Name=UL41;ID=UL41;gene_id=UL41;ORF_id=UL41;"	canonic	UL41	51147	50041
LT934125.1	Liftoff	transcript	50041	51147	.	-	.	"transcript_id=UL41;Name=UL41;ID=UL41;gene_id=UL41;ORF_id=UL41;"	canonic	UL41	51147	50041
LT934125.1	Liftoff	exon	50041	50592	.	-	.	"transcript_id=UL41.11;Name=UL41.11;ID=UL41.11;gene_id=UL41;ORF_id=UL41.11;"		UL41	50592	50041
LT934125.1	Liftoff	transcript	50041	50592	.	-	.	"transcript_id=UL41.11;Name=UL41.11;ID=UL41.11;gene_id=UL41;ORF_id=UL41.11;"		UL41	50592	50041
LT934125.1	Liftoff	exon	50041	51094	.	-	.	"transcript_id=UL41.2;Name=UL41.2;ID=UL41.2;gene_id=UL41;ORF_id=UL41.2;"		UL41	51094	50041
LT934125.1	Liftoff	transcript	50041	51094	.	-	.	"transcript_id=UL41.2;Name=UL41.2;ID=UL41.2;gene_id=UL41;ORF_id=UL41.2;"		UL41	51094	50041
LT934125.1	Liftoff	exon	50041	50986	.	-	.	"transcript_id=UL41.4;Name=UL41.4;ID=UL41.4;gene_id=UL41;ORF_id=UL41.4;"		UL41	50986	50041
LT934125.1	Liftoff	transcript	50041	50986	.	-	.	"transcript_id=UL41.4;Name=UL41.4;ID=UL41.4;gene_id=UL41;ORF_id=UL41.4;"		UL41	50986	50041
LT934125.1	Liftoff	exon	50041	50820	.	-	.	"transcript_id=UL41.7;Name=UL41.7;ID=UL41.7;gene_id=UL41;ORF_id=UL41.7;"		UL41	50820	50041
LT934125.1	Liftoff	transcript	50041	50820	.	-	.	"transcript_id=UL41.7;Name=UL41.7;ID=UL41.7;gene_id=UL41;ORF_id=UL41.7;"		UL41	50820	50041
LT934125.1	Liftoff	exon	50041	50641	.	-	.	"transcript_id=UL41.9;Name=UL41.9;ID=UL41.9;gene_id=UL41;ORF_id=UL41.9;"		UL41	50641	50041
LT934125.1	Liftoff	transcript	50041	50641	.	-	.	"transcript_id=UL41.9;Name=UL41.9;ID=UL41.9;gene_id=UL41;ORF_id=UL41.9;"		UL41	50641	50041
LT934125.1	Liftoff	exon	49894	52437	.	+	.	"transcript_id=UL41-42;Name=UL41-42;ID=UL41-42;gene_id=UL42;ORF_id=UL42;"		UL42	49894	52434
LT934125.1	Liftoff	transcript	49894	52437	.	+	.	"transcript_id=UL41-42;Name=UL41-42;ID=UL41-42;gene_id=UL42;ORF_id=UL42;"		UL42	49894	52434
LT934125.1	Liftoff	exon	51235	52437	.	+	.	"transcript_id=UL42;Name=UL42;ID=UL42;gene_id=UL42;ORF_id=UL42;"	canonic	UL42	51235	52437
LT934125.1	Liftoff	transcript	51235	52437	.	+	.	"transcript_id=UL42;Name=UL42;ID=UL42;gene_id=UL42;ORF_id=UL42;"	canonic	UL42	51235	52437
LT934125.1	Liftoff	exon	51495	52437	.	+	.	"transcript_id=UL42.3;Name=UL42.3;ID=UL42.3;gene_id=UL42;ORF_id=UL42.3;"		UL42	51495	52437
LT934125.1	Liftoff	transcript	51495	52437	.	+	.	"transcript_id=UL42.3;Name=UL42.3;ID=UL42.3;gene_id=UL42;ORF_id=UL42.3;"		UL42	51495	52437
LT934125.1	Liftoff	exon	52121	52437	.	+	.	"transcript_id=UL42.5;Name=UL42.5;ID=UL42.5;gene_id=UL42;ORF_id=UL42.5;"		UL42	52121	52437
LT934125.1	Liftoff	transcript	52121	52437	.	+	.	"transcript_id=UL42.5;Name=UL42.5;ID=UL42.5;gene_id=UL42;ORF_id=UL42.5;"		UL42	52121	52437
LT934125.1	Liftoff	exon	52306	52437	.	+	.	"transcript_id=UL42.5-S;Name=UL42.5-S;ID=UL42.5-S;gene_id=UL42;ORF_id=UL42.5;"		UL42	52306	52437
LT934125.1	Liftoff	transcript	52306	52437	.	+	.	"transcript_id=UL42.5-S;Name=UL42.5-S;ID=UL42.5-S;gene_id=UL42;ORF_id=UL42.5;"		UL42	52306	52437
LT934125.1	Liftoff	exon	51235	55161	.	+	.	"transcript_id=UL42-43-44;Name=UL42-43-44;ID=UL42-43-44;gene_id=UL42;ORF_id=UL42;"	canonic	UL42	51235	55161
LT934125.1	Liftoff	transcript	51235	55161	.	+	.	"transcript_id=UL42-43-44;Name=UL42-43-44;ID=UL42-43-44;gene_id=UL42;ORF_id=UL42;"	canonic	UL42	51235	55161
LT934125.1	Liftoff	exon	50133	53594	.	+	.	"transcript_id=UL42-43-L;Name=UL42-43-L;ID=UL42-43-L;gene_id=UL42;ORF_id=UL42;"		UL42	50133	53594
LT934125.1	Liftoff	transcript	50133	53594	.	+	.	"transcript_id=UL42-43-L;Name=UL42-43-L;ID=UL42-43-L;gene_id=UL42;ORF_id=UL42;"		UL42	50133	53594
LT934125.1	Liftoff	exon	51148	52437	.	+	.	"transcript_id=UL42-L1;Name=UL42-L1;ID=UL42-L1;gene_id=UL42;ORF_id=UL42;"		UL42	51148	52437
LT934125.1	Liftoff	transcript	51148	52437	.	+	.	"transcript_id=UL42-L1;Name=UL42-L1;ID=UL42-L1;gene_id=UL42;ORF_id=UL42;"		UL42	51148	52437
LT934125.1	Liftoff	exon	51148	53594	.	+	.	"transcript_id=UL42L-43;Name=UL42L-43;ID=UL42L-43;gene_id=UL42;ORF_id=UL42;"		UL42	51148	53594
LT934125.1	Liftoff	transcript	51148	53594	.	+	.	"transcript_id=UL42L-43;Name=UL42L-43;ID=UL42L-43;gene_id=UL42;ORF_id=UL42;"		UL42	51148	53594
LT934125.1	Liftoff	exon	51148	55161	.	+	.	"transcript_id=UL42L-43-44;Name=UL42L-43-44;ID=UL42L-43-44;gene_id=UL42;ORF_id=UL42;"		UL42	51148	55161
LT934125.1	Liftoff	transcript	51148	55161	.	+	.	"transcript_id=UL42L-43-44;Name=UL42L-43-44;ID=UL42L-43-44;gene_id=UL42;ORF_id=UL42;"		UL42	51148	55161
LT934125.1	Liftoff	exon	52444	53594	.	+	.	"transcript_id=UL43;Name=UL43;ID=UL43;gene_id=UL43;ORF_id=UL43;"	canonic	UL43	52444	53594
LT934125.1	Liftoff	transcript	52444	53594	.	+	.	"transcript_id=UL43;Name=UL43;ID=UL43;gene_id=UL43;ORF_id=UL43;"	canonic	UL43	52444	53594
LT934125.1	Liftoff	exon	53421	53594	.	+	.	"transcript_id=UL43.13;Name=UL43.13;ID=UL43.13;gene_id=UL43;ORF_id=UL43.13;"		UL43	53421	53594
LT934125.1	Liftoff	transcript	53421	53594	.	+	.	"transcript_id=UL43.13;Name=UL43.13;ID=UL43.13;gene_id=UL43;ORF_id=UL43.13;"		UL43	53421	53594
LT934125.1	Liftoff	exon	52649	53594	.	+	.	"transcript_id=UL43.6;Name=UL43.6;ID=UL43.6;gene_id=UL43;ORF_id=UL43.6;"		UL43	52649	53594
LT934125.1	Liftoff	transcript	52649	53594	.	+	.	"transcript_id=UL43.6;Name=UL43.6;ID=UL43.6;gene_id=UL43;ORF_id=UL43.6;"		UL43	52649	53594
LT934125.1	Liftoff	exon	52789	53594	.	+	.	"transcript_id=UL43.9;Name=UL43.9;ID=UL43.9;gene_id=UL43;ORF_id=UL43.9;"		UL43	52789	53594
LT934125.1	Liftoff	transcript	52789	53594	.	+	.	"transcript_id=UL43.9;Name=UL43.9;ID=UL43.9;gene_id=UL43;ORF_id=UL43.9;"		UL43	52789	53594
LT934125.1	Liftoff	exon	52806	53594	.	+	.	"transcript_id=UL43.9-S;Name=UL43.9-S;ID=UL43.9-S;gene_id=UL43;ORF_id=UL43.9;"		UL43	52806	53594
LT934125.1	Liftoff	transcript	52806	53594	.	+	.	"transcript_id=UL43.9-S;Name=UL43.9-S;ID=UL43.9-S;gene_id=UL43;ORF_id=UL43.9;"		UL43	52806	53594
LT934125.1	Liftoff	exon	52460	55161	.	+	.	"transcript_id=UL43-44;Name=UL43-44;ID=UL43-44;gene_id=UL43;ORF_id=UL43;"	canonic	UL43	52460	55161
LT934125.1	Liftoff	transcript	52460	55161	.	+	.	"transcript_id=UL43-44;Name=UL43-44;ID=UL43-44;gene_id=UL43;ORF_id=UL43;"	canonic	UL43	52460	55161
LT934125.1	Liftoff	exon	52306	53594	.	+	.	"transcript_id=UL43-L;Name=UL43-L;ID=UL43-L;gene_id=UL43;ORF_id=UL43;"		UL43	52306	53594
LT934125.1	Liftoff	transcript	52306	53594	.	+	.	"transcript_id=UL43-L;Name=UL43-L;ID=UL43-L;gene_id=UL43;ORF_id=UL43;"		UL43	52306	53594
LT934125.1	Liftoff	exon	52121	53594	.	+	.	"transcript_id=UL43-L2;Name=UL43-L2;ID=UL43-L2;gene_id=UL43;ORF_id=UL43;"		UL43	52121	53594
LT934125.1	Liftoff	transcript	52121	53594	.	+	.	"transcript_id=UL43-L2;Name=UL43-L2;ID=UL43-L2;gene_id=UL43;ORF_id=UL43;"		UL43	52121	53594
LT934125.1	Liftoff	exon	51495	53594	.	+	.	"transcript_id=UL43-L3;Name=UL43-L3;ID=UL43-L3;gene_id=UL43;ORF_id=UL43;"		UL43	51495	53594
LT934125.1	Liftoff	transcript	51495	53594	.	+	.	"transcript_id=UL43-L3;Name=UL43-L3;ID=UL43-L3;gene_id=UL43;ORF_id=UL43;"		UL43	51495	53594
LT934125.1	Liftoff	exon	52460	53594	.	+	.	"transcript_id=UL43-S;Name=UL43-S;ID=UL43-S;gene_id=UL43;ORF_id=UL43;"		UL43	52460	53594
LT934125.1	Liftoff	transcript	52460	53594	.	+	.	"transcript_id=UL43-S;Name=UL43-S;ID=UL43-S;gene_id=UL43;ORF_id=UL43;"		UL43	52460	53594
LT934125.1	Liftoff	exon	53648	55161	.	+	.	"transcript_id=UL44;Name=UL44;ID=UL44;gene_id=UL44;ORF_id=UL44;"	canonic	UL44	53648	55161
LT934125.1	Liftoff	transcript	53648	55161	.	+	.	"transcript_id=UL44;Name=UL44;ID=UL44;gene_id=UL44;ORF_id=UL44;"	canonic	UL44	53648	55161
LT934125.1	Liftoff	exon	53736	55161	.	+	.	"transcript_id=UL44.4;Name=UL44.4;ID=UL44.4;gene_id=UL44;ORF_id=UL44.4;"		UL44	53736	55161
LT934125.1	Liftoff	transcript	53736	55161	.	+	.	"transcript_id=UL44.4;Name=UL44.4;ID=UL44.4;gene_id=UL44;ORF_id=UL44.4;"		UL44	53736	55161
LT934125.1	Liftoff	exon	53863	55161	.	+	.	"transcript_id=UL44.4-S;Name=UL44.4-S;ID=UL44.4-S;gene_id=UL44;ORF_id=UL44.4;"		UL44	53863	55161
LT934125.1	Liftoff	transcript	53863	55161	.	+	.	"transcript_id=UL44.4-S;Name=UL44.4-S;ID=UL44.4-S;gene_id=UL44;ORF_id=UL44.4;"		UL44	53863	55161
LT934125.1	Liftoff	exon	54290	55161	.	+	.	"transcript_id=UL44.4-S10;Name=UL44.4-S10;ID=UL44.4-S10;gene_id=UL44;ORF_id=UL44.4;"		UL44	54290	55161
LT934125.1	Liftoff	transcript	54290	55161	.	+	.	"transcript_id=UL44.4-S10;Name=UL44.4-S10;ID=UL44.4-S10;gene_id=UL44;ORF_id=UL44.4;"		UL44	54290	55161
LT934125.1	Liftoff	exon	54306	55161	.	+	.	"transcript_id=UL44.4-S11;Name=UL44.4-S11;ID=UL44.4-S11;gene_id=UL44;ORF_id=UL44.4;"		UL44	54306	55161
LT934125.1	Liftoff	transcript	54306	55161	.	+	.	"transcript_id=UL44.4-S11;Name=UL44.4-S11;ID=UL44.4-S11;gene_id=UL44;ORF_id=UL44.4;"		UL44	54306	55161
LT934125.1	Liftoff	exon	54337	55161	.	+	.	"transcript_id=UL44.4-S12;Name=UL44.4-S12;ID=UL44.4-S12;gene_id=UL44;ORF_id=UL44.4;"		UL44	54337	55161
LT934125.1	Liftoff	transcript	54337	55161	.	+	.	"transcript_id=UL44.4-S12;Name=UL44.4-S12;ID=UL44.4-S12;gene_id=UL44;ORF_id=UL44.4;"		UL44	54337	55161
LT934125.1	Liftoff	exon	54366	55161	.	+	.	"transcript_id=UL44.4-S13;Name=UL44.4-S13;ID=UL44.4-S13;gene_id=UL44;ORF_id=UL44.4;"		UL44	54366	55161
LT934125.1	Liftoff	transcript	54366	55161	.	+	.	"transcript_id=UL44.4-S13;Name=UL44.4-S13;ID=UL44.4-S13;gene_id=UL44;ORF_id=UL44.4;"		UL44	54366	55161
LT934125.1	Liftoff	exon	54421	55161	.	+	.	"transcript_id=UL44.4-S14;Name=UL44.4-S14;ID=UL44.4-S14;gene_id=UL44;ORF_id=UL44.4;"		UL44	54421	55161
LT934125.1	Liftoff	transcript	54421	55161	.	+	.	"transcript_id=UL44.4-S14;Name=UL44.4-S14;ID=UL44.4-S14;gene_id=UL44;ORF_id=UL44.4;"		UL44	54421	55161
LT934125.1	Liftoff	exon	54454	55161	.	+	.	"transcript_id=UL44.4-S15;Name=UL44.4-S15;ID=UL44.4-S15;gene_id=UL44;ORF_id=UL44.4;"		UL44	54454	55161
LT934125.1	Liftoff	transcript	54454	55161	.	+	.	"transcript_id=UL44.4-S15;Name=UL44.4-S15;ID=UL44.4-S15;gene_id=UL44;ORF_id=UL44.4;"		UL44	54454	55161
LT934125.1	Liftoff	exon	54475	55161	.	+	.	"transcript_id=UL44.4-S16;Name=UL44.4-S16;ID=UL44.4-S16;gene_id=UL44;ORF_id=UL44.4;"		UL44	54475	55161
LT934125.1	Liftoff	transcript	54475	55161	.	+	.	"transcript_id=UL44.4-S16;Name=UL44.4-S16;ID=UL44.4-S16;gene_id=UL44;ORF_id=UL44.4;"		UL44	54475	55161
LT934125.1	Liftoff	exon	54497	55161	.	+	.	"transcript_id=UL44.4-S17;Name=UL44.4-S17;ID=UL44.4-S17;gene_id=UL44;ORF_id=UL44.4;"		UL44	54497	55161
LT934125.1	Liftoff	transcript	54497	55161	.	+	.	"transcript_id=UL44.4-S17;Name=UL44.4-S17;ID=UL44.4-S17;gene_id=UL44;ORF_id=UL44.4;"		UL44	54497	55161
LT934125.1	Liftoff	exon	54519	55161	.	+	.	"transcript_id=UL44.4-S18;Name=UL44.4-S18;ID=UL44.4-S18;gene_id=UL44;ORF_id=UL44.4;"		UL44	54519	55161
LT934125.1	Liftoff	transcript	54519	55161	.	+	.	"transcript_id=UL44.4-S18;Name=UL44.4-S18;ID=UL44.4-S18;gene_id=UL44;ORF_id=UL44.4;"		UL44	54519	55161
LT934125.1	Liftoff	exon	54561	55161	.	+	.	"transcript_id=UL44.4-S19;Name=UL44.4-S19;ID=UL44.4-S19;gene_id=UL44;ORF_id=UL44.4;"		UL44	54561	55161
LT934125.1	Liftoff	transcript	54561	55161	.	+	.	"transcript_id=UL44.4-S19;Name=UL44.4-S19;ID=UL44.4-S19;gene_id=UL44;ORF_id=UL44.4;"		UL44	54561	55161
LT934125.1	Liftoff	exon	53910	55161	.	+	.	"transcript_id=UL44.4-S2;Name=UL44.4-S2;ID=UL44.4-S2;gene_id=UL44;ORF_id=UL44.4;"		UL44	53910	55161
LT934125.1	Liftoff	transcript	53910	55161	.	+	.	"transcript_id=UL44.4-S2;Name=UL44.4-S2;ID=UL44.4-S2;gene_id=UL44;ORF_id=UL44.4;"		UL44	53910	55161
LT934125.1	Liftoff	exon	54723	55161	.	+	.	"transcript_id=UL44.4-S20;Name=UL44.4-S20;ID=UL44.4-S20;gene_id=UL44;ORF_id=UL44.4;"		UL44	54723	55161
LT934125.1	Liftoff	transcript	54723	55161	.	+	.	"transcript_id=UL44.4-S20;Name=UL44.4-S20;ID=UL44.4-S20;gene_id=UL44;ORF_id=UL44.4;"		UL44	54723	55161
LT934125.1	Liftoff	exon	54834	55161	.	+	.	"transcript_id=UL44.4-S21;Name=UL44.4-S21;ID=UL44.4-S21;gene_id=UL44;ORF_id=UL44.4;"		UL44	54834	55161
LT934125.1	Liftoff	transcript	54834	55161	.	+	.	"transcript_id=UL44.4-S21;Name=UL44.4-S21;ID=UL44.4-S21;gene_id=UL44;ORF_id=UL44.4;"		UL44	54834	55161
LT934125.1	Liftoff	exon	54901	55161	.	+	.	"transcript_id=UL44.4-S22;Name=UL44.4-S22;ID=UL44.4-S22;gene_id=UL44;ORF_id=UL44.4;"		UL44	54901	55161
LT934125.1	Liftoff	transcript	54901	55161	.	+	.	"transcript_id=UL44.4-S22;Name=UL44.4-S22;ID=UL44.4-S22;gene_id=UL44;ORF_id=UL44.4;"		UL44	54901	55161
LT934125.1	Liftoff	exon	54960	55161	.	+	.	"transcript_id=UL44.4-S23;Name=UL44.4-S23;ID=UL44.4-S23;gene_id=UL44;ORF_id=UL44.4;"		UL44	54960	55161
LT934125.1	Liftoff	transcript	54960	55161	.	+	.	"transcript_id=UL44.4-S23;Name=UL44.4-S23;ID=UL44.4-S23;gene_id=UL44;ORF_id=UL44.4;"		UL44	54960	55161
LT934125.1	Liftoff	exon	53910	55271	.	+	.	"transcript_id=UL44.4-S2-AT;Name=UL44.4-S2-AT;ID=UL44.4-S2-AT;gene_id=UL44;ORF_id=UL44.4;"		UL44	53910	55271
LT934125.1	Liftoff	transcript	53910	55271	.	+	.	"transcript_id=UL44.4-S2-AT;Name=UL44.4-S2-AT;ID=UL44.4-S2-AT;gene_id=UL44;ORF_id=UL44.4;"		UL44	53910	55271
LT934125.1	Liftoff	exon	53934	55161	.	+	.	"transcript_id=UL44.4-S3;Name=UL44.4-S3;ID=UL44.4-S3;gene_id=UL44;ORF_id=UL44.4;"		UL44	53934	55161
LT934125.1	Liftoff	transcript	53934	55161	.	+	.	"transcript_id=UL44.4-S3;Name=UL44.4-S3;ID=UL44.4-S3;gene_id=UL44;ORF_id=UL44.4;"		UL44	53934	55161
LT934125.1	Liftoff	exon	53971	55161	.	+	.	"transcript_id=UL44.4-S4;Name=UL44.4-S4;ID=UL44.4-S4;gene_id=UL44;ORF_id=UL44.4;"		UL44	53971	55161
LT934125.1	Liftoff	transcript	53971	55161	.	+	.	"transcript_id=UL44.4-S4;Name=UL44.4-S4;ID=UL44.4-S4;gene_id=UL44;ORF_id=UL44.4;"		UL44	53971	55161
LT934125.1	Liftoff	exon	53996	55161	.	+	.	"transcript_id=UL44.4-S5;Name=UL44.4-S5;ID=UL44.4-S5;gene_id=UL44;ORF_id=UL44.4;"		UL44	53996	55161
LT934125.1	Liftoff	transcript	53996	55161	.	+	.	"transcript_id=UL44.4-S5;Name=UL44.4-S5;ID=UL44.4-S5;gene_id=UL44;ORF_id=UL44.4;"		UL44	53996	55161
LT934125.1	Liftoff	exon	53996	55271	.	+	.	"transcript_id=UL44.4-S5-AT;Name=UL44.4-S5-AT;ID=UL44.4-S5-AT;gene_id=UL44;ORF_id=UL44.4;"		UL44	53996	55271
LT934125.1	Liftoff	transcript	53996	55271	.	+	.	"transcript_id=UL44.4-S5-AT;Name=UL44.4-S5-AT;ID=UL44.4-S5-AT;gene_id=UL44;ORF_id=UL44.4;"		UL44	53996	55271
LT934125.1	Liftoff	exon	54053	55161	.	+	.	"transcript_id=UL44.4-S6;Name=UL44.4-S6;ID=UL44.4-S6;gene_id=UL44;ORF_id=UL44.4;"		UL44	54053	55161
LT934125.1	Liftoff	transcript	54053	55161	.	+	.	"transcript_id=UL44.4-S6;Name=UL44.4-S6;ID=UL44.4-S6;gene_id=UL44;ORF_id=UL44.4;"		UL44	54053	55161
LT934125.1	Liftoff	exon	54165	55161	.	+	.	"transcript_id=UL44.4-S7;Name=UL44.4-S7;ID=UL44.4-S7;gene_id=UL44;ORF_id=UL44.4;"		UL44	54165	55161
LT934125.1	Liftoff	transcript	54165	55161	.	+	.	"transcript_id=UL44.4-S7;Name=UL44.4-S7;ID=UL44.4-S7;gene_id=UL44;ORF_id=UL44.4;"		UL44	54165	55161
LT934125.1	Liftoff	exon	54209	55161	.	+	.	"transcript_id=UL44.4-S8;Name=UL44.4-S8;ID=UL44.4-S8;gene_id=UL44;ORF_id=UL44.4;"		UL44	54209	55161
LT934125.1	Liftoff	transcript	54209	55161	.	+	.	"transcript_id=UL44.4-S8;Name=UL44.4-S8;ID=UL44.4-S8;gene_id=UL44;ORF_id=UL44.4;"		UL44	54209	55161
LT934125.1	Liftoff	exon	54245	55161	.	+	.	"transcript_id=UL44.4-S9;Name=UL44.4-S9;ID=UL44.4-S9;gene_id=UL44;ORF_id=UL44.4;"		UL44	54245	55161
LT934125.1	Liftoff	transcript	54245	55161	.	+	.	"transcript_id=UL44.4-S9;Name=UL44.4-S9;ID=UL44.4-S9;gene_id=UL44;ORF_id=UL44.4;"		UL44	54245	55161
LT934125.1	Liftoff	exon	54245	55271	.	+	.	"transcript_id=UL44.4-S9-AT;Name=UL44.4-S9-AT;ID=UL44.4-S9-AT;gene_id=UL44;ORF_id=UL44.4;"		UL44	54245	55271
LT934125.1	Liftoff	transcript	54245	55271	.	+	.	"transcript_id=UL44.4-S9-AT;Name=UL44.4-S9-AT;ID=UL44.4-S9-AT;gene_id=UL44;ORF_id=UL44.4;"		UL44	54245	55271
LT934125.1	Liftoff	exon	50027	54882	.	-	.	"transcript_id=UL44-43-42-41;Name=UL44-43-42-41;ID=UL44-43-42-41;gene_id=UL41;ORF_id=UL41;"		UL41	54882	50027
LT934125.1	Liftoff	transcript	50027	54882	.	-	.	"transcript_id=UL44-43-42-41;Name=UL44-43-42-41;ID=UL44-43-42-41;gene_id=UL41;ORF_id=UL41;"		UL41	54882	50027
LT934125.1	Liftoff	exon	53648	55271	.	+	.	"transcript_id=UL44-AT;Name=UL44-AT;ID=UL44-AT;gene_id=UL44;ORF_id=UL44;"		UL44	53648	55271
LT934125.1	Liftoff	transcript	53648	55271	.	+	.	"transcript_id=UL44-AT;Name=UL44-AT;ID=UL44-AT;gene_id=UL44;ORF_id=UL44;"		UL44	53648	55271
LT934125.1	Liftoff	exon	53421	55161	.	+	.	"transcript_id=UL44-L3;Name=UL44-L3;ID=UL44-L3;gene_id=UL44;ORF_id=UL44;"		UL44	53421	55161
LT934125.1	Liftoff	transcript	53421	55161	.	+	.	"transcript_id=UL44-L3;Name=UL44-L3;ID=UL44-L3;gene_id=UL44;ORF_id=UL44;"		UL44	53421	55161
LT934125.1	Liftoff	exon	52806	55161	.	+	.	"transcript_id=UL44-L4;Name=UL44-L4;ID=UL44-L4;gene_id=UL44;ORF_id=UL44;"		UL44	52806	55161
LT934125.1	Liftoff	transcript	52806	55161	.	+	.	"transcript_id=UL44-L4;Name=UL44-L4;ID=UL44-L4;gene_id=UL44;ORF_id=UL44;"		UL44	52806	55161
LT934125.1	Liftoff	exon	52789	55161	.	+	.	"transcript_id=UL44-L5;Name=UL44-L5;ID=UL44-L5;gene_id=UL44;ORF_id=UL44;"		UL44	52789	55161
LT934125.1	Liftoff	transcript	52789	55161	.	+	.	"transcript_id=UL44-L5;Name=UL44-L5;ID=UL44-L5;gene_id=UL44;ORF_id=UL44;"		UL44	52789	55161
LT934125.1	Liftoff	exon	52649	55161	.	+	.	"transcript_id=UL44-L6;Name=UL44-L6;ID=UL44-L6;gene_id=UL44;ORF_id=UL44;"		UL44	52649	55161
LT934125.1	Liftoff	transcript	52649	55161	.	+	.	"transcript_id=UL44-L6;Name=UL44-L6;ID=UL44-L6;gene_id=UL44;ORF_id=UL44;"		UL44	52649	55161
LT934125.1	Liftoff	exon	14048	16224	.	+	.	"transcript_id=UL46;Name=UL46;ID=UL46;gene_id=UL46;ORF_id=UL46;"	canonic	UL46	14048	16224
LT934125.1	Liftoff	transcript	14048	16224	.	+	.	"transcript_id=UL46;Name=UL46;ID=UL46;gene_id=UL46;ORF_id=UL46;"	canonic	UL46	14048	16224
LT934125.1	Liftoff	exon	15597	16224	.	+	.	"transcript_id=UL46.1;Name=UL46.1;ID=UL46.1;gene_id=UL46;ORF_id=UL46.1;"		UL46	15597	16224
LT934125.1	Liftoff	transcript	15597	16224	.	+	.	"transcript_id=UL46.1;Name=UL46.1;ID=UL46.1;gene_id=UL46;ORF_id=UL46.1;"		UL46	15597	16224
LT934125.1	Liftoff	exon	14307	16224	.	+	.	"transcript_id=UL46.10;Name=UL46.10;ID=UL46.10;gene_id=UL46;ORF_id=UL46.10;"		UL46	14307	16224
LT934125.1	Liftoff	transcript	14307	16224	.	+	.	"transcript_id=UL46.10;Name=UL46.10;ID=UL46.10;gene_id=UL46;ORF_id=UL46.10;"		UL46	14307	16224
LT934125.1	Liftoff	exon	14439	16224	.	+	.	"transcript_id=UL46.10-S;Name=UL46.10-S;ID=UL46.10-S;gene_id=UL46;ORF_id=UL46.10;"		UL46	14439	16224
LT934125.1	Liftoff	transcript	14439	16224	.	+	.	"transcript_id=UL46.10-S;Name=UL46.10-S;ID=UL46.10-S;gene_id=UL46;ORF_id=UL46.10;"		UL46	14439	16224
LT934125.1	Liftoff	exon	15646	16224	.	+	.	"transcript_id=UL46.1-S2;Name=UL46.1-S2;ID=UL46.1-S2;gene_id=UL46;ORF_id=UL46.1;"		UL46	15646	16224
LT934125.1	Liftoff	transcript	15646	16224	.	+	.	"transcript_id=UL46.1-S2;Name=UL46.1-S2;ID=UL46.1-S2;gene_id=UL46;ORF_id=UL46.1;"		UL46	15646	16224
LT934125.1	Liftoff	exon	15750	16224	.	+	.	"transcript_id=UL46.1-S3;Name=UL46.1-S3;ID=UL46.1-S3;gene_id=UL46;ORF_id=UL46.1;"		UL46	15750	16224
LT934125.1	Liftoff	transcript	15750	16224	.	+	.	"transcript_id=UL46.1-S3;Name=UL46.1-S3;ID=UL46.1-S3;gene_id=UL46;ORF_id=UL46.1;"		UL46	15750	16224
LT934125.1	Liftoff	exon	15787	16224	.	+	.	"transcript_id=UL46.1-S4;Name=UL46.1-S4;ID=UL46.1-S4;gene_id=UL46;ORF_id=UL46.1;"		UL46	15787	16224
LT934125.1	Liftoff	transcript	15787	16224	.	+	.	"transcript_id=UL46.1-S4;Name=UL46.1-S4;ID=UL46.1-S4;gene_id=UL46;ORF_id=UL46.1;"		UL46	15787	16224
LT934125.1	Liftoff	exon	15249	16224	.	+	.	"transcript_id=UL46.2;Name=UL46.2;ID=UL46.2;gene_id=UL46;ORF_id=UL46.2;"		UL46	15249	16224
LT934125.1	Liftoff	transcript	15249	16224	.	+	.	"transcript_id=UL46.2;Name=UL46.2;ID=UL46.2;gene_id=UL46;ORF_id=UL46.2;"		UL46	15249	16224
LT934125.1	Liftoff	exon	14818	16224	.	+	.	"transcript_id=UL46.5;Name=UL46.5;ID=UL46.5;gene_id=UL46;ORF_id=UL46.5;"		UL46	14818	16224
LT934125.1	Liftoff	transcript	14818	16224	.	+	.	"transcript_id=UL46.5;Name=UL46.5;ID=UL46.5;gene_id=UL46;ORF_id=UL46.5;"		UL46	14818	16224
LT934125.1	Liftoff	exon	14930	16224	.	+	.	"transcript_id=UL46.5-S2;Name=UL46.5-S2;ID=UL46.5-S2;gene_id=UL46;ORF_id=UL46.5;"		UL46	14930	16224
LT934125.1	Liftoff	transcript	14930	16224	.	+	.	"transcript_id=UL46.5-S2;Name=UL46.5-S2;ID=UL46.5-S2;gene_id=UL46;ORF_id=UL46.5;"		UL46	14930	16224
LT934125.1	Liftoff	exon	15028	16224	.	+	.	"transcript_id=UL46.5-S3;Name=UL46.5-S3;ID=UL46.5-S3;gene_id=UL46;ORF_id=UL46.5;"		UL46	15028	16224
LT934125.1	Liftoff	transcript	15028	16224	.	+	.	"transcript_id=UL46.5-S3;Name=UL46.5-S3;ID=UL46.5-S3;gene_id=UL46;ORF_id=UL46.5;"		UL46	15028	16224
LT934125.1	Liftoff	exon	14724	16224	.	+	.	"transcript_id=UL46.6;Name=UL46.6;ID=UL46.6;gene_id=UL46;ORF_id=UL46.6;"		UL46	14724	16224
LT934125.1	Liftoff	transcript	14724	16224	.	+	.	"transcript_id=UL46.6;Name=UL46.6;ID=UL46.6;gene_id=UL46;ORF_id=UL46.6;"		UL46	14724	16224
LT934125.1	Liftoff	exon	14782	16224	.	+	.	"transcript_id=UL46.6-S;Name=UL46.6-S;ID=UL46.6-S;gene_id=UL46;ORF_id=UL46.6;"		UL46	14782	16224
LT934125.1	Liftoff	transcript	14782	16224	.	+	.	"transcript_id=UL46.6-S;Name=UL46.6-S;ID=UL46.6-S;gene_id=UL46;ORF_id=UL46.6;"		UL46	14782	16224
LT934125.1	Liftoff	exon	14560	16224	.	+	.	"transcript_id=UL46.9;Name=UL46.9;ID=UL46.9;gene_id=UL46;ORF_id=UL46.9;"		UL46	14560	16224
LT934125.1	Liftoff	transcript	14560	16224	.	+	.	"transcript_id=UL46.9;Name=UL46.9;ID=UL46.9;gene_id=UL46;ORF_id=UL46.9;"		UL46	14560	16224
LT934125.1	Liftoff	exon	13944	16224	.	+	.	"transcript_id=UL46-L;Name=UL46-L;ID=UL46-L;gene_id=UL46;ORF_id=UL46;"		UL46	13944	16224
LT934125.1	Liftoff	transcript	13944	16224	.	+	.	"transcript_id=UL46-L;Name=UL46-L;ID=UL46-L;gene_id=UL46;ORF_id=UL46;"		UL46	13944	16224
LT934125.1	Liftoff	exon	13793	16224	.	+	.	"transcript_id=UL46-L2;Name=UL46-L2;ID=UL46-L2;gene_id=UL46;ORF_id=UL46;"		UL46	13793	16224
LT934125.1	Liftoff	transcript	13793	16224	.	+	.	"transcript_id=UL46-L2;Name=UL46-L2;ID=UL46-L2;gene_id=UL46;ORF_id=UL46;"		UL46	13793	16224
LT934125.1	Liftoff	exon	13746	16224	.	+	.	"transcript_id=UL46-L3;Name=UL46-L3;ID=UL46-L3;gene_id=UL46;ORF_id=UL46;"		UL46	13746	16224
LT934125.1	Liftoff	transcript	13746	16224	.	+	.	"transcript_id=UL46-L3;Name=UL46-L3;ID=UL46-L3;gene_id=UL46;ORF_id=UL46;"		UL46	13746	16224
LT934125.1	Liftoff	exon	13569	16224	.	+	.	"transcript_id=UL46-L4;Name=UL46-L4;ID=UL46-L4;gene_id=UL46;ORF_id=UL46;"		UL46	13569	16224
LT934125.1	Liftoff	transcript	13569	16224	.	+	.	"transcript_id=UL46-L4;Name=UL46-L4;ID=UL46-L4;gene_id=UL46;ORF_id=UL46;"		UL46	13569	16224
LT934125.1	Liftoff	exon	13539	16224	.	+	.	"transcript_id=UL46-L5;Name=UL46-L5;ID=UL46-L5;gene_id=UL46;ORF_id=UL46;"		UL46	13539	16224
LT934125.1	Liftoff	transcript	13539	16224	.	+	.	"transcript_id=UL46-L5;Name=UL46-L5;ID=UL46-L5;gene_id=UL46;ORF_id=UL46;"		UL46	13539	16224
LT934125.1	Liftoff	exon	13521	16224	.	+	.	"transcript_id=UL46-L6;Name=UL46-L6;ID=UL46-L6;gene_id=UL46;ORF_id=UL46;"		UL46	13521	16224
LT934125.1	Liftoff	transcript	13521	16224	.	+	.	"transcript_id=UL46-L6;Name=UL46-L6;ID=UL46-L6;gene_id=UL46;ORF_id=UL46;"		UL46	13521	16224
LT934125.1	Liftoff	exon	13177	16224	.	+	.	"transcript_id=UL46-L7;Name=UL46-L7;ID=UL46-L7;gene_id=UL46;ORF_id=UL46;"		UL46	13177	16224
LT934125.1	Liftoff	transcript	13177	16224	.	+	.	"transcript_id=UL46-L7;Name=UL46-L7;ID=UL46-L7;gene_id=UL46;ORF_id=UL46;"		UL46	13177	16224
LT934125.1	Liftoff	exon	12812	16224	.	+	.	"transcript_id=UL46-L8;Name=UL46-L8;ID=UL46-L8;gene_id=UL46;ORF_id=UL47.3;"		UL46	12812	16224
LT934125.1	Liftoff	transcript	12812	16224	.	+	.	"transcript_id=UL46-L8;Name=UL46-L8;ID=UL46-L8;gene_id=UL46;ORF_id=UL47.3;"		UL46	12812	16224
LT934125.1	Liftoff	exon	12406	16224	.	+	.	"transcript_id=UL46-L9;Name=UL46-L9;ID=UL46-L9;gene_id=UL46;ORF_id=UL47.3;"		UL46	12406	16224
LT934125.1	Liftoff	transcript	12406	16224	.	+	.	"transcript_id=UL46-L9;Name=UL46-L9;ID=UL46-L9;gene_id=UL46;ORF_id=UL47.3;"		UL46	12406	16224
LT934125.1	Liftoff	exon	13166	14176	.	+	.	"transcript_id=UL47.3;Name=UL47.3;ID=UL47.3;gene_id=UL47;ORF_id=UL47.3;"		UL47	13166	14176
LT934125.1	Liftoff	transcript	13166	14176	.	+	.	"transcript_id=UL47.3;Name=UL47.3;ID=UL47.3;gene_id=UL47;ORF_id=UL47.3;"		UL47	13166	14176
LT934125.1	Liftoff	exon	11793	16224	.	+	.	"transcript_id=UL47-46;Name=UL47-46;ID=UL47-46;gene_id=UL47;ORF_id=UL47;"	canonic	UL47	11793	16224
LT934125.1	Liftoff	transcript	11793	16224	.	+	.	"transcript_id=UL47-46;Name=UL47-46;ID=UL47-46;gene_id=UL47;ORF_id=UL47;"	canonic	UL47	11793	16224
LT934125.1	Liftoff	exon	10467	11912	.	+	.	"transcript_id=UL48;Name=UL48;ID=UL48;gene_id=UL48;ORF_id=UL48;"	canonic	UL48	10467	11912
LT934125.1	Liftoff	transcript	10467	11912	.	+	.	"transcript_id=UL48;Name=UL48;ID=UL48;gene_id=UL48;ORF_id=UL48;"	canonic	UL48	10467	11912
LT934125.1	Liftoff	exon	10431	16224	.	+	.	"transcript_id=UL48-47-46;Name=UL48-47-46;ID=UL48-47-46;gene_id=UL48;ORF_id=UL48;"	canonic	UL48	10431	16224
LT934125.1	Liftoff	transcript	10431	16224	.	+	.	"transcript_id=UL48-47-46;Name=UL48-47-46;ID=UL48-47-46;gene_id=UL48;ORF_id=UL48;"	canonic	UL48	10431	16224
LT934125.1	Liftoff	exon	10431	12084	.	+	.	"transcript_id=UL48-L-AT;Name=UL48-L-AT;ID=UL48-L-AT;gene_id=UL48;ORF_id=UL48;"		UL48	10431	12084
LT934125.1	Liftoff	transcript	10431	12084	.	+	.	"transcript_id=UL48-L-AT;Name=UL48-L-AT;ID=UL48-L-AT;gene_id=UL48;ORF_id=UL48;"		UL48	10431	12084
LT934125.1	Liftoff	exon	9646	10426	.	+	.	"transcript_id=UL49;Name=UL49;ID=UL49;gene_id=UL49;ORF_id=UL49;"	canonic	UL49	9646	10426
LT934125.1	Liftoff	transcript	9646	10426	.	+	.	"transcript_id=UL49;Name=UL49;ID=UL49;gene_id=UL49;ORF_id=UL49;"	canonic	UL49	9646	10426
LT934125.1	Liftoff	exon	9699	10426	.	+	.	"transcript_id=UL49.1;Name=UL49.1;ID=UL49.1;gene_id=UL49;ORF_id=UL49.1;"		UL49	9699	10426
LT934125.1	Liftoff	transcript	9699	10426	.	+	.	"transcript_id=UL49.1;Name=UL49.1;ID=UL49.1;gene_id=UL49;ORF_id=UL49.1;"		UL49	9699	10426
LT934125.1	Liftoff	exon	9930	10426	.	+	.	"transcript_id=UL49.1-S;Name=UL49.1-S;ID=UL49.1-S;gene_id=UL49;ORF_id=UL49.1;"		UL49	9930	10426
LT934125.1	Liftoff	transcript	9930	10426	.	+	.	"transcript_id=UL49.1-S;Name=UL49.1-S;ID=UL49.1-S;gene_id=UL49;ORF_id=UL49.1;"		UL49	9930	10426
LT934125.1	Liftoff	exon	10075	10426	.	+	.	"transcript_id=UL49.1-S2;Name=UL49.1-S2;ID=UL49.1-S2;gene_id=UL49;ORF_id=UL49.1;"		UL49	10075	10426
LT934125.1	Liftoff	transcript	10075	10426	.	+	.	"transcript_id=UL49.1-S2;Name=UL49.1-S2;ID=UL49.1-S2;gene_id=UL49;ORF_id=UL49.1;"		UL49	10075	10426
LT934125.1	Liftoff	exon	10105	10426	.	+	.	"transcript_id=UL49.1-S3;Name=UL49.1-S3;ID=UL49.1-S3;gene_id=UL49;ORF_id=UL49.1;"		UL49	10105	10426
LT934125.1	Liftoff	transcript	10105	10426	.	+	.	"transcript_id=UL49.1-S3;Name=UL49.1-S3;ID=UL49.1-S3;gene_id=UL49;ORF_id=UL49.1;"		UL49	10105	10426
LT934125.1	Liftoff	exon	10135	10426	.	+	.	"transcript_id=UL49.1-S4;Name=UL49.1-S4;ID=UL49.1-S4;gene_id=UL49;ORF_id=UL49.1;"		UL49	10135	10426
LT934125.1	Liftoff	transcript	10135	10426	.	+	.	"transcript_id=UL49.1-S4;Name=UL49.1-S4;ID=UL49.1-S4;gene_id=UL49;ORF_id=UL49.1;"		UL49	10135	10426
LT934125.1	Liftoff	exon	10159	10426	.	+	.	"transcript_id=UL49.1-S5;Name=UL49.1-S5;ID=UL49.1-S5;gene_id=UL49;ORF_id=UL49.1;"		UL49	10159	10426
LT934125.1	Liftoff	transcript	10159	10426	.	+	.	"transcript_id=UL49.1-S5;Name=UL49.1-S5;ID=UL49.1-S5;gene_id=UL49;ORF_id=UL49.1;"		UL49	10159	10426
LT934125.1	Liftoff	exon	10252	10426	.	+	.	"transcript_id=UL49.1-S6;Name=UL49.1-S6;ID=UL49.1-S6;gene_id=UL49;ORF_id=UL49.1;"		UL49	10252	10426
LT934125.1	Liftoff	transcript	10252	10426	.	+	.	"transcript_id=UL49.1-S6;Name=UL49.1-S6;ID=UL49.1-S6;gene_id=UL49;ORF_id=UL49.1;"		UL49	10252	10426
LT934125.1	Liftoff	exon	9208	10426	.	+	.	"transcript_id=UL49.5-49;Name=UL49.5-49;ID=UL49.5-49;gene_id=UL49.5;ORF_id=UL49.5;"	canonic	UL49.5	9208	10426
LT934125.1	Liftoff	transcript	9208	10426	.	+	.	"transcript_id=UL49.5-49;Name=UL49.5-49;ID=UL49.5-49;gene_id=UL49.5;ORF_id=UL49.5;"	canonic	UL49.5	9208	10426
LT934125.1	Liftoff	exon	9113	16224	.	+	.	"transcript_id=UL49.5-49-48-47-46;Name=UL49.5-49-48-47-46;ID=UL49.5-49-48-47-46;gene_id=UL49.5;ORF_id=UL49.5;"	canonic	UL49.5	9113	16224
LT934125.1	Liftoff	transcript	9113	16224	.	+	.	"transcript_id=UL49.5-49-48-47-46;Name=UL49.5-49-48-47-46;ID=UL49.5-49-48-47-46;gene_id=UL49.5;ORF_id=UL49.5;"	canonic	UL49.5	9113	16224
LT934125.1	Liftoff	exon	8899	10426	.	+	.	"transcript_id=UL49.5L-49;Name=UL49.5L-49;ID=UL49.5L-49;gene_id=UL49.5;ORF_id=UL49.5;"		UL49.5	8899	10426
LT934125.1	Liftoff	transcript	8899	10426	.	+	.	"transcript_id=UL49.5L-49;Name=UL49.5L-49;ID=UL49.5L-49;gene_id=UL49.5;ORF_id=UL49.5;"		UL49.5	8899	10426
LT934125.1	Liftoff	exon	9270	10426	.	+	.	"transcript_id=UL49.5-S-49;Name=UL49.5-S-49;ID=UL49.5-S-49;gene_id=UL49.5;ORF_id=UL49.5;"		UL49.5	9270	10426
LT934125.1	Liftoff	transcript	9270	10426	.	+	.	"transcript_id=UL49.5-S-49;Name=UL49.5-S-49;ID=UL49.5-S-49;gene_id=UL49.5;ORF_id=UL49.5;"		UL49.5	9270	10426
LT934125.1	Liftoff	exon	9548	10426	.	+	.	"transcript_id=UL49-L;Name=UL49-L;ID=UL49-L;gene_id=UL49;ORF_id=UL49;"		UL49	9548	10426
LT934125.1	Liftoff	transcript	9548	10426	.	+	.	"transcript_id=UL49-L;Name=UL49-L;ID=UL49-L;gene_id=UL49;ORF_id=UL49;"		UL49	9548	10426
LT934125.1	Liftoff	exon	9412	10426	.	+	.	"transcript_id=UL49-L2;Name=UL49-L2;ID=UL49-L2;gene_id=UL49;ORF_id=UL49;"		UL49	9412	10426
LT934125.1	Liftoff	transcript	9412	10426	.	+	.	"transcript_id=UL49-L2;Name=UL49-L2;ID=UL49-L2;gene_id=UL49;ORF_id=UL49;"		UL49	9412	10426
LT934125.1	Liftoff	exon	9338	10426	.	+	.	"transcript_id=UL49-L3;Name=UL49-L3;ID=UL49-L3;gene_id=UL49;ORF_id=UL49;"		UL49	9338	10426
LT934125.1	Liftoff	transcript	9338	10426	.	+	.	"transcript_id=UL49-L3;Name=UL49-L3;ID=UL49-L3;gene_id=UL49;ORF_id=UL49;"		UL49	9338	10426
LT934125.1	Liftoff	exon	91360	92059	.	+	.	"transcript_id=UL4-L;Name=UL4-L;ID=UL4-L;gene_id=UL4;ORF_id=UL4;"		UL4	91360	92059
LT934125.1	Liftoff	transcript	91360	92059	.	+	.	"transcript_id=UL4-L;Name=UL4-L;ID=UL4-L;gene_id=UL4;ORF_id=UL4;"		UL4	91360	92059
LT934125.1	Liftoff	exon	91154	92059	.	+	.	"transcript_id=UL4-L2;Name=UL4-L2;ID=UL4-L2;gene_id=UL4;ORF_id=UL4;"		UL4	91154	92059
LT934125.1	Liftoff	transcript	91154	92059	.	+	.	"transcript_id=UL4-L2;Name=UL4-L2;ID=UL4-L2;gene_id=UL4;ORF_id=UL4;"		UL4	91154	92059
LT934125.1	Liftoff	exon	90932	92059	.	+	.	"transcript_id=UL4-L3;Name=UL4-L3;ID=UL4-L3;gene_id=UL4;ORF_id=UL4;"		UL4	90932	92059
LT934125.1	Liftoff	transcript	90932	92059	.	+	.	"transcript_id=UL4-L3;Name=UL4-L3;ID=UL4-L3;gene_id=UL4;ORF_id=UL4;"		UL4	90932	92059
LT934125.1	Liftoff	exon	90249	92059	.	+	.	"transcript_id=UL4-L4;Name=UL4-L4;ID=UL4-L4;gene_id=UL4;ORF_id=UL5.6;"		UL4	90249	92059
LT934125.1	Liftoff	transcript	90249	92059	.	+	.	"transcript_id=UL4-L4;Name=UL4-L4;ID=UL4-L4;gene_id=UL4;ORF_id=UL5.6;"		UL4	90249	92059
LT934125.1	Liftoff	exon	89883	92059	.	+	.	"transcript_id=UL4-L5;Name=UL4-L5;ID=UL4-L5;gene_id=UL4;ORF_id=UL5.5;"		UL4	89883	92059
LT934125.1	Liftoff	transcript	89883	92059	.	+	.	"transcript_id=UL4-L5;Name=UL4-L5;ID=UL4-L5;gene_id=UL4;ORF_id=UL5.5;"		UL4	89883	92059
LT934125.1	Liftoff	exon	88883	91559	.	+	.	"transcript_id=UL5;Name=UL5;ID=UL5;gene_id=UL5;ORF_id=UL5;"	canonic	UL5	88883	91559
LT934125.1	Liftoff	transcript	88883	91559	.	+	.	"transcript_id=UL5;Name=UL5;ID=UL5;gene_id=UL5;ORF_id=UL5;"	canonic	UL5	88883	91559
LT934125.1	Liftoff	exon	89133	91559	.	+	.	"transcript_id=UL5.3;Name=UL5.3;ID=UL5.3;gene_id=UL5;ORF_id=UL5.3;"		UL5	89133	91559
LT934125.1	Liftoff	transcript	89133	91559	.	+	.	"transcript_id=UL5.3;Name=UL5.3;ID=UL5.3;gene_id=UL5;ORF_id=UL5.3;"		UL5	89133	91559
LT934125.1	Liftoff	exon	89883	91559	.	+	.	"transcript_id=UL5.5;Name=UL5.5;ID=UL5.5;gene_id=UL5;ORF_id=UL5.5;"		UL5	89883	91559
LT934125.1	Liftoff	transcript	89883	91559	.	+	.	"transcript_id=UL5.5;Name=UL5.5;ID=UL5.5;gene_id=UL5;ORF_id=UL5.5;"		UL5	89883	91559
LT934125.1	Liftoff	exon	90249	91559	.	+	.	"transcript_id=UL5.6;Name=UL5.6;ID=UL5.6;gene_id=UL5;ORF_id=UL5.6;"		UL5	90249	91559
LT934125.1	Liftoff	transcript	90249	91559	.	+	.	"transcript_id=UL5.6;Name=UL5.6;ID=UL5.6;gene_id=UL5;ORF_id=UL5.6;"		UL5	90249	91559
LT934125.1	Liftoff	exon	8487	9494	.	-	.	"transcript_id=UL50;Name=UL50;ID=UL50;gene_id=UL50;ORF_id=UL50;"	canonic	UL50	9494	8487
LT934125.1	Liftoff	transcript	8487	9494	.	-	.	"transcript_id=UL50;Name=UL50;ID=UL50;gene_id=UL50;ORF_id=UL50;"	canonic	UL50	9494	8487
LT934125.1	Liftoff	exon	8487	9058	.	-	.	"transcript_id=UL50.1;Name=UL50.1;ID=UL50.1;gene_id=UL50;ORF_id=UL50.1;"		UL50	9058	8487
LT934125.1	Liftoff	transcript	8487	9058	.	-	.	"transcript_id=UL50.1;Name=UL50.1;ID=UL50.1;gene_id=UL50;ORF_id=UL50.1;"		UL50	9058	8487
LT934125.1	Liftoff	exon	8487	8997	.	-	.	"transcript_id=UL50.1-S;Name=UL50.1-S;ID=UL50.1-S;gene_id=UL50;ORF_id=UL50.1;"		UL50	8997	8487
LT934125.1	Liftoff	transcript	8487	8997	.	-	.	"transcript_id=UL50.1-S;Name=UL50.1-S;ID=UL50.1-S;gene_id=UL50;ORF_id=UL50.1;"		UL50	8997	8487
LT934125.1	Liftoff	exon	8597	10426	.	+	.	"transcript_id=UL50-49.5-49;Name=UL50-49.5-49;ID=UL50-49.5-49;gene_id=UL49.5;ORF_id=UL49.5;"		UL49.5	8597	10426
LT934125.1	Liftoff	transcript	8597	10426	.	+	.	"transcript_id=UL50-49.5-49;Name=UL50-49.5-49;ID=UL50-49.5-49;gene_id=UL49.5;ORF_id=UL49.5;"		UL49.5	8597	10426
LT934125.1	Liftoff	exon	8352	10426	.	+	.	"transcript_id=UL50-49.5-49-L;Name=UL50-49.5-49-L;ID=UL50-49.5-49-L;gene_id=UL49.5;ORF_id=UL49.5;"		UL49.5	8352	10426
LT934125.1	Liftoff	transcript	8352	10426	.	+	.	"transcript_id=UL50-49.5-49-L;Name=UL50-49.5-49-L;ID=UL50-49.5-49-L;gene_id=UL49.5;ORF_id=UL49.5;"		UL49.5	8352	10426
LT934125.1	Liftoff	exon	8487	9590	.	-	.	"transcript_id=UL50L;Name=UL50L;ID=UL50L;gene_id=UL50;ORF_id=UL50;"		UL50	9590	8487
LT934125.1	Liftoff	transcript	8487	9590	.	-	.	"transcript_id=UL50L;Name=UL50L;ID=UL50L;gene_id=UL50;ORF_id=UL50;"		UL50	9590	8487
LT934125.1	Liftoff	exon	8487	9752	.	-	.	"transcript_id=UL50-L3;Name=UL50-L3;ID=UL50-L3;gene_id=UL50;ORF_id=UL50;"		UL50	9752	8487
LT934125.1	Liftoff	transcript	8487	9752	.	-	.	"transcript_id=UL50-L3;Name=UL50-L3;ID=UL50-L3;gene_id=UL50;ORF_id=UL50;"		UL50	9752	8487
LT934125.1	Liftoff	exon	8487	9800	.	-	.	"transcript_id=UL50-L4;Name=UL50-L4;ID=UL50-L4;gene_id=UL50;ORF_id=UL50;"		UL50	9800	8487
LT934125.1	Liftoff	transcript	8487	9800	.	-	.	"transcript_id=UL50-L4;Name=UL50-L4;ID=UL50-L4;gene_id=UL50;ORF_id=UL50;"		UL50	9800	8487
LT934125.1	Liftoff	exon	8487	9214	.	-	.	"transcript_id=UL50S;Name=UL50S;ID=UL50S;gene_id=UL50;ORF_id=UL50;"		UL50	9214	8487
LT934125.1	Liftoff	transcript	8487	9214	.	-	.	"transcript_id=UL50S;Name=UL50S;ID=UL50S;gene_id=UL50;ORF_id=UL50;"		UL50	9214	8487
LT934125.1	Liftoff	exon	7588	8523	.	+	.	"transcript_id=UL51;Name=UL51;ID=UL51;gene_id=UL51;ORF_id=UL51;"	canonic	UL51	7588	8523
LT934125.1	Liftoff	transcript	7588	8523	.	+	.	"transcript_id=UL51;Name=UL51;ID=UL51;gene_id=UL51;ORF_id=UL51;"	canonic	UL51	7588	8523
LT934125.1	Liftoff	exon	7811	8523	.	+	.	"transcript_id=UL51.5;Name=UL51.5;ID=UL51.5;gene_id=UL51;ORF_id=UL51.5;"		UL51	7811	8523
LT934125.1	Liftoff	transcript	7811	8523	.	+	.	"transcript_id=UL51.5;Name=UL51.5;ID=UL51.5;gene_id=UL51;ORF_id=UL51.5;"		UL51	7811	8523
LT934125.1	Liftoff	exon	7588	10426	.	+	.	"transcript_id=UL51-50-49.5-49;Name=UL51-50-49.5-49;ID=UL51-50-49.5-49;gene_id=UL51;ORF_id=UL51;"	canonic	UL51	7588	10426
LT934125.1	Liftoff	transcript	7588	10426	.	+	.	"transcript_id=UL51-50-49.5-49;Name=UL51-50-49.5-49;ID=UL51-50-49.5-49;gene_id=UL51;ORF_id=UL51;"	canonic	UL51	7588	10426
LT934125.1	Liftoff	exon	4648	8526	.	-	.	"transcript_id=UL51-52;Name=UL51-52;ID=UL51-52;gene_id=UL52;ORF_id=UL52;"		UL52	8526	4648
LT934125.1	Liftoff	transcript	4648	8526	.	-	.	"transcript_id=UL51-52;Name=UL51-52;ID=UL51-52;gene_id=UL52;ORF_id=UL52;"		UL52	8526	4648
LT934125.1	Liftoff	exon	7475	10426	.	+	.	"transcript_id=UL51L-50-49.5-49;Name=UL51L-50-49.5-49;ID=UL51L-50-49.5-49;gene_id=UL51;ORF_id=UL51;"		UL51	7475	10426
LT934125.1	Liftoff	transcript	7475	10426	.	+	.	"transcript_id=UL51L-50-49.5-49;Name=UL51L-50-49.5-49;ID=UL51L-50-49.5-49;gene_id=UL51;ORF_id=UL51;"		UL51	7475	10426
LT934125.1	Liftoff	exon	2778	7758	.	-	.	"transcript_id=UL52-53-54;Name=UL52-53-54;ID=UL52-53-54;gene_id=UL52;ORF_id=UL52;"	canonic	UL52	7758	2778
LT934125.1	Liftoff	transcript	2778	7758	.	-	.	"transcript_id=UL52-53-54;Name=UL52-53-54;ID=UL52-53-54;gene_id=UL52;ORF_id=UL52;"	canonic	UL52	7758	2778
LT934125.1	Liftoff	exon	2778	4925	.	-	.	"transcript_id=UL53-54;Name=UL53-54;ID=UL53-54;gene_id=UL53;ORF_id=UL53;"	canonic	UL53	4925	2778
LT934125.1	Liftoff	transcript	2778	4925	.	-	.	"transcript_id=UL53-54;Name=UL53-54;ID=UL53-54;gene_id=UL53;ORF_id=UL53;"	canonic	UL53	4925	2778
LT934125.1	Liftoff	exon	2778	5969	.	-	.	"transcript_id=UL53L-54;Name=UL53L-54;ID=UL53L-54;gene_id=UL53;ORF_id=UL53;"		UL53	5969	2778
LT934125.1	Liftoff	transcript	2778	5969	.	-	.	"transcript_id=UL53L-54;Name=UL53L-54;ID=UL53L-54;gene_id=UL53;ORF_id=UL53;"		UL53	5969	2778
LT934125.1	Liftoff	exon	2778	3910	.	-	.	"transcript_id=UL54;Name=UL54;ID=UL54;gene_id=UL54;ORF_id=UL54;"	canonic	UL54	3910	2778
LT934125.1	Liftoff	transcript	2778	3910	.	-	.	"transcript_id=UL54;Name=UL54;ID=UL54;gene_id=UL54;ORF_id=UL54;"	canonic	UL54	3910	2778
LT934125.1	Liftoff	exon	88883	92059	.	+	.	"transcript_id=UL5-4;Name=UL5-4;ID=UL5-4;gene_id=UL5;ORF_id=UL5;"	canonic	UL5	88885	92058
LT934125.1	Liftoff	transcript	88883	92059	.	+	.	"transcript_id=UL5-4;Name=UL5-4;ID=UL5-4;gene_id=UL5;ORF_id=UL5;"	canonic	UL5	88885	92058
LT934125.1	Liftoff	exon	2778	3281	.	-	.	"transcript_id=UL54.3;Name=UL54.3;ID=UL54.3;gene_id=UL54;ORF_id=UL54.3;"		UL54	3281	2778
LT934125.1	Liftoff	transcript	2778	3281	.	-	.	"transcript_id=UL54.3;Name=UL54.3;ID=UL54.3;gene_id=UL54;ORF_id=UL54.3;"		UL54	3281	2778
LT934125.1	Liftoff	exon	2778	3172	.	-	.	"transcript_id=UL54.3-S;Name=UL54.3-S;ID=UL54.3-S;gene_id=UL54;ORF_id=UL54.3;"		UL54	3172	2778
LT934125.1	Liftoff	transcript	2778	3172	.	-	.	"transcript_id=UL54.3-S;Name=UL54.3-S;ID=UL54.3-S;gene_id=UL54;ORF_id=UL54.3;"		UL54	3172	2778
LT934125.1	Liftoff	exon	2778	3141	.	-	.	"transcript_id=UL54.3-S2;Name=UL54.3-S2;ID=UL54.3-S2;gene_id=UL54;ORF_id=UL54.3;"		UL54	3141	2778
LT934125.1	Liftoff	transcript	2778	3141	.	-	.	"transcript_id=UL54.3-S2;Name=UL54.3-S2;ID=UL54.3-S2;gene_id=UL54;ORF_id=UL54.3;"		UL54	3141	2778
LT934125.1	Liftoff	exon	2778	3351	.	-	.	"transcript_id=UL54.4;Name=UL54.4;ID=UL54.4;gene_id=UL54;ORF_id=UL54.4;"		UL54	3351	2778
LT934125.1	Liftoff	transcript	2778	3351	.	-	.	"transcript_id=UL54.4;Name=UL54.4;ID=UL54.4;gene_id=UL54;ORF_id=UL54.4;"		UL54	3351	2778
LT934125.1	Liftoff	exon	2778	3753	.	-	.	"transcript_id=UL54.5;Name=UL54.5;ID=UL54.5;gene_id=UL54;ORF_id=UL54.5;"		UL54	3753	2778
LT934125.1	Liftoff	transcript	2778	3753	.	-	.	"transcript_id=UL54.5;Name=UL54.5;ID=UL54.5;gene_id=UL54;ORF_id=UL54.5;"		UL54	3753	2778
LT934125.1	Liftoff	exon	2778	3640	.	-	.	"transcript_id=UL54.5-S;Name=UL54.5-S;ID=UL54.5-S;gene_id=UL54;ORF_id=UL54.5;"		UL54	3640	2778
LT934125.1	Liftoff	transcript	2778	3640	.	-	.	"transcript_id=UL54.5-S;Name=UL54.5-S;ID=UL54.5-S;gene_id=UL54;ORF_id=UL54.5;"		UL54	3640	2778
LT934125.1	Liftoff	exon	2778	3429	.	-	.	"transcript_id=UL54.5-S2;Name=UL54.5-S2;ID=UL54.5-S2;gene_id=UL54;ORF_id=UL54.5;"		UL54	3429	2778
LT934125.1	Liftoff	transcript	2778	3429	.	-	.	"transcript_id=UL54.5-S2;Name=UL54.5-S2;ID=UL54.5-S2;gene_id=UL54;ORF_id=UL54.5;"		UL54	3429	2778
LT934125.1	Liftoff	exon	2778	4687	.	-	.	"transcript_id=UL54-L;Name=UL54-L;ID=UL54-L;gene_id=UL54;ORF_id=UL54;"		UL54	4687	2778
LT934125.1	Liftoff	transcript	2778	4687	.	-	.	"transcript_id=UL54-L;Name=UL54-L;ID=UL54-L;gene_id=UL54;ORF_id=UL54;"		UL54	4687	2778
LT934125.1	Liftoff	exon	89133	92059	.	+	.	"transcript_id=UL5-4-M;Name=UL5-4-M;ID=UL5-4-M;gene_id=UL5;ORF_id=UL5.3;"		UL5	89133	92059
LT934125.1	Liftoff	transcript	89133	92059	.	+	.	"transcript_id=UL5-4-M;Name=UL5-4-M;ID=UL5-4-M;gene_id=UL5;ORF_id=UL5.3;"		UL5	89133	92059
LT934125.1	Liftoff	exon	90381	92059	.	+	.	"transcript_id=UL5-4-S;Name=UL5-4-S;ID=UL5-4-S;gene_id=UL5;ORF_id=UL5;"		UL5	90381	92059
LT934125.1	Liftoff	transcript	90381	92059	.	+	.	"transcript_id=UL5-4-S;Name=UL5-4-S;ID=UL5-4-S;gene_id=UL5;ORF_id=UL5;"		UL5	90381	92059
LT934125.1	Liftoff	exon	88155	92059	.	+	.	"transcript_id=UL5L2-4;Name=UL5L2-4;ID=UL5L2-4;gene_id=UL5;ORF_id=UL5;"		UL5	88155	92059
LT934125.1	Liftoff	transcript	88155	92059	.	+	.	"transcript_id=UL5L2-4;Name=UL5L2-4;ID=UL5L2-4;gene_id=UL5;ORF_id=UL5;"		UL5	88155	92059
LT934125.1	Liftoff	exon	86133	89079	.	-	.	"transcript_id=UL6-7;Name=UL6-7;ID=UL6-7;gene_id=UL6;ORF_id=UL6;"	canonic	UL6	89079	86133
LT934125.1	Liftoff	transcript	86133	89079	.	-	.	"transcript_id=UL6-7;Name=UL6-7;ID=UL6-7;gene_id=UL6;ORF_id=UL6;"	canonic	UL6	89079	86133
LT934125.1	Liftoff	exon	86133	90875	.	-	.	"transcript_id=UL6L-7;Name=UL6L-7;ID=UL6L-7;gene_id=UL6;ORF_id=UL6;"		UL6	90875	86133
LT934125.1	Liftoff	transcript	86133	90875	.	-	.	"transcript_id=UL6L-7;Name=UL6L-7;ID=UL6L-7;gene_id=UL6;ORF_id=UL6;"		UL6	90875	86133
LT934125.1	Liftoff	exon	86133	87161	.	-	.	"transcript_id=UL7;Name=UL7;ID=UL7;gene_id=UL7;ORF_id=UL7;"	canonic	UL7	87161	86133
LT934125.1	Liftoff	transcript	86133	87161	.	-	.	"transcript_id=UL7;Name=UL7;ID=UL7;gene_id=UL7;ORF_id=UL7;"	canonic	UL7	87161	86133
LT934125.1	Liftoff	exon	86133	86928	.	-	.	"transcript_id=UL7.5;Name=UL7.5;ID=UL7.5;gene_id=UL7;ORF_id=UL7.5;"		UL7	86928	86133
LT934125.1	Liftoff	transcript	86133	86928	.	-	.	"transcript_id=UL7.5;Name=UL7.5;ID=UL7.5;gene_id=UL7;ORF_id=UL7.5;"		UL7	86928	86133
LT934125.1	Liftoff	exon	86133	87250	.	-	.	"transcript_id=UL7-L2;Name=UL7-L2;ID=UL7-L2;gene_id=UL7;ORF_id=UL7;"		UL7	87250	86133
LT934125.1	Liftoff	transcript	86133	87250	.	-	.	"transcript_id=UL7-L2;Name=UL7-L2;ID=UL7-L2;gene_id=UL7;ORF_id=UL7;"		UL7	87250	86133
LT934125.1	Liftoff	exon	86133	87447	.	-	.	"transcript_id=UL7-L3;Name=UL7-L3;ID=UL7-L3;gene_id=UL7;ORF_id=UL7;"		UL7	87447	86133
LT934125.1	Liftoff	transcript	86133	87447	.	-	.	"transcript_id=UL7-L3;Name=UL7-L3;ID=UL7-L3;gene_id=UL7;ORF_id=UL7;"		UL7	87447	86133
LT934125.1	Liftoff	exon	86133	87864	.	-	.	"transcript_id=UL7-L4;Name=UL7-L4;ID=UL7-L4;gene_id=UL7;ORF_id=UL7;"		UL7	87864	86133
LT934125.1	Liftoff	transcript	86133	87864	.	-	.	"transcript_id=UL7-L4;Name=UL7-L4;ID=UL7-L4;gene_id=UL7;ORF_id=UL7;"		UL7	87864	86133
LT934125.1	Liftoff	exon	83975	86167	.	+	.	"transcript_id=UL8;Name=UL8;ID=UL8;gene_id=UL8;ORF_id=UL8;"	canonic	UL8	83975	86167
LT934125.1	Liftoff	transcript	83975	86167	.	+	.	"transcript_id=UL8;Name=UL8;ID=UL8;gene_id=UL8;ORF_id=UL8;"	canonic	UL8	83975	86167
LT934125.1	Liftoff	exon	85104	86167	.	+	.	"transcript_id=UL8.5;Name=UL8.5;ID=UL8.5;gene_id=UL8;ORF_id=UL8.5;"		UL8	85104	86167
LT934125.1	Liftoff	transcript	85104	86167	.	+	.	"transcript_id=UL8.5;Name=UL8.5;ID=UL8.5;gene_id=UL8;ORF_id=UL8.5;"		UL8	85104	86167
LT934125.1	Liftoff	exon	85607	86167	.	+	.	"transcript_id=UL8.5-S;Name=UL8.5-S;ID=UL8.5-S;gene_id=UL8;ORF_id=UL8.5;"		UL8	85607	86167
LT934125.1	Liftoff	transcript	85607	86167	.	+	.	"transcript_id=UL8.5-S;Name=UL8.5-S;ID=UL8.5-S;gene_id=UL8;ORF_id=UL8.5;"		UL8	85607	86167
LT934125.1	Liftoff	exon	85676	86167	.	+	.	"transcript_id=UL8.5-S2;Name=UL8.5-S2;ID=UL8.5-S2;gene_id=UL8;ORF_id=UL8.5;"		UL8	85676	86167
LT934125.1	Liftoff	transcript	85676	86167	.	+	.	"transcript_id=UL8.5-S2;Name=UL8.5-S2;ID=UL8.5-S2;gene_id=UL8;ORF_id=UL8.5;"		UL8	85676	86167
LT934125.1	Liftoff	exon	83792	86167	.	+	.	"transcript_id=UL8-L;Name=UL8-L;ID=UL8-L;gene_id=UL8;ORF_id=UL8;"		UL8	83792	86167
LT934125.1	Liftoff	transcript	83792	86167	.	+	.	"transcript_id=UL8-L;Name=UL8-L;ID=UL8-L;gene_id=UL8;ORF_id=UL8;"		UL8	83792	86167
LT934125.1	Liftoff	exon	82509	86167	.	+	.	"transcript_id=UL8-L2;Name=UL8-L2;ID=UL8-L2;gene_id=UL8;ORF_id=UL8;"		UL8	82509	86167
LT934125.1	Liftoff	transcript	82509	86167	.	+	.	"transcript_id=UL8-L2;Name=UL8-L2;ID=UL8-L2;gene_id=UL8;ORF_id=UL8;"		UL8	82509	86167
LT934125.1	Liftoff	exon	81082	86167	.	+	.	"transcript_id=UL9L-8;Name=UL9L-8;ID=UL9L-8;gene_id=UL9;ORF_id=UL9;"	canonic	UL9	81082	86167
LT934125.1	Liftoff	transcript	81082	86167	.	+	.	"transcript_id=UL9L-8;Name=UL9L-8;ID=UL9L-8;gene_id=UL9;ORF_id=UL9;"	canonic	UL9	81082	86167
LT934125.1	Liftoff	exon	114984	116961	.	+	.	"transcript_id=US1;Name=US1;ID=US1;gene_id=US1;ORF_id=US1;"		US1	114985	116962
LT934125.1	Liftoff	transcript	114984	116961	.	+	.	"transcript_id=US1;Name=US1;ID=US1;gene_id=US1;ORF_id=US1;"		US1	114985	116962
LT934125.1	Liftoff	exon	126752	128731	.	-	.	"transcript_id=US1_2;Name=US1_2;ID=US1_2;gene_id=US1_2;ORF_id=US1_2;"		US1_2	128732	126753
LT934125.1	Liftoff	transcript	126752	128731	.	-	.	"transcript_id=US1_2;Name=US1_2;ID=US1_2;gene_id=US1_2;ORF_id=US1_2;"		US1_2	128732	126753
LT934125.1	Liftoff	exon	126752	128251	.	-	.	"transcript_id=US1_2-splice;Name=US1_2-splice;ID=US1_2-splice;gene_id=US1_2;ORF_id=US1_2;"	canonic	US1_2	128251	126752
LT934125.1	Liftoff	exon	128407	128459	.	-	.	"transcript_id=US1_2-splice;Name=US1_2-splice;ID=US1_2-splice;gene_id=US1_2;ORF_id=US1_2;"	canonic	US1_2	128459	128407
LT934125.1	Liftoff	exon	128577	128731	.	-	.	"transcript_id=US1_2-splice;Name=US1_2-splice;ID=US1_2-splice;gene_id=US1_2;ORF_id=US1_2;"	canonic	US1_2	128731	128577
LT934125.1	Liftoff	transcript	126752	128731	.	-	.	"transcript_id=US1_2-splice;Name=US1_2-splice;ID=US1_2-splice;gene_id=US1_2;ORF_id=US1_2;"	canonic	US1_2	128731	126752
LT934125.1	Liftoff	exon	126752	127972	.	-	.	"transcript_id=US1_2-splice-2;Name=US1_2-splice-2;ID=US1_2-splice-2;gene_id=US1_2;ORF_id=US1_2;"		US1_2	127972	126752
LT934125.1	Liftoff	exon	128147	128731	.	-	.	"transcript_id=US1_2-splice-2;Name=US1_2-splice-2;ID=US1_2-splice-2;gene_id=US1_2;ORF_id=US1_2;"		US1_2	128731	128147
LT934125.1	Liftoff	transcript	126752	128731	.	-	.	"transcript_id=US1_2-splice-2;Name=US1_2-splice-2;ID=US1_2-splice-2;gene_id=US1_2;ORF_id=US1_2;"		US1_2	128731	126752
LT934125.1	Liftoff	exon	126752	127972	.	-	.	"transcript_id=US1_2-splice-3;Name=US1_2-splice-3;ID=US1_2-splice-3;gene_id=US1_2;ORF_id=US1_2;"		US1_2	127972	126752
LT934125.1	Liftoff	exon	128279	128731	.	-	.	"transcript_id=US1_2-splice-3;Name=US1_2-splice-3;ID=US1_2-splice-3;gene_id=US1_2;ORF_id=US1_2;"		US1_2	128731	128279
LT934125.1	Liftoff	transcript	126752	128731	.	-	.	"transcript_id=US1_2-splice-3;Name=US1_2-splice-3;ID=US1_2-splice-3;gene_id=US1_2;ORF_id=US1_2;"		US1_2	128731	126752
LT934125.1	Liftoff	exon	126752	127973	.	-	.	"transcript_id=US1_2-splice-4;Name=US1_2-splice-4;ID=US1_2-splice-4;gene_id=US1_2;ORF_id=US1_2;"		US1_2	127973	126752
LT934125.1	Liftoff	exon	128279	128731	.	-	.	"transcript_id=US1_2-splice-4;Name=US1_2-splice-4;ID=US1_2-splice-4;gene_id=US1_2;ORF_id=US1_2;"		US1_2	128731	128273
LT934125.1	Liftoff	transcript	126752	128731	.	-	.	"transcript_id=US1_2-splice-4;Name=US1_2-splice-4;ID=US1_2-splice-4;gene_id=US1_2;ORF_id=US1_2;"		US1_2	128731	126752
LT934125.1	Liftoff	exon	126752	128198	.	-	.	"transcript_id=US1_2-splice-5;Name=US1_2-splice-5;ID=US1_2-splice-5;gene_id=US1_2;ORF_id=US1_2;"		US1_2	128198	126752
LT934125.1	Liftoff	exon	128321	128731	.	-	.	"transcript_id=US1_2-splice-5;Name=US1_2-splice-5;ID=US1_2-splice-5;gene_id=US1_2;ORF_id=US1_2;"		US1_2	128731	128321
LT934125.1	Liftoff	transcript	126752	128731	.	-	.	"transcript_id=US1_2-splice-5;Name=US1_2-splice-5;ID=US1_2-splice-5;gene_id=US1_2;ORF_id=US1_2;"		US1_2	128731	126752
LT934125.1	Liftoff	exon	126752	127972	.	-	.	"transcript_id=US1_2-splice-6;Name=US1_2-splice-6;ID=US1_2-splice-6;gene_id=US1_2;ORF_id=US1_2;"		US1_2	127972	126752
LT934125.1	Liftoff	exon	128290	128731	.	-	.	"transcript_id=US1_2-splice-6;Name=US1_2-splice-6;ID=US1_2-splice-6;gene_id=US1_2;ORF_id=US1_2;"		US1_2	128731	128290
LT934125.1	Liftoff	transcript	126752	128731	.	-	.	"transcript_id=US1_2-splice-6;Name=US1_2-splice-6;ID=US1_2-splice-6;gene_id=US1_2;ORF_id=US1_2;"		US1_2	128731	126752
LT934125.1	Liftoff	exon	126752	127952	.	-	.	"transcript_id=US1_2-splice-L;Name=US1_2-splice-L;ID=US1_2-splice-L;gene_id=US1_2;ORF_id=US1_2;"		US1_2	127952	126752
LT934125.1	Liftoff	exon	128147	128198	.	-	.	"transcript_id=US1_2-splice-L;Name=US1_2-splice-L;ID=US1_2-splice-L;gene_id=US1_2;ORF_id=US1_2;"		US1_2	128198	128147
LT934125.1	Liftoff	exon	128321	129714	.	-	.	"transcript_id=US1_2-splice-L;Name=US1_2-splice-L;ID=US1_2-splice-L;gene_id=US1_2;ORF_id=US1_2;"		US1_2	129714	128321
LT934125.1	Liftoff	transcript	126752	129714	.	-	.	"transcript_id=US1_2-splice-L;Name=US1_2-splice-L;ID=US1_2-splice-L;gene_id=US1_2;ORF_id=US1_2;"		US1_2	129714	126752
LT934125.1	Liftoff	exon	126752	128251	.	-	.	"transcript_id=US1_2-splice-L2;Name=US1_2-splice-L2;ID=US1_2-splice-L2;gene_id=US1_2;ORF_id=US1_2;"		US1_2	128251	126752
LT934125.1	Liftoff	exon	128407	128459	.	-	.	"transcript_id=US1_2-splice-L2;Name=US1_2-splice-L2;ID=US1_2-splice-L2;gene_id=US1_2;ORF_id=US1_2;"		US1_2	128459	128407
LT934125.1	Liftoff	exon	128577	128883	.	-	.	"transcript_id=US1_2-splice-L2;Name=US1_2-splice-L2;ID=US1_2-splice-L2;gene_id=US1_2;ORF_id=US1_2;"		US1_2	128883	128577
LT934125.1	Liftoff	transcript	126752	128883	.	-	.	"transcript_id=US1_2-splice-L2;Name=US1_2-splice-L2;ID=US1_2-splice-L2;gene_id=US1_2;ORF_id=US1_2;"		US1_2	128883	126752
LT934125.1	Liftoff	exon	114984	115138	.	+	.	"transcript_id=US1-splice;Name=US1-splice;ID=US1-splice;gene_id=US1;ORF_id=US1;"	canonic	US1	114984	115138
LT934125.1	Liftoff	exon	115256	115308	.	+	.	"transcript_id=US1-splice;Name=US1-splice;ID=US1-splice;gene_id=US1;ORF_id=US1;"	canonic	US1	115256	115308
LT934125.1	Liftoff	exon	115464	116961	.	+	.	"transcript_id=US1-splice;Name=US1-splice;ID=US1-splice;gene_id=US1;ORF_id=US1;"	canonic	US1	115464	116961
LT934125.1	Liftoff	transcript	114984	116961	.	+	.	"transcript_id=US1-splice;Name=US1-splice;ID=US1-splice;gene_id=US1;ORF_id=US1;"	canonic	US1	114984	116961
LT934125.1	Liftoff	exon	114984	115139	.	+	.	"transcript_id=US1-splice-2;Name=US1-splice-2;ID=US1-splice-2;gene_id=US1;ORF_id=US1;"		US1	114985	115139
LT934125.1	Liftoff	exon	115257	116961	.	+	.	"transcript_id=US1-splice-2;Name=US1-splice-2;ID=US1-splice-2;gene_id=US1;ORF_id=US1;"		US1	115257	116962
LT934125.1	Liftoff	transcript	114984	116961	.	+	.	"transcript_id=US1-splice-2;Name=US1-splice-2;ID=US1-splice-2;gene_id=US1;ORF_id=US1;"		US1	114985	116962
LT934125.1	Liftoff	exon	114984	115186	.	+	.	"transcript_id=US1-splice-3;Name=US1-splice-3;ID=US1-splice-3;gene_id=US1;ORF_id=US1;"		US1	114985	115186
LT934125.1	Liftoff	exon	115474	116961	.	+	.	"transcript_id=US1-splice-3;Name=US1-splice-3;ID=US1-splice-3;gene_id=US1;ORF_id=US1;"		US1	115474	116962
LT934125.1	Liftoff	transcript	114984	116961	.	+	.	"transcript_id=US1-splice-3;Name=US1-splice-3;ID=US1-splice-3;gene_id=US1;ORF_id=US1;"		US1	114985	116962
LT934125.1	Liftoff	exon	114984	115169	.	+	.	"transcript_id=US1-splice-4;Name=US1-splice-4;ID=US1-splice-4;gene_id=US1;ORF_id=US1;"		US1	114985	115169
LT934125.1	Liftoff	exon	115465	116961	.	+	.	"transcript_id=US1-splice-4;Name=US1-splice-4;ID=US1-splice-4;gene_id=US1;ORF_id=US1;"		US1	115465	116962
LT934125.1	Liftoff	transcript	114984	116961	.	+	.	"transcript_id=US1-splice-4;Name=US1-splice-4;ID=US1-splice-4;gene_id=US1;ORF_id=US1;"		US1	114985	116962
LT934125.1	Liftoff	exon	114984	115180	.	+	.	"transcript_id=US1-splice-5;Name=US1-splice-5;ID=US1-splice-5;gene_id=US1;ORF_id=US1;"		US1	114985	115180
LT934125.1	Liftoff	exon	115465	116961	.	+	.	"transcript_id=US1-splice-5;Name=US1-splice-5;ID=US1-splice-5;gene_id=US1;ORF_id=US1;"		US1	115465	116962
LT934125.1	Liftoff	transcript	114984	116961	.	+	.	"transcript_id=US1-splice-5;Name=US1-splice-5;ID=US1-splice-5;gene_id=US1;ORF_id=US1;"		US1	114985	116962
LT934125.1	Liftoff	exon	114984	115309	.	+	.	"transcript_id=US1-splice-6;Name=US1-splice-6;ID=US1-splice-6;gene_id=US1;ORF_id=US1;"		US1	114985	115309
LT934125.1	Liftoff	exon	115465	116961	.	+	.	"transcript_id=US1-splice-6;Name=US1-splice-6;ID=US1-splice-6;gene_id=US1;ORF_id=US1;"		US1	115465	116962
LT934125.1	Liftoff	transcript	114984	116961	.	+	.	"transcript_id=US1-splice-6;Name=US1-splice-6;ID=US1-splice-6;gene_id=US1;ORF_id=US1;"		US1	114985	116962
LT934125.1	Liftoff	exon	114001	115138	.	+	.	"transcript_id=US1-splice-L;Name=US1-splice-L;ID=US1-splice-L;gene_id=US1;ORF_id=US1;"		US1	114001	115138
LT934125.1	Liftoff	exon	115256	115308	.	+	.	"transcript_id=US1-splice-L;Name=US1-splice-L;ID=US1-splice-L;gene_id=US1;ORF_id=US1;"		US1	115256	115308
LT934125.1	Liftoff	exon	115464	116961	.	+	.	"transcript_id=US1-splice-L;Name=US1-splice-L;ID=US1-splice-L;gene_id=US1;ORF_id=US1;"		US1	115464	116961
LT934125.1	Liftoff	transcript	114001	116961	.	+	.	"transcript_id=US1-splice-L;Name=US1-splice-L;ID=US1-splice-L;gene_id=US1;ORF_id=US1;"		US1	114001	116961
LT934125.1	Liftoff	exon	114832	115138	.	+	.	"transcript_id=US1-splice-L2;Name=US1-splice-L2;ID=US1-splice-L2;gene_id=US1;ORF_id=US1;"		US1	114832	115138
LT934125.1	Liftoff	exon	115256	115308	.	+	.	"transcript_id=US1-splice-L2;Name=US1-splice-L2;ID=US1-splice-L2;gene_id=US1;ORF_id=US1;"		US1	115256	115308
LT934125.1	Liftoff	exon	115464	116961	.	+	.	"transcript_id=US1-splice-L2;Name=US1-splice-L2;ID=US1-splice-L2;gene_id=US1;ORF_id=US1;"		US1	115464	116961
LT934125.1	Liftoff	transcript	114832	116961	.	+	.	"transcript_id=US1-splice-L2;Name=US1-splice-L2;ID=US1-splice-L2;gene_id=US1;ORF_id=US1;"		US1	114832	116961
LT934125.1	Liftoff	exon	125225	126151	.	+	.	"transcript_id=US2;Name=US2;ID=US2;gene_id=US2;ORF_id=US2;"	canonic	US2	125225	126151
LT934125.1	Liftoff	transcript	125225	126151	.	+	.	"transcript_id=US2;Name=US2;ID=US2;gene_id=US2;ORF_id=US2;"	canonic	US2	125225	126151
LT934125.1	Liftoff	exon	125373	126151	.	+	.	"transcript_id=US2.3;Name=US2.3;ID=US2.3;gene_id=US2;ORF_id=US2.3;"		US2	125373	126151
LT934125.1	Liftoff	transcript	125373	126151	.	+	.	"transcript_id=US2.3;Name=US2.3;ID=US2.3;gene_id=US2;ORF_id=US2.3;"		US2	125373	126151
LT934125.1	Liftoff	exon	125430	126151	.	+	.	"transcript_id=US2.3-S;Name=US2.3-S;ID=US2.3-S;gene_id=US2;ORF_id=US2.3;"		US2	125430	126151
LT934125.1	Liftoff	transcript	125430	126151	.	+	.	"transcript_id=US2.3-S;Name=US2.3-S;ID=US2.3-S;gene_id=US2;ORF_id=US2.3;"		US2	125430	126151
LT934125.1	Liftoff	exon	125609	126151	.	+	.	"transcript_id=US2.3-S2;Name=US2.3-S2;ID=US2.3-S2;gene_id=US2;ORF_id=US2.3;"		US2	125609	126151
LT934125.1	Liftoff	transcript	125609	126151	.	+	.	"transcript_id=US2.3-S2;Name=US2.3-S2;ID=US2.3-S2;gene_id=US2;ORF_id=US2.3;"		US2	125609	126151
LT934125.1	Liftoff	exon	125729	126151	.	+	.	"transcript_id=US2.3-S3;Name=US2.3-S3;ID=US2.3-S3;gene_id=US2;ORF_id=US2.3;"		US2	125729	126151
LT934125.1	Liftoff	transcript	125729	126151	.	+	.	"transcript_id=US2.3-S3;Name=US2.3-S3;ID=US2.3-S3;gene_id=US2;ORF_id=US2.3;"		US2	125729	126151
LT934125.1	Liftoff	exon	125225	126191	.	+	.	"transcript_id=US2-AT;Name=US2-AT;ID=US2-AT;gene_id=US2;ORF_id=US2;"		US2	125225	126191
LT934125.1	Liftoff	transcript	125225	126191	.	+	.	"transcript_id=US2-AT;Name=US2-AT;ID=US2-AT;gene_id=US2;ORF_id=US2;"		US2	125225	126191
LT934125.1	Liftoff	exon	125105	126151	.	+	.	"transcript_id=US2-L;Name=US2-L;ID=US2-L;gene_id=US2;ORF_id=US2;"		US2	125105	126151
LT934125.1	Liftoff	transcript	125105	126151	.	+	.	"transcript_id=US2-L;Name=US2-L;ID=US2-L;gene_id=US2;ORF_id=US2;"		US2	125105	126151
LT934125.1	Liftoff	exon	117769	120477	.	+	.	"transcript_id=US3-4;Name=US3-4;ID=US3-4;gene_id=US3;ORF_id=US3;"	canonic	US3	117769	120477
LT934125.1	Liftoff	transcript	117769	120477	.	+	.	"transcript_id=US3-4;Name=US3-4;ID=US3-4;gene_id=US3;ORF_id=US3;"	canonic	US3	117769	120477
LT934125.1	Liftoff	exon	117607	120477	.	+	.	"transcript_id=US3-L-4;Name=US3-L-4;ID=US3-L-4;gene_id=US3;ORF_id=US3;"		US3	117607	120477
LT934125.1	Liftoff	transcript	117607	120477	.	+	.	"transcript_id=US3-L-4;Name=US3-L-4;ID=US3-L-4;gene_id=US3;ORF_id=US3;"		US3	117607	120477
LT934125.1	Liftoff	exon	118864	120477	.	+	.	"transcript_id=US4;Name=US4;ID=US4;gene_id=US4;ORF_id=US4;"	canonic	US4	118864	120477
LT934125.1	Liftoff	transcript	118864	120477	.	+	.	"transcript_id=US4;Name=US4;ID=US4;gene_id=US4;ORF_id=US4;"	canonic	US4	118864	120477
LT934125.1	Liftoff	exon	119002	120477	.	+	.	"transcript_id=US4.2;Name=US4.2;ID=US4.2;gene_id=US4;ORF_id=US4.2;"		US4	119002	120477
LT934125.1	Liftoff	transcript	119002	120477	.	+	.	"transcript_id=US4.2;Name=US4.2;ID=US4.2;gene_id=US4;ORF_id=US4.2;"		US4	119002	120477
LT934125.1	Liftoff	exon	119127	120477	.	+	.	"transcript_id=US4.3;Name=US4.3;ID=US4.3;gene_id=US4;ORF_id=US4.3;"		US4	119127	120477
LT934125.1	Liftoff	transcript	119127	120477	.	+	.	"transcript_id=US4.3;Name=US4.3;ID=US4.3;gene_id=US4;ORF_id=US4.3;"		US4	119127	120477
LT934125.1	Liftoff	exon	119221	120477	.	+	.	"transcript_id=US4.3-S;Name=US4.3-S;ID=US4.3-S;gene_id=US4;ORF_id=US4.3;"		US4	119221	120477
LT934125.1	Liftoff	transcript	119221	120477	.	+	.	"transcript_id=US4.3-S;Name=US4.3-S;ID=US4.3-S;gene_id=US4;ORF_id=US4.3;"		US4	119221	120477
LT934125.1	Liftoff	exon	119344	120477	.	+	.	"transcript_id=US4.5;Name=US4.5;ID=US4.5;gene_id=US4;ORF_id=US4.5;"		US4	119344	120477
LT934125.1	Liftoff	transcript	119344	120477	.	+	.	"transcript_id=US4.5;Name=US4.5;ID=US4.5;gene_id=US4;ORF_id=US4.5;"		US4	119344	120477
LT934125.1	Liftoff	exon	119404	120477	.	+	.	"transcript_id=US4.5-S;Name=US4.5-S;ID=US4.5-S;gene_id=US4;ORF_id=US4.5;"		US4	119404	120477
LT934125.1	Liftoff	transcript	119404	120477	.	+	.	"transcript_id=US4.5-S;Name=US4.5-S;ID=US4.5-S;gene_id=US4;ORF_id=US4.5;"		US4	119404	120477
LT934125.1	Liftoff	exon	119436	120477	.	+	.	"transcript_id=US4.5-S2;Name=US4.5-S2;ID=US4.5-S2;gene_id=US4;ORF_id=US4.5;"		US4	119436	120477
LT934125.1	Liftoff	transcript	119436	120477	.	+	.	"transcript_id=US4.5-S2;Name=US4.5-S2;ID=US4.5-S2;gene_id=US4;ORF_id=US4.5;"		US4	119436	120477
LT934125.1	Liftoff	exon	119500	120477	.	+	.	"transcript_id=US4.6;Name=US4.6;ID=US4.6;gene_id=US4;ORF_id=US4.6;"		US4	119500	120477
LT934125.1	Liftoff	transcript	119500	120477	.	+	.	"transcript_id=US4.6;Name=US4.6;ID=US4.6;gene_id=US4;ORF_id=US4.6;"		US4	119500	120477
LT934125.1	Liftoff	exon	119632	120477	.	+	.	"transcript_id=US4.6-S;Name=US4.6-S;ID=US4.6-S;gene_id=US4;ORF_id=US4.6;"		US4	119632	120477
LT934125.1	Liftoff	transcript	119632	120477	.	+	.	"transcript_id=US4.6-S;Name=US4.6-S;ID=US4.6-S;gene_id=US4;ORF_id=US4.6;"		US4	119632	120477
LT934125.1	Liftoff	exon	120081	120477	.	+	.	"transcript_id=US4.7;Name=US4.7;ID=US4.7;gene_id=US4;ORF_id=US4.7;"		US4	120081	120477
LT934125.1	Liftoff	transcript	120081	120477	.	+	.	"transcript_id=US4.7;Name=US4.7;ID=US4.7;gene_id=US4;ORF_id=US4.7;"		US4	120081	120477
LT934125.1	Liftoff	exon	120256	120477	.	+	.	"transcript_id=US4.7-S;Name=US4.7-S;ID=US4.7-S;gene_id=US4;ORF_id=US4.7;"		US4	120256	120477
LT934125.1	Liftoff	transcript	120256	120477	.	+	.	"transcript_id=US4.7-S;Name=US4.7-S;ID=US4.7-S;gene_id=US4;ORF_id=US4.7;"		US4	120256	120477
LT934125.1	Liftoff	exon	118864	122915	.	+	.	"transcript_id=US4-6-7;Name=US4-6-7;ID=US4-6-7;gene_id=US4;ORF_id=US4;"	canonic	US4	118864	122915
LT934125.1	Liftoff	transcript	118864	122915	.	+	.	"transcript_id=US4-6-7;Name=US4-6-7;ID=US4-6-7;gene_id=US4;ORF_id=US4;"	canonic	US4	118864	122915
LT934125.1	Liftoff	exon	118860	120344	.	-	.	"transcript_id=US4-AS1;Name=US4-AS1;ID=US4-AS1;gene_id=US4;ORF_id=US4;"		US4	120344	118860
LT934125.1	Liftoff	transcript	118860	120344	.	-	.	"transcript_id=US4-AS1;Name=US4-AS1;ID=US4-AS1;gene_id=US4;ORF_id=US4;"		US4	120344	118860
LT934125.1	Liftoff	exon	118864	121347	.	+	.	"transcript_id=US4-AT;Name=US4-AT;ID=US4-AT;gene_id=US4;ORF_id=US4;"		US4	118864	121347
LT934125.1	Liftoff	transcript	118864	121347	.	+	.	"transcript_id=US4-AT;Name=US4-AT;ID=US4-AT;gene_id=US4;ORF_id=US4;"		US4	118864	121347
LT934125.1	Liftoff	exon	118807	120477	.	+	.	"transcript_id=US4-L;Name=US4-L;ID=US4-L;gene_id=US4;ORF_id=US4;"		US4	118807	120477
LT934125.1	Liftoff	transcript	118807	120477	.	+	.	"transcript_id=US4-L;Name=US4-L;ID=US4-L;gene_id=US4;ORF_id=US4;"		US4	118807	120477
LT934125.1	Liftoff	exon	120555	121842	.	+	.	"transcript_id=US6;Name=US6;ID=US6;gene_id=US6;ORF_id=US6;"	canonic	US6	120555	121842
LT934125.1	Liftoff	transcript	120555	121842	.	+	.	"transcript_id=US6;Name=US6;ID=US6;gene_id=US6;ORF_id=US6;"	canonic	US6	120555	121842
LT934125.1	Liftoff	exon	120555	122915	.	+	.	"transcript_id=US6-7;Name=US6-7;ID=US6-7;gene_id=US6;ORF_id=US6;"	canonic	US6	120555	122915
LT934125.1	Liftoff	transcript	120555	122915	.	+	.	"transcript_id=US6-7;Name=US6-7;ID=US6-7;gene_id=US6;ORF_id=US6;"	canonic	US6	120555	122915
LT934125.1	Liftoff	exon	120555	126151	.	+	.	"transcript_id=US6-7-8-9-2;Name=US6-7-8-9-2;ID=US6-7-8-9-2;gene_id=US6;ORF_id=US6;"	canonic	US6	120555	126151
LT934125.1	Liftoff	transcript	120555	126151	.	+	.	"transcript_id=US6-7-8-9-2;Name=US6-7-8-9-2;ID=US6-7-8-9-2;gene_id=US6;ORF_id=US6;"	canonic	US6	120555	126151
LT934125.1	Liftoff	exon	121784	122915	.	+	.	"transcript_id=US7;Name=US7;ID=US7;gene_id=US7;ORF_id=US7;"	canonic	US7	121784	122915
LT934125.1	Liftoff	transcript	121784	122915	.	+	.	"transcript_id=US7;Name=US7;ID=US7;gene_id=US7;ORF_id=US7;"	canonic	US7	121784	122915
LT934125.1	Liftoff	exon	122698	122915	.	+	.	"transcript_id=US7.1;Name=US7.1;ID=US7.1;gene_id=US7;ORF_id=US7.1;"		US7	122698	122915
LT934125.1	Liftoff	transcript	122698	122915	.	+	.	"transcript_id=US7.1;Name=US7.1;ID=US7.1;gene_id=US7;ORF_id=US7.1;"		US7	122698	122915
LT934125.1	Liftoff	exon	121886	122915	.	+	.	"transcript_id=US7.3;Name=US7.3;ID=US7.3;gene_id=US7;ORF_id=US7.3;"		US7	121886	122915
LT934125.1	Liftoff	transcript	121886	122915	.	+	.	"transcript_id=US7.3;Name=US7.3;ID=US7.3;gene_id=US7;ORF_id=US7.3;"		US7	121886	122915
LT934125.1	Liftoff	exon	122258	122915	.	+	.	"transcript_id=US7.3-S;Name=US7.3-S;ID=US7.3-S;gene_id=US7;ORF_id=US7.3;"		US7	122258	122915
LT934125.1	Liftoff	transcript	122258	122915	.	+	.	"transcript_id=US7.3-S;Name=US7.3-S;ID=US7.3-S;gene_id=US7;ORF_id=US7.3;"		US7	122258	122915
LT934125.1	Liftoff	exon	122463	122915	.	+	.	"transcript_id=US7.3-S2;Name=US7.3-S2;ID=US7.3-S2;gene_id=US7;ORF_id=US7.3;"		US7	122463	122915
LT934125.1	Liftoff	transcript	122463	122915	.	+	.	"transcript_id=US7.3-S2;Name=US7.3-S2;ID=US7.3-S2;gene_id=US7;ORF_id=US7.3;"		US7	122463	122915
LT934125.1	Liftoff	exon	121784	125230	.	+	.	"transcript_id=US7-8-9;Name=US7-8-9;ID=US7-8-9;gene_id=US7;ORF_id=US7;"	canonic	US7	121784	125230
LT934125.1	Liftoff	transcript	121784	125230	.	+	.	"transcript_id=US7-8-9;Name=US7-8-9;ID=US7-8-9;gene_id=US7;ORF_id=US7;"	canonic	US7	121784	125230
LT934125.1	Liftoff	exon	121784	126151	.	+	.	"transcript_id=US7-8-9-2;Name=US7-8-9-2;ID=US7-8-9-2;gene_id=US7;ORF_id=US7;"	canonic	US7	121784	126151
LT934125.1	Liftoff	transcript	121784	126151	.	+	.	"transcript_id=US7-8-9-2;Name=US7-8-9-2;ID=US7-8-9-2;gene_id=US7;ORF_id=US7;"	canonic	US7	121784	126151
LT934125.1	Liftoff	exon	121784	126191	.	+	.	"transcript_id=US7-8-9-2-AT1;Name=US7-8-9-2-AT1;ID=US7-8-9-2-AT1;gene_id=US7;ORF_id=US7;"		US7	121783	126191
LT934125.1	Liftoff	transcript	121784	126191	.	+	.	"transcript_id=US7-8-9-2-AT1;Name=US7-8-9-2-AT1;ID=US7-8-9-2-AT1;gene_id=US7;ORF_id=US7;"		US7	121783	126191
LT934125.1	Liftoff	exon	120934	122915	.	+	.	"transcript_id=US7-L;Name=US7-L;ID=US7-L;gene_id=US7;ORF_id=US7;"		US7	120934	122915
LT934125.1	Liftoff	transcript	120934	122915	.	+	.	"transcript_id=US7-L;Name=US7-L;ID=US7-L;gene_id=US7;ORF_id=US7;"		US7	120934	122915
LT934125.1	Liftoff	exon	121058	122915	.	+	.	"transcript_id=US7-L2;Name=US7-L2;ID=US7-L2;gene_id=US7;ORF_id=US7;"		US7	121058	122915
LT934125.1	Liftoff	transcript	121058	122915	.	+	.	"transcript_id=US7-L2;Name=US7-L2;ID=US7-L2;gene_id=US7;ORF_id=US7;"		US7	121058	122915
LT934125.1	Liftoff	exon	121715	122915	.	+	.	"transcript_id=US7-L3;Name=US7-L3;ID=US7-L3;gene_id=US7;ORF_id=US7;"		US7	121715	122915
LT934125.1	Liftoff	transcript	121715	122915	.	+	.	"transcript_id=US7-L3;Name=US7-L3;ID=US7-L3;gene_id=US7;ORF_id=US7;"		US7	121715	122915
LT934125.1	Liftoff	exon	122979	125230	.	+	.	"transcript_id=US8-9;Name=US8-9;ID=US8-9;gene_id=US8;ORF_id=US8;"	canonic	US8	122979	125230
LT934125.1	Liftoff	transcript	122979	125230	.	+	.	"transcript_id=US8-9;Name=US8-9;ID=US8-9;gene_id=US8;ORF_id=US8;"	canonic	US8	122979	125230
LT934125.1	Liftoff	exon	122979	126151	.	+	.	"transcript_id=US8-9-2;Name=US8-9-2;ID=US8-9-2;gene_id=US8;ORF_id=US8;"	canonic	US8	122979	126151
LT934125.1	Liftoff	transcript	122979	126151	.	+	.	"transcript_id=US8-9-2;Name=US8-9-2;ID=US8-9-2;gene_id=US8;ORF_id=US8;"	canonic	US8	122979	126151
LT934125.1	Liftoff	exon	122979	126191	.	+	.	"transcript_id=US8-9-2-AT1;Name=US8-9-2-AT1;ID=US8-9-2-AT1;gene_id=US8;ORF_id=US8;"		US8	122979	126191
LT934125.1	Liftoff	transcript	122979	126191	.	+	.	"transcript_id=US8-9-2-AT1;Name=US8-9-2-AT1;ID=US8-9-2-AT1;gene_id=US8;ORF_id=US8;"		US8	122979	126191
LT934125.1	Liftoff	exon	122698	125230	.	+	.	"transcript_id=US8-L-US9;Name=US8-L-US9;ID=US8-L-US9;gene_id=US8;ORF_id=US8;"		US8	122698	125230
LT934125.1	Liftoff	transcript	122698	125230	.	+	.	"transcript_id=US8-L-US9;Name=US8-L-US9;ID=US8-L-US9;gene_id=US8;ORF_id=US8;"		US8	122698	125230
LT934125.1	Liftoff	exon	124756	125230	.	+	.	"transcript_id=US9;Name=US9;ID=US9;gene_id=US9;ORF_id=US9;"	canonic	US9	124756	125230
LT934125.1	Liftoff	transcript	124756	125230	.	+	.	"transcript_id=US9;Name=US9;ID=US9;gene_id=US9;ORF_id=US9;"	canonic	US9	124756	125230
LT934125.1	Liftoff	exon	124872	125230	.	+	.	"transcript_id=US9.3;Name=US9.3;ID=US9.3;gene_id=US9;ORF_id=US9.3;"		US9	124872	125230
LT934125.1	Liftoff	transcript	124872	125230	.	+	.	"transcript_id=US9.3;Name=US9.3;ID=US9.3;gene_id=US9;ORF_id=US9.3;"		US9	124872	125230
LT934125.1	Liftoff	exon	124756	126151	.	+	.	"transcript_id=US9-2;Name=US9-2;ID=US9-2;gene_id=US9;ORF_id=US9;"	canonic	US9	124756	126151
LT934125.1	Liftoff	transcript	124756	126151	.	+	.	"transcript_id=US9-2;Name=US9-2;ID=US9-2;gene_id=US9;ORF_id=US9;"	canonic	US9	124756	126151
LT934125.1	Liftoff	exon	124677	125230	.	+	.	"transcript_id=US9-L1;Name=US9-L1;ID=US9-L1;gene_id=US9;ORF_id=US9;"		US9	124677	125230
LT934125.1	Liftoff	transcript	124677	125230	.	+	.	"transcript_id=US9-L1;Name=US9-L1;ID=US9-L1;gene_id=US9;ORF_id=US9;"		US9	124677	125230
LT934125.1	Liftoff	exon	124286	125230	.	+	.	"transcript_id=US9-L2;Name=US9-L2;ID=US9-L2;gene_id=US9;ORF_id=US9;"		US9	124286	125230
LT934125.1	Liftoff	transcript	124286	125230	.	+	.	"transcript_id=US9-L2;Name=US9-L2;ID=US9-L2;gene_id=US9;ORF_id=US9;"		US9	124286	125230
LT934125.1	Liftoff	exon	124180	125230	.	+	.	"transcript_id=US9-L3;Name=US9-L3;ID=US9-L3;gene_id=US9;ORF_id=US9;"		US9	124180	125230
LT934125.1	Liftoff	transcript	124180	125230	.	+	.	"transcript_id=US9-L3;Name=US9-L3;ID=US9-L3;gene_id=US9;ORF_id=US9;"		US9	124180	125230
LT934125.1	Liftoff	exon	123878	125230	.	+	.	"transcript_id=US9-L4;Name=US9-L4;ID=US9-L4;gene_id=US9;ORF_id=US9;"		US9	123878	125230
LT934125.1	Liftoff	transcript	123878	125230	.	+	.	"transcript_id=US9-L4;Name=US9-L4;ID=US9-L4;gene_id=US9;ORF_id=US9;"		US9	123878	125230
LT934125.1	Liftoff	exon	123780	125230	.	+	.	"transcript_id=US9-L5;Name=US9-L5;ID=US9-L5;gene_id=US9;ORF_id=US9;"		US9	123780	125230
LT934125.1	Liftoff	transcript	123780	125230	.	+	.	"transcript_id=US9-L5;Name=US9-L5;ID=US9-L5;gene_id=US9;ORF_id=US9;"		US9	123780	125230
LT934125.1	Liftoff	exon	123560	125230	.	+	.	"transcript_id=US9-L6;Name=US9-L6;ID=US9-L6;gene_id=US9;ORF_id=US9;"		US9	123560	125230
LT934125.1	Liftoff	transcript	123560	125230	.	+	.	"transcript_id=US9-L6;Name=US9-L6;ID=US9-L6;gene_id=US9;ORF_id=US9;"		US9	123560	125230
LT934125.1	Liftoff	exon	124402	126151	.	+	.	"transcript_id=US9-US2-L;Name=US9-US2-L;ID=US9-US2-L;gene_id=US9;ORF_id=US9;"		US9	124402	126151
LT934125.1	Liftoff	transcript	124402	126151	.	+	.	"transcript_id=US9-US2-L;Name=US9-US2-L;ID=US9-US2-L;gene_id=US9;ORF_id=US9;"		US9	124402	126151
LT934125.1	Liftoff	exon	123824	126151	.	+	.	"transcript_id=US9-US2-L2;Name=US9-US2-L2;ID=US9-US2-L2;gene_id=US9;ORF_id=US9;"		US9	123824	126151
LT934125.1	Liftoff	transcript	123824	126151	.	+	.	"transcript_id=US9-US2-L2;Name=US9-US2-L2;ID=US9-US2-L2;gene_id=US9;ORF_id=US9;"		US9	123824	126151
LT934125.1	Liftoff	exon	123587	126151	.	+	.	"transcript_id=US9-US2-L3;Name=US9-US2-L3;ID=US9-US2-L3;gene_id=US9;ORF_id=US9;"		US9	123587	126151
LT934125.1	Liftoff	transcript	123587	126151	.	+	.	"transcript_id=US9-US2-L3;Name=US9-US2-L3;ID=US9-US2-L3;gene_id=US9;ORF_id=US9;"		US9	123587	126151
LT934125.1	Liftoff	exon	123314	126151	.	+	.	"transcript_id=US9-US2-L4;Name=US9-US2-L4;ID=US9-US2-L4;gene_id=US9;ORF_id=US9;"		US9	123314	126151
LT934125.1	Liftoff	transcript	123314	126151	.	+	.	"transcript_id=US9-US2-L4;Name=US9-US2-L4;ID=US9-US2-L4;gene_id=US9;ORF_id=US9;"		US9	123314	126151
LT934125.1	LoRTIA	mRNA	105212	108830	.	+	.	"transcript_id=NOIR1-L;Name=NOIR1-L;ID=NOIR1-L;gene_id=NOIR;ORF_id=NOIR;"		NOIR	105212	108829
LT934125.1	LoRTIA	exon	105212	108830	.	+	.	"transcript_id=NOIR1-L;Name=NOIR1-L;ID=NOIR1-L;gene_id=NOIR;ORF_id=NOIR;"		NOIR	105212	108829
