seqnames	strand	cluster	TC.start	TC.end	TC.width	support	score	mean_shape	min_shape	max_shape	consensus_peak	min_peak	max_peak	hpi_samples	cell_lines
LT934125.1	+	1	775	775	0	1	62.932662	0	0	0	775	775	775	NA	NA
LT934125.1	+	2	949	949	0	1	241.779497	0	0	0	949	949	949	NA	NA
LT934125.1	+	3	985	990	3	6	23498.565689	0	0	1.49319665010434	990	987	990	NA	NA
LT934125.1	+	4	1033	1035	0	1	109.143496	1.28584540492312	1.28584540492312	1.28584540492312	1035	1035	1035	NA	NA
LT934125.1	+	5	1108	1108	0	1	62.932662	0	0	0	1108	1108	1108	NA	NA
LT934125.1	+	6	1174	1174	0	1	27.285874	0	0	0	1174	1174	1174	NA	NA
LT934125.1	+	7	1257	1260	3	2	90.218536	0	0	0	1258	1257	1260	NA	NA
LT934125.1	+	8	1327	1339	5	6	6740.009665	1.5695159675136	1.5695159675136	6.16375550076101	1336	1334	1339	NA	NA
LT934125.1	+	9	1379	1382	3	3	141.805451	0	0	0	1381	1379	1382	NA	NA
LT934125.1	+	10	1469	1469	0	2	90.218536	0	0	0	1469	1469	1469	NA	NA
LT934125.1	+	11	1501	1501	0	1	48.602083	0	0	0	1501	1501	1501	NA	NA
LT934125.1	+	12	1597	1604	1	6	4814.66339	0	0	3.53380760191737	1600	1599	1600	NA	NA
LT934125.1	+	13	1666	1666	0	1	54.571748	0	0	0	1666	1666	1666	NA	NA
LT934125.1	+	14	1712	1729	16	5	1338.822437	0	0	7.99293903385576	1717	1712	1728	NA	NA
LT934125.1	+	15	1830	1871	41	4	969.779259	0	0	1.56154964916481	1852	1830	1871	NA	NA
LT934125.1	+	16	1911	1914	3	3	655.092874	0	0	0	1912	1911	1914	NA	NA
LT934125.1	+	17	2014	2017	3	2	304.712159	0	0	0	2016	2014	2017	NA	NA
LT934125.1	+	18	2069	2069	0	1	27.285874	0	0	0	2069	2069	2069	NA	NA
LT934125.1	+	19	2142	2142	0	1	60.752603	0	0	0	2142	2142	2142	NA	NA
LT934125.1	+	20	2168	2168	0	2	147.473942	0	0	0	2168	2168	2168	NA	NA
LT934125.1	+	21	2223	2223	0	1	21.608618	0	0	0	2223	2223	2223	NA	NA
LT934125.1	+	22	2277	2286	9	2	88.142716	0	0	0	2282	2277	2286	NA	NA
LT934125.1	+	23	2370	2370	0	1	62.932662	0	0	0	2370	2370	2370	NA	NA
LT934125.1	+	24	2473	2506	33	4	160.429237	0	0	0	2489	2473	2506	NA	NA
LT934125.1	+	25	2546	2586	40	5	897.672141	0	0	1.58496250072116	2571	2546	2586	NA	NA
LT934125.1	+	26	2753	2753	0	1	241.779497	0	0	0	2753	2753	2753	NA	NA
LT934125.1	+	27	2851	2851	0	1	27.285874	0	0	0	2851	2851	2851	NA	NA
LT934125.1	+	28	2969	2978	9	2	304.712159	0	0	0	2974	2969	2978	NA	NA
LT934125.1	+	29	3645	3657	6	4	3955.480944	0	0	1.41282476276888	3652	3651	3657	NA	NA
LT934125.1	+	30	3871	3871	0	1	191.001119	0	0	0	3871	3871	3871	NA	NA
LT934125.1	+	31	3966	3967	1	2	87.233703	0	0	0	3966	3966	3967	NA	NA
LT934125.1	+	32	4480	4480	0	2	71.119712	0	0	0	4480	4480	4480	NA	NA
LT934125.1	+	33	4557	4557	0	1	27.285874	0	0	0	4557	4557	4557	NA	NA
LT934125.1	+	34	4630	4635	5	4	350.220166	0	0	2	4632	4630	4635	NA	NA
LT934125.1	+	35	4949	4978	29	3	876.3647	0	0	0	4965	4949	4978	NA	NA
LT934125.1	+	36	5107	5107	0	1	27.285874	0	0	0	5107	5107	5107	NA	NA
LT934125.1	+	37	6452	6455	0	1	54.571748	2	2	2	6452	6452	6452	NA	NA
LT934125.1	+	38	6680	6680	0	1	27.285874	0	0	0	6680	6680	6680	NA	NA
LT934125.1	+	39	6731	6731	0	1	62.932662	0	0	0	6731	6731	6731	NA	NA
LT934125.1	+	40	6887	6887	0	1	62.932662	0	0	0	6887	6887	6887	NA	NA
LT934125.1	+	41	7097	7097	0	1	62.932662	0	0	0	7097	7097	7097	NA	NA
LT934125.1	+	42	7272	7281	0	1	125.865324	3.32192809488736	3.32192809488736	3.32192809488736	7272	7272	7272	NA	NA
LT934125.1	+	43	7441	7441	0	1	27.285874	0	0	0	7441	7441	7441	NA	NA
LT934125.1	+	44	7585	7591	0	5	9331.639306	1.69070187381633	1.69070187381633	3.70905995304893	7591	7591	7591	NA	NA
LT934125.1	+	45	7698	7698	0	1	62.932662	0	0	0	7698	7698	7698	NA	NA
LT934125.1	+	46	7752	7752	0	1	62.932662	0	0	0	7752	7752	7752	NA	NA
LT934125.1	+	47	7808	7811	0	3	175.932164	0	0	1.83659166810898	7811	7811	7811	NA	NA
LT934125.1	+	48	7851	7863	12	2	90.218536	0	0	0	7857	7851	7863	NA	NA
LT934125.1	+	49	8238	8239	1	2	87.233703	0	0	0	8238	8238	8239	NA	NA
LT934125.1	+	50	8531	8531	0	1	24.301041	0	0	0	8531	8531	8531	NA	NA
LT934125.1	+	51	8605	8605	0	1	62.932662	0	0	0	8605	8605	8605	NA	NA
LT934125.1	+	52	8705	8705	0	1	241.779497	0	0	0	8705	8705	8705	NA	NA
LT934125.1	+	53	8735	8735	0	1	24.301041	0	0	0	8735	8735	8735	NA	NA
LT934125.1	+	54	8805	8805	0	1	62.932662	0	0	0	8805	8805	8805	NA	NA
LT934125.1	+	55	8902	8904	2	4	356.299074	0	0	0	8903	8902	8904	NA	NA
LT934125.1	+	56	9017	9020	3	2	75.887957	0	0	0	9018	9017	9020	NA	NA
LT934125.1	+	57	9052	9052	0	1	62.932662	0	0	0	9052	9052	9052	NA	NA
LT934125.1	+	58	9108	9115	5	6	31004.025366	1.28584540492312	1.28584540492312	4.3196349916549	9111	9108	9113	NA	NA
LT934125.1	+	59	9257	9270	0	6	96386.194546	0.331723457764852	0.331723457764852	0.690234629946463	9270	9270	9270	NA	NA
LT934125.1	+	60	9339	9339	0	2	77.338407	0	0	0	9339	9339	9339	NA	NA
LT934125.1	+	61	9411	9423	1	6	6723.976813	0	0	2.91092892308965	9415	9414	9415	NA	NA
LT934125.1	+	62	9473	9491	1	5	1632.631135	0	0	6.37355646705709	9480	9479	9480	NA	NA
LT934125.1	+	63	9545	9558	2	5	1685.312489	0	0	2.58817936879202	9548	9548	9550	NA	NA
LT934125.1	+	64	9592	9592	0	1	21.608618	0	0	0	9592	9592	9592	NA	NA
LT934125.1	+	65	9638	9647	3	6	122944.445765	0	0	1.29289704434047	9646	9643	9646	NA	NA
LT934125.1	+	66	9707	9728	21	2	1953.842948	0	0	3.05246981989905	9718	9707	9728	NA	NA
LT934125.1	+	67	9742	9771	3	5	3918.540985	0	0	5.20148261524489	9760	9759	9762	NA	NA
LT934125.1	+	68	9803	9820	17	4	1627.758267	0	0	2.74190118426235	9808	9803	9820	NA	NA
LT934125.1	+	69	9859	9867	5	3	436.851576	1.97543998797919	1.97543998797919	2.99767224416586	9864	9862	9867	NA	NA
LT934125.1	+	70	9932	9949	1	6	3287.384727	0	0	5.49024829634309	9933	9932	9933	NA	NA
LT934125.1	+	71	9996	10014	11	3	719.770196	8.68380237781867	8.68380237781867	8.99942228670911	10002	9998	10009	NA	NA
LT934125.1	+	72	10059	10059	0	1	241.779497	0	0	0	10059	10059	10059	NA	NA
LT934125.1	+	73	10087	10089	1	4	1300.960547	0.48890858642327	0.48890858642327	0.811278124459133	10089	10088	10089	NA	NA
LT934125.1	+	74	10135	10166	29	5	759.504515	0	0	0	10154	10135	10164	NA	NA
LT934125.1	+	75	10218	10218	0	1	24.301041	0	0	0	10218	10218	10218	NA	NA
LT934125.1	+	76	10258	10267	0	1	54.571748	3.32192809488736	3.32192809488736	3.32192809488736	10258	10258	10258	NA	NA
LT934125.1	+	77	10334	10334	0	1	27.285874	0	0	0	10334	10334	10334	NA	NA
LT934125.1	+	78	10426	10435	3	5	12852.35641	0	0	3.44535052820735	10430	10428	10431	NA	NA
LT934125.1	+	79	10521	10521	0	1	62.932662	0	0	0	10521	10521	10521	NA	NA
LT934125.1	+	80	10620	10628	8	2	90.218536	0	0	0	10624	10620	10628	NA	NA
LT934125.1	+	81	10694	10694	0	1	27.285874	0	0	0	10694	10694	10694	NA	NA
LT934125.1	+	82	10784	10784	0	1	18.007181	0	0	0	10784	10784	10784	NA	NA
LT934125.1	+	83	10859	10859	0	1	27.285874	0	0	0	10859	10859	10859	NA	NA
LT934125.1	+	84	10956	10956	0	1	62.932662	0	0	0	10956	10956	10956	NA	NA
LT934125.1	+	85	10997	10999	2	3	108.225717	0	0	0	10998	10997	10999	NA	NA
LT934125.1	+	86	11040	11063	23	2	87.233703	0	0	0	11052	11040	11063	NA	NA
LT934125.1	+	87	11153	11153	0	1	27.285874	0	0	0	11153	11153	11153	NA	NA
LT934125.1	+	88	11270	11270	0	1	27.285874	0	0	0	11270	11270	11270	NA	NA
LT934125.1	+	89	11499	11499	0	1	27.285874	0	0	0	11499	11499	11499	NA	NA
LT934125.1	+	90	11526	11526	0	1	18.007181	0	0	0	11526	11526	11526	NA	NA
LT934125.1	+	91	11606	11640	25	4	1342.169328	0	0	3.00829576227038	11624	11606	11631	NA	NA
LT934125.1	+	92	11701	11701	0	1	27.285874	0	0	0	11701	11701	11701	NA	NA
LT934125.1	+	93	11785	11797	1	6	172970.721939	0.666578358024853	0.666578358024853	2.01257509570466	11793	11792	11793	NA	NA
LT934125.1	+	94	11840	11872	23	3	280.119247	0	0	5.21969551603592	11849	11840	11863	NA	NA
LT934125.1	+	95	11920	11938	10	4	948.944042	0	0	9.66169129233631	11924	11920	11930	NA	NA
LT934125.1	+	96	11962	11980	1	4	1883.013362	0	0	4.19360401028626	11977	11976	11977	NA	NA
LT934125.1	+	97	12004	12036	3	2	1290.796995	0	0	10.1783610364725	12020	12019	12022	NA	NA
LT934125.1	+	98	12010	12070	10	5	5269.319742	2.8073549220576	2.8073549220576	22.2970785425293	12064	12058	12068	NA	NA
LT934125.1	+	99	12104	12130	6	3	1348.230328	5.61286174745836	5.61286174745836	11.4189000179336	12113	12109	12115	NA	NA
LT934125.1	+	100	12166	12172	6	2	1051.418165	0	0	0	12169	12166	12172	NA	NA
LT934125.1	+	101	12204	12211	7	3	174.759816	0	0	3	12209	12204	12211	NA	NA
LT934125.1	+	102	12373	12373	0	1	27.285874	0	0	0	12373	12373	12373	NA	NA
LT934125.1	+	103	12416	12416	0	2	68.977493	0	0	0	12416	12416	12416	NA	NA
LT934125.1	+	104	12447	12447	0	1	24.301041	0	0	0	12447	12447	12447	NA	NA
LT934125.1	+	105	12842	12842	0	1	18.007181	0	0	0	12842	12842	12842	NA	NA
LT934125.1	+	106	13296	13296	0	1	241.779497	0	0	0	13296	13296	13296	NA	NA
LT934125.1	+	107	13326	13326	0	1	62.932662	0	0	0	13326	13326	13326	NA	NA
LT934125.1	+	108	13374	13374	0	1	24.301041	0	0	0	13374	13374	13374	NA	NA
LT934125.1	+	109	13405	13405	0	1	241.779497	0	0	0	13405	13405	13405	NA	NA
LT934125.1	+	110	13593	13598	0	1	28.81149	2.58496250072116	2.58496250072116	2.58496250072116	13593	13593	13593	NA	NA
LT934125.1	+	111	13858	13858	0	1	36.451562	0	0	0	13858	13858	13858	NA	NA
LT934125.1	+	112	13979	13979	0	1	24.301041	0	0	0	13979	13979	13979	NA	NA
LT934125.1	+	113	14043	14051	3	6	53570.601716	0	0	3.22518718243005	14047	14045	14048	NA	NA
LT934125.1	+	114	14137	14139	0	3	698.611285	0	0	2.37744375108173	14138	14138	14138	NA	NA
LT934125.1	+	115	14175	14176	0	1	125.865324	1	1	1	14175	14175	14175	NA	NA
LT934125.1	+	116	14207	14207	0	1	27.285874	0	0	0	14207	14207	14207	NA	NA
LT934125.1	+	117	14267	14267	0	1	62.932662	0	0	0	14267	14267	14267	NA	NA
LT934125.1	+	118	14294	14294	0	1	18.007181	0	0	0	14294	14294	14294	NA	NA
LT934125.1	+	119	14338	14338	0	1	27.285874	0	0	0	14338	14338	14338	NA	NA
LT934125.1	+	120	14398	14400	2	2	51.586915	0	0	0	14399	14398	14400	NA	NA
LT934125.1	+	121	14468	14468	0	1	27.285874	0	0	0	14468	14468	14468	NA	NA
LT934125.1	+	122	14537	14563	26	4	307.772157	0	0	0	14552	14537	14563	NA	NA
LT934125.1	+	123	14603	14606	3	4	252.361558	0	0	0	14605	14603	14606	NA	NA
LT934125.1	+	124	14654	14684	20	2	144.790284	0	0	5.48306938934921	14664	14654	14674	NA	NA
LT934125.1	+	125	14741	14741	0	1	27.285874	0	0	0	14741	14741	14741	NA	NA
LT934125.1	+	126	14821	14822	1	4	234.354377	0	0	0	14822	14821	14822	NA	NA
LT934125.1	+	127	14861	14861	0	1	18.007181	0	0	0	14861	14861	14861	NA	NA
LT934125.1	+	128	14935	14956	21	4	322.610098	0	0	3.16992500144231	14945	14935	14956	NA	NA
LT934125.1	+	129	15028	15054	26	3	293.366412	0	0	0	15044	15028	15054	NA	NA
LT934125.1	+	130	15085	15109	17	3	171.158379	0	0	3	15095	15085	15102	NA	NA
LT934125.1	+	131	15172	15187	15	5	588.991811	0	0	8.7886388936966	15178	15172	15187	NA	NA
LT934125.1	+	132	15251	15286	35	3	104.624281	0	0	0	15269	15251	15286	NA	NA
LT934125.1	+	133	15321	15366	25	4	1181.076859	0	0	8.25740278004968	15340	15321	15346	NA	NA
LT934125.1	+	134	15374	15380	3	2	85.962657	0	0	2.72580292501089	15378	15377	15380	NA	NA
LT934125.1	+	135	15427	15445	18	2	87.233703	0	0	0	15436	15427	15445	NA	NA
LT934125.1	+	136	15513	15550	37	5	1533.666192	0	0	3.32192809488736	15531	15513	15550	NA	NA
LT934125.1	+	137	15588	15599	3	5	3250.324944	0	0	6.1197869044989	15598	15596	15599	NA	NA
LT934125.1	+	138	15639	15649	9	3	403.372315	0	0	4.99059314004692	15645	15639	15648	NA	NA
LT934125.1	+	139	15694	15697	1	4	625.081341	0	0	1.97285345238086	15696	15696	15697	NA	NA
LT934125.1	+	140	15752	15810	58	6	1186.27031	0	0	5.7456568095503	15777	15752	15810	NA	NA
LT934125.1	+	141	15846	15857	11	2	99.384224	0	0	0	15852	15846	15857	NA	NA
LT934125.1	+	142	15952	15982	30	3	359.283907	0	0	0	15965	15952	15982	NA	NA
LT934125.1	+	143	16604	16604	0	1	241.779497	0	0	0	16604	16604	16604	NA	NA
LT934125.1	+	144	16632	16632	0	1	567.859171	0	0	0	16632	16632	16632	NA	NA
LT934125.1	+	145	16657	16657	0	1	62.932662	0	0	0	16657	16657	16657	NA	NA
LT934125.1	+	146	16734	16734	0	1	27.285874	0	0	0	16734	16734	16734	NA	NA
LT934125.1	+	147	16950	16950	0	1	27.285874	0	0	0	16950	16950	16950	NA	NA
LT934125.1	+	148	17395	17398	3	2	153.151198	0	0	0	17396	17395	17398	NA	NA
LT934125.1	+	149	18476	18476	0	1	27.285874	0	0	0	18476	18476	18476	NA	NA
LT934125.1	+	150	18710	18710	0	1	241.779497	0	0	0	18710	18710	18710	NA	NA
LT934125.1	+	151	18908	18908	0	1	567.859171	0	0	0	18908	18908	18908	NA	NA
LT934125.1	+	152	19294	19294	0	1	54.571748	0	0	0	19294	19294	19294	NA	NA
LT934125.1	+	153	19488	19488	0	1	27.285874	0	0	0	19488	19488	19488	NA	NA
LT934125.1	+	154	20379	20382	0	2	225.249548	0	0	3.16992500144231	20379	20379	20379	NA	NA
LT934125.1	+	155	21148	21148	0	1	24.301041	0	0	0	21148	21148	21148	NA	NA
LT934125.1	+	156	21320	21320	0	1	62.932662	0	0	0	21320	21320	21320	NA	NA
LT934125.1	+	157	21348	21348	0	1	27.285874	0	0	0	21348	21348	21348	NA	NA
LT934125.1	+	158	21491	21491	0	1	27.285874	0	0	0	21491	21491	21491	NA	NA
LT934125.1	+	159	21639	21639	0	1	241.779497	0	0	0	21639	21639	21639	NA	NA
LT934125.1	+	160	22830	22830	0	1	241.779497	0	0	0	22830	22830	22830	NA	NA
LT934125.1	+	161	23169	23169	0	1	36.451562	0	0	0	23169	23169	23169	NA	NA
LT934125.1	+	162	23722	23723	0	2	72.578929	0	0	1	23722	23722	23722	NA	NA
LT934125.1	+	163	24434	24434	0	1	27.285874	0	0	0	24434	24434	24434	NA	NA
LT934125.1	+	164	24821	24821	0	1	62.932662	0	0	0	24821	24821	24821	NA	NA
LT934125.1	+	165	25047	25047	0	1	27.285874	0	0	0	25047	25047	25047	NA	NA
LT934125.1	+	166	25107	25107	0	1	27.285874	0	0	0	25107	25107	25107	NA	NA
LT934125.1	+	167	25166	25166	0	1	27.285874	0	0	0	25166	25166	25166	NA	NA
LT934125.1	+	168	25369	25369	0	1	14.405745	0	0	0	25369	25369	25369	NA	NA
LT934125.1	+	169	25418	25422	3	5	4080.667661	1	1	3.65730282610403	25420	25419	25422	NA	NA
LT934125.1	+	170	25593	25593	0	1	62.932662	0	0	0	25593	25593	25593	NA	NA
LT934125.1	+	171	25827	25827	0	1	62.932662	0	0	0	25827	25827	25827	NA	NA
LT934125.1	+	172	25887	25887	0	1	62.932662	0	0	0	25887	25887	25887	NA	NA
LT934125.1	+	173	25990	25990	0	1	62.932662	0	0	0	25990	25990	25990	NA	NA
LT934125.1	+	174	26034	26034	0	1	62.932662	0	0	0	26034	26034	26034	NA	NA
LT934125.1	+	175	26173	26173	0	1	27.285874	0	0	0	26173	26173	26173	NA	NA
LT934125.1	+	176	26364	26387	23	3	331.998033	0	0	0	26375	26364	26387	NA	NA
LT934125.1	+	177	26556	26556	0	1	483.558994	0	0	0	26556	26556	26556	NA	NA
LT934125.1	+	178	26729	26735	0	1	54.571748	2.8073549220576	2.8073549220576	2.8073549220576	26729	26729	26729	NA	NA
LT934125.1	+	179	26927	26927	0	1	54.571748	0	0	0	26927	26927	26927	NA	NA
LT934125.1	+	180	26984	27008	24	2	269.065371	0	0	0	26996	26984	27008	NA	NA
LT934125.1	+	181	27041	27041	0	1	62.932662	0	0	0	27041	27041	27041	NA	NA
LT934125.1	+	182	27096	27096	0	1	27.285874	0	0	0	27096	27096	27096	NA	NA
LT934125.1	+	183	27177	27194	17	2	117.50441	0	0	0	27186	27177	27194	NA	NA
LT934125.1	+	184	27311	27311	0	1	241.779497	0	0	0	27311	27311	27311	NA	NA
LT934125.1	+	185	27519	27524	0	1	54.571748	2.58496250072116	2.58496250072116	2.58496250072116	27519	27519	27519	NA	NA
LT934125.1	+	186	27612	27622	10	2	90.218536	0	0	0	27617	27612	27622	NA	NA
LT934125.1	+	187	27825	27861	36	4	199.060857	0	0	2	27839	27825	27861	NA	NA
LT934125.1	+	188	28074	28088	14	2	90.218536	0	0	0	28081	28074	28088	NA	NA
LT934125.1	+	189	28173	28173	0	1	241.779497	0	0	0	28173	28173	28173	NA	NA
LT934125.1	+	190	28258	28258	0	1	27.285874	0	0	0	28258	28258	28258	NA	NA
LT934125.1	+	191	28323	28323	0	1	27.285874	0	0	0	28323	28323	28323	NA	NA
LT934125.1	+	192	28383	28383	0	1	567.859171	0	0	0	28383	28383	28383	NA	NA
LT934125.1	+	193	28470	28475	0	1	54.571748	2.58496250072116	2.58496250072116	2.58496250072116	28470	28470	28470	NA	NA
LT934125.1	+	194	28516	28516	0	1	54.571748	0	0	0	28516	28516	28516	NA	NA
LT934125.1	+	195	28549	28549	0	1	24.301041	0	0	0	28549	28549	28549	NA	NA
LT934125.1	+	196	28625	28627	2	2	50.857307	0	0	0	28626	28625	28627	NA	NA
LT934125.1	+	197	28808	28808	0	1	24.301041	0	0	0	28808	28808	28808	NA	NA
LT934125.1	+	198	29096	29100	4	2	752.624365	0	0	1.45546446154482	29098	29096	29100	NA	NA
LT934125.1	+	199	29184	29184	0	1	27.285874	0	0	0	29184	29184	29184	NA	NA
LT934125.1	+	200	29307	29311	0	2	323.637119	0	0	2.13221689650914	29311	29311	29311	NA	NA
LT934125.1	+	201	29410	29410	0	1	27.285874	0	0	0	29410	29410	29410	NA	NA
LT934125.1	+	202	29464	29465	0	2	63.300237	0	0	0.970950591206173	29465	29465	29465	NA	NA
LT934125.1	+	203	29906	29906	0	1	567.859171	0	0	0	29906	29906	29906	NA	NA
LT934125.1	+	204	30233	30249	6	4	2302.463604	2.58496250072116	2.58496250072116	3.07503159875195	30236	30234	30240	NA	NA
LT934125.1	+	205	30269	30275	0	1	125.865324	2.8073549220576	2.8073549220576	2.8073549220576	30269	30269	30269	NA	NA
LT934125.1	+	206	30299	30299	0	1	27.285874	0	0	0	30299	30299	30299	NA	NA
LT934125.1	+	207	30439	30439	0	1	27.285874	0	0	0	30439	30439	30439	NA	NA
LT934125.1	+	208	30511	30511	0	1	54.571748	0	0	0	30511	30511	30511	NA	NA
LT934125.1	+	209	30594	30594	0	1	27.285874	0	0	0	30594	30594	30594	NA	NA
LT934125.1	+	210	30701	30738	37	4	410.870822	0	0	5.02421225738452	30714	30701	30738	NA	NA
LT934125.1	+	211	30777	30777	0	1	27.285874	0	0	0	30777	30777	30777	NA	NA
LT934125.1	+	212	30842	30844	0	1	54.571748	1.58496250072116	1.58496250072116	1.58496250072116	30842	30842	30842	NA	NA
LT934125.1	+	213	30925	30949	24	2	90.218536	0	0	0	30937	30925	30949	NA	NA
LT934125.1	+	214	30987	30987	0	1	567.859171	0	0	0	30987	30987	30987	NA	NA
LT934125.1	+	215	31089	31098	0	6	71695.866303	0.689147893975141	0.689147893975141	1.8798488165891	31098	31098	31098	NA	NA
LT934125.1	+	216	31146	31167	19	5	886.942998	0	0	3.5438558770067	31153	31148	31167	NA	NA
LT934125.1	+	217	31229	31231	2	2	228.413785	0	0	0	31230	31229	31231	NA	NA
LT934125.1	+	218	31270	31272	2	6	10148.895056	0.803715925386238	0.803715925386238	2.46724250782464	31271	31270	31272	NA	NA
LT934125.1	+	219	31329	31330	0	1	251.730648	0.811278124459133	0.811278124459133	0.811278124459133	31330	31330	31330	NA	NA
LT934125.1	+	220	31357	31382	24	3	587.025234	0	0	2.13221689650914	31372	31357	31381	NA	NA
LT934125.1	+	221	31455	31458	1	6	2182.718839	0	0	0.650022421648354	31457	31456	31457	NA	NA
LT934125.1	+	222	31543	31562	19	3	287.689156	0	0	0	31555	31543	31562	NA	NA
LT934125.1	+	223	31596	31605	1	4	1975.279615	0	0	1.66382187014038	31605	31604	31605	NA	NA
LT934125.1	+	224	31639	31639	0	1	241.779497	0	0	0	31639	31639	31639	NA	NA
LT934125.1	+	225	31703	31703	0	1	27.285874	0	0	0	31703	31703	31703	NA	NA
LT934125.1	+	226	31769	31790	21	5	617.86416	0	0	4.74270983404608	31775	31769	31790	NA	NA
LT934125.1	+	227	31853	31872	13	6	1420.384425	0	0	1.72624113269261	31864	31859	31872	NA	NA
LT934125.1	+	228	31931	31949	9	4	5172.41006	4.45408915948655	4.45408915948655	5.38908560185303	31935	31932	31941	NA	NA
LT934125.1	+	229	32007	32040	4	6	285532.616687	1.54186154101714	1.54186154101714	2.97326512028641	32037	32034	32038	NA	NA
LT934125.1	+	230	32091	32118	27	4	1064.592174	0	0	11.4993406637147	32100	32091	32118	NA	NA
LT934125.1	+	231	32145	32164	18	4	238.685422	0	0	0.811278124459133	32159	32146	32164	NA	NA
LT934125.1	+	232	32213	32213	0	1	241.779497	0	0	0	32213	32213	32213	NA	NA
LT934125.1	+	233	32733	32733	0	1	62.932662	0	0	0	32733	32733	32733	NA	NA
LT934125.1	+	234	34143	34145	1	2	160.136828	0	0	1	34144	34143	34144	NA	NA
LT934125.1	+	235	34176	34176	0	1	27.285874	0	0	0	34176	34176	34176	NA	NA
LT934125.1	+	236	34347	34347	0	1	27.285874	0	0	0	34347	34347	34347	NA	NA
LT934125.1	+	237	34531	34531	0	1	62.932662	0	0	0	34531	34531	34531	NA	NA
LT934125.1	+	238	34726	34726	0	1	24.301041	0	0	0	34726	34726	34726	NA	NA
LT934125.1	+	239	34780	34794	14	2	51.586915	0	0	0	34787	34780	34794	NA	NA
LT934125.1	+	240	34887	34887	0	1	27.285874	0	0	0	34887	34887	34887	NA	NA
LT934125.1	+	241	34942	34942	0	1	27.285874	0	0	0	34942	34942	34942	NA	NA
LT934125.1	+	242	40811	40811	0	1	62.932662	0	0	0	40811	40811	40811	NA	NA
LT934125.1	+	243	40984	41018	34	3	573.77753	0	0	0	41000	40984	41018	NA	NA
LT934125.1	+	244	41430	41432	2	2	90.218536	0	0	0	41431	41430	41432	NA	NA
LT934125.1	+	245	41683	41714	25	4	153.226363	0	0	3.16992500144231	41701	41683	41708	NA	NA
LT934125.1	+	246	42009	42015	6	2	90.218536	0	0	0	42012	42009	42015	NA	NA
LT934125.1	+	247	42220	42220	0	1	27.285874	0	0	0	42220	42220	42220	NA	NA
LT934125.1	+	248	42676	42676	0	1	62.932662	0	0	0	42676	42676	42676	NA	NA
LT934125.1	+	249	43629	43629	0	1	241.779497	0	0	0	43629	43629	43629	NA	NA
LT934125.1	+	250	44031	44031	0	1	27.285874	0	0	0	44031	44031	44031	NA	NA
LT934125.1	+	251	44731	44731	0	1	27.285874	0	0	0	44731	44731	44731	NA	NA
LT934125.1	+	252	44806	44812	3	6	38737.454713	0	0	1.20902958747541	44812	44809	44812	NA	NA
LT934125.1	+	253	44882	44882	0	1	54.571748	0	0	0	44882	44882	44882	NA	NA
LT934125.1	+	254	44946	44970	24	3	119.030026	0	0	0	44954	44946	44970	NA	NA
LT934125.1	+	255	45038	45038	0	1	62.932662	0	0	0	45038	45038	45038	NA	NA
LT934125.1	+	256	45064	45069	1	3	180.587403	0	0	2.467176109424	45064	45064	45065	NA	NA
LT934125.1	+	257	45104	45110	6	2	112.339519	0	0	2.76588505508838	45107	45104	45110	NA	NA
LT934125.1	+	258	45140	45140	0	1	62.932662	0	0	0	45140	45140	45140	NA	NA
LT934125.1	+	259	45204	45204	0	1	27.285874	0	0	0	45204	45204	45204	NA	NA
LT934125.1	+	260	45285	45306	21	3	149.917336	0	0	0	45299	45285	45306	NA	NA
LT934125.1	+	261	45333	45333	0	1	62.932662	0	0	0	45333	45333	45333	NA	NA
LT934125.1	+	262	45373	45373	0	1	62.932662	0	0	0	45373	45373	45373	NA	NA
LT934125.1	+	263	45503	45503	0	1	241.779497	0	0	0	45503	45503	45503	NA	NA
LT934125.1	+	264	45596	45608	0	1	81.857622	5.8650581894328	5.8650581894328	5.8650581894328	45596	45596	45596	NA	NA
LT934125.1	+	265	45630	45650	20	3	331.998033	0	0	0	45637	45630	45650	NA	NA
LT934125.1	+	266	45702	45748	46	4	900.661978	0	0	0	45725	45702	45748	NA	NA
LT934125.1	+	267	45822	45866	39	3	129.730096	0	0	5.33231801796324	45841	45822	45861	NA	NA
LT934125.1	+	268	45956	45969	13	3	299.839677	0	0	0	45961	45956	45969	NA	NA
LT934125.1	+	269	46017	46029	3	6	10537.450681	0.811278124459133	0.811278124459133	7.92311923548737	46023	46021	46024	NA	NA
LT934125.1	+	270	46086	46106	20	2	63.007828	0	0	0	46096	46086	46106	NA	NA
LT934125.1	+	271	46151	46171	20	3	101.098011	0	0	0	46164	46151	46171	NA	NA
LT934125.1	+	272	46227	46235	1	6	22853.904508	0	0	0	46235	46234	46235	NA	NA
LT934125.1	+	273	46331	46333	2	2	99.384224	0	0	0	46332	46331	46333	NA	NA
LT934125.1	+	274	46407	46421	14	2	304.712159	0	0	0	46414	46407	46421	NA	NA
LT934125.1	+	275	46451	46453	0	1	81.857622	1.45546446154482	1.45546446154482	1.45546446154482	46453	46453	46453	NA	NA
LT934125.1	+	276	46489	46492	0	4	409.953043	0	0	2	46489	46489	46489	NA	NA
LT934125.1	+	277	46529	46529	0	1	27.285874	0	0	0	46529	46529	46529	NA	NA
LT934125.1	+	278	46655	46655	0	1	62.932662	0	0	0	46655	46655	46655	NA	NA
LT934125.1	+	279	46677	46682	0	1	136.42937	2.50987087671823	2.50987087671823	2.50987087671823	46682	46682	46682	NA	NA
LT934125.1	+	280	46710	46710	0	1	24.301041	0	0	0	46710	46710	46710	NA	NA
LT934125.1	+	281	46754	46754	0	1	241.779497	0	0	0	46754	46754	46754	NA	NA
LT934125.1	+	282	46781	46782	1	2	595.145045	0	0	0	46782	46781	46782	NA	NA
LT934125.1	+	283	46863	46871	8	2	90.218536	0	0	0	46867	46863	46871	NA	NA
LT934125.1	+	284	46913	46913	0	1	24.301041	0	0	0	46913	46913	46913	NA	NA
LT934125.1	+	285	46978	46978	0	1	27.285874	0	0	0	46978	46978	46978	NA	NA
LT934125.1	+	286	47011	47039	28	3	114.519577	0	0	0	47026	47011	47039	NA	NA
LT934125.1	+	287	47140	47140	0	1	27.285874	0	0	0	47140	47140	47140	NA	NA
LT934125.1	+	288	47192	47192	0	1	27.285874	0	0	0	47192	47192	47192	NA	NA
LT934125.1	+	289	47310	47320	10	6	2543.621847	0	0	6.9188632372746	47315	47310	47320	NA	NA
LT934125.1	+	290	47364	47364	0	1	62.932662	0	0	0	47364	47364	47364	NA	NA
LT934125.1	+	291	47562	47568	6	2	90.218536	0	0	0	47565	47562	47568	NA	NA
LT934125.1	+	292	47642	47648	0	2	100.188997	0	0	4.44955227767627	47642	47642	47642	NA	NA
LT934125.1	+	293	47683	47683	0	1	62.932662	0	0	0	47683	47683	47683	NA	NA
LT934125.1	+	294	47735	47735	0	2	604.310733	0	0	0	47735	47735	47735	NA	NA
LT934125.1	+	295	47799	47825	26	3	114.519577	0	0	0	47809	47799	47825	NA	NA
LT934125.1	+	296	47877	47898	20	3	721.010369	0	0	3.16992500144231	47888	47877	47897	NA	NA
LT934125.1	+	297	47963	47964	1	2	304.712159	0	0	0	47964	47963	47964	NA	NA
LT934125.1	+	298	48012	48012	0	1	27.285874	0	0	0	48012	48012	48012	NA	NA
LT934125.1	+	299	48039	48066	27	3	204.738113	0	0	0	48049	48039	48066	NA	NA
LT934125.1	+	300	48104	48104	0	1	125.865324	0	0	0	48104	48104	48104	NA	NA
LT934125.1	+	301	48172	48174	0	1	109.143496	2.37744375108173	2.37744375108173	2.37744375108173	48173	48173	48173	NA	NA
LT934125.1	+	302	48209	48225	16	3	643.747127	0	0	1	48219	48209	48225	NA	NA
LT934125.1	+	303	48259	48294	28	5	1516.860735	0	0	2.28845791722707	48276	48266	48294	NA	NA
LT934125.1	+	304	48332	48362	21	4	1339.600375	0	0	6.37189127016538	48350	48341	48362	NA	NA
LT934125.1	+	305	48407	48412	5	2	45.293055	0	0	0	48410	48407	48412	NA	NA
LT934125.1	+	306	48491	48494	2	6	2092.676478	0	0	0	48494	48492	48494	NA	NA
LT934125.1	+	307	48554	48570	4	6	139579.392918	0.569190343712484	0.569190343712484	2.60079374799436	48566	48563	48567	NA	NA
LT934125.1	+	308	48612	48620	5	3	572.406007	0	0	6.52628562427759	48615	48612	48617	NA	NA
LT934125.1	+	309	48686	48692	0	1	136.42937	5.39553429702283	5.39553429702283	5.39553429702283	48686	48686	48686	NA	NA
LT934125.1	+	310	48711	48716	4	2	1377.497839	0	0	2.58496250072116	48713	48711	48715	NA	NA
LT934125.1	+	311	48739	48804	34	5	2808.863206	0	0	11.2983409901484	48767	48750	48784	NA	NA
LT934125.1	+	312	48857	48857	0	1	36.451562	0	0	0	48857	48857	48857	NA	NA
LT934125.1	+	313	48878	48929	39	4	1489.582387	0	0	15.8718186800431	48908	48887	48926	NA	NA
LT934125.1	+	314	48989	49025	30	4	3815.782698	0	0	9.45540828977818	49009	48995	49025	NA	NA
LT934125.1	+	315	49059	49082	23	2	556.442807	0	0	2.28845791722707	49070	49059	49082	NA	NA
LT934125.1	+	316	49112	49132	2	4	1315.518049	0	0	6.13437701541646	49115	49114	49116	NA	NA
LT934125.1	+	317	49175	49224	49	6	1954.607015	0	0	8.94530042025592	49203	49175	49224	NA	NA
LT934125.1	+	318	49261	49272	0	1	245.572866	6.28341854958326	6.28341854958326	6.28341854958326	49265	49265	49265	NA	NA
LT934125.1	+	319	49328	49333	5	4	407.885989	0	0	2	49331	49328	49333	NA	NA
LT934125.1	+	320	49373	49373	0	1	125.865324	0	0	0	49373	49373	49373	NA	NA
LT934125.1	+	321	49400	49400	0	1	567.859171	0	0	0	49400	49400	49400	NA	NA
LT934125.1	+	322	49501	49506	5	3	332.212985	0	0	3	49504	49501	49506	NA	NA
LT934125.1	+	323	49574	49580	6	3	159.196029	0	0	3.16992500144231	49578	49574	49580	NA	NA
LT934125.1	+	324	49660	49681	21	2	51.586915	0	0	0	49670	49660	49681	NA	NA
LT934125.1	+	325	49738	49760	22	2	38.706786	0	0	0	49749	49738	49760	NA	NA
LT934125.1	+	326	49806	49806	0	1	27.285874	0	0	0	49806	49806	49806	NA	NA
LT934125.1	+	327	49835	49848	13	2	41.691619	0	0	0	49842	49835	49848	NA	NA
LT934125.1	+	328	49959	49959	0	1	21.608618	0	0	0	49959	49959	49959	NA	NA
LT934125.1	+	329	50142	50164	22	4	506.465439	0	0	1.58496250072116	50154	50142	50164	NA	NA
LT934125.1	+	330	50197	50197	0	1	24.301041	0	0	0	50197	50197	50197	NA	NA
LT934125.1	+	331	50365	50365	0	1	27.285874	0	0	0	50365	50365	50365	NA	NA
LT934125.1	+	332	50425	50425	0	1	27.285874	0	0	0	50425	50425	50425	NA	NA
LT934125.1	+	333	50551	50551	0	1	27.285874	0	0	0	50551	50551	50551	NA	NA
LT934125.1	+	334	50629	50629	0	1	27.285874	0	0	0	50629	50629	50629	NA	NA
LT934125.1	+	335	50809	50809	0	1	27.285874	0	0	0	50809	50809	50809	NA	NA
LT934125.1	+	336	50877	50877	0	1	27.285874	0	0	0	50877	50877	50877	NA	NA
LT934125.1	+	337	50946	50946	0	1	27.285874	0	0	0	50946	50946	50946	NA	NA
LT934125.1	+	338	51147	51152	1	4	466.055948	0	0	3.10583352845419	51148	51147	51148	NA	NA
LT934125.1	+	339	51230	51239	0	6	68419.426177	1.28584540495919	1.28584540495919	1.73501407332352	51235	51235	51235	NA	NA
LT934125.1	+	340	51289	51307	18	4	494.314919	0	0	2.13221689650914	51300	51289	51307	NA	NA
LT934125.1	+	341	51394	51394	0	1	27.285874	0	0	0	51394	51394	51394	NA	NA
LT934125.1	+	342	51464	51471	0	1	54.571748	3	3	3	51464	51464	51464	NA	NA
LT934125.1	+	343	51525	51537	12	2	153.151198	0	0	0	51531	51525	51537	NA	NA
LT934125.1	+	344	51586	51600	11	3	601.063404	0	0	2	51590	51586	51597	NA	NA
LT934125.1	+	345	51680	51690	1	4	462.750147	0	0	4.55419929642149	51681	51680	51681	NA	NA
LT934125.1	+	346	51738	51759	21	4	627.078232	0	0	2.37376029559931	51744	51738	51759	NA	NA
LT934125.1	+	347	51813	51813	0	2	90.218536	0	0	0	51813	51813	51813	NA	NA
LT934125.1	+	348	51892	51905	11	3	413.855655	0	0	7.61470984411521	51898	51892	51903	NA	NA
LT934125.1	+	349	51985	51990	1	3	459.516286	0	0	1.68028357847865	51990	51989	51990	NA	NA
LT934125.1	+	350	52029	52053	18	6	2430.504872	0	0	2.54987610347827	52042	52029	52047	NA	NA
LT934125.1	+	351	52091	52125	22	6	2328.531085	0	0	5.83659166810898	52113	52097	52119	NA	NA
LT934125.1	+	352	52169	52172	3	3	842.051594	0	0	0	52171	52169	52172	NA	NA
LT934125.1	+	353	52214	52214	0	1	62.932662	0	0	0	52214	52214	52214	NA	NA
LT934125.1	+	354	52280	52280	0	1	241.779497	0	0	0	52280	52280	52280	NA	NA
LT934125.1	+	355	52302	52317	1	2	309.310303	0	0	3.27683865527975	52316	52316	52317	NA	NA
LT934125.1	+	356	52380	52390	2	4	309.009127	0	0	4.15782209552609	52381	52380	52382	NA	NA
LT934125.1	+	357	52434	52461	0	6	25485.451385	0	0	6.20186141299189	52460	52460	52460	NA	NA
LT934125.1	+	358	52551	52566	12	4	990.07574	0	0	2.32192809488736	52560	52551	52563	NA	NA
LT934125.1	+	359	52652	52652	0	1	27.285874	0	0	0	52652	52652	52652	NA	NA
LT934125.1	+	360	52684	52684	0	1	36.451562	0	0	0	52684	52684	52684	NA	NA
LT934125.1	+	361	52716	52728	0	1	251.730648	5.55065957721164	5.55065957721164	5.55065957721164	52716	52716	52716	NA	NA
LT934125.1	+	362	52741	52745	0	1	81.857622	3.68016895976738	3.68016895976738	3.68016895976738	52741	52741	52741	NA	NA
LT934125.1	+	363	52842	52842	0	2	87.233703	0	0	0	52842	52842	52842	NA	NA
LT934125.1	+	364	52882	52892	0	2	243.369734	0	0	5.48306938934921	52882	52882	52882	NA	NA
LT934125.1	+	365	52923	52923	0	1	27.285874	0	0	0	52923	52923	52923	NA	NA
LT934125.1	+	366	52956	52957	1	2	150.166365	0	0	0	52956	52956	52957	NA	NA
LT934125.1	+	367	53004	53004	0	2	144.790284	0	0	0	53004	53004	53004	NA	NA
LT934125.1	+	368	53085	53091	0	2	78.872789	0	0	2.8073549220576	53085	53085	53085	NA	NA
LT934125.1	+	369	53119	53119	0	1	62.932662	0	0	0	53119	53119	53119	NA	NA
LT934125.1	+	370	53213	53216	0	1	81.857622	3.16992500144231	3.16992500144231	3.16992500144231	53213	53213	53213	NA	NA
LT934125.1	+	371	53303	53319	16	2	117.50441	0	0	0	53311	53303	53319	NA	NA
LT934125.1	+	372	53352	53352	0	1	62.932662	0	0	0	53352	53352	53352	NA	NA
LT934125.1	+	373	53431	53431	0	1	125.865324	0	0	0	53431	53431	53431	NA	NA
LT934125.1	+	374	53485	53496	11	2	51.586915	0	0	0	53490	53485	53496	NA	NA
LT934125.1	+	375	53536	53543	7	2	87.233703	0	0	0	53540	53536	53543	NA	NA
LT934125.1	+	376	53635	53652	0	6	39830.489408	0	0	3.86484415740317	53648	53648	53648	NA	NA
LT934125.1	+	377	53723	53723	0	1	27.285874	0	0	0	53723	53723	53723	NA	NA
LT934125.1	+	378	53767	53790	23	2	63.737436	0	0	0	53778	53767	53790	NA	NA
LT934125.1	+	379	53843	53847	4	2	51.586915	0	0	0	53845	53843	53847	NA	NA
LT934125.1	+	380	53902	53931	29	6	1090.632313	0	0	1.28584540492312	53922	53902	53931	NA	NA
LT934125.1	+	381	53956	53956	0	1	62.932662	0	0	0	53956	53956	53956	NA	NA
LT934125.1	+	382	53990	54006	6	4	815.56549	0	0	5.18914742795595	54002	54000	54006	NA	NA
LT934125.1	+	383	54036	54042	1	2	248.768889	0	0	4.09634608687654	54042	54041	54042	NA	NA
LT934125.1	+	384	54075	54091	16	3	681.211941	0	0	0	54081	54075	54091	NA	NA
LT934125.1	+	385	54122	54122	0	1	27.285874	0	0	0	54122	54122	54122	NA	NA
LT934125.1	+	386	54168	54168	0	2	78.872789	0	0	0	54168	54168	54168	NA	NA
LT934125.1	+	387	54251	54252	1	2	51.586915	0	0	0	54252	54251	54252	NA	NA
LT934125.1	+	388	54282	54307	25	4	168.361717	0	0	0	54293	54282	54307	NA	NA
LT934125.1	+	389	54342	54360	18	2	595.145045	0	0	0	54351	54342	54360	NA	NA
LT934125.1	+	390	54392	54399	7	2	90.218536	0	0	0	54396	54392	54399	NA	NA
LT934125.1	+	391	54442	54442	0	1	567.859171	0	0	0	54442	54442	54442	NA	NA
LT934125.1	+	392	54469	54475	6	3	451.111991	0	0	2.57798231680186	54472	54469	54475	NA	NA
LT934125.1	+	393	54553	54570	17	2	90.218536	0	0	0	54562	54553	54570	NA	NA
LT934125.1	+	394	54612	54646	20	3	187.286677	0	0	5.35615398451885	54633	54626	54646	NA	NA
LT934125.1	+	395	54671	54676	0	1	81.857622	2.37376029559931	2.37376029559931	2.37376029559931	54676	54676	54676	NA	NA
LT934125.1	+	396	54733	54745	12	4	206.631304	0	0	0.918295839196471	54742	54733	54745	NA	NA
LT934125.1	+	397	54782	54792	0	1	97.204165	5.18914741016128	5.18914741016128	5.18914741016128	54782	54782	54782	NA	NA
LT934125.1	+	398	54834	54834	0	1	24.301041	0	0	0	54834	54834	54834	NA	NA
LT934125.1	+	399	54864	54868	0	1	109.143496	1.88372946994919	1.88372946994919	1.88372946994919	54868	54868	54868	NA	NA
LT934125.1	+	400	54927	54940	13	4	732.987026	0	0	5.02421225738452	54936	54927	54940	NA	NA
LT934125.1	+	401	55038	55038	0	1	27.285874	0	0	0	55038	55038	55038	NA	NA
LT934125.1	+	402	55097	55097	0	1	27.285874	0	0	0	55097	55097	55097	NA	NA
LT934125.1	+	403	55187	55187	0	1	27.285874	0	0	0	55187	55187	55187	NA	NA
LT934125.1	+	404	55324	55324	0	1	27.285874	0	0	0	55324	55324	55324	NA	NA
LT934125.1	+	405	55458	55458	0	1	54.571748	0	0	0	55458	55458	55458	NA	NA
LT934125.1	+	406	55593	55615	22	3	331.998033	0	0	0	55600	55593	55615	NA	NA
LT934125.1	+	407	55722	55725	2	3	235.813594	0	0	3.04385618977472	55723	55722	55724	NA	NA
LT934125.1	+	408	55786	55786	0	1	241.779497	0	0	0	55786	55786	55786	NA	NA
LT934125.1	+	409	55839	55839	0	2	262.294695	0	0	0	55839	55839	55839	NA	NA
LT934125.1	+	410	55900	55900	0	4	886.977075	0	0	0	55900	55900	55900	NA	NA
LT934125.1	+	411	55941	55941	0	2	130.459705	0	0	0	55941	55941	55941	NA	NA
LT934125.1	+	412	56324	56327	3	2	237.400069	0	0	0	56326	56324	56327	NA	NA
LT934125.1	+	413	56632	56632	0	1	27.285874	0	0	0	56632	56632	56632	NA	NA
LT934125.1	+	414	56681	56681	0	1	27.285874	0	0	0	56681	56681	56681	NA	NA
LT934125.1	+	415	56729	56729	0	1	567.859171	0	0	0	56729	56729	56729	NA	NA
LT934125.1	+	416	56763	56763	0	1	27.285874	0	0	0	56763	56763	56763	NA	NA
LT934125.1	+	417	56903	56903	0	1	241.779497	0	0	0	56903	56903	56903	NA	NA
LT934125.1	+	418	57001	57023	22	2	63.737436	0	0	0	57012	57001	57023	NA	NA
LT934125.1	+	419	57331	57331	0	1	62.932662	0	0	0	57331	57331	57331	NA	NA
LT934125.1	+	420	57761	57761	0	2	87.233703	0	0	0	57761	57761	57761	NA	NA
LT934125.1	+	421	58135	58135	0	1	27.285874	0	0	0	58135	58135	58135	NA	NA
LT934125.1	+	422	58463	58468	0	1	483.558994	2.58496250072116	2.58496250072116	2.58496250072116	58463	58463	58463	NA	NA
LT934125.1	+	423	58498	58498	0	1	62.932662	0	0	0	58498	58498	58498	NA	NA
LT934125.1	+	424	58622	58625	3	4	169.887333	0	0	0	58624	58622	58625	NA	NA
LT934125.1	+	425	58807	58831	24	2	90.218536	0	0	0	58819	58807	58831	NA	NA
LT934125.1	+	426	58863	58863	0	1	27.285874	0	0	0	58863	58863	58863	NA	NA
LT934125.1	+	427	58955	58955	0	1	27.285874	0	0	0	58955	58955	58955	NA	NA
LT934125.1	+	428	59057	59070	0	6	32085.911969	0	0	1.18161782453067	59068	59068	59068	NA	NA
LT934125.1	+	429	59153	59153	0	1	125.865324	0	0	0	59153	59153	59153	NA	NA
LT934125.1	+	430	59186	59186	0	1	241.779497	0	0	0	59186	59186	59186	NA	NA
LT934125.1	+	431	59219	59219	0	1	27.285874	0	0	0	59219	59219	59219	NA	NA
LT934125.1	+	432	59258	59273	13	3	347.93816	0	0	5.8650581894328	59263	59258	59271	NA	NA
LT934125.1	+	433	59322	59351	29	4	350.005214	0	0	0	59334	59322	59351	NA	NA
LT934125.1	+	434	59398	59421	23	2	90.218536	0	0	0	59410	59398	59421	NA	NA
LT934125.1	+	435	59471	59471	0	1	27.285874	0	0	0	59471	59471	59471	NA	NA
LT934125.1	+	436	59546	59546	0	1	241.779497	0	0	0	59546	59546	59546	NA	NA
LT934125.1	+	437	59594	59594	0	1	54.571748	0	0	0	59594	59594	59594	NA	NA
LT934125.1	+	438	59639	59640	1	2	630.791833	0	0	0	59640	59639	59640	NA	NA
LT934125.1	+	439	59666	59666	0	1	54.571748	0	0	0	59666	59666	59666	NA	NA
LT934125.1	+	440	59731	59793	62	6	1748.41845	0	0	12.1361478596864	59779	59731	59793	NA	NA
LT934125.1	+	441	59901	59901	0	1	62.932662	0	0	0	59901	59901	59901	NA	NA
LT934125.1	+	442	60086	60113	27	3	141.805451	0	0	0	60103	60086	60113	NA	NA
LT934125.1	+	443	60232	60239	3	5	7924.933019	3.06098611351497	3.06098611351497	4.77835227447023	60233	60232	60235	NA	NA
LT934125.1	+	444	60285	60285	0	1	241.779497	0	0	0	60285	60285	60285	NA	NA
LT934125.1	+	445	60375	60377	1	3	275.24999	0	0	0.650022419284567	60376	60375	60376	NA	NA
LT934125.1	+	446	60452	60452	0	1	27.285874	0	0	0	60452	60452	60452	NA	NA
LT934125.1	+	447	60478	60478	0	1	62.932662	0	0	0	60478	60478	60478	NA	NA
LT934125.1	+	448	60559	60559	0	1	24.301041	0	0	0	60559	60559	60559	NA	NA
LT934125.1	+	449	60656	60673	17	2	90.218536	0	0	0	60664	60656	60673	NA	NA
LT934125.1	+	450	60750	60778	28	3	240.384901	0	0	0	60761	60750	60778	NA	NA
LT934125.1	+	451	60819	60819	0	1	62.932662	0	0	0	60819	60819	60819	NA	NA
LT934125.1	+	452	60868	60868	0	1	27.285874	0	0	0	60868	60868	60868	NA	NA
LT934125.1	+	453	60926	60926	0	1	62.932662	0	0	0	60926	60926	60926	NA	NA
LT934125.1	+	454	60953	60953	0	1	27.285874	0	0	0	60953	60953	60953	NA	NA
LT934125.1	+	455	61002	61003	0	1	125.865324	1	1	1	61002	61002	61002	NA	NA
LT934125.1	+	456	61039	61039	0	1	27.285874	0	0	0	61039	61039	61039	NA	NA
LT934125.1	+	457	61076	61078	2	3	159.262428	0	0	0	61077	61076	61078	NA	NA
LT934125.1	+	458	61165	61165	0	1	27.285874	0	0	0	61165	61165	61165	NA	NA
LT934125.1	+	459	61358	61358	0	1	54.571748	0	0	0	61358	61358	61358	NA	NA
LT934125.1	+	460	61436	61436	0	1	27.285874	0	0	0	61436	61436	61436	NA	NA
LT934125.1	+	461	61503	61530	27	3	114.519577	0	0	0	61516	61503	61530	NA	NA
LT934125.1	+	462	61625	61628	3	2	90.218536	0	0	0	61626	61625	61628	NA	NA
LT934125.1	+	463	61700	61705	5	2	90.218536	0	0	0	61702	61700	61705	NA	NA
LT934125.1	+	464	61750	61750	0	1	54.571748	0	0	0	61750	61750	61750	NA	NA
LT934125.1	+	465	61797	61800	3	2	150.166365	0	0	0	61798	61797	61800	NA	NA
LT934125.1	+	466	61835	61835	0	1	54.571748	0	0	0	61835	61835	61835	NA	NA
LT934125.1	+	467	61889	61889	0	1	24.301041	0	0	0	61889	61889	61889	NA	NA
LT934125.1	+	468	61926	61939	7	4	970.369079	0	0	4.55419929642149	61930	61926	61933	NA	NA
LT934125.1	+	469	61994	61994	0	1	54.571748	0	0	0	61994	61994	61994	NA	NA
LT934125.1	+	470	62265	62281	16	2	41.691619	0	0	0	62273	62265	62281	NA	NA
LT934125.1	+	471	62325	62325	0	1	21.608618	0	0	0	62325	62325	62325	NA	NA
LT934125.1	+	472	62354	62354	0	1	567.859171	0	0	0	62354	62354	62354	NA	NA
LT934125.1	+	473	62653	62653	0	1	27.285874	0	0	0	62653	62653	62653	NA	NA
LT934125.1	+	474	62710	62721	11	2	51.586915	0	0	0	62716	62710	62721	NA	NA
LT934125.1	+	475	62793	62797	4	2	510.844868	0	0	0	62795	62793	62797	NA	NA
LT934125.1	+	476	62952	62952	0	1	27.285874	0	0	0	62952	62952	62952	NA	NA
LT934125.1	+	477	62977	62977	0	1	14.405745	0	0	0	62977	62977	62977	NA	NA
LT934125.1	+	478	63061	63061	0	1	14.405745	0	0	0	63061	63061	63061	NA	NA
LT934125.1	+	479	63174	63174	0	1	27.285874	0	0	0	63174	63174	63174	NA	NA
LT934125.1	+	480	63303	63303	0	1	27.285874	0	0	0	63303	63303	63303	NA	NA
LT934125.1	+	481	63431	63431	0	1	241.779497	0	0	0	63431	63431	63431	NA	NA
LT934125.1	+	482	63731	63731	0	1	62.932662	0	0	0	63731	63731	63731	NA	NA
LT934125.1	+	483	63940	63940	0	1	27.285874	0	0	0	63940	63940	63940	NA	NA
LT934125.1	+	484	64053	64053	0	1	27.285874	0	0	0	64053	64053	64053	NA	NA
LT934125.1	+	485	64240	64240	0	1	62.932662	0	0	0	64240	64240	64240	NA	NA
LT934125.1	+	486	64723	64723	0	1	62.932662	0	0	0	64723	64723	64723	NA	NA
LT934125.1	+	487	64786	64786	0	1	241.779497	0	0	0	64786	64786	64786	NA	NA
LT934125.1	+	488	64909	64909	0	1	24.301041	0	0	0	64909	64909	64909	NA	NA
LT934125.1	+	489	64979	64988	0	2	88.038477	0	0	3.22542805206945	64979	64979	64979	NA	NA
LT934125.1	+	490	65042	65042	0	1	62.932662	0	0	0	65042	65042	65042	NA	NA
LT934125.1	+	491	65241	65241	0	1	27.285874	0	0	0	65241	65241	65241	NA	NA
LT934125.1	+	492	65491	65491	0	1	27.285874	0	0	0	65491	65491	65491	NA	NA
LT934125.1	+	493	65649	65649	0	1	24.301041	0	0	0	65649	65649	65649	NA	NA
LT934125.1	+	494	65737	65737	0	1	27.285874	0	0	0	65737	65737	65737	NA	NA
LT934125.1	+	495	65802	65809	2	6	7122.257872	0	0	3.38803654314193	65806	65805	65807	NA	NA
LT934125.1	+	496	66098	66098	0	1	27.285874	0	0	0	66098	66098	66098	NA	NA
LT934125.1	+	497	66209	66209	0	1	97.204165	0	0	0	66209	66209	66209	NA	NA
LT934125.1	+	498	66237	66237	0	1	62.932662	0	0	0	66237	66237	66237	NA	NA
LT934125.1	+	499	66268	66285	17	2	595.145045	0	0	0	66276	66268	66285	NA	NA
LT934125.1	+	500	66330	66338	0	6	136431.887615	0	0	0	66338	66338	66338	NA	NA
LT934125.1	+	501	66426	66430	2	5	425.276567	0	0	1.83659166810898	66427	66426	66428	NA	NA
LT934125.1	+	502	66477	66477	0	2	90.218536	0	0	0	66477	66477	66477	NA	NA
LT934125.1	+	503	66524	66531	0	1	54.571748	3	3	3	66524	66524	66524	NA	NA
LT934125.1	+	504	66571	66571	0	1	54.571748	0	0	0	66571	66571	66571	NA	NA
LT934125.1	+	505	66634	66642	0	1	109.143496	4.75488750216347	4.75488750216347	4.75488750216347	66642	66642	66642	NA	NA
LT934125.1	+	506	66682	66682	0	2	111.534745	0	0	0	66682	66682	66682	NA	NA
LT934125.1	+	507	66733	66733	0	1	24.301041	0	0	0	66733	66733	66733	NA	NA
LT934125.1	+	508	66798	66801	3	3	198.444253	0	0	2	66800	66798	66801	NA	NA
LT934125.1	+	509	66922	66941	19	2	90.218536	0	0	0	66932	66922	66941	NA	NA
LT934125.1	+	510	66982	66982	0	1	27.285874	0	0	0	66982	66982	66982	NA	NA
LT934125.1	+	511	67017	67017	0	1	62.932662	0	0	0	67017	67017	67017	NA	NA
LT934125.1	+	512	67042	67047	5	2	266.080538	0	0	0	67044	67042	67047	NA	NA
LT934125.1	+	513	67100	67100	0	1	27.285874	0	0	0	67100	67100	67100	NA	NA
LT934125.1	+	514	67168	67187	19	3	721.010369	0	0	1.58496250072116	67175	67168	67187	NA	NA
LT934125.1	+	515	67219	67226	7	2	304.712159	0	0	0	67222	67219	67226	NA	NA
LT934125.1	+	516	67281	67281	0	1	27.285874	0	0	0	67281	67281	67281	NA	NA
LT934125.1	+	517	67326	67326	0	1	27.285874	0	0	0	67326	67326	67326	NA	NA
LT934125.1	+	518	67358	67374	15	3	131.910155	0	0	1.58496250072116	67368	67358	67373	NA	NA
LT934125.1	+	519	67444	67444	0	1	27.285874	0	0	0	67444	67444	67444	NA	NA
LT934125.1	+	520	67511	67530	19	2	78.872789	0	0	0	67520	67511	67530	NA	NA
LT934125.1	+	521	67593	67613	20	2	592.160212	0	0	0	67603	67593	67613	NA	NA
LT934125.1	+	522	67739	67739	0	1	125.865324	0	0	0	67739	67739	67739	NA	NA
LT934125.1	+	523	67781	67797	16	2	269.065371	0	0	0	67789	67781	67797	NA	NA
LT934125.1	+	524	67857	67866	9	2	78.872789	0	0	2	67862	67857	67866	NA	NA
LT934125.1	+	525	67893	67905	12	2	304.712159	0	0	0	67899	67893	67905	NA	NA
LT934125.1	+	526	67952	67975	8	5	733.857261	0	0	7.03004992721401	67963	67960	67968	NA	NA
LT934125.1	+	527	68028	68028	0	1	48.602083	0	0	0	68028	68028	68028	NA	NA
LT934125.1	+	528	68062	68062	0	1	54.571748	0	0	0	68062	68062	68062	NA	NA
LT934125.1	+	529	68157	68169	5	2	199.362032	0	0	2.16578428466209	68160	68157	68162	NA	NA
LT934125.1	+	530	68235	68235	0	1	27.285874	0	0	0	68235	68235	68235	NA	NA
LT934125.1	+	531	68267	68293	26	6	1035.985399	0	0	0	68280	68267	68293	NA	NA
LT934125.1	+	532	68367	68378	11	3	196.377199	0	0	6.64385618977472	68374	68367	68378	NA	NA
LT934125.1	+	533	68460	68460	0	2	68.977493	0	0	0	68460	68460	68460	NA	NA
LT934125.1	+	534	68486	68511	25	3	117.391405	0	0	0	68502	68486	68511	NA	NA
LT934125.1	+	535	68557	68563	3	4	376.636645	0	0	2.69853230727551	68559	68557	68560	NA	NA
LT934125.1	+	536	68588	68606	18	2	90.218536	0	0	0	68597	68588	68606	NA	NA
LT934125.1	+	537	68643	68665	22	2	90.218536	0	0	0	68654	68643	68665	NA	NA
LT934125.1	+	538	68692	68705	13	2	616.461254	0	0	0	68698	68692	68705	NA	NA
LT934125.1	+	539	68785	68787	0	1	81.857622	1.45546446154482	1.45546446154482	1.45546446154482	68787	68787	68787	NA	NA
LT934125.1	+	540	68839	68856	17	3	141.805451	0	0	0	68850	68839	68856	NA	NA
LT934125.1	+	541	68946	68946	0	1	27.285874	0	0	0	68946	68946	68946	NA	NA
LT934125.1	+	542	69002	69007	5	2	269.065371	0	0	0	69004	69002	69007	NA	NA
LT934125.1	+	543	69095	69095	0	1	18.007181	0	0	0	69095	69095	69095	NA	NA
LT934125.1	+	544	69158	69164	0	2	325.227356	1.45546446154482	1.45546446154482	3.18324870196683	69162	69162	69162	NA	NA
LT934125.1	+	545	69247	69247	0	1	27.285874	0	0	0	69247	69247	69247	NA	NA
LT934125.1	+	546	69289	69290	1	3	646.73196	0	0	0	69290	69289	69290	NA	NA
LT934125.1	+	547	69418	69433	15	3	658.077707	0	0	0	69423	69418	69433	NA	NA
LT934125.1	+	548	69460	69466	0	1	54.571748	2.8073549220576	2.8073549220576	2.8073549220576	69460	69460	69460	NA	NA
LT934125.1	+	549	69516	69516	0	2	51.586915	0	0	0	69516	69516	69516	NA	NA
LT934125.1	+	550	69569	69569	0	1	27.285874	0	0	0	69569	69569	69569	NA	NA
LT934125.1	+	551	69606	69613	0	2	144.790284	0	0	2.75488750216347	69613	69613	69613	NA	NA
LT934125.1	+	552	69666	69666	0	2	90.218536	0	0	0	69666	69666	69666	NA	NA
LT934125.1	+	553	69736	69736	0	1	567.859171	0	0	0	69736	69736	69736	NA	NA
LT934125.1	+	554	69762	69768	0	4	880.8847	0	0	2	69765	69765	69765	NA	NA
LT934125.1	+	555	69852	69852	0	1	62.932662	0	0	0	69852	69852	69852	NA	NA
LT934125.1	+	556	69946	69950	3	3	213.767777	0	0	3.84385618977473	69948	69946	69949	NA	NA
LT934125.1	+	557	70087	70090	3	6	4102.08846	0	0	1.8365916651707	70090	70087	70090	NA	NA
LT934125.1	+	558	70135	70144	0	5	1632.957235	0	0	4.15782209552609	70135	70135	70135	NA	NA
LT934125.1	+	559	70186	70186	0	1	567.859171	0	0	0	70186	70186	70186	NA	NA
LT934125.1	+	560	70233	70233	0	1	27.285874	0	0	0	70233	70233	70233	NA	NA
LT934125.1	+	561	70324	70324	0	1	27.285874	0	0	0	70324	70324	70324	NA	NA
LT934125.1	+	562	70452	70452	0	1	27.285874	0	0	0	70452	70452	70452	NA	NA
LT934125.1	+	563	70525	70534	3	6	66142.025299	0.96241273546727	0.96241273546727	3.8987194452751	70530	70528	70531	NA	NA
LT934125.1	+	564	70642	70642	0	1	27.285874	0	0	0	70642	70642	70642	NA	NA
LT934125.1	+	565	70671	70675	2	2	111.534744	0	0	2.32192809488736	70672	70671	70673	NA	NA
LT934125.1	+	566	70706	70706	0	1	54.571748	0	0	0	70706	70706	70706	NA	NA
LT934125.1	+	567	70752	70773	21	2	87.233703	0	0	0	70762	70752	70773	NA	NA
LT934125.1	+	568	70806	70806	0	1	27.285874	0	0	0	70806	70806	70806	NA	NA
LT934125.1	+	569	70889	70889	0	2	90.218536	0	0	0	70889	70889	70889	NA	NA
LT934125.1	+	570	70974	70974	0	1	24.301041	0	0	0	70974	70974	70974	NA	NA
LT934125.1	+	571	71008	71009	1	3	294.707621	0	0	0	71009	71008	71009	NA	NA
LT934125.1	+	572	71054	71055	1	2	809.638668	0	0	0	71054	71054	71055	NA	NA
LT934125.1	+	573	71093	71093	0	1	54.571748	0	0	0	71093	71093	71093	NA	NA
LT934125.1	+	574	71165	71198	33	3	290.385342	0	0	6.37355646705709	71184	71165	71198	NA	NA
LT934125.1	+	575	71249	71271	22	2	90.218536	0	0	0	71260	71249	71271	NA	NA
LT934125.1	+	576	71324	71324	0	1	27.285874	0	0	0	71324	71324	71324	NA	NA
LT934125.1	+	577	71519	71519	0	1	27.285874	0	0	0	71519	71519	71519	NA	NA
LT934125.1	+	578	71679	71683	4	2	87.233703	0	0	0	71681	71679	71683	NA	NA
LT934125.1	+	579	71719	71719	0	1	27.285874	0	0	0	71719	71719	71719	NA	NA
LT934125.1	+	580	71767	71767	0	1	14.405745	0	0	0	71767	71767	71767	NA	NA
LT934125.1	+	581	71845	71845	0	1	24.301041	0	0	0	71845	71845	71845	NA	NA
LT934125.1	+	582	71915	71915	0	1	62.932662	0	0	0	71915	71915	71915	NA	NA
LT934125.1	+	583	71987	71987	0	1	27.285874	0	0	0	71987	71987	71987	NA	NA
LT934125.1	+	584	72238	72238	0	1	27.285874	0	0	0	72238	72238	72238	NA	NA
LT934125.1	+	585	72277	72278	1	2	41.691619	0	0	0	72278	72277	72278	NA	NA
LT934125.1	+	586	72356	72356	0	1	28.81149	0	0	0	72356	72356	72356	NA	NA
LT934125.1	+	587	72387	72393	6	2	51.586915	0	0	0	72390	72387	72393	NA	NA
LT934125.1	+	588	72462	72477	8	2	144.790284	0	0	6.33985000288462	72466	72462	72470	NA	NA
LT934125.1	+	589	72527	72539	12	3	134.052374	0	0	0	72534	72527	72539	NA	NA
LT934125.1	+	590	72564	72564	0	1	27.285874	0	0	0	72564	72564	72564	NA	NA
LT934125.1	+	591	72619	72619	0	1	62.932662	0	0	0	72619	72619	72619	NA	NA
LT934125.1	+	592	72661	72661	0	1	241.779497	0	0	0	72661	72661	72661	NA	NA
LT934125.1	+	593	72756	72763	4	5	7816.302683	0.91829583376023	0.91829583376023	6.13752492176753	72760	72759	72763	NA	NA
LT934125.1	+	594	72813	72828	15	3	237.692478	0	0	0	72818	72813	72828	NA	NA
LT934125.1	+	595	72950	72950	0	1	27.285874	0	0	0	72950	72950	72950	NA	NA
LT934125.1	+	596	73095	73096	1	2	106.158663	0	0	0	73096	73095	73096	NA	NA
LT934125.1	+	597	73363	73363	0	1	27.285874	0	0	0	73363	73363	73363	NA	NA
LT934125.1	+	598	73608	73608	0	1	27.285874	0	0	0	73608	73608	73608	NA	NA
LT934125.1	+	599	73699	73699	0	1	27.285874	0	0	0	73699	73699	73699	NA	NA
LT934125.1	+	600	74192	74192	0	1	27.285874	0	0	0	74192	74192	74192	NA	NA
LT934125.1	+	601	74397	74405	3	6	18862.241721	0	0	4.53210211769204	74400	74399	74402	NA	NA
LT934125.1	+	602	74449	74449	0	1	27.285874	0	0	0	74449	74449	74449	NA	NA
LT934125.1	+	603	74502	74502	0	2	266.080538	0	0	0	74502	74502	74502	NA	NA
LT934125.1	+	604	74571	74571	0	1	62.932662	0	0	0	74571	74571	74571	NA	NA
LT934125.1	+	605	74632	74632	0	1	62.932662	0	0	0	74632	74632	74632	NA	NA
LT934125.1	+	606	74680	74681	0	1	54.571748	1	1	1	74680	74680	74680	NA	NA
LT934125.1	+	607	74940	74971	29	3	783.943031	0	0	1.45546446154482	74954	74940	74969	NA	NA
LT934125.1	+	608	75018	75038	20	2	68.977493	0	0	0	75028	75018	75038	NA	NA
LT934125.1	+	609	75086	75110	24	4	917.378802	0	0	1.28584540492312	75099	75086	75110	NA	NA
LT934125.1	+	610	75167	75167	0	1	27.285874	0	0	0	75167	75167	75167	NA	NA
LT934125.1	+	611	75207	75207	0	1	567.859171	0	0	0	75207	75207	75207	NA	NA
LT934125.1	+	612	75234	75247	13	3	104.624281	0	0	0	75239	75234	75247	NA	NA
LT934125.1	+	613	75302	75308	0	1	81.857622	4.44955227767627	4.44955227767627	4.44955227767627	75302	75302	75302	NA	NA
LT934125.1	+	614	75360	75384	0	1	109.143496	9.28771237954945	9.28771237954945	9.28771237954945	75360	75360	75360	NA	NA
LT934125.1	+	615	75568	75592	24	2	41.691619	0	0	0	75580	75568	75592	NA	NA
LT934125.1	+	616	75651	75657	3	4	446.833576	0	0	2.97379387075365	75653	75651	75654	NA	NA
LT934125.1	+	617	75923	75923	0	1	24.301041	0	0	0	75923	75923	75923	NA	NA
LT934125.1	+	618	76041	76041	0	1	27.285874	0	0	0	76041	76041	76041	NA	NA
LT934125.1	+	619	76115	76115	0	1	27.285874	0	0	0	76115	76115	76115	NA	NA
LT934125.1	+	620	76597	76618	21	2	269.065371	0	0	0	76608	76597	76618	NA	NA
LT934125.1	+	621	76677	76685	3	6	5652.708033	0	0	4.85154820514941	76684	76682	76685	NA	NA
LT934125.1	+	622	76749	76749	0	1	14.405745	0	0	0	76749	76749	76749	NA	NA
LT934125.1	+	623	76787	76798	11	2	90.218536	0	0	0	76792	76787	76798	NA	NA
LT934125.1	+	624	76834	76834	0	1	62.932662	0	0	0	76834	76834	76834	NA	NA
LT934125.1	+	625	76891	76891	0	1	62.932662	0	0	0	76891	76891	76891	NA	NA
LT934125.1	+	626	76918	76920	0	1	39.615799	1.49883611827611	1.49883611827611	1.49883611827611	76918	76918	76918	NA	NA
LT934125.1	+	627	76987	76992	3	5	1122.738068	0	0	0	76989	76987	76990	NA	NA
LT934125.1	+	628	77322	77322	0	2	90.218536	0	0	0	77322	77322	77322	NA	NA
LT934125.1	+	629	77524	77524	0	1	27.285874	0	0	0	77524	77524	77524	NA	NA
LT934125.1	+	630	78037	78047	5	5	2439.0185	0	0	6.5661656266226	78040	78039	78044	NA	NA
LT934125.1	+	631	78367	78367	0	1	27.285874	0	0	0	78367	78367	78367	NA	NA
LT934125.1	+	632	78550	78550	0	1	62.932662	0	0	0	78550	78550	78550	NA	NA
LT934125.1	+	633	78827	78843	11	2	144.790284	0	0	6.47847532647294	78832	78827	78838	NA	NA
LT934125.1	+	634	78883	78883	0	1	27.285874	0	0	0	78883	78883	78883	NA	NA
LT934125.1	+	635	78955	78955	0	1	567.859171	0	0	0	78955	78955	78955	NA	NA
LT934125.1	+	636	79010	79010	0	1	27.285874	0	0	0	79010	79010	79010	NA	NA
LT934125.1	+	637	79055	79070	15	2	153.151198	0	0	0	79062	79055	79070	NA	NA
LT934125.1	+	638	79142	79142	0	1	21.608618	0	0	0	79142	79142	79142	NA	NA
LT934125.1	+	639	79216	79218	0	1	54.571748	1.58496250072116	1.58496250072116	1.58496250072116	79216	79216	79216	NA	NA
LT934125.1	+	640	79349	79350	1	2	117.50441	0	0	0	79350	79349	79350	NA	NA
LT934125.1	+	641	79439	79447	0	6	113668.029218	1.25849844778275	1.25849844778275	1.75317724806235	79444	79444	79444	NA	NA
LT934125.1	+	642	79540	79552	4	5	1521.993808	0.97092151445301	0.97092151445301	5.10210520201357	79551	79548	79552	NA	NA
LT934125.1	+	643	79601	79622	15	3	169.091325	0	0	2.57798232963786	79613	79607	79622	NA	NA
LT934125.1	+	644	79652	79664	12	2	111.534745	0	0	0	79658	79652	79664	NA	NA
LT934125.1	+	645	79719	79720	1	2	51.586915	0	0	0	79720	79719	79720	NA	NA
LT934125.1	+	646	79872	79872	0	1	24.301041	0	0	0	79872	79872	79872	NA	NA
LT934125.1	+	647	79937	79948	11	2	59.6988	0	0	1.57081839195517	79942	79937	79948	NA	NA
LT934125.1	+	648	80010	80010	0	1	27.285874	0	0	0	80010	80010	80010	NA	NA
LT934125.1	+	649	80186	80193	7	2	68.977493	0	0	3	80190	80186	80193	NA	NA
LT934125.1	+	650	80270	80270	0	1	27.285874	0	0	0	80270	80270	80270	NA	NA
LT934125.1	+	651	80338	80338	0	1	241.779497	0	0	0	80338	80338	80338	NA	NA
LT934125.1	+	652	80403	80427	24	2	87.233703	0	0	0	80415	80403	80427	NA	NA
LT934125.1	+	653	80729	80729	0	1	27.285874	0	0	0	80729	80729	80729	NA	NA
LT934125.1	+	654	81081	81082	0	6	6011.888254	0	0	0.954434001658916	81082	81082	81082	NA	NA
LT934125.1	+	655	81135	81135	0	1	62.932662	0	0	0	81135	81135	81135	NA	NA
LT934125.1	+	656	81166	81166	0	1	27.285874	0	0	0	81166	81166	81166	NA	NA
LT934125.1	+	657	81317	81317	0	1	27.285874	0	0	0	81317	81317	81317	NA	NA
LT934125.1	+	658	81409	81409	0	1	24.301041	0	0	0	81409	81409	81409	NA	NA
LT934125.1	+	659	81480	81481	1	2	117.50441	0	0	1	81480	81480	81481	NA	NA
LT934125.1	+	660	81696	81696	0	1	27.285874	0	0	0	81696	81696	81696	NA	NA
LT934125.1	+	661	81837	81837	0	1	27.285874	0	0	0	81837	81837	81837	NA	NA
LT934125.1	+	662	81987	81987	0	1	27.285874	0	0	0	81987	81987	81987	NA	NA
LT934125.1	+	663	82047	82048	0	1	125.865324	1	1	1	82047	82047	82047	NA	NA
LT934125.1	+	664	82100	82100	0	1	27.285874	0	0	0	82100	82100	82100	NA	NA
LT934125.1	+	665	82384	82384	0	1	567.859171	0	0	0	82384	82384	82384	NA	NA
LT934125.1	+	666	82426	82436	10	2	809.638668	0	0	0	82431	82426	82436	NA	NA
LT934125.1	+	667	82468	82478	8	3	226.054322	0	0	1.58496250072116	82472	82468	82476	NA	NA
LT934125.1	+	668	82560	82566	6	2	90.218536	0	0	0	82563	82560	82566	NA	NA
LT934125.1	+	669	82743	82745	0	1	125.865324	1.58496250072116	1.58496250072116	1.58496250072116	82743	82743	82743	NA	NA
LT934125.1	+	670	82896	82896	0	1	62.932662	0	0	0	82896	82896	82896	NA	NA
LT934125.1	+	671	83131	83131	0	1	62.932662	0	0	0	83131	83131	83131	NA	NA
LT934125.1	+	672	83578	83578	0	1	27.285874	0	0	0	83578	83578	83578	NA	NA
LT934125.1	+	673	83752	83752	0	1	27.285874	0	0	0	83752	83752	83752	NA	NA
LT934125.1	+	674	83792	83792	0	2	269.065371	0	0	0	83792	83792	83792	NA	NA
LT934125.1	+	675	83973	83982	0	3	644.429674	1.72624113269261	1.72624113269261	3.86484415740317	83978	83978	83978	NA	NA
LT934125.1	+	676	84619	84619	0	1	62.932662	0	0	0	84619	84619	84619	NA	NA
LT934125.1	+	677	84701	84701	0	1	62.932662	0	0	0	84701	84701	84701	NA	NA
LT934125.1	+	678	84732	84732	0	1	54.571748	0	0	0	84732	84732	84732	NA	NA
LT934125.1	+	679	84775	84775	0	1	62.932662	0	0	0	84775	84775	84775	NA	NA
LT934125.1	+	680	85064	85064	0	1	62.932662	0	0	0	85064	85064	85064	NA	NA
LT934125.1	+	681	85089	85089	0	1	27.285874	0	0	0	85089	85089	85089	NA	NA
LT934125.1	+	682	85196	85196	0	1	27.285874	0	0	0	85196	85196	85196	NA	NA
LT934125.1	+	683	85462	85462	0	1	62.932662	0	0	0	85462	85462	85462	NA	NA
LT934125.1	+	684	85492	85492	0	1	241.779497	0	0	0	85492	85492	85492	NA	NA
LT934125.1	+	685	85581	85581	0	1	62.932662	0	0	0	85581	85581	85581	NA	NA
LT934125.1	+	686	85707	85707	0	1	62.932662	0	0	0	85707	85707	85707	NA	NA
LT934125.1	+	687	85757	85757	0	1	62.932662	0	0	0	85757	85757	85757	NA	NA
LT934125.1	+	688	85866	85866	0	1	27.285874	0	0	0	85866	85866	85866	NA	NA
LT934125.1	+	689	86205	86205	0	1	241.779497	0	0	0	86205	86205	86205	NA	NA
LT934125.1	+	690	86881	86881	0	1	27.285874	0	0	0	86881	86881	86881	NA	NA
LT934125.1	+	691	86990	86990	0	1	241.779497	0	0	0	86990	86990	86990	NA	NA
LT934125.1	+	692	87212	87216	4	2	68.977493	0	0	2.32192809488736	87214	87212	87216	NA	NA
LT934125.1	+	693	87344	87344	0	1	62.932662	0	0	0	87344	87344	87344	NA	NA
LT934125.1	+	694	87732	87732	0	1	27.285874	0	0	0	87732	87732	87732	NA	NA
LT934125.1	+	695	88057	88057	0	1	62.932662	0	0	0	88057	88057	88057	NA	NA
LT934125.1	+	696	88253	88253	0	1	62.932662	0	0	0	88253	88253	88253	NA	NA
LT934125.1	+	697	88454	88472	18	2	304.712159	0	0	0	88463	88454	88472	NA	NA
LT934125.1	+	698	88530	88530	0	1	62.932662	0	0	0	88530	88530	88530	NA	NA
LT934125.1	+	699	88555	88555	0	1	567.859171	0	0	0	88555	88555	88555	NA	NA
LT934125.1	+	700	88884	88888	4	6	7692.101999	1	1	3.08604498804241	88885	88884	88888	NA	NA
LT934125.1	+	701	88946	88946	0	1	27.285874	0	0	0	88946	88946	88946	NA	NA
LT934125.1	+	702	89031	89034	3	2	117.50441	0	0	0	89032	89031	89034	NA	NA
LT934125.1	+	703	89130	89135	2	3	428.091245	0	0	3.5438558770067	89132	89131	89133	NA	NA
LT934125.1	+	704	89273	89294	21	2	117.50441	0	0	0	89284	89273	89294	NA	NA
LT934125.1	+	705	89329	89329	0	1	241.779497	0	0	0	89329	89329	89329	NA	NA
LT934125.1	+	706	89392	89392	0	1	27.285874	0	0	0	89392	89392	89392	NA	NA
LT934125.1	+	707	89525	89525	0	1	62.932662	0	0	0	89525	89525	89525	NA	NA
LT934125.1	+	708	89609	89619	10	2	269.065371	0	0	0	89614	89609	89619	NA	NA
LT934125.1	+	709	89649	89665	16	2	51.586915	0	0	0	89657	89649	89665	NA	NA
LT934125.1	+	710	89703	89703	0	1	62.932662	0	0	0	89703	89703	89703	NA	NA
LT934125.1	+	711	89818	89818	0	1	62.932662	0	0	0	89818	89818	89818	NA	NA
LT934125.1	+	712	89877	89910	33	5	1567.100599	0	0	1.58496250072116	89891	89877	89910	NA	NA
LT934125.1	+	713	90007	90007	0	1	27.285874	0	0	0	90007	90007	90007	NA	NA
LT934125.1	+	714	90091	90091	0	1	1135.718342	0	0	0	90091	90091	90091	NA	NA
LT934125.1	+	715	90339	90339	0	1	62.932662	0	0	0	90339	90339	90339	NA	NA
LT934125.1	+	716	90381	90381	0	2	88.038477	0	0	0	90381	90381	90381	NA	NA
LT934125.1	+	717	90498	90498	0	1	27.285874	0	0	0	90498	90498	90498	NA	NA
LT934125.1	+	718	90602	90602	0	1	27.285874	0	0	0	90602	90602	90602	NA	NA
LT934125.1	+	719	90684	90709	25	3	658.077707	0	0	0	90697	90684	90709	NA	NA
LT934125.1	+	720	90759	90759	0	1	27.285874	0	0	0	90759	90759	90759	NA	NA
LT934125.1	+	721	90943	90943	0	1	27.285874	0	0	0	90943	90943	90943	NA	NA
LT934125.1	+	722	90996	90999	3	2	51.586915	0	0	0	90998	90996	90999	NA	NA
LT934125.1	+	723	91132	91132	0	1	62.932662	0	0	0	91132	91132	91132	NA	NA
LT934125.1	+	724	91222	91222	0	1	27.285874	0	0	0	91222	91222	91222	NA	NA
LT934125.1	+	725	91358	91365	7	4	688.423579	0	0	2.75488750216347	91361	91358	91365	NA	NA
LT934125.1	+	726	91404	91412	4	6	7125.268962	0	0	3.30106089111992	91409	91408	91412	NA	NA
LT934125.1	+	727	91476	91476	0	1	27.285874	0	0	0	91476	91476	91476	NA	NA
LT934125.1	+	728	91542	91548	4	5	1336.803282	0	0	5.39553429702283	91547	91544	91548	NA	NA
LT934125.1	+	729	91637	91637	0	1	27.285874	0	0	0	91637	91637	91637	NA	NA
LT934125.1	+	730	91681	91692	11	2	90.218536	0	0	0	91686	91681	91692	NA	NA
LT934125.1	+	731	92048	92048	0	1	62.932662	0	0	0	92048	92048	92048	NA	NA
LT934125.1	+	732	92166	92166	0	1	27.285874	0	0	0	92166	92166	92166	NA	NA
LT934125.1	+	733	92265	92265	0	2	90.218536	0	0	0	92265	92265	92265	NA	NA
LT934125.1	+	734	92414	92419	2	2	130.459704	0.91829583405449	0.91829583405449	2	92415	92414	92416	NA	NA
LT934125.1	+	735	92675	92675	0	1	27.285874	0	0	0	92675	92675	92675	NA	NA
LT934125.1	+	736	92789	92789	0	1	27.285874	0	0	0	92789	92789	92789	NA	NA
LT934125.1	+	737	92884	92884	0	1	27.285874	0	0	0	92884	92884	92884	NA	NA
LT934125.1	+	738	92926	92926	0	1	18.007181	0	0	0	92926	92926	92926	NA	NA
LT934125.1	+	739	92952	92970	18	2	79.781802	0	0	0	92961	92952	92970	NA	NA
LT934125.1	+	740	93126	93130	4	3	320.652286	0	0	1	93128	93126	93130	NA	NA
LT934125.1	+	741	93199	93215	16	3	671.033001	0	0	3.32192809488736	93207	93199	93215	NA	NA
LT934125.1	+	742	93323	93342	19	3	114.519577	0	0	0	93335	93323	93342	NA	NA
LT934125.1	+	743	93410	93437	27	5	1292.546141	0	0	3.32192809488736	93427	93410	93437	NA	NA
LT934125.1	+	744	94105	94105	0	1	27.285874	0	0	0	94105	94105	94105	NA	NA
LT934125.1	+	745	94259	94259	0	1	27.285874	0	0	0	94259	94259	94259	NA	NA
LT934125.1	+	746	94472	94475	0	1	54.571748	2	2	2	94472	94472	94472	NA	NA
LT934125.1	+	747	94512	94512	0	1	25.210054	0	0	0	94512	94512	94512	NA	NA
LT934125.1	+	748	94577	94584	5	5	781.124159	0	0	3.11875048708529	94581	94579	94584	NA	NA
LT934125.1	+	749	94666	94684	18	3	331.998033	0	0	0	94676	94666	94684	NA	NA
LT934125.1	+	750	94961	94963	2	3	691.408412	0	0	1.28584540492312	94962	94961	94963	NA	NA
LT934125.1	+	751	95017	95029	12	3	147.300078	0	0	0	95024	95017	95029	NA	NA
LT934125.1	+	752	95085	95085	0	1	27.285874	0	0	0	95085	95085	95085	NA	NA
LT934125.1	+	753	95170	95170	0	1	14.405745	0	0	0	95170	95170	95170	NA	NA
LT934125.1	+	754	95210	95214	4	2	41.691619	0	0	0	95212	95210	95214	NA	NA
LT934125.1	+	755	95397	95418	21	2	48.894492	0	0	0	95408	95397	95418	NA	NA
LT934125.1	+	756	95444	95446	2	2	90.910305	0	0	1.58496250072116	95445	95444	95446	NA	NA
LT934125.1	+	757	95589	95591	0	1	109.143496	1.58496250072116	1.58496250072116	1.58496250072116	95589	95589	95589	NA	NA
LT934125.1	+	758	95620	95624	4	2	91.744152	0	0	0	95622	95620	95624	NA	NA
LT934125.1	+	759	95695	95695	0	1	27.285874	0	0	0	95695	95695	95695	NA	NA
LT934125.1	+	760	95743	95750	4	4	2937.236034	0	0	0.830903450783153	95748	95746	95750	NA	NA
LT934125.1	+	761	95843	95843	0	1	27.285874	0	0	0	95843	95843	95843	NA	NA
LT934125.1	+	762	95875	95880	5	3	700.2033	0	0	2.37376030357441	95877	95875	95880	NA	NA
LT934125.1	+	763	96225	96225	0	1	241.779497	0	0	0	96225	96225	96225	NA	NA
LT934125.1	+	764	96479	96479	0	1	27.285874	0	0	0	96479	96479	96479	NA	NA
LT934125.1	+	765	96526	96526	0	2	63.737436	0	0	0	96526	96526	96526	NA	NA
LT934125.1	+	766	96593	96597	4	2	253.933781	0	0	1.18334555329787	96595	96593	96597	NA	NA
LT934125.1	+	767	96654	96654	0	2	79.781802	0	0	0	96654	96654	96654	NA	NA
LT934125.1	+	768	96701	96721	20	2	117.50441	0	0	0	96711	96701	96721	NA	NA
LT934125.1	+	769	96783	96783	0	1	27.285874	0	0	0	96783	96783	96783	NA	NA
LT934125.1	+	770	96883	96888	2	4	387.624121	0	0	3.56410362727508	96884	96883	96885	NA	NA
LT934125.1	+	771	97144	97152	8	2	90.218536	0	0	0	97148	97144	97152	NA	NA
LT934125.1	+	772	97205	97205	0	1	27.285874	0	0	0	97205	97205	97205	NA	NA
LT934125.1	+	773	97394	97394	0	1	36.014363	0	0	0	97394	97394	97394	NA	NA
LT934125.1	+	774	97550	97550	0	1	14.405745	0	0	0	97550	97550	97550	NA	NA
LT934125.1	+	775	97597	97597	0	1	27.285874	0	0	0	97597	97597	97597	NA	NA
LT934125.1	+	776	97650	97650	0	1	27.285874	0	0	0	97650	97650	97650	NA	NA
LT934125.1	+	777	98098	98102	0	1	54.571748	2.32192809488736	2.32192809488736	2.32192809488736	98098	98098	98098	NA	NA
LT934125.1	+	778	98148	98148	0	1	27.285874	0	0	0	98148	98148	98148	NA	NA
LT934125.1	+	779	98429	98439	10	2	90.218536	0	0	0	98434	98429	98439	NA	NA
LT934125.1	+	780	98678	98678	0	1	27.285874	0	0	0	98678	98678	98678	NA	NA
LT934125.1	+	781	98769	98769	0	1	62.932662	0	0	0	98769	98769	98769	NA	NA
LT934125.1	+	782	98891	98891	0	1	62.932662	0	0	0	98891	98891	98891	NA	NA
LT934125.1	+	783	99090	99090	0	1	27.285874	0	0	0	99090	99090	99090	NA	NA
LT934125.1	+	784	99516	99516	0	1	27.285874	0	0	0	99516	99516	99516	NA	NA
LT934125.1	+	785	99597	99597	0	1	27.285874	0	0	0	99597	99597	99597	NA	NA
LT934125.1	+	786	99782	99782	0	1	24.301041	0	0	0	99782	99782	99782	NA	NA
LT934125.1	+	787	99833	99833	0	1	27.285874	0	0	0	99833	99833	99833	NA	NA
LT934125.1	+	788	99946	99949	3	3	341.163721	0	0	0	99948	99946	99949	NA	NA
LT934125.1	+	789	100155	100156	1	2	51.586915	0	0	0	100156	100155	100156	NA	NA
LT934125.1	+	790	100433	100437	4	3	359.283907	0	0	0	100436	100433	100437	NA	NA
LT934125.1	+	791	100519	100519	0	1	27.285874	0	0	0	100519	100519	100519	NA	NA
LT934125.1	+	792	100563	100563	0	1	241.779497	0	0	0	100563	100563	100563	NA	NA
LT934125.1	+	793	100598	100601	1	2	191.212308	1.45546446154482	1.45546446154482	1.83659166810898	100598	100598	100599	NA	NA
LT934125.1	+	794	101290	101296	0	2	947.545706	1.96388157351871	1.96388157351871	3.05549890172746	101293	101293	101293	NA	NA
LT934125.1	+	795	101340	101340	0	1	241.779497	0	0	0	101340	101340	101340	NA	NA
LT934125.1	+	796	101463	101464	1	2	41.691619	0	0	0	101464	101463	101464	NA	NA
LT934125.1	+	797	101574	101574	0	1	14.405745	0	0	0	101574	101574	101574	NA	NA
LT934125.1	+	798	101674	101675	1	2	51.586915	0	0	0	101674	101674	101675	NA	NA
LT934125.1	+	799	101726	101731	3	4	758.907167	0	0	0.861529253474819	101728	101726	101729	NA	NA
LT934125.1	+	800	101803	101833	30	5	1276.960145	0	0	3.09737546894457	101824	101803	101833	NA	NA
LT934125.1	+	801	101919	101919	0	1	27.285874	0	0	0	101919	101919	101919	NA	NA
LT934125.1	+	802	101944	101964	20	3	305.516933	0	0	0	101951	101944	101964	NA	NA
LT934125.1	+	803	101990	101992	2	2	103.969838	0	0	0	101991	101990	101992	NA	NA
LT934125.1	+	804	102057	102062	5	3	261.828422	0	0	3.23541446250637	102060	102057	102062	NA	NA
LT934125.1	+	805	102213	102213	0	1	27.285874	0	0	0	102213	102213	102213	NA	NA
LT934125.1	+	806	102393	102393	0	1	24.301041	0	0	0	102393	102393	102393	NA	NA
LT934125.1	+	807	102590	102590	0	1	62.932662	0	0	0	102590	102590	102590	NA	NA
LT934125.1	+	808	103805	103805	0	2	38.706786	0	0	0	103805	103805	103805	NA	NA
LT934125.1	+	809	104166	104166	0	1	27.285874	0	0	0	104166	104166	104166	NA	NA
LT934125.1	+	810	104367	104367	0	1	241.779497	0	0	0	104367	104367	104367	NA	NA
LT934125.1	+	811	104730	104730	0	1	27.285874	0	0	0	104730	104730	104730	NA	NA
LT934125.1	+	812	105262	105262	0	1	62.932662	0	0	0	105262	105262	105262	NA	NA
LT934125.1	+	813	105522	105522	0	1	27.285874	0	0	0	105522	105522	105522	NA	NA
LT934125.1	+	814	105773	105773	0	1	62.932662	0	0	0	105773	105773	105773	NA	NA
LT934125.1	+	815	105963	105963	0	1	188.797986	0	0	0	105963	105963	105963	NA	NA
LT934125.1	+	816	106100	106104	4	3	658.077707	0	0	0	106102	106100	106104	NA	NA
LT934125.1	+	817	106302	106302	0	1	241.779497	0	0	0	106302	106302	106302	NA	NA
LT934125.1	+	818	106593	106593	0	1	62.932662	0	0	0	106593	106593	106593	NA	NA
LT934125.1	+	819	106633	106633	0	1	27.285874	0	0	0	106633	106633	106633	NA	NA
LT934125.1	+	820	107141	107141	0	1	567.859171	0	0	0	107141	107141	107141	NA	NA
LT934125.1	+	821	107243	107243	0	1	27.285874	0	0	0	107243	107243	107243	NA	NA
LT934125.1	+	822	107309	107310	1	3	85.346054	0	0	0	107310	107309	107310	NA	NA
LT934125.1	+	823	107363	107365	0	1	54.571748	1.58496250072116	1.58496250072116	1.58496250072116	107363	107363	107363	NA	NA
LT934125.1	+	824	107401	107434	31	6	2246.516163	0	0	7.57272543178725	107422	107401	107432	NA	NA
LT934125.1	+	825	107473	107486	0	6	59045.92898	0	0	1.08712888655369	107482	107482	107482	NA	NA
LT934125.1	+	826	107610	107615	4	2	132.27773	0	0	4.02389920671885	107612	107610	107614	NA	NA
LT934125.1	+	827	107646	107646	0	1	24.301041	0	0	0	107646	107646	107646	NA	NA
LT934125.1	+	828	107664	107674	0	3	299.226835	0	0	6.59242802558729	107672	107672	107672	NA	NA
LT934125.1	+	829	107798	107802	0	1	54.571748	2.32192809488736	2.32192809488736	2.32192809488736	107798	107798	107798	NA	NA
LT934125.1	+	830	107999	108005	4	3	177.452239	0	0	2.8073549220576	108001	107999	108003	NA	NA
LT934125.1	+	831	108050	108050	0	1	241.779497	0	0	0	108050	108050	108050	NA	NA
LT934125.1	+	832	108106	108106	0	1	24.301041	0	0	0	108106	108106	108106	NA	NA
LT934125.1	+	833	108189	108189	0	2	41.691619	0	0	0	108189	108189	108189	NA	NA
LT934125.1	+	834	108229	108229	0	1	36.451562	0	0	0	108229	108229	108229	NA	NA
LT934125.1	+	835	108303	108321	8	4	409.994133	0	0	8.16421123313224	108309	108304	108312	NA	NA
LT934125.1	+	836	108395	108407	12	3	153.955972	0	0	1.58496250072116	108403	108395	108407	NA	NA
LT934125.1	+	837	108432	108432	0	1	18.007181	0	0	0	108432	108432	108432	NA	NA
LT934125.1	+	838	108457	108475	18	2	117.50441	0	0	0	108466	108457	108475	NA	NA
LT934125.1	+	839	108568	108568	0	1	27.285874	0	0	0	108568	108568	108568	NA	NA
LT934125.1	+	840	108948	108948	0	1	62.932662	0	0	0	108948	108948	108948	NA	NA
LT934125.1	+	841	109003	109003	0	1	62.932662	0	0	0	109003	109003	109003	NA	NA
LT934125.1	+	842	109307	109335	20	3	267.670775	0	0	3.16992500144231	109314	109307	109327	NA	NA
LT934125.1	+	843	109363	109363	0	1	62.932662	0	0	0	109363	109363	109363	NA	NA
LT934125.1	+	844	109518	109518	0	1	567.859171	0	0	0	109518	109518	109518	NA	NA
LT934125.1	+	845	109637	109640	3	2	595.145045	0	0	0	109638	109637	109640	NA	NA
LT934125.1	+	846	110147	110147	0	1	27.285874	0	0	0	110147	110147	110147	NA	NA
LT934125.1	+	847	110202	110202	0	1	27.285874	0	0	0	110202	110202	110202	NA	NA
LT934125.1	+	848	110354	110354	0	1	241.779497	0	0	0	110354	110354	110354	NA	NA
LT934125.1	+	849	110407	110407	0	2	78.872789	0	0	0	110407	110407	110407	NA	NA
LT934125.1	+	850	110441	110472	22	2	180.437072	1.58496250072116	1.58496250072116	3.32192809488736	110452	110441	110463	NA	NA
LT934125.1	+	851	110493	110493	0	1	241.779497	0	0	0	110493	110493	110493	NA	NA
LT934125.1	+	852	110600	110603	3	3	114.594743	0	0	1.83659165896442	110601	110600	110603	NA	NA
LT934125.1	+	853	110689	110696	3	5	1750.872978	0	0	5.39553429702283	110691	110689	110692	NA	NA
LT934125.1	+	854	110768	110768	0	1	54.571748	0	0	0	110768	110768	110768	NA	NA
LT934125.1	+	855	111092	111115	23	3	347.93816	0	0	0	111107	111092	111115	NA	NA
LT934125.1	+	856	111218	111247	29	3	836.924542	0	0	0	111232	111218	111247	NA	NA
LT934125.1	+	857	111786	111791	5	3	329.0132	0	0	0	111788	111786	111791	NA	NA
LT934125.1	+	858	112091	112091	0	1	27.285874	0	0	0	112091	112091	112091	NA	NA
LT934125.1	+	859	112300	112308	0	1	54.571748	3.16992500144231	3.16992500144231	3.16992500144231	112300	112300	112300	NA	NA
LT934125.1	+	860	112412	112412	0	1	27.285874	0	0	0	112412	112412	112412	NA	NA
LT934125.1	+	861	112524	112524	0	1	27.285874	0	0	0	112524	112524	112524	NA	NA
LT934125.1	+	862	112743	112744	1	2	595.145045	0	0	0	112744	112743	112744	NA	NA
LT934125.1	+	863	112823	112825	0	3	166.398902	0	0	1.45546446154482	112825	112825	112825	NA	NA
LT934125.1	+	864	112883	112888	3	4	1079.290601	0	0	2.957325854489	112884	112883	112886	NA	NA
LT934125.1	+	865	112943	112943	0	1	18.007181	0	0	0	112943	112943	112943	NA	NA
LT934125.1	+	866	113029	113029	0	1	27.285874	0	0	0	113029	113029	113029	NA	NA
LT934125.1	+	867	113087	113087	0	1	27.285874	0	0	0	113087	113087	113087	NA	NA
LT934125.1	+	868	113179	113179	0	1	27.285874	0	0	0	113179	113179	113179	NA	NA
LT934125.1	+	869	113440	113446	6	2	99.864803	0	0	4.09706862941342	113443	113440	113446	NA	NA
LT934125.1	+	870	113625	113625	0	1	27.285874	0	0	0	113625	113625	113625	NA	NA
LT934125.1	+	871	113688	113688	0	1	27.285874	0	0	0	113688	113688	113688	NA	NA
LT934125.1	+	872	113999	114000	1	3	115.42859	0	0	0	113999	113999	114000	NA	NA
LT934125.1	+	873	114278	114278	0	1	62.932662	0	0	0	114278	114278	114278	NA	NA
LT934125.1	+	874	114661	114661	0	1	14.405745	0	0	0	114661	114661	114661	NA	NA
LT934125.1	+	875	114759	114761	0	1	61.224417	1.4845826812512	1.4845826812512	1.4845826812512	114761	114761	114761	NA	NA
LT934125.1	+	876	114829	114837	6	2	200.154814	0	0	1.92482546882005	114832	114829	114835	NA	NA
LT934125.1	+	877	114980	114988	0	6	180876.841269	0.649375692460892	0.649375692460892	3.17302260726056	114985	114985	114985	NA	NA
LT934125.1	+	878	115044	115044	0	1	62.932662	0	0	0	115044	115044	115044	NA	NA
LT934125.1	+	879	115093	115097	4	2	51.586915	0	0	0	115095	115093	115097	NA	NA
LT934125.1	+	880	115153	115153	0	1	24.301041	0	0	0	115153	115153	115153	NA	NA
LT934125.1	+	881	115180	115185	0	1	125.865324	2.58496250072116	2.58496250072116	2.58496250072116	115180	115180	115180	NA	NA
LT934125.1	+	882	115256	115256	0	2	595.145045	0	0	0	115256	115256	115256	NA	NA
LT934125.1	+	883	115389	115389	0	1	62.932662	0	0	0	115389	115389	115389	NA	NA
LT934125.1	+	884	115432	115432	0	1	27.285874	0	0	0	115432	115432	115432	NA	NA
LT934125.1	+	885	115475	115486	11	3	619.446086	0	0	0	115482	115475	115486	NA	NA
LT934125.1	+	886	115551	115551	0	1	27.285874	0	0	0	115551	115551	115551	NA	NA
LT934125.1	+	887	115701	115725	24	4	789.987862	0	0	0	115719	115701	115725	NA	NA
LT934125.1	+	888	115753	115754	1	2	302.5321	0	0	0.970950592528949	115754	115753	115754	NA	NA
LT934125.1	+	889	115784	115784	0	1	62.932662	0	0	0	115784	115784	115784	NA	NA
LT934125.1	+	890	115815	115815	0	1	567.859171	0	0	0	115815	115815	115815	NA	NA
LT934125.1	+	891	115842	115846	1	5	4833.064157	0	0	2.48134106250313	115844	115843	115844	NA	NA
LT934125.1	+	892	115893	115894	1	5	3044.192611	0	0	0	115894	115893	115894	NA	NA
LT934125.1	+	893	115943	115943	0	1	60.752603	0	0	0	115943	115943	115943	NA	NA
LT934125.1	+	894	115943	115979	1	4	2271.322286	0	0	11.4051805627671	115974	115973	115974	NA	NA
LT934125.1	+	895	116010	116025	6	3	674.265895	5.63048002211039	5.63048002211039	7.54577973322379	116020	116018	116024	NA	NA
LT934125.1	+	896	116011	116076	9	5	6409.268278	3.93412705407782	3.93412705407782	14.9053903997332	116073	116067	116076	NA	NA
LT934125.1	+	897	116118	116137	1	5	2564.996887	0	0	9.13926587396865	116122	116121	116122	NA	NA
LT934125.1	+	898	116165	116185	20	3	918.993353	0	0	3.33317538344335	116177	116165	116185	NA	NA
LT934125.1	+	899	116216	116244	3	6	6068.998926	0	0	6.26703847118663	116226	116224	116227	NA	NA
LT934125.1	+	900	116285	116318	1	2	4011.013824	0	0	12.9693730952576	116286	116285	116286	NA	NA
LT934125.1	+	901	116261	116354	27	5	14665.690827	3.81634677882161	3.81634677882161	18.9922165902785	116320	116313	116340	NA	NA
LT934125.1	+	902	116353	116433	3	6	56029.023813	0.721928094922582	0.721928094922582	17.4838711665093	116430	116428	116431	NA	NA
LT934125.1	+	903	116460	116478	1	6	29351.313074	0	0	8.52548013407974	116478	116477	116478	NA	NA
LT934125.1	+	904	116499	116544	19	5	10896.242244	1.83659166810898	1.83659166810898	13.2920740780868	116530	116524	116543	NA	NA
LT934125.1	+	905	116543	116612	17	6	18190.28677	0	0	18.5760799554559	116588	116584	116601	NA	NA
LT934125.1	+	906	116625	116655	20	2	6403.930201	2.13221689650914	2.13221689650914	2.27754563585801	116641	116631	116651	NA	NA
LT934125.1	+	907	116709	116720	1	6	6308.806055	0	0	1.73539813508941	116719	116718	116719	NA	NA
LT934125.1	+	908	116773	116793	20	2	628.611774	0	0	0	116783	116773	116793	NA	NA
LT934125.1	+	909	116835	116835	0	1	27.285874	0	0	0	116835	116835	116835	NA	NA
LT934125.1	+	910	116981	116981	0	1	27.285874	0	0	0	116981	116981	116981	NA	NA
LT934125.1	+	911	117193	117193	0	1	27.285874	0	0	0	117193	117193	117193	NA	NA
LT934125.1	+	912	117244	117244	0	1	14.405745	0	0	0	117244	117244	117244	NA	NA
LT934125.1	+	913	117295	117302	2	2	163.926434	0	0	3	117296	117295	117297	NA	NA
LT934125.1	+	914	117412	117412	0	1	27.285874	0	0	0	117412	117412	117412	NA	NA
LT934125.1	+	915	117534	117534	0	1	241.779497	0	0	0	117534	117534	117534	NA	NA
LT934125.1	+	916	117601	117608	4	6	4852.268621	0	0	5.03213106089574	117606	117603	117607	NA	NA
LT934125.1	+	917	117673	117673	0	1	27.285874	0	0	0	117673	117673	117673	NA	NA
LT934125.1	+	918	117766	117770	3	6	19456.349928	0.529360865173232	0.529360865173232	1.98378529511854	117768	117766	117769	NA	NA
LT934125.1	+	919	117884	117893	0	5	904.823708	0	0	2.27754563585801	117887	117887	117887	NA	NA
LT934125.1	+	920	117944	117946	1	3	240.384901	0	0	2.51210612869226	117944	117944	117945	NA	NA
LT934125.1	+	921	118015	118026	0	1	81.857622	5.68203113013457	5.68203113013457	5.68203113013457	118015	118015	118015	NA	NA
LT934125.1	+	922	118057	118070	13	2	510.844868	0	0	0	118064	118057	118070	NA	NA
LT934125.1	+	923	118108	118120	9	2	169.896099	2.2544774595405	2.2544774595405	4.21103238308641	118112	118108	118117	NA	NA
LT934125.1	+	924	118180	118226	29	5	955.261348	0	0	9.46825101025339	118199	118180	118209	NA	NA
LT934125.1	+	925	118269	118293	24	2	630.791833	0	0	0	118281	118269	118293	NA	NA
LT934125.1	+	926	118349	118349	0	1	241.779497	0	0	0	118349	118349	118349	NA	NA
LT934125.1	+	927	118388	118388	0	1	27.285874	0	0	0	118388	118388	118388	NA	NA
LT934125.1	+	928	118509	118529	20	5	963.297227	0	0	7.85580967140715	118520	118509	118529	NA	NA
LT934125.1	+	929	118659	118681	20	4	851.470074	0	0	2.09712352938225	118668	118661	118681	NA	NA
LT934125.1	+	930	118712	118716	0	2	325.227356	0	0	1.67626512600748	118716	118716	118716	NA	NA
LT934125.1	+	931	118746	118747	1	3	303.441113	0	0	0	118747	118746	118747	NA	NA
LT934125.1	+	932	118853	118866	0	6	329925.689345	1.70905530127293	1.70905530127293	2.67875784756149	118864	118864	118864	NA	NA
LT934125.1	+	933	118906	118906	0	2	132.27773	0	0	0	118906	118906	118906	NA	NA
LT934125.1	+	934	118969	118985	16	3	359.283907	0	0	0	118979	118969	118985	NA	NA
LT934125.1	+	935	119021	119023	2	2	82.361221	0	0	0	119022	119021	119023	NA	NA
LT934125.1	+	936	119068	119077	9	5	626.916842	0	0	3.71076666564298	119072	119068	119077	NA	NA
LT934125.1	+	937	119110	119110	0	1	567.859171	0	0	0	119110	119110	119110	NA	NA
LT934125.1	+	938	119149	119155	6	2	135.835786	0	0	2.57798231680186	119152	119149	119155	NA	NA
LT934125.1	+	939	119182	119186	0	1	163.715244	2.13221689650914	2.13221689650914	2.13221689650914	119182	119182	119182	NA	NA
LT934125.1	+	940	119222	119231	0	1	125.865324	3.32192809488736	3.32192809488736	3.32192809488736	119222	119222	119222	NA	NA
LT934125.1	+	941	119232	119270	1	5	2852.929499	0	0	13.899756836209	119266	119265	119266	NA	NA
LT934125.1	+	942	119345	119346	1	3	310.75699	0	0	0	119346	119345	119346	NA	NA
LT934125.1	+	943	119393	119393	0	1	567.859171	0	0	0	119393	119393	119393	NA	NA
LT934125.1	+	944	119427	119437	1	5	1505.153972	0	0	0.863120568566631	119428	119427	119428	NA	NA
LT934125.1	+	945	119477	119485	1	6	7253.927976	0	0	0.650022421648354	119485	119484	119485	NA	NA
LT934125.1	+	946	119533	119540	3	4	2824.475074	1.39681302750748	1.39681302750748	4.75488750216347	119535	119533	119536	NA	NA
LT934125.1	+	947	119563	119592	24	3	661.437376	0	0	3.39258441235241	119575	119567	119591	NA	NA
LT934125.1	+	948	119690	119731	41	6	1213.376779	0	0	5.19394972453327	119707	119690	119731	NA	NA
LT934125.1	+	949	119764	119766	2	3	211.691957	0	0	2.37744375108173	119765	119764	119766	NA	NA
LT934125.1	+	950	119795	119835	10	4	1933.580137	0	0	17.1587377157259	119820	119817	119827	NA	NA
LT934125.1	+	951	119871	119905	16	6	3308.575636	0	0	5.31811116994037	119878	119871	119887	NA	NA
LT934125.1	+	952	119940	119941	0	2	277.985793	0	0	0.76420450487312	119941	119941	119941	NA	NA
LT934125.1	+	953	119971	119971	0	1	62.932662	0	0	0	119971	119971	119971	NA	NA
LT934125.1	+	954	119999	120022	23	6	3919.442424	0	0	2.60974886076512	120017	119999	120022	NA	NA
LT934125.1	+	955	120058	120062	1	2	1576.246976	1.18334555716465	1.18334555716465	1.58496250072116	120060	120060	120061	NA	NA
LT934125.1	+	956	120108	120139	1	6	7802.822805	0	0	3.75488750216347	120133	120132	120133	NA	NA
LT934125.1	+	957	120191	120193	0	5	1121.847581	0	0	1.53892028090441	120193	120193	120193	NA	NA
LT934125.1	+	958	120238	120242	0	1	85.053645	2.28762888731282	2.28762888731282	2.28762888731282	120238	120238	120238	NA	NA
LT934125.1	+	959	120314	120314	0	1	27.285874	0	0	0	120314	120314	120314	NA	NA
LT934125.1	+	960	120383	120391	2	2	103.17383	0	0	3.16992500144231	120384	120383	120385	NA	NA
LT934125.1	+	961	120476	120476	0	1	62.932662	0	0	0	120476	120476	120476	NA	NA
LT934125.1	+	962	120552	120565	3	6	31693.564651	1.27139400373199	1.27139400373199	2.57845791706304	120554	120552	120555	NA	NA
LT934125.1	+	963	120716	120716	0	1	27.285874	0	0	0	120716	120716	120716	NA	NA
LT934125.1	+	964	120777	120800	23	2	90.218536	0	0	0	120788	120777	120800	NA	NA
LT934125.1	+	965	120826	120826	0	1	18.007181	0	0	0	120826	120826	120826	NA	NA
LT934125.1	+	966	120930	120937	3	6	1366.669543	0	0	4.46612673752405	120932	120930	120933	NA	NA
LT934125.1	+	967	121024	121024	0	1	27.285874	0	0	0	121024	121024	121024	NA	NA
LT934125.1	+	968	121132	121133	0	1	54.571748	1	1	1	121132	121132	121132	NA	NA
LT934125.1	+	969	121304	121304	0	2	90.218536	0	0	0	121304	121304	121304	NA	NA
LT934125.1	+	970	121424	121424	0	1	27.285874	0	0	0	121424	121424	121424	NA	NA
LT934125.1	+	971	121560	121585	25	3	114.519577	0	0	0	121576	121560	121585	NA	NA
LT934125.1	+	972	121612	121614	2	2	158.037988	0	0	1.14422895861353	121613	121612	121614	NA	NA
LT934125.1	+	973	121672	121674	2	2	278.231059	0	0	0	121673	121672	121674	NA	NA
LT934125.1	+	974	121707	121717	5	5	2684.782767	2.57798232963786	2.57798232963786	8.12689559150047	121712	121710	121715	NA	NA
LT934125.1	+	975	121782	121786	0	6	53629.581895	0.901170195967464	0.901170195967464	1.58496250072116	121784	121784	121784	NA	NA
LT934125.1	+	976	121838	121839	1	3	834.848722	0	0	0	121839	121838	121839	NA	NA
LT934125.1	+	977	121890	121905	15	4	742.618987	0	0	0	121900	121890	121905	NA	NA
LT934125.1	+	978	121979	121979	0	1	62.932662	0	0	0	121979	121979	121979	NA	NA
LT934125.1	+	979	122027	122043	16	3	648.799014	0	0	0	122038	122027	122043	NA	NA
LT934125.1	+	980	122116	122119	0	3	124.165844	0	0	1.83659166810898	122119	122119	122119	NA	NA
LT934125.1	+	981	122164	122185	21	3	111.827154	0	0	0	122175	122164	122185	NA	NA
LT934125.1	+	982	122244	122252	0	1	81.857622	5.02421225738452	5.02421225738452	5.02421225738452	122244	122244	122244	NA	NA
LT934125.1	+	983	122303	122305	1	4	988.477808	0	0	0.970950594669052	122304	122303	122304	NA	NA
LT934125.1	+	984	122405	122405	0	1	36.451562	0	0	0	122405	122405	122405	NA	NA
LT934125.1	+	985	122463	122474	11	5	639.736113	0	0	6.12022396344057	122468	122463	122474	NA	NA
LT934125.1	+	986	122516	122531	1	4	534.272983	0	0	0.543564441591991	122522	122521	122522	NA	NA
LT934125.1	+	987	122612	122621	0	1	81.857622	3.05051273056363	3.05051273056363	3.05051273056363	122621	122621	122621	NA	NA
LT934125.1	+	988	122657	122662	5	2	75.887957	0	0	0	122660	122657	122662	NA	NA
LT934125.1	+	989	122731	122731	0	1	27.285874	0	0	0	122731	122731	122731	NA	NA
LT934125.1	+	990	122919	122927	3	4	809.010551	0	0	2.5975898813908	122921	122919	122922	NA	NA
LT934125.1	+	991	122973	122988	3	6	31795.941143	1.26254275763391	1.26254275763391	4.14770758897502	122978	122976	122979	NA	NA
LT934125.1	+	992	123205	123205	0	1	567.859171	0	0	0	123205	123205	123205	NA	NA
LT934125.1	+	993	123273	123282	0	1	125.865324	3.32192809488736	3.32192809488736	3.32192809488736	123273	123273	123273	NA	NA
LT934125.1	+	994	123444	123445	1	3	449.502443	0	0	0	123445	123444	123445	NA	NA
LT934125.1	+	995	123562	123562	0	1	27.285874	0	0	0	123562	123562	123562	NA	NA
LT934125.1	+	996	123619	123637	18	3	159.196029	0	0	1.45546446154482	123625	123619	123637	NA	NA
LT934125.1	+	997	123716	123717	1	2	51.586915	0	0	0	123716	123716	123717	NA	NA
LT934125.1	+	998	123825	123827	2	2	117.50441	0	0	1.58496250072116	123826	123825	123827	NA	NA
LT934125.1	+	999	123870	123870	0	1	27.285874	0	0	0	123870	123870	123870	NA	NA
LT934125.1	+	1000	123942	123942	0	1	62.932662	0	0	0	123942	123942	123942	NA	NA
LT934125.1	+	1001	124011	124011	0	1	567.859171	0	0	0	124011	124011	124011	NA	NA
LT934125.1	+	1002	124049	124056	7	2	78.872789	0	0	0	124052	124049	124056	NA	NA
LT934125.1	+	1003	124195	124203	8	2	90.218536	0	0	0	124199	124195	124203	NA	NA
LT934125.1	+	1004	124264	124282	18	3	138.820618	0	0	2.32192809488736	124275	124264	124282	NA	NA
LT934125.1	+	1005	124331	124335	2	4	1072.097008	0	0	1.18334555329787	124332	124331	124333	NA	NA
LT934125.1	+	1006	124381	124381	0	1	241.779497	0	0	0	124381	124381	124381	NA	NA
LT934125.1	+	1007	124404	124412	2	5	2487.334284	0	0	6.18438008025738	124408	124407	124409	NA	NA
LT934125.1	+	1008	124455	124455	0	1	125.865324	0	0	0	124455	124455	124455	NA	NA
LT934125.1	+	1009	124482	124489	3	5	1070.120879	0	0	1.9500672578537	124488	124486	124489	NA	NA
LT934125.1	+	1010	124542	124569	25	5	1328.3811	0	0	1.58496250072116	124560	124542	124567	NA	NA
LT934125.1	+	1011	124611	124638	27	4	532.164839	0	0	3.86484415740317	124620	124611	124638	NA	NA
LT934125.1	+	1012	124673	124692	19	3	244.979282	0	0	0.811278124459133	124681	124673	124692	NA	NA
LT934125.1	+	1013	124751	124756	3	6	28556.590273	0	0	0	124756	124753	124756	NA	NA
LT934125.1	+	1014	124823	124841	18	3	175.272181	0	0	2.28762888731282	124830	124823	124841	NA	NA
LT934125.1	+	1015	124868	124868	0	1	24.301041	0	0	0	124868	124868	124868	NA	NA
LT934125.1	+	1016	124941	124976	35	3	104.624281	0	0	0	124956	124941	124976	NA	NA
LT934125.1	+	1017	125099	125107	8	3	69.594096	0	0	0	125104	125099	125107	NA	NA
LT934125.1	+	1018	125142	125155	12	6	1504.305877	0	0	0.979868756898242	125151	125142	125154	NA	NA
LT934125.1	+	1019	125219	125227	0	6	33987.126398	0.981697552261449	0.981697552261449	2.92929433785436	125225	125225	125225	NA	NA
LT934125.1	+	1020	125270	125280	10	2	630.791833	0	0	0	125275	125270	125280	NA	NA
LT934125.1	+	1021	125305	125314	1	5	1276.016578	0	0	0.91829583405449	125314	125313	125314	NA	NA
LT934125.1	+	1022	125345	125361	16	4	706.67979	0	0	0	125355	125345	125361	NA	NA
LT934125.1	+	1023	125413	125413	0	1	54.571748	0	0	0	125413	125413	125413	NA	NA
LT934125.1	+	1024	125466	125479	13	2	117.50441	0	0	0	125472	125466	125479	NA	NA
LT934125.1	+	1025	125500	125506	0	2	118.309184	0	0	2.57798232963786	125506	125506	125506	NA	NA
LT934125.1	+	1026	125640	125641	1	3	1214.591131	0	0	1	125640	125640	125641	NA	NA
LT934125.1	+	1027	125707	125707	0	1	483.558994	0	0	0	125707	125707	125707	NA	NA
LT934125.1	+	1028	125784	125784	0	1	27.285874	0	0	0	125784	125784	125784	NA	NA
LT934125.1	+	1029	125893	125907	3	5	908.913649	0	0	3.22542805846655	125904	125902	125905	NA	NA
LT934125.1	+	1030	125955	125957	1	3	324.332651	0	0	0.797645586643391	125957	125956	125957	NA	NA
LT934125.1	+	1031	126005	126014	3	2	565.416616	1.58496250072116	1.58496250072116	2.57798232963786	126006	126005	126008	NA	NA
LT934125.1	+	1032	126034	126038	4	3	703.694957	0	0	0	126036	126034	126038	NA	NA
LT934125.1	+	1033	126081	126086	1	3	172.151324	0	0	2.09712352938225	126085	126085	126086	NA	NA
LT934125.1	+	1034	126675	126675	0	1	27.285874	0	0	0	126675	126675	126675	NA	NA
LT934125.1	+	1035	126797	126797	0	1	241.779497	0	0	0	126797	126797	126797	NA	NA
LT934125.1	+	1036	126906	126906	0	1	60.752603	0	0	0	126906	126906	126906	NA	NA
LT934125.1	+	1037	126932	126934	2	3	142.714464	0	0	0	126933	126932	126934	NA	NA
LT934125.1	+	1038	126982	126992	3	3	496.483975	0	0	1.82484364154432	126989	126988	126991	NA	NA
LT934125.1	+	1039	127045	127051	0	1	188.797986	2.57798232963786	2.57798232963786	2.57798232963786	127051	127051	127051	NA	NA
LT934125.1	+	1040	127142	127142	0	1	567.859171	0	0	0	127142	127142	127142	NA	NA
LT934125.1	+	1041	127175	127194	2	5	1655.481726	0	0	4.48614513110353	127177	127175	127177	NA	NA
LT934125.1	+	1042	127225	127229	4	2	809.638668	0	0	0	127227	127225	127229	NA	NA
LT934125.1	+	1043	127245	127274	1	5	3173.529772	0	0	4.5852466762109	127270	127269	127270	NA	NA
LT934125.1	+	1044	127839	127856	17	3	331.998033	0	0	0	127850	127839	127856	NA	NA
LT934125.1	+	1045	128098	128098	0	1	27.285874	0	0	0	128098	128098	128098	NA	NA
LT934125.1	+	1046	128133	128133	0	1	18.007181	0	0	0	128133	128133	128133	NA	NA
LT934125.1	+	1047	128191	128191	0	1	24.301041	0	0	0	128191	128191	128191	NA	NA
LT934125.1	+	1048	128265	128265	0	1	27.285874	0	0	0	128265	128265	128265	NA	NA
LT934125.1	+	1049	128725	128726	1	2	41.691619	0	0	0	128726	128725	128726	NA	NA
LT934125.1	+	1050	128933	128933	0	1	21.608618	0	0	0	128933	128933	128933	NA	NA
LT934125.1	+	1051	129025	129025	0	1	18.007181	0	0	0	129025	129025	129025	NA	NA
LT934125.1	+	1052	129213	129213	0	1	14.405745	0	0	0	129213	129213	129213	NA	NA
LT934125.1	+	1053	129291	129291	0	1	18.007181	0	0	0	129291	129291	129291	NA	NA
LT934125.1	+	1054	129425	129425	0	1	27.285874	0	0	0	129425	129425	129425	NA	NA
LT934125.1	+	1055	129493	129496	3	2	56.097364	0	0	1	129494	129493	129496	NA	NA
LT934125.1	+	1056	129573	129586	13	2	84.54128	0	0	0	129580	129573	129586	NA	NA
LT934125.1	+	1057	129686	129686	0	1	27.285874	0	0	0	129686	129686	129686	NA	NA
LT934125.1	+	1058	129778	129778	0	1	14.405745	0	0	0	129778	129778	129778	NA	NA
LT934125.1	+	1059	129941	129941	0	1	21.608618	0	0	0	129941	129941	129941	NA	NA
LT934125.1	+	1060	130121	130121	0	1	27.285874	0	0	0	130121	130121	130121	NA	NA
LT934125.1	+	1061	130180	130200	20	2	42.308222	0	0	0	130190	130180	130200	NA	NA
LT934125.1	+	1062	130326	130326	0	1	27.285874	0	0	0	130326	130326	130326	NA	NA
LT934125.1	+	1063	130384	130408	24	2	269.065371	0	0	0	130396	130384	130408	NA	NA
LT934125.1	+	1064	130561	130561	0	3	149.917336	0	0	0	130561	130561	130561	NA	NA
LT934125.1	+	1065	130610	130614	0	4	482.969172	0	0	2.2544774595405	130614	130614	130614	NA	NA
LT934125.1	+	1066	130768	130768	0	1	27.285874	0	0	0	130768	130768	130768	NA	NA
LT934125.1	+	1067	130853	130853	0	1	62.932662	0	0	0	130853	130853	130853	NA	NA
LT934125.1	+	1068	131174	131174	0	1	567.859171	0	0	0	131174	131174	131174	NA	NA
LT934125.1	+	1069	131241	131241	0	1	27.285874	0	0	0	131241	131241	131241	NA	NA
LT934125.1	+	1070	131411	131411	0	1	241.779497	0	0	0	131411	131411	131411	NA	NA
LT934125.1	+	1071	131672	131672	0	1	62.932662	0	0	0	131672	131672	131672	NA	NA
LT934125.1	+	1072	131745	131755	10	2	277.79386	0	0	0	131750	131745	131755	NA	NA
LT934125.1	+	1073	132004	132004	0	2	51.586915	0	0	0	132004	132004	132004	NA	NA
LT934125.1	+	1074	132055	132055	0	1	241.779497	0	0	0	132055	132055	132055	NA	NA
LT934125.1	+	1075	132521	132521	0	1	62.932662	0	0	0	132521	132521	132521	NA	NA
LT934125.1	+	1076	132611	132618	3	5	942.926365	0	0	3.59619048602005	132613	132611	132614	NA	NA
LT934125.1	+	1077	132712	132712	0	1	62.932662	0	0	0	132712	132712	132712	NA	NA
LT934125.1	+	1078	132747	132767	20	2	595.145045	0	0	0	132757	132747	132767	NA	NA
LT934125.1	+	1079	132844	132850	0	2	96.263367	0	0	2.57798232963786	132850	132850	132850	NA	NA
LT934125.1	+	1080	132885	132885	0	1	24.301041	0	0	0	132885	132885	132885	NA	NA
LT934125.1	+	1081	132938	132975	37	4	429.202198	0	0	2.57169079692443	132956	132938	132975	NA	NA
LT934125.1	+	1082	133015	133015	0	1	62.932662	0	0	0	133015	133015	133015	NA	NA
LT934125.1	+	1083	133055	133055	0	1	27.285874	0	0	0	133055	133055	133055	NA	NA
LT934125.1	+	1084	133098	133098	0	1	27.285874	0	0	0	133098	133098	133098	NA	NA
LT934125.1	+	1085	133198	133198	0	1	27.285874	0	0	0	133198	133198	133198	NA	NA
LT934125.1	+	1086	133367	133367	0	1	27.285874	0	0	0	133367	133367	133367	NA	NA
LT934125.1	+	1087	133560	133565	5	2	90.218536	0	0	0	133562	133560	133565	NA	NA
LT934125.1	+	1088	133606	133606	0	1	27.285874	0	0	0	133606	133606	133606	NA	NA
LT934125.1	+	1089	133684	133684	0	1	27.285874	0	0	0	133684	133684	133684	NA	NA
LT934125.1	+	1090	133846	133846	0	1	27.285874	0	0	0	133846	133846	133846	NA	NA
LT934125.1	+	1091	133896	133916	20	2	90.218536	0	0	0	133906	133896	133916	NA	NA
LT934125.1	+	1092	133955	133996	41	4	141.075843	0	0	0	133976	133955	133996	NA	NA
LT934125.1	+	1093	134081	134084	3	2	41.691619	0	0	0	134082	134081	134084	NA	NA
LT934125.1	+	1094	134217	134217	0	1	27.285874	0	0	0	134217	134217	134217	NA	NA
LT934125.1	+	1095	134248	134248	0	1	24.301041	0	0	0	134248	134248	134248	NA	NA
LT934125.1	+	1096	134340	134343	3	2	51.586915	0	0	0	134342	134340	134343	NA	NA
LT934125.1	+	1097	134979	135002	23	3	93.895138	0	0	0	134994	134979	135002	NA	NA
LT934125.1	+	1098	135172	135172	0	1	27.285874	0	0	0	135172	135172	135172	NA	NA
LT934125.1	+	1099	135247	135323	23	4	2318.722656	0	0	20.9662460406519	135264	135247	135270	NA	NA
LT934125.1	+	1100	135237	135330	3	4	5463.604825	1.58496250072116	1.58496250072116	19.0754828816116	135310	135309	135312	NA	NA
LT934125.1	+	1101	135414	135414	0	1	27.285874	0	0	0	135414	135414	135414	NA	NA
LT934125.1	+	1102	135552	135552	0	1	62.932662	0	0	0	135552	135552	135552	NA	NA
LT934125.1	+	1103	135671	135673	0	2	97.788983	0	0	1.55305523046967	135673	135673	135673	NA	NA
LT934125.1	+	1104	135773	135773	0	1	62.932662	0	0	0	135773	135773	135773	NA	NA
LT934125.1	+	1105	135856	135856	0	1	62.932662	0	0	0	135856	135856	135856	NA	NA
LT934125.1	+	1106	135883	135883	0	3	109.030491	0	0	0	135883	135883	135883	NA	NA
LT934125.1	+	1107	135986	135986	0	1	62.932662	0	0	0	135986	135986	135986	NA	NA
LT934125.1	+	1108	136067	136087	20	3	658.077707	0	0	0	136074	136067	136087	NA	NA
LT934125.1	+	1109	136153	136161	0	6	10238.850526	0	0	1.08712888603634	136158	136158	136158	NA	NA
LT934125.1	+	1110	136203	136227	24	2	63.737436	0	0	0	136215	136203	136227	NA	NA
LT934125.1	+	1111	136255	136256	1	2	256.185242	0	0	0	136256	136255	136256	NA	NA
LT934125.1	+	1112	136335	136351	10	6	12367.046274	0	0	3.1549024322832	136346	136338	136348	NA	NA
LT934125.1	+	1113	136429	136433	4	2	52.495928	0	0	0	136431	136429	136433	NA	NA
LT934125.1	+	1114	136508	136508	0	1	27.285874	0	0	0	136508	136508	136508	NA	NA
LT934125.1	+	1115	136618	136618	0	1	62.932662	0	0	0	136618	136618	136618	NA	NA
LT934125.1	+	1116	136650	136668	18	2	87.233703	0	0	0	136659	136650	136668	NA	NA
LT934125.1	+	1117	136711	136711	0	1	27.285874	0	0	0	136711	136711	136711	NA	NA
LT934125.1	+	1118	136749	136749	0	1	62.932662	0	0	0	136749	136749	136749	NA	NA
LT934125.1	+	1119	136780	136780	0	1	27.285874	0	0	0	136780	136780	136780	NA	NA
LT934125.1	+	1120	137012	137015	3	2	90.218536	0	0	0	137014	137012	137015	NA	NA
LT934125.1	+	1121	137111	137116	5	2	90.218536	0	0	0	137114	137111	137116	NA	NA
LT934125.1	+	1122	137167	137186	19	3	169.091325	0	0	0	137180	137167	137186	NA	NA
LT934125.1	+	1123	137251	137252	1	2	50.857307	0	0	0	137252	137251	137252	NA	NA
LT934125.1	+	1124	137281	137281	0	1	27.285874	0	0	0	137281	137281	137281	NA	NA
LT934125.1	+	1125	137488	137488	0	1	27.285874	0	0	0	137488	137488	137488	NA	NA
LT934125.1	+	1126	137655	137655	0	1	24.301041	0	0	0	137655	137655	137655	NA	NA
LT934125.1	+	1127	137770	137770	0	1	27.285874	0	0	0	137770	137770	137770	NA	NA
LT934125.1	+	1128	137936	137936	0	1	62.932662	0	0	0	137936	137936	137936	NA	NA
LT934125.1	+	1129	138021	138040	19	2	90.218536	0	0	0	138030	138021	138040	NA	NA
LT934125.1	+	1130	138076	138076	0	1	241.779497	0	0	0	138076	138076	138076	NA	NA
LT934125.1	+	1131	138637	138637	0	1	24.301041	0	0	0	138637	138637	138637	NA	NA
LT934125.1	+	1132	139175	139175	0	1	27.285874	0	0	0	139175	139175	139175	NA	NA
LT934125.1	+	1133	139450	139450	0	1	62.932662	0	0	0	139450	139450	139450	NA	NA
LT934125.1	+	1134	139799	139799	0	1	27.285874	0	0	0	139799	139799	139799	NA	NA
LT934125.1	+	1135	139843	139843	0	1	62.932662	0	0	0	139843	139843	139843	NA	NA
LT934125.1	+	1136	139979	139982	3	3	101.639448	0	0	0	139981	139979	139982	NA	NA
LT934125.1	+	1137	140316	140316	0	1	62.932662	0	0	0	140316	140316	140316	NA	NA
LT934125.1	+	1138	140967	140967	0	1	27.285874	0	0	0	140967	140967	140967	NA	NA
LT934125.1	+	1139	141034	141091	57	5	1754.433372	0	0	10.8882814601761	141064	141034	141091	NA	NA
LT934125.1	+	1140	141260	141260	0	1	27.285874	0	0	0	141260	141260	141260	NA	NA
LT934125.1	+	1141	141340	141340	0	1	14.405745	0	0	0	141340	141340	141340	NA	NA
LT934125.1	+	1142	141490	141498	7	3	146.3159	0	0	3.16992500144231	141494	141490	141497	NA	NA
LT934125.1	+	1143	141543	141545	2	2	117.50441	0	0	0	141544	141543	141545	NA	NA
LT934125.1	+	1144	141612	141612	0	1	27.285874	0	0	0	141612	141612	141612	NA	NA
LT934125.1	+	1145	141678	141678	0	1	18.007181	0	0	0	141678	141678	141678	NA	NA
LT934125.1	+	1146	141720	141720	0	1	62.932662	0	0	0	141720	141720	141720	NA	NA
LT934125.1	+	1147	141747	141747	0	1	27.285874	0	0	0	141747	141747	141747	NA	NA
LT934125.1	+	1148	141824	141824	0	1	21.608618	0	0	0	141824	141824	141824	NA	NA
LT934125.1	+	1149	141935	141938	0	3	295.396164	1.88536638146119	1.88536638146119	2	141935	141935	141935	NA	NA
LT934125.1	+	1150	142268	142268	0	1	24.301041	0	0	0	142268	142268	142268	NA	NA
LT934125.1	+	1151	142310	142310	0	1	27.285874	0	0	0	142310	142310	142310	NA	NA
LT934125.1	+	1152	142393	142393	0	1	27.285874	0	0	0	142393	142393	142393	NA	NA
LT934125.1	+	1153	142477	142480	0	1	108.043087	1.30004483613312	1.30004483613312	1.30004483613312	142477	142477	142477	NA	NA
LT934125.1	+	1154	142518	142520	0	1	39.615799	1.49883611827611	1.49883611827611	1.49883611827611	142518	142518	142518	NA	NA
LT934125.1	+	1155	142608	142608	0	1	14.405745	0	0	0	142608	142608	142608	NA	NA
LT934125.1	+	1156	142765	142765	0	1	27.285874	0	0	0	142765	142765	142765	NA	NA
LT934125.1	-	1157	97	97	0	1	50.420108	0	0	0	97	97	97	NA	NA
LT934125.1	-	1158	480	480	0	1	27.285874	0	0	0	480	480	480	NA	NA
LT934125.1	-	1159	1344	1344	0	1	27.285874	0	0	0	1344	1344	1344	NA	NA
LT934125.1	-	1160	1842	1842	0	1	241.779497	0	0	0	1842	1842	1842	NA	NA
LT934125.1	-	1161	2210	2210	0	1	27.285874	0	0	0	2210	2210	2210	NA	NA
LT934125.1	-	1162	2245	2245	0	1	241.779497	0	0	0	2245	2245	2245	NA	NA
LT934125.1	-	1163	2466	2466	0	1	27.285874	0	0	0	2466	2466	2466	NA	NA
LT934125.1	-	1164	2626	2626	0	1	27.285874	0	0	0	2626	2626	2626	NA	NA
LT934125.1	-	1165	2761	2762	1	2	278.961205	0	0	0	2762	2761	2762	NA	NA
LT934125.1	-	1166	2973	2973	0	1	27.285874	0	0	0	2973	2973	2973	NA	NA
LT934125.1	-	1167	3074	3074	0	1	27.285874	0	0	0	3074	3074	3074	NA	NA
LT934125.1	-	1168	3120	3120	0	1	27.285874	0	0	0	3120	3120	3120	NA	NA
LT934125.1	-	1169	3196	3218	20	3	252.535422	0	0	2.13221689650914	3209	3196	3216	NA	NA
LT934125.1	-	1170	3273	3274	0	1	125.865324	1	1	1	3273	3273	3273	NA	NA
LT934125.1	-	1171	3345	3370	19	5	630.014681	0	0	2.91092892308965	3355	3351	3370	NA	NA
LT934125.1	-	1172	3398	3398	0	1	24.301041	0	0	0	3398	3398	3398	NA	NA
LT934125.1	-	1173	3506	3511	3	2	162.316886	0	0	1.58496250072116	3508	3506	3509	NA	NA
LT934125.1	-	1174	3689	3701	12	3	2613.681199	0	0	3.16992500144231	3694	3689	3701	NA	NA
LT934125.1	-	1175	3756	3756	0	1	27.285874	0	0	0	3756	3756	3756	NA	NA
LT934125.1	-	1176	3910	3913	3	5	1664.266015	0	0	0	3911	3910	3913	NA	NA
LT934125.1	-	1177	4010	4011	1	2	90.218536	0	0	0	4010	4010	4011	NA	NA
LT934125.1	-	1178	4084	4084	0	1	27.285874	0	0	0	4084	4084	4084	NA	NA
LT934125.1	-	1179	4134	4134	0	1	27.285874	0	0	0	4134	4134	4134	NA	NA
LT934125.1	-	1180	4213	4213	0	1	241.779497	0	0	0	4213	4213	4213	NA	NA
LT934125.1	-	1181	4416	4416	0	1	27.285874	0	0	0	4416	4416	4416	NA	NA
LT934125.1	-	1182	4458	4458	0	1	24.301041	0	0	0	4458	4458	4458	NA	NA
LT934125.1	-	1183	4542	4542	0	1	27.285874	0	0	0	4542	4542	4542	NA	NA
LT934125.1	-	1184	4656	4658	0	1	54.571748	1.58496250072116	1.58496250072116	1.58496250072116	4656	4656	4656	NA	NA
LT934125.1	-	1185	4727	4734	7	2	622.430919	0	0	0	4730	4727	4734	NA	NA
LT934125.1	-	1186	4826	4848	22	4	222.745294	0	0	2.32192809488736	4832	4826	4848	NA	NA
LT934125.1	-	1187	4924	4928	3	6	7075.873875	0.637387500219976	0.637387500219976	2.76782452635272	4926	4925	4928	NA	NA
LT934125.1	-	1188	4991	4991	0	1	62.932662	0	0	0	4991	4991	4991	NA	NA
LT934125.1	-	1189	5119	5119	0	1	27.285874	0	0	0	5119	5119	5119	NA	NA
LT934125.1	-	1190	5267	5267	0	2	592.160212	0	0	0	5267	5267	5267	NA	NA
LT934125.1	-	1191	5318	5318	0	1	27.285874	0	0	0	5318	5318	5318	NA	NA
LT934125.1	-	1192	5461	5461	0	1	27.285874	0	0	0	5461	5461	5461	NA	NA
LT934125.1	-	1193	5496	5496	0	1	567.859171	0	0	0	5496	5496	5496	NA	NA
LT934125.1	-	1194	5699	5699	0	1	241.779497	0	0	0	5699	5699	5699	NA	NA
LT934125.1	-	1195	6201	6201	0	1	27.285874	0	0	0	6201	6201	6201	NA	NA
LT934125.1	-	1196	7129	7129	0	1	567.859171	0	0	0	7129	7129	7129	NA	NA
LT934125.1	-	1197	7270	7270	0	1	62.932662	0	0	0	7270	7270	7270	NA	NA
LT934125.1	-	1198	7566	7568	0	3	696.658021	0	0	1.45546446154482	7568	7568	7568	NA	NA
LT934125.1	-	1199	7716	7718	2	2	296.351245	0	0	0	7717	7716	7718	NA	NA
LT934125.1	-	1200	7758	7761	3	5	853.537127	0	0	0	7759	7758	7761	NA	NA
LT934125.1	-	1201	8189	8189	0	4	694.529269	0	0	0	8189	8189	8189	NA	NA
LT934125.1	-	1202	8781	8790	9	2	90.218536	0	0	0	8786	8781	8790	NA	NA
LT934125.1	-	1203	8851	8851	0	1	27.285874	0	0	0	8851	8851	8851	NA	NA
LT934125.1	-	1204	8885	8901	16	2	304.712159	0	0	0	8893	8885	8901	NA	NA
LT934125.1	-	1205	8965	8965	0	1	27.285874	0	0	0	8965	8965	8965	NA	NA
LT934125.1	-	1206	8997	8997	0	1	48.602083	0	0	0	8997	8997	8997	NA	NA
LT934125.1	-	1207	9054	9058	4	5	1115.300928	0	0	2.25447746401188	9057	9054	9058	NA	NA
LT934125.1	-	1208	9095	9095	0	1	62.932662	0	0	0	9095	9095	9095	NA	NA
LT934125.1	-	1209	9173	9173	0	1	188.797986	0	0	0	9173	9173	9173	NA	NA
LT934125.1	-	1210	9214	9217	0	5	826.087479	0	0	1.72624113269261	9214	9214	9214	NA	NA
LT934125.1	-	1211	9281	9281	0	1	27.285874	0	0	0	9281	9281	9281	NA	NA
LT934125.1	-	1212	9370	9370	0	1	24.301041	0	0	0	9370	9370	9370	NA	NA
LT934125.1	-	1213	9494	9501	0	6	20609.45912	0.775937330489967	0.775937330489967	3.29624849232805	9494	9494	9494	NA	NA
LT934125.1	-	1214	9590	9599	9	4	416.07304	0	0	0.918295829482212	9593	9590	9599	NA	NA
LT934125.1	-	1215	9665	9665	0	1	27.285874	0	0	0	9665	9665	9665	NA	NA
LT934125.1	-	1216	9800	9816	16	2	63.300237	0	0	0.970950591206173	9808	9800	9816	NA	NA
LT934125.1	-	1217	9878	9883	0	1	54.571748	2.58496250072116	2.58496250072116	2.58496250072116	9878	9878	9878	NA	NA
LT934125.1	-	1218	9918	9920	2	2	88.142716	0	0	0	9919	9918	9920	NA	NA
LT934125.1	-	1219	9958	9958	0	1	27.285874	0	0	0	9958	9958	9958	NA	NA
LT934125.1	-	1220	10034	10034	0	1	27.285874	0	0	0	10034	10034	10034	NA	NA
LT934125.1	-	1221	10205	10205	0	1	27.285874	0	0	0	10205	10205	10205	NA	NA
LT934125.1	-	1222	10286	10286	0	1	27.285874	0	0	0	10286	10286	10286	NA	NA
LT934125.1	-	1223	10413	10413	0	1	27.285874	0	0	0	10413	10413	10413	NA	NA
LT934125.1	-	1224	10456	10456	0	1	27.285874	0	0	0	10456	10456	10456	NA	NA
LT934125.1	-	1225	10558	10558	0	1	27.285874	0	0	0	10558	10558	10558	NA	NA
LT934125.1	-	1226	11336	11336	0	1	62.932662	0	0	0	11336	11336	11336	NA	NA
LT934125.1	-	1227	11485	11485	0	1	27.285874	0	0	0	11485	11485	11485	NA	NA
LT934125.1	-	1228	11697	11697	0	1	27.285874	0	0	0	11697	11697	11697	NA	NA
LT934125.1	-	1229	11746	11746	0	1	62.932662	0	0	0	11746	11746	11746	NA	NA
LT934125.1	-	1230	11997	11997	0	1	54.571748	0	0	0	11997	11997	11997	NA	NA
LT934125.1	-	1231	12042	12061	14	3	559.760228	0	0	5.85685750425961	12050	12042	12056	NA	NA
LT934125.1	-	1232	12105	12123	11	3	187.422701	0	0	2.43383436114827	12111	12105	12116	NA	NA
LT934125.1	-	1233	12145	12145	0	1	36.014363	0	0	0	12145	12145	12145	NA	NA
LT934125.1	-	1234	12248	12275	27	3	65.99266	0	0	0	12259	12248	12275	NA	NA
LT934125.1	-	1235	12366	12366	0	1	24.301041	0	0	0	12366	12366	12366	NA	NA
LT934125.1	-	1236	12444	12444	0	1	24.301041	0	0	0	12444	12444	12444	NA	NA
LT934125.1	-	1237	13997	13997	0	1	50.420108	0	0	0	13997	13997	13997	NA	NA
LT934125.1	-	1238	14095	14095	0	1	27.285874	0	0	0	14095	14095	14095	NA	NA
LT934125.1	-	1239	14706	14706	0	1	241.779497	0	0	0	14706	14706	14706	NA	NA
LT934125.1	-	1240	14975	14975	0	1	27.285874	0	0	0	14975	14975	14975	NA	NA
LT934125.1	-	1241	15024	15024	0	1	27.285874	0	0	0	15024	15024	15024	NA	NA
LT934125.1	-	1242	15436	15436	0	1	27.285874	0	0	0	15436	15436	15436	NA	NA
LT934125.1	-	1243	15627	15627	0	1	27.285874	0	0	0	15627	15627	15627	NA	NA
LT934125.1	-	1244	15678	15678	0	1	27.285874	0	0	0	15678	15678	15678	NA	NA
LT934125.1	-	1245	15830	15830	0	1	27.285874	0	0	0	15830	15830	15830	NA	NA
LT934125.1	-	1246	15988	15988	0	1	54.571748	0	0	0	15988	15988	15988	NA	NA
LT934125.1	-	1247	16123	16123	0	1	27.285874	0	0	0	16123	16123	16123	NA	NA
LT934125.1	-	1248	16171	16171	0	1	14.405745	0	0	0	16171	16171	16171	NA	NA
LT934125.1	-	1249	16779	16779	0	1	27.285874	0	0	0	16779	16779	16779	NA	NA
LT934125.1	-	1250	16811	16811	0	1	48.602083	0	0	0	16811	16811	16811	NA	NA
LT934125.1	-	1251	16853	16853	0	1	54.571748	0	0	0	16853	16853	16853	NA	NA
LT934125.1	-	1252	16893	16893	0	1	54.571748	0	0	0	16893	16893	16893	NA	NA
LT934125.1	-	1253	16936	16948	12	2	117.50441	0	0	0	16942	16936	16948	NA	NA
LT934125.1	-	1254	17013	17032	19	3	755.875456	0	0	7.00302813983834	17026	17013	17032	NA	NA
LT934125.1	-	1255	17061	17061	0	1	567.859171	0	0	0	17061	17061	17061	NA	NA
LT934125.1	-	1256	17089	17089	0	2	99.384224	0	0	0	17089	17089	17089	NA	NA
LT934125.1	-	1257	17108	17128	12	2	127.150677	0	0	4.75488750216347	17122	17116	17128	NA	NA
LT934125.1	-	1258	17159	17186	0	2	266.889075	0	0	12.018387305144	17159	17159	17159	NA	NA
LT934125.1	-	1259	17242	17261	7	3	429.795782	0	0	7.00302813983834	17257	17254	17261	NA	NA
LT934125.1	-	1260	17289	17289	0	1	62.932662	0	0	0	17289	17289	17289	NA	NA
LT934125.1	-	1261	17331	17376	10	6	3961.406201	0	0	10.9751942937071	17339	17331	17341	NA	NA
LT934125.1	-	1262	17376	17376	0	1	188.797986	0	0	0	17376	17376	17376	NA	NA
LT934125.1	-	1263	17448	17472	20	5	1553.31606	0	0	6.8774715154733	17458	17452	17472	NA	NA
LT934125.1	-	1264	17503	17512	4	3	305.511929	0	0	4.27259232819979	17508	17506	17510	NA	NA
LT934125.1	-	1265	17522	17557	9	3	913.621035	0	0	10.2189803598596	17551	17548	17557	NA	NA
LT934125.1	-	1266	17587	17616	29	3	386.569781	0	0	0	17602	17587	17616	NA	NA
LT934125.1	-	1267	17665	17665	0	2	269.065371	0	0	0	17665	17665	17665	NA	NA
LT934125.1	-	1268	17737	17738	1	2	269.065371	0	0	0	17738	17737	17738	NA	NA
LT934125.1	-	1269	17782	17784	2	3	730.176057	0	0	1	17783	17782	17784	NA	NA
LT934125.1	-	1270	17811	17818	0	1	191.001118	5.52711297953133	5.52711297953133	5.52711297953133	17811	17811	17811	NA	NA
LT934125.1	-	1271	17843	17846	2	3	848.401309	0	0	3	17844	17843	17845	NA	NA
LT934125.1	-	1272	17925	17925	0	1	62.932662	0	0	0	17925	17925	17925	NA	NA
LT934125.1	-	1273	17969	17978	9	4	357.208087	0	0	0	17976	17969	17978	NA	NA
LT934125.1	-	1274	18010	18010	0	1	81.857622	0	0	0	18010	18010	18010	NA	NA
LT934125.1	-	1275	18107	18107	0	1	62.932662	0	0	0	18107	18107	18107	NA	NA
LT934125.1	-	1276	18202	18217	15	2	90.218536	0	0	0	18210	18202	18217	NA	NA
LT934125.1	-	1277	18420	18420	0	1	241.779497	0	0	0	18420	18420	18420	NA	NA
LT934125.1	-	1278	18594	18601	7	2	117.50441	0	0	0	18598	18594	18601	NA	NA
LT934125.1	-	1279	18663	18663	0	2	150.166365	0	0	0	18663	18663	18663	NA	NA
LT934125.1	-	1280	18705	18724	19	4	191.316547	0	0	0	18714	18705	18724	NA	NA
LT934125.1	-	1281	18813	18815	2	2	98.947025	0	0	0	18814	18813	18815	NA	NA
LT934125.1	-	1282	18856	18859	3	2	41.691619	0	0	0	18858	18856	18859	NA	NA
LT934125.1	-	1283	18898	18906	3	6	5468.116328	0.782444129509112	0.782444129509112	0.970950594454669	18904	18903	18906	NA	NA
LT934125.1	-	1284	18960	18965	1	4	751.389405	0	0	2.27810392413759	18960	18960	18961	NA	NA
LT934125.1	-	1285	19008	19011	3	6	4347.502462	0	0	0	19009	19008	19011	NA	NA
LT934125.1	-	1286	19056	19061	1	2	286.036765	0	0	1.56438460405255	19060	19060	19061	NA	NA
LT934125.1	-	1287	19097	19118	20	4	633.017528	0	0	2.86722445862088	19112	19097	19117	NA	NA
LT934125.1	-	1288	19183	19186	3	4	342.151663	0	0	0	19184	19183	19186	NA	NA
LT934125.1	-	1289	19315	19327	11	3	320.652286	0	0	1	19319	19315	19326	NA	NA
LT934125.1	-	1290	19380	19381	1	3	303.441113	0	0	0	19381	19380	19381	NA	NA
LT934125.1	-	1291	19423	19428	5	2	160.136827	0	0	0	19426	19423	19428	NA	NA
LT934125.1	-	1292	19470	19485	3	6	140330.046548	0.936630554970408	0.936630554970408	2.31988574765892	19472	19471	19474	NA	NA
LT934125.1	-	1293	19524	19524	0	1	24.301041	0	0	0	19524	19524	19524	NA	NA
LT934125.1	-	1294	19562	19562	0	1	62.932662	0	0	0	19562	19562	19562	NA	NA
LT934125.1	-	1295	19624	19624	0	1	62.932662	0	0	0	19624	19624	19624	NA	NA
LT934125.1	-	1296	19918	19918	0	1	27.285874	0	0	0	19918	19918	19918	NA	NA
LT934125.1	-	1297	20132	20132	0	1	27.285874	0	0	0	20132	20132	20132	NA	NA
LT934125.1	-	1298	20352	20352	0	1	241.779497	0	0	0	20352	20352	20352	NA	NA
LT934125.1	-	1299	20526	20526	0	1	62.932662	0	0	0	20526	20526	20526	NA	NA
LT934125.1	-	1300	20729	20729	0	1	241.779497	0	0	0	20729	20729	20729	NA	NA
LT934125.1	-	1301	20782	20782	0	1	27.285874	0	0	0	20782	20782	20782	NA	NA
LT934125.1	-	1302	21043	21043	0	1	567.859171	0	0	0	21043	21043	21043	NA	NA
LT934125.1	-	1303	21176	21176	0	1	27.285874	0	0	0	21176	21176	21176	NA	NA
LT934125.1	-	1304	21471	21477	2	5	781.231623	0	0	2.32192809488736	21473	21473	21475	NA	NA
LT934125.1	-	1305	21533	21533	0	1	62.932662	0	0	0	21533	21533	21533	NA	NA
LT934125.1	-	1306	21634	21635	0	2	649.716793	0	0	0.91829583405449	21635	21635	21635	NA	NA
LT934125.1	-	1307	21673	21679	0	2	150.166365	0	0	2.8073549220576	21673	21673	21673	NA	NA
LT934125.1	-	1308	21747	21750	3	2	117.50441	0	0	1	21748	21747	21750	NA	NA
LT934125.1	-	1309	21801	21813	12	2	266.080538	0	0	0	21807	21801	21813	NA	NA
LT934125.1	-	1310	21934	21947	8	5	1322.713019	0	0	4.96742786967723	21942	21939	21947	NA	NA
LT934125.1	-	1311	22009	22009	0	1	62.932662	0	0	0	22009	22009	22009	NA	NA
LT934125.1	-	1312	22119	22133	14	2	90.218536	0	0	0	22126	22119	22133	NA	NA
LT934125.1	-	1313	22182	22188	0	2	180.437072	0	0	2.8073549220576	22182	22182	22182	NA	NA
LT934125.1	-	1314	22254	22258	4	2	51.586915	0	0	0	22256	22254	22258	NA	NA
LT934125.1	-	1315	22337	22337	0	1	62.932662	0	0	0	22337	22337	22337	NA	NA
LT934125.1	-	1316	22377	22379	2	2	110.118908	0	0	1.53049705649141	22378	22377	22379	NA	NA
LT934125.1	-	1317	22431	22431	0	1	24.301041	0	0	0	22431	22431	22431	NA	NA
LT934125.1	-	1318	22460	22466	6	3	108.225717	0	0	0	22462	22460	22466	NA	NA
LT934125.1	-	1319	22537	22558	21	2	90.218536	0	0	0	22548	22537	22558	NA	NA
LT934125.1	-	1320	22601	22629	28	4	694.529269	0	0	0	22618	22601	22629	NA	NA
LT934125.1	-	1321	22694	22714	20	2	90.218536	0	0	0	22704	22694	22714	NA	NA
LT934125.1	-	1322	22786	22807	21	2	153.151198	0	0	0	22796	22786	22807	NA	NA
LT934125.1	-	1323	22875	22889	14	2	90.218536	0	0	0	22882	22875	22889	NA	NA
LT934125.1	-	1324	22924	22924	0	1	27.285874	0	0	0	22924	22924	22924	NA	NA
LT934125.1	-	1325	22965	22966	0	1	314.66331	0.970950594454669	0.970950594454669	0.970950594454669	22965	22965	22965	NA	NA
LT934125.1	-	1326	23093	23099	2	2	296.351245	0	0	2.8073549220576	23094	23093	23095	NA	NA
LT934125.1	-	1327	23148	23148	0	1	24.301041	0	0	0	23148	23148	23148	NA	NA
LT934125.1	-	1328	23257	23257	0	1	27.285874	0	0	0	23257	23257	23257	NA	NA
LT934125.1	-	1329	23381	23381	0	1	241.779497	0	0	0	23381	23381	23381	NA	NA
LT934125.1	-	1330	23446	23446	0	1	241.779497	0	0	0	23446	23446	23446	NA	NA
LT934125.1	-	1331	23559	23559	0	1	27.285874	0	0	0	23559	23559	23559	NA	NA
LT934125.1	-	1332	23606	23606	0	1	62.932662	0	0	0	23606	23606	23606	NA	NA
LT934125.1	-	1333	23811	23811	0	1	62.932662	0	0	0	23811	23811	23811	NA	NA
LT934125.1	-	1334	23975	23975	0	1	54.571748	0	0	0	23975	23975	23975	NA	NA
LT934125.1	-	1335	24007	24007	0	2	150.166365	0	0	0	24007	24007	24007	NA	NA
LT934125.1	-	1336	24146	24146	0	1	27.285874	0	0	0	24146	24146	24146	NA	NA
LT934125.1	-	1337	24376	24381	0	1	54.571748	2.58496250072116	2.58496250072116	2.58496250072116	24376	24376	24376	NA	NA
LT934125.1	-	1338	24434	24434	0	1	241.779497	0	0	0	24434	24434	24434	NA	NA
LT934125.1	-	1339	24473	24473	0	1	62.932662	0	0	0	24473	24473	24473	NA	NA
LT934125.1	-	1340	24525	24532	0	2	216.08386	0	0	2.75488750216347	24525	24525	24525	NA	NA
LT934125.1	-	1341	24663	24663	0	1	241.779497	0	0	0	24663	24663	24663	NA	NA
LT934125.1	-	1342	24703	24704	1	2	117.50441	0	0	0	24704	24703	24704	NA	NA
LT934125.1	-	1343	24785	24805	14	4	163.414069	0	0	2.8073549220576	24789	24785	24799	NA	NA
LT934125.1	-	1344	24888	24890	0	2	338.964351	0	0	1.14422895861353	24890	24890	24890	NA	NA
LT934125.1	-	1345	24947	24947	0	1	27.285874	0	0	0	24947	24947	24947	NA	NA
LT934125.1	-	1346	25041	25041	0	1	125.865324	0	0	0	25041	25041	25041	NA	NA
LT934125.1	-	1347	25121	25121	0	1	62.932662	0	0	0	25121	25121	25121	NA	NA
LT934125.1	-	1348	25170	25170	0	1	62.932662	0	0	0	25170	25170	25170	NA	NA
LT934125.1	-	1349	25229	25246	3	5	5342.670585	0	0	3.91912384007698	25233	25232	25235	NA	NA
LT934125.1	-	1350	25313	25318	0	6	38843.415511	0	0	0	25313	25313	25313	NA	NA
LT934125.1	-	1351	25531	25531	0	1	241.779497	0	0	0	25531	25531	25531	NA	NA
LT934125.1	-	1352	25576	25576	0	1	62.932662	0	0	0	25576	25576	25576	NA	NA
LT934125.1	-	1353	25602	25605	0	1	81.857622	3.16992500144231	3.16992500144231	3.16992500144231	25602	25602	25602	NA	NA
LT934125.1	-	1354	25639	25639	0	1	46.818671	0	0	0	25639	25639	25639	NA	NA
LT934125.1	-	1355	25776	25776	0	1	54.571748	0	0	0	25776	25776	25776	NA	NA
LT934125.1	-	1356	25843	25843	0	1	567.859171	0	0	0	25843	25843	25843	NA	NA
LT934125.1	-	1357	26117	26117	0	1	136.429371	0	0	0	26117	26117	26117	NA	NA
LT934125.1	-	1358	26506	26516	10	2	51.586915	0	0	0	26511	26506	26516	NA	NA
LT934125.1	-	1359	26672	26672	0	1	27.285874	0	0	0	26672	26672	26672	NA	NA
LT934125.1	-	1360	26744	26756	12	2	90.218536	0	0	0	26750	26744	26756	NA	NA
LT934125.1	-	1361	26873	26878	0	1	81.857622	4.09706862941342	4.09706862941342	4.09706862941342	26873	26873	26873	NA	NA
LT934125.1	-	1362	26985	26985	0	1	27.285874	0	0	0	26985	26985	26985	NA	NA
LT934125.1	-	1363	27139	27139	0	1	27.285874	0	0	0	27139	27139	27139	NA	NA
LT934125.1	-	1364	27248	27257	9	2	90.218536	0	0	0	27252	27248	27257	NA	NA
LT934125.1	-	1365	27420	27420	0	1	27.285874	0	0	0	27420	27420	27420	NA	NA
LT934125.1	-	1366	27680	27680	0	1	27.285874	0	0	0	27680	27680	27680	NA	NA
LT934125.1	-	1367	27759	27764	3	6	1562.033492	0	0	0	27762	27761	27764	NA	NA
LT934125.1	-	1368	27842	27842	0	1	62.932662	0	0	0	27842	27842	27842	NA	NA
LT934125.1	-	1369	27972	27972	0	1	27.285874	0	0	0	27972	27972	27972	NA	NA
LT934125.1	-	1370	28152	28154	2	2	304.712159	0	0	0	28153	28152	28154	NA	NA
LT934125.1	-	1371	28253	28253	0	1	62.932662	0	0	0	28253	28253	28253	NA	NA
LT934125.1	-	1372	28362	28362	0	1	27.285874	0	0	0	28362	28362	28362	NA	NA
LT934125.1	-	1373	28408	28418	10	4	423.152363	0	0	5.18914742795595	28413	28408	28418	NA	NA
LT934125.1	-	1374	28521	28521	0	1	27.285874	0	0	0	28521	28521	28521	NA	NA
LT934125.1	-	1375	28572	28586	14	2	45.293055	0	0	0	28579	28572	28586	NA	NA
LT934125.1	-	1376	28642	28642	0	1	27.285874	0	0	0	28642	28642	28642	NA	NA
LT934125.1	-	1377	28719	28720	1	4	222.933465	0	0	0	28719	28719	28720	NA	NA
LT934125.1	-	1378	28767	28767	0	1	567.859171	0	0	0	28767	28767	28767	NA	NA
LT934125.1	-	1379	28794	28815	18	3	208.52772	0	0	1.62255624891827	28802	28794	28812	NA	NA
LT934125.1	-	1380	28839	28854	15	3	827.645849	0	0	0	28849	28839	28854	NA	NA
LT934125.1	-	1381	28923	28933	1	4	941.418819	0	0	2.33804950848618	28925	28925	28926	NA	NA
LT934125.1	-	1382	28983	28989	0	1	125.865324	2.8073549220576	2.8073549220576	2.8073549220576	28983	28983	28983	NA	NA
LT934125.1	-	1383	29024	29029	5	3	872.57133	0	0	0	29026	29024	29029	NA	NA
LT934125.1	-	1384	29058	29067	1	3	701.59843	0	0	2.06052232088584	29058	29058	29059	NA	NA
LT934125.1	-	1385	29084	29084	0	1	567.859171	0	0	0	29084	29084	29084	NA	NA
LT934125.1	-	1386	29137	29161	19	2	133.444537	0	0	2.09712352938225	29152	29142	29161	NA	NA
LT934125.1	-	1387	29190	29190	0	1	81.857622	0	0	0	29190	29190	29190	NA	NA
LT934125.1	-	1388	29250	29254	0	1	125.865324	2.32192809488736	2.32192809488736	2.32192809488736	29250	29250	29250	NA	NA
LT934125.1	-	1389	29286	29301	13	5	847.166652	0	0	5.70073126570381	29298	29288	29301	NA	NA
LT934125.1	-	1390	29355	29362	1	5	545.111367	0	0	2.50987087174032	29361	29361	29362	NA	NA
LT934125.1	-	1391	29407	29420	7	6	81621.709107	6.06718606426004	6.06718606426004	8.59823244636394	29410	29407	29414	NA	NA
LT934125.1	-	1392	29481	29497	16	2	90.218536	0	0	0	29489	29481	29497	NA	NA
LT934125.1	-	1393	29664	29664	0	1	62.932662	0	0	0	29664	29664	29664	NA	NA
LT934125.1	-	1394	29727	29727	0	1	27.285874	0	0	0	29727	29727	29727	NA	NA
LT934125.1	-	1395	29791	29791	0	1	54.571748	0	0	0	29791	29791	29791	NA	NA
LT934125.1	-	1396	29857	29857	0	1	62.932662	0	0	0	29857	29857	29857	NA	NA
LT934125.1	-	1397	29973	29973	0	1	62.932662	0	0	0	29973	29973	29973	NA	NA
LT934125.1	-	1398	30052	30052	0	1	27.285874	0	0	0	30052	30052	30052	NA	NA
LT934125.1	-	1399	30172	30172	0	1	27.285874	0	0	0	30172	30172	30172	NA	NA
LT934125.1	-	1400	30245	30245	0	1	27.285874	0	0	0	30245	30245	30245	NA	NA
LT934125.1	-	1401	30574	30574	0	1	27.285874	0	0	0	30574	30574	30574	NA	NA
LT934125.1	-	1402	30604	30604	0	1	62.932662	0	0	0	30604	30604	30604	NA	NA
LT934125.1	-	1403	30711	30711	0	1	1135.718342	0	0	0	30711	30711	30711	NA	NA
LT934125.1	-	1404	30756	30756	0	1	567.859171	0	0	0	30756	30756	30756	NA	NA
LT934125.1	-	1405	30819	30823	4	3	177.452239	0	0	2	30821	30819	30823	NA	NA
LT934125.1	-	1406	30877	30882	0	6	3451.101634	0	0	2.20741901925027	30877	30877	30877	NA	NA
LT934125.1	-	1407	31041	31043	0	2	204.33824	0	0	1.53049705649141	31041	31041	31041	NA	NA
LT934125.1	-	1408	31112	31112	0	1	27.285874	0	0	0	31112	31112	31112	NA	NA
LT934125.1	-	1409	31194	31194	0	1	62.932662	0	0	0	31194	31194	31194	NA	NA
LT934125.1	-	1410	31227	31227	0	1	24.301041	0	0	0	31227	31227	31227	NA	NA
LT934125.1	-	1411	31256	31256	0	1	27.285874	0	0	0	31256	31256	31256	NA	NA
LT934125.1	-	1412	31452	31452	0	1	241.779497	0	0	0	31452	31452	31452	NA	NA
LT934125.1	-	1413	31580	31585	0	1	54.571748	2.58496250072116	2.58496250072116	2.58496250072116	31580	31580	31580	NA	NA
LT934125.1	-	1414	31682	31682	0	1	27.285874	0	0	0	31682	31682	31682	NA	NA
LT934125.1	-	1415	31923	31923	0	1	27.285874	0	0	0	31923	31923	31923	NA	NA
LT934125.1	-	1416	32197	32197	0	1	14.405745	0	0	0	32197	32197	32197	NA	NA
LT934125.1	-	1417	32264	32264	0	1	27.285874	0	0	0	32264	32264	32264	NA	NA
LT934125.1	-	1418	32370	32370	0	1	27.285874	0	0	0	32370	32370	32370	NA	NA
LT934125.1	-	1419	32676	32676	0	1	21.608618	0	0	0	32676	32676	32676	NA	NA
LT934125.1	-	1420	32703	32703	0	1	27.285874	0	0	0	32703	32703	32703	NA	NA
LT934125.1	-	1421	32962	32962	0	1	27.285874	0	0	0	32962	32962	32962	NA	NA
LT934125.1	-	1422	33277	33277	0	1	62.932662	0	0	0	33277	33277	33277	NA	NA
LT934125.1	-	1423	33306	33306	0	1	27.285874	0	0	0	33306	33306	33306	NA	NA
LT934125.1	-	1424	33351	33357	5	2	546.491656	0	0	2.8073549220576	33354	33351	33356	NA	NA
LT934125.1	-	1425	33406	33407	1	2	51.586915	0	0	0	33406	33406	33407	NA	NA
LT934125.1	-	1426	33493	33510	17	2	595.145045	0	0	0	33502	33493	33510	NA	NA
LT934125.1	-	1427	33604	33614	0	1	81.857622	5.48306938934921	5.48306938934921	5.48306938934921	33604	33604	33604	NA	NA
LT934125.1	-	1428	33640	33643	2	3	412.358599	0	0	1.38522718185275	33642	33641	33643	NA	NA
LT934125.1	-	1429	33784	33801	17	2	153.151198	0	0	0	33792	33784	33801	NA	NA
LT934125.1	-	1430	33937	33937	0	1	27.285874	0	0	0	33937	33937	33937	NA	NA
LT934125.1	-	1431	34046	34046	0	3	131.910155	0	0	0	34046	34046	34046	NA	NA
LT934125.1	-	1432	34091	34092	0	3	671.325411	0	0	0.91829583405449	34091	34091	34091	NA	NA
LT934125.1	-	1433	34123	34123	0	1	62.932662	0	0	0	34123	34123	34123	NA	NA
LT934125.1	-	1434	34199	34199	0	1	125.865324	0	0	0	34199	34199	34199	NA	NA
LT934125.1	-	1435	34240	34245	5	2	51.586915	0	0	0	34242	34240	34245	NA	NA
LT934125.1	-	1436	34292	34292	0	1	62.932662	0	0	0	34292	34292	34292	NA	NA
LT934125.1	-	1437	34327	34327	0	1	241.779497	0	0	0	34327	34327	34327	NA	NA
LT934125.1	-	1438	34396	34396	0	1	27.285874	0	0	0	34396	34396	34396	NA	NA
LT934125.1	-	1439	34430	34430	0	1	241.779497	0	0	0	34430	34430	34430	NA	NA
LT934125.1	-	1440	34468	34483	2	6	14425.980916	1.49031798430578	1.49031798430578	3.53380760191737	34475	34474	34476	NA	NA
LT934125.1	-	1441	34543	34543	0	1	27.285874	0	0	0	34543	34543	34543	NA	NA
LT934125.1	-	1442	34820	34820	0	1	27.285874	0	0	0	34820	34820	34820	NA	NA
LT934125.1	-	1443	34946	34946	0	1	27.285874	0	0	0	34946	34946	34946	NA	NA
LT934125.1	-	1444	35012	35012	0	1	27.285874	0	0	0	35012	35012	35012	NA	NA
LT934125.1	-	1445	35236	35236	0	1	241.779497	0	0	0	35236	35236	35236	NA	NA
LT934125.1	-	1446	35616	35616	0	1	567.859171	0	0	0	35616	35616	35616	NA	NA
LT934125.1	-	1447	35666	35666	0	1	27.285874	0	0	0	35666	35666	35666	NA	NA
LT934125.1	-	1448	35773	35773	0	1	62.932662	0	0	0	35773	35773	35773	NA	NA
LT934125.1	-	1449	36000	36000	0	1	241.779497	0	0	0	36000	36000	36000	NA	NA
LT934125.1	-	1450	36053	36053	0	1	27.285874	0	0	0	36053	36053	36053	NA	NA
LT934125.1	-	1451	36214	36214	0	1	241.779497	0	0	0	36214	36214	36214	NA	NA
LT934125.1	-	1452	36257	36257	0	1	62.932662	0	0	0	36257	36257	36257	NA	NA
LT934125.1	-	1453	36544	36544	0	1	567.859171	0	0	0	36544	36544	36544	NA	NA
LT934125.1	-	1454	36691	36691	0	1	241.779497	0	0	0	36691	36691	36691	NA	NA
LT934125.1	-	1455	37096	37096	0	1	62.932662	0	0	0	37096	37096	37096	NA	NA
LT934125.1	-	1456	37142	37153	11	2	90.218536	0	0	0	37148	37142	37153	NA	NA
LT934125.1	-	1457	37193	37193	0	1	27.285874	0	0	0	37193	37193	37193	NA	NA
LT934125.1	-	1458	37293	37293	0	1	27.285874	0	0	0	37293	37293	37293	NA	NA
LT934125.1	-	1459	37350	37350	0	1	27.285874	0	0	0	37350	37350	37350	NA	NA
LT934125.1	-	1460	37546	37551	5	3	65.99266	0	0	0	37548	37546	37551	NA	NA
LT934125.1	-	1461	37587	37587	0	1	27.285874	0	0	0	37587	37587	37587	NA	NA
LT934125.1	-	1462	37817	37817	0	1	62.932662	0	0	0	37817	37817	37817	NA	NA
LT934125.1	-	1463	37921	37921	0	1	27.285874	0	0	0	37921	37921	37921	NA	NA
LT934125.1	-	1464	37994	37994	0	1	62.932662	0	0	0	37994	37994	37994	NA	NA
LT934125.1	-	1465	38256	38256	0	1	62.932662	0	0	0	38256	38256	38256	NA	NA
LT934125.1	-	1466	38611	38611	0	1	24.301041	0	0	0	38611	38611	38611	NA	NA
LT934125.1	-	1467	38783	38783	0	1	62.932662	0	0	0	38783	38783	38783	NA	NA
LT934125.1	-	1468	39168	39168	0	1	27.285874	0	0	0	39168	39168	39168	NA	NA
LT934125.1	-	1469	39231	39231	0	1	24.301041	0	0	0	39231	39231	39231	NA	NA
LT934125.1	-	1470	39705	39705	0	1	27.285874	0	0	0	39705	39705	39705	NA	NA
LT934125.1	-	1471	40016	40016	0	1	27.285874	0	0	0	40016	40016	40016	NA	NA
LT934125.1	-	1472	40199	40199	0	1	27.285874	0	0	0	40199	40199	40199	NA	NA
LT934125.1	-	1473	40271	40271	0	1	62.932662	0	0	0	40271	40271	40271	NA	NA
LT934125.1	-	1474	40321	40321	0	1	27.285874	0	0	0	40321	40321	40321	NA	NA
LT934125.1	-	1475	40478	40478	0	1	27.285874	0	0	0	40478	40478	40478	NA	NA
LT934125.1	-	1476	41115	41115	0	1	62.932662	0	0	0	41115	41115	41115	NA	NA
LT934125.1	-	1477	41239	41239	0	1	27.285874	0	0	0	41239	41239	41239	NA	NA
LT934125.1	-	1478	41547	41547	0	1	27.285874	0	0	0	41547	41547	41547	NA	NA
LT934125.1	-	1479	41632	41632	0	1	27.285874	0	0	0	41632	41632	41632	NA	NA
LT934125.1	-	1480	41728	41728	0	1	62.932662	0	0	0	41728	41728	41728	NA	NA
LT934125.1	-	1481	41784	41786	1	3	104.699446	0	0	1	41785	41784	41785	NA	NA
LT934125.1	-	1482	41812	41829	17	2	809.638668	0	0	0	41820	41812	41829	NA	NA
LT934125.1	-	1483	41914	41946	32	3	126.849502	0	0	0	41928	41914	41946	NA	NA
LT934125.1	-	1484	41992	42001	3	6	37012.509163	0	0	2.38450172014203	41996	41995	41998	NA	NA
LT934125.1	-	1485	42061	42061	0	1	27.285874	0	0	0	42061	42061	42061	NA	NA
LT934125.1	-	1486	42557	42557	0	1	27.285874	0	0	0	42557	42557	42557	NA	NA
LT934125.1	-	1487	42611	42617	6	2	90.218536	0	0	0	42614	42611	42617	NA	NA
LT934125.1	-	1488	42710	42710	0	1	27.285874	0	0	0	42710	42710	42710	NA	NA
LT934125.1	-	1489	43108	43108	0	1	27.285874	0	0	0	43108	43108	43108	NA	NA
LT934125.1	-	1490	43197	43197	0	1	27.285874	0	0	0	43197	43197	43197	NA	NA
LT934125.1	-	1491	43325	43325	0	1	27.285874	0	0	0	43325	43325	43325	NA	NA
LT934125.1	-	1492	43430	43430	0	1	241.779497	0	0	0	43430	43430	43430	NA	NA
LT934125.1	-	1493	43528	43528	0	1	27.285874	0	0	0	43528	43528	43528	NA	NA
LT934125.1	-	1494	43685	43685	0	1	27.285874	0	0	0	43685	43685	43685	NA	NA
LT934125.1	-	1495	44037	44037	0	1	27.285874	0	0	0	44037	44037	44037	NA	NA
LT934125.1	-	1496	44197	44202	5	2	90.218536	0	0	0	44200	44197	44202	NA	NA
LT934125.1	-	1497	44254	44254	0	1	62.932662	0	0	0	44254	44254	44254	NA	NA
LT934125.1	-	1498	44333	44333	0	1	27.285874	0	0	0	44333	44333	44333	NA	NA
LT934125.1	-	1499	44607	44607	0	1	27.285874	0	0	0	44607	44607	44607	NA	NA
LT934125.1	-	1500	44754	44760	6	4	1161.539892	0	0	1.58496250072116	44756	44754	44760	NA	NA
LT934125.1	-	1501	44817	44817	0	1	54.571748	0	0	0	44817	44817	44817	NA	NA
LT934125.1	-	1502	44889	44895	3	6	15902.885399	0	0	3.68363718050397	44890	44889	44892	NA	NA
LT934125.1	-	1503	45196	45196	0	1	27.285874	0	0	0	45196	45196	45196	NA	NA
LT934125.1	-	1504	45475	45475	0	2	90.218536	0	0	0	45475	45475	45475	NA	NA
LT934125.1	-	1505	45865	45865	0	1	62.932662	0	0	0	45865	45865	45865	NA	NA
LT934125.1	-	1506	45969	45990	14	3	153.955972	0	0	3	45974	45969	45983	NA	NA
LT934125.1	-	1507	46143	46143	0	1	27.285874	0	0	0	46143	46143	46143	NA	NA
LT934125.1	-	1508	46435	46435	0	1	14.405745	0	0	0	46435	46435	46435	NA	NA
LT934125.1	-	1509	46528	46528	0	1	27.285874	0	0	0	46528	46528	46528	NA	NA
LT934125.1	-	1510	46950	46950	0	1	27.285874	0	0	0	46950	46950	46950	NA	NA
LT934125.1	-	1511	47076	47076	0	1	62.932662	0	0	0	47076	47076	47076	NA	NA
LT934125.1	-	1512	47293	47293	0	1	62.932662	0	0	0	47293	47293	47293	NA	NA
LT934125.1	-	1513	47491	47491	0	1	24.301041	0	0	0	47491	47491	47491	NA	NA
LT934125.1	-	1514	48483	48514	31	3	833.939709	0	0	0	48501	48483	48514	NA	NA
LT934125.1	-	1515	48826	48826	0	1	27.285874	0	0	0	48826	48826	48826	NA	NA
LT934125.1	-	1516	48874	48874	0	1	27.285874	0	0	0	48874	48874	48874	NA	NA
LT934125.1	-	1517	48902	48902	0	1	241.779497	0	0	0	48902	48902	48902	NA	NA
LT934125.1	-	1518	48973	48973	0	1	27.285874	0	0	0	48973	48973	48973	NA	NA
LT934125.1	-	1519	49031	49031	0	1	54.571748	0	0	0	49031	49031	49031	NA	NA
LT934125.1	-	1520	49065	49070	0	1	125.865324	2.58496250072116	2.58496250072116	2.58496250072116	49065	49065	49065	NA	NA
LT934125.1	-	1521	49120	49129	9	2	84.908854	0	0	0.896038227599445	49124	49120	49129	NA	NA
LT934125.1	-	1522	49174	49174	0	1	62.932662	0	0	0	49174	49174	49174	NA	NA
LT934125.1	-	1523	49256	49256	0	1	27.285874	0	0	0	49256	49256	49256	NA	NA
LT934125.1	-	1524	49312	49312	0	1	27.285874	0	0	0	49312	49312	49312	NA	NA
LT934125.1	-	1525	49392	49392	0	1	81.857622	0	0	0	49392	49392	49392	NA	NA
LT934125.1	-	1526	49604	49616	12	2	593.069225	0	0	0	49610	49604	49616	NA	NA
LT934125.1	-	1527	50151	50151	0	1	54.571748	0	0	0	50151	50151	50151	NA	NA
LT934125.1	-	1528	50350	50376	26	4	1023.684874	0	0	4.19676778216724	50368	50350	50376	NA	NA
LT934125.1	-	1529	50424	50424	0	1	27.285874	0	0	0	50424	50424	50424	NA	NA
LT934125.1	-	1530	50490	50498	2	4	799.883158	0	0	5.02421225738452	50491	50490	50492	NA	NA
LT934125.1	-	1531	50544	50569	25	3	329.0132	0	0	0	50556	50544	50569	NA	NA
LT934125.1	-	1532	50595	50595	0	1	27.285874	0	0	0	50595	50595	50595	NA	NA
LT934125.1	-	1533	50631	50663	24	4	1105.348785	0	0	2.91092892308965	50647	50639	50663	NA	NA
LT934125.1	-	1534	50706	50706	0	1	27.285874	0	0	0	50706	50706	50706	NA	NA
LT934125.1	-	1535	50817	50823	1	5	1425.185905	0	0	2.27754563585801	50817	50817	50818	NA	NA
LT934125.1	-	1536	50862	50863	1	3	131.910155	0	0	0	50862	50862	50863	NA	NA
LT934125.1	-	1537	50968	51005	37	5	843.778695	2	2	3.68016895976738	50984	50968	51005	NA	NA
LT934125.1	-	1538	51052	51056	4	4	934.128708	0	0	2	51053	51052	51056	NA	NA
LT934125.1	-	1539	51094	51097	3	5	489.810011	0	0	0	51095	51094	51097	NA	NA
LT934125.1	-	1540	51141	51150	0	6	16278.42903	0	0	3.08405656115013	51147	51147	51147	NA	NA
LT934125.1	-	1541	51308	51308	0	1	27.285874	0	0	0	51308	51308	51308	NA	NA
LT934125.1	-	1542	51477	51477	0	1	24.301041	0	0	0	51477	51477	51477	NA	NA
LT934125.1	-	1543	51502	51502	0	1	27.285874	0	0	0	51502	51502	51502	NA	NA
LT934125.1	-	1544	51550	51550	0	1	27.285874	0	0	0	51550	51550	51550	NA	NA
LT934125.1	-	1545	51636	51636	0	1	62.932662	0	0	0	51636	51636	51636	NA	NA
LT934125.1	-	1546	51891	51891	0	1	27.285874	0	0	0	51891	51891	51891	NA	NA
LT934125.1	-	1547	52194	52194	0	1	241.779497	0	0	0	52194	52194	52194	NA	NA
LT934125.1	-	1548	52353	52353	0	1	62.932662	0	0	0	52353	52353	52353	NA	NA
LT934125.1	-	1549	52503	52503	0	1	27.285874	0	0	0	52503	52503	52503	NA	NA
LT934125.1	-	1550	52799	52799	0	1	62.932662	0	0	0	52799	52799	52799	NA	NA
LT934125.1	-	1551	52832	52832	0	3	858.240751	0	0	0	52832	52832	52832	NA	NA
LT934125.1	-	1552	52879	52879	0	1	27.285874	0	0	0	52879	52879	52879	NA	NA
LT934125.1	-	1553	53126	53126	0	1	125.865324	0	0	0	53126	53126	53126	NA	NA
LT934125.1	-	1554	53204	53204	0	1	27.285874	0	0	0	53204	53204	53204	NA	NA
LT934125.1	-	1555	53462	53462	0	1	62.932662	0	0	0	53462	53462	53462	NA	NA
LT934125.1	-	1556	53555	53555	0	5	788.002837	0	0	0	53555	53555	53555	NA	NA
LT934125.1	-	1557	53802	53809	7	2	51.586915	0	0	0	53806	53802	53809	NA	NA
LT934125.1	-	1558	54158	54158	0	1	27.285874	0	0	0	54158	54158	54158	NA	NA
LT934125.1	-	1559	54355	54355	0	1	62.932662	0	0	0	54355	54355	54355	NA	NA
LT934125.1	-	1560	54449	54450	0	1	125.865324	1	1	1	54449	54449	54449	NA	NA
LT934125.1	-	1561	54683	54683	0	1	27.285874	0	0	0	54683	54683	54683	NA	NA
LT934125.1	-	1562	55145	55145	0	1	125.865324	0	0	0	55145	55145	55145	NA	NA
LT934125.1	-	1563	55263	55266	3	3	376.740884	0	0	1.98554890596596	55265	55263	55266	NA	NA
LT934125.1	-	1564	55324	55345	14	2	704.288541	0	0	4.11285178336401	55331	55324	55338	NA	NA
LT934125.1	-	1565	55407	55442	35	3	181.241846	0	0	5.48306938934921	55426	55407	55442	NA	NA
LT934125.1	-	1566	55486	55507	21	5	973.240907	0	0	0	55491	55486	55507	NA	NA
LT934125.1	-	1567	55570	55621	51	4	163.414069	0	0	0	55593	55570	55621	NA	NA
LT934125.1	-	1568	55659	55700	1	2	432.780615	0	0	13.597486737341	55668	55668	55669	NA	NA
LT934125.1	-	1569	55718	55733	12	3	278.234821	0	0	8.73551963174584	55723	55718	55730	NA	NA
LT934125.1	-	1570	55794	55807	13	5	922.84896	0	0	6.16448941450214	55799	55794	55807	NA	NA
LT934125.1	-	1571	55853	55853	0	1	241.779497	0	0	0	55853	55853	55853	NA	NA
LT934125.1	-	1572	55889	55911	22	4	772.484279	0	0	0	55897	55889	55911	NA	NA
LT934125.1	-	1573	55940	55950	0	3	836.016066	0	0	7.64611150044372	55945	55945	55945	NA	NA
LT934125.1	-	1574	55986	55995	9	3	713.454229	0	0	0	55989	55986	55995	NA	NA
LT934125.1	-	1575	56008	56066	14	6	2776.953956	0	0	16.6402660570677	56045	56038	56052	NA	NA
LT934125.1	-	1576	56107	56116	8	5	1600.802971	1	1	5.92684833255937	56113	56107	56115	NA	NA
LT934125.1	-	1577	56188	56195	2	6	181697.456607	1.4097837043964	1.4097837043964	4.29030392955236	56189	56188	56190	NA	NA
LT934125.1	-	1578	56291	56298	0	1	125.865324	3	3	3	56291	56291	56291	NA	NA
LT934125.1	-	1579	56332	56332	0	1	54.571748	0	0	0	56332	56332	56332	NA	NA
LT934125.1	-	1580	56376	56376	0	1	24.301041	0	0	0	56376	56376	56376	NA	NA
LT934125.1	-	1581	56404	56407	3	2	90.218536	0	0	0	56406	56404	56407	NA	NA
LT934125.1	-	1582	56464	56474	10	2	592.160212	0	0	0	56469	56464	56474	NA	NA
LT934125.1	-	1583	56508	56508	0	1	54.571748	0	0	0	56508	56508	56508	NA	NA
LT934125.1	-	1584	56577	56594	17	2	78.872789	0	0	0	56586	56577	56594	NA	NA
LT934125.1	-	1585	56636	56638	2	3	329.0132	0	0	0	56637	56636	56638	NA	NA
LT934125.1	-	1586	56705	56719	14	2	90.218536	0	0	0	56712	56705	56719	NA	NA
LT934125.1	-	1587	56776	56776	0	1	62.932662	0	0	0	56776	56776	56776	NA	NA
LT934125.1	-	1588	56847	56866	19	3	293.366412	0	0	0	56853	56847	56866	NA	NA
LT934125.1	-	1589	56944	56950	3	6	16321.49779	0	0	2.97975697847593	56946	56946	56949	NA	NA
LT934125.1	-	1590	56994	56994	0	1	241.779497	0	0	0	56994	56994	56994	NA	NA
LT934125.1	-	1591	57030	57030	0	1	27.285874	0	0	0	57030	57030	57030	NA	NA
LT934125.1	-	1592	57086	57090	3	4	510.903973	0	0	0.890491638297305	57088	57087	57090	NA	NA
LT934125.1	-	1593	57130	57152	22	2	41.691619	0	0	0	57141	57130	57152	NA	NA
LT934125.1	-	1594	57227	57242	15	2	87.233703	0	0	0	57234	57227	57242	NA	NA
LT934125.1	-	1595	57400	57400	0	1	54.571748	0	0	0	57400	57400	57400	NA	NA
LT934125.1	-	1596	57532	57549	17	2	304.712159	0	0	0	57540	57532	57549	NA	NA
LT934125.1	-	1597	57700	57700	0	1	62.932662	0	0	0	57700	57700	57700	NA	NA
LT934125.1	-	1598	57801	57804	3	2	90.218536	0	0	0	57802	57801	57804	NA	NA
LT934125.1	-	1599	57861	57863	2	2	266.080538	0	0	0	57862	57861	57863	NA	NA
LT934125.1	-	1600	57922	57922	0	1	27.285874	0	0	0	57922	57922	57922	NA	NA
LT934125.1	-	1601	58019	58019	0	1	62.932662	0	0	0	58019	58019	58019	NA	NA
LT934125.1	-	1602	58100	58100	0	1	27.285874	0	0	0	58100	58100	58100	NA	NA
LT934125.1	-	1603	58249	58262	13	2	90.218536	0	0	0	58256	58249	58262	NA	NA
LT934125.1	-	1604	58299	58299	0	1	27.285874	0	0	0	58299	58299	58299	NA	NA
LT934125.1	-	1605	58359	58359	0	1	27.285874	0	0	0	58359	58359	58359	NA	NA
LT934125.1	-	1606	58514	58514	0	1	62.932662	0	0	0	58514	58514	58514	NA	NA
LT934125.1	-	1607	58568	58575	2	5	2454.241466	0	0	4.63351346192106	58571	58570	58572	NA	NA
LT934125.1	-	1608	58814	58814	0	1	27.285874	0	0	0	58814	58814	58814	NA	NA
LT934125.1	-	1609	58874	58874	0	1	62.932662	0	0	0	58874	58874	58874	NA	NA
LT934125.1	-	1610	58963	58964	1	2	90.218536	0	0	0	58964	58963	58964	NA	NA
LT934125.1	-	1611	59016	59017	0	4	343.451267	0	0	1	59016	59016	59016	NA	NA
LT934125.1	-	1612	59074	59076	0	1	54.571748	1.58496250072116	1.58496250072116	1.58496250072116	59074	59074	59074	NA	NA
LT934125.1	-	1613	59135	59139	1	3	141.805451	0	0	2.32192809488736	59135	59135	59136	NA	NA
LT934125.1	-	1614	59276	59282	1	6	19013.015227	0	0	3	59277	59276	59277	NA	NA
LT934125.1	-	1615	59452	59452	0	1	27.285874	0	0	0	59452	59452	59452	NA	NA
LT934125.1	-	1616	61055	61057	0	1	54.571748	1.58496250072116	1.58496250072116	1.58496250072116	61055	61055	61055	NA	NA
LT934125.1	-	1617	61128	61128	0	1	27.285874	0	0	0	61128	61128	61128	NA	NA
LT934125.1	-	1618	61947	61947	0	1	24.301041	0	0	0	61947	61947	61947	NA	NA
LT934125.1	-	1619	62424	62424	0	1	27.285874	0	0	0	62424	62424	62424	NA	NA
LT934125.1	-	1620	62512	62520	0	1	81.857622	5.02421225738452	5.02421225738452	5.02421225738452	62512	62512	62512	NA	NA
LT934125.1	-	1621	62577	62577	0	2	582.264916	0	0	0	62577	62577	62577	NA	NA
LT934125.1	-	1622	62659	62670	11	2	41.691619	0	0	0	62664	62659	62670	NA	NA
LT934125.1	-	1623	62797	62797	0	1	27.285874	0	0	0	62797	62797	62797	NA	NA
LT934125.1	-	1624	62885	62885	0	1	241.779497	0	0	0	62885	62885	62885	NA	NA
LT934125.1	-	1625	62945	62964	19	3	73.195533	0	0	0	62956	62945	62964	NA	NA
LT934125.1	-	1626	63017	63017	0	1	27.285874	0	0	0	63017	63017	63017	NA	NA
LT934125.1	-	1627	63242	63249	7	4	225.188689	0	0	0	63246	63242	63249	NA	NA
LT934125.1	-	1628	63294	63294	0	1	81.857622	0	0	0	63294	63294	63294	NA	NA
LT934125.1	-	1629	63417	63438	0	6	893939.895765	0	0	0.433127284291011	63420	63420	63420	NA	NA
LT934125.1	-	1630	63488	63508	20	4	353.606651	0	0	0	63496	63488	63508	NA	NA
LT934125.1	-	1631	63692	63703	1	3	178.948782	0	0	6.6983591480046	63692	63692	63693	NA	NA
LT934125.1	-	1632	63747	63747	0	1	27.285874	0	0	0	63747	63747	63747	NA	NA
LT934125.1	-	1633	63846	63846	0	1	182.25781	0	0	0	63846	63846	63846	NA	NA
LT934125.1	-	1634	63935	63935	0	1	27.285874	0	0	0	63935	63935	63935	NA	NA
LT934125.1	-	1635	63969	63969	0	1	36.451562	0	0	0	63969	63969	63969	NA	NA
LT934125.1	-	1636	64125	64127	0	2	123.323231	1.45546445429793	1.45546445429793	1.49031798254353	64125	64125	64125	NA	NA
LT934125.1	-	1637	64179	64180	1	2	77.338407	0	0	0	64180	64179	64180	NA	NA
LT934125.1	-	1638	64220	64244	24	2	90.218536	0	0	0	64232	64220	64244	NA	NA
LT934125.1	-	1639	64365	64386	21	2	296.351245	0	0	0	64376	64365	64386	NA	NA
LT934125.1	-	1640	64460	64460	0	1	27.285874	0	0	0	64460	64460	64460	NA	NA
LT934125.1	-	1641	64502	64502	0	1	241.779497	0	0	0	64502	64502	64502	NA	NA
LT934125.1	-	1642	64622	64622	0	1	27.285874	0	0	0	64622	64622	64622	NA	NA
LT934125.1	-	1643	64727	64728	1	3	207.256674	0	0	1	64728	64727	64728	NA	NA
LT934125.1	-	1644	64792	64792	0	1	24.301041	0	0	0	64792	64792	64792	NA	NA
LT934125.1	-	1645	64857	64859	2	2	595.145045	0	0	0	64858	64857	64859	NA	NA
LT934125.1	-	1646	64898	64916	15	2	367.644821	0	0	2	64906	64898	64913	NA	NA
LT934125.1	-	1647	64950	64950	0	1	27.285874	0	0	0	64950	64950	64950	NA	NA
LT934125.1	-	1648	65219	65219	0	1	27.285874	0	0	0	65219	65219	65219	NA	NA
LT934125.1	-	1649	65311	65311	0	1	27.285874	0	0	0	65311	65311	65311	NA	NA
LT934125.1	-	1650	65346	65346	0	1	567.859171	0	0	0	65346	65346	65346	NA	NA
LT934125.1	-	1651	65445	65454	3	2	2354.946086	0	0	1.83787434968526	65452	65451	65454	NA	NA
LT934125.1	-	1652	65548	65548	0	1	62.932662	0	0	0	65548	65548	65548	NA	NA
LT934125.1	-	1653	65611	65630	19	2	163.772877	0	0	0	65620	65611	65630	NA	NA
LT934125.1	-	1654	65659	65685	25	5	710.522328	0	0	2.32192809488736	65677	65659	65684	NA	NA
LT934125.1	-	1655	65746	65756	4	6	21296.697013	0	0	5.30336943540791	65753	65752	65756	NA	NA
LT934125.1	-	1656	65883	65886	3	4	316.828603	0	0	1.44385618977472	65884	65883	65886	NA	NA
LT934125.1	-	1657	66128	66128	0	1	27.285874	0	0	0	66128	66128	66128	NA	NA
LT934125.1	-	1658	66345	66345	0	1	54.571748	0	0	0	66345	66345	66345	NA	NA
LT934125.1	-	1659	66453	66453	0	2	48.894492	0	0	0	66453	66453	66453	NA	NA
LT934125.1	-	1660	66629	66649	20	3	481.382699	0	0	0	66636	66629	66649	NA	NA
LT934125.1	-	1661	66902	66902	0	1	27.285874	0	0	0	66902	66902	66902	NA	NA
LT934125.1	-	1662	67091	67091	0	1	27.285874	0	0	0	67091	67091	67091	NA	NA
LT934125.1	-	1663	67340	67340	0	1	27.285874	0	0	0	67340	67340	67340	NA	NA
LT934125.1	-	1664	68123	68123	0	1	191.001119	0	0	0	68123	68123	68123	NA	NA
LT934125.1	-	1665	68303	68303	0	1	567.859171	0	0	0	68303	68303	68303	NA	NA
LT934125.1	-	1666	68500	68500	0	1	24.301041	0	0	0	68500	68500	68500	NA	NA
LT934125.1	-	1667	68543	68543	0	1	27.285874	0	0	0	68543	68543	68543	NA	NA
LT934125.1	-	1668	68641	68655	14	2	75.887957	0	0	0	68648	68641	68655	NA	NA
LT934125.1	-	1669	68782	68782	0	1	62.932662	0	0	0	68782	68782	68782	NA	NA
LT934125.1	-	1670	68886	68887	0	1	54.571748	1	1	1	68886	68886	68886	NA	NA
LT934125.1	-	1671	69025	69025	0	1	241.779497	0	0	0	69025	69025	69025	NA	NA
LT934125.1	-	1672	69140	69140	0	1	27.285874	0	0	0	69140	69140	69140	NA	NA
LT934125.1	-	1673	69285	69304	19	2	595.145045	0	0	0	69294	69285	69304	NA	NA
LT934125.1	-	1674	69382	69382	0	1	62.932662	0	0	0	69382	69382	69382	NA	NA
LT934125.1	-	1675	69500	69515	15	2	51.586915	0	0	0	69508	69500	69515	NA	NA
LT934125.1	-	1676	69593	69596	3	2	269.065371	0	0	0	69594	69593	69596	NA	NA
LT934125.1	-	1677	70464	70464	0	1	27.285874	0	0	0	70464	70464	70464	NA	NA
LT934125.1	-	1678	71162	71162	0	1	27.285874	0	0	0	71162	71162	71162	NA	NA
LT934125.1	-	1679	71270	71270	0	1	241.779497	0	0	0	71270	71270	71270	NA	NA
LT934125.1	-	1680	71369	71369	0	1	567.859171	0	0	0	71369	71369	71369	NA	NA
LT934125.1	-	1681	71486	71486	0	1	24.301041	0	0	0	71486	71486	71486	NA	NA
LT934125.1	-	1682	71532	71532	0	1	27.285874	0	0	0	71532	71532	71532	NA	NA
LT934125.1	-	1683	71776	71778	2	2	99.384224	0	0	0	71777	71776	71778	NA	NA
LT934125.1	-	1684	71811	71811	0	1	27.285874	0	0	0	71811	71811	71811	NA	NA
LT934125.1	-	1685	71881	71889	4	6	2138.784798	0	0	4.255859032254	71884	71882	71886	NA	NA
LT934125.1	-	1686	71949	71949	0	1	567.859171	0	0	0	71949	71949	71949	NA	NA
LT934125.1	-	1687	72006	72006	0	1	27.285874	0	0	0	72006	72006	72006	NA	NA
LT934125.1	-	1688	72080	72080	0	1	27.285874	0	0	0	72080	72080	72080	NA	NA
LT934125.1	-	1689	72170	72174	4	2	809.638668	0	0	0	72172	72170	72174	NA	NA
LT934125.1	-	1690	72311	72321	10	2	90.218536	0	0	0	72316	72311	72321	NA	NA
LT934125.1	-	1691	72486	72486	0	1	27.285874	0	0	0	72486	72486	72486	NA	NA
LT934125.1	-	1692	72732	72742	10	3	344.363506	0	0	6.9188632372746	72738	72732	72742	NA	NA
LT934125.1	-	1693	72827	72827	0	2	269.065371	0	0	0	72827	72827	72827	NA	NA
LT934125.1	-	1694	72871	72874	3	3	347.93816	0	0	0	72872	72871	72874	NA	NA
LT934125.1	-	1695	72941	72941	0	1	62.932662	0	0	0	72941	72941	72941	NA	NA
LT934125.1	-	1696	72977	72977	0	1	241.779497	0	0	0	72977	72977	72977	NA	NA
LT934125.1	-	1697	73108	73111	0	4	360.106696	0	0	1.83659166810898	73108	73108	73108	NA	NA
LT934125.1	-	1698	73235	73235	0	1	27.285874	0	0	0	73235	73235	73235	NA	NA
LT934125.1	-	1699	73274	73274	0	1	62.932662	0	0	0	73274	73274	73274	NA	NA
LT934125.1	-	1700	73686	73686	0	1	27.285874	0	0	0	73686	73686	73686	NA	NA
LT934125.1	-	1701	73983	73983	0	1	62.932662	0	0	0	73983	73983	73983	NA	NA
LT934125.1	-	1702	74345	74352	4	4	616.254636	0	0	2	74346	74345	74349	NA	NA
LT934125.1	-	1703	74958	74958	0	1	62.932662	0	0	0	74958	74958	74958	NA	NA
LT934125.1	-	1704	75599	75601	2	3	687.256772	0	0	1.45546446969467	75600	75599	75601	NA	NA
LT934125.1	-	1705	75734	75736	2	2	200.166806	0	0	1.45546446154482	75735	75734	75736	NA	NA
LT934125.1	-	1706	75915	75915	0	1	62.932662	0	0	0	75915	75915	75915	NA	NA
LT934125.1	-	1707	75949	75957	0	1	81.857622	2.91092892308965	2.91092892308965	2.91092892308965	75957	75957	75957	NA	NA
LT934125.1	-	1708	76021	76021	0	1	27.285874	0	0	0	76021	76021	76021	NA	NA
LT934125.1	-	1709	76056	76056	0	1	62.932662	0	0	0	76056	76056	76056	NA	NA
LT934125.1	-	1710	76120	76120	0	1	62.932662	0	0	0	76120	76120	76120	NA	NA
LT934125.1	-	1711	76680	76680	0	1	27.285874	0	0	0	76680	76680	76680	NA	NA
LT934125.1	-	1712	76860	76870	3	6	3525.445459	0	0	4.51762875856324	76862	76860	76863	NA	NA
LT934125.1	-	1713	77066	77066	0	1	62.932662	0	0	0	77066	77066	77066	NA	NA
LT934125.1	-	1714	77137	77139	0	2	160.730411	0	0	1.14422895861353	77139	77139	77139	NA	NA
LT934125.1	-	1715	77180	77180	0	1	27.285874	0	0	0	77180	77180	77180	NA	NA
LT934125.1	-	1716	77605	77605	0	2	87.233703	0	0	0	77605	77605	77605	NA	NA
LT934125.1	-	1717	77804	77804	0	1	27.285874	0	0	0	77804	77804	77804	NA	NA
LT934125.1	-	1718	77985	77987	2	3	226.352271	0	0	1.56457635523601	77986	77985	77987	NA	NA
LT934125.1	-	1719	78186	78186	0	1	1135.718342	0	0	0	78186	78186	78186	NA	NA
LT934125.1	-	1720	79145	79145	0	1	27.285874	0	0	0	79145	79145	79145	NA	NA
LT934125.1	-	1721	79230	79230	0	1	62.932662	0	0	0	79230	79230	79230	NA	NA
LT934125.1	-	1722	79388	79390	2	3	180.254443	0	0	2.2279470025383	79389	79388	79390	NA	NA
LT934125.1	-	1723	79513	79513	0	1	62.932662	0	0	0	79513	79513	79513	NA	NA
LT934125.1	-	1724	79576	79576	0	1	27.285874	0	0	0	79576	79576	79576	NA	NA
LT934125.1	-	1725	79899	79899	0	1	27.285874	0	0	0	79899	79899	79899	NA	NA
LT934125.1	-	1726	79955	79955	0	1	27.285874	0	0	0	79955	79955	79955	NA	NA
LT934125.1	-	1727	80050	80050	0	1	27.285874	0	0	0	80050	80050	80050	NA	NA
LT934125.1	-	1728	80238	80238	0	1	27.285874	0	0	0	80238	80238	80238	NA	NA
LT934125.1	-	1729	80621	80655	34	3	80.398405	0	0	0	80636	80621	80655	NA	NA
LT934125.1	-	1730	80835	80858	23	2	118.309184	0	0	2.75488750216347	80846	80835	80858	NA	NA
LT934125.1	-	1731	80889	80911	11	2	335.791402	0	0	5.43896689583748	80894	80889	80900	NA	NA
LT934125.1	-	1732	80958	80968	7	3	220.67824	0	0	5.18914742795595	80960	80958	80965	NA	NA
LT934125.1	-	1733	81007	81008	1	3	238.873593	0	0	0	81007	81007	81008	NA	NA
LT934125.1	-	1734	81074	81093	1	2	536.762983	0	0	2.09952851604225	81086	81086	81087	NA	NA
LT934125.1	-	1735	81161	81163	2	3	81.744617	0	0	0	81162	81161	81163	NA	NA
LT934125.1	-	1736	81229	81247	16	3	223.663073	0	0	7.68771237954945	81240	81229	81245	NA	NA
LT934125.1	-	1737	81365	81366	1	3	180.804647	0	0	0	81365	81365	81366	NA	NA
LT934125.1	-	1738	81426	81428	1	5	910.542053	0	0	0.696212261485348	81427	81427	81428	NA	NA
LT934125.1	-	1739	81490	81504	2	5	1580.147223	0	0	1.53312595051839	81492	81491	81493	NA	NA
LT934125.1	-	1740	81563	81576	13	3	263.669466	0	0	0	81568	81563	81576	NA	NA
LT934125.1	-	1741	81608	81609	0	2	123.549241	0	0	0.811278124459133	81608	81608	81608	NA	NA
LT934125.1	-	1742	81686	81708	22	6	1499.427315	0	0	0	81690	81686	81708	NA	NA
LT934125.1	-	1743	81804	81821	1	6	83516.820632	0.961236604758204	0.961236604758204	6.03514336146322	81804	81804	81805	NA	NA
LT934125.1	-	1744	81872	81902	16	5	3128.800646	0	0	9.48038373242601	81891	81881	81897	NA	NA
LT934125.1	-	1745	82023	82026	1	3	198.157385	0	0	3.06200030206266	82023	82023	82024	NA	NA
LT934125.1	-	1746	82076	82076	0	1	54.571748	0	0	0	82076	82076	82076	NA	NA
LT934125.1	-	1747	82139	82139	0	1	24.301041	0	0	0	82139	82139	82139	NA	NA
LT934125.1	-	1748	82203	82212	0	1	125.865324	3.32192809488736	3.32192809488736	3.32192809488736	82203	82203	82203	NA	NA
LT934125.1	-	1749	82433	82433	0	1	27.285874	0	0	0	82433	82433	82433	NA	NA
LT934125.1	-	1750	82812	82812	0	1	27.285874	0	0	0	82812	82812	82812	NA	NA
LT934125.1	-	1751	83103	83103	0	1	24.301041	0	0	0	83103	83103	83103	NA	NA
LT934125.1	-	1752	83202	83205	3	4	143.331067	0	0	0	83203	83202	83205	NA	NA
LT934125.1	-	1753	83286	83286	0	1	567.859171	0	0	0	83286	83286	83286	NA	NA
LT934125.1	-	1754	83713	83713	0	1	27.285874	0	0	0	83713	83713	83713	NA	NA
LT934125.1	-	1755	83926	83926	0	1	14.405745	0	0	0	83926	83926	83926	NA	NA
LT934125.1	-	1756	84476	84476	0	1	27.285874	0	0	0	84476	84476	84476	NA	NA
LT934125.1	-	1757	84518	84518	0	1	27.285874	0	0	0	84518	84518	84518	NA	NA
LT934125.1	-	1758	84963	84963	0	1	27.285874	0	0	0	84963	84963	84963	NA	NA
LT934125.1	-	1759	85656	85656	0	1	54.021544	0	0	0	85656	85656	85656	NA	NA
LT934125.1	-	1760	85981	85981	0	1	27.285874	0	0	0	85981	85981	85981	NA	NA
LT934125.1	-	1761	86359	86359	0	1	27.285874	0	0	0	86359	86359	86359	NA	NA
LT934125.1	-	1762	86403	86403	0	1	62.932662	0	0	0	86403	86403	86403	NA	NA
LT934125.1	-	1763	86459	86459	0	1	27.285874	0	0	0	86459	86459	86459	NA	NA
LT934125.1	-	1764	86581	86584	3	2	90.218536	0	0	0	86582	86581	86584	NA	NA
LT934125.1	-	1765	86709	86709	0	1	27.285874	0	0	0	86709	86709	86709	NA	NA
LT934125.1	-	1766	86752	86752	0	1	62.932662	0	0	0	86752	86752	86752	NA	NA
LT934125.1	-	1767	86821	86821	0	1	62.932662	0	0	0	86821	86821	86821	NA	NA
LT934125.1	-	1768	86889	86907	9	2	117.50441	0	0	3.32192809488736	86894	86889	86898	NA	NA
LT934125.1	-	1769	87157	87165	8	6	4220.577227	0	0	4.31899752112804	87161	87157	87165	NA	NA
LT934125.1	-	1770	87209	87209	0	1	27.285874	0	0	0	87209	87209	87209	NA	NA
LT934125.1	-	1771	87446	87448	0	3	293.422267	0	0	2.37744375108173	87447	87447	87447	NA	NA
LT934125.1	-	1772	87680	87680	0	1	27.285874	0	0	0	87680	87680	87680	NA	NA
LT934125.1	-	1773	87726	87726	0	1	62.932662	0	0	0	87726	87726	87726	NA	NA
LT934125.1	-	1774	87883	87883	0	1	62.932662	0	0	0	87883	87883	87883	NA	NA
LT934125.1	-	1775	87956	87956	0	1	27.285874	0	0	0	87956	87956	87956	NA	NA
LT934125.1	-	1776	88003	88003	0	2	87.233703	0	0	0	88003	88003	88003	NA	NA
LT934125.1	-	1777	88471	88471	0	1	27.285874	0	0	0	88471	88471	88471	NA	NA
LT934125.1	-	1778	88555	88555	0	1	241.779497	0	0	0	88555	88555	88555	NA	NA
LT934125.1	-	1779	88864	88864	0	1	62.932662	0	0	0	88864	88864	88864	NA	NA
LT934125.1	-	1780	88900	88900	0	1	27.285874	0	0	0	88900	88900	88900	NA	NA
LT934125.1	-	1781	89077	89083	0	5	3494.966375	0.775512657543642	0.775512657543642	2.46482421279477	89079	89079	89079	NA	NA
LT934125.1	-	1782	89145	89162	0	6	1882.054867	0	0	4.32992551647011	89153	89153	89153	NA	NA
LT934125.1	-	1783	89226	89226	0	1	27.285874	0	0	0	89226	89226	89226	NA	NA
LT934125.1	-	1784	89377	89388	0	1	81.857622	5.68203113013457	5.68203113013457	5.68203113013457	89377	89377	89377	NA	NA
LT934125.1	-	1785	89404	89404	0	1	24.301041	0	0	0	89404	89404	89404	NA	NA
LT934125.1	-	1786	89614	89642	28	5	1287.231759	0	0	4.74270983404608	89628	89614	89642	NA	NA
LT934125.1	-	1787	89693	89693	0	1	27.285874	0	0	0	89693	89693	89693	NA	NA
LT934125.1	-	1788	89828	89828	0	1	54.571748	0	0	0	89828	89828	89828	NA	NA
LT934125.1	-	1789	90202	90202	0	1	27.285874	0	0	0	90202	90202	90202	NA	NA
LT934125.1	-	1790	90326	90327	1	2	90.218536	0	0	0	90326	90326	90327	NA	NA
LT934125.1	-	1791	90482	90482	0	1	27.285874	0	0	0	90482	90482	90482	NA	NA
LT934125.1	-	1792	90997	90997	0	1	27.285874	0	0	0	90997	90997	90997	NA	NA
LT934125.1	-	1793	91115	91133	12	3	193.392366	0	0	2.57798232963786	91123	91115	91127	NA	NA
LT934125.1	-	1794	91277	91277	0	2	103.46624	0	0	0	91277	91277	91277	NA	NA
LT934125.1	-	1795	91355	91361	1	6	1331.311938	0	0	2.00346226448678	91357	91356	91357	NA	NA
LT934125.1	-	1796	91437	91437	0	1	27.285874	0	0	0	91437	91437	91437	NA	NA
LT934125.1	-	1797	91493	91520	22	3	90.293701	0	0	2.58496250072116	91500	91493	91515	NA	NA
LT934125.1	-	1798	91797	91797	0	1	27.285874	0	0	0	91797	91797	91797	NA	NA
LT934125.1	-	1799	91995	91995	0	1	14.405745	0	0	0	91995	91995	91995	NA	NA
LT934125.1	-	1800	92074	92074	0	1	27.285874	0	0	0	92074	92074	92074	NA	NA
LT934125.1	-	1801	92125	92125	0	1	27.285874	0	0	0	92125	92125	92125	NA	NA
LT934125.1	-	1802	92217	92219	0	1	54.571748	1.58496250072116	1.58496250072116	1.58496250072116	92217	92217	92217	NA	NA
LT934125.1	-	1803	92303	92303	0	1	54.571748	0	0	0	92303	92303	92303	NA	NA
LT934125.1	-	1804	92362	92377	15	2	90.218536	0	0	0	92370	92362	92377	NA	NA
LT934125.1	-	1805	92413	92418	5	2	595.145045	0	0	0	92416	92413	92418	NA	NA
LT934125.1	-	1806	92481	92509	0	2	515.657964	2.6796990720431	2.6796990720431	10.3035446502214	92481	92481	92481	NA	NA
LT934125.1	-	1807	92503	92532	13	4	611.897744	0	0	7.8974330380068	92524	92515	92528	NA	NA
LT934125.1	-	1808	92566	92571	0	1	191.001119	2.96969500885922	2.96969500885922	2.96969500885922	92568	92568	92568	NA	NA
LT934125.1	-	1809	92624	92633	7	5	1461.228428	0	0	4.75488750216347	92629	92624	92631	NA	NA
LT934125.1	-	1810	92686	92687	1	2	80.939843	0	0	0	92686	92686	92687	NA	NA
LT934125.1	-	1811	92734	92735	1	3	701.303708	0	0	0	92734	92734	92735	NA	NA
LT934125.1	-	1812	92772	92777	1	3	365.210729	1	1	2.31269473149357	92774	92773	92774	NA	NA
LT934125.1	-	1813	92883	92883	0	1	27.285874	0	0	0	92883	92883	92883	NA	NA
LT934125.1	-	1814	92931	92941	0	6	81107.800396	0	0	1.98779452740516	92933	92933	92933	NA	NA
LT934125.1	-	1815	93102	93102	0	1	27.285874	0	0	0	93102	93102	93102	NA	NA
LT934125.1	-	1816	93166	93211	45	4	380.600116	0	0	0	93190	93166	93211	NA	NA
LT934125.1	-	1817	93263	93296	27	5	1312.915097	0	0	10.2488229975471	93274	93263	93290	NA	NA
LT934125.1	-	1818	93363	93402	16	5	599.683115	0	0	11.9901175466964	93375	93363	93379	NA	NA
LT934125.1	-	1819	93441	93441	0	1	567.859171	0	0	0	93441	93441	93441	NA	NA
LT934125.1	-	1820	93466	93483	6	5	3872.462392	1.73882566127229	1.73882566127229	6.82496197555092	93468	93466	93472	NA	NA
LT934125.1	-	1821	93571	93580	7	5	536.562282	0	0	3	93574	93571	93578	NA	NA
LT934125.1	-	1822	93654	93657	0	6	8802.454078	0	0	1.00651666924492	93654	93654	93654	NA	NA
LT934125.1	-	1823	93735	93735	0	1	27.285874	0	0	0	93735	93735	93735	NA	NA
LT934125.1	-	1824	93805	93805	0	1	62.932662	0	0	0	93805	93805	93805	NA	NA
LT934125.1	-	1825	93831	93851	20	2	75.887957	0	0	0	93841	93831	93851	NA	NA
LT934125.1	-	1826	93935	93945	5	2	199.362032	0	0	3.93412705407782	93938	93935	93940	NA	NA
LT934125.1	-	1827	93983	93983	0	1	54.571748	0	0	0	93983	93983	93983	NA	NA
LT934125.1	-	1828	94069	94069	0	1	62.932662	0	0	0	94069	94069	94069	NA	NA
LT934125.1	-	1829	94108	94108	0	2	51.586915	0	0	0	94108	94108	94108	NA	NA
LT934125.1	-	1830	94151	94151	0	1	241.779497	0	0	0	94151	94151	94151	NA	NA
LT934125.1	-	1831	94189	94204	12	3	169.091325	0	0	6.33985000288462	94196	94189	94201	NA	NA
LT934125.1	-	1832	94246	94246	0	1	62.932662	0	0	0	94246	94246	94246	NA	NA
LT934125.1	-	1833	94276	94291	0	1	109.143496	6	6	6	94276	94276	94276	NA	NA
LT934125.1	-	1834	94354	94354	0	1	62.932662	0	0	0	94354	94354	94354	NA	NA
LT934125.1	-	1835	94405	94411	0	1	125.865324	2.8073549220576	2.8073549220576	2.8073549220576	94405	94405	94405	NA	NA
LT934125.1	-	1836	94447	94460	11	2	113.720345	0	0	1.55305523566212	94452	94447	94458	NA	NA
LT934125.1	-	1837	94526	94533	0	6	9492.686429	1.16852966614612	1.16852966614612	2.66510681957616	94526	94526	94526	NA	NA
LT934125.1	-	1838	94617	94623	6	4	246.429732	0	0	2.58496250072116	94621	94617	94623	NA	NA
LT934125.1	-	1839	94730	94737	7	2	269.065371	0	0	0	94734	94730	94737	NA	NA
LT934125.1	-	1840	94789	94789	0	1	62.932662	0	0	0	94789	94789	94789	NA	NA
LT934125.1	-	1841	94861	94890	28	6	1478.355133	0	0	4.97322816962254	94882	94862	94890	NA	NA
LT934125.1	-	1842	94943	94950	1	6	72603.729756	0	0	2.31033389168102	94946	94946	94947	NA	NA
LT934125.1	-	1843	95006	95022	16	4	954.428952	0	0	0	95013	95006	95022	NA	NA
LT934125.1	-	1844	95145	95155	10	2	90.218536	0	0	0	95150	95145	95155	NA	NA
LT934125.1	-	1845	95392	95392	0	1	27.285874	0	0	0	95392	95392	95392	NA	NA
LT934125.1	-	1846	95506	95506	0	1	27.285874	0	0	0	95506	95506	95506	NA	NA
LT934125.1	-	1847	95564	95567	3	2	51.586915	0	0	0	95566	95564	95567	NA	NA
LT934125.1	-	1848	95691	95694	0	5	1212.473309	0	0	1.62255624528781	95694	95694	95694	NA	NA
LT934125.1	-	1849	95792	95792	0	1	27.285874	0	0	0	95792	95792	95792	NA	NA
LT934125.1	-	1850	95868	95885	17	4	356.299074	0	0	0	95876	95868	95885	NA	NA
LT934125.1	-	1851	95933	95937	4	2	595.145045	0	0	0	95935	95933	95937	NA	NA
LT934125.1	-	1852	95978	95978	0	1	27.285874	0	0	0	95978	95978	95978	NA	NA
LT934125.1	-	1853	96086	96086	0	1	54.571748	0	0	0	96086	96086	96086	NA	NA
LT934125.1	-	1854	96115	96193	59	5	2934.134945	1.98806042223828	1.98806042223828	12.7525403306903	96146	96121	96180	NA	NA
LT934125.1	-	1855	96231	96240	9	2	604.310733	0	0	0	96236	96231	96240	NA	NA
LT934125.1	-	1856	96282	96309	23	4	2555.032824	0	0	6.60917475810568	96291	96282	96305	NA	NA
LT934125.1	-	1857	96366	96369	3	2	693.724495	0	0	0	96368	96366	96369	NA	NA
LT934125.1	-	1858	96421	96441	20	2	1198.651004	0	0	1	96431	96421	96441	NA	NA
LT934125.1	-	1859	96481	96481	0	1	62.932662	0	0	0	96481	96481	96481	NA	NA
LT934125.1	-	1860	96540	96554	14	2	90.218536	0	0	0	96547	96540	96554	NA	NA
LT934125.1	-	1861	96596	96603	0	2	203.331043	0	0	5.75488750216347	96598	96598	96598	NA	NA
LT934125.1	-	1862	96660	96660	0	1	62.932662	0	0	0	96660	96660	96660	NA	NA
LT934125.1	-	1863	96698	96698	0	1	27.285874	0	0	0	96698	96698	96698	NA	NA
LT934125.1	-	1864	96727	96729	2	2	630.791833	0	0	0	96728	96727	96729	NA	NA
LT934125.1	-	1865	96834	96846	12	3	573.77753	0	0	0	96838	96834	96846	NA	NA
LT934125.1	-	1866	96906	96923	17	3	331.998033	0	0	0	96912	96906	96923	NA	NA
LT934125.1	-	1867	96959	96962	3	4	2054.859794	0	0	1.58496250072116	96961	96959	96962	NA	NA
LT934125.1	-	1868	97020	97022	0	1	188.797986	1.45546446154482	1.45546446154482	1.45546446154482	97022	97022	97022	NA	NA
LT934125.1	-	1869	97050	97050	0	1	24.301041	0	0	0	97050	97050	97050	NA	NA
LT934125.1	-	1870	97076	97087	11	3	658.077707	0	0	0	97081	97076	97087	NA	NA
LT934125.1	-	1871	97116	97122	6	2	45.293055	0	0	0	97119	97116	97122	NA	NA
LT934125.1	-	1872	97170	97178	8	5	1326.668154	0	0	2.32192809488736	97174	97170	97178	NA	NA
LT934125.1	-	1873	97288	97288	0	1	567.859171	0	0	0	97288	97288	97288	NA	NA
LT934125.1	-	1874	97337	97368	22	6	56879.026948	0	0	2.69056360351948	97346	97339	97361	NA	NA
LT934125.1	-	1875	98164	98164	0	1	27.285874	0	0	0	98164	98164	98164	NA	NA
LT934125.1	-	1876	98246	98246	0	1	27.285874	0	0	0	98246	98246	98246	NA	NA
LT934125.1	-	1877	98305	98305	0	1	27.285874	0	0	0	98305	98305	98305	NA	NA
LT934125.1	-	1878	98413	98417	4	5	651.811469	0	0	1.58496250072116	98415	98413	98417	NA	NA
LT934125.1	-	1879	98563	98570	0	1	64.825853	4.59147917153281	4.59147917153281	4.59147917153281	98563	98563	98563	NA	NA
LT934125.1	-	1880	98589	98599	7	4	628.77542	0	0	1.74796209337724	98594	98589	98596	NA	NA
LT934125.1	-	1881	98666	98666	0	1	241.779497	0	0	0	98666	98666	98666	NA	NA
LT934125.1	-	1882	98692	98692	0	1	62.932662	0	0	0	98692	98692	98692	NA	NA
LT934125.1	-	1883	98729	98729	0	1	27.285874	0	0	0	98729	98729	98729	NA	NA
LT934125.1	-	1884	98759	98759	0	1	24.301041	0	0	0	98759	98759	98759	NA	NA
LT934125.1	-	1885	98816	98836	20	2	78.872789	0	0	0	98826	98816	98836	NA	NA
LT934125.1	-	1886	98927	98927	0	1	14.405745	0	0	0	98927	98927	98927	NA	NA
LT934125.1	-	1887	98970	98986	16	4	383.584948	0	0	0	98975	98970	98986	NA	NA
LT934125.1	-	1888	99028	99028	0	1	241.779497	0	0	0	99028	99028	99028	NA	NA
LT934125.1	-	1889	99200	99200	0	1	27.285874	0	0	0	99200	99200	99200	NA	NA
LT934125.1	-	1890	99396	99396	0	1	27.285874	0	0	0	99396	99396	99396	NA	NA
LT934125.1	-	1891	99559	99563	0	1	483.558994	2.32192809488736	2.32192809488736	2.32192809488736	99559	99559	99559	NA	NA
LT934125.1	-	1892	99698	99703	5	2	595.145045	0	0	0	99700	99698	99703	NA	NA
LT934125.1	-	1893	99776	99777	1	2	266.080538	0	0	0	99776	99776	99777	NA	NA
LT934125.1	-	1894	99839	99849	10	3	305.516933	0	0	0	99843	99839	99849	NA	NA
LT934125.1	-	1895	99958	99958	0	1	27.285874	0	0	0	99958	99958	99958	NA	NA
LT934125.1	-	1896	100060	100060	0	1	27.285874	0	0	0	100060	100060	100060	NA	NA
LT934125.1	-	1897	100128	100128	0	2	63.007828	0	0	0	100128	100128	100128	NA	NA
LT934125.1	-	1898	100225	100235	10	2	87.233703	0	0	0	100230	100225	100235	NA	NA
LT934125.1	-	1899	100292	100292	0	1	27.285874	0	0	0	100292	100292	100292	NA	NA
LT934125.1	-	1900	100334	100334	0	1	27.285874	0	0	0	100334	100334	100334	NA	NA
LT934125.1	-	1901	100776	100776	0	1	241.779497	0	0	0	100776	100776	100776	NA	NA
LT934125.1	-	1902	100952	100952	0	1	27.285874	0	0	0	100952	100952	100952	NA	NA
LT934125.1	-	1903	101111	101111	0	1	21.608618	0	0	0	101111	101111	101111	NA	NA
LT934125.1	-	1904	101197	101199	0	1	39.615799	1.49883611827611	1.49883611827611	1.49883611827611	101199	101199	101199	NA	NA
LT934125.1	-	1905	101237	101240	0	1	108.043087	1.30004483613312	1.30004483613312	1.30004483613312	101240	101240	101240	NA	NA
LT934125.1	-	1906	101324	101324	0	1	27.285874	0	0	0	101324	101324	101324	NA	NA
LT934125.1	-	1907	101390	101390	0	1	27.285874	0	0	0	101390	101390	101390	NA	NA
LT934125.1	-	1908	101449	101449	0	1	24.301041	0	0	0	101449	101449	101449	NA	NA
LT934125.1	-	1909	101779	101782	3	3	295.396164	1.88536638146119	1.88536638146119	2	101781	101779	101782	NA	NA
LT934125.1	-	1910	101893	101893	0	1	21.608618	0	0	0	101893	101893	101893	NA	NA
LT934125.1	-	1911	101970	101970	0	1	27.285874	0	0	0	101970	101970	101970	NA	NA
LT934125.1	-	1912	101997	101997	0	1	62.932662	0	0	0	101997	101997	101997	NA	NA
LT934125.1	-	1913	102039	102039	0	1	18.007181	0	0	0	102039	102039	102039	NA	NA
LT934125.1	-	1914	102105	102105	0	1	27.285874	0	0	0	102105	102105	102105	NA	NA
LT934125.1	-	1915	102202	102222	20	3	131.910155	0	0	0	102215	102202	102222	NA	NA
LT934125.1	-	1916	102377	102377	0	1	14.405745	0	0	0	102377	102377	102377	NA	NA
LT934125.1	-	1917	102457	102457	0	1	27.285874	0	0	0	102457	102457	102457	NA	NA
LT934125.1	-	1918	102626	102683	57	5	1628.568048	0	0	10.7205171233271	102650	102626	102683	NA	NA
LT934125.1	-	1919	102750	102750	0	1	27.285874	0	0	0	102750	102750	102750	NA	NA
LT934125.1	-	1920	103401	103401	0	1	62.932662	0	0	0	103401	103401	103401	NA	NA
LT934125.1	-	1921	103735	103738	3	3	101.639448	0	0	0	103736	103735	103738	NA	NA
LT934125.1	-	1922	103874	103874	0	1	62.932662	0	0	0	103874	103874	103874	NA	NA
LT934125.1	-	1923	103918	103918	0	1	27.285874	0	0	0	103918	103918	103918	NA	NA
LT934125.1	-	1924	104267	104267	0	1	62.932662	0	0	0	104267	104267	104267	NA	NA
LT934125.1	-	1925	104542	104542	0	1	27.285874	0	0	0	104542	104542	104542	NA	NA
LT934125.1	-	1926	105080	105080	0	1	24.301041	0	0	0	105080	105080	105080	NA	NA
LT934125.1	-	1927	105641	105641	0	1	241.779497	0	0	0	105641	105641	105641	NA	NA
LT934125.1	-	1928	105677	105696	19	2	90.218536	0	0	0	105686	105677	105696	NA	NA
LT934125.1	-	1929	105752	105752	0	1	62.932662	0	0	0	105752	105752	105752	NA	NA
LT934125.1	-	1930	105947	105947	0	1	27.285874	0	0	0	105947	105947	105947	NA	NA
LT934125.1	-	1931	106062	106062	0	1	24.301041	0	0	0	106062	106062	106062	NA	NA
LT934125.1	-	1932	106229	106229	0	1	27.285874	0	0	0	106229	106229	106229	NA	NA
LT934125.1	-	1933	106436	106436	0	1	27.285874	0	0	0	106436	106436	106436	NA	NA
LT934125.1	-	1934	106465	106466	1	2	50.857307	0	0	0	106466	106465	106466	NA	NA
LT934125.1	-	1935	106531	106550	19	3	169.091325	0	0	0	106537	106531	106550	NA	NA
LT934125.1	-	1936	106601	106606	5	2	90.218536	0	0	0	106604	106601	106606	NA	NA
LT934125.1	-	1937	106691	106705	14	2	90.218536	0	0	0	106698	106691	106705	NA	NA
LT934125.1	-	1938	106912	106912	0	1	62.932662	0	0	0	106912	106912	106912	NA	NA
LT934125.1	-	1939	106937	106937	0	1	27.285874	0	0	0	106937	106937	106937	NA	NA
LT934125.1	-	1940	107006	107006	0	1	27.285874	0	0	0	107006	107006	107006	NA	NA
LT934125.1	-	1941	107049	107067	18	2	87.233703	0	0	0	107058	107049	107067	NA	NA
LT934125.1	-	1942	107099	107099	0	1	62.932662	0	0	0	107099	107099	107099	NA	NA
LT934125.1	-	1943	107209	107209	0	1	27.285874	0	0	0	107209	107209	107209	NA	NA
LT934125.1	-	1944	107261	107261	0	1	27.285874	0	0	0	107261	107261	107261	NA	NA
LT934125.1	-	1945	107288	107288	0	1	25.210054	0	0	0	107288	107288	107288	NA	NA
LT934125.1	-	1946	107365	107382	7	6	12367.046274	0	0	3.1549024322832	107369	107365	107372	NA	NA
LT934125.1	-	1947	107425	107425	0	1	27.285874	0	0	0	107425	107425	107425	NA	NA
LT934125.1	-	1948	107461	107462	1	3	292.636804	0	0	0	107461	107461	107462	NA	NA
LT934125.1	-	1949	107556	107564	0	6	10238.850526	0	0	1.08712888603634	107559	107559	107559	NA	NA
LT934125.1	-	1950	107630	107650	20	3	658.077707	0	0	0	107643	107630	107650	NA	NA
LT934125.1	-	1951	107731	107731	0	1	62.932662	0	0	0	107731	107731	107731	NA	NA
LT934125.1	-	1952	107834	107834	0	3	109.030491	0	0	0	107834	107834	107834	NA	NA
LT934125.1	-	1953	107944	107944	0	1	62.932662	0	0	0	107944	107944	107944	NA	NA
LT934125.1	-	1954	108044	108046	0	2	97.788983	0	0	1.55305523046967	108044	108044	108044	NA	NA
LT934125.1	-	1955	108165	108165	0	1	62.932662	0	0	0	108165	108165	108165	NA	NA
LT934125.1	-	1956	108303	108303	0	1	27.285874	0	0	0	108303	108303	108303	NA	NA
LT934125.1	-	1957	108387	108480	2	6	7477.615322	0	0	20.9662460406519	108406	108405	108407	NA	NA
LT934125.1	-	1958	108448	108448	0	1	241.779497	0	0	0	108448	108448	108448	NA	NA
LT934125.1	-	1959	108715	108716	1	3	93.895138	0	0	0	108715	108715	108716	NA	NA
LT934125.1	-	1960	109374	109377	3	2	51.586915	0	0	0	109376	109374	109377	NA	NA
LT934125.1	-	1961	109443	109443	0	1	27.285874	0	0	0	109443	109443	109443	NA	NA
LT934125.1	-	1962	109469	109469	0	1	24.301041	0	0	0	109469	109469	109469	NA	NA
LT934125.1	-	1963	109561	109561	0	1	27.285874	0	0	0	109561	109561	109561	NA	NA
LT934125.1	-	1964	109633	109633	0	1	14.405745	0	0	0	109633	109633	109633	NA	NA
LT934125.1	-	1965	109702	109702	0	1	27.285874	0	0	0	109702	109702	109702	NA	NA
LT934125.1	-	1966	109733	109771	38	4	141.075843	0	0	0	109754	109733	109771	NA	NA
LT934125.1	-	1967	109801	109801	0	1	62.932662	0	0	0	109801	109801	109801	NA	NA
LT934125.1	-	1968	109871	109871	0	1	27.285874	0	0	0	109871	109871	109871	NA	NA
LT934125.1	-	1969	110000	110000	0	1	27.285874	0	0	0	110000	110000	110000	NA	NA
LT934125.1	-	1970	110111	110111	0	1	27.285874	0	0	0	110111	110111	110111	NA	NA
LT934125.1	-	1971	110152	110157	5	2	90.218536	0	0	0	110154	110152	110157	NA	NA
LT934125.1	-	1972	110350	110350	0	1	27.285874	0	0	0	110350	110350	110350	NA	NA
LT934125.1	-	1973	110519	110519	0	1	27.285874	0	0	0	110519	110519	110519	NA	NA
LT934125.1	-	1974	110619	110619	0	1	27.285874	0	0	0	110619	110619	110619	NA	NA
LT934125.1	-	1975	110662	110662	0	1	27.285874	0	0	0	110662	110662	110662	NA	NA
LT934125.1	-	1976	110702	110702	0	1	62.932662	0	0	0	110702	110702	110702	NA	NA
LT934125.1	-	1977	110742	110754	12	4	483.773946	0	0	4.09706862941342	110749	110742	110754	NA	NA
LT934125.1	-	1978	110832	110832	0	1	24.301041	0	0	0	110832	110832	110832	NA	NA
LT934125.1	-	1979	110867	110873	0	2	96.263367	0	0	2.57798232963786	110867	110867	110867	NA	NA
LT934125.1	-	1980	110950	110970	20	3	658.077707	0	0	0	110963	110950	110970	NA	NA
LT934125.1	-	1981	111099	111106	3	5	942.926365	0	0	3.59619048602005	111104	111103	111106	NA	NA
LT934125.1	-	1982	111196	111196	0	1	62.932662	0	0	0	111196	111196	111196	NA	NA
LT934125.1	-	1983	111662	111662	0	1	241.779497	0	0	0	111662	111662	111662	NA	NA
LT934125.1	-	1984	111713	111713	0	2	51.586915	0	0	0	111713	111713	111713	NA	NA
LT934125.1	-	1985	111962	111972	10	2	277.79386	0	0	0	111967	111962	111972	NA	NA
LT934125.1	-	1986	112045	112045	0	1	62.932662	0	0	0	112045	112045	112045	NA	NA
LT934125.1	-	1987	112306	112306	0	1	241.779497	0	0	0	112306	112306	112306	NA	NA
LT934125.1	-	1988	112476	112476	0	1	27.285874	0	0	0	112476	112476	112476	NA	NA
LT934125.1	-	1989	112543	112543	0	1	567.859171	0	0	0	112543	112543	112543	NA	NA
LT934125.1	-	1990	112864	112864	0	1	62.932662	0	0	0	112864	112864	112864	NA	NA
LT934125.1	-	1991	112949	112949	0	1	27.285874	0	0	0	112949	112949	112949	NA	NA
LT934125.1	-	1992	113087	113107	16	5	504.57779	0	0	2.2544774595405	113100	113087	113103	NA	NA
LT934125.1	-	1993	113156	113156	0	3	149.917336	0	0	0	113156	113156	113156	NA	NA
LT934125.1	-	1994	113309	113333	24	2	269.065371	0	0	0	113321	113309	113333	NA	NA
LT934125.1	-	1995	113391	113391	0	1	27.285874	0	0	0	113391	113391	113391	NA	NA
LT934125.1	-	1996	113517	113543	26	3	69.594096	0	0	0	113532	113517	113543	NA	NA
LT934125.1	-	1997	113776	113776	0	1	21.608618	0	0	0	113776	113776	113776	NA	NA
LT934125.1	-	1998	113939	113939	0	1	14.405745	0	0	0	113939	113939	113939	NA	NA
LT934125.1	-	1999	114031	114031	0	1	27.285874	0	0	0	114031	114031	114031	NA	NA
LT934125.1	-	2000	114131	114132	0	2	147.473942	0	0	1	114131	114131	114131	NA	NA
LT934125.1	-	2001	114221	114224	2	2	56.097364	0	0	1	114222	114221	114223	NA	NA
LT934125.1	-	2002	114292	114292	0	1	27.285874	0	0	0	114292	114292	114292	NA	NA
LT934125.1	-	2003	114426	114426	0	1	18.007181	0	0	0	114426	114426	114426	NA	NA
LT934125.1	-	2004	114504	114504	0	1	14.405745	0	0	0	114504	114504	114504	NA	NA
LT934125.1	-	2005	114692	114692	0	1	18.007181	0	0	0	114692	114692	114692	NA	NA
LT934125.1	-	2006	114784	114784	0	1	21.608618	0	0	0	114784	114784	114784	NA	NA
LT934125.1	-	2007	114991	114992	1	2	41.691619	0	0	0	114992	114991	114992	NA	NA
LT934125.1	-	2008	115452	115452	0	1	27.285874	0	0	0	115452	115452	115452	NA	NA
LT934125.1	-	2009	115526	115526	0	1	24.301041	0	0	0	115526	115526	115526	NA	NA
LT934125.1	-	2010	115584	115587	1	2	72.578929	0	0	1.58496250072116	115584	115584	115585	NA	NA
LT934125.1	-	2011	115834	115834	0	1	62.932662	0	0	0	115834	115834	115834	NA	NA
LT934125.1	-	2012	115861	115878	17	2	269.065371	0	0	0	115870	115861	115878	NA	NA
LT934125.1	-	2013	116357	116357	0	1	27.285874	0	0	0	116357	116357	116357	NA	NA
LT934125.1	-	2014	116418	116418	0	1	567.859171	0	0	0	116418	116418	116418	NA	NA
LT934125.1	-	2015	116443	116472	1	5	2847.450098	0	0	4.5852466762109	116447	116447	116448	NA	NA
LT934125.1	-	2016	116488	116488	0	1	567.859171	0	0	0	116488	116488	116488	NA	NA
LT934125.1	-	2017	116523	116542	2	5	1655.481726	0	0	4.48614513110353	116540	116540	116542	NA	NA
LT934125.1	-	2018	116575	116575	0	1	567.859171	0	0	0	116575	116575	116575	NA	NA
LT934125.1	-	2019	116642	116685	43	3	240.384901	0	0	2.57798232963786	116664	116642	116685	NA	NA
LT934125.1	-	2020	116725	116735	3	4	622.349299	0	0	2.8073549220576	116728	116726	116729	NA	NA
LT934125.1	-	2021	116784	116785	1	2	79.781802	0	0	0	116784	116784	116785	NA	NA
LT934125.1	-	2022	116811	116834	23	2	88.038477	0	0	0	116822	116811	116834	NA	NA
LT934125.1	-	2023	116859	116866	1	2	203.866427	0	0	3.72583809469242	116864	116864	116865	NA	NA
LT934125.1	-	2024	116918	116918	0	1	241.779497	0	0	0	116918	116918	116918	NA	NA
LT934125.1	-	2025	117040	117040	0	1	27.285874	0	0	0	117040	117040	117040	NA	NA
LT934125.1	-	2026	117416	117416	0	1	62.932662	0	0	0	117416	117416	117416	NA	NA
LT934125.1	-	2027	118060	118074	14	2	269.065371	0	0	0	118067	118060	118074	NA	NA
LT934125.1	-	2028	118278	118278	0	1	241.779497	0	0	0	118278	118278	118278	NA	NA
LT934125.1	-	2029	118376	118400	24	5	1092.166695	0	0	5.03213106089574	118390	118376	118400	NA	NA
LT934125.1	-	2030	118724	118743	10	3	973.353912	0	0	3.05051273056363	118731	118724	118734	NA	NA
LT934125.1	-	2031	118809	118809	0	2	90.218536	0	0	0	118809	118809	118809	NA	NA
LT934125.1	-	2032	118882	118882	0	1	27.285874	0	0	0	118882	118882	118882	NA	NA
LT934125.1	-	2033	118964	118964	0	1	27.285874	0	0	0	118964	118964	118964	NA	NA
LT934125.1	-	2034	119058	119058	0	1	27.285874	0	0	0	119058	119058	119058	NA	NA
LT934125.1	-	2035	119190	119190	0	1	36.451562	0	0	0	119190	119190	119190	NA	NA
LT934125.1	-	2036	119491	119491	0	1	27.285874	0	0	0	119491	119491	119491	NA	NA
LT934125.1	-	2037	119544	119544	0	1	27.285874	0	0	0	119544	119544	119544	NA	NA
LT934125.1	-	2038	119777	119777	0	1	27.285874	0	0	0	119777	119777	119777	NA	NA
LT934125.1	-	2039	120107	120107	0	1	27.285874	0	0	0	120107	120107	120107	NA	NA
LT934125.1	-	2040	120202	120202	0	1	27.285874	0	0	0	120202	120202	120202	NA	NA
LT934125.1	-	2041	120258	120258	0	1	27.285874	0	0	0	120258	120258	120258	NA	NA
LT934125.1	-	2042	120431	120431	0	1	24.301041	0	0	0	120431	120431	120431	NA	NA
LT934125.1	-	2043	120660	120660	0	1	27.285874	0	0	0	120660	120660	120660	NA	NA
LT934125.1	-	2044	120880	120882	2	2	45.909659	0	0	0	120881	120880	120882	NA	NA
LT934125.1	-	2045	120917	120917	0	1	62.932662	0	0	0	120917	120917	120917	NA	NA
LT934125.1	-	2046	121033	121033	0	1	27.285874	0	0	0	121033	121033	121033	NA	NA
LT934125.1	-	2047	122085	122101	16	2	90.218536	0	0	0	122093	122085	122101	NA	NA
LT934125.1	-	2048	122439	122439	0	1	54.571748	0	0	0	122439	122439	122439	NA	NA
LT934125.1	-	2049	122741	122741	0	1	27.285874	0	0	0	122741	122741	122741	NA	NA
LT934125.1	-	2050	122781	122781	0	1	27.285874	0	0	0	122781	122781	122781	NA	NA
LT934125.1	-	2051	123420	123420	0	1	27.285874	0	0	0	123420	123420	123420	NA	NA
LT934125.1	-	2052	123596	123596	0	1	27.285874	0	0	0	123596	123596	123596	NA	NA
LT934125.1	-	2053	123802	123802	0	1	27.285874	0	0	0	123802	123802	123802	NA	NA
LT934125.1	-	2054	124082	124082	0	1	62.932662	0	0	0	124082	124082	124082	NA	NA
LT934125.1	-	2055	124260	124260	0	1	62.932662	0	0	0	124260	124260	124260	NA	NA
LT934125.1	-	2056	124700	124705	0	6	3521.559651	0	0	1	124704	124704	124704	NA	NA
LT934125.1	-	2057	124747	124747	0	1	27.285874	0	0	0	124747	124747	124747	NA	NA
LT934125.1	-	2058	125018	125018	0	1	27.285874	0	0	0	125018	125018	125018	NA	NA
LT934125.1	-	2059	125309	125309	0	1	27.285874	0	0	0	125309	125309	125309	NA	NA
LT934125.1	-	2060	125594	125611	17	2	269.065371	0	0	0	125602	125594	125611	NA	NA
LT934125.1	-	2061	125720	125720	0	1	62.932662	0	0	0	125720	125720	125720	NA	NA
LT934125.1	-	2062	125935	125935	0	1	27.285874	0	0	0	125935	125935	125935	NA	NA
LT934125.1	-	2063	126109	126109	0	2	90.218536	0	0	0	126109	126109	126109	NA	NA
LT934125.1	-	2064	126157	126157	0	1	27.285874	0	0	0	126157	126157	126157	NA	NA
LT934125.1	-	2065	126302	126302	0	1	27.285874	0	0	0	126302	126302	126302	NA	NA
LT934125.1	-	2066	126413	126420	0	1	54.571748	3	3	3	126413	126413	126413	NA	NA
LT934125.1	-	2067	126471	126471	0	1	14.405745	0	0	0	126471	126471	126471	NA	NA
LT934125.1	-	2068	126522	126522	0	1	27.285874	0	0	0	126522	126522	126522	NA	NA
LT934125.1	-	2069	126734	126734	0	1	27.285874	0	0	0	126734	126734	126734	NA	NA
LT934125.1	-	2070	126881	126881	0	1	27.285874	0	0	0	126881	126881	126881	NA	NA
LT934125.1	-	2071	126944	126945	1	2	88.038477	0	0	0	126944	126944	126945	NA	NA
LT934125.1	-	2072	126997	127008	1	6	6305.204618	0	0	1.73539813508941	126998	126998	126999	NA	NA
LT934125.1	-	2073	127062	127092	20	2	6403.930201	2.13221689650914	2.13221689650914	2.27754563585801	127076	127066	127086	NA	NA
LT934125.1	-	2074	127105	127174	17	6	18190.28677	0	0	18.5760799554559	127129	127116	127133	NA	NA
LT934125.1	-	2075	127173	127218	19	5	10896.242244	1.83659166810898	1.83659166810898	13.2920740780868	127187	127174	127193	NA	NA
LT934125.1	-	2076	127239	127257	1	6	29351.313074	0	0	8.52548013407974	127239	127239	127240	NA	NA
LT934125.1	-	2077	127284	127364	3	6	56029.023813	0.721928094922582	0.721928094922582	17.4838711665093	127287	127286	127289	NA	NA
LT934125.1	-	2078	127363	127363	0	1	162.064631	0	0	0	127363	127363	127363	NA	NA
LT934125.1	-	2079	127395	127456	3	4	14121.815865	3.52548961813016	3.52548961813016	11.9629158409085	127402	127401	127404	NA	NA
LT934125.1	-	2080	127399	127432	1	2	4011.013824	0	0	12.9693730952576	127432	127431	127432	NA	NA
LT934125.1	-	2081	127473	127501	3	6	6068.998926	0	0	6.26703847118663	127491	127490	127493	NA	NA
LT934125.1	-	2082	127532	127599	64	6	3782.162223	0	0	15.918990188199	127578	127532	127596	NA	NA
LT934125.1	-	2083	127641	127706	2	5	6409.268278	3.93412705407782	3.93412705407782	14.9053903997332	127642	127641	127643	NA	NA
LT934125.1	-	2084	127692	127707	7	3	674.265895	5.63048002211039	5.63048002211039	7.54577973322379	127695	127692	127699	NA	NA
LT934125.1	-	2085	127738	127774	1	4	2090.295392	0	0	11.4051805627671	127743	127743	127744	NA	NA
LT934125.1	-	2086	127823	127824	1	5	3044.192611	0	0	0	127823	127823	127824	NA	NA
LT934125.1	-	2087	127871	127875	1	6	5400.923328	0	0	2.48134106250313	127873	127873	127874	NA	NA
LT934125.1	-	2088	127963	127964	1	2	302.5321	0	0	0.970950592528949	127964	127963	127964	NA	NA
LT934125.1	-	2089	127992	128016	24	4	789.987862	0	0	0	127998	127992	128016	NA	NA
LT934125.1	-	2090	128166	128166	0	1	27.285874	0	0	0	128166	128166	128166	NA	NA
LT934125.1	-	2091	128231	128242	11	3	619.446086	0	0	0	128235	128231	128242	NA	NA
LT934125.1	-	2092	128285	128285	0	1	27.285874	0	0	0	128285	128285	128285	NA	NA
LT934125.1	-	2093	128328	128328	0	1	62.932662	0	0	0	128328	128328	128328	NA	NA
LT934125.1	-	2094	128461	128461	0	2	595.145045	0	0	0	128461	128461	128461	NA	NA
LT934125.1	-	2095	128532	128537	0	1	125.865324	2.58496250072116	2.58496250072116	2.58496250072116	128532	128532	128532	NA	NA
LT934125.1	-	2096	128564	128564	0	1	24.301041	0	0	0	128564	128564	128564	NA	NA
LT934125.1	-	2097	128620	128624	4	2	51.586915	0	0	0	128622	128620	128624	NA	NA
LT934125.1	-	2098	128673	128690	10	2	117.50441	0	0	3	128678	128673	128683	NA	NA
LT934125.1	-	2099	128729	128737	0	6	180849.555395	0.649375692460892	0.649375692460892	3.17302260726056	128732	128732	128732	NA	NA
LT934125.1	-	2100	128880	128888	6	2	200.154814	0	0	1.92482546882005	128885	128882	128888	NA	NA
LT934125.1	-	2101	128956	128958	0	1	61.224417	1.4845826812512	1.4845826812512	1.4845826812512	128956	128956	128956	NA	NA
LT934125.1	-	2102	129439	129439	0	1	62.932662	0	0	0	129439	129439	129439	NA	NA
LT934125.1	-	2103	129717	129718	1	3	115.42859	0	0	0	129718	129717	129718	NA	NA
LT934125.1	-	2104	130029	130029	0	1	27.285874	0	0	0	130029	130029	130029	NA	NA
LT934125.1	-	2105	130092	130092	0	1	27.285874	0	0	0	130092	130092	130092	NA	NA
LT934125.1	-	2106	130271	130277	1	2	99.864803	0	0	4.09706862941342	130272	130271	130272	NA	NA
LT934125.1	-	2107	130360	130360	0	1	27.285874	0	0	0	130360	130360	130360	NA	NA
LT934125.1	-	2108	130538	130538	0	1	27.285874	0	0	0	130538	130538	130538	NA	NA
LT934125.1	-	2109	130630	130630	0	1	27.285874	0	0	0	130630	130630	130630	NA	NA
LT934125.1	-	2110	130688	130688	0	1	27.285874	0	0	0	130688	130688	130688	NA	NA
LT934125.1	-	2111	130774	130774	0	1	18.007181	0	0	0	130774	130774	130774	NA	NA
LT934125.1	-	2112	130820	130834	13	5	1106.576475	0	0	2.957325854489	130830	130820	130833	NA	NA
LT934125.1	-	2113	130892	130894	0	3	166.398902	0	0	1.45546446154482	130892	130892	130892	NA	NA
LT934125.1	-	2114	130973	130974	1	2	595.145045	0	0	0	130974	130973	130974	NA	NA
LT934125.1	-	2115	131193	131193	0	1	27.285874	0	0	0	131193	131193	131193	NA	NA
LT934125.1	-	2116	131305	131305	0	1	27.285874	0	0	0	131305	131305	131305	NA	NA
LT934125.1	-	2117	131409	131417	0	1	54.571748	3.16992500144231	3.16992500144231	3.16992500144231	131409	131409	131409	NA	NA
LT934125.1	-	2118	131626	131626	0	1	27.285874	0	0	0	131626	131626	131626	NA	NA
LT934125.1	-	2119	131926	131931	5	3	329.0132	0	0	0	131929	131926	131931	NA	NA
LT934125.1	-	2120	132470	132485	15	3	836.924542	0	0	0	132478	132470	132485	NA	NA
LT934125.1	-	2121	132625	132625	0	1	241.779497	0	0	0	132625	132625	132625	NA	NA
LT934125.1	-	2122	132886	132886	0	1	27.285874	0	0	0	132886	132886	132886	NA	NA
LT934125.1	-	2123	132949	132949	0	1	54.571748	0	0	0	132949	132949	132949	NA	NA
LT934125.1	-	2124	132996	132996	0	1	241.779497	0	0	0	132996	132996	132996	NA	NA
LT934125.1	-	2125	133021	133028	3	4	1509.093481	1.83659166539424	1.83659166539424	5.39553429702283	133026	133025	133028	NA	NA
LT934125.1	-	2126	133077	133077	0	1	27.285874	0	0	0	133077	133077	133077	NA	NA
LT934125.1	-	2127	133114	133117	3	2	87.308869	0	0	1.83659165896442	133116	133114	133117	NA	NA
LT934125.1	-	2128	133209	133224	15	2	269.065371	0	0	0	133216	133209	133224	NA	NA
LT934125.1	-	2129	133274	133276	0	2	150.166365	0	0	1.58496250072116	133274	133274	133274	NA	NA
LT934125.1	-	2130	133310	133310	0	1	54.571748	0	0	0	133310	133310	133310	NA	NA
LT934125.1	-	2131	133363	133363	0	1	241.779497	0	0	0	133363	133363	133363	NA	NA
LT934125.1	-	2132	133515	133515	0	1	27.285874	0	0	0	133515	133515	133515	NA	NA
LT934125.1	-	2133	133570	133570	0	1	27.285874	0	0	0	133570	133570	133570	NA	NA
LT934125.1	-	2134	134040	134048	0	1	109.143496	6.33985000288462	6.33985000288462	6.33985000288462	134040	134040	134040	NA	NA
LT934125.1	-	2135	134077	134077	0	1	567.859171	0	0	0	134077	134077	134077	NA	NA
LT934125.1	-	2136	134199	134199	0	1	567.859171	0	0	0	134199	134199	134199	NA	NA
LT934125.1	-	2137	134354	134354	0	1	62.932662	0	0	0	134354	134354	134354	NA	NA
LT934125.1	-	2138	134382	134390	0	1	54.571748	3.16992500144231	3.16992500144231	3.16992500144231	134382	134382	134382	NA	NA
LT934125.1	-	2139	134410	134410	0	2	213.099027	0	0	0	134410	134410	134410	NA	NA
LT934125.1	-	2140	134714	134714	0	1	62.932662	0	0	0	134714	134714	134714	NA	NA
LT934125.1	-	2141	134769	134769	0	1	62.932662	0	0	0	134769	134769	134769	NA	NA
LT934125.1	-	2142	135149	135149	0	1	27.285874	0	0	0	135149	135149	135149	NA	NA
LT934125.1	-	2143	135242	135260	18	2	117.50441	0	0	0	135251	135242	135260	NA	NA
LT934125.1	-	2144	135285	135310	25	3	117.391405	0	0	0	135295	135285	135310	NA	NA
LT934125.1	-	2145	135369	135377	0	1	145.806248	2.57169080984623	2.57169080984623	2.57169080984623	135369	135369	135369	NA	NA
LT934125.1	-	2146	135396	135414	8	3	264.187885	0	0	8.16421123313224	135408	135405	135413	NA	NA
LT934125.1	-	2147	135465	135488	23	2	118.309184	0	0	5.02421225738452	135476	135465	135488	NA	NA
LT934125.1	-	2148	135528	135528	0	1	14.405745	0	0	0	135528	135528	135528	NA	NA
LT934125.1	-	2149	135611	135611	0	1	24.301041	0	0	0	135611	135611	135611	NA	NA
LT934125.1	-	2150	135667	135667	0	1	241.779497	0	0	0	135667	135667	135667	NA	NA
LT934125.1	-	2151	135712	135718	3	3	177.452239	0	0	2.8073549220576	135714	135712	135715	NA	NA
LT934125.1	-	2152	135915	135919	0	1	54.571748	2.32192809488736	2.32192809488736	2.32192809488736	135915	135915	135915	NA	NA
LT934125.1	-	2153	136043	136054	9	4	323.527876	0	0	6.59242802558729	136047	136045	136054	NA	NA
LT934125.1	-	2154	136102	136107	4	2	132.27773	0	0	4.02389920671885	136105	136103	136107	NA	NA
LT934125.1	-	2155	136153	136162	0	1	54.571748	3.32192809488736	3.32192809488736	3.32192809488736	136153	136153	136153	NA	NA
LT934125.1	-	2156	136231	136244	0	6	59045.92898	0	0	1.08712888655369	136235	136235	136235	NA	NA
LT934125.1	-	2157	136283	136299	12	6	2488.29566	0	0	7.57272543178725	136291	136285	136297	NA	NA
LT934125.1	-	2158	136352	136354	0	1	54.571748	1.58496250072116	1.58496250072116	1.58496250072116	136352	136352	136352	NA	NA
LT934125.1	-	2159	136407	136408	1	3	85.346054	0	0	0	136407	136407	136408	NA	NA
LT934125.1	-	2160	136474	136474	0	1	27.285874	0	0	0	136474	136474	136474	NA	NA
LT934125.1	-	2161	136576	136576	0	1	567.859171	0	0	0	136576	136576	136576	NA	NA
LT934125.1	-	2162	137084	137096	12	2	90.218536	0	0	0	137090	137084	137096	NA	NA
LT934125.1	-	2163	137415	137415	0	1	241.779497	0	0	0	137415	137415	137415	NA	NA
LT934125.1	-	2164	137598	137617	19	3	909.808355	0	0	0	137610	137598	137617	NA	NA
LT934125.1	-	2165	137754	137754	0	1	188.797986	0	0	0	137754	137754	137754	NA	NA
LT934125.1	-	2166	137944	137944	0	1	62.932662	0	0	0	137944	137944	137944	NA	NA
LT934125.1	-	2167	138195	138195	0	1	27.285874	0	0	0	138195	138195	138195	NA	NA
LT934125.1	-	2168	138455	138455	0	1	62.932662	0	0	0	138455	138455	138455	NA	NA
LT934125.1	-	2169	138987	138987	0	1	27.285874	0	0	0	138987	138987	138987	NA	NA
LT934125.1	-	2170	139350	139350	0	1	241.779497	0	0	0	139350	139350	139350	NA	NA
LT934125.1	-	2171	139551	139551	0	1	27.285874	0	0	0	139551	139551	139551	NA	NA
LT934125.1	-	2172	139912	139912	0	2	38.706786	0	0	0	139912	139912	139912	NA	NA
LT934125.1	-	2173	141094	141102	0	1	125.865324	3.16992500144231	3.16992500144231	3.16992500144231	141094	141094	141094	NA	NA
LT934125.1	-	2174	141324	141324	0	1	24.301041	0	0	0	141324	141324	141324	NA	NA
LT934125.1	-	2175	141504	141504	0	1	27.285874	0	0	0	141504	141504	141504	NA	NA
LT934125.1	-	2176	141655	141660	5	3	261.828422	0	0	3.23541446250637	141657	141655	141660	NA	NA
LT934125.1	-	2177	141710	141727	17	3	131.255712	0	0	0	141721	141710	141727	NA	NA
LT934125.1	-	2178	141772	141772	0	1	241.779497	0	0	0	141772	141772	141772	NA	NA
LT934125.1	-	2179	141798	141798	0	1	27.285874	0	0	0	141798	141798	141798	NA	NA
LT934125.1	-	2180	141848	141914	50	5	1386.103641	0	0	13.6585833532107	141886	141864	141914	NA	NA
LT934125.1	-	2181	141986	141996	3	5	813.478915	0	0	3.16992500144231	141989	141988	141991	NA	NA
LT934125.1	-	2182	142043	142043	0	1	24.301041	0	0	0	142043	142043	142043	NA	NA
LT934125.1	-	2183	142143	142143	0	1	14.405745	0	0	0	142143	142143	142143	NA	NA
LT934125.1	-	2184	142253	142254	1	2	41.691619	0	0	0	142254	142253	142254	NA	NA
LT934125.1	-	2185	142377	142377	0	1	241.779497	0	0	0	142377	142377	142377	NA	NA
LT934125.1	-	2186	142421	142425	0	2	587.436695	0	0	0.91829583405449	142424	142424	142424	NA	NA
