seqnames	strand	gene	cluster	TC.start	TC.end	TC.width	support	score	mean_shape	min_shape	max_shape	consensus_peak	min_peak	max_peak	hpi_samples	cell_lines	CAGE_TC_significance
LT934125.1	+	TC_1	1	775	775	0	1	62.932662	0	0	0	775	775	775			*
LT934125.1	+	TC_10	10	1469	1469	0	2	90.218536	0	0	0	1469	1469	1469			**
LT934125.1	+	TC_100	100	12166	12172	6	2	1051.418165	0	0	0	12169	12166	12172			**
LT934125.1	+	TC_1000	1000	123942	123942	0	1	62.932662	0	0	0	123942	123942	123942			*
LT934125.1	+	TC_1001	1001	124011	124011	0	1	567.859171	0	0	0	124011	124011	124011			*
LT934125.1	+	TC_1002	1002	124049	124056	7	2	78.872789	0	0	0	124052	124049	124056			*
LT934125.1	+	TC_1003	1003	124195	124203	8	2	90.218536	0	0	0	124199	124195	124203			**
LT934125.1	+	TC_1004	1004	124264	124282	18	3	138.820618	0	0	2.32192809488736	124275	124264	124282			**
LT934125.1	+	TC_1005	1005	124331	124335	2	4	1072.097008	0	0	1.18334555329787	124332	124331	124333			***
LT934125.1	+	TC_1006	1006	124381	124381	0	1	241.779497	0	0	0	124381	124381	124381			*
LT934125.1	+	TC_1007	1007	124404	124412	2	5	2487.334284	0	0	6.18438008025738	124408	124407	124409			***
LT934125.1	+	TC_1008	1008	124455	124455	0	1	125.865324	0	0	0	124455	124455	124455			*
LT934125.1	+	TC_1009	1009	124482	124489	3	5	1070.120879	0	0	1.9500672578537	124488	124486	124489			***
LT934125.1	+	TC_101	101	12204	12211	7	3	174.759816	0	0	3	12209	12204	12211			**
LT934125.1	+	TC_1010	1010	124542	124569	25	5	1328.3811	0	0	1.58496250072116	124560	124542	124567			***
LT934125.1	+	TC_1011	1011	124611	124638	27	4	532.164839	0	0	3.86484415740317	124620	124611	124638			***
LT934125.1	+	TC_1012	1012	124673	124692	19	3	244.979282	0	0	0.811278124459133	124681	124673	124692			**
LT934125.1	+	TC_1013	1013	124751	124756	3	6	28556.590273	0	0	0	124756	124753	124756			***
LT934125.1	+	TC_1014	1014	124823	124841	18	3	175.272181	0	0	2.28762888731282	124830	124823	124841			**
LT934125.1	+	TC_1015	1015	124868	124868	0	1	24.301041	0	0	0	124868	124868	124868			*
LT934125.1	+	TC_1016	1016	124941	124976	35	3	104.624281	0	0	0	124956	124941	124976			**
LT934125.1	+	TC_1017	1017	125099	125107	8	3	69.594096	0	0	0	125104	125099	125107			*
LT934125.1	+	TC_1018	1018	125142	125155	12	6	1504.305877	0	0	0.979868756898242	125151	125142	125154			***
LT934125.1	+	TC_1019	1019	125219	125227	0	6	33987.126398	0.981697552261449	0.981697552261449	2.92929433785436	125225	125225	125225			***
LT934125.1	+	TC_102	102	12373	12373	0	1	27.285874	0	0	0	12373	12373	12373			*
LT934125.1	+	TC_1020	1020	125270	125280	10	2	630.791833	0	0	0	125275	125270	125280			**
LT934125.1	+	TC_1021	1021	125305	125314	1	5	1276.016578	0	0	0.91829583405449	125314	125313	125314			***
LT934125.1	+	TC_1022	1022	125345	125361	16	4	706.67979	0	0	0	125355	125345	125361			***
LT934125.1	+	TC_1023	1023	125413	125413	0	1	54.571748	0	0	0	125413	125413	125413			*
LT934125.1	+	TC_1024	1024	125466	125479	13	2	117.50441	0	0	0	125472	125466	125479			**
LT934125.1	+	TC_1025	1025	125500	125506	0	2	118.309184	0	0	2.57798232963786	125506	125506	125506			**
LT934125.1	+	TC_1026	1026	125640	125641	1	3	1214.591131	0	0	1	125640	125640	125641			***
LT934125.1	+	TC_1027	1027	125707	125707	0	1	483.558994	0	0	0	125707	125707	125707			*
LT934125.1	+	TC_1028	1028	125784	125784	0	1	27.285874	0	0	0	125784	125784	125784			*
LT934125.1	+	TC_1029	1029	125893	125907	3	5	908.913649	0	0	3.22542805846655	125904	125902	125905			***
LT934125.1	+	TC_103	103	12416	12416	0	2	68.977493	0	0	0	12416	12416	12416			*
LT934125.1	+	TC_1030	1030	125955	125957	1	3	324.332651	0	0	0.797645586643391	125957	125956	125957			***
LT934125.1	+	TC_1031	1031	126005	126014	3	2	565.416616	1.58496250072116	1.58496250072116	2.57798232963786	126006	126005	126008			**
LT934125.1	+	TC_1032	1032	126034	126038	4	3	703.694957	0	0	0	126036	126034	126038			***
LT934125.1	+	TC_1033	1033	126081	126086	1	3	172.151324	0	0	2.09712352938225	126085	126085	126086			**
LT934125.1	+	TC_1034	1034	126675	126675	0	1	27.285874	0	0	0	126675	126675	126675			*
LT934125.1	+	TC_1035	1035	126797	126797	0	1	241.779497	0	0	0	126797	126797	126797			*
LT934125.1	+	TC_1036	1036	126906	126906	0	1	60.752603	0	0	0	126906	126906	126906			*
LT934125.1	+	TC_1037	1037	126932	126934	2	3	142.714464	0	0	0	126933	126932	126934			**
LT934125.1	+	TC_1038	1038	126982	126992	3	3	496.483975	0	0	1.82484364154432	126989	126988	126991			***
LT934125.1	+	TC_1039	1039	127045	127051	0	1	188.797986	2.57798232963786	2.57798232963786	2.57798232963786	127051	127051	127051			*
LT934125.1	+	TC_104	104	12447	12447	0	1	24.301041	0	0	0	12447	12447	12447			*
LT934125.1	+	TC_1040	1040	127142	127142	0	1	567.859171	0	0	0	127142	127142	127142			*
LT934125.1	+	TC_1041	1041	127175	127194	2	5	1655.481726	0	0	4.48614513110353	127177	127175	127177			***
LT934125.1	+	TC_1042	1042	127225	127229	4	2	809.638668	0	0	0	127227	127225	127229			**
LT934125.1	+	TC_1043	1043	127245	127274	1	5	3173.529772	0	0	4.5852466762109	127270	127269	127270			***
LT934125.1	+	TC_1044	1044	127839	127856	17	3	331.998033	0	0	0	127850	127839	127856			***
LT934125.1	+	TC_1045	1045	128098	128098	0	1	27.285874	0	0	0	128098	128098	128098			*
LT934125.1	+	TC_1046	1046	128133	128133	0	1	18.007181	0	0	0	128133	128133	128133			*
LT934125.1	+	TC_1047	1047	128191	128191	0	1	24.301041	0	0	0	128191	128191	128191			
LT934125.1	+	TC_1048	1048	128265	128265	0	1	27.285874	0	0	0	128265	128265	128265			
LT934125.1	+	TC_1049	1049	128725	128726	1	2	41.691619	0	0	0	128726	128725	128726			
LT934125.1	+	TC_105	105	12842	12842	0	1	18.007181	0	0	0	12842	12842	12842			*
LT934125.1	+	TC_1050	1050	128933	128933	0	1	21.608618	0	0	0	128933	128933	128933			
LT934125.1	+	TC_1051	1051	129025	129025	0	1	18.007181	0	0	0	129025	129025	129025			
LT934125.1	+	TC_1052	1052	129213	129213	0	1	14.405745	0	0	0	129213	129213	129213			
LT934125.1	+	TC_1053	1053	129291	129291	0	1	18.007181	0	0	0	129291	129291	129291			
LT934125.1	+	TC_1054	1054	129425	129425	0	1	27.285874	0	0	0	129425	129425	129425			
LT934125.1	+	TC_1055	1055	129493	129496	3	2	56.097364	0	0	1	129494	129493	129496			
LT934125.1	+	TC_1056	1056	129573	129586	13	2	84.54128	0	0	0	129580	129573	129586			
LT934125.1	+	TC_1057	1057	129686	129686	0	1	27.285874	0	0	0	129686	129686	129686			
LT934125.1	+	TC_1058	1058	129778	129778	0	1	14.405745	0	0	0	129778	129778	129778			
LT934125.1	+	TC_1059	1059	129941	129941	0	1	21.608618	0	0	0	129941	129941	129941			
LT934125.1	+	TC_106	106	13296	13296	0	1	241.779497	0	0	0	13296	13296	13296			*
LT934125.1	+	TC_1060	1060	130121	130121	0	1	27.285874	0	0	0	130121	130121	130121			
LT934125.1	+	TC_1061	1061	130180	130200	20	2	42.308222	0	0	0	130190	130180	130200			
LT934125.1	+	TC_1062	1062	130326	130326	0	1	27.285874	0	0	0	130326	130326	130326			
LT934125.1	+	TC_1063	1063	130384	130408	24	2	269.065371	0	0	0	130396	130384	130408			
LT934125.1	+	TC_1064	1064	130561	130561	0	3	149.917336	0	0	0	130561	130561	130561			
LT934125.1	+	TC_1065	1065	130610	130614	0	4	482.969172	0	0	2.2544774595405	130614	130614	130614			
LT934125.1	+	TC_1066	1066	130768	130768	0	1	27.285874	0	0	0	130768	130768	130768			
LT934125.1	+	TC_1067	1067	130853	130853	0	1	62.932662	0	0	0	130853	130853	130853			
LT934125.1	+	TC_1068	1068	131174	131174	0	1	567.859171	0	0	0	131174	131174	131174			
LT934125.1	+	TC_1069	1069	131241	131241	0	1	27.285874	0	0	0	131241	131241	131241			
LT934125.1	+	TC_107	107	13326	13326	0	1	62.932662	0	0	0	13326	13326	13326			*
LT934125.1	+	TC_1070	1070	131411	131411	0	1	241.779497	0	0	0	131411	131411	131411			
LT934125.1	+	TC_1071	1071	131672	131672	0	1	62.932662	0	0	0	131672	131672	131672			
LT934125.1	+	TC_1072	1072	131745	131755	10	2	277.79386	0	0	0	131750	131745	131755			
LT934125.1	+	TC_1073	1073	132004	132004	0	2	51.586915	0	0	0	132004	132004	132004			
LT934125.1	+	TC_1074	1074	132055	132055	0	1	241.779497	0	0	0	132055	132055	132055			
LT934125.1	+	TC_1075	1075	132521	132521	0	1	62.932662	0	0	0	132521	132521	132521			
LT934125.1	+	TC_1076	1076	132611	132618	3	5	942.926365	0	0	3.59619048602005	132613	132611	132614			
LT934125.1	+	TC_1077	1077	132712	132712	0	1	62.932662	0	0	0	132712	132712	132712			
LT934125.1	+	TC_1078	1078	132747	132767	20	2	595.145045	0	0	0	132757	132747	132767			
LT934125.1	+	TC_1079	1079	132844	132850	0	2	96.263367	0	0	2.57798232963786	132850	132850	132850			
LT934125.1	+	TC_108	108	13374	13374	0	1	24.301041	0	0	0	13374	13374	13374			*
LT934125.1	+	TC_1080	1080	132885	132885	0	1	24.301041	0	0	0	132885	132885	132885			
LT934125.1	+	TC_1081	1081	132938	132975	37	4	429.202198	0	0	2.57169079692443	132956	132938	132975			
LT934125.1	+	TC_1082	1082	133015	133015	0	1	62.932662	0	0	0	133015	133015	133015			
LT934125.1	+	TC_1083	1083	133055	133055	0	1	27.285874	0	0	0	133055	133055	133055			
LT934125.1	+	TC_1084	1084	133098	133098	0	1	27.285874	0	0	0	133098	133098	133098			
LT934125.1	+	TC_1085	1085	133198	133198	0	1	27.285874	0	0	0	133198	133198	133198			
LT934125.1	+	TC_1086	1086	133367	133367	0	1	27.285874	0	0	0	133367	133367	133367			
LT934125.1	+	TC_1087	1087	133560	133565	5	2	90.218536	0	0	0	133562	133560	133565			
LT934125.1	+	TC_1088	1088	133606	133606	0	1	27.285874	0	0	0	133606	133606	133606			
LT934125.1	+	TC_1089	1089	133684	133684	0	1	27.285874	0	0	0	133684	133684	133684			
LT934125.1	+	TC_109	109	13405	13405	0	1	241.779497	0	0	0	13405	13405	13405			*
LT934125.1	+	TC_1090	1090	133846	133846	0	1	27.285874	0	0	0	133846	133846	133846			
LT934125.1	+	TC_1091	1091	133896	133916	20	2	90.218536	0	0	0	133906	133896	133916			**
LT934125.1	+	TC_1092	1092	133955	133996	41	4	141.075843	0	0	0	133976	133955	133996			**
LT934125.1	+	TC_1093	1093	134081	134084	3	2	41.691619	0	0	0	134082	134081	134084			
LT934125.1	+	TC_1094	1094	134217	134217	0	1	27.285874	0	0	0	134217	134217	134217			
LT934125.1	+	TC_1095	1095	134248	134248	0	1	24.301041	0	0	0	134248	134248	134248			
LT934125.1	+	TC_1096	1096	134340	134343	3	2	51.586915	0	0	0	134342	134340	134343			
LT934125.1	+	TC_1097	1097	134979	135002	23	3	93.895138	0	0	0	134994	134979	135002			**
LT934125.1	+	TC_1098	1098	135172	135172	0	1	27.285874	0	0	0	135172	135172	135172			*
LT934125.1	+	TC_1099	1099	135247	135323	23	4	2318.722656	0	0	20.9662460406519	135264	135247	135270			***
LT934125.1	+	TC_11	11	1501	1501	0	1	48.602083	0	0	0	1501	1501	1501			*
LT934125.1	+	TC_110	110	13593	13598	0	1	28.81149	2.58496250072116	2.58496250072116	2.58496250072116	13593	13593	13593			*
LT934125.1	+	TC_1100	1100	135237	135330	3	4	5463.604825	1.58496250072116	1.58496250072116	19.0754828816116	135310	135309	135312			***
LT934125.1	+	TC_1101	1101	135414	135414	0	1	27.285874	0	0	0	135414	135414	135414			*
LT934125.1	+	TC_1102	1102	135552	135552	0	1	62.932662	0	0	0	135552	135552	135552			*
LT934125.1	+	TC_1103	1103	135671	135673	0	2	97.788983	0	0	1.55305523046967	135673	135673	135673			**
LT934125.1	+	TC_1104	1104	135773	135773	0	1	62.932662	0	0	0	135773	135773	135773			*
LT934125.1	+	TC_1105	1105	135856	135856	0	1	62.932662	0	0	0	135856	135856	135856			*
LT934125.1	+	TC_1106	1106	135883	135883	0	3	109.030491	0	0	0	135883	135883	135883			**
LT934125.1	+	TC_1107	1107	135986	135986	0	1	62.932662	0	0	0	135986	135986	135986			*
LT934125.1	+	TC_1108	1108	136067	136087	20	3	658.077707	0	0	0	136074	136067	136087			***
LT934125.1	+	TC_1109	1109	136153	136161	0	6	10238.850526	0	0	1.08712888603634	136158	136158	136158			***
LT934125.1	+	TC_111	111	13858	13858	0	1	36.451562	0	0	0	13858	13858	13858			*
LT934125.1	+	TC_1110	1110	136203	136227	24	2	63.737436	0	0	0	136215	136203	136227			*
LT934125.1	+	TC_1111	1111	136255	136256	1	2	256.185242	0	0	0	136256	136255	136256			**
LT934125.1	+	TC_1112	1112	136335	136351	10	6	12367.046274	0	0	3.1549024322832	136346	136338	136348			***
LT934125.1	+	TC_1113	1113	136429	136433	4	2	52.495928	0	0	0	136431	136429	136433			*
LT934125.1	+	TC_1114	1114	136508	136508	0	1	27.285874	0	0	0	136508	136508	136508			*
LT934125.1	+	TC_1115	1115	136618	136618	0	1	62.932662	0	0	0	136618	136618	136618			*
LT934125.1	+	TC_1116	1116	136650	136668	18	2	87.233703	0	0	0	136659	136650	136668			**
LT934125.1	+	TC_1117	1117	136711	136711	0	1	27.285874	0	0	0	136711	136711	136711			*
LT934125.1	+	TC_1118	1118	136749	136749	0	1	62.932662	0	0	0	136749	136749	136749			*
LT934125.1	+	TC_1119	1119	136780	136780	0	1	27.285874	0	0	0	136780	136780	136780			*
LT934125.1	+	TC_112	112	13979	13979	0	1	24.301041	0	0	0	13979	13979	13979			*
LT934125.1	+	TC_1120	1120	137012	137015	3	2	90.218536	0	0	0	137014	137012	137015			**
LT934125.1	+	TC_1121	1121	137111	137116	5	2	90.218536	0	0	0	137114	137111	137116			**
LT934125.1	+	TC_1122	1122	137167	137186	19	3	169.091325	0	0	0	137180	137167	137186			**
LT934125.1	+	TC_1123	1123	137251	137252	1	2	50.857307	0	0	0	137252	137251	137252			*
LT934125.1	+	TC_1124	1124	137281	137281	0	1	27.285874	0	0	0	137281	137281	137281			*
LT934125.1	+	TC_1125	1125	137488	137488	0	1	27.285874	0	0	0	137488	137488	137488			*
LT934125.1	+	TC_1126	1126	137655	137655	0	1	24.301041	0	0	0	137655	137655	137655			*
LT934125.1	+	TC_1127	1127	137770	137770	0	1	27.285874	0	0	0	137770	137770	137770			*
LT934125.1	+	TC_1128	1128	137936	137936	0	1	62.932662	0	0	0	137936	137936	137936			*
LT934125.1	+	TC_1129	1129	138021	138040	19	2	90.218536	0	0	0	138030	138021	138040			**
LT934125.1	+	TC_113	113	14043	14051	3	6	53570.601716	0	0	3.22518718243005	14047	14045	14048			***
LT934125.1	+	TC_1130	1130	138076	138076	0	1	241.779497	0	0	0	138076	138076	138076			*
LT934125.1	+	TC_1131	1131	138637	138637	0	1	24.301041	0	0	0	138637	138637	138637			*
LT934125.1	+	TC_1132	1132	139175	139175	0	1	27.285874	0	0	0	139175	139175	139175			*
LT934125.1	+	TC_1133	1133	139450	139450	0	1	62.932662	0	0	0	139450	139450	139450			*
LT934125.1	+	TC_1134	1134	139799	139799	0	1	27.285874	0	0	0	139799	139799	139799			*
LT934125.1	+	TC_1135	1135	139843	139843	0	1	62.932662	0	0	0	139843	139843	139843			*
LT934125.1	+	TC_1136	1136	139979	139982	3	3	101.639448	0	0	0	139981	139979	139982			**
LT934125.1	+	TC_1137	1137	140316	140316	0	1	62.932662	0	0	0	140316	140316	140316			*
LT934125.1	+	TC_1138	1138	140967	140967	0	1	27.285874	0	0	0	140967	140967	140967			*
LT934125.1	+	TC_1139	1139	141034	141091	57	5	1754.433372	0	0	10.8882814601761	141064	141034	141091			***
LT934125.1	+	TC_114	114	14137	14139	0	3	698.611285	0	0	2.37744375108173	14138	14138	14138			***
LT934125.1	+	TC_1140	1140	141260	141260	0	1	27.285874	0	0	0	141260	141260	141260			*
LT934125.1	+	TC_1141	1141	141340	141340	0	1	14.405745	0	0	0	141340	141340	141340			*
LT934125.1	+	TC_1142	1142	141490	141498	7	3	146.3159	0	0	3.16992500144231	141494	141490	141497			**
LT934125.1	+	TC_1143	1143	141543	141545	2	2	117.50441	0	0	0	141544	141543	141545			**
LT934125.1	+	TC_1144	1144	141612	141612	0	1	27.285874	0	0	0	141612	141612	141612			*
LT934125.1	+	TC_1145	1145	141678	141678	0	1	18.007181	0	0	0	141678	141678	141678			*
LT934125.1	+	TC_1146	1146	141720	141720	0	1	62.932662	0	0	0	141720	141720	141720			*
LT934125.1	+	TC_1147	1147	141747	141747	0	1	27.285874	0	0	0	141747	141747	141747			*
LT934125.1	+	TC_1148	1148	141824	141824	0	1	21.608618	0	0	0	141824	141824	141824			*
LT934125.1	+	TC_1149	1149	141935	141938	0	3	295.396164	1.88536638146119	1.88536638146119	2	141935	141935	141935			**
LT934125.1	+	TC_115	115	14175	14176	0	1	125.865324	1	1	1	14175	14175	14175			*
LT934125.1	+	TC_1150	1150	142268	142268	0	1	24.301041	0	0	0	142268	142268	142268			
LT934125.1	+	TC_1151	1151	142310	142310	0	1	27.285874	0	0	0	142310	142310	142310			
LT934125.1	+	TC_1152	1152	142393	142393	0	1	27.285874	0	0	0	142393	142393	142393			*
LT934125.1	+	TC_1153	1153	142477	142480	0	1	108.043087	1.30004483613312	1.30004483613312	1.30004483613312	142477	142477	142477			*
LT934125.1	+	TC_1154	1154	142518	142520	0	1	39.615799	1.49883611827611	1.49883611827611	1.49883611827611	142518	142518	142518			
LT934125.1	+	TC_1155	1155	142608	142608	0	1	14.405745	0	0	0	142608	142608	142608			
LT934125.1	+	TC_1156	1156	142765	142765	0	1	27.285874	0	0	0	142765	142765	142765			
LT934125.1	+	TC_116	116	14207	14207	0	1	27.285874	0	0	0	14207	14207	14207			*
LT934125.1	+	TC_117	117	14267	14267	0	1	62.932662	0	0	0	14267	14267	14267			*
LT934125.1	+	TC_118	118	14294	14294	0	1	18.007181	0	0	0	14294	14294	14294			*
LT934125.1	+	TC_119	119	14338	14338	0	1	27.285874	0	0	0	14338	14338	14338			*
LT934125.1	+	TC_12	12	1597	1604	1	6	4814.66339	0	0	3.53380760191737	1600	1599	1600			***
LT934125.1	+	TC_120	120	14398	14400	2	2	51.586915	0	0	0	14399	14398	14400			*
LT934125.1	+	TC_121	121	14468	14468	0	1	27.285874	0	0	0	14468	14468	14468			*
LT934125.1	+	TC_122	122	14537	14563	26	4	307.772157	0	0	0	14552	14537	14563			***
LT934125.1	+	TC_123	123	14603	14606	3	4	252.361558	0	0	0	14605	14603	14606			**
LT934125.1	+	TC_124	124	14654	14684	20	2	144.790284	0	0	5.48306938934921	14664	14654	14674			**
LT934125.1	+	TC_125	125	14741	14741	0	1	27.285874	0	0	0	14741	14741	14741			*
LT934125.1	+	TC_126	126	14821	14822	1	4	234.354377	0	0	0	14822	14821	14822			**
LT934125.1	+	TC_127	127	14861	14861	0	1	18.007181	0	0	0	14861	14861	14861			*
LT934125.1	+	TC_128	128	14935	14956	21	4	322.610098	0	0	3.16992500144231	14945	14935	14956			***
LT934125.1	+	TC_129	129	15028	15054	26	3	293.366412	0	0	0	15044	15028	15054			**
LT934125.1	+	TC_13	13	1666	1666	0	1	54.571748	0	0	0	1666	1666	1666			*
LT934125.1	+	TC_130	130	15085	15109	17	3	171.158379	0	0	3	15095	15085	15102			**
LT934125.1	+	TC_131	131	15172	15187	15	5	588.991811	0	0	8.7886388936966	15178	15172	15187			***
LT934125.1	+	TC_132	132	15251	15286	35	3	104.624281	0	0	0	15269	15251	15286			**
LT934125.1	+	TC_133	133	15321	15366	25	4	1181.076859	0	0	8.25740278004968	15340	15321	15346			***
LT934125.1	+	TC_134	134	15374	15380	3	2	85.962657	0	0	2.72580292501089	15378	15377	15380			**
LT934125.1	+	TC_135	135	15427	15445	18	2	87.233703	0	0	0	15436	15427	15445			**
LT934125.1	+	TC_136	136	15513	15550	37	5	1533.666192	0	0	3.32192809488736	15531	15513	15550			***
LT934125.1	+	TC_137	137	15588	15599	3	5	3250.324944	0	0	6.1197869044989	15598	15596	15599			***
LT934125.1	+	TC_138	138	15639	15649	9	3	403.372315	0	0	4.99059314004692	15645	15639	15648			***
LT934125.1	+	TC_139	139	15694	15697	1	4	625.081341	0	0	1.97285345238086	15696	15696	15697			***
LT934125.1	+	TC_14	14	1712	1729	16	5	1338.822437	0	0	7.99293903385576	1717	1712	1728			***
LT934125.1	+	TC_140	140	15752	15810	58	6	1186.27031	0	0	5.7456568095503	15777	15752	15810			***
LT934125.1	+	TC_141	141	15846	15857	11	2	99.384224	0	0	0	15852	15846	15857			**
LT934125.1	+	TC_142	142	15952	15982	30	3	359.283907	0	0	0	15965	15952	15982			***
LT934125.1	+	TC_143	143	16604	16604	0	1	241.779497	0	0	0	16604	16604	16604			*
LT934125.1	+	TC_144	144	16632	16632	0	1	567.859171	0	0	0	16632	16632	16632			*
LT934125.1	+	TC_145	145	16657	16657	0	1	62.932662	0	0	0	16657	16657	16657			*
LT934125.1	+	TC_146	146	16734	16734	0	1	27.285874	0	0	0	16734	16734	16734			
LT934125.1	+	TC_147	147	16950	16950	0	1	27.285874	0	0	0	16950	16950	16950			*
LT934125.1	+	TC_148	148	17395	17398	3	2	153.151198	0	0	0	17396	17395	17398			**
LT934125.1	+	TC_149	149	18476	18476	0	1	27.285874	0	0	0	18476	18476	18476			
LT934125.1	+	TC_15	15	1830	1871	41	4	969.779259	0	0	1.56154964916481	1852	1830	1871			***
LT934125.1	+	TC_150	150	18710	18710	0	1	241.779497	0	0	0	18710	18710	18710			
LT934125.1	+	TC_151	151	18908	18908	0	1	567.859171	0	0	0	18908	18908	18908			
LT934125.1	+	TC_152	152	19294	19294	0	1	54.571748	0	0	0	19294	19294	19294			
LT934125.1	+	TC_153	153	19488	19488	0	1	27.285874	0	0	0	19488	19488	19488			
LT934125.1	+	TC_154	154	20379	20382	0	2	225.249548	0	0	3.16992500144231	20379	20379	20379			
LT934125.1	+	TC_155	155	21148	21148	0	1	24.301041	0	0	0	21148	21148	21148			
LT934125.1	+	TC_156	156	21320	21320	0	1	62.932662	0	0	0	21320	21320	21320			
LT934125.1	+	TC_157	157	21348	21348	0	1	27.285874	0	0	0	21348	21348	21348			
LT934125.1	+	TC_158	158	21491	21491	0	1	27.285874	0	0	0	21491	21491	21491			
LT934125.1	+	TC_159	159	21639	21639	0	1	241.779497	0	0	0	21639	21639	21639			
LT934125.1	+	TC_16	16	1911	1914	3	3	655.092874	0	0	0	1912	1911	1914			***
LT934125.1	+	TC_160	160	22830	22830	0	1	241.779497	0	0	0	22830	22830	22830			
LT934125.1	+	TC_161	161	23169	23169	0	1	36.451562	0	0	0	23169	23169	23169			
LT934125.1	+	TC_162	162	23722	23723	0	2	72.578929	0	0	1	23722	23722	23722			*
LT934125.1	+	TC_163	163	24434	24434	0	1	27.285874	0	0	0	24434	24434	24434			*
LT934125.1	+	TC_164	164	24821	24821	0	1	62.932662	0	0	0	24821	24821	24821			
LT934125.1	+	TC_165	165	25047	25047	0	1	27.285874	0	0	0	25047	25047	25047			
LT934125.1	+	TC_166	166	25107	25107	0	1	27.285874	0	0	0	25107	25107	25107			*
LT934125.1	+	TC_167	167	25166	25166	0	1	27.285874	0	0	0	25166	25166	25166			*
LT934125.1	+	TC_168	168	25369	25369	0	1	14.405745	0	0	0	25369	25369	25369			*
LT934125.1	+	TC_169	169	25418	25422	3	5	4080.667661	1	1	3.65730282610403	25420	25419	25422			***
LT934125.1	+	TC_17	17	2014	2017	3	2	304.712159	0	0	0	2016	2014	2017			**
LT934125.1	+	TC_170	170	25593	25593	0	1	62.932662	0	0	0	25593	25593	25593			*
LT934125.1	+	TC_171	171	25827	25827	0	1	62.932662	0	0	0	25827	25827	25827			*
LT934125.1	+	TC_172	172	25887	25887	0	1	62.932662	0	0	0	25887	25887	25887			
LT934125.1	+	TC_173	173	25990	25990	0	1	62.932662	0	0	0	25990	25990	25990			*
LT934125.1	+	TC_174	174	26034	26034	0	1	62.932662	0	0	0	26034	26034	26034			*
LT934125.1	+	TC_175	175	26173	26173	0	1	27.285874	0	0	0	26173	26173	26173			*
LT934125.1	+	TC_176	176	26364	26387	23	3	331.998033	0	0	0	26375	26364	26387			***
LT934125.1	+	TC_177	177	26556	26556	0	1	483.558994	0	0	0	26556	26556	26556			*
LT934125.1	+	TC_178	178	26729	26735	0	1	54.571748	2.8073549220576	2.8073549220576	2.8073549220576	26729	26729	26729			*
LT934125.1	+	TC_179	179	26927	26927	0	1	54.571748	0	0	0	26927	26927	26927			*
LT934125.1	+	TC_18	18	2069	2069	0	1	27.285874	0	0	0	2069	2069	2069			*
LT934125.1	+	TC_180	180	26984	27008	24	2	269.065371	0	0	0	26996	26984	27008			**
LT934125.1	+	TC_181	181	27041	27041	0	1	62.932662	0	0	0	27041	27041	27041			*
LT934125.1	+	TC_182	182	27096	27096	0	1	27.285874	0	0	0	27096	27096	27096			*
LT934125.1	+	TC_183	183	27177	27194	17	2	117.50441	0	0	0	27186	27177	27194			**
LT934125.1	+	TC_184	184	27311	27311	0	1	241.779497	0	0	0	27311	27311	27311			*
LT934125.1	+	TC_185	185	27519	27524	0	1	54.571748	2.58496250072116	2.58496250072116	2.58496250072116	27519	27519	27519			*
LT934125.1	+	TC_186	186	27612	27622	10	2	90.218536	0	0	0	27617	27612	27622			**
LT934125.1	+	TC_187	187	27825	27861	36	4	199.060857	0	0	2	27839	27825	27861			**
LT934125.1	+	TC_188	188	28074	28088	14	2	90.218536	0	0	0	28081	28074	28088			**
LT934125.1	+	TC_189	189	28173	28173	0	1	241.779497	0	0	0	28173	28173	28173			*
LT934125.1	+	TC_19	19	2142	2142	0	1	60.752603	0	0	0	2142	2142	2142			*
LT934125.1	+	TC_190	190	28258	28258	0	1	27.285874	0	0	0	28258	28258	28258			*
LT934125.1	+	TC_191	191	28323	28323	0	1	27.285874	0	0	0	28323	28323	28323			*
LT934125.1	+	TC_192	192	28383	28383	0	1	567.859171	0	0	0	28383	28383	28383			*
LT934125.1	+	TC_193	193	28470	28475	0	1	54.571748	2.58496250072116	2.58496250072116	2.58496250072116	28470	28470	28470			*
LT934125.1	+	TC_194	194	28516	28516	0	1	54.571748	0	0	0	28516	28516	28516			*
LT934125.1	+	TC_195	195	28549	28549	0	1	24.301041	0	0	0	28549	28549	28549			*
LT934125.1	+	TC_196	196	28625	28627	2	2	50.857307	0	0	0	28626	28625	28627			*
LT934125.1	+	TC_197	197	28808	28808	0	1	24.301041	0	0	0	28808	28808	28808			*
LT934125.1	+	TC_198	198	29096	29100	4	2	752.624365	0	0	1.45546446154482	29098	29096	29100			**
LT934125.1	+	TC_199	199	29184	29184	0	1	27.285874	0	0	0	29184	29184	29184			*
LT934125.1	+	TC_2	2	949	949	0	1	241.779497	0	0	0	949	949	949			*
LT934125.1	+	TC_20	20	2168	2168	0	2	147.473942	0	0	0	2168	2168	2168			**
LT934125.1	+	TC_200	200	29307	29311	0	2	323.637119	0	0	2.13221689650914	29311	29311	29311			**
LT934125.1	+	TC_201	201	29410	29410	0	1	27.285874	0	0	0	29410	29410	29410			*
LT934125.1	+	TC_202	202	29464	29465	0	2	63.300237	0	0	0.970950591206173	29465	29465	29465			*
LT934125.1	+	TC_203	203	29906	29906	0	1	567.859171	0	0	0	29906	29906	29906			*
LT934125.1	+	TC_204	204	30233	30249	6	4	2302.463604	2.58496250072116	2.58496250072116	3.07503159875195	30236	30234	30240			***
LT934125.1	+	TC_205	205	30269	30275	0	1	125.865324	2.8073549220576	2.8073549220576	2.8073549220576	30269	30269	30269			*
LT934125.1	+	TC_206	206	30299	30299	0	1	27.285874	0	0	0	30299	30299	30299			*
LT934125.1	+	TC_207	207	30439	30439	0	1	27.285874	0	0	0	30439	30439	30439			*
LT934125.1	+	TC_208	208	30511	30511	0	1	54.571748	0	0	0	30511	30511	30511			*
LT934125.1	+	TC_209	209	30594	30594	0	1	27.285874	0	0	0	30594	30594	30594			*
LT934125.1	+	TC_21	21	2223	2223	0	1	21.608618	0	0	0	2223	2223	2223			
LT934125.1	+	TC_210	210	30701	30738	37	4	410.870822	0	0	5.02421225738452	30714	30701	30738			***
LT934125.1	+	TC_211	211	30777	30777	0	1	27.285874	0	0	0	30777	30777	30777			*
LT934125.1	+	TC_212	212	30842	30844	0	1	54.571748	1.58496250072116	1.58496250072116	1.58496250072116	30842	30842	30842			*
LT934125.1	+	TC_213	213	30925	30949	24	2	90.218536	0	0	0	30937	30925	30949			**
LT934125.1	+	TC_214	214	30987	30987	0	1	567.859171	0	0	0	30987	30987	30987			*
LT934125.1	+	TC_215	215	31089	31098	0	6	71695.866303	0.689147893975141	0.689147893975141	1.8798488165891	31098	31098	31098			***
LT934125.1	+	TC_216	216	31146	31167	19	5	886.942998	0	0	3.5438558770067	31153	31148	31167			***
LT934125.1	+	TC_217	217	31229	31231	2	2	228.413785	0	0	0	31230	31229	31231			**
LT934125.1	+	TC_218	218	31270	31272	2	6	10148.895056	0.803715925386238	0.803715925386238	2.46724250782464	31271	31270	31272			***
LT934125.1	+	TC_219	219	31329	31330	0	1	251.730648	0.811278124459133	0.811278124459133	0.811278124459133	31330	31330	31330			*
LT934125.1	+	TC_22	22	2277	2286	9	2	88.142716	0	0	0	2282	2277	2286			
LT934125.1	+	TC_220	220	31357	31382	24	3	587.025234	0	0	2.13221689650914	31372	31357	31381			***
LT934125.1	+	TC_221	221	31455	31458	1	6	2182.718839	0	0	0.650022421648354	31457	31456	31457			***
LT934125.1	+	TC_222	222	31543	31562	19	3	287.689156	0	0	0	31555	31543	31562			**
LT934125.1	+	TC_223	223	31596	31605	1	4	1975.279615	0	0	1.66382187014038	31605	31604	31605			***
LT934125.1	+	TC_224	224	31639	31639	0	1	241.779497	0	0	0	31639	31639	31639			*
LT934125.1	+	TC_225	225	31703	31703	0	1	27.285874	0	0	0	31703	31703	31703			*
LT934125.1	+	TC_226	226	31769	31790	21	5	617.86416	0	0	4.74270983404608	31775	31769	31790			***
LT934125.1	+	TC_227	227	31853	31872	13	6	1420.384425	0	0	1.72624113269261	31864	31859	31872			***
LT934125.1	+	TC_228	228	31931	31949	9	4	5172.41006	4.45408915948655	4.45408915948655	5.38908560185303	31935	31932	31941			***
LT934125.1	+	TC_229	229	32007	32040	4	6	285532.616687	1.54186154101714	1.54186154101714	2.97326512028641	32037	32034	32038			***
LT934125.1	+	TC_23	23	2370	2370	0	1	62.932662	0	0	0	2370	2370	2370			
LT934125.1	+	TC_230	230	32091	32118	27	4	1064.592174	0	0	11.4993406637147	32100	32091	32118			***
LT934125.1	+	TC_231	231	32145	32164	18	4	238.685422	0	0	0.811278124459133	32159	32146	32164			**
LT934125.1	+	TC_232	232	32213	32213	0	1	241.779497	0	0	0	32213	32213	32213			*
LT934125.1	+	TC_233	233	32733	32733	0	1	62.932662	0	0	0	32733	32733	32733			
LT934125.1	+	TC_234	234	34143	34145	1	2	160.136828	0	0	1	34144	34143	34144			**
LT934125.1	+	TC_235	235	34176	34176	0	1	27.285874	0	0	0	34176	34176	34176			*
LT934125.1	+	TC_236	236	34347	34347	0	1	27.285874	0	0	0	34347	34347	34347			*
LT934125.1	+	TC_237	237	34531	34531	0	1	62.932662	0	0	0	34531	34531	34531			
LT934125.1	+	TC_238	238	34726	34726	0	1	24.301041	0	0	0	34726	34726	34726			
LT934125.1	+	TC_239	239	34780	34794	14	2	51.586915	0	0	0	34787	34780	34794			
LT934125.1	+	TC_24	24	2473	2506	33	4	160.429237	0	0	0	2489	2473	2506			**
LT934125.1	+	TC_240	240	34887	34887	0	1	27.285874	0	0	0	34887	34887	34887			
LT934125.1	+	TC_241	241	34942	34942	0	1	27.285874	0	0	0	34942	34942	34942			
LT934125.1	+	TC_242	242	40811	40811	0	1	62.932662	0	0	0	40811	40811	40811			
LT934125.1	+	TC_243	243	40984	41018	34	3	573.77753	0	0	0	41000	40984	41018			
LT934125.1	+	TC_244	244	41430	41432	2	2	90.218536	0	0	0	41431	41430	41432			
LT934125.1	+	TC_245	245	41683	41714	25	4	153.226363	0	0	3.16992500144231	41701	41683	41708			**
LT934125.1	+	TC_246	246	42009	42015	6	2	90.218536	0	0	0	42012	42009	42015			**
LT934125.1	+	TC_247	247	42220	42220	0	1	27.285874	0	0	0	42220	42220	42220			*
LT934125.1	+	TC_248	248	42676	42676	0	1	62.932662	0	0	0	42676	42676	42676			*
LT934125.1	+	TC_249	249	43629	43629	0	1	241.779497	0	0	0	43629	43629	43629			*
LT934125.1	+	TC_25	25	2546	2586	40	5	897.672141	0	0	1.58496250072116	2571	2546	2586			***
LT934125.1	+	TC_250	250	44031	44031	0	1	27.285874	0	0	0	44031	44031	44031			*
LT934125.1	+	TC_251	251	44731	44731	0	1	27.285874	0	0	0	44731	44731	44731			*
LT934125.1	+	TC_252	252	44806	44812	3	6	38737.454713	0	0	1.20902958747541	44812	44809	44812			***
LT934125.1	+	TC_253	253	44882	44882	0	1	54.571748	0	0	0	44882	44882	44882			*
LT934125.1	+	TC_254	254	44946	44970	24	3	119.030026	0	0	0	44954	44946	44970			**
LT934125.1	+	TC_255	255	45038	45038	0	1	62.932662	0	0	0	45038	45038	45038			*
LT934125.1	+	TC_256	256	45064	45069	1	3	180.587403	0	0	2.467176109424	45064	45064	45065			**
LT934125.1	+	TC_257	257	45104	45110	6	2	112.339519	0	0	2.76588505508838	45107	45104	45110			**
LT934125.1	+	TC_258	258	45140	45140	0	1	62.932662	0	0	0	45140	45140	45140			*
LT934125.1	+	TC_259	259	45204	45204	0	1	27.285874	0	0	0	45204	45204	45204			*
LT934125.1	+	TC_26	26	2753	2753	0	1	241.779497	0	0	0	2753	2753	2753			*
LT934125.1	+	TC_260	260	45285	45306	21	3	149.917336	0	0	0	45299	45285	45306			**
LT934125.1	+	TC_261	261	45333	45333	0	1	62.932662	0	0	0	45333	45333	45333			*
LT934125.1	+	TC_262	262	45373	45373	0	1	62.932662	0	0	0	45373	45373	45373			*
LT934125.1	+	TC_263	263	45503	45503	0	1	241.779497	0	0	0	45503	45503	45503			*
LT934125.1	+	TC_264	264	45596	45608	0	1	81.857622	5.8650581894328	5.8650581894328	5.8650581894328	45596	45596	45596			*
LT934125.1	+	TC_265	265	45630	45650	20	3	331.998033	0	0	0	45637	45630	45650			***
LT934125.1	+	TC_266	266	45702	45748	46	4	900.661978	0	0	0	45725	45702	45748			***
LT934125.1	+	TC_267	267	45822	45866	39	3	129.730096	0	0	5.33231801796324	45841	45822	45861			**
LT934125.1	+	TC_268	268	45956	45969	13	3	299.839677	0	0	0	45961	45956	45969			**
LT934125.1	+	TC_269	269	46017	46029	3	6	10537.450681	0.811278124459133	0.811278124459133	7.92311923548737	46023	46021	46024			***
LT934125.1	+	TC_27	27	2851	2851	0	1	27.285874	0	0	0	2851	2851	2851			*
LT934125.1	+	TC_270	270	46086	46106	20	2	63.007828	0	0	0	46096	46086	46106			*
LT934125.1	+	TC_271	271	46151	46171	20	3	101.098011	0	0	0	46164	46151	46171			**
LT934125.1	+	TC_272	272	46227	46235	1	6	22853.904508	0	0	0	46235	46234	46235			***
LT934125.1	+	TC_273	273	46331	46333	2	2	99.384224	0	0	0	46332	46331	46333			**
LT934125.1	+	TC_274	274	46407	46421	14	2	304.712159	0	0	0	46414	46407	46421			**
LT934125.1	+	TC_275	275	46451	46453	0	1	81.857622	1.45546446154482	1.45546446154482	1.45546446154482	46453	46453	46453			*
LT934125.1	+	TC_276	276	46489	46492	0	4	409.953043	0	0	2	46489	46489	46489			***
LT934125.1	+	TC_277	277	46529	46529	0	1	27.285874	0	0	0	46529	46529	46529			*
LT934125.1	+	TC_278	278	46655	46655	0	1	62.932662	0	0	0	46655	46655	46655			*
LT934125.1	+	TC_279	279	46677	46682	0	1	136.42937	2.50987087671823	2.50987087671823	2.50987087671823	46682	46682	46682			*
LT934125.1	+	TC_28	28	2969	2978	9	2	304.712159	0	0	0	2974	2969	2978			
LT934125.1	+	TC_280	280	46710	46710	0	1	24.301041	0	0	0	46710	46710	46710			*
LT934125.1	+	TC_281	281	46754	46754	0	1	241.779497	0	0	0	46754	46754	46754			*
LT934125.1	+	TC_282	282	46781	46782	1	2	595.145045	0	0	0	46782	46781	46782			**
LT934125.1	+	TC_283	283	46863	46871	8	2	90.218536	0	0	0	46867	46863	46871			**
LT934125.1	+	TC_284	284	46913	46913	0	1	24.301041	0	0	0	46913	46913	46913			*
LT934125.1	+	TC_285	285	46978	46978	0	1	27.285874	0	0	0	46978	46978	46978			*
LT934125.1	+	TC_286	286	47011	47039	28	3	114.519577	0	0	0	47026	47011	47039			**
LT934125.1	+	TC_287	287	47140	47140	0	1	27.285874	0	0	0	47140	47140	47140			*
LT934125.1	+	TC_288	288	47192	47192	0	1	27.285874	0	0	0	47192	47192	47192			*
LT934125.1	+	TC_289	289	47310	47320	10	6	2543.621847	0	0	6.9188632372746	47315	47310	47320			***
LT934125.1	+	TC_29	29	3645	3657	6	4	3955.480944	0	0	1.41282476276888	3652	3651	3657			***
LT934125.1	+	TC_290	290	47364	47364	0	1	62.932662	0	0	0	47364	47364	47364			*
LT934125.1	+	TC_291	291	47562	47568	6	2	90.218536	0	0	0	47565	47562	47568			**
LT934125.1	+	TC_292	292	47642	47648	0	2	100.188997	0	0	4.44955227767627	47642	47642	47642			**
LT934125.1	+	TC_293	293	47683	47683	0	1	62.932662	0	0	0	47683	47683	47683			*
LT934125.1	+	TC_294	294	47735	47735	0	2	604.310733	0	0	0	47735	47735	47735			**
LT934125.1	+	TC_295	295	47799	47825	26	3	114.519577	0	0	0	47809	47799	47825			**
LT934125.1	+	TC_296	296	47877	47898	20	3	721.010369	0	0	3.16992500144231	47888	47877	47897			***
LT934125.1	+	TC_297	297	47963	47964	1	2	304.712159	0	0	0	47964	47963	47964			**
LT934125.1	+	TC_298	298	48012	48012	0	1	27.285874	0	0	0	48012	48012	48012			*
LT934125.1	+	TC_299	299	48039	48066	27	3	204.738113	0	0	0	48049	48039	48066			**
LT934125.1	+	TC_3	3	985	990	3	6	23498.565689	0	0	1.49319665010434	990	987	990			***
LT934125.1	+	TC_30	30	3871	3871	0	1	191.001119	0	0	0	3871	3871	3871			*
LT934125.1	+	TC_300	300	48104	48104	0	1	125.865324	0	0	0	48104	48104	48104			*
LT934125.1	+	TC_301	301	48172	48174	0	1	109.143496	2.37744375108173	2.37744375108173	2.37744375108173	48173	48173	48173			*
LT934125.1	+	TC_302	302	48209	48225	16	3	643.747127	0	0	1	48219	48209	48225			***
LT934125.1	+	TC_303	303	48259	48294	28	5	1516.860735	0	0	2.28845791722707	48276	48266	48294			***
LT934125.1	+	TC_304	304	48332	48362	21	4	1339.600375	0	0	6.37189127016538	48350	48341	48362			***
LT934125.1	+	TC_305	305	48407	48412	5	2	45.293055	0	0	0	48410	48407	48412			*
LT934125.1	+	TC_306	306	48491	48494	2	6	2092.676478	0	0	0	48494	48492	48494			***
LT934125.1	+	TC_307	307	48554	48570	4	6	139579.392918	0.569190343712484	0.569190343712484	2.60079374799436	48566	48563	48567			***
LT934125.1	+	TC_308	308	48612	48620	5	3	572.406007	0	0	6.52628562427759	48615	48612	48617			***
LT934125.1	+	TC_309	309	48686	48692	0	1	136.42937	5.39553429702283	5.39553429702283	5.39553429702283	48686	48686	48686			*
LT934125.1	+	TC_31	31	3966	3967	1	2	87.233703	0	0	0	3966	3966	3967			**
LT934125.1	+	TC_310	310	48711	48716	4	2	1377.497839	0	0	2.58496250072116	48713	48711	48715			**
LT934125.1	+	TC_311	311	48739	48804	34	5	2808.863206	0	0	11.2983409901484	48767	48750	48784			***
LT934125.1	+	TC_312	312	48857	48857	0	1	36.451562	0	0	0	48857	48857	48857			*
LT934125.1	+	TC_313	313	48878	48929	39	4	1489.582387	0	0	15.8718186800431	48908	48887	48926			***
LT934125.1	+	TC_314	314	48989	49025	30	4	3815.782698	0	0	9.45540828977818	49009	48995	49025			***
LT934125.1	+	TC_315	315	49059	49082	23	2	556.442807	0	0	2.28845791722707	49070	49059	49082			**
LT934125.1	+	TC_316	316	49112	49132	2	4	1315.518049	0	0	6.13437701541646	49115	49114	49116			***
LT934125.1	+	TC_317	317	49175	49224	49	6	1954.607015	0	0	8.94530042025592	49203	49175	49224			***
LT934125.1	+	TC_318	318	49261	49272	0	1	245.572866	6.28341854958326	6.28341854958326	6.28341854958326	49265	49265	49265			*
LT934125.1	+	TC_319	319	49328	49333	5	4	407.885989	0	0	2	49331	49328	49333			***
LT934125.1	+	TC_32	32	4480	4480	0	2	71.119712	0	0	0	4480	4480	4480			*
LT934125.1	+	TC_320	320	49373	49373	0	1	125.865324	0	0	0	49373	49373	49373			*
LT934125.1	+	TC_321	321	49400	49400	0	1	567.859171	0	0	0	49400	49400	49400			*
LT934125.1	+	TC_322	322	49501	49506	5	3	332.212985	0	0	3	49504	49501	49506			***
LT934125.1	+	TC_323	323	49574	49580	6	3	159.196029	0	0	3.16992500144231	49578	49574	49580			**
LT934125.1	+	TC_324	324	49660	49681	21	2	51.586915	0	0	0	49670	49660	49681			*
LT934125.1	+	TC_325	325	49738	49760	22	2	38.706786	0	0	0	49749	49738	49760			*
LT934125.1	+	TC_326	326	49806	49806	0	1	27.285874	0	0	0	49806	49806	49806			*
LT934125.1	+	TC_327	327	49835	49848	13	2	41.691619	0	0	0	49842	49835	49848			*
LT934125.1	+	TC_328	328	49959	49959	0	1	21.608618	0	0	0	49959	49959	49959			*
LT934125.1	+	TC_329	329	50142	50164	22	4	506.465439	0	0	1.58496250072116	50154	50142	50164			***
LT934125.1	+	TC_33	33	4557	4557	0	1	27.285874	0	0	0	4557	4557	4557			
LT934125.1	+	TC_330	330	50197	50197	0	1	24.301041	0	0	0	50197	50197	50197			*
LT934125.1	+	TC_331	331	50365	50365	0	1	27.285874	0	0	0	50365	50365	50365			*
LT934125.1	+	TC_332	332	50425	50425	0	1	27.285874	0	0	0	50425	50425	50425			*
LT934125.1	+	TC_333	333	50551	50551	0	1	27.285874	0	0	0	50551	50551	50551			*
LT934125.1	+	TC_334	334	50629	50629	0	1	27.285874	0	0	0	50629	50629	50629			*
LT934125.1	+	TC_335	335	50809	50809	0	1	27.285874	0	0	0	50809	50809	50809			*
LT934125.1	+	TC_336	336	50877	50877	0	1	27.285874	0	0	0	50877	50877	50877			*
LT934125.1	+	TC_337	337	50946	50946	0	1	27.285874	0	0	0	50946	50946	50946			*
LT934125.1	+	TC_338	338	51147	51152	1	4	466.055948	0	0	3.10583352845419	51148	51147	51148			***
LT934125.1	+	TC_339	339	51230	51239	0	6	68419.426177	1.28584540495919	1.28584540495919	1.73501407332352	51235	51235	51235			***
LT934125.1	+	TC_34	34	4630	4635	5	4	350.220166	0	0	2	4632	4630	4635			***
LT934125.1	+	TC_340	340	51289	51307	18	4	494.314919	0	0	2.13221689650914	51300	51289	51307			***
LT934125.1	+	TC_341	341	51394	51394	0	1	27.285874	0	0	0	51394	51394	51394			*
LT934125.1	+	TC_342	342	51464	51471	0	1	54.571748	3	3	3	51464	51464	51464			*
LT934125.1	+	TC_343	343	51525	51537	12	2	153.151198	0	0	0	51531	51525	51537			**
LT934125.1	+	TC_344	344	51586	51600	11	3	601.063404	0	0	2	51590	51586	51597			***
LT934125.1	+	TC_345	345	51680	51690	1	4	462.750147	0	0	4.55419929642149	51681	51680	51681			***
LT934125.1	+	TC_346	346	51738	51759	21	4	627.078232	0	0	2.37376029559931	51744	51738	51759			***
LT934125.1	+	TC_347	347	51813	51813	0	2	90.218536	0	0	0	51813	51813	51813			**
LT934125.1	+	TC_348	348	51892	51905	11	3	413.855655	0	0	7.61470984411521	51898	51892	51903			***
LT934125.1	+	TC_349	349	51985	51990	1	3	459.516286	0	0	1.68028357847865	51990	51989	51990			***
LT934125.1	+	TC_35	35	4949	4978	29	3	876.3647	0	0	0	4965	4949	4978			***
LT934125.1	+	TC_350	350	52029	52053	18	6	2430.504872	0	0	2.54987610347827	52042	52029	52047			***
LT934125.1	+	TC_351	351	52091	52125	22	6	2328.531085	0	0	5.83659166810898	52113	52097	52119			***
LT934125.1	+	TC_352	352	52169	52172	3	3	842.051594	0	0	0	52171	52169	52172			***
LT934125.1	+	TC_353	353	52214	52214	0	1	62.932662	0	0	0	52214	52214	52214			*
LT934125.1	+	TC_354	354	52280	52280	0	1	241.779497	0	0	0	52280	52280	52280			*
LT934125.1	+	TC_355	355	52302	52317	1	2	309.310303	0	0	3.27683865527975	52316	52316	52317			**
LT934125.1	+	TC_356	356	52380	52390	2	4	309.009127	0	0	4.15782209552609	52381	52380	52382			***
LT934125.1	+	TC_357	357	52434	52461	0	6	25485.451385	0	0	6.20186141299189	52460	52460	52460			***
LT934125.1	+	TC_358	358	52551	52566	12	4	990.07574	0	0	2.32192809488736	52560	52551	52563			***
LT934125.1	+	TC_359	359	52652	52652	0	1	27.285874	0	0	0	52652	52652	52652			*
LT934125.1	+	TC_36	36	5107	5107	0	1	27.285874	0	0	0	5107	5107	5107			*
LT934125.1	+	TC_360	360	52684	52684	0	1	36.451562	0	0	0	52684	52684	52684			*
LT934125.1	+	TC_361	361	52716	52728	0	1	251.730648	5.55065957721164	5.55065957721164	5.55065957721164	52716	52716	52716			*
LT934125.1	+	TC_362	362	52741	52745	0	1	81.857622	3.68016895976738	3.68016895976738	3.68016895976738	52741	52741	52741			*
LT934125.1	+	TC_363	363	52842	52842	0	2	87.233703	0	0	0	52842	52842	52842			**
LT934125.1	+	TC_364	364	52882	52892	0	2	243.369734	0	0	5.48306938934921	52882	52882	52882			**
LT934125.1	+	TC_365	365	52923	52923	0	1	27.285874	0	0	0	52923	52923	52923			*
LT934125.1	+	TC_366	366	52956	52957	1	2	150.166365	0	0	0	52956	52956	52957			**
LT934125.1	+	TC_367	367	53004	53004	0	2	144.790284	0	0	0	53004	53004	53004			**
LT934125.1	+	TC_368	368	53085	53091	0	2	78.872789	0	0	2.8073549220576	53085	53085	53085			*
LT934125.1	+	TC_369	369	53119	53119	0	1	62.932662	0	0	0	53119	53119	53119			*
LT934125.1	+	TC_37	37	6452	6455	0	1	54.571748	2	2	2	6452	6452	6452			*
LT934125.1	+	TC_370	370	53213	53216	0	1	81.857622	3.16992500144231	3.16992500144231	3.16992500144231	53213	53213	53213			*
LT934125.1	+	TC_371	371	53303	53319	16	2	117.50441	0	0	0	53311	53303	53319			**
LT934125.1	+	TC_372	372	53352	53352	0	1	62.932662	0	0	0	53352	53352	53352			*
LT934125.1	+	TC_373	373	53431	53431	0	1	125.865324	0	0	0	53431	53431	53431			*
LT934125.1	+	TC_374	374	53485	53496	11	2	51.586915	0	0	0	53490	53485	53496			*
LT934125.1	+	TC_375	375	53536	53543	7	2	87.233703	0	0	0	53540	53536	53543			**
LT934125.1	+	TC_376	376	53635	53652	0	6	39830.489408	0	0	3.86484415740317	53648	53648	53648			***
LT934125.1	+	TC_377	377	53723	53723	0	1	27.285874	0	0	0	53723	53723	53723			*
LT934125.1	+	TC_378	378	53767	53790	23	2	63.737436	0	0	0	53778	53767	53790			*
LT934125.1	+	TC_379	379	53843	53847	4	2	51.586915	0	0	0	53845	53843	53847			*
LT934125.1	+	TC_38	38	6680	6680	0	1	27.285874	0	0	0	6680	6680	6680			*
LT934125.1	+	TC_380	380	53902	53931	29	6	1090.632313	0	0	1.28584540492312	53922	53902	53931			***
LT934125.1	+	TC_381	381	53956	53956	0	1	62.932662	0	0	0	53956	53956	53956			*
LT934125.1	+	TC_382	382	53990	54006	6	4	815.56549	0	0	5.18914742795595	54002	54000	54006			***
LT934125.1	+	TC_383	383	54036	54042	1	2	248.768889	0	0	4.09634608687654	54042	54041	54042			**
LT934125.1	+	TC_384	384	54075	54091	16	3	681.211941	0	0	0	54081	54075	54091			***
LT934125.1	+	TC_385	385	54122	54122	0	1	27.285874	0	0	0	54122	54122	54122			*
LT934125.1	+	TC_386	386	54168	54168	0	2	78.872789	0	0	0	54168	54168	54168			*
LT934125.1	+	TC_387	387	54251	54252	1	2	51.586915	0	0	0	54252	54251	54252			*
LT934125.1	+	TC_388	388	54282	54307	25	4	168.361717	0	0	0	54293	54282	54307			**
LT934125.1	+	TC_389	389	54342	54360	18	2	595.145045	0	0	0	54351	54342	54360			**
LT934125.1	+	TC_39	39	6731	6731	0	1	62.932662	0	0	0	6731	6731	6731			*
LT934125.1	+	TC_390	390	54392	54399	7	2	90.218536	0	0	0	54396	54392	54399			**
LT934125.1	+	TC_391	391	54442	54442	0	1	567.859171	0	0	0	54442	54442	54442			*
LT934125.1	+	TC_392	392	54469	54475	6	3	451.111991	0	0	2.57798231680186	54472	54469	54475			***
LT934125.1	+	TC_393	393	54553	54570	17	2	90.218536	0	0	0	54562	54553	54570			**
LT934125.1	+	TC_394	394	54612	54646	20	3	187.286677	0	0	5.35615398451885	54633	54626	54646			**
LT934125.1	+	TC_395	395	54671	54676	0	1	81.857622	2.37376029559931	2.37376029559931	2.37376029559931	54676	54676	54676			*
LT934125.1	+	TC_396	396	54733	54745	12	4	206.631304	0	0	0.918295839196471	54742	54733	54745			**
LT934125.1	+	TC_397	397	54782	54792	0	1	97.204165	5.18914741016128	5.18914741016128	5.18914741016128	54782	54782	54782			*
LT934125.1	+	TC_398	398	54834	54834	0	1	24.301041	0	0	0	54834	54834	54834			*
LT934125.1	+	TC_399	399	54864	54868	0	1	109.143496	1.88372946994919	1.88372946994919	1.88372946994919	54868	54868	54868			*
LT934125.1	+	TC_4	4	1033	1035	0	1	109.143496	1.28584540492312	1.28584540492312	1.28584540492312	1035	1035	1035			*
LT934125.1	+	TC_40	40	6887	6887	0	1	62.932662	0	0	0	6887	6887	6887			*
LT934125.1	+	TC_400	400	54927	54940	13	4	732.987026	0	0	5.02421225738452	54936	54927	54940			***
LT934125.1	+	TC_401	401	55038	55038	0	1	27.285874	0	0	0	55038	55038	55038			*
LT934125.1	+	TC_402	402	55097	55097	0	1	27.285874	0	0	0	55097	55097	55097			*
LT934125.1	+	TC_403	403	55187	55187	0	1	27.285874	0	0	0	55187	55187	55187			*
LT934125.1	+	TC_404	404	55324	55324	0	1	27.285874	0	0	0	55324	55324	55324			*
LT934125.1	+	TC_405	405	55458	55458	0	1	54.571748	0	0	0	55458	55458	55458			*
LT934125.1	+	TC_406	406	55593	55615	22	3	331.998033	0	0	0	55600	55593	55615			***
LT934125.1	+	TC_407	407	55722	55725	2	3	235.813594	0	0	3.04385618977472	55723	55722	55724			**
LT934125.1	+	TC_408	408	55786	55786	0	1	241.779497	0	0	0	55786	55786	55786			*
LT934125.1	+	TC_409	409	55839	55839	0	2	262.294695	0	0	0	55839	55839	55839			**
LT934125.1	+	TC_41	41	7097	7097	0	1	62.932662	0	0	0	7097	7097	7097			*
LT934125.1	+	TC_410	410	55900	55900	0	4	886.977075	0	0	0	55900	55900	55900			***
LT934125.1	+	TC_411	411	55941	55941	0	2	130.459705	0	0	0	55941	55941	55941			**
LT934125.1	+	TC_412	412	56324	56327	3	2	237.400069	0	0	0	56326	56324	56327			**
LT934125.1	+	TC_413	413	56632	56632	0	1	27.285874	0	0	0	56632	56632	56632			
LT934125.1	+	TC_414	414	56681	56681	0	1	27.285874	0	0	0	56681	56681	56681			*
LT934125.1	+	TC_415	415	56729	56729	0	1	567.859171	0	0	0	56729	56729	56729			*
LT934125.1	+	TC_416	416	56763	56763	0	1	27.285874	0	0	0	56763	56763	56763			*
LT934125.1	+	TC_417	417	56903	56903	0	1	241.779497	0	0	0	56903	56903	56903			
LT934125.1	+	TC_418	418	57001	57023	22	2	63.737436	0	0	0	57012	57001	57023			*
LT934125.1	+	TC_419	419	57331	57331	0	1	62.932662	0	0	0	57331	57331	57331			*
LT934125.1	+	TC_42	42	7272	7281	0	1	125.865324	3.32192809488736	3.32192809488736	3.32192809488736	7272	7272	7272			*
LT934125.1	+	TC_420	420	57761	57761	0	2	87.233703	0	0	0	57761	57761	57761			**
LT934125.1	+	TC_421	421	58135	58135	0	1	27.285874	0	0	0	58135	58135	58135			*
LT934125.1	+	TC_422	422	58463	58468	0	1	483.558994	2.58496250072116	2.58496250072116	2.58496250072116	58463	58463	58463			*
LT934125.1	+	TC_423	423	58498	58498	0	1	62.932662	0	0	0	58498	58498	58498			*
LT934125.1	+	TC_424	424	58622	58625	3	4	169.887333	0	0	0	58624	58622	58625			**
LT934125.1	+	TC_425	425	58807	58831	24	2	90.218536	0	0	0	58819	58807	58831			**
LT934125.1	+	TC_426	426	58863	58863	0	1	27.285874	0	0	0	58863	58863	58863			*
LT934125.1	+	TC_427	427	58955	58955	0	1	27.285874	0	0	0	58955	58955	58955			*
LT934125.1	+	TC_428	428	59057	59070	0	6	32085.911969	0	0	1.18161782453067	59068	59068	59068			***
LT934125.1	+	TC_429	429	59153	59153	0	1	125.865324	0	0	0	59153	59153	59153			*
LT934125.1	+	TC_43	43	7441	7441	0	1	27.285874	0	0	0	7441	7441	7441			*
LT934125.1	+	TC_430	430	59186	59186	0	1	241.779497	0	0	0	59186	59186	59186			*
LT934125.1	+	TC_431	431	59219	59219	0	1	27.285874	0	0	0	59219	59219	59219			*
LT934125.1	+	TC_432	432	59258	59273	13	3	347.93816	0	0	5.8650581894328	59263	59258	59271			***
LT934125.1	+	TC_433	433	59322	59351	29	4	350.005214	0	0	0	59334	59322	59351			***
LT934125.1	+	TC_434	434	59398	59421	23	2	90.218536	0	0	0	59410	59398	59421			**
LT934125.1	+	TC_435	435	59471	59471	0	1	27.285874	0	0	0	59471	59471	59471			*
LT934125.1	+	TC_436	436	59546	59546	0	1	241.779497	0	0	0	59546	59546	59546			*
LT934125.1	+	TC_437	437	59594	59594	0	1	54.571748	0	0	0	59594	59594	59594			*
LT934125.1	+	TC_438	438	59639	59640	1	2	630.791833	0	0	0	59640	59639	59640			**
LT934125.1	+	TC_439	439	59666	59666	0	1	54.571748	0	0	0	59666	59666	59666			*
LT934125.1	+	TC_44	44	7585	7591	0	5	9331.639306	1.69070187381633	1.69070187381633	3.70905995304893	7591	7591	7591			***
LT934125.1	+	TC_440	440	59731	59793	62	6	1748.41845	0	0	12.1361478596864	59779	59731	59793			***
LT934125.1	+	TC_441	441	59901	59901	0	1	62.932662	0	0	0	59901	59901	59901			*
LT934125.1	+	TC_442	442	60086	60113	27	3	141.805451	0	0	0	60103	60086	60113			**
LT934125.1	+	TC_443	443	60232	60239	3	5	7924.933019	3.06098611351497	3.06098611351497	4.77835227447023	60233	60232	60235			***
LT934125.1	+	TC_444	444	60285	60285	0	1	241.779497	0	0	0	60285	60285	60285			*
LT934125.1	+	TC_445	445	60375	60377	1	3	275.24999	0	0	0.650022419284567	60376	60375	60376			**
LT934125.1	+	TC_446	446	60452	60452	0	1	27.285874	0	0	0	60452	60452	60452			*
LT934125.1	+	TC_447	447	60478	60478	0	1	62.932662	0	0	0	60478	60478	60478			*
LT934125.1	+	TC_448	448	60559	60559	0	1	24.301041	0	0	0	60559	60559	60559			*
LT934125.1	+	TC_449	449	60656	60673	17	2	90.218536	0	0	0	60664	60656	60673			**
LT934125.1	+	TC_45	45	7698	7698	0	1	62.932662	0	0	0	7698	7698	7698			*
LT934125.1	+	TC_450	450	60750	60778	28	3	240.384901	0	0	0	60761	60750	60778			**
LT934125.1	+	TC_451	451	60819	60819	0	1	62.932662	0	0	0	60819	60819	60819			*
LT934125.1	+	TC_452	452	60868	60868	0	1	27.285874	0	0	0	60868	60868	60868			*
LT934125.1	+	TC_453	453	60926	60926	0	1	62.932662	0	0	0	60926	60926	60926			*
LT934125.1	+	TC_454	454	60953	60953	0	1	27.285874	0	0	0	60953	60953	60953			*
LT934125.1	+	TC_455	455	61002	61003	0	1	125.865324	1	1	1	61002	61002	61002			*
LT934125.1	+	TC_456	456	61039	61039	0	1	27.285874	0	0	0	61039	61039	61039			*
LT934125.1	+	TC_457	457	61076	61078	2	3	159.262428	0	0	0	61077	61076	61078			**
LT934125.1	+	TC_458	458	61165	61165	0	1	27.285874	0	0	0	61165	61165	61165			*
LT934125.1	+	TC_459	459	61358	61358	0	1	54.571748	0	0	0	61358	61358	61358			*
LT934125.1	+	TC_46	46	7752	7752	0	1	62.932662	0	0	0	7752	7752	7752			*
LT934125.1	+	TC_460	460	61436	61436	0	1	27.285874	0	0	0	61436	61436	61436			*
LT934125.1	+	TC_461	461	61503	61530	27	3	114.519577	0	0	0	61516	61503	61530			**
LT934125.1	+	TC_462	462	61625	61628	3	2	90.218536	0	0	0	61626	61625	61628			**
LT934125.1	+	TC_463	463	61700	61705	5	2	90.218536	0	0	0	61702	61700	61705			**
LT934125.1	+	TC_464	464	61750	61750	0	1	54.571748	0	0	0	61750	61750	61750			*
LT934125.1	+	TC_465	465	61797	61800	3	2	150.166365	0	0	0	61798	61797	61800			**
LT934125.1	+	TC_466	466	61835	61835	0	1	54.571748	0	0	0	61835	61835	61835			*
LT934125.1	+	TC_467	467	61889	61889	0	1	24.301041	0	0	0	61889	61889	61889			*
LT934125.1	+	TC_468	468	61926	61939	7	4	970.369079	0	0	4.55419929642149	61930	61926	61933			***
LT934125.1	+	TC_469	469	61994	61994	0	1	54.571748	0	0	0	61994	61994	61994			*
LT934125.1	+	TC_47	47	7808	7811	0	3	175.932164	0	0	1.83659166810898	7811	7811	7811			**
LT934125.1	+	TC_470	470	62265	62281	16	2	41.691619	0	0	0	62273	62265	62281			*
LT934125.1	+	TC_471	471	62325	62325	0	1	21.608618	0	0	0	62325	62325	62325			*
LT934125.1	+	TC_472	472	62354	62354	0	1	567.859171	0	0	0	62354	62354	62354			*
LT934125.1	+	TC_473	473	62653	62653	0	1	27.285874	0	0	0	62653	62653	62653			
LT934125.1	+	TC_474	474	62710	62721	11	2	51.586915	0	0	0	62716	62710	62721			*
LT934125.1	+	TC_475	475	62793	62797	4	2	510.844868	0	0	0	62795	62793	62797			**
LT934125.1	+	TC_476	476	62952	62952	0	1	27.285874	0	0	0	62952	62952	62952			*
LT934125.1	+	TC_477	477	62977	62977	0	1	14.405745	0	0	0	62977	62977	62977			*
LT934125.1	+	TC_478	478	63061	63061	0	1	14.405745	0	0	0	63061	63061	63061			*
LT934125.1	+	TC_479	479	63174	63174	0	1	27.285874	0	0	0	63174	63174	63174			*
LT934125.1	+	TC_48	48	7851	7863	12	2	90.218536	0	0	0	7857	7851	7863			**
LT934125.1	+	TC_480	480	63303	63303	0	1	27.285874	0	0	0	63303	63303	63303			*
LT934125.1	+	TC_481	481	63431	63431	0	1	241.779497	0	0	0	63431	63431	63431			
LT934125.1	+	TC_482	482	63731	63731	0	1	62.932662	0	0	0	63731	63731	63731			
LT934125.1	+	TC_483	483	63940	63940	0	1	27.285874	0	0	0	63940	63940	63940			*
LT934125.1	+	TC_484	484	64053	64053	0	1	27.285874	0	0	0	64053	64053	64053			*
LT934125.1	+	TC_485	485	64240	64240	0	1	62.932662	0	0	0	64240	64240	64240			*
LT934125.1	+	TC_486	486	64723	64723	0	1	62.932662	0	0	0	64723	64723	64723			
LT934125.1	+	TC_487	487	64786	64786	0	1	241.779497	0	0	0	64786	64786	64786			
LT934125.1	+	TC_488	488	64909	64909	0	1	24.301041	0	0	0	64909	64909	64909			
LT934125.1	+	TC_489	489	64979	64988	0	2	88.038477	0	0	3.22542805206945	64979	64979	64979			**
LT934125.1	+	TC_49	49	8238	8239	1	2	87.233703	0	0	0	8238	8238	8239			**
LT934125.1	+	TC_490	490	65042	65042	0	1	62.932662	0	0	0	65042	65042	65042			*
LT934125.1	+	TC_491	491	65241	65241	0	1	27.285874	0	0	0	65241	65241	65241			*
LT934125.1	+	TC_492	492	65491	65491	0	1	27.285874	0	0	0	65491	65491	65491			
LT934125.1	+	TC_493	493	65649	65649	0	1	24.301041	0	0	0	65649	65649	65649			*
LT934125.1	+	TC_494	494	65737	65737	0	1	27.285874	0	0	0	65737	65737	65737			*
LT934125.1	+	TC_495	495	65802	65809	2	6	7122.257872	0	0	3.38803654314193	65806	65805	65807			***
LT934125.1	+	TC_496	496	66098	66098	0	1	27.285874	0	0	0	66098	66098	66098			*
LT934125.1	+	TC_497	497	66209	66209	0	1	97.204165	0	0	0	66209	66209	66209			*
LT934125.1	+	TC_498	498	66237	66237	0	1	62.932662	0	0	0	66237	66237	66237			*
LT934125.1	+	TC_499	499	66268	66285	17	2	595.145045	0	0	0	66276	66268	66285			**
LT934125.1	+	TC_5	5	1108	1108	0	1	62.932662	0	0	0	1108	1108	1108			*
LT934125.1	+	TC_50	50	8531	8531	0	1	24.301041	0	0	0	8531	8531	8531			*
LT934125.1	+	TC_500	500	66330	66338	0	6	136431.887615	0	0	0	66338	66338	66338			***
LT934125.1	+	TC_501	501	66426	66430	2	5	425.276567	0	0	1.83659166810898	66427	66426	66428			***
LT934125.1	+	TC_502	502	66477	66477	0	2	90.218536	0	0	0	66477	66477	66477			**
LT934125.1	+	TC_503	503	66524	66531	0	1	54.571748	3	3	3	66524	66524	66524			*
LT934125.1	+	TC_504	504	66571	66571	0	1	54.571748	0	0	0	66571	66571	66571			*
LT934125.1	+	TC_505	505	66634	66642	0	1	109.143496	4.75488750216347	4.75488750216347	4.75488750216347	66642	66642	66642			*
LT934125.1	+	TC_506	506	66682	66682	0	2	111.534745	0	0	0	66682	66682	66682			**
LT934125.1	+	TC_507	507	66733	66733	0	1	24.301041	0	0	0	66733	66733	66733			*
LT934125.1	+	TC_508	508	66798	66801	3	3	198.444253	0	0	2	66800	66798	66801			**
LT934125.1	+	TC_509	509	66922	66941	19	2	90.218536	0	0	0	66932	66922	66941			**
LT934125.1	+	TC_51	51	8605	8605	0	1	62.932662	0	0	0	8605	8605	8605			*
LT934125.1	+	TC_510	510	66982	66982	0	1	27.285874	0	0	0	66982	66982	66982			*
LT934125.1	+	TC_511	511	67017	67017	0	1	62.932662	0	0	0	67017	67017	67017			*
LT934125.1	+	TC_512	512	67042	67047	5	2	266.080538	0	0	0	67044	67042	67047			**
LT934125.1	+	TC_513	513	67100	67100	0	1	27.285874	0	0	0	67100	67100	67100			*
LT934125.1	+	TC_514	514	67168	67187	19	3	721.010369	0	0	1.58496250072116	67175	67168	67187			***
LT934125.1	+	TC_515	515	67219	67226	7	2	304.712159	0	0	0	67222	67219	67226			**
LT934125.1	+	TC_516	516	67281	67281	0	1	27.285874	0	0	0	67281	67281	67281			*
LT934125.1	+	TC_517	517	67326	67326	0	1	27.285874	0	0	0	67326	67326	67326			*
LT934125.1	+	TC_518	518	67358	67374	15	3	131.910155	0	0	1.58496250072116	67368	67358	67373			**
LT934125.1	+	TC_519	519	67444	67444	0	1	27.285874	0	0	0	67444	67444	67444			*
LT934125.1	+	TC_52	52	8705	8705	0	1	241.779497	0	0	0	8705	8705	8705			*
LT934125.1	+	TC_520	520	67511	67530	19	2	78.872789	0	0	0	67520	67511	67530			*
LT934125.1	+	TC_521	521	67593	67613	20	2	592.160212	0	0	0	67603	67593	67613			**
LT934125.1	+	TC_522	522	67739	67739	0	1	125.865324	0	0	0	67739	67739	67739			*
LT934125.1	+	TC_523	523	67781	67797	16	2	269.065371	0	0	0	67789	67781	67797			**
LT934125.1	+	TC_524	524	67857	67866	9	2	78.872789	0	0	2	67862	67857	67866			*
LT934125.1	+	TC_525	525	67893	67905	12	2	304.712159	0	0	0	67899	67893	67905			**
LT934125.1	+	TC_526	526	67952	67975	8	5	733.857261	0	0	7.03004992721401	67963	67960	67968			***
LT934125.1	+	TC_527	527	68028	68028	0	1	48.602083	0	0	0	68028	68028	68028			*
LT934125.1	+	TC_528	528	68062	68062	0	1	54.571748	0	0	0	68062	68062	68062			*
LT934125.1	+	TC_529	529	68157	68169	5	2	199.362032	0	0	2.16578428466209	68160	68157	68162			**
LT934125.1	+	TC_53	53	8735	8735	0	1	24.301041	0	0	0	8735	8735	8735			*
LT934125.1	+	TC_530	530	68235	68235	0	1	27.285874	0	0	0	68235	68235	68235			*
LT934125.1	+	TC_531	531	68267	68293	26	6	1035.985399	0	0	0	68280	68267	68293			***
LT934125.1	+	TC_532	532	68367	68378	11	3	196.377199	0	0	6.64385618977472	68374	68367	68378			**
LT934125.1	+	TC_533	533	68460	68460	0	2	68.977493	0	0	0	68460	68460	68460			*
LT934125.1	+	TC_534	534	68486	68511	25	3	117.391405	0	0	0	68502	68486	68511			**
LT934125.1	+	TC_535	535	68557	68563	3	4	376.636645	0	0	2.69853230727551	68559	68557	68560			***
LT934125.1	+	TC_536	536	68588	68606	18	2	90.218536	0	0	0	68597	68588	68606			**
LT934125.1	+	TC_537	537	68643	68665	22	2	90.218536	0	0	0	68654	68643	68665			**
LT934125.1	+	TC_538	538	68692	68705	13	2	616.461254	0	0	0	68698	68692	68705			**
LT934125.1	+	TC_539	539	68785	68787	0	1	81.857622	1.45546446154482	1.45546446154482	1.45546446154482	68787	68787	68787			*
LT934125.1	+	TC_54	54	8805	8805	0	1	62.932662	0	0	0	8805	8805	8805			*
LT934125.1	+	TC_540	540	68839	68856	17	3	141.805451	0	0	0	68850	68839	68856			**
LT934125.1	+	TC_541	541	68946	68946	0	1	27.285874	0	0	0	68946	68946	68946			*
LT934125.1	+	TC_542	542	69002	69007	5	2	269.065371	0	0	0	69004	69002	69007			**
LT934125.1	+	TC_543	543	69095	69095	0	1	18.007181	0	0	0	69095	69095	69095			*
LT934125.1	+	TC_544	544	69158	69164	0	2	325.227356	1.45546446154482	1.45546446154482	3.18324870196683	69162	69162	69162			**
LT934125.1	+	TC_545	545	69247	69247	0	1	27.285874	0	0	0	69247	69247	69247			*
LT934125.1	+	TC_546	546	69289	69290	1	3	646.73196	0	0	0	69290	69289	69290			***
LT934125.1	+	TC_547	547	69418	69433	15	3	658.077707	0	0	0	69423	69418	69433			***
LT934125.1	+	TC_548	548	69460	69466	0	1	54.571748	2.8073549220576	2.8073549220576	2.8073549220576	69460	69460	69460			*
LT934125.1	+	TC_549	549	69516	69516	0	2	51.586915	0	0	0	69516	69516	69516			*
LT934125.1	+	TC_55	55	8902	8904	2	4	356.299074	0	0	0	8903	8902	8904			***
LT934125.1	+	TC_550	550	69569	69569	0	1	27.285874	0	0	0	69569	69569	69569			*
LT934125.1	+	TC_551	551	69606	69613	0	2	144.790284	0	0	2.75488750216347	69613	69613	69613			**
LT934125.1	+	TC_552	552	69666	69666	0	2	90.218536	0	0	0	69666	69666	69666			**
LT934125.1	+	TC_553	553	69736	69736	0	1	567.859171	0	0	0	69736	69736	69736			*
LT934125.1	+	TC_554	554	69762	69768	0	4	880.8847	0	0	2	69765	69765	69765			***
LT934125.1	+	TC_555	555	69852	69852	0	1	62.932662	0	0	0	69852	69852	69852			*
LT934125.1	+	TC_556	556	69946	69950	3	3	213.767777	0	0	3.84385618977473	69948	69946	69949			**
LT934125.1	+	TC_557	557	70087	70090	3	6	4102.08846	0	0	1.8365916651707	70090	70087	70090			***
LT934125.1	+	TC_558	558	70135	70144	0	5	1632.957235	0	0	4.15782209552609	70135	70135	70135			***
LT934125.1	+	TC_559	559	70186	70186	0	1	567.859171	0	0	0	70186	70186	70186			*
LT934125.1	+	TC_56	56	9017	9020	3	2	75.887957	0	0	0	9018	9017	9020			*
LT934125.1	+	TC_560	560	70233	70233	0	1	27.285874	0	0	0	70233	70233	70233			*
LT934125.1	+	TC_561	561	70324	70324	0	1	27.285874	0	0	0	70324	70324	70324			*
LT934125.1	+	TC_562	562	70452	70452	0	1	27.285874	0	0	0	70452	70452	70452			*
LT934125.1	+	TC_563	563	70525	70534	3	6	66142.025299	0.96241273546727	0.96241273546727	3.8987194452751	70530	70528	70531			***
LT934125.1	+	TC_564	564	70642	70642	0	1	27.285874	0	0	0	70642	70642	70642			*
LT934125.1	+	TC_565	565	70671	70675	2	2	111.534744	0	0	2.32192809488736	70672	70671	70673			**
LT934125.1	+	TC_566	566	70706	70706	0	1	54.571748	0	0	0	70706	70706	70706			*
LT934125.1	+	TC_567	567	70752	70773	21	2	87.233703	0	0	0	70762	70752	70773			**
LT934125.1	+	TC_568	568	70806	70806	0	1	27.285874	0	0	0	70806	70806	70806			*
LT934125.1	+	TC_569	569	70889	70889	0	2	90.218536	0	0	0	70889	70889	70889			**
LT934125.1	+	TC_57	57	9052	9052	0	1	62.932662	0	0	0	9052	9052	9052			*
LT934125.1	+	TC_570	570	70974	70974	0	1	24.301041	0	0	0	70974	70974	70974			*
LT934125.1	+	TC_571	571	71008	71009	1	3	294.707621	0	0	0	71009	71008	71009			**
LT934125.1	+	TC_572	572	71054	71055	1	2	809.638668	0	0	0	71054	71054	71055			**
LT934125.1	+	TC_573	573	71093	71093	0	1	54.571748	0	0	0	71093	71093	71093			*
LT934125.1	+	TC_574	574	71165	71198	33	3	290.385342	0	0	6.37355646705709	71184	71165	71198			**
LT934125.1	+	TC_575	575	71249	71271	22	2	90.218536	0	0	0	71260	71249	71271			**
LT934125.1	+	TC_576	576	71324	71324	0	1	27.285874	0	0	0	71324	71324	71324			*
LT934125.1	+	TC_577	577	71519	71519	0	1	27.285874	0	0	0	71519	71519	71519			*
LT934125.1	+	TC_578	578	71679	71683	4	2	87.233703	0	0	0	71681	71679	71683			**
LT934125.1	+	TC_579	579	71719	71719	0	1	27.285874	0	0	0	71719	71719	71719			*
LT934125.1	+	TC_58	58	9108	9115	5	6	31004.025366	1.28584540492312	1.28584540492312	4.3196349916549	9111	9108	9113			***
LT934125.1	+	TC_580	580	71767	71767	0	1	14.405745	0	0	0	71767	71767	71767			*
LT934125.1	+	TC_581	581	71845	71845	0	1	24.301041	0	0	0	71845	71845	71845			*
LT934125.1	+	TC_582	582	71915	71915	0	1	62.932662	0	0	0	71915	71915	71915			*
LT934125.1	+	TC_583	583	71987	71987	0	1	27.285874	0	0	0	71987	71987	71987			*
LT934125.1	+	TC_584	584	72238	72238	0	1	27.285874	0	0	0	72238	72238	72238			*
LT934125.1	+	TC_585	585	72277	72278	1	2	41.691619	0	0	0	72278	72277	72278			*
LT934125.1	+	TC_586	586	72356	72356	0	1	28.81149	0	0	0	72356	72356	72356			*
LT934125.1	+	TC_587	587	72387	72393	6	2	51.586915	0	0	0	72390	72387	72393			*
LT934125.1	+	TC_588	588	72462	72477	8	2	144.790284	0	0	6.33985000288462	72466	72462	72470			**
LT934125.1	+	TC_589	589	72527	72539	12	3	134.052374	0	0	0	72534	72527	72539			**
LT934125.1	+	TC_59	59	9257	9270	0	6	96386.194546	0.331723457764852	0.331723457764852	0.690234629946463	9270	9270	9270			***
LT934125.1	+	TC_590	590	72564	72564	0	1	27.285874	0	0	0	72564	72564	72564			*
LT934125.1	+	TC_591	591	72619	72619	0	1	62.932662	0	0	0	72619	72619	72619			*
LT934125.1	+	TC_592	592	72661	72661	0	1	241.779497	0	0	0	72661	72661	72661			*
LT934125.1	+	TC_593	593	72756	72763	4	5	7816.302683	0.91829583376023	0.91829583376023	6.13752492176753	72760	72759	72763			***
LT934125.1	+	TC_594	594	72813	72828	15	3	237.692478	0	0	0	72818	72813	72828			**
LT934125.1	+	TC_595	595	72950	72950	0	1	27.285874	0	0	0	72950	72950	72950			*
LT934125.1	+	TC_596	596	73095	73096	1	2	106.158663	0	0	0	73096	73095	73096			**
LT934125.1	+	TC_597	597	73363	73363	0	1	27.285874	0	0	0	73363	73363	73363			*
LT934125.1	+	TC_598	598	73608	73608	0	1	27.285874	0	0	0	73608	73608	73608			*
LT934125.1	+	TC_599	599	73699	73699	0	1	27.285874	0	0	0	73699	73699	73699			*
LT934125.1	+	TC_6	6	1174	1174	0	1	27.285874	0	0	0	1174	1174	1174			*
LT934125.1	+	TC_60	60	9339	9339	0	2	77.338407	0	0	0	9339	9339	9339			*
LT934125.1	+	TC_600	600	74192	74192	0	1	27.285874	0	0	0	74192	74192	74192			*
LT934125.1	+	TC_601	601	74397	74405	3	6	18862.241721	0	0	4.53210211769204	74400	74399	74402			***
LT934125.1	+	TC_602	602	74449	74449	0	1	27.285874	0	0	0	74449	74449	74449			*
LT934125.1	+	TC_603	603	74502	74502	0	2	266.080538	0	0	0	74502	74502	74502			**
LT934125.1	+	TC_604	604	74571	74571	0	1	62.932662	0	0	0	74571	74571	74571			*
LT934125.1	+	TC_605	605	74632	74632	0	1	62.932662	0	0	0	74632	74632	74632			*
LT934125.1	+	TC_606	606	74680	74681	0	1	54.571748	1	1	1	74680	74680	74680			*
LT934125.1	+	TC_607	607	74940	74971	29	3	783.943031	0	0	1.45546446154482	74954	74940	74969			***
LT934125.1	+	TC_608	608	75018	75038	20	2	68.977493	0	0	0	75028	75018	75038			*
LT934125.1	+	TC_609	609	75086	75110	24	4	917.378802	0	0	1.28584540492312	75099	75086	75110			***
LT934125.1	+	TC_61	61	9411	9423	1	6	6723.976813	0	0	2.91092892308965	9415	9414	9415			***
LT934125.1	+	TC_610	610	75167	75167	0	1	27.285874	0	0	0	75167	75167	75167			*
LT934125.1	+	TC_611	611	75207	75207	0	1	567.859171	0	0	0	75207	75207	75207			*
LT934125.1	+	TC_612	612	75234	75247	13	3	104.624281	0	0	0	75239	75234	75247			**
LT934125.1	+	TC_613	613	75302	75308	0	1	81.857622	4.44955227767627	4.44955227767627	4.44955227767627	75302	75302	75302			*
LT934125.1	+	TC_614	614	75360	75384	0	1	109.143496	9.28771237954945	9.28771237954945	9.28771237954945	75360	75360	75360			*
LT934125.1	+	TC_615	615	75568	75592	24	2	41.691619	0	0	0	75580	75568	75592			*
LT934125.1	+	TC_616	616	75651	75657	3	4	446.833576	0	0	2.97379387075365	75653	75651	75654			***
LT934125.1	+	TC_617	617	75923	75923	0	1	24.301041	0	0	0	75923	75923	75923			*
LT934125.1	+	TC_618	618	76041	76041	0	1	27.285874	0	0	0	76041	76041	76041			*
LT934125.1	+	TC_619	619	76115	76115	0	1	27.285874	0	0	0	76115	76115	76115			*
LT934125.1	+	TC_62	62	9473	9491	1	5	1632.631135	0	0	6.37355646705709	9480	9479	9480			***
LT934125.1	+	TC_620	620	76597	76618	21	2	269.065371	0	0	0	76608	76597	76618			**
LT934125.1	+	TC_621	621	76677	76685	3	6	5652.708033	0	0	4.85154820514941	76684	76682	76685			***
LT934125.1	+	TC_622	622	76749	76749	0	1	14.405745	0	0	0	76749	76749	76749			*
LT934125.1	+	TC_623	623	76787	76798	11	2	90.218536	0	0	0	76792	76787	76798			**
LT934125.1	+	TC_624	624	76834	76834	0	1	62.932662	0	0	0	76834	76834	76834			*
LT934125.1	+	TC_625	625	76891	76891	0	1	62.932662	0	0	0	76891	76891	76891			*
LT934125.1	+	TC_626	626	76918	76920	0	1	39.615799	1.49883611827611	1.49883611827611	1.49883611827611	76918	76918	76918			*
LT934125.1	+	TC_627	627	76987	76992	3	5	1122.738068	0	0	0	76989	76987	76990			***
LT934125.1	+	TC_628	628	77322	77322	0	2	90.218536	0	0	0	77322	77322	77322			**
LT934125.1	+	TC_629	629	77524	77524	0	1	27.285874	0	0	0	77524	77524	77524			*
LT934125.1	+	TC_63	63	9545	9558	2	5	1685.312489	0	0	2.58817936879202	9548	9548	9550			***
LT934125.1	+	TC_630	630	78037	78047	5	5	2439.0185	0	0	6.5661656266226	78040	78039	78044			***
LT934125.1	+	TC_631	631	78367	78367	0	1	27.285874	0	0	0	78367	78367	78367			*
LT934125.1	+	TC_632	632	78550	78550	0	1	62.932662	0	0	0	78550	78550	78550			*
LT934125.1	+	TC_633	633	78827	78843	11	2	144.790284	0	0	6.47847532647294	78832	78827	78838			**
LT934125.1	+	TC_634	634	78883	78883	0	1	27.285874	0	0	0	78883	78883	78883			*
LT934125.1	+	TC_635	635	78955	78955	0	1	567.859171	0	0	0	78955	78955	78955			*
LT934125.1	+	TC_636	636	79010	79010	0	1	27.285874	0	0	0	79010	79010	79010			*
LT934125.1	+	TC_637	637	79055	79070	15	2	153.151198	0	0	0	79062	79055	79070			**
LT934125.1	+	TC_638	638	79142	79142	0	1	21.608618	0	0	0	79142	79142	79142			*
LT934125.1	+	TC_639	639	79216	79218	0	1	54.571748	1.58496250072116	1.58496250072116	1.58496250072116	79216	79216	79216			*
LT934125.1	+	TC_64	64	9592	9592	0	1	21.608618	0	0	0	9592	9592	9592			*
LT934125.1	+	TC_640	640	79349	79350	1	2	117.50441	0	0	0	79350	79349	79350			**
LT934125.1	+	TC_641	641	79439	79447	0	6	113668.029218	1.25849844778275	1.25849844778275	1.75317724806235	79444	79444	79444			***
LT934125.1	+	TC_642	642	79540	79552	4	5	1521.993808	0.97092151445301	0.97092151445301	5.10210520201357	79551	79548	79552			***
LT934125.1	+	TC_643	643	79601	79622	15	3	169.091325	0	0	2.57798232963786	79613	79607	79622			**
LT934125.1	+	TC_644	644	79652	79664	12	2	111.534745	0	0	0	79658	79652	79664			**
LT934125.1	+	TC_645	645	79719	79720	1	2	51.586915	0	0	0	79720	79719	79720			*
LT934125.1	+	TC_646	646	79872	79872	0	1	24.301041	0	0	0	79872	79872	79872			*
LT934125.1	+	TC_647	647	79937	79948	11	2	59.6988	0	0	1.57081839195517	79942	79937	79948			
LT934125.1	+	TC_648	648	80010	80010	0	1	27.285874	0	0	0	80010	80010	80010			*
LT934125.1	+	TC_649	649	80186	80193	7	2	68.977493	0	0	3	80190	80186	80193			*
LT934125.1	+	TC_65	65	9638	9647	3	6	122944.445765	0	0	1.29289704434047	9646	9643	9646			***
LT934125.1	+	TC_650	650	80270	80270	0	1	27.285874	0	0	0	80270	80270	80270			*
LT934125.1	+	TC_651	651	80338	80338	0	1	241.779497	0	0	0	80338	80338	80338			*
LT934125.1	+	TC_652	652	80403	80427	24	2	87.233703	0	0	0	80415	80403	80427			**
LT934125.1	+	TC_653	653	80729	80729	0	1	27.285874	0	0	0	80729	80729	80729			*
LT934125.1	+	TC_654	654	81081	81082	0	6	6011.888254	0	0	0.954434001658916	81082	81082	81082			***
LT934125.1	+	TC_655	655	81135	81135	0	1	62.932662	0	0	0	81135	81135	81135			*
LT934125.1	+	TC_656	656	81166	81166	0	1	27.285874	0	0	0	81166	81166	81166			*
LT934125.1	+	TC_657	657	81317	81317	0	1	27.285874	0	0	0	81317	81317	81317			*
LT934125.1	+	TC_658	658	81409	81409	0	1	24.301041	0	0	0	81409	81409	81409			*
LT934125.1	+	TC_659	659	81480	81481	1	2	117.50441	0	0	1	81480	81480	81481			**
LT934125.1	+	TC_66	66	9707	9728	21	2	1953.842948	0	0	3.05246981989905	9718	9707	9728			**
LT934125.1	+	TC_660	660	81696	81696	0	1	27.285874	0	0	0	81696	81696	81696			*
LT934125.1	+	TC_661	661	81837	81837	0	1	27.285874	0	0	0	81837	81837	81837			*
LT934125.1	+	TC_662	662	81987	81987	0	1	27.285874	0	0	0	81987	81987	81987			*
LT934125.1	+	TC_663	663	82047	82048	0	1	125.865324	1	1	1	82047	82047	82047			*
LT934125.1	+	TC_664	664	82100	82100	0	1	27.285874	0	0	0	82100	82100	82100			*
LT934125.1	+	TC_665	665	82384	82384	0	1	567.859171	0	0	0	82384	82384	82384			
LT934125.1	+	TC_666	666	82426	82436	10	2	809.638668	0	0	0	82431	82426	82436			**
LT934125.1	+	TC_667	667	82468	82478	8	3	226.054322	0	0	1.58496250072116	82472	82468	82476			**
LT934125.1	+	TC_668	668	82560	82566	6	2	90.218536	0	0	0	82563	82560	82566			**
LT934125.1	+	TC_669	669	82743	82745	0	1	125.865324	1.58496250072116	1.58496250072116	1.58496250072116	82743	82743	82743			*
LT934125.1	+	TC_67	67	9742	9771	3	5	3918.540985	0	0	5.20148261524489	9760	9759	9762			***
LT934125.1	+	TC_670	670	82896	82896	0	1	62.932662	0	0	0	82896	82896	82896			*
LT934125.1	+	TC_671	671	83131	83131	0	1	62.932662	0	0	0	83131	83131	83131			*
LT934125.1	+	TC_672	672	83578	83578	0	1	27.285874	0	0	0	83578	83578	83578			*
LT934125.1	+	TC_673	673	83752	83752	0	1	27.285874	0	0	0	83752	83752	83752			*
LT934125.1	+	TC_674	674	83792	83792	0	2	269.065371	0	0	0	83792	83792	83792			**
LT934125.1	+	TC_675	675	83973	83982	0	3	644.429674	1.72624113269261	1.72624113269261	3.86484415740317	83978	83978	83978			***
LT934125.1	+	TC_676	676	84619	84619	0	1	62.932662	0	0	0	84619	84619	84619			*
LT934125.1	+	TC_677	677	84701	84701	0	1	62.932662	0	0	0	84701	84701	84701			*
LT934125.1	+	TC_678	678	84732	84732	0	1	54.571748	0	0	0	84732	84732	84732			*
LT934125.1	+	TC_679	679	84775	84775	0	1	62.932662	0	0	0	84775	84775	84775			*
LT934125.1	+	TC_68	68	9803	9820	17	4	1627.758267	0	0	2.74190118426235	9808	9803	9820			***
LT934125.1	+	TC_680	680	85064	85064	0	1	62.932662	0	0	0	85064	85064	85064			*
LT934125.1	+	TC_681	681	85089	85089	0	1	27.285874	0	0	0	85089	85089	85089			*
LT934125.1	+	TC_682	682	85196	85196	0	1	27.285874	0	0	0	85196	85196	85196			*
LT934125.1	+	TC_683	683	85462	85462	0	1	62.932662	0	0	0	85462	85462	85462			*
LT934125.1	+	TC_684	684	85492	85492	0	1	241.779497	0	0	0	85492	85492	85492			*
LT934125.1	+	TC_685	685	85581	85581	0	1	62.932662	0	0	0	85581	85581	85581			*
LT934125.1	+	TC_686	686	85707	85707	0	1	62.932662	0	0	0	85707	85707	85707			*
LT934125.1	+	TC_687	687	85757	85757	0	1	62.932662	0	0	0	85757	85757	85757			*
LT934125.1	+	TC_688	688	85866	85866	0	1	27.285874	0	0	0	85866	85866	85866			*
LT934125.1	+	TC_689	689	86205	86205	0	1	241.779497	0	0	0	86205	86205	86205			*
LT934125.1	+	TC_69	69	9859	9867	5	3	436.851576	1.97543998797919	1.97543998797919	2.99767224416586	9864	9862	9867			***
LT934125.1	+	TC_690	690	86881	86881	0	1	27.285874	0	0	0	86881	86881	86881			*
LT934125.1	+	TC_691	691	86990	86990	0	1	241.779497	0	0	0	86990	86990	86990			*
LT934125.1	+	TC_692	692	87212	87216	4	2	68.977493	0	0	2.32192809488736	87214	87212	87216			*
LT934125.1	+	TC_693	693	87344	87344	0	1	62.932662	0	0	0	87344	87344	87344			*
LT934125.1	+	TC_694	694	87732	87732	0	1	27.285874	0	0	0	87732	87732	87732			*
LT934125.1	+	TC_695	695	88057	88057	0	1	62.932662	0	0	0	88057	88057	88057			*
LT934125.1	+	TC_696	696	88253	88253	0	1	62.932662	0	0	0	88253	88253	88253			*
LT934125.1	+	TC_697	697	88454	88472	18	2	304.712159	0	0	0	88463	88454	88472			**
LT934125.1	+	TC_698	698	88530	88530	0	1	62.932662	0	0	0	88530	88530	88530			
LT934125.1	+	TC_699	699	88555	88555	0	1	567.859171	0	0	0	88555	88555	88555			*
LT934125.1	+	TC_7	7	1257	1260	3	2	90.218536	0	0	0	1258	1257	1260			**
LT934125.1	+	TC_70	70	9932	9949	1	6	3287.384727	0	0	5.49024829634309	9933	9932	9933			***
LT934125.1	+	TC_700	700	88884	88888	4	6	7692.101999	1	1	3.08604498804241	88885	88884	88888			***
LT934125.1	+	TC_701	701	88946	88946	0	1	27.285874	0	0	0	88946	88946	88946			*
LT934125.1	+	TC_702	702	89031	89034	3	2	117.50441	0	0	0	89032	89031	89034			**
LT934125.1	+	TC_703	703	89130	89135	2	3	428.091245	0	0	3.5438558770067	89132	89131	89133			***
LT934125.1	+	TC_704	704	89273	89294	21	2	117.50441	0	0	0	89284	89273	89294			**
LT934125.1	+	TC_705	705	89329	89329	0	1	241.779497	0	0	0	89329	89329	89329			*
LT934125.1	+	TC_706	706	89392	89392	0	1	27.285874	0	0	0	89392	89392	89392			*
LT934125.1	+	TC_707	707	89525	89525	0	1	62.932662	0	0	0	89525	89525	89525			*
LT934125.1	+	TC_708	708	89609	89619	10	2	269.065371	0	0	0	89614	89609	89619			**
LT934125.1	+	TC_709	709	89649	89665	16	2	51.586915	0	0	0	89657	89649	89665			*
LT934125.1	+	TC_71	71	9996	10014	11	3	719.770196	8.68380237781867	8.68380237781867	8.99942228670911	10002	9998	10009			***
LT934125.1	+	TC_710	710	89703	89703	0	1	62.932662	0	0	0	89703	89703	89703			*
LT934125.1	+	TC_711	711	89818	89818	0	1	62.932662	0	0	0	89818	89818	89818			*
LT934125.1	+	TC_712	712	89877	89910	33	5	1567.100599	0	0	1.58496250072116	89891	89877	89910			***
LT934125.1	+	TC_713	713	90007	90007	0	1	27.285874	0	0	0	90007	90007	90007			*
LT934125.1	+	TC_714	714	90091	90091	0	1	1135.718342	0	0	0	90091	90091	90091			*
LT934125.1	+	TC_715	715	90339	90339	0	1	62.932662	0	0	0	90339	90339	90339			*
LT934125.1	+	TC_716	716	90381	90381	0	2	88.038477	0	0	0	90381	90381	90381			**
LT934125.1	+	TC_717	717	90498	90498	0	1	27.285874	0	0	0	90498	90498	90498			*
LT934125.1	+	TC_718	718	90602	90602	0	1	27.285874	0	0	0	90602	90602	90602			*
LT934125.1	+	TC_719	719	90684	90709	25	3	658.077707	0	0	0	90697	90684	90709			***
LT934125.1	+	TC_72	72	10059	10059	0	1	241.779497	0	0	0	10059	10059	10059			*
LT934125.1	+	TC_720	720	90759	90759	0	1	27.285874	0	0	0	90759	90759	90759			*
LT934125.1	+	TC_721	721	90943	90943	0	1	27.285874	0	0	0	90943	90943	90943			*
LT934125.1	+	TC_722	722	90996	90999	3	2	51.586915	0	0	0	90998	90996	90999			*
LT934125.1	+	TC_723	723	91132	91132	0	1	62.932662	0	0	0	91132	91132	91132			*
LT934125.1	+	TC_724	724	91222	91222	0	1	27.285874	0	0	0	91222	91222	91222			*
LT934125.1	+	TC_725	725	91358	91365	7	4	688.423579	0	0	2.75488750216347	91361	91358	91365			***
LT934125.1	+	TC_726	726	91404	91412	4	6	7125.268962	0	0	3.30106089111992	91409	91408	91412			***
LT934125.1	+	TC_727	727	91476	91476	0	1	27.285874	0	0	0	91476	91476	91476			*
LT934125.1	+	TC_728	728	91542	91548	4	5	1336.803282	0	0	5.39553429702283	91547	91544	91548			***
LT934125.1	+	TC_729	729	91637	91637	0	1	27.285874	0	0	0	91637	91637	91637			*
LT934125.1	+	TC_73	73	10087	10089	1	4	1300.960547	0.48890858642327	0.48890858642327	0.811278124459133	10089	10088	10089			***
LT934125.1	+	TC_730	730	91681	91692	11	2	90.218536	0	0	0	91686	91681	91692			**
LT934125.1	+	TC_731	731	92048	92048	0	1	62.932662	0	0	0	92048	92048	92048			*
LT934125.1	+	TC_732	732	92166	92166	0	1	27.285874	0	0	0	92166	92166	92166			*
LT934125.1	+	TC_733	733	92265	92265	0	2	90.218536	0	0	0	92265	92265	92265			**
LT934125.1	+	TC_734	734	92414	92419	2	2	130.459704	0.91829583405449	0.91829583405449	2	92415	92414	92416			**
LT934125.1	+	TC_735	735	92675	92675	0	1	27.285874	0	0	0	92675	92675	92675			*
LT934125.1	+	TC_736	736	92789	92789	0	1	27.285874	0	0	0	92789	92789	92789			*
LT934125.1	+	TC_737	737	92884	92884	0	1	27.285874	0	0	0	92884	92884	92884			
LT934125.1	+	TC_738	738	92926	92926	0	1	18.007181	0	0	0	92926	92926	92926			*
LT934125.1	+	TC_739	739	92952	92970	18	2	79.781802	0	0	0	92961	92952	92970			*
LT934125.1	+	TC_74	74	10135	10166	29	5	759.504515	0	0	0	10154	10135	10164			***
LT934125.1	+	TC_740	740	93126	93130	4	3	320.652286	0	0	1	93128	93126	93130			
LT934125.1	+	TC_741	741	93199	93215	16	3	671.033001	0	0	3.32192809488736	93207	93199	93215			***
LT934125.1	+	TC_742	742	93323	93342	19	3	114.519577	0	0	0	93335	93323	93342			**
LT934125.1	+	TC_743	743	93410	93437	27	5	1292.546141	0	0	3.32192809488736	93427	93410	93437			***
LT934125.1	+	TC_744	744	94105	94105	0	1	27.285874	0	0	0	94105	94105	94105			
LT934125.1	+	TC_745	745	94259	94259	0	1	27.285874	0	0	0	94259	94259	94259			
LT934125.1	+	TC_746	746	94472	94475	0	1	54.571748	2	2	2	94472	94472	94472			
LT934125.1	+	TC_747	747	94512	94512	0	1	25.210054	0	0	0	94512	94512	94512			
LT934125.1	+	TC_748	748	94577	94584	5	5	781.124159	0	0	3.11875048708529	94581	94579	94584			
LT934125.1	+	TC_749	749	94666	94684	18	3	331.998033	0	0	0	94676	94666	94684			
LT934125.1	+	TC_75	75	10218	10218	0	1	24.301041	0	0	0	10218	10218	10218			*
LT934125.1	+	TC_750	750	94961	94963	2	3	691.408412	0	0	1.28584540492312	94962	94961	94963			
LT934125.1	+	TC_751	751	95017	95029	12	3	147.300078	0	0	0	95024	95017	95029			
LT934125.1	+	TC_752	752	95085	95085	0	1	27.285874	0	0	0	95085	95085	95085			
LT934125.1	+	TC_753	753	95170	95170	0	1	14.405745	0	0	0	95170	95170	95170			
LT934125.1	+	TC_754	754	95210	95214	4	2	41.691619	0	0	0	95212	95210	95214			
LT934125.1	+	TC_755	755	95397	95418	21	2	48.894492	0	0	0	95408	95397	95418			
LT934125.1	+	TC_756	756	95444	95446	2	2	90.910305	0	0	1.58496250072116	95445	95444	95446			
LT934125.1	+	TC_757	757	95589	95591	0	1	109.143496	1.58496250072116	1.58496250072116	1.58496250072116	95589	95589	95589			
LT934125.1	+	TC_758	758	95620	95624	4	2	91.744152	0	0	0	95622	95620	95624			
LT934125.1	+	TC_759	759	95695	95695	0	1	27.285874	0	0	0	95695	95695	95695			
LT934125.1	+	TC_76	76	10258	10267	0	1	54.571748	3.32192809488736	3.32192809488736	3.32192809488736	10258	10258	10258			*
LT934125.1	+	TC_760	760	95743	95750	4	4	2937.236034	0	0	0.830903450783153	95748	95746	95750			
LT934125.1	+	TC_761	761	95843	95843	0	1	27.285874	0	0	0	95843	95843	95843			
LT934125.1	+	TC_762	762	95875	95880	5	3	700.2033	0	0	2.37376030357441	95877	95875	95880			
LT934125.1	+	TC_763	763	96225	96225	0	1	241.779497	0	0	0	96225	96225	96225			
LT934125.1	+	TC_764	764	96479	96479	0	1	27.285874	0	0	0	96479	96479	96479			
LT934125.1	+	TC_765	765	96526	96526	0	2	63.737436	0	0	0	96526	96526	96526			
LT934125.1	+	TC_766	766	96593	96597	4	2	253.933781	0	0	1.18334555329787	96595	96593	96597			
LT934125.1	+	TC_767	767	96654	96654	0	2	79.781802	0	0	0	96654	96654	96654			
LT934125.1	+	TC_768	768	96701	96721	20	2	117.50441	0	0	0	96711	96701	96721			
LT934125.1	+	TC_769	769	96783	96783	0	1	27.285874	0	0	0	96783	96783	96783			
LT934125.1	+	TC_77	77	10334	10334	0	1	27.285874	0	0	0	10334	10334	10334			*
LT934125.1	+	TC_770	770	96883	96888	2	4	387.624121	0	0	3.56410362727508	96884	96883	96885			
LT934125.1	+	TC_771	771	97144	97152	8	2	90.218536	0	0	0	97148	97144	97152			
LT934125.1	+	TC_772	772	97205	97205	0	1	27.285874	0	0	0	97205	97205	97205			*
LT934125.1	+	TC_773	773	97394	97394	0	1	36.014363	0	0	0	97394	97394	97394			*
LT934125.1	+	TC_774	774	97550	97550	0	1	14.405745	0	0	0	97550	97550	97550			
LT934125.1	+	TC_775	775	97597	97597	0	1	27.285874	0	0	0	97597	97597	97597			
LT934125.1	+	TC_776	776	97650	97650	0	1	27.285874	0	0	0	97650	97650	97650			
LT934125.1	+	TC_777	777	98098	98102	0	1	54.571748	2.32192809488736	2.32192809488736	2.32192809488736	98098	98098	98098			
LT934125.1	+	TC_778	778	98148	98148	0	1	27.285874	0	0	0	98148	98148	98148			*
LT934125.1	+	TC_779	779	98429	98439	10	2	90.218536	0	0	0	98434	98429	98439			
LT934125.1	+	TC_78	78	10426	10435	3	5	12852.35641	0	0	3.44535052820735	10430	10428	10431			***
LT934125.1	+	TC_780	780	98678	98678	0	1	27.285874	0	0	0	98678	98678	98678			
LT934125.1	+	TC_781	781	98769	98769	0	1	62.932662	0	0	0	98769	98769	98769			
LT934125.1	+	TC_782	782	98891	98891	0	1	62.932662	0	0	0	98891	98891	98891			
LT934125.1	+	TC_783	783	99090	99090	0	1	27.285874	0	0	0	99090	99090	99090			
LT934125.1	+	TC_784	784	99516	99516	0	1	27.285874	0	0	0	99516	99516	99516			
LT934125.1	+	TC_785	785	99597	99597	0	1	27.285874	0	0	0	99597	99597	99597			
LT934125.1	+	TC_786	786	99782	99782	0	1	24.301041	0	0	0	99782	99782	99782			
LT934125.1	+	TC_787	787	99833	99833	0	1	27.285874	0	0	0	99833	99833	99833			*
LT934125.1	+	TC_788	788	99946	99949	3	3	341.163721	0	0	0	99948	99946	99949			***
LT934125.1	+	TC_789	789	100155	100156	1	2	51.586915	0	0	0	100156	100155	100156			*
LT934125.1	+	TC_79	79	10521	10521	0	1	62.932662	0	0	0	10521	10521	10521			*
LT934125.1	+	TC_790	790	100433	100437	4	3	359.283907	0	0	0	100436	100433	100437			***
LT934125.1	+	TC_791	791	100519	100519	0	1	27.285874	0	0	0	100519	100519	100519			*
LT934125.1	+	TC_792	792	100563	100563	0	1	241.779497	0	0	0	100563	100563	100563			*
LT934125.1	+	TC_793	793	100598	100601	1	2	191.212308	1.45546446154482	1.45546446154482	1.83659166810898	100598	100598	100599			**
LT934125.1	+	TC_794	794	101290	101296	0	2	947.545706	1.96388157351871	1.96388157351871	3.05549890172746	101293	101293	101293			**
LT934125.1	+	TC_795	795	101340	101340	0	1	241.779497	0	0	0	101340	101340	101340			*
LT934125.1	+	TC_796	796	101463	101464	1	2	41.691619	0	0	0	101464	101463	101464			*
LT934125.1	+	TC_797	797	101574	101574	0	1	14.405745	0	0	0	101574	101574	101574			*
LT934125.1	+	TC_798	798	101674	101675	1	2	51.586915	0	0	0	101674	101674	101675			*
LT934125.1	+	TC_799	799	101726	101731	3	4	758.907167	0	0	0.861529253474819	101728	101726	101729			***
LT934125.1	+	TC_8	8	1327	1339	5	6	6740.009665	1.5695159675136	1.5695159675136	6.16375550076101	1336	1334	1339			***
LT934125.1	+	TC_80	80	10620	10628	8	2	90.218536	0	0	0	10624	10620	10628			**
LT934125.1	+	TC_800	800	101803	101833	30	5	1276.960145	0	0	3.09737546894457	101824	101803	101833			***
LT934125.1	+	TC_801	801	101919	101919	0	1	27.285874	0	0	0	101919	101919	101919			*
LT934125.1	+	TC_802	802	101944	101964	20	3	305.516933	0	0	0	101951	101944	101964			***
LT934125.1	+	TC_803	803	101990	101992	2	2	103.969838	0	0	0	101991	101990	101992			**
LT934125.1	+	TC_804	804	102057	102062	5	3	261.828422	0	0	3.23541446250637	102060	102057	102062			**
LT934125.1	+	TC_805	805	102213	102213	0	1	27.285874	0	0	0	102213	102213	102213			*
LT934125.1	+	TC_806	806	102393	102393	0	1	24.301041	0	0	0	102393	102393	102393			*
LT934125.1	+	TC_807	807	102590	102590	0	1	62.932662	0	0	0	102590	102590	102590			*
LT934125.1	+	TC_808	808	103805	103805	0	2	38.706786	0	0	0	103805	103805	103805			*
LT934125.1	+	TC_809	809	104166	104166	0	1	27.285874	0	0	0	104166	104166	104166			
LT934125.1	+	TC_81	81	10694	10694	0	1	27.285874	0	0	0	10694	10694	10694			*
LT934125.1	+	TC_810	810	104367	104367	0	1	241.779497	0	0	0	104367	104367	104367			*
LT934125.1	+	TC_811	811	104730	104730	0	1	27.285874	0	0	0	104730	104730	104730			*
LT934125.1	+	TC_812	812	105262	105262	0	1	62.932662	0	0	0	105262	105262	105262			
LT934125.1	+	TC_813	813	105522	105522	0	1	27.285874	0	0	0	105522	105522	105522			
LT934125.1	+	TC_814	814	105773	105773	0	1	62.932662	0	0	0	105773	105773	105773			
LT934125.1	+	TC_815	815	105963	105963	0	1	188.797986	0	0	0	105963	105963	105963			
LT934125.1	+	TC_816	816	106100	106104	4	3	658.077707	0	0	0	106102	106100	106104			
LT934125.1	+	TC_817	817	106302	106302	0	1	241.779497	0	0	0	106302	106302	106302			*
LT934125.1	+	TC_818	818	106593	106593	0	1	62.932662	0	0	0	106593	106593	106593			*
LT934125.1	+	TC_819	819	106633	106633	0	1	27.285874	0	0	0	106633	106633	106633			*
LT934125.1	+	TC_82	82	10784	10784	0	1	18.007181	0	0	0	10784	10784	10784			*
LT934125.1	+	TC_820	820	107141	107141	0	1	567.859171	0	0	0	107141	107141	107141			*
LT934125.1	+	TC_821	821	107243	107243	0	1	27.285874	0	0	0	107243	107243	107243			*
LT934125.1	+	TC_822	822	107309	107310	1	3	85.346054	0	0	0	107310	107309	107310			**
LT934125.1	+	TC_823	823	107363	107365	0	1	54.571748	1.58496250072116	1.58496250072116	1.58496250072116	107363	107363	107363			*
LT934125.1	+	TC_824	824	107401	107434	31	6	2246.516163	0	0	7.57272543178725	107422	107401	107432			***
LT934125.1	+	TC_825	825	107473	107486	0	6	59045.92898	0	0	1.08712888655369	107482	107482	107482			***
LT934125.1	+	TC_826	826	107610	107615	4	2	132.27773	0	0	4.02389920671885	107612	107610	107614			**
LT934125.1	+	TC_827	827	107646	107646	0	1	24.301041	0	0	0	107646	107646	107646			*
LT934125.1	+	TC_828	828	107664	107674	0	3	299.226835	0	0	6.59242802558729	107672	107672	107672			**
LT934125.1	+	TC_829	829	107798	107802	0	1	54.571748	2.32192809488736	2.32192809488736	2.32192809488736	107798	107798	107798			*
LT934125.1	+	TC_83	83	10859	10859	0	1	27.285874	0	0	0	10859	10859	10859			*
LT934125.1	+	TC_830	830	107999	108005	4	3	177.452239	0	0	2.8073549220576	108001	107999	108003			**
LT934125.1	+	TC_831	831	108050	108050	0	1	241.779497	0	0	0	108050	108050	108050			*
LT934125.1	+	TC_832	832	108106	108106	0	1	24.301041	0	0	0	108106	108106	108106			*
LT934125.1	+	TC_833	833	108189	108189	0	2	41.691619	0	0	0	108189	108189	108189			*
LT934125.1	+	TC_834	834	108229	108229	0	1	36.451562	0	0	0	108229	108229	108229			*
LT934125.1	+	TC_835	835	108303	108321	8	4	409.994133	0	0	8.16421123313224	108309	108304	108312			***
LT934125.1	+	TC_836	836	108395	108407	12	3	153.955972	0	0	1.58496250072116	108403	108395	108407			**
LT934125.1	+	TC_837	837	108432	108432	0	1	18.007181	0	0	0	108432	108432	108432			*
LT934125.1	+	TC_838	838	108457	108475	18	2	117.50441	0	0	0	108466	108457	108475			**
LT934125.1	+	TC_839	839	108568	108568	0	1	27.285874	0	0	0	108568	108568	108568			*
LT934125.1	+	TC_84	84	10956	10956	0	1	62.932662	0	0	0	10956	10956	10956			*
LT934125.1	+	TC_840	840	108948	108948	0	1	62.932662	0	0	0	108948	108948	108948			
LT934125.1	+	TC_841	841	109003	109003	0	1	62.932662	0	0	0	109003	109003	109003			*
LT934125.1	+	TC_842	842	109307	109335	20	3	267.670775	0	0	3.16992500144231	109314	109307	109327			**
LT934125.1	+	TC_843	843	109363	109363	0	1	62.932662	0	0	0	109363	109363	109363			
LT934125.1	+	TC_844	844	109518	109518	0	1	567.859171	0	0	0	109518	109518	109518			*
LT934125.1	+	TC_845	845	109637	109640	3	2	595.145045	0	0	0	109638	109637	109640			
LT934125.1	+	TC_846	846	110147	110147	0	1	27.285874	0	0	0	110147	110147	110147			*
LT934125.1	+	TC_847	847	110202	110202	0	1	27.285874	0	0	0	110202	110202	110202			*
LT934125.1	+	TC_848	848	110354	110354	0	1	241.779497	0	0	0	110354	110354	110354			*
LT934125.1	+	TC_849	849	110407	110407	0	2	78.872789	0	0	0	110407	110407	110407			*
LT934125.1	+	TC_85	85	10997	10999	2	3	108.225717	0	0	0	10998	10997	10999			**
LT934125.1	+	TC_850	850	110441	110472	22	2	180.437072	1.58496250072116	1.58496250072116	3.32192809488736	110452	110441	110463			**
LT934125.1	+	TC_851	851	110493	110493	0	1	241.779497	0	0	0	110493	110493	110493			*
LT934125.1	+	TC_852	852	110600	110603	3	3	114.594743	0	0	1.83659165896442	110601	110600	110603			**
LT934125.1	+	TC_853	853	110689	110696	3	5	1750.872978	0	0	5.39553429702283	110691	110689	110692			***
LT934125.1	+	TC_854	854	110768	110768	0	1	54.571748	0	0	0	110768	110768	110768			*
LT934125.1	+	TC_855	855	111092	111115	23	3	347.93816	0	0	0	111107	111092	111115			
LT934125.1	+	TC_856	856	111218	111247	29	3	836.924542	0	0	0	111232	111218	111247			
LT934125.1	+	TC_857	857	111786	111791	5	3	329.0132	0	0	0	111788	111786	111791			***
LT934125.1	+	TC_858	858	112091	112091	0	1	27.285874	0	0	0	112091	112091	112091			
LT934125.1	+	TC_859	859	112300	112308	0	1	54.571748	3.16992500144231	3.16992500144231	3.16992500144231	112300	112300	112300			
LT934125.1	+	TC_86	86	11040	11063	23	2	87.233703	0	0	0	11052	11040	11063			**
LT934125.1	+	TC_860	860	112412	112412	0	1	27.285874	0	0	0	112412	112412	112412			
LT934125.1	+	TC_861	861	112524	112524	0	1	27.285874	0	0	0	112524	112524	112524			*
LT934125.1	+	TC_862	862	112743	112744	1	2	595.145045	0	0	0	112744	112743	112744			**
LT934125.1	+	TC_863	863	112823	112825	0	3	166.398902	0	0	1.45546446154482	112825	112825	112825			**
LT934125.1	+	TC_864	864	112883	112888	3	4	1079.290601	0	0	2.957325854489	112884	112883	112886			***
LT934125.1	+	TC_865	865	112943	112943	0	1	18.007181	0	0	0	112943	112943	112943			*
LT934125.1	+	TC_866	866	113029	113029	0	1	27.285874	0	0	0	113029	113029	113029			*
LT934125.1	+	TC_867	867	113087	113087	0	1	27.285874	0	0	0	113087	113087	113087			*
LT934125.1	+	TC_868	868	113179	113179	0	1	27.285874	0	0	0	113179	113179	113179			*
LT934125.1	+	TC_869	869	113440	113446	6	2	99.864803	0	0	4.09706862941342	113443	113440	113446			**
LT934125.1	+	TC_87	87	11153	11153	0	1	27.285874	0	0	0	11153	11153	11153			*
LT934125.1	+	TC_870	870	113625	113625	0	1	27.285874	0	0	0	113625	113625	113625			*
LT934125.1	+	TC_871	871	113688	113688	0	1	27.285874	0	0	0	113688	113688	113688			*
LT934125.1	+	TC_872	872	113999	114000	1	3	115.42859	0	0	0	113999	113999	114000			**
LT934125.1	+	TC_873	873	114278	114278	0	1	62.932662	0	0	0	114278	114278	114278			*
LT934125.1	+	TC_874	874	114661	114661	0	1	14.405745	0	0	0	114661	114661	114661			*
LT934125.1	+	TC_875	875	114759	114761	0	1	61.224417	1.4845826812512	1.4845826812512	1.4845826812512	114761	114761	114761			*
LT934125.1	+	TC_876	876	114829	114837	6	2	200.154814	0	0	1.92482546882005	114832	114829	114835			**
LT934125.1	+	TC_877	877	114980	114988	0	6	180876.841269	0.649375692460892	0.649375692460892	3.17302260726056	114985	114985	114985			***
LT934125.1	+	TC_878	878	115044	115044	0	1	62.932662	0	0	0	115044	115044	115044			*
LT934125.1	+	TC_879	879	115093	115097	4	2	51.586915	0	0	0	115095	115093	115097			*
LT934125.1	+	TC_88	88	11270	11270	0	1	27.285874	0	0	0	11270	11270	11270			*
LT934125.1	+	TC_880	880	115153	115153	0	1	24.301041	0	0	0	115153	115153	115153			*
LT934125.1	+	TC_881	881	115180	115185	0	1	125.865324	2.58496250072116	2.58496250072116	2.58496250072116	115180	115180	115180			*
LT934125.1	+	TC_882	882	115256	115256	0	2	595.145045	0	0	0	115256	115256	115256			**
LT934125.1	+	TC_883	883	115389	115389	0	1	62.932662	0	0	0	115389	115389	115389			*
LT934125.1	+	TC_884	884	115432	115432	0	1	27.285874	0	0	0	115432	115432	115432			*
LT934125.1	+	TC_885	885	115475	115486	11	3	619.446086	0	0	0	115482	115475	115486			***
LT934125.1	+	TC_886	886	115551	115551	0	1	27.285874	0	0	0	115551	115551	115551			*
LT934125.1	+	TC_887	887	115701	115725	24	4	789.987862	0	0	0	115719	115701	115725			***
LT934125.1	+	TC_888	888	115753	115754	1	2	302.5321	0	0	0.970950592528949	115754	115753	115754			**
LT934125.1	+	TC_889	889	115784	115784	0	1	62.932662	0	0	0	115784	115784	115784			*
LT934125.1	+	TC_89	89	11499	11499	0	1	27.285874	0	0	0	11499	11499	11499			*
LT934125.1	+	TC_890	890	115815	115815	0	1	567.859171	0	0	0	115815	115815	115815			*
LT934125.1	+	TC_891	891	115842	115846	1	5	4833.064157	0	0	2.48134106250313	115844	115843	115844			***
LT934125.1	+	TC_892	892	115893	115894	1	5	3044.192611	0	0	0	115894	115893	115894			***
LT934125.1	+	TC_893	893	115943	115943	0	1	60.752603	0	0	0	115943	115943	115943			*
LT934125.1	+	TC_894	894	115943	115979	1	4	2271.322286	0	0	11.4051805627671	115974	115973	115974			***
LT934125.1	+	TC_895	895	116010	116025	6	3	674.265895	5.63048002211039	5.63048002211039	7.54577973322379	116020	116018	116024			***
LT934125.1	+	TC_896	896	116011	116076	9	5	6409.268278	3.93412705407782	3.93412705407782	14.9053903997332	116073	116067	116076			***
LT934125.1	+	TC_897	897	116118	116137	1	5	2564.996887	0	0	9.13926587396865	116122	116121	116122			***
LT934125.1	+	TC_898	898	116165	116185	20	3	918.993353	0	0	3.33317538344335	116177	116165	116185			***
LT934125.1	+	TC_899	899	116216	116244	3	6	6068.998926	0	0	6.26703847118663	116226	116224	116227			***
LT934125.1	+	TC_9	9	1379	1382	3	3	141.805451	0	0	0	1381	1379	1382			**
LT934125.1	+	TC_90	90	11526	11526	0	1	18.007181	0	0	0	11526	11526	11526			*
LT934125.1	+	TC_900	900	116285	116318	1	2	4011.013824	0	0	12.9693730952576	116286	116285	116286			**
LT934125.1	+	TC_901	901	116261	116354	27	5	14665.690827	3.81634677882161	3.81634677882161	18.9922165902785	116320	116313	116340			***
LT934125.1	+	TC_902	902	116353	116433	3	6	56029.023813	0.721928094922582	0.721928094922582	17.4838711665093	116430	116428	116431			***
LT934125.1	+	TC_903	903	116460	116478	1	6	29351.313074	0	0	8.52548013407974	116478	116477	116478			***
LT934125.1	+	TC_904	904	116499	116544	19	5	10896.242244	1.83659166810898	1.83659166810898	13.2920740780868	116530	116524	116543			***
LT934125.1	+	TC_905	905	116543	116612	17	6	18190.28677	0	0	18.5760799554559	116588	116584	116601			***
LT934125.1	+	TC_906	906	116625	116655	20	2	6403.930201	2.13221689650914	2.13221689650914	2.27754563585801	116641	116631	116651			**
LT934125.1	+	TC_907	907	116709	116720	1	6	6308.806055	0	0	1.73539813508941	116719	116718	116719			***
LT934125.1	+	TC_908	908	116773	116793	20	2	628.611774	0	0	0	116783	116773	116793			**
LT934125.1	+	TC_909	909	116835	116835	0	1	27.285874	0	0	0	116835	116835	116835			*
LT934125.1	+	TC_91	91	11606	11640	25	4	1342.169328	0	0	3.00829576227038	11624	11606	11631			***
LT934125.1	+	TC_910	910	116981	116981	0	1	27.285874	0	0	0	116981	116981	116981			*
LT934125.1	+	TC_911	911	117193	117193	0	1	27.285874	0	0	0	117193	117193	117193			*
LT934125.1	+	TC_912	912	117244	117244	0	1	14.405745	0	0	0	117244	117244	117244			*
LT934125.1	+	TC_913	913	117295	117302	2	2	163.926434	0	0	3	117296	117295	117297			**
LT934125.1	+	TC_914	914	117412	117412	0	1	27.285874	0	0	0	117412	117412	117412			*
LT934125.1	+	TC_915	915	117534	117534	0	1	241.779497	0	0	0	117534	117534	117534			*
LT934125.1	+	TC_916	916	117601	117608	4	6	4852.268621	0	0	5.03213106089574	117606	117603	117607			***
LT934125.1	+	TC_917	917	117673	117673	0	1	27.285874	0	0	0	117673	117673	117673			*
LT934125.1	+	TC_918	918	117766	117770	3	6	19456.349928	0.529360865173232	0.529360865173232	1.98378529511854	117768	117766	117769			***
LT934125.1	+	TC_919	919	117884	117893	0	5	904.823708	0	0	2.27754563585801	117887	117887	117887			***
LT934125.1	+	TC_92	92	11701	11701	0	1	27.285874	0	0	0	11701	11701	11701			*
LT934125.1	+	TC_920	920	117944	117946	1	3	240.384901	0	0	2.51210612869226	117944	117944	117945			**
LT934125.1	+	TC_921	921	118015	118026	0	1	81.857622	5.68203113013457	5.68203113013457	5.68203113013457	118015	118015	118015			*
LT934125.1	+	TC_922	922	118057	118070	13	2	510.844868	0	0	0	118064	118057	118070			**
LT934125.1	+	TC_923	923	118108	118120	9	2	169.896099	2.2544774595405	2.2544774595405	4.21103238308641	118112	118108	118117			**
LT934125.1	+	TC_924	924	118180	118226	29	5	955.261348	0	0	9.46825101025339	118199	118180	118209			***
LT934125.1	+	TC_925	925	118269	118293	24	2	630.791833	0	0	0	118281	118269	118293			**
LT934125.1	+	TC_926	926	118349	118349	0	1	241.779497	0	0	0	118349	118349	118349			*
LT934125.1	+	TC_927	927	118388	118388	0	1	27.285874	0	0	0	118388	118388	118388			*
LT934125.1	+	TC_928	928	118509	118529	20	5	963.297227	0	0	7.85580967140715	118520	118509	118529			***
LT934125.1	+	TC_929	929	118659	118681	20	4	851.470074	0	0	2.09712352938225	118668	118661	118681			***
LT934125.1	+	TC_93	93	11785	11797	1	6	172970.721939	0.666578358024853	0.666578358024853	2.01257509570466	11793	11792	11793			***
LT934125.1	+	TC_930	930	118712	118716	0	2	325.227356	0	0	1.67626512600748	118716	118716	118716			**
LT934125.1	+	TC_931	931	118746	118747	1	3	303.441113	0	0	0	118747	118746	118747			***
LT934125.1	+	TC_932	932	118853	118866	0	6	329925.689345	1.70905530127293	1.70905530127293	2.67875784756149	118864	118864	118864			***
LT934125.1	+	TC_933	933	118906	118906	0	2	132.27773	0	0	0	118906	118906	118906			**
LT934125.1	+	TC_934	934	118969	118985	16	3	359.283907	0	0	0	118979	118969	118985			***
LT934125.1	+	TC_935	935	119021	119023	2	2	82.361221	0	0	0	119022	119021	119023			**
LT934125.1	+	TC_936	936	119068	119077	9	5	626.916842	0	0	3.71076666564298	119072	119068	119077			***
LT934125.1	+	TC_937	937	119110	119110	0	1	567.859171	0	0	0	119110	119110	119110			*
LT934125.1	+	TC_938	938	119149	119155	6	2	135.835786	0	0	2.57798231680186	119152	119149	119155			**
LT934125.1	+	TC_939	939	119182	119186	0	1	163.715244	2.13221689650914	2.13221689650914	2.13221689650914	119182	119182	119182			*
LT934125.1	+	TC_94	94	11840	11872	23	3	280.119247	0	0	5.21969551603592	11849	11840	11863			**
LT934125.1	+	TC_940	940	119222	119231	0	1	125.865324	3.32192809488736	3.32192809488736	3.32192809488736	119222	119222	119222			*
LT934125.1	+	TC_941	941	119232	119270	1	5	2852.929499	0	0	13.899756836209	119266	119265	119266			***
LT934125.1	+	TC_942	942	119345	119346	1	3	310.75699	0	0	0	119346	119345	119346			***
LT934125.1	+	TC_943	943	119393	119393	0	1	567.859171	0	0	0	119393	119393	119393			*
LT934125.1	+	TC_944	944	119427	119437	1	5	1505.153972	0	0	0.863120568566631	119428	119427	119428			***
LT934125.1	+	TC_945	945	119477	119485	1	6	7253.927976	0	0	0.650022421648354	119485	119484	119485			***
LT934125.1	+	TC_946	946	119533	119540	3	4	2824.475074	1.39681302750748	1.39681302750748	4.75488750216347	119535	119533	119536			***
LT934125.1	+	TC_947	947	119563	119592	24	3	661.437376	0	0	3.39258441235241	119575	119567	119591			***
LT934125.1	+	TC_948	948	119690	119731	41	6	1213.376779	0	0	5.19394972453327	119707	119690	119731			***
LT934125.1	+	TC_949	949	119764	119766	2	3	211.691957	0	0	2.37744375108173	119765	119764	119766			**
LT934125.1	+	TC_95	95	11920	11938	10	4	948.944042	0	0	9.66169129233631	11924	11920	11930			***
LT934125.1	+	TC_950	950	119795	119835	10	4	1933.580137	0	0	17.1587377157259	119820	119817	119827			***
LT934125.1	+	TC_951	951	119871	119905	16	6	3308.575636	0	0	5.31811116994037	119878	119871	119887			***
LT934125.1	+	TC_952	952	119940	119941	0	2	277.985793	0	0	0.76420450487312	119941	119941	119941			**
LT934125.1	+	TC_953	953	119971	119971	0	1	62.932662	0	0	0	119971	119971	119971			*
LT934125.1	+	TC_954	954	119999	120022	23	6	3919.442424	0	0	2.60974886076512	120017	119999	120022			***
LT934125.1	+	TC_955	955	120058	120062	1	2	1576.246976	1.18334555716465	1.18334555716465	1.58496250072116	120060	120060	120061			**
LT934125.1	+	TC_956	956	120108	120139	1	6	7802.822805	0	0	3.75488750216347	120133	120132	120133			***
LT934125.1	+	TC_957	957	120191	120193	0	5	1121.847581	0	0	1.53892028090441	120193	120193	120193			***
LT934125.1	+	TC_958	958	120238	120242	0	1	85.053645	2.28762888731282	2.28762888731282	2.28762888731282	120238	120238	120238			*
LT934125.1	+	TC_959	959	120314	120314	0	1	27.285874	0	0	0	120314	120314	120314			*
LT934125.1	+	TC_96	96	11962	11980	1	4	1883.013362	0	0	4.19360401028626	11977	11976	11977			***
LT934125.1	+	TC_960	960	120383	120391	2	2	103.17383	0	0	3.16992500144231	120384	120383	120385			**
LT934125.1	+	TC_961	961	120476	120476	0	1	62.932662	0	0	0	120476	120476	120476			*
LT934125.1	+	TC_962	962	120552	120565	3	6	31693.564651	1.27139400373199	1.27139400373199	2.57845791706304	120554	120552	120555			***
LT934125.1	+	TC_963	963	120716	120716	0	1	27.285874	0	0	0	120716	120716	120716			*
LT934125.1	+	TC_964	964	120777	120800	23	2	90.218536	0	0	0	120788	120777	120800			**
LT934125.1	+	TC_965	965	120826	120826	0	1	18.007181	0	0	0	120826	120826	120826			*
LT934125.1	+	TC_966	966	120930	120937	3	6	1366.669543	0	0	4.46612673752405	120932	120930	120933			***
LT934125.1	+	TC_967	967	121024	121024	0	1	27.285874	0	0	0	121024	121024	121024			*
LT934125.1	+	TC_968	968	121132	121133	0	1	54.571748	1	1	1	121132	121132	121132			*
LT934125.1	+	TC_969	969	121304	121304	0	2	90.218536	0	0	0	121304	121304	121304			**
LT934125.1	+	TC_97	97	12004	12036	3	2	1290.796995	0	0	10.1783610364725	12020	12019	12022			**
LT934125.1	+	TC_970	970	121424	121424	0	1	27.285874	0	0	0	121424	121424	121424			*
LT934125.1	+	TC_971	971	121560	121585	25	3	114.519577	0	0	0	121576	121560	121585			**
LT934125.1	+	TC_972	972	121612	121614	2	2	158.037988	0	0	1.14422895861353	121613	121612	121614			**
LT934125.1	+	TC_973	973	121672	121674	2	2	278.231059	0	0	0	121673	121672	121674			**
LT934125.1	+	TC_974	974	121707	121717	5	5	2684.782767	2.57798232963786	2.57798232963786	8.12689559150047	121712	121710	121715			***
LT934125.1	+	TC_975	975	121782	121786	0	6	53629.581895	0.901170195967464	0.901170195967464	1.58496250072116	121784	121784	121784			***
LT934125.1	+	TC_976	976	121838	121839	1	3	834.848722	0	0	0	121839	121838	121839			***
LT934125.1	+	TC_977	977	121890	121905	15	4	742.618987	0	0	0	121900	121890	121905			***
LT934125.1	+	TC_978	978	121979	121979	0	1	62.932662	0	0	0	121979	121979	121979			*
LT934125.1	+	TC_979	979	122027	122043	16	3	648.799014	0	0	0	122038	122027	122043			***
LT934125.1	+	TC_98	98	12010	12070	10	5	5269.319742	2.8073549220576	2.8073549220576	22.2970785425293	12064	12058	12068			***
LT934125.1	+	TC_980	980	122116	122119	0	3	124.165844	0	0	1.83659166810898	122119	122119	122119			**
LT934125.1	+	TC_981	981	122164	122185	21	3	111.827154	0	0	0	122175	122164	122185			**
LT934125.1	+	TC_982	982	122244	122252	0	1	81.857622	5.02421225738452	5.02421225738452	5.02421225738452	122244	122244	122244			*
LT934125.1	+	TC_983	983	122303	122305	1	4	988.477808	0	0	0.970950594669052	122304	122303	122304			***
LT934125.1	+	TC_984	984	122405	122405	0	1	36.451562	0	0	0	122405	122405	122405			*
LT934125.1	+	TC_985	985	122463	122474	11	5	639.736113	0	0	6.12022396344057	122468	122463	122474			***
LT934125.1	+	TC_986	986	122516	122531	1	4	534.272983	0	0	0.543564441591991	122522	122521	122522			***
LT934125.1	+	TC_987	987	122612	122621	0	1	81.857622	3.05051273056363	3.05051273056363	3.05051273056363	122621	122621	122621			*
LT934125.1	+	TC_988	988	122657	122662	5	2	75.887957	0	0	0	122660	122657	122662			*
LT934125.1	+	TC_989	989	122731	122731	0	1	27.285874	0	0	0	122731	122731	122731			*
LT934125.1	+	TC_99	99	12104	12130	6	3	1348.230328	5.61286174745836	5.61286174745836	11.4189000179336	12113	12109	12115			***
LT934125.1	+	TC_990	990	122919	122927	3	4	809.010551	0	0	2.5975898813908	122921	122919	122922			***
LT934125.1	+	TC_991	991	122973	122988	3	6	31795.941143	1.26254275763391	1.26254275763391	4.14770758897502	122978	122976	122979			***
LT934125.1	+	TC_992	992	123205	123205	0	1	567.859171	0	0	0	123205	123205	123205			*
LT934125.1	+	TC_993	993	123273	123282	0	1	125.865324	3.32192809488736	3.32192809488736	3.32192809488736	123273	123273	123273			*
LT934125.1	+	TC_994	994	123444	123445	1	3	449.502443	0	0	0	123445	123444	123445			***
LT934125.1	+	TC_995	995	123562	123562	0	1	27.285874	0	0	0	123562	123562	123562			*
LT934125.1	+	TC_996	996	123619	123637	18	3	159.196029	0	0	1.45546446154482	123625	123619	123637			**
LT934125.1	+	TC_997	997	123716	123717	1	2	51.586915	0	0	0	123716	123716	123717			*
LT934125.1	+	TC_998	998	123825	123827	2	2	117.50441	0	0	1.58496250072116	123826	123825	123827			**
LT934125.1	+	TC_999	999	123870	123870	0	1	27.285874	0	0	0	123870	123870	123870			*
LT934125.1	-	TC_1157	1157	97	97	0	1	50.420108	0	0	0	97	97	97			
LT934125.1	-	TC_1158	1158	480	480	0	1	27.285874	0	0	0	480	480	480			
LT934125.1	-	TC_1159	1159	1344	1344	0	1	27.285874	0	0	0	1344	1344	1344			*
LT934125.1	-	TC_1160	1160	1842	1842	0	1	241.779497	0	0	0	1842	1842	1842			
LT934125.1	-	TC_1161	1161	2210	2210	0	1	27.285874	0	0	0	2210	2210	2210			*
LT934125.1	-	TC_1162	1162	2245	2245	0	1	241.779497	0	0	0	2245	2245	2245			*
LT934125.1	-	TC_1163	1163	2466	2466	0	1	27.285874	0	0	0	2466	2466	2466			
LT934125.1	-	TC_1164	1164	2626	2626	0	1	27.285874	0	0	0	2626	2626	2626			*
LT934125.1	-	TC_1165	1165	2761	2762	1	2	278.961205	0	0	0	2762	2761	2762			**
LT934125.1	-	TC_1166	1166	2973	2973	0	1	27.285874	0	0	0	2973	2973	2973			*
LT934125.1	-	TC_1167	1167	3074	3074	0	1	27.285874	0	0	0	3074	3074	3074			*
LT934125.1	-	TC_1168	1168	3120	3120	0	1	27.285874	0	0	0	3120	3120	3120			*
LT934125.1	-	TC_1169	1169	3196	3218	20	3	252.535422	0	0	2.13221689650914	3209	3196	3216			**
LT934125.1	-	TC_1170	1170	3273	3274	0	1	125.865324	1	1	1	3273	3273	3273			*
LT934125.1	-	TC_1171	1171	3345	3370	19	5	630.014681	0	0	2.91092892308965	3355	3351	3370			***
LT934125.1	-	TC_1172	1172	3398	3398	0	1	24.301041	0	0	0	3398	3398	3398			*
LT934125.1	-	TC_1173	1173	3506	3511	3	2	162.316886	0	0	1.58496250072116	3508	3506	3509			**
LT934125.1	-	TC_1174	1174	3689	3701	12	3	2613.681199	0	0	3.16992500144231	3694	3689	3701			***
LT934125.1	-	TC_1175	1175	3756	3756	0	1	27.285874	0	0	0	3756	3756	3756			*
LT934125.1	-	TC_1176	1176	3910	3913	3	5	1664.266015	0	0	0	3911	3910	3913			***
LT934125.1	-	TC_1177	1177	4010	4011	1	2	90.218536	0	0	0	4010	4010	4011			**
LT934125.1	-	TC_1178	1178	4084	4084	0	1	27.285874	0	0	0	4084	4084	4084			*
LT934125.1	-	TC_1179	1179	4134	4134	0	1	27.285874	0	0	0	4134	4134	4134			*
LT934125.1	-	TC_1180	1180	4213	4213	0	1	241.779497	0	0	0	4213	4213	4213			*
LT934125.1	-	TC_1181	1181	4416	4416	0	1	27.285874	0	0	0	4416	4416	4416			*
LT934125.1	-	TC_1182	1182	4458	4458	0	1	24.301041	0	0	0	4458	4458	4458			*
LT934125.1	-	TC_1183	1183	4542	4542	0	1	27.285874	0	0	0	4542	4542	4542			*
LT934125.1	-	TC_1184	1184	4656	4658	0	1	54.571748	1.58496250072116	1.58496250072116	1.58496250072116	4656	4656	4656			*
LT934125.1	-	TC_1185	1185	4727	4734	7	2	622.430919	0	0	0	4730	4727	4734			**
LT934125.1	-	TC_1186	1186	4826	4848	22	4	222.745294	0	0	2.32192809488736	4832	4826	4848			**
LT934125.1	-	TC_1187	1187	4924	4928	3	6	7075.873875	0.637387500219976	0.637387500219976	2.76782452635272	4926	4925	4928			***
LT934125.1	-	TC_1188	1188	4991	4991	0	1	62.932662	0	0	0	4991	4991	4991			*
LT934125.1	-	TC_1189	1189	5119	5119	0	1	27.285874	0	0	0	5119	5119	5119			*
LT934125.1	-	TC_1190	1190	5267	5267	0	2	592.160212	0	0	0	5267	5267	5267			**
LT934125.1	-	TC_1191	1191	5318	5318	0	1	27.285874	0	0	0	5318	5318	5318			*
LT934125.1	-	TC_1192	1192	5461	5461	0	1	27.285874	0	0	0	5461	5461	5461			*
LT934125.1	-	TC_1193	1193	5496	5496	0	1	567.859171	0	0	0	5496	5496	5496			*
LT934125.1	-	TC_1194	1194	5699	5699	0	1	241.779497	0	0	0	5699	5699	5699			*
LT934125.1	-	TC_1195	1195	6201	6201	0	1	27.285874	0	0	0	6201	6201	6201			*
LT934125.1	-	TC_1196	1196	7129	7129	0	1	567.859171	0	0	0	7129	7129	7129			
LT934125.1	-	TC_1197	1197	7270	7270	0	1	62.932662	0	0	0	7270	7270	7270			
LT934125.1	-	TC_1198	1198	7566	7568	0	3	696.658021	0	0	1.45546446154482	7568	7568	7568			***
LT934125.1	-	TC_1199	1199	7716	7718	2	2	296.351245	0	0	0	7717	7716	7718			**
LT934125.1	-	TC_1200	1200	7758	7761	3	5	853.537127	0	0	0	7759	7758	7761			***
LT934125.1	-	TC_1201	1201	8189	8189	0	4	694.529269	0	0	0	8189	8189	8189			***
LT934125.1	-	TC_1202	1202	8781	8790	9	2	90.218536	0	0	0	8786	8781	8790			**
LT934125.1	-	TC_1203	1203	8851	8851	0	1	27.285874	0	0	0	8851	8851	8851			*
LT934125.1	-	TC_1204	1204	8885	8901	16	2	304.712159	0	0	0	8893	8885	8901			**
LT934125.1	-	TC_1205	1205	8965	8965	0	1	27.285874	0	0	0	8965	8965	8965			*
LT934125.1	-	TC_1206	1206	8997	8997	0	1	48.602083	0	0	0	8997	8997	8997			*
LT934125.1	-	TC_1207	1207	9054	9058	4	5	1115.300928	0	0	2.25447746401188	9057	9054	9058			***
LT934125.1	-	TC_1208	1208	9095	9095	0	1	62.932662	0	0	0	9095	9095	9095			*
LT934125.1	-	TC_1209	1209	9173	9173	0	1	188.797986	0	0	0	9173	9173	9173			*
LT934125.1	-	TC_1210	1210	9214	9217	0	5	826.087479	0	0	1.72624113269261	9214	9214	9214			***
LT934125.1	-	TC_1211	1211	9281	9281	0	1	27.285874	0	0	0	9281	9281	9281			*
LT934125.1	-	TC_1212	1212	9370	9370	0	1	24.301041	0	0	0	9370	9370	9370			*
LT934125.1	-	TC_1213	1213	9494	9501	0	6	20609.45912	0.775937330489967	0.775937330489967	3.29624849232805	9494	9494	9494			***
LT934125.1	-	TC_1214	1214	9590	9599	9	4	416.07304	0	0	0.918295829482212	9593	9590	9599			***
LT934125.1	-	TC_1215	1215	9665	9665	0	1	27.285874	0	0	0	9665	9665	9665			*
LT934125.1	-	TC_1216	1216	9800	9816	16	2	63.300237	0	0	0.970950591206173	9808	9800	9816			*
LT934125.1	-	TC_1217	1217	9878	9883	0	1	54.571748	2.58496250072116	2.58496250072116	2.58496250072116	9878	9878	9878			*
LT934125.1	-	TC_1218	1218	9918	9920	2	2	88.142716	0	0	0	9919	9918	9920			**
LT934125.1	-	TC_1219	1219	9958	9958	0	1	27.285874	0	0	0	9958	9958	9958			*
LT934125.1	-	TC_1220	1220	10034	10034	0	1	27.285874	0	0	0	10034	10034	10034			*
LT934125.1	-	TC_1221	1221	10205	10205	0	1	27.285874	0	0	0	10205	10205	10205			*
LT934125.1	-	TC_1222	1222	10286	10286	0	1	27.285874	0	0	0	10286	10286	10286			*
LT934125.1	-	TC_1223	1223	10413	10413	0	1	27.285874	0	0	0	10413	10413	10413			*
LT934125.1	-	TC_1224	1224	10456	10456	0	1	27.285874	0	0	0	10456	10456	10456			*
LT934125.1	-	TC_1225	1225	10558	10558	0	1	27.285874	0	0	0	10558	10558	10558			
LT934125.1	-	TC_1226	1226	11336	11336	0	1	62.932662	0	0	0	11336	11336	11336			
LT934125.1	-	TC_1227	1227	11485	11485	0	1	27.285874	0	0	0	11485	11485	11485			*
LT934125.1	-	TC_1228	1228	11697	11697	0	1	27.285874	0	0	0	11697	11697	11697			*
LT934125.1	-	TC_1229	1229	11746	11746	0	1	62.932662	0	0	0	11746	11746	11746			*
LT934125.1	-	TC_1230	1230	11997	11997	0	1	54.571748	0	0	0	11997	11997	11997			
LT934125.1	-	TC_1231	1231	12042	12061	14	3	559.760228	0	0	5.85685750425961	12050	12042	12056			
LT934125.1	-	TC_1232	1232	12105	12123	11	3	187.422701	0	0	2.43383436114827	12111	12105	12116			
LT934125.1	-	TC_1233	1233	12145	12145	0	1	36.014363	0	0	0	12145	12145	12145			
LT934125.1	-	TC_1234	1234	12248	12275	27	3	65.99266	0	0	0	12259	12248	12275			
LT934125.1	-	TC_1235	1235	12366	12366	0	1	24.301041	0	0	0	12366	12366	12366			
LT934125.1	-	TC_1236	1236	12444	12444	0	1	24.301041	0	0	0	12444	12444	12444			
LT934125.1	-	TC_1237	1237	13997	13997	0	1	50.420108	0	0	0	13997	13997	13997			
LT934125.1	-	TC_1238	1238	14095	14095	0	1	27.285874	0	0	0	14095	14095	14095			
LT934125.1	-	TC_1239	1239	14706	14706	0	1	241.779497	0	0	0	14706	14706	14706			
LT934125.1	-	TC_1240	1240	14975	14975	0	1	27.285874	0	0	0	14975	14975	14975			
LT934125.1	-	TC_1241	1241	15024	15024	0	1	27.285874	0	0	0	15024	15024	15024			*
LT934125.1	-	TC_1242	1242	15436	15436	0	1	27.285874	0	0	0	15436	15436	15436			*
LT934125.1	-	TC_1243	1243	15627	15627	0	1	27.285874	0	0	0	15627	15627	15627			*
LT934125.1	-	TC_1244	1244	15678	15678	0	1	27.285874	0	0	0	15678	15678	15678			*
LT934125.1	-	TC_1245	1245	15830	15830	0	1	27.285874	0	0	0	15830	15830	15830			*
LT934125.1	-	TC_1246	1246	15988	15988	0	1	54.571748	0	0	0	15988	15988	15988			*
LT934125.1	-	TC_1247	1247	16123	16123	0	1	27.285874	0	0	0	16123	16123	16123			*
LT934125.1	-	TC_1248	1248	16171	16171	0	1	14.405745	0	0	0	16171	16171	16171			*
LT934125.1	-	TC_1249	1249	16779	16779	0	1	27.285874	0	0	0	16779	16779	16779			*
LT934125.1	-	TC_1250	1250	16811	16811	0	1	48.602083	0	0	0	16811	16811	16811			*
LT934125.1	-	TC_1251	1251	16853	16853	0	1	54.571748	0	0	0	16853	16853	16853			*
LT934125.1	-	TC_1252	1252	16893	16893	0	1	54.571748	0	0	0	16893	16893	16893			*
LT934125.1	-	TC_1253	1253	16936	16948	12	2	117.50441	0	0	0	16942	16936	16948			**
LT934125.1	-	TC_1254	1254	17013	17032	19	3	755.875456	0	0	7.00302813983834	17026	17013	17032			***
LT934125.1	-	TC_1255	1255	17061	17061	0	1	567.859171	0	0	0	17061	17061	17061			*
LT934125.1	-	TC_1256	1256	17089	17089	0	2	99.384224	0	0	0	17089	17089	17089			**
LT934125.1	-	TC_1257	1257	17108	17128	12	2	127.150677	0	0	4.75488750216347	17122	17116	17128			**
LT934125.1	-	TC_1258	1258	17159	17186	0	2	266.889075	0	0	12.018387305144	17159	17159	17159			**
LT934125.1	-	TC_1259	1259	17242	17261	7	3	429.795782	0	0	7.00302813983834	17257	17254	17261			***
LT934125.1	-	TC_1260	1260	17289	17289	0	1	62.932662	0	0	0	17289	17289	17289			*
LT934125.1	-	TC_1261	1261	17331	17376	10	6	3961.406201	0	0	10.9751942937071	17339	17331	17341			***
LT934125.1	-	TC_1262	1262	17376	17376	0	1	188.797986	0	0	0	17376	17376	17376			*
LT934125.1	-	TC_1263	1263	17448	17472	20	5	1553.31606	0	0	6.8774715154733	17458	17452	17472			***
LT934125.1	-	TC_1264	1264	17503	17512	4	3	305.511929	0	0	4.27259232819979	17508	17506	17510			***
LT934125.1	-	TC_1265	1265	17522	17557	9	3	913.621035	0	0	10.2189803598596	17551	17548	17557			***
LT934125.1	-	TC_1266	1266	17587	17616	29	3	386.569781	0	0	0	17602	17587	17616			***
LT934125.1	-	TC_1267	1267	17665	17665	0	2	269.065371	0	0	0	17665	17665	17665			**
LT934125.1	-	TC_1268	1268	17737	17738	1	2	269.065371	0	0	0	17738	17737	17738			**
LT934125.1	-	TC_1269	1269	17782	17784	2	3	730.176057	0	0	1	17783	17782	17784			***
LT934125.1	-	TC_1270	1270	17811	17818	0	1	191.001118	5.52711297953133	5.52711297953133	5.52711297953133	17811	17811	17811			*
LT934125.1	-	TC_1271	1271	17843	17846	2	3	848.401309	0	0	3	17844	17843	17845			***
LT934125.1	-	TC_1272	1272	17925	17925	0	1	62.932662	0	0	0	17925	17925	17925			*
LT934125.1	-	TC_1273	1273	17969	17978	9	4	357.208087	0	0	0	17976	17969	17978			***
LT934125.1	-	TC_1274	1274	18010	18010	0	1	81.857622	0	0	0	18010	18010	18010			*
LT934125.1	-	TC_1275	1275	18107	18107	0	1	62.932662	0	0	0	18107	18107	18107			*
LT934125.1	-	TC_1276	1276	18202	18217	15	2	90.218536	0	0	0	18210	18202	18217			**
LT934125.1	-	TC_1277	1277	18420	18420	0	1	241.779497	0	0	0	18420	18420	18420			*
LT934125.1	-	TC_1278	1278	18594	18601	7	2	117.50441	0	0	0	18598	18594	18601			**
LT934125.1	-	TC_1279	1279	18663	18663	0	2	150.166365	0	0	0	18663	18663	18663			**
LT934125.1	-	TC_1280	1280	18705	18724	19	4	191.316547	0	0	0	18714	18705	18724			**
LT934125.1	-	TC_1281	1281	18813	18815	2	2	98.947025	0	0	0	18814	18813	18815			**
LT934125.1	-	TC_1282	1282	18856	18859	3	2	41.691619	0	0	0	18858	18856	18859			*
LT934125.1	-	TC_1283	1283	18898	18906	3	6	5468.116328	0.782444129509112	0.782444129509112	0.970950594454669	18904	18903	18906			***
LT934125.1	-	TC_1284	1284	18960	18965	1	4	751.389405	0	0	2.27810392413759	18960	18960	18961			***
LT934125.1	-	TC_1285	1285	19008	19011	3	6	4347.502462	0	0	0	19009	19008	19011			***
LT934125.1	-	TC_1286	1286	19056	19061	1	2	286.036765	0	0	1.56438460405255	19060	19060	19061			**
LT934125.1	-	TC_1287	1287	19097	19118	20	4	633.017528	0	0	2.86722445862088	19112	19097	19117			***
LT934125.1	-	TC_1288	1288	19183	19186	3	4	342.151663	0	0	0	19184	19183	19186			***
LT934125.1	-	TC_1289	1289	19315	19327	11	3	320.652286	0	0	1	19319	19315	19326			***
LT934125.1	-	TC_1290	1290	19380	19381	1	3	303.441113	0	0	0	19381	19380	19381			***
LT934125.1	-	TC_1291	1291	19423	19428	5	2	160.136827	0	0	0	19426	19423	19428			**
LT934125.1	-	TC_1292	1292	19470	19485	3	6	140330.046548	0.936630554970408	0.936630554970408	2.31988574765892	19472	19471	19474			***
LT934125.1	-	TC_1293	1293	19524	19524	0	1	24.301041	0	0	0	19524	19524	19524			*
LT934125.1	-	TC_1294	1294	19562	19562	0	1	62.932662	0	0	0	19562	19562	19562			*
LT934125.1	-	TC_1295	1295	19624	19624	0	1	62.932662	0	0	0	19624	19624	19624			*
LT934125.1	-	TC_1296	1296	19918	19918	0	1	27.285874	0	0	0	19918	19918	19918			*
LT934125.1	-	TC_1297	1297	20132	20132	0	1	27.285874	0	0	0	20132	20132	20132			
LT934125.1	-	TC_1298	1298	20352	20352	0	1	241.779497	0	0	0	20352	20352	20352			*
LT934125.1	-	TC_1299	1299	20526	20526	0	1	62.932662	0	0	0	20526	20526	20526			*
LT934125.1	-	TC_1300	1300	20729	20729	0	1	241.779497	0	0	0	20729	20729	20729			*
LT934125.1	-	TC_1301	1301	20782	20782	0	1	27.285874	0	0	0	20782	20782	20782			*
LT934125.1	-	TC_1302	1302	21043	21043	0	1	567.859171	0	0	0	21043	21043	21043			*
LT934125.1	-	TC_1303	1303	21176	21176	0	1	27.285874	0	0	0	21176	21176	21176			*
LT934125.1	-	TC_1304	1304	21471	21477	2	5	781.231623	0	0	2.32192809488736	21473	21473	21475			***
LT934125.1	-	TC_1305	1305	21533	21533	0	1	62.932662	0	0	0	21533	21533	21533			*
LT934125.1	-	TC_1306	1306	21634	21635	0	2	649.716793	0	0	0.91829583405449	21635	21635	21635			**
LT934125.1	-	TC_1307	1307	21673	21679	0	2	150.166365	0	0	2.8073549220576	21673	21673	21673			**
LT934125.1	-	TC_1308	1308	21747	21750	3	2	117.50441	0	0	1	21748	21747	21750			**
LT934125.1	-	TC_1309	1309	21801	21813	12	2	266.080538	0	0	0	21807	21801	21813			**
LT934125.1	-	TC_1310	1310	21934	21947	8	5	1322.713019	0	0	4.96742786967723	21942	21939	21947			***
LT934125.1	-	TC_1311	1311	22009	22009	0	1	62.932662	0	0	0	22009	22009	22009			*
LT934125.1	-	TC_1312	1312	22119	22133	14	2	90.218536	0	0	0	22126	22119	22133			**
LT934125.1	-	TC_1313	1313	22182	22188	0	2	180.437072	0	0	2.8073549220576	22182	22182	22182			**
LT934125.1	-	TC_1314	1314	22254	22258	4	2	51.586915	0	0	0	22256	22254	22258			*
LT934125.1	-	TC_1315	1315	22337	22337	0	1	62.932662	0	0	0	22337	22337	22337			*
LT934125.1	-	TC_1316	1316	22377	22379	2	2	110.118908	0	0	1.53049705649141	22378	22377	22379			**
LT934125.1	-	TC_1317	1317	22431	22431	0	1	24.301041	0	0	0	22431	22431	22431			*
LT934125.1	-	TC_1318	1318	22460	22466	6	3	108.225717	0	0	0	22462	22460	22466			**
LT934125.1	-	TC_1319	1319	22537	22558	21	2	90.218536	0	0	0	22548	22537	22558			**
LT934125.1	-	TC_1320	1320	22601	22629	28	4	694.529269	0	0	0	22618	22601	22629			***
LT934125.1	-	TC_1321	1321	22694	22714	20	2	90.218536	0	0	0	22704	22694	22714			**
LT934125.1	-	TC_1322	1322	22786	22807	21	2	153.151198	0	0	0	22796	22786	22807			**
LT934125.1	-	TC_1323	1323	22875	22889	14	2	90.218536	0	0	0	22882	22875	22889			**
LT934125.1	-	TC_1324	1324	22924	22924	0	1	27.285874	0	0	0	22924	22924	22924			*
LT934125.1	-	TC_1325	1325	22965	22966	0	1	314.66331	0.970950594454669	0.970950594454669	0.970950594454669	22965	22965	22965			*
LT934125.1	-	TC_1326	1326	23093	23099	2	2	296.351245	0	0	2.8073549220576	23094	23093	23095			**
LT934125.1	-	TC_1327	1327	23148	23148	0	1	24.301041	0	0	0	23148	23148	23148			*
LT934125.1	-	TC_1328	1328	23257	23257	0	1	27.285874	0	0	0	23257	23257	23257			*
LT934125.1	-	TC_1329	1329	23381	23381	0	1	241.779497	0	0	0	23381	23381	23381			*
LT934125.1	-	TC_1330	1330	23446	23446	0	1	241.779497	0	0	0	23446	23446	23446			*
LT934125.1	-	TC_1331	1331	23559	23559	0	1	27.285874	0	0	0	23559	23559	23559			*
LT934125.1	-	TC_1332	1332	23606	23606	0	1	62.932662	0	0	0	23606	23606	23606			*
LT934125.1	-	TC_1333	1333	23811	23811	0	1	62.932662	0	0	0	23811	23811	23811			*
LT934125.1	-	TC_1334	1334	23975	23975	0	1	54.571748	0	0	0	23975	23975	23975			*
LT934125.1	-	TC_1335	1335	24007	24007	0	2	150.166365	0	0	0	24007	24007	24007			**
LT934125.1	-	TC_1336	1336	24146	24146	0	1	27.285874	0	0	0	24146	24146	24146			*
LT934125.1	-	TC_1337	1337	24376	24381	0	1	54.571748	2.58496250072116	2.58496250072116	2.58496250072116	24376	24376	24376			*
LT934125.1	-	TC_1338	1338	24434	24434	0	1	241.779497	0	0	0	24434	24434	24434			*
LT934125.1	-	TC_1339	1339	24473	24473	0	1	62.932662	0	0	0	24473	24473	24473			*
LT934125.1	-	TC_1340	1340	24525	24532	0	2	216.08386	0	0	2.75488750216347	24525	24525	24525			**
LT934125.1	-	TC_1341	1341	24663	24663	0	1	241.779497	0	0	0	24663	24663	24663			*
LT934125.1	-	TC_1342	1342	24703	24704	1	2	117.50441	0	0	0	24704	24703	24704			**
LT934125.1	-	TC_1343	1343	24785	24805	14	4	163.414069	0	0	2.8073549220576	24789	24785	24799			**
LT934125.1	-	TC_1344	1344	24888	24890	0	2	338.964351	0	0	1.14422895861353	24890	24890	24890			**
LT934125.1	-	TC_1345	1345	24947	24947	0	1	27.285874	0	0	0	24947	24947	24947			*
LT934125.1	-	TC_1346	1346	25041	25041	0	1	125.865324	0	0	0	25041	25041	25041			*
LT934125.1	-	TC_1347	1347	25121	25121	0	1	62.932662	0	0	0	25121	25121	25121			*
LT934125.1	-	TC_1348	1348	25170	25170	0	1	62.932662	0	0	0	25170	25170	25170			*
LT934125.1	-	TC_1349	1349	25229	25246	3	5	5342.670585	0	0	3.91912384007698	25233	25232	25235			***
LT934125.1	-	TC_1350	1350	25313	25318	0	6	38843.415511	0	0	0	25313	25313	25313			***
LT934125.1	-	TC_1351	1351	25531	25531	0	1	241.779497	0	0	0	25531	25531	25531			*
LT934125.1	-	TC_1352	1352	25576	25576	0	1	62.932662	0	0	0	25576	25576	25576			*
LT934125.1	-	TC_1353	1353	25602	25605	0	1	81.857622	3.16992500144231	3.16992500144231	3.16992500144231	25602	25602	25602			*
LT934125.1	-	TC_1354	1354	25639	25639	0	1	46.818671	0	0	0	25639	25639	25639			*
LT934125.1	-	TC_1355	1355	25776	25776	0	1	54.571748	0	0	0	25776	25776	25776			*
LT934125.1	-	TC_1356	1356	25843	25843	0	1	567.859171	0	0	0	25843	25843	25843			
LT934125.1	-	TC_1357	1357	26117	26117	0	1	136.429371	0	0	0	26117	26117	26117			*
LT934125.1	-	TC_1358	1358	26506	26516	10	2	51.586915	0	0	0	26511	26506	26516			*
LT934125.1	-	TC_1359	1359	26672	26672	0	1	27.285874	0	0	0	26672	26672	26672			
LT934125.1	-	TC_1360	1360	26744	26756	12	2	90.218536	0	0	0	26750	26744	26756			**
LT934125.1	-	TC_1361	1361	26873	26878	0	1	81.857622	4.09706862941342	4.09706862941342	4.09706862941342	26873	26873	26873			*
LT934125.1	-	TC_1362	1362	26985	26985	0	1	27.285874	0	0	0	26985	26985	26985			*
LT934125.1	-	TC_1363	1363	27139	27139	0	1	27.285874	0	0	0	27139	27139	27139			*
LT934125.1	-	TC_1364	1364	27248	27257	9	2	90.218536	0	0	0	27252	27248	27257			**
LT934125.1	-	TC_1365	1365	27420	27420	0	1	27.285874	0	0	0	27420	27420	27420			*
LT934125.1	-	TC_1366	1366	27680	27680	0	1	27.285874	0	0	0	27680	27680	27680			*
LT934125.1	-	TC_1367	1367	27759	27764	3	6	1562.033492	0	0	0	27762	27761	27764			***
LT934125.1	-	TC_1368	1368	27842	27842	0	1	62.932662	0	0	0	27842	27842	27842			*
LT934125.1	-	TC_1369	1369	27972	27972	0	1	27.285874	0	0	0	27972	27972	27972			
LT934125.1	-	TC_1370	1370	28152	28154	2	2	304.712159	0	0	0	28153	28152	28154			**
LT934125.1	-	TC_1371	1371	28253	28253	0	1	62.932662	0	0	0	28253	28253	28253			*
LT934125.1	-	TC_1372	1372	28362	28362	0	1	27.285874	0	0	0	28362	28362	28362			*
LT934125.1	-	TC_1373	1373	28408	28418	10	4	423.152363	0	0	5.18914742795595	28413	28408	28418			***
LT934125.1	-	TC_1374	1374	28521	28521	0	1	27.285874	0	0	0	28521	28521	28521			*
LT934125.1	-	TC_1375	1375	28572	28586	14	2	45.293055	0	0	0	28579	28572	28586			*
LT934125.1	-	TC_1376	1376	28642	28642	0	1	27.285874	0	0	0	28642	28642	28642			*
LT934125.1	-	TC_1377	1377	28719	28720	1	4	222.933465	0	0	0	28719	28719	28720			**
LT934125.1	-	TC_1378	1378	28767	28767	0	1	567.859171	0	0	0	28767	28767	28767			*
LT934125.1	-	TC_1379	1379	28794	28815	18	3	208.52772	0	0	1.62255624891827	28802	28794	28812			**
LT934125.1	-	TC_1380	1380	28839	28854	15	3	827.645849	0	0	0	28849	28839	28854			***
LT934125.1	-	TC_1381	1381	28923	28933	1	4	941.418819	0	0	2.33804950848618	28925	28925	28926			***
LT934125.1	-	TC_1382	1382	28983	28989	0	1	125.865324	2.8073549220576	2.8073549220576	2.8073549220576	28983	28983	28983			*
LT934125.1	-	TC_1383	1383	29024	29029	5	3	872.57133	0	0	0	29026	29024	29029			***
LT934125.1	-	TC_1384	1384	29058	29067	1	3	701.59843	0	0	2.06052232088584	29058	29058	29059			***
LT934125.1	-	TC_1385	1385	29084	29084	0	1	567.859171	0	0	0	29084	29084	29084			*
LT934125.1	-	TC_1386	1386	29137	29161	19	2	133.444537	0	0	2.09712352938225	29152	29142	29161			**
LT934125.1	-	TC_1387	1387	29190	29190	0	1	81.857622	0	0	0	29190	29190	29190			*
LT934125.1	-	TC_1388	1388	29250	29254	0	1	125.865324	2.32192809488736	2.32192809488736	2.32192809488736	29250	29250	29250			*
LT934125.1	-	TC_1389	1389	29286	29301	13	5	847.166652	0	0	5.70073126570381	29298	29288	29301			***
LT934125.1	-	TC_1390	1390	29355	29362	1	5	545.111367	0	0	2.50987087174032	29361	29361	29362			***
LT934125.1	-	TC_1391	1391	29407	29420	7	6	81621.709107	6.06718606426004	6.06718606426004	8.59823244636394	29410	29407	29414			***
LT934125.1	-	TC_1392	1392	29481	29497	16	2	90.218536	0	0	0	29489	29481	29497			**
LT934125.1	-	TC_1393	1393	29664	29664	0	1	62.932662	0	0	0	29664	29664	29664			*
LT934125.1	-	TC_1394	1394	29727	29727	0	1	27.285874	0	0	0	29727	29727	29727			*
LT934125.1	-	TC_1395	1395	29791	29791	0	1	54.571748	0	0	0	29791	29791	29791			*
LT934125.1	-	TC_1396	1396	29857	29857	0	1	62.932662	0	0	0	29857	29857	29857			*
LT934125.1	-	TC_1397	1397	29973	29973	0	1	62.932662	0	0	0	29973	29973	29973			*
LT934125.1	-	TC_1398	1398	30052	30052	0	1	27.285874	0	0	0	30052	30052	30052			*
LT934125.1	-	TC_1399	1399	30172	30172	0	1	27.285874	0	0	0	30172	30172	30172			*
LT934125.1	-	TC_1400	1400	30245	30245	0	1	27.285874	0	0	0	30245	30245	30245			*
LT934125.1	-	TC_1401	1401	30574	30574	0	1	27.285874	0	0	0	30574	30574	30574			*
LT934125.1	-	TC_1402	1402	30604	30604	0	1	62.932662	0	0	0	30604	30604	30604			*
LT934125.1	-	TC_1403	1403	30711	30711	0	1	1135.718342	0	0	0	30711	30711	30711			*
LT934125.1	-	TC_1404	1404	30756	30756	0	1	567.859171	0	0	0	30756	30756	30756			*
LT934125.1	-	TC_1405	1405	30819	30823	4	3	177.452239	0	0	2	30821	30819	30823			**
LT934125.1	-	TC_1406	1406	30877	30882	0	6	3451.101634	0	0	2.20741901925027	30877	30877	30877			***
LT934125.1	-	TC_1407	1407	31041	31043	0	2	204.33824	0	0	1.53049705649141	31041	31041	31041			**
LT934125.1	-	TC_1408	1408	31112	31112	0	1	27.285874	0	0	0	31112	31112	31112			*
LT934125.1	-	TC_1409	1409	31194	31194	0	1	62.932662	0	0	0	31194	31194	31194			*
LT934125.1	-	TC_1410	1410	31227	31227	0	1	24.301041	0	0	0	31227	31227	31227			*
LT934125.1	-	TC_1411	1411	31256	31256	0	1	27.285874	0	0	0	31256	31256	31256			*
LT934125.1	-	TC_1412	1412	31452	31452	0	1	241.779497	0	0	0	31452	31452	31452			*
LT934125.1	-	TC_1413	1413	31580	31585	0	1	54.571748	2.58496250072116	2.58496250072116	2.58496250072116	31580	31580	31580			*
LT934125.1	-	TC_1414	1414	31682	31682	0	1	27.285874	0	0	0	31682	31682	31682			*
LT934125.1	-	TC_1415	1415	31923	31923	0	1	27.285874	0	0	0	31923	31923	31923			*
LT934125.1	-	TC_1416	1416	32197	32197	0	1	14.405745	0	0	0	32197	32197	32197			*
LT934125.1	-	TC_1417	1417	32264	32264	0	1	27.285874	0	0	0	32264	32264	32264			*
LT934125.1	-	TC_1418	1418	32370	32370	0	1	27.285874	0	0	0	32370	32370	32370			*
LT934125.1	-	TC_1419	1419	32676	32676	0	1	21.608618	0	0	0	32676	32676	32676			*
LT934125.1	-	TC_1420	1420	32703	32703	0	1	27.285874	0	0	0	32703	32703	32703			*
LT934125.1	-	TC_1421	1421	32962	32962	0	1	27.285874	0	0	0	32962	32962	32962			*
LT934125.1	-	TC_1422	1422	33277	33277	0	1	62.932662	0	0	0	33277	33277	33277			*
LT934125.1	-	TC_1423	1423	33306	33306	0	1	27.285874	0	0	0	33306	33306	33306			*
LT934125.1	-	TC_1424	1424	33351	33357	5	2	546.491656	0	0	2.8073549220576	33354	33351	33356			**
LT934125.1	-	TC_1425	1425	33406	33407	1	2	51.586915	0	0	0	33406	33406	33407			*
LT934125.1	-	TC_1426	1426	33493	33510	17	2	595.145045	0	0	0	33502	33493	33510			**
LT934125.1	-	TC_1427	1427	33604	33614	0	1	81.857622	5.48306938934921	5.48306938934921	5.48306938934921	33604	33604	33604			*
LT934125.1	-	TC_1428	1428	33640	33643	2	3	412.358599	0	0	1.38522718185275	33642	33641	33643			***
LT934125.1	-	TC_1429	1429	33784	33801	17	2	153.151198	0	0	0	33792	33784	33801			**
LT934125.1	-	TC_1430	1430	33937	33937	0	1	27.285874	0	0	0	33937	33937	33937			*
LT934125.1	-	TC_1431	1431	34046	34046	0	3	131.910155	0	0	0	34046	34046	34046			**
LT934125.1	-	TC_1432	1432	34091	34092	0	3	671.325411	0	0	0.91829583405449	34091	34091	34091			***
LT934125.1	-	TC_1433	1433	34123	34123	0	1	62.932662	0	0	0	34123	34123	34123			*
LT934125.1	-	TC_1434	1434	34199	34199	0	1	125.865324	0	0	0	34199	34199	34199			*
LT934125.1	-	TC_1435	1435	34240	34245	5	2	51.586915	0	0	0	34242	34240	34245			*
LT934125.1	-	TC_1436	1436	34292	34292	0	1	62.932662	0	0	0	34292	34292	34292			*
LT934125.1	-	TC_1437	1437	34327	34327	0	1	241.779497	0	0	0	34327	34327	34327			*
LT934125.1	-	TC_1438	1438	34396	34396	0	1	27.285874	0	0	0	34396	34396	34396			*
LT934125.1	-	TC_1439	1439	34430	34430	0	1	241.779497	0	0	0	34430	34430	34430			*
LT934125.1	-	TC_1440	1440	34468	34483	2	6	14425.980916	1.49031798430578	1.49031798430578	3.53380760191737	34475	34474	34476			***
LT934125.1	-	TC_1441	1441	34543	34543	0	1	27.285874	0	0	0	34543	34543	34543			*
LT934125.1	-	TC_1442	1442	34820	34820	0	1	27.285874	0	0	0	34820	34820	34820			*
LT934125.1	-	TC_1443	1443	34946	34946	0	1	27.285874	0	0	0	34946	34946	34946			*
LT934125.1	-	TC_1444	1444	35012	35012	0	1	27.285874	0	0	0	35012	35012	35012			*
LT934125.1	-	TC_1445	1445	35236	35236	0	1	241.779497	0	0	0	35236	35236	35236			*
LT934125.1	-	TC_1446	1446	35616	35616	0	1	567.859171	0	0	0	35616	35616	35616			*
LT934125.1	-	TC_1447	1447	35666	35666	0	1	27.285874	0	0	0	35666	35666	35666			*
LT934125.1	-	TC_1448	1448	35773	35773	0	1	62.932662	0	0	0	35773	35773	35773			*
LT934125.1	-	TC_1449	1449	36000	36000	0	1	241.779497	0	0	0	36000	36000	36000			*
LT934125.1	-	TC_1450	1450	36053	36053	0	1	27.285874	0	0	0	36053	36053	36053			*
LT934125.1	-	TC_1451	1451	36214	36214	0	1	241.779497	0	0	0	36214	36214	36214			*
LT934125.1	-	TC_1452	1452	36257	36257	0	1	62.932662	0	0	0	36257	36257	36257			*
LT934125.1	-	TC_1453	1453	36544	36544	0	1	567.859171	0	0	0	36544	36544	36544			*
LT934125.1	-	TC_1454	1454	36691	36691	0	1	241.779497	0	0	0	36691	36691	36691			*
LT934125.1	-	TC_1455	1455	37096	37096	0	1	62.932662	0	0	0	37096	37096	37096			*
LT934125.1	-	TC_1456	1456	37142	37153	11	2	90.218536	0	0	0	37148	37142	37153			**
LT934125.1	-	TC_1457	1457	37193	37193	0	1	27.285874	0	0	0	37193	37193	37193			*
LT934125.1	-	TC_1458	1458	37293	37293	0	1	27.285874	0	0	0	37293	37293	37293			*
LT934125.1	-	TC_1459	1459	37350	37350	0	1	27.285874	0	0	0	37350	37350	37350			*
LT934125.1	-	TC_1460	1460	37546	37551	5	3	65.99266	0	0	0	37548	37546	37551			*
LT934125.1	-	TC_1461	1461	37587	37587	0	1	27.285874	0	0	0	37587	37587	37587			*
LT934125.1	-	TC_1462	1462	37817	37817	0	1	62.932662	0	0	0	37817	37817	37817			*
LT934125.1	-	TC_1463	1463	37921	37921	0	1	27.285874	0	0	0	37921	37921	37921			*
LT934125.1	-	TC_1464	1464	37994	37994	0	1	62.932662	0	0	0	37994	37994	37994			*
LT934125.1	-	TC_1465	1465	38256	38256	0	1	62.932662	0	0	0	38256	38256	38256			*
LT934125.1	-	TC_1466	1466	38611	38611	0	1	24.301041	0	0	0	38611	38611	38611			*
LT934125.1	-	TC_1467	1467	38783	38783	0	1	62.932662	0	0	0	38783	38783	38783			*
LT934125.1	-	TC_1468	1468	39168	39168	0	1	27.285874	0	0	0	39168	39168	39168			*
LT934125.1	-	TC_1469	1469	39231	39231	0	1	24.301041	0	0	0	39231	39231	39231			*
LT934125.1	-	TC_1470	1470	39705	39705	0	1	27.285874	0	0	0	39705	39705	39705			*
LT934125.1	-	TC_1471	1471	40016	40016	0	1	27.285874	0	0	0	40016	40016	40016			*
LT934125.1	-	TC_1472	1472	40199	40199	0	1	27.285874	0	0	0	40199	40199	40199			*
LT934125.1	-	TC_1473	1473	40271	40271	0	1	62.932662	0	0	0	40271	40271	40271			*
LT934125.1	-	TC_1474	1474	40321	40321	0	1	27.285874	0	0	0	40321	40321	40321			*
LT934125.1	-	TC_1475	1475	40478	40478	0	1	27.285874	0	0	0	40478	40478	40478			*
LT934125.1	-	TC_1476	1476	41115	41115	0	1	62.932662	0	0	0	41115	41115	41115			*
LT934125.1	-	TC_1477	1477	41239	41239	0	1	27.285874	0	0	0	41239	41239	41239			
LT934125.1	-	TC_1478	1478	41547	41547	0	1	27.285874	0	0	0	41547	41547	41547			*
LT934125.1	-	TC_1479	1479	41632	41632	0	1	27.285874	0	0	0	41632	41632	41632			*
LT934125.1	-	TC_1480	1480	41728	41728	0	1	62.932662	0	0	0	41728	41728	41728			*
LT934125.1	-	TC_1481	1481	41784	41786	1	3	104.699446	0	0	1	41785	41784	41785			**
LT934125.1	-	TC_1482	1482	41812	41829	17	2	809.638668	0	0	0	41820	41812	41829			**
LT934125.1	-	TC_1483	1483	41914	41946	32	3	126.849502	0	0	0	41928	41914	41946			**
LT934125.1	-	TC_1484	1484	41992	42001	3	6	37012.509163	0	0	2.38450172014203	41996	41995	41998			***
LT934125.1	-	TC_1485	1485	42061	42061	0	1	27.285874	0	0	0	42061	42061	42061			*
LT934125.1	-	TC_1486	1486	42557	42557	0	1	27.285874	0	0	0	42557	42557	42557			*
LT934125.1	-	TC_1487	1487	42611	42617	6	2	90.218536	0	0	0	42614	42611	42617			**
LT934125.1	-	TC_1488	1488	42710	42710	0	1	27.285874	0	0	0	42710	42710	42710			*
LT934125.1	-	TC_1489	1489	43108	43108	0	1	27.285874	0	0	0	43108	43108	43108			*
LT934125.1	-	TC_1490	1490	43197	43197	0	1	27.285874	0	0	0	43197	43197	43197			*
LT934125.1	-	TC_1491	1491	43325	43325	0	1	27.285874	0	0	0	43325	43325	43325			*
LT934125.1	-	TC_1492	1492	43430	43430	0	1	241.779497	0	0	0	43430	43430	43430			*
LT934125.1	-	TC_1493	1493	43528	43528	0	1	27.285874	0	0	0	43528	43528	43528			*
LT934125.1	-	TC_1494	1494	43685	43685	0	1	27.285874	0	0	0	43685	43685	43685			*
LT934125.1	-	TC_1495	1495	44037	44037	0	1	27.285874	0	0	0	44037	44037	44037			*
LT934125.1	-	TC_1496	1496	44197	44202	5	2	90.218536	0	0	0	44200	44197	44202			**
LT934125.1	-	TC_1497	1497	44254	44254	0	1	62.932662	0	0	0	44254	44254	44254			*
LT934125.1	-	TC_1498	1498	44333	44333	0	1	27.285874	0	0	0	44333	44333	44333			*
LT934125.1	-	TC_1499	1499	44607	44607	0	1	27.285874	0	0	0	44607	44607	44607			*
LT934125.1	-	TC_1500	1500	44754	44760	6	4	1161.539892	0	0	1.58496250072116	44756	44754	44760			***
LT934125.1	-	TC_1501	1501	44817	44817	0	1	54.571748	0	0	0	44817	44817	44817			*
LT934125.1	-	TC_1502	1502	44889	44895	3	6	15902.885399	0	0	3.68363718050397	44890	44889	44892			***
LT934125.1	-	TC_1503	1503	45196	45196	0	1	27.285874	0	0	0	45196	45196	45196			*
LT934125.1	-	TC_1504	1504	45475	45475	0	2	90.218536	0	0	0	45475	45475	45475			**
LT934125.1	-	TC_1505	1505	45865	45865	0	1	62.932662	0	0	0	45865	45865	45865			*
LT934125.1	-	TC_1506	1506	45969	45990	14	3	153.955972	0	0	3	45974	45969	45983			**
LT934125.1	-	TC_1507	1507	46143	46143	0	1	27.285874	0	0	0	46143	46143	46143			
LT934125.1	-	TC_1508	1508	46435	46435	0	1	14.405745	0	0	0	46435	46435	46435			
LT934125.1	-	TC_1509	1509	46528	46528	0	1	27.285874	0	0	0	46528	46528	46528			
LT934125.1	-	TC_1510	1510	46950	46950	0	1	27.285874	0	0	0	46950	46950	46950			
LT934125.1	-	TC_1511	1511	47076	47076	0	1	62.932662	0	0	0	47076	47076	47076			
LT934125.1	-	TC_1512	1512	47293	47293	0	1	62.932662	0	0	0	47293	47293	47293			
LT934125.1	-	TC_1513	1513	47491	47491	0	1	24.301041	0	0	0	47491	47491	47491			
LT934125.1	-	TC_1514	1514	48483	48514	31	3	833.939709	0	0	0	48501	48483	48514			***
LT934125.1	-	TC_1515	1515	48826	48826	0	1	27.285874	0	0	0	48826	48826	48826			*
LT934125.1	-	TC_1516	1516	48874	48874	0	1	27.285874	0	0	0	48874	48874	48874			*
LT934125.1	-	TC_1517	1517	48902	48902	0	1	241.779497	0	0	0	48902	48902	48902			*
LT934125.1	-	TC_1518	1518	48973	48973	0	1	27.285874	0	0	0	48973	48973	48973			*
LT934125.1	-	TC_1519	1519	49031	49031	0	1	54.571748	0	0	0	49031	49031	49031			*
LT934125.1	-	TC_1520	1520	49065	49070	0	1	125.865324	2.58496250072116	2.58496250072116	2.58496250072116	49065	49065	49065			*
LT934125.1	-	TC_1521	1521	49120	49129	9	2	84.908854	0	0	0.896038227599445	49124	49120	49129			**
LT934125.1	-	TC_1522	1522	49174	49174	0	1	62.932662	0	0	0	49174	49174	49174			*
LT934125.1	-	TC_1523	1523	49256	49256	0	1	27.285874	0	0	0	49256	49256	49256			*
LT934125.1	-	TC_1524	1524	49312	49312	0	1	27.285874	0	0	0	49312	49312	49312			*
LT934125.1	-	TC_1525	1525	49392	49392	0	1	81.857622	0	0	0	49392	49392	49392			*
LT934125.1	-	TC_1526	1526	49604	49616	12	2	593.069225	0	0	0	49610	49604	49616			**
LT934125.1	-	TC_1527	1527	50151	50151	0	1	54.571748	0	0	0	50151	50151	50151			*
LT934125.1	-	TC_1528	1528	50350	50376	26	4	1023.684874	0	0	4.19676778216724	50368	50350	50376			***
LT934125.1	-	TC_1529	1529	50424	50424	0	1	27.285874	0	0	0	50424	50424	50424			*
LT934125.1	-	TC_1530	1530	50490	50498	2	4	799.883158	0	0	5.02421225738452	50491	50490	50492			***
LT934125.1	-	TC_1531	1531	50544	50569	25	3	329.0132	0	0	0	50556	50544	50569			***
LT934125.1	-	TC_1532	1532	50595	50595	0	1	27.285874	0	0	0	50595	50595	50595			*
LT934125.1	-	TC_1533	1533	50631	50663	24	4	1105.348785	0	0	2.91092892308965	50647	50639	50663			***
LT934125.1	-	TC_1534	1534	50706	50706	0	1	27.285874	0	0	0	50706	50706	50706			*
LT934125.1	-	TC_1535	1535	50817	50823	1	5	1425.185905	0	0	2.27754563585801	50817	50817	50818			***
LT934125.1	-	TC_1536	1536	50862	50863	1	3	131.910155	0	0	0	50862	50862	50863			**
LT934125.1	-	TC_1537	1537	50968	51005	37	5	843.778695	2	2	3.68016895976738	50984	50968	51005			***
LT934125.1	-	TC_1538	1538	51052	51056	4	4	934.128708	0	0	2	51053	51052	51056			***
LT934125.1	-	TC_1539	1539	51094	51097	3	5	489.810011	0	0	0	51095	51094	51097			***
LT934125.1	-	TC_1540	1540	51141	51150	0	6	16278.42903	0	0	3.08405656115013	51147	51147	51147			***
LT934125.1	-	TC_1541	1541	51308	51308	0	1	27.285874	0	0	0	51308	51308	51308			*
LT934125.1	-	TC_1542	1542	51477	51477	0	1	24.301041	0	0	0	51477	51477	51477			*
LT934125.1	-	TC_1543	1543	51502	51502	0	1	27.285874	0	0	0	51502	51502	51502			*
LT934125.1	-	TC_1544	1544	51550	51550	0	1	27.285874	0	0	0	51550	51550	51550			*
LT934125.1	-	TC_1545	1545	51636	51636	0	1	62.932662	0	0	0	51636	51636	51636			*
LT934125.1	-	TC_1546	1546	51891	51891	0	1	27.285874	0	0	0	51891	51891	51891			*
LT934125.1	-	TC_1547	1547	52194	52194	0	1	241.779497	0	0	0	52194	52194	52194			*
LT934125.1	-	TC_1548	1548	52353	52353	0	1	62.932662	0	0	0	52353	52353	52353			*
LT934125.1	-	TC_1549	1549	52503	52503	0	1	27.285874	0	0	0	52503	52503	52503			*
LT934125.1	-	TC_1550	1550	52799	52799	0	1	62.932662	0	0	0	52799	52799	52799			*
LT934125.1	-	TC_1551	1551	52832	52832	0	3	858.240751	0	0	0	52832	52832	52832			***
LT934125.1	-	TC_1552	1552	52879	52879	0	1	27.285874	0	0	0	52879	52879	52879			
LT934125.1	-	TC_1553	1553	53126	53126	0	1	125.865324	0	0	0	53126	53126	53126			*
LT934125.1	-	TC_1554	1554	53204	53204	0	1	27.285874	0	0	0	53204	53204	53204			*
LT934125.1	-	TC_1555	1555	53462	53462	0	1	62.932662	0	0	0	53462	53462	53462			*
LT934125.1	-	TC_1556	1556	53555	53555	0	5	788.002837	0	0	0	53555	53555	53555			***
LT934125.1	-	TC_1557	1557	53802	53809	7	2	51.586915	0	0	0	53806	53802	53809			*
LT934125.1	-	TC_1558	1558	54158	54158	0	1	27.285874	0	0	0	54158	54158	54158			*
LT934125.1	-	TC_1559	1559	54355	54355	0	1	62.932662	0	0	0	54355	54355	54355			*
LT934125.1	-	TC_1560	1560	54449	54450	0	1	125.865324	1	1	1	54449	54449	54449			*
LT934125.1	-	TC_1561	1561	54683	54683	0	1	27.285874	0	0	0	54683	54683	54683			*
LT934125.1	-	TC_1562	1562	55145	55145	0	1	125.865324	0	0	0	55145	55145	55145			*
LT934125.1	-	TC_1563	1563	55263	55266	3	3	376.740884	0	0	1.98554890596596	55265	55263	55266			***
LT934125.1	-	TC_1564	1564	55324	55345	14	2	704.288541	0	0	4.11285178336401	55331	55324	55338			**
LT934125.1	-	TC_1565	1565	55407	55442	35	3	181.241846	0	0	5.48306938934921	55426	55407	55442			**
LT934125.1	-	TC_1566	1566	55486	55507	21	5	973.240907	0	0	0	55491	55486	55507			***
LT934125.1	-	TC_1567	1567	55570	55621	51	4	163.414069	0	0	0	55593	55570	55621			**
LT934125.1	-	TC_1568	1568	55659	55700	1	2	432.780615	0	0	13.597486737341	55668	55668	55669			**
LT934125.1	-	TC_1569	1569	55718	55733	12	3	278.234821	0	0	8.73551963174584	55723	55718	55730			**
LT934125.1	-	TC_1570	1570	55794	55807	13	5	922.84896	0	0	6.16448941450214	55799	55794	55807			***
LT934125.1	-	TC_1571	1571	55853	55853	0	1	241.779497	0	0	0	55853	55853	55853			*
LT934125.1	-	TC_1572	1572	55889	55911	22	4	772.484279	0	0	0	55897	55889	55911			***
LT934125.1	-	TC_1573	1573	55940	55950	0	3	836.016066	0	0	7.64611150044372	55945	55945	55945			***
LT934125.1	-	TC_1574	1574	55986	55995	9	3	713.454229	0	0	0	55989	55986	55995			***
LT934125.1	-	TC_1575	1575	56008	56066	14	6	2776.953956	0	0	16.6402660570677	56045	56038	56052			***
LT934125.1	-	TC_1576	1576	56107	56116	8	5	1600.802971	1	1	5.92684833255937	56113	56107	56115			***
LT934125.1	-	TC_1577	1577	56188	56195	2	6	181697.456607	1.4097837043964	1.4097837043964	4.29030392955236	56189	56188	56190			***
LT934125.1	-	TC_1578	1578	56291	56298	0	1	125.865324	3	3	3	56291	56291	56291			*
LT934125.1	-	TC_1579	1579	56332	56332	0	1	54.571748	0	0	0	56332	56332	56332			*
LT934125.1	-	TC_1580	1580	56376	56376	0	1	24.301041	0	0	0	56376	56376	56376			*
LT934125.1	-	TC_1581	1581	56404	56407	3	2	90.218536	0	0	0	56406	56404	56407			**
LT934125.1	-	TC_1582	1582	56464	56474	10	2	592.160212	0	0	0	56469	56464	56474			**
LT934125.1	-	TC_1583	1583	56508	56508	0	1	54.571748	0	0	0	56508	56508	56508			*
LT934125.1	-	TC_1584	1584	56577	56594	17	2	78.872789	0	0	0	56586	56577	56594			*
LT934125.1	-	TC_1585	1585	56636	56638	2	3	329.0132	0	0	0	56637	56636	56638			***
LT934125.1	-	TC_1586	1586	56705	56719	14	2	90.218536	0	0	0	56712	56705	56719			**
LT934125.1	-	TC_1587	1587	56776	56776	0	1	62.932662	0	0	0	56776	56776	56776			*
LT934125.1	-	TC_1588	1588	56847	56866	19	3	293.366412	0	0	0	56853	56847	56866			**
LT934125.1	-	TC_1589	1589	56944	56950	3	6	16321.49779	0	0	2.97975697847593	56946	56946	56949			***
LT934125.1	-	TC_1590	1590	56994	56994	0	1	241.779497	0	0	0	56994	56994	56994			*
LT934125.1	-	TC_1591	1591	57030	57030	0	1	27.285874	0	0	0	57030	57030	57030			*
LT934125.1	-	TC_1592	1592	57086	57090	3	4	510.903973	0	0	0.890491638297305	57088	57087	57090			***
LT934125.1	-	TC_1593	1593	57130	57152	22	2	41.691619	0	0	0	57141	57130	57152			*
LT934125.1	-	TC_1594	1594	57227	57242	15	2	87.233703	0	0	0	57234	57227	57242			**
LT934125.1	-	TC_1595	1595	57400	57400	0	1	54.571748	0	0	0	57400	57400	57400			*
LT934125.1	-	TC_1596	1596	57532	57549	17	2	304.712159	0	0	0	57540	57532	57549			**
LT934125.1	-	TC_1597	1597	57700	57700	0	1	62.932662	0	0	0	57700	57700	57700			*
LT934125.1	-	TC_1598	1598	57801	57804	3	2	90.218536	0	0	0	57802	57801	57804			**
LT934125.1	-	TC_1599	1599	57861	57863	2	2	266.080538	0	0	0	57862	57861	57863			**
LT934125.1	-	TC_1600	1600	57922	57922	0	1	27.285874	0	0	0	57922	57922	57922			*
LT934125.1	-	TC_1601	1601	58019	58019	0	1	62.932662	0	0	0	58019	58019	58019			*
LT934125.1	-	TC_1602	1602	58100	58100	0	1	27.285874	0	0	0	58100	58100	58100			*
LT934125.1	-	TC_1603	1603	58249	58262	13	2	90.218536	0	0	0	58256	58249	58262			**
LT934125.1	-	TC_1604	1604	58299	58299	0	1	27.285874	0	0	0	58299	58299	58299			*
LT934125.1	-	TC_1605	1605	58359	58359	0	1	27.285874	0	0	0	58359	58359	58359			*
LT934125.1	-	TC_1606	1606	58514	58514	0	1	62.932662	0	0	0	58514	58514	58514			*
LT934125.1	-	TC_1607	1607	58568	58575	2	5	2454.241466	0	0	4.63351346192106	58571	58570	58572			***
LT934125.1	-	TC_1608	1608	58814	58814	0	1	27.285874	0	0	0	58814	58814	58814			*
LT934125.1	-	TC_1609	1609	58874	58874	0	1	62.932662	0	0	0	58874	58874	58874			*
LT934125.1	-	TC_1610	1610	58963	58964	1	2	90.218536	0	0	0	58964	58963	58964			**
LT934125.1	-	TC_1611	1611	59016	59017	0	4	343.451267	0	0	1	59016	59016	59016			***
LT934125.1	-	TC_1612	1612	59074	59076	0	1	54.571748	1.58496250072116	1.58496250072116	1.58496250072116	59074	59074	59074			*
LT934125.1	-	TC_1613	1613	59135	59139	1	3	141.805451	0	0	2.32192809488736	59135	59135	59136			**
LT934125.1	-	TC_1614	1614	59276	59282	1	6	19013.015227	0	0	3	59277	59276	59277			***
LT934125.1	-	TC_1615	1615	59452	59452	0	1	27.285874	0	0	0	59452	59452	59452			*
LT934125.1	-	TC_1616	1616	61055	61057	0	1	54.571748	1.58496250072116	1.58496250072116	1.58496250072116	61055	61055	61055			
LT934125.1	-	TC_1617	1617	61128	61128	0	1	27.285874	0	0	0	61128	61128	61128			
LT934125.1	-	TC_1618	1618	61947	61947	0	1	24.301041	0	0	0	61947	61947	61947			*
LT934125.1	-	TC_1619	1619	62424	62424	0	1	27.285874	0	0	0	62424	62424	62424			*
LT934125.1	-	TC_1620	1620	62512	62520	0	1	81.857622	5.02421225738452	5.02421225738452	5.02421225738452	62512	62512	62512			*
LT934125.1	-	TC_1621	1621	62577	62577	0	2	582.264916	0	0	0	62577	62577	62577			**
LT934125.1	-	TC_1622	1622	62659	62670	11	2	41.691619	0	0	0	62664	62659	62670			*
LT934125.1	-	TC_1623	1623	62797	62797	0	1	27.285874	0	0	0	62797	62797	62797			*
LT934125.1	-	TC_1624	1624	62885	62885	0	1	241.779497	0	0	0	62885	62885	62885			*
LT934125.1	-	TC_1625	1625	62945	62964	19	3	73.195533	0	0	0	62956	62945	62964			*
LT934125.1	-	TC_1626	1626	63017	63017	0	1	27.285874	0	0	0	63017	63017	63017			*
LT934125.1	-	TC_1627	1627	63242	63249	7	4	225.188689	0	0	0	63246	63242	63249			**
LT934125.1	-	TC_1628	1628	63294	63294	0	1	81.857622	0	0	0	63294	63294	63294			*
LT934125.1	-	TC_1629	1629	63417	63438	0	6	893939.895765	0	0	0.433127284291011	63420	63420	63420			***
LT934125.1	-	TC_1630	1630	63488	63508	20	4	353.606651	0	0	0	63496	63488	63508			***
LT934125.1	-	TC_1631	1631	63692	63703	1	3	178.948782	0	0	6.6983591480046	63692	63692	63693			**
LT934125.1	-	TC_1632	1632	63747	63747	0	1	27.285874	0	0	0	63747	63747	63747			*
LT934125.1	-	TC_1633	1633	63846	63846	0	1	182.25781	0	0	0	63846	63846	63846			*
LT934125.1	-	TC_1634	1634	63935	63935	0	1	27.285874	0	0	0	63935	63935	63935			*
LT934125.1	-	TC_1635	1635	63969	63969	0	1	36.451562	0	0	0	63969	63969	63969			*
LT934125.1	-	TC_1636	1636	64125	64127	0	2	123.323231	1.45546445429793	1.45546445429793	1.49031798254353	64125	64125	64125			**
LT934125.1	-	TC_1637	1637	64179	64180	1	2	77.338407	0	0	0	64180	64179	64180			*
LT934125.1	-	TC_1638	1638	64220	64244	24	2	90.218536	0	0	0	64232	64220	64244			**
LT934125.1	-	TC_1639	1639	64365	64386	21	2	296.351245	0	0	0	64376	64365	64386			**
LT934125.1	-	TC_1640	1640	64460	64460	0	1	27.285874	0	0	0	64460	64460	64460			*
LT934125.1	-	TC_1641	1641	64502	64502	0	1	241.779497	0	0	0	64502	64502	64502			*
LT934125.1	-	TC_1642	1642	64622	64622	0	1	27.285874	0	0	0	64622	64622	64622			*
LT934125.1	-	TC_1643	1643	64727	64728	1	3	207.256674	0	0	1	64728	64727	64728			**
LT934125.1	-	TC_1644	1644	64792	64792	0	1	24.301041	0	0	0	64792	64792	64792			*
LT934125.1	-	TC_1645	1645	64857	64859	2	2	595.145045	0	0	0	64858	64857	64859			**
LT934125.1	-	TC_1646	1646	64898	64916	15	2	367.644821	0	0	2	64906	64898	64913			**
LT934125.1	-	TC_1647	1647	64950	64950	0	1	27.285874	0	0	0	64950	64950	64950			*
LT934125.1	-	TC_1648	1648	65219	65219	0	1	27.285874	0	0	0	65219	65219	65219			*
LT934125.1	-	TC_1649	1649	65311	65311	0	1	27.285874	0	0	0	65311	65311	65311			*
LT934125.1	-	TC_1650	1650	65346	65346	0	1	567.859171	0	0	0	65346	65346	65346			*
LT934125.1	-	TC_1651	1651	65445	65454	3	2	2354.946086	0	0	1.83787434968526	65452	65451	65454			**
LT934125.1	-	TC_1652	1652	65548	65548	0	1	62.932662	0	0	0	65548	65548	65548			*
LT934125.1	-	TC_1653	1653	65611	65630	19	2	163.772877	0	0	0	65620	65611	65630			**
LT934125.1	-	TC_1654	1654	65659	65685	25	5	710.522328	0	0	2.32192809488736	65677	65659	65684			***
LT934125.1	-	TC_1655	1655	65746	65756	4	6	21296.697013	0	0	5.30336943540791	65753	65752	65756			***
LT934125.1	-	TC_1656	1656	65883	65886	3	4	316.828603	0	0	1.44385618977472	65884	65883	65886			***
LT934125.1	-	TC_1657	1657	66128	66128	0	1	27.285874	0	0	0	66128	66128	66128			*
LT934125.1	-	TC_1658	1658	66345	66345	0	1	54.571748	0	0	0	66345	66345	66345			*
LT934125.1	-	TC_1659	1659	66453	66453	0	2	48.894492	0	0	0	66453	66453	66453			*
LT934125.1	-	TC_1660	1660	66629	66649	20	3	481.382699	0	0	0	66636	66629	66649			***
LT934125.1	-	TC_1661	1661	66902	66902	0	1	27.285874	0	0	0	66902	66902	66902			*
LT934125.1	-	TC_1662	1662	67091	67091	0	1	27.285874	0	0	0	67091	67091	67091			*
LT934125.1	-	TC_1663	1663	67340	67340	0	1	27.285874	0	0	0	67340	67340	67340			
LT934125.1	-	TC_1664	1664	68123	68123	0	1	191.001119	0	0	0	68123	68123	68123			
LT934125.1	-	TC_1665	1665	68303	68303	0	1	567.859171	0	0	0	68303	68303	68303			*
LT934125.1	-	TC_1666	1666	68500	68500	0	1	24.301041	0	0	0	68500	68500	68500			
LT934125.1	-	TC_1667	1667	68543	68543	0	1	27.285874	0	0	0	68543	68543	68543			
LT934125.1	-	TC_1668	1668	68641	68655	14	2	75.887957	0	0	0	68648	68641	68655			
LT934125.1	-	TC_1669	1669	68782	68782	0	1	62.932662	0	0	0	68782	68782	68782			
LT934125.1	-	TC_1670	1670	68886	68887	0	1	54.571748	1	1	1	68886	68886	68886			*
LT934125.1	-	TC_1671	1671	69025	69025	0	1	241.779497	0	0	0	69025	69025	69025			
LT934125.1	-	TC_1672	1672	69140	69140	0	1	27.285874	0	0	0	69140	69140	69140			
LT934125.1	-	TC_1673	1673	69285	69304	19	2	595.145045	0	0	0	69294	69285	69304			
LT934125.1	-	TC_1674	1674	69382	69382	0	1	62.932662	0	0	0	69382	69382	69382			
LT934125.1	-	TC_1675	1675	69500	69515	15	2	51.586915	0	0	0	69508	69500	69515			
LT934125.1	-	TC_1676	1676	69593	69596	3	2	269.065371	0	0	0	69594	69593	69596			**
LT934125.1	-	TC_1677	1677	70464	70464	0	1	27.285874	0	0	0	70464	70464	70464			*
LT934125.1	-	TC_1678	1678	71162	71162	0	1	27.285874	0	0	0	71162	71162	71162			*
LT934125.1	-	TC_1679	1679	71270	71270	0	1	241.779497	0	0	0	71270	71270	71270			*
LT934125.1	-	TC_1680	1680	71369	71369	0	1	567.859171	0	0	0	71369	71369	71369			
LT934125.1	-	TC_1681	1681	71486	71486	0	1	24.301041	0	0	0	71486	71486	71486			*
LT934125.1	-	TC_1682	1682	71532	71532	0	1	27.285874	0	0	0	71532	71532	71532			*
LT934125.1	-	TC_1683	1683	71776	71778	2	2	99.384224	0	0	0	71777	71776	71778			**
LT934125.1	-	TC_1684	1684	71811	71811	0	1	27.285874	0	0	0	71811	71811	71811			*
LT934125.1	-	TC_1685	1685	71881	71889	4	6	2138.784798	0	0	4.255859032254	71884	71882	71886			***
LT934125.1	-	TC_1686	1686	71949	71949	0	1	567.859171	0	0	0	71949	71949	71949			*
LT934125.1	-	TC_1687	1687	72006	72006	0	1	27.285874	0	0	0	72006	72006	72006			*
LT934125.1	-	TC_1688	1688	72080	72080	0	1	27.285874	0	0	0	72080	72080	72080			*
LT934125.1	-	TC_1689	1689	72170	72174	4	2	809.638668	0	0	0	72172	72170	72174			**
LT934125.1	-	TC_1690	1690	72311	72321	10	2	90.218536	0	0	0	72316	72311	72321			**
LT934125.1	-	TC_1691	1691	72486	72486	0	1	27.285874	0	0	0	72486	72486	72486			*
LT934125.1	-	TC_1692	1692	72732	72742	10	3	344.363506	0	0	6.9188632372746	72738	72732	72742			***
LT934125.1	-	TC_1693	1693	72827	72827	0	2	269.065371	0	0	0	72827	72827	72827			**
LT934125.1	-	TC_1694	1694	72871	72874	3	3	347.93816	0	0	0	72872	72871	72874			***
LT934125.1	-	TC_1695	1695	72941	72941	0	1	62.932662	0	0	0	72941	72941	72941			*
LT934125.1	-	TC_1696	1696	72977	72977	0	1	241.779497	0	0	0	72977	72977	72977			*
LT934125.1	-	TC_1697	1697	73108	73111	0	4	360.106696	0	0	1.83659166810898	73108	73108	73108			***
LT934125.1	-	TC_1698	1698	73235	73235	0	1	27.285874	0	0	0	73235	73235	73235			*
LT934125.1	-	TC_1699	1699	73274	73274	0	1	62.932662	0	0	0	73274	73274	73274			*
LT934125.1	-	TC_1700	1700	73686	73686	0	1	27.285874	0	0	0	73686	73686	73686			*
LT934125.1	-	TC_1701	1701	73983	73983	0	1	62.932662	0	0	0	73983	73983	73983			*
LT934125.1	-	TC_1702	1702	74345	74352	4	4	616.254636	0	0	2	74346	74345	74349			***
LT934125.1	-	TC_1703	1703	74958	74958	0	1	62.932662	0	0	0	74958	74958	74958			*
LT934125.1	-	TC_1704	1704	75599	75601	2	3	687.256772	0	0	1.45546446969467	75600	75599	75601			***
LT934125.1	-	TC_1705	1705	75734	75736	2	2	200.166806	0	0	1.45546446154482	75735	75734	75736			**
LT934125.1	-	TC_1706	1706	75915	75915	0	1	62.932662	0	0	0	75915	75915	75915			*
LT934125.1	-	TC_1707	1707	75949	75957	0	1	81.857622	2.91092892308965	2.91092892308965	2.91092892308965	75957	75957	75957			*
LT934125.1	-	TC_1708	1708	76021	76021	0	1	27.285874	0	0	0	76021	76021	76021			*
LT934125.1	-	TC_1709	1709	76056	76056	0	1	62.932662	0	0	0	76056	76056	76056			*
LT934125.1	-	TC_1710	1710	76120	76120	0	1	62.932662	0	0	0	76120	76120	76120			*
LT934125.1	-	TC_1711	1711	76680	76680	0	1	27.285874	0	0	0	76680	76680	76680			*
LT934125.1	-	TC_1712	1712	76860	76870	3	6	3525.445459	0	0	4.51762875856324	76862	76860	76863			***
LT934125.1	-	TC_1713	1713	77066	77066	0	1	62.932662	0	0	0	77066	77066	77066			
LT934125.1	-	TC_1714	1714	77137	77139	0	2	160.730411	0	0	1.14422895861353	77139	77139	77139			**
LT934125.1	-	TC_1715	1715	77180	77180	0	1	27.285874	0	0	0	77180	77180	77180			
LT934125.1	-	TC_1716	1716	77605	77605	0	2	87.233703	0	0	0	77605	77605	77605			**
LT934125.1	-	TC_1717	1717	77804	77804	0	1	27.285874	0	0	0	77804	77804	77804			
LT934125.1	-	TC_1718	1718	77985	77987	2	3	226.352271	0	0	1.56457635523601	77986	77985	77987			**
LT934125.1	-	TC_1719	1719	78186	78186	0	1	1135.718342	0	0	0	78186	78186	78186			*
LT934125.1	-	TC_1720	1720	79145	79145	0	1	27.285874	0	0	0	79145	79145	79145			
LT934125.1	-	TC_1721	1721	79230	79230	0	1	62.932662	0	0	0	79230	79230	79230			
LT934125.1	-	TC_1722	1722	79388	79390	2	3	180.254443	0	0	2.2279470025383	79389	79388	79390			**
LT934125.1	-	TC_1723	1723	79513	79513	0	1	62.932662	0	0	0	79513	79513	79513			*
LT934125.1	-	TC_1724	1724	79576	79576	0	1	27.285874	0	0	0	79576	79576	79576			*
LT934125.1	-	TC_1725	1725	79899	79899	0	1	27.285874	0	0	0	79899	79899	79899			*
LT934125.1	-	TC_1726	1726	79955	79955	0	1	27.285874	0	0	0	79955	79955	79955			*
LT934125.1	-	TC_1727	1727	80050	80050	0	1	27.285874	0	0	0	80050	80050	80050			*
LT934125.1	-	TC_1728	1728	80238	80238	0	1	27.285874	0	0	0	80238	80238	80238			*
LT934125.1	-	TC_1729	1729	80621	80655	34	3	80.398405	0	0	0	80636	80621	80655			*
LT934125.1	-	TC_1730	1730	80835	80858	23	2	118.309184	0	0	2.75488750216347	80846	80835	80858			**
LT934125.1	-	TC_1731	1731	80889	80911	11	2	335.791402	0	0	5.43896689583748	80894	80889	80900			**
LT934125.1	-	TC_1732	1732	80958	80968	7	3	220.67824	0	0	5.18914742795595	80960	80958	80965			**
LT934125.1	-	TC_1733	1733	81007	81008	1	3	238.873593	0	0	0	81007	81007	81008			**
LT934125.1	-	TC_1734	1734	81074	81093	1	2	536.762983	0	0	2.09952851604225	81086	81086	81087			**
LT934125.1	-	TC_1735	1735	81161	81163	2	3	81.744617	0	0	0	81162	81161	81163			*
LT934125.1	-	TC_1736	1736	81229	81247	16	3	223.663073	0	0	7.68771237954945	81240	81229	81245			**
LT934125.1	-	TC_1737	1737	81365	81366	1	3	180.804647	0	0	0	81365	81365	81366			**
LT934125.1	-	TC_1738	1738	81426	81428	1	5	910.542053	0	0	0.696212261485348	81427	81427	81428			***
LT934125.1	-	TC_1739	1739	81490	81504	2	5	1580.147223	0	0	1.53312595051839	81492	81491	81493			***
LT934125.1	-	TC_1740	1740	81563	81576	13	3	263.669466	0	0	0	81568	81563	81576			**
LT934125.1	-	TC_1741	1741	81608	81609	0	2	123.549241	0	0	0.811278124459133	81608	81608	81608			**
LT934125.1	-	TC_1742	1742	81686	81708	22	6	1499.427315	0	0	0	81690	81686	81708			***
LT934125.1	-	TC_1743	1743	81804	81821	1	6	83516.820632	0.961236604758204	0.961236604758204	6.03514336146322	81804	81804	81805			***
LT934125.1	-	TC_1744	1744	81872	81902	16	5	3128.800646	0	0	9.48038373242601	81891	81881	81897			***
LT934125.1	-	TC_1745	1745	82023	82026	1	3	198.157385	0	0	3.06200030206266	82023	82023	82024			**
LT934125.1	-	TC_1746	1746	82076	82076	0	1	54.571748	0	0	0	82076	82076	82076			*
LT934125.1	-	TC_1747	1747	82139	82139	0	1	24.301041	0	0	0	82139	82139	82139			*
LT934125.1	-	TC_1748	1748	82203	82212	0	1	125.865324	3.32192809488736	3.32192809488736	3.32192809488736	82203	82203	82203			*
LT934125.1	-	TC_1749	1749	82433	82433	0	1	27.285874	0	0	0	82433	82433	82433			*
LT934125.1	-	TC_1750	1750	82812	82812	0	1	27.285874	0	0	0	82812	82812	82812			*
LT934125.1	-	TC_1751	1751	83103	83103	0	1	24.301041	0	0	0	83103	83103	83103			*
LT934125.1	-	TC_1752	1752	83202	83205	3	4	143.331067	0	0	0	83203	83202	83205			**
LT934125.1	-	TC_1753	1753	83286	83286	0	1	567.859171	0	0	0	83286	83286	83286			*
LT934125.1	-	TC_1754	1754	83713	83713	0	1	27.285874	0	0	0	83713	83713	83713			*
LT934125.1	-	TC_1755	1755	83926	83926	0	1	14.405745	0	0	0	83926	83926	83926			*
LT934125.1	-	TC_1756	1756	84476	84476	0	1	27.285874	0	0	0	84476	84476	84476			*
LT934125.1	-	TC_1757	1757	84518	84518	0	1	27.285874	0	0	0	84518	84518	84518			*
LT934125.1	-	TC_1758	1758	84963	84963	0	1	27.285874	0	0	0	84963	84963	84963			*
LT934125.1	-	TC_1759	1759	85656	85656	0	1	54.021544	0	0	0	85656	85656	85656			*
LT934125.1	-	TC_1760	1760	85981	85981	0	1	27.285874	0	0	0	85981	85981	85981			*
LT934125.1	-	TC_1761	1761	86359	86359	0	1	27.285874	0	0	0	86359	86359	86359			*
LT934125.1	-	TC_1762	1762	86403	86403	0	1	62.932662	0	0	0	86403	86403	86403			*
LT934125.1	-	TC_1763	1763	86459	86459	0	1	27.285874	0	0	0	86459	86459	86459			*
LT934125.1	-	TC_1764	1764	86581	86584	3	2	90.218536	0	0	0	86582	86581	86584			**
LT934125.1	-	TC_1765	1765	86709	86709	0	1	27.285874	0	0	0	86709	86709	86709			*
LT934125.1	-	TC_1766	1766	86752	86752	0	1	62.932662	0	0	0	86752	86752	86752			*
LT934125.1	-	TC_1767	1767	86821	86821	0	1	62.932662	0	0	0	86821	86821	86821			*
LT934125.1	-	TC_1768	1768	86889	86907	9	2	117.50441	0	0	3.32192809488736	86894	86889	86898			**
LT934125.1	-	TC_1769	1769	87157	87165	8	6	4220.577227	0	0	4.31899752112804	87161	87157	87165			***
LT934125.1	-	TC_1770	1770	87209	87209	0	1	27.285874	0	0	0	87209	87209	87209			*
LT934125.1	-	TC_1771	1771	87446	87448	0	3	293.422267	0	0	2.37744375108173	87447	87447	87447			**
LT934125.1	-	TC_1772	1772	87680	87680	0	1	27.285874	0	0	0	87680	87680	87680			*
LT934125.1	-	TC_1773	1773	87726	87726	0	1	62.932662	0	0	0	87726	87726	87726			*
LT934125.1	-	TC_1774	1774	87883	87883	0	1	62.932662	0	0	0	87883	87883	87883			*
LT934125.1	-	TC_1775	1775	87956	87956	0	1	27.285874	0	0	0	87956	87956	87956			*
LT934125.1	-	TC_1776	1776	88003	88003	0	2	87.233703	0	0	0	88003	88003	88003			**
LT934125.1	-	TC_1777	1777	88471	88471	0	1	27.285874	0	0	0	88471	88471	88471			*
LT934125.1	-	TC_1778	1778	88555	88555	0	1	241.779497	0	0	0	88555	88555	88555			*
LT934125.1	-	TC_1779	1779	88864	88864	0	1	62.932662	0	0	0	88864	88864	88864			*
LT934125.1	-	TC_1780	1780	88900	88900	0	1	27.285874	0	0	0	88900	88900	88900			*
LT934125.1	-	TC_1781	1781	89077	89083	0	5	3494.966375	0.775512657543642	0.775512657543642	2.46482421279477	89079	89079	89079			***
LT934125.1	-	TC_1782	1782	89145	89162	0	6	1882.054867	0	0	4.32992551647011	89153	89153	89153			***
LT934125.1	-	TC_1783	1783	89226	89226	0	1	27.285874	0	0	0	89226	89226	89226			*
LT934125.1	-	TC_1784	1784	89377	89388	0	1	81.857622	5.68203113013457	5.68203113013457	5.68203113013457	89377	89377	89377			*
LT934125.1	-	TC_1785	1785	89404	89404	0	1	24.301041	0	0	0	89404	89404	89404			*
LT934125.1	-	TC_1786	1786	89614	89642	28	5	1287.231759	0	0	4.74270983404608	89628	89614	89642			***
LT934125.1	-	TC_1787	1787	89693	89693	0	1	27.285874	0	0	0	89693	89693	89693			*
LT934125.1	-	TC_1788	1788	89828	89828	0	1	54.571748	0	0	0	89828	89828	89828			*
LT934125.1	-	TC_1789	1789	90202	90202	0	1	27.285874	0	0	0	90202	90202	90202			*
LT934125.1	-	TC_1790	1790	90326	90327	1	2	90.218536	0	0	0	90326	90326	90327			**
LT934125.1	-	TC_1791	1791	90482	90482	0	1	27.285874	0	0	0	90482	90482	90482			
LT934125.1	-	TC_1792	1792	90997	90997	0	1	27.285874	0	0	0	90997	90997	90997			*
LT934125.1	-	TC_1793	1793	91115	91133	12	3	193.392366	0	0	2.57798232963786	91123	91115	91127			**
LT934125.1	-	TC_1794	1794	91277	91277	0	2	103.46624	0	0	0	91277	91277	91277			**
LT934125.1	-	TC_1795	1795	91355	91361	1	6	1331.311938	0	0	2.00346226448678	91357	91356	91357			***
LT934125.1	-	TC_1796	1796	91437	91437	0	1	27.285874	0	0	0	91437	91437	91437			*
LT934125.1	-	TC_1797	1797	91493	91520	22	3	90.293701	0	0	2.58496250072116	91500	91493	91515			**
LT934125.1	-	TC_1798	1798	91797	91797	0	1	27.285874	0	0	0	91797	91797	91797			*
LT934125.1	-	TC_1799	1799	91995	91995	0	1	14.405745	0	0	0	91995	91995	91995			*
LT934125.1	-	TC_1800	1800	92074	92074	0	1	27.285874	0	0	0	92074	92074	92074			*
LT934125.1	-	TC_1801	1801	92125	92125	0	1	27.285874	0	0	0	92125	92125	92125			*
LT934125.1	-	TC_1802	1802	92217	92219	0	1	54.571748	1.58496250072116	1.58496250072116	1.58496250072116	92217	92217	92217			*
LT934125.1	-	TC_1803	1803	92303	92303	0	1	54.571748	0	0	0	92303	92303	92303			*
LT934125.1	-	TC_1804	1804	92362	92377	15	2	90.218536	0	0	0	92370	92362	92377			**
LT934125.1	-	TC_1805	1805	92413	92418	5	2	595.145045	0	0	0	92416	92413	92418			**
LT934125.1	-	TC_1806	1806	92481	92509	0	2	515.657964	2.6796990720431	2.6796990720431	10.3035446502214	92481	92481	92481			**
LT934125.1	-	TC_1807	1807	92503	92532	13	4	611.897744	0	0	7.8974330380068	92524	92515	92528			***
LT934125.1	-	TC_1808	1808	92566	92571	0	1	191.001119	2.96969500885922	2.96969500885922	2.96969500885922	92568	92568	92568			*
LT934125.1	-	TC_1809	1809	92624	92633	7	5	1461.228428	0	0	4.75488750216347	92629	92624	92631			***
LT934125.1	-	TC_1810	1810	92686	92687	1	2	80.939843	0	0	0	92686	92686	92687			*
LT934125.1	-	TC_1811	1811	92734	92735	1	3	701.303708	0	0	0	92734	92734	92735			***
LT934125.1	-	TC_1812	1812	92772	92777	1	3	365.210729	1	1	2.31269473149357	92774	92773	92774			***
LT934125.1	-	TC_1813	1813	92883	92883	0	1	27.285874	0	0	0	92883	92883	92883			*
LT934125.1	-	TC_1814	1814	92931	92941	0	6	81107.800396	0	0	1.98779452740516	92933	92933	92933			***
LT934125.1	-	TC_1815	1815	93102	93102	0	1	27.285874	0	0	0	93102	93102	93102			*
LT934125.1	-	TC_1816	1816	93166	93211	45	4	380.600116	0	0	0	93190	93166	93211			***
LT934125.1	-	TC_1817	1817	93263	93296	27	5	1312.915097	0	0	10.2488229975471	93274	93263	93290			***
LT934125.1	-	TC_1818	1818	93363	93402	16	5	599.683115	0	0	11.9901175466964	93375	93363	93379			***
LT934125.1	-	TC_1819	1819	93441	93441	0	1	567.859171	0	0	0	93441	93441	93441			*
LT934125.1	-	TC_1820	1820	93466	93483	6	5	3872.462392	1.73882566127229	1.73882566127229	6.82496197555092	93468	93466	93472			***
LT934125.1	-	TC_1821	1821	93571	93580	7	5	536.562282	0	0	3	93574	93571	93578			***
LT934125.1	-	TC_1822	1822	93654	93657	0	6	8802.454078	0	0	1.00651666924492	93654	93654	93654			***
LT934125.1	-	TC_1823	1823	93735	93735	0	1	27.285874	0	0	0	93735	93735	93735			*
LT934125.1	-	TC_1824	1824	93805	93805	0	1	62.932662	0	0	0	93805	93805	93805			*
LT934125.1	-	TC_1825	1825	93831	93851	20	2	75.887957	0	0	0	93841	93831	93851			*
LT934125.1	-	TC_1826	1826	93935	93945	5	2	199.362032	0	0	3.93412705407782	93938	93935	93940			**
LT934125.1	-	TC_1827	1827	93983	93983	0	1	54.571748	0	0	0	93983	93983	93983			*
LT934125.1	-	TC_1828	1828	94069	94069	0	1	62.932662	0	0	0	94069	94069	94069			*
LT934125.1	-	TC_1829	1829	94108	94108	0	2	51.586915	0	0	0	94108	94108	94108			*
LT934125.1	-	TC_1830	1830	94151	94151	0	1	241.779497	0	0	0	94151	94151	94151			*
LT934125.1	-	TC_1831	1831	94189	94204	12	3	169.091325	0	0	6.33985000288462	94196	94189	94201			**
LT934125.1	-	TC_1832	1832	94246	94246	0	1	62.932662	0	0	0	94246	94246	94246			*
LT934125.1	-	TC_1833	1833	94276	94291	0	1	109.143496	6	6	6	94276	94276	94276			*
LT934125.1	-	TC_1834	1834	94354	94354	0	1	62.932662	0	0	0	94354	94354	94354			*
LT934125.1	-	TC_1835	1835	94405	94411	0	1	125.865324	2.8073549220576	2.8073549220576	2.8073549220576	94405	94405	94405			*
LT934125.1	-	TC_1836	1836	94447	94460	11	2	113.720345	0	0	1.55305523566212	94452	94447	94458			**
LT934125.1	-	TC_1837	1837	94526	94533	0	6	9492.686429	1.16852966614612	1.16852966614612	2.66510681957616	94526	94526	94526			***
LT934125.1	-	TC_1838	1838	94617	94623	6	4	246.429732	0	0	2.58496250072116	94621	94617	94623			**
LT934125.1	-	TC_1839	1839	94730	94737	7	2	269.065371	0	0	0	94734	94730	94737			**
LT934125.1	-	TC_1840	1840	94789	94789	0	1	62.932662	0	0	0	94789	94789	94789			*
LT934125.1	-	TC_1841	1841	94861	94890	28	6	1478.355133	0	0	4.97322816962254	94882	94862	94890			***
LT934125.1	-	TC_1842	1842	94943	94950	1	6	72603.729756	0	0	2.31033389168102	94946	94946	94947			***
LT934125.1	-	TC_1843	1843	95006	95022	16	4	954.428952	0	0	0	95013	95006	95022			***
LT934125.1	-	TC_1844	1844	95145	95155	10	2	90.218536	0	0	0	95150	95145	95155			**
LT934125.1	-	TC_1845	1845	95392	95392	0	1	27.285874	0	0	0	95392	95392	95392			*
LT934125.1	-	TC_1846	1846	95506	95506	0	1	27.285874	0	0	0	95506	95506	95506			*
LT934125.1	-	TC_1847	1847	95564	95567	3	2	51.586915	0	0	0	95566	95564	95567			*
LT934125.1	-	TC_1848	1848	95691	95694	0	5	1212.473309	0	0	1.62255624528781	95694	95694	95694			***
LT934125.1	-	TC_1849	1849	95792	95792	0	1	27.285874	0	0	0	95792	95792	95792			*
LT934125.1	-	TC_1850	1850	95868	95885	17	4	356.299074	0	0	0	95876	95868	95885			***
LT934125.1	-	TC_1851	1851	95933	95937	4	2	595.145045	0	0	0	95935	95933	95937			**
LT934125.1	-	TC_1852	1852	95978	95978	0	1	27.285874	0	0	0	95978	95978	95978			*
LT934125.1	-	TC_1853	1853	96086	96086	0	1	54.571748	0	0	0	96086	96086	96086			*
LT934125.1	-	TC_1854	1854	96115	96193	59	5	2934.134945	1.98806042223828	1.98806042223828	12.7525403306903	96146	96121	96180			***
LT934125.1	-	TC_1855	1855	96231	96240	9	2	604.310733	0	0	0	96236	96231	96240			**
LT934125.1	-	TC_1856	1856	96282	96309	23	4	2555.032824	0	0	6.60917475810568	96291	96282	96305			***
LT934125.1	-	TC_1857	1857	96366	96369	3	2	693.724495	0	0	0	96368	96366	96369			**
LT934125.1	-	TC_1858	1858	96421	96441	20	2	1198.651004	0	0	1	96431	96421	96441			**
LT934125.1	-	TC_1859	1859	96481	96481	0	1	62.932662	0	0	0	96481	96481	96481			*
LT934125.1	-	TC_1860	1860	96540	96554	14	2	90.218536	0	0	0	96547	96540	96554			**
LT934125.1	-	TC_1861	1861	96596	96603	0	2	203.331043	0	0	5.75488750216347	96598	96598	96598			**
LT934125.1	-	TC_1862	1862	96660	96660	0	1	62.932662	0	0	0	96660	96660	96660			*
LT934125.1	-	TC_1863	1863	96698	96698	0	1	27.285874	0	0	0	96698	96698	96698			*
LT934125.1	-	TC_1864	1864	96727	96729	2	2	630.791833	0	0	0	96728	96727	96729			**
LT934125.1	-	TC_1865	1865	96834	96846	12	3	573.77753	0	0	0	96838	96834	96846			***
LT934125.1	-	TC_1866	1866	96906	96923	17	3	331.998033	0	0	0	96912	96906	96923			***
LT934125.1	-	TC_1867	1867	96959	96962	3	4	2054.859794	0	0	1.58496250072116	96961	96959	96962			***
LT934125.1	-	TC_1868	1868	97020	97022	0	1	188.797986	1.45546446154482	1.45546446154482	1.45546446154482	97022	97022	97022			*
LT934125.1	-	TC_1869	1869	97050	97050	0	1	24.301041	0	0	0	97050	97050	97050			*
LT934125.1	-	TC_1870	1870	97076	97087	11	3	658.077707	0	0	0	97081	97076	97087			***
LT934125.1	-	TC_1871	1871	97116	97122	6	2	45.293055	0	0	0	97119	97116	97122			*
LT934125.1	-	TC_1872	1872	97170	97178	8	5	1326.668154	0	0	2.32192809488736	97174	97170	97178			***
LT934125.1	-	TC_1873	1873	97288	97288	0	1	567.859171	0	0	0	97288	97288	97288			*
LT934125.1	-	TC_1874	1874	97337	97368	22	6	56879.026948	0	0	2.69056360351948	97346	97339	97361			***
LT934125.1	-	TC_1875	1875	98164	98164	0	1	27.285874	0	0	0	98164	98164	98164			
LT934125.1	-	TC_1876	1876	98246	98246	0	1	27.285874	0	0	0	98246	98246	98246			*
LT934125.1	-	TC_1877	1877	98305	98305	0	1	27.285874	0	0	0	98305	98305	98305			
LT934125.1	-	TC_1878	1878	98413	98417	4	5	651.811469	0	0	1.58496250072116	98415	98413	98417			***
LT934125.1	-	TC_1879	1879	98563	98570	0	1	64.825853	4.59147917153281	4.59147917153281	4.59147917153281	98563	98563	98563			
LT934125.1	-	TC_1880	1880	98589	98599	7	4	628.77542	0	0	1.74796209337724	98594	98589	98596			***
LT934125.1	-	TC_1881	1881	98666	98666	0	1	241.779497	0	0	0	98666	98666	98666			*
LT934125.1	-	TC_1882	1882	98692	98692	0	1	62.932662	0	0	0	98692	98692	98692			*
LT934125.1	-	TC_1883	1883	98729	98729	0	1	27.285874	0	0	0	98729	98729	98729			
LT934125.1	-	TC_1884	1884	98759	98759	0	1	24.301041	0	0	0	98759	98759	98759			
LT934125.1	-	TC_1885	1885	98816	98836	20	2	78.872789	0	0	0	98826	98816	98836			
LT934125.1	-	TC_1886	1886	98927	98927	0	1	14.405745	0	0	0	98927	98927	98927			
LT934125.1	-	TC_1887	1887	98970	98986	16	4	383.584948	0	0	0	98975	98970	98986			
LT934125.1	-	TC_1888	1888	99028	99028	0	1	241.779497	0	0	0	99028	99028	99028			
LT934125.1	-	TC_1889	1889	99200	99200	0	1	27.285874	0	0	0	99200	99200	99200			
LT934125.1	-	TC_1890	1890	99396	99396	0	1	27.285874	0	0	0	99396	99396	99396			
LT934125.1	-	TC_1891	1891	99559	99563	0	1	483.558994	2.32192809488736	2.32192809488736	2.32192809488736	99559	99559	99559			
LT934125.1	-	TC_1892	1892	99698	99703	5	2	595.145045	0	0	0	99700	99698	99703			
LT934125.1	-	TC_1893	1893	99776	99777	1	2	266.080538	0	0	0	99776	99776	99777			
LT934125.1	-	TC_1894	1894	99839	99849	10	3	305.516933	0	0	0	99843	99839	99849			
LT934125.1	-	TC_1895	1895	99958	99958	0	1	27.285874	0	0	0	99958	99958	99958			
LT934125.1	-	TC_1896	1896	100060	100060	0	1	27.285874	0	0	0	100060	100060	100060			
LT934125.1	-	TC_1897	1897	100128	100128	0	2	63.007828	0	0	0	100128	100128	100128			
LT934125.1	-	TC_1898	1898	100225	100235	10	2	87.233703	0	0	0	100230	100225	100235			
LT934125.1	-	TC_1899	1899	100292	100292	0	1	27.285874	0	0	0	100292	100292	100292			
LT934125.1	-	TC_1900	1900	100334	100334	0	1	27.285874	0	0	0	100334	100334	100334			
LT934125.1	-	TC_1901	1901	100776	100776	0	1	241.779497	0	0	0	100776	100776	100776			*
LT934125.1	-	TC_1902	1902	100952	100952	0	1	27.285874	0	0	0	100952	100952	100952			
LT934125.1	-	TC_1903	1903	101111	101111	0	1	21.608618	0	0	0	101111	101111	101111			*
LT934125.1	-	TC_1904	1904	101197	101199	0	1	39.615799	1.49883611827611	1.49883611827611	1.49883611827611	101199	101199	101199			
LT934125.1	-	TC_1905	1905	101237	101240	0	1	108.043087	1.30004483613312	1.30004483613312	1.30004483613312	101240	101240	101240			*
LT934125.1	-	TC_1906	1906	101324	101324	0	1	27.285874	0	0	0	101324	101324	101324			*
LT934125.1	-	TC_1907	1907	101390	101390	0	1	27.285874	0	0	0	101390	101390	101390			
LT934125.1	-	TC_1908	1908	101449	101449	0	1	24.301041	0	0	0	101449	101449	101449			
LT934125.1	-	TC_1909	1909	101779	101782	3	3	295.396164	1.88536638146119	1.88536638146119	2	101781	101779	101782			**
LT934125.1	-	TC_1910	1910	101893	101893	0	1	21.608618	0	0	0	101893	101893	101893			*
LT934125.1	-	TC_1911	1911	101970	101970	0	1	27.285874	0	0	0	101970	101970	101970			*
LT934125.1	-	TC_1912	1912	101997	101997	0	1	62.932662	0	0	0	101997	101997	101997			*
LT934125.1	-	TC_1913	1913	102039	102039	0	1	18.007181	0	0	0	102039	102039	102039			*
LT934125.1	-	TC_1914	1914	102105	102105	0	1	27.285874	0	0	0	102105	102105	102105			*
LT934125.1	-	TC_1915	1915	102202	102222	20	3	131.910155	0	0	0	102215	102202	102222			**
LT934125.1	-	TC_1916	1916	102377	102377	0	1	14.405745	0	0	0	102377	102377	102377			*
LT934125.1	-	TC_1917	1917	102457	102457	0	1	27.285874	0	0	0	102457	102457	102457			*
LT934125.1	-	TC_1918	1918	102626	102683	57	5	1628.568048	0	0	10.7205171233271	102650	102626	102683			***
LT934125.1	-	TC_1919	1919	102750	102750	0	1	27.285874	0	0	0	102750	102750	102750			*
LT934125.1	-	TC_1920	1920	103401	103401	0	1	62.932662	0	0	0	103401	103401	103401			*
LT934125.1	-	TC_1921	1921	103735	103738	3	3	101.639448	0	0	0	103736	103735	103738			**
LT934125.1	-	TC_1922	1922	103874	103874	0	1	62.932662	0	0	0	103874	103874	103874			*
LT934125.1	-	TC_1923	1923	103918	103918	0	1	27.285874	0	0	0	103918	103918	103918			*
LT934125.1	-	TC_1924	1924	104267	104267	0	1	62.932662	0	0	0	104267	104267	104267			*
LT934125.1	-	TC_1925	1925	104542	104542	0	1	27.285874	0	0	0	104542	104542	104542			*
LT934125.1	-	TC_1926	1926	105080	105080	0	1	24.301041	0	0	0	105080	105080	105080			*
LT934125.1	-	TC_1927	1927	105641	105641	0	1	241.779497	0	0	0	105641	105641	105641			*
LT934125.1	-	TC_1928	1928	105677	105696	19	2	90.218536	0	0	0	105686	105677	105696			**
LT934125.1	-	TC_1929	1929	105752	105752	0	1	62.932662	0	0	0	105752	105752	105752			*
LT934125.1	-	TC_1930	1930	105947	105947	0	1	27.285874	0	0	0	105947	105947	105947			*
LT934125.1	-	TC_1931	1931	106062	106062	0	1	24.301041	0	0	0	106062	106062	106062			*
LT934125.1	-	TC_1932	1932	106229	106229	0	1	27.285874	0	0	0	106229	106229	106229			*
LT934125.1	-	TC_1933	1933	106436	106436	0	1	27.285874	0	0	0	106436	106436	106436			*
LT934125.1	-	TC_1934	1934	106465	106466	1	2	50.857307	0	0	0	106466	106465	106466			*
LT934125.1	-	TC_1935	1935	106531	106550	19	3	169.091325	0	0	0	106537	106531	106550			**
LT934125.1	-	TC_1936	1936	106601	106606	5	2	90.218536	0	0	0	106604	106601	106606			**
LT934125.1	-	TC_1937	1937	106691	106705	14	2	90.218536	0	0	0	106698	106691	106705			**
LT934125.1	-	TC_1938	1938	106912	106912	0	1	62.932662	0	0	0	106912	106912	106912			*
LT934125.1	-	TC_1939	1939	106937	106937	0	1	27.285874	0	0	0	106937	106937	106937			*
LT934125.1	-	TC_1940	1940	107006	107006	0	1	27.285874	0	0	0	107006	107006	107006			*
LT934125.1	-	TC_1941	1941	107049	107067	18	2	87.233703	0	0	0	107058	107049	107067			**
LT934125.1	-	TC_1942	1942	107099	107099	0	1	62.932662	0	0	0	107099	107099	107099			*
LT934125.1	-	TC_1943	1943	107209	107209	0	1	27.285874	0	0	0	107209	107209	107209			*
LT934125.1	-	TC_1944	1944	107261	107261	0	1	27.285874	0	0	0	107261	107261	107261			*
LT934125.1	-	TC_1945	1945	107288	107288	0	1	25.210054	0	0	0	107288	107288	107288			*
LT934125.1	-	TC_1946	1946	107365	107382	7	6	12367.046274	0	0	3.1549024322832	107369	107365	107372			***
LT934125.1	-	TC_1947	1947	107425	107425	0	1	27.285874	0	0	0	107425	107425	107425			*
LT934125.1	-	TC_1948	1948	107461	107462	1	3	292.636804	0	0	0	107461	107461	107462			**
LT934125.1	-	TC_1949	1949	107556	107564	0	6	10238.850526	0	0	1.08712888603634	107559	107559	107559			***
LT934125.1	-	TC_1950	1950	107630	107650	20	3	658.077707	0	0	0	107643	107630	107650			***
LT934125.1	-	TC_1951	1951	107731	107731	0	1	62.932662	0	0	0	107731	107731	107731			*
LT934125.1	-	TC_1952	1952	107834	107834	0	3	109.030491	0	0	0	107834	107834	107834			**
LT934125.1	-	TC_1953	1953	107944	107944	0	1	62.932662	0	0	0	107944	107944	107944			*
LT934125.1	-	TC_1954	1954	108044	108046	0	2	97.788983	0	0	1.55305523046967	108044	108044	108044			**
LT934125.1	-	TC_1955	1955	108165	108165	0	1	62.932662	0	0	0	108165	108165	108165			*
LT934125.1	-	TC_1956	1956	108303	108303	0	1	27.285874	0	0	0	108303	108303	108303			*
LT934125.1	-	TC_1957	1957	108387	108480	2	6	7477.615322	0	0	20.9662460406519	108406	108405	108407			***
LT934125.1	-	TC_1958	1958	108448	108448	0	1	241.779497	0	0	0	108448	108448	108448			*
LT934125.1	-	TC_1959	1959	108715	108716	1	3	93.895138	0	0	0	108715	108715	108716			**
LT934125.1	-	TC_1960	1960	109374	109377	3	2	51.586915	0	0	0	109376	109374	109377			
LT934125.1	-	TC_1961	1961	109443	109443	0	1	27.285874	0	0	0	109443	109443	109443			
LT934125.1	-	TC_1962	1962	109469	109469	0	1	24.301041	0	0	0	109469	109469	109469			
LT934125.1	-	TC_1963	1963	109561	109561	0	1	27.285874	0	0	0	109561	109561	109561			
LT934125.1	-	TC_1964	1964	109633	109633	0	1	14.405745	0	0	0	109633	109633	109633			
LT934125.1	-	TC_1965	1965	109702	109702	0	1	27.285874	0	0	0	109702	109702	109702			
LT934125.1	-	TC_1966	1966	109733	109771	38	4	141.075843	0	0	0	109754	109733	109771			
LT934125.1	-	TC_1967	1967	109801	109801	0	1	62.932662	0	0	0	109801	109801	109801			
LT934125.1	-	TC_1968	1968	109871	109871	0	1	27.285874	0	0	0	109871	109871	109871			
LT934125.1	-	TC_1969	1969	110000	110000	0	1	27.285874	0	0	0	110000	110000	110000			
LT934125.1	-	TC_1970	1970	110111	110111	0	1	27.285874	0	0	0	110111	110111	110111			
LT934125.1	-	TC_1971	1971	110152	110157	5	2	90.218536	0	0	0	110154	110152	110157			
LT934125.1	-	TC_1972	1972	110350	110350	0	1	27.285874	0	0	0	110350	110350	110350			
LT934125.1	-	TC_1973	1973	110519	110519	0	1	27.285874	0	0	0	110519	110519	110519			
LT934125.1	-	TC_1974	1974	110619	110619	0	1	27.285874	0	0	0	110619	110619	110619			
LT934125.1	-	TC_1975	1975	110662	110662	0	1	27.285874	0	0	0	110662	110662	110662			
LT934125.1	-	TC_1976	1976	110702	110702	0	1	62.932662	0	0	0	110702	110702	110702			
LT934125.1	-	TC_1977	1977	110742	110754	12	4	483.773946	0	0	4.09706862941342	110749	110742	110754			
LT934125.1	-	TC_1978	1978	110832	110832	0	1	24.301041	0	0	0	110832	110832	110832			
LT934125.1	-	TC_1979	1979	110867	110873	0	2	96.263367	0	0	2.57798232963786	110867	110867	110867			
LT934125.1	-	TC_1980	1980	110950	110970	20	3	658.077707	0	0	0	110963	110950	110970			
LT934125.1	-	TC_1981	1981	111099	111106	3	5	942.926365	0	0	3.59619048602005	111104	111103	111106			
LT934125.1	-	TC_1982	1982	111196	111196	0	1	62.932662	0	0	0	111196	111196	111196			
LT934125.1	-	TC_1983	1983	111662	111662	0	1	241.779497	0	0	0	111662	111662	111662			
LT934125.1	-	TC_1984	1984	111713	111713	0	2	51.586915	0	0	0	111713	111713	111713			
LT934125.1	-	TC_1985	1985	111962	111972	10	2	277.79386	0	0	0	111967	111962	111972			
LT934125.1	-	TC_1986	1986	112045	112045	0	1	62.932662	0	0	0	112045	112045	112045			
LT934125.1	-	TC_1987	1987	112306	112306	0	1	241.779497	0	0	0	112306	112306	112306			
LT934125.1	-	TC_1988	1988	112476	112476	0	1	27.285874	0	0	0	112476	112476	112476			
LT934125.1	-	TC_1989	1989	112543	112543	0	1	567.859171	0	0	0	112543	112543	112543			
LT934125.1	-	TC_1990	1990	112864	112864	0	1	62.932662	0	0	0	112864	112864	112864			
LT934125.1	-	TC_1991	1991	112949	112949	0	1	27.285874	0	0	0	112949	112949	112949			
LT934125.1	-	TC_1992	1992	113087	113107	16	5	504.57779	0	0	2.2544774595405	113100	113087	113103			
LT934125.1	-	TC_1993	1993	113156	113156	0	3	149.917336	0	0	0	113156	113156	113156			
LT934125.1	-	TC_1994	1994	113309	113333	24	2	269.065371	0	0	0	113321	113309	113333			
LT934125.1	-	TC_1995	1995	113391	113391	0	1	27.285874	0	0	0	113391	113391	113391			
LT934125.1	-	TC_1996	1996	113517	113543	26	3	69.594096	0	0	0	113532	113517	113543			
LT934125.1	-	TC_1997	1997	113776	113776	0	1	21.608618	0	0	0	113776	113776	113776			
LT934125.1	-	TC_1998	1998	113939	113939	0	1	14.405745	0	0	0	113939	113939	113939			
LT934125.1	-	TC_1999	1999	114031	114031	0	1	27.285874	0	0	0	114031	114031	114031			
LT934125.1	-	TC_2000	2000	114131	114132	0	2	147.473942	0	0	1	114131	114131	114131			
LT934125.1	-	TC_2001	2001	114221	114224	2	2	56.097364	0	0	1	114222	114221	114223			
LT934125.1	-	TC_2002	2002	114292	114292	0	1	27.285874	0	0	0	114292	114292	114292			
LT934125.1	-	TC_2003	2003	114426	114426	0	1	18.007181	0	0	0	114426	114426	114426			
LT934125.1	-	TC_2004	2004	114504	114504	0	1	14.405745	0	0	0	114504	114504	114504			
LT934125.1	-	TC_2005	2005	114692	114692	0	1	18.007181	0	0	0	114692	114692	114692			
LT934125.1	-	TC_2006	2006	114784	114784	0	1	21.608618	0	0	0	114784	114784	114784			
LT934125.1	-	TC_2007	2007	114991	114992	1	2	41.691619	0	0	0	114992	114991	114992			
LT934125.1	-	TC_2008	2008	115452	115452	0	1	27.285874	0	0	0	115452	115452	115452			*
LT934125.1	-	TC_2009	2009	115526	115526	0	1	24.301041	0	0	0	115526	115526	115526			*
LT934125.1	-	TC_2010	2010	115584	115587	1	2	72.578929	0	0	1.58496250072116	115584	115584	115585			*
LT934125.1	-	TC_2011	2011	115834	115834	0	1	62.932662	0	0	0	115834	115834	115834			*
LT934125.1	-	TC_2012	2012	115861	115878	17	2	269.065371	0	0	0	115870	115861	115878			**
LT934125.1	-	TC_2013	2013	116357	116357	0	1	27.285874	0	0	0	116357	116357	116357			*
LT934125.1	-	TC_2014	2014	116418	116418	0	1	567.859171	0	0	0	116418	116418	116418			*
LT934125.1	-	TC_2015	2015	116443	116472	1	5	2847.450098	0	0	4.5852466762109	116447	116447	116448			***
LT934125.1	-	TC_2016	2016	116488	116488	0	1	567.859171	0	0	0	116488	116488	116488			*
LT934125.1	-	TC_2017	2017	116523	116542	2	5	1655.481726	0	0	4.48614513110353	116540	116540	116542			***
LT934125.1	-	TC_2018	2018	116575	116575	0	1	567.859171	0	0	0	116575	116575	116575			*
LT934125.1	-	TC_2019	2019	116642	116685	43	3	240.384901	0	0	2.57798232963786	116664	116642	116685			**
LT934125.1	-	TC_2020	2020	116725	116735	3	4	622.349299	0	0	2.8073549220576	116728	116726	116729			***
LT934125.1	-	TC_2021	2021	116784	116785	1	2	79.781802	0	0	0	116784	116784	116785			*
LT934125.1	-	TC_2022	2022	116811	116834	23	2	88.038477	0	0	0	116822	116811	116834			**
LT934125.1	-	TC_2023	2023	116859	116866	1	2	203.866427	0	0	3.72583809469242	116864	116864	116865			**
LT934125.1	-	TC_2024	2024	116918	116918	0	1	241.779497	0	0	0	116918	116918	116918			*
LT934125.1	-	TC_2025	2025	117040	117040	0	1	27.285874	0	0	0	117040	117040	117040			*
LT934125.1	-	TC_2026	2026	117416	117416	0	1	62.932662	0	0	0	117416	117416	117416			*
LT934125.1	-	TC_2027	2027	118060	118074	14	2	269.065371	0	0	0	118067	118060	118074			**
LT934125.1	-	TC_2028	2028	118278	118278	0	1	241.779497	0	0	0	118278	118278	118278			*
LT934125.1	-	TC_2029	2029	118376	118400	24	5	1092.166695	0	0	5.03213106089574	118390	118376	118400			***
LT934125.1	-	TC_2030	2030	118724	118743	10	3	973.353912	0	0	3.05051273056363	118731	118724	118734			***
LT934125.1	-	TC_2031	2031	118809	118809	0	2	90.218536	0	0	0	118809	118809	118809			**
LT934125.1	-	TC_2032	2032	118882	118882	0	1	27.285874	0	0	0	118882	118882	118882			
LT934125.1	-	TC_2033	2033	118964	118964	0	1	27.285874	0	0	0	118964	118964	118964			
LT934125.1	-	TC_2034	2034	119058	119058	0	1	27.285874	0	0	0	119058	119058	119058			*
LT934125.1	-	TC_2035	2035	119190	119190	0	1	36.451562	0	0	0	119190	119190	119190			*
LT934125.1	-	TC_2036	2036	119491	119491	0	1	27.285874	0	0	0	119491	119491	119491			*
LT934125.1	-	TC_2037	2037	119544	119544	0	1	27.285874	0	0	0	119544	119544	119544			
LT934125.1	-	TC_2038	2038	119777	119777	0	1	27.285874	0	0	0	119777	119777	119777			
LT934125.1	-	TC_2039	2039	120107	120107	0	1	27.285874	0	0	0	120107	120107	120107			
LT934125.1	-	TC_2040	2040	120202	120202	0	1	27.285874	0	0	0	120202	120202	120202			
LT934125.1	-	TC_2041	2041	120258	120258	0	1	27.285874	0	0	0	120258	120258	120258			
LT934125.1	-	TC_2042	2042	120431	120431	0	1	24.301041	0	0	0	120431	120431	120431			
LT934125.1	-	TC_2043	2043	120660	120660	0	1	27.285874	0	0	0	120660	120660	120660			
LT934125.1	-	TC_2044	2044	120880	120882	2	2	45.909659	0	0	0	120881	120880	120882			
LT934125.1	-	TC_2045	2045	120917	120917	0	1	62.932662	0	0	0	120917	120917	120917			
LT934125.1	-	TC_2046	2046	121033	121033	0	1	27.285874	0	0	0	121033	121033	121033			
LT934125.1	-	TC_2047	2047	122085	122101	16	2	90.218536	0	0	0	122093	122085	122101			
LT934125.1	-	TC_2048	2048	122439	122439	0	1	54.571748	0	0	0	122439	122439	122439			
LT934125.1	-	TC_2049	2049	122741	122741	0	1	27.285874	0	0	0	122741	122741	122741			
LT934125.1	-	TC_2050	2050	122781	122781	0	1	27.285874	0	0	0	122781	122781	122781			
LT934125.1	-	TC_2051	2051	123420	123420	0	1	27.285874	0	0	0	123420	123420	123420			
LT934125.1	-	TC_2052	2052	123596	123596	0	1	27.285874	0	0	0	123596	123596	123596			
LT934125.1	-	TC_2053	2053	123802	123802	0	1	27.285874	0	0	0	123802	123802	123802			
LT934125.1	-	TC_2054	2054	124082	124082	0	1	62.932662	0	0	0	124082	124082	124082			
LT934125.1	-	TC_2055	2055	124260	124260	0	1	62.932662	0	0	0	124260	124260	124260			
LT934125.1	-	TC_2056	2056	124700	124705	0	6	3521.559651	0	0	1	124704	124704	124704			***
LT934125.1	-	TC_2057	2057	124747	124747	0	1	27.285874	0	0	0	124747	124747	124747			*
LT934125.1	-	TC_2058	2058	125018	125018	0	1	27.285874	0	0	0	125018	125018	125018			*
LT934125.1	-	TC_2059	2059	125309	125309	0	1	27.285874	0	0	0	125309	125309	125309			*
LT934125.1	-	TC_2060	2060	125594	125611	17	2	269.065371	0	0	0	125602	125594	125611			**
LT934125.1	-	TC_2061	2061	125720	125720	0	1	62.932662	0	0	0	125720	125720	125720			*
LT934125.1	-	TC_2062	2062	125935	125935	0	1	27.285874	0	0	0	125935	125935	125935			*
LT934125.1	-	TC_2063	2063	126109	126109	0	2	90.218536	0	0	0	126109	126109	126109			**
LT934125.1	-	TC_2064	2064	126157	126157	0	1	27.285874	0	0	0	126157	126157	126157			*
LT934125.1	-	TC_2065	2065	126302	126302	0	1	27.285874	0	0	0	126302	126302	126302			*
LT934125.1	-	TC_2066	2066	126413	126420	0	1	54.571748	3	3	3	126413	126413	126413			*
LT934125.1	-	TC_2067	2067	126471	126471	0	1	14.405745	0	0	0	126471	126471	126471			*
LT934125.1	-	TC_2068	2068	126522	126522	0	1	27.285874	0	0	0	126522	126522	126522			
LT934125.1	-	TC_2069	2069	126734	126734	0	1	27.285874	0	0	0	126734	126734	126734			*
LT934125.1	-	TC_2070	2070	126881	126881	0	1	27.285874	0	0	0	126881	126881	126881			*
LT934125.1	-	TC_2071	2071	126944	126945	1	2	88.038477	0	0	0	126944	126944	126945			**
LT934125.1	-	TC_2072	2072	126997	127008	1	6	6305.204618	0	0	1.73539813508941	126998	126998	126999			***
LT934125.1	-	TC_2073	2073	127062	127092	20	2	6403.930201	2.13221689650914	2.13221689650914	2.27754563585801	127076	127066	127086			**
LT934125.1	-	TC_2074	2074	127105	127174	17	6	18190.28677	0	0	18.5760799554559	127129	127116	127133			***
LT934125.1	-	TC_2075	2075	127173	127218	19	5	10896.242244	1.83659166810898	1.83659166810898	13.2920740780868	127187	127174	127193			***
LT934125.1	-	TC_2076	2076	127239	127257	1	6	29351.313074	0	0	8.52548013407974	127239	127239	127240			***
LT934125.1	-	TC_2077	2077	127284	127364	3	6	56029.023813	0.721928094922582	0.721928094922582	17.4838711665093	127287	127286	127289			***
LT934125.1	-	TC_2078	2078	127363	127363	0	1	162.064631	0	0	0	127363	127363	127363			*
LT934125.1	-	TC_2079	2079	127395	127456	3	4	14121.815865	3.52548961813016	3.52548961813016	11.9629158409085	127402	127401	127404			***
LT934125.1	-	TC_2080	2080	127399	127432	1	2	4011.013824	0	0	12.9693730952576	127432	127431	127432			**
LT934125.1	-	TC_2081	2081	127473	127501	3	6	6068.998926	0	0	6.26703847118663	127491	127490	127493			***
LT934125.1	-	TC_2082	2082	127532	127599	64	6	3782.162223	0	0	15.918990188199	127578	127532	127596			***
LT934125.1	-	TC_2083	2083	127641	127706	2	5	6409.268278	3.93412705407782	3.93412705407782	14.9053903997332	127642	127641	127643			***
LT934125.1	-	TC_2084	2084	127692	127707	7	3	674.265895	5.63048002211039	5.63048002211039	7.54577973322379	127695	127692	127699			***
LT934125.1	-	TC_2085	2085	127738	127774	1	4	2090.295392	0	0	11.4051805627671	127743	127743	127744			***
LT934125.1	-	TC_2086	2086	127823	127824	1	5	3044.192611	0	0	0	127823	127823	127824			***
LT934125.1	-	TC_2087	2087	127871	127875	1	6	5400.923328	0	0	2.48134106250313	127873	127873	127874			***
LT934125.1	-	TC_2088	2088	127963	127964	1	2	302.5321	0	0	0.970950592528949	127964	127963	127964			**
LT934125.1	-	TC_2089	2089	127992	128016	24	4	789.987862	0	0	0	127998	127992	128016			***
LT934125.1	-	TC_2090	2090	128166	128166	0	1	27.285874	0	0	0	128166	128166	128166			*
LT934125.1	-	TC_2091	2091	128231	128242	11	3	619.446086	0	0	0	128235	128231	128242			***
LT934125.1	-	TC_2092	2092	128285	128285	0	1	27.285874	0	0	0	128285	128285	128285			*
LT934125.1	-	TC_2093	2093	128328	128328	0	1	62.932662	0	0	0	128328	128328	128328			*
LT934125.1	-	TC_2094	2094	128461	128461	0	2	595.145045	0	0	0	128461	128461	128461			**
LT934125.1	-	TC_2095	2095	128532	128537	0	1	125.865324	2.58496250072116	2.58496250072116	2.58496250072116	128532	128532	128532			*
LT934125.1	-	TC_2096	2096	128564	128564	0	1	24.301041	0	0	0	128564	128564	128564			*
LT934125.1	-	TC_2097	2097	128620	128624	4	2	51.586915	0	0	0	128622	128620	128624			*
LT934125.1	-	TC_2098	2098	128673	128690	10	2	117.50441	0	0	3	128678	128673	128683			**
LT934125.1	-	TC_2099	2099	128729	128737	0	6	180849.555395	0.649375692460892	0.649375692460892	3.17302260726056	128732	128732	128732			***
LT934125.1	-	TC_2100	2100	128880	128888	6	2	200.154814	0	0	1.92482546882005	128885	128882	128888			**
LT934125.1	-	TC_2101	2101	128956	128958	0	1	61.224417	1.4845826812512	1.4845826812512	1.4845826812512	128956	128956	128956			
LT934125.1	-	TC_2102	2102	129439	129439	0	1	62.932662	0	0	0	129439	129439	129439			*
LT934125.1	-	TC_2103	2103	129717	129718	1	3	115.42859	0	0	0	129718	129717	129718			**
LT934125.1	-	TC_2104	2104	130029	130029	0	1	27.285874	0	0	0	130029	130029	130029			*
LT934125.1	-	TC_2105	2105	130092	130092	0	1	27.285874	0	0	0	130092	130092	130092			*
LT934125.1	-	TC_2106	2106	130271	130277	1	2	99.864803	0	0	4.09706862941342	130272	130271	130272			**
LT934125.1	-	TC_2107	2107	130360	130360	0	1	27.285874	0	0	0	130360	130360	130360			*
LT934125.1	-	TC_2108	2108	130538	130538	0	1	27.285874	0	0	0	130538	130538	130538			*
LT934125.1	-	TC_2109	2109	130630	130630	0	1	27.285874	0	0	0	130630	130630	130630			*
LT934125.1	-	TC_2110	2110	130688	130688	0	1	27.285874	0	0	0	130688	130688	130688			*
LT934125.1	-	TC_2111	2111	130774	130774	0	1	18.007181	0	0	0	130774	130774	130774			*
LT934125.1	-	TC_2112	2112	130820	130834	13	5	1106.576475	0	0	2.957325854489	130830	130820	130833			***
LT934125.1	-	TC_2113	2113	130892	130894	0	3	166.398902	0	0	1.45546446154482	130892	130892	130892			**
LT934125.1	-	TC_2114	2114	130973	130974	1	2	595.145045	0	0	0	130974	130973	130974			**
LT934125.1	-	TC_2115	2115	131193	131193	0	1	27.285874	0	0	0	131193	131193	131193			*
LT934125.1	-	TC_2116	2116	131305	131305	0	1	27.285874	0	0	0	131305	131305	131305			
LT934125.1	-	TC_2117	2117	131409	131417	0	1	54.571748	3.16992500144231	3.16992500144231	3.16992500144231	131409	131409	131409			
LT934125.1	-	TC_2118	2118	131626	131626	0	1	27.285874	0	0	0	131626	131626	131626			
LT934125.1	-	TC_2119	2119	131926	131931	5	3	329.0132	0	0	0	131929	131926	131931			***
LT934125.1	-	TC_2120	2120	132470	132485	15	3	836.924542	0	0	0	132478	132470	132485			
LT934125.1	-	TC_2121	2121	132625	132625	0	1	241.779497	0	0	0	132625	132625	132625			
LT934125.1	-	TC_2122	2122	132886	132886	0	1	27.285874	0	0	0	132886	132886	132886			*
LT934125.1	-	TC_2123	2123	132949	132949	0	1	54.571748	0	0	0	132949	132949	132949			*
LT934125.1	-	TC_2124	2124	132996	132996	0	1	241.779497	0	0	0	132996	132996	132996			*
LT934125.1	-	TC_2125	2125	133021	133028	3	4	1509.093481	1.83659166539424	1.83659166539424	5.39553429702283	133026	133025	133028			***
LT934125.1	-	TC_2126	2126	133077	133077	0	1	27.285874	0	0	0	133077	133077	133077			*
LT934125.1	-	TC_2127	2127	133114	133117	3	2	87.308869	0	0	1.83659165896442	133116	133114	133117			**
LT934125.1	-	TC_2128	2128	133209	133224	15	2	269.065371	0	0	0	133216	133209	133224			**
LT934125.1	-	TC_2129	2129	133274	133276	0	2	150.166365	0	0	1.58496250072116	133274	133274	133274			**
LT934125.1	-	TC_2130	2130	133310	133310	0	1	54.571748	0	0	0	133310	133310	133310			*
LT934125.1	-	TC_2131	2131	133363	133363	0	1	241.779497	0	0	0	133363	133363	133363			*
LT934125.1	-	TC_2132	2132	133515	133515	0	1	27.285874	0	0	0	133515	133515	133515			*
LT934125.1	-	TC_2133	2133	133570	133570	0	1	27.285874	0	0	0	133570	133570	133570			*
LT934125.1	-	TC_2134	2134	134040	134048	0	1	109.143496	6.33985000288462	6.33985000288462	6.33985000288462	134040	134040	134040			*
LT934125.1	-	TC_2135	2135	134077	134077	0	1	567.859171	0	0	0	134077	134077	134077			
LT934125.1	-	TC_2136	2136	134199	134199	0	1	567.859171	0	0	0	134199	134199	134199			*
LT934125.1	-	TC_2137	2137	134354	134354	0	1	62.932662	0	0	0	134354	134354	134354			
LT934125.1	-	TC_2138	2138	134382	134390	0	1	54.571748	3.16992500144231	3.16992500144231	3.16992500144231	134382	134382	134382			
LT934125.1	-	TC_2139	2139	134410	134410	0	2	213.099027	0	0	0	134410	134410	134410			**
LT934125.1	-	TC_2140	2140	134714	134714	0	1	62.932662	0	0	0	134714	134714	134714			*
LT934125.1	-	TC_2141	2141	134769	134769	0	1	62.932662	0	0	0	134769	134769	134769			
LT934125.1	-	TC_2142	2142	135149	135149	0	1	27.285874	0	0	0	135149	135149	135149			*
LT934125.1	-	TC_2143	2143	135242	135260	18	2	117.50441	0	0	0	135251	135242	135260			**
LT934125.1	-	TC_2144	2144	135285	135310	25	3	117.391405	0	0	0	135295	135285	135310			**
LT934125.1	-	TC_2145	2145	135369	135377	0	1	145.806248	2.57169080984623	2.57169080984623	2.57169080984623	135369	135369	135369			*
LT934125.1	-	TC_2146	2146	135396	135414	8	3	264.187885	0	0	8.16421123313224	135408	135405	135413			**
LT934125.1	-	TC_2147	2147	135465	135488	23	2	118.309184	0	0	5.02421225738452	135476	135465	135488			**
LT934125.1	-	TC_2148	2148	135528	135528	0	1	14.405745	0	0	0	135528	135528	135528			*
LT934125.1	-	TC_2149	2149	135611	135611	0	1	24.301041	0	0	0	135611	135611	135611			*
LT934125.1	-	TC_2150	2150	135667	135667	0	1	241.779497	0	0	0	135667	135667	135667			*
LT934125.1	-	TC_2151	2151	135712	135718	3	3	177.452239	0	0	2.8073549220576	135714	135712	135715			**
LT934125.1	-	TC_2152	2152	135915	135919	0	1	54.571748	2.32192809488736	2.32192809488736	2.32192809488736	135915	135915	135915			*
LT934125.1	-	TC_2153	2153	136043	136054	9	4	323.527876	0	0	6.59242802558729	136047	136045	136054			***
LT934125.1	-	TC_2154	2154	136102	136107	4	2	132.27773	0	0	4.02389920671885	136105	136103	136107			**
LT934125.1	-	TC_2155	2155	136153	136162	0	1	54.571748	3.32192809488736	3.32192809488736	3.32192809488736	136153	136153	136153			*
LT934125.1	-	TC_2156	2156	136231	136244	0	6	59045.92898	0	0	1.08712888655369	136235	136235	136235			***
LT934125.1	-	TC_2157	2157	136283	136299	12	6	2488.29566	0	0	7.57272543178725	136291	136285	136297			***
LT934125.1	-	TC_2158	2158	136352	136354	0	1	54.571748	1.58496250072116	1.58496250072116	1.58496250072116	136352	136352	136352			*
LT934125.1	-	TC_2159	2159	136407	136408	1	3	85.346054	0	0	0	136407	136407	136408			**
LT934125.1	-	TC_2160	2160	136474	136474	0	1	27.285874	0	0	0	136474	136474	136474			*
LT934125.1	-	TC_2161	2161	136576	136576	0	1	567.859171	0	0	0	136576	136576	136576			*
LT934125.1	-	TC_2162	2162	137084	137096	12	2	90.218536	0	0	0	137090	137084	137096			**
LT934125.1	-	TC_2163	2163	137415	137415	0	1	241.779497	0	0	0	137415	137415	137415			*
LT934125.1	-	TC_2164	2164	137598	137617	19	3	909.808355	0	0	0	137610	137598	137617			***
LT934125.1	-	TC_2165	2165	137754	137754	0	1	188.797986	0	0	0	137754	137754	137754			
LT934125.1	-	TC_2166	2166	137944	137944	0	1	62.932662	0	0	0	137944	137944	137944			
LT934125.1	-	TC_2167	2167	138195	138195	0	1	27.285874	0	0	0	138195	138195	138195			
LT934125.1	-	TC_2168	2168	138455	138455	0	1	62.932662	0	0	0	138455	138455	138455			
LT934125.1	-	TC_2169	2169	138987	138987	0	1	27.285874	0	0	0	138987	138987	138987			*
LT934125.1	-	TC_2170	2170	139350	139350	0	1	241.779497	0	0	0	139350	139350	139350			
LT934125.1	-	TC_2171	2171	139551	139551	0	1	27.285874	0	0	0	139551	139551	139551			
LT934125.1	-	TC_2172	2172	139912	139912	0	2	38.706786	0	0	0	139912	139912	139912			
LT934125.1	-	TC_2173	2173	141094	141102	0	1	125.865324	3.16992500144231	3.16992500144231	3.16992500144231	141094	141094	141094			
LT934125.1	-	TC_2174	2174	141324	141324	0	1	24.301041	0	0	0	141324	141324	141324			
LT934125.1	-	TC_2175	2175	141504	141504	0	1	27.285874	0	0	0	141504	141504	141504			
LT934125.1	-	TC_2176	2176	141655	141660	5	3	261.828422	0	0	3.23541446250637	141657	141655	141660			
LT934125.1	-	TC_2177	2177	141710	141727	17	3	131.255712	0	0	0	141721	141710	141727			
LT934125.1	-	TC_2178	2178	141772	141772	0	1	241.779497	0	0	0	141772	141772	141772			
LT934125.1	-	TC_2179	2179	141798	141798	0	1	27.285874	0	0	0	141798	141798	141798			
LT934125.1	-	TC_2180	2180	141848	141914	50	5	1386.103641	0	0	13.6585833532107	141886	141864	141914			***
LT934125.1	-	TC_2181	2181	141986	141996	3	5	813.478915	0	0	3.16992500144231	141989	141988	141991			
LT934125.1	-	TC_2182	2182	142043	142043	0	1	24.301041	0	0	0	142043	142043	142043			
LT934125.1	-	TC_2183	2183	142143	142143	0	1	14.405745	0	0	0	142143	142143	142143			
LT934125.1	-	TC_2184	2184	142253	142254	1	2	41.691619	0	0	0	142254	142253	142254			
LT934125.1	-	TC_2185	2185	142377	142377	0	1	241.779497	0	0	0	142377	142377	142377			
LT934125.1	-	TC_2186	2186	142421	142425	0	2	587.436695	0	0	0.91829583405449	142424	142424	142424			
