hpi	cell_line	seqnames	strand	cluster	cluster_start	cluster_end	cluster_peak	cluster_width	cluster_total_count	cluster_ratio	meta_cluster
4h	PC-12	LT934125.1	+	1	779	782	779	4	6	0.000602288697048785	1
12h	PK-15	LT934125.1	+	4	940	1028	990	89	407	0.000931350114416476	2
8h	C6	LT934125.1	+	4	952	1007	990	56	67	0.00216303470540759	2
12h	PC-12	LT934125.1	+	3	955	1019	990	65	161	0.00109892360092009	2
12h	C6	LT934125.1	+	3	959	1038	990	80	369	0.00258061808950339	2
6h	PC-12	LT934125.1	+	3	959	994	990	36	83	0.00221203560577794	2
6h	C6	LT934125.1	+	3	960	997	990	38	71	0.0061233290211298	2
4h	PC-12	LT934125.1	+	2	960	994	990	35	24	0.00240915478819514	2
6h	PK-15	LT934125.1	+	2	962	1033	990	72	136	0.00109678303857289	2
8h	PC-12	LT934125.1	+	2	978	1001	990	24	56	0.00175559596212929	2
4h	PK-15	LT934125.1	+	3	978	1036	990	59	20	0.000811886011204027	2
8h	PK-15	LT934125.1	+	3	978	1028	990	51	267	0.00117105776779723	2
4h	C6	LT934125.1	+	2	982	990	990	9	17	0.00893326326852339	2
8h	C6	LT934125.1	+	5	1292	1375	1337	84	142	0.00458434221146086	3
8h	PK-15	LT934125.1	+	6	1292	1376	1337	85	367	0.00160965618270256	3
12h	C6	LT934125.1	+	6	1295	1375	1337	81	219	0.00153158634580282	3
12h	PC-12	LT934125.1	+	6	1295	1369	1337	75	121	0.000825899103797088	3
2h	PC-12	LT934125.1	+	2	1295	1393	1337	99	34	0.0226817878585724	3
1.5h	PC-12	LT934125.1	+	2	1302	1345	1337	44	13	0.0287610619469027	3
2.5h	PC-12	LT934125.1	+	2	1302	1358	1334	57	28	0.0207253886010363	3
4h	PK-15	LT934125.1	+	4	1305	1340	1337	36	189	0.00767232280587806	3
6h	C6	LT934125.1	+	5	1314	1396	1337	83	76	0.00655454937473049	3
8h	PC-12	LT934125.1	+	5	1325	1412	1337	88	97	0.00304094300583109	3
6h	PK-15	LT934125.1	+	5	1326	1369	1337	44	384	0.00309679916773522	3
2h	PK-15	LT934125.1	+	1	1331	1429	1337	99	57	0.0206372194062274	3
1h	C6	LT934125.1	+	2	1332	1337	1334	6	11	0.0169491525423729	3
2h	C6	LT934125.1	+	4	1334	1351	1337	18	15	0.0175849941383353	3
4h	C6	LT934125.1	+	3	1334	1393	1334	60	13	0.00683131897004729	3
2h	NRK	LT934125.1	+	3	1334	1339	1334	6	5	0.0161812297734628	3
1h	PC-12	LT934125.1	+	1	1334	1339	1337	6	11	0.0244988864142539	3
4h	PC-12	LT934125.1	+	3	1334	1352	1337	19	64	0.00642441276852038	3
6h	PC-12	LT934125.1	+	6	1334	1397	1337	64	237	0.00631629444059485	3
4h	PK-15	LT934125.1	+	5	1346	1407	1351	62	19	0.000771291710643826	3
4h	PC-12	LT934125.1	+	4	1519	1604	1600	86	41	0.00411563942983337	4
6h	PK-15	LT934125.1	+	8	1519	1604	1600	86	147	0.00118549343139864	4
2.5h	PC-12	LT934125.1	+	3	1542	1600	1600	59	6	0.00444115470022206	4
8h	PK-15	LT934125.1	+	9	1542	1616	1600	75	364	0.0015964982302554	4
6h	C6	LT934125.1	+	6	1583	1604	1600	22	39	0.00336351875808538	4
12h	PC-12	LT934125.1	+	9	1583	1655	1600	73	395	0.00269611690908967	4
8h	PC-12	LT934125.1	+	7	1588	1604	1600	17	119	0.00373064141952474	4
12h	C6	LT934125.1	+	9	1590	1652	1600	63	298	0.00208407639748512	4
8h	C6	LT934125.1	+	7	1590	1660	1600	71	59	0.0019047619047619	4
6h	PC-12	LT934125.1	+	8	1590	1644	1600	55	158	0.00421086296039657	4
12h	PK-15	LT934125.1	+	10	1591	1669	1600	79	712	0.00162929061784897	4
4h	C6	LT934125.1	+	4	1593	1603	1600	11	8	0.00420388859695218	4
4h	PK-15	LT934125.1	+	7	1600	1604	1600	5	22	0.00089307461232443	4
8h	PC-12	LT934125.1	+	10	1815	1889	1869	75	17	0.000532948774217819	5
12h	PK-15	LT934125.1	+	27	7548	7614	7588	67	324	0.000741418764302059	6
12h	PC-12	LT934125.1	+	34	7553	7599	7588	47	254	0.00173370555673108	6
6h	PC-12	LT934125.1	+	23	7564	7605	7588	42	141	0.00375779542668301	6
8h	PK-15	LT934125.1	+	28	7567	7614	7588	48	674	0.00295615331646191	6
12h	C6	LT934125.1	+	45	7569	7633	7588	65	389	0.00272048898866346	6
6h	PK-15	LT934125.1	+	27	7569	7665	7588	97	571	0.00460487584577295	6
8h	C6	LT934125.1	+	20	7584	7636	7588	53	127	0.0041000807102502	6
4h	PC-12	LT934125.1	+	12	7587	7596	7588	10	49	0.00491869102589841	6
4h	PK-15	LT934125.1	+	14	7587	7631	7588	45	273	0.011082244052935	6
4h	C6	LT934125.1	+	7	7588	7596	7591	9	9	0.0047293746715712	6
6h	C6	LT934125.1	+	14	7588	7596	7588	9	39	0.00336351875808538	6
2h	PC-12	LT934125.1	+	7	7588	7595	7591	8	7	0.00466977985323549	6
8h	PC-12	LT934125.1	+	25	7588	7599	7588	12	86	0.00269609379898426	6
2h	PK-15	LT934125.1	+	4	7589	7594	7591	6	6	0.00217233888486604	6
4h	PC-12	LT934125.1	+	13	7768	7814	7811	47	8	0.000803051596065047	7
4h	PK-15	LT934125.1	+	16	7778	7834	7811	57	14	0.000568320207842819	7
4h	C6	LT934125.1	+	9	9020	9113	9020	94	6	0.00315291644771414	8
12h	PC-12	LT934125.1	+	46	9069	9133	9113	65	1007	0.00687339171507164	8
12h	PK-15	LT934125.1	+	38	9079	9136	9113	58	3945	0.00902745995423341	8
4h	PK-15	LT934125.1	+	21	9098	9160	9113	63	37	0.00150198912072745	8
8h	PK-15	LT934125.1	+	40	9098	9176	9113	79	829	0.00363598085956517	8
12h	C6	LT934125.1	+	57	9103	9163	9113	61	1261	0.00881886019204274	8
6h	C6	LT934125.1	+	21	9107	9145	9113	39	30	0.00258732212160414	8
8h	C6	LT934125.1	+	27	9107	9151	9113	45	109	0.00351896690879742	8
4h	PC-12	LT934125.1	+	17	9107	9113	9113	7	28	0.00281068058622767	8
6h	PC-12	LT934125.1	+	32	9107	9160	9113	54	144	0.00383774852086776	8
8h	PC-12	LT934125.1	+	34	9107	9149	9113	43	154	0.00482788889585554	8
6h	PK-15	LT934125.1	+	36	9107	9164	9113	58	338	0.00272582843410028	8
12h	PC-12	LT934125.1	+	48	9208	9274	9270	67	1604	0.0109482823346325	9
8h	PC-12	LT934125.1	+	35	9208	9301	9270	94	428	0.013417769139131	9
6h	PK-15	LT934125.1	+	37	9225	9322	9270	98	1391	0.0112178324018742	9
8h	C6	LT934125.1	+	28	9237	9301	9270	65	456	0.0147215496368039	9
12h	PK-15	LT934125.1	+	40	9254	9303	9270	50	5659	0.0129496567505721	9
8h	PK-15	LT934125.1	+	42	9254	9325	9270	72	2629	0.0115307523278611	9
12h	C6	LT934125.1	+	59	9260	9325	9270	66	1846	0.0129100839924749	9
4h	PK-15	LT934125.1	+	22	9266	9338	9270	73	627	0.0254526264512462	9
1h	C6	LT934125.1	+	5	9267	9272	9270	6	16	0.024653312788906	9
2h	C6	LT934125.1	+	9	9267	9314	9270	48	19	0.022274325908558	9
4h	C6	LT934125.1	+	10	9267	9274	9270	8	18	0.00945874934314241	9
6h	C6	LT934125.1	+	22	9267	9343	9270	77	160	0.0137990513152221	9
2h	NRK	LT934125.1	+	6	9267	9270	9270	4	6	0.0194174757281553	9
1.5h	PC-12	LT934125.1	+	4	9267	9274	9270	8	12	0.0265486725663717	9
2.5h	PC-12	LT934125.1	+	7	9267	9278	9270	12	39	0.0288675055514434	9
2h	PC-12	LT934125.1	+	9	9267	9274	9270	8	40	0.0266844563042028	9
4h	PC-12	LT934125.1	+	18	9267	9286	9270	20	129	0.0129492069865489	9
6h	PC-12	LT934125.1	+	33	9267	9343	9270	77	552	0.0147113693299931	9
2h	PK-15	LT934125.1	+	7	9267	9275	9270	9	71	0.0257060101375815	9
1h	PC-12	LT934125.1	+	5	9270	9270	9270	1	10	0.022271714922049	9
8h	C6	LT934125.1	+	31	9477	9556	9548	80	30	0.000968523002421307	10
12h	PK-15	LT934125.1	+	44	9511	9604	9548	94	259	0.000592677345537758	10
12h	C6	LT934125.1	+	63	9548	9609	9548	62	93	0.00065039968109435	10
6h	PC-12	LT934125.1	+	35	9548	9614	9548	67	26	0.00069292681626779	10
2h	PK-15	LT934125.1	+	8	9550	9647	9643	98	11	0.00398262128892107	10
8h	PC-12	LT934125.1	+	39	9604	9653	9646	50	185	0.00579973666060568	10
4h	PK-15	LT934125.1	+	25	9604	9651	9643	48	154	0.00625152228627101	10
12h	PK-15	LT934125.1	+	45	9620	9681	9646	62	3312	0.00757894736842105	10
6h	PK-15	LT934125.1	+	41	9633	9679	9643	47	621	0.00500810490407181	10
12h	C6	LT934125.1	+	64	9640	9684	9646	45	912	0.00637811300169943	10
6h	C6	LT934125.1	+	25	9640	9708	9646	69	49	0.00422595946528676	10
8h	C6	LT934125.1	+	32	9640	9723	9646	84	148	0.00477804681194512	10
12h	PC-12	LT934125.1	+	53	9640	9687	9643	48	807	0.00550826922945661	10
2.5h	PC-12	LT934125.1	+	9	9640	9650	9644	11	12	0.00888230940044412	10
4h	PC-12	LT934125.1	+	20	9640	9723	9644	84	37	0.00371411363180084	10
6h	PC-12	LT934125.1	+	36	9640	9700	9644	61	164	0.00437076914876606	10
8h	PK-15	LT934125.1	+	46	9640	9727	9646	88	1572	0.00689476708231176	10
2h	C6	LT934125.1	+	11	9643	9689	9644	47	5	0.00586166471277843	10
4h	C6	LT934125.1	+	11	9643	9646	9646	4	7	0.00367840252233316	10
2h	PC-12	LT934125.1	+	11	9644	9653	9644	10	7	0.00466977985323549	10
4h	PK-15	LT934125.1	+	26	9666	9742	9699	77	15	0.00060891450840302	10
8h	PC-12	LT934125.1	+	40	9668	9745	9668	78	16	0.000501598846322654	10
4h	PC-12	LT934125.1	+	21	9798	9895	9798	98	5	0.000501907247540655	11
8h	PC-12	LT934125.1	+	45	10086	10161	10108	76	19	0.000595648630008151	12
12h	C6	LT934125.1	+	73	10430	10493	10431	64	231	0.00161550888529887	13
8h	C6	LT934125.1	+	40	10430	10438	10431	9	17	0.000548829701372074	13
12h	PC-12	LT934125.1	+	62	10430	10484	10431	55	128	0.000873678390793614	13
12h	PK-15	LT934125.1	+	55	10430	10466	10431	37	603	0.00137986270022883	13
6h	PK-15	LT934125.1	+	51	10430	10467	10431	38	74	0.000596779006282309	13
8h	PK-15	LT934125.1	+	56	10430	10437	10431	8	322	0.00141228689599516	13
6h	C6	LT934125.1	+	30	10431	10433	10431	3	9	0.000776196636481242	13
8h	PC-12	LT934125.1	+	48	10431	10434	10431	4	29	0.000909147908959809	13
12h	PK-15	LT934125.1	+	68	11761	11811	11793	51	318	0.000727688787185355	14
12h	C6	LT934125.1	+	83	11780	11864	11793	85	133	0.0009301414794145	14
8h	PK-15	LT934125.1	+	67	11788	11846	11793	59	139	0.000609651796718407	14
12h	PC-12	LT934125.1	+	74	11791	11803	11793	13	86	0.000587002668814459	14
8h	PK-15	LT934125.1	+	89	13992	14056	14048	65	1962	0.00860530090044255	15
8h	C6	LT934125.1	+	53	14016	14054	14048	39	384	0.0123970944309927	15
12h	PC-12	LT934125.1	+	93	14016	14054	14048	39	805	0.00549461800460046	15
6h	C6	LT934125.1	+	42	14022	14054	14048	33	241	0.0207848210435533	15
6h	PK-15	LT934125.1	+	73	14022	14054	14048	33	1019	0.00821780820813071	15
12h	C6	LT934125.1	+	105	14033	14082	14048	50	2782	0.0194560420731665	15
12h	PK-15	LT934125.1	+	92	14033	14057	14048	25	3081	0.00705034324942792	15
8h	PC-12	LT934125.1	+	62	14040	14089	14048	50	177	0.00554893723744435	15
4h	PC-12	LT934125.1	+	30	14042	14078	14048	37	138	0.0138526400321221	15
6h	PC-12	LT934125.1	+	56	14042	14087	14048	46	499	0.0132988646660626	15
4h	PK-15	LT934125.1	+	43	14042	14052	14048	11	226	0.0091743119266055	15
4h	C6	LT934125.1	+	15	14044	14053	14048	10	35	0.0183920126116658	15
2h	PK-15	LT934125.1	+	15	14047	14054	14048	8	24	0.00868935553946416	15
1h	C6	LT934125.1	+	10	14048	14054	14048	7	11	0.0169491525423729	15
2h	C6	LT934125.1	+	12	14048	14051	14048	4	5	0.00586166471277843	15
2h	PC-12	LT934125.1	+	15	14048	14101	14048	54	12	0.00800533689126084	15
6h	C6	LT934125.1	+	47	15099	15170	15099	72	6	0.000517464424320828	16
4h	PC-12	LT934125.1	+	34	15113	15200	15113	88	5	0.000501907247540655	16
12h	PK-15	LT934125.1	+	115	15726	15805	15750	80	221	0.000505720823798627	17
6h	C6	LT934125.1	+	59	25420	25424	25422	5	9	0.000776196636481242	18
12h	C6	LT934125.1	+	197	30235	30298	30240	64	132	0.000923147934456497	19
6h	C6	LT934125.1	+	72	30235	30293	30235	59	20	0.00172488141440276	19
8h	C6	LT934125.1	+	95	30235	30329	30240	95	21	0.000677966101694915	19
4h	PC-12	LT934125.1	+	46	30240	30298	30240	59	8	0.000803051596065047	19
4h	PC-12	LT934125.1	+	48	30932	30994	30932	63	6	0.000602288697048785	20
2h	PK-15	LT934125.1	+	30	31030	31104	31098	75	23	0.00832729905865315	21
12h	PK-15	LT934125.1	+	178	31034	31121	31098	88	4507	0.0103135011441648	21
6h	PC-12	LT934125.1	+	104	31042	31103	31098	62	423	0.011273386280049	21
8h	PK-15	LT934125.1	+	174	31042	31124	31098	83	2476	0.0108596967530559	21
12h	C6	LT934125.1	+	204	31079	31167	31098	89	2589	0.0181062878962717	21
12h	PC-12	LT934125.1	+	174	31088	31181	31098	94	1259	0.00859344604694656	21
2.5h	PC-12	LT934125.1	+	21	31089	31116	31098	28	23	0.0170244263508512	21
6h	PK-15	LT934125.1	+	132	31089	31152	31098	64	1042	0.00840329357494819	21
8h	C6	LT934125.1	+	99	31090	31152	31098	63	393	0.0126876513317191	21
4h	PK-15	LT934125.1	+	77	31090	31152	31098	63	411	0.0166842575302428	21
8h	PC-12	LT934125.1	+	121	31091	31189	31098	99	409	0.0128221205091228	21
6h	C6	LT934125.1	+	76	31093	31149	31098	57	190	0.0163863734368262	21
4h	PC-12	LT934125.1	+	50	31093	31151	31098	59	115	0.0115438666934351	21
4h	C6	LT934125.1	+	23	31095	31098	31098	4	34	0.0178665265370468	21
2h	PC-12	LT934125.1	+	25	31095	31098	31098	4	34	0.0226817878585724	21
1h	C6	LT934125.1	+	18	31096	31098	31098	3	8	0.012326656394453	21
2h	NRK	LT934125.1	+	12	31097	31098	31098	2	7	0.0226537216828479	21
1.5h	PC-12	LT934125.1	+	9	31098	31098	31098	1	6	0.0132743362831858	21
6h	PC-12	LT934125.1	+	105	31134	31198	31150	65	20	0.0005330206278983	21
2h	PC-12	LT934125.1	+	27	31955	32041	32036	87	10	0.0066711140760507	22
4h	C6	LT934125.1	+	25	31982	32039	32036	58	30	0.0157645822385707	22
12h	C6	LT934125.1	+	216	31990	32051	32038	62	11404	0.0797543867010749	22
8h	C6	LT934125.1	+	106	31994	32050	32038	57	1511	0.0487812752219532	22
12h	PC-12	LT934125.1	+	183	31994	32051	32038	58	14491	0.0989099496952364	22
2h	PK-15	LT934125.1	+	32	31994	32080	32038	87	56	0.0202751629254164	22
4h	PK-15	LT934125.1	+	83	31994	32045	32038	52	645	0.0261833238613299	22
6h	PC-12	LT934125.1	+	112	32005	32080	32038	76	1426	0.0380043707691488	22
8h	PK-15	LT934125.1	+	186	32005	32085	32038	81	14574	0.0639213329883026	22
8h	PC-12	LT934125.1	+	130	32016	32114	32038	99	2205	0.0691265910088407	22
6h	C6	LT934125.1	+	81	32028	32095	32036	68	261	0.022509702457956	22
4h	PC-12	LT934125.1	+	55	32028	32099	32038	72	221	0.0221843003412969	22
6h	PK-15	LT934125.1	+	144	32031	32131	32038	101	6338	0.0511133154299631	22
12h	PK-15	LT934125.1	+	191	32034	32095	32038	62	36987	0.0846384439359268	22
2.5h	PC-12	LT934125.1	+	24	32036	32038	32038	3	16	0.0118430792005922	22
12h	PC-12	LT934125.1	+	184	32056	32110	32091	55	102	0.000696212467663661	22
12h	C6	LT934125.1	+	217	32057	32110	32091	54	89	0.000622425501262335	22
8h	C6	LT934125.1	+	107	32062	32118	32091	57	18	0.000581113801452785	22
8h	PK-15	LT934125.1	+	187	32089	32145	32091	57	146	0.00064035368576178	22
12h	PC-12	LT934125.1	+	185	32112	32174	32161	63	126	0.000860027165937464	22
12h	C6	LT934125.1	+	218	32116	32180	32161	65	147	0.00102805110882655	22
8h	C6	LT934125.1	+	108	32131	32194	32145	64	19	0.000613397901533495	22
8h	PC-12	LT934125.1	+	131	32131	32227	32167	97	38	0.0011912972600163	22
6h	PK-15	LT934125.1	+	145	32135	32205	32173	71	78	0.000629037330946217	22
8h	PK-15	LT934125.1	+	188	32152	32219	32173	68	151	0.000662283606507046	22
12h	PK-15	LT934125.1	+	193	32154	32229	32161	76	288	0.000659038901601831	22
12h	C6	LT934125.1	+	219	32185	32281	32185	97	107	0.000748309310506403	22
8h	PC-12	LT934125.1	+	132	32238	32322	32269	85	32	0.00100319769264531	22
12h	PC-12	LT934125.1	+	187	32239	32328	32269	90	77	0.000525572156961783	22
12h	PC-12	LT934125.1	+	235	44728	44818	44812	91	1522	0.0103885821155303	23
12h	PK-15	LT934125.1	+	229	44773	44869	44812	97	7605	0.0174027459954233	23
12h	C6	LT934125.1	+	274	44779	44848	44812	70	1713	0.0119799425130604	23
8h	C6	LT934125.1	+	126	44779	44852	44812	74	385	0.0124293785310734	23
6h	PC-12	LT934125.1	+	132	44779	44875	44812	97	494	0.013165609509088	23
8h	PC-12	LT934125.1	+	157	44779	44841	44812	63	344	0.0107843751959371	23
6h	PK-15	LT934125.1	+	169	44800	44835	44812	36	2404	0.0193872531230091	23
6h	C6	LT934125.1	+	95	44807	44833	44812	27	156	0.0134540750323415	23
4h	PC-12	LT934125.1	+	61	44807	44852	44812	46	112	0.0112427223449107	23
4h	PK-15	LT934125.1	+	92	44807	44817	44812	11	490	0.0198912072744987	23
8h	PK-15	LT934125.1	+	226	44807	44903	44812	97	3317	0.0145483094224097	23
2h	NRK	LT934125.1	+	16	44809	44812	44810	4	6	0.0194174757281553	23
2h	PC-12	LT934125.1	+	31	44809	44812	44812	4	7	0.00466977985323549	23
1h	C6	LT934125.1	+	22	44810	44812	44812	3	7	0.0107858243451464	23
2h	C6	LT934125.1	+	20	44810	44812	44810	3	5	0.00586166471277843	23
4h	C6	LT934125.1	+	29	44810	44813	44812	4	21	0.0110352075669995	23
2.5h	PC-12	LT934125.1	+	25	44810	44812	44810	3	10	0.0074019245003701	23
2h	PK-15	LT934125.1	+	35	44810	44814	44812	5	26	0.00941346850108617	23
12h	PK-15	LT934125.1	+	243	45942	46036	46024	95	410	0.000938215102974828	24
8h	PC-12	LT934125.1	+	164	46002	46032	46023	31	39	0.00122264718791147	24
12h	C6	LT934125.1	+	285	46005	46031	46024	27	189	0.00132177999706271	24
12h	PC-12	LT934125.1	+	247	46005	46059	46023	55	102	0.000696212467663661	24
8h	PK-15	LT934125.1	+	238	46005	46040	46023	36	144	0.000631581717463673	24
6h	C6	LT934125.1	+	100	46010	46032	46024	23	20	0.00172488141440276	24
6h	PC-12	LT934125.1	+	142	46023	46042	46024	20	23	0.000612973722083045	24
4h	C6	LT934125.1	+	31	46024	46027	46025	4	5	0.00262743037309511	24
2h	PC-12	LT934125.1	+	33	46230	46236	46230	7	5	0.00333555703802535	25
6h	C6	LT934125.1	+	101	46233	46270	46233	38	22	0.00189736955584304	25
8h	PC-12	LT934125.1	+	166	46233	46286	46235	54	16	0.000501598846322654	25
6h	C6	LT934125.1	+	106	47282	47344	47319	63	8	0.000689952565761104	26
6h	PC-12	LT934125.1	+	151	47282	47357	47315	76	32	0.00085283300463728	26
8h	PC-12	LT934125.1	+	174	47282	47348	47315	67	18	0.000564298702112985	26
4h	PC-12	LT934125.1	+	73	47311	47319	47311	9	7	0.000702670146556916	26
4h	PC-12	LT934125.1	+	79	48253	48294	48253	42	6	0.000602288697048785	27
2h	PK-15	LT934125.1	+	41	48505	48572	48567	68	109	0.0394641564083997	28
2h	PC-12	LT934125.1	+	39	48547	48571	48567	25	59	0.0393595730486991	28
8h	PC-12	LT934125.1	+	186	48547	48634	48567	88	803	0.0251739920998182	28
12h	PK-15	LT934125.1	+	272	48547	48602	48567	56	1542	0.00352860411899314	28
6h	PK-15	LT934125.1	+	202	48547	48631	48567	85	2635	0.0212501713723498	28
8h	PK-15	LT934125.1	+	266	48547	48633	48567	87	4151	0.0182062202027202	28
6h	PC-12	LT934125.1	+	163	48556	48645	48567	90	539	0.0143649059218592	28
12h	C6	LT934125.1	+	312	48559	48621	48567	63	2880	0.0201414094790508	28
8h	C6	LT934125.1	+	150	48559	48599	48567	41	1377	0.044455205811138	28
4h	PC-12	LT934125.1	+	81	48559	48653	48567	95	173	0.0173659907649066	28
4h	PK-15	LT934125.1	+	105	48563	48616	48567	54	1262	0.0512300073069741	28
2h	C6	LT934125.1	+	22	48565	48575	48567	11	37	0.0433763188745604	28
6h	C6	LT934125.1	+	114	48565	48608	48567	44	239	0.020612332902113	28
1.5h	PC-12	LT934125.1	+	15	48565	48571	48567	7	28	0.0619469026548673	28
12h	PC-12	LT934125.1	+	273	48565	48622	48567	58	1718	0.011726402151433	28
2.5h	PC-12	LT934125.1	+	32	48565	48571	48567	7	83	0.0614359733530718	28
1h	C6	LT934125.1	+	28	48567	48581	48567	15	33	0.0508474576271187	28
4h	C6	LT934125.1	+	38	48567	48599	48567	33	51	0.0267997898055702	28
1h	NRK	LT934125.1	+	8	48567	48570	48567	4	7	0.0707070707070707	28
2h	NRK	LT934125.1	+	20	48567	48570	48567	4	26	0.0841423948220065	28
1h	PC-12	LT934125.1	+	18	48567	48586	48567	20	22	0.0489977728285078	28
1h	PK-15	LT934125.1	+	6	48567	48567	48567	1	5	0.0146198830409357	28
8h	C6	LT934125.1	+	151	48611	48670	48622	60	21	0.000677966101694915	28
8h	PC-12	LT934125.1	+	187	48655	48731	48691	77	20	0.000626998557903317	28
8h	C6	LT934125.1	+	152	48685	48773	48691	89	20	0.000645682001614205	28
8h	PC-12	LT934125.1	+	189	48821	48890	48848	70	23	0.000721048341588814	29
8h	C6	LT934125.1	+	154	48850	48933	48868	84	19	0.000613397901533495	29
4h	PC-12	LT934125.1	+	84	48868	48950	48868	83	5	0.000501907247540655	29
8h	PC-12	LT934125.1	+	190	48904	48941	48925	38	17	0.000532948774217819	29
6h	PC-12	LT934125.1	+	167	48916	49000	48931	85	19	0.000506369596503385	29
8h	PC-12	LT934125.1	+	193	49082	49147	49114	66	22	0.000689698413693649	30
8h	C6	LT934125.1	+	158	49196	49261	49196	66	16	0.000516545601291364	31
8h	PC-12	LT934125.1	+	195	49224	49297	49261	74	19	0.000595648630008151	31
8h	PC-12	LT934125.1	+	197	49372	49451	49444	80	19	0.000595648630008151	32
12h	C6	LT934125.1	+	337	51148	51244	51235	97	1109	0.00775584135842617	33
4h	C6	LT934125.1	+	43	51148	51238	51235	91	19	0.00998423541776143	33
6h	PC-12	LT934125.1	+	178	51148	51242	51235	95	323	0.00860828314055754	33
2h	PK-15	LT934125.1	+	49	51148	51241	51235	94	22	0.00796524257784214	33
2h	C6	LT934125.1	+	26	51152	51240	51152	89	8	0.00937866354044549	33
8h	PK-15	LT934125.1	+	288	51193	51269	51235	77	1757	0.00770617414988662	33
4h	PK-15	LT934125.1	+	119	51220	51310	51235	91	263	0.010676301047333	33
12h	PK-15	LT934125.1	+	298	51227	51303	51235	77	3003	0.00687185354691076	33
6h	C6	LT934125.1	+	127	51230	51282	51235	53	107	0.00922811556705476	33
2h	NRK	LT934125.1	+	22	51230	51238	51230	9	5	0.0161812297734628	33
1.5h	PC-12	LT934125.1	+	17	51230	51235	51235	6	10	0.0221238938053097	33
2.5h	PC-12	LT934125.1	+	38	51230	51239	51230	10	28	0.0207253886010363	33
6h	PK-15	LT934125.1	+	222	51230	51310	51235	81	977	0.00787909579915967	33
12h	PC-12	LT934125.1	+	296	51231	51264	51235	34	666	0.00454585787709802	33
8h	C6	LT934125.1	+	168	51232	51302	51235	71	209	0.00674737691686844	33
2h	PC-12	LT934125.1	+	44	51232	51248	51235	17	13	0.00867244829886591	33
4h	PC-12	LT934125.1	+	91	51232	51302	51235	71	84	0.008432041758683	33
8h	PC-12	LT934125.1	+	205	51233	51269	51235	37	194	0.00608188601166217	33
4h	PC-12	LT934125.1	+	93	51495	51556	51495	62	6	0.000602288697048785	34
4h	PC-12	LT934125.1	+	95	51805	51890	51805	86	5	0.000501907247540655	35
12h	PK-15	LT934125.1	+	312	52386	52475	52460	90	2422	0.00554233409610984	36
6h	PK-15	LT934125.1	+	235	52412	52467	52460	56	1077	0.00868555391575739	36
12h	C6	LT934125.1	+	351	52432	52525	52460	94	972	0.00679772569917966	36
8h	PK-15	LT934125.1	+	305	52432	52497	52460	66	2547	0.0111711016276387	36
12h	PC-12	LT934125.1	+	309	52434	52504	52460	71	755	0.00515333738319671	36
2h	PC-12	LT934125.1	+	47	52434	52463	52460	30	24	0.0160106737825217	36
4h	PK-15	LT934125.1	+	128	52434	52494	52460	61	377	0.0153040513111959	36
8h	C6	LT934125.1	+	176	52435	52494	52460	60	270	0.00871670702179177	36
6h	C6	LT934125.1	+	135	52437	52464	52460	28	131	0.0112979732643381	36
8h	PC-12	LT934125.1	+	218	52437	52496	52460	60	326	0.0102200764938241	36
2h	PK-15	LT934125.1	+	51	52438	52494	52460	57	59	0.0213613323678494	36
2h	C6	LT934125.1	+	28	52440	52484	52460	45	9	0.0105509964830012	36
1h	NRK	LT934125.1	+	11	52440	52460	52460	21	5	0.0505050505050505	36
2.5h	PC-12	LT934125.1	+	39	52440	52484	52460	45	34	0.0251665433012583	36
4h	PC-12	LT934125.1	+	98	52440	52491	52460	52	85	0.00853242320819113	36
6h	PC-12	LT934125.1	+	187	52440	52496	52460	57	287	0.0076488460103406	36
1h	C6	LT934125.1	+	30	52444	52461	52460	18	14	0.0215716486902928	36
2h	NRK	LT934125.1	+	23	52444	52462	52460	19	9	0.029126213592233	36
1.5h	PC-12	LT934125.1	+	18	52444	52460	52460	17	18	0.0398230088495575	36
1h	PC-12	LT934125.1	+	22	52444	52460	52460	17	8	0.0178173719376392	36
4h	C6	LT934125.1	+	44	52460	52494	52460	35	18	0.00945874934314241	36
6h	PK-15	LT934125.1	+	236	52482	52562	52484	81	69	0.000556456100452423	36
6h	C6	LT934125.1	+	136	52484	52549	52484	66	8	0.000689952565761104	36
4h	PK-15	LT934125.1	+	134	53564	53652	53648	89	29	0.00117723471624584	37
6h	PC-12	LT934125.1	+	197	53575	53655	53648	81	186	0.00495709183945419	37
12h	PC-12	LT934125.1	+	321	53606	53669	53648	64	891	0.00608162067341492	37
4h	PC-12	LT934125.1	+	103	53606	53652	53648	47	23	0.00230877333868701	37
8h	PC-12	LT934125.1	+	229	53606	53655	53648	50	196	0.00614458586745251	37
8h	PK-15	LT934125.1	+	319	53606	53669	53648	64	1849	0.00810968469159952	37
12h	PK-15	LT934125.1	+	329	53632	53681	53648	50	8761	0.0200480549199085	37
12h	C6	LT934125.1	+	363	53640	53696	53648	57	1013	0.00708446104245781	37
6h	PK-15	LT934125.1	+	248	53640	53723	53648	84	382	0.00308067000540327	37
8h	C6	LT934125.1	+	186	53643	53696	53648	54	94	0.00303470540758676	37
6h	C6	LT934125.1	+	142	53644	53655	53648	12	62	0.00534713238464856	37
4h	C6	LT934125.1	+	47	53648	53649	53648	2	10	0.00525486074619023	37
2h	PK-15	LT934125.1	+	55	53648	53684	53648	37	16	0.0057929036929761	37
4h	PC-12	LT934125.1	+	107	54464	54551	54464	88	5	0.000501907247540655	38
8h	PC-12	LT934125.1	+	243	54887	54940	54938	54	18	0.000564298702112985	39
12h	C6	LT934125.1	+	382	55276	55358	55303	83	191	0.00133576708697872	40
12h	PC-12	LT934125.1	+	338	55295	55359	55352	65	117	0.000798596654084788	40
6h	C6	LT934125.1	+	153	55303	55353	55324	51	8	0.000689952565761104	40
8h	PC-12	LT934125.1	+	247	55303	55355	55303	53	19	0.000595648630008151	40
8h	PK-15	LT934125.1	+	340	55303	55358	55352	56	170	0.000745617305339059	40
4h	PK-15	LT934125.1	+	144	55352	55358	55352	7	17	0.000690103109523423	40
12h	PC-12	LT934125.1	+	342	55702	55791	55712	90	99	0.000675735630379436	41
12h	C6	LT934125.1	+	385	55705	55782	55712	78	116	0.000811251215128437	41
8h	PC-12	LT934125.1	+	250	55705	55782	55712	78	29	0.000909147908959809	41
6h	PK-15	LT934125.1	+	276	59005	59058	59044	54	363	0.0029274429632497	42
8h	PC-12	LT934125.1	+	261	59007	59074	59068	68	285	0.00893472945012227	42
12h	PK-15	LT934125.1	+	370	59007	59055	59044	49	248	0.000567505720823799	42
12h	C6	LT934125.1	+	406	59011	59106	59068	96	825	0.0057696745903531	42
1h	C6	LT934125.1	+	34	59011	59073	59068	63	25	0.0385208012326656	42
8h	PK-15	LT934125.1	+	356	59011	59076	59068	66	1629	0.0071447681788078	42
4h	PK-15	LT934125.1	+	151	59014	59100	59068	87	539	0.0218803280019485	42
6h	PC-12	LT934125.1	+	227	59025	59100	59068	76	358	0.00954106923937956	42
12h	PC-12	LT934125.1	+	361	59032	59124	59068	93	521	0.00355614407502713	42
2h	PC-12	LT934125.1	+	59	59032	59074	59068	43	53	0.0353569046030687	42
4h	PC-12	LT934125.1	+	114	59036	59097	59068	62	90	0.00903433045573178	42
8h	C6	LT934125.1	+	214	59038	59080	59068	43	391	0.0126230831315577	42
6h	C6	LT934125.1	+	161	59039	59100	59068	62	235	0.0202673566192324	42
2h	C6	LT934125.1	+	29	59041	59095	59068	55	64	0.0750293083235639	42
2.5h	PC-12	LT934125.1	+	44	59041	59095	59068	55	59	0.0436713545521836	42
4h	C6	LT934125.1	+	51	59044	59073	59068	30	33	0.0173410404624277	42
2h	NRK	LT934125.1	+	25	59044	59074	59044	31	16	0.0517799352750809	42
1.5h	PC-12	LT934125.1	+	20	59044	59070	59068	27	31	0.0685840707964602	42
1h	PC-12	LT934125.1	+	28	59044	59074	59044	31	20	0.044543429844098	42
2h	PK-15	LT934125.1	+	63	59044	59077	59068	34	59	0.0213613323678494	42
6h	PK-15	LT934125.1	+	277	59064	59141	59068	78	838	0.00675811901708885	42
12h	PK-15	LT934125.1	+	371	59065	59148	59068	84	576	0.00131807780320366	42
1h	NRK	LT934125.1	+	12	59068	59070	59068	3	6	0.0606060606060606	42
12h	C6	LT934125.1	+	418	60182	60262	60234	81	253	0.00176936687437495	43
6h	PC-12	LT934125.1	+	235	60188	60258	60235	71	58	0.00154575982090507	43
4h	PK-15	LT934125.1	+	158	60221	60258	60234	38	20	0.000811886011204027	43
12h	PK-15	LT934125.1	+	382	60224	60265	60234	42	443	0.0010137299771167	43
12h	PC-12	LT934125.1	+	373	60230	60260	60235	31	217	0.0014811578968923	43
8h	PK-15	LT934125.1	+	370	60231	60262	60234	32	382	0.00167544594493836	43
6h	C6	LT934125.1	+	168	60232	60260	60234	29	27	0.00232858990944373	43
4h	PC-12	LT934125.1	+	121	60232	60319	60235	88	23	0.00230877333868701	43
8h	PC-12	LT934125.1	+	272	60232	60260	60234	29	61	0.00191234560160512	43
2h	PK-15	LT934125.1	+	66	60232	60258	60239	27	9	0.00325850832729906	43
6h	PK-15	LT934125.1	+	289	60232	60263	60234	32	149	0.00120162259373059	43
8h	C6	LT934125.1	+	226	60233	60260	60234	28	40	0.00129136400322841	43
6h	PK-15	LT934125.1	+	313	65740	65826	65807	87	72	0.000580649843950354	44
8h	PC-12	LT934125.1	+	295	65749	65830	65807	82	20	0.000626998557903317	44
8h	PK-15	LT934125.1	+	400	65775	65856	65807	82	149	0.00065351163820894	44
4h	PK-15	LT934125.1	+	170	65805	65829	65807	25	18	0.000730697410083624	44
6h	PC-12	LT934125.1	+	251	66264	66344	66338	81	87	0.0023186397313576	45
8h	PK-15	LT934125.1	+	403	66298	66357	66338	60	985	0.00432019438681749	45
12h	PK-15	LT934125.1	+	423	66327	66360	66338	34	2110	0.00482837528604119	45
12h	C6	LT934125.1	+	457	66333	66431	66338	99	747	0.00522417808362881	45
6h	C6	LT934125.1	+	182	66335	66344	66338	10	44	0.00379473911168607	45
12h	PC-12	LT934125.1	+	412	66335	66401	66338	67	432	0.00294866456892845	45
4h	PC-12	LT934125.1	+	134	66335	66347	66338	13	23	0.00230877333868701	45
8h	PC-12	LT934125.1	+	296	66335	66425	66338	91	108	0.00338579221267791	45
4h	PK-15	LT934125.1	+	171	66335	66345	66338	11	36	0.00146139482016725	45
6h	PK-15	LT934125.1	+	315	66335	66425	66338	91	256	0.00206453277849015	45
8h	C6	LT934125.1	+	240	66337	66359	66338	23	61	0.00196933010492333	45
2h	PK-15	LT934125.1	+	74	66338	66344	66338	7	6	0.00217233888486604	45
4h	PK-15	LT934125.1	+	182	69159	69247	69237	89	38	0.00154258342128765	46
4h	PC-12	LT934125.1	+	143	69161	69251	69237	91	11	0.00110419594458944	46
6h	PC-12	LT934125.1	+	267	69191	69247	69244	57	33	0.000879484036032194	46
8h	PK-15	LT934125.1	+	438	69191	69273	69244	83	256	0.00112281194215764	46
6h	C6	LT934125.1	+	194	69198	69247	69237	50	6	0.000517464424320828	46
8h	C6	LT934125.1	+	251	69198	69252	69244	55	17	0.000548829701372074	46
6h	PK-15	LT934125.1	+	336	69212	69249	69237	38	168	0.00135484963588416	46
12h	PC-12	LT934125.1	+	439	69228	69301	69237	74	201	0.0013719480980431	46
12h	PK-15	LT934125.1	+	458	69233	69311	69244	79	628	0.0014370709382151	46
12h	C6	LT934125.1	+	486	69237	69293	69244	57	164	0.00114694137311262	46
4h	PK-15	LT934125.1	+	187	69737	69795	69765	59	18	0.000730697410083624	47
6h	PC-12	LT934125.1	+	272	69764	69834	69765	71	33	0.000879484036032194	47
8h	PC-12	LT934125.1	+	321	69765	69845	69765	81	20	0.000626998557903317	47
6h	C6	LT934125.1	+	198	69994	70090	70090	97	16	0.00137990513152221	48
8h	C6	LT934125.1	+	258	70012	70095	70090	84	28	0.000903954802259887	48
8h	PC-12	LT934125.1	+	323	70012	70110	70090	99	29	0.000909147908959809	48
12h	PK-15	LT934125.1	+	470	70046	70133	70090	88	285	0.000652173913043478	48
4h	PC-12	LT934125.1	+	148	70057	70090	70090	34	9	0.000903433045573178	48
6h	PC-12	LT934125.1	+	275	70057	70152	70090	96	36	0.000959437130216939	48
6h	PK-15	LT934125.1	+	345	70061	70105	70090	45	101	0.000814522697763692	48
12h	C6	LT934125.1	+	497	70075	70144	70090	70	114	0.000797264125212429	48
4h	PK-15	LT934125.1	+	190	70079	70166	70090	88	39	0.00158317772184785	48
12h	PC-12	LT934125.1	+	451	70088	70144	70090	57	95	0.000648433180667135	48
8h	PK-15	LT934125.1	+	450	70089	70167	70090	79	168	0.000736845337040952	48
12h	PK-15	LT934125.1	+	475	70479	70579	70531	101	16709	0.0382356979405034	49
12h	C6	LT934125.1	+	502	70481	70544	70531	64	8002	0.0559623467539461	49
6h	PK-15	LT934125.1	+	350	70484	70571	70531	88	3435	0.0277018363051315	49
8h	C6	LT934125.1	+	261	70490	70576	70531	87	1143	0.0369007263922518	49
12h	PC-12	LT934125.1	+	456	70490	70544	70531	55	5254	0.0358617676971066	49
6h	C6	LT934125.1	+	201	70525	70561	70531	37	374	0.0322552824493316	49
2.5h	PC-12	LT934125.1	+	56	70525	70532	70531	8	31	0.0229459659511473	49
4h	PC-12	LT934125.1	+	151	70525	70624	70531	100	338	0.0339289299337482	49
6h	PC-12	LT934125.1	+	279	70525	70568	70531	44	1342	0.0357656841319759	49
8h	PC-12	LT934125.1	+	328	70525	70567	70531	43	870	0.0272744372687943	49
4h	PK-15	LT934125.1	+	193	70525	70539	70531	15	655	0.0265892668669319	49
8h	PK-15	LT934125.1	+	456	70525	70624	70531	100	6231	0.027329067232751	49
2h	C6	LT934125.1	+	43	70528	70535	70531	8	34	0.0398593200468933	49
1h	C6	LT934125.1	+	40	70529	70534	70531	6	16	0.024653312788906	49
4h	C6	LT934125.1	+	69	70529	70535	70529	7	71	0.0373095112979506	49
2h	NRK	LT934125.1	+	29	70529	70547	70529	19	7	0.0226537216828479	49
1.5h	PC-12	LT934125.1	+	26	70529	70534	70529	6	11	0.0243362831858407	49
1h	PC-12	LT934125.1	+	35	70529	70595	70529	67	8	0.0178173719376392	49
2h	PC-12	LT934125.1	+	72	70529	70561	70529	33	34	0.0226817878585724	49
2h	PK-15	LT934125.1	+	81	70529	70534	70531	6	41	0.0148443157132513	49
8h	C6	LT934125.1	+	265	70952	71043	71043	92	16	0.000516545601291364	50
12h	C6	LT934125.1	+	511	71185	71284	71190	100	110	0.000769289945380414	51
6h	C6	LT934125.1	+	210	72694	72763	72759	70	7	0.000603708495040966	52
6h	PK-15	LT934125.1	+	366	72724	72818	72759	95	64	0.000516133194622537	52
12h	C6	LT934125.1	+	523	72751	72766	72759	16	156	0.00109099301344859	52
12h	PC-12	LT934125.1	+	474	72755	72820	72759	66	77	0.000525572156961783	52
8h	C6	LT934125.1	+	272	72758	72788	72759	31	18	0.000581113801452785	52
8h	PC-12	LT934125.1	+	341	72758	72763	72759	6	17	0.000532948774217819	52
8h	PK-15	LT934125.1	+	471	72758	72791	72759	34	150	0.000657897622357993	52
6h	PC-12	LT934125.1	+	290	72759	72791	72759	33	25	0.000666275784872875	52
4h	C6	LT934125.1	+	74	74335	74406	74402	72	21	0.0110352075669995	53
12h	C6	LT934125.1	+	536	74364	74456	74402	93	2335	0.0163299274769388	53
8h	PK-15	LT934125.1	+	484	74375	74466	74402	92	2637	0.0115658402010535	53
6h	PC-12	LT934125.1	+	295	74377	74411	74402	35	437	0.0116465007195778	53
8h	PC-12	LT934125.1	+	347	74381	74445	74400	65	293	0.00918552887328359	53
6h	PK-15	LT934125.1	+	375	74381	74456	74402	76	2051	0.0165404559714191	53
6h	C6	LT934125.1	+	212	74396	74448	74400	53	203	0.017507546356188	53
12h	PK-15	LT934125.1	+	508	74396	74477	74402	82	6550	0.0149885583524027	53
8h	C6	LT934125.1	+	280	74397	74435	74400	39	568	0.0183373688458434	53
12h	PC-12	LT934125.1	+	484	74397	74461	74402	65	1269	0.00866170217122731	53
4h	PK-15	LT934125.1	+	206	74397	74471	74400	75	611	0.024803117642283	53
1h	C6	LT934125.1	+	42	74400	74403	74402	4	6	0.00924499229583975	53
2h	C6	LT934125.1	+	46	74400	74403	74400	4	15	0.0175849941383353	53
1.5h	PC-12	LT934125.1	+	27	74400	74402	74400	3	6	0.0132743362831858	53
1h	PC-12	LT934125.1	+	36	74400	74403	74400	4	6	0.0133630289532294	53
2.5h	PC-12	LT934125.1	+	59	74400	74408	74400	9	13	0.00962250185048113	53
2h	PC-12	LT934125.1	+	75	74400	74402	74400	3	7	0.00466977985323549	53
4h	PC-12	LT934125.1	+	161	74400	74431	74402	32	146	0.0146556916281871	53
2h	PK-15	LT934125.1	+	87	74400	74405	74402	6	19	0.00687907313540912	53
6h	C6	LT934125.1	+	220	76674	76688	76683	15	22	0.00189736955584304	54
8h	PK-15	LT934125.1	+	500	76675	76772	76683	98	160	0.000701757463848526	54
12h	C6	LT934125.1	+	555	76677	76749	76683	73	222	0.00155256698067684	54
8h	C6	LT934125.1	+	291	76677	76692	76683	16	42	0.00135593220338983	54
6h	PC-12	LT934125.1	+	304	76677	76687	76683	11	30	0.00079953094184745	54
6h	PK-15	LT934125.1	+	391	76677	76757	76683	81	106	0.000854845603593577	54
4h	PK-15	LT934125.1	+	215	76682	76685	76683	4	24	0.000974263213444832	54
2h	PC-12	LT934125.1	+	76	76683	76685	76683	3	5	0.00333555703802535	54
4h	PC-12	LT934125.1	+	166	76683	76748	76683	66	10	0.00100381449508131	54
6h	C6	LT934125.1	+	222	76990	77058	76990	69	8	0.000689952565761104	55
4h	PK-15	LT934125.1	+	217	77987	78062	78040	76	34	0.00138020621904685	56
12h	C6	LT934125.1	+	563	78002	78065	78044	64	355	0.00248270846009134	56
8h	C6	LT934125.1	+	296	78018	78062	78044	45	103	0.00332526230831316	56
6h	C6	LT934125.1	+	226	78035	78099	78044	65	69	0.00595084087968952	56
2h	PC-12	LT934125.1	+	79	78035	78078	78035	44	6	0.00400266844563042	56
6h	PC-12	LT934125.1	+	309	78035	78092	78044	58	32	0.00085283300463728	56
8h	PC-12	LT934125.1	+	365	78035	78062	78044	28	23	0.000721048341588814	56
6h	PK-15	LT934125.1	+	399	78035	78127	78044	93	77	0.00062097274978024	56
8h	PK-15	LT934125.1	+	509	78035	78062	78044	28	122	0.000535090066184501	56
4h	PC-12	LT934125.1	+	170	78037	78062	78037	26	8	0.000803051596065047	56
4h	C6	LT934125.1	+	75	78040	78062	78040	23	7	0.00367840252233316	56
2h	PC-12	LT934125.1	+	81	79397	79465	79444	69	35	0.0233488992661775	57
4h	PC-12	LT934125.1	+	176	79398	79461	79444	64	87	0.00873318610720739	57
2.5h	PC-12	LT934125.1	+	63	79401	79461	79444	61	42	0.0310880829015544	57
4h	PK-15	LT934125.1	+	224	79401	79478	79444	78	684	0.0277665015831777	57
12h	C6	LT934125.1	+	578	79413	79456	79444	44	3003	0.0210016155088853	57
1h	C6	LT934125.1	+	46	79418	79444	79440	27	7	0.0107858243451464	57
6h	PK-15	LT934125.1	+	411	79425	79482	79444	58	2370	0.0191130573633658	57
8h	C6	LT934125.1	+	307	79428	79492	79444	65	905	0.0292171105730428	57
12h	PC-12	LT934125.1	+	526	79432	79500	79444	69	2572	0.0175554751650092	57
1h	PC-12	LT934125.1	+	38	79432	79444	79444	13	12	0.0267260579064588	57
8h	PC-12	LT934125.1	+	376	79432	79500	79444	69	680	0.0213179509687128	57
6h	C6	LT934125.1	+	233	79437	79517	79444	81	229	0.0197498921949116	57
6h	PC-12	LT934125.1	+	320	79437	79481	79444	45	329	0.00876818932892703	57
12h	PK-15	LT934125.1	+	549	79437	79507	79444	71	7805	0.0178604118993135	57
2h	PK-15	LT934125.1	+	93	79437	79527	79444	91	47	0.0170166545981173	57
8h	PK-15	LT934125.1	+	524	79437	79494	79444	58	5467	0.0239781753428743	57
2h	C6	LT934125.1	+	51	79439	79454	79444	16	19	0.022274325908558	57
4h	C6	LT934125.1	+	76	79440	79447	79444	8	24	0.0126116657908565	57
2h	NRK	LT934125.1	+	33	79440	79445	79444	6	9	0.029126213592233	57
1.5h	PC-12	LT934125.1	+	30	79440	79454	79444	15	16	0.0353982300884956	57
1h	PK-15	LT934125.1	+	17	79440	79444	79444	5	6	0.0175438596491228	57
4h	PC-12	LT934125.1	+	179	79714	79806	79714	93	8	0.000803051596065047	58
6h	C6	LT934125.1	+	236	79734	79825	79734	92	7	0.000603708495040966	58
8h	PC-12	LT934125.1	+	380	79742	79807	79786	66	23	0.000721048341588814	58
8h	C6	LT934125.1	+	311	79753	79825	79781	73	21	0.000677966101694915	58
8h	PC-12	LT934125.1	+	381	79818	79878	79865	61	16	0.000501598846322654	58
4h	PK-15	LT934125.1	+	237	83975	83982	83975	8	14	0.000568320207842819	59
2h	PK-15	LT934125.1	+	98	83976	84011	83978	36	5	0.00181028240405503	59
6h	C6	LT934125.1	+	257	90369	90381	90381	13	6	0.000517464424320828	60
8h	C6	LT934125.1	+	349	91350	91415	91409	66	99	0.00319612590799032	61
8h	PC-12	LT934125.1	+	424	91356	91448	91409	93	68	0.00213179509687128	61
6h	PK-15	LT934125.1	+	467	91358	91452	91409	95	193	0.00155646416503359	61
6h	C6	LT934125.1	+	262	91360	91415	91409	56	27	0.00232858990944373	61
4h	PC-12	LT934125.1	+	196	91360	91412	91409	53	22	0.00220839188917888	61
12h	PK-15	LT934125.1	+	616	91360	91431	91409	72	471	0.00107780320366133	61
4h	PK-15	LT934125.1	+	255	91360	91431	91412	72	59	0.00239506373305188	61
2h	C6	LT934125.1	+	59	91383	91414	91409	32	6	0.00703399765533412	61
8h	PK-15	LT934125.1	+	595	91392	91448	91412	57	268	0.00117544375194628	61
12h	C6	LT934125.1	+	663	91399	91463	91409	65	280	0.00195819258824105	61
12h	PC-12	LT934125.1	+	600	91407	91485	91409	79	203	0.00138559932289925	61
4h	C6	LT934125.1	+	83	91409	91476	91409	68	9	0.0047293746715712	61
2.5h	PC-12	LT934125.1	+	70	91409	91448	91412	40	6	0.00444115470022206	61
6h	PC-12	LT934125.1	+	365	91409	91448	91412	40	62	0.00165236394648473	61
6h	PC-12	LT934125.1	+	366	91509	91550	91548	42	24	0.00063962475347796	62
4h	PC-12	LT934125.1	+	198	91545	91570	91548	26	6	0.000602288697048785	62
12h	PC-12	LT934125.1	+	611	92451	92510	92453	60	96	0.00065525879309521	63
8h	PC-12	LT934125.1	+	432	92451	92487	92453	37	26	0.000815098125274312	63
1h	PK-15	LT934125.1	+	22	104721	104819	104721	99	8	0.0233918128654971	64
1h	PK-15	LT934125.1	+	23	106594	106601	106594	8	5	0.0146198830409357	65
6h	PC-12	LT934125.1	+	404	107368	107448	107422	81	22	0.00058632269068813	66
8h	C6	LT934125.1	+	382	107389	107450	107392	62	23	0.000742534301856336	66
8h	PC-12	LT934125.1	+	478	107389	107432	107422	44	24	0.00075239826948398	66
4h	PK-15	LT934125.1	+	280	107391	107450	107422	60	63	0.00255744093529269	66
2h	PK-15	LT934125.1	+	114	107401	107482	107482	82	8	0.00289645184648805	66
8h	PK-15	LT934125.1	+	679	107412	107462	107422	51	206	0.000903512734704977	66
6h	PK-15	LT934125.1	+	516	107419	107465	107432	47	128	0.00103226638924507	66
4h	PC-12	LT934125.1	+	212	107420	107485	107420	66	10	0.00100381449508131	66
6h	C6	LT934125.1	+	279	107429	107485	107482	57	15	0.00129366106080207	66
8h	PC-12	LT934125.1	+	479	107444	107499	107482	56	59	0.00184964574581478	66
12h	PK-15	LT934125.1	+	696	107448	107494	107482	47	476	0.00108924485125858	66
12h	C6	LT934125.1	+	755	107468	107508	107482	41	118	0.000825238305044444	66
8h	C6	LT934125.1	+	383	107470	107509	107482	40	46	0.00148506860371267	66
8h	PK-15	LT934125.1	+	680	107470	107534	107482	65	632	0.00277194198220168	66
6h	PK-15	LT934125.1	+	517	107472	107524	107482	53	340	0.00274195759643223	66
12h	PC-12	LT934125.1	+	695	107473	107534	107482	62	202	0.00137877371047117	66
6h	PC-12	LT934125.1	+	405	107473	107505	107483	33	33	0.000879484036032194	66
4h	PK-15	LT934125.1	+	281	107476	107537	107482	62	64	0.00259803523585289	66
12h	PK-15	LT934125.1	+	698	107586	107653	107614	68	230	0.000526315789473684	67
4h	PC-12	LT934125.1	+	216	108273	108362	108310	90	9	0.000903433045573178	68
12h	C6	LT934125.1	+	791	114933	115003	114985	71	8781	0.061410318276231	69
8h	PC-12	LT934125.1	+	496	114950	114992	114985	43	1442	0.0452065960248291	69
12h	PK-15	LT934125.1	+	739	114973	115034	114985	62	8787	0.0201075514874142	69
8h	PK-15	LT934125.1	+	717	114973	115062	114985	90	12984	0.0569476181913079	69
6h	PK-15	LT934125.1	+	547	114978	115034	114985	57	10224	0.0824522778409503	69
4h	C6	LT934125.1	+	90	114979	115056	114985	78	222	0.116657908565423	69
6h	C6	LT934125.1	+	289	114979	115075	114985	97	944	0.0814144027598103	69
8h	C6	LT934125.1	+	394	114979	115037	114985	59	1800	0.0581113801452785	69
12h	PC-12	LT934125.1	+	726	114979	115039	114985	61	5972	0.0407625574204646	69
4h	PC-12	LT934125.1	+	222	114979	115023	114985	45	1476	0.148163019474001	69
6h	PC-12	LT934125.1	+	425	114979	115029	114985	51	4550	0.121262192846863	69
4h	PK-15	LT934125.1	+	293	114979	115025	114985	47	1999	0.0811480068198425	69
1h	C6	LT934125.1	+	50	114985	114988	114985	4	58	0.0893682588597843	69
2h	C6	LT934125.1	+	62	114985	115083	114985	99	98	0.114888628370457	69
2h	NRK	LT934125.1	+	40	114985	114988	114985	4	13	0.0420711974110032	69
1.5h	PC-12	LT934125.1	+	35	114985	114988	114985	4	23	0.0508849557522124	69
1h	PC-12	LT934125.1	+	45	114985	115003	114985	19	33	0.0734966592427617	69
2.5h	PC-12	LT934125.1	+	77	114985	115019	114985	35	80	0.0592153960029608	69
2h	PC-12	LT934125.1	+	102	114985	115029	114985	45	141	0.0940627084723149	69
1h	PK-15	LT934125.1	+	25	114985	114988	114985	4	5	0.0146198830409357	69
2h	PK-15	LT934125.1	+	119	114985	115083	114985	99	157	0.056842867487328	69
12h	C6	LT934125.1	+	792	115009	115056	115012	48	130	0.000909160844540489	69
8h	PC-12	LT934125.1	+	497	115012	115059	115012	48	33	0.00103454762054047	69
4h	PC-12	LT934125.1	+	225	115725	115759	115725	35	5	0.000501907247540655	70
6h	C6	LT934125.1	+	292	115731	115829	115815	99	7	0.000603708495040966	70
4h	PK-15	LT934125.1	+	298	115787	115841	115815	55	18	0.000730697410083624	70
8h	PK-15	LT934125.1	+	725	115793	115863	115815	71	115	0.000504388177141128	70
6h	PK-15	LT934125.1	+	555	115814	115894	115815	81	90	0.000725812304937943	70
4h	PC-12	LT934125.1	+	226	115815	115914	115815	100	5	0.000501907247540655	70
8h	PC-12	LT934125.1	+	503	115890	115974	115920	85	17	0.000532948774217819	70
6h	C6	LT934125.1	+	293	115914	115946	115914	33	6	0.000517464424320828	70
6h	PK-15	LT934125.1	+	558	116006	116072	116016	67	69	0.000556456100452423	71
8h	PC-12	LT934125.1	+	505	116072	116154	116144	83	26	0.000815098125274312	71
8h	C6	LT934125.1	+	404	116097	116195	116170	99	33	0.00106537530266344	71
6h	PC-12	LT934125.1	+	434	116106	116203	116137	98	41	0.00109269228719151	71
2h	PK-15	LT934125.1	+	124	116106	116130	116106	25	5	0.00181028240405503	71
4h	PC-12	LT934125.1	+	228	116120	116219	116154	100	15	0.00150572174262196	71
6h	C6	LT934125.1	+	295	116139	116216	116170	78	10	0.00086244070720138	71
8h	C6	LT934125.1	+	405	116245	116321	116283	77	20	0.000645682001614205	72
8h	PC-12	LT934125.1	+	507	116256	116334	116261	79	30	0.000940497836854975	72
4h	PC-12	LT934125.1	+	229	116258	116321	116276	64	8	0.000803051596065047	72
6h	PK-15	LT934125.1	+	562	116258	116334	116283	77	84	0.00067742481794208	72
2.5h	PC-12	LT934125.1	+	81	116340	116403	116340	64	6	0.00444115470022206	73
6h	PK-15	LT934125.1	+	563	116340	116399	116376	60	64	0.000516133194622537	73
4h	PC-12	LT934125.1	+	230	116355	116424	116355	70	7	0.000702670146556916	73
12h	C6	LT934125.1	+	808	116367	116438	116429	72	94	0.000657393226052354	73
2h	PK-15	LT934125.1	+	127	116376	116463	116376	88	8	0.00289645184648805	73
8h	PK-15	LT934125.1	+	733	116376	116475	116429	100	208	0.000912284703003083	73
6h	PK-15	LT934125.1	+	564	116402	116487	116403	86	118	0.000951620577585303	73
8h	C6	LT934125.1	+	407	116420	116475	116453	56	20	0.000645682001614205	73
8h	PC-12	LT934125.1	+	509	116424	116502	116424	79	29	0.000909147908959809	73
4h	PK-15	LT934125.1	+	305	116424	116463	116445	40	18	0.000730697410083624	73
6h	C6	LT934125.1	+	298	116429	116487	116429	59	7	0.000603708495040966	73
4h	PC-12	LT934125.1	+	231	116469	116513	116469	45	5	0.000501907247540655	73
8h	C6	LT934125.1	+	408	116483	116559	116552	77	20	0.000645682001614205	73
6h	PK-15	LT934125.1	+	565	116493	116564	116552	72	73	0.000588714425116332	73
2h	PK-15	LT934125.1	+	128	116518	116616	116518	99	12	0.00434467776973208	73
2.5h	PC-12	LT934125.1	+	82	116526	116600	116526	75	6	0.00444115470022206	73
4h	PC-12	LT934125.1	+	232	116532	116595	116532	64	7	0.000702670146556916	73
6h	PC-12	LT934125.1	+	439	116544	116606	116595	63	20	0.0005330206278983	73
8h	PC-12	LT934125.1	+	511	116577	116636	116606	60	22	0.000689698413693649	73
4h	PK-15	LT934125.1	+	307	116580	116655	116595	76	16	0.000649508808963222	73
6h	PK-15	LT934125.1	+	566	116580	116643	116622	64	62	0.000500004032290583	73
8h	C6	LT934125.1	+	409	116581	116663	116582	83	19	0.000613397901533495	73
6h	C6	LT934125.1	+	300	116607	116649	116622	43	6	0.000517464424320828	73
6h	PC-12	LT934125.1	+	440	116619	116715	116628	97	29	0.000772879910452535	73
8h	PK-15	LT934125.1	+	736	116634	116720	116715	87	178	0.000780705178531485	73
12h	C6	LT934125.1	+	812	116640	116730	116715	91	91	0.000636412591178342	73
8h	PC-12	LT934125.1	+	512	116646	116739	116700	94	25	0.000783748197379146	73
4h	PK-15	LT934125.1	+	308	116670	116737	116687	68	20	0.000811886011204027	73
4h	PC-12	LT934125.1	+	233	116679	116717	116679	39	7	0.000702670146556916	73
8h	C6	LT934125.1	+	410	116682	116742	116682	61	21	0.000677966101694915	73
2h	PK-15	LT934125.1	+	129	116685	116759	116748	75	7	0.00253439536567705	73
6h	C6	LT934125.1	+	301	116696	116768	116696	73	6	0.000517464424320828	73
12h	PC-12	LT934125.1	+	746	116722	116777	116759	56	77	0.000525572156961783	73
8h	PK-15	LT934125.1	+	737	116724	116810	116791	87	240	0.00105263619577279	73
12h	C6	LT934125.1	+	813	116736	116807	116791	72	141	0.000986089839078531	73
8h	PC-12	LT934125.1	+	513	116745	116807	116772	63	29	0.000909147908959809	73
4h	PK-15	LT934125.1	+	309	116748	116832	116791	85	25	0.00101485751400503	73
8h	C6	LT934125.1	+	411	116754	116852	116791	99	25	0.000807102502017756	73
2h	PC-12	LT934125.1	+	109	116754	116792	116754	39	5	0.00333555703802535	73
6h	PK-15	LT934125.1	+	569	116759	116817	116791	59	89	0.000717747723771966	73
12h	C6	LT934125.1	+	819	117516	117613	117607	98	76	0.000531509416808286	74
12h	PK-15	LT934125.1	+	765	117600	117646	117607	47	227	0.000519450800915332	74
4h	PC-12	LT934125.1	+	235	117603	117607	117607	5	7	0.000702670146556916	74
8h	PC-12	LT934125.1	+	516	117603	117607	117607	5	20	0.000626998557903317	74
12h	C6	LT934125.1	+	820	117708	117800	117769	93	74	0.000517522326892278	75
6h	C6	LT934125.1	+	304	117768	117791	117769	24	17	0.00146614920224235	75
8h	PC-12	LT934125.1	+	517	117768	117799	117769	32	43	0.00134804689949213	75
8h	PK-15	LT934125.1	+	744	117768	117845	117769	78	358	0.00157018232536108	75
8h	C6	LT934125.1	+	413	117769	117789	117769	21	20	0.000645682001614205	75
1.5h	PC-12	LT934125.1	+	39	117769	117769	117769	1	5	0.0110619469026549	75
2h	PC-12	LT934125.1	+	111	117769	117769	117769	1	5	0.00333555703802535	75
4h	PC-12	LT934125.1	+	236	117769	117789	117769	21	8	0.000803051596065047	75
6h	PC-12	LT934125.1	+	445	117769	117857	117769	89	26	0.00069292681626779	75
2h	PK-15	LT934125.1	+	131	117769	117802	117769	34	18	0.00651701665459812	75
4h	PK-15	LT934125.1	+	310	117769	117781	117769	13	26	0.00105545181456524	75
6h	PK-15	LT934125.1	+	573	117769	117835	117769	67	102	0.000822587278929669	75
8h	PK-15	LT934125.1	+	754	118786	118883	118864	98	18671	0.0818907100469739	76
4h	C6	LT934125.1	+	97	118791	118868	118864	78	139	0.0730425643720441	76
12h	PK-15	LT934125.1	+	777	118827	118913	118864	87	24325	0.0556636155606407	76
6h	PK-15	LT934125.1	+	581	118832	118882	118864	51	6303	0.050831055089154	76
4h	PC-12	LT934125.1	+	241	118841	118939	118864	99	611	0.061333065649468	76
12h	C6	LT934125.1	+	832	118846	118938	118864	93	10570	0.0739217702060998	76
12h	PC-12	LT934125.1	+	761	118852	118938	118864	87	7521	0.0513354310715529	76
6h	PC-12	LT934125.1	+	453	118854	118929	118864	76	2198	0.0585789670060231	76
8h	C6	LT934125.1	+	421	118857	118927	118864	71	1864	0.0601775625504439	76
2h	NRK	LT934125.1	+	45	118857	118866	118864	10	18	0.058252427184466	76
8h	PC-12	LT934125.1	+	525	118857	118947	118864	91	1987	0.0622923067276945	76
4h	PK-15	LT934125.1	+	317	118857	118913	118864	57	1291	0.0524072420232199	76
6h	C6	LT934125.1	+	311	118859	118876	118864	18	568	0.0489866321690384	76
2.5h	PC-12	LT934125.1	+	86	118859	118906	118864	48	83	0.0614359733530718	76
2h	PC-12	LT934125.1	+	113	118859	118899	118864	41	125	0.0833889259506338	76
1h	C6	LT934125.1	+	55	118860	118866	118864	7	50	0.0770416024653313	76
2h	C6	LT934125.1	+	68	118860	118873	118864	14	45	0.0527549824150059	76
1h	NRK	LT934125.1	+	18	118860	118866	118864	7	10	0.101010101010101	76
1.5h	PC-12	LT934125.1	+	42	118860	118866	118864	7	28	0.0619469026548673	76
1h	PC-12	LT934125.1	+	53	118860	118866	118864	7	28	0.0623608017817372	76
1h	PK-15	LT934125.1	+	30	118860	118866	118866	7	8	0.0233918128654971	76
2h	PK-15	LT934125.1	+	134	118860	118899	118864	40	79	0.0286024619840695	76
6h	C6	LT934125.1	+	313	119157	119230	119157	74	6	0.000517464424320828	77
4h	PC-12	LT934125.1	+	244	119304	119395	119304	92	5	0.000501907247540655	78
6h	PC-12	LT934125.1	+	459	119554	119646	119567	93	19	0.000506369596503385	79
6h	C6	LT934125.1	+	317	119693	119763	119693	71	6	0.000517464424320828	80
4h	PC-12	LT934125.1	+	248	119747	119815	119747	69	7	0.000702670146556916	80
8h	C6	LT934125.1	+	431	119763	119826	119763	64	17	0.000548829701372074	80
8h	PC-12	LT934125.1	+	535	119794	119844	119844	51	21	0.000658348485798483	80
6h	C6	LT934125.1	+	318	119808	119871	119808	64	8	0.000689952565761104	80
8h	PC-12	LT934125.1	+	536	119854	119919	119854	66	23	0.000721048341588814	80
2.5h	PC-12	LT934125.1	+	92	119869	119964	119869	96	5	0.00370096225018505	80
4h	PC-12	LT934125.1	+	249	119877	119958	119877	82	6	0.000602288697048785	80
12h	C6	LT934125.1	+	846	119897	119988	119941	92	85	0.00059445132143032	80
8h	PK-15	LT934125.1	+	769	119933	120007	119941	75	172	0.000754389273637165	80
6h	PK-15	LT934125.1	+	595	119935	120006	119941	72	66	0.000532262356954492	80
8h	PC-12	LT934125.1	+	537	119938	119988	119941	51	22	0.000689698413693649	80
6h	PC-12	LT934125.1	+	462	119941	120036	119941	96	19	0.000506369596503385	80
12h	PC-12	LT934125.1	+	776	120051	120138	120081	88	76	0.000518746544533708	81
4h	PK-15	LT934125.1	+	327	120059	120146	120130	88	14	0.000568320207842819	81
8h	PC-12	LT934125.1	+	539	120075	120164	120081	90	24	0.00075239826948398	81
6h	PK-15	LT934125.1	+	597	120081	120164	120081	84	70	0.0005645206816184	81
12h	PC-12	LT934125.1	+	778	120238	120331	120312	94	85	0.000580177056386384	82
8h	PC-12	LT934125.1	+	542	120312	120403	120312	92	21	0.000658348485798483	82
12h	C6	LT934125.1	+	852	120483	120575	120555	93	340	0.00237780528572128	83
4h	PK-15	LT934125.1	+	330	120499	120557	120555	59	20	0.000811886011204027	83
12h	PK-15	LT934125.1	+	798	120553	120650	120555	98	661	0.00151258581235698	83
8h	C6	LT934125.1	+	439	120554	120635	120555	82	43	0.00138821630347054	83
12h	PC-12	LT934125.1	+	780	120554	120561	120555	8	155	0.00105796992635164	83
8h	PK-15	LT934125.1	+	776	120554	120620	120555	67	374	0.00164035807174593	83
6h	C6	LT934125.1	+	324	120555	120624	120555	70	42	0.0036222509702458	83
4h	PC-12	LT934125.1	+	252	120555	120558	120555	4	11	0.00110419594458944	83
6h	PC-12	LT934125.1	+	466	120555	120558	120555	4	73	0.00194552529182879	83
8h	PC-12	LT934125.1	+	543	120555	120557	120555	3	31	0.000971847764750141	83
6h	PK-15	LT934125.1	+	601	120555	120632	120555	78	105	0.0008467810224276	83
4h	PK-15	LT934125.1	+	335	121714	121809	121784	96	360	0.0146139482016725	84
4h	C6	LT934125.1	+	107	121715	121795	121784	81	21	0.0110352075669995	84
6h	PC-12	LT934125.1	+	473	121718	121809	121784	92	606	0.0161505250253185	84
4h	PC-12	LT934125.1	+	256	121723	121788	121784	66	136	0.0136518771331058	84
8h	PC-12	LT934125.1	+	549	121724	121804	121784	81	307	0.00962442786381591	84
8h	C6	LT934125.1	+	446	121777	121837	121784	61	300	0.00968523002421307	84
6h	PK-15	LT934125.1	+	611	121778	121839	121784	62	1474	0.0118871926386503	84
8h	PK-15	LT934125.1	+	787	121780	121820	121784	41	3458	0.0151667331874263	84
12h	PK-15	LT934125.1	+	810	121781	121873	121784	93	4078	0.00933180778032037	84
12h	C6	LT934125.1	+	865	121782	121868	121784	87	1353	0.00946226632817909	84
6h	C6	LT934125.1	+	331	121783	121837	121784	55	171	0.0147477360931436	84
12h	PC-12	LT934125.1	+	793	121783	121858	121784	76	1197	0.00817025807640591	84
1h	C6	LT934125.1	+	61	121784	121786	121784	3	11	0.0169491525423729	84
2.5h	PC-12	LT934125.1	+	96	121784	121786	121784	3	10	0.0074019245003701	84
2h	PC-12	LT934125.1	+	121	121784	121787	121784	4	16	0.0106737825216811	84
2h	PK-15	LT934125.1	+	141	121784	121804	121784	21	10	0.00362056480811007	84
4h	PC-12	LT934125.1	+	257	121894	121925	121894	32	5	0.000501907247540655	85
8h	PK-15	LT934125.1	+	800	122903	122994	122979	92	1707	0.00748687494243396	86
12h	PK-15	LT934125.1	+	823	122906	122996	122979	91	1394	0.00318993135011442	86
4h	PK-15	LT934125.1	+	345	122920	122988	122979	69	146	0.0059267678817894	86
6h	C6	LT934125.1	+	338	122922	122988	122979	67	107	0.00922811556705476	86
8h	C6	LT934125.1	+	454	122922	122991	122979	70	178	0.00574656981436642	86
2h	PC-12	LT934125.1	+	123	122922	122988	122979	67	23	0.0153435623749166	86
8h	PC-12	LT934125.1	+	559	122922	122988	122979	67	149	0.00467113925637971	86
4h	PC-12	LT934125.1	+	264	122924	122988	122979	65	48	0.00481830957639028	86
6h	PK-15	LT934125.1	+	625	122960	122990	122979	31	618	0.00498391116057388	86
12h	C6	LT934125.1	+	877	122978	123065	122979	88	1013	0.00708446104245781	86
4h	C6	LT934125.1	+	109	122978	122983	122979	6	23	0.0120861797162375	86
12h	PC-12	LT934125.1	+	806	122978	123038	122979	61	493	0.00336502692704103	86
6h	PC-12	LT934125.1	+	486	122978	123026	122979	49	180	0.0047971856510847	86
1h	C6	LT934125.1	+	63	122979	122981	122981	3	7	0.0107858243451464	86
2h	NRK	LT934125.1	+	49	122979	122983	122979	5	6	0.0194174757281553	86
1h	PC-12	LT934125.1	+	63	122979	122981	122979	3	5	0.0111358574610245	86
2h	PK-15	LT934125.1	+	145	122979	122983	122979	5	18	0.00651701665459812	86
6h	C6	LT934125.1	+	347	124252	124316	124306	65	6	0.000517464424320828	87
8h	C6	LT934125.1	+	462	124295	124348	124302	54	18	0.000581113801452785	87
6h	C6	LT934125.1	+	348	124369	124462	124369	94	6	0.000517464424320828	88
4h	PC-12	LT934125.1	+	272	124491	124575	124491	85	6	0.000602288697048785	89
12h	C6	LT934125.1	+	894	124517	124584	124563	68	74	0.000517522326892278	89
4h	PK-15	LT934125.1	+	353	124530	124576	124530	47	13	0.000527725907282618	89
6h	PC-12	LT934125.1	+	498	124538	124617	124563	80	23	0.000612973722083045	89
8h	PK-15	LT934125.1	+	819	124709	124800	124756	92	2374	0.0104123263698525	90
4h	C6	LT934125.1	+	115	124716	124758	124756	43	20	0.0105097214923805	90
12h	C6	LT934125.1	+	897	124725	124770	124756	46	1188	0.00830833141010847	90
8h	C6	LT934125.1	+	467	124725	124790	124756	66	194	0.00626311541565779	90
12h	PC-12	LT934125.1	+	824	124725	124766	124756	42	1095	0.00747404560874224	90
8h	PC-12	LT934125.1	+	574	124734	124790	124756	57	243	0.0076180324785253	90
12h	PK-15	LT934125.1	+	843	124735	124799	124756	65	5504	0.0125949656750572	90
6h	PC-12	LT934125.1	+	499	124736	124793	124756	58	184	0.00490378977666436	90
4h	PK-15	LT934125.1	+	355	124736	124776	124756	41	137	0.00556141917674759	90
6h	PK-15	LT934125.1	+	644	124736	124805	124756	70	911	0.00734683344220518	90
4h	PC-12	LT934125.1	+	274	124754	124827	124756	74	27	0.00271029913671953	90
6h	C6	LT934125.1	+	350	124756	124791	124756	36	80	0.00689952565761104	90
1.5h	PC-12	LT934125.1	+	49	124756	124796	124756	41	5	0.0110619469026549	90
2.5h	PC-12	LT934125.1	+	101	124756	124757	124756	2	10	0.0074019245003701	90
2h	PC-12	LT934125.1	+	126	124756	124796	124756	41	6	0.00400266844563042	90
2h	PK-15	LT934125.1	+	151	124756	124764	124756	9	18	0.00651701665459812	90
8h	PC-12	LT934125.1	+	577	125027	125122	125058	96	19	0.000595648630008151	91
6h	PC-12	LT934125.1	+	504	125150	125231	125225	82	675	0.0179894461915676	92
8h	PC-12	LT934125.1	+	578	125152	125246	125225	95	651	0.020408803059753	92
12h	PK-15	LT934125.1	+	848	125171	125236	125225	66	4693	0.0107391304347826	92
6h	C6	LT934125.1	+	353	125177	125272	125225	96	325	0.0280293229840449	92
12h	PC-12	LT934125.1	+	830	125177	125236	125225	60	2399	0.0163746442149522	92
6h	PK-15	LT934125.1	+	649	125177	125241	125225	65	1758	0.0141775336897878	92
4h	PC-12	LT934125.1	+	275	125183	125229	125225	47	186	0.0186709496085123	92
12h	C6	LT934125.1	+	903	125189	125238	125225	50	4925	0.0344432089181685	92
2h	PK-15	LT934125.1	+	153	125192	125230	125225	39	101	0.0365677045619117	92
8h	C6	LT934125.1	+	472	125193	125288	125225	96	1210	0.0390637610976594	92
4h	PK-15	LT934125.1	+	359	125208	125285	125225	78	853	0.0346269383778518	92
2h	NRK	LT934125.1	+	51	125217	125225	125223	9	14	0.0453074433656958	92
8h	PK-15	LT934125.1	+	825	125217	125299	125225	83	3108	0.0136316387352576	92
2h	C6	LT934125.1	+	76	125221	125302	125223	82	32	0.0375146541617819	92
1.5h	PC-12	LT934125.1	+	50	125221	125225	125225	5	21	0.0464601769911505	92
1h	C6	LT934125.1	+	68	125222	125236	125223	15	36	0.0554699537750385	92
1h	PC-12	LT934125.1	+	66	125222	125225	125225	4	30	0.066815144766147	92
4h	C6	LT934125.1	+	117	125223	125230	125225	8	62	0.0325801366263794	92
1h	NRK	LT934125.1	+	23	125223	125225	125223	3	7	0.0707070707070707	92
2.5h	PC-12	LT934125.1	+	103	125223	125232	125223	10	63	0.0466321243523316	92
2h	PC-12	LT934125.1	+	128	125223	125229	125225	7	68	0.0453635757171448	92
8h	PC-12	LT934125.1	+	586	125889	125943	125913	55	16	0.000501598846322654	93
8h	PC-12	LT934125.1	+	587	125954	126053	125954	100	17	0.000532948774217819	94
12h	C6	LT934125.1	+	924	127987	128073	128061	87	110	0.000769289945380414	95
8h	PK-15	LT934125.1	+	847	127996	128074	128051	79	120	0.000526318097886394	95
8h	PC-12	LT934125.1	+	591	127999	128064	128047	66	26	0.000815098125274312	95
12h	PC-12	LT934125.1	+	850	128001	128073	128061	73	106	0.000723514917375962	95
4h	PK-15	LT934125.1	+	367	128015	128089	128073	75	16	0.000649508808963222	95
6h	C6	LT934125.1	+	362	128051	128079	128061	29	11	0.000948684777921518	95
6h	PK-15	LT934125.1	+	664	128057	128128	128073	72	92	0.000741941467269897	95
8h	PC-12	LT934125.1	+	592	128068	128111	128083	44	37	0.00115994733212114	95
12h	C6	LT934125.1	+	925	128076	128136	128083	61	74	0.000517522326892278	95
8h	PC-12	LT934125.1	+	593	128161	128190	128189	30	44	0.0013793968273873	96
12h	PC-12	LT934125.1	+	852	128174	128221	128189	48	86	0.000587002668814459	96
12h	C6	LT934125.1	+	926	128182	128258	128189	77	147	0.00102805110882655	96
6h	PK-15	LT934125.1	+	665	128182	128258	128189	77	68	0.000548391519286446	96
6h	PC-12	LT934125.1	+	518	128184	128221	128185	38	26	0.00069292681626779	96
8h	C6	LT934125.1	+	485	128185	128212	128189	28	21	0.000677966101694915	96
4h	PC-12	LT934125.1	+	282	128185	128190	128185	6	7	0.000702670146556916	96
4h	PK-15	LT934125.1	+	369	128185	128225	128185	41	17	0.000690103109523423	96
8h	PC-12	LT934125.1	+	611	136099	136174	136158	76	34	0.00106589754843564	97
8h	C6	LT934125.1	+	494	136104	136174	136158	71	37	0.00119451170298628	97
8h	PK-15	LT934125.1	+	886	136111	136184	136158	74	411	0.0018026394852609	97
12h	C6	LT934125.1	+	954	136114	136181	136158	68	174	0.00121687682269265	97
6h	C6	LT934125.1	+	365	136117	136158	136158	42	8	0.000689952565761104	97
12h	PC-12	LT934125.1	+	883	136138	136224	136158	87	173	0.00118083095005699	97
6h	PK-15	LT934125.1	+	683	136153	136225	136158	73	155	0.00125001008072646	97
12h	PK-15	LT934125.1	+	905	136154	136178	136158	25	223	0.000510297482837529	97
2h	PK-15	LT934125.1	+	162	136154	136245	136158	92	39	0.0141202027516293	97
1h	PK-15	LT934125.1	+	37	136156	136162	136158	7	63	0.184210526315789	97
4h	PC-12	LT934125.1	+	285	136157	136178	136158	22	6	0.000602288697048785	97
6h	PC-12	LT934125.1	+	528	136157	136201	136158	45	31	0.000826181973242364	97
4h	PK-15	LT934125.1	+	376	136157	136201	136158	45	47	0.00190793212632946	97
6h	PC-12	LT934125.1	+	529	136265	136351	136348	87	22	0.00058632269068813	98
8h	PC-12	LT934125.1	+	612	136292	136378	136348	87	26	0.000815098125274312	98
12h	PC-12	LT934125.1	+	884	136298	136374	136348	77	88	0.00060065389367061	98
8h	PK-15	LT934125.1	+	888	136314	136396	136348	83	294	0.00128947933982167	98
6h	PK-15	LT934125.1	+	685	136333	136385	136348	53	240	0.00193549947983451	98
12h	C6	LT934125.1	+	956	136335	136396	136348	62	211	0.00147563798613879	98
6h	C6	LT934125.1	+	367	136338	136372	136348	35	9	0.000776196636481242	98
4h	PC-12	LT934125.1	+	286	136339	136348	136348	10	7	0.000702670146556916	98
4h	PK-15	LT934125.1	+	378	136339	136432	136348	94	93	0.00377526995209873	98
1h	PK-15	LT934125.1	+	50	140733	140808	140808	76	7	0.0204678362573099	99
8h	PC-12	LT934125.1	-	5	3291	3351	3305	61	17	0.000532948774217819	1
6h	C6	LT934125.1	-	6	3838	3912	3910	75	54	0.00465717981888745	2
4h	PC-12	LT934125.1	-	6	3838	3912	3911	75	20	0.00200762899016262	2
4h	C6	LT934125.1	-	1	3847	3942	3910	96	8	0.00420388859695218	2
12h	C6	LT934125.1	-	20	3870	3942	3910	73	123	0.000860206029834463	2
6h	PC-12	LT934125.1	-	12	3876	3942	3912	67	57	0.00151910878951015	2
8h	C6	LT934125.1	-	15	3877	3942	3910	66	56	0.00180790960451977	2
2h	PC-12	LT934125.1	-	5	3877	3912	3910	36	13	0.00867244829886591	2
8h	PC-12	LT934125.1	-	10	3877	3953	3910	77	40	0.00125399711580663	2
4h	PK-15	LT934125.1	-	9	3877	3959	3910	83	59	0.00239506373305188	2
6h	PK-15	LT934125.1	-	15	3877	3913	3910	37	142	0.00114517052556875	2
8h	PK-15	LT934125.1	-	17	3877	3912	3910	36	186	0.000815793051723911	2
2.5h	PC-12	LT934125.1	-	4	3880	3911	3908	32	14	0.0103626943005181	2
2h	PK-15	LT934125.1	-	8	3905	3942	3910	38	27	0.00977552498189718	2
1h	C6	LT934125.1	-	2	3908	3910	3908	3	8	0.012326656394453	2
1.5h	PC-12	LT934125.1	-	1	3908	3914	3910	7	10	0.0221238938053097	2
6h	C6	LT934125.1	-	8	4146	4210	4210	65	6	0.000517464424320828	3
6h	C6	LT934125.1	-	11	4893	4927	4925	35	8	0.000689952565761104	4
4h	PC-12	LT934125.1	-	14	8909	8997	8997	89	5	0.000501907247540655	5
6h	PC-12	LT934125.1	-	24	8997	9080	8997	84	28	0.00074622887905762	5
4h	PC-12	LT934125.1	-	17	9406	9499	9494	94	81	0.0081308974101586	6
6h	C6	LT934125.1	-	20	9420	9499	9494	80	78	0.00672703751617076	6
8h	PC-12	LT934125.1	-	31	9433	9533	9494	101	61	0.00191234560160512	6
12h	C6	LT934125.1	-	52	9449	9534	9494	86	343	0.00239878592059529	6
2h	PK-15	LT934125.1	-	17	9451	9497	9494	47	25	0.00905141202027516	6
6h	PK-15	LT934125.1	-	40	9454	9499	9494	46	371	0.00299195961257752	6
8h	C6	LT934125.1	-	34	9455	9533	9494	79	164	0.00529459241323648	6
12h	PK-15	LT934125.1	-	50	9455	9534	9494	80	342	0.000782608695652174	6
8h	PK-15	LT934125.1	-	49	9455	9505	9494	51	521	0.00228509774165676	6
4h	C6	LT934125.1	-	7	9462	9534	9494	73	15	0.00788229111928534	6
4h	PK-15	LT934125.1	-	24	9465	9532	9494	68	162	0.00657627669075262	6
6h	PC-12	LT934125.1	-	28	9466	9533	9494	68	156	0.00415756089760674	6
2h	PC-12	LT934125.1	-	9	9475	9497	9494	23	17	0.0113408939292862	6
12h	PC-12	LT934125.1	-	50	9486	9533	9494	48	166	0.00113305166306047	6
2.5h	PC-12	LT934125.1	-	7	9490	9501	9494	12	19	0.0140636565507032	6
1h	C6	LT934125.1	-	3	9494	9498	9494	5	8	0.012326656394453	6
2h	C6	LT934125.1	-	7	9494	9498	9494	5	12	0.0140679953106682	6
2h	NRK	LT934125.1	-	5	9494	9500	9494	7	6	0.0194174757281553	6
1.5h	PC-12	LT934125.1	-	4	9494	9500	9494	7	9	0.0199115044247788	6
1h	PC-12	LT934125.1	-	3	9494	9494	9494	1	5	0.0111358574610245	6
6h	C6	LT934125.1	-	21	9526	9592	9526	67	6	0.000517464424320828	6
2.5h	PC-12	LT934125.1	-	9	16919	16991	16919	73	6	0.00444115470022206	7
4h	PC-12	LT934125.1	-	24	17123	17159	17123	37	6	0.000602288697048785	8
8h	PK-15	LT934125.1	-	81	17273	17348	17341	76	156	0.000684213527252313	9
12h	C6	LT934125.1	-	102	17279	17379	17341	101	204	0.00142668317143277	9
12h	PC-12	LT934125.1	-	95	17297	17379	17341	83	181	0.00123543584948159	9
6h	PC-12	LT934125.1	-	45	17300	17389	17341	90	30	0.00079953094184745	9
6h	C6	LT934125.1	-	31	17303	17363	17303	61	8	0.000689952565761104	9
6h	PK-15	LT934125.1	-	66	17315	17376	17341	62	82	0.000661295655610126	9
8h	C6	LT934125.1	-	52	17333	17407	17341	75	40	0.00129136400322841	9
12h	PK-15	LT934125.1	-	95	17333	17379	17341	47	229	0.000524027459954233	9
4h	PK-15	LT934125.1	-	33	17333	17373	17341	41	18	0.000730697410083624	9
4h	PC-12	LT934125.1	-	26	17338	17373	17341	36	13	0.0013049588436057	9
8h	PC-12	LT934125.1	-	61	17339	17402	17341	64	44	0.0013793968273873	9
4h	PC-12	LT934125.1	-	27	17437	17472	17456	36	6	0.000602288697048785	10
8h	C6	LT934125.1	-	53	17440	17509	17440	70	19	0.000613397901533495	10
6h	PC-12	LT934125.1	-	46	17440	17509	17440	70	22	0.00058632269068813	10
8h	PC-12	LT934125.1	-	63	17535	17593	17551	59	18	0.000564298702112985	11
8h	C6	LT934125.1	-	54	17537	17626	17551	90	16	0.000516545601291364	11
6h	C6	LT934125.1	-	37	17970	18019	17978	50	7	0.000603708495040966	12
12h	C6	LT934125.1	-	127	19423	19483	19471	61	917	0.00641308072648945	13
6h	PK-15	LT934125.1	-	88	19434	19524	19471	91	429	0.0034597053202042	13
6h	PC-12	LT934125.1	-	61	19435	19516	19473	82	248	0.00660945578593892	13
8h	PK-15	LT934125.1	-	105	19435	19484	19471	50	2161	0.00947811174610415	13
6h	C6	LT934125.1	-	45	19440	19533	19471	94	147	0.0126778783958603	13
4h	PK-15	LT934125.1	-	47	19440	19473	19471	34	72	0.0029227896403345	13
12h	PK-15	LT934125.1	-	121	19446	19524	19471	79	4352	0.00995881006864989	13
12h	PC-12	LT934125.1	-	119	19455	19533	19471	79	1082	0.00738531264717727	13
8h	PC-12	LT934125.1	-	79	19462	19523	19471	62	254	0.00796288168537212	13
8h	C6	LT934125.1	-	64	19466	19514	19471	49	134	0.00432606941081517	13
1h	C6	LT934125.1	-	9	19467	19514	19473	48	8	0.012326656394453	13
4h	PC-12	LT934125.1	-	36	19469	19473	19473	5	72	0.00722746436458542	13
2h	PK-15	LT934125.1	-	25	19469	19473	19471	5	13	0.00470673425054309	13
4h	C6	LT934125.1	-	17	19470	19473	19471	4	27	0.0141881240147136	13
2h	PC-12	LT934125.1	-	18	19470	19473	19471	4	8	0.00533689126084056	13
8h	C6	LT934125.1	-	71	21888	21944	21941	57	29	0.000936238902340597	14
8h	PC-12	LT934125.1	-	87	21894	21971	21941	78	40	0.00125399711580663	14
6h	PK-15	LT934125.1	-	97	21917	21969	21941	53	63	0.00050806861345656	14
6h	PC-12	LT934125.1	-	70	21919	21985	21944	67	46	0.00122594744416609	14
12h	PC-12	LT934125.1	-	133	21923	21994	21941	72	100	0.000682561242807511	14
4h	PK-15	LT934125.1	-	53	21937	21985	21941	49	21	0.000852480311764228	14
4h	PC-12	LT934125.1	-	41	21938	21947	21939	10	16	0.00160610319213009	14
2h	PK-15	LT934125.1	-	30	21938	21968	21938	31	6	0.00217233888486604	14
6h	C6	LT934125.1	-	52	21939	21967	21939	29	7	0.000603708495040966	14
4h	PC-12	LT934125.1	-	44	22362	22458	22379	97	6	0.000602288697048785	15
6h	PC-12	LT934125.1	-	74	22368	22463	22458	96	19	0.000506369596503385	15
2h	PK-15	LT934125.1	-	35	22904	22955	22904	52	5	0.00181028240405503	16
6h	PK-15	LT934125.1	-	121	25225	25316	25313	92	102	0.000822587278929669	17
8h	C6	LT934125.1	-	89	25230	25313	25313	84	28	0.000903954802259887	17
1h	C6	LT934125.1	-	14	25232	25313	25232	82	6	0.00924499229583975	17
12h	C6	LT934125.1	-	174	25273	25315	25313	43	105	0.000734322220590395	17
8h	PK-15	LT934125.1	-	148	25273	25325	25313	53	301	0.00132018122886504	17
4h	PK-15	LT934125.1	-	68	25298	25315	25313	18	28	0.00113664041568564	17
8h	PC-12	LT934125.1	-	102	25301	25363	25313	63	16	0.000501598846322654	17
6h	C6	LT934125.1	-	65	25309	25320	25313	12	16	0.00137990513152221	17
2h	PK-15	LT934125.1	-	40	25310	25315	25313	6	20	0.00724112961622013	17
8h	PC-12	LT934125.1	-	111	28738	28815	28759	78	25	0.000783748197379146	18
4h	PC-12	LT934125.1	-	58	29046	29080	29046	35	6	0.000602288697048785	19
6h	C6	LT934125.1	-	72	29238	29316	29291	79	10	0.00086244070720138	20
4h	PK-15	LT934125.1	-	75	29263	29344	29288	82	14	0.000568320207842819	20
8h	PC-12	LT934125.1	-	118	29327	29418	29411	92	1001	0.031381277823061	20
6h	PK-15	LT934125.1	-	136	29338	29420	29411	83	3174	0.0255969806208115	20
12h	C6	LT934125.1	-	201	29342	29427	29412	86	3436	0.0240298204757009	20
12h	PK-15	LT934125.1	-	179	29348	29418	29412	71	12391	0.0283546910755149	20
6h	PC-12	LT934125.1	-	102	29355	29417	29411	63	588	0.01567080646021	20
6h	C6	LT934125.1	-	73	29359	29417	29412	59	250	0.0215610176800345	20
8h	C6	LT934125.1	-	101	29364	29424	29414	61	839	0.0270863599677159	20
8h	PK-15	LT934125.1	-	171	29366	29422	29411	57	7350	0.0322369834955416	20
2h	PK-15	LT934125.1	-	44	29372	29414	29411	43	23	0.00832729905865315	20
12h	PC-12	LT934125.1	-	183	29378	29432	29411	55	4190	0.0285993160736347	20
2h	PC-12	LT934125.1	-	26	29378	29414	29412	37	17	0.0113408939292862	20
4h	PK-15	LT934125.1	-	76	29380	29417	29411	38	671	0.0272387756758951	20
2.5h	PC-12	LT934125.1	-	27	29403	29414	29409	12	18	0.0133234641006662	20
2h	C6	LT934125.1	-	15	29404	29414	29409	11	10	0.0117233294255569	20
4h	PC-12	LT934125.1	-	61	29404	29417	29411	14	130	0.013049588436057	20
4h	C6	LT934125.1	-	26	29407	29414	29414	8	39	0.0204939569101419	20
2h	NRK	LT934125.1	-	9	29408	29414	29412	7	5	0.0161812297734628	20
6h	C6	LT934125.1	-	74	29507	29572	29507	66	9	0.000776196636481242	21
6h	PC-12	LT934125.1	-	109	30812	30909	30877	98	24	0.00063962475347796	22
6h	C6	LT934125.1	-	80	30822	30882	30877	61	19	0.00163863734368262	22
12h	C6	LT934125.1	-	215	30873	30917	30877	45	85	0.00059445132143032	22
4h	PC-12	LT934125.1	-	66	30873	30882	30873	10	5	0.000501907247540655	22
12h	PC-12	LT934125.1	-	205	32778	32874	32842	97	76	0.000518746544533708	23
6h	C6	LT934125.1	-	85	32836	32870	32842	35	7	0.000603708495040966	23
8h	PC-12	LT934125.1	-	136	32836	32890	32842	55	22	0.000689698413693649	23
4h	PC-12	LT934125.1	-	76	33928	33969	33928	42	5	0.000501907247540655	24
8h	PC-12	LT934125.1	-	151	34379	34478	34478	100	24	0.00075239826948398	25
1h	C6	LT934125.1	-	19	34405	34480	34474	76	7	0.0107858243451464	25
6h	C6	LT934125.1	-	93	34405	34480	34474	76	36	0.00310478654592497	25
4h	PK-15	LT934125.1	-	90	34420	34478	34478	59	15	0.00060891450840302	25
8h	C6	LT934125.1	-	126	34430	34478	34478	49	38	0.00122679580306699	25
1h	PC-12	LT934125.1	-	14	34436	34478	34474	43	6	0.0133630289532294	25
4h	PC-12	LT934125.1	-	78	34436	34478	34478	43	8	0.000803051596065047	25
6h	PC-12	LT934125.1	-	126	34436	34494	34478	59	51	0.00135920260114066	25
6h	PK-15	LT934125.1	-	169	34436	34484	34474	49	71	0.000572585262784377	25
2h	PK-15	LT934125.1	-	49	34446	34480	34474	35	19	0.00687907313540912	25
2.5h	PC-12	LT934125.1	-	30	34474	34480	34474	7	7	0.00518134715025907	25
2h	PC-12	LT934125.1	-	32	34474	34478	34476	5	5	0.00333555703802535	25
8h	PK-15	LT934125.1	-	241	41918	41997	41995	80	134	0.00058772187597314	26
12h	PC-12	LT934125.1	-	263	41946	42003	41995	58	124	0.000846375941081313	26
12h	C6	LT934125.1	-	292	41981	41997	41995	17	119	0.000832231850002448	26
8h	PC-12	LT934125.1	-	164	41992	41997	41995	6	18	0.000564298702112985	26
12h	C6	LT934125.1	-	317	44823	44899	44889	77	397	0.00277643734832749	27
8h	C6	LT934125.1	-	147	44842	44893	44889	52	46	0.00148506860371267	27
12h	PK-15	LT934125.1	-	305	44842	44898	44889	57	321	0.000734553775743707	27
8h	PK-15	LT934125.1	-	265	44849	44947	44889	99	278	0.00121930359343681	27
12h	PC-12	LT934125.1	-	288	44876	44893	44889	18	138	0.000941934515074365	27
6h	PK-15	LT934125.1	-	209	44877	44893	44889	17	109	0.000879039347091509	27
4h	PC-12	LT934125.1	-	87	44885	44893	44885	9	5	0.000501907247540655	27
6h	C6	LT934125.1	-	109	44886	44893	44889	8	17	0.00146614920224235	27
6h	PC-12	LT934125.1	-	149	44886	44893	44889	8	43	0.00114599434998134	27
8h	PC-12	LT934125.1	-	180	44886	44901	44893	16	30	0.000940497836854975	27
4h	PK-15	LT934125.1	-	102	44886	44893	44889	8	14	0.000568320207842819	27
6h	PC-12	LT934125.1	-	158	50569	50668	50641	100	27	0.000719577847662705	28
4h	PC-12	LT934125.1	-	91	50589	50641	50589	53	6	0.000602288697048785	28
8h	C6	LT934125.1	-	162	50592	50641	50641	50	16	0.000516545601291364	28
4h	PK-15	LT934125.1	-	110	50955	51010	50998	56	13	0.000527725907282618	29
6h	PC-12	LT934125.1	-	161	50977	51067	50986	91	21	0.000559671659293215	29
6h	C6	LT934125.1	-	119	50982	51055	51055	74	8	0.000689952565761104	29
4h	PK-15	LT934125.1	-	111	51025	51097	51094	73	24	0.000974263213444832	29
6h	PK-15	LT934125.1	-	226	51048	51103	51094	56	80	0.000645166493278172	29
2.5h	PC-12	LT934125.1	-	33	51051	51147	51147	97	13	0.00962250185048113	29
8h	C6	LT934125.1	-	167	51052	51129	51094	78	24	0.000774818401937046	29
4h	PC-12	LT934125.1	-	95	51055	51147	51147	93	54	0.00542059827343907	29
8h	PK-15	LT934125.1	-	291	51085	51151	51147	67	1470	0.00644739669910833	29
6h	C6	LT934125.1	-	120	51093	51149	51147	57	73	0.00629581716257007	29
12h	C6	LT934125.1	-	354	51094	51184	51147	91	487	0.00340585639454783	29
4h	C6	LT934125.1	-	39	51094	51147	51147	54	11	0.00578034682080925	29
6h	PC-12	LT934125.1	-	162	51094	51147	51147	54	158	0.00421086296039657	29
8h	PC-12	LT934125.1	-	205	51114	51184	51147	71	175	0.00548623738165402	29
6h	PK-15	LT934125.1	-	227	51118	51184	51147	67	834	0.00672586069242494	29
4h	PK-15	LT934125.1	-	112	51128	51184	51147	57	152	0.00617033368515061	29
12h	PC-12	LT934125.1	-	325	51129	51198	51147	70	380	0.00259373272266854	29
2h	PK-15	LT934125.1	-	54	51129	51182	51147	54	18	0.00651701665459812	29
12h	PK-15	LT934125.1	-	334	51136	51187	51147	52	1356	0.00310297482837529	29
8h	C6	LT934125.1	-	168	51139	51184	51147	46	224	0.0072316384180791	29
1h	C6	LT934125.1	-	23	51142	51147	51147	6	11	0.0169491525423729	29
1.5h	PC-12	LT934125.1	-	21	51144	51147	51147	4	5	0.0110619469026549	29
2h	C6	LT934125.1	-	21	51145	51147	51147	3	8	0.00937866354044549	29
1h	PC-12	LT934125.1	-	17	51146	51147	51147	2	10	0.022271714922049	29
2h	PC-12	LT934125.1	-	40	51147	51147	51147	1	7	0.00466977985323549	29
12h	C6	LT934125.1	-	382	55352	55397	55378	46	77	0.00053850296176629	30
12h	PC-12	LT934125.1	-	352	55355	55454	55378	100	103	0.000703038080091736	30
8h	PC-12	LT934125.1	-	222	55358	55448	55438	91	37	0.00115994733212114	30
6h	PK-15	LT934125.1	-	241	55361	55389	55378	29	68	0.000548391519286446	30
8h	C6	LT934125.1	-	181	55362	55439	55438	78	19	0.000613397901533495	30
4h	PK-15	LT934125.1	-	118	55366	55448	55378	83	19	0.000771291710643826	30
4h	PC-12	LT934125.1	-	101	55378	55439	55439	62	8	0.000803051596065047	30
12h	C6	LT934125.1	-	383	55402	55454	55438	53	117	0.00081824476008644	30
12h	PC-12	LT934125.1	-	353	55460	55553	55523	94	75	0.000511920932105633	31
8h	PC-12	LT934125.1	-	224	55532	55618	55532	87	17	0.000532948774217819	31
12h	C6	LT934125.1	-	385	55546	55642	55567	97	72	0.000503535236976271	31
12h	PK-15	LT934125.1	-	366	55651	55703	55679	53	270	0.000617848970251716	32
6h	PK-15	LT934125.1	-	245	55652	55737	55679	86	88	0.000709683142605989	32
12h	C6	LT934125.1	-	386	55655	55738	55685	84	80	0.000559483596640301	32
8h	PC-12	LT934125.1	-	225	55661	55738	55679	78	28	0.000877797981064644	32
12h	C6	LT934125.1	-	389	55909	56004	55958	96	72	0.000503535236976271	33
4h	PK-15	LT934125.1	-	124	55945	56014	55995	70	13	0.000527725907282618	33
8h	PC-12	LT934125.1	-	229	56045	56129	56081	85	20	0.000626998557903317	34
12h	C6	LT934125.1	-	391	56072	56158	56115	87	142	0.000993083384036534	34
8h	C6	LT934125.1	-	189	56081	56156	56115	76	21	0.000677966101694915	34
6h	PC-12	LT934125.1	-	188	56106	56195	56188	90	1055	0.0281168381216353	34
4h	PK-15	LT934125.1	-	126	56107	56158	56115	52	38	0.00154258342128765	34
1h	C6	LT934125.1	-	26	56111	56194	56188	84	46	0.0708782742681048	34
6h	PK-15	LT934125.1	-	251	56111	56198	56188	88	3653	0.0294599149993145	34
2h	C6	LT934125.1	-	24	56114	56194	56188	81	61	0.0715123094958968	34
4h	C6	LT934125.1	-	43	56115	56194	56188	80	87	0.045717288491855	34
6h	C6	LT934125.1	-	136	56115	56150	56115	36	6	0.000517464424320828	34
1h	PC-12	LT934125.1	-	19	56115	56191	56188	77	12	0.0267260579064588	34
2h	PK-15	LT934125.1	-	60	56115	56195	56188	81	92	0.0333091962346126	34
12h	PK-15	LT934125.1	-	374	56143	56201	56188	59	18250	0.0417620137299771	34
8h	PC-12	LT934125.1	-	230	56149	56235	56188	87	949	0.0297510815725124	34
8h	PK-15	LT934125.1	-	326	56149	56241	56188	93	8239	0.03613612340405	34
12h	C6	LT934125.1	-	392	56161	56200	56188	40	10338	0.0722992677758429	34
8h	C6	LT934125.1	-	190	56168	56222	56188	55	1382	0.0446166263115416	34
6h	C6	LT934125.1	-	137	56173	56222	56188	50	466	0.0401897369555843	34
12h	PC-12	LT934125.1	-	363	56176	56212	56188	37	4297	0.0293296566034387	34
4h	PK-15	LT934125.1	-	127	56176	56268	56188	93	730	0.029633839408947	34
2.5h	PC-12	LT934125.1	-	38	56177	56194	56188	18	50	0.0370096225018505	34
4h	PC-12	LT934125.1	-	108	56179	56194	56188	16	245	0.0245934551294921	34
2h	NRK	LT934125.1	-	17	56182	56194	56194	13	10	0.0323624595469256	34
1.5h	PC-12	LT934125.1	-	23	56185	56194	56188	10	14	0.0309734513274336	34
2h	PC-12	LT934125.1	-	43	56185	56194	56188	10	57	0.038025350233489	34
0.5h	PC-12	LT934125.1	-	3	56188	56194	56188	7	5	0.161290322580645	34
8h	PK-15	LT934125.1	-	334	56906	56981	56946	76	956	0.00419300084649494	35
12h	C6	LT934125.1	-	401	56915	56953	56946	39	1168	0.0081684605109484	35
12h	PC-12	LT934125.1	-	371	56915	56981	56946	67	505	0.00344693427617793	35
6h	PC-12	LT934125.1	-	196	56915	56955	56946	41	199	0.00530355524758808	35
8h	PC-12	LT934125.1	-	235	56915	56950	56946	36	126	0.0039500909147909	35
12h	PK-15	LT934125.1	-	383	56933	56981	56946	49	2130	0.00487414187643021	35
8h	C6	LT934125.1	-	197	56936	57036	56946	101	107	0.003454398708636	35
6h	PK-15	LT934125.1	-	258	56936	56996	56946	61	354	0.00285486173275591	35
6h	C6	LT934125.1	-	140	56940	56996	56946	57	60	0.00517464424320828	35
4h	PK-15	LT934125.1	-	131	56943	56967	56946	25	59	0.00239506373305188	35
4h	PC-12	LT934125.1	-	110	56944	56948	56946	5	56	0.00562136117245533	35
4h	C6	LT934125.1	-	46	56946	56947	56946	2	9	0.0047293746715712	35
8h	C6	LT934125.1	-	203	58490	58575	58570	86	20	0.000645682001614205	36
12h	PK-15	LT934125.1	-	399	58525	58575	58570	51	226	0.000517162471395881	36
6h	PK-15	LT934125.1	-	270	58529	58579	58570	51	67	0.000540326938120469	36
12h	PC-12	LT934125.1	-	381	58531	58613	58570	83	93	0.000634781955810985	36
12h	C6	LT934125.1	-	418	58542	58575	58570	34	221	0.00154557343571883	36
8h	PK-15	LT934125.1	-	346	58542	58575	58570	34	177	0.000776319194382432	36
8h	PC-12	LT934125.1	-	244	58553	58573	58570	21	27	0.000846448053169478	36
6h	C6	LT934125.1	-	145	58565	58572	58570	8	17	0.00146614920224235	36
12h	C6	LT934125.1	-	425	59189	59281	59277	93	187	0.0013077929071467	37
12h	PC-12	LT934125.1	-	386	59233	59281	59277	49	121	0.000825899103797088	37
8h	PK-15	LT934125.1	-	352	59246	59281	59277	36	174	0.000763161241935272	37
6h	PC-12	LT934125.1	-	210	59256	59281	59277	26	19	0.000506369596503385	37
6h	PK-15	LT934125.1	-	274	59272	59281	59277	10	93	0.000750006048435875	37
4h	PK-15	LT934125.1	-	140	59276	59335	59277	60	20	0.000811886011204027	37
8h	PC-12	LT934125.1	-	256	63248	63286	63283	39	17	0.000532948774217819	38
8h	C6	LT934125.1	-	212	63256	63331	63310	76	18	0.000581113801452785	38
8h	PK-15	LT934125.1	-	370	63294	63371	63365	78	125	0.000548248018631661	38
12h	PC-12	LT934125.1	-	406	63300	63367	63315	68	94	0.00064160756823906	38
8h	PC-12	LT934125.1	-	257	63300	63368	63315	69	19	0.000595648630008151	38
12h	PK-15	LT934125.1	-	424	63300	63385	63375	86	385	0.000881006864988558	38
4h	PK-15	LT934125.1	-	142	63335	63424	63420	90	3828	0.155394982544451	38
6h	PK-15	LT934125.1	-	283	63338	63438	63420	101	34196	0.275776417551755	38
8h	C6	LT934125.1	-	213	63342	63438	63420	97	5602	0.180855528652139	38
12h	C6	LT934125.1	-	452	63351	63438	63420	88	9181	0.0642077362594326	38
6h	PC-12	LT934125.1	-	215	63356	63427	63420	72	7289	0.194259367837535	38
6h	C6	LT934125.1	-	153	63359	63423	63420	65	1777	0.153255713669685	38
	PK-15	LT934125.1	-	15	63366	63400	63366	35	5	0.0735294117647059	38
12h	PC-12	LT934125.1	-	407	63374	63452	63420	79	46904	0.320148525326435	38
8h	PK-15	LT934125.1	-	371	63374	63438	63420	65	55069	0.241531761104215	38
4h	PC-12	LT934125.1	-	123	63375	63430	63420	56	1621	0.16271832965268	38
8h	PC-12	LT934125.1	-	258	63375	63438	63420	64	7174	0.22490438271992	38
2h	PK-15	LT934125.1	-	65	63376	63445	63420	70	483	0.174873280231716	38
12h	PK-15	LT934125.1	-	425	63388	63454	63420	67	154925	0.354519450800915	38
1h	C6	LT934125.1	-	28	63410	63420	63420	11	9	0.0138674884437596	38
4h	C6	LT934125.1	-	51	63410	63420	63420	11	166	0.0872306883867578	38
1h	PK-15	LT934125.1	-	8	63410	63420	63416	11	5	0.0146198830409357	38
2h	C6	LT934125.1	-	26	63415	63420	63420	6	50	0.0586166471277843	38
2h	PC-12	LT934125.1	-	45	63415	63420	63420	6	46	0.0306871247498332	38
2.5h	PC-12	LT934125.1	-	41	63416	63427	63420	12	96	0.0710584752035529	38
1h	PC-12	LT934125.1	-	21	63417	63420	63420	4	10	0.022271714922049	38
1.5h	PC-12	LT934125.1	-	24	63420	63424	63420	5	10	0.0221238938053097	38
12h	PK-15	LT934125.1	-	432	64085	64178	64127	94	259	0.000592677345537758	39
12h	PC-12	LT934125.1	-	413	64113	64129	64125	17	100	0.000682561242807511	39
6h	PK-15	LT934125.1	-	301	65661	65753	65752	93	257	0.00207259735965613	40
6h	PC-12	LT934125.1	-	231	65679	65752	65750	74	122	0.00325142583017963	40
8h	PK-15	LT934125.1	-	395	65679	65753	65752	75	390	0.00171053381813078	40
8h	C6	LT934125.1	-	229	65685	65756	65752	72	79	0.00255044390637611	40
12h	PK-15	LT934125.1	-	449	65685	65753	65750	69	593	0.00135697940503433	40
12h	PC-12	LT934125.1	-	427	65718	65784	65750	67	284	0.00193847392957333	40
2h	PC-12	LT934125.1	-	48	65718	65752	65752	35	9	0.00600400266844563	40
4h	PC-12	LT934125.1	-	134	65718	65775	65750	58	34	0.00341296928327645	40
8h	PC-12	LT934125.1	-	274	65718	65753	65752	36	76	0.0023825945200326	40
12h	C6	LT934125.1	-	474	65744	65773	65752	30	422	0.00295127597227759	40
2h	PK-15	LT934125.1	-	69	65744	65752	65752	9	5	0.00181028240405503	40
6h	C6	LT934125.1	-	163	65746	65752	65752	7	43	0.00370849504096593	40
4h	PK-15	LT934125.1	-	150	65746	65752	65750	7	32	0.00129901761792644	40
4h	C6	LT934125.1	-	55	65749	65752	65752	4	9	0.0047293746715712	40
12h	C6	LT934125.1	-	496	68879	68922	68886	44	99	0.000692360950842372	41
12h	PC-12	LT934125.1	-	458	70388	70478	70451	91	185	0.0012627382991939	42
12h	C6	LT934125.1	-	507	70415	70492	70470	78	142	0.000993083384036534	42
8h	PC-12	LT934125.1	-	295	70431	70531	70451	101	44	0.0013793968273873	42
4h	PC-12	LT934125.1	-	146	76860	76863	76860	4	5	0.000501907247540655	43
8h	C6	LT934125.1	-	271	80517	80607	80517	91	16	0.000516545601291364	44
6h	C6	LT934125.1	-	191	80582	80655	80582	74	8	0.000689952565761104	44
8h	PC-12	LT934125.1	-	329	80604	80686	80649	83	18	0.000564298702112985	44
12h	PC-12	LT934125.1	-	506	80628	80724	80657	97	79	0.000539223381817934	44
8h	C6	LT934125.1	-	272	80633	80679	80633	47	20	0.000645682001614205	44
8h	PC-12	LT934125.1	-	330	80709	80796	80709	88	17	0.000532948774217819	44
12h	PK-15	LT934125.1	-	529	80775	80860	80820	86	252	0.000576659038901602	44
6h	C6	LT934125.1	-	193	80796	80862	80796	67	9	0.000776196636481242	44
4h	PK-15	LT934125.1	-	178	80796	80868	80858	73	26	0.00105545181456524	44
8h	PK-15	LT934125.1	-	459	80811	80895	80825	85	115	0.000504388177141128	44
8h	PC-12	LT934125.1	-	331	80814	80871	80858	58	33	0.00103454762054047	44
12h	PC-12	LT934125.1	-	508	80820	80916	80868	97	105	0.000716689304947887	44
6h	PC-12	LT934125.1	-	269	80823	80901	80858	79	28	0.00074622887905762	44
4h	PC-12	LT934125.1	-	152	80835	80911	80842	77	6	0.000602288697048785	44
12h	C6	LT934125.1	-	572	80853	80912	80891	60	74	0.000517522326892278	44
8h	C6	LT934125.1	-	275	80853	80940	80854	88	32	0.00103309120258273	44
12h	PK-15	LT934125.1	-	530	80867	80953	80868	87	259	0.000592677345537758	44
6h	C6	LT934125.1	-	194	81035	81130	81130	96	7	0.000603708495040966	45
6h	C6	LT934125.1	-	195	81205	81304	81205	100	6	0.000517464424320828	46
6h	PK-15	LT934125.1	-	361	81728	81821	81804	94	949	0.00765328752651231	47
6h	C6	LT934125.1	-	198	81748	81842	81804	95	228	0.0196636481241915	47
8h	PC-12	LT934125.1	-	339	81754	81813	81804	60	379	0.0118816226722679	47
4h	PK-15	LT934125.1	-	185	81770	81813	81804	44	122	0.00495250466834457	47
8h	PK-15	LT934125.1	-	471	81788	81842	81804	55	3717	0.0163027030820311	47
12h	C6	LT934125.1	-	584	81792	81864	81804	73	2356	0.0164767919210569	47
12h	PK-15	LT934125.1	-	543	81794	81844	81804	51	13468	0.0308192219679634	47
12h	PC-12	LT934125.1	-	519	81800	81897	81804	98	1733	0.0118287863378542	47
8h	C6	LT934125.1	-	284	81802	81897	81804	96	338	0.0109120258272801	47
4h	PC-12	LT934125.1	-	157	81803	81897	81804	95	68	0.0068259385665529	47
6h	PC-12	LT934125.1	-	278	81803	81900	81804	98	390	0.0103939022440168	47
2h	C6	LT934125.1	-	30	81804	81895	81804	92	8	0.00937866354044549	47
4h	C6	LT934125.1	-	65	81804	81874	81804	71	32	0.0168155543878087	47
2h	PC-12	LT934125.1	-	51	81804	81897	81806	94	10	0.0066711140760507	47
2h	PK-15	LT934125.1	-	84	81804	81808	81804	5	26	0.00941346850108617	47
6h	PK-15	LT934125.1	-	362	81828	81917	81897	90	95	0.000766135210767829	47
8h	PC-12	LT934125.1	-	340	81836	81917	81897	82	24	0.00075239826948398	47
4h	PK-15	LT934125.1	-	186	81836	81900	81897	65	15	0.00060891450840302	47
6h	C6	LT934125.1	-	199	81864	81919	81897	56	16	0.00137990513152221	47
12h	C6	LT934125.1	-	585	81876	81900	81897	25	80	0.000559483596640301	47
12h	C6	LT934125.1	-	621	87079	87163	87161	85	349	0.00244074719034331	48
4h	PK-15	LT934125.1	-	193	87088	87163	87161	76	63	0.00255744093529269	48
6h	PK-15	LT934125.1	-	381	87088	87162	87161	75	133	0.00107258929507496	48
6h	C6	LT934125.1	-	211	87123	87161	87161	39	31	0.00267356619232428	48
4h	PC-12	LT934125.1	-	162	87123	87196	87161	74	35	0.00351335073278458	48
8h	PC-12	LT934125.1	-	355	87134	87179	87161	46	70	0.00219449495266161	48
8h	C6	LT934125.1	-	294	87137	87215	87161	79	78	0.0025181598062954	48
12h	PC-12	LT934125.1	-	545	87150	87217	87161	68	268	0.00182926413072413	48
12h	PK-15	LT934125.1	-	569	87152	87215	87161	64	448	0.00102517162471396	48
6h	PC-12	LT934125.1	-	288	87154	87215	87161	62	102	0.00271840520228133	48
8h	PK-15	LT934125.1	-	499	87155	87215	87161	61	365	0.00160088421440445	48
4h	C6	LT934125.1	-	66	87157	87250	87157	94	10	0.00525486074619023	48
6h	C6	LT934125.1	-	213	87380	87447	87447	68	6	0.000517464424320828	49
4h	PC-12	LT934125.1	-	164	87386	87447	87442	62	7	0.000702670146556916	49
8h	C6	LT934125.1	-	296	87392	87448	87447	57	20	0.000645682001614205	49
6h	PC-12	LT934125.1	-	291	87414	87479	87447	66	19	0.000506369596503385	49
12h	C6	LT934125.1	-	638	89072	89162	89079	91	156	0.00109099301344859	50
8h	C6	LT934125.1	-	303	89072	89165	89079	94	32	0.00103309120258273	50
6h	PC-12	LT934125.1	-	298	89078	89177	89079	100	19	0.000506369596503385	50
8h	PC-12	LT934125.1	-	375	92261	92343	92303	83	24	0.00075239826948398	51
4h	PK-15	LT934125.1	-	203	92271	92321	92303	51	19	0.000771291710643826	51
4h	PC-12	LT934125.1	-	168	92343	92415	92415	73	5	0.000501907247540655	51
4h	PK-15	LT934125.1	-	205	92586	92652	92630	67	13	0.000527725907282618	52
6h	C6	LT934125.1	-	222	92750	92830	92750	81	6	0.000517464424320828	53
4h	PC-12	LT934125.1	-	171	92846	92936	92933	91	98	0.00983738205179683	54
12h	PK-15	LT934125.1	-	604	92864	92955	92933	92	7975	0.0182494279176201	54
8h	C6	LT934125.1	-	314	92879	92967	92933	89	454	0.0146569814366425	54
12h	PC-12	LT934125.1	-	579	92879	92953	92933	75	2023	0.0138082139419959	54
12h	C6	LT934125.1	-	662	92894	92973	92933	80	3454	0.024155704284945	54
6h	PC-12	LT934125.1	-	312	92897	92947	92933	51	469	0.0124993337242151	54
2h	PK-15	LT934125.1	-	88	92898	92936	92933	39	22	0.00796524257784214	54
6h	C6	LT934125.1	-	223	92909	92936	92933	28	167	0.014402759810263	54
6h	PK-15	LT934125.1	-	409	92909	92975	92933	67	1047	0.00844361648077807	54
8h	PC-12	LT934125.1	-	381	92913	92973	92933	61	278	0.0087152799548561	54
4h	PK-15	LT934125.1	-	207	92920	92971	92933	52	167	0.00677924819355363	54
8h	PK-15	LT934125.1	-	535	92925	93004	92933	80	2616	0.0114737345339234	54
4h	C6	LT934125.1	-	72	92927	92936	92933	10	28	0.0147136100893326	54
6h	PC-12	LT934125.1	-	318	93583	93657	93654	75	98	0.00261180107670167	55
8h	PC-12	LT934125.1	-	384	93590	93686	93654	97	39	0.00122264718791147	55
6h	PK-15	LT934125.1	-	416	93600	93657	93654	58	197	0.0015887224896975	55
12h	C6	LT934125.1	-	670	93623	93665	93654	43	388	0.00271349544370546	55
6h	C6	LT934125.1	-	227	93623	93654	93654	32	31	0.00267356619232428	55
8h	PK-15	LT934125.1	-	543	93641	93657	93654	17	282	0.00123684753003303	55
4h	PC-12	LT934125.1	-	175	93644	93654	93654	11	19	0.00190724754065449	55
12h	PK-15	LT934125.1	-	612	93645	93739	93654	95	354	0.000810068649885584	55
8h	C6	LT934125.1	-	319	93646	93654	93654	9	83	0.00267958030669895	55
12h	PC-12	LT934125.1	-	587	93650	93700	93654	51	212	0.00144702983475192	55
4h	PK-15	LT934125.1	-	212	93651	93701	93654	51	49	0.00198912072744987	55
4h	C6	LT934125.1	-	73	93653	93654	93654	2	5	0.00262743037309511	55
6h	PK-15	LT934125.1	-	423	94457	94529	94526	73	79	0.000637101912112194	56
8h	PC-12	LT934125.1	-	388	94458	94529	94526	72	22	0.000689698413693649	56
6h	C6	LT934125.1	-	228	94459	94529	94526	71	26	0.00224234583872359	56
8h	C6	LT934125.1	-	322	94481	94536	94526	56	71	0.00229217110573043	56
4h	PK-15	LT934125.1	-	215	94509	94565	94526	57	28	0.00113664041568564	56
8h	PK-15	LT934125.1	-	551	94509	94578	94526	70	148	0.000649125654059886	56
12h	C6	LT934125.1	-	680	94521	94578	94526	58	345	0.0024127730105113	56
4h	C6	LT934125.1	-	74	94526	94529	94526	4	5	0.00262743037309511	56
4h	PC-12	LT934125.1	-	178	94526	94529	94526	4	6	0.000602288697048785	56
6h	PC-12	LT934125.1	-	323	94526	94565	94526	40	33	0.000879484036032194	56
2h	PC-12	LT934125.1	-	65	94850	94947	94850	98	6	0.00400266844563042	57
4h	PK-15	LT934125.1	-	216	94850	94948	94947	99	58	0.00235446943249168	57
12h	PC-12	LT934125.1	-	599	94885	94950	94947	66	447	0.00305104875534957	57
6h	PC-12	LT934125.1	-	324	94887	94977	94947	91	184	0.00490378977666436	57
12h	PK-15	LT934125.1	-	623	94896	94953	94947	58	633	0.00144851258581236	57
8h	PK-15	LT934125.1	-	555	94896	94950	94947	55	701	0.00307457488848635	57
6h	PK-15	LT934125.1	-	427	94908	95006	94947	99	300	0.00241937434979314	57
6h	C6	LT934125.1	-	229	94917	95014	94947	98	36	0.00310478654592497	57
8h	PC-12	LT934125.1	-	391	94919	94949	94947	31	96	0.00300959307793592	57
12h	C6	LT934125.1	-	684	94923	95018	94947	96	416	0.00290931470252957	57
4h	PC-12	LT934125.1	-	180	94941	94948	94947	8	40	0.00401525798032524	57
4h	C6	LT934125.1	-	75	94943	94947	94947	5	5	0.00262743037309511	57
8h	C6	LT934125.1	-	324	94943	94973	94947	31	72	0.00232445520581114	57
2h	PK-15	LT934125.1	-	92	95973	96057	95973	85	5	0.00181028240405503	58
4h	PC-12	LT934125.1	-	185	96510	96601	96510	92	7	0.000702670146556916	59
2.5h	PC-12	LT934125.1	-	65	96534	96598	96534	65	5	0.00370096225018505	59
12h	C6	LT934125.1	-	696	96552	96640	96596	89	77	0.00053850296176629	59
6h	C6	LT934125.1	-	234	96561	96614	96601	54	11	0.000948684777921518	59
8h	C6	LT934125.1	-	333	96566	96606	96596	41	18	0.000581113801452785	59
4h	PK-15	LT934125.1	-	226	96776	96857	96843	82	13	0.000527725907282618	60
1.5h	PC-12	LT934125.1	-	37	97271	97366	97337	96	38	0.084070796460177	61
4h	PK-15	LT934125.1	-	230	97275	97368	97361	94	592	0.0240318259316392	61
8h	PC-12	LT934125.1	-	408	97280	97344	97339	65	78	0.00244529437582294	61
8h	PK-15	LT934125.1	-	577	97280	97368	97361	89	1412	0.00619300961846324	61
6h	C6	LT934125.1	-	239	97291	97361	97339	71	143	0.0123329021129797	61
4h	PC-12	LT934125.1	-	190	97291	97361	97361	71	67	0.00672555711704477	61
6h	PC-12	LT934125.1	-	339	97291	97368	97361	78	221	0.00588987793827621	61
2h	NRK	LT934125.1	-	28	97295	97361	97339	67	34	0.110032362459547	61
2h	C6	LT934125.1	-	40	97297	97361	97361	65	25	0.0293083235638921	61
12h	PC-12	LT934125.1	-	620	97307	97367	97361	61	270	0.00184291535558028	61
1h	PC-12	LT934125.1	-	36	97312	97366	97361	55	35	0.0779510022271715	61
12h	C6	LT934125.1	-	705	97317	97368	97361	52	717	0.0050143717348887	61
1h	C6	LT934125.1	-	40	97317	97361	97344	45	37	0.0570107858243452	61
6h	PK-15	LT934125.1	-	447	97317	97368	97361	52	999	0.00805651658481117	61
12h	PK-15	LT934125.1	-	641	97318	97368	97361	51	287	0.00065675057208238	61
8h	C6	LT934125.1	-	339	97321	97367	97339	47	269	0.00868442292171106	61
1h	NRK	LT934125.1	-	9	97321	97361	97337	41	15	0.151515151515152	61
2.5h	PC-12	LT934125.1	-	70	97324	97363	97339	40	66	0.0488527017024426	61
2h	PC-12	LT934125.1	-	70	97327	97368	97361	42	67	0.0446964643095397	61
2h	PK-15	LT934125.1	-	102	97331	97366	97337	36	156	0.056480811006517	61
4h	C6	LT934125.1	-	81	97334	97367	97339	34	20	0.0105097214923805	61
1h	PK-15	LT934125.1	-	11	97337	97361	97339	25	12	0.0350877192982456	61
8h	PC-12	LT934125.1	-	409	97358	97383	97361	26	86	0.00269609379898426	61
1h	PK-15	LT934125.1	-	16	102909	102984	102909	76	7	0.0204678362573099	62
4h	PK-15	LT934125.1	-	248	107044	107099	107099	56	13	0.000527725907282618	63
12h	C6	LT934125.1	-	772	107321	107382	107369	62	212	0.0014826315310968	64
8h	PK-15	LT934125.1	-	641	107321	107403	107369	83	293	0.00128509335567261	64
6h	PK-15	LT934125.1	-	498	107332	107384	107369	53	240	0.00193549947983451	64
8h	PC-12	LT934125.1	-	436	107339	107425	107369	87	26	0.000815098125274312	64
12h	PC-12	LT934125.1	-	668	107343	107419	107369	77	87	0.000593828281242535	64
6h	C6	LT934125.1	-	251	107345	107379	107369	35	9	0.000776196636481242	64
4h	PK-15	LT934125.1	-	251	107360	107428	107369	69	92	0.00373467565153852	64
6h	PC-12	LT934125.1	-	367	107366	107452	107369	87	22	0.00058632269068813	64
4h	PC-12	LT934125.1	-	211	107369	107378	107369	10	7	0.000702670146556916	64
2h	PK-15	LT934125.1	-	113	107472	107563	107559	92	39	0.0141202027516293	65
6h	PK-15	LT934125.1	-	500	107492	107564	107559	73	154	0.00124194549956048	65
12h	PC-12	LT934125.1	-	669	107493	107579	107559	87	173	0.00118083095005699	65
6h	PC-12	LT934125.1	-	368	107516	107560	107559	45	31	0.000826181973242364	65
4h	PK-15	LT934125.1	-	252	107516	107560	107559	45	47	0.00190793212632946	65
8h	PK-15	LT934125.1	-	643	107516	107564	107559	49	413	0.00181141145355901	65
12h	C6	LT934125.1	-	774	107536	107603	107559	68	175	0.00122387036765066	65
4h	PC-12	LT934125.1	-	212	107539	107560	107559	22	6	0.000602288697048785	65
12h	PK-15	LT934125.1	-	706	107539	107563	107559	25	223	0.000510297482837529	65
8h	C6	LT934125.1	-	364	107543	107613	107559	71	37	0.00119451170298628	65
8h	PC-12	LT934125.1	-	437	107543	107618	107559	76	34	0.00106589754843564	65
1h	PK-15	LT934125.1	-	29	107555	107561	107559	7	63	0.184210526315789	65
6h	C6	LT934125.1	-	253	107559	107600	107559	42	8	0.000689952565761104	65
12h	C6	LT934125.1	-	802	115459	115535	115528	77	147	0.00102805110882655	66
6h	PK-15	LT934125.1	-	518	115459	115535	115528	77	68	0.000548391519286446	66
4h	PK-15	LT934125.1	-	259	115492	115532	115532	41	17	0.000690103109523423	66
12h	PC-12	LT934125.1	-	700	115496	115543	115528	48	85	0.000580177056386384	66
6h	PC-12	LT934125.1	-	378	115496	115533	115532	38	26	0.00069292681626779	66
8h	C6	LT934125.1	-	373	115505	115532	115528	28	20	0.000645682001614205	66
4h	PC-12	LT934125.1	-	215	115527	115532	115527	6	7	0.000702670146556916	66
8h	PC-12	LT934125.1	-	455	115527	115556	115528	30	43	0.00134804689949213	66
8h	PK-15	LT934125.1	-	682	115590	115660	115638	71	129	0.000565791955227874	67
8h	PC-12	LT934125.1	-	456	115606	115649	115634	44	37	0.00115994733212114	67
4h	PK-15	LT934125.1	-	261	115628	115702	115638	75	16	0.000649508808963222	67
6h	PK-15	LT934125.1	-	520	115629	115710	115634	82	92	0.000741941467269897	67
12h	C6	LT934125.1	-	804	115637	115730	115638	94	130	0.000909160844540489	67
6h	C6	LT934125.1	-	256	115638	115666	115656	29	11	0.000948684777921518	67
12h	PC-12	LT934125.1	-	702	115640	115716	115648	77	106	0.000723514917375962	67
8h	PC-12	LT934125.1	-	457	115653	115718	115670	66	26	0.000815098125274312	67
6h	C6	LT934125.1	-	259	118376	118400	118400	25	7	0.000603708495040966	68
12h	C6	LT934125.1	-	822	118983	119067	119058	85	95	0.000664386771010357	69
8h	PC-12	LT934125.1	-	467	119033	119070	119058	38	18	0.000564298702112985	69
8h	PC-12	LT934125.1	-	473	119841	119935	119923	95	26	0.000815098125274312	70
12h	PC-12	LT934125.1	-	726	119896	119937	119910	42	121	0.000825899103797088	70
8h	C6	LT934125.1	-	383	119910	119992	119910	83	18	0.000581113801452785	70
12h	PC-12	LT934125.1	-	730	120393	120442	120431	50	119	0.000812247878940938	71
8h	PC-12	LT934125.1	-	477	120408	120454	120431	47	21	0.000658348485798483	71
12h	C6	LT934125.1	-	836	120409	120468	120431	60	87	0.000608438411346327	71
8h	PC-12	LT934125.1	-	485	122413	122497	122462	85	20	0.000626998557903317	72
	PK-15	LT934125.1	-	20	125220	125222	125222	3	10	0.147058823529412	73
12h	C6	LT934125.1	-	877	126864	126945	126926	82	114	0.000797264125212429	74
8h	C6	LT934125.1	-	397	126864	126926	126885	63	16	0.000516545601291364	74
4h	PK-15	LT934125.1	-	278	126884	126969	126926	86	24	0.000974263213444832	74
6h	PK-15	LT934125.1	-	558	126900	126974	126926	75	109	0.000879039347091509	74
8h	PC-12	LT934125.1	-	501	126910	126972	126945	63	29	0.000909147908959809	74
12h	PC-12	LT934125.1	-	770	126925	127017	126958	93	126	0.000860027165937464	74
2h	PC-12	LT934125.1	-	96	126925	126963	126963	39	5	0.00333555703802535	74
8h	PK-15	LT934125.1	-	745	126936	127017	126958	82	245	0.00107456611651805	74
12h	C6	LT934125.1	-	878	126949	127011	127002	63	108	0.000755302855464406	74
6h	C6	LT934125.1	-	272	126949	127021	126949	73	6	0.000517464424320828	74
2h	PK-15	LT934125.1	-	126	126958	127032	126958	75	6	0.00217233888486604	74
8h	PC-12	LT934125.1	-	502	126978	127071	127017	94	25	0.000783748197379146	74
4h	PK-15	LT934125.1	-	279	126980	127047	126997	68	20	0.000811886011204027	74
6h	PK-15	LT934125.1	-	559	126980	127077	127002	98	95	0.000766135210767829	74
4h	PC-12	LT934125.1	-	230	127000	127038	127000	39	7	0.000702670146556916	74
8h	C6	LT934125.1	-	399	127001	127081	127002	81	22	0.000710250201775626	74
6h	PC-12	LT934125.1	-	408	127054	127131	127089	78	32	0.00085283300463728	74
4h	PK-15	LT934125.1	-	280	127062	127137	127122	76	16	0.000649508808963222	74
6h	C6	LT934125.1	-	273	127068	127110	127095	43	6	0.000517464424320828	74
8h	PC-12	LT934125.1	-	503	127081	127140	127111	60	22	0.000689698413693649	74
2h	PK-15	LT934125.1	-	127	127101	127199	127101	99	12	0.00434467776973208	74
8h	C6	LT934125.1	-	400	127112	127179	127126	68	20	0.000645682001614205	74
2.5h	PC-12	LT934125.1	-	83	127117	127191	127117	75	6	0.00444115470022206	74
4h	PC-12	LT934125.1	-	231	127122	127185	127122	64	7	0.000702670146556916	74
6h	PK-15	LT934125.1	-	561	127153	127224	127165	72	73	0.000588714425116332	74
8h	C6	LT934125.1	-	401	127191	127264	127254	74	23	0.000742534301856336	74
4h	PC-12	LT934125.1	-	232	127204	127248	127204	45	5	0.000501907247540655	74
8h	PC-12	LT934125.1	-	505	127215	127293	127242	79	29	0.000909147908959809	74
6h	PC-12	LT934125.1	-	410	127216	127306	127242	91	25	0.000666275784872875	74
6h	C6	LT934125.1	-	275	127230	127288	127230	59	7	0.000603708495040966	74
6h	PK-15	LT934125.1	-	562	127230	127327	127314	98	127	0.0010242018080791	74
12h	C6	LT934125.1	-	882	127237	127317	127254	81	112	0.000783277035296421	74
8h	PK-15	LT934125.1	-	749	127242	127341	127288	100	209	0.000916670687152137	74
2h	PK-15	LT934125.1	-	128	127254	127341	127254	88	8	0.00289645184648805	74
4h	PK-15	LT934125.1	-	282	127254	127341	127272	88	25	0.00101485751400503	74
8h	C6	LT934125.1	-	402	127279	127362	127314	84	23	0.000742534301856336	74
4h	PC-12	LT934125.1	-	233	127293	127362	127293	70	7	0.000702670146556916	74
2.5h	PC-12	LT934125.1	-	84	127314	127377	127314	64	6	0.00444115470022206	74
6h	PK-15	LT934125.1	-	563	127330	127401	127341	72	69	0.000556456100452423	74
8h	C6	LT934125.1	-	403	127396	127472	127434	77	20	0.000645682001614205	74
4h	PC-12	LT934125.1	-	234	127396	127459	127441	64	8	0.000803051596065047	74
6h	PK-15	LT934125.1	-	564	127411	127459	127434	49	70	0.0005645206816184	74
8h	PC-12	LT934125.1	-	508	127434	127501	127434	68	24	0.00075239826948398	74
4h	PC-12	LT934125.1	-	235	127498	127597	127563	100	15	0.00150572174262196	74
6h	C6	LT934125.1	-	278	127501	127578	127522	78	10	0.00086244070720138	74
6h	PC-12	LT934125.1	-	413	127514	127611	127532	98	41	0.00109269228719151	74
4h	PK-15	LT934125.1	-	285	127517	127597	127597	81	18	0.000730697410083624	74
8h	C6	LT934125.1	-	404	127522	127620	127547	99	33	0.00106537530266344	74
8h	PC-12	LT934125.1	-	510	127563	127622	127573	60	22	0.000689698413693649	74
2h	PK-15	LT934125.1	-	131	127587	127611	127611	25	5	0.00181028240405503	74
6h	PK-15	LT934125.1	-	568	127645	127711	127645	67	69	0.000556456100452423	75
8h	PC-12	LT934125.1	-	512	127713	127779	127718	67	24	0.00075239826948398	76
6h	C6	LT934125.1	-	280	127771	127803	127771	33	6	0.000517464424320828	76
4h	PC-12	LT934125.1	-	237	127803	127902	127803	100	5	0.000501907247540655	76
6h	PK-15	LT934125.1	-	571	127823	127903	127902	81	90	0.000725812304937943	76
8h	PK-15	LT934125.1	-	756	127854	127924	127902	71	115	0.000504388177141128	76
4h	PK-15	LT934125.1	-	288	127876	127930	127902	55	18	0.000730697410083624	76
6h	C6	LT934125.1	-	281	127888	127986	127902	99	7	0.000603708495040966	76
4h	PC-12	LT934125.1	-	238	127958	127992	127958	35	5	0.000501907247540655	76
2h	C6	LT934125.1	-	55	128634	128732	128732	99	98	0.114888628370457	77
2h	PK-15	LT934125.1	-	136	128634	128732	128732	99	157	0.056842867487328	77
6h	C6	LT934125.1	-	284	128642	128738	128732	97	946	0.0815868909012506	77
12h	PK-15	LT934125.1	-	822	128655	128744	128732	90	8795	0.0201258581235698	77
8h	PK-15	LT934125.1	-	765	128655	128744	128732	90	12981	0.0569344602388607	77
8h	PC-12	LT934125.1	-	519	128658	128705	128705	48	33	0.00103454762054047	77
4h	C6	LT934125.1	-	94	128661	128738	128732	78	223	0.117183394640042	77
12h	PC-12	LT934125.1	-	789	128678	128738	128732	61	5984	0.0408444647696015	77
8h	C6	LT934125.1	-	413	128680	128738	128732	59	1807	0.0583373688458434	77
12h	C6	LT934125.1	-	898	128683	128738	128732	56	8911	0.0623194791207715	77
6h	PK-15	LT934125.1	-	580	128683	128739	128732	57	10237	0.082557117396108	77
2h	PC-12	LT934125.1	-	103	128688	128732	128732	45	141	0.0940627084723149	77
6h	PC-12	LT934125.1	-	422	128688	128738	128732	51	4554	0.121368796972443	77
4h	PK-15	LT934125.1	-	293	128692	128738	128732	47	2001	0.0812291954209629	77
4h	PC-12	LT934125.1	-	241	128694	128738	128732	45	1478	0.148363782373017	77
2.5h	PC-12	LT934125.1	-	88	128698	128732	128732	35	80	0.0592153960029608	77
1h	PC-12	LT934125.1	-	45	128714	128732	128732	19	33	0.0734966592427617	77
8h	PC-12	LT934125.1	-	520	128725	128767	128732	43	1445	0.0453006458085146	77
1h	C6	LT934125.1	-	45	128729	128732	128732	4	58	0.0893682588597843	77
2h	NRK	LT934125.1	-	35	128729	128732	128732	4	13	0.0420711974110032	77
1.5h	PC-12	LT934125.1	-	45	128729	128732	128732	4	23	0.0508849557522124	77
1h	PK-15	LT934125.1	-	35	128729	128732	128732	4	5	0.0146198830409357	77
4h	PC-12	LT934125.1	-	246	135355	135444	135407	90	9	0.000903433045573178	78
12h	PK-15	LT934125.1	-	864	136064	136131	136103	68	230	0.000526315789473684	79
12h	PK-15	LT934125.1	-	866	136180	136244	136235	65	514	0.00117620137299771	80
4h	PK-15	LT934125.1	-	305	136180	136241	136235	62	64	0.00259803523585289	80
12h	PC-12	LT934125.1	-	820	136183	136244	136235	62	202	0.00137877371047117	80
8h	PK-15	LT934125.1	-	803	136183	136247	136235	65	633	0.00277632796635073	80
6h	PK-15	LT934125.1	-	610	136193	136262	136235	70	345	0.00278228050226212	80
8h	C6	LT934125.1	-	424	136208	136247	136235	40	46	0.00148506860371267	80
12h	C6	LT934125.1	-	935	136209	136249	136235	41	119	0.000832231850002448	80
6h	PC-12	LT934125.1	-	442	136212	136244	136232	33	33	0.000879484036032194	80
8h	PC-12	LT934125.1	-	537	136218	136302	136235	85	76	0.0023825945200326	80
6h	C6	LT934125.1	-	294	136232	136288	136233	57	15	0.00129366106080207	80
4h	PC-12	LT934125.1	-	250	136232	136297	136232	66	10	0.00100381449508131	80
2h	PK-15	LT934125.1	-	141	136235	136316	136235	82	8	0.00289645184648805	80
8h	PK-15	LT934125.1	-	804	136255	136328	136295	74	253	0.00110965398971048	80
8h	C6	LT934125.1	-	425	136267	136328	136285	62	23	0.000742534301856336	80
4h	PK-15	LT934125.1	-	306	136267	136326	136285	60	63	0.00255744093529269	80
6h	PK-15	LT934125.1	-	611	136267	136360	136285	94	173	0.00139517254171405	80
6h	PC-12	LT934125.1	-	443	136269	136349	136295	81	22	0.00058632269068813	80
1h	PK-15	LT934125.1	-	37	137116	137123	137123	8	5	0.0146198830409357	81
1h	PK-15	LT934125.1	-	38	138898	138996	138898	99	8	0.0233918128654971	82
