seqnames	strand	TSS	TES	NOV_TX_ID	C6_dRNA	C6_dcDNA_12h	C6_dcDNA_1h	C6_dcDNA_2h	C6_dcDNA_4h	C6_dcDNA_6h	C6_dcDNA_8h	NRK_dcDNA_12h	NRK_dcDNA_1h	NRK_dcDNA_2h	NRK_dcDNA_4h	NRK_dcDNA_6h	NRK_dcDNA_8h	PC_12_dRNA	PC_12_dcDNA_0.5h	PC_12_dcDNA_1.5h	PC_12_dcDNA_12h	PC_12_dcDNA_1h	PC_12_dcDNA_2.5h	PC_12_dcDNA_2h	PC_12_dcDNA_4h	PC_12_dcDNA_6h	PC_12_dcDNA_8h	PK_15_dRNA	PK_15_dcDNA_12h	PK_15_dcDNA_1h	PK_15_dcDNA_2h	PK_15_dcDNA_4h	PK_15_dcDNA_6h	PK_15_dcDNA_8h
LT934125.1	+	990	2273	NOV_TX_5	1	526	3	3	27	110	122	688	0	1	24	110	201	6	0	0	442	0	3	2	40	142	155	26	536	0	4	26	183	375
LT934125.1	+	1036	2273	NOV_TX_6	2	174	1	0	5	4	52	56	0	0	2	5	17	2	0	0	58	0	0	0	9	19	13	15	77	0	0	8	27	45
LT934125.1	+	1170	2273	NOV_TX_9	1	14	0	0	0	0	1	14	0	0	0	1	10	0	0	0	8	0	0	0	1	3	5	1	13	0	0	0	3	7
LT934125.1	+	1220	2273	NOV_TX_10	0	0	0	1	0	0	0	21	0	0	0	0	0	0	0	0	0	0	0	0	0	9	0	0	0	0	0	0	0	0
LT934125.1	+	1241	2273	NOV_TX_11	1	4	0	0	0	0	2	0	0	0	0	0	4	1	0	0	3	0	0	0	0	0	6	5	2	0	0	0	3	1
LT934125.1	+	1335	2273	NOV_TX_15	10	289	16	19	17	98	164	473	7	12	70	168	256	46	0	15	203	17	25	44	82	329	170	174	72	5	138	222	495	439
LT934125.1	+	1381	2273	NOV_TX_16	1	50	0	0	1	4	19	27	0	2	2	4	14	4	0	0	26	0	1	1	2	14	14	18	10	0	3	30	24	30
LT934125.1	+	1393	2273	NOV_TX_17	1	13	0	1	1	1	7	12	0	1	0	2	2	0	0	0	3	0	0	1	1	3	10	5	5	0	1	2	13	13
LT934125.1	+	1432	2273	NOV_TX_18	0	14	0	0	1	0	9	23	0	0	2	3	18	1	0	0	14	0	0	0	0	3	4	1	12	0	2	5	8	17
LT934125.1	+	1496	2273	NOV_TX_20	0	0	0	0	1	3	0	56	0	0	0	5	20	3	0	0	61	1	0	0	0	0	0	5	37	0	3	0	37	39
LT934125.1	+	1664	2273	NOV_TX_25	1	31	0	0	0	0	6	27	0	0	7	25	0	1	0	0	18	0	0	0	0	0	26	2	16	0	0	0	0	9
LT934125.1	+	1725	2273	NOV_TX_29	2	0	0	1	2	15	5	23	0	0	0	0	0	2	0	0	0	0	0	0	2	0	0	11	11	0	0	18	0	15
LT934125.1	+	1772	2273	NOV_TX_30	0	0	0	0	0	0	39	0	0	0	0	21	0	0	0	0	0	0	0	0	0	0	0	0	0	0	0	0	0	0
LT934125.1	+	1806	2273	NOV_TX_32	0	0	0	0	0	8	0	0	0	0	0	0	0	0	0	0	0	0	4	0	0	0	0	0	106	0	0	0	0	0
LT934125.1	+	1825	2273	NOV_TX_33	2	0	0	1	1	0	0	0	0	0	2	0	0	4	0	0	34	0	0	0	12	0	0	8	0	0	4	37	79	0
LT934125.1	+	1852	2273	NOV_TX_34	0	0	1	0	0	0	0	0	0	0	6	0	0	3	0	0	144	0	0	1	0	0	0	7	0	0	6	0	0	117
LT934125.1	+	1876	2273	NOV_TX_35	0	150	0	0	0	0	0	148	0	2	0	0	0	0	0	0	0	0	0	0	0	0	75	0	0	0	0	0	0	0
LT934125.1	+	1911	2273	NOV_TX_36	1	0	1	0	2	3	0	0	0	1	0	0	0	10	0	1	118	0	0	15	55	0	0	12	258	1	4	33	0	354
LT934125.1	+	1967	2273	NOV_TX_39	5	450	1	1	0	10	0	0	0	0	0	62	85	3	0	0	0	0	0	0	0	0	0	18	0	0	9	0	0	0
LT934125.1	+	2012	2273	NOV_TX_40	1	0	1	0	9	0	0	0	0	0	0	0	0	2	0	0	0	0	0	0	13	0	0	2	0	0	4	7	344	0
LT934125.1	+	2057	2273	NOV_TX_41	0	0	0	0	0	0	0	0	0	0	0	0	0	0	0	0	0	0	0	0	0	0	224	0	0	0	0	56	0	0
LT934125.1	+	2069	2273	NOV_TX_42	3	127	1	0	0	4	0	0	0	0	0	0	0	4	0	0	0	0	1	0	0	0	0	3	0	0	1	0	0	0
LT934125.1	+	2142	2273	NOV_TX_43	0	0	0	1	0	5	0	0	0	0	0	0	0	0	0	0	54	0	1	0	0	0	0	0	0	0	2	0	0	0
LT934125.1	+	2166	2273	NOV_TX_44	1	13	1	0	0	11	3	2	0	0	0	1	0	0	0	0	7	4	1	2	0	3	3	1	110	0	7	60	8	9
LT934125.1	+	6887	8523	NOV_TX_53	0	0	0	0	0	2	0	0	0	0	0	0	0	0	0	0	0	0	0	0	0	1	0	0	0	0	0	1	1	0
LT934125.1	+	7588	8519	NOV_TX_63	5	0	0	0	0	0	0	0	0	0	0	0	0	13	0	0	0	0	0	0	0	0	0	62	0	0	0	0	0	0
LT934125.1	+	7811	8523	NOV_TX_71	0	26	0	0	0	3	8	34	0	1	4	4	13	0	0	0	29	0	0	1	8	16	12	0	12	1	3	11	29	30
LT934125.1	+	7811	10426	NOV_TX_73	0	4	0	1	0	1	0	5	0	0	0	0	2	0	0	0	0	0	0	0	0	0	0	0	1	0	0	1	3	3
LT934125.1	+	7859	8523	NOV_TX_74	0	18	1	0	0	2	1	12	0	0	0	0	1	0	0	0	7	0	0	1	2	5	8	0	3	0	0	1	4	3
LT934125.1	+	7905	8523	NOV_TX_77	0	1	0	0	0	0	5	8	0	0	0	0	0	0	0	0	0	0	0	0	0	2	7	0	2	0	0	0	1	2
LT934125.1	+	7955	8523	NOV_TX_80	0	0	0	0	0	3	0	0	0	0	0	1	0	0	0	0	0	0	0	0	0	0	0	0	0	0	0	4	0	0
LT934125.1	+	8055	8523	NOV_TX_83	0	3	0	0	0	0	3	0	0	0	0	0	0	0	0	0	3	0	0	0	0	2	3	0	1	0	0	1	2	1
LT934125.1	+	8092	8523	NOV_TX_84	0	2	0	0	1	0	0	0	0	0	0	0	0	0	0	0	0	0	0	0	0	0	2	0	1	0	0	0	0	1
LT934125.1	+	8238	8523	NOV_TX_87	0	6	0	0	0	1	4	3	0	0	1	2	1	0	0	0	27	0	0	1	1	6	5	0	7	0	0	9	12	23
LT934125.1	+	8340	8523	NOV_TX_89	0	7	0	0	0	1	2	0	0	0	0	0	0	0	0	0	4	0	0	0	0	0	0	0	1	0	0	1	0	8
LT934125.1	+	8437	8523	NOV_TX_91	0	0	0	0	0	0	3	0	0	0	0	0	0	0	0	0	2	1	0	0	0	0	0	0	0	0	0	0	0	0
LT934125.1	+	8530	10426	NOV_TX_94	0	0	0	0	0	0	0	1	0	1	0	0	0	0	0	0	0	0	0	0	0	0	1	0	3	0	0	0	0	5
LT934125.1	+	8880	10426	NOV_TX_98	0	0	0	0	0	1	5	0	0	0	0	0	0	0	0	0	0	0	0	0	1	0	0	0	0	0	0	0	0	0
LT934125.1	+	8950	10426	NOV_TX_100	0	2	0	0	0	0	2	1	0	0	0	0	0	0	0	0	1	0	0	0	0	0	0	0	2	0	0	0	0	0
LT934125.1	+	9113	9986	NOV_TX_107	0	0	0	0	0	0	3	1	0	0	0	0	0	0	0	0	3	0	0	0	1	0	0	0	6	0	0	0	1	2
LT934125.1	+	9160	10426	NOV_TX_111	3	68	0	0	0	0	6	25	0	0	0	0	8	4	0	0	92	0	0	0	0	10	7	12	134	0	1	4	17	32
LT934125.1	+	9320	10426	NOV_TX_120	2	0	0	3	2	0	24	28	0	0	1	1	3	6	0	0	73	1	0	0	8	20	14	20	120	0	2	19	47	105
LT934125.1	+	9338	10426	NOV_TX_121	1	182	1	0	0	2	10	12	0	0	1	0	1	9	0	0	56	0	1	1	2	16	23	21	110	0	4	10	18	2
LT934125.1	+	9455	10426	NOV_TX_124	2	14	0	0	0	0	3	47	1	0	1	0	0	1	0	0	0	0	0	0	2	0	14	15	62	0	1	4	30	59
LT934125.1	+	9646	10426	NOV_TX_129	44	2524	12	20	16	107	403	1539	1	6	65	213	333	169	0	1	2817	3	12	15	96	333	701	1050	6588	1	73	190	1135	3140
LT934125.1	+	9699	16224	NOV_TX_133	0	5	0	0	0	0	0	0	0	0	0	0	0	0	0	0	0	0	0	0	0	1	1	0	0	0	0	0	0	0
LT934125.1	+	9789	10426	NOV_TX_137	13	378	1	1	4	14	13	27	0	1	11	5	81	27	0	0	585	3	3	1	22	88	13	155	868	1	25	68	219	369
LT934125.1	+	9862	10426	NOV_TX_141	3	104	0	0	0	0	64	0	0	0	0	0	0	5	0	0	143	0	0	3	0	0	102	53	203	0	0	0	0	0
LT934125.1	+	9915	10426	NOV_TX_143	0	0	0	0	0	12	0	0	0	0	0	0	0	0	0	0	184	0	0	0	0	71	0	0	0	0	0	0	0	454
LT934125.1	+	9930	10426	NOV_TX_145	3	198	0	0	0	0	0	0	0	0	8	10	81	9	0	0	241	0	0	0	7	0	0	46	594	0	5	20	168	0
LT934125.1	+	10000	10426	NOV_TX_149	7	245	0	1	0	0	1	4	0	0	2	13	3	16	0	0	324	1	1	2	0	2	4	52	496	0	1	34	6	7
LT934125.1	+	10135	10426	NOV_TX_155	0	0	0	0	0	0	0	0	0	0	0	0	0	0	0	0	0	0	6	0	21	0	0	0	0	0	0	30	0	0
LT934125.1	+	10252	10426	NOV_TX_161	5	743	0	4	6	18	158	89	0	0	5	10	23	10	0	1	708	1	0	2	28	0	175	38	1139	0	19	40	251	581
LT934125.1	+	10431	12086	NOV_TX_169	0	6	0	0	0	0	0	0	0	0	0	0	0	0	0	0	2	0	0	0	0	0	0	0	32	0	0	1	1	9
LT934125.1	+	11793	12001	NOV_TX_193	0	0	0	0	0	0	1	9	0	0	0	1	1	0	0	0	0	0	0	0	0	0	5	0	0	0	0	0	0	0
LT934125.1	+	11793	12005	NOV_TX_204	0	0	0	0	0	1	0	0	0	0	0	0	0	0	0	0	0	0	0	0	0	0	0	0	335	0	0	0	0	0
LT934125.1	+	11793	12086	NOV_TX_200	0	47	0	0	0	0	0	0	0	0	0	0	0	0	0	0	57	0	0	0	0	5	7	0	276	0	0	5	26	65
LT934125.1	+	11793	12171	NOV_TX_198	0	0	0	0	0	0	3	0	0	0	0	0	0	0	0	0	0	0	0	0	0	0	4	0	0	0	0	0	0	0
LT934125.1	+	11861	16224	NOV_TX_213	0	0	0	0	0	0	0	0	0	0	0	0	0	0	0	0	0	0	0	0	0	0	1	0	34	0	0	0	0	0
LT934125.1	+	11976	12086	NOV_TX_223	0	1	0	0	0	0	0	0	0	0	0	0	0	0	0	0	0	0	0	0	0	0	0	0	5	0	0	0	1	0
LT934125.1	+	11976	12168	NOV_TX_221	0	2	0	0	0	0	0	0	0	0	0	0	0	0	0	0	1	0	0	0	0	0	0	0	2	0	0	0	0	0
LT934125.1	+	11976	16224	NOV_TX_222	0	10	0	0	0	0	0	1	0	0	0	0	0	2	0	0	2	0	0	0	0	1	0	1	10	0	0	1	2	0
LT934125.1	+	12063	16224	NOV_TX_231	1	34	0	0	0	0	0	6	0	0	0	1	0	8	0	0	10	0	0	0	0	1	0	32	47	0	0	4	0	13
LT934125.1	+	12098	16224	NOV_TX_236	0	0	0	0	0	0	0	0	0	0	0	0	0	0	0	0	0	0	0	0	0	0	0	0	0	0	1	0	18	0
LT934125.1	+	12209	16224	NOV_TX_242	0	39	0	0	0	0	1	3	0	0	0	0	0	6	0	0	21	0	0	0	0	0	10	7	59	0	0	0	5	24
LT934125.1	+	12252	16224	NOV_TX_243	0	25	0	0	0	0	5	2	0	0	0	0	0	0	0	0	4	0	0	0	0	0	0	0	42	0	0	1	8	5
LT934125.1	+	12406	16224	NOV_TX_248	0	22	0	0	0	0	0	2	0	0	0	0	3	1	0	0	3	0	0	0	0	1	0	3	31	0	0	0	2	2
LT934125.1	+	12447	16224	NOV_TX_250	0	14	0	0	0	0	1	1	0	0	0	0	0	0	0	0	16	0	0	0	0	1	3	3	23	0	0	0	0	8
LT934125.1	+	13080	16224	NOV_TX_263	0	12	0	0	0	0	0	1	0	0	0	0	0	0	0	0	0	0	0	0	0	0	1	0	13	0	0	0	6	4
LT934125.1	+	13258	16224	NOV_TX_267	0	0	0	0	0	1	4	0	0	0	0	0	0	0	0	0	0	0	0	0	0	0	1	0	40	0	0	0	5	0
LT934125.1	+	13454	16224	NOV_TX_274	0	43	0	0	0	1	2	20	0	0	0	0	5	1	0	0	13	0	0	0	0	3	4	2	0	0	1	1	7	19
LT934125.1	+	13539	16224	NOV_TX_277	0	0	0	0	0	0	0	0	0	0	0	0	0	0	0	0	0	0	0	0	0	1	0	0	0	0	0	0	5	0
LT934125.1	+	13634	16224	NOV_TX_281	0	0	0	0	0	0	0	0	0	0	0	0	0	0	0	0	2	0	0	0	0	0	2	0	2	0	0	0	3	2
LT934125.1	+	13698	16224	NOV_TX_284	0	6	0	0	0	0	0	3	0	0	0	0	0	0	0	0	3	0	0	0	0	3	0	0	16	0	0	1	1	6
LT934125.1	+	13858	16224	NOV_TX_290	0	19	0	0	0	1	0	9	0	0	0	0	4	0	0	0	21	0	0	0	0	0	4	0	37	0	0	0	4	7
LT934125.1	+	13901	16224	NOV_TX_291	1	26	0	0	0	1	4	19	0	0	0	0	9	1	0	0	18	0	0	0	0	2	3	7	47	0	0	2	2	16
LT934125.1	+	13944	16224	NOV_TX_293	1	13	0	0	0	2	2	13	0	0	0	0	2	0	0	0	15	0	0	0	0	0	2	6	61	0	0	2	2	16
LT934125.1	+	13983	16224	NOV_TX_294	0	40	0	0	0	1	7	7	0	0	0	0	3	1	0	0	19	0	0	1	2	0	3	3	87	0	1	2	4	20
LT934125.1	+	14048	15554	NOV_TX_298	0	0	0	0	0	0	1	0	0	0	0	0	0	0	0	0	0	0	0	0	0	1	2	0	1	0	0	0	0	0
LT934125.1	+	14048	15612	NOV_TX_297	0	7	0	0	0	0	0	0	0	0	0	0	0	0	0	0	1	0	0	0	1	1	0	0	1	0	0	0	1	0
LT934125.1	+	14048	15744	NOV_TX_296	0	2	0	0	0	0	0	0	0	0	0	0	0	0	0	0	0	0	0	0	1	2	0	0	6	0	0	0	0	6
LT934125.1	+	14048	16224	NOV_TX_295	3	3326	14	6	37	268	439	894	1	2	18	66	229	9	1	4	1009	4	3	19	52	216	292	41	3337	4	44	179	964	2520
LT934125.1	+	14107	16224	NOV_TX_299	0	0	0	0	0	0	49	71	0	0	0	0	0	0	0	0	0	0	0	4	0	0	0	0	0	0	0	0	0	144
LT934125.1	+	14142	16224	NOV_TX_300	1	335	1	1	2	8	0	0	0	0	0	9	21	2	0	0	150	0	0	0	1	0	33	13	379	0	2	29	59	0
LT934125.1	+	14210	16224	NOV_TX_302	0	56	0	0	0	2	0	11	0	0	1	0	4	0	0	0	25	0	0	0	1	4	11	3	13	0	1	0	2	10
LT934125.1	+	14267	16224	NOV_TX_305	0	8	0	0	0	1	0	3	0	0	0	0	1	0	0	0	12	0	0	0	0	0	0	1	24	0	0	3	3	5
LT934125.1	+	14279	16224	NOV_TX_306	0	31	0	0	1	1	2	8	0	1	0	0	3	0	0	0	36	0	0	0	0	4	14	1	35	0	1	0	4	12
LT934125.1	+	14338	16224	NOV_TX_309	0	36	0	0	0	0	0	7	0	0	0	1	0	1	0	0	15	0	0	1	0	3	3	9	0	0	0	1	0	10
LT934125.1	+	14402	16224	NOV_TX_313	0	128	0	0	0	2	0	3	0	0	0	0	11	1	0	0	94	0	0	0	0	18	43	4	1	0	0	1	0	1
LT934125.1	+	14605	16224	NOV_TX_320	0	66	0	1	0	0	0	0	0	0	0	0	0	2	0	0	43	1	0	0	0	0	0	16	72	0	1	2	0	0
LT934125.1	+	14670	16224	NOV_TX_324	3	262	3	0	8	0	0	0	0	2	0	0	0	5	0	0	0	0	0	1	0	42	104	30	0	0	4	0	0	0
LT934125.1	+	14743	16224	NOV_TX_327	1	96	0	1	0	19	0	0	0	0	0	0	0	2	0	0	0	0	0	0	0	0	0	3	0	0	4	0	0	0
LT934125.1	+	14818	16224	NOV_TX_329	1	102	0	0	0	2	4	13	0	0	0	0	2	1	0	1	112	0	0	0	2	4	4	9	860	0	1	4	153	20
LT934125.1	+	14910	16224	NOV_TX_331	0	0	0	0	0	0	38	0	0	0	0	0	0	0	0	0	163	0	0	0	0	0	42	0	0	0	0	0	0	165
LT934125.1	+	14930	16224	NOV_TX_332	1	229	0	0	0	4	0	76	0	0	3	6	36	7	0	0	118	0	0	0	0	0	0	15	416	1	2	18	62	0
LT934125.1	+	14952	16224	NOV_TX_333	1	55	0	0	0	1	0	0	0	0	0	1	0	2	0	0	0	0	0	0	11	0	0	7	131	0	0	0	18	0
LT934125.1	+	14969	16224	NOV_TX_334	0	0	0	0	2	0	0	0	0	0	0	0	0	0	0	0	0	0	0	0	0	28	0	0	0	0	0	0	0	0
LT934125.1	+	15028	16224	NOV_TX_335	0	136	0	0	0	0	76	0	0	0	0	15	0	0	0	0	0	0	0	0	0	0	0	0	0	0	0	0	0	0
LT934125.1	+	15117	16224	NOV_TX_339	1	0	0	0	0	0	0	0	0	0	6	0	0	6	0	0	0	0	1	0	0	0	0	17	0	0	0	0	0	0
LT934125.1	+	15153	16224	NOV_TX_341	0	0	0	0	0	0	0	0	0	0	0	0	0	0	0	0	0	0	0	1	0	0	0	0	0	0	10	0	0	0
LT934125.1	+	15178	16224	NOV_TX_342	4	388	0	0	1	0	0	0	1	2	0	0	0	7	0	0	386	0	1	0	6	0	108	28	1012	0	0	17	170	358
LT934125.1	+	15249	16224	NOV_TX_345	0	0	0	0	0	0	0	132	0	0	0	0	0	0	0	0	0	0	2	0	0	0	51	0	0	0	0	11	0	200
LT934125.1	+	15318	16224	NOV_TX_349	0	0	0	0	0	0	0	0	0	0	0	0	21	0	0	0	0	0	0	0	0	0	0	0	0	0	0	6	0	0
LT934125.1	+	15384	16224	NOV_TX_352	3	425	0	0	1	3	22	23	0	0	0	3	12	5	0	0	185	1	0	0	3	47	15	24	341	0	0	5	13	45
LT934125.1	+	15531	16224	NOV_TX_358	32	518	1	0	0	8	51	84	0	0	2	14	26	117	0	0	514	0	0	1	19	46	64	517	1281	0	9	0	171	353
LT934125.1	+	15552	16224	NOV_TX_359	0	0	0	0	2	0	0	132	0	0	3	0	20	0	0	0	0	0	0	0	0	0	0	0	0	0	0	0	0	0
LT934125.1	+	15646	16224	NOV_TX_363	25	0	0	0	2	0	0	0	0	1	3	0	0	99	1	0	575	1	1	7	14	0	367	465	1283	0	0	132	0	0
LT934125.1	+	15696	16224	NOV_TX_366	11	371	0	0	0	0	0	0	0	1	3	0	0	43	0	0	611	1	1	0	14	0	0	188	1062	0	0	0	0	0
LT934125.1	+	15750	16224	NOV_TX_369	0	1104	0	0	0	0	0	0	0	0	0	0	0	0	0	0	0	0	0	0	0	0	0	0	733	0	0	0	0	1860
LT934125.1	+	15787	16224	NOV_TX_371	12	0	0	0	0	0	0	891	0	1	3	0	0	46	0	0	0	0	1	0	16	0	0	280	1798	0	0	0	0	0
LT934125.1	+	15846	16224	NOV_TX_373	7	877	0	3	2	0	110	364	2	3	8	0	61	31	0	0	1310	0	1	0	24	0	191	147	2122	0	17	65	314	703
LT934125.1	+	29468	32415	NOV_TX_438	0	8	0	0	0	3	2	7	0	0	0	0	8	1	0	0	4	0	0	0	0	0	4	0	11	0	0	0	2	6
LT934125.1	+	30240	32415	NOV_TX_441	1	81	1	1	2	15	24	59	0	0	0	2	14	1	0	0	37	0	0	0	3	6	18	4	88	0	2	1	24	39
LT934125.1	+	30298	32415	NOV_TX_443	0	15	0	0	0	0	0	2	0	0	0	0	0	1	0	0	1	0	0	0	2	0	2	1	11	0	0	0	0	1
LT934125.1	+	30484	32415	NOV_TX_447	0	2	0	0	0	0	3	0	0	0	0	0	0	0	0	0	0	0	0	0	0	2	1	0	0	0	0	0	0	0
LT934125.1	+	30840	32415	NOV_TX_455	0	8	0	0	0	1	2	1	0	0	0	0	0	0	0	0	4	0	0	0	0	2	2	0	3	0	0	0	1	1
LT934125.1	+	31042	32415	NOV_TX_460	0	3	0	0	0	0	0	10	0	0	0	0	1	0	0	0	1	0	0	0	1	0	0	1	10	0	0	0	1	8
LT934125.1	+	31230	32415	NOV_TX_466	2	0	1	0	1	0	0	0	0	0	0	0	0	3	0	0	26	0	0	0	2	0	0	11	55	0	0	15	0	0
LT934125.1	+	31271	32415	NOV_TX_468	2	288	0	1	1	11	0	0	0	0	3	10	51	6	0	1	60	0	0	3	2	0	0	23	70	0	0	10	66	0
LT934125.1	+	31330	32415	NOV_TX_470	0	0	0	0	0	0	0	0	0	0	0	0	0	1	0	0	0	0	0	1	0	96	0	1	4	0	0	0	0	0
LT934125.1	+	31373	32415	NOV_TX_472	0	815	1	1	0	18	0	0	0	0	3	10	0	3	0	0	0	0	3	0	22	0	104	16	0	0	2	0	0	0
LT934125.1	+	31454	32415	NOV_TX_474	3	90	0	0	1	0	0	0	0	0	0	1	0	7	0	0	54	0	0	0	9	0	0	21	64	0	0	4	103	0
LT934125.1	+	31474	32415	NOV_TX_475	0	0	0	0	0	0	0	0	0	0	0	0	0	0	0	0	0	0	0	0	0	68	0	0	246	0	0	0	0	0
LT934125.1	+	31492	32415	NOV_TX_476	2	0	2	4	0	0	65	0	0	1	5	3	47	8	0	0	0	0	0	0	0	0	0	41	0	1	4	0	0	0
LT934125.1	+	31525	32415	NOV_TX_478	0	0	0	0	0	0	0	181	0	0	0	0	0	0	0	0	276	0	0	3	0	0	0	0	0	0	0	0	0	0
LT934125.1	+	31558	32415	NOV_TX_480	0	0	0	0	0	11	0	0	0	0	0	0	0	2	0	0	42	0	0	1	0	0	0	10	56	0	2	0	75	0
LT934125.1	+	31636	32415	NOV_TX_483	3	0	0	0	0	0	0	0	0	1	0	2	36	10	0	0	0	0	1	1	1	0	0	24	0	0	3	0	0	0
LT934125.1	+	31703	32415	NOV_TX_486	2	94	0	0	0	1	2	12	0	1	3	3	1	6	0	0	32	0	0	2	1	5	10	31	27	0	1	2	12	17
LT934125.1	+	31772	32415	NOV_TX_488	3	225	0	1	0	0	0	0	0	0	2	17	0	10	0	1	0	0	0	0	3	0	121	26	235	0	2	23	0	0
LT934125.1	+	31832	32415	NOV_TX_491	1	0	1	1	0	0	0	301	0	0	2	0	0	1	0	2	0	1	1	0	0	0	0	24	0	0	3	3	0	0
LT934125.1	+	31865	32415	NOV_TX_493	2	204	0	0	1	0	73	0	0	1	0	0	0	5	0	0	202	0	0	0	8	0	0	43	375	0	1	16	153	338
LT934125.1	+	31943	32415	NOV_TX_496	2	0	1	0	0	4	0	0	0	0	0	0	0	8	0	0	0	0	1	0	9	40	0	37	0	1	0	14	0	0
LT934125.1	+	31994	32415	NOV_TX_499	0	0	0	0	0	0	0	244	0	0	0	0	0	0	0	0	0	0	0	0	0	0	0	0	0	0	9	0	0	0
LT934125.1	+	32038	32276	NOV_TX_501	0	1	0	0	0	0	0	0	0	0	0	0	0	0	0	0	5	0	0	0	0	3	1	0	2	0	0	0	1	2
LT934125.1	+	32038	32415	NOV_TX_500	60	17175	3	7	63	374	2217	15666	0	2	100	815	1177	184	0	2	26200	0	21	15	457	2640	4051	927	51602	1	162	887	8667	19859
LT934125.1	+	32092	32415	NOV_TX_502	15	746	1	0	0	11	96	387	0	1	3	22	39	29	0	0	811	0	1	2	23	98	163	144	914	0	10	21	199	479
LT934125.1	+	44030	46038	NOV_TX_520	0	3	0	0	0	0	0	0	0	0	0	0	0	0	0	0	0	0	0	0	0	0	2	0	0	0	0	0	0	0
LT934125.1	+	44812	49647	NOV_TX_531	0	59	0	0	2	10	5	71	0	0	0	1	18	5	0	0	24	0	0	0	1	0	12	8	59	0	0	0	4	37
LT934125.1	+	44870	46038	NOV_TX_533	0	6	0	0	0	1	19	0	0	0	1	0	2	2	0	0	64	0	1	0	5	23	11	19	289	0	0	0	54	78
LT934125.1	+	44946	46038	NOV_TX_538	2	24	0	0	1	0	8	27	0	1	1	2	4	2	0	0	58	0	0	0	2	8	0	13	134	0	1	12	41	79
LT934125.1	+	44972	46038	NOV_TX_540	0	31	0	0	0	0	0	0	0	0	0	0	0	0	0	0	0	0	0	0	0	0	8	0	0	0	0	0	0	0
LT934125.1	+	45059	46038	NOV_TX_543	0	18	1	0	0	3	0	23	0	0	0	1	2	3	0	0	28	0	0	0	0	18	0	13	119	0	0	4	29	29
LT934125.1	+	45107	46038	NOV_TX_545	0	23	0	0	1	0	1	13	0	0	0	0	1	1	0	0	52	0	0	0	0	0	11	6	28	0	0	3	2	14
LT934125.1	+	45136	46038	NOV_TX_546	1	11	0	0	0	3	3	10	0	0	0	0	1	0	0	0	0	0	0	0	5	11	0	1	67	0	1	7	49	17
LT934125.1	+	45313	46038	NOV_TX_553	0	14	0	0	0	0	0	15	0	0	0	0	0	0	0	0	0	0	0	0	0	0	0	0	51	0	0	0	26	30
LT934125.1	+	45333	46038	NOV_TX_555	0	1	0	0	0	0	0	2	0	0	0	0	0	0	0	0	2	0	0	0	0	0	1	1	0	0	0	2	1	0
LT934125.1	+	45393	46038	NOV_TX_557	0	0	0	0	0	0	0	0	0	0	0	5	22	0	0	0	0	0	0	0	7	0	30	0	307	0	0	0	107	0
LT934125.1	+	45415	46038	NOV_TX_559	3	51	1	0	0	3	0	98	0	0	2	0	0	8	0	0	0	0	0	0	0	24	0	33	0	0	0	12	0	0
LT934125.1	+	45445	46038	NOV_TX_561	0	0	0	0	0	0	0	0	0	0	0	0	0	0	0	0	139	0	0	0	0	0	0	0	0	0	0	0	0	131
LT934125.1	+	45499	46038	NOV_TX_562	0	6	0	0	0	0	2	2	0	0	1	0	3	1	0	0	15	0	0	0	2	3	6	6	34	0	0	1	10	21
LT934125.1	+	45525	46038	NOV_TX_563	0	0	0	0	0	0	0	15	0	0	0	0	0	0	0	0	0	0	0	0	0	0	6	0	0	0	0	0	0	0
LT934125.1	+	45580	46038	NOV_TX_566	0	0	0	0	0	0	0	39	0	0	1	0	0	0	0	0	0	0	0	0	0	0	0	0	0	0	0	0	0	0
LT934125.1	+	45662	46038	NOV_TX_572	0	7	0	0	0	1	2	8	0	0	0	1	4	0	0	0	26	0	0	0	4	3	3	1	42	0	0	3	7	29
LT934125.1	+	45724	49647	NOV_TX_575	0	0	0	0	0	0	0	3	0	0	0	0	1	0	0	0	1	0	0	0	0	0	0	0	0	0	0	0	0	0
LT934125.1	+	45958	46038	NOV_TX_591	0	12	0	0	0	1	0	0	0	0	0	0	0	0	0	0	7	0	0	0	0	0	0	0	45	0	0	0	0	0
LT934125.1	+	46096	49647	NOV_TX_596	0	8	0	0	0	0	0	1	0	0	0	0	1	0	0	0	0	0	0	0	0	0	1	0	0	0	0	0	0	0
LT934125.1	+	46168	49647	NOV_TX_599	0	16	0	0	0	1	1	10	0	0	0	0	3	0	0	0	9	0	0	0	0	1	4	1	9	0	0	0	2	2
LT934125.1	+	46233	49647	NOV_TX_600	0	238	13	4	16	67	60	233	1	2	6	7	59	3	0	1	80	0	1	12	10	23	86	0	259	2	21	7	59	290
LT934125.1	+	46489	49647	NOV_TX_606	0	26	0	0	0	1	2	5	0	0	0	0	2	0	0	0	15	0	0	0	2	3	8	1	25	0	0	0	4	12
LT934125.1	+	46514	49647	NOV_TX_607	0	0	0	0	2	0	0	1	0	0	0	0	0	1	0	0	1	0	0	0	0	0	0	0	0	0	0	0	1	3
LT934125.1	+	46529	49647	NOV_TX_608	0	5	0	0	0	0	0	0	0	0	0	0	0	0	0	0	0	0	0	0	0	0	0	0	1	0	0	0	0	1
LT934125.1	+	46635	49647	NOV_TX_610	0	2	0	0	0	0	1	10	0	0	0	0	0	0	0	0	2	0	0	1	0	0	1	1	3	0	0	0	0	4
LT934125.1	+	46682	49647	NOV_TX_611	0	15	0	0	1	0	2	7	0	0	0	0	2	1	0	0	5	0	0	0	0	2	4	1	4	0	0	0	1	2
LT934125.1	+	46754	49647	NOV_TX_614	0	0	0	0	1	0	0	11	0	0	0	0	9	0	0	0	2	0	0	0	1	0	0	1	12	0	0	0	0	0
LT934125.1	+	46778	49647	NOV_TX_615	1	15	0	0	0	4	3	0	0	0	0	0	0	0	0	0	0	0	0	0	0	4	0	3	4	0	0	0	0	13
LT934125.1	+	47015	49647	NOV_TX_622	0	0	1	0	0	1	1	7	0	0	0	1	0	2	0	0	14	1	0	0	0	3	1	3	13	0	0	0	1	4
LT934125.1	+	47315	49647	NOV_TX_632	0	59	1	0	2	4	14	58	0	0	1	1	16	1	0	1	30	1	0	0	6	26	18	4	57	0	1	2	14	49
LT934125.1	+	47393	49647	NOV_TX_635	0	1	0	0	0	0	0	1	0	0	0	0	0	0	0	0	1	0	0	0	0	2	0	0	4	0	0	0	0	0
LT934125.1	+	47567	49647	NOV_TX_642	0	18	0	0	1	1	6	30	0	0	0	1	7	4	0	0	11	0	1	0	2	4	6	6	20	0	0	0	5	16
LT934125.1	+	47613	49647	NOV_TX_643	0	0	0	0	0	0	0	0	0	0	0	0	0	0	0	0	0	1	0	0	2	3	0	0	0	0	0	0	0	0
LT934125.1	+	47642	49647	NOV_TX_645	0	11	0	0	0	0	0	18	0	0	0	0	5	0	0	0	11	0	0	0	0	0	0	3	8	0	0	0	0	4
LT934125.1	+	47699	49647	NOV_TX_647	0	37	0	0	3	0	0	37	0	0	0	0	0	0	0	0	30	0	0	0	3	7	21	0	45	0	0	0	0	0
LT934125.1	+	47723	49647	NOV_TX_648	1	0	0	0	0	0	0	0	0	0	0	0	18	2	0	0	0	0	0	0	0	0	0	4	0	0	0	0	0	0
LT934125.1	+	47803	49647	NOV_TX_653	2	23	0	0	0	0	2	15	0	0	0	0	5	1	0	0	0	1	0	0	0	0	6	1	10	0	0	1	3	5
LT934125.1	+	47872	49647	NOV_TX_655	0	11	0	0	0	0	3	11	0	0	0	1	0	1	0	0	13	0	0	0	3	2	5	5	11	0	0	0	2	7
LT934125.1	+	47889	49647	NOV_TX_656	0	0	0	0	0	0	0	0	0	0	0	0	0	1	0	0	0	0	0	1	0	0	0	2	0	0	0	1	0	1
LT934125.1	+	47933	49647	NOV_TX_657	0	3	0	0	0	0	3	1	0	1	0	0	0	0	0	0	1	0	0	0	0	0	1	0	3	0	0	0	2	1
LT934125.1	+	47964	49647	NOV_TX_658	0	2	0	0	0	0	0	6	0	0	0	0	2	0	0	0	2	0	0	0	0	2	1	1	3	0	0	2	1	2
LT934125.1	+	48013	49647	NOV_TX_659	0	13	0	0	0	0	0	2	0	0	0	0	8	0	0	0	0	0	0	0	0	0	22	0	2	0	0	0	0	37
LT934125.1	+	48046	49647	NOV_TX_661	0	0	0	0	0	0	0	5	0	0	0	0	0	1	0	0	15	0	0	0	0	0	0	4	9	0	1	0	0	0
LT934125.1	+	48069	49647	NOV_TX_662	1	54	0	0	0	0	0	18	0	0	0	0	0	1	0	0	47	0	0	0	0	0	0	5	25	0	0	0	11	0
LT934125.1	+	48109	49647	NOV_TX_664	0	0	0	0	0	3	15	11	0	0	0	0	0	0	0	0	0	0	0	0	0	13	0	2	4	0	0	3	0	0
LT934125.1	+	48190	49647	NOV_TX_667	0	0	0	0	1	0	0	142	0	0	0	0	0	0	0	0	0	0	0	0	0	0	0	0	0	0	0	0	0	0
LT934125.1	+	48214	49647	NOV_TX_668	6	240	0	2	0	0	0	0	0	0	1	2	0	7	0	0	194	1	2	1	0	0	0	26	0	0	3	0	0	0
LT934125.1	+	48276	49647	NOV_TX_670	2	51	0	0	0	0	65	0	0	0	0	5	0	5	0	0	0	0	0	0	4	0	12	21	0	0	1	2	0	0
LT934125.1	+	48346	49647	NOV_TX_673	1	0	0	1	0	0	0	0	0	0	2	0	0	3	0	0	0	0	0	1	7	34	64	3	0	0	6	13	0	0
LT934125.1	+	48362	49647	NOV_TX_674	0	298	0	0	0	0	0	0	0	2	0	0	55	0	0	0	211	0	0	0	0	0	0	0	0	0	0	0	0	0
LT934125.1	+	48373	49647	NOV_TX_675	0	0	0	0	0	5	0	0	0	0	0	0	0	0	0	0	76	0	0	0	0	0	0	0	0	0	0	0	0	0
LT934125.1	+	48475	49647	NOV_TX_679	0	0	1	3	2	7	31	0	1	1	2	0	0	7	0	0	0	0	0	1	0	0	0	15	0	0	0	15	0	0
LT934125.1	+	48493	49647	NOV_TX_680	0	256	1	0	1	0	12	0	0	0	1	0	0	4	0	0	87	0	0	0	2	0	0	4	54	0	0	5	0	0
LT934125.1	+	48567	49161	NOV_TX_685	0	2	0	0	0	0	0	0	0	0	0	0	0	0	0	0	0	0	0	0	0	0	0	0	0	0	0	0	5	0
LT934125.1	+	48567	49647	NOV_TX_683	7	3274	37	50	72	324	1533	2179	9	38	148	275	454	19	2	29	2094	28	78	86	200	640	1034	74	1693	9	188	1335	2795	4527
LT934125.1	+	48615	49647	NOV_TX_686	10	1086	9	9	5	32	270	360	0	7	18	32	123	12	0	3	921	4	6	21	44	128	281	30	462	0	35	135	318	617
LT934125.1	+	48658	49647	NOV_TX_687	1	98	1	3	1	4	31	26	0	1	0	2	30	3	0	0	76	2	0	3	8	22	16	4	59	0	4	12	38	52
LT934125.1	+	48750	49647	NOV_TX_691	0	121	0	0	0	0	0	0	0	0	0	0	0	0	0	0	0	0	0	0	0	0	0	0	0	0	0	22	0	0
LT934125.1	+	48764	49647	NOV_TX_692	4	0	0	1	1	6	10	22	0	1	4	3	62	4	0	0	0	0	2	2	0	25	43	10	98	0	12	0	43	36
LT934125.1	+	48785	49647	NOV_TX_693	0	0	0	0	0	3	0	0	0	1	3	8	0	2	0	0	317	0	0	3	10	21	47	13	79	0	0	0	46	150
LT934125.1	+	48803	49647	NOV_TX_694	0	159	0	0	0	0	50	137	0	0	0	0	0	0	0	0	0	0	0	0	4	0	0	0	0	0	0	21	0	0
LT934125.1	+	48835	49647	NOV_TX_695	0	0	0	0	1	14	0	0	0	0	0	20	0	0	0	0	0	0	0	0	0	0	0	0	0	0	0	0	0	0
LT934125.1	+	48868	49647	NOV_TX_697	0	0	0	7	0	0	0	0	0	0	0	0	0	0	0	0	0	0	0	0	21	0	0	0	0	0	0	0	0	0
LT934125.1	+	48996	49647	NOV_TX_703	0	0	0	0	6	0	0	0	0	0	0	0	0	0	0	0	349	0	0	0	0	0	0	0	0	0	0	0	0	0
LT934125.1	+	49009	49647	NOV_TX_704	0	0	2	3	0	0	0	0	0	3	0	0	0	6	0	2	0	0	0	6	0	0	0	11	0	0	26	0	0	0
LT934125.1	+	49022	49647	NOV_TX_705	0	276	0	0	0	0	0	0	0	0	0	0	0	0	0	0	0	0	0	0	0	0	0	0	0	0	0	42	0	0
LT934125.1	+	49050	49647	NOV_TX_706	0	0	0	0	0	0	160	0	0	0	0	32	0	0	0	0	0	0	0	0	31	0	0	0	0	0	0	36	0	0
LT934125.1	+	49079	49647	NOV_TX_707	0	43	0	1	0	3	15	26	0	4	2	2	3	4	0	0	65	0	1	3	6	8	13	7	32	0	1	0	24	30
LT934125.1	+	49115	49647	NOV_TX_708	15	250	2	4	3	9	71	134	0	3	0	27	45	22	0	0	312	0	0	4	18	56	93	24	0	2	8	29	92	144
LT934125.1	+	49138	49647	NOV_TX_709	0	0	0	0	0	0	0	0	0	0	0	0	0	0	0	2	0	0	0	0	0	0	0	0	152	0	0	0	0	0
LT934125.1	+	49196	49647	NOV_TX_712	6	496	4	0	0	11	103	365	0	3	16	40	92	21	0	0	126	2	5	0	0	139	0	29	336	2	22	0	232	304
LT934125.1	+	49223	49647	NOV_TX_713	0	0	0	6	5	0	0	0	0	0	0	0	0	0	0	0	460	0	0	8	0	0	165	0	0	0	0	75	0	0
LT934125.1	+	49318	49647	NOV_TX_717	0	0	0	0	0	0	210	0	0	0	0	0	0	0	0	0	1283	0	0	0	0	0	0	0	0	0	0	0	0	0
LT934125.1	+	51148	55161	NOV_TX_747	0	0	0	0	0	0	1	1	0	0	0	0	0	0	0	0	0	0	0	0	0	0	0	0	4	0	0	0	0	3
LT934125.1	+	51235	52435	NOV_TX_749	3	0	0	0	0	0	0	0	0	0	0	0	0	11	1	11	0	0	29	0	0	0	0	94	0	0	0	0	0	0
LT934125.1	+	51235	53594	NOV_TX_750	0	142	1	0	1	19	22	195	1	0	1	6	60	0	0	1	29	0	0	5	9	14	15	1	68	0	1	8	40	90
LT934125.1	+	51235	55161	NOV_TX_754	1	103	0	1	2	16	13	134	0	0	1	1	50	0	0	0	14	0	0	0	0	1	4	3	69	0	0	1	7	42
LT934125.1	+	51235	55271	NOV_TX_755	0	1	0	0	0	0	0	2	0	0	0	0	0	0	0	0	0	0	0	0	0	1	0	0	2	0	0	0	1	0
LT934125.1	+	51300	52437	NOV_TX_758	0	98	0	0	0	5	0	79	0	0	0	3	13	0	0	0	94	1	0	1	11	35	37	0	0	0	4	33	0	173
LT934125.1	+	51300	53594	NOV_TX_759	0	4	0	0	0	0	0	0	0	0	0	0	0	0	0	0	0	0	0	0	0	0	0	0	0	0	0	1	0	0
LT934125.1	+	51464	52437	NOV_TX_771	0	17	0	0	0	0	1	4	0	0	0	0	3	0	0	0	0	0	0	0	0	1	0	0	6	0	0	2	0	3
LT934125.1	+	51495	53594	NOV_TX_775	0	0	0	0	0	0	2	5	0	0	0	0	2	0	0	0	0	0	0	0	0	0	0	0	1	0	0	0	0	0
LT934125.1	+	51495	55161	NOV_TX_776	0	0	0	0	0	0	0	10	0	0	0	0	2	0	0	0	0	0	0	0	0	0	0	0	1	0	0	0	0	0
LT934125.1	+	51529	52435	NOV_TX_777	3	0	0	0	0	0	0	0	0	0	0	0	0	4	0	0	0	0	1	0	0	0	0	35	0	0	0	0	0	0
LT934125.1	+	51574	52437	NOV_TX_781	0	0	0	0	0	0	0	0	0	0	0	0	0	0	0	0	0	0	0	7	0	0	0	0	0	0	0	0	0	514
LT934125.1	+	51637	52437	NOV_TX_787	0	42	0	0	0	2	2	13	0	0	2	2	5	0	0	0	41	0	0	0	2	6	12	0	52	0	1	8	13	37
LT934125.1	+	51637	53594	NOV_TX_788	0	3	0	0	0	0	0	0	0	0	0	0	0	0	0	0	1	0	0	0	0	0	0	0	0	0	0	1	0	0
LT934125.1	+	51687	52437	NOV_TX_791	0	79	1	1	0	5	18	75	0	0	1	3	0	0	0	0	61	0	0	1	3	18	23	0	158	0	3	6	49	100
LT934125.1	+	51687	53594	NOV_TX_793	0	6	0	0	0	0	0	0	0	0	0	0	0	0	0	0	0	0	0	0	0	1	0	0	1	0	0	0	1	2
LT934125.1	+	51746	55161	NOV_TX_799	0	4	0	0	0	0	0	0	0	0	0	0	0	0	0	0	0	0	0	0	0	0	1	0	1	0	0	0	0	0
LT934125.1	+	51806	52437	NOV_TX_801	0	25	0	1	0	1	0	0	0	0	0	0	0	0	0	0	0	0	0	0	5	0	0	0	0	0	1	28	0	0
LT934125.1	+	51898	52435	NOV_TX_810	1	0	0	0	0	0	0	0	0	0	0	0	0	1	0	0	0	0	0	0	0	0	0	20	0	0	0	0	0	0
LT934125.1	+	51898	53594	NOV_TX_809	0	4	0	0	0	0	0	3	0	0	0	0	0	0	0	0	0	0	0	0	0	0	0	1	0	0	0	0	0	0
LT934125.1	+	51988	52437	NOV_TX_813	0	31	0	0	0	0	0	0	0	0	0	15	0	0	0	0	0	0	0	0	1	0	66	0	90	0	1	0	0	0
LT934125.1	+	52004	52435	NOV_TX_817	1	0	0	0	0	0	0	0	0	0	0	0	0	7	0	0	0	0	0	0	0	0	0	36	0	0	0	0	0	0
LT934125.1	+	52040	52437	NOV_TX_820	0	137	0	0	1	9	0	155	0	1	2	0	0	0	0	0	173	0	0	3	11	38	0	0	499	0	3	24	0	318
LT934125.1	+	52082	52435	NOV_TX_827	1	0	0	0	0	0	0	0	0	0	0	0	0	5	0	0	0	0	2	0	0	0	0	28	0	0	0	0	0	0
LT934125.1	+	52102	52437	NOV_TX_828	0	222	0	0	0	0	0	0	0	0	0	0	0	0	0	0	0	0	0	0	8	0	0	0	0	0	0	0	0	0
LT934125.1	+	52121	52437	NOV_TX_831	0	0	0	1	1	2	18	61	0	0	2	3	22	0	0	0	262	0	0	0	0	15	28	0	275	0	4	30	82	127
LT934125.1	+	52121	53594	NOV_TX_833	0	0	0	0	0	0	0	0	0	0	0	0	1	0	0	0	2	0	0	0	0	0	0	0	1	0	0	0	0	1
LT934125.1	+	52172	52435	NOV_TX_838	10	0	0	0	0	0	0	0	0	0	0	0	0	9	0	0	0	0	0	0	0	0	0	57	0	0	0	0	0	0
LT934125.1	+	52201	52437	NOV_TX_839	0	0	0	0	0	0	0	0	1	0	0	0	0	0	0	0	0	0	0	0	0	0	0	0	0	0	0	0	0	528
LT934125.1	+	52280	52437	NOV_TX_847	0	36	0	0	1	0	0	0	0	0	0	1	0	0	0	0	23	0	0	0	6	0	0	0	0	0	2	0	0	0
LT934125.1	+	52306	52437	NOV_TX_848	0	0	0	1	2	0	2	2	0	0	0	3	1	0	0	0	127	0	0	0	2	2	3	0	597	0	4	1	228	15
LT934125.1	+	52460	53594	NOV_TX_858	9	632	17	0	14	167	258	942	11	0	19	67	288	25	0	14	822	13	23	42	114	364	397	141	1992	0	180	275	816	2094
LT934125.1	+	52460	55271	NOV_TX_868	0	5	0	0	0	0	3	2	0	0	0	0	0	0	0	0	0	0	0	0	0	0	0	0	0	0	0	0	0	2
LT934125.1	+	52556	53594	NOV_TX_871	0	29	0	0	0	1	0	4	0	0	0	0	2	2	0	0	26	0	0	1	5	5	4	2	12	0	0	4	11	23
LT934125.1	+	52681	53594	NOV_TX_879	0	15	0	0	0	0	7	0	0	0	0	0	9	1	0	0	26	0	0	0	0	0	14	4	2	0	0	0	0	0
LT934125.1	+	52681	55161	NOV_TX_880	0	4	0	0	0	0	2	0	0	0	0	0	2	0	0	0	4	0	0	0	0	0	1	0	0	0	0	0	0	0
LT934125.1	+	52708	55161	NOV_TX_882	0	0	0	0	0	2	0	2	0	0	0	0	0	0	0	0	0	0	1	0	0	0	0	0	1	0	0	1	1	4
LT934125.1	+	52740	53594	NOV_TX_885	0	24	0	0	0	0	0	2	0	0	0	1	1	0	0	0	0	0	0	0	0	0	1	4	15	0	0	15	0	1
LT934125.1	+	52806	53594	NOV_TX_889	0	0	0	0	0	0	0	0	0	0	0	0	0	0	0	0	0	0	0	0	0	11	6	0	0	0	0	0	0	0
LT934125.1	+	52829	53594	NOV_TX_891	1	21	0	0	0	0	9	28	0	0	1	4	3	1	0	0	25	0	0	1	2	0	0	5	26	0	5	19	23	26
LT934125.1	+	52829	55161	NOV_TX_892	0	6	0	0	0	0	1	10	0	0	0	1	1	0	0	0	2	0	0	0	0	0	0	3	2	0	0	0	1	2
LT934125.1	+	52878	53594	NOV_TX_894	1	9	0	0	0	0	0	2	0	0	0	0	0	1	0	0	0	0	0	0	1	1	0	2	4	0	3	6	3	1
LT934125.1	+	52938	55161	NOV_TX_900	0	0	0	0	0	0	0	0	0	0	0	0	0	0	0	0	5	0	0	0	0	0	0	0	0	0	0	0	2	0
LT934125.1	+	53006	53594	NOV_TX_903	0	9	0	0	0	0	1	6	0	0	0	0	3	0	0	0	3	0	0	0	0	5	3	1	5	0	0	1	1	5
LT934125.1	+	53006	55161	NOV_TX_904	0	6	0	0	0	0	2	1	0	0	0	0	0	0	0	0	0	0	0	0	0	2	0	0	0	0	0	0	1	1
LT934125.1	+	53072	53594	NOV_TX_906	1	35	0	0	0	4	11	32	0	0	4	7	0	0	0	0	54	0	1	2	0	5	17	9	25	0	0	14	36	61
LT934125.1	+	53119	53594	NOV_TX_913	0	8	0	0	0	0	0	0	0	0	0	0	0	0	0	2	11	0	0	0	0	5	0	0	9	0	0	17	0	0
LT934125.1	+	53190	53594	NOV_TX_916	0	0	0	0	0	0	23	0	0	0	0	0	0	0	0	0	0	0	0	0	0	0	0	0	0	0	0	41	75	0
LT934125.1	+	53190	55161	NOV_TX_917	0	0	0	0	0	0	1	0	0	0	0	0	0	0	0	0	0	0	0	0	0	0	0	0	0	0	0	0	4	0
LT934125.1	+	53211	53594	NOV_TX_918	0	17	0	0	0	2	0	0	0	0	1	4	0	1	0	0	7	0	2	0	0	22	0	1	2	0	0	0	0	0
LT934125.1	+	53211	55161	NOV_TX_919	0	4	0	0	0	2	0	0	0	0	0	0	0	0	0	0	0	0	0	0	0	3	0	2	0	0	0	0	0	0
LT934125.1	+	53234	55161	NOV_TX_922	0	10	0	0	0	0	0	16	0	0	0	0	0	0	0	0	3	0	0	0	0	0	1	0	5	0	0	0	0	0
LT934125.1	+	53381	53594	NOV_TX_930	0	134	0	0	0	0	0	0	0	0	0	3	7	0	0	0	0	0	1	0	0	47	37	0	0	0	0	0	0	169
LT934125.1	+	53381	55161	NOV_TX_931	0	6	0	0	0	0	0	0	0	0	0	0	1	0	0	0	0	0	0	0	0	0	2	0	0	0	0	0	0	4
LT934125.1	+	53406	53594	NOV_TX_932	4	0	0	0	2	1	0	0	0	0	2	0	0	3	0	0	0	0	0	0	9	0	0	18	82	0	10	0	0	0
LT934125.1	+	53406	55161	NOV_TX_935	0	0	0	0	1	0	0	0	0	0	0	0	0	0	0	0	0	0	0	0	0	0	0	2	8	0	0	0	0	0
LT934125.1	+	53421	55161	NOV_TX_937	0	0	0	0	0	0	0	9	0	0	0	0	0	0	0	0	0	0	0	1	0	0	0	0	0	0	0	0	0	0
LT934125.1	+	53648	54804	NOV_TX_952	0	2	0	0	0	0	0	4	0	0	0	0	0	0	0	0	4	0	0	0	0	1	1	0	14	0	0	0	0	0
LT934125.1	+	53648	55271	NOV_TX_955	0	14	0	0	0	0	2	28	0	0	0	0	0	0	0	0	10	0	0	0	0	4	2	0	27	0	0	0	1	21
LT934125.1	+	53696	55161	NOV_TX_961	0	0	0	0	0	0	18	81	0	0	0	0	0	0	0	0	0	0	0	0	0	0	0	0	0	0	0	0	0	0
LT934125.1	+	53934	55161	NOV_TX_979	0	18	0	0	0	0	0	0	0	0	0	0	0	0	0	0	129	0	0	0	0	0	0	0	141	0	0	0	0	0
LT934125.1	+	53996	55161	NOV_TX_983	1	131	0	2	1	2	10	87	0	0	0	2	15	1	0	0	123	0	0	0	2	10	0	21	331	0	5	0	21	108
LT934125.1	+	53996	55271	NOV_TX_985	0	3	0	0	0	0	0	1	0	0	0	0	0	0	0	0	0	0	0	0	0	0	0	0	1	0	0	0	0	0
LT934125.1	+	54041	55161	NOV_TX_988	1	95	0	0	0	0	9	57	0	0	0	0	5	0	0	1	114	0	0	0	0	0	0	9	216	0	0	3	0	60
LT934125.1	+	54081	55161	NOV_TX_993	1	96	0	0	1	3	14	39	0	0	0	2	7	7	0	0	88	0	0	0	0	9	18	22	223	0	2	1	20	62
LT934125.1	+	54165	55161	NOV_TX_996	3	19	0	0	0	1	1	2	0	0	0	0	0	4	0	0	24	0	0	0	0	1	2	26	23	0	0	0	2	4
LT934125.1	+	54245	55161	NOV_TX_1000	1	44	0	0	0	0	0	0	0	0	0	1	0	5	0	0	164	0	0	0	3	0	0	17	464	0	2	5	0	159
LT934125.1	+	54290	55161	NOV_TX_1004	5	120	0	0	1	13	3	10	0	0	1	0	1	7	0	0	0	0	0	0	3	2	5	33	440	0	3	3	8	13
LT934125.1	+	54324	55161	NOV_TX_1007	0	0	0	0	0	0	0	0	0	0	0	0	0	0	0	0	0	0	0	1	0	0	0	0	0	0	0	10	0	0
LT934125.1	+	54366	55161	NOV_TX_1012	4	197	0	0	1	0	0	356	0	0	0	15	0	19	0	0	0	0	0	0	11	79	0	61	0	0	4	0	174	0
LT934125.1	+	54442	55161	NOV_TX_1019	0	0	0	0	0	0	0	0	0	0	0	0	0	0	0	0	0	0	0	0	0	0	122	1	0	0	1	0	0	0
LT934125.1	+	54475	55161	NOV_TX_1020	2	91	0	1	2	6	19	72	0	0	1	6	6	10	0	0	133	0	0	0	6	21	29	28	202	0	1	5	39	71
LT934125.1	+	54742	55161	NOV_TX_1041	1	198	0	2	1	0	0	0	0	0	0	0	0	12	0	0	0	0	0	4	0	142	355	70	738	0	0	6	0	0
LT934125.1	+	54742	55271	NOV_TX_1042	0	3	0	0	0	0	0	0	0	0	0	0	0	0	0	0	0	0	0	0	0	0	1	0	1	0	0	0	0	0
LT934125.1	+	54834	55161	NOV_TX_1049	6	0	0	1	2	0	0	0	0	0	0	0	0	12	0	0	455	0	0	0	0	0	0	72	0	0	0	0	0	0
LT934125.1	+	54932	55161	NOV_TX_1054	0	397	0	0	0	11	58	219	0	0	2	10	44	5	0	0	528	0	1	0	11	54	111	19	1309	0	0	14	126	476
LT934125.1	+	55035	55271	NOV_TX_1059	0	2	0	0	0	0	0	0	0	0	0	0	0	0	0	0	1	0	0	0	0	2	0	0	1	0	0	0	0	2
LT934125.1	+	55097	55271	NOV_TX_1060	0	13	0	0	0	0	0	1	0	0	0	0	0	0	0	0	0	0	0	0	0	0	0	0	1	0	0	0	0	0
LT934125.1	+	55167	55271	NOV_TX_1062	0	1	0	0	0	0	1	0	0	0	0	0	0	0	0	0	0	1	0	0	0	0	1	0	0	0	0	0	1	0
LT934125.1	+	55303	56189	NOV_TX_1066	0	7	0	0	0	0	0	0	0	0	0	0	0	0	0	0	3	0	0	0	0	0	0	0	2	0	0	0	0	2
LT934125.1	+	58808	60251	NOV_TX_1109	0	1	0	0	0	1	0	4	0	0	0	0	0	0	0	0	1	0	0	1	1	1	2	0	2	0	0	0	0	2
LT934125.1	+	58897	60251	NOV_TX_1113	0	3	0	0	0	0	0	2	0	0	0	0	1	0	0	0	1	0	0	0	1	0	0	0	1	0	0	0	1	3
LT934125.1	+	59068	60251	NOV_TX_1117	3	744	37	73	33	244	363	1338	10	23	38	109	329	5	0	26	549	26	46	61	100	407	308	28	707	0	96	372	948	1454
LT934125.1	+	59146	60251	NOV_TX_1122	2	44	1	2	0	3	24	19	0	1	0	0	4	4	0	0	19	0	2	0	6	17	13	14	36	0	1	42	39	47
LT934125.1	+	59205	60251	NOV_TX_1124	2	26	0	0	2	2	7	42	1	1	0	1	14	1	0	0	33	0	0	0	0	16	16	12	12	0	1	7	16	0
LT934125.1	+	59263	60251	NOV_TX_1127	0	27	2	1	0	0	3	8	0	0	0	1	10	3	0	0	43	0	0	0	4	11	17	6	13	0	1	8	24	19
LT934125.1	+	59310	60251	NOV_TX_1130	0	0	0	0	0	6	0	0	0	0	0	2	0	2	0	0	21	0	0	3	0	6	0	4	0	1	2	13	19	0
LT934125.1	+	59474	60251	NOV_TX_1139	0	9	0	0	0	0	0	0	0	0	0	0	0	2	0	0	7	0	0	0	2	7	0	2	0	0	2	0	2	1
LT934125.1	+	59489	60251	NOV_TX_1140	0	3	1	0	0	0	5	0	0	0	0	1	0	0	0	0	7	0	0	0	0	0	8	5	1	0	0	1	9	4
LT934125.1	+	59546	60251	NOV_TX_1143	3	3	0	0	0	0	0	0	0	0	0	0	0	5	0	0	1	0	0	0	1	0	0	5	2	0	0	0	0	4
LT934125.1	+	59580	60251	NOV_TX_1146	1	24	1	1	0	4	0	0	0	0	6	4	0	1	0	0	51	0	0	1	6	0	0	5	32	0	0	0	0	51
LT934125.1	+	59771	60251	NOV_TX_1154	1	0	1	5	1	0	0	0	0	1	3	0	0	1	0	1	0	0	0	0	0	0	0	21	0	0	2	12	0	0
LT934125.1	+	59857	60251	NOV_TX_1158	0	0	0	4	0	0	0	96	0	0	0	0	0	0	0	0	0	0	0	0	0	0	0	0	0	0	0	0	0	0
LT934125.1	+	59896	60251	NOV_TX_1160	0	7	0	0	0	0	0	0	0	0	0	0	40	4	0	0	31	0	0	1	0	44	0	14	24	0	4	60	0	0
LT934125.1	+	59924	60251	NOV_TX_1162	0	58	0	0	0	0	0	0	1	0	7	12	0	3	0	0	94	2	5	3	15	0	0	21	64	0	0	0	0	0
LT934125.1	+	59989	60251	NOV_TX_1164	0	0	0	0	0	0	0	0	0	0	0	0	0	0	0	1	0	0	0	0	0	0	0	0	0	0	0	0	0	139
LT934125.1	+	60285	62340	NOV_TX_1177	0	5	0	0	0	0	0	0	0	0	0	0	0	0	0	0	0	0	0	0	4	0	0	0	1	0	0	0	0	0
LT934125.1	+	60469	62340	NOV_TX_1181	0	0	0	0	0	0	0	4	0	0	0	0	0	0	0	1	0	0	0	0	0	0	0	1	0	0	1	0	0	1
LT934125.1	+	60597	62340	NOV_TX_1183	0	0	0	0	0	0	1	1	0	0	0	0	0	0	0	0	0	0	0	0	0	1	0	0	1	0	0	1	2	1
LT934125.1	+	60660	62340	NOV_TX_1185	0	8	0	0	0	0	1	0	0	0	0	0	1	0	0	0	1	0	0	0	0	0	0	0	0	0	0	0	0	0
LT934125.1	+	60949	62340	NOV_TX_1197	0	11	0	0	0	0	0	1	0	0	0	0	0	0	0	0	1	0	0	0	0	1	0	0	3	0	0	1	0	0
LT934125.1	+	61078	62340	NOV_TX_1201	0	26	0	2	0	2	1	19	0	0	1	0	5	2	0	0	15	0	0	0	1	8	3	3	37	0	0	1	8	20
LT934125.1	+	61166	62340	NOV_TX_1205	2	4	0	0	0	0	0	1	0	0	0	0	0	0	0	0	1	0	0	0	0	0	5	0	1	0	0	0	0	0
LT934125.1	+	61200	62340	NOV_TX_1207	0	3	0	0	0	0	0	2	0	0	0	0	0	0	0	0	2	0	0	0	2	0	0	1	3	0	0	0	1	2
LT934125.1	+	61278	62340	NOV_TX_1209	0	2	0	0	0	0	0	3	0	0	0	0	0	0	0	0	2	0	0	0	0	1	0	2	0	0	0	0	0	1
LT934125.1	+	61338	62340	NOV_TX_1212	0	0	0	0	0	0	0	0	0	0	0	0	10	0	0	0	0	0	0	0	0	17	0	0	0	0	0	0	0	0
LT934125.1	+	61436	62340	NOV_TX_1216	0	11	0	0	0	0	0	0	0	0	0	0	0	0	0	0	1	0	0	0	0	0	0	1	0	0	0	0	0	0
LT934125.1	+	61516	62340	NOV_TX_1220	0	31	0	0	0	0	1	6	0	0	1	0	1	3	0	0	0	0	0	0	0	0	0	4	10	0	0	0	6	11
LT934125.1	+	61529	62340	NOV_TX_1221	0	0	0	0	0	0	0	4	0	0	0	0	0	1	0	0	27	0	0	0	0	1	1	0	2	0	0	0	0	3
LT934125.1	+	61594	62340	NOV_TX_1222	0	0	0	0	0	0	0	10	0	0	0	0	0	0	0	0	0	0	1	0	3	0	0	0	0	0	0	0	0	0
LT934125.1	+	61798	62340	NOV_TX_1231	1	2	0	0	0	0	0	5	0	0	0	0	0	2	0	0	48	0	0	1	2	1	1	8	5	0	0	7	4	7
LT934125.1	+	61826	62340	NOV_TX_1232	1	107	0	1	0	1	25	105	0	0	9	16	23	6	0	1	146	1	0	1	5	25	32	14	80	1	5	9	38	66
LT934125.1	+	61932	62340	NOV_TX_1234	2	181	3	0	2	9	0	0	0	0	0	0	41	5	0	1	381	0	0	2	13	0	93	8	0	0	0	0	0	0
LT934125.1	+	62144	62340	NOV_TX_1243	0	133	0	0	0	1	30	36	0	0	3	5	5	4	0	0	159	1	0	0	11	26	53	7	65	0	3	5	25	75
LT934125.1	+	62218	62340	NOV_TX_1244	0	485	1	1	6	15	104	43	0	0	2	8	12	1	0	0	0	1	0	3	36	143	0	3	355	0	4	38	152	297
LT934125.1	+	66209	70521	NOV_TX_1256	0	0	0	0	0	0	0	6	0	0	0	0	0	0	0	0	0	0	0	0	0	0	0	0	2	0	0	0	0	2
LT934125.1	+	66338	68749	NOV_TX_1259	0	6	0	0	0	0	0	0	0	0	0	0	0	0	0	0	1	0	0	0	0	0	0	0	11	0	0	0	1	0
LT934125.1	+	66338	71544	NOV_TX_1258	0	57	0	2	0	8	6	100	0	0	1	2	35	7	0	0	9	0	0	0	0	1	18	5	72	0	0	1	6	43
LT934125.1	+	66404	70521	NOV_TX_1264	0	4	0	0	0	0	1	10	0	0	0	0	0	0	0	0	0	0	0	0	0	0	1	5	0	0	0	2	4	8
LT934125.1	+	66520	70521	NOV_TX_1270	0	3	0	0	0	0	0	1	0	0	0	0	0	0	0	0	0	0	0	0	0	0	2	3	4	0	0	0	1	1
LT934125.1	+	66982	70521	NOV_TX_1283	0	3	0	0	0	0	0	1	0	0	0	0	0	0	0	0	0	0	0	0	0	0	1	0	1	0	0	0	0	0
LT934125.1	+	67234	70521	NOV_TX_1289	0	0	0	0	0	0	2	0	0	0	0	0	0	0	0	0	0	0	0	0	0	0	0	3	0	0	0	0	0	1
LT934125.1	+	67280	70521	NOV_TX_1292	0	7	0	0	0	0	0	0	0	0	0	0	0	0	0	0	1	0	0	0	0	0	0	1	2	0	0	0	0	3
LT934125.1	+	67370	70521	NOV_TX_1295	0	0	0	0	0	0	0	2	0	0	0	0	0	0	0	0	1	0	0	0	0	0	0	1	5	0	0	0	0	0
LT934125.1	+	67564	70521	NOV_TX_1303	0	0	0	0	0	0	0	1	0	0	0	0	0	0	0	0	0	0	0	0	0	0	1	0	4	0	0	0	0	1
LT934125.1	+	67838	70521	NOV_TX_1311	0	11	0	0	0	0	1	0	0	0	0	0	0	0	0	0	4	0	0	0	1	1	0	1	0	0	0	0	1	2
LT934125.1	+	68058	70521	NOV_TX_1321	0	8	0	0	1	0	0	1	0	0	0	0	0	0	0	0	0	0	0	0	0	0	1	4	2	0	0	0	0	1
LT934125.1	+	68158	70521	NOV_TX_1327	0	25	0	0	0	0	1	14	0	0	0	0	0	1	0	0	12	0	0	0	0	1	2	3	20	0	0	2	8	29
LT934125.1	+	68267	70521	NOV_TX_1333	0	0	0	0	0	1	0	27	0	0	0	0	10	0	0	0	20	0	0	0	1	4	4	5	0	0	1	0	2	19
LT934125.1	+	68296	70521	NOV_TX_1336	1	46	0	0	0	0	2	1	0	0	0	0	0	2	0	0	0	0	0	0	0	3	2	5	99	0	0	2	8	12
LT934125.1	+	68331	70521	NOV_TX_1338	0	0	0	0	0	0	0	3	0	0	0	0	0	1	0	0	0	0	0	0	0	0	0	3	2	0	0	0	0	4
LT934125.1	+	68357	70521	NOV_TX_1340	0	16	0	0	0	0	0	0	0	0	0	0	0	0	0	0	0	0	0	0	1	3	0	0	0	0	0	1	12	0
LT934125.1	+	68457	70521	NOV_TX_1346	1	7	0	0	0	0	0	0	0	0	0	0	0	0	0	0	0	0	0	0	0	0	0	10	32	0	0	0	0	0
LT934125.1	+	68468	70521	NOV_TX_1348	0	0	0	0	0	0	12	0	0	0	0	0	0	0	0	0	0	0	0	0	0	0	17	0	0	0	0	0	0	0
LT934125.1	+	68505	70521	NOV_TX_1351	0	0	0	0	0	0	0	0	0	0	0	0	0	2	0	0	2	0	0	0	0	0	0	10	34	0	1	0	53	0
LT934125.1	+	68561	71544	NOV_TX_1354	0	5	0	0	0	0	0	0	0	0	0	0	5	0	0	0	2	0	0	0	0	0	0	0	1	0	0	0	0	0
LT934125.1	+	68601	71544	NOV_TX_1357	0	4	0	0	0	0	0	0	0	0	1	0	0	0	0	0	8	0	0	0	0	0	0	0	0	0	0	0	0	3
LT934125.1	+	68642	70521	NOV_TX_1359	0	0	0	0	0	0	0	0	0	0	0	0	0	0	0	0	0	0	0	0	7	0	0	0	0	0	0	6	0	0
LT934125.1	+	68667	71544	NOV_TX_1363	0	24	0	0	0	0	0	16	0	0	0	0	0	0	0	0	0	0	0	0	0	0	0	0	9	0	0	0	0	0
LT934125.1	+	68768	70521	NOV_TX_1369	2	18	0	0	0	0	0	0	0	0	1	0	5	4	0	0	21	0	0	0	1	0	7	26	0	0	0	0	9	0
LT934125.1	+	68783	71544	NOV_TX_1372	0	6	0	0	0	0	1	0	0	0	0	0	0	0	0	0	1	0	0	0	0	1	0	0	0	0	0	0	0	0
LT934125.1	+	68846	71544	NOV_TX_1376	0	6	0	0	0	0	2	0	0	0	0	0	0	0	0	0	3	0	0	0	1	3	0	0	0	0	0	0	0	0
LT934125.1	+	68873	70521	NOV_TX_1377	1	65	0	0	0	0	5	41	0	0	0	1	15	0	0	0	39	0	0	0	0	0	14	20	293	0	4	6	40	121
LT934125.1	+	68873	71544	NOV_TX_1378	0	26	0	1	0	0	0	10	0	0	0	0	4	0	0	0	6	0	0	0	0	0	1	0	4	0	1	1	0	9
LT934125.1	+	68946	70521	NOV_TX_1382	0	10	0	1	0	0	0	0	0	0	0	1	1	2	0	0	6	0	0	0	0	0	0	12	11	0	0	0	5	10
LT934125.1	+	69004	71544	NOV_TX_1386	1	4	0	0	0	0	1	0	0	0	0	0	0	0	0	0	0	0	0	0	0	0	0	0	0	0	0	0	0	0
LT934125.1	+	69032	70521	NOV_TX_1387	0	0	0	0	0	1	0	0	0	0	0	0	9	0	0	0	0	0	0	0	0	0	0	0	0	0	0	0	0	0
LT934125.1	+	69054	70521	NOV_TX_1389	0	0	0	0	0	0	0	0	0	0	0	0	0	2	0	0	0	0	0	0	0	0	0	14	0	0	0	13	0	0
LT934125.1	+	69160	71544	NOV_TX_1395	0	34	0	0	0	1	1	8	0	0	0	0	2	0	0	0	17	0	0	0	1	5	4	3	9	0	0	0	4	11
LT934125.1	+	69244	70521	NOV_TX_1397	0	107	0	0	1	5	19	158	0	0	3	1	10	1	0	0	166	0	0	1	8	36	16	14	698	0	0	24	131	274
LT934125.1	+	69244	71544	NOV_TX_1398	0	34	0	0	0	2	3	21	0	0	0	0	5	1	0	0	15	0	0	0	2	3	2	0	27	0	0	1	5	16
LT934125.1	+	69289	70521	NOV_TX_1400	1	12	1	0	0	0	1	3	0	0	0	0	5	2	0	0	27	0	0	0	0	4	0	15	97	0	1	0	14	41
LT934125.1	+	69289	71544	NOV_TX_1401	0	9	0	0	0	0	1	0	0	0	0	0	0	0	0	0	3	0	0	0	0	0	0	0	3	0	0	0	0	0
LT934125.1	+	69407	70521	NOV_TX_1409	0	7	0	0	0	0	0	0	0	0	1	1	2	1	0	0	8	0	0	0	0	0	0	11	0	0	2	0	0	0
LT934125.1	+	69466	70521	NOV_TX_1414	0	44	1	0	0	5	0	133	0	0	1	1	1	0	0	0	1	0	0	0	0	0	36	14	10	0	0	0	0	1
LT934125.1	+	69466	71544	NOV_TX_1415	0	13	0	0	0	0	0	15	0	0	0	0	0	2	0	0	1	0	0	0	0	0	2	1	1	0	0	0	0	0
LT934125.1	+	69503	70521	NOV_TX_1418	0	0	0	0	0	0	0	0	0	0	0	0	32	0	0	0	0	0	0	0	0	0	0	0	0	0	0	28	0	0
LT934125.1	+	69765	70521	NOV_TX_1440	3	41	0	1	0	3	8	64	0	2	2	3	12	1	0	1	68	1	1	1	2	21	23	26	105	0	4	17	40	92
LT934125.1	+	69821	70521	NOV_TX_1443	1	73	0	0	0	1	8	41	0	0	0	4	5	2	0	0	63	0	0	0	1	8	0	18	176	0	0	4	34	91
LT934125.1	+	69886	70521	NOV_TX_1449	0	0	0	0	0	1	0	0	0	0	0	0	0	0	0	0	0	0	0	0	0	28	0	0	0	0	0	0	0	0
LT934125.1	+	69921	71544	NOV_TX_1452	0	0	0	0	0	0	0	0	0	0	0	1	6	0	0	0	19	0	0	0	0	0	3	0	0	0	0	0	2	0
LT934125.1	+	69947	70521	NOV_TX_1453	3	178	0	0	1	0	0	123	0	1	0	0	0	6	0	0	0	0	0	1	8	0	0	27	741	0	1	17	0	361
LT934125.1	+	70090	70521	NOV_TX_1463	1	103	0	1	1	9	19	162	0	0	6	9	16	6	0	0	133	0	0	1	7	32	38	31	382	0	7	34	108	229
LT934125.1	+	70090	71544	NOV_TX_1464	0	50	0	1	1	5	8	25	0	0	0	1	3	0	0	0	19	0	0	0	2	5	3	1	21	0	0	1	5	9
LT934125.1	+	70132	70521	NOV_TX_1466	1	152	1	0	0	3	0	145	0	0	0	9	24	6	0	0	253	0	0	1	7	33	53	56	631	0	4	22	114	323
LT934125.1	+	70132	71544	NOV_TX_1467	0	42	0	0	0	0	0	14	0	0	0	2	1	0	0	0	14	0	0	0	0	4	5	1	21	0	0	1	2	6
LT934125.1	+	70158	71544	NOV_TX_1469	0	0	0	0	0	0	7	0	0	0	0	0	0	0	0	0	0	0	0	0	4	0	0	0	0	0	0	0	0	0
LT934125.1	+	70186	70521	NOV_TX_1470	2	0	0	0	0	0	0	0	0	0	1	1	0	3	0	0	0	0	0	0	1	0	0	20	0	0	0	0	0	0
LT934125.1	+	70204	70521	NOV_TX_1472	0	206	0	0	0	0	0	219	0	0	0	0	0	0	0	0	352	0	0	0	0	48	0	0	998	0	0	0	0	0
LT934125.1	+	70204	71544	NOV_TX_1473	0	31	0	0	0	0	0	15	0	0	0	0	0	0	0	0	35	0	0	0	0	9	0	0	16	0	0	0	0	0
LT934125.1	+	70311	70521	NOV_TX_1480	0	158	0	0	0	0	37	70	0	0	2	4	17	3	0	0	415	0	0	1	0	66	75	19	1119	0	0	18	196	599
LT934125.1	+	70311	71544	NOV_TX_1481	0	48	1	0	0	0	4	24	0	0	0	0	3	0	0	0	46	0	0	0	0	9	8	1	39	0	0	0	8	20
LT934125.1	+	70329	71544	NOV_TX_1483	0	37	0	0	1	2	0	0	0	0	0	0	3	0	0	0	0	0	0	0	4	0	0	1	0	0	0	0	0	0
LT934125.1	+	70364	70521	NOV_TX_1484	0	0	0	0	2	0	0	0	0	0	0	0	0	0	0	0	0	0	0	0	0	0	0	0	1080	0	0	0	0	592
LT934125.1	+	70364	71544	NOV_TX_1485	0	0	0	0	0	0	0	0	0	0	0	0	0	0	0	0	0	0	0	0	0	0	0	0	22	0	0	0	0	7
LT934125.1	+	70382	70521	NOV_TX_1486	1	0	1	0	0	6	59	45	0	0	0	4	7	3	0	0	0	0	0	3	11	0	99	32	0	0	13	52	206	0
LT934125.1	+	70382	71544	NOV_TX_1487	1	0	0	0	0	0	1	9	0	0	0	0	1	1	0	0	0	0	0	0	1	0	3	6	0	0	0	2	4	0
LT934125.1	+	70396	70521	NOV_TX_1488	0	0	0	0	0	0	0	0	0	0	0	0	0	0	0	0	461	0	0	0	0	52	0	0	0	0	0	0	0	0
LT934125.1	+	70396	71544	NOV_TX_1489	0	0	0	0	0	0	0	0	0	0	0	0	0	0	0	0	41	0	0	0	0	7	0	0	0	0	0	0	0	0
LT934125.1	+	70452	71544	NOV_TX_1492	0	28	0	0	0	0	1	4	0	0	0	0	1	1	0	0	7	0	0	0	1	1	4	1	1	0	0	1	1	0
LT934125.1	+	70529	71544	NOV_TX_1493	11	7318	25	41	86	453	1012	5522	0	3	55	208	608	42	0	0	4963	0	0	33	363	1531	909	180	14322	0	74	476	2612	5491
LT934125.1	+	70595	71544	NOV_TX_1503	0	1	0	0	0	0	1	0	0	0	0	0	0	0	0	0	0	0	0	0	0	0	0	0	2	0	0	0	0	3
LT934125.1	+	70630	71544	NOV_TX_1505	5	426	0	0	1	8	61	117	0	0	1	6	0	11	0	0	220	0	0	2	8	40	31	19	511	0	0	12	103	201
LT934125.1	+	70709	71544	NOV_TX_1509	2	56	0	0	1	4	0	42	0	0	0	1	6	1	0	0	65	0	0	0	3	11	7	5	48	0	1	1	10	24
LT934125.1	+	70776	71544	NOV_TX_1512	2	97	0	0	0	5	0	0	0	0	0	4	25	4	0	0	155	0	0	0	0	0	30	15	193	0	3	6	0	73
LT934125.1	+	70855	71544	NOV_TX_1515	2	0	0	0	1	5	0	110	0	0	3	16	14	8	0	0	201	0	0	2	10	29	0	16	291	0	0	10	48	107
LT934125.1	+	70874	71544	NOV_TX_1516	0	273	0	0	0	0	46	0	0	0	0	0	0	0	0	0	0	0	0	0	0	0	30	0	0	0	0	0	0	0
LT934125.1	+	70889	71544	NOV_TX_1517	0	60	0	0	0	0	4	4	0	0	1	3	3	4	0	0	18	0	0	0	0	3	6	2	16	0	0	2	9	8
LT934125.1	+	70914	71544	NOV_TX_1520	2	67	0	0	0	1	11	42	0	0	0	5	5	8	0	0	61	0	0	0	5	12	14	17	86	0	0	6	27	35
LT934125.1	+	70976	71544	NOV_TX_1523	0	0	0	0	1	0	0	0	0	0	0	6	0	0	0	0	83	0	0	1	2	0	13	10	0	0	3	3	0	0
LT934125.1	+	71022	71544	NOV_TX_1528	0	321	0	0	0	0	0	326	0	0	0	0	0	0	0	0	0	0	0	0	0	0	0	0	0	0	0	0	0	176
LT934125.1	+	71067	71544	NOV_TX_1531	0	0	0	0	2	0	0	0	0	0	0	0	0	0	0	0	0	0	0	0	23	0	206	0	0	0	0	21	0	0
LT934125.1	+	71133	71544	NOV_TX_1534	6	0	0	0	0	26	0	721	0	0	0	63	91	5	0	0	489	0	0	0	0	0	0	16	0	0	8	0	0	0
LT934125.1	+	71321	71544	NOV_TX_1544	1	521	1	1	0	9	90	93	0	0	3	9	22	8	0	0	436	0	0	5	0	55	80	19	510	0	6	25	112	246
LT934125.1	+	71391	71544	NOV_TX_1547	2	1324	1	0	6	17	0	0	0	0	5	15	25	3	0	0	1186	0	0	2	39	175	197	11	1223	0	10	53	289	0
LT934125.1	+	71420	71544	NOV_TX_1550	0	0	0	0	0	0	215	133	0	0	0	0	0	0	0	0	0	0	0	0	0	0	0	0	0	0	0	0	0	602
LT934125.1	+	74400	75651	NOV_TX_1643	0	0	0	0	23	0	0	0	0	0	0	0	0	0	0	0	0	0	0	0	0	0	0	0	0	0	0	0	0	2779
LT934125.1	+	74457	75648	NOV_TX_1646	0	0	0	0	0	0	59	120	0	0	0	9	32	7	0	1	0	0	0	0	0	33	0	32	0	0	0	55	154	0
LT934125.1	+	74457	75649	NOV_TX_1649	0	0	0	0	0	0	0	0	0	0	0	0	0	0	0	0	0	0	0	0	3	0	0	0	480	0	1	0	0	0
LT934125.1	+	74508	75648	NOV_TX_1653	0	0	0	0	0	0	13	15	0	0	0	2	4	2	0	0	0	0	0	0	0	10	0	5	0	0	0	8	29	0
LT934125.1	+	74697	75648	NOV_TX_1668	0	0	0	0	0	0	0	0	0	0	0	16	42	0	0	0	0	0	0	0	0	0	0	0	0	0	0	0	0	0
LT934125.1	+	74721	75648	NOV_TX_1670	2	0	0	0	0	0	0	0	0	0	0	0	0	4	0	1	0	0	0	0	0	0	0	10	0	0	0	0	0	0
LT934125.1	+	74721	75650	NOV_TX_1671	0	0	1	0	0	0	0	0	0	0	0	0	0	0	0	0	106	0	1	0	0	0	0	0	0	0	0	0	0	0
LT934125.1	+	74952	75648	NOV_TX_1678	0	0	0	0	0	0	0	0	0	0	0	0	0	3	0	0	0	0	0	0	0	0	0	15	0	0	0	0	0	0
LT934125.1	+	74952	75650	NOV_TX_1679	0	0	0	0	0	0	0	0	0	0	0	0	0	0	0	0	98	0	1	0	0	0	0	0	0	0	0	0	0	0
LT934125.1	+	74968	75648	NOV_TX_1680	0	0	0	0	0	0	0	0	0	0	0	0	0	0	0	0	0	0	0	0	0	58	0	0	0	0	0	18	0	0
LT934125.1	+	75019	75648	NOV_TX_1681	3	0	0	0	0	0	25	78	0	0	0	4	20	4	0	0	0	0	0	0	0	38	0	25	0	0	0	28	106	0
LT934125.1	+	75019	75649	NOV_TX_1682	0	0	0	0	0	0	0	0	0	0	0	0	0	0	0	0	0	0	0	0	6	0	0	0	396	0	0	0	0	0
LT934125.1	+	75019	75650	NOV_TX_1683	0	4	1	0	0	8	0	0	0	0	5	0	0	0	0	0	128	0	0	0	0	0	29	0	0	0	0	0	0	0
LT934125.1	+	75019	75651	NOV_TX_1684	0	0	0	0	1	0	0	0	0	0	0	0	0	0	0	0	0	0	0	0	0	0	0	0	0	0	0	0	0	102
LT934125.1	+	75067	75650	NOV_TX_1687	0	70	0	1	0	3	0	0	0	0	2	0	0	0	0	0	104	0	0	2	0	0	28	0	0	0	0	0	0	0
LT934125.1	+	75105	75650	NOV_TX_1692	0	0	2	1	0	9	0	0	0	0	2	0	0	0	0	0	35	1	0	2	0	0	4	0	0	0	0	0	0	0
LT934125.1	+	75154	75649	NOV_TX_1700	0	0	0	0	0	0	0	0	0	0	0	0	0	0	0	0	0	0	0	0	0	0	0	0	229	0	5	0	0	0
LT934125.1	+	75167	75649	NOV_TX_1704	0	0	0	0	0	0	0	0	0	0	0	0	0	0	0	0	0	0	0	0	4	0	0	0	177	0	1	0	0	0
LT934125.1	+	75167	75650	NOV_TX_1703	0	76	0	0	0	0	0	0	0	0	1	0	0	0	0	0	59	0	0	0	0	0	6	0	0	0	0	0	0	0
LT934125.1	+	75196	75648	NOV_TX_1707	0	0	0	0	0	0	0	92	0	0	0	16	41	5	0	0	0	0	0	0	0	40	0	21	0	0	0	42	178	0
LT934125.1	+	75196	75649	NOV_TX_1709	0	0	0	0	0	0	0	0	0	0	0	0	0	0	0	0	0	0	0	0	12	0	0	0	422	0	1	0	0	0
LT934125.1	+	75196	75650	NOV_TX_1706	0	134	1	0	0	13	0	0	1	0	1	0	0	0	0	0	189	0	1	2	0	0	72	0	0	0	0	0	0	0
LT934125.1	+	75237	75648	NOV_TX_1710	0	0	0	0	0	0	59	77	0	0	0	3	5	7	0	1	0	0	0	0	0	20	0	15	0	0	0	18	19	0
LT934125.1	+	75237	75650	NOV_TX_1711	0	152	0	0	0	2	0	0	0	0	2	0	0	0	0	0	149	0	0	0	0	0	13	0	0	0	0	0	0	0
LT934125.1	+	75237	75651	NOV_TX_1712	0	0	0	0	2	0	0	0	0	0	0	0	0	0	0	0	0	0	0	0	0	0	0	0	0	0	0	0	0	22
LT934125.1	+	75262	75648	NOV_TX_1715	0	0	0	0	0	0	12	42	0	0	0	1	11	5	0	0	0	0	0	0	0	20	0	12	0	0	0	4	40	0
LT934125.1	+	75262	75649	NOV_TX_1716	0	0	0	0	0	0	0	0	0	0	0	0	0	0	0	0	0	0	0	0	4	0	0	0	149	0	0	0	0	0
LT934125.1	+	75262	75650	NOV_TX_1714	0	49	0	0	0	1	0	0	0	0	2	0	0	0	0	0	69	0	0	0	0	0	19	0	0	0	0	0	0	0
LT934125.1	+	75358	75650	NOV_TX_1726	0	220	0	2	0	0	0	0	0	0	9	0	0	0	0	0	0	3	0	3	0	0	0	0	0	0	0	0	0	0
LT934125.1	+	75382	75648	NOV_TX_1731	0	0	0	0	0	0	167	0	0	0	0	0	0	0	0	0	0	0	0	0	0	160	0	0	0	0	0	0	362	0
LT934125.1	+	75382	75650	NOV_TX_1730	0	406	0	0	0	0	0	0	0	0	0	0	0	0	0	0	700	0	0	0	0	0	0	0	0	0	0	0	0	0
LT934125.1	+	75428	75650	NOV_TX_1734	0	0	0	0	0	12	0	0	0	0	0	0	0	0	0	0	0	0	0	0	0	0	114	0	0	0	0	0	0	0
LT934125.1	+	75458	75648	NOV_TX_1738	2	0	0	0	0	0	0	0	0	0	0	0	23	9	0	0	0	0	0	0	0	0	0	43	0	0	0	0	0	0
LT934125.1	+	75458	75650	NOV_TX_1739	0	586	1	1	0	0	0	0	0	0	3	0	0	0	0	0	0	0	0	0	0	0	0	0	0	0	0	0	0	0
LT934125.1	+	75653	79996	NOV_TX_1752	0	1	0	0	0	0	0	0	0	0	0	0	1	0	0	0	0	0	0	0	0	0	0	0	1	0	0	0	1	4
LT934125.1	+	76749	79996	NOV_TX_1756	0	11	1	0	0	0	0	2	0	0	0	0	0	0	0	0	0	0	0	0	0	0	0	1	2	0	0	0	2	0
LT934125.1	+	76795	79996	NOV_TX_1757	0	6	0	0	0	0	0	2	0	0	0	0	1	0	0	0	0	0	0	0	0	0	0	0	0	0	0	0	1	0
LT934125.1	+	77789	79996	NOV_TX_1769	0	3	0	0	0	0	2	0	0	0	0	1	0	0	0	0	0	0	0	0	0	0	0	0	0	0	0	0	2	1
LT934125.1	+	78278	79996	NOV_TX_1779	2	10	0	0	0	0	0	5	0	0	0	1	0	3	0	0	4	0	0	0	0	0	0	1	3	0	0	1	3	8
LT934125.1	+	78433	79996	NOV_TX_1783	1	10	1	1	0	2	8	16	0	0	0	1	3	0	0	0	4	0	0	1	0	3	3	0	5	0	0	0	2	8
LT934125.1	+	78825	79996	NOV_TX_1795	1	28	0	0	0	0	7	24	0	0	1	0	4	3	0	0	13	0	0	0	0	8	6	6	20	0	0	0	7	10
LT934125.1	+	79221	79996	NOV_TX_1809	1	15	0	0	0	0	0	0	0	0	0	1	15	0	0	0	8	0	0	0	0	0	14	7	0	0	0	0	0	0
LT934125.1	+	79260	79996	NOV_TX_1811	0	56	0	0	1	1	21	44	0	0	0	3	0	1	0	0	33	0	0	0	2	14	0	14	43	0	4	0	31	49
LT934125.1	+	79315	79996	NOV_TX_1812	1	195	2	0	0	7	52	119	1	1	5	0	61	1	0	1	118	0	2	1	8	25	0	16	139	0	3	29	77	154
LT934125.1	+	79347	79996	NOV_TX_1814	0	40	0	2	0	1	7	8	0	0	1	0	2	0	0	0	23	1	0	1	2	5	56	3	7	0	0	9	11	8
LT934125.1	+	79444	79996	NOV_TX_1816	61	4268	10	38	41	399	1245	4885	7	23	92	407	595	118	1	20	4443	20	51	60	157	706	1160	656	9776	13	121	794	3030	6940
LT934125.1	+	79550	79996	NOV_TX_1818	10	250	0	1	1	6	58	84	0	1	2	6	25	16	0	0	236	0	2	2	14	33	53	65	327	0	6	33	69	148
LT934125.1	+	79716	79996	NOV_TX_1823	2	221	0	0	0	0	0	0	0	0	2	0	0	6	0	0	193	6	0	11	0	0	0	17	0	0	0	0	0	0
LT934125.1	+	79862	79996	NOV_TX_1827	2	637	3	3	8	26	233	0	0	0	0	2	12	7	0	0	556	3	1	10	41	154	177	17	520	2	8	0	270	0
LT934125.1	+	81334	81799	NOV_TX_1837	0	0	0	0	0	0	0	0	0	0	0	0	0	0	0	0	7	0	0	0	0	0	0	0	0	0	0	0	1	0
LT934125.1	+	81409	81798	NOV_TX_1840	0	2	0	0	0	0	0	1	0	0	0	0	0	0	0	0	0	0	0	0	0	1	0	0	1	0	0	0	0	2
LT934125.1	+	81436	81799	NOV_TX_1844	0	0	0	0	0	0	0	0	0	0	0	0	0	0	0	0	8	0	0	0	0	0	0	0	0	0	0	0	1	0
LT934125.1	+	81478	86167	NOV_TX_1847	0	1	0	0	0	0	2	0	0	0	0	0	0	0	0	0	0	0	0	0	0	1	0	0	0	0	0	0	1	1
LT934125.1	+	81577	81798	NOV_TX_1849	0	3	0	0	0	0	0	0	0	0	0	0	0	0	0	0	0	0	0	0	0	0	0	0	3	0	0	0	0	0
LT934125.1	+	81696	81798	NOV_TX_1852	0	8	0	0	0	0	0	0	0	0	0	0	0	0	0	0	0	0	0	0	0	0	0	0	16	0	0	1	0	3
LT934125.1	+	81986	86167	NOV_TX_1855	0	3	0	0	0	0	0	0	0	0	0	0	4	0	0	0	0	0	0	0	0	0	0	0	0	0	0	0	0	0
LT934125.1	+	83792	86167	NOV_TX_1866	0	4	0	0	0	0	1	3	0	0	0	0	2	0	0	0	0	0	0	0	0	1	2	0	0	0	0	1	0	2
LT934125.1	+	84070	86167	NOV_TX_1868	0	0	0	0	0	0	0	0	0	0	1	0	1	0	0	0	0	0	0	0	0	0	1	0	0	0	0	1	1	0
LT934125.1	+	84701	86167	NOV_TX_1884	0	1	0	0	0	0	0	0	0	0	0	1	0	0	0	0	0	0	0	0	0	0	0	0	0	0	0	3	0	0
LT934125.1	+	84807	86167	NOV_TX_1887	0	0	0	0	0	0	0	4	0	0	0	0	0	0	0	0	0	0	0	0	1	0	0	0	0	0	0	0	1	0
LT934125.1	+	85085	86167	NOV_TX_1896	0	7	0	0	0	0	6	2	0	0	0	0	0	0	0	0	0	0	0	0	1	0	0	1	0	0	0	0	0	1
LT934125.1	+	85557	86167	NOV_TX_1909	0	7	0	0	0	0	1	25	0	0	0	1	3	0	0	0	10	0	0	0	0	2	9	2	4	0	3	0	0	5
LT934125.1	+	85701	86167	NOV_TX_1913	0	31	0	0	0	0	5	0	0	0	0	3	8	1	0	0	0	0	0	1	2	10	22	8	11	0	0	1	13	24
LT934125.1	+	85761	86167	NOV_TX_1915	0	4	0	1	0	1	1	7	0	0	0	0	4	0	0	0	13	0	0	0	0	0	5	0	4	0	0	1	1	8
LT934125.1	+	85839	86167	NOV_TX_1918	1	55	1	1	1	3	26	63	2	3	0	4	23	1	0	0	86	0	0	0	1	17	0	4	43	0	4	16	27	81
LT934125.1	+	85866	86167	NOV_TX_1919	0	27	0	1	0	1	3	8	0	0	1	1	6	2	0	0	11	0	1	1	1	2	7	7	7	0	0	2	4	14
LT934125.1	+	85940	86167	NOV_TX_1921	0	35	0	0	1	1	4	10	0	0	0	0	7	1	0	1	45	0	0	0	2	9	0	1	10	0	4	0	14	19
LT934125.1	+	86049	86167	NOV_TX_1924	0	27	0	0	0	0	0	1	0	0	0	0	1	1	0	0	15	0	0	1	1	4	16	2	9	0	9	2	5	16
LT934125.1	+	88155	92059	NOV_TX_1930	0	1	0	0	0	0	0	2	0	0	0	0	0	0	0	0	0	0	0	0	1	0	0	0	0	0	0	0	1	0
LT934125.1	+	88883	91559	NOV_TX_1932	0	1	0	0	2	0	0	4	0	0	0	1	1	0	0	0	2	1	0	0	0	2	0	0	5	0	0	0	3	2
LT934125.1	+	88883	92059	NOV_TX_1934	0	18	2	2	4	12	3	47	0	0	0	2	17	0	0	0	11	2	1	2	3	11	9	0	32	0	2	2	7	37
LT934125.1	+	90249	92059	NOV_TX_1974	0	1	0	0	0	1	0	2	0	0	0	0	2	0	0	0	1	0	0	0	0	0	0	0	0	0	0	0	0	0
LT934125.1	+	90530	92059	NOV_TX_1983	0	1	0	0	0	1	0	1	0	0	0	0	0	0	0	0	3	0	0	0	0	0	0	0	0	0	0	0	0	0
LT934125.1	+	90617	92059	NOV_TX_1985	0	0	0	0	0	0	0	0	0	0	0	0	1	1	0	0	0	0	0	0	0	0	2	0	0	0	0	0	2	1
LT934125.1	+	90998	92059	NOV_TX_2003	0	5	0	0	0	0	0	5	0	0	0	0	0	0	0	0	8	0	0	0	0	0	0	0	0	0	0	0	0	3
LT934125.1	+	91084	92059	NOV_TX_2005	0	0	0	0	0	0	0	3	0	0	0	0	1	0	0	0	0	0	0	0	0	0	0	0	0	0	0	0	1	0
LT934125.1	+	91143	92059	NOV_TX_2008	0	0	0	0	0	3	0	0	0	0	0	0	0	0	0	0	0	0	0	0	0	5	0	0	0	0	0	0	0	0
LT934125.1	+	91470	92059	NOV_TX_2024	1	25	0	0	1	0	9	12	0	0	2	1	6	0	0	0	14	0	0	0	3	3	3	3	11	0	1	2	8	5
LT934125.1	+	91647	92059	NOV_TX_2027	0	2	0	0	0	0	10	3	0	0	0	0	1	0	0	0	8	0	1	1	1	1	0	0	3	0	0	0	2	5
LT934125.1	+	91788	92059	NOV_TX_2031	0	0	0	0	0	0	0	0	0	0	0	0	0	0	0	0	0	0	0	0	9	0	38	0	0	0	0	0	0	0
LT934125.1	+	91915	92059	NOV_TX_2035	0	23	0	0	0	0	4	2	0	0	0	1	1	1	0	0	11	0	0	0	3	14	6	0	2	0	0	3	3	8
LT934125.1	+	101918	102422	NOV_TX_2050	0	9	0	0	0	0	2	0	0	0	0	0	0	0	0	0	0	0	0	0	1	0	0	0	0	0	0	0	0	0
LT934125.1	+	107309	108829	NOV_TX_2070	0	1	0	0	0	0	0	1	0	0	0	0	0	1	0	0	5	0	0	0	0	1	3	2	17	0	0	0	3	9
LT934125.1	+	107615	108829	NOV_TX_2098	1	14	0	0	1	2	14	36	0	0	0	1	2	0	0	0	46	0	0	0	1	13	10	5	281	0	2	12	45	91
LT934125.1	+	107646	108829	NOV_TX_2104	0	0	0	0	0	0	0	0	0	0	0	1	0	1	0	0	21	0	0	0	0	0	0	2	0	0	0	0	0	0
LT934125.1	+	107668	108829	NOV_TX_2105	0	7	0	0	0	0	4	21	0	0	1	0	1	0	0	0	11	0	0	0	1	3	4	3	42	0	1	1	16	27
LT934125.1	+	107786	108829	NOV_TX_2111	0	0	0	0	0	1	0	7	0	0	0	0	1	0	0	0	2	0	0	0	0	0	1	1	2	0	0	1	2	3
LT934125.1	+	107882	108829	NOV_TX_2124	1	24	0	0	1	2	20	53	0	0	2	4	18	2	0	0	132	0	0	0	5	18	29	11	0	0	3	21	87	0
LT934125.1	+	108053	108829	NOV_TX_2136	0	9	0	0	0	3	0	0	0	0	3	4	18	1	0	0	35	0	0	0	0	17	23	8	96	0	1	0	60	80
LT934125.1	+	108228	108829	NOV_TX_2145	1	9	0	0	0	1	9	17	0	0	0	8	5	1	0	0	134	0	0	0	2	6	15	5	40	0	5	0	149	50
LT934125.1	+	108305	108829	NOV_TX_2148	5	41	0	0	1	3	30	186	0	0	4	20	0	8	0	0	116	0	0	0	24	63	30	29	339	0	2	26	0	0
LT934125.1	+	108402	108829	NOV_TX_2152	0	15	0	0	1	0	0	3	0	0	0	1	2	0	0	0	85	1	0	0	3	2	2	3	7	0	1	11	5	3
LT934125.1	+	108450	108829	NOV_TX_2153	0	13	0	0	0	1	7	9	0	0	1	2	1	1	0	0	31	1	0	0	2	5	10	3	43	0	0	11	30	39
LT934125.1	+	108572	108829	NOV_TX_2155	0	34	0	0	1	2	17	39	0	0	1	11	9	0	0	0	141	0	0	1	8	27	30	5	198	0	0	28	121	162
LT934125.1	+	108666	108829	NOV_TX_2157	0	0	0	0	0	2	36	0	0	0	2	0	10	2	0	0	0	0	0	0	20	66	0	6	0	0	0	0	227	322
LT934125.1	+	114984	115213	NOV_TX_2195	0	0	0	0	0	0	0	0	0	0	1	0	1	0	0	0	6	0	0	0	0	0	0	0	3	0	0	1	2	5
LT934125.1	+	114984	115518	NOV_TX_2166	0	6	0	0	0	0	2	0	0	0	0	0	0	0	0	0	1	0	0	1	0	1	0	0	0	0	0	4	0	0
LT934125.1	+	114984	115528	NOV_TX_2180	0	0	0	0	0	0	0	1	0	0	0	0	0	0	0	0	0	0	0	0	0	0	0	0	6	0	0	0	19	33
LT934125.1	+	114984	116629	NOV_TX_2167	0	1	0	0	0	0	0	0	0	0	0	0	0	0	0	0	0	0	0	0	0	0	0	0	2	0	1	2	0	5
LT934125.1	+	115478	115722	NOV_TX_2220	0	2	0	0	0	0	0	0	0	0	0	0	0	0	0	0	5	0	0	0	0	0	0	0	0	0	0	0	0	0
LT934125.1	+	115478	116441	NOV_TX_2212	0	1	0	0	0	0	0	0	0	0	0	0	0	0	0	0	1	0	0	0	0	1	0	0	4	0	0	1	2	1
LT934125.1	+	115478	116629	NOV_TX_2209	0	3	0	0	0	0	1	0	0	0	0	0	0	0	0	0	6	0	0	0	1	0	2	0	15	0	0	0	0	8
LT934125.1	+	115478	116633	NOV_TX_2215	0	0	0	0	0	1	0	0	0	0	0	0	0	0	0	0	0	0	0	0	0	16	0	0	0	0	0	0	22	0
LT934125.1	+	115478	116732	NOV_TX_2211	0	0	0	0	0	0	1	0	0	0	0	0	0	0	0	0	4	0	0	0	0	2	4	0	0	0	0	1	9	23
LT934125.1	+	115703	116962	NOV_TX_2246	0	0	0	0	0	0	0	0	0	0	0	0	0	0	0	0	0	0	0	0	0	0	0	0	64	0	0	24	0	0
LT934125.1	+	115741	116565	NOV_TX_2254	0	0	0	0	0	0	1	0	0	0	0	0	0	0	0	0	0	0	0	0	0	0	1	0	0	0	0	0	2	1
LT934125.1	+	115741	116633	NOV_TX_2259	0	0	0	0	0	0	0	0	0	0	0	0	0	0	0	0	0	0	0	0	0	5	0	0	0	0	0	0	6	0
LT934125.1	+	115741	116732	NOV_TX_2253	0	0	0	0	0	0	2	0	0	0	0	0	0	0	0	0	3	0	0	0	0	0	1	0	0	0	0	0	1	3
LT934125.1	+	115784	116962	NOV_TX_2260	0	5	0	0	0	0	1	4	0	0	1	1	1	0	0	0	6	0	0	0	1	1	3	0	6	0	0	5	2	2
LT934125.1	+	115819	116441	NOV_TX_2261	0	5	0	0	0	0	0	0	0	0	0	0	0	0	0	0	2	0	0	0	0	1	0	0	2	0	0	0	9	8
LT934125.1	+	115819	116565	NOV_TX_2270	0	0	0	0	0	0	0	0	0	0	0	0	0	0	0	0	0	0	0	0	0	0	0	0	0	0	0	0	4	6
LT934125.1	+	115819	116629	NOV_TX_2262	0	2	0	0	0	0	1	0	0	0	0	0	0	0	0	0	2	0	0	0	0	0	0	0	12	0	0	4	0	18
LT934125.1	+	115819	116633	NOV_TX_2266	0	0	0	0	0	0	0	0	0	0	0	0	0	0	0	0	0	0	0	0	0	5	0	0	0	0	0	0	37	0
LT934125.1	+	115819	116669	NOV_TX_2263	0	3	0	0	0	0	2	0	0	0	0	0	0	0	0	0	4	0	0	0	0	0	0	0	12	0	0	2	0	0
LT934125.1	+	115819	116674	NOV_TX_2267	0	0	0	0	0	0	0	0	0	0	0	0	0	0	0	0	0	0	0	0	0	1	1	0	0	0	0	0	8	8
LT934125.1	+	115819	116732	NOV_TX_2265	0	0	0	0	0	0	0	0	0	0	0	0	0	0	0	0	1	0	0	0	0	2	0	0	0	0	0	2	4	28
LT934125.1	+	115819	116962	NOV_TX_2271	0	132	0	0	3	8	43	0	0	2	2	27	54	0	0	0	124	0	0	0	14	53	28	0	120	0	5	26	172	215
LT934125.1	+	115843	116441	NOV_TX_2274	0	6	0	0	0	0	0	0	0	0	0	0	0	0	0	0	2	0	0	0	0	0	0	0	6	0	0	0	0	0
LT934125.1	+	115843	116629	NOV_TX_2275	0	3	0	0	0	0	0	0	0	0	0	0	0	0	0	0	2	0	0	0	0	0	0	0	0	0	0	0	0	0
LT934125.1	+	115843	116669	NOV_TX_2276	0	9	0	0	0	0	0	0	0	0	0	0	0	0	0	0	3	0	0	0	0	0	0	0	3	0	0	1	0	0
LT934125.1	+	115843	116962	NOV_TX_2273	0	53	1	0	1	0	16	187	0	0	0	0	6	0	0	0	25	0	2	2	3	6	5	0	35	0	0	8	8	6
LT934125.1	+	115919	116629	NOV_TX_2295	0	0	0	0	0	0	2	0	0	0	0	0	0	0	0	0	0	0	0	0	0	0	4	0	0	0	0	0	0	0
LT934125.1	+	115919	116962	NOV_TX_2293	0	0	0	0	0	16	47	0	0	0	1	0	0	0	0	0	0	1	0	0	0	0	34	0	0	0	2	0	0	0
LT934125.1	+	115963	116441	NOV_TX_2301	0	0	0	0	0	0	0	0	0	0	0	0	0	0	0	0	5	0	0	0	0	0	0	0	2	0	0	0	1	2
LT934125.1	+	115963	116629	NOV_TX_2302	0	0	0	0	0	0	0	0	0	0	0	0	0	0	0	0	7	0	0	0	0	0	0	0	2	0	0	1	0	7
LT934125.1	+	115963	116962	NOV_TX_2309	0	0	0	0	0	0	0	0	0	0	0	0	0	0	0	0	60	0	0	6	0	0	0	0	81	0	0	16	121	143
LT934125.1	+	116019	116441	NOV_TX_2322	0	0	0	0	0	0	0	0	0	0	0	0	0	0	0	0	2	0	0	0	0	1	0	0	5	0	0	2	0	0
LT934125.1	+	116019	116629	NOV_TX_2327	0	0	0	0	0	0	0	0	0	0	0	0	0	0	0	0	2	0	0	0	0	0	0	0	9	0	0	1	0	0
LT934125.1	+	116019	116962	NOV_TX_2325	0	0	1	0	0	0	0	0	0	1	4	0	0	0	0	0	83	0	5	2	17	106	0	0	96	0	0	16	0	0
LT934125.1	+	116071	116629	NOV_TX_2337	0	2	0	0	0	0	1	0	0	0	0	0	0	0	0	0	6	0	0	0	0	0	0	0	3	0	0	3	0	3
LT934125.1	+	116071	116732	NOV_TX_2339	0	0	0	0	0	0	2	0	0	0	0	0	0	0	0	0	2	0	0	0	0	0	0	0	0	0	0	0	2	21
LT934125.1	+	116152	116962	NOV_TX_2363	0	0	0	2	0	0	0	0	0	0	0	0	0	0	0	0	0	0	0	0	30	0	0	0	0	0	0	0	0	0
LT934125.1	+	116176	116962	NOV_TX_2366	0	0	0	0	2	26	137	0	0	1	0	0	0	0	0	0	127	0	5	0	5	0	0	0	0	0	0	0	0	0
LT934125.1	+	116226	116669	NOV_TX_2381	0	3	0	0	0	0	0	0	0	0	0	0	0	0	0	0	10	0	0	0	0	0	0	0	2	0	0	0	0	0
LT934125.1	+	116277	116441	NOV_TX_2388	0	9	0	0	0	0	0	3	0	0	0	0	0	0	0	0	4	0	0	0	0	0	2	0	0	0	0	2	13	9
LT934125.1	+	116316	116629	NOV_TX_2404	0	6	0	0	0	0	1	0	0	0	0	0	0	0	0	0	15	0	0	0	2	0	3	0	16	0	0	0	0	9
LT934125.1	+	116316	116669	NOV_TX_2405	0	13	0	0	0	0	4	0	0	0	0	0	0	0	0	0	13	0	0	0	1	0	0	0	29	0	0	0	0	0
LT934125.1	+	116376	116962	NOV_TX_2435	0	0	0	0	0	0	0	0	0	0	0	155	0	0	0	0	393	0	0	0	0	0	0	0	274	0	29	0	1011	0
LT934125.1	+	116403	116669	NOV_TX_2439	0	0	0	0	0	0	9	0	0	0	0	0	0	0	0	0	0	0	1	0	0	0	0	0	0	0	0	0	0	0
LT934125.1	+	116427	116565	NOV_TX_2447	0	0	0	0	0	0	0	0	0	0	0	0	0	0	0	0	1	0	0	0	0	0	0	0	1	0	0	1	0	2
LT934125.1	+	116474	116732	NOV_TX_2461	0	0	0	0	0	0	0	0	0	0	0	0	0	0	0	0	18	0	0	1	0	0	0	0	0	0	0	2	0	0
LT934125.1	+	116600	116732	NOV_TX_2494	0	0	0	0	0	0	0	0	0	0	0	0	0	0	0	0	9	0	0	0	0	0	8	0	0	0	0	7	0	0
LT934125.1	+	116600	116962	NOV_TX_2491	0	0	0	10	0	0	0	2646	0	0	0	944	0	0	0	0	1716	21	33	0	0	0	939	0	0	0	88	484	0	0
LT934125.1	+	116628	116962	NOV_TX_2499	0	0	0	0	4	127	0	0	0	0	175	0	0	0	0	8	0	0	0	0	0	1134	0	0	0	0	0	0	3841	0
LT934125.1	+	116674	116962	NOV_TX_2501	0	0	0	0	3	0	0	0	0	0	0	0	0	0	0	0	0	0	0	0	15	0	0	0	0	0	0	0	0	0
LT934125.1	+	117441	120477	NOV_TX_2511	1	1	0	0	0	0	0	4	0	0	0	0	1	0	0	0	2	0	0	0	1	0	0	0	0	0	0	0	0	0
LT934125.1	+	117887	120477	NOV_TX_2522	0	8	0	0	0	2	2	13	0	0	0	0	0	0	0	0	2	0	0	0	0	1	2	2	3	0	0	1	0	0
LT934125.1	+	118112	120477	NOV_TX_2533	0	6	0	0	0	0	2	1	0	0	0	0	2	0	0	0	1	0	0	0	0	0	0	0	2	0	0	0	0	5
LT934125.1	+	118386	120477	NOV_TX_2544	0	5	0	0	0	1	4	6	0	0	0	0	4	0	0	0	1	0	0	1	1	1	3	1	2	0	0	0	1	11
LT934125.1	+	118444	120477	NOV_TX_2545	0	0	0	0	0	1	1	0	0	0	0	0	0	0	0	0	0	0	0	0	0	0	0	0	1	0	0	0	6	1
LT934125.1	+	118517	120477	NOV_TX_2546	0	25	0	0	1	2	8	16	0	0	0	3	9	1	0	0	31	0	0	2	2	1	19	3	26	0	2	2	14	34
LT934125.1	+	118716	120477	NOV_TX_2552	0	7	0	0	0	0	0	0	0	0	0	0	1	0	0	0	0	0	0	0	0	0	0	3	1	0	0	0	0	1
LT934125.1	+	118792	120477	NOV_TX_2554	0	5	0	0	1	0	1	4	0	0	0	0	0	0	0	0	1	0	0	0	0	0	5	0	5	0	0	0	2	14
LT934125.1	+	118864	119923	NOV_TX_2556	0	18	1	1	3	3	5	15	0	0	0	5	5	0	0	0	55	1	0	1	6	20	12	0	101	0	0	2	24	59
LT934125.1	+	118864	120404	NOV_TX_2557	0	6	0	0	1	9	1	12	0	0	0	0	2	0	0	0	7	0	0	1	2	12	1	0	21	0	0	0	4	19
LT934125.1	+	118864	120477	NOV_TX_2560	31	9908	56	59	172	669	1927	5960	13	27	182	677	1254	137	3	25	7063	32	84	137	493	1894	2291	753	21768	8	145	759	4606	18043
LT934125.1	+	118864	122915	NOV_TX_2562	0	26	1	0	0	1	2	17	0	0	0	1	21	1	0	0	7	0	0	0	0	0	4	5	32	0	0	0	3	34
LT934125.1	+	118864	125230	NOV_TX_2563	0	2	1	0	0	0	0	6	0	0	1	0	0	0	0	0	0	0	0	0	0	0	0	0	1	0	0	0	0	0
LT934125.1	+	118864	126151	NOV_TX_2564	0	1	0	0	0	0	0	2	0	0	0	0	2	0	0	0	0	0	0	0	0	0	0	0	0	0	0	0	0	2
LT934125.1	+	118910	120477	NOV_TX_2565	3	965	2	0	2	9	166	225	1	3	2	24	58	36	0	0	246	0	2	2	27	139	68	172	561	0	6	53	249	411
LT934125.1	+	119110	120477	NOV_TX_2575	0	0	0	0	1	0	0	0	0	0	0	0	0	5	0	0	0	0	0	2	0	61	0	11	0	0	1	0	0	397
LT934125.1	+	119221	120477	NOV_TX_2579	2	0	0	0	6	0	0	0	0	1	0	0	0	6	0	0	0	0	1	0	0	0	0	33	0	1	1	3	0	0
LT934125.1	+	119266	120477	NOV_TX_2582	4	577	1	2	7	0	181	477	0	3	0	0	181	21	0	1	927	0	1	0	0	0	0	57	1081	0	6	50	0	976
LT934125.1	+	119344	120477	NOV_TX_2585	4	108	0	0	0	3	19	55	0	0	0	6	24	6	0	0	105	1	1	1	6	24	37	52	179	0	2	13	52	109
LT934125.1	+	119436	120477	NOV_TX_2588	4	182	1	1	0	5	26	86	0	1	4	15	0	17	0	0	198	0	3	3	9	49	63	56	196	0	4	14	83	169
LT934125.1	+	119564	120477	NOV_TX_2594	1	708	1	0	4	33	164	380	1	0	14	65	135	18	0	1	951	2	5	13	35	192	265	97	888	1	13	0	344	925
LT934125.1	+	119646	122915	NOV_TX_2601	0	0	0	0	0	0	0	3	0	0	0	0	2	0	0	0	0	0	0	0	0	0	0	0	0	0	0	0	0	0
LT934125.1	+	119692	120477	NOV_TX_2602	4	1	1	0	3	16	12	239	0	1	1	5	83	7	0	0	2	1	2	2	30	142	25	54	627	0	2	63	223	482
LT934125.1	+	119714	120477	NOV_TX_2604	5	447	2	1	0	0	70	0	0	1	8	20	0	23	0	1	447	3	0	3	0	0	84	105	0	0	4	0	0	0
LT934125.1	+	119871	120477	NOV_TX_2614	2	499	3	2	3	18	129	584	0	2	17	49	173	28	0	4	725	1	6	9	24	105	204	147	889	1	9	54	251	827
LT934125.1	+	119943	122915	NOV_TX_2618	0	1	0	0	0	0	0	2	0	0	0	2	0	0	0	0	0	0	0	0	1	1	0	0	0	0	0	0	0	0
LT934125.1	+	119971	120477	NOV_TX_2620	0	0	0	0	0	3	0	0	0	1	0	0	0	10	0	0	0	0	0	1	0	0	0	58	0	0	2	30	0	0
LT934125.1	+	120081	120477	NOV_TX_2626	7	938	0	4	3	0	342	1217	0	8	0	0	0	27	0	0	1341	0	0	0	0	475	671	125	1637	2	20	99	1190	2649
LT934125.1	+	120132	120477	NOV_TX_2630	4	376	0	1	2	0	0	0	1	2	0	0	0	18	0	0	707	0	0	0	29	0	0	71	855	0	5	72	0	0
LT934125.1	+	120132	122915	NOV_TX_2631	0	4	0	0	0	0	0	0	0	0	0	0	0	0	0	0	0	0	0	0	0	0	0	0	1	0	0	0	0	0
LT934125.1	+	120211	120477	NOV_TX_2636	1	193	2	0	3	5	56	209	1	0	4	27	52	14	0	0	199	0	1	3	19	45	90	54	248	1	11	32	107	312
LT934125.1	+	120256	120477	NOV_TX_2641	10	1172	0	7	9	14	209	402	0	2	14	95	127	16	0	1	1278	4	4	7	0	256	0	72	1759	0	18	0	650	1607
LT934125.1	+	120716	122915	NOV_TX_2660	0	5	0	0	0	0	0	0	0	0	0	0	0	0	0	0	0	0	0	0	0	0	0	0	0	0	0	0	0	1
LT934125.1	+	120802	122915	NOV_TX_2664	0	6	0	0	0	1	0	2	0	0	0	0	0	0	0	0	0	0	0	0	1	1	1	0	1	0	0	0	1	1
LT934125.1	+	120934	122915	NOV_TX_2667	0	18	0	1	0	4	6	12	0	0	0	2	6	0	0	0	9	0	1	0	1	5	3	4	18	0	0	1	10	13
LT934125.1	+	121269	122915	NOV_TX_2681	0	15	0	0	0	1	0	4	0	0	0	0	2	1	0	0	2	0	0	0	0	1	0	0	16	0	0	0	1	8
LT934125.1	+	121424	122915	NOV_TX_2688	0	5	0	0	0	0	0	0	0	0	0	0	0	0	0	0	0	0	0	0	0	0	0	0	0	0	0	0	0	1
LT934125.1	+	121715	126151	NOV_TX_2703	0	4	0	0	0	0	0	0	0	0	0	0	0	0	0	0	0	0	0	0	0	0	0	0	1	0	0	0	0	0
LT934125.1	+	121784	122915	NOV_TX_2712	0	1326	8	7	18	189	336	1585	1	3	23	129	416	31	0	4	1107	3	12	18	114	603	367	200	3932	1	32	298	1342	3454
LT934125.1	+	121784	125230	NOV_TX_2713	0	22	1	0	1	0	7	21	0	0	0	0	12	0	0	0	5	0	0	0	0	1	5	0	26	0	0	1	10	49
LT934125.1	+	121784	126151	NOV_TX_2714	0	32	0	0	2	4	2	49	0	0	3	0	21	0	0	0	5	0	0	0	0	1	5	0	29	0	0	1	7	30
LT934125.1	+	121901	122915	NOV_TX_2720	0	171	1	0	1	0	0	86	0	0	1	0	27	4	0	0	147	0	1	0	0	0	0	32	0	0	4	8	95	0
LT934125.1	+	121925	122915	NOV_TX_2723	0	0	0	0	0	4	39	0	0	0	0	0	0	0	0	0	0	0	0	0	0	51	0	0	0	0	0	0	0	0
LT934125.1	+	122028	122915	NOV_TX_2725	0	95	0	0	1	4	0	134	0	0	2	8	33	5	0	0	100	0	1	0	5	33	0	19	196	0	0	18	0	0
LT934125.1	+	122118	122915	NOV_TX_2729	0	27	0	0	0	0	3	20	0	0	0	9	11	5	0	0	20	0	0	0	1	6	9	21	39	0	0	2	17	24
LT934125.1	+	122258	122915	NOV_TX_2740	0	0	0	0	0	0	0	433	0	0	0	0	0	0	0	0	0	0	0	7	0	0	0	0	181	0	0	14	0	0
LT934125.1	+	122302	125230	NOV_TX_2746	0	9	0	0	0	0	2	0	0	0	0	0	0	0	0	1	0	0	0	0	0	0	0	0	3	0	0	0	0	2
LT934125.1	+	122302	126151	NOV_TX_2747	0	5	0	0	0	0	0	0	0	0	0	0	0	0	0	0	1	0	0	0	0	0	0	0	1	0	0	0	0	2
LT934125.1	+	122404	122915	NOV_TX_2751	0	88	0	0	0	7	9	77	0	1	0	20	21	6	0	0	120	0	0	0	1	26	30	23	140	1	3	9	50	93
LT934125.1	+	122521	122915	NOV_TX_2763	0	95	0	1	1	4	26	0	0	1	5	11	24	10	0	0	147	2	0	2	8	40	39	43	326	0	2	12	101	138
LT934125.1	+	122575	122915	NOV_TX_2766	0	0	0	0	0	0	139	0	0	0	0	0	0	0	0	0	0	0	0	0	0	0	0	0	1185	0	0	0	400	839
LT934125.1	+	122610	126151	NOV_TX_2770	0	3	0	0	0	0	0	0	0	0	0	0	0	0	0	0	2	0	0	0	0	0	0	0	0	0	0	0	0	0
LT934125.1	+	122731	122915	NOV_TX_2782	0	137	0	0	1	0	0	0	0	0	0	0	0	1	0	0	0	0	0	2	0	0	0	4	0	0	0	0	0	0
LT934125.1	+	122922	125230	NOV_TX_2787	0	10	1	0	0	3	2	13	0	0	1	0	7	2	0	0	6	0	0	2	0	3	1	3	10	0	1	2	12	37
LT934125.1	+	122922	126151	NOV_TX_2788	0	10	0	0	0	2	0	5	1	0	0	1	8	0	0	0	0	0	0	0	0	0	0	1	6	0	0	0	2	5
LT934125.1	+	122979	124808	NOV_TX_2791	0	8	0	0	0	0	0	2	0	0	0	0	0	0	0	0	2	0	0	0	0	4	0	0	10	0	0	2	1	9
LT934125.1	+	122979	125131	NOV_TX_2792	0	1	0	0	0	2	0	0	0	0	0	0	1	0	0	0	1	0	0	0	0	0	1	0	7	0	0	0	0	1
LT934125.1	+	123036	125230	NOV_TX_2793	0	39	0	0	0	0	0	0	0	0	0	0	4	0	0	0	0	0	0	0	0	0	0	0	0	0	0	0	0	0
LT934125.1	+	123036	126151	NOV_TX_2794	0	48	0	0	0	0	0	0	0	0	0	0	3	0	0	0	0	0	0	0	0	0	0	0	0	0	0	0	0	0
LT934125.1	+	123048	125230	NOV_TX_2795	0	0	1	0	0	1	0	0	0	0	0	0	0	0	0	0	3	0	1	1	2	5	5	1	16	0	0	4	7	13
LT934125.1	+	123048	126151	NOV_TX_2796	0	0	0	0	0	0	0	0	0	0	0	0	0	0	0	0	3	0	0	0	1	0	1	2	6	0	0	0	3	5
LT934125.1	+	123059	125230	NOV_TX_2797	0	0	0	0	0	0	5	7	0	0	0	0	0	0	0	0	0	0	0	0	0	0	0	0	0	0	0	0	0	0
LT934125.1	+	123059	126151	NOV_TX_2798	0	0	0	0	0	0	7	6	0	0	0	0	0	0	0	0	0	0	0	0	0	0	0	0	0	0	0	0	0	0
LT934125.1	+	123098	125230	NOV_TX_2799	0	1	0	0	0	2	0	0	0	0	0	0	0	0	0	0	1	0	0	0	0	0	0	0	1	0	0	0	0	0
LT934125.1	+	123254	126151	NOV_TX_2804	0	1	0	0	0	1	0	6	0	0	0	0	1	0	0	0	1	0	0	0	0	0	0	1	1	0	0	0	0	0
LT934125.1	+	123278	125230	NOV_TX_2805	0	0	0	0	0	0	0	0	0	0	0	0	2	0	0	0	0	0	0	0	0	2	0	0	1	0	0	0	0	0
LT934125.1	+	123447	125230	NOV_TX_2817	0	3	0	0	0	0	0	2	0	0	0	0	1	0	0	0	1	0	0	0	2	0	1	1	0	0	0	2	1	4
LT934125.1	+	123468	126151	NOV_TX_2820	0	7	0	0	0	0	0	0	0	0	0	0	2	0	0	0	0	0	0	0	0	0	0	0	1	0	0	0	0	0
LT934125.1	+	123528	125230	NOV_TX_2825	0	0	0	0	1	0	0	3	0	0	0	0	1	0	0	0	4	0	0	0	0	0	1	1	1	0	0	0	0	5
LT934125.1	+	123560	125230	NOV_TX_2827	0	9	0	0	0	0	0	0	0	0	0	0	0	0	0	0	1	0	0	0	0	0	0	0	0	0	0	0	0	1
LT934125.1	+	123560	126151	NOV_TX_2828	0	7	0	0	0	0	0	0	0	0	0	0	0	0	0	0	1	0	0	0	0	0	0	2	0	0	0	0	0	1
LT934125.1	+	123587	125230	NOV_TX_2829	0	0	0	0	0	5	0	0	0	0	0	0	0	0	0	0	0	0	0	0	2	0	3	0	0	0	0	1	4	0
LT934125.1	+	123612	125230	NOV_TX_2831	2	5	0	0	0	0	4	10	0	0	1	1	2	2	0	0	4	0	0	0	0	1	0	4	9	0	0	0	0	16
LT934125.1	+	123612	126151	NOV_TX_2832	0	0	0	0	0	0	0	9	0	0	0	2	4	0	0	0	3	0	0	0	0	0	0	1	2	0	0	0	0	4
LT934125.1	+	123639	125230	NOV_TX_2833	0	7	0	0	0	0	0	0	0	0	0	0	0	0	0	0	0	0	0	0	0	0	0	0	8	0	0	0	0	0
LT934125.1	+	123639	126151	NOV_TX_2834	0	10	0	0	0	0	0	0	0	0	0	0	0	0	0	0	0	0	0	0	0	0	0	0	5	0	0	0	0	0
LT934125.1	+	123693	125230	NOV_TX_2835	0	0	0	0	2	0	0	0	0	0	0	1	4	0	0	0	0	0	0	0	0	0	11	2	3	0	0	0	1	2
LT934125.1	+	123717	125230	NOV_TX_2837	1	12	0	0	0	1	5	4	0	0	1	0	0	1	0	0	22	0	0	0	0	2	0	0	16	0	0	0	5	28
LT934125.1	+	123761	126151	NOV_TX_2840	0	0	0	0	0	0	0	0	0	0	0	0	0	0	0	0	1	0	0	0	0	1	0	1	0	0	0	0	2	0
LT934125.1	+	123780	125230	NOV_TX_2841	0	4	0	0	0	1	0	6	0	0	0	0	0	0	0	0	0	0	0	0	0	0	0	0	15	0	0	0	0	18
LT934125.1	+	123824	126151	NOV_TX_2844	0	8	0	0	0	1	1	12	0	0	1	0	2	0	0	0	2	0	0	0	0	1	3	0	1	0	0	0	0	1
LT934125.1	+	123878	125230	NOV_TX_2845	0	10	0	0	0	0	0	7	0	0	0	0	0	1	0	0	1	0	0	0	0	1	0	1	4	0	1	0	2	6
LT934125.1	+	123878	126151	NOV_TX_2846	1	10	0	0	0	0	0	3	0	0	0	0	0	2	0	0	1	0	0	0	0	0	0	1	0	0	0	0	0	0
LT934125.1	+	123920	125230	NOV_TX_2847	0	7	0	0	0	0	1	18	0	0	0	1	2	0	0	0	4	0	0	1	0	7	6	2	6	0	0	1	7	8
LT934125.1	+	123979	125230	NOV_TX_2852	0	6	0	0	0	0	0	4	0	0	0	0	0	0	0	0	2	0	0	0	0	1	1	0	4	0	0	1	1	3
LT934125.1	+	124010	125230	NOV_TX_2854	0	6	0	0	0	0	0	2	0	0	0	0	0	0	0	0	0	0	0	0	1	0	6	0	1	0	0	0	7	0
LT934125.1	+	124010	126151	NOV_TX_2855	0	10	0	0	1	0	0	1	0	0	0	1	0	1	0	0	0	0	0	0	0	0	3	1	0	0	0	0	0	0
LT934125.1	+	124040	125230	NOV_TX_2856	0	6	1	0	0	1	4	8	0	0	0	0	4	1	0	0	10	0	0	0	0	1	0	2	7	0	1	3	0	18
LT934125.1	+	124040	126151	NOV_TX_2857	0	9	0	0	0	1	1	2	0	0	0	0	2	1	0	0	1	0	0	0	0	0	0	2	1	0	0	0	0	4
LT934125.1	+	124093	125230	NOV_TX_2858	1	3	0	0	0	0	1	6	0	0	0	0	1	1	0	0	1	0	0	0	0	0	4	3	8	0	0	0	2	6
LT934125.1	+	124166	125230	NOV_TX_2860	0	0	0	0	3	0	0	0	0	0	0	0	0	0	0	0	0	0	0	0	13	0	0	0	0	0	11	0	0	0
LT934125.1	+	124286	126151	NOV_TX_2869	0	0	0	0	0	0	0	0	0	0	0	8	0	0	0	0	12	0	1	0	0	0	0	0	0	0	0	1	0	0
LT934125.1	+	124304	125230	NOV_TX_2871	0	0	0	0	0	29	123	0	0	0	0	0	0	1	0	0	0	2	0	9	0	0	139	15	0	0	0	34	248	810
LT934125.1	+	124304	126151	NOV_TX_2872	0	0	0	0	0	5	34	0	0	0	0	0	0	0	0	0	0	0	0	1	0	0	19	3	0	0	0	0	28	63
LT934125.1	+	124332	125230	NOV_TX_2873	0	49	0	0	0	0	0	0	0	0	0	0	0	2	0	0	66	0	0	0	1	0	0	8	0	0	0	4	0	0
LT934125.1	+	124332	126151	NOV_TX_2874	0	50	0	0	0	0	0	0	0	0	0	0	0	1	0	0	12	0	0	0	0	0	0	1	0	0	0	1	0	0
LT934125.1	+	124383	126151	NOV_TX_2876	0	62	0	0	0	0	0	109	0	0	0	0	54	0	0	0	17	0	0	0	1	11	0	7	59	0	0	0	0	0
LT934125.1	+	124402	125230	NOV_TX_2878	0	125	3	1	0	0	0	2	1	1	0	0	1	0	0	0	130	0	0	0	0	0	3	8	95	0	0	12	1	0
LT934125.1	+	124457	125230	NOV_TX_2880	0	0	0	0	0	17	0	0	0	0	0	0	0	2	0	0	0	0	0	0	0	0	0	1	0	0	10	0	0	0
LT934125.1	+	124538	126151	NOV_TX_2888	0	0	0	0	0	0	0	0	0	0	0	11	0	0	0	0	0	0	0	0	0	0	0	1	94	0	0	2	51	53
LT934125.1	+	124565	126151	NOV_TX_2891	1	119	0	0	1	0	0	0	0	0	0	0	41	0	0	0	73	0	0	0	0	36	14	2	0	0	0	0	0	0
LT934125.1	+	124615	125230	NOV_TX_2895	1	69	0	0	0	0	0	306	0	0	0	0	0	0	0	0	83	0	1	0	0	0	0	7	0	0	0	17	0	0
LT934125.1	+	124677	125230	NOV_TX_2898	0	32	0	1	0	0	12	44	0	0	0	2	11	1	0	0	18	0	1	1	1	14	12	10	47	0	2	2	27	77
LT934125.1	+	124677	126151	NOV_TX_2899	1	19	0	0	0	0	2	17	0	0	0	1	4	2	0	0	4	0	1	0	0	1	2	2	9	0	0	0	1	10
LT934125.1	+	124690	125230	NOV_TX_2901	0	0	0	0	0	0	0	0	0	0	0	0	0	0	0	0	24	0	0	0	0	0	0	0	0	0	0	6	0	0
LT934125.1	+	124756	124936	NOV_TX_2905	0	2	0	0	0	0	0	0	0	0	0	3	0	0	0	0	4	0	0	0	0	0	1	0	12	0	0	1	3	4
LT934125.1	+	124756	125131	NOV_TX_2906	0	16	0	0	0	0	4	6	0	0	2	2	2	0	0	1	18	0	0	0	0	1	4	0	95	0	0	2	14	35
LT934125.1	+	124756	125230	NOV_TX_2907	3	278	1	1	8	26	89	854	1	6	12	78	142	16	0	2	785	3	8	5	17	109	210	116	2955	1	33	80	486	1499
LT934125.1	+	124756	126151	NOV_TX_2908	17	1067	0	0	10	84	111	1090	0	0	24	136	279	39	0	0	679	0	2	4	12	95	158	241	2735	0	6	28	336	1016
LT934125.1	+	124872	125230	NOV_TX_2919	2	119	0	0	1	0	33	0	0	1	2	16	32	3	0	0	99	0	2	0	4	0	46	25	233	1	8	8	86	252
LT934125.1	+	124872	126151	NOV_TX_2920	2	104	0	0	1	0	16	0	0	0	2	5	24	6	0	0	63	0	0	0	1	0	12	35	129	0	2	2	23	42
LT934125.1	+	124895	125230	NOV_TX_2921	0	0	0	0	0	0	0	108	0	0	0	0	0	0	0	0	78	0	0	4	0	26	0	0	0	0	0	0	0	0
LT934125.1	+	124895	126151	NOV_TX_2922	0	0	0	1	0	0	0	61	0	0	0	0	0	0	0	0	31	0	0	0	0	14	0	0	0	0	0	0	0	0
LT934125.1	+	124939	125230	NOV_TX_2923	0	98	2	0	0	0	0	0	0	0	0	0	0	0	0	0	0	0	0	0	0	0	146	0	0	0	0	32	0	0
LT934125.1	+	124939	126151	NOV_TX_2924	0	71	0	0	0	0	0	0	0	0	0	0	0	0	0	0	0	0	0	0	0	0	89	0	0	0	0	4	0	0
LT934125.1	+	124955	125230	NOV_TX_2925	1	0	0	0	0	0	0	0	0	0	2	0	30	4	0	0	706	0	0	0	6	0	0	9	161	0	17	0	240	0
LT934125.1	+	124955	126151	NOV_TX_2926	6	0	0	0	2	0	0	0	0	0	0	0	116	10	0	0	531	0	0	0	3	0	0	27	72	0	5	0	90	0
LT934125.1	+	124974	125230	NOV_TX_2927	0	0	0	0	0	0	0	0	0	0	0	15	0	0	0	0	0	0	0	6	0	0	0	0	0	0	0	9	0	0
LT934125.1	+	124974	126151	NOV_TX_2928	0	0	0	0	0	0	0	0	0	0	0	49	0	0	0	0	0	0	0	1	0	0	0	0	0	0	0	2	0	0
LT934125.1	+	124989	125230	NOV_TX_2929	0	0	0	2	0	0	0	0	0	0	1	0	0	5	0	0	0	1	0	0	14	0	0	10	0	0	0	0	0	0
LT934125.1	+	125056	125230	NOV_TX_2933	0	312	0	0	0	7	88	0	0	0	0	0	0	0	0	0	0	0	0	0	0	88	0	0	0	0	0	0	0	0
LT934125.1	+	125105	125230	NOV_TX_2938	0	223	1	0	0	8	61	34	0	0	0	0	11	0	0	0	336	0	0	3	15	57	71	2	351	0	8	36	167	473
LT934125.1	+	125147	126151	NOV_TX_2941	3	155	0	0	0	6	26	101	0	0	6	26	38	7	0	0	112	0	0	0	4	14	21	27	176	0	1	8	22	71
LT934125.1	+	125177	126151	NOV_TX_2943	0	16	0	0	0	1	3	6	0	0	1	3	3	0	0	0	24	0	0	0	1	1	3	5	23	0	0	0	4	12
LT934125.1	+	125225	125618	NOV_TX_2946	0	0	0	0	0	0	1	0	0	0	0	0	1	0	0	0	0	0	0	0	0	0	1	0	2	0	1	0	0	1
LT934125.1	+	125225	126462	NOV_TX_2945	0	0	1	0	0	0	1	1	0	0	0	0	0	0	0	0	1	0	0	0	0	1	0	0	0	0	0	0	1	0
LT934125.1	+	125274	126151	NOV_TX_2948	5	490	0	0	3	13	108	191	3	3	3	36	49	12	0	0	220	0	4	2	14	64	59	49	259	2	8	68	97	143
LT934125.1	+	125312	126151	NOV_TX_2949	6	901	0	5	6	15	163	282	1	1	3	0	0	8	0	2	378	2	3	3	17	78	79	30	356	0	11	67	122	248
LT934125.1	+	125344	126151	NOV_TX_2951	0	0	0	0	4	0	0	0	0	0	0	0	78	0	0	0	0	0	0	0	0	0	0	0	0	0	0	0	0	0
LT934125.1	+	125358	126151	NOV_TX_2952	5	173	0	2	0	5	21	1	0	0	5	0	10	5	0	0	170	0	0	0	4	0	43	22	141	0	5	9	1	1
LT934125.1	+	125373	126151	NOV_TX_2953	1	300	1	0	2	7	78	232	0	0	10	59	77	6	0	0	288	0	0	2	13	66	51	15	335	0	7	38	116	149
LT934125.1	+	125398	126151	NOV_TX_2954	0	2	0	0	0	0	2	1	0	0	0	1	0	0	0	0	1	0	0	0	2	0	1	1	1	0	0	1	1	1
LT934125.1	+	125446	126151	NOV_TX_2957	0	0	0	0	2	0	0	0	0	0	0	22	0	0	0	0	0	0	0	0	0	0	0	0	0	0	0	0	0	0
LT934125.1	+	125510	126151	NOV_TX_2959	1	83	0	0	0	0	18	0	0	0	9	13	0	4	0	0	108	0	0	0	1	0	0	16	189	0	1	5	0	0
LT934125.1	+	125729	126151	NOV_TX_2966	10	0	0	4	4	45	296	0	2	0	50	0	0	29	0	0	0	3	0	0	43	0	0	96	1451	0	0	0	448	0
LT934125.1	+	125977	126151	NOV_TX_2975	0	0	2	1	8	57	0	107	0	0	2	0	31	1	0	1	0	0	0	12	46	120	0	6	0	0	12	120	0	0
LT934125.1	+	126816	127116	NOV_TX_2981	0	11	0	0	0	1	0	0	0	0	1	0	1	0	0	0	1	0	0	0	0	0	2	0	2	0	0	0	0	5
LT934125.1	+	126989	127116	NOV_TX_2994	0	7	0	0	0	0	1	1	0	0	0	0	0	0	0	0	2	0	0	0	0	0	1	0	1	0	0	0	2	2
LT934125.1	+	136158	141356	NOV_TX_3002	0	7	0	0	0	1	2	6	0	0	0	0	2	0	0	0	0	0	0	0	0	0	1	0	3	5	3	1	3	12
LT934125.1	+	136437	141356	NOV_TX_3008	0	3	0	0	0	0	0	0	0	0	0	0	1	0	0	0	0	0	0	0	0	0	0	0	1	0	0	1	2	0
LT934125.1	+	138101	141356	NOV_TX_3028	0	0	0	0	0	0	0	0	0	0	0	0	2	0	0	0	0	0	0	0	0	0	2	0	0	0	0	0	1	0
LT934125.1	+	138228	141356	NOV_TX_3030	0	1	0	0	0	0	0	1	0	0	0	0	1	0	0	0	0	0	0	0	0	0	0	0	2	0	0	0	0	0
LT934125.1	+	138364	141356	NOV_TX_3031	0	1	0	0	0	0	0	0	0	0	0	0	2	0	0	0	1	0	0	0	0	0	0	1	0	0	0	0	2	0
LT934125.1	+	138669	141356	NOV_TX_3032	0	2	0	0	0	0	1	0	0	0	0	0	1	0	0	0	1	0	0	0	0	0	1	0	0	0	0	0	3	6
LT934125.1	+	139110	141356	NOV_TX_3037	0	1	0	0	0	0	0	1	0	0	0	0	0	0	0	0	0	0	0	0	0	0	0	0	1	0	0	1	0	1
LT934125.1	+	139481	141356	NOV_TX_3044	0	1	0	0	0	0	0	2	0	0	0	0	4	0	0	0	1	0	0	1	2	3	0	0	1	0	0	1	1	4
LT934125.1	+	139634	141356	NOV_TX_3048	0	0	0	0	0	0	1	1	0	0	0	0	0	0	0	0	0	0	0	0	0	0	0	0	1	0	1	0	3	1
LT934125.1	+	139763	141356	NOV_TX_3051	0	0	0	0	0	0	0	7	0	0	0	0	0	0	0	0	1	0	0	0	0	0	0	0	0	0	0	1	1	0
LT934125.1	+	139799	141356	NOV_TX_3052	1	12	0	0	0	0	2	0	0	0	0	0	0	0	0	0	1	0	0	0	0	0	0	3	0	0	1	2	2	0
LT934125.1	+	139847	141356	NOV_TX_3055	0	3	0	0	0	0	2	3	0	0	0	0	0	0	0	0	0	0	0	0	0	0	0	0	2	0	0	0	2	1
LT934125.1	+	139981	141356	NOV_TX_3059	0	11	0	0	0	0	1	16	0	0	1	2	7	0	0	0	6	0	0	0	1	3	1	2	4	1	0	3	10	12
LT934125.1	+	140033	141356	NOV_TX_3060	0	2	0	0	0	0	2	0	0	0	0	0	0	0	0	0	0	0	0	0	0	2	0	0	1	0	0	0	2	3
LT934125.1	+	140103	141356	NOV_TX_3063	0	20	0	0	0	0	5	19	1	0	0	1	7	0	0	0	23	0	0	0	1	2	3	1	6	2	1	6	14	22
LT934125.1	+	140276	141356	NOV_TX_3067	0	0	0	0	0	0	8	0	0	0	0	0	0	0	0	0	0	0	0	0	0	7	0	0	0	0	0	0	0	0
LT934125.1	+	140602	141356	NOV_TX_3078	0	0	0	0	0	0	0	55	0	0	0	0	0	0	0	0	0	0	0	0	6	0	20	0	0	0	0	0	39	0
LT934125.1	+	140619	141356	NOV_TX_3079	0	36	0	0	0	1	0	0	0	0	0	9	8	2	0	0	30	0	0	0	0	0	0	6	19	3	2	0	0	34
LT934125.1	+	140705	141356	NOV_TX_3084	0	0	0	0	0	0	0	222	0	0	0	0	71	0	0	0	0	0	0	0	0	0	0	0	0	0	0	46	0	0
LT934125.1	+	140746	141356	NOV_TX_3086	1	233	3	0	1	4	0	0	0	0	0	0	0	1	0	0	200	2	2	1	17	0	61	3	105	0	23	0	0	0
LT934125.1	+	140874	141356	NOV_TX_3091	0	8	0	0	0	0	2	0	0	1	0	4	2	0	0	2	11	0	0	1	0	1	0	1	5	6	2	4	5	11
LT934125.1	+	141060	141356	NOV_TX_3098	0	0	1	0	0	12	0	0	1	0	3	29	0	3	0	0	0	0	5	1	37	141	0	5	30	0	0	16	0	614
LT934125.1	-	2870	2778	NOV_TX_3108	0	0	0	0	0	0	243	0	0	0	0	0	0	0	0	0	0	0	0	0	0	249	0	0	0	0	0	0	0	0
LT934125.1	-	2911	2778	NOV_TX_3109	0	338	0	0	0	0	0	141	0	0	0	0	0	0	0	0	0	0	0	0	0	0	234	0	0	0	57	0	0	0
LT934125.1	-	2933	2778	NOV_TX_3110	1	0	2	5	2	0	0	0	0	1	2	9	18	0	0	1	0	1	0	9	0	0	0	12	246	2	0	0	0	0
LT934125.1	-	3023	2778	NOV_TX_3115	0	0	0	0	0	0	53	0	0	0	0	0	0	0	0	0	0	0	0	0	0	34	0	0	0	0	0	0	0	0
LT934125.1	-	3041	2778	NOV_TX_3116	0	147	1	1	1	5	0	67	0	1	3	12	26	2	0	1	135	4	3	4	5	0	75	30	138	0	16	0	119	215
LT934125.1	-	3094	2778	NOV_TX_3118	0	0	0	0	0	0	0	0	0	0	0	0	0	0	0	0	0	0	0	0	26	0	0	0	0	0	0	57	0	0
LT934125.1	-	3251	2778	NOV_TX_3123	2	0	1	4	0	0	0	0	0	1	5	0	0	6	0	0	0	2	0	4	0	0	0	13	0	0	0	0	0	0
LT934125.1	-	3281	2778	NOV_TX_3124	0	0	1	0	0	0	0	0	0	0	0	0	0	0	0	0	0	0	0	0	0	0	0	2	0	0	0	3	0	0
LT934125.1	-	3305	2778	NOV_TX_3125	0	0	0	0	0	22	0	0	0	0	0	0	0	0	0	0	0	0	0	0	0	0	159	0	0	0	0	0	0	0
LT934125.1	-	3351	2778	NOV_TX_3126	0	206	1	1	1	4	135	28	0	1	4	3	8	4	0	0	253	0	1	1	0	120	17	16	463	0	2	27	390	578
LT934125.1	-	3398	2778	NOV_TX_3128	1	0	0	0	1	0	0	0	0	0	4	15	35	0	0	0	14	0	0	0	2	1	49	5	0	0	7	0	0	0
LT934125.1	-	3429	2778	NOV_TX_3129	0	0	0	0	0	12	0	0	0	4	0	0	0	0	0	0	69	0	0	0	0	0	0	0	0	0	0	23	0	0
LT934125.1	-	3468	2778	NOV_TX_3131	0	0	0	0	0	0	0	0	0	0	0	0	0	0	0	0	0	0	0	3	0	0	0	0	0	0	0	0	0	140
LT934125.1	-	3490	2778	NOV_TX_3132	0	110	0	1	0	0	45	88	0	0	0	0	0	0	0	0	0	0	0	0	0	0	0	0	137	0	0	0	0	0
LT934125.1	-	3508	2778	NOV_TX_3133	0	7	0	0	0	0	0	0	0	0	1	1	9	3	0	1	30	0	0	0	1	10	0	3	12	0	1	1	7	22
LT934125.1	-	3640	2778	NOV_TX_3137	0	0	0	0	0	0	0	0	0	0	0	0	0	0	0	0	0	0	1	0	0	14	0	0	0	0	0	0	0	0
LT934125.1	-	3656	2778	NOV_TX_3138	0	0	0	0	0	0	0	0	0	0	0	0	0	0	0	0	0	0	0	0	0	0	9	0	0	0	0	3	30	0
LT934125.1	-	3732	2778	NOV_TX_3140	2	12	0	1	0	2	6	15	0	0	0	1	2	1	0	0	3	0	0	0	1	1	6	8	9	0	0	3	12	13
LT934125.1	-	3753	2778	NOV_TX_3141	0	36	0	2	0	2	12	7	0	1	2	4	4	2	0	0	28	2	0	0	0	6	10	7	29	0	3	8	24	31
LT934125.1	-	3801	2778	NOV_TX_3144	0	28	1	0	0	0	0	23	0	0	0	0	6	0	0	1	17	2	0	1	0	8	12	17	21	0	2	0	27	29
LT934125.1	-	4003	2778	NOV_TX_3147	0	14	0	0	1	1	8	2	0	0	0	0	1	0	0	0	2	0	0	1	0	0	1	4	9	0	1	0	5	9
LT934125.1	-	4031	2778	NOV_TX_3148	0	1	0	0	0	0	0	0	0	0	0	0	0	0	0	0	0	0	0	0	0	0	3	0	2	0	0	0	0	0
LT934125.1	-	4134	2778	NOV_TX_3151	0	6	0	0	0	0	0	2	0	0	0	0	0	0	0	0	0	0	0	0	0	0	0	0	0	0	0	0	0	1
LT934125.1	-	4194	2778	NOV_TX_3154	0	2	0	0	0	0	0	0	0	0	0	0	1	0	0	0	1	0	0	0	0	0	0	1	0	0	0	0	0	0
LT934125.1	-	4443	2778	NOV_TX_3159	0	0	0	0	0	3	0	0	0	0	0	0	0	0	0	0	2	0	0	0	0	0	0	0	5	0	0	0	0	2
LT934125.1	-	4470	2778	NOV_TX_3161	0	9	0	0	0	0	0	5	0	0	0	0	0	0	0	0	0	0	0	0	0	0	5	0	0	0	0	0	0	0
LT934125.1	-	4539	2778	NOV_TX_3163	0	8	0	0	0	1	0	0	0	0	0	0	0	0	0	0	0	0	0	0	0	1	1	0	2	0	0	0	1	1
LT934125.1	-	4582	2778	NOV_TX_3164	0	2	0	0	0	0	2	1	0	0	0	0	0	0	0	0	0	0	0	0	0	0	0	0	1	0	0	0	0	0
LT934125.1	-	4687	2778	NOV_TX_3167	0	2	0	0	0	1	1	6	0	0	0	0	0	0	0	0	0	0	0	1	0	0	0	2	1	0	0	2	0	1
LT934125.1	-	5064	2778	NOV_TX_3175	0	2	0	0	0	0	1	4	0	0	0	0	2	0	0	0	0	0	0	0	0	1	1	0	2	0	0	0	1	1
LT934125.1	-	7758	2778	NOV_TX_3181	0	4	0	0	0	1	1	2	0	0	0	0	2	0	0	0	0	0	0	0	0	0	2	0	0	0	0	0	0	4
LT934125.1	-	8578	8487	NOV_TX_3183	0	18	0	0	0	1	7	1	0	0	0	0	0	0	0	0	14	0	0	0	3	6	0	0	15	0	0	6	17	12
LT934125.1	-	8657	8487	NOV_TX_3185	0	20	0	0	0	1	8	2	0	1	0	0	1	1	0	0	18	0	1	0	0	5	10	1	11	0	11	6	9	15
LT934125.1	-	8722	8487	NOV_TX_3186	0	0	0	2	0	0	0	0	0	0	0	0	0	0	0	0	0	0	0	0	7	0	0	0	0	0	0	0	0	0
LT934125.1	-	8808	8487	NOV_TX_3190	0	0	0	0	0	0	0	39	0	0	0	0	0	0	0	0	0	0	0	0	0	0	0	0	0	0	2	0	0	0
LT934125.1	-	8848	8487	NOV_TX_3191	0	3	0	0	0	0	0	0	0	0	0	0	14	0	0	0	1	0	0	0	0	0	0	0	0	0	0	0	0	2
LT934125.1	-	8900	8487	NOV_TX_3192	0	8	0	0	1	0	1	7	0	0	0	4	4	0	0	0	12	0	0	0	4	3	3	1	8	0	0	7	10	3
LT934125.1	-	8965	8487	NOV_TX_3194	1	9	0	0	0	1	0	1	0	0	0	2	0	0	0	0	0	0	0	0	0	1	2	1	2	0	0	1	4	3
LT934125.1	-	9058	8487	NOV_TX_3197	0	53	1	1	2	3	19	40	0	0	9	11	13	2	0	1	52	0	1	2	6	22	18	8	63	0	4	0	30	40
LT934125.1	-	9094	8487	NOV_TX_3199	0	23	0	0	0	2	10	23	1	1	1	4	9	1	0	0	33	0	0	1	2	9	9	7	14	0	3	8	17	11
LT934125.1	-	9126	8487	NOV_TX_3200	0	0	0	0	0	0	0	0	0	0	0	0	0	0	0	0	0	0	1	0	0	47	48	0	0	0	0	0	0	0
LT934125.1	-	9145	8487	NOV_TX_3201	0	27	1	0	0	0	57	115	0	0	2	6	6	2	0	0	16	0	0	0	4	0	0	6	25	0	0	0	25	20
LT934125.1	-	9494	9270	NOV_TX_3213	0	0	0	0	0	0	2	0	0	0	0	0	0	0	0	0	0	0	0	0	0	0	0	0	3	0	0	0	1	3
LT934125.1	-	9885	8487	NOV_TX_3222	0	0	0	0	0	0	2	0	0	0	0	0	1	0	0	0	1	0	0	0	0	0	0	0	0	0	0	0	1	0
LT934125.1	-	16728	16581	NOV_TX_3232	0	0	0	0	10	0	0	0	0	0	0	0	0	0	0	0	0	0	0	15	0	0	0	0	0	0	0	0	0	0
LT934125.1	-	16814	16581	NOV_TX_3237	4	0	0	1	0	0	0	0	0	0	0	0	0	4	0	0	2035	0	0	0	63	0	0	24	0	1	0	0	0	0
LT934125.1	-	16853	16581	NOV_TX_3238	10	152	2	2	0	0	0	0	1	0	0	77	0	11	0	0	0	1	0	0	0	0	0	98	0	0	42	0	0	0
LT934125.1	-	16970	16581	NOV_TX_3244	0	0	0	0	0	0	0	0	0	0	0	0	166	0	0	2	0	0	0	0	0	0	0	0	0	0	0	0	0	0
LT934125.1	-	17024	16581	NOV_TX_3246	1	466	2	1	0	0	0	0	1	1	0	0	0	7	0	0	660	0	0	0	0	0	0	36	0	0	0	0	0	0
LT934125.1	-	17112	16581	NOV_TX_3249	4	114	0	0	0	0	0	0	0	0	0	0	0	3	0	0	0	0	0	0	0	9	0	49	0	0	0	0	0	379
LT934125.1	-	17257	16581	NOV_TX_3256	2	272	0	0	0	0	0	0	0	0	0	0	0	1	0	0	333	1	0	0	14	0	0	29	0	0	0	0	0	0
LT934125.1	-	17289	16581	NOV_TX_3257	0	0	0	0	0	0	0	0	0	0	0	0	0	2	0	0	0	0	0	0	0	0	0	2	0	0	0	4	0	0
LT934125.1	-	17341	16581	NOV_TX_3259	0	538	0	0	1	26	145	354	0	0	0	22	75	3	0	0	524	0	3	0	16	92	200	12	1416	0	0	47	332	870
LT934125.1	-	17376	16581	NOV_TX_3262	0	0	0	0	0	0	0	0	0	0	0	0	0	2	0	0	0	0	0	0	0	0	0	6	0	0	0	14	0	0
LT934125.1	-	17457	16581	NOV_TX_3264	6	258	1	0	3	8	48	0	0	1	0	14	0	14	0	0	276	1	0	1	16	55	61	83	395	0	2	14	100	248
LT934125.1	-	17486	16581	NOV_TX_3266	0	0	0	0	0	0	0	168	0	0	0	0	40	0	0	0	0	0	0	0	0	0	0	0	0	0	0	0	0	0
LT934125.1	-	17509	16581	NOV_TX_3268	0	0	0	0	0	0	0	1	0	0	0	0	0	5	0	0	0	0	0	0	0	0	0	38	89	0	3	5	0	2
LT934125.1	-	17636	16581	NOV_TX_3276	0	0	0	0	0	0	0	0	0	0	0	0	0	0	0	0	75	0	0	0	0	0	32	0	130	0	0	0	0	0
LT934125.1	-	17670	16581	NOV_TX_3277	9	42	0	0	0	3	7	0	0	0	0	4	7	8	0	0	64	0	0	0	1	10	0	43	130	0	1	1	16	99
LT934125.1	-	17811	16581	NOV_TX_3285	1	322	0	1	0	0	0	0	0	0	0	0	0	2	0	0	0	0	0	3	1	0	0	15	0	1	5	4	0	0
LT934125.1	-	17871	16581	NOV_TX_3287	1	19	0	0	0	3	1	22	0	0	0	1	0	2	0	0	21	0	0	0	0	4	5	13	67	0	0	2	9	29
LT934125.1	-	17951	16581	NOV_TX_3290	0	0	0	0	4	0	0	0	0	0	0	0	0	0	0	0	0	0	0	0	1	0	0	0	0	0	0	0	0	0
LT934125.1	-	17981	16581	NOV_TX_3292	4	35	1	1	0	7	6	31	0	0	0	2	3	4	0	0	33	0	3	0	0	9	9	21	62	0	0	1	10	33
LT934125.1	-	18067	16581	NOV_TX_3296	0	0	0	0	0	0	0	0	0	0	0	0	0	0	0	0	0	0	0	0	0	17	38	0	0	0	0	0	0	0
LT934125.1	-	18086	16581	NOV_TX_3297	1	0	0	1	0	0	0	0	0	0	0	9	15	3	0	0	0	0	1	0	0	0	0	17	0	0	0	8	0	0
LT934125.1	-	18107	16581	NOV_TX_3298	1	86	0	0	0	0	0	0	1	0	0	0	9	3	0	0	0	0	0	0	0	0	0	10	272	0	0	1	51	146
LT934125.1	-	18161	16581	NOV_TX_3300	0	0	0	0	0	0	0	87	0	0	0	0	0	0	0	0	171	0	0	0	0	0	0	0	0	0	0	0	0	0
LT934125.1	-	18234	16581	NOV_TX_3304	0	0	0	0	0	0	0	0	0	0	0	0	0	0	0	0	0	0	0	0	0	11	0	0	0	0	0	3	0	28
LT934125.1	-	18325	16581	NOV_TX_3306	0	0	0	0	0	0	0	117	0	0	0	0	0	0	0	0	0	0	0	0	1	0	0	0	0	0	0	0	0	0
LT934125.1	-	18422	16581	NOV_TX_3311	2	248	0	0	0	0	0	0	0	0	0	0	5	6	0	0	199	0	0	0	1	0	0	20	361	0	0	8	41	0
LT934125.1	-	18523	16581	NOV_TX_3313	0	0	0	0	0	0	0	0	0	0	0	0	12	0	0	0	0	0	0	0	2	4	10	0	0	0	0	2	0	0
LT934125.1	-	18543	16581	NOV_TX_3314	3	39	0	1	0	4	13	0	0	0	0	0	0	3	0	0	19	0	0	0	0	0	0	21	0	0	0	0	5	0
LT934125.1	-	18564	16581	NOV_TX_3316	0	0	0	0	0	0	0	26	0	0	0	3	0	0	0	0	0	0	0	0	0	0	0	0	73	0	0	0	0	40
LT934125.1	-	18660	16581	NOV_TX_3318	0	5	0	0	0	0	3	13	0	0	0	0	0	0	0	0	13	0	0	0	0	5	0	3	0	0	0	0	0	0
LT934125.1	-	18684	16581	NOV_TX_3319	1	0	0	0	0	0	0	0	0	0	0	0	0	0	0	0	1	0	0	0	0	0	4	5	24	0	0	0	0	14
LT934125.1	-	18725	16581	NOV_TX_3321	0	0	0	0	0	0	0	0	0	0	0	0	0	0	0	0	11	0	0	0	0	4	0	0	0	0	0	0	0	0
LT934125.1	-	18752	16581	NOV_TX_3324	0	0	0	0	0	0	0	0	0	0	0	1	0	0	0	0	0	0	0	0	0	0	0	0	20	0	0	0	0	0
LT934125.1	-	18778	16581	NOV_TX_3326	1	8	0	0	0	0	2	5	0	0	0	0	0	0	0	0	8	0	0	0	0	0	6	4	0	0	0	0	1	0
LT934125.1	-	18883	16581	NOV_TX_3333	0	10	0	0	0	0	0	0	0	0	0	1	8	1	0	0	2	0	0	0	0	0	50	8	22	0	0	0	1	0
LT934125.1	-	19013	16581	NOV_TX_3338	0	10	0	0	1	1	0	6	0	0	0	0	5	1	0	1	5	0	0	0	0	0	2	5	15	0	0	1	1	6
LT934125.1	-	19058	16581	NOV_TX_3339	0	1	0	0	0	0	0	0	0	0	0	0	0	0	0	0	0	0	0	0	0	2	0	3	8	0	0	1	0	0
LT934125.1	-	19293	16581	NOV_TX_3346	0	1	0	0	0	1	0	3	0	0	0	0	0	0	0	0	0	0	0	0	0	0	1	1	0	0	0	0	0	1
LT934125.1	-	19320	16581	NOV_TX_3347	0	16	0	0	0	0	2	0	0	0	0	0	0	3	0	0	8	0	0	0	0	0	0	9	9	0	0	0	0	12
LT934125.1	-	19380	16581	NOV_TX_3349	0	8	0	0	0	0	0	2	0	0	0	0	0	2	0	0	5	0	0	0	0	1	0	11	20	0	0	0	0	2
LT934125.1	-	19420	16581	NOV_TX_3351	4	61	0	0	0	1	6	14	1	0	0	1	1	7	0	0	17	0	0	0	1	3	3	28	40	0	0	11	14	12
LT934125.1	-	19473	18040	NOV_TX_3353	0	3	0	0	0	0	0	1	0	0	0	0	0	0	0	0	10	0	0	0	0	1	0	0	17	0	0	0	2	7
LT934125.1	-	19473	18582	NOV_TX_3356	0	0	0	0	0	1	0	0	0	0	0	0	0	0	0	0	0	0	0	0	1	0	0	0	0	0	0	0	1	12
LT934125.1	-	19526	16581	NOV_TX_3360	0	2	0	0	0	2	0	1	0	0	0	0	0	0	0	0	0	0	0	0	0	1	0	0	0	0	0	0	1	6
LT934125.1	-	19922	16581	NOV_TX_3362	0	4	0	0	0	1	0	0	0	0	0	0	0	0	0	0	0	0	0	0	0	0	0	0	0	0	0	0	0	1
LT934125.1	-	21472	16581	NOV_TX_3368	0	3	0	0	1	1	0	7	0	0	0	1	3	0	0	0	2	0	0	0	0	0	1	0	1	0	0	0	2	6
LT934125.1	-	21600	21477	NOV_TX_3370	0	540	2	4	2	13	173	46	0	2	0	1	6	2	0	1	269	5	2	10	27	91	98	0	143	0	38	124	250	471
LT934125.1	-	21635	21477	NOV_TX_3372	0	1184	6	9	8	38	363	156	0	5	9	22	78	1	0	3	963	7	13	32	62	252	429	0	550	0	129	344	677	1607
LT934125.1	-	21698	21477	NOV_TX_3376	0	144	0	0	0	2	0	206	0	0	18	0	0	3	0	3	173	2	12	13	0	0	165	5	50	0	0	73	0	0
LT934125.1	-	21722	21477	NOV_TX_3378	0	0	0	0	0	0	0	0	0	0	0	0	0	0	0	0	0	0	0	0	0	0	0	0	0	0	74	0	0	687
LT934125.1	-	21746	21477	NOV_TX_3379	0	80	1	0	1	3	154	0	0	0	0	29	73	1	0	0	0	0	0	0	25	0	0	2	23	0	0	9	0	0
LT934125.1	-	21807	21477	NOV_TX_3380	0	98	1	0	0	4	0	0	0	4	0	0	0	2	0	0	94	1	0	0	2	0	0	7	36	0	0	0	0	0
LT934125.1	-	21875	21477	NOV_TX_3383	0	0	0	0	0	0	0	0	0	0	0	0	0	0	0	0	0	0	5	3	0	0	0	0	0	0	0	0	0	0
LT934125.1	-	21941	21477	NOV_TX_3387	1	135	0	0	3	11	67	304	0	2	5	23	56	6	0	0	296	0	0	0	48	127	105	17	161	0	0	50	124	173
LT934125.1	-	21974	21477	NOV_TX_3390	0	0	0	0	0	0	2	0	0	0	0	0	0	0	0	0	1	1	0	0	0	0	0	0	0	0	0	0	1	0
LT934125.1	-	22010	21477	NOV_TX_3391	1	44	0	1	0	1	0	0	0	0	0	4	24	2	0	0	0	0	3	0	0	0	0	6	22	0	4	23	28	56
LT934125.1	-	22062	21477	NOV_TX_3394	0	0	0	0	0	0	16	0	0	0	2	0	0	0	0	0	57	0	0	0	10	0	0	0	0	0	0	7	0	0
LT934125.1	-	22125	21477	NOV_TX_3395	0	19	0	0	2	1	0	1	0	1	1	1	0	0	0	0	9	0	1	0	0	0	22	5	11	0	0	3	50	0
LT934125.1	-	22145	21477	NOV_TX_3396	0	0	0	0	0	0	26	0	0	0	0	0	0	0	0	0	0	0	0	0	0	0	0	0	0	0	0	6	0	0
LT934125.1	-	22187	21477	NOV_TX_3398	2	82	2	1	0	0	0	73	0	0	1	5	0	2	0	1	40	2	1	2	0	0	0	8	37	0	18	13	0	110
LT934125.1	-	22259	21477	NOV_TX_3401	0	27	0	1	0	1	3	36	0	0	0	1	5	0	0	1	18	1	0	2	0	0	4	3	14	0	1	0	0	36
LT934125.1	-	22282	21477	NOV_TX_3402	0	0	2	0	0	0	0	0	0	0	0	0	0	0	0	0	0	0	0	0	2	4	0	0	0	0	0	9	14	0
LT934125.1	-	22310	21477	NOV_TX_3403	0	3	1	0	0	0	1	2	0	0	0	0	0	0	0	0	2	0	0	0	0	0	6	1	1	0	0	0	0	3
LT934125.1	-	22397	21477	NOV_TX_3407	0	0	0	0	0	0	0	0	0	0	1	0	0	2	0	0	0	0	0	0	0	0	0	2	0	0	12	0	0	0
LT934125.1	-	22660	21477	NOV_TX_3418	0	11	0	0	0	0	1	0	0	0	0	1	0	0	0	0	0	0	0	0	0	3	0	0	0	0	0	1	2	0
LT934125.1	-	22924	21477	NOV_TX_3424	0	7	0	0	0	4	0	1	0	0	0	0	0	0	0	0	0	0	0	0	0	0	1	1	1	0	0	1	0	1
LT934125.1	-	22978	21477	NOV_TX_3425	0	14	1	0	1	2	0	7	0	0	0	0	6	0	0	0	10	0	0	0	0	0	3	2	3	0	4	4	7	15
LT934125.1	-	23014	21477	NOV_TX_3426	0	0	0	0	0	0	7	0	0	0	0	0	0	0	0	0	0	0	1	1	0	3	0	0	0	0	0	0	0	0
LT934125.1	-	24146	21477	NOV_TX_3453	0	5	0	0	0	0	1	1	0	0	0	0	0	0	0	0	0	0	0	0	0	0	0	0	0	0	1	0	0	1
LT934125.1	-	24704	21477	NOV_TX_3461	0	3	0	0	0	0	0	0	0	0	0	0	0	0	0	0	0	0	0	0	0	0	0	0	1	0	1	2	0	2
LT934125.1	-	25232	21477	NOV_TX_3468	0	22	0	0	1	2	2	8	0	0	0	0	9	0	0	0	1	0	0	0	1	0	4	4	7	0	0	1	4	13
LT934125.1	-	28521	28429	NOV_TX_3477	0	19	0	0	0	0	4	1	0	0	0	0	0	0	0	0	7	0	0	0	0	1	1	0	8	0	0	1	2	5
LT934125.1	-	28576	28429	NOV_TX_3479	14	363	0	1	0	0	347	0	0	0	0	0	0	10	0	0	1290	0	0	2	0	0	0	75	477	0	0	101	877	1609
LT934125.1	-	28783	28429	NOV_TX_3487	0	0	0	0	0	0	0	0	0	0	0	0	0	0	0	0	0	0	3	0	0	379	0	0	0	0	0	0	0	0
LT934125.1	-	28852	28429	NOV_TX_3490	2	7	0	0	0	0	0	5	0	0	0	0	4	15	0	0	10	0	0	0	6	1	5	62	205	0	0	1	1	7
LT934125.1	-	28895	28429	NOV_TX_3491	0	0	0	0	0	0	0	0	0	0	0	0	0	0	0	0	0	0	0	0	14	71	135	0	0	0	0	14	222	318
LT934125.1	-	28922	28429	NOV_TX_3492	10	339	1	0	2	0	62	0	0	0	4	11	32	18	0	0	147	0	0	0	0	0	0	109	244	0	3	15	0	0
LT934125.1	-	28983	28429	NOV_TX_3494	0	0	0	0	0	0	0	177	0	0	0	0	0	3	0	0	0	0	0	0	0	0	0	11	0	0	0	6	0	0
LT934125.1	-	29062	28429	NOV_TX_3497	1	131	0	0	0	0	49	0	0	0	2	5	0	8	0	0	308	1	0	1	0	0	0	44	197	0	2	0	0	0
LT934125.1	-	29128	28429	NOV_TX_3499	1	171	0	0	0	12	20	102	0	0	0	7	24	6	0	0	147	0	1	0	0	21	66	46	215	0	1	8	93	146
LT934125.1	-	29154	28429	NOV_TX_3500	7	0	0	1	2	0	7	0	0	0	1	3	0	21	0	0	95	0	0	0	6	0	0	51	0	0	2	6	0	0
LT934125.1	-	29238	28429	NOV_TX_3503	0	0	0	0	0	4	23	0	0	0	0	0	0	0	0	0	0	0	0	0	0	0	0	0	0	0	0	0	0	0
LT934125.1	-	29292	28429	NOV_TX_3505	4	158	0	1	1	23	65	0	0	0	1	5	34	9	0	1	155	1	0	2	4	51	101	54	268	0	4	22	143	310
LT934125.1	-	29414	28429	NOV_TX_3508	98	5947	10	25	86	452	1433	6660	3	11	101	372	1082	241	0	8	9713	3	25	34	300	1235	2269	1501	18143	0	71	900	4377	10735
LT934125.1	-	29681	28429	NOV_TX_3516	0	8	0	0	0	0	0	0	0	0	0	0	3	0	0	0	0	0	0	0	0	0	4	0	0	0	0	0	0	0
LT934125.1	-	30034	28429	NOV_TX_3526	0	1	0	0	0	2	0	0	0	0	0	0	0	0	0	0	0	0	0	0	0	2	0	0	0	0	0	0	0	0
LT934125.1	-	30172	28429	NOV_TX_3529	0	4	0	0	0	0	0	0	0	0	0	0	1	0	0	0	0	0	0	0	0	0	0	0	2	0	0	0	0	0
LT934125.1	-	30247	28429	NOV_TX_3531	0	3	0	0	0	0	0	0	0	0	0	0	0	0	0	0	0	0	0	0	0	0	1	0	1	0	0	0	0	0
LT934125.1	-	30819	28429	NOV_TX_3542	1	25	0	0	0	1	0	6	0	0	0	0	1	0	0	0	8	0	0	0	0	3	1	2	4	0	0	1	1	7
LT934125.1	-	32216	32038	NOV_TX_3555	0	4	0	0	1	0	0	0	0	0	0	0	0	0	0	0	15	0	0	0	0	0	0	0	2	0	0	0	0	2
LT934125.1	-	32264	32038	NOV_TX_3556	0	13	0	0	0	0	0	0	0	0	0	0	0	0	0	0	1	0	0	0	0	1	1	0	6	0	0	0	0	1
LT934125.1	-	32372	32038	NOV_TX_3557	0	24	0	0	0	0	0	2	0	0	0	0	1	0	0	0	23	0	0	0	0	2	3	0	23	0	2	0	6	5
LT934125.1	-	32842	32686	NOV_TX_3560	2	311	4	0	0	12	60	52	0	1	0	3	18	4	0	0	438	2	1	2	14	72	92	10	522	1	18	28	154	306
LT934125.1	-	32890	32686	NOV_TX_3561	0	782	0	0	0	0	0	0	0	0	0	0	71	0	0	0	0	0	0	8	0	258	0	0	0	0	0	0	0	0
LT934125.1	-	32915	32686	NOV_TX_3562	0	0	0	0	0	0	179	0	0	0	0	0	0	0	0	0	0	0	0	0	0	0	0	0	0	0	0	0	396	0
LT934125.1	-	32935	32686	NOV_TX_3563	3	0	6	1	2	19	0	0	0	3	0	0	0	11	0	3	0	6	2	0	33	0	243	39	0	5	21	0	0	0
LT934125.1	-	32964	32686	NOV_TX_3564	0	175	1	0	0	4	0	270	0	1	4	32	0	5	0	0	1380	3	0	0	0	0	0	11	1504	0	8	55	0	762
LT934125.1	-	33119	32686	NOV_TX_3569	4	31	1	0	0	0	2	16	0	0	0	2	3	4	0	0	48	2	0	1	4	5	8	14	55	0	6	1	9	21
LT934125.1	-	33215	32686	NOV_TX_3572	0	0	0	0	0	0	0	0	0	0	0	0	0	0	0	0	358	0	0	0	0	0	76	0	0	0	0	0	0	0
LT934125.1	-	33242	32686	NOV_TX_3573	0	0	0	0	0	0	0	0	0	0	0	0	0	0	0	0	0	0	0	6	0	55	0	0	0	0	0	0	0	0
LT934125.1	-	33274	32686	NOV_TX_3574	0	0	0	0	0	0	0	0	0	0	0	1	0	3	0	0	0	0	0	0	0	0	0	6	0	0	16	1	0	0
LT934125.1	-	33301	32686	NOV_TX_3575	3	62	2	2	1	13	0	0	0	1	3	7	0	22	0	0	0	4	7	0	0	0	0	44	473	2	0	9	0	0
LT934125.1	-	33322	32686	NOV_TX_3576	0	0	0	0	0	0	49	0	0	0	0	0	0	0	0	0	0	0	0	0	13	0	0	0	0	0	0	0	0	0
LT934125.1	-	33356	32686	NOV_TX_3578	3	218	0	0	0	0	0	164	0	0	0	0	0	5	0	0	0	0	0	0	0	0	0	20	0	1	0	1	92	202
LT934125.1	-	33477	32686	NOV_TX_3581	1	12	0	0	0	0	2	25	0	0	0	3	0	5	0	0	14	0	0	0	1	4	5	9	11	1	1	0	1	5
LT934125.1	-	33502	32686	NOV_TX_3582	0	52	0	0	2	2	7	27	0	0	0	0	4	2	0	0	49	0	0	1	0	4	6	3	47	0	3	0	9	21
LT934125.1	-	33611	32686	NOV_TX_3586	3	25	0	0	0	0	5	22	0	0	0	0	0	10	0	0	0	0	0	0	0	0	0	31	29	0	3	4	2	11
LT934125.1	-	33742	32686	NOV_TX_3588	0	5	0	0	0	0	3	4	0	0	0	0	1	2	0	0	12	0	0	0	0	6	7	7	8	0	0	1	1	6
LT934125.1	-	33793	32686	NOV_TX_3589	1	83	0	0	0	0	17	0	1	0	0	1	15	5	0	0	91	0	1	1	8	30	20	11	93	0	0	3	0	46
LT934125.1	-	33824	32686	NOV_TX_3590	0	24	0	0	0	4	0	0	0	0	0	0	0	1	0	0	10	0	0	0	0	0	0	9	24	0	5	1	0	13
LT934125.1	-	34050	32686	NOV_TX_3598	1	24	0	1	1	1	0	16	0	0	0	0	0	2	0	0	0	0	0	0	0	0	0	3	29	0	0	4	0	0
LT934125.1	-	34243	32686	NOV_TX_3604	0	7	0	0	1	0	0	5	0	0	0	0	0	0	0	0	11	0	0	0	0	1	0	3	4	0	0	0	2	5
LT934125.1	-	34273	32686	NOV_TX_3605	0	2	0	0	0	0	2	0	0	0	0	0	1	0	0	0	0	0	0	0	0	0	0	0	0	0	0	1	1	0
LT934125.1	-	34345	32686	NOV_TX_3607	0	0	0	0	0	0	0	0	0	0	0	0	5	0	0	0	0	0	0	0	0	2	0	0	0	0	0	0	0	0
LT934125.1	-	34396	32686	NOV_TX_3609	1	11	0	0	0	0	1	0	0	0	0	0	0	0	0	0	0	0	0	0	0	0	0	0	0	0	0	0	0	0
LT934125.1	-	34474	32686	NOV_TX_3612	4	92	9	0	6	34	62	74	2	4	2	12	65	40	0	3	35	9	9	8	5	29	51	120	90	8	49	16	88	84
LT934125.1	-	35221	32686	NOV_TX_3620	0	4	0	0	0	0	0	0	0	0	0	0	0	0	0	0	2	0	0	0	0	0	0	0	0	0	0	0	0	0
LT934125.1	-	42111	42005	NOV_TX_3632	0	22	0	0	0	1	5	0	0	0	0	0	0	0	0	0	20	0	0	0	1	7	16	0	15	0	0	0	5	13
LT934125.1	-	42148	42005	NOV_TX_3633	0	76	0	0	0	2	13	7	0	0	0	0	1	0	0	0	91	0	0	0	5	12	18	2	49	0	0	1	16	61
LT934125.1	-	42208	42005	NOV_TX_3634	0	20	0	0	1	0	2	14	0	0	0	0	0	0	0	0	23	0	0	0	0	5	11	0	30	0	1	1	7	14
LT934125.1	-	42364	42005	NOV_TX_3637	0	3	0	0	0	0	1	1	0	0	0	0	2	1	0	0	11	0	0	0	1	2	7	1	10	0	0	0	1	5
LT934125.1	-	42518	42005	NOV_TX_3642	0	29	0	0	0	2	12	0	0	0	0	2	7	0	0	0	38	0	0	0	1	9	12	2	48	0	1	0	17	0
LT934125.1	-	42707	42005	NOV_TX_3648	0	109	0	1	0	3	12	71	0	0	0	3	13	1	0	0	122	0	0	1	2	23	0	9	123	0	0	9	47	68
LT934125.1	-	43011	42005	NOV_TX_3654	0	0	0	0	0	0	4	0	0	0	0	0	0	0	0	0	0	0	0	0	0	4	3	0	0	0	0	0	0	0
LT934125.1	-	43092	42005	NOV_TX_3656	0	0	0	0	0	0	1	4	0	0	0	0	1	0	0	0	21	0	0	0	0	5	10	1	9	0	0	0	5	8
LT934125.1	-	43246	42005	NOV_TX_3661	0	20	0	0	0	0	0	6	0	0	0	0	0	0	0	0	10	0	0	0	1	0	3	1	12	0	1	0	1	5
LT934125.1	-	43528	42005	NOV_TX_3669	0	10	0	0	0	2	1	1	0	0	0	0	0	0	0	0	1	0	0	0	0	0	0	0	2	0	0	1	0	2
LT934125.1	-	44329	42005	NOV_TX_3687	0	4	0	0	0	0	0	0	0	0	0	0	1	0	0	0	1	0	0	0	0	0	0	1	1	0	0	0	0	0
LT934125.1	-	44817	42005	NOV_TX_3695	0	10	0	0	0	0	0	0	0	0	0	0	1	0	0	0	2	0	0	0	0	0	0	0	3	0	0	0	1	0
LT934125.1	-	44889	32686	NOV_TX_3697	0	1	0	0	0	0	1	0	0	0	0	0	0	0	0	0	0	0	0	0	0	0	0	0	1	0	0	0	0	2
LT934125.1	-	44889	42005	NOV_TX_3696	0	568	0	0	2	16	67	134	0	1	1	7	31	22	0	0	163	0	1	0	10	32	61	91	449	0	1	18	125	309
LT934125.1	-	50153	50026	NOV_TX_3709	0	0	0	0	0	1	0	0	0	0	0	0	0	0	0	0	0	0	0	0	5	0	0	0	0	0	0	0	0	0
LT934125.1	-	50175	50030	NOV_TX_3716	1	0	0	0	2	0	0	0	0	0	0	0	0	0	0	0	0	1	0	0	0	0	0	3	0	0	0	0	0	0
LT934125.1	-	50261	50025	NOV_TX_3732	0	0	0	0	0	0	0	0	0	0	0	0	0	0	0	0	0	0	0	0	0	48	48	0	172	0	0	0	70	157
LT934125.1	-	50261	50026	NOV_TX_3728	0	0	0	0	0	7	0	0	0	0	0	0	0	0	0	0	0	0	0	0	12	0	0	0	0	0	0	0	0	0
LT934125.1	-	50261	50028	NOV_TX_3726	0	130	0	0	0	0	0	0	0	0	0	0	0	0	0	0	146	0	0	0	0	0	0	0	0	0	0	0	0	0
LT934125.1	-	50261	50029	NOV_TX_3733	0	0	0	0	0	0	0	0	0	0	0	0	0	0	0	0	0	0	0	0	0	0	0	0	0	0	2	14	0	0
LT934125.1	-	50261	50030	NOV_TX_3731	0	0	0	0	4	0	0	0	0	0	0	0	0	1	0	1	0	0	0	3	0	0	0	4	0	1	0	0	0	0
LT934125.1	-	50261	50041	NOV_TX_3729	0	0	0	0	0	0	0	41	0	0	0	1	0	0	0	0	0	0	0	0	0	0	0	0	0	0	0	0	0	0
LT934125.1	-	50293	50025	NOV_TX_3740	0	0	0	0	0	0	0	0	0	0	0	0	0	0	0	0	0	0	0	0	0	3	7	0	4	0	0	0	4	14
LT934125.1	-	50293	50028	NOV_TX_3734	0	3	0	0	0	0	0	0	0	0	0	0	0	0	0	0	7	0	0	0	0	0	0	0	0	0	0	0	0	0
LT934125.1	-	50368	50026	NOV_TX_3746	0	0	0	0	0	6	0	0	0	0	0	0	0	0	0	0	0	0	0	0	6	0	0	0	0	0	0	0	0	0
LT934125.1	-	50368	50028	NOV_TX_3745	0	17	0	0	0	0	0	0	0	0	0	0	0	0	0	0	111	0	0	0	0	0	0	0	0	0	0	0	0	0
LT934125.1	-	50368	50029	NOV_TX_3750	0	0	0	0	0	0	21	0	0	0	0	0	0	0	0	0	0	0	0	0	0	0	0	0	0	0	2	0	0	0
LT934125.1	-	50412	50025	NOV_TX_3756	0	0	0	0	0	0	0	0	0	0	1	0	0	0	0	0	0	0	0	0	0	22	1	0	12	0	0	0	12	6
LT934125.1	-	50412	50029	NOV_TX_3755	0	0	0	0	0	0	5	0	0	0	0	0	0	0	0	0	0	0	0	0	0	0	0	0	0	0	0	4	0	0
LT934125.1	-	50424	50025	NOV_TX_3763	0	0	0	0	0	0	0	0	0	0	0	0	0	0	0	0	0	0	0	0	0	0	20	0	43	0	0	0	34	43
LT934125.1	-	50424	50028	NOV_TX_3758	0	40	0	0	0	0	0	0	0	0	0	0	0	0	0	0	63	0	0	0	0	0	0	0	0	0	0	0	0	0
LT934125.1	-	50424	50030	NOV_TX_3757	1	0	0	0	0	0	0	0	0	0	0	0	0	1	0	0	0	0	0	0	0	0	0	3	0	0	0	0	0	0
LT934125.1	-	50492	50025	NOV_TX_3764	0	0	0	0	0	0	0	0	0	0	0	0	0	0	0	0	0	0	0	0	0	35	0	0	0	0	0	0	48	0
LT934125.1	-	50492	50026	NOV_TX_3768	0	0	0	0	0	1	0	0	0	0	0	0	0	0	0	0	0	0	0	0	6	0	0	0	0	0	0	0	0	0
LT934125.1	-	50492	50028	NOV_TX_3765	0	24	0	0	0	0	0	0	0	0	0	0	0	0	0	0	46	0	0	0	0	0	0	0	0	0	0	0	0	0
LT934125.1	-	50492	50029	NOV_TX_3766	0	0	0	0	0	0	24	0	0	0	0	0	0	0	0	0	0	0	0	0	0	0	0	0	0	0	0	3	0	0
LT934125.1	-	50508	50030	NOV_TX_3771	1	0	0	0	0	0	0	0	0	1	0	0	0	2	0	0	0	0	0	0	0	0	0	4	0	0	0	0	0	0
LT934125.1	-	50550	50030	NOV_TX_3779	1	0	0	0	1	0	0	0	0	0	0	0	0	0	0	0	0	0	0	1	0	0	0	2	0	0	0	0	0	0
LT934125.1	-	50612	50030	NOV_TX_3790	2	0	0	0	0	0	0	0	0	0	0	0	0	1	0	0	0	0	0	0	0	0	0	3	0	0	0	0	0	0
LT934125.1	-	50641	50026	NOV_TX_3791	0	0	0	0	0	10	0	0	0	0	0	0	0	0	0	0	0	0	0	0	17	0	0	0	0	0	0	0	0	0
LT934125.1	-	50716	50029	NOV_TX_3801	0	0	0	0	0	0	5	0	0	0	0	0	0	0	0	0	0	0	0	0	0	0	0	0	0	0	1	4	0	0
LT934125.1	-	50820	50025	NOV_TX_3813	0	0	0	0	0	0	0	0	0	0	0	0	0	0	0	0	0	0	0	0	0	0	22	0	68	0	0	0	46	86
LT934125.1	-	50861	50025	NOV_TX_3823	0	0	0	0	0	0	0	0	0	0	0	0	0	0	0	0	0	0	0	0	0	0	0	0	24	0	0	0	11	0
LT934125.1	-	51266	50025	NOV_TX_3876	0	0	0	0	0	0	0	0	0	0	0	0	0	0	0	0	0	0	0	0	0	3	0	0	1	0	0	0	1	0
LT934125.1	-	51502	50025	NOV_TX_3886	0	0	0	0	0	0	0	0	0	0	0	0	0	0	0	0	0	0	0	0	0	2	0	0	2	0	0	0	1	0
LT934125.1	-	53553	50025	NOV_TX_3928	0	0	0	0	0	0	0	0	0	0	0	0	0	0	0	0	0	0	0	0	0	0	2	0	3	0	0	0	2	7
LT934125.1	-	54702	54341	NOV_TX_3939	0	0	0	0	0	0	0	0	0	0	0	0	0	0	0	0	1	0	0	0	0	1	0	0	3	0	0	0	1	0
LT934125.1	-	55377	55270	NOV_TX_3948	2	1487	2	2	7	36	231	0	0	0	2	8	20	5	0	0	1081	1	0	9	51	225	246	26	1441	3	28	93	454	890
LT934125.1	-	55440	55270	NOV_TX_3951	21	3480	7	15	13	78	627	853	0	1	3	0	0	44	0	0	2166	6	4	20	85	481	669	160	2951	4	0	217	0	2492
LT934125.1	-	55473	55270	NOV_TX_3952	0	0	0	0	0	0	0	0	0	0	0	0	102	0	0	0	0	0	0	0	0	0	0	0	0	0	88	0	0	0
LT934125.1	-	55531	55270	NOV_TX_3955	0	0	0	0	0	0	0	0	0	0	26	0	167	0	0	0	1027	0	0	0	0	0	0	0	0	0	28	101	0	1496
LT934125.1	-	55596	55270	NOV_TX_3958	27	0	0	1	0	0	0	0	0	0	0	0	0	30	0	0	940	2	4	1	0	0	424	131	0	0	0	0	697	0
LT934125.1	-	55621	55270	NOV_TX_3959	0	0	0	0	0	40	0	0	0	0	0	0	0	0	0	0	0	0	0	0	41	0	0	0	0	0	0	35	0	0
LT934125.1	-	55679	55270	NOV_TX_3961	5	211	0	0	1	21	0	0	0	0	22	0	0	10	0	0	503	0	0	2	23	186	294	56	1928	0	0	0	499	931
LT934125.1	-	55773	55270	NOV_TX_3966	0	0	0	5	0	0	0	0	0	0	0	0	0	0	0	0	0	0	5	0	0	209	0	0	0	0	30	37	0	0
LT934125.1	-	55807	55270	NOV_TX_3968	10	1297	2	0	0	0	159	0	0	3	0	65	142	31	0	0	694	0	0	3	0	0	0	136	1061	0	0	65	523	0
LT934125.1	-	55992	55270	NOV_TX_3979	7	285	1	5	3	0	19	97	0	0	3	7	118	13	0	0	235	0	0	2	0	27	22	81	0	1	0	36	0	114
LT934125.1	-	56047	55270	NOV_TX_3983	8	701	1	0	5	0	27	318	0	0	3	11	0	6	0	0	569	1	8	1	11	42	49	45	487	0	14	29	0	203
LT934125.1	-	56114	55270	NOV_TX_3985	16	898	1	5	5	18	86	0	0	1	9	0	0	38	0	3	226	2	2	6	29	0	78	173	395	1	23	75	0	437
LT934125.1	-	56129	55270	NOV_TX_3992	0	0	0	0	0	0	0	581	0	0	0	35	104	0	0	0	261	0	0	0	0	116	0	0	534	0	0	0	282	0
LT934125.1	-	56188	55270	NOV_TX_3999	53	12298	65	96	133	708	1593	10394	5	33	137	530	1919	143	4	16	7697	18	53	103	365	1585	1880	926	22648	6	328	686	3768	10124
LT934125.1	-	56188	55363	NOV_TX_3993	0	3	0	0	0	1	1	10	0	0	0	0	0	0	0	0	3	0	0	0	0	1	1	0	22	0	0	1	16	19
LT934125.1	-	56188	55837	NOV_TX_3996	0	235	1	0	1	0	32	29	0	0	0	5	2	0	0	1	124	1	1	1	0	11	21	0	275	0	1	19	69	208
LT934125.1	-	56188	55988	NOV_TX_3998	0	0	0	0	0	0	0	0	0	0	0	0	0	0	0	0	1	0	0	0	0	0	0	0	2	0	1	0	1	2
LT934125.1	-	56235	55270	NOV_TX_4000	0	6	0	0	0	1	1	5	0	0	0	0	4	0	0	0	7	0	0	0	0	0	2	1	8	0	0	1	7	4
LT934125.1	-	56291	55270	NOV_TX_4002	0	3	0	0	0	0	0	0	0	0	0	1	3	3	0	0	8	0	0	0	0	0	3	4	2	0	0	2	4	0
LT934125.1	-	56304	55270	NOV_TX_4003	0	0	0	0	0	0	0	0	0	0	0	0	0	0	0	0	0	0	0	0	0	0	0	0	81	0	1	0	0	0
LT934125.1	-	56409	55270	NOV_TX_4009	0	105	0	0	0	2	0	0	0	0	1	6	0	3	0	0	0	0	0	2	2	0	0	12	0	0	0	2	22	0
LT934125.1	-	56492	55270	NOV_TX_4015	0	0	0	0	1	0	0	2	0	0	0	0	2	2	0	0	5	0	0	0	0	0	1	4	0	0	0	0	0	0
LT934125.1	-	56709	55270	NOV_TX_4026	0	48	0	0	1	3	4	42	0	0	0	1	7	2	0	0	18	0	0	0	0	3	5	9	54	0	0	1	10	18
LT934125.1	-	56850	55270	NOV_TX_4033	0	30	0	0	0	0	3	3	0	0	0	0	1	0	0	0	0	0	0	0	1	1	0	4	6	0	0	0	0	5
LT934125.1	-	56946	55270	NOV_TX_4042	2	1154	1	3	15	71	105	903	0	0	10	28	128	12	0	0	481	0	1	4	43	111	134	37	1935	1	9	38	246	843
LT934125.1	-	56946	55639	NOV_TX_4040	0	0	0	0	0	0	0	1	0	0	0	0	0	0	0	0	1	0	0	0	1	1	1	0	12	0	0	0	2	3
LT934125.1	-	57030	55270	NOV_TX_4045	0	32	0	0	0	0	0	6	0	0	0	0	4	0	0	0	11	0	0	0	0	4	0	1	11	0	0	0	2	8
LT934125.1	-	57045	55270	NOV_TX_4046	0	12	0	0	0	0	0	0	0	0	0	1	0	0	0	0	2	0	0	0	0	0	0	0	0	0	0	0	0	2
LT934125.1	-	57141	55270	NOV_TX_4052	0	0	0	0	0	0	1	3	0	0	0	0	0	1	0	0	1	0	0	0	0	1	0	1	0	0	0	1	0	2
LT934125.1	-	57154	55270	NOV_TX_4053	0	0	0	0	0	0	3	0	0	0	0	0	0	0	0	0	0	0	0	0	0	0	0	0	10	0	0	0	0	0
LT934125.1	-	57310	55270	NOV_TX_4058	0	3	0	0	0	0	0	5	0	0	0	0	2	0	0	0	2	0	0	0	0	2	1	0	0	0	1	0	2	0
LT934125.1	-	57594	55270	NOV_TX_4064	0	1	0	0	0	0	2	3	0	0	0	0	0	1	0	0	3	0	0	0	1	1	1	2	0	0	0	0	2	1
LT934125.1	-	57981	55270	NOV_TX_4074	0	1	0	0	0	0	1	0	0	0	0	0	0	0	0	0	1	0	0	0	0	0	2	0	0	0	0	0	0	1
LT934125.1	-	58299	55270	NOV_TX_4081	0	6	0	0	0	0	0	0	0	0	0	0	1	0	0	0	1	0	0	0	0	0	0	2	1	0	0	0	0	0
LT934125.1	-	58570	55270	NOV_TX_4085	1	138	0	0	3	11	11	54	0	0	2	5	16	10	0	0	23	0	0	0	2	7	6	43	179	0	1	3	42	143
LT934125.1	-	58570	56318	NOV_TX_4083	0	3	0	0	0	0	0	0	0	0	0	0	0	0	0	0	0	0	0	0	0	0	0	0	2	0	0	0	1	3
LT934125.1	-	63282	63161	NOV_TX_4107	1	0	0	0	0	0	0	0	0	0	0	0	0	0	0	0	0	0	0	0	0	0	0	16	0	0	0	0	0	0
LT934125.1	-	63310	63159	NOV_TX_4116	0	0	0	0	0	0	1036	0	0	0	0	0	0	0	0	0	0	0	0	0	0	0	0	0	11706	0	0	0	2671	0
LT934125.1	-	63310	63164	NOV_TX_4113	0	0	0	0	17	0	0	189	0	0	0	0	23	0	0	0	7288	0	0	0	0	1124	0	0	0	0	0	0	0	4818
LT934125.1	-	63420	63159	NOV_TX_4129	0	0	0	0	0	0	7066	0	0	0	0	0	0	0	0	0	0	0	0	0	2339	0	0	0	187154	0	0	4263	40459	0
LT934125.1	-	63420	63161	NOV_TX_4125	41	0	0	0	0	0	0	0	1	10	0	0	0	76	0	13	0	0	115	0	0	0	0	953	0	0	0	0	0	0
LT934125.1	-	63420	63164	NOV_TX_4126	0	11686	0	0	266	2777	0	27816	0	0	168	1681	2365	0	0	0	66606	0	0	0	0	11065	10848	0	0	0	1252	0	0	68408
LT934125.1	-	63498	63159	NOV_TX_4135	0	0	0	0	0	0	3	0	0	0	0	0	0	0	0	0	0	0	0	0	1	0	0	0	48	0	0	1	6	0
LT934125.1	-	63748	63164	NOV_TX_4141	0	5	0	0	0	1	0	0	0	0	0	0	1	0	0	0	3	0	0	0	0	0	1	0	0	0	0	0	0	0
LT934125.1	-	63846	63164	NOV_TX_4146	0	1	0	0	0	0	0	1	0	0	0	0	0	0	0	0	5	0	0	0	0	0	1	0	0	0	0	0	0	0
LT934125.1	-	64127	63161	NOV_TX_4155	0	0	0	0	0	0	0	0	0	0	0	0	0	1	0	0	0	0	0	0	0	0	0	9	0	0	0	0	0	0
LT934125.1	-	64127	63164	NOV_TX_4154	0	45	0	0	1	3	0	97	0	0	0	1	12	0	0	0	191	0	0	0	0	18	24	0	0	0	1	0	0	84
LT934125.1	-	64268	64133	NOV_TX_4161	0	96	0	0	1	6	24	9	0	0	0	1	3	0	0	0	119	0	0	1	10	43	42	0	84	0	1	4	28	56
LT934125.1	-	64341	64138	NOV_TX_4167	0	0	0	0	0	0	0	0	0	0	0	0	0	3	0	0	0	0	0	0	0	0	0	4	0	0	0	0	0	0
LT934125.1	-	64368	64133	NOV_TX_4169	0	0	0	2	1	1	4	3	0	0	1	1	0	0	0	0	140	0	0	0	12	6	4	0	347	0	1	11	146	237
LT934125.1	-	64368	64138	NOV_TX_4170	0	0	0	0	0	0	0	0	0	0	0	0	0	1	0	0	0	0	0	0	0	0	0	8	0	0	0	0	0	0
LT934125.1	-	64464	64138	NOV_TX_4176	2	0	0	0	0	0	0	0	0	0	0	0	0	3	0	0	0	0	3	0	0	0	0	11	0	0	0	0	0	0
LT934125.1	-	64522	64138	NOV_TX_4179	3	0	0	0	0	0	0	0	0	0	0	0	0	8	0	0	0	0	3	0	0	0	0	30	0	0	0	0	0	0
LT934125.1	-	64624	64133	NOV_TX_4185	0	34	0	1	0	1	4	0	0	0	0	1	5	0	0	0	53	0	0	1	2	0	53	0	0	0	0	14	20	21
LT934125.1	-	64624	64138	NOV_TX_4184	3	0	0	0	0	0	0	0	0	0	0	0	0	2	0	0	0	0	0	0	0	0	0	9	0	0	0	0	0	0
LT934125.1	-	64638	64133	NOV_TX_4187	0	0	0	1	0	3	22	0	0	0	5	11	24	0	0	0	120	0	0	0	10	0	0	0	217	0	2	0	51	80
LT934125.1	-	64730	64138	NOV_TX_4193	0	0	0	0	0	0	0	0	0	0	0	0	0	2	0	0	0	0	2	0	0	0	0	6	0	0	0	0	0	0
LT934125.1	-	64785	64133	NOV_TX_4195	0	35	0	0	0	0	11	0	0	0	1	6	11	0	0	0	54	0	0	0	0	0	21	0	58	0	0	8	16	26
LT934125.1	-	64864	64133	NOV_TX_4200	0	17	0	0	0	0	1	7	0	0	0	6	10	0	0	0	4	0	0	0	0	3	1	0	10	0	0	0	2	2
LT934125.1	-	64966	64133	NOV_TX_4210	0	0	0	0	0	0	0	0	0	0	5	0	0	0	0	0	0	0	0	0	0	0	0	0	0	0	0	0	36	0
LT934125.1	-	65078	64133	NOV_TX_4214	0	7	0	0	1	1	0	32	0	0	1	1	1	0	0	0	13	0	0	0	2	7	5	0	16	0	0	0	6	6
LT934125.1	-	65624	64133	NOV_TX_4239	0	12	0	0	0	4	12	3	0	0	0	0	0	0	0	0	15	0	0	0	0	0	4	0	26	0	0	1	5	10
LT934125.1	-	65752	63159	NOV_TX_4248	0	0	0	0	0	0	1	0	0	0	0	0	0	0	0	0	0	0	0	0	0	0	0	0	27	0	0	0	3	0
LT934125.1	-	65752	64133	NOV_TX_4249	0	518	6	4	13	53	126	373	0	0	14	36	76	0	0	0	457	2	0	7	50	134	153	0	748	0	16	55	277	423
LT934125.1	-	65842	64133	NOV_TX_4251	0	1	0	0	0	0	3	0	0	0	0	0	0	0	0	0	0	0	0	0	0	0	0	0	0	0	0	0	1	1
LT934125.1	-	65880	64133	NOV_TX_4252	0	8	0	0	0	1	2	1	0	0	0	0	0	0	0	0	4	0	0	0	0	2	0	0	12	0	0	0	1	2
LT934125.1	-	70448	70190	NOV_TX_4265	0	2	0	0	0	0	0	0	0	0	0	0	0	0	0	0	5	0	0	0	0	0	0	0	2	0	0	0	6	1
LT934125.1	-	71648	71549	NOV_TX_4268	0	26	0	0	0	0	11	2	0	0	0	1	1	0	0	0	24	0	0	0	0	8	7	0	18	0	0	0	3	16
LT934125.1	-	71678	71549	NOV_TX_4269	0	13	0	0	0	2	2	0	0	0	0	0	0	1	0	0	14	0	0	0	1	4	9	0	7	0	0	0	4	17
LT934125.1	-	71775	71549	NOV_TX_4272	0	32	0	0	0	2	12	23	0	0	1	1	0	0	0	0	59	0	0	1	0	0	12	1	34	0	1	2	28	46
LT934125.1	-	71811	71549	NOV_TX_4274	0	28	0	0	0	0	3	0	0	0	0	0	0	0	0	0	5	0	0	0	0	0	1	0	3	0	0	0	3	4
LT934125.1	-	71826	71549	NOV_TX_4275	0	0	0	0	0	0	0	2	0	0	0	1	1	0	0	0	5	0	0	0	0	2	3	0	4	0	0	2	1	6
LT934125.1	-	71960	71549	NOV_TX_4278	0	9	0	0	0	0	0	0	0	0	0	2	0	1	0	0	13	0	0	0	0	0	3	0	12	0	0	16	6	9
LT934125.1	-	71979	71549	NOV_TX_4279	0	0	0	0	0	0	11	0	0	0	0	0	7	0	0	0	0	0	0	0	0	0	0	0	0	0	0	0	0	0
LT934125.1	-	72006	71549	NOV_TX_4280	0	13	0	0	0	0	0	0	0	0	0	0	0	0	0	0	2	0	0	0	0	0	0	0	2	0	0	0	1	1
LT934125.1	-	72073	71549	NOV_TX_4284	0	8	0	0	0	0	5	24	0	0	0	0	0	0	0	0	7	0	0	0	0	0	0	0	0	0	0	0	0	1
LT934125.1	-	72298	71549	NOV_TX_4290	0	0	0	0	0	2	0	0	0	0	0	0	0	0	0	0	0	0	0	0	0	0	0	0	0	0	0	0	7	13
LT934125.1	-	72979	71549	NOV_TX_4311	0	0	0	0	0	0	0	1	0	0	0	0	0	0	0	0	1	0	0	0	0	1	0	2	0	0	0	0	0	0
LT934125.1	-	73108	71549	NOV_TX_4315	0	16	0	0	1	1	5	17	0	0	0	0	7	0	0	0	6	0	0	0	2	2	7	1	11	0	0	0	5	19
LT934125.1	-	73230	71549	NOV_TX_4318	0	2	0	0	0	0	0	0	0	0	0	0	1	0	0	0	0	0	0	0	0	0	1	1	0	0	0	0	0	0
LT934125.1	-	74345	71549	NOV_TX_4326	0	12	0	0	1	2	5	8	0	0	1	0	8	0	0	0	13	0	0	0	0	2	1	0	21	0	0	2	20	56
LT934125.1	-	75603	71549	NOV_TX_4328	0	3	0	0	0	0	0	1	0	0	0	0	2	0	0	0	0	0	0	0	0	0	1	0	4	0	0	0	1	12
LT934125.1	-	76021	75652	NOV_TX_4331	0	2	0	0	0	0	0	0	0	0	0	0	3	0	0	0	0	0	0	0	0	0	0	0	0	0	0	0	0	0
LT934125.1	-	76859	71549	NOV_TX_4340	0	1	0	0	0	0	0	1	0	0	0	0	0	0	0	0	1	0	0	0	0	0	1	0	0	0	0	0	0	3
LT934125.1	-	76859	75637	NOV_TX_4342	0	0	0	0	0	0	5	0	0	0	0	0	0	0	0	0	0	0	0	0	1	3	4	0	0	0	0	0	2	0
LT934125.1	-	76859	75652	NOV_TX_4341	0	10	0	0	0	0	0	11	0	0	0	2	5	0	0	0	5	0	0	0	0	0	0	0	0	0	0	0	0	8
LT934125.1	-	80491	80352	NOV_TX_4347	7	3580	2	1	0	72	652	0	0	2	3	63	0	12	0	0	0	1	1	3	52	367	546	57	8229	1	38	0	1197	3290
LT934125.1	-	80514	80352	NOV_TX_4348	0	0	0	0	5	0	0	753	0	0	0	0	0	0	0	0	3596	0	0	0	0	0	0	0	0	0	0	0	0	0
LT934125.1	-	80586	80352	NOV_TX_4350	0	0	0	0	0	0	0	0	0	0	0	0	0	0	0	0	0	0	0	0	14	0	0	0	0	0	17	0	0	0
LT934125.1	-	80818	80352	NOV_TX_4357	0	0	0	0	0	0	0	0	0	0	0	32	0	0	0	0	0	0	0	0	0	0	0	0	1878	0	0	0	0	0
LT934125.1	-	80835	80352	NOV_TX_4358	10	621	2	0	2	29	0	0	0	0	0	0	60	25	1	3	0	1	0	1	21	0	0	117	0	0	12	0	281	643
LT934125.1	-	81051	80352	NOV_TX_4365	5	0	0	4	0	0	0	0	0	0	4	12	0	18	0	0	0	0	0	2	0	0	0	97	0	0	14	0	0	0
LT934125.1	-	81088	80352	NOV_TX_4366	4	193	0	0	0	0	138	0	0	0	1	5	0	17	0	0	195	0	0	0	0	91	0	68	0	0	0	0	0	0
LT934125.1	-	81475	80352	NOV_TX_4378	0	0	0	0	0	0	0	38	0	0	0	0	0	0	0	0	0	0	0	0	0	0	14	0	0	0	1	0	0	0
LT934125.1	-	81611	80352	NOV_TX_4382	1	24	0	0	0	0	0	0	0	0	0	0	5	4	0	0	0	0	0	0	0	2	1	28	183	0	1	2	5	106
LT934125.1	-	81652	80352	NOV_TX_4383	0	43	1	0	0	4	11	20	0	0	0	0	1	3	0	0	19	0	0	0	0	4	3	14	78	0	1	1	6	14
LT934125.1	-	81743	80352	NOV_TX_4386	8	1168	0	1	3	27	164	237	0	0	1	3	36	12	0	0	506	0	2	1	20	83	69	136	2102	0	7	84	274	468
LT934125.1	-	81897	80352	NOV_TX_4390	4	78	1	3	1	19	18	75	0	0	8	0	0	4	0	1	34	0	0	4	3	25	15	23	57	0	0	8	44	96
LT934125.1	-	82026	80352	NOV_TX_4391	1	16	0	0	0	1	0	12	0	0	0	1	1	0	0	0	7	0	0	1	1	3	2	1	32	0	0	0	2	7
LT934125.1	-	82326	80352	NOV_TX_4399	0	0	0	1	0	2	1	1	0	0	0	0	0	0	0	0	1	0	0	0	0	2	0	0	0	0	0	0	0	0
LT934125.1	-	83205	80352	NOV_TX_4407	0	1	0	0	0	0	0	0	0	0	0	0	0	0	0	0	1	0	0	0	0	0	0	0	3	0	0	0	0	1
LT934125.1	-	83954	80352	NOV_TX_4412	0	3	0	0	0	1	0	0	0	0	0	0	0	0	0	0	2	0	0	0	0	0	0	0	1	0	0	0	0	0
LT934125.1	-	86315	86133	NOV_TX_4417	0	34	0	0	0	0	15	42	0	0	0	1	0	0	0	0	29	0	0	0	2	9	11	0	19	0	0	4	14	25
LT934125.1	-	86356	86130	NOV_TX_4419	1	0	0	0	0	0	0	0	0	0	0	0	0	0	0	0	0	0	0	1	0	0	0	3	0	0	0	0	0	0
LT934125.1	-	86520	86130	NOV_TX_4430	2	0	0	0	0	0	0	0	0	0	0	0	0	3	0	0	0	0	0	0	0	0	0	6	0	0	0	0	0	0
LT934125.1	-	86520	86133	NOV_TX_4431	0	50	0	0	0	2	0	137	0	0	1	0	14	0	0	0	271	0	0	0	2	0	0	0	0	0	2	0	0	0
LT934125.1	-	86582	86130	NOV_TX_4433	0	0	0	0	0	0	0	0	0	0	0	0	0	1	0	0	0	0	0	0	0	0	0	6	0	0	0	0	0	0
LT934125.1	-	86745	86133	NOV_TX_4443	0	0	0	0	0	2	0	0	0	0	0	0	10	0	0	0	0	0	0	0	2	0	0	0	2	0	0	0	0	0
LT934125.1	-	86986	86133	NOV_TX_4452	0	14	0	0	0	2	6	11	0	0	0	0	5	0	0	0	4	0	0	0	1	4	2	0	12	0	0	0	4	9
LT934125.1	-	87031	86133	NOV_TX_4454	0	0	0	0	0	0	1	0	0	0	0	0	0	0	0	0	1	0	0	0	0	4	0	0	1	0	0	1	0	0
LT934125.1	-	87212	86133	NOV_TX_4464	0	38	0	0	0	1	5	16	0	0	0	5	4	0	0	0	10	0	0	0	0	9	5	0	3	0	0	1	9	18
LT934125.1	-	87250	86133	NOV_TX_4468	0	31	0	0	0	1	6	15	0	0	0	3	2	0	0	0	10	0	0	0	0	6	2	0	7	0	0	2	2	5
LT934125.1	-	87383	86133	NOV_TX_4475	0	3	0	0	0	2	0	2	0	0	0	0	1	0	0	0	2	0	0	0	1	1	0	0	1	0	0	0	0	0
LT934125.1	-	87447	86133	NOV_TX_4478	0	74	0	0	0	8	16	39	0	0	0	6	10	0	0	0	22	0	0	0	7	19	11	0	12	0	0	9	17	25
LT934125.1	-	87525	86133	NOV_TX_4481	0	0	0	0	0	0	0	4	0	0	0	0	2	0	0	0	0	0	0	0	0	1	1	0	0	0	0	0	2	2
LT934125.1	-	87556	86133	NOV_TX_4482	0	0	0	0	0	0	3	1	0	0	0	0	0	0	0	0	0	0	0	0	0	0	1	0	0	0	0	0	0	1
LT934125.1	-	89628	86133	NOV_TX_4526	0	3	0	0	0	0	0	0	0	0	0	0	1	0	0	0	1	0	0	0	0	0	0	0	0	0	0	0	0	0
LT934125.1	-	92154	92069	NOV_TX_4535	0	0	0	0	0	0	236	0	0	0	0	0	0	0	0	0	0	0	0	0	0	199	0	0	0	0	0	0	0	0
LT934125.1	-	92196	92069	NOV_TX_4537	4	0	1	0	0	30	0	0	0	0	1	5	12	9	0	0	0	2	0	4	25	0	0	36	1320	0	7	44	0	762
LT934125.1	-	92221	92069	NOV_TX_4538	2	1272	0	1	0	0	0	132	0	0	1	14	9	13	0	1	1163	0	1	0	21	0	269	44	0	0	7	28	313	0
LT934125.1	-	92272	92069	NOV_TX_4540	5	320	0	0	4	6	82	57	0	0	1	7	19	14	0	0	377	1	0	3	0	62	88	65	363	0	5	15	77	184
LT934125.1	-	92343	92069	NOV_TX_4542	0	0	0	0	0	0	0	0	0	0	0	0	0	0	0	0	0	0	0	0	25	0	0	0	1401	0	0	0	299	0
LT934125.1	-	92368	92069	NOV_TX_4543	6	572	2	0	5	19	115	305	1	1	13	67	60	27	0	1	1163	1	5	1	0	149	259	110	0	1	16	48	0	642
LT934125.1	-	92444	92069	NOV_TX_4545	0	0	0	0	0	0	0	1019	0	0	0	0	0	0	0	0	0	0	0	0	0	224	296	0	0	0	21	0	0	0
LT934125.1	-	92478	92069	NOV_TX_4546	11	119	0	0	1	6	0	0	0	1	3	24	0	28	0	0	284	1	0	1	0	0	0	127	0	1	0	0	0	0
LT934125.1	-	92564	92069	NOV_TX_4548	1	308	1	1	1	6	166	0	0	0	4	21	0	15	0	0	0	0	0	0	0	15	0	26	1298	0	1	0	0	899
LT934125.1	-	92594	92069	NOV_TX_4549	0	0	0	0	0	0	0	0	0	0	0	102	0	0	0	0	0	0	0	0	0	0	247	0	0	0	0	0	0	0
LT934125.1	-	92828	92069	NOV_TX_4557	8	0	0	0	3	11	53	0	0	0	0	0	0	19	0	1	326	1	0	2	0	75	47	69	0	0	7	0	129	248
LT934125.1	-	92846	92069	NOV_TX_4559	0	0	0	0	0	0	0	0	0	0	0	13	0	0	0	0	0	0	0	0	21	0	0	0	663	0	0	20	0	0
LT934125.1	-	92933	86133	NOV_TX_4562	0	1	0	0	0	0	0	4	0	0	0	0	1	0	0	0	0	0	0	0	0	0	1	0	1	0	0	0	0	0
LT934125.1	-	92933	92069	NOV_TX_4561	40	5341	4	5	39	270	730	3477	0	2	64	347	648	57	0	1	5243	0	3	1	129	763	812	355	11717	1	60	181	1337	4091
LT934125.1	-	93079	92069	NOV_TX_4565	0	0	0	0	0	0	83	0	0	0	0	0	0	0	0	0	0	0	0	0	0	82	0	0	0	0	0	0	0	0
LT934125.1	-	93126	92069	NOV_TX_4568	0	0	0	0	0	6	0	0	0	0	0	0	0	2	0	0	62	0	0	0	0	0	0	4	68	0	2	0	0	39
LT934125.1	-	93229	92069	NOV_TX_4572	7	72	0	1	0	9	39	68	0	1	1	10	10	30	0	0	0	1	0	1	10	6	0	92	31	0	0	8	60	113
LT934125.1	-	93265	92069	NOV_TX_4573	15	0	0	0	0	0	0	0	0	0	0	0	12	49	0	0	0	0	2	1	0	33	26	159	127	0	1	3	0	0
LT934125.1	-	93394	92069	NOV_TX_4578	2	9	0	0	0	2	15	7	0	0	1	2	0	14	0	0	11	0	0	0	0	0	0	20	7	0	0	0	7	0
LT934125.1	-	93459	92069	NOV_TX_4582	2	139	0	0	1	8	7	39	0	0	5	4	17	4	0	0	17	0	2	2	6	15	14	31	36	0	2	8	40	71
LT934125.1	-	93459	93245	NOV_TX_4583	0	15	0	0	0	0	0	0	0	0	0	0	0	0	0	0	9	0	0	0	0	0	0	0	19	0	0	4	8	4
LT934125.1	-	93580	93245	NOV_TX_4592	0	2	0	0	0	0	0	0	0	0	0	0	0	0	0	0	1	0	0	0	0	0	1	0	1	0	0	0	0	0
LT934125.1	-	93654	93245	NOV_TX_4595	0	22	0	0	0	0	6	0	0	0	0	0	0	0	0	0	31	0	0	0	0	0	5	0	81	0	0	14	46	47
LT934125.1	-	93732	92069	NOV_TX_4602	0	9	0	0	0	0	0	1	0	0	0	0	1	0	0	0	5	0	0	0	0	1	2	0	4	0	0	0	0	3
LT934125.1	-	93957	92069	NOV_TX_4612	0	0	0	0	0	0	0	1	0	0	0	0	0	0	0	0	1	0	0	1	0	0	1	0	2	0	0	0	0	1
LT934125.1	-	93980	92069	NOV_TX_4613	0	8	0	0	0	0	0	1	0	0	0	0	2	1	0	0	0	0	0	0	0	0	1	0	1	0	0	0	3	1
LT934125.1	-	94108	92069	NOV_TX_4616	0	9	0	0	0	1	3	2	0	0	0	0	0	0	0	0	9	0	0	0	0	0	0	0	3	0	0	0	0	1
LT934125.1	-	94197	92069	NOV_TX_4619	0	8	0	0	0	1	0	5	0	0	0	0	1	0	0	0	7	0	0	0	0	0	3	0	3	0	0	2	0	1
LT934125.1	-	94338	92069	NOV_TX_4623	0	1	0	0	0	0	0	3	0	0	0	0	1	0	0	0	2	0	0	0	0	5	1	0	0	0	0	1	0	0
LT934125.1	-	94947	92069	NOV_TX_4643	0	221	0	5	1	19	62	248	0	1	7	7	110	0	0	1	131	2	0	1	27	106	47	1	370	0	5	49	199	513
LT934125.1	-	94947	93245	NOV_TX_4644	0	6	0	0	0	0	0	0	0	0	0	0	0	0	0	0	6	0	0	0	0	0	1	0	30	0	0	2	14	29
LT934125.1	-	95976	95889	NOV_TX_4652	0	9	0	0	0	1	3	0	0	0	0	0	0	0	0	0	1	0	0	0	2	2	1	0	0	0	5	3	2	3
LT934125.1	-	96042	95889	NOV_TX_4655	0	81	3	2	0	2	48	10	1	2	0	6	5	0	1	0	58	0	0	3	7	23	57	0	14	3	31	48	82	73
LT934125.1	-	96073	95889	NOV_TX_4657	0	0	0	0	0	7	0	0	0	0	0	0	47	0	0	0	0	0	0	0	25	0	0	0	0	0	0	0	0	0
LT934125.1	-	96090	95889	NOV_TX_4658	0	167	8	7	3	0	91	49	6	5	4	14	0	0	0	4	158	8	3	9	0	88	92	0	37	2	40	107	189	230
LT934125.1	-	96118	95889	NOV_TX_4660	0	0	0	0	8	0	0	0	0	0	0	63	0	0	0	0	0	0	0	0	0	0	0	0	0	0	93	0	0	0
LT934125.1	-	96145	95892	NOV_TX_4662	3	0	0	0	0	0	0	0	0	0	0	0	0	0	0	0	0	0	0	0	0	0	0	6	0	0	0	0	0	0
LT934125.1	-	96195	95889	NOV_TX_4665	0	0	0	0	0	0	126	0	0	0	0	0	0	0	0	0	0	0	9	0	0	0	0	0	0	0	0	0	373	0
LT934125.1	-	96240	95889	NOV_TX_4666	0	69	2	1	2	4	39	65	0	5	12	15	38	0	0	2	70	0	6	5	5	21	29	0	14	0	22	34	65	93
LT934125.1	-	96302	95889	NOV_TX_4668	0	217	2	4	8	15	114	301	4	18	28	67	138	0	0	2	178	12	11	13	17	95	92	0	52	9	62	196	279	275
LT934125.1	-	96351	95889	NOV_TX_4670	0	6	0	0	0	2	3	8	0	1	1	0	1	0	0	0	5	0	0	0	0	3	1	0	0	0	2	4	8	5
LT934125.1	-	96388	95889	NOV_TX_4673	0	0	0	0	4	0	0	0	0	0	0	0	0	0	0	3	0	0	0	16	0	0	71	0	0	0	54	0	277	253
LT934125.1	-	96423	95889	NOV_TX_4674	0	0	0	1	0	1	0	0	0	0	27	37	0	0	0	0	4	0	0	0	0	0	0	0	2	0	0	0	0	0
LT934125.1	-	96453	95889	NOV_TX_4676	0	0	0	1	0	4	0	0	1	5	0	0	0	0	0	0	79	3	0	0	0	0	0	0	17	2	0	0	0	0
LT934125.1	-	96470	95889	NOV_TX_4678	0	0	0	0	0	0	99	0	0	0	0	0	98	0	0	0	0	0	0	0	0	0	0	0	0	0	0	0	0	0
LT934125.1	-	96544	95892	NOV_TX_4683	0	0	0	0	0	0	0	0	0	0	0	0	0	2	0	0	0	0	0	0	0	0	0	7	0	0	0	0	0	0
LT934125.1	-	96598	95889	NOV_TX_4685	0	168	1	4	0	16	36	153	1	5	3	19	43	0	0	1	62	1	1	1	8	27	28	0	60	0	6	20	71	85
LT934125.1	-	96670	95892	NOV_TX_4690	0	0	0	0	0	0	0	0	0	0	0	0	0	1	0	0	0	0	0	0	0	0	0	5	0	0	0	0	0	0
LT934125.1	-	96732	95889	NOV_TX_4693	0	207	12	5	2	6	110	320	6	9	27	50	154	0	0	4	198	6	7	14	24	69	140	0	39	5	92	121	0	305
LT934125.1	-	96783	95889	NOV_TX_4696	0	17	0	1	0	1	9	26	0	0	0	8	9	0	0	2	10	0	0	4	0	3	4	0	3	1	7	9	24	0
LT934125.1	-	96840	95892	NOV_TX_4699	0	0	0	0	0	0	0	0	0	0	0	0	0	1	0	0	0	0	0	0	0	0	0	5	0	0	0	0	0	0
LT934125.1	-	96978	95889	NOV_TX_4703	0	0	0	0	0	0	0	0	0	1	1	0	0	0	0	0	1	0	0	0	0	0	0	0	0	0	0	0	2	0
LT934125.1	-	97022	95889	NOV_TX_4705	0	69	2	2	0	0	79	0	0	1	3	0	0	0	0	0	23	1	0	0	5	0	0	0	3	2	0	13	26	0
LT934125.1	-	97126	95889	NOV_TX_4709	0	10	0	0	0	0	0	0	0	0	0	0	0	0	0	0	2	0	0	0	0	0	0	0	3	1	0	0	2	142
LT934125.1	-	97175	95889	NOV_TX_4710	0	31	0	0	0	4	13	28	0	0	0	4	0	0	0	0	9	1	0	0	0	1	7	0	3	1	0	5	12	18
LT934125.1	-	97216	95889	NOV_TX_4713	0	0	0	0	0	0	0	0	0	0	0	0	0	0	0	0	3	0	0	0	0	2	0	0	1	0	0	0	0	0
LT934125.1	-	98415	95889	NOV_TX_4728	0	1	0	0	0	0	0	0	0	0	0	0	0	0	0	0	0	0	0	0	0	1	1	0	1	0	0	0	3	1
LT934125.1	-	102485	102361	NOV_TX_4732	0	0	0	0	0	0	0	0	0	0	0	0	0	0	0	0	0	0	0	0	0	0	215	0	0	97	0	122	0	906
LT934125.1	-	102514	102361	NOV_TX_4733	0	0	3	1	5	10	144	66	1	0	3	17	22	5	0	0	0	0	4	5	36	171	0	4	272	0	79	0	368	0
LT934125.1	-	102546	102361	NOV_TX_4734	0	741	0	0	0	0	0	0	0	0	0	0	0	0	0	0	808	12	0	0	0	0	0	0	0	0	0	0	0	0
LT934125.1	-	102611	102361	NOV_TX_4736	0	0	0	0	0	0	42	0	0	0	0	0	0	0	0	0	0	0	0	0	0	0	0	0	0	0	21	33	0	0
LT934125.1	-	102642	102361	NOV_TX_4737	0	247	2	1	1	5	0	0	4	1	3	22	21	9	0	0	88	2	2	0	17	89	71	12	111	23	0	18	0	308
LT934125.1	-	102750	102361	NOV_TX_4739	0	48	0	0	0	1	1	6	1	0	1	2	6	4	0	0	19	0	0	0	1	5	3	9	25	7	5	0	22	28
LT934125.1	-	102773	102361	NOV_TX_4740	0	0	0	0	0	0	6	54	0	0	0	0	0	0	0	0	0	0	0	0	0	22	0	0	0	31	0	0	0	0
LT934125.1	-	102798	102361	NOV_TX_4741	1	73	0	0	0	3	0	0	1	0	0	3	17	1	0	0	53	0	0	0	3	0	36	9	37	0	18	6	35	89
LT934125.1	-	102942	102361	NOV_TX_4744	0	0	0	0	0	0	0	0	0	0	7	0	0	0	0	0	0	0	0	0	0	64	0	0	0	0	0	0	0	0
LT934125.1	-	102952	102361	NOV_TX_4745	0	221	2	0	1	3	0	0	0	0	0	0	0	0	0	0	188	2	2	1	0	0	0	1	87	0	24	0	0	0
LT934125.1	-	103052	102361	NOV_TX_4749	0	14	0	1	0	0	9	8	0	0	0	4	5	1	0	0	16	0	0	2	4	8	2	1	8	2	1	3	13	13
LT934125.1	-	103390	102361	NOV_TX_4759	0	6	0	0	0	2	0	0	0	0	0	0	4	0	0	0	11	0	0	0	2	0	0	1	4	2	0	0	20	18
LT934125.1	-	103419	102361	NOV_TX_4761	0	0	0	0	0	0	8	0	0	0	0	3	0	0	0	0	0	0	0	0	0	0	0	0	0	0	0	2	0	0
LT934125.1	-	103610	102361	NOV_TX_4765	0	22	0	0	0	0	5	20	1	0	0	1	8	0	0	0	26	0	0	0	1	2	3	1	6	2	1	6	15	23
LT934125.1	-	103644	102361	NOV_TX_4766	0	4	0	0	0	0	0	0	0	0	0	0	3	0	0	0	1	0	0	0	0	0	0	0	0	0	0	0	0	0
LT934125.1	-	103736	102361	NOV_TX_4769	0	11	0	0	0	0	1	16	0	0	1	2	7	0	0	0	6	0	0	0	1	3	1	2	4	1	0	3	10	12
LT934125.1	-	103830	102361	NOV_TX_4771	0	2	0	0	0	0	1	0	0	0	0	0	0	0	0	0	0	0	0	0	0	0	3	0	0	0	0	0	1	1
LT934125.1	-	103954	102361	NOV_TX_4776	0	0	0	0	0	0	0	7	0	0	0	0	0	0	0	0	1	0	0	0	0	0	0	0	0	0	0	1	1	0
LT934125.1	-	104083	102361	NOV_TX_4780	0	0	0	0	0	0	1	1	0	0	0	0	0	0	0	0	0	0	0	0	0	0	0	0	1	0	1	0	2	1
LT934125.1	-	104809	102361	NOV_TX_4792	1	1	0	0	0	0	0	0	0	0	0	0	0	0	0	0	0	0	0	0	0	0	0	0	2	0	0	0	0	2
LT934125.1	-	106532	102361	NOV_TX_4810	0	3	0	0	0	0	0	1	0	0	0	0	1	0	0	0	0	0	0	0	0	0	0	0	0	0	0	0	1	0
LT934125.1	-	106607	102361	NOV_TX_4813	0	3	0	0	0	0	2	0	0	0	0	0	0	0	0	0	3	0	0	0	2	0	0	0	2	0	0	2	2	7
LT934125.1	-	116782	116601	NOV_TX_4841	0	7	0	0	0	0	2	0	0	0	0	0	0	0	0	0	7	0	0	0	0	1	1	0	7	0	1	0	11	5
LT934125.1	-	116822	116601	NOV_TX_4845	0	0	0	0	0	1	3	1	0	0	0	0	0	0	0	0	0	0	0	0	0	3	1	0	3	0	0	0	2	8
LT934125.1	-	118401	117253	NOV_TX_4861	0	7	0	0	0	3	4	17	0	0	2	2	6	0	0	0	5	0	1	0	2	2	4	0	1	0	0	0	0	1
LT934125.1	-	118739	117253	NOV_TX_4867	0	6	0	0	0	0	0	15	0	1	0	1	0	0	0	0	0	0	0	0	0	0	0	0	0	0	0	0	0	0
LT934125.1	-	124802	124595	NOV_TX_4875	0	0	0	0	0	0	0	0	0	0	0	0	0	0	0	0	0	0	0	0	0	0	0	0	0	0	0	0	21	19
LT934125.1	-	126108	125141	NOV_TX_4880	0	3	0	0	0	0	0	0	0	0	0	0	1	0	0	0	1	0	0	0	0	0	0	0	0	0	0	0	0	2
LT934125.1	-	126157	125141	NOV_TX_4884	0	4	0	0	0	0	1	0	0	0	0	0	0	0	0	0	0	0	0	0	0	0	0	0	0	0	0	0	0	1
LT934125.1	-	126927	126753	NOV_TX_4887	2	1321	2	0	29	0	723	1244	0	10	0	258	0	2	0	0	1420	7	1	0	61	717	0	22	1668	0	0	376	0	3115
LT934125.1	-	127002	126753	NOV_TX_4889	2	2517	7	0	11	0	996	0	1	3	0	0	0	3	0	1	1479	2	0	0	134	0	0	32	1859	0	0	374	3188	4147
LT934125.1	-	127068	126753	NOV_TX_4894	0	0	0	0	0	0	0	0	0	1	0	0	0	2	0	0	0	0	0	0	51	0	0	5	0	0	0	0	0	0
LT934125.1	-	127117	126753	NOV_TX_4899	0	0	0	5	0	0	0	2140	0	0	0	773	1032	0	0	0	1602	0	26	0	0	0	734	0	0	0	67	483	0	0
LT934125.1	-	127117	126985	NOV_TX_4898	0	0	0	0	0	0	0	0	0	0	0	0	0	0	0	0	4	0	0	0	0	0	6	0	0	0	0	7	0	0
LT934125.1	-	127131	126753	NOV_TX_4905	0	1397	0	5	9	0	0	283	3	7	0	0	0	8	0	0	314	1	0	38	101	0	0	23	1236	0	12	0	0	0
LT934125.1	-	127131	127048	NOV_TX_4906	0	4	0	0	0	0	0	0	0	0	0	0	0	0	0	0	0	0	0	0	0	0	0	0	3	0	0	0	0	0
LT934125.1	-	127165	126753	NOV_TX_4909	2	331	3	0	0	32	208	178	0	3	0	143	161	3	0	1	0	1	0	0	22	208	0	16	0	0	7	0	644	0
LT934125.1	-	127190	126753	NOV_TX_4922	0	266	0	0	4	0	0	164	0	1	0	0	0	0	0	0	295	2	10	0	0	0	178	6	172	0	4	38	0	0
LT934125.1	-	127190	126985	NOV_TX_4925	0	0	0	0	0	0	0	0	0	0	0	0	0	0	0	0	14	0	0	0	0	0	15	0	0	0	0	0	0	0
LT934125.1	-	127243	127048	NOV_TX_4928	0	48	0	0	0	0	15	0	0	0	0	0	0	0	0	0	32	0	0	0	4	0	0	0	93	0	3	15	0	0
LT934125.1	-	127286	126753	NOV_TX_4943	0	593	3	5	7	0	0	285	0	1	0	0	169	0	0	0	143	0	0	0	25	0	0	0	206	0	0	88	0	1054
LT934125.1	-	127286	126985	NOV_TX_4951	0	0	0	0	0	0	0	0	0	0	0	0	0	0	0	0	26	0	0	0	0	0	0	0	0	0	0	5	0	290
LT934125.1	-	127286	127048	NOV_TX_4945	0	113	0	0	0	0	0	0	0	0	0	0	0	0	0	0	55	0	0	0	2	0	0	0	139	0	0	36	0	0
LT934125.1	-	127318	126753	NOV_TX_4956	0	0	0	0	0	0	0	0	0	0	17	0	0	0	0	0	0	3	6	0	0	0	0	0	0	0	0	0	0	0
LT934125.1	-	127341	126985	NOV_TX_4961	0	0	0	0	0	0	0	0	0	0	0	0	0	0	0	0	13	0	0	0	0	0	0	0	0	0	0	0	63	0
LT934125.1	-	127363	126753	NOV_TX_4973	0	0	0	0	0	0	0	106	0	0	0	0	0	1	0	0	0	0	0	0	0	0	0	0	101	0	0	0	0	0
LT934125.1	-	127401	127276	NOV_TX_4981	0	8	0	0	0	0	0	0	0	0	0	0	0	0	0	0	4	0	0	0	0	0	0	0	5	0	0	0	0	0
LT934125.1	-	127440	126753	NOV_TX_4988	0	176	0	0	0	0	0	789	0	0	35	0	0	0	0	2	161	3	0	10	39	0	174	0	0	0	0	67	578	848
LT934125.1	-	127440	127048	NOV_TX_4987	0	10	0	0	0	0	0	0	0	0	0	0	0	0	0	0	12	0	0	0	5	0	0	0	0	0	0	4	0	0
LT934125.1	-	127440	127276	NOV_TX_4990	0	7	0	0	0	0	0	3	0	0	0	0	0	0	0	0	4	0	0	0	0	0	0	0	0	0	0	2	13	8
LT934125.1	-	127474	126753	NOV_TX_5001	0	0	0	0	1	0	0	0	0	1	0	0	234	0	0	0	0	0	0	0	0	0	0	0	0	0	0	0	0	0
LT934125.1	-	127491	127048	NOV_TX_5003	0	3	0	0	0	0	0	0	0	0	0	0	0	0	0	0	12	0	0	0	0	0	0	0	6	0	0	1	0	0
LT934125.1	-	127596	126753	NOV_TX_5030	0	201	0	0	6	0	0	0	0	0	0	0	0	0	0	0	194	0	0	0	0	0	0	0	283	0	0	0	0	0
LT934125.1	-	127596	127048	NOV_TX_5028	0	9	0	0	0	0	0	0	0	0	0	0	0	0	0	0	16	0	0	0	0	0	0	0	39	0	0	0	0	0
LT934125.1	-	127670	126753	NOV_TX_5042	0	234	1	1	0	20	88	206	0	1	10	37	78	0	0	0	144	0	5	3	15	96	0	0	194	0	11	33	216	280
LT934125.1	-	127670	127048	NOV_TX_5039	0	5	0	0	0	0	2	0	0	0	0	0	0	0	0	0	22	0	0	0	0	0	0	0	21	0	0	7	0	0
LT934125.1	-	127670	127276	NOV_TX_5040	0	7	0	0	0	0	5	1	0	0	0	0	1	0	0	0	8	0	0	0	0	0	0	0	11	0	0	3	5	5
LT934125.1	-	127750	126753	NOV_TX_5060	0	111	1	0	1	0	0	0	0	0	2	25	43	0	0	0	63	0	0	6	0	47	0	0	69	0	1	13	100	126
LT934125.1	-	127750	127048	NOV_TX_5057	0	7	0	0	0	0	0	0	0	0	0	0	0	0	0	0	17	0	0	0	0	0	0	0	5	0	0	1	0	0
LT934125.1	-	127750	127084	NOV_TX_5063	0	0	0	0	0	0	0	0	0	0	0	0	0	0	0	0	0	0	0	0	0	6	0	0	0	0	0	0	21	0
LT934125.1	-	127774	126753	NOV_TX_5068	0	0	0	0	0	13	0	0	0	0	2	0	0	0	0	0	0	1	3	0	0	0	0	0	0	0	2	0	0	0
LT934125.1	-	127800	127048	NOV_TX_5069	0	0	0	0	0	0	3	0	0	0	0	0	0	0	0	0	0	0	0	0	2	0	0	0	0	0	0	0	0	0
LT934125.1	-	127800	127276	NOV_TX_5070	0	0	0	0	0	0	1	0	0	0	0	0	0	0	0	0	0	0	0	0	0	0	4	0	0	0	0	0	0	0
LT934125.1	-	127825	126753	NOV_TX_5076	0	54	0	0	1	0	0	93	0	1	0	0	0	0	0	0	23	0	0	0	0	0	0	0	9	0	3	4	0	0
LT934125.1	-	127874	126985	NOV_TX_5083	0	0	0	0	0	0	0	0	0	0	0	0	0	0	0	0	3	0	0	0	0	0	3	0	0	0	0	1	0	0
LT934125.1	-	127874	127048	NOV_TX_5079	0	12	0	0	0	0	0	0	0	0	0	0	0	0	0	0	5	0	0	0	0	0	0	0	3	0	0	1	0	0
LT934125.1	-	127874	127152	NOV_TX_5082	0	0	0	0	0	0	0	0	0	0	0	0	0	0	0	0	0	0	0	0	0	0	1	0	2	0	0	2	0	0
LT934125.1	-	127874	127276	NOV_TX_5080	0	6	0	0	0	0	0	0	0	0	0	0	0	0	0	0	2	0	0	0	0	0	0	0	6	0	0	0	0	0
LT934125.1	-	127896	127084	NOV_TX_5093	0	0	0	0	0	0	0	0	0	0	0	0	0	0	0	0	0	0	0	0	0	6	0	0	0	0	0	0	47	0
LT934125.1	-	127896	127152	NOV_TX_5096	0	0	0	0	0	0	0	0	0	0	0	0	0	0	0	0	0	0	0	0	0	0	0	0	0	0	0	0	4	6
LT934125.1	-	127962	126985	NOV_TX_5103	0	0	0	0	0	0	0	0	0	0	0	0	0	0	0	0	1	0	0	0	0	0	0	0	0	0	0	0	1	3
LT934125.1	-	127962	127276	NOV_TX_5101	0	2	0	0	0	0	0	0	0	0	0	0	0	0	0	0	1	0	0	0	0	1	0	0	2	0	0	0	0	2
LT934125.1	-	128014	126753	NOV_TX_5116	0	0	0	0	0	0	0	0	0	0	0	0	0	0	0	0	0	0	0	0	0	0	0	0	61	0	0	23	0	0
LT934125.1	-	128066	126753	NOV_TX_5121	0	24	0	0	1	0	8	9	0	0	0	2	8	0	0	0	17	1	0	0	0	16	2	0	16	0	1	3	16	10
LT934125.1	-	128117	126753	NOV_TX_5123	0	0	0	0	0	0	35	0	0	0	0	0	0	0	0	0	0	0	0	0	0	0	22	0	0	0	0	29	0	0
LT934125.1	-	128232	126753	NOV_TX_5137	0	280	2	2	3	11	0	65	0	0	6	24	43	0	0	0	189	0	1	1	44	140	0	0	178	0	4	0	0	179
LT934125.1	-	128232	127084	NOV_TX_5142	0	0	0	0	0	1	0	0	0	0	0	0	0	0	0	0	0	0	0	0	0	15	0	0	0	0	0	0	0	0
LT934125.1	-	128253	126753	NOV_TX_5157	0	0	0	0	0	0	94	0	0	0	0	0	0	0	0	0	0	0	0	0	0	0	58	0	0	0	0	63	269	0
LT934125.1	-	128253	126985	NOV_TX_5150	0	0	0	0	0	0	1	0	0	0	0	0	0	0	0	0	0	0	0	0	0	0	4	0	0	0	0	1	9	0
LT934125.1	-	128731	126753	NOV_TX_5200	0	11	0	0	0	4	12	0	0	0	0	0	1	0	0	0	3	1	1	0	1	5	1	0	15	0	1	12	20	43
LT934125.1	-	128731	127084	NOV_TX_5192	0	0	0	0	0	0	0	0	0	0	0	0	0	0	0	0	0	0	0	0	0	1	0	0	0	0	0	0	10	0
LT934125.1	-	128731	128499	NOV_TX_5195	0	0	0	0	0	0	0	0	0	0	0	0	0	0	0	0	0	1	0	0	0	5	0	0	0	0	0	0	0	0
LT934125.1	-	128731	128504	NOV_TX_5203	0	0	0	0	0	0	0	0	0	0	0	0	0	0	0	0	3	0	0	0	0	0	0	0	3	0	0	0	1	3
LT934125.1	-	135251	134888	NOV_TX_5214	0	7	0	0	0	0	0	0	0	0	0	0	0	0	0	0	0	0	0	0	1	0	2	1	0	0	0	3	2	11
LT934125.1	-	135369	134888	NOV_TX_5219	0	0	0	0	0	0	0	0	0	0	0	0	0	0	0	0	59	0	0	1	0	0	0	0	0	0	0	0	0	0
LT934125.1	-	135666	134888	NOV_TX_5232	0	1	0	0	0	1	0	14	0	0	2	2	6	1	0	0	21	0	0	0	1	6	8	4	54	0	0	0	23	25
LT934125.1	-	135809	134888	NOV_TX_5238	0	0	0	0	0	0	18	0	0	0	0	0	0	0	0	0	0	0	0	0	0	0	0	0	125	0	0	0	0	98
LT934125.1	-	135827	134888	NOV_TX_5239	1	22	0	0	1	2	0	45	0	0	2	4	15	2	0	0	124	0	0	0	4	16	24	8	0	0	2	17	80	0
LT934125.1	-	135915	134888	NOV_TX_5247	0	7	0	0	0	0	0	5	0	0	0	0	0	0	0	0	0	0	0	0	0	1	0	0	0	0	0	0	0	0
LT934125.1	-	136049	134888	NOV_TX_5253	0	5	0	0	0	0	1	9	0	0	1	0	1	0	0	0	12	0	0	0	1	2	1	1	21	0	1	0	2	15
