seqnames	strand	TSS	TES	NOV_TX_ID	C6_dRNA	C6_dcDNA_12h	C6_dcDNA_1h	C6_dcDNA_2h	C6_dcDNA_4h	C6_dcDNA_6h	C6_dcDNA_8h	NRK_dcDNA_12h	NRK_dcDNA_1h	NRK_dcDNA_2h	NRK_dcDNA_4h	NRK_dcDNA_6h	NRK_dcDNA_8h	PC_12_dRNA	PC_12_dcDNA_0.5h	PC_12_dcDNA_1.5h	PC_12_dcDNA_12h	PC_12_dcDNA_1h	PC_12_dcDNA_2.5h	PC_12_dcDNA_2h	PC_12_dcDNA_4h	PC_12_dcDNA_6h	PC_12_dcDNA_8h	PK_15_dRNA	PK_15_dcDNA_12h	PK_15_dcDNA_1h	PK_15_dcDNA_2h	PK_15_dcDNA_4h	PK_15_dcDNA_6h	PK_15_dcDNA_8h
LT934125.1	+	779	2273	NOV_TX_2	0	23	0	0	2	1	6	17	0	0	1	4	4	0	0	0	10	1	0	0	5	19	5	1	11	0	0	3	14	24
LT934125.1	+	990	2273	NOV_TX_4	1	526	3	3	27	110	122	661	0	1	21	105	194	6	0	0	442	0	3	2	40	142	155	26	536	0	4	26	183	375
LT934125.1	+	1036	2273	NOV_TX_5	2	174	1	0	5	4	52	56	0	0	2	5	17	2	0	0	58	0	0	0	9	19	13	15	77	0	0	8	27	45
LT934125.1	+	1102	2273	NOV_TX_6	0	6	0	0	1	0	1	8	0	0	0	2	3	0	0	0	7	0	0	0	1	0	2	1	2	0	0	0	1	2
LT934125.1	+	1170	2273	NOV_TX_8	1	14	0	0	0	0	1	14	0	0	0	1	7	0	0	0	8	0	0	0	1	3	5	1	13	0	0	0	3	7
LT934125.1	+	1220	2273	NOV_TX_9	0	0	0	1	0	0	0	17	0	0	0	0	0	0	0	0	0	0	0	0	0	9	0	0	0	0	0	0	0	0
LT934125.1	+	1241	2273	NOV_TX_10	1	4	0	0	0	0	2	0	0	0	0	0	3	1	0	0	3	0	0	0	0	0	6	5	2	0	0	0	3	1
LT934125.1	+	1258	2273	NOV_TX_11	1	23	0	0	0	6	1	0	0	0	2	4	0	3	0	0	11	0	0	0	1	0	0	6	11	0	0	3	5	2
LT934125.1	+	1291	2273	NOV_TX_13	0	3	0	0	0	0	5	2	0	0	0	0	1	0	0	0	2	0	0	0	0	3	4	3	5	0	0	0	0	2
LT934125.1	+	1335	2273	NOV_TX_14	10	289	16	19	17	98	164	456	7	12	67	160	251	46	0	15	203	17	25	44	82	329	170	174	72	5	138	222	495	439
LT934125.1	+	1381	2273	NOV_TX_15	1	50	0	0	1	4	19	27	0	2	2	4	14	4	0	0	26	0	1	1	2	14	14	18	10	0	3	30	24	30
LT934125.1	+	1393	2273	NOV_TX_16	1	13	0	1	1	1	7	12	0	1	0	2	2	0	0	0	3	0	0	1	1	3	10	5	5	0	1	2	13	13
LT934125.1	+	1432	2273	NOV_TX_17	0	14	0	0	1	0	9	23	0	0	2	3	18	1	0	0	14	0	0	0	0	3	4	1	12	0	2	5	8	17
LT934125.1	+	1472	2273	NOV_TX_18	0	14	0	0	0	1	0	0	0	0	0	2	0	0	0	0	7	0	0	3	0	0	12	1	2	0	0	10	7	7
LT934125.1	+	1496	2273	NOV_TX_19	0	0	0	0	1	3	0	52	0	0	0	5	19	3	0	0	61	1	0	0	0	0	0	5	37	0	3	0	37	39
LT934125.1	+	1522	2273	NOV_TX_20	0	64	0	0	0	0	20	0	0	0	3	0	0	0	0	0	0	0	0	0	5	21	0	0	0	0	0	0	0	0
LT934125.1	+	1600	2273	NOV_TX_22	1	437	0	2	15	60	89	871	0	1	21	68	141	1	0	0	599	1	3	3	54	213	193	10	827	0	5	23	172	476
LT934125.1	+	1664	2273	NOV_TX_24	1	31	0	0	0	0	6	27	0	0	6	23	0	1	0	0	18	0	0	0	0	0	26	2	16	0	0	0	0	9
LT934125.1	+	1689	2273	NOV_TX_25	1	54	0	0	0	0	10	64	1	0	0	0	0	5	0	0	60	0	0	0	0	35	0	6	46	0	0	0	0	44
LT934125.1	+	1712	2273	NOV_TX_27	0	34	0	0	0	0	0	0	0	0	0	0	0	0	0	0	36	0	0	0	5	0	0	0	0	0	7	9	0	0
LT934125.1	+	1725	2273	NOV_TX_28	2	0	0	1	2	15	5	23	0	0	0	0	0	2	0	0	0	0	0	0	2	0	0	11	11	0	0	18	0	15
LT934125.1	+	1772	2273	NOV_TX_29	0	0	0	0	0	0	39	0	0	0	0	18	0	0	0	0	0	0	0	0	0	0	0	0	0	0	0	0	0	0
LT934125.1	+	1788	2273	NOV_TX_30	0	0	0	0	0	0	0	0	0	0	0	0	36	0	0	0	0	0	0	0	0	62	0	0	0	0	0	0	0	0
LT934125.1	+	1806	2273	NOV_TX_31	0	0	0	0	0	8	0	0	0	0	0	0	0	0	0	0	0	0	4	0	0	0	0	0	106	0	0	0	0	0
LT934125.1	+	1825	2273	NOV_TX_32	2	0	0	1	1	0	0	0	0	0	2	0	0	4	0	0	34	0	0	0	12	0	0	8	0	0	4	37	79	0
LT934125.1	+	1852	2273	NOV_TX_33	0	0	1	0	0	0	0	0	0	0	6	0	0	3	0	0	144	0	0	1	0	0	0	7	0	0	6	0	0	117
LT934125.1	+	1876	2273	NOV_TX_34	0	150	0	0	0	0	0	136	0	2	0	0	0	0	0	0	0	0	0	0	0	0	75	0	0	0	0	0	0	0
LT934125.1	+	1911	2273	NOV_TX_35	1	0	1	0	2	3	0	0	0	1	0	0	0	10	0	1	118	0	0	15	55	0	0	12	258	1	4	33	0	354
LT934125.1	+	1934	2273	NOV_TX_36	0	0	0	0	0	0	201	263	0	0	0	0	0	0	0	0	393	0	0	0	0	213	0	0	0	0	0	0	0	0
LT934125.1	+	1967	2273	NOV_TX_38	5	450	1	1	0	10	0	0	0	0	0	56	85	3	0	0	0	0	0	0	0	0	0	18	0	0	9	0	0	0
LT934125.1	+	2012	2273	NOV_TX_39	1	0	1	0	9	0	0	0	0	0	0	0	0	2	0	0	0	0	0	0	13	0	0	2	0	0	4	7	344	0
LT934125.1	+	2057	2273	NOV_TX_40	0	0	0	0	0	0	0	0	0	0	0	0	0	0	0	0	0	0	0	0	0	0	224	0	0	0	0	56	0	0
LT934125.1	+	2069	2273	NOV_TX_41	3	127	1	0	0	4	0	0	0	0	0	0	0	4	0	0	0	0	1	0	0	0	0	3	0	0	1	0	0	0
LT934125.1	+	2142	2273	NOV_TX_42	0	0	0	1	0	5	0	0	0	0	0	0	0	0	0	0	54	0	1	0	0	0	0	0	0	0	2	0	0	0
LT934125.1	+	2166	2273	NOV_TX_43	1	13	1	0	0	11	3	2	0	0	0	1	0	0	0	0	7	4	1	2	0	3	3	1	110	0	7	60	8	9
LT934125.1	+	4633	8523	NOV_TX_44	0	2	0	0	0	0	3	0	0	0	0	0	0	0	0	0	1	0	0	0	0	0	0	0	1	0	0	0	0	1
LT934125.1	+	6887	8523	NOV_TX_50	0	0	0	0	0	2	0	0	0	0	0	0	0	0	0	0	0	0	0	0	0	1	0	0	0	0	0	1	1	0
LT934125.1	+	6995	8523	NOV_TX_52	0	0	0	0	0	0	0	1	0	0	0	0	0	0	0	0	0	0	0	0	1	0	2	0	0	0	0	0	0	1
LT934125.1	+	7186	8523	NOV_TX_53	0	0	0	0	0	0	1	0	0	0	0	0	0	0	0	0	0	0	0	0	1	3	0	0	0	0	0	0	0	0
LT934125.1	+	7244	8523	NOV_TX_54	0	0	0	0	0	0	0	1	0	0	0	0	0	0	0	0	1	0	0	0	0	3	0	0	0	0	0	0	1	0
LT934125.1	+	7588	8519	NOV_TX_59	5	0	0	0	0	0	0	86	0	0	4	12	18	13	0	0	0	0	0	0	0	0	0	62	0	0	0	0	0	0
LT934125.1	+	7588	8523	NOV_TX_58	0	276	5	5	11	50	109	130	0	4	8	14	21	0	0	3	233	1	1	8	59	185	87	0	245	2	7	191	408	584
LT934125.1	+	7588	10426	NOV_TX_60	0	42	0	0	0	4	9	7	0	0	0	2	3	1	0	0	8	0	0	0	3	5	7	6	23	0	0	4	27	50
LT934125.1	+	7689	8523	NOV_TX_63	0	8	0	0	0	4	4	1	0	0	0	0	1	0	0	0	6	0	0	0	0	8	0	0	8	0	1	10	5	8
LT934125.1	+	7811	8519	NOV_TX_68	1	0	0	0	0	0	0	16	0	0	2	2	4	0	0	0	0	0	0	0	0	0	0	2	0	0	0	0	0	0
LT934125.1	+	7811	8523	NOV_TX_69	0	26	0	0	0	3	8	16	0	1	0	1	5	0	0	0	29	0	0	1	8	16	12	0	12	1	3	11	29	30
LT934125.1	+	7811	10426	NOV_TX_70	0	4	0	1	0	1	0	1	0	0	0	0	0	0	0	0	0	0	0	0	0	0	0	0	1	0	0	1	3	3
LT934125.1	+	7859	8519	NOV_TX_73	0	0	0	0	0	0	0	3	0	0	0	0	0	1	0	0	0	0	0	0	0	0	0	1	0	0	0	0	0	0
LT934125.1	+	7859	8523	NOV_TX_71	0	18	1	0	0	2	1	8	0	0	0	0	1	0	0	0	7	0	0	1	2	5	8	0	3	0	0	1	4	3
LT934125.1	+	7905	8523	NOV_TX_74	0	1	0	0	0	0	5	4	0	0	0	0	0	0	0	0	0	0	0	0	0	2	7	0	2	0	0	0	1	2
LT934125.1	+	7957	8523	NOV_TX_76	0	0	0	0	0	3	0	0	0	0	0	0	0	0	0	0	0	0	0	0	0	0	0	0	0	0	0	4	0	0
LT934125.1	+	7974	8523	NOV_TX_77	0	1	0	0	0	0	0	2	0	0	0	0	1	0	0	0	1	0	0	0	0	0	4	0	0	0	0	0	0	1
LT934125.1	+	8055	8523	NOV_TX_79	0	3	0	0	0	0	3	0	0	0	0	0	0	0	0	0	3	0	0	0	0	2	3	0	1	0	0	1	2	1
LT934125.1	+	8092	8523	NOV_TX_80	0	2	0	0	1	0	0	0	0	0	0	0	0	0	0	0	0	0	0	0	0	0	2	0	1	0	0	0	0	1
LT934125.1	+	8188	8523	NOV_TX_83	0	1	0	0	0	0	0	1	0	0	0	0	0	0	0	0	1	0	0	0	0	0	0	0	1	0	0	4	7	1
LT934125.1	+	8238	8523	NOV_TX_84	0	6	0	0	0	1	4	1	0	0	1	2	0	0	0	0	27	0	0	1	1	6	5	0	7	0	0	9	12	23
LT934125.1	+	8340	8523	NOV_TX_87	0	7	0	0	0	1	2	0	0	0	0	0	0	0	0	0	4	0	0	0	0	0	0	0	1	0	0	1	0	8
LT934125.1	+	8352	8523	NOV_TX_88	0	0	0	0	0	0	0	0	0	0	0	0	0	0	0	0	0	0	0	0	0	5	2	0	0	0	0	0	16	0
LT934125.1	+	8437	8523	NOV_TX_89	0	0	0	0	0	0	3	0	0	0	0	0	0	0	0	0	2	1	0	0	0	0	0	0	0	0	0	0	0	0
LT934125.1	+	8530	10426	NOV_TX_91	0	0	0	0	0	0	0	1	0	1	0	0	0	0	0	0	0	0	0	0	0	0	1	0	3	0	0	0	0	5
LT934125.1	+	8880	10426	NOV_TX_94	0	0	0	0	0	1	5	0	0	0	0	0	0	0	0	0	0	0	0	0	1	0	0	0	0	0	0	0	0	0
LT934125.1	+	8899	10426	NOV_TX_95	0	7	0	0	0	0	0	1	0	0	0	0	0	1	0	0	3	0	0	0	0	3	0	1	2	0	0	0	1	1
LT934125.1	+	8950	10426	NOV_TX_96	0	2	0	0	0	0	2	1	0	0	0	0	0	0	0	0	1	0	0	0	0	0	0	0	2	0	0	0	0	0
LT934125.1	+	9018	10426	NOV_TX_98	0	4	0	0	1	0	1	1	0	0	0	0	0	0	0	0	4	0	0	0	0	0	0	0	2	0	0	0	1	2
LT934125.1	+	9113	9277	NOV_TX_101	0	16	0	0	0	0	0	0	0	0	0	0	0	0	0	0	3	0	0	0	0	0	0	0	11	0	0	0	0	2
LT934125.1	+	9113	9986	NOV_TX_103	0	0	0	0	0	0	3	1	0	0	0	0	0	0	0	0	3	0	0	0	1	0	0	0	6	0	0	0	1	2
LT934125.1	+	9113	10426	NOV_TX_100	3	1412	0	0	6	44	154	828	0	0	8	35	75	33	0	0	1283	0	0	1	32	223	208	152	4454	1	5	16	280	996
LT934125.1	+	9113	16224	NOV_TX_106	0	5	0	0	0	0	0	0	0	0	0	0	0	0	0	0	0	0	0	0	0	0	0	0	1	0	0	0	0	0
LT934125.1	+	9160	10426	NOV_TX_107	3	68	0	0	0	0	6	25	0	0	0	0	7	4	0	0	92	0	0	0	0	10	7	12	134	0	1	4	17	32
LT934125.1	+	9208	10426	NOV_TX_108	0	23	0	0	0	0	2	6	0	0	0	0	2	1	0	0	25	0	0	0	0	2	5	4	58	0	0	0	3	8
LT934125.1	+	9270	9986	NOV_TX_111	0	0	0	0	0	0	0	0	0	0	0	0	0	0	0	0	1	0	0	0	1	0	0	0	4	0	0	0	1	1
LT934125.1	+	9270	10426	NOV_TX_114	8	1895	19	29	27	206	471	1515	2	8	29	109	294	24	0	9	1956	14	33	42	152	647	593	93	5780	5	168	467	1170	2648
LT934125.1	+	9270	16224	NOV_TX_113	0	1	0	0	0	0	3	0	0	0	0	0	0	0	0	0	0	0	0	0	0	0	0	0	3	0	0	0	0	4
LT934125.1	+	9320	10426	NOV_TX_116	2	0	0	3	2	0	24	28	0	0	1	1	3	6	0	0	73	1	0	0	8	20	14	20	120	0	2	19	47	105
LT934125.1	+	9338	10426	NOV_TX_117	1	182	1	0	0	2	10	12	0	0	1	0	1	9	0	0	56	0	1	1	2	16	23	21	110	0	4	10	18	2
LT934125.1	+	9412	10426	NOV_TX_118	3	127	1	0	1	9	18	85	0	0	1	4	32	2	0	0	200	0	1	1	3	16	54	19	253	1	5	6	24	106
LT934125.1	+	9441	10426	NOV_TX_119	0	0	0	0	0	5	0	0	0	0	0	1	6	0	0	0	0	0	0	0	0	0	0	0	0	0	0	0	0	0
LT934125.1	+	9455	10426	NOV_TX_120	2	14	0	0	0	0	3	43	1	0	1	0	0	1	0	0	0	0	0	0	2	0	14	15	62	0	1	4	30	59
LT934125.1	+	9479	10426	NOV_TX_121	1	78	0	0	0	0	13	3	0	0	0	2	0	2	0	0	83	0	0	0	2	8	2	12	179	0	2	9	3	5
LT934125.1	+	9548	10426	NOV_TX_122	2	153	5	0	0	10	39	141	1	0	3	3	20	6	0	0	134	0	2	1	10	37	35	18	310	0	7	13	51	144
LT934125.1	+	9592	10426	NOV_TX_124	1	21	0	1	0	0	3	20	0	0	1	2	2	4	0	0	39	0	0	0	3	7	8	20	67	0	0	2	10	19
LT934125.1	+	9646	10426	NOV_TX_125	44	2524	12	20	16	107	403	1531	1	6	64	211	330	169	0	1	2817	3	12	15	96	333	701	1050	6588	1	73	190	1135	3140
LT934125.1	+	9699	10426	NOV_TX_128	7	2596	3	15	7	30	386	0	0	3	8	26	60	12	0	2	2333	0	6	5	0	199	375	118	4198	0	15	126	993	2278
LT934125.1	+	9699	16224	NOV_TX_129	0	5	0	0	0	0	0	0	0	0	0	0	0	0	0	0	0	0	0	0	0	1	1	0	0	0	0	0	0	0
LT934125.1	+	9723	10426	NOV_TX_130	2	0	0	0	5	10	59	778	0	0	2	0	9	4	0	0	0	0	1	1	61	0	0	20	763	1	3	0	0	0
LT934125.1	+	9789	10426	NOV_TX_133	13	378	1	1	4	14	13	27	0	1	11	5	78	27	0	0	585	3	3	1	22	88	13	155	868	1	25	68	219	369
LT934125.1	+	9862	10426	NOV_TX_137	3	104	0	0	0	0	64	0	0	0	0	0	0	5	0	0	143	0	0	3	0	0	102	53	203	0	0	0	0	0
LT934125.1	+	9915	10426	NOV_TX_139	0	0	0	0	0	12	0	0	0	0	0	0	0	0	0	0	184	0	0	0	0	71	0	0	0	0	0	0	0	454
LT934125.1	+	9930	10426	NOV_TX_140	3	198	0	0	0	0	0	0	0	0	8	10	76	9	0	0	241	0	0	0	7	0	0	46	594	0	5	20	168	0
LT934125.1	+	9944	10426	NOV_TX_141	7	77	0	0	0	0	0	0	0	0	2	10	0	15	0	1	0	0	0	2	0	0	0	65	0	0	3	0	0	0
LT934125.1	+	9978	10426	NOV_TX_143	0	0	0	0	0	0	99	0	0	0	0	0	0	0	0	0	0	0	0	0	13	0	166	0	0	0	0	0	0	0
LT934125.1	+	10000	10426	NOV_TX_144	7	245	0	1	0	0	1	4	0	0	2	13	3	16	0	0	324	1	1	2	0	2	4	52	496	0	1	34	6	7
LT934125.1	+	10058	10426	NOV_TX_145	3	0	0	0	0	18	0	0	0	0	0	0	116	3	0	0	0	1	0	0	6	0	0	26	0	0	41	0	0	0
LT934125.1	+	10075	10426	NOV_TX_146	0	360	0	0	0	0	146	0	0	0	0	55	0	0	0	0	525	0	0	0	0	131	0	0	943	0	0	0	360	0
LT934125.1	+	10089	10426	NOV_TX_147	13	125	0	1	4	0	0	0	0	0	9	0	0	25	0	1	152	0	0	0	0	0	0	134	259	0	0	8	0	0
LT934125.1	+	10105	10426	NOV_TX_148	0	0	0	0	0	0	0	0	0	0	0	0	0	0	0	0	0	0	0	0	10	0	0	0	0	0	0	31	0	850
LT934125.1	+	10120	10426	NOV_TX_149	0	0	0	0	0	0	0	0	0	2	0	0	0	0	0	0	0	0	0	0	0	0	242	0	0	0	0	0	0	0
LT934125.1	+	10135	10426	NOV_TX_150	0	0	0	0	0	0	0	0	0	0	0	0	0	0	0	0	0	0	6	0	21	0	0	0	0	0	0	30	0	0
LT934125.1	+	10159	10426	NOV_TX_151	5	375	0	2	0	0	0	551	0	0	0	0	0	16	0	1	442	1	0	5	0	0	0	61	758	0	0	0	0	0
LT934125.1	+	10212	10426	NOV_TX_155	13	357	1	1	0	8	70	131	0	0	4	3	13	16	0	0	406	0	1	0	14	46	82	72	482	1	12	28	121	230
LT934125.1	+	10252	10426	NOV_TX_156	5	743	0	4	6	18	158	89	0	0	5	9	22	10	0	1	708	1	0	2	28	0	175	38	1139	0	19	40	251	581
LT934125.1	+	10336	10426	NOV_TX_161	1	407	0	0	1	6	0	27	0	0	1	1	4	0	0	0	436	0	1	2	12	68	80	5	789	1	15	43	137	401
LT934125.1	+	10431	11996	NOV_TX_163	0	7	0	0	0	0	0	0	0	0	0	0	0	0	0	0	2	0	0	0	0	0	0	0	0	0	0	0	1	0
LT934125.1	+	10431	12008	NOV_TX_169	0	0	0	0	0	0	0	0	0	0	0	0	0	0	0	0	0	0	0	0	0	1	0	0	0	0	0	0	0	11
LT934125.1	+	10431	12086	NOV_TX_164	0	6	0	0	0	0	0	0	0	0	0	0	0	0	0	0	2	0	0	0	0	0	0	0	32	0	0	1	1	9
LT934125.1	+	10431	12168	NOV_TX_165	0	5	0	0	0	0	0	0	0	0	0	0	0	0	0	0	0	0	0	0	0	0	0	0	32	0	0	0	2	10
LT934125.1	+	10431	16224	NOV_TX_173	0	32	0	0	0	0	10	25	0	0	0	0	10	0	0	0	2	0	0	0	0	0	2	0	79	0	1	0	28	110
LT934125.1	+	11793	11996	NOV_TX_193	0	80	0	0	0	0	0	0	0	0	0	0	0	0	0	0	108	0	0	0	0	0	0	0	0	0	0	7	42	0
LT934125.1	+	11793	12001	NOV_TX_187	0	0	0	0	0	0	1	9	0	0	0	1	1	0	0	0	0	0	0	0	0	0	5	0	0	0	0	0	0	0
LT934125.1	+	11793	12005	NOV_TX_198	0	0	0	0	0	1	0	0	0	0	0	0	0	0	0	0	0	0	0	0	0	0	0	0	335	0	0	0	0	0
LT934125.1	+	11793	12008	NOV_TX_200	0	0	0	0	0	0	0	0	0	0	0	0	0	0	0	0	0	0	0	0	0	6	0	0	0	0	0	0	0	109
LT934125.1	+	11793	12085	NOV_TX_188	0	0	0	0	0	0	1	4	0	0	0	1	0	0	0	0	0	0	0	0	0	0	0	0	0	0	1	0	0	0
LT934125.1	+	11793	12086	NOV_TX_194	0	47	0	0	0	0	0	0	0	0	0	0	0	0	0	0	57	0	0	0	0	5	7	0	276	0	0	5	26	65
LT934125.1	+	11793	12168	NOV_TX_195	0	65	0	0	0	0	0	0	0	0	0	0	0	0	0	0	58	0	0	0	1	6	0	0	311	0	0	0	26	71
LT934125.1	+	11793	12171	NOV_TX_192	0	0	0	0	0	0	3	0	0	0	0	0	0	0	0	0	0	0	0	0	0	0	4	0	0	0	0	0	0	0
LT934125.1	+	11793	12231	NOV_TX_190	0	0	0	0	0	0	1	5	0	0	0	0	0	0	0	0	17	0	0	0	0	0	4	0	87	0	0	1	7	24
LT934125.1	+	11793	16224	NOV_TX_191	0	162	0	0	0	2	11	23	0	0	0	0	7	0	0	0	30	0	1	0	1	1	7	0	290	0	1	2	63	227
LT934125.1	+	11845	12086	NOV_TX_203	0	2	0	0	0	0	0	0	0	0	0	0	0	0	0	0	0	0	0	0	0	0	0	0	0	0	0	2	1	3
LT934125.1	+	11845	12168	NOV_TX_205	0	3	0	0	0	0	0	0	0	0	0	0	0	0	0	0	0	0	0	0	0	0	0	0	0	0	0	0	1	5
LT934125.1	+	11845	16224	NOV_TX_204	0	86	0	0	0	0	7	4	0	0	0	0	1	0	0	0	3	0	0	0	0	1	0	0	0	0	0	1	3	10
LT934125.1	+	11861	16224	NOV_TX_207	0	0	0	0	0	0	0	0	0	0	0	0	0	0	0	0	0	0	0	0	0	0	1	0	34	0	0	0	0	0
LT934125.1	+	11922	12168	NOV_TX_212	0	2	0	0	0	0	0	0	0	0	0	0	0	0	0	0	0	0	0	0	0	0	0	0	4	0	0	0	0	0
LT934125.1	+	11922	16224	NOV_TX_213	0	16	0	0	0	0	1	1	0	0	0	0	0	0	0	0	0	0	0	0	0	0	0	0	9	0	0	0	2	0
LT934125.1	+	11976	12086	NOV_TX_217	0	1	0	0	0	0	0	0	0	0	0	0	0	0	0	0	0	0	0	0	0	0	0	0	5	0	0	0	1	0
LT934125.1	+	11976	12168	NOV_TX_215	0	2	0	0	0	0	0	0	0	0	0	0	0	0	0	0	1	0	0	0	0	0	0	0	2	0	0	0	0	0
LT934125.1	+	11976	16224	NOV_TX_216	0	10	0	0	0	0	0	1	0	0	0	0	0	2	0	0	2	0	0	0	0	1	0	1	10	0	0	1	2	0
LT934125.1	+	11990	16224	NOV_TX_221	0	6	0	0	0	0	0	1	0	0	0	0	0	0	0	0	0	0	0	0	0	1	0	1	0	0	0	0	0	2
LT934125.1	+	12028	12168	NOV_TX_222	0	4	0	0	0	0	0	0	0	0	0	0	0	0	0	0	0	0	0	0	0	0	0	0	9	0	0	0	0	0
LT934125.1	+	12028	16224	NOV_TX_223	0	15	0	0	0	0	17	0	0	0	0	1	3	1	0	0	0	0	0	0	0	0	5	10	22	0	0	4	0	2
LT934125.1	+	12063	12168	NOV_TX_226	0	1	0	0	0	0	0	0	0	0	0	0	0	0	0	0	0	0	0	0	0	0	0	0	6	0	0	0	0	0
LT934125.1	+	12063	16224	NOV_TX_225	1	34	0	0	0	0	0	6	0	0	0	1	0	8	0	0	10	0	0	0	0	1	0	32	47	0	0	4	0	13
LT934125.1	+	12098	16224	NOV_TX_230	0	0	0	0	0	0	0	0	0	0	0	0	0	0	0	0	0	0	0	0	0	0	0	0	0	0	1	0	18	0
LT934125.1	+	12113	16224	NOV_TX_231	0	93	0	0	0	4	11	28	0	0	0	0	4	3	0	0	30	0	0	1	1	1	10	13	126	0	0	0	8	43
LT934125.1	+	12127	16224	NOV_TX_233	0	0	0	0	0	0	0	1	0	0	0	0	0	0	0	0	0	0	0	0	0	0	0	2	0	0	0	0	0	3
LT934125.1	+	12194	16224	NOV_TX_234	0	10	0	0	0	1	0	1	0	0	0	0	0	0	0	0	0	0	0	0	0	0	0	1	1	0	0	0	0	0
LT934125.1	+	12209	16224	NOV_TX_235	0	39	0	0	0	0	1	3	0	0	0	0	0	6	0	0	21	0	0	0	0	0	10	7	59	0	0	0	5	24
LT934125.1	+	12252	16224	NOV_TX_236	0	25	0	0	0	0	5	2	0	0	0	0	0	0	0	0	4	0	0	0	0	0	0	0	42	0	0	1	8	5
LT934125.1	+	12373	16224	NOV_TX_240	0	7	0	0	0	0	1	0	0	0	0	0	0	0	0	0	2	0	0	0	0	0	0	3	2	0	0	0	0	4
LT934125.1	+	12406	16224	NOV_TX_241	0	22	0	0	0	0	0	2	0	0	0	0	3	1	0	0	3	0	0	0	0	1	0	3	31	0	0	0	2	2
LT934125.1	+	12425	16224	NOV_TX_242	0	0	0	0	0	2	0	1	0	0	0	0	1	1	0	0	3	0	0	0	0	1	0	0	0	0	0	0	2	2
LT934125.1	+	12447	16224	NOV_TX_243	0	14	0	0	0	0	1	1	0	0	0	0	0	0	0	0	16	0	0	0	0	1	3	3	23	0	0	0	0	8
LT934125.1	+	12714	16224	NOV_TX_246	0	1	0	0	0	0	1	1	0	0	0	0	0	2	0	0	7	0	0	0	0	0	1	0	3	0	0	0	0	0
LT934125.1	+	12766	16224	NOV_TX_248	0	1	0	0	0	0	1	0	0	0	0	0	0	0	0	0	2	0	0	0	0	0	4	1	1	0	0	0	2	0
LT934125.1	+	12840	16224	NOV_TX_250	0	10	0	0	0	0	0	0	0	0	0	1	1	0	0	0	13	0	0	0	1	0	0	2	25	0	1	0	5	9
LT934125.1	+	13080	16224	NOV_TX_256	0	12	0	0	0	0	0	1	0	0	0	0	0	0	0	0	0	0	0	0	0	0	1	0	13	0	0	0	6	4
LT934125.1	+	13258	16224	NOV_TX_260	0	0	0	0	0	1	4	0	0	0	0	0	0	0	0	0	0	0	0	0	0	0	1	0	40	0	0	0	5	0
LT934125.1	+	13273	16224	NOV_TX_261	0	0	0	0	0	0	0	0	0	0	0	0	0	0	0	0	11	0	0	0	0	0	0	2	0	0	0	0	0	5
LT934125.1	+	13298	16224	NOV_TX_263	0	25	0	0	0	0	0	4	0	0	0	0	0	0	0	0	1	0	0	0	0	0	0	1	0	0	0	1	0	1
LT934125.1	+	13374	16224	NOV_TX_264	0	7	0	0	0	0	2	4	0	0	0	1	0	1	0	0	14	0	0	0	0	0	0	2	14	0	1	0	2	3
LT934125.1	+	13454	16224	NOV_TX_267	0	43	0	0	0	1	2	20	0	0	0	0	5	1	0	0	13	0	0	0	0	3	4	2	0	0	1	1	7	19
LT934125.1	+	13521	16224	NOV_TX_269	0	14	0	0	0	1	0	2	0	0	0	0	0	0	0	0	13	0	0	0	0	0	0	5	31	0	0	1	0	8
LT934125.1	+	13539	16224	NOV_TX_270	0	0	0	0	0	0	0	0	0	0	0	0	0	0	0	0	0	0	0	0	0	1	0	0	0	0	0	0	5	0
LT934125.1	+	13580	16224	NOV_TX_272	0	13	0	0	0	0	0	3	0	0	0	0	0	0	0	0	12	0	0	0	0	0	6	4	0	0	0	0	2	14
LT934125.1	+	13592	16224	NOV_TX_273	0	3	0	0	0	0	2	1	0	0	0	1	1	0	0	0	8	0	0	0	1	0	0	4	21	0	0	0	0	0
LT934125.1	+	13634	16224	NOV_TX_274	0	0	0	0	0	0	0	0	0	0	0	0	0	0	0	0	2	0	0	0	0	0	2	0	2	0	0	0	3	2
LT934125.1	+	13698	16224	NOV_TX_277	0	6	0	0	0	0	0	3	0	0	0	0	0	0	0	0	3	0	0	0	0	3	0	0	16	0	0	1	1	6
LT934125.1	+	13806	16224	NOV_TX_281	0	4	0	0	0	0	3	3	0	0	0	0	2	0	0	0	5	0	0	0	0	0	1	1	11	0	1	0	0	2
LT934125.1	+	13858	16224	NOV_TX_283	0	19	0	0	0	1	0	9	0	0	0	0	4	0	0	0	21	0	0	0	0	0	4	0	37	0	0	0	4	7
LT934125.1	+	13901	16224	NOV_TX_284	1	26	0	0	0	1	4	19	0	0	0	0	9	1	0	0	18	0	0	0	0	2	3	7	47	0	0	2	2	16
LT934125.1	+	13944	16224	NOV_TX_286	1	13	0	0	0	2	2	13	0	0	0	0	2	0	0	0	15	0	0	0	0	0	2	6	61	0	0	2	2	16
LT934125.1	+	13983	16224	NOV_TX_287	0	40	0	0	0	1	7	7	0	0	0	0	3	1	0	0	19	0	0	1	2	0	3	3	87	0	1	2	4	20
LT934125.1	+	14048	15554	NOV_TX_291	0	0	0	0	0	0	1	0	0	0	0	0	0	0	0	0	0	0	0	0	0	1	2	0	1	0	0	0	0	0
LT934125.1	+	14048	15612	NOV_TX_290	0	7	0	0	0	0	0	0	0	0	0	0	0	0	0	0	1	0	0	0	1	1	0	0	1	0	0	0	1	0
LT934125.1	+	14048	15744	NOV_TX_289	0	2	0	0	0	0	0	0	0	0	0	0	0	0	0	0	0	0	0	0	1	2	0	0	6	0	0	0	0	6
LT934125.1	+	14048	16224	NOV_TX_288	3	3326	14	6	37	268	439	889	1	2	18	65	226	9	1	4	1009	4	3	19	52	216	292	41	3337	4	44	179	964	2520
LT934125.1	+	14107	16224	NOV_TX_292	0	0	0	0	0	0	49	68	0	0	0	0	0	0	0	0	0	0	0	4	0	0	0	0	0	0	0	0	0	144
LT934125.1	+	14142	16224	NOV_TX_293	1	335	1	1	2	8	0	0	0	0	0	9	20	2	0	0	150	0	0	0	1	0	33	13	379	0	2	29	59	0
LT934125.1	+	14172	16224	NOV_TX_294	0	0	0	0	0	0	0	0	0	0	0	0	0	2	0	0	3	0	0	0	0	15	2	3	0	0	0	5	0	0
LT934125.1	+	14210	16224	NOV_TX_295	0	56	0	0	0	2	0	11	0	0	1	0	4	0	0	0	25	0	0	0	1	4	11	3	13	0	1	0	2	10
LT934125.1	+	14233	16224	NOV_TX_296	1	46	0	0	0	0	0	11	0	0	0	0	4	2	0	0	26	0	0	0	0	2	0	1	120	0	1	0	8	24
LT934125.1	+	14245	16224	NOV_TX_297	0	0	0	0	0	0	13	0	0	0	0	0	0	0	0	0	0	0	0	0	0	0	0	0	0	0	0	7	0	0
LT934125.1	+	14267	16224	NOV_TX_298	0	8	0	0	0	1	0	3	0	0	0	0	1	0	0	0	12	0	0	0	0	0	0	1	24	0	0	3	3	5
LT934125.1	+	14279	16224	NOV_TX_299	0	31	0	0	1	1	2	8	0	1	0	0	3	0	0	0	36	0	0	0	0	4	14	1	35	0	1	0	4	12
LT934125.1	+	14294	16224	NOV_TX_300	3	24	0	0	0	1	4	10	0	0	0	0	4	1	0	0	13	0	0	0	1	1	3	8	58	0	1	1	7	14
LT934125.1	+	14338	16224	NOV_TX_302	0	36	0	0	0	0	0	7	0	0	0	1	0	1	0	0	15	0	0	1	0	3	3	9	0	0	0	1	0	10
LT934125.1	+	14369	16224	NOV_TX_305	0	0	0	0	0	2	0	11	0	0	1	1	6	1	0	0	24	1	0	0	1	4	6	2	94	0	1	1	18	17
LT934125.1	+	14402	16224	NOV_TX_306	0	128	0	0	0	2	0	3	0	0	0	0	11	1	0	0	94	0	0	0	0	18	43	4	1	0	0	1	0	1
LT934125.1	+	14439	16224	NOV_TX_307	0	0	0	0	0	4	0	125	0	0	0	0	9	4	0	0	39	0	0	0	4	0	0	11	403	0	10	8	0	150
LT934125.1	+	14454	16224	NOV_TX_308	0	96	0	0	0	0	32	0	0	0	0	3	0	0	0	0	0	0	0	0	0	0	0	0	0	0	0	0	67	0
LT934125.1	+	14468	16224	NOV_TX_309	1	63	0	1	1	2	1	8	0	0	1	1	11	1	0	0	61	0	0	0	0	0	7	5	44	0	0	0	7	16
LT934125.1	+	14542	16224	NOV_TX_311	0	0	0	0	0	0	0	0	0	0	0	0	57	0	0	0	129	0	0	0	3	0	0	0	0	0	0	27	0	0
LT934125.1	+	14560	16224	NOV_TX_312	5	174	0	1	0	0	0	0	0	0	0	0	0	5	0	0	0	0	0	0	0	0	0	24	265	0	2	0	0	0
LT934125.1	+	14605	16224	NOV_TX_313	0	66	0	1	0	0	0	0	0	0	0	0	0	2	0	0	43	1	0	0	0	0	0	16	72	0	1	2	0	0
LT934125.1	+	14670	16224	NOV_TX_317	3	262	3	0	8	0	0	0	0	2	0	0	0	5	0	0	0	0	0	1	0	42	104	30	0	0	4	0	0	0
LT934125.1	+	14743	16224	NOV_TX_320	1	96	0	1	0	19	0	0	0	0	0	0	0	2	0	0	0	0	0	0	0	0	0	3	0	0	4	0	0	0
LT934125.1	+	14782	16224	NOV_TX_321	0	0	0	0	0	0	0	0	0	0	0	0	0	0	0	0	0	0	0	0	3	0	0	0	0	0	0	0	0	399
LT934125.1	+	14818	16224	NOV_TX_322	1	102	0	0	0	2	4	13	0	0	0	0	2	1	0	1	112	0	0	0	2	4	4	9	860	0	1	4	153	20
LT934125.1	+	14858	16224	NOV_TX_323	0	700	2	0	2	15	96	285	1	0	4	14	67	2	0	2	804	3	0	3	8	47	103	11	1347	0	9	33	186	505
LT934125.1	+	14910	16224	NOV_TX_324	0	0	0	0	0	0	38	0	0	0	0	0	0	0	0	0	163	0	0	0	0	0	42	0	0	0	0	0	0	165
LT934125.1	+	14930	16224	NOV_TX_325	1	229	0	0	0	4	0	72	0	0	3	6	34	7	0	0	118	0	0	0	0	0	0	15	416	1	2	18	62	0
LT934125.1	+	14952	16224	NOV_TX_326	1	55	0	0	0	1	0	0	0	0	0	1	0	2	0	0	0	0	0	0	11	0	0	7	131	0	0	0	18	0
LT934125.1	+	14969	16224	NOV_TX_327	0	0	0	0	2	0	0	0	0	0	0	0	0	0	0	0	0	0	0	0	0	28	0	0	0	0	0	0	0	0
LT934125.1	+	15028	16224	NOV_TX_328	0	136	0	0	0	0	76	0	0	0	0	13	0	0	0	0	0	0	0	0	0	0	0	0	0	0	0	0	0	0
LT934125.1	+	15050	16224	NOV_TX_329	5	0	0	1	2	0	0	0	0	1	0	0	43	10	0	0	117	0	0	0	7	57	0	20	0	0	0	11	0	0
LT934125.1	+	15098	16224	NOV_TX_331	2	126	0	1	1	15	0	0	0	0	0	0	0	5	0	0	0	0	1	0	0	0	0	18	0	0	0	12	0	0
LT934125.1	+	15117	16224	NOV_TX_332	1	0	0	0	0	0	0	0	0	0	5	0	0	6	0	0	0	0	1	0	0	0	0	17	0	0	0	0	0	0
LT934125.1	+	15136	16224	NOV_TX_333	0	0	0	0	0	0	0	214	0	0	0	0	0	0	0	0	172	0	0	0	0	0	0	0	0	0	0	0	0	0
LT934125.1	+	15153	16224	NOV_TX_334	0	0	0	0	0	0	0	0	0	0	0	0	0	0	0	0	0	0	0	1	0	0	0	0	0	0	10	0	0	0
LT934125.1	+	15178	16224	NOV_TX_335	4	388	0	0	1	0	0	0	1	2	0	0	0	7	0	0	386	0	1	0	6	0	108	28	1012	0	0	17	170	358
LT934125.1	+	15249	16224	NOV_TX_338	0	0	0	0	0	0	0	126	0	0	0	0	0	0	0	0	0	0	2	0	0	0	51	0	0	0	0	11	0	200
LT934125.1	+	15270	16224	NOV_TX_339	3	123	0	0	1	0	0	0	1	2	3	1	0	12	0	0	0	0	0	0	0	0	0	39	0	0	10	0	117	0
LT934125.1	+	15289	16224	NOV_TX_341	0	154	0	0	0	7	37	0	0	0	0	0	0	0	0	0	321	0	0	0	7	0	0	0	682	0	0	11	0	0
LT934125.1	+	15318	16224	NOV_TX_342	0	0	0	0	0	0	0	0	0	0	0	0	21	0	0	0	0	0	0	0	0	0	0	0	0	0	0	6	0	0
LT934125.1	+	15347	16224	NOV_TX_343	1	249	1	0	1	2	19	66	0	0	0	3	12	5	0	0	198	0	0	0	9	19	25	22	393	0	2	12	42	112
LT934125.1	+	15384	16224	NOV_TX_345	3	425	0	0	1	3	22	23	0	0	0	3	12	5	0	0	185	1	0	0	3	47	15	24	341	0	0	5	13	45
LT934125.1	+	15429	16224	NOV_TX_347	6	25	0	0	0	4	23	159	0	0	1	10	17	17	0	0	376	0	1	2	3	7	81	72	618	0	11	17	112	243
LT934125.1	+	15479	16224	NOV_TX_349	3	281	1	0	0	4	37	102	0	0	2	7	19	13	0	0	350	2	0	0	7	33	45	79	812	0	2	20	109	263
LT934125.1	+	15531	16224	NOV_TX_351	32	518	1	0	0	8	51	84	0	0	2	12	26	117	0	0	514	0	0	1	19	46	64	517	1281	0	9	0	171	353
LT934125.1	+	15552	16224	NOV_TX_352	0	0	0	0	2	0	0	124	0	0	1	0	18	0	0	0	0	0	0	0	0	0	0	0	0	0	0	0	0	0
LT934125.1	+	15597	16224	NOV_TX_353	15	917	0	0	0	0	0	0	0	1	10	0	0	94	0	0	814	2	1	0	0	442	0	380	2410	0	0	137	0	0
LT934125.1	+	15623	16224	NOV_TX_355	0	0	0	5	0	47	385	0	0	0	0	84	0	0	0	0	0	0	0	0	44	0	0	0	0	0	0	0	1259	0
LT934125.1	+	15646	16224	NOV_TX_356	25	0	0	0	2	0	0	0	0	1	3	0	0	99	1	0	575	1	1	7	14	0	367	465	1283	0	0	132	0	0
LT934125.1	+	15674	16224	NOV_TX_358	24	0	8	0	1	0	0	0	0	1	0	0	0	75	0	3	0	1	0	0	0	0	0	471	0	0	54	0	0	0
LT934125.1	+	15696	16224	NOV_TX_359	11	371	0	0	0	0	0	0	0	1	3	0	0	43	0	0	611	1	1	0	14	0	0	188	1062	0	0	0	0	0
LT934125.1	+	15750	16224	NOV_TX_362	0	1104	0	0	0	0	0	0	0	0	0	0	0	0	0	0	0	0	0	0	0	0	0	0	733	0	0	0	0	1860
LT934125.1	+	15769	16224	NOV_TX_363	0	516	0	0	0	0	0	0	0	0	0	0	0	0	0	0	672	0	0	0	0	0	0	0	0	0	0	46	0	0
LT934125.1	+	15787	16224	NOV_TX_364	12	0	0	0	0	0	0	888	0	1	3	0	0	46	0	0	0	0	1	0	16	0	0	280	1798	0	0	0	0	0
LT934125.1	+	15846	16224	NOV_TX_366	7	877	0	3	2	0	110	357	2	3	8	0	61	31	0	0	1310	0	1	0	24	0	191	147	2122	0	17	65	314	703
LT934125.1	+	15883	16224	NOV_TX_367	0	0	0	0	0	21	0	0	0	0	0	43	0	0	0	0	0	0	0	0	0	127	0	0	0	0	0	0	0	0
LT934125.1	+	15928	16224	NOV_TX_368	0	0	0	0	0	0	0	331	0	0	0	0	0	0	0	0	0	0	0	0	0	0	259	0	2912	0	0	30	0	0
LT934125.1	+	15964	16224	NOV_TX_369	5	1468	4	1	3	19	205	6	0	0	6	33	86	35	0	0	1764	8	1	3	33	191	28	149	188	2	17	76	485	1108
LT934125.1	+	16014	16224	NOV_TX_370	0	3738	0	0	0	63	0	367	0	1	0	0	0	0	0	0	0	0	0	0	0	0	629	0	0	0	65	0	0	2898
LT934125.1	+	16038	16224	NOV_TX_371	9	0	4	3	13	0	0	0	0	0	5	0	78	34	0	0	0	4	0	0	53	0	0	132	0	1	0	239	0	0
LT934125.1	+	16052	16224	NOV_TX_372	0	0	0	0	0	0	513	0	0	0	0	28	0	0	0	0	0	0	2	0	0	0	0	0	7518	0	0	0	1044	0
LT934125.1	+	16069	16224	NOV_TX_373	0	0	0	0	0	0	0	0	0	0	0	0	0	0	0	0	4120	0	0	6	0	0	0	0	0	0	0	0	0	0
LT934125.1	+	25420	28632	NOV_TX_378	0	4	3	0	1	6	7	16	0	0	0	2	11	0	0	2	2	1	0	4	3	2	5	0	6	0	5	1	6	36
LT934125.1	+	25836	28632	NOV_TX_382	0	0	0	0	0	1	0	1	0	0	0	0	0	0	0	0	0	0	0	0	0	0	0	0	2	0	0	0	0	3
LT934125.1	+	26365	28632	NOV_TX_387	1	0	0	0	0	0	2	1	0	0	0	0	1	0	0	0	0	0	0	0	0	2	0	0	0	0	0	0	0	3
LT934125.1	+	26927	28632	NOV_TX_395	0	3	0	0	0	0	0	0	0	0	0	0	1	0	0	0	1	0	0	0	2	3	0	0	0	0	0	0	0	2
LT934125.1	+	27552	28632	NOV_TX_399	0	3	0	0	0	0	0	0	0	0	0	0	1	0	0	0	4	0	0	0	0	0	5	0	3	0	0	0	0	2
LT934125.1	+	27800	28632	NOV_TX_404	0	0	0	0	0	0	4	0	0	0	0	0	0	0	0	0	0	0	0	2	0	0	5	0	0	0	0	0	0	0
LT934125.1	+	27836	28632	NOV_TX_406	0	2	0	0	0	0	0	6	0	1	0	2	1	1	0	0	2	0	0	0	1	0	0	1	7	0	1	2	2	12
LT934125.1	+	27867	28632	NOV_TX_407	0	3	0	0	0	0	0	0	0	0	0	0	0	0	0	0	9	0	0	0	0	0	0	0	0	0	0	0	0	0
LT934125.1	+	27910	28632	NOV_TX_409	0	0	0	0	0	0	1	1	0	0	0	0	0	0	0	0	0	0	0	0	0	1	0	0	0	0	0	0	1	1
LT934125.1	+	28158	28632	NOV_TX_414	0	0	0	0	0	0	0	0	0	0	0	0	0	0	0	0	1	0	0	0	0	0	0	0	0	0	0	0	5	0
LT934125.1	+	28440	28632	NOV_TX_418	0	0	0	0	0	1	0	1	0	0	0	0	0	0	0	0	0	0	0	0	0	1	0	0	0	0	2	0	0	2
LT934125.1	+	28471	28632	NOV_TX_419	0	4	0	0	0	0	2	0	0	0	0	0	0	0	0	0	2	0	0	2	0	0	0	0	3	0	0	0	0	2
LT934125.1	+	28509	28632	NOV_TX_420	0	31	2	0	0	3	10	0	0	0	0	1	0	0	0	0	40	1	0	0	2	16	21	0	6	0	6	12	19	31
LT934125.1	+	29338	32415	NOV_TX_429	0	4	0	0	0	0	0	1	0	0	0	0	0	1	0	0	0	0	0	0	0	0	1	0	1	0	0	0	1	0
LT934125.1	+	29468	32415	NOV_TX_431	0	8	0	0	0	3	2	4	0	0	0	0	5	1	0	0	4	0	0	0	0	0	4	0	11	0	0	0	2	6
LT934125.1	+	30240	32415	NOV_TX_434	1	81	1	1	2	15	24	53	0	0	0	2	14	1	0	0	37	0	0	0	3	6	18	4	88	0	2	1	24	39
LT934125.1	+	30298	32415	NOV_TX_436	0	15	0	0	0	0	0	2	0	0	0	0	0	1	0	0	1	0	0	0	2	0	2	1	11	0	0	0	0	1
LT934125.1	+	30444	32415	NOV_TX_438	0	8	0	0	0	0	3	4	0	0	0	0	0	1	0	0	1	0	0	0	0	0	4	0	1	0	0	0	0	2
LT934125.1	+	30484	32415	NOV_TX_439	0	2	0	0	0	0	3	0	0	0	0	0	0	0	0	0	0	0	0	0	0	2	1	0	0	0	0	0	0	0
LT934125.1	+	30594	32415	NOV_TX_441	0	9	0	0	0	0	3	3	0	0	0	0	0	0	0	0	1	0	0	0	0	1	2	1	3	0	1	0	0	1
LT934125.1	+	30659	32415	NOV_TX_443	0	0	0	0	0	0	0	0	0	0	0	0	1	0	0	0	0	0	0	0	0	4	3	0	0	0	0	0	0	0
LT934125.1	+	30682	32415	NOV_TX_444	0	21	0	0	0	3	0	0	0	0	0	1	0	0	0	0	4	0	1	0	3	0	0	2	13	0	0	1	0	5
LT934125.1	+	30702	32415	NOV_TX_445	0	6	0	0	0	0	0	10	0	0	0	0	0	0	0	0	5	0	0	0	0	0	0	0	0	0	0	0	5	0
LT934125.1	+	30840	32415	NOV_TX_447	0	8	0	0	0	1	2	1	0	0	0	0	0	0	0	0	4	0	0	0	0	2	2	0	3	0	0	0	1	1
LT934125.1	+	30932	32415	NOV_TX_448	1	20	1	0	0	2	3	28	0	0	0	2	6	1	0	0	19	0	0	0	4	9	7	1	42	0	0	1	6	15
LT934125.1	+	31042	32415	NOV_TX_452	0	3	0	0	0	0	0	7	0	0	0	0	1	0	0	0	1	0	0	0	1	0	0	1	10	0	0	0	1	8
LT934125.1	+	31098	32415	NOV_TX_453	19	2323	16	11	48	224	410	2378	5	12	48	124	441	60	0	8	1339	8	15	41	110	452	479	277	4463	3	53	269	823	2502
LT934125.1	+	31150	32415	NOV_TX_455	6	353	0	1	2	11	46	191	1	1	3	11	42	13	0	0	78	0	0	2	14	44	57	44	232	0	3	22	73	196
LT934125.1	+	31204	32415	NOV_TX_457	0	0	0	0	0	0	49	0	0	0	0	0	0	0	0	0	0	0	0	0	0	35	0	0	0	0	2	0	0	188
LT934125.1	+	31230	32415	NOV_TX_458	2	0	1	0	1	0	0	0	0	0	0	0	0	3	0	0	26	0	0	0	2	0	0	11	55	0	0	15	0	0
LT934125.1	+	31244	32415	NOV_TX_459	4	0	0	2	2	0	0	0	0	0	0	0	0	8	0	0	104	0	1	1	6	0	66	24	104	1	0	0	0	0
LT934125.1	+	31271	32415	NOV_TX_460	2	288	0	1	1	11	0	0	0	0	3	10	47	6	0	1	60	0	0	3	2	0	0	23	70	0	0	10	66	0
LT934125.1	+	31330	32415	NOV_TX_462	0	0	0	0	0	0	0	0	0	0	0	0	0	1	0	0	0	0	0	1	0	96	0	1	4	0	0	0	0	0
LT934125.1	+	31349	32415	NOV_TX_463	3	0	2	3	2	0	154	272	1	0	11	16	65	5	0	0	544	1	0	6	0	0	0	22	599	0	2	70	199	417
LT934125.1	+	31373	32415	NOV_TX_464	0	815	1	1	0	18	0	0	0	0	3	10	0	3	0	0	0	0	3	0	22	0	104	16	0	0	2	0	0	0
LT934125.1	+	31410	32415	NOV_TX_465	7	468	1	0	2	7	82	197	0	0	14	15	62	5	0	2	383	2	2	3	22	72	94	20	379	0	4	48	144	259
LT934125.1	+	31454	32415	NOV_TX_466	3	90	0	0	1	0	0	0	0	0	0	1	0	7	0	0	54	0	0	0	9	0	0	21	64	0	0	4	103	0
LT934125.1	+	31474	32415	NOV_TX_467	0	0	0	0	0	0	0	0	0	0	0	0	0	0	0	0	0	0	0	0	0	68	0	0	246	0	0	0	0	0
LT934125.1	+	31492	32415	NOV_TX_468	2	0	2	4	0	0	65	0	0	1	5	3	45	8	0	0	0	0	0	0	0	0	0	41	0	1	4	0	0	0
LT934125.1	+	31507	32415	NOV_TX_469	0	328	0	0	0	10	0	0	0	0	0	0	0	0	0	0	0	0	0	0	0	0	64	0	0	0	0	33	0	178
LT934125.1	+	31525	32415	NOV_TX_470	0	0	0	0	0	0	0	176	0	0	0	0	0	0	0	0	276	0	0	3	0	0	0	0	0	0	0	0	0	0
LT934125.1	+	31558	32415	NOV_TX_472	0	0	0	0	0	11	0	0	0	0	0	0	0	2	0	0	42	0	0	1	0	0	0	10	56	0	2	0	75	0
LT934125.1	+	31605	32415	NOV_TX_474	3	72	0	1	1	0	0	167	0	0	0	4	0	8	0	0	72	1	0	0	0	0	0	24	226	1	2	11	0	146
LT934125.1	+	31636	32415	NOV_TX_475	3	0	0	0	0	0	0	0	0	1	0	2	36	10	0	0	0	0	1	1	1	0	0	24	0	0	3	0	0	0
LT934125.1	+	31667	32415	NOV_TX_476	0	200	0	0	0	0	51	0	0	0	0	0	0	0	0	0	157	0	0	0	10	0	76	0	0	0	0	13	0	0
LT934125.1	+	31703	32415	NOV_TX_478	2	94	0	0	0	1	2	12	0	1	3	3	1	6	0	0	32	0	0	2	1	5	10	31	27	0	1	2	12	17
LT934125.1	+	31722	32415	NOV_TX_479	4	23	0	0	0	0	14	9	0	0	0	2	11	2	0	0	15	0	1	0	3	4	5	5	19	0	0	10	4	12
LT934125.1	+	31772	32415	NOV_TX_480	3	225	0	1	0	0	0	0	0	0	2	16	0	10	0	1	0	0	0	0	3	0	121	26	235	0	2	23	0	0
LT934125.1	+	31792	32415	NOV_TX_481	0	0	0	0	0	11	0	0	0	0	0	0	0	0	0	0	200	0	0	0	0	0	0	0	0	0	0	0	0	0
LT934125.1	+	31832	32415	NOV_TX_483	1	0	1	1	0	0	0	295	0	0	2	0	0	1	0	2	0	1	1	0	0	0	0	24	0	0	3	3	0	0
LT934125.1	+	31847	32415	NOV_TX_484	0	0	0	0	0	0	0	0	0	0	0	0	65	0	0	0	0	0	0	0	0	61	0	0	0	0	0	0	0	0
LT934125.1	+	31865	32415	NOV_TX_485	2	204	0	0	1	0	73	0	0	1	0	0	0	5	0	0	202	0	0	0	8	0	0	43	375	0	1	16	153	338
LT934125.1	+	31910	32415	NOV_TX_486	0	0	0	0	0	0	49	0	0	0	0	0	0	0	0	0	0	0	0	0	0	0	86	0	0	0	0	0	0	0
LT934125.1	+	31930	32415	NOV_TX_487	4	323	0	0	0	8	0	0	1	0	5	0	0	3	0	0	343	2	0	0	5	23	0	13	403	1	0	35	116	242
LT934125.1	+	31943	32415	NOV_TX_488	2	0	1	0	0	4	0	0	0	0	0	0	0	8	0	0	0	0	1	0	9	40	0	37	0	1	0	14	0	0
LT934125.1	+	31973	32415	NOV_TX_490	0	0	0	0	2	0	0	0	0	0	0	39	50	0	0	0	0	0	0	0	0	0	0	0	0	0	0	0	0	0
LT934125.1	+	31994	32415	NOV_TX_491	0	0	0	0	0	0	0	233	0	0	0	0	0	0	0	0	0	0	0	0	0	0	0	0	0	0	9	0	0	0
LT934125.1	+	32038	32276	NOV_TX_493	0	1	0	0	0	0	0	0	0	0	0	0	0	0	0	0	5	0	0	0	0	3	1	0	2	0	0	0	1	2
LT934125.1	+	32038	32415	NOV_TX_492	60	17175	3	7	63	374	2217	15661	0	2	100	814	1177	184	0	2	26200	0	21	15	457	2640	4051	927	51602	1	162	887	8667	19859
LT934125.1	+	32092	32415	NOV_TX_494	15	746	1	0	0	11	96	387	0	1	3	22	39	29	0	0	811	0	1	2	23	98	163	144	914	0	10	21	199	479
LT934125.1	+	32133	32415	NOV_TX_496	0	0	0	0	0	0	0	766	0	0	0	0	0	0	0	0	0	0	0	0	0	0	0	0	0	0	29	144	0	0
LT934125.1	+	32146	32415	NOV_TX_497	0	524	0	0	0	0	356	0	0	0	9	0	0	0	0	0	0	0	0	0	0	0	0	0	0	0	0	0	0	0
LT934125.1	+	32163	32415	NOV_TX_498	11	2346	0	3	0	41	0	0	0	0	0	50	122	35	0	2	3132	0	1	9	62	0	596	179	3749	1	0	38	842	1962
LT934125.1	+	32199	32415	NOV_TX_499	0	0	0	0	5	0	0	0	0	0	0	0	0	0	0	0	0	1	0	0	0	334	0	0	0	0	0	0	0	0
LT934125.1	+	32213	32415	NOV_TX_500	1	0	0	0	0	0	0	0	0	0	0	16	0	7	0	0	0	0	1	2	30	0	0	14	0	0	0	0	0	0
LT934125.1	+	32268	32415	NOV_TX_501	3	2052	1	3	0	0	334	0	0	0	4	11	34	7	0	0	1803	1	1	7	82	263	407	50	1961	2	29	92	460	1038
LT934125.1	+	32310	32415	NOV_TX_502	0	0	0	0	9	48	0	180	0	0	0	0	0	0	0	0	0	0	0	0	0	0	0	0	0	0	0	0	0	0
LT934125.1	+	44030	46038	NOV_TX_511	0	3	0	0	0	0	0	0	0	0	0	0	0	0	0	0	0	0	0	0	0	0	2	0	0	0	0	0	0	0
LT934125.1	+	44088	46038	NOV_TX_513	0	0	0	0	0	1	2	1	0	0	0	0	1	0	0	0	2	0	0	0	0	0	0	0	1	0	0	1	0	1
LT934125.1	+	44730	46038	NOV_TX_518	0	3	0	0	0	0	0	0	0	0	0	0	0	0	0	0	0	0	0	0	2	0	0	0	1	0	0	0	2	0
LT934125.1	+	44812	45056	NOV_TX_520	0	16	0	0	0	0	3	0	0	0	0	0	0	0	0	0	10	0	0	0	0	3	1	0	46	0	0	4	21	12
LT934125.1	+	44812	45890	NOV_TX_521	0	1	0	0	0	0	0	0	0	0	0	0	0	0	0	0	1	0	0	0	0	2	1	0	5	0	0	0	6	1
LT934125.1	+	44812	46038	NOV_TX_519	19	1724	10	12	30	178	450	1612	1	8	29	90	272	67	0	1	2032	6	5	16	149	667	521	568	8213	0	67	427	2428	3756
LT934125.1	+	44812	49647	NOV_TX_522	0	59	0	0	2	10	5	49	0	0	0	1	13	5	0	0	24	0	0	0	1	0	12	8	59	0	0	0	4	37
LT934125.1	+	44870	46038	NOV_TX_524	0	6	0	0	0	1	19	0	0	0	1	0	2	2	0	0	64	0	1	0	5	23	11	19	289	0	0	0	54	78
LT934125.1	+	44882	46038	NOV_TX_526	0	110	0	0	0	1	5	0	0	0	1	1	2	1	0	0	3	0	0	0	0	2	2	3	13	0	0	29	1	6
LT934125.1	+	44946	46038	NOV_TX_529	2	24	0	0	1	0	8	27	0	1	1	2	4	2	0	0	58	0	0	0	2	8	0	13	134	0	1	12	41	79
LT934125.1	+	44972	46038	NOV_TX_531	0	31	0	0	0	0	0	0	0	0	0	0	0	0	0	0	0	0	0	0	0	0	8	0	0	0	0	0	0	0
LT934125.1	+	44999	46038	NOV_TX_532	0	3	0	0	0	0	0	2	0	0	0	0	3	0	0	0	3	0	0	0	0	1	4	1	10	0	0	0	2	1
LT934125.1	+	45034	46038	NOV_TX_533	0	10	0	0	0	0	8	0	0	0	0	1	3	0	0	0	15	0	0	0	0	0	12	1	0	0	0	1	8	12
LT934125.1	+	45059	46038	NOV_TX_534	0	18	1	0	0	3	0	20	0	0	0	1	2	3	0	0	28	0	0	0	0	18	0	13	119	0	0	4	29	29
LT934125.1	+	45107	46038	NOV_TX_536	0	23	0	0	1	0	1	13	0	0	0	0	1	1	0	0	52	0	0	0	0	0	11	6	28	0	0	3	2	14
LT934125.1	+	45136	46038	NOV_TX_537	1	11	0	0	0	3	3	10	0	0	0	0	1	0	0	0	0	0	0	0	5	11	0	1	67	0	1	7	49	17
LT934125.1	+	45199	46038	NOV_TX_538	1	5	0	0	0	2	3	14	0	0	1	1	2	0	0	0	23	0	0	0	2	0	0	4	11	0	0	1	10	12
LT934125.1	+	45259	46038	NOV_TX_540	0	5	0	0	0	2	6	7	0	0	0	1	4	1	0	0	20	0	0	0	0	7	3	11	68	0	2	4	24	33
LT934125.1	+	45302	46038	NOV_TX_542	0	7	0	0	0	0	1	3	0	0	0	0	4	0	0	0	34	0	0	0	4	8	2	19	48	0	0	0	4	6
LT934125.1	+	45313	46038	NOV_TX_543	0	14	0	0	0	0	0	14	0	0	0	0	0	0	0	0	0	0	0	0	0	0	0	0	51	0	0	0	26	30
LT934125.1	+	45333	46038	NOV_TX_544	0	1	0	0	0	0	0	2	0	0	0	0	0	0	0	0	2	0	0	0	0	0	1	1	0	0	0	2	1	0
LT934125.1	+	45372	46038	NOV_TX_545	1	21	0	0	0	0	27	0	0	0	0	0	0	2	0	0	0	0	0	0	0	0	0	2	0	0	0	13	0	0
LT934125.1	+	45393	46038	NOV_TX_546	0	0	0	0	0	0	0	0	0	0	0	4	21	0	0	0	0	0	0	0	7	0	30	0	307	0	0	0	107	0
LT934125.1	+	45415	46038	NOV_TX_548	3	51	1	0	0	3	0	91	0	0	2	0	0	8	0	0	0	0	0	0	0	24	0	33	0	0	0	12	0	0
LT934125.1	+	45445	46038	NOV_TX_550	0	0	0	0	0	0	0	0	0	0	0	0	0	0	0	0	139	0	0	0	0	0	0	0	0	0	0	0	0	131
LT934125.1	+	45499	46038	NOV_TX_551	0	6	0	0	0	0	2	2	0	0	1	0	2	1	0	0	15	0	0	0	2	3	6	6	34	0	0	1	10	21
LT934125.1	+	45525	46038	NOV_TX_552	0	0	0	0	0	0	0	15	0	0	0	0	0	0	0	0	0	0	0	0	0	0	6	0	0	0	0	0	0	0
LT934125.1	+	45536	46038	NOV_TX_553	1	19	0	0	0	0	5	0	0	0	0	1	2	7	0	0	22	0	0	0	3	0	0	15	46	0	0	4	18	22
LT934125.1	+	45580	46038	NOV_TX_555	0	0	0	0	0	0	0	34	0	0	1	0	0	0	0	0	0	0	0	0	0	0	0	0	0	0	0	0	0	0
LT934125.1	+	45601	46038	NOV_TX_557	2	20	0	0	0	1	0	0	0	0	0	1	4	0	0	0	46	0	0	1	2	21	9	14	86	0	0	13	0	66
LT934125.1	+	45631	46038	NOV_TX_559	0	23	0	0	0	0	14	3	0	0	0	0	1	3	0	0	10	0	0	0	1	2	7	11	42	0	0	4	52	8
LT934125.1	+	45662	46038	NOV_TX_561	0	7	0	0	0	1	2	8	0	0	0	1	4	0	0	0	26	0	0	0	4	3	3	1	42	0	0	3	7	29
LT934125.1	+	45700	46038	NOV_TX_562	0	0	0	0	1	0	0	0	0	0	0	0	0	0	0	0	0	0	0	0	0	0	0	0	0	0	0	48	0	0
LT934125.1	+	45724	46038	NOV_TX_563	0	60	0	0	0	1	64	77	0	0	0	2	24	1	0	0	120	0	0	0	0	59	78	4	0	0	3	0	0	0
LT934125.1	+	45743	46038	NOV_TX_566	1	0	2	2	0	3	0	0	0	0	2	5	0	5	0	1	173	1	0	0	15	0	0	31	0	0	9	0	242	0
LT934125.1	+	45830	46038	NOV_TX_572	0	0	0	0	0	3	0	0	0	0	0	0	7	2	0	0	256	0	0	1	14	0	83	9	513	0	0	0	0	0
LT934125.1	+	45866	46038	NOV_TX_575	0	360	0	0	1	12	0	0	0	0	0	2	0	0	0	0	145	0	1	1	13	96	0	9	0	0	0	61	377	0
LT934125.1	+	45911	46038	NOV_TX_578	0	0	0	0	0	0	96	46	0	0	0	0	0	0	0	0	0	0	0	0	0	0	0	0	335	0	0	0	0	484
LT934125.1	+	45958	46038	NOV_TX_580	0	12	0	0	0	1	0	0	0	0	0	0	0	0	0	0	7	0	0	0	0	0	0	0	45	0	0	0	0	0
LT934125.1	+	46026	49647	NOV_TX_582	3	99	0	1	9	25	18	135	0	0	1	5	26	10	0	0	34	0	0	1	1	6	29	35	370	0	2	0	17	122
LT934125.1	+	46096	49647	NOV_TX_585	0	8	0	0	0	0	0	1	0	0	0	0	1	0	0	0	0	0	0	0	0	0	1	0	0	0	0	0	0	0
LT934125.1	+	46168	49647	NOV_TX_588	0	16	0	0	0	1	1	9	0	0	0	0	2	0	0	0	9	0	0	0	0	1	4	1	9	0	0	0	2	2
LT934125.1	+	46233	49647	NOV_TX_589	0	238	13	4	16	67	60	223	1	2	6	6	58	3	0	1	80	0	1	12	10	23	86	0	259	2	21	7	59	290
LT934125.1	+	46286	49647	NOV_TX_590	0	2	0	0	0	0	0	0	0	0	0	0	3	0	0	0	0	0	0	0	0	1	0	1	0	0	0	0	0	1
LT934125.1	+	46332	49647	NOV_TX_591	1	3	0	0	0	2	4	18	0	0	0	0	7	0	0	0	3	0	0	0	0	0	2	6	11	0	1	0	0	4
LT934125.1	+	46453	49647	NOV_TX_594	0	8	0	0	1	0	3	3	0	0	0	0	1	0	0	0	2	0	0	0	0	1	2	0	1	0	0	0	0	2
LT934125.1	+	46489	49647	NOV_TX_595	0	26	0	0	0	1	2	5	0	0	0	0	2	0	0	0	15	0	0	0	2	3	8	1	25	0	0	0	4	12
LT934125.1	+	46514	49647	NOV_TX_596	0	0	0	0	2	0	0	1	0	0	0	0	0	1	0	0	1	0	0	0	0	0	0	0	0	0	0	0	1	3
LT934125.1	+	46529	49647	NOV_TX_597	0	5	0	0	0	0	0	0	0	0	0	0	0	0	0	0	0	0	0	0	0	0	0	0	1	0	0	0	0	1
LT934125.1	+	46571	49647	NOV_TX_598	0	1	0	0	0	0	0	1	0	0	0	0	0	0	0	0	0	0	0	0	0	1	2	0	0	0	0	0	0	0
LT934125.1	+	46635	49647	NOV_TX_599	0	2	0	0	0	0	1	6	0	0	0	0	0	0	0	0	2	0	0	1	0	0	1	1	3	0	0	0	0	4
LT934125.1	+	46682	49647	NOV_TX_600	0	15	0	0	1	0	2	7	0	0	0	0	2	1	0	0	5	0	0	0	0	2	4	1	4	0	0	0	1	2
LT934125.1	+	46717	49647	NOV_TX_602	0	3	0	0	0	0	0	2	0	0	0	0	0	0	0	0	5	0	0	1	1	2	0	1	2	0	0	0	1	8
LT934125.1	+	46754	49647	NOV_TX_603	0	0	0	0	1	0	0	9	0	0	0	0	9	0	0	0	2	0	0	0	1	0	0	1	12	0	0	0	0	0
LT934125.1	+	46778	49647	NOV_TX_604	1	15	0	0	0	4	3	0	0	0	0	0	0	0	0	0	0	0	0	0	0	4	0	3	4	0	0	0	0	13
LT934125.1	+	46840	49647	NOV_TX_606	0	3	0	0	0	3	2	0	0	0	0	0	0	0	0	0	0	0	0	0	0	0	3	0	2	0	0	0	0	1
LT934125.1	+	46867	49647	NOV_TX_607	0	4	0	0	0	0	0	2	0	0	0	0	0	0	0	0	6	0	0	0	0	0	0	1	3	0	0	0	0	0
LT934125.1	+	46904	49647	NOV_TX_608	0	6	0	0	0	0	0	4	0	0	0	0	3	1	0	0	9	0	0	0	0	0	2	1	7	0	0	0	0	4
LT934125.1	+	46978	49647	NOV_TX_610	0	5	0	0	0	0	0	0	0	0	0	0	0	1	0	0	0	0	0	0	0	0	0	1	0	0	0	0	0	1
LT934125.1	+	47015	49647	NOV_TX_611	0	0	1	0	0	1	1	7	0	0	0	1	0	2	0	0	14	1	0	0	0	3	1	3	13	0	0	0	1	4
LT934125.1	+	47064	49647	NOV_TX_614	0	2	0	0	0	0	0	4	0	0	0	0	1	2	0	1	2	0	0	0	0	2	8	0	4	0	0	0	3	2
LT934125.1	+	47101	49647	NOV_TX_615	0	0	0	1	0	0	0	0	0	0	0	0	3	1	0	0	0	0	0	0	0	1	1	1	0	0	0	0	0	0
LT934125.1	+	47144	49647	NOV_TX_616	0	14	0	0	0	0	0	9	0	0	1	0	3	1	0	1	6	0	0	0	0	2	6	0	6	0	1	0	3	5
LT934125.1	+	47188	49647	NOV_TX_617	0	3	0	0	0	0	0	0	0	0	0	0	1	0	0	0	1	0	0	0	0	0	0	0	1	0	0	0	1	0
LT934125.1	+	47264	49647	NOV_TX_620	0	5	0	0	0	0	0	5	0	0	0	1	0	0	0	0	4	0	0	1	1	0	0	0	5	0	0	0	2	1
LT934125.1	+	47315	49647	NOV_TX_621	0	59	1	0	2	4	14	52	0	0	1	1	16	1	0	1	30	1	0	0	6	26	18	4	57	0	1	2	14	49
LT934125.1	+	47366	49647	NOV_TX_622	0	8	0	0	0	0	0	6	0	0	0	1	0	0	0	0	5	0	0	0	0	0	0	1	4	0	0	0	1	6
LT934125.1	+	47393	49647	NOV_TX_624	0	1	0	0	0	0	0	1	0	0	0	0	0	0	0	0	1	0	0	0	0	2	0	0	4	0	0	0	0	0
LT934125.1	+	47411	49647	NOV_TX_625	0	0	0	0	0	0	2	0	0	0	0	0	0	0	0	0	0	0	0	0	0	0	3	0	0	0	0	0	0	0
LT934125.1	+	47486	49647	NOV_TX_628	0	30	0	0	0	1	6	17	0	0	0	0	0	1	0	0	20	0	0	1	0	0	14	3	0	0	0	1	3	0
LT934125.1	+	47521	49647	NOV_TX_630	0	0	0	0	0	0	0	0	0	0	0	0	4	0	0	0	0	0	0	0	3	0	0	0	30	0	0	0	0	0
LT934125.1	+	47567	49647	NOV_TX_631	0	18	0	0	1	1	6	22	0	0	0	0	5	4	0	0	11	0	1	0	2	4	6	6	20	0	0	0	5	16
LT934125.1	+	47613	49647	NOV_TX_632	0	0	0	0	0	0	0	0	0	0	0	0	0	0	0	0	0	1	0	0	2	3	0	0	0	0	0	0	0	0
LT934125.1	+	47628	49647	NOV_TX_633	0	16	0	0	0	3	6	0	0	0	0	0	0	1	0	0	10	0	1	0	0	0	9	3	9	0	0	2	5	7
LT934125.1	+	47642	49647	NOV_TX_634	0	11	0	0	0	0	0	16	0	0	0	0	3	0	0	0	11	0	0	0	0	0	0	3	8	0	0	0	0	4
LT934125.1	+	47680	49647	NOV_TX_635	1	0	0	0	0	5	0	0	0	0	0	0	0	2	0	0	0	0	0	0	0	0	0	4	0	0	0	1	0	34
LT934125.1	+	47699	49647	NOV_TX_636	0	37	0	0	3	0	0	30	0	0	0	0	0	0	0	0	30	0	0	0	3	7	21	0	45	0	0	0	0	0
LT934125.1	+	47723	49647	NOV_TX_637	1	0	0	0	0	0	0	0	0	0	0	0	18	2	0	0	0	0	0	0	0	0	0	4	0	0	0	0	0	0
LT934125.1	+	47736	49647	NOV_TX_638	0	0	0	0	0	0	4	0	0	0	0	0	0	0	0	0	7	0	2	0	0	0	0	1	0	0	0	0	0	0
LT934125.1	+	47803	49647	NOV_TX_642	2	23	0	0	0	0	2	15	0	0	0	0	5	1	0	0	0	1	0	0	0	0	6	1	10	0	0	1	3	5
LT934125.1	+	47824	49647	NOV_TX_643	1	0	0	0	0	0	1	12	0	0	0	0	0	0	0	0	56	0	0	0	0	3	4	3	13	0	0	0	3	12
LT934125.1	+	47872	49647	NOV_TX_644	0	11	0	0	0	0	3	10	0	0	0	1	0	1	0	0	13	0	0	0	3	2	5	5	11	0	0	0	2	7
LT934125.1	+	47889	49647	NOV_TX_645	0	0	0	0	0	0	0	0	0	0	0	0	0	1	0	0	0	0	0	1	0	0	0	2	0	0	0	1	0	1
LT934125.1	+	47933	49647	NOV_TX_646	0	3	0	0	0	0	3	1	0	1	0	0	0	0	0	0	1	0	0	0	0	0	1	0	3	0	0	0	2	1
LT934125.1	+	47964	49647	NOV_TX_647	0	2	0	0	0	0	0	6	0	0	0	0	2	0	0	0	2	0	0	0	0	2	1	1	3	0	0	2	1	2
LT934125.1	+	48013	49647	NOV_TX_648	0	13	0	0	0	0	0	2	0	0	0	0	8	0	0	0	0	0	0	0	0	0	22	0	2	0	0	0	0	37
LT934125.1	+	48046	49647	NOV_TX_650	0	0	0	0	0	0	0	5	0	0	0	0	0	1	0	0	15	0	0	0	0	0	0	4	9	0	1	0	0	0
LT934125.1	+	48069	49647	NOV_TX_651	1	54	0	0	0	0	0	18	0	0	0	0	0	1	0	0	47	0	0	0	0	0	0	5	25	0	0	0	11	0
LT934125.1	+	48109	49647	NOV_TX_653	0	0	0	0	0	3	15	11	0	0	0	0	0	0	0	0	0	0	0	0	0	13	0	2	4	0	0	3	0	0
LT934125.1	+	48172	49647	NOV_TX_655	0	63	0	0	0	0	58	0	0	0	1	0	0	3	0	0	0	1	0	0	0	27	0	7	0	0	0	0	65	135
LT934125.1	+	48190	49647	NOV_TX_656	0	0	0	0	1	0	0	141	0	0	0	0	0	0	0	0	0	0	0	0	0	0	0	0	0	0	0	0	0	0
LT934125.1	+	48214	49647	NOV_TX_657	6	240	0	2	0	0	0	0	0	0	1	1	0	7	0	0	194	1	2	1	0	0	0	26	0	0	3	0	0	0
LT934125.1	+	48250	49647	NOV_TX_658	0	0	0	0	0	9	0	0	0	0	0	0	41	0	0	0	91	0	0	0	7	0	87	0	190	0	0	0	0	0
LT934125.1	+	48276	49647	NOV_TX_659	2	51	0	0	0	0	65	0	0	0	0	4	0	5	0	0	0	0	0	0	4	0	12	21	0	0	1	2	0	0
LT934125.1	+	48294	49647	NOV_TX_660	0	0	0	0	0	0	0	172	0	0	0	0	0	0	0	0	40	0	0	0	0	0	0	0	205	0	0	0	57	0
LT934125.1	+	48323	49647	NOV_TX_661	0	0	0	0	0	0	0	0	0	0	0	0	0	1	0	0	0	1	2	0	0	0	10	11	0	0	0	0	0	175
LT934125.1	+	48346	49647	NOV_TX_662	1	0	0	1	0	0	0	0	0	0	2	0	0	3	0	0	0	0	0	1	7	34	64	3	0	0	6	13	0	0
LT934125.1	+	48362	49647	NOV_TX_663	0	298	0	0	0	0	0	0	0	2	0	0	54	0	0	0	211	0	0	0	0	0	0	0	0	0	0	0	0	0
LT934125.1	+	48373	49647	NOV_TX_664	0	0	0	0	0	5	0	0	0	0	0	0	0	0	0	0	76	0	0	0	0	0	0	0	0	0	0	0	0	0
LT934125.1	+	48412	49647	NOV_TX_665	1	31	1	0	0	0	1	0	0	0	0	5	40	2	0	1	0	1	0	1	0	26	0	3	35	0	0	0	0	0
LT934125.1	+	48475	49647	NOV_TX_667	0	0	1	3	2	7	31	0	1	1	2	0	0	7	0	0	0	0	0	1	0	0	0	15	0	0	0	15	0	0
LT934125.1	+	48493	49647	NOV_TX_668	0	256	1	0	1	0	12	0	0	0	1	0	0	4	0	0	87	0	0	0	2	0	0	4	54	0	0	5	0	0
LT934125.1	+	48520	49647	NOV_TX_670	0	0	0	0	0	0	0	95	0	0	0	0	0	0	0	0	174	0	0	0	0	0	94	0	105	0	0	0	72	165
LT934125.1	+	48567	49161	NOV_TX_673	0	2	0	0	0	0	0	0	0	0	0	0	0	0	0	0	0	0	0	0	0	0	0	0	0	0	0	0	5	0
LT934125.1	+	48567	49647	NOV_TX_671	7	3274	37	50	72	324	1533	2169	9	38	147	273	454	19	2	29	2094	28	78	86	200	640	1034	74	1693	9	188	1335	2795	4527
LT934125.1	+	48615	49647	NOV_TX_674	10	1086	9	9	5	32	270	360	0	7	18	32	123	12	0	3	921	4	6	21	44	128	281	30	462	0	35	135	318	617
LT934125.1	+	48658	49647	NOV_TX_675	1	98	1	3	1	4	31	26	0	1	0	2	29	3	0	0	76	2	0	3	8	22	16	4	59	0	4	12	38	52
LT934125.1	+	48691	49647	NOV_TX_676	4	224	3	2	4	11	70	70	1	2	3	5	19	11	0	0	180	1	1	2	10	26	70	16	97	0	8	29	65	145
LT934125.1	+	48713	49647	NOV_TX_677	1	5	0	0	1	1	1	7	0	0	0	0	4	1	0	0	10	0	0	0	10	3	4	5	6	0	0	1	2	7
LT934125.1	+	48726	49647	NOV_TX_678	0	40	0	0	0	8	11	59	0	0	5	3	6	3	0	0	42	0	0	1	0	13	20	6	44	0	3	1	27	40
LT934125.1	+	48750	49647	NOV_TX_679	0	121	0	0	0	0	0	0	0	0	0	0	0	0	0	0	0	0	0	0	0	0	0	0	0	0	0	22	0	0
LT934125.1	+	48764	49647	NOV_TX_680	4	0	0	1	1	6	10	22	0	1	4	3	62	4	0	0	0	0	2	2	0	25	43	10	98	0	12	0	43	36
LT934125.1	+	48785	49647	NOV_TX_681	0	0	0	0	0	3	0	0	0	1	3	7	0	2	0	0	317	0	0	3	10	21	47	13	79	0	0	0	46	150
LT934125.1	+	48803	49647	NOV_TX_682	0	159	0	0	0	0	50	128	0	0	0	0	0	0	0	0	0	0	0	0	4	0	0	0	0	0	0	21	0	0
LT934125.1	+	48835	49647	NOV_TX_683	0	0	0	0	1	14	0	0	0	0	0	18	0	0	0	0	0	0	0	0	0	0	0	0	0	0	0	0	0	0
LT934125.1	+	48854	49647	NOV_TX_684	6	0	0	0	0	0	92	175	1	0	1	0	31	6	0	0	418	4	5	2	0	37	60	34	266	0	8	33	181	267
LT934125.1	+	48868	49647	NOV_TX_685	0	0	0	7	0	0	0	0	0	0	0	0	0	0	0	0	0	0	0	0	21	0	0	0	0	0	0	0	0	0
LT934125.1	+	48882	49647	NOV_TX_686	0	402	0	0	0	0	0	0	0	0	0	0	0	0	0	0	0	0	0	0	0	0	0	0	0	2	0	69	0	0
LT934125.1	+	48912	49647	NOV_TX_687	9	0	1	3	5	0	0	0	0	3	20	0	27	16	0	3	0	0	7	4	22	44	56	38	0	3	0	0	0	0
LT934125.1	+	48931	49647	NOV_TX_688	0	306	0	0	0	0	0	361	0	0	0	0	109	0	0	0	405	4	0	0	0	131	206	0	382	0	0	0	198	405
LT934125.1	+	48957	49647	NOV_TX_690	1	0	1	0	0	26	0	0	0	2	0	0	0	2	0	0	0	0	0	0	0	0	0	10	0	0	0	0	0	0
LT934125.1	+	48996	49647	NOV_TX_691	0	0	0	0	6	0	0	0	0	0	0	0	0	0	0	0	349	0	0	0	0	0	0	0	0	0	0	0	0	0
LT934125.1	+	49009	49647	NOV_TX_692	0	0	2	3	0	0	0	0	0	3	0	0	0	6	0	2	0	0	0	6	0	0	0	11	0	0	26	0	0	0
LT934125.1	+	49022	49647	NOV_TX_693	0	276	0	0	0	0	0	0	0	0	0	0	0	0	0	0	0	0	0	0	0	0	0	0	0	0	0	42	0	0
LT934125.1	+	49050	49647	NOV_TX_694	0	0	0	0	0	0	160	0	0	0	0	30	0	0	0	0	0	0	0	0	31	0	0	0	0	0	0	36	0	0
LT934125.1	+	49079	49647	NOV_TX_695	0	43	0	1	0	3	15	26	0	4	2	2	3	4	0	0	65	0	1	3	6	8	13	7	32	0	1	0	24	30
LT934125.1	+	49115	49647	NOV_TX_696	15	250	2	4	3	9	71	129	0	3	0	25	45	22	0	0	312	0	0	4	18	56	93	24	0	2	8	29	92	144
LT934125.1	+	49138	49647	NOV_TX_697	0	0	0	0	0	0	0	0	0	0	0	0	0	0	0	2	0	0	0	0	0	0	0	0	152	0	0	0	0	0
LT934125.1	+	49196	49647	NOV_TX_700	6	496	4	0	0	11	103	362	0	3	16	38	92	21	0	0	126	2	5	0	0	139	0	29	336	2	22	0	232	304
LT934125.1	+	49223	49647	NOV_TX_701	0	0	0	6	5	0	0	0	0	0	0	0	0	0	0	0	460	0	0	8	0	0	165	0	0	0	0	75	0	0
LT934125.1	+	49263	49647	NOV_TX_702	15	651	3	4	4	0	0	799	1	7	47	81	172	32	0	4	0	2	0	10	57	0	0	65	629	5	0	114	349	656
LT934125.1	+	49282	49647	NOV_TX_703	0	155	0	0	2	0	0	0	0	0	2	0	0	3	0	0	0	0	0	4	0	0	0	10	0	1	58	0	0	0
LT934125.1	+	49307	49647	NOV_TX_704	0	0	0	0	0	31	0	0	0	0	0	0	0	0	0	0	0	0	14	0	0	0	0	0	0	0	0	0	0	0
LT934125.1	+	49318	49647	NOV_TX_705	0	0	0	0	0	0	210	0	0	0	0	0	0	0	0	0	1283	0	0	0	0	0	0	0	0	0	0	0	0	0
LT934125.1	+	49331	49647	NOV_TX_706	1	80	1	0	0	0	0	0	0	0	3	0	0	3	0	0	57	0	0	0	6	207	350	15	0	1	0	9	0	0
LT934125.1	+	49380	49647	NOV_TX_707	1	0	1	2	0	4	0	0	0	1	4	13	0	6	0	0	0	1	2	8	11	190	0	15	175	0	9	44	365	815
LT934125.1	+	49406	49647	NOV_TX_708	4	0	9	10	10	27	330	331	1	4	3	19	0	13	0	2	0	4	2	0	53	0	0	31	424	1	28	0	0	0
LT934125.1	+	49434	49647	NOV_TX_709	0	1172	0	0	0	0	0	0	0	0	0	0	88	0	0	0	1119	0	0	0	0	0	0	0	0	0	0	99	0	0
LT934125.1	+	49482	49647	NOV_TX_711	0	0	0	0	0	0	0	144	0	0	0	19	0	0	0	0	0	0	0	0	0	0	0	0	0	0	0	0	0	0
LT934125.1	+	49502	49647	NOV_TX_712	1	1270	9	6	8	27	373	0	0	1	3	0	36	3	0	1	1099	3	4	15	63	298	315	4	514	1	25	186	421	642
LT934125.1	+	49543	49647	NOV_TX_713	0	179	1	2	1	10	52	11	0	0	0	0	0	0	0	0	120	0	1	1	8	32	46	0	57	1	7	12	40	78
LT934125.1	+	50156	52437	NOV_TX_717	0	3	0	0	0	1	2	1	0	0	0	0	0	0	0	0	2	0	0	0	0	1	1	0	0	0	0	0	0	0
LT934125.1	+	51148	52435	NOV_TX_734	0	0	0	0	0	0	0	5	0	0	0	0	1	0	0	0	0	0	0	0	0	0	0	0	0	0	0	0	0	0
LT934125.1	+	51148	52437	NOV_TX_733	0	20	0	1	1	3	5	9	0	0	0	0	0	0	0	0	19	0	0	0	2	6	1	0	101	0	3	2	18	47
LT934125.1	+	51148	55161	NOV_TX_736	0	0	0	0	0	0	1	0	0	0	0	0	0	0	0	0	0	0	0	0	0	0	0	0	4	0	0	0	0	3
LT934125.1	+	51235	51338	NOV_TX_740	0	2	0	0	1	0	1	0	0	0	0	0	0	0	0	0	0	0	0	0	0	0	0	0	0	0	0	0	0	1
LT934125.1	+	51235	52435	NOV_TX_738	3	0	0	0	0	0	0	1580	0	0	37	95	379	11	1	11	0	0	29	0	0	0	0	94	0	0	0	0	0	0
LT934125.1	+	51235	52437	NOV_TX_737	0	2594	11	28	51	228	548	1027	2	20	10	41	268	0	0	0	1984	4	0	37	213	778	677	0	7662	3	69	559	2133	4662
LT934125.1	+	51235	53594	NOV_TX_739	0	142	1	0	1	19	22	165	1	0	1	4	50	0	0	1	29	0	0	5	9	14	15	1	68	0	1	8	40	90
LT934125.1	+	51235	55161	NOV_TX_743	1	103	0	1	2	16	13	116	0	0	1	1	44	0	0	0	14	0	0	0	0	1	4	3	69	0	0	1	7	42
LT934125.1	+	51235	55271	NOV_TX_744	0	1	0	0	0	0	0	0	0	0	0	0	0	0	0	0	0	0	0	0	0	1	0	0	2	0	0	0	1	0
LT934125.1	+	51300	52435	NOV_TX_749	5	0	0	0	0	0	0	40	0	0	0	2	4	15	0	1	0	0	0	0	0	0	0	108	0	0	0	0	0	0
LT934125.1	+	51300	52437	NOV_TX_746	0	98	0	0	0	5	0	34	0	0	0	1	9	0	0	0	94	1	0	1	11	35	37	0	0	0	4	33	0	173
LT934125.1	+	51300	53594	NOV_TX_747	0	4	0	0	0	0	0	0	0	0	0	0	0	0	0	0	0	0	0	0	0	0	0	0	0	0	0	1	0	0
LT934125.1	+	51332	52437	NOV_TX_750	0	88	0	0	0	0	0	0	0	0	0	0	0	0	0	0	0	0	0	0	0	0	0	0	257	0	0	0	111	0
LT934125.1	+	51394	52435	NOV_TX_754	3	0	0	0	0	0	0	0	0	0	0	1	2	3	0	0	0	0	0	0	0	0	0	11	0	0	0	0	0	0
LT934125.1	+	51394	52437	NOV_TX_755	0	27	0	0	1	0	0	0	0	0	0	1	1	0	0	0	0	0	0	0	0	0	0	0	0	0	0	0	0	0
LT934125.1	+	51464	52435	NOV_TX_759	0	0	0	0	0	0	0	2	0	0	0	0	1	0	0	0	0	0	0	0	0	0	0	6	0	0	0	0	0	0
LT934125.1	+	51464	52437	NOV_TX_758	0	17	0	0	0	0	1	2	0	0	0	0	2	0	0	0	0	0	0	0	0	1	0	0	6	0	0	2	0	3
LT934125.1	+	51495	52435	NOV_TX_763	0	0	0	0	0	0	0	99	0	0	0	0	38	0	0	0	0	0	0	0	0	0	0	0	0	0	0	0	0	0
LT934125.1	+	51495	52437	NOV_TX_761	0	0	0	0	0	13	64	155	0	0	0	0	38	0	0	0	0	0	0	0	17	55	0	0	791	0	0	16	247	0
LT934125.1	+	51495	53594	NOV_TX_762	0	0	0	0	0	0	2	2	0	0	0	0	2	0	0	0	0	0	0	0	0	0	0	0	1	0	0	0	0	0
LT934125.1	+	51529	52435	NOV_TX_765	3	0	0	0	0	0	0	0	0	0	1	7	0	4	0	0	0	0	1	0	0	0	0	35	0	0	0	0	0	0
LT934125.1	+	51529	52437	NOV_TX_766	0	333	0	1	4	0	0	0	0	1	2	3	0	0	0	0	0	1	0	0	0	0	0	0	0	0	10	38	0	0
LT934125.1	+	51574	52437	NOV_TX_769	0	0	0	0	0	0	0	0	0	0	0	0	0	0	0	0	0	0	0	7	0	0	0	0	0	0	0	0	0	514
LT934125.1	+	51593	52435	NOV_TX_772	3	0	0	0	0	0	0	0	0	0	0	0	0	2	0	0	0	0	0	0	0	0	0	26	0	0	0	0	0	0
LT934125.1	+	51593	52437	NOV_TX_771	0	100	0	0	2	0	0	0	0	0	0	0	0	0	0	0	467	0	0	0	6	0	0	0	0	0	0	24	0	0
LT934125.1	+	51637	52435	NOV_TX_777	0	0	0	0	0	0	0	7	0	0	2	1	3	1	0	0	0	0	0	0	0	0	0	8	0	0	0	0	0	0
LT934125.1	+	51637	52437	NOV_TX_775	0	42	0	0	0	2	2	6	0	0	0	1	2	0	0	0	41	0	0	0	2	6	12	0	52	0	1	8	13	37
LT934125.1	+	51637	53594	NOV_TX_776	0	3	0	0	0	0	0	0	0	0	0	0	0	0	0	0	1	0	0	0	0	0	0	0	0	0	0	1	0	0
LT934125.1	+	51687	52435	NOV_TX_781	1	0	0	0	0	0	0	30	0	0	0	1	0	5	0	0	0	0	0	0	0	0	0	52	0	0	0	0	0	0
LT934125.1	+	51687	52437	NOV_TX_780	0	79	1	1	0	5	18	38	0	0	1	2	0	0	0	0	61	0	0	1	3	18	23	0	158	0	3	6	49	100
LT934125.1	+	51687	53594	NOV_TX_782	0	6	0	0	0	0	0	0	0	0	0	0	0	0	0	0	0	0	0	0	0	1	0	0	1	0	0	0	1	2
LT934125.1	+	51746	52435	NOV_TX_787	0	0	0	0	0	0	0	1	0	0	1	0	0	8	0	0	0	0	0	0	0	0	0	42	0	0	0	0	0	0
LT934125.1	+	51746	52437	NOV_TX_785	0	144	0	0	2	0	0	4	0	1	0	1	0	0	0	0	128	0	0	0	6	29	42	0	466	1	1	0	129	198
LT934125.1	+	51746	53594	NOV_TX_786	0	5	0	0	0	0	0	0	0	0	0	0	0	0	0	0	1	0	0	0	0	1	0	0	0	0	0	0	0	2
LT934125.1	+	51746	55161	NOV_TX_788	0	4	0	0	0	0	0	0	0	0	0	0	0	0	0	0	0	0	0	0	0	0	1	0	1	0	0	0	0	0
LT934125.1	+	51806	52435	NOV_TX_793	5	0	0	0	0	0	0	0	0	0	0	0	0	4	0	0	0	0	0	0	0	0	0	20	0	0	0	0	0	0
LT934125.1	+	51806	52437	NOV_TX_791	0	25	0	1	0	1	0	0	0	0	0	0	0	0	0	0	0	0	0	0	5	0	0	0	0	0	1	28	0	0
LT934125.1	+	51843	52437	NOV_TX_794	0	0	0	0	0	0	38	0	0	0	0	0	10	0	0	0	0	0	0	2	0	0	0	0	0	0	0	0	0	0
LT934125.1	+	51898	52435	NOV_TX_799	1	0	0	0	0	0	0	48	0	0	0	0	0	1	0	0	0	0	0	0	0	0	0	20	0	0	0	0	0	0
LT934125.1	+	51898	52437	NOV_TX_800	0	32	3	0	0	0	0	69	0	0	0	0	0	0	0	0	0	0	0	0	3	0	0	0	0	0	2	6	0	0
LT934125.1	+	51898	53594	NOV_TX_801	0	4	0	0	0	0	0	1	0	0	0	0	0	0	0	0	0	0	0	0	0	0	0	1	0	0	0	0	0	0
LT934125.1	+	51960	52437	NOV_TX_802	0	0	0	0	0	0	44	0	0	0	0	0	27	0	0	0	90	0	0	0	0	0	0	0	0	0	0	0	0	0
LT934125.1	+	51988	52435	NOV_TX_806	1	0	0	0	0	0	0	0	0	0	0	6	0	3	0	0	0	0	1	0	0	0	0	23	0	0	0	0	0	0
LT934125.1	+	51988	52437	NOV_TX_805	0	31	0	0	0	0	0	0	0	0	0	8	0	0	0	0	0	0	0	0	1	0	66	0	90	0	1	0	0	0
LT934125.1	+	52004	52435	NOV_TX_809	1	0	0	0	0	0	0	0	0	0	0	0	0	7	0	0	0	0	0	0	0	0	0	36	0	0	0	0	0	0
LT934125.1	+	52004	52437	NOV_TX_810	0	33	0	0	2	0	0	0	0	0	1	0	0	0	0	0	0	0	0	0	5	0	0	0	0	0	1	20	166	0
LT934125.1	+	52040	52435	NOV_TX_815	0	0	0	0	0	0	0	67	0	0	2	0	0	12	0	0	0	0	1	0	0	0	0	42	0	0	0	0	0	0
LT934125.1	+	52040	52437	NOV_TX_812	0	137	0	0	1	9	0	82	0	1	0	0	0	0	0	0	173	0	0	3	11	38	0	0	499	0	3	24	0	318
LT934125.1	+	52040	53594	NOV_TX_813	0	3	0	0	0	1	0	0	0	0	0	0	0	0	0	0	2	0	0	0	0	0	0	0	3	0	0	0	0	0
LT934125.1	+	52082	52435	NOV_TX_819	1	0	0	0	0	0	0	35	0	0	1	4	10	5	0	0	0	0	2	0	0	0	0	28	0	0	0	0	0	0
LT934125.1	+	52082	52437	NOV_TX_816	0	9	0	0	0	2	14	40	0	1	3	1	9	0	0	0	20	1	0	1	1	23	35	0	279	0	2	2	73	155
LT934125.1	+	52082	53594	NOV_TX_817	0	0	0	0	0	0	0	1	0	0	0	0	0	0	0	0	0	0	0	0	0	0	0	0	2	0	0	0	1	1
LT934125.1	+	52102	52437	NOV_TX_820	0	222	0	0	0	0	0	0	0	0	0	0	0	0	0	0	0	0	0	0	8	0	0	0	0	0	0	0	0	0
LT934125.1	+	52121	52435	NOV_TX_824	1	0	0	0	0	0	0	23	0	0	1	2	8	11	0	1	0	0	1	0	0	0	0	27	0	0	0	0	0	0
LT934125.1	+	52121	52437	NOV_TX_823	0	0	0	1	1	2	18	38	0	0	1	1	13	0	0	0	262	0	0	0	0	15	28	0	275	0	4	30	82	127
LT934125.1	+	52172	52435	NOV_TX_830	10	0	0	0	0	0	0	52	0	0	1	0	2	9	0	0	0	0	0	0	0	0	0	57	0	0	0	0	0	0
LT934125.1	+	52172	52437	NOV_TX_827	0	69	0	0	1	0	92	41	0	1	0	1	2	0	0	0	66	0	0	0	24	89	1	0	140	0	5	65	1	5
LT934125.1	+	52172	53594	NOV_TX_828	0	0	0	0	1	0	1	0	0	0	0	0	0	0	0	0	0	0	0	0	1	1	0	0	2	0	0	0	0	0
LT934125.1	+	52201	52437	NOV_TX_831	0	0	0	0	0	0	0	0	1	0	0	0	0	0	0	0	0	0	0	0	0	0	0	0	0	0	0	0	0	528
LT934125.1	+	52214	52435	NOV_TX_834	1	0	0	0	0	0	0	0	0	0	0	1	6	7	0	0	0	0	0	0	0	0	0	24	0	0	0	0	0	0
LT934125.1	+	52214	52437	NOV_TX_833	0	145	0	0	1	0	0	0	0	1	1	0	5	0	0	0	123	0	0	0	0	0	0	0	0	0	2	12	0	0
LT934125.1	+	52280	52435	NOV_TX_838	2	0	0	0	0	0	0	0	0	0	0	1	0	0	0	0	0	0	0	0	0	0	0	4	0	0	0	0	0	0
LT934125.1	+	52280	52437	NOV_TX_839	0	36	0	0	1	0	0	0	0	0	0	0	0	0	0	0	23	0	0	0	6	0	0	0	0	0	2	0	0	0
LT934125.1	+	52306	52435	NOV_TX_842	0	0	0	0	0	0	0	2	0	0	0	1	0	2	0	0	0	0	0	0	0	0	0	8	0	0	0	0	0	0
LT934125.1	+	52306	52437	NOV_TX_840	0	0	0	1	2	0	2	0	0	0	0	2	1	0	0	0	127	0	0	0	2	2	3	0	597	0	4	1	228	15
LT934125.1	+	52381	53594	NOV_TX_847	0	35	0	0	0	0	12	6	0	0	2	1	1	0	0	0	23	0	0	0	1	7	1	2	10	0	0	6	15	3
LT934125.1	+	52381	55161	NOV_TX_848	0	6	0	0	0	0	1	0	0	0	0	0	0	0	0	0	4	0	0	0	0	0	1	1	3	0	0	1	1	2
LT934125.1	+	52460	53594	NOV_TX_850	9	632	17	0	14	167	258	935	11	0	18	64	285	25	0	14	822	13	23	42	114	364	397	141	1992	0	180	275	816	2094
LT934125.1	+	52460	53598	NOV_TX_854	0	0	0	25	0	0	0	0	0	29	0	0	0	0	0	0	0	0	0	0	0	0	0	0	0	0	0	0	0	0
LT934125.1	+	52460	55161	NOV_TX_851	1	258	0	4	12	36	37	285	0	0	3	6	81	11	0	0	149	0	1	1	12	28	68	47	693	0	3	10	133	363
LT934125.1	+	52460	55271	NOV_TX_858	0	5	0	0	0	0	3	0	0	0	0	0	0	0	0	0	0	0	0	0	0	0	0	0	0	0	0	0	0	2
LT934125.1	+	52556	53594	NOV_TX_860	0	29	0	0	0	1	0	4	0	0	0	0	2	2	0	0	26	0	0	1	5	5	4	2	12	0	0	4	11	23
LT934125.1	+	52556	55161	NOV_TX_861	0	9	0	0	0	0	0	2	0	0	0	1	0	0	0	0	5	0	0	0	0	0	1	0	3	0	0	0	1	2
LT934125.1	+	52634	53594	NOV_TX_865	0	0	0	0	0	0	0	0	0	0	0	0	0	0	0	0	0	0	0	0	0	7	0	0	0	0	0	0	1	0
LT934125.1	+	52649	53594	NOV_TX_866	0	14	0	0	0	0	2	3	0	0	0	0	0	0	0	0	2	0	0	0	0	0	0	3	4	0	0	1	3	11
LT934125.1	+	52649	55161	NOV_TX_867	0	5	0	0	0	0	0	0	0	0	0	0	0	0	0	0	0	0	0	0	0	0	0	1	0	0	0	0	0	3
LT934125.1	+	52681	53594	NOV_TX_868	0	15	0	0	0	0	7	0	0	0	0	0	7	1	0	0	26	0	0	0	0	0	14	4	2	0	0	0	0	0
LT934125.1	+	52681	55161	NOV_TX_869	0	4	0	0	0	0	2	0	0	0	0	0	2	0	0	0	4	0	0	0	0	0	1	0	0	0	0	0	0	0
LT934125.1	+	52708	53594	NOV_TX_870	1	0	0	0	0	1	0	24	0	0	0	0	0	2	0	0	0	0	0	0	4	0	0	6	9	0	2	6	20	38
LT934125.1	+	52708	55161	NOV_TX_871	0	0	0	0	0	2	0	2	0	0	0	0	0	0	0	0	0	0	1	0	0	0	0	0	1	0	0	1	1	4
LT934125.1	+	52740	53594	NOV_TX_873	0	24	0	0	0	0	0	2	0	0	0	1	1	0	0	0	0	0	0	0	0	0	1	4	15	0	0	15	0	1
LT934125.1	+	52740	55161	NOV_TX_874	0	7	0	0	0	0	0	0	0	0	0	0	0	1	0	0	0	0	0	0	0	0	0	1	0	0	0	0	0	0
LT934125.1	+	52806	53594	NOV_TX_877	0	0	0	0	0	0	0	0	0	0	0	0	0	0	0	0	0	0	0	0	0	11	6	0	0	0	0	0	0	0
LT934125.1	+	52829	53594	NOV_TX_879	1	21	0	0	0	0	9	25	0	0	1	1	3	1	0	0	25	0	0	1	2	0	0	5	26	0	5	19	23	26
LT934125.1	+	52829	55161	NOV_TX_880	0	6	0	0	0	0	1	6	0	0	0	0	1	0	0	0	2	0	0	0	0	0	0	3	2	0	0	0	1	2
LT934125.1	+	52878	53594	NOV_TX_882	1	9	0	0	0	0	0	2	0	0	0	0	0	1	0	0	0	0	0	0	1	1	0	2	4	0	3	6	3	1
LT934125.1	+	52918	53594	NOV_TX_885	0	11	0	0	0	1	0	0	0	0	0	0	0	0	0	0	0	0	0	0	0	2	21	0	1	0	4	0	0	0
LT934125.1	+	52938	53594	NOV_TX_887	0	19	0	0	0	0	0	0	0	0	0	3	8	1	0	0	44	0	0	0	1	7	0	3	22	0	0	5	61	0
LT934125.1	+	52938	55161	NOV_TX_888	0	0	0	0	0	0	0	0	0	0	0	0	0	0	0	0	5	0	0	0	0	0	0	0	0	0	0	0	2	0
LT934125.1	+	52956	53594	NOV_TX_889	0	23	0	0	0	0	14	31	0	0	0	3	11	2	0	0	35	0	2	2	4	11	0	1	38	0	0	12	0	85
LT934125.1	+	52956	55161	NOV_TX_890	0	2	0	0	0	0	0	3	0	0	0	0	0	0	0	0	3	0	0	0	0	0	0	1	3	0	0	1	0	5
LT934125.1	+	53006	53594	NOV_TX_891	0	9	0	0	0	0	1	6	0	0	0	0	2	0	0	0	3	0	0	0	0	5	3	1	5	0	0	1	1	5
LT934125.1	+	53006	55161	NOV_TX_892	0	6	0	0	0	0	2	1	0	0	0	0	0	0	0	0	0	0	0	0	0	2	0	0	0	0	0	0	1	1
LT934125.1	+	53072	53594	NOV_TX_894	1	35	0	0	0	4	11	25	0	0	2	4	0	0	0	0	54	0	1	2	0	5	17	9	25	0	0	14	36	61
LT934125.1	+	53072	55161	NOV_TX_896	0	7	0	0	0	1	0	2	0	0	0	0	0	0	0	0	3	0	0	0	0	0	2	1	2	0	0	1	2	5
LT934125.1	+	53119	53594	NOV_TX_900	0	8	0	0	0	0	0	0	0	0	0	0	0	0	0	2	11	0	0	0	0	5	0	0	9	0	0	17	0	0
LT934125.1	+	53190	53594	NOV_TX_903	0	0	0	0	0	0	23	0	0	0	0	0	0	0	0	0	0	0	0	0	0	0	0	0	0	0	0	41	75	0
LT934125.1	+	53190	55161	NOV_TX_904	0	0	0	0	0	0	1	0	0	0	0	0	0	0	0	0	0	0	0	0	0	0	0	0	0	0	0	0	4	0
LT934125.1	+	53211	53594	NOV_TX_905	0	17	0	0	0	2	0	0	0	0	1	4	0	1	0	0	7	0	2	0	0	22	0	1	2	0	0	0	0	0
LT934125.1	+	53211	55161	NOV_TX_906	0	4	0	0	0	2	0	0	0	0	0	0	0	0	0	0	0	0	0	0	0	3	0	2	0	0	0	0	0	0
LT934125.1	+	53234	53594	NOV_TX_907	0	42	1	0	0	0	0	83	0	0	3	0	0	2	0	0	58	0	0	2	5	0	31	19	73	0	6	0	0	0
LT934125.1	+	53234	55161	NOV_TX_909	0	10	0	0	0	0	0	12	0	0	0	0	0	0	0	0	3	0	0	0	0	0	1	0	5	0	0	0	0	0
LT934125.1	+	53266	53594	NOV_TX_911	0	0	0	0	0	0	0	0	0	0	0	0	16	0	0	0	0	0	0	0	0	0	0	0	0	0	0	0	0	108
LT934125.1	+	53266	55161	NOV_TX_912	0	0	0	0	0	0	0	0	0	0	0	0	2	0	0	0	0	0	0	0	0	0	0	0	0	0	0	0	0	3
LT934125.1	+	53311	53594	NOV_TX_913	0	55	0	0	0	2	21	35	1	0	0	1	10	1	0	0	55	1	1	0	2	25	20	1	46	0	0	27	35	72
LT934125.1	+	53311	55161	NOV_TX_915	0	10	0	0	0	0	0	2	0	0	0	0	0	0	0	0	0	0	0	0	0	2	0	1	2	0	0	0	1	0
LT934125.1	+	53352	53594	NOV_TX_916	0	1	0	0	0	0	0	0	0	0	0	0	0	0	0	0	0	0	0	0	0	0	0	1	2	0	0	5	0	3
LT934125.1	+	53381	53594	NOV_TX_917	0	134	0	0	0	0	0	0	0	0	0	3	6	0	0	0	0	0	1	0	0	47	37	0	0	0	0	0	0	169
LT934125.1	+	53381	55161	NOV_TX_918	0	6	0	0	0	0	0	0	0	0	0	0	0	0	0	0	0	0	0	0	0	0	2	0	0	0	0	0	0	4
LT934125.1	+	53406	53594	NOV_TX_919	4	0	0	0	2	1	0	0	0	0	2	0	0	3	0	0	0	0	0	0	9	0	0	18	82	0	10	0	0	0
LT934125.1	+	53406	55161	NOV_TX_922	0	0	0	0	1	0	0	0	0	0	0	0	0	0	0	0	0	0	0	0	0	0	0	2	8	0	0	0	0	0
LT934125.1	+	53421	53594	NOV_TX_923	0	0	0	0	0	0	51	48	0	0	0	0	0	0	0	0	0	0	0	8	0	0	0	3	10	0	0	52	0	0
LT934125.1	+	53421	55161	NOV_TX_924	0	0	0	0	0	0	0	6	0	0	0	0	0	0	0	0	0	0	0	1	0	0	0	0	0	0	0	0	0	0
LT934125.1	+	53499	53594	NOV_TX_930	1	33	0	0	0	0	5	0	0	0	0	0	2	0	0	0	28	0	0	1	3	8	6	1	8	0	0	5	13	12
LT934125.1	+	53499	55161	NOV_TX_931	0	4	0	0	0	0	0	1	0	0	0	0	0	0	0	0	5	0	0	0	0	0	1	0	1	0	0	0	0	0
LT934125.1	+	53540	55161	NOV_TX_932	0	8	0	0	0	0	0	7	0	0	0	0	1	0	0	0	26	0	0	0	0	0	1	1	6	0	0	2	2	7
LT934125.1	+	53594	55161	NOV_TX_935	0	10	0	0	0	0	4	0	0	0	0	0	0	0	0	0	5	0	0	0	0	0	0	2	0	0	0	0	3	9
LT934125.1	+	53606	55161	NOV_TX_937	0	0	0	0	0	0	0	0	0	0	0	0	0	0	0	0	0	0	0	0	1	3	5	0	76	0	0	0	0	0
LT934125.1	+	53648	54100	NOV_TX_940	0	0	0	0	0	0	0	2	0	0	0	0	0	0	0	0	2	0	0	0	0	0	0	0	22	0	0	0	0	2
LT934125.1	+	53648	54804	NOV_TX_939	0	2	0	0	0	0	0	4	0	0	0	0	0	0	0	0	4	0	0	0	0	1	1	0	14	0	0	0	0	0
LT934125.1	+	53648	55161	NOV_TX_938	13	1982	0	0	15	129	183	2954	0	0	10	54	374	79	0	1	2845	0	5	2	60	419	580	545	16510	0	64	51	654	3730
LT934125.1	+	53648	55271	NOV_TX_942	0	14	0	0	0	0	2	14	0	0	0	0	3	0	0	0	10	0	0	0	0	4	2	0	27	0	0	0	1	21
LT934125.1	+	53696	55161	NOV_TX_947	0	0	0	0	0	0	18	78	0	0	0	0	0	0	0	0	0	0	0	0	0	0	0	0	0	0	0	0	0	0
LT934125.1	+	53723	55161	NOV_TX_949	1	42	0	1	0	0	0	0	0	0	0	0	4	6	0	0	0	0	0	0	0	0	0	17	0	0	1	0	0	0
LT934125.1	+	53736	55161	NOV_TX_951	1	119	0	0	0	0	0	0	0	0	0	2	2	3	0	0	0	0	0	0	0	0	16	19	0	0	0	0	0	0
LT934125.1	+	53759	55161	NOV_TX_952	0	110	0	0	0	4	0	0	0	0	0	0	0	0	0	0	96	0	0	0	2	10	0	0	398	0	0	5	0	84
LT934125.1	+	53778	55161	NOV_TX_954	0	0	0	0	1	1	1	12	0	0	1	0	4	6	0	0	0	0	0	0	0	0	4	26	44	0	1	0	2	11
LT934125.1	+	53794	55161	NOV_TX_955	0	0	0	0	0	0	28	0	0	0	0	0	0	0	0	0	87	0	0	0	0	0	0	0	0	0	0	0	0	0
LT934125.1	+	53845	55161	NOV_TX_957	1	80	0	0	0	0	0	0	0	0	1	0	0	1	0	0	119	0	0	0	0	0	0	10	0	0	2	0	0	0
LT934125.1	+	53879	55161	NOV_TX_961	0	0	0	0	0	0	0	139	0	0	0	0	0	0	0	0	0	0	0	0	0	0	0	0	0	0	0	0	76	0
LT934125.1	+	53896	55161	NOV_TX_962	5	0	0	0	1	0	0	0	0	0	1	0	0	7	0	0	0	0	0	0	0	0	0	40	0	0	0	0	0	0
LT934125.1	+	53910	55161	NOV_TX_963	0	93	0	0	0	7	0	0	0	0	0	0	16	0	0	0	0	0	0	0	0	33	0	0	0	0	0	14	0	207
LT934125.1	+	53922	55161	NOV_TX_964	1	0	0	0	0	0	0	0	0	0	0	0	0	4	0	0	0	0	0	0	0	0	0	22	0	0	1	0	0	0
LT934125.1	+	53934	55161	NOV_TX_965	0	18	0	0	0	0	0	0	0	0	0	0	0	0	0	0	129	0	0	0	0	0	0	0	141	0	0	0	0	0
LT934125.1	+	53971	55161	NOV_TX_968	0	0	0	0	0	0	0	0	0	0	0	10	0	0	0	0	0	0	0	0	4	0	0	0	0	0	0	0	0	0
LT934125.1	+	53996	55161	NOV_TX_969	1	131	0	2	1	2	10	87	0	0	0	2	15	1	0	0	123	0	0	0	2	10	0	21	331	0	5	0	21	108
LT934125.1	+	53996	55271	NOV_TX_971	0	3	0	0	0	0	0	1	0	0	0	0	0	0	0	0	0	0	0	0	0	0	0	0	1	0	0	0	0	0
LT934125.1	+	54009	55161	NOV_TX_973	0	0	0	0	0	0	0	0	0	0	0	0	0	0	0	0	0	0	0	0	0	0	25	0	0	0	0	1	0	0
LT934125.1	+	54041	55161	NOV_TX_974	1	95	0	0	0	0	9	49	0	0	0	0	5	0	0	1	114	0	0	0	0	0	0	9	216	0	0	3	0	60
LT934125.1	+	54053	55161	NOV_TX_977	0	4	0	0	0	0	1	0	0	0	1	1	1	1	0	0	6	0	0	0	0	15	16	5	59	0	0	1	29	15
LT934125.1	+	54081	55161	NOV_TX_979	1	96	0	0	1	3	14	39	0	0	0	2	7	7	0	0	88	0	0	0	0	9	18	22	223	0	2	1	20	62
LT934125.1	+	54129	55161	NOV_TX_980	2	57	0	0	0	4	2	50	0	0	0	1	11	5	0	0	77	0	0	0	0	9	11	30	213	0	0	6	15	45
LT934125.1	+	54165	55161	NOV_TX_982	3	19	0	0	0	1	1	2	0	0	0	0	0	4	0	0	24	0	0	0	0	1	2	26	23	0	0	0	2	4
LT934125.1	+	54184	55161	NOV_TX_983	0	0	0	0	0	0	18	0	0	0	0	0	0	0	0	0	0	0	0	0	0	0	29	0	0	0	0	0	0	0
LT934125.1	+	54209	55161	NOV_TX_984	0	0	0	0	0	4	0	0	0	0	0	0	19	0	0	0	0	0	0	0	0	32	0	0	0	0	0	0	0	0
LT934125.1	+	54232	55161	NOV_TX_985	0	71	0	0	0	0	0	0	0	0	1	2	0	3	0	0	0	0	0	0	3	0	0	14	0	0	1	0	0	0
LT934125.1	+	54245	55161	NOV_TX_986	1	44	0	0	0	0	0	0	0	0	0	1	0	5	0	0	164	0	0	0	3	0	0	17	464	0	2	5	0	159
LT934125.1	+	54265	55161	NOV_TX_988	0	0	0	0	0	0	0	138	0	0	0	0	0	0	0	0	0	0	0	1	0	0	0	0	0	0	0	0	64	0
LT934125.1	+	54290	55161	NOV_TX_990	5	120	0	0	1	13	3	10	0	0	1	0	1	7	0	0	0	0	0	0	3	2	5	33	440	0	3	3	8	13
LT934125.1	+	54306	55161	NOV_TX_992	0	0	0	0	0	0	0	0	0	0	0	0	38	0	0	0	166	0	0	0	0	0	0	0	0	0	0	0	0	0
LT934125.1	+	54324	55161	NOV_TX_993	0	0	0	0	0	0	0	0	0	0	0	0	0	0	0	0	0	0	0	1	0	0	0	0	0	0	0	10	0	0
LT934125.1	+	54337	55161	NOV_TX_994	0	165	0	0	0	0	0	0	0	0	0	0	0	0	0	0	0	0	0	0	0	0	0	0	0	0	0	0	0	451
LT934125.1	+	54337	55271	NOV_TX_995	0	7	0	0	0	0	0	0	0	0	0	0	0	0	0	0	0	0	0	0	0	0	0	0	0	0	0	0	0	1
LT934125.1	+	54351	55161	NOV_TX_996	5	0	0	0	0	0	0	0	0	0	1	0	0	3	0	0	0	0	0	0	0	0	0	16	0	0	2	0	0	0
LT934125.1	+	54366	55161	NOV_TX_998	4	197	0	0	1	0	0	344	0	0	0	14	0	19	0	0	0	0	0	0	11	79	0	61	0	0	4	0	174	0
LT934125.1	+	54397	55161	NOV_TX_1000	1	128	0	0	0	0	81	0	0	0	1	0	0	3	0	0	0	0	0	0	0	0	0	7	0	0	2	7	0	0
LT934125.1	+	54421	55161	NOV_TX_1002	0	0	0	0	0	0	0	0	0	0	0	0	0	0	0	0	527	0	0	0	0	0	0	0	1317	0	0	0	0	0
LT934125.1	+	54442	55161	NOV_TX_1004	0	0	0	0	0	0	0	0	0	0	0	0	0	0	0	0	0	0	0	0	0	0	122	1	0	0	1	0	0	0
LT934125.1	+	54475	55161	NOV_TX_1005	2	91	0	1	2	6	19	61	0	0	1	6	6	10	0	0	133	0	0	0	6	21	29	28	202	0	1	5	39	71
LT934125.1	+	54544	55161	NOV_TX_1007	0	0	0	0	0	2	0	0	0	0	0	0	4	0	0	0	0	0	0	0	0	0	15	0	0	0	1	5	0	0
LT934125.1	+	54561	55161	NOV_TX_1008	3	60	0	0	0	0	17	55	0	0	2	5	3	10	0	0	87	0	1	0	2	12	1	31	227	0	0	4	23	52
LT934125.1	+	54606	55161	NOV_TX_1012	0	81	0	0	0	7	14	63	0	0	1	7	10	3	0	0	112	0	0	1	2	15	33	17	463	0	2	3	37	118
LT934125.1	+	54630	55161	NOV_TX_1014	1	136	0	0	0	0	8	10	0	0	0	0	3	3	0	0	250	0	1	1	3	5	10	23	0	0	0	2	17	43
LT934125.1	+	54671	55161	NOV_TX_1019	0	757	0	1	0	23	144	0	0	0	0	0	0	8	0	0	0	0	0	0	31	0	0	25	0	0	0	43	0	1233
LT934125.1	+	54671	55271	NOV_TX_1020	0	3	0	0	0	0	1	0	0	0	0	0	0	0	0	0	0	0	0	0	0	0	0	0	0	0	0	0	0	1
LT934125.1	+	54723	55161	NOV_TX_1023	0	0	0	0	0	0	0	0	0	0	0	0	134	0	0	0	1015	0	0	0	0	0	0	0	0	0	0	0	0	0
LT934125.1	+	54742	55161	NOV_TX_1025	1	198	0	2	1	0	0	0	0	0	0	0	0	12	0	0	0	0	0	4	0	142	355	70	738	0	0	6	0	0
LT934125.1	+	54742	55271	NOV_TX_1026	0	3	0	0	0	0	0	0	0	0	0	0	0	0	0	0	0	0	0	0	0	0	1	0	1	0	0	0	0	0
LT934125.1	+	54782	55161	NOV_TX_1029	1	0	0	1	0	0	0	0	0	0	0	0	0	7	0	0	252	0	0	0	0	0	0	27	0	0	0	0	0	0
LT934125.1	+	54834	55161	NOV_TX_1032	6	0	0	1	2	0	0	0	0	0	0	0	0	12	0	0	455	0	0	0	0	0	0	72	0	0	0	0	0	0
LT934125.1	+	54868	55161	NOV_TX_1034	4	96	0	0	0	0	0	0	0	0	11	0	0	8	0	0	0	0	0	0	0	0	0	19	0	0	0	0	0	0
LT934125.1	+	54932	55161	NOV_TX_1037	0	397	0	0	0	11	58	215	0	0	2	10	44	5	0	0	528	0	1	0	11	54	111	19	1309	0	0	14	126	476
LT934125.1	+	54932	55271	NOV_TX_1038	0	3	0	0	0	0	0	0	0	0	0	0	0	0	0	0	3	0	0	0	0	0	0	0	4	0	0	0	1	1
LT934125.1	+	55035	55161	NOV_TX_1041	1	327	0	0	2	0	36	26	0	0	0	2	3	2	0	0	391	0	0	0	11	50	75	14	727	0	7	12	105	275
LT934125.1	+	55035	55271	NOV_TX_1042	0	2	0	0	0	0	0	0	0	0	0	0	0	0	0	0	1	0	0	0	0	2	0	0	1	0	0	0	0	2
LT934125.1	+	55097	55271	NOV_TX_1043	0	13	0	0	0	0	0	1	0	0	0	0	0	0	0	0	0	0	0	0	0	0	0	0	1	0	0	0	0	0
LT934125.1	+	55167	55271	NOV_TX_1045	0	1	0	0	0	0	1	0	0	0	0	0	0	0	0	0	0	1	0	0	0	0	1	0	0	0	0	0	1	0
LT934125.1	+	55303	55471	NOV_TX_1048	0	3	0	0	0	0	0	1	0	0	0	0	0	0	0	0	4	0	0	0	0	0	0	0	2	0	0	0	2	1
LT934125.1	+	55303	56189	NOV_TX_1049	0	7	0	0	0	0	0	0	0	0	0	0	0	0	0	0	3	0	0	0	0	0	0	0	2	0	0	0	0	2
LT934125.1	+	55352	55471	NOV_TX_1052	0	8	0	0	0	0	1	2	0	0	0	0	0	0	0	0	0	0	0	0	0	0	0	0	14	0	0	0	7	8
LT934125.1	+	55352	56189	NOV_TX_1053	0	29	0	0	1	0	2	40	0	0	0	3	0	0	0	0	31	0	0	0	0	2	7	0	154	0	1	5	29	142
LT934125.1	+	55477	56189	NOV_TX_1054	0	0	0	0	0	0	11	44	0	0	0	2	3	0	0	1	63	0	0	1	3	4	7	0	260	0	3	13	64	244
LT934125.1	+	55712	56189	NOV_TX_1057	0	3	0	0	0	0	0	1	0	0	0	0	0	0	0	0	5	0	0	0	0	2	1	0	11	0	0	0	1	4
LT934125.1	+	55740	56189	NOV_TX_1059	0	0	0	0	0	0	2	7	0	0	0	1	0	0	0	0	5	1	0	0	1	3	0	0	9	0	0	1	3	2
LT934125.1	+	55782	56189	NOV_TX_1060	0	2	0	0	0	0	0	0	0	0	0	0	0	0	0	0	7	0	0	0	0	0	0	0	0	0	0	0	0	0
LT934125.1	+	55834	56189	NOV_TX_1061	0	1	0	0	0	0	0	32	0	0	0	0	0	0	0	0	36	0	0	0	0	1	0	0	0	0	0	0	0	0
LT934125.1	+	55869	56189	NOV_TX_1062	0	65	1	0	0	3	6	0	0	0	0	1	1	0	0	0	0	0	0	0	1	0	4	0	136	0	1	17	61	89
LT934125.1	+	56000	56189	NOV_TX_1066	0	15	0	0	0	0	1	0	0	0	0	0	0	0	0	0	6	0	0	0	1	1	1	0	5	0	0	0	0	3
LT934125.1	+	58002	60251	NOV_TX_1079	0	0	0	0	0	0	0	2	0	0	0	0	0	0	0	0	2	0	0	0	0	0	0	0	0	0	0	0	1	0
LT934125.1	+	58625	60251	NOV_TX_1087	0	2	0	0	1	0	0	4	0	0	0	0	0	0	0	0	0	0	0	0	0	1	1	0	5	0	1	0	1	5
LT934125.1	+	58808	60251	NOV_TX_1089	0	1	0	0	0	1	0	1	0	0	0	0	0	0	0	0	1	0	0	1	1	1	2	0	2	0	0	0	0	2
LT934125.1	+	58863	60251	NOV_TX_1091	0	3	0	0	0	0	0	1	0	0	0	0	0	0	0	0	1	0	0	0	1	1	0	1	3	0	0	0	0	1
LT934125.1	+	58897	60251	NOV_TX_1092	0	3	0	0	0	0	0	2	0	0	0	0	1	0	0	0	1	0	0	0	1	0	0	0	1	0	0	0	1	3
LT934125.1	+	59068	60251	NOV_TX_1096	3	744	37	73	33	244	363	1327	10	23	37	102	327	5	0	26	549	26	46	61	100	407	308	28	707	0	96	372	948	1454
LT934125.1	+	59068	62340	NOV_TX_1099	0	36	0	1	1	6	9	21	0	0	0	2	8	0	0	0	3	0	0	1	1	4	3	0	5	0	0	1	5	2
LT934125.1	+	59146	60251	NOV_TX_1101	2	44	1	2	0	3	24	19	0	1	0	0	4	4	0	0	19	0	2	0	6	17	13	14	36	0	1	42	39	47
LT934125.1	+	59205	60251	NOV_TX_1103	2	26	0	0	2	2	7	35	1	1	0	1	11	1	0	0	33	0	0	0	0	16	16	12	12	0	1	7	16	0
LT934125.1	+	59263	60251	NOV_TX_1106	0	27	2	1	0	0	3	8	0	0	0	1	10	3	0	0	43	0	0	0	4	11	17	6	13	0	1	8	24	19
LT934125.1	+	59287	60251	NOV_TX_1108	0	0	0	0	0	0	14	22	0	0	0	0	11	0	0	0	0	0	0	0	0	0	23	0	0	0	0	0	0	0
LT934125.1	+	59310	60251	NOV_TX_1109	0	0	0	0	0	6	0	0	0	0	0	2	0	2	0	0	21	0	0	3	0	6	0	4	0	1	2	13	19	0
LT934125.1	+	59332	60251	NOV_TX_1110	1	18	0	0	0	0	0	3	0	0	3	1	0	3	0	0	7	0	0	0	8	5	0	11	40	0	0	4	5	36
LT934125.1	+	59391	60251	NOV_TX_1113	0	8	0	0	0	0	0	0	0	0	0	0	0	0	0	0	0	0	0	0	0	10	0	0	0	0	0	0	9	0
LT934125.1	+	59412	60251	NOV_TX_1114	1	5	0	0	0	0	9	12	0	0	0	1	6	2	0	0	6	0	0	0	3	0	7	3	8	0	0	2	0	13
LT934125.1	+	59474	60251	NOV_TX_1117	0	9	0	0	0	0	0	0	0	0	0	0	0	2	0	0	7	0	0	0	2	7	0	2	0	0	2	0	2	1
LT934125.1	+	59489	60251	NOV_TX_1118	0	3	1	0	0	0	5	0	0	0	0	1	0	0	0	0	7	0	0	0	0	0	8	5	1	0	0	1	9	4
LT934125.1	+	59546	60251	NOV_TX_1121	3	3	0	0	0	0	0	0	0	0	0	0	0	5	0	0	1	0	0	0	1	0	0	5	2	0	0	0	0	4
LT934125.1	+	59560	60251	NOV_TX_1122	0	0	0	0	0	0	28	93	0	0	0	0	0	0	0	0	0	0	0	0	0	0	51	0	0	0	0	0	84	0
LT934125.1	+	59580	60251	NOV_TX_1124	1	24	1	1	0	4	0	0	0	0	6	4	0	1	0	0	51	0	0	1	6	0	0	5	32	0	0	0	0	51
LT934125.1	+	59599	60251	NOV_TX_1125	2	56	0	1	0	0	0	0	0	2	6	11	37	1	0	0	60	2	4	1	4	42	0	4	28	2	3	28	0	45
LT934125.1	+	59640	60251	NOV_TX_1127	0	6	0	1	0	1	1	8	0	0	0	1	3	0	0	0	9	0	0	1	1	4	2	2	4	0	1	12	8	3
LT934125.1	+	59668	60251	NOV_TX_1128	0	17	0	0	0	6	6	14	0	0	2	1	4	0	0	0	14	0	1	1	3	11	1	3	5	0	2	5	7	14
LT934125.1	+	59739	60251	NOV_TX_1130	0	0	0	0	0	0	0	0	0	0	0	11	19	0	0	0	28	0	0	0	2	31	20	0	0	0	0	0	0	0
LT934125.1	+	59771	60251	NOV_TX_1132	1	0	1	5	1	0	0	0	0	1	3	0	0	1	0	1	0	0	0	0	0	0	0	21	0	0	2	12	0	0
LT934125.1	+	59793	60251	NOV_TX_1134	0	29	0	0	0	6	12	74	0	0	0	0	0	0	0	0	53	0	0	0	4	0	0	0	35	0	0	7	51	61
LT934125.1	+	59793	62340	NOV_TX_1135	0	2	0	0	0	0	1	2	0	0	0	0	0	0	0	0	0	0	0	0	0	0	0	0	3	0	0	0	0	0
LT934125.1	+	59857	60251	NOV_TX_1136	0	0	0	4	0	0	0	87	0	0	0	0	0	0	0	0	0	0	0	0	0	0	0	0	0	0	0	0	0	0
LT934125.1	+	59896	60251	NOV_TX_1138	0	7	0	0	0	0	0	0	0	0	0	0	37	4	0	0	31	0	0	1	0	44	0	14	24	0	4	60	0	0
LT934125.1	+	59924	60251	NOV_TX_1139	0	58	0	0	0	0	0	0	1	0	7	9	0	3	0	0	94	2	5	3	15	0	0	21	64	0	0	0	0	0
LT934125.1	+	59953	60251	NOV_TX_1140	0	0	0	0	0	5	0	0	0	0	0	0	0	0	0	0	0	0	0	0	0	0	53	0	0	0	0	0	107	0
LT934125.1	+	59989	60251	NOV_TX_1141	0	0	0	0	0	0	0	0	0	0	0	0	0	0	0	1	0	0	0	0	0	0	0	0	0	0	0	0	0	139
LT934125.1	+	60045	60251	NOV_TX_1143	0	0	0	0	0	0	0	56	0	0	0	0	11	0	0	0	0	0	0	0	0	76	0	0	0	0	0	0	122	0
LT934125.1	+	60079	60251	NOV_TX_1145	0	71	3	0	0	9	0	0	0	0	0	2	0	4	0	0	0	3	0	0	16	0	0	17	38	0	8	16	0	0
LT934125.1	+	60108	60251	NOV_TX_1146	0	66	0	4	3	2	0	0	0	1	0	0	0	1	0	0	126	0	1	3	0	0	0	6	18	0	5	41	0	172
LT934125.1	+	60154	60251	NOV_TX_1148	0	17	0	1	0	2	13	4	0	0	0	0	0	0	0	0	12	0	1	0	2	8	12	0	5	0	0	6	18	24
LT934125.1	+	60234	62340	NOV_TX_1150	5	123	0	2	3	23	15	75	0	0	2	5	21	29	0	0	67	0	0	1	4	5	30	108	195	0	5	6	63	208
LT934125.1	+	60285	62340	NOV_TX_1154	0	5	0	0	0	0	0	0	0	0	0	0	0	0	0	0	0	0	0	0	4	0	0	0	1	0	0	0	0	0
LT934125.1	+	60378	62340	NOV_TX_1155	0	11	0	0	0	0	2	12	0	0	0	0	3	0	0	0	7	0	0	1	0	0	2	0	3	0	0	1	1	5
LT934125.1	+	60469	62340	NOV_TX_1158	0	0	0	0	0	0	0	3	0	0	0	0	0	0	0	1	0	0	0	0	0	0	0	1	0	0	1	0	0	1
LT934125.1	+	60597	62340	NOV_TX_1160	0	0	0	0	0	0	1	1	0	0	0	0	0	0	0	0	0	0	0	0	0	1	0	0	1	0	0	1	2	1
LT934125.1	+	60660	62340	NOV_TX_1162	0	8	0	0	0	0	1	0	0	0	0	0	1	0	0	0	1	0	0	0	0	0	0	0	0	0	0	0	0	0
LT934125.1	+	60764	62340	NOV_TX_1164	0	13	0	0	0	2	5	7	0	0	0	0	0	0	0	0	7	0	0	0	1	2	0	0	8	0	0	1	5	7
LT934125.1	+	60949	62340	NOV_TX_1174	0	11	0	0	0	0	0	1	0	0	0	0	0	0	0	0	1	0	0	0	0	1	0	0	3	0	0	1	0	0
LT934125.1	+	61007	62340	NOV_TX_1176	0	8	0	0	0	0	5	0	0	0	0	1	5	0	0	0	2	0	1	0	0	4	2	1	2	0	0	0	3	4
LT934125.1	+	61039	62340	NOV_TX_1177	0	7	0	0	0	0	0	0	0	0	0	0	0	0	0	0	2	0	0	0	0	0	0	0	0	0	0	0	1	1
LT934125.1	+	61078	62340	NOV_TX_1178	0	26	0	2	0	2	1	18	0	0	1	0	4	2	0	0	15	0	0	0	1	8	3	3	37	0	0	1	8	20
LT934125.1	+	61166	62340	NOV_TX_1181	2	4	0	0	0	0	0	1	0	0	0	0	0	0	0	0	1	0	0	0	0	0	5	0	1	0	0	0	0	0
LT934125.1	+	61200	62340	NOV_TX_1183	0	3	0	0	0	0	0	2	0	0	0	0	0	0	0	0	2	0	0	0	2	0	0	1	3	0	0	0	1	2
LT934125.1	+	61278	62340	NOV_TX_1185	0	2	0	0	0	0	0	2	0	0	0	0	0	0	0	0	2	0	0	0	0	1	0	2	0	0	0	0	0	1
LT934125.1	+	61338	62340	NOV_TX_1188	0	0	0	0	0	0	0	0	0	0	0	0	8	0	0	0	0	0	0	0	0	17	0	0	0	0	0	0	0	0
LT934125.1	+	61359	62340	NOV_TX_1189	0	35	0	0	0	0	0	0	0	0	1	0	0	1	0	0	7	0	0	0	0	0	0	3	7	0	0	4	1	6
LT934125.1	+	61405	62340	NOV_TX_1191	0	46	0	2	0	0	0	23	0	0	0	0	0	1	0	0	38	0	0	4	0	0	0	2	31	0	2	0	5	30
LT934125.1	+	61436	62340	NOV_TX_1192	0	11	0	0	0	0	0	0	0	0	0	0	0	0	0	0	1	0	0	0	0	0	0	1	0	0	0	0	0	0
LT934125.1	+	61516	62340	NOV_TX_1196	0	31	0	0	0	0	1	6	0	0	1	0	1	3	0	0	0	0	0	0	0	0	0	4	10	0	0	0	6	11
LT934125.1	+	61529	62340	NOV_TX_1197	0	0	0	0	0	0	0	0	0	0	0	0	0	1	0	0	27	0	0	0	0	1	1	0	2	0	0	0	0	3
LT934125.1	+	61594	62340	NOV_TX_1198	0	0	0	0	0	0	0	9	0	0	0	0	0	0	0	0	0	0	1	0	3	0	0	0	0	0	0	0	0	0
LT934125.1	+	61621	62340	NOV_TX_1199	0	33	1	0	3	0	4	0	0	0	1	3	4	4	0	0	27	0	0	0	0	5	4	16	21	0	0	4	13	27
LT934125.1	+	61687	62340	NOV_TX_1201	0	175	0	0	0	0	0	338	0	0	0	0	98	0	0	0	0	0	0	0	0	58	126	0	369	0	0	0	0	0
LT934125.1	+	61701	62340	NOV_TX_1202	3	146	2	4	0	0	68	0	0	0	21	54	0	13	0	1	0	2	5	6	12	0	0	41	0	0	0	24	139	335
LT934125.1	+	61748	62340	NOV_TX_1205	0	109	1	0	0	0	0	0	0	0	1	0	0	3	0	0	0	0	0	0	4	0	0	4	0	0	17	0	0	0
LT934125.1	+	61798	62340	NOV_TX_1207	1	2	0	0	0	0	0	5	0	0	0	0	0	2	0	0	48	0	0	1	2	1	1	8	5	0	0	7	4	7
LT934125.1	+	61826	62340	NOV_TX_1208	1	107	0	1	0	1	25	99	0	0	9	13	21	6	0	1	146	1	0	1	5	25	32	14	80	1	5	9	38	66
LT934125.1	+	61879	62340	NOV_TX_1209	1	35	0	0	1	1	6	32	0	0	1	3	2	1	0	0	46	0	1	0	3	9	13	9	24	0	0	3	3	23
LT934125.1	+	61932	62340	NOV_TX_1210	2	181	3	0	2	9	0	0	0	0	0	0	41	5	0	1	381	0	0	2	13	0	93	8	0	0	0	0	0	0
LT934125.1	+	61976	62340	NOV_TX_1212	4	0	0	0	0	0	0	0	0	0	3	16	0	5	0	0	0	0	2	0	0	0	0	20	0	0	1	0	0	0
LT934125.1	+	62000	62340	NOV_TX_1214	0	70	0	0	0	0	52	0	0	0	4	0	0	1	0	0	0	1	1	0	0	0	0	3	0	0	1	0	86	0
LT934125.1	+	62037	62340	NOV_TX_1216	0	0	0	0	0	0	0	178	0	0	0	0	0	0	0	0	0	0	0	0	0	0	0	0	263	0	0	0	0	233
LT934125.1	+	62144	62340	NOV_TX_1219	0	133	0	0	0	1	30	35	0	0	3	5	5	4	0	0	159	1	0	0	11	26	53	7	65	0	3	5	25	75
LT934125.1	+	62218	62340	NOV_TX_1220	0	485	1	1	6	15	104	43	0	0	2	8	12	1	0	0	0	1	0	3	36	143	0	3	355	0	4	38	152	297
LT934125.1	+	62233	62340	NOV_TX_1221	0	0	0	0	0	0	0	0	0	0	0	0	0	0	0	0	632	0	0	0	0	0	143	0	0	0	0	0	0	0
LT934125.1	+	62269	62340	NOV_TX_1222	0	2	0	0	0	0	0	0	0	0	0	0	0	0	0	0	2	0	0	0	0	0	1	0	0	0	0	0	0	1
LT934125.1	+	63176	63420	NOV_TX_1225	0	5	0	0	0	0	2	1	0	0	0	0	0	0	0	0	10	0	0	0	2	7	10	0	24	0	1	0	3	4
LT934125.1	+	65806	70521	NOV_TX_1229	0	5	0	0	1	1	0	9	0	0	0	0	6	0	0	0	0	1	0	0	0	1	3	5	36	0	1	1	7	47
LT934125.1	+	65806	71544	NOV_TX_1231	0	3	0	0	1	0	0	0	0	0	0	0	0	0	0	0	0	0	0	0	0	0	1	0	2	0	0	0	1	5
LT934125.1	+	66209	70521	NOV_TX_1232	0	0	0	0	0	0	0	1	0	0	0	0	0	0	0	0	0	0	0	0	0	0	0	0	2	0	0	0	0	2
LT934125.1	+	66338	68749	NOV_TX_1234	0	6	0	0	0	0	0	0	0	0	0	0	0	0	0	0	1	0	0	0	0	0	0	0	11	0	0	0	1	0
LT934125.1	+	66338	70521	NOV_TX_1236	0	128	0	2	2	19	13	380	0	0	0	3	87	19	0	0	51	0	0	2	4	12	60	148	1329	0	7	9	80	672
LT934125.1	+	66338	71543	NOV_TX_1238	0	0	0	0	0	0	0	58	0	0	0	1	21	0	0	0	0	0	0	0	0	0	0	0	0	0	0	0	0	0
LT934125.1	+	66338	71544	NOV_TX_1237	0	57	0	2	0	8	6	18	0	0	0	1	6	7	0	0	9	0	0	0	0	1	18	5	72	0	0	1	6	43
LT934125.1	+	66404	70521	NOV_TX_1241	0	4	0	0	0	0	1	6	0	0	0	0	0	0	0	0	0	0	0	0	0	0	1	5	0	0	0	2	4	8
LT934125.1	+	66427	70521	NOV_TX_1243	0	9	0	0	0	0	0	0	0	0	0	0	2	0	0	0	0	0	0	0	0	1	0	3	29	0	0	1	0	3
LT934125.1	+	66427	71544	NOV_TX_1244	0	3	0	0	0	0	0	0	0	0	0	0	0	0	0	0	1	0	0	0	0	0	0	0	2	0	0	0	0	0
LT934125.1	+	66520	70521	NOV_TX_1247	0	3	0	0	0	0	0	1	0	0	0	0	0	0	0	0	0	0	0	0	0	0	2	3	4	0	0	0	1	1
LT934125.1	+	66642	70521	NOV_TX_1250	0	8	0	0	0	0	1	3	0	0	0	0	1	0	0	0	0	0	0	0	0	0	1	0	3	0	0	0	0	2
LT934125.1	+	66833	70521	NOV_TX_1256	0	1	0	0	0	0	0	1	0	0	0	0	1	0	0	0	0	0	0	0	0	0	0	3	0	0	0	0	0	0
LT934125.1	+	66910	70521	NOV_TX_1258	0	3	0	0	0	0	0	0	0	0	0	0	0	0	0	0	0	0	0	0	0	0	0	2	2	0	0	0	0	5
LT934125.1	+	66936	70521	NOV_TX_1259	0	2	0	0	1	0	0	0	0	0	0	0	0	0	0	0	0	0	0	0	0	0	0	2	1	0	0	0	0	0
LT934125.1	+	66982	70521	NOV_TX_1260	0	3	0	0	0	0	0	1	0	0	0	0	0	0	0	0	0	0	0	0	0	0	1	0	1	0	0	0	0	0
LT934125.1	+	67112	70521	NOV_TX_1262	0	0	0	0	0	0	0	0	0	0	0	0	0	0	0	0	0	0	1	0	0	0	2	1	0	0	0	0	0	1
LT934125.1	+	67172	70521	NOV_TX_1264	0	4	0	0	0	0	0	5	0	0	0	0	1	0	0	0	0	0	0	0	0	0	2	4	8	0	0	0	3	5
LT934125.1	+	67234	70521	NOV_TX_1266	0	0	0	0	0	0	2	0	0	0	0	0	0	0	0	0	0	0	0	0	0	0	0	3	0	0	0	0	0	1
LT934125.1	+	67280	70521	NOV_TX_1269	0	7	0	0	0	0	0	0	0	0	0	0	0	0	0	0	1	0	0	0	0	0	0	1	2	0	0	0	0	3
LT934125.1	+	67326	70521	NOV_TX_1270	0	1	0	0	0	0	0	1	0	0	0	0	0	0	0	0	0	0	0	0	0	0	1	1	3	0	0	0	1	6
LT934125.1	+	67370	70521	NOV_TX_1272	0	0	0	0	0	0	0	2	0	0	0	0	0	0	0	0	1	0	0	0	0	0	0	1	5	0	0	0	0	0
LT934125.1	+	67406	70521	NOV_TX_1273	0	1	0	0	0	0	0	0	0	0	0	0	0	0	0	0	0	0	0	0	0	0	0	2	0	0	0	0	0	6
LT934125.1	+	67448	70521	NOV_TX_1275	0	1	0	0	0	0	0	1	0	0	0	0	0	0	0	0	0	0	0	0	0	0	0	1	1	0	0	0	0	1
LT934125.1	+	67564	70521	NOV_TX_1280	0	0	0	0	0	0	0	1	0	0	0	0	0	0	0	0	0	0	0	0	0	0	1	0	4	0	0	0	0	1
LT934125.1	+	67706	70521	NOV_TX_1283	0	1	0	0	1	0	0	1	0	0	0	0	0	1	0	0	1	0	0	0	0	0	0	0	4	0	0	0	0	2
LT934125.1	+	67838	70521	NOV_TX_1288	0	11	0	0	0	0	1	0	0	0	0	0	0	0	0	0	4	0	0	0	1	1	0	1	0	0	0	0	1	2
LT934125.1	+	67859	70521	NOV_TX_1289	0	2	0	0	0	1	0	1	0	0	0	0	0	2	0	0	2	0	0	0	0	0	0	3	15	0	0	0	1	4
LT934125.1	+	67964	70521	NOV_TX_1292	0	8	0	0	0	1	3	3	0	0	0	0	0	0	0	0	2	0	0	0	0	1	2	2	12	0	0	0	0	5
LT934125.1	+	68001	70521	NOV_TX_1294	0	3	0	0	0	0	1	3	0	0	0	0	1	0	0	0	0	0	0	0	0	0	1	6	25	0	0	0	0	7
LT934125.1	+	68028	70521	NOV_TX_1295	0	1	0	0	0	0	0	3	0	0	0	0	0	0	0	0	4	0	0	0	0	0	0	0	3	0	0	0	0	4
LT934125.1	+	68058	70521	NOV_TX_1297	0	8	0	0	1	0	0	1	0	0	0	0	0	0	0	0	0	0	0	0	0	0	1	4	2	0	0	0	0	1
LT934125.1	+	68095	70521	NOV_TX_1299	0	9	0	0	0	0	0	0	0	0	0	0	1	0	0	0	0	0	0	0	0	0	0	0	59	0	0	1	0	0
LT934125.1	+	68121	70521	NOV_TX_1301	0	0	0	1	0	0	0	0	0	0	0	0	0	0	0	0	7	0	0	0	1	0	0	7	0	0	1	0	3	6
LT934125.1	+	68158	70521	NOV_TX_1303	0	25	0	0	0	0	1	12	0	0	0	0	0	1	0	0	12	0	0	0	0	1	2	3	20	0	0	2	8	29
LT934125.1	+	68158	71544	NOV_TX_1305	0	9	0	0	0	0	0	1	0	0	0	0	0	0	0	0	2	0	0	0	0	0	0	1	1	0	0	0	0	0
LT934125.1	+	68232	70521	NOV_TX_1308	0	4	0	0	0	0	0	2	0	0	0	0	0	0	0	0	1	0	0	0	0	0	0	7	15	0	0	0	1	0
LT934125.1	+	68267	70521	NOV_TX_1310	0	0	0	0	0	1	0	25	0	0	0	0	8	0	0	0	20	0	0	0	1	4	4	5	0	0	1	0	2	19
LT934125.1	+	68267	71543	NOV_TX_1311	0	0	0	0	0	0	0	4	0	0	0	0	2	0	0	0	0	0	0	0	0	0	0	0	0	0	0	0	0	0
LT934125.1	+	68280	70521	NOV_TX_1313	0	0	0	0	0	0	0	0	0	0	0	0	0	0	0	0	0	0	0	0	0	0	0	6	0	0	0	0	1	4
LT934125.1	+	68296	70521	NOV_TX_1314	1	46	0	0	0	0	2	1	0	0	0	0	0	2	0	0	0	0	0	0	0	3	2	5	99	0	0	2	8	12
LT934125.1	+	68296	71544	NOV_TX_1315	0	9	0	0	0	0	0	0	0	0	0	0	0	0	0	0	0	0	0	0	0	0	1	0	4	0	0	0	0	0
LT934125.1	+	68331	70521	NOV_TX_1317	0	0	0	0	0	0	0	1	0	0	0	0	0	1	0	0	0	0	0	0	0	0	0	3	2	0	0	0	0	4
LT934125.1	+	68357	70521	NOV_TX_1319	0	16	0	0	0	0	0	0	0	0	0	0	0	0	0	0	0	0	0	0	1	3	0	0	0	0	0	1	12	0
LT934125.1	+	68375	70521	NOV_TX_1321	2	7	0	0	0	0	1	4	0	0	0	0	1	6	0	0	11	0	0	0	0	0	5	34	57	0	0	3	0	28
LT934125.1	+	68375	71544	NOV_TX_1322	0	2	0	0	0	0	0	0	0	0	0	0	0	0	0	0	1	0	0	0	0	0	0	0	1	0	0	0	0	1
LT934125.1	+	68457	70521	NOV_TX_1325	1	7	0	0	0	0	0	0	0	0	0	0	0	0	0	0	0	0	0	0	0	0	0	10	32	0	0	0	0	0
LT934125.1	+	68468	70521	NOV_TX_1327	0	0	0	0	0	0	12	0	0	0	0	0	0	0	0	0	0	0	0	0	0	0	17	0	0	0	0	0	0	0
LT934125.1	+	68505	70521	NOV_TX_1330	0	0	0	0	0	0	0	0	0	0	0	0	0	2	0	0	2	0	0	0	0	0	0	10	34	0	1	0	53	0
LT934125.1	+	68561	70521	NOV_TX_1332	1	6	0	0	0	0	0	0	0	0	0	0	25	0	0	0	8	0	0	0	0	0	0	3	42	0	0	3	0	0
LT934125.1	+	68561	71544	NOV_TX_1333	0	5	0	0	0	0	0	0	0	0	0	0	2	0	0	0	2	0	0	0	0	0	0	0	1	0	0	0	0	0
LT934125.1	+	68601	70521	NOV_TX_1336	0	11	0	0	0	0	0	0	0	0	0	0	0	0	0	0	70	0	0	0	0	0	0	6	0	0	0	0	0	148
LT934125.1	+	68601	71544	NOV_TX_1338	0	4	0	0	0	0	0	0	0	0	0	0	0	0	0	0	8	0	0	0	0	0	0	0	0	0	0	0	0	3
LT934125.1	+	68642	70521	NOV_TX_1340	0	0	0	0	0	0	0	0	0	0	0	0	0	0	0	0	0	0	0	0	7	0	0	0	0	0	0	6	0	0
LT934125.1	+	68654	70521	NOV_TX_1341	0	0	0	0	0	0	0	0	0	0	0	0	0	4	0	0	0	0	0	0	0	0	0	18	0	0	0	0	0	0
LT934125.1	+	68667	70521	NOV_TX_1343	0	90	0	0	0	0	0	103	0	0	0	0	0	0	0	0	0	0	0	0	0	0	0	0	267	0	0	0	0	0
LT934125.1	+	68667	71544	NOV_TX_1344	0	24	0	0	0	0	0	8	0	0	0	0	0	0	0	0	0	0	0	0	0	0	0	0	9	0	0	0	0	0
LT934125.1	+	68696	70521	NOV_TX_1346	0	0	0	0	0	0	1	1	0	0	0	0	0	0	0	0	2	0	0	0	0	0	0	1	5	0	0	0	0	0
LT934125.1	+	68731	70521	NOV_TX_1348	0	0	0	0	0	0	0	0	0	0	0	0	0	0	0	0	0	0	0	0	0	0	0	0	120	0	0	2	0	0
LT934125.1	+	68768	70521	NOV_TX_1351	2	18	0	0	0	0	0	0	0	0	1	0	5	4	0	0	21	0	0	0	1	0	7	26	0	0	0	0	9	0
LT934125.1	+	68783	70521	NOV_TX_1353	0	15	1	0	0	0	7	0	0	0	0	0	0	1	0	0	8	0	0	0	0	5	0	6	0	0	0	0	7	58
LT934125.1	+	68783	71544	NOV_TX_1354	0	6	0	0	0	0	1	0	0	0	0	0	0	0	0	0	1	0	0	0	0	1	0	0	0	0	0	0	0	0
LT934125.1	+	68846	70521	NOV_TX_1357	0	12	0	0	0	0	0	5	0	0	1	0	1	2	0	0	12	0	0	0	8	18	0	2	0	0	1	1	0	0
LT934125.1	+	68846	71544	NOV_TX_1358	0	6	0	0	0	0	2	0	0	0	0	0	0	0	0	0	3	0	0	0	1	3	0	0	0	0	0	0	0	0
LT934125.1	+	68873	70521	NOV_TX_1359	1	65	0	0	0	0	5	41	0	0	0	1	15	0	0	0	39	0	0	0	0	0	14	20	293	0	4	6	40	121
LT934125.1	+	68873	71543	NOV_TX_1361	0	0	0	0	0	0	0	6	0	0	0	0	3	0	0	0	0	0	0	0	0	0	0	0	0	0	0	0	0	0
LT934125.1	+	68873	71544	NOV_TX_1360	0	26	0	1	0	0	0	4	0	0	0	0	1	0	0	0	6	0	0	0	0	0	1	0	4	0	1	1	0	9
LT934125.1	+	68932	70521	NOV_TX_1363	1	6	0	0	0	0	0	0	0	0	0	0	0	0	0	0	1	0	0	0	0	0	3	1	4	0	0	0	0	6
LT934125.1	+	68946	70521	NOV_TX_1365	0	10	0	1	0	0	0	0	0	0	0	1	1	2	0	0	6	0	0	0	0	0	0	12	11	0	0	0	5	10
LT934125.1	+	69004	70521	NOV_TX_1368	0	8	0	0	0	0	9	0	0	0	0	0	0	1	0	0	0	0	0	0	1	0	0	9	0	0	0	0	0	0
LT934125.1	+	69004	71544	NOV_TX_1369	1	4	0	0	0	0	1	0	0	0	0	0	0	0	0	0	0	0	0	0	0	0	0	0	0	0	0	0	0	0
LT934125.1	+	69032	70521	NOV_TX_1370	0	0	0	0	0	1	0	0	0	0	0	0	9	0	0	0	0	0	0	0	0	0	0	0	0	0	0	0	0	0
LT934125.1	+	69054	70521	NOV_TX_1372	0	0	0	0	0	0	0	0	0	0	0	0	0	2	0	0	0	0	0	0	0	0	0	14	0	0	0	13	0	0
LT934125.1	+	69077	70521	NOV_TX_1373	0	60	0	0	0	0	0	60	0	0	0	0	0	0	0	0	63	0	0	0	0	0	0	0	0	0	0	0	51	97
LT934125.1	+	69077	71544	NOV_TX_1374	0	5	0	0	0	0	0	0	0	0	0	0	0	0	0	0	2	0	0	0	0	0	0	0	0	0	0	0	1	1
LT934125.1	+	69095	70521	NOV_TX_1376	1	0	0	0	0	0	0	0	0	0	0	0	0	2	0	0	0	0	0	0	0	18	11	10	260	0	2	0	0	0
LT934125.1	+	69095	71544	NOV_TX_1377	0	0	0	0	0	0	0	0	0	0	0	0	0	0	0	0	0	0	0	0	0	0	2	1	9	0	0	0	0	0
LT934125.1	+	69160	70521	NOV_TX_1378	3	86	0	0	0	2	15	79	0	0	1	2	10	3	0	1	115	0	0	1	4	38	16	17	417	0	0	32	113	157
LT934125.1	+	69160	71544	NOV_TX_1379	0	34	0	0	0	1	1	2	0	0	0	0	0	0	0	0	17	0	0	0	1	5	4	3	9	0	0	0	4	11
LT934125.1	+	69244	70521	NOV_TX_1382	0	107	0	0	1	5	19	154	0	0	3	1	9	1	0	0	166	0	0	1	8	36	16	14	698	0	0	24	131	274
LT934125.1	+	69244	71543	NOV_TX_1384	0	0	0	0	0	0	0	9	0	0	0	0	4	0	0	0	0	0	0	0	0	0	0	0	0	0	0	0	0	0
LT934125.1	+	69244	71544	NOV_TX_1383	0	34	0	0	0	2	3	5	0	0	0	0	1	1	0	0	15	0	0	0	2	3	2	0	27	0	0	1	5	16
LT934125.1	+	69289	70521	NOV_TX_1386	1	12	1	0	0	0	1	3	0	0	0	0	5	2	0	0	27	0	0	0	0	4	0	15	97	0	1	0	14	41
LT934125.1	+	69289	71544	NOV_TX_1387	0	9	0	0	0	0	1	0	0	0	0	0	0	0	0	0	3	0	0	0	0	0	0	0	3	0	0	0	0	0
LT934125.1	+	69311	70521	NOV_TX_1388	0	19	0	1	0	0	1	13	0	0	0	0	5	0	0	0	0	0	0	0	0	0	7	14	0	0	2	5	9	0
LT934125.1	+	69311	71544	NOV_TX_1389	0	6	0	0	0	0	0	0	0	0	0	0	0	0	0	0	0	0	0	0	0	0	1	0	0	0	0	1	0	0
LT934125.1	+	69393	70521	NOV_TX_1393	0	0	0	0	0	0	10	0	0	0	0	0	0	0	0	0	0	0	0	0	0	8	0	0	170	0	0	0	0	0
LT934125.1	+	69407	70521	NOV_TX_1395	0	7	0	0	0	0	0	0	0	0	1	1	2	1	0	0	8	0	0	0	0	0	0	11	0	0	2	0	0	0
LT934125.1	+	69421	70521	NOV_TX_1397	0	29	0	0	0	0	0	0	0	0	0	1	12	3	0	0	40	0	0	0	0	0	14	19	0	0	3	0	20	63
LT934125.1	+	69421	71544	NOV_TX_1398	0	6	1	0	0	0	0	0	0	0	0	0	0	1	0	0	0	0	0	0	0	0	2	1	0	0	0	0	0	0
LT934125.1	+	69433	70521	NOV_TX_1399	0	0	0	0	0	0	0	0	0	0	0	0	0	0	0	0	0	0	0	0	2	0	0	0	0	0	0	6	0	0
LT934125.1	+	69466	70521	NOV_TX_1400	0	44	1	0	0	5	0	131	0	0	1	1	1	0	0	0	1	0	0	0	0	0	36	14	10	0	0	0	0	1
LT934125.1	+	69466	71544	NOV_TX_1401	0	13	0	0	0	0	0	7	0	0	0	0	0	2	0	0	1	0	0	0	0	0	2	1	1	0	0	0	0	0
LT934125.1	+	69503	70521	NOV_TX_1405	0	0	0	0	0	0	0	0	0	0	0	0	32	0	0	0	0	0	0	0	0	0	0	0	0	0	0	28	0	0
LT934125.1	+	69515	70521	NOV_TX_1408	2	11	0	0	0	0	0	0	0	0	3	2	0	8	0	0	23	1	1	0	0	0	0	66	0	0	0	0	0	0
LT934125.1	+	69515	71544	NOV_TX_1409	0	7	0	0	0	0	0	0	0	0	0	0	0	0	0	0	2	0	0	0	0	0	0	1	0	0	0	0	0	0
LT934125.1	+	69530	70521	NOV_TX_1410	0	0	0	0	0	0	31	0	0	0	0	0	0	0	0	0	0	0	0	0	3	0	0	0	627	0	7	0	79	274
LT934125.1	+	69530	71544	NOV_TX_1411	0	0	0	0	0	0	3	0	0	0	0	0	0	0	0	0	0	0	0	0	0	0	0	0	6	0	0	0	0	5
LT934125.1	+	69568	70521	NOV_TX_1414	0	41	0	1	0	0	0	0	0	0	0	0	0	0	0	0	169	0	0	0	0	0	0	15	0	0	0	0	0	0
LT934125.1	+	69568	71544	NOV_TX_1415	1	18	0	0	0	0	0	0	0	0	0	0	0	0	0	0	12	0	0	0	0	0	0	1	0	0	0	0	0	0
LT934125.1	+	69611	70521	NOV_TX_1418	0	52	0	0	2	1	3	38	0	0	0	4	11	8	0	0	54	0	0	0	1	0	17	33	242	0	0	7	34	108
LT934125.1	+	69611	71544	NOV_TX_1419	0	10	0	0	0	0	2	1	0	0	0	1	0	0	0	0	3	0	0	0	0	0	0	0	6	0	0	1	1	4
LT934125.1	+	69671	70521	NOV_TX_1421	0	57	0	0	0	0	5	40	0	0	0	2	11	4	0	0	67	1	1	0	2	15	0	26	193	0	0	8	36	89
LT934125.1	+	69671	71544	NOV_TX_1423	0	6	0	0	0	0	3	1	0	0	0	0	0	2	0	0	6	0	0	0	0	0	0	0	4	0	0	0	0	3
LT934125.1	+	69735	70521	NOV_TX_1429	0	0	0	0	0	0	0	0	0	0	0	0	0	0	0	0	0	0	0	0	0	0	0	2	0	0	4	0	0	0
LT934125.1	+	69765	70521	NOV_TX_1430	3	41	0	1	0	3	8	59	0	2	2	3	11	1	0	1	68	1	1	1	2	21	23	26	105	0	4	17	40	92
LT934125.1	+	69765	71544	NOV_TX_1431	0	9	0	0	0	1	2	0	0	0	0	0	0	0	0	0	2	0	0	0	0	0	0	0	3	0	0	0	1	1
LT934125.1	+	69821	70521	NOV_TX_1434	1	73	0	0	0	1	8	41	0	0	0	4	5	2	0	0	63	0	0	0	1	8	0	18	176	0	0	4	34	91
LT934125.1	+	69821	71544	NOV_TX_1435	0	18	0	0	0	0	0	0	0	0	0	0	0	0	0	0	1	0	0	0	0	2	0	0	0	0	0	0	0	0
LT934125.1	+	69848	70521	NOV_TX_1436	0	5	0	0	0	0	3	15	0	0	0	0	3	3	0	0	32	0	0	0	0	2	35	9	83	0	0	5	9	46
LT934125.1	+	69848	71544	NOV_TX_1437	0	0	0	0	0	0	0	1	0	0	0	0	0	0	0	0	1	0	0	0	0	0	4	0	0	0	0	0	0	0
LT934125.1	+	69886	70521	NOV_TX_1440	0	0	0	0	0	1	0	0	0	0	0	0	0	0	0	0	0	0	0	0	0	28	0	0	0	0	0	0	0	0
LT934125.1	+	69921	70521	NOV_TX_1442	4	0	0	0	0	0	0	0	0	0	0	10	33	5	0	0	295	0	0	0	0	0	48	36	0	0	2	9	114	0
LT934125.1	+	69921	71544	NOV_TX_1443	0	0	0	0	0	0	0	0	0	0	0	0	3	0	0	0	19	0	0	0	0	0	3	0	0	0	0	0	2	0
LT934125.1	+	69947	70521	NOV_TX_1444	3	178	0	0	1	0	0	118	0	1	0	0	0	6	0	0	0	0	0	1	8	0	0	27	741	0	1	17	0	361
LT934125.1	+	69947	71544	NOV_TX_1445	0	36	0	0	0	0	0	1	0	0	0	0	0	0	0	0	0	0	0	0	2	0	0	0	19	0	0	0	0	1
LT934125.1	+	70012	70521	NOV_TX_1449	4	135	0	0	0	0	18	0	0	0	3	8	16	6	0	0	228	0	0	0	11	0	46	67	658	0	1	22	123	279
LT934125.1	+	70012	71544	NOV_TX_1450	0	32	0	0	0	0	3	0	0	0	0	1	0	0	0	0	9	0	0	0	1	0	2	0	11	0	0	1	3	6
LT934125.1	+	70031	70521	NOV_TX_1452	0	0	0	0	0	0	0	111	0	0	0	0	0	0	0	0	0	0	1	0	0	34	0	0	0	0	0	0	0	0
LT934125.1	+	70031	71544	NOV_TX_1453	0	0	0	0	0	0	0	4	0	0	0	0	0	0	0	0	0	0	0	0	0	5	0	0	0	0	0	0	0	0
LT934125.1	+	70090	70521	NOV_TX_1456	1	103	0	1	1	9	19	154	0	0	5	9	15	6	0	0	133	0	0	1	7	32	38	31	382	0	7	34	108	229
LT934125.1	+	70090	71543	NOV_TX_1458	0	0	0	0	0	0	0	18	0	0	0	1	2	0	0	0	0	0	0	0	0	0	0	0	0	0	0	0	0	0
LT934125.1	+	70090	71544	NOV_TX_1457	0	50	0	1	1	5	8	1	0	0	0	0	1	0	0	0	19	0	0	0	2	5	3	1	21	0	0	1	5	9
LT934125.1	+	70132	70521	NOV_TX_1459	1	152	1	0	0	3	0	137	0	0	0	9	24	6	0	0	253	0	0	1	7	33	53	56	631	0	4	22	114	323
LT934125.1	+	70132	71543	NOV_TX_1461	0	0	0	0	0	0	0	10	0	0	0	2	0	0	0	0	0	0	0	0	0	0	0	0	0	0	0	0	0	0
LT934125.1	+	70132	71544	NOV_TX_1460	0	42	0	0	0	0	0	2	0	0	0	0	1	0	0	0	14	0	0	0	0	4	5	1	21	0	0	1	2	6
LT934125.1	+	70158	70521	NOV_TX_1462	0	0	0	0	0	0	29	0	0	0	0	0	0	0	0	0	0	0	0	0	7	0	0	0	0	0	0	0	0	0
LT934125.1	+	70158	71544	NOV_TX_1463	0	0	0	0	0	0	7	0	0	0	0	0	0	0	0	0	0	0	0	0	4	0	0	0	0	0	0	0	0	0
LT934125.1	+	70186	70521	NOV_TX_1464	2	0	0	0	0	0	0	0	0	0	1	1	0	3	0	0	0	0	0	0	1	0	0	20	0	0	0	0	0	0
LT934125.1	+	70204	70521	NOV_TX_1466	0	206	0	0	0	0	0	214	0	0	0	0	0	0	0	0	352	0	0	0	0	48	0	0	998	0	0	0	0	0
LT934125.1	+	70204	71544	NOV_TX_1467	0	31	0	0	0	0	0	4	0	0	0	0	0	0	0	0	35	0	0	0	0	9	0	0	16	0	0	0	0	0
LT934125.1	+	70229	70521	NOV_TX_1469	8	100	0	1	2	3	29	0	0	0	1	10	0	16	0	0	0	0	1	0	8	0	65	107	0	0	7	0	0	0
LT934125.1	+	70229	71544	NOV_TX_1470	2	18	0	0	0	1	3	0	0	0	0	0	0	2	0	0	0	0	0	0	0	0	7	0	0	0	1	0	0	0
LT934125.1	+	70258	70521	NOV_TX_1472	0	0	0	0	0	0	0	0	0	0	0	0	0	0	0	0	0	0	0	0	0	0	0	0	0	0	0	28	174	548
LT934125.1	+	70258	71544	NOV_TX_1473	0	0	0	0	0	0	0	0	0	0	0	0	0	0	0	0	0	0	0	0	0	0	0	0	0	0	0	0	1	11
LT934125.1	+	70311	70521	NOV_TX_1477	0	158	0	0	0	0	37	69	0	0	2	4	17	3	0	0	415	0	0	1	0	66	75	19	1119	0	0	18	196	599
LT934125.1	+	70311	71543	NOV_TX_1479	0	0	0	0	0	0	0	14	0	0	0	0	1	0	0	0	0	0	0	0	0	0	0	0	0	0	0	0	0	0
LT934125.1	+	70311	71544	NOV_TX_1478	0	48	1	0	0	0	4	9	0	0	0	0	2	0	0	0	46	0	0	0	0	9	8	1	39	0	0	0	8	20
LT934125.1	+	70329	70521	NOV_TX_1480	2	168	1	0	0	6	0	0	0	0	0	5	9	0	0	0	0	2	0	0	6	0	0	9	0	0	7	19	0	0
LT934125.1	+	70329	71544	NOV_TX_1481	0	37	0	0	1	2	0	0	0	0	0	0	0	0	0	0	0	0	0	0	4	0	0	1	0	0	0	0	0	0
LT934125.1	+	70364	70521	NOV_TX_1483	0	0	0	0	2	0	0	0	0	0	0	0	0	0	0	0	0	0	0	0	0	0	0	0	1080	0	0	0	0	592
LT934125.1	+	70364	71544	NOV_TX_1484	0	0	0	0	0	0	0	0	0	0	0	0	0	0	0	0	0	0	0	0	0	0	0	0	22	0	0	0	0	7
LT934125.1	+	70382	70521	NOV_TX_1485	1	0	1	0	0	6	59	45	0	0	0	4	7	3	0	0	0	0	0	3	11	0	99	32	0	0	13	52	206	0
LT934125.1	+	70382	71543	NOV_TX_1487	0	0	0	0	0	0	0	7	0	0	0	0	1	0	0	0	0	0	0	0	0	0	0	0	0	0	0	0	0	0
LT934125.1	+	70382	71544	NOV_TX_1486	1	0	0	0	0	0	1	2	0	0	0	0	0	1	0	0	0	0	0	0	1	0	3	6	0	0	0	2	4	0
LT934125.1	+	70396	70521	NOV_TX_1488	0	0	0	0	0	0	0	0	0	0	0	0	0	0	0	0	461	0	0	0	0	52	0	0	0	0	0	0	0	0
LT934125.1	+	70396	71544	NOV_TX_1489	0	0	0	0	0	0	0	0	0	0	0	0	0	0	0	0	41	0	0	0	0	7	0	0	0	0	0	0	0	0
LT934125.1	+	70452	71543	NOV_TX_1493	0	0	0	0	0	0	0	4	0	0	0	0	1	0	0	0	0	0	0	0	0	0	0	0	0	0	0	0	0	0
LT934125.1	+	70452	71544	NOV_TX_1492	0	28	0	0	0	0	1	0	0	0	0	0	0	1	0	0	7	0	0	0	1	1	4	1	1	0	0	1	1	0
LT934125.1	+	70529	71535	NOV_TX_1497	0	0	0	0	0	0	0	0	0	0	0	0	0	0	0	0	0	10	0	0	0	0	0	0	0	4	0	0	0	0
LT934125.1	+	70529	71541	NOV_TX_1495	0	0	0	0	0	0	0	0	3	0	0	0	0	0	0	14	0	0	27	0	0	0	0	0	0	0	0	0	0	0
LT934125.1	+	70529	71543	NOV_TX_1496	0	0	0	0	0	0	0	4594	0	0	45	173	485	0	1	0	0	0	0	0	0	0	0	0	0	0	0	0	0	0
LT934125.1	+	70529	71544	NOV_TX_1494	11	7318	25	41	86	453	1012	918	0	3	10	35	122	42	0	0	4963	0	0	33	363	1531	909	180	14322	0	74	476	2612	5491
LT934125.1	+	70529	75651	NOV_TX_1498	0	0	0	0	0	0	0	3	0	0	0	0	1	0	0	0	0	0	0	0	0	0	0	0	0	0	0	0	0	7
LT934125.1	+	70595	71544	NOV_TX_1503	0	1	0	0	0	0	1	0	0	0	0	0	0	0	0	0	0	0	0	0	0	0	0	0	2	0	0	0	0	3
LT934125.1	+	70630	71543	NOV_TX_1506	0	0	0	0	0	0	0	74	0	0	1	3	0	0	0	0	0	0	0	0	0	0	0	0	0	0	0	0	0	0
LT934125.1	+	70630	71544	NOV_TX_1505	5	426	0	0	1	8	61	39	0	0	0	3	0	11	0	0	220	0	0	2	8	40	31	19	511	0	0	12	103	201
LT934125.1	+	70670	71543	NOV_TX_1509	0	0	0	0	0	0	0	0	0	0	0	4	14	0	0	0	0	0	0	0	0	0	0	0	0	0	0	0	0	0
LT934125.1	+	70670	71544	NOV_TX_1508	1	0	0	0	2	0	0	0	0	0	0	2	10	3	0	0	135	0	0	0	2	0	13	2	0	0	0	8	0	0
LT934125.1	+	70709	71543	NOV_TX_1512	0	0	0	0	0	0	0	28	0	0	0	1	4	0	0	0	0	0	0	0	0	0	0	0	0	0	0	0	0	0
LT934125.1	+	70709	71544	NOV_TX_1511	2	56	0	0	1	4	0	14	0	0	0	0	2	1	0	0	65	0	0	0	3	11	7	5	48	0	1	1	10	24
LT934125.1	+	70776	71543	NOV_TX_1516	0	0	0	0	0	0	0	0	0	0	0	4	17	0	0	0	0	0	0	0	0	0	0	0	0	0	0	0	0	0
LT934125.1	+	70776	71544	NOV_TX_1515	2	97	0	0	0	5	0	0	0	0	0	0	8	4	0	0	155	0	0	0	0	0	30	15	193	0	3	6	0	73
LT934125.1	+	70807	71543	NOV_TX_1518	0	0	0	0	0	0	0	66	0	0	1	3	0	0	0	0	0	0	0	0	0	0	0	0	0	0	0	0	0	0
LT934125.1	+	70807	71544	NOV_TX_1517	4	125	0	0	1	0	26	35	0	0	1	4	0	3	0	0	0	0	0	2	5	17	0	7	0	0	0	0	41	0
LT934125.1	+	70855	71543	NOV_TX_1521	0	0	0	0	0	0	0	70	0	0	2	9	11	0	0	0	0	0	0	0	0	0	0	0	0	0	0	0	0	0
LT934125.1	+	70855	71544	NOV_TX_1520	2	0	0	0	1	5	0	36	0	0	1	6	3	8	0	0	201	0	0	2	10	29	0	16	291	0	0	10	48	107
LT934125.1	+	70874	71544	NOV_TX_1522	0	273	0	0	0	0	46	0	0	0	0	0	0	0	0	0	0	0	0	0	0	0	30	0	0	0	0	0	0	0
LT934125.1	+	70889	71543	NOV_TX_1524	0	0	0	0	0	0	0	3	0	0	1	1	2	0	0	0	0	0	0	0	0	0	0	0	0	0	0	0	0	0
LT934125.1	+	70889	71544	NOV_TX_1523	0	60	0	0	0	0	4	1	0	0	0	2	1	4	0	0	18	0	0	0	0	3	6	2	16	0	0	2	9	8
LT934125.1	+	70914	71543	NOV_TX_1528	0	0	0	0	0	0	0	27	0	0	0	5	4	0	0	0	0	0	0	0	0	0	0	0	0	0	0	0	0	0
LT934125.1	+	70914	71544	NOV_TX_1527	2	67	0	0	0	1	11	10	0	0	0	0	1	8	0	0	61	0	0	0	5	12	14	17	86	0	0	6	27	35
LT934125.1	+	70976	71544	NOV_TX_1531	0	0	0	0	1	0	0	0	0	0	0	4	0	0	0	0	83	0	0	1	2	0	13	10	0	0	3	3	0	0
LT934125.1	+	71008	71543	NOV_TX_1535	0	0	0	0	0	0	0	0	0	0	2	16	33	0	0	0	0	0	0	0	0	0	0	0	0	0	0	0	0	0
LT934125.1	+	71008	71544	NOV_TX_1534	0	82	0	1	2	0	0	0	0	1	0	5	17	3	0	0	362	0	0	0	8	0	44	17	510	0	0	16	113	0
LT934125.1	+	71022	71544	NOV_TX_1538	0	321	0	0	0	0	0	96	0	0	0	0	0	0	0	0	0	0	0	0	0	0	0	0	0	0	0	0	0	176
LT934125.1	+	71054	71544	NOV_TX_1541	0	0	0	0	0	0	0	0	0	0	0	0	0	1	0	0	0	0	0	0	3	0	0	7	0	0	0	0	0	0
LT934125.1	+	71067	71544	NOV_TX_1542	0	0	0	0	2	0	0	0	0	0	0	0	0	0	0	0	0	0	0	0	23	0	206	0	0	0	0	21	0	0
LT934125.1	+	71093	71544	NOV_TX_1544	2	396	0	0	0	0	0	0	0	0	3	0	0	4	0	0	0	0	0	1	0	0	0	14	0	0	0	0	0	0
LT934125.1	+	71133	71543	NOV_TX_1546	0	0	0	0	0	0	0	478	0	0	0	43	47	0	0	0	0	0	0	0	0	0	0	0	0	0	0	0	0	0
LT934125.1	+	71133	71544	NOV_TX_1547	6	0	0	0	0	26	0	218	0	0	0	19	44	5	0	0	489	0	0	0	0	0	0	16	0	0	8	0	0	0
LT934125.1	+	71165	71544	NOV_TX_1549	0	0	0	3	0	0	0	0	0	0	0	0	0	0	0	0	0	0	0	0	0	0	0	0	0	0	0	35	0	0
LT934125.1	+	71189	71544	NOV_TX_1550	8	908	1	0	0	0	167	0	0	0	4	0	0	9	0	0	844	0	0	1	0	0	0	39	1461	0	0	0	321	505
LT934125.1	+	71224	71544	NOV_TX_1553	0	0	0	0	0	9	0	0	0	0	0	0	0	0	0	0	0	0	0	0	0	82	0	0	0	0	0	11	0	0
LT934125.1	+	71263	71543	NOV_TX_1555	0	0	0	0	0	0	0	118	0	0	2	16	24	0	0	0	0	0	0	0	0	0	0	0	0	0	0	0	0	0
LT934125.1	+	71263	71544	NOV_TX_1554	3	572	1	1	1	0	79	76	0	0	3	6	13	8	0	0	589	0	0	1	19	0	99	34	577	0	4	11	116	261
LT934125.1	+	71321	71543	NOV_TX_1560	0	0	0	0	0	0	0	55	0	0	3	5	15	0	0	0	0	0	0	0	0	0	0	0	0	0	0	0	0	0
LT934125.1	+	71321	71544	NOV_TX_1559	1	521	1	1	0	9	90	33	0	0	0	4	7	8	0	0	436	0	0	5	0	55	80	19	510	0	6	25	112	246
LT934125.1	+	71391	71543	NOV_TX_1563	0	0	0	0	0	0	0	0	0	0	3	12	14	0	0	0	0	0	0	0	0	0	0	0	0	0	0	0	0	0
LT934125.1	+	71391	71544	NOV_TX_1564	2	1324	1	0	6	17	0	0	0	0	2	3	11	3	0	0	1186	0	0	2	39	175	197	11	1223	0	10	53	289	0
LT934125.1	+	71420	71544	NOV_TX_1567	0	0	0	0	0	0	215	51	0	0	0	0	0	0	0	0	0	0	0	0	0	0	0	0	0	0	0	0	0	602
LT934125.1	+	72759	75648	NOV_TX_1587	2	0	0	0	0	0	29	0	0	0	0	0	0	12	0	0	0	0	0	0	0	21	0	43	0	0	0	3	58	0
LT934125.1	+	72759	75649	NOV_TX_1588	0	0	0	0	0	0	0	0	0	0	0	0	0	0	0	0	0	0	0	0	3	0	0	0	201	0	0	0	0	0
LT934125.1	+	72759	75650	NOV_TX_1585	0	183	0	0	0	3	0	0	0	0	0	0	0	0	0	0	76	0	0	0	0	0	20	0	0	0	0	0	0	0
LT934125.1	+	72759	75651	NOV_TX_1586	0	0	0	2	1	0	0	26	0	0	0	1	5	0	0	0	0	0	0	0	0	0	0	0	0	0	0	0	0	145
LT934125.1	+	72816	75648	NOV_TX_1591	0	0	0	0	0	0	21	0	0	0	0	0	0	2	0	0	0	0	0	0	0	2	0	16	0	0	0	3	18	0
LT934125.1	+	72816	75650	NOV_TX_1593	0	0	0	0	0	0	0	0	0	0	0	0	0	0	0	0	28	0	0	0	0	0	3	0	0	0	0	0	0	0
LT934125.1	+	72816	75651	NOV_TX_1592	0	0	0	0	1	0	0	7	0	0	0	0	7	0	0	0	0	0	0	0	0	0	0	0	0	0	0	0	0	24
LT934125.1	+	72990	75650	NOV_TX_1598	0	1	0	0	0	0	0	0	0	0	0	0	0	0	0	0	2	0	0	0	0	0	2	0	0	0	0	0	0	0
LT934125.1	+	73096	75650	NOV_TX_1602	0	9	0	0	0	0	0	0	0	0	0	0	0	0	0	0	4	0	0	0	0	0	1	0	0	0	0	0	0	0
LT934125.1	+	73363	75650	NOV_TX_1612	0	4	0	0	0	0	0	0	0	0	0	0	0	0	0	0	1	0	0	0	0	0	0	0	0	0	0	0	0	0
LT934125.1	+	74021	75648	NOV_TX_1643	0	0	0	0	0	0	2	0	0	0	0	0	0	0	0	0	0	0	0	0	0	0	0	2	0	0	0	0	7	0
LT934125.1	+	74160	75650	NOV_TX_1646	0	3	0	0	0	1	0	0	0	0	0	0	0	0	0	0	2	0	0	0	0	0	0	0	0	0	0	0	0	0
LT934125.1	+	74192	75650	NOV_TX_1649	0	6	0	0	0	1	0	0	0	0	0	0	0	0	0	0	2	0	0	0	0	0	0	0	0	0	0	0	0	0
LT934125.1	+	74245	75650	NOV_TX_1653	0	3	0	0	0	0	0	0	0	0	0	0	0	0	0	0	2	0	0	0	0	0	2	0	0	0	0	0	0	0
LT934125.1	+	74327	75648	NOV_TX_1658	0	0	0	0	0	0	5	0	0	0	0	0	0	0	0	0	0	0	0	0	0	1	0	1	0	0	0	3	6	0
LT934125.1	+	74327	75649	NOV_TX_1661	0	0	0	0	0	0	0	0	0	0	0	0	0	0	0	0	0	0	0	0	1	0	0	0	26	0	0	0	0	0
LT934125.1	+	74327	75650	NOV_TX_1659	0	32	0	0	0	0	0	0	0	0	0	0	0	0	0	0	13	0	0	0	0	0	0	0	0	0	0	0	0	0
LT934125.1	+	74327	75651	NOV_TX_1660	0	0	0	0	0	0	0	14	0	0	0	0	2	0	0	0	0	0	0	0	0	0	0	0	0	0	0	0	0	14
LT934125.1	+	74400	75648	NOV_TX_1665	19	0	0	0	0	0	548	41	0	0	2	7	3	43	0	7	0	1	0	0	0	452	0	360	0	0	0	481	1847	0
LT934125.1	+	74400	75649	NOV_TX_1662	0	0	0	0	0	0	0	0	0	0	0	0	0	0	0	0	0	0	0	0	122	0	0	0	6553	0	35	0	0	0
LT934125.1	+	74400	75650	NOV_TX_1663	0	2223	0	0	0	285	0	0	0	0	0	0	0	0	0	0	1521	0	0	0	0	0	375	0	0	0	0	0	0	0
LT934125.1	+	74400	75651	NOV_TX_1664	0	0	6	15	23	0	0	1934	2	0	19	94	337	0	0	0	0	3	10	12	0	0	0	0	0	0	0	0	0	2779
LT934125.1	+	74400	79996	NOV_TX_1666	0	6	0	0	0	0	0	3	0	0	0	0	0	0	0	0	0	0	0	0	0	0	0	0	5	0	0	0	1	2
LT934125.1	+	74457	75648	NOV_TX_1670	0	0	0	0	0	0	59	0	0	0	0	0	0	7	0	1	0	0	0	0	0	33	0	32	0	0	0	55	154	0
LT934125.1	+	74457	75649	NOV_TX_1671	0	0	0	0	0	0	0	0	0	0	0	0	0	0	0	0	0	0	0	0	3	0	0	0	480	0	1	0	0	0
LT934125.1	+	74457	75650	NOV_TX_1669	0	253	0	0	0	4	0	0	0	0	0	0	0	0	0	0	182	0	0	0	0	0	51	0	0	0	0	0	0	0
LT934125.1	+	74457	75651	NOV_TX_1668	0	0	0	2	2	0	0	120	0	0	1	9	32	0	0	0	0	0	1	1	0	0	0	0	0	0	0	0	0	148
LT934125.1	+	74508	75648	NOV_TX_1674	0	0	0	0	0	0	13	0	0	0	0	0	0	2	0	0	0	0	0	0	0	10	0	5	0	0	0	8	29	0
LT934125.1	+	74508	75650	NOV_TX_1673	0	46	0	0	0	3	0	0	0	0	0	0	0	0	0	0	38	0	0	0	0	0	11	0	0	0	0	0	0	0
LT934125.1	+	74508	75651	NOV_TX_1675	0	0	0	0	0	0	0	15	0	0	1	2	3	0	0	0	0	0	0	1	0	0	0	0	0	0	0	0	0	26
LT934125.1	+	74570	75648	NOV_TX_1678	2	0	0	0	0	0	9	0	0	0	0	0	0	2	0	0	0	0	0	0	0	16	0	14	0	0	0	8	48	0
LT934125.1	+	74570	75649	NOV_TX_1681	0	0	0	0	0	0	0	0	0	0	0	0	0	0	0	0	0	0	0	0	1	0	0	0	142	0	0	0	0	0
LT934125.1	+	74570	75650	NOV_TX_1679	0	56	0	0	0	3	0	0	0	0	0	0	0	0	0	0	47	0	0	0	0	0	10	0	0	0	0	0	0	0
LT934125.1	+	74570	75651	NOV_TX_1680	0	0	0	1	2	0	0	31	0	0	0	4	9	0	0	0	0	0	0	0	0	0	0	0	0	0	0	0	0	51
LT934125.1	+	74635	75648	NOV_TX_1683	0	0	0	0	0	0	0	0	0	0	0	0	0	2	0	0	0	0	0	0	0	0	0	18	0	0	0	42	168	0
LT934125.1	+	74635	75650	NOV_TX_1684	0	0	0	0	0	0	0	0	0	0	0	0	0	0	0	0	31	0	0	0	0	0	51	0	0	0	0	0	0	0
LT934125.1	+	74635	75651	NOV_TX_1682	0	0	0	0	0	0	0	186	0	0	2	0	0	0	0	0	0	0	0	0	0	0	0	0	0	0	0	0	0	0
LT934125.1	+	74680	75650	NOV_TX_1687	0	24	0	0	0	0	0	0	0	0	0	0	0	0	0	0	18	0	0	0	0	0	0	0	0	0	0	0	0	0
LT934125.1	+	74697	75651	NOV_TX_1690	0	0	0	0	0	0	0	0	0	0	0	16	42	0	0	0	0	0	0	0	0	0	0	0	0	0	0	0	0	0
LT934125.1	+	74721	75648	NOV_TX_1692	2	0	0	0	0	0	0	0	0	0	0	0	0	4	0	1	0	0	0	0	0	0	0	10	0	0	0	0	0	0
LT934125.1	+	74721	75651	NOV_TX_1693	0	0	1	0	1	0	0	0	0	0	0	0	0	0	0	0	0	0	1	0	0	0	0	0	0	0	0	0	0	249
LT934125.1	+	74952	75648	NOV_TX_1700	0	0	0	0	0	0	0	0	0	0	0	0	0	3	0	0	0	0	0	0	0	0	0	15	0	0	0	0	0	0
LT934125.1	+	74968	75648	NOV_TX_1703	0	0	0	0	0	0	0	0	0	0	0	0	0	0	0	0	0	0	0	0	0	58	0	0	0	0	0	18	0	0
LT934125.1	+	75019	75648	NOV_TX_1704	3	0	0	0	0	0	25	1	0	0	0	0	0	4	0	0	0	0	0	0	0	38	0	25	0	0	0	28	106	0
LT934125.1	+	75019	75649	NOV_TX_1705	0	0	0	0	0	0	0	0	0	0	0	0	0	0	0	0	0	0	0	0	6	0	0	0	396	0	0	0	0	0
LT934125.1	+	75019	75650	NOV_TX_1706	0	4	0	0	0	8	0	0	0	0	0	0	0	0	0	0	128	0	0	0	0	0	29	0	0	0	0	0	0	0
LT934125.1	+	75019	75651	NOV_TX_1707	0	0	1	0	1	0	0	76	0	0	5	4	20	0	0	0	0	0	0	0	0	0	0	0	0	0	0	0	0	102
LT934125.1	+	75067	75648	NOV_TX_1711	0	0	0	0	0	0	18	0	0	0	0	0	0	3	0	0	0	0	0	0	0	24	0	17	0	0	0	15	64	0
LT934125.1	+	75067	75649	NOV_TX_1712	0	0	0	0	0	0	0	0	0	0	0	0	0	0	0	0	0	0	0	0	3	0	0	0	200	0	3	0	0	0
LT934125.1	+	75067	75650	NOV_TX_1710	0	70	0	0	0	3	0	0	0	0	0	0	0	0	0	0	104	0	0	0	0	0	28	0	0	0	0	0	0	0
LT934125.1	+	75067	75651	NOV_TX_1709	0	0	0	1	0	0	0	79	0	0	2	7	12	0	0	0	0	0	0	2	0	0	0	0	0	0	0	0	0	104
LT934125.1	+	75105	75648	NOV_TX_1714	1	0	0	0	0	0	2	0	0	0	0	0	0	3	0	0	0	0	0	0	0	8	0	18	0	0	0	29	21	0
LT934125.1	+	75105	75649	NOV_TX_1718	0	0	0	0	0	0	0	0	0	0	0	0	0	0	0	0	0	0	0	0	15	0	0	0	533	0	0	0	0	0
LT934125.1	+	75105	75650	NOV_TX_1716	0	0	0	0	0	9	0	0	0	0	0	0	0	0	0	0	35	0	0	0	0	0	4	0	0	0	0	0	0	0
LT934125.1	+	75105	75651	NOV_TX_1715	0	0	2	1	0	0	0	17	0	0	2	35	39	0	0	0	0	1	0	2	0	0	0	0	0	0	0	0	0	23
LT934125.1	+	75139	75648	NOV_TX_1720	1	0	0	0	0	0	62	0	0	0	0	0	0	9	0	0	0	0	0	0	0	0	0	33	0	0	0	22	0	0
LT934125.1	+	75139	75650	NOV_TX_1719	0	269	0	0	0	1	0	0	0	0	0	0	0	0	0	0	0	0	0	0	0	0	0	0	0	0	0	0	0	0
LT934125.1	+	75139	75651	NOV_TX_1721	0	0	0	0	0	0	0	0	0	0	2	0	19	0	0	0	0	0	2	0	0	0	0	0	0	0	0	0	0	0
LT934125.1	+	75154	75648	NOV_TX_1724	0	0	0	0	0	0	0	0	0	0	0	0	0	0	0	0	0	0	0	0	0	77	0	0	0	0	0	0	211	0
LT934125.1	+	75154	75649	NOV_TX_1725	0	0	0	0	0	0	0	0	0	0	0	0	0	0	0	0	0	0	0	0	0	0	0	0	229	0	5	0	0	0
LT934125.1	+	75154	75650	NOV_TX_1723	0	0	0	0	0	0	0	0	0	0	0	0	0	0	0	0	317	0	0	0	0	0	52	0	0	0	0	0	0	0
LT934125.1	+	75154	75651	NOV_TX_1722	0	0	0	0	0	0	0	205	0	0	0	0	0	0	0	0	0	0	0	0	0	0	0	0	0	0	0	0	0	251
LT934125.1	+	75167	75648	NOV_TX_1726	1	0	0	0	0	0	14	0	0	0	0	0	0	2	0	0	0	0	0	0	0	17	0	18	0	0	0	3	14	0
LT934125.1	+	75167	75649	NOV_TX_1729	0	0	0	0	0	0	0	0	0	0	0	0	0	0	0	0	0	0	0	0	4	0	0	0	177	0	1	0	0	0
LT934125.1	+	75167	75650	NOV_TX_1727	0	76	0	0	0	0	0	0	0	0	0	0	0	0	0	0	59	0	0	0	0	0	6	0	0	0	0	0	0	0
LT934125.1	+	75167	75651	NOV_TX_1728	0	0	0	0	0	0	0	44	0	0	1	1	8	0	0	0	0	0	0	0	0	0	0	0	0	0	0	0	0	37
LT934125.1	+	75196	75648	NOV_TX_1732	0	0	0	0	0	0	0	0	0	0	0	0	0	5	0	0	0	0	0	0	0	40	0	21	0	0	0	42	178	0
LT934125.1	+	75196	75649	NOV_TX_1733	0	0	0	0	0	0	0	0	0	0	0	0	0	0	0	0	0	0	0	0	12	0	0	0	422	0	1	0	0	0
LT934125.1	+	75196	75650	NOV_TX_1730	0	134	0	0	0	13	0	0	0	0	0	0	0	0	0	0	189	0	0	0	0	0	72	0	0	0	0	0	0	0
LT934125.1	+	75196	75651	NOV_TX_1731	0	0	1	0	1	0	0	92	1	0	1	16	41	0	0	0	0	0	1	2	0	0	0	0	0	0	0	0	0	263
LT934125.1	+	75237	75648	NOV_TX_1734	0	0	0	0	0	0	59	0	0	0	0	0	0	7	0	1	0	0	0	0	0	20	0	15	0	0	0	18	19	0
LT934125.1	+	75237	75649	NOV_TX_1737	0	0	0	0	0	0	0	0	0	0	0	0	0	0	0	0	0	0	0	0	5	0	0	0	267	0	2	0	0	0
LT934125.1	+	75237	75650	NOV_TX_1735	0	152	0	0	0	2	0	0	0	0	0	0	0	0	0	0	149	0	0	0	0	0	13	0	0	0	0	0	0	0
LT934125.1	+	75237	75651	NOV_TX_1736	0	0	0	0	2	0	0	77	0	0	2	3	5	0	0	0	0	0	0	0	0	0	0	0	0	0	0	0	0	22
LT934125.1	+	75262	75648	NOV_TX_1739	0	0	0	0	0	0	12	0	0	0	0	0	0	5	0	0	0	0	0	0	0	20	0	12	0	0	0	4	40	0
LT934125.1	+	75262	75649	NOV_TX_1741	0	0	0	0	0	0	0	0	0	0	0	0	0	0	0	0	0	0	0	0	4	0	0	0	149	0	0	0	0	0
LT934125.1	+	75262	75650	NOV_TX_1738	0	49	0	0	0	1	0	0	0	0	0	0	0	0	0	0	69	0	0	0	0	0	19	0	0	0	0	0	0	0
LT934125.1	+	75262	75651	NOV_TX_1740	0	0	0	0	0	0	0	42	0	0	2	1	11	0	0	0	0	0	0	0	0	0	0	0	0	0	0	0	0	69
LT934125.1	+	75311	75648	NOV_TX_1744	2	0	0	0	0	0	0	0	0	0	0	0	0	1	0	0	0	0	0	0	0	0	0	22	0	0	0	0	0	0
LT934125.1	+	75311	75650	NOV_TX_1745	0	85	0	0	0	0	0	0	0	0	0	0	0	0	0	0	0	0	0	0	0	0	120	0	0	0	0	0	0	0
LT934125.1	+	75311	75651	NOV_TX_1746	0	0	0	0	0	0	0	0	1	0	0	3	0	0	0	0	0	1	0	0	0	0	0	0	0	0	0	0	0	0
LT934125.1	+	75358	75648	NOV_TX_1751	3	0	0	0	0	0	0	0	0	0	0	0	0	7	0	0	0	0	0	0	0	0	0	42	0	0	0	87	0	0
LT934125.1	+	75358	75651	NOV_TX_1752	0	0	0	2	3	0	0	0	0	0	9	41	0	0	0	0	0	3	0	3	0	0	0	0	0	0	0	0	0	0
LT934125.1	+	75382	75648	NOV_TX_1757	0	0	0	0	0	0	167	0	0	0	0	0	0	0	0	0	0	0	0	0	0	160	0	0	0	0	0	0	362	0
LT934125.1	+	75382	75650	NOV_TX_1756	0	406	0	0	0	0	0	0	0	0	0	0	0	0	0	0	700	0	0	0	0	0	0	0	0	0	0	0	0	0
LT934125.1	+	75428	75650	NOV_TX_1760	0	0	0	0	0	12	0	0	0	0	0	0	0	0	0	0	0	0	0	0	0	0	114	0	0	0	0	0	0	0
LT934125.1	+	75458	75648	NOV_TX_1765	2	0	0	0	0	0	0	0	0	0	0	0	0	9	0	0	0	0	0	0	0	0	0	43	0	0	0	0	0	0
LT934125.1	+	75458	75649	NOV_TX_1768	0	0	0	0	0	0	0	0	0	0	0	0	0	0	0	0	0	0	0	0	20	0	0	0	0	0	2	0	0	0
LT934125.1	+	75458	75651	NOV_TX_1764	0	0	1	1	3	0	0	0	0	0	3	0	23	0	0	0	0	0	0	0	0	0	0	0	0	0	0	0	0	0
LT934125.1	+	75477	75648	NOV_TX_1769	0	0	0	0	0	0	0	0	0	0	0	0	0	0	0	0	0	0	0	0	0	115	0	0	0	0	0	58	273	0
LT934125.1	+	75653	79996	NOV_TX_1779	0	1	0	0	0	0	0	0	0	0	0	0	1	0	0	0	0	0	0	0	0	0	0	0	1	0	0	0	1	4
LT934125.1	+	76683	79996	NOV_TX_1782	1	110	2	1	1	19	28	63	0	0	1	3	28	4	0	0	14	0	0	4	2	14	9	8	47	0	1	7	54	100
LT934125.1	+	76749	79996	NOV_TX_1783	0	11	1	0	0	0	0	2	0	0	0	0	0	0	0	0	0	0	0	0	0	0	0	1	2	0	0	0	2	0
LT934125.1	+	76795	79996	NOV_TX_1784	0	6	0	0	0	0	0	2	0	0	0	0	1	0	0	0	0	0	0	0	0	0	0	0	0	0	0	0	1	0
LT934125.1	+	76990	79996	NOV_TX_1788	0	29	0	3	0	6	3	23	0	0	0	0	14	3	0	1	4	0	1	3	1	2	7	4	2	0	4	3	21	32
LT934125.1	+	77175	79996	NOV_TX_1789	0	0	0	0	0	0	0	1	0	0	1	0	0	1	0	0	0	0	0	0	0	0	2	1	1	0	0	0	0	1
LT934125.1	+	77789	79996	NOV_TX_1795	0	3	0	0	0	0	2	0	0	0	0	1	0	0	0	0	0	0	0	0	0	0	0	0	0	0	0	0	2	1
LT934125.1	+	78035	79996	NOV_TX_1799	27	555	10	11	16	96	170	224	0	0	6	21	0	66	0	4	116	7	1	8	15	56	82	182	117	0	5	44	118	205
LT934125.1	+	78278	79996	NOV_TX_1805	2	10	0	0	0	0	0	5	0	0	0	1	0	3	0	0	4	0	0	0	0	0	0	1	3	0	0	1	3	8
LT934125.1	+	78329	79996	NOV_TX_1807	1	5	0	0	0	1	6	4	0	0	0	0	0	0	0	0	2	0	0	0	0	1	2	0	4	0	0	2	1	11
LT934125.1	+	78367	79996	NOV_TX_1808	0	4	0	0	0	0	0	0	0	0	0	0	0	0	0	0	0	0	0	0	1	0	0	0	0	0	0	0	0	0
LT934125.1	+	78433	79996	NOV_TX_1809	1	10	1	1	0	2	8	9	0	0	0	1	3	0	0	0	4	0	0	1	0	3	3	0	5	0	0	0	2	8
LT934125.1	+	78522	79996	NOV_TX_1811	0	11	1	0	0	1	1	3	0	0	0	0	1	0	0	0	0	0	0	0	0	1	6	1	2	0	0	2	1	3
LT934125.1	+	78602	79996	NOV_TX_1812	2	15	0	0	0	2	8	11	0	1	0	1	3	1	0	0	11	0	0	1	0	5	0	5	4	0	2	2	4	6
LT934125.1	+	78654	79996	NOV_TX_1814	0	8	1	0	0	0	1	0	0	0	1	1	5	0	0	0	4	1	0	0	0	0	0	2	5	0	0	0	1	3
LT934125.1	+	78717	79996	NOV_TX_1816	1	36	1	0	1	1	6	14	0	1	2	1	11	2	0	1	30	0	0	0	1	10	12	6	13	0	0	4	14	22
LT934125.1	+	78764	79996	NOV_TX_1818	0	2	0	0	0	1	2	5	0	0	0	0	2	0	0	0	2	0	0	1	0	1	4	2	2	0	0	0	0	1
LT934125.1	+	78825	79996	NOV_TX_1821	1	28	0	0	0	0	7	19	0	0	1	0	4	3	0	0	13	0	0	0	0	8	6	6	20	0	0	0	7	10
LT934125.1	+	78840	79996	NOV_TX_1822	0	0	0	0	0	4	0	0	0	0	0	0	0	0	0	0	0	0	0	0	0	0	0	0	0	0	0	6	0	0
LT934125.1	+	78882	79996	NOV_TX_1823	1	78	0	0	0	4	19	15	0	0	0	2	10	2	0	0	30	0	1	1	1	8	9	7	19	1	1	7	20	23
LT934125.1	+	78921	79996	NOV_TX_1824	1	24	0	1	0	1	16	22	0	0	0	1	8	4	0	0	18	2	0	1	0	7	9	2	26	0	0	0	7	11
LT934125.1	+	78969	79996	NOV_TX_1826	0	99	0	0	0	0	0	138	0	0	0	0	0	0	0	0	0	0	0	0	0	0	0	0	0	0	0	0	0	0
LT934125.1	+	78999	79996	NOV_TX_1827	0	25	0	2	0	8	0	0	1	0	3	0	43	4	0	2	65	2	1	2	0	38	47	6	60	0	2	11	63	107
LT934125.1	+	79062	79996	NOV_TX_1830	0	79	2	1	0	0	0	0	0	1	0	7	0	0	0	0	75	1	2	1	0	0	0	6	43	0	0	13	0	0
LT934125.1	+	79143	79996	NOV_TX_1832	5	25	1	0	0	4	10	45	0	0	0	3	0	4	0	0	25	0	0	1	2	12	10	14	43	0	0	4	17	35
LT934125.1	+	79221	79996	NOV_TX_1835	1	15	0	0	0	0	0	0	0	0	0	1	15	0	0	0	8	0	0	0	0	0	14	7	0	0	0	0	0	0
LT934125.1	+	79260	79996	NOV_TX_1837	0	56	0	0	1	1	21	38	0	0	0	3	0	1	0	0	33	0	0	0	2	14	0	14	43	0	4	0	31	49
LT934125.1	+	79315	79996	NOV_TX_1838	1	195	2	0	0	7	52	111	1	1	5	0	58	1	0	1	118	0	2	1	8	25	0	16	139	0	3	29	77	154
LT934125.1	+	79347	79996	NOV_TX_1840	0	40	0	2	0	1	7	8	0	0	1	0	2	0	0	0	23	1	0	1	2	5	56	3	7	0	0	9	11	8
LT934125.1	+	79444	79996	NOV_TX_1842	61	4268	10	38	41	399	1245	4874	7	23	92	405	594	118	1	20	4443	20	51	60	157	706	1160	656	9776	13	121	794	3030	6940
LT934125.1	+	79517	79996	NOV_TX_1843	9	289	1	0	5	12	64	90	0	0	0	12	27	14	0	0	160	0	2	3	12	38	66	52	355	0	6	31	137	239
LT934125.1	+	79550	79996	NOV_TX_1844	10	250	0	1	1	6	58	84	0	1	2	6	25	16	0	0	236	0	2	2	14	33	53	65	327	0	6	33	69	148
LT934125.1	+	79584	79996	NOV_TX_1845	0	0	0	0	0	0	0	0	0	0	0	0	115	0	0	0	0	0	6	0	0	0	0	0	0	0	0	72	0	0
LT934125.1	+	79614	79996	NOV_TX_1846	19	647	0	8	4	0	209	449	0	3	7	32	0	22	0	0	543	0	0	0	48	156	215	117	1021	0	16	39	374	718
LT934125.1	+	79654	79996	NOV_TX_1847	5	0	0	0	1	41	0	0	0	1	0	0	0	6	0	0	127	0	0	0	0	0	0	30	0	0	0	21	0	0
LT934125.1	+	79716	79996	NOV_TX_1849	2	221	0	0	0	0	0	0	0	0	2	0	0	6	0	0	193	6	0	11	0	0	0	17	0	0	0	0	0	0
LT934125.1	+	79789	79996	NOV_TX_1851	6	379	0	1	5	14	108	126	0	1	1	12	28	11	0	1	378	4	0	3	15	100	122	43	368	1	7	49	189	304
LT934125.1	+	79830	79996	NOV_TX_1852	0	0	0	0	0	0	0	77	0	0	0	0	0	0	0	0	0	0	0	0	0	0	0	0	0	0	0	84	0	0
LT934125.1	+	79862	79996	NOV_TX_1853	2	637	3	3	8	26	233	0	0	0	0	2	12	7	0	0	556	3	1	10	41	154	177	17	520	2	8	0	270	0
LT934125.1	+	80368	81798	NOV_TX_1855	0	5	0	0	0	0	0	1	0	0	0	0	0	0	0	0	0	0	0	0	0	5	0	0	17	0	0	2	0	4
LT934125.1	+	81082	86167	NOV_TX_1860	0	5	0	0	0	2	2	3	1	0	0	0	2	0	0	0	0	1	0	0	0	0	0	0	0	0	0	0	2	7
LT934125.1	+	81334	81799	NOV_TX_1863	0	0	0	0	0	0	0	0	0	0	0	0	0	0	0	0	7	0	0	0	0	0	0	0	0	0	0	0	1	0
LT934125.1	+	81409	81798	NOV_TX_1866	0	2	0	0	0	0	0	1	0	0	0	0	0	0	0	0	0	0	0	0	0	1	0	0	1	0	0	0	0	2
LT934125.1	+	81436	81798	NOV_TX_1868	0	5	0	0	0	0	0	1	0	0	0	0	0	0	0	0	0	0	0	0	0	1	0	0	10	0	0	0	0	5
LT934125.1	+	81436	81799	NOV_TX_1870	0	0	0	0	0	0	0	0	0	0	0	0	0	0	0	0	8	0	0	0	0	0	0	0	0	0	0	0	1	0
LT934125.1	+	81478	86167	NOV_TX_1873	0	1	0	0	0	0	2	0	0	0	0	0	0	0	0	0	0	0	0	0	0	1	0	0	0	0	0	0	1	1
LT934125.1	+	81577	81798	NOV_TX_1875	0	3	0	0	0	0	0	0	0	0	0	0	0	0	0	0	0	0	0	0	0	0	0	0	3	0	0	0	0	0
LT934125.1	+	81696	81798	NOV_TX_1878	0	8	0	0	0	0	0	0	0	0	0	0	0	0	0	0	0	0	0	0	0	0	0	0	16	0	0	1	0	3
LT934125.1	+	82472	86167	NOV_TX_1884	0	9	0	1	0	0	2	2	0	0	0	0	2	0	0	0	2	0	0	0	0	0	0	0	0	0	0	2	3	2
LT934125.1	+	83129	86167	NOV_TX_1887	0	0	0	0	0	0	2	0	0	0	0	0	0	0	0	0	1	0	0	0	1	0	0	0	1	0	0	1	0	0
LT934125.1	+	83792	86167	NOV_TX_1891	0	4	0	0	0	0	1	3	0	0	0	0	1	0	0	0	0	0	0	0	0	1	2	0	0	0	0	1	0	2
LT934125.1	+	83975	86167	NOV_TX_1892	0	54	1	1	2	3	9	21	0	0	4	6	9	0	0	0	21	1	1	4	2	11	24	7	31	0	5	12	20	68
LT934125.1	+	84070	86167	NOV_TX_1893	0	0	0	0	0	0	0	0	0	0	1	0	1	0	0	0	0	0	0	0	0	0	1	0	0	0	0	1	1	0
LT934125.1	+	84169	86167	NOV_TX_1896	0	7	0	1	0	0	0	4	0	0	0	0	0	0	0	0	3	0	0	1	0	0	4	0	2	0	0	2	3	2
LT934125.1	+	84486	86167	NOV_TX_1902	0	0	0	0	0	0	2	0	0	0	0	0	1	0	0	0	0	0	0	0	0	0	0	0	1	0	0	0	0	2
LT934125.1	+	84645	86167	NOV_TX_1906	0	8	0	0	0	0	2	3	0	0	1	0	0	0	0	0	1	0	0	0	0	0	0	0	3	0	0	1	0	0
LT934125.1	+	84734	86167	NOV_TX_1909	0	4	0	0	0	0	6	4	0	0	0	0	0	0	0	0	1	0	0	0	0	0	0	0	0	0	0	0	0	0
LT934125.1	+	84933	86167	NOV_TX_1913	0	37	0	0	1	2	0	22	0	0	0	1	7	0	0	0	43	0	0	0	0	8	8	0	16	0	3	6	18	22
LT934125.1	+	84990	86167	NOV_TX_1915	0	4	0	0	1	0	3	5	0	0	0	2	1	0	0	0	5	0	0	0	0	0	0	0	2	0	0	1	1	2
LT934125.1	+	85060	86167	NOV_TX_1918	0	1	0	1	0	0	0	0	0	0	0	0	0	0	0	0	1	0	0	0	0	0	0	1	1	0	0	0	1	1
LT934125.1	+	85085	86167	NOV_TX_1919	0	7	0	0	0	0	6	2	0	0	0	0	0	0	0	0	0	0	0	0	1	0	0	1	0	0	0	0	0	1
LT934125.1	+	85104	86167	NOV_TX_1920	0	0	0	0	0	1	0	0	0	0	0	0	0	0	0	0	0	0	0	0	0	4	0	0	0	0	0	0	0	0
LT934125.1	+	85196	86167	NOV_TX_1921	0	69	5	0	0	2	18	38	0	0	1	2	16	0	0	1	83	0	0	1	4	14	24	1	18	0	6	9	17	46
LT934125.1	+	85284	86167	NOV_TX_1924	0	5	0	0	0	0	0	7	0	1	0	0	0	0	0	0	7	0	2	0	0	0	1	1	1	0	1	0	0	3
LT934125.1	+	85370	86167	NOV_TX_1926	0	1	0	0	0	1	1	1	0	0	0	0	0	1	0	0	1	0	0	3	0	1	1	0	0	0	2	0	0	1
LT934125.1	+	85465	86167	NOV_TX_1930	1	5	0	0	0	0	13	0	0	0	0	2	6	0	0	0	12	0	0	2	0	9	0	2	9	0	3	6	0	6
LT934125.1	+	85490	86167	NOV_TX_1931	0	5	0	0	0	2	0	0	0	0	0	0	0	0	0	0	8	0	0	0	1	0	0	0	6	0	0	11	19	6
LT934125.1	+	85557	86167	NOV_TX_1932	0	7	0	0	0	0	1	20	0	0	0	1	3	0	0	0	10	0	0	0	0	2	9	2	4	0	3	0	0	5
LT934125.1	+	85581	86167	NOV_TX_1933	0	13	0	1	0	0	4	0	0	0	0	0	0	1	0	0	8	0	0	0	0	3	0	3	6	0	0	3	1	13
LT934125.1	+	85626	86167	NOV_TX_1934	0	8	0	0	0	1	3	11	0	0	0	1	4	1	0	0	8	0	0	0	0	1	4	0	4	0	0	2	1	4
LT934125.1	+	85676	86167	NOV_TX_1935	0	0	0	0	0	0	0	29	0	0	0	0	0	0	0	0	33	0	0	0	0	0	0	0	0	0	0	0	0	0
LT934125.1	+	85701	86167	NOV_TX_1936	0	31	0	0	0	0	5	0	0	0	0	3	7	1	0	0	0	0	0	1	2	10	22	8	11	0	0	1	13	24
LT934125.1	+	85761	86167	NOV_TX_1938	0	4	0	1	0	1	1	7	0	0	0	0	3	0	0	0	13	0	0	0	0	0	5	0	4	0	0	1	1	8
LT934125.1	+	85839	86167	NOV_TX_1941	1	55	1	1	1	3	26	63	2	3	0	4	22	1	0	0	86	0	0	0	1	17	0	4	43	0	4	16	27	81
LT934125.1	+	85866	86167	NOV_TX_1942	0	27	0	1	0	1	3	8	0	0	1	1	6	2	0	0	11	0	1	1	1	2	7	7	7	0	0	2	4	14
LT934125.1	+	85940	86167	NOV_TX_1944	0	35	0	0	1	1	4	10	0	0	0	0	7	1	0	1	45	0	0	0	2	9	0	1	10	0	4	0	14	19
LT934125.1	+	85996	86167	NOV_TX_1946	0	62	0	0	1	0	18	6	0	0	0	0	1	0	0	1	53	0	1	2	3	14	25	1	13	0	3	15	32	42
LT934125.1	+	86049	86167	NOV_TX_1947	0	27	0	0	0	0	0	1	0	0	0	0	1	1	0	0	15	0	0	1	1	4	16	2	9	0	9	2	5	16
LT934125.1	+	87214	92059	NOV_TX_1950	0	0	0	0	0	0	0	1	0	0	0	0	0	0	0	0	0	0	0	0	0	0	0	0	1	0	0	0	0	3
LT934125.1	+	88155	92059	NOV_TX_1952	0	1	0	0	0	0	0	2	0	0	0	0	0	0	0	0	0	0	0	0	1	0	0	0	0	0	0	0	1	0
LT934125.1	+	88883	91559	NOV_TX_1954	0	1	0	0	2	0	0	1	0	0	0	1	0	0	0	0	2	1	0	0	0	2	0	0	5	0	0	0	3	2
LT934125.1	+	88883	92059	NOV_TX_1956	0	18	2	2	4	12	3	41	0	0	0	2	15	0	0	0	11	2	1	2	3	11	9	0	32	0	2	2	7	37
LT934125.1	+	89133	92059	NOV_TX_1961	0	1	0	1	0	0	0	1	0	0	0	0	0	0	0	0	2	0	0	0	0	0	0	0	3	0	0	0	1	1
LT934125.1	+	89300	92059	NOV_TX_1967	0	2	0	0	0	2	1	0	0	0	0	0	1	0	0	0	0	0	0	0	0	2	0	0	0	0	0	1	0	0
LT934125.1	+	89612	92059	NOV_TX_1974	0	16	0	0	0	1	6	2	0	0	0	0	2	0	0	0	4	1	0	0	0	0	3	0	3	0	1	0	2	7
LT934125.1	+	89666	92059	NOV_TX_1977	0	4	0	0	0	0	0	2	0	0	0	0	1	1	0	0	3	0	0	0	0	0	0	1	4	0	0	0	0	0
LT934125.1	+	89883	91559	NOV_TX_1981	0	1	0	0	0	0	0	0	0	0	0	0	0	0	0	0	1	0	0	0	0	1	0	0	1	0	0	0	0	1
LT934125.1	+	89883	92059	NOV_TX_1980	0	21	0	0	1	2	3	10	0	0	1	0	7	1	0	0	3	0	0	0	1	4	4	3	3	0	0	2	6	17
LT934125.1	+	89908	92059	NOV_TX_1983	0	8	0	0	0	0	0	0	0	0	0	0	0	0	0	0	3	0	0	0	0	0	0	0	0	0	0	0	0	0
LT934125.1	+	89927	92059	NOV_TX_1984	0	1	0	0	0	0	0	0	0	0	0	0	1	0	0	0	1	0	0	0	0	0	0	0	0	0	0	2	0	0
LT934125.1	+	89972	92059	NOV_TX_1985	0	0	0	0	0	0	0	1	0	0	0	0	0	0	0	0	0	0	0	0	0	0	4	0	0	0	0	0	0	0
LT934125.1	+	90009	92059	NOV_TX_1987	0	6	0	0	0	0	1	2	0	0	0	0	1	0	0	0	0	0	0	0	0	0	2	0	1	0	0	1	2	8
LT934125.1	+	90381	92059	NOV_TX_1999	0	20	0	0	2	4	6	11	0	0	0	0	3	0	0	1	9	0	0	0	2	5	0	1	14	0	0	4	4	13
LT934125.1	+	90530	92059	NOV_TX_2003	0	1	0	0	0	1	0	1	0	0	0	0	0	0	0	0	3	0	0	0	0	0	0	0	0	0	0	0	0	0
LT934125.1	+	90617	92059	NOV_TX_2005	0	0	0	0	0	0	0	0	0	0	0	0	1	1	0	0	0	0	0	0	0	0	2	0	0	0	0	0	2	1
LT934125.1	+	90698	92059	NOV_TX_2008	0	19	0	0	0	0	0	0	0	0	0	0	4	0	0	0	0	0	0	0	0	0	8	0	3	0	0	0	0	0
LT934125.1	+	90723	91559	NOV_TX_2011	0	0	0	0	0	0	0	0	0	0	2	0	0	0	0	0	1	0	0	0	0	0	0	0	0	0	0	0	1	1
LT934125.1	+	90723	92059	NOV_TX_2010	0	0	0	1	0	1	2	15	0	1	0	0	0	0	0	0	16	0	0	0	2	6	0	0	0	0	0	1	5	5
LT934125.1	+	90911	92059	NOV_TX_2016	0	0	0	0	0	2	0	0	0	0	0	0	0	0	0	0	0	0	0	0	0	0	9	0	0	0	0	0	0	0
LT934125.1	+	90932	92059	NOV_TX_2017	0	14	0	0	0	0	6	7	0	0	0	1	0	0	0	0	17	0	0	0	0	0	0	0	1	0	0	0	2	7
LT934125.1	+	90998	92059	NOV_TX_2024	0	5	0	0	0	0	0	5	0	0	0	0	0	0	0	0	8	0	0	0	0	0	0	0	0	0	0	0	0	3
LT934125.1	+	91143	92059	NOV_TX_2027	0	0	0	0	0	3	0	0	0	0	0	0	0	0	0	0	0	0	0	0	0	5	0	0	0	0	0	0	0	0
LT934125.1	+	91154	92059	NOV_TX_2028	0	3	0	0	1	0	2	0	0	1	0	0	0	0	0	0	0	0	0	0	0	0	1	0	4	0	0	0	0	5
LT934125.1	+	91221	92059	NOV_TX_2031	0	5	0	0	0	0	0	3	0	0	0	0	0	0	0	0	0	1	0	0	0	0	0	1	0	0	0	0	1	2
LT934125.1	+	91259	92059	NOV_TX_2033	0	1	0	0	0	0	0	0	0	0	0	0	0	0	0	0	1	0	0	0	0	0	5	0	0	0	0	0	0	0
LT934125.1	+	91307	92059	NOV_TX_2035	0	4	0	0	0	0	0	9	0	0	0	0	1	0	0	0	4	0	0	0	0	2	3	0	4	0	0	0	3	3
LT934125.1	+	91360	91559	NOV_TX_2037	0	3	0	0	0	0	0	0	0	0	0	0	0	0	0	0	2	0	0	0	0	0	1	0	2	0	0	0	0	1
LT934125.1	+	91360	92059	NOV_TX_2036	0	37	0	0	1	7	14	60	0	1	4	3	18	1	0	0	33	0	0	2	4	17	12	0	8	0	0	5	8	20
LT934125.1	+	91409	91559	NOV_TX_2039	0	21	0	0	0	0	0	1	0	0	0	0	0	0	0	0	5	0	0	0	0	2	3	0	17	0	0	4	12	11
LT934125.1	+	91409	92059	NOV_TX_2040	0	298	1	5	10	38	100	456	0	0	14	38	82	3	0	0	261	0	5	1	28	94	64	8	432	0	6	51	170	255
LT934125.1	+	91470	92059	NOV_TX_2043	1	25	0	0	1	0	9	12	0	0	1	1	6	0	0	0	14	0	0	0	3	3	3	3	11	0	1	2	8	5
LT934125.1	+	91548	92059	NOV_TX_2044	0	58	0	1	1	12	23	86	0	0	4	9	19	1	0	1	79	0	1	1	7	42	19	5	70	0	1	9	40	62
LT934125.1	+	91637	92059	NOV_TX_2045	0	20	0	0	1	2	1	10	0	1	0	0	3	0	0	0	13	0	0	0	0	2	5	1	10	0	0	1	8	9
LT934125.1	+	91647	92059	NOV_TX_2046	0	2	0	0	0	0	10	3	0	0	0	0	1	0	0	0	8	0	1	1	1	1	0	0	3	0	0	0	2	5
LT934125.1	+	91690	92059	NOV_TX_2047	0	33	0	0	0	0	7	9	0	0	0	0	4	1	0	0	12	0	0	0	0	3	8	1	7	0	0	3	8	12
LT934125.1	+	91738	92059	NOV_TX_2048	0	0	0	0	0	0	0	0	0	0	0	15	0	0	0	0	0	0	0	0	0	22	0	0	0	0	0	13	0	0
LT934125.1	+	91764	92059	NOV_TX_2049	0	138	1	2	0	4	0	63	1	0	5	0	21	0	0	0	130	0	0	1	0	0	0	0	70	0	0	0	22	72
LT934125.1	+	91788	92059	NOV_TX_2050	0	0	0	0	0	0	0	0	0	0	0	0	0	0	0	0	0	0	0	0	9	0	38	0	0	0	0	0	0	0
LT934125.1	+	91888	92059	NOV_TX_2053	0	48	0	0	0	3	16	9	0	0	0	5	5	0	0	0	49	0	1	1	5	12	0	1	23	0	1	3	18	24
LT934125.1	+	91915	92059	NOV_TX_2054	0	23	0	0	0	0	4	2	0	0	0	1	1	1	0	0	11	0	0	0	3	14	6	0	2	0	0	3	3	8
LT934125.1	+	101918	102393	NOV_TX_2070	0	9	0	0	0	1	0	3	0	0	1	0	2	0	0	0	7	0	0	0	0	2	1	0	4	0	0	0	0	5
LT934125.1	+	101918	102421	NOV_TX_2069	0	0	0	0	0	0	0	3	0	0	0	1	0	0	0	0	4	0	0	0	0	0	2	0	1	0	0	0	0	2
LT934125.1	+	101918	102422	NOV_TX_2068	0	9	0	0	0	0	2	0	0	0	0	0	0	0	0	0	0	0	0	0	1	0	0	0	0	0	0	0	0	0
LT934125.1	+	107029	108829	NOV_TX_2079	0	1	0	0	0	0	2	0	0	0	0	0	0	0	0	0	1	0	0	0	0	1	0	0	4	0	0	0	4	6
LT934125.1	+	107168	108829	NOV_TX_2081	0	0	0	0	0	0	0	1	0	0	0	0	0	0	0	0	1	0	0	0	0	2	1	0	3	0	0	0	3	6
LT934125.1	+	107309	108829	NOV_TX_2086	0	1	0	0	0	0	0	1	0	0	0	0	0	1	0	0	5	0	0	0	0	1	3	2	17	0	0	0	3	9
LT934125.1	+	107348	108829	NOV_TX_2088	0	0	0	0	0	0	0	1	0	0	0	0	0	1	0	0	1	0	0	0	0	0	0	0	3	0	0	0	0	6
LT934125.1	+	107421	108829	NOV_TX_2090	1	0	0	0	1	2	13	46	0	0	0	3	10	3	0	0	32	0	0	0	3	15	18	17	0	0	0	16	109	161
LT934125.1	+	107432	108829	NOV_TX_2096	0	18	0	0	0	0	0	0	0	0	0	0	0	0	0	0	0	0	0	0	0	0	0	0	127	0	0	11	0	0
LT934125.1	+	107483	107989	NOV_TX_2104	0	6	0	0	0	0	0	4	0	0	0	0	0	0	0	0	0	0	0	0	0	0	0	0	0	0	0	0	0	1
LT934125.1	+	107483	108071	NOV_TX_2105	0	7	0	0	0	0	0	0	0	0	0	0	0	0	0	0	1	0	0	0	0	0	0	0	0	0	0	0	0	0
LT934125.1	+	107483	108152	NOV_TX_2098	0	5	0	0	0	0	0	0	0	0	0	0	0	0	0	0	5	0	0	0	0	0	1	0	0	0	0	0	0	0
LT934125.1	+	107483	108230	NOV_TX_2108	0	0	0	0	0	0	0	12	0	0	0	0	2	0	0	0	0	0	0	0	0	0	0	0	0	0	0	0	0	0
LT934125.1	+	107483	108232	NOV_TX_2107	0	10	0	0	0	0	0	0	0	0	0	0	0	0	0	0	5	0	0	0	0	0	1	0	0	0	0	0	0	0
LT934125.1	+	107483	108506	NOV_TX_2099	0	4	0	0	0	0	0	1	0	0	0	0	0	0	0	0	1	0	0	0	0	0	0	0	0	0	0	0	0	0
LT934125.1	+	107483	108829	NOV_TX_2097	5	135	0	1	0	23	62	613	0	0	10	29	147	25	0	0	458	1	3	3	25	110	107	171	684	0	7	70	427	827
LT934125.1	+	107580	108829	NOV_TX_2111	0	9	0	0	1	0	5	8	0	0	0	0	3	1	0	0	20	0	0	0	3	6	3	6	42	1	0	3	33	33
LT934125.1	+	107615	108829	NOV_TX_2112	1	14	0	0	1	2	14	34	0	0	0	1	2	0	0	0	46	0	0	0	1	13	10	5	281	0	2	12	45	91
LT934125.1	+	107646	108829	NOV_TX_2119	0	0	0	0	0	0	0	0	0	0	0	0	0	1	0	0	21	0	0	0	0	0	0	2	0	0	0	0	0	0
LT934125.1	+	107668	108829	NOV_TX_2120	0	7	0	0	0	0	4	17	0	0	1	0	1	0	0	0	11	0	0	0	1	3	4	3	42	0	1	1	16	27
LT934125.1	+	107748	108829	NOV_TX_2122	1	5	0	0	0	5	3	0	0	0	0	0	1	2	0	0	22	0	0	0	3	2	8	11	40	0	1	2	24	19
LT934125.1	+	107786	108829	NOV_TX_2124	0	0	0	0	0	1	0	7	0	0	0	0	1	0	0	0	2	0	0	0	0	0	1	1	2	0	0	1	2	3
LT934125.1	+	107798	108829	NOV_TX_2130	0	16	0	0	0	4	9	41	0	0	1	3	13	0	0	0	63	1	0	0	2	16	18	0	83	0	0	12	34	63
LT934125.1	+	107819	108829	NOV_TX_2131	0	7	0	0	0	2	6	9	0	0	0	1	3	2	0	0	8	0	0	0	1	5	7	6	20	0	0	2	21	25
LT934125.1	+	107882	108829	NOV_TX_2136	1	24	0	0	1	2	20	53	0	0	1	4	17	2	0	0	132	0	0	0	5	18	29	11	0	0	3	21	87	0
LT934125.1	+	107908	108829	NOV_TX_2140	0	0	0	0	0	0	0	0	0	0	0	0	0	0	0	0	0	0	0	0	0	0	0	0	130	0	0	0	0	107
LT934125.1	+	107940	108829	NOV_TX_2141	0	0	0	0	0	5	0	64	0	0	0	0	0	0	0	0	0	0	0	0	0	17	0	0	0	0	0	0	0	0
LT934125.1	+	107969	108829	NOV_TX_2143	0	11	0	0	0	0	6	0	0	0	0	0	0	6	0	0	0	0	0	2	0	0	21	21	0	0	0	5	0	0
LT934125.1	+	107999	108829	NOV_TX_2145	0	9	0	0	0	0	0	0	0	0	0	0	15	6	0	0	74	0	0	0	9	0	0	6	120	0	2	5	0	85
LT934125.1	+	108053	108829	NOV_TX_2147	0	9	0	0	0	3	0	0	0	0	3	3	17	1	0	0	35	0	0	0	0	17	23	8	96	0	1	0	60	80
LT934125.1	+	108072	108829	NOV_TX_2148	0	0	0	0	0	0	10	62	0	0	0	0	0	0	0	0	0	0	0	0	0	0	0	0	0	0	0	0	0	0
LT934125.1	+	108102	108829	NOV_TX_2149	0	1	0	0	0	0	0	0	0	0	0	0	0	1	0	0	47	0	0	0	1	0	0	5	2	0	0	6	0	1
LT934125.1	+	108164	108829	NOV_TX_2152	0	15	0	0	0	0	9	90	0	0	0	2	14	2	0	0	0	0	0	0	5	32	6	9	0	0	0	26	0	128
LT934125.1	+	108188	108829	NOV_TX_2153	0	4	0	0	0	0	0	0	0	0	0	0	0	0	0	0	46	0	0	0	0	0	1	2	197	0	0	0	0	0
LT934125.1	+	108228	108829	NOV_TX_2154	1	9	0	0	0	1	9	17	0	0	0	8	5	1	0	0	134	0	0	0	2	6	15	5	40	0	5	0	149	50
LT934125.1	+	108253	108829	NOV_TX_2155	0	0	0	0	0	0	0	0	0	0	0	0	45	0	0	0	0	0	0	0	0	0	0	0	0	0	0	0	0	261
LT934125.1	+	108305	108829	NOV_TX_2157	5	41	0	0	1	3	30	165	0	0	4	18	0	8	0	0	116	0	0	0	24	63	30	29	339	0	2	26	0	0
LT934125.1	+	108402	108829	NOV_TX_2161	0	15	0	0	1	0	0	3	0	0	0	1	2	0	0	0	85	1	0	0	3	2	2	3	7	0	1	11	5	3
LT934125.1	+	108450	108829	NOV_TX_2162	0	13	0	0	0	1	7	9	0	0	1	2	1	1	0	0	31	1	0	0	2	5	10	3	43	0	0	11	30	39
LT934125.1	+	108524	108829	NOV_TX_2163	2	10	0	0	0	0	2	18	0	0	0	2	2	0	0	0	27	0	0	0	5	11	11	1	44	0	1	2	36	37
LT934125.1	+	108572	108829	NOV_TX_2164	0	34	0	0	1	2	17	39	0	0	1	10	9	0	0	0	141	0	0	1	8	27	30	5	198	0	0	28	121	162
LT934125.1	+	108628	108829	NOV_TX_2165	0	82	0	0	0	0	0	0	0	0	0	5	0	0	0	0	0	0	0	0	0	0	71	0	0	0	0	47	0	0
LT934125.1	+	108666	108829	NOV_TX_2166	0	0	0	0	0	2	36	0	0	0	2	0	10	2	0	0	0	0	0	0	20	66	0	6	0	0	0	0	227	322
LT934125.1	+	108686	108829	NOV_TX_2167	0	0	0	0	0	0	0	38	0	0	0	0	0	0	0	0	0	0	0	0	0	0	0	0	353	0	0	0	0	0
LT934125.1	+	108703	108829	NOV_TX_2168	0	0	0	0	0	0	0	0	0	0	0	0	0	0	0	0	298	0	0	0	0	0	0	0	0	0	4	0	0	0
LT934125.1	+	108736	108829	NOV_TX_2169	0	7	0	0	1	1	3	2	0	0	0	0	0	0	0	0	17	0	0	0	1	5	13	0	9	0	0	4	10	23
LT934125.1	+	114984	115094	NOV_TX_2179	0	0	0	0	2	0	0	64	0	1	5	29	27	0	0	0	164	0	0	0	13	20	50	0	209	0	3	83	290	352
LT934125.1	+	114984	115211	NOV_TX_2187	0	0	0	0	0	0	0	18	0	0	0	0	3	0	0	0	4	0	0	0	0	0	0	0	5	0	0	0	1	0
LT934125.1	+	114984	115213	NOV_TX_2199	0	0	0	0	0	0	0	9	0	0	1	1	1	0	0	0	6	0	0	0	0	0	0	0	3	0	0	1	2	5
LT934125.1	+	114984	115218	NOV_TX_2180	0	0	0	0	2	0	0	0	0	0	0	0	0	0	0	0	0	1	0	0	0	5	0	0	0	0	0	0	0	0
LT934125.1	+	114984	115366	NOV_TX_2203	0	0	0	0	0	1	0	0	0	0	0	0	0	0	0	0	0	0	0	0	1	1	2	0	1	0	0	1	2	5
LT934125.1	+	114984	115518	NOV_TX_2173	0	6	0	0	0	0	2	1	0	0	0	0	0	0	0	0	1	0	0	1	0	1	0	0	0	0	0	4	0	0
LT934125.1	+	114984	115528	NOV_TX_2195	0	0	0	0	0	0	0	0	0	0	0	0	0	0	0	0	0	0	0	0	0	0	0	0	6	0	0	0	19	33
LT934125.1	+	114984	116629	NOV_TX_2174	0	1	0	0	0	0	0	0	0	0	0	0	0	0	0	0	0	0	0	0	0	0	0	0	2	0	1	2	0	5
LT934125.1	+	114984	116674	NOV_TX_2194	0	0	0	0	0	0	0	0	0	0	0	0	0	0	0	0	0	0	0	0	0	1	0	0	0	0	0	0	3	1
LT934125.1	+	114984	116962	NOV_TX_2205	0	11	0	0	0	4	11	0	0	0	0	0	0	0	0	0	3	1	1	0	1	5	1	0	14	0	1	12	20	42
LT934125.1	+	115379	116962	NOV_TX_2207	0	1	0	0	0	0	0	0	0	0	0	2	0	0	0	0	0	0	0	0	0	0	0	0	0	0	0	1	0	4
LT934125.1	+	115389	116962	NOV_TX_2209	0	0	0	0	0	0	0	0	0	0	0	0	0	0	0	0	1	0	0	0	0	0	0	0	1	0	0	5	3	1
LT934125.1	+	115428	116962	NOV_TX_2211	0	7	0	0	0	0	0	1	0	0	1	0	2	0	0	0	3	0	0	0	0	1	1	0	5	0	0	11	14	1
LT934125.1	+	115478	115722	NOV_TX_2223	0	2	0	0	0	0	0	0	0	0	0	0	0	0	0	0	5	0	0	0	0	0	0	0	0	0	0	0	0	0
LT934125.1	+	115478	116441	NOV_TX_2215	0	1	0	0	0	0	0	0	0	0	0	0	0	0	0	0	1	0	0	0	0	1	0	0	4	0	0	1	2	1
LT934125.1	+	115478	116629	NOV_TX_2212	0	3	0	0	0	0	1	0	0	0	0	0	0	0	0	0	6	0	0	0	1	0	2	0	15	0	0	0	0	8
LT934125.1	+	115478	116633	NOV_TX_2218	0	0	0	0	0	1	0	0	0	0	0	0	0	0	0	0	0	0	0	0	0	16	0	0	0	0	0	0	22	0
LT934125.1	+	115478	116669	NOV_TX_2213	0	6	0	0	0	0	2	0	0	0	0	0	0	0	0	0	15	0	0	0	1	0	0	0	8	0	0	1	0	0
LT934125.1	+	115478	116674	NOV_TX_2219	0	0	0	0	0	0	0	0	0	0	0	0	0	0	0	0	0	0	0	0	0	2	0	0	0	0	0	0	5	8
LT934125.1	+	115478	116732	NOV_TX_2214	0	0	0	0	0	0	1	0	0	0	0	0	0	0	0	0	4	0	0	0	0	2	4	0	0	0	0	1	9	23
LT934125.1	+	115478	116962	NOV_TX_2220	0	278	2	2	3	11	93	64	0	0	6	23	41	0	0	0	189	0	1	1	39	140	56	0	183	0	3	65	277	179
LT934125.1	+	115550	116732	NOV_TX_2236	0	0	0	0	0	0	0	0	0	0	0	0	0	0	0	0	2	0	0	0	0	0	0	0	0	0	0	0	3	3
LT934125.1	+	115550	116962	NOV_TX_2231	0	95	0	0	2	3	23	42	0	0	0	8	19	0	0	1	60	0	0	0	0	56	21	0	61	0	2	26	101	57
LT934125.1	+	115602	116962	NOV_TX_2239	0	17	1	0	0	2	12	3	0	0	0	2	3	0	0	0	12	0	1	0	1	4	5	0	9	0	0	6	15	10
LT934125.1	+	115649	116962	NOV_TX_2243	0	23	0	0	1	0	8	9	0	0	1	2	6	0	0	0	18	1	0	0	0	15	2	0	17	0	1	4	16	10
LT934125.1	+	115703	116669	NOV_TX_2246	0	0	0	0	0	0	0	0	0	0	0	0	0	0	0	0	0	0	0	0	0	0	0	0	5	0	0	1	0	0
LT934125.1	+	115703	116962	NOV_TX_2247	0	0	0	0	0	0	0	0	0	0	0	0	0	0	0	0	0	0	0	0	0	0	0	0	64	0	0	24	0	0
LT934125.1	+	115741	116441	NOV_TX_2253	0	2	0	0	0	0	0	0	0	0	0	0	0	0	0	0	3	0	0	0	0	1	1	0	2	0	0	2	0	3
LT934125.1	+	115741	116565	NOV_TX_2255	0	0	0	0	0	0	1	0	0	0	0	0	0	0	0	0	0	0	0	0	0	0	1	0	0	0	0	0	2	1
LT934125.1	+	115741	116633	NOV_TX_2259	0	0	0	0	0	0	0	0	0	0	0	0	0	0	0	0	0	0	0	0	0	5	0	0	0	0	0	0	6	0
LT934125.1	+	115741	116669	NOV_TX_2251	0	4	0	0	0	0	0	0	0	0	0	0	0	0	0	0	3	0	0	0	2	0	0	0	3	0	0	0	0	0
LT934125.1	+	115741	116732	NOV_TX_2254	0	0	0	0	0	0	2	0	0	0	0	0	0	0	0	0	3	0	0	0	0	0	1	0	0	0	0	0	1	3
LT934125.1	+	115741	116962	NOV_TX_2249	0	196	1	1	3	9	43	63	0	0	6	15	24	0	0	0	118	1	0	1	25	65	30	0	39	0	7	6	91	143
LT934125.1	+	115784	116962	NOV_TX_2260	0	5	0	0	0	0	1	4	0	0	1	1	1	0	0	0	6	0	0	0	1	1	3	0	6	0	0	5	2	2
LT934125.1	+	115819	116441	NOV_TX_2261	0	5	0	0	0	0	0	0	0	0	0	0	0	0	0	0	2	0	0	0	0	1	0	0	2	0	0	0	9	8
LT934125.1	+	115819	116565	NOV_TX_2270	0	0	0	0	0	0	0	0	0	0	0	0	0	0	0	0	0	0	0	0	0	0	0	0	0	0	0	0	4	6
LT934125.1	+	115819	116629	NOV_TX_2262	0	2	0	0	0	0	1	0	0	0	0	0	0	0	0	0	2	0	0	0	0	0	0	0	12	0	0	4	0	18
LT934125.1	+	115819	116633	NOV_TX_2266	0	0	0	0	0	0	0	0	0	0	0	0	0	0	0	0	0	0	0	0	0	5	0	0	0	0	0	0	37	0
LT934125.1	+	115819	116669	NOV_TX_2263	0	3	0	0	0	0	2	0	0	0	0	0	0	0	0	0	4	0	0	0	0	0	0	0	12	0	0	2	0	0
LT934125.1	+	115819	116674	NOV_TX_2267	0	0	0	0	0	0	0	0	0	0	0	0	0	0	0	0	0	0	0	0	0	1	1	0	0	0	0	0	8	8
LT934125.1	+	115819	116732	NOV_TX_2265	0	0	0	0	0	0	0	0	0	0	0	0	0	0	0	0	1	0	0	0	0	2	0	0	0	0	0	2	4	28
LT934125.1	+	115819	116962	NOV_TX_2271	0	132	0	0	3	8	43	0	0	2	2	27	54	0	0	0	124	0	0	0	14	53	28	0	120	0	5	26	172	215
LT934125.1	+	115843	116441	NOV_TX_2273	0	6	0	0	0	0	0	0	0	0	0	0	0	0	0	0	2	0	0	0	0	0	0	0	6	0	0	0	0	0
LT934125.1	+	115843	116629	NOV_TX_2274	0	3	0	0	0	0	0	0	0	0	0	0	0	0	0	0	2	0	0	0	0	0	0	0	0	0	0	0	0	0
LT934125.1	+	115843	116669	NOV_TX_2275	0	9	0	0	0	0	0	0	0	0	0	0	0	0	0	0	3	0	0	0	0	0	0	0	3	0	0	1	0	0
LT934125.1	+	115843	116732	NOV_TX_2276	0	0	0	0	0	0	0	0	0	0	0	0	0	0	0	0	3	0	0	0	0	0	1	0	0	0	0	1	0	0
LT934125.1	+	115843	116962	NOV_TX_2272	0	53	1	0	1	0	16	186	0	0	0	0	6	0	0	0	25	0	2	2	3	6	5	0	35	0	0	8	8	6
LT934125.1	+	115888	116441	NOV_TX_2282	0	2	0	0	0	0	0	0	0	0	0	0	0	0	0	0	1	0	0	0	0	1	0	0	4	0	0	0	0	0
LT934125.1	+	115888	116669	NOV_TX_2286	0	3	0	0	0	0	0	0	0	0	0	0	0	0	0	0	4	0	0	0	0	0	0	0	0	0	0	1	0	0
LT934125.1	+	115888	116962	NOV_TX_2284	0	118	0	0	1	0	0	105	0	1	0	21	43	0	0	0	23	0	0	0	11	56	0	0	8	0	3	5	0	0
LT934125.1	+	115919	116441	NOV_TX_2292	0	0	0	0	0	0	1	0	0	0	0	0	0	0	0	0	0	0	0	0	0	0	4	0	0	0	0	0	0	0
LT934125.1	+	115919	116629	NOV_TX_2293	0	0	0	0	0	0	2	0	0	0	0	0	0	0	0	0	0	0	0	0	0	0	4	0	0	0	0	0	0	0
LT934125.1	+	115919	116962	NOV_TX_2291	0	0	0	0	0	16	47	0	0	0	1	0	0	0	0	0	0	1	0	0	0	0	34	0	0	0	2	0	0	0
LT934125.1	+	115942	116962	NOV_TX_2295	0	0	0	0	0	0	0	0	0	0	0	0	0	0	0	0	14	0	2	0	0	0	0	0	0	0	0	0	0	0
LT934125.1	+	115963	116441	NOV_TX_2299	0	0	0	0	0	0	0	0	0	0	0	0	0	0	0	0	5	0	0	0	0	0	0	0	2	0	0	0	1	2
LT934125.1	+	115963	116629	NOV_TX_2300	0	0	0	0	0	0	0	0	0	0	0	0	0	0	0	0	7	0	0	0	0	0	0	0	2	0	0	1	0	4
LT934125.1	+	115963	116669	NOV_TX_2301	0	0	0	0	0	0	0	0	0	0	0	0	0	0	0	0	6	0	0	0	0	0	0	0	3	0	0	0	0	0
LT934125.1	+	115963	116674	NOV_TX_2306	0	0	0	0	0	0	0	0	0	0	0	0	0	0	0	0	0	0	0	0	0	0	0	0	0	0	0	0	3	2
LT934125.1	+	115963	116732	NOV_TX_2302	0	0	0	0	0	0	0	0	0	0	0	0	0	0	0	0	1	0	0	0	0	0	0	0	0	0	0	0	1	10
LT934125.1	+	115963	116962	NOV_TX_2307	0	0	0	0	0	0	0	0	0	0	0	0	0	0	0	0	60	0	0	6	0	0	0	0	81	0	0	16	121	143
LT934125.1	+	115974	116629	NOV_TX_2309	0	4	0	0	0	0	0	0	0	0	0	0	0	0	0	0	0	0	0	0	1	0	0	0	0	0	0	0	0	0
LT934125.1	+	115974	116962	NOV_TX_2312	0	71	1	0	0	0	0	0	0	0	3	0	0	0	0	0	0	0	0	0	5	0	0	0	0	0	1	0	0	0
LT934125.1	+	115996	116962	NOV_TX_2313	0	0	0	0	0	0	0	0	0	0	0	0	0	0	0	0	0	0	0	0	0	0	56	0	0	0	15	0	0	0
LT934125.1	+	116019	116441	NOV_TX_2320	0	0	0	0	0	0	0	0	0	0	0	0	0	0	0	0	2	0	0	0	0	1	0	0	5	0	0	2	0	0
LT934125.1	+	116019	116629	NOV_TX_2325	0	0	0	0	0	0	0	0	0	0	0	0	0	0	0	0	2	0	0	0	0	0	0	0	9	0	0	1	0	0
LT934125.1	+	116019	116669	NOV_TX_2319	0	0	0	0	0	0	0	0	0	0	0	0	0	0	0	0	4	0	1	0	2	0	0	0	5	0	0	2	0	0
LT934125.1	+	116019	116732	NOV_TX_2322	0	0	0	0	0	0	0	0	0	0	0	0	0	0	0	0	4	0	0	0	0	1	0	0	0	0	0	0	0	0
LT934125.1	+	116019	116962	NOV_TX_2323	0	0	1	0	0	0	0	0	0	1	4	0	0	0	0	0	83	0	5	2	17	106	0	0	96	0	0	16	0	0
LT934125.1	+	116040	116962	NOV_TX_2327	0	0	0	1	0	20	0	213	0	0	5	38	81	0	0	0	0	0	0	1	0	0	0	0	0	0	0	0	0	0
LT934125.1	+	116071	116441	NOV_TX_2331	0	7	0	0	0	0	5	0	0	0	0	0	0	0	0	0	6	0	0	0	0	0	0	0	6	0	0	1	5	5
LT934125.1	+	116071	116565	NOV_TX_2337	0	0	0	0	0	0	0	0	0	0	0	0	0	0	0	0	1	0	0	0	0	0	0	0	3	0	0	0	2	0
LT934125.1	+	116071	116629	NOV_TX_2332	0	1	0	0	0	0	1	0	0	0	0	0	0	0	0	0	6	0	0	0	0	0	0	0	3	0	0	2	0	3
LT934125.1	+	116071	116669	NOV_TX_2333	0	3	0	0	0	0	1	0	0	0	0	0	0	0	0	0	10	0	0	0	0	0	0	0	4	0	0	2	0	0
LT934125.1	+	116071	116674	NOV_TX_2339	0	0	0	0	0	0	0	0	0	0	0	0	0	0	0	0	0	0	0	0	0	0	0	0	0	0	0	0	4	13
LT934125.1	+	116071	116732	NOV_TX_2334	0	0	0	0	0	0	2	0	0	0	0	0	0	0	0	0	2	0	0	0	0	0	0	0	0	0	0	0	2	21
LT934125.1	+	116071	116962	NOV_TX_2335	0	236	0	0	0	0	92	0	0	0	1	0	0	0	0	0	70	0	0	1	0	0	0	0	109	0	0	18	228	291
LT934125.1	+	116121	116441	NOV_TX_2345	0	7	0	0	0	0	0	0	0	0	0	0	0	0	0	0	10	0	0	0	0	0	0	0	12	0	0	2	0	0
LT934125.1	+	116121	116629	NOV_TX_2346	0	5	0	0	0	0	0	0	0	0	0	0	0	0	0	0	5	0	0	0	0	0	0	0	22	0	0	0	0	0
LT934125.1	+	116121	116669	NOV_TX_2347	0	4	0	0	0	0	0	0	0	0	0	0	0	0	0	0	7	0	0	0	0	0	0	0	22	0	0	2	0	0
LT934125.1	+	116121	116962	NOV_TX_2348	0	124	0	0	4	0	0	0	0	0	0	84	0	0	0	0	94	0	0	0	0	0	0	0	259	0	0	20	0	0
LT934125.1	+	116152	116962	NOV_TX_2358	0	0	0	2	0	0	0	0	0	0	0	0	0	0	0	0	0	0	0	0	30	0	0	0	0	0	0	0	0	0
LT934125.1	+	116176	116441	NOV_TX_2363	0	0	0	0	0	0	6	0	0	0	0	0	0	0	0	0	14	0	0	0	0	0	0	0	0	0	0	0	0	0
LT934125.1	+	116176	116629	NOV_TX_2364	0	0	0	0	0	0	3	0	0	0	0	0	0	0	0	0	11	0	0	0	3	0	0	0	0	0	0	0	0	0
LT934125.1	+	116176	116669	NOV_TX_2365	0	0	0	0	0	0	3	0	0	0	0	0	0	0	0	0	11	0	0	0	1	0	0	0	0	0	0	0	0	0
LT934125.1	+	116176	116732	NOV_TX_2366	0	0	0	0	0	0	3	0	0	0	0	0	0	0	0	0	2	0	0	0	0	0	0	0	0	0	0	0	0	0
LT934125.1	+	116176	116962	NOV_TX_2361	0	0	0	0	2	26	137	0	0	1	0	0	0	0	0	0	127	0	5	0	5	0	0	0	0	0	0	0	0	0
LT934125.1	+	116226	116441	NOV_TX_2372	0	7	0	0	1	0	0	0	0	0	0	0	0	0	0	0	5	0	0	0	0	0	0	0	5	0	0	1	0	0
LT934125.1	+	116226	116629	NOV_TX_2373	0	0	0	0	0	0	0	0	0	0	0	0	0	0	0	0	2	0	0	0	0	0	0	0	4	0	0	1	0	0
LT934125.1	+	116226	116669	NOV_TX_2376	0	3	0	0	0	0	0	0	0	0	0	0	0	0	0	0	10	0	0	0	0	0	0	0	2	0	0	0	0	0
LT934125.1	+	116226	116962	NOV_TX_2374	0	76	2	0	0	0	0	0	0	1	0	0	0	0	0	0	66	0	0	0	6	0	0	0	67	0	0	4	0	0
LT934125.1	+	116248	116962	NOV_TX_2380	0	0	0	0	0	0	0	0	0	0	16	0	163	0	0	0	0	0	0	0	0	0	0	0	0	0	0	0	0	0
LT934125.1	+	116277	116441	NOV_TX_2381	0	9	0	0	0	0	0	0	0	0	0	0	0	0	0	0	4	0	0	0	0	0	2	0	0	0	0	2	13	9
LT934125.1	+	116277	116629	NOV_TX_2382	0	4	0	0	0	0	0	1	0	0	0	0	0	0	0	0	3	0	0	0	0	0	1	0	0	0	0	1	0	17
LT934125.1	+	116277	116669	NOV_TX_2383	0	10	0	0	0	0	0	0	0	0	0	0	0	0	0	0	9	0	0	0	1	0	0	0	0	0	0	3	0	0
LT934125.1	+	116277	116674	NOV_TX_2388	0	0	0	0	0	0	0	0	0	0	0	0	0	0	0	0	0	0	0	0	0	0	5	0	0	0	0	0	22	25
LT934125.1	+	116277	116732	NOV_TX_2384	0	0	0	0	0	0	0	0	0	0	0	0	0	0	0	0	3	0	0	0	0	0	3	0	0	0	0	3	5	25
LT934125.1	+	116277	116962	NOV_TX_2385	0	245	0	0	0	0	0	543	0	0	0	0	0	0	0	1	115	2	0	9	4	0	115	0	0	0	0	55	404	574
LT934125.1	+	116316	116441	NOV_TX_2395	0	10	0	0	0	0	0	0	0	0	0	0	0	0	0	0	4	0	0	0	0	0	0	0	6	0	0	0	1	0
LT934125.1	+	116316	116629	NOV_TX_2397	0	6	0	0	0	0	1	2	0	0	0	0	0	0	0	0	15	0	0	0	2	0	3	0	16	0	0	0	0	9
LT934125.1	+	116316	116633	NOV_TX_2404	0	0	0	0	0	1	0	0	0	0	0	0	0	0	0	0	0	0	0	0	0	6	0	0	0	0	0	0	16	0
LT934125.1	+	116316	116669	NOV_TX_2398	0	13	0	0	0	0	4	0	0	0	0	0	0	0	0	0	13	0	0	0	1	0	0	0	29	0	0	0	0	0
LT934125.1	+	116316	116674	NOV_TX_2405	0	0	0	0	0	1	0	0	0	0	0	0	0	0	0	0	0	0	0	0	0	2	7	0	0	0	0	0	8	17
LT934125.1	+	116316	116732	NOV_TX_2403	0	0	0	0	0	0	3	0	0	0	0	0	0	0	0	0	8	0	0	0	0	2	2	0	0	0	1	0	5	25
LT934125.1	+	116316	116962	NOV_TX_2400	0	341	0	0	6	7	43	414	0	6	9	31	69	0	0	1	279	0	1	2	12	68	48	0	322	0	3	0	127	202
LT934125.1	+	116337	116962	NOV_TX_2408	0	0	5	0	0	74	0	0	0	0	0	0	0	0	0	0	0	0	0	0	0	0	0	0	0	0	0	66	0	0
LT934125.1	+	116376	116565	NOV_TX_2420	0	0	0	0	0	0	0	0	0	0	0	0	0	0	0	0	2	0	0	0	0	0	0	0	3	0	0	0	3	0
LT934125.1	+	116376	116629	NOV_TX_2417	0	0	0	0	0	0	0	0	0	0	0	1	0	0	0	0	18	0	0	0	0	0	0	0	49	0	1	0	0	0
LT934125.1	+	116376	116669	NOV_TX_2421	0	0	0	0	0	0	0	0	0	0	0	0	0	0	0	0	27	0	0	0	0	0	0	0	56	0	1	0	0	0
LT934125.1	+	116376	116732	NOV_TX_2422	0	0	0	0	0	0	0	0	0	0	0	0	0	0	0	0	15	0	0	0	0	0	0	0	0	0	1	0	67	0
LT934125.1	+	116376	116735	NOV_TX_2418	0	0	0	0	0	0	0	0	0	0	0	1	0	0	0	0	0	0	0	0	0	0	0	0	19	0	0	0	0	0
LT934125.1	+	116376	116962	NOV_TX_2427	0	0	0	0	0	0	0	0	0	0	0	154	0	0	0	0	393	0	0	0	0	0	0	0	274	0	29	0	1011	0
LT934125.1	+	116403	116669	NOV_TX_2431	0	0	0	0	0	0	9	0	0	0	0	0	0	0	0	0	0	0	1	0	0	0	0	0	0	0	0	0	0	0
LT934125.1	+	116403	116962	NOV_TX_2433	0	0	0	0	0	0	340	0	0	0	0	0	0	0	0	0	0	5	8	0	0	0	0	0	0	0	0	0	0	0
LT934125.1	+	116427	116565	NOV_TX_2439	0	0	0	0	0	0	0	0	0	0	0	0	0	0	0	0	1	0	0	0	0	0	0	0	1	0	0	1	0	2
LT934125.1	+	116427	116629	NOV_TX_2436	0	50	0	0	0	0	0	3	0	0	0	0	0	0	0	0	29	0	0	0	2	0	0	0	77	0	0	25	0	169
LT934125.1	+	116427	116669	NOV_TX_2437	0	69	0	0	0	0	0	0	0	0	0	0	0	0	0	0	31	0	0	0	0	0	0	0	79	0	0	14	0	0
LT934125.1	+	116427	116732	NOV_TX_2438	0	0	0	0	0	0	0	0	0	0	0	0	0	0	0	0	28	0	0	0	0	0	0	0	0	0	0	6	0	309
LT934125.1	+	116427	116962	NOV_TX_2435	0	682	0	4	7	0	0	302	0	1	0	0	0	0	0	2	171	0	0	0	27	0	0	0	289	0	0	102	0	1548
LT934125.1	+	116474	116629	NOV_TX_2447	0	10	0	0	0	0	0	1	0	0	0	0	0	0	0	0	10	0	0	0	0	0	0	0	32	0	0	4	0	0
LT934125.1	+	116474	116669	NOV_TX_2448	0	35	0	0	0	0	0	0	0	0	0	0	0	0	0	0	19	0	0	0	0	0	0	0	56	0	0	5	0	0
LT934125.1	+	116474	116732	NOV_TX_2452	0	0	0	0	0	0	0	0	0	0	0	0	0	0	0	0	18	0	0	1	0	0	0	0	0	0	0	2	0	0
LT934125.1	+	116474	116962	NOV_TX_2450	0	398	0	2	1	0	0	148	0	0	0	0	0	0	0	0	193	0	0	17	13	0	0	0	262	0	0	50	0	0
LT934125.1	+	116526	116629	NOV_TX_2463	0	1	0	0	0	0	0	0	0	0	0	0	0	0	0	0	0	0	0	0	0	0	16	0	2	0	0	0	0	0
LT934125.1	+	116526	116669	NOV_TX_2464	0	11	0	0	0	0	0	0	0	0	0	0	0	0	0	0	0	0	0	0	0	0	0	0	23	0	0	2	0	0
LT934125.1	+	116526	116674	NOV_TX_2460	0	0	0	0	0	0	0	0	0	0	0	0	0	0	0	0	0	0	0	0	0	17	21	0	0	0	0	0	0	0
LT934125.1	+	116526	116732	NOV_TX_2461	0	0	0	0	0	0	0	0	0	0	0	0	0	0	0	0	0	0	0	0	0	10	32	0	0	0	0	0	0	0
LT934125.1	+	116526	116962	NOV_TX_2462	1	380	0	0	4	0	0	166	0	2	0	0	0	2	0	0	0	0	0	0	0	276	289	8	284	0	0	58	0	0
LT934125.1	+	116541	116962	NOV_TX_2468	0	0	0	0	0	0	0	0	0	0	0	0	0	0	0	0	0	0	0	0	21	0	0	0	0	2	0	0	0	0
LT934125.1	+	116586	116669	NOV_TX_2476	0	4	0	0	0	0	0	0	0	0	0	0	0	0	0	0	0	0	0	0	0	0	0	0	3	0	0	0	0	0
LT934125.1	+	116586	116735	NOV_TX_2477	0	0	0	0	0	0	0	0	0	0	0	0	0	0	0	0	0	0	0	0	1	0	0	0	6	0	0	0	0	0
LT934125.1	+	116586	116962	NOV_TX_2475	0	1395	0	0	9	0	0	0	3	7	0	0	0	8	0	0	227	0	0	46	94	0	0	22	1215	0	0	0	0	0
LT934125.1	+	116600	116732	NOV_TX_2484	0	0	0	0	0	0	0	0	0	0	0	0	0	0	0	0	9	0	0	0	0	0	8	0	0	0	0	7	0	0
LT934125.1	+	116600	116962	NOV_TX_2481	0	0	0	10	0	0	0	2633	0	0	0	943	0	0	0	0	1716	21	33	0	0	0	939	0	0	0	88	484	0	0
LT934125.1	+	116628	116732	NOV_TX_2488	0	0	0	0	0	0	0	0	0	0	0	0	0	0	0	0	0	0	0	0	0	7	0	0	0	0	0	0	30	0
LT934125.1	+	116628	116962	NOV_TX_2489	0	0	0	0	4	127	0	0	0	0	175	0	0	0	0	8	0	0	0	0	0	1134	0	0	0	0	0	0	3841	0
LT934125.1	+	116645	116962	NOV_TX_2490	0	0	0	0	0	0	0	0	0	2	0	0	0	3	0	0	0	0	0	0	51	0	0	11	0	5	0	0	0	0
LT934125.1	+	116674	116962	NOV_TX_2491	0	0	0	0	3	0	0	0	0	0	0	0	0	0	0	0	0	0	0	0	15	0	0	0	0	0	0	0	0	0
LT934125.1	+	116715	116732	NOV_TX_2494	0	0	0	0	0	0	3	0	0	0	0	0	0	0	0	0	0	0	0	0	0	0	0	0	0	0	0	0	0	84
LT934125.1	+	116715	116962	NOV_TX_2492	2	2563	7	0	11	0	1208	0	1	4	0	0	1191	3	0	0	1478	0	0	0	127	0	0	32	1884	0	0	375	0	5026
LT934125.1	+	116771	116962	NOV_TX_2497	2	2098	5	8	25	94	462	995	1	6	23	179	368	4	0	0	1519	10	2	23	106	465	515	43	1315	2	73	263	1309	2139
LT934125.1	+	116834	116962	NOV_TX_2499	1	815	3	0	5	34	232	175	0	2	3	0	56	3	0	1	695	3	2	12	64	206	218	8	500	2	27	155	656	860
LT934125.1	+	117441	120477	NOV_TX_2501	1	1	0	0	0	0	0	1	0	0	0	0	1	0	0	0	2	0	0	0	1	0	0	0	0	0	0	0	0	0
LT934125.1	+	117607	120477	NOV_TX_2503	0	45	0	0	2	1	4	52	0	0	0	6	16	1	0	0	22	0	0	0	4	6	10	9	165	0	1	1	11	47
LT934125.1	+	117769	120477	NOV_TX_2507	2	52	2	4	1	18	23	119	1	0	2	9	55	8	0	4	33	2	1	4	0	10	36	25	80	3	20	8	61	260
LT934125.1	+	117854	120477	NOV_TX_2510	0	1	0	0	0	0	0	0	0	0	0	0	1	0	0	0	0	0	0	0	0	0	0	0	0	0	0	0	0	3
LT934125.1	+	117887	120477	NOV_TX_2511	0	8	0	0	0	2	2	9	0	0	0	0	0	0	0	0	2	0	0	0	0	1	2	2	3	0	0	1	0	0
LT934125.1	+	117920	120477	NOV_TX_2513	0	0	0	0	0	0	0	0	0	0	0	0	0	0	0	0	0	0	0	0	0	0	0	0	0	0	0	0	2	10
LT934125.1	+	118023	120477	NOV_TX_2517	0	4	0	0	0	0	0	5	0	0	0	0	3	0	0	1	3	0	0	0	2	0	1	0	4	0	1	0	0	0
LT934125.1	+	118046	120477	NOV_TX_2519	0	1	0	0	0	0	2	0	0	0	0	0	0	1	0	0	0	0	0	0	0	0	0	0	0	0	0	0	0	9
LT934125.1	+	118112	120477	NOV_TX_2522	0	6	0	0	0	0	2	1	0	0	0	0	2	0	0	0	1	0	0	0	0	0	0	0	2	0	0	0	0	5
LT934125.1	+	118167	120477	NOV_TX_2525	0	0	0	0	0	0	4	0	0	0	0	1	6	0	0	0	0	0	0	1	0	0	0	0	0	0	0	0	0	0
LT934125.1	+	118203	120477	NOV_TX_2527	0	10	0	0	0	0	0	4	0	0	0	0	0	0	0	0	7	1	0	0	0	3	0	2	8	0	0	0	0	13
LT934125.1	+	118386	120477	NOV_TX_2532	0	5	0	0	0	1	4	6	0	0	0	0	4	0	0	0	1	0	0	1	1	1	3	1	2	0	0	0	1	11
LT934125.1	+	118444	120477	NOV_TX_2533	0	0	0	0	0	1	1	0	0	0	0	0	0	0	0	0	0	0	0	0	0	0	0	0	1	0	0	0	6	1
LT934125.1	+	118517	120477	NOV_TX_2534	0	25	0	0	1	2	8	16	0	0	0	2	9	1	0	0	31	0	0	2	2	1	19	3	26	0	2	2	14	34
LT934125.1	+	118578	120477	NOV_TX_2535	0	2	0	0	0	0	0	0	0	0	0	0	0	0	0	0	0	0	0	0	0	0	7	1	0	0	0	1	0	1
LT934125.1	+	118666	120477	NOV_TX_2537	0	7	0	0	0	0	0	8	0	0	0	0	0	0	0	0	2	0	0	0	0	0	0	0	1	0	0	0	1	0
LT934125.1	+	118702	120477	NOV_TX_2539	0	0	0	0	0	0	0	0	0	0	0	0	0	0	0	0	0	1	0	0	0	0	7	0	0	0	0	0	0	0
LT934125.1	+	118716	120477	NOV_TX_2540	0	7	0	0	0	0	0	0	0	0	0	0	1	0	0	0	0	0	0	0	0	0	0	3	1	0	0	0	0	1
LT934125.1	+	118744	120477	NOV_TX_2541	0	9	0	0	0	2	0	0	0	0	0	1	4	0	0	0	10	0	0	0	1	3	0	2	12	1	0	4	4	9
LT934125.1	+	118792	120477	NOV_TX_2542	0	5	0	0	1	0	1	4	0	0	0	0	0	0	0	0	1	0	0	0	0	0	5	0	5	0	0	0	2	14
LT934125.1	+	118864	119923	NOV_TX_2544	0	18	1	1	3	3	5	14	0	0	0	5	1	0	0	0	55	1	0	1	6	18	12	0	96	0	0	2	22	56
LT934125.1	+	118864	120049	NOV_TX_2546	0	0	0	0	0	1	0	0	0	0	0	0	0	0	0	0	6	0	0	2	0	2	1	0	2	0	0	0	0	0
LT934125.1	+	118864	120404	NOV_TX_2545	0	6	0	0	1	9	1	12	0	0	0	0	2	0	0	0	7	0	0	1	2	12	1	0	21	0	0	0	4	19
LT934125.1	+	118864	120477	NOV_TX_2548	31	9908	56	59	172	669	1927	5956	13	27	182	676	1253	137	3	25	7063	32	84	137	493	1894	2291	753	21768	8	145	759	4606	18043
LT934125.1	+	118864	122914	NOV_TX_2551	0	0	0	0	0	0	0	7	0	0	0	1	7	0	0	0	0	0	0	0	0	0	0	0	0	0	0	0	0	0
LT934125.1	+	118864	122915	NOV_TX_2550	0	26	1	0	0	1	2	5	0	0	0	0	11	1	0	0	7	0	0	0	0	0	4	5	32	0	0	0	3	34
LT934125.1	+	118864	125230	NOV_TX_2552	0	2	1	0	0	0	0	1	0	0	0	0	0	0	0	0	0	0	0	0	0	0	0	0	1	0	0	0	0	0
LT934125.1	+	118910	120477	NOV_TX_2554	3	965	2	0	2	9	166	225	1	3	2	24	58	36	0	0	246	0	2	2	27	139	68	172	561	0	6	53	249	411
LT934125.1	+	118910	122915	NOV_TX_2555	0	13	0	0	0	0	0	0	0	0	0	0	0	0	0	0	0	0	0	0	0	0	1	0	0	0	0	0	1	0
LT934125.1	+	118953	120477	NOV_TX_2556	0	0	0	0	0	0	0	0	0	0	0	0	0	0	0	0	0	0	0	0	0	75	0	0	0	0	0	37	0	0
LT934125.1	+	118976	120477	NOV_TX_2557	5	561	4	2	4	8	103	203	0	1	2	15	51	16	0	1	309	1	4	2	27	4	86	88	636	0	5	40	195	449
LT934125.1	+	119021	120477	NOV_TX_2560	0	210	0	0	3	0	0	0	0	2	0	0	144	7	0	0	180	1	5	1	8	0	0	35	149	0	5	0	0	0
LT934125.1	+	119072	120477	NOV_TX_2562	2	151	1	6	4	14	64	382	0	0	0	11	0	9	0	1	122	0	0	0	6	0	95	67	318	0	1	41	110	0
LT934125.1	+	119110	120477	NOV_TX_2563	0	0	0	0	1	0	0	0	0	0	0	0	0	5	0	0	0	0	0	2	0	61	0	11	0	0	1	0	0	397
LT934125.1	+	119153	120477	NOV_TX_2564	4	0	0	0	0	26	0	0	0	0	0	0	0	10	0	1	55	0	1	0	34	0	0	28	0	1	0	5	0	0
LT934125.1	+	119178	120477	NOV_TX_2565	3	102	0	1	0	0	0	0	1	0	21	55	0	13	0	0	0	5	0	15	0	152	0	25	0	1	0	0	329	0
LT934125.1	+	119221	120477	NOV_TX_2567	2	0	0	0	6	0	0	0	0	1	0	0	0	6	0	0	0	0	1	0	0	0	0	33	0	1	1	3	0	0
LT934125.1	+	119266	120477	NOV_TX_2570	4	577	1	2	7	0	181	470	0	3	0	0	177	21	0	1	927	0	1	0	0	0	0	57	1081	0	6	50	0	976
LT934125.1	+	119304	120477	NOV_TX_2572	5	40	0	1	0	0	14	24	0	0	2	2	7	10	0	0	41	0	0	0	3	10	11	29	50	0	1	2	21	57
LT934125.1	+	119344	120477	NOV_TX_2573	4	108	0	0	0	3	19	55	0	0	0	6	23	6	0	0	105	1	1	1	6	24	37	52	179	0	2	13	52	109
LT934125.1	+	119385	120477	NOV_TX_2574	0	103	1	1	2	4	28	53	0	1	2	11	27	3	0	0	140	0	1	2	9	22	47	15	146	0	1	11	39	156
LT934125.1	+	119422	120477	NOV_TX_2575	0	0	0	0	0	0	0	0	0	0	0	0	45	0	0	0	0	0	0	0	0	0	0	0	0	0	0	9	0	0
LT934125.1	+	119436	120477	NOV_TX_2576	4	182	1	1	0	5	26	84	0	1	4	14	0	17	0	0	198	0	3	3	9	49	63	56	196	0	4	14	83	169
LT934125.1	+	119484	120477	NOV_TX_2579	7	241	0	1	3	0	46	198	1	0	2	27	58	22	0	1	297	0	3	2	10	58	81	93	382	1	8	21	126	0
LT934125.1	+	119500	120477	NOV_TX_2580	0	0	0	0	0	13	0	0	0	0	0	0	0	0	0	0	0	0	0	0	8	0	0	0	0	0	0	0	0	0
LT934125.1	+	119536	120477	NOV_TX_2581	1	156	0	1	0	0	0	0	0	0	3	0	0	11	0	0	0	0	1	0	0	0	0	45	245	0	2	21	0	0
LT934125.1	+	119564	120477	NOV_TX_2582	1	708	1	0	4	33	164	376	1	0	14	65	135	18	0	1	951	2	5	13	35	192	265	97	888	1	13	0	344	925
LT934125.1	+	119618	120477	NOV_TX_2585	0	0	0	0	0	0	0	0	0	0	0	15	0	0	0	0	0	0	0	0	0	0	0	0	0	0	0	19	0	0
LT934125.1	+	119632	120477	NOV_TX_2586	18	0	1	1	0	5	0	0	0	0	2	0	0	34	0	0	0	0	3	8	14	0	58	166	222	1	4	0	0	0
LT934125.1	+	119646	120477	NOV_TX_2588	0	197	0	0	1	0	39	114	0	0	0	0	42	0	0	0	181	0	0	0	0	48	0	0	0	0	0	0	91	220
LT934125.1	+	119692	120477	NOV_TX_2589	4	1	1	0	3	16	12	233	0	1	1	5	82	7	0	0	2	1	2	2	30	142	25	54	627	0	2	63	223	482
LT934125.1	+	119714	120477	NOV_TX_2590	5	447	2	1	0	0	70	0	0	1	8	20	0	23	0	1	447	3	0	3	0	0	84	105	0	0	4	0	0	0
LT934125.1	+	119764	120477	NOV_TX_2594	4	215	0	0	0	0	149	0	1	0	6	0	240	20	0	2	0	1	0	13	58	0	288	106	356	1	0	20	0	0
LT934125.1	+	119786	120477	NOV_TX_2595	2	0	0	0	0	0	0	0	0	10	4	87	0	10	0	0	0	0	11	0	0	0	0	72	0	0	0	0	0	0
LT934125.1	+	119818	120477	NOV_TX_2596	4	685	2	2	8	31	0	0	0	0	10	0	0	29	0	1	1008	1	0	0	0	203	6	103	1110	1	24	64	443	1224
LT934125.1	+	119871	120477	NOV_TX_2599	2	499	3	2	3	18	129	574	0	2	17	47	172	28	0	4	725	1	6	9	24	105	204	147	889	1	9	54	251	827
LT934125.1	+	119913	120477	NOV_TX_2601	1	77	0	1	1	9	19	69	0	0	3	9	13	3	0	0	193	0	0	0	10	22	42	11	150	0	0	9	58	106
LT934125.1	+	119943	120477	NOV_TX_2602	5	690	0	2	3	18	123	465	0	3	27	90	151	11	0	2	920	3	10	7	48	245	237	52	1136	0	15	82	469	984
LT934125.1	+	119971	120477	NOV_TX_2604	0	0	0	0	0	3	0	0	0	1	0	0	0	10	0	0	0	0	0	1	0	0	0	58	0	0	2	30	0	0
LT934125.1	+	119998	120477	NOV_TX_2606	0	0	0	0	2	0	0	0	0	0	0	0	0	0	0	0	0	0	0	20	0	0	0	0	0	0	0	0	0	0
LT934125.1	+	120018	120477	NOV_TX_2607	6	304	0	2	0	38	0	0	1	1	0	0	0	17	0	0	394	0	15	0	83	0	0	96	420	1	6	37	0	0
LT934125.1	+	120060	120477	NOV_TX_2609	10	0	0	1	4	0	0	0	0	3	0	0	0	14	0	1	0	0	0	0	0	0	0	74	0	0	3	56	0	0
LT934125.1	+	120081	120477	NOV_TX_2610	7	938	0	4	3	0	342	1210	0	8	0	0	0	27	0	0	1341	0	0	0	0	475	671	125	1637	2	20	99	1190	2649
LT934125.1	+	120132	120477	NOV_TX_2614	4	376	0	1	2	0	0	0	1	2	0	0	0	18	0	0	707	0	0	0	29	0	0	71	855	0	5	72	0	0
LT934125.1	+	120132	122915	NOV_TX_2615	0	4	0	0	0	0	0	0	0	0	0	0	0	0	0	0	0	0	0	0	0	0	0	0	1	0	0	0	0	0
LT934125.1	+	120193	120477	NOV_TX_2618	3	418	0	1	2	0	18	0	0	1	1	0	0	9	0	1	464	0	0	0	5	21	38	43	597	0	3	44	46	110
LT934125.1	+	120211	120477	NOV_TX_2620	1	193	2	0	3	5	56	202	1	0	4	26	52	14	0	0	199	0	1	3	19	45	90	54	248	1	11	32	107	312
LT934125.1	+	120240	120477	NOV_TX_2621	5	0	2	1	0	0	42	168	0	0	7	6	16	20	0	1	221	1	2	4	60	0	401	66	0	1	0	0	0	0
LT934125.1	+	120256	120477	NOV_TX_2623	10	1172	0	7	9	14	209	402	0	2	14	95	127	16	0	1	1278	4	4	7	0	256	0	72	1759	0	18	0	650	1607
LT934125.1	+	120256	122915	NOV_TX_2624	0	2	0	0	0	0	0	1	0	0	0	0	0	0	0	0	0	0	0	0	0	0	0	0	1	0	0	0	0	1
LT934125.1	+	120319	120477	NOV_TX_2626	0	1743	7	6	15	0	466	225	0	1	0	0	68	5	0	4	1763	7	4	29	119	0	584	23	0	1	0	200	821	1902
LT934125.1	+	120357	120477	NOV_TX_2629	0	0	0	0	0	51	0	0	0	0	8	22	0	0	0	0	0	0	0	0	0	477	0	0	1925	0	0	0	0	0
LT934125.1	+	120384	120477	NOV_TX_2630	0	179	0	2	1	0	4	7	0	0	0	0	2	0	0	0	198	0	0	2	0	3	8	2	21	2	0	9	7	15
LT934125.1	+	120482	122915	NOV_TX_2631	0	3	0	0	0	2	0	1	0	0	0	0	0	0	0	0	0	1	0	0	0	0	0	0	0	0	1	0	0	2
LT934125.1	+	120555	122914	NOV_TX_2635	0	0	0	0	0	0	0	62	0	0	0	1	18	0	0	0	0	0	0	0	0	0	0	0	0	0	0	0	0	0
LT934125.1	+	120555	122915	NOV_TX_2633	0	202	1	2	3	37	33	53	0	0	0	4	14	3	0	0	75	0	1	2	4	24	39	25	481	0	4	8	56	296
LT934125.1	+	120555	125230	NOV_TX_2636	0	6	0	0	0	0	0	3	0	0	0	0	2	0	0	0	3	0	0	0	0	0	1	0	5	0	0	0	0	6
LT934125.1	+	120555	126151	NOV_TX_2637	0	5	0	0	0	0	2	2	0	0	0	0	1	0	0	0	0	0	0	0	0	1	0	0	5	0	0	0	1	6
LT934125.1	+	120630	122915	NOV_TX_2638	0	4	0	0	0	1	2	1	0	0	0	0	0	0	0	0	1	0	0	0	0	0	0	2	1	0	0	0	0	1
LT934125.1	+	120716	122915	NOV_TX_2641	0	5	0	0	0	0	0	0	0	0	0	0	0	0	0	0	0	0	0	0	0	0	0	0	0	0	0	0	0	1
LT934125.1	+	120802	122915	NOV_TX_2645	0	6	0	0	0	1	0	2	0	0	0	0	0	0	0	0	0	0	0	0	1	1	1	0	1	0	0	0	1	1
LT934125.1	+	120934	122914	NOV_TX_2649	0	0	0	0	0	0	0	4	0	0	0	0	2	0	0	0	0	0	0	0	0	0	0	0	0	0	0	0	0	0
LT934125.1	+	120934	122915	NOV_TX_2648	0	18	0	1	0	4	6	4	0	0	0	1	0	0	0	0	9	0	1	0	1	5	3	4	18	0	0	1	10	13
LT934125.1	+	121024	122915	NOV_TX_2654	0	9	0	0	0	0	0	1	0	0	0	0	1	0	0	0	3	0	0	0	0	2	2	1	7	0	0	1	0	3
LT934125.1	+	121131	122915	NOV_TX_2660	0	22	0	0	0	0	2	3	0	0	0	0	0	0	0	0	17	0	0	0	0	1	5	1	9	0	1	0	7	7
LT934125.1	+	121269	122915	NOV_TX_2664	0	15	0	0	0	1	0	2	0	0	0	0	1	1	0	0	2	0	0	0	0	1	0	0	16	0	0	0	1	8
LT934125.1	+	121308	122915	NOV_TX_2667	0	9	0	0	0	0	1	2	0	0	1	0	0	0	0	0	0	0	0	0	0	0	0	0	1	0	0	0	0	1
LT934125.1	+	121424	122915	NOV_TX_2671	0	5	0	0	0	0	0	0	0	0	0	0	0	0	0	0	0	0	0	0	0	0	0	0	0	0	0	0	0	1
LT934125.1	+	121506	122915	NOV_TX_2674	0	2	0	0	0	0	0	1	0	0	0	0	0	0	0	0	0	0	0	0	0	1	0	1	1	0	0	0	0	0
LT934125.1	+	121580	122915	NOV_TX_2679	0	0	0	0	0	1	0	1	0	0	0	0	1	0	0	0	5	0	0	0	1	0	2	0	5	0	0	0	0	1
LT934125.1	+	121614	122915	NOV_TX_2681	0	11	0	0	0	2	1	3	0	0	0	0	3	0	0	0	4	0	0	0	0	3	1	1	24	0	0	2	1	4
LT934125.1	+	121671	122915	NOV_TX_2683	0	0	0	0	0	1	1	1	0	0	0	0	0	0	0	0	4	0	0	0	0	0	0	1	1	0	0	0	0	0
LT934125.1	+	121715	122914	NOV_TX_2686	0	0	0	0	0	0	0	10	0	0	0	2	2	0	0	0	0	0	0	0	0	0	0	0	0	0	0	0	0	0
LT934125.1	+	121715	122915	NOV_TX_2685	0	76	0	0	1	3	7	33	0	0	1	4	8	2	0	0	79	0	0	1	2	6	0	3	100	1	0	5	13	69
LT934125.1	+	121715	126151	NOV_TX_2688	0	4	0	0	0	0	0	0	0	0	0	0	0	0	0	0	0	0	0	0	0	0	0	0	1	0	0	0	0	0
LT934125.1	+	121784	122409	NOV_TX_2692	0	2	0	0	0	2	0	0	0	0	0	0	0	0	0	0	1	0	0	0	0	0	1	0	8	0	0	0	2	5
LT934125.1	+	121784	122914	NOV_TX_2698	0	0	0	0	0	0	0	703	0	0	17	70	166	0	0	0	0	0	0	0	0	0	0	0	0	0	0	0	0	0
LT934125.1	+	121784	122915	NOV_TX_2697	0	1326	8	7	18	189	336	878	1	3	6	56	248	31	0	4	1107	3	12	18	114	603	367	200	3932	1	32	298	1342	3454
LT934125.1	+	121784	125230	NOV_TX_2699	0	22	1	0	1	0	7	13	0	0	0	0	9	0	0	0	5	0	0	0	0	1	5	0	26	0	0	1	10	49
LT934125.1	+	121784	126151	NOV_TX_2700	0	32	0	0	2	4	2	40	0	0	2	0	18	0	0	0	5	0	0	0	0	1	5	0	29	0	0	1	7	30
LT934125.1	+	121838	122914	NOV_TX_2703	0	0	0	0	0	0	0	17	0	0	0	0	3	0	0	0	0	0	0	0	0	0	0	0	0	0	0	0	0	0
LT934125.1	+	121838	122915	NOV_TX_2702	0	176	1	0	1	3	52	37	0	0	0	1	4	1	0	0	76	0	0	2	10	37	19	15	273	0	0	18	76	149
LT934125.1	+	121838	125230	NOV_TX_2704	0	1	0	0	0	0	1	0	0	0	0	0	0	0	0	0	0	0	0	0	1	0	0	0	3	0	0	0	0	0
LT934125.1	+	121886	122915	NOV_TX_2705	0	0	0	0	0	0	0	0	0	0	0	8	0	0	0	0	0	0	0	0	16	0	30	0	287	0	0	8	0	207
LT934125.1	+	121901	122914	NOV_TX_2709	0	0	0	0	0	0	0	22	0	0	0	0	7	0	0	0	0	0	0	0	0	0	0	0	0	0	0	0	0	0
LT934125.1	+	121901	122915	NOV_TX_2708	0	171	1	0	1	0	0	61	0	0	1	0	18	4	0	0	147	0	1	0	0	0	0	32	0	0	4	8	95	0
LT934125.1	+	121925	122915	NOV_TX_2712	0	0	0	0	0	4	39	0	0	0	0	0	0	0	0	0	0	0	0	0	0	51	0	0	0	0	0	0	0	0
LT934125.1	+	121987	122915	NOV_TX_2713	0	5	0	0	0	0	16	0	0	0	0	0	2	1	0	0	6	1	0	0	0	0	0	2	0	0	0	2	65	115
LT934125.1	+	122028	122914	NOV_TX_2715	0	0	0	0	0	0	0	29	0	0	0	2	6	0	0	0	0	0	0	0	0	0	0	0	0	0	0	0	0	0
LT934125.1	+	122028	122915	NOV_TX_2714	0	95	0	0	1	4	0	93	0	0	2	5	27	5	0	0	100	0	1	0	5	33	0	19	196	0	0	18	0	0
LT934125.1	+	122118	122914	NOV_TX_2720	0	0	0	0	0	0	0	5	0	0	0	2	2	0	0	0	0	0	0	0	0	0	0	0	0	0	0	0	0	0
LT934125.1	+	122118	122915	NOV_TX_2719	0	27	0	0	0	0	3	10	0	0	0	4	8	5	0	0	20	0	0	0	1	6	9	21	39	0	0	2	17	24
LT934125.1	+	122181	122914	NOV_TX_2725	0	0	0	0	0	0	0	7	0	0	0	1	3	0	0	0	0	0	0	0	0	0	0	0	0	0	0	0	0	0
LT934125.1	+	122181	122915	NOV_TX_2723	0	57	0	2	0	1	14	31	0	0	1	4	8	1	0	1	46	0	0	1	3	5	24	14	85	0	0	7	29	42
LT934125.1	+	122244	122915	NOV_TX_2729	0	68	0	0	1	1	0	0	0	0	3	0	91	3	0	0	0	0	1	0	0	0	0	15	4	0	0	1	0	1
LT934125.1	+	122258	122915	NOV_TX_2733	0	0	0	0	0	0	0	292	0	0	0	0	0	0	0	0	0	0	0	7	0	0	0	0	181	0	0	14	0	0
LT934125.1	+	122289	122915	NOV_TX_2738	0	21	0	0	2	0	0	0	0	0	2	0	0	3	0	0	0	0	0	0	0	0	0	14	0	0	0	0	0	0
LT934125.1	+	122302	122914	NOV_TX_2742	0	0	0	0	0	0	0	0	0	0	1	16	0	0	0	0	0	0	0	0	0	0	0	0	0	0	0	0	0	0
LT934125.1	+	122302	122915	NOV_TX_2739	0	424	0	1	4	0	83	0	1	1	7	29	0	6	0	1	597	0	1	0	30	142	0	15	768	0	0	57	304	639
LT934125.1	+	122302	125230	NOV_TX_2740	0	9	0	0	0	0	2	0	0	0	0	0	0	0	0	1	0	0	0	0	0	0	0	0	3	0	0	0	0	2
LT934125.1	+	122302	126151	NOV_TX_2741	0	5	0	0	0	0	0	0	0	0	0	0	0	0	0	0	1	0	0	0	0	0	0	0	1	0	0	0	0	2
LT934125.1	+	122404	122914	NOV_TX_2747	0	0	0	0	0	0	0	21	0	0	0	4	5	0	0	0	0	0	0	0	0	0	0	0	0	0	0	0	0	0
LT934125.1	+	122404	122915	NOV_TX_2746	0	88	0	0	0	7	9	52	0	1	0	14	14	6	0	0	120	0	0	0	1	26	30	23	140	1	3	9	50	93
LT934125.1	+	122463	122914	NOV_TX_2752	0	0	0	0	0	0	0	68	0	0	4	15	22	0	0	0	0	0	0	0	0	0	0	0	0	0	0	0	0	0
LT934125.1	+	122463	122915	NOV_TX_2749	0	316	2	3	1	14	59	164	0	1	7	39	69	8	0	1	0	1	1	1	11	112	89	38	742	0	4	54	240	402
LT934125.1	+	122463	125230	NOV_TX_2750	0	4	0	0	0	0	0	0	0	0	0	0	0	0	0	0	0	0	0	0	0	0	1	0	0	0	0	0	1	0
LT934125.1	+	122463	126151	NOV_TX_2751	0	4	0	0	0	1	0	0	0	0	0	0	2	0	0	0	0	0	0	0	0	0	0	0	1	0	0	0	1	0
LT934125.1	+	122521	122914	NOV_TX_2760	0	0	0	0	0	0	0	0	0	0	2	2	3	0	0	0	0	0	0	0	0	0	0	0	0	0	0	0	0	0
LT934125.1	+	122521	122915	NOV_TX_2759	0	95	0	1	1	4	26	0	0	1	3	9	21	10	0	0	147	2	0	2	8	40	39	43	326	0	2	12	101	138
LT934125.1	+	122575	122915	NOV_TX_2763	0	0	0	0	0	0	139	0	0	0	0	0	0	0	0	0	0	0	0	0	0	0	0	0	1185	0	0	0	400	839
LT934125.1	+	122610	122915	NOV_TX_2766	0	349	0	0	0	0	0	0	0	0	0	29	0	8	0	1	649	0	1	1	0	0	0	15	0	0	11	0	0	0
LT934125.1	+	122610	126151	NOV_TX_2768	0	3	0	0	0	0	0	0	0	0	0	0	0	0	0	0	2	0	0	0	0	0	0	0	0	0	0	0	0	0
LT934125.1	+	122639	122915	NOV_TX_2770	0	0	3	1	4	19	0	0	0	0	0	0	86	5	0	0	0	1	2	0	0	0	0	39	0	1	0	0	0	0
LT934125.1	+	122662	122915	NOV_TX_2773	0	156	0	0	0	0	0	0	1	0	0	0	0	4	0	1	217	0	1	1	0	0	0	30	0	0	0	0	0	0
LT934125.1	+	122698	122915	NOV_TX_2778	0	0	0	0	0	0	0	271	0	0	0	0	0	0	0	0	0	0	0	0	47	204	219	0	0	0	0	0	0	0
LT934125.1	+	122731	122915	NOV_TX_2782	0	137	0	0	1	0	0	0	0	0	0	0	0	1	0	0	0	0	0	2	0	0	0	4	0	0	0	0	0	0
LT934125.1	+	122922	125230	NOV_TX_2787	0	10	1	0	0	3	2	11	0	0	1	0	5	2	0	0	6	0	0	2	0	3	1	3	10	0	1	2	12	37
LT934125.1	+	122922	126151	NOV_TX_2788	0	10	0	0	0	2	0	4	1	0	0	0	5	0	0	0	0	0	0	0	0	0	0	1	6	0	0	0	2	5
LT934125.1	+	122979	124808	NOV_TX_2791	0	8	0	0	0	0	0	2	0	0	0	0	0	0	0	0	2	0	0	0	0	4	0	0	10	0	0	2	1	9
LT934125.1	+	122979	125131	NOV_TX_2792	0	1	0	0	0	2	0	0	0	0	0	0	0	0	0	0	1	0	0	0	0	0	1	0	7	0	0	0	0	1
LT934125.1	+	122979	125230	NOV_TX_2789	0	381	5	3	10	50	87	310	1	3	5	12	128	4	0	1	137	4	1	20	11	38	93	46	771	2	20	44	285	1176
LT934125.1	+	122979	126151	NOV_TX_2790	1	311	2	0	4	42	42	206	0	0	0	32	95	4	0	0	38	2	0	2	7	13	38	17	227	1	2	5	76	268
LT934125.1	+	123036	125230	NOV_TX_2793	0	39	0	0	0	0	0	0	0	0	0	0	2	0	0	0	0	0	0	0	0	0	0	0	0	0	0	0	0	0
LT934125.1	+	123036	126151	NOV_TX_2794	0	48	0	0	0	0	0	0	0	0	0	0	3	0	0	0	0	0	0	0	0	0	0	0	0	0	0	0	0	0
LT934125.1	+	123048	125230	NOV_TX_2795	0	0	1	0	0	1	0	0	0	0	0	0	0	0	0	0	3	0	1	1	2	5	5	1	16	0	0	4	7	13
LT934125.1	+	123048	126151	NOV_TX_2796	0	0	0	0	0	0	0	0	0	0	0	0	0	0	0	0	3	0	0	0	1	0	1	2	6	0	0	0	3	5
LT934125.1	+	123059	125230	NOV_TX_2797	0	0	0	0	0	0	5	3	0	0	0	0	0	0	0	0	0	0	0	0	0	0	0	0	0	0	0	0	0	0
LT934125.1	+	123059	126151	NOV_TX_2798	0	0	0	0	0	0	7	5	0	0	0	0	0	0	0	0	0	0	0	0	0	0	0	0	0	0	0	0	0	0
LT934125.1	+	123096	125230	NOV_TX_2799	0	1	0	0	0	2	0	0	0	0	0	0	0	0	0	0	1	0	0	0	0	0	0	0	1	0	0	0	0	0
LT934125.1	+	123254	126151	NOV_TX_2804	0	1	0	0	0	1	0	3	0	0	0	0	1	0	0	0	1	0	0	0	0	0	0	1	1	0	0	0	0	0
LT934125.1	+	123278	125230	NOV_TX_2805	0	0	0	0	0	0	0	0	0	0	0	0	2	0	0	0	0	0	0	0	0	2	0	0	1	0	0	0	0	0
LT934125.1	+	123362	125230	NOV_TX_2809	0	3	0	0	0	0	0	0	0	0	0	2	0	0	0	0	0	0	0	0	0	0	6	1	6	0	0	0	0	7
LT934125.1	+	123447	125230	NOV_TX_2814	0	3	0	0	0	0	0	2	0	0	0	0	1	0	0	0	1	0	0	0	2	0	1	1	0	0	0	2	1	4
LT934125.1	+	123468	125230	NOV_TX_2816	0	5	0	0	0	0	0	0	0	0	0	0	0	0	0	0	0	0	0	1	0	0	0	0	0	0	0	0	0	1
LT934125.1	+	123468	126151	NOV_TX_2817	0	7	0	0	0	0	0	0	0	0	0	0	2	0	0	0	0	0	0	0	0	0	0	0	1	0	0	0	0	0
LT934125.1	+	123510	125230	NOV_TX_2820	0	0	0	0	0	0	3	0	0	0	0	0	0	0	0	0	0	0	0	0	0	0	0	0	0	0	0	0	3	0
LT934125.1	+	123528	125230	NOV_TX_2822	0	0	0	0	1	0	0	3	0	0	0	0	1	0	0	0	4	0	0	0	0	0	1	1	1	0	0	0	0	5
LT934125.1	+	123560	125230	NOV_TX_2823	0	9	0	0	0	0	0	0	0	0	0	0	0	0	0	0	1	0	0	0	0	0	0	0	0	0	0	0	0	1
LT934125.1	+	123560	126151	NOV_TX_2824	0	7	0	0	0	0	0	0	0	0	0	0	0	0	0	0	1	0	0	0	0	0	0	2	0	0	0	0	0	1
LT934125.1	+	123587	125230	NOV_TX_2825	0	0	0	0	0	5	0	0	0	0	0	0	0	0	0	0	0	0	0	0	2	0	3	0	0	0	0	1	4	0
LT934125.1	+	123612	125230	NOV_TX_2827	2	5	0	0	0	0	4	9	0	0	1	0	2	2	0	0	4	0	0	0	0	1	0	4	9	0	0	0	0	16
LT934125.1	+	123612	126151	NOV_TX_2828	0	0	0	0	0	0	0	2	0	0	0	2	3	0	0	0	3	0	0	0	0	0	0	1	2	0	0	0	0	4
LT934125.1	+	123639	125230	NOV_TX_2829	0	7	0	0	0	0	0	0	0	0	0	0	0	0	0	0	0	0	0	0	0	0	0	0	8	0	0	0	0	0
LT934125.1	+	123639	126151	NOV_TX_2830	0	10	0	0	0	0	0	0	0	0	0	0	0	0	0	0	0	0	0	0	0	0	0	0	5	0	0	0	0	0
LT934125.1	+	123693	125230	NOV_TX_2831	0	0	0	0	2	0	0	0	0	0	0	1	4	0	0	0	0	0	0	0	0	0	11	2	3	0	0	0	1	2
LT934125.1	+	123693	126151	NOV_TX_2832	0	0	0	0	0	0	0	4	0	0	0	0	3	0	0	0	0	0	0	0	0	0	4	0	2	0	0	0	0	0
LT934125.1	+	123717	125230	NOV_TX_2833	1	12	0	0	0	1	5	4	0	0	1	0	0	1	0	0	22	0	0	0	0	2	0	0	16	0	0	0	5	28
LT934125.1	+	123717	126151	NOV_TX_2834	0	19	0	0	0	0	2	0	0	0	0	0	0	0	0	0	3	0	0	0	0	0	0	0	2	0	0	0	0	4
LT934125.1	+	123755	125230	NOV_TX_2835	0	0	0	0	0	0	0	0	0	0	0	0	0	0	0	0	0	0	0	0	1	2	1	0	0	0	0	0	6	0
LT934125.1	+	123768	125230	NOV_TX_2837	0	0	0	0	0	0	1	0	0	0	0	0	5	2	0	0	5	0	0	0	0	0	0	6	0	0	0	0	0	0
LT934125.1	+	123780	125230	NOV_TX_2839	0	4	0	0	0	1	0	5	0	0	0	0	0	0	0	0	0	0	0	0	0	0	0	0	15	0	0	0	0	18
LT934125.1	+	123780	126151	NOV_TX_2840	0	11	0	0	0	2	0	5	0	0	0	0	0	0	0	0	0	0	0	0	0	0	0	0	3	0	0	0	0	4
LT934125.1	+	123824	125230	NOV_TX_2841	0	14	0	0	0	2	4	6	0	0	0	0	2	0	0	0	3	0	0	1	0	1	7	2	4	0	1	0	2	9
LT934125.1	+	123824	126151	NOV_TX_2842	0	8	0	0	0	1	1	8	0	0	0	0	2	0	0	0	2	0	0	0	0	1	3	0	1	0	0	0	0	1
LT934125.1	+	123878	125230	NOV_TX_2843	0	10	0	0	0	0	0	5	0	0	0	0	0	1	0	0	1	0	0	0	0	1	0	1	4	0	1	0	2	6
LT934125.1	+	123878	126151	NOV_TX_2844	1	10	0	0	0	0	0	1	0	0	0	0	0	2	0	0	1	0	0	0	0	0	0	1	0	0	0	0	0	0
LT934125.1	+	123920	125230	NOV_TX_2845	0	7	0	0	0	0	1	15	0	0	0	1	0	0	0	0	4	0	0	1	0	7	6	2	6	0	0	1	7	8
LT934125.1	+	123920	126151	NOV_TX_2846	1	4	0	0	0	0	0	6	0	0	0	0	0	0	0	0	0	0	0	0	0	2	1	1	1	0	0	0	1	2
LT934125.1	+	123942	125230	NOV_TX_2847	0	1	0	0	1	0	0	0	0	0	0	0	0	0	0	0	1	0	0	0	0	0	0	0	1	0	0	0	0	2
LT934125.1	+	123979	125230	NOV_TX_2850	0	6	0	0	0	0	0	4	0	0	0	0	0	0	0	0	2	0	0	0	0	1	1	0	4	0	0	1	1	3
LT934125.1	+	124010	125230	NOV_TX_2852	0	6	0	0	0	0	0	2	0	0	0	0	0	0	0	0	0	0	0	0	1	0	6	0	1	0	0	0	7	0
LT934125.1	+	124010	126151	NOV_TX_2853	0	10	0	0	1	0	0	1	0	0	0	1	0	1	0	0	0	0	0	0	0	0	3	1	0	0	0	0	0	0
LT934125.1	+	124040	125230	NOV_TX_2854	0	6	1	0	0	1	4	8	0	0	0	0	2	1	0	0	10	0	0	0	0	1	0	2	7	0	1	3	0	18
LT934125.1	+	124040	126151	NOV_TX_2855	0	9	0	0	0	1	1	2	0	0	0	0	0	1	0	0	1	0	0	0	0	0	0	2	1	0	0	0	0	4
LT934125.1	+	124093	125230	NOV_TX_2856	1	3	0	0	0	0	1	3	0	0	0	0	1	1	0	0	1	0	0	0	0	0	4	3	8	0	0	0	2	6
LT934125.1	+	124093	126151	NOV_TX_2857	1	2	0	0	0	0	0	1	0	0	0	0	0	0	0	0	0	0	0	0	1	0	1	0	3	0	0	0	0	3
LT934125.1	+	124166	125230	NOV_TX_2858	0	0	0	0	3	0	0	0	0	0	0	0	0	0	0	0	0	0	0	0	13	0	0	0	0	0	11	0	0	0
LT934125.1	+	124200	125230	NOV_TX_2860	0	12	0	0	0	0	0	0	0	0	3	0	0	1	0	0	0	0	0	0	0	0	0	1	0	0	0	2	0	0
LT934125.1	+	124200	126151	NOV_TX_2861	0	11	0	0	0	0	0	0	0	0	4	0	0	0	0	0	0	0	0	0	0	0	0	1	0	0	0	0	0	0
LT934125.1	+	124286	125230	NOV_TX_2866	0	0	0	0	0	0	0	0	0	0	0	6	0	0	0	0	30	0	4	0	0	0	0	0	0	0	0	6	0	0
LT934125.1	+	124286	126151	NOV_TX_2867	0	0	0	0	0	0	0	0	0	0	0	7	0	0	0	0	12	0	1	0	0	0	0	0	0	0	0	1	0	0
LT934125.1	+	124304	125230	NOV_TX_2869	0	0	0	0	0	29	123	0	0	0	0	0	0	1	0	0	0	2	0	9	0	0	139	15	0	0	0	34	248	810
LT934125.1	+	124304	126151	NOV_TX_2870	0	0	0	0	0	5	34	0	0	0	0	0	0	0	0	0	0	0	0	1	0	0	19	3	0	0	0	0	28	63
LT934125.1	+	124332	125230	NOV_TX_2871	0	49	0	0	0	0	0	0	0	0	0	0	0	2	0	0	66	0	0	0	1	0	0	8	0	0	0	4	0	0
LT934125.1	+	124332	126151	NOV_TX_2872	0	50	0	0	0	0	0	0	0	0	0	0	0	1	0	0	12	0	0	0	0	0	0	1	0	0	0	1	0	0
LT934125.1	+	124383	125230	NOV_TX_2873	0	293	0	0	0	0	0	180	0	0	0	0	78	1	0	0	207	0	0	0	2	56	0	4	377	0	0	0	0	0
LT934125.1	+	124383	126151	NOV_TX_2874	0	62	0	0	0	0	0	105	0	0	0	0	52	0	0	0	17	0	0	0	1	11	0	7	59	0	0	0	0	0
LT934125.1	+	124402	125230	NOV_TX_2876	0	125	3	1	0	0	0	2	1	1	0	0	1	0	0	0	130	0	0	0	0	0	3	8	95	0	0	12	1	0
LT934125.1	+	124402	126151	NOV_TX_2877	0	79	0	0	1	0	0	1	0	0	0	0	0	0	0	0	46	0	0	0	0	0	0	6	41	0	0	1	0	1
LT934125.1	+	124457	125230	NOV_TX_2878	0	0	0	0	0	17	0	0	0	0	0	0	0	2	0	0	0	0	0	0	0	0	0	1	0	0	10	0	0	0
LT934125.1	+	124488	125230	NOV_TX_2881	1	46	0	0	0	0	0	0	0	0	0	0	0	4	0	0	47	0	0	0	32	0	0	9	41	0	0	0	0	0
LT934125.1	+	124488	126151	NOV_TX_2880	0	27	0	0	1	0	0	0	0	0	0	0	0	1	0	0	9	0	0	0	6	0	0	4	13	0	0	0	0	0
LT934125.1	+	124538	125230	NOV_TX_2884	4	0	1	1	0	0	0	0	1	1	0	46	0	3	0	0	0	3	2	8	0	0	0	16	516	0	0	101	386	773
LT934125.1	+	124538	126151	NOV_TX_2885	0	0	0	0	0	0	0	0	0	0	0	9	0	0	0	0	0	0	0	0	0	0	0	1	94	0	0	2	51	53
LT934125.1	+	124565	125230	NOV_TX_2887	0	409	0	0	3	0	0	0	0	2	0	0	82	2	0	0	490	0	1	0	0	154	126	5	0	0	0	4	0	0
LT934125.1	+	124565	126151	NOV_TX_2888	1	119	0	0	1	0	0	0	0	0	0	0	40	0	0	0	73	0	0	0	0	36	14	2	0	0	0	0	0	0
LT934125.1	+	124615	125230	NOV_TX_2891	1	69	0	0	0	0	0	293	0	0	0	0	0	0	0	0	83	0	1	0	0	0	0	7	0	0	0	17	0	0
LT934125.1	+	124615	126151	NOV_TX_2892	1	54	0	0	0	0	0	75	0	0	0	0	0	0	0	0	22	0	0	0	0	0	0	1	0	0	0	0	0	0
LT934125.1	+	124677	125230	NOV_TX_2894	0	32	0	1	0	0	12	37	0	0	0	2	9	1	0	0	18	0	1	1	1	14	12	10	47	0	2	2	27	77
LT934125.1	+	124677	126151	NOV_TX_2895	1	19	0	0	0	0	2	11	0	0	0	1	2	2	0	0	4	0	1	0	0	1	2	2	9	0	0	0	1	10
LT934125.1	+	124690	125230	NOV_TX_2897	0	0	0	0	0	0	0	0	0	0	0	0	0	0	0	0	24	0	0	0	0	0	0	0	0	0	0	6	0	0
LT934125.1	+	124690	126151	NOV_TX_2898	0	0	0	0	0	0	0	0	0	0	0	0	0	0	0	0	5	0	0	0	0	0	0	0	0	0	0	1	0	0
LT934125.1	+	124712	125230	NOV_TX_2899	0	0	0	0	1	4	0	0	0	0	0	0	0	0	0	0	0	0	0	0	0	0	0	0	0	0	0	0	0	0
LT934125.1	+	124756	125131	NOV_TX_2901	0	16	0	0	0	0	4	6	0	0	2	2	2	0	0	1	18	0	0	0	0	1	4	0	95	0	0	2	14	35
LT934125.1	+	124756	125230	NOV_TX_2902	3	278	1	1	8	26	89	848	1	6	12	77	139	16	0	2	785	3	8	5	17	109	210	116	2955	1	33	80	486	1499
LT934125.1	+	124756	126151	NOV_TX_2903	17	1067	0	0	10	84	111	1083	0	0	24	136	278	39	0	0	679	0	2	4	12	95	158	241	2735	0	6	28	336	1016
LT934125.1	+	124796	125230	NOV_TX_2905	0	2	0	0	0	0	0	4	0	1	0	0	1	0	0	1	3	0	0	0	0	0	3	0	10	0	0	1	2	6
LT934125.1	+	124796	126151	NOV_TX_2906	0	1	0	0	0	0	0	0	0	0	0	0	0	0	0	1	0	0	0	0	0	0	0	0	2	0	0	0	1	0
LT934125.1	+	124826	125230	NOV_TX_2907	0	0	0	0	0	0	17	66	0	0	0	2	14	4	0	0	115	0	2	0	9	22	22	24	152	0	1	20	53	101
LT934125.1	+	124826	126151	NOV_TX_2908	2	0	0	0	0	3	5	56	0	0	0	1	11	4	0	0	80	0	0	0	3	15	10	16	117	0	0	6	35	33
LT934125.1	+	124872	125230	NOV_TX_2914	2	119	0	0	1	0	33	0	0	1	2	16	32	3	0	0	99	0	2	0	4	0	46	25	233	1	8	8	86	252
LT934125.1	+	124872	126151	NOV_TX_2915	2	104	0	0	1	0	16	0	0	0	2	5	23	6	0	0	63	0	0	0	1	0	12	35	129	0	2	2	23	42
LT934125.1	+	124895	125230	NOV_TX_2916	0	0	0	0	0	0	0	101	0	0	0	0	0	0	0	0	78	0	0	4	0	26	0	0	0	0	0	0	0	0
LT934125.1	+	124895	126151	NOV_TX_2917	0	0	0	1	0	0	0	57	0	0	0	0	0	0	0	0	31	0	0	0	0	14	0	0	0	0	0	0	0	0
LT934125.1	+	124939	125230	NOV_TX_2918	0	98	2	0	0	0	0	0	0	0	0	0	0	0	0	0	0	0	0	0	0	0	146	0	0	0	0	32	0	0
LT934125.1	+	124939	126151	NOV_TX_2919	0	71	0	0	0	0	0	0	0	0	0	0	0	0	0	0	0	0	0	0	0	0	89	0	0	0	0	4	0	0
LT934125.1	+	124955	125230	NOV_TX_2920	1	0	0	0	0	0	0	0	0	0	2	0	29	4	0	0	706	0	0	0	6	0	0	9	161	0	17	0	240	0
LT934125.1	+	124955	126151	NOV_TX_2921	6	0	0	0	2	0	0	0	0	0	0	0	114	10	0	0	531	0	0	0	3	0	0	27	72	0	5	0	90	0
LT934125.1	+	124974	125230	NOV_TX_2922	0	0	0	0	0	0	0	0	0	0	0	12	0	0	0	0	0	0	0	6	0	0	0	0	0	0	0	9	0	0
LT934125.1	+	124974	126151	NOV_TX_2923	0	0	0	0	0	0	0	0	0	0	0	49	0	0	0	0	0	0	0	1	0	0	0	0	0	0	0	2	0	0
LT934125.1	+	124989	125230	NOV_TX_2924	0	0	0	2	0	0	0	0	0	0	1	0	0	5	0	0	0	1	0	0	14	0	0	10	0	0	0	0	0	0
LT934125.1	+	124989	126151	NOV_TX_2925	1	0	0	0	2	0	0	0	0	0	8	0	0	5	0	0	0	0	0	0	13	0	0	16	0	0	0	0	0	0
LT934125.1	+	125003	125230	NOV_TX_2926	0	0	0	0	0	0	0	79	0	0	0	0	0	0	0	0	0	0	0	0	0	0	0	0	404	0	0	0	0	673
LT934125.1	+	125003	126151	NOV_TX_2927	0	0	0	0	0	0	0	282	0	0	0	0	0	0	0	0	0	0	0	0	0	0	0	0	419	0	0	0	0	232
LT934125.1	+	125056	125230	NOV_TX_2928	0	312	0	0	0	7	88	0	0	0	0	0	0	0	0	0	0	0	0	0	0	88	0	0	0	0	0	0	0	0
LT934125.1	+	125056	126151	NOV_TX_2929	0	483	0	0	0	18	99	0	0	0	0	0	0	0	0	0	0	0	0	0	0	49	0	0	0	0	0	0	0	0
LT934125.1	+	125105	125230	NOV_TX_2933	0	223	1	0	0	8	61	34	0	0	0	0	11	0	0	0	336	0	0	3	15	57	71	2	351	0	8	36	167	473
LT934125.1	+	125105	126151	NOV_TX_2934	4	257	0	1	2	8	40	225	0	0	5	29	69	2	0	0	228	0	1	0	5	19	45	17	280	0	2	13	67	138
LT934125.1	+	125147	125230	NOV_TX_2935	0	22	0	0	1	1	2	5	0	0	0	0	0	0	0	0	21	0	0	0	1	6	5	0	30	0	1	5	12	27
LT934125.1	+	125147	126151	NOV_TX_2936	3	155	0	0	0	6	26	96	0	0	6	25	37	7	0	0	112	0	0	0	4	14	21	27	176	0	1	8	22	71
LT934125.1	+	125177	126151	NOV_TX_2938	0	16	0	0	0	1	3	6	0	0	1	3	3	0	0	0	24	0	0	0	1	1	3	5	23	0	0	0	4	12
LT934125.1	+	125225	125618	NOV_TX_2941	0	0	0	0	0	0	1	0	0	0	0	0	1	0	0	0	0	0	0	0	0	0	1	0	2	0	1	0	0	1
LT934125.1	+	125225	126151	NOV_TX_2939	46	5856	51	56	95	469	1424	4935	13	30	113	496	1047	112	4	28	4035	41	65	108	263	1093	1149	379	5106	9	281	698	1727	3438
LT934125.1	+	125274	126151	NOV_TX_2942	5	490	0	0	3	13	108	181	3	3	3	35	47	12	0	0	220	0	4	2	14	64	59	49	259	2	8	68	97	143
LT934125.1	+	125312	126151	NOV_TX_2943	6	901	0	5	6	15	163	271	1	1	3	0	0	8	0	2	378	2	3	3	17	78	79	30	356	0	11	67	122	248
LT934125.1	+	125344	126151	NOV_TX_2945	0	0	0	0	4	0	0	0	0	0	0	0	73	0	0	0	0	0	0	0	0	0	0	0	0	0	0	0	0	0
LT934125.1	+	125358	126151	NOV_TX_2946	5	173	0	2	0	5	21	1	0	0	5	0	10	5	0	0	170	0	0	0	4	0	43	22	141	0	5	9	1	1
LT934125.1	+	125373	126151	NOV_TX_2947	1	300	1	0	2	7	78	230	0	0	10	56	77	6	0	0	288	0	0	2	13	66	51	15	335	0	7	38	116	149
LT934125.1	+	125398	126151	NOV_TX_2948	0	2	0	0	0	0	2	1	0	0	0	1	0	0	0	0	1	0	0	0	2	0	1	1	1	0	0	1	1	1
LT934125.1	+	125413	126151	NOV_TX_2949	1	48	0	0	0	2	9	37	0	0	0	2	6	4	0	0	5	0	0	2	0	2	2	8	43	0	2	2	4	3
LT934125.1	+	125430	126151	NOV_TX_2950	3	57	0	1	0	5	15	117	0	0	1	0	27	6	0	0	125	0	1	0	3	26	24	32	80	0	3	6	28	57
LT934125.1	+	125446	126151	NOV_TX_2951	0	0	0	0	2	0	0	0	0	0	0	18	0	0	0	0	0	0	0	0	0	0	0	0	0	0	0	0	0	0
LT934125.1	+	125479	126151	NOV_TX_2952	3	124	1	0	2	11	12	180	0	1	0	17	47	8	0	0	145	0	0	6	7	28	55	21	10	0	2	6	34	88
LT934125.1	+	125510	126151	NOV_TX_2953	1	83	0	0	0	0	18	0	0	0	7	13	0	4	0	0	108	0	0	0	1	0	0	16	189	0	1	5	0	0
LT934125.1	+	125549	126151	NOV_TX_2954	0	0	0	0	0	0	0	0	0	0	0	229	0	0	0	0	0	0	0	0	0	0	0	0	0	0	28	0	0	0
LT934125.1	+	125640	126151	NOV_TX_2957	3	170	0	1	1	0	0	0	0	0	3	0	0	2	0	0	124	0	0	0	0	219	0	26	0	0	0	0	0	0
LT934125.1	+	125708	126151	NOV_TX_2959	2	0	3	0	0	0	0	0	0	0	1	0	463	4	0	0	1152	0	0	0	2	0	0	10	0	0	0	0	0	0
LT934125.1	+	125729	126151	NOV_TX_2960	10	0	0	4	4	45	296	0	2	0	50	0	0	29	0	0	0	3	0	0	43	0	0	96	1451	0	0	0	448	0
LT934125.1	+	125784	126151	NOV_TX_2961	3	100	0	0	1	0	0	0	0	0	1	0	0	1	0	0	0	0	0	0	0	0	0	8	0	0	0	0	0	0
LT934125.1	+	125904	126151	NOV_TX_2966	2	1315	0	1	5	0	0	0	0	0	0	0	0	2	1	0	240	1	0	0	0	0	0	18	249	0	0	11	0	0
LT934125.1	+	125956	126151	NOV_TX_2968	2	515	1	4	2	0	0	124	0	0	4	73	46	4	0	0	1392	1	3	0	0	90	295	24	325	1	7	0	0	0
LT934125.1	+	125977	126151	NOV_TX_2969	0	0	2	1	8	57	0	107	0	0	2	0	31	1	0	1	0	0	0	12	46	120	0	6	0	0	12	120	0	0
LT934125.1	+	126006	126151	NOV_TX_2970	2	1248	1	3	3	2	400	93	1	0	1	1	37	1	0	0	80	3	2	0	31	93	0	8	912	2	15	7	396	770
LT934125.1	+	126038	126151	NOV_TX_2971	0	663	1	3	3	27	168	61	0	0	0	8	19	0	0	0	605	2	1	6	20	130	172	4	477	2	15	35	110	256
LT934125.1	+	126194	126462	NOV_TX_2973	0	1	0	0	0	0	3	1	0	0	0	0	0	0	0	0	0	0	0	0	0	0	0	0	0	0	0	0	0	0
LT934125.1	+	126816	127116	NOV_TX_2975	0	11	0	0	0	1	0	0	0	0	1	0	1	0	0	0	1	0	0	0	0	0	2	0	2	0	0	0	0	5
LT934125.1	+	126906	127116	NOV_TX_2981	0	2	0	0	0	1	3	1	0	0	0	0	0	0	0	0	15	0	0	0	0	0	1	0	1	0	0	0	2	8
LT934125.1	+	126935	127116	NOV_TX_2983	0	7	0	0	0	0	2	0	0	0	0	0	0	0	0	0	7	0	0	0	0	0	1	0	7	0	1	1	11	5
LT934125.1	+	126989	127116	NOV_TX_2988	0	7	0	0	0	0	1	1	0	0	0	0	0	0	0	0	2	0	0	0	0	0	1	0	1	0	0	0	2	2
LT934125.1	+	136158	136599	NOV_TX_2994	0	0	0	0	0	1	0	0	0	0	0	0	0	0	0	0	0	0	0	0	0	0	0	0	1	0	0	0	1	2
LT934125.1	+	136158	136688	NOV_TX_2993	0	16	0	0	0	4	3	12	0	0	0	0	0	0	0	0	23	0	0	0	1	8	2	0	47	11	15	9	30	75
LT934125.1	+	136158	141356	NOV_TX_2996	0	7	0	0	0	1	2	3	0	0	0	0	1	0	0	0	0	0	0	0	0	0	1	0	3	5	3	1	3	12
LT934125.1	+	136348	141356	NOV_TX_3001	0	19	0	0	0	0	3	2	0	0	0	0	2	1	0	0	1	0	0	0	0	0	0	2	2	0	0	2	12	27
LT934125.1	+	136437	141356	NOV_TX_3002	0	3	0	0	0	0	0	0	0	0	0	0	1	0	0	0	0	0	0	0	0	0	0	0	1	0	0	1	2	0
LT934125.1	+	136664	141356	NOV_TX_3006	0	1	0	0	0	0	1	0	0	0	0	0	0	0	0	0	0	0	0	0	0	0	0	1	0	0	0	1	4	3
LT934125.1	+	137013	141356	NOV_TX_3008	0	6	0	0	0	0	0	2	0	0	1	0	0	0	0	0	0	0	0	0	0	0	0	1	0	0	0	0	0	1
LT934125.1	+	137110	141356	NOV_TX_3010	0	3	0	0	0	0	2	0	0	0	0	0	0	0	0	0	3	0	0	0	2	0	0	0	2	0	0	2	2	7
LT934125.1	+	137186	141356	NOV_TX_3013	0	3	0	0	0	0	0	1	0	0	0	0	1	0	0	0	0	0	0	0	0	0	0	0	0	0	0	0	1	0
LT934125.1	+	138228	141356	NOV_TX_3023	0	1	0	0	0	0	0	1	0	0	0	0	1	0	0	0	0	0	0	0	0	0	0	0	2	0	0	0	0	0
LT934125.1	+	138364	141356	NOV_TX_3024	0	1	0	0	0	0	0	0	0	0	0	0	1	0	0	0	1	0	0	0	0	0	0	1	0	0	0	0	2	0
LT934125.1	+	138669	141356	NOV_TX_3025	0	2	0	0	0	0	1	0	0	0	0	0	1	0	0	0	1	0	0	0	0	0	1	0	0	0	0	0	3	6
LT934125.1	+	138882	141356	NOV_TX_3028	1	1	0	0	0	0	0	0	0	0	0	0	0	0	0	0	0	0	0	0	0	2	0	0	2	0	0	1	1	1
LT934125.1	+	139110	141356	NOV_TX_3030	0	1	0	0	0	0	0	1	0	0	0	0	0	0	0	0	0	0	0	0	0	0	0	0	1	0	0	1	0	1
LT934125.1	+	139165	141356	NOV_TX_3031	0	0	0	0	0	0	4	0	0	0	0	0	0	0	0	0	6	0	0	0	0	2	1	0	2	0	0	0	4	4
LT934125.1	+	139175	141356	NOV_TX_3032	0	7	0	0	0	0	0	0	0	0	0	0	0	0	0	0	0	0	0	0	0	0	0	0	0	0	0	0	1	0
LT934125.1	+	139481	141356	NOV_TX_3037	0	1	0	0	0	0	0	1	0	0	0	0	2	0	0	0	1	0	0	1	2	3	0	0	1	0	0	1	1	4
LT934125.1	+	139634	141356	NOV_TX_3041	0	0	0	0	0	0	1	1	0	0	0	0	0	0	0	0	0	0	0	0	0	0	0	0	1	0	1	0	3	1
LT934125.1	+	139763	141356	NOV_TX_3044	0	0	0	0	0	0	0	2	0	0	0	0	0	0	0	0	1	0	0	0	0	0	0	0	0	0	0	1	1	0
LT934125.1	+	139799	141356	NOV_TX_3045	1	12	0	0	0	0	2	0	0	0	0	0	0	0	0	0	1	0	0	0	0	0	0	3	0	0	1	2	2	0
LT934125.1	+	139828	141356	NOV_TX_3047	0	0	0	0	0	1	0	0	0	0	0	0	0	0	0	0	0	0	0	0	0	0	0	0	0	0	0	4	0	0
LT934125.1	+	139847	141356	NOV_TX_3048	0	3	0	0	0	0	2	2	0	0	0	0	0	0	0	0	0	0	0	0	0	0	0	0	2	0	0	0	2	1
LT934125.1	+	139932	141356	NOV_TX_3051	0	2	0	0	0	0	0	1	0	0	0	0	0	0	0	1	3	0	0	0	0	0	2	0	0	0	0	0	0	2
LT934125.1	+	139981	141356	NOV_TX_3052	0	11	0	0	0	0	1	9	0	0	0	2	6	0	0	0	6	0	0	0	1	3	1	2	4	1	0	3	10	12
LT934125.1	+	140033	141356	NOV_TX_3053	0	2	0	0	0	0	2	0	0	0	0	0	0	0	0	0	0	0	0	0	0	2	0	0	1	0	0	0	2	3
LT934125.1	+	140072	141356	NOV_TX_3055	0	4	0	0	0	0	0	0	0	0	0	0	3	0	0	0	1	0	0	0	0	0	0	0	0	0	0	0	0	0
LT934125.1	+	140103	141356	NOV_TX_3056	0	20	0	0	0	0	5	17	1	0	0	1	7	0	0	0	23	0	0	0	1	2	3	1	6	2	1	6	14	22
LT934125.1	+	140165	141356	NOV_TX_3057	0	2	0	0	0	1	3	0	0	0	0	1	0	0	0	0	1	0	0	0	0	1	2	1	0	0	0	1	1	0
LT934125.1	+	140222	141356	NOV_TX_3059	0	1	0	0	0	0	0	3	0	0	0	0	0	0	0	0	2	0	0	0	0	0	2	0	0	0	0	0	0	2
LT934125.1	+	140276	141356	NOV_TX_3060	0	0	0	0	0	0	8	0	0	0	0	0	0	0	0	0	0	0	0	0	0	7	0	0	0	0	0	0	0	0
LT934125.1	+	140322	141356	NOV_TX_3063	0	10	0	1	0	2	0	11	0	1	0	0	0	0	0	0	12	0	0	0	0	0	5	1	5	1	0	0	19	10
LT934125.1	+	140491	141356	NOV_TX_3067	0	3	0	0	0	0	3	3	0	0	0	0	1	0	0	0	4	0	0	1	0	1	2	0	2	0	0	0	2	3
LT934125.1	+	140543	141356	NOV_TX_3069	0	7	0	0	0	0	2	8	0	0	0	0	8	0	0	0	10	0	0	0	0	0	7	2	4	3	0	1	4	13
LT934125.1	+	140602	141356	NOV_TX_3071	0	0	0	0	0	0	0	48	0	0	0	0	0	0	0	0	0	0	0	0	6	0	20	0	0	0	0	0	39	0
LT934125.1	+	140619	141356	NOV_TX_3072	0	36	0	0	0	1	0	0	0	0	0	9	8	2	0	0	30	0	0	0	0	0	0	6	19	3	2	0	0	34
LT934125.1	+	140705	141356	NOV_TX_3077	0	0	0	0	0	0	0	208	0	0	0	0	69	0	0	0	0	0	0	0	0	0	0	0	0	0	0	46	0	0
LT934125.1	+	140732	141356	NOV_TX_3078	0	0	0	0	0	0	77	0	0	0	0	25	0	0	0	2	0	0	0	0	0	0	0	0	0	0	0	0	0	0
LT934125.1	+	140746	141356	NOV_TX_3079	1	233	3	0	1	4	0	0	0	0	0	0	0	1	0	0	200	2	2	1	17	0	61	3	105	0	23	0	0	0
LT934125.1	+	140788	141356	NOV_TX_3082	0	0	0	0	0	0	0	0	0	0	0	0	0	0	0	0	0	0	0	0	0	0	0	0	0	28	0	0	157	236
LT934125.1	+	140874	141356	NOV_TX_3084	0	8	0	0	0	0	2	0	0	1	0	4	2	0	0	2	11	0	0	1	0	1	0	1	5	6	2	4	5	11
LT934125.1	+	140944	141356	NOV_TX_3086	1	69	0	0	0	2	3	43	1	0	0	2	15	1	0	0	45	0	0	0	3	20	26	7	34	28	18	5	31	78
LT934125.1	+	140967	141356	NOV_TX_3087	0	48	0	0	0	1	1	6	1	0	1	2	6	4	0	0	19	0	0	0	1	5	6	9	25	7	5	0	23	27
LT934125.1	+	141034	141356	NOV_TX_3090	0	0	0	0	0	0	0	110	0	0	0	0	0	0	0	0	176	0	0	0	0	0	0	0	0	0	0	0	0	0
LT934125.1	+	141060	141356	NOV_TX_3091	0	0	1	0	0	12	0	0	1	0	3	28	0	3	0	0	0	0	5	1	37	141	0	5	30	0	0	16	0	614
LT934125.1	+	141090	141356	NOV_TX_3092	0	511	2	0	2	0	0	0	1	0	2	0	0	9	0	0	0	0	0	1	0	0	0	13	164	0	0	75	0	0
LT934125.1	+	141172	141356	NOV_TX_3095	0	0	0	0	0	0	0	0	0	0	0	0	0	0	0	0	370	8	0	0	0	0	0	0	0	0	0	0	0	0
LT934125.1	+	141260	141356	NOV_TX_3098	0	114	0	0	0	1	10	7	0	0	0	0	3	0	0	0	60	1	0	1	1	16	11	0	32	4	7	10	35	67
LT934125.1	-	2870	2778	NOV_TX_3101	0	0	0	0	0	0	243	0	0	0	0	0	0	0	0	0	0	0	0	0	0	249	0	0	0	0	0	0	0	0
LT934125.1	-	2911	2778	NOV_TX_3102	0	338	0	0	0	0	0	139	0	0	0	0	0	0	0	0	0	0	0	0	0	0	234	0	0	0	57	0	0	0
LT934125.1	-	2933	2778	NOV_TX_3103	1	0	2	5	2	0	0	0	0	1	2	9	18	0	0	1	0	1	0	9	0	0	0	12	246	2	0	0	0	0
LT934125.1	-	2975	2778	NOV_TX_3106	0	218	0	3	2	47	0	0	0	1	5	20	42	1	0	1	593	3	3	4	56	0	0	8	222	0	0	0	0	699
LT934125.1	-	3023	2778	NOV_TX_3108	0	0	0	0	0	0	53	0	0	0	0	0	0	0	0	0	0	0	0	0	0	34	0	0	0	0	0	0	0	0
LT934125.1	-	3041	2778	NOV_TX_3109	0	147	1	1	1	5	0	64	0	1	3	12	26	2	0	1	135	4	3	4	5	0	75	30	138	0	16	0	119	215
LT934125.1	-	3074	2778	NOV_TX_3110	0	43	0	0	0	2	9	10	2	0	3	2	7	0	0	0	25	1	0	3	1	14	8	2	32	0	0	10	36	24
LT934125.1	-	3094	2778	NOV_TX_3111	0	0	0	0	0	0	0	0	0	0	0	0	0	0	0	0	0	0	0	0	26	0	0	0	0	0	0	57	0	0
LT934125.1	-	3118	2778	NOV_TX_3112	0	16	0	0	0	0	0	0	0	0	1	0	0	5	0	0	0	1	12	0	0	0	0	3	0	0	0	0	0	0
LT934125.1	-	3141	2778	NOV_TX_3113	0	0	0	0	0	0	0	0	0	0	0	64	0	0	0	0	0	0	0	0	0	0	0	0	0	0	24	0	0	0
LT934125.1	-	3207	2778	NOV_TX_3115	4	146	3	1	1	0	0	256	1	2	8	0	0	3	0	2	192	1	0	6	0	0	0	28	0	1	0	62	0	0
LT934125.1	-	3251	2778	NOV_TX_3116	2	0	1	4	0	0	0	0	0	1	5	0	0	6	0	0	0	2	0	4	0	0	0	13	0	0	0	0	0	0
LT934125.1	-	3281	2778	NOV_TX_3117	0	0	1	0	0	0	0	0	0	0	0	0	0	0	0	0	0	0	0	0	0	0	0	2	0	0	0	3	0	0
LT934125.1	-	3305	2778	NOV_TX_3118	0	0	0	0	0	22	0	0	0	0	0	0	0	0	0	0	0	0	0	0	0	0	159	0	0	0	0	0	0	0
LT934125.1	-	3351	2778	NOV_TX_3119	0	206	1	1	1	4	135	28	0	1	4	3	8	4	0	0	253	0	1	1	0	120	17	16	463	0	2	27	390	578
LT934125.1	-	3398	2778	NOV_TX_3121	1	0	0	0	1	0	0	0	0	0	4	15	34	0	0	0	14	0	0	0	2	1	49	5	0	0	7	0	0	0
LT934125.1	-	3429	2778	NOV_TX_3122	0	0	0	0	0	12	0	0	0	4	0	0	0	0	0	0	69	0	0	0	0	0	0	0	0	0	0	23	0	0
LT934125.1	-	3446	2778	NOV_TX_3123	3	0	0	0	1	0	0	0	0	0	0	0	0	5	0	0	0	2	1	0	8	28	0	20	0	0	0	0	88	0
LT934125.1	-	3468	2778	NOV_TX_3124	0	0	0	0	0	0	0	0	0	0	0	0	0	0	0	0	0	0	0	3	0	0	0	0	0	0	0	0	0	140
LT934125.1	-	3490	2778	NOV_TX_3125	0	110	0	1	0	0	45	88	0	0	0	0	0	0	0	0	0	0	0	0	0	0	0	0	137	0	0	0	0	0
LT934125.1	-	3508	2778	NOV_TX_3126	0	7	0	0	0	0	0	0	0	0	1	1	9	3	0	1	30	0	0	0	1	10	0	3	12	0	1	1	7	22
LT934125.1	-	3544	2778	NOV_TX_3128	0	8	0	0	1	1	12	21	0	0	0	3	4	1	0	0	12	1	0	0	1	3	0	7	18	1	1	4	8	14
LT934125.1	-	3588	2778	NOV_TX_3129	0	4	0	0	0	0	0	2	0	0	0	0	0	0	0	0	1	1	0	0	0	3	1	1	2	0	1	0	2	3
LT934125.1	-	3640	2778	NOV_TX_3130	0	0	0	0	0	0	0	0	0	0	0	0	0	0	0	0	0	0	1	0	0	14	0	0	0	0	0	0	0	0
LT934125.1	-	3656	2778	NOV_TX_3131	0	0	0	0	0	0	0	0	0	0	0	0	0	0	0	0	0	0	0	0	0	0	9	0	0	0	0	3	30	0
LT934125.1	-	3685	2778	NOV_TX_3132	1	33	2	0	1	2	8	23	0	1	2	3	6	5	0	0	20	0	0	1	5	0	0	11	23	0	3	0	0	22
LT934125.1	-	3732	2778	NOV_TX_3133	2	12	0	1	0	2	6	11	0	0	0	1	2	1	0	0	3	0	0	0	1	1	6	8	9	0	0	3	12	13
LT934125.1	-	3753	2778	NOV_TX_3134	0	36	0	2	0	2	12	7	0	1	2	4	4	2	0	0	28	2	0	0	0	6	10	7	29	0	3	8	24	31
LT934125.1	-	3801	2778	NOV_TX_3137	0	28	1	0	0	0	0	22	0	0	0	0	6	0	0	1	17	2	0	1	0	8	12	17	21	0	2	0	27	29
LT934125.1	-	3842	2778	NOV_TX_3138	0	0	0	0	2	7	0	0	0	0	0	2	0	0	0	0	0	0	0	0	2	0	0	0	0	0	0	0	0	0
LT934125.1	-	3910	2778	NOV_TX_3139	10	254	16	10	18	101	162	349	1	9	14	59	213	30	0	15	166	8	17	39	37	129	159	114	109	6	100	81	243	373
LT934125.1	-	4003	2778	NOV_TX_3140	0	14	0	0	1	1	8	2	0	0	0	0	1	0	0	0	2	0	0	1	0	0	1	4	9	0	1	0	5	9
LT934125.1	-	4031	2778	NOV_TX_3141	0	1	0	0	0	0	0	0	0	0	0	0	0	0	0	0	0	0	0	0	0	0	3	0	2	0	0	0	0	0
LT934125.1	-	4080	2778	NOV_TX_3142	0	5	0	0	0	0	4	1	0	0	0	0	0	0	0	0	1	0	0	0	0	1	2	1	0	0	0	1	0	0
LT934125.1	-	4134	2778	NOV_TX_3144	0	6	0	0	0	0	0	2	0	0	0	0	0	0	0	0	0	0	0	0	0	0	0	0	0	0	0	0	0	1
LT934125.1	-	4194	2778	NOV_TX_3147	0	2	0	0	0	0	0	0	0	0	0	0	1	0	0	0	1	0	0	0	0	0	0	1	0	0	0	0	0	0
LT934125.1	-	4210	2778	NOV_TX_3148	0	2	0	0	0	3	2	3	0	0	0	0	0	0	0	0	0	0	0	0	2	0	0	1	0	0	0	0	5	2
LT934125.1	-	4416	2778	NOV_TX_3151	0	7	0	0	0	0	6	0	0	0	0	0	0	0	0	0	1	0	0	0	0	5	0	1	3	0	0	4	0	0
LT934125.1	-	4443	2778	NOV_TX_3152	0	0	0	0	0	3	0	0	0	0	0	0	0	0	0	0	2	0	0	0	0	0	0	0	5	0	0	0	0	2
LT934125.1	-	4458	2778	NOV_TX_3153	0	0	0	0	0	0	0	0	0	0	0	0	1	0	0	0	3	0	0	0	0	0	0	0	0	0	0	0	4	1
LT934125.1	-	4470	2778	NOV_TX_3154	0	9	0	0	0	0	0	4	0	0	0	0	0	0	0	0	0	0	0	0	0	0	5	0	0	0	0	0	0	0
LT934125.1	-	4539	2778	NOV_TX_3156	0	8	0	0	0	1	0	0	0	0	0	0	0	0	0	0	0	0	0	0	0	1	1	0	2	0	0	0	1	1
LT934125.1	-	4582	2778	NOV_TX_3157	0	2	0	0	0	0	2	1	0	0	0	0	0	0	0	0	0	0	0	0	0	0	0	0	1	0	0	0	0	0
LT934125.1	-	4660	2778	NOV_TX_3159	0	4	0	0	0	0	0	0	0	0	0	0	0	0	0	0	0	0	0	0	0	0	3	0	1	0	0	1	0	0
LT934125.1	-	4687	2778	NOV_TX_3160	0	2	0	0	0	1	1	5	0	0	0	0	0	0	0	0	0	0	0	1	0	0	0	2	1	0	0	2	0	1
LT934125.1	-	4732	2778	NOV_TX_3161	0	8	0	0	0	0	1	0	0	0	0	0	0	0	0	0	3	0	0	0	0	0	0	0	0	0	0	0	1	0
LT934125.1	-	4830	2778	NOV_TX_3163	0	14	0	0	0	0	1	5	0	0	0	1	3	0	0	0	4	0	0	0	1	0	1	1	5	0	0	0	1	3
LT934125.1	-	4848	2778	NOV_TX_3164	0	1	0	0	0	0	0	0	0	0	0	0	0	0	0	0	0	0	0	0	0	0	0	3	1	0	0	1	1	2
LT934125.1	-	4925	2778	NOV_TX_3166	4	96	0	2	2	7	17	38	0	0	2	6	6	7	0	0	37	0	0	3	2	4	19	75	100	0	1	8	32	107
LT934125.1	-	5066	2778	NOV_TX_3167	0	2	0	0	0	0	1	4	0	0	0	0	0	0	0	0	0	0	0	0	0	1	1	0	2	0	0	0	1	1
LT934125.1	-	7758	2778	NOV_TX_3173	0	4	0	0	0	1	1	2	0	0	0	0	1	0	0	0	0	0	0	0	0	0	2	0	0	0	0	0	0	4
LT934125.1	-	8578	8487	NOV_TX_3175	0	18	0	0	0	1	7	1	0	0	0	0	0	0	0	0	14	0	0	0	3	6	0	0	15	0	0	6	17	12
LT934125.1	-	8657	8487	NOV_TX_3177	0	20	0	0	0	1	8	2	0	1	0	0	1	1	0	0	18	0	1	0	0	5	10	1	11	0	11	6	9	15
LT934125.1	-	8722	8487	NOV_TX_3178	0	0	0	2	0	0	0	0	0	0	0	0	0	0	0	0	0	0	0	0	7	0	0	0	0	0	0	0	0	0
LT934125.1	-	8776	8487	NOV_TX_3181	0	22	0	0	0	3	0	0	0	1	0	7	0	3	0	1	31	2	0	1	0	13	0	5	29	0	0	13	35	27
LT934125.1	-	8808	8487	NOV_TX_3182	0	0	0	0	0	0	0	32	0	0	0	0	0	0	0	0	0	0	0	0	0	0	0	0	0	0	2	0	0	0
LT934125.1	-	8848	8487	NOV_TX_3183	0	3	0	0	0	0	0	0	0	0	0	0	13	0	0	0	1	0	0	0	0	0	0	0	0	0	0	0	0	2
LT934125.1	-	8900	8487	NOV_TX_3184	0	8	0	0	1	0	1	7	0	0	0	4	4	0	0	0	12	0	0	0	4	3	3	1	8	0	0	7	10	3
LT934125.1	-	8944	8487	NOV_TX_3185	0	9	0	0	1	0	6	19	0	1	4	2	11	0	0	0	10	0	1	0	3	3	2	2	12	0	0	8	6	4
LT934125.1	-	8965	8487	NOV_TX_3186	1	9	0	0	0	1	0	1	0	0	0	2	0	0	0	0	0	0	0	0	0	1	2	1	2	0	0	1	4	3
LT934125.1	-	8997	8487	NOV_TX_3187	0	25	1	0	1	4	5	40	0	0	1	9	11	0	0	0	25	0	0	0	8	19	12	1	20	0	1	8	16	16
LT934125.1	-	9058	8487	NOV_TX_3189	0	53	1	1	2	3	19	37	0	0	8	9	12	2	0	1	52	0	1	2	6	22	18	8	63	0	4	0	30	40
LT934125.1	-	9094	8487	NOV_TX_3190	0	23	0	0	0	2	10	23	1	1	1	4	9	1	0	0	33	0	0	1	2	9	9	7	14	0	3	8	17	11
LT934125.1	-	9126	8487	NOV_TX_3191	0	0	0	0	0	0	0	0	0	0	0	0	0	0	0	0	0	0	1	0	0	47	48	0	0	0	0	0	0	0
LT934125.1	-	9145	8487	NOV_TX_3192	0	27	1	0	0	0	57	111	0	0	2	5	6	2	0	0	16	0	0	0	4	0	0	6	25	0	0	0	25	20
LT934125.1	-	9173	8487	NOV_TX_3194	2	100	2	0	4	0	0	0	1	7	21	31	36	1	0	1	142	1	0	3	12	0	0	3	86	0	11	52	107	118
LT934125.1	-	9214	8487	NOV_TX_3196	1	27	1	1	0	3	9	44	0	0	1	4	15	1	0	0	57	0	0	0	1	24	13	3	169	0	3	13	24	37
LT934125.1	-	9270	8487	NOV_TX_3197	2	33	1	0	2	0	24	46	0	2	5	7	13	3	0	0	35	1	1	3	1	11	11	7	32	0	2	18	41	50
LT934125.1	-	9330	8487	NOV_TX_3198	0	0	0	0	0	0	10	13	0	0	0	0	7	0	0	0	0	0	0	0	0	0	0	0	0	0	0	0	15	0
LT934125.1	-	9352	8487	NOV_TX_3199	0	2	0	0	0	0	0	0	0	0	0	0	0	0	0	0	0	0	0	0	1	0	3	3	0	0	1	7	0	5
LT934125.1	-	9370	8487	NOV_TX_3200	0	9	0	0	0	0	0	0	0	0	0	2	0	0	0	0	9	0	0	0	1	5	3	4	16	0	0	0	0	4
LT934125.1	-	9404	8487	NOV_TX_3201	0	0	0	0	0	0	0	0	0	0	0	0	0	0	0	0	0	0	0	0	2	0	0	0	0	0	0	21	0	0
LT934125.1	-	9424	8487	NOV_TX_3202	0	22	0	1	1	4	14	10	0	0	0	2	1	0	0	0	16	0	1	0	0	6	12	11	14	0	0	0	13	16
LT934125.1	-	9494	8487	NOV_TX_3205	4	503	12	23	20	128	252	835	7	17	38	73	223	4	0	11	324	8	19	35	102	207	126	55	437	1	99	165	461	669
LT934125.1	-	9494	9270	NOV_TX_3204	0	0	0	0	0	0	2	0	0	0	0	0	0	0	0	0	0	0	0	0	0	0	0	0	3	0	0	0	1	3
LT934125.1	-	9590	8487	NOV_TX_3206	0	9	0	0	0	3	9	5	0	0	0	0	5	0	0	0	12	0	0	0	1	7	0	2	33	0	0	1	3	11
LT934125.1	-	9885	8487	NOV_TX_3213	0	0	0	0	0	0	2	0	0	0	0	0	1	0	0	0	1	0	0	0	0	0	0	0	0	0	0	0	1	0
LT934125.1	-	16728	16581	NOV_TX_3222	0	0	0	0	10	0	0	0	0	0	0	0	0	0	0	0	0	0	0	15	0	0	0	0	0	0	0	0	0	0
LT934125.1	-	16779	16581	NOV_TX_3225	1	283	0	0	0	0	0	0	0	0	0	0	0	4	0	0	0	0	0	0	0	0	0	21	0	0	0	0	0	0
LT934125.1	-	16791	16581	NOV_TX_3226	0	0	0	0	0	64	0	0	0	0	0	0	0	0	0	0	0	0	0	0	0	0	0	0	0	0	0	115	0	0
LT934125.1	-	16814	16581	NOV_TX_3227	4	0	0	1	0	0	0	0	0	0	0	0	0	4	0	0	2035	0	0	0	63	0	0	24	0	1	0	0	0	0
LT934125.1	-	16853	16581	NOV_TX_3228	10	152	2	2	0	0	0	0	1	0	14	77	0	11	0	0	0	1	0	0	0	0	0	98	0	0	42	0	0	0
LT934125.1	-	16893	16581	NOV_TX_3230	3	122	0	0	0	0	0	0	0	1	0	0	0	6	0	0	0	0	0	0	0	0	0	36	0	0	0	0	0	0
LT934125.1	-	16928	16581	NOV_TX_3231	0	0	0	0	0	0	0	0	0	0	0	0	0	0	0	0	0	0	9	0	0	0	0	0	4222	0	0	17	792	0
LT934125.1	-	16949	16581	NOV_TX_3232	3	1485	0	0	0	0	0	0	0	0	0	0	0	13	0	0	0	0	0	0	0	0	571	38	0	0	0	0	0	2394
LT934125.1	-	16970	16581	NOV_TX_3233	0	0	0	0	0	0	0	0	0	0	0	0	165	0	0	2	0	0	0	0	0	0	0	0	0	0	0	0	0	0
LT934125.1	-	17024	16581	NOV_TX_3235	1	466	2	1	0	0	0	0	1	1	0	0	0	7	0	0	660	0	0	0	0	0	0	36	0	0	0	0	0	0
LT934125.1	-	17059	16581	NOV_TX_3236	3	0	2	0	0	5	0	413	0	0	0	0	30	9	0	0	0	1	0	5	0	15	0	28	0	0	0	0	0	0
LT934125.1	-	17086	16581	NOV_TX_3237	1	0	0	2	0	1	0	0	0	0	0	0	0	3	0	0	78	0	4	0	0	3	0	25	0	0	0	21	0	0
LT934125.1	-	17112	16581	NOV_TX_3238	4	114	0	0	0	0	0	0	0	0	0	0	0	3	0	0	0	0	0	0	0	9	0	49	0	0	0	0	0	379
LT934125.1	-	17132	16581	NOV_TX_3239	2	0	1	0	0	2	67	0	0	0	6	0	0	9	0	0	367	0	0	0	21	11	109	55	715	0	10	0	121	0
LT934125.1	-	17159	16581	NOV_TX_3241	1	272	0	0	0	3	0	0	0	1	0	0	0	6	0	0	96	0	0	0	0	7	0	23	0	0	0	0	0	0
LT934125.1	-	17257	16581	NOV_TX_3244	2	272	0	0	0	0	0	0	0	0	0	0	0	1	0	0	333	1	0	0	14	0	0	29	0	0	0	0	0	0
LT934125.1	-	17289	16581	NOV_TX_3245	0	0	0	0	0	0	0	0	0	0	0	0	0	2	0	0	0	0	0	0	0	0	0	2	0	0	0	4	0	0
LT934125.1	-	17326	16581	NOV_TX_3246	5	0	2	0	0	0	0	0	0	0	0	0	0	5	0	0	0	0	0	0	0	0	0	26	0	0	0	0	0	0
LT934125.1	-	17341	16581	NOV_TX_3247	0	538	0	0	1	26	145	351	0	0	7	21	74	3	0	0	524	0	3	0	16	92	200	12	1416	0	0	47	332	870
LT934125.1	-	17376	16581	NOV_TX_3249	0	0	0	0	0	0	0	0	0	0	0	0	0	2	0	0	0	0	0	0	0	0	0	6	0	0	0	14	0	0
LT934125.1	-	17407	16581	NOV_TX_3250	0	1	0	1	0	2	0	1	0	0	0	0	0	0	0	0	1	0	0	0	0	0	0	2	3	0	0	0	1	2
LT934125.1	-	17457	16581	NOV_TX_3251	6	258	1	0	3	8	48	0	0	1	2	12	0	14	0	0	276	1	0	1	16	55	61	83	395	0	2	14	100	248
LT934125.1	-	17486	16581	NOV_TX_3252	0	0	0	0	0	0	0	163	0	0	0	0	40	0	0	0	0	0	0	0	0	0	0	0	0	0	0	0	0	0
LT934125.1	-	17497	16581	NOV_TX_3253	0	49	0	0	0	0	0	0	0	0	0	0	0	0	0	1	0	0	0	0	0	0	0	0	0	0	0	0	0	0
LT934125.1	-	17509	16581	NOV_TX_3254	0	0	0	0	0	0	0	1	0	0	1	0	0	5	0	0	0	0	0	0	0	0	0	38	89	0	3	5	0	2
LT934125.1	-	17530	16581	NOV_TX_3255	0	0	0	0	0	0	32	0	0	0	0	0	0	0	0	0	0	0	0	0	0	0	0	0	0	0	0	3	0	0
LT934125.1	-	17552	16581	NOV_TX_3256	0	65	0	0	0	7	0	64	0	0	0	3	8	6	0	0	144	0	1	3	2	4	49	22	0	0	0	0	55	148
LT934125.1	-	17585	16581	NOV_TX_3257	0	0	0	0	0	0	0	0	0	0	0	0	0	0	0	0	0	0	0	0	2	0	0	0	238	0	1	0	0	0
LT934125.1	-	17599	16581	NOV_TX_3258	3	104	0	0	0	0	4	1	0	0	0	0	3	4	0	0	0	0	0	0	0	7	0	22	0	0	1	0	1	0
LT934125.1	-	17620	16581	NOV_TX_3259	1	20	0	1	1	4	16	21	0	0	0	1	5	3	0	0	0	0	0	0	0	6	0	23	0	0	1	5	27	62
LT934125.1	-	17636	16581	NOV_TX_3260	0	0	0	0	0	0	0	0	0	0	0	0	0	0	0	0	75	0	0	0	0	0	32	0	130	0	0	0	0	0
LT934125.1	-	17670	16581	NOV_TX_3261	9	42	0	0	0	3	7	0	0	0	0	4	5	8	0	0	64	0	0	0	1	10	0	43	130	0	1	1	16	99
LT934125.1	-	17688	16581	NOV_TX_3262	0	54	0	0	0	0	0	31	0	0	0	0	0	0	0	0	0	0	0	0	4	0	13	0	0	0	0	0	0	0
LT934125.1	-	17723	16581	NOV_TX_3263	0	0	0	0	0	16	113	279	0	0	0	0	41	0	0	0	0	0	0	0	0	0	150	0	0	0	0	0	140	0
LT934125.1	-	17738	16581	NOV_TX_3264	1	49	0	0	0	0	0	0	0	0	0	0	0	1	0	0	0	0	0	0	1	0	0	19	0	0	0	1	0	0
LT934125.1	-	17751	16581	NOV_TX_3265	2	0	0	1	6	0	0	0	0	0	0	10	0	7	0	0	0	0	0	1	4	0	0	26	0	0	4	5	0	0
LT934125.1	-	17767	16581	NOV_TX_3266	0	0	0	0	0	0	0	0	0	0	3	0	0	0	0	0	0	0	3	0	0	52	0	0	0	0	0	0	0	0
LT934125.1	-	17792	16581	NOV_TX_3267	5	286	0	0	0	0	0	0	0	0	0	0	0	10	0	0	603	0	0	1	0	0	0	30	939	0	0	8	0	673
LT934125.1	-	17811	16581	NOV_TX_3268	1	322	0	1	0	0	0	0	0	0	0	0	0	2	0	0	0	0	0	3	1	0	0	15	0	1	5	4	0	0
LT934125.1	-	17844	16581	NOV_TX_3269	1	4	0	0	0	0	1	2	0	0	0	0	0	0	0	0	2	0	0	0	0	1	0	11	97	0	0	1	1	5
LT934125.1	-	17871	16581	NOV_TX_3270	1	19	0	0	0	3	1	19	0	0	0	1	0	2	0	0	21	0	0	0	0	4	5	13	67	0	0	2	9	29
LT934125.1	-	17951	16581	NOV_TX_3273	0	0	0	0	4	0	0	0	0	0	0	0	0	0	0	0	0	0	0	0	1	0	0	0	0	0	0	0	0	0
LT934125.1	-	17981	16581	NOV_TX_3275	4	35	1	1	0	7	6	26	0	0	1	2	3	4	0	0	33	0	3	0	0	9	9	21	62	0	0	1	10	33
LT934125.1	-	18020	16581	NOV_TX_3276	1	104	0	0	0	0	34	3	0	0	1	0	4	3	0	0	1	2	0	1	3	1	3	13	10	0	1	1	0	3
LT934125.1	-	18067	16581	NOV_TX_3277	0	0	0	0	0	0	0	0	0	0	0	0	0	0	0	0	0	0	0	0	0	17	38	0	0	0	0	0	0	0
LT934125.1	-	18086	16581	NOV_TX_3278	1	0	0	1	0	0	0	0	0	0	0	8	15	3	0	0	0	0	1	0	0	0	0	17	0	0	0	8	0	0
LT934125.1	-	18107	16581	NOV_TX_3279	1	86	0	0	0	0	0	0	1	0	0	0	9	3	0	0	0	0	0	0	0	0	0	10	272	0	0	1	51	146
LT934125.1	-	18161	16581	NOV_TX_3281	0	0	0	0	0	0	0	84	0	0	0	0	0	0	0	0	171	0	0	0	0	0	0	0	0	0	0	0	0	0
LT934125.1	-	18209	16581	NOV_TX_3283	0	38	0	1	1	4	6	18	0	0	0	1	3	3	0	0	38	0	0	1	0	0	11	21	47	0	0	0	10	0
LT934125.1	-	18234	16581	NOV_TX_3285	0	0	0	0	0	0	0	0	0	0	0	0	0	0	0	0	0	0	0	0	0	11	0	0	0	0	0	3	0	28
LT934125.1	-	18270	16581	NOV_TX_3286	1	55	0	0	0	0	9	15	0	0	0	0	7	3	0	0	47	0	0	0	1	9	7	24	86	0	4	1	13	37
LT934125.1	-	18325	16581	NOV_TX_3287	0	0	0	0	0	0	0	114	0	0	0	0	0	0	0	0	0	0	0	0	1	0	0	0	0	0	0	0	0	0
LT934125.1	-	18372	16581	NOV_TX_3290	0	0	0	0	0	10	0	0	0	0	0	0	0	0	0	0	0	0	0	0	0	0	0	0	0	0	0	0	0	249
LT934125.1	-	18391	16581	NOV_TX_3291	3	0	0	0	3	0	0	0	0	1	0	3	26	4	0	0	0	0	0	0	0	0	0	26	0	0	2	0	0	0
LT934125.1	-	18422	16581	NOV_TX_3292	2	248	0	0	0	0	0	0	0	0	0	0	5	6	0	0	199	0	0	0	1	0	0	20	361	0	0	8	41	0
LT934125.1	-	18464	16581	NOV_TX_3293	0	0	0	0	0	0	0	0	0	0	0	0	0	0	0	0	0	0	0	2	0	0	103	0	0	0	0	0	0	0
LT934125.1	-	18523	16581	NOV_TX_3294	0	0	0	0	0	0	0	0	0	0	0	0	12	0	0	0	0	0	0	0	2	4	10	0	0	0	0	2	0	0
LT934125.1	-	18543	16581	NOV_TX_3295	3	39	0	1	0	4	13	0	0	0	1	0	0	3	0	0	19	0	0	0	0	0	0	21	0	0	0	0	5	0
LT934125.1	-	18564	16581	NOV_TX_3296	0	0	0	0	0	0	0	24	0	0	0	2	0	0	0	0	0	0	0	0	0	0	0	0	73	0	0	0	0	40
LT934125.1	-	18600	16581	NOV_TX_3297	0	28	0	0	1	0	3	5	0	0	0	1	1	0	0	0	14	0	0	1	0	0	4	2	29	0	0	0	3	13
LT934125.1	-	18660	16581	NOV_TX_3298	0	5	0	0	0	0	3	10	0	0	0	0	0	0	0	0	13	0	0	0	0	5	0	3	0	0	0	0	0	0
LT934125.1	-	18684	16581	NOV_TX_3299	1	0	0	0	0	0	0	0	0	0	0	0	0	0	0	0	1	0	0	0	0	0	4	5	24	0	0	0	0	14
LT934125.1	-	18708	16581	NOV_TX_3300	0	14	0	0	0	0	0	3	0	0	0	0	1	3	0	0	0	0	0	0	0	0	0	6	11	0	0	0	2	3
LT934125.1	-	18725	16581	NOV_TX_3301	0	0	0	0	0	0	0	0	0	0	0	0	0	0	0	0	11	0	0	0	0	4	0	0	0	0	0	0	0	0
LT934125.1	-	18752	16581	NOV_TX_3304	0	0	0	0	0	0	0	0	0	0	0	1	0	0	0	0	0	0	0	0	0	0	0	0	20	0	0	0	0	0
LT934125.1	-	18778	16581	NOV_TX_3306	1	8	0	0	0	0	2	5	0	0	0	0	0	0	0	0	8	0	0	0	0	0	6	4	0	0	0	0	1	0
LT934125.1	-	18814	16581	NOV_TX_3309	2	8	0	0	0	0	0	6	0	0	0	0	3	1	0	0	2	0	0	0	3	0	0	10	25	0	0	1	1	18
LT934125.1	-	18859	16581	NOV_TX_3311	1	4	0	0	0	0	18	0	0	0	0	0	0	0	0	0	0	0	0	0	0	7	0	6	18	0	0	0	0	0
LT934125.1	-	18883	16581	NOV_TX_3313	0	10	0	0	0	0	0	0	0	0	0	1	8	1	0	0	2	0	0	0	0	0	50	8	22	0	0	0	1	0
LT934125.1	-	18904	16581	NOV_TX_3314	2	89	2	0	1	7	0	63	0	0	0	2	0	1	0	0	85	0	0	0	1	0	0	17	145	0	0	2	14	109
LT934125.1	-	18964	16581	NOV_TX_3316	0	26	0	0	1	0	2	17	0	0	0	0	1	4	0	0	20	1	0	0	3	2	8	12	56	0	0	1	6	27
LT934125.1	-	19013	16581	NOV_TX_3318	0	10	0	0	1	1	0	6	0	0	0	0	2	1	0	1	5	0	0	0	0	0	2	5	15	0	0	1	1	6
LT934125.1	-	19058	16581	NOV_TX_3319	0	1	0	0	0	0	0	0	0	0	0	0	0	0	0	0	0	0	0	0	0	2	0	3	8	0	0	1	0	0
LT934125.1	-	19114	16581	NOV_TX_3321	2	10	0	0	0	0	0	1	0	0	0	0	0	4	0	0	0	0	0	0	0	0	0	12	9	0	0	0	0	3
LT934125.1	-	19130	16581	NOV_TX_3322	1	0	0	0	0	0	0	0	0	0	0	0	2	0	0	0	0	0	0	0	0	0	0	2	1	0	0	0	0	1
LT934125.1	-	19157	16581	NOV_TX_3323	0	3	0	0	0	1	0	0	0	0	0	0	0	0	0	0	0	0	0	0	0	2	0	1	1	0	0	0	4	0
LT934125.1	-	19184	16581	NOV_TX_3324	0	8	0	0	0	0	0	4	0	0	0	0	2	0	0	0	2	0	0	0	0	0	1	4	11	0	1	0	1	1
LT934125.1	-	19293	16581	NOV_TX_3325	0	1	0	0	0	1	0	1	0	0	0	0	0	0	0	0	0	0	0	0	0	0	1	1	0	0	0	0	0	1
LT934125.1	-	19320	16581	NOV_TX_3326	0	16	0	0	0	0	2	0	0	0	0	0	0	3	0	0	8	0	0	0	0	0	0	9	9	0	0	0	0	12
LT934125.1	-	19345	16581	NOV_TX_3327	0	4	0	0	0	1	1	13	0	0	0	0	1	3	0	0	1	0	0	0	0	2	3	3	8	0	0	0	0	0
LT934125.1	-	19380	16581	NOV_TX_3328	0	8	0	0	0	0	0	2	0	0	0	0	0	2	0	0	5	0	0	0	0	1	0	11	20	0	0	0	0	2
LT934125.1	-	19420	16581	NOV_TX_3330	4	61	0	0	0	1	6	11	1	0	0	1	1	7	0	0	17	0	0	0	1	3	3	28	40	0	0	11	14	12
LT934125.1	-	19473	16581	NOV_TX_3331	2	854	7	4	37	176	112	861	1	3	5	14	173	51	0	2	440	4	2	15	62	176	259	452	4346	0	14	23	346	1949
LT934125.1	-	19473	18040	NOV_TX_3332	0	3	0	0	0	0	0	1	0	0	0	0	0	0	0	0	10	0	0	0	0	1	0	0	17	0	0	0	2	7
LT934125.1	-	19473	18580	NOV_TX_3337	0	0	0	0	0	0	0	0	0	0	0	0	0	0	0	0	0	0	0	0	0	0	3	0	31	0	0	0	0	0
LT934125.1	-	19473	18582	NOV_TX_3335	0	0	0	0	0	1	0	0	0	0	0	0	0	0	0	0	0	0	0	0	1	0	0	0	0	0	0	0	1	12
LT934125.1	-	19473	18584	NOV_TX_3333	0	10	0	0	0	0	0	0	0	0	0	0	0	0	0	0	18	0	0	0	0	0	0	0	0	0	0	0	0	0
LT934125.1	-	19526	16581	NOV_TX_3338	0	2	0	0	0	2	0	1	0	0	0	0	0	0	0	0	0	0	0	0	0	1	0	0	0	0	0	0	1	6
LT934125.1	-	19624	16581	NOV_TX_3339	0	3	0	0	1	0	0	3	0	0	0	0	2	0	0	0	1	0	0	0	1	1	1	0	0	0	0	0	0	3
LT934125.1	-	19922	16581	NOV_TX_3340	0	4	0	0	0	1	0	0	0	0	0	0	0	0	0	0	0	0	0	0	0	0	0	0	0	0	0	0	0	1
LT934125.1	-	21472	16581	NOV_TX_3346	0	3	0	0	1	1	0	5	0	0	0	0	3	0	0	0	2	0	0	0	0	0	1	0	1	0	0	0	2	6
LT934125.1	-	21600	21477	NOV_TX_3347	0	540	2	4	2	13	173	46	0	2	0	1	6	2	0	1	269	5	2	10	27	91	98	0	143	0	38	124	250	471
LT934125.1	-	21635	21477	NOV_TX_3349	0	1184	6	9	8	38	363	156	0	5	9	22	78	1	0	3	963	7	13	32	62	252	429	0	550	0	129	344	677	1607
LT934125.1	-	21674	21477	NOV_TX_3351	0	274	1	2	1	9	0	0	0	4	0	0	0	1	0	0	181	5	0	0	0	92	0	7	115	0	1	63	309	2
LT934125.1	-	21698	21477	NOV_TX_3353	0	144	0	0	0	2	0	195	0	0	17	0	0	3	0	3	173	2	12	13	0	0	165	5	50	0	0	73	0	0
LT934125.1	-	21722	21477	NOV_TX_3355	0	0	0	0	0	0	0	0	0	0	0	0	0	0	0	0	0	0	0	0	0	0	0	0	0	0	74	0	0	687
LT934125.1	-	21746	21477	NOV_TX_3356	0	80	1	0	1	3	154	0	0	0	0	29	73	1	0	0	0	0	0	0	25	0	0	2	23	0	0	9	0	0
LT934125.1	-	21807	21477	NOV_TX_3357	0	98	1	0	0	4	0	0	0	4	0	0	0	2	0	0	94	1	0	0	2	0	0	7	36	0	0	0	0	0
LT934125.1	-	21875	21477	NOV_TX_3360	0	0	0	0	0	0	0	0	0	0	0	0	0	0	0	0	0	0	5	3	0	0	0	0	0	0	0	0	0	0
LT934125.1	-	21922	21477	NOV_TX_3362	1	0	0	3	0	0	0	0	0	0	0	0	0	1	0	0	0	0	0	0	0	0	0	12	0	0	0	0	0	0
LT934125.1	-	21941	21477	NOV_TX_3364	1	135	0	0	3	11	67	289	0	2	5	21	52	6	0	0	296	0	0	0	48	127	105	17	161	0	0	50	124	173
LT934125.1	-	21974	21477	NOV_TX_3367	0	0	0	0	0	0	2	0	0	0	0	0	0	0	0	0	1	1	0	0	0	0	0	0	0	0	0	0	1	0
LT934125.1	-	22010	21477	NOV_TX_3368	1	44	0	1	0	1	0	0	0	0	0	4	22	2	0	0	0	0	3	0	0	0	0	6	22	0	4	23	28	56
LT934125.1	-	22025	21477	NOV_TX_3369	0	0	0	0	0	0	0	55	0	0	0	0	0	0	0	0	0	0	0	0	0	0	27	0	0	0	0	0	0	0
LT934125.1	-	22042	21477	NOV_TX_3370	2	30	0	0	0	1	0	0	0	0	0	1	0	3	1	1	0	1	0	1	0	20	0	4	9	0	6	0	16	25
LT934125.1	-	22062	21477	NOV_TX_3371	0	0	0	0	0	0	16	0	0	0	1	0	0	0	0	0	57	0	0	0	10	0	0	0	0	0	0	7	0	0
LT934125.1	-	22125	21477	NOV_TX_3372	0	19	0	0	2	1	0	1	0	1	1	1	0	0	0	0	9	0	1	0	0	0	22	5	11	0	0	3	50	0
LT934125.1	-	22145	21477	NOV_TX_3373	0	0	0	0	0	0	26	0	0	0	0	0	0	0	0	0	0	0	0	0	0	0	0	0	0	0	0	6	0	0
LT934125.1	-	22187	21477	NOV_TX_3375	2	82	2	1	0	0	0	64	0	0	1	5	0	2	0	1	40	2	1	2	0	0	0	8	37	0	18	13	0	110
LT934125.1	-	22218	21477	NOV_TX_3376	0	0	0	0	0	0	0	0	0	0	0	0	18	0	0	0	0	0	0	0	8	14	0	0	0	0	0	0	0	0
LT934125.1	-	22259	21477	NOV_TX_3378	0	27	0	1	0	1	3	29	0	0	0	1	5	0	0	1	18	1	0	2	0	0	4	3	14	0	1	0	0	36
LT934125.1	-	22282	21477	NOV_TX_3379	0	0	2	0	0	0	0	0	0	0	0	0	0	0	0	0	0	0	0	0	2	4	0	0	0	0	0	9	14	0
LT934125.1	-	22310	21477	NOV_TX_3380	0	3	1	0	0	0	1	2	0	0	0	0	0	0	0	0	2	0	0	0	0	0	6	1	1	0	0	0	0	3
LT934125.1	-	22340	21477	NOV_TX_3381	0	0	0	0	0	0	0	0	0	0	0	0	0	1	0	1	0	0	2	0	0	0	0	0	0	0	0	1	0	0
LT934125.1	-	22378	21477	NOV_TX_3383	3	41	0	0	5	0	26	47	0	0	0	1	12	1	0	1	47	0	0	1	8	0	28	3	55	0	0	0	0	73
LT934125.1	-	22397	21477	NOV_TX_3384	0	0	0	0	0	0	0	0	0	0	1	0	0	2	0	0	0	0	0	0	0	0	0	2	0	0	12	0	0	0
LT934125.1	-	22461	21477	NOV_TX_3387	0	76	1	0	0	14	0	0	0	0	2	0	0	0	0	0	0	0	0	0	0	27	0	2	21	0	0	6	53	0
LT934125.1	-	22512	21477	NOV_TX_3389	0	0	0	0	1	0	2	5	0	0	0	0	1	0	0	0	2	0	1	0	0	3	0	0	0	0	0	0	3	2
LT934125.1	-	22552	21477	NOV_TX_3390	0	12	0	0	0	1	4	6	0	0	0	1	2	1	0	0	7	0	2	0	0	6	6	3	2	0	2	2	2	3
LT934125.1	-	22609	21477	NOV_TX_3391	2	46	0	0	0	7	15	22	0	0	1	1	18	1	0	1	0	0	0	0	3	3	11	3	6	0	2	11	13	0
LT934125.1	-	22631	21477	NOV_TX_3394	0	0	0	0	1	0	0	0	0	0	0	0	0	0	0	0	19	0	0	0	0	0	0	0	0	0	0	0	0	31
LT934125.1	-	22660	21477	NOV_TX_3395	0	11	0	0	0	0	1	0	0	0	0	0	0	0	0	0	0	0	0	0	0	3	0	0	0	0	0	1	2	0
LT934125.1	-	22701	21477	NOV_TX_3396	1	16	1	0	0	1	3	4	0	0	0	0	4	0	0	0	10	0	0	0	1	1	4	1	3	0	3	1	3	11
LT934125.1	-	22789	21477	NOV_TX_3398	0	5	0	0	0	1	3	1	0	0	0	0	3	0	0	0	3	0	0	0	0	4	3	1	2	0	0	2	0	2
LT934125.1	-	22885	21477	NOV_TX_3400	0	18	0	0	0	1	2	8	0	0	0	1	7	0	0	0	7	0	0	1	0	1	9	3	3	0	4	3	8	20
LT934125.1	-	22924	21477	NOV_TX_3401	0	7	0	0	0	4	0	1	0	0	0	0	0	0	0	0	0	0	0	0	0	0	1	1	1	0	0	1	0	1
LT934125.1	-	22978	21477	NOV_TX_3402	0	14	1	0	1	2	0	5	0	0	0	0	6	0	0	0	10	0	0	0	0	0	3	2	3	0	4	4	7	15
LT934125.1	-	23014	21477	NOV_TX_3403	0	0	0	0	0	0	7	0	0	0	0	0	0	0	0	0	0	0	1	1	0	3	0	0	0	0	0	0	0	0
LT934125.1	-	23094	21477	NOV_TX_3405	0	3	0	0	0	0	0	0	0	0	0	0	0	0	0	0	0	0	0	0	0	0	0	1	0	0	0	0	0	2
LT934125.1	-	23147	21477	NOV_TX_3407	0	4	0	0	1	0	0	8	0	0	0	0	0	0	0	0	4	0	0	0	0	0	5	0	1	0	0	0	0	4
LT934125.1	-	23258	21477	NOV_TX_3409	0	2	0	0	0	0	1	3	0	0	0	0	0	0	0	0	0	1	0	0	0	0	1	0	0	0	0	0	1	0
LT934125.1	-	23428	21477	NOV_TX_3411	0	0	0	0	0	0	0	1	0	0	0	0	0	0	0	0	0	0	0	0	1	0	0	2	0	0	0	1	0	1
LT934125.1	-	23520	21477	NOV_TX_3416	0	1	0	0	0	0	0	0	0	0	0	0	0	0	0	0	1	0	0	0	0	0	0	0	0	0	2	0	0	1
LT934125.1	-	23560	21477	NOV_TX_3418	0	3	0	0	0	0	0	0	0	0	0	0	0	0	0	0	1	0	0	1	0	0	0	0	0	0	0	0	1	0
LT934125.1	-	23861	21477	NOV_TX_3424	0	3	0	0	0	0	4	0	0	0	0	0	0	0	0	0	0	0	0	0	0	0	0	0	0	0	0	0	0	1
LT934125.1	-	23944	21477	NOV_TX_3425	0	0	0	0	0	0	0	0	0	0	0	0	0	2	0	0	0	0	0	0	1	1	0	0	0	0	0	0	0	1
LT934125.1	-	23976	21477	NOV_TX_3426	0	8	0	0	0	0	0	1	0	0	0	0	1	0	0	0	1	0	0	0	0	0	2	0	0	0	0	0	1	1
LT934125.1	-	24146	21477	NOV_TX_3429	0	5	0	0	0	0	1	1	0	0	0	0	0	0	0	0	0	0	0	0	0	0	0	0	0	0	1	0	0	1
LT934125.1	-	24704	21477	NOV_TX_3436	0	3	0	0	0	0	0	0	0	0	0	0	0	0	0	0	0	0	0	0	0	0	0	0	1	0	1	2	0	2
LT934125.1	-	25232	21477	NOV_TX_3442	0	22	0	0	1	2	2	4	0	0	0	0	8	0	0	0	1	0	0	0	1	0	4	4	7	0	0	1	4	13
LT934125.1	-	25313	21477	NOV_TX_3444	0	76	2	3	1	14	19	110	0	2	4	5	97	3	0	0	7	0	0	5	7	16	12	8	25	0	29	15	63	175
LT934125.1	-	28521	28429	NOV_TX_3451	0	19	0	0	0	0	4	1	0	0	0	0	0	0	0	0	7	0	0	0	0	1	1	0	8	0	0	1	2	5
LT934125.1	-	28576	28429	NOV_TX_3453	14	363	0	1	0	0	347	0	0	0	0	0	0	10	0	0	1290	0	0	2	0	0	0	75	477	0	0	101	877	1609
LT934125.1	-	28598	28429	NOV_TX_3454	0	0	0	0	0	0	0	636	0	0	0	0	0	0	0	0	0	0	0	0	0	0	0	0	0	0	45	0	0	0
LT934125.1	-	28648	28429	NOV_TX_3456	5	194	0	2	4	0	0	0	0	1	0	42	0	5	0	0	0	0	0	1	92	0	0	74	0	0	0	0	0	0
LT934125.1	-	28716	28429	NOV_TX_3458	3	487	0	1	2	0	0	0	1	1	0	0	0	10	0	0	1003	0	0	0	0	0	494	26	972	0	0	66	0	0
LT934125.1	-	28767	28429	NOV_TX_3460	2	0	0	0	0	0	0	0	0	0	0	0	0	5	0	0	0	0	0	0	0	0	0	6	0	0	0	0	0	0
LT934125.1	-	28783	28429	NOV_TX_3461	0	0	0	0	0	0	0	0	0	0	0	0	0	0	0	0	0	0	3	0	0	379	0	0	0	0	0	0	0	0
LT934125.1	-	28794	28429	NOV_TX_3462	3	0	0	0	0	0	0	0	0	0	0	0	0	13	0	0	165	0	0	0	0	0	0	55	925	0	0	16	0	0
LT934125.1	-	28852	28429	NOV_TX_3464	2	7	0	0	0	0	0	5	0	0	0	0	4	15	0	0	10	0	0	0	6	1	5	62	205	0	0	1	1	7
LT934125.1	-	28895	28429	NOV_TX_3465	0	0	0	0	0	0	0	0	0	0	0	0	0	0	0	0	0	0	0	0	14	71	135	0	0	0	0	14	222	318
LT934125.1	-	28922	28429	NOV_TX_3466	10	339	1	0	2	0	62	0	0	0	4	11	31	18	0	0	147	0	0	0	0	0	0	109	244	0	3	15	0	0
LT934125.1	-	28939	28429	NOV_TX_3467	0	0	0	0	0	17	0	0	0	0	0	0	0	0	0	0	380	0	0	0	0	0	0	0	322	0	0	0	0	0
LT934125.1	-	28983	28429	NOV_TX_3468	0	0	0	0	0	0	0	170	0	0	0	0	0	3	0	0	0	0	0	0	0	0	0	11	0	0	0	6	0	0
LT934125.1	-	29024	28429	NOV_TX_3469	1	6	0	0	2	0	1	5	0	0	0	1	1	3	0	0	7	0	2	0	2	0	3	15	9	0	2	2	5	3
LT934125.1	-	29046	28429	NOV_TX_3470	0	118	1	0	3	9	0	126	0	1	0	5	24	4	0	1	0	2	1	1	7	35	78	13	176	0	1	20	115	235
LT934125.1	-	29062	28429	NOV_TX_3471	1	131	0	0	0	0	49	0	0	0	2	5	0	8	0	0	308	1	0	1	0	0	0	44	197	0	2	0	0	0
LT934125.1	-	29086	28429	NOV_TX_3472	1	0	0	0	1	0	0	0	0	0	1	1	0	0	0	0	0	0	0	0	0	0	0	3	0	0	2	0	0	0
LT934125.1	-	29128	28429	NOV_TX_3473	1	171	0	0	0	12	20	95	0	0	0	7	24	6	0	0	147	0	1	0	0	21	66	46	215	0	1	8	93	146
LT934125.1	-	29154	28429	NOV_TX_3474	7	0	0	1	2	0	7	0	0	0	1	3	0	21	0	0	95	0	0	0	6	0	0	51	0	0	2	6	0	0
LT934125.1	-	29194	28429	NOV_TX_3475	0	81	0	0	1	0	2	83	0	0	0	0	3	2	0	1	27	0	0	0	2	1	3	9	40	0	0	2	19	21
LT934125.1	-	29215	28429	NOV_TX_3476	2	0	0	0	1	0	0	0	0	0	2	1	3	2	0	0	92	0	0	0	1	9	41	18	87	0	6	2	28	44
LT934125.1	-	29238	28429	NOV_TX_3477	0	0	0	0	0	4	23	0	0	0	0	0	0	0	0	0	0	0	0	0	0	0	0	0	0	0	0	0	0	0
LT934125.1	-	29250	28429	NOV_TX_3478	0	0	0	0	0	0	0	0	0	0	0	0	0	3	0	0	11	0	0	0	0	2	0	7	6	0	0	4	3	1
LT934125.1	-	29292	28429	NOV_TX_3479	4	158	0	1	1	23	65	0	0	0	1	5	34	9	0	1	155	1	0	2	4	51	101	54	268	0	4	22	143	310
LT934125.1	-	29362	28429	NOV_TX_3481	5	161	1	1	2	0	0	0	0	0	1	6	0	12	0	0	160	0	1	1	10	0	0	30	225	0	0	16	0	0
LT934125.1	-	29414	28429	NOV_TX_3482	98	5947	10	25	86	452	1433	6652	3	11	101	372	1081	241	0	8	9713	3	25	34	300	1235	2269	1501	18143	0	71	900	4377	10735
LT934125.1	-	29507	28429	NOV_TX_3486	0	43	0	0	0	5	11	30	0	0	0	1	6	0	0	0	39	0	0	0	3	13	13	1	79	0	0	6	17	61
LT934125.1	-	29568	28429	NOV_TX_3487	0	6	0	0	0	1	1	6	0	0	0	0	0	0	0	0	7	0	0	0	0	3	0	2	11	0	0	2	4	9
LT934125.1	-	29661	28429	NOV_TX_3489	0	0	0	0	0	1	0	6	0	0	0	0	0	0	0	0	1	0	0	0	0	4	0	0	6	0	0	0	4	4
LT934125.1	-	29681	28429	NOV_TX_3490	0	8	0	0	0	0	0	0	0	0	0	0	1	0	0	0	0	0	0	0	0	0	4	0	0	0	0	0	0	0
LT934125.1	-	29732	28429	NOV_TX_3491	0	8	0	0	0	0	0	0	0	0	0	0	0	0	0	0	0	0	0	0	0	0	2	0	0	0	0	0	0	1
LT934125.1	-	29752	28429	NOV_TX_3492	0	0	0	0	0	2	2	1	0	0	0	0	0	2	0	0	0	0	0	0	0	0	0	0	1	0	0	0	0	1
LT934125.1	-	29829	28429	NOV_TX_3494	0	2	0	0	0	0	1	5	0	0	0	0	1	0	0	0	3	0	0	0	0	3	2	1	3	0	0	2	1	3
LT934125.1	-	29973	28429	NOV_TX_3497	0	1	0	0	0	1	0	0	0	0	0	0	0	0	0	0	0	0	0	0	0	0	3	2	2	0	0	0	0	8
LT934125.1	-	29997	28429	NOV_TX_3499	0	0	0	0	0	0	0	7	0	0	0	0	1	0	0	0	0	0	0	0	0	1	0	0	0	0	0	0	0	0
LT934125.1	-	30034	28429	NOV_TX_3500	0	1	0	0	0	2	0	0	0	0	0	0	0	0	0	0	0	0	0	0	0	2	0	0	0	0	0	0	0	0
LT934125.1	-	30172	28429	NOV_TX_3503	0	4	0	0	0	0	0	0	0	0	0	0	1	0	0	0	0	0	0	0	0	0	0	0	2	0	0	0	0	0
LT934125.1	-	30247	28429	NOV_TX_3505	0	3	0	0	0	0	0	0	0	0	0	0	0	0	0	0	0	0	0	0	0	0	1	0	1	0	0	0	0	0
LT934125.1	-	30349	28429	NOV_TX_3508	0	5	0	0	0	0	1	0	0	0	0	0	0	0	0	0	1	0	0	0	1	2	0	0	1	0	0	0	2	1
LT934125.1	-	30573	28429	NOV_TX_3514	0	1	1	0	0	0	1	0	0	0	0	0	0	0	0	0	1	0	0	0	1	0	0	0	0	0	0	0	0	1
LT934125.1	-	30819	28429	NOV_TX_3516	1	25	0	0	0	1	0	5	0	0	0	0	1	0	0	0	8	0	0	0	0	3	1	2	4	0	0	1	1	7
LT934125.1	-	30877	28429	NOV_TX_3518	2	84	0	0	1	19	9	73	0	0	0	3	16	8	0	0	42	0	0	0	6	12	17	48	153	0	0	6	25	141
LT934125.1	-	31042	28429	NOV_TX_3521	0	8	0	0	0	0	1	1	0	0	0	0	0	0	0	0	3	0	0	0	1	4	1	0	5	0	2	1	2	12
LT934125.1	-	32197	32038	NOV_TX_3526	0	6	0	0	0	0	0	0	0	0	0	0	0	0	0	0	3	0	0	0	2	1	1	0	14	0	0	0	2	2
LT934125.1	-	32216	32038	NOV_TX_3529	0	4	0	0	1	0	0	0	0	0	0	0	0	0	0	0	15	0	0	0	0	0	0	0	2	0	0	0	0	2
LT934125.1	-	32264	32038	NOV_TX_3530	0	13	0	0	0	0	0	0	0	0	0	0	0	0	0	0	1	0	0	0	0	1	1	0	6	0	0	0	0	1
LT934125.1	-	32372	32036	NOV_TX_3532	0	0	0	0	0	1	8	0	0	0	0	0	0	0	0	0	0	0	0	0	0	0	0	0	0	0	0	0	0	0
LT934125.1	-	32372	32038	NOV_TX_3531	0	24	0	0	0	0	0	2	0	0	0	0	1	0	0	0	23	0	0	0	0	2	3	0	23	0	2	0	6	5
LT934125.1	-	32784	32686	NOV_TX_3533	0	78	0	0	2	3	16	2	0	0	0	0	2	0	0	0	95	2	0	3	7	29	28	1	74	1	6	3	16	63
LT934125.1	-	32842	32686	NOV_TX_3534	2	311	4	0	0	12	60	51	0	1	0	3	18	4	0	0	438	2	1	2	14	72	92	10	522	1	18	28	154	306
LT934125.1	-	32890	32686	NOV_TX_3535	0	782	0	0	0	0	0	0	0	0	0	0	71	0	0	0	0	0	0	8	0	258	0	0	0	0	0	0	0	0
LT934125.1	-	32915	32686	NOV_TX_3536	0	0	0	0	0	0	179	0	0	0	0	0	0	0	0	0	0	0	0	0	0	0	0	0	0	0	0	0	396	0
LT934125.1	-	32935	32686	NOV_TX_3537	3	0	6	1	2	19	0	0	0	3	0	0	0	11	0	3	0	6	2	0	33	0	243	39	0	5	21	0	0	0
LT934125.1	-	32964	32686	NOV_TX_3538	0	175	1	0	0	4	0	263	0	1	3	32	0	5	0	0	1380	3	0	0	0	0	0	11	1504	0	8	55	0	762
LT934125.1	-	33035	32686	NOV_TX_3540	6	251	1	1	1	8	42	146	3	1	1	11	0	8	0	0	397	0	3	3	4	0	74	40	517	1	16	9	107	0
LT934125.1	-	33062	32686	NOV_TX_3542	0	0	0	0	0	0	0	0	0	0	0	0	0	0	0	0	0	4	0	0	0	58	0	0	0	0	0	0	0	0
LT934125.1	-	33119	32686	NOV_TX_3543	4	31	1	0	0	0	2	16	0	0	0	2	2	4	0	0	48	2	0	1	4	5	8	14	55	0	6	1	9	21
LT934125.1	-	33178	32686	NOV_TX_3545	3	38	0	0	0	1	12	18	0	0	0	1	6	4	0	0	39	1	0	0	0	9	11	8	44	0	1	1	22	28
LT934125.1	-	33215	32686	NOV_TX_3546	0	0	0	0	0	0	0	0	0	0	0	0	0	0	0	0	358	0	0	0	0	0	76	0	0	0	0	0	0	0
LT934125.1	-	33242	32686	NOV_TX_3547	0	0	0	0	0	0	0	0	0	0	0	0	0	0	0	0	0	0	0	6	0	55	0	0	0	0	0	0	0	0
LT934125.1	-	33274	32686	NOV_TX_3548	0	0	0	0	0	0	0	0	0	0	0	1	0	3	0	0	0	0	0	0	0	0	0	6	0	0	16	1	0	0
LT934125.1	-	33301	32686	NOV_TX_3549	3	62	2	2	1	13	0	0	0	1	3	7	0	22	0	0	0	4	7	0	0	0	0	44	473	2	0	9	0	0
LT934125.1	-	33322	32686	NOV_TX_3550	0	0	0	0	0	0	49	0	0	0	0	0	0	0	0	0	0	0	0	0	13	0	0	0	0	0	0	0	0	0
LT934125.1	-	33356	32686	NOV_TX_3552	3	218	0	0	0	0	0	163	0	0	0	0	0	5	0	0	0	0	0	0	0	0	0	20	0	1	0	1	92	202
LT934125.1	-	33409	32686	NOV_TX_3553	3	44	0	0	0	2	6	0	0	1	0	2	8	7	0	0	64	1	0	3	1	11	16	20	70	0	2	5	13	28
LT934125.1	-	33477	32686	NOV_TX_3555	1	12	0	0	0	0	2	20	0	0	0	2	0	5	0	0	14	0	0	0	1	4	5	9	11	1	1	0	1	5
LT934125.1	-	33502	32686	NOV_TX_3556	0	52	0	0	2	2	7	27	0	0	0	0	4	2	0	0	49	0	0	1	0	4	6	3	47	0	3	0	9	21
LT934125.1	-	33534	32686	NOV_TX_3557	1	22	0	0	0	0	1	15	0	0	0	2	5	6	0	0	26	0	0	1	2	8	11	19	22	1	1	2	4	13
LT934125.1	-	33611	32686	NOV_TX_3560	3	25	0	0	0	0	5	19	0	0	0	0	0	10	0	0	0	0	0	0	0	0	0	31	29	0	3	4	2	11
LT934125.1	-	33644	32686	NOV_TX_3561	0	11	0	0	0	0	0	0	0	0	0	2	1	2	0	1	53	1	0	0	3	0	6	8	27	0	0	0	1	15
LT934125.1	-	33742	32686	NOV_TX_3562	0	5	0	0	0	0	3	4	0	0	0	0	1	2	0	0	12	0	0	0	0	6	7	7	8	0	0	1	1	6
LT934125.1	-	33793	32686	NOV_TX_3563	1	83	0	0	0	0	17	0	1	0	0	1	13	5	0	0	91	0	1	1	8	30	20	11	93	0	0	3	0	46
LT934125.1	-	33824	32686	NOV_TX_3564	0	24	0	0	0	4	0	0	0	0	0	0	0	1	0	0	10	0	0	0	0	0	0	9	24	0	5	1	0	13
LT934125.1	-	33938	32686	NOV_TX_3569	0	26	0	0	0	2	4	9	1	0	0	0	1	7	0	0	14	0	0	1	2	3	5	9	33	0	0	2	4	10
LT934125.1	-	33998	32686	NOV_TX_3570	0	35	0	0	0	2	1	22	0	0	1	0	7	0	0	0	46	1	0	1	0	3	9	0	39	0	4	0	6	16
LT934125.1	-	34050	32686	NOV_TX_3572	1	24	0	1	1	1	0	14	0	0	0	0	0	2	0	0	0	0	0	0	0	0	0	3	29	0	0	4	0	0
LT934125.1	-	34078	32686	NOV_TX_3573	0	0	0	0	0	0	0	0	0	0	0	0	0	2	0	0	0	0	0	0	0	0	4	5	0	0	1	0	0	0
LT934125.1	-	34091	32686	NOV_TX_3574	1	13	1	0	0	0	6	0	0	0	0	1	0	3	0	0	29	0	0	0	2	7	0	3	32	0	0	0	6	22
LT934125.1	-	34124	32686	NOV_TX_3575	0	2	0	0	0	0	1	0	0	0	0	0	0	0	0	0	0	0	0	0	0	0	2	1	1	0	0	0	0	1
LT934125.1	-	34175	32686	NOV_TX_3576	0	18	0	0	0	1	1	3	0	0	0	0	0	1	1	0	8	0	0	0	1	0	2	9	13	0	0	1	2	1
LT934125.1	-	34243	32686	NOV_TX_3577	0	7	0	0	1	0	0	5	0	0	0	0	0	0	0	0	11	0	0	0	0	1	0	3	4	0	0	0	2	5
LT934125.1	-	34273	32686	NOV_TX_3578	0	2	0	0	0	0	2	0	0	0	0	0	1	0	0	0	0	0	0	0	0	0	0	0	0	0	0	1	1	0
LT934125.1	-	34330	32686	NOV_TX_3579	1	12	0	0	0	0	4	9	0	0	0	0	0	0	0	0	9	0	0	0	2	0	2	7	12	0	0	3	3	6
LT934125.1	-	34345	32686	NOV_TX_3580	0	0	0	0	0	0	0	0	0	0	0	0	5	0	0	0	0	0	0	0	0	2	0	0	0	0	0	0	0	0
LT934125.1	-	34379	32686	NOV_TX_3581	0	2	0	0	0	0	0	0	0	0	0	0	0	0	0	0	1	0	0	0	0	0	2	0	1	0	0	0	0	0
LT934125.1	-	34396	32686	NOV_TX_3582	1	11	0	0	0	0	1	0	0	0	0	0	0	0	0	0	0	0	0	0	0	0	0	0	0	0	0	0	0	0
LT934125.1	-	34474	32686	NOV_TX_3585	4	92	9	0	6	34	62	66	2	4	2	12	58	40	0	3	35	9	9	8	5	29	51	120	90	8	49	16	88	84
LT934125.1	-	34543	32686	NOV_TX_3586	0	27	0	0	0	0	0	1	0	0	0	0	3	0	0	0	13	0	0	0	0	0	4	4	14	0	0	1	2	9
LT934125.1	-	34572	32686	NOV_TX_3588	0	4	0	0	0	0	0	0	0	0	0	0	0	0	0	0	0	0	0	0	0	0	0	1	3	0	0	1	0	3
LT934125.1	-	34820	32686	NOV_TX_3589	0	8	0	0	0	0	0	0	0	0	0	0	0	1	0	0	0	0	0	0	0	0	1	0	1	0	0	0	0	2
LT934125.1	-	34946	32686	NOV_TX_3590	0	9	0	0	0	0	0	0	0	0	0	0	0	1	0	0	0	0	0	0	0	0	2	0	2	0	0	0	1	0
LT934125.1	-	35200	32686	NOV_TX_3592	0	0	0	0	0	0	0	0	0	0	0	0	1	0	0	0	0	0	0	0	0	0	2	2	4	0	0	0	2	2
LT934125.1	-	35221	32686	NOV_TX_3593	0	4	0	0	0	0	0	0	0	0	0	0	0	0	0	0	2	0	0	0	0	0	0	0	0	0	0	0	0	0
LT934125.1	-	37549	32686	NOV_TX_3598	0	0	0	0	0	0	1	0	0	0	0	0	0	0	0	0	2	0	0	0	0	0	0	0	1	0	0	0	1	1
LT934125.1	-	41995	32686	NOV_TX_3603	0	4	0	0	0	0	1	0	0	0	0	0	1	0	0	0	0	0	0	0	0	0	0	0	16	0	0	0	0	15
LT934125.1	-	42111	42005	NOV_TX_3604	0	22	0	0	0	1	5	0	0	0	0	0	0	0	0	0	20	0	0	0	1	7	16	0	15	0	0	0	5	13
LT934125.1	-	42148	42005	NOV_TX_3605	0	76	0	0	0	2	13	2	0	0	0	0	1	0	0	0	91	0	0	0	5	12	18	2	49	0	0	1	16	61
LT934125.1	-	42208	42005	NOV_TX_3607	0	20	0	0	1	0	2	5	0	0	0	0	0	0	0	0	23	0	0	0	0	5	11	0	30	0	1	1	7	14
LT934125.1	-	42261	42005	NOV_TX_3609	0	80	0	0	0	1	14	17	0	0	1	1	6	0	0	0	94	0	0	0	2	10	32	3	79	0	0	3	25	50
LT934125.1	-	42364	42005	NOV_TX_3611	0	3	0	0	0	0	1	1	0	0	0	0	2	1	0	0	11	0	0	0	1	2	7	1	10	0	0	0	1	5
LT934125.1	-	42399	42005	NOV_TX_3612	0	43	0	0	0	1	8	7	0	0	0	0	4	1	0	1	30	0	0	0	5	11	0	1	32	0	0	0	11	11
LT934125.1	-	42518	42005	NOV_TX_3618	0	29	0	0	0	2	12	0	0	0	0	0	4	0	0	0	38	0	0	0	1	9	12	2	48	0	1	0	17	0
LT934125.1	-	42518	42006	NOV_TX_3620	0	0	0	0	0	0	0	0	0	0	0	2	3	0	0	0	0	0	0	0	0	0	0	0	0	0	0	0	0	0
LT934125.1	-	42550	42005	NOV_TX_3621	0	11	0	0	0	0	0	0	0	0	0	0	0	1	0	0	9	0	0	0	1	0	0	0	4	0	0	5	2	41
LT934125.1	-	42622	42005	NOV_TX_3622	0	39	0	0	0	1	3	17	0	0	0	2	0	1	0	0	35	0	0	0	4	12	15	1	37	0	0	1	20	14
LT934125.1	-	42707	42005	NOV_TX_3626	0	109	0	1	0	3	12	49	0	0	0	2	11	1	0	0	122	0	0	1	2	23	0	9	123	0	0	9	47	68
LT934125.1	-	42707	42006	NOV_TX_3627	0	0	0	0	0	0	0	15	0	0	0	0	1	0	0	0	0	0	0	0	0	0	0	0	0	0	0	0	0	0
LT934125.1	-	42808	42005	NOV_TX_3629	0	8	0	0	0	0	5	8	0	0	0	0	0	2	0	0	14	0	0	0	0	0	7	2	17	0	0	1	5	6
LT934125.1	-	42868	42005	NOV_TX_3632	0	4	0	0	0	0	1	0	0	0	1	0	1	0	0	0	3	0	0	0	2	1	9	2	6	0	0	0	1	1
LT934125.1	-	43011	42005	NOV_TX_3633	0	0	0	0	0	0	4	0	0	0	0	0	0	0	0	0	0	0	0	0	0	4	3	0	0	0	0	0	0	0
LT934125.1	-	43028	42005	NOV_TX_3634	0	2	0	0	0	1	0	3	0	0	0	0	1	0	0	0	9	0	0	0	0	0	0	0	8	0	0	0	0	3
LT934125.1	-	43092	42005	NOV_TX_3635	0	0	0	0	0	0	1	3	0	0	0	0	1	0	0	0	21	0	0	0	0	5	10	1	9	0	0	0	5	8
LT934125.1	-	43111	42005	NOV_TX_3637	0	30	0	0	0	0	2	3	0	0	0	0	0	0	0	0	14	0	0	0	4	0	0	2	7	0	0	0	3	5
LT934125.1	-	43197	42005	NOV_TX_3639	0	21	0	0	0	0	3	4	0	0	0	0	0	0	0	0	6	0	0	0	0	0	1	0	5	0	0	0	3	2
LT934125.1	-	43246	42005	NOV_TX_3642	0	20	0	0	0	0	0	6	0	0	0	0	0	0	0	0	10	0	0	0	1	0	3	1	12	0	1	0	1	5
LT934125.1	-	43326	42005	NOV_TX_3646	0	10	0	0	0	0	0	0	0	0	0	0	1	0	0	0	4	0	0	0	0	5	1	1	0	0	0	0	0	3
LT934125.1	-	43351	42005	NOV_TX_3647	0	16	0	0	0	2	5	0	0	0	0	0	0	0	0	0	7	0	0	0	0	0	2	1	23	0	0	1	12	8
LT934125.1	-	43406	42005	NOV_TX_3648	0	2	0	0	0	0	3	2	0	0	0	1	0	0	0	0	6	0	0	0	0	5	4	0	2	0	0	0	1	2
LT934125.1	-	43473	42005	NOV_TX_3649	0	5	0	0	0	0	1	1	0	1	0	0	0	0	0	0	5	0	0	0	0	1	0	0	1	0	0	1	0	3
LT934125.1	-	43528	42005	NOV_TX_3651	0	10	0	0	0	2	1	1	0	0	0	0	0	0	0	0	1	0	0	0	0	0	0	0	2	0	0	1	0	2
LT934125.1	-	43545	42005	NOV_TX_3652	0	2	0	0	0	0	0	2	0	0	0	0	0	0	0	0	1	0	0	0	0	4	2	2	2	0	0	0	0	2
LT934125.1	-	43588	42005	NOV_TX_3654	0	2	0	0	0	0	0	1	0	0	0	0	0	0	0	0	1	0	0	0	0	1	0	0	3	0	0	0	2	0
LT934125.1	-	43685	42005	NOV_TX_3656	0	9	0	0	0	0	0	1	0	0	0	0	0	0	0	0	2	0	0	0	0	0	0	1	0	0	0	0	0	1
LT934125.1	-	43865	42005	NOV_TX_3661	0	3	0	0	0	0	0	0	0	0	0	1	1	0	0	0	3	0	0	0	0	0	0	0	0	0	0	0	0	1
LT934125.1	-	44037	42005	NOV_TX_3663	0	10	0	0	0	1	0	1	0	0	0	0	0	0	0	0	5	0	0	0	0	1	3	4	2	0	0	0	2	3
LT934125.1	-	44329	42005	NOV_TX_3669	0	4	0	0	0	0	0	0	0	0	0	0	0	0	0	0	1	0	0	0	0	0	0	1	1	0	0	0	0	0
LT934125.1	-	44610	42005	NOV_TX_3671	0	8	0	0	0	0	1	1	0	0	0	0	1	0	0	0	2	0	0	0	0	0	1	0	3	0	0	1	0	2
LT934125.1	-	44758	42005	NOV_TX_3675	0	54	0	0	0	0	8	8	0	0	0	1	3	0	0	0	25	0	0	0	0	6	5	0	30	0	2	0	7	36
LT934125.1	-	44817	42005	NOV_TX_3677	0	10	0	0	0	0	0	0	0	0	0	0	1	0	0	0	2	0	0	0	0	0	0	0	3	0	0	0	1	0
LT934125.1	-	44889	32686	NOV_TX_3680	0	1	0	0	0	0	1	0	0	0	0	0	0	0	0	0	0	0	0	0	0	0	0	0	1	0	0	0	0	2
LT934125.1	-	44889	42005	NOV_TX_3678	0	568	0	0	2	16	67	65	0	1	0	2	20	22	0	0	163	0	1	0	10	32	61	91	449	0	1	18	125	309
LT934125.1	-	44889	42006	NOV_TX_3679	0	0	0	0	0	0	0	68	0	0	1	5	10	0	0	0	0	0	0	0	0	0	0	0	0	0	0	0	0	0
LT934125.1	-	45906	42005	NOV_TX_3687	0	2	0	0	0	0	0	1	0	0	0	0	0	0	0	1	0	0	0	0	1	0	0	0	0	0	0	0	0	2
LT934125.1	-	50153	50025	NOV_TX_3695	0	0	0	0	0	0	0	0	0	0	0	0	0	0	0	0	0	0	0	0	0	0	0	0	43	0	0	0	22	46
LT934125.1	-	50153	50026	NOV_TX_3692	0	0	0	0	0	1	0	0	0	0	0	0	0	0	0	0	0	0	0	0	5	0	0	0	0	0	0	0	0	0
LT934125.1	-	50153	50029	NOV_TX_3696	0	0	0	0	0	0	86	0	0	0	0	0	0	0	0	0	0	0	0	0	0	0	0	0	0	0	4	2	0	0
LT934125.1	-	50153	50030	NOV_TX_3693	0	0	0	0	0	0	0	6	0	1	0	0	0	0	0	0	0	2	0	0	0	0	0	0	0	1	0	0	0	0
LT934125.1	-	50175	50025	NOV_TX_3697	0	0	0	0	0	0	0	0	0	0	0	0	0	0	0	0	0	0	0	0	0	86	0	0	122	0	0	0	96	157
LT934125.1	-	50175	50026	NOV_TX_3700	0	0	0	0	0	11	0	0	0	0	0	0	0	0	0	0	0	0	0	0	15	0	0	0	0	0	0	0	0	0
LT934125.1	-	50175	50029	NOV_TX_3701	0	0	0	0	0	0	0	0	0	0	0	0	0	0	0	0	0	0	0	0	0	0	0	0	0	0	5	18	0	0
LT934125.1	-	50175	50030	NOV_TX_3698	1	0	0	0	2	0	0	19	0	0	0	2	2	0	0	0	0	1	0	0	0	0	0	3	0	0	0	0	0	0
LT934125.1	-	50261	50025	NOV_TX_3710	0	0	0	0	0	0	0	0	0	0	0	0	0	0	0	0	0	0	0	0	0	48	48	0	172	0	0	0	70	157
LT934125.1	-	50261	50026	NOV_TX_3708	0	0	0	0	0	7	0	0	0	0	0	0	0	0	0	0	0	0	0	0	12	0	0	0	0	0	0	0	0	0
LT934125.1	-	50261	50028	NOV_TX_3706	0	130	0	0	0	0	0	0	0	0	0	0	0	0	0	0	146	0	0	0	0	0	0	0	0	0	0	0	0	0
LT934125.1	-	50261	50029	NOV_TX_3711	0	0	0	0	0	0	0	0	0	0	0	0	0	0	0	0	0	0	0	0	0	0	0	0	0	0	2	14	0	0
LT934125.1	-	50261	50030	NOV_TX_3709	0	0	0	0	4	0	0	40	0	0	0	1	7	1	0	1	0	0	0	3	0	0	0	4	0	1	0	0	0	0
LT934125.1	-	50293	50025	NOV_TX_3717	0	0	0	0	0	0	0	0	0	0	0	0	0	0	0	0	0	0	0	0	0	3	7	0	4	0	0	0	4	14
LT934125.1	-	50293	50028	NOV_TX_3712	0	3	0	0	0	0	0	0	0	0	0	0	0	0	0	0	7	0	0	0	0	0	0	0	0	0	0	0	0	0
LT934125.1	-	50293	50030	NOV_TX_3716	0	0	0	0	0	0	0	3	0	0	0	0	5	0	0	0	0	0	0	0	0	0	0	0	0	0	0	0	0	0
LT934125.1	-	50368	50025	NOV_TX_3726	0	0	0	0	0	0	0	0	0	0	0	0	0	0	0	0	0	0	0	0	0	28	0	0	114	0	0	0	49	90
LT934125.1	-	50368	50026	NOV_TX_3723	0	0	0	0	0	6	0	0	0	0	0	0	0	0	0	0	0	0	0	0	6	0	0	0	0	0	0	0	0	0
LT934125.1	-	50368	50028	NOV_TX_3722	0	17	0	0	0	0	0	0	0	0	0	0	0	0	0	0	111	0	0	0	0	0	0	0	0	0	0	0	0	0
LT934125.1	-	50368	50029	NOV_TX_3725	0	0	0	0	0	0	21	0	0	0	0	0	0	0	0	0	0	0	0	0	0	0	0	0	0	0	2	0	0	0
LT934125.1	-	50368	50030	NOV_TX_3724	0	0	0	0	0	0	0	61	0	0	2	9	15	3	0	1	0	0	0	0	0	0	0	15	0	0	0	0	0	0
LT934125.1	-	50412	50025	NOV_TX_3731	0	0	0	0	0	0	0	0	0	0	0	0	0	0	0	0	0	0	0	0	0	22	1	0	12	0	0	0	12	6
LT934125.1	-	50412	50028	NOV_TX_3729	0	4	0	0	0	0	0	0	0	0	0	0	0	0	0	0	5	0	0	0	0	0	0	0	0	0	0	0	0	0
LT934125.1	-	50412	50029	NOV_TX_3730	0	0	0	0	0	0	5	0	0	0	0	0	0	0	0	0	0	0	0	0	0	0	0	0	0	0	0	4	0	0
LT934125.1	-	50412	50030	NOV_TX_3728	1	0	0	0	0	0	0	0	0	0	1	0	0	2	0	0	0	0	0	0	0	0	0	3	0	0	0	0	0	0
LT934125.1	-	50424	50025	NOV_TX_3736	0	0	0	0	0	0	0	0	0	0	0	0	0	0	0	0	0	0	0	0	0	0	20	0	43	0	0	0	34	43
LT934125.1	-	50424	50026	NOV_TX_3734	0	0	0	0	0	2	0	0	0	0	0	0	0	0	0	0	0	0	0	0	3	0	0	0	0	0	0	0	0	0
LT934125.1	-	50424	50028	NOV_TX_3733	0	40	0	0	0	0	0	0	0	0	0	0	0	0	0	0	63	0	0	0	0	0	0	0	0	0	0	0	0	0
LT934125.1	-	50424	50030	NOV_TX_3732	1	0	0	0	0	0	0	39	0	0	0	2	8	1	0	0	0	0	0	0	0	0	0	3	0	0	0	0	0	0
LT934125.1	-	50492	50025	NOV_TX_3737	0	0	0	0	0	0	0	0	0	0	0	0	0	0	0	0	0	0	0	0	0	35	0	0	0	0	0	0	48	0
LT934125.1	-	50492	50026	NOV_TX_3741	0	0	0	0	0	1	0	0	0	0	0	0	0	0	0	0	0	0	0	0	6	0	0	0	0	0	0	0	0	0
LT934125.1	-	50492	50028	NOV_TX_3738	0	24	0	0	0	0	0	0	0	0	0	0	0	0	0	0	46	0	0	0	0	0	0	0	0	0	0	0	0	0
LT934125.1	-	50492	50029	NOV_TX_3739	0	0	0	0	0	0	24	0	0	0	0	0	0	0	0	0	0	0	0	0	0	0	0	0	0	0	0	3	0	0
LT934125.1	-	50492	50030	NOV_TX_3740	3	0	0	0	0	0	0	70	0	0	0	0	6	2	0	0	0	0	0	0	0	0	0	7	0	0	0	0	0	0
LT934125.1	-	50508	50030	NOV_TX_3742	1	0	0	0	0	0	0	0	0	1	0	3	2	2	0	0	0	0	0	0	0	0	0	4	0	0	0	0	0	0
LT934125.1	-	50550	50025	NOV_TX_3745	0	0	0	0	0	0	0	0	0	0	0	0	0	0	0	0	0	0	0	0	0	2	32	0	63	0	0	0	5	1
LT934125.1	-	50550	50028	NOV_TX_3746	0	4	0	0	0	0	0	0	0	0	0	0	0	0	0	0	33	0	0	0	0	0	0	0	0	0	0	0	0	0
LT934125.1	-	50550	50030	NOV_TX_3748	1	0	0	0	1	0	0	6	0	0	0	4	11	0	0	0	0	0	0	1	0	0	0	2	0	0	0	0	0	0
LT934125.1	-	50592	50028	NOV_TX_3750	0	40	0	2	0	0	0	0	0	0	0	0	0	0	0	0	38	0	0	0	0	0	0	0	0	0	0	0	0	0
LT934125.1	-	50592	50030	NOV_TX_3752	0	0	0	0	0	0	0	110	0	0	3	10	23	1	0	0	0	1	0	0	0	0	0	5	0	0	0	0	0	0
LT934125.1	-	50612	50030	NOV_TX_3755	2	0	0	0	0	0	0	0	0	0	0	0	0	1	0	0	0	0	0	0	0	0	0	3	0	0	0	0	0	0
LT934125.1	-	50641	50025	NOV_TX_3757	0	0	0	0	0	0	0	0	0	0	0	0	0	0	0	0	0	0	0	0	0	61	3	0	84	0	0	0	63	71
LT934125.1	-	50641	50026	NOV_TX_3756	0	0	0	0	0	10	0	0	0	0	0	0	0	0	0	0	0	0	0	0	17	0	0	0	0	0	0	0	0	0
LT934125.1	-	50641	50029	NOV_TX_3758	0	0	0	0	0	0	2	0	0	0	0	0	0	0	0	0	0	0	0	0	0	0	0	0	0	0	0	12	0	0
LT934125.1	-	50641	50030	NOV_TX_3760	5	0	0	0	0	0	0	9	0	0	0	1	1	2	0	1	0	1	0	0	0	0	0	15	0	0	0	0	0	0
LT934125.1	-	50716	50025	NOV_TX_3766	0	0	0	0	0	0	0	0	0	0	0	0	0	0	0	0	0	0	0	0	0	4	11	0	42	0	0	0	17	25
LT934125.1	-	50716	50028	NOV_TX_3763	0	23	0	1	0	0	0	0	0	0	0	0	0	0	0	0	27	0	0	0	0	0	0	0	0	0	0	0	0	0
LT934125.1	-	50716	50029	NOV_TX_3764	0	0	0	0	0	0	5	0	0	0	0	0	0	0	0	0	0	0	0	0	0	0	0	0	0	0	1	4	0	0
LT934125.1	-	50716	50030	NOV_TX_3765	0	0	0	0	0	0	0	18	0	0	1	3	6	1	0	0	0	0	0	2	0	0	0	1	0	0	0	0	0	0
LT934125.1	-	50794	50030	NOV_TX_3768	0	0	0	0	0	0	0	60	0	0	0	0	24	0	0	0	0	0	0	0	0	0	0	0	0	0	0	0	0	0
LT934125.1	-	50820	50025	NOV_TX_3773	0	0	0	0	0	0	0	0	0	0	0	0	0	0	0	0	0	0	0	0	0	0	22	0	68	0	0	0	46	86
LT934125.1	-	50820	50028	NOV_TX_3771	0	29	0	0	0	0	0	0	0	0	0	0	0	0	0	0	64	0	0	0	0	0	0	0	0	0	0	0	0	0
LT934125.1	-	50820	50030	NOV_TX_3772	0	0	0	0	0	0	0	0	0	0	0	0	0	0	0	0	0	1	0	0	0	0	0	2	0	2	0	0	0	0
LT934125.1	-	50861	50025	NOV_TX_3782	0	0	0	0	0	0	0	0	0	0	0	0	0	0	0	0	0	0	0	0	0	0	0	0	24	0	0	0	11	0
LT934125.1	-	50861	50030	NOV_TX_3779	1	0	0	0	0	0	0	0	0	0	0	5	0	1	0	0	0	0	0	0	0	0	0	1	0	0	0	0	0	0
LT934125.1	-	50986	50025	NOV_TX_3789	0	0	0	0	0	0	0	0	0	0	0	0	0	0	0	0	0	0	0	0	0	55	81	0	163	0	0	0	0	206
LT934125.1	-	50986	50028	NOV_TX_3790	0	72	0	0	0	0	0	0	0	0	0	0	0	0	0	0	33	0	0	0	0	0	0	0	0	0	0	0	0	0
LT934125.1	-	50986	50030	NOV_TX_3791	3	0	0	0	1	0	0	163	0	0	0	8	50	4	0	0	0	0	0	2	0	0	0	16	0	0	0	0	0	0
LT934125.1	-	51053	50026	NOV_TX_3801	0	0	0	0	0	26	0	0	0	0	0	0	0	0	0	0	0	0	0	0	2	0	0	0	0	0	0	0	0	0
LT934125.1	-	51053	50028	NOV_TX_3798	0	105	0	2	0	0	0	0	0	0	0	0	0	0	0	0	119	0	0	0	0	0	0	0	0	0	0	0	0	0
LT934125.1	-	51053	50030	NOV_TX_3799	0	0	0	0	3	0	0	0	1	0	3	0	0	1	0	0	0	1	0	0	0	0	0	6	0	1	0	0	0	0
LT934125.1	-	51094	50025	NOV_TX_3808	0	0	0	0	0	0	0	0	0	0	0	0	0	0	0	0	0	0	0	0	0	29	20	0	142	0	0	0	52	88
LT934125.1	-	51094	50026	NOV_TX_3810	0	0	0	0	0	14	0	0	0	0	0	0	0	0	0	0	0	0	0	0	6	0	0	0	0	0	0	0	0	0
LT934125.1	-	51094	50028	NOV_TX_3805	0	59	0	0	0	0	0	0	0	0	0	0	0	0	0	0	51	0	0	0	0	0	0	0	0	0	0	0	0	0
LT934125.1	-	51094	50029	NOV_TX_3807	0	0	0	0	0	0	18	0	0	0	0	0	0	0	0	0	0	0	0	0	0	0	0	0	0	0	3	34	0	0
LT934125.1	-	51094	50030	NOV_TX_3806	1	0	0	0	4	0	0	76	0	1	3	7	21	2	0	0	0	1	0	0	0	0	0	12	0	0	0	0	0	0
LT934125.1	-	51147	50025	NOV_TX_3819	0	0	0	0	0	0	0	0	0	0	0	0	0	0	0	0	0	0	0	0	0	175	151	0	1192	0	0	0	644	1278
LT934125.1	-	51147	50026	NOV_TX_3816	0	0	0	0	0	82	0	0	0	0	0	0	0	0	0	0	0	0	0	0	47	0	0	0	0	0	0	0	0	0
LT934125.1	-	51147	50028	NOV_TX_3814	0	383	0	13	0	0	0	0	0	0	0	0	0	0	0	0	277	0	0	0	0	0	0	0	0	0	0	0	0	0
LT934125.1	-	51147	50029	NOV_TX_3817	0	0	0	0	0	0	189	0	0	0	0	0	0	0	0	0	0	0	0	0	0	0	0	0	0	0	15	97	0	0
LT934125.1	-	51147	50030	NOV_TX_3813	4	0	0	0	12	0	0	426	0	1	9	33	93	9	0	3	0	10	0	10	0	0	0	54	0	3	0	0	0	0
LT934125.1	-	51236	50025	NOV_TX_3823	0	0	0	0	0	0	0	0	0	0	0	0	0	0	0	0	0	0	0	0	0	4	0	0	8	0	0	0	3	2
LT934125.1	-	51236	50028	NOV_TX_3820	0	13	0	0	0	0	0	0	0	0	0	0	0	0	0	0	13	0	0	0	0	0	0	0	0	0	0	0	0	0
LT934125.1	-	51236	50030	NOV_TX_3822	0	0	0	0	0	0	0	10	0	0	0	0	1	0	0	0	0	0	0	0	0	0	0	0	0	0	0	0	0	0
LT934125.1	-	51266	50025	NOV_TX_3826	0	0	0	0	0	0	0	0	0	0	0	0	0	0	0	0	0	0	0	0	0	3	0	0	1	0	0	0	1	0
LT934125.1	-	51502	50025	NOV_TX_3835	0	0	0	0	0	0	0	0	0	0	0	0	0	0	0	0	0	0	0	0	0	2	0	0	2	0	0	0	1	0
LT934125.1	-	52383	50025	NOV_TX_3861	0	0	0	0	0	0	0	0	0	0	0	0	0	0	0	0	0	0	0	0	0	1	0	0	1	0	0	0	0	5
LT934125.1	-	53553	50025	NOV_TX_3876	0	0	0	0	0	0	0	0	0	0	0	0	0	0	0	0	0	0	0	0	0	0	2	0	3	0	0	0	2	7
LT934125.1	-	53553	50030	NOV_TX_3875	0	0	0	0	0	0	0	4	0	0	0	0	3	0	0	0	0	0	0	0	0	0	0	0	0	0	0	0	0	0
LT934125.1	-	54702	54341	NOV_TX_3886	0	0	0	0	0	0	0	0	0	0	0	0	0	0	0	0	1	0	0	0	0	1	0	0	3	0	0	0	1	0
LT934125.1	-	55146	54341	NOV_TX_3892	0	1	0	0	0	0	0	0	0	0	0	0	0	0	0	0	1	0	0	0	0	2	0	0	3	0	0	0	0	0
LT934125.1	-	55377	55270	NOV_TX_3895	2	1487	2	2	7	36	231	0	0	0	2	8	20	5	0	0	1081	1	0	9	51	225	246	26	1441	3	28	93	454	890
LT934125.1	-	55440	55270	NOV_TX_3898	21	3480	7	15	13	78	627	850	0	1	3	0	0	44	0	0	2166	6	4	20	85	481	669	160	2951	4	0	217	0	2492
LT934125.1	-	55473	55270	NOV_TX_3899	0	0	0	0	0	0	0	0	0	0	0	0	102	0	0	0	0	0	0	0	0	0	0	0	0	0	88	0	0	0
LT934125.1	-	55490	55270	NOV_TX_3900	11	0	4	7	6	0	0	0	0	2	11	84	0	30	0	0	1050	3	0	1	35	0	0	130	1960	2	0	0	1306	0
LT934125.1	-	55531	55270	NOV_TX_3902	0	0	0	0	0	0	0	0	0	0	26	0	167	0	0	0	1027	0	0	0	0	0	0	0	0	0	28	101	0	1496
LT934125.1	-	55547	55270	NOV_TX_3903	0	0	0	0	0	0	216	0	0	4	0	0	0	0	0	0	0	0	0	0	0	0	0	0	0	0	0	0	0	0
LT934125.1	-	55571	55270	NOV_TX_3904	20	1760	1	2	3	0	0	1206	0	0	0	83	0	28	0	0	0	2	0	3	0	254	0	107	2603	0	0	0	0	0
LT934125.1	-	55596	55270	NOV_TX_3905	27	0	0	1	0	0	0	0	0	0	0	0	0	30	0	0	940	2	4	1	0	0	424	131	0	0	0	0	697	0
LT934125.1	-	55621	55270	NOV_TX_3906	0	0	0	0	0	40	0	0	0	0	0	0	0	0	0	0	0	0	0	0	41	0	0	0	0	0	0	35	0	0
LT934125.1	-	55663	55270	NOV_TX_3907	5	305	0	3	1	0	164	874	0	1	0	0	131	19	0	0	0	0	1	1	0	0	0	65	0	0	21	36	0	0
LT934125.1	-	55679	55270	NOV_TX_3908	5	211	0	0	1	21	0	0	0	0	21	0	0	10	0	0	503	0	0	2	23	186	294	56	1928	0	0	0	499	931
LT934125.1	-	55719	55270	NOV_TX_3910	0	765	1	0	0	0	0	0	0	0	0	0	0	0	0	0	871	0	0	0	27	0	0	0	0	0	0	0	0	0
LT934125.1	-	55733	55270	NOV_TX_3911	8	0	0	2	3	0	0	0	0	1	0	0	0	21	0	0	0	1	1	3	0	0	0	80	0	0	0	60	0	0
LT934125.1	-	55773	55270	NOV_TX_3913	0	0	0	5	0	0	0	0	0	0	0	0	0	0	0	0	0	0	5	0	0	209	0	0	0	0	30	37	0	0
LT934125.1	-	55795	55270	NOV_TX_3914	0	0	0	0	0	23	0	0	0	0	0	0	0	0	0	0	241	0	0	0	40	0	201	0	534	0	0	0	0	872
LT934125.1	-	55807	55270	NOV_TX_3915	10	1297	2	0	0	0	159	0	0	3	0	65	141	31	0	0	694	0	0	3	0	0	0	136	1061	0	0	65	523	0
LT934125.1	-	55895	55270	NOV_TX_3920	3	0	2	0	0	0	0	958	0	0	1	0	0	12	0	0	185	0	0	0	0	0	0	46	295	0	0	0	0	0
LT934125.1	-	55956	55270	NOV_TX_3924	13	599	1	2	2	12	72	414	0	0	9	29	0	23	0	0	552	0	2	2	31	130	93	101	900	0	17	65	230	391
LT934125.1	-	55956	55837	NOV_TX_3925	0	0	0	0	0	0	0	0	0	0	0	0	0	0	0	0	0	0	0	0	0	0	0	0	8	0	0	0	1	2
LT934125.1	-	55992	55270	NOV_TX_3926	7	285	1	5	3	0	19	97	0	0	3	7	117	13	0	0	235	0	0	2	0	27	22	81	0	1	0	36	0	114
LT934125.1	-	56022	55270	NOV_TX_3928	6	0	1	0	0	34	39	163	0	0	4	7	0	7	0	0	0	1	0	2	24	54	71	63	661	0	0	0	333	191
LT934125.1	-	56047	55270	NOV_TX_3930	8	701	1	0	5	0	27	318	0	0	3	11	0	6	0	0	569	1	8	1	11	42	49	45	487	0	14	29	0	203
LT934125.1	-	56114	55270	NOV_TX_3932	16	898	1	5	5	18	86	0	0	1	9	0	0	38	0	3	226	2	2	6	29	0	78	173	395	1	23	75	0	437
LT934125.1	-	56129	55270	NOV_TX_3939	0	0	0	0	0	0	0	569	0	0	0	31	104	0	0	0	261	0	0	0	0	116	0	0	534	0	0	0	282	0
LT934125.1	-	56129	55837	NOV_TX_3936	0	0	0	0	0	0	0	0	0	0	0	0	1	0	0	0	0	0	0	0	0	0	0	0	6	0	0	0	1	0
LT934125.1	-	56188	55270	NOV_TX_3945	53	12298	65	96	133	708	1593	10388	5	33	137	528	1918	143	4	16	7697	18	53	103	365	1585	1880	926	22648	6	328	686	3768	10124
LT934125.1	-	56188	55363	NOV_TX_3940	0	3	0	0	0	1	1	10	0	0	0	0	0	0	0	0	3	0	0	0	0	1	1	0	22	0	0	1	16	19
LT934125.1	-	56188	55639	NOV_TX_3941	0	40	1	0	0	1	8	15	0	0	1	0	2	0	0	0	40	0	0	0	2	4	2	0	96	0	1	5	14	52
LT934125.1	-	56188	55837	NOV_TX_3942	0	235	1	0	1	0	32	29	0	0	0	5	2	0	0	1	124	1	1	1	0	11	21	0	275	0	1	19	69	208
LT934125.1	-	56188	55988	NOV_TX_3944	0	0	0	0	0	0	0	0	0	0	0	0	0	0	0	0	1	0	0	0	0	0	0	0	2	0	1	0	1	2
LT934125.1	-	56235	55270	NOV_TX_3946	0	6	0	0	0	1	1	5	0	0	0	0	3	0	0	0	7	0	0	0	0	0	2	1	8	0	0	1	7	4
LT934125.1	-	56262	55270	NOV_TX_3947	0	75	0	1	1	0	7	39	0	0	0	2	9	1	0	0	59	0	0	0	3	11	12	5	82	0	0	3	31	32
LT934125.1	-	56291	55270	NOV_TX_3948	0	3	0	0	0	0	0	0	0	0	0	1	3	3	0	0	8	0	0	0	0	0	3	4	2	0	0	2	4	0
LT934125.1	-	56304	55270	NOV_TX_3949	0	0	0	0	0	0	0	0	0	0	0	0	0	0	0	0	0	0	0	0	0	0	0	0	81	0	1	0	0	0
LT934125.1	-	56327	55270	NOV_TX_3950	1	8	0	0	0	0	4	35	0	0	0	1	0	3	0	0	20	0	0	0	1	14	4	14	0	0	0	3	5	0
LT934125.1	-	56345	55270	NOV_TX_3951	0	66	0	0	0	0	0	0	0	0	0	0	0	0	0	0	0	0	0	0	0	0	0	0	0	0	0	0	0	27
LT934125.1	-	56376	55270	NOV_TX_3952	1	8	0	0	0	0	0	0	0	0	0	0	14	0	0	0	97	0	0	0	1	0	0	4	0	0	0	0	1	0
LT934125.1	-	56392	55270	NOV_TX_3954	0	0	0	0	0	0	11	0	0	0	0	0	0	0	0	0	0	0	0	0	0	0	17	0	0	0	0	0	0	0
LT934125.1	-	56409	55270	NOV_TX_3955	0	105	0	0	0	2	0	0	0	0	1	6	0	3	0	0	0	0	0	2	2	0	0	12	0	0	0	2	22	0
LT934125.1	-	56436	55270	NOV_TX_3958	0	0	0	0	0	0	0	53	0	0	0	0	0	0	0	0	0	0	0	0	0	22	0	0	127	0	0	0	0	53
LT934125.1	-	56470	55270	NOV_TX_3959	1	49	0	0	1	0	4	20	0	0	0	2	4	1	0	0	39	0	0	0	1	10	10	11	12	0	0	5	17	6
LT934125.1	-	56492	55270	NOV_TX_3961	0	0	0	0	1	0	0	2	0	0	0	0	2	2	0	0	5	0	0	0	0	0	1	4	0	0	0	0	0	0
LT934125.1	-	56512	55270	NOV_TX_3962	0	44	0	0	0	0	6	16	0	0	0	0	3	2	0	0	29	0	0	0	3	5	5	6	65	0	0	0	0	31
LT934125.1	-	56582	55270	NOV_TX_3966	1	58	0	0	0	0	0	0	0	0	0	1	0	1	0	0	37	0	0	0	3	0	27	5	36	0	0	0	0	0
LT934125.1	-	56628	55270	NOV_TX_3968	2	96	0	1	2	3	16	56	0	0	0	3	15	2	0	0	70	0	0	0	2	0	0	10	94	0	1	2	24	52
LT934125.1	-	56709	55270	NOV_TX_3972	0	48	0	0	1	3	4	34	0	0	0	1	7	2	0	0	18	0	0	0	0	3	5	9	54	0	0	1	10	18
LT934125.1	-	56750	55270	NOV_TX_3974	0	0	0	0	0	0	0	16	0	0	0	1	0	0	0	0	0	0	0	0	0	0	0	0	0	0	0	0	0	0
LT934125.1	-	56780	55270	NOV_TX_3975	1	28	0	0	0	1	2	0	0	0	0	0	3	1	0	0	9	0	0	0	2	0	8	8	14	0	0	0	0	4
LT934125.1	-	56850	55270	NOV_TX_3979	0	30	0	0	0	0	3	3	0	0	0	0	1	0	0	0	0	0	0	0	1	1	0	4	6	0	0	0	0	5
LT934125.1	-	56870	55270	NOV_TX_3980	2	74	0	0	0	2	5	5	0	0	0	0	1	5	0	0	23	0	0	0	0	5	4	6	38	0	0	0	3	15
LT934125.1	-	56946	55270	NOV_TX_3988	2	1154	1	3	15	71	105	888	0	0	10	27	127	12	0	0	481	0	1	4	43	111	134	37	1935	1	9	38	246	843
LT934125.1	-	56946	55639	NOV_TX_3986	0	0	0	0	0	0	0	1	0	0	0	0	0	0	0	0	1	0	0	0	1	1	1	0	12	0	0	0	2	3
LT934125.1	-	56946	55837	NOV_TX_3983	0	1	0	0	0	0	0	3	0	0	0	0	0	0	0	0	1	0	0	0	0	0	0	0	6	0	0	1	2	3
LT934125.1	-	56946	56318	NOV_TX_3984	0	62	0	0	1	1	8	12	0	0	0	2	0	0	0	0	52	0	0	0	5	5	2	0	119	0	0	5	18	50
LT934125.1	-	56946	56526	NOV_TX_3985	0	14	0	0	0	1	0	1	0	0	0	0	0	0	0	0	6	0	0	0	0	0	3	0	9	0	0	0	3	2
LT934125.1	-	57030	55270	NOV_TX_3991	0	32	0	0	0	0	0	6	0	0	0	0	2	0	0	0	11	0	0	0	0	4	0	1	11	0	0	0	2	8
LT934125.1	-	57045	55270	NOV_TX_3992	0	12	0	0	0	0	0	0	0	0	0	1	0	0	0	0	2	0	0	0	0	0	0	0	0	0	0	0	0	2
LT934125.1	-	57068	55270	NOV_TX_3993	0	0	0	0	0	1	0	0	0	0	0	0	0	0	0	0	0	0	0	0	0	0	5	0	0	0	0	0	0	0
LT934125.1	-	57094	55270	NOV_TX_3996	0	41	0	0	0	1	5	15	0	0	0	0	1	2	0	0	20	0	1	0	2	3	1	5	30	0	0	3	9	16
LT934125.1	-	57141	55270	NOV_TX_3998	0	0	0	0	0	0	1	3	0	0	0	0	0	1	0	0	1	0	0	0	0	1	0	1	0	0	0	1	0	2
LT934125.1	-	57154	55270	NOV_TX_3999	0	0	0	0	0	0	3	0	0	0	0	0	0	0	0	0	0	0	0	0	0	0	0	0	10	0	0	0	0	0
LT934125.1	-	57168	55270	NOV_TX_4000	0	12	0	0	0	0	0	1	0	0	0	0	0	0	0	0	5	0	0	0	0	0	0	0	1	0	0	0	3	5
LT934125.1	-	57227	55270	NOV_TX_4002	0	1	0	0	0	0	0	0	0	0	0	0	0	0	0	0	4	0	0	0	0	0	0	0	0	0	0	0	0	0
LT934125.1	-	57310	55270	NOV_TX_4003	0	3	0	0	0	0	0	4	0	0	0	0	2	0	0	0	2	0	0	0	0	2	1	0	0	0	1	0	2	0
LT934125.1	-	57434	55270	NOV_TX_4007	1	1	0	0	0	0	2	0	0	0	0	0	0	0	0	0	0	0	0	0	0	0	0	0	0	0	0	0	0	2
LT934125.1	-	57594	55270	NOV_TX_4009	0	1	0	0	0	0	2	2	0	0	0	0	0	1	0	0	3	0	0	0	1	1	1	2	0	0	0	0	2	1
LT934125.1	-	57754	55270	NOV_TX_4014	0	3	0	0	0	0	0	0	0	0	0	0	1	0	0	0	1	0	0	0	1	1	0	0	0	0	0	0	1	0
LT934125.1	-	57802	55270	NOV_TX_4015	0	9	0	0	0	0	0	2	0	0	0	0	0	1	0	0	5	0	0	0	0	0	0	0	5	0	0	0	0	1
LT934125.1	-	57920	55270	NOV_TX_4018	0	5	0	0	0	0	0	1	0	0	0	0	0	0	0	0	0	0	0	0	0	0	2	0	0	0	0	0	0	0
LT934125.1	-	57981	55270	NOV_TX_4019	0	1	0	0	0	0	1	0	0	0	0	0	0	0	0	0	1	0	0	0	0	0	2	0	0	0	0	0	0	1
LT934125.1	-	58299	55270	NOV_TX_4025	0	6	0	0	0	0	0	0	0	0	0	0	1	0	0	0	1	0	0	0	0	0	0	2	1	0	0	0	0	0
LT934125.1	-	58359	55270	NOV_TX_4026	0	2	0	0	0	0	0	0	0	0	0	0	0	0	0	0	0	0	0	0	0	0	1	1	1	0	0	0	0	0
LT934125.1	-	58570	55270	NOV_TX_4028	1	138	0	0	3	11	11	48	0	0	2	3	15	10	0	0	23	0	0	0	2	7	6	43	179	0	1	3	42	143
LT934125.1	-	58570	56318	NOV_TX_4027	0	3	0	0	0	0	0	0	0	0	0	0	0	0	0	0	0	0	0	0	0	0	0	0	2	0	0	0	1	3
LT934125.1	-	58964	55270	NOV_TX_4033	0	8	0	0	0	0	0	0	0	0	0	0	0	0	0	0	1	0	0	0	0	0	2	0	5	0	0	0	1	5
LT934125.1	-	59016	55270	NOV_TX_4034	0	0	0	0	0	0	1	2	0	0	0	0	1	0	0	0	0	0	0	0	0	0	1	0	2	0	0	0	1	8
LT934125.1	-	59277	55270	NOV_TX_4038	2	40	0	0	0	1	2	7	0	0	0	1	3	6	0	0	3	0	0	0	0	0	4	11	11	0	0	3	10	22
LT934125.1	-	59277	58863	NOV_TX_4040	0	3	0	0	0	0	0	0	0	0	0	0	0	0	0	0	2	0	0	0	0	0	0	0	6	0	0	0	1	15
LT934125.1	-	62075	60234	NOV_TX_4042	0	3	0	0	0	0	0	0	0	0	0	0	0	0	0	0	1	0	0	0	0	0	0	0	5	0	0	0	1	3
LT934125.1	-	63250	63159	NOV_TX_4045	0	0	0	0	0	0	3	0	0	0	0	0	0	0	0	0	0	0	0	0	246	0	0	0	683	0	0	12	11	0
LT934125.1	-	63250	63161	NOV_TX_4046	0	0	0	0	0	0	0	12	0	0	0	0	1	1	0	0	0	0	0	0	0	0	0	1	0	0	0	0	0	0
LT934125.1	-	63250	63164	NOV_TX_4044	0	87	0	0	4	186	0	0	0	0	0	0	0	0	0	0	481	0	0	0	0	10	6	0	0	0	0	0	0	18
LT934125.1	-	63282	63161	NOV_TX_4049	1	0	0	0	0	0	0	17	0	0	0	0	2	0	0	0	0	0	0	0	0	0	0	16	0	0	0	0	0	0
LT934125.1	-	63282	63164	NOV_TX_4048	0	1615	0	0	3	0	0	0	0	0	0	0	0	0	0	0	0	0	0	0	0	0	1403	0	0	0	143	0	0	0
LT934125.1	-	63310	63159	NOV_TX_4058	0	0	0	0	0	0	1036	0	0	0	0	0	0	0	0	0	0	0	0	0	0	0	0	0	11706	0	0	0	2671	0
LT934125.1	-	63310	63161	NOV_TX_4052	9	0	0	0	0	0	0	182	0	0	0	0	22	15	0	1	0	0	0	0	0	0	0	144	0	0	0	0	0	0
LT934125.1	-	63310	63162	NOV_TX_4053	0	0	1	0	0	0	0	7	0	0	0	0	1	0	0	0	0	0	0	1	0	0	0	0	0	0	0	0	0	0
LT934125.1	-	63310	63164	NOV_TX_4055	0	0	0	0	17	0	0	0	0	0	0	0	0	0	0	0	7288	0	0	0	0	1124	0	0	0	0	0	0	0	4818
LT934125.1	-	63420	63159	NOV_TX_4071	0	0	0	0	0	0	7066	0	0	0	0	0	0	0	0	0	0	0	0	0	2339	0	0	0	187154	0	0	4262	40458	0
LT934125.1	-	63420	63161	NOV_TX_4067	41	0	0	0	0	0	0	24473	1	10	133	1382	2073	76	0	13	0	0	115	0	0	0	0	953	0	0	0	0	0	0
LT934125.1	-	63420	63162	NOV_TX_4069	0	0	15	0	0	0	0	3338	0	0	35	299	290	0	0	0	0	0	0	74	0	0	0	0	0	0	0	0	0	0
LT934125.1	-	63420	63164	NOV_TX_4068	0	11686	0	0	266	2777	0	0	0	0	0	0	0	0	0	0	66606	0	0	0	0	11065	10848	0	0	0	1252	0	0	68408
LT934125.1	-	63420	63303	NOV_TX_4074	0	0	0	0	0	0	37	47	0	0	0	7	7	0	0	0	165	0	0	0	2	8	22	0	699	0	0	44	183	205
LT934125.1	-	63420	63308	NOV_TX_4064	0	350	0	0	0	1	103	85	0	0	1	8	9	0	0	0	364	0	0	0	0	9	52	0	1835	0	2	80	512	507
LT934125.1	-	63498	63159	NOV_TX_4076	0	0	0	0	0	0	3	0	0	0	0	0	0	0	0	0	0	0	0	0	1	0	0	0	48	0	0	1	6	0
LT934125.1	-	63498	63161	NOV_TX_4075	0	0	0	0	0	0	0	15	1	1	0	2	3	0	0	0	0	0	0	0	0	0	0	0	0	0	0	0	0	0
LT934125.1	-	63498	63164	NOV_TX_4077	0	12	0	0	0	0	0	0	0	0	0	0	0	0	0	0	14	0	0	0	0	3	5	0	0	0	0	0	0	11
LT934125.1	-	63688	63159	NOV_TX_4080	0	0	0	0	0	0	3	0	0	0	0	0	0	0	0	0	0	0	0	0	4	0	0	0	36	0	0	0	0	0
LT934125.1	-	63688	63161	NOV_TX_4081	0	0	0	0	0	0	0	21	0	0	0	1	0	1	0	0	0	0	0	0	0	0	0	0	0	0	0	0	0	0
LT934125.1	-	63688	63164	NOV_TX_4079	0	9	0	0	0	0	0	0	0	0	0	0	0	0	0	0	32	0	0	0	0	1	11	0	0	0	1	0	0	5
LT934125.1	-	63748	63159	NOV_TX_4085	0	0	0	0	0	0	0	0	0	0	0	0	0	0	0	0	0	0	0	0	0	0	0	0	4	0	0	0	2	0
LT934125.1	-	63748	63164	NOV_TX_4083	0	5	0	0	0	1	0	0	0	0	0	0	0	0	0	0	3	0	0	0	0	0	1	0	0	0	0	0	0	0
LT934125.1	-	63846	63164	NOV_TX_4089	0	1	0	0	0	0	0	0	0	0	0	0	0	0	0	0	5	0	0	0	0	0	1	0	0	0	0	0	0	0
LT934125.1	-	63969	63164	NOV_TX_4096	0	1	0	0	0	0	0	0	0	0	0	0	0	0	0	0	5	0	0	0	0	0	0	0	0	0	0	0	0	0
LT934125.1	-	64127	63159	NOV_TX_4100	0	0	0	0	0	0	16	0	0	0	0	0	0	0	0	0	0	0	0	0	2	0	0	0	343	0	0	2	26	0
LT934125.1	-	64127	63161	NOV_TX_4098	0	0	0	0	0	0	0	88	0	0	0	1	12	1	0	0	0	0	0	0	0	0	0	9	0	0	0	0	0	0
LT934125.1	-	64127	63164	NOV_TX_4099	0	45	0	0	1	3	0	0	0	0	0	0	0	0	0	0	191	0	0	0	0	18	24	0	0	0	1	0	0	84
LT934125.1	-	64230	64133	NOV_TX_4105	0	53	1	0	1	2	13	0	0	0	0	0	0	0	0	0	68	0	0	0	7	25	19	0	41	0	1	3	18	36
LT934125.1	-	64268	64133	NOV_TX_4107	0	96	0	0	1	6	24	0	0	0	0	0	0	0	0	0	119	0	0	1	10	43	42	0	84	0	1	4	28	56
LT934125.1	-	64268	64138	NOV_TX_4108	0	0	0	0	0	0	0	9	0	0	0	1	1	0	0	0	0	0	0	0	0	0	0	3	0	0	0	0	0	0
LT934125.1	-	64341	64133	NOV_TX_4114	0	171	1	1	1	3	0	0	0	0	0	0	0	0	0	0	244	0	0	1	14	111	0	0	0	0	2	15	0	0
LT934125.1	-	64341	64134	NOV_TX_4113	0	0	0	0	0	0	0	19	0	0	0	2	0	0	0	0	0	0	0	0	0	0	0	0	0	0	0	0	0	0
LT934125.1	-	64341	64138	NOV_TX_4112	0	0	0	0	0	0	0	56	0	0	0	5	21	3	0	0	0	0	0	0	0	0	0	4	0	0	0	0	0	0
LT934125.1	-	64368	64133	NOV_TX_4116	0	0	0	2	1	1	4	0	0	0	0	0	0	0	0	0	140	0	0	0	12	6	4	0	347	0	1	11	146	237
LT934125.1	-	64368	64138	NOV_TX_4117	0	0	0	0	0	0	0	3	0	0	1	1	0	1	0	0	0	0	0	0	0	0	0	8	0	0	0	0	0	0
LT934125.1	-	64404	64133	NOV_TX_4120	0	20	2	0	1	1	6	0	0	0	0	0	0	0	0	0	30	0	0	0	4	23	5	0	28	0	1	1	14	14
LT934125.1	-	64404	64138	NOV_TX_4119	1	0	0	0	0	0	0	14	0	0	0	2	3	1	0	0	0	0	0	0	0	0	0	2	0	0	0	0	0	0
LT934125.1	-	64464	64133	NOV_TX_4125	0	235	1	0	4	7	81	0	0	0	0	0	0	0	0	0	360	1	0	6	32	151	92	0	530	0	1	42	191	254
LT934125.1	-	64464	64134	NOV_TX_4126	0	0	0	0	0	0	0	24	0	0	4	4	7	0	0	0	0	0	0	0	0	0	0	0	0	0	0	0	0	0
LT934125.1	-	64464	64138	NOV_TX_4124	2	0	0	0	0	0	0	83	0	0	2	15	26	3	0	0	0	0	3	0	0	0	0	11	0	0	0	0	0	0
LT934125.1	-	64522	64133	NOV_TX_4128	0	48	1	0	0	2	8	0	0	0	0	0	0	0	0	0	98	1	0	0	12	22	34	0	97	0	1	9	28	40
LT934125.1	-	64522	64134	NOV_TX_4130	0	0	0	0	0	0	0	8	0	0	0	1	1	0	0	0	0	0	0	0	0	0	0	0	0	0	0	0	0	0
LT934125.1	-	64522	64138	NOV_TX_4129	3	0	0	0	0	0	0	44	0	0	2	6	7	8	0	0	0	0	3	0	0	0	0	30	0	0	0	0	0	0
LT934125.1	-	64570	64133	NOV_TX_4133	0	8	0	0	0	2	4	0	0	0	0	0	0	0	0	0	22	0	0	0	1	10	5	0	22	0	0	0	9	8
LT934125.1	-	64570	64138	NOV_TX_4135	0	0	0	0	0	0	0	1	0	0	0	0	5	0	0	0	0	0	0	0	0	0	0	0	0	0	0	0	0	0
LT934125.1	-	64624	64133	NOV_TX_4138	0	34	0	1	0	1	4	0	0	0	0	0	0	0	0	0	53	0	0	1	2	0	53	0	0	0	0	14	20	21
LT934125.1	-	64624	64138	NOV_TX_4137	3	0	0	0	0	0	0	0	0	0	0	1	5	2	0	0	0	0	0	0	0	0	0	9	0	0	0	0	0	0
LT934125.1	-	64638	64133	NOV_TX_4140	0	0	0	1	0	3	22	0	0	0	0	0	0	0	0	0	120	0	0	0	10	0	0	0	217	0	2	0	51	80
LT934125.1	-	64638	64134	NOV_TX_4141	0	0	0	0	0	0	0	0	0	0	0	2	6	0	0	0	0	0	0	0	0	0	0	0	0	0	0	0	0	0
LT934125.1	-	64638	64138	NOV_TX_4139	1	0	0	0	0	0	0	0	0	0	5	9	17	5	0	0	0	0	1	0	0	0	0	25	0	0	0	0	0	0
LT934125.1	-	64655	64133	NOV_TX_4143	0	116	0	0	1	0	0	0	0	0	0	0	0	0	0	0	0	0	0	0	0	0	0	0	0	0	0	0	0	0
LT934125.1	-	64695	64133	NOV_TX_4146	0	139	1	1	0	8	43	0	0	0	0	0	0	0	0	0	251	2	0	0	22	78	48	0	212	1	2	10	82	91
LT934125.1	-	64695	64134	NOV_TX_4148	0	0	0	0	0	0	0	16	0	0	2	4	9	0	0	0	0	0	0	0	0	0	0	0	0	0	0	0	0	0
LT934125.1	-	64695	64138	NOV_TX_4147	0	0	0	0	0	0	0	57	0	4	5	13	18	2	0	1	0	0	0	0	0	0	0	14	0	0	0	0	0	0
LT934125.1	-	64730	64133	NOV_TX_4149	0	16	0	0	0	0	3	0	0	0	0	0	0	0	0	0	18	0	0	0	0	0	2	0	26	0	1	1	5	8
LT934125.1	-	64730	64138	NOV_TX_4150	0	0	0	0	0	0	0	6	0	0	0	0	0	2	0	0	0	0	2	0	0	0	0	6	0	0	0	0	0	0
LT934125.1	-	64785	64133	NOV_TX_4155	0	35	0	0	0	0	11	0	0	0	0	0	0	0	0	0	54	0	0	0	0	0	21	0	58	0	0	8	16	26
LT934125.1	-	64785	64134	NOV_TX_4153	0	0	0	0	0	0	0	0	0	0	0	4	2	0	0	0	0	0	0	0	0	0	0	0	0	0	0	0	0	0
LT934125.1	-	64785	64138	NOV_TX_4154	4	0	0	0	0	0	0	0	0	0	1	1	7	6	0	0	0	0	0	0	0	0	0	12	0	0	0	0	0	0
LT934125.1	-	64864	64133	NOV_TX_4161	0	17	0	0	0	0	1	0	0	0	0	0	0	0	0	0	4	0	0	0	0	3	1	0	10	0	0	0	2	2
LT934125.1	-	64864	64134	NOV_TX_4163	0	0	0	0	0	0	0	1	0	0	0	2	2	0	0	0	0	0	0	0	0	0	0	0	0	0	0	0	0	0
LT934125.1	-	64864	64138	NOV_TX_4162	0	0	0	0	0	0	0	6	0	0	0	4	7	1	0	0	0	0	0	0	0	0	0	0	0	0	0	0	0	0
LT934125.1	-	64900	64133	NOV_TX_4167	0	9	0	0	0	0	0	0	0	0	0	0	0	0	0	0	16	0	0	2	5	0	0	0	26	0	0	10	0	17
LT934125.1	-	64900	64138	NOV_TX_4165	0	0	0	0	0	0	0	47	0	0	0	0	0	2	0	1	0	0	0	0	0	0	0	1	0	0	0	0	0	0
LT934125.1	-	64926	64133	NOV_TX_4169	0	42	0	0	0	0	0	0	0	0	0	0	0	0	0	0	32	0	0	0	0	0	0	0	48	0	0	0	0	18
LT934125.1	-	64949	64133	NOV_TX_4170	0	9	0	0	0	6	13	0	0	0	0	0	0	0	0	0	6	0	0	0	4	30	24	0	8	0	0	0	0	6
LT934125.1	-	64995	64133	NOV_TX_4175	0	13	0	0	0	1	3	0	0	0	0	0	0	0	0	0	5	0	0	0	0	1	1	0	7	0	0	0	2	3
LT934125.1	-	64995	64138	NOV_TX_4176	0	0	0	0	0	0	0	4	0	0	1	0	1	2	0	0	0	0	0	0	0	0	0	2	0	0	0	0	0	0
LT934125.1	-	65078	64133	NOV_TX_4179	0	7	0	0	1	1	0	0	0	0	0	0	0	0	0	0	13	0	0	0	2	7	5	0	16	0	0	0	6	6
LT934125.1	-	65078	64134	NOV_TX_4181	0	0	0	0	0	0	0	4	0	0	0	1	0	0	0	0	0	0	0	0	0	0	0	0	0	0	0	0	0	0
LT934125.1	-	65078	64138	NOV_TX_4180	0	0	0	0	0	0	0	23	0	0	1	0	1	3	0	0	0	0	0	0	0	0	0	3	0	0	0	0	0	0
LT934125.1	-	65153	64133	NOV_TX_4184	0	2	0	0	0	0	0	0	0	0	0	0	0	0	0	0	3	0	0	0	0	0	0	0	1	0	0	0	0	2
LT934125.1	-	65153	64138	NOV_TX_4185	0	0	0	0	0	0	0	1	0	0	0	0	0	0	0	0	0	0	0	0	0	0	0	4	0	0	0	0	0	0
LT934125.1	-	65222	64133	NOV_TX_4187	0	12	0	0	0	1	1	0	0	0	0	0	0	0	0	0	7	1	0	0	0	0	1	0	5	0	0	0	4	2
LT934125.1	-	65222	64138	NOV_TX_4188	0	0	0	0	0	0	0	9	0	0	0	0	1	0	0	0	0	0	0	0	0	0	0	0	0	0	0	0	0	0
LT934125.1	-	65303	64133	NOV_TX_4193	0	6	0	0	1	2	0	0	0	0	0	0	0	0	0	0	1	0	0	0	0	2	0	0	8	0	0	0	1	2
LT934125.1	-	65303	64138	NOV_TX_4194	0	0	0	0	0	0	0	6	0	0	0	0	1	0	0	0	0	0	0	0	0	0	0	2	0	0	0	0	0	0
LT934125.1	-	65340	64133	NOV_TX_4195	0	10	0	0	0	0	5	0	0	0	0	0	0	0	0	0	3	0	0	0	1	2	4	0	2	0	1	2	3	1
LT934125.1	-	65398	64133	NOV_TX_4198	0	1	0	0	0	0	0	0	0	0	0	0	0	0	0	0	5	0	0	0	1	8	0	0	2	0	0	0	0	0
LT934125.1	-	65448	64133	NOV_TX_4201	0	28	0	0	0	3	5	0	0	0	0	0	0	0	0	0	10	0	0	0	1	5	7	0	22	0	1	3	8	12
LT934125.1	-	65448	64138	NOV_TX_4200	0	0	0	0	0	0	0	5	0	0	0	1	2	0	0	0	0	0	0	0	0	0	0	4	0	0	0	0	0	0
LT934125.1	-	65503	64133	NOV_TX_4203	0	3	0	0	0	1	2	0	0	0	0	0	0	0	0	0	5	0	0	0	0	4	0	0	6	0	0	0	0	1
LT934125.1	-	65582	64133	NOV_TX_4206	0	3	0	0	1	0	0	0	0	0	0	0	0	0	0	0	2	0	0	0	0	0	0	0	3	0	0	1	0	7
LT934125.1	-	65624	64133	NOV_TX_4209	0	12	0	0	0	4	12	0	0	0	0	0	0	0	0	0	15	0	0	0	0	0	4	0	26	0	0	1	5	10
LT934125.1	-	65624	64138	NOV_TX_4210	1	0	0	0	0	0	0	3	0	0	0	0	0	1	0	0	0	0	0	0	0	0	0	1	0	0	0	0	0	0
LT934125.1	-	65657	64133	NOV_TX_4213	0	69	0	0	0	0	0	0	0	0	0	0	0	0	0	0	0	0	0	0	3	0	2	0	0	0	0	0	2	2
LT934125.1	-	65657	64138	NOV_TX_4211	0	0	0	0	0	0	0	5	0	0	0	0	0	0	0	0	0	0	0	0	0	0	0	1	0	0	0	0	0	0
LT934125.1	-	65680	64133	NOV_TX_4216	0	0	0	0	0	0	0	0	0	0	0	0	0	0	0	0	31	0	0	0	5	15	6	0	54	0	1	4	22	10
LT934125.1	-	65680	64138	NOV_TX_4214	1	0	0	0	0	0	0	11	0	0	0	1	1	2	0	0	0	0	0	0	0	0	0	0	0	0	0	0	0	0
LT934125.1	-	65752	63159	NOV_TX_4220	0	0	0	0	0	0	1	0	0	0	0	0	0	0	0	0	0	0	0	0	0	0	0	0	27	0	0	0	3	0
LT934125.1	-	65752	63164	NOV_TX_4219	0	8	0	0	0	0	0	0	0	0	0	0	0	0	0	0	8	0	0	0	0	1	1	0	0	0	0	0	0	13
LT934125.1	-	65752	64133	NOV_TX_4221	0	518	6	4	13	53	126	0	0	0	0	0	0	0	0	0	457	2	0	7	50	134	153	0	748	0	16	55	277	423
LT934125.1	-	65752	64134	NOV_TX_4222	0	0	0	0	0	0	0	68	0	0	0	13	17	0	0	0	0	0	0	0	0	0	0	0	0	0	0	0	0	0
LT934125.1	-	65752	64138	NOV_TX_4223	13	0	0	0	0	0	0	300	0	0	14	23	58	50	0	0	0	0	5	0	0	0	0	173	0	0	0	0	0	0
LT934125.1	-	65842	64133	NOV_TX_4226	0	1	0	0	0	0	3	0	0	0	0	0	0	0	0	0	0	0	0	0	0	0	0	0	0	0	0	0	1	1
LT934125.1	-	65880	64133	NOV_TX_4227	0	8	0	0	0	1	2	0	0	0	0	0	0	0	0	0	4	0	0	0	0	2	0	0	12	0	0	0	1	2
LT934125.1	-	70448	70190	NOV_TX_4239	0	2	0	0	0	0	0	0	0	0	0	0	0	0	0	0	5	0	0	0	0	0	0	0	2	0	0	0	6	1
LT934125.1	-	71650	71549	NOV_TX_4242	0	26	0	0	0	0	11	2	0	0	0	0	1	0	0	0	24	0	0	0	0	8	7	0	18	0	0	0	3	16
LT934125.1	-	71678	71549	NOV_TX_4243	0	13	0	0	0	2	2	0	0	0	0	0	0	1	0	0	14	0	0	0	1	4	9	0	7	0	0	0	4	17
LT934125.1	-	71775	71549	NOV_TX_4246	0	32	0	0	0	2	12	22	0	0	1	1	0	0	0	0	59	0	0	1	0	0	12	1	34	0	1	2	28	46
LT934125.1	-	71811	71549	NOV_TX_4248	0	28	0	0	0	0	3	0	0	0	0	0	0	0	0	0	5	0	0	0	0	0	1	0	3	0	0	0	3	4
LT934125.1	-	71826	71549	NOV_TX_4249	0	0	0	0	0	0	0	2	0	0	0	1	1	0	0	0	5	0	0	0	0	2	3	0	4	0	0	2	1	6
LT934125.1	-	71882	71549	NOV_TX_4250	0	36	0	0	1	1	8	31	0	0	1	2	6	1	0	1	52	0	0	0	1	16	22	6	37	0	1	8	17	40
LT934125.1	-	71946	71549	NOV_TX_4251	0	35	0	0	0	0	0	47	0	0	0	5	0	1	0	0	42	0	0	1	3	21	7	0	38	0	0	0	27	16
LT934125.1	-	71960	71549	NOV_TX_4252	0	9	0	0	0	0	0	0	0	0	0	2	0	1	0	0	13	0	0	0	0	0	3	0	12	0	0	16	6	9
LT934125.1	-	71979	71549	NOV_TX_4253	0	0	0	0	0	0	11	0	0	0	0	0	7	0	0	0	0	0	0	0	0	0	0	0	0	0	0	0	0	0
LT934125.1	-	72006	71549	NOV_TX_4254	0	13	0	0	0	0	0	0	0	0	0	0	0	0	0	0	2	0	0	0	0	0	0	0	2	0	0	0	1	1
LT934125.1	-	72048	71549	NOV_TX_4257	0	9	0	0	0	0	0	0	0	0	0	1	2	1	0	0	16	0	0	0	0	5	0	1	8	0	0	3	4	9
LT934125.1	-	72073	71549	NOV_TX_4258	0	8	0	0	0	0	5	19	0	0	0	0	0	0	0	0	7	0	0	0	0	0	0	0	0	0	0	0	0	1
LT934125.1	-	72176	71549	NOV_TX_4259	0	17	0	0	0	0	4	22	0	0	0	1	1	0	0	0	25	0	0	0	0	3	6	0	41	0	0	1	7	13
LT934125.1	-	72252	71549	NOV_TX_4262	0	6	0	0	0	0	0	11	0	0	0	0	4	0	0	0	12	0	0	0	1	0	0	1	6	0	1	0	0	0
LT934125.1	-	72298	71549	NOV_TX_4264	0	0	0	0	0	2	0	0	0	0	0	0	0	0	0	0	0	0	0	0	0	0	0	0	0	0	0	0	7	13
LT934125.1	-	72316	71549	NOV_TX_4265	0	2	0	0	0	0	0	2	0	0	0	0	0	0	0	0	2	0	0	0	0	0	1	1	1	0	0	2	0	0
LT934125.1	-	72343	71549	NOV_TX_4266	0	0	0	0	0	0	0	1	0	0	0	0	0	0	0	0	1	0	1	0	0	0	1	0	0	0	0	2	2	2
LT934125.1	-	72430	71549	NOV_TX_4268	0	0	0	0	0	0	0	0	0	0	0	0	0	0	0	0	0	0	0	0	0	1	4	0	0	0	0	0	0	0
LT934125.1	-	72448	71549	NOV_TX_4269	0	1	0	0	0	0	0	0	1	0	0	0	0	0	0	0	7	0	0	0	0	0	0	0	3	0	0	0	3	0
LT934125.1	-	72486	71549	NOV_TX_4271	1	8	0	0	0	0	0	16	0	0	0	0	0	0	0	0	3	0	0	0	0	0	0	4	7	0	0	1	0	2
LT934125.1	-	72568	71549	NOV_TX_4272	0	1	0	0	0	2	3	2	0	0	0	0	0	2	0	0	1	1	0	0	0	0	0	0	0	0	0	1	0	1
LT934125.1	-	72644	71549	NOV_TX_4274	0	0	0	0	0	0	6	0	0	0	0	0	0	0	0	0	0	0	0	0	0	3	0	0	0	0	0	0	0	0
LT934125.1	-	72662	71549	NOV_TX_4275	0	13	0	0	0	2	0	11	0	0	0	0	3	0	0	0	15	0	0	0	0	0	2	0	8	0	0	2	5	16
LT934125.1	-	72713	71549	NOV_TX_4277	0	0	0	0	0	0	9	17	0	0	0	0	0	0	0	0	0	0	0	0	0	0	0	0	0	0	0	4	0	0
LT934125.1	-	72739	71549	NOV_TX_4278	0	20	0	0	0	3	0	0	0	0	0	0	0	0	0	0	26	0	0	0	1	5	7	3	39	0	2	1	24	29
LT934125.1	-	72793	71549	NOV_TX_4279	1	27	0	0	0	1	2	12	0	0	0	0	5	3	0	0	16	0	2	0	0	6	6	11	33	0	1	2	5	16
LT934125.1	-	72827	71549	NOV_TX_4280	0	4	0	0	0	0	0	0	0	0	0	0	0	0	0	0	0	0	0	0	1	0	0	0	1	0	0	0	0	0
LT934125.1	-	72873	71549	NOV_TX_4282	1	12	0	0	0	1	1	10	0	0	0	0	1	0	0	0	10	0	0	0	0	0	5	0	20	0	0	0	1	14
LT934125.1	-	72979	71549	NOV_TX_4284	0	0	0	0	0	0	0	1	0	0	0	0	0	0	0	0	1	0	0	0	0	1	0	2	0	0	0	0	0	0
LT934125.1	-	73108	71549	NOV_TX_4287	0	16	0	0	1	1	5	15	0	0	0	0	5	0	0	0	6	0	0	0	2	2	7	1	11	0	0	0	5	19
LT934125.1	-	73230	71549	NOV_TX_4290	0	2	0	0	0	0	0	0	0	0	0	0	1	0	0	0	0	0	0	0	0	0	1	1	0	0	0	0	0	0
LT934125.1	-	74345	71549	NOV_TX_4298	0	12	0	0	1	2	5	6	0	0	1	0	8	0	0	0	13	0	0	0	0	2	1	0	21	0	0	2	20	56
LT934125.1	-	75603	71549	NOV_TX_4300	0	3	0	0	0	0	0	1	0	0	0	0	2	0	0	0	0	0	0	0	0	0	1	0	4	0	0	0	1	12
LT934125.1	-	76859	71549	NOV_TX_4309	0	1	0	0	0	0	0	0	0	0	0	0	0	0	0	0	1	0	0	0	0	0	1	0	0	0	0	0	0	3
LT934125.1	-	76859	75637	NOV_TX_4311	0	0	0	0	0	0	5	0	0	0	0	0	0	0	0	0	0	0	0	0	1	3	4	0	0	0	0	0	2	0
LT934125.1	-	76859	75649	NOV_TX_4313	0	0	0	0	0	0	0	1	0	0	0	0	3	0	0	0	0	0	0	0	0	0	0	0	4	0	0	0	0	0
LT934125.1	-	76859	75652	NOV_TX_4310	0	10	0	0	0	0	0	0	0	0	0	0	0	0	0	0	5	0	0	0	0	0	0	0	0	0	0	0	0	8
LT934125.1	-	80436	80352	NOV_TX_4315	0	482	0	0	3	8	60	21	0	0	0	0	2	1	0	0	352	0	0	1	7	31	42	1	606	0	3	13	111	319
LT934125.1	-	80491	80352	NOV_TX_4316	7	3580	2	1	0	72	652	0	0	2	3	62	0	12	0	0	0	1	1	3	52	367	546	57	8229	1	38	0	1197	3290
LT934125.1	-	80514	80352	NOV_TX_4317	0	0	0	0	5	0	0	751	0	0	0	0	0	0	0	0	3596	0	0	0	0	0	0	0	0	0	0	0	0	0
LT934125.1	-	80540	80352	NOV_TX_4318	0	0	0	0	0	0	0	0	0	0	0	0	148	0	0	0	0	0	0	0	0	0	0	0	0	0	0	193	0	0
LT934125.1	-	80586	80352	NOV_TX_4319	0	0	0	0	0	0	0	0	0	0	0	0	0	0	0	0	0	0	0	0	14	0	0	0	0	0	17	0	0	0
LT934125.1	-	80649	80352	NOV_TX_4323	10	524	1	1	4	19	119	315	0	0	1	17	34	28	0	2	463	1	0	0	0	0	122	168	1314	1	0	33	190	470
LT934125.1	-	80818	80352	NOV_TX_4326	0	0	0	0	0	0	0	0	0	0	0	30	0	0	0	0	0	0	0	0	0	0	0	0	1878	0	0	0	0	0
LT934125.1	-	80835	80352	NOV_TX_4327	10	621	2	0	2	29	0	0	0	0	0	0	59	25	1	3	0	1	0	1	21	0	0	117	0	0	12	0	281	643
LT934125.1	-	80853	80352	NOV_TX_4328	5	0	0	4	0	0	139	0	0	0	0	0	0	11	0	0	426	0	0	0	0	141	166	54	0	1	0	40	0	0
LT934125.1	-	80898	80352	NOV_TX_4330	2	233	0	0	1	0	0	500	0	0	0	0	0	5	0	0	0	0	0	0	0	0	0	54	0	0	0	11	0	0
LT934125.1	-	80964	80352	NOV_TX_4331	5	144	0	0	0	4	25	53	0	0	0	4	11	5	0	0	133	0	0	0	2	10	21	58	273	0	6	3	39	94
LT934125.1	-	81010	80352	NOV_TX_4332	0	484	0	1	0	0	0	0	0	0	2	2	100	9	0	0	535	0	1	0	0	0	0	55	498	0	0	43	0	0
LT934125.1	-	81035	80352	NOV_TX_4333	0	0	0	0	0	0	0	604	0	0	0	0	0	0	0	0	0	0	0	0	15	0	149	0	1812	0	0	0	0	713
LT934125.1	-	81051	80352	NOV_TX_4334	5	0	0	4	0	0	0	0	0	0	4	12	0	18	0	0	0	0	0	2	0	0	0	97	0	0	14	0	0	0
LT934125.1	-	81088	80352	NOV_TX_4335	4	193	0	0	0	0	138	0	0	0	1	5	0	17	0	0	195	0	0	0	0	91	0	68	0	0	0	0	0	0
LT934125.1	-	81164	80352	NOV_TX_4337	2	58	1	0	5	0	0	0	0	1	0	3	0	4	0	0	64	0	0	1	0	0	0	28	204	0	0	0	280	0
LT934125.1	-	81247	80352	NOV_TX_4339	3	224	0	1	0	14	56	10	0	0	0	12	18	10	0	1	0	0	0	0	0	2	4	53	58	0	1	23	8	283
LT934125.1	-	81272	80352	NOV_TX_4340	8	108	0	1	0	0	0	0	0	0	2	0	5	18	0	0	126	0	1	0	6	33	0	80	0	0	0	0	0	0
LT934125.1	-	81299	80352	NOV_TX_4341	0	0	0	0	0	0	0	208	0	0	0	0	0	0	0	0	0	0	0	0	0	0	83	0	1047	0	0	0	126	0
LT934125.1	-	81342	80352	NOV_TX_4342	0	0	0	0	0	0	19	0	0	0	0	0	0	0	0	0	0	0	0	0	1	0	0	0	0	0	0	0	0	0
LT934125.1	-	81365	80352	NOV_TX_4343	4	33	0	0	1	0	0	0	0	0	0	0	0	8	0	0	0	0	0	0	0	0	20	52	135	0	2	5	0	0
LT934125.1	-	81401	80352	NOV_TX_4345	1	0	0	0	0	0	0	0	0	0	0	0	0	1	0	0	0	0	0	0	0	0	0	8	0	0	0	0	0	0
LT934125.1	-	81429	80352	NOV_TX_4346	0	76	0	0	0	9	0	98	0	0	0	2	5	8	0	0	94	0	0	0	1	0	0	35	257	0	0	5	42	67
LT934125.1	-	81475	80352	NOV_TX_4347	0	0	0	0	0	0	0	36	0	0	0	0	0	0	0	0	0	0	0	0	0	0	14	0	0	0	1	0	0	0
LT934125.1	-	81496	80352	NOV_TX_4348	2	94	0	1	1	1	9	0	0	0	0	2	4	14	0	0	76	0	0	1	2	7	0	52	195	0	0	1	31	72
LT934125.1	-	81551	80352	NOV_TX_4349	0	0	0	0	0	0	16	85	0	0	0	0	0	0	0	0	0	0	0	1	0	0	0	0	0	0	0	0	0	0
LT934125.1	-	81572	80352	NOV_TX_4350	4	93	0	0	1	3	0	0	0	0	0	2	12	17	0	0	127	0	0	0	1	8	12	51	157	0	4	7	40	0
LT934125.1	-	81611	80352	NOV_TX_4351	1	24	0	0	0	0	0	0	0	0	0	0	5	4	0	0	0	0	0	0	0	2	1	28	183	0	1	2	5	106
LT934125.1	-	81652	80352	NOV_TX_4352	0	43	1	0	0	4	11	20	0	0	0	0	1	3	0	0	19	0	0	0	0	4	3	14	78	0	1	1	6	14
LT934125.1	-	81688	80352	NOV_TX_4353	4	49	0	0	1	1	8	33	0	0	0	0	5	5	0	0	55	0	0	0	2	5	5	42	83	0	1	2	16	58
LT934125.1	-	81743	80352	NOV_TX_4355	8	1168	0	1	3	27	164	237	0	0	1	3	36	12	0	0	506	0	2	1	20	83	69	136	2102	0	7	84	274	468
LT934125.1	-	81804	80352	NOV_TX_4356	186	2840	2	2	35	256	431	2565	0	2	26	118	353	419	0	2	2381	0	3	12	55	368	517	3516	14676	1	58	110	1024	4251
LT934125.1	-	81867	80352	NOV_TX_4357	0	0	0	0	0	0	0	0	0	0	0	0	9	0	0	0	0	0	1	0	0	0	0	0	0	0	0	0	0	0
LT934125.1	-	81884	80352	NOV_TX_4358	0	0	0	0	0	0	0	0	0	0	0	4	0	0	0	0	0	0	0	0	2	0	0	0	0	0	0	0	0	0
LT934125.1	-	81897	80352	NOV_TX_4359	4	78	1	3	1	19	18	73	0	0	8	0	0	4	0	1	34	0	0	4	3	25	15	23	57	0	0	8	44	96
LT934125.1	-	82026	80352	NOV_TX_4360	1	16	0	0	0	1	0	10	0	0	0	1	1	0	0	0	7	0	0	1	1	3	2	1	32	0	0	0	2	7
LT934125.1	-	82268	80352	NOV_TX_4365	0	1	0	0	0	0	0	2	0	0	0	0	0	0	0	0	1	0	0	0	0	1	0	1	0	0	0	0	0	0
LT934125.1	-	82326	80352	NOV_TX_4366	0	0	0	1	0	2	1	1	0	0	0	0	0	0	0	0	1	0	0	0	0	2	0	0	0	0	0	0	0	0
LT934125.1	-	83205	80352	NOV_TX_4373	0	1	0	0	0	0	0	0	0	0	0	0	0	0	0	0	1	0	0	0	0	0	0	0	3	0	0	0	0	1
LT934125.1	-	83954	80352	NOV_TX_4378	0	3	0	0	0	1	0	0	0	0	0	0	0	0	0	0	2	0	0	0	0	0	0	0	1	0	0	0	0	0
LT934125.1	-	86315	86130	NOV_TX_4383	0	0	0	0	0	0	0	36	0	0	0	1	0	0	0	0	0	0	0	0	0	0	0	0	0	0	0	0	0	0
LT934125.1	-	86315	86133	NOV_TX_4382	0	34	0	0	0	0	15	0	0	0	0	0	0	0	0	0	29	0	0	0	2	9	11	0	19	0	0	4	14	25
LT934125.1	-	86356	86130	NOV_TX_4386	1	0	0	0	0	0	0	59	0	0	0	6	11	0	0	0	0	0	0	1	0	0	0	3	0	0	0	0	0	0
LT934125.1	-	86356	86133	NOV_TX_4385	0	116	0	0	0	1	27	0	0	0	0	0	0	0	0	0	124	0	0	0	6	40	0	0	76	0	0	23	45	57
LT934125.1	-	86408	86130	NOV_TX_4391	0	0	0	0	0	0	0	63	0	1	0	4	21	1	0	0	0	0	0	0	0	0	0	2	0	0	0	0	0	0
LT934125.1	-	86408	86133	NOV_TX_4390	0	124	0	0	0	1	21	0	0	0	0	0	0	0	0	0	124	0	0	0	1	13	27	0	75	0	0	8	31	63
LT934125.1	-	86460	86130	NOV_TX_4395	0	0	0	0	0	0	0	1	0	0	4	1	24	2	0	0	0	0	0	0	0	0	0	2	0	0	0	0	0	0
LT934125.1	-	86460	86133	NOV_TX_4394	0	160	0	0	0	1	1	0	0	0	0	0	0	0	0	0	4	0	0	0	5	0	4	0	3	0	0	0	74	7
LT934125.1	-	86480	86133	NOV_TX_4396	0	0	0	0	0	0	35	0	0	0	0	0	0	0	0	0	0	0	0	0	0	0	59	0	163	0	0	0	0	0
LT934125.1	-	86520	86130	NOV_TX_4399	2	0	0	0	0	0	0	132	0	0	1	0	14	3	0	0	0	0	0	0	0	0	0	6	0	0	0	0	0	0
LT934125.1	-	86520	86133	NOV_TX_4400	0	50	0	0	0	2	0	0	0	0	0	0	0	0	0	0	271	0	0	0	2	0	0	0	0	0	2	0	0	0
LT934125.1	-	86582	86130	NOV_TX_4402	0	0	0	0	0	0	0	0	0	0	1	7	6	1	0	0	0	0	0	0	0	0	0	6	0	0	0	0	0	0
LT934125.1	-	86582	86133	NOV_TX_4404	0	40	0	0	0	0	0	0	0	0	0	0	0	0	0	0	0	0	0	0	0	53	0	0	0	0	0	4	0	125
LT934125.1	-	86609	86130	NOV_TX_4406	0	0	0	0	0	0	0	27	0	0	1	0	2	1	0	0	0	0	0	0	0	0	0	0	0	0	0	0	0	0
LT934125.1	-	86609	86133	NOV_TX_4405	0	20	0	0	0	1	4	0	0	0	0	0	0	0	0	0	27	0	0	0	0	3	14	0	4	0	0	0	4	5
LT934125.1	-	86652	86130	NOV_TX_4408	0	0	1	0	0	0	0	9	0	0	0	4	2	2	0	0	0	0	0	0	0	0	0	0	0	0	0	0	0	0
LT934125.1	-	86652	86133	NOV_TX_4407	0	16	0	0	0	0	5	0	0	0	0	0	0	0	0	0	24	0	0	0	1	2	16	0	17	0	0	1	4	10
LT934125.1	-	86694	86133	NOV_TX_4410	0	0	0	0	0	0	13	0	0	0	0	0	0	0	0	0	0	0	0	0	0	0	0	0	0	0	0	0	21	0
LT934125.1	-	86717	86130	NOV_TX_4413	2	0	1	0	0	0	0	0	0	0	2	4	0	5	0	0	0	0	0	0	0	0	0	8	0	0	0	0	0	0
LT934125.1	-	86717	86133	NOV_TX_4412	0	46	0	0	0	0	0	0	0	0	0	0	0	0	0	0	39	0	0	0	0	13	12	0	21	0	0	3	0	17
LT934125.1	-	86745	86130	NOV_TX_4416	2	0	0	0	0	0	0	0	0	0	0	0	10	0	0	0	0	0	0	0	0	0	0	1	0	0	0	0	0	0
LT934125.1	-	86745	86133	NOV_TX_4417	0	0	0	0	0	2	0	0	0	0	0	0	0	0	0	0	0	0	0	0	2	0	0	0	2	0	0	0	0	0
LT934125.1	-	86779	86133	NOV_TX_4419	0	0	0	0	0	0	0	0	0	0	0	0	0	0	0	0	2	0	0	0	0	0	4	0	0	0	0	1	0	0
LT934125.1	-	86820	86130	NOV_TX_4421	0	0	0	0	0	0	0	12	0	1	0	3	1	1	0	0	0	0	0	0	0	0	0	2	0	0	0	0	0	0
LT934125.1	-	86820	86133	NOV_TX_4420	0	34	0	0	0	0	6	0	0	0	0	0	0	0	0	0	22	0	0	0	2	14	4	0	19	0	0	8	6	14
LT934125.1	-	86896	86130	NOV_TX_4424	3	0	0	0	0	0	0	64	0	0	0	1	0	4	0	0	0	0	1	0	0	0	0	8	0	0	0	0	0	0
LT934125.1	-	86896	86133	NOV_TX_4423	0	30	0	0	0	5	0	0	0	0	0	0	0	0	0	0	31	0	0	0	5	0	15	0	34	0	0	7	15	23
LT934125.1	-	86928	86133	NOV_TX_4427	0	31	0	0	0	0	12	0	0	0	0	0	0	0	0	0	0	0	0	0	0	4	0	0	0	0	0	0	0	0
LT934125.1	-	86986	86130	NOV_TX_4430	0	0	0	0	0	0	0	11	0	0	0	0	4	2	0	0	0	0	0	0	0	0	0	2	0	0	0	0	0	0
LT934125.1	-	86986	86133	NOV_TX_4429	0	14	0	0	0	2	6	0	0	0	0	0	0	0	0	0	4	0	0	0	1	4	2	0	12	0	0	0	4	9
LT934125.1	-	87031	86133	NOV_TX_4431	0	0	0	0	0	0	1	0	0	0	0	0	0	0	0	0	1	0	0	0	0	4	0	0	1	0	0	1	0	0
LT934125.1	-	87093	86130	NOV_TX_4435	0	0	0	0	0	0	0	16	0	0	1	2	1	1	0	0	0	0	0	0	0	0	0	4	0	0	0	0	0	0
LT934125.1	-	87093	86133	NOV_TX_4433	0	16	0	0	0	0	4	0	0	0	0	0	0	0	0	0	25	0	0	0	0	6	1	0	15	0	1	6	14	15
LT934125.1	-	87161	86130	NOV_TX_4437	4	0	2	0	0	0	0	512	0	4	5	48	132	22	0	0	0	0	5	5	0	0	0	71	0	0	0	0	0	0
LT934125.1	-	87161	86132	NOV_TX_4439	0	0	1	0	0	0	0	88	0	0	5	9	17	0	0	0	0	1	0	0	0	0	0	0	0	0	0	0	0	0
LT934125.1	-	87161	86133	NOV_TX_4438	0	575	0	0	0	47	121	0	0	0	0	0	0	0	0	0	490	0	0	0	41	133	169	0	634	0	1	67	209	498
LT934125.1	-	87212	86130	NOV_TX_4443	0	0	0	0	0	0	0	13	0	0	0	4	4	2	0	0	0	0	0	0	0	0	0	7	0	0	0	0	0	0
LT934125.1	-	87212	86133	NOV_TX_4442	0	38	0	0	0	1	5	0	0	0	0	0	0	0	0	0	10	0	0	0	0	9	5	0	3	0	0	1	9	18
LT934125.1	-	87250	86130	NOV_TX_4446	1	0	0	0	0	0	0	15	0	0	0	3	2	0	0	0	0	0	0	1	0	0	0	5	0	0	0	0	0	0
LT934125.1	-	87250	86133	NOV_TX_4447	0	31	0	0	0	1	6	0	0	0	0	0	0	0	0	0	10	0	0	0	0	6	2	0	7	0	0	2	2	5
LT934125.1	-	87341	86130	NOV_TX_4452	0	0	0	0	0	0	0	1	0	0	0	0	4	1	0	0	0	0	0	0	0	0	0	1	0	0	0	0	0	0
LT934125.1	-	87341	86133	NOV_TX_4453	0	0	0	0	0	0	3	0	0	0	0	0	0	0	0	0	0	0	0	0	0	1	0	0	4	0	0	0	1	1
LT934125.1	-	87383	86133	NOV_TX_4454	0	3	0	0	0	2	0	0	0	0	0	0	0	0	0	0	2	0	0	0	1	1	0	0	1	0	0	0	0	0
LT934125.1	-	87447	86130	NOV_TX_4458	1	0	0	0	0	0	0	33	0	0	0	3	8	3	0	0	0	0	0	1	0	0	0	1	0	0	0	0	0	0
LT934125.1	-	87447	86132	NOV_TX_4459	0	0	0	0	0	0	0	5	0	0	0	2	1	0	0	0	0	0	0	0	0	0	0	0	0	0	0	0	0	0
LT934125.1	-	87447	86133	NOV_TX_4457	0	74	0	0	0	8	16	0	0	0	0	0	0	0	0	0	22	0	0	0	7	19	11	0	12	0	0	9	17	25
LT934125.1	-	87525	86130	NOV_TX_4462	0	0	0	0	0	0	0	3	0	0	0	0	2	0	0	0	0	0	0	0	0	0	0	0	0	0	0	0	0	0
LT934125.1	-	87525	86133	NOV_TX_4461	0	0	0	0	0	0	0	0	0	0	0	0	0	0	0	0	0	0	0	0	0	1	1	0	0	0	0	0	2	2
LT934125.1	-	87556	86133	NOV_TX_4464	0	0	0	0	0	0	3	0	0	0	0	0	0	0	0	0	0	0	0	0	0	0	1	0	0	0	0	0	0	1
LT934125.1	-	87676	86130	NOV_TX_4468	0	0	0	0	0	0	0	11	0	0	1	1	5	0	0	0	0	0	0	0	0	0	0	2	0	0	0	0	0	0
LT934125.1	-	87676	86133	NOV_TX_4469	0	19	0	0	0	0	6	0	0	0	0	0	0	0	0	0	12	0	0	0	1	0	2	0	6	0	0	1	2	9
LT934125.1	-	87726	86133	NOV_TX_4470	0	1	0	0	0	0	2	0	0	0	0	0	0	0	0	0	3	0	0	0	0	0	0	0	0	0	0	1	0	1
LT934125.1	-	87769	86130	NOV_TX_4472	0	0	0	0	0	0	0	3	0	0	0	0	1	0	0	0	0	0	0	0	0	0	0	1	0	0	0	0	0	0
LT934125.1	-	87769	86133	NOV_TX_4471	0	6	0	0	0	0	4	0	0	0	0	0	0	0	0	0	3	0	0	0	0	0	2	0	2	0	0	0	1	1
LT934125.1	-	87833	86130	NOV_TX_4475	0	0	0	0	0	0	0	5	0	0	0	0	1	0	0	0	0	0	0	0	0	0	0	2	0	0	0	0	0	0
LT934125.1	-	87833	86133	NOV_TX_4474	0	6	0	0	0	1	4	0	0	0	0	0	0	0	0	0	2	0	0	0	0	0	0	0	4	0	1	0	1	0
LT934125.1	-	87864	86133	NOV_TX_4476	0	0	0	0	0	0	0	0	0	0	0	0	0	0	0	0	0	0	0	0	0	2	0	0	0	0	0	0	0	10
LT934125.1	-	87956	86130	NOV_TX_4478	0	0	0	0	0	0	0	4	0	0	0	0	1	0	0	0	0	0	0	0	0	0	0	0	0	0	0	0	0	0
LT934125.1	-	87956	86133	NOV_TX_4477	0	13	0	0	0	1	0	0	0	0	0	0	0	0	0	0	2	0	0	0	0	0	5	0	4	0	0	0	0	2
LT934125.1	-	88003	86133	NOV_TX_4481	0	0	0	0	0	0	0	0	0	0	0	0	0	0	0	0	7	0	0	0	0	0	3	0	0	0	0	1	0	0
LT934125.1	-	88018	86133	NOV_TX_4482	0	0	0	0	0	0	2	0	0	0	0	0	0	0	0	0	0	0	0	0	0	0	1	0	0	0	0	0	0	2
LT934125.1	-	88240	86133	NOV_TX_4488	0	7	0	0	0	0	1	0	0	0	0	0	0	0	0	0	0	0	0	0	0	0	0	0	1	0	0	0	1	2
LT934125.1	-	88772	86133	NOV_TX_4499	0	10	0	0	0	2	0	0	0	0	0	0	0	0	0	0	1	0	0	0	0	0	1	0	0	0	0	0	0	0
LT934125.1	-	89079	86130	NOV_TX_4503	1	0	0	0	0	0	0	40	0	0	1	4	15	0	0	0	0	0	0	0	0	0	0	0	0	0	0	0	0	0
LT934125.1	-	89079	86132	NOV_TX_4506	0	0	0	0	0	0	0	15	0	0	0	1	3	0	0	0	0	0	0	0	0	0	0	0	0	0	0	0	0	0
LT934125.1	-	89079	86133	NOV_TX_4504	0	120	0	0	0	3	28	0	0	0	0	0	0	0	0	0	28	0	0	0	0	2	13	0	97	0	0	4	31	104
LT934125.1	-	89153	86130	NOV_TX_4508	1	0	0	0	0	0	0	30	0	1	0	0	5	1	0	0	0	0	0	1	0	0	0	2	0	0	0	0	0	0
LT934125.1	-	89153	86132	NOV_TX_4509	0	0	0	0	0	0	0	5	0	0	0	0	4	0	0	0	0	0	0	0	0	0	0	0	0	0	0	0	0	0
LT934125.1	-	89153	86133	NOV_TX_4507	0	43	0	0	0	4	21	0	0	0	0	0	0	0	0	0	3	0	0	0	1	3	7	0	5	0	0	3	8	22
LT934125.1	-	92154	92069	NOV_TX_4524	0	0	0	0	0	0	236	0	0	0	0	0	0	0	0	0	0	0	0	0	0	199	0	0	0	0	0	0	0	0
LT934125.1	-	92196	92069	NOV_TX_4526	4	0	1	0	0	30	0	0	0	0	1	5	12	9	0	0	0	2	0	4	25	0	0	36	1320	0	7	44	0	762
LT934125.1	-	92221	92069	NOV_TX_4527	2	1272	0	1	0	0	0	127	0	0	1	13	9	13	0	1	1163	0	1	0	21	0	269	44	0	0	7	28	313	0
LT934125.1	-	92272	92069	NOV_TX_4529	5	320	0	0	4	6	82	57	0	0	1	7	19	14	0	0	377	1	0	3	0	62	88	65	363	0	5	15	77	184
LT934125.1	-	92306	92069	NOV_TX_4530	2	587	1	1	1	8	94	257	0	0	6	45	74	9	0	1	1035	0	1	2	20	164	172	56	1121	0	12	58	258	537
LT934125.1	-	92343	92069	NOV_TX_4531	0	0	0	0	0	0	0	0	0	0	0	0	0	0	0	0	0	0	0	0	25	0	0	0	1401	0	0	0	299	0
LT934125.1	-	92368	92069	NOV_TX_4532	6	572	2	0	5	19	115	305	1	1	13	64	60	27	0	1	1163	1	5	1	0	149	259	110	0	1	16	48	0	642
LT934125.1	-	92422	92069	NOV_TX_4533	22	265	0	1	0	5	0	0	1	1	3	19	173	65	0	0	0	1	2	0	55	0	0	247	0	0	0	55	449	0
LT934125.1	-	92444	92069	NOV_TX_4534	0	0	0	0	0	0	0	1013	0	0	0	0	0	0	0	0	0	0	0	0	0	224	296	0	0	0	21	0	0	0
LT934125.1	-	92478	92069	NOV_TX_4535	11	119	0	0	1	6	0	0	0	1	3	24	0	28	0	0	284	1	0	1	0	0	0	127	0	1	0	0	0	0
LT934125.1	-	92525	92069	NOV_TX_4536	6	310	0	0	0	8	0	0	0	0	12	50	0	14	0	2	1369	2	0	4	0	0	0	73	837	0	0	55	0	0
LT934125.1	-	92564	92069	NOV_TX_4537	1	308	1	1	1	6	166	0	0	0	4	21	0	15	0	0	0	0	0	0	0	15	0	26	1298	0	1	0	0	899
LT934125.1	-	92594	92069	NOV_TX_4538	0	0	0	0	0	0	0	0	0	0	0	102	0	0	0	0	0	0	0	0	0	0	247	0	0	0	0	0	0	0
LT934125.1	-	92622	92069	NOV_TX_4539	3	917	2	1	3	22	169	736	1	1	28	0	215	26	0	0	1627	2	4	7	64	285	0	97	2909	0	4	159	633	1007
LT934125.1	-	92685	92069	NOV_TX_4540	10	183	0	0	1	4	60	214	0	0	6	16	61	29	0	0	0	0	0	0	0	80	63	100	611	0	1	19	115	128
LT934125.1	-	92730	92069	NOV_TX_4542	8	157	0	0	0	3	0	0	0	0	0	7	0	14	0	0	429	0	0	2	0	0	0	55	0	0	0	7	0	78
LT934125.1	-	92774	92069	NOV_TX_4543	4	245	1	0	1	5	43	152	0	1	4	18	31	24	0	0	321	1	1	4	10	40	0	69	424	0	4	29	82	166
LT934125.1	-	92814	92069	NOV_TX_4545	0	299	0	0	0	0	0	174	0	0	4	0	42	0	0	0	0	0	0	0	0	0	0	0	0	0	0	0	0	0
LT934125.1	-	92828	92069	NOV_TX_4546	8	0	0	0	3	11	53	0	0	0	0	0	0	19	0	1	326	1	0	2	0	75	47	69	0	0	7	0	129	248
LT934125.1	-	92846	92069	NOV_TX_4548	0	0	0	0	0	0	0	0	0	0	0	12	0	0	0	0	0	0	0	0	21	0	0	0	663	0	0	20	0	0
LT934125.1	-	92883	92069	NOV_TX_4549	6	587	0	0	0	7	87	308	0	0	2	11	40	12	0	0	485	0	0	2	9	58	62	109	1133	1	3	35	159	353
LT934125.1	-	92933	92069	NOV_TX_4550	40	5341	4	5	39	270	730	3468	0	2	63	346	647	57	0	1	5243	0	3	1	129	763	812	355	11717	1	60	181	1337	4091
LT934125.1	-	93079	92069	NOV_TX_4555	0	0	0	0	0	0	83	0	0	0	0	0	0	0	0	0	0	0	0	0	0	82	0	0	0	0	0	0	0	0
LT934125.1	-	93104	92069	NOV_TX_4557	0	18	0	0	0	0	0	0	0	0	12	0	0	3	0	0	17	0	0	5	0	0	0	11	18	0	1	0	143	11
LT934125.1	-	93126	92069	NOV_TX_4558	0	0	0	0	0	6	0	0	0	0	0	0	0	2	0	0	62	0	0	0	0	0	0	4	68	0	2	0	0	39
LT934125.1	-	93161	92069	NOV_TX_4559	0	262	0	0	0	0	0	215	0	0	0	0	0	0	0	0	0	1	0	0	0	0	0	0	0	0	0	32	0	0
LT934125.1	-	93188	92069	NOV_TX_4561	2	0	0	3	2	10	1	3	0	0	0	18	62	9	0	0	365	0	0	0	9	0	91	53	254	0	4	0	1	178
LT934125.1	-	93229	92069	NOV_TX_4562	7	72	0	1	0	9	39	64	0	1	1	10	10	30	0	0	0	1	0	1	10	6	0	92	31	0	0	8	60	113
LT934125.1	-	93265	92069	NOV_TX_4563	15	0	0	0	0	0	0	0	0	0	0	0	12	49	0	0	0	0	2	1	0	33	26	159	127	0	1	3	0	0
LT934125.1	-	93287	92069	NOV_TX_4564	0	103	0	0	0	0	0	0	0	0	0	0	0	0	0	0	154	0	0	0	0	0	0	0	0	0	0	26	0	0
LT934125.1	-	93373	92069	NOV_TX_4565	0	31	0	0	0	0	0	3	0	0	0	0	6	9	0	0	26	0	0	0	3	7	0	31	23	0	0	6	5	33
LT934125.1	-	93373	93245	NOV_TX_4566	0	4	0	0	0	0	0	0	0	0	0	0	0	0	0	0	4	0	0	0	0	0	0	0	9	0	0	0	1	3
LT934125.1	-	93394	92069	NOV_TX_4568	2	9	0	0	0	2	15	7	0	0	1	2	0	14	0	0	11	0	0	0	0	0	0	20	7	0	0	0	7	0
LT934125.1	-	93459	92069	NOV_TX_4572	2	139	0	0	1	8	7	39	0	0	4	4	17	4	0	0	17	0	2	2	6	15	14	31	36	0	2	8	40	71
LT934125.1	-	93459	93245	NOV_TX_4573	0	15	0	0	0	0	0	0	0	0	0	0	0	0	0	0	9	0	0	0	0	0	0	0	19	0	0	4	8	4
LT934125.1	-	93482	92069	NOV_TX_4578	0	0	0	0	0	0	0	0	0	0	0	0	0	0	0	0	25	0	0	0	0	0	0	0	45	0	0	0	0	0
LT934125.1	-	93482	93245	NOV_TX_4577	0	0	0	0	0	0	0	0	0	0	0	0	0	0	0	0	3	0	0	0	0	0	0	0	13	0	0	0	0	0
LT934125.1	-	93538	92069	NOV_TX_4580	0	69	0	0	0	1	21	0	0	0	2	3	15	0	0	0	79	0	0	1	6	0	20	0	64	0	4	10	34	54
LT934125.1	-	93580	92069	NOV_TX_4583	1	27	0	0	0	0	6	14	0	0	1	2	0	1	0	0	27	0	0	0	0	6	4	2	23	0	1	3	10	13
LT934125.1	-	93580	93245	NOV_TX_4582	0	2	0	0	0	0	0	0	0	0	0	0	0	0	0	0	1	0	0	0	0	0	1	0	1	0	0	0	0	0
LT934125.1	-	93654	92069	NOV_TX_4584	0	262	1	1	5	30	64	195	0	0	6	19	53	0	0	0	140	0	0	1	2	29	31	1	202	0	3	13	91	207
LT934125.1	-	93654	93245	NOV_TX_4585	0	22	0	0	0	0	6	0	0	0	0	0	0	0	0	0	31	0	0	0	0	0	5	0	81	0	0	14	46	47
LT934125.1	-	93696	92069	NOV_TX_4591	0	5	0	0	0	0	4	6	0	0	0	0	0	0	0	0	8	0	0	0	0	1	4	0	6	0	0	0	5	3
LT934125.1	-	93732	92069	NOV_TX_4592	0	9	0	0	0	0	0	1	0	0	0	0	1	0	0	0	5	0	0	0	0	1	2	0	4	0	0	0	0	3
LT934125.1	-	93828	92069	NOV_TX_4595	0	14	0	0	0	0	5	2	0	0	0	0	0	0	0	0	0	0	0	0	0	0	0	0	1	0	0	0	1	1
LT934125.1	-	93841	92069	NOV_TX_4596	0	0	0	0	0	1	0	3	0	0	0	0	0	0	0	0	0	0	0	0	0	0	0	0	5	0	0	1	3	1
LT934125.1	-	93938	92069	NOV_TX_4600	0	55	0	1	0	1	11	8	0	0	0	1	4	1	0	0	19	0	1	1	0	4	11	0	13	0	0	1	10	15
LT934125.1	-	93957	92069	NOV_TX_4602	0	0	0	0	0	0	0	1	0	0	0	0	0	0	0	0	1	0	0	1	0	0	1	0	2	0	0	0	0	1
LT934125.1	-	93980	92069	NOV_TX_4603	0	8	0	0	0	0	0	1	0	0	0	0	2	1	0	0	0	0	0	0	0	0	1	0	1	0	0	0	3	1
LT934125.1	-	94108	92069	NOV_TX_4606	0	9	0	0	0	1	3	2	0	0	0	0	0	0	0	0	9	0	0	0	0	0	0	0	3	0	0	0	0	1
LT934125.1	-	94197	92069	NOV_TX_4608	0	8	0	0	0	1	0	5	0	0	0	0	1	0	0	0	7	0	0	0	0	0	3	0	3	0	0	2	0	1
LT934125.1	-	94250	92069	NOV_TX_4609	0	9	0	0	0	1	2	11	0	0	0	0	2	0	0	0	11	0	1	0	1	1	6	0	9	0	0	0	1	11
LT934125.1	-	94338	92069	NOV_TX_4612	0	1	0	0	0	0	0	3	0	0	0	0	1	0	0	0	2	0	0	0	0	5	1	0	0	0	0	1	0	0
LT934125.1	-	94356	92069	NOV_TX_4613	0	0	0	0	0	0	0	0	0	0	0	0	0	0	0	0	1	0	0	0	0	0	0	0	0	0	0	0	6	1
LT934125.1	-	94408	92069	NOV_TX_4614	0	1	0	0	0	0	0	1	0	0	0	0	0	0	0	0	0	0	0	0	0	2	0	0	0	0	0	2	0	0
LT934125.1	-	94452	92069	NOV_TX_4615	0	64	0	0	1	3	0	6	0	0	1	1	5	0	0	0	9	0	0	1	0	1	5	0	16	0	1	5	10	8
LT934125.1	-	94452	93245	NOV_TX_4616	0	2	0	0	0	0	0	0	0	0	0	0	0	0	0	0	0	0	0	0	0	0	1	0	3	0	0	0	0	0
LT934125.1	-	94526	92069	NOV_TX_4621	0	256	3	2	4	27	96	109	0	0	3	3	48	1	0	0	31	0	1	1	3	16	26	0	48	1	1	15	61	136
LT934125.1	-	94526	93245	NOV_TX_4619	0	11	0	0	0	0	0	0	0	0	0	0	0	0	0	0	3	0	0	0	0	0	1	0	1	0	0	1	2	8
LT934125.1	-	94622	92069	NOV_TX_4623	0	8	0	0	0	0	1	15	0	0	0	0	8	0	0	0	6	0	0	0	2	0	6	0	6	0	0	0	5	6
LT934125.1	-	94886	92069	NOV_TX_4631	0	9	0	0	0	0	3	1	0	0	0	0	0	0	0	0	0	0	0	0	1	3	0	0	7	0	0	0	1	1
LT934125.1	-	94947	92069	NOV_TX_4632	0	221	0	5	1	19	62	242	0	1	7	7	109	0	0	1	131	2	0	1	27	106	47	1	370	0	5	49	199	513
LT934125.1	-	94947	93245	NOV_TX_4633	0	6	0	0	0	0	0	0	0	0	0	0	0	0	0	0	6	0	0	0	0	0	1	0	30	0	0	2	14	29
LT934125.1	-	94947	94764	NOV_TX_4635	0	1	0	0	0	0	0	0	0	0	0	0	0	0	0	0	2	0	0	0	0	2	0	0	3	0	0	0	1	0
LT934125.1	-	95976	95889	NOV_TX_4640	0	9	0	0	0	1	3	0	0	0	0	0	0	0	0	0	1	0	0	0	2	2	1	0	0	0	5	3	2	3
LT934125.1	-	96009	95889	NOV_TX_4641	0	71	3	1	0	1	51	3	1	0	0	0	0	0	0	0	47	1	1	6	2	23	19	0	8	2	15	28	53	51
LT934125.1	-	96042	95889	NOV_TX_4643	0	81	3	2	0	2	48	10	1	2	0	3	4	0	1	0	58	0	0	3	7	23	57	0	14	3	31	48	82	73
LT934125.1	-	96042	95892	NOV_TX_4644	0	0	0	0	0	0	0	0	0	0	0	3	1	0	0	0	0	0	0	0	0	0	0	1	0	0	0	0	0	0
LT934125.1	-	96073	95889	NOV_TX_4645	0	0	0	0	0	7	0	0	0	0	0	0	37	0	0	0	0	0	0	0	25	0	0	0	0	0	0	0	0	0
LT934125.1	-	96090	95889	NOV_TX_4647	0	167	8	7	3	0	91	38	6	5	3	12	0	0	0	4	158	8	3	9	0	88	92	0	37	2	40	107	189	230
LT934125.1	-	96090	95892	NOV_TX_4648	0	0	0	0	0	0	0	11	0	0	1	2	0	2	0	0	0	0	0	0	0	0	0	1	0	0	0	0	0	0
LT934125.1	-	96118	95889	NOV_TX_4649	0	0	0	0	8	0	0	0	0	0	0	48	0	0	0	0	0	0	0	0	0	0	0	0	0	0	93	0	0	0
LT934125.1	-	96145	95889	NOV_TX_4651	0	307	4	2	0	21	0	204	5	19	13	0	79	0	0	2	280	10	0	21	39	94	0	0	64	3	0	69	0	328
LT934125.1	-	96145	95892	NOV_TX_4652	3	0	0	0	0	0	0	44	0	0	7	0	8	0	0	0	0	0	0	0	0	0	0	6	0	0	0	0	0	0
LT934125.1	-	96195	95889	NOV_TX_4655	0	0	0	0	0	0	126	0	0	0	0	0	0	0	0	0	0	0	9	0	0	0	0	0	0	0	0	0	373	0
LT934125.1	-	96240	95889	NOV_TX_4656	0	69	2	1	2	4	39	42	0	5	6	10	35	0	0	2	70	0	6	5	5	21	29	0	14	0	22	34	65	93
LT934125.1	-	96240	95892	NOV_TX_4657	0	0	0	0	0	0	0	16	0	0	4	5	3	2	0	0	0	0	0	0	0	0	0	2	0	0	0	0	0	0
LT934125.1	-	96302	95889	NOV_TX_4658	0	217	2	4	8	15	114	251	4	18	22	45	120	0	0	2	178	12	11	13	17	95	92	0	52	9	62	196	279	275
LT934125.1	-	96302	95892	NOV_TX_4659	0	0	0	0	0	0	0	44	0	0	6	20	15	1	0	0	0	0	0	0	0	0	0	9	0	0	0	0	0	0
LT934125.1	-	96351	95889	NOV_TX_4660	0	6	0	0	0	2	3	7	0	1	0	0	1	0	0	0	5	0	0	0	0	3	1	0	0	0	2	4	8	5
LT934125.1	-	96368	95889	NOV_TX_4662	0	37	0	0	1	2	13	28	0	2	5	3	6	0	0	0	29	0	0	2	1	16	12	0	7	0	10	35	26	35
LT934125.1	-	96368	95892	NOV_TX_4663	1	0	0	0	0	0	0	4	0	0	0	0	5	2	0	0	0	0	0	0	0	0	0	1	0	0	0	0	0	0
LT934125.1	-	96388	95889	NOV_TX_4664	0	0	0	0	4	0	0	0	0	0	0	0	0	0	0	3	0	0	0	16	0	0	71	0	0	0	54	0	277	253
LT934125.1	-	96423	95889	NOV_TX_4665	0	0	0	1	0	1	0	0	0	0	22	23	0	0	0	0	4	0	0	0	0	0	0	0	2	0	0	0	0	0
LT934125.1	-	96423	95892	NOV_TX_4666	0	0	0	0	0	0	0	0	0	0	4	9	0	0	0	0	0	0	0	0	0	0	0	0	0	0	0	0	0	0
LT934125.1	-	96453	95889	NOV_TX_4668	0	0	0	1	0	4	0	0	1	5	0	0	0	0	0	0	79	3	0	0	0	0	0	0	17	2	0	0	0	0
LT934125.1	-	96470	95889	NOV_TX_4670	0	0	0	0	0	0	99	0	0	0	0	0	89	0	0	0	0	0	0	0	0	0	0	0	0	0	0	0	0	0
LT934125.1	-	96484	95889	NOV_TX_4673	0	172	0	0	0	9	0	0	1	1	0	0	0	0	0	0	28	3	0	0	0	0	0	0	15	1	0	43	0	0
LT934125.1	-	96507	95889	NOV_TX_4674	0	0	0	0	0	0	0	195	0	0	0	0	0	0	0	0	0	0	0	0	34	0	0	0	0	0	0	0	0	0
LT934125.1	-	96544	95889	NOV_TX_4676	0	79	4	0	0	4	0	0	0	2	0	0	0	0	0	0	41	1	13	0	0	87	0	0	19	0	0	93	0	0
LT934125.1	-	96544	95892	NOV_TX_4677	0	0	0	0	0	0	0	0	0	0	0	0	0	2	0	0	0	0	0	0	0	0	0	7	0	0	0	0	0	0
LT934125.1	-	96598	95889	NOV_TX_4678	0	168	1	4	0	16	36	97	1	5	3	8	33	0	0	1	62	1	1	1	8	27	28	0	60	0	6	20	71	85
LT934125.1	-	96598	95892	NOV_TX_4679	1	0	0	0	0	0	0	38	0	0	0	6	7	5	0	0	0	0	0	0	0	0	0	15	0	0	0	0	0	0
LT934125.1	-	96670	95889	NOV_TX_4683	0	73	0	2	1	0	0	58	2	1	0	8	29	0	0	1	47	0	1	0	0	24	23	0	8	1	0	53	71	57
LT934125.1	-	96670	95892	NOV_TX_4684	0	0	0	0	0	0	0	13	0	0	0	0	3	1	0	0	0	0	0	0	0	0	0	5	0	0	0	0	0	0
LT934125.1	-	96700	95889	NOV_TX_4685	0	30	1	0	0	10	35	7	0	0	0	0	0	0	0	0	8	0	0	0	9	2	6	0	2	0	0	0	6	0
LT934125.1	-	96732	95889	NOV_TX_4687	0	207	12	5	2	6	110	271	6	9	22	39	124	0	0	4	198	6	7	14	24	69	140	0	39	5	92	121	0	305
LT934125.1	-	96732	95892	NOV_TX_4688	0	0	0	0	0	0	0	43	0	0	5	11	27	0	0	0	0	0	0	0	0	0	0	2	0	0	0	0	0	0
LT934125.1	-	96783	95889	NOV_TX_4690	0	17	0	1	0	1	9	17	0	0	0	6	6	0	0	2	10	0	0	4	0	3	4	0	3	1	7	9	24	0
LT934125.1	-	96840	95889	NOV_TX_4693	0	100	3	4	1	7	39	60	0	0	5	8	28	0	0	1	55	2	2	2	10	35	46	0	18	0	17	33	67	75
LT934125.1	-	96840	95892	NOV_TX_4694	0	0	0	0	0	0	0	18	0	0	2	4	6	1	0	0	0	0	0	0	0	0	0	5	0	0	0	0	0	0
LT934125.1	-	96919	95889	NOV_TX_4695	0	68	3	3	0	0	0	107	0	7	2	0	56	0	0	2	25	4	0	12	6	23	44	0	8	1	40	38	42	0
LT934125.1	-	96919	95892	NOV_TX_4696	0	0	0	0	0	0	0	13	0	0	0	0	9	1	0	0	0	0	0	0	0	0	0	2	0	0	0	0	0	0
LT934125.1	-	96964	95889	NOV_TX_4697	0	21	0	0	0	0	0	0	0	0	0	15	0	0	0	0	9	1	0	0	0	0	0	0	1	0	0	10	5	0
LT934125.1	-	96978	95889	NOV_TX_4699	0	0	0	0	0	0	0	0	0	1	1	0	0	0	0	0	1	0	0	0	0	0	0	0	0	0	0	0	2	0
LT934125.1	-	97022	95889	NOV_TX_4701	0	69	2	2	0	0	79	0	0	1	2	0	0	0	0	0	23	1	0	0	5	0	0	0	3	2	0	13	26	0
LT934125.1	-	97042	95889	NOV_TX_4703	0	0	0	0	2	0	0	0	0	0	0	0	0	0	0	0	4	0	3	0	0	0	0	0	0	0	0	0	0	0
LT934125.1	-	97081	95889	NOV_TX_4704	0	8	0	0	0	0	0	0	0	0	0	0	0	0	0	0	0	0	0	0	0	0	0	0	0	0	0	1	1	0
LT934125.1	-	97126	95889	NOV_TX_4705	0	10	0	0	0	0	0	0	0	0	0	0	0	0	0	0	2	0	0	0	0	0	0	0	3	1	0	0	2	142
LT934125.1	-	97175	95889	NOV_TX_4706	0	31	0	0	0	4	13	16	0	0	0	2	0	0	0	0	9	1	0	0	0	1	7	0	3	1	0	5	12	18
LT934125.1	-	97175	95892	NOV_TX_4707	0	0	0	0	0	0	0	3	0	0	0	1	0	0	0	0	0	0	0	0	0	0	0	2	0	0	0	0	0	0
LT934125.1	-	97216	95889	NOV_TX_4709	0	0	0	0	0	0	0	0	0	0	0	0	0	0	0	0	3	0	0	0	0	2	0	0	1	0	0	0	0	0
LT934125.1	-	97236	95889	NOV_TX_4710	0	0	0	0	0	0	0	0	0	0	1	0	9	0	0	0	0	0	0	0	0	0	0	0	0	0	0	0	0	0
LT934125.1	-	97250	95889	NOV_TX_4712	0	0	0	0	2	0	0	0	0	0	0	0	0	0	0	0	0	0	0	0	0	0	0	0	0	0	7	0	0	0
LT934125.1	-	97292	95889	NOV_TX_4713	0	0	0	1	0	0	0	0	0	0	0	0	0	0	0	0	1	0	2	0	1	0	0	0	0	0	0	0	0	0
LT934125.1	-	97338	95889	NOV_TX_4714	0	0	42	0	23	159	244	0	28	36	27	0	0	0	3	35	94	30	49	0	40	0	0	0	0	0	257	199	0	0
LT934125.1	-	97338	95892	NOV_TX_4715	1	0	0	0	0	0	0	0	0	0	25	0	0	6	0	0	0	0	0	0	0	0	0	15	0	0	0	0	0	0
LT934125.1	-	97361	95889	NOV_TX_4717	0	501	0	39	0	0	0	629	0	0	0	62	251	0	0	0	78	0	0	61	26	227	141	0	163	17	0	127	496	659
LT934125.1	-	97361	95892	NOV_TX_4716	0	0	0	0	0	0	0	373	0	0	0	62	122	1	0	0	0	0	0	0	0	0	0	9	0	0	0	0	0	0
LT934125.1	-	97537	95889	NOV_TX_4719	0	2	0	1	0	1	0	6	0	0	0	0	2	0	0	0	0	0	0	0	1	0	4	0	0	0	0	0	1	0
LT934125.1	-	98415	95889	NOV_TX_4724	0	1	0	0	0	0	0	0	0	0	0	0	0	0	0	0	0	0	0	0	0	1	1	0	1	0	0	0	3	1
LT934125.1	-	102457	102361	NOV_TX_4727	0	113	0	0	0	2	10	7	0	0	0	0	3	0	0	0	60	1	0	1	1	16	11	0	32	4	6	10	35	64
LT934125.1	-	102485	102361	NOV_TX_4728	0	0	0	0	0	0	0	0	0	0	0	0	0	0	0	0	0	0	0	0	0	0	215	0	0	97	0	122	0	906
LT934125.1	-	102514	102361	NOV_TX_4729	0	0	3	1	5	10	144	66	1	0	3	17	22	5	0	0	0	0	4	5	36	171	0	4	272	0	79	0	368	0
LT934125.1	-	102546	102361	NOV_TX_4730	0	741	0	0	0	0	0	0	0	0	0	0	0	0	0	0	808	12	0	0	0	0	0	0	0	0	0	0	0	0
LT934125.1	-	102611	102361	NOV_TX_4732	0	0	0	0	0	0	42	0	0	0	0	0	0	0	0	0	0	0	0	0	0	0	0	0	0	0	21	33	0	0
LT934125.1	-	102642	102361	NOV_TX_4733	0	247	2	1	1	5	0	0	4	1	3	19	21	9	0	0	88	2	2	0	17	89	71	12	111	23	0	18	0	308
LT934125.1	-	102683	102361	NOV_TX_4734	0	0	0	0	0	0	0	88	0	0	0	0	0	0	0	0	186	0	0	0	0	0	0	0	0	0	0	0	0	0
LT934125.1	-	102750	102361	NOV_TX_4735	0	48	0	0	0	1	1	6	1	0	1	2	6	4	0	0	19	0	0	0	1	5	3	9	25	7	5	0	22	28
LT934125.1	-	102773	102361	NOV_TX_4736	0	0	0	0	0	0	6	45	0	0	0	0	0	0	0	0	0	0	0	0	0	22	0	0	0	31	0	0	0	0
LT934125.1	-	102798	102361	NOV_TX_4737	1	73	0	0	0	3	0	0	1	0	0	3	17	1	0	0	53	0	0	0	3	0	36	9	37	0	18	6	35	89
LT934125.1	-	102918	102361	NOV_TX_4739	0	0	0	0	0	0	64	0	0	0	0	21	0	0	0	0	0	0	0	0	0	0	55	0	0	25	0	0	134	214
LT934125.1	-	102942	102361	NOV_TX_4740	0	0	0	0	0	0	0	0	0	0	7	0	0	0	0	0	0	0	0	0	0	64	0	0	0	0	0	0	0	0
LT934125.1	-	102952	102361	NOV_TX_4741	0	221	2	0	1	3	0	0	0	0	0	0	0	0	0	0	188	2	2	1	0	0	0	1	87	0	24	0	0	0
LT934125.1	-	103012	102361	NOV_TX_4744	0	0	0	0	0	0	0	205	0	0	0	0	65	0	0	0	0	0	0	0	0	0	0	0	0	0	0	40	0	0
LT934125.1	-	103052	102361	NOV_TX_4745	0	14	0	1	0	0	9	8	0	0	0	4	5	1	0	0	16	0	0	2	4	8	2	1	8	2	1	3	13	13
LT934125.1	-	103114	102361	NOV_TX_4747	0	41	0	0	0	2	18	51	0	0	0	7	9	2	0	0	30	1	0	0	4	0	20	3	21	7	2	14	45	39
LT934125.1	-	103226	102361	NOV_TX_4749	0	3	0	0	0	0	3	3	0	0	0	0	1	0	0	0	4	0	0	1	0	1	2	0	2	0	0	0	2	3
LT934125.1	-	103289	102361	NOV_TX_4750	0	0	0	0	0	0	1	0	0	0	0	0	0	0	0	0	1	0	0	0	0	2	1	0	0	0	0	0	2	0
LT934125.1	-	103390	102361	NOV_TX_4755	0	6	0	0	0	2	0	0	0	0	0	0	4	0	0	0	11	0	0	0	2	0	0	1	4	2	0	0	20	18
LT934125.1	-	103401	102361	NOV_TX_4756	0	2	0	0	0	0	0	0	0	0	0	0	1	0	0	0	0	0	0	0	0	2	4	0	0	0	0	0	0	1
LT934125.1	-	103419	102361	NOV_TX_4757	0	0	0	0	0	0	8	0	0	0	0	3	0	0	0	0	0	0	0	0	0	0	0	0	0	0	0	2	0	0
LT934125.1	-	103495	102361	NOV_TX_4759	0	1	0	0	0	0	0	2	0	0	0	0	0	0	0	0	1	0	0	0	0	0	2	0	0	0	0	0	1	0
LT934125.1	-	103610	102361	NOV_TX_4761	0	22	0	0	0	0	5	18	1	0	0	1	8	0	0	0	26	0	0	0	1	2	3	1	6	2	1	6	15	23
LT934125.1	-	103644	102361	NOV_TX_4762	0	4	0	0	0	0	0	0	0	0	0	0	3	0	0	0	1	0	0	0	0	0	0	0	0	0	0	0	0	0
LT934125.1	-	103684	102361	NOV_TX_4764	0	2	0	0	0	0	2	0	0	0	0	0	0	0	0	0	0	0	0	0	0	2	0	0	1	0	0	0	2	3
LT934125.1	-	103736	102361	NOV_TX_4765	0	11	0	0	0	0	1	9	0	0	0	2	6	0	0	0	6	0	0	0	1	3	1	2	4	1	0	3	10	12
LT934125.1	-	103785	102361	NOV_TX_4766	0	2	0	0	0	0	0	1	0	0	0	1	0	0	0	1	4	0	0	0	0	0	2	0	0	0	0	0	0	2
LT934125.1	-	103830	102361	NOV_TX_4767	0	2	0	0	0	0	1	0	0	0	0	0	0	0	0	0	0	0	0	0	0	0	3	0	0	0	0	0	1	1
LT934125.1	-	103888	102361	NOV_TX_4769	0	1	0	0	0	1	0	0	0	0	0	0	0	0	0	0	0	0	0	0	0	0	0	0	0	0	0	3	1	0
LT934125.1	-	103918	102361	NOV_TX_4771	1	12	0	0	0	0	2	0	0	0	0	0	0	0	0	0	1	0	0	0	0	0	0	3	0	0	1	2	2	0
LT934125.1	-	103954	102361	NOV_TX_4772	0	0	0	0	0	0	0	2	0	0	0	0	0	0	0	0	1	0	0	0	0	0	0	0	0	0	0	1	1	0
LT934125.1	-	104083	102361	NOV_TX_4776	0	0	0	0	0	0	1	1	0	0	0	0	0	0	0	0	0	0	0	0	0	0	0	0	1	0	1	0	2	1
LT934125.1	-	104236	102361	NOV_TX_4780	0	1	0	0	0	0	0	1	0	0	0	0	2	0	0	0	1	0	0	1	0	3	0	0	1	0	0	1	0	4
LT934125.1	-	104360	102361	NOV_TX_4782	0	0	0	0	0	0	3	0	0	0	0	0	0	0	0	0	0	0	0	0	0	0	0	0	0	0	0	1	1	0
LT934125.1	-	104542	102361	NOV_TX_4785	0	7	0	0	0	0	2	0	0	0	0	0	0	0	0	0	6	0	0	0	0	0	1	0	2	0	0	0	5	4
LT934125.1	-	104798	102361	NOV_TX_4787	0	0	0	0	0	0	0	2	0	0	0	0	0	0	0	0	0	0	0	0	0	0	2	0	0	0	0	0	3	0
LT934125.1	-	104809	102361	NOV_TX_4788	1	1	0	0	0	0	0	0	0	0	0	0	0	0	0	0	0	0	0	0	0	0	0	0	2	0	0	0	0	2
LT934125.1	-	105038	102361	NOV_TX_4792	0	1	0	0	0	0	0	1	0	0	0	0	0	0	0	0	1	0	0	0	0	0	0	0	0	0	0	1	4	6
LT934125.1	-	105354	102361	NOV_TX_4794	0	1	0	0	0	0	0	0	0	0	0	0	1	0	0	0	1	0	0	0	0	0	0	1	0	0	0	0	2	0
LT934125.1	-	105488	102361	NOV_TX_4795	0	1	0	0	0	0	0	1	0	0	0	0	1	0	0	0	0	0	0	0	0	0	0	0	2	0	0	0	0	0
LT934125.1	-	106532	102361	NOV_TX_4805	0	3	0	0	0	0	0	1	0	0	0	0	1	0	0	0	0	0	0	0	0	0	0	0	0	0	0	0	1	0
LT934125.1	-	106607	102361	NOV_TX_4808	0	3	0	0	0	0	2	0	0	0	0	0	0	0	0	0	3	0	0	0	2	0	0	0	2	0	0	2	2	7
LT934125.1	-	106702	102361	NOV_TX_4810	0	6	0	0	0	0	0	2	0	0	1	0	0	0	0	0	0	0	0	0	0	0	0	1	0	0	0	0	0	1
LT934125.1	-	107052	102361	NOV_TX_4813	0	1	0	0	0	0	1	0	0	0	0	0	1	0	0	0	0	0	0	0	0	0	0	1	0	0	0	1	4	3
LT934125.1	-	107370	102361	NOV_TX_4818	0	19	0	0	0	0	3	2	0	0	0	0	2	1	0	0	1	0	0	0	0	0	0	2	2	0	0	2	12	27
LT934125.1	-	107560	102361	NOV_TX_4823	0	7	0	0	0	1	1	3	0	0	0	0	1	0	0	0	0	0	0	0	0	0	1	0	3	5	3	1	3	12
LT934125.1	-	107560	107029	NOV_TX_4820	0	16	0	0	0	4	3	12	0	0	0	0	0	0	0	0	23	0	0	0	1	8	2	0	47	11	15	9	30	75
LT934125.1	-	107560	107118	NOV_TX_4821	0	0	0	0	0	1	0	0	0	0	0	0	0	0	0	0	0	0	0	0	0	0	0	0	1	0	0	0	1	2
LT934125.1	-	116728	116601	NOV_TX_4833	0	7	0	0	0	0	1	0	0	0	0	0	0	0	0	0	2	0	0	0	0	0	1	0	1	0	0	3	2	3
LT934125.1	-	116782	116601	NOV_TX_4837	0	7	0	0	0	0	2	0	0	0	0	0	0	0	0	0	7	0	0	0	0	1	1	0	7	0	1	0	11	5
LT934125.1	-	116822	116601	NOV_TX_4841	0	0	0	0	0	1	3	0	0	0	0	0	0	0	0	0	0	0	0	0	0	3	1	0	3	0	0	0	2	8
LT934125.1	-	116838	116601	NOV_TX_4844	0	9	0	0	0	0	4	0	0	0	0	0	0	0	0	0	0	0	0	0	0	0	0	0	0	0	0	0	0	0
LT934125.1	-	116876	116601	NOV_TX_4845	0	9	0	0	0	0	0	0	0	0	0	0	0	0	0	0	6	0	0	1	0	1	0	0	6	0	0	6	9	10
LT934125.1	-	117733	117253	NOV_TX_4851	0	0	0	0	0	0	0	0	0	0	0	1	0	0	0	0	1	0	0	0	0	0	3	0	0	0	0	0	0	0
LT934125.1	-	118401	117253	NOV_TX_4857	0	7	0	0	0	3	4	11	0	0	1	1	5	0	0	0	5	0	1	0	2	2	4	0	1	0	0	0	0	1
LT934125.1	-	118690	117253	NOV_TX_4861	0	0	0	0	0	3	0	0	0	0	0	0	3	0	0	0	0	0	0	0	0	0	0	0	0	0	0	0	0	0
LT934125.1	-	118724	117253	NOV_TX_4863	0	0	0	0	0	0	0	0	0	0	0	0	0	0	0	0	1	0	0	0	2	1	3	0	0	0	0	0	0	0
LT934125.1	-	118739	117253	NOV_TX_4864	0	6	0	0	0	0	0	7	0	1	0	0	0	0	0	0	0	0	0	0	0	0	0	0	0	0	0	0	0	0
LT934125.1	-	124781	124601	NOV_TX_4867	0	33	0	0	0	0	4	0	0	0	0	0	0	0	0	0	0	0	0	0	0	0	0	0	0	0	0	0	0	0
LT934125.1	-	124802	124595	NOV_TX_4870	0	0	0	0	0	0	0	0	0	0	0	0	0	0	0	0	0	0	0	0	0	0	0	0	0	0	0	0	21	19
LT934125.1	-	124802	124601	NOV_TX_4869	0	0	0	0	0	1	0	8	0	0	0	1	1	0	0	0	0	1	0	0	0	3	0	0	15	0	0	4	0	0
LT934125.1	-	126108	125141	NOV_TX_4875	0	3	0	0	0	0	0	0	0	0	0	0	0	0	0	0	1	0	0	0	0	0	0	0	0	0	0	0	0	2
LT934125.1	-	126157	125141	NOV_TX_4880	0	4	0	0	0	0	1	0	0	0	0	0	0	0	0	0	0	0	0	0	0	0	0	0	0	0	0	0	0	1
LT934125.1	-	126881	126753	NOV_TX_4881	1	610	3	0	0	121	0	0	0	0	0	0	0	3	0	1	0	2	1	0	51	0	0	5	0	0	0	0	0	0
LT934125.1	-	126927	126753	NOV_TX_4883	2	1321	2	0	29	0	723	1238	0	10	0	257	0	2	0	0	1420	7	1	0	61	717	0	22	1668	0	0	376	0	3115
LT934125.1	-	126952	126753	NOV_TX_4884	0	821	3	0	0	0	0	0	1	0	34	0	477	2	0	0	614	2	2	30	39	0	781	21	0	4	103	0	2074	0
LT934125.1	-	127002	126753	NOV_TX_4885	2	2517	7	0	11	0	996	0	1	3	0	0	0	3	0	1	1479	2	0	0	134	0	0	32	1859	0	0	374	3188	4147
LT934125.1	-	127002	126985	NOV_TX_4887	0	0	0	0	0	0	1	0	0	0	0	0	0	0	0	0	0	0	0	0	0	0	0	0	0	0	0	0	4	37
LT934125.1	-	127045	126753	NOV_TX_4889	0	0	0	0	3	0	0	0	0	0	151	0	0	0	0	8	0	22	0	0	0	0	0	0	0	0	0	0	0	0
LT934125.1	-	127068	126753	NOV_TX_4890	0	0	0	0	0	0	0	0	0	1	0	0	0	2	0	0	0	0	0	0	51	0	0	5	0	0	0	0	0	0
LT934125.1	-	127083	126753	NOV_TX_4891	0	0	0	0	4	0	0	0	0	1	0	0	0	1	0	0	0	0	0	0	0	927	0	5	0	4	0	0	0	0
LT934125.1	-	127117	126753	NOV_TX_4895	0	0	0	5	0	0	0	2135	0	0	0	772	1032	0	0	0	1602	0	26	0	0	0	734	0	0	0	67	483	0	0
LT934125.1	-	127117	126985	NOV_TX_4894	0	0	0	0	0	0	0	0	0	0	0	0	0	0	0	0	4	0	0	0	0	0	6	0	0	0	0	7	0	0
LT934125.1	-	127131	126753	NOV_TX_4899	0	1397	0	5	9	0	0	283	3	7	0	0	0	8	0	0	314	1	0	38	101	0	0	23	1236	0	12	0	0	0
LT934125.1	-	127131	126980	NOV_TX_4898	0	0	0	0	0	0	0	1	0	0	0	0	0	0	0	0	0	0	0	0	1	0	0	0	6	0	0	0	0	0
LT934125.1	-	127131	127048	NOV_TX_4901	0	4	0	0	0	0	0	0	0	0	0	0	0	0	0	0	0	0	0	0	0	0	0	0	3	0	0	0	0	0
LT934125.1	-	127165	126753	NOV_TX_4903	2	331	3	0	0	32	208	178	0	3	0	141	160	3	0	1	0	1	0	0	22	208	0	16	0	0	7	0	644	0
LT934125.1	-	127165	126985	NOV_TX_4906	0	0	0	0	0	0	2	0	0	0	0	0	0	0	0	0	0	0	0	0	0	4	0	0	0	0	1	0	17	0
LT934125.1	-	127165	127048	NOV_TX_4905	0	13	0	0	0	0	6	0	0	0	0	0	0	0	0	0	0	0	0	0	2	0	0	0	0	0	0	0	0	0
LT934125.1	-	127165	127084	NOV_TX_4907	0	0	0	0	0	0	0	0	0	0	0	0	0	0	0	0	0	0	0	0	0	7	0	0	0	0	0	0	26	0
LT934125.1	-	127176	126753	NOV_TX_4913	0	0	0	0	2	0	0	0	0	0	27	0	0	0	0	0	0	0	0	16	0	0	0	0	241	4	0	59	0	1046
LT934125.1	-	127176	126985	NOV_TX_4909	0	0	0	0	1	0	0	0	0	0	0	0	0	0	0	0	0	0	0	0	0	0	0	0	0	0	0	0	0	69
LT934125.1	-	127190	126753	NOV_TX_4915	0	266	0	0	4	0	0	164	0	1	0	0	0	0	0	0	295	2	10	0	0	0	178	6	172	0	4	38	0	0
LT934125.1	-	127190	126985	NOV_TX_4918	0	0	0	0	0	0	0	0	0	0	0	0	0	0	0	0	14	0	0	0	0	0	15	0	0	0	0	0	0	0
LT934125.1	-	127190	127048	NOV_TX_4917	0	13	0	0	0	0	0	0	0	0	0	0	0	0	0	0	20	0	0	0	0	0	0	0	24	0	0	2	0	0
LT934125.1	-	127243	126753	NOV_TX_4922	0	486	1	1	3	53	218	135	0	0	0	0	0	0	0	3	196	0	0	14	40	207	201	0	270	0	22	84	0	0
LT934125.1	-	127243	126967	NOV_TX_4925	0	23	0	0	0	1	0	0	0	0	0	0	0	0	0	0	0	0	0	0	0	0	0	0	0	0	0	0	0	0
LT934125.1	-	127243	126985	NOV_TX_4923	0	0	0	0	0	0	13	0	0	0	0	0	0	0	0	0	18	0	0	1	0	11	27	0	0	0	1	4	0	0
LT934125.1	-	127243	127048	NOV_TX_4921	0	48	0	0	0	0	15	0	0	0	0	0	0	0	0	0	32	0	0	0	3	0	0	0	93	0	3	15	0	0
LT934125.1	-	127243	127049	NOV_TX_4928	0	0	0	0	0	0	0	1	0	0	0	0	0	0	0	0	0	0	0	0	0	0	33	0	0	0	0	0	0	0
LT934125.1	-	127243	127084	NOV_TX_4926	0	0	0	0	0	4	0	0	0	0	0	0	0	0	0	0	0	0	0	0	0	51	0	0	0	0	0	0	0	0
LT934125.1	-	127286	126753	NOV_TX_4935	0	593	3	5	7	0	0	285	0	1	0	0	167	0	0	0	143	0	0	0	25	0	0	0	206	0	0	88	0	1054
LT934125.1	-	127286	126980	NOV_TX_4940	0	0	0	0	0	0	0	0	0	0	0	0	1	0	0	0	0	0	0	0	0	0	0	0	38	0	0	0	0	0
LT934125.1	-	127286	126985	NOV_TX_4943	0	0	0	0	0	0	0	0	0	0	0	0	0	0	0	0	26	0	0	0	0	0	0	0	0	0	0	5	0	290
LT934125.1	-	127286	127048	NOV_TX_4937	0	111	0	0	0	0	0	0	0	0	0	0	0	0	0	0	55	0	0	0	2	0	0	0	139	0	0	36	0	0
LT934125.1	-	127286	127049	NOV_TX_4934	0	0	0	0	0	0	0	3	0	0	0	0	4	0	0	0	0	0	0	0	0	0	0	0	0	0	0	0	0	347
LT934125.1	-	127286	127152	NOV_TX_4941	0	0	0	0	0	0	0	0	0	0	0	0	0	0	0	0	1	0	0	0	0	0	0	0	1	0	0	1	0	2
LT934125.1	-	127318	126753	NOV_TX_4945	0	0	0	0	0	0	0	0	0	0	16	0	0	0	0	0	0	3	6	0	0	0	0	0	0	0	0	0	0	0
LT934125.1	-	127341	126753	NOV_TX_4956	0	0	0	0	0	0	0	0	0	0	0	101	0	0	0	0	273	0	0	0	0	0	0	0	188	0	0	0	734	0
LT934125.1	-	127341	126980	NOV_TX_4947	0	0	0	0	0	0	0	0	0	0	0	1	0	0	0	0	0	0	0	0	0	0	0	0	18	0	0	0	0	0
LT934125.1	-	127341	126985	NOV_TX_4950	0	0	0	0	0	0	0	0	0	0	0	0	0	0	0	0	13	0	0	0	0	0	0	0	0	0	0	0	63	0
LT934125.1	-	127341	127048	NOV_TX_4951	0	0	0	0	0	0	0	0	0	0	0	0	0	0	0	0	43	0	0	0	0	0	0	0	102	0	0	0	0	0
LT934125.1	-	127341	127152	NOV_TX_4952	0	0	0	0	0	0	0	0	0	0	0	0	0	0	0	0	2	0	0	0	0	0	0	0	3	0	0	0	4	0
LT934125.1	-	127363	126753	NOV_TX_4961	0	0	0	0	0	0	0	106	0	0	0	0	0	1	0	0	0	0	0	0	0	0	0	0	101	0	0	0	0	0
LT934125.1	-	127401	126753	NOV_TX_4965	0	214	0	0	3	0	0	0	0	4	0	125	0	0	0	0	189	0	0	0	0	0	0	0	251	0	0	0	0	0
LT934125.1	-	127401	127048	NOV_TX_4967	0	19	0	0	0	0	0	0	0	0	0	0	0	0	0	0	28	0	0	0	0	0	0	0	44	0	0	0	0	0
LT934125.1	-	127401	127276	NOV_TX_4964	0	8	0	0	0	0	0	0	0	0	0	1	0	0	0	0	4	0	0	0	0	0	0	0	5	0	0	0	0	0
LT934125.1	-	127440	126753	NOV_TX_4974	0	176	0	0	0	0	0	785	0	0	35	0	0	0	0	2	161	3	0	10	39	0	174	0	0	0	0	67	578	848
LT934125.1	-	127440	126985	NOV_TX_4972	0	0	0	0	0	0	0	0	0	0	0	0	0	0	0	0	3	0	0	0	0	0	4	0	0	0	0	4	11	51
LT934125.1	-	127440	127048	NOV_TX_4973	0	10	0	0	0	0	0	0	0	0	0	0	0	0	0	0	12	0	0	0	5	0	0	0	0	0	0	4	0	0
LT934125.1	-	127440	127049	NOV_TX_4981	0	0	0	0	0	0	0	3	0	0	0	0	0	0	0	0	0	0	0	0	0	0	14	0	0	0	0	0	0	62
LT934125.1	-	127440	127152	NOV_TX_4977	0	0	0	0	0	0	0	0	0	0	0	0	0	0	0	0	3	0	0	0	0	0	0	0	0	0	0	0	1	1
LT934125.1	-	127440	127276	NOV_TX_4976	0	7	0	0	0	0	0	3	0	0	0	0	0	0	0	0	4	0	0	0	0	0	0	0	0	0	0	2	13	8
LT934125.1	-	127474	126753	NOV_TX_4985	0	0	0	0	1	0	0	0	0	1	0	0	233	0	0	0	0	0	0	0	0	0	0	0	0	0	0	0	0	0
LT934125.1	-	127491	126753	NOV_TX_4990	0	75	0	0	0	0	0	0	0	1	0	0	0	0	0	0	66	0	0	0	2	0	0	0	64	0	0	4	0	0
LT934125.1	-	127491	127048	NOV_TX_4987	0	3	0	0	0	0	0	0	0	0	0	0	0	0	0	0	12	0	0	0	0	0	0	0	6	0	0	1	0	0
LT934125.1	-	127491	127276	NOV_TX_4988	0	7	0	0	0	0	0	0	0	0	0	0	0	0	0	0	5	0	0	0	0	0	0	0	5	0	0	1	0	0
LT934125.1	-	127551	126753	NOV_TX_5003	0	0	0	0	0	0	203	0	0	0	0	0	0	0	0	0	0	0	4	0	0	0	0	0	0	0	0	36	0	0
LT934125.1	-	127551	126985	NOV_TX_5000	0	0	0	0	0	0	6	0	0	0	0	0	0	0	0	0	0	0	0	0	0	0	0	0	0	0	0	1	0	0
LT934125.1	-	127551	127048	NOV_TX_5001	0	0	0	0	0	0	11	0	0	0	0	0	0	0	0	0	0	0	0	0	0	0	0	0	0	0	0	3	0	0
LT934125.1	-	127551	127276	NOV_TX_5002	0	0	0	0	0	0	6	0	0	0	0	0	0	0	0	0	0	0	0	0	0	0	0	0	0	0	0	1	0	0
LT934125.1	-	127596	126753	NOV_TX_5014	0	201	0	0	6	0	0	0	0	0	0	0	0	0	0	0	194	0	0	0	0	0	0	0	283	0	0	0	0	0
LT934125.1	-	127596	127048	NOV_TX_5012	0	9	0	0	0	0	0	0	0	0	0	0	0	0	0	0	16	0	0	0	0	0	0	0	39	0	0	0	0	0
LT934125.1	-	127596	127276	NOV_TX_5013	0	7	0	0	0	0	0	0	0	0	0	0	0	0	0	0	11	0	0	0	0	0	0	0	11	0	0	0	0	0
LT934125.1	-	127670	126753	NOV_TX_5026	0	234	1	1	0	20	88	203	0	1	10	33	78	0	0	0	144	0	5	3	15	96	0	0	194	0	11	33	216	280
LT934125.1	-	127670	126985	NOV_TX_5028	0	0	0	0	0	0	2	0	0	0	0	0	0	0	0	0	6	0	0	0	0	1	0	0	0	0	0	1	2	21
LT934125.1	-	127670	127048	NOV_TX_5023	0	4	0	0	0	0	2	0	0	0	0	0	0	0	0	0	22	0	0	0	0	0	0	0	21	0	0	6	0	0
LT934125.1	-	127670	127084	NOV_TX_5027	0	0	0	0	0	2	0	0	0	0	0	0	0	0	0	0	0	0	0	0	0	3	0	0	0	0	0	0	36	0
LT934125.1	-	127670	127152	NOV_TX_5030	0	0	0	0	0	0	0	0	0	0	0	0	0	0	0	0	2	0	0	0	0	0	0	0	4	0	0	0	2	0
LT934125.1	-	127670	127276	NOV_TX_5024	0	7	0	0	0	0	5	1	0	0	0	0	1	0	0	0	8	0	0	0	0	0	0	0	11	0	0	3	5	5
LT934125.1	-	127750	126753	NOV_TX_5042	0	111	1	0	1	0	0	0	0	0	2	24	42	0	0	0	63	0	0	6	0	47	0	0	69	0	1	13	100	126
LT934125.1	-	127750	126985	NOV_TX_5041	0	0	0	0	0	0	0	0	0	0	0	0	0	0	0	0	3	0	0	0	0	0	0	0	0	0	0	0	1	10
LT934125.1	-	127750	127048	NOV_TX_5039	0	7	0	0	0	0	0	0	0	0	0	0	0	0	0	0	17	0	0	0	0	0	0	0	5	0	0	1	0	0
LT934125.1	-	127750	127084	NOV_TX_5045	0	0	0	0	0	0	0	0	0	0	0	0	0	0	0	0	0	0	0	0	0	6	0	0	0	0	0	0	21	0
LT934125.1	-	127750	127276	NOV_TX_5040	0	2	0	0	0	0	0	0	0	0	0	0	0	0	0	0	6	0	0	0	0	2	0	0	2	0	0	0	1	2
LT934125.1	-	127774	126753	NOV_TX_5049	0	0	0	0	0	13	0	0	0	0	2	0	0	0	0	0	0	1	3	0	0	0	0	0	0	0	2	0	0	0
LT934125.1	-	127800	126753	NOV_TX_5053	0	0	0	0	0	0	43	0	0	0	0	0	0	0	0	0	0	0	0	0	17	0	32	0	0	0	0	0	0	0
LT934125.1	-	127800	127048	NOV_TX_5050	0	0	0	0	0	0	3	0	0	0	0	0	0	0	0	0	0	0	0	0	2	0	0	0	0	0	0	0	0	0
LT934125.1	-	127800	127276	NOV_TX_5051	0	0	0	0	0	0	1	0	0	0	0	0	0	0	0	0	0	0	0	0	0	0	4	0	0	0	0	0	0	0
LT934125.1	-	127825	126753	NOV_TX_5057	0	54	0	0	1	0	0	91	0	1	0	0	0	0	0	0	23	0	0	0	0	0	0	0	9	0	3	4	0	0
LT934125.1	-	127825	127048	NOV_TX_5055	0	2	0	0	0	0	0	0	0	0	0	0	0	0	0	0	5	0	0	0	0	0	0	0	2	0	0	1	0	0
LT934125.1	-	127825	127276	NOV_TX_5056	0	2	0	0	0	0	0	0	0	0	0	0	0	0	0	0	1	0	0	0	0	0	0	0	4	0	0	0	0	0
LT934125.1	-	127874	126753	NOV_TX_5066	0	52	1	0	3	0	15	184	0	0	0	0	62	0	0	0	25	0	2	2	16	6	36	0	33	0	0	7	9	6
LT934125.1	-	127874	126985	NOV_TX_5064	0	0	0	0	0	0	0	0	0	0	0	0	0	0	0	0	3	0	0	0	0	0	3	0	0	0	0	1	0	0
LT934125.1	-	127874	127048	NOV_TX_5060	0	12	0	0	0	0	0	0	0	0	0	0	0	0	0	0	5	0	0	0	0	0	0	0	3	0	0	1	0	0
LT934125.1	-	127874	127152	NOV_TX_5063	0	0	0	0	0	0	0	0	0	0	0	0	0	0	0	0	0	0	0	0	0	0	1	0	2	0	0	2	0	0
LT934125.1	-	127874	127276	NOV_TX_5061	0	6	0	0	0	0	0	0	0	0	0	0	0	0	0	0	2	0	0	0	0	0	0	0	6	0	0	0	0	0
LT934125.1	-	127896	126753	NOV_TX_5069	0	134	0	0	3	8	44	0	0	2	3	27	0	0	0	0	127	0	0	0	0	53	0	0	120	0	5	26	175	217
LT934125.1	-	127896	126985	NOV_TX_5071	0	0	0	0	0	0	0	0	0	0	0	0	0	0	0	0	1	0	0	0	0	2	0	0	0	0	0	2	4	28
LT934125.1	-	127896	127048	NOV_TX_5068	0	5	0	0	0	0	3	0	0	0	0	0	0	0	0	0	6	0	0	0	0	0	0	0	25	0	0	6	0	0
LT934125.1	-	127896	127084	NOV_TX_5073	0	0	0	0	0	0	0	0	0	0	0	0	0	0	0	0	0	0	0	0	0	6	0	0	0	0	0	0	47	0
LT934125.1	-	127896	127152	NOV_TX_5076	0	0	0	0	0	0	0	0	0	0	0	0	0	0	0	0	0	0	0	0	0	0	0	0	0	0	0	0	4	6
LT934125.1	-	127896	127276	NOV_TX_5070	0	5	0	0	0	0	0	0	0	0	0	0	0	0	0	0	2	0	0	0	0	1	0	0	2	0	0	0	9	8
LT934125.1	-	127962	126753	NOV_TX_5079	0	63	0	0	2	0	9	62	0	0	1	12	6	0	0	0	34	0	0	0	24	58	9	0	36	0	4	0	86	128
LT934125.1	-	127962	126985	NOV_TX_5083	0	0	0	0	0	0	0	0	0	0	0	0	0	0	0	0	1	0	0	0	0	0	0	0	0	0	0	0	1	3
LT934125.1	-	127962	127048	NOV_TX_5082	0	2	0	0	0	0	0	0	0	0	0	0	0	0	0	0	1	0	0	0	1	0	0	0	4	0	0	0	0	0
LT934125.1	-	127962	127084	NOV_TX_5080	0	0	0	0	0	0	0	0	0	0	0	0	0	0	0	0	0	0	0	0	0	6	0	0	0	0	0	0	5	0
LT934125.1	-	127962	127276	NOV_TX_5081	0	2	0	0	0	0	0	0	0	0	0	0	0	0	0	0	1	0	0	0	0	1	0	0	2	0	0	0	0	2
LT934125.1	-	127995	126753	NOV_TX_5093	0	135	1	1	0	8	26	1	0	0	5	0	15	0	0	0	81	1	0	1	0	3	18	0	0	0	1	6	3	3
LT934125.1	-	128014	126753	NOV_TX_5096	0	0	0	0	0	0	0	0	0	0	0	0	0	0	0	0	0	0	0	0	0	0	0	0	61	0	0	23	0	0
LT934125.1	-	128014	127048	NOV_TX_5095	0	0	0	0	0	0	0	0	0	0	0	0	0	0	0	0	0	0	0	0	0	0	0	0	7	0	0	1	0	0
LT934125.1	-	128066	126753	NOV_TX_5101	0	24	0	0	1	0	8	9	0	0	0	2	8	0	0	0	17	1	0	0	0	16	2	0	16	0	1	3	16	10
LT934125.1	-	128117	126753	NOV_TX_5103	0	0	0	0	0	0	35	0	0	0	0	0	0	0	0	0	0	0	0	0	0	0	22	0	0	0	0	29	0	0
LT934125.1	-	128150	126753	NOV_TX_5104	0	0	1	0	1	0	0	34	0	0	0	10	19	1	0	1	45	0	1	0	16	50	0	0	0	0	0	0	110	69
LT934125.1	-	128150	126985	NOV_TX_5105	0	0	0	0	0	0	0	0	0	0	0	0	0	0	0	0	2	0	0	0	0	0	0	0	0	0	0	0	3	3
LT934125.1	-	128174	126753	NOV_TX_5110	0	112	0	0	1	6	0	10	0	0	0	0	0	0	0	0	17	0	0	0	0	0	0	0	68	0	2	0	0	0
LT934125.1	-	128232	126753	NOV_TX_5117	0	280	2	2	3	11	0	62	0	0	6	22	43	0	0	0	189	0	1	1	44	140	0	0	178	0	4	0	0	179
LT934125.1	-	128232	126985	NOV_TX_5123	0	0	0	0	0	0	0	0	0	0	0	0	0	0	0	0	4	0	0	0	0	2	0	0	0	0	0	0	0	24
LT934125.1	-	128232	127048	NOV_TX_5116	0	10	0	0	0	0	0	0	0	0	0	0	0	0	0	0	21	0	0	0	1	0	0	0	20	0	0	0	0	0
LT934125.1	-	128232	127084	NOV_TX_5122	0	0	0	0	0	1	0	0	0	0	0	0	0	0	0	0	0	0	0	0	0	15	0	0	0	0	0	0	0	0
LT934125.1	-	128232	127276	NOV_TX_5120	0	1	0	0	0	0	0	0	0	0	0	0	0	0	0	0	1	0	0	0	0	1	0	0	4	0	0	0	0	1
LT934125.1	-	128232	127995	NOV_TX_5121	0	2	0	0	0	0	0	0	0	0	0	0	0	0	0	0	5	0	0	0	0	0	0	0	0	0	0	0	0	0
LT934125.1	-	128253	126753	NOV_TX_5135	0	0	0	0	0	0	94	0	0	0	0	0	0	0	0	0	0	0	0	0	0	0	58	0	0	0	0	63	269	0
LT934125.1	-	128253	126985	NOV_TX_5128	0	0	0	0	0	0	1	0	0	0	0	0	0	0	0	0	0	0	0	0	0	0	4	0	0	0	0	1	9	0
LT934125.1	-	128285	126753	NOV_TX_5137	0	5	0	0	0	0	0	1	0	0	1	0	2	0	0	0	0	0	0	0	0	0	1	0	0	0	0	0	2	1
LT934125.1	-	128300	126753	NOV_TX_5139	0	5	0	0	0	0	11	1	0	0	1	3	1	0	0	1	7	0	0	0	1	3	2	0	11	1	0	27	25	9
LT934125.1	-	128328	126753	NOV_TX_5142	0	0	0	0	0	0	0	0	0	0	0	0	0	0	0	0	1	0	0	0	0	0	0	0	1	0	0	5	4	1
LT934125.1	-	128731	126753	NOV_TX_5172	0	11	0	0	0	4	12	0	0	0	0	0	0	0	0	0	3	1	1	0	1	5	1	0	15	0	1	12	20	43
LT934125.1	-	128731	127048	NOV_TX_5148	0	1	0	0	0	0	1	0	0	0	0	0	0	0	0	0	0	0	0	0	0	0	0	0	3	0	2	3	0	0
LT934125.1	-	128731	127084	NOV_TX_5165	0	0	0	0	0	0	0	0	0	0	0	0	0	0	0	0	0	0	0	0	0	1	0	0	0	0	0	0	10	0
LT934125.1	-	128731	128046	NOV_TX_5149	0	1	0	0	0	0	0	0	0	0	0	0	0	0	0	0	1	0	0	0	0	1	0	0	0	0	0	0	8	1
LT934125.1	-	128731	128188	NOV_TX_5150	0	5	0	0	0	1	1	1	0	0	0	0	0	0	0	0	1	0	0	0	0	1	0	0	0	0	0	3	0	0
LT934125.1	-	128731	128189	NOV_TX_5169	0	0	0	0	0	0	0	0	0	0	0	0	0	0	0	0	0	0	0	0	0	0	0	0	6	0	0	0	17	27
LT934125.1	-	128731	128494	NOV_TX_5162	0	0	0	0	0	0	0	21	0	0	1	0	5	0	0	0	5	0	0	0	0	0	0	0	4	0	1	1	2	2
LT934125.1	-	128731	128499	NOV_TX_5168	0	0	0	0	0	0	0	0	0	0	0	0	0	0	0	0	0	1	0	0	0	5	0	0	0	0	0	0	0	0
LT934125.1	-	128731	128504	NOV_TX_5174	0	0	0	0	0	0	0	4	0	0	0	1	0	0	0	0	3	0	0	0	0	0	0	0	3	0	0	0	1	3
LT934125.1	-	128731	128616	NOV_TX_5157	0	0	0	0	3	0	0	72	0	1	5	25	23	0	0	0	203	0	0	2	13	26	53	0	220	0	3	81	327	375
LT934125.1	-	134981	134888	NOV_TX_5180	0	7	0	0	1	1	3	2	0	0	0	0	0	0	0	0	17	0	0	0	1	5	13	0	10	0	0	4	10	23
LT934125.1	-	135024	134888	NOV_TX_5181	0	34	0	0	0	0	20	14	0	0	0	0	3	1	0	0	162	0	0	0	10	38	39	1	187	0	2	25	102	152
LT934125.1	-	135087	134888	NOV_TX_5182	0	46	0	0	0	1	18	19	0	0	2	5	7	0	0	0	103	0	0	0	7	22	25	6	150	0	1	21	123	147
LT934125.1	-	135143	134888	NOV_TX_5183	0	29	0	0	0	1	10	25	0	0	1	7	8	1	0	0	112	0	0	1	6	28	25	5	148	0	0	24	85	142
LT934125.1	-	135193	134888	NOV_TX_5184	2	10	0	0	0	0	2	18	0	0	0	2	2	0	0	0	28	0	0	0	5	11	11	1	45	0	1	2	36	37
LT934125.1	-	135251	134888	NOV_TX_5185	0	7	0	0	0	0	0	0	0	0	0	0	0	0	0	0	0	0	0	0	1	0	2	1	0	0	0	3	2	11
LT934125.1	-	135324	134888	NOV_TX_5188	0	0	0	0	0	0	0	0	0	0	0	12	29	0	0	0	0	0	0	0	0	0	0	0	0	0	0	0	0	0
LT934125.1	-	135369	134888	NOV_TX_5190	0	0	0	0	0	0	0	0	0	0	0	0	0	0	0	0	59	0	0	1	0	0	0	0	0	0	0	0	0	0
LT934125.1	-	135384	134888	NOV_TX_5191	1	0	0	0	0	5	0	0	0	0	0	0	0	0	0	0	0	2	0	0	0	0	0	1	0	0	0	0	0	0
LT934125.1	-	135407	134888	NOV_TX_5192	1	26	0	0	1	0	19	97	0	0	0	0	0	3	0	0	65	0	0	0	12	35	17	12	169	0	0	15	104	135
LT934125.1	-	135468	134888	NOV_TX_5193	1	17	0	0	0	2	18	37	0	0	2	6	18	3	0	0	67	0	0	0	8	20	12	5	0	0	1	9	68	132
LT934125.1	-	135498	134888	NOV_TX_5194	1	8	0	0	0	0	3	31	0	0	1	5	9	3	0	0	66	0	0	0	0	17	9	6	22	0	3	12	70	62
LT934125.1	-	135530	134888	NOV_TX_5195	0	0	0	0	0	0	0	0	0	0	0	0	0	0	0	0	37	0	0	0	0	0	2	5	264	0	1	0	13	42
LT934125.1	-	135554	134888	NOV_TX_5196	0	4	0	0	0	0	3	43	0	0	0	2	1	1	0	0	0	0	0	0	3	5	3	5	0	0	0	5	7	0
LT934125.1	-	135619	134888	NOV_TX_5198	0	4	0	0	0	1	3	29	0	0	1	3	12	0	0	0	31	0	0	1	2	12	12	7	42	0	1	4	35	39
LT934125.1	-	135666	134888	NOV_TX_5200	0	1	0	0	0	1	0	14	0	0	2	1	5	1	0	0	21	0	0	0	1	6	8	4	54	0	0	0	23	25
LT934125.1	-	135720	134888	NOV_TX_5201	0	6	0	0	0	3	1	30	0	0	0	0	8	7	0	0	53	0	0	0	10	13	0	14	74	0	2	1	39	66
LT934125.1	-	135744	134888	NOV_TX_5203	0	0	0	0	0	0	0	0	0	0	0	0	0	0	0	0	0	0	0	2	0	0	20	0	0	0	0	7	0	0
LT934125.1	-	135778	134888	NOV_TX_5204	0	1	0	0	0	0	0	14	0	0	0	0	2	2	0	0	12	0	0	0	0	2	2	3	16	1	0	0	4	8
LT934125.1	-	135809	134888	NOV_TX_5205	0	0	0	0	0	0	18	0	0	0	0	0	0	0	0	0	0	0	0	0	0	0	0	0	125	0	0	0	0	98
LT934125.1	-	135827	134888	NOV_TX_5206	1	22	0	0	1	2	0	45	0	0	1	4	15	2	0	0	124	0	0	0	4	16	24	8	0	0	2	17	80	0
LT934125.1	-	135899	134888	NOV_TX_5210	0	8	0	0	0	2	6	4	0	0	0	1	3	2	0	0	9	0	0	0	1	5	7	6	20	0	0	2	21	26
LT934125.1	-	135915	134888	NOV_TX_5214	0	7	0	0	0	0	0	5	0	0	0	0	0	0	0	0	0	0	0	0	0	1	0	0	0	0	0	0	0	0
LT934125.1	-	135931	134888	NOV_TX_5215	0	0	0	0	0	0	0	5	0	0	0	0	0	0	0	0	1	0	0	0	0	0	1	0	2	0	0	1	1	3
LT934125.1	-	135967	134888	NOV_TX_5216	1	5	0	0	0	5	3	0	0	0	0	0	1	2	0	0	22	0	0	0	3	2	8	11	40	0	1	2	24	19
LT934125.1	-	136049	134888	NOV_TX_5219	0	5	0	0	0	0	1	5	0	0	1	0	1	0	0	0	12	0	0	0	1	2	1	1	21	0	1	0	2	15
LT934125.1	-	136103	134888	NOV_TX_5222	1	9	0	0	1	2	12	31	0	0	0	1	2	0	0	0	38	0	0	0	1	12	7	5	272	0	2	11	37	80
LT934125.1	-	136131	134888	NOV_TX_5226	0	1	0	0	0	0	3	5	0	0	0	0	3	0	0	0	6	0	0	0	2	2	1	4	17	1	0	0	0	21
LT934125.1	-	136148	134888	NOV_TX_5227	0	0	0	0	0	0	1	0	0	0	0	0	0	0	0	0	0	0	0	0	0	1	0	3	0	0	0	4	20	3
LT934125.1	-	136235	134888	NOV_TX_5229	5	136	0	1	0	23	62	613	0	0	10	29	147	25	0	0	465	1	3	3	26	110	106	171	693	0	7	71	427	828
LT934125.1	-	136235	135211	NOV_TX_5231	0	4	0	0	0	0	0	1	0	0	0	0	0	0	0	0	1	0	0	0	0	0	0	0	0	0	0	0	0	0
LT934125.1	-	136235	135483	NOV_TX_5238	0	0	0	0	0	0	0	12	0	0	0	0	2	0	0	0	0	0	0	0	0	0	0	0	0	0	0	0	0	0
LT934125.1	-	136235	135485	NOV_TX_5237	0	10	0	0	0	0	0	0	0	0	0	0	0	0	0	0	5	0	0	0	0	0	1	0	0	0	0	0	0	0
LT934125.1	-	136235	135565	NOV_TX_5232	0	5	0	0	0	0	0	0	0	0	0	0	0	0	0	0	5	0	0	0	0	0	1	0	0	0	0	0	0	0
LT934125.1	-	136235	135646	NOV_TX_5239	0	7	0	0	0	0	0	0	0	0	0	0	0	0	0	0	1	0	0	0	0	0	0	0	0	0	0	0	0	0
LT934125.1	-	136235	135728	NOV_TX_5240	0	6	0	0	0	0	0	3	0	0	0	0	0	0	0	0	0	0	0	0	0	0	0	0	0	0	0	0	0	1
LT934125.1	-	136285	134888	NOV_TX_5242	1	18	0	0	1	2	13	46	0	0	0	3	10	3	0	0	31	0	0	0	0	12	18	17	126	0	2	26	101	158
LT934125.1	-	136368	134888	NOV_TX_5247	0	0	0	0	0	0	0	1	0	0	0	0	0	1	0	0	0	0	0	0	0	0	0	0	3	0	0	0	0	6
LT934125.1	-	136409	134888	NOV_TX_5248	0	0	0	0	0	0	0	1	0	0	0	0	0	0	0	0	6	0	0	0	0	1	3	2	16	0	0	0	3	9
LT934125.1	-	136548	134888	NOV_TX_5252	0	0	0	0	0	0	0	1	0	0	0	0	0	0	0	0	1	0	0	0	0	2	1	0	3	0	0	0	3	6
LT934125.1	-	136683	134888	NOV_TX_5253	0	1	0	0	0	0	2	0	0	0	0	0	0	0	0	0	1	0	0	0	0	1	0	0	4	0	0	0	4	6
