seqnames	strand	gene	cluster	TC.start	TC.end	TC.width	support	score	mean_shape	min_shape	max_shape	consensus_peak	min_peak	max_peak	hpi_samples	cell_lines	dcDNA.TSS_TC_significance
LT934125.1	+	TC_1	1	242	242	0	1	32.2841	0	0	0	242	242	242	8h	C6	*
LT934125.1	+	TC_10	10	1217	1258	41	7	1618.155546	0	0	0	1237	1217	1258	2h, 6h, 12h, 8h	C6, NRK, PC_12	***
LT934125.1	+	TC_100	100	11321	11321	0	1	26.651031	0	0	0	11321	11321	11321	6h	PC_12	*
LT934125.1	+	TC_1000	1000	112883	112888	0	12	1245.01929	0	0	2.13221689650914	112884	112884	112884	12h, 6h, 8h, 4h	C6, NRK, PC_12, PK_15	***
LT934125.1	+	TC_1001	1001	113003	113003	0	1	26.651031	0	0	0	113003	113003	113003	6h	PC_12	*
LT934125.1	+	TC_1002	1002	113159	113190	31	3	76.532922	0	0	0	113176	113159	113190	12h, 6h, 8h	NRK, PC_12	*
LT934125.1	+	TC_1003	1003	113243	113272	29	3	252.736302	0	0	0	113258	113243	113272	6h, 8h	C6, NRK, PC_12	**
LT934125.1	+	TC_1004	1004	113411	113444	29	6	1877.541101	0	0	6.60483093345315	113430	113411	113440	2h, 8h, 12h, 4h, 6h	C6, PC_12	***
LT934125.1	+	TC_1005	1005	113555	113555	0	1	26.651031	0	0	0	113555	113555	113555	6h	PC_12	*
LT934125.1	+	TC_1006	1006	113976	113976	0	1	16.129162	0	0	0	113976	113976	113976	6h	PK_15	*
LT934125.1	+	TC_1007	1007	114106	114106	0	1	134.535181	0	0	0	114106	114106	114106	6h	NRK	*
LT934125.1	+	TC_1008	1008	114761	114761	0	1	32.2841	0	0	0	114761	114761	114761	8h	C6	*
LT934125.1	+	TC_1009	1009	114835	114837	2	3	76.229692	0	0	0	114836	114835	114837	12h, 4h, 6h	PK_15	*
LT934125.1	+	TC_101	101	11498	11498	0	1	86.244071	0	0	0	11498	11498	11498	6h	C6	*
LT934125.1	+	TC_1010	1010	114979	114988	0	26	1773963.775105	0	0	2.74190118882261	114985	114985	114985	12h, 1h, 2h, 4h, 6h, 8h, 0.5h, 1.5h, 2.5h	C6, NRK, PC_12, PK_15	***
LT934125.1	+	TC_1011	1011	115056	115067	11	3	1030.099542	0	0	0	115061	115056	115067	4h, 2h	NRK, PK_15	**
LT934125.1	+	TC_1012	1012	115093	115102	9	2	136.231132	0	0	0	115098	115093	115102	12h, 4h	NRK, PC_12	*
LT934125.1	+	TC_1013	1013	115144	115167	23	3	207.413582	0	0	0	115154	115144	115167	8h, 6h, 4h	C6, NRK, PK_15	**
LT934125.1	+	TC_1014	1014	115238	115276	38	4	270.905206	0	0	2.8073549220576	115259	115238	115276	6h, 8h	C6, PC_12, PK_15	**
LT934125.1	+	TC_1015	1015	115379	115379	0	1	40.594301	0	0	0	115379	115379	115379	4h	PK_15	*
LT934125.1	+	TC_1016	1016	115411	115435	24	2	426.624681	0	0	2.58496250072116	115423	115411	115435	8h, 2h	C6, PK_15	*
LT934125.1	+	TC_1017	1017	115464	115508	25	14	7916.863733	0	0	5.49185309632968	115472	115464	115489	12h, 6h, 8h, 2h, 2.5h, 4h	C6, NRK, PC_12, PK_15	***
LT934125.1	+	TC_1018	1018	115536	115573	37	10	779.71058	0	0	0	115550	115536	115573	12h, 8h, 4h, 6h, 2h	C6, NRK, PC_12, PK_15	**
LT934125.1	+	TC_1019	1019	115602	115603	1	2	64.24115	0	0	0	115602	115602	115603	8h	C6, PC_12	*
LT934125.1	+	TC_102	102	11788	11806	3	12	4431.578238	0	0	9.32364519087167	11793	11791	11794	12h, 8h, 6h, 4h	C6, NRK, PC_12, PK_15	***
LT934125.1	+	TC_1020	1020	115649	115652	0	2	2280.473554	0	0	2	115649	115649	115649	1h, 6h	PC_12	*
LT934125.1	+	TC_1021	1021	115705	115768	63	16	2260.907085	0	0	8.76544197913097	115742	115705	115768	12h, 4h, 6h, 8h, 2h	C6, NRK, PC_12, PK_15	***
LT934125.1	+	TC_1022	1022	115808	115841	26	12	3019.452967	0	0	1.51314596221941	115820	115815	115841	12h, 6h, 2h, 4h, 8h	C6, NRK, PC_12, PK_15	***
LT934125.1	+	TC_1023	1023	115880	115974	83	17	7143.664623	0	0	19.0232760756519	115923	115880	115963	12h, 6h, 8h, 2h, 2.5h, 4h	C6, NRK, PC_12, PK_15	***
LT934125.1	+	TC_1024	1024	115993	116081	79	17	4489.318565	0	0	19.9068657827814	116044	115993	116072	12h, 2h, 6h, 8h, 2.5h, 4h	C6, NRK, PC_12, PK_15	***
LT934125.1	+	TC_1025	1025	116100	116288	177	22	35960.888938	0	0	31.8062811540081	116218	116106	116283	12h, 1h, 2h, 6h, 8h, 4h, 1.5h, 2.5h	C6, NRK, PC_12, PK_15	***
LT934125.1	+	TC_1026	1026	116331	116583	221	22	43851.889781	0	0	38.2396589137425	116429	116331	116552	12h, 1h, 4h, 6h, 8h, 1.5h, 2.5h, 2h	C6, NRK, PC_12, PK_15	***
LT934125.1	+	TC_1027	1027	116359	116781	129	24	46494.695346	0	0	46.7594766691922	116641	116586	116715	12h, 1h, 2h, 4h, 6h, 8h, 1.5h, 2.5h	C6, NRK, PC_12, PK_15	***
LT934125.1	+	TC_1028	1028	116745	116798	43	17	13981.0999	0	0	15.2315910307679	116776	116748	116791	12h, 4h, 8h, 2h, 6h, 1h	C6, NRK, PC_12, PK_15	***
LT934125.1	+	TC_1029	1029	116817	116846	29	9	2013.893336	0	0	5.00921013388847	116834	116817	116846	2h, 6h, 8h, 12h, 4h	C6, NRK, PC_12, PK_15	***
LT934125.1	+	TC_103	103	11846	11859	13	2	45.115002	0	0	0	11852	11846	11859	8h	PC_12, PK_15	*
LT934125.1	+	TC_1030	1030	117431	117452	21	7	885.483252	0	0	0	117441	117431	117452	12h, 2h, 4h, 6h, 8h	C6, NRK, PC_12	**
LT934125.1	+	TC_1031	1031	117566	117566	0	1	81.685999	0	0	0	117566	117566	117566	8h	NRK	*
LT934125.1	+	TC_1032	1032	117603	117612	4	16	8184.584016	0	0	5.61470984411521	117607	117603	117607	12h, 4h, 6h, 8h, 2h	C6, NRK, PC_12, PK_15	***
LT934125.1	+	TC_1033	1033	117684	117684	0	1	26.651031	0	0	0	117684	117684	117684	6h	PC_12	*
LT934125.1	+	TC_1034	1034	117768	117781	0	25	64929.556588	0	0	2.67493059836653	117769	117769	117769	12h, 1h, 2h, 4h, 6h, 8h, 1.5h, 2.5h	C6, NRK, PC_12, PK_15	***
LT934125.1	+	TC_1035	1035	117835	117857	22	4	165.060493	0	0	0	117850	117835	117857	8h, 6h, 4h	NRK, PC_12, PK_15	**
LT934125.1	+	TC_1036	1036	117887	117920	33	11	2888.101019	0	0	0	117901	117887	117920	12h, 6h, 8h, 1.5h, 4h	C6, NRK, PC_12, PK_15	***
LT934125.1	+	TC_1037	1037	117958	117958	0	1	32258.064516	0	0	0	117958	117958	117958	0.5h	PC_12	*
LT934125.1	+	TC_1038	1038	117985	117987	0	1	172.488142	1.58496250072116	1.58496250072116	1.58496250072116	117985	117985	117985	6h	C6	*
LT934125.1	+	TC_1039	1039	118015	118086	71	11	3032.213919	0	0	5.88987288965307	118041	118015	118086	6h, 8h, 12h, 1.5h, 4h, 2h	C6, NRK, PC_12, PK_15	***
LT934125.1	+	TC_104	104	11913	11919	6	2	107.224706	0	0	0	11916	11913	11919	12h, 6h	C6	*
LT934125.1	+	TC_1040	1040	118133	118219	85	14	5408.853576	0	0	9.93262166702547	118186	118133	118218	12h, 8h, 4h, 6h, 1h, 2.5h, 2h	C6, NRK, PC_12, PK_15	***
LT934125.1	+	TC_1041	1041	118253	118253	0	1	32.2841	0	0	0	118253	118253	118253	8h	C6	*
LT934125.1	+	TC_1042	1042	118278	118278	0	1	86.244071	0	0	0	118278	118278	118278	6h	C6	*
LT934125.1	+	TC_1043	1043	118315	118346	31	6	457.598581	0	0	2	118335	118315	118346	6h, 8h	C6, NRK, PC_12	**
LT934125.1	+	TC_1044	1044	118372	118391	19	6	826.574326	0	0	0	118383	118372	118391	8h, 4h, 6h	C6, NRK, PC_12, PK_15	**
LT934125.1	+	TC_1045	1045	118439	118450	11	3	129.024264	0	0	0	118443	118439	118450	6h	C6, PC_12, PK_15	*
LT934125.1	+	TC_1046	1046	118499	118529	23	11	858.429284	0	0	6.000000012317	118521	118506	118529	12h, 6h, 8h, 4h	C6, NRK, PC_12, PK_15	**
LT934125.1	+	TC_1047	1047	118574	118604	30	5	299.089501	0	0	0	118585	118574	118604	6h, 8h, 4h	C6, NRK, PC_12, PK_15	**
LT934125.1	+	TC_1048	1048	118664	118763	90	8	2697.4529	0	0	6.39231742277876	118715	118664	118754	6h, 8h, 12h, 1h, 4h	C6, NRK, PC_12, PK_15	***
LT934125.1	+	TC_1049	1049	118791	118799	8	3	565.295058	0	0	0	118794	118791	118799	4h, 6h, 8h	C6, PC_12, PK_15	**
LT934125.1	+	TC_105	105	11990	11990	0	2	34.138587	0	0	0	11990	11990	11990	12h, 8h	C6, PK_15	*
LT934125.1	+	TC_1050	1050	118846	118868	2	27	1656508.558633	0	0	5.21836258951	118864	118864	118866	12h, 1h, 2h, 4h, 6h, 8h, 0.5h, 1.5h, 2.5h	C6, NRK, PC_12, PK_15	***
LT934125.1	+	TC_1051	1051	118906	118913	0	3	249.364244	0	0	2.7548874883858	118913	118913	118913	12h, 8h, 6h	C6, PC_12, PK_15	**
LT934125.1	+	TC_1052	1052	118953	118980	25	10	3091.983462	0	0	7.16992500144231	118968	118953	118978	12h, 6h, 8h, 1h, 4h	C6, NRK, PC_12, PK_15	***
LT934125.1	+	TC_1053	1053	119009	119111	102	18	6170.482702	0	0	12.6808551669801	119061	119009	119111	12h, 2h, 6h, 8h, 4h, 1.5h, 2.5h	C6, NRK, PC_12, PK_15	***
LT934125.1	+	TC_1054	1054	119155	119274	116	18	7673.942033	0	0	20.9173754826509	119217	119155	119271	12h, 4h, 6h, 8h, 1h, 2h	C6, NRK, PC_12, PK_15	***
LT934125.1	+	TC_1055	1055	119301	119304	0	5	464.113361	0	0	1.83659167506276	119304	119304	119304	4h, 6h, 8h	PC_12, PK_15	**
LT934125.1	+	TC_1056	1056	119337	119353	16	9	1551.667379	0	0	6.36277644833739	119343	119337	119353	6h, 8h, 12h, 2h, 4h	C6, NRK, PC_12, PK_15	***
LT934125.1	+	TC_1057	1057	119380	119386	6	4	925.14992	0	0	2.57798232963786	119382	119380	119386	8h, 6h, 2h	C6, NRK, PC_12	**
LT934125.1	+	TC_1058	1058	119421	119444	15	13	3173.692779	0	0	3.16992500144231	119433	119421	119436	12h, 6h, 8h, 2.5h, 4h	C6, NRK, PC_12, PK_15	***
LT934125.1	+	TC_1059	1059	119461	119500	39	7	1479.386085	0	0	2.33804949078609	119484	119461	119500	12h, 6h, 4h, 2h, 8h	C6, PC_12, PK_15	***
LT934125.1	+	TC_106	106	12015	12099	84	11	841.750658	0	0	5.64385618977472	12054	12015	12099	12h, 6h, 8h, 2h, 4h	C6, NRK, PC_12, PK_15	**
LT934125.1	+	TC_1060	1060	119526	119575	39	18	8430.770806	0	0	10.1608166304598	119564	119536	119575	12h, 4h, 6h, 8h, 2h, 1h	C6, NRK, PC_12, PK_15	***
LT934125.1	+	TC_1061	1061	119618	119668	32	14	3230.569749	0	0	10.1853840407439	119637	119618	119650	12h, 4h, 6h, 8h, 2.5h, 2h	C6, NRK, PC_12, PK_15	***
LT934125.1	+	TC_1062	1062	119685	119724	12	10	2587.216308	0	0	12.7201088053828	119691	119685	119697	4h, 6h, 12h, 8h, 2.5h	C6, NRK, PC_12, PK_15	***
LT934125.1	+	TC_1063	1063	119740	119844	80	19	13055.558787	0	0	25.163395793579	119791	119746	119826	12h, 4h, 6h, 8h, 2h, 2.5h	C6, NRK, PC_12, PK_15	***
LT934125.1	+	TC_1064	1064	119854	119889	31	16	6044.602851	0	0	12.7115499692233	119870	119854	119885	12h, 1h, 4h, 8h, 6h, 2.5h, 2h	C6, NRK, PC_12, PK_15	***
LT934125.1	+	TC_1065	1065	119913	119913	0	1	86.244071	0	0	0	119913	119913	119913	6h	C6	*
LT934125.1	+	TC_1066	1066	119936	119986	11	17	13209.281201	0	0	16.3214083854697	119942	119938	119949	12h, 1h, 4h, 8h, 6h, 2.5h	C6, NRK, PC_12, PK_15	***
LT934125.1	+	TC_1067	1067	119982	120197	182	20	17012.348197	0	0	25.6013613514512	120074	119982	120164	12h, 1h, 4h, 6h, 8h, 2.5h, 2h	C6, NRK, PC_12, PK_15	***
LT934125.1	+	TC_1068	1068	120207	120216	0	5	1519.895636	0	0	4.09706862941342	120211	120211	120211	12h, 6h, 8h, 2h, 4h	NRK, PK_15	**
LT934125.1	+	TC_1069	1069	120238	120273	32	12	2328.202756	0	0	8.31419637857157	120251	120241	120273	12h, 4h, 6h, 8h, 2h	C6, PC_12, PK_15	***
LT934125.1	+	TC_107	107	12127	12127	0	1	26.651031	0	0	0	12127	12127	12127	6h	PC_12	*
LT934125.1	+	TC_1070	1070	120297	120375	53	19	10197.095155	0	0	14.8339117623734	120327	120310	120363	12h, 1h, 6h, 8h, 4h, 1.5h, 2h	C6, NRK, PC_12, PK_15	***
LT934125.1	+	TC_1071	1071	120481	120499	18	3	388.211924	0	0	1.58496250072116	120488	120481	120499	6h, 4h	C6, NRK, PK_15	**
LT934125.1	+	TC_1072	1072	120554	120559	0	21	36057.610263	0	0	3.84915941076688	120555	120555	120555	12h, 1h, 2h, 4h, 6h, 8h	C6, NRK, PC_12, PK_15	***
LT934125.1	+	TC_1073	1073	120624	120635	11	2	118.528171	0	0	0	120630	120624	120635	6h, 8h	C6	*
LT934125.1	+	TC_1074	1074	120664	120664	0	1	100.38145	0	0	0	120664	120664	120664	4h	PC_12	*
LT934125.1	+	TC_1075	1075	120741	120741	0	1	32.2841	0	0	0	120741	120741	120741	8h	C6	*
LT934125.1	+	TC_1076	1076	120803	120803	0	1	40.594301	0	0	0	120803	120803	120803	4h	PK_15	*
LT934125.1	+	TC_1077	1077	120836	120872	36	3	872.53095	0	0	0	120856	120836	120872	2.5h, 4h, 8h	PC_12	**
LT934125.1	+	TC_1078	1078	120932	120945	4	16	5396.924691	0	0	7.09853809547983	120935	120933	120937	12h, 2h, 6h, 8h, 2.5h, 4h	C6, NRK, PC_12, PK_15	***
LT934125.1	+	TC_1079	1079	120992	121103	100	8	2759.466181	0	0	12.8266861056987	121027	120992	121092	12h, 8h, 6h, 1h	C6, NRK, PC_12, PK_15	***
LT934125.1	+	TC_108	108	12161	12208	47	8	839.63607	0	0	0	12192	12161	12208	12h, 6h, 8h, 4h, 2h	C6, NRK, PC_12, PK_15	**
LT934125.1	+	TC_1080	1080	121130	121130	0	2	56.150793	0	0	0	121130	121130	121130	8h, 6h	PC_12, PK_15	*
LT934125.1	+	TC_1081	1081	121180	121210	30	3	779.702656	0	0	4.21103236991921	121197	121180	121210	6h, 4h	C6, NRK, PC_12	**
LT934125.1	+	TC_1082	1082	121236	121236	0	1	86.244071	0	0	0	121236	121236	121236	6h	C6	*
LT934125.1	+	TC_1083	1083	121262	121274	12	9	815.443916	0	0	3.05051273056363	121270	121262	121274	12h, 6h, 8h, 4h	C6, NRK, PC_12, PK_15	**
LT934125.1	+	TC_1084	1084	121310	121313	3	3	2168.28081	0	0	0	121311	121310	121313	1h, 4h	C6, NRK, PK_15	**
LT934125.1	+	TC_1085	1085	121357	121396	39	3	584.094156	0	0	0	121377	121357	121396	4h, 6h, 8h	C6, PC_12	**
LT934125.1	+	TC_1086	1086	121454	121454	0	1	40.594301	0	0	0	121454	121454	121454	4h	PK_15	*
LT934125.1	+	TC_1087	1087	121483	121517	34	5	345.066321	0	0	0	121507	121483	121517	6h, 8h	C6, NRK, PC_12	**
LT934125.1	+	TC_1088	1088	121548	121548	0	1	26.651031	0	0	0	121548	121548	121548	6h	PC_12	*
LT934125.1	+	TC_1089	1089	121577	121583	0	2	277.015047	0	0	2.57798232963786	121583	121583	121583	8h	NRK, PC_12	*
LT934125.1	+	TC_109	109	12242	12262	20	2	58.608081	0	0	0	12252	12242	12262	6h, 8h	PC_12	*
LT934125.1	+	TC_1090	1090	121619	121626	0	1	172.488142	3	3	3	121619	121619	121619	6h	C6	*
LT934125.1	+	TC_1091	1091	121668	121668	0	1	86.244071	0	0	0	121668	121668	121668	6h	C6	*
LT934125.1	+	TC_1092	1092	121705	121745	37	13	1401.645129	0	0	4.44955227767627	121717	121705	121742	12h, 4h, 6h, 8h	C6, NRK, PC_12, PK_15	***
LT934125.1	+	TC_1093	1093	121777	121795	2	26	273621.844233	0	0	3.23793721844566	121784	121784	121786	12h, 1h, 2h, 4h, 6h, 8h, 1.5h, 2.5h	C6, NRK, PC_12, PK_15	***
LT934125.1	+	TC_1094	1094	121834	121837	3	3	665.152637	0	0	0	121836	121834	121837	8h, 4h, 12h	C6, NRK, PK_15	**
LT934125.1	+	TC_1095	1095	121886	121931	39	16	4123.011502	0	0	7.16992500144231	121901	121886	121925	12h, 1h, 4h, 6h, 8h	C6, NRK, PC_12, PK_15	***
LT934125.1	+	TC_1096	1096	121979	122053	74	11	2962.1568	0	0	11.2464739223202	122014	121979	122053	6h, 8h, 12h, 1h, 4h	C6, NRK, PC_12, PK_15	***
LT934125.1	+	TC_1097	1097	122110	122120	2	12	1699.737036	0	0	4.55419930960201	122119	122117	122119	12h, 8h, 6h, 2.5h, 4h	C6, NRK, PC_12, PK_15	***
LT934125.1	+	TC_1098	1098	122171	122227	41	7	2469.919419	0	0	5.999999981239	122189	122171	122212	12h, 8h, 1.5h, 6h	C6, NRK, PC_12	***
LT934125.1	+	TC_1099	1099	122244	122354	97	15	2254.711767	0	0	10.6879973786396	122289	122244	122341	6h, 8h, 12h, 2h, 4h	C6, NRK, PC_12, PK_15	***
LT934125.1	+	TC_11	11	1290	1323	2	3	357.402493	0	0	14.3375814677532	1291	1290	1292	8h, 6h	C6, PC_12	**
LT934125.1	+	TC_110	110	12297	12297	0	1	16.129162	0	0	0	12297	12297	12297	6h	PK_15	*
LT934125.1	+	TC_1100	1100	122398	122409	3	10	874.367416	0	0	4.64638480387007	122402	122402	122405	12h, 6h, 8h, 4h	C6, NRK, PC_12, PK_15	**
LT934125.1	+	TC_1101	1101	122463	122471	3	5	253.588692	0	0	2.70206051073511	122464	122463	122466	6h, 12h, 4h	C6, PC_12, PK_15	**
LT934125.1	+	TC_1102	1102	122495	122533	35	10	928.392825	0	0	7.55396355566495	122518	122498	122533	12h, 8h, 4h, 2h, 6h	C6, NRK, PC_12, PK_15	**
LT934125.1	+	TC_1103	1103	122575	122819	244	17	16536.441621	0	0	25.2242473859118	122644	122575	122819	12h, 6h, 8h, 1h, 4h, 2h	C6, NRK, PC_12, PK_15	***
LT934125.1	+	TC_1104	1104	122872	122872	0	2	48.413262	0	0	0	122872	122872	122872	8h, 6h	C6, PK_15	*
LT934125.1	+	TC_1105	1105	122920	122942	2	17	15264.532533	0	0	7.0419709381311	122922	122922	122924	12h, 6h, 8h, 1h, 4h, 2h	C6, NRK, PC_12, PK_15	***
LT934125.1	+	TC_1106	1106	122977	122988	2	25	189025.492182	0	0	4.87993783077593	122979	122979	122981	12h, 1h, 2h, 4h, 6h, 8h, 1.5h, 2.5h	C6, NRK, PC_12, PK_15	***
LT934125.1	+	TC_1107	1107	123035	123060	25	4	152.875575	0	0	0	123048	123035	123060	12h, 8h	C6, NRK	**
LT934125.1	+	TC_1108	1108	123095	123101	6	3	302.465251	0	0	0	123097	123095	123101	6h, 8h	C6, NRK	**
LT934125.1	+	TC_1109	1109	123186	123219	33	3	130.819943	0	0	0	123205	123186	123219	6h, 12h	C6, NRK, PC_12	*
LT934125.1	+	TC_111	111	12327	12327	0	1	32.2841	0	0	0	12327	12327	12327	8h	C6	*
LT934125.1	+	TC_1110	1110	123254	123254	0	1	26.887262	0	0	0	123254	123254	123254	12h	NRK	*
LT934125.1	+	TC_1111	1111	123282	123311	29	6	837.157508	0	0	0	123300	123282	123311	4h, 6h, 8h	C6, NRK, PC_12	**
LT934125.1	+	TC_1112	1112	123339	123381	42	4	158.218921	0	0	0	123364	123339	123381	12h, 8h, 6h	NRK, PC_12	**
LT934125.1	+	TC_1113	1113	123409	123412	3	2	113.643049	0	0	0	123410	123409	123412	8h	NRK, PC_12	*
LT934125.1	+	TC_1114	1114	123449	123484	35	4	333.127871	0	0	0	123464	123449	123484	12h, 6h, 8h, 4h	C6, PC_12	**
LT934125.1	+	TC_1115	1115	123509	123560	51	6	1316.269613	0	0	0	123527	123509	123560	12h, 4h, 8h, 6h	C6, NRK, PK_15	***
LT934125.1	+	TC_1116	1116	123587	123641	54	12	1912.354815	0	0	4.98289214714576	123606	123587	123641	6h, 8h, 12h, 4h	C6, NRK, PC_12, PK_15	***
LT934125.1	+	TC_1117	1117	123687	123722	35	6	792.775309	0	0	0	123700	123687	123722	12h, 4h, 8h	C6, NRK, PC_12	**
LT934125.1	+	TC_1118	1118	123755	123788	25	10	737.796666	0	0	3.02548420809851	123768	123755	123780	12h, 6h, 4h, 8h	C6, NRK, PC_12, PK_15	**
LT934125.1	+	TC_1119	1119	123817	123833	7	8	1157.000656	0	0	3.32192809488736	123822	123817	123824	12h, 6h, 8h, 4h	C6, NRK, PC_12, PK_15	***
LT934125.1	+	TC_112	112	12392	12392	0	1	100.38145	0	0	0	12392	12392	12392	4h	PC_12	*
LT934125.1	+	TC_1120	1120	123870	123878	8	3	447.462885	0	0	0	123873	123870	123878	12h, 2h, 4h	NRK, PK_15	**
LT934125.1	+	TC_1121	1121	123905	123953	48	7	570.687157	0	0	1.94190118368787	123923	123905	123953	12h, 6h, 8h, 4h	NRK, PC_12, PK_15	**
LT934125.1	+	TC_1122	1122	123979	123979	0	1	26.651031	0	0	0	123979	123979	123979	6h	PC_12	*
LT934125.1	+	TC_1123	1123	124008	124067	38	11	2569.619935	0	0	8	124027	124008	124046	12h, 1h, 6h, 8h, 4h	C6, NRK, PC_12, PK_15	***
LT934125.1	+	TC_1124	1124	124093	124093	0	7	295.609112	0	0	0	124093	124093	124093	6h, 12h, 8h, 4h	C6, NRK, PC_12, PK_15	**
LT934125.1	+	TC_1125	1125	124133	124406	235	22	20836.874859	0	0	27.1096064019716	124304	124162	124397	12h, 1h, 4h, 6h, 8h, 1.5h, 2.5h, 2h	C6, NRK, PC_12, PK_15	***
LT934125.1	+	TC_1126	1126	124454	124642	157	18	11473.873149	0	0	29.2539529398356	124540	124454	124611	12h, 4h, 6h, 8h, 2h	C6, NRK, PC_12, PK_15	***
LT934125.1	+	TC_1127	1127	124672	124716	44	11	1069.98016	0	0	3.83989793570595	124683	124672	124716	12h, 4h, 6h, 8h	C6, NRK, PC_12, PK_15	***
LT934125.1	+	TC_1128	1128	124736	124770	8	25	180222.287437	0	0	2.64291917994257	124756	124756	124764	12h, 1h, 2h, 4h, 6h, 8h, 1.5h, 2.5h	C6, NRK, PC_12, PK_15	***
LT934125.1	+	TC_1129	1129	124796	124796	0	1	2212.389381	0	0	0	124796	124796	124796	1.5h	PC_12	*
LT934125.1	+	TC_113	113	12425	12425	0	1	26.651031	0	0	0	12425	12425	12425	6h	PC_12	*
LT934125.1	+	TC_1130	1130	124815	124838	4	4	811.047089	0	0	5.60290165864301	124826	124823	124827	6h, 4h	NRK, PC_12, PK_15	**
LT934125.1	+	TC_1131	1131	124853	124914	53	10	3618.232189	0	0	11.6657800283295	124879	124853	124906	2h, 6h, 12h, 2.5h, 8h	C6, NRK, PC_12, PK_15	***
LT934125.1	+	TC_1132	1132	124919	125061	121	16	5401.224714	0	0	23.7882863431153	124989	124937	125058	12h, 1h, 6h, 8h, 2h, 4h	C6, NRK, PC_12, PK_15	***
LT934125.1	+	TC_1133	1133	125074	125105	14	11	4408.361714	0	0	11.0405068941811	125102	125090	125104	12h, 4h, 6h, 8h, 1h	C6, NRK, PC_12, PK_15	***
LT934125.1	+	TC_1134	1134	125131	125150	13	4	273.502816	0	0	2.37320011645615	125144	125137	125150	12h, 6h	NRK, PC_12, PK_15	**
LT934125.1	+	TC_1135	1135	125177	125177	0	3	129.675683	0	0	0	125177	125177	125177	6h, 12h	C6, PC_12, PK_15	*
LT934125.1	+	TC_1136	1136	125177	125236	2	27	926133.987245	1.45546446154482	1.45546446154482	3.50580795744732	125225	125223	125225	12h, 1h, 2h, 4h, 6h, 8h, 0.5h, 1.5h, 2.5h	C6, NRK, PC_12, PK_15	***
LT934125.1	+	TC_1137	1137	125266	125269	0	3	250.403311	0	0	1.34458964101544	125269	125269	125269	12h, 8h	NRK, PC_12	**
LT934125.1	+	TC_1138	1138	125302	125343	41	8	2221.893558	0	0	8.66969840127286	125317	125302	125343	12h, 2h, 6h, 8h	C6, NRK, PC_12, PK_15	***
LT934125.1	+	TC_1139	1139	125365	125382	0	10	2015.551581	0	0	5.95449382513163	125373	125373	125373	12h, 8h, 6h, 4h	C6, NRK, PC_12, PK_15	***
LT934125.1	+	TC_114	114	12604	12604	0	3	88.434893	0	0	0	12604	12604	12604	8h, 6h	C6, PC_12, PK_15	*
LT934125.1	+	TC_1140	1140	125398	125398	0	1	100.38145	0	0	0	125398	125398	125398	4h	PC_12	*
LT934125.1	+	TC_1141	1141	125423	125446	22	6	936.433575	0	0	3.84874488588362	125434	125424	125446	4h, 6h, 12h, 8h	C6, NRK, PC_12, PK_15	**
LT934125.1	+	TC_1142	1142	125473	125514	41	14	2570.388579	0	0	4.34795081268517	125488	125473	125514	12h, 4h, 6h, 8h, 2h	C6, NRK, PC_12, PK_15	***
LT934125.1	+	TC_1143	1143	125545	125928	383	20	26097.115759	0	0	39.5079403466741	125728	125545	125928	12h, 1h, 6h, 8h, 1.5h, 2.5h, 2h, 4h	C6, NRK, PC_12, PK_15	***
LT934125.1	+	TC_1144	1144	125954	126010	51	13	2460.309567	0	0	13.4636618276367	125980	125954	126005	12h, 6h, 8h, 2.5h, 2h, 4h	C6, NRK, PC_12, PK_15	***
LT934125.1	+	TC_1145	1145	126026	126049	18	2	154.47923	0	0	3.87744376119282	126040	126031	126049	6h, 8h	PC_12	*
LT934125.1	+	TC_1146	1146	126194	126194	0	1	32.2841	0	0	0	126194	126194	126194	8h	C6	*
LT934125.1	+	TC_1147	1147	126375	126375	0	1	31.95705	0	0	0	126375	126375	126375	8h	PC_12	*
LT934125.1	+	TC_1148	1148	126466	126469	3	2	44.575872	0	0	0	126468	126466	126469	12h, 6h	NRK, PC_12	*
LT934125.1	+	TC_1149	1149	126800	126873	73	10	1126.070878	0	0	0	126828	126800	126873	12h, 6h, 8h, 2h, 4h	C6, NRK, PC_12, PK_15	***
LT934125.1	+	TC_115	115	12653	12676	23	2	166.492231	0	0	0	12664	12653	12676	6h, 8h	NRK, PC_12	*
LT934125.1	+	TC_1150	1150	126928	126946	18	2	378.185643	0	0	0	126937	126928	126946	2h, 6h	PK_15	*
LT934125.1	+	TC_1151	1151	127138	127147	9	3	140.869282	0	0	0	127141	127138	127147	12h, 6h	C6, PC_12	*
LT934125.1	+	TC_1152	1152	127568	127568	0	1	26.651031	0	0	0	127568	127568	127568	6h	PC_12	*
LT934125.1	+	TC_1153	1153	127788	127788	0	1	31.95705	0	0	0	127788	127788	127788	8h	PC_12	*
LT934125.1	+	TC_1154	1154	127862	127862	0	1	20.980635	0	0	0	127862	127862	127862	12h	C6	*
LT934125.1	+	TC_1155	1155	127999	128118	75	18	11304.056225	0	0	22.4634471965277	128060	128008	128083	12h, 4h, 6h, 8h, 2.5h, 2h	C6, NRK, PC_12, PK_15	***
LT934125.1	+	TC_1156	1156	128174	128199	4	16	10357.997071	0	0	6.43761907455793	128187	128185	128189	12h, 2h, 4h, 6h, 8h	C6, NRK, PC_12, PK_15	
LT934125.1	+	TC_1157	1157	128364	128371	7	2	48.086212	0	0	0	128368	128364	128371	8h, 6h	PC_12, PK_15	
LT934125.1	+	TC_1158	1158	128411	128411	0	1	20.980635	0	0	0	128411	128411	128411	12h	C6	
LT934125.1	+	TC_1159	1159	129211	129211	0	1	31.95705	0	0	0	129211	129211	129211	8h	PC_12	
LT934125.1	+	TC_116	116	12714	12714	0	1	20.476837	0	0	0	12714	12714	12714	12h	PC_12	*
LT934125.1	+	TC_1160	1160	129579	129592	13	2	97.317763	0	0	0	129586	129579	129592	4h, 6h	PK_15	
LT934125.1	+	TC_1161	1161	129901	129901	0	1	31.95705	0	0	0	129901	129901	129901	8h	PC_12	
LT934125.1	+	TC_1162	1162	129963	129984	21	3	148.931331	0	0	0	129971	129963	129984	8h, 6h, 4h	NRK, PC_12, PK_15	*
LT934125.1	+	TC_1163	1163	130023	130023	0	1	26.651031	0	0	0	130023	130023	130023	6h	PC_12	
LT934125.1	+	TC_1164	1164	130161	130194	33	3	86.171071	0	0	0	130178	130161	130194	8h	C6, PC_12, PK_15	
LT934125.1	+	TC_1165	1165	130291	130291	0	1	86.244071	0	0	0	130291	130291	130291	6h	C6	
LT934125.1	+	TC_1166	1166	130697	130715	18	2	113.643049	0	0	0	130706	130697	130715	8h	NRK, PC_12	
LT934125.1	+	TC_1167	1167	130853	130853	0	1	31.95705	0	0	0	130853	130853	130853	8h	PC_12	
LT934125.1	+	TC_1168	1168	131573	131573	0	1	26.651031	0	0	0	131573	131573	131573	6h	PC_12	
LT934125.1	+	TC_1169	1169	131659	131659	0	1	31.95705	0	0	0	131659	131659	131659	8h	PC_12	
LT934125.1	+	TC_117	117	12744	12770	26	4	600.223318	0	0	0	12762	12744	12770	4h, 6h, 8h	C6, PC_12, PK_15	**
LT934125.1	+	TC_1170	1170	131747	131747	0	1	17.924841	0	0	0	131747	131747	131747	12h	NRK	
LT934125.1	+	TC_1171	1171	132054	132055	1	2	166.492231	0	0	0	132054	132054	132055	6h, 8h	NRK, PC_12	
LT934125.1	+	TC_1172	1172	132357	132357	0	1	26.651031	0	0	0	132357	132357	132357	6h	PC_12	
LT934125.1	+	TC_1173	1173	132560	132560	0	1	32258.064516	0	0	0	132560	132560	132560	0.5h	PC_12	
LT934125.1	+	TC_1174	1174	132598	132620	20	18	14379.302671	0	0	2.96969500417036	132613	132598	132618	12h, 8h, 4h, 6h, 1h, 2.5h, 2h	C6, NRK, PC_12, PK_15	***
LT934125.1	+	TC_1175	1175	132690	132690	0	1	31.95705	0	0	0	132690	132690	132690	8h	PC_12	
LT934125.1	+	TC_1176	1176	132767	132767	0	3	85.221785	0	0	0	132767	132767	132767	12h, 8h	C6, PC_12	
LT934125.1	+	TC_1177	1177	132809	132809	0	1	667.111408	0	0	0	132809	132809	132809	2h	PC_12	
LT934125.1	+	TC_1178	1178	132936	132944	0	1	63.9141	3.16992500144231	3.16992500144231	3.16992500144231	132936	132936	132936	8h	PC_12	
LT934125.1	+	TC_1179	1179	133011	133018	4	2	301.027412	0	0	3	133013	133011	133015	6h, 8h	NRK, PC_12	
LT934125.1	+	TC_118	118	12800	12891	91	7	391.071812	0	0	0	12845	12800	12891	6h, 8h, 12h, 4h	C6, NRK, PC_12, PK_15	**
LT934125.1	+	TC_1180	1180	133054	133072	18	2	388.707512	0	0	0	133063	133054	133072	6h, 2h	PC_12, PK_15	
LT934125.1	+	TC_1181	1181	133128	133128	0	1	31.95705	0	0	0	133128	133128	133128	8h	PC_12	
LT934125.1	+	TC_1182	1182	133397	133397	0	1	64.5682	0	0	0	133397	133397	133397	8h	C6	
LT934125.1	+	TC_1183	1183	133968	133987	19	3	131.159431	0	0	0	133975	133968	133987	6h, 8h, 4h	PC_12, PK_15	*
LT934125.1	+	TC_1184	1184	134280	134280	0	1	31.95705	0	0	0	134280	134280	134280	8h	PC_12	
LT934125.1	+	TC_1185	1185	134342	134342	0	1	32.2841	0	0	0	134342	134342	134342	8h	C6	
LT934125.1	+	TC_1186	1186	134559	134559	0	1	17.924841	0	0	0	134559	134559	134559	12h	NRK	
LT934125.1	+	TC_1187	1187	134940	135000	50	10	1908.143365	0	0	11.6657800511448	134978	134950	135000	12h, 2h, 8h, 4h, 6h	C6, PC_12, PK_15	***
LT934125.1	+	TC_1188	1188	135046	135046	0	1	31.95705	0	0	0	135046	135046	135046	8h	PC_12	*
LT934125.1	+	TC_1189	1189	135223	135223	0	1	667.111408	0	0	0	135223	135223	135223	2h	PC_12	*
LT934125.1	+	TC_119	119	12978	12978	0	1	86.244071	0	0	0	12978	12978	12978	6h	C6	*
LT934125.1	+	TC_1190	1190	135261	135267	0	2	128.15525	0	0	4.44955227767627	135261	135261	135261	8h	C6, PC_12	*
LT934125.1	+	TC_1191	1191	135380	135380	0	1	32.2841	0	0	0	135380	135380	135380	8h	C6	*
LT934125.1	+	TC_1192	1192	135581	135581	0	1	134.535181	0	0	0	135581	135581	135581	6h	NRK	*
LT934125.1	+	TC_1193	1193	135671	135671	0	1	586.85446	0	0	0	135671	135671	135671	4h	NRK	*
LT934125.1	+	TC_1194	1194	135800	135800	0	2	161.186212	0	0	0	135800	135800	135800	6h	NRK, PC_12	*
LT934125.1	+	TC_1195	1195	135883	135883	0	1	16.129162	0	0	0	135883	135883	135883	6h	PK_15	*
LT934125.1	+	TC_1196	1196	135925	135925	0	1	81.685999	0	0	0	135925	135925	135925	8h	NRK	*
LT934125.1	+	TC_1197	1197	135980	135995	15	2	10687.864561	0	0	0	135988	135980	135995	1h, 4h	NRK	*
LT934125.1	+	TC_1198	1198	136030	136030	0	1	134.535181	0	0	0	136030	136030	136030	6h	NRK	*
LT934125.1	+	TC_1199	1199	136055	136117	62	9	954.975814	0	0	7.30363309617111	136079	136055	136117	6h, 8h, 2h, 4h	C6, NRK, PC_12, PK_15	**
LT934125.1	+	TC_12	12	1323	1358	3	26	300558.073909	1.28584540492312	1.28584540492312	9.11330070724386	1337	1334	1337	12h, 1h, 2h, 4h, 6h, 8h, 1.5h, 2.5h	C6, NRK, PC_12, PK_15	***
LT934125.1	+	TC_120	120	13035	13129	82	7	430.290481	0	0	6.56985560833095	13079	13035	13117	6h, 8h, 12h	C6, NRK, PC_12, PK_15	**
LT934125.1	+	TC_1200	1200	136153	136174	1	19	233676.540299	0	0	2.32840476314036	136158	136157	136158	12h, 6h, 8h, 0.5h, 1h, 2h, 4h	C6, NRK, PC_12, PK_15	***
LT934125.1	+	TC_1201	1201	136224	136292	68	9	3578.411945	0	0	0	136267	136224	136292	6h, 8h, 12h, 1h, 2h, 4h	C6, NRK, PC_12, PK_15	***
LT934125.1	+	TC_1202	1202	136322	136355	0	19	28537.151266	0	0	8.74649820936806	136348	136348	136348	12h, 2h, 6h, 8h, 4h, 2.5h	C6, NRK, PC_12, PK_15	***
LT934125.1	+	TC_1203	1203	136438	136449	11	4	491.828692	0	0	0	136443	136438	136449	8h, 2h, 6h	NRK, PC_12, PK_15	**
LT934125.1	+	TC_1204	1204	136494	136531	37	5	3063.501896	0	0	0	136517	136494	136531	6h, 8h, 1h, 4h	PC_12, PK_15	**
LT934125.1	+	TC_1205	1205	136587	136587	0	1	667.111408	0	0	0	136587	136587	136587	2h	PC_12	*
LT934125.1	+	TC_1206	1206	136618	136624	0	4	234.366581	0	0	2.67943497377901	136618	136618	136618	6h, 4h, 8h	PC_12, PK_15	**
LT934125.1	+	TC_1207	1207	136645	136673	25	14	12304.295905	0	0	7.08771884980443	136660	136645	136670	6h, 8h, 1h, 4h, 12h	C6, NRK, PC_12, PK_15	***
LT934125.1	+	TC_1208	1208	136705	136716	11	3	201.780513	0	0	0	136712	136705	136716	6h, 4h	NRK, PC_12, PK_15	**
LT934125.1	+	TC_1209	1209	136765	136806	41	4	3408.313389	0	0	0	136780	136765	136806	8h, 1h, 2h, 4h	NRK, PK_15	**
LT934125.1	+	TC_121	121	13175	13177	2	2	90.565131	0	0	1.58496250072116	13176	13175	13177	6h, 8h	PC_12	*
LT934125.1	+	TC_1210	1210	136847	136862	15	4	3007.351102	0	0	0	136856	136847	136862	6h, 1h, 4h	PC_12, PK_15	**
LT934125.1	+	TC_1211	1211	136921	136924	3	2	140.975751	0	0	0	136922	136921	136924	4h	PC_12, PK_15	*
LT934125.1	+	TC_1212	1212	136983	136983	0	1	26.651031	0	0	0	136983	136983	136983	6h	PC_12	*
LT934125.1	+	TC_1213	1213	137011	137011	0	1	134.535181	0	0	0	137011	137011	137011	6h	NRK	*
LT934125.1	+	TC_1214	1214	137044	137061	17	3	153.489403	0	0	0	137053	137044	137061	6h, 4h	C6, PC_12, PK_15	**
LT934125.1	+	TC_1215	1215	137108	137117	4	8	436.677266	0	0	3.32192809488736	137110	137108	137112	12h, 6h, 4h, 8h	C6, NRK, PC_12, PK_15	**
LT934125.1	+	TC_1216	1216	137151	137151	0	1	32.2841	0	0	0	137151	137151	137151	8h	C6	*
LT934125.1	+	TC_1217	1217	137185	137185	0	1	16.129162	0	0	0	137185	137185	137185	6h	PK_15	*
LT934125.1	+	TC_1218	1218	137211	137211	0	1	81.685999	0	0	0	137211	137211	137211	8h	NRK	*
LT934125.1	+	TC_1219	1219	137340	137340	0	1	525.486075	0	0	0	137340	137340	137340	4h	C6	*
LT934125.1	+	TC_122	122	13255	13300	45	10	500.240822	0	0	3	13273	13255	13300	12h, 6h, 8h, 4h	C6, NRK, PC_12, PK_15	**
LT934125.1	+	TC_1220	1220	137368	137368	0	1	26.651031	0	0	0	137368	137368	137368	6h	PC_12	*
LT934125.1	+	TC_1221	1221	137420	137420	0	1	16.129162	0	0	0	137420	137420	137420	6h	PK_15	*
LT934125.1	+	TC_1222	1222	137455	137455	0	1	2923.976608	0	0	0	137455	137455	137455	1h	PK_15	*
LT934125.1	+	TC_1223	1223	137482	137482	0	1	40.594301	0	0	0	137482	137482	137482	4h	PK_15	*
LT934125.1	+	TC_1224	1224	137528	137528	0	1	32.2841	0	0	0	137528	137528	137528	8h	C6	*
LT934125.1	+	TC_1225	1225	137668	137668	0	1	17.924841	0	0	0	137668	137668	137668	12h	NRK	*
LT934125.1	+	TC_1226	1226	137751	137751	0	1	40.594301	0	0	0	137751	137751	137751	4h	PK_15	*
LT934125.1	+	TC_1227	1227	137822	137822	0	1	2923.976608	0	0	0	137822	137822	137822	1h	PK_15	*
LT934125.1	+	TC_1228	1228	137854	137875	21	2	58.608081	0	0	0	137864	137854	137875	6h, 8h	PC_12	*
LT934125.1	+	TC_1229	1229	137952	137957	5	2	379.981322	0	0	0	137954	137952	137957	12h, 2h	NRK, PK_15	*
LT934125.1	+	TC_123	123	13343	13343	0	1	362.056481	0	0	0	13343	13343	13343	2h	PK_15	*
LT934125.1	+	TC_1230	1230	138062	138062	0	1	81.685999	0	0	0	138062	138062	138062	8h	NRK	*
LT934125.1	+	TC_1231	1231	138099	138103	4	2	113.643049	0	0	0	138101	138099	138103	8h	NRK, PC_12	*
LT934125.1	+	TC_1232	1232	138178	138188	10	2	1279.751674	0	0	0	138183	138178	138188	2h, 4h	C6, PK_15	*
LT934125.1	+	TC_1233	1233	138228	138228	0	2	93.127647	0	0	0	138228	138228	138228	8h, 12h	NRK, PK_15	*
LT934125.1	+	TC_1234	1234	138326	138326	0	1	26.651031	0	0	0	138326	138326	138326	6h	PC_12	*
LT934125.1	+	TC_1235	1235	138362	138364	2	3	3021.791769	0	0	0	138363	138362	138364	8h, 1h, 6h	NRK, PK_15	**
LT934125.1	+	TC_1236	1236	138397	138397	0	1	26.651031	0	0	0	138397	138397	138397	6h	PC_12	*
LT934125.1	+	TC_1237	1237	138454	138454	0	1	2923.976608	0	0	0	138454	138454	138454	1h	PK_15	*
LT934125.1	+	TC_1238	1238	138507	138525	18	2	3024.358058	0	0	0	138516	138507	138525	4h, 1h	PC_12, PK_15	*
LT934125.1	+	TC_1239	1239	138586	138601	15	2	402.650782	0	0	0	138594	138586	138601	2h, 4h	PK_15	*
LT934125.1	+	TC_124	124	13373	13392	19	2	64.24115	0	0	0	13382	13373	13392	8h	C6, PC_12	*
LT934125.1	+	TC_1240	1240	138637	138678	39	8	909.58072	0	0	3.16992500144231	138663	138637	138676	8h, 4h, 6h	C6, NRK, PC_12, PK_15	**
LT934125.1	+	TC_1241	1241	138712	138732	20	2	108.33703	0	0	0	138722	138712	138732	8h, 6h	NRK, PC_12	*
LT934125.1	+	TC_1242	1242	138813	138813	0	1	2923.976608	0	0	0	138813	138813	138813	1h	PK_15	*
LT934125.1	+	TC_1243	1243	138863	138924	61	8	473.008467	0	0	5.8073549220576	138895	138863	138924	8h, 12h, 6h, 4h	C6, NRK, PC_12, PK_15	**
LT934125.1	+	TC_1244	1244	139003	139003	0	1	26.651031	0	0	0	139003	139003	139003	6h	PC_12	*
LT934125.1	+	TC_1245	1245	139091	139115	24	4	840.044209	0	0	0	139106	139091	139115	2h, 4h, 8h	PC_12, PK_15	**
LT934125.1	+	TC_1246	1246	139140	139140	0	1	740.19245	0	0	0	139140	139140	139140	2.5h	PC_12	*
LT934125.1	+	TC_1247	1247	139165	139165	0	1	26.651031	0	0	0	139165	139165	139165	6h	PC_12	*
LT934125.1	+	TC_1248	1248	139195	139195	0	1	100.38145	0	0	0	139195	139195	139195	4h	PC_12	*
LT934125.1	+	TC_1249	1249	139253	139269	16	2	32620.120997	0	0	0	139261	139253	139269	0.5h, 2h	PC_12, PK_15	*
LT934125.1	+	TC_125	125	13440	13458	18	5	3801.674626	0	0	2	13450	13440	13458	12h, 1h, 2h	C6, PC_12, PK_15	**
LT934125.1	+	TC_1250	1250	139357	139357	0	1	32.2841	0	0	0	139357	139357	139357	8h	C6	*
LT934125.1	+	TC_1251	1251	139402	139402	0	1	40.594301	0	0	0	139402	139402	139402	4h	PK_15	*
LT934125.1	+	TC_1252	1252	139476	139517	41	10	2714.290571	0	0	2.32192809488736	139485	139476	139517	2h, 12h, 6h, 8h, 4h	C6, NRK, PC_12, PK_15	***
LT934125.1	+	TC_1253	1253	139555	139565	10	2	69.431225	0	0	0	139560	139555	139565	6h	PC_12, PK_15	*
LT934125.1	+	TC_1254	1254	139634	139634	0	1	16.129162	0	0	0	139634	139634	139634	6h	PK_15	*
LT934125.1	+	TC_1255	1255	139659	139670	11	6	573.451198	0	0	0	139667	139659	139670	12h, 8h, 2h, 4h	C6, NRK, PK_15	**
LT934125.1	+	TC_1256	1256	139748	139784	36	5	989.896284	0	0	1	139764	139748	139784	8h, 12h, 2.5h, 4h	C6, NRK, PC_12, PK_15	**
LT934125.1	+	TC_1257	1257	139816	139891	67	8	3343.723905	0	0	6	139849	139816	139883	6h, 8h, 12h, 1h, 4h	C6, NRK, PC_12, PK_15	***
LT934125.1	+	TC_1258	1258	139929	139935	6	2	2244.346431	0	0	0	139932	139929	139935	1.5h, 8h	PC_12	*
LT934125.1	+	TC_1259	1259	139981	139984	0	10	1068.085696	0	0	1.45546446588304	139982	139982	139982	12h, 6h, 8h, 4h	C6, NRK, PC_12, PK_15	***
LT934125.1	+	TC_126	126	13510	13539	29	8	250.058057	0	0	2.79536035879528	13523	13510	13539	12h, 6h, 8h	C6, PC_12, PK_15	**
LT934125.1	+	TC_1260	1260	140022	140044	22	2	49.881891	0	0	0	140033	140022	140044	12h, 8h	NRK, PC_12	*
LT934125.1	+	TC_1261	1261	140072	140073	1	2	10182.6961	0	0	0	140072	140072	140073	1h, 8h	NRK	*
LT934125.1	+	TC_1262	1262	140101	140107	6	3	193.706543	0	0	0	140103	140101	140107	8h, 12h, 6h	C6, NRK	**
LT934125.1	+	TC_1263	1263	140159	140171	12	2	64.24115	0	0	0	140165	140159	140171	8h	C6, PC_12	*
LT934125.1	+	TC_1264	1264	140201	140247	46	4	6007.178978	0	0	5.39231742277876	140222	140201	140247	12h, 4h, 8h, 1h	NRK, PC_12, PK_15	**
LT934125.1	+	TC_1265	1265	140272	140434	139	11	4452.94503	0	0	14.6974563084622	140324	140272	140411	8h, 12h, 4h, 6h, 1h, 2h	C6, NRK, PC_12, PK_15	***
LT934125.1	+	TC_1266	1266	140487	140497	10	3	1061.451989	0	0	0	140490	140487	140497	8h, 2h	C6, PC_12, PK_15	**
LT934125.1	+	TC_1267	1267	140528	140545	17	3	2982.584689	0	0	0	140539	140528	140545	6h, 8h, 1h	PC_12, PK_15	**
LT934125.1	+	TC_1268	1268	140577	140677	86	9	3480.792271	0	0	13.3164229655036	140619	140577	140663	8h, 12h, 1.5h, 2h, 4h, 6h	C6, NRK, PC_12, PK_15	***
LT934125.1	+	TC_1269	1269	140701	140804	85	12	18710.24344	0	0	11.2103951926112	140746	140704	140789	8h, 12h, 4h, 6h, 1.5h, 1h	C6, NRK, PC_12, PK_15	***
LT934125.1	+	TC_127	127	13569	13591	22	5	133.798417	0	0	0	13580	13569	13591	8h, 6h, 12h	C6, PC_12, PK_15	*
LT934125.1	+	TC_1270	1270	140854	140890	36	5	8065.748668	0	0	0	140873	140854	140890	12h, 1.5h, 2h, 8h, 1h	NRK, PC_12, PK_15	**
LT934125.1	+	TC_1271	1271	140933	140955	22	4	3000.83658	0	0	0	140944	140933	140955	8h, 12h, 6h, 1h	C6, NRK, PC_12, PK_15	**
LT934125.1	+	TC_1272	1272	140994	141252	221	17	18961.779861	0	0	23.8117724383745	141092	140994	141215	12h, 6h, 8h, 1h, 2.5h, 4h, 2h	C6, NRK, PC_12, PK_15	***
LT934125.1	+	TC_1273	1273	141418	141418	0	1	100.38145	0	0	0	141418	141418	141418	4h	PC_12	*
LT934125.1	+	TC_1274	1274	141582	141582	0	1	362.056481	0	0	0	141582	141582	141582	2h	PK_15	*
LT934125.1	+	TC_1275	1275	141675	141675	0	1	31.95705	0	0	0	141675	141675	141675	8h	PC_12	*
LT934125.1	+	TC_1276	1276	141778	141778	0	1	86.244071	0	0	0	141778	141778	141778	6h	C6	*
LT934125.1	+	TC_1277	1277	141812	141812	0	1	13.157952	0	0	0	141812	141812	141812	8h	PK_15	*
LT934125.1	+	TC_1278	1278	141975	141975	0	1	31.95705	0	0	0	141975	141975	141975	8h	PC_12	*
LT934125.1	+	TC_128	128	13634	13634	0	1	16.129162	0	0	0	13634	13634	13634	6h	PK_15	*
LT934125.1	+	TC_129	129	13665	13737	70	5	285.473282	0	0	5.35755200461808	13698	13665	13735	6h, 8h	C6, NRK, PC_12	**
LT934125.1	+	TC_13	13	1393	1393	0	2	589.400174	0	0	0	1393	1393	1393	4h, 8h	C6, PC_12	*
LT934125.1	+	TC_130	130	13764	13764	0	1	86.244071	0	0	0	13764	13764	13764	6h	C6	*
LT934125.1	+	TC_131	131	13793	13817	24	3	114.758874	0	0	2.32192809488736	13805	13793	13817	6h, 8h	PC_12, PK_15	*
LT934125.1	+	TC_132	132	13855	13855	0	1	40.594301	0	0	0	13855	13855	13855	4h	PK_15	*
LT934125.1	+	TC_133	133	13896	13906	10	5	187.696217	0	0	0	13902	13896	13906	6h, 12h, 4h	C6, PC_12, PK_15	**
LT934125.1	+	TC_134	134	13944	13944	0	2	68.054255	0	0	0	13944	13944	13944	12h, 4h	PK_15	*
LT934125.1	+	TC_135	135	13985	13986	1	2	45.687027	0	0	0	13986	13985	13986	8h, 12h	PC_12, PK_15	*
LT934125.1	+	TC_136	136	14040	14054	0	25	245550.164267	0	0	3.29952832500857	14048	14048	14048	12h, 1h, 2h, 4h, 6h, 8h, 1.5h, 2.5h	C6, NRK, PC_12, PK_15	***
LT934125.1	+	TC_137	137	14101	14178	68	12	1371.317985	0	0	5.4262647547021	14132	14101	14169	12h, 6h, 8h, 2h, 4h	C6, NRK, PC_12, PK_15	***
LT934125.1	+	TC_138	138	14212	14245	31	5	389.213049	0	0	4.75488751456263	14231	14214	14245	6h, 8h, 12h, 4h	C6, PC_12, PK_15	**
LT934125.1	+	TC_139	139	14279	14279	0	3	144.852152	0	0	0	14279	14279	14279	6h, 8h	C6, PC_12	*
LT934125.1	+	TC_14	14	1428	1438	10	3	476.02658	0	0	0	1432	1428	1438	8h, 2h	C6, NRK, PK_15	**
LT934125.1	+	TC_140	140	14328	14379	48	7	709.707407	0	0	3.32192809488736	14362	14328	14376	12h, 6h, 8h, 2h	C6, NRK, PK_15	**
LT934125.1	+	TC_141	141	14403	14457	54	12	867.904102	0	0	0	14439	14403	14457	12h, 8h, 6h, 4h, 2h	C6, NRK, PC_12, PK_15	**
LT934125.1	+	TC_142	142	14495	14818	312	18	7371.514588	0	0	27.2811604307452	14671	14506	14818	12h, 1h, 4h, 6h, 8h, 2.5h	C6, NRK, PC_12, PK_15	***
LT934125.1	+	TC_143	143	14847	14868	21	10	1280.104977	0	0	2.8073549220576	14857	14847	14868	12h, 4h, 8h, 6h, 2h	C6, NRK, PC_12, PK_15	***
LT934125.1	+	TC_144	144	14910	14970	60	12	1205.470565	0	0	8.5918806818448	14932	14910	14970	12h, 4h, 8h, 6h	C6, NRK, PC_12, PK_15	***
LT934125.1	+	TC_145	145	15007	15201	176	17	5702.778751	0	0	24.9884297333958	15121	15024	15200	12h, 6h, 8h, 4h, 2h	C6, NRK, PC_12, PK_15	***
LT934125.1	+	TC_146	146	15228	15316	82	15	2552.065277	0	0	9.12128088679794	15272	15234	15316	12h, 6h, 8h, 2.5h, 2h, 4h	C6, NRK, PC_12, PK_15	***
LT934125.1	+	TC_147	147	15344	15354	10	4	698.49844	0	0	2.82085788735601	15348	15344	15354	4h, 12h	C6, PC_12, PK_15	**
LT934125.1	+	TC_148	148	15387	15439	47	8	672.012411	0	0	5.4262647547021	15418	15387	15434	12h, 6h, 8h, 2h	C6, NRK, PC_12, PK_15	**
LT934125.1	+	TC_149	149	15468	15487	19	5	364.722443	0	0	0.954434001237924	15477	15468	15487	6h, 8h, 12h, 4h	NRK, PC_12, PK_15	**
LT934125.1	+	TC_15	15	1469	1559	73	11	3248.04107	0	0	6.04439411935845	1505	1469	1542	12h, 8h, 4h, 2.5h, 2h, 6h	C6, NRK, PC_12, PK_15	***
LT934125.1	+	TC_150	150	15527	15571	28	9	1401.048873	0	0	6.340440632719	15536	15527	15555	6h, 12h, 4h, 8h	C6, NRK, PC_12, PK_15	***
LT934125.1	+	TC_151	151	15591	15802	190	20	46071.224783	0	0	32.873162311291	15674	15597	15787	12h, 1h, 2h, 6h, 8h, 0.5h, 1.5h, 4h	C6, NRK, PC_12, PK_15	***
LT934125.1	+	TC_152	152	15818	15894	58	14	3724.564245	0	0	17.0607238242575	15849	15834	15892	12h, 2h, 6h, 8h, 2.5h, 4h	C6, NRK, PC_12, PK_15	***
LT934125.1	+	TC_153	153	15919	15978	50	10	1144.210262	0	0	13.5121574624038	15951	15926	15976	12h, 8h, 6h, 4h	C6, NRK, PC_12, PK_15	***
LT934125.1	+	TC_154	154	16009	16131	80	16	7772.242656	0	0	24.6965889206987	16039	16013	16093	12h, 6h, 8h, 2h, 2.5h, 4h	C6, NRK, PC_12, PK_15	***
LT934125.1	+	TC_155	155	16469	16489	20	2	64.24115	0	0	0	16479	16469	16489	8h	C6, PC_12	*
LT934125.1	+	TC_156	156	17305	17305	0	1	31.95705	0	0	0	17305	17305	17305	8h	PC_12	*
LT934125.1	+	TC_157	157	17333	17333	0	1	26.651031	0	0	0	17333	17333	17333	6h	PC_12	*
LT934125.1	+	TC_158	158	17519	17519	0	1	31.95705	0	0	0	17519	17519	17519	8h	PC_12	*
LT934125.1	+	TC_159	159	17644	17647	3	6	278.826896	0	0	1	17646	17644	17647	12h, 4h, 6h, 8h	PC_12, PK_15	**
LT934125.1	+	TC_16	16	1583	1612	0	19	58655.580494	0	0	5.3579501900602	1600	1600	1600	12h, 4h, 6h, 8h, 2.5h, 2h	C6, NRK, PC_12, PK_15	***
LT934125.1	+	TC_160	160	17914	17914	0	1	40.594301	0	0	0	17914	17914	17914	4h	PK_15	*
LT934125.1	+	TC_161	161	18005	18005	0	1	31.95705	0	0	0	18005	18005	18005	8h	PC_12	*
LT934125.1	+	TC_162	162	18534	18534	0	1	31.95705	0	0	0	18534	18534	18534	8h	PC_12	
LT934125.1	+	TC_163	163	18572	18587	15	2	161.186212	0	0	0	18580	18572	18587	6h	NRK, PC_12	
LT934125.1	+	TC_164	164	18758	18758	0	1	31.95705	0	0	0	18758	18758	18758	8h	PC_12	
LT934125.1	+	TC_165	165	18853	18870	17	2	80.604513	0	0	0	18862	18853	18870	12h, 6h	PC_12	
LT934125.1	+	TC_166	166	18929	18929	0	1	32.2841	0	0	0	18929	18929	18929	8h	C6	
LT934125.1	+	TC_167	167	18987	18987	0	1	26.651031	0	0	0	18987	18987	18987	6h	PC_12	
LT934125.1	+	TC_168	168	19067	19085	18	8	350.242919	0	0	0	19078	19067	19085	12h, 8h, 6h	C6, NRK, PC_12, PK_15	
LT934125.1	+	TC_169	169	19136	19137	1	5	1034.550982	0	0	0	19136	19136	19137	8h, 6h, 12h, 2h	C6, NRK, PC_12	
LT934125.1	+	TC_17	17	1644	1733	84	11	3369.330452	0	0	9.74711857333287	1692	1644	1728	2h, 6h, 4h, 8h	C6, NRK, PC_12, PK_15	***
LT934125.1	+	TC_170	170	19175	19175	0	1	26.651031	0	0	0	19175	19175	19175	6h	PC_12	
LT934125.1	+	TC_171	171	19507	19507	0	2	52.937685	0	0	0	19507	19507	19507	12h, 8h	C6, PC_12	
LT934125.1	+	TC_172	172	19666	19666	0	1	31.95705	0	0	0	19666	19666	19666	8h	PC_12	
LT934125.1	+	TC_173	173	19749	19749	0	1	40.594301	0	0	0	19749	19749	19749	4h	PK_15	
LT934125.1	+	TC_174	174	20988	20988	0	1	32.2841	0	0	0	20988	20988	20988	8h	C6	
LT934125.1	+	TC_175	175	21964	21964	0	1	362.056481	0	0	0	21964	21964	21964	2h	PK_15	
LT934125.1	+	TC_176	176	22420	22420	0	1	40.594301	0	0	0	22420	22420	22420	4h	PK_15	
LT934125.1	+	TC_177	177	22482	22482	0	1	32.2841	0	0	0	22482	22482	22482	8h	C6	
LT934125.1	+	TC_178	178	22683	22687	1	3	123.968795	0	0	2	22684	22683	22684	6h, 4h	PC_12, PK_15	
LT934125.1	+	TC_179	179	22861	22861	0	1	86.244071	0	0	0	22861	22861	22861	6h	C6	
LT934125.1	+	TC_18	18	1770	1889	112	14	6106.670692	0	0	19.9866781594381	1825	1770	1882	12h, 6h, 8h, 2h, 2.5h, 4h	C6, NRK, PC_12, PK_15	***
LT934125.1	+	TC_180	180	23530	23530	0	1	31.95705	0	0	0	23530	23530	23530	8h	PC_12	
LT934125.1	+	TC_181	181	23570	23570	0	1	86.244071	0	0	0	23570	23570	23570	6h	C6	
LT934125.1	+	TC_182	182	24083	24083	0	1	86.244071	0	0	0	24083	24083	24083	6h	C6	
LT934125.1	+	TC_183	183	24227	24227	0	1	31.95705	0	0	0	24227	24227	24227	8h	PC_12	
LT934125.1	+	TC_184	184	24389	24437	48	3	122.84923	0	0	0	24413	24389	24437	8h, 6h	C6, PC_12	*
LT934125.1	+	TC_185	185	24766	24766	0	1	667.111408	0	0	0	24766	24766	24766	2h	PC_12	
LT934125.1	+	TC_186	186	24824	24824	0	3	95.219512	0	0	0	24824	24824	24824	12h, 6h, 4h	C6, PC_12, PK_15	
LT934125.1	+	TC_187	187	25157	25174	17	5	265.40604	0	0	0	25160	25157	25174	12h, 6h, 8h	C6, PC_12	**
LT934125.1	+	TC_188	188	25247	25250	3	2	112.895102	0	0	0	25248	25247	25250	6h	C6, PC_12	*
LT934125.1	+	TC_189	189	25419	25426	2	18	19201.659058	0	0	4.64385618977472	25420	25420	25422	12h, 1h, 6h, 8h, 4h, 1.5h, 2h	C6, NRK, PC_12, PK_15	***
LT934125.1	+	TC_19	19	1908	2166	256	19	22171.761677	0	0	26.6203731636076	1973	1908	2164	12h, 4h, 8h, 1h, 6h, 2h	C6, NRK, PC_12, PK_15	***
LT934125.1	+	TC_190	190	25506	25506	0	2	85.259113	0	0	0	25506	25506	25506	6h, 8h	PC_12	*
LT934125.1	+	TC_191	191	25715	25715	0	1	362.056481	0	0	0	25715	25715	25715	2h	PK_15	*
LT934125.1	+	TC_192	192	25770	25770	0	1	100.38145	0	0	0	25770	25770	25770	4h	PC_12	*
LT934125.1	+	TC_193	193	25820	25840	20	4	217.758107	0	0	0	25830	25820	25840	6h, 8h	C6, NRK, PK_15	**
LT934125.1	+	TC_194	194	25928	25928	0	1	362.056481	0	0	0	25928	25928	25928	2h	PK_15	*
LT934125.1	+	TC_195	195	25990	26001	11	4	280.915211	0	0	2.32192809488736	25994	25990	26001	8h, 6h	C6, NRK, PC_12	**
LT934125.1	+	TC_196	196	26094	26094	0	1	26.651031	0	0	0	26094	26094	26094	6h	PC_12	*
LT934125.1	+	TC_197	197	26135	26135	0	1	86.244071	0	0	0	26135	26135	26135	6h	C6	*
LT934125.1	+	TC_198	198	26235	26241	6	2	67.245332	0	0	0	26238	26235	26241	6h, 4h	PC_12, PK_15	*
LT934125.1	+	TC_199	199	26292	26292	0	1	53.302063	0	0	0	26292	26292	26292	6h	PC_12	*
LT934125.1	+	TC_2	2	494	494	0	1	81.685999	0	0	0	494	494	494	8h	NRK	*
LT934125.1	+	TC_20	20	2732	2732	0	1	86.244071	0	0	0	2732	2732	2732	6h	C6	*
LT934125.1	+	TC_200	200	26357	26384	27	6	256.971796	0	0	5.8650581894328	26365	26357	26384	8h, 6h, 4h	C6, PC_12, PK_15	**
LT934125.1	+	TC_201	201	26468	26486	18	2	1572.789099	0	0	0	26477	26468	26486	1h, 8h	C6, PC_12	*
LT934125.1	+	TC_202	202	26520	26520	0	1	32.2841	0	0	0	26520	26520	26520	8h	C6	*
LT934125.1	+	TC_203	203	26560	26583	23	2	394.013531	0	0	0	26572	26560	26583	8h, 2h	PC_12, PK_15	*
LT934125.1	+	TC_204	204	26706	26706	0	2	1573.116149	0	0	0	26706	26706	26706	1h, 8h	C6	*
LT934125.1	+	TC_205	205	26760	26778	18	4	679.723425	0	0	0	26766	26760	26778	4h, 8h	C6, NRK, PC_12, PK_15	**
LT934125.1	+	TC_206	206	26882	26882	0	1	31.95705	0	0	0	26882	26882	26882	8h	PC_12	*
LT934125.1	+	TC_207	207	26919	26930	6	3	389.053024	0	0	5.37744373426736	26926	26924	26930	8h, 4h, 6h	NRK, PC_12	**
LT934125.1	+	TC_208	208	27170	27170	0	1	26.651031	0	0	0	27170	27170	27170	6h	PC_12	*
LT934125.1	+	TC_209	209	27224	27242	18	2	64.24115	0	0	0	27233	27224	27242	8h	C6, PC_12	*
LT934125.1	+	TC_21	21	2792	2792	0	1	32.2841	0	0	0	2792	2792	2792	8h	C6	*
LT934125.1	+	TC_210	210	27447	27461	14	2	166.819281	0	0	0	27454	27447	27461	8h, 6h	C6, NRK	*
LT934125.1	+	TC_211	211	27524	27612	88	7	1139.799912	0	0	9.68178219873147	27557	27524	27612	12h, 8h, 2.5h, 6h	C6, NRK, PC_12	***
LT934125.1	+	TC_212	212	27657	27657	0	1	134.535181	0	0	0	27657	27657	27657	6h	NRK	*
LT934125.1	+	TC_213	213	27684	27684	0	1	86.244071	0	0	0	27684	27684	27684	6h	C6	*
LT934125.1	+	TC_214	214	27775	27878	98	13	2257.175403	0	0	12.0080674463682	27826	27775	27873	12h, 6h, 8h, 2.5h, 2h, 4h	C6, NRK, PC_12, PK_15	***
LT934125.1	+	TC_215	215	27909	27911	2	2	50.208941	0	0	0	27910	27909	27911	8h, 12h	C6, NRK	*
LT934125.1	+	TC_216	216	27976	27976	0	1	40.594301	0	0	0	27976	27976	27976	4h	PK_15	*
LT934125.1	+	TC_217	217	28063	28063	0	1	32.2841	0	0	0	28063	28063	28063	8h	C6	*
LT934125.1	+	TC_218	218	28120	28120	0	1	32.2841	0	0	0	28120	28120	28120	8h	C6	*
LT934125.1	+	TC_219	219	28152	28160	8	2	64.215375	0	0	0	28156	28152	28160	8h, 6h	PC_12, PK_15	*
LT934125.1	+	TC_22	22	2854	2854	0	1	31.95705	0	0	0	2854	2854	2854	8h	PC_12	*
LT934125.1	+	TC_220	220	28191	28191	0	1	362.056481	0	0	0	28191	28191	28191	2h	PK_15	*
LT934125.1	+	TC_221	221	28370	28386	16	2	58.935131	0	0	0	28378	28370	28386	8h, 6h	C6, PC_12	*
LT934125.1	+	TC_222	222	28433	28446	13	3	474.951583	0	0	0	28442	28433	28446	6h, 2h	C6, PC_12, PK_15	**
LT934125.1	+	TC_223	223	28472	28472	0	2	687.588245	0	0	0	28472	28472	28472	12h, 2h	PC_12	*
LT934125.1	+	TC_224	224	28504	28511	7	5	201.575615	0	0	0	28507	28504	28511	6h, 8h, 4h	C6, PC_12, PK_15	**
LT934125.1	+	TC_225	225	28549	28551	2	2	59.2595	0	0	0	28550	28549	28551	12h, 8h	PC_12	*
LT934125.1	+	TC_226	226	28625	28625	0	1	21.929921	0	0	0	28625	28625	28625	8h	PK_15	*
LT934125.1	+	TC_227	227	28681	28681	0	1	86.244071	0	0	0	28681	28681	28681	6h	C6	*
LT934125.1	+	TC_228	228	28746	28746	0	1	32.2841	0	0	0	28746	28746	28746	8h	C6	*
LT934125.1	+	TC_229	229	28804	28807	3	2	167.93007	0	0	0	28806	28804	28807	6h, 8h	C6, NRK	*
LT934125.1	+	TC_23	23	2943	2943	0	1	586.85446	0	0	0	2943	2943	2943	4h	NRK	*
LT934125.1	+	TC_230	230	28905	28905	0	1	86.244071	0	0	0	28905	28905	28905	6h	C6	*
LT934125.1	+	TC_231	231	29100	29160	60	4	3408.076188	0	0	1	29132	29100	29160	6h, 8h, 2h	C6, NRK, PC_12	**
LT934125.1	+	TC_232	232	29312	29339	27	6	425.450581	0	0	0	29334	29312	29339	12h, 6h, 8h	C6, NRK, PK_15	**
LT934125.1	+	TC_233	233	29460	29473	8	12	1432.74604	0	0	3.55122261233511	29466	29460	29468	12h, 4h, 6h, 8h	C6, NRK, PC_12, PK_15	***
LT934125.1	+	TC_234	234	29508	29508	0	1	31.95705	0	0	0	29508	29508	29508	8h	PC_12	*
LT934125.1	+	TC_235	235	29624	29638	14	2	132.3385	0	0	0	29631	29624	29638	4h, 8h	PC_12	*
LT934125.1	+	TC_236	236	29683	29693	10	2	64.24115	0	0	0	29688	29683	29693	8h	C6, PC_12	*
LT934125.1	+	TC_237	237	29974	30029	52	5	317.784953	0	0	5.8073549220576	29997	29974	30026	6h, 4h, 8h	C6, PC_12, PK_15	**
LT934125.1	+	TC_238	238	30094	30126	32	3	99.202382	0	0	0	30110	30094	30126	6h, 8h, 4h	PC_12, PK_15	*
LT934125.1	+	TC_239	239	30206	30206	0	1	525.486075	0	0	0	30206	30206	30206	4h	C6	*
LT934125.1	+	TC_24	24	3132	3132	0	1	31.95705	0	0	0	3132	3132	3132	8h	PC_12	*
LT934125.1	+	TC_240	240	30235	30245	5	17	9464.044676	0	0	6.72635292321404	30239	30235	30240	12h, 1h, 6h, 8h, 4h, 2h	C6, NRK, PC_12, PK_15	***
LT934125.1	+	TC_241	241	30298	30299	1	5	328.197219	0	0	0	30298	30298	30299	12h, 6h, 4h, 8h	NRK, PC_12, PK_15	**
LT934125.1	+	TC_242	242	30327	30362	35	3	178.211249	0	0	1.58496250072116	30343	30327	30362	8h	C6, NRK, PC_12	**
LT934125.1	+	TC_243	243	30401	30401	0	1	26.651031	0	0	0	30401	30401	30401	6h	PC_12	*
LT934125.1	+	TC_244	244	30443	30447	4	2	64.24115	0	0	0	30445	30443	30447	8h	C6, PC_12	*
LT934125.1	+	TC_245	245	30480	30489	9	3	145.179202	0	0	0	30483	30480	30489	6h, 8h	C6, PC_12	*
LT934125.1	+	TC_246	246	30529	30532	3	3	90.892181	0	0	0	30530	30529	30532	8h, 6h	C6, PC_12	*
LT934125.1	+	TC_247	247	30646	30719	58	9	773.442038	0	0	6.20945336562895	30676	30646	30704	12h, 6h, 8h, 4h	C6, NRK, PC_12, PK_15	**
LT934125.1	+	TC_248	248	30832	30851	12	3	242.031502	0	0	4.75488750216347	30840	30832	30844	6h, 8h	C6, PC_12	**
LT934125.1	+	TC_249	249	30932	30938	3	16	4385.128649	0	0	2.57798232963786	30932	30932	30935	12h, 1h, 6h, 8h, 2h, 4h	C6, NRK, PC_12, PK_15	***
LT934125.1	+	TC_25	25	3218	3218	0	1	26.651031	0	0	0	3218	3218	3218	6h	PC_12	*
LT934125.1	+	TC_250	250	30994	30994	0	1	100.38145	0	0	0	30994	30994	30994	4h	PC_12	*
LT934125.1	+	TC_251	251	31030	31042	12	5	524.55774	0	0	0	31039	31030	31042	12h, 4h, 6h, 2h, 8h	NRK, PC_12, PK_15	**
LT934125.1	+	TC_252	252	31089	31104	2	25	317549.217756	0	0	1.60831870875883	31098	31096	31098	12h, 1h, 2h, 4h, 6h, 8h, 1.5h, 2.5h	C6, NRK, PC_12, PK_15	***
LT934125.1	+	TC_253	253	31146	31152	0	14	5016.905116	0	0	2.48389207067485	31149	31149	31149	12h, 6h, 8h, 4h	C6, NRK, PC_12, PK_15	***
LT934125.1	+	TC_254	254	31198	31295	97	12	1309.149135	0	0	12.4219682260706	31245	31198	31295	12h, 6h, 8h, 2h, 4h	C6, NRK, PC_12, PK_15	***
LT934125.1	+	TC_255	255	31329	31381	52	12	1209.420123	0	0	1	31356	31329	31381	12h, 6h, 8h, 2.5h, 4h	C6, NRK, PC_12, PK_15	***
LT934125.1	+	TC_256	256	31410	31410	0	5	223.549592	0	0	0	31410	31410	31410	12h, 8h, 4h	NRK, PC_12, PK_15	**
LT934125.1	+	TC_257	257	31447	31532	75	15	3148.423931	0	0	17.0906715613655	31496	31452	31527	12h, 2h, 6h, 8h, 4h	C6, NRK, PC_12, PK_15	***
LT934125.1	+	TC_258	258	31556	31690	129	16	3416.879588	0	0	18.2001736113123	31630	31556	31685	12h, 4h, 6h, 8h, 2.5h	C6, NRK, PC_12, PK_15	***
LT934125.1	+	TC_259	259	31716	31733	10	4	360.108351	0	0	3	31724	31716	31726	8h, 4h	C6, NRK, PC_12, PK_15	**
LT934125.1	+	TC_26	26	3244	3244	0	1	86.244071	0	0	0	3244	3244	3244	6h	C6	*
LT934125.1	+	TC_260	260	31753	31876	93	13	2322.875962	0	0	22.7797391155568	31833	31766	31859	12h, 6h, 8h, 4h	C6, NRK, PC_12, PK_15	***
LT934125.1	+	TC_261	261	31904	32003	88	16	6096.621349	0	0	10.2637946527481	31945	31906	31994	12h, 4h, 8h, 6h, 1h, 2h	C6, NRK, PC_12, PK_15	***
LT934125.1	+	TC_262	262	32013	32042	2	23	845662.861022	0	0	4.53070327117761	32037	32036	32038	12h, 1h, 2h, 4h, 6h, 8h, 1.5h, 2.5h	C6, NRK, PC_12, PK_15	***
LT934125.1	+	TC_263	263	32080	32135	0	11	4180.259548	1.62482077954941	1.62482077954941	16.7506322013126	32091	32091	32091	12h, 6h, 8h, 4h	C6, NRK, PC_12, PK_15	***
LT934125.1	+	TC_264	264	32090	32214	72	18	12707.179364	0	0	20.369025929788	32163	32131	32203	12h, 2h, 4h, 6h, 8h, 1h	C6, NRK, PC_12, PK_15	***
LT934125.1	+	TC_265	265	32239	32329	65	17	6118.778439	0	0	16.8828872430947	32274	32248	32313	12h, 2h, 4h, 6h, 8h	C6, NRK, PC_12, PK_15	***
LT934125.1	+	TC_266	266	32421	32421	0	4	199.440036	0	0	0	32421	32421	32421	12h, 6h, 8h	C6, PC_12	**
LT934125.1	+	TC_267	267	32767	32767	0	1	31.95705	0	0	0	32767	32767	32767	8h	PC_12	*
LT934125.1	+	TC_268	268	32984	32984	0	1	26.651031	0	0	0	32984	32984	32984	6h	PC_12	*
LT934125.1	+	TC_269	269	33084	33092	4	2	88.269787	0	0	3.16992500144231	33086	33084	33088	12h, 6h	C6, PC_12	*
LT934125.1	+	TC_27	27	3372	3372	0	1	525.486075	0	0	0	3372	3372	3372	4h	C6	*
LT934125.1	+	TC_270	270	33153	33153	0	1	40.594301	0	0	0	33153	33153	33153	4h	PK_15	*
LT934125.1	+	TC_271	271	33181	33187	6	2	58.608081	0	0	0	33184	33181	33187	6h, 8h	PC_12	*
LT934125.1	+	TC_272	272	33300	33301	1	2	3268.530055	0	0	0	33300	33300	33301	8h, 2h	C6, NRK	*
LT934125.1	+	TC_273	273	33357	33357	0	1	26.651031	0	0	0	33357	33357	33357	6h	PC_12	*
LT934125.1	+	TC_274	274	33385	33387	2	2	118.201121	0	0	0	33386	33385	33387	6h, 8h	C6, PC_12	*
LT934125.1	+	TC_275	275	33440	33440	0	1	31.95705	0	0	0	33440	33440	33440	8h	PC_12	*
LT934125.1	+	TC_276	276	33558	33585	26	9	2103.855866	0	0	7.40087943628218	33576	33558	33584	12h, 1h, 6h, 8h, 4h	C6, PC_12, PK_15	***
LT934125.1	+	TC_277	277	33612	33612	0	1	2212.389381	0	0	0	33612	33612	33612	1.5h	PC_12	*
LT934125.1	+	TC_278	278	33698	33698	0	2	2313.415563	0	0	0	33698	33698	33698	6h, 1h	C6, PC_12	*
LT934125.1	+	TC_279	279	33825	33831	6	2	2259.455592	0	0	0	33828	33825	33831	8h, 1h	C6, PC_12	*
LT934125.1	+	TC_28	28	3434	3434	0	1	26.651031	0	0	0	3434	3434	3434	6h	PC_12	*
LT934125.1	+	TC_280	280	33890	33902	12	5	839.59306	0	0	0	33899	33890	33902	6h, 8h, 12h, 2h	C6, PC_12	**
LT934125.1	+	TC_281	281	33984	33986	2	2	2313.415563	0	0	0	33985	33984	33986	6h, 1h	C6, PC_12	*
LT934125.1	+	TC_282	282	34057	34057	0	1	31.95705	0	0	0	34057	34057	34057	8h	PC_12	*
LT934125.1	+	TC_283	283	34378	34383	5	2	52.433887	0	0	0	34380	34378	34383	12h, 8h	PC_12	*
LT934125.1	+	TC_284	284	34658	34658	0	1	31.95705	0	0	0	34658	34658	34658	8h	PC_12	
LT934125.1	+	TC_285	285	34695	34721	26	3	85.221785	0	0	0	34706	34695	34721	12h, 8h	C6, PC_12	
LT934125.1	+	TC_286	286	34746	34757	8	5	276.934115	0	0	1.62255625511785	34751	34749	34757	12h, 8h, 4h	C6, PC_12, PK_15	
LT934125.1	+	TC_287	287	34806	34806	0	1	20.476837	0	0	0	34806	34806	34806	12h	PC_12	
LT934125.1	+	TC_288	288	34854	34854	0	3	139.835499	0	0	0	34854	34854	34854	12h, 8h	C6, PC_12	
LT934125.1	+	TC_289	289	34879	34897	18	2	47.127868	0	0	0	34888	34879	34897	12h, 6h	PC_12	
LT934125.1	+	TC_29	29	3487	3487	0	1	32.2841	0	0	0	3487	3487	3487	8h	C6	*
LT934125.1	+	TC_290	290	34925	34937	12	2	72.878401	0	0	0	34931	34925	34937	8h, 4h	C6, PK_15	
LT934125.1	+	TC_291	291	35001	35021	20	3	227.922743	0	0	2.57798231440464	35013	35001	35021	6h, 12h, 8h	NRK, PC_12	
LT934125.1	+	TC_292	292	35102	35117	15	3	159.968	0	0	0	35107	35102	35117	8h, 12h, 4h	C6, PC_12	
LT934125.1	+	TC_293	293	35251	35251	0	4	165.328989	0	0	0	35251	35251	35251	6h, 12h, 8h	C6, PC_12	
LT934125.1	+	TC_294	294	35403	35403	0	1	26.651031	0	0	0	35403	35403	35403	6h	PC_12	
LT934125.1	+	TC_295	295	35445	35445	0	1	20.476837	0	0	0	35445	35445	35445	12h	PC_12	
LT934125.1	+	TC_296	296	35484	35484	0	1	31.95705	0	0	0	35484	35484	35484	8h	PC_12	
LT934125.1	+	TC_297	297	35646	35656	10	2	59.2595	0	0	0	35651	35646	35656	12h, 8h	PC_12	
LT934125.1	+	TC_298	298	36514	36514	0	1	31.95705	0	0	0	36514	36514	36514	8h	PC_12	*
LT934125.1	+	TC_299	299	36575	36575	0	1	31.95705	0	0	0	36575	36575	36575	8h	PC_12	
LT934125.1	+	TC_3	3	622	646	24	5	804.912063	0	0	0	635	622	646	6h, 8h, 4h	C6, NRK, PC_12, PK_15	**
LT934125.1	+	TC_30	30	3705	3705	0	1	1239.157373	0	0	0	3705	3705	3705	2h	C6	*
LT934125.1	+	TC_300	300	36922	36922	0	1	31.95705	0	0	0	36922	36922	36922	8h	PC_12	
LT934125.1	+	TC_301	301	37783	37783	0	1	32.2841	0	0	0	37783	37783	37783	8h	C6	
LT934125.1	+	TC_302	302	38753	38753	0	1	31.95705	0	0	0	38753	38753	38753	8h	PC_12	*
LT934125.1	+	TC_303	303	39139	39139	0	1	32.2841	0	0	0	39139	39139	39139	8h	C6	
LT934125.1	+	TC_304	304	41095	41095	0	1	32.2841	0	0	0	41095	41095	41095	8h	C6	*
LT934125.1	+	TC_305	305	41198	41213	15	2	64.24115	0	0	0	41206	41198	41213	8h	C6, PC_12	
LT934125.1	+	TC_306	306	41256	41256	0	1	32.2841	0	0	0	41256	41256	41256	8h	C6	
LT934125.1	+	TC_307	307	41386	41397	11	2	58.608081	0	0	0	41392	41386	41397	6h, 8h	PC_12	
LT934125.1	+	TC_308	308	41687	41706	19	5	687.08784	0	0	0	41695	41687	41706	12h, 4h, 8h, 6h	C6, NRK, PC_12	**
LT934125.1	+	TC_309	309	41771	41771	0	1	32.2841	0	0	0	41771	41771	41771	8h	C6	
LT934125.1	+	TC_31	31	4057	4057	0	1	86.244071	0	0	0	4057	4057	4057	6h	C6	*
LT934125.1	+	TC_310	310	41904	41904	0	1	64.5682	0	0	0	41904	41904	41904	8h	C6	*
LT934125.1	+	TC_311	311	42099	42099	0	1	26.651031	0	0	0	42099	42099	42099	6h	PC_12	*
LT934125.1	+	TC_312	312	42413	42413	0	1	31.95705	0	0	0	42413	42413	42413	8h	PC_12	
LT934125.1	+	TC_313	313	43090	43090	0	1	31.95705	0	0	0	43090	43090	43090	8h	PC_12	*
LT934125.1	+	TC_314	314	43230	43230	0	1	86.244071	0	0	0	43230	43230	43230	6h	C6	*
LT934125.1	+	TC_315	315	43527	43598	71	10	6000.202228	0	0	5.61470984411521	43554	43527	43598	1h, 6h, 8h, 12h, 2h	C6, NRK, PC_12, PK_15	***
LT934125.1	+	TC_316	316	43659	43659	0	1	86.244071	0	0	0	43659	43659	43659	6h	C6	*
LT934125.1	+	TC_317	317	43746	43746	0	1	100.38145	0	0	0	43746	43746	43746	4h	PC_12	*
LT934125.1	+	TC_318	318	43795	43795	0	1	100.38145	0	0	0	43795	43795	43795	4h	PC_12	*
LT934125.1	+	TC_319	319	43881	43881	0	1	26.651031	0	0	0	43881	43881	43881	6h	PC_12	*
LT934125.1	+	TC_32	32	4335	4335	0	1	31.95705	0	0	0	4335	4335	4335	8h	PC_12	
LT934125.1	+	TC_320	320	43944	43947	3	2	167.93007	0	0	0	43946	43944	43947	6h, 8h	C6, NRK	*
LT934125.1	+	TC_321	321	43995	43995	0	1	86.244071	0	0	0	43995	43995	43995	6h	C6	*
LT934125.1	+	TC_322	322	44028	44028	0	1	31.95705	0	0	0	44028	44028	44028	8h	PC_12	*
LT934125.1	+	TC_323	323	44064	44093	29	4	177.136252	0	0	0	44083	44064	44093	6h, 8h	C6, PC_12	**
LT934125.1	+	TC_324	324	44405	44405	0	1	86.244071	0	0	0	44405	44405	44405	6h	C6	*
LT934125.1	+	TC_325	325	44543	44543	0	1	32.2841	0	0	0	44543	44543	44543	8h	C6	*
LT934125.1	+	TC_326	326	44577	44577	0	1	40.594301	0	0	0	44577	44577	44577	4h	PK_15	*
LT934125.1	+	TC_327	327	44610	44624	14	2	64.24115	0	0	0	44617	44610	44624	8h	C6, PC_12	*
LT934125.1	+	TC_328	328	44685	44686	1	2	67.245332	0	0	0	44686	44685	44686	6h, 4h	PC_12, PK_15	*
LT934125.1	+	TC_329	329	44728	44731	3	2	216.892061	0	0	0	44730	44728	44731	4h, 6h	PC_12, PK_15	*
LT934125.1	+	TC_33	33	4483	4502	19	2	58.935131	0	0	0	4492	4483	4502	8h, 6h	C6, PC_12	*
LT934125.1	+	TC_330	330	44804	44818	2	24	252729.038495	0	0	2.91829583408882	44812	44810	44812	12h, 1h, 2h, 4h, 6h, 8h, 1.5h, 2.5h	C6, NRK, PC_12, PK_15	***
LT934125.1	+	TC_331	331	44858	44881	23	2	76.443983	0	0	3.16992500144231	44870	44858	44881	12h, 4h	NRK, PK_15	*
LT934125.1	+	TC_332	332	44932	44974	42	13	1300.34049	0	0	3	44949	44932	44974	12h, 6h, 8h, 2h, 4h	C6, NRK, PC_12, PK_15	***
LT934125.1	+	TC_333	333	44999	44999	0	1	81.685999	0	0	0	44999	44999	44999	8h	NRK	*
LT934125.1	+	TC_334	334	45028	45069	41	6	211.0794	0	0	0	45050	45028	45069	6h, 8h, 12h	C6, NRK, PC_12, PK_15	**
LT934125.1	+	TC_335	335	45110	45145	35	6	308.490633	0	0	0	45128	45110	45145	6h, 12h, 4h, 8h	C6, PC_12, PK_15	**
LT934125.1	+	TC_336	336	45186	45223	37	4	151.29678	0	0	0	45204	45186	45223	6h, 12h	C6, NRK, PC_12	*
LT934125.1	+	TC_337	337	45252	45264	12	5	151.361591	0	0	0	45261	45252	45264	12h, 8h	NRK, PC_12, PK_15	*
LT934125.1	+	TC_338	338	45302	45313	11	7	294.875552	0	0	0	45310	45302	45313	12h, 8h, 4h, 6h	C6, NRK, PC_12, PK_15	**
LT934125.1	+	TC_339	339	45370	45467	75	14	2652.257552	0	0	14.4179042235467	45407	45370	45445	1h, 6h, 8h, 12h, 4h	C6, NRK, PC_12, PK_15	***
LT934125.1	+	TC_34	34	4632	4637	3	3	152.47361	0	0	2	4633	4632	4635	12h, 8h	C6, PC_12	**
LT934125.1	+	TC_340	340	45496	45503	7	8	408.997834	0	0	3	45497	45496	45503	8h, 12h, 6h, 4h	C6, NRK, PC_12, PK_15	**
LT934125.1	+	TC_341	341	45529	45546	17	3	76.532922	0	0	0	45536	45529	45546	12h, 6h, 8h	NRK, PC_12	*
LT934125.1	+	TC_342	342	45577	45637	60	7	722.046762	0	0	0	45608	45577	45637	12h, 8h, 4h, 6h	C6, NRK, PC_12, PK_15	**
LT934125.1	+	TC_343	343	45662	45662	0	1	100.38145	0	0	0	45662	45662	45662	4h	PC_12	*
LT934125.1	+	TC_344	344	45697	45792	95	10	376.284418	0	0	12.0007235904078	45738	45697	45792	12h, 8h, 6h, 4h	C6, NRK, PC_12, PK_15	**
LT934125.1	+	TC_345	345	45818	45951	91	12	3204.811712	0	0	14.9213246791272	45875	45818	45909	4h, 8h, 12h, 2.5h, 6h, 2h	C6, NRK, PC_12, PK_15	***
LT934125.1	+	TC_346	346	46021	46032	6	17	14768.526144	0	0	7.1374955916794	46025	46023	46029	12h, 1h, 4h, 6h, 8h, 2h	C6, NRK, PC_12, PK_15	***
LT934125.1	+	TC_347	347	46165	46171	6	6	1445.244191	0	0	0	46167	46165	46171	12h, 2h, 8h, 6h	C6, NRK, PC_12	***
LT934125.1	+	TC_348	348	46230	46243	3	22	40488.443306	0	0	8.66699534338321	46234	46233	46236	12h, 1h, 4h, 6h, 8h, 2h, 2.5h	C6, NRK, PC_12, PK_15	***
LT934125.1	+	TC_349	349	46286	46286	0	1	81.685999	0	0	0	46286	46286	46286	8h	NRK	*
LT934125.1	+	TC_35	35	4825	4825	0	1	26.651031	0	0	0	4825	4825	4825	6h	PC_12	*
LT934125.1	+	TC_350	350	46322	46418	66	8	864.251282	0	0	10.2379568915127	46341	46322	46388	12h, 6h, 8h, 4h, 2h	C6, NRK, PC_12, PK_15	**
LT934125.1	+	TC_351	351	46453	46453	0	1	1540.832049	0	0	0	46453	46453	46453	1h	C6	*
LT934125.1	+	TC_352	352	46481	46492	8	9	898.436405	0	0	3.68016895976738	46488	46481	46489	6h, 8h, 12h, 4h	C6, NRK, PC_12, PK_15	**
LT934125.1	+	TC_353	353	46514	46514	0	1	1050.972149	0	0	0	46514	46514	46514	4h	C6	*
LT934125.1	+	TC_354	354	46562	46573	11	3	140.29408	0	0	0	46569	46562	46573	8h, 6h	NRK, PC_12	*
LT934125.1	+	TC_355	355	46635	46635	0	1	17.924841	0	0	0	46635	46635	46635	12h	NRK	*
LT934125.1	+	TC_356	356	46696	46714	18	5	839.258891	0	0	0	46710	46696	46714	2h, 4h, 6h, 8h	PC_12, PK_15	**
LT934125.1	+	TC_357	357	46751	46782	31	7	452.119339	0	0	1	46773	46751	46782	12h, 6h, 8h	C6, NRK, PC_12, PK_15	**
LT934125.1	+	TC_358	358	46815	46863	48	4	664.164033	0	0	0	46840	46815	46863	4h, 6h, 12h, 8h	C6, PC_12	**
LT934125.1	+	TC_359	359	46897	46906	9	3	149.492731	0	0	3.32192809488736	46900	46897	46906	12h, 8h	NRK, PC_12	*
LT934125.1	+	TC_36	36	4947	4947	0	1	81.685999	0	0	0	4947	4947	4947	8h	NRK	*
LT934125.1	+	TC_360	360	46933	46933	0	1	100.38145	0	0	0	46933	46933	46933	4h	PC_12	*
LT934125.1	+	TC_361	361	47005	47024	19	5	1687.670299	0	0	0	47013	47005	47024	1h, 6h, 12h	C6, NRK, PC_12, PK_15	**
LT934125.1	+	TC_362	362	47052	47074	14	4	3093.573059	0	0	4.75488751456263	47062	47052	47066	6h, 1.5h, 2h, 8h	C6, PC_12	**
LT934125.1	+	TC_363	363	47101	47101	0	1	81.685999	0	0	0	47101	47101	47101	8h	NRK	*
LT934125.1	+	TC_364	364	47143	47149	6	2	2239.040412	0	0	0	47146	47143	47149	1.5h, 6h	PC_12	*
LT934125.1	+	TC_365	365	47188	47188	0	2	182.067449	0	0	0	47188	47188	47188	8h, 4h	NRK, PC_12	*
LT934125.1	+	TC_366	366	47233	47286	47	7	2073.650662	0	0	2.8073549220576	47261	47233	47280	8h, 12h, 4h, 6h, 2h	C6, NRK, PC_12, PK_15	***
LT934125.1	+	TC_367	367	47294	47328	8	17	11633.241515	0	0	9.84186970045503	47315	47311	47319	12h, 4h, 6h, 8h, 1.5h, 1h	C6, NRK, PC_12, PK_15	***
LT934125.1	+	TC_368	368	47367	47411	44	5	770.64316	0	0	0	47393	47367	47411	4h, 8h	C6, NRK, PC_12, PK_15	**
LT934125.1	+	TC_369	369	47443	47534	86	8	956.637991	0	0	9.07853912759635	47493	47443	47529	4h, 8h, 6h, 12h	NRK, PC_12, PK_15	**
LT934125.1	+	TC_37	37	5102	5102	0	1	32.2841	0	0	0	5102	5102	5102	8h	C6	*
LT934125.1	+	TC_370	370	47562	47572	8	11	1500.14627	0	0	3.39114041287672	47568	47562	47570	12h, 6h, 8h, 2.5h, 4h	C6, NRK, PC_12, PK_15	***
LT934125.1	+	TC_371	371	47610	47642	32	9	2730.188511	0	0	1.83659165977076	47627	47610	47642	8h, 12h, 1h, 4h, 6h	C6, NRK, PC_12, PK_15	***
LT934125.1	+	TC_372	372	47677	47794	117	17	3876.237256	0	0	11.705336521024	47722	47677	47794	12h, 4h, 6h, 8h, 2.5h, 2h	C6, NRK, PC_12, PK_15	***
LT934125.1	+	TC_373	373	47824	47824	0	1	26.887262	0	0	0	47824	47824	47824	12h	NRK	*
LT934125.1	+	TC_374	374	47866	47890	16	8	498.829254	0	0	4.21103239406738	47872	47866	47882	8h, 12h, 4h, 6h	C6, NRK, PC_12, PK_15	**
LT934125.1	+	TC_375	375	47933	47939	6	3	3354.774126	0	0	0	47937	47933	47939	6h, 8h, 2h	C6, NRK	**
LT934125.1	+	TC_376	376	47992	48124	101	13	2212.404135	0	0	12.0800911120987	48066	48014	48115	12h, 6h, 8h, 4h, 2h	C6, NRK, PC_12, PK_15	***
LT934125.1	+	TC_377	377	48154	48259	92	15	3043.126673	0	0	12.6082031817166	48210	48161	48253	4h, 6h, 8h, 12h, 2.5h	C6, NRK, PC_12, PK_15	***
LT934125.1	+	TC_378	378	48279	48377	94	15	5686.513208	0	0	14.1104793346951	48330	48279	48373	12h, 6h, 8h, 2h, 2.5h, 4h	C6, NRK, PC_12, PK_15	***
LT934125.1	+	TC_379	379	48406	48534	114	15	4201.847205	0	0	19.6007847098462	48477	48406	48520	12h, 6h, 8h, 1h, 4h, 2h	C6, NRK, PC_12, PK_15	***
LT934125.1	+	TC_38	38	5484	5504	20	2	58.608081	0	0	0	5494	5484	5504	6h, 8h	PC_12	*
LT934125.1	+	TC_380	380	48556	48571	0	27	946287.285755	0	0	2.23929648349433	48567	48567	48567	12h, 1h, 2h, 4h, 6h, 8h, 0.5h, 1.5h, 2.5h	C6, NRK, PC_12, PK_15	***
LT934125.1	+	TC_381	381	48611	48616	2	2	704.749892	1.45546446154482	1.45546446154482	1.83659167032276	48615	48614	48616	6h, 4h	NRK, PC_12	*
LT934125.1	+	TC_382	382	48658	48658	0	3	998.413476	0	0	0	48658	48658	48658	6h, 8h, 2h	C6, NRK, PC_12	**
LT934125.1	+	TC_383	383	48681	48726	0	9	1911.378574	0	0	12.8649236775963	48691	48691	48691	12h, 8h, 2.5h, 4h, 6h	C6, PC_12, PK_15	***
LT934125.1	+	TC_384	384	48726	48726	0	4	1588.281289	0	0	0	48726	48726	48726	6h, 12h, 4h	C6, NRK	**
LT934125.1	+	TC_385	385	48761	48794	33	9	1858.811782	0	0	2.7905956068638	48783	48761	48794	12h, 8h, 2.5h, 4h, 2h	C6, NRK, PC_12, PK_15	***
LT934125.1	+	TC_386	386	48832	48883	46	17	8923.954367	0	0	12.3157137441529	48856	48832	48878	12h, 2h, 4h, 6h, 8h, 1h, 2.5h	C6, NRK, PC_12, PK_15	***
LT934125.1	+	TC_387	387	48904	49054	146	19	13930.536655	0	0	27.9600720972519	48957	48908	49054	12h, 6h, 8h, 4h, 1h, 2.5h, 2h	C6, NRK, PC_12, PK_15	***
LT934125.1	+	TC_388	388	49079	49084	5	4	4245.778847	0	0	1.58496250072116	49082	49079	49084	6h, 8h, 2h, 2.5h	C6, NRK, PC_12	**
LT934125.1	+	TC_389	389	49082	49160	51	17	14410.437569	0	0	17.9766537296956	49119	49109	49160	12h, 2h, 4h, 6h, 1.5h, 8h, 1h	C6, NRK, PC_12, PK_15	***
LT934125.1	+	TC_39	39	5838	5838	0	1	81.685999	0	0	0	5838	5838	5838	8h	NRK	*
LT934125.1	+	TC_390	390	49175	49231	42	17	5013.180903	0	0	7.68771239137377	49204	49189	49231	12h, 2h, 4h, 6h, 8h	C6, NRK, PC_12, PK_15	***
LT934125.1	+	TC_391	391	49246	49356	72	15	3753.22657	0	0	20.0838616011087	49285	49259	49331	6h, 8h, 12h, 2.5h, 4h, 2h	C6, NRK, PC_12, PK_15	***
LT934125.1	+	TC_392	392	49372	49451	72	12	3096.682843	0	0	20.6147212454381	49411	49372	49444	12h, 4h, 8h, 2h, 6h	C6, NRK, PC_12, PK_15	***
LT934125.1	+	TC_393	393	49481	49507	25	14	5232.52539	0	0	5.16992501155339	49499	49481	49506	12h, 8h, 4h, 6h, 2.5h, 2h	C6, NRK, PC_12, PK_15	***
LT934125.1	+	TC_394	394	49543	49543	0	5	1024.160273	0	0	0	49543	49543	49543	12h, 6h, 2.5h, 4h	C6, PC_12, PK_15	**
LT934125.1	+	TC_395	395	49714	49714	0	1	26.651031	0	0	0	49714	49714	49714	6h	PC_12	*
LT934125.1	+	TC_396	396	49967	49986	19	2	106.720908	0	0	0	49976	49967	49986	6h, 12h	C6, PC_12	*
LT934125.1	+	TC_397	397	50104	50108	4	3	90.892181	0	0	0	50106	50104	50108	8h, 6h	C6, PC_12	*
LT934125.1	+	TC_398	398	50153	50161	8	6	508.952128	0	0	2.75488750602847	50155	50153	50161	12h, 6h, 8h	C6, PC_12	**
LT934125.1	+	TC_399	399	50273	50273	0	1	32.2841	0	0	0	50273	50273	50273	8h	C6	*
LT934125.1	+	TC_4	4	771	782	1	17	9398.743438	0	0	3.68016895976738	779	778	779	12h, 4h, 6h, 8h, 2h	C6, NRK, PC_12, PK_15	***
LT934125.1	+	TC_40	40	6021	6030	9	5	285.827903	0	0	0	6024	6021	6030	6h, 4h, 8h	C6, PC_12, PK_15	**
LT934125.1	+	TC_400	400	50370	50386	16	2	118.201121	0	0	0	50378	50370	50386	6h, 8h	C6, PC_12	*
LT934125.1	+	TC_401	401	50425	50435	10	2	118.528171	0	0	0	50430	50425	50435	6h, 8h	C6	*
LT934125.1	+	TC_402	402	50467	50467	0	1	32.2841	0	0	0	50467	50467	50467	8h	C6	*
LT934125.1	+	TC_403	403	50502	50526	24	3	90.892181	0	0	0	50514	50502	50526	8h, 6h	C6, PC_12	*
LT934125.1	+	TC_404	404	50621	50627	6	2	67.245332	0	0	0	50624	50621	50627	6h, 4h	PC_12, PK_15	*
LT934125.1	+	TC_405	405	50693	50693	0	1	134.535181	0	0	0	50693	50693	50693	6h	NRK	*
LT934125.1	+	TC_406	406	50725	50754	29	4	207.539413	0	0	0	50744	50725	50754	8h, 6h, 4h	NRK, PC_12, PK_15	**
LT934125.1	+	TC_407	407	50815	50815	0	1	26.651031	0	0	0	50815	50815	50815	6h	PC_12	*
LT934125.1	+	TC_408	408	50880	50880	0	1	40.594301	0	0	0	50880	50880	50880	4h	PK_15	*
LT934125.1	+	TC_409	409	50908	50908	0	1	26.651031	0	0	0	50908	50908	50908	6h	PC_12	*
LT934125.1	+	TC_41	41	6206	6206	0	1	81.685999	0	0	0	6206	6206	6206	8h	NRK	*
LT934125.1	+	TC_410	410	50943	50948	5	3	267.200731	0	0	0	50946	50943	50948	8h, 6h, 4h	C6, NRK, PC_12	**
LT934125.1	+	TC_411	411	50974	50974	0	1	26.651031	0	0	0	50974	50974	50974	6h	PC_12	*
LT934125.1	+	TC_412	412	51037	51056	19	3	145.927149	0	0	0	51049	51037	51056	8h	C6, NRK, PC_12	*
LT934125.1	+	TC_413	413	51111	51111	0	1	31.95705	0	0	0	51111	51111	51111	8h	PC_12	*
LT934125.1	+	TC_414	414	51147	51152	5	15	5909.531046	0	0	3.16992500144231	51148	51147	51152	12h, 2h, 4h, 6h, 8h	C6, NRK, PC_12, PK_15	***
LT934125.1	+	TC_415	415	51220	51248	5	24	207822.4317	0	0	6.09236791907538	51234	51230	51235	12h, 2h, 4h, 6h, 8h, 1h, 1.5h, 2.5h	C6, NRK, PC_12, PK_15	***
LT934125.1	+	TC_416	416	51282	51441	132	13	2140.425269	0	0	18.9256905261621	51319	51282	51414	12h, 6h, 8h, 4h	C6, NRK, PC_12, PK_15	***
LT934125.1	+	TC_417	417	51480	51599	119	15	3307.886988	0	0	17.0708530280127	51517	51480	51599	6h, 8h, 12h, 2h, 4h	C6, NRK, PC_12, PK_15	***
LT934125.1	+	TC_418	418	51632	51641	8	2	183.357838	0	0	4.98289215256009	51637	51633	51641	12h, 4h	C6, PK_15	*
LT934125.1	+	TC_419	419	51669	51722	51	13	984.145826	0	0	4.75488748729573	51690	51669	51720	12h, 6h, 8h, 4h	C6, NRK, PC_12, PK_15	**
LT934125.1	+	TC_42	42	6663	6669	6	2	58.608081	0	0	0	6666	6663	6669	6h, 8h	PC_12	*
LT934125.1	+	TC_420	420	51747	51915	156	17	5169.791244	0	0	20.7332778523715	51806	51752	51908	12h, 1h, 2h, 6h, 8h, 4h	C6, NRK, PC_12, PK_15	***
LT934125.1	+	TC_421	421	51957	52052	95	12	809.705756	0	0	11.5097750043269	52004	51957	52052	6h, 8h, 12h, 4h	C6, NRK, PC_12, PK_15	**
LT934125.1	+	TC_422	422	52079	52086	7	2	43.589117	0	0	2.93960627437287	52082	52079	52086	12h, 6h	PK_15	*
LT934125.1	+	TC_423	423	52119	52128	9	2	94.843951	0	0	0	52124	52119	52128	8h	NRK, PK_15	*
LT934125.1	+	TC_424	424	52170	52313	126	11	11043.987324	0	0	13.9813862856967	52215	52172	52298	6h, 8h, 12h, 1h, 4h	C6, NRK, PC_12, PK_15	***
LT934125.1	+	TC_425	425	52435	52464	16	27	315529.525521	0	0	4.90295136685478	52459	52444	52460	12h, 1h, 2h, 4h, 6h, 8h, 0.5h, 1.5h, 2.5h	C6, NRK, PC_12, PK_15	***
LT934125.1	+	TC_426	426	52546	52587	41	11	1474.904052	0	0	0	52559	52546	52587	12h, 6h, 8h, 2h	C6, NRK, PC_12, PK_15	***
LT934125.1	+	TC_427	427	52616	52649	33	4	256.719274	0	0	2	52636	52616	52649	12h, 8h, 6h	NRK, PC_12, PK_15	**
LT934125.1	+	TC_428	428	52677	52739	62	14	1839.366453	0	0	2.37376029559931	52704	52677	52739	12h, 6h, 8h, 2.5h, 4h, 2h	C6, NRK, PC_12, PK_15	***
LT934125.1	+	TC_429	429	52794	52851	48	8	1468.144466	0	0	6.33985000288462	52824	52794	52842	6h, 8h, 12h, 2h	C6, NRK, PC_12, PK_15	***
LT934125.1	+	TC_43	43	6705	6705	0	1	26.651031	0	0	0	6705	6705	6705	6h	PC_12	*
LT934125.1	+	TC_430	430	52875	52875	0	1	100.38145	0	0	0	52875	52875	52875	4h	PC_12	*
LT934125.1	+	TC_431	431	52914	52955	41	8	589.192915	0	0	0	52936	52914	52955	6h, 8h, 12h, 2h	C6, NRK, PC_12, PK_15	**
LT934125.1	+	TC_432	432	53004	53013	5	2	190.023029	0	0	3.32192809488736	53006	53004	53009	8h, 6h	NRK, PC_12	*
LT934125.1	+	TC_433	433	53042	53119	77	13	6947.800193	0	0	5.64330835961671	53067	53042	53119	6h, 8h, 12h, 2h, 4h, 1.5h	C6, NRK, PC_12, PK_15	***
LT934125.1	+	TC_434	434	53186	53277	81	13	2808.199751	0	0	13.8566601719812	53224	53186	53267	4h, 6h, 8h, 12h, 2.5h	C6, NRK, PC_12, PK_15	***
LT934125.1	+	TC_435	435	53303	53319	16	2	58.935131	0	0	0	53311	53303	53319	8h, 6h	C6, PC_12	*
LT934125.1	+	TC_436	436	53366	53473	93	15	5228.609166	0	0	13.9751139007985	53406	53366	53459	12h, 4h, 8h, 6h, 1h, 2.5h, 2h	C6, NRK, PC_12, PK_15	***
LT934125.1	+	TC_437	437	53503	53511	8	2	64.215375	0	0	0	53507	53503	53511	8h, 6h	PC_12, PK_15	*
LT934125.1	+	TC_438	438	53564	53606	42	7	1031.307778	0	0	0	53594	53564	53606	12h, 4h, 6h, 8h	NRK, PC_12, PK_15	***
LT934125.1	+	TC_439	439	53640	53652	11	19	91643.372063	0	0	2.83031245543442	53648	53641	53652	12h, 4h, 6h, 8h, 1h, 2.5h, 2h	C6, NRK, PC_12, PK_15	***
LT934125.1	+	TC_44	44	6812	6813	1	2	112.895102	0	0	0	6812	6812	6813	6h	C6, PC_12	*
LT934125.1	+	TC_440	440	53696	53772	67	13	1258.46835	0	0	11.9980884897903	53742	53696	53763	12h, 6h, 8h, 2h, 4h	C6, NRK, PC_12, PK_15	***
LT934125.1	+	TC_441	441	53798	53961	163	15	3825.327065	0	0	17.9156961199481	53896	53798	53961	12h, 6h, 8h, 1h, 4h	C6, NRK, PC_12, PK_15	***
LT934125.1	+	TC_442	442	53987	54009	22	10	904.618356	0	0	7.24948561234348	53997	53987	54009	12h, 6h, 8h, 2h, 4h	C6, NRK, PC_12, PK_15	**
LT934125.1	+	TC_443	443	54039	54053	14	4	110.586925	0	0	0	54049	54039	54053	12h, 6h, 8h	NRK, PC_12, PK_15	*
LT934125.1	+	TC_444	444	54079	54093	6	2	150.812271	0	0	3.16992500144231	54082	54079	54085	6h, 8h	C6	*
LT934125.1	+	TC_445	445	54114	54139	25	6	262.886449	0	0	5.03748857558063	54130	54114	54139	12h, 8h, 6h, 4h	NRK, PC_12, PK_15	**
LT934125.1	+	TC_446	446	54182	54266	84	12	1253.029191	0	0	9.78339743431109	54232	54182	54266	6h, 8h, 12h, 2h, 4h	C6, NRK, PC_12, PK_15	***
LT934125.1	+	TC_447	447	54298	54457	145	16	3808.507751	0	0	21.6639124636908	54365	54298	54443	12h, 1h, 6h, 8h, 2h, 4h	C6, NRK, PC_12, PK_15	***
LT934125.1	+	TC_448	448	54464	54477	3	15	3500.359565	0	0	5.55065958860622	54474	54472	54475	12h, 4h, 6h, 8h	C6, NRK, PC_12, PK_15	***
LT934125.1	+	TC_449	449	54540	54563	23	11	1131.143867	0	0	3	54551	54540	54563	6h, 12h, 8h, 4h, 2h	C6, NRK, PC_12, PK_15	***
LT934125.1	+	TC_45	45	6840	6840	0	1	31.95705	0	0	0	6840	6840	6840	8h	PC_12	*
LT934125.1	+	TC_450	450	54599	54614	13	5	204.432157	0	0	5.1506328462973	54606	54599	54612	12h, 6h	C6, NRK, PC_12, PK_15	**
LT934125.1	+	TC_451	451	54650	54899	239	17	6631.319547	0	0	29.725094106167	54734	54658	54897	12h, 6h, 8h, 4h, 2h	C6, NRK, PC_12, PK_15	***
LT934125.1	+	TC_452	452	54926	54950	24	11	1928.948617	0	0	5.31232071248316	54938	54926	54950	12h, 6h, 8h, 2h, 4h	C6, NRK, PC_12, PK_15	***
LT934125.1	+	TC_453	453	55005	55046	41	7	427.285366	0	0	5.91816924083891	55032	55005	55046	12h, 6h, 8h	C6, PC_12, PK_15	**
LT934125.1	+	TC_454	454	55166	55168	2	3	2345.372613	0	0	0	55167	55166	55168	6h, 1h, 8h	C6, PC_12	**
LT934125.1	+	TC_455	455	55290	55324	28	14	4184.067877	0	0	9.1569984814987	55303	55290	55318	12h, 6h, 8h, 4h, 2h	C6, NRK, PC_12, PK_15	***
LT934125.1	+	TC_456	456	55350	55358	0	12	5132.749513	0	0	4.58888613770809	55352	55352	55352	12h, 8h, 6h, 2h, 4h	C6, NRK, PC_12, PK_15	***
LT934125.1	+	TC_457	457	55424	55424	0	1	31.95705	0	0	0	55424	55424	55424	8h	PC_12	*
LT934125.1	+	TC_458	458	55466	55497	24	13	2091.528609	0	0	9.48309394859923	55479	55473	55497	12h, 6h, 8h, 2h, 4h	C6, NRK, PC_12, PK_15	***
LT934125.1	+	TC_459	459	55548	55555	7	2	128.15525	0	0	4.09706862941342	55552	55548	55555	8h	C6, PC_12	*
LT934125.1	+	TC_46	46	6885	6891	2	5	310.594316	0	0	2.32192809488736	6887	6885	6887	6h, 4h	C6, PC_12, PK_15	**
LT934125.1	+	TC_460	460	55627	55631	4	6	1658.479848	0	0	0	55628	55627	55631	12h, 1h, 6h, 8h	C6, PC_12, PK_15	***
LT934125.1	+	TC_461	461	55679	55679	0	1	32.2841	0	0	0	55679	55679	55679	8h	C6	*
LT934125.1	+	TC_462	462	55705	55721	6	7	1400.518996	0	0	6.74662529146019	55711	55706	55712	12h, 8h, 4h, 6h	C6, PC_12, PK_15	***
LT934125.1	+	TC_463	463	55734	55742	4	4	2537.940733	0	0	3.84874488588362	55739	55738	55742	8h, 12h, 1h, 6h	C6, NRK, PC_12	**
LT934125.1	+	TC_464	464	55777	55782	2	3	818.450409	0	0	3.89249624058558	55781	55780	55782	12h, 2h	C6, PC_12	**
LT934125.1	+	TC_465	465	55827	55876	48	14	1366.398103	0	0	11.2294196882304	55862	55827	55875	12h, 6h, 8h, 4h	C6, NRK, PC_12, PK_15	***
LT934125.1	+	TC_466	466	55931	55931	0	5	198.602697	0	0	0	55931	55931	55931	12h, 8h, 6h	C6, PC_12	**
LT934125.1	+	TC_467	467	55997	56023	26	11	2745.947194	0	0	8.3145528241043	56004	55997	56023	12h, 1h, 8h, 6h, 2h, 4h	C6, PC_12, PK_15	***
LT934125.1	+	TC_468	468	56071	56075	4	2	64.24115	0	0	0	56073	56071	56075	8h	C6, PC_12	*
LT934125.1	+	TC_469	469	56244	56244	0	1	32.2841	0	0	0	56244	56244	56244	8h	C6	*
LT934125.1	+	TC_47	47	6912	6912	0	1	32.2841	0	0	0	6912	6912	6912	8h	C6	*
LT934125.1	+	TC_470	470	56327	56327	0	2	64.24115	0	0	0	56327	56327	56327	8h	C6, PC_12	*
LT934125.1	+	TC_471	471	56552	56552	0	1	32.2841	0	0	0	56552	56552	56552	8h	C6	*
LT934125.1	+	TC_472	472	56600	56600	0	1	31.95705	0	0	0	56600	56600	56600	8h	PC_12	*
LT934125.1	+	TC_473	473	56645	56645	0	1	31.95705	0	0	0	56645	56645	56645	8h	PC_12	*
LT934125.1	+	TC_474	474	56756	56756	0	1	86.244071	0	0	0	56756	56756	56756	6h	C6	*
LT934125.1	+	TC_475	475	56821	56821	0	1	32.2841	0	0	0	56821	56821	56821	8h	C6	*
LT934125.1	+	TC_476	476	56954	56970	16	2	96.198199	0	0	0	56962	56954	56970	8h	C6, PC_12	*
LT934125.1	+	TC_477	477	57001	57001	0	3	129.811676	0	0	0	57001	57001	57001	12h, 8h	C6, NRK, PK_15	*
LT934125.1	+	TC_478	478	57157	57166	9	2	611.730146	0	0	0	57162	57157	57166	4h, 6h	C6	*
LT934125.1	+	TC_479	479	57255	57255	0	1	26.651031	0	0	0	57255	57255	57255	6h	PC_12	*
LT934125.1	+	TC_48	48	6992	6996	4	3	164.6226	0	0	0	6994	6992	6996	8h, 4h	C6, PC_12	**
LT934125.1	+	TC_480	480	57314	57314	0	1	31.95705	0	0	0	57314	57314	57314	8h	PC_12	*
LT934125.1	+	TC_481	481	57455	57475	20	2	58.935131	0	0	0	57465	57455	57475	8h, 6h	C6, PC_12	*
LT934125.1	+	TC_482	482	57542	57542	0	1	40.594301	0	0	0	57542	57542	57542	4h	PK_15	*
LT934125.1	+	TC_483	483	57620	57620	0	1	81.685999	0	0	0	57620	57620	57620	8h	NRK	*
LT934125.1	+	TC_484	484	57771	57771	0	1	31.95705	0	0	0	57771	57771	57771	8h	PC_12	*
LT934125.1	+	TC_485	485	57828	57828	0	1	81.685999	0	0	0	57828	57828	57828	8h	NRK	*
LT934125.1	+	TC_486	486	57933	57933	0	1	26.651031	0	0	0	57933	57933	57933	6h	PC_12	*
LT934125.1	+	TC_487	487	57974	57974	0	1	26.651031	0	0	0	57974	57974	57974	6h	PC_12	*
LT934125.1	+	TC_488	488	58002	58002	0	2	136.231132	0	0	0	58002	58002	58002	12h, 4h	NRK, PC_12	*
LT934125.1	+	TC_489	489	58088	58163	57	6	590.981594	0	0	5.73744581511908	58136	58106	58163	6h, 8h, 4h	C6, PC_12, PK_15	**
LT934125.1	+	TC_49	49	7184	7187	3	3	208.71848	0	0	0	7186	7184	7187	8h, 4h, 6h	NRK, PC_12	**
LT934125.1	+	TC_490	490	58276	58276	0	1	26.651031	0	0	0	58276	58276	58276	6h	PC_12	*
LT934125.1	+	TC_491	491	58373	58373	0	1	26.651031	0	0	0	58373	58373	58373	6h	PC_12	*
LT934125.1	+	TC_492	492	58466	58468	2	2	112.895102	0	0	0	58467	58466	58468	6h	C6, PC_12	*
LT934125.1	+	TC_493	493	58561	58561	0	1	525.486075	0	0	0	58561	58561	58561	4h	C6	*
LT934125.1	+	TC_494	494	58625	58625	0	5	613.892538	0	0	0	58625	58625	58625	12h, 4h, 8h	C6, NRK, PC_12, PK_15	**
LT934125.1	+	TC_495	495	58705	58705	0	2	58.608081	0	0	0	58705	58705	58705	6h, 8h	PC_12	*
LT934125.1	+	TC_496	496	58770	58772	2	2	108.33703	0	0	0	58771	58770	58772	8h, 6h	NRK, PC_12	*
LT934125.1	+	TC_497	497	58804	58860	32	7	975.92072	0	0	5.83289001416474	58814	58804	58836	8h, 12h, 2h, 4h, 6h	C6, NRK, PC_12	**
LT934125.1	+	TC_498	498	58892	58900	7	8	1012.557044	0	0	5.32504818850092	58897	58893	58900	12h, 4h, 8h, 6h	C6, NRK, PC_12, PK_15	***
LT934125.1	+	TC_499	499	58953	58984	31	5	813.719661	0	0	0	58962	58953	58984	6h, 8h, 4h	C6, NRK, PC_12	**
LT934125.1	+	TC_5	5	878	878	0	1	1239.157373	0	0	0	878	878	878	2h	C6	*
LT934125.1	+	TC_50	50	7238	7254	9	2	85.586162	0	0	3	7242	7238	7247	8h, 6h	C6, PC_12	*
LT934125.1	+	TC_500	500	59038	59077	24	26	493789.306565	0	0	10.919334484761	59067	59044	59068	12h, 1h, 2h, 4h, 6h, 8h, 1.5h, 2.5h	C6, NRK, PC_12, PK_15	***
LT934125.1	+	TC_501	501	59115	59115	0	1	172.488141	0	0	0	59115	59115	59115	6h	C6	*
LT934125.1	+	TC_502	502	59141	59153	12	3	143.161643	0	0	0	59146	59141	59153	4h, 6h	PC_12, PK_15	*
LT934125.1	+	TC_503	503	59183	59246	63	11	1696.546456	0	0	0	59210	59183	59246	8h, 12h, 4h, 2.5h, 6h	C6, NRK, PC_12, PK_15	***
LT934125.1	+	TC_504	504	59278	59341	63	12	1719.922286	0	0	5.55458885167764	59312	59278	59341	12h, 6h, 8h, 4h, 2h	C6, NRK, PC_12, PK_15	***
LT934125.1	+	TC_505	505	59384	59429	45	9	1197.486783	0	0	8.49585502688717	59410	59384	59429	6h, 8h, 12h, 2h, 4h	C6, NRK, PC_12, PK_15	***
LT934125.1	+	TC_506	506	59459	59531	72	7	2651.31112	0	0	11.8739146390216	59489	59459	59531	8h, 12h, 1h, 4h, 6h	C6, NRK, PC_12	***
LT934125.1	+	TC_507	507	59557	59613	45	9	1141.796787	0	0	5.6724253419715	59580	59557	59602	6h, 8h, 12h, 2.5h, 4h	C6, NRK, PC_12, PK_15	***
LT934125.1	+	TC_508	508	59663	59679	11	3	266.384504	0	0	2.58496250072116	59670	59663	59674	6h, 4h	C6, PC_12, PK_15	**
LT934125.1	+	TC_509	509	59714	59816	79	17	5136.743475	0	0	17.9445171096171	59768	59714	59793	12h, 4h, 6h, 8h, 2h	C6, NRK, PC_12, PK_15	***
LT934125.1	+	TC_51	51	7346	7346	0	1	740.19245	0	0	0	7346	7346	7346	2.5h	PC_12	*
LT934125.1	+	TC_510	510	59856	59989	133	16	8966.916085	0	0	17.1440141058924	59919	59856	59989	2h, 6h, 8h, 12h, 4h, 1.5h, 2.5h	C6, NRK, PC_12, PK_15	***
LT934125.1	+	TC_511	511	60028	60112	81	14	5677.76354	0	0	12.2951079539043	60075	60028	60109	2h, 4h, 8h, 12h, 1h, 6h	C6, NRK, PC_12, PK_15	***
LT934125.1	+	TC_512	512	60152	60157	5	3	109.356151	0	0	0	60154	60152	60157	8h	C6, PC_12, PK_15	*
LT934125.1	+	TC_513	513	60188	60188	0	1	26.651031	0	0	0	60188	60188	60188	6h	PC_12	*
LT934125.1	+	TC_514	514	60217	60260	43	21	33263.750767	0	0	6.85401312499633	60235	60217	60260	12h, 2h, 4h, 6h, 8h, 1h, 2.5h	C6, NRK, PC_12, PK_15	***
LT934125.1	+	TC_515	515	60315	60319	4	2	234.916631	0	0	0	60317	60315	60319	6h, 4h	NRK, PC_12	*
LT934125.1	+	TC_516	516	60383	60383	0	1	81.685999	0	0	0	60383	60383	60383	8h	NRK	*
LT934125.1	+	TC_517	517	60427	60427	0	1	86.244071	0	0	0	60427	60427	60427	6h	C6	*
LT934125.1	+	TC_518	518	60467	60472	5	3	2592.370703	0	0	0	60469	60467	60472	12h, 1.5h, 2h	NRK, PC_12, PK_15	**
LT934125.1	+	TC_519	519	60501	60501	0	1	86.244071	0	0	0	60501	60501	60501	6h	C6	*
LT934125.1	+	TC_52	52	7385	7385	0	1	81.685999	0	0	0	7385	7385	7385	8h	NRK	*
LT934125.1	+	TC_520	520	60551	60557	6	3	252.736302	0	0	0	60553	60551	60557	6h, 8h	C6, NRK, PC_12	**
LT934125.1	+	TC_521	521	60592	60601	9	4	163.990425	0	0	0	60595	60592	60601	6h, 8h, 4h	PC_12, PK_15	**
LT934125.1	+	TC_522	522	60638	60638	0	1	32.2841	0	0	0	60638	60638	60638	8h	C6	*
LT934125.1	+	TC_523	523	60683	60683	0	1	86.244071	0	0	0	60683	60683	60683	6h	C6	*
LT934125.1	+	TC_524	524	60731	60809	78	8	1301.372594	0	0	3.32192809488736	60769	60731	60809	6h, 8h, 4h	C6, NRK, PC_12	***
LT934125.1	+	TC_525	525	60836	60856	20	2	127.032481	0	0	0	60846	60836	60856	4h, 6h	PC_12	*
LT934125.1	+	TC_526	526	60915	60920	0	1	172.488142	2.58496250072116	2.58496250072116	2.58496250072116	60915	60915	60915	6h	C6	*
LT934125.1	+	TC_527	527	60945	60945	0	1	40.594301	0	0	0	60945	60945	60945	4h	PK_15	*
LT934125.1	+	TC_528	528	60970	60974	4	2	111.910144	0	0	2.13221688682877	60972	60970	60974	6h, 8h	PC_12	*
LT934125.1	+	TC_529	529	61003	61014	11	5	1255.898461	0	0	2.8073549220576	61006	61003	61014	8h, 6h, 2.5h, 4h	C6, NRK, PC_12	**
LT934125.1	+	TC_53	53	7451	7451	0	2	49.881891	0	0	0	7451	7451	7451	12h, 8h	NRK, PC_12	*
LT934125.1	+	TC_530	530	61073	61087	5	15	1695.908332	0	0	8.07200611566924	61076	61073	61078	12h, 6h, 8h, 4h, 2h	C6, NRK, PC_12, PK_15	***
LT934125.1	+	TC_531	531	61150	61235	84	8	847.113595	0	0	10.1853886559089	61195	61150	61234	6h, 8h, 4h, 2h	C6, NRK, PC_12, PK_15	**
LT934125.1	+	TC_532	532	61278	61278	0	1	26.887262	0	0	0	61278	61278	61278	12h	NRK	*
LT934125.1	+	TC_533	533	61304	61499	194	14	5520.296044	0	0	11.8995729678302	61396	61305	61499	1h, 2h, 4h, 6h, 8h, 12h	C6, NRK, PC_12, PK_15	***
LT934125.1	+	TC_534	534	61528	61530	2	3	76.532922	0	0	0	61529	61528	61530	12h, 6h, 8h	NRK, PC_12	*
LT934125.1	+	TC_535	535	61589	61630	41	9	1180.024336	0	0	0	61613	61589	61630	12h, 6h, 8h, 2.5h, 4h	NRK, PC_12, PK_15	***
LT934125.1	+	TC_536	536	61656	61787	116	16	3297.552549	0	0	18.7889922855856	61701	61656	61772	12h, 4h, 6h, 8h, 2.5h, 2h	C6, NRK, PC_12, PK_15	***
LT934125.1	+	TC_537	537	61813	61840	26	12	3456.013165	0	0	6.17398676206322	61822	61814	61840	12h, 8h, 6h, 1.5h, 4h, 2h	C6, NRK, PC_12, PK_15	***
LT934125.1	+	TC_538	538	61871	61880	9	4	866.481735	0	0	0	61876	61871	61880	6h, 12h, 2.5h, 8h	C6, NRK, PC_12, PK_15	**
LT934125.1	+	TC_539	539	61924	62113	175	18	7682.261036	0	0	20.7415454838073	61976	61924	62099	12h, 1h, 2h, 4h, 6h, 8h, 1.5h	C6, NRK, PC_12, PK_15	***
LT934125.1	+	TC_54	54	7584	7596	4	25	94970.303818	0	0	5.55597598414139	7589	7588	7592	12h, 1h, 2h, 4h, 6h, 8h, 1.5h, 2.5h	C6, NRK, PC_12, PK_15	***
LT934125.1	+	TC_540	540	62138	62157	11	10	2216.156811	0	0	7.99914977308482	62148	62141	62152	12h, 8h, 4h, 6h, 2h	C6, NRK, PC_12, PK_15	***
LT934125.1	+	TC_541	541	62215	62233	18	5	1674.685408	0	0	0	62222	62215	62233	1h, 12h, 8h	C6, PC_12, PK_15	**
LT934125.1	+	TC_542	542	62710	62710	0	1	100.38145	0	0	0	62710	62710	62710	4h	PC_12	*
LT934125.1	+	TC_543	543	63183	63183	0	1	31.95705	0	0	0	63183	63183	63183	8h	PC_12	*
LT934125.1	+	TC_544	544	63225	63225	0	1	31.95705	0	0	0	63225	63225	63225	8h	PC_12	*
LT934125.1	+	TC_545	545	63695	63695	0	1	32.2841	0	0	0	63695	63695	63695	8h	C6	*
LT934125.1	+	TC_546	546	63922	63922	0	1	31.95705	0	0	0	63922	63922	63922	8h	PC_12	*
LT934125.1	+	TC_547	547	64024	64024	0	1	31.95705	0	0	0	64024	64024	64024	8h	PC_12	*
LT934125.1	+	TC_548	548	64158	64182	24	3	159.122472	0	0	0	64167	64158	64182	6h, 8h, 4h	C6, PK_15	**
LT934125.1	+	TC_549	549	64236	64237	1	2	132.3385	0	0	0	64236	64236	64237	4h, 8h	PC_12	*
LT934125.1	+	TC_55	55	7664	7729	49	8	2512.362174	0	0	4.95174260275601	7687	7664	7713	1h, 6h, 8h, 4h	C6, NRK, PC_12, PK_15	***
LT934125.1	+	TC_550	550	64408	64408	0	1	31.95705	0	0	0	64408	64408	64408	8h	PC_12	
LT934125.1	+	TC_551	551	64576	64576	0	1	86.244071	0	0	0	64576	64576	64576	6h	C6	*
LT934125.1	+	TC_552	552	64641	64641	0	1	31.95705	0	0	0	64641	64641	64641	8h	PC_12	
LT934125.1	+	TC_553	553	64804	64804	0	1	100.38145	0	0	0	64804	64804	64804	4h	PC_12	*
LT934125.1	+	TC_554	554	64954	64954	0	1	26.651031	0	0	0	64954	64954	64954	6h	PC_12	
LT934125.1	+	TC_555	555	64979	64979	0	1	86.244071	0	0	0	64979	64979	64979	6h	C6	*
LT934125.1	+	TC_556	556	65082	65082	0	2	47.127868	0	0	0	65082	65082	65082	12h, 6h	PC_12	
LT934125.1	+	TC_557	557	65194	65194	0	1	17.924841	0	0	0	65194	65194	65194	12h	NRK	*
LT934125.1	+	TC_558	558	65396	65412	16	2	220.779252	0	0	0	65404	65396	65412	6h	C6, NRK	*
LT934125.1	+	TC_559	559	65535	65535	0	1	40.594301	0	0	0	65535	65535	65535	4h	PK_15	*
LT934125.1	+	TC_56	56	7768	7768	0	1	100.38145	0	0	0	7768	7768	7768	4h	PC_12	*
LT934125.1	+	TC_560	560	65654	65667	13	2	166.819281	0	0	0	65660	65654	65667	8h, 6h	C6, NRK	*
LT934125.1	+	TC_561	561	65749	65749	0	1	31.95705	0	0	0	65749	65749	65749	8h	PC_12	*
LT934125.1	+	TC_562	562	65802	65815	7	20	16096.015251	0	0	5.48306938934921	65806	65802	65809	12h, 2h, 4h, 6h, 8h, 1h	C6, NRK, PC_12, PK_15	***
LT934125.1	+	TC_563	563	66209	66209	0	3	146.280471	0	0	0	66209	66209	66209	12h, 4h	C6, NRK, PC_12	*
LT934125.1	+	TC_564	564	66264	66264	0	1	26.651031	0	0	0	66264	66264	66264	6h	PC_12	*
LT934125.1	+	TC_565	565	66335	66347	3	22	64689.821685	0	0	3.51376730451861	66338	66335	66338	12h, 2h, 4h, 6h, 8h, 1h	C6, NRK, PC_12, PK_15	***
LT934125.1	+	TC_566	566	66401	66425	24	7	346.118437	0	0	0	66408	66401	66425	12h, 6h, 8h	C6, NRK, PC_12, PK_15	**
LT934125.1	+	TC_567	567	66474	66474	0	1	1239.157373	0	0	0	66474	66474	66474	2h	C6	*
LT934125.1	+	TC_568	568	66516	66519	0	1	63.9141	2	2	2	66516	66516	66516	8h	PC_12	*
LT934125.1	+	TC_569	569	66563	66579	16	3	140.869282	0	0	0	66573	66563	66579	12h, 6h	C6, PC_12	*
LT934125.1	+	TC_57	57	7809	7814	2	17	6078.730958	0	0	3.358939866416	7811	7809	7811	12h, 6h, 8h, 4h, 2h	C6, NRK, PC_12, PK_15	***
LT934125.1	+	TC_570	570	66641	66641	0	2	58.935131	0	0	0	66641	66641	66641	8h, 6h	C6, PC_12	*
LT934125.1	+	TC_571	571	66749	66758	9	2	640.156522	0	0	1	66754	66749	66758	4h, 6h	NRK, PC_12	*
LT934125.1	+	TC_572	572	66786	66786	0	2	97.685719	0	0	0	66786	66786	66786	6h, 12h	C6, PK_15	*
LT934125.1	+	TC_573	573	66833	66833	0	1	81.685999	0	0	0	66833	66833	66833	8h	NRK	*
LT934125.1	+	TC_574	574	66884	66956	48	4	733.973075	0	0	5.88264304936184	66907	66884	66932	4h, 8h	C6, NRK, PC_12, PK_15	**
LT934125.1	+	TC_575	575	67013	67025	12	2	118.201121	0	0	0	67019	67013	67025	6h, 8h	C6, PC_12	*
LT934125.1	+	TC_576	576	67112	67112	0	3	789.693437	0	0	0	67112	67112	67112	2.5h, 8h	PC_12, PK_15	**
LT934125.1	+	TC_577	577	67169	67169	0	2	48.086212	0	0	0	67169	67169	67169	8h, 6h	PC_12, PK_15	*
LT934125.1	+	TC_578	578	67234	67234	0	1	32.2841	0	0	0	67234	67234	67234	8h	C6	*
LT934125.1	+	TC_579	579	67278	67278	0	1	26.651031	0	0	0	67278	67278	67278	6h	PC_12	*
LT934125.1	+	TC_58	58	7858	7872	6	7	2095.870802	0	0	6.38450691980223	7860	7858	7864	12h, 1h, 6h, 4h, 8h	C6, NRK, PC_12	***
LT934125.1	+	TC_580	580	67325	67332	7	2	538.644027	0	0	0	67328	67325	67332	4h, 8h	C6, PK_15	*
LT934125.1	+	TC_581	581	67406	67417	11	2	45.115002	0	0	0	67412	67406	67417	8h	PC_12, PK_15	*
LT934125.1	+	TC_582	582	67446	67463	17	3	3051.009089	0	0	0	67453	67446	67463	4h, 6h, 1h	PC_12, PK_15	**
LT934125.1	+	TC_583	583	67511	67511	0	1	667.111408	0	0	0	67511	67511	67511	2h	PC_12	*
LT934125.1	+	TC_584	584	67550	67581	31	3	144.852152	0	0	0	67565	67550	67581	6h, 8h	C6, PC_12	*
LT934125.1	+	TC_585	585	67706	67706	0	1	525.486075	0	0	0	67706	67706	67706	4h	C6	*
LT934125.1	+	TC_586	586	67731	67775	44	7	1213.19118	0	0	3.16992500144231	67753	67731	67775	6h, 8h, 2h, 4h	C6, NRK, PC_12, PK_15	***
LT934125.1	+	TC_587	587	67805	67886	81	7	450.6994	0	0	5.55458885167764	67842	67805	67886	6h, 8h, 12h, 4h	C6, NRK, PC_12, PK_15	**
LT934125.1	+	TC_588	588	67961	67968	3	9	611.358961	0	0	3	67962	67961	67964	12h, 6h, 8h, 4h	C6, NRK, PC_12, PK_15	**
LT934125.1	+	TC_589	589	67991	67991	0	1	16.018307	0	0	0	67991	67991	67991	12h	PK_15	*
LT934125.1	+	TC_59	59	7899	7913	14	3	82.165991	0	0	0	7905	7899	7913	8h, 12h	C6, NRK, PC_12	*
LT934125.1	+	TC_590	590	68055	68062	7	3	652.518556	0	0	0	68059	68055	68062	4h, 6h	C6, PC_12	**
LT934125.1	+	TC_591	591	68090	68151	61	10	2190.007174	0	0	0	68120	68090	68151	12h, 2h, 4h, 6h, 8h	C6, NRK, PC_12, PK_15	***
LT934125.1	+	TC_592	592	68183	68195	12	2	96.198199	0	0	0	68189	68183	68195	8h	C6, PC_12	*
LT934125.1	+	TC_593	593	68229	68229	0	1	13.729977	0	0	0	68229	68229	68229	12h	PK_15	*
LT934125.1	+	TC_594	594	68260	68275	12	3	179.800164	0	0	2.50987086996958	68268	68260	68272	12h, 8h, 6h	NRK, PC_12	**
LT934125.1	+	TC_595	595	68298	68300	2	2	48.086212	0	0	0	68299	68298	68300	8h, 6h	PC_12, PK_15	*
LT934125.1	+	TC_596	596	68331	68333	0	2	66.932476	0	0	1.58496250072116	68331	68331	68331	12h, 8h	NRK, PK_15	*
LT934125.1	+	TC_597	597	68364	68408	44	11	5040.110415	0	0	3.16992500144231	68376	68364	68408	12h, 6h, 8h, 1.5h, 1h, 4h	C6, NRK, PC_12, PK_15	***
LT934125.1	+	TC_598	598	68435	68667	232	16	2656.240682	0	0	21.2387245313717	68561	68435	68667	12h, 4h, 6h, 8h, 2h	C6, NRK, PC_12, PK_15	***
LT934125.1	+	TC_599	599	68697	68699	2	2	619.13856	0	0	0	68698	68697	68699	8h, 4h	C6, NRK	*
LT934125.1	+	TC_6	6	976	994	3	22	59905.490321	0	0	7.54578612195436	990	987	990	12h, 1h, 2h, 4h, 6h, 8h, 1.5h, 2.5h	C6, NRK, PC_12, PK_15	***
LT934125.1	+	TC_60	60	7950	8001	51	5	434.306354	0	0	5.49185309632968	7969	7950	8001	6h, 4h, 8h	C6, NRK, PC_12, PK_15	**
LT934125.1	+	TC_600	600	68727	68804	77	9	2257.718107	0	0	9.86195683672503	68769	68727	68804	1h, 8h, 12h, 6h, 2h, 4h	C6, NRK, PC_12, PK_15	***
LT934125.1	+	TC_601	601	68837	68881	42	10	850.675852	0	0	4.44950173603126	68866	68837	68879	12h, 6h, 4h, 8h	C6, PC_12, PK_15	**
LT934125.1	+	TC_602	602	68927	68941	9	3	117.178835	0	0	2.58496250072116	68933	68927	68936	12h, 8h	C6, PC_12	*
LT934125.1	+	TC_603	603	68969	69102	127	14	1556.919687	0	0	19.7336700501677	69055	68969	69096	12h, 6h, 8h, 4h	C6, NRK, PC_12, PK_15	***
LT934125.1	+	TC_604	604	69156	69185	26	13	4832.148752	0	0	11.4911410337588	69162	69159	69185	12h, 8h, 1h, 4h, 6h	C6, NRK, PC_12, PK_15	***
LT934125.1	+	TC_605	605	69233	69252	7	16	13517.987988	0	0	7.76309496331056	69242	69237	69244	12h, 4h, 6h, 8h	C6, NRK, PC_12, PK_15	***
LT934125.1	+	TC_606	606	69288	69340	52	9	3410.030493	0	0	4.0319414162631	69303	69288	69340	12h, 6h, 8h, 1h, 4h	C6, NRK, PC_12, PK_15	***
LT934125.1	+	TC_607	607	69378	69433	55	9	1969.884202	0	0	4.91981768657107	69407	69378	69433	1h, 8h, 12h, 4h, 6h	C6, NRK, PC_12, PK_15	***
LT934125.1	+	TC_608	608	69461	69567	106	15	1938.89013	0	0	11.5219357014372	69514	69461	69567	12h, 6h, 8h, 4h, 2h	C6, NRK, PC_12, PK_15	***
LT934125.1	+	TC_609	609	69595	69626	22	10	543.77684	0	0	8.57070691508805	69609	69595	69617	8h, 12h, 6h, 4h	C6, NRK, PC_12, PK_15	**
LT934125.1	+	TC_61	61	8055	8055	0	1	53.302063	0	0	0	8055	8055	8055	6h	PC_12	*
LT934125.1	+	TC_610	610	69660	69734	69	16	3103.378715	0	0	8.5012596725106	69681	69665	69734	12h, 8h, 4h, 6h, 2.5h, 2h	C6, NRK, PC_12, PK_15	***
LT934125.1	+	TC_611	611	69762	69787	23	19	18108.113262	0	0	9.95042402344958	69766	69762	69785	12h, 2h, 4h, 6h, 8h, 2.5h, 1h	C6, NRK, PC_12, PK_15	***
LT934125.1	+	TC_612	612	69812	69845	33	3	298.145099	0	0	0	69826	69812	69845	12h, 4h, 8h	C6, PC_12	**
LT934125.1	+	TC_613	613	69874	69953	73	14	1563.290036	0	0	14.6752480041221	69921	69874	69947	12h, 6h, 8h, 4h	C6, NRK, PC_12, PK_15	***
LT934125.1	+	TC_614	614	69994	70057	63	12	2963.656349	0	0	9.40844057737963	70019	69994	70057	12h, 2h, 6h, 8h, 2.5h	C6, NRK, PC_12, PK_15	***
LT934125.1	+	TC_615	615	70079	70096	3	18	15660.822497	0	0	0.534592110481343	70090	70090	70093	12h, 4h, 6h, 8h, 1h, 2h	C6, NRK, PC_12, PK_15	***
LT934125.1	+	TC_616	616	70124	70160	34	10	1448.901454	0	0	9.9709606820265	70137	70126	70160	12h, 8h, 2h, 4h	C6, NRK, PC_12, PK_15	***
LT934125.1	+	TC_617	617	70197	70278	81	13	1108.281341	0	0	10.921280588188	70230	70197	70278	12h, 6h, 8h, 2h, 4h	C6, NRK, PC_12, PK_15	***
LT934125.1	+	TC_618	618	70311	70336	25	12	1382.970972	0	0	5.230990558075	70316	70311	70336	12h, 6h, 8h, 4h, 2h	C6, NRK, PC_12, PK_15	***
LT934125.1	+	TC_619	619	70364	70438	50	7	1229.041547	0	0	5.4594316186373	70383	70364	70414	12h, 4h, 6h, 8h	C6, PC_12, PK_15	***
LT934125.1	+	TC_62	62	8089	8094	5	2	557.443125	0	0	0	8092	8089	8094	4h, 8h	C6, PC_12	*
LT934125.1	+	TC_620	620	70522	70535	2	26	757953.032798	0	0	2.54581119058525	70531	70529	70531	12h, 1h, 2h, 4h, 6h, 8h, 0.5h, 1.5h, 2.5h	C6, NRK, PC_12, PK_15	***
LT934125.1	+	TC_621	621	70595	70595	0	1	2227.171492	0	0	0	70595	70595	70595	1h	PC_12	*
LT934125.1	+	TC_622	622	70617	70675	43	12	2090.764243	0	0	12.745763375964	70633	70620	70663	12h, 6h, 8h, 2h	C6, NRK, PC_12, PK_15	***
LT934125.1	+	TC_623	623	70708	70728	20	4	213.822342	0	0	4.27259231977278	70713	70708	70728	12h, 8h, 6h	C6, PC_12	**
LT934125.1	+	TC_624	624	70767	70813	46	14	1372.169251	0	0	3.77860701929476	70788	70767	70813	12h, 4h, 6h, 8h	C6, NRK, PC_12, PK_15	***
LT934125.1	+	TC_625	625	70850	70882	26	9	668.465871	0	0	5.26513146048854	70859	70850	70876	12h, 8h, 6h, 4h	C6, NRK, PC_12, PK_15	**
LT934125.1	+	TC_626	626	70905	70926	13	12	2682.937982	0	0	3.16992500144231	70915	70905	70918	12h, 2h, 8h, 2.5h, 4h, 6h	C6, NRK, PC_12, PK_15	***
LT934125.1	+	TC_627	627	70963	71043	72	11	1858.456721	0	0	6.18982455888002	71007	70963	71035	12h, 6h, 8h, 2h	C6, NRK, PC_12, PK_15	***
LT934125.1	+	TC_628	628	71065	71202	120	18	8582.222486	0	0	20.7520198625712	71131	71065	71185	12h, 2h, 4h, 6h, 8h, 2.5h	C6, NRK, PC_12, PK_15	***
LT934125.1	+	TC_629	629	71224	71284	60	10	1145.876834	0	0	8.0142960138452	71249	71224	71284	12h, 6h, 8h, 4h, 2h	C6, PC_12, PK_15	***
LT934125.1	+	TC_63	63	8148	8148	0	2	126.838372	0	0	0	8148	8148	8148	6h, 4h	C6, PK_15	*
LT934125.1	+	TC_630	630	71308	71346	32	12	1462.995801	0	0	9.88987003682597	71325	71314	71346	12h, 8h, 6h, 4h, 2h	C6, NRK, PC_12, PK_15	***
LT934125.1	+	TC_631	631	71377	71437	43	9	856.528567	0	0	5.70043971814109	71399	71377	71420	12h, 6h, 8h, 2h	C6, NRK, PC_12, PK_15	**
LT934125.1	+	TC_632	632	71538	71538	0	1	667.111408	0	0	0	71538	71538	71538	2h	PC_12	*
LT934125.1	+	TC_633	633	71767	71767	0	5	117.267461	0	0	0	71767	71767	71767	12h, 8h, 6h	C6, PC_12, PK_15	*
LT934125.1	+	TC_634	634	71796	71796	0	1	40.594301	0	0	0	71796	71796	71796	4h	PK_15	*
LT934125.1	+	TC_635	635	71902	71905	3	4	254.414041	0	0	0	71904	71902	71905	6h, 12h, 8h	C6, NRK, PC_12, PK_15	**
LT934125.1	+	TC_636	636	71941	71941	0	1	26.651031	0	0	0	71941	71941	71941	6h	PC_12	*
LT934125.1	+	TC_637	637	72040	72040	0	1	31.95705	0	0	0	72040	72040	72040	8h	PC_12	*
LT934125.1	+	TC_638	638	72173	72173	0	1	31.95705	0	0	0	72173	72173	72173	8h	PC_12	*
LT934125.1	+	TC_639	639	72329	72329	0	1	86.244071	0	0	0	72329	72329	72329	6h	C6	*
LT934125.1	+	TC_64	64	8184	8192	8	3	142.967534	0	0	0	8189	8184	8192	6h, 4h	C6, PK_15	*
LT934125.1	+	TC_640	640	72471	72471	0	1	40.594301	0	0	0	72471	72471	72471	4h	PK_15	*
LT934125.1	+	TC_641	641	72505	72527	22	2	182.067449	0	0	0	72516	72505	72527	8h, 4h	NRK, PC_12	*
LT934125.1	+	TC_642	642	72618	72618	0	1	31.95705	0	0	0	72618	72618	72618	8h	PC_12	*
LT934125.1	+	TC_643	643	72649	72649	0	2	58.935131	0	0	0	72649	72649	72649	8h, 6h	C6, PC_12	*
LT934125.1	+	TC_644	644	72688	72694	6	2	611.730146	0	0	0	72691	72688	72694	4h, 6h	C6	*
LT934125.1	+	TC_645	645	72758	72764	0	15	7522.695924	0	0	3.77993476463804	72759	72759	72759	12h, 4h, 6h, 8h	C6, NRK, PC_12, PK_15	***
LT934125.1	+	TC_646	646	72899	72899	0	1	32.2841	0	0	0	72899	72899	72899	8h	C6	*
LT934125.1	+	TC_647	647	72957	72957	0	1	100.38145	0	0	0	72957	72957	72957	4h	PC_12	*
LT934125.1	+	TC_648	648	72990	72990	0	1	31.95705	0	0	0	72990	72990	72990	8h	PC_12	*
LT934125.1	+	TC_649	649	73131	73140	9	3	117.543212	0	0	1	73134	73131	73140	8h, 6h	C6, PC_12	*
LT934125.1	+	TC_65	65	8324	8346	22	4	2998.713851	0	0	0	8340	8324	8346	6h, 8h, 1h	PC_12, PK_15	**
LT934125.1	+	TC_650	650	73208	73222	14	2	85.586162	0	0	2.58496250072116	73215	73208	73222	8h, 6h	C6, PC_12	*
LT934125.1	+	TC_651	651	73321	73321	0	1	40.594301	0	0	0	73321	73321	73321	4h	PK_15	*
LT934125.1	+	TC_652	652	73376	73376	0	1	1540.832049	0	0	0	73376	73376	73376	1h	C6	*
LT934125.1	+	TC_653	653	73422	73422	0	1	16.129162	0	0	0	73422	73422	73422	6h	PK_15	*
LT934125.1	+	TC_654	654	73531	73551	20	2	132.66555	0	0	0	73541	73531	73551	8h, 4h	C6, PC_12	*
LT934125.1	+	TC_655	655	73608	73608	0	1	32.2841	0	0	0	73608	73608	73608	8h	C6	*
LT934125.1	+	TC_656	656	73673	73676	3	3	99.529432	0	0	0	73675	73673	73676	8h, 6h, 4h	C6, PC_12, PK_15	*
LT934125.1	+	TC_657	657	73711	73711	0	1	31.95705	0	0	0	73711	73711	73711	8h	PC_12	*
LT934125.1	+	TC_658	658	73741	73741	0	1	81.685999	0	0	0	73741	73741	73741	8h	NRK	*
LT934125.1	+	TC_659	659	73783	73783	0	1	40.594301	0	0	0	73783	73783	73783	4h	PK_15	*
LT934125.1	+	TC_66	66	8433	8439	6	3	2345.699663	0	0	0	8437	8433	8439	6h, 8h, 1h	C6, PC_12	**
LT934125.1	+	TC_660	660	73840	73859	19	2	166.492231	0	0	0	73850	73840	73859	6h, 8h	NRK, PC_12	*
LT934125.1	+	TC_661	661	73935	73935	0	1	31.95705	0	0	0	73935	73935	73935	8h	PC_12	*
LT934125.1	+	TC_662	662	73962	73982	20	2	58.935131	0	0	0	73972	73962	73982	8h, 6h	C6, PC_12	*
LT934125.1	+	TC_663	663	74021	74021	0	1	16.129162	0	0	0	74021	74021	74021	6h	PK_15	*
LT934125.1	+	TC_664	664	74113	74127	14	3	686.672287	0	0	0	74120	74113	74127	4h, 6h	C6, NRK, PC_12	**
LT934125.1	+	TC_665	665	74160	74160	0	1	17.924841	0	0	0	74160	74160	74160	12h	NRK	*
LT934125.1	+	TC_666	666	74191	74192	1	3	133.875737	0	0	0	74192	74191	74192	12h, 6h	C6, PC_12	*
LT934125.1	+	TC_667	667	74241	74258	17	3	145.927149	0	0	0	74248	74241	74258	8h	C6, NRK, PC_12	*
LT934125.1	+	TC_668	668	74326	74335	9	2	557.770175	0	0	0	74330	74326	74335	4h, 8h	C6	*
LT934125.1	+	TC_669	669	74396	74408	2	25	330108.064596	0.937779167001154	0.937779167001154	4.49032192237562	74401	74400	74402	12h, 1h, 2h, 4h, 6h, 8h, 1.5h, 2.5h	C6, NRK, PC_12, PK_15	***
LT934125.1	+	TC_67	67	8512	8540	28	6	396.881599	0	0	5.68203113013457	8526	8512	8540	6h, 8h, 4h	NRK, PC_12, PK_15	**
LT934125.1	+	TC_670	670	74448	74471	23	4	208.308583	0	0	0	74462	74448	74471	12h, 6h	NRK, PK_15	**
LT934125.1	+	TC_671	671	74506	74515	8	4	259.149301	0	0	3.32192809488736	74510	74506	74514	6h, 8h	C6, NRK, PC_12	**
LT934125.1	+	TC_672	672	74556	74573	17	3	89.007563	0	0	0	74566	74556	74573	8h, 4h, 6h	C6, PK_15	*
LT934125.1	+	TC_673	673	74629	74981	339	14	3068.869079	0	0	27.3115821937669	74717	74629	74968	12h, 6h, 8h, 4h	C6, NRK, PC_12, PK_15	***
LT934125.1	+	TC_674	674	75011	75028	17	3	144.186712	0	0	0	75019	75011	75028	12h, 8h, 6h	NRK, PC_12	*
LT934125.1	+	TC_675	675	75052	75077	17	4	225.383583	0	0	6.22662681919523	75067	75058	75075	12h, 8h, 4h	NRK, PC_12, PK_15	**
LT934125.1	+	TC_676	676	75108	75155	46	14	2015.104991	0	0	2.72580293041707	75143	75108	75154	12h, 8h, 6h, 2.5h, 4h, 2h	C6, NRK, PC_12, PK_15	***
LT934125.1	+	TC_677	677	75183	75227	44	9	1256.823528	0	0	2.91092893411112	75201	75183	75227	6h, 8h, 2.5h, 4h	C6, NRK, PC_12, PK_15	***
LT934125.1	+	TC_678	678	75262	75271	0	5	268.488607	0	0	3.17056110286779	75262	75262	75262	12h, 6h, 8h	NRK, PC_12, PK_15	**
LT934125.1	+	TC_679	679	75288	75384	93	15	5955.845102	0	0	16.210208834222	75355	75289	75382	12h, 2h, 6h, 8h, 4h	C6, NRK, PC_12, PK_15	***
LT934125.1	+	TC_68	68	8730	8730	0	1	81.685999	0	0	0	8730	8730	8730	8h	NRK	*
LT934125.1	+	TC_680	680	75417	75538	65	12	1143.689997	0	0	20.7000366288239	75459	75426	75491	6h, 8h, 12h, 4h	C6, NRK, PC_12, PK_15	***
LT934125.1	+	TC_681	681	75653	75655	0	9	404.793092	0	0	1.58496250072116	75653	75653	75653	12h, 6h, 8h	C6, NRK, PC_12, PK_15	**
LT934125.1	+	TC_682	682	75788	75788	0	1	134.535181	0	0	0	75788	75788	75788	6h	NRK	*
LT934125.1	+	TC_683	683	76263	76266	3	2	58.608081	0	0	0	76264	76263	76266	6h, 8h	PC_12	*
LT934125.1	+	TC_684	684	76674	76689	2	18	23558.725469	0	0	4.75488750216347	76683	76683	76685	12h, 1h, 6h, 8h, 4h, 2h	C6, NRK, PC_12, PK_15	***
LT934125.1	+	TC_685	685	76748	76749	1	3	162.236437	0	0	0	76749	76748	76749	12h, 4h	C6, NRK, PC_12	**
LT934125.1	+	TC_686	686	76849	76849	0	1	31.95705	0	0	0	76849	76849	76849	8h	PC_12	*
LT934125.1	+	TC_687	687	76891	76914	23	2	3096.464749	0	0	0	76902	76891	76914	6h, 1h	C6, PK_15	*
LT934125.1	+	TC_688	688	76990	76993	2	19	15612.180909	0	0	1.49883612121256	76990	76990	76992	12h, 2h, 6h, 8h, 4h, 1.5h, 2.5h	C6, NRK, PC_12, PK_15	***
LT934125.1	+	TC_689	689	77045	77058	13	2	112.895102	0	0	0	77052	77045	77058	6h	C6, PC_12	*
LT934125.1	+	TC_69	69	8792	8792	0	1	26.651031	0	0	0	8792	8792	8792	6h	PC_12	*
LT934125.1	+	TC_690	690	77169	77196	27	3	700.497509	0	0	0	77180	77169	77196	4h, 8h	NRK, PC_12	**
LT934125.1	+	TC_691	691	77226	77246	20	3	253.063352	0	0	0	77235	77226	77246	6h, 8h	C6, NRK	**
LT934125.1	+	TC_692	692	77289	77289	0	1	86.244071	0	0	0	77289	77289	77289	6h	C6	*
LT934125.1	+	TC_693	693	77426	77426	0	1	32.2841	0	0	0	77426	77426	77426	8h	C6	*
LT934125.1	+	TC_694	694	77536	77552	16	3	213.276552	0	0	0	77542	77536	77552	6h, 4h	C6, PC_12	**
LT934125.1	+	TC_695	695	77750	77760	10	2	58.608081	0	0	0	77755	77750	77760	6h, 8h	PC_12	*
LT934125.1	+	TC_696	696	77789	77789	0	1	32.2841	0	0	0	77789	77789	77789	8h	C6	*
LT934125.1	+	TC_697	697	77844	77844	0	2	748.797407	0	0	0	77844	77844	77844	8h, 2h	NRK, PC_12	*
LT934125.1	+	TC_698	698	77875	77896	21	4	293.851762	0	0	0	77889	77875	77896	8h, 6h, 4h	C6, NRK, PC_12	**
LT934125.1	+	TC_699	699	77933	77933	0	1	86.244071	0	0	0	77933	77933	77933	6h	C6	*
LT934125.1	+	TC_7	7	1036	1036	0	1	40.594301	0	0	0	1036	1036	1036	4h	PK_15	*
LT934125.1	+	TC_70	70	8838	8838	0	1	26.651031	0	0	0	8838	8838	8838	6h	PC_12	*
LT934125.1	+	TC_700	700	77987	77987	0	1	40.594301	0	0	0	77987	77987	77987	4h	PK_15	*
LT934125.1	+	TC_701	701	78035	78062	27	22	48534.787222	0	0	8.77345416168987	78042	78035	78062	12h, 1h, 2h, 4h, 6h, 8h, 1.5h	C6, NRK, PC_12, PK_15	***
LT934125.1	+	TC_702	702	78137	78137	0	1	31.95705	0	0	0	78137	78137	78137	8h	PC_12	*
LT934125.1	+	TC_703	703	78228	78228	0	1	86.244071	0	0	0	78228	78228	78228	6h	C6	*
LT934125.1	+	TC_704	704	78254	78300	41	4	163.443532	0	0	2.58496250072116	78274	78254	78295	8h, 6h, 4h	C6, PC_12, PK_15	**
LT934125.1	+	TC_705	705	78329	78332	3	2	77.726152	0	0	2	78330	78329	78332	8h	C6, PK_15	*
LT934125.1	+	TC_706	706	78367	78367	0	1	100.38145	0	0	0	78367	78367	78367	4h	PC_12	*
LT934125.1	+	TC_707	707	78429	78436	7	4	258.310534	0	0	0	78434	78429	78436	6h, 8h, 12h	C6, NRK, PC_12	**
LT934125.1	+	TC_708	708	78465	78481	16	2	619.13856	0	0	0	78473	78465	78481	8h, 4h	C6, NRK	*
LT934125.1	+	TC_709	709	78516	78526	10	3	125.489036	0	0	3.16992500144231	78522	78516	78526	12h, 8h, 4h	C6, PC_12, PK_15	*
LT934125.1	+	TC_71	71	8877	8904	27	5	322.420625	0	0	3.32192809488736	8889	8877	8904	6h, 8h, 12h, 4h	C6, NRK, PC_12	**
LT934125.1	+	TC_710	710	78597	78622	25	4	177.136252	0	0	0	78607	78597	78622	6h, 8h	C6, PC_12	**
LT934125.1	+	TC_711	711	78649	78669	20	4	1856.664069	0	0	2.58496250072116	78657	78649	78669	1h, 12h, 6h, 8h	C6, NRK	**
LT934125.1	+	TC_712	712	78711	78723	12	4	383.166291	0	0	2.58496250072116	78717	78711	78723	6h, 8h	NRK, PC_12	**
LT934125.1	+	TC_713	713	78749	78776	27	5	323.745072	0	0	2	78764	78749	78776	6h, 8h, 4h	C6, PC_12, PK_15	**
LT934125.1	+	TC_714	714	78814	78845	31	12	811.909888	0	0	1.94190119066525	78828	78814	78845	12h, 6h, 8h, 4h	C6, NRK, PC_12, PK_15	**
LT934125.1	+	TC_715	715	78880	78880	0	1	740.19245	0	0	0	78880	78880	78880	2.5h	PC_12	*
LT934125.1	+	TC_716	716	78913	78930	17	4	120.58572	0	0	2.32192809488736	78921	78913	78930	8h, 12h, 6h	C6, NRK, PC_12, PK_15	*
LT934125.1	+	TC_717	717	78969	79070	97	13	1727.840444	0	0	18.2559949598118	79008	78969	79066	12h, 6h, 8h, 4h	C6, NRK, PC_12, PK_15	***
LT934125.1	+	TC_718	718	79126	79164	38	10	1831.752334	0	0	3	79144	79126	79164	2h, 6h, 8h, 12h	C6, NRK, PC_12, PK_15	***
LT934125.1	+	TC_719	719	79203	79269	66	13	1578.57549	0	0	5.55458885167764	79252	79203	79269	12h, 8h, 2h, 4h, 6h	C6, NRK, PC_12, PK_15	***
LT934125.1	+	TC_72	72	8950	8950	0	1	32.2841	0	0	0	8950	8950	8950	8h	C6	*
LT934125.1	+	TC_720	720	79307	79343	28	8	550.453026	0	0	3.2728570057199	79322	79315	79343	12h, 6h, 8h, 4h	C6, NRK, PC_12, PK_15	**
LT934125.1	+	TC_721	721	79397	79397	0	1	667.111408	0	0	0	79397	79397	79397	2h	PC_12	*
LT934125.1	+	TC_722	722	79428	79465	4	27	560505.949632	0	0	3.43348461099499	79444	79440	79444	12h, 1h, 2h, 4h, 6h, 8h, 0.5h, 1.5h, 2.5h	C6, NRK, PC_12, PK_15	***
LT934125.1	+	TC_723	723	79509	79533	10	11	2519.639681	0	0	6.64877882020069	79520	79517	79527	12h, 8h, 2.5h, 4h, 6h, 2h	C6, NRK, PC_12, PK_15	***
LT934125.1	+	TC_724	724	79584	79752	165	21	15644.809979	0	0	22.9347519693303	79630	79584	79749	12h, 1h, 2h, 6h, 8h, 1.5h, 2.5h, 4h	C6, NRK, PC_12, PK_15	***
LT934125.1	+	TC_725	725	79767	79807	5	12	7882.900949	0	0	13.1371068990353	79781	79781	79786	12h, 8h, 2h, 1h, 4h, 6h	C6, NRK, PC_12, PK_15	***
LT934125.1	+	TC_726	726	79830	79884	54	7	540.668185	0	0	12.6991288161924	79857	79830	79884	8h, 12h, 4h, 6h	C6, NRK, PC_12, PK_15	**
LT934125.1	+	TC_727	727	80305	80305	0	1	31.95705	0	0	0	80305	80305	80305	8h	PC_12	*
LT934125.1	+	TC_728	728	80368	80368	0	1	40.594301	0	0	0	80368	80368	80368	4h	PK_15	*
LT934125.1	+	TC_729	729	80543	80543	0	1	86.244071	0	0	0	80543	80543	80543	6h	C6	*
LT934125.1	+	TC_73	73	8998	9022	24	6	1100.540927	0	0	3.16992500144231	9015	8998	9022	4h, 12h, 6h, 8h, 2h	C6, NRK, PC_12, PK_15	***
LT934125.1	+	TC_730	730	80693	80693	0	1	26.651031	0	0	0	80693	80693	80693	6h	PC_12	*
LT934125.1	+	TC_731	731	80742	80742	0	1	31.95705	0	0	0	80742	80742	80742	8h	PC_12	*
LT934125.1	+	TC_732	732	80785	80785	0	1	31.95705	0	0	0	80785	80785	80785	8h	PC_12	*
LT934125.1	+	TC_733	733	81081	81084	0	13	5942.854256	0	0	2.74190118890934	81082	81082	81082	12h, 6h, 8h, 1h, 4h, 2h	C6, NRK, PC_12, PK_15	***
LT934125.1	+	TC_734	734	81332	81336	4	3	145.440465	0	0	2.28762889325348	81333	81332	81336	12h, 8h	NRK, PC_12	*
LT934125.1	+	TC_735	735	81436	81437	0	8	383.59987	0	0	1	81436	81436	81436	12h, 6h, 8h	C6, PC_12, PK_15	**
LT934125.1	+	TC_736	736	81477	81482	4	3	285.469604	0	0	3.68016895976738	81479	81477	81481	6h, 8h	C6, PK_15	**
LT934125.1	+	TC_737	737	81577	81577	0	1	32.2841	0	0	0	81577	81577	81577	8h	C6	*
LT934125.1	+	TC_738	738	81671	81671	0	1	362.056481	0	0	0	81671	81671	81671	2h	PK_15	*
LT934125.1	+	TC_739	739	81739	81739	0	1	26.651031	0	0	0	81739	81739	81739	6h	PC_12	*
LT934125.1	+	TC_74	74	9052	9052	0	1	53.302063	0	0	0	9052	9052	9052	6h	PC_12	*
LT934125.1	+	TC_740	740	81829	81830	1	2	66.924775	0	0	0	81830	81829	81830	12h, 8h	C6, PC_12	*
LT934125.1	+	TC_741	741	81885	81885	0	1	26.651031	0	0	0	81885	81885	81885	6h	PC_12	*
LT934125.1	+	TC_742	742	81965	82008	20	2	244.5606	0	0	5.4594316186373	81975	81965	81985	8h, 4h	NRK, PK_15	*
LT934125.1	+	TC_743	743	82039	82039	0	1	32.2841	0	0	0	82039	82039	82039	8h	C6	*
LT934125.1	+	TC_744	744	82081	82102	21	2	64.24115	0	0	0	82092	82081	82102	8h	C6, PC_12	*
LT934125.1	+	TC_745	745	82249	82249	0	1	63.914099	0	0	0	82249	82249	82249	8h	PC_12	*
LT934125.1	+	TC_746	746	82342	82342	0	1	31.95705	0	0	0	82342	82342	82342	8h	PC_12	*
LT934125.1	+	TC_747	747	82401	82424	23	2	72.551351	0	0	0	82412	82401	82424	8h, 4h	PC_12, PK_15	*
LT934125.1	+	TC_748	748	82471	82476	5	6	4672.250523	0	0	1.8365916735832	82472	82471	82476	2h, 8h, 6h, 4h	C6, NRK, PC_12, PK_15	***
LT934125.1	+	TC_749	749	82734	82758	24	2	108.33703	0	0	0	82746	82734	82758	8h, 6h	NRK, PC_12	*
LT934125.1	+	TC_75	75	9098	9115	0	17	61314.438365	0	0	4.7982115986047	9113	9113	9113	12h, 4h, 6h, 8h, 2h	C6, NRK, PC_12, PK_15	***
LT934125.1	+	TC_750	750	82790	82818	28	3	785.639579	0	0	0	82807	82790	82818	6h, 8h, 2h	C6, PC_12	**
LT934125.1	+	TC_751	751	82867	82867	0	1	134.535181	0	0	0	82867	82867	82867	6h	NRK	*
LT934125.1	+	TC_752	752	83125	83134	6	4	232.194982	0	0	2	83130	83125	83131	8h, 4h, 6h	C6, PC_12, PK_15	**
LT934125.1	+	TC_753	753	83421	83424	3	2	58.935131	0	0	0	83422	83421	83424	8h, 6h	C6, PC_12	*
LT934125.1	+	TC_754	754	83634	83634	0	1	26.651031	0	0	0	83634	83634	83634	6h	PC_12	*
LT934125.1	+	TC_755	755	83685	83685	0	1	32.2841	0	0	0	83685	83685	83685	8h	C6	*
LT934125.1	+	TC_756	756	83789	83794	4	9	1532.324463	0	0	2.58496250072116	83791	83789	83793	12h, 4h, 6h, 8h	C6, NRK, PC_12, PK_15	***
LT934125.1	+	TC_757	757	83975	83984	5	19	15707.524272	0	0	5.16578429217217	83976	83975	83980	12h, 4h, 6h, 8h, 1h, 2h	C6, NRK, PC_12, PK_15	***
LT934125.1	+	TC_758	758	84062	84072	10	2	166.492231	0	0	0	84067	84062	84072	6h, 8h	NRK, PC_12	*
LT934125.1	+	TC_759	759	84101	84101	0	1	81.685999	0	0	0	84101	84101	84101	8h	NRK	*
LT934125.1	+	TC_76	76	9160	9160	0	3	128.813867	0	0	0	9160	9160	9160	8h, 12h, 6h	NRK, PC_12	*
LT934125.1	+	TC_760	760	84134	84218	64	6	782.391994	0	0	6.12928301694497	84169	84134	84198	6h, 8h, 2h	C6, NRK, PC_12, PK_15	**
LT934125.1	+	TC_761	761	84251	84278	27	3	153.489403	0	0	0	84264	84251	84278	6h, 4h	C6, PC_12, PK_15	**
LT934125.1	+	TC_762	762	84318	84339	21	3	99.202382	0	0	0	84327	84318	84339	6h, 8h, 4h	PC_12, PK_15	*
LT934125.1	+	TC_763	763	84380	84380	0	2	388.707512	0	0	0	84380	84380	84380	6h, 2h	PC_12, PK_15	*
LT934125.1	+	TC_764	764	84449	84449	0	1	31.95705	0	0	0	84449	84449	84449	8h	PC_12	*
LT934125.1	+	TC_765	765	84477	84494	17	2	195.656098	0	0	2.58496250072116	84486	84477	84494	8h	C6, NRK	*
LT934125.1	+	TC_766	766	84553	84553	0	1	32.2841	0	0	0	84553	84553	84553	8h	C6	*
LT934125.1	+	TC_767	767	84587	84587	0	1	26.651031	0	0	0	84587	84587	84587	6h	PC_12	*
LT934125.1	+	TC_768	768	84645	84645	0	3	87.145542	0	0	0	84645	84645	84645	12h, 8h	C6, NRK	*
LT934125.1	+	TC_769	769	84701	84771	70	5	1196.116032	0	0	5.78135971352466	84733	84701	84771	8h, 12h, 6h, 2h, 4h	C6, NRK, PC_12	**
LT934125.1	+	TC_77	77	9206	9208	2	5	174.283452	0	0	0	9208	9206	9208	12h, 8h	NRK, PC_12, PK_15	**
LT934125.1	+	TC_770	770	84804	84810	6	2	118.306291	0	0	0	84807	84804	84810	12h, 4h	NRK, PC_12	*
LT934125.1	+	TC_771	771	84865	84873	8	2	72.551351	0	0	0	84869	84865	84873	8h, 4h	PC_12, PK_15	*
LT934125.1	+	TC_772	772	84917	84944	22	4	249.194391	0	0	2.58496250072116	84929	84917	84939	8h, 12h, 6h	C6, NRK, PC_12	**
LT934125.1	+	TC_773	773	84974	85000	26	8	1028.578431	0	0	3.32192809488736	84989	84974	85000	4h, 6h, 8h, 12h	C6, NRK, PC_12, PK_15	***
LT934125.1	+	TC_774	774	85044	85112	68	7	1683.167306	0	0	5.4594316186373	85085	85044	85112	2h, 6h, 8h, 4h	C6, NRK, PC_12	***
LT934125.1	+	TC_775	775	85259	85301	42	5	914.451594	0	0	0	85281	85259	85301	12h, 8h, 2.5h, 4h, 6h	NRK, PC_12, PK_15	**
LT934125.1	+	TC_776	776	85368	85371	3	2	1696.279296	0	0	0	85370	85368	85371	2h	PC_12, PK_15	*
LT934125.1	+	TC_777	777	85416	85499	77	9	798.191378	0	0	5.97727992349992	85463	85416	85493	6h, 8h, 12h, 4h	C6, NRK, PC_12, PK_15	**
LT934125.1	+	TC_778	778	85550	85566	16	3	438.825634	0	0	2.50987086996958	85557	85550	85566	12h, 8h, 2h	NRK, PC_12, PK_15	**
LT934125.1	+	TC_779	779	85620	85633	13	2	50.208941	0	0	0	85626	85620	85633	8h, 12h	C6, NRK	*
LT934125.1	+	TC_78	78	9266	9274	0	26	416468.174422	0	0	3.58496250080278	9270	9270	9270	12h, 1h, 2h, 4h, 6h, 8h, 1.5h, 2.5h	C6, NRK, PC_12, PK_15	***
LT934125.1	+	TC_780	780	85676	85733	57	8	311.077887	0	0	0	85700	85676	85733	12h, 8h, 6h, 4h	NRK, PC_12, PK_15	**
LT934125.1	+	TC_781	781	85765	85765	0	1	81.685999	0	0	0	85765	85765	85765	8h	NRK	*
LT934125.1	+	TC_782	782	85799	85848	47	6	951.051075	0	0	1.58496250072116	85832	85799	85846	8h, 12h, 2h	C6, NRK, PC_12	**
LT934125.1	+	TC_783	783	85930	85955	20	2	145.102702	2.58496250072116	2.58496250072116	2.8073549220576	85940	85930	85950	8h, 4h	PC_12, PK_15	*
LT934125.1	+	TC_784	784	85994	85999	5	10	3439.116703	0	0	1	85996	85994	85999	12h, 8h, 1.5h, 2.5h, 6h, 4h	C6, PC_12, PK_15	***
LT934125.1	+	TC_785	785	86042	86064	18	3	490.21173	0	0	2.13221690458223	86053	86046	86064	8h, 2h	C6, PC_12, PK_15	**
LT934125.1	+	TC_786	786	86204	86204	0	1	31.95705	0	0	0	86204	86204	86204	8h	PC_12	*
LT934125.1	+	TC_787	787	86229	86282	43	11	1441.264222	0	0	14.762895057655	86270	86239	86282	12h, 6h, 8h, 4h, 2h	C6, NRK, PC_12, PK_15	***
LT934125.1	+	TC_788	788	86544	86559	15	3	184.772386	0	0	0	86551	86544	86559	12h, 4h, 8h	PC_12	**
LT934125.1	+	TC_789	789	86739	86739	0	1	32.2841	0	0	0	86739	86739	86739	8h	C6	*
LT934125.1	+	TC_79	79	9314	9338	24	3	1319.763363	0	0	0	9324	9314	9338	12h, 2h, 8h	C6, PK_15	**
LT934125.1	+	TC_790	790	87040	87051	11	4	108.817022	0	0	0	87048	87040	87051	8h, 12h, 6h	C6, NRK, PC_12	*
LT934125.1	+	TC_791	791	87212	87219	7	7	367.741163	0	0	2.32192809488736	87215	87212	87219	12h, 8h, 6h	C6, NRK, PC_12, PK_15	**
LT934125.1	+	TC_792	792	87272	87272	0	1	31.95705	0	0	0	87272	87272	87272	8h	PC_12	*
LT934125.1	+	TC_793	793	87305	87305	0	1	81.685999	0	0	0	87305	87305	87305	8h	NRK	*
LT934125.1	+	TC_794	794	87344	87344	0	1	26.651031	0	0	0	87344	87344	87344	6h	PC_12	*
LT934125.1	+	TC_795	795	88068	88068	0	1	86.244071	0	0	0	88068	88068	88068	6h	C6	*
LT934125.1	+	TC_796	796	88155	88162	7	4	406.915091	0	0	1	88157	88155	88162	8h, 4h, 6h	NRK, PC_12, PK_15	**
LT934125.1	+	TC_797	797	88373	88373	0	1	31.95705	0	0	0	88373	88373	88373	8h	PC_12	
LT934125.1	+	TC_798	798	88556	88556	0	1	26.651031	0	0	0	88556	88556	88556	6h	PC_12	*
LT934125.1	+	TC_799	799	88646	88646	0	1	86.244071	0	0	0	88646	88646	88646	6h	C6	*
LT934125.1	+	TC_8	8	1092	1122	30	4	260.797052	0	0	0	1104	1092	1122	12h, 6h, 8h	NRK, PC_12	**
LT934125.1	+	TC_80	80	9412	9412	0	3	131.813532	0	0	0	9412	9412	9412	8h, 6h, 4h	C6, PC_12, PK_15	*
LT934125.1	+	TC_800	800	88883	88892	9	18	9487.461955	0	0	3.83441899656112	88885	88883	88892	12h, 1h, 4h, 6h, 8h, 2.5h, 2h	C6, NRK, PC_12, PK_15	***
LT934125.1	+	TC_801	801	88929	88929	0	1	31.95705	0	0	0	88929	88929	88929	8h	PC_12	*
LT934125.1	+	TC_802	802	89014	89014	0	1	26.651031	0	0	0	89014	89014	89014	6h	PC_12	*
LT934125.1	+	TC_803	803	89098	89157	48	9	1663.634601	0	0	8.86033591651758	89133	89109	89157	12h, 2h, 8h, 6h	C6, NRK, PC_12, PK_15	***
LT934125.1	+	TC_804	804	89229	89239	10	3	1109.90728	0	0	0	89233	89229	89239	4h, 8h, 6h	C6, PC_12	**
LT934125.1	+	TC_805	805	89269	89314	38	8	877.880948	0	0	8	89292	89269	89307	6h, 8h, 12h, 4h	C6, NRK, PC_12, PK_15	**
LT934125.1	+	TC_806	806	89393	89417	24	2	307.023322	0	0	0	89405	89393	89417	6h	C6, NRK	*
LT934125.1	+	TC_807	807	89461	89465	4	2	118.528171	0	0	0	89463	89461	89465	6h, 8h	C6	*
LT934125.1	+	TC_808	808	89499	89513	14	3	157.104913	0	0	0	89508	89499	89513	4h, 6h	PC_12, PK_15	**
LT934125.1	+	TC_809	809	89635	89635	0	1	40.594301	0	0	0	89635	89635	89635	4h	PK_15	*
LT934125.1	+	TC_81	81	9436	9477	39	10	809.875836	0	0	2.91092893411112	9454	9438	9477	6h, 12h, 8h, 4h	C6, NRK, PC_12, PK_15	**
LT934125.1	+	TC_810	810	89666	89668	2	2	38.905476	0	0	0	89667	89666	89668	12h	C6, NRK	*
LT934125.1	+	TC_811	811	89694	89694	0	1	32.2841	0	0	0	89694	89694	89694	8h	C6	*
LT934125.1	+	TC_812	812	89726	89726	0	1	134.535181	0	0	0	89726	89726	89726	6h	NRK	*
LT934125.1	+	TC_813	813	89758	89763	3	3	340.309032	0	0	2.58496250072116	89759	89758	89761	6h, 4h	C6, PC_12	**
LT934125.1	+	TC_814	814	89826	89856	30	4	361.755003	0	0	0	89843	89826	89856	6h, 4h	C6, NRK, PC_12, PK_15	**
LT934125.1	+	TC_815	815	89876	89892	0	11	2041.452987	0	0	9.20345055397316	89883	89883	89883	12h, 8h, 4h, 6h	C6, NRK, PC_12, PK_15	***
LT934125.1	+	TC_816	816	89927	89927	0	1	81.188601	0	0	0	89927	89927	89927	4h	PK_15	*
LT934125.1	+	TC_817	817	89972	89972	0	1	31.95705	0	0	0	89972	89972	89972	8h	PC_12	*
LT934125.1	+	TC_818	818	90007	90050	22	7	440.972136	0	0	5.01337328893901	90010	90007	90029	12h, 6h, 8h, 4h	C6, NRK, PC_12, PK_15	**
LT934125.1	+	TC_819	819	90075	90099	24	4	348.55968	0	0	0	90091	90075	90099	6h, 8h, 4h	NRK, PC_12	**
LT934125.1	+	TC_82	82	9545	9559	11	21	36837.724989	0	0	4.75488750611082	9549	9545	9556	12h, 1h, 2h, 6h, 8h, 4h, 2.5h	C6, NRK, PC_12, PK_15	***
LT934125.1	+	TC_820	820	90128	90128	0	1	26.651031	0	0	0	90128	90128	90128	6h	PC_12	*
LT934125.1	+	TC_821	821	90170	90170	0	1	740.19245	0	0	0	90170	90170	90170	2.5h	PC_12	*
LT934125.1	+	TC_822	822	90233	90269	36	7	952.168701	0	0	0	90246	90233	90269	6h, 12h, 8h, 2h, 4h	C6, NRK, PC_12, PK_15	**
LT934125.1	+	TC_823	823	90318	90332	14	2	58.608081	0	0	0	90325	90318	90332	6h, 8h	PC_12	*
LT934125.1	+	TC_824	824	90362	90390	19	14	1642.816942	0	0	7.06934627626553	90380	90362	90381	12h, 6h, 8h, 4h	C6, NRK, PC_12, PK_15	***
LT934125.1	+	TC_825	825	90476	90486	10	2	58.608081	0	0	0	90481	90476	90486	6h, 8h	PC_12	*
LT934125.1	+	TC_826	826	90530	90530	0	1	86.244071	0	0	0	90530	90530	90530	6h	C6	*
LT934125.1	+	TC_827	827	90617	90617	0	2	80.043261	0	0	0	90617	90617	90617	8h, 6h	PC_12, PK_15	*
LT934125.1	+	TC_828	828	90644	90644	0	1	26.651031	0	0	0	90644	90644	90644	6h	PC_12	*
LT934125.1	+	TC_829	829	90699	90740	41	15	6046.280024	0	0	3.96757060125856	90718	90699	90740	12h, 2h, 6h, 8h, 4h	C6, NRK, PC_12, PK_15	***
LT934125.1	+	TC_83	83	9638	9657	3	22	117519.981294	0.918295834088823	0.918295834088823	8.5072540590701	9645	9643	9646	12h, 1h, 2h, 4h, 6h, 8h, 2.5h	C6, NRK, PC_12, PK_15	***
LT934125.1	+	TC_830	830	90772	90782	10	2	772.47655	0	0	0	90777	90772	90782	8h, 2.5h	C6, PC_12	*
LT934125.1	+	TC_831	831	90818	90818	0	1	31.95705	0	0	0	90818	90818	90818	8h	PC_12	*
LT934125.1	+	TC_832	832	90869	90869	0	1	740.19245	0	0	0	90869	90869	90869	2.5h	PC_12	*
LT934125.1	+	TC_833	833	90908	90995	78	7	672.995315	0	0	10.0764815237043	90938	90908	90986	6h, 8h, 4h	C6, NRK, PC_12, PK_15	**
LT934125.1	+	TC_834	834	91037	91037	0	1	31.95705	0	0	0	91037	91037	91037	8h	PC_12	*
LT934125.1	+	TC_835	835	91084	91084	0	3	234.146021	0	0	0	91084	91084	91084	12h, 6h, 8h	NRK	**
LT934125.1	+	TC_836	836	91112	91154	23	8	4733.23763	0	0	6.79167123695368	91146	91131	91154	4h, 6h, 8h, 12h, 2h	C6, NRK, PC_12, PK_15	***
LT934125.1	+	TC_837	837	91197	91220	23	2	99.402023	0	0	0	91208	91197	91220	6h, 8h	C6, PK_15	*
LT934125.1	+	TC_838	838	91249	91277	25	3	231.060431	0	0	2	91260	91249	91274	8h, 6h	C6, NRK, PC_12	**
LT934125.1	+	TC_839	839	91300	91313	11	3	167.417572	0	0	1.45546446154482	91306	91302	91313	12h, 8h	NRK, PC_12	**
LT934125.1	+	TC_84	84	9689	9745	53	12	5074.227319	0	0	16.046799875782	9707	9689	9742	12h, 2h, 6h, 1.5h, 4h, 8h	C6, NRK, PC_12, PK_15	***
LT934125.1	+	TC_840	840	91350	91383	28	16	9714.275902	0	0	6.37189112336775	91361	91355	91383	12h, 6h, 8h, 4h, 2h, 1h	C6, NRK, PC_12, PK_15	***
LT934125.1	+	TC_841	841	91405	91415	3	21	50169.911419	0	0	3.93412705407782	91409	91409	91412	12h, 2h, 4h, 6h, 8h, 2.5h	C6, NRK, PC_12, PK_15	***
LT934125.1	+	TC_842	842	91466	91476	10	3	1212.721985	0	0	0	91469	91466	91476	4h	C6, NRK, PC_12	**
LT934125.1	+	TC_843	843	91538	91555	1	18	8170.799947	0	0	6.64877882501414	91548	91547	91548	12h, 4h, 6h, 8h, 2.5h, 2h	C6, NRK, PC_12, PK_15	***
LT934125.1	+	TC_844	844	91647	91647	0	2	699.395508	0	0	0	91647	91647	91647	8h, 2h	C6, PC_12	*
LT934125.1	+	TC_845	845	91692	91698	6	2	145.600099	0	0	2	91695	91692	91698	8h	NRK, PC_12	*
LT934125.1	+	TC_846	846	91734	91839	82	7	619.094898	0	0	10.4606143628946	91766	91734	91816	6h, 8h, 4h	C6, NRK, PC_12, PK_15	**
LT934125.1	+	TC_847	847	91874	91890	16	4	214.905493	0	0	0	91884	91874	91890	8h, 6h	C6, NRK, PC_12, PK_15	**
LT934125.1	+	TC_848	848	91915	91915	0	2	67.245332	0	0	0	91915	91915	91915	6h, 4h	PC_12, PK_15	*
LT934125.1	+	TC_849	849	92127	92127	0	1	31.95705	0	0	0	92127	92127	92127	8h	PC_12	*
LT934125.1	+	TC_85	85	9771	9867	91	18	4594.756031	0	0	14.4628691154219	9804	9771	9862	12h, 6h, 8h, 4h, 2.5h, 2h	C6, NRK, PC_12, PK_15	***
LT934125.1	+	TC_850	850	92158	92158	0	2	52.760937	0	0	0	92158	92158	92158	8h, 12h	C6, PC_12	*
LT934125.1	+	TC_851	851	92183	92197	14	2	84.894734	0	0	0	92190	92183	92197	12h, 8h	C6, PC_12	*
LT934125.1	+	TC_852	852	92239	92247	8	6	812.447668	0	0	4.44955227767627	92243	92239	92247	12h, 4h, 6h, 8h	C6, PC_12, PK_15	**
LT934125.1	+	TC_853	853	92281	92292	11	11	1362.127169	0	0	3.16992500144231	92287	92281	92292	12h, 8h, 2h, 4h, 6h	C6, NRK, PC_12, PK_15	***
LT934125.1	+	TC_854	854	92349	92349	0	1	31.95705	0	0	0	92349	92349	92349	8h	PC_12	*
LT934125.1	+	TC_855	855	92423	92456	30	13	4260.927272	0	0	5.16992500144231	92449	92423	92453	12h, 2h, 8h, 4h, 6h	C6, NRK, PC_12, PK_15	***
LT934125.1	+	TC_856	856	92479	92482	3	2	220.779252	0	0	0	92480	92479	92482	6h	C6, NRK	*
LT934125.1	+	TC_857	857	92646	92646	0	1	32.2841	0	0	0	92646	92646	92646	8h	C6	*
LT934125.1	+	TC_858	858	93323	93323	0	1	26.651031	0	0	0	93323	93323	93323	6h	PC_12	*
LT934125.1	+	TC_859	859	93611	93611	0	1	31.95705	0	0	0	93611	93611	93611	8h	PC_12	*
LT934125.1	+	TC_86	86	9911	10002	78	12	1377.538366	0	0	13.2606918644674	9944	9911	9989	6h, 8h, 12h, 4h	C6, NRK, PC_12, PK_15	***
LT934125.1	+	TC_860	860	93660	93660	0	1	31.95705	0	0	0	93660	93660	93660	8h	PC_12	*
LT934125.1	+	TC_861	861	93770	93781	11	2	132.3385	0	0	0	93776	93770	93781	4h, 8h	PC_12	*
LT934125.1	+	TC_862	862	93860	93860	0	1	31.95705	0	0	0	93860	93860	93860	8h	PC_12	*
LT934125.1	+	TC_863	863	93927	93929	2	2	164.295549	0	0	0	93928	93927	93929	4h, 8h	PC_12	*
LT934125.1	+	TC_864	864	94102	94102	0	1	86.244071	0	0	0	94102	94102	94102	6h	C6	
LT934125.1	+	TC_865	865	94169	94169	0	1	31.95705	0	0	0	94169	94169	94169	8h	PC_12	
LT934125.1	+	TC_866	866	94310	94310	0	1	31.95705	0	0	0	94310	94310	94310	8h	PC_12	
LT934125.1	+	TC_867	867	94371	94406	35	4	1663.68128	0	0	3	94389	94371	94406	1h, 8h, 6h	C6, PC_12	
LT934125.1	+	TC_868	868	94580	94580	0	2	122.2803	0	0	0	94580	94580	94580	8h, 4h	NRK, PK_15	
LT934125.1	+	TC_869	869	94684	94684	0	1	32.2841	0	0	0	94684	94684	94684	8h	C6	
LT934125.1	+	TC_87	87	10026	10177	101	20	11263.916202	0	0	26.1059378513927	10093	10055	10156	12h, 4h, 6h, 8h, 2h, 2.5h	C6, NRK, PC_12, PK_15	***
LT934125.1	+	TC_870	870	95029	95029	0	1	27.97418	0	0	0	95029	95029	95029	12h	C6	
LT934125.1	+	TC_871	871	95523	95523	0	1	81.685999	0	0	0	95523	95523	95523	8h	NRK	
LT934125.1	+	TC_872	872	95749	95753	1	8	569.498776	0	0	1.30004484733325	95750	95749	95750	12h, 6h, 8h	C6, NRK, PC_12, PK_15	
LT934125.1	+	TC_873	873	95925	95939	14	2	113.643049	0	0	0	95932	95925	95939	8h	NRK, PC_12	
LT934125.1	+	TC_874	874	96008	96016	6	2	214.07227	0	0	1.28584540983617	96013	96010	96016	6h, 8h	C6, PC_12	*
LT934125.1	+	TC_875	875	96046	96046	0	1	13.157952	0	0	0	96046	96046	96046	8h	PK_15	
LT934125.1	+	TC_876	876	96095	96111	16	2	64.24115	0	0	0	96103	96095	96111	8h	C6, PC_12	
LT934125.1	+	TC_877	877	96197	96214	17	3	2272.647661	0	0	0	96203	96197	96214	12h, 8h, 1.5h	C6, PC_12	
LT934125.1	+	TC_878	878	96526	96526	0	1	20.980635	0	0	0	96526	96526	96526	12h	C6	
LT934125.1	+	TC_879	879	96553	96553	0	1	40.594301	0	0	0	96553	96553	96553	4h	PK_15	
LT934125.1	+	TC_88	88	10205	10218	10	7	873.10218	0	0	3.3613175777272	10209	10205	10215	12h, 2h, 4h, 6h, 8h	C6, NRK, PC_12, PK_15	**
LT934125.1	+	TC_880	880	96856	96856	0	1	31.95705	0	0	0	96856	96856	96856	8h	PC_12	
LT934125.1	+	TC_881	881	96885	96898	13	11	646.435527	0	0	1	96887	96885	96898	12h, 8h, 6h, 4h	C6, NRK, PC_12, PK_15	
LT934125.1	+	TC_882	882	96948	96948	0	1	86.244071	0	0	0	96948	96948	96948	6h	C6	
LT934125.1	+	TC_883	883	97003	97003	0	1	32.2841	0	0	0	97003	97003	97003	8h	C6	*
LT934125.1	+	TC_884	884	97042	97053	11	2	50.208941	0	0	0	97048	97042	97053	8h, 12h	C6, NRK	
LT934125.1	+	TC_885	885	97102	97111	9	2	64.24115	0	0	0	97106	97102	97111	8h	C6, PC_12	
LT934125.1	+	TC_886	886	97394	97394	0	1	31.95705	0	0	0	97394	97394	97394	8h	PC_12	*
LT934125.1	+	TC_887	887	97603	97603	0	1	26.651031	0	0	0	97603	97603	97603	6h	PC_12	
LT934125.1	+	TC_888	888	97907	97907	0	1	31.95705	0	0	0	97907	97907	97907	8h	PC_12	
LT934125.1	+	TC_889	889	98034	98034	0	1	26.651031	0	0	0	98034	98034	98034	6h	PC_12	
LT934125.1	+	TC_89	89	10242	10283	41	14	2119.659916	0	0	8.0142960138452	10254	10242	10283	12h, 6h, 8h, 2.5h, 4h, 2h	C6, NRK, PC_12, PK_15	***
LT934125.1	+	TC_890	890	98107	98107	0	1	31.95705	0	0	0	98107	98107	98107	8h	PC_12	
LT934125.1	+	TC_891	891	98327	98329	0	2	77.072052	0	0	1.58496250072116	98327	98327	98327	8h	PC_12, PK_15	*
LT934125.1	+	TC_892	892	98379	98379	0	1	32.2841	0	0	0	98379	98379	98379	8h	C6	
LT934125.1	+	TC_893	893	98450	98473	23	7	865.17017	0	0	2.57798230593141	98462	98450	98473	12h, 4h, 8h, 6h	C6, NRK, PK_15	
LT934125.1	+	TC_894	894	98712	98712	0	1	86.244071	0	0	0	98712	98712	98712	6h	C6	
LT934125.1	+	TC_895	895	99000	99000	0	1	134.535181	0	0	0	99000	99000	99000	6h	NRK	
LT934125.1	+	TC_896	896	99528	99528	0	1	134.535181	0	0	0	99528	99528	99528	6h	NRK	*
LT934125.1	+	TC_897	897	99576	99576	0	6	462.520172	0	0	0	99576	99576	99576	12h, 8h	C6, NRK, PC_12, PK_15	**
LT934125.1	+	TC_898	898	99822	99831	9	2	58.935131	0	0	0	99826	99822	99831	8h, 6h	C6, PC_12	*
LT934125.1	+	TC_899	899	99878	99878	0	1	26.651031	0	0	0	99878	99878	99878	6h	PC_12	*
LT934125.1	+	TC_9	9	1167	1174	7	3	140.29408	0	0	0	1169	1167	1174	8h, 6h	NRK, PC_12	*
LT934125.1	+	TC_90	90	10310	10343	33	8	645.912461	0	0	2.76588505704539	10334	10310	10343	12h, 6h, 8h, 2h	C6, PC_12, PK_15	**
LT934125.1	+	TC_900	900	99951	99951	0	1	31.95705	0	0	0	99951	99951	99951	8h	PC_12	
LT934125.1	+	TC_901	901	100111	100111	0	1	26.651031	0	0	0	100111	100111	100111	6h	PC_12	*
LT934125.1	+	TC_902	902	100385	100385	0	1	26.651031	0	0	0	100385	100385	100385	6h	PC_12	*
LT934125.1	+	TC_903	903	100598	100598	0	4	3654.453229	0	0	0	100598	100598	100598	2h, 8h, 6h	NRK, PC_12, PK_15	**
LT934125.1	+	TC_904	904	100678	100700	22	2	132.66555	0	0	0	100689	100678	100700	8h, 4h	C6, PC_12	*
LT934125.1	+	TC_905	905	100892	100892	0	1	13.729977	0	0	0	100892	100892	100892	12h	PK_15	*
LT934125.1	+	TC_906	906	100936	100938	0	3	122.165241	0	0	1.17015384389914	100936	100936	100936	6h, 12h, 4h	PC_12, PK_15	*
LT934125.1	+	TC_907	907	101000	101000	0	1	31.95705	0	0	0	101000	101000	101000	8h	PC_12	*
LT934125.1	+	TC_908	908	101059	101059	0	1	41.189931	0	0	0	101059	101059	101059	12h	PK_15	*
LT934125.1	+	TC_909	909	101290	101293	3	6	625.886318	0	0	1.98806042104302	101290	101290	101293	12h, 6h, 4h, 8h	C6, PC_12, PK_15	**
LT934125.1	+	TC_91	91	10430	10438	1	18	12201.977273	0	0	2.10596314775973	10431	10431	10432	12h, 1h, 4h, 6h, 8h, 2h	C6, NRK, PC_12, PK_15	***
LT934125.1	+	TC_910	910	101372	101386	14	2	220.779252	0	0	0	101379	101372	101386	6h	C6, NRK	*
LT934125.1	+	TC_911	911	101463	101472	9	6	284.954343	0	0	0	101470	101463	101472	6h, 12h, 4h, 8h	NRK, PC_12, PK_15	**
LT934125.1	+	TC_912	912	101588	101603	15	3	90.892181	0	0	0	101598	101588	101603	8h, 6h	C6, PC_12	*
LT934125.1	+	TC_913	913	101629	101629	0	1	586.85446	0	0	0	101629	101629	101629	4h	NRK	*
LT934125.1	+	TC_914	914	101703	101732	29	8	436.284527	0	0	0	101720	101703	101732	8h, 6h, 4h	C6, NRK, PC_12, PK_15	**
LT934125.1	+	TC_915	915	101803	101808	0	4	3889.02688	0	0	2.58496250072116	101803	101803	101803	1.5h, 2.5h, 4h, 8h	PC_12	**
LT934125.1	+	TC_916	916	101918	101918	0	1	32.2841	0	0	0	101918	101918	101918	8h	C6	*
LT934125.1	+	TC_917	917	102062	102062	0	4	97.513557	0	0	0	102062	102062	102062	12h, 6h, 8h	C6, NRK, PC_12	*
LT934125.1	+	TC_918	918	102711	102711	0	1	26.651031	0	0	0	102711	102711	102711	6h	PC_12	*
LT934125.1	+	TC_919	919	102803	102807	4	2	64.24115	0	0	0	102805	102803	102807	8h	C6, PC_12	*
LT934125.1	+	TC_92	92	10667	10667	0	1	40.594301	0	0	0	10667	10667	10667	4h	PK_15	*
LT934125.1	+	TC_920	920	102838	102864	26	6	3622.229889	0	0	3	102852	102838	102864	4h, 8h, 12h, 6h, 1h	C6, PC_12, PK_15	***
LT934125.1	+	TC_921	921	103204	103204	0	1	31.95705	0	0	0	103204	103204	103204	8h	PC_12	*
LT934125.1	+	TC_922	922	103528	103528	0	1	31.95705	0	0	0	103528	103528	103528	8h	PC_12	*
LT934125.1	+	TC_923	923	103628	103628	0	1	31.95705	0	0	0	103628	103628	103628	8h	PC_12	*
LT934125.1	+	TC_924	924	103721	103721	0	1	26.651031	0	0	0	103721	103721	103721	6h	PC_12	*
LT934125.1	+	TC_925	925	103790	103790	0	1	40.594301	0	0	0	103790	103790	103790	4h	PK_15	*
LT934125.1	+	TC_926	926	103932	103932	0	1	31.95705	0	0	0	103932	103932	103932	8h	PC_12	*
LT934125.1	+	TC_927	927	103992	103997	5	3	414.994166	0	0	0	103994	103992	103997	12h, 8h, 2h	C6, PC_12, PK_15	**
LT934125.1	+	TC_928	928	104102	104102	0	1	26.651031	0	0	0	104102	104102	104102	6h	PC_12	*
LT934125.1	+	TC_929	929	104219	104219	0	2	72.551351	0	0	0	104219	104219	104219	8h, 4h	PC_12, PK_15	*
LT934125.1	+	TC_93	93	10725	10731	6	2	99.61084	0	0	0	10728	10725	10731	12h, 8h	NRK	*
LT934125.1	+	TC_930	930	104298	104310	12	2	731.025508	0	0	1	104304	104298	104310	2h, 8h	PC_12	*
LT934125.1	+	TC_931	931	104457	104463	6	2	2950.627639	0	0	0	104460	104457	104463	6h, 1h	PC_12, PK_15	
LT934125.1	+	TC_932	932	104529	104529	0	1	31.95705	0	0	0	104529	104529	104529	8h	PC_12	
LT934125.1	+	TC_933	933	104558	104558	0	1	86.244071	0	0	0	104558	104558	104558	6h	C6	
LT934125.1	+	TC_934	934	104656	104664	0	1	95.87115	5.02421225738452	5.02421225738452	5.02421225738452	104656	104656	104656	8h	PC_12	
LT934125.1	+	TC_935	935	104694	104765	70	14	7652.537903	0	0	8.89910455535253	104738	104694	104764	6h, 8h, 12h, 2h, 1h, 4h	C6, NRK, PC_12, PK_15	***
LT934125.1	+	TC_936	936	104819	104822	3	7	639.403402	0	0	1.90886800841957	104821	104819	104822	12h, 4h, 6h, 2h, 8h	NRK, PC_12, PK_15	**
LT934125.1	+	TC_937	937	104851	104862	7	2	128.4823	0	0	2.32192809488736	104854	104851	104858	8h	C6, PC_12	
LT934125.1	+	TC_938	938	104929	104929	0	1	134.535181	0	0	0	104929	104929	104929	6h	NRK	
LT934125.1	+	TC_939	939	105017	105017	0	1	31.95705	0	0	0	105017	105017	105017	8h	PC_12	
LT934125.1	+	TC_94	94	10782	10782	0	1	40.594301	0	0	0	10782	10782	10782	4h	PK_15	*
LT934125.1	+	TC_940	940	105142	105177	30	5	299.287565	0	0	1.86615705997199	105160	105142	105172	12h, 8h, 6h	C6, PC_12	**
LT934125.1	+	TC_941	941	105270	105271	1	2	112.895102	0	0	0	105270	105270	105271	6h	C6, PC_12	
LT934125.1	+	TC_942	942	105389	105410	21	3	189.767514	0	0	3.68016895976738	105403	105389	105410	6h, 8h, 4h	PC_12, PK_15	**
LT934125.1	+	TC_943	943	105533	105533	0	2	90.56513	0	0	0	105533	105533	105533	6h, 8h	PC_12	
LT934125.1	+	TC_944	944	105814	105816	2	2	52.937685	0	0	0	105815	105814	105816	12h, 8h	C6, PC_12	
LT934125.1	+	TC_945	945	105871	105941	60	4	706.57901	0	0	12.2994942390094	105902	105871	105931	12h, 4h, 8h	C6, PC_12	**
LT934125.1	+	TC_946	946	105984	106005	21	6	783.640661	0	0	2	105990	105984	106005	12h, 4h, 8h	C6, PC_12, PK_15	**
LT934125.1	+	TC_947	947	106119	106119	0	1	81.685999	0	0	0	106119	106119	106119	8h	NRK	*
LT934125.1	+	TC_948	948	106182	106190	8	4	229.243089	0	0	4.75488750216347	106186	106182	106190	6h, 12h, 8h	C6, PC_12	**
LT934125.1	+	TC_949	949	106300	106322	22	4	567.600432	0	0	1	106313	106300	106322	8h, 4h, 2h	C6, PC_12, PK_15	**
LT934125.1	+	TC_95	95	10882	10882	0	1	32.2841	0	0	0	10882	10882	10882	8h	C6	*
LT934125.1	+	TC_950	950	106365	106365	0	2	85.259113	0	0	0	106365	106365	106365	6h, 8h	PC_12	*
LT934125.1	+	TC_951	951	106398	106429	31	3	133.875737	0	0	0	106414	106398	106429	12h, 6h	C6, PC_12	*
LT934125.1	+	TC_952	952	106585	106603	7	13	17183.957767	0	0	6.72159899590215	106596	106594	106601	12h, 8h, 4h, 6h, 1h, 2h	C6, NRK, PC_12, PK_15	***
LT934125.1	+	TC_953	953	106657	106662	5	3	164.6226	0	0	0	106660	106657	106662	8h, 4h	C6, PC_12	**
LT934125.1	+	TC_954	954	106743	106764	21	2	58.608081	0	0	0	106754	106743	106764	6h, 8h	PC_12	*
LT934125.1	+	TC_955	955	106806	106863	57	7	643.024833	0	0	2.32192809488736	106838	106806	106863	6h, 8h, 4h	C6, NRK, PC_12, PK_15	**
LT934125.1	+	TC_956	956	106916	106916	0	1	362.056481	0	0	0	106916	106916	106916	2h	PK_15	*
LT934125.1	+	TC_957	957	106945	106945	0	1	31.95705	0	0	0	106945	106945	106945	8h	PC_12	*
LT934125.1	+	TC_958	958	107023	107037	12	15	13679.812824	0	0	6.64385618977472	107031	107023	107035	12h, 6h, 8h, 1h, 2h, 4h	C6, NRK, PC_12, PK_15	***
LT934125.1	+	TC_959	959	107107	107112	5	2	166.819281	0	0	0	107110	107107	107112	8h, 6h	C6, NRK	*
LT934125.1	+	TC_96	96	11002	11002	0	2	64.24115	0	0	0	11002	11002	11002	8h	C6, PC_12	*
LT934125.1	+	TC_960	960	107141	107171	30	8	307.550616	0	0	0	107166	107141	107171	8h, 12h, 6h, 4h	C6, NRK, PC_12, PK_15	**
LT934125.1	+	TC_961	961	107242	107242	0	1	13.157952	0	0	0	107242	107242	107242	8h	PK_15	*
LT934125.1	+	TC_962	962	107304	107313	4	9	363.31387	0	0	2.8073549220576	107308	107304	107308	8h, 12h, 6h	C6, NRK, PC_12, PK_15	**
LT934125.1	+	TC_963	963	107344	107353	5	2	185.646094	0	0	3.32192809488736	107346	107344	107349	6h, 8h	C6, PK_15	*
LT934125.1	+	TC_964	964	107378	107450	54	18	13606.586384	0	0	12.9654465089682	107419	107378	107432	12h, 4h, 8h, 6h, 1h, 2h	C6, NRK, PC_12, PK_15	***
LT934125.1	+	TC_965	965	107468	107494	6	19	31685.041315	0	0	8.53217717694979	107482	107479	107485	12h, 6h, 8h, 4h, 1h, 2.5h, 2h	C6, NRK, PC_12, PK_15	***
LT934125.1	+	TC_966	966	107573	107586	13	4	170.120892	0	0	0	107580	107573	107586	8h, 6h	C6, NRK, PC_12, PK_15	**
LT934125.1	+	TC_967	967	107613	107616	0	11	1885.900822	0	0	1.33984952760096	107614	107614	107614	12h, 6h, 8h, 2h, 4h	C6, NRK, PC_12, PK_15	***
LT934125.1	+	TC_968	968	107646	107670	24	8	341.634671	0	0	3	107666	107646	107670	12h, 8h, 6h, 4h	C6, NRK, PK_15	**
LT934125.1	+	TC_969	969	107720	107755	34	6	354.190113	0	0	1	107746	107720	107754	6h, 12h, 8h	C6, NRK, PC_12, PK_15	**
LT934125.1	+	TC_97	97	11078	11078	0	1	86.244071	0	0	0	11078	11078	11078	6h	C6	*
LT934125.1	+	TC_970	970	107786	107786	0	1	40.594301	0	0	0	107786	107786	107786	4h	PK_15	*
LT934125.1	+	TC_971	971	107816	107831	15	10	828.733165	0	0	2.95568439072208	107823	107816	107831	12h, 6h, 8h, 4h, 2h	C6, NRK, PC_12, PK_15	**
LT934125.1	+	TC_972	972	107870	107908	38	7	783.634042	0	0	0	107889	107870	107908	8h, 4h, 12h, 6h	C6, NRK, PC_12, PK_15	**
LT934125.1	+	TC_973	973	107939	108014	75	14	2444.934124	0	0	7.40087943628218	107972	107939	108014	6h, 8h, 12h, 2.5h, 2h, 4h	C6, NRK, PC_12, PK_15	***
LT934125.1	+	TC_974	974	108051	108104	47	14	1590.355623	0	0	5.75488750216347	108057	108051	108098	12h, 6h, 8h, 4h	C6, NRK, PC_12, PK_15	***
LT934125.1	+	TC_975	975	108155	108227	65	12	1396.300589	0	0	7.53823852059763	108175	108155	108220	12h, 8h, 4h, 6h, 2h	C6, NRK, PC_12, PK_15	***
LT934125.1	+	TC_976	976	108252	108393	122	17	6462.943038	0	0	15.3596339065693	108307	108252	108374	12h, 6h, 8h, 1h, 2.5h, 2h, 4h	C6, NRK, PC_12, PK_15	***
LT934125.1	+	TC_977	977	108433	108449	16	2	72.551351	0	0	0	108441	108433	108449	8h, 4h	PC_12, PK_15	*
LT934125.1	+	TC_978	978	108524	108524	0	2	58.844312	0	0	0	108524	108524	108524	12h, 8h	NRK, PC_12	*
LT934125.1	+	TC_979	979	108556	108585	29	6	283.866875	0	0	0	108572	108556	108585	8h, 6h, 4h	C6, NRK, PC_12, PK_15	**
LT934125.1	+	TC_98	98	11147	11166	19	2	182.067449	0	0	0	11156	11147	11166	8h, 4h	NRK, PC_12	*
LT934125.1	+	TC_980	980	108622	108705	83	11	878.104806	0	0	6.02236781302845	108663	108622	108705	12h, 8h, 6h, 4h, 2h	C6, NRK, PC_12, PK_15	**
LT934125.1	+	TC_981	981	108736	108736	0	1	63.914099	0	0	0	108736	108736	108736	8h	PC_12	*
LT934125.1	+	TC_982	982	109072	109084	12	2	186.625521	0	0	0	109078	109072	109084	6h, 4h	C6, PC_12	*
LT934125.1	+	TC_983	983	109307	109307	0	1	134.535181	0	0	0	109307	109307	109307	6h	NRK	*
LT934125.1	+	TC_984	984	109351	109351	0	1	26.651031	0	0	0	109351	109351	109351	6h	PC_12	*
LT934125.1	+	TC_985	985	109392	109395	3	2	127.032481	0	0	0	109394	109392	109395	4h, 6h	PC_12	*
LT934125.1	+	TC_986	986	109454	109454	0	1	740.19245	0	0	0	109454	109454	109454	2.5h	PC_12	*
LT934125.1	+	TC_987	987	109496	109496	0	1	26.651031	0	0	0	109496	109496	109496	6h	PC_12	*
LT934125.1	+	TC_988	988	110097	110097	0	1	31.95705	0	0	0	110097	110097	110097	8h	PC_12	*
LT934125.1	+	TC_989	989	110402	110402	0	1	31.95705	0	0	0	110402	110402	110402	8h	PC_12	*
LT934125.1	+	TC_99	99	11290	11290	0	1	31.95705	0	0	0	11290	11290	11290	8h	PC_12	*
LT934125.1	+	TC_990	990	110443	110443	0	1	134.535181	0	0	0	110443	110443	110443	6h	NRK	*
LT934125.1	+	TC_991	991	110525	110525	0	1	26.651031	0	0	0	110525	110525	110525	6h	PC_12	*
LT934125.1	+	TC_992	992	110570	110570	0	1	667.111408	0	0	0	110570	110570	110570	2h	PC_12	*
LT934125.1	+	TC_993	993	110622	110622	0	1	26.651031	0	0	0	110622	110622	110622	6h	PC_12	*
LT934125.1	+	TC_994	994	110677	110693	16	4	116.746319	0	0	0	110688	110677	110693	6h, 8h, 4h	PC_12, PK_15	*
LT934125.1	+	TC_995	995	110803	110803	0	1	667.111408	0	0	0	110803	110803	110803	2h	PC_12	*
LT934125.1	+	TC_996	996	110889	110889	0	1	31.95705	0	0	0	110889	110889	110889	8h	PC_12	
LT934125.1	+	TC_997	997	111457	111457	0	1	40.594301	0	0	0	111457	111457	111457	4h	PK_15	
LT934125.1	+	TC_998	998	111785	111791	6	4	342.102147	0	0	0	111790	111785	111791	6h, 8h	NRK, PC_12, PK_15	**
LT934125.1	+	TC_999	999	112306	112329	23	3	135.850228	0	0	0	112321	112306	112329	12h, 4h, 8h	NRK, PC_12, PK_15	*
LT934125.1	-	TC_1279	1279	1684	1684	0	1	32.2841	0	0	0	1684	1684	1684	8h	C6	*
LT934125.1	-	TC_1280	1280	1743	1743	0	1	26.651031	0	0	0	1743	1743	1743	6h	PC_12	*
LT934125.1	-	TC_1281	1281	1784	1784	0	1	26.651031	0	0	0	1784	1784	1784	6h	PC_12	*
LT934125.1	-	TC_1282	1282	1924	1925	1	4	820.600811	0	0	0	1924	1924	1925	6h, 2h, 4h	C6, PC_12, PK_15	**
LT934125.1	-	TC_1283	1283	1958	1958	0	3	98.706787	0	0	0	1958	1958	1958	12h, 8h	C6, PK_15	*
LT934125.1	-	TC_1284	1284	2023	2023	0	1	100.38145	0	0	0	2023	2023	2023	4h	PC_12	*
LT934125.1	-	TC_1285	1285	2131	2140	9	2	150.812271	0	0	3.32192809488736	2136	2131	2140	6h, 8h	C6	*
LT934125.1	-	TC_1286	1286	2794	2794	0	1	32.2841	0	0	0	2794	2794	2794	8h	C6	*
LT934125.1	-	TC_1287	1287	2840	2840	0	1	31.95705	0	0	0	2840	2840	2840	8h	PC_12	*
LT934125.1	-	TC_1288	1288	2870	2977	107	12	1489.895594	0	0	11.7987093331808	2933	2870	2977	12h, 6h, 8h, 4h, 2h	C6, NRK, PC_12, PK_15	***
LT934125.1	-	TC_1289	1289	3006	3045	39	12	7452.859299	0	0	5.47149490458744	3034	3006	3045	1h, 8h, 12h, 2h, 6h, 4h	C6, NRK, PC_12, PK_15	***
LT934125.1	-	TC_1290	1290	3080	3351	260	16	8546.756377	0	0	32.3967645774174	3251	3091	3351	12h, 6h, 8h, 2.5h, 4h, 2h	C6, NRK, PC_12, PK_15	***
LT934125.1	-	TC_1291	1291	3389	3504	105	17	7618.110465	0	0	13.4008794362822	3442	3389	3494	12h, 2h, 6h, 8h, 4h	C6, NRK, PC_12, PK_15	***
LT934125.1	-	TC_1292	1292	3519	3551	32	3	123.085462	0	0	3.32192809488736	3538	3519	3551	8h, 12h	C6, NRK, PC_12	*
LT934125.1	-	TC_1293	1293	3587	3589	2	2	388.707512	0	0	0	3588	3587	3589	6h, 2h	PC_12, PK_15	*
LT934125.1	-	TC_1294	1294	3634	3701	67	12	2997.785338	0	0	9.07853912759635	3671	3634	3701	12h, 4h, 6h, 8h, 2.5h, 2h	NRK, PC_12, PK_15	***
LT934125.1	-	TC_1295	1295	3731	3734	3	3	1289.366314	0	0	0	3732	3731	3734	2h, 8h, 12h	C6, NRK	**
LT934125.1	-	TC_1296	1296	3770	3847	77	11	1210.483165	0	0	5.70043971814109	3810	3770	3847	12h, 4h, 6h, 8h	C6, NRK, PC_12, PK_15	***
LT934125.1	-	TC_1297	1297	3898	3917	3	24	100823.12697	0	0	7.71061856549372	3910	3908	3911	12h, 1h, 2h, 4h, 6h, 8h, 1.5h, 2.5h	C6, NRK, PC_12, PK_15	***
LT934125.1	-	TC_1298	1298	3994	4003	9	3	785.639579	0	0	0	3997	3994	4003	6h, 8h, 2h	C6, PC_12	**
LT934125.1	-	TC_1299	1299	4031	4031	0	1	31.95705	0	0	0	4031	4031	4031	8h	PC_12	*
LT934125.1	-	TC_1300	1300	4077	4077	0	1	32.2841	0	0	0	4077	4077	4077	8h	C6	*
LT934125.1	-	TC_1301	1301	4104	4104	0	2	108.33703	0	0	0	4104	4104	4104	8h, 6h	NRK, PC_12	*
LT934125.1	-	TC_1302	1302	4146	4210	56	10	1556.516768	0	0	7.53777121928285	4194	4154	4210	4h, 6h, 8h, 12h	C6, NRK, PC_12, PK_15	***
LT934125.1	-	TC_1303	1303	4294	4324	30	4	677.657702	0	0	0	4307	4294	4324	8h, 12h, 4h	C6, NRK, PK_15	**
LT934125.1	-	TC_1304	1304	4409	4470	61	10	751.159088	0	0	0	4447	4409	4470	12h, 6h, 8h, 4h, 2h	C6, NRK, PC_12, PK_15	**
LT934125.1	-	TC_1305	1305	4495	4501	6	2	388.707512	0	0	0	4498	4495	4501	6h, 2h	PC_12, PK_15	*
LT934125.1	-	TC_1306	1306	4536	4536	0	2	355.314433	0	0	0	4536	4536	4536	6h	C6, NRK	*
LT934125.1	-	TC_1307	1307	4566	4612	30	4	230.688865	0	0	5.55458885167764	4580	4566	4596	8h, 6h, 4h	C6, PC_12, PK_15	**
LT934125.1	-	TC_1308	1308	4664	4689	25	4	168.410062	0	0	0	4681	4664	4689	6h, 8h, 12h	C6, NRK, PC_12	**
LT934125.1	-	TC_1309	1309	4758	4774	16	3	693.416145	0	0	0	4767	4758	4774	4h, 6h, 8h	C6, NRK	**
LT934125.1	-	TC_1310	1310	4823	4887	64	7	1827.940644	0	0	2	4848	4823	4887	4h, 8h, 2h, 6h	C6, NRK, PC_12, PK_15	***
LT934125.1	-	TC_1311	1311	4914	4928	3	16	5181.911203	0	0	4.94126100085753	4925	4924	4927	12h, 6h, 8h, 4h, 2h	C6, NRK, PC_12, PK_15	***
LT934125.1	-	TC_1312	1312	5062	5066	4	3	152.912903	0	0	0	5065	5062	5066	12h, 8h, 6h	NRK, PC_12	**
LT934125.1	-	TC_1313	1313	5101	5101	0	1	32.2841	0	0	0	5101	5101	5101	8h	C6	*
LT934125.1	-	TC_1314	1314	5139	5139	0	1	81.685999	0	0	0	5139	5139	5139	8h	NRK	*
LT934125.1	-	TC_1315	1315	5169	5177	8	3	480.257602	0	0	0	5172	5169	5177	6h, 8h, 2h	C6, PC_12, PK_15	**
LT934125.1	-	TC_1316	1316	5247	5271	24	3	193.143262	0	0	0	5263	5247	5271	6h, 8h	NRK, PC_12	**
LT934125.1	-	TC_1317	1317	5301	5301	0	1	32.2841	0	0	0	5301	5301	5301	8h	C6	*
LT934125.1	-	TC_1318	1318	5333	5333	0	1	100.38145	0	0	0	5333	5333	5333	4h	PC_12	*
LT934125.1	-	TC_1319	1319	5676	5676	0	1	86.244071	0	0	0	5676	5676	5676	6h	C6	*
LT934125.1	-	TC_1320	1320	5786	5786	0	1	100.38145	0	0	0	5786	5786	5786	4h	PC_12	*
LT934125.1	-	TC_1321	1321	5876	5876	0	1	81.685999	0	0	0	5876	5876	5876	8h	NRK	*
LT934125.1	-	TC_1322	1322	5966	5966	0	1	86.244071	0	0	0	5966	5966	5966	6h	C6	*
LT934125.1	-	TC_1323	1323	6030	6030	0	1	134.535181	0	0	0	6030	6030	6030	6h	NRK	*
LT934125.1	-	TC_1324	1324	6219	6219	0	1	31.95705	0	0	0	6219	6219	6219	8h	PC_12	*
LT934125.1	-	TC_1325	1325	6533	6533	0	1	26.651031	0	0	0	6533	6533	6533	6h	PC_12	*
LT934125.1	-	TC_1326	1326	7108	7108	0	1	32.2841	0	0	0	7108	7108	7108	8h	C6	*
LT934125.1	-	TC_1327	1327	7142	7161	19	2	72.551351	0	0	0	7152	7142	7161	8h, 4h	PC_12, PK_15	*
LT934125.1	-	TC_1328	1328	7379	7379	0	1	40.594301	0	0	0	7379	7379	7379	4h	PK_15	*
LT934125.1	-	TC_1329	1329	7406	7406	0	1	31.95705	0	0	0	7406	7406	7406	8h	PC_12	*
LT934125.1	-	TC_1330	1330	7758	7767	9	14	5466.986196	0	0	3.05051273965612	7759	7758	7767	12h, 2h, 6h, 8h, 1h, 4h	C6, NRK, PC_12, PK_15	***
LT934125.1	-	TC_1331	1331	7924	7924	0	1	31.95705	0	0	0	7924	7924	7924	8h	PC_12	*
LT934125.1	-	TC_1332	1332	8186	8194	8	4	3345.602107	0	0	1.58496250072116	8190	8186	8194	8h, 2h	C6, NRK, PC_12, PK_15	**
LT934125.1	-	TC_1333	1333	8232	8232	0	1	31.95705	0	0	0	8232	8232	8232	8h	PC_12	*
LT934125.1	-	TC_1334	1334	8288	8288	0	1	31.95705	0	0	0	8288	8288	8288	8h	PC_12	*
LT934125.1	-	TC_1335	1335	8371	8371	0	1	86.244071	0	0	0	8371	8371	8371	6h	C6	*
LT934125.1	-	TC_1336	1336	8573	8594	19	2	128.155249	0	0	1.45546446705556	8582	8573	8592	8h	C6, PC_12	*
LT934125.1	-	TC_1337	1337	8653	8665	12	3	1134.205981	0	0	0	8657	8653	8665	2.5h, 8h, 2h	PC_12, PK_15	**
LT934125.1	-	TC_1338	1338	8722	8867	123	13	7932.748815	0	0	9.78419673664187	8770	8722	8845	2h, 8h, 12h, 6h, 1.5h, 4h	C6, NRK, PC_12, PK_15	***
LT934125.1	-	TC_1339	1339	8902	8909	7	3	657.824575	0	0	0	8905	8902	8909	4h, 8h	C6, PC_12	**
LT934125.1	-	TC_1340	1340	8938	8949	11	4	231.660603	0	0	3.16992500144231	8943	8938	8949	8h, 12h, 4h	C6, NRK, PK_15	**
LT934125.1	-	TC_1341	1341	8996	9006	1	12	2247.850708	0	0	1.9654944261527	8997	8996	8997	6h, 12h, 8h, 4h	C6, NRK, PC_12, PK_15	***
LT934125.1	-	TC_1342	1342	9037	9059	22	20	7545.772876	0	0	1.67626513486108	9056	9037	9059	12h, 2h, 4h, 6h, 8h, 1.5h, 2.5h	C6, NRK, PC_12, PK_15	***
LT934125.1	-	TC_1343	1343	9088	9101	13	2	56.723463	0	0	0	9094	9088	9101	4h, 6h	PK_15	*
LT934125.1	-	TC_1344	1344	9126	9184	58	7	1061.106955	0	0	4.44955227767627	9145	9126	9184	6h, 8h, 12h, 2.5h, 4h	C6, NRK, PC_12, PK_15	***
LT934125.1	-	TC_1345	1345	9212	9218	4	15	2924.549715	0	0	3.56410361737783	9214	9214	9218	12h, 8h, 4h, 6h, 2h	C6, NRK, PC_12, PK_15	***
LT934125.1	-	TC_1346	1346	9259	9273	14	5	843.58222	0	0	0	9264	9259	9273	8h, 12h, 2h, 6h	C6, NRK, PC_12	**
LT934125.1	-	TC_1347	1347	9330	9370	40	10	997.516921	0	0	0	9350	9330	9370	8h, 12h, 4h, 6h	C6, NRK, PC_12, PK_15	***
LT934125.1	-	TC_1348	1348	9403	9457	54	7	3609.778161	0	0	1	9427	9403	9457	6h, 8h, 4h, 1h, 2h	C6, PC_12, PK_15	***
LT934125.1	-	TC_1349	1349	9489	9501	0	25	210392.944152	0	0	6.34323346184397	9494	9494	9494	12h, 1h, 2h, 4h, 6h, 8h, 1.5h, 2.5h	C6, NRK, PC_12, PK_15	***
LT934125.1	-	TC_1350	1350	9588	9601	13	15	2351.489266	0	0	6.662871091279	9590	9588	9601	12h, 6h, 8h, 4h	C6, NRK, PC_12, PK_15	***
LT934125.1	-	TC_1351	1351	9645	9649	4	4	784.654621	0	0	0	9646	9645	9649	8h, 2h, 6h	C6, PC_12	**
LT934125.1	-	TC_1352	1352	9754	9755	1	5	267.568224	0	0	0	9754	9754	9755	12h, 4h, 6h, 8h	C6, PC_12	**
LT934125.1	-	TC_1353	1353	9800	9800	0	1	31.95705	0	0	0	9800	9800	9800	8h	PC_12	*
LT934125.1	-	TC_1354	1354	9882	9893	8	13	2030.079598	0	0	6.74587074359326	9886	9885	9893	12h, 8h, 2h, 4h, 6h	C6, NRK, PC_12, PK_15	***
LT934125.1	-	TC_1355	1355	9964	9994	30	5	309.306475	0	0	2.57798233939873	9980	9964	9994	6h, 8h, 12h	C6, PC_12	**
LT934125.1	-	TC_1356	1356	10025	10041	9	7	1084.35516	0	0	5.02421225738452	10031	10025	10034	12h, 6h, 2.5h, 8h	C6, NRK, PC_12, PK_15	***
LT934125.1	-	TC_1357	1357	10059	10059	0	1	63.914099	0	0	0	10059	10059	10059	8h	PC_12	*
LT934125.1	-	TC_1358	1358	10267	10268	1	3	74.934116	0	0	0	10267	10267	10268	12h, 6h	C6, PC_12	*
LT934125.1	-	TC_1359	1359	10378	10400	22	2	167.93007	0	0	0	10389	10378	10400	6h, 8h	C6, NRK	*
LT934125.1	-	TC_1360	1360	10454	10454	0	1	31.95705	0	0	0	10454	10454	10454	8h	PC_12	*
LT934125.1	-	TC_1361	1361	10512	10512	0	1	86.244071	0	0	0	10512	10512	10512	6h	C6	*
LT934125.1	-	TC_1362	1362	11173	11173	0	1	31.95705	0	0	0	11173	11173	11173	8h	PC_12	
LT934125.1	-	TC_1363	1363	11389	11389	0	1	86.244071	0	0	0	11389	11389	11389	6h	C6	*
LT934125.1	-	TC_1364	1364	11434	11440	0	1	63.9141	2.8073549220576	2.8073549220576	2.8073549220576	11434	11434	11434	8h	PC_12	
LT934125.1	-	TC_1365	1365	11467	11490	23	2	118.201121	0	0	0	11478	11467	11490	6h, 8h	C6, PC_12	*
LT934125.1	-	TC_1366	1366	11552	11552	0	1	31.95705	0	0	0	11552	11552	11552	8h	PC_12	
LT934125.1	-	TC_1367	1367	11739	11743	4	3	589.727225	0	0	0	11740	11739	11743	4h, 8h	C6, PC_12	**
LT934125.1	-	TC_1368	1368	12372	12372	0	1	26.651031	0	0	0	12372	12372	12372	6h	PC_12	
LT934125.1	-	TC_1369	1369	12446	12446	0	1	86.244071	0	0	0	12446	12446	12446	6h	C6	
LT934125.1	-	TC_1370	1370	12704	12704	0	1	31.95705	0	0	0	12704	12704	12704	8h	PC_12	
LT934125.1	-	TC_1371	1371	12793	12793	0	1	2227.171492	0	0	0	12793	12793	12793	1h	PC_12	
LT934125.1	-	TC_1372	1372	12916	12921	5	2	96.1982	0	0	1.58496250072116	12918	12916	12921	8h	C6, PC_12	
LT934125.1	-	TC_1373	1373	13131	13131	0	1	31.95705	0	0	0	13131	13131	13131	8h	PC_12	
LT934125.1	-	TC_1374	1374	13185	13185	0	1	86.244071	0	0	0	13185	13185	13185	6h	C6	
LT934125.1	-	TC_1375	1375	13850	13851	1	2	59.58655	0	0	0	13850	13850	13851	8h, 12h	C6, PC_12	
LT934125.1	-	TC_1376	1376	13927	13939	12	4	213.241206	0	0	2.32192809488736	13935	13927	13939	12h, 8h	C6, PC_12	
LT934125.1	-	TC_1377	1377	13965	13965	0	1	86.244071	0	0	0	13965	13965	13965	6h	C6	
LT934125.1	-	TC_1378	1378	14013	14013	0	1	31.95705	0	0	0	14013	14013	14013	8h	PC_12	
LT934125.1	-	TC_1379	1379	14295	14297	0	3	131.518806	0	0	1.58496250072116	14295	14295	14295	12h, 6h, 8h	PC_12	
LT934125.1	-	TC_1380	1380	14421	14421	0	1	32.2841	0	0	0	14421	14421	14421	8h	C6	
LT934125.1	-	TC_1381	1381	14637	14637	0	1	20.980635	0	0	0	14637	14637	14637	12h	C6	*
LT934125.1	-	TC_1382	1382	15018	15018	0	1	20.476837	0	0	0	15018	15018	15018	12h	PC_12	*
LT934125.1	-	TC_1383	1383	15127	15130	3	4	159.658593	0	0	0	15129	15127	15130	12h, 6h, 8h	C6, PC_12	**
LT934125.1	-	TC_1384	1384	15373	15375	1	3	623.528237	0	0	1	15373	15373	15374	4h, 12h, 8h	C6, PC_12	**
LT934125.1	-	TC_1385	1385	15456	15467	7	4	372.267721	0	0	4.78572058789965	15463	15458	15465	12h, 6h, 8h	C6, PC_12	**
LT934125.1	-	TC_1386	1386	15578	15578	0	1	31.95705	0	0	0	15578	15578	15578	8h	PC_12	*
LT934125.1	-	TC_1387	1387	15639	15639	0	1	31.95705	0	0	0	15639	15639	15639	8h	PC_12	*
LT934125.1	-	TC_1388	1388	15826	15842	1	10	3836.627631	0	0	8.98080873526252	15834	15833	15834	12h, 1h, 2h, 8h, 4h, 6h	C6, PC_12, PK_15	***
LT934125.1	-	TC_1389	1389	15975	15975	0	1	31.95705	0	0	0	15975	15975	15975	8h	PC_12	*
LT934125.1	-	TC_1390	1390	16092	16092	0	2	72.910725	0	0	0	16092	16092	16092	12h, 8h	PC_12	*
LT934125.1	-	TC_1391	1391	16155	16165	0	6	388.426328	0	0	2.39819320791655	16164	16164	16164	12h, 8h, 6h	C6, PC_12, PK_15	**
LT934125.1	-	TC_1392	1392	16677	17047	247	20	22235.871398	0	0	37.273946735808	16858	16725	16972	12h, 4h, 6h, 8h, 1.5h, 2.5h, 2h	C6, NRK, PC_12, PK_15	***
LT934125.1	-	TC_1393	1393	17063	17159	96	17	7188.105049	0	0	11.6013688887841	17110	17063	17159	12h, 2h, 8h, 4h, 6h, 2.5h	C6, NRK, PC_12, PK_15	***
LT934125.1	-	TC_1394	1394	17183	17376	165	20	18185.528575	0	0	25.4461815012493	17328	17198	17363	12h, 1h, 4h, 6h, 8h, 2.5h, 2h	C6, NRK, PC_12, PK_15	***
LT934125.1	-	TC_1395	1395	17404	17405	1	2	1325.401444	0	0	0	17404	17404	17405	2h, 6h	C6	*
LT934125.1	-	TC_1396	1396	17440	17509	47	18	8088.710146	0	0	14.2382047520584	17464	17440	17487	12h, 1h, 4h, 6h, 8h, 1.5h, 2h	C6, NRK, PC_12, PK_15	***
LT934125.1	-	TC_1397	1397	17535	17601	47	15	3877.806498	0	0	9.96390214685911	17555	17538	17585	12h, 6h, 8h, 4h, 2.5h, 2h	C6, NRK, PC_12, PK_15	***
LT934125.1	-	TC_1398	1398	17619	17636	11	5	370.071942	0	0	8.05741865213094	17625	17619	17630	6h, 12h, 8h	C6, PC_12, PK_15	**
LT934125.1	-	TC_1399	1399	17664	17693	29	10	578.285454	0	0	4.09706862941342	17676	17664	17693	12h, 8h, 4h, 6h	C6, NRK, PC_12, PK_15	**
LT934125.1	-	TC_1400	1400	17723	17837	88	17	10457.285978	0	0	19.5097750251883	17754	17723	17811	12h, 1h, 4h, 6h, 8h, 1.5h, 2.5h	C6, NRK, PC_12, PK_15	***
LT934125.1	-	TC_1401	1401	17865	17908	40	6	344.636421	0	0	5.4594316186373	17878	17865	17905	12h, 8h, 4h, 6h	NRK, PC_12, PK_15	**
LT934125.1	-	TC_1402	1402	17960	17986	21	15	5549.014006	0	0	9.20345055923918	17977	17960	17981	12h, 1h, 4h, 6h, 8h, 2.5h	C6, NRK, PC_12, PK_15	***
LT934125.1	-	TC_1403	1403	18019	18168	142	15	4465.801729	0	0	16.0314614581692	18089	18019	18161	12h, 6h, 8h, 1h, 2.5h, 4h	C6, NRK, PC_12, PK_15	***
LT934125.1	-	TC_1404	1404	18190	18239	49	12	1551.986813	0	0	4.44955227767627	18214	18190	18239	12h, 6h, 8h, 2h, 4h	C6, NRK, PC_12, PK_15	***
LT934125.1	-	TC_1405	1405	18270	18281	6	7	782.127494	0	0	2.77563015203168	18271	18270	18276	12h, 8h, 2h, 6h	C6, NRK, PK_15	**
LT934125.1	-	TC_1406	1406	18325	18464	130	14	2186.697565	0	0	11.3337707530805	18391	18325	18455	12h, 6h, 8h, 4h, 2h	C6, NRK, PC_12, PK_15	***
LT934125.1	-	TC_1407	1407	18518	18571	53	11	735.83908	0	0	5.47427002468654	18541	18518	18571	6h, 8h, 12h, 4h	C6, NRK, PC_12, PK_15	**
LT934125.1	-	TC_1408	1408	18658	18693	35	7	333.783733	0	0	1.58496250072116	18676	18658	18693	6h, 8h, 12h	C6, NRK, PC_12, PK_15	**
LT934125.1	-	TC_1409	1409	18726	18826	100	10	1528.516164	0	0	0	18779	18726	18826	6h, 8h, 2.5h, 12h, 2h, 4h	C6, NRK, PC_12, PK_15	***
LT934125.1	-	TC_1410	1410	18857	18908	48	8	316.145759	0	0	1.62255624891827	18883	18857	18905	8h, 12h, 6h, 4h	C6, NRK, PC_12, PK_15	**
LT934125.1	-	TC_1411	1411	18960	18971	11	7	850.703399	0	0	0	18963	18960	18971	4h, 8h, 6h, 12h	C6, PC_12, PK_15	**
LT934125.1	-	TC_1412	1412	19008	19022	14	2	2294.07538	0	0	0	19015	19008	19022	8h, 1.5h	NRK, PC_12	*
LT934125.1	-	TC_1413	1413	19054	19063	0	1	53.302062	3.32192809488736	3.32192809488736	3.32192809488736	19054	19054	19054	6h	PC_12	*
LT934125.1	-	TC_1414	1414	19081	19081	0	1	86.244071	0	0	0	19081	19081	19081	6h	C6	*
LT934125.1	-	TC_1415	1415	19130	19130	0	1	81.685999	0	0	0	19130	19130	19130	8h	NRK	*
LT934125.1	-	TC_1416	1416	19157	19157	0	3	129.024264	0	0	0	19157	19157	19157	6h	C6, PC_12, PK_15	*
LT934125.1	-	TC_1417	1417	19204	19204	0	1	81.685999	0	0	0	19204	19204	19204	8h	NRK	*
LT934125.1	-	TC_1418	1418	19267	19267	0	1	26.651031	0	0	0	19267	19267	19267	6h	PC_12	*
LT934125.1	-	TC_1419	1419	19293	19293	0	2	49.881891	0	0	0	19293	19293	19293	12h, 8h	NRK, PC_12	*
LT934125.1	-	TC_1420	1420	19318	19363	45	6	216.529246	0	0	0	19344	19318	19363	6h, 12h, 8h, 4h	C6, NRK, PC_12, PK_15	**
LT934125.1	-	TC_1421	1421	19410	19419	9	2	99.763781	0	0	0	19414	19410	19419	12h, 8h	NRK, PC_12	*
LT934125.1	-	TC_1422	1422	19464	19477	4	25	164584.983442	0	0	4.06733970598925	19471	19469	19473	12h, 1h, 2h, 4h, 6h, 8h, 1.5h, 2.5h	C6, NRK, PC_12, PK_15	***
LT934125.1	-	TC_1423	1423	19514	19542	28	6	1812.95421	0	0	2.8073549220576	19526	19514	19542	12h, 1h, 6h, 4h, 8h	C6, PK_15	***
LT934125.1	-	TC_1424	1424	19624	19624	0	5	179.095909	0	0	0	19624	19624	19624	12h, 4h, 6h, 8h	C6, NRK, PC_12, PK_15	**
LT934125.1	-	TC_1425	1425	19705	19710	0	1	95.871149	2.37376030458694	2.37376030458694	2.37376030458694	19705	19705	19705	8h	PC_12	*
LT934125.1	-	TC_1426	1426	19730	19730	0	1	81.685999	0	0	0	19730	19730	19730	8h	NRK	*
LT934125.1	-	TC_1427	1427	19827	19827	0	1	31.95705	0	0	0	19827	19827	19827	8h	PC_12	*
LT934125.1	-	TC_1428	1428	19894	19894	0	1	26.651031	0	0	0	19894	19894	19894	6h	PC_12	*
LT934125.1	-	TC_1429	1429	19919	19926	7	2	167.93007	0	0	0	19922	19919	19926	6h, 8h	C6, NRK	*
LT934125.1	-	TC_1430	1430	19951	19951	0	1	32.2841	0	0	0	19951	19951	19951	8h	C6	*
LT934125.1	-	TC_1431	1431	20022	20026	4	2	118.528171	0	0	0	20024	20022	20026	6h, 8h	C6	*
LT934125.1	-	TC_1432	1432	20215	20215	0	1	86.244071	0	0	0	20215	20215	20215	6h	C6	*
LT934125.1	-	TC_1433	1433	20355	20357	0	1	64.5682	1.58496250072116	1.58496250072116	1.58496250072116	20355	20355	20355	8h	C6	*
LT934125.1	-	TC_1434	1434	20555	20555	0	1	81.685999	0	0	0	20555	20555	20555	8h	NRK	*
LT934125.1	-	TC_1435	1435	20590	20590	0	1	86.244071	0	0	0	20590	20590	20590	6h	C6	*
LT934125.1	-	TC_1436	1436	20706	20706	0	1	81.685999	0	0	0	20706	20706	20706	8h	NRK	*
LT934125.1	-	TC_1437	1437	20795	20795	0	1	26.651031	0	0	0	20795	20795	20795	6h	PC_12	*
LT934125.1	-	TC_1438	1438	20949	20949	0	1	86.244071	0	0	0	20949	20949	20949	6h	C6	*
LT934125.1	-	TC_1439	1439	21206	21206	0	1	32.2841	0	0	0	21206	21206	21206	8h	C6	*
LT934125.1	-	TC_1440	1440	21233	21233	0	1	31.95705	0	0	0	21233	21233	21233	8h	PC_12	*
LT934125.1	-	TC_1441	1441	21420	21426	6	3	199.88712	0	0	0	21424	21420	21426	6h, 8h	C6, NRK, PC_12	**
LT934125.1	-	TC_1442	1442	21469	21480	9	12	1648.714847	0	0	3	21474	21471	21480	12h, 4h, 6h, 8h, 2h	C6, NRK, PC_12, PK_15	***
LT934125.1	-	TC_1443	1443	21536	21536	0	1	26.651031	0	0	0	21536	21536	21536	6h	PC_12	*
LT934125.1	-	TC_1444	1444	21596	21605	9	7	1526.706254	0	0	0	21599	21596	21605	2h, 8h, 4h, 6h	C6, PC_12, PK_15	***
LT934125.1	-	TC_1445	1445	21638	21644	6	8	1351.701082	0	0	0	21640	21638	21644	12h, 6h, 8h, 2h, 4h	C6, NRK, PC_12, PK_15	***
LT934125.1	-	TC_1446	1446	21674	21826	75	16	8113.920545	0	0	15.8025835763115	21709	21674	21749	8h, 12h, 4h, 6h, 1.5h, 2.5h, 2h	C6, NRK, PC_12, PK_15	***
LT934125.1	-	TC_1447	1447	21857	21955	84	22	27330.894222	0	0	14.9983357523177	21924	21857	21941	12h, 2h, 6h, 8h, 4h, 1.5h, 2.5h, 1h	C6, NRK, PC_12, PK_15	***
LT934125.1	-	TC_1448	1448	21974	21974	0	1	2227.171492	0	0	0	21974	21974	21974	1h	PC_12	*
LT934125.1	-	TC_1449	1449	22012	22088	56	9	1142.964315	0	0	6	22045	22012	22068	8h, 12h, 4h, 6h	C6, NRK, PC_12, PK_15	***
LT934125.1	-	TC_1450	1450	22120	22220	100	14	7783.031842	0	0	15.2512533029673	22176	22120	22220	6h, 8h, 12h, 1h, 2h, 4h	C6, NRK, PC_12, PK_15	***
LT934125.1	-	TC_1451	1451	22247	22285	38	10	7082.486348	0	0	2.00410389044069	22270	22247	22285	1h, 6h, 12h, 1.5h, 4h, 8h	C6, NRK, PC_12, PK_15	***
LT934125.1	-	TC_1452	1452	22310	22310	0	1	31.95705	0	0	0	22310	22310	22310	8h	PC_12	*
LT934125.1	-	TC_1453	1453	22336	22469	115	19	8681.822198	0	0	17.7277187946385	22395	22343	22458	12h, 4h, 6h, 8h, 1h, 2.5h, 2h	C6, NRK, PC_12, PK_15	***
LT934125.1	-	TC_1454	1454	22497	22517	20	3	1128.899962	0	0	0	22508	22497	22517	2.5h, 6h, 2h	PC_12, PK_15	**
LT934125.1	-	TC_1455	1455	22543	22565	22	6	979.829415	0	0	2.8073549220576	22556	22543	22565	6h, 8h, 12h, 2.5h	C6, NRK, PC_12	**
LT934125.1	-	TC_1456	1456	22598	22633	35	8	777.525545	0	0	8.79686882955892	22614	22598	22633	12h, 6h, 8h, 4h	C6, NRK, PC_12, PK_15	**
LT934125.1	-	TC_1457	1457	22658	22661	3	5	336.27767	0	0	0	22660	22658	22661	12h, 8h, 6h, 4h	C6, NRK, PC_12, PK_15	**
LT934125.1	-	TC_1458	1458	22691	22706	15	3	1202.680055	0	0	2.75488750216347	22699	22691	22706	4h, 2h, 6h	PC_12, PK_15	**
LT934125.1	-	TC_1459	1459	22775	22814	39	6	2234.951731	0	0	0.918295829885378	22794	22775	22814	1h, 4h, 6h, 8h	C6, PC_12, PK_15	***
LT934125.1	-	TC_1460	1460	22864	22873	9	4	113.248784	0	0	0	22868	22864	22873	8h, 12h	C6, NRK, PC_12, PK_15	*
LT934125.1	-	TC_1461	1461	22898	22924	26	4	628.440986	0	0	0	22912	22898	22924	6h, 2h, 4h	C6, PC_12, PK_15	**
LT934125.1	-	TC_1462	1462	22969	23021	52	9	3726.389487	0	0	0	22993	22969	23021	1h, 4h, 8h, 12h, 2.5h, 2h, 6h	C6, NRK, PC_12	***
LT934125.1	-	TC_1463	1463	23047	23054	7	3	173.259851	0	0	0	23049	23047	23054	8h, 4h	C6, PC_12, PK_15	**
LT934125.1	-	TC_1464	1464	23114	23114	0	1	362.056481	0	0	0	23114	23114	23114	2h	PK_15	*
LT934125.1	-	TC_1465	1465	23144	23164	20	3	589.727225	0	0	0	23153	23144	23164	4h, 8h	C6, PC_12	**
LT934125.1	-	TC_1466	1466	23257	23257	0	1	2227.171492	0	0	0	23257	23257	23257	1h	PC_12	*
LT934125.1	-	TC_1467	1467	23327	23327	0	1	26.651031	0	0	0	23327	23327	23327	6h	PC_12	*
LT934125.1	-	TC_1468	1468	23357	23359	0	1	724.112962	1.58496250072116	1.58496250072116	1.58496250072116	23357	23357	23357	2h	PK_15	*
LT934125.1	-	TC_1469	1469	23428	23428	0	3	881.168201	0	0	0	23428	23428	23428	2.5h, 4h	PC_12, PK_15	**
LT934125.1	-	TC_1470	1470	23468	23589	121	7	1485.578511	0	0	10.388777537554	23521	23468	23589	6h, 8h, 2h, 4h	C6, PC_12, PK_15	***
LT934125.1	-	TC_1471	1471	23614	23614	0	1	1540.832049	0	0	0	23614	23614	23614	1h	C6	*
LT934125.1	-	TC_1472	1472	23660	23660	0	2	113.472701	0	0	0	23660	23660	23660	8h, 4h	C6, PK_15	*
LT934125.1	-	TC_1473	1473	23708	23708	0	1	17.924841	0	0	0	23708	23708	23708	12h	NRK	*
LT934125.1	-	TC_1474	1474	23741	23741	0	1	26.651031	0	0	0	23741	23741	23741	6h	PC_12	*
LT934125.1	-	TC_1475	1475	23789	23789	0	1	86.244071	0	0	0	23789	23789	23789	6h	C6	*
LT934125.1	-	TC_1476	1476	23819	23825	6	2	388.707512	0	0	0	23822	23819	23825	6h, 2h	PC_12, PK_15	*
LT934125.1	-	TC_1477	1477	23858	23871	13	2	118.528171	0	0	0	23864	23858	23871	6h, 8h	C6	*
LT934125.1	-	TC_1478	1478	23936	23951	15	2	153.683513	0	0	0	23944	23936	23951	4h, 6h	PC_12	*
LT934125.1	-	TC_1479	1479	23978	23992	14	2	249.616069	0	0	0	23985	23978	23992	6h, 8h	C6, NRK	*
LT934125.1	-	TC_1480	1480	24028	24033	5	2	72.551351	0	0	0	24030	24028	24033	8h, 4h	PC_12, PK_15	*
LT934125.1	-	TC_1481	1481	24172	24172	0	1	26.651031	0	0	0	24172	24172	24172	6h	PC_12	*
LT934125.1	-	TC_1482	1482	24211	24217	0	1	64.5682	2.8073549220576	2.8073549220576	2.8073549220576	24211	24211	24211	8h	C6	*
LT934125.1	-	TC_1483	1483	24297	24297	0	1	134.535181	0	0	0	24297	24297	24297	6h	NRK	*
LT934125.1	-	TC_1484	1484	24353	24353	0	1	81.685999	0	0	0	24353	24353	24353	8h	NRK	*
LT934125.1	-	TC_1485	1485	24411	24434	23	4	226.865201	0	0	0	24426	24411	24434	6h, 8h	C6, NRK, PC_12	**
LT934125.1	-	TC_1486	1486	24497	24518	21	2	113.970099	0	0	0	24508	24497	24518	8h	C6, NRK	*
LT934125.1	-	TC_1487	1487	24575	24575	0	1	32.2841	0	0	0	24575	24575	24575	8h	C6	*
LT934125.1	-	TC_1488	1488	24658	24658	0	1	81.685999	0	0	0	24658	24658	24658	8h	NRK	*
LT934125.1	-	TC_1489	1489	24683	24728	45	5	217.730553	0	0	0	24704	24683	24728	6h, 8h, 4h	C6, PC_12, PK_15	**
LT934125.1	-	TC_1490	1490	24964	24964	0	1	32258.064516	0	0	0	24964	24964	24964	0.5h	PC_12	*
LT934125.1	-	TC_1491	1491	25043	25043	0	1	32.2841	0	0	0	25043	25043	25043	8h	C6	*
LT934125.1	-	TC_1492	1492	25102	25102	0	1	86.244071	0	0	0	25102	25102	25102	6h	C6	*
LT934125.1	-	TC_1493	1493	25188	25192	4	2	126.838372	0	0	0	25190	25188	25192	6h, 4h	C6, PK_15	*
LT934125.1	-	TC_1494	1494	25229	25234	3	14	3512.579213	0	0	2.32192809488736	25232	25229	25232	12h, 1h, 6h, 8h, 4h	C6, NRK, PC_12, PK_15	***
LT934125.1	-	TC_1495	1495	25273	25273	0	1	31.95705	0	0	0	25273	25273	25273	8h	PC_12	*
LT934125.1	-	TC_1496	1496	25298	25320	6	21	37322.380865	0	0	6.23699971548526	25313	25310	25316	12h, 1h, 2h, 6h, 8h, 4h, 2.5h	C6, NRK, PC_12, PK_15	***
LT934125.1	-	TC_1497	1497	25363	25363	0	1	31.95705	0	0	0	25363	25363	25363	8h	PC_12	*
LT934125.1	-	TC_1498	1498	25576	25576	0	1	31.95705	0	0	0	25576	25576	25576	8h	PC_12	*
LT934125.1	-	TC_1499	1499	25601	25602	0	1	53.302062	1	1	1	25601	25601	25601	6h	PC_12	*
LT934125.1	-	TC_1500	1500	25640	25640	0	1	31.95705	0	0	0	25640	25640	25640	8h	PC_12	*
LT934125.1	-	TC_1501	1501	25766	25788	22	2	64.24115	0	0	0	25777	25766	25788	8h	C6, PC_12	*
LT934125.1	-	TC_1502	1502	25824	25824	0	1	86.244071	0	0	0	25824	25824	25824	6h	C6	
LT934125.1	-	TC_1503	1503	25901	25901	0	1	32.2841	0	0	0	25901	25901	25901	8h	C6	
LT934125.1	-	TC_1504	1504	25961	25961	0	2	127.032481	0	0	0	25961	25961	25961	4h, 6h	PC_12	*
LT934125.1	-	TC_1505	1505	26238	26240	0	1	53.302062	1.58496250072116	1.58496250072116	1.58496250072116	26238	26238	26238	6h	PC_12	*
LT934125.1	-	TC_1506	1506	26315	26315	0	1	100.38145	0	0	0	26315	26315	26315	4h	PC_12	
LT934125.1	-	TC_1507	1507	26404	26404	0	1	26.651031	0	0	0	26404	26404	26404	6h	PC_12	*
LT934125.1	-	TC_1508	1508	26456	26456	0	1	31.95705	0	0	0	26456	26456	26456	8h	PC_12	*
LT934125.1	-	TC_1509	1509	26655	26657	2	2	67.245332	0	0	0	26656	26655	26657	6h, 4h	PC_12, PK_15	*
LT934125.1	-	TC_1510	1510	26768	26768	0	1	31.95705	0	0	0	26768	26768	26768	8h	PC_12	*
LT934125.1	-	TC_1511	1511	26878	26878	0	1	81.685999	0	0	0	26878	26878	26878	8h	NRK	*
LT934125.1	-	TC_1512	1512	26925	26925	0	1	20.980635	0	0	0	26925	26925	26925	12h	C6	*
LT934125.1	-	TC_1513	1513	27113	27113	0	1	31.95705	0	0	0	27113	27113	27113	8h	PC_12	*
LT934125.1	-	TC_1514	1514	27236	27248	12	2	132.66555	0	0	0	27242	27236	27248	8h, 4h	C6, PC_12	*
LT934125.1	-	TC_1515	1515	27359	27377	18	2	67.245332	0	0	0	27368	27359	27377	6h, 4h	PC_12, PK_15	*
LT934125.1	-	TC_1516	1516	27617	27617	0	2	45.899021	0	0	0	27617	27617	27617	12h	C6, NRK	*
LT934125.1	-	TC_1517	1517	27755	27761	6	6	349.551788	0	0	1.58496250072116	27760	27755	27761	12h, 8h, 4h	C6, NRK, PC_12, PK_15	**
LT934125.1	-	TC_1518	1518	28410	28410	0	1	81.685999	0	0	0	28410	28410	28410	8h	NRK	*
LT934125.1	-	TC_1519	1519	28538	28848	242	17	9374.872865	0	0	31.6699237114182	28648	28550	28792	12h, 6h, 8h, 4h, 2.5h, 2h	C6, NRK, PC_12, PK_15	***
LT934125.1	-	TC_1520	1520	28882	28990	101	14	1657.215997	0	0	19.6932121272068	28918	28882	28983	12h, 6h, 8h, 4h	C6, NRK, PC_12, PK_15	***
LT934125.1	-	TC_1521	1521	29015	29015	0	1	740.19245	0	0	0	29015	29015	29015	2.5h	PC_12	*
LT934125.1	-	TC_1522	1522	29029	29087	28	15	4760.865427	0	0	10.5205114300874	29048	29040	29068	12h, 4h, 6h, 8h, 1.5h	C6, NRK, PC_12, PK_15	***
LT934125.1	-	TC_1523	1523	29106	29161	45	11	1196.984023	0	0	8.41904345359057	29131	29116	29161	12h, 4h, 6h, 8h	C6, NRK, PC_12, PK_15	***
LT934125.1	-	TC_1524	1524	29197	29238	41	7	1200.201743	0	0	0	29216	29197	29238	12h, 6h, 8h, 4h, 2h	C6, NRK, PC_12, PK_15	***
LT934125.1	-	TC_1525	1525	29263	29372	33	15	6194.582755	0	0	17.9691388206858	29290	29283	29316	12h, 6h, 8h, 1.5h, 4h, 2h	C6, NRK, PC_12, PK_15	***
LT934125.1	-	TC_1526	1526	29403	29424	10	23	460327.361132	3.01164620046543	3.01164620046543	7.32119377047409	29412	29404	29414	12h, 1h, 2h, 4h, 6h, 8h, 1.5h, 2.5h	C6, NRK, PC_12, PK_15	***
LT934125.1	-	TC_1527	1527	29505	29514	2	14	3521.680519	0	0	4.09706862941342	29507	29505	29507	12h, 6h, 8h, 4h	C6, NRK, PC_12, PK_15	***
LT934125.1	-	TC_1528	1528	29561	29572	11	7	230.72029	0	0	0	29570	29561	29572	6h, 8h, 12h	C6, NRK, PC_12, PK_15	**
LT934125.1	-	TC_1529	1529	29636	29686	50	8	342.489816	0	0	5.26513146048854	29662	29636	29686	12h, 8h, 6h, 4h	C6, NRK, PC_12, PK_15	**
LT934125.1	-	TC_1530	1530	29736	29778	42	4	285.142554	0	0	3.32192809488736	29754	29736	29778	6h, 8h	C6, PC_12, PK_15	**
LT934125.1	-	TC_1531	1531	29818	29831	3	4	237.674617	0	0	5.18914741173035	29829	29828	29831	12h, 6h, 8h, 4h	NRK, PC_12, PK_15	**
LT934125.1	-	TC_1532	1532	29866	29869	3	2	72.878401	0	0	0	29868	29866	29869	8h, 4h	C6, PK_15	*
LT934125.1	-	TC_1533	1533	29898	29898	0	1	26.651031	0	0	0	29898	29898	29898	6h	PC_12	*
LT934125.1	-	TC_1534	1534	29972	30000	26	6	365.957974	0	0	2.32192809488736	29985	29972	29998	6h, 12h, 8h	C6, NRK, PC_12, PK_15	**
LT934125.1	-	TC_1535	1535	30028	30040	12	2	112.895102	0	0	0	30034	30028	30040	6h	C6, PC_12	*
LT934125.1	-	TC_1536	1536	30136	30141	5	2	118.528171	0	0	0	30138	30136	30141	6h, 8h	C6	*
LT934125.1	-	TC_1537	1537	30215	30249	34	3	172.932801	0	0	0	30231	30215	30249	4h, 8h	PC_12, PK_15	**
LT934125.1	-	TC_1538	1538	30274	30274	0	1	32.2841	0	0	0	30274	30274	30274	8h	C6	*
LT934125.1	-	TC_1539	1539	30306	30306	0	1	26.651031	0	0	0	30306	30306	30306	6h	PC_12	*
LT934125.1	-	TC_1540	1540	30349	30349	0	5	205.215602	0	0	0	30349	30349	30349	12h, 8h, 4h, 6h	C6, NRK, PC_12	**
LT934125.1	-	TC_1541	1541	30389	30389	0	1	100.38145	0	0	0	30389	30389	30389	4h	PC_12	*
LT934125.1	-	TC_1542	1542	30425	30446	21	2	112.895102	0	0	0	30436	30425	30446	6h	C6, PC_12	*
LT934125.1	-	TC_1543	1543	30551	30578	27	6	2378.55318	0	0	0	30568	30551	30578	1h, 6h, 8h, 4h	C6, NRK, PC_12	***
LT934125.1	-	TC_1544	1544	30719	30719	0	1	31.95705	0	0	0	30719	30719	30719	8h	PC_12	*
LT934125.1	-	TC_1545	1545	30812	30822	10	3	130.819943	0	0	0	30818	30812	30822	6h, 12h	C6, NRK, PC_12	*
LT934125.1	-	TC_1546	1546	30851	30851	0	1	525.486075	0	0	0	30851	30851	30851	4h	C6	*
LT934125.1	-	TC_1547	1547	30873	30882	0	14	5548.872041	0	0	6.38450693873084	30877	30877	30877	12h, 6h, 8h, 4h	C6, NRK, PC_12, PK_15	***
LT934125.1	-	TC_1548	1548	30918	30918	0	1	40.594301	0	0	0	30918	30918	30918	4h	PK_15	*
LT934125.1	-	TC_1549	1549	30987	30987	0	1	31.95705	0	0	0	30987	30987	30987	8h	PC_12	*
LT934125.1	-	TC_1550	1550	31037	31043	6	9	681.502641	0	0	2.37376028482232	31041	31037	31043	12h, 8h, 6h, 4h	C6, NRK, PC_12, PK_15	**
LT934125.1	-	TC_1551	1551	31087	31087	0	1	31.95705	0	0	0	31087	31087	31087	8h	PC_12	*
LT934125.1	-	TC_1552	1552	31125	31145	20	4	185.773503	0	0	0	31134	31125	31145	6h, 8h, 4h	C6, PC_12, PK_15	**
LT934125.1	-	TC_1553	1553	31190	31202	12	4	1655.200246	0	0	2.13221688390993	31197	31190	31202	12h, 1h, 8h	C6, PC_12	**
LT934125.1	-	TC_1554	1554	31323	31323	0	2	121.362085	0	0	0	31323	31323	31323	12h, 4h	C6, PC_12	*
LT934125.1	-	TC_1555	1555	31363	31372	9	2	72.551351	0	0	0	31368	31363	31372	8h, 4h	PC_12, PK_15	*
LT934125.1	-	TC_1556	1556	31423	31432	9	2	104.5084	0	0	0	31428	31423	31432	8h, 4h	PC_12, PK_15	*
LT934125.1	-	TC_1557	1557	31504	31510	1	6	1501.362138	0	0	2.58496250072116	31505	31504	31505	12h, 2h, 6h, 8h	C6, PC_12, PK_15	***
LT934125.1	-	TC_1558	1558	31561	31564	3	2	64.24115	0	0	0	31562	31561	31564	8h	C6, PC_12	*
LT934125.1	-	TC_1559	1559	31808	31825	17	7	1021.540119	0	0	3.16992500144231	31817	31808	31825	12h, 8h, 2h, 4h, 6h	C6, PC_12	***
LT934125.1	-	TC_1560	1560	32128	32128	0	1	86.244071	0	0	0	32128	32128	32128	6h	C6	*
LT934125.1	-	TC_1561	1561	32176	32176	0	1	134.535181	0	0	0	32176	32176	32176	6h	NRK	*
LT934125.1	-	TC_1562	1562	32216	32216	0	1	20.476837	0	0	0	32216	32216	32216	12h	PC_12	*
LT934125.1	-	TC_1563	1563	32336	32336	0	1	26.651031	0	0	0	32336	32336	32336	6h	PC_12	*
LT934125.1	-	TC_1564	1564	32362	32374	4	8	371.179813	0	0	4.75488751456263	32370	32370	32374	12h, 6h, 8h	C6, NRK, PC_12, PK_15	**
LT934125.1	-	TC_1565	1565	32784	32784	0	2	699.068458	0	0	0	32784	32784	32784	2h, 8h	PC_12	*
LT934125.1	-	TC_1566	1566	32828	32850	0	13	3926.62242	0	0	3.92719572374286	32842	32842	32842	12h, 6h, 8h, 4h	C6, NRK, PC_12, PK_15	***
LT934125.1	-	TC_1567	1567	32888	32979	90	16	4791.250845	0	0	11.6749612034873	32932	32888	32978	12h, 8h, 4h, 6h, 1.5h, 2h	C6, NRK, PC_12, PK_15	***
LT934125.1	-	TC_1568	1568	33015	33065	50	10	3390.29278	0	0	0	33040	33015	33065	6h, 8h, 12h, 1h, 2.5h	C6, NRK, PC_12, PK_15	***
LT934125.1	-	TC_1569	1569	33110	33139	29	4	282.041497	0	0	0	33123	33110	33139	6h, 8h, 4h, 12h	C6, NRK, PC_12, PK_15	**
LT934125.1	-	TC_1570	1570	33173	33182	9	2	48.413262	0	0	0	33178	33173	33182	8h, 6h	C6, PK_15	*
LT934125.1	-	TC_1571	1571	33212	33365	141	16	5538.746156	0	0	19.926695305022	33300	33215	33356	12h, 6h, 8h, 1h, 2.5h, 2h, 4h	C6, NRK, PC_12, PK_15	***
LT934125.1	-	TC_1572	1572	33397	33437	40	8	1048.435168	0	0	2.32192809488736	33412	33397	33437	12h, 6h, 8h, 2h, 4h	NRK, PC_12, PK_15	***
LT934125.1	-	TC_1573	1573	33471	33487	9	4	229.319994	0	0	3.16992500144231	33477	33471	33480	8h, 12h, 6h	C6, NRK, PC_12	**
LT934125.1	-	TC_1574	1574	33505	33505	0	1	2212.389381	0	0	0	33505	33505	33505	1.5h	PC_12	*
LT934125.1	-	TC_1575	1575	33533	33536	3	3	90.892181	0	0	0	33534	33533	33536	8h, 6h	C6, PC_12	*
LT934125.1	-	TC_1576	1576	33566	33688	86	8	786.267915	0	0	12.1749256825007	33612	33566	33652	6h, 8h, 12h, 2h, 4h	C6, NRK, PC_12, PK_15	**
LT934125.1	-	TC_1577	1577	33740	33745	5	2	113.643049	0	0	0	33742	33740	33745	8h	NRK, PC_12	*
LT934125.1	-	TC_1578	1578	33782	33898	114	11	5304.308758	0	0	17.7596351664007	33827	33782	33896	1h, 6h, 8h, 12h, 4h, 2h	C6, NRK, PC_12, PK_15	***
LT934125.1	-	TC_1579	1579	33928	33955	19	8	476.010883	0	0	3.16992500144231	33942	33928	33947	12h, 6h, 8h, 4h	C6, NRK, PC_12, PK_15	**
LT934125.1	-	TC_1580	1580	33997	34000	3	2	394.013531	0	0	0	33998	33997	34000	8h, 2h	PC_12, PK_15	*
LT934125.1	-	TC_1581	1581	34031	34097	60	14	2245.495243	0	0	4.86157821674648	34080	34031	34091	12h, 2h, 8h, 6h, 4h	C6, NRK, PC_12, PK_15	***
LT934125.1	-	TC_1582	1582	34124	34139	15	2	166.492231	0	0	0	34132	34124	34139	6h, 8h	NRK, PC_12	*
LT934125.1	-	TC_1583	1583	34175	34175	0	4	32404.566867	0	0	0	34175	34175	34175	12h, 6h, 8h, 0.5h	C6, PC_12	**
LT934125.1	-	TC_1584	1584	34246	34246	0	1	525.486075	0	0	0	34246	34246	34246	4h	C6	*
LT934125.1	-	TC_1585	1585	34273	34273	0	1	32.2841	0	0	0	34273	34273	34273	8h	C6	*
LT934125.1	-	TC_1586	1586	34327	34345	18	4	158.545971	0	0	0	34337	34327	34345	8h, 12h, 6h	C6, NRK, PC_12	**
LT934125.1	-	TC_1587	1587	34379	34379	0	1	31.95705	0	0	0	34379	34379	34379	8h	PC_12	*
LT934125.1	-	TC_1588	1588	34405	34480	26	25	69716.903677	0	0	15.755027910413	34474	34452	34478	12h, 1h, 2h, 4h, 6h, 8h, 1.5h, 2.5h	C6, NRK, PC_12, PK_15	***
LT934125.1	-	TC_1589	1589	34558	34594	36	3	85.170173	0	0	0	34574	34558	34594	12h, 6h, 4h	NRK, PC_12, PK_15	*
LT934125.1	-	TC_1590	1590	34955	34955	0	1	26.651031	0	0	0	34955	34955	34955	6h	PC_12	*
LT934125.1	-	TC_1591	1591	35174	35225	47	6	247.680228	0	0	2.32192809488736	35205	35174	35221	12h, 8h, 6h	C6, NRK, PC_12	**
LT934125.1	-	TC_1592	1592	35366	35366	0	1	31.95705	0	0	0	35366	35366	35366	8h	PC_12	*
LT934125.1	-	TC_1593	1593	35441	35441	0	1	667.111408	0	0	0	35441	35441	35441	2h	PC_12	*
LT934125.1	-	TC_1594	1594	35570	35570	0	1	31.95705	0	0	0	35570	35570	35570	8h	PC_12	*
LT934125.1	-	TC_1595	1595	35605	35605	0	1	26.651031	0	0	0	35605	35605	35605	6h	PC_12	*
LT934125.1	-	TC_1596	1596	35744	35794	39	4	1277.856595	0	0	5.6724253419715	35767	35744	35783	4h, 2h, 6h, 8h	C6, PC_12	**
LT934125.1	-	TC_1597	1597	35916	35916	0	1	26.651031	0	0	0	35916	35916	35916	6h	PC_12	*
LT934125.1	-	TC_1598	1598	36094	36094	0	1	40.594301	0	0	0	36094	36094	36094	4h	PK_15	*
LT934125.1	-	TC_1599	1599	36224	36224	0	1	26.651031	0	0	0	36224	36224	36224	6h	PC_12	*
LT934125.1	-	TC_1600	1600	36380	36397	17	2	58.608081	0	0	0	36388	36380	36397	6h, 8h	PC_12	*
LT934125.1	-	TC_1601	1601	36431	36431	0	1	86.244071	0	0	0	36431	36431	36431	6h	C6	*
LT934125.1	-	TC_1602	1602	36878	36878	0	1	525.486075	0	0	0	36878	36878	36878	4h	C6	*
LT934125.1	-	TC_1603	1603	36988	36988	0	1	40.594301	0	0	0	36988	36988	36988	4h	PK_15	*
LT934125.1	-	TC_1604	1604	37065	37065	0	1	31.95705	0	0	0	37065	37065	37065	8h	PC_12	*
LT934125.1	-	TC_1605	1605	37198	37207	9	2	58.608081	0	0	0	37202	37198	37207	6h, 8h	PC_12	*
LT934125.1	-	TC_1606	1606	37250	37250	0	1	26.651031	0	0	0	37250	37250	37250	6h	PC_12	*
LT934125.1	-	TC_1607	1607	37460	37460	0	1	31.95705	0	0	0	37460	37460	37460	8h	PC_12	*
LT934125.1	-	TC_1608	1608	37550	37550	0	2	48.413262	0	0	0	37550	37550	37550	8h, 6h	C6, PK_15	*
LT934125.1	-	TC_1609	1609	37833	37833	0	1	86.244071	0	0	0	37833	37833	37833	6h	C6	*
LT934125.1	-	TC_1610	1610	38237	38237	0	1	32.2841	0	0	0	38237	38237	38237	8h	C6	*
LT934125.1	-	TC_1611	1611	38386	38386	0	1	31.95705	0	0	0	38386	38386	38386	8h	PC_12	*
LT934125.1	-	TC_1612	1612	38752	38752	0	1	40.594301	0	0	0	38752	38752	38752	4h	PK_15	*
LT934125.1	-	TC_1613	1613	38839	38839	0	1	31.95705	0	0	0	38839	38839	38839	8h	PC_12	*
LT934125.1	-	TC_1614	1614	39068	39068	0	1	86.244071	0	0	0	39068	39068	39068	6h	C6	*
LT934125.1	-	TC_1615	1615	39296	39296	0	1	31.95705	0	0	0	39296	39296	39296	8h	PC_12	*
LT934125.1	-	TC_1616	1616	40280	40280	0	1	81.685999	0	0	0	40280	40280	40280	8h	NRK	*
LT934125.1	-	TC_1617	1617	40960	40960	0	1	32.2841	0	0	0	40960	40960	40960	8h	C6	*
LT934125.1	-	TC_1618	1618	41171	41171	0	1	86.244071	0	0	0	41171	41171	41171	6h	C6	*
LT934125.1	-	TC_1619	1619	41377	41377	0	1	32.2841	0	0	0	41377	41377	41377	8h	C6	
LT934125.1	-	TC_1620	1620	41655	41655	0	2	52.937685	0	0	0	41655	41655	41655	12h, 8h	C6, PC_12	*
LT934125.1	-	TC_1621	1621	41992	41997	0	14	4924.18826	0	0	2.61859332980759	41995	41995	41995	12h, 4h, 6h, 8h	C6, NRK, PC_12, PK_15	***
LT934125.1	-	TC_1622	1622	42111	42111	0	1	31.95705	0	0	0	42111	42111	42111	8h	PC_12	*
LT934125.1	-	TC_1623	1623	42141	42157	16	4	83.84373	0	0	0	42148	42141	42157	8h, 12h	C6, NRK, PC_12, PK_15	*
LT934125.1	-	TC_1624	1624	42204	42224	20	3	193.379493	0	0	0	42211	42204	42224	12h, 6h, 8h	NRK, PC_12	**
LT934125.1	-	TC_1625	1625	42252	42270	18	2	96.198199	0	0	0	42261	42252	42270	8h	C6, PC_12	*
LT934125.1	-	TC_1626	1626	42364	42364	0	1	31.95705	0	0	0	42364	42364	42364	8h	PC_12	*
LT934125.1	-	TC_1627	1627	42389	42458	58	9	501.204191	0	0	5.97727992349992	42407	42389	42447	12h, 6h, 8h, 4h	C6, NRK, PC_12, PK_15	**
LT934125.1	-	TC_1628	1628	42483	42582	57	8	533.576148	0	0	10.4482854737269	42522	42492	42549	6h, 8h, 12h, 4h	C6, NRK, PC_12, PK_15	**
LT934125.1	-	TC_1629	1629	42608	42641	33	7	2625.260258	0	0	1.94190118890934	42629	42608	42641	8h, 6h, 1h, 4h	C6, NRK, PC_12, PK_15	***
LT934125.1	-	TC_1630	1630	42693	42713	15	7	1015.726471	0	0	2.58496250072116	42704	42693	42708	6h, 8h, 12h, 4h	C6, NRK, PC_12	***
LT934125.1	-	TC_1631	1631	42780	42830	50	6	330.521616	0	0	0	42809	42780	42830	6h, 8h, 12h	C6, NRK, PC_12	**
LT934125.1	-	TC_1632	1632	42868	42868	0	2	232.719949	0	0	0	42868	42868	42868	4h, 8h	PC_12	*
LT934125.1	-	TC_1633	1633	42971	42971	0	1	134.535181	0	0	0	42971	42971	42971	6h	NRK	*
LT934125.1	-	TC_1634	1634	43005	43060	49	6	414.310202	0	0	5.52356195605701	43024	43011	43060	6h, 8h, 4h	C6, PC_12, PK_15	**
LT934125.1	-	TC_1635	1635	43088	43114	26	3	158.989531	0	0	0	43098	43088	43114	4h, 6h, 8h	PC_12	**
LT934125.1	-	TC_1636	1636	43144	43158	14	2	118.528171	0	0	0	43151	43144	43158	6h, 8h	C6	*
LT934125.1	-	TC_1637	1637	43227	43260	33	4	758.003589	0	0	0	43247	43227	43260	8h, 2h, 6h	C6, PC_12	**
LT934125.1	-	TC_1638	1638	43314	43362	46	6	239.088115	0	0	3.16992500144231	43342	43314	43360	6h, 8h, 12h	C6, NRK, PC_12, PK_15	**
LT934125.1	-	TC_1639	1639	43403	43413	7	4	276.859793	0	0	4.75488750216347	43406	43403	43410	8h, 4h, 6h	C6, PC_12	**
LT934125.1	-	TC_1640	1640	43473	43488	15	3	3294.854036	0	0	0	43479	43473	43488	2h, 6h, 8h	NRK, PC_12	**
LT934125.1	-	TC_1641	1641	43545	43545	0	1	26.651031	0	0	0	43545	43545	43545	6h	PC_12	*
LT934125.1	-	TC_1642	1642	43578	43598	20	2	118.528171	0	0	0	43588	43578	43598	6h, 8h	C6	*
LT934125.1	-	TC_1643	1643	43729	43729	0	1	100.38145	0	0	0	43729	43729	43729	4h	PC_12	*
LT934125.1	-	TC_1644	1644	43757	43757	0	1	16.129162	0	0	0	43757	43757	43757	6h	PK_15	*
LT934125.1	-	TC_1645	1645	43810	43810	0	1	81.685999	0	0	0	43810	43810	43810	8h	NRK	*
LT934125.1	-	TC_1646	1646	43839	43892	53	4	225.427362	0	0	0	43862	43839	43892	8h, 6h	C6, NRK, PC_12	**
LT934125.1	-	TC_1647	1647	44122	44122	0	1	40.594301	0	0	0	44122	44122	44122	4h	PK_15	*
LT934125.1	-	TC_1648	1648	44147	44193	34	4	264.12827	0	0	5.55458885167764	44163	44147	44181	6h, 8h	C6, NRK, PC_12	**
LT934125.1	-	TC_1649	1649	44264	44264	0	1	31.95705	0	0	0	44264	44264	44264	8h	PC_12	*
LT934125.1	-	TC_1650	1650	44325	44325	0	1	81.685999	0	0	0	44325	44325	44325	8h	NRK	*
LT934125.1	-	TC_1651	1651	44351	44351	0	1	26.651031	0	0	0	44351	44351	44351	6h	PC_12	*
LT934125.1	-	TC_1652	1652	44385	44385	0	1	81.685999	0	0	0	44385	44385	44385	8h	NRK	*
LT934125.1	-	TC_1653	1653	44481	44481	0	1	525.486075	0	0	0	44481	44481	44481	4h	C6	*
LT934125.1	-	TC_1654	1654	44613	44621	0	1	81.188602	3.16992500144231	3.16992500144231	3.16992500144231	44613	44613	44613	4h	PK_15	*
LT934125.1	-	TC_1655	1655	44673	44684	11	2	72.878401	0	0	0	44678	44673	44684	8h, 4h	C6, PK_15	*
LT934125.1	-	TC_1656	1656	44753	44756	0	14	1403.371772	0	0	1.83659167506276	44756	44756	44756	12h, 6h, 8h, 4h, 2h	C6, NRK, PC_12, PK_15	***
LT934125.1	-	TC_1657	1657	44842	44842	0	1	32.2841	0	0	0	44842	44842	44842	8h	C6	*
LT934125.1	-	TC_1658	1658	44885	44901	8	18	19450.329748	0	0	7.36033791953477	44889	44885	44893	12h, 4h, 6h, 8h, 2h	C6, NRK, PC_12, PK_15	***
LT934125.1	-	TC_1659	1659	44947	44947	0	1	2227.171492	0	0	0	44947	44947	44947	1h	PC_12	*
LT934125.1	-	TC_1660	1660	45016	45016	0	1	26.651031	0	0	0	45016	45016	45016	6h	PC_12	*
LT934125.1	-	TC_1661	1661	45257	45257	0	1	1540.832049	0	0	0	45257	45257	45257	1h	C6	*
LT934125.1	-	TC_1662	1662	45647	45679	32	6	873.041191	0	0	0	45661	45647	45679	12h, 6h, 8h, 2h	C6, PC_12	**
LT934125.1	-	TC_1663	1663	45769	45769	0	1	32.2841	0	0	0	45769	45769	45769	8h	C6	
LT934125.1	-	TC_1664	1664	45865	45876	11	3	164.6226	0	0	0	45869	45865	45876	8h, 4h	C6, PC_12	**
LT934125.1	-	TC_1665	1665	45904	45913	9	4	180.784734	0	0	0	45908	45904	45913	4h, 6h, 8h	PC_12, PK_15	**
LT934125.1	-	TC_1666	1666	45967	45967	0	1	31.95705	0	0	0	45967	45967	45967	8h	PC_12	*
LT934125.1	-	TC_1667	1667	46008	46008	0	1	86.244071	0	0	0	46008	46008	46008	6h	C6	*
LT934125.1	-	TC_1668	1668	46101	46124	23	4	166.150664	0	0	0	46108	46101	46124	12h, 6h, 8h	C6, PC_12	**
LT934125.1	-	TC_1669	1669	46191	46191	0	1	31.95705	0	0	0	46191	46191	46191	8h	PC_12	*
LT934125.1	-	TC_1670	1670	46303	46303	0	1	32.2841	0	0	0	46303	46303	46303	8h	C6	
LT934125.1	-	TC_1671	1671	46354	46354	0	1	31.95705	0	0	0	46354	46354	46354	8h	PC_12	*
LT934125.1	-	TC_1672	1672	46751	46751	0	1	525.486075	0	0	0	46751	46751	46751	4h	C6	
LT934125.1	-	TC_1673	1673	46846	46846	0	1	362.056481	0	0	0	46846	46846	46846	2h	PK_15	*
LT934125.1	-	TC_1674	1674	46928	46928	0	1	20.476837	0	0	0	46928	46928	46928	12h	PC_12	
LT934125.1	-	TC_1675	1675	46988	46988	0	2	59.93123	0	0	0	46988	46988	46988	12h, 8h	C6, PC_12	
LT934125.1	-	TC_1676	1676	47042	47042	0	1	31.95705	0	0	0	47042	47042	47042	8h	PC_12	
LT934125.1	-	TC_1677	1677	47110	47110	0	1	86.244071	0	0	0	47110	47110	47110	6h	C6	*
LT934125.1	-	TC_1678	1678	47263	47263	0	1	32.2841	0	0	0	47263	47263	47263	8h	C6	
LT934125.1	-	TC_1679	1679	47403	47403	0	1	31.95705	0	0	0	47403	47403	47403	8h	PC_12	
LT934125.1	-	TC_1680	1680	47531	47531	0	1	31.95705	0	0	0	47531	47531	47531	8h	PC_12	
LT934125.1	-	TC_1681	1681	47638	47638	0	1	31.95705	0	0	0	47638	47638	47638	8h	PC_12	
LT934125.1	-	TC_1682	1682	47959	47962	3	2	118.528171	0	0	0	47960	47959	47962	6h, 8h	C6	*
LT934125.1	-	TC_1683	1683	48075	48075	0	1	40.594301	0	0	0	48075	48075	48075	4h	PK_15	*
LT934125.1	-	TC_1684	1684	48169	48169	0	1	31.95705	0	0	0	48169	48169	48169	8h	PC_12	*
LT934125.1	-	TC_1685	1685	48442	48444	2	3	144.852152	0	0	0	48443	48442	48444	6h, 8h	C6, PC_12	*
LT934125.1	-	TC_1686	1686	48490	48490	0	1	32.2841	0	0	0	48490	48490	48490	8h	C6	*
LT934125.1	-	TC_1687	1687	48740	48740	0	1	31.95705	0	0	0	48740	48740	48740	8h	PC_12	*
LT934125.1	-	TC_1688	1688	48809	48829	20	2	64.24115	0	0	0	48819	48809	48829	8h	C6, PC_12	*
LT934125.1	-	TC_1689	1689	49141	49161	20	2	64.24115	0	0	0	49151	49141	49161	8h	C6, PC_12	*
LT934125.1	-	TC_1690	1690	49357	49357	0	1	86.244071	0	0	0	49357	49357	49357	6h	C6	*
LT934125.1	-	TC_1691	1691	49445	49465	20	3	653.968375	0	0	2.32192809488736	49457	49445	49465	4h, 8h	C6, PC_12	**
LT934125.1	-	TC_1692	1692	49590	49616	26	6	3429.78768	0	0	3.16992500144231	49600	49590	49616	12h, 2h, 6h, 8h	C6, NRK, PC_12	***
LT934125.1	-	TC_1693	1693	50137	50200	63	6	2383.880675	0	0	2.37376029559931	50176	50137	50200	1h, 8h, 12h, 2h, 6h	C6, PC_12	***
LT934125.1	-	TC_1694	1694	50245	50268	18	5	670.613595	0	0	3.16992500144231	50259	50245	50263	4h, 8h, 12h	C6, NRK, PK_15	**
LT934125.1	-	TC_1695	1695	50293	50293	0	1	81.685999	0	0	0	50293	50293	50293	8h	NRK	*
LT934125.1	-	TC_1696	1696	50328	50376	42	11	851.296699	0	0	10.6075705291453	50360	50328	50370	8h, 12h, 6h, 4h	C6, NRK, PC_12, PK_15	**
LT934125.1	-	TC_1697	1697	50398	50424	26	4	3348.067159	0	0	3	50412	50398	50424	12h, 2h, 6h, 4h	NRK, PC_12, PK_15	**
LT934125.1	-	TC_1698	1698	50488	50553	65	11	837.920559	0	0	5.83289001416474	50508	50488	50553	12h, 8h, 4h, 6h	C6, NRK, PC_12, PK_15	**
LT934125.1	-	TC_1699	1699	50589	50649	49	18	6890.718687	0	0	15.2543247405262	50614	50592	50641	12h, 2h, 6h, 8h, 4h, 2.5h	C6, NRK, PC_12, PK_15	***
LT934125.1	-	TC_1700	1700	50692	50735	43	7	2146.774605	0	0	3.32192809488736	50720	50692	50735	12h, 1h, 6h, 8h, 4h	C6, NRK, PC_12	***
LT934125.1	-	TC_1701	1701	50789	50907	118	16	4493.279544	0	0	14.5442446103408	50841	50789	50907	2h, 4h, 6h, 8h, 12h, 2.5h	C6, NRK, PC_12, PK_15	***
LT934125.1	-	TC_1702	1702	50971	51067	90	21	13622.357271	0	0	14.9377035803651	51010	50977	51067	12h, 4h, 6h, 8h, 2h, 1.5h, 2.5h	C6, NRK, PC_12, PK_15	***
LT934125.1	-	TC_1703	1703	51091	51104	5	15	8999.128503	0	0	6.28341854958326	51095	51094	51099	12h, 4h, 6h, 8h, 2h, 2.5h	C6, NRK, PC_12, PK_15	***
LT934125.1	-	TC_1704	1704	51139	51152	0	25	165010.157785	0	0	3.1650137271528	51147	51147	51147	12h, 1h, 2h, 4h, 6h, 8h, 1.5h, 2.5h	C6, NRK, PC_12, PK_15	***
LT934125.1	-	TC_1705	1705	51236	51236	0	1	17.924841	0	0	0	51236	51236	51236	12h	NRK	*
LT934125.1	-	TC_1706	1706	51266	51266	0	1	26.651031	0	0	0	51266	51266	51266	6h	PC_12	*
LT934125.1	-	TC_1707	1707	51356	51356	0	1	32.2841	0	0	0	51356	51356	51356	8h	C6	*
LT934125.1	-	TC_1708	1708	51479	51534	51	6	385.357336	0	0	2.32192809488736	51504	51479	51530	6h, 8h, 4h	C6, PC_12, PK_15	**
LT934125.1	-	TC_1709	1709	51578	51578	0	1	32.2841	0	0	0	51578	51578	51578	8h	C6	*
LT934125.1	-	TC_1710	1710	51614	51700	86	6	1019.731196	0	0	5.85798099512757	51644	51614	51700	6h, 4h, 8h	C6, NRK, PC_12, PK_15	***
LT934125.1	-	TC_1711	1711	51766	51809	43	9	1211.733003	0	0	0	51799	51766	51809	12h, 6h, 8h, 2.5h	C6, NRK, PC_12	***
LT934125.1	-	TC_1712	1712	51907	51907	0	1	32.2841	0	0	0	51907	51907	51907	8h	C6	*
LT934125.1	-	TC_1713	1713	51944	51953	9	3	90.892181	0	0	0	51948	51944	51953	8h, 6h	C6, PC_12	*
LT934125.1	-	TC_1714	1714	52040	52040	0	1	86.244071	0	0	0	52040	52040	52040	6h	C6	*
LT934125.1	-	TC_1715	1715	52113	52118	5	4	226.865201	0	0	0	52115	52113	52118	6h, 8h	C6, NRK, PC_12	**
LT934125.1	-	TC_1716	1716	52161	52237	76	7	404.885705	0	0	5.90689059560852	52199	52161	52237	12h, 6h, 8h, 4h	C6, PC_12	**
LT934125.1	-	TC_1717	1717	52378	52389	11	3	121.494982	0	0	0	52382	52378	52389	8h, 6h	NRK, PC_12, PK_15	*
LT934125.1	-	TC_1718	1718	52674	52674	0	2	67.245332	0	0	0	52674	52674	52674	6h, 4h	PC_12, PK_15	*
LT934125.1	-	TC_1719	1719	52702	52702	0	1	31.95705	0	0	0	52702	52702	52702	8h	PC_12	*
LT934125.1	-	TC_1720	1720	52799	52832	31	5	1943.750973	0	0	2.57798233325467	52816	52799	52830	1h, 6h, 12h, 8h	C6, NRK, PC_12	**
LT934125.1	-	TC_1721	1721	52857	52865	8	2	186.625521	0	0	0	52861	52857	52865	6h, 4h	C6, PC_12	
LT934125.1	-	TC_1722	1722	52992	52998	6	3	208.108343	0	0	2.57798233939873	52994	52992	52998	8h, 6h	C6, PC_12	**
LT934125.1	-	TC_1723	1723	53024	53036	12	2	611.730146	0	0	0	53030	53024	53036	4h, 6h	C6	*
LT934125.1	-	TC_1724	1724	53159	53223	46	10	493.308377	0	0	5.17901158160665	53172	53159	53205	12h, 6h, 8h, 4h	C6, NRK, PC_12, PK_15	**
LT934125.1	-	TC_1725	1725	53264	53264	0	1	31.95705	0	0	0	53264	53264	53264	8h	PC_12	
LT934125.1	-	TC_1726	1726	53551	53555	4	9	589.224779	0	0	3.54380770910015	53553	53551	53555	12h, 8h, 4h, 6h	C6, NRK, PC_12, PK_15	**
LT934125.1	-	TC_1727	1727	53592	53603	11	4	94.615733	0	0	0	53595	53592	53603	8h, 12h, 6h	PC_12, PK_15	*
LT934125.1	-	TC_1728	1728	53822	53822	0	1	32.2841	0	0	0	53822	53822	53822	8h	C6	*
LT934125.1	-	TC_1729	1729	53862	53874	12	4	246.080947	0	0	2	53869	53862	53874	12h, 6h, 8h	C6, NRK, PC_12	**
LT934125.1	-	TC_1730	1730	54069	54121	52	7	710.606292	0	0	0	54098	54069	54121	12h, 4h, 8h, 6h	C6, PC_12, PK_15	**
LT934125.1	-	TC_1731	1731	54170	54180	7	5	199.32724	0	0	2.58496250072116	54175	54173	54180	12h, 6h, 8h	PC_12, PK_15	**
LT934125.1	-	TC_1732	1732	54372	54372	0	1	134.535181	0	0	0	54372	54372	54372	6h	NRK	*
LT934125.1	-	TC_1733	1733	54398	54398	0	1	32.2841	0	0	0	54398	54398	54398	8h	C6	*
LT934125.1	-	TC_1734	1734	54613	54613	0	1	26.651031	0	0	0	54613	54613	54613	6h	PC_12	*
LT934125.1	-	TC_1735	1735	54702	54704	0	6	169.093835	0	0	1.58496250072116	54702	54702	54702	12h, 6h, 8h	C6, PC_12, PK_15	**
LT934125.1	-	TC_1736	1736	54815	54855	40	5	825.573289	0	0	0	54838	54815	54855	12h, 2h, 6h, 8h, 4h	PC_12, PK_15	**
LT934125.1	-	TC_1737	1737	54902	54921	19	2	52.433887	0	0	0	54912	54902	54921	12h, 8h	PC_12	*
LT934125.1	-	TC_1738	1738	54983	54983	0	2	73.237775	0	0	0	54983	54983	54983	8h, 12h	C6, PC_12	*
LT934125.1	-	TC_1739	1739	55125	55148	23	2	58.608081	0	0	0	55136	55125	55148	6h, 8h	PC_12	*
LT934125.1	-	TC_1740	1740	55369	55389	14	14	3420.938765	0	0	6.63296881285749	55379	55375	55389	6h, 8h, 12h, 4h, 2h	C6, NRK, PC_12, PK_15	***
LT934125.1	-	TC_1741	1741	55369	55516	70	16	7073.133972	0	0	26.148906098026	55450	55426	55496	12h, 6h, 8h, 2h, 4h	C6, NRK, PC_12, PK_15	***
LT934125.1	-	TC_1742	1742	55510	55631	99	18	8925.281346	0	0	22.0322167684729	55562	55523	55622	12h, 6h, 8h, 2h, 4h, 2.5h	C6, NRK, PC_12, PK_15	***
LT934125.1	-	TC_1743	1743	55655	55737	73	18	9873.097881	0	0	16.4389050241103	55683	55660	55733	12h, 1h, 6h, 8h, 4h, 2h	C6, NRK, PC_12, PK_15	***
LT934125.1	-	TC_1744	1744	55760	55910	128	19	9965.910447	0	0	27.2162976854391	55803	55768	55896	12h, 2h, 4h, 6h, 8h, 2.5h	C6, NRK, PC_12, PK_15	***
LT934125.1	-	TC_1745	1745	55928	55983	40	15	2009.58382	0	0	5.5342323554951	55957	55928	55968	12h, 6h, 8h, 4h, 2h	C6, NRK, PC_12, PK_15	***
LT934125.1	-	TC_1746	1746	55994	56068	74	10	5141.409596	0	0	9.88987003357663	56024	55994	56068	2h, 6h, 8h, 1.5h, 2.5h, 4h, 12h	C6, NRK, PC_12, PK_15	***
LT934125.1	-	TC_1747	1747	56107	56145	18	21	20847.183939	0	0	9.70888045127731	56119	56111	56129	12h, 1h, 2h, 4h, 6h, 8h, 1.5h	C6, NRK, PC_12, PK_15	***
LT934125.1	-	TC_1748	1748	56179	56200	6	27	1118905.951375	0	0	6.83263748817716	56188	56188	56194	12h, 1h, 2h, 4h, 6h, 8h, 0.5h, 1.5h, 2.5h	C6, NRK, PC_12, PK_15	***
LT934125.1	-	TC_1749	1749	56235	56235	0	1	81.685999	0	0	0	56235	56235	56235	8h	NRK	*
LT934125.1	-	TC_1750	1750	56258	56268	1	7	482.997779	0	0	2.58496250072116	56263	56262	56263	12h, 8h, 6h	C6, NRK, PC_12, PK_15	**
LT934125.1	-	TC_1751	1751	56304	56345	41	6	510.327541	0	0	1.53892027812565	56325	56304	56345	12h, 6h, 2h, 8h	C6, NRK, PC_12, PK_15	**
LT934125.1	-	TC_1752	1752	56373	56438	63	9	987.34123	0	0	5.85798099512757	56411	56373	56436	8h, 12h, 4h, 6h	C6, NRK, PC_12, PK_15	**
LT934125.1	-	TC_1753	1753	56471	56515	44	6	636.752417	0	0	0	56490	56471	56515	12h, 4h, 6h, 8h	C6, PK_15	**
LT934125.1	-	TC_1754	1754	56554	56669	105	14	2430.1189	0	0	13.6664282882442	56618	56554	56659	12h, 4h, 6h, 8h	C6, NRK, PC_12, PK_15	***
LT934125.1	-	TC_1755	1755	56699	56714	15	5	885.758898	0	0	2.75083938109069	56703	56699	56714	8h, 12h, 2.5h, 6h	C6, NRK, PC_12, PK_15	**
LT934125.1	-	TC_1756	1756	56746	56830	84	8	418.276786	0	0	0	56785	56746	56830	6h, 8h, 12h, 4h	C6, NRK, PC_12, PK_15	**
LT934125.1	-	TC_1757	1757	56869	56874	5	3	59.073314	0	0	0	56872	56869	56874	12h, 6h	C6, PC_12, PK_15	*
LT934125.1	-	TC_1758	1758	56942	56955	6	22	75830.552437	0	0	1.14422895861353	56946	56942	56948	12h, 1h, 2h, 4h, 6h, 8h, 2.5h	C6, NRK, PC_12, PK_15	***
LT934125.1	-	TC_1759	1759	56996	56996	0	1	86.244071	0	0	0	56996	56996	56996	6h	C6	*
LT934125.1	-	TC_1760	1760	57027	57071	44	6	320.441007	0	0	3	57046	57027	57071	12h, 6h, 8h	C6, NRK, PC_12	**
LT934125.1	-	TC_1761	1761	57099	57101	2	7	343.668136	0	0	1.45546446588304	57100	57099	57101	8h, 12h, 4h, 6h	C6, NRK, PC_12, PK_15	**
LT934125.1	-	TC_1762	1762	57156	57182	26	3	92.21533	0	0	0	57168	57156	57182	12h, 8h	C6, PC_12	*
LT934125.1	-	TC_1763	1763	57227	57227	0	1	26.651031	0	0	0	57227	57227	57227	6h	PC_12	*
LT934125.1	-	TC_1764	1764	57275	57275	0	1	81.685999	0	0	0	57275	57275	57275	8h	NRK	*
LT934125.1	-	TC_1765	1765	57305	57313	8	6	385.761899	0	0	3.16992500144231	57312	57305	57313	12h, 4h, 6h, 8h	NRK, PC_12, PK_15	**
LT934125.1	-	TC_1766	1766	57367	57377	10	2	58.608081	0	0	0	57372	57367	57377	6h, 8h	PC_12	*
LT934125.1	-	TC_1767	1767	57432	57445	13	3	72.093083	0	0	0	57437	57432	57445	8h, 6h	C6, PC_12, PK_15	*
LT934125.1	-	TC_1768	1768	57529	57529	0	1	134.535181	0	0	0	57529	57529	57529	6h	NRK	*
LT934125.1	-	TC_1769	1769	57559	57560	1	3	146.474043	0	0	0	57560	57559	57560	8h, 4h, 6h	NRK, PK_15	*
LT934125.1	-	TC_1770	1770	57586	57637	36	6	336.689064	0	0	5.61470984411521	57597	57586	57622	6h, 8h, 12h, 4h	C6, NRK, PC_12	**
LT934125.1	-	TC_1771	1771	57679	57707	28	4	185.446453	0	0	0	57698	57679	57707	6h, 8h, 4h	C6, PC_12, PK_15	**
LT934125.1	-	TC_1772	1772	57750	57758	8	3	143.161643	0	0	0	57755	57750	57758	4h, 6h	PC_12, PK_15	*
LT934125.1	-	TC_1773	1773	57824	57824	0	1	31.95705	0	0	0	57824	57824	57824	8h	PC_12	*
LT934125.1	-	TC_1774	1774	57881	57887	6	3	185.967613	0	0	0	57884	57881	57887	8h, 4h, 6h	C6, PC_12	**
LT934125.1	-	TC_1775	1775	57918	57918	0	1	31.95705	0	0	0	57918	57918	57918	8h	PC_12	*
LT934125.1	-	TC_1776	1776	57981	57981	0	1	31.95705	0	0	0	57981	57981	57981	8h	PC_12	*
LT934125.1	-	TC_1777	1777	58012	58021	9	4	235.175402	0	0	0	58014	58012	58021	6h, 8h, 4h	C6, NRK, PC_12, PK_15	**
LT934125.1	-	TC_1778	1778	58081	58093	12	3	248.17823	0	0	0	58086	58081	58093	6h, 8h	NRK, PC_12	**
LT934125.1	-	TC_1779	1779	58190	58190	0	1	40.594301	0	0	0	58190	58190	58190	4h	PK_15	*
LT934125.1	-	TC_1780	1780	58217	58217	0	1	32.2841	0	0	0	58217	58217	58217	8h	C6	*
LT934125.1	-	TC_1781	1781	58438	58445	7	2	112.895102	0	0	0	58442	58438	58445	6h	C6, PC_12	*
LT934125.1	-	TC_1782	1782	58475	58490	15	2	557.770175	0	0	0	58482	58475	58490	4h, 8h	C6	*
LT934125.1	-	TC_1783	1783	58564	58575	0	17	11213.139715	0	0	2.24476264065993	58570	58570	58570	12h, 4h, 6h, 8h, 2h	C6, NRK, PC_12, PK_15	***
LT934125.1	-	TC_1784	1784	58695	58695	0	1	26.651031	0	0	0	58695	58695	58695	6h	PC_12	*
LT934125.1	-	TC_1785	1785	58724	58724	0	1	31.95705	0	0	0	58724	58724	58724	8h	PC_12	*
LT934125.1	-	TC_1786	1786	58839	58870	31	3	645.462541	0	0	0	58857	58839	58870	4h, 6h, 8h	NRK, PC_12	**
LT934125.1	-	TC_1787	1787	58902	58914	12	2	118.201121	0	0	0	58908	58902	58914	6h, 8h	C6, PC_12	*
LT934125.1	-	TC_1788	1788	59004	59017	12	8	452.41665	0	0	1.58496250072116	59014	59004	59016	12h, 8h, 4h, 6h	C6, PC_12, PK_15	**
LT934125.1	-	TC_1789	1789	59064	59064	0	1	40.594301	0	0	0	59064	59064	59064	4h	PK_15	*
LT934125.1	-	TC_1790	1790	59168	59168	0	1	32.2841	0	0	0	59168	59168	59168	8h	C6	*
LT934125.1	-	TC_1791	1791	59274	59281	1	15	7731.369991	0	0	2.64291918484672	59277	59276	59277	12h, 4h, 6h, 8h	C6, NRK, PC_12, PK_15	***
LT934125.1	-	TC_1792	1792	59335	59335	0	1	40.594301	0	0	0	59335	59335	59335	4h	PK_15	*
LT934125.1	-	TC_1793	1793	59473	59473	0	1	586.85446	0	0	0	59473	59473	59473	4h	NRK	*
LT934125.1	-	TC_1794	1794	59626	59626	0	1	32.2841	0	0	0	59626	59626	59626	8h	C6	*
LT934125.1	-	TC_1795	1795	59651	59651	0	1	16.129162	0	0	0	59651	59651	59651	6h	PK_15	*
LT934125.1	-	TC_1796	1796	59696	59696	0	1	26.651031	0	0	0	59696	59696	59696	6h	PC_12	*
LT934125.1	-	TC_1797	1797	59768	59770	2	2	58.608081	0	0	0	59769	59768	59770	6h, 8h	PC_12	*
LT934125.1	-	TC_1798	1798	59835	59835	0	1	3236.245955	0	0	0	59835	59835	59835	2h	NRK	*
LT934125.1	-	TC_1799	1799	59887	59887	0	1	31.95705	0	0	0	59887	59887	59887	8h	PC_12	*
LT934125.1	-	TC_1800	1800	60046	60048	2	2	182.067449	0	0	0	60047	60046	60048	8h, 4h	NRK, PC_12	*
LT934125.1	-	TC_1801	1801	60279	60279	0	1	32.2841	0	0	0	60279	60279	60279	8h	C6	*
LT934125.1	-	TC_1802	1802	60514	60514	0	1	100.38145	0	0	0	60514	60514	60514	4h	PC_12	
LT934125.1	-	TC_1803	1803	60546	60546	0	1	31.95705	0	0	0	60546	60546	60546	8h	PC_12	
LT934125.1	-	TC_1804	1804	60706	60706	0	1	525.486075	0	0	0	60706	60706	60706	4h	C6	*
LT934125.1	-	TC_1805	1805	60843	60843	0	1	32.2841	0	0	0	60843	60843	60843	8h	C6	
LT934125.1	-	TC_1806	1806	60985	60988	0	1	53.302062	2	2	2	60985	60985	60985	6h	PC_12	*
LT934125.1	-	TC_1807	1807	61400	61400	0	1	100.38145	0	0	0	61400	61400	61400	4h	PC_12	*
LT934125.1	-	TC_1808	1808	61441	61441	0	1	31.95705	0	0	0	61441	61441	61441	8h	PC_12	*
LT934125.1	-	TC_1809	1809	61732	61732	0	1	31.95705	0	0	0	61732	61732	61732	8h	PC_12	*
LT934125.1	-	TC_1810	1810	61856	61856	0	1	32.2841	0	0	0	61856	61856	61856	8h	C6	*
LT934125.1	-	TC_1811	1811	62029	62029	0	2	59.58655	0	0	0	62029	62029	62029	8h, 12h	C6, PC_12	*
LT934125.1	-	TC_1812	1812	62067	62081	14	12	707.395743	0	0	2.37376030458694	62075	62067	62081	12h, 6h, 8h, 4h	C6, NRK, PC_12, PK_15	**
LT934125.1	-	TC_1813	1813	62295	62295	0	1	86.244071	0	0	0	62295	62295	62295	6h	C6	*
LT934125.1	-	TC_1814	1814	62621	62621	0	1	86.244071	0	0	0	62621	62621	62621	6h	C6	*
LT934125.1	-	TC_1815	1815	62682	62682	0	1	31.95705	0	0	0	62682	62682	62682	8h	PC_12	*
LT934125.1	-	TC_1816	1816	62910	62932	22	2	611.730146	0	0	0	62921	62910	62932	4h, 6h	C6	*
LT934125.1	-	TC_1817	1817	63129	63129	0	1	81.685999	0	0	0	63129	63129	63129	8h	NRK	*
LT934125.1	-	TC_1818	1818	63251	63375	119	14	3820.842344	0	0	19.5150540655518	63306	63256	63375	12h, 6h, 8h, 4h, 2h	C6, NRK, PC_12, PK_15	***
LT934125.1	-	TC_1819	1819	63410	63438	4	26	3246482.234507	0	0	5.26500617274577	63420	63416	63420	12h, 1h, 2h, 4h, 6h, 8h, 1.5h, 2.5h	C6, NRK, PC_12, PK_15	***
LT934125.1	-	TC_1820	1820	63486	63529	43	10	10842.868909	0	0	0	63498	63486	63529	8h, 1h, 4h, 12h, 2h, 6h	C6, NRK, PC_12, PK_15	***
LT934125.1	-	TC_1821	1821	63682	63683	1	2	132.3385	0	0	0	63682	63682	63683	4h, 8h	PC_12	*
LT934125.1	-	TC_1822	1822	63714	63720	0	1	64.5682	2.8073549220576	2.8073549220576	2.8073549220576	63714	63714	63714	8h	C6	*
LT934125.1	-	TC_1823	1823	63747	63750	3	2	48.086212	0	0	0	63748	63747	63750	8h, 6h	PC_12, PK_15	*
LT934125.1	-	TC_1824	1824	63792	63794	2	2	64.24115	0	0	0	63793	63792	63794	8h	C6, PC_12	*
LT934125.1	-	TC_1825	1825	63834	63834	0	1	26.651031	0	0	0	63834	63834	63834	6h	PC_12	*
LT934125.1	-	TC_1826	1826	63910	63910	0	1	86.244071	0	0	0	63910	63910	63910	6h	C6	*
LT934125.1	-	TC_1827	1827	63937	63943	0	2	96.1982	0	0	2.8073549220576	63937	63937	63937	8h	C6, PC_12	*
LT934125.1	-	TC_1828	1828	64006	64012	6	2	118.201121	0	0	0	64009	64006	64012	6h, 8h	C6, PC_12	*
LT934125.1	-	TC_1829	1829	64097	64097	0	1	40.594301	0	0	0	64097	64097	64097	4h	PK_15	*
LT934125.1	-	TC_1830	1830	64123	64129	4	13	4467.012077	0	0	5.28196813139256	64126	64123	64127	12h, 4h, 6h, 8h	C6, NRK, PC_12, PK_15	***
LT934125.1	-	TC_1831	1831	64189	64189	0	1	26.651031	0	0	0	64189	64189	64189	6h	PC_12	*
LT934125.1	-	TC_1832	1832	64221	64236	15	2	132.3385	0	0	0	64228	64221	64236	4h, 8h	PC_12	*
LT934125.1	-	TC_1833	1833	64263	64276	13	3	90.892181	0	0	0	64268	64263	64276	8h, 6h	C6, PC_12	*
LT934125.1	-	TC_1834	1834	64308	64370	62	9	388.360112	0	0	3.32192809488736	64344	64308	64370	8h, 12h, 4h, 6h	C6, NRK, PC_12, PK_15	**
LT934125.1	-	TC_1835	1835	64404	64407	0	2	227.413931	0	0	2	64404	64404	64404	4h, 6h	PC_12	*
LT934125.1	-	TC_1836	1836	64460	64468	8	6	370.077627	0	0	3.16992500144231	64466	64460	64468	8h, 12h, 4h, 6h	C6, NRK, PC_12, PK_15	**
LT934125.1	-	TC_1837	1837	64509	64538	29	9	3832.321259	0	0	0	64526	64509	64538	6h, 12h, 4h, 8h, 1h, 2h	C6, NRK, PC_12	***
LT934125.1	-	TC_1838	1838	64570	64571	1	2	167.93007	0	0	0	64570	64570	64571	6h, 8h	C6, NRK	*
LT934125.1	-	TC_1839	1839	64598	64667	57	7	892.397748	0	0	15.3510822554508	64636	64598	64655	12h, 4h, 6h, 8h	C6, NRK, PC_12, PK_15	**
LT934125.1	-	TC_1840	1840	64692	64697	5	6	2599.304336	0	0	2.58496250072116	64695	64692	64697	8h, 6h, 1.5h, 12h, 4h	C6, NRK, PC_12	***
LT934125.1	-	TC_1841	1841	64734	64839	105	12	2496.777949	0	0	8.46578425819099	64784	64734	64839	6h, 8h, 12h, 2.5h, 2h, 4h	C6, NRK, PC_12, PK_15	***
LT934125.1	-	TC_1842	1842	64866	64967	101	11	2151.566659	0	0	11.4008794362822	64926	64866	64967	6h, 8h, 12h, 4h	C6, NRK, PC_12, PK_15	***
LT934125.1	-	TC_1843	1843	64992	65010	18	3	861.404246	0	0	0	64998	64992	65010	12h, 6h, 2.5h	C6, PC_12	**
LT934125.1	-	TC_1844	1844	65038	65038	0	1	134.535181	0	0	0	65038	65038	65038	6h	NRK	*
LT934125.1	-	TC_1845	1845	65074	65100	26	6	1463.883522	0	0	2.8073549220576	65084	65074	65100	4h, 8h, 12h, 2.5h, 6h	C6, NRK, PC_12	***
LT934125.1	-	TC_1846	1846	65143	65169	20	2	90.565131	0	0	2.8073549220576	65153	65143	65163	6h, 8h	PC_12	*
LT934125.1	-	TC_1847	1847	65197	65197	0	1	40.594301	0	0	0	65197	65197	65197	4h	PK_15	*
LT934125.1	-	TC_1848	1848	65226	65247	21	2	49.881891	0	0	0	65236	65226	65247	12h, 8h	NRK, PC_12	*
LT934125.1	-	TC_1849	1849	65295	65306	11	2	112.895102	0	0	0	65300	65295	65306	6h	C6, PC_12	*
LT934125.1	-	TC_1850	1850	65332	65358	11	6	221.898341	0	0	6.33985000288462	65341	65332	65343	12h, 8h, 6h, 4h	C6, PC_12, PK_15	**
LT934125.1	-	TC_1851	1851	65397	65406	2	4	253.212945	0	0	2.75488748965614	65398	65397	65399	8h, 4h, 6h	C6, PC_12, PK_15	**
LT934125.1	-	TC_1852	1852	65433	65459	26	6	764.803454	0	0	3.32192809488736	65446	65433	65459	6h, 12h, 8h, 4h, 2h	C6, NRK, PC_12, PK_15	**
LT934125.1	-	TC_1853	1853	65497	65523	26	3	474.951583	0	0	0	65508	65497	65523	6h, 2h	C6, PC_12, PK_15	**
LT934125.1	-	TC_1854	1854	65567	65582	15	2	45.442052	0	0	0	65574	65567	65582	8h	C6, PK_15	*
LT934125.1	-	TC_1855	1855	65626	65685	53	5	658.393465	0	0	9.36220008990196	65654	65626	65679	6h, 8h, 4h	C6, NRK, PC_12	**
LT934125.1	-	TC_1856	1856	65744	65756	2	23	61932.892618	0	0	5.60195879713842	65751	65750	65752	12h, 1h, 2h, 4h, 6h, 8h, 1.5h, 2.5h	C6, NRK, PC_12, PK_15	***
LT934125.1	-	TC_1857	1857	65840	65847	7	2	50.208941	0	0	0	65844	65840	65847	8h, 12h	C6, NRK	*
LT934125.1	-	TC_1858	1858	65873	65883	10	8	362.424603	0	0	1.99358326695655	65880	65873	65883	12h, 6h, 8h	C6, NRK, PC_12, PK_15	**
LT934125.1	-	TC_1859	1859	66005	66005	0	1	100.38145	0	0	0	66005	66005	66005	4h	PC_12	*
LT934125.1	-	TC_1860	1860	66075	66088	13	2	132.3385	0	0	0	66082	66075	66088	4h, 8h	PC_12	*
LT934125.1	-	TC_1861	1861	66146	66154	0	1	53.302062	3.16992500144231	3.16992500144231	3.16992500144231	66146	66146	66146	6h	PC_12	*
LT934125.1	-	TC_1862	1862	66252	66295	43	5	797.503648	0	0	0	66277	66252	66295	4h, 6h, 8h	C6, PC_12, PK_15	**
LT934125.1	-	TC_1863	1863	66346	66356	10	8	569.549658	0	0	1.58496250072116	66352	66346	66356	12h, 6h, 4h, 8h	C6, PC_12, PK_15	**
LT934125.1	-	TC_1864	1864	66392	66413	21	2	132.3385	0	0	0	66402	66392	66413	4h, 8h	PC_12	*
LT934125.1	-	TC_1865	1865	66449	66449	0	1	26.651031	0	0	0	66449	66449	66449	6h	PC_12	*
LT934125.1	-	TC_1866	1866	66630	66630	0	2	448.300552	0	0	0	66630	66630	66630	6h, 2h	C6, PK_15	*
LT934125.1	-	TC_1867	1867	66693	66710	17	10	523.088676	0	0	8.33985000288462	66701	66693	66710	12h, 6h, 8h, 4h	C6, NRK, PC_12, PK_15	**
LT934125.1	-	TC_1868	1868	66746	66776	26	12	1603.993436	0	0	4.68613486552489	66755	66750	66776	12h, 8h, 2h, 4h, 6h	C6, NRK, PC_12, PK_15	***
LT934125.1	-	TC_1869	1869	66862	66862	0	1	31.95705	0	0	0	66862	66862	66862	8h	PC_12	*
LT934125.1	-	TC_1870	1870	66889	66889	0	1	26.651031	0	0	0	66889	66889	66889	6h	PC_12	*
LT934125.1	-	TC_1871	1871	66940	66948	8	3	101.174199	0	0	0	66945	66940	66948	8h, 12h, 6h	C6, PC_12, PK_15	*
LT934125.1	-	TC_1872	1872	67032	67032	0	1	86.244071	0	0	0	67032	67032	67032	6h	C6	*
LT934125.1	-	TC_1873	1873	67085	67085	0	2	448.300552	0	0	0	67085	67085	67085	6h, 2h	C6, PK_15	*
LT934125.1	-	TC_1874	1874	67130	67130	0	1	100.38145	0	0	0	67130	67130	67130	4h	PC_12	
LT934125.1	-	TC_1875	1875	67254	67254	0	1	81.685999	0	0	0	67254	67254	67254	8h	NRK	*
LT934125.1	-	TC_1876	1876	67452	67452	0	1	32.2841	0	0	0	67452	67452	67452	8h	C6	
LT934125.1	-	TC_1877	1877	67612	67649	22	8	2827.75596	0	0	8.33985001919529	67638	67627	67649	12h, 8h, 1h, 4h, 6h	C6, PC_12, PK_15	***
LT934125.1	-	TC_1878	1878	67723	67727	0	8	652.979149	0	0	1.44385618196102	67724	67724	67724	12h, 8h, 6h	C6, NRK, PC_12, PK_15	
LT934125.1	-	TC_1879	1879	67883	67883	0	1	31.95705	0	0	0	67883	67883	67883	8h	PC_12	
LT934125.1	-	TC_1880	1880	67964	67985	21	2	72.551351	0	0	0	67974	67964	67985	8h, 4h	PC_12, PK_15	
LT934125.1	-	TC_1881	1881	68066	68092	21	2	96.1982	0	0	2.58496250072116	68076	68066	68087	8h	C6, PC_12	*
LT934125.1	-	TC_1882	1882	68195	68211	16	3	75.277807	0	0	0	68206	68195	68211	12h, 8h	PC_12, PK_15	
LT934125.1	-	TC_1883	1883	68249	68249	0	1	26.651031	0	0	0	68249	68249	68249	6h	PC_12	
LT934125.1	-	TC_1884	1884	68325	68325	0	1	26.651031	0	0	0	68325	68325	68325	6h	PC_12	
LT934125.1	-	TC_1885	1885	68351	68351	0	1	31.95705	0	0	0	68351	68351	68351	8h	PC_12	
LT934125.1	-	TC_1886	1886	68525	68531	0	8	484.28037	0	0	1.88372947714668	68527	68527	68527	12h, 8h, 4h	C6, NRK, PC_12, PK_15	
LT934125.1	-	TC_1887	1887	68706	68716	3	5	334.185405	0	0	5.23742232977902	68708	68706	68709	12h, 6h, 8h	C6, NRK, PC_12, PK_15	
LT934125.1	-	TC_1888	1888	68866	68921	37	14	7198.096418	0	0	18.1301445026919	68890	68884	68921	12h, 1h, 8h, 4h, 6h, 2h	C6, NRK, PC_12, PK_15	***
LT934125.1	-	TC_1889	1889	69140	69140	0	1	31.95705	0	0	0	69140	69140	69140	8h	PC_12	
LT934125.1	-	TC_1890	1890	69248	69263	4	11	1939.901204	0	0	8.97408727225289	69254	69253	69257	12h, 8h, 4h, 6h	C6, NRK, PC_12, PK_15	***
LT934125.1	-	TC_1891	1891	69435	69435	0	1	32.2841	0	0	0	69435	69435	69435	8h	C6	
LT934125.1	-	TC_1892	1892	69502	69502	0	1	31.95705	0	0	0	69502	69502	69502	8h	PC_12	
LT934125.1	-	TC_1893	1893	69599	69599	0	1	31.95705	0	0	0	69599	69599	69599	8h	PC_12	*
LT934125.1	-	TC_1894	1894	69716	69716	0	1	31.95705	0	0	0	69716	69716	69716	8h	PC_12	*
LT934125.1	-	TC_1895	1895	69990	70016	26	4	177.787671	0	0	0	70000	69990	70016	6h, 8h, 12h	C6, PC_12	**
LT934125.1	-	TC_1896	1896	70086	70086	0	1	31.95705	0	0	0	70086	70086	70086	8h	PC_12	*
LT934125.1	-	TC_1897	1897	70112	70112	0	1	40.594301	0	0	0	70112	70112	70112	4h	PK_15	*
LT934125.1	-	TC_1898	1898	70240	70240	0	1	32.2841	0	0	0	70240	70240	70240	8h	C6	*
LT934125.1	-	TC_1899	1899	70272	70272	0	1	31.95705	0	0	0	70272	70272	70272	8h	PC_12	*
LT934125.1	-	TC_1900	1900	70431	70454	8	13	4050.675423	0	0	10.3357037291411	70448	70443	70451	12h, 4h, 8h, 6h	C6, NRK, PC_12, PK_15	***
LT934125.1	-	TC_1901	1901	70531	70531	0	1	31.95705	0	0	0	70531	70531	70531	8h	PC_12	*
LT934125.1	-	TC_1902	1902	70874	70874	0	1	2227.171492	0	0	0	70874	70874	70874	1h	PC_12	*
LT934125.1	-	TC_1903	1903	70923	70923	0	1	31.95705	0	0	0	70923	70923	70923	8h	PC_12	*
LT934125.1	-	TC_1904	1904	70952	70952	0	1	32.2841	0	0	0	70952	70952	70952	8h	C6	*
LT934125.1	-	TC_1905	1905	71070	71070	0	1	40.594301	0	0	0	71070	71070	71070	4h	PK_15	*
LT934125.1	-	TC_1906	1906	71411	71428	6	3	240.723302	0	0	8.33985000288462	71415	71411	71417	6h, 8h	C6, PC_12	**
LT934125.1	-	TC_1907	1907	71496	71504	8	2	108.988449	0	0	0	71500	71496	71504	8h, 12h	NRK, PC_12	*
LT934125.1	-	TC_1908	1908	71643	71652	9	2	166.819281	0	0	0	71648	71643	71652	8h, 6h	C6, NRK	*
LT934125.1	-	TC_1909	1909	71677	71678	1	2	118.201121	0	0	0	71678	71677	71678	6h, 8h	C6, PC_12	*
LT934125.1	-	TC_1910	1910	71742	71787	45	9	568.643329	0	0	0	71771	71742	71787	6h, 8h, 12h, 4h	C6, NRK, PC_12, PK_15	**
LT934125.1	-	TC_1911	1911	71826	71826	0	1	40.594301	0	0	0	71826	71826	71826	4h	PK_15	*
LT934125.1	-	TC_1912	1912	71872	71891	18	14	4422.738219	0	0	9.32364520344987	71883	71872	71890	12h, 6h, 8h, 1.5h, 2h, 4h	C6, NRK, PC_12, PK_15	***
LT934125.1	-	TC_1913	1913	71944	71983	39	5	217.065113	0	0	0	71962	71944	71983	8h, 12h, 6h, 4h	C6, NRK, PC_12, PK_15	**
LT934125.1	-	TC_1914	1914	72024	72072	48	5	204.023514	0	0	0	72049	72024	72072	6h, 8h, 12h	C6, NRK, PC_12	**
LT934125.1	-	TC_1915	1915	72172	72186	5	12	1296.602449	0	0	3.32192809488736	72174	72172	72177	12h, 6h, 8h, 4h	C6, NRK, PC_12, PK_15	***
LT934125.1	-	TC_1916	1916	72206	72307	95	8	652.755811	0	0	9.89986923232545	72256	72206	72301	6h, 8h	C6, NRK, PC_12, PK_15	**
LT934125.1	-	TC_1917	1917	72343	72343	0	1	740.19245	0	0	0	72343	72343	72343	2.5h	PC_12	*
LT934125.1	-	TC_1918	1918	72403	72504	97	7	1137.419007	0	0	15.492891862562	72448	72403	72500	8h, 12h, 4h, 6h	C6, NRK, PC_12	***
LT934125.1	-	TC_1919	1919	72563	72592	21	3	214.399321	0	0	5.02421225738452	72572	72563	72584	6h, 8h	C6, PC_12	**
LT934125.1	-	TC_1920	1920	72643	72672	23	6	237.752347	0	0	2.8073549220576	72658	72643	72666	6h, 8h, 12h, 4h	C6, NRK, PC_12, PK_15	**
LT934125.1	-	TC_1921	1921	72702	72757	48	11	910.100123	0	0	11.350091926723	72730	72702	72750	12h, 6h, 8h, 2h, 4h	C6, NRK, PC_12, PK_15	**
LT934125.1	-	TC_1922	1922	72793	72793	0	1	31.95705	0	0	0	72793	72793	72793	8h	PC_12	*
LT934125.1	-	TC_1923	1923	72851	72876	25	10	720.104561	0	0	4.09706862941342	72870	72851	72876	12h, 6h, 8h	C6, NRK, PC_12, PK_15	**
LT934125.1	-	TC_1924	1924	72963	73003	40	5	325.808812	0	0	0	72988	72963	73003	8h, 6h, 4h	C6, NRK, PC_12	**
LT934125.1	-	TC_1925	1925	73066	73066	0	1	26.651031	0	0	0	73066	73066	73066	6h	PC_12	*
LT934125.1	-	TC_1926	1926	73103	73110	3	14	2098.397268	0	0	3.5438558770067	73108	73105	73108	12h, 4h, 6h, 8h	C6, NRK, PC_12, PK_15	***
LT934125.1	-	TC_1927	1927	73150	73150	0	1	26.651031	0	0	0	73150	73150	73150	6h	PC_12	*
LT934125.1	-	TC_1928	1928	73196	73196	0	1	26.651031	0	0	0	73196	73196	73196	6h	PC_12	*
LT934125.1	-	TC_1929	1929	73226	73226	0	1	81.685999	0	0	0	73226	73226	73226	8h	NRK	*
LT934125.1	-	TC_1930	1930	73433	73433	0	1	86.244071	0	0	0	73433	73433	73433	6h	C6	*
LT934125.1	-	TC_1931	1931	73486	73486	0	1	31.95705	0	0	0	73486	73486	73486	8h	PC_12	*
LT934125.1	-	TC_1932	1932	73649	73686	37	4	177.136252	0	0	0	73666	73649	73686	6h, 8h	C6, PC_12	**
LT934125.1	-	TC_1933	1933	73787	73787	0	1	32.2841	0	0	0	73787	73787	73787	8h	C6	*
LT934125.1	-	TC_1934	1934	74006	74006	0	1	86.244071	0	0	0	74006	74006	74006	6h	C6	*
LT934125.1	-	TC_1935	1935	74089	74089	0	1	134.535181	0	0	0	74089	74089	74089	6h	NRK	*
LT934125.1	-	TC_1936	1936	74131	74131	0	1	362.056481	0	0	0	74131	74131	74131	2h	PK_15	*
LT934125.1	-	TC_1937	1937	74226	74233	0	1	81.188602	3	3	3	74226	74226	74226	4h	PK_15	*
LT934125.1	-	TC_1938	1938	74279	74283	4	2	167.93007	0	0	0	74281	74279	74283	6h, 8h	C6, NRK	*
LT934125.1	-	TC_1939	1939	74340	74349	4	16	4052.018928	0	0	2.37376029892961	74345	74345	74349	12h, 2h, 4h, 6h, 8h	C6, NRK, PC_12, PK_15	***
LT934125.1	-	TC_1940	1940	74562	74562	0	1	86.244071	0	0	0	74562	74562	74562	6h	C6	*
LT934125.1	-	TC_1941	1941	74597	74597	0	1	26.651031	0	0	0	74597	74597	74597	6h	PC_12	*
LT934125.1	-	TC_1942	1942	74743	74759	16	2	166.492231	0	0	0	74751	74743	74759	6h, 8h	NRK, PC_12	*
LT934125.1	-	TC_1943	1943	74835	74835	0	1	32.2841	0	0	0	74835	74835	74835	8h	C6	*
LT934125.1	-	TC_1944	1944	74992	75001	9	2	118.528171	0	0	0	74996	74992	75001	6h, 8h	C6	*
LT934125.1	-	TC_1945	1945	75065	75085	15	2	139.546133	0	0	2.58496250072116	75072	75065	75080	6h	C6, PC_12	*
LT934125.1	-	TC_1946	1946	75543	75543	0	1	100.38145	0	0	0	75543	75543	75543	4h	PC_12	*
LT934125.1	-	TC_1947	1947	75604	75623	19	4	117.993403	0	0	0	75610	75604	75623	8h, 4h	C6, PC_12, PK_15	*
LT934125.1	-	TC_1948	1948	75750	75750	0	1	31.95705	0	0	0	75750	75750	75750	8h	PC_12	*
LT934125.1	-	TC_1949	1949	75792	75792	0	1	26.651031	0	0	0	75792	75792	75792	6h	PC_12	*
LT934125.1	-	TC_1950	1950	75831	75873	20	2	150.812271	0	0	5.4262647547021	75841	75831	75851	6h, 8h	C6	*
LT934125.1	-	TC_1951	1951	75930	75959	29	5	305.049621	0	0	2.8073549220576	75944	75930	75959	6h, 8h, 4h	C6, NRK, PC_12, PK_15	**
LT934125.1	-	TC_1952	1952	76021	76044	23	4	880.48653	0	0	0	76036	76021	76044	8h, 2.5h, 6h	NRK, PC_12	**
LT934125.1	-	TC_1953	1953	76084	76089	5	3	72.74177	0	0	0	76087	76084	76089	12h, 4h, 6h	PK_15	*
LT934125.1	-	TC_1954	1954	76160	76160	0	1	81.685999	0	0	0	76160	76160	76160	8h	NRK	*
LT934125.1	-	TC_1955	1955	76251	76251	0	1	26.651031	0	0	0	76251	76251	76251	6h	PC_12	*
LT934125.1	-	TC_1956	1956	76311	76311	0	1	31.95705	0	0	0	76311	76311	76311	8h	PC_12	
LT934125.1	-	TC_1957	1957	76507	76507	0	1	86.244071	0	0	0	76507	76507	76507	6h	C6	*
LT934125.1	-	TC_1958	1958	76596	76596	0	1	31.95705	0	0	0	76596	76596	76596	8h	PC_12	*
LT934125.1	-	TC_1959	1959	76671	76671	0	1	81.685999	0	0	0	76671	76671	76671	8h	NRK	*
LT934125.1	-	TC_1960	1960	76812	76812	0	1	32.2841	0	0	0	76812	76812	76812	8h	C6	*
LT934125.1	-	TC_1961	1961	76860	76867	5	16	6252.028368	0	0	5.04285495750005	76860	76860	76865	12h, 6h, 8h, 1.5h, 4h, 2h	C6, NRK, PC_12, PK_15	***
LT934125.1	-	TC_1962	1962	76970	76970	0	1	525.486075	0	0	0	76970	76970	76970	4h	C6	
LT934125.1	-	TC_1963	1963	77133	77139	6	3	79.084918	0	0	0	77137	77133	77139	12h, 6h, 8h	PC_12	*
LT934125.1	-	TC_1964	1964	77603	77603	0	1	31.95705	0	0	0	77603	77603	77603	8h	PC_12	*
LT934125.1	-	TC_1965	1965	77985	77985	0	4	718.318703	0	0	0	77985	77985	77985	12h, 4h, 8h	NRK, PC_12, PK_15	**
LT934125.1	-	TC_1966	1966	78195	78195	0	1	32.2841	0	0	0	78195	78195	78195	8h	C6	*
LT934125.1	-	TC_1967	1967	78395	78395	0	1	81.685999	0	0	0	78395	78395	78395	8h	NRK	*
LT934125.1	-	TC_1968	1968	78490	78490	0	1	31.95705	0	0	0	78490	78490	78490	8h	PC_12	*
LT934125.1	-	TC_1969	1969	78652	78652	0	1	86.244071	0	0	0	78652	78652	78652	6h	C6	*
LT934125.1	-	TC_1970	1970	78864	78879	15	2	1572.789099	0	0	0	78872	78864	78879	1h, 8h	C6, PC_12	*
LT934125.1	-	TC_1971	1971	78942	78942	0	1	32.2841	0	0	0	78942	78942	78942	8h	C6	*
LT934125.1	-	TC_1972	1972	79245	79245	0	1	31.95705	0	0	0	79245	79245	79245	8h	PC_12	*
LT934125.1	-	TC_1973	1973	79390	79390	0	1	27.97418	0	0	0	79390	79390	79390	12h	C6	*
LT934125.1	-	TC_1974	1974	79578	79578	0	1	40.594301	0	0	0	79578	79578	79578	4h	PK_15	*
LT934125.1	-	TC_1975	1975	79609	79618	9	2	132.3385	0	0	0	79614	79609	79618	4h, 8h	PC_12	*
LT934125.1	-	TC_1976	1976	79665	79665	0	1	31.95705	0	0	0	79665	79665	79665	8h	PC_12	*
LT934125.1	-	TC_1977	1977	79844	79844	0	1	525.486075	0	0	0	79844	79844	79844	4h	C6	*
LT934125.1	-	TC_1978	1978	80225	80225	0	1	40.594301	0	0	0	80225	80225	80225	4h	PK_15	*
LT934125.1	-	TC_1979	1979	80260	80260	0	1	31.95705	0	0	0	80260	80260	80260	8h	PC_12	*
LT934125.1	-	TC_1980	1980	80323	80344	21	4	158.010104	0	0	0	80339	80323	80344	6h, 8h	C6, PC_12, PK_15	**
LT934125.1	-	TC_1981	1981	80434	80441	5	7	670.011359	0	0	3.94526000951105	80436	80434	80439	12h, 8h, 6h, 2h, 4h	C6, PC_12, PK_15	**
LT934125.1	-	TC_1982	1982	80479	80542	58	15	2573.282177	0	0	15.0788099941614	80498	80484	80542	12h, 4h, 6h, 8h	C6, NRK, PC_12, PK_15	***
LT934125.1	-	TC_1983	1983	80571	80740	88	18	8801.233486	0	0	25.2082443591787	80636	80586	80674	12h, 4h, 6h, 8h, 2.5h, 2h	C6, NRK, PC_12, PK_15	***
LT934125.1	-	TC_1984	1984	80741	80937	145	21	21186.935892	0	0	28.973182320508	80838	80762	80907	12h, 1h, 2h, 6h, 8h, 4h, 1.5h, 2.5h	C6, NRK, PC_12, PK_15	***
LT934125.1	-	TC_1985	1985	80973	80973	0	1	362.056481	0	0	0	80973	80973	80973	2h	PK_15	*
LT934125.1	-	TC_1986	1986	81007	81205	162	16	5778.179036	0	0	23.5804339921608	81058	81009	81171	12h, 4h, 6h, 8h, 2.5h, 2h	C6, NRK, PC_12, PK_15	***
LT934125.1	-	TC_1987	1987	81232	81306	62	14	1898.736889	0	0	17.6695417972606	81271	81240	81302	12h, 6h, 8h, 2.5h, 4h	C6, NRK, PC_12, PK_15	***
LT934125.1	-	TC_1988	1988	81342	81435	87	15	2123.956657	0	0	11.1091777033553	81401	81342	81429	12h, 6h, 8h, 4h, 2h	C6, NRK, PC_12, PK_15	***
LT934125.1	-	TC_1989	1989	81471	81517	37	8	606.944986	0	0	2.91238846173254	81490	81471	81508	12h, 6h, 8h, 2h	C6, NRK, PC_12, PK_15	**
LT934125.1	-	TC_1990	1990	81543	81617	74	8	2423.807173	0	0	5.57046445766834	81576	81543	81617	12h, 1h, 8h, 2h	C6, NRK, PC_12, PK_15	***
LT934125.1	-	TC_1991	1991	81645	81658	13	3	1745.604291	0	0	2.32192809488736	81652	81645	81658	1h, 6h, 8h	C6	**
LT934125.1	-	TC_1992	1992	81687	81688	1	6	179.090296	0	0	0.970950591843934	81688	81687	81688	12h, 4h, 6h, 8h	C6, NRK, PK_15	**
LT934125.1	-	TC_1993	1993	81728	81762	34	8	465.611718	0	0	0	81743	81728	81762	6h, 8h, 12h, 4h	C6, NRK, PC_12, PK_15	**
LT934125.1	-	TC_1994	1994	81803	81815	6	23	227034.684242	0	0	6.05945069610193	81805	81804	81810	12h, 1h, 2h, 4h, 6h, 8h, 1.5h, 2.5h	C6, NRK, PC_12, PK_15	***
LT934125.1	-	TC_1995	1995	81842	81900	55	19	22839.748575	0	0	8.84040437949131	81889	81842	81897	12h, 2h, 6h, 8h, 1h, 4h, 2.5h	C6, NRK, PC_12, PK_15	***
LT934125.1	-	TC_1996	1996	81979	81979	0	1	134.535181	0	0	0	81979	81979	81979	6h	NRK	*
LT934125.1	-	TC_1997	1997	82020	82026	6	14	1623.67345	0	0	5.38224328567038	82024	82020	82026	12h, 8h, 6h, 2h, 4h	C6, NRK, PC_12, PK_15	***
LT934125.1	-	TC_1998	1998	82126	82126	0	1	81.685999	0	0	0	82126	82126	82126	8h	NRK	*
LT934125.1	-	TC_1999	1999	82163	82163	0	1	586.85446	0	0	0	82163	82163	82163	4h	NRK	*
LT934125.1	-	TC_2000	2000	82203	82212	9	2	112.895102	0	0	0	82208	82203	82212	6h	C6, PC_12	*
LT934125.1	-	TC_2001	2001	82258	82279	21	2	113.643049	0	0	0	82268	82258	82279	8h	NRK, PC_12	*
LT934125.1	-	TC_2002	2002	82321	82329	8	4	1423.279379	0	0	1.45546445493694	82327	82321	82329	2h, 6h, 12h	C6, NRK, PC_12	**
LT934125.1	-	TC_2003	2003	82412	82412	0	1	31.95705	0	0	0	82412	82412	82412	8h	PC_12	*
LT934125.1	-	TC_2004	2004	82488	82497	9	2	113.970099	0	0	0	82492	82488	82497	8h	C6, NRK	*
LT934125.1	-	TC_2005	2005	82534	82543	9	2	118.201121	0	0	0	82538	82534	82543	6h, 8h	C6, PC_12	*
LT934125.1	-	TC_2006	2006	82750	82750	0	1	86.244071	0	0	0	82750	82750	82750	6h	C6	*
LT934125.1	-	TC_2007	2007	82852	82852	0	1	86.244071	0	0	0	82852	82852	82852	6h	C6	*
LT934125.1	-	TC_2008	2008	82893	82893	0	1	667.111408	0	0	0	82893	82893	82893	2h	PC_12	*
LT934125.1	-	TC_2009	2009	82991	83014	23	2	140.975751	0	0	0	83002	82991	83014	4h	PC_12, PK_15	*
LT934125.1	-	TC_2010	2010	83171	83171	0	1	31.95705	0	0	0	83171	83171	83171	8h	PC_12	*
LT934125.1	-	TC_2011	2011	83324	83324	0	1	26.651031	0	0	0	83324	83324	83324	6h	PC_12	*
LT934125.1	-	TC_2012	2012	83371	83371	0	1	26.651031	0	0	0	83371	83371	83371	6h	PC_12	*
LT934125.1	-	TC_2013	2013	83414	83414	0	1	86.244071	0	0	0	83414	83414	83414	6h	C6	*
LT934125.1	-	TC_2014	2014	83954	83954	0	2	107.224706	0	0	0	83954	83954	83954	12h, 6h	C6	*
LT934125.1	-	TC_2015	2015	84302	84302	0	1	134.535181	0	0	0	84302	84302	84302	6h	NRK	*
LT934125.1	-	TC_2016	2016	84467	84467	0	1	81.685999	0	0	0	84467	84467	84467	8h	NRK	*
LT934125.1	-	TC_2017	2017	84500	84500	0	1	86.244071	0	0	0	84500	84500	84500	6h	C6	*
LT934125.1	-	TC_2018	2018	84606	84623	17	2	113.970099	0	0	0	84614	84606	84623	8h	C6, NRK	*
LT934125.1	-	TC_2019	2019	84724	84724	0	1	40.594301	0	0	0	84724	84724	84724	4h	PK_15	
LT934125.1	-	TC_2020	2020	85050	85050	0	1	31.95705	0	0	0	85050	85050	85050	8h	PC_12	*
LT934125.1	-	TC_2021	2021	85656	85656	0	1	26.651031	0	0	0	85656	85656	85656	6h	PC_12	*
LT934125.1	-	TC_2022	2022	86072	86072	0	1	31.95705	0	0	0	86072	86072	86072	8h	PC_12	*
LT934125.1	-	TC_2023	2023	86289	86322	33	4	344.092891	0	0	0	86308	86289	86322	6h, 8h, 12h	C6, NRK, PC_12	**
LT934125.1	-	TC_2024	2024	86350	86376	24	4	303.284731	0	0	1.45546446705556	86360	86350	86374	8h, 6h, 4h	C6, NRK, PC_12, PK_15	**
LT934125.1	-	TC_2025	2025	86406	86412	6	2	101.64242	0	0	0	86409	86406	86412	12h	C6, NRK	*
LT934125.1	-	TC_2026	2026	86461	86580	119	11	1232.576569	0	0	9.68178219873147	86517	86461	86580	8h, 12h, 6h, 2h, 4h	C6, NRK, PC_12, PK_15	***
LT934125.1	-	TC_2027	2027	86607	86616	4	2	81.838941	0	0	3.32192809488736	86609	86607	86611	12h, 8h	NRK, PC_12	*
LT934125.1	-	TC_2028	2028	86644	86660	16	2	64.24115	0	0	0	86652	86644	86660	8h	C6, PC_12	*
LT934125.1	-	TC_2029	2029	86690	86748	56	9	579.33794	0	0	5.61470984411521	86719	86690	86746	12h, 6h, 8h, 4h	C6, NRK, PC_12, PK_15	**
LT934125.1	-	TC_2030	2030	86779	86779	0	1	31.95705	0	0	0	86779	86779	86779	8h	PC_12	*
LT934125.1	-	TC_2031	2031	86819	86819	0	1	26.651031	0	0	0	86819	86819	86819	6h	PC_12	*
LT934125.1	-	TC_2032	2032	86877	86938	61	12	873.621077	0	0	3.16992500144231	86908	86877	86938	12h, 6h, 8h, 4h	C6, NRK, PC_12, PK_15	**
LT934125.1	-	TC_2033	2033	86971	86998	27	5	327.911892	0	0	3.32192809488736	86986	86971	86998	12h, 8h, 4h, 6h	C6, NRK, PC_12	**
LT934125.1	-	TC_2034	2034	87031	87039	0	1	53.302062	3.16992500144231	3.16992500144231	3.16992500144231	87031	87031	87031	6h	PC_12	*
LT934125.1	-	TC_2035	2035	87059	87059	0	1	2227.171492	0	0	0	87059	87059	87059	1h	PC_12	*
LT934125.1	-	TC_2036	2036	87088	87100	12	3	74.648304	0	0	0	87092	87088	87100	12h, 4h, 6h	NRK, PK_15	*
LT934125.1	-	TC_2037	2037	87157	87170	4	22	56682.515369	0	0	3.65332735883349	87161	87157	87161	12h, 1h, 2h, 4h, 6h, 8h, 2.5h	C6, NRK, PC_12, PK_15	***
LT934125.1	-	TC_2038	2038	87212	87215	3	5	1034.40838	0	0	1.94190119424417	87214	87212	87215	4h, 12h, 6h, 8h	C6, NRK, PC_12, PK_15	**
LT934125.1	-	TC_2039	2039	87250	87253	0	3	376.709001	1.14927140039571	1.14927140039571	1.83659165725661	87250	87250	87250	12h, 8h	C6, PC_12	**
LT934125.1	-	TC_2040	2040	87282	87282	0	1	100.38145	0	0	0	87282	87282	87282	4h	PC_12	*
LT934125.1	-	TC_2041	2041	87318	87346	28	3	231.803034	0	0	4.5	87335	87318	87346	12h, 8h	C6, NRK	**
LT934125.1	-	TC_2042	2042	87380	87386	6	2	186.625521	0	0	0	87383	87380	87386	6h, 4h	C6, PC_12	*
LT934125.1	-	TC_2043	2043	87419	87449	28	19	9433.633662	0	0	5.47515275182347	87445	87419	87447	12h, 2h, 4h, 6h, 8h, 1h, 2.5h	C6, NRK, PC_12, PK_15	***
LT934125.1	-	TC_2044	2044	87519	87531	12	2	97.815161	0	0	0	87525	87519	87531	8h, 6h	NRK, PK_15	*
LT934125.1	-	TC_2045	2045	87556	87556	0	1	32.2841	0	0	0	87556	87556	87556	8h	C6	*
LT934125.1	-	TC_2046	2046	87583	87587	0	1	53.302062	2.32192809488736	2.32192809488736	2.32192809488736	87583	87583	87583	6h	PC_12	*
LT934125.1	-	TC_2047	2047	87639	87639	0	1	86.244071	0	0	0	87639	87639	87639	6h	C6	*
LT934125.1	-	TC_2048	2048	87673	87680	7	3	324.55821	0	0	3	87675	87673	87680	6h, 8h	NRK, PC_12	**
LT934125.1	-	TC_2049	2049	87707	87707	0	1	31.95705	0	0	0	87707	87707	87707	8h	PC_12	*
LT934125.1	-	TC_2050	2050	87769	87769	0	1	32.2841	0	0	0	87769	87769	87769	8h	C6	*
LT934125.1	-	TC_2051	2051	87812	87864	52	7	597.158883	0	0	0	87835	87812	87864	8h, 6h, 2h, 4h	C6, NRK, PC_12, PK_15	**
LT934125.1	-	TC_2052	2052	87980	87985	5	2	112.895102	0	0	0	87982	87980	87985	6h	C6, PC_12	*
LT934125.1	-	TC_2053	2053	88018	88018	0	3	127.128051	0	0	0	88018	88018	88018	8h	C6, NRK, PK_15	*
LT934125.1	-	TC_2054	2054	88065	88065	0	1	31.95705	0	0	0	88065	88065	88065	8h	PC_12	*
LT934125.1	-	TC_2055	2055	88102	88126	24	2	122.2803	0	0	0	88114	88102	88126	8h, 4h	NRK, PK_15	*
LT934125.1	-	TC_2056	2056	88236	88259	23	3	160.63973	0	0	0	88244	88236	88259	12h, 8h, 4h	C6, PC_12	**
LT934125.1	-	TC_2057	2057	88330	88330	0	1	31.95705	0	0	0	88330	88330	88330	8h	PC_12	*
LT934125.1	-	TC_2058	2058	88487	88533	46	5	293.973914	0	0	5.4262647547021	88508	88487	88533	6h, 8h, 4h	C6, PC_12, PK_15	**
LT934125.1	-	TC_2059	2059	88561	88561	0	1	31.95705	0	0	0	88561	88561	88561	8h	PC_12	*
LT934125.1	-	TC_2060	2060	88686	88713	22	2	85.586162	0	0	2.58496250072116	88697	88686	88708	8h, 6h	C6, PC_12	*
LT934125.1	-	TC_2061	2061	88753	88775	22	4	240.271304	0	0	0	88768	88753	88775	12h, 6h, 8h	C6, PC_12, PK_15	**
LT934125.1	-	TC_2062	2062	88802	88802	0	1	31.95705	0	0	0	88802	88802	88802	8h	PC_12	*
LT934125.1	-	TC_2063	2063	88836	88836	0	1	81.685999	0	0	0	88836	88836	88836	8h	NRK	*
LT934125.1	-	TC_2064	2064	88922	88922	0	1	26.651031	0	0	0	88922	88922	88922	6h	PC_12	*
LT934125.1	-	TC_2065	2065	89073	89081	0	15	7432.569488	0	0	2.66751192454069	89079	89079	89079	12h, 4h, 6h, 8h, 1h	C6, NRK, PC_12, PK_15	***
LT934125.1	-	TC_2066	2066	89145	89165	17	11	1949.121926	0	0	8.10237596114548	89154	89145	89162	12h, 6h, 8h, 2h, 4h	C6, NRK, PC_12, PK_15	***
LT934125.1	-	TC_2067	2067	89198	89205	7	2	826.436521	0	0	0	89202	89198	89205	6h, 2.5h	C6, PC_12	*
LT934125.1	-	TC_2068	2068	89258	89258	0	1	667.111408	0	0	0	89258	89258	89258	2h	PC_12	*
LT934125.1	-	TC_2069	2069	89404	89409	0	2	112.237194	0	0	2.37376028482232	89404	89404	89404	8h, 6h	C6, PC_12	*
LT934125.1	-	TC_2070	2070	89487	89487	0	1	31.95705	0	0	0	89487	89487	89487	8h	PC_12	*
LT934125.1	-	TC_2071	2071	89612	89657	22	4	3408.497085	0	0	5.52356195605701	89624	89612	89634	2h, 8h, 6h	NRK, PC_12	**
LT934125.1	-	TC_2072	2072	89757	89757	0	1	81.685999	0	0	0	89757	89757	89757	8h	NRK	*
LT934125.1	-	TC_2073	2073	89852	89871	19	2	772.1495	0	0	0	89862	89852	89871	2.5h, 8h	PC_12	*
LT934125.1	-	TC_2074	2074	89943	89943	0	1	40.594301	0	0	0	89943	89943	89943	4h	PK_15	*
LT934125.1	-	TC_2075	2075	90022	90043	21	2	47.631666	0	0	0	90032	90022	90043	12h, 6h	C6, PC_12	*
LT934125.1	-	TC_2076	2076	90107	90107	0	1	31.95705	0	0	0	90107	90107	90107	8h	PC_12	*
LT934125.1	-	TC_2077	2077	90326	90326	0	1	20.476837	0	0	0	90326	90326	90326	12h	PC_12	*
LT934125.1	-	TC_2078	2078	90454	90454	0	1	32.2841	0	0	0	90454	90454	90454	8h	C6	*
LT934125.1	-	TC_2079	2079	90571	90586	15	3	99.202382	0	0	0	90578	90571	90586	6h, 8h, 4h	PC_12, PK_15	*
LT934125.1	-	TC_2080	2080	90875	90875	0	1	31.95705	0	0	0	90875	90875	90875	8h	PC_12	*
LT934125.1	-	TC_2081	2081	91130	91130	0	1	172.488141	0	0	0	91130	91130	91130	6h	C6	*
LT934125.1	-	TC_2082	2082	91287	91287	0	1	31.95705	0	0	0	91287	91287	91287	8h	PC_12	*
LT934125.1	-	TC_2083	2083	91355	91355	0	1	27.97418	0	0	0	91355	91355	91355	12h	C6	*
LT934125.1	-	TC_2084	2084	91493	91493	0	1	63.914099	0	0	0	91493	91493	91493	8h	PC_12	*
LT934125.1	-	TC_2085	2085	91569	91569	0	1	81.685999	0	0	0	91569	91569	91569	8h	NRK	*
LT934125.1	-	TC_2086	2086	91704	91704	0	1	26.651031	0	0	0	91704	91704	91704	6h	PC_12	*
LT934125.1	-	TC_2087	2087	91799	91799	0	1	31.95705	0	0	0	91799	91799	91799	8h	PC_12	*
LT934125.1	-	TC_2088	2088	91854	91854	0	1	40.594301	0	0	0	91854	91854	91854	4h	PK_15	*
LT934125.1	-	TC_2089	2089	91992	91992	0	1	81.685999	0	0	0	91992	91992	91992	8h	NRK	*
LT934125.1	-	TC_2090	2090	92022	92022	0	1	32.2841	0	0	0	92022	92022	92022	8h	C6	*
LT934125.1	-	TC_2091	2091	92061	92061	0	1	134.535181	0	0	0	92061	92061	92061	6h	NRK	*
LT934125.1	-	TC_2092	2092	92150	92231	81	12	1638.59248	0	0	13.3538211939931	92198	92150	92231	12h, 4h, 6h, 8h, 2h	C6, NRK, PC_12, PK_15	***
LT934125.1	-	TC_2093	2093	92261	92283	13	4	2935.109206	0	0	3.05051273056363	92271	92261	92274	4h, 8h, 1.5h	C6, PC_12	**
LT934125.1	-	TC_2094	2094	92289	92312	9	12	2762.612174	0	0	5.6517730776163	92304	92303	92312	12h, 6h, 8h, 4h	C6, NRK, PC_12, PK_15	***
LT934125.1	-	TC_2095	2095	92343	92387	34	9	496.381266	0	0	6.33985000288462	92362	92343	92377	12h, 8h, 6h, 4h	C6, NRK, PC_12, PK_15	**
LT934125.1	-	TC_2096	2096	92412	92574	149	14	3889.272814	0	0	17.356286230786	92476	92412	92561	12h, 8h, 2.5h, 4h, 6h, 2h	C6, NRK, PC_12, PK_15	***
LT934125.1	-	TC_2097	2097	92588	92635	42	10	1324.984295	0	0	10.3384891005445	92620	92589	92631	12h, 6h, 8h, 4h	C6, NRK, PC_12, PK_15	***
LT934125.1	-	TC_2098	2098	92672	92744	54	12	1784.462961	0	0	12	92691	92672	92726	12h, 4h, 8h, 6h	C6, NRK, PC_12, PK_15	***
LT934125.1	-	TC_2099	2099	92764	92785	11	15	3130.609173	0	0	6.63296882489748	92775	92774	92785	12h, 6h, 8h, 4h, 2.5h	C6, NRK, PC_12, PK_15	***
LT934125.1	-	TC_2100	2100	92814	92853	35	12	1648.846067	0	0	4.84933703799079	92830	92814	92849	12h, 6h, 4h, 8h	C6, NRK, PC_12, PK_15	***
LT934125.1	-	TC_2101	2101	92927	92958	29	25	225549.665299	0	0	6.99976495268231	92934	92929	92958	12h, 1h, 2h, 4h, 6h, 8h, 1.5h, 2.5h	C6, NRK, PC_12, PK_15	***
LT934125.1	-	TC_2102	2102	93046	93186	140	13	4888.926878	0	0	16.521286803482	93126	93046	93186	12h, 8h, 4h, 6h, 1h, 2h	C6, NRK, PC_12, PK_15	***
LT934125.1	-	TC_2103	2103	93217	93296	64	14	4592.856401	0	0	13.5601390410364	93242	93217	93281	12h, 6h, 8h, 4h, 1h, 2.5h	C6, NRK, PC_12, PK_15	***
LT934125.1	-	TC_2104	2104	93337	93337	0	1	667.111408	0	0	0	93337	93337	93337	2h	PC_12	*
LT934125.1	-	TC_2105	2105	93367	93418	51	8	2649.754524	0	0	0	93392	93367	93418	8h, 1h, 4h, 6h	C6, NRK, PC_12, PK_15	***
LT934125.1	-	TC_2106	2106	93445	93482	37	10	1864.694373	0	0	2.91312952426191	93460	93445	93482	12h, 6h, 4h, 2.5h, 8h	C6, NRK, PC_12, PK_15	***
LT934125.1	-	TC_2107	2107	93527	93549	22	2	44.575872	0	0	0	93538	93527	93549	12h, 6h	NRK, PC_12	*
LT934125.1	-	TC_2108	2108	93583	93590	7	2	58.608081	0	0	0	93586	93583	93590	6h, 8h	PC_12	*
LT934125.1	-	TC_2109	2109	93644	93657	4	19	35346.332599	0	0	3.62594686269261	93654	93650	93654	12h, 2h, 4h, 6h, 8h	C6, NRK, PC_12, PK_15	***
LT934125.1	-	TC_2110	2110	93696	93696	0	1	16.129162	0	0	0	93696	93696	93696	6h	PK_15	*
LT934125.1	-	TC_2111	2111	93729	93729	0	1	31.95705	0	0	0	93729	93729	93729	8h	PC_12	*
LT934125.1	-	TC_2112	2112	93765	93775	10	3	255.082575	0	0	3.68016895976738	93768	93765	93775	6h, 4h	NRK, PC_12, PK_15	**
LT934125.1	-	TC_2113	2113	93816	93830	14	3	164.6226	0	0	0	93824	93816	93830	8h, 4h	C6, PC_12	**
LT934125.1	-	TC_2114	2114	93907	93907	0	1	26.651031	0	0	0	93907	93907	93907	6h	PC_12	*
LT934125.1	-	TC_2115	2115	93957	93957	0	1	31.95705	0	0	0	93957	93957	93957	8h	PC_12	*
LT934125.1	-	TC_2116	2116	93985	93985	0	1	16.129162	0	0	0	93985	93985	93985	6h	PK_15	*
LT934125.1	-	TC_2117	2117	94047	94047	0	1	31.95705	0	0	0	94047	94047	94047	8h	PC_12	*
LT934125.1	-	TC_2118	2118	94108	94108	0	1	667.111408	0	0	0	94108	94108	94108	2h	PC_12	*
LT934125.1	-	TC_2119	2119	94145	94166	21	2	619.13856	0	0	0	94156	94145	94166	8h, 4h	C6, NRK	*
LT934125.1	-	TC_2120	2120	94203	94203	0	2	58.608081	0	0	0	94203	94203	94203	6h, 8h	PC_12	*
LT934125.1	-	TC_2121	2121	94250	94251	1	2	132.3385	0	0	0	94250	94250	94251	4h, 8h	PC_12	*
LT934125.1	-	TC_2122	2122	94286	94286	0	1	16.129162	0	0	0	94286	94286	94286	6h	PK_15	*
LT934125.1	-	TC_2123	2123	94319	94357	38	3	782.972643	0	0	0	94338	94319	94357	2.5h, 6h	PC_12, PK_15	**
LT934125.1	-	TC_2124	2124	94411	94411	0	1	26.651031	0	0	0	94411	94411	94411	6h	PC_12	*
LT934125.1	-	TC_2125	2125	94438	94481	43	5	304.72257	0	0	0	94459	94438	94481	6h, 8h, 4h	C6, NRK, PC_12, PK_15	**
LT934125.1	-	TC_2126	2126	94515	94536	3	21	28986.02911	0	0	4.34918547626509	94526	94526	94529	12h, 1h, 4h, 6h, 8h, 2.5h, 2h	C6, NRK, PC_12, PK_15	***
LT934125.1	-	TC_2127	2127	94568	94568	0	1	740.19245	0	0	0	94568	94568	94568	2.5h	PC_12	*
LT934125.1	-	TC_2128	2128	94602	94602	0	1	31.95705	0	0	0	94602	94602	94602	8h	PC_12	*
LT934125.1	-	TC_2129	2129	94648	94648	0	1	32.2841	0	0	0	94648	94648	94648	8h	C6	*
LT934125.1	-	TC_2130	2130	94686	94686	0	1	31.95705	0	0	0	94686	94686	94686	8h	PC_12	*
LT934125.1	-	TC_2131	2131	94749	94774	25	3	70.481622	0	0	0	94759	94749	94774	12h, 8h	C6, PC_12, PK_15	*
LT934125.1	-	TC_2132	2132	94824	94824	0	1	100.38145	0	0	0	94824	94824	94824	4h	PC_12	*
LT934125.1	-	TC_2133	2133	94850	94850	0	2	707.705709	0	0	0	94850	94850	94850	2h, 4h	PC_12, PK_15	*
LT934125.1	-	TC_2134	2134	94887	94887	0	1	26.651031	0	0	0	94887	94887	94887	6h	PC_12	*
LT934125.1	-	TC_2135	2135	94941	94950	6	23	60563.938974	0	0	4.27259232853645	94947	94941	94947	12h, 2h, 4h, 6h, 8h, 1h, 2.5h	C6, NRK, PC_12, PK_15	***
LT934125.1	-	TC_2136	2136	95006	95006	0	1	34.967725	0	0	0	95006	95006	95006	12h	C6	*
LT934125.1	-	TC_2137	2137	95154	95156	2	3	144.852152	0	0	0	95155	95154	95156	6h, 8h	C6, PC_12	*
LT934125.1	-	TC_2138	2138	95357	95357	0	1	134.535181	0	0	0	95357	95357	95357	6h	NRK	*
LT934125.1	-	TC_2139	2139	95392	95392	0	2	60.779093	0	0	0	95392	95392	95392	12h, 6h	PC_12	*
LT934125.1	-	TC_2140	2140	95426	95426	0	1	134.535181	0	0	0	95426	95426	95426	6h	NRK	*
LT934125.1	-	TC_2141	2141	95501	95506	5	3	90.892181	0	0	0	95504	95501	95506	8h, 6h	C6, PC_12	*
LT934125.1	-	TC_2142	2142	95569	95569	0	1	100.38145	0	0	0	95569	95569	95569	4h	PC_12	*
LT934125.1	-	TC_2143	2143	95651	95651	0	1	31.95705	0	0	0	95651	95651	95651	8h	PC_12	*
LT934125.1	-	TC_2144	2144	95679	95698	18	11	817.290508	0	0	2.13221690458223	95693	95679	95697	12h, 6h, 8h	C6, NRK, PC_12, PK_15	**
LT934125.1	-	TC_2145	2145	95744	95744	0	1	40.594301	0	0	0	95744	95744	95744	4h	PK_15	*
LT934125.1	-	TC_2146	2146	95829	95829	0	1	31.95705	0	0	0	95829	95829	95829	8h	PC_12	*
LT934125.1	-	TC_2147	2147	95871	95882	11	3	85.910531	0	0	0	95878	95871	95882	12h, 6h, 8h	PC_12	*
LT934125.1	-	TC_2148	2148	95973	95973	0	1	362.056481	0	0	0	95973	95973	95973	2h	PK_15	*
LT934125.1	-	TC_2149	2149	96009	96015	0	1	64.5682	2.8073549220576	2.8073549220576	2.8073549220576	96009	96009	96009	8h	C6	*
LT934125.1	-	TC_2150	2150	96040	96050	4	3	247.680833	0	0	2.8073549220576	96041	96040	96044	6h, 8h, 4h	NRK, PC_12, PK_15	**
LT934125.1	-	TC_2151	2151	96072	96094	17	11	888.47716	0	0	2.37376030267464	96085	96072	96089	12h, 6h, 8h, 4h	C6, NRK, PC_12, PK_15	**
LT934125.1	-	TC_2152	2152	96115	96201	81	15	3862.18288	0	0	14.6005632735094	96153	96115	96196	12h, 6h, 8h, 4h, 2.5h, 2h	C6, NRK, PC_12, PK_15	***
LT934125.1	-	TC_2153	2153	96235	96252	17	6	4414.708359	0	0	2.58496250072116	96243	96235	96252	12h, 4h, 8h, 1.5h, 2.5h	NRK, PC_12, PK_15	***
LT934125.1	-	TC_2154	2154	96288	96332	36	13	4817.080514	0	0	6.08771237954945	96314	96288	96324	2h, 6h, 8h, 12h, 4h	C6, NRK, PC_12, PK_15	***
LT934125.1	-	TC_2155	2155	96351	96351	0	1	86.244071	0	0	0	96351	96351	96351	6h	C6	*
LT934125.1	-	TC_2156	2156	96382	96555	173	18	13455.863732	0	0	21.0753294701056	96453	96382	96555	12h, 1h, 4h, 8h, 6h, 1.5h, 2.5h, 2h	C6, NRK, PC_12, PK_15	***
LT934125.1	-	TC_2157	2157	96590	96608	5	17	13548.668822	0	0	7.91949147763709	96597	96596	96601	12h, 2h, 6h, 8h, 2.5h, 4h	C6, NRK, PC_12, PK_15	***
LT934125.1	-	TC_2158	2158	96628	96702	74	14	16991.946167	0	0	2.8073549220576	96675	96628	96702	12h, 1h, 2h, 6h, 8h, 4h, 1.5h	C6, NRK, PC_12, PK_15	***
LT934125.1	-	TC_2159	2159	96722	96750	19	5	785.355194	0	0	2.8073549220576	96736	96731	96750	12h, 8h, 6h, 2h	NRK, PC_12, PK_15	**
LT934125.1	-	TC_2160	2160	96776	96807	31	6	1011.072861	0	0	0	96785	96776	96807	6h, 12h, 8h, 2.5h, 4h	C6, NRK, PC_12, PK_15	***
LT934125.1	-	TC_2161	2161	96830	96852	18	14	3035.955257	0	0	6.4199346362404	96841	96834	96852	12h, 4h, 8h, 6h, 2h	C6, NRK, PC_12, PK_15	***
LT934125.1	-	TC_2162	2162	96904	97126	218	16	19249.536116	0	0	23.6512578272918	96978	96908	97126	12h, 4h, 6h, 8h, 1h, 2.5h, 2h	C6, NRK, PC_12, PK_15	***
LT934125.1	-	TC_2163	2163	97173	97297	124	18	16695.76206	0	0	17.4611308896826	97216	97173	97297	12h, 2h, 4h, 6h, 8h, 1.5h, 2.5h	C6, NRK, PC_12, PK_15	***
LT934125.1	-	TC_2164	2164	97321	97368	24	27	733073.097701	0	0	11.932204939177	97351	97337	97361	12h, 1h, 2h, 4h, 6h, 8h, 0.5h, 1.5h, 2.5h	C6, NRK, PC_12, PK_15	***
LT934125.1	-	TC_2165	2165	97471	97471	0	1	26.651031	0	0	0	97471	97471	97471	6h	PC_12	*
LT934125.1	-	TC_2166	2166	97523	97545	22	10	1950.120803	0	0	5.26513146048854	97534	97523	97545	12h, 2h, 6h, 8h, 4h	C6, NRK, PC_12	***
LT934125.1	-	TC_2167	2167	97621	97621	0	2	150.664343	0	0	0	97621	97621	97621	6h	NRK, PK_15	*
LT934125.1	-	TC_2168	2168	97787	97787	0	1	100.38145	0	0	0	97787	97787	97787	4h	PC_12	*
LT934125.1	-	TC_2169	2169	97886	97927	41	4	294.962551	0	0	0	97911	97886	97927	6h, 8h, 4h	C6, NRK, PC_12	**
LT934125.1	-	TC_2170	2170	98025	98025	0	1	86.244071	0	0	0	98025	98025	98025	6h	C6	*
LT934125.1	-	TC_2171	2171	98231	98231	0	2	45.442052	0	0	0	98231	98231	98231	8h	C6, PK_15	*
LT934125.1	-	TC_2172	2172	98326	98326	0	1	134.535181	0	0	0	98326	98326	98326	6h	NRK	*
LT934125.1	-	TC_2173	2173	98397	98415	18	9	1102.643511	0	0	0	98409	98397	98415	8h, 12h, 6h, 2h, 4h	C6, NRK, PC_12, PK_15	***
LT934125.1	-	TC_2174	2174	98596	98596	0	5	252.742099	0	0	0	98596	98596	98596	12h, 6h, 8h	C6, PC_12	**
LT934125.1	-	TC_2175	2175	98742	98742	0	1	31.95705	0	0	0	98742	98742	98742	8h	PC_12	
LT934125.1	-	TC_2176	2176	98793	98793	0	1	32.2841	0	0	0	98793	98793	98793	8h	C6	
LT934125.1	-	TC_2177	2177	98884	98884	0	1	86.244071	0	0	0	98884	98884	98884	6h	C6	
LT934125.1	-	TC_2178	2178	98985	98985	0	1	86.244071	0	0	0	98985	98985	98985	6h	C6	
LT934125.1	-	TC_2179	2179	99058	99058	0	1	667.111408	0	0	0	99058	99058	99058	2h	PC_12	
LT934125.1	-	TC_2180	2180	99452	99452	0	1	31.95705	0	0	0	99452	99452	99452	8h	PC_12	
LT934125.1	-	TC_2181	2181	99619	99619	0	1	525.486075	0	0	0	99619	99619	99619	4h	C6	
LT934125.1	-	TC_2182	2182	99876	99876	0	1	81.685999	0	0	0	99876	99876	99876	8h	NRK	
LT934125.1	-	TC_2183	2183	100047	100047	0	1	32.2841	0	0	0	100047	100047	100047	8h	C6	
LT934125.1	-	TC_2184	2184	100128	100128	0	1	667.111408	0	0	0	100128	100128	100128	2h	PC_12	
LT934125.1	-	TC_2185	2185	100233	100235	2	2	127.032481	0	0	0	100234	100233	100235	4h, 6h	PC_12	
LT934125.1	-	TC_2186	2186	100281	100281	0	1	17.924841	0	0	0	100281	100281	100281	12h	NRK	
LT934125.1	-	TC_2187	2187	101731	101731	0	1	31.95705	0	0	0	101731	101731	101731	8h	PC_12	*
LT934125.1	-	TC_2188	2188	101899	101905	0	1	26.315904	2.8073549220576	2.8073549220576	2.8073549220576	101899	101899	101899	8h	PK_15	*
LT934125.1	-	TC_2189	2189	101939	101939	0	1	86.244071	0	0	0	101939	101939	101939	6h	C6	*
LT934125.1	-	TC_2190	2190	102042	102042	0	1	31.95705	0	0	0	102042	102042	102042	8h	PC_12	*
LT934125.1	-	TC_2191	2191	102135	102135	0	1	362.056481	0	0	0	102135	102135	102135	2h	PK_15	*
LT934125.1	-	TC_2192	2192	102299	102299	0	1	100.38145	0	0	0	102299	102299	102299	4h	PC_12	*
LT934125.1	-	TC_2193	2193	102465	102550	69	15	9954.165564	0	0	9.2846802072144	102511	102478	102547	12h, 8h, 6h, 1h, 2.5h, 2h, 4h	C6, NRK, PC_12, PK_15	***
LT934125.1	-	TC_2194	2194	102586	102723	97	15	9806.70725	0	0	14.0738216828737	102635	102586	102683	12h, 2h, 6h, 8h, 2.5h, 4h, 1h	C6, NRK, PC_12, PK_15	***
LT934125.1	-	TC_2195	2195	102762	102842	80	7	11066.585248	0	0	6.06608919045777	102796	102762	102842	8h, 12h, 1.5h, 2h, 6h, 1h	C6, NRK, PC_12, PK_15	***
LT934125.1	-	TC_2196	2196	102909	103016	104	13	9975.576685	0	0	10.4408442772755	102952	102909	103013	8h, 12h, 4h, 6h, 1.5h, 1h	C6, NRK, PC_12, PK_15	***
LT934125.1	-	TC_2197	2197	103040	103076	36	6	3079.411671	0	0	0	103055	103040	103076	8h, 1.5h, 2h, 4h, 6h	C6, PC_12, PK_15	***
LT934125.1	-	TC_2198	2198	103103	103172	45	7	3260.789007	0	0	5.97727992349992	103119	103103	103148	8h, 12h, 4h, 6h, 1h	C6, NRK, PC_12, PK_15	***
LT934125.1	-	TC_2199	2199	103220	103230	10	3	1061.451989	0	0	0	103227	103220	103230	8h, 2h	C6, PC_12, PK_15	**
LT934125.1	-	TC_2200	2200	103283	103306	23	3	140.62113	0	0	0	103293	103283	103306	8h, 6h	C6, NRK, PC_12	*
LT934125.1	-	TC_2201	2201	103331	103425	94	10	4226.737738	0	0	12	103389	103331	103425	8h, 12h, 4h, 6h, 1h, 2h	C6, NRK, PC_12, PK_15	***
LT934125.1	-	TC_2202	2202	103470	103546	63	5	6071.420128	0	0	5.6724253419715	103494	103470	103533	8h, 12h, 4h, 1h	C6, NRK, PC_12, PK_15	**
LT934125.1	-	TC_2203	2203	103605	103616	11	3	193.706543	0	0	0	103610	103605	103616	8h, 12h, 6h	C6, NRK	**
LT934125.1	-	TC_2204	2204	103644	103645	1	2	10182.6961	0	0	0	103644	103644	103645	1h, 8h	NRK	*
LT934125.1	-	TC_2205	2205	103673	103695	22	2	49.881891	0	0	0	103684	103673	103695	12h, 8h	NRK, PC_12	*
LT934125.1	-	TC_2206	2206	103733	103736	0	10	1076.150278	0	0	1.45546446588304	103735	103735	103735	12h, 6h, 8h, 4h	C6, NRK, PC_12, PK_15	***
LT934125.1	-	TC_2207	2207	103782	103788	6	3	2378.881612	0	0	0	103784	103782	103788	6h, 1.5h, 8h	NRK, PC_12	**
LT934125.1	-	TC_2208	2208	103815	103834	19	4	3028.812059	0	0	0	103827	103815	103834	8h, 1h, 4h	C6, PC_12, PK_15	**
LT934125.1	-	TC_2209	2209	103872	103901	29	4	180.376665	0	0	0	103888	103872	103901	6h, 12h, 4h	C6, NRK, PC_12, PK_15	**
LT934125.1	-	TC_2210	2210	103933	103969	36	5	989.896284	0	0	1	103953	103933	103969	8h, 12h, 2.5h, 4h	C6, NRK, PC_12, PK_15	**
LT934125.1	-	TC_2211	2211	104019	104019	0	1	32.2841	0	0	0	104019	104019	104019	8h	C6	*
LT934125.1	-	TC_2212	2212	104047	104052	5	5	541.167098	0	0	0	104048	104047	104052	12h, 8h, 2h, 4h	C6, NRK, PK_15	**
LT934125.1	-	TC_2213	2213	104083	104083	0	1	16.129162	0	0	0	104083	104083	104083	6h	PK_15	*
LT934125.1	-	TC_2214	2214	104152	104162	10	2	69.431225	0	0	0	104157	104152	104162	6h	PC_12, PK_15	*
LT934125.1	-	TC_2215	2215	104200	104241	41	10	2613.909121	0	0	2.13221690286452	104229	104200	104241	2h, 12h, 6h, 8h, 4h	C6, NRK, PC_12, PK_15	***
LT934125.1	-	TC_2216	2216	104315	104315	0	1	40.594301	0	0	0	104315	104315	104315	4h	PK_15	*
LT934125.1	-	TC_2217	2217	104360	104360	0	1	32.2841	0	0	0	104360	104360	104360	8h	C6	*
LT934125.1	-	TC_2218	2218	104448	104464	16	2	32620.120997	0	0	0	104456	104448	104464	0.5h, 2h	PC_12, PK_15	*
LT934125.1	-	TC_2219	2219	104520	104522	2	2	127.032481	0	0	0	104521	104520	104522	4h, 6h	PC_12	*
LT934125.1	-	TC_2220	2220	104577	104577	0	1	740.19245	0	0	0	104577	104577	104577	2.5h	PC_12	*
LT934125.1	-	TC_2221	2221	104602	104626	24	4	840.044209	0	0	0	104610	104602	104626	2h, 4h, 8h	PC_12, PK_15	**
LT934125.1	-	TC_2222	2222	104714	104714	0	1	26.651031	0	0	0	104714	104714	104714	6h	PC_12	*
LT934125.1	-	TC_2223	2223	104762	104767	5	2	72.878401	0	0	0	104764	104762	104767	8h, 4h	C6, PK_15	*
LT934125.1	-	TC_2224	2224	104793	104854	54	6	359.535765	0	0	5.8073549220576	104809	104793	104847	12h, 6h, 4h, 8h	NRK, PC_12, PK_15	**
LT934125.1	-	TC_2225	2225	104904	104904	0	1	2923.976608	0	0	0	104904	104904	104904	1h	PK_15	*
LT934125.1	-	TC_2226	2226	104962	104962	0	1	26.651031	0	0	0	104962	104962	104962	6h	PC_12	*
LT934125.1	-	TC_2227	2227	105005	105080	75	9	991.266719	0	0	3.16992500144231	105040	105005	105080	8h, 4h, 6h	C6, NRK, PC_12, PK_15	***
LT934125.1	-	TC_2228	2228	105116	105131	15	2	402.650782	0	0	0	105124	105116	105131	2h, 4h	PK_15	*
LT934125.1	-	TC_2229	2229	105192	105210	18	2	3024.358058	0	0	0	105201	105192	105210	4h, 1h	PC_12, PK_15	*
LT934125.1	-	TC_2230	2230	105263	105263	0	1	2923.976608	0	0	0	105263	105263	105263	1h	PK_15	*
LT934125.1	-	TC_2231	2231	105320	105320	0	1	26.651031	0	0	0	105320	105320	105320	6h	PC_12	*
LT934125.1	-	TC_2232	2232	105353	105355	2	3	3021.791769	0	0	0	105354	105353	105355	8h, 1h, 6h	NRK, PK_15	**
LT934125.1	-	TC_2233	2233	105391	105391	0	1	26.651031	0	0	0	105391	105391	105391	6h	PC_12	*
LT934125.1	-	TC_2234	2234	105486	105489	3	2	104.569295	0	0	2	105488	105486	105489	8h, 12h	NRK, PK_15	*
LT934125.1	-	TC_2235	2235	105529	105539	10	2	1279.751674	0	0	0	105534	105529	105539	2h, 4h	C6, PK_15	*
LT934125.1	-	TC_2236	2236	105614	105618	4	2	113.643049	0	0	0	105616	105614	105618	8h	NRK, PC_12	*
LT934125.1	-	TC_2237	2237	105655	105655	0	1	81.685999	0	0	0	105655	105655	105655	8h	NRK	*
LT934125.1	-	TC_2238	2238	105760	105765	5	2	379.981322	0	0	0	105762	105760	105765	12h, 2h	NRK, PK_15	*
LT934125.1	-	TC_2239	2239	105842	105863	21	2	58.608081	0	0	0	105852	105842	105863	6h, 8h	PC_12	*
LT934125.1	-	TC_2240	2240	105895	105895	0	1	2923.976608	0	0	0	105895	105895	105895	1h	PK_15	*
LT934125.1	-	TC_2241	2241	105966	105966	0	1	40.594301	0	0	0	105966	105966	105966	4h	PK_15	*
LT934125.1	-	TC_2242	2242	106049	106049	0	1	17.924841	0	0	0	106049	106049	106049	12h	NRK	*
LT934125.1	-	TC_2243	2243	106189	106189	0	1	32.2841	0	0	0	106189	106189	106189	8h	C6	*
LT934125.1	-	TC_2244	2244	106235	106245	10	2	2964.570909	0	0	0	106240	106235	106245	1h, 4h	PK_15	*
LT934125.1	-	TC_2245	2245	106297	106297	0	1	16.129162	0	0	0	106297	106297	106297	6h	PK_15	*
LT934125.1	-	TC_2246	2246	106325	106325	0	1	26.651031	0	0	0	106325	106325	106325	6h	PC_12	*
LT934125.1	-	TC_2247	2247	106377	106377	0	1	525.486075	0	0	0	106377	106377	106377	4h	C6	*
LT934125.1	-	TC_2248	2248	106506	106506	0	1	81.685999	0	0	0	106506	106506	106506	8h	NRK	*
LT934125.1	-	TC_2249	2249	106532	106532	0	1	16.129162	0	0	0	106532	106532	106532	6h	PK_15	*
LT934125.1	-	TC_2250	2250	106566	106577	11	2	64.24115	0	0	0	106572	106566	106577	8h	C6, PC_12	*
LT934125.1	-	TC_2251	2251	106605	106609	4	7	372.763166	0	0	0	106606	106605	106609	12h, 6h, 4h, 8h	C6, NRK, PC_12, PK_15	**
LT934125.1	-	TC_2252	2252	106644	106673	29	3	153.489403	0	0	0	106658	106644	106673	6h, 4h	C6, PC_12, PK_15	**
LT934125.1	-	TC_2253	2253	106706	106706	0	1	134.535181	0	0	0	106706	106706	106706	6h	NRK	*
LT934125.1	-	TC_2254	2254	106734	106734	0	1	26.651031	0	0	0	106734	106734	106734	6h	PC_12	*
LT934125.1	-	TC_2255	2255	106793	106796	3	2	140.975751	0	0	0	106794	106793	106796	4h	PC_12, PK_15	*
LT934125.1	-	TC_2256	2256	106855	106870	15	4	3007.351102	0	0	0	106861	106855	106870	6h, 1h, 4h	PC_12, PK_15	**
LT934125.1	-	TC_2257	2257	106911	106952	41	4	3408.313389	0	0	0	106936	106911	106952	8h, 1h, 2h, 4h	NRK, PK_15	**
LT934125.1	-	TC_2258	2258	107001	107012	11	3	201.780513	0	0	0	107005	107001	107012	6h, 4h	NRK, PC_12, PK_15	**
LT934125.1	-	TC_2259	2259	107044	107063	16	14	12467.667903	0	0	7.08771884980443	107052	107047	107063	6h, 8h, 1h, 4h, 12h	C6, NRK, PC_12, PK_15	***
LT934125.1	-	TC_2260	2260	107093	107099	0	4	234.366581	0	0	2.67943497377901	107099	107099	107099	6h, 4h, 8h	PC_12, PK_15	**
LT934125.1	-	TC_2261	2261	107130	107130	0	1	667.111408	0	0	0	107130	107130	107130	2h	PC_12	*
LT934125.1	-	TC_2262	2262	107167	107211	44	5	3063.501896	0	0	0	107190	107167	107211	6h, 8h, 1h, 4h	PC_12, PK_15	**
LT934125.1	-	TC_2263	2263	107268	107285	17	5	532.422993	0	0	0	107276	107268	107285	8h, 2h, 4h, 6h	NRK, PC_12, PK_15	**
LT934125.1	-	TC_2264	2264	107362	107395	3	19	28546.920304	0	0	8.74649820936806	107369	107366	107369	12h, 2h, 6h, 8h, 4h, 2.5h	C6, NRK, PC_12, PK_15	***
LT934125.1	-	TC_2265	2265	107411	107428	17	5	3080.229502	0	0	0	107425	107411	107428	8h, 6h, 1h, 4h	C6, PC_12, PK_15	**
LT934125.1	-	TC_2266	2266	107472	107564	22	19	232863.966285	0	0	4.6185294417591	107558	107537	107559	12h, 6h, 8h, 0.5h, 1h, 2h, 4h	C6, NRK, PC_12, PK_15	***
LT934125.1	-	TC_2267	2267	107600	107662	62	9	954.975814	0	0	7.30363309617111	107631	107600	107662	6h, 8h, 2h, 4h	C6, NRK, PC_12, PK_15	**
LT934125.1	-	TC_2268	2268	107687	107687	0	1	134.535181	0	0	0	107687	107687	107687	6h	NRK	*
LT934125.1	-	TC_2269	2269	107722	107737	15	2	10687.864561	0	0	0	107730	107722	107737	1h, 4h	NRK	*
LT934125.1	-	TC_2270	2270	107792	107792	0	1	81.685999	0	0	0	107792	107792	107792	8h	NRK	*
LT934125.1	-	TC_2271	2271	107834	107834	0	1	16.129162	0	0	0	107834	107834	107834	6h	PK_15	*
LT934125.1	-	TC_2272	2272	107917	107917	0	2	161.186212	0	0	0	107917	107917	107917	6h	NRK, PC_12	*
LT934125.1	-	TC_2273	2273	108046	108046	0	1	586.85446	0	0	0	108046	108046	108046	4h	NRK	*
LT934125.1	-	TC_2274	2274	108136	108136	0	1	134.535181	0	0	0	108136	108136	108136	6h	NRK	*
LT934125.1	-	TC_2275	2275	108337	108337	0	1	32.2841	0	0	0	108337	108337	108337	8h	C6	*
LT934125.1	-	TC_2276	2276	108450	108456	6	2	128.15525	0	0	4.44955227767627	108453	108450	108456	8h	C6, PC_12	*
LT934125.1	-	TC_2277	2277	108494	108494	0	1	667.111408	0	0	0	108494	108494	108494	2h	PC_12	*
LT934125.1	-	TC_2278	2278	108671	108671	0	1	31.95705	0	0	0	108671	108671	108671	8h	PC_12	*
LT934125.1	-	TC_2279	2279	108717	108745	28	10	1844.229265	0	0	3.51376731341793	108730	108717	108745	12h, 2h, 8h, 4h, 6h	C6, PC_12, PK_15	***
LT934125.1	-	TC_2280	2280	109158	109158	0	1	17.924841	0	0	0	109158	109158	109158	12h	NRK	
LT934125.1	-	TC_2281	2281	109375	109375	0	1	32.2841	0	0	0	109375	109375	109375	8h	C6	
LT934125.1	-	TC_2282	2282	109437	109437	0	1	31.95705	0	0	0	109437	109437	109437	8h	PC_12	
LT934125.1	-	TC_2283	2283	109730	109749	19	3	131.159431	0	0	0	109738	109730	109749	6h, 8h, 4h	PC_12, PK_15	
LT934125.1	-	TC_2284	2284	110320	110320	0	1	64.5682	0	0	0	110320	110320	110320	8h	C6	
LT934125.1	-	TC_2285	2285	110589	110589	0	1	31.95705	0	0	0	110589	110589	110589	8h	PC_12	
LT934125.1	-	TC_2286	2286	110645	110663	18	2	388.707512	0	0	0	110654	110645	110663	6h, 2h	PC_12, PK_15	
LT934125.1	-	TC_2287	2287	110699	110706	3	2	301.027412	0	0	3	110700	110699	110702	6h, 8h	NRK, PC_12	
LT934125.1	-	TC_2288	2288	110773	110781	0	1	63.9141	3.16992500144231	3.16992500144231	3.16992500144231	110773	110773	110773	8h	PC_12	
LT934125.1	-	TC_2289	2289	110908	110908	0	1	667.111408	0	0	0	110908	110908	110908	2h	PC_12	
LT934125.1	-	TC_2290	2290	110937	110950	13	3	85.221785	0	0	0	110946	110937	110950	12h, 8h	C6, PC_12	
LT934125.1	-	TC_2291	2291	111027	111027	0	1	31.95705	0	0	0	111027	111027	111027	8h	PC_12	
LT934125.1	-	TC_2292	2292	111097	111107	6	18	15046.414079	0	0	2.96969500417036	111103	111099	111105	12h, 8h, 4h, 6h, 1h, 2.5h, 2h	C6, NRK, PC_12, PK_15	
LT934125.1	-	TC_2293	2293	111157	111157	0	1	32258.064516	0	0	0	111157	111157	111157	0.5h	PC_12	
LT934125.1	-	TC_2294	2294	111360	111360	0	1	26.651031	0	0	0	111360	111360	111360	6h	PC_12	
LT934125.1	-	TC_2295	2295	111662	111663	1	2	166.492231	0	0	0	111662	111662	111663	6h, 8h	NRK, PC_12	
LT934125.1	-	TC_2296	2296	111970	111970	0	1	17.924841	0	0	0	111970	111970	111970	12h	NRK	
LT934125.1	-	TC_2297	2297	112058	112058	0	1	31.95705	0	0	0	112058	112058	112058	8h	PC_12	
LT934125.1	-	TC_2298	2298	112144	112144	0	1	26.651031	0	0	0	112144	112144	112144	6h	PC_12	
LT934125.1	-	TC_2299	2299	112864	112864	0	1	31.95705	0	0	0	112864	112864	112864	8h	PC_12	
LT934125.1	-	TC_2300	2300	113002	113020	18	2	113.643049	0	0	0	113011	113002	113020	8h	NRK, PC_12	
LT934125.1	-	TC_2301	2301	113426	113426	0	1	86.244071	0	0	0	113426	113426	113426	6h	C6	
LT934125.1	-	TC_2302	2302	113523	113523	0	2	53.886971	0	0	0	113523	113523	113523	8h	PC_12, PK_15	
LT934125.1	-	TC_2303	2303	113556	113556	0	1	32.2841	0	0	0	113556	113556	113556	8h	C6	
LT934125.1	-	TC_2304	2304	113694	113694	0	1	26.651031	0	0	0	113694	113694	113694	6h	PC_12	*
LT934125.1	-	TC_2305	2305	113733	113754	21	3	148.931331	0	0	0	113746	113733	113754	8h, 6h, 4h	NRK, PC_12, PK_15	
LT934125.1	-	TC_2306	2306	113816	113816	0	1	31.95705	0	0	0	113816	113816	113816	8h	PC_12	
LT934125.1	-	TC_2307	2307	114125	114138	13	2	97.317763	0	0	0	114132	114125	114138	4h, 6h	PK_15	
LT934125.1	-	TC_2308	2308	114506	114506	0	1	31.95705	0	0	0	114506	114506	114506	8h	PC_12	
LT934125.1	-	TC_2309	2309	115306	115306	0	1	20.980635	0	0	0	115306	115306	115306	12h	C6	
LT934125.1	-	TC_2310	2310	115346	115353	7	2	48.086212	0	0	0	115350	115346	115353	8h, 6h	PC_12, PK_15	*
LT934125.1	-	TC_2311	2311	115518	115543	4	16	10280.255996	0	0	6.49934082794902	115530	115528	115532	12h, 2h, 4h, 6h, 8h	C6, NRK, PC_12, PK_15	***
LT934125.1	-	TC_2312	2312	115581	115593	12	2	67.245332	0	0	0	115587	115581	115593	6h, 4h	PC_12, PK_15	*
LT934125.1	-	TC_2313	2313	115606	115709	51	18	11100.152986	0	0	21.7813099710918	115646	115634	115685	12h, 4h, 6h, 8h, 2.5h, 2h	C6, NRK, PC_12, PK_15	***
LT934125.1	-	TC_2314	2314	115855	115855	0	1	20.980635	0	0	0	115855	115855	115855	12h	C6	*
LT934125.1	-	TC_2315	2315	115929	115929	0	1	31.95705	0	0	0	115929	115929	115929	8h	PC_12	*
LT934125.1	-	TC_2316	2316	116149	116149	0	1	26.651031	0	0	0	116149	116149	116149	6h	PC_12	*
LT934125.1	-	TC_2317	2317	116570	116579	9	3	140.869282	0	0	0	116576	116570	116579	12h, 6h	C6, PC_12	*
LT934125.1	-	TC_2318	2318	116771	116789	18	2	378.185643	0	0	0	116780	116771	116789	2h, 6h	PK_15	*
LT934125.1	-	TC_2319	2319	116843	116915	72	11	1235.941855	0	0	5.18914741173035	116882	116843	116915	12h, 6h, 8h, 2h, 4h	C6, NRK, PC_12, PK_15	***
LT934125.1	-	TC_2320	2320	117246	117249	3	2	44.575872	0	0	0	117248	117246	117249	12h, 6h	NRK, PC_12	*
LT934125.1	-	TC_2321	2321	117340	117340	0	1	31.95705	0	0	0	117340	117340	117340	8h	PC_12	*
LT934125.1	-	TC_2322	2322	117655	117655	0	1	81.685999	0	0	0	117655	117655	117655	8h	NRK	*
LT934125.1	-	TC_2323	2323	117733	117733	0	1	31.95705	0	0	0	117733	117733	117733	8h	PC_12	*
LT934125.1	-	TC_2324	2324	117778	117778	0	1	32.2841	0	0	0	117778	117778	117778	8h	C6	*
LT934125.1	-	TC_2325	2325	117828	117828	0	1	134.535181	0	0	0	117828	117828	117828	6h	NRK	*
LT934125.1	-	TC_2326	2326	117853	117853	0	1	31.95705	0	0	0	117853	117853	117853	8h	PC_12	*
LT934125.1	-	TC_2327	2327	118007	118008	1	2	64.24115	0	0	0	118008	118007	118008	8h	C6, PC_12	*
LT934125.1	-	TC_2328	2328	118085	118093	8	2	132.66555	0	0	0	118089	118085	118093	8h, 4h	C6, PC_12	*
LT934125.1	-	TC_2329	2329	118199	118215	16	2	90.56513	0	0	0	118207	118199	118215	6h, 8h	PC_12	*
LT934125.1	-	TC_2330	2330	118348	118400	24	15	7520.635869	0	0	7.16923230940862	118398	118376	118400	12h, 6h, 8h, 2h, 4h, 2.5h	C6, NRK, PC_12, PK_15	***
LT934125.1	-	TC_2331	2331	118504	118504	0	1	100.38145	0	0	0	118504	118504	118504	4h	PC_12	*
LT934125.1	-	TC_2332	2332	118686	118739	53	10	4611.909962	0	0	9.25382421378436	118720	118686	118739	4h, 6h, 8h, 12h, 2h	C6, NRK, PC_12	***
LT934125.1	-	TC_2333	2333	118809	118809	0	1	134.535181	0	0	0	118809	118809	118809	6h	NRK	*
LT934125.1	-	TC_2334	2334	118930	118930	0	1	86.244071	0	0	0	118930	118930	118930	6h	C6	*
LT934125.1	-	TC_2335	2335	119031	119070	36	16	6677.723746	0	0	5.65254872873024	119056	119031	119067	12h, 1h, 2h, 8h, 6h, 4h	C6, NRK, PC_12, PK_15	***
LT934125.1	-	TC_2336	2336	119113	119149	35	6	866.702241	0	0	4.53079784074032	119140	119113	119148	12h, 8h, 6h	C6, NRK, PC_12	**
LT934125.1	-	TC_2337	2337	119188	119190	2	3	193.706543	0	0	0	119189	119188	119190	8h, 12h, 6h	C6, NRK	**
LT934125.1	-	TC_2338	2338	119229	119244	15	2	59.58655	0	0	0	119236	119229	119244	8h, 12h	C6, PC_12	
LT934125.1	-	TC_2339	2339	119299	119325	26	3	80.403284	0	0	0	119313	119299	119325	6h, 4h, 8h	PC_12, PK_15	*
LT934125.1	-	TC_2340	2340	119359	119362	3	4	779.308593	0	0	2	119360	119359	119362	12h, 2h, 8h	C6, PC_12	**
LT934125.1	-	TC_2341	2341	119416	119446	26	4	257.323738	0	0	3.68016895976738	119432	119416	119442	12h, 4h, 8h	PC_12, PK_15	
LT934125.1	-	TC_2342	2342	119478	119501	18	15	3458.601457	0	0	2.32192809488736	119494	119481	119499	12h, 6h, 8h, 2.5h, 2h	C6, NRK, PC_12, PK_15	***
LT934125.1	-	TC_2343	2343	119641	119641	0	1	31.95705	0	0	0	119641	119641	119641	8h	PC_12	
LT934125.1	-	TC_2344	2344	119688	119688	0	1	17.543937	0	0	0	119688	119688	119688	8h	PK_15	
LT934125.1	-	TC_2345	2345	119841	119841	0	1	31.95705	0	0	0	119841	119841	119841	8h	PC_12	
LT934125.1	-	TC_2346	2346	119899	119935	16	14	4107.21457	0	0	13.0301385136461	119913	119907	119923	12h, 4h, 6h, 8h	C6, NRK, PC_12, PK_15	
LT934125.1	-	TC_2347	2347	119979	119994	14	12	2433.74645	0	0	5.06443377204063	119990	119979	119993	12h, 6h, 8h, 4h, 2h	C6, NRK, PC_12, PK_15	***
LT934125.1	-	TC_2348	2348	120036	120069	24	9	2899.089803	0	0	5.63179896288612	120055	120036	120060	12h, 6h, 8h, 1.5h	C6, NRK, PC_12, PK_15	
LT934125.1	-	TC_2349	2349	120137	120144	7	10	878.923105	0	0	1	120140	120137	120144	12h, 4h, 6h, 8h	C6, NRK, PC_12, PK_15	**
LT934125.1	-	TC_2350	2350	120187	120196	9	6	251.675451	0	0	0	120188	120187	120196	12h, 8h, 6h	C6, NRK, PC_12, PK_15	
LT934125.1	-	TC_2351	2351	120234	120250	4	8	675.16257	0	0	6.13119427786362	120240	120237	120241	12h, 8h, 4h, 6h	C6, PC_12, PK_15	
LT934125.1	-	TC_2352	2352	120405	120454	36	14	4779.000603	0	0	12.9128879324028	120431	120418	120454	12h, 2h, 8h, 4h, 6h	C6, NRK, PC_12, PK_15	***
LT934125.1	-	TC_2353	2353	120676	120676	0	1	31.95705	0	0	0	120676	120676	120676	8h	PC_12	
LT934125.1	-	TC_2354	2354	121127	121127	0	1	32.2841	0	0	0	121127	121127	121127	8h	C6	
LT934125.1	-	TC_2355	2355	121344	121361	0	1	127.8282	8.33985000288462	8.33985000288462	8.33985000288462	121344	121344	121344	8h	PC_12	
LT934125.1	-	TC_2356	2356	121418	121418	0	1	26.651031	0	0	0	121418	121418	121418	6h	PC_12	
LT934125.1	-	TC_2357	2357	121484	121507	23	4	179.819877	0	0	0	121499	121484	121507	12h, 6h, 8h	C6, PC_12	
LT934125.1	-	TC_2358	2358	121532	121532	0	1	20.476837	0	0	0	121532	121532	121532	12h	PC_12	
LT934125.1	-	TC_2359	2359	121574	121574	0	1	100.38145	0	0	0	121574	121574	121574	4h	PC_12	
LT934125.1	-	TC_2360	2360	121604	121604	0	1	31.95705	0	0	0	121604	121604	121604	8h	PC_12	
LT934125.1	-	TC_2361	2361	121762	121767	5	2	167.93007	0	0	0	121764	121762	121767	6h, 8h	C6, NRK	
LT934125.1	-	TC_2362	2362	121829	121878	49	4	146.981669	0	0	0	121849	121829	121878	12h, 6h, 8h, 4h	PC_12, PK_15	
LT934125.1	-	TC_2363	2363	122009	122009	0	1	26.651031	0	0	0	122009	122009	122009	6h	PC_12	
LT934125.1	-	TC_2364	2364	122044	122051	7	2	693.762439	0	0	0	122048	122044	122051	2h, 6h	PC_12	
LT934125.1	-	TC_2365	2365	122086	122105	19	2	64.24115	0	0	0	122096	122086	122105	8h	C6, PC_12	
LT934125.1	-	TC_2366	2366	122249	122249	0	1	134.535181	0	0	0	122249	122249	122249	6h	NRK	
LT934125.1	-	TC_2367	2367	122312	122322	8	6	401.722481	0	0	3.86484416630004	122319	122312	122320	12h, 8h, 4h, 6h	C6, PC_12, PK_15	
LT934125.1	-	TC_2368	2368	122350	122350	0	1	32.2841	0	0	0	122350	122350	122350	8h	C6	
LT934125.1	-	TC_2369	2369	122412	122433	11	11	1377.483766	0	0	8.78463484555752	122416	122413	122424	12h, 8h, 4h, 6h	C6, NRK, PC_12, PK_15	
LT934125.1	-	TC_2370	2370	122462	122462	0	2	95.270089	0	0	0	122462	122462	122462	8h	C6, PK_15	
LT934125.1	-	TC_2371	2371	122489	122489	0	1	86.244071	0	0	0	122489	122489	122489	6h	C6	
LT934125.1	-	TC_2372	2372	122719	122723	0	1	63.9141	2.32192809488736	2.32192809488736	2.32192809488736	122719	122719	122719	8h	PC_12	
LT934125.1	-	TC_2373	2373	122803	122834	31	10	429.861437	0	0	2.76588505007789	122816	122803	122834	12h, 8h, 6h, 4h	C6, NRK, PC_12, PK_15	
LT934125.1	-	TC_2374	2374	122925	122925	0	1	17.924841	0	0	0	122925	122925	122925	12h	NRK	
LT934125.1	-	TC_2375	2375	123008	123008	0	1	31.95705	0	0	0	123008	123008	123008	8h	PC_12	
LT934125.1	-	TC_2376	2376	123249	123249	0	1	362.056481	0	0	0	123249	123249	123249	2h	PK_15	
LT934125.1	-	TC_2377	2377	123501	123501	0	1	667.111408	0	0	0	123501	123501	123501	2h	PC_12	
LT934125.1	-	TC_2378	2378	123537	123566	29	3	833.930689	0	0	0	123551	123537	123566	8h, 6h, 2h	C6, NRK, PC_12	
LT934125.1	-	TC_2379	2379	123663	123663	0	1	31.95705	0	0	0	123663	123663	123663	8h	PC_12	
LT934125.1	-	TC_2380	2380	123705	123705	0	1	740.19245	0	0	0	123705	123705	123705	2.5h	PC_12	
LT934125.1	-	TC_2381	2381	123763	123763	0	1	26.651031	0	0	0	123763	123763	123763	6h	PC_12	
LT934125.1	-	TC_2382	2382	123859	123859	0	2	132.3385	0	0	0	123859	123859	123859	4h, 8h	PC_12	
LT934125.1	-	TC_2383	2383	124262	124278	16	2	394.013531	0	0	0	124270	124262	124278	8h, 2h	PC_12, PK_15	
LT934125.1	-	TC_2384	2384	124331	124344	13	2	737.270914	0	0	2	124338	124331	124344	2h, 8h	PK_15	
LT934125.1	-	TC_2385	2385	124491	124491	0	1	40.594301	0	0	0	124491	124491	124491	4h	PK_15	
LT934125.1	-	TC_2386	2386	124574	124574	0	1	2923.976608	0	0	0	124574	124574	124574	1h	PK_15	
LT934125.1	-	TC_2387	2387	124628	124628	0	1	32.2841	0	0	0	124628	124628	124628	8h	C6	
LT934125.1	-	TC_2388	2388	124681	124724	43	14	4792.514251	0	0	4.75488750216347	124703	124681	124724	12h, 2h, 6h, 8h, 2.5h, 4h	C6, NRK, PC_12, PK_15	***
LT934125.1	-	TC_2389	2389	124781	124819	38	14	4475.03828	0	0	3.48289213144062	124800	124781	124819	12h, 8h, 6h, 1h, 2h, 4h	C6, NRK, PC_12, PK_15	***
LT934125.1	-	TC_2390	2390	124859	124862	0	2	129.999211	0	0	1.83659167506276	124862	124862	124862	12h, 8h	PC_12	*
LT934125.1	-	TC_2391	2391	124932	124932	0	1	31.95705	0	0	0	124932	124932	124932	8h	PC_12	*
LT934125.1	-	TC_2392	2392	125071	125071	0	1	26.887262	0	0	0	125071	125071	125071	12h	NRK	*
LT934125.1	-	TC_2393	2393	125130	125130	0	4	132.022602	0	0	0	125130	125130	125130	12h, 6h, 8h	C6, PC_12	*
LT934125.1	-	TC_2394	2394	125212	125220	4	3	395.908734	0	0	3.16992500144231	125214	125212	125216	6h, 4h	C6, NRK, PK_15	**
LT934125.1	-	TC_2395	2395	125505	125505	0	4	176.933316	0	0	0	125505	125505	125505	12h, 8h	C6, PC_12	**
LT934125.1	-	TC_2396	2396	125565	125589	24	2	699.068458	0	0	0	125577	125565	125589	2h, 8h	PC_12	*
LT934125.1	-	TC_2397	2397	125618	125618	0	1	40.594301	0	0	0	125618	125618	125618	4h	PK_15	*
LT934125.1	-	TC_2398	2398	125666	125666	0	1	53.302063	0	0	0	125666	125666	125666	6h	PC_12	*
LT934125.1	-	TC_2399	2399	125803	125805	0	1	63.9141	1.58496250072116	1.58496250072116	1.58496250072116	125803	125803	125803	8h	PC_12	*
LT934125.1	-	TC_2400	2400	125980	125980	0	1	362.056481	0	0	0	125980	125980	125980	2h	PK_15	*
LT934125.1	-	TC_2401	2401	126103	126112	9	11	1543.486097	0	0	4.85241046210005	126111	126103	126112	12h, 4h, 8h, 6h	C6, NRK, PC_12, PK_15	***
LT934125.1	-	TC_2402	2402	126208	126208	0	1	31.95705	0	0	0	126208	126208	126208	8h	PC_12	*
LT934125.1	-	TC_2403	2403	126870	126987	82	20	17812.571747	0	0	20.162383400513	126933	126881	126963	12h, 2h, 4h, 6h, 8h, 1h	C6, NRK, PC_12, PK_15	***
LT934125.1	-	TC_2404	2404	126936	127358	131	24	45432.305403	0	0	46.7594766691922	127069	127000	127131	12h, 1h, 2h, 4h, 6h, 8h, 1.5h, 2.5h	C6, NRK, PC_12, PK_15	***
LT934125.1	-	TC_2405	2405	127134	127204	33	18	10311.578405	0	0	11.4051805627671	127174	127158	127191	12h, 1h, 4h, 6h, 8h, 2.5h, 2h	C6, NRK, PC_12, PK_15	***
LT934125.1	-	TC_2406	2406	127176	127362	119	20	19484.635715	0	0	37.1784360643508	127279	127222	127341	12h, 4h, 6h, 8h, 1.5h, 1h, 2.5h, 2h	C6, NRK, PC_12, PK_15	***
LT934125.1	-	TC_2407	2407	127377	127617	225	22	37407.367172	0	0	31.8062811540081	127478	127386	127611	12h, 1h, 2h, 6h, 8h, 4h, 1.5h, 2.5h	C6, NRK, PC_12, PK_15	***
LT934125.1	-	TC_2408	2408	127636	127718	73	14	4482.871317	0	0	19.9068657827814	127665	127645	127718	12h, 2h, 6h, 8h, 2.5h, 4h	C6, NRK, PC_12, PK_15	***
LT934125.1	-	TC_2409	2409	127743	127835	81	17	7113.644423	0	0	19.0232760756519	127773	127746	127827	12h, 6h, 8h, 2h, 2.5h, 4h	C6, NRK, PC_12, PK_15	***
LT934125.1	-	TC_2410	2410	127876	127909	26	14	3133.096016	0	0	1.51314596221941	127892	127876	127902	12h, 6h, 8h, 2h, 4h	C6, NRK, PC_12, PK_15	***
LT934125.1	-	TC_2411	2411	127949	128012	63	12	1769.364883	0	0	8.76544197913097	127965	127949	128012	12h, 4h, 6h, 2h, 8h	C6, NRK, PC_12, PK_15	***
LT934125.1	-	TC_2412	2412	128065	128068	3	2	2280.473554	0	0	2	128066	128065	128068	1h, 6h	PC_12	*
LT934125.1	-	TC_2413	2413	128114	128186	67	12	1080.350163	0	0	12.37964911776	128152	128114	128181	12h, 6h, 8h, 4h, 2h	C6, NRK, PC_12, PK_15	***
LT934125.1	-	TC_2414	2414	128209	128253	44	14	7884.579633	0	0	5.49185309632968	128240	128209	128253	12h, 6h, 8h, 2h, 2.5h, 4h	C6, NRK, PC_12, PK_15	***
LT934125.1	-	TC_2415	2415	128282	128306	22	3	467.218982	0	0	2.58496250072116	128296	128282	128304	8h, 2h, 4h	C6, PK_15	**
LT934125.1	-	TC_2416	2416	128431	128479	42	6	881.953409	0	0	2.8073549220576	128447	128431	128473	6h, 4h, 8h	C6, NRK, PC_12, PK_15	**
LT934125.1	-	TC_2417	2417	128550	128688	138	14	3904.441819	0	0	12.4458940351184	128625	128550	128688	12h, 2h, 6h, 8h, 4h	C6, NRK, PC_12, PK_15	***
LT934125.1	-	TC_2418	2418	128729	128738	0	26	1775502.69547	0	0	2.74190118882261	128732	128732	128732	12h, 1h, 2h, 4h, 6h, 8h, 0.5h, 1.5h, 2.5h	C6, NRK, PC_12, PK_15	***
LT934125.1	-	TC_2419	2419	128880	128882	2	3	76.229692	0	0	0	128881	128880	128882	12h, 4h, 6h	PK_15	*
LT934125.1	-	TC_2420	2420	128956	128956	0	1	32.2841	0	0	0	128956	128956	128956	8h	C6	
LT934125.1	-	TC_2421	2421	129611	129611	0	1	134.535181	0	0	0	129611	129611	129611	6h	NRK	*
LT934125.1	-	TC_2422	2422	129741	129741	0	1	16.129162	0	0	0	129741	129741	129741	6h	PK_15	*
LT934125.1	-	TC_2423	2423	130162	130162	0	1	26.651031	0	0	0	130162	130162	130162	6h	PC_12	*
LT934125.1	-	TC_2424	2424	130273	130284	7	6	1877.541101	0	0	6.60483093345315	130282	130277	130284	2h, 8h, 12h, 4h, 6h	C6, PC_12	***
LT934125.1	-	TC_2425	2425	130445	130474	29	3	252.736302	0	0	0	130459	130445	130474	6h, 8h	C6, NRK, PC_12	**
LT934125.1	-	TC_2426	2426	130527	130558	31	3	76.532922	0	0	0	130541	130527	130558	12h, 6h, 8h	NRK, PC_12	*
LT934125.1	-	TC_2427	2427	130714	130714	0	1	26.651031	0	0	0	130714	130714	130714	6h	PC_12	*
LT934125.1	-	TC_2428	2428	130829	130834	2	12	1253.981711	0	0	2.13221689650914	130833	130831	130833	12h, 6h, 8h, 4h	C6, NRK, PC_12, PK_15	***
LT934125.1	-	TC_2429	2429	131388	131411	23	3	135.850228	0	0	0	131396	131388	131411	12h, 4h, 8h	NRK, PC_12, PK_15	*
LT934125.1	-	TC_2430	2430	131926	131932	6	4	342.102147	0	0	0	131928	131926	131932	6h, 8h	NRK, PC_12, PK_15	**
LT934125.1	-	TC_2431	2431	132260	132260	0	1	40.594301	0	0	0	132260	132260	132260	4h	PK_15	
LT934125.1	-	TC_2432	2432	132828	132828	0	1	31.95705	0	0	0	132828	132828	132828	8h	PC_12	
LT934125.1	-	TC_2433	2433	132914	132914	0	1	667.111408	0	0	0	132914	132914	132914	2h	PC_12	*
LT934125.1	-	TC_2434	2434	133024	133040	16	4	116.746319	0	0	0	133028	133024	133040	6h, 8h, 4h	PC_12, PK_15	*
LT934125.1	-	TC_2435	2435	133083	133083	0	1	26.651031	0	0	0	133083	133083	133083	6h	PC_12	*
LT934125.1	-	TC_2436	2436	133147	133147	0	1	667.111408	0	0	0	133147	133147	133147	2h	PC_12	*
LT934125.1	-	TC_2437	2437	133192	133192	0	1	26.651031	0	0	0	133192	133192	133192	6h	PC_12	*
LT934125.1	-	TC_2438	2438	133274	133274	0	1	134.535181	0	0	0	133274	133274	133274	6h	NRK	*
LT934125.1	-	TC_2439	2439	133315	133315	0	1	31.95705	0	0	0	133315	133315	133315	8h	PC_12	*
LT934125.1	-	TC_2440	2440	133620	133620	0	1	31.95705	0	0	0	133620	133620	133620	8h	PC_12	*
LT934125.1	-	TC_2441	2441	134221	134221	0	1	26.651031	0	0	0	134221	134221	134221	6h	PC_12	*
LT934125.1	-	TC_2442	2442	134263	134263	0	1	740.19245	0	0	0	134263	134263	134263	2.5h	PC_12	*
LT934125.1	-	TC_2443	2443	134322	134325	3	2	127.032481	0	0	0	134324	134322	134325	4h, 6h	PC_12	*
LT934125.1	-	TC_2444	2444	134366	134366	0	1	26.651031	0	0	0	134366	134366	134366	6h	PC_12	*
LT934125.1	-	TC_2445	2445	134410	134410	0	1	134.535181	0	0	0	134410	134410	134410	6h	NRK	*
LT934125.1	-	TC_2446	2446	134645	134645	0	1	86.244071	0	0	0	134645	134645	134645	6h	C6	
LT934125.1	-	TC_2447	2447	134981	134981	0	1	63.914099	0	0	0	134981	134981	134981	8h	PC_12	*
LT934125.1	-	TC_2448	2448	135012	135041	25	7	673.886167	0	0	2.32192809488736	135024	135012	135037	8h, 12h, 4h, 6h, 2h	C6, NRK, PC_12, PK_15	**
LT934125.1	-	TC_2449	2449	135080	135095	15	6	292.609592	0	0	0	135088	135080	135095	12h, 8h, 6h, 4h	C6, NRK, PC_12, PK_15	**
LT934125.1	-	TC_2450	2450	135132	135158	26	4	219.32445	0	0	0	135140	135132	135158	6h, 4h, 8h	NRK, PC_12, PK_15	**
LT934125.1	-	TC_2451	2451	135193	135193	0	2	58.844312	0	0	0	135193	135193	135193	12h, 8h	NRK, PC_12	*
LT934125.1	-	TC_2452	2452	135268	135415	83	17	6154.919033	0	0	13.3654652868517	135388	135324	135407	12h, 6h, 8h, 1h, 2.5h, 2h, 4h	C6, NRK, PC_12, PK_15	***
LT934125.1	-	TC_2453	2453	135463	135469	6	3	153.443956	0	0	0	135466	135463	135469	8h	C6, NRK, PK_15	**
LT934125.1	-	TC_2454	2454	135490	135507	1	3	595.02551	0	0	7.53823852059763	135497	135497	135498	8h, 2h, 6h	PC_12, PK_15	**
LT934125.1	-	TC_2455	2455	135531	135562	31	10	864.862129	0	0	7.40087943628218	135546	135531	135562	12h, 8h, 4h, 6h	C6, NRK, PC_12, PK_15	**
LT934125.1	-	TC_2456	2456	135619	135619	0	5	243.322094	0	0	0	135619	135619	135619	12h, 8h, 4h, 6h	NRK, PK_15	**
LT934125.1	-	TC_2457	2457	135645	135666	21	12	1315.076479	0	0	0	135664	135645	135666	12h, 6h, 8h, 4h	C6, NRK, PC_12, PK_15	***
LT934125.1	-	TC_2458	2458	135703	135752	45	11	2192.230825	0	0	7.40087943628218	135728	135703	135748	8h, 12h, 2.5h, 2h, 4h, 6h	C6, NRK, PC_12, PK_15	***
LT934125.1	-	TC_2459	2459	135777	135778	1	5	268.832461	0	0	0	135778	135777	135778	6h, 12h, 8h	C6, NRK, PC_12	**
LT934125.1	-	TC_2460	2460	135809	135832	23	7	783.634042	0	0	0	135821	135809	135832	8h, 4h, 12h, 6h	C6, NRK, PC_12, PK_15	**
LT934125.1	-	TC_2461	2461	135886	135901	15	9	810.808324	0	0	2.95568439072208	135894	135886	135901	12h, 6h, 8h, 4h, 2h	C6, NRK, PC_12, PK_15	**
LT934125.1	-	TC_2462	2462	135931	135931	0	1	40.594301	0	0	0	135931	135931	135931	4h	PK_15	*
LT934125.1	-	TC_2463	2463	135962	135997	35	6	354.190113	0	0	1	135971	135962	135997	6h, 12h, 8h	C6, NRK, PC_12, PK_15	**
LT934125.1	-	TC_2464	2464	136047	136071	24	8	336.027378	0	0	0	136050	136047	136071	12h, 8h, 6h, 4h	C6, NRK, PC_12, PK_15	**
LT934125.1	-	TC_2465	2465	136101	136104	0	12	1917.857872	0	0	1.33984952760096	136103	136103	136103	12h, 6h, 8h, 2h, 4h	C6, NRK, PC_12, PK_15	***
LT934125.1	-	TC_2466	2466	136131	136144	13	3	146.474043	0	0	0	136140	136131	136144	8h, 4h, 6h	NRK, PK_15	*
LT934125.1	-	TC_2467	2467	136223	136249	6	19	31666.752125	0	0	8.53217717694979	136235	136232	136238	12h, 6h, 8h, 4h, 1h, 2.5h, 2h	C6, NRK, PC_12, PK_15	***
LT934125.1	-	TC_2468	2468	136267	136339	32	17	13565.037322	0	0	12.9654465089682	136294	136285	136317	12h, 4h, 8h, 1h, 2h, 6h	C6, NRK, PC_12, PK_15	***
LT934125.1	-	TC_2469	2469	136368	136368	0	1	13.157952	0	0	0	136368	136368	136368	8h	PK_15	*
LT934125.1	-	TC_2470	2470	136404	136413	5	9	363.31387	0	0	2.8073549220576	136408	136404	136409	8h, 12h, 6h	C6, NRK, PC_12, PK_15	**
LT934125.1	-	TC_2471	2471	136475	136475	0	1	13.157952	0	0	0	136475	136475	136475	8h	PK_15	*
LT934125.1	-	TC_2472	2472	136546	136576	30	8	307.550616	0	0	0	136551	136546	136576	8h, 12h, 6h, 4h	C6, NRK, PC_12, PK_15	**
LT934125.1	-	TC_2473	2473	136605	136610	5	2	166.819281	0	0	0	136608	136605	136610	8h, 6h	C6, NRK	*
LT934125.1	-	TC_2474	2474	136680	136689	6	15	13675.42684	0	0	6.64385618977472	136684	136680	136686	12h, 6h, 8h, 1h, 2h, 4h	C6, NRK, PC_12, PK_15	***
LT934125.1	-	TC_2475	2475	136772	136772	0	1	31.95705	0	0	0	136772	136772	136772	8h	PC_12	*
LT934125.1	-	TC_2476	2476	136801	136801	0	1	362.056481	0	0	0	136801	136801	136801	2h	PK_15	*
LT934125.1	-	TC_2477	2477	136854	136887	33	7	669.675864	0	0	2.32192809488736	136872	136854	136887	6h, 8h, 4h	C6, NRK, PC_12, PK_15	**
LT934125.1	-	TC_2478	2478	136953	136974	21	2	58.608081	0	0	0	136964	136953	136974	6h, 8h	PC_12	*
LT934125.1	-	TC_2479	2479	137055	137060	5	3	164.6226	0	0	0	137057	137055	137060	8h, 4h	C6, PC_12	**
LT934125.1	-	TC_2480	2480	137114	137132	9	13	17183.957767	0	0	6.72159899590215	137119	137114	137123	12h, 8h, 4h, 6h, 1h, 2h	C6, NRK, PC_12, PK_15	***
LT934125.1	-	TC_2481	2481	137288	137322	31	4	197.789837	0	0	2	137307	137288	137319	12h, 6h, 8h	C6, PC_12	**
LT934125.1	-	TC_2482	2482	137352	137352	0	1	53.302063	0	0	0	137352	137352	137352	6h	PC_12	*
LT934125.1	-	TC_2483	2483	137393	137417	23	4	608.194733	0	0	1.58496250072116	137404	137393	137416	8h, 4h, 2h	C6, PC_12, PK_15	**
LT934125.1	-	TC_2484	2484	137504	137535	31	4	165.328989	0	0	0	137523	137504	137535	6h, 12h, 8h	C6, PC_12	**
LT934125.1	-	TC_2485	2485	137598	137598	0	1	81.685999	0	0	0	137598	137598	137598	8h	NRK	*
LT934125.1	-	TC_2486	2486	137694	137733	39	6	783.640661	0	0	2	137721	137694	137733	12h, 4h, 8h	C6, PC_12, PK_15	**
LT934125.1	-	TC_2487	2487	137776	137846	48	4	706.57901	0	0	12.2994942390094	137797	137776	137824	12h, 4h, 8h	C6, PC_12	**
LT934125.1	-	TC_2488	2488	137901	137903	2	2	59.93123	0	0	0	137902	137901	137903	12h, 8h	C6, PC_12	
LT934125.1	-	TC_2489	2489	138184	138184	0	2	90.56513	0	0	0	138184	138184	138184	6h, 8h	PC_12	
LT934125.1	-	TC_2490	2490	138307	138328	17	3	189.767514	0	0	3.68016895976738	138313	138307	138324	6h, 8h, 4h	PC_12, PK_15	**
LT934125.1	-	TC_2491	2491	138446	138447	1	2	112.895102	0	0	0	138446	138446	138447	6h	C6, PC_12	
LT934125.1	-	TC_2492	2492	138526	138568	42	5	299.287565	0	0	1.86615705997199	138547	138526	138568	12h, 8h, 6h	C6, PC_12	**
LT934125.1	-	TC_2493	2493	138700	138700	0	1	31.95705	0	0	0	138700	138700	138700	8h	PC_12	
LT934125.1	-	TC_2494	2494	138788	138788	0	1	134.535181	0	0	0	138788	138788	138788	6h	NRK	
LT934125.1	-	TC_2495	2495	138855	138866	11	2	128.4823	0	0	2.32192809488736	138860	138855	138866	8h	C6, PC_12	
LT934125.1	-	TC_2496	2496	138895	138898	3	8	3563.38001	0	0	1.90886800841957	138896	138895	138898	12h, 4h, 6h, 1h, 2h, 8h	NRK, PC_12, PK_15	***
LT934125.1	-	TC_2497	2497	138940	138995	55	13	1740.016487	0	0	4.63349682611165	138958	138940	138995	6h, 8h, 12h, 2h, 4h	C6, NRK, PC_12, PK_15	***
LT934125.1	-	TC_2498	2498	139023	139023	0	1	32.2841	0	0	0	139023	139023	139023	8h	C6	
LT934125.1	-	TC_2499	2499	139159	139159	0	1	86.244071	0	0	0	139159	139159	139159	6h	C6	
LT934125.1	-	TC_2500	2500	139188	139188	0	1	31.95705	0	0	0	139188	139188	139188	8h	PC_12	
LT934125.1	-	TC_2501	2501	139254	139260	6	2	2950.627639	0	0	0	139257	139254	139260	6h, 1h	PC_12, PK_15	
LT934125.1	-	TC_2502	2502	139407	139419	11	2	731.025508	0	0	1	139412	139407	139418	2h, 8h	PC_12	
LT934125.1	-	TC_2503	2503	139498	139498	0	2	72.551351	0	0	0	139498	139498	139498	8h, 4h	PC_12, PK_15	
LT934125.1	-	TC_2504	2504	139615	139615	0	1	26.651031	0	0	0	139615	139615	139615	6h	PC_12	
LT934125.1	-	TC_2505	2505	139720	139725	5	3	414.994166	0	0	0	139723	139720	139725	12h, 8h, 2h	C6, PC_12, PK_15	
LT934125.1	-	TC_2506	2506	139785	139785	0	1	31.95705	0	0	0	139785	139785	139785	8h	PC_12	
LT934125.1	-	TC_2507	2507	139927	139927	0	1	40.594301	0	0	0	139927	139927	139927	4h	PK_15	
LT934125.1	-	TC_2508	2508	139996	139996	0	1	26.651031	0	0	0	139996	139996	139996	6h	PC_12	
LT934125.1	-	TC_2509	2509	140089	140089	0	1	31.95705	0	0	0	140089	140089	140089	8h	PC_12	
LT934125.1	-	TC_2510	2510	140189	140189	0	1	31.95705	0	0	0	140189	140189	140189	8h	PC_12	
LT934125.1	-	TC_2511	2511	140513	140513	0	1	31.95705	0	0	0	140513	140513	140513	8h	PC_12	
LT934125.1	-	TC_2512	2512	140853	140879	26	7	3665.667152	0	0	2.8073549220576	140865	140853	140879	4h, 8h, 12h, 6h, 1h	C6, PC_12, PK_15	
LT934125.1	-	TC_2513	2513	140914	140914	0	1	32.2841	0	0	0	140914	140914	140914	8h	C6	
LT934125.1	-	TC_2514	2514	140993	140993	0	1	26.651031	0	0	0	140993	140993	140993	6h	PC_12	
LT934125.1	-	TC_2515	2515	141655	141655	0	4	97.513557	0	0	0	141655	141655	141655	12h, 6h, 8h	C6, NRK, PC_12	
LT934125.1	-	TC_2516	2516	141799	141799	0	1	32.2841	0	0	0	141799	141799	141799	8h	C6	
LT934125.1	-	TC_2517	2517	141909	141914	5	4	3148.83443	0	0	0	141913	141909	141914	1.5h, 2.5h, 4h, 8h	PC_12	
LT934125.1	-	TC_2518	2518	141985	141988	3	6	390.842475	0	0	0	141987	141985	141988	6h, 4h, 8h	NRK, PC_12, PK_15	
LT934125.1	-	TC_2519	2519	142014	142014	0	2	45.442052	0	0	0	142014	142014	142014	8h	C6, PK_15	
LT934125.1	-	TC_2520	2520	142088	142088	0	1	586.85446	0	0	0	142088	142088	142088	4h	NRK	
LT934125.1	-	TC_2521	2521	142114	142129	15	3	90.892181	0	0	0	142119	142114	142129	8h, 6h	C6, PC_12	
LT934125.1	-	TC_2522	2522	142245	142254	9	6	284.954343	0	0	0	142246	142245	142254	6h, 12h, 4h, 8h	NRK, PC_12, PK_15	
LT934125.1	-	TC_2523	2523	142331	142345	14	2	220.779252	0	0	0	142338	142331	142345	6h	C6, NRK	
LT934125.1	-	TC_2524	2524	142424	142427	3	6	625.886318	0	0	1.98806042104302	142426	142424	142427	12h, 6h, 4h, 8h	C6, PC_12, PK_15	
LT934125.1	-	TC_2525	2525	142658	142658	0	1	36.613272	0	0	0	142658	142658	142658	12h	PK_15	
LT934125.1	-	TC_2526	2526	142717	142717	0	1	31.95705	0	0	0	142717	142717	142717	8h	PC_12	
LT934125.1	-	TC_2527	2527	142779	142781	0	3	122.165241	0	0	1.17015384389914	142781	142781	142781	6h, 12h, 4h	PC_12, PK_15	
LT934125.1	-	TC_2528	2528	142825	142825	0	1	13.729977	0	0	0	142825	142825	142825	12h	PK_15	
