chr	pos	strand	C6_12h	C6_4h	PC_12_12h	PC_12_4h	PK_15_12h	PK_15_4h
LT934125.1	52	+	0	0	0	0	1	0
LT934125.1	64	+	0	0	0	0	1	0
LT934125.1	66	+	0	0	0	0	1	0
LT934125.1	86	+	0	0	0	0	1	0
LT934125.1	97	-	0	0	0	0	14	0
LT934125.1	209	+	0	0	0	0	1	0
LT934125.1	275	+	0	0	0	0	1	0
LT934125.1	309	+	0	0	0	0	1	0
LT934125.1	392	-	0	0	0	0	3	0
LT934125.1	409	-	0	0	0	0	3	0
LT934125.1	432	-	0	0	0	0	1	0
LT934125.1	466	+	0	0	0	0	1	0
LT934125.1	480	-	1	0	0	0	0	0
LT934125.1	505	-	0	0	0	0	1	0
LT934125.1	586	-	0	0	0	0	1	0
LT934125.1	599	-	0	0	0	0	2	0
LT934125.1	646	+	0	0	1	0	0	0
LT934125.1	775	+	0	0	0	0	0	1
LT934125.1	776	+	0	0	0	0	1	0
LT934125.1	779	+	0	0	0	0	2	0
LT934125.1	947	+	0	0	0	0	2	0
LT934125.1	949	+	0	0	0	1	0	0
LT934125.1	955	+	1	0	1	0	0	0
LT934125.1	958	+	0	0	1	0	1	0
LT934125.1	959	+	0	0	0	0	1	0
LT934125.1	969	+	0	0	1	0	0	0
LT934125.1	974	+	0	0	0	0	0	1
LT934125.1	982	+	0	0	0	0	1	0
LT934125.1	983	+	0	0	0	0	1	0
LT934125.1	985	+	0	0	0	0	6	0
LT934125.1	986	+	1	0	1	0	15	1
LT934125.1	987	+	0	1	11	0	390	5
LT934125.1	988	+	2	0	4	1	0	0
LT934125.1	989	+	1	0	3	0	0	2
LT934125.1	990	+	109	15	191	17	15	39
LT934125.1	991	+	3	0	5	0	2	0
LT934125.1	992	+	2	0	2	0	3	0
LT934125.1	1033	+	1	0	0	0	0	0
LT934125.1	1035	+	3	0	0	0	0	0
LT934125.1	1065	+	0	0	1	0	0	0
LT934125.1	1108	+	0	0	0	0	0	1
LT934125.1	1161	-	0	0	0	0	1	0
LT934125.1	1174	+	1	0	0	0	0	0
LT934125.1	1181	+	0	0	0	0	1	0
LT934125.1	1184	+	0	0	1	0	0	0
LT934125.1	1200	-	0	0	1	0	0	0
LT934125.1	1250	+	0	0	1	0	0	0
LT934125.1	1251	+	0	0	1	0	0	0
LT934125.1	1257	+	0	0	0	0	0	1
LT934125.1	1258	+	0	0	0	0	1	0
LT934125.1	1259	+	0	0	0	0	2	0
LT934125.1	1260	+	1	0	1	0	1	0
LT934125.1	1265	+	0	0	0	0	1	0
LT934125.1	1280	+	1	0	0	0	0	0
LT934125.1	1286	+	0	0	0	0	1	0
LT934125.1	1292	+	0	0	0	0	1	1
LT934125.1	1305	+	0	0	1	0	0	0
LT934125.1	1306	-	0	0	0	0	1	0
LT934125.1	1312	-	0	0	1	0	0	0
LT934125.1	1327	+	0	0	2	0	0	0
LT934125.1	1331	+	0	0	1	0	2	1
LT934125.1	1332	+	2	0	0	1	1	4
LT934125.1	1333	+	1	0	0	0	0	1
LT934125.1	1334	+	1	1	3	0	40	13
LT934125.1	1335	+	0	0	0	0	2	3
LT934125.1	1336	+	0	0	2	2	1	1
LT934125.1	1337	+	3	1	21	1	0	27
LT934125.1	1339	+	5	0	2	0	7	10
LT934125.1	1344	-	1	0	0	0	0	0
LT934125.1	1356	+	0	1	0	0	1	0
LT934125.1	1361	+	0	0	0	0	1	0
LT934125.1	1379	+	0	0	0	0	0	1
LT934125.1	1380	+	0	0	1	0	0	0
LT934125.1	1381	+	0	0	2	0	0	0
LT934125.1	1382	+	2	0	0	0	0	0
LT934125.1	1397	+	1	0	0	0	0	0
LT934125.1	1401	+	0	0	0	0	1	0
LT934125.1	1404	+	0	0	0	0	1	0
LT934125.1	1444	+	0	0	1	0	0	0
LT934125.1	1460	-	0	0	0	0	1	0
LT934125.1	1468	+	0	0	0	0	2	0
LT934125.1	1469	+	1	0	0	0	0	1
LT934125.1	1482	-	0	0	1	0	0	0
LT934125.1	1501	+	1	0	4	0	0	1
LT934125.1	1533	+	0	0	1	0	0	0
LT934125.1	1548	-	0	0	0	0	1	0
LT934125.1	1550	-	0	0	1	0	1	0
LT934125.1	1571	+	0	0	0	0	1	0
LT934125.1	1590	+	0	0	0	0	1	0
LT934125.1	1597	+	1	0	0	0	2	0
LT934125.1	1598	+	0	0	1	0	2	0
LT934125.1	1599	+	0	0	0	2	0	0
LT934125.1	1600	+	23	3	45	0	167	2
LT934125.1	1602	+	1	0	1	0	9	0
LT934125.1	1603	+	8	0	9	0	34	2
LT934125.1	1604	+	0	0	0	0	2	1
LT934125.1	1616	+	1	0	0	0	0	0
LT934125.1	1619	+	1	0	0	0	1	0
LT934125.1	1644	+	0	0	0	0	1	0
LT934125.1	1645	+	0	0	1	0	0	0
LT934125.1	1647	+	1	0	0	0	1	0
LT934125.1	1655	+	0	0	1	0	0	0
LT934125.1	1658	+	0	0	0	0	1	0
LT934125.1	1660	+	0	0	0	0	1	0
LT934125.1	1666	+	2	0	0	0	0	0
LT934125.1	1669	+	0	0	0	0	1	0
LT934125.1	1712	+	3	0	4	0	1	2
LT934125.1	1713	+	3	0	0	0	1	0
LT934125.1	1714	+	0	0	1	0	0	0
LT934125.1	1715	+	3	0	0	0	1	0
LT934125.1	1718	+	1	0	0	0	0	0
LT934125.1	1720	+	0	0	1	0	0	0
LT934125.1	1723	+	2	1	0	0	0	0
LT934125.1	1725	+	0	0	0	0	0	1
LT934125.1	1728	+	0	0	2	1	0	0
LT934125.1	1729	+	1	0	0	0	0	1
LT934125.1	1772	+	0	0	0	0	1	0
LT934125.1	1773	+	0	0	1	0	0	0
LT934125.1	1774	+	0	0	1	0	0	0
LT934125.1	1783	+	0	0	0	0	1	0
LT934125.1	1787	+	0	0	0	0	1	0
LT934125.1	1792	-	0	0	1	0	0	0
LT934125.1	1793	+	0	0	1	0	0	1
LT934125.1	1797	+	0	0	1	0	0	0
LT934125.1	1815	+	0	0	1	0	0	0
LT934125.1	1816	+	1	0	0	0	0	0
LT934125.1	1829	-	0	0	0	0	1	0
LT934125.1	1830	+	0	0	1	0	0	2
LT934125.1	1836	+	0	0	0	0	2	0
LT934125.1	1838	+	0	0	0	0	1	0
LT934125.1	1842	-	0	0	0	1	0	0
LT934125.1	1851	+	0	0	3	0	0	0
LT934125.1	1852	+	1	0	0	0	0	2
LT934125.1	1853	+	0	0	4	0	0	0
LT934125.1	1854	+	2	1	0	0	1	2
LT934125.1	1869	+	0	0	0	0	0	1
LT934125.1	1870	+	1	0	3	0	0	0
LT934125.1	1871	+	6	0	0	0	1	2
LT934125.1	1873	+	0	0	2	0	2	0
LT934125.1	1891	-	0	0	1	0	0	0
LT934125.1	1898	+	1	0	0	0	0	0
LT934125.1	1899	+	0	0	0	0	1	0
LT934125.1	1901	+	1	0	0	0	0	0
LT934125.1	1910	+	0	0	0	0	1	0
LT934125.1	1911	+	0	1	0	0	0	0
LT934125.1	1912	+	1	0	0	0	0	1
LT934125.1	1914	+	1	0	2	0	1	0
LT934125.1	1915	+	1	0	0	0	0	0
LT934125.1	1934	+	1	0	0	0	0	0
LT934125.1	1935	+	0	0	0	0	1	1
LT934125.1	1941	-	0	0	1	0	0	0
LT934125.1	1967	+	1	0	1	0	0	1
LT934125.1	1974	+	0	0	0	0	1	0
LT934125.1	1976	+	0	0	1	0	0	0
LT934125.1	2013	+	0	0	1	0	0	0
LT934125.1	2014	+	0	0	0	0	1	1
LT934125.1	2017	+	0	0	0	1	0	0
LT934125.1	2044	-	0	0	0	0	1	0
LT934125.1	2057	+	0	0	0	0	1	0
LT934125.1	2060	+	0	0	0	0	1	0
LT934125.1	2069	+	1	0	0	0	0	0
LT934125.1	2084	-	0	0	1	0	0	0
LT934125.1	2139	+	0	0	0	0	1	0
LT934125.1	2142	+	0	0	5	0	0	0
LT934125.1	2167	+	0	0	0	0	1	0
LT934125.1	2168	+	0	0	0	0	6	2
LT934125.1	2169	+	0	0	0	0	1	0
LT934125.1	2188	+	0	0	0	0	0	1
LT934125.1	2190	+	0	0	0	0	1	0
LT934125.1	2210	-	1	0	0	0	0	0
LT934125.1	2216	+	0	0	0	0	1	0
LT934125.1	2221	+	0	0	1	0	0	0
LT934125.1	2223	+	0	0	0	0	6	0
LT934125.1	2225	+	0	0	0	0	1	0
LT934125.1	2245	-	0	0	0	1	0	0
LT934125.1	2246	-	0	0	1	0	0	0
LT934125.1	2277	+	0	0	0	0	1	1
LT934125.1	2284	+	0	0	0	0	1	0
LT934125.1	2286	+	0	0	0	0	7	0
LT934125.1	2292	+	0	0	0	0	2	0
LT934125.1	2301	+	0	0	0	0	6	0
LT934125.1	2330	+	0	0	1	0	4	0
LT934125.1	2331	+	0	0	0	0	1	0
LT934125.1	2332	+	0	0	0	0	2	0
LT934125.1	2344	+	0	0	0	0	2	0
LT934125.1	2351	+	0	0	1	0	0	0
LT934125.1	2352	+	0	0	0	0	2	0
LT934125.1	2361	+	0	0	1	0	0	0
LT934125.1	2362	+	0	0	0	0	1	0
LT934125.1	2369	+	0	0	0	0	1	0
LT934125.1	2370	+	0	0	0	0	0	1
LT934125.1	2371	+	0	0	0	0	1	0
LT934125.1	2375	+	0	0	0	0	1	0
LT934125.1	2377	+	0	0	0	0	1	0
LT934125.1	2382	+	0	0	0	0	1	0
LT934125.1	2384	+	0	0	0	0	1	0
LT934125.1	2385	+	0	0	0	0	1	0
LT934125.1	2392	+	0	0	0	0	1	0
LT934125.1	2400	+	0	0	1	0	0	0
LT934125.1	2405	+	0	0	0	0	1	0
LT934125.1	2422	+	0	0	0	0	2	0
LT934125.1	2424	+	0	0	0	0	1	0
LT934125.1	2426	+	0	0	0	0	2	0
LT934125.1	2433	+	0	0	1	0	0	0
LT934125.1	2434	+	0	0	0	0	2	0
LT934125.1	2436	-	0	0	0	0	1	0
LT934125.1	2443	+	0	0	0	0	2	0
LT934125.1	2444	+	0	0	0	0	1	0
LT934125.1	2446	+	0	0	0	0	1	0
LT934125.1	2453	+	0	0	0	0	1	0
LT934125.1	2466	-	1	0	0	0	0	0
LT934125.1	2473	+	0	0	4	0	0	0
LT934125.1	2475	+	0	0	0	0	1	0
LT934125.1	2476	+	0	0	0	0	1	0
LT934125.1	2477	+	0	0	0	0	1	0
LT934125.1	2479	+	0	0	0	0	2	0
LT934125.1	2485	+	0	0	1	0	0	0
LT934125.1	2486	+	0	0	1	0	0	0
LT934125.1	2487	+	0	0	0	0	2	1
LT934125.1	2489	+	1	0	1	0	0	0
LT934125.1	2489	-	0	0	0	0	1	0
LT934125.1	2491	+	0	0	0	0	1	0
LT934125.1	2506	+	0	0	0	0	6	0
LT934125.1	2518	+	0	0	0	0	2	0
LT934125.1	2528	-	0	0	0	0	1	0
LT934125.1	2537	+	0	0	0	0	4	0
LT934125.1	2539	+	0	0	0	0	1	0
LT934125.1	2546	+	0	1	0	0	0	0
LT934125.1	2549	+	1	0	0	0	0	0
LT934125.1	2568	+	0	0	2	0	0	0
LT934125.1	2569	+	0	0	0	0	0	1
LT934125.1	2570	+	0	0	0	0	2	0
LT934125.1	2571	+	0	0	1	0	1	1
LT934125.1	2572	+	0	0	0	0	7	0
LT934125.1	2572	-	0	0	0	0	1	0
LT934125.1	2574	+	0	0	0	0	1	0
LT934125.1	2580	+	0	0	2	0	0	0
LT934125.1	2581	+	0	0	0	0	0	1
LT934125.1	2582	+	0	0	1	0	4	0
LT934125.1	2583	+	0	0	1	0	1	1
LT934125.1	2584	+	2	0	0	0	8	0
LT934125.1	2586	+	3	0	0	0	3	0
LT934125.1	2588	+	0	0	0	0	1	0
LT934125.1	2589	+	0	0	0	0	2	0
LT934125.1	2595	+	0	0	0	0	2	0
LT934125.1	2596	+	0	0	1	0	1	1
LT934125.1	2597	+	0	0	0	0	7	0
LT934125.1	2599	+	2	0	0	0	3	0
LT934125.1	2602	+	0	0	0	0	2	0
LT934125.1	2604	+	1	0	0	0	1	0
LT934125.1	2607	+	0	0	0	0	1	0
LT934125.1	2618	+	0	0	2	0	0	0
LT934125.1	2619	+	0	0	0	0	0	1
LT934125.1	2620	+	0	0	0	0	2	0
LT934125.1	2621	+	0	0	1	0	1	1
LT934125.1	2622	+	0	0	0	0	8	0
LT934125.1	2622	-	0	0	0	0	1	0
LT934125.1	2624	+	1	0	0	0	3	0
LT934125.1	2626	+	0	0	0	0	1	0
LT934125.1	2626	-	1	0	0	0	0	0
LT934125.1	2627	+	0	0	0	0	3	0
LT934125.1	2633	+	0	0	0	0	2	0
LT934125.1	2634	+	0	0	1	0	1	1
LT934125.1	2635	+	0	0	0	0	7	0
LT934125.1	2637	+	1	0	0	0	1	0
LT934125.1	2720	+	0	0	0	0	1	0
LT934125.1	2753	+	0	0	0	1	0	0
LT934125.1	2761	-	6	0	0	0	0	0
LT934125.1	2762	-	0	0	0	0	32	0
LT934125.1	2767	-	0	0	0	0	2	0
LT934125.1	2770	-	0	0	1	0	0	0
LT934125.1	2784	-	0	0	0	0	1	0
LT934125.1	2788	-	0	0	1	0	0	0
LT934125.1	2792	-	0	0	0	0	1	0
LT934125.1	2803	-	0	0	1	0	1	0
LT934125.1	2843	+	0	0	1	0	0	0
LT934125.1	2844	+	0	0	0	0	1	0
LT934125.1	2851	+	1	0	0	0	0	0
LT934125.1	2870	-	0	0	0	0	1	0
LT934125.1	2871	-	0	0	0	0	1	0
LT934125.1	2872	-	0	0	0	0	1	0
LT934125.1	2895	-	0	0	0	0	1	0
LT934125.1	2923	-	0	0	0	0	1	0
LT934125.1	2968	+	0	0	0	0	1	0
LT934125.1	2969	+	0	0	0	0	0	1
LT934125.1	2973	-	1	0	0	0	1	0
LT934125.1	2974	-	0	0	0	0	1	0
LT934125.1	2978	+	0	0	0	1	0	0
LT934125.1	3001	+	0	0	0	0	1	0
LT934125.1	3042	-	0	0	0	0	1	0
LT934125.1	3049	+	0	0	1	0	0	0
LT934125.1	3074	-	1	0	1	0	0	0
LT934125.1	3120	-	1	0	1	0	1	0
LT934125.1	3139	-	1	0	0	0	0	0
LT934125.1	3163	-	0	0	0	0	1	0
LT934125.1	3169	-	0	0	0	0	2	0
LT934125.1	3170	-	0	0	0	0	1	0
LT934125.1	3172	-	0	0	1	0	0	0
LT934125.1	3174	-	0	0	1	0	0	0
LT934125.1	3186	-	0	0	1	0	0	0
LT934125.1	3196	-	1	0	0	0	1	0
LT934125.1	3214	-	1	0	0	0	0	2
LT934125.1	3215	-	0	0	0	0	2	0
LT934125.1	3216	-	0	0	3	0	0	0
LT934125.1	3218	-	0	0	0	0	0	1
LT934125.1	3219	-	0	0	1	0	0	0
LT934125.1	3237	-	1	0	0	0	0	0
LT934125.1	3238	-	0	0	1	0	0	0
LT934125.1	3252	-	0	0	2	0	0	0
LT934125.1	3265	-	0	0	0	0	1	0
LT934125.1	3273	-	0	0	0	0	0	1
LT934125.1	3274	-	0	0	0	0	0	1
LT934125.1	3286	-	0	0	0	0	1	1
LT934125.1	3319	-	0	0	0	0	1	0
LT934125.1	3339	+	0	0	0	0	1	0
LT934125.1	3345	-	0	0	0	0	0	1
LT934125.1	3348	-	0	0	1	0	1	0
LT934125.1	3349	-	1	0	1	0	0	0
LT934125.1	3350	-	1	0	0	0	0	0
LT934125.1	3351	-	3	0	4	0	4	0
LT934125.1	3353	-	0	0	0	0	0	2
LT934125.1	3366	-	0	0	0	0	0	1
LT934125.1	3367	-	0	0	1	0	0	0
LT934125.1	3370	-	0	0	0	1	0	0
LT934125.1	3372	+	0	0	0	0	1	0
LT934125.1	3387	-	0	0	0	0	1	0
LT934125.1	3388	-	1	0	1	0	2	0
LT934125.1	3390	-	0	0	1	0	0	0
LT934125.1	3397	-	0	0	0	0	1	0
LT934125.1	3398	-	1	0	2	0	0	1
LT934125.1	3406	-	0	0	0	1	0	0
LT934125.1	3412	-	0	0	0	0	1	0
LT934125.1	3421	-	1	0	0	0	0	0
LT934125.1	3426	-	0	0	1	0	0	0
LT934125.1	3463	-	0	0	1	0	0	0
LT934125.1	3480	-	0	0	1	0	0	0
LT934125.1	3506	-	0	0	3	0	0	0
LT934125.1	3507	-	0	0	0	0	2	0
LT934125.1	3509	-	0	0	0	0	0	1
LT934125.1	3511	-	0	0	0	0	0	1
LT934125.1	3526	-	0	0	0	0	1	0
LT934125.1	3528	-	0	0	1	0	0	0
LT934125.1	3594	+	0	0	0	0	1	0
LT934125.1	3634	-	0	0	1	0	0	0
LT934125.1	3635	-	0	0	0	0	1	0
LT934125.1	3637	-	0	0	0	0	1	0
LT934125.1	3644	-	0	0	1	0	0	0
LT934125.1	3645	+	0	0	0	1	0	0
LT934125.1	3651	+	0	3	4	8	0	0
LT934125.1	3656	-	0	0	1	0	1	0
LT934125.1	3657	+	1	0	0	0	0	0
LT934125.1	3662	-	0	0	1	0	0	0
LT934125.1	3669	+	1	0	0	0	0	0
LT934125.1	3672	+	1	0	0	0	0	0
LT934125.1	3680	-	0	0	1	0	0	0
LT934125.1	3683	-	0	0	1	0	0	0
LT934125.1	3686	-	0	0	0	0	1	0
LT934125.1	3689	-	1	0	0	0	0	0
LT934125.1	3693	-	0	1	0	0	0	0
LT934125.1	3701	-	0	1	0	6	0	0
LT934125.1	3726	-	0	0	1	0	0	0
LT934125.1	3756	-	1	0	0	0	0	0
LT934125.1	3806	-	0	0	1	0	0	0
LT934125.1	3871	+	7	0	0	0	0	0
LT934125.1	3885	-	1	0	0	0	0	0
LT934125.1	3901	+	1	0	0	0	0	0
LT934125.1	3909	+	0	0	0	0	1	0
LT934125.1	3910	-	5	0	1	1	41	15
LT934125.1	3911	-	0	0	1	0	0	0
LT934125.1	3913	-	0	0	16	0	0	0
LT934125.1	3916	-	0	0	0	0	2	0
LT934125.1	3924	+	0	0	1	0	0	0
LT934125.1	3927	+	0	0	1	0	0	0
LT934125.1	3931	+	0	0	0	0	1	0
LT934125.1	3932	+	0	0	1	0	0	0
LT934125.1	3942	-	0	0	0	0	3	1
LT934125.1	3943	-	0	0	0	0	1	0
LT934125.1	3951	-	0	0	1	0	0	0
LT934125.1	3963	+	0	0	0	0	1	0
LT934125.1	3966	+	0	0	0	0	0	1
LT934125.1	3967	+	0	0	2	0	1	0
LT934125.1	3971	+	0	0	1	0	0	0
LT934125.1	3985	-	0	0	1	0	0	0
LT934125.1	4010	-	0	0	0	0	1	1
LT934125.1	4011	-	1	0	0	0	0	0
LT934125.1	4023	+	0	0	0	0	1	0
LT934125.1	4026	+	0	0	0	0	1	0
LT934125.1	4036	-	0	0	1	0	0	0
LT934125.1	4038	-	1	0	0	0	0	0
LT934125.1	4053	-	0	0	1	0	0	0
LT934125.1	4067	-	0	0	0	0	1	0
LT934125.1	4084	-	1	0	0	0	0	0
LT934125.1	4134	-	1	0	1	0	0	0
LT934125.1	4135	-	0	0	0	0	2	0
LT934125.1	4149	+	0	0	0	0	1	0
LT934125.1	4165	-	0	0	0	0	1	0
LT934125.1	4168	-	0	0	1	0	0	0
LT934125.1	4204	+	0	0	0	0	1	0
LT934125.1	4210	-	0	0	1	0	1	0
LT934125.1	4212	-	0	0	0	0	1	0
LT934125.1	4213	-	0	0	0	1	0	0
LT934125.1	4229	+	0	0	1	0	2	0
LT934125.1	4231	+	0	0	0	0	1	0
LT934125.1	4234	+	0	0	0	0	1	0
LT934125.1	4292	-	0	0	0	0	1	0
LT934125.1	4315	-	0	0	0	0	1	0
LT934125.1	4337	-	0	0	0	0	1	0
LT934125.1	4356	+	0	0	1	0	1	0
LT934125.1	4361	+	0	0	1	0	0	0
LT934125.1	4384	-	0	0	0	0	1	0
LT934125.1	4392	-	0	0	0	0	1	0
LT934125.1	4416	-	1	0	0	0	0	0
LT934125.1	4419	+	0	0	0	0	1	0
LT934125.1	4434	-	0	0	1	0	0	0
LT934125.1	4447	+	0	0	0	0	1	0
LT934125.1	4454	+	0	0	0	0	1	0
LT934125.1	4458	-	0	0	2	0	0	0
LT934125.1	4465	+	0	0	0	0	1	0
LT934125.1	4470	-	0	0	1	0	0	0
LT934125.1	4478	+	0	0	0	0	1	0
LT934125.1	4480	+	0	0	2	0	13	0
LT934125.1	4490	+	0	0	1	0	0	0
LT934125.1	4536	-	0	0	0	0	1	0
LT934125.1	4537	+	0	0	1	0	0	0
LT934125.1	4540	-	0	0	1	0	0	0
LT934125.1	4542	-	1	0	0	0	0	0
LT934125.1	4557	+	1	0	0	0	0	0
LT934125.1	4583	-	0	0	1	0	0	0
LT934125.1	4597	-	0	0	0	0	2	0
LT934125.1	4630	+	0	0	0	0	0	1
LT934125.1	4631	+	0	0	0	0	3	0
LT934125.1	4632	+	2	0	6	0	2	1
LT934125.1	4635	+	2	0	2	0	5	0
LT934125.1	4656	-	1	0	0	0	0	0
LT934125.1	4658	-	1	0	0	0	0	0
LT934125.1	4676	+	0	0	0	0	1	0
LT934125.1	4687	+	0	0	0	0	1	0
LT934125.1	4687	-	1	0	0	0	0	0
LT934125.1	4692	+	0	0	0	0	1	0
LT934125.1	4695	-	0	0	0	0	1	0
LT934125.1	4698	-	0	0	1	0	0	0
LT934125.1	4699	-	0	0	0	0	1	0
LT934125.1	4700	-	0	0	1	0	0	0
LT934125.1	4727	-	0	1	0	0	0	0
LT934125.1	4732	-	0	0	0	0	1	0
LT934125.1	4734	-	2	0	0	0	1	0
LT934125.1	4738	+	0	0	1	0	0	0
LT934125.1	4752	-	0	0	1	0	0	0
LT934125.1	4759	-	0	0	0	0	1	0
LT934125.1	4808	-	0	0	0	0	1	0
LT934125.1	4809	-	0	0	0	0	1	0
LT934125.1	4811	-	0	0	0	0	3	0
LT934125.1	4818	-	0	0	0	0	1	0
LT934125.1	4823	-	0	0	0	0	1	0
LT934125.1	4825	-	0	0	0	0	1	0
LT934125.1	4826	-	1	0	0	0	5	1
LT934125.1	4828	-	0	0	0	0	1	0
LT934125.1	4830	-	1	0	2	0	0	1
LT934125.1	4831	-	0	0	0	0	1	0
LT934125.1	4836	-	0	0	0	0	1	0
LT934125.1	4848	-	1	0	1	0	0	2
LT934125.1	4849	-	0	0	0	0	2	0
LT934125.1	4857	-	0	0	0	0	1	0
LT934125.1	4888	-	0	0	0	0	1	0
LT934125.1	4889	-	1	0	0	0	0	0
LT934125.1	4895	-	0	0	0	0	1	0
LT934125.1	4899	-	0	0	0	0	1	0
LT934125.1	4905	-	0	0	0	0	1	0
LT934125.1	4906	-	0	0	2	0	0	0
LT934125.1	4907	-	0	0	0	1	0	0
LT934125.1	4924	-	2	0	2	0	5	2
LT934125.1	4925	-	26	0	17	4	53	15
LT934125.1	4926	-	5	1	7	3	42	6
LT934125.1	4927	-	0	1	1	0	2	0
LT934125.1	4928	-	1	2	5	0	3	0
LT934125.1	4947	+	0	0	0	0	1	0
LT934125.1	4949	+	0	0	0	0	3	1
LT934125.1	4966	-	0	0	0	0	1	0
LT934125.1	4967	+	9	0	0	0	0	0
LT934125.1	4978	+	0	1	0	0	0	0
LT934125.1	4986	-	0	0	0	0	1	0
LT934125.1	4991	-	0	0	0	0	0	1
LT934125.1	4994	-	0	0	1	0	0	0
LT934125.1	5004	-	0	0	0	0	1	0
LT934125.1	5008	-	0	0	0	0	1	0
LT934125.1	5041	+	0	0	0	0	1	0
LT934125.1	5046	+	0	0	0	0	1	0
LT934125.1	5059	+	0	0	0	0	1	0
LT934125.1	5066	-	0	0	1	0	2	0
LT934125.1	5069	-	0	0	1	0	0	0
LT934125.1	5107	+	1	0	0	0	0	0
LT934125.1	5115	-	0	0	0	0	1	0
LT934125.1	5118	-	0	0	0	0	1	0
LT934125.1	5119	-	1	0	0	0	0	0
LT934125.1	5139	-	0	0	0	0	1	0
LT934125.1	5142	+	0	0	0	0	1	0
LT934125.1	5151	-	1	0	0	0	0	0
LT934125.1	5159	-	0	0	0	0	1	0
LT934125.1	5171	-	0	0	0	0	1	0
LT934125.1	5192	-	0	0	0	0	1	0
LT934125.1	5193	+	0	0	0	0	1	0
LT934125.1	5199	+	0	0	0	0	1	0
LT934125.1	5259	+	0	0	1	0	0	0
LT934125.1	5267	-	0	1	2	0	1	0
LT934125.1	5271	-	0	0	0	0	3	0
LT934125.1	5272	-	0	0	0	0	1	0
LT934125.1	5291	-	0	0	0	0	1	0
LT934125.1	5318	-	1	0	0	0	0	0
LT934125.1	5335	-	0	0	0	0	1	0
LT934125.1	5375	-	0	0	0	0	1	0
LT934125.1	5427	-	0	0	1	0	0	0
LT934125.1	5461	-	1	0	0	0	0	0
LT934125.1	5496	-	0	1	0	0	0	0
LT934125.1	5655	-	0	0	1	0	0	0
LT934125.1	5699	-	0	0	0	1	0	0
LT934125.1	5762	-	0	0	1	0	0	0
LT934125.1	5850	-	0	0	0	0	1	0
LT934125.1	5991	+	0	0	0	0	1	0
LT934125.1	6088	+	0	0	1	0	0	0
LT934125.1	6092	+	0	0	0	0	1	0
LT934125.1	6173	-	0	0	0	0	1	0
LT934125.1	6183	-	0	0	1	0	1	0
LT934125.1	6201	-	1	0	0	0	0	0
LT934125.1	6204	-	0	0	1	0	0	0
LT934125.1	6219	+	0	0	0	0	1	0
LT934125.1	6286	+	0	0	0	0	1	0
LT934125.1	6452	+	1	0	0	0	0	0
LT934125.1	6455	+	1	0	0	0	0	0
LT934125.1	6533	+	0	0	0	0	1	0
LT934125.1	6557	-	0	0	0	0	1	0
LT934125.1	6574	+	0	0	0	0	1	0
LT934125.1	6590	+	0	0	1	0	0	0
LT934125.1	6648	-	0	0	0	0	1	0
LT934125.1	6675	+	0	0	0	0	1	0
LT934125.1	6680	+	1	0	0	0	0	0
LT934125.1	6731	+	0	0	0	0	0	1
LT934125.1	6736	-	0	0	0	0	1	0
LT934125.1	6785	-	0	0	0	0	1	0
LT934125.1	6813	+	0	0	1	0	0	0
LT934125.1	6831	+	0	0	0	0	1	0
LT934125.1	6853	+	0	0	1	0	0	0
LT934125.1	6871	-	0	0	0	0	1	0
LT934125.1	6887	+	0	0	0	0	0	1
LT934125.1	6896	+	0	0	0	0	1	0
LT934125.1	6911	-	0	0	0	0	1	0
LT934125.1	6912	+	0	0	1	0	0	0
LT934125.1	6963	+	0	0	0	0	1	0
LT934125.1	6998	-	0	0	0	0	1	0
LT934125.1	7007	+	0	0	0	0	2	0
LT934125.1	7009	+	0	0	1	0	0	0
LT934125.1	7077	-	0	0	1	0	0	0
LT934125.1	7078	+	0	0	1	0	0	0
LT934125.1	7097	+	0	0	0	0	0	1
LT934125.1	7109	-	0	0	0	0	1	0
LT934125.1	7117	+	0	0	0	0	1	0
LT934125.1	7125	+	0	0	0	0	0	1
LT934125.1	7127	-	0	0	1	0	0	0
LT934125.1	7129	-	0	1	1	0	0	0
LT934125.1	7146	-	0	0	1	0	1	0
LT934125.1	7150	+	0	0	0	0	2	0
LT934125.1	7161	-	0	0	1	0	0	0
LT934125.1	7176	-	0	0	1	0	0	0
LT934125.1	7253	-	0	0	0	0	1	0
LT934125.1	7261	+	0	0	0	0	2	0
LT934125.1	7270	-	0	0	0	0	0	1
LT934125.1	7272	+	0	0	0	0	0	1
LT934125.1	7281	+	0	0	0	0	0	1
LT934125.1	7336	+	0	0	0	0	1	0
LT934125.1	7416	-	0	0	0	0	1	0
LT934125.1	7441	+	1	0	0	0	0	0
LT934125.1	7451	+	0	0	0	0	1	0
LT934125.1	7454	+	0	0	1	0	1	0
LT934125.1	7471	+	0	0	1	0	0	0
LT934125.1	7494	-	0	0	0	0	1	0
LT934125.1	7498	-	0	0	0	0	1	0
LT934125.1	7534	-	0	0	0	1	1	0
LT934125.1	7536	-	0	0	0	0	3	0
LT934125.1	7566	-	0	0	0	0	0	1
LT934125.1	7568	-	0	0	2	2	0	2
LT934125.1	7585	+	0	0	0	0	28	0
LT934125.1	7586	+	0	0	0	0	14	0
LT934125.1	7587	+	0	0	3	3	1	2
LT934125.1	7588	+	9	0	26	4	0	18
LT934125.1	7589	+	0	0	0	0	1	0
LT934125.1	7591	+	24	0	28	7	66	43
LT934125.1	7592	+	0	0	0	0	2	0
LT934125.1	7594	+	0	0	0	0	1	0
LT934125.1	7622	+	1	0	0	0	0	0
LT934125.1	7633	+	0	0	0	0	1	0
LT934125.1	7637	-	0	0	0	0	1	0
LT934125.1	7638	+	1	0	0	0	0	0
LT934125.1	7656	+	0	0	0	0	1	0
LT934125.1	7698	+	0	0	0	0	0	1
LT934125.1	7716	-	0	0	0	1	0	0
LT934125.1	7718	-	2	0	0	0	0	0
LT934125.1	7721	-	0	0	0	0	0	2
LT934125.1	7750	+	0	0	1	0	0	0
LT934125.1	7752	+	0	0	0	0	0	1
LT934125.1	7756	-	0	0	0	0	2	0
LT934125.1	7758	-	2	1	2	0	0	3
LT934125.1	7761	-	0	0	0	0	5	0
LT934125.1	7779	+	0	0	0	0	0	1
LT934125.1	7807	+	0	0	0	0	1	0
LT934125.1	7808	+	1	0	0	0	0	0
LT934125.1	7809	+	0	0	0	0	1	0
LT934125.1	7811	+	2	0	3	0	16	1
LT934125.1	7812	+	0	0	1	0	2	1
LT934125.1	7813	+	0	0	0	0	0	1
LT934125.1	7851	+	1	0	0	0	0	0
LT934125.1	7863	+	0	0	1	0	1	1
LT934125.1	7895	+	0	0	1	0	0	0
LT934125.1	8010	+	0	0	0	0	2	0
LT934125.1	8025	+	0	0	0	0	1	0
LT934125.1	8026	-	0	0	0	0	2	0
LT934125.1	8098	+	0	0	0	0	1	0
LT934125.1	8117	+	0	0	0	0	1	0
LT934125.1	8122	-	0	0	0	0	1	0
LT934125.1	8125	+	0	0	0	0	1	0
LT934125.1	8189	-	1	1	3	0	0	1
LT934125.1	8197	-	0	0	0	0	1	0
LT934125.1	8206	+	0	0	0	0	1	0
LT934125.1	8210	-	0	0	0	0	0	1
LT934125.1	8220	-	0	0	1	0	0	0
LT934125.1	8238	+	0	0	2	0	0	0
LT934125.1	8239	+	0	0	0	0	0	1
LT934125.1	8328	+	0	0	1	0	0	0
LT934125.1	8333	+	0	0	0	0	1	0
LT934125.1	8354	-	0	0	1	0	0	0
LT934125.1	8358	-	0	0	1	0	0	0
LT934125.1	8396	-	0	0	0	0	1	0
LT934125.1	8399	+	0	0	0	0	1	0
LT934125.1	8497	+	0	0	0	0	1	0
LT934125.1	8514	-	0	0	1	0	0	0
LT934125.1	8527	+	0	0	0	0	1	0
LT934125.1	8531	+	0	0	2	0	0	0
LT934125.1	8538	-	0	0	0	0	1	0
LT934125.1	8564	+	0	0	0	0	1	0
LT934125.1	8569	+	0	0	0	0	1	0
LT934125.1	8602	-	0	0	0	0	1	0
LT934125.1	8605	+	0	0	0	0	0	1
LT934125.1	8615	-	0	0	0	0	1	0
LT934125.1	8619	+	0	0	0	0	1	0
LT934125.1	8670	+	0	0	0	0	1	0
LT934125.1	8679	+	0	0	0	0	1	0
LT934125.1	8700	-	0	0	0	0	1	0
LT934125.1	8704	+	0	0	1	0	0	0
LT934125.1	8705	+	0	0	0	1	0	0
LT934125.1	8713	-	0	0	0	0	1	0
LT934125.1	8717	-	0	0	1	0	0	0
LT934125.1	8718	-	0	0	0	0	1	0
LT934125.1	8735	+	0	0	2	0	0	0
LT934125.1	8737	-	0	0	1	0	0	0
LT934125.1	8763	-	0	0	0	0	1	0
LT934125.1	8765	+	0	0	1	0	0	0
LT934125.1	8769	-	0	0	0	0	2	0
LT934125.1	8781	-	0	0	0	0	0	1
LT934125.1	8782	-	0	0	0	0	2	0
LT934125.1	8783	-	0	0	1	0	0	0
LT934125.1	8785	-	0	0	0	0	3	0
LT934125.1	8790	-	1	0	0	0	0	0
LT934125.1	8805	+	0	0	0	0	0	1
LT934125.1	8812	+	0	0	0	0	1	0
LT934125.1	8822	+	0	0	0	0	1	0
LT934125.1	8834	-	0	0	0	0	1	0
LT934125.1	8847	-	0	0	1	0	0	0
LT934125.1	8850	-	0	0	0	0	1	0
LT934125.1	8851	-	1	0	0	0	0	0
LT934125.1	8857	-	0	0	0	0	1	0
LT934125.1	8866	-	0	0	0	0	1	0
LT934125.1	8867	-	0	0	0	0	1	0
LT934125.1	8871	+	0	0	0	0	1	0
LT934125.1	8877	+	0	0	0	0	1	0
LT934125.1	8885	-	0	0	0	1	0	0
LT934125.1	8898	+	0	0	1	0	0	0
LT934125.1	8901	+	0	0	0	0	2	0
LT934125.1	8901	-	0	0	0	0	0	1
LT934125.1	8902	+	1	0	0	0	0	1
LT934125.1	8904	+	0	0	2	1	0	0
LT934125.1	8905	+	0	0	1	0	0	0
LT934125.1	8907	+	0	0	0	0	1	0
LT934125.1	8909	-	0	0	1	0	0	0
LT934125.1	8920	+	0	0	1	0	0	0
LT934125.1	8946	-	0	0	0	0	1	0
LT934125.1	8957	-	0	0	0	0	1	0
LT934125.1	8965	-	1	0	0	0	0	0
LT934125.1	8976	+	0	0	1	0	0	0
LT934125.1	8996	-	1	0	0	0	0	0
LT934125.1	8997	-	0	0	4	0	1	0
LT934125.1	8999	-	0	0	0	0	2	0
LT934125.1	9017	+	1	0	0	0	0	0
LT934125.1	9019	+	0	0	0	0	1	0
LT934125.1	9020	+	0	0	4	0	0	0
LT934125.1	9028	+	1	0	0	0	0	0
LT934125.1	9031	+	0	0	1	0	0	0
LT934125.1	9033	-	0	0	1	0	0	0
LT934125.1	9037	-	0	0	1	0	0	0
LT934125.1	9052	+	0	0	0	0	0	1
LT934125.1	9054	-	2	0	2	1	1	0
LT934125.1	9055	+	0	0	0	0	1	0
LT934125.1	9056	-	0	0	0	0	1	0
LT934125.1	9057	-	0	0	0	0	1	0
LT934125.1	9058	-	3	1	6	0	20	0
LT934125.1	9060	-	0	0	0	0	1	0
LT934125.1	9073	-	0	0	0	0	1	0
LT934125.1	9083	-	0	0	1	0	2	0
LT934125.1	9085	-	0	0	0	0	1	0
LT934125.1	9086	-	1	0	0	0	0	0
LT934125.1	9088	-	0	0	0	0	1	0
LT934125.1	9089	-	0	0	1	0	0	0
LT934125.1	9091	-	0	0	0	0	1	0
LT934125.1	9093	-	0	1	0	0	0	0
LT934125.1	9095	-	0	0	0	0	0	1
LT934125.1	9096	+	1	0	0	0	0	0
LT934125.1	9107	+	0	0	1	0	0	0
LT934125.1	9108	+	0	0	155	3	1	0
LT934125.1	9109	+	86	1	21	0	670	0
LT934125.1	9110	+	3	0	0	0	174	1
LT934125.1	9111	+	2	0	0	0	3	0
LT934125.1	9112	+	38	2	92	1	364	3
LT934125.1	9113	+	319	0	331	3	473	0
LT934125.1	9114	+	1	0	1	0	6	0
LT934125.1	9115	+	24	1	26	0	59	0
LT934125.1	9119	+	0	0	0	0	1	0
LT934125.1	9120	+	0	0	0	0	1	0
LT934125.1	9121	-	0	0	1	0	0	0
LT934125.1	9123	+	0	0	0	1	0	0
LT934125.1	9134	+	0	0	0	0	1	0
LT934125.1	9140	+	0	0	0	0	1	0
LT934125.1	9143	+	1	0	0	0	0	0
LT934125.1	9162	+	1	0	0	0	0	0
LT934125.1	9163	+	0	0	0	0	1	0
LT934125.1	9168	+	0	0	0	0	1	0
LT934125.1	9173	-	0	0	0	0	1	3
LT934125.1	9187	+	0	0	1	0	0	0
LT934125.1	9192	+	0	0	1	0	0	0
LT934125.1	9205	+	1	0	0	0	1	0
LT934125.1	9210	+	0	0	0	0	1	0
LT934125.1	9214	+	0	0	0	0	1	0
LT934125.1	9214	-	3	0	5	1	42	4
LT934125.1	9215	-	0	0	0	0	3	0
LT934125.1	9217	-	0	0	2	0	4	0
LT934125.1	9232	+	1	0	2	0	0	0
LT934125.1	9233	+	2	0	0	0	0	0
LT934125.1	9234	+	1	0	0	0	0	0
LT934125.1	9248	-	0	0	0	0	1	0
LT934125.1	9249	-	0	0	1	0	0	0
LT934125.1	9251	-	0	0	0	0	0	2
LT934125.1	9252	-	0	0	0	0	1	0
LT934125.1	9253	-	0	0	1	0	0	0
LT934125.1	9255	-	0	0	0	0	1	0
LT934125.1	9257	+	1	0	0	0	0	0
LT934125.1	9260	+	1	0	0	0	0	0
LT934125.1	9265	+	0	0	0	0	294	0
LT934125.1	9266	+	0	3	0	1	0	0
LT934125.1	9267	+	36	2	44	5	66	9
LT934125.1	9268	+	1	0	0	0	5	1
LT934125.1	9269	+	60	0	112	8	3	25
LT934125.1	9270	+	463	29	796	74	3029	230
LT934125.1	9271	+	0	0	4	1	15	2
LT934125.1	9272	+	5	1	8	0	27	1
LT934125.1	9274	+	0	0	1	0	0	0
LT934125.1	9275	+	1	0	2	0	4	0
LT934125.1	9279	+	0	0	2	0	2	0
LT934125.1	9280	+	0	0	0	0	1	0
LT934125.1	9280	-	0	0	0	0	1	0
LT934125.1	9281	-	1	0	0	0	0	1
LT934125.1	9282	+	0	0	1	0	0	0
LT934125.1	9283	-	0	0	0	0	1	0
LT934125.1	9284	-	0	0	1	0	0	0
LT934125.1	9285	-	0	0	1	0	0	0
LT934125.1	9289	+	0	0	1	0	0	0
LT934125.1	9293	+	0	0	0	0	3	0
LT934125.1	9295	+	0	0	1	0	0	0
LT934125.1	9296	+	1	0	0	0	0	0
LT934125.1	9299	+	0	0	0	0	10	0
LT934125.1	9302	+	2	0	0	0	0	0
LT934125.1	9322	+	0	0	0	0	1	0
LT934125.1	9330	-	0	0	0	0	1	0
LT934125.1	9336	+	0	0	0	0	1	0
LT934125.1	9339	+	0	0	0	0	4	1
LT934125.1	9340	+	2	0	0	0	1	0
LT934125.1	9346	+	0	0	0	0	1	0
LT934125.1	9352	+	0	0	0	0	1	0
LT934125.1	9355	+	0	0	0	0	1	0
LT934125.1	9359	+	0	0	1	0	0	0
LT934125.1	9360	+	0	0	0	0	1	0
LT934125.1	9362	+	0	0	1	0	0	0
LT934125.1	9363	+	0	0	0	0	1	0
LT934125.1	9365	+	1	0	0	0	0	0
LT934125.1	9369	+	0	0	0	0	1	0
LT934125.1	9370	+	0	0	0	0	2	0
LT934125.1	9370	-	0	0	2	0	3	0
LT934125.1	9377	+	1	0	0	0	0	0
LT934125.1	9379	+	0	0	1	0	1	0
LT934125.1	9380	+	1	0	0	0	2	0
LT934125.1	9382	+	0	0	0	0	1	0
LT934125.1	9389	-	0	0	1	0	0	0
LT934125.1	9407	+	0	0	0	0	1	0
LT934125.1	9410	+	0	0	1	0	0	0
LT934125.1	9411	+	0	0	0	0	0	1
LT934125.1	9412	+	0	0	1	0	1	0
LT934125.1	9413	+	3	0	4	0	8	0
LT934125.1	9414	+	1	0	75	6	3	0
LT934125.1	9415	+	48	2	0	0	113	11
LT934125.1	9416	+	0	0	0	0	3	0
LT934125.1	9417	+	2	0	0	0	0	0
LT934125.1	9420	-	0	0	1	0	3	0
LT934125.1	9421	+	1	0	1	0	1	0
LT934125.1	9422	+	0	0	0	0	2	0
LT934125.1	9423	+	0	1	0	0	0	0
LT934125.1	9431	+	0	0	0	0	1	0
LT934125.1	9433	+	0	0	0	0	1	0
LT934125.1	9434	+	0	0	3	0	0	0
LT934125.1	9436	+	0	0	2	0	0	0
LT934125.1	9437	+	2	0	0	0	7	0
LT934125.1	9444	+	0	0	2	0	0	0
LT934125.1	9448	-	0	0	1	0	0	0
LT934125.1	9454	-	0	0	3	0	0	0
LT934125.1	9455	-	0	0	0	0	1	0
LT934125.1	9459	+	1	0	0	0	0	0
LT934125.1	9460	+	0	0	0	0	2	0
LT934125.1	9461	+	1	0	0	0	0	0
LT934125.1	9462	+	0	0	0	0	1	0
LT934125.1	9464	+	0	0	1	0	0	0
LT934125.1	9472	+	0	0	1	0	0	0
LT934125.1	9472	-	0	0	1	0	0	0
LT934125.1	9473	+	0	0	2	0	0	0
LT934125.1	9478	+	0	0	0	0	2	1
LT934125.1	9479	+	0	0	7	2	2	0
LT934125.1	9480	+	12	0	0	0	30	3
LT934125.1	9482	+	0	0	1	0	0	0
LT934125.1	9486	+	0	0	1	0	0	0
LT934125.1	9487	+	1	0	1	0	0	1
LT934125.1	9487	-	0	0	0	0	0	1
LT934125.1	9488	+	0	0	0	0	0	2
LT934125.1	9489	+	4	0	1	0	0	0
LT934125.1	9489	-	0	0	1	0	2	2
LT934125.1	9490	+	0	0	2	0	3	0
LT934125.1	9491	+	1	0	0	0	1	0
LT934125.1	9491	-	0	0	0	0	0	1
LT934125.1	9492	-	0	0	1	0	0	0
LT934125.1	9494	-	26	7	139	13	155	91
LT934125.1	9495	-	2	0	15	2	10	27
LT934125.1	9497	-	2	0	0	0	2	0
LT934125.1	9498	-	2	1	6	1	43	7
LT934125.1	9499	-	0	0	0	2	0	0
LT934125.1	9500	-	0	0	18	0	0	0
LT934125.1	9501	-	0	0	0	0	0	1
LT934125.1	9508	-	0	0	0	0	1	0
LT934125.1	9510	+	0	0	0	0	4	0
LT934125.1	9512	+	0	0	1	0	0	0
LT934125.1	9526	-	0	0	0	0	1	0
LT934125.1	9527	-	0	0	2	1	3	0
LT934125.1	9530	-	0	0	2	0	1	1
LT934125.1	9533	-	0	0	0	0	1	1
LT934125.1	9534	-	0	1	0	0	0	3
LT934125.1	9537	+	0	0	0	0	3	0
LT934125.1	9538	+	1	0	0	0	0	0
LT934125.1	9539	+	0	0	0	0	1	0
LT934125.1	9545	+	0	0	0	0	0	2
LT934125.1	9547	+	0	0	0	0	5	0
LT934125.1	9547	-	0	0	1	0	0	0
LT934125.1	9548	+	8	0	8	0	75	8
LT934125.1	9549	+	1	0	0	0	0	0
LT934125.1	9550	+	0	0	2	1	29	0
LT934125.1	9553	+	0	0	1	0	2	0
LT934125.1	9554	+	1	0	0	0	0	0
LT934125.1	9555	+	0	0	1	0	0	0
LT934125.1	9557	+	0	0	1	0	1	0
LT934125.1	9558	+	1	0	0	0	1	1
LT934125.1	9559	-	0	0	0	0	1	0
LT934125.1	9561	+	0	0	1	0	0	0
LT934125.1	9564	+	0	0	0	0	1	0
LT934125.1	9564	-	1	0	0	0	0	0
LT934125.1	9573	+	0	0	0	0	1	0
LT934125.1	9580	+	0	0	0	0	3	0
LT934125.1	9583	+	1	0	0	0	1	0
LT934125.1	9585	+	0	0	0	0	0	1
LT934125.1	9586	+	1	0	1	0	0	0
LT934125.1	9587	-	1	0	0	0	0	0
LT934125.1	9588	-	1	0	0	0	2	0
LT934125.1	9590	-	0	0	4	0	13	0
LT934125.1	9591	-	0	0	2	0	0	0
LT934125.1	9592	+	0	0	0	0	6	0
LT934125.1	9593	+	0	0	1	0	0	0
LT934125.1	9594	-	0	0	0	1	0	0
LT934125.1	9595	-	0	0	0	0	1	0
LT934125.1	9599	-	2	0	0	0	0	0
LT934125.1	9604	+	0	0	1	0	0	0
LT934125.1	9606	+	0	0	0	0	1	0
LT934125.1	9607	+	1	0	0	0	1	0
LT934125.1	9609	+	0	0	1	1	0	1
LT934125.1	9611	+	0	0	0	0	6	0
LT934125.1	9612	+	1	0	2	1	0	0
LT934125.1	9613	+	0	0	0	0	2	0
LT934125.1	9633	-	0	0	0	0	1	0
LT934125.1	9638	+	0	0	0	0	27	0
LT934125.1	9639	+	0	1	0	0	0	0
LT934125.1	9640	+	6	0	8	0	0	2
LT934125.1	9641	+	1	0	0	0	209	0
LT934125.1	9642	+	2	0	5	1	26	0
LT934125.1	9643	+	7	0	63	0	6853	14
LT934125.1	9644	+	16	0	78	9	364	19
LT934125.1	9644	-	0	0	0	0	1	0
LT934125.1	9645	+	11	2	37	1	26	9
LT934125.1	9645	-	0	0	0	0	1	0
LT934125.1	9646	+	672	39	1321	40	2	269
LT934125.1	9647	+	47	1	64	4	142	4
LT934125.1	9648	+	2	0	8	1	15	2
LT934125.1	9650	+	0	0	5	1	23	2
LT934125.1	9651	+	0	0	1	0	0	0
LT934125.1	9652	+	0	0	0	0	1	0
LT934125.1	9653	+	0	0	0	0	1	0
LT934125.1	9656	+	0	0	0	0	1	0
LT934125.1	9657	+	0	0	3	0	1	0
LT934125.1	9665	-	1	0	0	0	0	0
LT934125.1	9668	+	0	0	1	0	0	1
LT934125.1	9670	+	0	0	0	0	1	0
LT934125.1	9670	-	0	0	1	0	0	0
LT934125.1	9677	+	0	0	0	0	48	0
LT934125.1	9679	+	3	0	5	1	0	1
LT934125.1	9680	+	0	0	0	0	2	0
LT934125.1	9683	+	0	0	0	0	1	0
LT934125.1	9684	+	1	0	0	0	0	0
LT934125.1	9688	+	0	0	0	0	2	0
LT934125.1	9690	+	0	0	1	0	0	0
LT934125.1	9692	+	0	0	0	0	4	0
LT934125.1	9693	+	0	0	3	0	0	0
LT934125.1	9695	+	0	0	0	0	1	0
LT934125.1	9696	+	0	0	0	0	3	0
LT934125.1	9699	+	0	0	4	0	1	0
LT934125.1	9705	+	1	0	0	0	0	0
LT934125.1	9706	+	0	0	10	0	1	0
LT934125.1	9707	+	8	0	4	0	48	6
LT934125.1	9708	+	2	0	0	0	21	4
LT934125.1	9709	+	0	0	0	0	19	0
LT934125.1	9710	+	2	0	5	0	8	3
LT934125.1	9711	+	0	0	0	0	3	0
LT934125.1	9712	+	0	0	2	0	0	0
LT934125.1	9713	+	0	0	0	0	7	0
LT934125.1	9714	+	1	0	0	0	2	0
LT934125.1	9715	+	3	0	0	0	1	0
LT934125.1	9716	+	0	0	0	0	6	0
LT934125.1	9718	+	0	0	1	0	3	0
LT934125.1	9719	+	0	0	0	0	1	0
LT934125.1	9719	-	0	0	0	0	1	0
LT934125.1	9720	+	3	0	0	0	2	0
LT934125.1	9721	+	0	0	0	0	39	0
LT934125.1	9722	+	0	0	1	0	3	0
LT934125.1	9723	+	0	0	14	0	0	1
LT934125.1	9724	+	1	0	0	0	4	1
LT934125.1	9727	+	0	0	0	0	1	1
LT934125.1	9728	+	0	2	0	0	23	0
LT934125.1	9729	+	18	0	15	0	1	0
LT934125.1	9740	+	0	0	0	0	9	1
LT934125.1	9742	+	0	0	7	0	0	0
LT934125.1	9743	+	5	0	0	0	9	0
LT934125.1	9746	+	0	0	1	0	0	0
LT934125.1	9747	+	0	0	0	0	2	0
LT934125.1	9750	+	6	0	5	0	1	0
LT934125.1	9751	+	0	0	0	0	2	0
LT934125.1	9753	+	1	0	0	0	2	0
LT934125.1	9755	+	0	0	1	0	0	0
LT934125.1	9756	+	13	0	1	0	1	0
LT934125.1	9757	+	0	0	0	0	10	0
LT934125.1	9759	+	45	0	2	1	1	3
LT934125.1	9760	+	0	0	0	0	86	0
LT934125.1	9762	+	3	0	53	0	2	4
LT934125.1	9764	+	0	0	2	0	0	0
LT934125.1	9768	+	0	0	0	0	6	0
LT934125.1	9770	+	0	0	1	0	0	0
LT934125.1	9770	-	0	0	0	0	1	0
LT934125.1	9771	+	2	0	2	0	0	1
LT934125.1	9774	+	0	0	0	0	1	0
LT934125.1	9776	-	0	0	0	0	1	0
LT934125.1	9777	-	0	0	1	0	0	0
LT934125.1	9782	+	0	0	2	0	0	0
LT934125.1	9783	+	1	0	0	0	2	0
LT934125.1	9785	+	0	0	1	0	0	0
LT934125.1	9789	+	1	0	0	0	0	0
LT934125.1	9791	+	0	0	0	0	2	0
LT934125.1	9792	+	0	0	3	1	1	0
LT934125.1	9797	+	0	0	1	0	0	0
LT934125.1	9800	-	0	0	0	0	6	0
LT934125.1	9801	-	0	0	0	0	4	0
LT934125.1	9803	+	0	0	0	0	17	0
LT934125.1	9803	-	0	0	0	0	3	0
LT934125.1	9804	+	6	0	13	1	0	1
LT934125.1	9805	+	2	0	0	0	0	0
LT934125.1	9807	+	2	0	0	0	0	0
LT934125.1	9811	-	0	0	0	0	2	0
LT934125.1	9814	+	0	0	0	0	1	0
LT934125.1	9816	-	1	0	0	0	0	0
LT934125.1	9817	+	1	0	0	0	0	0
LT934125.1	9820	+	0	2	0	0	6	0
LT934125.1	9820	-	0	0	0	0	1	0
LT934125.1	9821	+	0	0	3	0	1	0
LT934125.1	9824	+	0	0	0	0	1	0
LT934125.1	9834	+	0	0	1	0	0	0
LT934125.1	9836	+	0	0	0	0	2	0
LT934125.1	9837	+	0	0	2	0	2	1
LT934125.1	9839	+	0	0	0	0	2	0
LT934125.1	9840	+	1	0	0	0	0	0
LT934125.1	9843	+	0	1	0	0	0	0
LT934125.1	9847	+	0	0	1	0	0	0
LT934125.1	9850	+	0	0	0	0	4	0
LT934125.1	9851	+	0	0	0	0	1	0
LT934125.1	9852	+	0	0	1	0	0	0
LT934125.1	9859	+	0	0	4	0	0	0
LT934125.1	9861	+	0	0	0	0	3	0
LT934125.1	9862	+	7	0	0	0	10	1
LT934125.1	9864	+	0	1	0	0	0	0
LT934125.1	9865	+	0	0	0	0	2	0
LT934125.1	9866	+	0	0	0	0	6	0
LT934125.1	9867	+	2	0	7	0	0	2
LT934125.1	9869	-	0	0	0	0	1	0
LT934125.1	9872	-	0	0	1	0	0	0
LT934125.1	9878	+	0	0	0	0	1	0
LT934125.1	9878	-	1	0	1	0	0	0
LT934125.1	9879	+	1	0	0	0	0	0
LT934125.1	9879	-	0	0	0	0	1	0
LT934125.1	9880	-	0	0	0	0	3	0
LT934125.1	9883	-	1	0	0	0	0	0
LT934125.1	9885	-	0	0	1	0	0	0
LT934125.1	9888	+	1	0	0	0	0	0
LT934125.1	9888	-	0	0	0	0	1	0
LT934125.1	9889	+	0	0	0	0	6	0
LT934125.1	9891	+	0	0	0	0	1	0
LT934125.1	9891	-	0	0	0	0	1	0
LT934125.1	9896	+	0	0	2	0	0	0
LT934125.1	9897	+	0	0	0	0	4	3
LT934125.1	9899	+	0	0	0	0	1	0
LT934125.1	9901	+	0	0	0	0	1	0
LT934125.1	9904	-	0	0	1	0	0	0
LT934125.1	9907	+	0	0	0	0	1	0
LT934125.1	9909	+	1	0	0	0	0	0
LT934125.1	9910	+	0	0	0	0	20	0
LT934125.1	9911	+	0	0	0	0	1	0
LT934125.1	9912	+	0	0	1	0	1	0
LT934125.1	9916	+	0	0	0	0	3	0
LT934125.1	9917	-	0	0	0	0	1	0
LT934125.1	9918	-	0	0	0	0	0	1
LT934125.1	9919	+	0	0	0	0	1	0
LT934125.1	9920	+	0	0	2	0	1	0
LT934125.1	9920	-	0	0	0	0	7	0
LT934125.1	9921	+	0	0	0	0	1	0
LT934125.1	9931	+	0	0	1	0	0	0
LT934125.1	9932	+	0	0	25	2	3	1
LT934125.1	9932	-	0	0	0	0	1	0
LT934125.1	9933	+	16	1	0	0	64	8
LT934125.1	9934	+	0	0	0	0	1	0
LT934125.1	9939	+	0	0	0	0	0	2
LT934125.1	9940	+	0	0	0	0	2	0
LT934125.1	9941	+	0	0	0	0	41	0
LT934125.1	9942	+	14	0	10	0	1	0
LT934125.1	9944	-	0	0	0	0	1	0
LT934125.1	9949	+	0	0	0	0	12	0
LT934125.1	9951	+	0	0	3	0	0	1
LT934125.1	9954	+	0	0	1	0	0	0
LT934125.1	9958	-	1	0	0	0	1	0
LT934125.1	9960	+	0	0	0	0	1	0
LT934125.1	9961	+	0	0	0	0	2	0
LT934125.1	9963	+	1	0	2	0	0	0
LT934125.1	9969	+	0	0	0	0	2	0
LT934125.1	9970	+	0	0	0	0	1	0
LT934125.1	9971	+	0	0	8	0	0	0
LT934125.1	9972	+	0	0	0	0	0	1
LT934125.1	9973	+	0	0	1	0	0	0
LT934125.1	9981	+	0	0	0	0	2	0
LT934125.1	9983	+	0	0	0	0	4	0
LT934125.1	9986	+	0	0	0	0	1	0
LT934125.1	9992	+	0	0	0	0	1	0
LT934125.1	9993	+	0	0	0	0	1	0
LT934125.1	9994	+	0	0	1	0	0	0
LT934125.1	9995	+	0	0	0	0	1	0
LT934125.1	9996	+	2	0	0	0	3	0
LT934125.1	9997	+	0	0	0	0	2	0
LT934125.1	9998	+	3	0	9	0	6	1
LT934125.1	9999	+	1	0	4	0	0	0
LT934125.1	10001	+	0	0	0	0	1	0
LT934125.1	10002	+	0	0	1	0	0	0
LT934125.1	10004	-	0	0	0	0	1	0
LT934125.1	10005	+	0	0	0	0	5	0
LT934125.1	10007	+	0	0	4	0	0	0
LT934125.1	10008	+	1	0	0	0	6	1
LT934125.1	10009	+	0	0	0	0	8	0
LT934125.1	10010	+	0	0	0	0	0	1
LT934125.1	10011	+	3	0	3	0	0	0
LT934125.1	10012	+	0	0	0	0	8	0
LT934125.1	10014	+	0	0	7	0	0	0
LT934125.1	10022	+	0	0	1	0	0	0
LT934125.1	10024	+	0	0	1	0	0	0
LT934125.1	10025	-	0	0	0	0	1	0
LT934125.1	10030	+	0	0	1	0	0	0
LT934125.1	10031	-	0	0	1	0	0	0
LT934125.1	10034	-	1	0	1	0	0	0
LT934125.1	10035	+	2	0	1	0	0	0
LT934125.1	10036	+	0	0	0	0	1	0
LT934125.1	10037	+	0	0	0	0	1	0
LT934125.1	10038	+	0	0	1	0	0	0
LT934125.1	10039	+	0	0	0	0	2	0
LT934125.1	10039	-	0	0	0	0	1	0
LT934125.1	10041	-	0	0	0	0	1	0
LT934125.1	10045	+	0	0	0	0	6	0
LT934125.1	10045	-	0	0	1	0	0	0
LT934125.1	10046	+	1	0	2	0	0	0
LT934125.1	10049	+	0	0	0	0	2	0
LT934125.1	10051	+	0	0	0	0	1	0
LT934125.1	10051	-	0	0	1	0	0	0
LT934125.1	10054	-	1	0	0	0	0	0
LT934125.1	10059	+	0	0	0	1	0	0
LT934125.1	10064	+	0	0	0	0	1	0
LT934125.1	10065	+	1	0	0	0	0	1
LT934125.1	10065	-	0	0	0	0	1	0
LT934125.1	10074	+	0	0	0	0	1	0
LT934125.1	10077	+	0	0	0	0	4	0
LT934125.1	10078	+	0	0	1	0	0	0
LT934125.1	10087	+	0	0	6	0	0	0
LT934125.1	10088	+	2	0	26	1	5	1
LT934125.1	10089	+	16	0	0	0	42	3
LT934125.1	10097	+	0	0	0	0	1	0
LT934125.1	10105	+	2	0	0	0	2	0
LT934125.1	10111	+	1	0	0	0	0	0
LT934125.1	10112	+	0	0	0	0	1	0
LT934125.1	10114	+	0	0	1	0	0	0
LT934125.1	10116	-	0	0	0	0	1	0
LT934125.1	10122	+	0	0	1	0	0	0
LT934125.1	10125	+	0	0	1	0	0	0
LT934125.1	10126	+	1	0	0	0	0	0
LT934125.1	10127	+	0	0	0	0	1	0
LT934125.1	10131	+	1	0	0	0	0	0
LT934125.1	10135	+	0	0	1	0	0	1
LT934125.1	10142	+	1	0	2	1	0	0
LT934125.1	10143	+	3	0	0	0	1	0
LT934125.1	10149	+	1	0	0	0	0	0
LT934125.1	10151	+	0	0	0	0	1	0
LT934125.1	10158	+	0	0	0	0	2	0
LT934125.1	10159	+	1	0	1	0	0	0
LT934125.1	10163	+	0	0	0	0	5	0
LT934125.1	10164	+	10	0	9	0	0	0
LT934125.1	10166	+	1	0	0	0	0	0
LT934125.1	10172	+	0	0	0	0	1	0
LT934125.1	10184	+	1	0	0	0	0	0
LT934125.1	10205	+	1	0	0	0	1	0
LT934125.1	10205	-	1	0	0	0	0	0
LT934125.1	10206	+	0	0	1	0	0	0
LT934125.1	10212	+	0	0	1	0	0	0
LT934125.1	10218	+	0	0	2	0	0	0
LT934125.1	10253	+	0	0	1	0	0	0
LT934125.1	10258	+	1	0	0	0	0	0
LT934125.1	10267	+	1	0	0	0	0	0
LT934125.1	10278	+	0	0	1	0	0	0
LT934125.1	10286	-	1	0	0	0	0	0
LT934125.1	10288	+	0	0	0	0	1	0
LT934125.1	10303	+	0	0	1	0	0	0
LT934125.1	10332	+	0	0	1	0	0	0
LT934125.1	10333	+	0	0	0	0	1	0
LT934125.1	10334	+	1	0	0	0	0	0
LT934125.1	10346	+	0	0	0	0	1	0
LT934125.1	10350	+	0	0	0	0	1	0
LT934125.1	10376	-	0	0	0	0	1	0
LT934125.1	10377	+	0	0	0	0	1	0
LT934125.1	10384	-	0	0	0	0	1	0
LT934125.1	10385	-	0	0	0	0	1	0
LT934125.1	10391	+	0	0	1	0	0	0
LT934125.1	10392	+	0	0	1	0	0	0
LT934125.1	10400	+	0	0	0	0	1	0
LT934125.1	10413	+	0	0	0	0	1	0
LT934125.1	10413	-	1	0	0	0	0	0
LT934125.1	10426	+	0	0	0	0	9	0
LT934125.1	10428	+	0	0	0	0	2278	0
LT934125.1	10429	+	0	0	1	0	74	0
LT934125.1	10430	+	0	0	1	0	1	0
LT934125.1	10431	+	22	0	115	1	0	9
LT934125.1	10432	+	1	0	0	0	31	1
LT934125.1	10433	+	0	0	14	0	263	2
LT934125.1	10434	+	0	0	1	0	5	0
LT934125.1	10435	+	0	0	4	0	86	2
LT934125.1	10436	+	0	0	0	0	7	0
LT934125.1	10442	+	0	0	0	0	1	0
LT934125.1	10446	+	0	0	1	0	3	0
LT934125.1	10456	-	1	0	0	0	0	0
LT934125.1	10459	-	0	0	0	0	1	0
LT934125.1	10461	+	0	0	0	0	13	0
LT934125.1	10521	+	0	0	1	0	0	1
LT934125.1	10522	+	0	0	0	0	1	0
LT934125.1	10558	-	1	0	0	0	0	0
LT934125.1	10620	+	1	0	0	0	0	0
LT934125.1	10628	+	0	0	0	0	0	1
LT934125.1	10659	-	0	0	0	0	1	0
LT934125.1	10674	-	0	0	1	0	0	0
LT934125.1	10682	-	0	0	0	0	1	0
LT934125.1	10694	+	1	0	0	0	0	0
LT934125.1	10699	+	0	0	0	0	1	0
LT934125.1	10717	-	0	0	1	0	0	0
LT934125.1	10739	+	0	0	0	0	1	0
LT934125.1	10766	+	0	0	0	0	1	0
LT934125.1	10783	+	0	0	0	0	3	0
LT934125.1	10784	+	0	0	0	0	5	0
LT934125.1	10792	+	0	0	1	0	0	0
LT934125.1	10793	+	0	0	1	0	1	0
LT934125.1	10794	+	0	0	0	0	4	0
LT934125.1	10795	+	0	0	0	0	3	0
LT934125.1	10796	+	0	0	1	0	0	0
LT934125.1	10799	+	0	0	0	0	1	0
LT934125.1	10809	+	0	0	0	0	1	0
LT934125.1	10818	+	0	0	0	0	1	0
LT934125.1	10819	+	0	0	0	0	1	0
LT934125.1	10827	+	0	0	0	0	1	0
LT934125.1	10859	+	1	0	0	0	0	0
LT934125.1	10860	+	0	0	0	0	2	0
LT934125.1	10861	+	0	0	1	0	0	0
LT934125.1	10869	+	0	0	0	0	1	0
LT934125.1	10887	+	0	0	0	0	1	0
LT934125.1	10888	+	1	0	1	0	0	0
LT934125.1	10917	+	0	0	0	0	1	0
LT934125.1	10925	+	0	0	0	0	1	0
LT934125.1	10926	+	0	0	0	0	1	0
LT934125.1	10928	+	0	0	0	0	1	0
LT934125.1	10930	+	0	0	0	0	2	0
LT934125.1	10934	+	0	0	0	0	2	0
LT934125.1	10938	+	0	0	0	0	2	0
LT934125.1	10956	+	0	0	0	0	0	1
LT934125.1	10971	+	0	0	0	0	3	0
LT934125.1	10972	+	0	0	0	0	2	0
LT934125.1	10977	-	0	0	1	0	0	0
LT934125.1	10988	+	0	0	0	0	2	0
LT934125.1	10991	+	0	0	1	0	0	0
LT934125.1	10997	+	0	0	0	0	1	1
LT934125.1	10998	+	0	0	0	0	5	0
LT934125.1	10999	+	1	0	1	0	0	0
LT934125.1	11017	+	0	0	0	0	1	0
LT934125.1	11040	+	0	0	0	0	0	1
LT934125.1	11063	+	0	0	2	0	0	0
LT934125.1	11074	-	0	0	1	0	0	0
LT934125.1	11079	+	0	0	0	0	1	0
LT934125.1	11088	+	0	0	1	0	0	0
LT934125.1	11105	-	0	0	0	0	1	0
LT934125.1	11108	+	0	0	0	0	1	0
LT934125.1	11137	+	0	0	0	0	1	0
LT934125.1	11153	+	1	0	0	0	0	0
LT934125.1	11162	+	0	0	0	0	1	0
LT934125.1	11165	-	0	0	1	0	0	0
LT934125.1	11166	+	0	0	1	0	0	0
LT934125.1	11192	+	0	0	0	0	1	0
LT934125.1	11195	+	0	0	0	0	1	0
LT934125.1	11213	+	0	0	1	0	0	0
LT934125.1	11217	+	0	0	0	0	1	0
LT934125.1	11218	-	0	0	0	0	1	0
LT934125.1	11224	+	0	0	0	0	1	0
LT934125.1	11230	+	0	0	1	0	0	0
LT934125.1	11237	-	0	0	0	0	1	0
LT934125.1	11270	+	1	0	0	0	0	0
LT934125.1	11273	-	0	0	0	0	1	0
LT934125.1	11301	+	0	0	0	0	1	0
LT934125.1	11318	+	0	0	0	0	1	0
LT934125.1	11319	+	0	0	0	0	1	0
LT934125.1	11321	+	0	0	0	0	1	0
LT934125.1	11322	+	0	0	0	0	1	0
LT934125.1	11325	+	0	0	0	0	1	0
LT934125.1	11336	-	0	0	0	0	0	1
LT934125.1	11341	+	0	0	0	0	1	0
LT934125.1	11356	+	0	0	0	0	1	0
LT934125.1	11359	+	0	0	0	0	1	0
LT934125.1	11378	+	0	0	1	0	0	0
LT934125.1	11379	+	0	0	0	0	1	0
LT934125.1	11387	+	0	0	0	0	1	0
LT934125.1	11405	+	0	0	0	0	1	0
LT934125.1	11410	+	0	0	0	0	2	0
LT934125.1	11415	+	0	0	0	0	1	0
LT934125.1	11419	+	0	0	0	0	1	0
LT934125.1	11430	-	0	0	0	0	1	0
LT934125.1	11431	-	0	0	0	0	1	0
LT934125.1	11432	+	0	0	0	0	1	0
LT934125.1	11463	+	0	0	0	0	1	0
LT934125.1	11468	+	0	0	0	0	1	0
LT934125.1	11469	+	0	0	0	0	1	0
LT934125.1	11472	+	0	0	0	0	1	0
LT934125.1	11477	+	0	0	1	0	0	0
LT934125.1	11485	-	1	0	0	0	0	0
LT934125.1	11499	+	1	0	0	0	0	0
LT934125.1	11502	+	0	0	1	0	0	0
LT934125.1	11509	+	0	0	0	0	1	0
LT934125.1	11513	-	1	0	0	0	0	0
LT934125.1	11526	+	0	0	0	0	5	0
LT934125.1	11530	+	0	0	0	0	2	0
LT934125.1	11532	+	0	0	0	0	2	0
LT934125.1	11539	-	0	0	0	0	1	0
LT934125.1	11543	+	0	0	0	0	1	0
LT934125.1	11573	+	0	0	0	0	1	0
LT934125.1	11577	+	0	0	0	0	1	0
LT934125.1	11580	+	0	0	0	0	1	0
LT934125.1	11582	+	0	0	1	0	0	0
LT934125.1	11583	+	0	0	0	0	1	0
LT934125.1	11585	+	0	0	1	0	0	0
LT934125.1	11591	+	0	0	0	0	1	0
LT934125.1	11605	+	0	0	0	0	4	0
LT934125.1	11606	+	1	1	0	0	0	0
LT934125.1	11609	+	0	0	0	0	1	0
LT934125.1	11614	+	0	0	0	0	1	0
LT934125.1	11616	+	0	0	0	0	1	0
LT934125.1	11617	+	0	0	0	0	1	0
LT934125.1	11618	+	0	0	0	0	1	0
LT934125.1	11624	+	0	0	0	0	1	0
LT934125.1	11627	+	0	0	0	0	1	0
LT934125.1	11628	+	0	0	0	0	44	0
LT934125.1	11631	+	12	0	14	0	0	0
LT934125.1	11632	-	0	0	1	0	0	0
LT934125.1	11633	+	0	0	1	0	0	0
LT934125.1	11634	+	0	0	0	0	3	0
LT934125.1	11635	+	0	0	0	0	1	0
LT934125.1	11636	+	1	0	0	0	0	0
LT934125.1	11639	+	0	0	0	0	10	0
LT934125.1	11640	+	2	0	3	0	1	0
LT934125.1	11644	+	0	0	0	0	1	0
LT934125.1	11649	+	0	0	1	0	0	0
LT934125.1	11650	+	0	0	0	0	1	0
LT934125.1	11653	+	0	0	0	0	2	0
LT934125.1	11655	+	1	0	1	0	0	0
LT934125.1	11661	+	0	0	0	0	1	0
LT934125.1	11662	+	0	0	0	0	3	0
LT934125.1	11664	+	0	0	1	0	0	0
LT934125.1	11679	-	0	0	1	0	0	0
LT934125.1	11683	+	0	0	1	0	0	0
LT934125.1	11684	+	0	0	0	0	1	0
LT934125.1	11697	-	1	0	0	0	0	0
LT934125.1	11698	+	0	0	1	0	0	0
LT934125.1	11701	+	1	0	0	0	0	0
LT934125.1	11702	+	0	0	0	0	2	0
LT934125.1	11703	+	0	0	0	0	1	0
LT934125.1	11709	+	0	0	1	0	0	0
LT934125.1	11711	+	0	0	1	0	1	0
LT934125.1	11715	+	0	0	0	0	1	0
LT934125.1	11722	+	0	0	0	0	2	0
LT934125.1	11726	+	0	0	0	0	0	1
LT934125.1	11728	+	0	0	0	0	1	0
LT934125.1	11729	+	0	0	0	0	1	0
LT934125.1	11730	+	0	0	0	0	1	0
LT934125.1	11732	+	0	0	0	0	1	0
LT934125.1	11734	+	0	0	1	0	0	0
LT934125.1	11735	+	0	0	0	0	3	0
LT934125.1	11736	+	0	0	0	0	1	0
LT934125.1	11737	+	0	0	0	0	1	0
LT934125.1	11738	+	0	0	0	0	1	0
LT934125.1	11739	+	0	0	0	0	1	0
LT934125.1	11739	-	0	0	0	0	1	0
LT934125.1	11746	-	0	0	0	0	0	1
LT934125.1	11755	+	0	0	0	0	1	0
LT934125.1	11756	+	1	0	0	0	6	0
LT934125.1	11757	+	0	0	0	0	8	0
LT934125.1	11758	+	2	0	2	0	2	0
LT934125.1	11759	+	0	0	1	0	0	0
LT934125.1	11760	+	2	0	22	0	0	0
LT934125.1	11761	+	19	0	0	0	83	2
LT934125.1	11762	+	0	0	0	0	5	0
LT934125.1	11763	+	0	0	0	0	1	0
LT934125.1	11767	+	0	0	0	0	1	0
LT934125.1	11774	+	0	0	0	0	2	0
LT934125.1	11775	+	2	0	2	0	0	0
LT934125.1	11776	+	0	0	1	0	0	0
LT934125.1	11783	+	0	0	0	0	1	0
LT934125.1	11785	+	1	0	0	0	0	0
LT934125.1	11787	+	0	0	0	0	0	3
LT934125.1	11788	+	0	0	2	1	2	0
LT934125.1	11789	+	0	0	29	0	56	0
LT934125.1	11790	+	6	0	71	2	156	0
LT934125.1	11791	+	39	0	88	7	461	7
LT934125.1	11792	+	61	0	1815	34	766	5
LT934125.1	11793	+	696	19	81	6	15311	69
LT934125.1	11794	+	27	4	2	0	4396	59
LT934125.1	11795	+	0	0	0	0	3	0
LT934125.1	11796	+	264	1	188	2	662	5
LT934125.1	11797	+	87	0	91	0	80	5
LT934125.1	11798	+	1	0	5	0	5	0
LT934125.1	11800	+	1	0	2	0	25	0
LT934125.1	11801	-	0	0	0	0	2	0
LT934125.1	11802	+	0	0	0	0	1	0
LT934125.1	11803	+	0	0	0	0	1	0
LT934125.1	11803	-	0	0	0	0	1	0
LT934125.1	11805	+	0	0	1	1	6	0
LT934125.1	11808	+	0	0	1	0	0	0
LT934125.1	11815	+	0	0	1	0	0	0
LT934125.1	11818	+	1	0	0	0	0	0
LT934125.1	11819	+	0	0	0	0	7	0
LT934125.1	11820	+	0	0	0	0	3	0
LT934125.1	11821	+	0	0	1	0	0	0
LT934125.1	11823	+	0	0	0	0	3	0
LT934125.1	11824	+	0	0	1	0	0	0
LT934125.1	11825	+	0	0	0	0	7	0
LT934125.1	11826	+	0	0	2	0	1	0
LT934125.1	11827	+	0	0	0	0	1	0
LT934125.1	11828	+	0	0	1	0	3	0
LT934125.1	11831	+	0	0	0	0	3	0
LT934125.1	11835	+	0	0	2	0	2	0
LT934125.1	11836	+	0	0	0	0	3	0
LT934125.1	11838	+	0	0	0	0	1	0
LT934125.1	11840	+	0	0	1	0	1	1
LT934125.1	11841	+	0	0	0	0	4	0
LT934125.1	11842	+	0	0	0	0	3	0
LT934125.1	11844	+	2	0	0	0	0	0
LT934125.1	11847	+	2	0	0	0	0	0
LT934125.1	11848	+	0	0	0	0	2	0
LT934125.1	11849	+	0	0	1	0	0	0
LT934125.1	11857	+	0	0	0	0	1	0
LT934125.1	11859	+	0	0	0	0	6	0
LT934125.1	11861	+	0	0	1	0	1	1
LT934125.1	11863	+	0	0	0	0	18	0
LT934125.1	11864	+	1	0	1	0	0	0
LT934125.1	11868	+	0	0	0	0	1	0
LT934125.1	11870	+	0	0	0	0	1	0
LT934125.1	11871	+	0	0	1	0	1	0
LT934125.1	11872	+	0	0	0	0	6	0
LT934125.1	11879	+	0	0	0	0	1	0
LT934125.1	11880	+	0	0	0	0	3	0
LT934125.1	11883	+	0	0	0	0	4	0
LT934125.1	11885	+	0	0	0	0	9	0
LT934125.1	11886	+	1	0	1	0	0	0
LT934125.1	11887	+	0	0	0	0	3	0
LT934125.1	11888	+	0	0	0	0	10	0
LT934125.1	11889	+	0	0	0	0	2	0
LT934125.1	11896	+	0	0	0	0	1	0
LT934125.1	11904	+	0	0	0	0	1	0
LT934125.1	11907	+	0	0	1	0	0	0
LT934125.1	11908	+	0	0	0	0	5	0
LT934125.1	11916	+	0	0	0	0	1	0
LT934125.1	11918	+	0	0	1	0	0	0
LT934125.1	11919	+	0	0	0	0	1	0
LT934125.1	11920	+	0	0	4	1	11	0
LT934125.1	11921	+	0	0	0	0	56	0
LT934125.1	11922	+	0	0	0	0	12	0
LT934125.1	11923	+	2	0	1	0	0	0
LT934125.1	11925	+	3	0	1	0	7	0
LT934125.1	11926	+	0	0	0	0	11	0
LT934125.1	11927	+	0	0	1	0	0	0
LT934125.1	11928	+	0	0	0	0	10	0
LT934125.1	11929	+	0	0	0	0	9	0
LT934125.1	11930	+	0	0	0	0	3	1
LT934125.1	11931	+	0	0	0	0	1	0
LT934125.1	11932	+	0	0	0	0	3	0
LT934125.1	11935	+	0	0	0	0	4	0
LT934125.1	11936	+	0	0	2	0	7	0
LT934125.1	11937	+	0	0	7	0	0	0
LT934125.1	11938	+	1	0	0	0	14	0
LT934125.1	11941	+	1	0	0	0	0	0
LT934125.1	11942	+	0	0	0	0	1	0
LT934125.1	11945	+	1	0	0	0	0	0
LT934125.1	11946	+	0	0	0	0	0	1
LT934125.1	11953	+	0	0	0	0	1	0
LT934125.1	11954	+	0	0	0	0	1	0
LT934125.1	11958	+	0	0	0	0	5	0
LT934125.1	11959	+	0	0	1	0	0	0
LT934125.1	11961	+	0	0	1	0	2	0
LT934125.1	11962	+	1	0	0	0	3	0
LT934125.1	11964	+	0	0	0	0	1	0
LT934125.1	11966	+	0	0	0	0	1	0
LT934125.1	11969	+	0	0	1	0	5	0
LT934125.1	11970	+	0	0	1	0	7	0
LT934125.1	11971	+	1	0	1	0	1	0
LT934125.1	11973	+	0	0	3	0	4	0
LT934125.1	11974	+	3	0	0	0	11	0
LT934125.1	11976	+	2	0	16	0	22	0
LT934125.1	11977	+	11	1	0	0	82	0
LT934125.1	11979	+	0	0	3	0	5	0
LT934125.1	11980	+	1	0	0	0	11	0
LT934125.1	11984	+	0	0	0	0	2	0
LT934125.1	11987	-	0	0	0	0	1	0
LT934125.1	11990	+	0	0	0	0	1	0
LT934125.1	11991	+	1	0	0	0	0	0
LT934125.1	11992	+	0	0	0	0	3	0
LT934125.1	11995	+	0	0	1	0	0	0
LT934125.1	11997	+	0	0	0	0	1	0
LT934125.1	11997	-	2	0	0	0	0	0
LT934125.1	12000	+	0	0	0	0	3	0
LT934125.1	12003	+	0	0	0	0	3	0
LT934125.1	12004	+	1	0	0	0	0	0
LT934125.1	12006	+	0	0	2	0	0	0
LT934125.1	12007	+	0	0	0	0	1	0
LT934125.1	12009	+	1	0	4	0	4	0
LT934125.1	12010	+	0	0	0	0	11	0
LT934125.1	12010	-	0	0	0	0	1	0
LT934125.1	12013	+	1	0	0	0	1	0
LT934125.1	12015	+	0	0	2	0	2	0
LT934125.1	12016	+	1	0	4	0	14	0
LT934125.1	12017	+	2	0	1	0	5	0
LT934125.1	12018	+	0	0	3	0	12	0
LT934125.1	12019	+	4	0	1	0	28	1
LT934125.1	12020	+	0	0	4	0	6	0
LT934125.1	12021	+	6	0	10	0	20	0
LT934125.1	12022	+	14	0	0	0	88	0
LT934125.1	12022	-	0	0	0	0	1	0
LT934125.1	12023	+	0	0	0	0	23	0
LT934125.1	12024	+	2	0	1	0	0	0
LT934125.1	12025	+	0	0	0	0	9	0
LT934125.1	12025	-	0	0	0	0	4	0
LT934125.1	12026	-	0	0	0	0	1	0
LT934125.1	12027	+	1	0	4	0	2	0
LT934125.1	12028	+	4	0	0	0	28	0
LT934125.1	12028	-	0	0	0	0	1	0
LT934125.1	12030	+	0	0	11	0	10	1
LT934125.1	12030	-	0	0	0	0	1	0
LT934125.1	12031	+	5	0	0	0	38	0
LT934125.1	12031	-	0	0	1	0	2	0
LT934125.1	12033	+	1	0	1	0	1	0
LT934125.1	12035	+	1	0	5	0	15	0
LT934125.1	12035	-	0	0	0	0	1	0
LT934125.1	12036	+	1	0	0	0	25	1
LT934125.1	12037	+	0	0	1	0	0	0
LT934125.1	12039	+	0	0	1	0	1	0
LT934125.1	12041	-	0	0	0	0	1	0
LT934125.1	12042	+	0	0	0	0	5	0
LT934125.1	12042	-	2	0	3	0	0	0
LT934125.1	12044	+	0	0	1	0	2	0
LT934125.1	12044	-	0	0	0	0	19	0
LT934125.1	12045	+	0	0	3	0	6	1
LT934125.1	12045	-	0	0	0	0	1	0
LT934125.1	12046	+	0	0	1	0	4	0
LT934125.1	12047	+	2	0	0	0	1	0
LT934125.1	12048	+	0	0	0	0	10	0
LT934125.1	12050	+	0	0	0	0	1	0
LT934125.1	12051	+	0	0	0	0	1	0
LT934125.1	12051	-	0	0	1	0	14	0
LT934125.1	12052	+	0	0	0	0	17	0
LT934125.1	12052	-	3	0	0	0	0	0
LT934125.1	12053	+	1	0	0	0	1	0
LT934125.1	12053	-	0	0	0	0	11	0
LT934125.1	12054	+	0	0	0	0	2	0
LT934125.1	12054	-	1	0	1	0	0	0
LT934125.1	12055	+	0	0	1	0	1	0
LT934125.1	12056	+	0	0	5	0	0	0
LT934125.1	12056	-	0	0	0	0	67	0
LT934125.1	12057	+	2	0	16	0	18	0
LT934125.1	12058	+	11	0	6	1	56	0
LT934125.1	12059	+	5	0	0	0	72	2
LT934125.1	12061	+	0	0	1	0	6	0
LT934125.1	12061	-	0	0	0	0	4	0
LT934125.1	12063	+	0	0	5	0	4	0
LT934125.1	12064	+	1	0	0	0	13	0
LT934125.1	12064	-	0	0	0	0	1	0
LT934125.1	12065	+	0	0	0	0	0	2
LT934125.1	12065	-	0	0	0	0	1	0
LT934125.1	12066	+	0	0	3	0	4	0
LT934125.1	12067	+	0	0	19	1	2	0
LT934125.1	12068	+	14	0	11	0	96	0
LT934125.1	12069	+	5	0	5	0	31	0
LT934125.1	12070	+	2	0	0	0	23	0
LT934125.1	12072	+	0	0	0	0	3	0
LT934125.1	12075	+	0	0	0	0	1	0
LT934125.1	12076	+	0	0	0	0	2	0
LT934125.1	12077	+	0	0	0	0	3	0
LT934125.1	12078	+	0	0	1	0	1	0
LT934125.1	12079	+	0	0	1	0	0	0
LT934125.1	12080	+	0	0	2	0	0	0
LT934125.1	12081	+	0	0	2	1	7	0
LT934125.1	12082	+	5	0	0	0	17	0
LT934125.1	12084	+	0	0	0	0	1	0
LT934125.1	12084	-	0	0	1	0	0	0
LT934125.1	12085	+	1	0	0	0	0	0
LT934125.1	12087	+	0	0	3	0	0	1
LT934125.1	12088	+	2	0	0	0	9	0
LT934125.1	12090	+	0	0	1	0	0	0
LT934125.1	12091	+	0	0	0	0	5	0
LT934125.1	12093	+	1	0	3	0	7	0
LT934125.1	12094	+	2	0	0	0	15	0
LT934125.1	12094	-	0	0	0	0	1	0
LT934125.1	12095	-	0	0	0	0	1	0
LT934125.1	12097	+	0	0	0	0	2	0
LT934125.1	12100	-	0	0	0	0	1	0
LT934125.1	12101	+	0	0	0	0	0	1
LT934125.1	12102	+	0	0	0	0	1	0
LT934125.1	12104	+	1	0	4	0	6	0
LT934125.1	12105	+	0	0	0	0	4	0
LT934125.1	12105	-	0	0	1	0	0	1
LT934125.1	12106	+	0	0	0	0	1	0
LT934125.1	12106	-	0	0	0	0	4	0
LT934125.1	12108	+	0	0	1	0	1	0
LT934125.1	12109	+	0	0	7	0	4	0
LT934125.1	12110	+	2	0	1	0	35	0
LT934125.1	12111	+	2	0	4	0	11	0
LT934125.1	12112	+	3	0	0	0	21	0
LT934125.1	12112	-	1	0	0	0	1	0
LT934125.1	12113	+	2	0	0	0	7	0
LT934125.1	12114	+	0	0	1	0	48	0
LT934125.1	12114	-	0	0	1	0	0	0
LT934125.1	12115	+	8	0	4	0	0	1
LT934125.1	12116	+	0	0	0	0	1	0
LT934125.1	12116	-	0	0	6	0	0	0
LT934125.1	12117	+	0	0	0	0	1	0
LT934125.1	12117	-	0	0	0	0	3	0
LT934125.1	12122	+	0	0	1	0	2	0
LT934125.1	12122	-	0	0	0	0	3	0
LT934125.1	12123	-	0	0	2	0	0	0
LT934125.1	12124	+	1	0	0	0	0	0
LT934125.1	12124	-	0	0	0	0	3	0
LT934125.1	12125	+	0	0	0	0	1	0
LT934125.1	12126	+	0	0	0	0	3	0
LT934125.1	12128	+	1	0	6	0	0	0
LT934125.1	12128	-	0	0	0	0	1	0
LT934125.1	12129	+	2	0	2	0	23	0
LT934125.1	12130	+	1	0	0	0	6	0
LT934125.1	12132	+	0	0	0	0	1	0
LT934125.1	12138	+	0	0	0	0	1	0
LT934125.1	12139	-	0	0	1	0	3	0
LT934125.1	12142	+	1	0	0	0	0	0
LT934125.1	12143	-	0	0	1	0	0	0
LT934125.1	12145	+	0	0	0	0	1	0
LT934125.1	12145	-	0	0	0	0	10	0
LT934125.1	12146	+	0	0	0	0	3	0
LT934125.1	12146	-	1	0	0	0	0	0
LT934125.1	12147	-	1	0	0	0	0	0
LT934125.1	12149	+	0	0	0	0	4	0
LT934125.1	12150	+	0	0	0	0	1	0
LT934125.1	12153	+	0	0	0	0	2	0
LT934125.1	12153	-	0	0	1	0	0	0
LT934125.1	12156	+	0	0	0	0	4	0
LT934125.1	12157	+	1	0	0	0	0	0
LT934125.1	12158	-	1	0	2	0	0	0
LT934125.1	12159	-	0	0	0	0	6	0
LT934125.1	12161	+	0	0	1	0	0	0
LT934125.1	12162	+	0	0	2	0	0	0
LT934125.1	12163	+	0	0	0	0	2	0
LT934125.1	12165	+	0	0	0	0	2	0
LT934125.1	12166	+	0	0	0	2	0	0
LT934125.1	12166	-	0	0	0	0	1	0
LT934125.1	12167	+	0	0	0	0	1	0
LT934125.1	12167	-	0	0	2	0	0	0
LT934125.1	12169	+	0	0	0	0	4	0
LT934125.1	12169	-	0	0	0	0	4	0
LT934125.1	12172	+	0	1	0	0	0	0
LT934125.1	12174	+	0	0	1	0	1	0
LT934125.1	12175	+	0	0	0	0	2	0
LT934125.1	12180	+	0	0	2	0	1	0
LT934125.1	12181	+	0	0	0	0	3	0
LT934125.1	12181	-	0	0	1	0	0	0
LT934125.1	12183	+	0	0	0	0	2	0
LT934125.1	12184	+	0	0	0	0	2	0
LT934125.1	12185	-	0	0	0	0	1	0
LT934125.1	12188	-	0	0	0	0	1	0
LT934125.1	12189	-	1	0	2	0	0	0
LT934125.1	12190	-	0	0	0	0	1	0
LT934125.1	12192	+	0	0	1	0	0	0
LT934125.1	12193	+	0	0	0	0	1	0
LT934125.1	12197	-	0	0	0	0	2	0
LT934125.1	12199	+	0	0	0	0	1	0
LT934125.1	12202	-	0	0	0	0	1	0
LT934125.1	12204	+	0	0	0	0	0	1
LT934125.1	12209	+	0	0	2	0	0	0
LT934125.1	12210	+	0	0	0	0	1	0
LT934125.1	12211	+	1	0	0	0	6	1
LT934125.1	12222	-	0	0	1	0	0	0
LT934125.1	12226	-	0	0	0	0	3	0
LT934125.1	12228	-	0	0	1	0	0	0
LT934125.1	12231	-	0	0	1	0	0	0
LT934125.1	12238	+	0	0	1	0	0	0
LT934125.1	12244	+	0	0	0	0	1	0
LT934125.1	12248	-	0	0	0	0	4	0
LT934125.1	12254	-	0	0	0	0	1	0
LT934125.1	12255	+	0	0	0	0	1	0
LT934125.1	12255	-	1	0	1	0	0	0
LT934125.1	12263	-	0	0	0	0	1	0
LT934125.1	12268	-	1	0	0	0	0	0
LT934125.1	12271	+	0	0	1	0	0	0
LT934125.1	12271	-	0	0	0	0	2	0
LT934125.1	12275	-	0	0	2	0	0	0
LT934125.1	12278	-	0	0	0	0	2	0
LT934125.1	12292	+	0	0	0	0	1	0
LT934125.1	12298	+	0	0	0	0	1	0
LT934125.1	12313	-	0	0	0	0	1	0
LT934125.1	12323	-	0	0	0	0	1	0
LT934125.1	12327	+	0	0	1	0	1	0
LT934125.1	12330	+	0	0	0	0	1	0
LT934125.1	12336	-	0	0	1	0	0	0
LT934125.1	12338	-	0	0	1	0	0	0
LT934125.1	12352	+	0	0	0	0	1	0
LT934125.1	12353	+	0	0	0	0	1	0
LT934125.1	12365	-	0	0	0	0	2	0
LT934125.1	12366	-	0	0	2	0	0	0
LT934125.1	12367	-	0	0	1	0	0	0
LT934125.1	12368	-	0	0	0	0	1	0
LT934125.1	12373	+	1	0	0	0	0	0
LT934125.1	12375	-	0	0	1	0	0	0
LT934125.1	12382	-	0	0	1	0	1	0
LT934125.1	12411	+	0	0	0	0	1	0
LT934125.1	12416	+	2	0	0	0	4	0
LT934125.1	12435	+	1	0	0	0	0	0
LT934125.1	12436	+	0	0	0	0	2	0
LT934125.1	12437	+	2	0	1	0	1	0
LT934125.1	12444	-	0	0	2	0	0	0
LT934125.1	12447	+	0	0	2	0	0	0
LT934125.1	12448	+	0	0	0	0	1	0
LT934125.1	12477	-	0	0	0	0	1	0
LT934125.1	12510	-	0	0	0	0	1	0
LT934125.1	12543	-	0	0	0	0	1	0
LT934125.1	12556	+	0	0	0	0	2	0
LT934125.1	12589	+	0	0	0	0	2	0
LT934125.1	12624	-	0	0	0	0	1	0
LT934125.1	12629	+	0	0	0	0	1	0
LT934125.1	12708	+	0	0	0	0	1	0
LT934125.1	12714	+	0	0	1	0	0	0
LT934125.1	12733	+	0	0	0	0	1	0
LT934125.1	12776	+	0	0	0	0	2	0
LT934125.1	12777	+	0	0	1	0	0	0
LT934125.1	12800	+	0	0	1	0	1	0
LT934125.1	12815	+	0	0	0	0	1	0
LT934125.1	12817	+	0	0	1	0	0	0
LT934125.1	12835	+	0	0	0	0	1	0
LT934125.1	12842	+	0	0	0	0	5	0
LT934125.1	12850	-	0	0	0	0	1	0
LT934125.1	12865	+	0	0	1	0	0	0
LT934125.1	12876	+	0	0	0	0	1	0
LT934125.1	12894	+	0	0	0	0	2	0
LT934125.1	12958	+	0	0	0	0	1	0
LT934125.1	12974	+	0	0	0	0	1	0
LT934125.1	12975	+	0	0	0	0	1	0
LT934125.1	12993	-	0	0	0	0	1	0
LT934125.1	13046	+	0	0	0	0	1	0
LT934125.1	13107	+	0	0	0	0	1	0
LT934125.1	13128	+	0	0	0	0	1	0
LT934125.1	13132	+	0	0	1	0	0	0
LT934125.1	13143	+	0	0	0	0	1	0
LT934125.1	13153	+	0	0	1	0	0	0
LT934125.1	13189	+	0	0	0	0	1	0
LT934125.1	13191	+	0	0	0	0	1	0
LT934125.1	13202	+	0	0	0	0	1	0
LT934125.1	13204	-	0	0	0	0	1	0
LT934125.1	13228	+	0	0	0	0	1	0
LT934125.1	13254	+	0	0	0	0	1	0
LT934125.1	13255	+	0	0	1	0	1	0
LT934125.1	13276	+	0	0	0	0	1	0
LT934125.1	13296	+	0	0	0	1	0	0
LT934125.1	13301	-	0	0	1	0	0	0
LT934125.1	13326	+	0	0	0	0	0	1
LT934125.1	13342	+	0	0	1	0	0	0
LT934125.1	13374	+	0	0	2	0	0	0
LT934125.1	13405	+	0	0	0	1	0	0
LT934125.1	13429	-	0	0	1	0	0	0
LT934125.1	13462	+	0	0	0	0	1	0
LT934125.1	13472	+	0	0	0	0	1	0
LT934125.1	13499	+	0	0	0	0	1	0
LT934125.1	13504	+	0	0	0	0	2	0
LT934125.1	13513	+	0	0	0	0	1	0
LT934125.1	13517	+	0	0	0	0	1	0
LT934125.1	13519	+	0	0	1	0	0	0
LT934125.1	13523	+	0	0	0	0	1	0
LT934125.1	13529	+	0	0	0	0	3	0
LT934125.1	13538	+	0	0	1	0	0	0
LT934125.1	13540	+	0	0	0	0	2	0
LT934125.1	13547	-	0	0	0	0	1	0
LT934125.1	13571	+	0	0	0	0	2	0
LT934125.1	13593	+	0	0	0	0	4	0
LT934125.1	13598	+	0	0	0	0	4	0
LT934125.1	13599	+	0	0	0	0	2	0
LT934125.1	13600	+	0	0	0	0	1	0
LT934125.1	13605	+	0	0	0	0	1	0
LT934125.1	13647	+	0	0	0	0	1	0
LT934125.1	13682	-	0	0	0	0	1	0
LT934125.1	13690	+	0	0	0	0	1	0
LT934125.1	13697	+	0	0	0	0	1	0
LT934125.1	13700	+	0	0	0	0	1	0
LT934125.1	13713	+	0	0	0	0	1	0
LT934125.1	13718	+	0	0	0	0	1	0
LT934125.1	13744	+	0	0	1	0	0	0
LT934125.1	13765	+	0	0	0	0	1	0
LT934125.1	13767	+	0	0	0	0	1	0
LT934125.1	13784	+	0	0	0	0	1	0
LT934125.1	13801	+	0	0	0	0	1	0
LT934125.1	13826	+	0	0	1	0	0	0
LT934125.1	13855	+	0	0	0	0	1	0
LT934125.1	13857	+	0	0	0	0	1	0
LT934125.1	13858	+	0	0	3	0	0	0
LT934125.1	13864	+	0	0	0	0	1	0
LT934125.1	13865	+	0	0	1	0	1	0
LT934125.1	13882	+	0	0	1	0	0	0
LT934125.1	13904	+	0	0	0	0	1	0
LT934125.1	13954	+	0	0	1	0	0	0
LT934125.1	13978	+	0	0	0	0	1	0
LT934125.1	13979	+	0	0	2	0	0	0
LT934125.1	13991	-	0	0	0	0	2	0
LT934125.1	13992	+	0	0	2	0	1	0
LT934125.1	13992	-	0	0	0	0	1	0
LT934125.1	13996	+	0	0	1	0	0	0
LT934125.1	13997	+	0	0	0	0	1	0
LT934125.1	13997	-	0	0	0	0	14	0
LT934125.1	14002	+	0	0	0	0	1	0
LT934125.1	14019	+	1	0	0	0	0	0
LT934125.1	14022	+	0	0	1	0	0	0
LT934125.1	14028	+	0	0	1	0	0	0
LT934125.1	14040	+	0	0	0	0	1	0
LT934125.1	14043	+	0	0	2	0	0	0
LT934125.1	14044	+	3	0	4	0	15	2
LT934125.1	14045	+	18	0	0	15	8	1
LT934125.1	14046	+	0	0	0	0	2244	0
LT934125.1	14047	+	6	9	37	0	77	4
LT934125.1	14048	+	125	3	493	3	1272	224
LT934125.1	14049	+	0	0	0	0	2	0
LT934125.1	14050	+	1	0	7	0	23	6
LT934125.1	14051	+	16	0	39	3	199	20
LT934125.1	14052	+	0	0	0	0	1	0
LT934125.1	14053	+	0	0	0	0	4	0
LT934125.1	14054	+	0	0	0	0	1	0
LT934125.1	14061	+	0	0	0	0	1	0
LT934125.1	14078	+	0	0	0	0	0	1
LT934125.1	14089	+	0	0	1	0	1	0
LT934125.1	14095	-	1	0	0	0	0	0
LT934125.1	14099	+	0	0	1	0	0	0
LT934125.1	14101	+	0	0	0	0	0	1
LT934125.1	14109	+	1	0	0	0	0	0
LT934125.1	14113	+	0	0	0	0	1	0
LT934125.1	14135	+	0	0	0	0	0	1
LT934125.1	14136	+	0	0	0	0	1	0
LT934125.1	14137	+	1	0	1	0	1	0
LT934125.1	14138	+	2	1	0	0	6	0
LT934125.1	14139	+	1	0	0	0	1	0
LT934125.1	14164	+	0	0	0	0	1	0
LT934125.1	14174	+	0	0	1	0	0	0
LT934125.1	14175	+	0	0	0	0	2	1
LT934125.1	14176	+	0	0	0	0	1	1
LT934125.1	14178	-	0	0	0	0	1	0
LT934125.1	14179	+	0	0	0	0	1	0
LT934125.1	14185	+	0	0	0	0	1	0
LT934125.1	14191	+	0	0	0	0	0	1
LT934125.1	14192	+	0	0	0	0	1	0
LT934125.1	14198	+	0	0	0	0	2	0
LT934125.1	14207	+	1	0	0	0	0	0
LT934125.1	14208	+	0	0	0	0	1	0
LT934125.1	14215	+	0	0	0	0	1	0
LT934125.1	14218	+	0	0	1	0	0	0
LT934125.1	14245	+	0	0	1	0	1	0
LT934125.1	14248	-	0	0	0	0	1	0
LT934125.1	14256	+	0	0	0	0	1	0
LT934125.1	14267	+	0	0	0	0	0	1
LT934125.1	14268	+	0	0	0	0	1	0
LT934125.1	14270	+	0	0	0	0	1	0
LT934125.1	14294	+	0	0	0	0	5	0
LT934125.1	14296	+	0	0	0	0	0	1
LT934125.1	14298	+	0	0	1	0	0	0
LT934125.1	14319	+	0	0	0	0	1	0
LT934125.1	14322	+	0	0	1	0	0	1
LT934125.1	14328	+	0	0	0	0	1	0
LT934125.1	14330	+	0	0	0	0	1	0
LT934125.1	14333	+	0	0	1	0	1	0
LT934125.1	14337	+	0	0	1	0	0	0
LT934125.1	14338	+	1	0	0	0	1	0
LT934125.1	14343	-	0	0	0	0	1	0
LT934125.1	14350	+	1	0	0	0	0	0
LT934125.1	14352	+	0	0	1	0	0	0
LT934125.1	14353	+	0	0	0	0	1	0
LT934125.1	14363	+	0	0	0	0	1	0
LT934125.1	14367	+	0	0	0	0	1	0
LT934125.1	14370	+	0	0	1	0	0	0
LT934125.1	14385	+	0	0	1	0	0	0
LT934125.1	14393	+	0	0	0	0	1	0
LT934125.1	14396	+	0	0	0	0	1	0
LT934125.1	14398	+	1	0	0	0	0	0
LT934125.1	14399	+	0	0	0	0	1	0
LT934125.1	14400	+	0	0	2	0	0	0
LT934125.1	14407	+	0	0	0	0	1	0
LT934125.1	14418	+	0	0	0	0	1	0
LT934125.1	14419	+	0	0	0	0	2	0
LT934125.1	14425	+	1	0	0	0	0	0
LT934125.1	14431	+	0	0	0	0	1	0
LT934125.1	14433	+	0	0	0	0	1	0
LT934125.1	14441	+	0	0	0	0	2	0
LT934125.1	14442	+	0	0	0	0	1	0
LT934125.1	14443	+	0	0	0	0	2	0
LT934125.1	14448	+	0	0	0	0	3	0
LT934125.1	14461	+	0	0	0	0	1	0
LT934125.1	14467	+	0	0	0	0	3	0
LT934125.1	14468	+	1	0	1	0	0	0
LT934125.1	14476	+	0	0	0	0	1	0
LT934125.1	14482	+	0	0	0	0	1	0
LT934125.1	14490	+	0	0	0	0	1	0
LT934125.1	14496	+	0	0	0	0	1	0
LT934125.1	14509	+	0	0	0	0	1	0
LT934125.1	14520	+	0	0	1	0	0	0
LT934125.1	14525	+	0	0	0	0	1	0
LT934125.1	14527	+	0	0	0	0	1	0
LT934125.1	14537	+	0	0	2	0	1	0
LT934125.1	14547	+	0	0	0	1	0	0
LT934125.1	14550	+	0	0	0	0	1	0
LT934125.1	14560	+	1	0	0	0	0	0
LT934125.1	14562	+	0	0	2	0	0	0
LT934125.1	14563	+	0	0	0	0	4	0
LT934125.1	14596	+	0	0	0	0	1	0
LT934125.1	14597	+	0	0	0	0	1	0
LT934125.1	14603	+	0	0	0	0	0	1
LT934125.1	14604	+	0	0	1	0	0	0
LT934125.1	14605	+	0	0	0	0	13	0
LT934125.1	14606	+	3	0	5	0	0	0
LT934125.1	14644	+	0	0	1	0	0	0
LT934125.1	14647	+	0	0	0	0	1	0
LT934125.1	14654	+	0	0	1	0	0	1
LT934125.1	14664	+	0	0	1	0	0	0
LT934125.1	14674	+	1	0	0	0	0	0
LT934125.1	14682	+	0	0	0	0	1	0
LT934125.1	14683	+	1	0	0	0	0	0
LT934125.1	14684	+	1	0	0	0	1	0
LT934125.1	14691	+	0	0	1	0	0	0
LT934125.1	14700	+	0	0	1	0	1	0
LT934125.1	14705	+	0	0	1	0	0	0
LT934125.1	14706	-	0	0	0	1	0	0
LT934125.1	14740	+	0	0	0	0	3	0
LT934125.1	14741	+	1	0	0	0	0	0
LT934125.1	14748	+	0	0	0	0	1	0
LT934125.1	14760	+	0	0	0	0	2	0
LT934125.1	14765	+	0	0	1	0	0	0
LT934125.1	14770	+	0	0	0	0	2	0
LT934125.1	14791	+	1	0	3	0	0	0
LT934125.1	14808	+	0	0	1	0	0	0
LT934125.1	14821	+	0	0	0	0	8	0
LT934125.1	14822	+	3	0	5	0	0	1
LT934125.1	14834	+	0	0	0	0	1	0
LT934125.1	14838	+	0	0	0	0	2	0
LT934125.1	14848	+	0	0	0	0	1	0
LT934125.1	14850	+	0	0	1	0	0	0
LT934125.1	14854	+	2	0	0	0	1	0
LT934125.1	14860	+	0	0	1	0	0	0
LT934125.1	14861	+	0	0	0	0	5	0
LT934125.1	14862	+	0	0	0	0	3	0
LT934125.1	14863	+	1	0	1	0	1	0
LT934125.1	14866	+	1	0	0	0	1	0
LT934125.1	14877	+	0	0	0	0	1	0
LT934125.1	14893	+	0	0	0	0	1	0
LT934125.1	14894	+	0	0	0	0	2	0
LT934125.1	14898	+	0	0	1	0	0	0
LT934125.1	14905	-	0	0	0	0	1	0
LT934125.1	14932	+	2	0	0	0	2	0
LT934125.1	14933	+	0	0	0	0	4	0
LT934125.1	14935	+	0	0	2	0	0	1
LT934125.1	14943	+	0	0	0	0	0	1
LT934125.1	14951	+	1	0	0	0	0	0
LT934125.1	14953	+	0	0	1	0	0	0
LT934125.1	14954	+	0	0	0	0	2	0
LT934125.1	14955	+	0	0	0	0	10	0
LT934125.1	14956	+	4	0	2	0	0	0
LT934125.1	14961	+	0	0	0	0	1	0
LT934125.1	14963	+	0	0	0	0	1	0
LT934125.1	14975	-	1	0	0	0	0	0
LT934125.1	14982	+	0	0	0	0	3	0
LT934125.1	14984	+	0	0	0	0	1	0
LT934125.1	14985	+	0	0	0	0	1	0
LT934125.1	14986	+	1	0	0	0	0	0
LT934125.1	14991	+	0	0	0	0	2	0
LT934125.1	15024	-	1	0	0	0	0	0
LT934125.1	15028	+	1	0	0	0	0	0
LT934125.1	15041	+	0	0	0	0	1	0
LT934125.1	15047	+	0	0	0	0	1	0
LT934125.1	15049	+	0	0	2	0	0	0
LT934125.1	15054	+	0	0	0	1	0	0
LT934125.1	15057	+	0	0	0	0	1	0
LT934125.1	15064	+	0	0	0	0	1	0
LT934125.1	15067	+	0	0	0	0	1	0
LT934125.1	15072	+	0	0	0	0	1	0
LT934125.1	15075	+	0	0	0	0	1	0
LT934125.1	15078	+	0	0	0	1	0	0
LT934125.1	15079	+	0	0	0	0	1	0
LT934125.1	15081	+	0	0	1	0	0	0
LT934125.1	15085	+	0	0	0	0	5	0
LT934125.1	15097	+	1	0	1	0	0	0
LT934125.1	15098	+	0	0	0	0	3	0
LT934125.1	15100	-	0	0	0	0	1	0
LT934125.1	15102	+	0	0	0	0	2	1
LT934125.1	15108	+	0	0	0	0	2	0
LT934125.1	15109	+	0	0	1	0	0	1
LT934125.1	15113	+	1	0	0	0	0	0
LT934125.1	15114	+	0	0	1	0	0	0
LT934125.1	15117	+	0	0	0	0	1	0
LT934125.1	15120	+	0	0	0	0	2	0
LT934125.1	15127	-	0	0	1	0	0	0
LT934125.1	15136	+	0	0	1	0	0	0
LT934125.1	15138	+	0	0	0	0	1	0
LT934125.1	15139	+	1	0	0	0	0	0
LT934125.1	15142	+	0	0	1	0	0	0
LT934125.1	15144	+	0	0	0	0	2	0
LT934125.1	15149	+	0	0	1	0	0	0
LT934125.1	15159	+	0	0	0	0	1	0
LT934125.1	15172	+	2	0	2	0	2	1
LT934125.1	15174	+	0	0	0	0	4	0
LT934125.1	15175	+	1	0	1	0	0	0
LT934125.1	15179	+	1	0	0	0	0	0
LT934125.1	15184	+	0	0	0	0	3	0
LT934125.1	15185	+	2	0	1	0	1	0
LT934125.1	15186	+	0	0	0	0	4	0
LT934125.1	15187	+	3	0	2	1	0	0
LT934125.1	15190	+	0	0	0	0	1	0
LT934125.1	15193	-	0	0	0	0	1	0
LT934125.1	15195	+	0	0	0	0	1	0
LT934125.1	15196	+	0	0	1	0	0	0
LT934125.1	15201	+	2	0	0	0	1	0
LT934125.1	15219	+	1	0	0	0	0	0
LT934125.1	15224	+	0	0	0	0	1	0
LT934125.1	15228	+	0	0	0	0	1	0
LT934125.1	15229	+	1	0	0	0	0	0
LT934125.1	15236	+	0	0	0	0	2	0
LT934125.1	15238	+	0	0	1	0	0	0
LT934125.1	15251	+	0	0	0	0	0	1
LT934125.1	15253	+	0	0	0	0	3	0
LT934125.1	15260	+	0	0	0	0	1	0
LT934125.1	15262	+	0	0	0	0	1	0
LT934125.1	15271	+	1	0	0	0	0	0
LT934125.1	15285	+	1	0	0	0	0	0
LT934125.1	15286	+	0	0	0	0	4	0
LT934125.1	15287	+	0	0	1	0	0	0
LT934125.1	15289	+	0	0	0	0	2	0
LT934125.1	15291	+	0	0	1	0	0	0
LT934125.1	15307	+	0	0	0	0	2	0
LT934125.1	15314	+	0	0	0	0	2	0
LT934125.1	15321	+	0	0	0	0	0	1
LT934125.1	15322	+	0	0	0	0	1	0
LT934125.1	15324	-	0	0	0	0	1	0
LT934125.1	15325	+	0	0	0	0	2	0
LT934125.1	15327	+	0	0	0	0	0	1
LT934125.1	15333	+	0	0	0	0	1	0
LT934125.1	15343	+	0	0	0	0	1	0
LT934125.1	15345	+	0	0	1	1	0	0
LT934125.1	15346	+	5	1	0	0	6	0
LT934125.1	15347	+	0	0	0	0	1	0
LT934125.1	15348	+	1	0	1	0	0	0
LT934125.1	15353	+	0	0	1	0	0	0
LT934125.1	15354	+	0	0	1	0	1	0
LT934125.1	15357	+	1	0	0	0	0	0
LT934125.1	15358	+	0	0	0	0	1	0
LT934125.1	15359	+	1	0	0	0	0	0
LT934125.1	15360	+	0	0	0	0	0	1
LT934125.1	15364	+	0	0	0	0	1	0
LT934125.1	15366	+	1	0	0	0	0	0
LT934125.1	15368	+	0	0	0	0	1	0
LT934125.1	15374	+	0	0	2	0	0	0
LT934125.1	15377	+	0	0	0	0	7	0
LT934125.1	15380	+	3	0	3	0	0	0
LT934125.1	15384	+	0	0	0	0	1	0
LT934125.1	15385	+	1	0	0	0	0	0
LT934125.1	15386	+	0	0	0	0	2	0
LT934125.1	15390	+	0	0	0	0	1	0
LT934125.1	15399	+	0	0	0	0	1	0
LT934125.1	15400	+	0	0	1	0	0	0
LT934125.1	15402	+	0	0	0	0	1	0
LT934125.1	15405	+	0	0	0	0	1	0
LT934125.1	15417	+	0	0	0	0	1	0
LT934125.1	15418	+	1	0	0	0	0	0
LT934125.1	15419	+	0	0	0	0	3	0
LT934125.1	15423	+	0	0	0	0	1	0
LT934125.1	15427	+	0	0	2	0	0	0
LT934125.1	15436	-	1	0	0	0	0	0
LT934125.1	15443	+	0	0	0	0	1	0
LT934125.1	15445	+	0	0	0	0	0	1
LT934125.1	15458	-	1	0	0	0	0	0
LT934125.1	15460	-	1	0	0	0	0	0
LT934125.1	15468	+	0	0	0	0	1	0
LT934125.1	15471	+	0	0	0	0	1	0
LT934125.1	15490	+	0	0	1	0	0	0
LT934125.1	15495	+	0	0	1	0	0	0
LT934125.1	15498	+	0	0	1	0	0	0
LT934125.1	15499	+	0	0	0	0	1	0
LT934125.1	15505	+	0	0	0	0	1	0
LT934125.1	15508	+	0	0	1	0	0	0
LT934125.1	15509	+	0	0	0	0	2	0
LT934125.1	15510	+	0	0	1	0	3	0
LT934125.1	15511	+	1	0	2	0	0	0
LT934125.1	15512	+	0	0	0	0	1	0
LT934125.1	15513	+	0	0	0	0	6	2
LT934125.1	15514	+	0	0	0	0	5	0
LT934125.1	15517	-	0	0	1	0	0	0
LT934125.1	15521	+	0	0	0	0	1	0
LT934125.1	15524	+	0	0	0	0	2	0
LT934125.1	15527	+	0	0	3	0	0	0
LT934125.1	15528	+	0	0	0	0	2	0
LT934125.1	15533	+	3	0	0	0	0	0
LT934125.1	15534	+	0	0	0	0	25	0
LT934125.1	15536	+	0	0	3	0	0	0
LT934125.1	15541	+	1	0	0	0	0	0
LT934125.1	15542	+	0	0	0	0	2	0
LT934125.1	15544	+	0	0	1	0	0	0
LT934125.1	15550	+	0	2	0	0	0	0
LT934125.1	15555	+	0	0	1	0	1	0
LT934125.1	15557	+	0	0	0	0	4	0
LT934125.1	15567	+	0	0	1	0	0	0
LT934125.1	15573	-	0	0	0	0	1	0
LT934125.1	15582	+	0	0	0	0	2	0
LT934125.1	15587	-	0	0	0	0	1	0
LT934125.1	15588	+	1	0	0	0	0	0
LT934125.1	15589	+	1	0	0	0	0	0
LT934125.1	15590	+	0	0	0	0	1	0
LT934125.1	15591	+	2	0	1	0	2	0
LT934125.1	15592	+	0	0	3	0	6	0
LT934125.1	15593	+	7	0	0	0	19	0
LT934125.1	15594	+	2	0	0	0	5	0
LT934125.1	15595	+	0	0	0	0	4	0
LT934125.1	15596	+	0	0	0	0	0	4
LT934125.1	15597	+	0	0	2	0	0	0
LT934125.1	15598	+	2	0	18	0	7	0
LT934125.1	15599	+	11	3	0	0	44	0
LT934125.1	15609	+	0	0	1	0	1	0
LT934125.1	15610	+	2	0	0	0	2	1
LT934125.1	15616	+	1	0	0	0	0	0
LT934125.1	15618	+	0	0	1	0	0	0
LT934125.1	15619	+	1	0	0	0	3	0
LT934125.1	15620	+	1	0	0	0	0	0
LT934125.1	15621	+	1	0	1	0	5	0
LT934125.1	15622	+	2	0	0	0	1	0
LT934125.1	15624	+	1	0	0	0	0	0
LT934125.1	15626	+	0	0	0	0	3	0
LT934125.1	15627	-	1	0	0	0	0	0
LT934125.1	15629	+	4	0	0	0	0	0
LT934125.1	15630	+	0	0	0	0	1	0
LT934125.1	15632	+	0	0	1	0	0	0
LT934125.1	15634	+	0	0	0	0	1	0
LT934125.1	15635	-	0	0	1	0	0	0
LT934125.1	15637	+	0	0	0	0	1	0
LT934125.1	15638	+	3	0	1	0	0	0
LT934125.1	15639	+	0	0	0	0	15	0
LT934125.1	15641	+	0	0	2	0	0	1
LT934125.1	15642	+	0	0	0	0	2	0
LT934125.1	15643	+	1	0	0	0	0	0
LT934125.1	15644	+	0	0	0	0	8	0
LT934125.1	15645	+	0	0	0	0	2	0
LT934125.1	15647	+	2	0	0	0	0	0
LT934125.1	15647	-	0	0	0	0	1	0
LT934125.1	15648	+	0	0	3	1	1	0
LT934125.1	15649	+	0	0	0	0	5	1
LT934125.1	15651	+	0	0	0	0	2	0
LT934125.1	15652	+	2	0	0	0	0	0
LT934125.1	15658	+	2	0	0	0	1	1
LT934125.1	15678	+	0	0	1	0	0	0
LT934125.1	15678	-	1	0	0	0	0	0
LT934125.1	15679	+	0	0	0	0	0	1
LT934125.1	15689	+	0	0	0	0	2	0
LT934125.1	15691	+	0	0	1	0	0	0
LT934125.1	15693	+	0	0	0	0	2	0
LT934125.1	15694	+	1	0	0	0	0	0
LT934125.1	15696	+	1	0	6	1	1	0
LT934125.1	15697	+	7	0	0	0	18	1
LT934125.1	15700	+	0	0	0	0	1	0
LT934125.1	15707	+	0	0	0	0	2	0
LT934125.1	15710	+	0	0	0	0	9	0
LT934125.1	15711	+	2	0	0	0	2	0
LT934125.1	15721	+	0	0	0	0	6	0
LT934125.1	15722	+	1	0	3	0	0	0
LT934125.1	15726	+	0	0	0	0	2	0
LT934125.1	15727	+	0	0	0	0	1	0
LT934125.1	15728	+	1	0	0	0	0	0
LT934125.1	15729	+	0	0	0	0	3	0
LT934125.1	15730	+	0	0	1	0	0	0
LT934125.1	15732	+	0	0	1	0	0	0
LT934125.1	15735	+	0	0	1	0	0	0
LT934125.1	15738	+	0	0	0	0	1	0
LT934125.1	15739	+	1	0	0	0	0	0
LT934125.1	15751	+	0	0	1	0	1	0
LT934125.1	15752	+	2	0	0	0	14	0
LT934125.1	15753	+	1	0	0	0	2	0
LT934125.1	15754	+	0	0	0	0	1	0
LT934125.1	15758	-	0	0	0	0	1	0
LT934125.1	15760	+	0	0	0	0	4	0
LT934125.1	15763	+	1	0	0	0	2	0
LT934125.1	15768	+	0	0	0	0	7	0
LT934125.1	15768	-	0	0	1	0	0	0
LT934125.1	15769	+	4	0	2	0	0	2
LT934125.1	15775	+	0	0	0	0	1	0
LT934125.1	15785	+	0	0	0	0	1	0
LT934125.1	15788	+	0	0	0	0	0	1
LT934125.1	15791	+	0	0	0	0	1	0
LT934125.1	15792	+	0	0	0	1	0	0
LT934125.1	15796	+	1	0	0	0	0	0
LT934125.1	15802	+	0	0	0	0	1	0
LT934125.1	15804	-	0	0	1	0	0	0
LT934125.1	15805	+	1	0	0	0	0	0
LT934125.1	15809	+	1	0	0	0	0	0
LT934125.1	15810	+	0	1	0	0	0	0
LT934125.1	15812	+	1	0	0	0	0	0
LT934125.1	15815	+	0	0	0	0	1	0
LT934125.1	15823	+	1	0	1	0	0	0
LT934125.1	15826	+	0	0	1	0	0	0
LT934125.1	15826	-	0	0	0	0	1	0
LT934125.1	15829	+	1	0	0	0	0	0
LT934125.1	15830	-	1	0	0	0	1	0
LT934125.1	15837	+	0	0	0	0	1	0
LT934125.1	15841	+	0	0	0	0	1	0
LT934125.1	15846	+	0	0	0	0	1	1
LT934125.1	15848	-	1	0	1	0	0	0
LT934125.1	15850	+	0	0	0	0	1	0
LT934125.1	15850	-	1	0	0	0	0	0
LT934125.1	15853	-	0	0	0	0	1	0
LT934125.1	15854	+	0	0	0	0	1	0
LT934125.1	15856	+	0	0	1	0	0	0
LT934125.1	15857	+	0	0	3	0	0	0
LT934125.1	15858	+	1	0	0	0	3	0
LT934125.1	15860	+	0	0	0	0	1	0
LT934125.1	15874	+	0	0	0	0	0	1
LT934125.1	15890	+	0	0	0	0	1	0
LT934125.1	15891	+	0	0	0	0	3	0
LT934125.1	15892	+	0	0	1	0	0	0
LT934125.1	15900	+	0	0	0	0	1	0
LT934125.1	15913	+	0	0	0	0	2	0
LT934125.1	15914	+	1	0	1	0	0	0
LT934125.1	15919	+	0	0	0	0	1	0
LT934125.1	15927	+	0	0	0	0	3	0
LT934125.1	15929	+	0	0	0	0	1	0
LT934125.1	15940	-	0	0	1	0	0	0
LT934125.1	15942	+	0	0	0	0	1	0
LT934125.1	15952	+	2	0	0	0	2	0
LT934125.1	15960	+	0	0	0	1	0	0
LT934125.1	15962	+	0	0	1	0	0	0
LT934125.1	15963	+	0	0	0	0	3	0
LT934125.1	15964	+	0	0	0	0	2	0
LT934125.1	15982	+	0	0	0	0	0	1
LT934125.1	15988	-	2	0	0	0	0	0
LT934125.1	16015	+	0	0	0	0	1	0
LT934125.1	16017	+	0	0	0	0	2	0
LT934125.1	16018	+	0	0	1	0	0	0
LT934125.1	16054	+	0	0	0	0	1	0
LT934125.1	16058	-	0	0	0	0	1	0
LT934125.1	16063	+	0	0	0	0	1	0
LT934125.1	16109	-	0	0	0	0	1	0
LT934125.1	16123	-	1	0	0	0	0	0
LT934125.1	16124	-	0	0	0	0	1	0
LT934125.1	16138	+	0	0	0	0	1	0
LT934125.1	16140	+	0	0	0	0	2	0
LT934125.1	16143	+	0	0	1	0	0	0
LT934125.1	16152	+	0	0	0	0	1	0
LT934125.1	16171	-	0	0	1	0	4	0
LT934125.1	16175	-	0	0	0	0	1	0
LT934125.1	16213	-	0	0	0	0	1	0
LT934125.1	16214	-	0	0	0	0	1	0
LT934125.1	16239	+	0	0	1	0	1	0
LT934125.1	16256	+	0	0	0	0	1	0
LT934125.1	16571	+	0	0	1	0	0	0
LT934125.1	16574	-	0	0	0	0	3	0
LT934125.1	16575	-	0	0	0	0	1	0
LT934125.1	16576	-	0	0	0	0	3	0
LT934125.1	16579	+	0	0	0	0	1	0
LT934125.1	16604	+	0	0	0	1	0	0
LT934125.1	16630	+	0	0	1	0	0	0
LT934125.1	16631	+	0	0	1	0	0	0
LT934125.1	16632	+	0	1	0	0	0	0
LT934125.1	16657	+	0	0	0	0	0	1
LT934125.1	16673	-	0	0	0	0	1	0
LT934125.1	16674	+	0	0	0	0	1	0
LT934125.1	16731	-	0	0	1	0	0	0
LT934125.1	16733	-	0	0	1	0	0	0
LT934125.1	16734	+	1	0	0	0	0	0
LT934125.1	16760	-	0	0	1	0	0	0
LT934125.1	16779	-	1	0	0	0	0	0
LT934125.1	16804	+	0	0	0	0	1	0
LT934125.1	16810	-	1	0	0	0	0	0
LT934125.1	16811	-	0	0	4	0	0	0
LT934125.1	16818	-	1	0	0	0	0	0
LT934125.1	16824	-	0	0	0	0	1	0
LT934125.1	16825	-	0	0	0	0	1	0
LT934125.1	16831	-	1	0	0	0	0	0
LT934125.1	16843	-	0	0	0	0	1	0
LT934125.1	16846	-	0	0	0	0	2	0
LT934125.1	16850	+	0	0	0	0	1	0
LT934125.1	16850	-	0	0	1	0	0	0
LT934125.1	16853	-	2	0	0	0	0	0
LT934125.1	16856	-	0	0	0	0	1	0
LT934125.1	16871	-	1	0	0	0	0	0
LT934125.1	16876	-	1	0	0	0	0	0
LT934125.1	16880	-	1	0	0	0	0	0
LT934125.1	16890	-	0	0	1	0	0	0
LT934125.1	16892	-	0	0	0	0	1	0
LT934125.1	16893	-	2	0	0	0	0	0
LT934125.1	16899	-	0	0	0	0	1	0
LT934125.1	16906	-	0	0	1	0	0	0
LT934125.1	16907	+	0	0	0	0	1	0
LT934125.1	16908	-	1	0	1	0	0	0
LT934125.1	16910	-	0	0	0	0	1	0
LT934125.1	16914	-	1	0	0	0	0	0
LT934125.1	16917	-	0	0	0	0	1	0
LT934125.1	16925	-	0	0	0	0	1	0
LT934125.1	16933	-	1	0	0	0	0	0
LT934125.1	16936	-	0	0	0	0	1	1
LT934125.1	16948	-	2	0	0	0	0	0
LT934125.1	16949	-	0	0	1	0	0	0
LT934125.1	16950	+	1	0	0	0	0	0
LT934125.1	16952	-	0	0	0	0	1	0
LT934125.1	16953	-	0	0	0	0	1	0
LT934125.1	16959	-	1	0	0	0	0	0
LT934125.1	16960	-	0	0	1	0	0	0
LT934125.1	16970	-	1	0	1	0	0	0
LT934125.1	16971	-	0	0	0	0	1	0
LT934125.1	16973	+	0	0	1	0	0	0
LT934125.1	16981	-	0	0	0	0	1	0
LT934125.1	16985	-	0	0	0	0	1	0
LT934125.1	16991	-	1	0	0	0	0	0
LT934125.1	17002	-	0	0	1	0	0	0
LT934125.1	17003	-	0	0	0	0	1	0
LT934125.1	17013	-	0	1	0	0	1	0
LT934125.1	17018	-	1	0	0	0	0	0
LT934125.1	17020	+	0	0	0	0	1	0
LT934125.1	17022	-	0	0	0	0	1	0
LT934125.1	17023	-	1	0	0	0	0	0
LT934125.1	17025	-	1	0	0	0	0	0
LT934125.1	17027	-	0	0	1	0	0	0
LT934125.1	17032	-	3	0	2	0	0	0
LT934125.1	17033	-	0	0	0	0	1	0
LT934125.1	17051	-	0	0	0	0	3	0
LT934125.1	17061	-	0	1	0	0	0	0
LT934125.1	17062	-	0	0	0	0	1	0
LT934125.1	17063	-	1	0	0	0	0	0
LT934125.1	17068	-	1	0	0	0	0	0
LT934125.1	17070	-	0	0	0	0	2	0
LT934125.1	17083	-	0	0	0	0	1	0
LT934125.1	17089	-	1	0	3	0	2	1
LT934125.1	17090	+	0	0	0	0	1	0
LT934125.1	17093	-	0	0	0	0	1	0
LT934125.1	17097	-	0	0	0	0	1	0
LT934125.1	17099	-	0	0	0	0	1	0
LT934125.1	17100	-	0	0	0	0	1	0
LT934125.1	17103	-	0	0	1	0	0	0
LT934125.1	17105	-	0	0	0	0	2	0
LT934125.1	17108	-	1	0	0	0	1	0
LT934125.1	17109	-	1	0	0	0	0	0
LT934125.1	17116	-	2	0	0	0	0	0
LT934125.1	17118	-	0	0	2	0	1	0
LT934125.1	17121	-	0	0	0	0	1	0
LT934125.1	17128	-	0	0	0	0	5	0
LT934125.1	17131	-	1	0	0	0	1	0
LT934125.1	17136	-	0	0	1	0	0	0
LT934125.1	17155	-	0	0	1	0	0	0
LT934125.1	17159	-	2	0	4	0	3	0
LT934125.1	17160	-	0	0	0	0	1	0
LT934125.1	17161	-	0	0	1	0	1	0
LT934125.1	17165	-	1	0	0	0	0	0
LT934125.1	17168	-	1	0	0	0	0	0
LT934125.1	17169	-	1	0	0	0	0	0
LT934125.1	17173	-	0	0	0	0	1	0
LT934125.1	17178	-	2	0	0	0	0	0
LT934125.1	17181	-	0	0	0	0	1	0
LT934125.1	17186	-	1	0	0	0	1	0
LT934125.1	17197	-	1	0	0	0	0	0
LT934125.1	17205	-	1	0	0	0	2	0
LT934125.1	17221	-	1	0	0	0	0	0
LT934125.1	17222	-	1	0	0	0	0	0
LT934125.1	17227	-	0	0	0	0	1	0
LT934125.1	17236	-	0	0	0	0	1	0
LT934125.1	17237	-	0	0	1	0	0	0
LT934125.1	17242	-	1	0	0	0	0	0
LT934125.1	17248	-	1	0	0	0	1	0
LT934125.1	17254	-	3	0	1	0	0	0
LT934125.1	17255	-	0	0	0	0	3	0
LT934125.1	17256	-	1	0	0	0	1	0
LT934125.1	17257	-	0	0	2	0	0	0
LT934125.1	17261	-	0	0	1	1	0	0
LT934125.1	17285	-	0	0	1	0	1	0
LT934125.1	17287	-	1	0	0	0	3	0
LT934125.1	17288	-	0	0	0	0	1	0
LT934125.1	17289	-	2	0	0	0	0	1
LT934125.1	17290	-	0	0	0	0	2	0
LT934125.1	17307	-	0	0	0	0	1	0
LT934125.1	17309	-	1	0	0	0	2	0
LT934125.1	17311	-	0	0	0	0	1	0
LT934125.1	17316	-	0	0	1	0	0	0
LT934125.1	17317	-	0	0	0	0	1	0
LT934125.1	17320	-	0	0	1	0	0	0
LT934125.1	17331	-	0	0	0	0	0	1
LT934125.1	17333	+	0	0	1	0	0	0
LT934125.1	17338	+	0	0	0	0	1	0
LT934125.1	17341	-	33	1	21	5	46	0
LT934125.1	17343	-	2	0	3	0	3	1
LT934125.1	17350	-	1	0	0	0	0	0
LT934125.1	17355	-	0	0	0	0	9	0
LT934125.1	17356	-	9	0	5	0	0	0
LT934125.1	17357	-	0	0	0	0	12	0
LT934125.1	17358	-	2	0	0	0	0	0
LT934125.1	17359	-	0	0	0	0	0	1
LT934125.1	17360	-	1	0	0	0	1	0
LT934125.1	17361	-	3	0	0	0	3	0
LT934125.1	17369	-	1	0	0	0	0	0
LT934125.1	17373	-	0	0	1	0	1	0
LT934125.1	17376	-	9	0	2	2	0	3
LT934125.1	17377	+	0	0	0	0	1	0
LT934125.1	17377	-	0	0	0	0	6	0
LT934125.1	17379	-	0	0	0	0	1	0
LT934125.1	17388	-	0	0	0	0	1	0
LT934125.1	17389	-	0	0	1	0	0	0
LT934125.1	17392	+	0	0	1	0	0	0
LT934125.1	17392	-	0	0	0	0	1	0
LT934125.1	17395	+	0	0	0	0	3	2
LT934125.1	17396	+	0	0	0	0	1	0
LT934125.1	17396	-	0	0	0	0	1	0
LT934125.1	17397	+	0	0	0	0	1	0
LT934125.1	17398	+	1	0	0	0	0	0
LT934125.1	17434	-	2	0	0	0	0	0
LT934125.1	17438	-	0	0	0	0	1	0
LT934125.1	17440	-	0	0	1	0	1	0
LT934125.1	17448	-	2	0	0	0	3	0
LT934125.1	17449	-	2	0	0	0	0	0
LT934125.1	17452	-	0	0	0	1	0	1
LT934125.1	17453	-	0	0	0	0	0	1
LT934125.1	17458	-	5	0	2	1	0	0
LT934125.1	17459	-	0	0	0	0	3	0
LT934125.1	17460	-	2	0	0	0	3	0
LT934125.1	17461	-	0	0	2	0	0	0
LT934125.1	17467	-	1	0	0	0	0	0
LT934125.1	17468	-	0	0	0	0	3	0
LT934125.1	17472	-	0	1	1	1	0	0
LT934125.1	17474	-	0	0	0	0	0	1
LT934125.1	17476	-	0	0	1	0	0	1
LT934125.1	17503	-	1	0	0	0	0	0
LT934125.1	17506	-	2	0	0	0	0	0
LT934125.1	17508	-	0	0	0	0	1	0
LT934125.1	17509	-	2	0	3	0	0	2
LT934125.1	17510	-	0	0	0	0	8	0
LT934125.1	17511	-	0	0	3	0	0	0
LT934125.1	17512	-	0	0	0	0	4	0
LT934125.1	17517	-	0	0	0	0	2	0
LT934125.1	17520	-	0	0	0	0	2	0
LT934125.1	17522	-	1	0	0	0	0	0
LT934125.1	17526	-	0	0	1	0	0	1
LT934125.1	17527	-	0	0	0	0	1	0
LT934125.1	17530	-	1	0	1	0	0	0
LT934125.1	17535	-	1	0	1	0	0	1
LT934125.1	17537	-	1	0	0	0	2	0
LT934125.1	17538	-	1	0	0	0	0	0
LT934125.1	17540	-	1	0	2	0	1	0
LT934125.1	17541	-	0	0	1	0	0	0
LT934125.1	17548	-	3	0	4	0	0	0
LT934125.1	17549	-	0	0	0	0	6	0
LT934125.1	17550	-	0	0	0	0	1	0
LT934125.1	17552	-	0	0	0	0	2	0
LT934125.1	17556	-	1	0	1	0	0	0
LT934125.1	17557	-	0	1	0	0	2	0
LT934125.1	17558	-	0	0	0	0	1	0
LT934125.1	17566	-	0	0	2	0	0	0
LT934125.1	17568	-	0	0	0	0	1	0
LT934125.1	17585	-	0	0	1	0	0	0
LT934125.1	17587	-	2	0	3	1	0	0
LT934125.1	17588	-	0	0	1	0	4	0
LT934125.1	17602	-	0	0	0	0	1	0
LT934125.1	17603	-	3	0	0	0	0	0
LT934125.1	17604	-	0	0	0	0	1	0
LT934125.1	17614	-	0	0	0	0	1	0
LT934125.1	17616	-	0	0	0	0	0	1
LT934125.1	17626	-	0	0	0	0	0	1
LT934125.1	17640	-	0	0	0	0	1	0
LT934125.1	17647	-	0	0	0	0	1	0
LT934125.1	17655	-	0	0	0	0	1	0
LT934125.1	17660	-	0	0	0	0	1	0
LT934125.1	17665	-	1	0	0	1	1	0
LT934125.1	17666	-	0	0	0	0	1	0
LT934125.1	17667	-	0	0	1	0	0	0
LT934125.1	17683	-	1	0	0	0	0	0
LT934125.1	17700	-	0	0	0	0	1	0
LT934125.1	17707	-	0	0	1	0	0	0
LT934125.1	17728	-	0	0	1	0	0	0
LT934125.1	17731	-	0	0	0	0	1	0
LT934125.1	17737	-	1	0	0	0	0	0
LT934125.1	17738	-	0	0	0	1	0	0
LT934125.1	17739	-	0	0	0	0	1	0
LT934125.1	17751	-	0	0	0	0	1	0
LT934125.1	17766	-	1	0	0	0	0	0
LT934125.1	17769	-	0	0	1	0	0	0
LT934125.1	17774	-	1	0	0	0	0	0
LT934125.1	17780	-	0	0	0	0	1	0
LT934125.1	17782	-	0	0	0	0	0	1
LT934125.1	17783	-	0	0	3	0	0	1
LT934125.1	17784	-	0	1	0	0	1	0
LT934125.1	17791	-	0	0	1	0	0	0
LT934125.1	17792	-	1	0	0	0	0	0
LT934125.1	17811	-	3	0	0	0	2	0
LT934125.1	17812	-	1	0	1	0	0	0
LT934125.1	17815	-	1	0	0	0	2	0
LT934125.1	17818	-	2	0	1	0	0	0
LT934125.1	17824	-	0	0	0	0	1	0
LT934125.1	17834	-	0	0	0	0	1	0
LT934125.1	17843	-	0	0	0	0	4	1
LT934125.1	17844	-	0	0	1	0	0	0
LT934125.1	17845	-	0	1	0	0	4	2
LT934125.1	17846	-	1	0	1	0	0	1
LT934125.1	17847	-	0	0	0	0	2	0
LT934125.1	17848	-	3	0	0	0	0	0
LT934125.1	17849	-	1	0	0	0	0	0
LT934125.1	17852	-	0	0	0	0	1	0
LT934125.1	17864	-	0	0	0	0	1	0
LT934125.1	17865	-	0	0	1	0	0	0
LT934125.1	17867	-	0	0	0	0	1	0
LT934125.1	17868	-	0	0	0	0	1	0
LT934125.1	17871	-	0	0	1	0	0	0
LT934125.1	17891	-	0	0	0	0	1	0
LT934125.1	17895	-	0	0	0	0	1	0
LT934125.1	17902	-	0	0	1	0	0	0
LT934125.1	17906	-	0	0	0	0	1	0
LT934125.1	17923	-	0	0	0	0	3	0
LT934125.1	17925	-	0	0	0	0	0	1
LT934125.1	17948	-	0	0	1	0	0	0
LT934125.1	17949	-	0	0	0	0	1	0
LT934125.1	17951	-	0	0	0	0	2	0
LT934125.1	17969	-	1	0	1	0	0	0
LT934125.1	17975	-	0	0	0	0	1	0
LT934125.1	17978	-	0	0	0	1	7	1
LT934125.1	17980	-	0	0	0	0	1	0
LT934125.1	17982	-	0	0	1	0	0	0
LT934125.1	17991	-	1	0	0	0	2	0
LT934125.1	17992	-	0	0	1	0	4	0
LT934125.1	17993	-	0	0	1	0	0	0
LT934125.1	17995	-	1	0	0	0	1	0
LT934125.1	18008	-	0	0	0	0	1	0
LT934125.1	18010	-	3	0	0	0	6	0
LT934125.1	18013	-	0	0	1	0	0	0
LT934125.1	18016	-	0	0	0	0	1	0
LT934125.1	18019	-	0	0	0	0	1	0
LT934125.1	18022	-	1	0	0	0	1	0
LT934125.1	18037	+	0	0	0	0	1	0
LT934125.1	18052	-	0	0	0	0	1	0
LT934125.1	18057	-	0	0	0	0	1	0
LT934125.1	18065	-	0	0	1	0	0	0
LT934125.1	18067	-	0	0	1	0	0	0
LT934125.1	18068	-	0	0	0	0	1	0
LT934125.1	18097	-	0	0	0	0	1	0
LT934125.1	18107	-	0	0	0	0	0	1
LT934125.1	18118	-	0	0	0	0	1	0
LT934125.1	18131	-	0	0	0	0	1	0
LT934125.1	18133	+	0	0	0	0	1	0
LT934125.1	18175	-	0	0	0	0	1	0
LT934125.1	18191	-	0	0	0	0	1	0
LT934125.1	18195	+	0	0	0	0	1	0
LT934125.1	18202	-	1	0	0	0	1	0
LT934125.1	18205	-	0	0	1	0	0	0
LT934125.1	18217	-	0	0	0	0	1	1
LT934125.1	18223	-	0	0	0	0	1	0
LT934125.1	18248	-	0	0	1	0	0	0
LT934125.1	18251	-	0	0	0	0	1	0
LT934125.1	18265	-	0	0	0	0	1	0
LT934125.1	18274	-	0	0	0	0	1	0
LT934125.1	18276	-	0	0	0	0	1	0
LT934125.1	18311	+	0	0	1	0	0	0
LT934125.1	18317	-	0	0	0	0	1	0
LT934125.1	18319	-	0	0	1	0	0	0
LT934125.1	18321	-	0	0	0	0	1	0
LT934125.1	18329	+	0	0	1	0	0	0
LT934125.1	18351	-	0	0	0	0	1	0
LT934125.1	18409	-	0	0	0	0	2	0
LT934125.1	18420	-	0	0	0	1	0	0
LT934125.1	18422	-	0	0	0	0	1	0
LT934125.1	18424	-	0	0	0	0	1	0
LT934125.1	18425	-	0	0	0	0	1	0
LT934125.1	18460	-	0	0	0	0	2	0
LT934125.1	18461	-	0	0	1	0	0	0
LT934125.1	18462	+	0	0	0	0	1	0
LT934125.1	18465	+	0	0	1	0	0	0
LT934125.1	18466	-	0	0	0	0	1	0
LT934125.1	18476	+	1	0	0	0	0	0
LT934125.1	18525	-	0	0	0	0	1	0
LT934125.1	18542	-	0	0	0	0	1	0
LT934125.1	18546	-	0	0	0	0	1	0
LT934125.1	18555	-	0	0	0	0	1	0
LT934125.1	18559	+	0	0	0	0	1	0
LT934125.1	18559	-	0	0	0	0	1	0
LT934125.1	18565	-	0	0	1	0	0	0
LT934125.1	18569	-	0	0	0	0	1	0
LT934125.1	18583	-	1	0	0	0	0	0
LT934125.1	18594	-	0	0	0	0	0	1
LT934125.1	18600	-	0	0	0	0	1	0
LT934125.1	18601	-	2	0	0	0	0	0
LT934125.1	18602	-	0	0	0	0	1	0
LT934125.1	18617	-	0	0	0	0	1	0
LT934125.1	18624	-	1	0	1	0	0	0
LT934125.1	18634	-	0	0	0	0	1	0
LT934125.1	18637	+	0	0	1	0	0	0
LT934125.1	18638	-	1	0	1	0	0	0
LT934125.1	18640	-	1	0	0	0	0	0
LT934125.1	18642	-	0	0	1	0	0	0
LT934125.1	18643	-	0	0	0	0	3	1
LT934125.1	18644	-	0	0	1	0	0	0
LT934125.1	18658	-	0	0	1	0	0	0
LT934125.1	18659	-	0	0	0	0	1	0
LT934125.1	18663	-	0	0	2	0	0	2
LT934125.1	18684	-	0	0	0	0	1	0
LT934125.1	18694	-	0	0	0	0	1	0
LT934125.1	18703	-	0	0	1	0	0	0
LT934125.1	18705	-	0	0	0	0	7	0
LT934125.1	18706	-	2	0	0	0	0	0
LT934125.1	18707	-	0	0	0	0	1	0
LT934125.1	18710	+	0	0	1	1	1	0
LT934125.1	18716	+	0	0	0	0	1	0
LT934125.1	18717	-	0	0	1	0	1	0
LT934125.1	18720	-	0	0	0	0	0	1
LT934125.1	18723	-	0	0	0	0	2	0
LT934125.1	18724	-	2	0	4	0	0	0
LT934125.1	18725	-	0	0	0	0	5	0
LT934125.1	18726	-	1	0	0	0	0	0
LT934125.1	18732	-	0	0	0	0	1	0
LT934125.1	18739	-	1	0	2	0	0	0
LT934125.1	18740	-	0	0	0	0	1	0
LT934125.1	18743	-	0	0	2	0	0	0
LT934125.1	18751	-	1	0	0	0	0	0
LT934125.1	18752	-	0	0	0	0	1	0
LT934125.1	18753	-	0	0	0	0	1	1
LT934125.1	18757	-	1	0	0	0	0	0
LT934125.1	18770	-	0	0	0	0	1	0
LT934125.1	18771	-	1	0	1	0	0	0
LT934125.1	18774	-	0	0	0	0	1	0
LT934125.1	18783	-	0	0	1	0	0	0
LT934125.1	18786	-	0	0	0	0	1	0
LT934125.1	18788	-	0	0	0	0	1	0
LT934125.1	18793	-	1	0	0	0	0	0
LT934125.1	18798	+	0	0	1	0	0	0
LT934125.1	18806	+	0	0	1	0	0	0
LT934125.1	18809	-	0	0	0	0	2	0
LT934125.1	18811	-	0	0	0	0	2	0
LT934125.1	18812	-	0	0	0	0	1	0
LT934125.1	18813	-	0	0	0	0	10	0
LT934125.1	18815	-	0	0	0	0	0	1
LT934125.1	18816	-	0	0	0	0	2	0
LT934125.1	18820	+	0	0	0	0	1	0
LT934125.1	18823	-	0	0	0	0	1	0
LT934125.1	18836	+	0	0	0	0	1	0
LT934125.1	18856	-	1	0	0	0	0	0
LT934125.1	18859	-	0	0	1	0	4	0
LT934125.1	18867	-	1	0	0	0	0	0
LT934125.1	18871	-	0	0	0	0	1	0
LT934125.1	18873	+	0	0	0	0	1	0
LT934125.1	18883	-	1	0	0	0	1	0
LT934125.1	18884	-	0	0	3	0	0	0
LT934125.1	18886	-	1	0	0	0	0	0
LT934125.1	18898	-	2	0	0	0	0	0
LT934125.1	18902	-	1	0	0	0	0	0
LT934125.1	18903	-	33	3	1	0	35	0
LT934125.1	18904	+	0	0	0	0	1	0
LT934125.1	18904	-	10	2	16	2	15	0
LT934125.1	18905	-	0	0	7	1	1	1
LT934125.1	18906	-	0	0	0	0	0	2
LT934125.1	18907	+	0	0	0	0	1	0
LT934125.1	18908	+	0	1	0	0	0	0
LT934125.1	18918	-	5	0	4	0	0	0
LT934125.1	18919	-	0	0	0	0	11	0
LT934125.1	18920	-	5	0	0	0	15	2
LT934125.1	18921	-	1	0	6	0	6	0
LT934125.1	18922	-	0	0	2	0	0	0
LT934125.1	18924	-	0	0	0	0	0	1
LT934125.1	18936	-	0	0	0	0	1	0
LT934125.1	18940	+	0	0	0	0	1	0
LT934125.1	18943	-	0	0	0	0	3	0
LT934125.1	18944	-	0	0	1	0	0	0
LT934125.1	18949	-	3	0	1	0	0	0
LT934125.1	18951	-	0	0	0	0	1	0
LT934125.1	18953	-	0	0	0	0	1	0
LT934125.1	18955	-	0	0	0	0	1	0
LT934125.1	18959	-	0	0	0	0	0	2
LT934125.1	18960	-	8	0	7	1	0	2
LT934125.1	18961	-	0	0	0	0	27	0
LT934125.1	18962	-	1	0	0	0	1	0
LT934125.1	18963	-	1	0	0	0	0	0
LT934125.1	18965	-	0	0	3	0	5	0
LT934125.1	18968	-	1	0	0	0	0	0
LT934125.1	18973	-	1	0	0	0	0	0
LT934125.1	18978	-	0	0	1	0	1	0
LT934125.1	18979	-	0	0	0	0	1	0
LT934125.1	18981	-	0	0	0	0	0	1
LT934125.1	18983	-	0	0	1	0	0	0
LT934125.1	18986	-	3	0	0	0	0	0
LT934125.1	18988	-	0	0	0	0	5	0
LT934125.1	19002	-	1	0	0	0	0	0
LT934125.1	19005	-	0	0	0	0	3	0
LT934125.1	19006	-	1	0	1	0	1	0
LT934125.1	19007	-	0	0	1	0	0	0
LT934125.1	19008	-	36	0	32	1	0	0
LT934125.1	19009	-	0	2	0	0	77	0
LT934125.1	19011	-	0	0	0	0	0	21
LT934125.1	19020	-	0	0	0	0	3	0
LT934125.1	19022	-	0	0	2	0	0	0
LT934125.1	19024	-	4	0	0	0	0	1
LT934125.1	19026	-	0	0	1	0	0	0
LT934125.1	19027	-	0	2	0	0	5	0
LT934125.1	19028	-	0	0	1	0	0	0
LT934125.1	19030	-	0	0	0	0	0	1
LT934125.1	19034	+	0	0	1	0	0	0
LT934125.1	19035	-	0	0	0	0	1	0
LT934125.1	19036	-	0	0	0	0	2	0
LT934125.1	19038	+	0	0	0	0	1	0
LT934125.1	19040	-	0	0	1	0	0	0
LT934125.1	19052	-	0	0	0	0	1	0
LT934125.1	19055	-	0	0	0	0	3	0
LT934125.1	19056	-	0	0	0	0	4	0
LT934125.1	19058	-	0	0	0	0	1	0
LT934125.1	19060	-	2	0	1	0	0	3
LT934125.1	19061	-	0	1	0	0	23	0
LT934125.1	19062	-	1	0	0	0	0	0
LT934125.1	19063	-	2	0	1	0	0	0
LT934125.1	19065	-	0	0	0	0	1	0
LT934125.1	19070	+	0	0	1	0	0	0
LT934125.1	19072	+	0	0	1	0	0	0
LT934125.1	19075	-	0	0	0	0	1	0
LT934125.1	19077	-	0	0	0	0	2	0
LT934125.1	19081	-	1	0	0	0	1	0
LT934125.1	19088	-	0	0	0	0	3	0
LT934125.1	19089	-	0	0	1	0	0	0
LT934125.1	19094	-	2	0	1	0	0	0
LT934125.1	19095	-	0	0	0	0	11	0
LT934125.1	19096	-	2	0	0	0	14	1
LT934125.1	19097	-	0	0	5	0	0	0
LT934125.1	19100	-	0	0	0	0	2	0
LT934125.1	19102	-	0	0	1	0	0	0
LT934125.1	19105	-	1	0	0	0	7	0
LT934125.1	19106	-	0	0	2	0	0	0
LT934125.1	19117	-	3	0	0	0	17	6
LT934125.1	19118	-	1	0	5	0	1	0
LT934125.1	19121	-	0	0	1	0	0	0
LT934125.1	19122	-	0	0	1	0	0	0
LT934125.1	19128	-	0	0	1	0	0	0
LT934125.1	19129	-	1	0	0	0	0	0
LT934125.1	19146	-	0	0	0	0	1	0
LT934125.1	19153	-	0	0	0	0	1	0
LT934125.1	19155	-	2	0	0	0	0	0
LT934125.1	19156	+	0	0	0	0	1	0
LT934125.1	19162	-	1	0	0	0	0	0
LT934125.1	19169	-	0	0	0	0	1	0
LT934125.1	19183	-	0	0	4	0	0	1
LT934125.1	19185	-	0	0	0	0	11	0
LT934125.1	19186	-	7	0	0	0	0	0
LT934125.1	19187	-	0	0	0	0	1	0
LT934125.1	19189	-	0	0	0	0	1	0
LT934125.1	19197	-	0	0	0	0	3	0
LT934125.1	19198	-	1	0	0	0	0	0
LT934125.1	19204	-	4	0	3	0	0	1
LT934125.1	19205	-	0	0	0	0	9	0
LT934125.1	19208	-	0	0	0	0	4	0
LT934125.1	19210	-	1	0	0	0	0	0
LT934125.1	19222	-	0	0	0	0	3	0
LT934125.1	19224	-	0	0	0	0	5	0
LT934125.1	19225	-	0	0	0	0	0	1
LT934125.1	19230	-	0	0	0	0	1	0
LT934125.1	19231	-	1	0	0	0	1	0
LT934125.1	19232	-	0	0	0	0	1	0
LT934125.1	19238	-	1	0	0	0	0	0
LT934125.1	19244	-	1	0	1	0	0	0
LT934125.1	19250	-	1	0	1	0	1	0
LT934125.1	19251	-	0	0	0	0	2	0
LT934125.1	19257	-	0	0	0	0	1	0
LT934125.1	19258	-	0	0	0	0	0	1
LT934125.1	19259	-	0	0	0	0	1	0
LT934125.1	19260	-	1	0	0	0	3	0
LT934125.1	19261	-	0	0	1	0	0	1
LT934125.1	19262	-	0	0	0	0	1	0
LT934125.1	19264	-	0	0	0	0	1	0
LT934125.1	19267	-	0	0	0	0	1	0
LT934125.1	19283	-	0	0	1	0	2	0
LT934125.1	19294	+	2	0	0	0	0	0
LT934125.1	19296	-	0	0	1	0	0	0
LT934125.1	19299	-	0	0	1	0	0	0
LT934125.1	19300	-	0	0	0	0	1	0
LT934125.1	19315	-	0	0	2	0	0	0
LT934125.1	19316	-	0	0	0	0	2	0
LT934125.1	19317	-	0	0	0	1	0	0
LT934125.1	19326	-	1	0	1	0	0	0
LT934125.1	19327	-	1	0	0	0	0	0
LT934125.1	19337	-	1	0	0	0	1	0
LT934125.1	19338	-	0	0	1	0	0	0
LT934125.1	19346	-	1	0	0	0	0	0
LT934125.1	19347	-	0	0	1	0	0	0
LT934125.1	19360	-	0	0	1	0	0	0
LT934125.1	19361	-	0	0	0	0	1	0
LT934125.1	19362	-	1	0	0	0	0	0
LT934125.1	19366	-	0	0	0	0	1	0
LT934125.1	19371	-	0	0	0	0	1	0
LT934125.1	19378	-	0	0	1	0	0	0
LT934125.1	19379	-	0	0	0	0	2	0
LT934125.1	19380	-	0	0	0	0	7	0
LT934125.1	19381	-	0	0	3	1	0	0
LT934125.1	19400	-	1	0	0	0	0	0
LT934125.1	19401	-	0	0	0	0	1	0
LT934125.1	19403	-	0	0	0	0	1	0
LT934125.1	19407	-	0	0	0	0	5	0
LT934125.1	19419	-	0	0	0	0	3	0
LT934125.1	19421	-	0	0	1	0	0	0
LT934125.1	19423	-	1	0	8	0	0	0
LT934125.1	19424	-	0	0	0	0	5	0
LT934125.1	19425	-	0	0	1	0	0	0
LT934125.1	19426	-	0	0	0	0	1	0
LT934125.1	19427	-	0	0	0	0	1	0
LT934125.1	19428	-	0	0	0	0	0	1
LT934125.1	19440	-	1	0	0	0	0	0
LT934125.1	19441	-	0	0	0	0	2	0
LT934125.1	19443	-	0	0	0	0	1	0
LT934125.1	19446	-	0	0	1	0	0	0
LT934125.1	19448	-	1	0	0	0	0	0
LT934125.1	19458	-	0	0	0	0	1	1
LT934125.1	19460	-	0	0	0	0	0	1
LT934125.1	19461	-	0	0	0	0	1	0
LT934125.1	19462	-	0	0	0	0	1	0
LT934125.1	19463	-	1	0	0	0	0	0
LT934125.1	19464	-	0	0	0	0	6	0
LT934125.1	19465	-	0	0	0	0	3	0
LT934125.1	19467	-	1	0	3	0	1	0
LT934125.1	19468	-	2	0	14	0	51	0
LT934125.1	19469	-	0	0	0	0	8	1
LT934125.1	19470	-	34	3	126	5	873	30
LT934125.1	19471	-	418	19	6	38	8137	236
LT934125.1	19472	-	0	0	1	0	0	0
LT934125.1	19473	-	229	10	493	25	3866	1
LT934125.1	19474	-	1	0	904	0	4	2
LT934125.1	19476	-	0	0	0	0	0	81
LT934125.1	19478	-	0	0	0	0	2	0
LT934125.1	19479	-	1	0	0	0	0	0
LT934125.1	19480	-	1	0	1	0	0	0
LT934125.1	19481	-	0	0	1	0	0	0
LT934125.1	19485	-	0	0	0	0	0	1
LT934125.1	19488	+	1	0	0	0	0	0
LT934125.1	19492	+	0	0	1	0	0	0
LT934125.1	19497	-	0	0	0	0	1	0
LT934125.1	19499	-	0	0	0	0	4	2
LT934125.1	19502	-	1	0	1	0	2	0
LT934125.1	19504	-	0	0	0	0	1	0
LT934125.1	19511	-	1	0	0	0	0	0
LT934125.1	19514	-	0	0	0	0	1	0
LT934125.1	19521	-	0	0	0	0	1	0
LT934125.1	19524	+	0	0	0	0	2	0
LT934125.1	19524	-	0	0	2	0	1	0
LT934125.1	19525	+	0	0	1	0	1	0
LT934125.1	19530	-	1	0	0	0	0	0
LT934125.1	19562	-	0	0	0	0	0	1
LT934125.1	19566	-	1	0	0	0	0	0
LT934125.1	19569	-	1	0	0	0	0	0
LT934125.1	19588	-	0	0	0	0	1	0
LT934125.1	19592	-	1	0	0	0	0	0
LT934125.1	19600	-	0	0	0	0	1	0
LT934125.1	19620	+	0	0	0	0	1	0
LT934125.1	19624	-	0	0	1	0	0	1
LT934125.1	19635	-	0	0	0	0	1	0
LT934125.1	19639	-	0	0	1	0	0	0
LT934125.1	19642	-	0	0	0	0	1	0
LT934125.1	19644	+	0	0	0	0	1	0
LT934125.1	19657	-	0	0	0	0	1	0
LT934125.1	19666	+	0	0	0	0	1	0
LT934125.1	19674	-	0	0	0	0	1	0
LT934125.1	19678	+	0	0	0	0	1	0
LT934125.1	19698	-	0	0	0	0	1	0
LT934125.1	19705	-	0	0	0	0	2	0
LT934125.1	19764	-	0	0	0	0	2	0
LT934125.1	19767	-	0	0	0	0	2	0
LT934125.1	19814	+	0	0	0	0	1	0
LT934125.1	19918	-	1	0	0	0	1	0
LT934125.1	19920	-	0	0	1	0	0	0
LT934125.1	19930	-	0	0	1	0	0	0
LT934125.1	19984	-	0	0	0	0	2	0
LT934125.1	20066	+	0	0	0	0	1	0
LT934125.1	20132	-	1	0	0	0	0	0
LT934125.1	20155	-	0	0	1	0	0	0
LT934125.1	20352	-	0	0	0	1	0	0
LT934125.1	20378	-	0	0	0	0	1	0
LT934125.1	20379	+	0	0	3	0	0	1
LT934125.1	20380	+	0	0	0	0	0	1
LT934125.1	20382	+	0	0	0	0	0	1
LT934125.1	20383	+	0	0	1	0	0	0
LT934125.1	20404	+	0	0	0	0	0	1
LT934125.1	20475	-	0	0	0	0	1	0
LT934125.1	20526	-	0	0	0	0	0	1
LT934125.1	20570	-	0	0	0	0	1	0
LT934125.1	20729	-	0	0	0	1	0	0
LT934125.1	20782	-	1	0	0	0	0	0
LT934125.1	21013	-	0	0	0	0	1	0
LT934125.1	21040	-	0	0	0	0	1	0
LT934125.1	21043	-	0	1	0	0	0	0
LT934125.1	21066	+	0	0	1	0	0	0
LT934125.1	21095	+	0	0	0	0	1	0
LT934125.1	21095	-	0	0	0	0	1	0
LT934125.1	21120	+	0	0	0	0	1	0
LT934125.1	21143	+	0	0	0	0	1	0
LT934125.1	21148	+	0	0	2	0	2	0
LT934125.1	21176	-	1	0	0	0	0	0
LT934125.1	21233	-	0	0	1	0	1	0
LT934125.1	21235	-	0	0	1	0	0	0
LT934125.1	21240	-	0	0	0	0	1	0
LT934125.1	21320	+	0	0	0	0	0	1
LT934125.1	21322	+	0	0	0	0	1	0
LT934125.1	21348	+	1	0	0	0	0	0
LT934125.1	21359	+	1	0	0	0	0	0
LT934125.1	21388	+	0	0	0	0	1	0
LT934125.1	21398	-	0	0	0	0	1	0
LT934125.1	21424	-	0	0	0	0	1	0
LT934125.1	21434	-	0	0	0	0	1	0
LT934125.1	21450	+	0	0	0	0	1	0
LT934125.1	21471	-	0	0	0	0	5	0
LT934125.1	21472	-	0	0	1	0	0	0
LT934125.1	21473	-	1	0	10	0	26	3
LT934125.1	21475	-	0	0	0	1	3	0
LT934125.1	21477	-	1	0	0	0	2	1
LT934125.1	21480	-	0	0	0	0	1	0
LT934125.1	21491	+	1	0	0	0	0	0
LT934125.1	21500	-	0	0	0	0	1	0
LT934125.1	21515	-	0	0	0	0	1	0
LT934125.1	21526	+	0	0	0	0	1	0
LT934125.1	21533	-	0	0	0	0	0	1
LT934125.1	21541	-	0	0	0	0	1	0
LT934125.1	21573	-	0	0	1	0	0	0
LT934125.1	21577	-	0	0	0	0	1	0
LT934125.1	21593	+	0	0	1	0	0	0
LT934125.1	21624	+	0	0	0	0	1	0
LT934125.1	21632	+	0	0	1	0	0	0
LT934125.1	21634	-	1	0	0	0	1	0
LT934125.1	21635	-	2	1	0	0	0	0
LT934125.1	21639	+	0	0	0	1	0	0
LT934125.1	21641	-	0	0	0	0	1	0
LT934125.1	21673	-	0	0	2	0	0	1
LT934125.1	21679	-	0	0	0	0	0	1
LT934125.1	21710	-	0	0	0	0	1	0
LT934125.1	21724	-	0	0	0	0	1	0
LT934125.1	21731	+	0	0	1	0	0	0
LT934125.1	21744	-	0	0	0	0	1	0
LT934125.1	21747	-	1	0	0	0	0	0
LT934125.1	21748	-	1	0	1	0	0	0
LT934125.1	21750	-	0	0	0	0	0	1
LT934125.1	21763	-	1	0	0	0	0	0
LT934125.1	21767	-	1	0	0	0	0	0
LT934125.1	21778	-	1	0	0	0	0	0
LT934125.1	21786	-	0	0	1	0	0	0
LT934125.1	21789	-	0	0	1	0	0	0
LT934125.1	21801	-	0	0	0	1	0	0
LT934125.1	21806	+	0	0	0	0	1	0
LT934125.1	21813	-	1	0	2	0	0	0
LT934125.1	21814	-	0	0	0	0	1	0
LT934125.1	21850	-	1	0	0	0	0	0
LT934125.1	21871	+	0	0	0	0	1	0
LT934125.1	21914	-	0	0	1	0	0	0
LT934125.1	21922	-	0	0	0	0	0	1
LT934125.1	21934	-	1	0	0	0	0	0
LT934125.1	21938	-	0	0	1	0	0	0
LT934125.1	21939	-	3	0	0	0	12	3
LT934125.1	21941	-	8	0	13	0	46	0
LT934125.1	21942	-	0	0	9	0	0	0
LT934125.1	21944	-	1	0	1	0	8	0
LT934125.1	21947	-	0	0	1	1	9	0
LT934125.1	21964	-	0	0	0	0	1	0
LT934125.1	21967	-	1	0	1	0	0	1
LT934125.1	21971	-	0	0	0	1	0	0
LT934125.1	21983	-	0	0	1	0	0	0
LT934125.1	21998	+	0	0	1	0	0	0
LT934125.1	22004	-	1	0	0	0	0	0
LT934125.1	22009	-	0	0	0	0	0	1
LT934125.1	22011	-	0	0	0	0	1	0
LT934125.1	22033	-	0	0	1	0	0	0
LT934125.1	22038	-	0	0	0	0	0	1
LT934125.1	22039	-	0	0	0	0	1	0
LT934125.1	22058	-	0	0	0	0	1	0
LT934125.1	22070	-	0	0	0	0	1	0
LT934125.1	22087	-	0	0	1	0	0	0
LT934125.1	22088	-	0	0	1	0	0	0
LT934125.1	22090	+	0	0	0	0	1	0
LT934125.1	22108	-	0	0	1	0	0	0
LT934125.1	22119	-	0	0	0	0	0	1
LT934125.1	22126	-	0	0	1	0	0	0
LT934125.1	22133	-	1	0	1	0	0	0
LT934125.1	22146	-	0	0	0	0	2	0
LT934125.1	22149	-	0	0	0	0	1	0
LT934125.1	22153	-	0	0	1	0	0	0
LT934125.1	22181	+	0	0	0	0	1	0
LT934125.1	22181	-	0	0	0	0	1	0
LT934125.1	22182	-	2	0	0	0	2	1
LT934125.1	22188	-	0	0	0	0	0	1
LT934125.1	22190	-	0	0	0	0	1	0
LT934125.1	22199	-	0	0	0	0	1	0
LT934125.1	22221	-	0	0	0	0	1	0
LT934125.1	22223	+	0	0	0	0	1	0
LT934125.1	22233	-	0	0	0	0	1	0
LT934125.1	22254	-	0	0	2	0	0	0
LT934125.1	22258	-	1	0	0	0	0	0
LT934125.1	22259	-	0	0	0	0	1	0
LT934125.1	22315	-	0	0	1	0	0	0
LT934125.1	22319	-	0	0	0	0	1	0
LT934125.1	22337	-	0	0	0	0	0	1
LT934125.1	22348	-	0	0	1	0	0	0
LT934125.1	22366	-	0	0	0	0	1	0
LT934125.1	22376	-	0	0	1	0	0	0
LT934125.1	22377	-	1	0	0	0	9	0
LT934125.1	22379	-	0	0	1	0	14	0
LT934125.1	22402	-	0	0	1	0	0	0
LT934125.1	22413	-	0	0	0	0	2	0
LT934125.1	22417	-	0	0	0	0	1	0
LT934125.1	22431	-	0	0	2	0	0	0
LT934125.1	22457	-	0	0	1	0	0	0
LT934125.1	22458	-	0	0	2	0	0	0
LT934125.1	22459	-	0	0	0	0	3	0
LT934125.1	22460	-	0	0	0	0	1	1
LT934125.1	22461	-	0	0	0	0	5	0
LT934125.1	22464	-	0	0	1	0	0	0
LT934125.1	22466	-	1	0	0	0	0	0
LT934125.1	22469	-	0	0	0	0	1	0
LT934125.1	22477	-	0	0	0	0	1	0
LT934125.1	22537	-	1	0	0	0	0	0
LT934125.1	22558	-	0	0	0	0	0	1
LT934125.1	22591	+	0	0	0	0	1	0
LT934125.1	22601	-	1	0	0	0	0	0
LT934125.1	22614	-	0	0	0	0	0	1
LT934125.1	22629	-	0	1	3	0	2	0
LT934125.1	22633	-	1	0	0	0	0	0
LT934125.1	22648	-	0	0	0	0	0	1
LT934125.1	22664	-	0	0	1	0	0	0
LT934125.1	22694	-	1	0	0	0	0	0
LT934125.1	22712	-	0	0	1	0	0	0
LT934125.1	22714	-	0	0	0	0	0	1
LT934125.1	22717	-	1	0	0	0	0	0
LT934125.1	22738	-	1	0	0	0	0	0
LT934125.1	22760	-	0	0	0	0	1	0
LT934125.1	22775	-	0	0	1	0	0	1
LT934125.1	22786	-	1	0	0	0	0	0
LT934125.1	22789	-	0	0	0	0	1	0
LT934125.1	22794	-	0	0	0	0	1	0
LT934125.1	22807	-	0	0	0	0	0	2
LT934125.1	22808	-	0	0	1	0	0	0
LT934125.1	22830	+	0	0	0	1	0	0
LT934125.1	22840	-	0	0	0	0	2	0
LT934125.1	22875	-	1	0	0	0	0	0
LT934125.1	22889	-	0	0	0	0	0	1
LT934125.1	22900	-	0	0	0	0	1	0
LT934125.1	22924	-	1	0	0	0	0	0
LT934125.1	22925	-	0	0	0	0	2	0
LT934125.1	22934	-	0	0	0	0	1	0
LT934125.1	22965	-	0	0	0	0	3	3
LT934125.1	22966	-	0	0	0	0	0	2
LT934125.1	22967	-	0	0	0	0	1	0
LT934125.1	22987	-	0	0	0	0	1	0
LT934125.1	23013	-	0	0	1	0	0	0
LT934125.1	23018	+	0	0	0	0	1	0
LT934125.1	23032	-	0	0	1	0	0	0
LT934125.1	23093	-	1	0	0	0	1	0
LT934125.1	23094	-	0	0	0	0	2	0
LT934125.1	23095	-	0	0	0	1	0	0
LT934125.1	23099	-	1	0	0	0	0	0
LT934125.1	23109	-	0	0	1	0	0	0
LT934125.1	23111	-	0	0	1	0	0	0
LT934125.1	23145	+	0	0	1	0	0	0
LT934125.1	23148	-	0	0	2	0	0	0
LT934125.1	23160	-	0	0	0	0	1	0
LT934125.1	23169	+	0	0	3	0	0	0
LT934125.1	23175	-	0	0	0	0	1	0
LT934125.1	23179	-	0	0	1	0	1	0
LT934125.1	23180	+	0	0	0	0	1	0
LT934125.1	23213	+	0	0	0	0	1	0
LT934125.1	23244	-	0	0	0	0	1	0
LT934125.1	23257	-	1	0	0	0	0	0
LT934125.1	23259	+	0	0	0	0	1	0
LT934125.1	23330	+	0	0	0	0	1	0
LT934125.1	23348	-	0	0	0	0	1	0
LT934125.1	23379	-	0	0	0	0	1	0
LT934125.1	23381	-	0	0	0	1	0	0
LT934125.1	23413	-	0	0	0	0	1	0
LT934125.1	23446	-	0	0	0	1	0	0
LT934125.1	23461	-	0	0	0	0	1	0
LT934125.1	23496	+	0	0	1	0	0	0
LT934125.1	23505	-	0	0	1	0	0	0
LT934125.1	23550	-	0	0	1	0	0	0
LT934125.1	23559	-	1	0	0	0	0	0
LT934125.1	23594	-	0	0	0	0	1	0
LT934125.1	23606	-	0	0	0	0	0	1
LT934125.1	23623	-	0	0	0	0	1	0
LT934125.1	23704	+	0	0	1	0	0	0
LT934125.1	23715	+	0	0	1	0	0	0
LT934125.1	23716	+	0	0	0	0	1	0
LT934125.1	23718	+	0	0	0	0	1	0
LT934125.1	23722	+	1	0	1	0	5	0
LT934125.1	23723	+	1	0	1	0	0	0
LT934125.1	23726	+	0	0	0	0	1	0
LT934125.1	23761	-	0	0	1	0	0	0
LT934125.1	23811	-	0	0	1	0	0	1
LT934125.1	23820	-	0	0	0	0	1	0
LT934125.1	23867	+	0	0	0	0	1	0
LT934125.1	23941	+	0	0	0	0	1	0
LT934125.1	23968	-	0	0	0	0	0	1
LT934125.1	23975	-	2	0	0	0	0	0
LT934125.1	23980	-	0	0	0	0	1	0
LT934125.1	24007	-	0	0	2	0	0	2
LT934125.1	24073	-	0	0	0	0	1	0
LT934125.1	24094	-	0	0	0	0	1	0
LT934125.1	24097	+	0	0	1	0	1	0
LT934125.1	24146	-	1	0	0	0	0	0
LT934125.1	24155	-	0	0	0	0	1	0
LT934125.1	24170	-	0	0	0	0	1	0
LT934125.1	24376	-	1	0	0	0	0	0
LT934125.1	24379	-	0	0	0	0	1	0
LT934125.1	24381	-	1	0	0	0	1	0
LT934125.1	24425	-	0	0	0	0	1	0
LT934125.1	24434	+	1	0	0	0	0	0
LT934125.1	24434	-	0	0	0	1	0	0
LT934125.1	24437	+	0	0	0	0	3	0
LT934125.1	24473	-	0	0	1	0	0	1
LT934125.1	24511	+	0	0	0	0	1	0
LT934125.1	24524	+	0	0	0	0	1	0
LT934125.1	24525	-	1	0	1	0	1	2
LT934125.1	24532	-	0	0	0	0	0	1
LT934125.1	24546	+	0	0	1	0	0	0
LT934125.1	24565	-	0	0	0	0	0	1
LT934125.1	24580	-	0	0	0	0	1	0
LT934125.1	24597	+	0	0	0	0	1	0
LT934125.1	24598	-	0	0	0	0	0	1
LT934125.1	24599	-	0	0	0	0	0	1
LT934125.1	24600	-	0	0	0	0	1	0
LT934125.1	24605	+	0	0	1	0	0	0
LT934125.1	24640	+	0	0	0	0	1	0
LT934125.1	24663	-	0	0	0	1	0	0
LT934125.1	24671	-	0	0	0	0	1	0
LT934125.1	24674	-	1	0	0	0	0	0
LT934125.1	24678	-	0	0	0	0	1	0
LT934125.1	24700	-	0	0	1	0	0	0
LT934125.1	24703	-	2	0	0	0	0	0
LT934125.1	24704	-	0	0	1	0	0	1
LT934125.1	24728	-	0	0	0	0	1	0
LT934125.1	24729	-	0	0	0	0	0	1
LT934125.1	24730	-	0	0	0	0	0	1
LT934125.1	24771	+	0	0	1	0	0	0
LT934125.1	24785	-	0	0	2	0	0	1
LT934125.1	24788	-	0	0	0	0	6	0
LT934125.1	24799	-	1	0	0	0	0	0
LT934125.1	24805	-	1	0	2	0	0	0
LT934125.1	24806	+	0	0	0	0	1	0
LT934125.1	24807	-	0	0	1	0	0	1
LT934125.1	24808	-	0	0	1	0	0	0
LT934125.1	24818	-	1	0	0	0	0	0
LT934125.1	24821	+	0	0	0	0	0	1
LT934125.1	24839	+	0	0	0	0	1	0
LT934125.1	24841	+	0	0	0	0	1	0
LT934125.1	24842	-	0	0	1	0	0	0
LT934125.1	24843	+	0	0	0	0	0	1
LT934125.1	24848	-	1	0	0	0	0	0
LT934125.1	24861	-	0	0	0	0	0	1
LT934125.1	24865	-	1	0	0	0	0	1
LT934125.1	24866	-	0	0	0	0	1	0
LT934125.1	24877	-	0	0	0	0	1	0
LT934125.1	24888	-	0	0	0	0	0	1
LT934125.1	24890	-	0	0	2	0	0	4
LT934125.1	24891	-	0	0	0	0	1	0
LT934125.1	24914	-	0	0	1	0	0	0
LT934125.1	24921	-	0	0	0	0	1	0
LT934125.1	24945	+	0	0	0	0	2	0
LT934125.1	24947	-	1	0	0	0	0	0
LT934125.1	24963	-	0	0	0	0	1	0
LT934125.1	25038	-	0	0	0	0	2	0
LT934125.1	25041	-	0	0	0	0	0	2
LT934125.1	25047	+	1	0	0	0	0	0
LT934125.1	25055	+	0	0	0	0	1	0
LT934125.1	25067	+	1	0	0	0	0	0
LT934125.1	25107	+	1	0	0	0	0	0
LT934125.1	25114	-	0	0	0	0	1	0
LT934125.1	25116	+	0	0	0	0	1	0
LT934125.1	25116	-	0	0	0	0	1	0
LT934125.1	25121	-	0	0	0	0	0	1
LT934125.1	25147	+	0	0	1	0	0	0
LT934125.1	25161	+	0	0	0	0	1	0
LT934125.1	25166	+	1	0	0	0	0	0
LT934125.1	25167	+	0	0	0	0	1	0
LT934125.1	25169	-	0	0	0	0	1	0
LT934125.1	25170	-	0	0	0	0	1	1
LT934125.1	25185	-	0	0	1	0	0	0
LT934125.1	25188	+	0	0	0	0	1	0
LT934125.1	25192	-	0	0	0	0	1	0
LT934125.1	25194	-	0	0	2	0	3	0
LT934125.1	25196	-	0	0	1	0	0	0
LT934125.1	25201	-	0	0	1	0	0	0
LT934125.1	25214	-	0	0	0	1	0	0
LT934125.1	25217	-	1	0	0	0	0	0
LT934125.1	25229	-	0	0	4	1	6	1
LT934125.1	25230	-	0	0	1	0	0	0
LT934125.1	25231	-	1	0	0	0	3	2
LT934125.1	25232	-	19	0	39	6	0	12
LT934125.1	25233	-	1	0	5	2	7	3
LT934125.1	25234	-	0	0	1	0	5	3
LT934125.1	25235	-	0	0	0	0	39	0
LT934125.1	25236	-	0	0	1	0	0	0
LT934125.1	25237	-	0	0	0	1	0	0
LT934125.1	25246	-	0	0	3	1	1	0
LT934125.1	25251	-	0	0	0	0	1	0
LT934125.1	25257	-	0	0	0	0	0	1
LT934125.1	25265	-	0	0	1	0	0	0
LT934125.1	25267	-	0	0	1	0	0	0
LT934125.1	25269	-	0	0	0	0	1	0
LT934125.1	25271	-	0	0	0	0	1	0
LT934125.1	25273	-	0	0	1	0	2	0
LT934125.1	25285	+	0	0	0	0	1	0
LT934125.1	25285	-	0	0	1	0	0	0
LT934125.1	25295	-	1	0	0	0	0	0
LT934125.1	25301	-	0	0	0	0	0	1
LT934125.1	25307	-	0	0	0	0	1	0
LT934125.1	25308	-	0	0	0	0	1	0
LT934125.1	25310	-	1	0	1	0	2	5
LT934125.1	25311	-	0	0	0	0	1	0
LT934125.1	25312	-	2	0	2	0	2	1
LT934125.1	25313	-	72	11	161	20	266	334
LT934125.1	25314	-	0	0	1	1	3	3
LT934125.1	25315	-	2	0	11	0	8	14
LT934125.1	25316	-	0	0	3	0	1	3
LT934125.1	25318	-	4	0	0	0	0	0
LT934125.1	25320	-	0	0	1	0	0	0
LT934125.1	25346	-	0	0	1	0	0	0
LT934125.1	25354	-	0	0	1	0	0	0
LT934125.1	25357	-	0	0	0	0	1	0
LT934125.1	25366	+	0	0	0	0	1	0
LT934125.1	25366	-	0	0	0	0	1	0
LT934125.1	25367	+	0	0	0	0	1	0
LT934125.1	25369	+	0	0	0	0	4	0
LT934125.1	25418	+	0	0	0	0	6	0
LT934125.1	25419	+	1	0	1	1	0	0
LT934125.1	25420	+	0	0	9	1	7	26
LT934125.1	25422	+	1	0	7	0	8	26
LT934125.1	25424	+	0	0	1	0	0	0
LT934125.1	25441	+	0	0	0	0	1	0
LT934125.1	25451	-	0	0	0	0	1	0
LT934125.1	25466	+	0	0	0	0	1	0
LT934125.1	25507	-	0	0	0	0	1	0
LT934125.1	25508	+	0	0	0	0	2	0
LT934125.1	25531	-	0	0	0	1	0	0
LT934125.1	25534	-	0	0	0	0	1	0
LT934125.1	25535	-	0	0	0	0	1	0
LT934125.1	25555	-	0	0	0	1	0	0
LT934125.1	25568	-	0	0	0	0	1	0
LT934125.1	25571	-	0	0	0	0	1	0
LT934125.1	25576	-	0	0	1	0	3	1
LT934125.1	25590	-	0	0	1	0	0	0
LT934125.1	25593	+	0	0	0	0	0	1
LT934125.1	25602	-	1	0	1	0	1	0
LT934125.1	25604	-	1	0	1	0	4	0
LT934125.1	25605	-	1	0	0	0	0	0
LT934125.1	25616	-	0	0	0	0	2	0
LT934125.1	25629	+	0	0	0	0	1	0
LT934125.1	25638	-	0	0	0	0	1	0
LT934125.1	25639	-	0	0	0	0	13	0
LT934125.1	25640	-	0	0	1	0	0	0
LT934125.1	25680	-	0	0	0	0	1	0
LT934125.1	25728	-	0	0	0	0	1	0
LT934125.1	25742	+	0	0	0	0	1	0
LT934125.1	25750	-	0	0	0	0	1	0
LT934125.1	25770	+	0	0	0	0	1	0
LT934125.1	25776	-	2	0	0	0	0	0
LT934125.1	25786	-	0	0	0	0	1	0
LT934125.1	25796	-	0	0	0	0	1	0
LT934125.1	25827	+	0	0	0	0	0	1
LT934125.1	25838	-	0	0	0	0	1	0
LT934125.1	25843	-	0	1	0	0	0	0
LT934125.1	25845	+	0	0	1	0	0	0
LT934125.1	25887	+	0	0	0	0	0	1
LT934125.1	25931	-	0	0	0	0	1	0
LT934125.1	25959	-	0	0	1	0	2	0
LT934125.1	25961	-	0	0	0	0	2	0
LT934125.1	25962	-	0	0	0	0	2	0
LT934125.1	25988	+	0	0	1	0	0	0
LT934125.1	25989	-	0	0	1	0	0	0
LT934125.1	25990	+	0	0	0	0	2	1
LT934125.1	25993	-	0	0	0	0	1	0
LT934125.1	26034	+	0	0	0	0	0	1
LT934125.1	26069	-	0	0	1	0	0	0
LT934125.1	26080	-	0	0	0	0	1	0
LT934125.1	26103	+	0	0	0	0	1	0
LT934125.1	26117	-	5	0	0	0	0	0
LT934125.1	26136	-	0	0	1	0	0	0
LT934125.1	26152	+	0	0	1	0	0	0
LT934125.1	26153	+	0	0	0	0	2	0
LT934125.1	26158	+	0	0	1	0	0	0
LT934125.1	26159	-	0	0	0	0	1	0
LT934125.1	26173	+	1	0	0	0	0	0
LT934125.1	26235	+	0	0	1	0	0	0
LT934125.1	26237	-	0	0	1	0	2	0
LT934125.1	26286	+	0	0	0	0	1	0
LT934125.1	26310	-	0	0	0	0	1	0
LT934125.1	26311	-	0	0	1	0	0	0
LT934125.1	26357	+	0	0	0	0	1	0
LT934125.1	26364	+	0	0	0	1	0	0
LT934125.1	26373	+	0	0	0	0	0	1
LT934125.1	26380	+	0	0	1	0	0	0
LT934125.1	26387	+	1	0	0	0	0	0
LT934125.1	26422	-	0	0	0	0	1	0
LT934125.1	26432	-	0	0	1	0	0	0
LT934125.1	26435	+	0	0	1	0	0	0
LT934125.1	26472	-	0	0	0	0	1	0
LT934125.1	26506	-	0	0	2	0	0	0
LT934125.1	26507	-	0	0	0	0	1	0
LT934125.1	26516	-	1	0	0	0	1	0
LT934125.1	26527	+	0	0	1	0	0	0
LT934125.1	26534	-	1	0	0	0	0	0
LT934125.1	26538	-	1	0	0	0	0	0
LT934125.1	26556	+	0	0	1	2	0	0
LT934125.1	26559	+	0	0	1	0	0	0
LT934125.1	26577	-	0	0	0	0	1	0
LT934125.1	26584	-	0	0	1	0	0	0
LT934125.1	26633	-	0	0	1	0	0	0
LT934125.1	26649	-	0	0	1	0	0	0
LT934125.1	26662	+	0	0	0	0	1	0
LT934125.1	26672	-	1	0	0	0	0	0
LT934125.1	26702	+	0	0	1	0	0	0
LT934125.1	26711	-	0	0	0	0	1	0
LT934125.1	26729	+	1	0	0	0	0	0
LT934125.1	26735	+	1	0	0	0	0	0
LT934125.1	26744	-	1	0	0	0	0	0
LT934125.1	26756	-	0	0	1	0	0	1
LT934125.1	26757	-	0	0	0	0	1	0
LT934125.1	26761	-	1	0	0	0	0	0
LT934125.1	26763	+	1	0	0	0	0	0
LT934125.1	26792	-	0	0	1	0	0	0
LT934125.1	26813	-	0	0	0	0	1	0
LT934125.1	26827	-	0	0	0	0	1	0
LT934125.1	26831	+	0	0	0	0	2	0
LT934125.1	26864	-	0	0	1	0	0	0
LT934125.1	26865	-	0	0	1	0	1	0
LT934125.1	26867	-	0	0	1	0	0	0
LT934125.1	26873	-	1	0	1	0	1	0
LT934125.1	26874	-	1	0	0	0	1	0
LT934125.1	26878	-	1	0	1	0	3	0
LT934125.1	26900	-	1	0	0	0	0	0
LT934125.1	26904	+	1	0	0	0	0	0
LT934125.1	26910	-	0	0	0	0	1	0
LT934125.1	26914	-	0	0	1	0	0	0
LT934125.1	26924	+	0	0	1	0	0	0
LT934125.1	26925	+	0	0	1	0	0	0
LT934125.1	26927	+	2	0	0	0	1	0
LT934125.1	26930	+	0	0	1	0	1	0
LT934125.1	26931	-	0	0	0	0	2	0
LT934125.1	26975	-	0	0	0	0	1	0
LT934125.1	26984	+	0	0	0	1	0	0
LT934125.1	26985	-	1	0	0	0	0	0
LT934125.1	27004	+	0	0	0	0	1	0
LT934125.1	27008	+	1	0	0	0	0	0
LT934125.1	27041	+	0	0	0	0	0	1
LT934125.1	27096	+	1	0	0	0	0	0
LT934125.1	27104	+	0	0	1	0	0	0
LT934125.1	27139	-	1	0	0	0	0	0
LT934125.1	27146	+	1	0	0	0	0	0
LT934125.1	27156	+	0	0	1	0	0	0
LT934125.1	27159	+	1	0	0	0	0	0
LT934125.1	27161	-	1	0	0	0	0	0
LT934125.1	27177	+	2	0	0	0	0	0
LT934125.1	27186	-	0	0	0	0	1	0
LT934125.1	27194	+	0	0	0	0	0	1
LT934125.1	27196	+	0	0	0	0	2	0
LT934125.1	27201	+	0	0	0	0	1	0
LT934125.1	27206	+	0	0	0	0	1	0
LT934125.1	27240	+	0	0	0	0	1	0
LT934125.1	27248	-	1	0	0	0	0	0
LT934125.1	27257	-	0	0	0	0	0	1
LT934125.1	27272	+	0	0	0	0	1	0
LT934125.1	27290	-	0	0	1	0	0	0
LT934125.1	27302	+	0	0	0	0	1	0
LT934125.1	27308	+	0	0	0	0	1	0
LT934125.1	27309	+	0	0	0	0	1	0
LT934125.1	27311	+	0	0	0	1	0	0
LT934125.1	27363	-	0	0	0	0	1	0
LT934125.1	27384	+	0	0	1	0	0	0
LT934125.1	27392	-	0	0	1	0	0	0
LT934125.1	27393	+	0	0	0	0	1	0
LT934125.1	27414	-	0	0	0	0	1	0
LT934125.1	27420	-	1	0	0	0	0	0
LT934125.1	27510	+	0	0	1	0	0	0
LT934125.1	27519	+	1	0	0	0	0	0
LT934125.1	27524	+	1	0	0	0	0	0
LT934125.1	27535	+	0	0	0	0	1	0
LT934125.1	27546	+	0	0	0	0	1	0
LT934125.1	27550	+	1	0	0	0	0	0
LT934125.1	27556	-	0	0	0	0	1	0
LT934125.1	27593	-	0	0	0	0	1	0
LT934125.1	27600	+	0	0	0	0	1	0
LT934125.1	27612	+	0	0	1	0	0	1
LT934125.1	27615	-	0	0	0	0	1	0
LT934125.1	27617	-	0	0	1	0	0	0
LT934125.1	27622	+	1	0	0	0	0	0
LT934125.1	27628	+	0	0	1	0	0	0
LT934125.1	27639	+	0	0	0	0	0	1
LT934125.1	27656	-	0	0	0	0	1	0
LT934125.1	27680	-	1	0	0	0	0	0
LT934125.1	27759	-	1	0	1	0	1	0
LT934125.1	27761	-	0	1	18	0	20	3
LT934125.1	27762	-	0	0	0	1	0	0
LT934125.1	27763	-	0	0	0	0	1	0
LT934125.1	27764	-	9	0	0	0	0	0
LT934125.1	27765	-	0	0	1	0	0	0
LT934125.1	27767	-	0	0	0	0	2	0
LT934125.1	27773	-	0	0	0	0	1	0
LT934125.1	27774	-	0	0	4	0	2	0
LT934125.1	27775	-	0	0	0	0	1	0
LT934125.1	27777	-	0	0	0	0	1	0
LT934125.1	27788	-	1	0	0	0	0	0
LT934125.1	27801	-	0	0	0	0	1	0
LT934125.1	27809	-	0	0	0	0	3	0
LT934125.1	27812	-	0	0	2	0	0	0
LT934125.1	27825	+	1	0	0	0	1	1
LT934125.1	27828	+	0	0	0	0	0	1
LT934125.1	27833	+	0	0	0	0	1	0
LT934125.1	27842	-	0	0	0	0	0	1
LT934125.1	27846	+	0	0	0	0	6	0
LT934125.1	27849	+	0	0	0	0	1	0
LT934125.1	27861	+	0	0	2	0	0	0
LT934125.1	27863	+	0	0	1	0	1	0
LT934125.1	27867	+	0	0	0	0	1	0
LT934125.1	27879	+	0	0	1	0	0	0
LT934125.1	27893	+	0	0	0	0	1	0
LT934125.1	27898	-	0	0	0	0	1	0
LT934125.1	27901	-	0	0	1	0	0	0
LT934125.1	27902	+	0	0	0	0	2	0
LT934125.1	27905	+	0	0	0	0	3	0
LT934125.1	27907	+	0	0	0	0	1	0
LT934125.1	27909	+	0	0	0	0	1	0
LT934125.1	27956	-	0	0	0	0	1	0
LT934125.1	27971	+	0	0	1	0	0	0
LT934125.1	27972	-	1	0	0	0	0	0
LT934125.1	27986	-	0	0	0	0	1	0
LT934125.1	27987	-	0	0	0	0	1	0
LT934125.1	28006	-	0	0	0	0	1	0
LT934125.1	28074	+	0	0	0	0	0	1
LT934125.1	28088	+	1	0	0	0	0	0
LT934125.1	28088	-	0	0	0	0	1	0
LT934125.1	28106	+	0	0	0	0	1	0
LT934125.1	28127	-	0	0	0	0	1	0
LT934125.1	28129	-	0	0	0	0	1	0
LT934125.1	28135	-	0	0	1	0	0	0
LT934125.1	28143	+	0	0	0	0	1	0
LT934125.1	28152	-	0	0	0	1	3	0
LT934125.1	28154	-	0	0	0	0	0	1
LT934125.1	28163	-	0	0	1	0	0	0
LT934125.1	28173	+	0	0	0	1	0	0
LT934125.1	28188	+	0	0	1	0	0	0
LT934125.1	28249	+	0	0	1	0	0	0
LT934125.1	28253	-	0	0	0	0	0	1
LT934125.1	28258	+	1	0	0	0	0	0
LT934125.1	28277	+	0	0	0	0	1	0
LT934125.1	28308	+	0	0	0	0	1	0
LT934125.1	28323	+	1	0	0	0	0	0
LT934125.1	28336	-	0	0	0	0	2	0
LT934125.1	28344	+	0	0	0	0	3	0
LT934125.1	28345	-	0	0	0	0	1	0
LT934125.1	28362	-	1	0	0	0	1	0
LT934125.1	28366	-	0	0	1	0	1	0
LT934125.1	28383	+	0	1	1	0	3	0
LT934125.1	28386	+	0	0	0	0	1	0
LT934125.1	28387	-	0	0	0	0	1	0
LT934125.1	28408	-	1	0	3	0	0	1
LT934125.1	28409	-	1	0	1	0	2	0
LT934125.1	28412	-	0	0	2	0	3	1
LT934125.1	28414	-	1	0	0	0	0	0
LT934125.1	28415	-	0	0	0	0	2	0
LT934125.1	28417	-	0	0	1	0	2	0
LT934125.1	28418	-	0	0	1	0	8	2
LT934125.1	28421	-	0	0	0	0	1	0
LT934125.1	28437	+	0	0	0	0	1	0
LT934125.1	28457	-	0	0	1	0	1	0
LT934125.1	28458	-	0	0	0	0	2	0
LT934125.1	28464	+	0	0	1	0	0	0
LT934125.1	28470	+	1	0	1	0	1	0
LT934125.1	28475	+	1	0	0	0	0	0
LT934125.1	28490	-	0	0	1	0	0	0
LT934125.1	28515	+	0	0	1	0	1	0
LT934125.1	28516	+	2	0	0	0	0	0
LT934125.1	28521	-	1	0	0	0	0	0
LT934125.1	28531	-	0	0	1	0	0	0
LT934125.1	28549	+	1	0	2	0	0	0
LT934125.1	28551	+	0	0	0	0	1	0
LT934125.1	28556	+	0	0	1	0	1	0
LT934125.1	28572	-	0	0	1	0	5	0
LT934125.1	28573	-	0	0	0	0	1	0
LT934125.1	28586	-	1	0	0	0	0	0
LT934125.1	28614	-	0	0	0	0	1	0
LT934125.1	28622	-	0	0	0	0	1	0
LT934125.1	28625	+	0	0	3	0	2	0
LT934125.1	28627	+	0	0	0	0	4	0
LT934125.1	28636	+	0	0	1	0	0	0
LT934125.1	28642	-	1	0	0	0	0	0
LT934125.1	28643	-	0	0	1	0	0	0
LT934125.1	28649	-	0	0	0	0	1	0
LT934125.1	28651	-	0	0	0	0	1	0
LT934125.1	28660	+	0	0	0	0	1	0
LT934125.1	28660	-	0	0	1	0	0	0
LT934125.1	28683	+	0	0	0	0	1	0
LT934125.1	28687	-	0	0	0	0	1	0
LT934125.1	28689	-	1	0	1	0	0	0
LT934125.1	28719	-	4	0	0	0	4	1
LT934125.1	28720	-	0	0	3	0	0	0
LT934125.1	28729	-	0	0	0	0	1	0
LT934125.1	28733	-	0	0	0	0	1	0
LT934125.1	28738	-	0	0	1	0	0	0
LT934125.1	28742	-	2	0	0	0	0	0
LT934125.1	28756	-	0	0	1	0	2	0
LT934125.1	28758	-	0	0	1	0	0	0
LT934125.1	28759	-	1	0	2	0	1	0
LT934125.1	28767	-	0	1	1	0	0	0
LT934125.1	28768	+	0	0	1	0	0	0
LT934125.1	28777	-	0	0	0	0	1	0
LT934125.1	28780	-	0	0	0	0	1	0
LT934125.1	28782	+	0	0	1	0	0	0
LT934125.1	28788	-	0	0	1	0	0	0
LT934125.1	28792	-	0	0	1	0	1	0
LT934125.1	28793	-	0	0	0	0	1	0
LT934125.1	28794	-	1	0	3	0	2	0
LT934125.1	28797	-	1	0	0	0	0	0
LT934125.1	28801	-	0	0	0	0	0	1
LT934125.1	28808	+	0	0	2	0	0	0
LT934125.1	28812	-	3	0	0	0	1	0
LT934125.1	28815	-	1	0	0	0	1	0
LT934125.1	28828	-	0	0	0	0	1	0
LT934125.1	28829	-	1	0	0	0	0	1
LT934125.1	28830	+	0	0	0	0	1	0
LT934125.1	28830	-	0	0	0	0	1	0
LT934125.1	28836	-	1	0	0	0	0	0
LT934125.1	28838	-	1	0	0	0	0	0
LT934125.1	28839	-	0	1	0	0	2	0
LT934125.1	28844	-	1	0	0	0	2	0
LT934125.1	28846	-	1	0	0	0	1	0
LT934125.1	28847	-	1	0	0	0	0	0
LT934125.1	28848	-	0	0	1	0	1	0
LT934125.1	28849	-	0	0	0	0	1	0
LT934125.1	28850	-	0	0	0	0	1	0
LT934125.1	28852	-	0	0	0	0	1	0
LT934125.1	28853	-	1	0	1	1	0	0
LT934125.1	28854	-	0	0	0	0	5	0
LT934125.1	28869	-	0	0	0	0	1	0
LT934125.1	28874	-	1	0	0	0	0	0
LT934125.1	28876	-	1	0	0	0	1	0
LT934125.1	28879	-	0	0	1	0	1	0
LT934125.1	28882	-	1	0	0	0	0	0
LT934125.1	28897	-	1	0	2	0	4	0
LT934125.1	28899	-	2	0	0	0	2	0
LT934125.1	28900	-	0	0	5	0	0	0
LT934125.1	28912	-	0	0	1	0	0	0
LT934125.1	28916	-	0	0	0	0	1	0
LT934125.1	28923	-	1	0	0	0	0	0
LT934125.1	28925	-	10	0	10	0	1	6
LT934125.1	28926	-	0	0	0	0	10	0
LT934125.1	28927	-	0	0	1	0	0	0
LT934125.1	28928	-	0	0	0	0	1	0
LT934125.1	28932	-	3	0	0	0	0	0
LT934125.1	28933	-	0	0	2	0	2	0
LT934125.1	28934	-	0	0	1	0	0	0
LT934125.1	28936	-	0	0	0	0	1	0
LT934125.1	28937	-	0	0	0	0	3	0
LT934125.1	28941	-	0	0	0	0	1	0
LT934125.1	28950	-	2	0	5	0	0	0
LT934125.1	28951	-	0	0	0	0	5	0
LT934125.1	28952	-	1	0	3	0	0	0
LT934125.1	28957	-	1	0	0	0	0	0
LT934125.1	28959	-	0	0	1	0	0	0
LT934125.1	28960	+	0	0	1	0	0	0
LT934125.1	28966	+	0	0	0	0	1	0
LT934125.1	28968	-	1	0	0	0	0	0
LT934125.1	28983	-	0	0	0	0	0	1
LT934125.1	28989	-	0	0	0	0	0	1
LT934125.1	29007	+	0	0	0	0	1	0
LT934125.1	29015	-	3	0	0	0	0	0
LT934125.1	29016	-	0	0	0	0	1	0
LT934125.1	29017	-	0	0	0	0	1	0
LT934125.1	29018	-	0	0	2	0	0	0
LT934125.1	29024	-	4	0	3	1	0	0
LT934125.1	29025	-	0	1	0	0	4	0
LT934125.1	29029	-	0	0	0	0	0	1
LT934125.1	29034	-	1	0	1	0	0	0
LT934125.1	29037	-	2	0	0	0	0	0
LT934125.1	29043	-	1	0	0	0	0	0
LT934125.1	29044	-	1	0	0	0	0	0
LT934125.1	29046	-	0	0	2	0	1	0
LT934125.1	29049	-	0	0	0	0	3	0
LT934125.1	29058	-	15	0	13	0	0	1
LT934125.1	29059	-	0	0	0	0	7	0
LT934125.1	29060	-	0	0	1	0	3	0
LT934125.1	29066	-	3	0	0	0	1	0
LT934125.1	29067	-	1	0	0	0	0	0
LT934125.1	29075	-	0	0	1	0	0	0
LT934125.1	29076	-	0	0	1	0	0	0
LT934125.1	29078	-	2	0	0	0	4	0
LT934125.1	29079	-	0	0	3	0	0	0
LT934125.1	29082	-	0	0	1	0	0	0
LT934125.1	29084	-	13	1	0	0	5	1
LT934125.1	29085	-	1	0	2	0	2	0
LT934125.1	29086	-	0	0	3	0	0	0
LT934125.1	29096	+	0	0	0	2	0	0
LT934125.1	29098	+	0	0	0	1	0	0
LT934125.1	29100	+	1	0	1	0	0	0
LT934125.1	29107	-	0	0	0	0	0	1
LT934125.1	29108	-	0	0	0	0	2	0
LT934125.1	29113	-	1	0	0	0	0	0
LT934125.1	29114	-	1	0	0	0	4	0
LT934125.1	29115	-	0	0	0	0	1	0
LT934125.1	29116	-	0	0	1	0	0	0
LT934125.1	29120	-	1	0	0	0	1	0
LT934125.1	29137	-	1	0	1	0	0	0
LT934125.1	29138	-	0	0	0	0	1	0
LT934125.1	29142	-	3	0	0	0	0	0
LT934125.1	29144	-	0	0	0	0	1	0
LT934125.1	29149	-	0	0	1	0	0	0
LT934125.1	29157	-	0	0	1	0	0	0
LT934125.1	29161	-	0	0	2	0	0	0
LT934125.1	29166	-	0	0	0	0	1	0
LT934125.1	29170	-	1	0	0	0	0	0
LT934125.1	29174	-	0	0	0	0	1	0
LT934125.1	29177	-	1	0	1	0	0	0
LT934125.1	29181	+	0	0	0	0	1	0
LT934125.1	29184	+	1	0	0	0	0	0
LT934125.1	29190	-	3	0	0	0	3	0
LT934125.1	29191	-	0	0	2	0	1	0
LT934125.1	29194	+	0	0	1	0	0	0
LT934125.1	29198	+	0	0	1	0	1	0
LT934125.1	29211	-	1	0	0	0	0	0
LT934125.1	29218	+	0	0	1	0	0	0
LT934125.1	29225	-	0	0	1	0	0	0
LT934125.1	29230	-	0	0	1	0	0	0
LT934125.1	29245	-	0	0	0	0	1	0
LT934125.1	29250	-	0	0	0	0	0	1
LT934125.1	29254	-	0	0	0	0	0	1
LT934125.1	29267	-	0	0	1	0	0	0
LT934125.1	29268	-	0	0	0	0	2	0
LT934125.1	29272	-	1	0	0	0	0	0
LT934125.1	29274	-	1	0	0	0	0	0
LT934125.1	29283	-	1	0	0	0	0	0
LT934125.1	29285	-	0	0	1	0	0	0
LT934125.1	29286	-	2	0	2	0	5	1
LT934125.1	29288	-	2	0	0	1	5	1
LT934125.1	29289	-	0	0	0	0	1	0
LT934125.1	29291	-	0	0	4	0	0	0
LT934125.1	29300	-	9	0	6	1	0	3
LT934125.1	29301	-	0	0	0	0	7	0
LT934125.1	29307	+	1	0	1	0	0	0
LT934125.1	29307	-	0	0	0	0	1	0
LT934125.1	29310	-	0	0	0	0	1	0
LT934125.1	29311	+	2	0	1	1	1	0
LT934125.1	29316	-	0	0	1	0	0	0
LT934125.1	29320	-	0	0	0	0	1	0
LT934125.1	29331	-	1	0	0	0	0	0
LT934125.1	29338	+	2	0	1	0	2	0
LT934125.1	29344	-	0	0	1	0	0	0
LT934125.1	29348	-	0	0	0	0	1	0
LT934125.1	29355	-	1	0	0	0	0	0
LT934125.1	29356	-	0	0	2	0	0	0
LT934125.1	29358	-	0	0	0	0	4	0
LT934125.1	29361	-	4	0	3	1	0	1
LT934125.1	29362	-	0	0	0	0	8	0
LT934125.1	29369	-	0	0	0	0	1	0
LT934125.1	29378	-	0	0	1	0	0	0
LT934125.1	29385	-	0	0	1	0	0	0
LT934125.1	29395	+	0	0	0	0	2	0
LT934125.1	29398	-	1	0	0	0	0	0
LT934125.1	29401	-	0	0	1	0	0	0
LT934125.1	29404	-	1	0	0	0	2	0
LT934125.1	29405	-	1	0	1	0	0	0
LT934125.1	29406	-	1	0	1	0	0	0
LT934125.1	29407	+	0	0	1	0	0	0
LT934125.1	29407	-	167	7	251	16	4	21
LT934125.1	29408	-	7	0	18	2	56	5
LT934125.1	29409	+	0	0	1	0	0	0
LT934125.1	29409	-	35	1	121	8	179	20
LT934125.1	29410	+	1	0	0	0	0	0
LT934125.1	29410	-	0	0	1	0	278	1
LT934125.1	29411	-	63	3	203	20	591	38
LT934125.1	29412	-	150	2	265	0	1043	60
LT934125.1	29413	-	1	0	1	0	2	0
LT934125.1	29414	-	68	2	313	5	320	52
LT934125.1	29415	-	0	3	0	16	0	0
LT934125.1	29416	-	0	0	0	0	678	0
LT934125.1	29417	-	122	0	2	2	0	0
LT934125.1	29420	+	0	0	0	0	1	0
LT934125.1	29420	-	0	0	0	0	4	0
LT934125.1	29464	+	0	0	0	0	4	0
LT934125.1	29465	+	1	0	0	0	6	0
LT934125.1	29466	+	0	0	0	0	1	0
LT934125.1	29468	-	0	0	0	0	1	0
LT934125.1	29478	-	0	0	0	0	2	0
LT934125.1	29481	-	0	0	0	0	0	1
LT934125.1	29497	-	1	0	0	0	0	0
LT934125.1	29505	-	0	0	1	0	0	0
LT934125.1	29507	-	0	0	1	0	2	0
LT934125.1	29512	-	1	0	0	0	0	0
LT934125.1	29515	-	0	0	0	0	1	0
LT934125.1	29524	-	1	0	0	0	0	0
LT934125.1	29528	+	0	0	0	0	1	0
LT934125.1	29560	+	0	0	0	0	1	0
LT934125.1	29579	-	0	0	0	0	1	0
LT934125.1	29612	-	0	0	1	0	0	0
LT934125.1	29630	-	0	0	0	0	1	0
LT934125.1	29633	-	0	0	1	0	0	0
LT934125.1	29647	-	0	0	0	0	1	0
LT934125.1	29661	-	0	0	0	0	1	0
LT934125.1	29664	-	0	0	0	0	0	1
LT934125.1	29684	+	0	0	1	0	1	0
LT934125.1	29687	+	0	0	0	0	2	0
LT934125.1	29697	-	0	0	0	0	1	0
LT934125.1	29699	+	0	0	0	0	1	0
LT934125.1	29711	+	0	0	0	0	2	0
LT934125.1	29715	-	0	0	1	0	0	0
LT934125.1	29727	-	1	0	0	0	0	0
LT934125.1	29740	+	0	0	0	0	1	0
LT934125.1	29750	-	0	0	0	0	1	0
LT934125.1	29752	+	0	0	0	0	1	0
LT934125.1	29754	-	0	0	0	0	1	0
LT934125.1	29768	-	1	0	0	0	0	0
LT934125.1	29788	+	0	0	1	0	0	0
LT934125.1	29791	-	2	0	0	0	0	0
LT934125.1	29796	-	0	0	0	0	1	0
LT934125.1	29815	-	0	0	0	0	1	0
LT934125.1	29825	-	0	0	0	0	1	0
LT934125.1	29857	-	0	0	0	0	0	1
LT934125.1	29858	-	0	0	0	0	2	0
LT934125.1	29864	-	0	0	1	0	0	0
LT934125.1	29875	-	0	0	0	0	1	0
LT934125.1	29905	-	0	0	0	0	1	0
LT934125.1	29906	+	0	1	0	0	0	0
LT934125.1	29910	-	0	0	0	0	1	0
LT934125.1	29911	-	0	0	0	0	2	0
LT934125.1	29912	-	0	0	1	0	0	0
LT934125.1	29922	+	0	0	0	0	1	0
LT934125.1	29957	-	0	0	0	0	1	0
LT934125.1	29965	-	0	0	1	0	0	0
LT934125.1	29973	-	0	0	0	0	0	1
LT934125.1	29998	-	0	0	1	0	0	0
LT934125.1	30042	-	0	0	0	0	1	0
LT934125.1	30052	-	1	0	0	0	0	0
LT934125.1	30065	-	0	0	0	0	2	0
LT934125.1	30066	-	1	0	0	0	2	0
LT934125.1	30073	-	0	0	0	0	1	0
LT934125.1	30110	-	0	0	1	0	0	0
LT934125.1	30115	-	0	0	0	0	1	0
LT934125.1	30126	+	0	0	0	0	2	0
LT934125.1	30139	-	0	0	0	0	1	0
LT934125.1	30172	-	1	0	0	0	0	0
LT934125.1	30208	-	0	0	0	0	1	0
LT934125.1	30215	-	0	0	0	0	1	0
LT934125.1	30218	-	0	0	1	0	0	0
LT934125.1	30233	+	1	0	0	0	0	0
LT934125.1	30234	+	0	0	26	0	0	0
LT934125.1	30235	+	0	0	1	1	2	0
LT934125.1	30236	+	7	0	0	0	82	0
LT934125.1	30238	+	1	0	1	0	2	0
LT934125.1	30239	+	1	0	0	0	13	0
LT934125.1	30239	-	0	0	0	0	1	0
LT934125.1	30240	+	15	0	25	1	41	0
LT934125.1	30241	+	0	0	1	0	0	0
LT934125.1	30241	-	0	0	0	0	2	0
LT934125.1	30243	+	0	0	0	0	1	0
LT934125.1	30245	-	1	0	0	0	0	0
LT934125.1	30249	+	1	0	0	0	0	0
LT934125.1	30255	+	0	0	0	0	1	0
LT934125.1	30256	+	0	0	0	1	0	0
LT934125.1	30269	+	0	0	0	0	1	1
LT934125.1	30272	-	0	0	0	0	1	0
LT934125.1	30275	+	0	0	0	0	0	1
LT934125.1	30299	+	1	0	0	0	0	0
LT934125.1	30320	-	0	0	0	0	1	0
LT934125.1	30327	+	0	0	0	0	1	0
LT934125.1	30355	+	0	0	0	0	1	0
LT934125.1	30391	-	0	0	0	0	1	0
LT934125.1	30404	-	0	0	0	0	1	0
LT934125.1	30409	-	0	0	1	0	0	0
LT934125.1	30416	+	0	0	1	0	0	0
LT934125.1	30431	+	0	0	0	0	1	0
LT934125.1	30439	+	1	0	1	0	0	0
LT934125.1	30450	+	0	0	0	0	2	0
LT934125.1	30461	-	0	0	0	0	1	0
LT934125.1	30465	-	0	0	0	0	1	0
LT934125.1	30470	+	0	0	1	0	0	0
LT934125.1	30475	-	0	0	0	0	1	0
LT934125.1	30511	+	2	0	0	0	0	0
LT934125.1	30532	+	0	0	1	0	0	0
LT934125.1	30537	+	0	0	0	0	1	0
LT934125.1	30538	+	0	0	1	0	0	0
LT934125.1	30542	+	0	0	1	0	0	0
LT934125.1	30543	+	1	0	0	0	0	0
LT934125.1	30565	+	0	0	0	0	1	0
LT934125.1	30574	-	1	0	0	0	0	0
LT934125.1	30575	+	0	0	0	0	1	0
LT934125.1	30578	-	0	0	1	0	1	0
LT934125.1	30593	+	0	0	0	0	3	0
LT934125.1	30594	+	1	0	0	0	0	0
LT934125.1	30604	-	0	0	0	0	0	1
LT934125.1	30621	+	1	0	0	0	0	0
LT934125.1	30623	+	0	0	1	0	0	0
LT934125.1	30629	+	1	0	0	0	1	0
LT934125.1	30647	+	0	0	1	0	0	0
LT934125.1	30652	-	0	0	0	0	2	0
LT934125.1	30666	+	0	0	1	0	0	0
LT934125.1	30669	+	0	0	1	0	0	0
LT934125.1	30673	+	0	0	1	0	0	0
LT934125.1	30674	+	0	0	0	0	3	0
LT934125.1	30682	+	0	0	0	0	2	0
LT934125.1	30686	+	0	0	1	0	1	0
LT934125.1	30693	-	0	0	0	0	1	0
LT934125.1	30701	+	0	0	2	0	0	0
LT934125.1	30702	+	1	0	0	0	0	0
LT934125.1	30704	+	0	0	0	0	1	0
LT934125.1	30707	+	1	0	0	0	0	0
LT934125.1	30710	+	1	0	0	0	0	0
LT934125.1	30711	-	0	2	0	0	0	0
LT934125.1	30715	+	0	0	0	0	0	1
LT934125.1	30738	+	0	0	0	1	0	0
LT934125.1	30756	-	0	1	0	0	0	0
LT934125.1	30777	+	1	0	0	0	0	0
LT934125.1	30813	+	0	0	0	0	1	0
LT934125.1	30818	-	0	0	1	0	0	0
LT934125.1	30819	-	0	0	1	0	0	1
LT934125.1	30822	-	0	0	2	0	0	1
LT934125.1	30823	-	1	0	0	0	0	0
LT934125.1	30829	-	0	0	1	0	0	0
LT934125.1	30838	+	0	0	1	0	0	0
LT934125.1	30842	+	1	0	0	0	0	0
LT934125.1	30843	-	0	0	2	0	0	0
LT934125.1	30844	+	1	0	0	0	1	0
LT934125.1	30848	-	0	0	2	0	0	0
LT934125.1	30854	-	0	0	0	0	0	1
LT934125.1	30873	+	1	0	0	0	0	0
LT934125.1	30876	-	0	0	0	0	2	0
LT934125.1	30877	-	21	1	51	3	78	5
LT934125.1	30878	-	0	0	2	0	6	0
LT934125.1	30879	-	0	0	1	0	1	1
LT934125.1	30881	-	4	0	0	0	5	0
LT934125.1	30882	-	0	0	11	0	2	0
LT934125.1	30885	-	0	0	0	0	2	0
LT934125.1	30925	+	1	0	0	0	0	0
LT934125.1	30929	+	0	0	0	0	2	0
LT934125.1	30932	+	0	0	1	0	1	0
LT934125.1	30935	+	0	0	0	0	1	0
LT934125.1	30949	+	0	0	0	0	0	1
LT934125.1	30952	+	1	0	0	0	0	0
LT934125.1	30961	-	0	0	0	0	1	0
LT934125.1	30971	+	1	0	0	0	0	0
LT934125.1	30987	+	0	1	0	0	0	0
LT934125.1	30988	+	0	0	1	0	0	0
LT934125.1	31011	+	0	0	1	0	0	0
LT934125.1	31022	+	0	0	1	0	0	0
LT934125.1	31039	+	0	0	1	0	0	0
LT934125.1	31039	-	0	0	0	0	2	0
LT934125.1	31041	-	0	0	10	0	14	0
LT934125.1	31042	+	0	0	0	0	1	0
LT934125.1	31043	-	0	0	0	0	9	0
LT934125.1	31044	+	0	0	0	0	2	0
LT934125.1	31064	-	0	0	0	0	1	0
LT934125.1	31065	+	1	0	0	0	0	0
LT934125.1	31082	-	0	0	1	0	0	0
LT934125.1	31089	+	0	0	3	0	0	0
LT934125.1	31090	+	0	1	0	0	0	0
LT934125.1	31093	+	26	0	14	1	32	3
LT934125.1	31094	+	0	0	0	0	1	0
LT934125.1	31095	+	3	0	13	4	20	2
LT934125.1	31096	+	44	3	156	11	219	47
LT934125.1	31097	+	5	1	12	0	51	13
LT934125.1	31098	+	574	15	801	47	747	115
LT934125.1	31099	+	2	0	5	0	2	1
LT934125.1	31100	+	2	0	2	0	4	0
LT934125.1	31101	+	1	0	2	0	1	2
LT934125.1	31103	+	1	0	0	0	2	0
LT934125.1	31104	+	1	0	0	0	0	0
LT934125.1	31110	+	0	0	1	0	0	0
LT934125.1	31112	-	1	0	0	0	0	0
LT934125.1	31128	+	0	0	0	0	1	0
LT934125.1	31130	+	0	0	1	0	0	0
LT934125.1	31138	-	0	0	0	0	1	0
LT934125.1	31146	+	1	0	0	0	0	0
LT934125.1	31147	+	0	0	0	0	5	0
LT934125.1	31148	+	0	1	0	0	0	0
LT934125.1	31149	+	0	0	1	0	0	1
LT934125.1	31150	+	3	0	0	0	1	0
LT934125.1	31151	+	1	0	0	0	8	0
LT934125.1	31157	-	0	0	0	0	1	0
LT934125.1	31158	-	0	0	0	0	1	0
LT934125.1	31165	+	0	0	0	0	3	0
LT934125.1	31167	+	0	0	6	0	0	1
LT934125.1	31178	+	0	0	0	0	1	0
LT934125.1	31181	+	0	0	1	0	0	0
LT934125.1	31186	+	0	0	0	0	1	0
LT934125.1	31189	+	2	0	1	0	0	0
LT934125.1	31194	-	0	0	0	0	0	1
LT934125.1	31201	-	0	0	0	0	1	0
LT934125.1	31202	+	1	0	0	0	0	0
LT934125.1	31219	+	0	0	0	0	1	0
LT934125.1	31227	-	0	0	2	0	1	0
LT934125.1	31229	+	0	0	0	0	0	3
LT934125.1	31231	+	0	0	0	0	11	0
LT934125.1	31231	-	0	0	0	0	1	0
LT934125.1	31232	+	4	0	3	1	0	0
LT934125.1	31247	+	0	0	0	0	1	0
LT934125.1	31248	+	1	0	0	0	0	0
LT934125.1	31250	+	1	0	0	0	0	0
LT934125.1	31255	+	1	0	0	0	0	0
LT934125.1	31256	-	1	0	0	0	1	0
LT934125.1	31269	+	0	0	1	0	0	0
LT934125.1	31270	+	1	2	30	5	6	1
LT934125.1	31271	+	34	2	15	2	80	22
LT934125.1	31272	+	16	3	1	0	26	11
LT934125.1	31273	+	0	0	0	0	1	0
LT934125.1	31282	-	0	0	1	0	1	0
LT934125.1	31284	+	0	0	0	0	1	0
LT934125.1	31288	-	0	0	0	0	1	0
LT934125.1	31292	+	0	0	0	0	1	0
LT934125.1	31294	+	0	0	0	0	10	0
LT934125.1	31295	+	1	0	3	0	0	2
LT934125.1	31297	+	0	0	0	0	0	1
LT934125.1	31298	+	0	0	0	0	2	0
LT934125.1	31301	+	3	0	0	0	0	1
LT934125.1	31304	+	0	0	0	0	0	1
LT934125.1	31312	-	0	0	0	0	1	0
LT934125.1	31315	+	0	0	0	0	1	0
LT934125.1	31324	+	0	0	1	0	0	0
LT934125.1	31326	+	0	0	0	0	1	0
LT934125.1	31329	+	1	0	2	0	0	1
LT934125.1	31330	+	0	0	0	0	0	3
LT934125.1	31331	+	2	0	0	0	0	0
LT934125.1	31332	+	0	0	2	0	5	0
LT934125.1	31333	+	0	0	0	0	2	0
LT934125.1	31334	+	1	0	1	0	0	0
LT934125.1	31340	-	0	0	0	0	1	0
LT934125.1	31349	+	0	0	2	0	0	0
LT934125.1	31350	+	1	0	0	0	0	0
LT934125.1	31357	+	0	0	0	0	6	0
LT934125.1	31358	+	0	0	2	0	0	1
LT934125.1	31378	+	2	0	0	0	0	0
LT934125.1	31381	+	0	0	0	2	0	0
LT934125.1	31382	+	1	0	0	0	0	0
LT934125.1	31388	+	0	0	0	0	0	1
LT934125.1	31394	+	0	0	0	0	1	0
LT934125.1	31395	+	0	0	2	1	0	0
LT934125.1	31396	-	0	0	0	0	1	0
LT934125.1	31400	+	0	0	0	0	1	0
LT934125.1	31405	-	0	0	1	0	0	0
LT934125.1	31407	+	0	0	0	0	1	0
LT934125.1	31409	+	0	0	0	0	0	1
LT934125.1	31411	+	0	0	2	0	0	0
LT934125.1	31424	+	0	0	0	0	0	1
LT934125.1	31425	+	0	0	0	0	2	0
LT934125.1	31439	+	0	0	1	0	0	0
LT934125.1	31452	-	0	0	0	1	0	0
LT934125.1	31455	+	1	0	0	0	4	0
LT934125.1	31455	-	0	0	0	0	1	0
LT934125.1	31456	+	0	2	0	0	20	0
LT934125.1	31456	-	0	0	0	0	2	0
LT934125.1	31457	+	12	0	7	1	0	4
LT934125.1	31458	+	1	0	0	0	0	0
LT934125.1	31474	+	0	0	3	0	0	0
LT934125.1	31475	+	3	0	0	0	1	2
LT934125.1	31476	+	1	0	0	0	1	0
LT934125.1	31477	+	1	0	0	0	0	0
LT934125.1	31491	+	0	0	0	0	2	0
LT934125.1	31493	+	2	0	0	0	0	0
LT934125.1	31500	-	0	0	0	0	1	0
LT934125.1	31502	+	0	0	0	0	1	0
LT934125.1	31507	+	0	0	0	0	1	0
LT934125.1	31508	+	1	0	0	0	0	0
LT934125.1	31511	-	0	0	0	0	1	0
LT934125.1	31532	+	0	0	0	0	1	0
LT934125.1	31534	+	0	0	0	0	3	0
LT934125.1	31535	+	1	0	0	0	0	0
LT934125.1	31535	-	0	0	0	0	1	0
LT934125.1	31543	+	0	0	0	1	0	0
LT934125.1	31559	+	0	0	0	0	6	0
LT934125.1	31561	-	0	0	1	0	1	0
LT934125.1	31562	+	1	0	2	0	0	0
LT934125.1	31563	+	1	0	0	0	1	0
LT934125.1	31563	-	0	0	0	0	1	0
LT934125.1	31565	+	0	0	1	0	0	0
LT934125.1	31567	+	0	0	1	0	0	0
LT934125.1	31569	+	1	0	0	0	0	0
LT934125.1	31579	+	0	0	1	0	0	0
LT934125.1	31580	-	1	0	0	0	0	0
LT934125.1	31585	-	1	0	0	0	0	0
LT934125.1	31596	+	1	0	0	0	0	0
LT934125.1	31598	+	2	0	0	0	1	0
LT934125.1	31599	+	0	0	0	0	1	0
LT934125.1	31601	+	0	0	0	0	0	1
LT934125.1	31603	+	1	0	2	0	0	0
LT934125.1	31604	+	8	0	11	0	6	0
LT934125.1	31605	+	20	0	0	0	29	12
LT934125.1	31608	-	0	0	0	0	1	0
LT934125.1	31615	+	1	0	0	0	0	0
LT934125.1	31617	+	0	0	0	0	1	0
LT934125.1	31619	-	1	0	0	0	0	0
LT934125.1	31628	+	1	0	0	0	0	0
LT934125.1	31638	+	0	0	0	0	2	0
LT934125.1	31639	+	0	0	0	1	0	1
LT934125.1	31660	+	0	0	0	0	3	0
LT934125.1	31663	+	0	0	1	0	0	1
LT934125.1	31665	+	0	0	0	1	0	0
LT934125.1	31675	+	0	0	0	0	1	0
LT934125.1	31678	+	0	0	0	0	2	0
LT934125.1	31682	-	1	0	0	0	0	0
LT934125.1	31683	+	0	0	1	0	0	1
LT934125.1	31685	+	0	0	1	0	0	0
LT934125.1	31703	+	1	0	0	0	0	0
LT934125.1	31711	+	0	0	0	0	1	0
LT934125.1	31716	+	0	0	0	0	1	0
LT934125.1	31718	+	0	0	0	0	1	0
LT934125.1	31719	+	1	0	0	0	0	0
LT934125.1	31731	+	0	0	0	0	1	0
LT934125.1	31738	+	1	0	0	0	0	0
LT934125.1	31742	+	0	0	0	0	1	0
LT934125.1	31748	+	0	0	0	0	3	0
LT934125.1	31750	-	0	0	0	0	1	0
LT934125.1	31768	+	0	0	1	0	1	0
LT934125.1	31769	+	3	0	1	0	3	2
LT934125.1	31770	+	1	0	0	0	4	1
LT934125.1	31778	+	0	0	0	1	0	0
LT934125.1	31779	+	1	0	0	0	0	0
LT934125.1	31783	+	0	0	0	0	1	0
LT934125.1	31790	+	0	0	3	0	1	1
LT934125.1	31791	+	1	0	0	0	0	0
LT934125.1	31791	-	0	0	0	0	1	0
LT934125.1	31793	+	1	0	0	0	1	1
LT934125.1	31795	+	1	0	0	0	1	0
LT934125.1	31796	+	2	0	1	0	1	0
LT934125.1	31803	+	0	0	0	0	1	0
LT934125.1	31803	-	0	0	0	0	2	0
LT934125.1	31807	+	1	0	0	0	0	0
LT934125.1	31820	-	0	0	1	0	0	0
LT934125.1	31826	+	0	0	0	0	4	0
LT934125.1	31829	+	1	0	0	0	1	0
LT934125.1	31841	+	1	0	0	0	0	0
LT934125.1	31841	-	0	0	0	0	1	0
LT934125.1	31853	+	1	0	0	0	0	0
LT934125.1	31856	+	1	0	0	0	0	0
LT934125.1	31857	+	0	0	0	0	1	0
LT934125.1	31859	+	11	0	2	0	14	0
LT934125.1	31860	+	0	0	0	0	16	0
LT934125.1	31862	+	0	0	5	0	0	1
LT934125.1	31870	+	0	0	1	0	0	0
LT934125.1	31871	+	1	0	1	1	0	0
LT934125.1	31872	+	6	1	0	0	2	0
LT934125.1	31876	+	0	0	1	0	0	0
LT934125.1	31877	+	2	0	0	0	0	0
LT934125.1	31878	+	0	0	0	0	6	0
LT934125.1	31879	+	0	0	1	0	0	0
LT934125.1	31880	+	0	0	1	0	0	0
LT934125.1	31882	+	2	0	0	0	0	0
LT934125.1	31886	+	0	0	0	0	1	0
LT934125.1	31896	+	0	0	0	0	1	0
LT934125.1	31897	+	1	0	0	0	0	0
LT934125.1	31898	+	0	1	0	0	4	0
LT934125.1	31899	+	6	0	2	1	0	1
LT934125.1	31901	-	0	0	0	0	1	0
LT934125.1	31907	+	4	1	0	0	0	2
LT934125.1	31923	-	1	0	0	0	0	0
LT934125.1	31931	+	2	0	12	1	0	0
LT934125.1	31932	+	15	0	19	1	9	4
LT934125.1	31933	+	58	0	0	0	35	6
LT934125.1	31937	+	0	0	0	0	1	0
LT934125.1	31938	+	0	0	1	0	0	0
LT934125.1	31939	+	0	0	0	0	1	0
LT934125.1	31940	+	0	1	0	0	32	0
LT934125.1	31941	+	38	0	18	1	0	9
LT934125.1	31947	+	0	0	0	0	3	0
LT934125.1	31949	+	0	0	2	0	0	0
LT934125.1	31950	+	1	0	0	0	0	0
LT934125.1	31956	+	0	0	0	0	5	0
LT934125.1	31958	+	0	0	0	0	1	0
LT934125.1	31963	+	1	0	0	0	0	0
LT934125.1	31964	+	2	0	0	0	0	0
LT934125.1	31965	+	0	0	0	1	3	0
LT934125.1	31966	+	0	0	0	0	1	0
LT934125.1	31967	+	1	0	3	0	0	1
LT934125.1	31973	+	1	0	4	0	0	1
LT934125.1	31976	+	1	0	0	0	0	0
LT934125.1	31981	-	0	0	1	0	1	0
LT934125.1	31982	+	0	0	0	0	1	0
LT934125.1	31983	-	0	0	0	0	1	0
LT934125.1	31994	+	0	0	0	0	1	0
LT934125.1	32005	+	0	0	0	0	2	0
LT934125.1	32006	+	0	0	0	0	4	0
LT934125.1	32007	+	5	0	0	0	0	1
LT934125.1	32010	+	1	0	0	0	0	0
LT934125.1	32013	+	1	0	0	0	1	0
LT934125.1	32014	+	0	0	0	0	0	1
LT934125.1	32015	+	0	0	0	0	3	0
LT934125.1	32016	+	1	0	0	0	0	0
LT934125.1	32017	+	0	1	0	0	3	0
LT934125.1	32017	-	0	0	0	0	1	0
LT934125.1	32019	+	1	0	0	0	0	0
LT934125.1	32020	+	0	0	1	0	4	0
LT934125.1	32021	+	0	0	0	0	1	0
LT934125.1	32022	+	0	0	0	0	1	0
LT934125.1	32024	+	0	0	0	0	1	0
LT934125.1	32026	+	2	0	0	0	0	0
LT934125.1	32028	+	0	0	1	0	5	0
LT934125.1	32029	+	0	0	0	0	0	2
LT934125.1	32030	+	4	0	16	0	1	0
LT934125.1	32031	+	19	0	1	0	20	7
LT934125.1	32032	+	0	1	0	75	1	1
LT934125.1	32033	+	0	0	0	0	3	0
LT934125.1	32034	+	12	0	11	111	41	0
LT934125.1	32035	+	0	5	0	0	202	0
LT934125.1	32036	+	1021	11	2109	1	3083	39
LT934125.1	32037	+	70	0	178	0	255	6
LT934125.1	32038	+	2572	13	4817	0	4234	51
LT934125.1	32039	+	10	0	14	0	8	0
LT934125.1	32040	+	114	1	170	2	206	3
LT934125.1	32041	+	1	0	2	0	6	0
LT934125.1	32042	+	0	0	0	0	1	0
LT934125.1	32044	+	1	0	0	0	1	0
LT934125.1	32045	+	1	0	3	0	2	0
LT934125.1	32046	+	2	0	0	0	2	0
LT934125.1	32047	+	2	0	1	0	1	0
LT934125.1	32049	+	1	0	1	0	0	0
LT934125.1	32052	+	0	0	1	0	1	0
LT934125.1	32053	+	0	0	0	0	1	0
LT934125.1	32071	+	0	0	1	0	0	0
LT934125.1	32088	-	0	0	0	0	1	0
LT934125.1	32091	+	1	0	6	0	0	0
LT934125.1	32092	+	2	0	0	0	3	0
LT934125.1	32094	+	0	0	0	0	1	0
LT934125.1	32095	+	3	0	5	0	3	1
LT934125.1	32099	+	0	0	0	0	3	0
LT934125.1	32102	+	0	0	1	0	0	0
LT934125.1	32104	+	1	0	1	0	0	0
LT934125.1	32106	+	1	0	1	0	1	0
LT934125.1	32110	+	1	0	0	0	0	0
LT934125.1	32116	+	0	0	1	0	0	0
LT934125.1	32117	+	2	0	1	0	2	0
LT934125.1	32118	+	0	1	0	0	1	0
LT934125.1	32130	+	0	0	1	0	0	0
LT934125.1	32132	+	1	0	0	0	0	0
LT934125.1	32145	+	1	0	1	0	0	0
LT934125.1	32146	+	3	0	0	0	0	0
LT934125.1	32156	+	1	0	0	0	0	0
LT934125.1	32161	+	0	0	0	0	1	0
LT934125.1	32163	+	0	0	4	0	0	0
LT934125.1	32164	+	1	0	0	0	5	1
LT934125.1	32170	+	0	0	0	0	1	0
LT934125.1	32171	+	0	0	1	0	0	0
LT934125.1	32172	+	1	0	0	0	0	0
LT934125.1	32174	+	2	0	0	0	0	0
LT934125.1	32180	+	0	0	0	0	0	1
LT934125.1	32187	+	0	0	0	0	2	0
LT934125.1	32191	+	0	0	0	0	1	0
LT934125.1	32193	+	0	0	0	0	1	0
LT934125.1	32197	-	0	0	0	0	4	0
LT934125.1	32198	+	1	0	0	0	0	0
LT934125.1	32199	-	0	0	0	0	1	0
LT934125.1	32201	+	0	0	0	0	1	0
LT934125.1	32203	+	0	0	1	0	2	0
LT934125.1	32204	+	1	0	0	0	2	0
LT934125.1	32212	+	0	0	0	0	1	0
LT934125.1	32213	+	0	0	0	1	0	0
LT934125.1	32227	+	0	0	0	0	2	0
LT934125.1	32228	+	1	0	0	0	0	0
LT934125.1	32231	+	0	0	0	0	1	0
LT934125.1	32252	-	0	0	1	0	0	0
LT934125.1	32256	+	0	0	1	0	0	0
LT934125.1	32264	-	1	0	0	0	0	0
LT934125.1	32269	-	0	0	0	0	1	0
LT934125.1	32302	-	0	0	0	0	2	0
LT934125.1	32311	-	0	0	1	0	0	0
LT934125.1	32328	-	0	0	0	0	1	0
LT934125.1	32331	-	0	0	0	0	1	0
LT934125.1	32363	+	0	0	0	0	1	0
LT934125.1	32369	+	0	0	0	0	1	0
LT934125.1	32369	-	0	0	0	0	1	0
LT934125.1	32370	-	1	0	0	0	0	0
LT934125.1	32384	-	0	0	0	0	1	0
LT934125.1	32392	-	0	0	1	0	0	0
LT934125.1	32403	-	0	0	0	0	1	0
LT934125.1	32421	+	0	0	0	0	1	0
LT934125.1	32500	-	0	0	0	0	1	0
LT934125.1	32527	-	0	0	0	0	1	0
LT934125.1	32535	-	0	0	0	0	1	0
LT934125.1	32667	-	0	0	1	0	2	0
LT934125.1	32676	-	0	0	0	0	6	0
LT934125.1	32677	+	0	0	0	0	1	0
LT934125.1	32681	-	0	0	0	0	1	0
LT934125.1	32703	-	1	0	1	0	0	0
LT934125.1	32713	-	0	0	0	0	1	0
LT934125.1	32721	-	1	0	0	0	0	0
LT934125.1	32728	+	0	0	0	0	1	0
LT934125.1	32733	+	0	0	0	0	1	1
LT934125.1	32740	-	0	0	0	0	1	0
LT934125.1	32776	-	0	0	0	0	1	0
LT934125.1	32777	-	0	0	0	0	1	0
LT934125.1	32785	-	0	0	0	0	1	0
LT934125.1	32787	+	0	0	0	0	1	0
LT934125.1	32842	-	0	0	0	0	2	0
LT934125.1	32843	-	0	0	0	0	1	0
LT934125.1	32845	-	0	0	0	0	1	0
LT934125.1	32884	-	0	0	0	0	1	0
LT934125.1	32933	-	0	0	1	0	0	0
LT934125.1	32962	-	1	0	0	0	0	0
LT934125.1	32972	-	1	0	0	0	0	0
LT934125.1	33026	+	0	0	0	0	1	0
LT934125.1	33031	-	0	0	1	0	0	0
LT934125.1	33087	-	0	0	1	0	0	0
LT934125.1	33146	-	0	0	0	0	1	0
LT934125.1	33147	-	0	0	0	0	1	0
LT934125.1	33168	-	0	0	0	0	1	0
LT934125.1	33172	-	0	0	0	0	1	0
LT934125.1	33173	+	0	0	0	0	1	0
LT934125.1	33174	+	0	0	1	0	0	0
LT934125.1	33205	-	0	0	1	0	0	0
LT934125.1	33221	+	0	0	0	0	1	0
LT934125.1	33274	-	0	0	1	0	0	0
LT934125.1	33277	-	0	0	0	0	1	1
LT934125.1	33288	-	0	0	0	0	1	0
LT934125.1	33306	-	1	0	0	0	0	0
LT934125.1	33328	-	0	0	0	0	1	0
LT934125.1	33341	-	1	0	0	0	0	0
LT934125.1	33351	-	0	0	0	1	0	0
LT934125.1	33353	-	0	0	0	0	1	0
LT934125.1	33356	-	0	0	0	0	3	1
LT934125.1	33357	-	0	0	0	1	0	0
LT934125.1	33372	+	0	0	1	0	0	0
LT934125.1	33406	-	1	0	0	0	3	0
LT934125.1	33407	-	0	0	2	0	0	0
LT934125.1	33423	-	0	0	0	0	1	0
LT934125.1	33431	-	1	0	0	0	0	0
LT934125.1	33457	-	0	0	0	0	1	0
LT934125.1	33458	-	1	0	0	0	0	0
LT934125.1	33461	-	0	0	0	0	1	0
LT934125.1	33493	-	0	1	0	0	0	0
LT934125.1	33510	-	1	0	1	0	0	0
LT934125.1	33511	-	0	0	0	0	1	0
LT934125.1	33539	-	0	0	1	0	0	0
LT934125.1	33560	-	0	0	0	0	1	0
LT934125.1	33589	-	0	0	0	0	1	0
LT934125.1	33590	+	0	0	0	0	1	0
LT934125.1	33590	-	0	0	0	0	1	0
LT934125.1	33603	+	0	0	0	0	1	0
LT934125.1	33604	-	1	0	0	0	0	0
LT934125.1	33608	-	0	0	0	0	1	0
LT934125.1	33611	-	1	0	0	0	0	0
LT934125.1	33614	-	1	0	0	0	0	0
LT934125.1	33620	+	0	0	0	0	1	0
LT934125.1	33633	+	0	0	0	0	1	0
LT934125.1	33640	-	0	0	0	0	5	0
LT934125.1	33641	-	0	0	9	0	0	0
LT934125.1	33642	-	0	0	0	0	12	0
LT934125.1	33643	-	1	0	0	1	1	0
LT934125.1	33696	-	0	0	0	0	1	0
LT934125.1	33734	-	0	0	0	0	1	0
LT934125.1	33740	+	0	0	0	0	1	0
LT934125.1	33769	-	0	0	0	0	1	0
LT934125.1	33783	+	0	0	1	0	0	0
LT934125.1	33784	-	1	0	0	0	0	0
LT934125.1	33798	-	0	0	0	0	1	0
LT934125.1	33801	-	0	0	0	0	0	2
LT934125.1	33819	+	0	0	0	0	1	0
LT934125.1	33837	-	0	0	1	0	0	0
LT934125.1	33868	+	0	0	0	0	1	0
LT934125.1	33874	-	0	0	0	0	1	0
LT934125.1	33886	-	0	0	0	0	1	0
LT934125.1	33892	-	0	0	1	0	0	0
LT934125.1	33915	-	0	0	0	0	1	0
LT934125.1	33925	-	0	0	1	0	0	0
LT934125.1	33937	-	1	0	0	0	0	0
LT934125.1	33950	-	0	0	0	0	1	0
LT934125.1	33955	-	0	0	1	0	0	0
LT934125.1	33960	-	0	0	0	0	1	0
LT934125.1	33961	+	0	0	0	0	1	0
LT934125.1	33972	-	0	0	0	0	1	0
LT934125.1	33973	-	0	0	0	0	1	0
LT934125.1	34016	-	0	0	0	0	1	0
LT934125.1	34017	-	1	0	0	0	0	0
LT934125.1	34037	+	0	0	0	0	1	0
LT934125.1	34042	-	0	0	0	0	1	0
LT934125.1	34044	-	0	0	0	0	1	0
LT934125.1	34046	-	2	0	0	0	4	1
LT934125.1	34047	-	0	0	1	0	0	0
LT934125.1	34051	-	0	0	0	0	1	0
LT934125.1	34056	-	0	0	0	0	1	1
LT934125.1	34081	-	0	0	0	0	1	0
LT934125.1	34084	-	0	0	0	0	1	0
LT934125.1	34091	-	2	1	0	0	6	0
LT934125.1	34092	+	0	0	1	0	0	0
LT934125.1	34092	-	1	0	0	0	0	0
LT934125.1	34093	-	0	0	0	0	1	0
LT934125.1	34111	+	0	0	0	0	1	0
LT934125.1	34123	-	0	0	0	0	0	1
LT934125.1	34143	+	0	0	0	0	0	1
LT934125.1	34144	+	0	0	4	0	0	0
LT934125.1	34145	+	0	0	4	0	2	0
LT934125.1	34146	+	0	0	0	0	1	0
LT934125.1	34146	-	0	0	0	0	1	0
LT934125.1	34147	+	0	0	0	0	3	0
LT934125.1	34149	+	0	0	1	0	0	0
LT934125.1	34173	-	0	0	0	0	1	0
LT934125.1	34175	-	0	0	0	0	1	0
LT934125.1	34176	+	1	0	0	0	0	0
LT934125.1	34181	-	0	0	0	0	1	0
LT934125.1	34189	+	0	0	0	0	1	0
LT934125.1	34198	-	0	0	1	0	0	0
LT934125.1	34199	-	0	0	1	0	0	2
LT934125.1	34200	-	0	0	0	0	2	0
LT934125.1	34236	-	0	0	0	0	0	1
LT934125.1	34240	-	0	0	2	0	0	0
LT934125.1	34245	-	1	0	0	0	0	0
LT934125.1	34257	-	0	0	0	0	1	0
LT934125.1	34265	-	1	0	0	0	1	0
LT934125.1	34292	-	0	0	0	0	0	1
LT934125.1	34295	-	0	0	1	0	0	0
LT934125.1	34325	-	0	0	0	0	1	0
LT934125.1	34327	-	0	0	0	1	1	0
LT934125.1	34340	-	0	0	0	0	1	0
LT934125.1	34347	+	1	0	0	0	0	0
LT934125.1	34361	+	1	0	0	0	0	0
LT934125.1	34377	-	0	0	1	0	0	0
LT934125.1	34379	-	0	0	1	0	0	0
LT934125.1	34396	-	1	0	0	0	0	0
LT934125.1	34403	-	0	0	1	0	0	0
LT934125.1	34404	+	0	0	0	0	1	0
LT934125.1	34414	-	1	0	0	0	0	0
LT934125.1	34416	-	0	0	0	0	1	0
LT934125.1	34430	-	0	0	1	1	0	0
LT934125.1	34435	-	0	0	0	0	1	0
LT934125.1	34436	-	0	0	2	0	1	0
LT934125.1	34437	-	0	0	0	0	1	0
LT934125.1	34444	-	1	0	0	0	0	0
LT934125.1	34458	-	0	0	0	0	1	0
LT934125.1	34468	-	0	0	0	1	1	0
LT934125.1	34472	-	0	0	0	0	1	0
LT934125.1	34473	-	0	0	2	0	2	0
LT934125.1	34474	-	4	5	29	5	130	21
LT934125.1	34476	-	4	1	42	9	147	28
LT934125.1	34477	-	0	0	1	0	0	0
LT934125.1	34478	-	2	1	13	0	44	13
LT934125.1	34480	-	0	0	1	0	5	3
LT934125.1	34481	-	0	0	0	0	3	0
LT934125.1	34482	-	0	0	0	1	0	0
LT934125.1	34483	-	0	0	2	0	0	0
LT934125.1	34498	-	0	0	1	0	0	0
LT934125.1	34530	+	0	0	0	0	2	0
LT934125.1	34531	+	0	0	0	0	3	1
LT934125.1	34538	-	0	0	0	0	1	0
LT934125.1	34540	+	0	0	0	0	1	0
LT934125.1	34542	-	0	0	0	0	1	0
LT934125.1	34543	-	1	0	0	0	0	0
LT934125.1	34568	+	0	0	0	0	1	0
LT934125.1	34573	-	0	0	0	0	1	0
LT934125.1	34623	-	0	0	1	0	0	0
LT934125.1	34655	+	0	0	0	0	1	0
LT934125.1	34663	+	0	0	0	0	1	0
LT934125.1	34675	-	0	0	0	0	1	0
LT934125.1	34698	+	0	0	0	0	1	0
LT934125.1	34706	+	0	0	0	0	1	0
LT934125.1	34713	-	0	0	0	0	1	0
LT934125.1	34726	+	0	0	2	0	0	0
LT934125.1	34756	-	0	0	1	0	0	0
LT934125.1	34780	+	1	0	0	0	0	0
LT934125.1	34786	-	0	0	0	0	1	0
LT934125.1	34794	+	0	0	2	0	0	0
LT934125.1	34818	+	0	0	0	0	1	0
LT934125.1	34820	-	1	0	0	0	0	0
LT934125.1	34851	+	0	0	0	0	1	0
LT934125.1	34857	+	0	0	0	0	1	0
LT934125.1	34867	+	0	0	0	0	2	0
LT934125.1	34868	+	0	0	0	0	1	0
LT934125.1	34876	-	0	0	0	0	1	0
LT934125.1	34886	+	0	0	0	0	1	0
LT934125.1	34887	+	1	0	0	0	0	0
LT934125.1	34906	-	0	0	0	0	1	0
LT934125.1	34941	-	0	0	0	0	1	0
LT934125.1	34942	+	1	0	0	0	0	0
LT934125.1	34946	-	1	0	0	0	0	0
LT934125.1	34947	-	0	0	0	0	1	0
LT934125.1	34948	-	0	0	0	0	1	0
LT934125.1	34972	-	0	0	0	0	1	0
LT934125.1	35008	-	0	0	1	0	0	0
LT934125.1	35009	-	0	0	1	0	0	0
LT934125.1	35012	-	1	0	0	0	0	0
LT934125.1	35107	-	0	0	0	0	1	0
LT934125.1	35127	+	0	0	1	0	0	0
LT934125.1	35137	-	0	0	0	0	1	0
LT934125.1	35139	-	0	0	0	0	1	0
LT934125.1	35164	-	0	0	0	0	1	0
LT934125.1	35165	+	0	0	0	0	1	0
LT934125.1	35167	-	0	0	0	0	1	0
LT934125.1	35195	-	0	0	1	0	0	0
LT934125.1	35196	-	0	0	1	0	0	0
LT934125.1	35221	-	0	0	0	0	2	0
LT934125.1	35223	-	0	0	0	0	1	0
LT934125.1	35228	+	0	0	0	0	1	0
LT934125.1	35235	-	0	0	0	0	1	0
LT934125.1	35236	-	0	0	0	1	0	0
LT934125.1	35299	-	0	0	0	0	1	0
LT934125.1	35306	-	0	0	0	0	1	0
LT934125.1	35322	-	0	0	0	0	2	0
LT934125.1	35353	+	0	0	0	0	2	0
LT934125.1	35386	-	0	0	0	0	1	0
LT934125.1	35387	-	0	0	0	0	2	0
LT934125.1	35579	+	0	0	1	0	0	0
LT934125.1	35614	-	0	0	0	0	1	0
LT934125.1	35616	-	0	1	0	0	0	0
LT934125.1	35619	-	0	0	0	0	1	0
LT934125.1	35654	+	0	0	1	0	0	0
LT934125.1	35666	-	1	0	0	0	0	0
LT934125.1	35692	-	0	0	0	0	1	0
LT934125.1	35698	-	0	0	1	0	0	0
LT934125.1	35706	+	0	0	0	0	1	0
LT934125.1	35707	+	0	0	1	0	0	0
LT934125.1	35729	-	0	0	0	0	1	0
LT934125.1	35773	-	0	0	0	0	0	1
LT934125.1	35810	-	0	0	0	0	1	0
LT934125.1	35830	-	0	0	0	0	1	0
LT934125.1	35846	-	0	0	0	0	1	0
LT934125.1	35861	+	0	0	1	0	0	0
LT934125.1	35903	-	0	0	0	0	1	0
LT934125.1	35904	+	0	0	1	0	0	0
LT934125.1	35945	-	0	0	0	0	1	0
LT934125.1	35974	-	0	0	0	0	1	0
LT934125.1	35979	-	0	0	0	0	1	0
LT934125.1	36000	-	0	0	0	1	0	0
LT934125.1	36053	-	1	0	0	0	0	0
LT934125.1	36200	+	0	0	0	0	1	0
LT934125.1	36200	-	0	0	0	0	1	0
LT934125.1	36214	-	0	0	0	1	0	0
LT934125.1	36217	-	0	0	0	0	1	0
LT934125.1	36257	-	0	0	0	0	0	1
LT934125.1	36410	-	0	0	0	0	1	0
LT934125.1	36539	-	0	0	0	0	1	0
LT934125.1	36544	-	0	1	0	0	0	0
LT934125.1	36571	-	0	0	0	0	1	0
LT934125.1	36578	+	0	0	0	0	1	0
LT934125.1	36691	-	0	0	0	1	0	0
LT934125.1	36722	-	0	0	0	0	1	0
LT934125.1	36770	+	0	0	0	0	2	0
LT934125.1	36988	-	0	0	1	0	1	0
LT934125.1	36999	-	0	0	1	0	0	0
LT934125.1	37000	-	0	0	0	0	1	0
LT934125.1	37088	-	0	0	0	0	2	0
LT934125.1	37096	-	0	0	0	0	0	1
LT934125.1	37111	-	0	0	0	0	1	0
LT934125.1	37130	-	0	0	1	0	0	0
LT934125.1	37142	-	1	0	0	0	0	0
LT934125.1	37153	-	0	0	0	0	0	1
LT934125.1	37154	-	0	0	0	0	1	0
LT934125.1	37193	-	1	0	0	0	0	0
LT934125.1	37207	-	0	0	1	0	0	0
LT934125.1	37227	+	0	0	1	0	0	0
LT934125.1	37237	-	0	0	0	0	1	0
LT934125.1	37240	-	0	0	0	0	1	0
LT934125.1	37249	-	0	0	0	0	1	0
LT934125.1	37293	-	1	0	0	0	0	0
LT934125.1	37350	-	1	0	0	0	2	0
LT934125.1	37355	-	0	0	0	0	1	0
LT934125.1	37363	-	0	0	0	0	3	0
LT934125.1	37469	-	0	0	0	0	1	0
LT934125.1	37477	-	0	0	0	0	1	0
LT934125.1	37543	-	0	0	1	0	1	0
LT934125.1	37546	-	1	0	1	0	4	0
LT934125.1	37549	-	0	0	0	0	2	0
LT934125.1	37551	-	0	0	2	0	0	0
LT934125.1	37572	-	0	0	1	0	0	0
LT934125.1	37573	+	0	0	1	0	0	0
LT934125.1	37587	-	1	0	0	0	0	0
LT934125.1	37711	-	0	0	0	0	1	0
LT934125.1	37725	-	0	0	0	0	1	0
LT934125.1	37817	-	0	0	0	0	0	1
LT934125.1	37847	-	0	0	0	0	1	0
LT934125.1	37900	-	0	0	0	0	1	0
LT934125.1	37921	-	1	0	0	0	0	0
LT934125.1	37979	-	0	0	1	0	0	0
LT934125.1	37994	-	0	0	0	0	0	1
LT934125.1	37996	-	0	0	0	0	1	0
LT934125.1	38036	-	0	0	0	0	3	0
LT934125.1	38039	-	0	0	0	0	1	0
LT934125.1	38047	-	0	0	0	0	1	0
LT934125.1	38102	-	0	0	1	0	0	0
LT934125.1	38103	-	0	0	0	0	1	0
LT934125.1	38123	+	0	0	0	0	1	0
LT934125.1	38236	-	0	0	0	0	1	0
LT934125.1	38256	-	0	0	0	0	0	1
LT934125.1	38264	+	0	0	1	0	0	0
LT934125.1	38333	-	0	0	0	0	1	0
LT934125.1	38348	-	0	0	0	0	1	0
LT934125.1	38373	-	0	0	0	0	1	0
LT934125.1	38471	-	0	0	0	0	1	0
LT934125.1	38523	+	0	0	0	0	1	0
LT934125.1	38526	+	0	0	1	0	0	0
LT934125.1	38543	-	0	0	0	0	1	0
LT934125.1	38578	-	0	0	0	0	3	0
LT934125.1	38589	-	0	0	0	0	1	0
LT934125.1	38606	-	0	0	0	0	1	0
LT934125.1	38611	-	0	0	2	0	0	0
LT934125.1	38612	-	0	0	0	0	1	0
LT934125.1	38663	-	0	0	1	0	0	0
LT934125.1	38674	-	0	0	1	0	0	0
LT934125.1	38713	-	0	0	0	0	2	0
LT934125.1	38716	+	0	0	0	0	1	0
LT934125.1	38739	-	0	0	0	0	1	0
LT934125.1	38783	-	0	0	0	0	0	1
LT934125.1	38807	+	0	0	0	0	1	0
LT934125.1	38844	-	0	0	0	0	1	0
LT934125.1	38857	-	0	0	1	0	3	0
LT934125.1	38859	-	0	0	0	0	2	0
LT934125.1	38888	-	0	0	0	0	1	0
LT934125.1	38912	-	0	0	0	0	1	0
LT934125.1	38970	-	0	0	1	0	0	0
LT934125.1	38989	-	0	0	0	0	1	0
LT934125.1	39082	-	0	0	0	0	1	0
LT934125.1	39145	-	0	0	0	0	2	0
LT934125.1	39168	-	1	0	0	0	0	0
LT934125.1	39199	+	0	0	0	0	1	0
LT934125.1	39225	-	0	0	0	0	1	0
LT934125.1	39231	-	0	0	2	0	0	0
LT934125.1	39275	-	0	0	0	0	1	0
LT934125.1	39299	-	0	0	1	0	0	0
LT934125.1	39310	-	0	0	0	0	1	0
LT934125.1	39331	-	0	0	1	0	0	0
LT934125.1	39334	-	0	0	0	0	1	0
LT934125.1	39350	-	0	0	0	0	1	0
LT934125.1	39352	-	0	0	0	0	1	0
LT934125.1	39381	-	0	0	0	0	1	0
LT934125.1	39417	+	0	0	1	0	0	0
LT934125.1	39482	-	0	0	0	0	1	0
LT934125.1	39523	+	0	0	0	0	1	0
LT934125.1	39526	-	0	0	0	0	1	0
LT934125.1	39530	-	0	0	0	0	1	0
LT934125.1	39602	+	0	0	0	0	1	0
LT934125.1	39613	-	0	0	1	0	0	0
LT934125.1	39614	+	0	0	1	0	0	0
LT934125.1	39614	-	0	0	0	0	3	0
LT934125.1	39675	+	0	0	0	0	1	0
LT934125.1	39675	-	0	0	0	0	1	0
LT934125.1	39705	-	1	0	0	0	1	0
LT934125.1	39717	-	1	0	0	0	0	0
LT934125.1	39718	-	0	0	0	0	1	0
LT934125.1	39720	-	0	0	0	0	1	0
LT934125.1	39748	-	0	0	0	0	1	0
LT934125.1	39772	+	0	0	0	0	1	0
LT934125.1	39779	-	0	0	0	0	1	0
LT934125.1	39817	+	0	0	0	0	1	0
LT934125.1	39844	-	0	0	1	0	0	0
LT934125.1	39899	-	0	0	0	0	1	0
LT934125.1	39946	-	0	0	1	0	0	0
LT934125.1	39982	-	0	0	0	0	1	0
LT934125.1	39983	-	0	0	1	0	0	0
LT934125.1	39984	-	0	0	1	0	0	0
LT934125.1	40016	-	1	0	0	0	0	0
LT934125.1	40032	-	0	0	0	0	1	0
LT934125.1	40033	-	0	0	0	0	1	0
LT934125.1	40041	-	0	0	0	0	1	0
LT934125.1	40088	-	0	0	0	0	2	0
LT934125.1	40114	-	0	0	0	0	1	0
LT934125.1	40129	-	0	0	0	0	1	0
LT934125.1	40138	-	0	0	0	0	1	0
LT934125.1	40149	-	0	0	0	0	1	0
LT934125.1	40173	-	0	0	0	0	1	0
LT934125.1	40189	-	0	0	0	0	2	0
LT934125.1	40199	-	1	0	0	0	0	0
LT934125.1	40200	-	0	0	0	0	1	0
LT934125.1	40205	-	0	0	0	0	1	0
LT934125.1	40223	-	0	0	0	0	1	0
LT934125.1	40271	-	0	0	0	0	0	1
LT934125.1	40303	+	0	0	0	0	1	0
LT934125.1	40313	-	0	0	0	0	1	0
LT934125.1	40321	-	1	0	0	0	0	0
LT934125.1	40323	-	0	0	0	0	1	0
LT934125.1	40329	-	0	0	1	0	0	0
LT934125.1	40364	-	0	0	0	0	1	0
LT934125.1	40374	-	0	0	0	0	2	0
LT934125.1	40400	-	0	0	0	0	1	0
LT934125.1	40465	-	0	0	0	0	1	0
LT934125.1	40474	-	0	0	0	0	1	0
LT934125.1	40478	-	1	0	0	0	0	0
LT934125.1	40479	+	0	0	0	0	1	0
LT934125.1	40488	-	0	0	0	0	1	0
LT934125.1	40506	-	0	0	1	0	0	0
LT934125.1	40553	+	0	0	0	0	1	0
LT934125.1	40561	-	0	0	0	0	1	0
LT934125.1	40589	-	0	0	0	0	1	0
LT934125.1	40621	-	0	0	0	0	1	0
LT934125.1	40622	-	0	0	0	0	1	0
LT934125.1	40626	-	0	0	0	0	1	0
LT934125.1	40639	-	0	0	1	0	0	0
LT934125.1	40708	-	0	0	0	0	1	0
LT934125.1	40721	-	0	0	1	0	0	0
LT934125.1	40734	-	0	0	0	0	1	0
LT934125.1	40790	-	0	0	0	0	1	0
LT934125.1	40793	-	0	0	0	0	1	0
LT934125.1	40801	-	0	0	0	0	1	0
LT934125.1	40811	+	0	0	0	0	0	1
LT934125.1	40817	-	0	0	0	0	1	0
LT934125.1	40868	-	0	0	1	0	0	0
LT934125.1	40871	-	0	0	0	0	1	0
LT934125.1	40893	-	0	0	0	0	1	0
LT934125.1	40942	-	0	0	0	0	1	0
LT934125.1	40973	-	0	0	1	0	0	0
LT934125.1	40984	+	1	0	0	0	0	0
LT934125.1	40998	+	0	0	0	0	0	1
LT934125.1	40999	-	0	0	1	0	0	0
LT934125.1	41018	+	0	0	0	2	0	0
LT934125.1	41027	+	0	0	0	0	1	0
LT934125.1	41081	-	0	0	1	0	0	0
LT934125.1	41085	-	0	0	0	0	1	0
LT934125.1	41115	-	0	0	0	0	0	1
LT934125.1	41159	+	0	0	0	0	1	0
LT934125.1	41167	-	0	0	0	0	1	0
LT934125.1	41239	-	1	0	0	0	0	0
LT934125.1	41274	-	0	0	1	0	0	0
LT934125.1	41320	-	0	0	0	0	1	0
LT934125.1	41350	-	0	0	1	0	0	0
LT934125.1	41351	-	0	0	0	0	1	0
LT934125.1	41374	-	0	0	0	0	1	0
LT934125.1	41408	+	0	0	0	0	1	0
LT934125.1	41413	-	0	0	0	0	1	0
LT934125.1	41414	-	0	0	1	0	0	0
LT934125.1	41419	-	0	0	0	0	1	0
LT934125.1	41430	+	1	0	0	0	0	0
LT934125.1	41432	+	0	0	1	0	0	1
LT934125.1	41460	-	0	0	0	0	1	0
LT934125.1	41464	-	0	0	1	0	0	0
LT934125.1	41478	-	0	0	1	0	0	0
LT934125.1	41511	-	0	0	0	0	1	0
LT934125.1	41547	-	1	0	0	0	0	0
LT934125.1	41572	-	1	0	0	0	0	0
LT934125.1	41577	-	0	0	0	0	1	0
LT934125.1	41590	-	0	0	1	0	0	0
LT934125.1	41601	-	0	0	0	0	1	0
LT934125.1	41624	+	0	0	1	0	0	0
LT934125.1	41632	-	1	0	1	0	0	0
LT934125.1	41646	-	1	0	1	0	0	0
LT934125.1	41650	-	1	0	0	0	0	0
LT934125.1	41668	-	0	0	1	0	0	0
LT934125.1	41683	+	0	0	0	0	1	1
LT934125.1	41687	+	0	0	1	0	0	0
LT934125.1	41702	+	0	0	0	0	2	0
LT934125.1	41705	+	0	0	0	0	2	0
LT934125.1	41706	+	0	0	2	0	4	1
LT934125.1	41708	+	1	0	0	0	0	0
LT934125.1	41714	+	0	0	2	0	0	0
LT934125.1	41715	-	0	0	0	0	1	0
LT934125.1	41716	+	0	0	1	0	0	0
LT934125.1	41720	-	0	0	1	0	0	0
LT934125.1	41728	-	0	0	0	0	0	1
LT934125.1	41741	-	0	0	1	0	0	0
LT934125.1	41779	+	0	0	1	0	0	0
LT934125.1	41784	-	1	0	0	0	1	0
LT934125.1	41785	-	0	0	2	0	8	0
LT934125.1	41786	-	0	0	2	0	0	0
LT934125.1	41789	-	0	0	0	0	1	0
LT934125.1	41796	-	0	0	0	0	1	0
LT934125.1	41799	-	0	0	0	0	1	0
LT934125.1	41803	-	0	0	1	0	0	0
LT934125.1	41807	-	0	0	1	0	0	0
LT934125.1	41812	-	0	0	0	1	0	0
LT934125.1	41828	-	0	0	0	0	1	0
LT934125.1	41829	-	0	1	0	0	0	0
LT934125.1	41914	-	0	0	1	0	0	1
LT934125.1	41915	-	0	0	0	0	4	0
LT934125.1	41916	-	0	0	0	0	3	0
LT934125.1	41917	-	0	0	1	0	0	0
LT934125.1	41922	-	0	0	0	0	1	0
LT934125.1	41925	-	0	0	0	0	11	0
LT934125.1	41945	-	0	0	0	0	1	0
LT934125.1	41946	-	0	0	2	0	1	0
LT934125.1	41949	-	0	0	0	0	1	0
LT934125.1	41962	-	0	0	1	0	3	0
LT934125.1	41970	-	0	0	0	0	1	0
LT934125.1	41983	-	0	0	0	0	2	0
LT934125.1	41987	-	0	0	2	0	4	0
LT934125.1	41990	-	0	0	1	0	1	0
LT934125.1	41991	-	2	0	10	0	13	1
LT934125.1	41992	-	10	0	28	3	20	0
LT934125.1	41993	-	0	0	0	1	5	0
LT934125.1	41994	-	4	0	13	1	14	0
LT934125.1	41995	-	134	5	23	14	3183	21
LT934125.1	41996	-	5	0	2	0	1	0
LT934125.1	41997	-	8	0	56	0	224	10
LT934125.1	41998	-	0	0	807	0	0	0
LT934125.1	41999	-	1	0	1	0	6	3
LT934125.1	42001	-	0	0	0	1	0	0
LT934125.1	42009	+	1	0	0	0	0	0
LT934125.1	42015	+	0	0	0	0	0	1
LT934125.1	42018	+	0	0	1	0	0	0
LT934125.1	42022	-	0	0	1	0	0	0
LT934125.1	42025	-	0	0	1	0	0	0
LT934125.1	42049	+	0	0	1	0	0	0
LT934125.1	42061	-	1	0	0	0	0	0
LT934125.1	42098	-	1	0	0	0	0	0
LT934125.1	42145	-	0	0	0	0	1	0
LT934125.1	42200	-	0	0	0	0	1	0
LT934125.1	42210	-	0	0	0	0	1	0
LT934125.1	42220	+	1	0	0	0	0	0
LT934125.1	42236	-	0	0	0	0	1	0
LT934125.1	42238	-	0	0	0	0	1	0
LT934125.1	42263	-	0	0	0	0	1	0
LT934125.1	42310	-	0	0	1	0	0	0
LT934125.1	42348	-	0	0	0	0	1	0
LT934125.1	42354	-	0	0	0	0	2	0
LT934125.1	42389	-	0	0	0	0	2	0
LT934125.1	42435	-	0	0	0	0	1	0
LT934125.1	42440	-	0	0	0	0	1	0
LT934125.1	42513	-	0	0	0	0	1	0
LT934125.1	42530	-	0	0	0	0	1	0
LT934125.1	42557	-	1	0	0	0	1	0
LT934125.1	42606	-	0	0	0	0	1	0
LT934125.1	42611	-	0	0	0	0	1	1
LT934125.1	42617	-	1	0	0	0	0	0
LT934125.1	42623	-	0	0	0	0	1	0
LT934125.1	42632	-	0	0	0	0	2	0
LT934125.1	42641	-	0	0	0	0	1	0
LT934125.1	42658	+	0	0	0	0	1	0
LT934125.1	42662	-	0	0	0	0	2	0
LT934125.1	42676	+	0	0	0	0	0	1
LT934125.1	42708	-	0	0	0	0	1	0
LT934125.1	42710	-	1	0	0	0	0	0
LT934125.1	42711	-	0	0	1	0	0	0
LT934125.1	42723	-	0	0	0	0	1	0
LT934125.1	42788	-	0	0	0	0	1	0
LT934125.1	42805	-	0	0	0	0	1	0
LT934125.1	42824	-	0	0	0	0	1	0
LT934125.1	42855	-	0	0	1	0	0	0
LT934125.1	42968	-	0	0	0	0	1	0
LT934125.1	42969	-	0	0	0	0	1	0
LT934125.1	42980	-	0	0	0	0	1	0
LT934125.1	43108	-	1	0	0	0	0	0
LT934125.1	43144	-	0	0	0	0	1	0
LT934125.1	43190	+	0	0	0	0	1	0
LT934125.1	43192	+	0	0	1	0	0	0
LT934125.1	43197	-	1	0	0	0	0	0
LT934125.1	43209	-	1	0	0	0	0	0
LT934125.1	43233	-	0	0	1	0	0	0
LT934125.1	43271	-	0	0	1	0	0	0
LT934125.1	43325	-	1	0	0	0	0	0
LT934125.1	43348	-	0	0	0	0	1	0
LT934125.1	43349	-	0	0	1	0	0	0
LT934125.1	43360	-	0	0	0	0	1	0
LT934125.1	43403	-	0	0	0	0	1	0
LT934125.1	43430	-	0	0	0	1	0	0
LT934125.1	43507	-	0	0	0	0	1	0
LT934125.1	43528	-	1	0	0	0	0	0
LT934125.1	43530	-	0	0	0	0	1	0
LT934125.1	43560	+	0	0	1	0	0	0
LT934125.1	43560	-	0	0	0	0	1	0
LT934125.1	43620	-	0	0	0	0	1	0
LT934125.1	43629	+	0	0	0	1	0	0
LT934125.1	43666	+	0	0	0	0	1	0
LT934125.1	43685	-	1	0	0	0	0	0
LT934125.1	43747	-	0	0	1	0	0	0
LT934125.1	43754	+	0	0	0	0	1	0
LT934125.1	43813	+	0	0	0	0	1	0
LT934125.1	43882	-	0	0	0	0	1	0
LT934125.1	43928	+	0	0	0	0	1	0
LT934125.1	43937	-	0	0	0	0	1	0
LT934125.1	43943	-	0	0	0	0	1	0
LT934125.1	44031	+	1	0	0	0	0	0
LT934125.1	44037	-	1	0	0	0	1	0
LT934125.1	44097	+	0	0	0	0	1	0
LT934125.1	44099	-	0	0	0	0	1	0
LT934125.1	44177	+	0	0	0	0	1	0
LT934125.1	44197	-	1	0	0	0	0	0
LT934125.1	44199	-	0	0	0	0	1	0
LT934125.1	44202	-	0	0	0	0	0	1
LT934125.1	44254	-	0	0	0	0	0	1
LT934125.1	44294	+	0	0	0	0	3	0
LT934125.1	44333	-	1	0	0	0	0	0
LT934125.1	44404	-	0	0	0	0	1	0
LT934125.1	44433	+	0	0	0	0	1	0
LT934125.1	44534	-	0	0	0	0	1	0
LT934125.1	44540	-	0	0	0	0	1	0
LT934125.1	44541	-	0	0	1	0	0	0
LT934125.1	44562	-	0	0	0	0	1	0
LT934125.1	44594	-	0	0	0	0	1	0
LT934125.1	44595	-	0	0	0	0	1	0
LT934125.1	44607	-	1	0	0	0	0	0
LT934125.1	44628	+	0	0	1	0	0	0
LT934125.1	44648	-	0	0	0	0	1	0
LT934125.1	44710	-	0	0	1	0	0	0
LT934125.1	44711	-	0	0	0	0	1	0
LT934125.1	44718	-	0	0	0	0	1	0
LT934125.1	44728	+	0	0	0	0	2	0
LT934125.1	44731	+	1	0	0	0	1	0
LT934125.1	44739	+	0	0	0	0	1	0
LT934125.1	44753	-	0	0	0	0	1	0
LT934125.1	44754	-	1	0	3	0	12	1
LT934125.1	44756	-	0	0	29	0	96	1
LT934125.1	44757	-	0	0	0	0	11	0
LT934125.1	44760	-	7	0	0	0	0	0
LT934125.1	44779	+	0	0	2	0	2	1
LT934125.1	44782	+	0	0	0	0	1	0
LT934125.1	44805	+	0	0	0	0	1	0
LT934125.1	44806	+	1	0	0	1	0	0
LT934125.1	44807	+	2	0	1	0	12	0
LT934125.1	44807	-	0	0	0	0	1	0
LT934125.1	44808	+	0	0	0	0	72	0
LT934125.1	44809	+	0	0	0	19	6	0
LT934125.1	44810	+	31	0	75	6	683	20
LT934125.1	44811	+	0	0	0	0	10	0
LT934125.1	44811	-	0	0	0	0	1	0
LT934125.1	44812	+	148	5	402	1	2619	81
LT934125.1	44812	-	0	0	0	0	2	0
LT934125.1	44813	+	0	0	0	0	2	0
LT934125.1	44814	+	3	0	8	0	53	2
LT934125.1	44815	+	0	0	2	0	1	0
LT934125.1	44817	+	0	0	0	0	1	0
LT934125.1	44817	-	2	0	0	0	0	0
LT934125.1	44818	+	0	0	1	0	1	0
LT934125.1	44818	-	0	0	0	0	1	0
LT934125.1	44820	-	0	0	0	0	1	0
LT934125.1	44821	+	0	0	0	0	1	0
LT934125.1	44843	+	0	0	0	0	0	1
LT934125.1	44845	+	0	0	1	0	2	0
LT934125.1	44859	+	0	0	1	0	0	0
LT934125.1	44860	+	0	0	0	0	2	0
LT934125.1	44865	-	0	0	0	0	1	0
LT934125.1	44876	+	0	0	1	0	0	0
LT934125.1	44877	+	0	0	0	0	1	0
LT934125.1	44879	+	0	0	0	0	1	0
LT934125.1	44882	+	2	0	0	0	2	0
LT934125.1	44883	+	0	0	0	0	1	0
LT934125.1	44886	-	0	0	1	0	5	0
LT934125.1	44887	-	0	0	0	0	1	0
LT934125.1	44888	-	1	0	4	0	17	0
LT934125.1	44889	-	59	2	171	6	749	2
LT934125.1	44890	-	0	0	0	0	50	2
LT934125.1	44891	-	0	0	2	0	2	0
LT934125.1	44892	-	2	0	13	0	43	25
LT934125.1	44893	-	28	0	104	3	45	12
LT934125.1	44894	+	0	0	0	0	1	0
LT934125.1	44894	-	0	0	0	0	231	0
LT934125.1	44895	+	0	0	1	0	0	0
LT934125.1	44895	-	0	0	0	0	9	0
LT934125.1	44897	+	0	0	0	0	1	0
LT934125.1	44901	-	0	0	0	0	1	0
LT934125.1	44912	+	0	0	0	0	2	0
LT934125.1	44913	+	0	0	1	0	0	0
LT934125.1	44917	-	0	0	1	0	1	0
LT934125.1	44946	+	0	0	0	0	8	1
LT934125.1	44969	+	0	0	1	0	1	0
LT934125.1	44970	+	1	0	0	0	2	1
LT934125.1	44977	+	0	0	1	0	0	0
LT934125.1	45002	+	0	0	0	0	1	0
LT934125.1	45017	+	0	0	1	0	0	0
LT934125.1	45034	+	0	0	0	0	1	0
LT934125.1	45036	+	0	0	0	0	1	0
LT934125.1	45038	+	0	0	0	0	0	1
LT934125.1	45039	+	0	0	0	0	1	0
LT934125.1	45061	+	0	0	1	0	0	0
LT934125.1	45064	+	1	0	5	0	0	0
LT934125.1	45065	+	1	0	0	0	8	1
LT934125.1	45066	-	0	0	1	0	0	0
LT934125.1	45067	+	0	0	1	0	0	0
LT934125.1	45069	+	0	0	3	0	0	0
LT934125.1	45085	+	0	0	1	0	0	0
LT934125.1	45087	+	0	0	0	0	1	0
LT934125.1	45088	+	0	0	0	0	2	0
LT934125.1	45089	+	0	0	0	0	1	0
LT934125.1	45093	+	0	0	0	0	0	1
LT934125.1	45104	+	0	0	4	0	0	0
LT934125.1	45105	+	0	0	0	0	2	0
LT934125.1	45109	+	0	0	0	0	2	0
LT934125.1	45110	+	1	0	3	0	0	0
LT934125.1	45137	+	0	0	1	0	0	0
LT934125.1	45140	+	0	0	1	0	0	1
LT934125.1	45147	+	0	0	1	0	0	0
LT934125.1	45156	+	0	0	0	0	1	0
LT934125.1	45165	+	0	0	0	0	1	0
LT934125.1	45169	-	0	0	0	0	1	0
LT934125.1	45187	+	0	0	0	0	1	0
LT934125.1	45196	-	1	0	0	0	0	0
LT934125.1	45201	+	0	0	0	0	1	0
LT934125.1	45203	-	0	0	1	0	0	0
LT934125.1	45204	+	1	0	0	0	0	0
LT934125.1	45204	-	0	0	0	0	1	0
LT934125.1	45207	+	0	0	0	0	1	0
LT934125.1	45223	+	0	0	1	0	0	0
LT934125.1	45233	+	0	0	0	0	1	0
LT934125.1	45268	+	0	0	1	0	0	0
LT934125.1	45272	+	0	0	1	0	0	0
LT934125.1	45285	+	0	0	0	0	0	1
LT934125.1	45303	+	0	0	1	0	0	0
LT934125.1	45304	+	0	0	0	0	1	0
LT934125.1	45305	+	0	0	1	0	2	0
LT934125.1	45306	+	2	0	0	0	9	0
LT934125.1	45315	+	0	0	0	0	1	0
LT934125.1	45333	+	0	0	0	0	0	1
LT934125.1	45334	+	0	0	0	0	1	0
LT934125.1	45342	+	0	0	0	0	2	0
LT934125.1	45351	+	0	0	0	0	1	0
LT934125.1	45373	+	0	0	0	0	0	1
LT934125.1	45374	+	0	0	0	0	2	0
LT934125.1	45392	+	0	0	1	0	0	0
LT934125.1	45413	+	0	0	0	0	1	0
LT934125.1	45416	+	0	0	1	0	0	0
LT934125.1	45417	+	0	0	0	0	1	0
LT934125.1	45419	+	0	0	0	0	1	0
LT934125.1	45425	+	0	0	1	0	0	0
LT934125.1	45442	+	0	0	0	0	1	0
LT934125.1	45443	+	0	0	0	0	1	0
LT934125.1	45444	+	0	0	1	0	0	0
LT934125.1	45447	+	0	0	0	0	2	0
LT934125.1	45449	+	0	0	1	0	0	0
LT934125.1	45466	+	0	0	0	0	1	0
LT934125.1	45467	+	0	0	1	0	0	0
LT934125.1	45468	+	0	0	1	0	1	0
LT934125.1	45469	+	0	0	0	0	1	0
LT934125.1	45472	-	0	0	0	0	1	0
LT934125.1	45475	-	1	0	1	0	1	1
LT934125.1	45490	-	0	0	0	0	1	0
LT934125.1	45494	+	0	0	1	0	0	0
LT934125.1	45496	+	0	0	1	0	0	0
LT934125.1	45497	+	0	0	0	0	1	0
LT934125.1	45503	+	0	0	0	1	0	0
LT934125.1	45505	-	0	0	1	0	0	0
LT934125.1	45515	+	0	0	0	0	1	0
LT934125.1	45523	+	0	0	0	0	1	0
LT934125.1	45527	+	0	0	1	0	0	0
LT934125.1	45548	+	0	0	0	0	1	0
LT934125.1	45549	+	0	0	0	0	1	0
LT934125.1	45550	+	0	0	1	0	0	0
LT934125.1	45551	+	0	0	0	0	1	0
LT934125.1	45555	+	0	0	0	0	2	0
LT934125.1	45556	+	0	0	0	0	1	0
LT934125.1	45560	+	0	0	0	0	1	0
LT934125.1	45573	+	0	0	0	0	1	0
LT934125.1	45574	+	0	0	0	0	1	0
LT934125.1	45596	+	1	0	0	0	0	0
LT934125.1	45599	+	1	0	0	0	0	0
LT934125.1	45602	+	0	0	1	0	0	0
LT934125.1	45605	+	0	0	0	0	1	0
LT934125.1	45608	+	1	0	0	0	0	0
LT934125.1	45626	+	0	0	0	0	1	0
LT934125.1	45630	+	0	0	0	1	0	0
LT934125.1	45631	+	0	0	1	0	0	0
LT934125.1	45632	+	0	0	0	0	0	1
LT934125.1	45634	+	0	0	0	0	1	0
LT934125.1	45635	+	0	0	1	0	0	0
LT934125.1	45640	+	0	0	1	0	0	0
LT934125.1	45641	+	0	0	0	0	1	0
LT934125.1	45645	-	0	0	0	0	1	0
LT934125.1	45647	+	0	0	0	0	1	0
LT934125.1	45650	+	1	0	0	0	0	0
LT934125.1	45651	+	0	0	0	0	1	0
LT934125.1	45655	+	0	0	1	0	0	0
LT934125.1	45659	+	0	0	1	0	0	0
LT934125.1	45660	+	0	0	0	0	2	0
LT934125.1	45665	+	0	0	1	0	0	0
LT934125.1	45666	+	0	0	0	0	1	0
LT934125.1	45680	+	1	0	0	0	0	0
LT934125.1	45698	+	0	0	0	0	1	0
LT934125.1	45702	+	0	1	0	0	0	0
LT934125.1	45708	+	0	0	0	0	1	0
LT934125.1	45721	+	0	0	1	0	0	0
LT934125.1	45723	+	2	0	0	0	0	0
LT934125.1	45726	+	0	0	3	0	0	0
LT934125.1	45727	+	0	0	0	0	1	0
LT934125.1	45748	+	0	0	0	1	0	0
LT934125.1	45749	+	0	0	0	0	1	0
LT934125.1	45750	+	0	0	0	0	1	0
LT934125.1	45753	+	1	0	0	0	0	0
LT934125.1	45756	+	0	0	0	0	1	0
LT934125.1	45758	-	0	0	0	0	1	0
LT934125.1	45768	+	0	0	0	0	1	0
LT934125.1	45790	+	0	0	0	0	1	0
LT934125.1	45812	+	0	0	1	0	0	0
LT934125.1	45821	+	0	0	0	0	1	0
LT934125.1	45822	+	0	0	3	0	0	0
LT934125.1	45830	+	0	0	0	0	1	0
LT934125.1	45832	-	0	0	0	0	1	0
LT934125.1	45833	+	0	0	0	0	1	0
LT934125.1	45839	+	0	0	0	0	4	0
LT934125.1	45860	+	0	0	0	0	1	0
LT934125.1	45861	+	1	0	0	0	0	0
LT934125.1	45865	+	0	0	0	0	4	0
LT934125.1	45865	-	0	0	1	0	0	1
LT934125.1	45866	+	1	0	2	0	0	0
LT934125.1	45868	-	0	0	1	0	0	0
LT934125.1	45899	+	0	0	0	0	2	0
LT934125.1	45900	+	1	0	2	0	0	0
LT934125.1	45906	-	0	0	0	0	1	0
LT934125.1	45908	-	0	0	1	0	0	0
LT934125.1	45909	-	0	0	1	0	0	0
LT934125.1	45911	-	0	0	0	0	1	0
LT934125.1	45913	-	0	0	0	0	1	0
LT934125.1	45919	+	0	0	1	0	0	0
LT934125.1	45920	+	0	0	0	0	2	0
LT934125.1	45922	+	0	0	0	0	1	0
LT934125.1	45926	+	1	0	0	0	0	0
LT934125.1	45931	+	1	0	0	0	0	0
LT934125.1	45956	+	0	0	0	0	6	0
LT934125.1	45957	+	0	0	3	0	0	0
LT934125.1	45959	+	0	0	0	0	1	0
LT934125.1	45967	-	0	0	0	0	1	0
LT934125.1	45969	+	0	0	0	1	1	0
LT934125.1	45969	-	0	0	3	0	3	1
LT934125.1	45970	+	0	0	0	0	2	0
LT934125.1	45970	-	0	0	1	0	0	0
LT934125.1	45983	-	1	0	0	0	1	0
LT934125.1	45990	-	1	0	0	0	0	0
LT934125.1	45997	+	0	0	1	0	0	0
LT934125.1	46003	+	1	0	0	0	0	0
LT934125.1	46004	+	0	0	0	0	1	0
LT934125.1	46005	+	0	0	0	0	2	0
LT934125.1	46007	+	0	0	0	0	1	0
LT934125.1	46008	+	0	0	0	0	1	0
LT934125.1	46016	+	0	0	0	0	1	0
LT934125.1	46017	+	2	0	1	0	1	0
LT934125.1	46018	+	0	0	0	0	4	0
LT934125.1	46019	+	2	0	2	0	0	1
LT934125.1	46020	+	2	0	23	0	0	0
LT934125.1	46021	+	4	0	1	0	4	4
LT934125.1	46023	+	33	3	3	5	158	3
LT934125.1	46024	+	24	1	34	2	119	0
LT934125.1	46024	-	0	0	1	0	1	0
LT934125.1	46025	+	10	0	9	1	63	1
LT934125.1	46025	-	0	0	1	0	0	0
LT934125.1	46026	+	6	0	10	2	16	2
LT934125.1	46026	-	0	0	0	0	1	0
LT934125.1	46027	+	3	0	3	0	1	0
LT934125.1	46028	+	0	0	1	0	0	1
LT934125.1	46029	+	8	0	11	0	0	1
LT934125.1	46043	+	0	0	0	0	2	0
LT934125.1	46049	+	0	0	0	0	1	0
LT934125.1	46051	+	0	0	1	0	0	0
LT934125.1	46052	-	0	0	1	0	0	0
LT934125.1	46056	+	2	0	0	0	0	0
LT934125.1	46058	+	0	0	2	0	0	0
LT934125.1	46060	+	0	0	2	0	0	0
LT934125.1	46074	+	0	0	0	0	1	0
LT934125.1	46086	+	0	0	0	0	4	0
LT934125.1	46088	+	2	0	2	0	0	0
LT934125.1	46089	+	0	0	0	0	1	0
LT934125.1	46095	+	0	0	1	0	0	0
LT934125.1	46099	+	0	0	0	0	3	0
LT934125.1	46104	+	0	0	0	0	1	0
LT934125.1	46106	+	2	0	4	0	0	0
LT934125.1	46143	-	1	0	1	0	0	0
LT934125.1	46148	+	0	0	0	0	1	0
LT934125.1	46151	+	1	0	0	0	0	0
LT934125.1	46159	-	1	0	0	0	0	0
LT934125.1	46165	+	0	0	1	0	1	0
LT934125.1	46168	+	1	0	0	0	1	0
LT934125.1	46169	+	1	0	0	0	0	0
LT934125.1	46170	+	0	0	0	0	7	0
LT934125.1	46171	+	0	0	4	0	0	0
LT934125.1	46172	+	0	0	0	0	1	0
LT934125.1	46185	-	0	0	0	0	2	0
LT934125.1	46188	-	1	0	0	0	0	0
LT934125.1	46205	+	0	0	0	0	1	0
LT934125.1	46220	+	0	0	1	0	0	0
LT934125.1	46227	+	0	0	0	0	0	1
LT934125.1	46233	+	0	0	1	0	0	0
LT934125.1	46234	+	0	0	220	20	0	0
LT934125.1	46235	+	57	5	0	0	402	150
LT934125.1	46237	+	0	0	5	0	2	2
LT934125.1	46238	+	0	0	7	0	2	4
LT934125.1	46239	+	0	0	3	1	2	0
LT934125.1	46240	+	0	0	1	1	1	1
LT934125.1	46243	+	0	0	0	0	1	1
LT934125.1	46244	-	0	0	1	0	0	0
LT934125.1	46255	+	0	0	1	0	0	0
LT934125.1	46260	+	0	0	1	0	0	0
LT934125.1	46262	+	0	0	0	0	1	0
LT934125.1	46264	+	0	0	1	0	2	0
LT934125.1	46285	+	0	0	0	0	1	0
LT934125.1	46291	-	0	0	0	0	2	0
LT934125.1	46303	+	0	0	0	0	2	0
LT934125.1	46303	-	0	0	1	0	0	0
LT934125.1	46311	-	0	0	0	0	1	0
LT934125.1	46331	+	0	0	0	0	0	1
LT934125.1	46333	+	0	0	3	0	2	0
LT934125.1	46334	+	0	0	0	0	1	0
LT934125.1	46361	+	0	0	0	0	1	0
LT934125.1	46406	+	0	0	1	0	0	0
LT934125.1	46407	+	0	0	0	1	0	0
LT934125.1	46411	-	0	0	0	0	1	0
LT934125.1	46420	-	0	0	0	0	1	0
LT934125.1	46421	+	0	0	0	0	0	1
LT934125.1	46435	+	0	0	0	0	2	0
LT934125.1	46435	-	0	0	0	0	4	0
LT934125.1	46436	+	1	0	0	0	0	0
LT934125.1	46438	-	0	0	0	0	3	0
LT934125.1	46443	-	0	0	0	0	1	0
LT934125.1	46444	+	0	0	0	0	1	0
LT934125.1	46451	+	1	0	0	0	0	0
LT934125.1	46452	+	0	0	0	0	2	0
LT934125.1	46453	+	2	0	0	0	0	0
LT934125.1	46462	-	0	0	0	0	1	0
LT934125.1	46483	+	1	0	0	0	0	0
LT934125.1	46489	+	0	0	2	1	5	1
LT934125.1	46490	+	0	0	0	0	3	0
LT934125.1	46492	+	0	0	0	0	2	1
LT934125.1	46501	+	0	0	1	0	0	0
LT934125.1	46503	+	0	0	1	0	0	0
LT934125.1	46512	+	0	0	2	0	0	0
LT934125.1	46514	+	0	0	1	0	0	0
LT934125.1	46528	-	1	0	0	0	0	0
LT934125.1	46529	+	1	0	0	0	0	0
LT934125.1	46542	+	0	0	0	0	1	0
LT934125.1	46547	+	0	0	0	0	1	0
LT934125.1	46557	+	0	0	0	0	1	0
LT934125.1	46564	+	0	0	1	0	0	0
LT934125.1	46571	+	0	0	0	0	1	0
LT934125.1	46576	+	0	0	0	0	1	0
LT934125.1	46577	+	0	0	1	0	0	0
LT934125.1	46606	+	0	0	1	0	0	0
LT934125.1	46619	+	0	0	0	0	2	0
LT934125.1	46633	-	0	0	0	0	1	0
LT934125.1	46647	+	0	0	1	0	0	0
LT934125.1	46649	+	1	0	0	0	0	0
LT934125.1	46652	+	1	0	0	0	0	0
LT934125.1	46654	+	0	0	1	0	1	0
LT934125.1	46655	+	2	0	0	0	2	1
LT934125.1	46676	+	0	0	0	0	3	0
LT934125.1	46677	+	2	0	1	0	0	0
LT934125.1	46682	+	3	0	0	0	2	0
LT934125.1	46696	+	0	0	1	0	0	0
LT934125.1	46699	-	0	0	0	0	2	0
LT934125.1	46710	+	0	0	2	0	0	0
LT934125.1	46713	+	2	0	0	0	1	0
LT934125.1	46733	+	1	0	0	0	0	0
LT934125.1	46754	+	0	0	0	1	0	0
LT934125.1	46764	+	0	0	1	0	0	0
LT934125.1	46781	+	0	1	0	0	0	0
LT934125.1	46782	+	1	0	0	0	2	0
LT934125.1	46790	+	0	0	1	0	0	0
LT934125.1	46811	+	0	0	1	0	0	0
LT934125.1	46814	+	0	0	0	0	1	0
LT934125.1	46819	+	0	0	1	0	0	0
LT934125.1	46832	+	0	0	1	0	0	0
LT934125.1	46849	+	0	0	0	0	1	0
LT934125.1	46849	-	0	0	1	0	2	0
LT934125.1	46850	+	0	0	1	0	0	0
LT934125.1	46863	+	0	0	0	0	0	1
LT934125.1	46871	+	1	0	0	0	0	0
LT934125.1	46880	+	0	0	1	0	0	0
LT934125.1	46913	+	0	0	2	0	0	0
LT934125.1	46947	+	0	0	1	0	0	0
LT934125.1	46948	-	0	0	1	0	0	0
LT934125.1	46950	-	1	0	0	0	0	0
LT934125.1	46961	-	0	0	1	0	0	0
LT934125.1	46964	+	0	0	1	0	0	0
LT934125.1	46978	+	1	0	0	0	0	0
LT934125.1	46980	-	0	0	0	0	1	0
LT934125.1	47003	+	0	0	0	0	1	0
LT934125.1	47005	+	0	0	1	0	0	0
LT934125.1	47008	+	0	0	1	0	1	0
LT934125.1	47010	+	0	0	0	0	1	0
LT934125.1	47011	+	0	0	2	0	0	0
LT934125.1	47027	+	0	0	0	0	0	1
LT934125.1	47039	+	1	0	0	0	0	0
LT934125.1	47058	+	1	0	0	0	0	0
LT934125.1	47076	-	0	0	0	0	0	1
LT934125.1	47077	+	0	0	1	0	0	0
LT934125.1	47108	-	0	0	0	0	1	0
LT934125.1	47140	+	1	0	0	0	0	0
LT934125.1	47143	+	0	0	1	0	0	0
LT934125.1	47146	-	0	0	1	0	0	0
LT934125.1	47152	+	0	0	0	0	1	0
LT934125.1	47188	+	0	0	1	0	0	0
LT934125.1	47192	+	1	0	0	0	0	0
LT934125.1	47203	-	0	0	1	0	0	0
LT934125.1	47250	+	0	0	0	0	1	0
LT934125.1	47267	+	0	0	1	0	0	0
LT934125.1	47282	+	0	0	0	0	0	1
LT934125.1	47285	+	0	0	1	0	0	0
LT934125.1	47293	-	0	0	0	0	0	1
LT934125.1	47294	+	0	0	1	0	0	0
LT934125.1	47310	+	0	0	0	1	0	0
LT934125.1	47311	+	1	0	1	0	0	0
LT934125.1	47313	+	0	0	0	0	5	0
LT934125.1	47315	+	5	0	7	0	11	4
LT934125.1	47316	+	0	0	6	0	0	0
LT934125.1	47317	+	7	0	5	1	0	2
LT934125.1	47318	+	0	0	1	0	0	0
LT934125.1	47319	+	0	0	0	1	0	0
LT934125.1	47320	+	0	1	1	1	2	0
LT934125.1	47328	+	0	0	1	0	0	0
LT934125.1	47364	+	0	0	0	0	0	1
LT934125.1	47377	-	0	0	0	0	1	0
LT934125.1	47392	+	0	0	0	0	1	0
LT934125.1	47414	+	0	0	0	0	1	0
LT934125.1	47424	-	0	0	1	0	0	0
LT934125.1	47487	-	0	0	1	0	0	0
LT934125.1	47488	-	0	0	0	0	1	0
LT934125.1	47491	-	0	0	2	0	0	0
LT934125.1	47525	+	0	0	0	0	1	0
LT934125.1	47556	+	0	0	0	0	1	0
LT934125.1	47559	+	0	0	1	0	0	0
LT934125.1	47562	+	1	0	1	0	1	0
LT934125.1	47568	+	0	0	1	0	0	1
LT934125.1	47570	+	0	0	0	0	1	0
LT934125.1	47572	+	0	0	1	0	1	0
LT934125.1	47612	+	0	0	0	0	1	0
LT934125.1	47637	-	0	0	1	0	0	0
LT934125.1	47641	+	0	0	0	0	1	0
LT934125.1	47642	+	1	0	2	0	3	0
LT934125.1	47644	+	0	0	2	0	0	0
LT934125.1	47648	+	0	0	2	0	0	0
LT934125.1	47666	+	1	0	0	0	0	0
LT934125.1	47667	+	0	0	0	0	1	0
LT934125.1	47668	+	0	0	0	0	1	0
LT934125.1	47669	+	0	0	0	0	1	0
LT934125.1	47677	+	1	0	0	0	0	0
LT934125.1	47681	+	0	0	1	0	0	0
LT934125.1	47683	+	0	0	0	0	0	1
LT934125.1	47685	+	0	0	1	0	1	0
LT934125.1	47696	+	1	0	0	0	0	0
LT934125.1	47699	+	0	0	1	0	2	1
LT934125.1	47702	+	0	0	2	0	0	0
LT934125.1	47725	+	0	0	1	0	0	0
LT934125.1	47731	+	0	0	0	0	1	0
LT934125.1	47733	+	0	0	1	0	0	0
LT934125.1	47735	+	0	1	3	0	1	0
LT934125.1	47737	+	0	0	0	0	1	0
LT934125.1	47740	-	0	0	1	0	0	0
LT934125.1	47744	+	0	0	0	0	1	0
LT934125.1	47759	+	0	0	1	0	0	0
LT934125.1	47766	+	0	0	1	0	0	0
LT934125.1	47768	+	0	0	1	0	0	0
LT934125.1	47772	+	0	0	0	0	1	0
LT934125.1	47785	+	0	0	0	0	1	0
LT934125.1	47788	+	0	0	0	0	1	0
LT934125.1	47799	+	0	0	0	0	0	1
LT934125.1	47802	+	1	0	0	0	2	0
LT934125.1	47807	+	0	0	0	0	1	0
LT934125.1	47825	+	0	0	2	0	0	0
LT934125.1	47826	+	0	0	0	0	0	1
LT934125.1	47834	+	0	0	1	0	0	0
LT934125.1	47862	+	0	0	0	0	3	0
LT934125.1	47866	+	0	0	0	0	1	0
LT934125.1	47877	+	1	0	0	0	0	0
LT934125.1	47890	+	0	0	0	0	0	1
LT934125.1	47897	+	0	1	0	0	1	0
LT934125.1	47898	+	1	0	0	0	1	1
LT934125.1	47909	+	0	0	1	0	0	0
LT934125.1	47915	+	1	0	0	0	0	0
LT934125.1	47939	+	1	0	0	0	0	0
LT934125.1	47954	+	0	0	0	0	1	0
LT934125.1	47959	-	0	0	1	0	0	0
LT934125.1	47963	+	0	0	0	1	0	0
LT934125.1	47964	+	0	0	0	0	0	1
LT934125.1	47969	+	0	0	1	0	0	0
LT934125.1	47972	+	0	0	1	0	0	0
LT934125.1	47992	-	0	0	0	0	1	0
LT934125.1	47998	-	0	0	0	0	1	0
LT934125.1	48012	+	1	0	0	0	0	0
LT934125.1	48016	+	0	0	1	0	3	1
LT934125.1	48017	+	0	0	0	0	1	0
LT934125.1	48020	+	0	0	0	0	1	0
LT934125.1	48039	+	0	0	0	0	0	2
LT934125.1	48042	+	1	0	2	0	0	0
LT934125.1	48052	+	0	0	0	0	1	0
LT934125.1	48066	+	2	0	0	0	0	0
LT934125.1	48070	+	0	0	1	0	0	0
LT934125.1	48080	+	0	0	0	0	1	0
LT934125.1	48085	+	0	0	0	0	1	0
LT934125.1	48104	+	2	0	1	0	0	2
LT934125.1	48114	-	0	0	1	0	0	0
LT934125.1	48115	-	0	0	0	0	1	0
LT934125.1	48126	+	0	0	0	0	1	0
LT934125.1	48127	+	0	0	0	0	0	2
LT934125.1	48162	-	0	0	0	0	1	0
LT934125.1	48172	+	1	0	0	0	0	0
LT934125.1	48173	+	2	0	1	0	1	0
LT934125.1	48174	+	1	0	0	0	1	0
LT934125.1	48184	-	0	0	1	0	0	0
LT934125.1	48188	+	0	0	1	0	0	0
LT934125.1	48209	+	0	1	0	0	0	0
LT934125.1	48220	+	0	0	1	0	0	0
LT934125.1	48221	+	0	0	1	0	0	0
LT934125.1	48222	+	0	0	2	0	0	0
LT934125.1	48223	+	0	1	2	0	3	0
LT934125.1	48224	+	0	0	0	0	1	0
LT934125.1	48225	+	1	0	0	0	0	0
LT934125.1	48254	+	0	0	0	0	1	0
LT934125.1	48259	+	1	0	1	0	0	0
LT934125.1	48262	+	0	0	1	0	0	0
LT934125.1	48266	+	0	1	0	0	2	0
LT934125.1	48267	+	4	0	1	0	0	0
LT934125.1	48270	+	0	0	1	0	0	0
LT934125.1	48275	+	0	0	0	0	1	0
LT934125.1	48276	+	0	0	0	2	0	0
LT934125.1	48277	+	0	0	0	1	0	0
LT934125.1	48278	+	0	0	0	0	1	0
LT934125.1	48279	+	1	0	1	0	0	1
LT934125.1	48289	+	0	0	0	0	0	1
LT934125.1	48291	+	2	0	0	2	0	0
LT934125.1	48292	+	0	0	0	0	3	0
LT934125.1	48294	+	0	0	2	0	0	0
LT934125.1	48295	+	0	0	0	0	1	0
LT934125.1	48299	+	0	0	1	0	0	0
LT934125.1	48301	+	0	1	0	0	0	0
LT934125.1	48309	+	2	0	0	0	0	0
LT934125.1	48310	+	0	0	0	0	0	1
LT934125.1	48320	+	2	0	0	0	0	0
LT934125.1	48322	+	0	0	1	0	0	0
LT934125.1	48328	+	1	0	0	0	0	0
LT934125.1	48331	+	0	0	1	0	0	0
LT934125.1	48332	+	0	0	0	0	0	1
LT934125.1	48333	+	0	0	2	0	0	0
LT934125.1	48335	+	1	0	0	0	1	0
LT934125.1	48338	+	2	0	2	0	0	0
LT934125.1	48340	+	0	0	1	0	0	0
LT934125.1	48341	+	0	0	0	0	0	2
LT934125.1	48346	+	0	0	0	1	0	0
LT934125.1	48347	+	0	0	1	0	0	0
LT934125.1	48348	+	0	0	0	1	0	0
LT934125.1	48349	+	2	1	2	0	1	0
LT934125.1	48350	+	0	0	0	0	1	1
LT934125.1	48352	+	1	0	1	0	2	0
LT934125.1	48362	+	0	0	3	0	0	0
LT934125.1	48363	+	2	1	0	0	2	1
LT934125.1	48372	+	0	0	1	0	0	0
LT934125.1	48374	+	0	0	0	0	0	1
LT934125.1	48377	+	0	0	0	1	0	0
LT934125.1	48406	+	0	0	0	0	1	0
LT934125.1	48407	+	1	0	0	0	0	0
LT934125.1	48412	+	0	0	0	1	5	0
LT934125.1	48418	-	0	0	0	0	1	0
LT934125.1	48419	-	0	0	0	0	1	0
LT934125.1	48425	+	1	0	0	0	0	0
LT934125.1	48435	+	0	0	0	0	1	0
LT934125.1	48440	-	0	0	1	0	0	0
LT934125.1	48445	-	0	0	1	0	0	0
LT934125.1	48468	+	1	0	0	0	0	0
LT934125.1	48470	+	0	0	0	0	2	0
LT934125.1	48470	-	0	0	1	0	0	0
LT934125.1	48479	+	0	0	0	0	1	0
LT934125.1	48481	+	1	0	0	0	0	0
LT934125.1	48483	-	0	1	0	0	0	0
LT934125.1	48486	+	0	0	0	0	2	0
LT934125.1	48486	-	0	0	1	0	0	0
LT934125.1	48491	+	1	0	1	0	1	0
LT934125.1	48492	+	0	1	0	0	0	0
LT934125.1	48493	+	0	0	0	0	12	0
LT934125.1	48494	+	24	0	20	1	0	5
LT934125.1	48496	+	1	0	0	0	1	0
LT934125.1	48502	+	1	0	0	0	0	0
LT934125.1	48505	-	0	0	2	0	0	0
LT934125.1	48511	+	0	0	0	0	1	0
LT934125.1	48513	+	1	0	0	0	0	0
LT934125.1	48514	-	0	0	0	1	1	0
LT934125.1	48515	+	1	0	0	0	0	0
LT934125.1	48518	+	0	0	1	0	0	0
LT934125.1	48523	-	0	0	0	0	1	0
LT934125.1	48529	-	0	0	0	0	1	0
LT934125.1	48530	+	0	0	1	0	1	0
LT934125.1	48532	+	1	0	0	0	0	0
LT934125.1	48534	+	0	0	1	0	0	0
LT934125.1	48535	+	0	0	1	0	0	0
LT934125.1	48554	+	0	0	1	0	0	2
LT934125.1	48556	+	0	0	0	0	2	0
LT934125.1	48559	+	1	0	0	0	0	1
LT934125.1	48560	+	0	0	1	0	0	1
LT934125.1	48561	+	2	0	0	0	0	0
LT934125.1	48563	+	0	0	570	0	0	0
LT934125.1	48565	+	9	3	19	3	9	7
LT934125.1	48566	+	4	9	0	1	0	0
LT934125.1	48567	+	652	58	6	101	350	430
LT934125.1	48568	+	7	1	2	3	5	1
LT934125.1	48569	+	5	0	0	0	3	9
LT934125.1	48570	+	137	0	101	21	50	127
LT934125.1	48571	+	3	0	1	0	0	0
LT934125.1	48572	+	0	0	1	0	0	0
LT934125.1	48573	+	0	0	2	0	0	1
LT934125.1	48575	+	1	2	0	0	0	0
LT934125.1	48579	+	0	0	0	0	0	2
LT934125.1	48581	+	2	0	2	0	2	2
LT934125.1	48582	+	0	0	0	0	0	2
LT934125.1	48592	+	0	0	0	0	1	0
LT934125.1	48601	+	1	0	1	0	0	0
LT934125.1	48602	+	2	0	0	0	0	2
LT934125.1	48604	+	0	0	0	0	2	0
LT934125.1	48611	+	0	0	0	0	2	0
LT934125.1	48612	+	2	0	0	1	0	1
LT934125.1	48612	-	0	0	0	0	1	0
LT934125.1	48613	+	1	0	0	0	1	0
LT934125.1	48614	+	0	0	2	0	0	0
LT934125.1	48616	+	1	0	5	0	0	1
LT934125.1	48617	+	4	0	0	0	0	1
LT934125.1	48620	+	1	0	0	0	0	0
LT934125.1	48621	+	0	0	1	0	0	0
LT934125.1	48644	-	0	0	0	0	2	0
LT934125.1	48647	+	0	0	0	0	2	0
LT934125.1	48656	+	0	0	1	0	0	0
LT934125.1	48658	+	0	0	0	0	1	0
LT934125.1	48670	-	0	0	0	0	1	0
LT934125.1	48673	+	0	0	0	0	1	0
LT934125.1	48686	+	2	0	0	0	0	0
LT934125.1	48689	+	0	0	1	0	1	0
LT934125.1	48690	+	1	0	0	0	0	0
LT934125.1	48691	+	1	0	1	0	1	0
LT934125.1	48692	+	1	0	0	0	0	0
LT934125.1	48694	-	0	0	0	0	1	0
LT934125.1	48695	+	0	0	0	0	1	0
LT934125.1	48696	+	0	0	1	0	0	0
LT934125.1	48709	+	0	0	0	0	1	0
LT934125.1	48711	+	0	1	0	0	1	0
LT934125.1	48712	+	0	0	0	0	1	0
LT934125.1	48714	+	0	0	1	0	0	0
LT934125.1	48715	+	0	0	0	1	0	0
LT934125.1	48716	+	0	1	0	0	0	0
LT934125.1	48723	+	1	0	0	0	0	0
LT934125.1	48723	-	0	0	0	0	1	0
LT934125.1	48731	+	0	0	1	0	0	0
LT934125.1	48739	+	1	0	0	0	0	0
LT934125.1	48745	+	1	0	0	0	0	0
LT934125.1	48748	+	0	0	1	0	2	0
LT934125.1	48749	+	1	0	0	0	0	0
LT934125.1	48750	+	7	0	0	0	3	7
LT934125.1	48755	+	0	0	1	0	0	0
LT934125.1	48758	+	1	0	0	1	0	0
LT934125.1	48763	+	1	0	0	0	0	0
LT934125.1	48764	+	1	0	0	0	2	0
LT934125.1	48765	+	0	1	0	0	0	0
LT934125.1	48766	+	0	0	0	0	1	0
LT934125.1	48767	+	0	0	1	0	0	0
LT934125.1	48768	+	0	0	1	0	0	0
LT934125.1	48769	+	1	0	0	0	0	0
LT934125.1	48770	+	1	0	0	0	1	0
LT934125.1	48772	+	0	1	0	0	0	0
LT934125.1	48773	+	0	0	1	0	0	0
LT934125.1	48775	+	1	0	0	0	0	0
LT934125.1	48780	+	0	0	0	0	1	0
LT934125.1	48784	+	0	0	5	2	0	0
LT934125.1	48785	+	3	1	0	0	2	0
LT934125.1	48786	+	0	0	0	0	2	0
LT934125.1	48788	+	0	0	1	0	0	0
LT934125.1	48790	+	2	0	0	0	0	0
LT934125.1	48794	+	0	0	3	2	0	2
LT934125.1	48796	+	2	1	1	0	0	1
LT934125.1	48801	+	0	0	0	0	2	0
LT934125.1	48804	+	2	0	0	0	0	1
LT934125.1	48809	+	0	0	1	0	0	0
LT934125.1	48810	+	0	0	1	0	0	0
LT934125.1	48815	+	1	0	1	0	0	0
LT934125.1	48826	-	1	0	0	0	0	0
LT934125.1	48827	+	2	0	0	0	0	0
LT934125.1	48828	+	0	0	0	0	1	0
LT934125.1	48830	+	1	0	0	0	0	0
LT934125.1	48832	+	0	0	1	0	0	1
LT934125.1	48836	+	2	0	0	0	0	0
LT934125.1	48842	+	1	0	1	0	0	0
LT934125.1	48848	+	1	0	1	0	0	0
LT934125.1	48857	+	0	0	3	0	0	1
LT934125.1	48858	+	1	0	0	0	0	0
LT934125.1	48859	-	0	0	0	0	1	0
LT934125.1	48874	-	1	0	0	0	1	0
LT934125.1	48875	+	0	0	0	0	1	0
LT934125.1	48878	+	0	0	0	0	0	1
LT934125.1	48880	+	0	0	1	0	0	0
LT934125.1	48882	+	1	0	0	0	0	0
LT934125.1	48886	+	0	0	2	0	0	0
LT934125.1	48887	+	0	0	0	0	0	2
LT934125.1	48890	+	1	0	0	0	1	0
LT934125.1	48897	+	2	0	0	0	0	0
LT934125.1	48899	-	1	0	0	0	0	0
LT934125.1	48902	-	0	0	0	1	0	0
LT934125.1	48903	+	2	0	1	1	0	0
LT934125.1	48904	-	1	0	0	0	0	0
LT934125.1	48905	+	1	0	0	0	0	0
LT934125.1	48910	+	0	0	0	0	1	0
LT934125.1	48912	+	1	0	0	0	0	0
LT934125.1	48914	+	0	0	0	0	1	0
LT934125.1	48916	+	1	0	0	0	0	2
LT934125.1	48917	+	1	0	0	0	0	0
LT934125.1	48918	+	0	1	2	0	0	0
LT934125.1	48925	+	1	0	2	0	1	0
LT934125.1	48926	+	5	0	0	0	1	0
LT934125.1	48927	+	1	0	0	0	0	0
LT934125.1	48928	+	0	0	2	0	2	0
LT934125.1	48929	+	1	0	0	0	0	0
LT934125.1	48931	+	0	0	0	0	1	0
LT934125.1	48939	+	1	0	0	0	0	0
LT934125.1	48941	+	0	0	0	1	0	0
LT934125.1	48943	+	1	0	0	0	0	0
LT934125.1	48947	+	0	0	0	0	1	0
LT934125.1	48950	+	1	0	1	1	0	0
LT934125.1	48960	+	0	0	0	0	0	1
LT934125.1	48964	+	1	0	0	0	0	0
LT934125.1	48965	-	0	0	1	0	0	0
LT934125.1	48967	+	0	0	0	0	1	0
LT934125.1	48972	+	1	0	1	0	0	0
LT934125.1	48973	-	1	0	0	0	1	0
LT934125.1	48977	+	0	0	1	0	0	0
LT934125.1	48980	+	2	0	0	0	0	0
LT934125.1	48985	+	0	0	0	0	0	1
LT934125.1	48988	+	0	0	0	0	0	3
LT934125.1	48989	+	0	2	0	0	0	0
LT934125.1	48990	+	1	0	1	0	0	3
LT934125.1	48993	+	0	0	0	0	0	3
LT934125.1	48995	+	0	3	0	0	1	0
LT934125.1	48996	+	0	0	3	0	0	0
LT934125.1	49008	+	0	0	0	0	1	0
LT934125.1	49012	+	2	0	1	0	0	0
LT934125.1	49014	+	1	0	0	0	0	0
LT934125.1	49016	+	0	0	0	0	2	0
LT934125.1	49017	+	3	0	2	0	0	1
LT934125.1	49019	+	1	1	0	0	0	6
LT934125.1	49021	+	0	0	0	0	1	0
LT934125.1	49022	+	2	0	0	0	0	1
LT934125.1	49024	+	1	0	0	0	0	0
LT934125.1	49025	+	6	0	0	0	3	0
LT934125.1	49031	-	2	0	0	0	0	0
LT934125.1	49041	+	1	0	2	0	0	0
LT934125.1	49042	+	1	0	0	0	1	0
LT934125.1	49043	+	2	1	0	0	1	0
LT934125.1	49045	+	1	0	0	0	0	0
LT934125.1	49046	+	2	0	0	0	0	0
LT934125.1	49047	+	0	0	1	0	1	0
LT934125.1	49051	+	0	0	0	0	1	0
LT934125.1	49058	+	0	1	0	0	2	0
LT934125.1	49059	+	5	0	0	0	0	4
LT934125.1	49063	-	0	0	0	0	1	0
LT934125.1	49064	+	1	0	0	0	0	0
LT934125.1	49065	+	0	0	0	0	2	0
LT934125.1	49065	-	0	0	0	0	0	1
LT934125.1	49066	+	0	1	0	0	0	0
LT934125.1	49067	+	0	0	0	0	0	1
LT934125.1	49070	-	0	0	0	0	0	1
LT934125.1	49082	+	0	0	0	1	0	0
LT934125.1	49084	+	1	0	2	0	0	1
LT934125.1	49085	+	0	0	0	0	0	1
LT934125.1	49091	+	1	0	0	0	0	0
LT934125.1	49112	+	0	0	0	0	1	1
LT934125.1	49113	+	0	0	0	0	0	1
LT934125.1	49114	+	0	0	5	1	0	0
LT934125.1	49115	+	2	0	3	0	2	4
LT934125.1	49116	+	5	1	0	0	3	0
LT934125.1	49117	-	0	0	0	0	1	0
LT934125.1	49118	+	1	0	1	0	1	0
LT934125.1	49120	-	0	0	0	0	11	0
LT934125.1	49121	-	0	0	0	0	5	0
LT934125.1	49123	-	0	0	1	0	1	0
LT934125.1	49124	-	0	0	0	0	1	0
LT934125.1	49127	+	1	0	0	0	1	0
LT934125.1	49129	-	1	0	0	0	0	0
LT934125.1	49132	+	1	0	0	0	0	0
LT934125.1	49135	+	0	0	2	0	0	0
LT934125.1	49139	+	0	0	1	0	0	0
LT934125.1	49147	+	1	0	0	0	0	0
LT934125.1	49149	-	0	0	1	0	0	0
LT934125.1	49150	+	0	0	0	0	1	0
LT934125.1	49154	+	0	1	0	0	0	0
LT934125.1	49160	-	1	0	0	0	0	0
LT934125.1	49162	+	0	0	0	0	1	0
LT934125.1	49166	+	0	0	1	0	0	0
LT934125.1	49169	+	1	0	1	0	0	0
LT934125.1	49169	-	1	0	0	0	0	0
LT934125.1	49174	+	0	0	1	0	0	0
LT934125.1	49174	-	0	0	1	0	0	1
LT934125.1	49175	+	3	0	1	1	1	1
LT934125.1	49179	-	0	0	0	0	1	0
LT934125.1	49184	-	1	0	0	0	0	0
LT934125.1	49187	+	0	0	0	0	1	0
LT934125.1	49188	+	1	0	0	0	0	0
LT934125.1	49193	+	0	0	0	0	5	0
LT934125.1	49195	+	0	0	0	0	1	0
LT934125.1	49195	-	0	0	1	0	0	0
LT934125.1	49196	+	7	0	4	0	6	0
LT934125.1	49198	-	0	0	0	0	1	0
LT934125.1	49199	+	0	0	1	0	0	0
LT934125.1	49202	+	1	1	0	0	0	0
LT934125.1	49206	+	1	0	0	0	0	0
LT934125.1	49207	+	0	0	0	0	2	0
LT934125.1	49209	+	0	0	2	0	0	1
LT934125.1	49210	-	0	0	0	0	1	0
LT934125.1	49213	+	0	0	0	0	1	0
LT934125.1	49217	+	0	0	0	0	1	0
LT934125.1	49223	+	1	0	1	1	0	0
LT934125.1	49224	+	3	0	8	1	4	2
LT934125.1	49224	-	0	0	1	0	0	0
LT934125.1	49226	+	2	0	1	0	1	0
LT934125.1	49227	-	0	0	0	0	1	0
LT934125.1	49228	+	0	0	0	0	1	0
LT934125.1	49229	+	0	0	0	0	2	0
LT934125.1	49231	+	0	0	0	0	2	0
LT934125.1	49239	+	0	0	1	0	0	1
LT934125.1	49242	+	0	0	0	0	1	0
LT934125.1	49250	+	1	0	0	0	0	0
LT934125.1	49256	-	1	0	0	0	0	0
LT934125.1	49261	+	1	0	0	0	0	0
LT934125.1	49262	+	0	0	0	1	0	0
LT934125.1	49263	+	1	0	0	0	0	1
LT934125.1	49264	+	0	0	1	0	0	0
LT934125.1	49265	+	4	0	0	0	0	1
LT934125.1	49272	+	3	0	0	0	0	0
LT934125.1	49276	-	0	0	0	0	1	0
LT934125.1	49277	+	0	0	0	0	3	0
LT934125.1	49282	-	0	0	0	0	1	0
LT934125.1	49283	+	1	0	0	0	1	0
LT934125.1	49285	+	0	0	0	0	2	0
LT934125.1	49286	+	0	0	0	1	0	0
LT934125.1	49307	+	0	0	0	0	1	0
LT934125.1	49309	-	0	0	0	0	1	0
LT934125.1	49310	-	0	0	0	0	1	0
LT934125.1	49312	-	1	0	0	0	0	0
LT934125.1	49328	+	0	0	2	0	0	0
LT934125.1	49329	+	0	0	0	0	1	0
LT934125.1	49330	+	0	0	0	0	2	0
LT934125.1	49331	+	2	0	2	1	1	0
LT934125.1	49333	+	0	0	0	0	0	1
LT934125.1	49343	+	1	0	0	0	0	0
LT934125.1	49355	+	0	0	0	0	2	0
LT934125.1	49356	+	2	0	0	0	0	0
LT934125.1	49361	+	1	0	0	0	0	0
LT934125.1	49362	+	0	0	0	0	1	0
LT934125.1	49366	-	0	0	0	0	2	0
LT934125.1	49368	-	0	0	0	0	1	0
LT934125.1	49369	+	0	0	0	0	1	0
LT934125.1	49373	+	0	0	0	0	1	2
LT934125.1	49378	+	1	0	0	0	0	0
LT934125.1	49382	-	1	0	0	0	0	0
LT934125.1	49388	+	1	0	0	0	0	0
LT934125.1	49392	-	3	0	0	0	0	0
LT934125.1	49393	+	0	0	0	0	1	0
LT934125.1	49395	+	1	0	0	0	1	0
LT934125.1	49400	+	0	1	0	0	1	0
LT934125.1	49401	+	1	0	1	0	0	1
LT934125.1	49409	+	1	0	0	0	0	0
LT934125.1	49416	+	0	0	1	0	0	0
LT934125.1	49420	+	0	0	0	0	1	0
LT934125.1	49422	+	0	0	1	0	0	0
LT934125.1	49433	+	1	0	0	0	0	0
LT934125.1	49435	+	0	0	0	0	3	0
LT934125.1	49436	+	0	0	0	0	3	1
LT934125.1	49444	+	1	0	0	0	0	0
LT934125.1	49450	-	0	0	1	0	0	0
LT934125.1	49467	+	0	0	0	0	1	0
LT934125.1	49475	+	1	0	0	0	0	0
LT934125.1	49482	-	0	0	1	0	0	0
LT934125.1	49486	+	1	0	1	0	0	0
LT934125.1	49486	-	0	0	0	0	1	0
LT934125.1	49501	+	0	0	0	0	1	1
LT934125.1	49503	+	1	0	0	0	1	0
LT934125.1	49504	+	1	0	1	0	1	0
LT934125.1	49506	+	2	0	8	0	3	1
LT934125.1	49508	+	0	0	0	0	1	0
LT934125.1	49519	-	0	0	1	0	0	0
LT934125.1	49537	-	0	0	1	0	0	0
LT934125.1	49543	+	0	0	1	0	0	0
LT934125.1	49574	+	1	0	0	0	0	0
LT934125.1	49576	+	1	0	0	0	0	0
LT934125.1	49577	+	1	0	0	0	0	0
LT934125.1	49578	+	0	0	0	0	2	0
LT934125.1	49579	+	0	0	0	0	2	1
LT934125.1	49580	+	0	0	0	0	4	0
LT934125.1	49599	+	1	0	0	0	0	0
LT934125.1	49599	-	0	0	1	0	1	0
LT934125.1	49602	-	0	0	0	0	1	0
LT934125.1	49604	-	0	0	0	0	7	0
LT934125.1	49616	+	0	0	0	0	4	0
LT934125.1	49616	-	0	1	1	0	0	0
LT934125.1	49617	+	1	0	1	0	0	0
LT934125.1	49618	+	0	0	0	0	1	0
LT934125.1	49631	+	0	0	0	0	1	0
LT934125.1	49634	+	0	0	0	0	1	0
LT934125.1	49636	+	0	0	0	0	1	0
LT934125.1	49648	+	0	0	0	0	1	0
LT934125.1	49649	+	0	0	0	0	1	0
LT934125.1	49653	+	0	0	0	0	2	0
LT934125.1	49654	+	0	0	1	0	1	0
LT934125.1	49655	+	0	0	0	0	1	0
LT934125.1	49656	+	0	0	1	0	2	0
LT934125.1	49657	+	0	0	0	0	1	0
LT934125.1	49660	+	0	0	2	0	2	0
LT934125.1	49662	+	0	0	0	0	1	0
LT934125.1	49674	+	0	0	0	0	1	0
LT934125.1	49675	+	0	0	0	0	1	0
LT934125.1	49676	+	0	0	0	0	2	0
LT934125.1	49681	+	1	0	0	0	0	0
LT934125.1	49684	+	0	0	1	0	1	0
LT934125.1	49687	+	0	0	0	0	2	0
LT934125.1	49691	+	0	0	0	0	3	0
LT934125.1	49693	+	0	0	0	0	1	0
LT934125.1	49698	+	0	0	0	0	1	0
LT934125.1	49703	+	0	0	0	0	2	0
LT934125.1	49705	+	0	0	1	0	1	0
LT934125.1	49711	+	1	0	0	0	0	0
LT934125.1	49716	+	0	0	0	0	1	0
LT934125.1	49717	+	0	0	0	0	3	0
LT934125.1	49724	+	1	0	0	0	1	0
LT934125.1	49725	+	0	0	1	0	3	0
LT934125.1	49726	+	0	0	0	0	3	0
LT934125.1	49737	+	0	0	0	0	3	0
LT934125.1	49738	+	0	0	0	0	4	0
LT934125.1	49743	+	0	0	0	0	1	0
LT934125.1	49746	+	0	0	1	0	0	0
LT934125.1	49749	+	0	0	0	0	1	0
LT934125.1	49750	+	0	0	0	0	1	0
LT934125.1	49756	+	0	0	0	0	1	0
LT934125.1	49760	+	0	0	2	0	4	0
LT934125.1	49761	+	0	0	0	0	2	0
LT934125.1	49762	+	0	0	0	0	1	0
LT934125.1	49763	+	0	0	1	0	0	0
LT934125.1	49777	+	0	0	0	0	3	0
LT934125.1	49781	+	0	0	0	0	1	0
LT934125.1	49796	+	0	0	0	0	1	0
LT934125.1	49797	+	0	0	0	0	1	0
LT934125.1	49806	+	1	0	0	0	0	0
LT934125.1	49817	+	0	0	0	0	1	0
LT934125.1	49820	-	0	0	0	0	1	0
LT934125.1	49831	+	0	0	1	0	0	0
LT934125.1	49834	+	0	0	1	0	1	0
LT934125.1	49835	+	0	0	0	0	4	0
LT934125.1	49836	+	0	0	1	0	1	0
LT934125.1	49841	+	0	0	0	0	1	0
LT934125.1	49848	+	1	0	0	0	0	0
LT934125.1	49849	+	0	0	0	0	1	0
LT934125.1	49860	+	0	0	0	0	1	0
LT934125.1	49862	+	0	0	0	0	1	0
LT934125.1	49865	-	0	0	0	0	1	0
LT934125.1	49871	+	1	0	0	0	1	0
LT934125.1	49874	+	0	0	0	0	1	0
LT934125.1	49875	+	0	0	0	0	1	0
LT934125.1	49877	+	0	0	0	0	1	0
LT934125.1	49882	+	0	0	0	0	1	0
LT934125.1	49896	+	0	0	0	0	1	0
LT934125.1	49903	+	0	0	0	0	1	0
LT934125.1	49905	+	0	0	0	0	1	0
LT934125.1	49906	+	0	0	0	0	1	0
LT934125.1	49915	+	0	0	0	0	2	0
LT934125.1	49922	+	0	0	0	0	1	0
LT934125.1	49928	+	0	0	0	0	1	0
LT934125.1	49937	+	0	0	0	0	3	0
LT934125.1	49939	+	0	0	0	0	1	0
LT934125.1	49946	-	0	0	0	0	1	0
LT934125.1	49948	+	0	0	0	0	3	0
LT934125.1	49949	+	0	0	0	0	1	0
LT934125.1	49950	+	0	0	0	0	1	0
LT934125.1	49958	+	0	0	0	0	2	0
LT934125.1	49959	+	0	0	0	0	6	0
LT934125.1	49961	+	0	0	0	0	1	0
LT934125.1	49987	+	0	0	0	0	1	0
LT934125.1	49990	+	0	0	0	0	5	0
LT934125.1	49995	+	0	0	0	0	4	0
LT934125.1	49996	+	0	0	0	0	2	0
LT934125.1	49997	+	0	0	0	0	2	0
LT934125.1	50000	+	0	0	0	0	1	0
LT934125.1	50007	+	0	0	0	0	1	0
LT934125.1	50008	+	0	0	0	0	1	0
LT934125.1	50011	+	0	0	0	0	1	0
LT934125.1	50024	+	0	0	0	0	1	0
LT934125.1	50025	+	0	0	0	0	4	0
LT934125.1	50067	+	0	0	0	0	1	0
LT934125.1	50074	-	0	0	1	0	0	0
LT934125.1	50079	+	0	0	0	0	1	0
LT934125.1	50111	+	0	0	0	0	1	0
LT934125.1	50117	+	0	0	1	0	0	0
LT934125.1	50125	+	0	0	0	0	1	0
LT934125.1	50133	-	1	0	0	0	0	0
LT934125.1	50142	+	1	0	0	0	0	0
LT934125.1	50146	-	0	0	1	0	0	0
LT934125.1	50147	+	0	0	1	0	0	0
LT934125.1	50151	+	0	0	0	0	1	0
LT934125.1	50151	-	2	0	0	0	0	0
LT934125.1	50152	+	0	0	0	0	1	0
LT934125.1	50154	+	0	0	2	0	0	2
LT934125.1	50155	+	0	0	0	0	1	0
LT934125.1	50156	+	1	0	2	0	1	1
LT934125.1	50159	+	1	0	0	0	0	0
LT934125.1	50164	+	0	0	0	1	0	0
LT934125.1	50182	+	0	0	0	0	1	0
LT934125.1	50189	+	0	0	1	0	0	0
LT934125.1	50194	+	1	0	0	0	1	0
LT934125.1	50197	+	0	0	2	0	2	0
LT934125.1	50230	+	0	0	0	0	1	0
LT934125.1	50255	-	0	0	0	0	1	0
LT934125.1	50319	+	0	0	0	0	1	0
LT934125.1	50338	-	1	0	0	0	0	0
LT934125.1	50346	-	0	0	0	0	2	0
LT934125.1	50350	-	3	0	0	0	0	0
LT934125.1	50365	+	1	0	0	0	0	0
LT934125.1	50366	-	1	0	0	0	0	0
LT934125.1	50369	-	1	0	0	0	0	0
LT934125.1	50370	-	1	0	4	1	23	0
LT934125.1	50373	-	0	0	2	0	0	0
LT934125.1	50376	-	0	0	5	2	0	0
LT934125.1	50379	+	0	0	0	0	1	0
LT934125.1	50379	-	0	0	0	0	2	0
LT934125.1	50398	+	0	0	0	0	1	0
LT934125.1	50412	-	0	0	1	0	0	0
LT934125.1	50424	-	1	0	0	0	0	0
LT934125.1	50425	+	1	0	0	0	0	0
LT934125.1	50434	-	0	0	0	0	1	0
LT934125.1	50446	-	1	0	0	0	1	0
LT934125.1	50472	-	0	0	0	0	1	0
LT934125.1	50490	-	1	0	1	0	0	1
LT934125.1	50492	-	1	1	2	0	1	1
LT934125.1	50495	-	0	0	1	0	0	0
LT934125.1	50498	-	1	0	1	0	1	0
LT934125.1	50500	-	0	0	1	0	1	0
LT934125.1	50518	-	0	0	0	0	1	0
LT934125.1	50521	-	0	1	0	0	3	1
LT934125.1	50527	+	0	0	1	0	0	0
LT934125.1	50533	-	0	0	0	0	1	0
LT934125.1	50534	-	0	0	0	0	2	0
LT934125.1	50538	-	0	0	0	0	1	0
LT934125.1	50544	-	0	0	2	0	0	0
LT934125.1	50551	+	1	0	0	0	0	0
LT934125.1	50553	-	0	0	0	0	1	0
LT934125.1	50555	-	0	0	0	1	0	0
LT934125.1	50563	-	0	0	0	0	1	0
LT934125.1	50569	-	0	0	0	0	1	1
LT934125.1	50572	-	0	0	1	0	0	0
LT934125.1	50575	-	0	0	0	0	2	0
LT934125.1	50592	-	0	0	1	0	3	0
LT934125.1	50595	-	1	0	0	0	0	0
LT934125.1	50604	-	0	0	0	0	1	0
LT934125.1	50606	-	1	0	0	0	0	0
LT934125.1	50609	+	0	0	0	0	1	0
LT934125.1	50616	-	0	0	0	0	2	0
LT934125.1	50628	-	0	0	0	0	1	0
LT934125.1	50629	+	1	0	0	0	0	0
LT934125.1	50629	-	1	0	0	0	0	0
LT934125.1	50631	-	0	0	1	1	1	0
LT934125.1	50635	-	1	0	0	0	1	0
LT934125.1	50636	-	0	0	0	0	1	0
LT934125.1	50637	-	0	0	0	0	1	1
LT934125.1	50639	-	1	0	0	2	1	0
LT934125.1	50641	-	1	0	2	0	2	0
LT934125.1	50642	-	0	0	7	0	0	0
LT934125.1	50644	-	0	0	1	0	0	2
LT934125.1	50647	-	1	0	0	0	0	0
LT934125.1	50649	-	0	0	0	1	0	0
LT934125.1	50650	-	0	0	0	0	1	0
LT934125.1	50651	+	0	0	0	0	1	0
LT934125.1	50663	-	3	0	0	0	0	0
LT934125.1	50666	-	0	0	2	0	0	1
LT934125.1	50670	-	0	0	1	0	0	0
LT934125.1	50672	-	0	0	0	0	1	0
LT934125.1	50676	-	0	0	1	0	0	0
LT934125.1	50677	+	0	0	1	0	0	0
LT934125.1	50679	+	0	0	1	0	0	0
LT934125.1	50685	-	0	0	0	0	1	0
LT934125.1	50689	-	0	0	1	0	0	0
LT934125.1	50690	-	0	0	0	0	1	0
LT934125.1	50696	+	0	0	0	0	1	0
LT934125.1	50701	-	0	0	0	0	1	0
LT934125.1	50706	-	1	0	1	0	0	0
LT934125.1	50712	-	0	0	1	0	2	0
LT934125.1	50717	-	0	0	0	0	1	0
LT934125.1	50723	+	0	0	0	0	1	0
LT934125.1	50724	-	0	0	1	0	0	0
LT934125.1	50790	-	0	0	1	0	0	0
LT934125.1	50803	-	0	0	0	0	0	1
LT934125.1	50805	-	0	0	0	0	1	0
LT934125.1	50806	-	1	0	0	0	0	0
LT934125.1	50809	+	1	0	0	0	0	0
LT934125.1	50817	-	3	2	0	0	5	2
LT934125.1	50818	-	0	0	3	0	0	0
LT934125.1	50823	-	1	0	0	0	2	0
LT934125.1	50835	-	0	0	0	0	1	0
LT934125.1	50850	-	0	0	1	0	0	0
LT934125.1	50862	-	2	0	0	0	0	1
LT934125.1	50863	-	0	0	0	0	4	0
LT934125.1	50868	+	0	0	0	0	1	0
LT934125.1	50876	+	0	0	0	0	1	0
LT934125.1	50877	+	1	0	0	0	0	0
LT934125.1	50881	+	0	0	1	0	0	0
LT934125.1	50885	+	0	0	0	0	1	0
LT934125.1	50892	-	1	0	0	0	0	0
LT934125.1	50910	+	0	0	1	0	0	0
LT934125.1	50913	-	0	0	1	0	0	0
LT934125.1	50922	-	0	0	0	0	1	0
LT934125.1	50931	-	0	0	1	0	0	0
LT934125.1	50935	-	0	0	0	0	1	0
LT934125.1	50946	+	1	0	0	0	0	0
LT934125.1	50957	+	0	0	0	0	1	0
LT934125.1	50968	+	0	0	1	0	0	0
LT934125.1	50968	-	0	0	0	1	0	0
LT934125.1	50971	-	0	0	0	1	0	0
LT934125.1	50977	-	0	0	2	0	4	1
LT934125.1	50982	-	1	0	0	0	0	0
LT934125.1	50983	-	0	0	1	0	0	0
LT934125.1	50985	-	1	0	0	0	2	0
LT934125.1	50986	-	1	0	3	0	4	0
LT934125.1	50988	-	0	0	1	0	1	1
LT934125.1	50998	-	1	0	0	0	1	1
LT934125.1	50999	-	0	0	2	0	2	0
LT934125.1	51002	-	0	0	0	0	1	0
LT934125.1	51005	-	0	0	0	0	0	2
LT934125.1	51007	-	0	0	1	0	0	0
LT934125.1	51019	+	0	0	1	0	0	0
LT934125.1	51037	-	0	0	0	0	0	1
LT934125.1	51052	-	1	1	4	0	2	0
LT934125.1	51053	-	0	0	1	0	0	0
LT934125.1	51054	-	0	0	0	0	1	0
LT934125.1	51055	-	0	0	4	0	2	0
LT934125.1	51056	-	0	0	0	1	2	0
LT934125.1	51065	-	1	1	0	0	2	0
LT934125.1	51067	-	0	0	1	0	0	0
LT934125.1	51069	-	0	0	0	0	1	0
LT934125.1	51084	-	0	0	0	0	2	0
LT934125.1	51085	-	0	0	1	0	1	0
LT934125.1	51092	-	0	0	0	0	3	0
LT934125.1	51094	-	2	0	6	0	16	1
LT934125.1	51097	-	0	0	1	1	2	0
LT934125.1	51114	-	0	0	0	0	3	0
LT934125.1	51138	-	0	0	1	0	0	0
LT934125.1	51140	-	0	0	0	0	1	0
LT934125.1	51141	-	1	0	1	0	0	2
LT934125.1	51144	-	0	1	3	0	5	0
LT934125.1	51145	-	0	0	0	0	2	0
LT934125.1	51146	+	0	0	0	0	1	0
LT934125.1	51146	-	0	0	0	0	20	7
LT934125.1	51147	+	0	0	0	1	0	0
LT934125.1	51147	-	26	11	95	14	340	25
LT934125.1	51148	+	1	0	3	0	21	0
LT934125.1	51148	-	0	0	0	0	69	0
LT934125.1	51149	+	0	0	0	0	2	0
LT934125.1	51149	-	1	0	1	0	0	0
LT934125.1	51150	+	1	0	1	0	12	0
LT934125.1	51150	-	0	0	0	0	0	8
LT934125.1	51151	+	0	0	0	0	1	0
LT934125.1	51152	+	0	0	0	0	4	0
LT934125.1	51154	+	0	0	0	0	1	0
LT934125.1	51164	-	0	0	0	0	1	0
LT934125.1	51180	-	0	0	0	0	1	0
LT934125.1	51182	-	1	0	3	0	24	1
LT934125.1	51184	-	1	0	1	0	7	0
LT934125.1	51199	+	1	0	0	0	3	0
LT934125.1	51203	+	0	0	0	0	1	0
LT934125.1	51208	-	0	0	1	0	0	0
LT934125.1	51215	-	1	0	0	0	0	0
LT934125.1	51223	-	0	0	0	0	1	0
LT934125.1	51230	+	2	0	0	0	0	0
LT934125.1	51231	+	0	0	1	0	0	0
LT934125.1	51232	+	0	0	6	0	3	0
LT934125.1	51233	+	0	0	0	18	0	0
LT934125.1	51234	+	0	0	0	0	8	0
LT934125.1	51235	+	136	18	535	54	1324	158
LT934125.1	51236	+	6	1	26	0	66	7
LT934125.1	51237	+	72	3	230	0	665	78
LT934125.1	51238	+	0	0	0	0	7	2
LT934125.1	51239	+	8	0	20	0	41	7
LT934125.1	51240	+	0	0	1	0	1	0
LT934125.1	51241	+	0	0	1	0	0	0
LT934125.1	51244	-	0	0	0	0	1	0
LT934125.1	51246	+	0	0	0	0	2	0
LT934125.1	51249	+	0	0	1	0	0	0
LT934125.1	51250	+	0	0	0	0	2	0
LT934125.1	51252	+	0	0	0	0	1	0
LT934125.1	51253	+	0	0	0	0	1	0
LT934125.1	51265	+	0	0	0	0	1	0
LT934125.1	51278	+	0	0	0	0	0	1
LT934125.1	51289	+	1	0	0	0	0	0
LT934125.1	51293	+	0	0	0	0	1	0
LT934125.1	51296	+	0	0	0	0	0	2
LT934125.1	51300	+	1	0	0	0	3	1
LT934125.1	51304	+	0	0	0	0	1	0
LT934125.1	51307	+	0	0	3	1	0	0
LT934125.1	51307	-	0	0	0	0	1	0
LT934125.1	51308	-	1	0	0	0	0	0
LT934125.1	51322	-	1	0	0	0	0	0
LT934125.1	51323	+	1	0	0	0	0	0
LT934125.1	51337	+	0	0	1	0	0	0
LT934125.1	51339	+	0	0	0	0	1	0
LT934125.1	51370	+	0	0	0	0	1	0
LT934125.1	51374	+	0	0	0	0	1	0
LT934125.1	51390	+	0	0	0	0	1	0
LT934125.1	51394	+	1	0	0	0	0	0
LT934125.1	51406	+	0	0	0	0	1	0
LT934125.1	51407	-	0	0	0	0	1	0
LT934125.1	51413	+	0	0	0	0	1	0
LT934125.1	51437	-	0	0	1	0	0	0
LT934125.1	51451	-	0	0	0	0	1	0
LT934125.1	51456	-	0	0	0	0	1	0
LT934125.1	51457	-	0	0	0	0	2	0
LT934125.1	51464	+	1	0	0	0	0	0
LT934125.1	51470	+	0	0	0	0	1	0
LT934125.1	51471	+	1	0	0	0	0	0
LT934125.1	51477	-	0	0	2	0	0	0
LT934125.1	51488	+	0	0	0	0	1	0
LT934125.1	51492	+	0	0	0	0	1	0
LT934125.1	51493	+	0	0	0	0	1	0
LT934125.1	51502	-	1	0	1	0	0	0
LT934125.1	51503	+	0	0	0	0	1	0
LT934125.1	51506	+	0	0	0	0	1	0
LT934125.1	51509	-	0	0	0	0	1	0
LT934125.1	51512	-	0	0	1	0	0	0
LT934125.1	51513	+	0	0	0	0	1	0
LT934125.1	51524	+	0	0	0	0	1	0
LT934125.1	51525	+	0	0	1	0	0	2
LT934125.1	51534	-	0	0	1	0	0	0
LT934125.1	51536	+	0	0	0	0	2	0
LT934125.1	51536	-	0	0	1	0	0	0
LT934125.1	51537	+	1	0	0	0	0	0
LT934125.1	51538	-	0	0	1	0	0	0
LT934125.1	51550	-	1	0	0	0	0	0
LT934125.1	51555	+	0	0	1	0	0	0
LT934125.1	51560	-	0	0	0	0	2	0
LT934125.1	51565	-	0	0	1	0	0	0
LT934125.1	51570	+	0	0	0	0	1	0
LT934125.1	51572	+	0	0	0	0	1	0
LT934125.1	51581	+	0	0	0	0	1	0
LT934125.1	51586	+	0	0	0	1	0	1
LT934125.1	51588	+	0	0	0	1	0	0
LT934125.1	51589	+	0	0	0	0	2	0
LT934125.1	51597	+	1	0	1	0	0	0
LT934125.1	51600	+	1	0	0	0	1	1
LT934125.1	51601	+	0	0	0	0	1	1
LT934125.1	51608	-	0	0	1	0	0	0
LT934125.1	51620	+	0	0	0	0	2	0
LT934125.1	51634	-	0	0	1	0	0	0
LT934125.1	51636	-	0	0	1	0	0	1
LT934125.1	51649	+	1	0	0	0	0	0
LT934125.1	51657	+	0	0	0	0	1	0
LT934125.1	51680	+	0	0	0	1	0	0
LT934125.1	51681	+	3	0	0	0	6	1
LT934125.1	51682	+	1	0	0	0	0	0
LT934125.1	51689	+	0	0	0	0	2	0
LT934125.1	51690	+	1	0	1	0	1	0
LT934125.1	51696	+	0	0	0	0	1	0
LT934125.1	51698	+	0	0	1	0	0	1
LT934125.1	51699	+	0	0	0	0	0	1
LT934125.1	51700	+	0	0	0	0	2	0
LT934125.1	51700	-	0	0	0	0	1	0
LT934125.1	51702	+	0	0	0	0	1	0
LT934125.1	51703	+	0	0	1	0	0	0
LT934125.1	51719	+	0	0	0	0	1	0
LT934125.1	51720	+	0	0	0	0	0	1
LT934125.1	51724	+	1	0	0	0	0	0
LT934125.1	51730	+	0	0	0	0	1	0
LT934125.1	51731	+	0	0	1	0	0	0
LT934125.1	51737	+	0	0	1	0	0	0
LT934125.1	51738	+	0	0	3	2	2	0
LT934125.1	51739	+	1	0	0	0	7	1
LT934125.1	51752	+	0	0	1	0	2	0
LT934125.1	51753	+	0	0	1	0	0	0
LT934125.1	51754	+	1	0	0	0	1	0
LT934125.1	51757	+	0	0	0	0	4	0
LT934125.1	51759	+	2	0	0	0	0	0
LT934125.1	51769	+	0	0	1	0	1	0
LT934125.1	51771	+	1	0	0	0	0	0
LT934125.1	51791	+	0	0	0	0	1	0
LT934125.1	51801	+	0	0	1	0	0	0
LT934125.1	51803	+	0	0	0	0	1	0
LT934125.1	51813	+	1	0	1	0	0	1
LT934125.1	51837	+	0	0	0	0	1	0
LT934125.1	51839	+	0	0	0	0	1	0
LT934125.1	51845	+	0	0	1	0	0	0
LT934125.1	51883	-	0	0	0	0	1	0
LT934125.1	51891	-	1	0	0	0	0	0
LT934125.1	51892	+	1	0	0	0	0	0
LT934125.1	51894	+	1	0	0	0	0	0
LT934125.1	51900	+	1	0	0	1	0	0
LT934125.1	51901	+	0	0	0	0	2	0
LT934125.1	51903	+	0	0	1	0	0	1
LT934125.1	51904	+	0	0	1	0	0	0
LT934125.1	51905	+	1	0	0	0	2	0
LT934125.1	51917	+	0	0	0	0	1	0
LT934125.1	51925	+	1	0	0	0	0	0
LT934125.1	51928	+	0	0	0	0	2	0
LT934125.1	51935	+	0	0	1	0	0	0
LT934125.1	51935	-	0	0	0	0	1	0
LT934125.1	51942	+	0	0	1	0	0	0
LT934125.1	51957	+	0	0	4	0	0	0
LT934125.1	51958	+	1	0	0	0	0	0
LT934125.1	51959	+	0	0	2	0	0	0
LT934125.1	51960	+	1	0	0	0	2	0
LT934125.1	51962	+	0	0	0	0	2	0
LT934125.1	51963	+	0	0	0	0	2	0
LT934125.1	51978	+	0	0	0	0	1	0
LT934125.1	51982	+	0	0	0	0	1	0
LT934125.1	51984	-	0	0	1	0	0	0
LT934125.1	51985	+	1	0	0	0	0	0
LT934125.1	51986	+	0	0	0	0	1	0
LT934125.1	51989	+	0	0	0	0	15	0
LT934125.1	51990	+	5	0	5	1	0	2
LT934125.1	52020	+	0	0	0	0	1	0
LT934125.1	52023	+	0	0	0	0	1	0
LT934125.1	52024	+	2	0	0	0	0	0
LT934125.1	52027	+	0	0	0	0	0	3
LT934125.1	52029	+	0	0	13	0	0	0
LT934125.1	52030	+	11	0	0	0	37	0
LT934125.1	52031	+	0	0	0	0	3	0
LT934125.1	52034	+	0	0	0	0	1	0
LT934125.1	52035	+	0	0	0	0	0	1
LT934125.1	52036	+	0	1	0	0	0	0
LT934125.1	52037	+	0	0	0	0	2	0
LT934125.1	52039	+	0	0	0	0	2	0
LT934125.1	52041	+	0	0	0	0	1	0
LT934125.1	52043	+	0	0	0	0	1	0
LT934125.1	52044	+	1	0	0	0	0	0
LT934125.1	52046	+	0	0	0	0	47	0
LT934125.1	52047	+	14	0	4	2	0	7
LT934125.1	52048	+	0	0	0	0	1	0
LT934125.1	52049	+	0	0	0	0	0	1
LT934125.1	52050	+	0	0	0	0	1	0
LT934125.1	52051	+	0	0	0	0	6	0
LT934125.1	52052	+	1	0	1	0	0	1
LT934125.1	52053	+	1	0	0	0	0	0
LT934125.1	52057	+	0	0	0	0	1	0
LT934125.1	52074	+	2	0	0	0	0	0
LT934125.1	52081	+	0	0	0	0	1	0
LT934125.1	52084	+	0	0	0	0	2	0
LT934125.1	52087	+	0	0	0	0	0	1
LT934125.1	52088	+	0	0	0	0	9	0
LT934125.1	52091	+	1	0	0	0	1	0
LT934125.1	52096	+	0	0	0	0	1	0
LT934125.1	52097	+	3	0	0	0	0	2
LT934125.1	52104	-	0	0	0	0	1	0
LT934125.1	52106	+	2	0	0	1	0	0
LT934125.1	52108	+	0	0	1	0	0	0
LT934125.1	52109	+	0	0	0	0	1	0
LT934125.1	52114	+	0	0	1	0	0	0
LT934125.1	52116	+	0	0	0	0	1	0
LT934125.1	52117	+	0	0	0	0	19	0
LT934125.1	52118	+	0	2	0	0	0	0
LT934125.1	52119	+	0	0	5	0	0	4
LT934125.1	52120	+	0	0	0	0	8	4
LT934125.1	52125	+	0	0	0	0	0	2
LT934125.1	52128	+	0	0	0	0	1	0
LT934125.1	52140	+	1	0	0	0	0	0
LT934125.1	52153	+	0	0	0	0	1	0
LT934125.1	52154	+	1	0	0	0	0	0
LT934125.1	52157	+	0	0	1	0	0	0
LT934125.1	52158	+	0	0	0	0	2	0
LT934125.1	52164	+	0	0	0	0	0	1
LT934125.1	52166	+	0	0	1	0	1	0
LT934125.1	52167	+	0	0	0	0	1	0
LT934125.1	52169	+	0	0	0	0	9	0
LT934125.1	52172	+	0	1	0	1	0	1
LT934125.1	52176	+	1	0	0	0	0	0
LT934125.1	52178	+	0	0	0	0	2	0
LT934125.1	52194	-	0	0	0	1	0	0
LT934125.1	52201	+	1	0	1	0	0	0
LT934125.1	52202	+	0	0	0	0	4	0
LT934125.1	52203	+	0	0	0	0	1	0
LT934125.1	52209	+	0	0	1	1	0	0
LT934125.1	52211	+	0	0	1	0	0	0
LT934125.1	52214	+	0	0	0	0	0	1
LT934125.1	52245	+	0	0	0	0	1	0
LT934125.1	52251	+	1	0	0	0	0	0
LT934125.1	52264	+	1	0	0	0	0	0
LT934125.1	52272	-	0	0	1	0	0	0
LT934125.1	52280	+	0	0	0	1	0	0
LT934125.1	52281	+	3	0	0	0	3	0
LT934125.1	52297	+	0	0	0	0	1	0
LT934125.1	52301	+	0	0	0	0	2	0
LT934125.1	52302	+	1	0	1	0	0	0
LT934125.1	52308	+	1	0	0	0	0	0
LT934125.1	52310	-	0	0	1	0	0	0
LT934125.1	52312	+	0	0	0	0	1	0
LT934125.1	52313	+	0	0	0	0	1	0
LT934125.1	52314	+	0	0	1	0	0	0
LT934125.1	52315	+	1	0	0	0	0	0
LT934125.1	52316	+	0	0	3	1	0	0
LT934125.1	52317	+	7	0	0	0	2	0
LT934125.1	52331	+	0	0	0	0	1	0
LT934125.1	52334	-	0	0	0	0	1	0
LT934125.1	52353	-	0	0	0	0	0	1
LT934125.1	52368	-	0	0	1	0	0	0
LT934125.1	52380	+	0	0	3	0	1	0
LT934125.1	52381	+	4	0	2	0	0	0
LT934125.1	52381	-	0	0	0	0	1	0
LT934125.1	52382	+	1	0	0	0	6	1
LT934125.1	52383	+	0	0	0	0	1	0
LT934125.1	52389	+	0	0	1	0	0	0
LT934125.1	52390	+	1	0	0	0	0	0
LT934125.1	52404	-	0	0	0	0	1	0
LT934125.1	52408	-	0	0	0	0	1	0
LT934125.1	52409	+	0	0	2	0	1	0
LT934125.1	52412	+	0	0	1	0	3	0
LT934125.1	52414	+	0	0	0	0	0	1
LT934125.1	52432	+	0	0	1	0	0	0
LT934125.1	52433	+	0	0	0	0	1	0
LT934125.1	52434	+	0	0	1	0	0	1
LT934125.1	52435	+	1	0	2	0	1	0
LT934125.1	52436	+	0	0	2	0	2	0
LT934125.1	52437	+	0	0	0	0	0	3
LT934125.1	52438	+	0	0	2	0	0	0
LT934125.1	52440	+	0	0	4	1	8	0
LT934125.1	52441	+	0	0	0	0	0	46
LT934125.1	52443	+	1	0	7	0	4	1
LT934125.1	52444	+	36	2	104	4	157	0
LT934125.1	52446	+	7	0	9	0	9	3
LT934125.1	52447	+	0	0	1	0	0	0
LT934125.1	52448	+	1	0	0	0	1	0
LT934125.1	52452	+	0	0	0	2	0	0
LT934125.1	52454	+	0	0	0	0	1	1
LT934125.1	52455	+	0	0	2	0	0	0
LT934125.1	52456	+	2	0	3	0	0	0
LT934125.1	52457	+	1	0	8	0	3	0
LT934125.1	52458	+	0	0	2	0	3	1
LT934125.1	52459	+	0	0	1	0	2	0
LT934125.1	52460	+	69	11	138	9	326	56
LT934125.1	52461	+	8	0	17	0	18	1
LT934125.1	52462	+	0	0	1	0	2	0
LT934125.1	52464	+	0	0	0	0	0	1
LT934125.1	52465	+	0	0	0	0	1	0
LT934125.1	52472	+	0	0	0	0	0	1
LT934125.1	52482	+	0	0	0	0	1	0
LT934125.1	52486	+	0	0	0	0	1	0
LT934125.1	52491	+	0	0	1	0	0	0
LT934125.1	52493	+	0	0	0	0	0	2
LT934125.1	52495	+	0	0	2	0	1	1
LT934125.1	52496	+	2	0	0	0	13	0
LT934125.1	52497	+	0	0	0	0	4	1
LT934125.1	52498	+	1	0	0	0	4	0
LT934125.1	52503	-	1	0	0	0	0	0
LT934125.1	52504	-	0	0	0	0	1	0
LT934125.1	52509	+	1	0	0	0	0	0
LT934125.1	52539	+	0	0	0	0	1	0
LT934125.1	52542	+	0	0	0	0	3	0
LT934125.1	52544	+	0	0	0	0	1	0
LT934125.1	52546	+	0	0	1	0	0	0
LT934125.1	52549	+	0	0	0	0	1	0
LT934125.1	52551	+	0	0	0	1	0	0
LT934125.1	52559	+	0	0	0	0	1	0
LT934125.1	52560	+	0	0	1	0	0	0
LT934125.1	52562	+	1	0	0	0	0	0
LT934125.1	52563	+	0	1	1	0	2	2
LT934125.1	52564	+	0	0	0	0	1	0
LT934125.1	52566	+	1	0	0	0	0	0
LT934125.1	52571	-	0	0	1	0	0	0
LT934125.1	52598	+	0	0	0	0	1	0
LT934125.1	52615	+	0	0	0	0	1	0
LT934125.1	52625	+	0	0	1	0	0	0
LT934125.1	52632	+	0	0	1	0	0	0
LT934125.1	52652	+	1	0	0	0	0	0
LT934125.1	52659	-	0	0	1	0	0	0
LT934125.1	52674	+	1	0	0	0	0	0
LT934125.1	52677	+	0	0	1	0	0	1
LT934125.1	52678	+	0	0	1	0	0	0
LT934125.1	52680	+	0	0	0	0	1	0
LT934125.1	52681	+	0	0	0	0	1	0
LT934125.1	52684	+	0	0	3	0	0	1
LT934125.1	52688	-	0	0	0	0	1	0
LT934125.1	52704	+	0	0	1	0	0	0
LT934125.1	52705	+	0	0	0	0	2	0
LT934125.1	52716	+	0	0	1	0	0	2
LT934125.1	52721	+	0	0	0	0	2	0
LT934125.1	52722	+	0	0	0	0	0	1
LT934125.1	52726	+	0	0	0	0	1	0
LT934125.1	52728	+	0	0	0	0	0	1
LT934125.1	52731	+	0	0	1	0	0	0
LT934125.1	52739	+	0	0	1	0	0	0
LT934125.1	52740	+	0	0	0	0	1	2
LT934125.1	52741	+	1	0	0	0	0	0
LT934125.1	52743	+	1	0	0	0	0	0
LT934125.1	52745	+	1	0	0	0	0	0
LT934125.1	52746	+	0	0	0	0	0	1
LT934125.1	52750	+	0	0	1	0	0	0
LT934125.1	52756	+	1	0	0	0	0	0
LT934125.1	52757	+	0	0	0	0	1	0
LT934125.1	52758	-	0	0	1	0	0	0
LT934125.1	52759	+	0	0	1	0	0	0
LT934125.1	52761	+	1	0	0	0	0	0
LT934125.1	52764	+	0	0	1	0	2	1
LT934125.1	52766	+	0	0	1	0	0	0
LT934125.1	52772	+	0	0	1	0	0	0
LT934125.1	52789	+	0	0	0	0	1	0
LT934125.1	52789	-	0	0	0	0	1	0
LT934125.1	52790	+	0	0	1	0	0	0
LT934125.1	52791	-	0	0	0	0	1	0
LT934125.1	52792	+	0	0	0	0	1	0
LT934125.1	52796	+	0	0	0	0	1	0
LT934125.1	52799	-	0	0	1	0	2	1
LT934125.1	52802	-	0	0	0	0	1	0
LT934125.1	52803	-	0	0	1	0	0	0
LT934125.1	52808	-	0	0	1	0	0	0
LT934125.1	52810	-	0	0	0	0	0	1
LT934125.1	52813	-	0	0	1	0	0	0
LT934125.1	52830	-	0	0	1	0	2	0
LT934125.1	52832	-	0	1	4	1	1	0
LT934125.1	52842	+	0	0	2	0	1	1
LT934125.1	52846	+	0	0	0	0	1	0
LT934125.1	52853	+	0	0	1	0	0	0
LT934125.1	52855	+	0	0	0	0	1	0
LT934125.1	52857	-	0	0	1	0	0	0
LT934125.1	52861	+	0	0	0	0	1	0
LT934125.1	52861	-	0	0	0	0	2	0
LT934125.1	52879	-	1	0	0	0	0	0
LT934125.1	52881	+	0	0	1	0	0	0
LT934125.1	52882	+	2	0	0	0	3	1
LT934125.1	52883	+	0	0	0	0	2	0
LT934125.1	52884	+	0	0	0	0	0	1
LT934125.1	52892	+	0	0	0	0	0	1
LT934125.1	52901	+	0	0	0	0	1	0
LT934125.1	52902	+	0	0	0	0	0	1
LT934125.1	52907	+	0	0	0	0	1	0
LT934125.1	52917	-	0	0	0	0	1	0
LT934125.1	52923	+	1	0	0	0	0	0
LT934125.1	52929	+	0	0	0	0	2	0
LT934125.1	52934	+	1	0	0	0	0	0
LT934125.1	52938	+	0	0	0	0	1	0
LT934125.1	52952	+	0	0	0	0	1	0
LT934125.1	52956	+	0	0	2	0	0	0
LT934125.1	52957	+	0	0	0	0	0	2
LT934125.1	52958	+	1	0	0	0	0	0
LT934125.1	52962	+	1	0	0	0	0	0
LT934125.1	53001	+	0	0	0	0	1	0
LT934125.1	53004	+	3	0	1	0	0	1
LT934125.1	53009	+	0	0	1	0	0	0
LT934125.1	53011	+	0	0	0	0	1	0
LT934125.1	53033	+	0	0	0	0	1	0
LT934125.1	53035	+	1	0	1	0	0	0
LT934125.1	53062	+	0	0	0	0	3	0
LT934125.1	53076	+	0	0	0	0	1	0
LT934125.1	53085	+	1	0	2	0	0	0
LT934125.1	53091	+	1	0	1	0	0	0
LT934125.1	53112	+	0	0	1	0	0	0
LT934125.1	53118	+	0	0	0	0	1	0
LT934125.1	53119	+	0	0	0	0	0	1
LT934125.1	53120	+	0	0	0	0	1	0
LT934125.1	53121	+	1	0	1	0	0	0
LT934125.1	53126	-	0	0	0	0	1	2
LT934125.1	53129	+	0	0	1	0	2	0
LT934125.1	53130	+	0	0	0	0	2	0
LT934125.1	53158	-	0	0	0	0	1	0
LT934125.1	53159	-	0	0	1	0	1	0
LT934125.1	53162	-	0	0	1	0	3	0
LT934125.1	53163	-	0	0	1	0	0	0
LT934125.1	53171	+	0	0	1	0	0	0
LT934125.1	53183	-	0	0	0	0	1	0
LT934125.1	53194	+	0	0	0	0	1	0
LT934125.1	53204	-	1	0	0	0	0	0
LT934125.1	53213	+	1	0	0	0	1	0
LT934125.1	53215	+	1	0	0	0	0	0
LT934125.1	53216	+	1	0	1	0	0	0
LT934125.1	53225	+	0	0	1	0	0	0
LT934125.1	53231	+	0	0	1	0	0	0
LT934125.1	53283	+	1	0	0	0	0	0
LT934125.1	53284	+	0	0	0	0	1	0
LT934125.1	53289	-	0	0	0	0	1	0
LT934125.1	53292	-	0	0	0	0	1	0
LT934125.1	53300	+	0	0	1	0	0	0
LT934125.1	53302	+	0	0	0	0	1	0
LT934125.1	53303	+	0	0	1	0	0	1
LT934125.1	53318	-	0	0	1	0	0	0
LT934125.1	53319	+	2	0	0	0	0	0
LT934125.1	53341	+	0	0	0	0	1	0
LT934125.1	53343	+	0	0	0	0	1	0
LT934125.1	53345	+	0	0	0	0	1	0
LT934125.1	53352	+	0	0	0	0	0	1
LT934125.1	53365	+	0	0	1	0	0	0
LT934125.1	53366	-	0	0	1	0	0	0
LT934125.1	53382	+	0	0	1	0	0	0
LT934125.1	53385	+	0	0	0	0	1	0
LT934125.1	53390	+	0	0	0	0	1	0
LT934125.1	53397	+	0	0	0	0	1	0
LT934125.1	53398	+	0	0	0	0	1	0
LT934125.1	53398	-	0	0	1	0	0	0
LT934125.1	53421	+	0	0	0	0	1	0
LT934125.1	53431	+	0	0	0	0	0	2
LT934125.1	53437	+	0	0	0	0	1	0
LT934125.1	53449	+	0	0	0	0	2	0
LT934125.1	53454	+	0	0	0	0	1	0
LT934125.1	53454	-	0	0	0	0	1	0
LT934125.1	53462	-	0	0	0	0	0	1
LT934125.1	53484	+	0	0	0	0	1	0
LT934125.1	53485	+	1	0	1	0	0	0
LT934125.1	53488	+	0	0	1	0	0	0
LT934125.1	53496	+	0	0	2	0	0	0
LT934125.1	53497	+	0	0	0	0	1	0
LT934125.1	53502	-	0	0	0	0	1	0
LT934125.1	53503	+	1	0	0	0	0	0
LT934125.1	53520	+	1	0	0	0	0	0
LT934125.1	53524	+	0	0	0	0	1	0
LT934125.1	53529	+	0	0	0	0	1	0
LT934125.1	53532	-	0	0	0	0	1	0
LT934125.1	53534	+	1	0	0	0	1	0
LT934125.1	53536	+	0	0	0	0	0	1
LT934125.1	53538	+	0	0	0	0	2	0
LT934125.1	53543	+	0	0	2	0	1	0
LT934125.1	53549	+	0	0	0	0	1	0
LT934125.1	53554	-	0	0	0	0	1	0
LT934125.1	53555	-	3	0	8	1	67	2
LT934125.1	53556	-	0	0	0	0	2	0
LT934125.1	53557	-	0	0	0	0	3	0
LT934125.1	53558	-	0	0	1	0	0	0
LT934125.1	53559	-	0	0	0	0	2	0
LT934125.1	53561	-	0	0	0	0	1	0
LT934125.1	53564	+	0	0	0	0	1	0
LT934125.1	53565	+	0	0	1	0	0	0
LT934125.1	53567	-	0	0	0	0	1	0
LT934125.1	53568	+	0	0	1	0	0	0
LT934125.1	53571	+	1	0	0	0	1	0
LT934125.1	53574	+	0	0	0	0	1	0
LT934125.1	53575	+	0	0	0	0	1	0
LT934125.1	53584	+	0	0	0	0	1	0
LT934125.1	53590	-	0	0	0	0	1	0
LT934125.1	53591	-	0	0	0	0	2	0
LT934125.1	53592	-	0	0	6	0	54	0
LT934125.1	53593	-	0	0	0	0	2	0
LT934125.1	53600	-	0	0	0	0	1	0
LT934125.1	53601	-	0	0	0	0	1	0
LT934125.1	53606	+	0	0	1	0	12	0
LT934125.1	53607	-	0	0	0	0	1	0
LT934125.1	53635	+	0	0	0	0	2	1
LT934125.1	53638	+	0	0	0	0	1	0
LT934125.1	53640	+	1	0	0	0	0	0
LT934125.1	53641	+	0	0	1	0	0	0
LT934125.1	53642	+	0	0	4	0	6	0
LT934125.1	53643	+	1	0	48	1	10	0
LT934125.1	53644	+	9	1	1	0	721	3
LT934125.1	53645	+	0	1	0	0	44	0
LT934125.1	53646	+	0	0	3	0	41	0
LT934125.1	53647	+	5	1	12	0	55	0
LT934125.1	53648	+	268	4	683	13	3090	16
LT934125.1	53649	+	8	0	17	0	17	0
LT934125.1	53650	+	0	0	7	0	22	0
LT934125.1	53651	+	0	0	0	0	2	0
LT934125.1	53652	+	3	0	12	0	102	1
LT934125.1	53654	+	0	0	1	0	3	0
LT934125.1	53657	-	0	0	1	0	1	0
LT934125.1	53660	+	0	0	0	0	3	0
LT934125.1	53677	+	0	0	0	0	1	0
LT934125.1	53688	+	0	0	0	0	1	0
LT934125.1	53710	+	0	0	0	0	1	0
LT934125.1	53717	+	0	0	0	0	1	0
LT934125.1	53721	+	0	0	1	0	0	0
LT934125.1	53723	+	1	0	0	0	0	0
LT934125.1	53747	+	0	0	0	0	1	0
LT934125.1	53764	+	0	0	2	0	0	0
LT934125.1	53765	+	0	0	0	0	1	0
LT934125.1	53767	+	1	0	0	0	3	0
LT934125.1	53774	+	0	0	0	0	2	0
LT934125.1	53790	+	0	0	3	0	1	0
LT934125.1	53791	+	1	0	0	0	3	0
LT934125.1	53792	+	0	0	0	0	3	0
LT934125.1	53801	-	0	0	0	0	2	0
LT934125.1	53802	-	1	0	0	0	0	0
LT934125.1	53809	-	0	0	2	0	0	0
LT934125.1	53812	-	0	0	1	0	0	0
LT934125.1	53825	-	0	0	0	0	2	0
LT934125.1	53827	+	0	0	0	0	1	0
LT934125.1	53831	-	0	0	1	0	0	0
LT934125.1	53833	-	0	0	1	0	0	0
LT934125.1	53835	+	0	0	1	0	0	0
LT934125.1	53836	+	0	0	0	0	1	0
LT934125.1	53841	+	0	0	0	0	2	0
LT934125.1	53842	+	0	0	0	0	1	0
LT934125.1	53843	+	0	0	2	0	3	0
LT934125.1	53846	+	0	0	0	0	1	0
LT934125.1	53847	+	1	0	0	0	0	0
LT934125.1	53854	-	0	0	0	0	1	0
LT934125.1	53855	-	0	0	1	0	0	0
LT934125.1	53858	+	1	0	0	0	0	0
LT934125.1	53864	+	1	0	0	0	0	0
LT934125.1	53865	+	0	0	0	0	2	0
LT934125.1	53868	+	0	0	0	0	1	0
LT934125.1	53870	+	0	0	0	0	1	0
LT934125.1	53877	+	0	0	1	0	0	0
LT934125.1	53878	-	0	0	0	0	1	0
LT934125.1	53886	+	0	0	0	0	1	0
LT934125.1	53891	+	0	0	0	0	1	0
LT934125.1	53898	+	0	0	0	0	1	0
LT934125.1	53901	+	0	0	0	0	2	0
LT934125.1	53902	+	0	0	0	0	0	1
LT934125.1	53903	+	0	0	0	0	1	0
LT934125.1	53905	+	2	0	0	0	0	0
LT934125.1	53907	+	0	0	0	1	0	0
LT934125.1	53910	+	0	0	1	0	0	0
LT934125.1	53918	+	1	0	0	0	1	0
LT934125.1	53928	+	0	0	1	0	0	0
LT934125.1	53929	+	1	0	0	0	0	0
LT934125.1	53930	+	0	1	0	0	10	0
LT934125.1	53931	+	3	0	6	0	0	0
LT934125.1	53934	+	0	0	1	0	0	0
LT934125.1	53936	+	0	0	0	0	1	0
LT934125.1	53950	+	0	0	1	0	0	0
LT934125.1	53952	+	0	0	0	0	3	0
LT934125.1	53954	-	0	0	0	0	1	0
LT934125.1	53956	+	0	0	0	0	0	1
LT934125.1	53958	+	0	0	0	0	8	0
LT934125.1	53959	+	0	0	2	0	0	0
LT934125.1	53961	+	0	0	2	0	1	0
LT934125.1	53966	+	0	0	0	0	1	0
LT934125.1	53969	+	0	0	0	0	1	0
LT934125.1	53970	+	0	0	0	0	1	0
LT934125.1	53971	+	0	0	1	0	0	0
LT934125.1	53972	+	1	0	0	0	1	0
LT934125.1	53975	+	0	0	1	0	0	0
LT934125.1	53976	+	0	0	0	0	3	0
LT934125.1	53978	+	0	0	0	0	1	0
LT934125.1	53989	+	0	0	0	0	1	0
LT934125.1	53990	+	1	0	0	0	0	0
LT934125.1	53991	+	0	0	0	0	4	0
LT934125.1	53993	+	0	0	1	0	0	0
LT934125.1	53994	+	0	0	0	0	2	0
LT934125.1	53996	+	0	0	0	0	2	0
LT934125.1	53997	+	0	0	2	0	1	0
LT934125.1	53998	+	1	0	0	0	8	0
LT934125.1	53999	+	0	0	2	0	0	0
LT934125.1	54000	+	2	1	0	0	9	0
LT934125.1	54006	+	0	0	0	0	0	1
LT934125.1	54008	+	0	0	0	0	2	0
LT934125.1	54009	+	0	0	1	0	2	0
LT934125.1	54010	+	0	0	0	0	1	0
LT934125.1	54017	+	0	0	0	0	2	0
LT934125.1	54027	+	0	0	0	0	1	0
LT934125.1	54034	-	0	0	0	0	1	0
LT934125.1	54036	+	2	0	0	0	0	0
LT934125.1	54040	+	1	0	0	0	1	0
LT934125.1	54041	+	0	0	7	0	2	0
LT934125.1	54042	+	3	0	0	0	3	0
LT934125.1	54053	+	0	0	0	0	1	0
LT934125.1	54072	+	0	0	1	0	0	0
LT934125.1	54073	+	0	0	2	0	0	0
LT934125.1	54074	+	0	0	0	0	3	0
LT934125.1	54075	+	0	0	0	0	14	0
LT934125.1	54076	+	3	0	7	0	0	1
LT934125.1	54091	+	0	1	0	0	0	0
LT934125.1	54113	+	0	0	0	0	1	0
LT934125.1	54122	+	1	0	0	0	0	0
LT934125.1	54127	+	0	0	0	0	2	0
LT934125.1	54135	+	0	0	0	0	1	0
LT934125.1	54137	+	1	0	0	0	0	0
LT934125.1	54138	+	0	0	0	0	1	0
LT934125.1	54139	+	0	0	1	0	1	0
LT934125.1	54140	+	0	0	0	0	2	0
LT934125.1	54141	+	0	0	0	0	1	0
LT934125.1	54144	+	0	0	0	0	3	0
LT934125.1	54146	+	0	0	0	0	1	0
LT934125.1	54158	-	1	0	0	0	0	0
LT934125.1	54167	+	0	0	0	0	2	0
LT934125.1	54168	+	2	0	2	0	0	0
LT934125.1	54188	+	0	0	0	0	1	0
LT934125.1	54190	-	1	0	0	0	0	0
LT934125.1	54199	-	0	0	0	0	1	0
LT934125.1	54215	+	0	0	0	0	1	0
LT934125.1	54224	+	0	0	0	0	1	0
LT934125.1	54228	+	0	0	0	0	1	0
LT934125.1	54246	+	0	0	1	0	0	0
LT934125.1	54247	+	0	0	0	0	1	0
LT934125.1	54251	+	0	0	2	0	0	0
LT934125.1	54252	+	1	0	0	0	1	0
LT934125.1	54262	+	1	0	0	0	0	0
LT934125.1	54282	+	0	0	0	0	0	1
LT934125.1	54292	+	2	0	0	0	4	0
LT934125.1	54294	+	0	0	1	0	0	0
LT934125.1	54306	+	0	0	0	0	1	0
LT934125.1	54307	+	0	0	3	0	0	0
LT934125.1	54318	-	0	0	0	0	1	0
LT934125.1	54323	+	0	0	0	0	1	0
LT934125.1	54327	+	0	0	1	0	0	0
LT934125.1	54335	+	0	0	0	0	2	0
LT934125.1	54341	+	0	0	0	0	1	0
LT934125.1	54342	+	1	0	2	0	0	0
LT934125.1	54345	+	0	0	0	0	1	0
LT934125.1	54347	+	0	0	0	0	2	0
LT934125.1	54350	+	0	0	0	0	1	0
LT934125.1	54355	-	0	0	0	0	0	1
LT934125.1	54357	+	0	0	1	0	0	0
LT934125.1	54360	+	0	1	0	0	0	0
LT934125.1	54368	+	0	0	0	0	1	0
LT934125.1	54373	+	0	0	0	0	2	0
LT934125.1	54382	-	0	0	0	0	1	0
LT934125.1	54391	-	0	0	1	0	0	0
LT934125.1	54392	+	1	0	1	0	0	0
LT934125.1	54399	+	0	0	0	0	0	1
LT934125.1	54411	+	0	0	0	0	1	0
LT934125.1	54423	+	1	0	0	0	1	1
LT934125.1	54424	+	0	0	0	0	1	0
LT934125.1	54425	+	1	0	0	0	0	0
LT934125.1	54437	+	0	0	0	0	1	0
LT934125.1	54439	+	0	0	1	0	0	0
LT934125.1	54442	+	0	1	0	0	0	0
LT934125.1	54444	-	0	0	1	0	0	0
LT934125.1	54447	-	0	0	1	0	0	0
LT934125.1	54449	-	0	0	0	0	0	1
LT934125.1	54450	-	0	0	0	0	0	1
LT934125.1	54457	+	1	0	0	0	0	0
LT934125.1	54459	+	0	0	1	0	0	0
LT934125.1	54462	+	0	0	0	0	0	1
LT934125.1	54469	+	0	0	4	0	0	0
LT934125.1	54470	+	0	0	1	0	0	0
LT934125.1	54472	+	3	0	0	0	3	1
LT934125.1	54474	+	0	0	1	0	0	1
LT934125.1	54475	+	2	0	2	1	0	0
LT934125.1	54480	+	0	0	1	0	0	0
LT934125.1	54486	+	0	0	0	0	1	0
LT934125.1	54492	+	0	0	0	0	1	0
LT934125.1	54495	+	0	0	0	0	1	0
LT934125.1	54502	+	0	0	0	0	1	0
LT934125.1	54509	+	0	0	0	0	1	0
LT934125.1	54541	+	0	0	1	0	0	0
LT934125.1	54543	+	0	0	0	0	1	0
LT934125.1	54551	+	0	0	1	0	0	0
LT934125.1	54552	+	0	0	0	0	1	0
LT934125.1	54553	+	0	0	0	0	0	1
LT934125.1	54562	-	0	0	0	0	1	0
LT934125.1	54566	+	0	0	0	0	1	0
LT934125.1	54570	+	1	0	0	0	1	0
LT934125.1	54571	-	0	0	1	0	0	0
LT934125.1	54582	+	0	0	0	0	1	0
LT934125.1	54585	+	0	0	1	0	0	0
LT934125.1	54591	+	0	0	2	0	0	0
LT934125.1	54605	+	0	0	0	0	1	0
LT934125.1	54611	+	0	0	0	0	1	0
LT934125.1	54612	+	1	0	1	0	0	0
LT934125.1	54620	+	1	0	0	0	0	0
LT934125.1	54625	+	0	0	0	0	1	0
LT934125.1	54626	+	3	0	3	0	0	0
LT934125.1	54627	+	0	0	0	0	2	0
LT934125.1	54631	+	0	0	0	0	1	0
LT934125.1	54641	+	0	0	0	0	2	0
LT934125.1	54642	+	0	0	0	0	2	0
LT934125.1	54644	+	0	0	1	0	0	0
LT934125.1	54646	+	0	0	0	0	4	0
LT934125.1	54652	+	0	0	0	0	1	0
LT934125.1	54661	+	0	0	0	0	2	0
LT934125.1	54665	+	0	0	0	0	1	0
LT934125.1	54670	+	0	0	0	0	1	0
LT934125.1	54671	+	1	0	0	0	0	0
LT934125.1	54676	+	2	0	0	0	1	0
LT934125.1	54677	+	0	0	0	0	1	0
LT934125.1	54679	+	0	0	1	0	0	0
LT934125.1	54681	+	0	0	1	0	0	0
LT934125.1	54683	-	1	0	0	0	0	0
LT934125.1	54689	+	1	0	0	0	0	0
LT934125.1	54694	+	0	0	1	0	0	0
LT934125.1	54704	+	0	0	0	0	1	0
LT934125.1	54711	-	0	0	1	0	0	0
LT934125.1	54717	-	0	0	0	0	1	0
LT934125.1	54723	+	0	0	0	0	2	0
LT934125.1	54727	+	0	0	0	0	1	0
LT934125.1	54733	+	1	0	2	0	1	0
LT934125.1	54734	-	0	0	1	0	0	0
LT934125.1	54741	+	0	0	0	0	1	0
LT934125.1	54743	+	0	0	2	0	0	0
LT934125.1	54744	+	0	0	1	0	6	1
LT934125.1	54745	+	2	0	0	0	12	0
LT934125.1	54753	+	0	0	1	0	1	0
LT934125.1	54755	+	2	0	0	0	0	0
LT934125.1	54770	+	0	0	0	0	1	0
LT934125.1	54777	+	0	0	0	0	1	0
LT934125.1	54778	-	0	0	1	0	0	0
LT934125.1	54779	+	0	0	0	0	1	0
LT934125.1	54782	+	1	0	4	0	2	0
LT934125.1	54786	+	0	0	0	0	3	0
LT934125.1	54787	+	2	0	2	0	0	0
LT934125.1	54789	+	1	0	0	0	0	0
LT934125.1	54791	+	0	0	0	0	1	0
LT934125.1	54792	+	0	0	2	0	0	0
LT934125.1	54801	+	0	0	0	0	1	0
LT934125.1	54816	+	0	0	0	0	1	0
LT934125.1	54826	+	0	0	1	0	0	0
LT934125.1	54828	-	0	0	1	0	0	0
LT934125.1	54831	+	0	0	1	0	0	0
LT934125.1	54832	+	0	0	0	0	1	0
LT934125.1	54834	+	0	0	2	0	0	0
LT934125.1	54842	+	0	0	1	0	0	0
LT934125.1	54843	+	0	0	0	0	1	0
LT934125.1	54845	+	1	0	0	0	1	0
LT934125.1	54847	+	2	0	0	0	0	0
LT934125.1	54864	+	1	0	0	0	0	0
LT934125.1	54868	+	3	0	0	0	0	0
LT934125.1	54883	-	0	0	1	0	0	0
LT934125.1	54891	+	0	0	0	0	2	0
LT934125.1	54892	+	0	0	1	0	0	0
LT934125.1	54923	+	0	0	0	0	1	0
LT934125.1	54927	+	1	0	1	0	0	0
LT934125.1	54928	+	1	0	0	0	0	0
LT934125.1	54929	+	0	0	0	0	1	0
LT934125.1	54935	+	1	0	0	0	0	0
LT934125.1	54938	+	0	0	3	0	8	0
LT934125.1	54940	+	0	1	0	0	5	0
LT934125.1	54945	+	0	0	0	0	1	0
LT934125.1	54956	+	0	0	1	0	0	0
LT934125.1	54982	+	0	0	0	0	1	0
LT934125.1	54984	+	0	0	1	0	0	0
LT934125.1	55038	+	1	0	0	0	1	0
LT934125.1	55049	-	0	0	0	0	1	0
LT934125.1	55079	-	0	0	1	0	0	0
LT934125.1	55097	+	1	0	0	0	0	0
LT934125.1	55106	-	0	0	0	0	1	0
LT934125.1	55107	-	0	0	0	0	1	0
LT934125.1	55117	+	0	0	0	0	1	0
LT934125.1	55144	+	0	0	0	0	1	0
LT934125.1	55145	-	0	0	0	0	0	2
LT934125.1	55148	-	0	0	1	0	1	0
LT934125.1	55149	-	0	0	0	0	1	0
LT934125.1	55163	-	0	0	0	0	1	0
LT934125.1	55167	+	0	0	0	0	1	0
LT934125.1	55187	+	1	0	0	0	0	0
LT934125.1	55193	-	0	0	0	0	1	0
LT934125.1	55194	-	0	0	1	0	0	0
LT934125.1	55216	-	0	0	0	0	1	0
LT934125.1	55218	-	0	0	0	0	1	0
LT934125.1	55227	-	0	0	0	0	2	0
LT934125.1	55263	-	0	0	0	0	9	1
LT934125.1	55266	-	0	0	0	1	11	0
LT934125.1	55267	-	0	0	0	0	1	0
LT934125.1	55273	+	0	0	1	0	0	0
LT934125.1	55276	-	0	0	0	0	1	0
LT934125.1	55282	+	0	0	1	0	0	0
LT934125.1	55315	+	0	0	1	0	0	0
LT934125.1	55320	+	0	0	0	0	1	0
LT934125.1	55323	+	0	0	0	0	1	0
LT934125.1	55323	-	2	0	0	0	0	0
LT934125.1	55324	+	1	0	1	0	0	0
LT934125.1	55324	-	0	1	0	0	0	0
LT934125.1	55325	+	0	0	0	0	1	0
LT934125.1	55325	-	0	0	0	0	2	0
LT934125.1	55328	-	1	0	0	0	0	0
LT934125.1	55329	+	0	0	1	0	0	0
LT934125.1	55331	+	0	0	1	0	0	0
LT934125.1	55332	-	0	0	0	0	1	0
LT934125.1	55333	+	0	0	1	0	0	0
LT934125.1	55337	-	0	0	0	0	1	0
LT934125.1	55338	-	3	0	0	0	1	0
LT934125.1	55339	-	0	0	0	0	1	0
LT934125.1	55341	-	1	0	0	0	0	0
LT934125.1	55345	-	1	0	0	0	0	0
LT934125.1	55346	+	0	0	1	0	0	0
LT934125.1	55351	+	1	0	0	0	0	0
LT934125.1	55355	+	0	0	0	0	2	0
LT934125.1	55361	-	0	0	0	0	1	0
LT934125.1	55363	+	0	0	0	0	3	0
LT934125.1	55367	+	1	0	0	0	0	0
LT934125.1	55381	-	1	0	1	0	0	0
LT934125.1	55383	+	0	0	0	0	1	0
LT934125.1	55384	-	0	0	0	0	1	0
LT934125.1	55401	-	0	0	0	0	1	0
LT934125.1	55407	-	0	0	0	0	0	1
LT934125.1	55425	-	0	0	0	0	1	0
LT934125.1	55428	-	0	0	0	0	1	0
LT934125.1	55429	-	1	0	0	0	0	0
LT934125.1	55435	-	1	0	0	0	0	0
LT934125.1	55439	-	1	0	0	0	0	1
LT934125.1	55442	-	0	0	3	0	0	0
LT934125.1	55447	+	0	0	0	0	2	0
LT934125.1	55458	+	2	0	0	0	0	0
LT934125.1	55459	-	1	0	0	0	0	0
LT934125.1	55460	-	0	0	1	0	0	0
LT934125.1	55486	-	2	0	3	1	0	0
LT934125.1	55487	-	0	1	0	0	0	0
LT934125.1	55488	-	0	0	0	0	5	0
LT934125.1	55491	-	0	0	0	0	1	0
LT934125.1	55492	-	0	0	1	0	0	0
LT934125.1	55496	-	0	0	1	0	0	0
LT934125.1	55498	-	0	0	0	0	1	0
LT934125.1	55501	-	0	0	1	0	0	0
LT934125.1	55502	-	0	1	0	0	0	0
LT934125.1	55506	-	0	0	0	0	1	0
LT934125.1	55507	-	4	0	0	0	0	0
LT934125.1	55515	-	0	0	0	0	2	0
LT934125.1	55525	-	2	0	0	0	0	0
LT934125.1	55531	+	0	0	1	0	0	0
LT934125.1	55564	-	0	0	0	0	1	0
LT934125.1	55570	-	2	0	0	0	0	0
LT934125.1	55574	+	0	0	1	0	0	0
LT934125.1	55580	-	1	0	0	0	0	0
LT934125.1	55581	-	0	0	0	0	6	0
LT934125.1	55582	-	2	0	0	0	1	0
LT934125.1	55583	-	0	0	0	0	1	0
LT934125.1	55586	-	1	0	1	0	3	0
LT934125.1	55587	+	0	0	1	0	0	0
LT934125.1	55593	+	1	0	0	0	0	1
LT934125.1	55600	-	0	0	0	0	4	0
LT934125.1	55601	-	0	0	2	0	1	0
LT934125.1	55602	-	0	0	1	0	0	0
LT934125.1	55604	-	0	0	0	0	2	0
LT934125.1	55605	-	1	0	0	0	0	0
LT934125.1	55607	-	0	0	1	0	3	0
LT934125.1	55609	-	0	0	0	0	1	0
LT934125.1	55615	+	0	0	0	1	0	0
LT934125.1	55619	-	0	0	0	0	1	0
LT934125.1	55621	-	0	0	0	0	0	1
LT934125.1	55622	-	0	0	0	0	1	0
LT934125.1	55624	-	1	0	0	0	0	0
LT934125.1	55625	-	1	0	0	0	0	0
LT934125.1	55632	-	0	0	0	0	1	0
LT934125.1	55636	-	0	0	0	0	1	0
LT934125.1	55640	-	0	0	1	0	0	0
LT934125.1	55645	-	1	0	0	0	0	0
LT934125.1	55647	-	0	0	0	0	1	0
LT934125.1	55651	-	0	0	0	0	1	1
LT934125.1	55653	-	0	0	0	0	1	0
LT934125.1	55657	-	0	0	0	0	1	0
LT934125.1	55659	-	1	0	0	0	2	0
LT934125.1	55660	-	0	0	1	0	0	0
LT934125.1	55668	-	2	0	0	0	1	0
LT934125.1	55669	-	0	0	0	1	0	0
LT934125.1	55677	-	1	0	0	0	2	0
LT934125.1	55678	-	0	0	1	0	0	0
LT934125.1	55679	-	0	0	1	0	0	0
LT934125.1	55685	-	1	0	0	0	0	0
LT934125.1	55688	-	0	0	0	0	1	0
LT934125.1	55690	-	0	0	0	0	2	0
LT934125.1	55691	-	1	0	0	0	0	0
LT934125.1	55698	-	0	0	1	0	0	0
LT934125.1	55700	-	1	0	0	0	0	0
LT934125.1	55702	-	0	0	0	0	1	0
LT934125.1	55718	-	0	0	2	0	0	0
LT934125.1	55719	-	1	0	0	0	0	0
LT934125.1	55720	+	0	0	0	0	1	0
LT934125.1	55721	-	2	0	1	0	0	0
LT934125.1	55722	+	2	0	3	0	0	0
LT934125.1	55722	-	0	0	0	0	3	0
LT934125.1	55723	+	0	0	0	0	2	0
LT934125.1	55723	-	0	0	0	0	1	0
LT934125.1	55724	+	2	0	0	0	0	1
LT934125.1	55724	-	0	0	0	0	2	0
LT934125.1	55725	+	1	0	0	0	0	0
LT934125.1	55729	-	0	0	0	0	1	0
LT934125.1	55730	-	2	0	0	0	0	1
LT934125.1	55732	-	1	0	0	0	0	0
LT934125.1	55733	-	1	0	0	0	1	0
LT934125.1	55734	-	0	0	0	0	1	0
LT934125.1	55735	-	0	0	0	0	2	0
LT934125.1	55742	-	0	0	0	0	1	0
LT934125.1	55753	+	1	0	0	0	0	0
LT934125.1	55753	-	0	0	0	0	1	0
LT934125.1	55754	-	1	0	1	0	0	0
LT934125.1	55755	+	0	0	3	0	0	0
LT934125.1	55763	-	1	0	1	0	0	0
LT934125.1	55764	-	0	0	0	0	3	0
LT934125.1	55765	-	1	0	0	0	5	0
LT934125.1	55766	-	0	0	0	0	3	0
LT934125.1	55767	+	0	0	0	0	1	0
LT934125.1	55768	-	0	0	0	0	1	0
LT934125.1	55781	-	0	0	1	0	0	0
LT934125.1	55786	+	0	0	0	1	1	0
LT934125.1	55788	+	1	0	0	0	0	0
LT934125.1	55794	-	5	0	0	0	13	0
LT934125.1	55795	-	0	0	8	1	1	0
LT934125.1	55796	-	0	0	1	0	1	0
LT934125.1	55797	-	3	0	0	0	0	0
LT934125.1	55798	-	1	0	0	0	0	0
LT934125.1	55799	-	0	0	0	0	1	0
LT934125.1	55803	-	0	0	0	0	8	0
LT934125.1	55804	-	6	0	0	0	10	0
LT934125.1	55805	-	0	0	5	0	2	0
LT934125.1	55806	-	0	0	1	0	0	0
LT934125.1	55807	-	0	0	0	0	1	1
LT934125.1	55811	-	0	0	1	1	3	0
LT934125.1	55814	-	1	0	0	0	0	0
LT934125.1	55820	-	2	0	0	0	0	0
LT934125.1	55823	-	0	0	1	0	1	0
LT934125.1	55824	-	0	0	2	0	0	0
LT934125.1	55826	-	0	0	1	0	0	0
LT934125.1	55828	-	0	0	0	0	1	0
LT934125.1	55829	-	2	0	2	0	0	0
LT934125.1	55832	-	1	0	0	0	1	0
LT934125.1	55833	-	0	0	0	0	1	0
LT934125.1	55836	-	0	0	1	0	0	0
LT934125.1	55839	+	5	0	0	0	0	2
LT934125.1	55840	+	0	0	0	0	1	0
LT934125.1	55841	+	0	0	0	0	1	0
LT934125.1	55850	-	0	0	0	0	1	0
LT934125.1	55851	+	0	0	1	0	0	0
LT934125.1	55851	-	0	0	0	0	2	0
LT934125.1	55853	+	0	0	0	0	1	0
LT934125.1	55853	-	1	0	1	1	0	0
LT934125.1	55855	-	0	0	0	0	1	0
LT934125.1	55857	-	0	0	0	0	1	0
LT934125.1	55860	-	0	0	1	0	0	0
LT934125.1	55870	-	0	0	1	0	0	0
LT934125.1	55873	+	0	0	0	0	1	0
LT934125.1	55881	-	0	0	1	0	0	0
LT934125.1	55889	-	0	1	0	0	0	0
LT934125.1	55891	-	0	0	0	0	1	0
LT934125.1	55893	-	0	0	5	0	0	0
LT934125.1	55894	-	0	0	0	0	5	0
LT934125.1	55897	+	0	0	0	0	1	0
LT934125.1	55898	-	0	0	0	0	1	0
LT934125.1	55900	+	0	1	0	1	4	1
LT934125.1	55902	+	0	0	0	0	1	0
LT934125.1	55909	-	0	0	0	0	5	0
LT934125.1	55911	-	0	0	2	0	0	2
LT934125.1	55914	-	0	0	0	0	1	0
LT934125.1	55915	+	0	0	0	0	1	0
LT934125.1	55917	-	0	0	0	0	1	0
LT934125.1	55918	-	1	0	0	0	0	0
LT934125.1	55924	-	1	0	0	0	0	0
LT934125.1	55934	-	0	0	0	0	1	0
LT934125.1	55936	-	0	0	0	0	1	0
LT934125.1	55940	-	1	0	1	0	0	2
LT934125.1	55941	+	3	0	4	0	0	0
LT934125.1	55941	-	0	0	0	0	5	0
LT934125.1	55942	-	2	0	0	0	5	2
LT934125.1	55943	-	0	0	1	0	0	0
LT934125.1	55945	-	3	1	0	0	7	0
LT934125.1	55946	-	0	0	1	0	0	0
LT934125.1	55947	-	0	0	0	0	7	1
LT934125.1	55948	-	0	0	1	0	0	0
LT934125.1	55950	-	0	0	0	0	5	0
LT934125.1	55953	-	0	0	0	0	1	0
LT934125.1	55958	+	0	0	0	0	2	0
LT934125.1	55959	+	2	0	1	0	0	0
LT934125.1	55967	-	0	0	1	0	0	0
LT934125.1	55968	+	0	0	1	0	0	0
LT934125.1	55970	+	0	0	1	0	0	0
LT934125.1	55971	+	1	0	0	0	2	0
LT934125.1	55978	-	1	0	0	0	0	2
LT934125.1	55979	-	0	0	0	0	3	0
LT934125.1	55982	-	0	0	0	0	1	0
LT934125.1	55986	-	0	0	3	0	0	0
LT934125.1	55987	+	1	0	0	0	0	0
LT934125.1	55987	-	0	1	0	0	0	0
LT934125.1	55988	-	0	0	0	0	3	0
LT934125.1	55994	-	0	0	0	0	1	0
LT934125.1	55995	-	4	0	0	0	1	0
LT934125.1	55997	+	0	0	0	0	1	0
LT934125.1	56006	-	0	0	0	0	1	0
LT934125.1	56008	-	1	0	0	0	0	0
LT934125.1	56016	-	1	0	0	0	1	0
LT934125.1	56022	-	1	0	0	0	0	0
LT934125.1	56028	-	4	0	4	0	5	0
LT934125.1	56030	-	0	0	0	0	1	0
LT934125.1	56031	-	2	0	3	0	0	0
LT934125.1	56032	-	1	0	2	0	1	0
LT934125.1	56034	-	0	0	0	0	9	0
LT934125.1	56037	-	0	0	4	0	0	1
LT934125.1	56038	-	1	2	1	0	2	0
LT934125.1	56039	-	0	0	0	0	7	0
LT934125.1	56040	-	6	0	0	1	0	0
LT934125.1	56041	-	0	0	2	0	5	0
LT934125.1	56043	-	0	0	0	0	4	0
LT934125.1	56044	-	1	0	0	0	3	0
LT934125.1	56046	-	1	0	0	0	0	0
LT934125.1	56047	-	0	0	1	0	0	0
LT934125.1	56050	-	0	0	8	0	0	2
LT934125.1	56052	-	0	0	0	0	13	0
LT934125.1	56053	-	4	0	0	0	3	0
LT934125.1	56057	+	0	0	0	0	1	0
LT934125.1	56059	-	1	0	0	0	1	1
LT934125.1	56060	-	0	0	0	0	4	0
LT934125.1	56064	-	1	0	0	0	0	0
LT934125.1	56065	-	2	0	4	0	2	0
LT934125.1	56066	-	0	0	0	0	7	0
LT934125.1	56067	-	0	0	0	0	1	0
LT934125.1	56068	-	0	0	1	0	0	0
LT934125.1	56069	-	0	0	0	0	2	0
LT934125.1	56075	-	0	0	0	0	1	0
LT934125.1	56077	-	0	0	0	0	0	1
LT934125.1	56080	-	0	0	0	0	1	0
LT934125.1	56085	-	0	0	1	0	0	0
LT934125.1	56090	-	1	0	1	0	1	0
LT934125.1	56096	-	0	0	0	0	0	1
LT934125.1	56099	-	0	0	0	0	1	0
LT934125.1	56107	-	5	0	0	0	8	4
LT934125.1	56108	-	0	0	1	0	5	0
LT934125.1	56109	-	0	0	1	0	0	0
LT934125.1	56110	-	0	0	0	0	0	1
LT934125.1	56111	-	0	0	0	0	1	0
LT934125.1	56114	-	1	0	1	0	0	0
LT934125.1	56115	-	1	0	2	1	17	5
LT934125.1	56116	-	0	0	2	1	4	2
LT934125.1	56118	-	0	0	0	0	2	0
LT934125.1	56126	-	0	0	1	0	0	0
LT934125.1	56127	-	0	0	0	0	1	0
LT934125.1	56129	-	0	0	0	0	0	1
LT934125.1	56131	-	1	0	0	0	0	0
LT934125.1	56149	-	1	0	0	0	0	0
LT934125.1	56150	-	0	0	0	0	3	0
LT934125.1	56151	-	0	0	0	0	3	0
LT934125.1	56152	-	1	0	2	0	0	0
LT934125.1	56163	-	0	0	0	0	1	0
LT934125.1	56169	+	0	0	0	0	1	0
LT934125.1	56171	-	0	0	0	0	1	0
LT934125.1	56172	+	0	0	0	0	1	0
LT934125.1	56176	-	0	0	0	0	1	0
LT934125.1	56177	-	0	0	1	0	0	0
LT934125.1	56178	-	0	0	1	0	1	0
LT934125.1	56179	-	3	0	2	0	8	0
LT934125.1	56180	-	0	0	0	0	1	0
LT934125.1	56181	+	0	0	0	0	1	0
LT934125.1	56181	-	0	0	0	0	1	0
LT934125.1	56182	-	0	0	0	0	1	0
LT934125.1	56183	-	0	0	0	0	1	0
LT934125.1	56184	-	0	0	0	0	1	0
LT934125.1	56185	-	7	0	5	0	79	2
LT934125.1	56186	-	1	0	1	0	2	0
LT934125.1	56187	-	12	1	25	3	23	6
LT934125.1	56188	-	629	37	1141	64	12	90
LT934125.1	56189	-	16	7	38	2	705	34
LT934125.1	56190	-	181	11	581	58	3138	200
LT934125.1	56191	-	1	0	0	0	2927	5
LT934125.1	56192	-	56	10	0	0	994	130
LT934125.1	56193	-	9	0	253	29	69	9
LT934125.1	56194	-	0	0	25	0	0	1
LT934125.1	56195	-	0	0	0	4	0	0
LT934125.1	56196	-	0	0	0	0	2	0
LT934125.1	56209	-	5	1	0	0	6	1
LT934125.1	56210	-	0	0	3	0	3	0
LT934125.1	56213	-	0	0	0	0	1	0
LT934125.1	56228	-	1	0	0	0	6	0
LT934125.1	56229	-	1	2	2	1	10	0
LT934125.1	56230	-	0	0	8	1	0	0
LT934125.1	56231	-	0	0	0	0	1	0
LT934125.1	56232	-	0	0	0	0	1	0
LT934125.1	56244	+	0	0	0	0	1	0
LT934125.1	56246	-	0	0	0	0	1	0
LT934125.1	56263	-	0	0	1	0	0	0
LT934125.1	56274	-	0	0	0	0	3	0
LT934125.1	56275	-	0	0	0	0	1	0
LT934125.1	56279	+	0	0	0	0	1	0
LT934125.1	56282	-	0	0	0	0	1	0
LT934125.1	56291	-	0	0	0	0	0	1
LT934125.1	56292	-	0	0	0	0	1	0
LT934125.1	56294	-	0	0	0	0	1	0
LT934125.1	56298	-	0	0	0	0	0	1
LT934125.1	56300	-	0	0	0	0	1	0
LT934125.1	56303	-	1	0	1	0	1	0
LT934125.1	56310	-	0	0	0	0	2	0
LT934125.1	56313	-	0	0	1	0	0	0
LT934125.1	56324	+	0	0	0	0	0	3
LT934125.1	56327	+	0	0	4	0	0	0
LT934125.1	56332	-	2	0	0	0	0	0
LT934125.1	56351	-	0	0	0	0	1	0
LT934125.1	56353	+	0	0	1	0	0	0
LT934125.1	56361	+	0	0	1	0	0	0
LT934125.1	56362	-	1	0	0	0	0	0
LT934125.1	56363	-	0	0	0	0	1	0
LT934125.1	56376	-	0	0	2	0	1	0
LT934125.1	56379	-	0	0	0	0	1	0
LT934125.1	56386	-	0	0	0	0	2	0
LT934125.1	56396	-	0	0	0	0	1	0
LT934125.1	56404	-	0	0	0	0	0	1
LT934125.1	56406	-	0	0	0	0	1	0
LT934125.1	56407	-	1	0	0	0	0	0
LT934125.1	56456	-	0	0	1	0	0	0
LT934125.1	56464	-	0	0	2	0	1	0
LT934125.1	56467	-	0	0	0	0	1	0
LT934125.1	56469	-	0	0	0	0	1	0
LT934125.1	56470	-	0	0	0	0	1	0
LT934125.1	56474	-	1	1	2	0	3	0
LT934125.1	56489	-	0	0	0	0	1	0
LT934125.1	56491	-	1	0	0	0	0	0
LT934125.1	56508	-	2	0	1	0	0	0
LT934125.1	56509	-	0	0	0	0	2	0
LT934125.1	56512	-	0	0	0	0	1	0
LT934125.1	56515	-	0	0	0	0	1	0
LT934125.1	56522	-	0	0	0	0	1	0
LT934125.1	56523	-	0	0	1	0	0	0
LT934125.1	56552	-	0	0	0	0	1	0
LT934125.1	56561	-	0	0	0	0	1	0
LT934125.1	56564	-	0	0	0	0	1	0
LT934125.1	56577	-	2	0	0	0	0	0
LT934125.1	56578	-	0	0	0	0	2	0
LT934125.1	56582	-	0	0	0	0	2	0
LT934125.1	56594	-	0	0	2	0	0	0
LT934125.1	56600	+	0	0	0	0	1	0
LT934125.1	56613	-	1	0	0	0	0	0
LT934125.1	56627	-	1	0	1	0	0	0
LT934125.1	56632	+	1	0	0	0	0	0
LT934125.1	56633	-	0	0	0	0	1	0
LT934125.1	56636	-	0	0	0	1	0	0
LT934125.1	56638	-	0	0	2	0	3	1
LT934125.1	56639	-	0	0	0	0	1	0
LT934125.1	56650	-	0	0	0	0	1	0
LT934125.1	56653	-	0	0	0	0	1	0
LT934125.1	56656	-	1	0	0	0	1	0
LT934125.1	56657	-	0	0	2	0	0	0
LT934125.1	56668	-	0	0	0	0	1	0
LT934125.1	56681	+	1	0	0	0	0	0
LT934125.1	56695	-	0	0	0	0	1	0
LT934125.1	56696	-	0	0	1	0	0	0
LT934125.1	56705	-	0	0	0	0	0	1
LT934125.1	56719	-	1	0	0	0	0	0
LT934125.1	56729	+	0	1	0	0	0	0
LT934125.1	56763	+	1	0	0	0	0	0
LT934125.1	56773	-	0	0	0	0	1	0
LT934125.1	56776	-	0	0	0	0	0	1
LT934125.1	56778	-	0	0	0	0	2	0
LT934125.1	56820	-	0	0	0	0	1	0
LT934125.1	56823	-	0	0	0	0	1	0
LT934125.1	56835	-	0	0	0	0	1	0
LT934125.1	56847	-	1	0	0	1	0	0
LT934125.1	56864	-	1	0	0	0	2	0
LT934125.1	56866	-	0	0	2	0	0	0
LT934125.1	56867	-	0	0	0	0	3	0
LT934125.1	56898	-	0	0	0	0	1	0
LT934125.1	56903	+	0	0	0	1	0	0
LT934125.1	56903	-	0	0	0	0	1	0
LT934125.1	56910	-	0	0	0	0	1	0
LT934125.1	56930	-	0	0	0	0	1	0
LT934125.1	56937	+	0	0	0	0	1	0
LT934125.1	56943	-	0	0	2	0	0	0
LT934125.1	56944	-	15	0	37	0	132	4
LT934125.1	56946	-	36	7	115	17	1	10
LT934125.1	56947	-	1	0	11	5	32	0
LT934125.1	56948	-	0	0	6	0	27	0
LT934125.1	56949	-	0	0	0	0	529	0
LT934125.1	56950	-	0	0	1	0	5	1
LT934125.1	56951	-	0	0	0	0	1	0
LT934125.1	56956	-	0	0	0	0	1	0
LT934125.1	56967	-	0	0	0	0	1	0
LT934125.1	56969	-	1	0	0	0	0	0
LT934125.1	56974	-	0	0	1	0	0	1
LT934125.1	56976	-	0	0	6	0	2	0
LT934125.1	56979	-	0	0	0	0	1	1
LT934125.1	56980	-	0	0	3	0	0	0
LT934125.1	56987	-	0	0	0	0	1	0
LT934125.1	56994	-	0	0	0	1	0	0
LT934125.1	56998	-	0	0	0	0	1	0
LT934125.1	57001	+	0	0	3	0	2	0
LT934125.1	57005	+	0	0	0	0	2	0
LT934125.1	57010	-	0	0	1	0	0	0
LT934125.1	57023	+	1	0	0	0	1	0
LT934125.1	57030	-	1	0	0	0	0	0
LT934125.1	57046	-	1	0	0	0	0	0
LT934125.1	57054	-	0	0	0	0	0	1
LT934125.1	57074	-	1	0	0	0	0	0
LT934125.1	57081	-	0	0	0	0	1	0
LT934125.1	57086	-	0	0	0	0	8	0
LT934125.1	57087	-	4	0	3	0	18	0
LT934125.1	57088	-	0	0	12	0	2	0
LT934125.1	57089	-	0	0	1	0	0	0
LT934125.1	57090	-	0	0	0	0	0	2
LT934125.1	57096	-	0	0	1	0	0	0
LT934125.1	57101	-	0	0	2	0	0	1
LT934125.1	57112	-	0	0	0	0	0	1
LT934125.1	57120	-	0	0	0	0	1	0
LT934125.1	57122	-	0	0	1	0	0	0
LT934125.1	57130	-	1	0	0	0	0	0
LT934125.1	57136	-	0	0	0	0	1	0
LT934125.1	57152	-	0	0	0	0	4	0
LT934125.1	57162	-	0	0	0	0	1	0
LT934125.1	57167	-	1	0	1	0	1	0
LT934125.1	57177	-	0	0	0	0	1	0
LT934125.1	57208	+	0	0	1	0	0	0
LT934125.1	57214	-	0	0	0	0	1	0
LT934125.1	57221	+	0	0	1	0	0	0
LT934125.1	57227	-	0	0	2	0	1	0
LT934125.1	57242	-	0	0	0	0	0	1
LT934125.1	57243	-	0	0	0	0	1	0
LT934125.1	57258	-	0	0	0	0	1	0
LT934125.1	57274	-	0	0	1	0	0	0
LT934125.1	57313	-	0	0	1	0	0	0
LT934125.1	57320	-	0	0	0	0	1	0
LT934125.1	57324	-	0	0	0	0	1	0
LT934125.1	57326	-	0	0	1	0	0	0
LT934125.1	57331	+	0	0	0	0	0	1
LT934125.1	57343	-	0	0	1	0	0	0
LT934125.1	57348	-	0	0	0	0	1	0
LT934125.1	57370	-	1	0	0	0	2	0
LT934125.1	57372	-	0	0	1	0	1	0
LT934125.1	57373	-	0	0	1	0	0	0
LT934125.1	57400	-	2	0	0	0	0	0
LT934125.1	57424	-	0	0	0	0	1	0
LT934125.1	57451	-	0	0	0	0	1	0
LT934125.1	57464	-	0	0	0	0	1	0
LT934125.1	57471	-	0	0	0	0	1	0
LT934125.1	57493	-	0	0	0	0	1	0
LT934125.1	57506	-	0	0	1	0	0	0
LT934125.1	57532	-	0	0	0	0	0	1
LT934125.1	57536	-	0	0	0	0	1	0
LT934125.1	57549	-	0	0	0	1	0	0
LT934125.1	57568	-	0	0	0	0	0	1
LT934125.1	57574	-	0	0	1	0	0	0
LT934125.1	57586	-	0	0	0	0	1	0
LT934125.1	57587	-	0	0	0	0	1	0
LT934125.1	57602	-	0	0	0	0	1	0
LT934125.1	57634	-	0	0	1	0	0	0
LT934125.1	57635	-	0	0	0	0	2	0
LT934125.1	57681	-	0	0	0	0	1	0
LT934125.1	57683	-	0	0	1	0	0	0
LT934125.1	57689	+	0	0	0	0	1	0
LT934125.1	57697	-	0	0	0	0	1	0
LT934125.1	57700	-	0	0	0	0	0	1
LT934125.1	57705	-	0	0	1	0	1	0
LT934125.1	57707	-	0	0	1	0	0	0
LT934125.1	57750	-	0	0	0	0	1	0
LT934125.1	57753	-	0	0	0	0	1	0
LT934125.1	57761	+	0	0	2	0	0	1
LT934125.1	57801	-	1	0	0	0	0	0
LT934125.1	57802	-	0	0	0	0	2	0
LT934125.1	57803	-	0	0	0	0	1	0
LT934125.1	57804	-	0	0	0	0	0	1
LT934125.1	57806	-	0	0	0	0	1	0
LT934125.1	57815	+	0	0	0	0	1	0
LT934125.1	57816	+	0	0	1	0	0	0
LT934125.1	57834	-	0	0	0	0	1	0
LT934125.1	57838	-	0	0	1	0	0	0
LT934125.1	57848	-	0	0	0	0	2	0
LT934125.1	57852	-	0	0	0	0	1	0
LT934125.1	57860	-	0	0	0	0	1	0
LT934125.1	57861	-	0	0	1	1	0	0
LT934125.1	57862	-	0	0	0	0	2	0
LT934125.1	57863	-	0	0	2	0	0	0
LT934125.1	57866	-	0	0	0	0	1	0
LT934125.1	57883	-	0	0	0	0	1	0
LT934125.1	57884	-	0	0	0	0	1	0
LT934125.1	57887	-	0	0	0	0	1	0
LT934125.1	57912	-	0	0	1	0	0	0
LT934125.1	57918	-	0	0	0	0	1	0
LT934125.1	57922	-	1	0	0	0	0	0
LT934125.1	57924	-	0	0	0	0	1	0
LT934125.1	57944	-	0	0	0	0	1	0
LT934125.1	57967	-	0	0	1	0	0	0
LT934125.1	57968	-	0	0	0	0	2	0
LT934125.1	58001	+	0	0	0	0	1	0
LT934125.1	58002	+	0	0	0	0	1	0
LT934125.1	58002	-	0	0	0	0	1	0
LT934125.1	58019	-	0	0	0	0	0	1
LT934125.1	58094	-	0	0	0	0	1	0
LT934125.1	58100	-	1	0	0	0	0	0
LT934125.1	58101	+	0	0	0	0	1	0
LT934125.1	58111	-	0	0	0	0	1	0
LT934125.1	58135	+	1	0	0	0	0	0
LT934125.1	58142	-	0	0	0	0	1	0
LT934125.1	58168	-	0	0	1	0	0	0
LT934125.1	58187	-	0	0	0	0	1	0
LT934125.1	58223	-	0	0	1	0	0	0
LT934125.1	58249	-	1	0	0	0	0	0
LT934125.1	58262	-	0	0	0	0	0	1
LT934125.1	58270	-	0	0	0	0	2	0
LT934125.1	58299	-	1	0	0	0	0	0
LT934125.1	58300	-	0	0	0	0	1	0
LT934125.1	58336	-	0	0	0	0	1	0
LT934125.1	58359	-	1	0	0	0	0	0
LT934125.1	58368	+	0	0	1	0	0	0
LT934125.1	58378	-	0	0	0	0	1	0
LT934125.1	58383	-	0	0	0	0	1	0
LT934125.1	58392	-	0	0	0	0	1	0
LT934125.1	58456	-	0	0	1	0	0	0
LT934125.1	58463	+	0	0	0	1	0	0
LT934125.1	58468	+	0	0	0	1	0	0
LT934125.1	58498	+	0	0	0	0	0	1
LT934125.1	58503	-	0	0	0	0	1	0
LT934125.1	58514	-	0	0	0	0	0	1
LT934125.1	58544	-	0	0	0	0	1	0
LT934125.1	58565	-	0	0	0	0	3	0
LT934125.1	58568	-	0	0	0	0	11	0
LT934125.1	58570	-	5	0	12	0	0	0
LT934125.1	58571	-	0	0	4	1	87	2
LT934125.1	58572	-	3	0	6	0	118	1
LT934125.1	58573	-	0	0	0	0	111	0
LT934125.1	58574	-	0	0	1	0	55	2
LT934125.1	58575	-	0	0	3	0	1	0
LT934125.1	58610	+	0	0	1	0	0	0
LT934125.1	58622	+	0	0	0	0	12	0
LT934125.1	58623	+	0	0	0	0	2	0
LT934125.1	58625	+	1	0	3	0	1	1
LT934125.1	58696	+	0	0	0	0	1	0
LT934125.1	58715	+	0	0	0	0	1	0
LT934125.1	58726	+	0	0	0	0	1	0
LT934125.1	58755	+	0	0	0	0	1	0
LT934125.1	58769	+	0	0	1	0	0	0
LT934125.1	58770	+	0	0	0	0	1	0
LT934125.1	58771	+	0	0	1	0	2	0
LT934125.1	58775	+	0	0	1	0	0	0
LT934125.1	58807	+	1	0	0	0	0	0
LT934125.1	58814	-	1	0	0	0	0	0
LT934125.1	58820	+	0	0	0	0	2	0
LT934125.1	58831	+	0	0	0	0	0	1
LT934125.1	58863	+	1	0	0	0	3	0
LT934125.1	58874	-	0	0	0	0	0	1
LT934125.1	58925	+	0	0	0	0	1	0
LT934125.1	58941	+	0	0	0	0	1	0
LT934125.1	58946	-	0	0	1	0	0	0
LT934125.1	58955	+	1	0	0	0	0	0
LT934125.1	58962	-	0	0	0	0	1	0
LT934125.1	58963	-	0	0	1	0	3	1
LT934125.1	58964	-	1	0	0	0	1	0
LT934125.1	58971	-	0	0	0	0	1	0
LT934125.1	58978	+	0	0	0	0	1	0
LT934125.1	58983	-	0	0	0	0	1	0
LT934125.1	58985	-	0	0	0	0	1	0
LT934125.1	59002	-	0	0	0	0	1	0
LT934125.1	59004	-	0	0	0	0	1	0
LT934125.1	59007	+	0	0	0	0	0	1
LT934125.1	59011	+	0	0	1	0	0	0
LT934125.1	59015	-	0	0	0	0	1	0
LT934125.1	59016	-	1	0	10	0	29	1
LT934125.1	59017	-	1	0	0	0	0	0
LT934125.1	59035	+	0	0	0	0	1	0
LT934125.1	59035	-	0	0	0	0	1	0
LT934125.1	59036	+	0	0	1	0	0	0
LT934125.1	59038	+	6	0	4	0	2	0
LT934125.1	59039	+	2	0	8	0	6	2
LT934125.1	59040	+	1	0	0	0	0	0
LT934125.1	59041	+	63	0	1	1	8	5
LT934125.1	59042	+	0	0	3	1	1	1
LT934125.1	59043	+	0	0	1	1	0	0
LT934125.1	59044	+	1	1	103	14	135	100
LT934125.1	59045	+	5	0	3	1	6	2
LT934125.1	59046	+	1	0	1	0	0	0
LT934125.1	59055	+	0	0	1	0	0	0
LT934125.1	59057	+	0	0	1	0	2	2
LT934125.1	59059	+	0	0	0	0	0	1
LT934125.1	59062	+	0	0	0	0	2	0
LT934125.1	59063	+	0	0	0	0	2	0
LT934125.1	59063	-	0	0	1	0	0	0
LT934125.1	59065	+	1	0	0	0	0	1
LT934125.1	59067	+	0	1	6	0	3	13
LT934125.1	59068	+	129	5	152	26	314	175
LT934125.1	59070	+	24	0	14	7	52	16
LT934125.1	59072	+	0	0	0	0	1	0
LT934125.1	59073	+	0	0	2	0	0	0
LT934125.1	59074	-	1	0	1	0	1	0
LT934125.1	59076	-	1	0	0	0	0	0
LT934125.1	59079	-	0	0	1	0	0	0
LT934125.1	59082	+	0	0	0	0	1	0
LT934125.1	59087	+	0	0	0	0	1	0
LT934125.1	59089	+	0	0	0	0	2	0
LT934125.1	59090	+	0	0	0	0	0	1
LT934125.1	59092	+	0	0	0	0	1	0
LT934125.1	59095	+	0	0	0	0	1	0
LT934125.1	59099	-	0	0	1	0	0	0
LT934125.1	59100	+	0	0	0	0	1	0
LT934125.1	59115	+	0	0	0	0	0	1
LT934125.1	59116	+	0	0	1	0	0	0
LT934125.1	59117	+	0	0	0	0	2	0
LT934125.1	59118	+	0	0	1	0	0	0
LT934125.1	59120	-	0	0	0	0	3	0
LT934125.1	59135	+	0	0	0	0	1	0
LT934125.1	59135	-	1	0	0	0	3	1
LT934125.1	59136	-	0	0	2	0	0	0
LT934125.1	59139	-	1	0	0	0	0	0
LT934125.1	59148	+	0	0	1	0	0	0
LT934125.1	59151	+	0	0	0	0	1	0
LT934125.1	59153	+	0	0	0	0	0	2
LT934125.1	59170	+	0	0	0	0	0	1
LT934125.1	59176	-	0	0	0	0	1	0
LT934125.1	59177	-	0	0	1	0	0	0
LT934125.1	59183	+	0	0	0	0	0	1
LT934125.1	59186	+	0	0	0	1	0	0
LT934125.1	59195	+	0	0	0	0	1	0
LT934125.1	59197	+	0	0	0	1	0	0
LT934125.1	59198	+	0	0	1	0	0	1
LT934125.1	59201	+	0	0	0	0	1	0
LT934125.1	59203	+	0	0	0	0	0	1
LT934125.1	59215	+	0	0	0	0	1	0
LT934125.1	59217	+	0	0	0	0	0	1
LT934125.1	59219	+	1	0	0	0	3	1
LT934125.1	59230	+	0	0	0	0	1	0
LT934125.1	59233	+	0	0	0	0	1	0
LT934125.1	59234	+	0	0	1	0	0	1
LT934125.1	59237	+	0	0	0	0	1	1
LT934125.1	59258	+	0	0	2	0	0	0
LT934125.1	59261	+	1	0	0	0	0	0
LT934125.1	59268	+	0	0	0	0	1	0
LT934125.1	59269	+	1	0	0	0	0	0
LT934125.1	59271	+	0	0	0	1	2	0
LT934125.1	59273	+	1	0	0	0	1	0
LT934125.1	59274	-	0	0	1	0	0	0
LT934125.1	59276	-	12	2	12	3	19	1
LT934125.1	59277	-	142	1	175	17	597	34
LT934125.1	59278	-	1	0	0	0	6	0
LT934125.1	59279	-	8	1	8	0	22	6
LT934125.1	59281	-	8	0	0	0	5	1
LT934125.1	59282	-	0	0	0	0	6	0
LT934125.1	59292	+	0	0	0	0	1	0
LT934125.1	59300	+	0	0	0	0	1	0
LT934125.1	59322	+	0	0	0	0	0	1
LT934125.1	59329	+	0	0	0	1	0	0
LT934125.1	59333	+	0	0	1	0	5	0
LT934125.1	59343	+	0	0	0	0	1	0
LT934125.1	59345	+	0	0	1	0	0	0
LT934125.1	59347	+	0	0	1	0	0	0
LT934125.1	59348	+	0	0	0	0	0	1
LT934125.1	59351	+	1	0	0	0	0	0
LT934125.1	59354	+	0	0	1	0	0	0
LT934125.1	59385	-	0	0	0	0	1	0
LT934125.1	59390	+	0	0	0	0	2	0
LT934125.1	59398	+	1	0	0	0	1	0
LT934125.1	59409	+	0	0	1	0	0	0
LT934125.1	59421	+	0	0	0	0	0	1
LT934125.1	59443	+	0	0	1	0	1	0
LT934125.1	59447	+	0	0	0	0	1	0
LT934125.1	59449	+	0	0	0	0	0	1
LT934125.1	59452	-	1	0	0	0	1	0
LT934125.1	59470	+	0	0	0	0	1	0
LT934125.1	59471	+	1	0	0	0	0	0
LT934125.1	59474	+	0	0	0	0	0	1
LT934125.1	59486	-	0	0	0	0	1	0
LT934125.1	59493	+	0	0	0	0	1	0
LT934125.1	59495	+	1	0	0	0	0	0
LT934125.1	59496	-	0	0	0	0	1	0
LT934125.1	59497	+	0	0	0	0	0	1
LT934125.1	59500	+	0	0	1	0	0	0
LT934125.1	59503	+	0	0	0	0	2	0
LT934125.1	59510	+	0	0	0	0	1	0
LT934125.1	59512	-	0	0	0	0	1	0
LT934125.1	59533	+	1	0	0	0	0	0
LT934125.1	59534	+	0	0	0	0	0	1
LT934125.1	59540	+	0	0	0	0	0	1
LT934125.1	59545	+	0	0	0	0	0	1
LT934125.1	59546	+	0	0	0	1	0	0
LT934125.1	59548	+	1	0	0	0	0	0
LT934125.1	59549	+	0	0	0	0	0	1
LT934125.1	59555	+	0	0	0	0	1	0
LT934125.1	59559	+	0	0	0	0	1	0
LT934125.1	59563	+	0	0	0	0	1	0
LT934125.1	59567	+	0	0	0	0	1	0
LT934125.1	59577	+	0	0	0	0	1	0
LT934125.1	59581	+	0	0	0	0	1	1
LT934125.1	59594	+	2	0	0	0	0	1
LT934125.1	59639	+	0	1	0	0	0	0
LT934125.1	59640	+	0	0	0	0	0	1
LT934125.1	59644	+	1	0	0	0	0	0
LT934125.1	59661	+	0	0	0	0	1	0
LT934125.1	59663	+	0	0	1	0	0	0
LT934125.1	59665	+	0	0	0	0	0	1
LT934125.1	59666	+	2	0	0	0	0	1
LT934125.1	59672	+	0	0	0	0	0	1
LT934125.1	59677	+	0	0	0	0	1	0
LT934125.1	59678	+	1	0	0	0	1	1
LT934125.1	59680	-	0	0	0	0	1	0
LT934125.1	59681	+	0	0	0	0	1	0
LT934125.1	59699	+	0	0	0	0	1	0
LT934125.1	59700	+	1	0	0	0	0	0
LT934125.1	59731	+	1	0	5	0	2	0
LT934125.1	59736	+	1	0	1	0	0	0
LT934125.1	59738	+	1	0	0	0	1	0
LT934125.1	59748	+	2	0	0	0	1	0
LT934125.1	59749	+	1	0	0	0	0	0
LT934125.1	59750	+	0	0	0	0	1	0
LT934125.1	59759	+	0	0	0	0	2	0
LT934125.1	59760	+	2	0	0	0	0	0
LT934125.1	59765	+	0	0	0	0	1	0
LT934125.1	59770	+	0	0	0	0	1	0
LT934125.1	59771	+	0	0	1	0	0	0
LT934125.1	59772	+	1	0	1	0	1	1
LT934125.1	59773	+	0	0	0	0	1	0
LT934125.1	59790	+	0	0	0	0	1	0
LT934125.1	59792	+	0	1	1	1	0	0
LT934125.1	59793	+	3	0	5	2	7	0
LT934125.1	59831	-	0	0	0	0	1	0
LT934125.1	59837	+	0	0	0	0	1	0
LT934125.1	59838	+	0	0	1	0	0	0
LT934125.1	59840	+	0	0	1	0	0	0
LT934125.1	59846	+	0	0	0	0	1	0
LT934125.1	59857	+	0	0	1	0	0	0
LT934125.1	59858	+	0	0	0	0	1	0
LT934125.1	59873	+	0	0	1	0	0	0
LT934125.1	59875	+	0	0	1	0	0	0
LT934125.1	59895	+	0	0	0	0	1	0
LT934125.1	59901	+	0	0	0	0	0	1
LT934125.1	59906	+	0	0	0	0	1	0
LT934125.1	59933	+	0	0	0	0	0	1
LT934125.1	59938	+	0	0	0	0	1	0
LT934125.1	59964	-	0	0	1	0	0	0
LT934125.1	59970	+	0	0	1	0	0	0
LT934125.1	60009	+	0	0	0	0	1	0
LT934125.1	60019	-	0	0	1	0	0	0
LT934125.1	60047	+	0	0	0	0	1	0
LT934125.1	60080	-	0	0	0	0	1	0
LT934125.1	60086	+	0	0	0	0	0	1
LT934125.1	60110	+	0	0	2	0	0	0
LT934125.1	60112	+	0	0	0	0	0	1
LT934125.1	60113	+	2	0	0	0	2	0
LT934125.1	60139	+	1	0	0	0	0	0
LT934125.1	60159	+	0	0	1	0	0	0
LT934125.1	60178	-	0	0	0	0	1	0
LT934125.1	60182	+	0	0	0	0	1	0
LT934125.1	60204	-	0	0	0	0	1	0
LT934125.1	60232	+	19	0	37	3	145	7
LT934125.1	60233	+	2	0	2	0	0	1
LT934125.1	60234	+	17	0	39	4	63	2
LT934125.1	60235	+	7	0	47	2	139	5
LT934125.1	60236	+	1	0	18	0	43	3
LT934125.1	60237	+	0	0	1	0	1	0
LT934125.1	60239	+	4	0	2	0	13	1
LT934125.1	60242	+	0	0	0	0	1	0
LT934125.1	60245	+	0	0	0	0	2	0
LT934125.1	60254	+	0	0	2	0	0	0
LT934125.1	60256	+	0	0	1	0	1	0
LT934125.1	60258	+	0	0	0	0	2	0
LT934125.1	60259	+	1	0	0	0	0	0
LT934125.1	60260	+	0	0	1	0	0	0
LT934125.1	60262	+	0	0	1	0	0	0
LT934125.1	60279	-	0	0	0	0	1	0
LT934125.1	60281	-	0	0	0	0	1	0
LT934125.1	60285	+	0	0	0	1	0	0
LT934125.1	60326	+	0	0	0	0	1	0
LT934125.1	60340	-	0	0	0	0	1	0
LT934125.1	60343	+	0	0	0	0	1	0
LT934125.1	60353	+	0	0	0	0	1	0
LT934125.1	60355	+	1	0	0	0	0	0
LT934125.1	60374	+	0	0	1	0	0	0
LT934125.1	60375	+	0	0	4	0	0	0
LT934125.1	60376	+	5	0	0	0	2	1
LT934125.1	60377	+	1	0	0	0	1	0
LT934125.1	60405	+	1	0	0	0	0	0
LT934125.1	60431	+	0	0	1	0	0	0
LT934125.1	60432	+	0	0	0	0	1	0
LT934125.1	60445	+	0	0	0	0	1	0
LT934125.1	60447	+	0	0	1	0	0	0
LT934125.1	60452	+	1	0	0	0	0	0
LT934125.1	60478	+	0	0	0	0	0	1
LT934125.1	60501	+	0	0	1	0	0	0
LT934125.1	60543	-	0	0	0	0	1	0
LT934125.1	60559	+	0	0	2	0	2	0
LT934125.1	60573	-	0	0	1	0	0	0
LT934125.1	60594	+	0	0	2	0	0	0
LT934125.1	60604	+	0	0	0	0	1	0
LT934125.1	60615	+	0	0	0	0	1	0
LT934125.1	60616	+	0	0	0	0	1	0
LT934125.1	60620	+	0	0	0	0	1	0
LT934125.1	60627	+	0	0	1	0	0	0
LT934125.1	60652	+	0	0	0	0	1	0
LT934125.1	60656	+	1	0	0	0	0	0
LT934125.1	60673	+	0	0	1	0	0	1
LT934125.1	60688	+	1	0	1	0	1	0
LT934125.1	60689	+	0	0	0	0	1	0
LT934125.1	60706	+	0	0	0	0	1	0
LT934125.1	60749	+	0	0	1	0	1	0
LT934125.1	60750	+	0	0	0	0	2	3
LT934125.1	60754	+	0	0	2	0	0	0
LT934125.1	60778	+	1	0	0	0	0	0
LT934125.1	60819	+	0	0	0	0	0	1
LT934125.1	60847	+	0	0	1	0	0	0
LT934125.1	60868	+	1	0	0	0	0	0
LT934125.1	60869	-	0	0	0	0	1	0
LT934125.1	60885	+	1	0	0	0	0	0
LT934125.1	60908	+	1	0	0	0	0	0
LT934125.1	60923	+	0	0	1	0	0	0
LT934125.1	60925	+	0	0	1	0	0	0
LT934125.1	60926	+	0	0	0	0	0	1
LT934125.1	60944	+	0	0	0	0	1	0
LT934125.1	60945	+	0	0	1	0	1	0
LT934125.1	60953	+	1	0	0	0	0	0
LT934125.1	60955	-	0	0	0	0	1	0
LT934125.1	60956	+	0	0	1	0	0	0
LT934125.1	60970	+	0	0	0	0	1	0
LT934125.1	61000	+	0	0	1	0	0	0
LT934125.1	61002	+	0	0	0	0	0	1
LT934125.1	61003	+	0	0	0	0	0	1
LT934125.1	61018	-	0	0	0	0	1	0
LT934125.1	61026	-	0	0	1	0	0	0
LT934125.1	61039	+	1	0	0	0	0	0
LT934125.1	61044	+	0	0	1	0	0	0
LT934125.1	61054	-	0	0	0	0	1	0
LT934125.1	61055	-	1	0	0	0	0	0
LT934125.1	61056	-	0	0	0	0	1	0
LT934125.1	61057	-	1	0	0	0	0	0
LT934125.1	61062	+	0	0	0	0	2	0
LT934125.1	61068	+	0	0	1	0	0	0
LT934125.1	61073	+	0	0	0	0	1	0
LT934125.1	61076	+	0	0	2	0	20	0
LT934125.1	61078	+	0	0	0	0	1	1
LT934125.1	61088	+	0	0	0	0	1	0
LT934125.1	61093	+	0	0	0	0	1	0
LT934125.1	61096	-	0	0	1	0	0	0
LT934125.1	61111	+	0	0	0	0	1	0
LT934125.1	61128	-	1	0	0	0	0	0
LT934125.1	61165	+	1	0	0	0	0	0
LT934125.1	61173	+	0	0	0	0	1	0
LT934125.1	61175	+	0	0	0	0	1	0
LT934125.1	61175	-	0	0	1	0	0	0
LT934125.1	61190	+	0	0	0	0	1	0
LT934125.1	61201	-	0	0	1	0	0	0
LT934125.1	61204	+	0	0	0	0	1	0
LT934125.1	61222	-	0	0	1	0	0	0
LT934125.1	61249	+	0	0	0	0	1	0
LT934125.1	61282	+	0	0	1	0	0	0
LT934125.1	61288	+	0	0	0	0	1	0
LT934125.1	61318	-	0	0	0	0	1	0
LT934125.1	61336	+	1	0	0	0	0	0
LT934125.1	61337	+	0	0	0	0	1	0
LT934125.1	61358	+	2	0	0	0	0	0
LT934125.1	61359	+	0	0	0	0	2	0
LT934125.1	61360	+	0	0	0	0	1	0
LT934125.1	61366	+	0	0	0	0	2	0
LT934125.1	61370	+	1	0	0	0	0	0
LT934125.1	61373	-	0	0	0	0	1	0
LT934125.1	61392	+	0	0	0	0	1	0
LT934125.1	61393	+	0	0	0	0	2	0
LT934125.1	61399	+	0	0	0	0	1	0
LT934125.1	61425	+	0	0	0	0	1	0
LT934125.1	61435	+	0	0	0	0	1	0
LT934125.1	61436	+	1	0	1	0	0	0
LT934125.1	61462	+	0	0	1	0	0	0
LT934125.1	61503	+	0	0	0	0	0	1
LT934125.1	61505	+	0	0	0	0	2	0
LT934125.1	61516	+	1	0	0	0	0	0
LT934125.1	61530	+	0	0	2	0	0	0
LT934125.1	61531	+	1	0	0	0	0	0
LT934125.1	61540	+	0	0	0	0	1	0
LT934125.1	61546	+	0	0	0	0	1	0
LT934125.1	61582	+	0	0	1	0	0	0
LT934125.1	61625	+	1	0	0	0	0	0
LT934125.1	61628	+	0	0	0	0	0	1
LT934125.1	61649	-	0	0	0	0	1	0
LT934125.1	61673	+	0	0	0	0	2	0
LT934125.1	61677	-	0	0	0	0	1	0
LT934125.1	61684	+	0	0	0	0	2	0
LT934125.1	61689	+	0	0	1	0	0	0
LT934125.1	61697	+	0	0	0	0	1	0
LT934125.1	61699	+	0	0	1	0	0	0
LT934125.1	61700	+	0	0	0	0	1	1
LT934125.1	61705	+	1	0	0	0	0	0
LT934125.1	61712	-	0	0	0	0	1	0
LT934125.1	61720	-	0	0	0	0	1	0
LT934125.1	61724	+	1	0	0	0	0	0
LT934125.1	61731	+	0	0	0	0	1	0
LT934125.1	61733	+	1	0	0	0	0	0
LT934125.1	61745	+	0	0	1	0	0	0
LT934125.1	61750	+	2	0	1	0	0	0
LT934125.1	61756	-	0	0	0	0	1	0
LT934125.1	61759	+	0	0	0	0	1	0
LT934125.1	61771	+	0	0	0	0	1	0
LT934125.1	61787	+	0	0	1	0	0	0
LT934125.1	61794	+	0	0	0	0	1	0
LT934125.1	61797	+	0	0	0	0	0	2
LT934125.1	61800	+	0	0	2	0	0	0
LT934125.1	61808	+	0	0	0	0	0	1
LT934125.1	61812	+	1	0	0	0	0	0
LT934125.1	61814	+	1	0	1	0	0	0
LT934125.1	61819	+	0	0	0	0	0	1
LT934125.1	61822	+	0	0	0	0	1	0
LT934125.1	61835	+	2	0	2	0	0	0
LT934125.1	61836	+	0	0	0	0	2	0
LT934125.1	61836	-	0	0	0	0	1	0
LT934125.1	61837	+	0	0	0	0	1	0
LT934125.1	61850	+	2	0	0	0	0	0
LT934125.1	61855	+	1	0	0	0	0	1
LT934125.1	61870	-	0	0	1	0	0	0
LT934125.1	61871	+	0	0	1	0	1	0
LT934125.1	61882	+	0	0	0	0	1	0
LT934125.1	61889	+	0	0	2	0	0	0
LT934125.1	61899	+	0	0	1	0	0	0
LT934125.1	61910	+	0	0	1	0	1	0
LT934125.1	61914	+	0	0	1	0	0	0
LT934125.1	61922	-	0	0	0	0	1	0
LT934125.1	61923	+	0	0	1	0	0	0
LT934125.1	61926	+	0	0	0	1	0	0
LT934125.1	61930	+	3	1	1	0	0	0
LT934125.1	61933	+	0	0	2	0	0	0
LT934125.1	61934	+	1	0	0	0	0	0
LT934125.1	61939	+	1	0	0	0	1	0
LT934125.1	61946	+	0	0	1	0	0	0
LT934125.1	61947	-	0	0	2	0	0	0
LT934125.1	61948	-	0	0	0	0	1	0
LT934125.1	61955	+	0	0	1	0	0	0
LT934125.1	61968	+	0	0	0	0	1	0
LT934125.1	61972	+	0	0	0	0	1	0
LT934125.1	61973	+	1	0	1	0	0	0
LT934125.1	61975	+	1	0	0	0	0	0
LT934125.1	61986	+	0	0	1	0	0	0
LT934125.1	61994	+	2	0	0	0	0	0
LT934125.1	61997	+	0	0	0	0	1	0
LT934125.1	62021	+	0	0	1	0	0	0
LT934125.1	62032	+	0	0	1	0	0	0
LT934125.1	62059	+	0	0	0	0	2	0
LT934125.1	62060	+	0	0	1	0	0	0
LT934125.1	62077	-	0	0	1	0	0	0
LT934125.1	62101	+	0	0	0	0	1	0
LT934125.1	62131	-	0	0	0	0	1	0
LT934125.1	62146	+	0	0	0	0	1	0
LT934125.1	62173	-	0	0	0	0	1	0
LT934125.1	62187	-	0	0	0	0	1	0
LT934125.1	62216	+	0	0	0	0	1	0
LT934125.1	62231	-	0	0	0	0	1	0
LT934125.1	62233	+	0	0	0	0	1	0
LT934125.1	62247	-	0	0	0	0	1	0
LT934125.1	62248	+	0	0	0	0	2	0
LT934125.1	62254	-	0	0	0	0	1	0
LT934125.1	62265	+	1	0	0	0	0	0
LT934125.1	62281	+	0	0	0	0	4	0
LT934125.1	62282	+	0	0	0	0	1	0
LT934125.1	62323	-	0	0	0	0	1	0
LT934125.1	62325	+	0	0	0	0	6	0
LT934125.1	62326	+	0	0	0	0	2	0
LT934125.1	62328	+	0	0	0	0	1	0
LT934125.1	62335	+	0	0	0	0	1	0
LT934125.1	62343	-	0	0	0	0	1	0
LT934125.1	62354	+	0	1	0	0	0	0
LT934125.1	62388	+	0	0	1	0	0	0
LT934125.1	62407	+	0	0	1	0	0	0
LT934125.1	62420	-	0	0	0	0	1	0
LT934125.1	62424	-	1	0	0	0	0	0
LT934125.1	62454	-	0	0	0	0	1	0
LT934125.1	62463	+	0	0	0	0	1	0
LT934125.1	62476	-	0	0	0	0	1	0
LT934125.1	62485	+	0	0	0	0	1	0
LT934125.1	62496	-	0	0	0	0	1	0
LT934125.1	62509	+	0	0	1	0	0	0
LT934125.1	62512	-	1	0	0	0	0	0
LT934125.1	62513	+	0	0	1	0	1	0
LT934125.1	62517	-	1	0	0	0	0	0
LT934125.1	62520	-	1	0	0	0	2	0
LT934125.1	62525	+	0	0	0	0	1	0
LT934125.1	62530	+	0	0	1	0	0	0
LT934125.1	62536	+	0	0	0	0	1	0
LT934125.1	62541	-	0	0	1	0	2	0
LT934125.1	62543	-	0	0	0	0	1	0
LT934125.1	62549	-	0	0	0	0	1	0
LT934125.1	62551	+	0	0	0	0	1	0
LT934125.1	62557	+	0	0	0	0	1	0
LT934125.1	62575	-	0	0	0	0	1	0
LT934125.1	62576	-	0	0	1	0	1	0
LT934125.1	62577	-	0	1	1	0	4	0
LT934125.1	62580	+	0	0	0	0	1	0
LT934125.1	62581	+	0	0	1	0	0	0
LT934125.1	62594	+	0	0	0	0	1	0
LT934125.1	62597	+	0	0	0	0	1	0
LT934125.1	62608	+	0	0	0	0	1	0
LT934125.1	62613	-	0	0	1	0	0	0
LT934125.1	62615	+	0	0	1	0	1	0
LT934125.1	62618	-	0	0	0	0	1	0
LT934125.1	62621	-	0	0	0	0	1	0
LT934125.1	62625	+	0	0	0	0	1	0
LT934125.1	62638	-	0	0	0	0	1	0
LT934125.1	62649	+	0	0	0	0	2	0
LT934125.1	62653	+	1	0	0	0	1	0
LT934125.1	62655	+	0	0	0	0	2	0
LT934125.1	62659	-	1	0	0	0	2	0
LT934125.1	62670	-	1	0	0	0	4	0
LT934125.1	62676	-	0	0	0	0	1	0
LT934125.1	62679	-	0	0	0	0	1	0
LT934125.1	62681	-	0	0	1	0	0	0
LT934125.1	62682	-	0	0	0	0	1	0
LT934125.1	62690	-	0	0	0	0	1	0
LT934125.1	62710	+	1	0	0	0	0	0
LT934125.1	62715	-	0	0	1	0	0	0
LT934125.1	62719	-	0	0	0	0	1	0
LT934125.1	62720	+	0	0	0	0	2	0
LT934125.1	62721	+	0	0	2	0	0	0
LT934125.1	62725	+	0	0	1	0	2	0
LT934125.1	62730	-	0	0	0	0	1	0
LT934125.1	62732	+	0	0	0	0	2	0
LT934125.1	62738	+	0	0	0	0	1	0
LT934125.1	62738	-	0	0	0	0	2	0
LT934125.1	62744	-	0	0	0	0	2	0
LT934125.1	62745	-	0	0	0	0	1	0
LT934125.1	62746	-	0	0	0	0	1	0
LT934125.1	62752	-	0	0	0	0	1	0
LT934125.1	62761	-	0	0	0	0	1	0
LT934125.1	62763	-	0	0	1	0	0	0
LT934125.1	62769	-	0	0	0	0	1	0
LT934125.1	62776	-	0	0	0	0	1	0
LT934125.1	62778	-	0	0	1	0	0	0
LT934125.1	62791	-	0	0	0	0	1	0
LT934125.1	62792	-	0	0	0	0	2	0
LT934125.1	62793	+	0	0	0	2	0	0
LT934125.1	62794	+	0	0	1	0	0	0
LT934125.1	62797	+	1	0	0	0	0	0
LT934125.1	62797	-	1	0	1	0	0	0
LT934125.1	62799	+	0	0	0	0	1	0
LT934125.1	62802	+	0	0	0	0	1	0
LT934125.1	62804	+	0	0	1	0	1	0
LT934125.1	62806	-	0	0	0	0	1	0
LT934125.1	62810	-	1	0	0	0	1	0
LT934125.1	62811	-	0	0	1	0	0	0
LT934125.1	62812	+	0	0	1	0	0	0
LT934125.1	62814	+	1	0	0	0	0	0
LT934125.1	62816	+	0	0	0	0	1	0
LT934125.1	62816	-	0	0	0	0	2	0
LT934125.1	62819	+	0	0	0	0	1	0
LT934125.1	62821	+	0	0	1	0	1	0
LT934125.1	62825	-	0	0	0	0	1	0
LT934125.1	62827	-	0	0	0	0	3	0
LT934125.1	62828	-	0	0	1	0	0	0
LT934125.1	62841	-	0	0	0	0	1	0
LT934125.1	62846	-	0	0	0	0	1	0
LT934125.1	62870	+	0	0	0	0	1	0
LT934125.1	62874	-	0	0	0	0	1	0
LT934125.1	62876	-	0	0	0	0	3	0
LT934125.1	62878	-	0	0	0	0	1	0
LT934125.1	62879	-	0	0	1	0	4	0
LT934125.1	62880	-	0	0	0	0	1	0
LT934125.1	62882	-	0	0	0	0	2	0
LT934125.1	62885	-	0	0	0	1	2	0
LT934125.1	62891	-	0	0	0	0	1	0
LT934125.1	62892	-	0	0	0	0	1	0
LT934125.1	62893	-	0	0	0	0	3	0
LT934125.1	62895	-	0	0	0	0	1	0
LT934125.1	62896	-	0	0	1	0	4	0
LT934125.1	62897	-	0	0	0	0	2	0
LT934125.1	62899	-	0	0	0	0	2	0
LT934125.1	62902	-	0	0	0	1	2	0
LT934125.1	62905	-	0	0	0	0	1	0
LT934125.1	62907	+	0	0	0	0	1	0
LT934125.1	62911	-	0	0	0	0	1	0
LT934125.1	62913	-	0	0	0	0	2	0
LT934125.1	62915	-	0	0	0	0	5	0
LT934125.1	62916	-	0	0	1	0	0	0
LT934125.1	62917	-	0	0	0	0	1	0
LT934125.1	62918	-	0	0	0	0	4	0
LT934125.1	62919	-	0	0	0	0	2	0
LT934125.1	62920	-	0	0	1	0	0	0
LT934125.1	62924	-	0	0	0	0	1	0
LT934125.1	62932	-	0	0	1	0	0	0
LT934125.1	62937	+	0	0	0	0	1	0
LT934125.1	62940	-	0	0	0	0	1	0
LT934125.1	62945	-	0	0	0	0	6	0
LT934125.1	62949	-	0	0	0	0	1	0
LT934125.1	62952	+	1	0	0	0	2	0
LT934125.1	62955	+	0	0	0	0	1	0
LT934125.1	62960	-	1	0	0	0	1	0
LT934125.1	62962	-	0	0	0	0	2	0
LT934125.1	62963	-	0	0	1	0	0	0
LT934125.1	62964	-	0	0	2	0	0	0
LT934125.1	62965	-	0	0	0	0	4	0
LT934125.1	62969	-	0	0	1	0	0	0
LT934125.1	62972	+	0	0	0	0	1	0
LT934125.1	62972	-	0	0	0	0	1	0
LT934125.1	62976	+	0	0	1	0	1	0
LT934125.1	62977	+	0	0	0	0	4	0
LT934125.1	62978	+	0	0	0	0	1	0
LT934125.1	63017	-	1	0	0	0	0	0
LT934125.1	63060	+	0	0	1	0	1	0
LT934125.1	63061	+	0	0	0	0	4	0
LT934125.1	63062	+	0	0	0	0	1	0
LT934125.1	63092	-	0	0	0	0	1	0
LT934125.1	63104	-	0	0	0	0	1	0
LT934125.1	63108	+	0	0	0	0	1	0
LT934125.1	63126	+	0	0	0	0	1	0
LT934125.1	63128	-	0	0	0	0	2	0
LT934125.1	63142	-	0	0	0	0	1	0
LT934125.1	63150	+	0	0	1	0	0	0
LT934125.1	63172	+	0	0	0	0	1	0
LT934125.1	63174	+	1	0	0	0	0	0
LT934125.1	63215	-	0	0	0	0	4	0
LT934125.1	63216	-	1	0	0	0	0	0
LT934125.1	63220	-	0	0	0	0	1	0
LT934125.1	63224	-	0	0	0	0	1	0
LT934125.1	63230	-	0	0	0	0	1	0
LT934125.1	63231	-	0	0	0	0	1	0
LT934125.1	63232	+	0	0	0	0	1	0
LT934125.1	63232	-	0	0	0	0	4	0
LT934125.1	63233	-	0	0	0	0	1	0
LT934125.1	63239	-	0	0	0	0	6	0
LT934125.1	63242	-	4	0	0	0	0	0
LT934125.1	63243	-	0	0	0	0	1	0
LT934125.1	63247	-	0	0	2	0	0	1
LT934125.1	63249	-	0	0	0	0	8	0
LT934125.1	63252	-	0	0	0	0	1	0
LT934125.1	63254	-	0	0	1	0	0	0
LT934125.1	63257	+	0	0	0	0	1	0
LT934125.1	63267	-	0	0	0	0	1	0
LT934125.1	63294	-	3	0	0	0	0	0
LT934125.1	63303	+	1	0	0	0	0	0
LT934125.1	63317	-	0	0	0	0	1	0
LT934125.1	63320	+	0	0	0	0	1	0
LT934125.1	63328	-	0	0	0	0	1	0
LT934125.1	63358	-	0	0	0	0	1	0
LT934125.1	63365	-	0	0	0	0	2	0
LT934125.1	63371	-	0	0	0	0	1	0
LT934125.1	63373	-	0	0	1	0	0	0
LT934125.1	63375	-	0	0	1	0	0	0
LT934125.1	63383	-	0	0	0	0	1	0
LT934125.1	63389	-	1	0	0	0	1	1
LT934125.1	63390	-	0	0	0	0	3	0
LT934125.1	63391	-	0	0	4	0	0	0
LT934125.1	63405	+	0	0	0	0	2	0
LT934125.1	63405	-	0	0	1	0	0	0
LT934125.1	63406	-	0	0	0	0	2	0
LT934125.1	63407	-	0	0	1	0	0	0
LT934125.1	63408	-	0	0	0	0	1	0
LT934125.1	63409	-	0	0	0	0	1	0
LT934125.1	63410	-	1	0	26	2	36	1
LT934125.1	63411	-	2	0	4	0	11	1
LT934125.1	63412	-	0	0	6	0	10	0
LT934125.1	63413	+	0	0	0	0	2	0
LT934125.1	63413	-	0	0	1	0	4	0
LT934125.1	63414	-	0	0	4	0	14	1
LT934125.1	63415	-	15	0	80	4	206	9
LT934125.1	63416	-	3	0	27	0	7	1
LT934125.1	63417	-	184	4	1264	22	1281	49
LT934125.1	63418	-	35	0	342	4	537	21
LT934125.1	63419	-	4	0	41	0	140	4
LT934125.1	63420	-	2617	116	16619	522	68109	1401
LT934125.1	63421	-	4	7	9	0	6654	0
LT934125.1	63422	-	1	0	1	3	9	1
LT934125.1	63423	-	231	1	1589	7	23	6
LT934125.1	63424	-	11	0	5	23	3	0
LT934125.1	63425	-	1	0	5	0	1289	0
LT934125.1	63426	-	0	0	0	0	217	0
LT934125.1	63427	-	0	0	3	0	0	0
LT934125.1	63430	-	0	0	2	0	6	0
LT934125.1	63431	+	0	0	0	1	0	0
LT934125.1	63432	-	0	0	0	0	1	0
LT934125.1	63433	-	0	0	0	0	4	0
LT934125.1	63435	-	0	0	0	0	1	0
LT934125.1	63436	-	0	0	0	0	4	0
LT934125.1	63437	-	0	0	1	0	2	0
LT934125.1	63438	-	1	0	5	0	7	0
LT934125.1	63453	-	0	0	1	0	0	0
LT934125.1	63454	-	0	0	0	0	1	0
LT934125.1	63459	-	0	0	0	0	1	0
LT934125.1	63486	-	0	0	1	0	0	0
LT934125.1	63488	-	0	0	1	1	6	0
LT934125.1	63490	-	0	0	1	0	0	0
LT934125.1	63492	-	0	0	0	0	1	0
LT934125.1	63497	-	0	0	1	0	0	0
LT934125.1	63500	-	1	0	0	0	0	0
LT934125.1	63506	-	0	0	0	0	1	0
LT934125.1	63508	-	0	0	0	0	0	1
LT934125.1	63510	-	0	0	0	0	2	0
LT934125.1	63513	-	0	0	1	0	2	0
LT934125.1	63555	-	0	0	0	0	1	0
LT934125.1	63564	+	0	0	0	0	1	0
LT934125.1	63565	+	0	0	0	0	1	0
LT934125.1	63569	-	0	0	0	0	2	0
LT934125.1	63571	-	0	0	0	0	1	0
LT934125.1	63572	-	0	0	1	0	0	0
LT934125.1	63596	-	0	0	1	0	0	0
LT934125.1	63620	-	0	0	0	0	1	0
LT934125.1	63650	-	0	0	0	0	1	0
LT934125.1	63671	+	0	0	0	0	2	0
LT934125.1	63691	+	0	0	0	0	1	0
LT934125.1	63692	-	1	0	0	0	5	0
LT934125.1	63693	-	0	0	4	0	1	0
LT934125.1	63694	+	0	0	0	0	1	0
LT934125.1	63694	-	0	0	2	0	0	0
LT934125.1	63700	-	0	0	0	0	1	0
LT934125.1	63701	-	0	0	2	0	0	0
LT934125.1	63703	-	0	0	3	0	0	0
LT934125.1	63704	-	0	0	0	0	1	0
LT934125.1	63709	-	0	0	0	0	2	0
LT934125.1	63714	-	0	0	0	0	2	0
LT934125.1	63720	-	0	0	1	0	0	0
LT934125.1	63730	-	0	0	0	0	1	0
LT934125.1	63731	+	0	0	0	0	0	1
LT934125.1	63735	-	0	0	1	0	1	0
LT934125.1	63738	-	0	0	2	0	0	0
LT934125.1	63740	-	0	0	1	0	0	0
LT934125.1	63747	-	1	0	0	0	0	0
LT934125.1	63749	-	0	0	0	0	1	0
LT934125.1	63769	-	0	0	0	0	1	0
LT934125.1	63776	-	0	0	0	0	1	0
LT934125.1	63790	-	0	0	0	0	1	0
LT934125.1	63792	-	0	0	1	0	1	0
LT934125.1	63798	-	0	0	0	0	1	0
LT934125.1	63809	+	0	0	1	0	0	0
LT934125.1	63812	+	0	0	0	0	1	0
LT934125.1	63821	-	0	0	0	0	1	0
LT934125.1	63822	-	0	0	0	0	3	0
LT934125.1	63823	-	0	0	0	0	1	0
LT934125.1	63824	-	0	0	0	0	1	0
LT934125.1	63828	-	0	0	1	0	0	0
LT934125.1	63841	-	0	0	1	0	0	0
LT934125.1	63846	-	0	0	15	0	0	0
LT934125.1	63857	+	0	0	0	0	1	0
LT934125.1	63857	-	0	0	0	0	1	0
LT934125.1	63870	-	0	0	0	0	1	0
LT934125.1	63885	-	0	0	0	0	1	0
LT934125.1	63896	+	0	0	0	0	1	0
LT934125.1	63899	+	0	0	0	0	1	0
LT934125.1	63934	-	0	0	0	0	1	0
LT934125.1	63935	-	1	0	0	0	0	0
LT934125.1	63937	-	0	0	2	0	0	0
LT934125.1	63940	+	1	0	0	0	0	0
LT934125.1	63949	+	0	0	0	0	1	0
LT934125.1	63957	+	0	0	1	0	0	0
LT934125.1	63958	+	0	0	0	0	1	0
LT934125.1	63969	-	0	0	3	0	0	0
LT934125.1	63976	-	0	0	1	0	0	0
LT934125.1	63996	+	0	0	0	0	1	0
LT934125.1	64019	-	0	0	0	0	1	0
LT934125.1	64041	+	0	0	0	0	1	0
LT934125.1	64049	-	0	0	0	0	1	0
LT934125.1	64053	+	1	0	0	0	0	0
LT934125.1	64057	+	0	0	0	0	2	0
LT934125.1	64075	-	0	0	1	0	0	0
LT934125.1	64106	-	0	0	0	0	1	0
LT934125.1	64124	-	0	0	0	0	1	0
LT934125.1	64125	-	0	0	4	0	9	0
LT934125.1	64127	-	0	0	2	0	5	0
LT934125.1	64128	-	0	0	1	0	0	0
LT934125.1	64178	-	0	0	1	0	0	0
LT934125.1	64179	-	0	0	0	0	4	0
LT934125.1	64180	-	0	0	0	0	0	1
LT934125.1	64182	-	0	0	0	0	1	0
LT934125.1	64189	-	0	0	1	0	0	0
LT934125.1	64190	-	0	0	0	0	1	0
LT934125.1	64191	-	0	0	0	0	1	0
LT934125.1	64192	-	0	0	0	0	1	0
LT934125.1	64220	-	0	0	0	0	0	1
LT934125.1	64236	+	0	0	0	0	1	0
LT934125.1	64240	+	0	0	0	0	0	1
LT934125.1	64244	-	1	0	0	0	0	0
LT934125.1	64245	+	0	0	0	0	1	0
LT934125.1	64245	-	0	0	0	0	1	0
LT934125.1	64266	-	0	0	1	0	0	0
LT934125.1	64275	+	0	0	0	0	1	1
LT934125.1	64296	-	0	0	1	0	0	0
LT934125.1	64300	+	0	0	0	0	1	0
LT934125.1	64328	-	0	0	0	0	1	0
LT934125.1	64342	-	0	0	1	0	0	0
LT934125.1	64356	+	0	0	0	0	1	0
LT934125.1	64365	-	0	0	0	1	0	0
LT934125.1	64368	-	0	0	1	0	0	0
LT934125.1	64386	-	2	0	0	0	0	0
LT934125.1	64392	-	0	0	0	0	1	0
LT934125.1	64410	-	0	0	0	0	1	0
LT934125.1	64431	-	0	0	0	0	1	0
LT934125.1	64448	-	0	0	1	0	0	0
LT934125.1	64450	-	0	0	0	0	2	0
LT934125.1	64452	-	0	0	0	0	1	0
LT934125.1	64460	-	1	0	0	0	0	0
LT934125.1	64464	-	0	0	0	0	1	0
LT934125.1	64480	+	0	0	0	0	1	0
LT934125.1	64502	-	0	0	0	1	0	0
LT934125.1	64535	-	0	0	0	0	1	0
LT934125.1	64562	-	0	0	0	0	1	0
LT934125.1	64571	-	0	0	1	0	0	0
LT934125.1	64572	+	0	0	0	0	1	0
LT934125.1	64575	-	0	0	0	0	1	0
LT934125.1	64608	-	0	0	1	0	0	0
LT934125.1	64622	-	1	0	0	0	0	0
LT934125.1	64632	-	0	0	0	0	1	0
LT934125.1	64643	-	1	0	0	0	0	0
LT934125.1	64644	-	0	0	0	0	1	0
LT934125.1	64645	-	0	0	0	0	1	0
LT934125.1	64648	-	0	0	0	0	1	0
LT934125.1	64654	+	0	0	0	0	1	0
LT934125.1	64656	+	0	0	1	0	0	0
LT934125.1	64656	-	0	0	0	0	1	0
LT934125.1	64660	-	0	0	0	0	1	0
LT934125.1	64664	-	0	0	0	0	1	0
LT934125.1	64683	-	0	0	1	0	0	0
LT934125.1	64684	-	0	0	0	0	2	0
LT934125.1	64689	-	0	0	0	0	1	0
LT934125.1	64691	-	0	0	1	0	0	0
LT934125.1	64692	-	0	0	0	0	1	0
LT934125.1	64697	-	0	0	1	0	0	0
LT934125.1	64700	-	0	0	0	0	2	0
LT934125.1	64707	+	0	0	1	0	0	0
LT934125.1	64707	-	0	0	0	0	1	0
LT934125.1	64710	-	0	0	1	0	0	0
LT934125.1	64713	-	0	0	0	0	1	0
LT934125.1	64722	-	0	0	0	0	1	0
LT934125.1	64723	+	0	0	0	0	0	1
LT934125.1	64726	-	0	0	0	0	1	0
LT934125.1	64727	-	2	0	0	0	2	0
LT934125.1	64728	-	2	0	6	0	7	0
LT934125.1	64737	+	0	0	0	0	1	0
LT934125.1	64740	+	0	0	1	0	0	0
LT934125.1	64744	-	0	0	0	0	1	0
LT934125.1	64747	-	1	0	0	0	0	0
LT934125.1	64749	-	0	0	1	0	0	0
LT934125.1	64751	-	0	0	0	0	1	0
LT934125.1	64752	-	0	0	1	0	1	0
LT934125.1	64767	-	0	0	1	0	0	0
LT934125.1	64777	-	1	0	0	0	0	0
LT934125.1	64779	-	0	0	1	0	0	0
LT934125.1	64786	+	0	0	0	1	0	0
LT934125.1	64792	-	1	0	2	0	0	0
LT934125.1	64793	-	0	0	0	0	3	0
LT934125.1	64803	-	0	0	0	0	2	0
LT934125.1	64805	-	0	0	0	0	2	0
LT934125.1	64806	+	0	0	1	0	0	0
LT934125.1	64819	-	0	0	0	0	1	0
LT934125.1	64821	-	0	0	2	0	0	0
LT934125.1	64824	-	0	0	0	0	2	0
LT934125.1	64827	-	0	0	0	0	1	0
LT934125.1	64840	-	0	0	0	0	1	0
LT934125.1	64841	-	0	0	0	0	2	0
LT934125.1	64842	-	0	0	1	0	0	0
LT934125.1	64845	-	0	0	0	0	1	0
LT934125.1	64856	-	0	0	1	0	0	0
LT934125.1	64857	-	0	1	0	0	0	0
LT934125.1	64859	-	1	0	0	0	0	0
LT934125.1	64863	-	0	0	0	0	1	0
LT934125.1	64884	+	0	0	0	0	1	0
LT934125.1	64887	+	0	0	0	0	1	0
LT934125.1	64887	-	0	0	0	0	1	0
LT934125.1	64898	-	0	0	0	1	0	0
LT934125.1	64904	-	0	0	0	0	1	0
LT934125.1	64906	-	0	0	0	0	1	0
LT934125.1	64909	+	0	0	2	0	0	0
LT934125.1	64913	-	0	0	0	0	1	1
LT934125.1	64916	-	0	0	1	0	1	1
LT934125.1	64917	-	0	0	0	0	1	0
LT934125.1	64921	-	0	0	0	0	1	0
LT934125.1	64923	-	0	0	0	0	1	0
LT934125.1	64943	+	0	0	2	0	0	0
LT934125.1	64947	-	0	0	1	0	0	1
LT934125.1	64948	-	0	0	0	0	3	0
LT934125.1	64950	-	1	0	0	0	0	0
LT934125.1	64951	-	0	0	1	0	0	0
LT934125.1	64960	-	0	0	0	0	1	0
LT934125.1	64965	-	0	0	0	0	2	0
LT934125.1	64968	-	0	0	1	0	0	0
LT934125.1	64972	-	0	0	0	0	2	0
LT934125.1	64974	-	1	0	0	0	0	0
LT934125.1	64975	-	0	0	0	0	1	0
LT934125.1	64976	+	0	0	0	0	3	0
LT934125.1	64979	+	1	0	3	0	0	0
LT934125.1	64988	+	0	0	2	0	0	0
LT934125.1	64988	-	0	0	0	0	1	0
LT934125.1	64994	+	0	0	0	0	1	0
LT934125.1	64995	-	0	0	0	0	1	0
LT934125.1	65006	-	0	0	0	0	1	0
LT934125.1	65042	+	0	0	0	0	1	1
LT934125.1	65044	+	0	0	0	0	1	0
LT934125.1	65061	-	0	0	0	0	1	0
LT934125.1	65076	-	0	0	1	0	0	0
LT934125.1	65092	-	0	0	0	0	1	0
LT934125.1	65096	-	0	0	1	0	0	0
LT934125.1	65105	+	0	0	0	0	1	0
LT934125.1	65117	-	0	0	0	0	1	0
LT934125.1	65129	-	0	0	1	0	0	0
LT934125.1	65130	-	0	0	0	0	3	0
LT934125.1	65150	-	0	0	1	0	0	0
LT934125.1	65166	+	0	0	0	0	1	0
LT934125.1	65173	-	0	0	0	0	2	0
LT934125.1	65193	+	0	0	0	0	1	0
LT934125.1	65194	+	0	0	1	0	0	0
LT934125.1	65207	-	0	0	0	0	1	0
LT934125.1	65219	-	1	0	0	0	0	0
LT934125.1	65220	-	0	0	1	0	0	0
LT934125.1	65241	+	1	0	0	0	0	0
LT934125.1	65282	-	0	0	1	0	0	0
LT934125.1	65311	-	1	0	0	0	0	0
LT934125.1	65340	-	0	0	1	0	0	0
LT934125.1	65343	-	1	0	0	0	1	0
LT934125.1	65346	-	0	1	0	0	0	0
LT934125.1	65352	-	0	0	1	0	0	0
LT934125.1	65358	-	0	0	1	0	0	0
LT934125.1	65397	-	0	0	1	0	0	0
LT934125.1	65399	-	0	0	1	0	0	0
LT934125.1	65412	+	0	0	0	0	1	0
LT934125.1	65421	+	0	0	1	0	0	0
LT934125.1	65427	-	0	0	1	0	0	0
LT934125.1	65430	-	1	0	0	0	0	0
LT934125.1	65433	-	1	0	0	0	0	0
LT934125.1	65445	-	14	0	0	0	0	0
LT934125.1	65448	-	0	0	1	0	0	0
LT934125.1	65451	-	69	0	0	0	1	0
LT934125.1	65452	-	1	0	1	0	0	0
LT934125.1	65453	-	0	0	1	0	0	0
LT934125.1	65454	-	0	0	0	0	0	1
LT934125.1	65479	-	1	0	0	0	0	0
LT934125.1	65481	-	1	0	0	0	0	0
LT934125.1	65491	+	1	0	0	0	0	0
LT934125.1	65502	-	0	0	0	0	1	0
LT934125.1	65512	-	1	0	1	0	0	0
LT934125.1	65523	-	0	0	1	0	0	0
LT934125.1	65548	-	1	0	0	0	0	1
LT934125.1	65557	-	0	0	0	0	2	0
LT934125.1	65560	+	0	0	1	0	0	0
LT934125.1	65566	-	0	0	0	0	1	0
LT934125.1	65567	-	0	0	1	0	0	0
LT934125.1	65568	-	0	0	0	0	2	0
LT934125.1	65598	-	0	0	1	0	0	0
LT934125.1	65611	-	0	0	0	0	28	0
LT934125.1	65614	-	0	0	0	0	1	0
LT934125.1	65615	-	0	0	1	0	0	0
LT934125.1	65629	-	0	0	0	0	2	0
LT934125.1	65630	-	0	0	0	0	3	1
LT934125.1	65631	-	0	0	1	0	1	0
LT934125.1	65649	+	0	0	2	0	0	0
LT934125.1	65656	-	0	0	0	0	1	0
LT934125.1	65659	-	1	0	0	0	0	0
LT934125.1	65676	-	0	0	0	0	1	0
LT934125.1	65679	-	1	0	2	0	0	0
LT934125.1	65682	-	0	0	1	0	7	2
LT934125.1	65683	-	1	0	2	0	2	0
LT934125.1	65684	-	0	0	0	1	0	0
LT934125.1	65685	-	0	0	0	1	0	0
LT934125.1	65699	-	0	0	1	0	0	0
LT934125.1	65703	+	0	0	0	0	2	0
LT934125.1	65720	-	0	0	1	0	4	0
LT934125.1	65737	+	1	0	0	0	0	0
LT934125.1	65739	+	0	0	0	0	1	0
LT934125.1	65746	-	0	0	0	1	0	0
LT934125.1	65747	-	8	0	6	1	3	1
LT934125.1	65748	-	14	0	15	2	0	1
LT934125.1	65749	-	12	0	42	3	73	3
LT934125.1	65750	-	20	0	109	3	178	7
LT934125.1	65751	-	0	0	25	0	32	1
LT934125.1	65752	-	2	4	252	13	527	14
LT934125.1	65753	-	0	0	0	0	3	0
LT934125.1	65754	-	0	0	1	0	1	0
LT934125.1	65756	-	71	0	1	0	0	0
LT934125.1	65759	+	0	0	1	0	0	0
LT934125.1	65765	+	0	0	1	0	0	0
LT934125.1	65794	+	0	0	0	0	1	0
LT934125.1	65802	+	0	0	0	1	0	0
LT934125.1	65804	+	0	0	0	2	1	0
LT934125.1	65805	+	2	0	50	4	104	18
LT934125.1	65806	+	0	0	4	0	8	1
LT934125.1	65806	-	0	0	1	0	2	0
LT934125.1	65807	+	3	1	29	0	151	24
LT934125.1	65808	+	0	0	1	0	1	0
LT934125.1	65809	+	1	0	3	0	4	1
LT934125.1	65812	-	0	0	1	0	0	0
LT934125.1	65814	+	0	0	1	0	0	0
LT934125.1	65816	-	0	0	0	0	1	0
LT934125.1	65818	+	0	0	1	0	0	0
LT934125.1	65819	+	0	0	0	0	1	0
LT934125.1	65820	-	0	0	1	0	0	0
LT934125.1	65847	-	0	0	0	0	1	0
LT934125.1	65859	+	0	0	0	0	1	0
LT934125.1	65875	+	0	0	0	0	1	0
LT934125.1	65879	-	0	0	0	0	1	0
LT934125.1	65880	+	0	0	1	0	0	0
LT934125.1	65883	-	4	0	4	0	9	0
LT934125.1	65884	-	0	0	3	0	1	0
LT934125.1	65886	-	1	0	0	0	0	1
LT934125.1	65887	-	0	0	0	0	2	0
LT934125.1	65895	+	0	0	0	0	1	0
LT934125.1	65908	+	0	0	1	0	0	0
LT934125.1	65936	+	0	0	1	0	0	0
LT934125.1	65990	-	0	0	0	0	1	0
LT934125.1	65995	-	0	0	1	0	0	0
LT934125.1	66033	-	0	0	0	0	1	0
LT934125.1	66035	+	0	0	0	0	2	0
LT934125.1	66063	-	0	0	0	0	1	0
LT934125.1	66070	+	0	0	0	0	1	0
LT934125.1	66085	+	0	0	0	0	2	0
LT934125.1	66097	+	0	0	0	0	1	0
LT934125.1	66098	+	1	0	0	0	0	0
LT934125.1	66116	+	0	0	0	0	1	0
LT934125.1	66128	-	1	0	0	0	0	0
LT934125.1	66152	+	0	0	0	0	1	0
LT934125.1	66209	+	0	0	8	0	3	0
LT934125.1	66230	+	0	0	1	0	0	0
LT934125.1	66237	+	0	0	0	0	0	1
LT934125.1	66268	+	1	0	0	0	0	0
LT934125.1	66280	+	0	0	0	0	1	0
LT934125.1	66283	-	0	0	0	0	1	0
LT934125.1	66285	+	0	1	0	0	0	0
LT934125.1	66285	-	0	0	0	0	1	0
LT934125.1	66304	+	0	0	1	0	0	0
LT934125.1	66308	+	0	0	0	0	1	0
LT934125.1	66311	+	1	0	0	0	0	0
LT934125.1	66323	+	0	0	0	0	1	0
LT934125.1	66326	+	0	0	0	0	1	0
LT934125.1	66327	+	0	0	0	0	2	0
LT934125.1	66330	+	0	0	0	0	4	0
LT934125.1	66332	-	0	0	0	0	2	0
LT934125.1	66333	+	0	0	1	3	0	0
LT934125.1	66334	+	0	1	0	0	108	0
LT934125.1	66335	+	2	0	8	0	14	0
LT934125.1	66336	+	0	0	0	0	11	0
LT934125.1	66337	+	3	0	23	0	121	2
LT934125.1	66338	+	1205	18	2182	96	7854	198
LT934125.1	66339	+	18	0	32	0	22	7
LT934125.1	66340	+	1	0	11	1	33	0
LT934125.1	66341	+	2	0	3	0	15	1
LT934125.1	66342	+	0	0	2	0	2	0
LT934125.1	66343	+	0	0	1	0	2	0
LT934125.1	66343	-	0	0	0	0	1	0
LT934125.1	66344	+	6	0	3	1	12	0
LT934125.1	66344	-	0	0	0	0	1	0
LT934125.1	66345	-	2	0	0	0	1	0
LT934125.1	66349	+	0	0	0	0	2	0
LT934125.1	66350	+	1	0	0	1	2	0
LT934125.1	66356	-	0	0	0	0	1	0
LT934125.1	66359	+	0	0	0	0	1	0
LT934125.1	66363	+	0	0	0	0	1	0
LT934125.1	66373	-	1	0	0	0	0	0
LT934125.1	66384	+	0	0	1	0	0	0
LT934125.1	66397	-	1	0	0	0	0	0
LT934125.1	66401	+	0	0	0	0	2	0
LT934125.1	66406	+	0	0	1	0	0	0
LT934125.1	66410	+	0	0	1	0	0	0
LT934125.1	66411	+	1	0	0	0	0	0
LT934125.1	66426	+	0	0	0	1	0	0
LT934125.1	66427	+	2	0	2	0	4	0
LT934125.1	66428	+	0	0	0	0	2	1
LT934125.1	66430	+	1	0	0	0	0	0
LT934125.1	66431	+	0	0	0	0	1	0
LT934125.1	66446	+	0	0	1	0	0	0
LT934125.1	66451	-	0	0	0	0	1	0
LT934125.1	66453	-	1	0	0	0	6	0
LT934125.1	66470	+	0	0	0	0	1	0
LT934125.1	66477	+	1	0	0	0	0	1
LT934125.1	66479	-	0	0	0	0	1	0
LT934125.1	66480	-	0	0	0	0	1	0
LT934125.1	66482	-	0	0	0	0	1	0
LT934125.1	66501	+	0	0	1	0	0	0
LT934125.1	66508	+	0	0	1	0	0	0
LT934125.1	66510	+	0	0	0	0	1	0
LT934125.1	66524	+	1	0	0	0	1	0
LT934125.1	66527	+	0	0	0	0	1	0
LT934125.1	66531	+	1	0	0	0	0	0
LT934125.1	66536	+	0	0	0	0	1	0
LT934125.1	66560	-	0	0	0	0	1	0
LT934125.1	66567	-	0	0	0	0	1	0
LT934125.1	66569	+	0	0	1	0	0	0
LT934125.1	66570	+	0	0	0	0	2	0
LT934125.1	66571	+	2	0	0	0	0	0
LT934125.1	66581	+	1	0	0	0	0	0
LT934125.1	66585	+	0	0	1	0	0	0
LT934125.1	66587	-	0	0	0	0	1	0
LT934125.1	66594	+	0	0	0	0	1	0
LT934125.1	66597	+	0	0	0	0	1	0
LT934125.1	66601	+	0	0	0	0	1	0
LT934125.1	66629	-	7	0	0	1	0	0
LT934125.1	66634	+	1	0	0	0	0	0
LT934125.1	66639	+	1	0	0	0	0	0
LT934125.1	66641	+	0	0	0	0	1	0
LT934125.1	66642	+	2	0	0	0	0	0
LT934125.1	66649	-	0	0	4	0	0	0
LT934125.1	66657	+	0	0	1	0	0	0
LT934125.1	66659	+	0	0	1	0	0	0
LT934125.1	66667	+	0	0	1	0	0	0
LT934125.1	66674	+	0	0	0	0	1	0
LT934125.1	66680	+	0	0	1	0	0	0
LT934125.1	66681	+	0	0	0	0	1	0
LT934125.1	66682	+	0	0	4	0	0	1
LT934125.1	66688	+	0	0	1	0	0	0
LT934125.1	66689	+	0	0	0	0	1	0
LT934125.1	66690	+	0	0	0	0	1	0
LT934125.1	66691	+	0	0	1	0	1	0
LT934125.1	66713	+	0	0	1	0	0	0
LT934125.1	66733	+	0	0	2	0	0	0
LT934125.1	66738	-	0	0	0	0	1	0
LT934125.1	66741	+	0	0	0	0	1	0
LT934125.1	66745	+	0	0	0	0	1	0
LT934125.1	66746	-	0	0	0	0	1	0
LT934125.1	66750	+	0	0	1	0	0	0
LT934125.1	66797	+	0	0	1	0	0	0
LT934125.1	66798	+	1	0	0	0	0	0
LT934125.1	66799	+	0	0	0	0	1	0
LT934125.1	66800	+	0	0	0	0	5	0
LT934125.1	66801	+	1	0	1	0	0	2
LT934125.1	66807	+	0	0	0	0	1	0
LT934125.1	66812	+	0	0	0	0	2	0
LT934125.1	66813	+	1	0	0	0	0	0
LT934125.1	66818	+	1	0	1	0	4	0
LT934125.1	66820	+	0	0	1	0	0	0
LT934125.1	66829	+	0	0	0	0	1	0
LT934125.1	66830	+	0	0	0	0	1	0
LT934125.1	66837	+	0	0	0	0	1	0
LT934125.1	66842	+	0	0	0	0	1	0
LT934125.1	66845	+	0	0	0	0	1	0
LT934125.1	66862	-	0	0	0	0	1	0
LT934125.1	66874	+	0	0	0	0	1	0
LT934125.1	66877	+	0	0	0	0	2	0
LT934125.1	66878	+	0	0	1	0	0	0
LT934125.1	66894	+	0	0	0	0	1	0
LT934125.1	66900	+	0	0	1	0	0	0
LT934125.1	66902	-	1	0	0	0	0	0
LT934125.1	66912	+	0	0	1	0	0	0
LT934125.1	66917	+	0	0	0	0	1	0
LT934125.1	66922	+	0	0	0	0	0	1
LT934125.1	66924	+	0	0	1	0	0	0
LT934125.1	66933	+	0	0	0	0	2	0
LT934125.1	66935	+	0	0	0	0	1	0
LT934125.1	66939	+	0	0	0	0	1	0
LT934125.1	66940	+	0	0	0	0	1	0
LT934125.1	66940	-	0	0	0	0	1	0
LT934125.1	66941	+	1	0	0	0	0	0
LT934125.1	66941	-	0	0	0	0	1	0
LT934125.1	66945	-	0	0	0	0	1	0
LT934125.1	66972	-	0	0	0	0	1	0
LT934125.1	66982	+	1	0	0	0	0	0
LT934125.1	66988	+	0	0	1	0	0	0
LT934125.1	66993	+	0	0	0	0	1	0
LT934125.1	66994	+	0	0	0	0	1	0
LT934125.1	66999	+	0	0	1	0	0	0
LT934125.1	67002	+	0	0	0	0	1	0
LT934125.1	67004	+	0	0	0	0	1	0
LT934125.1	67017	+	0	0	0	0	0	1
LT934125.1	67025	+	0	0	0	0	1	0
LT934125.1	67036	+	0	0	1	0	0	0
LT934125.1	67041	+	0	0	0	0	3	0
LT934125.1	67042	+	0	0	2	0	0	0
LT934125.1	67046	+	0	0	0	0	1	0
LT934125.1	67047	+	0	0	0	1	0	0
LT934125.1	67055	+	0	0	0	0	0	1
LT934125.1	67064	+	0	0	1	0	0	0
LT934125.1	67075	+	0	0	0	0	1	0
LT934125.1	67082	+	0	0	1	0	0	0
LT934125.1	67083	+	0	0	0	0	1	0
LT934125.1	67086	+	0	0	1	0	0	0
LT934125.1	67091	-	1	0	0	0	0	0
LT934125.1	67100	+	1	0	0	0	0	0
LT934125.1	67112	+	0	0	1	0	1	0
LT934125.1	67113	+	0	0	0	0	1	0
LT934125.1	67122	+	0	0	0	0	1	0
LT934125.1	67136	+	0	0	0	0	1	0
LT934125.1	67143	+	0	0	0	0	1	0
LT934125.1	67150	-	0	0	0	0	1	0
LT934125.1	67165	+	0	0	0	0	1	0
LT934125.1	67168	+	0	0	0	0	0	1
LT934125.1	67169	+	0	0	0	0	1	0
LT934125.1	67170	+	0	0	1	0	0	1
LT934125.1	67171	+	1	0	0	0	3	0
LT934125.1	67182	+	0	0	0	0	1	0
LT934125.1	67187	+	0	1	0	0	1	0
LT934125.1	67188	+	0	0	0	0	2	0
LT934125.1	67192	+	0	0	1	0	0	0
LT934125.1	67195	+	1	0	0	0	0	0
LT934125.1	67196	+	0	0	0	0	1	0
LT934125.1	67203	+	1	0	0	0	0	0
LT934125.1	67212	+	0	0	0	0	1	0
LT934125.1	67218	+	0	0	0	0	2	0
LT934125.1	67219	+	1	0	1	1	1	0
LT934125.1	67223	+	0	0	1	0	0	0
LT934125.1	67226	+	0	0	0	0	0	1
LT934125.1	67232	+	0	0	0	0	1	0
LT934125.1	67242	-	0	0	0	0	1	0
LT934125.1	67248	+	0	0	0	0	2	0
LT934125.1	67262	+	0	0	0	0	1	0
LT934125.1	67280	+	0	0	0	0	1	0
LT934125.1	67281	+	1	0	0	0	0	0
LT934125.1	67284	+	0	0	1	0	0	0
LT934125.1	67287	+	0	0	0	0	1	0
LT934125.1	67307	+	0	0	0	0	1	0
LT934125.1	67313	+	0	0	1	0	0	0
LT934125.1	67315	+	0	0	0	0	1	0
LT934125.1	67316	+	0	0	1	0	1	0
LT934125.1	67326	+	1	0	1	0	3	0
LT934125.1	67340	-	1	0	0	0	0	0
LT934125.1	67357	+	0	0	0	0	1	0
LT934125.1	67358	+	0	0	0	0	0	1
LT934125.1	67359	+	0	0	0	0	2	0
LT934125.1	67372	+	1	0	0	0	0	0
LT934125.1	67373	+	0	0	0	0	4	0
LT934125.1	67374	+	1	0	1	0	0	0
LT934125.1	67375	+	0	0	0	0	1	0
LT934125.1	67376	+	0	0	0	0	3	0
LT934125.1	67377	+	0	0	1	0	0	0
LT934125.1	67391	+	0	0	0	0	1	0
LT934125.1	67394	+	0	0	0	0	2	0
LT934125.1	67395	+	0	0	1	0	0	0
LT934125.1	67417	+	0	0	1	0	0	0
LT934125.1	67444	+	1	0	0	0	0	0
LT934125.1	67461	+	0	0	0	0	1	0
LT934125.1	67464	+	0	0	0	0	1	0
LT934125.1	67466	+	0	0	0	0	1	0
LT934125.1	67468	-	0	0	0	0	1	0
LT934125.1	67479	+	0	0	0	0	2	0
LT934125.1	67481	+	0	0	0	0	1	0
LT934125.1	67499	+	0	0	0	0	1	0
LT934125.1	67511	+	2	0	0	0	0	0
LT934125.1	67515	+	0	0	0	0	1	0
LT934125.1	67516	+	0	0	1	0	0	0
LT934125.1	67519	+	0	0	0	0	1	0
LT934125.1	67529	+	0	0	0	0	1	0
LT934125.1	67530	+	2	0	2	0	0	0
LT934125.1	67552	+	1	0	0	0	1	0
LT934125.1	67553	+	0	0	1	0	0	0
LT934125.1	67573	+	0	0	0	0	1	0
LT934125.1	67576	+	1	0	1	0	0	0
LT934125.1	67578	+	0	0	1	0	0	0
LT934125.1	67585	+	0	0	1	0	0	0
LT934125.1	67589	+	0	0	0	0	1	0
LT934125.1	67593	+	0	0	2	0	0	0
LT934125.1	67597	+	0	0	0	0	1	0
LT934125.1	67604	-	0	0	0	0	1	0
LT934125.1	67609	+	0	0	0	0	1	0
LT934125.1	67613	+	0	1	2	0	1	0
LT934125.1	67615	+	0	0	0	0	2	0
LT934125.1	67628	-	0	0	0	0	1	0
LT934125.1	67641	-	0	0	0	0	1	0
LT934125.1	67685	+	0	0	1	0	0	0
LT934125.1	67686	+	0	0	0	0	1	0
LT934125.1	67688	+	0	0	1	0	1	0
LT934125.1	67697	+	0	0	0	0	1	0
LT934125.1	67700	+	0	0	0	0	2	0
LT934125.1	67706	+	0	0	0	0	1	0
LT934125.1	67707	+	0	0	0	0	2	0
LT934125.1	67730	+	0	0	1	0	0	0
LT934125.1	67739	+	0	0	0	0	0	2
LT934125.1	67740	+	0	0	0	0	1	0
LT934125.1	67742	+	0	0	0	0	1	0
LT934125.1	67754	+	0	0	0	0	0	1
LT934125.1	67765	-	0	0	1	0	0	0
LT934125.1	67779	+	0	0	0	0	1	0
LT934125.1	67781	+	0	0	0	1	0	0
LT934125.1	67784	+	0	0	0	0	1	0
LT934125.1	67787	+	0	0	0	0	1	0
LT934125.1	67796	+	0	0	0	0	1	0
LT934125.1	67797	+	1	0	0	0	0	0
LT934125.1	67806	+	0	0	0	0	1	0
LT934125.1	67812	+	0	0	1	0	0	0
LT934125.1	67824	+	0	0	0	0	1	0
LT934125.1	67827	+	0	0	0	0	1	0
LT934125.1	67834	+	0	0	0	0	1	0
LT934125.1	67854	+	0	0	0	0	2	0
LT934125.1	67856	+	0	0	0	0	1	0
LT934125.1	67857	+	1	0	0	0	2	0
LT934125.1	67860	+	1	0	0	0	0	0
LT934125.1	67866	+	0	0	2	0	0	0
LT934125.1	67887	+	0	0	0	0	1	0
LT934125.1	67892	+	0	0	1	0	0	0
LT934125.1	67893	+	0	0	0	0	1	1
LT934125.1	67905	+	0	0	0	1	1	0
LT934125.1	67906	+	0	0	0	0	1	0
LT934125.1	67908	+	0	0	1	0	0	0
LT934125.1	67909	+	0	0	0	0	1	0
LT934125.1	67911	-	0	0	0	0	1	0
LT934125.1	67927	+	0	0	0	0	2	0
LT934125.1	67929	+	1	0	2	0	0	0
LT934125.1	67930	+	0	0	0	0	1	0
LT934125.1	67934	+	0	0	0	0	1	0
LT934125.1	67941	-	0	0	1	0	0	0
LT934125.1	67952	+	1	0	1	0	0	0
LT934125.1	67955	+	1	0	0	0	0	0
LT934125.1	67960	+	0	0	0	1	0	0
LT934125.1	67961	+	0	0	1	0	0	0
LT934125.1	67962	+	2	0	0	0	4	1
LT934125.1	67964	+	3	0	3	0	4	0
LT934125.1	67965	+	0	0	3	0	0	0
LT934125.1	67968	+	4	0	1	0	1	0
LT934125.1	67975	+	1	0	0	0	0	0
LT934125.1	67988	+	0	0	0	0	1	0
LT934125.1	67989	+	0	0	0	0	2	0
LT934125.1	67991	+	0	0	1	0	0	0
LT934125.1	67992	+	0	0	0	0	1	0
LT934125.1	68013	+	0	0	1	0	0	0
LT934125.1	68024	+	1	0	0	0	1	0
LT934125.1	68028	+	0	0	4	0	0	0
LT934125.1	68029	+	1	0	0	0	1	0
LT934125.1	68030	+	0	0	0	0	1	0
LT934125.1	68040	+	0	0	1	0	0	0
LT934125.1	68061	+	0	0	1	0	0	0
LT934125.1	68062	+	2	0	0	0	0	0
LT934125.1	68072	+	1	0	0	0	0	0
LT934125.1	68085	+	0	0	0	0	1	0
LT934125.1	68091	+	0	0	0	0	1	0
LT934125.1	68097	+	0	0	1	0	1	0
LT934125.1	68098	+	0	0	0	0	1	0
LT934125.1	68100	+	0	0	0	0	1	0
LT934125.1	68102	+	0	0	0	0	1	0
LT934125.1	68109	+	1	0	1	0	0	0
LT934125.1	68115	+	0	0	0	0	1	0
LT934125.1	68121	+	0	0	0	0	2	0
LT934125.1	68123	-	7	0	0	0	0	0
LT934125.1	68124	+	1	0	0	0	2	0
LT934125.1	68128	+	0	0	0	0	2	0
LT934125.1	68131	+	1	0	0	0	0	0
LT934125.1	68143	+	0	0	1	0	0	0
LT934125.1	68151	+	0	0	0	0	1	0
LT934125.1	68153	+	0	0	1	0	0	0
LT934125.1	68157	+	0	0	0	0	2	1
LT934125.1	68159	+	0	0	0	0	1	0
LT934125.1	68162	+	4	0	0	0	0	0
LT934125.1	68165	+	0	0	1	0	0	0
LT934125.1	68166	+	0	0	0	0	3	0
LT934125.1	68169	+	1	0	0	0	0	0
LT934125.1	68170	+	0	0	0	0	1	0
LT934125.1	68171	+	0	0	0	0	1	0
LT934125.1	68172	+	0	0	1	0	0	0
LT934125.1	68177	+	0	0	0	0	2	0
LT934125.1	68216	+	0	0	1	0	0	0
LT934125.1	68227	+	0	0	0	0	1	0
LT934125.1	68228	+	0	0	0	0	2	0
LT934125.1	68231	+	0	0	0	0	3	0
LT934125.1	68235	+	1	0	0	0	0	0
LT934125.1	68259	+	0	0	0	0	2	0
LT934125.1	68267	+	0	0	2	1	2	0
LT934125.1	68268	+	1	0	0	0	0	0
LT934125.1	68270	+	0	1	1	0	1	0
LT934125.1	68272	+	0	0	1	0	2	0
LT934125.1	68281	+	0	0	0	0	1	0
LT934125.1	68284	+	0	0	0	1	1	0
LT934125.1	68292	+	0	0	0	0	6	0
LT934125.1	68293	+	2	0	1	0	0	2
LT934125.1	68303	-	0	1	0	0	0	0
LT934125.1	68307	+	0	0	0	1	0	0
LT934125.1	68308	+	0	0	0	0	1	0
LT934125.1	68315	+	0	0	0	0	1	0
LT934125.1	68322	+	0	0	0	1	1	0
LT934125.1	68339	+	0	0	0	0	1	0
LT934125.1	68355	+	0	0	1	0	0	0
LT934125.1	68357	+	0	0	0	1	0	0
LT934125.1	68358	+	0	0	0	1	0	0
LT934125.1	68363	+	0	0	0	0	1	0
LT934125.1	68364	+	0	0	1	0	1	0
LT934125.1	68366	+	0	0	1	0	2	0
LT934125.1	68367	+	1	0	0	0	2	0
LT934125.1	68369	+	1	0	0	0	0	0
LT934125.1	68372	+	1	0	0	0	0	0
LT934125.1	68376	+	1	0	0	0	0	1
LT934125.1	68378	+	0	0	2	0	0	0
LT934125.1	68385	+	0	0	1	0	0	0
LT934125.1	68388	+	1	0	0	0	0	0
LT934125.1	68405	+	1	0	0	0	0	0
LT934125.1	68427	+	0	0	0	0	1	0
LT934125.1	68430	+	0	0	0	0	1	0
LT934125.1	68442	+	0	0	1	0	0	0
LT934125.1	68447	-	0	0	1	0	1	0
LT934125.1	68448	+	0	0	0	0	1	0
LT934125.1	68457	+	0	0	1	0	0	0
LT934125.1	68458	+	0	0	0	0	3	0
LT934125.1	68459	+	0	0	1	0	0	0
LT934125.1	68460	+	2	0	0	0	4	0
LT934125.1	68469	+	0	0	0	0	1	0
LT934125.1	68470	+	0	0	0	0	1	0
LT934125.1	68482	+	1	0	0	0	0	0
LT934125.1	68484	+	0	0	0	0	1	0
LT934125.1	68486	+	2	0	1	0	2	1
LT934125.1	68487	+	0	0	0	0	1	0
LT934125.1	68489	+	0	0	0	0	1	0
LT934125.1	68490	-	0	0	0	0	1	0
LT934125.1	68498	+	0	0	0	0	1	0
LT934125.1	68499	+	1	0	0	0	0	0
LT934125.1	68500	-	0	0	2	0	0	0
LT934125.1	68501	+	1	0	0	0	0	0
LT934125.1	68503	+	0	0	1	0	0	0
LT934125.1	68504	+	1	0	0	0	0	0
LT934125.1	68506	+	0	0	0	0	1	0
LT934125.1	68507	+	0	0	0	0	1	0
LT934125.1	68508	+	0	0	0	0	1	0
LT934125.1	68510	+	0	0	0	0	5	0
LT934125.1	68511	+	1	0	3	0	0	0
LT934125.1	68516	+	0	0	0	0	1	0
LT934125.1	68517	-	0	0	1	0	0	0
LT934125.1	68519	+	0	0	0	0	1	0
LT934125.1	68536	+	0	0	2	0	0	0
LT934125.1	68538	+	0	0	0	0	2	0
LT934125.1	68543	-	1	0	0	0	0	0
LT934125.1	68557	+	0	0	0	0	8	0
LT934125.1	68560	+	1	0	5	1	0	0
LT934125.1	68561	+	0	0	0	0	1	0
LT934125.1	68563	+	0	0	0	0	5	0
LT934125.1	68566	+	0	0	1	0	0	0
LT934125.1	68566	-	0	0	0	0	1	0
LT934125.1	68570	-	0	0	1	0	0	0
LT934125.1	68577	+	0	0	0	0	2	0
LT934125.1	68583	+	0	0	0	0	1	0
LT934125.1	68584	-	0	0	1	0	0	0
LT934125.1	68588	+	0	0	0	0	0	1
LT934125.1	68592	+	0	0	0	0	1	0
LT934125.1	68606	+	1	0	0	0	0	0
LT934125.1	68616	-	0	0	1	0	0	0
LT934125.1	68628	+	0	0	0	0	1	0
LT934125.1	68631	+	0	0	1	0	0	0
LT934125.1	68641	-	0	0	4	0	0	0
LT934125.1	68643	+	0	0	0	0	0	1
LT934125.1	68651	-	0	0	1	0	0	0
LT934125.1	68652	+	0	0	0	0	1	0
LT934125.1	68653	+	0	0	1	0	0	0
LT934125.1	68654	-	0	0	3	0	1	0
LT934125.1	68655	-	1	0	0	0	0	0
LT934125.1	68657	+	0	0	0	0	1	0
LT934125.1	68664	+	0	0	1	0	0	0
LT934125.1	68665	+	1	0	0	0	0	0
LT934125.1	68666	+	0	0	0	0	1	0
LT934125.1	68667	+	0	0	1	0	0	0
LT934125.1	68675	+	1	0	0	0	1	1
LT934125.1	68691	+	0	0	0	0	3	0
LT934125.1	68692	+	1	0	4	0	0	0
LT934125.1	68696	+	0	0	0	0	1	0
LT934125.1	68697	+	0	0	0	0	1	0
LT934125.1	68705	+	0	1	0	0	1	0
LT934125.1	68713	+	1	0	0	0	0	0
LT934125.1	68730	+	0	0	1	0	0	0
LT934125.1	68733	-	0	0	1	0	0	0
LT934125.1	68741	+	1	0	0	0	0	0
LT934125.1	68758	+	1	0	1	0	0	0
LT934125.1	68770	+	1	0	0	0	0	0
LT934125.1	68775	+	1	0	0	0	0	0
LT934125.1	68777	+	0	0	0	0	1	0
LT934125.1	68780	+	0	0	0	0	1	0
LT934125.1	68782	-	0	0	0	0	0	1
LT934125.1	68783	-	0	0	0	0	2	0
LT934125.1	68785	+	1	0	0	0	2	0
LT934125.1	68785	-	0	0	0	0	1	0
LT934125.1	68786	+	0	0	0	0	2	0
LT934125.1	68787	+	2	0	1	0	1	0
LT934125.1	68806	+	1	0	0	0	0	0
LT934125.1	68811	+	0	0	0	0	2	0
LT934125.1	68812	+	1	0	0	0	0	0
LT934125.1	68821	+	0	0	1	0	0	0
LT934125.1	68830	+	0	0	0	0	1	0
LT934125.1	68839	+	0	0	0	0	0	1
LT934125.1	68849	+	0	0	1	0	1	0
LT934125.1	68851	-	0	0	1	0	0	0
LT934125.1	68854	+	0	0	0	0	2	0
LT934125.1	68856	+	2	0	2	0	0	0
LT934125.1	68864	+	0	0	0	0	2	0
LT934125.1	68865	+	0	0	0	0	1	0
LT934125.1	68870	+	0	0	0	0	1	0
LT934125.1	68874	+	0	0	0	0	1	0
LT934125.1	68877	+	0	0	0	0	1	0
LT934125.1	68886	-	1	0	1	0	0	0
LT934125.1	68887	-	1	0	0	0	0	0
LT934125.1	68888	+	0	0	0	0	2	0
LT934125.1	68890	+	1	0	2	0	0	0
LT934125.1	68897	+	0	0	1	0	0	0
LT934125.1	68904	-	0	0	0	0	1	0
LT934125.1	68922	-	1	0	0	0	0	0
LT934125.1	68927	-	0	0	0	0	1	0
LT934125.1	68930	+	0	0	0	0	1	0
LT934125.1	68942	+	0	0	0	0	1	0
LT934125.1	68943	-	0	0	0	0	1	0
LT934125.1	68946	+	1	0	0	0	0	0
LT934125.1	68964	+	0	0	0	0	1	0
LT934125.1	68967	+	1	0	0	0	0	0
LT934125.1	69002	+	0	0	0	1	0	0
LT934125.1	69007	+	1	0	0	0	0	0
LT934125.1	69024	-	0	0	0	0	1	0
LT934125.1	69025	-	0	0	0	1	0	0
LT934125.1	69040	+	1	0	0	0	0	0
LT934125.1	69051	+	0	0	1	0	0	0
LT934125.1	69052	+	0	0	0	0	1	0
LT934125.1	69054	+	0	0	0	0	2	0
LT934125.1	69055	+	0	0	0	0	1	0
LT934125.1	69060	+	1	0	0	0	0	0
LT934125.1	69076	+	1	0	1	0	0	0
LT934125.1	69092	+	0	0	0	0	1	0
LT934125.1	69092	-	0	0	1	0	0	0
LT934125.1	69095	+	0	0	0	0	5	0
LT934125.1	69111	+	0	0	1	0	0	0
LT934125.1	69125	+	0	0	1	0	0	0
LT934125.1	69140	-	1	0	1	0	0	0
LT934125.1	69143	-	0	0	0	0	1	0
LT934125.1	69147	+	0	0	0	0	1	0
LT934125.1	69148	-	0	0	0	0	1	0
LT934125.1	69158	+	1	0	0	0	0	0
LT934125.1	69159	+	0	0	0	0	2	0
LT934125.1	69160	+	1	0	0	0	0	0
LT934125.1	69161	+	0	0	1	0	1	0
LT934125.1	69162	+	3	0	0	0	2	2
LT934125.1	69164	+	0	0	1	0	0	1
LT934125.1	69181	+	0	0	0	0	2	0
LT934125.1	69195	+	0	0	0	0	2	0
LT934125.1	69198	+	0	0	0	0	1	0
LT934125.1	69200	-	0	0	0	0	1	0
LT934125.1	69225	+	0	0	0	0	1	0
LT934125.1	69226	+	0	0	1	0	0	0
LT934125.1	69230	-	0	0	1	0	0	0
LT934125.1	69237	+	0	0	0	0	1	0
LT934125.1	69247	+	1	0	0	0	0	0
LT934125.1	69248	-	0	0	0	0	1	0
LT934125.1	69257	-	0	0	0	0	1	0
LT934125.1	69259	-	0	0	1	0	0	0
LT934125.1	69285	-	0	1	0	0	0	0
LT934125.1	69289	+	0	0	2	0	0	0
LT934125.1	69290	+	2	1	0	0	1	0
LT934125.1	69291	+	0	0	0	0	1	0
LT934125.1	69304	-	1	0	0	0	0	0
LT934125.1	69306	+	0	0	0	0	1	0
LT934125.1	69320	+	0	0	0	0	1	0
LT934125.1	69328	-	0	0	1	0	0	0
LT934125.1	69338	+	0	0	1	0	0	0
LT934125.1	69353	+	0	0	0	0	2	0
LT934125.1	69381	+	0	0	0	0	1	0
LT934125.1	69382	-	0	0	0	0	0	1
LT934125.1	69383	+	0	0	0	0	1	0
LT934125.1	69384	+	0	0	0	0	1	0
LT934125.1	69385	+	0	0	0	0	1	0
LT934125.1	69387	+	0	0	0	0	1	0
LT934125.1	69402	+	0	0	0	0	1	0
LT934125.1	69414	+	0	0	0	0	3	0
LT934125.1	69418	+	1	1	0	0	0	0
LT934125.1	69426	+	0	0	0	0	1	0
LT934125.1	69433	+	0	0	0	0	0	1
LT934125.1	69442	+	0	0	0	0	1	0
LT934125.1	69444	+	0	0	0	0	0	1
LT934125.1	69460	+	1	0	0	0	0	0
LT934125.1	69466	+	1	0	0	0	0	0
LT934125.1	69472	+	0	0	0	0	1	0
LT934125.1	69497	-	0	0	0	0	1	0
LT934125.1	69498	-	0	0	0	0	1	0
LT934125.1	69500	-	0	0	2	0	1	0
LT934125.1	69502	-	0	0	1	0	0	0
LT934125.1	69503	+	0	0	0	0	1	0
LT934125.1	69504	-	0	0	0	0	1	0
LT934125.1	69515	+	0	0	0	0	3	0
LT934125.1	69515	-	1	0	0	0	0	0
LT934125.1	69516	+	1	0	2	0	0	0
LT934125.1	69534	+	0	0	0	0	1	0
LT934125.1	69535	+	0	0	1	0	0	0
LT934125.1	69543	+	0	0	0	0	1	0
LT934125.1	69547	+	0	0	0	0	1	0
LT934125.1	69552	+	0	0	1	0	1	0
LT934125.1	69569	+	1	0	0	0	2	0
LT934125.1	69593	-	1	0	0	0	0	0
LT934125.1	69596	+	0	0	0	0	1	0
LT934125.1	69596	-	0	0	0	1	0	0
LT934125.1	69606	+	1	0	0	0	0	0
LT934125.1	69613	+	2	0	0	0	1	1
LT934125.1	69614	+	0	0	0	0	1	0
LT934125.1	69619	+	0	0	0	0	1	0
LT934125.1	69637	+	0	0	0	0	1	0
LT934125.1	69658	+	0	0	0	0	1	0
LT934125.1	69666	+	1	0	0	0	0	1
LT934125.1	69669	+	0	0	1	0	0	0
LT934125.1	69673	+	0	0	0	0	1	0
LT934125.1	69703	+	1	0	0	0	0	0
LT934125.1	69732	+	1	0	0	0	0	0
LT934125.1	69736	+	0	1	0	0	0	0
LT934125.1	69737	+	0	0	0	0	1	0
LT934125.1	69755	+	0	0	1	0	0	0
LT934125.1	69762	+	1	0	0	0	0	0
LT934125.1	69764	+	0	0	0	0	1	0
LT934125.1	69765	+	3	1	3	2	1	2
LT934125.1	69768	+	0	0	0	0	0	2
LT934125.1	69779	+	0	0	0	0	1	0
LT934125.1	69783	+	1	0	0	0	0	0
LT934125.1	69785	+	0	0	1	0	3	0
LT934125.1	69789	+	1	0	1	0	0	0
LT934125.1	69798	+	0	0	0	0	2	0
LT934125.1	69799	+	1	1	2	0	1	0
LT934125.1	69803	+	0	0	1	0	0	0
LT934125.1	69819	-	0	0	0	0	1	0
LT934125.1	69823	+	1	0	0	0	1	0
LT934125.1	69851	+	0	0	0	0	2	0
LT934125.1	69852	+	1	0	0	0	0	1
LT934125.1	69854	+	0	0	1	0	1	0
LT934125.1	69876	+	1	0	0	0	0	0
LT934125.1	69918	+	0	0	0	0	1	0
LT934125.1	69928	+	0	0	0	0	2	0
LT934125.1	69941	+	0	0	0	0	1	0
LT934125.1	69946	+	0	0	0	0	0	1
LT934125.1	69947	+	1	0	0	0	0	0
LT934125.1	69948	+	1	0	0	0	0	0
LT934125.1	69949	+	2	0	0	0	4	0
LT934125.1	69950	+	1	0	0	0	2	0
LT934125.1	69960	+	1	0	0	0	0	0
LT934125.1	69963	-	0	0	0	0	1	0
LT934125.1	69992	+	1	0	0	0	0	0
LT934125.1	70013	+	1	0	0	0	0	0
LT934125.1	70024	+	1	0	0	0	1	0
LT934125.1	70027	+	0	0	0	0	1	0
LT934125.1	70057	+	0	0	0	0	3	0
LT934125.1	70066	-	0	0	1	0	0	0
LT934125.1	70087	+	0	0	0	0	42	0
LT934125.1	70088	+	1	0	1	0	0	0
LT934125.1	70089	+	0	0	0	0	0	6
LT934125.1	70090	+	9	2	31	5	21	8
LT934125.1	70092	+	0	0	0	0	1	0
LT934125.1	70095	+	0	0	1	0	0	0
LT934125.1	70117	+	0	0	0	0	1	0
LT934125.1	70118	+	0	0	1	0	0	0
LT934125.1	70122	+	0	0	2	0	1	0
LT934125.1	70134	+	0	0	0	0	1	0
LT934125.1	70135	+	4	2	0	1	8	1
LT934125.1	70136	+	1	0	0	0	0	0
LT934125.1	70141	+	0	0	0	0	1	0
LT934125.1	70144	+	1	0	0	0	0	0
LT934125.1	70161	+	1	0	0	0	0	0
LT934125.1	70162	+	0	0	0	0	1	0
LT934125.1	70163	+	0	0	0	0	2	0
LT934125.1	70167	+	1	0	0	0	0	0
LT934125.1	70168	+	0	0	0	0	1	0
LT934125.1	70180	+	0	0	0	0	1	0
LT934125.1	70185	+	1	0	0	0	0	0
LT934125.1	70186	+	0	1	0	0	0	0
LT934125.1	70190	+	0	0	0	0	1	0
LT934125.1	70218	+	0	0	1	0	0	0
LT934125.1	70233	+	1	0	0	0	0	0
LT934125.1	70259	+	0	0	1	0	0	0
LT934125.1	70277	+	0	0	0	0	1	0
LT934125.1	70278	+	0	0	0	0	2	0
LT934125.1	70281	+	0	0	1	0	0	0
LT934125.1	70292	+	0	0	1	0	0	0
LT934125.1	70292	-	0	0	0	0	1	0
LT934125.1	70317	+	0	0	1	0	0	0
LT934125.1	70324	+	1	0	0	0	1	0
LT934125.1	70350	+	1	0	0	0	0	0
LT934125.1	70381	-	0	0	1	0	0	0
LT934125.1	70387	+	0	0	0	0	1	0
LT934125.1	70438	-	0	0	0	0	1	0
LT934125.1	70452	+	1	0	0	0	0	0
LT934125.1	70464	-	1	0	0	0	0	0
LT934125.1	70470	-	0	0	0	0	1	0
LT934125.1	70476	-	0	0	0	0	1	0
LT934125.1	70507	+	0	0	0	0	1	0
LT934125.1	70523	+	0	0	0	0	2	0
LT934125.1	70524	+	0	0	0	0	2	0
LT934125.1	70525	+	0	0	2	0	0	0
LT934125.1	70526	+	0	0	0	0	515	0
LT934125.1	70527	+	0	0	0	0	762	0
LT934125.1	70528	+	2	4	2	27	2	0
LT934125.1	70529	+	146	1	289	17	2	49
LT934125.1	70530	+	0	0	1	0	176	0
LT934125.1	70531	+	321	10	629	1	2262	76
LT934125.1	70532	+	0	0	1	0	2	0
LT934125.1	70533	+	4	0	2	0	8	0
LT934125.1	70534	+	20	0	39	0	155	0
LT934125.1	70535	+	0	0	0	0	1	0
LT934125.1	70537	+	0	0	0	0	1	0
LT934125.1	70538	+	0	0	1	0	2	0
LT934125.1	70539	+	0	0	0	0	2	0
LT934125.1	70547	-	0	0	0	0	1	0
LT934125.1	70596	+	0	0	1	0	0	0
LT934125.1	70597	+	0	0	0	0	3	0
LT934125.1	70626	+	0	0	0	0	1	0
LT934125.1	70627	+	0	0	0	0	1	0
LT934125.1	70642	+	1	0	0	0	0	0
LT934125.1	70655	+	0	0	0	0	2	0
LT934125.1	70666	+	0	0	1	0	0	0
LT934125.1	70671	+	0	0	2	0	0	0
LT934125.1	70673	+	0	0	0	0	0	1
LT934125.1	70675	+	0	0	2	0	0	0
LT934125.1	70676	+	0	0	0	0	2	0
LT934125.1	70693	+	0	0	0	0	1	0
LT934125.1	70694	+	1	0	0	0	0	0
LT934125.1	70706	+	2	0	0	0	0	0
LT934125.1	70707	+	0	0	0	0	1	0
LT934125.1	70725	+	1	0	0	0	0	0
LT934125.1	70727	+	0	0	0	0	1	0
LT934125.1	70751	+	0	0	0	0	3	0
LT934125.1	70752	+	0	0	0	0	0	1
LT934125.1	70753	+	0	0	0	0	1	0
LT934125.1	70758	+	1	0	0	0	0	0
LT934125.1	70773	+	0	0	2	0	0	0
LT934125.1	70803	+	0	0	1	0	0	0
LT934125.1	70806	+	1	0	0	0	0	0
LT934125.1	70813	+	0	0	0	0	1	0
LT934125.1	70816	+	1	0	0	0	1	0
LT934125.1	70828	+	1	0	0	0	0	0
LT934125.1	70846	-	0	0	1	0	0	0
LT934125.1	70857	-	0	0	1	0	0	0
LT934125.1	70859	+	0	0	1	0	0	0
LT934125.1	70861	+	0	0	1	0	2	0
LT934125.1	70863	+	0	0	0	0	2	0
LT934125.1	70889	+	1	0	0	0	0	1
LT934125.1	70898	+	0	0	0	0	1	0
LT934125.1	70899	+	1	0	0	0	0	0
LT934125.1	70909	+	0	0	1	0	0	0
LT934125.1	70910	-	0	0	0	0	1	0
LT934125.1	70921	+	0	0	1	0	0	0
LT934125.1	70961	+	0	0	0	0	1	0
LT934125.1	70973	+	0	0	0	0	5	0
LT934125.1	70974	+	1	0	2	0	0	0
LT934125.1	70976	+	0	0	0	0	2	0
LT934125.1	70980	+	1	0	0	0	0	0
LT934125.1	70981	+	0	0	1	0	2	0
LT934125.1	70983	+	0	0	0	0	1	0
LT934125.1	70988	+	1	0	0	0	0	0
LT934125.1	70994	+	0	0	1	0	0	0
LT934125.1	71008	+	0	0	0	0	9	0
LT934125.1	71009	+	5	0	2	0	0	2
LT934125.1	71022	+	1	0	0	0	0	0
LT934125.1	71023	+	0	0	1	0	0	0
LT934125.1	71024	+	1	0	0	0	0	0
LT934125.1	71033	+	0	0	0	0	0	1
LT934125.1	71050	+	0	0	0	0	1	0
LT934125.1	71051	+	0	0	0	0	1	0
LT934125.1	71053	+	0	0	0	0	1	0
LT934125.1	71054	+	0	1	0	0	2	0
LT934125.1	71055	+	1	0	0	1	0	0
LT934125.1	71076	+	0	0	0	0	1	0
LT934125.1	71079	+	1	0	0	0	0	0
LT934125.1	71080	+	0	0	0	0	1	0
LT934125.1	71081	+	0	0	1	0	0	0
LT934125.1	71092	+	0	0	1	0	0	0
LT934125.1	71093	+	2	0	0	0	1	0
LT934125.1	71111	+	1	0	0	0	0	0
LT934125.1	71112	+	1	0	0	0	0	0
LT934125.1	71113	+	1	0	0	0	2	0
LT934125.1	71144	+	1	0	0	0	1	0
LT934125.1	71155	+	1	0	0	0	0	0
LT934125.1	71161	+	0	0	1	0	0	0
LT934125.1	71162	-	1	0	0	0	0	0
LT934125.1	71165	+	0	0	1	0	1	1
LT934125.1	71185	+	0	0	1	0	1	0
LT934125.1	71186	+	0	0	0	0	1	0
LT934125.1	71188	+	2	0	1	0	1	0
LT934125.1	71189	+	3	0	0	0	2	0
LT934125.1	71191	+	1	0	0	0	0	0
LT934125.1	71194	+	0	0	1	0	0	0
LT934125.1	71198	+	1	0	3	0	0	0
LT934125.1	71204	-	0	0	0	0	1	0
LT934125.1	71224	+	1	0	0	0	0	0
LT934125.1	71225	+	0	0	1	0	0	0
LT934125.1	71228	+	0	0	0	0	1	0
LT934125.1	71237	+	0	0	0	0	1	0
LT934125.1	71249	+	0	0	0	0	0	1
LT934125.1	71254	+	0	0	0	0	1	0
LT934125.1	71266	-	0	0	1	0	0	0
LT934125.1	71270	-	0	0	0	1	0	0
LT934125.1	71271	+	1	0	0	0	0	0
LT934125.1	71273	+	0	0	0	0	1	0
LT934125.1	71298	+	0	0	1	0	0	0
LT934125.1	71323	+	0	0	1	0	0	0
LT934125.1	71324	+	1	0	0	0	0	0
LT934125.1	71345	+	0	0	0	0	1	0
LT934125.1	71346	+	1	0	0	0	0	0
LT934125.1	71369	-	0	1	1	0	0	0
LT934125.1	71408	+	0	0	0	0	1	0
LT934125.1	71416	-	0	0	1	0	0	0
LT934125.1	71430	-	0	0	0	0	1	0
LT934125.1	71469	+	0	0	0	0	1	0
LT934125.1	71486	-	0	0	2	0	2	0
LT934125.1	71489	-	0	0	0	0	1	0
LT934125.1	71519	+	1	0	0	0	0	0
LT934125.1	71532	-	1	0	0	0	0	0
LT934125.1	71536	+	0	0	0	0	3	0
LT934125.1	71538	-	0	0	0	0	1	0
LT934125.1	71539	+	0	0	1	0	0	0
LT934125.1	71540	+	0	0	0	0	1	0
LT934125.1	71542	+	0	0	0	0	1	0
LT934125.1	71554	+	1	0	0	0	0	0
LT934125.1	71560	-	0	0	1	0	0	0
LT934125.1	71561	+	1	0	0	0	1	0
LT934125.1	71562	+	0	0	0	0	1	0
LT934125.1	71679	+	0	0	2	0	0	0
LT934125.1	71683	+	0	0	0	0	0	1
LT934125.1	71699	+	0	0	0	0	2	0
LT934125.1	71715	+	0	0	0	0	1	0
LT934125.1	71719	+	1	0	0	0	0	0
LT934125.1	71748	+	1	0	0	0	0	0
LT934125.1	71754	-	0	0	1	0	0	0
LT934125.1	71760	+	0	0	0	0	1	0
LT934125.1	71767	+	1	0	1	0	4	0
LT934125.1	71771	+	0	0	0	0	1	0
LT934125.1	71775	-	0	0	0	0	2	0
LT934125.1	71776	-	0	0	3	0	0	0
LT934125.1	71777	-	0	0	1	0	0	0
LT934125.1	71778	-	0	0	0	0	0	1
LT934125.1	71788	+	0	0	1	0	0	0
LT934125.1	71808	-	0	0	1	0	1	0
LT934125.1	71809	-	0	0	1	0	0	0
LT934125.1	71810	+	0	0	0	0	1	0
LT934125.1	71811	-	1	0	0	0	0	0
LT934125.1	71814	+	0	0	0	0	1	0
LT934125.1	71828	+	0	0	0	0	1	0
LT934125.1	71829	-	0	0	0	0	1	0
LT934125.1	71832	-	1	0	0	0	0	0
LT934125.1	71836	-	0	0	0	0	1	0
LT934125.1	71837	+	0	0	0	0	1	0
LT934125.1	71845	+	0	0	2	0	0	0
LT934125.1	71850	-	1	0	0	0	1	0
LT934125.1	71851	-	0	0	2	0	0	0
LT934125.1	71852	-	0	0	0	0	1	0
LT934125.1	71854	-	1	0	0	0	0	0
LT934125.1	71881	-	0	0	2	0	0	0
LT934125.1	71882	-	3	1	4	1	6	3
LT934125.1	71885	-	0	0	1	0	1	0
LT934125.1	71886	-	7	0	20	1	17	0
LT934125.1	71887	-	0	0	0	0	1	0
LT934125.1	71889	-	1	0	4	0	7	2
LT934125.1	71890	-	0	0	0	0	1	0
LT934125.1	71898	+	0	0	0	0	1	0
LT934125.1	71911	-	1	0	0	0	0	0
LT934125.1	71915	+	0	0	0	0	0	1
LT934125.1	71916	+	0	0	0	0	1	0
LT934125.1	71936	+	0	0	1	0	0	0
LT934125.1	71937	+	0	0	0	0	1	0
LT934125.1	71949	-	0	1	0	0	3	0
LT934125.1	71952	-	0	0	0	0	1	0
LT934125.1	71957	+	0	0	0	0	1	0
LT934125.1	71968	+	0	0	0	0	1	0
LT934125.1	71973	+	0	0	0	0	1	0
LT934125.1	71987	+	1	0	0	0	0	0
LT934125.1	71987	-	0	0	0	0	1	0
LT934125.1	72006	-	1	0	0	0	1	0
LT934125.1	72009	-	0	0	0	0	1	0
LT934125.1	72064	+	0	0	0	0	1	0
LT934125.1	72076	+	0	0	0	0	1	0
LT934125.1	72080	-	1	0	0	0	1	0
LT934125.1	72081	-	0	0	1	0	0	0
LT934125.1	72100	-	0	0	1	0	0	0
LT934125.1	72101	+	0	0	1	0	0	0
LT934125.1	72162	-	0	0	0	0	1	0
LT934125.1	72170	-	0	1	0	0	0	0
LT934125.1	72174	-	0	0	0	1	1	0
LT934125.1	72176	+	0	0	0	0	1	0
LT934125.1	72178	-	0	0	0	0	1	0
LT934125.1	72181	-	0	0	0	0	1	0
LT934125.1	72227	-	0	0	1	0	0	0
LT934125.1	72238	+	1	0	0	0	0	0
LT934125.1	72259	-	0	0	0	0	1	0
LT934125.1	72261	-	0	0	1	0	0	0
LT934125.1	72271	+	0	0	0	0	1	0
LT934125.1	72275	+	0	0	0	0	1	0
LT934125.1	72275	-	0	0	0	0	1	0
LT934125.1	72277	+	0	0	0	0	4	0
LT934125.1	72277	-	0	0	0	0	1	0
LT934125.1	72278	+	1	0	0	0	0	0
LT934125.1	72289	+	0	0	0	0	1	0
LT934125.1	72293	+	0	0	0	0	1	0
LT934125.1	72294	+	0	0	0	0	2	0
LT934125.1	72306	+	0	0	1	0	0	0
LT934125.1	72311	-	1	0	0	0	0	0
LT934125.1	72312	+	0	0	1	0	0	0
LT934125.1	72321	-	0	0	0	0	0	1
LT934125.1	72333	+	0	0	0	0	1	0
LT934125.1	72335	+	0	0	0	0	1	0
LT934125.1	72336	+	0	0	0	0	1	0
LT934125.1	72354	+	0	0	1	0	0	0
LT934125.1	72355	+	0	0	0	0	1	0
LT934125.1	72356	+	0	0	0	0	8	0
LT934125.1	72375	-	0	0	1	0	0	0
LT934125.1	72377	+	0	0	0	0	1	0
LT934125.1	72378	-	0	0	1	0	0	0
LT934125.1	72386	+	0	0	0	0	1	0
LT934125.1	72387	+	1	0	0	0	0	0
LT934125.1	72391	+	0	0	0	0	1	0
LT934125.1	72393	+	0	0	2	0	0	0
LT934125.1	72395	+	0	0	0	0	1	0
LT934125.1	72400	+	0	0	0	0	1	0
LT934125.1	72407	-	0	0	0	0	1	0
LT934125.1	72422	+	0	0	0	0	1	0
LT934125.1	72429	+	0	0	0	0	1	0
LT934125.1	72453	+	0	0	0	0	1	0
LT934125.1	72454	+	0	0	0	0	2	0
LT934125.1	72462	+	1	0	0	0	0	0
LT934125.1	72467	+	0	0	0	0	1	0
LT934125.1	72470	+	1	0	0	0	3	1
LT934125.1	72477	+	1	0	0	0	0	0
LT934125.1	72478	+	0	0	0	0	1	0
LT934125.1	72486	-	1	0	0	0	0	0
LT934125.1	72489	-	0	0	0	0	1	0
LT934125.1	72498	-	1	0	1	0	0	0
LT934125.1	72499	+	0	0	0	0	1	0
LT934125.1	72501	-	0	0	1	0	1	0
LT934125.1	72503	+	0	0	0	0	1	0
LT934125.1	72510	-	1	0	0	0	0	0
LT934125.1	72513	-	0	0	1	0	0	0
LT934125.1	72519	+	0	0	0	0	1	0
LT934125.1	72527	+	0	0	1	0	0	1
LT934125.1	72537	+	0	0	2	0	0	0
LT934125.1	72539	+	0	0	0	0	13	0
LT934125.1	72541	+	0	0	1	0	1	0
LT934125.1	72563	+	0	0	0	0	1	0
LT934125.1	72564	+	1	0	0	0	0	0
LT934125.1	72567	-	0	0	0	0	1	0
LT934125.1	72568	+	0	0	1	0	0	0
LT934125.1	72576	-	0	0	0	0	1	0
LT934125.1	72577	+	0	0	1	0	1	0
LT934125.1	72595	+	1	0	0	0	0	0
LT934125.1	72613	+	0	0	1	0	0	0
LT934125.1	72614	+	0	0	0	0	1	0
LT934125.1	72618	+	0	0	0	0	1	0
LT934125.1	72619	+	0	0	0	0	0	1
LT934125.1	72622	+	0	0	0	0	1	0
LT934125.1	72624	+	1	0	0	0	0	0
LT934125.1	72635	+	0	0	0	0	1	0
LT934125.1	72649	+	0	0	0	0	0	1
LT934125.1	72661	+	0	0	0	1	0	0
LT934125.1	72662	+	0	0	0	0	1	0
LT934125.1	72666	-	0	0	1	0	0	0
LT934125.1	72681	-	0	0	1	0	0	0
LT934125.1	72701	-	0	0	0	0	2	0
LT934125.1	72705	-	0	0	1	0	1	1
LT934125.1	72732	-	1	0	0	0	0	0
LT934125.1	72738	-	1	0	2	0	2	0
LT934125.1	72741	-	1	0	0	0	2	2
LT934125.1	72742	-	1	0	7	0	2	0
LT934125.1	72744	-	0	0	1	0	0	0
LT934125.1	72745	-	0	0	0	0	1	0
LT934125.1	72754	+	0	0	1	0	0	0
LT934125.1	72756	+	8	0	0	2	0	0
LT934125.1	72758	+	2	0	7	2	21	2
LT934125.1	72759	+	2	0	60	6	104	6
LT934125.1	72759	-	1	0	0	0	0	0
LT934125.1	72760	+	2	0	0	1	118	12
LT934125.1	72761	+	0	0	0	0	1	0
LT934125.1	72762	+	0	0	0	0	2	0
LT934125.1	72763	+	20	0	36	2	100	0
LT934125.1	72764	+	0	0	0	0	1	0
LT934125.1	72765	+	0	0	0	0	1	0
LT934125.1	72769	-	0	0	2	0	0	0
LT934125.1	72771	+	1	0	0	0	0	0
LT934125.1	72774	-	0	0	1	0	0	0
LT934125.1	72776	+	0	0	0	0	2	0
LT934125.1	72776	-	1	0	0	0	0	0
LT934125.1	72777	+	1	0	0	0	0	0
LT934125.1	72782	-	1	0	0	0	0	0
LT934125.1	72783	-	1	0	0	0	0	0
LT934125.1	72785	+	0	0	1	0	0	0
LT934125.1	72788	+	0	0	0	0	1	0
LT934125.1	72791	+	0	0	2	0	0	0
LT934125.1	72801	+	0	0	0	0	1	0
LT934125.1	72811	+	0	0	1	0	0	0
LT934125.1	72812	+	0	0	1	0	0	0
LT934125.1	72813	+	0	0	0	0	6	3
LT934125.1	72814	+	0	0	1	0	0	0
LT934125.1	72815	+	0	0	0	0	1	0
LT934125.1	72817	-	0	0	0	0	1	0
LT934125.1	72827	-	1	0	0	1	0	0
LT934125.1	72828	+	1	0	0	0	0	0
LT934125.1	72828	-	0	0	0	0	1	0
LT934125.1	72831	+	0	0	1	0	0	0
LT934125.1	72840	-	0	0	0	0	1	0
LT934125.1	72841	-	0	0	0	0	3	0
LT934125.1	72845	-	0	0	0	0	1	0
LT934125.1	72850	-	1	0	0	0	0	0
LT934125.1	72871	-	3	0	0	1	0	0
LT934125.1	72874	-	0	0	2	0	1	0
LT934125.1	72875	+	0	0	1	0	0	0
LT934125.1	72876	+	0	0	0	0	1	0
LT934125.1	72877	-	0	0	0	0	2	0
LT934125.1	72881	-	0	0	1	0	0	0
LT934125.1	72883	-	0	0	1	0	0	0
LT934125.1	72884	-	0	0	0	0	3	0
LT934125.1	72885	-	1	0	0	0	0	0
LT934125.1	72933	+	0	0	0	0	1	0
LT934125.1	72934	+	0	0	0	0	1	0
LT934125.1	72941	-	0	0	0	0	0	1
LT934125.1	72947	-	0	0	1	0	0	0
LT934125.1	72949	-	0	0	0	0	1	0
LT934125.1	72950	+	1	0	0	0	0	0
LT934125.1	72954	-	0	0	0	0	1	0
LT934125.1	72975	-	0	0	0	0	1	0
LT934125.1	72976	-	0	0	0	0	2	0
LT934125.1	72977	-	0	0	0	1	0	0
LT934125.1	72981	-	0	0	1	0	0	0
LT934125.1	72990	-	0	0	0	0	1	0
LT934125.1	72991	-	0	0	0	0	1	0
LT934125.1	72998	-	0	0	0	0	2	0
LT934125.1	73000	-	0	0	1	0	2	0
LT934125.1	73003	-	0	0	0	0	1	0
LT934125.1	73004	+	0	0	1	0	0	0
LT934125.1	73004	-	0	0	0	0	1	0
LT934125.1	73037	+	0	0	0	0	1	0
LT934125.1	73061	+	0	0	0	0	1	0
LT934125.1	73083	+	0	0	0	0	1	0
LT934125.1	73095	+	0	0	2	0	0	0
LT934125.1	73096	+	3	0	0	0	3	0
LT934125.1	73097	+	0	0	0	0	3	0
LT934125.1	73108	-	1	0	8	0	13	2
LT934125.1	73109	-	0	0	0	0	3	0
LT934125.1	73110	-	0	0	0	0	1	0
LT934125.1	73111	-	0	0	1	0	0	1
LT934125.1	73114	-	0	0	0	0	1	0
LT934125.1	73116	-	0	0	1	0	0	0
LT934125.1	73136	-	0	0	0	0	9	0
LT934125.1	73139	-	0	0	0	0	5	0
LT934125.1	73159	-	0	0	0	0	1	0
LT934125.1	73161	+	0	0	0	0	1	0
LT934125.1	73166	+	0	0	0	0	1	0
LT934125.1	73180	+	0	0	0	0	1	0
LT934125.1	73196	-	0	0	0	0	2	0
LT934125.1	73210	+	0	0	0	0	2	0
LT934125.1	73217	+	0	0	0	0	1	0
LT934125.1	73235	-	1	0	0	0	0	0
LT934125.1	73243	-	0	0	0	0	1	0
LT934125.1	73261	+	0	0	0	0	1	0
LT934125.1	73266	-	0	0	0	0	1	0
LT934125.1	73274	-	0	0	0	0	0	1
LT934125.1	73315	+	0	0	1	0	0	0
LT934125.1	73321	+	0	0	1	0	0	0
LT934125.1	73354	-	0	0	0	0	1	0
LT934125.1	73363	+	1	0	0	0	0	0
LT934125.1	73385	+	0	0	1	0	0	0
LT934125.1	73392	+	0	0	0	0	1	0
LT934125.1	73417	+	0	0	0	0	1	0
LT934125.1	73438	-	0	0	1	0	0	0
LT934125.1	73484	-	0	0	1	0	0	0
LT934125.1	73488	-	0	0	1	0	0	0
LT934125.1	73499	+	0	0	0	0	1	0
LT934125.1	73520	-	0	0	0	0	1	0
LT934125.1	73608	+	1	0	0	0	0	0
LT934125.1	73613	+	0	0	0	0	1	0
LT934125.1	73673	+	0	0	0	0	1	0
LT934125.1	73683	-	0	0	1	0	0	0
LT934125.1	73686	-	1	0	0	0	0	0
LT934125.1	73698	+	0	0	0	0	1	0
LT934125.1	73699	+	1	0	0	0	0	0
LT934125.1	73709	+	0	0	0	0	1	0
LT934125.1	73787	-	0	0	0	0	1	0
LT934125.1	73795	-	0	0	1	0	0	0
LT934125.1	73899	+	0	0	1	0	0	0
LT934125.1	73939	+	0	0	1	0	0	0
LT934125.1	73976	-	0	0	0	0	1	0
LT934125.1	73983	-	0	0	0	0	0	1
LT934125.1	74002	-	0	0	0	0	1	0
LT934125.1	74010	+	0	0	0	0	1	0
LT934125.1	74192	+	1	0	0	0	0	0
LT934125.1	74196	+	0	0	1	0	0	0
LT934125.1	74205	-	0	0	0	0	1	0
LT934125.1	74206	+	1	0	0	0	0	0
LT934125.1	74221	-	0	0	1	0	0	0
LT934125.1	74245	-	0	0	1	0	0	0
LT934125.1	74262	+	0	0	1	0	0	0
LT934125.1	74266	+	0	0	0	0	1	0
LT934125.1	74303	+	0	0	1	0	0	0
LT934125.1	74332	+	0	0	0	0	1	0
LT934125.1	74337	-	0	0	1	0	0	0
LT934125.1	74345	-	4	0	10	0	58	0
LT934125.1	74346	-	0	0	1	0	1	0
LT934125.1	74348	-	0	0	3	0	4	0
LT934125.1	74349	-	0	0	1	0	0	1
LT934125.1	74352	-	0	0	0	0	0	1
LT934125.1	74396	+	0	0	0	0	1	0
LT934125.1	74397	+	1	0	0	0	0	0
LT934125.1	74398	+	0	0	0	0	32	0
LT934125.1	74398	-	0	0	0	0	1	0
LT934125.1	74399	+	1	0	2	4	10	0
LT934125.1	74400	+	28	1	81	4	794	58
LT934125.1	74401	+	6	0	0	0	0	0
LT934125.1	74402	+	19	0	70	4	833	20
LT934125.1	74403	+	0	0	0	0	3	0
LT934125.1	74405	+	8	0	10	0	145	4
LT934125.1	74408	+	0	0	0	0	2	0
LT934125.1	74412	+	0	0	0	0	4	0
LT934125.1	74425	+	0	0	0	0	1	0
LT934125.1	74449	+	1	0	0	0	0	0
LT934125.1	74450	+	0	0	0	0	1	0
LT934125.1	74474	+	0	0	0	0	1	0
LT934125.1	74479	+	0	0	1	0	0	0
LT934125.1	74488	+	0	0	0	0	1	0
LT934125.1	74500	+	0	0	0	0	1	0
LT934125.1	74502	+	0	0	2	1	0	0
LT934125.1	74539	-	0	0	0	0	1	0
LT934125.1	74542	+	0	0	0	0	1	0
LT934125.1	74571	+	0	0	0	0	0	1
LT934125.1	74595	+	0	0	0	0	1	0
LT934125.1	74617	-	0	0	0	0	1	0
LT934125.1	74620	+	0	0	1	0	0	0
LT934125.1	74631	+	0	0	1	0	0	0
LT934125.1	74632	+	0	0	0	0	1	1
LT934125.1	74638	+	0	0	0	0	1	0
LT934125.1	74656	-	0	0	1	0	0	0
LT934125.1	74657	+	0	0	0	0	1	0
LT934125.1	74659	+	0	0	0	0	1	0
LT934125.1	74659	-	0	0	1	0	0	0
LT934125.1	74673	-	0	0	0	0	1	0
LT934125.1	74680	+	1	0	0	0	0	0
LT934125.1	74680	-	0	0	0	0	1	0
LT934125.1	74681	+	1	0	0	0	2	0
LT934125.1	74696	+	0	0	0	0	2	0
LT934125.1	74698	+	0	0	0	0	1	0
LT934125.1	74700	-	0	0	0	0	1	0
LT934125.1	74711	+	0	0	0	0	1	0
LT934125.1	74726	+	0	0	0	0	1	0
LT934125.1	74779	+	0	0	0	0	1	0
LT934125.1	74800	-	0	0	0	0	1	0
LT934125.1	74821	+	0	0	0	0	1	0
LT934125.1	74833	+	0	0	1	0	1	0
LT934125.1	74836	+	0	0	1	0	0	0
LT934125.1	74840	+	0	0	0	0	1	0
LT934125.1	74872	+	0	0	0	0	1	0
LT934125.1	74875	-	0	0	1	0	0	0
LT934125.1	74887	+	0	0	0	0	1	0
LT934125.1	74895	+	0	0	0	0	1	0
LT934125.1	74904	-	0	0	0	0	1	0
LT934125.1	74919	+	0	0	0	0	1	0
LT934125.1	74922	+	0	0	0	0	1	0
LT934125.1	74925	+	0	0	0	0	1	0
LT934125.1	74926	+	0	0	0	0	2	0
LT934125.1	74940	+	1	0	0	0	1	0
LT934125.1	74952	+	0	0	0	0	1	1
LT934125.1	74953	+	0	0	0	0	1	0
LT934125.1	74954	+	0	1	0	0	0	0
LT934125.1	74958	-	0	0	0	0	0	1
LT934125.1	74965	+	0	0	0	0	1	0
LT934125.1	74969	+	0	0	0	0	0	2
LT934125.1	74971	+	0	0	0	0	0	1
LT934125.1	74976	+	0	0	0	0	1	0
LT934125.1	74992	+	0	0	0	0	1	0
LT934125.1	75008	+	0	0	1	0	0	0
LT934125.1	75018	+	0	0	0	0	4	0
LT934125.1	75038	+	2	0	0	0	0	0
LT934125.1	75053	+	0	0	0	0	1	0
LT934125.1	75066	+	0	0	0	0	1	0
LT934125.1	75069	+	0	0	0	0	1	0
LT934125.1	75072	+	1	0	0	0	0	0
LT934125.1	75073	+	0	0	0	0	2	0
LT934125.1	75073	-	0	0	0	0	1	0
LT934125.1	75077	+	0	0	1	0	0	0
LT934125.1	75078	+	0	0	0	0	1	0
LT934125.1	75080	-	0	0	1	0	0	0
LT934125.1	75086	+	2	0	0	0	0	0
LT934125.1	75100	+	0	0	0	0	12	0
LT934125.1	75101	+	2	0	1	0	0	3
LT934125.1	75102	+	0	0	0	0	2	0
LT934125.1	75103	+	0	0	0	0	0	1
LT934125.1	75105	+	0	0	1	0	1	0
LT934125.1	75110	+	0	1	0	0	0	0
LT934125.1	75112	+	0	0	0	0	2	0
LT934125.1	75122	+	1	0	0	0	0	0
LT934125.1	75130	+	0	0	0	0	1	0
LT934125.1	75148	+	0	0	0	0	3	0
LT934125.1	75154	+	0	0	1	0	0	0
LT934125.1	75167	+	1	0	0	0	0	0
LT934125.1	75168	+	0	0	0	0	1	0
LT934125.1	75170	+	0	0	0	0	3	0
LT934125.1	75172	+	0	0	0	0	2	0
LT934125.1	75185	+	0	0	0	0	1	0
LT934125.1	75207	+	0	1	0	0	2	0
LT934125.1	75214	+	0	0	0	0	1	0
LT934125.1	75234	+	1	0	0	0	0	0
LT934125.1	75236	+	0	0	1	0	1	0
LT934125.1	75237	+	0	0	0	0	0	1
LT934125.1	75247	+	0	0	0	0	4	0
LT934125.1	75249	-	0	0	0	0	1	0
LT934125.1	75255	+	1	0	0	0	0	0
LT934125.1	75269	+	0	0	0	0	2	0
LT934125.1	75271	+	0	0	0	0	1	0
LT934125.1	75283	+	0	0	0	0	1	0
LT934125.1	75286	-	0	0	0	0	1	0
LT934125.1	75288	+	0	0	0	0	1	0
LT934125.1	75290	+	0	0	0	0	3	0
LT934125.1	75302	+	1	0	0	0	1	0
LT934125.1	75305	+	1	0	0	0	1	0
LT934125.1	75308	+	1	0	0	0	0	0
LT934125.1	75316	+	0	0	1	0	0	0
LT934125.1	75318	+	0	0	0	0	1	0
LT934125.1	75325	+	0	0	0	0	1	0
LT934125.1	75332	+	0	0	0	0	1	0
LT934125.1	75336	+	0	0	1	0	0	0
LT934125.1	75349	+	0	0	1	0	0	0
LT934125.1	75360	+	1	0	1	0	0	0
LT934125.1	75364	+	0	0	0	0	1	0
LT934125.1	75369	+	1	0	0	0	0	0
LT934125.1	75371	+	0	0	1	0	0	0
LT934125.1	75375	+	1	0	0	0	0	0
LT934125.1	75380	+	0	0	1	0	0	0
LT934125.1	75382	+	0	0	1	0	1	0
LT934125.1	75384	+	1	0	0	0	1	0
LT934125.1	75397	+	0	0	0	0	1	0
LT934125.1	75416	+	0	0	0	0	2	0
LT934125.1	75417	+	1	0	1	0	0	0
LT934125.1	75478	+	0	0	0	0	1	0
LT934125.1	75500	+	0	0	0	0	1	0
LT934125.1	75516	+	0	0	0	0	1	0
LT934125.1	75524	+	0	0	0	0	1	0
LT934125.1	75568	+	0	0	0	0	4	0
LT934125.1	75569	+	0	0	0	0	1	0
LT934125.1	75592	+	1	0	0	0	0	0
LT934125.1	75594	+	0	0	1	0	0	0
LT934125.1	75595	+	0	0	0	0	1	0
LT934125.1	75598	-	0	0	0	0	1	0
LT934125.1	75599	-	1	1	0	0	6	0
LT934125.1	75600	-	1	0	0	0	0	0
LT934125.1	75601	-	0	0	1	0	12	0
LT934125.1	75602	-	0	0	0	0	2	0
LT934125.1	75603	-	0	0	1	0	3	0
LT934125.1	75618	-	0	0	1	0	0	0
LT934125.1	75619	-	0	0	1	0	0	0
LT934125.1	75643	-	0	0	0	0	1	0
LT934125.1	75651	+	0	0	4	0	1	0
LT934125.1	75653	+	0	0	1	0	7	0
LT934125.1	75654	+	1	0	0	0	28	3
LT934125.1	75657	+	1	0	1	0	8	0
LT934125.1	75663	-	0	0	0	0	3	0
LT934125.1	75667	+	0	0	1	0	3	0
LT934125.1	75669	+	0	0	0	0	1	0
LT934125.1	75734	-	2	0	3	0	0	0
LT934125.1	75736	-	4	0	0	0	1	0
LT934125.1	75749	-	0	0	0	0	1	0
LT934125.1	75754	-	3	0	0	0	0	0
LT934125.1	75755	-	0	0	0	0	1	0
LT934125.1	75756	+	0	0	0	0	1	0
LT934125.1	75765	-	0	0	0	0	1	0
LT934125.1	75767	-	1	0	0	0	0	0
LT934125.1	75777	-	0	0	0	0	1	0
LT934125.1	75779	+	0	0	0	0	2	0
LT934125.1	75783	+	0	0	0	0	1	0
LT934125.1	75797	-	0	0	1	0	0	0
LT934125.1	75801	-	0	0	0	0	1	0
LT934125.1	75819	+	0	0	0	0	1	0
LT934125.1	75825	+	0	0	0	0	1	0
LT934125.1	75832	-	0	0	0	0	1	0
LT934125.1	75834	+	0	0	0	0	1	0
LT934125.1	75836	+	0	0	0	0	1	0
LT934125.1	75837	+	0	0	0	0	1	0
LT934125.1	75846	-	0	0	0	0	2	0
LT934125.1	75868	+	0	0	0	0	1	0
LT934125.1	75891	-	0	0	0	0	1	0
LT934125.1	75897	-	0	0	0	0	1	0
LT934125.1	75910	-	0	0	1	0	0	0
LT934125.1	75914	+	0	0	1	0	0	0
LT934125.1	75915	-	0	0	0	0	0	1
LT934125.1	75919	+	0	0	1	0	0	0
LT934125.1	75923	+	0	0	2	0	0	0
LT934125.1	75928	+	0	0	0	0	1	0
LT934125.1	75930	-	0	0	1	0	0	0
LT934125.1	75935	-	0	0	1	0	1	0
LT934125.1	75936	-	0	0	0	0	1	0
LT934125.1	75937	-	0	0	1	0	0	0
LT934125.1	75942	+	0	0	0	0	2	0
LT934125.1	75943	+	0	0	0	0	2	0
LT934125.1	75949	-	1	0	0	0	0	0
LT934125.1	75957	-	2	0	0	0	0	0
LT934125.1	75958	+	0	0	0	0	1	0
LT934125.1	75971	+	0	0	0	0	1	0
LT934125.1	75978	+	0	0	0	0	1	0
LT934125.1	76003	+	0	0	0	0	1	0
LT934125.1	76004	+	0	0	0	0	1	0
LT934125.1	76021	-	1	0	1	0	0	0
LT934125.1	76022	+	0	0	0	0	1	0
LT934125.1	76031	+	0	0	0	0	1	0
LT934125.1	76036	+	0	0	0	0	1	0
LT934125.1	76041	+	1	0	0	0	0	0
LT934125.1	76046	-	0	0	0	0	1	0
LT934125.1	76052	+	0	0	0	0	1	0
LT934125.1	76056	-	0	0	0	0	0	1
LT934125.1	76058	-	1	0	0	0	0	0
LT934125.1	76061	+	0	0	1	0	0	0
LT934125.1	76074	+	0	0	0	0	1	0
LT934125.1	76079	-	1	0	0	0	0	0
LT934125.1	76080	-	0	0	0	0	0	1
LT934125.1	76082	+	0	0	0	0	1	0
LT934125.1	76084	-	0	0	0	0	1	0
LT934125.1	76088	-	0	0	0	0	1	0
LT934125.1	76089	-	1	0	0	0	1	0
LT934125.1	76095	+	0	0	0	0	1	0
LT934125.1	76107	+	0	0	0	0	1	0
LT934125.1	76108	+	0	0	0	0	1	0
LT934125.1	76115	+	1	0	0	0	0	0
LT934125.1	76120	-	0	0	0	0	0	1
LT934125.1	76145	-	0	0	1	0	0	0
LT934125.1	76181	+	0	0	0	0	1	0
LT934125.1	76197	+	0	0	1	0	0	0
LT934125.1	76203	+	0	0	0	0	1	0
LT934125.1	76227	+	0	0	0	0	1	0
LT934125.1	76240	-	0	0	0	0	2	0
LT934125.1	76241	-	0	0	1	0	0	0
LT934125.1	76254	+	0	0	0	0	1	0
LT934125.1	76288	-	0	0	0	0	1	0
LT934125.1	76326	-	0	0	0	0	1	0
LT934125.1	76385	-	0	0	0	0	1	0
LT934125.1	76395	+	0	0	0	0	1	0
LT934125.1	76514	-	0	0	0	0	1	0
LT934125.1	76553	+	0	0	1	0	0	0
LT934125.1	76597	+	0	0	0	1	0	0
LT934125.1	76618	+	1	0	0	0	0	0
LT934125.1	76624	-	0	0	0	0	1	0
LT934125.1	76633	-	0	0	0	0	1	0
LT934125.1	76645	+	0	0	1	0	0	0
LT934125.1	76647	+	0	0	0	0	1	0
LT934125.1	76676	+	0	0	0	0	1	0
LT934125.1	76677	+	2	0	1	0	9	1
LT934125.1	76679	+	0	0	1	0	1	7
LT934125.1	76680	-	1	0	0	0	0	0
LT934125.1	76682	+	0	0	0	3	3	0
LT934125.1	76683	+	3	3	2	2	41	1
LT934125.1	76684	+	0	0	0	0	4	0
LT934125.1	76685	+	4	0	14	0	43	22
LT934125.1	76686	+	0	0	0	0	0	1
LT934125.1	76687	+	0	0	1	0	1	0
LT934125.1	76688	+	0	0	0	0	1	1
LT934125.1	76689	+	0	0	1	0	3	0
LT934125.1	76717	+	1	0	0	0	0	1
LT934125.1	76721	+	0	0	0	0	2	0
LT934125.1	76730	+	0	0	1	0	1	0
LT934125.1	76746	+	0	0	0	0	1	0
LT934125.1	76749	+	1	0	1	0	4	0
LT934125.1	76753	+	1	0	0	0	0	0
LT934125.1	76776	+	0	0	1	0	0	0
LT934125.1	76777	-	0	0	0	0	1	0
LT934125.1	76787	+	0	0	0	0	0	1
LT934125.1	76792	+	0	0	0	0	1	0
LT934125.1	76798	+	1	0	0	0	1	0
LT934125.1	76807	+	0	0	0	0	1	0
LT934125.1	76814	+	0	0	0	0	1	0
LT934125.1	76834	+	0	0	0	0	0	1
LT934125.1	76836	-	0	0	0	0	1	1
LT934125.1	76839	-	0	0	1	0	0	0
LT934125.1	76849	+	0	0	0	0	1	0
LT934125.1	76857	-	0	0	0	0	1	0
LT934125.1	76860	-	1	0	4	2	15	5
LT934125.1	76861	-	0	0	0	1	1	0
LT934125.1	76862	-	1	0	1	0	0	0
LT934125.1	76863	-	9	1	9	3	12	7
LT934125.1	76864	-	0	0	1	0	0	0
LT934125.1	76865	-	1	0	1	0	2	0
LT934125.1	76866	-	1	0	1	0	1	0
LT934125.1	76867	-	0	0	2	0	0	0
LT934125.1	76869	-	1	0	0	0	0	1
LT934125.1	76870	-	1	0	1	0	0	0
LT934125.1	76871	+	0	0	0	0	1	0
LT934125.1	76891	+	0	0	1	0	0	1
LT934125.1	76895	-	0	0	0	0	1	0
LT934125.1	76918	+	0	0	1	0	7	1
LT934125.1	76920	+	0	0	0	0	4	1
LT934125.1	76925	+	0	0	1	0	0	0
LT934125.1	76948	+	0	0	0	0	0	1
LT934125.1	76963	-	0	0	0	0	1	0
LT934125.1	76986	+	0	0	0	0	2	0
LT934125.1	76987	+	0	0	0	1	0	0
LT934125.1	76989	+	0	0	0	0	1	0
LT934125.1	76990	+	2	0	6	0	17	10
LT934125.1	76992	+	0	0	0	0	3	1
LT934125.1	77056	+	0	0	0	0	1	0
LT934125.1	77066	-	0	0	0	0	0	1
LT934125.1	77093	+	0	0	0	0	1	0
LT934125.1	77098	+	0	0	0	0	1	0
LT934125.1	77137	-	1	0	1	0	0	0
LT934125.1	77139	-	4	0	2	0	2	0
LT934125.1	77144	-	0	0	0	0	1	0
LT934125.1	77153	-	0	0	1	0	0	0
LT934125.1	77161	+	0	0	0	0	1	0
LT934125.1	77180	-	1	0	0	0	0	0
LT934125.1	77182	-	0	0	0	0	1	0
LT934125.1	77227	+	0	0	0	0	1	0
LT934125.1	77242	+	0	0	0	0	1	0
LT934125.1	77322	+	1	0	0	0	0	1
LT934125.1	77367	+	0	0	1	0	0	0
LT934125.1	77383	-	0	0	0	0	2	0
LT934125.1	77384	-	0	0	0	0	1	0
LT934125.1	77417	+	0	0	1	0	0	0
LT934125.1	77519	-	0	0	0	0	1	0
LT934125.1	77524	+	1	0	0	0	0	0
LT934125.1	77605	-	0	0	2	0	0	1
LT934125.1	77664	+	0	0	1	0	0	0
LT934125.1	77756	-	0	0	0	0	1	0
LT934125.1	77766	+	0	0	1	0	0	0
LT934125.1	77771	-	0	0	1	0	1	0
LT934125.1	77778	-	0	0	0	0	2	0
LT934125.1	77804	-	1	0	0	0	0	0
LT934125.1	77824	-	1	0	0	0	1	0
LT934125.1	77825	-	0	0	0	0	1	0
LT934125.1	77846	-	0	0	0	0	1	0
LT934125.1	77856	-	0	0	0	0	1	0
LT934125.1	77873	-	0	0	0	0	1	0
LT934125.1	77882	+	0	0	0	0	2	0
LT934125.1	77885	+	0	0	0	0	1	0
LT934125.1	77894	-	0	0	0	0	1	0
LT934125.1	77941	+	0	0	0	0	1	0
LT934125.1	77943	-	0	0	0	0	1	0
LT934125.1	77984	-	0	0	0	0	1	0
LT934125.1	77985	-	3	0	3	0	13	0
LT934125.1	77987	-	0	0	0	0	17	0
LT934125.1	77988	-	0	0	0	0	1	0
LT934125.1	77989	-	0	0	0	0	1	0
LT934125.1	78020	-	0	0	0	0	1	0
LT934125.1	78035	+	0	0	1	0	0	0
LT934125.1	78036	+	0	0	0	0	1	0
LT934125.1	78037	+	2	0	0	0	4	1
LT934125.1	78038	+	0	0	0	0	3	0
LT934125.1	78039	+	4	0	10	0	9	6
LT934125.1	78040	+	0	0	2	0	4	1
LT934125.1	78041	+	1	0	5	0	5	0
LT934125.1	78042	+	3	0	3	0	0	0
LT934125.1	78044	+	2	2	2	0	1	1
LT934125.1	78046	+	0	0	0	0	1	0
LT934125.1	78047	+	0	0	0	0	0	1
LT934125.1	78134	-	0	0	0	0	1	0
LT934125.1	78152	-	0	0	0	0	1	0
LT934125.1	78186	-	0	2	0	0	0	0
LT934125.1	78202	-	0	0	0	0	1	0
LT934125.1	78218	-	0	0	0	0	1	0
LT934125.1	78224	-	0	0	0	0	1	0
LT934125.1	78227	+	0	0	0	0	1	0
LT934125.1	78279	+	0	0	1	0	0	0
LT934125.1	78322	-	0	0	0	0	1	0
LT934125.1	78367	+	1	0	0	0	0	0
LT934125.1	78526	+	0	0	0	0	1	0
LT934125.1	78534	-	0	0	0	0	2	0
LT934125.1	78550	+	0	0	0	0	0	1
LT934125.1	78585	+	0	0	0	0	1	0
LT934125.1	78651	+	0	0	0	0	1	0
LT934125.1	78698	+	0	0	0	0	1	0
LT934125.1	78717	+	0	0	0	0	1	0
LT934125.1	78741	-	0	0	0	0	1	0
LT934125.1	78772	-	0	0	0	0	1	0
LT934125.1	78789	-	0	0	0	0	1	0
LT934125.1	78799	+	0	0	0	0	1	0
LT934125.1	78814	+	0	0	1	0	1	0
LT934125.1	78823	+	0	0	0	0	1	0
LT934125.1	78827	+	1	0	0	0	0	0
LT934125.1	78835	+	1	0	0	0	0	0
LT934125.1	78838	+	0	0	1	0	0	1
LT934125.1	78841	+	0	0	1	0	0	0
LT934125.1	78842	+	0	0	0	0	1	0
LT934125.1	78843	+	1	0	0	0	1	0
LT934125.1	78846	+	0	0	1	0	2	0
LT934125.1	78856	+	0	0	1	0	0	0
LT934125.1	78883	+	1	0	0	0	0	0
LT934125.1	78893	+	1	0	0	0	0	0
LT934125.1	78896	+	1	0	0	0	0	0
LT934125.1	78921	+	0	0	1	0	0	0
LT934125.1	78931	+	0	0	0	0	2	0
LT934125.1	78955	+	0	1	0	0	0	0
LT934125.1	79004	+	0	0	0	0	1	0
LT934125.1	79010	+	1	0	0	0	0	0
LT934125.1	79055	+	1	0	0	0	0	0
LT934125.1	79067	+	1	0	0	0	0	0
LT934125.1	79068	+	1	0	0	0	0	0
LT934125.1	79070	+	0	0	0	0	0	2
LT934125.1	79088	-	0	0	0	0	1	0
LT934125.1	79091	+	0	0	0	0	1	0
LT934125.1	79093	+	0	0	0	0	1	0
LT934125.1	79102	+	0	0	0	0	1	0
LT934125.1	79102	-	0	0	1	0	2	0
LT934125.1	79103	-	0	0	0	0	1	0
LT934125.1	79142	+	0	0	0	0	6	0
LT934125.1	79145	-	1	0	0	0	0	0
LT934125.1	79146	+	0	0	0	0	1	0
LT934125.1	79164	+	0	0	0	0	1	0
LT934125.1	79181	+	0	0	0	0	1	0
LT934125.1	79183	-	0	0	1	0	0	0
LT934125.1	79215	+	0	0	0	0	2	0
LT934125.1	79216	+	1	0	0	0	0	0
LT934125.1	79218	+	1	0	0	0	0	0
LT934125.1	79230	-	0	0	0	0	0	1
LT934125.1	79251	+	0	0	0	0	1	0
LT934125.1	79261	+	0	0	0	0	1	0
LT934125.1	79275	-	0	0	0	0	1	0
LT934125.1	79284	+	0	0	1	0	0	0
LT934125.1	79301	-	0	0	0	0	1	0
LT934125.1	79312	+	0	0	0	0	2	0
LT934125.1	79331	-	0	0	0	0	2	0
LT934125.1	79341	+	0	0	0	0	1	0
LT934125.1	79349	+	0	0	1	0	0	1
LT934125.1	79350	+	2	0	0	0	2	0
LT934125.1	79357	+	0	0	1	0	0	0
LT934125.1	79370	+	1	0	0	0	0	0
LT934125.1	79378	+	1	0	0	0	0	0
LT934125.1	79383	+	2	0	0	0	0	0
LT934125.1	79388	-	1	0	0	0	4	0
LT934125.1	79389	-	0	0	0	0	7	0
LT934125.1	79390	-	0	0	1	0	14	1
LT934125.1	79401	+	0	0	2	0	0	0
LT934125.1	79405	+	3	0	0	0	0	0
LT934125.1	79439	+	1	0	7	0	1	0
LT934125.1	79440	+	5	0	294	16	8	2
LT934125.1	79441	+	226	3	1	0	244	51
LT934125.1	79442	+	0	0	1	0	2	0
LT934125.1	79443	+	6	0	1	1	10	0
LT934125.1	79444	+	1127	16	1282	74	1283	194
LT934125.1	79445	+	38	0	77	4	34	13
LT934125.1	79446	+	5	0	4	0	2	0
LT934125.1	79447	+	14	1	21	2	25	4
LT934125.1	79454	+	0	0	1	1	3	0
LT934125.1	79455	+	0	0	0	1	0	0
LT934125.1	79463	+	2	0	0	0	0	0
LT934125.1	79467	+	0	0	0	0	1	0
LT934125.1	79471	+	0	0	0	1	2	0
LT934125.1	79473	+	0	0	2	0	1	0
LT934125.1	79475	+	0	0	1	0	0	0
LT934125.1	79476	+	0	0	0	0	1	0
LT934125.1	79478	+	1	0	1	0	0	0
LT934125.1	79479	+	1	0	2	0	1	0
LT934125.1	79480	+	0	0	0	0	1	0
LT934125.1	79481	+	1	0	0	0	0	0
LT934125.1	79484	+	0	0	0	0	3	0
LT934125.1	79486	+	1	0	0	0	0	0
LT934125.1	79492	+	1	0	0	1	0	0
LT934125.1	79502	+	1	0	0	0	0	0
LT934125.1	79505	+	0	0	1	0	0	0
LT934125.1	79507	+	0	0	1	0	0	0
LT934125.1	79509	-	0	0	1	0	0	0
LT934125.1	79512	+	1	0	0	0	0	0
LT934125.1	79513	-	0	0	0	0	0	1
LT934125.1	79518	+	1	0	0	0	0	0
LT934125.1	79528	+	0	0	0	0	1	0
LT934125.1	79532	+	1	0	0	0	0	0
LT934125.1	79535	+	1	0	0	0	1	0
LT934125.1	79540	+	0	0	0	0	0	2
LT934125.1	79546	+	0	0	1	0	0	0
LT934125.1	79548	+	0	0	0	1	0	0
LT934125.1	79549	+	0	0	2	0	0	1
LT934125.1	79550	+	4	0	0	0	5	0
LT934125.1	79551	+	0	0	0	0	6	0
LT934125.1	79552	+	8	0	17	1	0	4
LT934125.1	79565	+	1	0	0	0	0	0
LT934125.1	79570	-	0	0	0	0	1	0
LT934125.1	79572	+	0	0	1	0	0	0
LT934125.1	79576	-	1	0	0	0	0	0
LT934125.1	79591	+	0	0	0	0	1	0
LT934125.1	79598	+	0	0	1	0	0	0
LT934125.1	79601	+	1	0	0	0	0	0
LT934125.1	79604	+	0	0	1	0	0	0
LT934125.1	79607	+	2	0	1	0	0	0
LT934125.1	79610	+	0	0	2	0	0	0
LT934125.1	79611	-	0	0	0	0	1	0
LT934125.1	79622	+	2	0	1	0	0	1
LT934125.1	79639	+	0	0	0	0	1	0
LT934125.1	79651	+	0	0	1	0	0	0
LT934125.1	79652	+	0	0	4	0	0	0
LT934125.1	79664	+	0	0	0	0	0	1
LT934125.1	79716	+	0	0	0	0	1	0
LT934125.1	79719	+	0	0	2	0	0	0
LT934125.1	79720	+	1	0	0	0	2	0
LT934125.1	79737	+	0	0	1	0	0	0
LT934125.1	79747	+	0	0	0	0	1	0
LT934125.1	79750	+	1	0	0	0	0	0
LT934125.1	79752	+	0	0	1	0	0	0
LT934125.1	79753	+	0	0	0	0	3	0
LT934125.1	79755	+	0	0	1	0	0	0
LT934125.1	79761	+	0	0	0	0	1	0
LT934125.1	79762	-	0	0	0	0	1	0
LT934125.1	79776	+	0	0	0	0	1	0
LT934125.1	79781	+	0	0	0	0	1	0
LT934125.1	79783	+	0	0	0	0	1	0
LT934125.1	79786	+	0	0	0	0	3	0
LT934125.1	79806	+	0	0	1	0	0	0
LT934125.1	79807	+	0	0	1	0	0	0
LT934125.1	79810	+	0	0	0	0	1	0
LT934125.1	79814	+	0	0	0	0	1	0
LT934125.1	79830	+	0	0	1	0	0	0
LT934125.1	79831	+	0	0	0	0	2	0
LT934125.1	79836	+	0	0	0	0	1	0
LT934125.1	79844	-	0	0	0	0	3	0
LT934125.1	79858	+	0	0	0	0	1	0
LT934125.1	79865	+	0	0	1	0	0	0
LT934125.1	79872	+	0	0	2	0	0	0
LT934125.1	79877	-	0	0	1	0	0	0
LT934125.1	79889	+	0	0	0	0	1	0
LT934125.1	79891	+	0	0	0	0	3	0
LT934125.1	79892	-	0	0	0	0	1	0
LT934125.1	79899	-	1	0	0	0	0	0
LT934125.1	79925	+	0	0	0	0	1	0
LT934125.1	79928	+	0	0	0	0	1	0
LT934125.1	79933	+	0	0	0	0	1	0
LT934125.1	79937	+	0	0	0	0	5	0
LT934125.1	79937	-	0	0	1	0	0	0
LT934125.1	79939	+	0	0	0	0	4	0
LT934125.1	79948	+	1	0	0	0	0	0
LT934125.1	79955	-	1	0	0	0	0	0
LT934125.1	79962	+	0	0	0	0	1	0
LT934125.1	79963	+	0	0	0	0	2	0
LT934125.1	79993	+	0	0	0	0	1	0
LT934125.1	79998	+	0	0	0	0	1	0
LT934125.1	80001	+	0	0	0	0	1	0
LT934125.1	80008	+	0	0	0	0	1	0
LT934125.1	80010	+	1	0	0	0	0	0
LT934125.1	80012	+	0	0	1	0	0	0
LT934125.1	80050	-	1	0	0	0	0	0
LT934125.1	80186	+	1	0	0	0	1	0
LT934125.1	80189	+	0	0	0	0	1	0
LT934125.1	80190	+	0	0	1	0	0	0
LT934125.1	80192	+	0	0	0	0	1	0
LT934125.1	80193	+	1	0	0	0	4	0
LT934125.1	80203	+	0	0	0	0	2	0
LT934125.1	80204	+	0	0	0	0	1	0
LT934125.1	80205	+	0	0	0	0	3	0
LT934125.1	80217	+	0	0	0	0	1	0
LT934125.1	80219	+	0	0	0	0	1	0
LT934125.1	80227	+	0	0	0	0	1	0
LT934125.1	80228	+	0	0	0	0	3	0
LT934125.1	80229	+	0	0	0	0	1	0
LT934125.1	80238	-	1	0	0	0	0	0
LT934125.1	80239	-	0	0	0	0	1	0
LT934125.1	80242	+	0	0	0	0	1	0
LT934125.1	80243	+	0	0	0	0	3	0
LT934125.1	80270	+	1	0	0	0	0	0
LT934125.1	80285	+	0	0	0	0	1	0
LT934125.1	80307	+	0	0	1	0	0	0
LT934125.1	80338	+	0	0	0	1	1	0
LT934125.1	80367	+	0	0	0	0	1	0
LT934125.1	80368	+	0	0	0	0	1	0
LT934125.1	80376	+	0	0	0	1	0	0
LT934125.1	80400	+	0	0	0	0	1	0
LT934125.1	80403	+	0	0	0	0	1	1
LT934125.1	80412	+	0	0	1	0	0	0
LT934125.1	80415	+	0	0	1	0	0	0
LT934125.1	80420	-	0	0	1	0	0	0
LT934125.1	80427	+	0	0	2	0	0	0
LT934125.1	80428	-	0	0	0	0	1	0
LT934125.1	80429	-	0	0	1	0	0	0
LT934125.1	80430	+	0	0	0	0	1	0
LT934125.1	80443	+	0	0	1	0	1	0
LT934125.1	80470	+	0	0	1	0	0	0
LT934125.1	80476	+	0	0	0	0	2	0
LT934125.1	80479	+	0	0	0	0	1	0
LT934125.1	80480	+	0	0	0	0	3	0
LT934125.1	80481	+	0	0	0	0	1	0
LT934125.1	80593	+	0	0	0	0	1	0
LT934125.1	80610	-	0	0	0	0	1	0
LT934125.1	80621	-	0	0	2	0	0	0
LT934125.1	80627	+	0	0	0	0	1	0
LT934125.1	80633	-	1	0	0	0	0	0
LT934125.1	80636	-	0	0	1	0	0	0
LT934125.1	80645	-	1	0	0	0	1	0
LT934125.1	80652	-	0	0	1	0	0	0
LT934125.1	80654	-	1	0	0	0	0	0
LT934125.1	80655	-	0	0	0	0	8	0
LT934125.1	80656	-	0	0	1	0	0	0
LT934125.1	80667	+	0	0	1	0	0	0
LT934125.1	80670	+	0	0	1	0	0	0
LT934125.1	80678	-	1	0	0	0	0	0
LT934125.1	80686	-	0	0	1	0	0	0
LT934125.1	80690	+	0	0	1	0	0	0
LT934125.1	80699	-	1	0	1	0	1	0
LT934125.1	80700	-	0	0	0	0	2	0
LT934125.1	80703	-	0	0	1	0	0	0
LT934125.1	80711	-	1	0	1	0	0	0
LT934125.1	80729	+	1	0	0	0	0	0
LT934125.1	80735	-	0	0	0	0	1	0
LT934125.1	80738	-	0	0	0	0	1	0
LT934125.1	80742	-	0	0	0	0	1	0
LT934125.1	80749	-	1	0	0	0	0	0
LT934125.1	80750	-	1	0	0	0	1	0
LT934125.1	80751	-	0	0	1	0	0	0
LT934125.1	80766	-	0	0	1	0	0	0
LT934125.1	80778	-	0	0	0	0	1	0
LT934125.1	80780	-	0	0	1	0	0	0
LT934125.1	80785	-	1	0	0	0	0	0
LT934125.1	80794	-	0	0	0	0	2	0
LT934125.1	80799	-	0	0	1	0	0	0
LT934125.1	80800	-	0	0	0	0	1	0
LT934125.1	80825	-	0	0	1	0	0	0
LT934125.1	80828	-	0	0	0	0	2	0
LT934125.1	80831	-	0	0	0	0	1	0
LT934125.1	80832	-	0	0	1	0	0	0
LT934125.1	80835	-	2	0	0	0	0	0
LT934125.1	80836	-	0	0	0	0	1	0
LT934125.1	80837	-	0	0	0	0	1	0
LT934125.1	80842	-	1	0	1	0	1	0
LT934125.1	80846	-	0	0	1	0	0	0
LT934125.1	80848	-	0	0	1	0	0	0
LT934125.1	80850	+	0	0	1	0	0	0
LT934125.1	80850	-	0	0	1	0	0	0
LT934125.1	80858	-	2	0	3	0	0	0
LT934125.1	80868	-	0	0	1	0	0	0
LT934125.1	80880	+	0	0	0	0	1	0
LT934125.1	80889	-	4	0	0	0	2	0
LT934125.1	80890	-	0	0	0	0	1	0
LT934125.1	80896	-	0	0	1	0	0	0
LT934125.1	80897	-	1	0	0	0	0	0
LT934125.1	80900	-	0	0	0	0	0	1
LT934125.1	80901	-	0	0	1	0	0	0
LT934125.1	80903	-	4	0	1	0	0	0
LT934125.1	80906	-	0	0	1	0	1	0
LT934125.1	80911	-	1	0	0	0	1	0
LT934125.1	80912	-	0	0	1	0	0	0
LT934125.1	80915	-	0	0	0	0	1	0
LT934125.1	80916	-	0	0	1	0	0	0
LT934125.1	80922	-	0	0	1	0	0	0
LT934125.1	80927	-	0	0	1	0	0	0
LT934125.1	80939	-	0	0	1	0	0	0
LT934125.1	80946	+	0	0	1	0	0	0
LT934125.1	80947	-	1	0	0	0	0	0
LT934125.1	80952	-	0	0	0	0	1	0
LT934125.1	80955	-	0	0	1	0	0	0
LT934125.1	80958	-	2	0	2	0	0	0
LT934125.1	80964	-	0	0	0	0	1	0
LT934125.1	80965	-	0	0	1	0	0	1
LT934125.1	80966	-	1	0	2	0	0	0
LT934125.1	80967	-	0	0	0	0	2	0
LT934125.1	80968	-	1	0	0	0	0	0
LT934125.1	80975	-	0	0	0	0	1	0
LT934125.1	80981	-	0	0	1	0	0	0
LT934125.1	80982	-	1	0	0	0	0	0
LT934125.1	80996	-	1	0	0	0	0	0
LT934125.1	81003	-	0	0	0	0	0	1
LT934125.1	81005	-	0	0	0	0	2	0
LT934125.1	81007	-	6	0	0	0	4	0
LT934125.1	81008	-	0	0	5	0	0	0
LT934125.1	81010	-	0	0	0	0	1	0
LT934125.1	81011	-	0	0	1	0	0	0
LT934125.1	81015	-	0	0	1	0	0	0
LT934125.1	81029	+	0	0	0	0	1	0
LT934125.1	81033	-	1	0	3	0	0	0
LT934125.1	81044	+	0	0	0	0	1	0
LT934125.1	81063	+	0	0	0	0	1	0
LT934125.1	81070	-	0	0	0	0	1	0
LT934125.1	81074	-	1	0	0	0	0	0
LT934125.1	81077	-	0	0	1	0	0	0
LT934125.1	81079	-	0	0	0	0	1	0
LT934125.1	81080	-	1	0	0	0	0	0
LT934125.1	81081	+	3	1	12	1	4	2
LT934125.1	81082	+	5	4	27	2	29	24
LT934125.1	81085	-	1	0	0	0	1	0
LT934125.1	81086	-	0	0	6	0	0	0
LT934125.1	81087	-	13	0	1	0	0	0
LT934125.1	81088	-	0	0	0	0	2	0
LT934125.1	81089	-	0	0	0	0	1	0
LT934125.1	81090	+	0	0	1	0	0	0
LT934125.1	81093	-	1	0	0	0	0	0
LT934125.1	81111	-	1	0	0	0	0	0
LT934125.1	81114	-	0	0	0	0	1	0
LT934125.1	81118	-	0	0	0	0	1	0
LT934125.1	81120	-	0	0	1	0	0	0
LT934125.1	81135	+	0	0	0	0	0	1
LT934125.1	81135	-	0	0	0	0	3	0
LT934125.1	81146	-	0	0	1	0	0	0
LT934125.1	81153	-	0	0	1	0	0	0
LT934125.1	81159	-	0	0	0	0	1	0
LT934125.1	81161	-	1	0	3	0	0	0
LT934125.1	81163	-	0	0	0	0	5	0
LT934125.1	81166	+	1	0	0	0	0	0
LT934125.1	81169	-	0	0	0	0	1	0
LT934125.1	81172	-	0	0	1	0	0	0
LT934125.1	81180	-	0	0	2	0	0	0
LT934125.1	81181	+	1	0	0	0	0	0
LT934125.1	81182	-	0	0	0	0	1	0
LT934125.1	81184	+	0	0	1	0	0	0
LT934125.1	81198	+	1	0	0	0	0	0
LT934125.1	81200	-	0	0	1	0	0	0
LT934125.1	81212	-	1	0	0	0	0	0
LT934125.1	81219	-	0	0	0	0	2	0
LT934125.1	81220	-	1	0	0	0	0	0
LT934125.1	81229	-	0	0	2	0	0	0
LT934125.1	81230	-	0	0	0	0	1	0
LT934125.1	81232	-	1	0	0	0	0	0
LT934125.1	81237	-	0	0	0	0	1	0
LT934125.1	81241	-	1	0	1	0	0	0
LT934125.1	81244	-	0	0	0	0	1	0
LT934125.1	81245	-	2	0	0	0	1	1
LT934125.1	81246	-	0	0	2	0	0	0
LT934125.1	81247	-	1	0	1	0	0	0
LT934125.1	81255	-	0	0	1	0	0	0
LT934125.1	81257	-	0	0	1	0	0	0
LT934125.1	81268	-	0	0	1	0	0	0
LT934125.1	81274	-	0	0	1	0	0	0
LT934125.1	81276	-	0	0	1	0	0	0
LT934125.1	81279	-	0	0	0	0	1	0
LT934125.1	81317	+	1	0	0	0	1	0
LT934125.1	81333	-	0	0	0	0	1	0
LT934125.1	81344	-	0	0	1	0	0	0
LT934125.1	81362	-	0	0	0	0	1	0
LT934125.1	81365	+	0	0	0	0	1	0
LT934125.1	81365	-	3	0	1	0	0	1
LT934125.1	81366	-	0	0	0	0	10	0
LT934125.1	81367	-	0	0	0	0	1	0
LT934125.1	81383	-	0	0	1	0	1	0
LT934125.1	81387	+	0	0	0	0	1	0
LT934125.1	81387	-	0	0	0	0	1	0
LT934125.1	81388	+	0	0	0	0	1	0
LT934125.1	81389	-	0	0	0	0	2	0
LT934125.1	81398	-	0	0	1	0	0	0
LT934125.1	81400	-	0	0	0	0	1	0
LT934125.1	81404	-	0	0	1	0	2	0
LT934125.1	81409	+	0	0	2	0	0	0
LT934125.1	81423	-	0	0	0	0	1	0
LT934125.1	81424	-	0	0	0	0	2	0
LT934125.1	81426	-	1	0	0	0	3	0
LT934125.1	81427	-	9	0	3	0	21	2
LT934125.1	81428	-	0	0	13	1	3	0
LT934125.1	81431	-	0	0	1	0	0	0
LT934125.1	81434	-	0	0	0	0	1	0
LT934125.1	81442	+	0	0	0	0	1	0
LT934125.1	81465	-	0	0	0	0	1	0
LT934125.1	81468	-	0	0	0	0	1	0
LT934125.1	81473	-	0	0	1	0	0	0
LT934125.1	81476	-	0	0	0	0	1	0
LT934125.1	81480	+	1	0	1	0	2	0
LT934125.1	81481	+	1	0	0	0	3	1
LT934125.1	81481	-	0	0	1	0	0	0
LT934125.1	81489	-	0	0	0	0	2	0
LT934125.1	81490	-	0	0	2	0	13	1
LT934125.1	81491	-	14	0	26	0	1	3
LT934125.1	81492	-	0	0	0	0	20	0
LT934125.1	81493	-	7	0	0	1	0	0
LT934125.1	81495	-	0	0	0	0	1	0
LT934125.1	81497	-	1	0	0	0	1	0
LT934125.1	81498	-	0	0	1	0	1	0
LT934125.1	81504	-	1	0	0	0	0	0
LT934125.1	81507	-	0	0	0	0	2	0
LT934125.1	81515	-	0	0	0	0	1	0
LT934125.1	81524	-	0	0	4	0	0	0
LT934125.1	81526	-	0	0	0	0	4	0
LT934125.1	81527	-	2	0	0	0	7	0
LT934125.1	81528	+	0	0	0	0	1	0
LT934125.1	81528	-	0	0	6	0	0	0
LT934125.1	81529	+	0	0	0	0	1	0
LT934125.1	81532	-	0	0	0	0	1	0
LT934125.1	81534	-	0	0	0	0	1	0
LT934125.1	81539	-	0	0	0	0	1	0
LT934125.1	81543	-	1	0	0	0	2	0
LT934125.1	81544	-	0	0	2	0	0	0
LT934125.1	81545	-	2	0	0	0	0	0
LT934125.1	81547	-	1	0	0	0	0	0
LT934125.1	81549	-	0	0	1	0	0	0
LT934125.1	81551	-	0	0	1	0	0	0
LT934125.1	81561	-	0	0	1	0	0	0
LT934125.1	81563	-	1	0	10	0	0	0
LT934125.1	81565	-	0	0	0	0	22	0
LT934125.1	81566	-	0	0	0	0	1	0
LT934125.1	81575	-	0	0	0	0	2	0
LT934125.1	81576	-	1	0	0	0	0	1
LT934125.1	81578	-	0	0	0	0	1	0
LT934125.1	81581	-	0	0	1	0	0	0
LT934125.1	81585	-	1	0	0	0	0	0
LT934125.1	81608	-	3	0	0	0	4	0
LT934125.1	81609	-	1	0	1	0	1	0
LT934125.1	81611	-	0	0	0	0	2	0
LT934125.1	81620	-	1	0	0	0	0	0
LT934125.1	81621	-	0	0	0	0	2	0
LT934125.1	81623	-	0	0	1	0	0	0
LT934125.1	81627	-	0	0	0	0	2	0
LT934125.1	81628	-	1	0	0	0	0	0
LT934125.1	81645	-	1	0	0	0	0	0
LT934125.1	81648	-	2	0	0	0	2	0
LT934125.1	81649	-	0	0	1	0	1	0
LT934125.1	81651	-	0	0	0	0	1	0
LT934125.1	81654	-	0	0	1	0	1	0
LT934125.1	81659	-	0	0	0	0	1	0
LT934125.1	81669	-	0	0	0	0	1	0
LT934125.1	81670	-	2	0	1	0	0	0
LT934125.1	81671	-	0	0	0	0	2	0
LT934125.1	81672	-	1	0	0	0	0	0
LT934125.1	81686	-	6	1	0	0	11	0
LT934125.1	81687	-	0	0	8	2	0	0
LT934125.1	81688	-	0	0	1	0	1	0
LT934125.1	81689	-	0	0	0	0	0	2
LT934125.1	81696	+	1	0	0	0	0	0
LT934125.1	81699	+	0	0	0	0	1	0
LT934125.1	81707	-	0	0	5	0	0	1
LT934125.1	81708	-	0	0	0	0	17	0
LT934125.1	81709	-	2	0	0	0	1	0
LT934125.1	81710	-	1	0	0	0	0	0
LT934125.1	81711	-	0	0	1	0	0	0
LT934125.1	81713	-	0	0	0	0	1	0
LT934125.1	81723	-	0	0	0	0	2	0
LT934125.1	81725	-	2	0	0	0	3	0
LT934125.1	81727	-	0	0	1	0	2	0
LT934125.1	81728	-	0	0	1	0	0	0
LT934125.1	81729	-	0	0	0	0	2	0
LT934125.1	81730	-	1	0	0	0	0	0
LT934125.1	81738	-	1	0	2	0	0	0
LT934125.1	81739	-	0	0	0	0	4	0
LT934125.1	81745	-	2	0	1	0	0	0
LT934125.1	81746	-	0	0	0	0	5	0
LT934125.1	81749	-	0	0	0	0	1	0
LT934125.1	81750	-	0	0	1	0	0	0
LT934125.1	81759	+	0	0	0	0	1	0
LT934125.1	81766	-	0	0	0	0	1	0
LT934125.1	81773	-	0	0	1	1	0	3
LT934125.1	81775	-	0	0	0	0	1	0
LT934125.1	81776	-	0	0	0	0	16	0
LT934125.1	81777	-	0	0	1	0	2	1
LT934125.1	81782	-	0	0	0	0	2	0
LT934125.1	81788	-	0	0	1	0	0	0
LT934125.1	81794	-	0	0	0	0	1	0
LT934125.1	81795	-	0	0	0	0	1	0
LT934125.1	81798	-	0	0	1	0	1	0
LT934125.1	81799	-	0	0	0	0	1	0
LT934125.1	81800	-	1	0	0	0	4	0
LT934125.1	81801	-	0	0	1	0	2	0
LT934125.1	81802	-	0	0	2	0	2	0
LT934125.1	81803	-	4	0	12	0	26	0
LT934125.1	81804	-	484	5	625	7	1420	43
LT934125.1	81805	-	388	8	567	7	1717	32
LT934125.1	81806	-	69	0	173	3	1221	22
LT934125.1	81807	-	0	0	1	0	5	0
LT934125.1	81808	-	9	1	33	2	221	6
LT934125.1	81809	-	0	0	1	0	0	0
LT934125.1	81810	-	13	0	56	3	330	18
LT934125.1	81811	-	0	0	1	0	0	0
LT934125.1	81812	-	0	0	0	0	30	6
LT934125.1	81813	-	0	0	6	0	0	1
LT934125.1	81814	-	0	0	0	0	4	0
LT934125.1	81815	-	1	0	0	1	0	0
LT934125.1	81821	-	0	0	2	0	0	1
LT934125.1	81822	-	0	0	1	0	0	0
LT934125.1	81828	-	0	0	1	0	0	0
LT934125.1	81829	+	0	0	0	0	3	0
LT934125.1	81831	-	0	0	0	0	0	1
LT934125.1	81834	-	0	0	4	0	7	1
LT934125.1	81836	-	1	0	8	0	3	3
LT934125.1	81837	+	1	0	0	0	0	0
LT934125.1	81837	-	0	0	0	0	1	0
LT934125.1	81838	-	0	0	0	0	1	0
LT934125.1	81840	-	12	0	1	0	10	0
LT934125.1	81842	-	1	0	2	0	6	2
LT934125.1	81848	-	0	0	0	0	1	0
LT934125.1	81854	-	0	0	0	0	0	1
LT934125.1	81856	-	0	0	0	0	0	1
LT934125.1	81862	-	0	0	0	0	3	1
LT934125.1	81863	+	0	0	0	0	2	0
LT934125.1	81870	-	0	0	1	0	1	0
LT934125.1	81872	-	0	0	0	0	0	1
LT934125.1	81874	-	0	0	0	0	0	1
LT934125.1	81877	-	0	0	1	0	0	0
LT934125.1	81879	-	0	0	0	0	0	1
LT934125.1	81881	-	0	0	0	1	0	1
LT934125.1	81884	-	0	0	0	0	0	1
LT934125.1	81886	-	1	0	0	0	0	0
LT934125.1	81887	-	0	0	0	0	0	1
LT934125.1	81889	-	0	0	4	0	15	10
LT934125.1	81890	-	0	0	0	0	1	0
LT934125.1	81893	-	3	0	12	1	15	7
LT934125.1	81894	-	0	0	1	0	1	0
LT934125.1	81897	-	5	0	12	0	18	1
LT934125.1	81898	-	0	0	0	0	1	0
LT934125.1	81900	-	1	0	0	0	0	9
LT934125.1	81902	-	0	0	2	0	0	0
LT934125.1	81911	-	0	0	0	0	1	0
LT934125.1	81915	+	0	0	1	0	0	0
LT934125.1	81917	-	0	0	1	0	1	0
LT934125.1	81920	-	1	0	1	0	0	0
LT934125.1	81936	-	0	0	0	0	1	0
LT934125.1	81960	-	0	0	0	0	1	0
LT934125.1	81961	-	0	0	0	0	1	0
LT934125.1	81971	+	0	0	1	0	0	0
LT934125.1	81972	+	0	0	0	0	1	0
LT934125.1	81975	+	0	0	0	0	1	0
LT934125.1	81978	+	0	0	0	0	1	0
LT934125.1	81981	-	0	0	1	0	1	0
LT934125.1	81987	+	1	0	0	0	0	0
LT934125.1	82000	+	0	0	0	0	1	0
LT934125.1	82010	-	1	0	0	0	0	0
LT934125.1	82012	-	0	0	0	0	1	0
LT934125.1	82018	-	0	0	0	0	1	0
LT934125.1	82020	-	0	0	1	0	1	0
LT934125.1	82023	-	0	0	5	0	10	0
LT934125.1	82024	-	2	0	0	0	5	0
LT934125.1	82026	-	0	0	1	0	8	0
LT934125.1	82047	+	0	0	0	0	0	1
LT934125.1	82048	+	0	0	0	0	0	1
LT934125.1	82051	+	0	0	0	0	1	0
LT934125.1	82057	-	1	0	0	0	0	0
LT934125.1	82076	-	2	0	0	0	0	0
LT934125.1	82095	+	0	0	0	0	1	0
LT934125.1	82100	+	1	0	0	0	0	0
LT934125.1	82139	-	0	0	2	0	0	0
LT934125.1	82142	+	0	0	1	0	0	0
LT934125.1	82179	-	0	0	1	0	0	0
LT934125.1	82203	-	0	0	0	0	0	1
LT934125.1	82212	-	0	0	0	0	0	1
LT934125.1	82213	-	0	0	1	0	0	0
LT934125.1	82221	-	0	0	0	0	1	0
LT934125.1	82256	-	0	0	1	0	0	0
LT934125.1	82324	-	0	0	1	0	1	0
LT934125.1	82327	-	0	0	0	0	1	0
LT934125.1	82329	-	0	0	1	0	0	0
LT934125.1	82384	+	0	1	0	0	0	0
LT934125.1	82403	+	0	0	0	0	1	0
LT934125.1	82426	+	0	1	0	0	0	0
LT934125.1	82433	-	1	0	0	0	0	0
LT934125.1	82436	+	0	0	0	1	0	0
LT934125.1	82468	+	1	0	0	0	0	0
LT934125.1	82470	+	0	0	0	0	1	0
LT934125.1	82471	+	0	0	0	0	1	2
LT934125.1	82473	-	0	0	1	0	0	0
LT934125.1	82474	+	0	0	1	0	0	0
LT934125.1	82476	+	0	0	3	0	0	0
LT934125.1	82478	+	0	0	3	0	0	0
LT934125.1	82479	+	0	0	1	0	1	0
LT934125.1	82483	+	0	0	1	0	0	0
LT934125.1	82509	+	0	0	1	0	2	0
LT934125.1	82518	-	0	0	0	0	1	0
LT934125.1	82560	+	0	0	0	0	0	1
LT934125.1	82566	+	1	0	0	0	0	0
LT934125.1	82647	-	0	0	0	0	1	0
LT934125.1	82654	+	0	0	0	0	1	0
LT934125.1	82678	+	0	0	1	0	0	0
LT934125.1	82717	+	0	0	0	0	1	0
LT934125.1	82719	+	0	0	0	0	1	0
LT934125.1	82733	+	0	0	0	0	1	0
LT934125.1	82743	+	0	0	0	0	0	1
LT934125.1	82745	+	0	0	0	0	0	1
LT934125.1	82807	+	0	0	0	0	1	0
LT934125.1	82812	-	1	0	0	0	0	0
LT934125.1	82815	-	0	0	1	0	0	0
LT934125.1	82820	-	0	0	1	0	0	0
LT934125.1	82896	+	0	0	0	0	0	1
LT934125.1	82907	+	0	0	0	0	1	0
LT934125.1	82915	-	0	0	0	0	1	0
LT934125.1	82930	+	0	0	0	0	1	0
LT934125.1	82940	+	0	0	1	0	0	0
LT934125.1	82990	+	0	0	0	0	1	0
LT934125.1	83034	+	0	0	1	0	0	0
LT934125.1	83048	-	0	0	0	0	1	0
LT934125.1	83081	-	0	0	0	0	1	0
LT934125.1	83100	-	0	0	1	0	0	0
LT934125.1	83103	-	0	0	2	0	2	0
LT934125.1	83104	-	0	0	0	0	1	0
LT934125.1	83131	+	0	0	1	0	0	1
LT934125.1	83159	+	0	0	0	0	1	0
LT934125.1	83200	-	0	0	0	0	2	0
LT934125.1	83202	-	0	0	2	0	8	1
LT934125.1	83205	-	1	0	0	0	3	0
LT934125.1	83225	-	1	0	0	0	0	0
LT934125.1	83233	-	0	0	1	0	0	0
LT934125.1	83259	-	0	0	1	0	0	0
LT934125.1	83267	-	0	0	1	0	0	0
LT934125.1	83286	-	0	1	0	0	0	0
LT934125.1	83293	-	0	0	0	0	1	0
LT934125.1	83345	+	0	0	0	0	1	0
LT934125.1	83363	+	0	0	0	0	1	0
LT934125.1	83498	+	0	0	0	0	1	0
LT934125.1	83578	+	1	0	0	0	0	0
LT934125.1	83713	-	1	0	0	0	0	0
LT934125.1	83730	-	0	0	0	0	1	0
LT934125.1	83752	+	1	0	0	0	0	0
LT934125.1	83770	+	0	0	0	0	1	0
LT934125.1	83792	+	1	0	0	1	2	0
LT934125.1	83814	-	0	0	0	0	1	0
LT934125.1	83854	+	0	0	0	0	1	0
LT934125.1	83871	-	0	0	0	0	1	0
LT934125.1	83891	+	0	0	0	0	1	0
LT934125.1	83906	-	0	0	0	0	1	0
LT934125.1	83926	-	0	0	0	0	4	0
LT934125.1	83953	-	0	0	0	0	1	0
LT934125.1	83973	+	0	0	0	0	5	0
LT934125.1	83974	+	0	0	0	0	1	0
LT934125.1	83975	+	0	0	2	0	11	0
LT934125.1	83976	+	0	0	0	0	1	0
LT934125.1	83976	-	0	0	0	0	1	0
LT934125.1	83977	+	0	0	1	0	0	0
LT934125.1	83978	+	0	0	5	0	17	4
LT934125.1	83979	+	0	0	0	0	1	1
LT934125.1	83980	+	0	0	0	0	2	1
LT934125.1	83982	+	0	0	0	0	0	1
LT934125.1	84009	-	0	0	0	0	1	0
LT934125.1	84046	+	0	0	0	0	1	0
LT934125.1	84060	-	0	0	0	0	1	0
LT934125.1	84066	+	0	0	0	0	1	0
LT934125.1	84185	+	0	0	0	0	1	0
LT934125.1	84206	+	0	0	0	0	1	0
LT934125.1	84225	+	0	0	0	0	1	0
LT934125.1	84445	-	0	0	0	0	1	0
LT934125.1	84470	-	0	0	1	0	0	0
LT934125.1	84476	-	1	0	0	0	0	0
LT934125.1	84500	-	0	0	1	0	0	0
LT934125.1	84518	-	1	0	0	0	0	0
LT934125.1	84582	+	0	0	0	0	1	0
LT934125.1	84600	-	0	0	0	0	1	0
LT934125.1	84619	+	0	0	0	0	0	1
LT934125.1	84619	-	0	0	1	0	0	0
LT934125.1	84645	+	0	0	1	0	0	0
LT934125.1	84701	+	0	0	0	0	0	1
LT934125.1	84711	-	0	0	0	0	2	0
LT934125.1	84732	+	2	0	0	0	0	0
LT934125.1	84768	+	0	0	0	0	1	0
LT934125.1	84774	+	0	0	0	0	1	0
LT934125.1	84775	+	0	0	0	0	0	1
LT934125.1	84804	+	0	0	1	0	0	0
LT934125.1	84837	+	0	0	1	0	0	0
LT934125.1	84850	+	0	0	1	0	0	0
LT934125.1	84897	+	0	0	1	0	0	0
LT934125.1	84957	+	0	0	0	0	1	0
LT934125.1	84960	-	0	0	0	0	1	0
LT934125.1	84963	-	1	0	0	0	0	0
LT934125.1	84990	+	0	0	0	0	3	0
LT934125.1	84995	+	0	0	0	0	1	0
LT934125.1	85064	+	0	0	0	0	0	1
LT934125.1	85089	+	1	0	0	0	0	1
LT934125.1	85104	+	0	0	0	0	1	0
LT934125.1	85150	+	0	0	0	0	1	0
LT934125.1	85196	+	1	0	0	0	0	0
LT934125.1	85250	-	0	0	0	0	1	0
LT934125.1	85270	+	0	0	0	0	1	0
LT934125.1	85271	+	0	0	0	0	1	0
LT934125.1	85275	-	0	0	0	0	1	0
LT934125.1	85330	+	0	0	0	0	1	0
LT934125.1	85338	-	0	0	0	0	1	0
LT934125.1	85407	+	0	0	0	0	1	0
LT934125.1	85422	+	0	0	1	0	0	0
LT934125.1	85448	-	0	0	0	0	1	0
LT934125.1	85462	+	0	0	0	0	1	1
LT934125.1	85463	+	0	0	0	0	1	0
LT934125.1	85473	+	0	0	0	0	2	0
LT934125.1	85476	+	0	0	0	0	1	0
LT934125.1	85480	-	0	0	0	0	1	0
LT934125.1	85489	+	0	0	0	0	1	0
LT934125.1	85492	+	0	0	0	1	0	0
LT934125.1	85494	+	0	0	0	0	0	1
LT934125.1	85503	+	0	0	0	0	1	0
LT934125.1	85507	+	0	0	0	0	1	0
LT934125.1	85553	+	0	0	1	0	0	0
LT934125.1	85564	+	0	0	0	0	1	0
LT934125.1	85581	+	0	0	0	0	0	1
LT934125.1	85590	+	0	0	1	0	0	0
LT934125.1	85598	+	0	0	1	0	0	0
LT934125.1	85604	-	0	0	0	0	1	0
LT934125.1	85609	+	0	0	0	0	1	0
LT934125.1	85627	-	0	0	0	0	1	0
LT934125.1	85654	-	0	0	0	0	2	0
LT934125.1	85656	-	0	0	0	0	15	0
LT934125.1	85671	+	0	0	0	0	1	0
LT934125.1	85677	+	0	0	0	0	1	0
LT934125.1	85704	+	0	0	1	0	0	0
LT934125.1	85705	-	0	0	0	0	1	0
LT934125.1	85707	+	0	0	0	0	0	1
LT934125.1	85716	+	0	0	1	0	0	0
LT934125.1	85725	+	0	0	0	0	1	0
LT934125.1	85740	+	0	0	0	0	1	0
LT934125.1	85757	+	0	0	0	0	0	1
LT934125.1	85795	+	0	0	1	0	0	0
LT934125.1	85806	+	0	0	1	0	0	0
LT934125.1	85859	+	0	0	0	0	1	0
LT934125.1	85866	+	1	0	0	0	0	0
LT934125.1	85940	+	0	0	0	0	1	0
LT934125.1	85968	-	0	0	0	0	1	0
LT934125.1	85981	-	1	0	0	0	0	0
LT934125.1	85989	+	0	0	0	0	1	0
LT934125.1	85990	-	0	0	0	0	1	0
LT934125.1	86012	-	0	0	1	0	0	0
LT934125.1	86053	+	0	0	0	0	1	0
LT934125.1	86080	+	0	0	0	0	1	0
LT934125.1	86080	-	0	0	0	0	1	0
LT934125.1	86081	-	0	0	0	0	3	0
LT934125.1	86114	-	0	0	0	0	1	0
LT934125.1	86120	-	0	0	0	0	1	0
LT934125.1	86205	+	0	0	0	1	0	0
LT934125.1	86213	+	0	0	0	0	1	0
LT934125.1	86229	-	0	0	1	0	0	0
LT934125.1	86232	-	0	0	0	0	2	0
LT934125.1	86285	+	0	0	0	0	3	0
LT934125.1	86299	+	0	0	1	0	0	0
LT934125.1	86359	-	1	0	0	0	0	0
LT934125.1	86403	-	0	0	0	0	0	1
LT934125.1	86458	-	0	0	0	0	1	0
LT934125.1	86459	-	1	0	0	0	1	0
LT934125.1	86470	-	0	0	0	0	1	0
LT934125.1	86485	-	0	0	0	0	1	0
LT934125.1	86486	-	1	0	0	0	0	0
LT934125.1	86541	-	0	0	0	0	1	0
LT934125.1	86570	-	0	0	1	0	0	0
LT934125.1	86577	-	0	0	1	0	0	0
LT934125.1	86581	-	0	0	0	0	0	1
LT934125.1	86584	-	1	0	0	0	0	0
LT934125.1	86600	+	0	0	1	0	0	0
LT934125.1	86620	-	1	0	0	0	0	0
LT934125.1	86632	+	0	0	0	0	1	0
LT934125.1	86709	-	1	0	0	0	0	0
LT934125.1	86752	-	0	0	0	0	0	1
LT934125.1	86786	-	0	0	0	0	1	0
LT934125.1	86821	-	0	0	0	0	0	1
LT934125.1	86836	-	0	0	0	0	1	0
LT934125.1	86843	-	0	0	0	0	1	0
LT934125.1	86868	-	0	0	0	0	1	0
LT934125.1	86881	+	1	0	0	0	0	0
LT934125.1	86889	-	0	0	1	0	0	1
LT934125.1	86898	-	1	0	0	0	0	0
LT934125.1	86903	-	0	0	0	0	1	0
LT934125.1	86906	-	0	0	0	0	1	0
LT934125.1	86907	-	1	0	0	0	0	0
LT934125.1	86926	+	0	0	0	0	1	0
LT934125.1	86928	-	0	0	0	0	0	1
LT934125.1	86929	-	0	0	0	0	1	0
LT934125.1	86941	-	1	0	0	0	0	0
LT934125.1	86978	-	1	0	0	0	0	0
LT934125.1	86989	-	0	0	1	0	0	0
LT934125.1	86990	+	0	0	0	1	0	0
LT934125.1	86999	-	1	0	0	0	0	0
LT934125.1	87028	-	1	0	0	0	0	0
LT934125.1	87039	+	0	0	0	0	1	0
LT934125.1	87039	-	1	0	0	0	0	0
LT934125.1	87040	+	0	0	0	0	1	0
LT934125.1	87048	-	0	0	0	0	1	0
LT934125.1	87063	+	0	0	0	0	1	0
LT934125.1	87129	-	1	0	0	0	0	0
LT934125.1	87157	-	0	0	8	1	20	2
LT934125.1	87158	-	0	0	2	0	1	0
LT934125.1	87159	-	0	0	0	0	2	0
LT934125.1	87160	-	0	1	0	0	3	0
LT934125.1	87161	-	1	2	22	0	40	12
LT934125.1	87162	-	1	0	0	0	1	6
LT934125.1	87163	-	2	0	1	0	3	0
LT934125.1	87165	-	0	0	0	0	84	0
LT934125.1	87179	-	0	0	1	0	0	0
LT934125.1	87185	-	0	0	1	0	0	0
LT934125.1	87201	-	0	0	0	0	1	0
LT934125.1	87209	-	1	0	0	0	0	0
LT934125.1	87212	+	1	0	0	0	2	0
LT934125.1	87213	+	0	0	0	0	2	0
LT934125.1	87214	+	0	0	0	0	1	0
LT934125.1	87215	+	0	0	0	0	2	0
LT934125.1	87216	+	1	0	0	0	4	0
LT934125.1	87224	-	0	0	0	0	1	0
LT934125.1	87250	-	0	0	1	0	0	0
LT934125.1	87251	+	0	0	0	0	1	0
LT934125.1	87251	-	0	0	0	0	2	0
LT934125.1	87253	-	0	0	1	0	1	0
LT934125.1	87267	-	0	0	1	0	0	0
LT934125.1	87284	-	0	0	0	0	1	0
LT934125.1	87331	-	0	0	0	0	1	0
LT934125.1	87339	-	0	0	0	0	2	0
LT934125.1	87344	+	0	0	0	0	0	1
LT934125.1	87357	-	0	0	1	0	0	0
LT934125.1	87358	-	0	0	0	0	1	0
LT934125.1	87389	-	0	0	0	0	1	0
LT934125.1	87415	-	0	0	0	0	0	1
LT934125.1	87436	-	0	0	0	0	1	0
LT934125.1	87446	-	0	0	0	0	0	1
LT934125.1	87447	-	1	0	0	0	4	2
LT934125.1	87448	-	0	0	0	0	0	1
LT934125.1	87449	-	0	0	0	0	1	0
LT934125.1	87454	-	0	0	0	0	1	0
LT934125.1	87503	-	0	0	0	0	1	0
LT934125.1	87519	-	0	0	1	0	0	0
LT934125.1	87663	+	0	0	0	0	1	0
LT934125.1	87680	-	1	0	0	0	0	0
LT934125.1	87692	-	0	0	0	0	1	0
LT934125.1	87713	+	0	0	0	0	1	0
LT934125.1	87725	-	0	0	1	0	0	0
LT934125.1	87726	-	0	0	0	0	0	1
LT934125.1	87728	+	0	0	1	0	0	0
LT934125.1	87732	+	1	0	0	0	0	0
LT934125.1	87737	+	0	0	0	0	2	0
LT934125.1	87773	-	0	0	1	0	0	0
LT934125.1	87812	-	0	0	1	0	0	0
LT934125.1	87841	-	0	0	1	0	0	0
LT934125.1	87862	-	0	0	0	0	1	0
LT934125.1	87864	-	0	0	0	0	2	0
LT934125.1	87883	-	0	0	0	0	0	1
LT934125.1	87907	-	0	0	0	0	1	0
LT934125.1	87956	-	1	0	0	0	0	0
LT934125.1	87977	-	1	0	0	0	0	0
LT934125.1	87993	+	0	0	1	0	0	0
LT934125.1	87999	-	0	0	0	0	1	0
LT934125.1	88003	-	0	0	2	0	1	1
LT934125.1	88009	-	0	0	0	0	1	0
LT934125.1	88018	-	0	0	0	0	1	0
LT934125.1	88057	+	0	0	1	0	1	1
LT934125.1	88058	+	0	0	0	0	1	0
LT934125.1	88064	-	0	0	1	0	0	0
LT934125.1	88103	-	0	0	0	0	1	0
LT934125.1	88104	-	0	0	0	0	1	0
LT934125.1	88138	-	0	0	1	0	0	0
LT934125.1	88147	-	0	0	0	0	1	0
LT934125.1	88155	+	0	0	1	0	0	0
LT934125.1	88159	+	0	0	0	0	1	0
LT934125.1	88186	-	0	0	0	0	1	0
LT934125.1	88244	-	0	0	0	0	1	0
LT934125.1	88253	+	0	0	0	0	0	1
LT934125.1	88275	-	0	0	0	0	1	0
LT934125.1	88283	-	0	0	1	0	0	0
LT934125.1	88312	-	0	0	0	0	1	0
LT934125.1	88336	+	0	0	0	0	1	0
LT934125.1	88341	-	0	0	1	0	0	0
LT934125.1	88388	-	0	0	1	0	0	0
LT934125.1	88393	-	0	0	0	0	1	0
LT934125.1	88398	+	0	0	1	0	0	0
LT934125.1	88454	+	0	0	0	1	0	0
LT934125.1	88471	-	1	0	0	0	0	0
LT934125.1	88472	+	0	0	0	0	0	1
LT934125.1	88475	+	0	0	0	0	2	0
LT934125.1	88478	+	0	0	0	0	1	0
LT934125.1	88499	-	0	0	0	0	1	0
LT934125.1	88530	+	0	0	0	0	1	1
LT934125.1	88550	-	0	0	0	0	1	0
LT934125.1	88555	+	0	1	0	0	0	0
LT934125.1	88555	-	0	0	0	1	0	0
LT934125.1	88559	+	0	0	1	0	0	0
LT934125.1	88597	-	0	0	0	0	1	0
LT934125.1	88602	-	0	0	0	0	2	0
LT934125.1	88611	+	0	0	0	0	1	0
LT934125.1	88645	-	0	0	1	0	0	0
LT934125.1	88648	+	0	0	1	0	0	0
LT934125.1	88655	-	0	0	0	0	2	0
LT934125.1	88664	-	0	0	0	0	1	0
LT934125.1	88716	-	0	0	1	0	1	0
LT934125.1	88740	+	0	0	0	0	1	0
LT934125.1	88748	+	0	0	0	0	1	0
LT934125.1	88753	-	0	0	0	0	1	0
LT934125.1	88762	-	0	0	1	0	0	0
LT934125.1	88768	-	0	0	0	0	1	0
LT934125.1	88770	-	0	0	0	0	1	0
LT934125.1	88775	+	0	0	0	0	1	0
LT934125.1	88795	-	0	0	0	0	1	0
LT934125.1	88818	+	0	0	0	0	1	0
LT934125.1	88825	+	0	0	0	0	1	0
LT934125.1	88829	+	0	0	1	0	0	0
LT934125.1	88831	-	0	0	1	0	0	0
LT934125.1	88836	-	0	0	1	0	0	0
LT934125.1	88837	-	0	0	0	0	1	0
LT934125.1	88864	-	0	0	0	0	2	1
LT934125.1	88865	-	0	0	1	0	0	0
LT934125.1	88875	+	0	0	0	0	1	0
LT934125.1	88882	-	0	0	1	0	0	0
LT934125.1	88883	+	0	0	1	0	0	0
LT934125.1	88884	+	0	0	44	8	1	1
LT934125.1	88885	+	24	1	3	0	69	9
LT934125.1	88886	+	2	1	0	0	15	6
LT934125.1	88888	+	14	0	26	2	44	11
LT934125.1	88891	+	0	0	0	0	1	0
LT934125.1	88900	-	1	0	0	0	0	0
LT934125.1	88911	+	0	0	1	0	0	0
LT934125.1	88936	-	0	0	0	0	1	0
LT934125.1	88946	+	1	0	0	0	0	0
LT934125.1	88961	-	0	0	0	0	1	0
LT934125.1	89000	-	0	0	0	0	1	0
LT934125.1	89016	+	0	0	0	0	1	0
LT934125.1	89017	+	1	0	0	0	0	0
LT934125.1	89031	+	2	0	0	0	0	0
LT934125.1	89034	+	0	0	0	0	0	1
LT934125.1	89069	-	0	0	0	0	1	0
LT934125.1	89077	-	2	0	0	0	23	0
LT934125.1	89078	-	0	0	16	0	56	0
LT934125.1	89079	-	10	0	54	1	131	11
LT934125.1	89080	-	0	0	0	0	0	1
LT934125.1	89081	-	1	0	5	0	18	2
LT934125.1	89082	-	0	0	0	0	12	0
LT934125.1	89083	-	0	0	0	1	0	0
LT934125.1	89097	+	0	0	0	0	1	0
LT934125.1	89097	-	0	0	0	0	1	0
LT934125.1	89106	+	0	0	1	0	0	0
LT934125.1	89113	-	0	0	0	0	1	0
LT934125.1	89130	+	0	0	0	0	0	1
LT934125.1	89131	+	0	0	0	0	13	0
LT934125.1	89131	-	0	0	0	0	1	0
LT934125.1	89133	+	0	0	4	0	5	3
LT934125.1	89135	+	0	0	0	0	0	1
LT934125.1	89145	-	1	0	0	0	0	0
LT934125.1	89148	+	0	0	1	0	0	0
LT934125.1	89152	-	0	0	0	0	1	1
LT934125.1	89153	-	7	1	13	2	7	4
LT934125.1	89156	-	0	0	2	0	1	0
LT934125.1	89162	-	1	0	0	0	0	1
LT934125.1	89163	+	0	0	0	0	0	1
LT934125.1	89178	+	0	0	0	0	1	0
LT934125.1	89183	-	0	0	0	0	1	0
LT934125.1	89226	-	1	0	0	0	0	0
LT934125.1	89261	+	0	0	1	0	0	0
LT934125.1	89269	+	0	0	0	0	1	0
LT934125.1	89270	+	1	0	0	0	0	0
LT934125.1	89273	+	0	0	0	0	0	1
LT934125.1	89283	+	0	0	0	0	2	0
LT934125.1	89294	+	2	0	0	0	0	0
LT934125.1	89299	+	0	0	0	0	0	1
LT934125.1	89314	-	0	0	0	0	1	0
LT934125.1	89316	+	0	0	1	0	0	0
LT934125.1	89329	+	0	0	0	1	0	0
LT934125.1	89354	-	0	0	1	0	0	0
LT934125.1	89361	-	0	0	0	0	2	0
LT934125.1	89377	-	1	0	0	0	1	0
LT934125.1	89380	-	1	0	0	0	0	0
LT934125.1	89381	+	0	0	1	0	0	0
LT934125.1	89388	-	1	0	0	0	0	0
LT934125.1	89392	+	1	0	0	0	0	0
LT934125.1	89403	+	0	0	1	0	0	0
LT934125.1	89404	-	0	0	2	0	0	0
LT934125.1	89412	-	0	0	0	0	1	0
LT934125.1	89437	-	0	0	2	0	0	0
LT934125.1	89439	-	0	0	1	0	0	0
LT934125.1	89442	-	0	0	1	0	0	0
LT934125.1	89456	+	0	0	0	0	1	0
LT934125.1	89462	-	0	0	0	0	1	0
LT934125.1	89493	-	0	0	1	0	0	0
LT934125.1	89499	+	0	0	1	0	0	0
LT934125.1	89525	+	0	0	0	0	0	1
LT934125.1	89582	-	0	0	0	0	1	0
LT934125.1	89601	+	0	0	0	0	1	0
LT934125.1	89602	-	0	0	1	0	0	0
LT934125.1	89605	+	0	0	0	0	1	0
LT934125.1	89609	+	1	0	0	0	0	0
LT934125.1	89612	-	1	0	0	0	0	0
LT934125.1	89614	-	0	0	0	0	0	1
LT934125.1	89619	+	0	0	0	1	0	0
LT934125.1	89625	-	0	0	1	0	0	0
LT934125.1	89627	-	0	0	0	1	0	0
LT934125.1	89628	-	3	0	3	0	2	0
LT934125.1	89634	-	1	0	0	1	0	0
LT934125.1	89635	+	0	0	1	0	0	0
LT934125.1	89638	-	1	0	0	0	1	0
LT934125.1	89642	-	0	1	0	0	0	0
LT934125.1	89647	+	0	0	0	0	1	0
LT934125.1	89649	+	1	0	0	0	0	0
LT934125.1	89655	+	0	0	0	0	1	0
LT934125.1	89665	+	0	0	2	0	0	0
LT934125.1	89667	-	0	0	1	0	0	0
LT934125.1	89668	+	0	0	1	0	0	0
LT934125.1	89669	-	0	0	1	0	0	0
LT934125.1	89681	+	0	0	1	0	0	0
LT934125.1	89685	+	0	0	0	0	1	0
LT934125.1	89693	-	1	0	0	0	0	0
LT934125.1	89703	+	0	0	0	0	0	1
LT934125.1	89724	+	0	0	0	0	1	0
LT934125.1	89732	+	0	0	1	0	0	0
LT934125.1	89763	-	0	0	1	0	0	0
LT934125.1	89766	+	0	0	0	0	1	0
LT934125.1	89818	+	0	0	0	0	0	1
LT934125.1	89824	+	0	0	1	0	0	0
LT934125.1	89825	-	0	0	1	0	1	0
LT934125.1	89826	+	0	0	1	0	0	0
LT934125.1	89827	-	0	0	0	0	1	0
LT934125.1	89828	-	2	0	0	0	0	0
LT934125.1	89836	-	0	0	0	0	1	0
LT934125.1	89844	-	0	0	1	0	0	0
LT934125.1	89846	+	0	0	1	0	0	0
LT934125.1	89850	+	0	0	1	0	0	0
LT934125.1	89852	+	0	0	1	0	0	0
LT934125.1	89855	-	1	0	0	0	0	0
LT934125.1	89868	-	1	0	0	0	0	0
LT934125.1	89876	+	0	0	1	0	0	0
LT934125.1	89876	-	0	0	0	0	1	0
LT934125.1	89877	+	0	0	0	0	0	2
LT934125.1	89881	+	0	1	2	0	0	0
LT934125.1	89883	+	0	1	2	1	0	0
LT934125.1	89887	+	0	0	1	0	0	0
LT934125.1	89889	+	0	0	1	0	0	1
LT934125.1	89906	+	1	0	0	0	0	0
LT934125.1	89910	+	0	1	3	0	0	0
LT934125.1	89927	+	0	0	1	0	0	0
LT934125.1	89951	-	0	0	0	0	1	0
LT934125.1	89991	-	0	0	0	0	2	0
LT934125.1	90007	+	1	0	0	0	3	0
LT934125.1	90008	+	0	0	0	0	1	0
LT934125.1	90011	+	0	0	0	0	1	0
LT934125.1	90044	+	0	0	1	0	1	0
LT934125.1	90057	+	0	0	0	0	1	0
LT934125.1	90091	+	0	2	0	0	0	0
LT934125.1	90106	-	0	0	1	0	0	0
LT934125.1	90111	-	0	0	0	0	1	0
LT934125.1	90202	-	1	0	0	0	0	0
LT934125.1	90208	-	0	0	0	0	1	0
LT934125.1	90211	-	0	0	0	0	1	0
LT934125.1	90221	-	0	0	0	0	1	0
LT934125.1	90232	+	0	0	0	0	1	0
LT934125.1	90243	-	0	0	0	0	1	0
LT934125.1	90249	+	0	0	0	0	1	0
LT934125.1	90252	+	0	0	0	0	1	0
LT934125.1	90253	-	0	0	0	0	1	0
LT934125.1	90259	-	0	0	1	0	0	0
LT934125.1	90272	-	0	0	0	0	1	0
LT934125.1	90305	-	0	0	1	0	0	0
LT934125.1	90326	-	1	0	0	0	3	0
LT934125.1	90327	-	0	0	0	0	0	1
LT934125.1	90338	-	0	0	1	0	0	0
LT934125.1	90339	+	0	0	0	0	0	1
LT934125.1	90348	-	0	0	1	0	0	0
LT934125.1	90366	+	0	0	1	0	0	0
LT934125.1	90381	+	1	0	5	0	3	0
LT934125.1	90399	-	0	0	0	0	1	0
LT934125.1	90426	-	0	0	0	0	1	0
LT934125.1	90453	-	0	0	1	0	0	0
LT934125.1	90456	-	0	0	1	0	0	0
LT934125.1	90473	+	0	0	0	0	1	0
LT934125.1	90482	-	1	0	0	0	0	0
LT934125.1	90483	+	0	0	1	0	0	0
LT934125.1	90498	+	1	0	0	0	0	0
LT934125.1	90506	+	0	0	0	0	1	0
LT934125.1	90523	+	0	0	0	0	1	0
LT934125.1	90548	+	0	0	1	0	0	0
LT934125.1	90595	-	0	0	0	0	1	0
LT934125.1	90602	+	1	0	0	0	0	0
LT934125.1	90684	+	1	0	0	0	0	0
LT934125.1	90699	+	0	1	0	0	0	0
LT934125.1	90709	+	0	0	0	0	0	1
LT934125.1	90710	+	0	0	1	0	0	0
LT934125.1	90732	+	0	0	0	0	0	1
LT934125.1	90747	+	0	0	1	0	0	0
LT934125.1	90751	-	0	0	0	0	1	0
LT934125.1	90759	+	1	0	0	0	1	0
LT934125.1	90763	+	0	0	1	0	0	0
LT934125.1	90764	+	0	0	1	0	0	0
LT934125.1	90782	+	0	0	1	0	0	0
LT934125.1	90908	+	0	0	0	0	1	0
LT934125.1	90943	+	1	0	0	0	0	0
LT934125.1	90955	+	0	0	1	0	0	0
LT934125.1	90962	-	0	0	1	0	0	0
LT934125.1	90978	+	0	0	1	0	0	0
LT934125.1	90996	+	1	0	1	0	0	0
LT934125.1	90997	-	1	0	0	0	0	0
LT934125.1	90999	+	0	0	2	0	0	0
LT934125.1	91100	-	0	0	0	0	1	0
LT934125.1	91106	-	0	0	1	0	0	0
LT934125.1	91115	-	0	0	0	0	0	1
LT934125.1	91116	-	0	0	1	0	0	0
LT934125.1	91119	+	0	0	0	0	1	0
LT934125.1	91127	-	2	0	2	0	0	0
LT934125.1	91130	-	0	0	2	0	2	0
LT934125.1	91132	+	0	0	0	0	0	1
LT934125.1	91133	-	1	0	0	0	0	0
LT934125.1	91136	+	0	0	1	0	0	0
LT934125.1	91157	-	0	0	1	0	0	0
LT934125.1	91222	+	1	0	0	0	0	0
LT934125.1	91226	+	0	0	1	0	0	0
LT934125.1	91237	+	0	0	1	0	0	0
LT934125.1	91257	-	1	0	1	0	0	0
LT934125.1	91268	+	0	0	1	0	0	0
LT934125.1	91277	-	3	0	0	0	6	0
LT934125.1	91280	+	0	0	0	0	1	0
LT934125.1	91280	-	0	0	0	0	1	0
LT934125.1	91302	+	0	0	1	0	1	0
LT934125.1	91309	-	1	0	0	0	0	0
LT934125.1	91331	-	0	0	1	0	0	0
LT934125.1	91332	+	0	0	1	0	0	0
LT934125.1	91347	+	0	0	1	0	0	0
LT934125.1	91347	-	0	0	0	0	1	0
LT934125.1	91349	+	0	0	1	0	0	0
LT934125.1	91355	-	0	0	1	0	20	0
LT934125.1	91356	+	0	0	1	0	0	0
LT934125.1	91356	-	0	0	0	1	7	0
LT934125.1	91357	-	3	1	4	0	45	1
LT934125.1	91358	+	1	0	2	0	0	0
LT934125.1	91358	-	0	0	1	0	0	0
LT934125.1	91359	-	2	0	0	0	0	0
LT934125.1	91360	+	0	1	0	0	4	0
LT934125.1	91361	+	0	0	1	0	0	0
LT934125.1	91361	-	0	0	0	0	4	0
LT934125.1	91362	+	0	0	0	0	1	0
LT934125.1	91365	+	2	0	0	0	0	0
LT934125.1	91381	+	1	0	0	0	0	0
LT934125.1	91385	+	0	0	1	0	0	0
LT934125.1	91396	-	0	0	1	0	0	0
LT934125.1	91404	+	1	0	1	0	0	0
LT934125.1	91405	+	0	0	0	1	0	0
LT934125.1	91408	+	0	0	0	0	139	0
LT934125.1	91409	+	21	0	57	7	38	9
LT934125.1	91410	+	0	0	0	0	1	0
LT934125.1	91411	+	1	0	2	0	0	0
LT934125.1	91412	+	13	1	27	2	95	9
LT934125.1	91414	+	0	0	0	0	1	0
LT934125.1	91416	+	0	0	1	0	0	0
LT934125.1	91417	+	0	0	0	0	2	0
LT934125.1	91419	-	0	0	0	0	3	0
LT934125.1	91437	-	1	0	0	0	0	0
LT934125.1	91449	+	0	0	0	0	1	0
LT934125.1	91476	+	1	0	0	0	0	0
LT934125.1	91481	-	0	0	0	0	1	0
LT934125.1	91487	-	0	0	0	0	2	0
LT934125.1	91490	-	0	0	0	0	1	0
LT934125.1	91493	-	1	0	0	0	4	0
LT934125.1	91508	-	0	0	0	0	1	0
LT934125.1	91515	-	0	0	2	0	0	0
LT934125.1	91516	+	1	0	0	0	0	0
LT934125.1	91520	-	0	0	2	0	0	0
LT934125.1	91534	+	0	0	1	0	0	1
LT934125.1	91542	+	1	0	7	0	4	0
LT934125.1	91544	+	0	0	1	0	6	5
LT934125.1	91545	+	1	0	0	0	9	1
LT934125.1	91547	+	1	0	1	1	1	1
LT934125.1	91548	+	2	0	14	0	54	0
LT934125.1	91549	+	0	0	1	0	0	0
LT934125.1	91564	+	0	0	1	0	0	0
LT934125.1	91567	+	0	0	1	0	0	0
LT934125.1	91580	+	1	0	0	0	0	0
LT934125.1	91591	+	0	0	0	0	1	0
LT934125.1	91594	+	0	0	0	0	1	0
LT934125.1	91598	-	0	0	0	0	1	0
LT934125.1	91616	+	0	0	1	0	0	0
LT934125.1	91637	+	1	0	0	0	0	0
LT934125.1	91651	-	0	0	0	0	1	0
LT934125.1	91659	+	0	0	0	0	1	0
LT934125.1	91679	+	0	0	0	0	1	0
LT934125.1	91681	+	0	0	0	0	0	1
LT934125.1	91692	+	1	0	0	0	0	0
LT934125.1	91728	+	0	0	0	0	1	0
LT934125.1	91749	+	0	0	1	0	0	0
LT934125.1	91778	+	0	0	0	0	1	0
LT934125.1	91797	-	1	0	0	0	0	0
LT934125.1	91846	+	0	0	0	0	1	0
LT934125.1	91858	+	0	0	0	0	1	0
LT934125.1	91866	-	0	0	1	0	0	0
LT934125.1	91894	-	0	0	0	0	1	0
LT934125.1	91965	-	0	0	1	0	0	0
LT934125.1	91973	-	0	0	0	0	1	0
LT934125.1	91992	-	0	0	1	0	2	0
LT934125.1	91994	-	0	0	1	0	0	0
LT934125.1	91995	-	0	0	0	0	4	0
LT934125.1	91996	-	0	0	1	0	0	0
LT934125.1	92003	-	0	0	0	0	1	0
LT934125.1	92019	-	0	0	0	0	1	0
LT934125.1	92023	-	0	0	1	0	0	0
LT934125.1	92024	-	0	0	0	0	1	0
LT934125.1	92027	-	0	0	0	0	1	0
LT934125.1	92031	-	0	0	0	0	1	0
LT934125.1	92045	+	0	0	0	0	1	0
LT934125.1	92047	-	0	0	0	0	3	0
LT934125.1	92048	+	0	0	0	0	1	1
LT934125.1	92071	-	0	0	0	0	1	0
LT934125.1	92073	-	0	0	0	0	1	0
LT934125.1	92074	-	1	0	1	0	1	0
LT934125.1	92096	-	0	0	0	0	1	0
LT934125.1	92125	-	1	0	0	0	0	0
LT934125.1	92157	-	1	0	0	0	0	0
LT934125.1	92166	+	1	0	0	0	0	0
LT934125.1	92181	-	0	0	0	0	1	0
LT934125.1	92199	+	0	0	0	0	1	0
LT934125.1	92205	+	1	0	0	0	0	0
LT934125.1	92207	+	1	0	0	0	0	0
LT934125.1	92208	+	1	0	0	0	0	0
LT934125.1	92213	+	1	0	0	0	0	0
LT934125.1	92217	-	1	0	0	0	0	0
LT934125.1	92219	-	1	0	0	0	0	0
LT934125.1	92222	+	0	0	0	0	1	0
LT934125.1	92225	+	0	0	0	0	1	0
LT934125.1	92244	-	0	0	0	0	1	0
LT934125.1	92249	+	0	0	1	0	0	0
LT934125.1	92265	+	1	0	0	0	0	1
LT934125.1	92274	-	1	0	0	0	1	0
LT934125.1	92282	-	0	0	0	0	2	0
LT934125.1	92283	-	1	0	0	0	0	0
LT934125.1	92285	-	0	0	0	0	1	0
LT934125.1	92289	-	0	0	0	0	1	0
LT934125.1	92298	-	0	0	0	0	1	0
LT934125.1	92303	-	2	0	0	0	0	0
LT934125.1	92304	-	0	0	0	0	1	0
LT934125.1	92321	-	0	0	1	0	0	0
LT934125.1	92324	+	0	0	1	0	0	0
LT934125.1	92333	-	0	0	0	0	1	0
LT934125.1	92334	-	0	0	1	0	0	0
LT934125.1	92354	-	0	0	0	0	1	0
LT934125.1	92358	-	0	0	0	0	2	0
LT934125.1	92359	-	0	0	0	0	1	0
LT934125.1	92362	-	1	0	0	0	0	0
LT934125.1	92371	+	0	0	0	0	1	0
LT934125.1	92373	-	0	0	0	0	2	0
LT934125.1	92377	-	0	0	0	0	0	1
LT934125.1	92378	-	0	0	0	0	1	0
LT934125.1	92392	-	0	0	0	0	1	0
LT934125.1	92399	+	1	0	0	0	0	0
LT934125.1	92404	-	0	0	0	0	1	0
LT934125.1	92406	-	0	0	0	0	1	0
LT934125.1	92410	-	0	0	1	0	2	0
LT934125.1	92413	-	0	1	0	0	0	0
LT934125.1	92414	+	2	0	0	0	1	0
LT934125.1	92415	+	1	0	0	0	0	0
LT934125.1	92416	+	0	0	2	0	0	0
LT934125.1	92418	+	0	0	0	0	1	0
LT934125.1	92418	-	1	0	0	0	0	0
LT934125.1	92419	+	0	0	2	0	0	0
LT934125.1	92423	-	0	0	0	0	1	0
LT934125.1	92428	+	0	0	1	0	0	0
LT934125.1	92428	-	0	0	0	0	1	0
LT934125.1	92431	+	1	0	0	0	0	0
LT934125.1	92436	-	0	0	1	0	0	0
LT934125.1	92447	-	0	0	1	0	1	0
LT934125.1	92454	+	1	0	0	0	1	0
LT934125.1	92457	+	1	0	0	0	0	0
LT934125.1	92457	-	0	0	0	0	1	0
LT934125.1	92460	+	1	0	0	0	0	0
LT934125.1	92469	-	0	0	0	0	1	0
LT934125.1	92475	-	0	0	0	0	1	0
LT934125.1	92476	-	0	0	1	0	0	0
LT934125.1	92481	+	0	0	0	0	1	0
LT934125.1	92481	-	5	0	8	0	0	0
LT934125.1	92483	-	0	0	0	0	2	0
LT934125.1	92485	-	0	0	1	0	0	0
LT934125.1	92489	-	1	0	3	0	0	0
LT934125.1	92494	-	2	0	0	0	0	0
LT934125.1	92497	-	0	0	0	0	1	0
LT934125.1	92503	-	4	0	2	0	0	0
LT934125.1	92504	-	0	0	0	0	2	0
LT934125.1	92509	-	2	0	2	0	0	0
LT934125.1	92511	-	0	0	0	0	3	0
LT934125.1	92515	-	0	0	0	0	1	1
LT934125.1	92516	-	0	0	2	0	0	0
LT934125.1	92518	-	0	0	0	0	6	0
LT934125.1	92521	-	0	0	2	0	0	0
LT934125.1	92524	-	0	0	0	0	2	0
LT934125.1	92526	-	0	0	0	0	1	0
LT934125.1	92527	-	6	0	12	0	5	0
LT934125.1	92528	-	0	0	0	0	15	0
LT934125.1	92529	-	0	0	0	0	1	0
LT934125.1	92530	-	0	0	2	0	0	0
LT934125.1	92531	-	0	0	0	0	1	0
LT934125.1	92532	-	0	0	2	0	0	0
LT934125.1	92537	-	0	0	0	0	1	0
LT934125.1	92545	-	0	0	0	0	3	0
LT934125.1	92546	-	0	0	0	0	2	0
LT934125.1	92547	-	0	0	0	0	3	0
LT934125.1	92550	-	1	0	0	0	0	0
LT934125.1	92554	-	1	0	0	0	0	0
LT934125.1	92562	-	0	0	1	0	0	0
LT934125.1	92565	-	0	0	0	0	10	0
LT934125.1	92566	-	1	0	2	0	0	0
LT934125.1	92567	-	0	0	0	0	1	0
LT934125.1	92568	+	0	0	0	0	1	0
LT934125.1	92568	-	5	0	0	0	0	0
LT934125.1	92571	-	1	0	0	0	1	0
LT934125.1	92573	-	0	0	0	0	1	0
LT934125.1	92575	-	0	0	0	0	1	0
LT934125.1	92584	-	1	0	0	0	6	0
LT934125.1	92585	-	1	0	2	0	4	0
LT934125.1	92587	-	1	0	0	0	5	0
LT934125.1	92588	-	3	0	1	0	3	0
LT934125.1	92591	+	0	0	0	0	1	0
LT934125.1	92591	-	0	0	0	0	1	0
LT934125.1	92600	-	1	0	0	0	2	0
LT934125.1	92603	-	0	0	0	0	1	0
LT934125.1	92605	-	0	0	0	0	5	0
LT934125.1	92609	-	1	0	0	0	0	0
LT934125.1	92612	-	0	0	0	0	1	0
LT934125.1	92614	-	0	0	1	0	0	0
LT934125.1	92617	-	0	0	0	0	1	0
LT934125.1	92618	-	0	0	1	0	0	0
LT934125.1	92620	-	0	0	0	0	2	0
LT934125.1	92621	-	0	0	0	0	1	0
LT934125.1	92624	-	0	0	0	0	0	1
LT934125.1	92625	-	0	0	0	0	2	0
LT934125.1	92627	-	1	0	1	0	1	0
LT934125.1	92629	-	5	0	6	0	1	1
LT934125.1	92630	-	0	0	0	0	13	0
LT934125.1	92631	-	6	1	0	0	31	1
LT934125.1	92632	-	3	0	1	0	11	0
LT934125.1	92633	-	0	0	2	0	0	0
LT934125.1	92647	-	1	0	0	0	0	0
LT934125.1	92648	-	0	0	0	0	2	0
LT934125.1	92651	-	0	0	0	0	1	0
LT934125.1	92659	-	0	0	0	0	1	0
LT934125.1	92660	-	0	0	1	0	0	0
LT934125.1	92661	-	0	0	0	0	1	0
LT934125.1	92670	-	4	0	1	0	0	0
LT934125.1	92671	-	0	0	0	0	3	0
LT934125.1	92675	+	1	0	0	0	0	0
LT934125.1	92686	-	0	0	1	0	0	1
LT934125.1	92687	-	0	0	0	0	5	0
LT934125.1	92693	-	0	0	1	0	0	0
LT934125.1	92702	-	0	0	0	0	1	0
LT934125.1	92703	-	0	0	1	0	0	0
LT934125.1	92706	-	0	0	0	0	1	0
LT934125.1	92713	-	0	0	0	0	1	0
LT934125.1	92722	-	0	0	0	0	1	0
LT934125.1	92734	-	4	0	2	0	0	0
LT934125.1	92735	-	0	1	0	0	6	0
LT934125.1	92750	-	0	0	0	0	1	0
LT934125.1	92755	-	1	0	2	0	0	0
LT934125.1	92756	-	0	0	0	0	3	0
LT934125.1	92759	-	0	0	0	0	1	0
LT934125.1	92760	-	0	0	0	0	1	0
LT934125.1	92766	-	0	0	2	0	0	0
LT934125.1	92767	-	0	0	0	0	3	0
LT934125.1	92772	-	2	0	0	0	3	0
LT934125.1	92773	-	1	1	2	0	1	1
LT934125.1	92774	-	3	0	1	0	17	1
LT934125.1	92777	-	0	0	0	0	4	0
LT934125.1	92783	-	0	0	2	0	0	0
LT934125.1	92785	-	0	0	0	0	1	0
LT934125.1	92786	-	1	0	0	0	0	0
LT934125.1	92789	+	1	0	0	0	0	0
LT934125.1	92790	-	0	0	0	0	1	0
LT934125.1	92791	-	1	0	2	0	1	0
LT934125.1	92806	-	1	0	0	0	0	0
LT934125.1	92808	-	1	0	1	0	0	0
LT934125.1	92809	-	0	0	0	0	3	0
LT934125.1	92814	-	0	0	0	0	1	0
LT934125.1	92830	-	0	0	1	0	0	0
LT934125.1	92841	-	0	0	0	0	1	0
LT934125.1	92843	-	0	0	0	0	1	0
LT934125.1	92845	-	0	0	0	0	1	0
LT934125.1	92870	-	0	0	1	0	1	0
LT934125.1	92871	-	0	0	0	0	3	0
LT934125.1	92881	-	0	0	0	0	1	0
LT934125.1	92883	-	1	0	0	0	1	0
LT934125.1	92884	+	1	0	0	0	0	0
LT934125.1	92894	-	0	0	0	0	1	0
LT934125.1	92897	-	0	0	0	0	1	0
LT934125.1	92901	+	0	0	0	0	1	0
LT934125.1	92902	-	0	0	0	0	1	0
LT934125.1	92903	-	0	0	0	0	1	0
LT934125.1	92908	-	0	0	0	0	1	0
LT934125.1	92913	-	0	0	0	0	4	0
LT934125.1	92915	-	0	0	2	0	3	1
LT934125.1	92916	-	0	0	0	0	11	0
LT934125.1	92917	-	0	0	0	0	5	0
LT934125.1	92920	-	0	0	1	0	0	0
LT934125.1	92923	-	0	0	0	0	3	0
LT934125.1	92924	+	0	0	1	0	0	0
LT934125.1	92926	+	0	0	0	0	5	0
LT934125.1	92926	-	0	0	1	0	1	0
LT934125.1	92927	+	0	0	0	0	1	0
LT934125.1	92927	-	0	0	0	0	2	0
LT934125.1	92928	-	0	0	0	0	5	0
LT934125.1	92929	-	0	0	0	0	1	0
LT934125.1	92930	-	0	0	0	0	2	0
LT934125.1	92931	-	25	2	78	0	736	4
LT934125.1	92932	-	0	1	0	0	3	0
LT934125.1	92933	+	0	0	0	0	2	0
LT934125.1	92933	-	240	10	823	17	9747	77
LT934125.1	92934	-	12	0	0	2	370	6
LT934125.1	92935	-	0	0	0	0	161	0
LT934125.1	92936	-	11	1	13	3	610	10
LT934125.1	92937	-	0	0	32	0	0	0
LT934125.1	92939	-	0	0	28	0	0	0
LT934125.1	92940	-	6	0	0	0	0	0
LT934125.1	92941	-	0	0	0	0	4	0
LT934125.1	92952	+	2	0	0	0	0	0
LT934125.1	92969	-	1	0	0	0	0	0
LT934125.1	92970	+	0	0	1	0	7	0
LT934125.1	92972	-	0	0	0	0	1	0
LT934125.1	92973	+	0	0	0	0	1	0
LT934125.1	92982	-	1	0	1	0	0	0
LT934125.1	92983	+	0	0	0	0	1	0
LT934125.1	92984	-	0	0	0	0	1	0
LT934125.1	92987	+	0	0	1	0	5	0
LT934125.1	92988	+	0	0	0	0	1	0
LT934125.1	92990	-	0	0	0	0	1	0
LT934125.1	92992	+	0	0	0	0	2	0
LT934125.1	92993	-	0	0	0	0	1	0
LT934125.1	92994	-	0	0	0	0	1	0
LT934125.1	93004	+	0	0	0	0	1	0
LT934125.1	93014	-	0	0	0	0	2	0
LT934125.1	93054	-	0	0	1	0	0	0
LT934125.1	93055	+	0	0	1	0	0	0
LT934125.1	93064	-	0	0	1	0	0	0
LT934125.1	93067	-	0	0	0	0	1	0
LT934125.1	93068	+	0	0	0	0	1	0
LT934125.1	93081	-	0	0	0	0	1	0
LT934125.1	93089	-	0	0	0	0	1	0
LT934125.1	93092	-	0	0	0	0	1	0
LT934125.1	93102	-	1	0	0	0	0	0
LT934125.1	93108	-	0	0	1	0	1	0
LT934125.1	93123	+	0	0	0	0	1	0
LT934125.1	93126	+	0	0	1	1	0	0
LT934125.1	93129	+	1	0	0	0	0	0
LT934125.1	93130	+	1	0	2	0	1	0
LT934125.1	93147	+	1	0	0	0	0	0
LT934125.1	93149	+	0	0	0	0	1	0
LT934125.1	93166	-	1	0	0	0	0	0
LT934125.1	93175	-	0	0	1	0	0	0
LT934125.1	93184	-	0	0	0	0	1	0
LT934125.1	93186	-	0	0	0	1	0	0
LT934125.1	93193	-	0	0	1	0	0	0
LT934125.1	93194	-	0	0	0	0	1	0
LT934125.1	93195	-	0	0	4	0	0	0
LT934125.1	93199	+	0	0	2	0	0	0
LT934125.1	93205	-	0	0	0	0	1	0
LT934125.1	93207	+	0	1	0	0	1	0
LT934125.1	93208	+	0	0	2	0	0	0
LT934125.1	93211	-	0	0	0	0	0	1
LT934125.1	93213	+	0	0	0	0	2	0
LT934125.1	93215	+	2	0	0	0	0	0
LT934125.1	93219	-	0	0	0	0	1	0
LT934125.1	93229	-	0	0	1	0	0	0
LT934125.1	93230	-	0	0	0	0	2	0
LT934125.1	93232	+	0	0	0	0	3	0
LT934125.1	93233	+	2	0	2	0	0	0
LT934125.1	93234	-	0	0	0	0	1	1
LT934125.1	93235	-	0	0	1	0	1	0
LT934125.1	93239	-	0	0	0	0	1	0
LT934125.1	93240	+	0	0	0	0	1	0
LT934125.1	93240	-	0	0	2	0	3	0
LT934125.1	93241	-	0	0	1	0	1	0
LT934125.1	93246	+	0	0	0	0	1	0
LT934125.1	93247	-	0	0	0	0	2	0
LT934125.1	93261	-	0	0	0	0	3	0
LT934125.1	93262	-	0	0	3	0	1	0
LT934125.1	93263	-	1	1	0	0	18	0
LT934125.1	93264	-	0	0	4	0	4	0
LT934125.1	93266	-	0	0	0	0	0	2
LT934125.1	93267	-	0	0	0	0	1	0
LT934125.1	93270	-	0	0	1	0	0	0
LT934125.1	93276	-	0	0	1	0	0	0
LT934125.1	93278	-	1	0	1	0	6	2
LT934125.1	93280	-	1	0	0	0	1	0
LT934125.1	93281	-	0	0	1	0	2	0
LT934125.1	93287	-	2	0	0	0	0	0
LT934125.1	93288	-	0	0	0	0	2	0
LT934125.1	93289	-	3	1	2	0	10	2
LT934125.1	93290	-	2	0	6	0	11	0
LT934125.1	93291	-	0	0	3	0	1	0
LT934125.1	93292	-	0	0	1	0	2	0
LT934125.1	93293	-	0	0	0	0	0	1
LT934125.1	93294	-	0	0	0	0	6	1
LT934125.1	93295	-	2	0	0	0	1	0
LT934125.1	93296	-	3	0	2	0	0	0
LT934125.1	93298	-	0	0	0	0	2	0
LT934125.1	93305	+	0	0	0	0	1	0
LT934125.1	93309	+	0	0	0	0	1	0
LT934125.1	93309	-	1	0	0	0	0	0
LT934125.1	93311	-	0	0	1	0	0	0
LT934125.1	93322	+	0	0	0	0	2	0
LT934125.1	93323	+	0	0	2	0	0	0
LT934125.1	93331	+	0	0	1	0	0	0
LT934125.1	93336	-	0	0	0	0	1	0
LT934125.1	93340	+	0	0	0	0	0	1
LT934125.1	93341	-	0	0	1	0	0	0
LT934125.1	93342	+	1	0	1	0	0	0
LT934125.1	93347	+	0	0	0	0	1	0
LT934125.1	93352	+	0	0	1	0	0	0
LT934125.1	93353	+	1	0	0	0	2	0
LT934125.1	93354	+	0	0	0	0	1	0
LT934125.1	93360	-	1	0	0	0	1	0
LT934125.1	93363	-	0	0	0	0	1	1
LT934125.1	93371	-	0	0	0	0	2	0
LT934125.1	93376	-	1	0	0	0	1	0
LT934125.1	93377	-	1	0	0	0	3	0
LT934125.1	93378	-	2	0	0	1	12	0
LT934125.1	93379	-	0	0	5	0	2	0
LT934125.1	93385	-	0	0	0	0	2	0
LT934125.1	93386	-	1	0	0	0	0	0
LT934125.1	93394	-	1	0	1	0	0	1
LT934125.1	93395	-	0	0	0	0	2	0
LT934125.1	93402	-	1	0	0	0	1	0
LT934125.1	93408	+	0	0	1	0	0	0
LT934125.1	93409	-	0	0	0	0	1	0
LT934125.1	93410	+	1	0	0	0	0	0
LT934125.1	93418	-	1	0	0	0	0	0
LT934125.1	93421	+	0	0	0	0	1	0
LT934125.1	93424	+	1	0	0	0	0	0
LT934125.1	93427	+	0	0	2	0	0	1
LT934125.1	93428	+	1	0	0	0	0	0
LT934125.1	93428	-	0	0	0	0	3	0
LT934125.1	93432	+	0	1	0	0	3	0
LT934125.1	93434	+	1	0	0	0	0	0
LT934125.1	93436	+	0	0	2	0	0	0
LT934125.1	93437	+	0	1	0	0	5	1
LT934125.1	93438	+	0	0	0	0	1	0
LT934125.1	93439	-	0	0	0	0	1	0
LT934125.1	93441	-	1	1	0	0	2	0
LT934125.1	93442	-	0	0	1	0	2	0
LT934125.1	93443	-	1	0	0	0	0	0
LT934125.1	93444	-	0	0	1	0	0	0
LT934125.1	93445	-	0	0	2	0	2	0
LT934125.1	93449	-	0	0	1	0	0	0
LT934125.1	93450	-	0	0	0	0	1	0
LT934125.1	93453	-	1	0	0	0	0	0
LT934125.1	93455	-	1	0	0	0	0	1
LT934125.1	93456	-	0	0	3	0	0	0
LT934125.1	93466	-	22	0	0	0	46	3
LT934125.1	93467	-	1	0	22	1	2	1
LT934125.1	93468	-	0	0	1	0	0	0
LT934125.1	93469	-	2	0	0	0	0	0
LT934125.1	93470	-	0	0	0	0	1	0
LT934125.1	93471	-	2	0	0	0	2	1
LT934125.1	93472	-	5	1	1	0	41	14
LT934125.1	93473	-	0	0	4	1	1	0
LT934125.1	93474	-	0	0	0	0	0	1
LT934125.1	93477	-	1	0	0	0	1	0
LT934125.1	93478	-	0	0	0	0	2	0
LT934125.1	93479	-	1	0	0	0	7	3
LT934125.1	93480	-	2	0	1	1	1	0
LT934125.1	93483	-	0	0	0	0	0	1
LT934125.1	93487	-	0	0	1	0	0	0
LT934125.1	93494	-	0	0	0	0	0	1
LT934125.1	93499	-	0	0	0	0	2	0
LT934125.1	93513	-	0	0	1	0	0	0
LT934125.1	93515	-	1	0	0	0	5	0
LT934125.1	93520	-	0	0	0	0	1	0
LT934125.1	93526	-	0	0	0	0	2	0
LT934125.1	93537	-	0	0	0	0	2	0
LT934125.1	93551	-	0	0	0	0	1	0
LT934125.1	93552	-	0	0	0	0	1	0
LT934125.1	93554	-	0	0	1	0	0	0
LT934125.1	93555	-	0	0	0	0	1	0
LT934125.1	93571	-	4	0	2	0	0	1
LT934125.1	93572	-	0	0	0	0	5	0
LT934125.1	93575	-	0	0	0	0	1	0
LT934125.1	93577	-	0	0	0	0	8	0
LT934125.1	93578	-	0	0	2	1	0	0
LT934125.1	93580	-	1	0	0	0	0	0
LT934125.1	93621	-	0	0	1	0	0	0
LT934125.1	93649	-	0	0	1	0	1	0
LT934125.1	93651	-	1	0	1	0	1	1
LT934125.1	93652	-	0	0	0	0	4	0
LT934125.1	93654	-	51	1	70	8	403	26
LT934125.1	93655	-	1	1	1	0	1	0
LT934125.1	93656	-	0	0	0	0	27	0
LT934125.1	93657	-	0	0	3	1	1	0
LT934125.1	93677	-	0	0	0	0	1	0
LT934125.1	93703	-	0	0	0	0	1	0
LT934125.1	93728	+	0	0	0	0	1	0
LT934125.1	93731	+	0	0	0	0	1	0
LT934125.1	93735	-	1	0	0	0	0	0
LT934125.1	93736	-	0	0	0	0	1	0
LT934125.1	93761	-	0	0	1	0	0	0
LT934125.1	93762	-	0	0	0	0	1	0
LT934125.1	93763	-	0	0	0	0	1	0
LT934125.1	93796	-	0	0	1	0	0	0
LT934125.1	93805	-	0	0	0	0	0	1
LT934125.1	93827	-	0	0	1	0	0	0
LT934125.1	93830	-	0	0	0	0	1	0
LT934125.1	93831	-	1	0	0	0	0	0
LT934125.1	93833	-	0	0	1	0	1	0
LT934125.1	93834	-	0	0	0	0	1	0
LT934125.1	93850	-	1	0	0	0	3	0
LT934125.1	93851	-	0	0	4	0	0	0
LT934125.1	93872	-	1	0	0	0	0	0
LT934125.1	93888	-	0	0	0	0	1	0
LT934125.1	93931	+	0	0	0	0	1	0
LT934125.1	93935	-	0	0	0	0	0	1
LT934125.1	93940	-	2	0	0	0	0	0
LT934125.1	93941	-	2	0	0	0	1	0
LT934125.1	93942	-	0	0	1	0	0	0
LT934125.1	93945	-	1	0	1	0	0	1
LT934125.1	93946	-	0	0	0	0	2	0
LT934125.1	93983	-	2	0	0	0	0	0
LT934125.1	94021	-	0	0	1	0	0	0
LT934125.1	94022	-	0	0	0	0	1	0
LT934125.1	94057	-	0	0	1	0	0	0
LT934125.1	94069	-	0	0	0	0	0	1
LT934125.1	94105	+	1	0	1	0	1	0
LT934125.1	94108	-	1	0	2	0	3	1
LT934125.1	94147	-	0	0	0	0	1	0
LT934125.1	94151	-	0	0	0	1	0	0
LT934125.1	94159	-	0	0	1	0	0	0
LT934125.1	94189	-	1	0	0	0	0	0
LT934125.1	94198	-	1	0	2	0	0	0
LT934125.1	94201	-	0	0	0	0	0	1
LT934125.1	94202	-	0	0	0	0	1	0
LT934125.1	94203	-	0	0	1	0	3	0
LT934125.1	94204	-	1	0	0	0	0	0
LT934125.1	94215	-	0	0	1	0	0	0
LT934125.1	94218	-	0	0	0	0	1	0
LT934125.1	94245	-	0	0	0	0	1	0
LT934125.1	94246	-	1	0	0	0	0	1
LT934125.1	94259	+	1	0	0	0	0	0
LT934125.1	94265	-	0	0	0	0	0	1
LT934125.1	94276	-	2	0	0	0	0	0
LT934125.1	94285	-	1	0	0	0	0	0
LT934125.1	94291	-	1	0	1	0	0	0
LT934125.1	94299	+	0	0	0	0	1	0
LT934125.1	94316	-	0	0	0	0	1	0
LT934125.1	94330	-	1	0	0	0	0	0
LT934125.1	94348	-	0	0	0	0	2	0
LT934125.1	94349	-	0	0	0	0	1	0
LT934125.1	94354	-	0	0	0	0	0	1
LT934125.1	94355	-	0	0	0	0	1	0
LT934125.1	94359	+	0	0	0	0	1	0
LT934125.1	94405	-	0	0	0	0	0	1
LT934125.1	94407	-	0	0	0	0	1	0
LT934125.1	94411	-	0	0	0	0	0	1
LT934125.1	94427	+	0	0	0	0	1	0
LT934125.1	94431	-	0	0	1	0	0	0
LT934125.1	94433	-	0	0	1	0	0	0
LT934125.1	94437	-	0	0	0	0	1	0
LT934125.1	94447	-	1	0	0	0	0	0
LT934125.1	94454	-	0	0	0	0	1	0
LT934125.1	94458	+	0	0	1	0	0	0
LT934125.1	94458	-	1	0	0	0	14	0
LT934125.1	94460	-	0	0	0	0	10	0
LT934125.1	94468	-	0	0	0	0	1	0
LT934125.1	94472	+	1	0	0	0	0	0
LT934125.1	94473	+	0	0	0	0	1	0
LT934125.1	94475	+	1	0	0	0	0	0
LT934125.1	94487	+	0	0	0	0	1	0
LT934125.1	94500	-	1	0	0	0	0	0
LT934125.1	94508	-	0	0	0	0	0	1
LT934125.1	94511	-	0	0	0	0	1	0
LT934125.1	94512	+	0	0	0	0	7	0
LT934125.1	94524	-	0	0	0	0	3	0
LT934125.1	94526	-	34	1	28	8	157	32
LT934125.1	94528	-	5	1	2	0	14	7
LT934125.1	94529	-	10	0	25	0	10	14
LT934125.1	94530	-	0	0	0	1	22	0
LT934125.1	94532	-	1	0	0	0	0	0
LT934125.1	94533	-	3	0	0	0	0	0
LT934125.1	94539	+	0	0	1	0	0	0
LT934125.1	94554	-	1	1	5	0	2	2
LT934125.1	94557	-	0	0	0	0	1	0
LT934125.1	94559	-	0	0	0	0	1	0
LT934125.1	94562	-	0	0	1	0	0	0
LT934125.1	94564	-	2	0	0	0	0	0
LT934125.1	94565	-	1	0	1	0	1	3
LT934125.1	94566	-	0	0	0	0	1	0
LT934125.1	94574	-	0	0	0	0	1	0
LT934125.1	94577	+	0	0	0	0	11	0
LT934125.1	94578	+	0	0	1	0	0	0
LT934125.1	94579	+	0	0	4	0	1	1
LT934125.1	94580	+	0	0	10	1	37	0
LT934125.1	94581	+	0	0	1	0	12	1
LT934125.1	94584	+	1	0	0	0	0	0
LT934125.1	94594	+	0	0	1	0	0	0
LT934125.1	94601	-	0	0	0	0	1	0
LT934125.1	94616	-	0	0	0	0	1	0
LT934125.1	94617	-	1	0	0	0	1	1
LT934125.1	94622	-	2	0	0	0	4	1
LT934125.1	94623	-	0	0	2	0	0	0
LT934125.1	94634	-	0	0	0	0	2	0
LT934125.1	94635	-	0	0	1	0	0	0
LT934125.1	94653	+	0	0	1	0	0	0
LT934125.1	94659	-	1	0	0	0	0	0
LT934125.1	94660	+	0	0	1	0	0	0
LT934125.1	94661	-	1	0	1	0	0	0
LT934125.1	94662	-	0	0	0	0	3	0
LT934125.1	94666	+	0	0	0	0	0	1
LT934125.1	94677	+	0	0	0	1	0	1
LT934125.1	94683	+	0	0	1	0	0	1
LT934125.1	94684	+	1	0	1	0	0	0
LT934125.1	94689	-	0	0	1	0	0	0
LT934125.1	94691	-	0	0	0	0	1	0
LT934125.1	94698	+	0	0	0	0	1	0
LT934125.1	94721	+	0	0	0	0	1	0
LT934125.1	94730	-	1	0	0	0	1	0
LT934125.1	94732	-	0	0	1	0	0	0
LT934125.1	94734	+	0	0	0	0	1	0
LT934125.1	94737	-	0	0	0	1	0	0
LT934125.1	94747	-	1	0	0	0	0	0
LT934125.1	94755	-	1	0	0	0	0	0
LT934125.1	94770	+	0	0	0	0	1	0
LT934125.1	94773	-	0	0	1	0	1	0
LT934125.1	94774	-	0	0	1	0	1	0
LT934125.1	94775	+	0	0	1	0	0	0
LT934125.1	94779	-	0	0	1	0	0	0
LT934125.1	94785	-	0	0	1	0	0	0
LT934125.1	94788	-	0	0	0	0	1	0
LT934125.1	94789	-	1	0	1	0	0	1
LT934125.1	94790	-	0	0	0	0	1	0
LT934125.1	94808	-	0	0	0	0	1	0
LT934125.1	94810	-	0	0	0	0	1	0
LT934125.1	94812	-	0	0	1	0	3	0
LT934125.1	94814	-	0	0	1	0	0	0
LT934125.1	94817	-	0	0	0	0	1	0
LT934125.1	94823	-	1	0	0	0	0	0
LT934125.1	94826	-	0	0	0	0	1	0
LT934125.1	94828	-	0	0	0	0	1	0
LT934125.1	94844	-	0	0	1	0	0	0
LT934125.1	94849	-	0	0	0	0	0	1
LT934125.1	94855	-	0	0	0	0	1	0
LT934125.1	94856	+	0	0	1	0	0	0
LT934125.1	94861	-	0	0	0	0	1	1
LT934125.1	94862	-	0	0	0	0	1	2
LT934125.1	94863	-	0	0	0	0	0	2
LT934125.1	94864	-	0	0	0	0	6	0
LT934125.1	94868	-	2	0	0	0	0	0
LT934125.1	94871	-	1	0	0	0	1	0
LT934125.1	94874	-	0	0	0	0	4	0
LT934125.1	94883	-	1	0	0	0	1	0
LT934125.1	94884	-	2	0	0	0	14	2
LT934125.1	94885	-	5	1	3	0	6	2
LT934125.1	94886	-	0	0	1	0	0	0
LT934125.1	94890	-	1	0	0	1	3	1
LT934125.1	94891	-	0	0	0	0	1	0
LT934125.1	94893	-	0	0	1	0	0	0
LT934125.1	94904	-	0	0	1	0	1	0
LT934125.1	94905	-	0	0	1	0	1	0
LT934125.1	94911	-	1	0	0	0	0	0
LT934125.1	94914	-	1	0	0	0	0	1
LT934125.1	94915	-	0	0	0	0	2	0
LT934125.1	94926	-	1	0	0	0	0	0
LT934125.1	94933	-	0	0	0	0	1	0
LT934125.1	94934	-	1	0	0	0	0	0
LT934125.1	94935	+	0	0	1	0	0	0
LT934125.1	94940	-	0	0	0	0	2	0
LT934125.1	94943	-	21	2	39	1	67	4
LT934125.1	94944	-	4	0	0	0	9	1
LT934125.1	94945	-	11	0	31	0	68	11
LT934125.1	94946	-	158	14	1	0	928	85
LT934125.1	94947	-	134	9	865	60	588	72
LT934125.1	94948	-	21	4	35	9	55	28
LT934125.1	94949	-	2	0	3	0	5	0
LT934125.1	94950	-	3	0	3	1	4	0
LT934125.1	94960	+	0	0	1	0	0	0
LT934125.1	94961	+	3	0	0	0	4	0
LT934125.1	94962	+	0	0	0	0	1	0
LT934125.1	94963	+	1	1	0	0	3	0
LT934125.1	94974	-	2	0	1	0	0	0
LT934125.1	94977	+	0	0	0	0	1	0
LT934125.1	94977	-	1	0	2	0	3	0
LT934125.1	94979	+	0	0	0	0	1	0
LT934125.1	94979	-	1	0	0	0	3	0
LT934125.1	94980	-	1	0	1	0	10	0
LT934125.1	94981	-	0	0	0	0	1	0
LT934125.1	94982	-	0	0	0	0	1	0
LT934125.1	94988	+	0	0	1	0	0	0
LT934125.1	94989	+	0	0	0	0	1	0
LT934125.1	94994	-	0	0	1	0	0	0
LT934125.1	95000	+	0	0	0	0	1	0
LT934125.1	95001	-	0	0	1	0	0	0
LT934125.1	95002	+	0	0	0	0	3	0
LT934125.1	95006	-	3	0	2	0	4	1
LT934125.1	95013	+	0	0	0	0	2	0
LT934125.1	95016	-	0	0	2	0	1	0
LT934125.1	95017	+	0	0	2	0	12	0
LT934125.1	95018	-	1	0	2	1	2	0
LT934125.1	95022	-	0	1	0	0	0	0
LT934125.1	95026	+	2	0	0	0	0	0
LT934125.1	95027	+	0	0	1	0	1	0
LT934125.1	95028	+	0	0	1	0	0	0
LT934125.1	95029	+	0	0	2	0	19	0
LT934125.1	95031	+	0	0	0	0	1	0
LT934125.1	95034	+	0	0	0	0	2	0
LT934125.1	95040	+	0	0	0	0	2	0
LT934125.1	95041	+	0	0	0	0	1	0
LT934125.1	95045	+	0	0	0	0	1	0
LT934125.1	95058	+	0	0	0	0	1	0
LT934125.1	95067	-	0	0	1	0	0	0
LT934125.1	95081	+	0	0	0	0	1	0
LT934125.1	95085	+	1	0	0	0	0	0
LT934125.1	95093	-	0	0	0	0	1	0
LT934125.1	95100	+	0	0	0	0	1	0
LT934125.1	95101	+	0	0	0	0	1	0
LT934125.1	95121	+	0	0	0	0	1	0
LT934125.1	95127	+	0	0	0	0	1	0
LT934125.1	95129	-	0	0	1	0	0	0
LT934125.1	95130	-	0	0	0	0	1	0
LT934125.1	95138	+	0	0	0	0	1	0
LT934125.1	95145	-	1	0	1	0	0	0
LT934125.1	95148	+	0	0	0	0	1	0
LT934125.1	95148	-	0	0	1	0	0	0
LT934125.1	95150	+	0	0	0	0	1	0
LT934125.1	95155	-	0	0	1	0	0	1
LT934125.1	95156	+	0	0	1	0	0	0
LT934125.1	95160	+	0	0	0	0	1	0
LT934125.1	95165	+	0	0	1	0	0	0
LT934125.1	95166	+	0	0	0	0	1	0
LT934125.1	95168	+	0	0	0	0	1	0
LT934125.1	95169	+	0	0	0	0	2	0
LT934125.1	95170	+	0	0	0	0	4	0
LT934125.1	95172	+	0	0	0	0	1	0
LT934125.1	95206	+	0	0	0	0	1	0
LT934125.1	95208	+	0	0	0	0	1	0
LT934125.1	95209	+	0	0	0	0	2	0
LT934125.1	95210	+	0	0	0	0	4	0
LT934125.1	95212	+	0	0	0	0	1	0
LT934125.1	95214	+	1	0	0	0	0	0
LT934125.1	95220	+	0	0	0	0	2	0
LT934125.1	95230	+	0	0	0	0	1	0
LT934125.1	95236	+	0	0	1	0	0	0
LT934125.1	95240	+	0	0	0	0	1	0
LT934125.1	95242	+	0	0	1	0	0	0
LT934125.1	95259	+	0	0	0	0	1	0
LT934125.1	95307	+	0	0	0	0	1	0
LT934125.1	95344	+	0	0	0	0	1	0
LT934125.1	95377	+	0	0	0	0	1	0
LT934125.1	95392	-	1	0	0	0	3	0
LT934125.1	95394	+	0	0	0	0	1	0
LT934125.1	95397	+	0	0	1	0	6	0
LT934125.1	95418	+	1	0	0	0	0	0
LT934125.1	95424	-	0	0	0	0	1	0
LT934125.1	95444	+	1	0	3	0	0	0
LT934125.1	95444	-	0	0	0	0	1	0
LT934125.1	95445	+	0	0	0	0	1	0
LT934125.1	95446	+	0	0	3	0	5	0
LT934125.1	95454	+	0	0	1	0	2	0
LT934125.1	95482	+	0	0	0	0	1	0
LT934125.1	95491	+	0	0	0	0	1	0
LT934125.1	95501	-	0	0	1	0	0	0
LT934125.1	95506	-	1	0	1	0	0	0
LT934125.1	95551	+	0	0	0	0	1	0
LT934125.1	95554	+	0	0	0	0	1	0
LT934125.1	95555	+	1	0	0	0	2	0
LT934125.1	95564	-	1	0	0	0	0	0
LT934125.1	95567	-	0	0	2	0	0	0
LT934125.1	95568	-	0	0	0	0	1	0
LT934125.1	95569	-	0	0	0	0	2	0
LT934125.1	95574	-	0	0	0	0	1	0
LT934125.1	95589	+	2	0	0	0	1	0
LT934125.1	95590	+	0	0	0	0	1	0
LT934125.1	95591	+	2	0	0	0	3	0
LT934125.1	95603	+	0	0	0	0	1	0
LT934125.1	95620	+	0	0	0	0	0	1
LT934125.1	95621	+	2	0	0	0	0	0
LT934125.1	95623	+	0	0	0	0	1	0
LT934125.1	95624	+	0	0	1	0	8	0
LT934125.1	95635	+	0	0	1	0	0	0
LT934125.1	95636	+	0	0	0	0	1	0
LT934125.1	95638	+	0	0	0	0	1	0
LT934125.1	95639	+	1	0	1	0	0	0
LT934125.1	95642	+	0	0	0	0	1	0
LT934125.1	95643	-	0	0	1	0	1	0
LT934125.1	95644	+	0	0	0	0	2	0
LT934125.1	95670	-	0	0	1	0	0	0
LT934125.1	95672	-	0	0	1	0	1	0
LT934125.1	95675	-	0	0	0	0	1	0
LT934125.1	95688	+	0	0	0	0	1	0
LT934125.1	95690	-	0	0	0	0	1	0
LT934125.1	95691	-	2	0	1	0	1	0
LT934125.1	95694	-	6	1	6	1	31	0
LT934125.1	95695	+	1	0	0	0	1	0
LT934125.1	95695	-	0	0	0	0	1	0
LT934125.1	95697	-	0	0	0	0	1	0
LT934125.1	95722	-	0	0	0	0	1	0
LT934125.1	95726	-	0	0	0	0	1	0
LT934125.1	95742	+	0	0	0	0	1	0
LT934125.1	95743	+	0	0	0	0	5	0
LT934125.1	95743	-	0	0	0	0	1	0
LT934125.1	95744	+	0	0	0	0	3	0
LT934125.1	95746	+	0	0	1	0	179	0
LT934125.1	95747	+	0	0	0	0	1	0
LT934125.1	95748	+	1	0	7	0	24	1
LT934125.1	95749	+	1	0	7	0	23	0
LT934125.1	95750	+	35	0	71	0	1	0
LT934125.1	95751	+	0	0	1	0	0	0
LT934125.1	95752	+	0	0	0	0	2	0
LT934125.1	95753	+	0	0	0	0	1	0
LT934125.1	95767	+	0	0	0	0	1	0
LT934125.1	95776	+	0	0	0	0	1	0
LT934125.1	95792	-	1	0	0	0	0	0
LT934125.1	95843	+	1	0	0	0	1	0
LT934125.1	95868	-	1	0	0	0	0	0
LT934125.1	95869	+	0	0	0	0	1	0
LT934125.1	95870	-	0	0	0	0	0	1
LT934125.1	95874	+	0	0	0	0	1	0
LT934125.1	95874	-	0	0	0	0	1	0
LT934125.1	95875	+	0	1	0	0	20	0
LT934125.1	95876	+	1	0	1	0	0	0
LT934125.1	95877	+	0	0	0	0	1	0
LT934125.1	95878	+	0	0	0	0	1	0
LT934125.1	95880	+	1	0	2	0	10	0
LT934125.1	95881	-	0	0	2	0	2	0
LT934125.1	95882	-	0	0	1	0	0	0
LT934125.1	95883	+	0	0	0	0	2	0
LT934125.1	95884	-	0	0	1	0	0	0
LT934125.1	95885	-	0	0	0	1	0	0
LT934125.1	95886	-	0	0	0	0	2	0
LT934125.1	95891	+	0	0	1	0	1	0
LT934125.1	95899	-	0	0	1	0	0	0
LT934125.1	95924	+	0	0	1	0	0	0
LT934125.1	95926	+	0	0	0	0	2	0
LT934125.1	95929	+	0	0	0	0	1	0
LT934125.1	95933	-	0	1	0	0	0	0
LT934125.1	95937	-	1	0	0	0	0	0
LT934125.1	95943	+	0	0	0	0	2	0
LT934125.1	95959	+	0	0	0	0	1	0
LT934125.1	95974	+	0	0	0	0	1	0
LT934125.1	95978	-	1	0	0	0	0	0
LT934125.1	96012	+	0	0	1	0	0	0
LT934125.1	96015	-	0	0	1	0	0	0
LT934125.1	96027	-	0	0	1	0	0	0
LT934125.1	96081	+	0	0	1	0	0	0
LT934125.1	96086	-	2	0	0	0	0	1
LT934125.1	96087	-	0	0	1	0	0	0
LT934125.1	96089	-	0	0	0	0	1	0
LT934125.1	96092	-	0	0	0	0	1	0
LT934125.1	96106	-	0	0	1	0	0	0
LT934125.1	96108	-	1	0	1	0	1	0
LT934125.1	96109	-	0	0	0	0	1	0
LT934125.1	96115	-	0	0	1	0	0	2
LT934125.1	96116	-	0	0	1	0	0	0
LT934125.1	96119	-	0	0	0	0	3	1
LT934125.1	96120	-	0	0	0	0	1	0
LT934125.1	96121	-	0	1	0	0	0	0
LT934125.1	96122	-	0	0	1	0	0	0
LT934125.1	96128	+	0	0	0	0	1	0
LT934125.1	96137	-	0	0	0	1	1	0
LT934125.1	96140	-	2	0	1	0	0	0
LT934125.1	96142	-	1	0	0	0	0	0
LT934125.1	96143	-	0	0	1	1	0	0
LT934125.1	96144	+	0	0	0	0	1	0
LT934125.1	96144	-	0	0	1	0	0	0
LT934125.1	96145	-	0	0	1	0	0	0
LT934125.1	96146	-	3	0	6	0	1	0
LT934125.1	96147	-	2	0	1	0	1	0
LT934125.1	96149	-	3	0	5	0	2	0
LT934125.1	96150	-	0	0	0	0	0	1
LT934125.1	96152	-	0	0	0	0	1	0
LT934125.1	96167	-	1	1	1	0	0	0
LT934125.1	96168	-	0	0	3	0	0	0
LT934125.1	96174	+	0	0	0	0	1	0
LT934125.1	96177	+	0	0	0	0	1	0
LT934125.1	96180	-	0	0	1	0	0	7
LT934125.1	96181	-	0	1	0	0	1	0
LT934125.1	96189	-	0	0	0	0	0	1
LT934125.1	96191	-	0	0	0	0	0	1
LT934125.1	96193	-	0	0	0	0	0	1
LT934125.1	96198	-	0	0	0	0	1	0
LT934125.1	96208	-	0	0	0	0	0	1
LT934125.1	96210	-	0	0	1	0	0	1
LT934125.1	96212	-	0	0	0	0	0	1
LT934125.1	96215	-	0	0	0	0	1	0
LT934125.1	96225	+	0	0	0	1	0	0
LT934125.1	96228	-	0	0	1	0	1	0
LT934125.1	96231	-	0	0	3	0	0	0
LT934125.1	96234	-	0	0	0	0	0	1
LT934125.1	96240	-	0	1	0	0	0	0
LT934125.1	96241	-	0	0	0	0	0	1
LT934125.1	96264	-	0	0	0	0	1	0
LT934125.1	96270	+	0	0	0	0	1	0
LT934125.1	96282	-	2	0	0	0	0	0
LT934125.1	96287	-	0	0	1	0	0	3
LT934125.1	96288	-	0	1	0	0	0	0
LT934125.1	96289	-	0	0	0	0	4	0
LT934125.1	96290	-	1	0	0	0	0	0
LT934125.1	96297	-	0	1	1	0	0	0
LT934125.1	96299	-	0	0	0	0	0	1
LT934125.1	96303	-	1	0	0	0	0	0
LT934125.1	96304	-	0	0	1	0	0	3
LT934125.1	96305	-	0	1	0	0	1	7
LT934125.1	96306	-	0	0	1	0	0	0
LT934125.1	96309	-	0	0	0	0	0	1
LT934125.1	96320	-	0	0	0	0	0	1
LT934125.1	96327	+	0	0	1	0	0	0
LT934125.1	96330	+	0	0	0	0	1	0
LT934125.1	96332	-	0	0	0	0	1	0
LT934125.1	96337	-	0	0	1	0	0	0
LT934125.1	96354	-	0	0	0	0	0	1
LT934125.1	96356	-	0	0	1	0	0	0
LT934125.1	96366	-	0	0	0	0	0	2
LT934125.1	96369	-	0	1	0	0	0	0
LT934125.1	96380	-	0	0	0	0	0	1
LT934125.1	96382	-	0	0	0	0	1	0
LT934125.1	96385	-	0	0	0	0	0	1
LT934125.1	96387	-	0	0	1	0	0	0
LT934125.1	96389	-	0	0	0	0	0	1
LT934125.1	96405	-	0	0	0	0	1	0
LT934125.1	96410	+	0	0	0	0	1	0
LT934125.1	96421	-	0	1	0	0	0	0
LT934125.1	96422	-	0	1	0	0	0	0
LT934125.1	96441	-	0	0	0	0	0	1
LT934125.1	96457	-	0	0	0	0	1	0
LT934125.1	96479	+	1	0	0	0	0	0
LT934125.1	96480	-	0	0	0	0	1	0
LT934125.1	96481	-	0	0	0	0	0	1
LT934125.1	96525	-	0	0	0	0	1	0
LT934125.1	96526	+	1	0	3	0	0	0
LT934125.1	96540	-	1	0	0	0	0	0
LT934125.1	96548	-	0	0	0	0	1	0
LT934125.1	96554	-	0	0	0	0	0	1
LT934125.1	96562	+	0	0	1	0	0	0
LT934125.1	96563	-	0	0	1	0	0	0
LT934125.1	96567	-	0	0	1	0	1	0
LT934125.1	96578	+	0	0	1	0	0	0
LT934125.1	96587	-	0	0	0	0	1	1
LT934125.1	96588	-	0	0	0	0	0	1
LT934125.1	96593	+	0	0	0	0	0	1
LT934125.1	96594	+	1	0	1	0	0	0
LT934125.1	96594	-	0	0	0	0	1	0
LT934125.1	96596	-	1	0	0	0	2	0
LT934125.1	96597	+	6	0	1	0	3	0
LT934125.1	96598	-	2	0	0	0	11	1
LT934125.1	96600	-	1	0	1	0	1	0
LT934125.1	96601	-	0	0	0	0	2	0
LT934125.1	96603	-	2	0	1	0	2	0
LT934125.1	96614	-	0	0	1	0	0	0
LT934125.1	96615	+	0	0	0	0	1	0
LT934125.1	96618	+	0	0	0	0	1	0
LT934125.1	96628	-	0	0	0	0	2	0
LT934125.1	96635	-	0	0	0	0	1	0
LT934125.1	96652	+	0	0	0	0	1	0
LT934125.1	96654	+	2	0	0	0	7	0
LT934125.1	96660	-	0	0	0	0	0	1
LT934125.1	96661	-	0	0	1	0	0	0
LT934125.1	96670	-	0	0	1	0	0	0
LT934125.1	96684	-	0	0	0	0	1	0
LT934125.1	96696	+	0	0	0	0	1	0
LT934125.1	96698	-	1	0	0	0	0	0
LT934125.1	96701	+	0	0	0	0	0	1
LT934125.1	96705	+	1	0	0	0	0	0
LT934125.1	96707	-	0	0	0	0	1	0
LT934125.1	96717	+	0	0	0	0	1	0
LT934125.1	96721	+	2	0	0	0	1	0
LT934125.1	96727	-	0	0	0	0	1	1
LT934125.1	96729	-	1	1	0	0	1	0
LT934125.1	96749	-	0	0	0	0	2	0
LT934125.1	96763	-	0	0	0	0	0	1
LT934125.1	96764	+	0	0	1	0	1	0
LT934125.1	96766	+	0	0	0	0	1	0
LT934125.1	96767	-	0	1	0	0	0	0
LT934125.1	96783	+	1	0	0	0	0	0
LT934125.1	96823	+	0	0	1	0	0	0
LT934125.1	96826	+	0	0	0	0	2	0
LT934125.1	96830	-	0	0	0	0	1	0
LT934125.1	96832	-	0	0	1	0	0	0
LT934125.1	96834	-	0	0	0	2	0	0
LT934125.1	96835	-	0	0	0	0	0	1
LT934125.1	96836	-	0	0	1	0	0	0
LT934125.1	96846	-	1	0	0	0	0	0
LT934125.1	96883	+	4	0	0	0	0	0
LT934125.1	96885	+	2	0	3	0	18	1
LT934125.1	96886	+	0	0	0	0	9	0
LT934125.1	96887	+	0	0	1	0	2	0
LT934125.1	96888	+	1	0	0	0	0	0
LT934125.1	96890	+	0	0	0	0	2	0
LT934125.1	96895	+	0	0	0	0	1	0
LT934125.1	96906	-	1	0	0	0	0	1
LT934125.1	96914	-	0	0	1	0	0	0
LT934125.1	96919	-	1	0	0	0	0	0
LT934125.1	96923	-	1	0	0	1	2	0
LT934125.1	96929	-	1	0	0	0	0	0
LT934125.1	96930	-	0	0	1	0	0	0
LT934125.1	96959	-	0	1	0	0	0	0
LT934125.1	96960	-	1	0	0	0	0	0
LT934125.1	96961	-	7	1	0	0	0	8
LT934125.1	96962	-	1	0	14	1	0	0
LT934125.1	96963	-	0	0	1	0	0	0
LT934125.1	96970	+	0	0	0	0	1	0
LT934125.1	96971	-	0	0	0	0	0	1
LT934125.1	96972	-	0	0	0	0	0	2
LT934125.1	96974	+	0	0	0	0	1	0
LT934125.1	96977	+	0	0	1	0	0	0
LT934125.1	96979	-	5	1	0	0	1	4
LT934125.1	96980	-	2	0	3	0	2	2
LT934125.1	96981	-	0	0	2	0	0	0
LT934125.1	96983	-	0	0	1	1	0	0
LT934125.1	96987	-	0	1	0	0	0	0
LT934125.1	97005	-	1	0	0	0	0	0
LT934125.1	97017	-	2	0	0	0	0	0
LT934125.1	97020	-	2	0	0	0	2	1
LT934125.1	97022	-	0	0	0	0	1	2
LT934125.1	97023	-	2	0	1	0	0	0
LT934125.1	97050	-	0	0	2	0	0	0
LT934125.1	97053	+	0	0	1	0	2	0
LT934125.1	97074	+	0	0	0	0	1	0
LT934125.1	97076	-	1	0	1	0	0	0
LT934125.1	97077	+	0	0	0	0	1	0
LT934125.1	97080	-	0	1	0	0	0	0
LT934125.1	97087	-	0	0	1	0	0	1
LT934125.1	97109	+	0	0	0	0	1	0
LT934125.1	97116	-	1	0	0	0	2	0
LT934125.1	97122	+	0	0	0	0	1	0
LT934125.1	97122	-	0	0	0	0	5	0
LT934125.1	97124	-	0	0	0	0	2	0
LT934125.1	97129	+	0	0	0	0	1	0
LT934125.1	97129	-	0	0	1	0	0	0
LT934125.1	97144	+	0	0	0	0	1	1
LT934125.1	97152	+	1	0	0	0	0	0
LT934125.1	97170	-	0	0	2	0	0	0
LT934125.1	97174	-	0	1	2	2	1	0
LT934125.1	97176	-	0	0	1	0	1	1
LT934125.1	97178	-	6	0	0	0	0	0
LT934125.1	97179	-	0	0	0	0	2	0
LT934125.1	97194	+	0	0	1	0	0	0
LT934125.1	97194	-	0	0	0	0	0	1
LT934125.1	97198	+	0	0	1	0	0	0
LT934125.1	97201	-	0	0	0	0	1	0
LT934125.1	97205	+	1	0	0	0	0	0
LT934125.1	97220	+	0	0	0	0	1	0
LT934125.1	97228	+	0	0	0	0	1	0
LT934125.1	97230	-	0	0	1	0	0	0
LT934125.1	97238	-	0	0	1	0	0	0
LT934125.1	97239	-	0	0	0	0	1	0
LT934125.1	97265	-	0	0	1	0	0	0
LT934125.1	97280	-	0	0	0	0	1	0
LT934125.1	97288	-	0	1	1	0	1	1
LT934125.1	97291	-	1	0	1	0	0	0
LT934125.1	97313	-	1	0	0	0	0	0
LT934125.1	97314	+	0	0	0	0	1	0
LT934125.1	97317	-	1	0	0	0	0	1
LT934125.1	97320	-	0	0	0	0	0	2
LT934125.1	97324	-	0	0	0	0	1	1
LT934125.1	97326	-	0	0	0	0	0	1
LT934125.1	97328	+	0	0	0	0	1	0
LT934125.1	97330	-	2	0	0	0	0	0
LT934125.1	97335	-	0	0	0	0	0	1
LT934125.1	97337	-	15	2	2	19	8	127
LT934125.1	97338	-	0	0	0	0	0	2
LT934125.1	97339	-	55	9	142	37	38	278
LT934125.1	97340	-	2	0	49	3	1	14
LT934125.1	97341	-	0	0	0	0	0	1
LT934125.1	97342	-	3	1	0	1	1	9
LT934125.1	97343	-	9	1	1	1	4	28
LT934125.1	97344	-	0	0	3	4	0	1
LT934125.1	97346	-	0	0	5	0	1	0
LT934125.1	97361	-	65	9	104	25	133	231
LT934125.1	97362	-	0	0	1	0	7	0
LT934125.1	97363	-	0	0	0	0	1	2
LT934125.1	97364	-	0	0	1	1	0	0
LT934125.1	97365	-	1	0	3	0	3	8
LT934125.1	97366	-	2	0	0	0	0	3
LT934125.1	97367	-	0	0	2	0	0	0
LT934125.1	97368	-	2	1	3	1	0	0
LT934125.1	97371	-	0	0	0	0	0	1
LT934125.1	97372	-	0	0	2	0	0	0
LT934125.1	97382	-	0	0	0	0	1	0
LT934125.1	97394	+	0	0	0	0	10	0
LT934125.1	97401	-	1	0	0	0	0	0
LT934125.1	97437	+	0	0	1	0	0	0
LT934125.1	97439	+	0	0	0	0	1	0
LT934125.1	97452	-	0	0	1	0	0	0
LT934125.1	97471	-	0	0	0	0	1	0
LT934125.1	97479	+	0	0	0	0	1	0
LT934125.1	97494	+	0	0	0	0	1	0
LT934125.1	97512	+	0	0	0	0	1	0
LT934125.1	97521	+	0	0	1	0	0	0
LT934125.1	97524	+	0	0	0	0	1	0
LT934125.1	97536	-	0	0	0	0	1	0
LT934125.1	97550	+	0	0	0	0	4	0
LT934125.1	97551	+	0	0	1	0	0	0
LT934125.1	97552	+	0	0	0	0	1	0
LT934125.1	97568	-	0	0	1	0	0	0
LT934125.1	97582	+	0	0	0	0	1	0
LT934125.1	97589	+	0	0	0	0	1	0
LT934125.1	97592	+	0	0	0	0	1	0
LT934125.1	97594	+	0	0	0	0	1	0
LT934125.1	97597	+	1	0	0	0	0	0
LT934125.1	97598	+	0	0	0	0	2	0
LT934125.1	97605	+	0	0	0	0	1	0
LT934125.1	97646	-	0	0	0	0	1	0
LT934125.1	97650	+	1	0	0	0	0	0
LT934125.1	97669	+	0	0	0	0	1	0
LT934125.1	97671	+	0	0	0	0	1	0
LT934125.1	97677	-	0	0	0	0	2	0
LT934125.1	97680	+	0	0	0	0	1	0
LT934125.1	97697	-	0	0	0	0	1	0
LT934125.1	97718	-	0	0	0	0	1	0
LT934125.1	97725	-	0	0	0	0	1	0
LT934125.1	97738	+	0	0	0	0	1	0
LT934125.1	97740	-	0	0	0	0	1	0
LT934125.1	97781	-	0	0	1	0	0	0
LT934125.1	97797	+	0	0	0	0	1	0
LT934125.1	97814	+	0	0	0	0	1	0
LT934125.1	97815	+	0	0	0	0	2	0
LT934125.1	97822	+	0	0	0	0	1	0
LT934125.1	97832	+	0	0	0	0	1	0
LT934125.1	97845	+	0	0	0	0	1	0
LT934125.1	97862	+	0	0	0	0	2	0
LT934125.1	97863	+	0	0	1	0	0	0
LT934125.1	97905	-	0	0	0	0	1	0
LT934125.1	97939	+	0	0	0	0	1	0
LT934125.1	97944	+	0	0	0	0	1	0
LT934125.1	97944	-	0	0	0	0	1	0
LT934125.1	97980	+	0	0	0	0	1	0
LT934125.1	97999	-	0	0	1	0	1	0
LT934125.1	98007	-	0	0	1	0	1	0
LT934125.1	98010	+	0	0	0	0	1	0
LT934125.1	98013	+	0	0	1	0	0	0
LT934125.1	98025	-	0	0	0	0	1	0
LT934125.1	98028	-	0	0	0	0	2	0
LT934125.1	98041	+	0	0	0	0	1	0
LT934125.1	98060	+	0	0	1	0	0	0
LT934125.1	98081	+	0	0	0	0	1	0
LT934125.1	98083	+	0	0	0	0	1	0
LT934125.1	98098	+	1	0	0	0	0	0
LT934125.1	98102	+	1	0	0	0	2	0
LT934125.1	98115	-	0	0	1	0	0	0
LT934125.1	98136	-	0	0	0	0	1	0
LT934125.1	98146	-	0	0	0	0	1	0
LT934125.1	98148	+	1	0	0	0	1	0
LT934125.1	98154	-	0	0	0	0	1	0
LT934125.1	98164	-	1	0	0	0	0	0
LT934125.1	98195	-	0	0	0	0	3	0
LT934125.1	98196	-	0	0	1	0	0	0
LT934125.1	98223	-	0	0	1	0	0	0
LT934125.1	98227	-	0	0	0	0	1	0
LT934125.1	98229	-	0	0	0	0	1	0
LT934125.1	98246	-	1	0	0	0	0	0
LT934125.1	98258	-	0	0	0	0	1	0
LT934125.1	98259	-	0	0	1	0	0	0
LT934125.1	98260	-	0	0	0	0	1	0
LT934125.1	98284	+	0	0	0	0	1	0
LT934125.1	98287	-	0	0	0	0	1	0
LT934125.1	98303	-	0	0	0	0	1	0
LT934125.1	98305	-	1	0	0	0	0	0
LT934125.1	98306	-	0	0	0	0	1	0
LT934125.1	98313	-	0	0	0	0	1	0
LT934125.1	98326	-	1	0	0	0	1	0
LT934125.1	98327	+	0	0	1	0	3	0
LT934125.1	98350	+	0	0	0	0	1	0
LT934125.1	98351	+	0	0	0	0	1	0
LT934125.1	98354	+	0	0	0	0	1	0
LT934125.1	98367	+	0	0	0	0	1	0
LT934125.1	98367	-	0	0	0	0	1	0
LT934125.1	98378	-	0	0	0	0	1	0
LT934125.1	98380	-	0	0	0	0	1	0
LT934125.1	98384	-	0	0	0	0	1	0
LT934125.1	98394	-	0	0	0	0	1	0
LT934125.1	98397	-	0	0	0	0	1	0
LT934125.1	98399	-	2	0	3	0	8	0
LT934125.1	98401	-	0	0	0	0	1	0
LT934125.1	98412	-	0	0	0	0	1	0
LT934125.1	98413	-	0	0	0	0	1	1
LT934125.1	98415	-	6	0	5	0	9	1
LT934125.1	98417	-	1	0	1	1	2	0
LT934125.1	98418	+	0	0	0	0	1	0
LT934125.1	98429	+	1	0	0	0	0	0
LT934125.1	98439	+	0	0	0	0	0	1
LT934125.1	98447	+	0	0	0	0	1	0
LT934125.1	98452	+	0	0	1	0	0	0
LT934125.1	98464	+	1	0	0	0	0	0
LT934125.1	98470	+	0	0	1	0	0	0
LT934125.1	98472	+	1	0	0	0	1	0
LT934125.1	98479	-	0	0	0	0	1	0
LT934125.1	98485	+	0	0	1	0	0	0
LT934125.1	98486	-	0	0	0	0	1	0
LT934125.1	98491	+	0	0	1	0	0	0
LT934125.1	98502	-	0	0	0	0	1	0
LT934125.1	98521	+	0	0	1	0	0	0
LT934125.1	98529	-	0	0	1	0	0	0
LT934125.1	98530	-	0	0	0	0	1	0
LT934125.1	98540	-	0	0	0	0	7	0
LT934125.1	98541	-	0	0	1	0	1	0
LT934125.1	98542	-	0	0	0	0	2	0
LT934125.1	98547	-	0	0	0	0	1	0
LT934125.1	98551	-	0	0	0	0	4	0
LT934125.1	98552	-	0	0	0	0	1	0
LT934125.1	98553	-	0	0	0	0	1	0
LT934125.1	98563	-	1	0	0	0	8	0
LT934125.1	98564	-	0	0	0	0	4	0
LT934125.1	98566	-	0	0	0	0	1	0
LT934125.1	98569	-	0	0	1	0	1	0
LT934125.1	98570	-	0	0	1	0	6	0
LT934125.1	98578	-	0	0	0	0	1	0
LT934125.1	98582	-	0	0	0	0	1	0
LT934125.1	98584	-	0	0	1	0	0	0
LT934125.1	98586	-	0	0	0	0	2	0
LT934125.1	98587	-	0	0	0	0	1	0
LT934125.1	98588	-	0	0	0	0	3	0
LT934125.1	98589	-	0	0	0	1	0	0
LT934125.1	98590	-	0	0	1	0	0	0
LT934125.1	98591	-	0	0	0	0	1	0
LT934125.1	98594	-	0	0	0	0	2	0
LT934125.1	98596	-	2	0	12	0	3	2
LT934125.1	98599	+	0	0	0	0	2	0
LT934125.1	98599	-	0	0	5	0	0	0
LT934125.1	98601	-	0	0	1	0	0	0
LT934125.1	98605	-	0	0	1	0	0	0
LT934125.1	98641	-	0	0	0	0	1	0
LT934125.1	98642	-	0	0	0	0	1	0
LT934125.1	98652	+	0	0	0	0	1	0
LT934125.1	98658	-	0	0	0	0	1	0
LT934125.1	98662	+	0	0	0	0	1	0
LT934125.1	98666	-	0	0	0	1	0	0
LT934125.1	98668	+	0	0	0	0	1	0
LT934125.1	98672	+	0	0	0	0	2	0
LT934125.1	98675	+	0	0	1	0	0	0
LT934125.1	98677	+	0	0	0	0	1	0
LT934125.1	98678	+	1	0	0	0	0	0
LT934125.1	98684	-	0	0	1	0	0	0
LT934125.1	98689	-	0	0	0	0	1	0
LT934125.1	98690	+	0	0	0	0	1	0
LT934125.1	98692	-	0	0	0	0	0	1
LT934125.1	98694	+	0	0	0	0	1	0
LT934125.1	98700	-	0	0	0	0	2	0
LT934125.1	98713	-	0	0	0	0	1	0
LT934125.1	98717	-	0	0	0	0	1	0
LT934125.1	98728	-	0	0	0	0	1	0
LT934125.1	98729	-	1	0	0	0	1	0
LT934125.1	98734	-	0	0	0	0	2	0
LT934125.1	98736	-	0	0	0	0	1	0
LT934125.1	98737	-	0	0	1	0	0	0
LT934125.1	98752	+	0	0	0	0	1	0
LT934125.1	98754	+	0	0	1	0	0	0
LT934125.1	98758	+	0	0	0	0	1	0
LT934125.1	98758	-	0	0	0	0	2	0
LT934125.1	98759	-	0	0	2	0	0	0
LT934125.1	98769	+	0	0	1	0	0	1
LT934125.1	98800	-	0	0	1	0	0	0
LT934125.1	98816	-	0	0	2	0	0	0
LT934125.1	98831	-	0	0	0	0	1	0
LT934125.1	98835	-	0	0	0	0	1	0
LT934125.1	98836	-	2	0	0	0	0	0
LT934125.1	98837	-	0	0	0	0	1	0
LT934125.1	98844	-	0	0	1	0	0	0
LT934125.1	98847	-	0	0	0	0	1	0
LT934125.1	98849	-	1	0	0	0	3	0
LT934125.1	98851	-	1	0	0	0	0	0
LT934125.1	98852	-	0	0	0	0	1	0
LT934125.1	98858	-	0	0	0	0	1	0
LT934125.1	98866	+	0	0	0	0	1	0
LT934125.1	98874	-	0	0	0	0	1	0
LT934125.1	98884	-	1	0	0	0	0	0
LT934125.1	98890	+	0	0	0	0	1	0
LT934125.1	98890	-	1	0	0	0	0	0
LT934125.1	98891	+	0	0	0	0	0	1
LT934125.1	98897	-	0	0	0	0	2	0
LT934125.1	98898	-	0	0	0	0	1	0
LT934125.1	98902	-	0	0	0	0	1	0
LT934125.1	98912	-	0	0	0	0	1	0
LT934125.1	98918	+	0	0	0	0	1	0
LT934125.1	98927	-	0	0	0	0	4	0
LT934125.1	98928	-	0	0	1	0	1	0
LT934125.1	98952	-	0	0	1	0	0	0
LT934125.1	98970	-	0	0	1	1	0	1
LT934125.1	98972	-	0	0	0	0	1	0
LT934125.1	98973	-	2	0	1	0	0	0
LT934125.1	98976	-	0	0	1	0	0	0
LT934125.1	98978	-	0	0	1	0	0	0
LT934125.1	98980	-	0	0	0	0	1	0
LT934125.1	98986	-	1	0	2	1	0	0
LT934125.1	98989	-	0	0	0	0	1	0
LT934125.1	98994	-	0	0	0	0	1	0
LT934125.1	98997	-	0	0	1	0	0	0
LT934125.1	99004	-	0	0	1	0	0	0
LT934125.1	99010	-	0	0	1	0	0	0
LT934125.1	99018	-	0	0	2	0	0	0
LT934125.1	99028	-	0	0	0	1	0	0
LT934125.1	99041	-	0	0	0	0	1	0
LT934125.1	99052	-	0	0	0	0	1	0
LT934125.1	99063	+	0	0	0	0	1	0
LT934125.1	99090	+	1	0	0	0	0	0
LT934125.1	99109	+	1	0	0	0	0	0
LT934125.1	99134	-	0	0	0	0	1	0
LT934125.1	99175	+	0	0	0	0	1	0
LT934125.1	99200	-	1	0	0	0	0	0
LT934125.1	99201	-	0	0	0	0	2	0
LT934125.1	99252	+	0	0	0	0	1	0
LT934125.1	99259	-	0	0	0	0	2	0
LT934125.1	99267	+	0	0	1	0	0	0
LT934125.1	99286	-	0	0	0	0	3	0
LT934125.1	99311	-	0	0	0	0	1	0
LT934125.1	99325	+	0	0	0	0	3	0
LT934125.1	99359	-	0	0	0	0	1	0
LT934125.1	99364	+	0	0	0	0	1	0
LT934125.1	99381	+	0	0	1	0	0	0
LT934125.1	99396	-	1	0	0	0	0	0
LT934125.1	99400	-	0	0	0	0	1	0
LT934125.1	99463	-	0	0	0	0	1	0
LT934125.1	99499	+	0	0	0	0	1	0
LT934125.1	99516	+	1	0	0	0	0	0
LT934125.1	99559	-	0	0	0	1	0	0
LT934125.1	99563	-	0	0	0	1	0	0
LT934125.1	99585	-	0	0	0	0	1	0
LT934125.1	99597	+	1	0	0	0	0	0
LT934125.1	99668	-	0	0	0	0	1	0
LT934125.1	99698	-	0	1	0	0	2	0
LT934125.1	99703	-	1	0	0	0	0	0
LT934125.1	99706	-	0	0	1	0	0	0
LT934125.1	99723	-	0	0	1	0	0	0
LT934125.1	99726	-	0	0	0	0	1	0
LT934125.1	99729	-	1	0	0	0	0	0
LT934125.1	99757	-	0	0	0	0	1	0
LT934125.1	99767	-	0	0	0	0	1	0
LT934125.1	99768	-	0	0	1	0	0	0
LT934125.1	99776	-	0	0	0	1	2	0
LT934125.1	99777	-	0	0	2	0	0	0
LT934125.1	99782	+	0	0	2	0	0	0
LT934125.1	99788	+	0	0	0	0	1	0
LT934125.1	99808	-	0	0	0	0	1	0
LT934125.1	99809	-	0	0	0	0	1	0
LT934125.1	99810	-	0	0	1	0	0	0
LT934125.1	99831	+	0	0	0	0	1	0
LT934125.1	99832	+	0	0	1	0	1	0
LT934125.1	99833	+	1	0	0	0	0	0
LT934125.1	99837	-	0	0	0	0	1	0
LT934125.1	99838	-	0	0	0	0	2	0
LT934125.1	99839	-	0	0	1	1	1	0
LT934125.1	99840	-	0	0	3	0	0	0
LT934125.1	99841	-	0	0	0	0	1	0
LT934125.1	99849	-	1	0	0	0	0	0
LT934125.1	99885	+	0	0	0	0	1	0
LT934125.1	99911	+	0	0	1	0	0	0
LT934125.1	99914	-	0	0	1	0	0	0
LT934125.1	99925	-	0	0	1	0	0	0
LT934125.1	99928	-	0	0	1	0	0	0
LT934125.1	99929	+	0	0	1	0	0	0
LT934125.1	99932	+	0	0	0	0	2	0
LT934125.1	99946	+	0	0	3	0	0	0
LT934125.1	99948	+	0	0	0	0	0	1
LT934125.1	99949	+	0	0	0	1	0	0
LT934125.1	99958	-	1	0	0	0	0	0
LT934125.1	99978	+	0	0	2	0	2	0
LT934125.1	99987	-	0	0	0	0	1	0
LT934125.1	99990	+	0	0	0	0	1	0
LT934125.1	100006	-	0	0	0	0	1	0
LT934125.1	100021	+	0	0	1	0	0	0
LT934125.1	100027	+	0	0	0	0	1	0
LT934125.1	100035	+	0	0	0	0	1	0
LT934125.1	100052	-	0	0	0	0	1	0
LT934125.1	100055	-	0	0	1	0	0	0
LT934125.1	100059	+	0	0	1	0	0	0
LT934125.1	100060	-	1	0	0	0	0	0
LT934125.1	100062	+	0	0	1	0	0	0
LT934125.1	100076	+	0	0	1	0	0	0
LT934125.1	100078	-	0	0	1	0	0	0
LT934125.1	100091	+	0	0	0	0	1	0
LT934125.1	100093	+	0	0	0	0	1	0
LT934125.1	100100	+	0	0	0	0	1	0
LT934125.1	100101	-	0	0	1	0	0	0
LT934125.1	100102	-	0	0	0	0	1	0
LT934125.1	100122	+	0	0	1	0	2	0
LT934125.1	100123	+	0	0	1	0	1	0
LT934125.1	100127	-	0	0	0	0	2	0
LT934125.1	100128	-	0	0	4	0	4	0
LT934125.1	100142	+	0	0	1	0	0	0
LT934125.1	100155	+	1	0	0	0	0	0
LT934125.1	100156	+	0	0	2	0	0	0
LT934125.1	100171	-	0	0	0	0	1	0
LT934125.1	100182	+	0	0	0	0	1	0
LT934125.1	100187	+	1	0	0	0	0	0
LT934125.1	100197	+	0	0	1	0	0	0
LT934125.1	100225	-	0	0	1	0	0	1
LT934125.1	100227	-	0	0	1	0	0	0
LT934125.1	100230	-	0	0	1	0	0	0
LT934125.1	100235	-	0	0	2	0	0	0
LT934125.1	100240	-	0	0	0	0	1	0
LT934125.1	100243	-	0	0	0	0	0	1
LT934125.1	100251	-	0	0	2	0	0	0
LT934125.1	100253	-	0	0	1	0	0	0
LT934125.1	100256	+	0	0	0	0	1	0
LT934125.1	100258	-	0	0	1	0	0	0
LT934125.1	100264	-	0	0	0	0	1	0
LT934125.1	100281	-	0	0	0	0	1	0
LT934125.1	100291	-	0	0	1	0	1	0
LT934125.1	100292	-	1	0	0	0	0	0
LT934125.1	100301	+	0	0	0	0	1	0
LT934125.1	100302	+	0	0	0	0	1	0
LT934125.1	100307	+	0	0	0	0	1	0
LT934125.1	100313	-	0	0	0	0	1	0
LT934125.1	100319	+	0	0	0	0	2	0
LT934125.1	100334	-	1	0	0	0	0	0
LT934125.1	100358	-	0	0	0	0	1	0
LT934125.1	100365	-	0	0	0	0	1	0
LT934125.1	100382	-	0	0	1	0	0	0
LT934125.1	100395	-	0	0	0	0	1	0
LT934125.1	100431	+	0	0	0	0	1	0
LT934125.1	100433	+	2	0	0	0	0	0
LT934125.1	100434	-	0	0	0	0	1	0
LT934125.1	100435	-	0	0	0	0	1	0
LT934125.1	100437	+	0	0	0	1	0	1
LT934125.1	100455	+	0	0	1	0	0	0
LT934125.1	100487	-	0	0	0	0	1	0
LT934125.1	100491	-	0	0	1	0	0	0
LT934125.1	100496	+	0	0	0	0	1	0
LT934125.1	100511	+	0	0	0	0	1	0
LT934125.1	100518	+	0	0	0	0	2	0
LT934125.1	100519	+	1	0	0	0	0	0
LT934125.1	100524	-	0	0	0	0	1	0
LT934125.1	100525	-	0	0	0	0	2	0
LT934125.1	100563	+	0	0	0	1	0	0
LT934125.1	100576	-	0	0	1	0	0	0
LT934125.1	100580	+	0	0	0	0	1	0
LT934125.1	100586	+	0	0	1	0	0	0
LT934125.1	100595	+	0	0	1	0	0	0
LT934125.1	100598	+	0	0	6	0	1	0
LT934125.1	100599	+	2	0	0	0	1	0
LT934125.1	100601	+	1	0	3	0	1	0
LT934125.1	100664	-	0	0	0	0	1	0
LT934125.1	100668	-	0	0	0	0	1	0
LT934125.1	100710	-	0	0	0	0	2	0
LT934125.1	100711	-	0	0	0	0	2	0
LT934125.1	100722	+	0	0	0	0	1	0
LT934125.1	100730	-	0	0	0	0	1	0
LT934125.1	100732	-	0	0	0	0	1	0
LT934125.1	100734	-	0	0	0	0	1	0
LT934125.1	100759	-	0	0	0	0	1	0
LT934125.1	100776	-	0	0	0	1	0	0
LT934125.1	100791	+	0	0	1	0	0	0
LT934125.1	100803	-	0	0	0	0	1	0
LT934125.1	100842	-	0	0	0	0	1	0
LT934125.1	100853	+	0	0	0	0	1	0
LT934125.1	100854	+	0	0	0	0	1	0
LT934125.1	100889	-	0	0	1	0	0	0
LT934125.1	100907	-	0	0	0	0	1	0
LT934125.1	100952	-	1	0	0	0	0	0
LT934125.1	100976	-	0	0	1	0	0	0
LT934125.1	100980	-	0	0	0	0	1	0
LT934125.1	101001	-	0	0	0	0	1	0
LT934125.1	101039	-	0	0	0	0	1	0
LT934125.1	101041	-	0	0	1	0	1	0
LT934125.1	101067	-	0	0	1	0	0	0
LT934125.1	101110	-	0	0	0	0	2	0
LT934125.1	101111	-	0	0	0	0	6	0
LT934125.1	101197	-	0	0	0	0	4	0
LT934125.1	101198	-	0	0	1	0	2	0
LT934125.1	101199	-	0	0	0	0	7	0
LT934125.1	101230	+	0	0	0	0	1	0
LT934125.1	101235	-	0	0	0	0	1	0
LT934125.1	101236	+	0	0	0	0	1	0
LT934125.1	101237	-	0	0	0	0	5	0
LT934125.1	101240	-	0	0	1	0	25	0
LT934125.1	101241	-	0	0	0	0	3	0
LT934125.1	101242	-	0	0	0	0	2	0
LT934125.1	101272	+	0	0	0	0	1	0
LT934125.1	101287	+	0	0	0	0	2	0
LT934125.1	101288	+	0	0	1	0	0	0
LT934125.1	101290	+	0	0	8	0	73	0
LT934125.1	101292	+	0	0	0	0	40	0
LT934125.1	101293	+	0	0	11	0	80	0
LT934125.1	101293	-	0	0	0	0	1	0
LT934125.1	101294	+	0	0	0	0	2	0
LT934125.1	101295	+	0	0	0	0	1	0
LT934125.1	101296	+	0	0	0	0	6	0
LT934125.1	101297	+	0	0	0	0	1	0
LT934125.1	101298	-	0	0	0	0	1	0
LT934125.1	101302	-	0	0	0	0	2	0
LT934125.1	101306	-	0	0	0	0	1	0
LT934125.1	101310	+	0	0	0	0	1	0
LT934125.1	101310	-	0	0	0	0	1	0
LT934125.1	101316	-	0	0	1	0	0	0
LT934125.1	101319	+	0	0	0	0	1	0
LT934125.1	101320	-	0	0	0	0	1	0
LT934125.1	101322	-	0	0	1	0	0	0
LT934125.1	101324	-	1	0	0	0	2	0
LT934125.1	101334	-	0	0	0	0	1	0
LT934125.1	101340	+	0	0	0	1	0	0
LT934125.1	101345	+	0	0	0	0	1	0
LT934125.1	101351	+	0	0	0	0	3	0
LT934125.1	101356	-	0	0	0	0	1	0
LT934125.1	101365	+	0	0	0	0	1	0
LT934125.1	101367	+	0	0	1	0	0	0
LT934125.1	101370	+	0	0	1	0	0	0
LT934125.1	101372	+	0	0	1	0	1	0
LT934125.1	101376	+	0	0	0	0	1	0
LT934125.1	101385	-	0	0	0	0	1	0
LT934125.1	101390	-	1	0	0	0	0	0
LT934125.1	101393	-	0	0	0	0	1	0
LT934125.1	101404	-	0	0	0	0	1	0
LT934125.1	101407	-	1	0	0	0	1	0
LT934125.1	101408	+	0	0	0	0	1	0
LT934125.1	101409	+	0	0	1	0	3	0
LT934125.1	101417	-	0	0	0	0	1	0
LT934125.1	101418	-	0	0	0	0	1	0
LT934125.1	101420	+	0	0	0	0	1	0
LT934125.1	101430	+	0	0	0	0	1	0
LT934125.1	101434	-	0	0	0	0	1	0
LT934125.1	101439	+	0	0	1	0	0	0
LT934125.1	101441	+	0	0	1	0	1	0
LT934125.1	101449	-	0	0	2	0	0	0
LT934125.1	101450	-	0	0	0	0	1	0
LT934125.1	101461	+	0	0	0	0	3	0
LT934125.1	101463	+	0	0	0	0	4	0
LT934125.1	101464	+	1	0	0	0	0	0
LT934125.1	101465	+	0	0	1	0	1	0
LT934125.1	101466	+	0	0	0	0	1	0
LT934125.1	101467	-	0	0	0	0	3	0
LT934125.1	101468	+	0	0	0	0	1	0
LT934125.1	101469	+	0	0	0	0	1	0
LT934125.1	101472	+	0	0	1	0	0	0
LT934125.1	101520	+	0	0	0	0	2	0
LT934125.1	101533	-	0	0	0	0	1	0
LT934125.1	101572	+	0	0	0	0	1	0
LT934125.1	101573	+	0	0	0	0	1	0
LT934125.1	101574	+	0	0	0	0	4	0
LT934125.1	101575	+	0	0	0	0	2	0
LT934125.1	101587	+	0	0	0	0	1	0
LT934125.1	101609	-	0	0	1	0	0	0
LT934125.1	101615	-	0	0	0	0	1	0
LT934125.1	101625	+	0	0	0	0	1	0
LT934125.1	101657	+	0	0	0	0	1	0
LT934125.1	101665	-	0	0	0	0	1	0
LT934125.1	101667	+	0	0	0	0	2	0
LT934125.1	101670	+	0	0	0	0	1	0
LT934125.1	101671	-	0	0	0	0	1	0
LT934125.1	101673	-	0	0	0	0	1	0
LT934125.1	101674	+	0	0	2	0	0	0
LT934125.1	101675	+	1	0	0	0	2	0
LT934125.1	101678	+	0	0	1	0	0	0
LT934125.1	101680	+	0	0	0	0	1	0
LT934125.1	101681	+	0	0	1	0	0	0
LT934125.1	101682	+	0	0	0	0	1	0
LT934125.1	101684	+	0	0	0	0	1	0
LT934125.1	101685	+	0	0	1	0	0	0
LT934125.1	101692	+	1	0	0	0	0	0
LT934125.1	101699	+	1	0	0	0	0	0
LT934125.1	101700	+	0	0	0	0	1	0
LT934125.1	101703	+	0	0	0	0	1	0
LT934125.1	101714	-	0	0	0	0	1	0
LT934125.1	101721	+	1	0	0	0	0	0
LT934125.1	101723	-	0	0	0	0	1	0
LT934125.1	101726	+	0	0	1	0	5	0
LT934125.1	101729	+	1	0	14	2	0	1
LT934125.1	101731	+	0	0	2	0	1	0
LT934125.1	101732	+	0	0	1	0	0	0
LT934125.1	101734	+	0	0	0	0	1	0
LT934125.1	101735	+	0	0	1	0	2	0
LT934125.1	101738	+	0	0	1	0	0	0
LT934125.1	101738	-	0	0	0	0	1	0
LT934125.1	101760	+	0	0	1	0	0	0
LT934125.1	101761	+	0	0	1	0	2	0
LT934125.1	101776	-	0	0	0	0	2	0
LT934125.1	101779	-	1	0	2	0	18	0
LT934125.1	101782	-	1	0	3	0	32	0
LT934125.1	101784	-	0	0	0	0	1	0
LT934125.1	101786	-	0	0	0	0	2	0
LT934125.1	101788	-	0	0	0	0	2	0
LT934125.1	101798	-	0	0	0	0	1	0
LT934125.1	101800	-	0	0	0	0	1	0
LT934125.1	101801	+	0	0	1	0	0	0
LT934125.1	101802	+	0	0	0	0	3	0
LT934125.1	101803	+	2	0	2	0	1	0
LT934125.1	101804	-	0	0	0	0	1	0
LT934125.1	101805	+	0	0	2	0	0	0
LT934125.1	101809	-	0	0	0	0	1	0
LT934125.1	101826	+	0	0	1	0	0	0
LT934125.1	101827	+	0	0	11	0	8	0
LT934125.1	101828	+	1	1	0	0	56	0
LT934125.1	101829	+	0	0	0	0	1	0
LT934125.1	101831	+	0	0	2	0	0	0
LT934125.1	101832	-	0	0	1	0	0	0
LT934125.1	101833	+	0	0	2	1	2	0
LT934125.1	101834	+	0	0	1	0	2	0
LT934125.1	101837	+	0	0	1	0	1	0
LT934125.1	101840	+	0	0	0	0	2	0
LT934125.1	101841	+	0	0	0	0	2	0
LT934125.1	101842	+	0	0	1	0	2	0
LT934125.1	101843	+	1	0	0	0	0	0
LT934125.1	101845	+	1	0	1	1	0	0
LT934125.1	101848	-	0	0	0	0	1	0
LT934125.1	101850	-	0	0	0	0	3	0
LT934125.1	101851	+	0	0	1	0	0	0
LT934125.1	101852	+	0	0	1	0	0	0
LT934125.1	101853	+	0	1	0	0	0	0
LT934125.1	101856	-	0	0	0	0	1	0
LT934125.1	101861	-	0	0	0	0	1	0
LT934125.1	101865	+	0	0	0	0	18	0
LT934125.1	101868	+	0	0	1	0	0	0
LT934125.1	101869	+	1	0	0	0	0	0
LT934125.1	101870	+	0	0	0	0	5	0
LT934125.1	101893	-	0	0	0	0	6	0
LT934125.1	101896	-	0	0	0	0	1	0
LT934125.1	101903	-	0	0	0	0	1	0
LT934125.1	101905	-	0	0	0	0	1	0
LT934125.1	101919	+	1	0	0	0	2	0
LT934125.1	101938	+	0	0	0	0	1	0
LT934125.1	101942	+	0	0	0	0	6	0
LT934125.1	101944	+	0	0	3	0	0	0
LT934125.1	101945	+	0	0	0	1	0	0
LT934125.1	101946	+	0	0	0	0	2	0
LT934125.1	101950	+	0	0	0	0	3	0
LT934125.1	101957	+	0	0	1	0	0	0
LT934125.1	101961	+	0	0	0	0	2	0
LT934125.1	101962	+	0	0	1	0	1	0
LT934125.1	101963	+	0	0	3	0	1	0
LT934125.1	101964	+	1	0	0	0	8	0
LT934125.1	101970	-	1	0	0	0	0	0
LT934125.1	101987	+	0	0	0	0	1	0
LT934125.1	101989	+	1	0	0	0	0	0
LT934125.1	101990	+	0	0	0	0	12	0
LT934125.1	101992	+	0	0	5	0	0	0
LT934125.1	101993	+	1	0	0	0	0	0
LT934125.1	101997	-	0	0	0	0	0	1
LT934125.1	102000	-	0	0	1	0	0	0
LT934125.1	102007	+	1	0	0	0	0	0
LT934125.1	102019	-	0	0	0	0	1	0
LT934125.1	102021	+	0	0	1	0	0	0
LT934125.1	102036	-	0	0	0	0	1	0
LT934125.1	102039	-	0	0	0	0	5	0
LT934125.1	102040	-	0	0	1	0	0	0
LT934125.1	102049	-	0	0	0	0	1	0
LT934125.1	102050	-	0	0	1	0	0	0
LT934125.1	102051	-	0	0	1	0	2	0
LT934125.1	102056	-	0	0	0	0	1	0
LT934125.1	102057	+	1	0	0	0	7	0
LT934125.1	102058	+	0	0	0	0	1	0
LT934125.1	102058	-	0	0	0	0	1	0
LT934125.1	102060	+	1	0	2	0	0	0
LT934125.1	102060	-	0	0	1	0	0	0
LT934125.1	102062	+	4	0	4	0	0	0
LT934125.1	102064	+	0	0	1	0	0	0
LT934125.1	102077	+	1	0	0	0	0	0
LT934125.1	102079	-	0	0	0	0	2	0
LT934125.1	102080	-	0	0	1	0	0	0
LT934125.1	102081	+	0	0	0	0	1	0
LT934125.1	102085	+	0	0	0	0	1	0
LT934125.1	102089	+	1	0	0	0	4	0
LT934125.1	102090	+	0	0	0	0	1	0
LT934125.1	102092	+	0	0	0	0	1	0
LT934125.1	102093	+	0	0	0	0	1	0
LT934125.1	102097	-	0	0	0	0	2	0
LT934125.1	102105	-	1	0	0	0	0	0
LT934125.1	102108	-	0	0	0	0	1	0
LT934125.1	102111	-	0	0	0	0	1	0
LT934125.1	102113	-	0	0	0	0	1	0
LT934125.1	102118	+	0	0	0	0	2	0
LT934125.1	102119	+	0	0	0	0	1	0
LT934125.1	102120	+	0	0	0	0	2	0
LT934125.1	102125	-	0	0	0	0	1	0
LT934125.1	102126	-	0	0	0	0	1	0
LT934125.1	102132	-	0	0	0	0	1	0
LT934125.1	102133	-	0	0	0	0	1	0
LT934125.1	102140	-	0	0	0	0	1	0
LT934125.1	102146	-	0	0	0	0	1	0
LT934125.1	102154	-	0	0	0	0	2	0
LT934125.1	102164	+	0	0	1	0	0	0
LT934125.1	102167	+	0	0	0	0	2	0
LT934125.1	102168	+	0	0	0	0	2	0
LT934125.1	102174	-	0	0	1	0	2	0
LT934125.1	102187	-	0	0	0	0	1	0
LT934125.1	102197	-	0	0	0	0	1	0
LT934125.1	102202	-	0	0	0	0	4	0
LT934125.1	102203	-	0	0	1	0	0	0
LT934125.1	102210	+	0	0	0	0	1	0
LT934125.1	102210	-	0	0	0	0	1	0
LT934125.1	102213	+	1	0	0	0	2	0
LT934125.1	102215	+	0	0	1	0	1	0
LT934125.1	102219	-	0	0	0	0	4	0
LT934125.1	102220	-	2	0	0	0	3	0
LT934125.1	102221	+	0	0	0	0	2	0
LT934125.1	102222	-	0	0	1	0	0	1
LT934125.1	102223	+	0	0	1	0	0	0
LT934125.1	102223	-	0	0	0	0	2	0
LT934125.1	102225	-	0	0	1	0	1	0
LT934125.1	102227	-	0	0	0	0	4	0
LT934125.1	102229	-	0	0	0	0	1	0
LT934125.1	102240	-	0	0	1	0	0	0
LT934125.1	102244	-	1	0	0	0	0	0
LT934125.1	102247	-	0	0	0	0	1	0
LT934125.1	102258	+	0	0	0	0	1	0
LT934125.1	102258	-	0	0	0	0	1	0
LT934125.1	102259	-	0	0	0	0	1	0
LT934125.1	102263	-	0	0	0	0	1	0
LT934125.1	102268	+	0	0	0	0	1	0
LT934125.1	102273	-	0	0	0	0	1	0
LT934125.1	102276	-	0	0	0	0	1	0
LT934125.1	102282	-	0	0	0	0	2	0
LT934125.1	102309	-	0	0	0	0	1	0
LT934125.1	102319	+	0	0	0	0	1	0
LT934125.1	102326	-	0	0	0	0	1	0
LT934125.1	102332	-	0	0	0	0	1	0
LT934125.1	102333	-	0	0	0	0	1	0
LT934125.1	102356	+	0	0	0	0	1	0
LT934125.1	102361	-	0	0	0	0	1	0
LT934125.1	102375	-	0	0	0	0	2	0
LT934125.1	102377	-	0	0	0	0	4	0
LT934125.1	102393	+	0	0	2	0	1	0
LT934125.1	102413	+	0	0	0	0	1	0
LT934125.1	102432	+	0	0	0	0	1	0
LT934125.1	102445	+	0	0	0	0	1	0
LT934125.1	102457	-	1	0	0	0	0	0
LT934125.1	102482	+	0	0	0	0	1	0
LT934125.1	102487	-	0	0	0	0	2	0
LT934125.1	102495	+	0	0	0	0	1	0
LT934125.1	102497	+	0	0	0	0	1	0
LT934125.1	102508	-	0	0	1	0	0	0
LT934125.1	102511	+	0	0	0	0	1	0
LT934125.1	102522	+	0	0	0	0	1	0
LT934125.1	102535	-	0	0	0	0	1	0
LT934125.1	102537	+	0	0	0	0	1	0
LT934125.1	102539	+	0	0	0	0	1	0
LT934125.1	102548	-	0	0	0	0	1	0
LT934125.1	102553	+	0	0	0	0	1	0
LT934125.1	102564	+	0	0	0	0	1	0
LT934125.1	102565	-	0	0	0	0	1	0
LT934125.1	102573	-	0	0	0	0	1	0
LT934125.1	102581	-	0	0	0	0	1	0
LT934125.1	102585	-	0	0	0	0	1	0
LT934125.1	102590	+	0	0	0	0	0	1
LT934125.1	102590	-	0	0	0	0	1	0
LT934125.1	102596	-	0	0	0	0	1	0
LT934125.1	102605	+	0	0	0	0	0	1
LT934125.1	102607	-	0	0	0	0	1	0
LT934125.1	102615	+	0	0	0	0	0	1
LT934125.1	102615	-	0	0	0	0	1	0
LT934125.1	102617	-	0	0	0	0	1	0
LT934125.1	102619	-	0	0	0	0	1	0
LT934125.1	102623	+	0	0	1	0	0	1
LT934125.1	102624	-	0	0	0	0	1	0
LT934125.1	102626	-	1	0	0	0	0	0
LT934125.1	102631	-	0	0	0	1	0	0
LT934125.1	102643	-	0	1	0	0	0	1
LT934125.1	102645	-	0	0	0	0	0	1
LT934125.1	102646	-	0	0	1	0	0	0
LT934125.1	102649	-	0	0	0	1	0	0
LT934125.1	102652	-	0	0	0	0	0	1
LT934125.1	102654	+	0	0	0	0	1	0
LT934125.1	102657	-	0	0	0	0	1	1
LT934125.1	102658	-	0	0	1	0	0	1
LT934125.1	102659	+	0	0	1	0	0	0
LT934125.1	102659	-	0	0	0	0	1	0
LT934125.1	102660	-	0	0	0	0	1	1
LT934125.1	102661	-	0	0	0	0	0	1
LT934125.1	102664	-	0	0	1	0	0	0
LT934125.1	102665	-	0	0	1	0	0	0
LT934125.1	102666	-	0	0	0	0	0	5
LT934125.1	102667	-	0	0	0	0	1	0
LT934125.1	102669	+	0	0	0	0	1	0
LT934125.1	102672	-	0	0	0	0	1	0
LT934125.1	102673	+	0	0	0	0	1	0
LT934125.1	102674	-	0	0	1	0	0	0
LT934125.1	102677	+	0	0	0	0	1	0
LT934125.1	102678	+	0	0	0	0	1	0
LT934125.1	102683	-	0	0	3	0	0	0
LT934125.1	102684	-	0	0	0	0	1	0
LT934125.1	102685	+	0	0	0	0	2	0
LT934125.1	102692	+	0	0	0	0	1	0
LT934125.1	102703	+	0	0	0	0	1	0
LT934125.1	102717	-	0	0	0	0	1	0
LT934125.1	102730	+	0	0	0	0	1	0
LT934125.1	102732	+	0	0	0	0	1	0
LT934125.1	102736	+	0	0	1	0	0	0
LT934125.1	102736	-	0	0	0	0	1	0
LT934125.1	102745	+	0	0	0	0	1	0
LT934125.1	102750	-	1	0	0	0	0	0
LT934125.1	102765	+	0	0	0	0	2	0
LT934125.1	102770	-	0	0	0	0	1	0
LT934125.1	102775	+	0	0	0	0	1	0
LT934125.1	102779	-	0	0	1	0	0	0
LT934125.1	102797	+	0	0	0	0	1	0
LT934125.1	102839	-	0	0	0	0	1	0
LT934125.1	102856	+	0	0	0	0	1	0
LT934125.1	102880	-	0	0	0	0	1	0
LT934125.1	102962	+	0	0	1	0	0	0
LT934125.1	103137	-	0	0	0	0	1	0
LT934125.1	103200	+	0	0	0	0	1	0
LT934125.1	103292	-	0	0	1	0	0	0
LT934125.1	103314	-	0	0	0	0	1	0
LT934125.1	103331	-	0	0	0	0	1	0
LT934125.1	103401	-	0	0	0	0	0	1
LT934125.1	103456	+	0	0	0	0	1	0
LT934125.1	103458	+	0	0	0	0	1	0
LT934125.1	103489	-	0	0	0	0	1	0
LT934125.1	103541	-	0	0	0	0	1	0
LT934125.1	103650	+	0	0	1	0	1	0
LT934125.1	103650	-	0	0	0	0	1	0
LT934125.1	103735	-	0	0	2	0	0	0
LT934125.1	103736	-	0	0	1	0	2	1
LT934125.1	103738	-	0	0	0	0	4	0
LT934125.1	103772	+	0	0	0	0	1	0
LT934125.1	103800	+	0	0	0	0	3	0
LT934125.1	103805	+	0	0	2	0	4	0
LT934125.1	103837	+	0	0	0	0	1	0
LT934125.1	103846	-	0	0	0	0	1	0
LT934125.1	103874	-	0	0	0	0	0	1
LT934125.1	103917	+	0	0	0	0	1	0
LT934125.1	103918	-	1	0	0	0	0	0
LT934125.1	104099	+	0	0	0	0	1	0
LT934125.1	104118	-	0	0	0	0	1	0
LT934125.1	104166	+	1	0	0	0	0	0
LT934125.1	104229	-	0	0	1	0	0	0
LT934125.1	104237	-	0	0	0	0	3	0
LT934125.1	104241	-	0	0	1	0	0	0
LT934125.1	104245	+	0	0	0	0	1	0
LT934125.1	104248	+	0	0	0	0	1	0
LT934125.1	104267	-	0	0	0	0	0	1
LT934125.1	104295	-	0	0	0	0	1	0
LT934125.1	104340	+	0	0	0	0	1	0
LT934125.1	104365	+	0	0	0	0	1	0
LT934125.1	104367	+	0	0	0	1	0	0
LT934125.1	104375	-	0	0	0	0	1	0
LT934125.1	104455	-	0	0	0	0	1	0
LT934125.1	104459	-	0	0	0	0	1	0
LT934125.1	104497	-	0	0	0	0	1	0
LT934125.1	104542	-	1	0	0	0	0	0
LT934125.1	104549	-	0	0	0	0	1	0
LT934125.1	104602	-	0	0	0	0	1	0
LT934125.1	104608	-	0	0	0	0	1	0
LT934125.1	104730	+	1	0	0	0	0	0
LT934125.1	104831	-	0	0	1	0	0	0
LT934125.1	104910	-	0	0	0	0	1	0
LT934125.1	104918	-	0	0	0	0	1	0
LT934125.1	104970	-	0	0	0	0	1	0
LT934125.1	105026	+	0	0	0	0	1	0
LT934125.1	105041	-	0	0	1	0	0	0
LT934125.1	105078	-	0	0	0	0	1	0
LT934125.1	105080	-	0	0	2	0	0	0
LT934125.1	105081	-	0	0	0	0	2	0
LT934125.1	105192	+	0	0	0	0	1	0
LT934125.1	105213	+	0	0	0	0	1	0
LT934125.1	105262	+	0	0	0	0	0	1
LT934125.1	105278	+	0	0	0	0	1	0
LT934125.1	105297	-	0	0	0	0	1	0
LT934125.1	105320	+	0	0	0	0	1	0
LT934125.1	105374	+	0	0	0	0	1	0
LT934125.1	105408	-	0	0	0	0	1	0
LT934125.1	105444	+	0	0	0	0	1	0
LT934125.1	105489	-	0	0	0	0	2	0
LT934125.1	105522	+	1	0	0	0	1	0
LT934125.1	105594	+	0	0	0	0	1	0
LT934125.1	105614	-	0	0	1	0	0	0
LT934125.1	105641	-	0	0	0	1	0	0
LT934125.1	105642	+	0	0	0	0	1	0
LT934125.1	105650	-	0	0	0	0	1	0
LT934125.1	105653	-	0	0	0	0	1	0
LT934125.1	105662	+	0	0	0	0	1	0
LT934125.1	105677	-	1	0	0	0	0	0
LT934125.1	105680	-	0	0	1	0	0	0
LT934125.1	105696	-	0	0	0	0	0	1
LT934125.1	105735	+	0	0	1	0	0	0
LT934125.1	105752	-	0	0	0	0	0	1
LT934125.1	105762	+	0	0	0	0	1	0
LT934125.1	105769	-	0	0	0	0	0	1
LT934125.1	105773	+	0	0	0	0	0	1
LT934125.1	105775	+	0	0	0	0	1	0
LT934125.1	105779	-	0	0	0	0	1	0
LT934125.1	105781	-	0	0	0	0	0	1
LT934125.1	105842	-	0	0	1	0	0	0
LT934125.1	105881	-	0	0	1	0	0	0
LT934125.1	105899	+	0	0	0	0	1	0
LT934125.1	105947	-	1	0	0	0	0	0
LT934125.1	105954	-	0	0	0	0	1	0
LT934125.1	105963	+	0	0	0	0	0	3
LT934125.1	105963	-	0	0	0	0	1	0
LT934125.1	105972	+	0	0	0	0	1	0
LT934125.1	105999	+	0	0	1	0	0	0
LT934125.1	106015	+	0	0	0	0	1	0
LT934125.1	106021	+	0	0	0	0	1	0
LT934125.1	106033	+	0	0	1	0	0	0
LT934125.1	106056	+	0	0	0	0	1	0
LT934125.1	106058	+	0	0	0	0	1	0
LT934125.1	106062	-	0	0	2	0	0	0
LT934125.1	106067	-	0	0	0	0	1	0
LT934125.1	106097	-	0	0	1	0	0	0
LT934125.1	106100	+	0	1	0	0	0	0
LT934125.1	106102	+	0	0	0	0	0	1
LT934125.1	106104	+	1	0	0	0	0	0
LT934125.1	106119	+	1	0	0	0	0	0
LT934125.1	106128	-	0	0	0	0	1	0
LT934125.1	106142	-	0	0	1	0	0	0
LT934125.1	106167	+	0	0	0	0	1	0
LT934125.1	106194	-	0	0	0	0	1	0
LT934125.1	106203	+	0	0	0	0	1	0
LT934125.1	106206	+	0	0	0	0	1	0
LT934125.1	106207	+	0	0	0	0	1	0
LT934125.1	106211	+	0	0	0	0	1	0
LT934125.1	106213	+	0	0	1	0	0	0
LT934125.1	106215	+	0	0	0	0	2	0
LT934125.1	106219	+	0	0	0	0	1	0
LT934125.1	106229	-	1	0	1	0	0	0
LT934125.1	106242	+	0	0	0	0	1	0
LT934125.1	106281	+	0	0	1	0	0	0
LT934125.1	106290	+	0	0	1	0	0	0
LT934125.1	106302	+	0	0	0	1	0	0
LT934125.1	106326	-	0	0	0	0	1	0
LT934125.1	106372	+	0	0	0	0	1	0
LT934125.1	106422	+	0	0	1	0	0	0
LT934125.1	106436	-	1	0	0	0	0	0
LT934125.1	106445	-	0	0	1	0	0	0
LT934125.1	106451	-	0	0	0	0	1	0
LT934125.1	106460	-	0	0	1	0	0	0
LT934125.1	106465	-	0	0	3	0	0	0
LT934125.1	106466	-	0	0	0	0	4	0
LT934125.1	106468	-	0	0	1	0	0	0
LT934125.1	106480	-	0	0	0	0	1	0
LT934125.1	106504	-	0	0	0	0	1	0
LT934125.1	106520	-	0	0	0	0	1	0
LT934125.1	106521	+	0	0	0	0	1	0
LT934125.1	106528	-	0	0	0	0	1	0
LT934125.1	106531	-	3	0	0	0	3	1
LT934125.1	106542	+	0	0	0	0	1	0
LT934125.1	106550	-	1	0	2	0	0	0
LT934125.1	106554	-	0	0	0	0	1	0
LT934125.1	106563	+	0	0	0	0	1	0
LT934125.1	106564	+	0	0	0	0	1	0
LT934125.1	106579	-	0	0	0	0	1	0
LT934125.1	106593	+	0	0	0	0	0	1
LT934125.1	106601	-	1	0	0	0	0	0
LT934125.1	106606	-	0	0	0	0	0	1
LT934125.1	106621	+	0	0	0	0	0	1
LT934125.1	106633	+	1	0	0	0	0	0
LT934125.1	106674	-	0	0	1	0	0	0
LT934125.1	106675	-	0	0	0	0	1	0
LT934125.1	106691	-	0	0	0	0	0	1
LT934125.1	106701	-	0	0	0	0	1	0
LT934125.1	106702	-	0	0	0	0	3	1
LT934125.1	106703	-	0	0	0	0	1	0
LT934125.1	106705	-	1	0	0	0	0	0
LT934125.1	106711	-	0	0	0	0	1	0
LT934125.1	106743	+	0	0	0	0	1	0
LT934125.1	106744	+	0	0	0	0	1	0
LT934125.1	106745	+	0	0	0	0	1	0
LT934125.1	106766	-	0	0	0	0	1	0
LT934125.1	106795	-	0	0	1	0	0	0
LT934125.1	106808	-	0	0	0	0	1	0
LT934125.1	106814	-	0	0	1	0	0	0
LT934125.1	106816	-	0	0	0	0	2	0
LT934125.1	106818	-	0	0	1	0	0	0
LT934125.1	106840	+	0	0	0	0	1	0
LT934125.1	106846	+	0	0	0	0	1	0
LT934125.1	106886	+	0	0	0	0	1	0
LT934125.1	106889	-	0	0	0	0	2	0
LT934125.1	106912	-	0	0	0	0	0	1
LT934125.1	106916	+	0	0	1	0	0	0
LT934125.1	106937	-	1	0	0	0	0	1
LT934125.1	106941	+	0	0	0	0	1	0
LT934125.1	106953	+	0	0	1	0	0	0
LT934125.1	106961	-	0	0	0	0	1	0
LT934125.1	106968	-	0	0	0	0	0	1
LT934125.1	106998	-	0	0	0	0	3	0
LT934125.1	107005	-	0	0	0	0	2	0
LT934125.1	107006	-	1	0	0	0	1	0
LT934125.1	107007	-	0	0	1	0	0	0
LT934125.1	107014	-	0	0	0	0	1	0
LT934125.1	107027	+	0	0	1	0	0	0
LT934125.1	107049	-	0	0	0	0	2	1
LT934125.1	107051	-	0	0	0	0	2	0
LT934125.1	107064	-	0	0	1	0	0	0
LT934125.1	107067	-	0	0	2	0	0	0
LT934125.1	107070	-	0	0	0	0	1	0
LT934125.1	107074	+	0	0	0	0	1	0
LT934125.1	107078	+	0	0	0	0	1	0
LT934125.1	107082	+	0	0	0	0	1	0
LT934125.1	107085	+	0	0	0	0	1	0
LT934125.1	107088	-	0	0	1	0	0	0
LT934125.1	107093	-	0	0	0	0	1	0
LT934125.1	107098	-	0	0	0	0	1	0
LT934125.1	107099	-	0	0	0	0	1	1
LT934125.1	107102	-	0	0	0	0	1	0
LT934125.1	107107	+	0	0	0	0	1	0
LT934125.1	107115	+	0	0	1	0	0	0
LT934125.1	107118	+	0	0	0	0	1	0
LT934125.1	107125	-	0	0	0	0	1	0
LT934125.1	107141	+	0	1	0	0	0	0
LT934125.1	107144	+	0	0	0	0	1	0
LT934125.1	107147	-	0	0	0	0	1	0
LT934125.1	107148	-	0	0	0	0	1	0
LT934125.1	107151	-	0	0	0	0	1	0
LT934125.1	107163	-	0	0	0	0	1	0
LT934125.1	107166	+	0	0	0	0	1	0
LT934125.1	107168	-	0	0	0	0	1	0
LT934125.1	107169	+	0	0	0	0	1	0
LT934125.1	107169	-	0	0	0	0	1	0
LT934125.1	107171	+	0	0	1	0	0	0
LT934125.1	107172	+	0	0	0	0	1	0
LT934125.1	107185	+	0	0	0	0	1	0
LT934125.1	107194	-	0	0	0	0	1	0
LT934125.1	107209	-	1	0	0	0	2	0
LT934125.1	107210	-	0	0	0	0	1	0
LT934125.1	107211	-	0	0	1	0	0	0
LT934125.1	107228	-	0	0	0	0	1	0
LT934125.1	107242	+	0	0	0	0	2	0
LT934125.1	107243	+	1	0	0	0	0	0
LT934125.1	107259	+	0	0	1	0	0	0
LT934125.1	107261	-	1	0	0	0	1	0
LT934125.1	107262	-	0	0	1	0	0	0
LT934125.1	107271	+	0	0	1	0	0	0
LT934125.1	107280	+	0	0	0	0	1	0
LT934125.1	107284	-	1	0	0	0	0	0
LT934125.1	107288	-	0	0	0	0	7	0
LT934125.1	107289	-	0	0	0	0	1	0
LT934125.1	107296	+	0	0	1	0	0	0
LT934125.1	107307	+	0	0	1	0	0	0
LT934125.1	107308	+	0	0	1	0	3	0
LT934125.1	107309	+	0	0	3	0	0	0
LT934125.1	107310	+	1	0	0	0	6	0
LT934125.1	107316	+	0	0	0	0	1	0
LT934125.1	107317	+	0	0	0	0	1	0
LT934125.1	107337	+	0	0	0	0	1	0
LT934125.1	107339	-	0	0	0	0	0	1
LT934125.1	107340	+	0	0	0	0	1	0
LT934125.1	107343	+	0	0	0	0	1	0
LT934125.1	107345	-	0	0	1	0	0	0
LT934125.1	107346	+	0	0	0	0	1	0
LT934125.1	107349	+	0	0	0	0	1	0
LT934125.1	107361	+	0	0	0	0	1	0
LT934125.1	107363	+	1	0	0	0	2	0
LT934125.1	107365	+	1	0	0	0	0	0
LT934125.1	107365	-	0	1	0	0	0	0
LT934125.1	107366	+	0	0	0	0	3	0
LT934125.1	107366	-	0	0	3	0	11	6
LT934125.1	107368	-	0	0	8	2	1	0
LT934125.1	107369	+	0	0	1	0	0	0
LT934125.1	107369	-	2	0	58	8	120	78
LT934125.1	107370	-	4	0	3	0	0	0
LT934125.1	107371	-	0	0	2	0	0	1
LT934125.1	107372	-	25	0	9	1	17	8
LT934125.1	107373	-	0	0	1	0	7	0
LT934125.1	107375	-	1	0	0	0	0	0
LT934125.1	107376	-	0	0	0	0	1	1
LT934125.1	107378	-	0	0	2	0	2	7
LT934125.1	107379	-	0	1	1	0	5	0
LT934125.1	107380	-	0	0	0	0	7	1
LT934125.1	107381	-	0	0	0	0	1	0
LT934125.1	107382	-	0	0	2	0	0	3
LT934125.1	107384	-	0	0	0	0	2	0
LT934125.1	107389	+	0	0	1	0	0	1
LT934125.1	107390	+	0	0	0	0	1	0
LT934125.1	107392	+	0	0	0	0	2	1
LT934125.1	107394	-	0	0	1	0	0	0
LT934125.1	107395	+	0	0	2	0	3	1
LT934125.1	107398	-	0	0	1	0	0	0
LT934125.1	107400	+	0	0	2	0	1	1
LT934125.1	107401	+	0	0	2	1	2	0
LT934125.1	107401	-	0	0	1	1	1	2
LT934125.1	107403	-	0	0	1	0	1	0
LT934125.1	107405	-	0	0	0	0	1	1
LT934125.1	107411	-	0	0	0	0	1	0
LT934125.1	107418	+	0	0	0	0	4	0
LT934125.1	107419	+	0	0	0	0	1	0
LT934125.1	107420	+	3	0	10	1	11	1
LT934125.1	107422	+	1	0	8	1	11	4
LT934125.1	107424	+	0	0	0	0	2	0
LT934125.1	107425	-	1	0	0	0	0	0
LT934125.1	107426	+	1	1	1	0	9	0
LT934125.1	107426	-	0	0	0	0	0	1
LT934125.1	107427	+	0	0	0	0	1	2
LT934125.1	107428	+	0	0	0	0	1	0
LT934125.1	107428	-	0	0	0	0	1	0
LT934125.1	107429	+	1	0	0	0	0	0
LT934125.1	107431	+	0	0	2	0	0	0
LT934125.1	107432	+	4	0	8	0	14	0
LT934125.1	107433	+	0	0	0	0	5	2
LT934125.1	107434	+	0	0	0	0	0	1
LT934125.1	107437	+	0	0	0	0	1	0
LT934125.1	107446	-	0	0	0	0	1	0
LT934125.1	107448	+	0	0	0	0	2	0
LT934125.1	107455	+	0	0	2	0	0	0
LT934125.1	107458	+	0	0	0	0	1	0
LT934125.1	107461	-	1	0	3	1	0	0
LT934125.1	107462	-	0	0	0	0	4	0
LT934125.1	107473	+	2	0	1	0	4	0
LT934125.1	107474	+	1	0	0	0	0	0
LT934125.1	107476	+	2	0	1	0	4	0
LT934125.1	107479	+	0	0	3	0	1	1
LT934125.1	107480	+	0	0	1	0	0	0
LT934125.1	107481	+	0	0	0	0	2	0
LT934125.1	107482	+	315	7	1033	32	2141	265
LT934125.1	107483	+	15	0	39	1	72	10
LT934125.1	107484	+	0	0	1	1	0	0
LT934125.1	107485	+	2	1	10	0	24	1
LT934125.1	107486	+	0	0	2	2	1	0
LT934125.1	107487	+	0	0	0	0	1	0
LT934125.1	107488	+	0	0	0	0	0	1
LT934125.1	107489	+	0	0	0	0	1	0
LT934125.1	107490	-	1	0	3	0	0	0
LT934125.1	107494	+	0	0	1	0	0	0
LT934125.1	107497	+	2	0	1	0	0	0
LT934125.1	107504	+	0	0	0	0	5	0
LT934125.1	107504	-	0	0	0	0	1	0
LT934125.1	107505	+	0	0	1	0	1	0
LT934125.1	107506	+	0	0	0	0	0	1
LT934125.1	107508	+	0	0	0	0	4	0
LT934125.1	107509	+	1	0	1	0	4	0
LT934125.1	107510	+	0	0	0	0	1	0
LT934125.1	107514	-	1	0	0	0	2	0
LT934125.1	107515	-	0	0	0	0	1	0
LT934125.1	107527	+	0	0	0	0	1	0
LT934125.1	107530	+	0	0	1	0	0	0
LT934125.1	107537	+	0	0	1	0	0	0
LT934125.1	107543	-	0	0	1	0	0	0
LT934125.1	107544	+	1	0	1	0	0	0
LT934125.1	107545	-	0	0	0	0	1	0
LT934125.1	107555	+	1	0	0	0	0	0
LT934125.1	107556	-	0	0	0	1	1	0
LT934125.1	107558	-	0	0	1	0	3	0
LT934125.1	107559	-	57	4	118	7	344	24
LT934125.1	107560	-	0	0	1	0	1	0
LT934125.1	107561	-	1	0	3	0	5	1
LT934125.1	107564	+	1	0	0	0	0	0
LT934125.1	107564	-	0	0	2	0	0	2
LT934125.1	107581	-	0	0	0	0	1	0
LT934125.1	107592	-	0	0	0	0	1	0
LT934125.1	107603	-	0	0	0	0	1	0
LT934125.1	107610	+	0	0	0	0	6	0
LT934125.1	107611	+	0	0	0	0	4	0
LT934125.1	107614	+	3	0	1	0	0	0
LT934125.1	107615	+	0	0	0	0	4	0
LT934125.1	107618	+	0	0	0	0	1	0
LT934125.1	107630	-	0	0	0	0	0	1
LT934125.1	107632	+	0	0	0	0	1	0
LT934125.1	107643	-	0	0	0	0	1	0
LT934125.1	107644	+	1	0	0	0	1	0
LT934125.1	107646	+	0	0	2	0	0	0
LT934125.1	107647	+	0	0	0	0	1	0
LT934125.1	107649	-	1	0	0	0	0	0
LT934125.1	107650	-	0	1	0	0	0	0
LT934125.1	107651	+	1	0	0	0	0	0
LT934125.1	107652	-	0	0	0	0	1	0
LT934125.1	107663	+	0	0	2	0	0	0
LT934125.1	107664	+	2	0	0	0	0	0
LT934125.1	107667	+	0	0	0	0	1	0
LT934125.1	107670	+	0	0	1	0	1	0
LT934125.1	107671	+	2	0	1	0	1	0
LT934125.1	107672	+	3	0	0	0	5	1
LT934125.1	107674	+	1	0	0	0	0	0
LT934125.1	107678	-	0	0	0	0	1	0
LT934125.1	107679	-	0	0	0	0	1	0
LT934125.1	107681	-	0	0	1	0	0	0
LT934125.1	107682	-	0	0	0	0	2	0
LT934125.1	107683	-	0	0	0	0	1	0
LT934125.1	107684	+	0	0	0	0	1	0
LT934125.1	107698	+	1	0	0	0	0	0
LT934125.1	107727	-	0	0	0	0	1	0
LT934125.1	107731	-	0	0	1	0	0	1
LT934125.1	107744	+	0	0	0	0	1	0
LT934125.1	107750	-	0	0	0	0	1	0
LT934125.1	107751	-	0	0	0	0	1	0
LT934125.1	107791	+	0	0	0	0	1	0
LT934125.1	107797	+	0	0	0	0	1	0
LT934125.1	107798	+	1	0	0	0	0	0
LT934125.1	107801	+	0	0	0	0	1	0
LT934125.1	107802	+	1	0	0	0	0	0
LT934125.1	107826	+	0	0	1	0	0	0
LT934125.1	107827	+	0	0	0	0	1	0
LT934125.1	107832	-	0	0	0	0	2	0
LT934125.1	107834	-	2	0	3	0	5	0
LT934125.1	107837	-	0	0	0	0	2	0
LT934125.1	107861	-	0	0	0	0	1	0
LT934125.1	107881	+	0	0	0	0	1	0
LT934125.1	107909	+	0	0	1	0	0	0
LT934125.1	107910	+	0	0	0	0	1	0
LT934125.1	107917	-	0	0	1	0	0	0
LT934125.1	107922	-	0	0	0	0	1	0
LT934125.1	107939	+	0	0	0	0	1	0
LT934125.1	107944	-	0	0	0	0	1	1
LT934125.1	107973	-	0	0	0	0	2	0
LT934125.1	107975	-	0	0	0	0	1	0
LT934125.1	107996	-	0	0	0	0	1	0
LT934125.1	107997	+	0	0	1	0	1	0
LT934125.1	107998	-	0	0	0	0	1	0
LT934125.1	107999	+	0	0	0	0	0	1
LT934125.1	107999	-	0	0	1	0	0	0
LT934125.1	108002	+	0	0	2	0	0	0
LT934125.1	108003	+	1	0	0	0	2	0
LT934125.1	108004	+	0	0	0	0	1	0
LT934125.1	108005	+	0	0	0	0	0	1
LT934125.1	108015	+	0	0	0	0	1	0
LT934125.1	108022	+	0	0	1	0	1	0
LT934125.1	108044	-	2	0	1	0	7	0
LT934125.1	108046	-	0	0	0	0	5	0
LT934125.1	108050	+	0	0	0	1	0	0
LT934125.1	108051	+	0	0	1	0	1	0
LT934125.1	108082	-	0	0	0	0	1	0
LT934125.1	108094	+	0	0	0	0	1	0
LT934125.1	108098	+	0	0	1	0	0	0
LT934125.1	108101	+	0	0	0	0	2	0
LT934125.1	108103	+	0	0	0	0	1	0
LT934125.1	108106	+	0	0	2	0	0	0
LT934125.1	108108	+	0	0	0	0	1	0
LT934125.1	108117	+	0	0	1	0	0	0
LT934125.1	108121	+	0	0	0	0	1	0
LT934125.1	108131	-	0	0	0	0	1	0
LT934125.1	108134	-	0	0	0	0	1	0
LT934125.1	108136	-	0	0	0	0	2	0
LT934125.1	108137	+	0	0	0	0	1	0
LT934125.1	108155	+	0	0	1	0	1	0
LT934125.1	108159	+	0	0	0	0	2	0
LT934125.1	108165	-	0	0	0	0	0	1
LT934125.1	108166	-	0	0	1	0	0	0
LT934125.1	108168	+	0	0	0	0	1	0
LT934125.1	108169	-	0	0	0	0	2	0
LT934125.1	108186	+	0	0	0	0	3	0
LT934125.1	108189	+	1	0	0	0	4	0
LT934125.1	108190	+	0	0	0	0	2	0
LT934125.1	108211	+	1	0	0	0	0	0
LT934125.1	108222	+	0	0	1	0	0	0
LT934125.1	108225	+	0	0	1	0	0	0
LT934125.1	108229	+	0	0	3	0	0	0
LT934125.1	108230	+	0	0	0	0	3	0
LT934125.1	108235	+	0	0	0	0	3	0
LT934125.1	108236	-	0	0	0	0	1	0
LT934125.1	108237	+	0	0	1	0	0	0
LT934125.1	108239	+	0	0	1	0	0	0
LT934125.1	108239	-	0	0	0	0	1	0
LT934125.1	108244	+	1	0	0	0	1	0
LT934125.1	108245	-	0	0	0	0	1	0
LT934125.1	108248	+	0	0	0	0	1	0
LT934125.1	108251	+	1	0	0	0	0	0
LT934125.1	108252	+	1	0	1	0	0	0
LT934125.1	108267	+	0	0	0	0	2	0
LT934125.1	108269	+	0	0	1	0	0	0
LT934125.1	108269	-	0	0	0	0	1	0
LT934125.1	108299	-	0	0	0	0	1	0
LT934125.1	108301	+	0	0	1	0	0	0
LT934125.1	108302	+	0	0	0	0	1	0
LT934125.1	108303	+	1	0	3	0	0	0
LT934125.1	108303	-	1	0	1	0	0	0
LT934125.1	108304	+	0	0	0	0	5	1
LT934125.1	108306	+	0	0	0	0	1	0
LT934125.1	108309	+	0	0	1	0	1	0
LT934125.1	108310	+	2	0	9	0	6	0
LT934125.1	108312	+	1	0	0	0	7	0
LT934125.1	108315	+	0	0	0	0	1	0
LT934125.1	108316	+	0	0	0	0	1	0
LT934125.1	108317	+	0	0	0	0	1	0
LT934125.1	108318	-	0	0	1	0	1	0
LT934125.1	108319	+	0	0	0	0	3	0
LT934125.1	108320	+	0	0	0	0	1	0
LT934125.1	108321	+	1	0	3	0	0	0
LT934125.1	108322	+	0	0	0	0	1	0
LT934125.1	108338	+	0	0	0	0	3	0
LT934125.1	108342	+	0	0	0	0	5	1
LT934125.1	108344	+	0	0	0	0	1	0
LT934125.1	108347	+	0	0	1	0	1	0
LT934125.1	108348	+	2	0	0	0	6	0
LT934125.1	108350	+	1	0	0	0	7	0
LT934125.1	108353	+	0	0	0	0	1	0
LT934125.1	108354	+	0	0	0	0	1	0
LT934125.1	108355	+	0	0	0	0	1	0
LT934125.1	108357	+	0	0	0	0	3	0
LT934125.1	108358	+	0	0	0	0	1	0
LT934125.1	108368	-	0	0	0	0	1	0
LT934125.1	108370	-	0	0	1	0	0	0
LT934125.1	108372	-	0	0	0	0	1	0
LT934125.1	108373	-	0	0	0	0	1	0
LT934125.1	108375	-	0	0	2	0	9	0
LT934125.1	108381	-	0	0	0	0	3	0
LT934125.1	108382	-	0	0	0	0	2	0
LT934125.1	108384	-	4	0	0	0	0	0
LT934125.1	108386	-	0	0	0	0	1	0
LT934125.1	108387	-	0	0	0	0	24	0
LT934125.1	108388	+	0	0	0	0	1	0
LT934125.1	108389	-	0	0	1	0	0	0
LT934125.1	108391	+	0	0	1	0	0	0
LT934125.1	108391	-	0	0	0	0	1	0
LT934125.1	108392	-	0	0	0	0	1	0
LT934125.1	108394	-	2	0	3	0	10	0
LT934125.1	108395	+	1	0	0	0	0	0
LT934125.1	108397	+	1	0	0	0	0	0
LT934125.1	108397	-	0	0	0	0	1	0
LT934125.1	108400	-	0	0	0	0	3	0
LT934125.1	108401	-	0	0	7	0	9	0
LT934125.1	108403	-	1	0	9	0	23	0
LT934125.1	108404	+	0	0	0	0	3	0
LT934125.1	108404	-	4	0	0	0	0	0
LT934125.1	108405	-	0	0	0	0	28	2
LT934125.1	108406	-	6	0	57	2	0	1
LT934125.1	108407	+	1	0	3	0	0	1
LT934125.1	108407	-	0	1	0	0	132	0
LT934125.1	108408	-	2	0	0	2	11	0
LT934125.1	108409	-	2	0	3	0	2	1
LT934125.1	108411	-	5	0	0	0	20	0
LT934125.1	108412	-	3	0	6	0	4	0
LT934125.1	108413	-	0	0	2	0	4	0
LT934125.1	108414	-	0	0	0	0	5	0
LT934125.1	108415	-	0	0	1	0	1	0
LT934125.1	108418	-	0	0	0	0	1	0
LT934125.1	108419	-	0	0	2	0	9	0
LT934125.1	108420	-	3	0	1	0	0	0
LT934125.1	108421	-	0	0	6	0	4	0
LT934125.1	108423	-	1	0	0	0	1	0
LT934125.1	108424	-	0	0	0	0	9	0
LT934125.1	108425	+	0	0	0	0	1	0
LT934125.1	108425	-	1	0	4	0	0	1
LT934125.1	108426	+	1	0	0	0	0	1
LT934125.1	108426	-	0	0	0	0	13	0
LT934125.1	108430	-	1	0	0	0	17	0
LT934125.1	108431	-	0	0	6	0	0	0
LT934125.1	108432	+	0	0	0	0	5	0
LT934125.1	108432	-	1	0	0	0	4	0
LT934125.1	108434	+	0	0	2	0	0	0
LT934125.1	108434	-	0	0	0	0	1	0
LT934125.1	108438	-	4	1	0	0	39	0
LT934125.1	108439	-	1	0	9	0	4	0
LT934125.1	108440	-	1	0	5	0	11	0
LT934125.1	108441	-	0	0	8	0	0	0
LT934125.1	108442	-	0	0	0	0	1	0
LT934125.1	108445	-	0	0	0	0	1	0
LT934125.1	108447	-	3	0	0	0	33	1
LT934125.1	108448	-	6	0	18	1	38	0
LT934125.1	108449	-	6	0	24	0	36	0
LT934125.1	108450	-	0	0	15	0	0	0
LT934125.1	108451	-	0	0	3	0	2	0
LT934125.1	108454	-	0	0	5	0	0	0
LT934125.1	108455	+	0	0	0	0	2	0
LT934125.1	108457	+	2	0	1	0	0	0
LT934125.1	108457	-	0	0	0	0	1	0
LT934125.1	108459	+	0	0	1	0	0	0
LT934125.1	108461	-	0	0	0	0	3	0
LT934125.1	108462	-	0	0	4	0	0	0
LT934125.1	108463	-	0	0	0	0	1	0
LT934125.1	108470	-	1	1	0	0	2	0
LT934125.1	108471	-	1	0	2	0	0	0
LT934125.1	108472	+	0	0	0	0	1	0
LT934125.1	108472	-	0	0	3	0	0	0
LT934125.1	108473	-	0	0	1	0	0	0
LT934125.1	108475	+	0	0	1	0	0	1
LT934125.1	108479	-	1	0	0	0	4	0
LT934125.1	108480	-	0	0	4	0	0	0
LT934125.1	108481	-	1	0	1	0	2	0
LT934125.1	108484	+	0	0	0	0	1	0
LT934125.1	108484	-	0	0	0	0	1	0
LT934125.1	108486	+	0	0	1	0	0	0
LT934125.1	108491	-	0	0	1	0	0	0
LT934125.1	108492	-	0	0	0	0	2	0
LT934125.1	108493	-	0	0	1	0	0	0
LT934125.1	108498	+	0	0	0	0	2	0
LT934125.1	108506	+	0	0	1	0	0	0
LT934125.1	108509	-	1	0	0	0	0	0
LT934125.1	108510	-	0	0	0	0	1	0
LT934125.1	108527	-	0	0	0	0	1	0
LT934125.1	108538	+	0	0	1	0	0	0
LT934125.1	108539	+	0	0	0	0	1	0
LT934125.1	108545	-	1	0	0	0	0	0
LT934125.1	108554	-	0	0	0	0	1	0
LT934125.1	108555	+	0	0	0	0	1	0
LT934125.1	108559	+	0	0	1	0	1	0
LT934125.1	108564	-	0	0	0	0	1	0
LT934125.1	108566	+	0	0	0	0	1	0
LT934125.1	108567	+	0	0	0	0	1	0
LT934125.1	108568	+	1	0	1	0	1	0
LT934125.1	108572	-	0	0	0	0	1	0
LT934125.1	108586	+	0	0	1	0	0	0
LT934125.1	108591	-	0	0	0	0	1	0
LT934125.1	108607	+	0	0	0	0	1	0
LT934125.1	108615	+	0	0	0	0	1	0
LT934125.1	108617	-	0	0	0	0	1	0
LT934125.1	108621	-	0	0	0	0	1	0
LT934125.1	108624	-	0	0	0	0	1	0
LT934125.1	108627	+	0	0	0	0	1	0
LT934125.1	108629	+	0	0	1	0	0	0
LT934125.1	108630	+	0	0	0	0	1	0
LT934125.1	108630	-	0	0	0	0	1	0
LT934125.1	108638	-	0	0	0	0	1	0
LT934125.1	108647	-	0	0	0	0	1	0
LT934125.1	108662	-	0	0	0	0	1	0
LT934125.1	108673	-	0	0	0	0	1	0
LT934125.1	108682	-	0	0	1	0	1	0
LT934125.1	108713	-	0	0	1	0	0	0
LT934125.1	108714	-	0	0	0	0	2	0
LT934125.1	108715	-	1	0	0	0	5	0
LT934125.1	108716	-	0	0	4	0	2	0
LT934125.1	108717	-	0	0	0	0	1	0
LT934125.1	108719	-	0	0	0	0	1	0
LT934125.1	108720	-	0	0	1	0	0	0
LT934125.1	108721	-	0	0	1	0	1	0
LT934125.1	108724	-	0	0	0	0	2	0
LT934125.1	108734	-	0	0	1	0	0	0
LT934125.1	108737	-	0	0	0	0	1	0
LT934125.1	108738	-	1	0	0	0	1	0
LT934125.1	108740	-	0	0	1	0	0	0
LT934125.1	108774	-	0	0	0	0	1	0
LT934125.1	108796	-	0	0	0	0	1	0
LT934125.1	108816	-	0	0	0	0	1	0
LT934125.1	108829	+	0	0	0	0	1	0
LT934125.1	108833	+	0	0	0	0	1	0
LT934125.1	108835	-	0	0	0	0	1	0
LT934125.1	108852	-	0	0	0	0	1	0
LT934125.1	108853	+	0	0	0	0	1	0
LT934125.1	108863	+	0	0	0	0	1	0
LT934125.1	108872	+	0	0	0	0	1	0
LT934125.1	108879	+	0	0	0	0	2	0
LT934125.1	108885	+	0	0	0	0	2	0
LT934125.1	108890	-	0	0	0	0	1	0
LT934125.1	108920	+	0	0	0	0	1	0
LT934125.1	108940	-	0	0	0	0	1	0
LT934125.1	108948	+	0	0	0	0	0	1
LT934125.1	108955	+	0	0	0	0	1	0
LT934125.1	108979	+	0	0	0	0	2	0
LT934125.1	109003	+	0	0	0	0	0	1
LT934125.1	109027	+	0	0	0	0	1	0
LT934125.1	109062	+	0	0	0	0	1	0
LT934125.1	109084	+	0	0	0	0	1	0
LT934125.1	109108	+	0	0	0	0	1	0
LT934125.1	109115	+	0	0	0	0	1	0
LT934125.1	109120	+	0	0	0	0	1	0
LT934125.1	109141	+	0	0	0	0	1	0
LT934125.1	109232	+	0	0	1	0	0	0
LT934125.1	109253	+	0	0	0	0	2	0
LT934125.1	109261	+	0	0	0	0	2	0
LT934125.1	109262	+	0	0	1	0	0	0
LT934125.1	109271	+	0	0	0	0	1	0
LT934125.1	109272	+	0	0	0	0	1	0
LT934125.1	109273	+	0	0	0	0	1	0
LT934125.1	109283	+	0	0	1	0	0	0
LT934125.1	109302	+	0	0	1	0	0	0
LT934125.1	109307	+	0	0	2	0	3	3
LT934125.1	109310	+	0	0	1	0	0	0
LT934125.1	109317	+	0	0	1	0	0	0
LT934125.1	109323	+	0	0	0	0	1	0
LT934125.1	109327	+	1	0	1	0	0	0
LT934125.1	109331	+	0	0	0	0	1	0
LT934125.1	109335	+	1	0	0	0	0	0
LT934125.1	109345	-	0	0	0	0	1	0
LT934125.1	109360	-	0	0	0	0	1	0
LT934125.1	109362	+	0	0	1	0	1	0
LT934125.1	109363	+	0	0	0	0	0	1
LT934125.1	109368	-	0	0	1	0	0	0
LT934125.1	109374	-	1	0	0	0	0	0
LT934125.1	109375	-	0	0	1	0	2	0
LT934125.1	109377	-	0	0	2	0	0	0
LT934125.1	109383	-	0	0	0	0	1	0
LT934125.1	109396	+	0	0	0	0	1	0
LT934125.1	109397	+	0	0	0	0	1	0
LT934125.1	109409	+	0	0	0	0	1	0
LT934125.1	109412	+	0	0	0	0	1	0
LT934125.1	109414	+	0	0	0	0	1	0
LT934125.1	109415	-	0	0	1	0	0	0
LT934125.1	109425	-	0	0	1	0	0	0
LT934125.1	109426	-	0	0	0	0	1	0
LT934125.1	109441	-	0	0	1	0	1	0
LT934125.1	109443	-	1	0	0	0	0	0
LT934125.1	109450	+	0	0	0	0	1	0
LT934125.1	109456	+	0	0	0	0	1	0
LT934125.1	109458	-	0	0	0	0	1	0
LT934125.1	109461	-	1	0	1	0	3	0
LT934125.1	109469	-	1	0	2	0	1	0
LT934125.1	109472	+	0	0	1	0	0	0
LT934125.1	109472	-	0	0	0	0	2	0
LT934125.1	109475	+	0	0	0	0	2	0
LT934125.1	109481	+	0	0	0	0	2	0
LT934125.1	109500	-	1	0	0	0	0	0
LT934125.1	109514	+	0	0	1	0	0	0
LT934125.1	109518	+	0	1	0	0	0	0
LT934125.1	109524	-	0	0	1	0	0	0
LT934125.1	109529	-	0	0	0	0	1	0
LT934125.1	109534	-	0	0	1	0	0	0
LT934125.1	109538	+	0	0	0	0	1	0
LT934125.1	109561	-	1	0	0	0	0	0
LT934125.1	109567	-	0	0	1	0	1	0
LT934125.1	109571	-	0	0	0	0	1	0
LT934125.1	109579	-	1	0	0	0	1	0
LT934125.1	109581	-	0	0	0	0	1	0
LT934125.1	109588	+	0	0	0	0	1	0
LT934125.1	109591	-	0	0	1	0	0	0
LT934125.1	109605	+	0	0	1	0	0	0
LT934125.1	109608	+	0	0	0	0	1	0
LT934125.1	109610	-	0	0	0	0	1	0
LT934125.1	109611	+	0	0	0	0	1	0
LT934125.1	109613	-	1	0	0	0	0	0
LT934125.1	109617	+	0	0	0	0	1	0
LT934125.1	109618	+	0	0	0	0	1	0
LT934125.1	109619	+	0	0	1	0	0	0
LT934125.1	109622	-	1	0	0	0	0	0
LT934125.1	109626	-	0	0	0	0	1	0
LT934125.1	109632	-	0	0	0	0	1	0
LT934125.1	109633	-	0	0	0	0	4	0
LT934125.1	109634	-	0	0	0	0	2	0
LT934125.1	109636	+	0	0	1	0	0	0
LT934125.1	109636	-	1	0	0	0	0	0
LT934125.1	109637	+	1	0	0	0	0	0
LT934125.1	109640	+	0	1	0	0	0	0
LT934125.1	109649	+	0	0	1	0	0	0
LT934125.1	109655	-	0	0	0	0	1	0
LT934125.1	109659	-	0	0	1	0	0	0
LT934125.1	109669	+	1	0	0	0	0	0
LT934125.1	109673	+	1	0	0	0	0	0
LT934125.1	109675	+	1	0	0	0	0	0
LT934125.1	109677	+	1	0	0	0	0	0
LT934125.1	109683	-	0	0	1	0	0	0
LT934125.1	109700	-	0	0	0	0	1	0
LT934125.1	109702	+	0	0	0	0	1	0
LT934125.1	109702	-	1	0	0	0	0	0
LT934125.1	109707	-	0	0	0	0	2	0
LT934125.1	109712	-	0	0	1	0	0	0
LT934125.1	109714	-	0	0	0	0	1	0
LT934125.1	109715	+	0	0	0	0	2	0
LT934125.1	109721	-	1	0	0	0	0	0
LT934125.1	109733	-	0	0	3	0	1	0
LT934125.1	109741	-	0	0	1	0	0	0
LT934125.1	109742	-	0	0	1	0	0	0
LT934125.1	109749	-	0	0	0	0	1	1
LT934125.1	109753	-	0	0	1	0	0	0
LT934125.1	109759	-	0	0	2	0	0	0
LT934125.1	109760	-	0	0	0	0	1	0
LT934125.1	109762	-	0	0	0	0	4	0
LT934125.1	109766	-	0	0	0	0	2	0
LT934125.1	109771	-	1	0	0	0	0	0
LT934125.1	109772	-	0	0	1	0	1	0
LT934125.1	109778	-	0	0	1	0	0	0
LT934125.1	109780	-	0	0	1	0	0	0
LT934125.1	109790	-	0	0	0	0	2	0
LT934125.1	109801	-	0	0	0	0	0	1
LT934125.1	109802	-	1	0	0	0	0	0
LT934125.1	109808	-	0	0	0	0	1	0
LT934125.1	109821	-	1	0	0	0	0	0
LT934125.1	109828	-	0	0	0	0	2	0
LT934125.1	109836	-	0	0	0	0	1	0
LT934125.1	109871	-	1	0	0	0	1	0
LT934125.1	109891	-	0	0	0	0	2	0
LT934125.1	109896	-	0	0	1	0	0	0
LT934125.1	109915	+	0	0	1	0	0	0
LT934125.1	109948	-	0	0	0	0	1	0
LT934125.1	109950	-	0	0	1	0	0	0
LT934125.1	109962	-	0	0	0	0	1	0
LT934125.1	109969	-	0	0	0	0	1	0
LT934125.1	109998	-	0	0	0	0	1	0
LT934125.1	110000	-	1	0	0	0	0	0
LT934125.1	110007	+	0	0	0	0	1	0
LT934125.1	110008	+	0	0	1	0	0	0
LT934125.1	110033	-	1	0	0	0	2	0
LT934125.1	110034	-	0	0	1	0	2	0
LT934125.1	110035	-	0	0	0	0	2	0
LT934125.1	110040	-	0	0	0	0	1	0
LT934125.1	110056	+	0	0	0	0	1	0
LT934125.1	110057	-	0	0	0	0	2	0
LT934125.1	110064	-	0	0	1	0	0	0
LT934125.1	110074	-	0	0	0	0	1	0
LT934125.1	110096	-	0	0	0	0	1	0
LT934125.1	110097	+	0	0	0	0	1	0
LT934125.1	110097	-	0	0	1	0	0	0
LT934125.1	110111	-	1	0	0	0	1	0
LT934125.1	110132	-	0	0	0	0	1	0
LT934125.1	110147	+	1	0	0	0	0	0
LT934125.1	110152	-	0	0	0	0	0	1
LT934125.1	110157	-	1	0	1	0	0	0
LT934125.1	110159	-	0	0	0	0	1	0
LT934125.1	110196	+	0	0	0	0	1	0
LT934125.1	110202	+	1	0	0	0	0	0
LT934125.1	110204	+	0	0	0	0	1	0
LT934125.1	110205	+	0	0	0	0	1	0
LT934125.1	110217	+	0	0	0	0	1	0
LT934125.1	110247	+	0	0	0	0	1	0
LT934125.1	110247	-	0	0	1	0	0	0
LT934125.1	110271	+	0	0	0	0	1	0
LT934125.1	110276	-	0	0	0	0	1	0
LT934125.1	110284	-	0	0	1	0	0	0
LT934125.1	110291	-	0	0	0	0	1	0
LT934125.1	110305	+	0	0	0	0	1	0
LT934125.1	110320	+	0	0	0	0	1	0
LT934125.1	110321	-	0	0	0	0	1	0
LT934125.1	110339	-	0	0	0	0	1	0
LT934125.1	110344	+	0	0	0	0	1	0
LT934125.1	110350	-	1	0	0	0	0	0
LT934125.1	110352	+	0	0	0	0	1	0
LT934125.1	110354	+	0	0	0	1	0	0
LT934125.1	110355	+	0	0	0	0	1	0
LT934125.1	110369	+	1	0	0	0	0	0
LT934125.1	110386	-	0	0	0	0	1	0
LT934125.1	110390	+	0	0	0	0	1	0
LT934125.1	110405	+	0	0	1	0	0	0
LT934125.1	110406	+	0	0	0	0	1	0
LT934125.1	110407	+	2	0	2	0	1	0
LT934125.1	110414	+	0	0	1	0	0	0
LT934125.1	110414	-	0	0	1	0	0	0
LT934125.1	110432	-	0	0	0	0	2	0
LT934125.1	110433	+	0	0	0	0	1	0
LT934125.1	110441	+	0	0	1	0	3	1
LT934125.1	110442	+	0	0	1	0	0	0
LT934125.1	110443	+	0	0	2	0	1	1
LT934125.1	110448	-	0	0	0	0	1	0
LT934125.1	110456	+	0	0	0	0	1	0
LT934125.1	110463	+	1	0	0	0	1	0
LT934125.1	110468	+	0	0	0	0	1	0
LT934125.1	110472	+	1	0	0	0	1	0
LT934125.1	110490	-	0	0	0	0	1	0
LT934125.1	110493	+	0	0	0	1	0	0
LT934125.1	110494	+	0	0	0	0	1	0
LT934125.1	110497	+	0	0	0	0	1	0
LT934125.1	110501	+	0	0	0	0	2	0
LT934125.1	110506	+	0	0	0	0	1	0
LT934125.1	110508	+	1	0	0	0	3	0
LT934125.1	110512	+	0	0	0	0	1	0
LT934125.1	110513	+	0	0	0	0	2	0
LT934125.1	110514	+	0	0	0	0	1	0
LT934125.1	110519	-	1	0	0	0	0	0
LT934125.1	110520	-	0	0	0	0	1	0
LT934125.1	110525	+	0	0	1	0	0	0
LT934125.1	110552	+	0	0	1	0	0	0
LT934125.1	110554	+	0	0	0	0	1	0
LT934125.1	110558	+	0	0	0	0	1	0
LT934125.1	110561	+	0	0	0	0	1	0
LT934125.1	110572	+	0	0	0	0	1	0
LT934125.1	110576	+	0	0	0	0	1	0
LT934125.1	110591	+	0	0	0	0	2	0
LT934125.1	110597	+	0	0	0	0	1	0
LT934125.1	110600	+	0	0	4	0	0	0
LT934125.1	110601	+	1	0	0	0	0	0
LT934125.1	110603	+	0	0	2	0	4	0
LT934125.1	110616	-	0	0	1	0	0	0
LT934125.1	110619	+	0	0	0	0	1	0
LT934125.1	110619	-	1	0	1	0	0	0
LT934125.1	110620	+	0	0	1	0	1	0
LT934125.1	110622	+	0	0	1	0	0	0
LT934125.1	110623	+	0	0	0	0	1	0
LT934125.1	110626	+	0	0	0	0	2	0
LT934125.1	110633	-	0	0	0	0	1	0
LT934125.1	110634	+	0	0	1	0	3	0
LT934125.1	110637	-	0	0	0	0	2	0
LT934125.1	110638	-	0	0	0	0	2	0
LT934125.1	110640	+	1	0	0	0	0	0
LT934125.1	110642	+	0	0	0	0	1	0
LT934125.1	110652	+	0	0	0	0	1	0
LT934125.1	110655	+	0	0	2	0	1	0
LT934125.1	110661	+	0	0	1	0	1	0
LT934125.1	110662	-	1	0	0	0	1	0
LT934125.1	110675	+	0	0	0	0	2	0
LT934125.1	110677	+	0	0	0	0	2	0
LT934125.1	110687	+	0	0	0	0	1	0
LT934125.1	110688	+	0	0	0	0	1	0
LT934125.1	110689	+	0	0	0	0	0	2
LT934125.1	110690	+	0	0	1	0	1	1
LT934125.1	110692	+	6	0	12	1	92	1
LT934125.1	110693	+	0	0	8	0	37	0
LT934125.1	110695	+	3	0	6	0	40	1
LT934125.1	110696	+	0	0	2	0	3	0
LT934125.1	110698	+	0	0	0	0	4	0
LT934125.1	110699	+	0	0	1	0	0	0
LT934125.1	110699	-	0	0	1	0	0	0
LT934125.1	110702	-	0	0	0	0	0	1
LT934125.1	110706	-	0	0	1	0	0	0
LT934125.1	110707	-	0	0	1	0	0	0
LT934125.1	110716	-	0	0	1	0	0	0
LT934125.1	110717	+	0	0	0	0	2	0
LT934125.1	110718	+	0	0	0	0	0	1
LT934125.1	110719	+	0	0	1	0	0	0
LT934125.1	110721	+	0	0	0	1	0	0
LT934125.1	110723	+	0	0	2	0	2	0
LT934125.1	110724	+	0	0	0	0	1	0
LT934125.1	110726	+	0	0	0	0	1	0
LT934125.1	110737	+	0	0	1	0	0	0
LT934125.1	110742	-	0	0	0	0	1	1
LT934125.1	110743	-	0	0	2	0	0	0
LT934125.1	110744	+	0	0	0	0	1	0
LT934125.1	110745	+	0	0	0	0	1	0
LT934125.1	110745	-	0	0	0	0	2	0
LT934125.1	110747	+	0	0	0	0	1	0
LT934125.1	110748	-	1	0	0	0	0	0
LT934125.1	110749	-	0	0	0	0	1	0
LT934125.1	110750	-	0	0	0	0	3	0
LT934125.1	110751	-	1	0	6	0	1	0
LT934125.1	110753	-	1	0	0	0	1	0
LT934125.1	110754	-	0	0	1	1	0	0
LT934125.1	110756	+	1	0	0	0	0	0
LT934125.1	110757	+	0	0	1	0	1	0
LT934125.1	110763	+	0	0	1	0	0	0
LT934125.1	110766	+	0	0	0	0	1	0
LT934125.1	110767	+	0	0	0	0	1	0
LT934125.1	110768	+	2	0	0	0	0	0
LT934125.1	110770	+	0	0	0	0	1	0
LT934125.1	110773	+	0	0	1	0	1	0
LT934125.1	110773	-	1	0	2	0	0	0
LT934125.1	110779	-	0	0	2	1	2	0
LT934125.1	110780	-	0	0	2	0	0	0
LT934125.1	110784	+	0	0	0	0	3	0
LT934125.1	110804	+	1	0	0	0	0	0
LT934125.1	110806	+	0	0	0	0	1	0
LT934125.1	110809	+	0	0	1	0	0	0
LT934125.1	110831	+	1	0	0	0	0	0
LT934125.1	110832	-	0	0	2	0	1	0
LT934125.1	110834	-	0	0	0	0	1	0
LT934125.1	110846	-	0	0	1	0	0	0
LT934125.1	110852	-	0	0	0	0	1	0
LT934125.1	110858	-	0	0	0	0	1	0
LT934125.1	110866	-	0	0	1	0	0	0
LT934125.1	110867	-	2	0	0	0	4	0
LT934125.1	110868	-	0	0	1	0	1	0
LT934125.1	110871	-	0	0	0	0	2	0
LT934125.1	110873	-	1	0	0	0	0	0
LT934125.1	110878	-	0	0	0	0	1	0
LT934125.1	110880	-	0	0	1	0	0	0
LT934125.1	110881	-	0	0	0	0	1	0
LT934125.1	110890	-	0	0	0	0	2	0
LT934125.1	110891	-	0	0	0	0	2	0
LT934125.1	110911	-	0	0	1	0	0	0
LT934125.1	110916	-	0	0	0	0	1	0
LT934125.1	110918	+	0	0	0	0	1	0
LT934125.1	110920	-	0	0	1	0	0	0
LT934125.1	110929	-	0	0	0	0	2	0
LT934125.1	110930	+	0	0	0	0	2	0
LT934125.1	110932	+	0	0	1	0	0	0
LT934125.1	110943	-	0	0	1	0	0	0
LT934125.1	110950	-	0	1	1	0	0	0
LT934125.1	110952	-	0	0	0	0	2	0
LT934125.1	110968	-	0	0	0	0	0	1
LT934125.1	110970	-	1	0	0	0	0	0
LT934125.1	110986	-	0	0	1	0	0	0
LT934125.1	110989	-	0	0	0	0	2	0
LT934125.1	110991	-	0	0	0	0	1	0
LT934125.1	110992	-	0	0	0	0	1	0
LT934125.1	111001	-	0	0	0	0	1	0
LT934125.1	111005	-	0	0	0	0	0	1
LT934125.1	111019	-	0	0	1	0	0	0
LT934125.1	111029	-	0	0	1	0	0	0
LT934125.1	111060	-	0	0	0	0	1	0
LT934125.1	111092	+	0	0	0	1	0	0
LT934125.1	111093	-	0	0	1	0	0	0
LT934125.1	111095	-	0	0	0	0	1	0
LT934125.1	111099	-	0	0	1	0	0	1
LT934125.1	111100	-	0	0	0	0	0	1
LT934125.1	111101	-	0	0	0	0	0	1
LT934125.1	111103	-	1	0	8	1	0	5
LT934125.1	111104	-	1	0	2	0	0	0
LT934125.1	111106	-	0	0	0	0	6	0
LT934125.1	111114	+	0	0	2	0	0	0
LT934125.1	111115	+	3	0	0	0	1	0
LT934125.1	111119	-	0	0	3	0	0	0
LT934125.1	111121	-	0	0	3	0	0	0
LT934125.1	111161	+	0	0	0	0	1	0
LT934125.1	111196	-	0	0	0	0	1	1
LT934125.1	111199	-	0	0	0	0	1	0
LT934125.1	111202	-	0	0	0	0	1	0
LT934125.1	111207	-	0	0	0	0	1	0
LT934125.1	111215	+	0	0	0	0	1	0
LT934125.1	111218	+	0	0	0	1	0	0
LT934125.1	111220	+	0	0	0	0	1	0
LT934125.1	111232	+	0	1	0	0	0	0
LT934125.1	111239	+	0	0	0	1	0	0
LT934125.1	111240	-	0	0	0	0	1	0
LT934125.1	111242	+	0	0	0	0	1	0
LT934125.1	111247	+	1	0	0	0	0	0
LT934125.1	111255	+	0	0	0	0	1	0
LT934125.1	111269	+	0	0	0	0	1	0
LT934125.1	111276	+	0	0	0	0	1	0
LT934125.1	111282	+	0	0	1	0	0	0
LT934125.1	111294	+	0	0	0	0	1	0
LT934125.1	111339	+	0	0	0	0	1	0
LT934125.1	111368	-	0	0	0	0	1	0
LT934125.1	111383	+	0	0	0	0	2	0
LT934125.1	111434	-	0	0	1	0	0	0
LT934125.1	111470	-	0	0	0	0	1	0
LT934125.1	111632	+	0	0	1	0	0	0
LT934125.1	111650	-	0	0	0	0	1	0
LT934125.1	111654	+	0	0	0	0	1	0
LT934125.1	111662	-	0	0	0	1	1	0
LT934125.1	111667	+	0	0	0	0	2	0
LT934125.1	111682	+	0	0	1	0	0	0
LT934125.1	111684	+	0	0	1	0	0	0
LT934125.1	111713	-	1	0	2	0	0	0
LT934125.1	111714	-	0	0	1	0	0	0
LT934125.1	111715	+	0	0	0	0	1	0
LT934125.1	111715	-	0	0	1	0	0	0
LT934125.1	111716	+	0	0	0	0	2	0
LT934125.1	111735	-	0	0	0	0	1	0
LT934125.1	111738	-	0	0	0	0	2	0
LT934125.1	111754	-	0	0	0	0	1	0
LT934125.1	111768	+	0	0	0	0	1	0
LT934125.1	111786	+	0	0	1	1	0	0
LT934125.1	111787	+	0	0	0	0	1	1
LT934125.1	111791	+	0	0	2	0	2	0
LT934125.1	111815	+	0	0	0	0	1	0
LT934125.1	111837	+	0	0	0	0	1	0
LT934125.1	111863	+	0	0	0	0	1	0
LT934125.1	111864	+	0	0	0	0	1	0
LT934125.1	111877	+	0	0	0	0	1	0
LT934125.1	111879	+	0	0	1	0	0	0
LT934125.1	111909	+	0	0	0	0	1	0
LT934125.1	111924	+	0	0	1	0	0	0
LT934125.1	111936	+	0	0	0	0	1	0
LT934125.1	111961	-	0	0	0	0	1	0
LT934125.1	111962	-	0	0	0	1	2	0
LT934125.1	111963	-	0	0	1	0	1	0
LT934125.1	111965	-	0	0	0	0	1	0
LT934125.1	111970	-	0	0	1	0	2	0
LT934125.1	111972	-	0	0	0	0	10	0
LT934125.1	112014	+	0	0	0	0	1	0
LT934125.1	112039	-	0	0	0	0	1	0
LT934125.1	112040	-	0	0	0	0	1	0
LT934125.1	112045	-	0	0	0	0	0	1
LT934125.1	112051	-	0	0	0	0	1	0
LT934125.1	112056	-	0	0	0	0	1	0
LT934125.1	112060	-	0	0	1	0	0	0
LT934125.1	112074	+	0	0	0	0	1	0
LT934125.1	112089	+	0	0	0	0	1	0
LT934125.1	112091	+	1	0	0	0	0	0
LT934125.1	112111	+	0	0	0	0	1	0
LT934125.1	112112	-	0	0	1	0	0	0
LT934125.1	112117	-	0	0	0	0	2	0
LT934125.1	112129	-	0	0	0	0	1	0
LT934125.1	112136	-	0	0	1	0	0	0
LT934125.1	112141	-	0	0	0	0	1	0
LT934125.1	112151	-	0	0	0	0	1	0
LT934125.1	112154	-	0	0	0	0	1	0
LT934125.1	112156	-	0	0	0	0	2	0
LT934125.1	112167	-	0	0	0	0	1	0
LT934125.1	112172	+	0	0	0	0	1	0
LT934125.1	112222	+	0	0	0	0	1	0
LT934125.1	112267	+	0	0	0	0	1	0
LT934125.1	112296	+	0	0	0	0	2	0
LT934125.1	112300	+	1	0	0	0	0	0
LT934125.1	112304	+	0	0	0	0	1	0
LT934125.1	112305	+	0	0	0	0	1	0
LT934125.1	112306	-	0	0	0	1	0	0
LT934125.1	112307	-	0	0	0	0	1	0
LT934125.1	112308	+	1	0	0	0	0	0
LT934125.1	112327	+	0	0	0	0	1	0
LT934125.1	112329	+	0	0	0	0	3	0
LT934125.1	112339	-	0	0	0	0	1	0
LT934125.1	112343	-	0	0	1	0	0	0
LT934125.1	112376	-	0	0	0	0	1	0
LT934125.1	112412	+	1	0	0	0	0	0
LT934125.1	112415	+	0	0	0	0	1	0
LT934125.1	112423	-	0	0	0	0	1	0
LT934125.1	112429	-	0	0	0	0	1	0
LT934125.1	112476	-	1	0	0	0	0	0
LT934125.1	112487	-	0	0	0	0	1	0
LT934125.1	112524	+	1	0	0	0	0	0
LT934125.1	112534	-	0	0	1	0	0	0
LT934125.1	112538	-	0	0	0	0	1	0
LT934125.1	112539	-	0	0	0	0	1	0
LT934125.1	112543	-	0	1	0	0	0	0
LT934125.1	112545	-	0	0	0	0	1	0
LT934125.1	112565	-	0	0	0	0	1	0
LT934125.1	112569	-	0	0	0	0	1	0
LT934125.1	112577	-	0	0	0	0	1	0
LT934125.1	112602	+	0	0	0	0	1	0
LT934125.1	112646	+	0	0	0	0	1	0
LT934125.1	112647	-	0	0	0	0	1	0
LT934125.1	112684	+	0	0	0	0	1	0
LT934125.1	112697	+	0	0	0	0	1	0
LT934125.1	112734	+	0	0	1	0	0	0
LT934125.1	112743	+	0	1	0	0	1	0
LT934125.1	112744	+	1	0	0	0	0	0
LT934125.1	112758	+	0	0	0	0	1	0
LT934125.1	112794	+	0	0	1	0	0	0
LT934125.1	112816	+	0	0	0	0	1	0
LT934125.1	112817	+	0	0	1	0	0	0
LT934125.1	112823	+	1	0	0	0	0	0
LT934125.1	112824	+	0	0	1	0	3	0
LT934125.1	112825	+	2	0	0	0	6	1
LT934125.1	112847	+	1	0	1	0	0	0
LT934125.1	112855	+	0	0	0	0	1	0
LT934125.1	112861	-	0	0	1	0	1	0
LT934125.1	112864	-	0	0	0	0	1	1
LT934125.1	112867	+	0	0	0	0	1	0
LT934125.1	112868	+	0	0	0	0	1	0
LT934125.1	112878	+	0	0	0	0	1	0
LT934125.1	112883	+	1	0	2	1	0	0
LT934125.1	112884	+	1	0	17	1	32	0
LT934125.1	112886	+	0	0	5	0	4	2
LT934125.1	112888	+	0	0	4	0	3	0
LT934125.1	112896	+	0	0	0	0	1	0
LT934125.1	112897	+	1	0	0	0	0	0
LT934125.1	112899	-	0	0	0	0	1	0
LT934125.1	112901	-	0	0	0	0	1	0
LT934125.1	112910	+	1	0	0	0	0	0
LT934125.1	112915	+	0	0	0	0	1	0
LT934125.1	112916	+	0	0	1	0	0	0
LT934125.1	112916	-	0	0	1	0	0	0
LT934125.1	112938	-	0	0	0	0	1	0
LT934125.1	112943	+	0	0	0	0	5	0
LT934125.1	112949	-	1	0	0	0	0	0
LT934125.1	112953	-	0	0	0	0	1	0
LT934125.1	112970	+	0	0	0	0	1	0
LT934125.1	112972	-	0	0	0	0	1	0
LT934125.1	112977	+	0	0	1	0	0	0
LT934125.1	113011	-	0	0	0	0	1	0
LT934125.1	113013	-	0	0	0	0	1	0
LT934125.1	113018	+	0	0	0	0	1	0
LT934125.1	113021	-	0	0	0	0	2	0
LT934125.1	113029	+	1	0	0	0	0	0
LT934125.1	113042	-	0	0	0	0	1	0
LT934125.1	113061	-	0	0	0	0	1	0
LT934125.1	113078	+	0	0	0	0	1	0
LT934125.1	113082	-	0	0	0	0	1	0
LT934125.1	113086	-	1	0	0	0	0	0
LT934125.1	113087	+	1	0	0	0	0	0
LT934125.1	113087	-	0	0	0	0	6	0
LT934125.1	113088	+	0	0	0	0	1	0
LT934125.1	113092	-	0	0	0	0	1	0
LT934125.1	113098	-	0	0	0	0	1	0
LT934125.1	113103	-	2	0	3	1	6	2
LT934125.1	113107	-	0	0	2	0	0	0
LT934125.1	113109	-	0	0	0	0	1	0
LT934125.1	113110	-	0	0	0	0	1	0
LT934125.1	113114	-	1	0	0	0	0	0
LT934125.1	113115	-	0	0	0	0	2	0
LT934125.1	113127	-	0	0	0	0	2	0
LT934125.1	113135	-	0	0	0	0	1	0
LT934125.1	113136	-	0	0	0	0	6	0
LT934125.1	113137	-	0	0	0	0	4	0
LT934125.1	113138	-	0	0	1	0	1	0
LT934125.1	113154	-	0	0	0	0	1	0
LT934125.1	113155	-	0	0	0	0	3	0
LT934125.1	113156	-	2	0	1	0	9	1
LT934125.1	113157	-	0	0	1	0	0	0
LT934125.1	113159	+	0	0	1	0	0	0
LT934125.1	113165	-	0	0	0	0	1	0
LT934125.1	113168	-	0	0	0	0	1	0
LT934125.1	113169	-	0	0	1	0	1	0
LT934125.1	113179	+	1	0	0	0	1	0
LT934125.1	113179	-	0	0	0	0	1	0
LT934125.1	113192	-	0	0	1	0	0	0
LT934125.1	113222	-	0	0	0	0	1	0
LT934125.1	113230	-	0	0	0	0	1	0
LT934125.1	113244	-	0	0	0	0	1	0
LT934125.1	113269	-	0	0	0	0	1	0
LT934125.1	113309	-	1	0	0	0	0	0
LT934125.1	113333	-	0	0	0	1	0	0
LT934125.1	113335	-	0	0	1	0	0	0
LT934125.1	113340	+	0	0	1	0	0	0
LT934125.1	113356	+	0	0	0	0	1	0
LT934125.1	113359	+	0	0	1	0	0	0
LT934125.1	113359	-	0	0	0	0	1	0
LT934125.1	113363	+	0	0	0	0	1	0
LT934125.1	113364	+	0	0	0	0	2	0
LT934125.1	113367	+	0	0	1	0	0	0
LT934125.1	113367	-	0	0	0	0	2	0
LT934125.1	113372	-	0	0	1	0	1	0
LT934125.1	113391	+	0	0	0	0	1	0
LT934125.1	113391	-	1	0	0	0	0	0
LT934125.1	113392	-	0	0	0	0	1	0
LT934125.1	113404	+	0	0	1	0	0	0
LT934125.1	113413	+	0	0	0	0	1	0
LT934125.1	113419	+	0	0	0	0	2	0
LT934125.1	113425	+	0	0	0	0	1	0
LT934125.1	113430	+	0	0	1	0	0	0
LT934125.1	113433	+	0	0	0	0	1	0
LT934125.1	113437	+	0	0	1	0	2	0
LT934125.1	113440	+	1	0	0	0	0	0
LT934125.1	113444	+	1	0	0	0	3	0
LT934125.1	113445	+	1	0	0	0	0	0
LT934125.1	113446	+	0	0	0	0	5	0
LT934125.1	113457	-	0	0	1	0	0	0
LT934125.1	113460	-	0	0	0	0	1	0
LT934125.1	113468	-	0	0	0	0	2	0
LT934125.1	113483	+	0	0	1	0	0	0
LT934125.1	113506	-	0	0	0	0	2	0
LT934125.1	113507	-	0	0	1	0	3	0
LT934125.1	113508	-	0	0	1	0	1	0
LT934125.1	113510	-	0	0	0	0	1	0
LT934125.1	113516	-	0	0	0	0	2	0
LT934125.1	113517	-	0	0	0	0	5	0
LT934125.1	113518	-	0	0	1	0	1	0
LT934125.1	113519	-	0	0	1	0	0	0
LT934125.1	113520	-	0	0	1	0	0	0
LT934125.1	113521	-	0	0	0	0	1	0
LT934125.1	113537	-	0	0	2	0	0	0
LT934125.1	113543	-	1	0	0	0	0	0
LT934125.1	113545	-	0	0	0	0	2	0
LT934125.1	113565	-	1	0	0	0	1	0
LT934125.1	113591	+	0	0	0	0	1	0
LT934125.1	113596	-	1	0	0	0	0	0
LT934125.1	113619	-	0	0	0	0	1	0
LT934125.1	113620	-	0	0	0	0	1	0
LT934125.1	113625	+	1	0	0	0	0	0
LT934125.1	113628	+	0	0	0	0	1	0
LT934125.1	113629	-	0	0	1	0	0	0
LT934125.1	113636	-	0	0	0	0	1	0
LT934125.1	113637	-	0	0	0	0	1	0
LT934125.1	113638	+	0	0	0	0	1	0
LT934125.1	113644	+	0	0	1	0	1	0
LT934125.1	113648	-	0	0	0	0	2	0
LT934125.1	113657	-	0	0	0	0	1	0
LT934125.1	113658	-	0	0	0	0	1	0
LT934125.1	113688	+	1	0	0	0	0	0
LT934125.1	113708	+	0	0	0	0	1	0
LT934125.1	113714	-	0	0	0	0	1	0
LT934125.1	113718	-	0	0	0	0	1	0
LT934125.1	113725	-	0	0	0	0	1	0
LT934125.1	113731	-	0	0	1	0	0	0
LT934125.1	113745	-	0	0	1	0	0	0
LT934125.1	113754	-	0	0	0	0	1	0
LT934125.1	113762	-	0	0	0	0	2	0
LT934125.1	113764	-	0	0	0	0	1	0
LT934125.1	113776	-	0	0	0	0	6	0
LT934125.1	113787	-	0	0	0	0	4	0
LT934125.1	113789	-	0	0	0	0	1	0
LT934125.1	113799	+	0	0	1	0	0	0
LT934125.1	113799	-	0	0	0	0	1	0
LT934125.1	113800	-	0	0	0	0	1	0
LT934125.1	113807	-	0	0	0	0	1	0
LT934125.1	113832	-	0	0	0	0	1	0
LT934125.1	113833	-	0	0	0	0	1	0
LT934125.1	113851	-	0	0	0	0	1	0
LT934125.1	113884	-	0	0	0	0	1	0
LT934125.1	113889	+	0	0	0	0	1	0
LT934125.1	113893	-	0	0	0	0	1	0
LT934125.1	113898	-	0	0	0	0	1	0
LT934125.1	113899	-	0	0	0	0	1	0
LT934125.1	113939	-	0	0	0	0	4	0
LT934125.1	113947	-	0	0	0	0	1	0
LT934125.1	113948	-	0	0	0	0	2	0
LT934125.1	113951	-	0	0	0	0	2	0
LT934125.1	113956	-	0	0	0	0	1	0
LT934125.1	113957	-	0	0	0	0	2	0
LT934125.1	113979	+	0	0	1	0	0	0
LT934125.1	113997	+	0	0	0	0	1	0
LT934125.1	113998	+	0	0	1	0	1	0
LT934125.1	113999	+	1	0	0	0	2	1
LT934125.1	114000	+	0	0	0	0	7	0
LT934125.1	114002	+	0	0	0	0	3	0
LT934125.1	114030	-	0	0	0	0	1	0
LT934125.1	114031	-	1	0	0	0	0	0
LT934125.1	114032	+	0	0	0	0	1	0
LT934125.1	114037	-	0	0	0	0	1	0
LT934125.1	114038	-	0	0	0	0	1	0
LT934125.1	114078	-	0	0	0	0	1	0
LT934125.1	114123	-	0	0	0	0	1	0
LT934125.1	114125	-	0	0	0	0	3	0
LT934125.1	114131	-	0	0	0	0	6	1
LT934125.1	114132	-	0	0	0	0	0	1
LT934125.1	114140	-	0	0	0	0	1	0
LT934125.1	114144	-	0	0	0	0	5	1
LT934125.1	114177	+	0	0	0	0	1	0
LT934125.1	114180	+	0	0	0	0	1	0
LT934125.1	114198	+	0	0	0	0	2	0
LT934125.1	114200	+	0	0	1	0	1	0
LT934125.1	114216	-	0	0	0	0	1	0
LT934125.1	114218	-	0	0	0	0	1	0
LT934125.1	114221	-	1	0	0	0	0	0
LT934125.1	114223	-	0	0	0	0	4	0
LT934125.1	114224	-	0	0	0	0	4	0
LT934125.1	114234	+	0	0	0	0	1	0
LT934125.1	114270	+	0	0	0	0	1	0
LT934125.1	114271	+	0	0	0	0	1	0
LT934125.1	114273	+	0	0	0	0	2	0
LT934125.1	114274	+	0	0	0	0	1	0
LT934125.1	114275	+	0	0	0	0	2	0
LT934125.1	114276	+	0	0	0	0	2	0
LT934125.1	114278	+	0	0	0	0	0	1
LT934125.1	114285	+	0	0	0	0	2	0
LT934125.1	114292	-	1	0	0	0	1	0
LT934125.1	114293	-	0	0	1	0	0	0
LT934125.1	114328	+	0	0	1	0	0	0
LT934125.1	114407	-	0	0	0	0	4	0
LT934125.1	114425	-	0	0	0	0	1	0
LT934125.1	114426	-	0	0	0	0	5	0
LT934125.1	114428	-	0	0	0	0	1	0
LT934125.1	114479	+	0	0	0	0	1	0
LT934125.1	114480	+	0	0	0	0	1	0
LT934125.1	114482	+	0	0	0	0	2	0
LT934125.1	114500	-	0	0	0	0	1	0
LT934125.1	114502	-	0	0	0	0	1	0
LT934125.1	114503	-	0	0	0	0	1	0
LT934125.1	114504	-	0	0	0	0	4	0
LT934125.1	114505	+	0	0	0	0	1	0
LT934125.1	114534	-	0	0	0	0	1	0
LT934125.1	114553	+	0	0	0	0	3	0
LT934125.1	114554	+	0	0	0	0	3	0
LT934125.1	114556	+	0	0	0	0	1	0
LT934125.1	114557	+	0	0	0	0	1	0
LT934125.1	114661	+	0	0	0	0	4	0
LT934125.1	114692	-	0	0	0	0	5	0
LT934125.1	114705	-	0	0	0	0	1	0
LT934125.1	114741	+	0	0	0	0	1	0
LT934125.1	114744	-	0	0	0	0	1	0
LT934125.1	114745	+	0	0	0	0	1	0
LT934125.1	114748	+	0	0	0	0	2	0
LT934125.1	114759	+	0	0	1	0	6	0
LT934125.1	114761	+	0	0	0	0	11	0
LT934125.1	114764	+	0	0	0	0	1	0
LT934125.1	114779	-	0	0	0	0	1	0
LT934125.1	114784	-	0	0	0	0	6	0
LT934125.1	114796	+	0	0	0	0	1	0
LT934125.1	114829	+	1	0	0	0	0	0
LT934125.1	114832	+	0	0	0	0	17	0
LT934125.1	114833	+	0	0	0	0	1	0
LT934125.1	114835	+	0	0	0	0	27	0
LT934125.1	114836	+	0	0	0	0	2	0
LT934125.1	114837	+	0	0	1	0	4	0
LT934125.1	114846	+	0	0	0	0	2	0
LT934125.1	114854	-	0	0	0	0	1	0
LT934125.1	114869	-	0	0	0	0	1	0
LT934125.1	114889	+	0	0	0	0	1	0
LT934125.1	114905	+	0	0	1	0	1	0
LT934125.1	114929	-	0	0	0	0	3	0
LT934125.1	114932	+	0	0	1	0	0	0
LT934125.1	114955	+	1	0	0	0	0	0
LT934125.1	114976	+	0	0	0	0	1	0
LT934125.1	114980	+	0	0	0	0	6	0
LT934125.1	114981	+	0	0	1	1	0	0
LT934125.1	114982	+	0	0	3	0	4	3
LT934125.1	114983	+	0	12	0	0	1	0
LT934125.1	114984	+	1	0	1	0	797	1
LT934125.1	114985	+	136	62	1258	107	3993	764
LT934125.1	114986	+	1	0	1	0	1	2
LT934125.1	114987	+	0	0	1	0	2	1
LT934125.1	114988	+	96	18	220	14	318	124
LT934125.1	114989	+	5	0	10	0	3	3
LT934125.1	114990	+	0	0	1	0	0	0
LT934125.1	114991	+	0	0	1	0	0	0
LT934125.1	114991	-	1	0	1	0	0	0
LT934125.1	114992	+	0	0	2	0	1	0
LT934125.1	114992	-	0	0	0	0	4	0
LT934125.1	114994	+	0	0	0	0	1	0
LT934125.1	114997	+	0	0	2	0	3	1
LT934125.1	114998	+	0	0	1	0	0	0
LT934125.1	114999	+	0	0	0	0	2	0
LT934125.1	115000	+	0	0	1	1	0	0
LT934125.1	115006	+	0	0	0	0	1	0
LT934125.1	115014	+	0	1	0	0	0	0
LT934125.1	115020	+	0	0	0	0	2	0
LT934125.1	115023	+	0	0	1	0	1	0
LT934125.1	115024	+	0	0	1	0	0	0
LT934125.1	115025	+	0	0	0	0	1	0
LT934125.1	115027	+	1	0	0	0	0	0
LT934125.1	115032	+	0	0	1	0	0	0
LT934125.1	115034	+	1	0	0	0	0	0
LT934125.1	115044	+	0	0	0	0	0	1
LT934125.1	115056	+	0	0	0	0	1	0
LT934125.1	115059	+	0	0	0	0	1	0
LT934125.1	115066	-	0	0	0	0	1	0
LT934125.1	115092	+	0	0	0	0	1	0
LT934125.1	115093	+	0	0	2	0	0	0
LT934125.1	115097	+	1	0	0	0	0	0
LT934125.1	115105	+	0	0	1	0	0	0
LT934125.1	115130	+	0	0	1	0	0	0
LT934125.1	115153	+	0	0	2	0	1	0
LT934125.1	115180	+	0	0	0	0	0	1
LT934125.1	115184	+	0	0	0	0	1	0
LT934125.1	115185	+	0	0	0	0	0	1
LT934125.1	115202	-	0	0	0	0	1	0
LT934125.1	115219	-	0	0	0	0	1	0
LT934125.1	115256	+	1	1	0	0	0	0
LT934125.1	115260	+	0	0	0	0	1	0
LT934125.1	115280	-	0	0	0	0	1	0
LT934125.1	115283	-	0	0	1	0	0	0
LT934125.1	115288	+	0	0	0	0	2	0
LT934125.1	115294	-	0	0	1	0	0	0
LT934125.1	115344	-	0	0	0	0	1	0
LT934125.1	115345	+	0	0	0	0	1	0
LT934125.1	115351	+	0	0	0	0	1	0
LT934125.1	115366	+	0	0	1	0	0	0
LT934125.1	115378	+	0	0	0	0	1	0
LT934125.1	115389	+	0	0	0	0	0	1
LT934125.1	115390	+	0	0	0	0	1	0
LT934125.1	115409	+	0	0	0	0	0	1
LT934125.1	115432	+	1	0	0	0	0	0
LT934125.1	115444	+	0	0	0	0	1	0
LT934125.1	115452	-	1	0	0	0	0	0
LT934125.1	115469	+	0	0	1	0	0	0
LT934125.1	115474	+	0	0	0	0	2	0
LT934125.1	115475	+	0	0	2	0	0	0
LT934125.1	115478	+	0	0	0	0	1	0
LT934125.1	115484	+	0	0	1	0	0	0
LT934125.1	115486	+	1	1	0	0	0	0
LT934125.1	115488	+	0	0	0	0	1	0
LT934125.1	115498	-	0	0	1	0	0	0
LT934125.1	115505	-	0	0	0	0	1	0
LT934125.1	115513	-	0	0	0	0	1	0
LT934125.1	115522	-	0	0	0	0	2	0
LT934125.1	115525	-	0	0	0	0	3	0
LT934125.1	115526	-	0	0	2	0	0	0
LT934125.1	115532	-	0	0	1	0	0	0
LT934125.1	115551	+	1	0	0	0	0	0
LT934125.1	115563	-	0	0	0	0	1	0
LT934125.1	115574	+	0	0	0	0	1	0
LT934125.1	115584	-	0	0	0	0	5	0
LT934125.1	115585	-	1	0	1	0	2	0
LT934125.1	115586	-	0	0	1	0	0	0
LT934125.1	115587	-	1	0	0	0	1	0
LT934125.1	115588	-	0	0	1	0	0	0
LT934125.1	115596	-	0	0	0	0	1	0
LT934125.1	115597	-	1	0	0	0	0	0
LT934125.1	115599	-	0	0	0	0	1	0
LT934125.1	115601	-	0	0	1	0	0	0
LT934125.1	115610	-	0	0	1	0	0	0
LT934125.1	115611	-	0	0	0	0	1	0
LT934125.1	115615	-	0	0	1	0	0	0
LT934125.1	115619	-	1	0	0	0	0	0
LT934125.1	115620	-	0	0	0	0	1	0
LT934125.1	115627	-	0	0	1	0	0	0
LT934125.1	115631	-	0	0	0	0	3	0
LT934125.1	115632	-	0	0	0	0	1	0
LT934125.1	115641	-	0	0	0	0	1	0
LT934125.1	115673	-	0	0	0	0	1	0
LT934125.1	115684	+	0	0	0	0	2	0
LT934125.1	115690	-	0	0	0	0	1	0
LT934125.1	115700	+	2	0	1	0	0	0
LT934125.1	115701	+	0	0	1	0	4	0
LT934125.1	115705	+	0	0	0	0	1	0
LT934125.1	115715	+	0	0	0	0	1	0
LT934125.1	115722	+	0	0	0	0	1	0
LT934125.1	115724	+	0	1	0	0	0	0
LT934125.1	115725	+	3	0	1	0	0	2
LT934125.1	115733	+	0	0	1	0	0	0
LT934125.1	115734	-	0	0	0	0	1	0
LT934125.1	115736	-	0	0	0	0	1	0
LT934125.1	115745	+	1	0	1	0	0	0
LT934125.1	115750	+	0	0	0	0	2	0
LT934125.1	115753	+	1	0	2	1	0	0
LT934125.1	115754	+	0	0	3	0	2	0
LT934125.1	115755	+	1	0	0	0	3	0
LT934125.1	115777	+	0	0	2	0	1	0
LT934125.1	115784	+	0	0	0	0	0	1
LT934125.1	115801	+	0	0	0	0	3	0
LT934125.1	115812	+	0	0	1	0	1	0
LT934125.1	115813	+	0	0	0	0	1	0
LT934125.1	115815	+	2	1	0	0	0	0
LT934125.1	115816	+	0	0	3	0	2	0
LT934125.1	115817	+	3	0	0	0	0	1
LT934125.1	115818	+	3	0	1	0	0	0
LT934125.1	115822	+	0	0	1	0	0	0
LT934125.1	115823	+	0	0	0	0	1	0
LT934125.1	115829	+	1	0	0	0	0	0
LT934125.1	115834	-	0	0	0	0	0	1
LT934125.1	115841	+	0	0	1	0	0	0
LT934125.1	115842	+	1	0	5	0	0	1
LT934125.1	115843	+	0	0	50	6	5	2
LT934125.1	115844	+	33	1	0	0	45	14
LT934125.1	115846	+	1	0	11	0	7	6
LT934125.1	115849	+	0	0	2	0	2	0
LT934125.1	115850	+	1	0	0	0	0	0
LT934125.1	115852	-	0	0	1	0	0	0
LT934125.1	115853	-	0	0	1	0	0	0
LT934125.1	115854	+	0	0	0	0	1	0
LT934125.1	115856	+	1	0	0	0	0	0
LT934125.1	115858	-	0	0	0	0	1	0
LT934125.1	115861	+	0	0	0	0	3	0
LT934125.1	115861	-	0	0	0	1	0	0
LT934125.1	115862	-	0	0	0	0	0	1
LT934125.1	115863	+	1	0	1	0	0	0
LT934125.1	115866	+	0	0	0	0	1	0
LT934125.1	115877	+	1	0	0	0	0	0
LT934125.1	115878	-	1	0	0	0	0	0
LT934125.1	115892	+	0	0	0	0	1	0
LT934125.1	115893	+	0	4	0	0	12	0
LT934125.1	115894	+	8	0	11	0	1	6
LT934125.1	115912	+	0	0	0	0	1	0
LT934125.1	115914	+	1	0	0	0	0	0
LT934125.1	115921	+	0	0	1	0	0	0
LT934125.1	115925	+	0	0	0	0	1	0
LT934125.1	115936	+	0	0	0	0	2	0
LT934125.1	115938	+	0	0	1	0	0	0
LT934125.1	115940	+	1	0	0	0	3	0
LT934125.1	115941	+	0	0	0	0	1	0
LT934125.1	115943	+	2	0	5	0	3	1
LT934125.1	115944	+	0	0	0	0	1	0
LT934125.1	115945	+	0	0	0	0	1	0
LT934125.1	115947	+	0	0	0	0	3	0
LT934125.1	115948	+	2	0	1	0	0	0
LT934125.1	115950	+	1	0	0	0	0	1
LT934125.1	115954	-	0	0	1	0	0	0
LT934125.1	115956	+	0	0	0	0	0	1
LT934125.1	115959	+	0	0	1	0	1	0
LT934125.1	115960	+	1	0	0	0	2	0
LT934125.1	115961	+	1	0	0	0	0	0
LT934125.1	115962	+	0	0	0	0	1	0
LT934125.1	115963	+	0	0	1	0	0	1
LT934125.1	115964	-	0	0	0	0	1	0
LT934125.1	115968	+	0	0	1	0	0	0
LT934125.1	115971	+	1	0	1	0	0	0
LT934125.1	115972	+	0	0	0	0	0	1
LT934125.1	115973	+	0	2	0	0	1	0
LT934125.1	115974	+	9	0	5	1	0	4
LT934125.1	115976	+	1	0	0	0	0	0
LT934125.1	115979	+	1	0	0	0	0	0
LT934125.1	115982	+	0	0	0	0	1	0
LT934125.1	115987	+	0	0	0	0	1	0
LT934125.1	115992	+	0	0	1	0	0	0
LT934125.1	115994	+	1	0	0	0	0	0
LT934125.1	115994	-	0	0	0	0	1	0
LT934125.1	115996	+	0	0	1	0	0	0
LT934125.1	115998	+	0	0	0	0	0	1
LT934125.1	116001	+	0	0	0	1	0	0
LT934125.1	116008	+	0	0	0	0	1	0
LT934125.1	116009	+	0	0	0	0	1	0
LT934125.1	116010	+	0	1	0	0	7	0
LT934125.1	116011	+	3	0	3	0	0	1
LT934125.1	116017	+	0	0	0	0	1	0
LT934125.1	116018	+	0	0	10	0	0	0
LT934125.1	116019	+	4	0	0	1	8	2
LT934125.1	116020	+	0	0	0	0	4	0
LT934125.1	116024	+	0	0	0	0	10	0
LT934125.1	116025	+	5	0	8	0	0	2
LT934125.1	116031	+	0	1	0	0	0	0
LT934125.1	116032	+	2	0	0	0	0	0
LT934125.1	116035	+	0	0	0	0	1	0
LT934125.1	116040	+	0	0	0	1	0	0
LT934125.1	116041	+	4	0	2	0	0	0
LT934125.1	116042	+	0	0	0	0	4	0
LT934125.1	116043	+	1	0	8	0	0	1
LT934125.1	116044	+	0	0	0	0	5	0
LT934125.1	116046	+	0	0	0	0	1	0
LT934125.1	116049	+	2	0	0	0	0	0
LT934125.1	116052	+	0	0	1	0	0	1
LT934125.1	116058	+	1	1	0	0	0	0
LT934125.1	116062	+	0	0	0	0	1	0
LT934125.1	116066	+	0	0	0	0	12	0
LT934125.1	116067	+	14	0	8	0	0	5
LT934125.1	116069	+	0	0	0	0	1	0
LT934125.1	116070	+	0	2	0	0	0	0
LT934125.1	116071	+	0	0	0	0	2	0
LT934125.1	116072	+	0	0	2	1	0	0
LT934125.1	116073	+	1	0	14	1	0	1
LT934125.1	116074	+	14	2	0	0	28	5
LT934125.1	116075	+	0	1	0	0	27	0
LT934125.1	116076	+	20	0	18	1	3	3
LT934125.1	116080	-	0	0	0	0	1	0
LT934125.1	116081	+	0	0	0	0	1	0
LT934125.1	116082	+	0	0	0	0	1	0
LT934125.1	116084	+	0	0	0	0	1	0
LT934125.1	116084	-	0	0	0	0	3	0
LT934125.1	116090	+	0	0	2	0	4	0
LT934125.1	116091	+	0	0	1	0	0	0
LT934125.1	116092	+	0	0	1	0	0	0
LT934125.1	116094	+	0	0	0	0	0	1
LT934125.1	116095	+	0	0	1	0	0	0
LT934125.1	116100	+	0	0	0	1	0	0
LT934125.1	116102	+	0	0	1	0	0	0
LT934125.1	116103	+	0	0	1	0	0	0
LT934125.1	116105	+	2	0	0	0	0	0
LT934125.1	116106	+	3	0	3	0	3	0
LT934125.1	116108	-	0	0	1	0	1	0
LT934125.1	116114	+	0	0	0	0	1	0
LT934125.1	116118	+	0	0	6	0	0	0
LT934125.1	116119	-	0	0	1	0	0	0
LT934125.1	116121	+	1	0	10	1	3	2
LT934125.1	116122	+	26	2	0	0	16	2
LT934125.1	116128	+	0	0	0	0	1	0
LT934125.1	116129	+	1	0	1	0	0	0
LT934125.1	116131	+	1	0	2	0	0	1
LT934125.1	116132	+	0	0	0	0	1	0
LT934125.1	116133	+	0	0	0	0	2	1
LT934125.1	116134	+	1	0	0	1	2	0
LT934125.1	116134	-	0	0	1	0	0	0
LT934125.1	116135	+	0	0	1	0	1	0
LT934125.1	116137	+	2	0	6	0	7	1
LT934125.1	116139	+	0	0	1	0	0	0
LT934125.1	116139	-	0	0	1	0	1	0
LT934125.1	116141	+	0	0	1	0	0	0
LT934125.1	116142	+	0	0	1	0	0	0
LT934125.1	116144	+	0	0	1	1	1	0
LT934125.1	116152	+	1	0	0	0	0	0
LT934125.1	116154	+	0	0	1	0	1	2
LT934125.1	116155	+	0	0	4	0	5	0
LT934125.1	116156	+	3	0	1	0	2	0
LT934125.1	116158	+	0	0	3	0	2	1
LT934125.1	116159	+	0	0	1	0	0	0
LT934125.1	116160	+	0	0	1	0	0	0
LT934125.1	116164	+	0	0	0	0	0	2
LT934125.1	116165	+	0	1	1	0	0	0
LT934125.1	116171	+	0	0	1	0	0	0
LT934125.1	116178	+	0	0	0	0	1	0
LT934125.1	116178	-	0	0	0	0	1	0
LT934125.1	116179	+	0	0	1	0	2	0
LT934125.1	116180	+	0	0	0	0	1	0
LT934125.1	116181	+	2	0	5	0	0	0
LT934125.1	116183	+	0	0	2	0	3	0
LT934125.1	116185	+	1	0	2	1	4	1
LT934125.1	116187	+	0	0	0	0	0	1
LT934125.1	116189	+	0	0	0	0	2	0
LT934125.1	116189	-	0	0	0	0	1	0
LT934125.1	116190	+	2	0	0	0	1	0
LT934125.1	116192	+	0	0	0	0	1	0
LT934125.1	116193	+	0	0	0	0	2	0
LT934125.1	116195	+	4	0	1	0	0	0
LT934125.1	116197	+	0	0	1	0	0	0
LT934125.1	116198	+	0	0	0	0	1	0
LT934125.1	116199	+	0	0	0	0	1	0
LT934125.1	116200	+	4	0	0	0	0	1
LT934125.1	116202	+	0	0	1	0	0	1
LT934125.1	116204	+	0	0	0	0	1	0
LT934125.1	116205	+	0	0	2	0	1	0
LT934125.1	116206	+	0	0	0	0	3	0
LT934125.1	116207	+	0	0	0	0	0	1
LT934125.1	116210	+	0	0	1	0	0	0
LT934125.1	116211	+	0	0	0	0	2	0
LT934125.1	116212	+	0	0	0	0	0	2
LT934125.1	116214	+	0	0	0	0	1	0
LT934125.1	116216	+	1	0	0	0	1	0
LT934125.1	116217	+	0	0	0	0	1	0
LT934125.1	116223	+	1	0	0	0	0	0
LT934125.1	116224	+	0	0	0	0	0	15
LT934125.1	116225	+	1	0	0	0	0	0
LT934125.1	116226	+	0	2	0	0	64	0
LT934125.1	116227	+	53	0	50	3	0	0
LT934125.1	116229	+	0	0	0	1	0	0
LT934125.1	116231	+	0	0	0	0	5	0
LT934125.1	116232	+	11	0	21	0	2	0
LT934125.1	116239	+	0	0	0	0	5	0
LT934125.1	116241	+	0	0	1	0	8	0
LT934125.1	116242	+	2	0	1	0	0	0
LT934125.1	116243	+	4	0	7	2	0	1
LT934125.1	116244	+	0	1	0	0	10	0
LT934125.1	116245	+	9	0	12	0	1	3
LT934125.1	116247	+	2	0	1	0	0	0
LT934125.1	116250	+	0	0	1	0	0	0
LT934125.1	116255	+	0	0	0	0	2	0
LT934125.1	116256	+	0	0	0	0	1	0
LT934125.1	116258	+	3	0	0	0	0	0
LT934125.1	116259	+	0	0	0	0	5	0
LT934125.1	116261	+	0	0	4	0	0	1
LT934125.1	116262	+	5	0	0	0	2	0
LT934125.1	116265	+	4	0	5	0	4	0
LT934125.1	116267	+	0	0	0	0	1	0
LT934125.1	116270	+	0	0	7	0	0	0
LT934125.1	116271	+	2	0	1	0	3	1
LT934125.1	116272	+	2	0	0	0	1	0
LT934125.1	116274	+	0	0	0	0	1	0
LT934125.1	116275	+	0	0	0	1	0	0
LT934125.1	116276	+	0	0	2	0	0	0
LT934125.1	116278	+	0	0	0	0	1	0
LT934125.1	116279	+	0	0	1	0	0	0
LT934125.1	116280	+	0	0	2	0	1	0
LT934125.1	116281	+	0	0	1	0	0	0
LT934125.1	116283	+	1	0	1	0	5	0
LT934125.1	116284	+	4	0	7	0	3	0
LT934125.1	116285	+	6	0	61	8	8	1
LT934125.1	116286	+	43	1	1	0	51	12
LT934125.1	116287	+	0	0	0	0	0	1
LT934125.1	116288	+	4	0	15	0	3	1
LT934125.1	116289	+	4	1	0	0	11	7
LT934125.1	116290	+	0	0	0	0	0	2
LT934125.1	116291	+	0	0	2	0	4	0
LT934125.1	116292	+	10	0	0	0	0	0
LT934125.1	116293	+	3	1	14	0	10	0
LT934125.1	116295	+	1	0	1	0	0	0
LT934125.1	116296	+	0	1	0	0	0	0
LT934125.1	116297	+	1	0	0	0	4	0
LT934125.1	116298	+	2	0	2	0	0	1
LT934125.1	116300	+	1	0	0	0	2	0
LT934125.1	116301	+	1	0	1	0	0	0
LT934125.1	116303	+	0	0	0	0	1	0
LT934125.1	116304	+	1	0	3	0	2	0
LT934125.1	116306	+	3	1	14	1	5	1
LT934125.1	116307	+	16	0	0	0	21	2
LT934125.1	116309	+	3	1	3	0	5	1
LT934125.1	116310	+	4	0	3	0	1	0
LT934125.1	116312	+	0	0	0	0	3	0
LT934125.1	116312	-	0	0	0	0	1	0
LT934125.1	116313	+	87	0	0	2	0	0
LT934125.1	116314	+	0	0	0	0	87	0
LT934125.1	116315	+	0	5	0	0	0	0
LT934125.1	116316	+	0	0	90	0	0	2
LT934125.1	116317	+	5	0	0	0	2	0
LT934125.1	116318	+	8	0	9	0	0	2
LT934125.1	116319	+	1	0	0	0	0	0
LT934125.1	116320	+	0	0	0	0	1	0
LT934125.1	116321	+	0	0	4	0	0	0
LT934125.1	116322	+	6	0	0	0	2	0
LT934125.1	116326	+	1	0	0	0	0	0
LT934125.1	116328	+	0	0	0	0	4	0
LT934125.1	116331	+	1	0	14	0	1	2
LT934125.1	116333	+	0	1	0	0	8	0
LT934125.1	116334	+	7	0	12	0	1	2
LT934125.1	116335	+	0	0	0	0	1	0
LT934125.1	116336	+	3	0	3	0	0	0
LT934125.1	116338	+	0	0	0	0	22	0
LT934125.1	116340	+	19	0	21	0	0	7
LT934125.1	116342	+	34	1	29	2	20	1
LT934125.1	116343	+	1	0	0	0	0	0
LT934125.1	116346	+	0	0	1	0	0	0
LT934125.1	116349	+	0	0	0	0	1	0
LT934125.1	116353	+	1	0	1	0	0	1
LT934125.1	116354	+	0	0	0	0	45	0
LT934125.1	116355	+	29	0	33	2	1	7
LT934125.1	116356	+	0	0	0	0	3	0
LT934125.1	116357	-	1	0	0	0	0	0
LT934125.1	116359	+	0	1	0	0	3	0
LT934125.1	116360	+	2	0	4	0	0	1
LT934125.1	116361	+	4	0	0	0	2	1
LT934125.1	116362	+	6	0	0	0	0	0
LT934125.1	116363	+	0	0	9	0	2	0
LT934125.1	116364	+	4	0	1	0	0	0
LT934125.1	116365	+	9	1	1	1	3	0
LT934125.1	116366	+	1	0	1	0	6	0
LT934125.1	116367	+	4	0	22	0	3	0
LT934125.1	116368	+	0	0	0	0	21	6
LT934125.1	116369	+	2	0	14	0	4	0
LT934125.1	116369	-	0	0	0	0	1	0
LT934125.1	116370	+	19	0	0	0	13	4
LT934125.1	116372	+	0	0	0	0	1	0
LT934125.1	116373	+	3	0	2	0	1	0
LT934125.1	116374	+	0	0	0	0	11	0
LT934125.1	116375	+	0	0	0	0	11	0
LT934125.1	116375	-	1	0	0	0	0	0
LT934125.1	116376	+	3	0	18	0	2	1
LT934125.1	116377	+	4	0	4	1	0	2
LT934125.1	116378	+	7	1	7	2	5	6
LT934125.1	116379	+	10	0	0	0	18	2
LT934125.1	116381	+	0	0	13	0	1	0
LT934125.1	116382	+	11	0	1	0	10	1
LT934125.1	116383	+	1	0	0	0	0	0
LT934125.1	116384	+	0	0	0	0	2	0
LT934125.1	116385	+	2	0	5	0	0	0
LT934125.1	116387	+	2	0	23	0	1	0
LT934125.1	116388	+	6	0	1	0	9	1
LT934125.1	116390	+	0	0	0	0	2	0
LT934125.1	116391	+	0	0	4	0	0	0
LT934125.1	116394	+	1	0	1	0	3	1
LT934125.1	116396	+	7	1	10	1	3	0
LT934125.1	116397	+	4	0	0	0	3	2
LT934125.1	116399	+	1	0	0	0	0	0
LT934125.1	116400	+	1	0	0	0	2	1
LT934125.1	116401	+	0	0	0	0	11	0
LT934125.1	116402	+	0	0	0	3	2	0
LT934125.1	116402	-	1	0	1	0	0	0
LT934125.1	116403	+	1	0	13	0	0	0
LT934125.1	116404	+	11	0	18	0	0	3
LT934125.1	116404	-	0	0	0	0	3	0
LT934125.1	116405	+	23	1	38	2	19	4
LT934125.1	116406	+	28	0	0	0	29	3
LT934125.1	116408	+	0	0	0	0	0	2
LT934125.1	116409	+	2	0	2	0	6	1
LT934125.1	116411	+	5	1	26	0	7	1
LT934125.1	116411	-	0	0	1	0	0	0
LT934125.1	116412	+	13	0	0	0	16	1
LT934125.1	116414	+	0	0	1	0	1	0
LT934125.1	116414	-	0	0	0	0	1	0
LT934125.1	116415	+	6	0	2	0	3	0
LT934125.1	116417	+	0	0	0	0	1	0
LT934125.1	116417	-	1	0	2	0	1	0
LT934125.1	116418	+	3	0	3	0	2	0
LT934125.1	116418	-	0	1	0	0	2	0
LT934125.1	116420	+	1	0	6	0	0	0
LT934125.1	116421	+	5	0	0	0	3	1
LT934125.1	116423	+	1	0	0	0	3	0
LT934125.1	116423	-	0	0	0	0	1	0
LT934125.1	116424	+	4	0	7	0	1	0
LT934125.1	116426	+	0	0	0	0	4	0
LT934125.1	116427	+	4	0	0	0	6	0
LT934125.1	116428	+	0	0	1	0	0	72
LT934125.1	116429	+	4	0	10	0	5	1
LT934125.1	116430	+	17	0	298	18	23	2
LT934125.1	116431	+	315	16	83	5	383	0
LT934125.1	116432	+	69	4	21	1	109	22
LT934125.1	116432	-	0	0	0	0	1	0
LT934125.1	116433	+	20	1	0	0	25	2
LT934125.1	116435	+	0	0	1	0	1	1
LT934125.1	116436	+	6	0	1	0	2	0
LT934125.1	116437	+	0	0	1	0	0	0
LT934125.1	116438	+	1	0	10	0	2	0
LT934125.1	116439	+	5	0	1	0	10	1
LT934125.1	116439	-	0	0	0	0	1	0
LT934125.1	116440	+	0	0	0	0	1	0
LT934125.1	116441	+	0	0	3	0	3	0
LT934125.1	116442	+	2	0	4	0	2	0
LT934125.1	116443	-	1	0	0	0	0	1
LT934125.1	116444	+	0	0	2	0	0	0
LT934125.1	116445	+	0	0	1	0	2	0
LT934125.1	116445	-	1	0	0	0	2	0
LT934125.1	116446	+	0	1	0	0	0	0
LT934125.1	116447	+	0	0	0	0	4	0
LT934125.1	116447	-	36	0	69	1	0	3
LT934125.1	116448	+	3	0	4	1	1	1
LT934125.1	116448	-	1	1	0	0	42	0
LT934125.1	116450	+	1	0	6	0	0	1
LT934125.1	116450	-	0	0	1	0	0	0
LT934125.1	116451	+	4	0	1	0	6	1
LT934125.1	116452	-	1	0	0	0	0	0
LT934125.1	116453	+	5	0	16	0	2	1
LT934125.1	116454	+	11	1	0	0	9	2
LT934125.1	116455	+	0	0	0	0	1	0
LT934125.1	116457	+	1	0	1	1	5	1
LT934125.1	116457	-	5	0	0	0	1	0
LT934125.1	116459	+	5	0	14	1	8	0
LT934125.1	116459	-	0	0	1	0	0	0
LT934125.1	116460	+	17	0	0	0	14	4
LT934125.1	116463	+	1	0	28	0	3	0
LT934125.1	116463	-	3	0	0	0	0	0
LT934125.1	116464	+	24	0	5	0	44	6
LT934125.1	116465	+	8	0	37	1	8	0
LT934125.1	116466	+	42	1	0	0	62	5
LT934125.1	116466	-	0	0	0	0	4	0
LT934125.1	116467	-	0	0	1	0	2	0
LT934125.1	116468	+	0	0	0	0	8	0
LT934125.1	116468	-	3	0	5	0	0	1
LT934125.1	116469	+	4	0	6	0	11	1
LT934125.1	116471	+	3	0	4	0	2	0
LT934125.1	116472	+	0	0	0	0	6	0
LT934125.1	116472	-	1	0	0	0	12	0
LT934125.1	116473	+	0	0	0	0	6	0
LT934125.1	116473	-	0	0	0	0	1	0
LT934125.1	116474	+	0	0	0	0	14	0
LT934125.1	116474	-	0	0	2	0	0	0
LT934125.1	116475	+	3	0	12	0	6	0
LT934125.1	116476	+	4	0	6	0	0	0
LT934125.1	116476	-	0	0	0	0	4	0
LT934125.1	116477	+	8	0	199	8	16	1
LT934125.1	116478	+	216	16	0	0	236	50
LT934125.1	116480	+	1	0	0	0	4	0
LT934125.1	116480	-	0	0	0	0	1	0
LT934125.1	116481	+	0	0	0	0	1	0
LT934125.1	116482	+	0	0	0	0	7	0
LT934125.1	116482	-	6	0	6	1	0	0
LT934125.1	116483	+	3	0	4	0	2	1
LT934125.1	116484	+	6	0	0	0	0	0
LT934125.1	116484	-	0	0	0	0	10	0
LT934125.1	116485	+	0	0	0	0	1	0
LT934125.1	116486	+	0	0	0	0	10	0
LT934125.1	116486	-	1	0	4	0	0	0
LT934125.1	116487	+	4	0	4	1	1	2
LT934125.1	116487	-	0	0	0	0	5	0
LT934125.1	116488	+	1	0	0	0	0	0
LT934125.1	116488	-	0	1	0	0	0	0
LT934125.1	116489	+	1	0	0	0	2	0
LT934125.1	116490	-	0	0	2	0	0	0
LT934125.1	116492	+	1	0	0	0	2	0
LT934125.1	116492	-	1	0	1	1	0	0
LT934125.1	116493	+	6	0	6	0	1	1
LT934125.1	116495	+	0	0	10	1	2	0
LT934125.1	116496	+	6	0	0	0	5	2
LT934125.1	116497	+	1	0	0	0	0	0
LT934125.1	116498	+	3	0	24	0	2	1
LT934125.1	116499	+	29	2	0	0	31	5
LT934125.1	116501	+	0	0	0	0	3	0
LT934125.1	116501	-	0	0	1	0	0	0
LT934125.1	116502	+	1	0	1	0	2	1
LT934125.1	116503	-	0	0	0	0	1	0
LT934125.1	116504	+	0	0	8	0	2	0
LT934125.1	116505	+	5	0	0	0	4	2
LT934125.1	116506	+	1	1	1	0	0	0
LT934125.1	116507	+	0	0	0	0	10	0
LT934125.1	116507	-	1	0	0	0	0	0
LT934125.1	116508	+	4	0	8	0	1	1
LT934125.1	116510	+	0	0	0	0	3	0
LT934125.1	116510	-	0	0	1	0	0	0
LT934125.1	116511	+	1	0	2	0	0	0
LT934125.1	116513	+	0	0	11	0	0	0
LT934125.1	116514	+	2	0	0	0	8	2
LT934125.1	116515	+	0	1	0	0	0	0
LT934125.1	116516	+	0	0	0	0	3	0
LT934125.1	116516	-	0	0	1	0	0	0
LT934125.1	116517	+	2	0	1	0	1	0
LT934125.1	116519	+	2	0	4	0	3	0
LT934125.1	116520	+	3	0	0	0	5	0
LT934125.1	116522	+	2	1	22	0	3	0
LT934125.1	116523	+	17	0	0	0	28	8
LT934125.1	116523	-	1	0	0	0	0	0
LT934125.1	116524	+	0	0	0	0	35	0
LT934125.1	116524	-	1	0	0	0	1	1
LT934125.1	116525	+	0	0	1	0	9	0
LT934125.1	116525	-	2	0	0	0	0	0
LT934125.1	116526	+	7	0	25	1	2	3
LT934125.1	116527	+	43	3	10	0	0	9
LT934125.1	116528	+	6	0	25	0	22	3
LT934125.1	116529	+	20	0	0	0	23	2
LT934125.1	116531	+	0	0	0	0	29	0
LT934125.1	116531	-	1	0	0	0	0	0
LT934125.1	116532	+	17	0	19	0	1	3
LT934125.1	116534	+	0	0	0	0	1	0
LT934125.1	116534	-	0	0	1	0	0	0
LT934125.1	116538	+	1	0	2	0	3	0
LT934125.1	116539	+	0	0	0	0	5	0
LT934125.1	116540	+	0	0	0	1	2	0
LT934125.1	116540	-	14	0	15	2	0	6
LT934125.1	116541	+	2	0	1	0	0	0
LT934125.1	116542	+	1	0	9	0	0	0
LT934125.1	116542	-	0	0	0	0	26	0
LT934125.1	116543	+	9	0	15	2	9	0
LT934125.1	116543	-	0	0	1	0	0	0
LT934125.1	116544	+	22	1	0	0	22	6
LT934125.1	116547	+	1	0	0	0	0	1
LT934125.1	116548	+	2	0	3	0	3	2
LT934125.1	116549	-	0	0	1	0	0	0
LT934125.1	116550	+	0	0	1	0	0	0
LT934125.1	116551	+	0	0	2	0	0	0
LT934125.1	116553	+	3	0	26	1	2	1
LT934125.1	116554	+	18	0	0	0	33	3
LT934125.1	116555	+	0	0	0	0	6	0
LT934125.1	116556	+	4	0	9	0	0	0
LT934125.1	116558	+	0	0	0	0	7	0
LT934125.1	116559	+	4	0	4	0	2	0
LT934125.1	116561	+	0	0	0	0	3	0
LT934125.1	116562	+	2	0	5	0	2	0
LT934125.1	116563	+	0	1	0	0	0	0
LT934125.1	116564	+	0	0	0	0	29	0
LT934125.1	116564	-	0	0	2	0	0	0
LT934125.1	116565	+	30	0	22	1	0	8
LT934125.1	116566	+	3	0	0	0	0	0
LT934125.1	116567	+	1	0	2	0	6	0
LT934125.1	116571	+	1	0	0	0	0	0
LT934125.1	116574	-	0	0	0	0	1	0
LT934125.1	116575	-	1	1	0	0	4	0
LT934125.1	116576	-	0	0	1	0	0	0
LT934125.1	116578	+	0	0	0	0	2	0
LT934125.1	116580	+	1	0	0	0	1	0
LT934125.1	116582	+	2	1	1	0	0	0
LT934125.1	116583	+	4	0	0	0	6	1
LT934125.1	116584	+	0	4	0	0	1	0
LT934125.1	116585	+	0	0	0	0	126	0
LT934125.1	116586	+	81	0	78	4	0	4
LT934125.1	116587	+	1	0	0	0	0	0
LT934125.1	116587	-	0	0	0	0	1	0
LT934125.1	116590	+	0	0	0	0	2	0
LT934125.1	116591	+	0	0	6	0	0	0
LT934125.1	116592	+	1	0	0	0	1	0
LT934125.1	116593	+	0	0	0	0	11	0
LT934125.1	116594	+	0	0	0	0	22	0
LT934125.1	116595	+	14	0	31	0	14	4
LT934125.1	116596	+	14	0	0	0	0	3
LT934125.1	116598	+	9	1	9	1	2	0
LT934125.1	116599	+	0	0	0	0	0	2
LT934125.1	116600	+	0	0	64	3	0	0
LT934125.1	116601	+	56	2	22	0	66	11
LT934125.1	116602	+	29	1	0	1	25	0
LT934125.1	116604	+	0	0	1	0	0	0
LT934125.1	116605	+	0	0	0	0	1	0
LT934125.1	116605	-	0	0	1	0	0	0
LT934125.1	116606	+	2	0	16	0	1	0
LT934125.1	116607	+	7	0	4	0	10	0
LT934125.1	116608	+	6	0	0	0	3	0
LT934125.1	116610	+	0	0	3	0	0	0
LT934125.1	116611	+	0	0	0	0	4	0
LT934125.1	116612	+	0	0	4	0	1	0
LT934125.1	116613	+	3	0	0	0	2	0
LT934125.1	116615	+	0	0	0	0	1	0
LT934125.1	116616	+	1	0	0	0	2	0
LT934125.1	116619	+	0	0	2	1	0	0
LT934125.1	116620	+	8	0	0	0	0	0
LT934125.1	116621	+	0	0	0	0	1	0
LT934125.1	116622	+	1	0	10	1	1	0
LT934125.1	116623	+	0	0	2	0	5	1
LT934125.1	116624	+	3	0	14	0	4	0
LT934125.1	116625	+	16	1	1	0	15	2
LT934125.1	116626	+	0	0	0	0	7	0
LT934125.1	116627	+	0	0	0	0	2	0
LT934125.1	116628	+	4	0	9	0	0	0
LT934125.1	116629	+	7	0	19	1	0	3
LT934125.1	116630	+	26	0	22	0	19	2
LT934125.1	116631	+	23	6	0	0	23	3
LT934125.1	116633	+	0	0	0	0	2	0
LT934125.1	116634	+	3	0	4	0	4	1
LT934125.1	116636	+	4	0	26	0	2	0
LT934125.1	116637	+	17	2	0	0	14	0
LT934125.1	116640	+	3	1	4	0	2	1
LT934125.1	116642	+	0	0	0	0	4	0
LT934125.1	116642	-	0	0	2	0	0	0
LT934125.1	116643	+	2	0	3	0	1	0
LT934125.1	116643	-	0	0	0	0	3	0
LT934125.1	116646	+	8	0	2	0	4	0
LT934125.1	116647	-	0	0	1	0	0	0
LT934125.1	116649	+	0	0	1	0	0	0
LT934125.1	116651	+	1	0	3	2	0	0
LT934125.1	116652	+	2	0	0	0	5	0
LT934125.1	116654	+	0	0	0	0	3	0
LT934125.1	116655	+	4	0	3	1	0	0
LT934125.1	116656	-	0	0	1	0	0	0
LT934125.1	116657	+	2	0	7	0	3	1
LT934125.1	116658	+	11	0	0	0	3	0
LT934125.1	116659	-	0	0	0	0	1	0
LT934125.1	116660	+	0	0	0	0	1	0
LT934125.1	116661	+	0	0	1	0	1	0
LT934125.1	116662	+	3	0	1	0	0	0
LT934125.1	116663	+	0	0	0	0	2	0
LT934125.1	116664	+	1	0	0	0	2	0
LT934125.1	116665	+	0	2	0	0	0	0
LT934125.1	116666	+	0	0	0	0	2	0
LT934125.1	116666	-	0	0	1	0	1	2
LT934125.1	116667	+	0	0	2	0	0	0
LT934125.1	116667	-	0	0	0	0	1	0
LT934125.1	116670	+	1	1	3	0	0	0
LT934125.1	116672	+	0	0	0	0	1	0
LT934125.1	116672	-	0	0	2	0	0	1
LT934125.1	116673	+	1	0	0	0	2	1
LT934125.1	116673	-	0	0	0	0	2	0
LT934125.1	116675	+	0	0	4	0	0	0
LT934125.1	116676	+	0	0	0	0	1	0
LT934125.1	116679	+	1	0	1	0	0	0
LT934125.1	116679	-	0	0	0	0	2	0
LT934125.1	116681	+	1	0	0	0	0	0
LT934125.1	116681	-	0	0	0	0	1	0
LT934125.1	116682	+	0	0	1	0	0	0
LT934125.1	116683	+	0	0	0	0	1	0
LT934125.1	116685	-	1	0	0	0	0	0
LT934125.1	116687	+	0	0	2	0	0	0
LT934125.1	116687	-	0	0	0	0	1	0
LT934125.1	116688	+	1	0	0	0	1	0
LT934125.1	116690	-	0	0	3	0	0	0
LT934125.1	116691	+	4	0	0	0	1	0
LT934125.1	116692	-	0	0	1	0	0	0
LT934125.1	116693	+	0	0	1	0	0	0
LT934125.1	116694	+	0	0	0	0	1	0
LT934125.1	116695	-	0	0	0	0	1	0
LT934125.1	116696	+	1	0	2	0	2	0
LT934125.1	116697	+	1	0	0	0	4	0
LT934125.1	116702	+	0	0	2	0	1	2
LT934125.1	116703	+	0	0	0	0	1	0
LT934125.1	116707	-	0	0	2	0	0	0
LT934125.1	116709	+	2	0	0	0	0	0
LT934125.1	116710	-	1	0	0	0	0	0
LT934125.1	116714	-	1	0	1	0	0	0
LT934125.1	116715	+	1	0	0	0	0	0
LT934125.1	116716	+	0	0	1	0	0	0
LT934125.1	116716	-	0	0	0	0	3	0
LT934125.1	116717	+	0	0	9	0	0	1
LT934125.1	116717	-	0	0	0	0	1	0
LT934125.1	116718	+	5	0	63	2	4	1
LT934125.1	116719	+	68	2	6	1	34	10
LT934125.1	116720	+	12	0	3	0	5	3
LT934125.1	116720	-	0	0	0	0	2	0
LT934125.1	116721	+	2	0	0	0	1	0
LT934125.1	116722	-	0	0	1	0	0	0
LT934125.1	116725	-	1	0	0	0	1	0
LT934125.1	116726	+	0	0	0	0	1	0
LT934125.1	116726	-	0	0	9	0	0	0
LT934125.1	116728	+	2	0	0	0	0	0
LT934125.1	116728	-	0	0	0	0	9	0
LT934125.1	116729	-	10	0	0	0	0	1
LT934125.1	116735	-	2	0	0	0	0	1
LT934125.1	116736	+	1	0	0	0	0	1
LT934125.1	116738	-	0	0	0	0	2	0
LT934125.1	116739	+	0	0	1	0	0	0
LT934125.1	116742	+	0	0	0	0	2	0
LT934125.1	116747	-	1	0	4	0	0	0
LT934125.1	116748	-	0	0	0	0	1	0
LT934125.1	116753	+	0	0	0	0	1	0
LT934125.1	116753	-	1	0	5	0	0	0
LT934125.1	116755	-	0	0	0	0	2	0
LT934125.1	116758	+	0	0	0	0	0	1
LT934125.1	116762	-	0	0	1	0	0	1
LT934125.1	116767	-	0	0	1	0	0	0
LT934125.1	116769	-	0	0	1	0	0	0
LT934125.1	116771	-	1	0	1	0	0	0
LT934125.1	116772	+	1	0	1	0	0	0
LT934125.1	116773	+	0	0	5	0	0	0
LT934125.1	116774	+	0	0	0	0	1	0
LT934125.1	116780	-	0	0	0	0	1	0
LT934125.1	116781	-	0	0	0	0	2	0
LT934125.1	116782	-	0	0	0	0	2	0
LT934125.1	116783	-	0	0	3	0	0	1
LT934125.1	116784	-	0	0	0	0	7	0
LT934125.1	116785	-	2	0	0	0	2	0
LT934125.1	116786	-	0	0	1	0	0	0
LT934125.1	116787	-	0	0	3	0	0	0
LT934125.1	116793	+	0	1	0	0	0	0
LT934125.1	116795	-	0	0	1	0	0	0
LT934125.1	116799	-	0	0	4	0	0	0
LT934125.1	116800	-	0	0	0	0	1	0
LT934125.1	116807	-	0	0	0	0	1	0
LT934125.1	116811	-	0	0	5	0	0	0
LT934125.1	116821	-	0	0	0	0	1	0
LT934125.1	116825	-	0	0	1	0	0	0
LT934125.1	116834	-	1	0	2	0	0	0
LT934125.1	116835	+	1	0	0	0	0	0
LT934125.1	116836	-	0	0	0	0	1	0
LT934125.1	116837	+	0	0	0	0	1	0
LT934125.1	116841	-	0	0	1	0	0	0
LT934125.1	116842	-	0	0	0	0	2	0
LT934125.1	116843	-	0	0	0	0	3	0
LT934125.1	116844	-	0	0	0	0	1	0
LT934125.1	116849	+	1	0	0	0	0	0
LT934125.1	116853	-	0	0	0	0	1	0
LT934125.1	116859	-	0	0	2	0	0	0
LT934125.1	116860	-	0	0	1	0	2	0
LT934125.1	116864	-	0	0	0	0	6	0
LT934125.1	116865	-	0	0	10	0	0	0
LT934125.1	116866	-	0	0	3	0	0	0
LT934125.1	116868	-	0	0	1	0	0	0
LT934125.1	116873	-	0	0	1	0	0	0
LT934125.1	116908	+	0	0	0	0	1	0
LT934125.1	116908	-	0	0	1	0	0	0
LT934125.1	116912	-	0	0	0	0	1	0
LT934125.1	116913	-	0	0	0	0	1	0
LT934125.1	116918	-	0	0	0	1	0	0
LT934125.1	116943	-	0	0	0	0	1	0
LT934125.1	116957	-	0	0	0	0	1	0
LT934125.1	116958	+	0	0	1	0	0	0
LT934125.1	116980	+	0	0	0	0	2	0
LT934125.1	116981	+	1	0	0	0	0	0
LT934125.1	116988	-	0	0	0	0	1	0
LT934125.1	116990	-	0	0	0	0	1	0
LT934125.1	116993	-	0	0	0	0	1	0
LT934125.1	117037	+	0	0	0	0	1	0
LT934125.1	117040	-	1	0	0	0	0	0
LT934125.1	117042	+	0	0	1	0	0	0
LT934125.1	117043	+	0	0	0	0	1	0
LT934125.1	117058	-	0	0	0	0	1	0
LT934125.1	117149	+	0	0	0	0	1	0
LT934125.1	117154	+	0	0	1	0	0	0
LT934125.1	117155	+	0	0	0	0	1	0
LT934125.1	117176	+	0	0	1	0	0	0
LT934125.1	117183	+	0	0	0	0	1	0
LT934125.1	117189	+	0	0	0	0	1	0
LT934125.1	117192	+	0	0	1	0	0	0
LT934125.1	117193	+	1	0	0	0	1	0
LT934125.1	117198	+	0	0	0	0	1	0
LT934125.1	117205	+	0	0	0	0	1	0
LT934125.1	117207	+	0	0	1	0	0	0
LT934125.1	117216	+	0	0	1	0	0	0
LT934125.1	117224	+	0	0	0	0	2	0
LT934125.1	117229	+	0	0	0	0	1	0
LT934125.1	117230	+	0	0	0	0	1	0
LT934125.1	117231	+	0	0	0	0	3	0
LT934125.1	117239	-	0	0	0	0	1	0
LT934125.1	117244	+	0	0	0	0	4	0
LT934125.1	117245	+	0	0	0	0	1	0
LT934125.1	117267	+	0	0	0	0	1	0
LT934125.1	117275	+	0	0	0	0	1	0
LT934125.1	117293	+	0	0	1	0	0	0
LT934125.1	117294	+	0	0	0	0	1	0
LT934125.1	117295	+	1	0	0	0	1	0
LT934125.1	117297	+	0	0	9	0	0	0
LT934125.1	117299	+	0	0	0	0	1	0
LT934125.1	117302	+	1	0	0	0	3	0
LT934125.1	117305	+	0	0	0	0	1	0
LT934125.1	117313	+	0	0	0	0	1	0
LT934125.1	117315	-	0	0	0	0	1	0
LT934125.1	117410	+	0	0	0	0	2	0
LT934125.1	117412	+	1	0	0	0	1	0
LT934125.1	117416	-	0	0	0	0	0	1
LT934125.1	117437	+	0	0	0	0	1	0
LT934125.1	117440	+	0	0	0	0	1	0
LT934125.1	117441	+	0	0	0	0	1	0
LT934125.1	117448	+	0	0	0	0	1	0
LT934125.1	117452	+	0	0	0	0	2	0
LT934125.1	117454	+	0	0	0	0	1	0
LT934125.1	117477	+	0	0	0	0	1	0
LT934125.1	117506	-	0	0	0	0	1	0
LT934125.1	117534	+	0	0	0	1	0	0
LT934125.1	117566	+	1	0	0	0	0	0
LT934125.1	117567	-	0	0	1	0	0	0
LT934125.1	117601	+	0	0	0	1	0	0
LT934125.1	117602	+	0	0	0	0	1	0
LT934125.1	117603	+	36	0	3	1	13	1
LT934125.1	117604	+	0	0	0	0	1	0
LT934125.1	117605	+	1	0	5	1	20	0
LT934125.1	117606	+	1	0	7	0	13	0
LT934125.1	117607	+	0	1	55	3	166	2
LT934125.1	117608	+	0	0	4	0	5	0
LT934125.1	117638	+	0	0	0	1	0	0
LT934125.1	117672	-	0	0	1	0	0	0
LT934125.1	117673	+	1	0	0	0	0	0
LT934125.1	117682	+	0	0	0	0	1	0
LT934125.1	117684	+	0	0	0	0	1	0
LT934125.1	117742	-	0	0	0	0	1	0
LT934125.1	117756	+	0	0	0	0	1	0
LT934125.1	117765	+	0	0	0	0	1	0
LT934125.1	117766	+	20	0	0	0	0	0
LT934125.1	117768	+	11	1	32	3	35	22
LT934125.1	117769	+	0	4	126	22	204	78
LT934125.1	117770	+	0	1	7	0	6	1
LT934125.1	117771	+	0	0	3	0	1	0
LT934125.1	117788	+	0	0	3	1	0	0
LT934125.1	117790	+	0	0	1	0	0	0
LT934125.1	117791	+	0	0	1	0	0	0
LT934125.1	117792	+	0	0	1	0	4	2
LT934125.1	117793	+	0	0	0	0	1	0
LT934125.1	117796	+	1	0	6	0	8	0
LT934125.1	117798	+	0	0	0	0	1	0
LT934125.1	117799	+	0	0	1	0	1	0
LT934125.1	117810	-	0	0	0	0	1	0
LT934125.1	117845	+	0	0	1	0	0	0
LT934125.1	117856	+	0	0	0	0	1	0
LT934125.1	117857	+	1	0	0	0	0	0
LT934125.1	117859	+	0	0	0	0	0	1
LT934125.1	117884	+	0	0	2	0	0	0
LT934125.1	117887	+	3	0	4	1	14	3
LT934125.1	117889	+	0	0	0	1	1	0
LT934125.1	117893	+	1	0	0	0	0	0
LT934125.1	117896	+	0	0	0	0	1	0
LT934125.1	117902	+	0	0	0	0	1	1
LT934125.1	117912	+	0	0	0	0	1	0
LT934125.1	117914	+	0	0	1	0	0	0
LT934125.1	117920	+	0	0	0	0	4	0
LT934125.1	117944	+	0	0	2	0	0	1
LT934125.1	117945	+	1	0	0	0	1	1
LT934125.1	117946	+	0	0	0	0	0	1
LT934125.1	118008	+	0	0	1	0	0	0
LT934125.1	118011	+	0	0	0	0	1	0
LT934125.1	118015	+	1	0	1	0	0	0
LT934125.1	118017	+	1	0	0	0	0	0
LT934125.1	118024	+	0	0	0	0	1	0
LT934125.1	118026	+	1	0	0	0	0	0
LT934125.1	118029	+	0	0	0	1	0	0
LT934125.1	118031	+	0	0	0	0	1	0
LT934125.1	118044	+	0	0	1	0	0	0
LT934125.1	118049	-	0	0	0	0	1	0
LT934125.1	118052	+	0	0	1	0	0	0
LT934125.1	118057	+	0	0	0	2	0	0
LT934125.1	118060	+	0	0	0	0	1	0
LT934125.1	118060	-	0	0	0	1	0	0
LT934125.1	118063	-	0	0	1	0	1	0
LT934125.1	118068	-	0	0	0	0	1	0
LT934125.1	118070	+	1	0	0	0	0	0
LT934125.1	118074	-	1	0	0	0	0	0
LT934125.1	118075	+	0	0	0	0	1	0
LT934125.1	118076	-	0	0	1	0	0	0
LT934125.1	118080	-	0	0	1	0	0	0
LT934125.1	118085	-	0	0	0	1	0	0
LT934125.1	118086	+	1	0	0	0	0	0
LT934125.1	118095	-	1	0	0	0	2	0
LT934125.1	118102	+	0	0	0	0	2	0
LT934125.1	118105	+	0	0	0	0	2	0
LT934125.1	118108	+	0	0	3	0	0	0
LT934125.1	118109	+	0	0	0	0	2	0
LT934125.1	118112	+	0	0	2	0	1	0
LT934125.1	118114	+	1	0	0	0	0	0
LT934125.1	118117	+	2	0	0	0	0	0
LT934125.1	118120	+	1	0	0	0	1	0
LT934125.1	118128	-	0	0	1	0	0	0
LT934125.1	118136	+	1	0	0	0	0	0
LT934125.1	118142	+	1	0	0	0	1	0
LT934125.1	118145	+	0	0	0	0	1	0
LT934125.1	118152	+	1	0	0	0	0	0
LT934125.1	118160	+	0	0	1	0	0	0
LT934125.1	118168	-	0	0	0	0	2	0
LT934125.1	118169	+	0	0	1	0	1	0
LT934125.1	118180	+	0	0	2	0	3	1
LT934125.1	118186	+	0	0	0	0	1	0
LT934125.1	118189	+	0	0	1	0	0	0
LT934125.1	118190	+	1	0	0	0	0	0
LT934125.1	118197	+	0	0	0	2	0	0
LT934125.1	118198	+	2	0	1	0	0	0
LT934125.1	118200	+	0	0	4	0	0	0
LT934125.1	118205	-	0	0	1	0	0	0
LT934125.1	118206	+	1	0	0	0	0	0
LT934125.1	118209	+	3	0	4	0	4	1
LT934125.1	118210	+	0	0	0	0	1	0
LT934125.1	118215	+	0	0	2	0	0	0
LT934125.1	118216	+	1	0	0	0	0	0
LT934125.1	118218	+	1	0	0	0	0	0
LT934125.1	118226	+	1	0	1	0	0	0
LT934125.1	118228	+	0	0	0	0	1	0
LT934125.1	118235	+	0	0	0	0	1	0
LT934125.1	118236	+	0	0	0	1	0	0
LT934125.1	118241	+	0	0	1	0	0	0
LT934125.1	118249	+	1	0	0	0	0	0
LT934125.1	118253	+	1	0	0	0	1	0
LT934125.1	118265	+	0	0	0	0	1	0
LT934125.1	118269	+	0	1	0	0	0	0
LT934125.1	118278	-	0	0	0	1	0	0
LT934125.1	118290	+	1	0	0	0	0	0
LT934125.1	118293	+	0	0	0	0	0	1
LT934125.1	118326	+	0	0	1	0	0	0
LT934125.1	118327	-	0	0	1	0	0	0
LT934125.1	118342	+	0	0	1	0	0	0
LT934125.1	118345	+	0	0	0	0	1	0
LT934125.1	118349	+	0	0	0	1	0	0
LT934125.1	118372	+	0	0	1	0	0	0
LT934125.1	118375	+	0	0	0	0	2	0
LT934125.1	118376	-	3	0	1	1	0	0
LT934125.1	118378	+	0	0	0	0	1	0
LT934125.1	118379	-	1	0	1	0	0	0
LT934125.1	118380	-	1	0	0	0	0	0
LT934125.1	118382	-	1	0	0	0	0	0
LT934125.1	118388	+	1	0	0	0	0	0
LT934125.1	118388	-	0	0	1	0	0	0
LT934125.1	118398	-	0	0	0	0	1	0
LT934125.1	118399	+	0	0	0	0	2	0
LT934125.1	118400	-	0	1	8	0	6	0
LT934125.1	118413	+	0	0	0	0	1	0
LT934125.1	118417	+	1	0	0	0	0	0
LT934125.1	118429	+	0	0	0	0	1	0
LT934125.1	118436	+	0	0	0	0	1	0
LT934125.1	118445	+	0	0	1	0	0	0
LT934125.1	118448	+	1	0	0	0	0	0
LT934125.1	118450	+	1	0	0	0	0	0
LT934125.1	118458	-	0	0	0	0	1	0
LT934125.1	118476	+	0	0	0	0	1	0
LT934125.1	118490	+	0	0	0	0	1	0
LT934125.1	118498	-	0	0	0	0	1	0
LT934125.1	118501	+	1	0	0	0	0	0
LT934125.1	118501	-	0	0	0	0	2	0
LT934125.1	118507	+	0	0	1	0	0	0
LT934125.1	118508	-	0	0	0	0	1	0
LT934125.1	118509	+	0	1	0	0	0	0
LT934125.1	118513	+	1	0	2	0	1	0
LT934125.1	118514	+	0	0	2	0	1	0
LT934125.1	118515	+	0	0	0	0	1	0
LT934125.1	118516	+	1	0	1	0	2	0
LT934125.1	118520	+	1	0	0	0	0	0
LT934125.1	118522	+	0	0	0	0	3	1
LT934125.1	118528	+	0	0	0	0	0	1
LT934125.1	118529	+	2	0	2	0	6	1
LT934125.1	118536	+	0	0	1	0	0	0
LT934125.1	118547	+	1	0	0	0	0	0
LT934125.1	118564	+	0	0	2	0	0	0
LT934125.1	118565	+	0	0	0	0	2	0
LT934125.1	118596	-	0	0	0	0	1	0
LT934125.1	118613	-	0	0	0	0	1	0
LT934125.1	118627	+	1	0	0	0	0	0
LT934125.1	118628	+	0	0	0	0	1	0
LT934125.1	118633	+	0	0	0	0	1	0
LT934125.1	118634	+	2	0	0	0	2	0
LT934125.1	118644	+	0	0	0	0	1	0
LT934125.1	118650	-	0	0	1	0	0	0
LT934125.1	118658	-	0	0	1	0	0	0
LT934125.1	118659	+	1	0	0	0	0	0
LT934125.1	118661	+	0	0	0	0	0	2
LT934125.1	118663	+	0	0	0	0	1	0
LT934125.1	118664	+	3	0	4	0	0	0
LT934125.1	118674	+	0	0	0	0	0	1
LT934125.1	118679	+	2	0	0	0	0	1
LT934125.1	118680	+	0	0	0	0	1	0
LT934125.1	118681	+	0	1	0	0	0	0
LT934125.1	118682	+	0	0	1	0	0	1
LT934125.1	118688	-	0	0	1	0	0	0
LT934125.1	118692	+	0	0	0	0	1	0
LT934125.1	118712	+	1	0	0	0	0	0
LT934125.1	118715	+	0	0	0	0	2	0
LT934125.1	118715	-	0	0	0	0	1	0
LT934125.1	118716	+	4	0	0	0	0	3
LT934125.1	118724	-	0	0	0	1	0	0
LT934125.1	118734	-	4	1	1	0	0	0
LT934125.1	118737	+	0	0	0	0	1	0
LT934125.1	118743	-	2	0	0	0	0	0
LT934125.1	118746	+	0	0	3	0	0	0
LT934125.1	118747	+	2	0	1	1	7	3
LT934125.1	118748	+	2	0	0	0	3	2
LT934125.1	118750	-	0	0	1	0	0	0
LT934125.1	118774	+	0	0	1	0	0	0
LT934125.1	118778	+	0	0	0	0	2	0
LT934125.1	118781	+	0	0	0	0	1	0
LT934125.1	118782	-	0	0	1	0	0	0
LT934125.1	118788	+	0	0	1	0	0	0
LT934125.1	118791	+	0	0	0	0	1	0
LT934125.1	118794	+	0	0	0	0	1	0
LT934125.1	118802	+	0	0	0	0	1	0
LT934125.1	118809	-	1	0	1	0	1	1
LT934125.1	118813	-	0	0	0	0	1	0
LT934125.1	118834	+	0	0	1	0	1	0
LT934125.1	118836	+	0	0	0	0	1	0
LT934125.1	118841	+	0	0	0	0	0	1
LT934125.1	118853	+	0	0	0	0	0	1
LT934125.1	118855	+	0	0	0	0	1	0
LT934125.1	118858	+	1	27	0	0	0	0
LT934125.1	118859	+	0	0	0	0	1	1
LT934125.1	118860	+	4	0	1109	80	11	0
LT934125.1	118861	+	531	0	3	0	2756	219
LT934125.1	118862	+	28	1	72	2	38	5
LT934125.1	118863	+	3	0	0	0	32	3
LT934125.1	118864	+	1342	64	2645	233	8600	658
LT934125.1	118865	+	27	0	41	2	43	1
LT934125.1	118866	+	40	4	98	13	208	23
LT934125.1	118868	+	2	0	7	1	12	0
LT934125.1	118870	+	2	0	0	0	1	0
LT934125.1	118871	+	0	0	4	0	5	0
LT934125.1	118872	+	0	0	0	0	3	1
LT934125.1	118873	+	1	0	0	0	1	0
LT934125.1	118874	+	0	0	2	0	0	0
LT934125.1	118875	+	1	0	0	0	0	0
LT934125.1	118876	+	0	0	3	0	1	0
LT934125.1	118877	+	0	0	0	0	1	0
LT934125.1	118878	+	1	0	0	0	0	0
LT934125.1	118882	-	1	0	0	0	0	0
LT934125.1	118886	+	0	1	1	0	0	0
LT934125.1	118888	+	1	1	0	0	1	0
LT934125.1	118899	+	0	0	0	0	1	0
LT934125.1	118901	-	0	0	1	0	0	0
LT934125.1	118905	+	0	0	3	0	2	0
LT934125.1	118906	+	3	0	0	0	14	0
LT934125.1	118910	+	0	0	0	0	2	0
LT934125.1	118913	+	0	0	1	0	0	0
LT934125.1	118924	+	1	0	0	0	0	0
LT934125.1	118924	-	0	0	1	0	0	0
LT934125.1	118926	+	0	0	0	0	1	0
LT934125.1	118927	+	0	0	0	0	1	0
LT934125.1	118928	+	0	0	0	0	1	0
LT934125.1	118935	+	0	0	1	0	0	0
LT934125.1	118964	-	1	0	0	0	0	0
LT934125.1	118969	+	0	0	0	1	0	0
LT934125.1	118971	+	0	0	1	0	1	0
LT934125.1	118974	+	0	0	1	0	1	0
LT934125.1	118984	+	0	0	2	0	1	1
LT934125.1	118985	+	2	0	0	0	0	0
LT934125.1	119001	+	1	0	1	0	0	0
LT934125.1	119013	-	0	0	1	0	0	0
LT934125.1	119020	+	0	0	1	0	3	0
LT934125.1	119021	+	0	0	0	0	6	0
LT934125.1	119023	+	0	0	5	0	0	1
LT934125.1	119032	+	1	0	1	0	1	0
LT934125.1	119039	+	0	0	0	0	3	0
LT934125.1	119041	+	0	0	2	0	0	0
LT934125.1	119043	+	0	0	0	0	1	0
LT934125.1	119055	+	0	0	1	0	0	0
LT934125.1	119058	-	1	0	0	0	0	0
LT934125.1	119068	+	0	0	0	0	9	0
LT934125.1	119071	+	2	0	5	1	0	1
LT934125.1	119072	+	0	0	2	0	0	0
LT934125.1	119073	+	0	0	0	0	2	0
LT934125.1	119076	+	0	0	2	0	0	0
LT934125.1	119077	+	0	0	0	0	0	2
LT934125.1	119080	-	0	0	0	0	1	0
LT934125.1	119083	+	0	0	0	0	1	0
LT934125.1	119089	+	0	0	1	0	0	0
LT934125.1	119090	+	1	0	0	0	1	0
LT934125.1	119094	+	0	0	0	0	3	0
LT934125.1	119099	-	0	0	0	0	1	0
LT934125.1	119100	+	0	0	0	0	1	0
LT934125.1	119101	+	0	0	0	0	1	0
LT934125.1	119102	+	1	0	0	1	0	0
LT934125.1	119109	+	0	0	1	0	0	0
LT934125.1	119110	+	0	1	0	0	1	0
LT934125.1	119115	+	0	0	1	0	0	0
LT934125.1	119121	+	0	0	0	0	2	0
LT934125.1	119138	-	0	0	0	0	1	0
LT934125.1	119145	+	0	0	0	0	1	0
LT934125.1	119149	+	0	0	2	0	0	1
LT934125.1	119152	+	0	0	0	0	1	0
LT934125.1	119155	+	0	0	4	0	1	0
LT934125.1	119163	+	0	0	0	0	1	0
LT934125.1	119168	+	0	0	2	0	0	0
LT934125.1	119169	+	0	0	0	0	1	0
LT934125.1	119177	+	0	0	0	0	1	0
LT934125.1	119178	+	0	0	0	0	1	0
LT934125.1	119182	+	4	0	4	0	2	0
LT934125.1	119183	+	0	0	0	0	2	0
LT934125.1	119184	+	0	0	0	0	1	0
LT934125.1	119186	+	2	0	1	0	1	0
LT934125.1	119188	-	0	0	0	0	1	0
LT934125.1	119189	+	0	0	0	0	1	0
LT934125.1	119190	-	0	0	3	0	1	0
LT934125.1	119194	+	0	0	0	0	1	0
LT934125.1	119195	+	0	0	1	0	0	0
LT934125.1	119200	+	1	0	0	0	0	0
LT934125.1	119207	+	0	0	0	0	1	0
LT934125.1	119210	+	0	0	1	0	0	0
LT934125.1	119211	+	0	0	0	0	3	0
LT934125.1	119212	+	1	0	2	0	0	0
LT934125.1	119220	+	0	0	0	0	2	0
LT934125.1	119222	+	0	0	0	0	0	1
LT934125.1	119230	+	0	0	2	0	0	0
LT934125.1	119231	+	0	0	1	0	7	1
LT934125.1	119232	+	1	0	3	0	1	0
LT934125.1	119233	+	1	0	0	0	10	0
LT934125.1	119235	+	0	0	0	0	2	0
LT934125.1	119238	+	1	0	0	0	0	0
LT934125.1	119244	+	1	0	0	0	0	0
LT934125.1	119246	+	1	0	0	0	0	0
LT934125.1	119248	+	1	0	0	0	0	0
LT934125.1	119251	+	0	0	1	0	0	0
LT934125.1	119256	+	1	0	0	0	0	0
LT934125.1	119263	+	0	0	2	0	0	0
LT934125.1	119264	+	1	0	0	0	1	0
LT934125.1	119265	+	0	1	0	0	48	0
LT934125.1	119266	+	4	0	36	0	0	12
LT934125.1	119267	+	0	0	0	0	1	0
LT934125.1	119268	+	0	0	0	0	2	0
LT934125.1	119270	+	0	1	0	0	0	0
LT934125.1	119285	+	0	0	0	0	1	0
LT934125.1	119288	+	1	0	2	0	0	0
LT934125.1	119296	+	1	0	0	0	0	0
LT934125.1	119298	+	0	0	0	0	1	0
LT934125.1	119302	+	0	0	3	0	0	0
LT934125.1	119304	+	0	0	0	0	1	0
LT934125.1	119305	+	1	0	0	0	2	0
LT934125.1	119307	+	0	0	0	0	2	0
LT934125.1	119312	-	0	0	0	0	1	0
LT934125.1	119316	+	0	0	0	0	2	0
LT934125.1	119323	+	1	0	0	0	2	0
LT934125.1	119327	+	0	0	1	0	0	0
LT934125.1	119329	-	0	0	0	0	1	0
LT934125.1	119332	+	0	0	1	0	0	0
LT934125.1	119333	+	1	0	0	0	0	0
LT934125.1	119345	+	0	0	0	1	1	0
LT934125.1	119346	+	2	0	0	0	4	0
LT934125.1	119348	-	0	0	0	0	1	0
LT934125.1	119353	+	0	0	1	0	0	0
LT934125.1	119359	+	0	0	1	0	0	0
LT934125.1	119360	+	0	0	0	0	2	0
LT934125.1	119374	+	0	0	0	0	1	0
LT934125.1	119386	+	0	0	0	0	1	0
LT934125.1	119388	+	0	0	0	0	2	0
LT934125.1	119389	+	0	0	1	0	0	2
LT934125.1	119391	+	0	0	0	0	1	0
LT934125.1	119393	+	0	1	0	0	0	0
LT934125.1	119394	+	0	0	0	0	6	0
LT934125.1	119395	+	1	0	6	0	0	0
LT934125.1	119403	+	0	0	0	0	1	0
LT934125.1	119404	+	1	0	0	0	0	0
LT934125.1	119406	+	0	0	0	0	1	0
LT934125.1	119418	+	0	0	0	0	1	0
LT934125.1	119421	+	0	0	1	0	0	0
LT934125.1	119422	+	0	0	0	0	1	0
LT934125.1	119427	+	2	0	19	1	3	2
LT934125.1	119428	+	15	0	0	0	28	5
LT934125.1	119435	+	0	0	1	0	0	0
LT934125.1	119437	+	1	0	0	0	0	0
LT934125.1	119440	-	0	0	0	0	1	0
LT934125.1	119448	+	0	0	0	0	2	0
LT934125.1	119449	+	0	0	2	0	0	0
LT934125.1	119459	+	0	0	0	0	4	0
LT934125.1	119461	+	0	0	2	0	0	0
LT934125.1	119462	+	0	0	1	0	0	0
LT934125.1	119463	+	2	0	0	0	1	0
LT934125.1	119463	-	0	0	0	0	1	0
LT934125.1	119468	+	0	0	0	0	1	0
LT934125.1	119476	-	0	0	1	0	0	0
LT934125.1	119477	+	0	0	0	0	0	1
LT934125.1	119482	+	0	0	1	0	0	0
LT934125.1	119483	+	0	0	1	1	2	0
LT934125.1	119484	+	3	0	63	5	0	1
LT934125.1	119485	+	37	4	0	0	168	15
LT934125.1	119488	+	1	0	0	0	0	0
LT934125.1	119491	-	1	0	1	0	0	0
LT934125.1	119496	+	0	0	1	0	0	0
LT934125.1	119498	-	0	0	0	0	1	0
LT934125.1	119505	-	0	0	1	0	0	0
LT934125.1	119511	+	0	0	2	0	0	0
LT934125.1	119513	+	1	0	0	0	2	0
LT934125.1	119515	+	0	0	6	0	0	0
LT934125.1	119516	+	0	0	0	0	7	1
LT934125.1	119517	+	0	0	0	0	4	0
LT934125.1	119518	+	0	0	1	0	2	0
LT934125.1	119531	+	0	0	0	0	1	0
LT934125.1	119533	+	0	1	0	0	8	0
LT934125.1	119534	+	1	0	1	0	0	0
LT934125.1	119535	+	0	1	0	0	23	0
LT934125.1	119536	+	9	0	6	0	1	7
LT934125.1	119537	+	0	0	2	0	1	0
LT934125.1	119538	+	1	0	0	0	1	3
LT934125.1	119539	+	2	0	0	0	0	0
LT934125.1	119540	+	0	1	6	0	7	0
LT934125.1	119542	+	0	0	0	0	1	0
LT934125.1	119544	-	1	0	0	0	0	0
LT934125.1	119551	+	0	0	0	0	1	0
LT934125.1	119559	+	0	0	0	0	1	0
LT934125.1	119560	+	0	0	0	0	1	1
LT934125.1	119561	+	0	0	0	0	1	0
LT934125.1	119562	+	0	1	0	0	3	0
LT934125.1	119563	+	2	0	3	0	0	0
LT934125.1	119566	+	0	0	4	0	0	0
LT934125.1	119567	+	0	0	0	1	0	1
LT934125.1	119568	+	2	0	12	0	4	0
LT934125.1	119569	+	4	0	0	0	8	1
LT934125.1	119571	+	0	0	1	0	0	0
LT934125.1	119574	+	0	0	0	0	2	0
LT934125.1	119577	+	0	0	1	0	0	0
LT934125.1	119580	+	1	0	0	0	0	0
LT934125.1	119582	+	0	0	0	0	1	0
LT934125.1	119583	-	0	0	0	0	1	0
LT934125.1	119584	+	1	0	0	0	0	0
LT934125.1	119585	+	0	0	0	0	3	0
LT934125.1	119587	+	0	0	2	0	0	0
LT934125.1	119589	+	0	0	0	0	1	0
LT934125.1	119591	+	0	0	0	0	0	2
LT934125.1	119592	+	1	0	0	0	0	1
LT934125.1	119593	+	0	0	6	1	2	0
LT934125.1	119594	+	1	0	0	0	5	0
LT934125.1	119598	+	0	0	1	0	0	0
LT934125.1	119604	+	0	0	0	0	1	0
LT934125.1	119605	+	1	0	1	0	0	2
LT934125.1	119608	-	0	0	0	0	1	0
LT934125.1	119610	-	0	0	0	0	2	0
LT934125.1	119614	+	0	0	0	0	1	1
LT934125.1	119618	+	0	0	1	0	0	0
LT934125.1	119629	-	0	0	0	0	1	0
LT934125.1	119632	+	1	0	0	0	0	0
LT934125.1	119638	-	0	0	1	0	0	0
LT934125.1	119639	-	0	0	0	0	1	0
LT934125.1	119642	+	0	0	1	0	0	0
LT934125.1	119643	+	0	0	0	0	2	0
LT934125.1	119646	+	0	0	1	0	1	0
LT934125.1	119652	+	0	0	0	0	1	0
LT934125.1	119666	+	0	0	0	0	1	0
LT934125.1	119667	+	0	0	0	0	2	0
LT934125.1	119673	+	1	0	0	0	0	0
LT934125.1	119690	+	0	0	0	0	0	2
LT934125.1	119692	+	0	0	0	0	2	0
LT934125.1	119693	+	2	0	0	0	9	0
LT934125.1	119694	+	0	0	0	0	5	0
LT934125.1	119695	+	1	0	1	1	0	0
LT934125.1	119701	+	0	0	0	0	0	1
LT934125.1	119707	+	0	0	1	0	0	1
LT934125.1	119709	+	0	0	1	0	1	0
LT934125.1	119710	+	1	0	0	0	2	1
LT934125.1	119712	+	0	0	0	1	1	0
LT934125.1	119715	+	0	0	1	0	0	0
LT934125.1	119716	+	3	0	0	0	3	0
LT934125.1	119717	+	0	0	0	0	3	0
LT934125.1	119719	+	0	0	3	0	0	0
LT934125.1	119721	+	3	0	1	0	1	0
LT934125.1	119731	+	0	1	0	0	1	0
LT934125.1	119734	+	0	0	0	0	1	0
LT934125.1	119751	+	0	0	1	0	0	0
LT934125.1	119754	+	0	0	0	0	1	0
LT934125.1	119762	+	0	0	1	0	0	0
LT934125.1	119764	+	2	0	0	0	11	0
LT934125.1	119765	+	1	0	0	0	2	0
LT934125.1	119766	+	1	0	0	0	1	1
LT934125.1	119777	-	1	0	0	0	0	0
LT934125.1	119786	+	0	0	0	0	0	1
LT934125.1	119788	+	0	0	1	0	0	0
LT934125.1	119789	+	0	0	0	0	2	0
LT934125.1	119795	+	2	0	0	0	3	1
LT934125.1	119796	+	0	0	0	0	1	0
LT934125.1	119797	+	1	0	0	0	0	0
LT934125.1	119800	+	1	0	0	0	0	0
LT934125.1	119803	+	1	0	1	0	0	0
LT934125.1	119810	+	1	0	0	0	0	0
LT934125.1	119813	+	1	0	0	0	0	0
LT934125.1	119815	+	0	0	1	0	0	0
LT934125.1	119816	+	0	0	0	0	1	0
LT934125.1	119817	+	1	0	6	0	0	0
LT934125.1	119818	+	4	0	0	0	7	1
LT934125.1	119820	+	0	0	0	0	2	0
LT934125.1	119823	+	0	0	2	0	0	0
LT934125.1	119827	+	3	2	0	0	4	0
LT934125.1	119829	+	0	0	0	0	1	0
LT934125.1	119830	+	2	0	2	0	0	0
LT934125.1	119832	+	0	0	3	0	0	0
LT934125.1	119833	+	2	0	0	0	0	0
LT934125.1	119835	+	3	0	1	0	1	0
LT934125.1	119863	+	0	0	0	0	2	0
LT934125.1	119869	+	0	0	0	0	1	0
LT934125.1	119871	+	0	0	0	0	0	1
LT934125.1	119874	+	0	0	0	0	1	0
LT934125.1	119875	+	0	0	0	0	1	0
LT934125.1	119876	+	1	0	18	0	0	0
LT934125.1	119877	+	1	0	1	0	0	0
LT934125.1	119878	+	37	1	5	0	32	0
LT934125.1	119879	+	3	1	0	0	2	0
LT934125.1	119881	+	0	0	0	0	1	0
LT934125.1	119883	+	0	0	0	0	1	0
LT934125.1	119885	+	0	0	0	0	1	0
LT934125.1	119887	+	3	0	1	1	0	0
LT934125.1	119889	+	0	0	2	0	0	0
LT934125.1	119890	+	2	0	0	0	2	1
LT934125.1	119893	+	0	0	2	0	0	0
LT934125.1	119895	+	0	0	0	0	3	0
LT934125.1	119897	+	3	0	3	0	0	0
LT934125.1	119905	+	4	0	0	1	0	0
LT934125.1	119906	+	0	0	0	0	8	0
LT934125.1	119907	+	0	1	0	0	0	0
LT934125.1	119908	+	0	0	6	0	1	1
LT934125.1	119908	-	0	0	0	0	1	0
LT934125.1	119922	+	0	0	0	0	2	0
LT934125.1	119924	+	1	0	0	0	0	0
LT934125.1	119925	+	0	0	0	0	2	0
LT934125.1	119926	+	0	0	0	0	1	0
LT934125.1	119938	+	0	0	0	0	1	0
LT934125.1	119940	+	2	0	3	1	1	0
LT934125.1	119941	+	7	1	0	0	9	0
LT934125.1	119942	+	0	0	0	0	1	0
LT934125.1	119952	+	0	0	1	0	0	0
LT934125.1	119962	+	0	0	0	0	1	0
LT934125.1	119971	+	0	0	0	0	0	1
LT934125.1	119976	+	0	0	2	0	0	0
LT934125.1	119982	+	1	0	0	0	0	0
LT934125.1	119983	+	0	0	0	0	1	0
LT934125.1	119986	+	0	0	3	0	0	0
LT934125.1	119988	+	1	0	0	0	0	0
LT934125.1	119989	+	1	0	0	0	0	0
LT934125.1	119996	+	2	0	0	0	2	0
LT934125.1	119997	+	0	0	0	0	2	0
LT934125.1	119998	+	4	0	6	1	3	0
LT934125.1	119999	+	0	1	0	0	1	0
LT934125.1	120007	+	0	0	1	0	0	0
LT934125.1	120007	-	0	0	0	0	1	0
LT934125.1	120010	-	0	0	0	0	1	0
LT934125.1	120013	-	0	0	0	0	1	0
LT934125.1	120014	+	4	0	0	0	0	0
LT934125.1	120015	+	0	0	0	0	1	0
LT934125.1	120017	+	0	0	1	0	0	1
LT934125.1	120018	+	1	0	0	0	1	0
LT934125.1	120019	+	0	0	0	0	0	6
LT934125.1	120020	+	22	1	9	2	24	2
LT934125.1	120021	+	0	0	0	0	28	0
LT934125.1	120022	+	15	0	11	3	1	0
LT934125.1	120030	-	0	0	1	0	0	0
LT934125.1	120049	+	0	0	1	0	0	0
LT934125.1	120050	+	1	0	0	0	0	0
LT934125.1	120051	+	0	0	0	0	1	0
LT934125.1	120054	+	0	0	1	0	0	0
LT934125.1	120058	+	0	0	0	0	6	1
LT934125.1	120060	+	0	1	1	0	0	0
LT934125.1	120061	+	12	0	3	1	0	6
LT934125.1	120062	+	2	1	1	1	0	0
LT934125.1	120068	+	0	0	0	0	1	0
LT934125.1	120070	+	0	0	2	0	0	0
LT934125.1	120076	+	0	0	0	0	1	0
LT934125.1	120080	+	0	0	1	0	0	0
LT934125.1	120082	+	2	0	3	0	2	0
LT934125.1	120083	+	4	1	0	0	3	0
LT934125.1	120092	+	1	1	0	0	2	0
LT934125.1	120096	+	0	1	0	0	1	0
LT934125.1	120097	+	2	0	0	0	0	0
LT934125.1	120107	-	1	0	0	0	0	0
LT934125.1	120108	+	1	0	0	0	0	0
LT934125.1	120109	+	1	0	0	0	0	0
LT934125.1	120110	+	0	0	1	0	1	0
LT934125.1	120112	+	1	0	1	0	0	0
LT934125.1	120113	+	0	0	1	0	0	0
LT934125.1	120114	+	0	0	0	0	1	0
LT934125.1	120115	+	0	0	2	0	0	0
LT934125.1	120116	+	0	0	1	0	0	0
LT934125.1	120121	+	2	0	0	0	0	0
LT934125.1	120125	-	0	0	1	0	0	0
LT934125.1	120127	+	2	0	0	0	0	0
LT934125.1	120128	+	0	0	0	0	2	0
LT934125.1	120129	+	0	0	0	1	0	0
LT934125.1	120130	+	0	0	2	0	0	0
LT934125.1	120131	+	2	0	4	0	0	0
LT934125.1	120132	+	4	1	54	2	4	0
LT934125.1	120133	+	65	4	0	0	47	10
LT934125.1	120135	+	1	0	0	0	2	0
LT934125.1	120138	+	1	0	0	0	0	0
LT934125.1	120139	+	0	1	0	0	0	0
LT934125.1	120146	+	0	0	0	1	0	1
LT934125.1	120147	+	0	0	0	0	1	0
LT934125.1	120148	+	0	0	0	0	1	0
LT934125.1	120150	+	0	0	0	0	1	0
LT934125.1	120151	+	0	0	0	0	5	0
LT934125.1	120152	+	8	0	5	1	0	0
LT934125.1	120154	+	1	0	0	0	0	0
LT934125.1	120156	+	1	0	0	0	0	0
LT934125.1	120157	+	1	0	0	0	0	0
LT934125.1	120162	+	2	0	0	0	0	0
LT934125.1	120164	+	0	0	1	0	0	0
LT934125.1	120165	+	0	0	1	0	2	0
LT934125.1	120168	+	2	0	0	0	1	1
LT934125.1	120170	+	5	0	0	0	0	0
LT934125.1	120171	+	0	0	0	0	3	0
LT934125.1	120173	+	0	0	6	0	0	0
LT934125.1	120180	+	0	0	0	0	1	0
LT934125.1	120185	+	0	0	0	0	1	0
LT934125.1	120190	+	0	0	1	0	0	0
LT934125.1	120191	+	4	0	0	0	1	0
LT934125.1	120192	+	0	0	0	0	2	0
LT934125.1	120193	+	6	1	11	0	6	2
LT934125.1	120194	+	0	0	0	0	1	0
LT934125.1	120202	-	1	0	0	0	0	0
LT934125.1	120204	+	1	0	0	0	0	0
LT934125.1	120206	+	0	0	1	0	0	0
LT934125.1	120207	+	0	0	2	0	0	0
LT934125.1	120208	+	0	0	0	0	1	0
LT934125.1	120210	+	0	0	0	0	2	0
LT934125.1	120211	+	4	0	2	0	0	0
LT934125.1	120213	+	0	0	1	0	1	0
LT934125.1	120214	+	0	0	0	0	2	0
LT934125.1	120217	+	1	0	0	0	0	0
LT934125.1	120237	-	0	0	1	0	0	0
LT934125.1	120238	+	0	0	4	0	3	0
LT934125.1	120242	+	2	0	3	0	0	0
LT934125.1	120243	+	0	0	1	0	0	0
LT934125.1	120247	+	0	0	1	0	0	0
LT934125.1	120247	-	0	0	0	0	1	0
LT934125.1	120248	+	1	0	0	0	2	0
LT934125.1	120251	-	0	0	0	0	1	0
LT934125.1	120252	+	0	0	1	0	0	0
LT934125.1	120256	+	1	0	0	0	0	0
LT934125.1	120257	+	1	0	0	0	2	0
LT934125.1	120258	+	0	0	0	0	3	0
LT934125.1	120258	-	1	0	0	0	0	0
LT934125.1	120259	+	0	0	2	0	0	0
LT934125.1	120262	+	0	0	1	0	0	0
LT934125.1	120267	-	0	0	0	0	1	0
LT934125.1	120270	+	0	0	0	0	1	0
LT934125.1	120276	+	0	0	1	0	0	0
LT934125.1	120289	+	0	0	0	0	1	0
LT934125.1	120290	-	1	0	0	0	0	0
LT934125.1	120297	-	0	0	1	0	0	0
LT934125.1	120307	+	0	0	0	0	1	0
LT934125.1	120314	+	1	0	0	0	2	0
LT934125.1	120331	-	0	0	1	0	0	0
LT934125.1	120332	+	0	0	0	0	1	0
LT934125.1	120339	+	0	0	0	0	1	0
LT934125.1	120351	-	0	0	0	0	1	0
LT934125.1	120352	+	0	0	0	0	1	0
LT934125.1	120360	+	0	0	0	0	1	0
LT934125.1	120370	+	1	0	1	0	0	0
LT934125.1	120382	+	0	0	1	0	0	0
LT934125.1	120383	+	0	0	2	0	0	0
LT934125.1	120385	+	2	0	0	0	2	0
LT934125.1	120391	+	0	0	2	0	0	0
LT934125.1	120404	-	0	0	1	0	0	0
LT934125.1	120408	+	0	0	0	0	1	0
LT934125.1	120410	+	1	0	1	0	0	0
LT934125.1	120414	-	0	0	0	0	1	0
LT934125.1	120415	-	0	0	1	0	0	0
LT934125.1	120428	-	0	0	1	0	1	0
LT934125.1	120429	-	0	0	0	0	1	0
LT934125.1	120431	-	0	0	2	0	3	0
LT934125.1	120456	+	0	0	0	0	2	0
LT934125.1	120462	-	0	0	0	0	1	0
LT934125.1	120476	+	0	0	0	0	0	1
LT934125.1	120480	+	0	0	1	0	0	0
LT934125.1	120483	+	0	0	0	0	3	0
LT934125.1	120485	+	0	0	0	0	3	0
LT934125.1	120504	-	0	0	0	0	1	0
LT934125.1	120528	+	0	0	0	0	1	0
LT934125.1	120535	+	0	0	0	0	1	0
LT934125.1	120552	+	0	0	0	0	1607	0
LT934125.1	120553	+	0	0	0	0	5	0
LT934125.1	120554	+	1	0	8	1	18	2
LT934125.1	120555	+	98	4	357	14	16	40
LT934125.1	120556	+	1	0	6	0	7	0
LT934125.1	120557	+	26	3	99	12	575	18
LT934125.1	120558	+	0	0	3	0	1	1
LT934125.1	120559	+	3	0	3	0	10	0
LT934125.1	120560	+	0	0	0	0	1	0
LT934125.1	120561	+	0	0	1	0	0	0
LT934125.1	120563	+	0	0	1	0	0	0
LT934125.1	120565	+	0	0	0	1	0	0
LT934125.1	120569	+	0	0	0	0	1	0
LT934125.1	120569	-	0	0	0	0	1	0
LT934125.1	120572	+	0	0	0	0	1	0
LT934125.1	120585	+	0	0	0	0	0	1
LT934125.1	120586	-	0	0	0	0	1	0
LT934125.1	120614	-	0	0	0	0	1	0
LT934125.1	120620	+	0	0	0	0	1	0
LT934125.1	120633	+	0	0	1	0	0	0
LT934125.1	120660	-	1	0	0	0	0	0
LT934125.1	120661	-	0	0	0	0	2	0
LT934125.1	120667	+	0	0	0	0	1	0
LT934125.1	120669	+	0	0	1	0	0	0
LT934125.1	120681	+	0	0	0	0	1	0
LT934125.1	120715	-	0	0	0	0	1	0
LT934125.1	120716	+	1	0	0	0	0	0
LT934125.1	120748	+	0	0	0	0	1	0
LT934125.1	120750	+	0	0	0	0	1	0
LT934125.1	120752	+	0	0	0	0	1	0
LT934125.1	120768	+	0	0	0	0	1	0
LT934125.1	120775	+	0	0	0	0	2	0
LT934125.1	120776	+	0	0	0	0	2	0
LT934125.1	120777	+	0	0	0	0	3	1
LT934125.1	120782	+	0	0	0	0	2	0
LT934125.1	120784	+	0	0	0	0	2	0
LT934125.1	120794	-	0	0	0	0	1	0
LT934125.1	120798	+	0	0	0	0	1	0
LT934125.1	120800	+	1	0	0	0	0	0
LT934125.1	120803	+	0	0	1	0	0	0
LT934125.1	120821	+	0	0	0	0	1	0
LT934125.1	120825	+	0	0	0	0	2	0
LT934125.1	120826	+	0	0	0	0	5	0
LT934125.1	120842	+	0	0	0	0	1	0
LT934125.1	120860	-	0	0	0	0	1	0
LT934125.1	120878	-	0	0	0	0	1	0
LT934125.1	120880	-	0	0	2	0	2	0
LT934125.1	120881	-	0	0	0	0	2	0
LT934125.1	120882	-	0	0	0	0	6	0
LT934125.1	120884	+	0	0	0	0	3	0
LT934125.1	120886	-	0	0	0	0	1	0
LT934125.1	120890	+	0	0	0	0	1	0
LT934125.1	120912	+	0	0	1	0	0	0
LT934125.1	120917	-	0	0	1	0	2	1
LT934125.1	120919	+	0	0	0	0	1	0
LT934125.1	120930	+	0	0	0	0	17	0
LT934125.1	120931	+	0	0	0	0	1	0
LT934125.1	120932	+	0	0	1	0	0	0
LT934125.1	120933	+	3	1	4	1	0	2
LT934125.1	120934	+	1	0	3	0	10	1
LT934125.1	120935	+	1	0	0	0	0	0
LT934125.1	120937	+	0	0	2	0	7	0
LT934125.1	120938	+	0	0	1	0	1	0
LT934125.1	120941	-	0	0	0	0	1	0
LT934125.1	121000	-	0	0	1	0	0	0
LT934125.1	121013	+	0	0	1	0	0	0
LT934125.1	121019	+	0	0	0	0	1	0
LT934125.1	121024	+	1	0	0	0	1	0
LT934125.1	121027	-	0	0	0	0	1	0
LT934125.1	121028	+	0	0	0	0	1	0
LT934125.1	121033	-	1	0	0	0	0	0
LT934125.1	121048	+	1	0	0	0	0	0
LT934125.1	121071	+	0	0	0	0	2	0
LT934125.1	121071	-	1	0	0	0	0	0
LT934125.1	121106	-	0	0	1	0	0	0
LT934125.1	121121	+	0	0	0	0	1	0
LT934125.1	121132	+	1	0	0	0	1	0
LT934125.1	121133	+	1	0	0	0	2	0
LT934125.1	121135	+	0	0	1	0	0	0
LT934125.1	121136	+	0	0	0	0	1	0
LT934125.1	121153	+	1	0	0	0	0	0
LT934125.1	121158	-	0	0	0	0	1	0
LT934125.1	121162	+	0	0	0	0	1	0
LT934125.1	121196	+	0	0	0	0	1	0
LT934125.1	121199	+	0	0	0	0	2	0
LT934125.1	121204	+	0	0	1	0	0	0
LT934125.1	121216	+	0	0	0	0	2	0
LT934125.1	121224	+	0	0	1	0	0	0
LT934125.1	121274	+	0	0	0	0	1	0
LT934125.1	121304	+	1	0	0	0	0	1
LT934125.1	121316	+	0	0	0	0	1	0
LT934125.1	121323	-	0	0	0	0	1	0
LT934125.1	121327	-	0	0	0	0	1	0
LT934125.1	121334	-	0	0	0	0	1	0
LT934125.1	121403	-	0	0	0	0	1	0
LT934125.1	121424	+	1	0	0	0	0	0
LT934125.1	121441	+	0	0	0	0	1	0
LT934125.1	121441	-	0	0	0	0	1	0
LT934125.1	121471	+	0	0	0	0	1	0
LT934125.1	121475	+	0	0	0	0	1	0
LT934125.1	121484	+	0	0	0	0	1	0
LT934125.1	121485	+	0	0	1	0	0	0
LT934125.1	121486	+	0	0	0	0	2	0
LT934125.1	121493	+	0	0	1	0	0	0
LT934125.1	121517	+	0	0	0	0	1	0
LT934125.1	121546	+	0	0	0	0	1	0
LT934125.1	121559	+	0	0	0	0	2	0
LT934125.1	121560	+	1	0	1	0	0	0
LT934125.1	121575	+	1	0	1	0	0	0
LT934125.1	121577	+	0	0	1	0	0	0
LT934125.1	121580	+	1	0	0	0	0	0
LT934125.1	121581	+	0	0	0	0	2	0
LT934125.1	121583	+	1	0	2	0	0	0
LT934125.1	121585	+	0	0	0	0	0	1
LT934125.1	121589	+	1	0	0	0	0	0
LT934125.1	121602	+	1	0	0	0	0	0
LT934125.1	121611	+	0	0	1	0	0	0
LT934125.1	121612	+	1	0	0	0	6	0
LT934125.1	121613	+	0	0	0	0	2	0
LT934125.1	121614	+	4	0	2	0	0	0
LT934125.1	121640	+	0	0	0	0	1	0
LT934125.1	121644	+	0	0	0	0	1	0
LT934125.1	121655	+	0	0	1	0	0	0
LT934125.1	121656	+	0	0	2	0	0	0
LT934125.1	121660	+	0	0	0	0	1	0
LT934125.1	121668	+	0	0	1	0	0	0
LT934125.1	121672	+	0	0	3	0	0	0
LT934125.1	121674	+	0	0	1	1	0	0
LT934125.1	121675	+	1	1	0	0	4	0
LT934125.1	121676	+	0	0	0	0	3	0
LT934125.1	121681	+	0	0	0	0	1	0
LT934125.1	121683	+	1	0	0	0	0	0
LT934125.1	121688	-	0	0	0	0	1	0
LT934125.1	121692	-	0	0	1	0	0	0
LT934125.1	121699	-	0	0	0	0	1	0
LT934125.1	121707	+	2	0	0	0	1	0
LT934125.1	121708	+	1	0	0	0	0	0
LT934125.1	121709	+	1	0	2	0	2	0
LT934125.1	121710	+	3	2	0	0	16	1
LT934125.1	121711	+	0	0	0	0	2	0
LT934125.1	121712	+	1	0	0	0	1	1
LT934125.1	121714	+	0	0	0	0	0	1
LT934125.1	121715	+	0	0	5	0	5	2
LT934125.1	121716	+	2	1	2	0	14	2
LT934125.1	121717	+	0	0	0	0	9	0
LT934125.1	121720	+	0	0	1	0	0	0
LT934125.1	121727	+	0	0	0	0	1	0
LT934125.1	121732	+	0	0	0	0	1	0
LT934125.1	121737	+	0	0	0	0	4	0
LT934125.1	121746	+	0	0	0	0	4	0
LT934125.1	121749	+	0	0	0	0	1	0
LT934125.1	121752	+	0	0	0	0	2	0
LT934125.1	121754	+	0	0	1	0	0	0
LT934125.1	121763	+	1	0	0	0	0	0
LT934125.1	121782	+	0	0	0	0	12	0
LT934125.1	121783	+	0	0	0	13	3	0
LT934125.1	121784	+	90	11	291	28	1643	88
LT934125.1	121785	+	0	0	0	0	1	0
LT934125.1	121786	+	64	8	267	1	1363	88
LT934125.1	121787	+	2	0	9	0	43	0
LT934125.1	121789	+	1	0	0	0	9	1
LT934125.1	121790	+	0	0	0	0	1	0
LT934125.1	121791	+	0	0	0	0	1	0
LT934125.1	121791	-	0	0	1	0	0	0
LT934125.1	121792	+	0	0	0	0	1	0
LT934125.1	121798	+	0	0	0	0	1	1
LT934125.1	121808	+	0	0	0	0	1	0
LT934125.1	121813	+	1	0	0	0	0	0
LT934125.1	121814	+	0	0	0	0	2	0
LT934125.1	121819	+	0	0	0	0	4	0
LT934125.1	121820	+	2	0	0	0	0	0
LT934125.1	121825	+	0	0	0	0	2	0
LT934125.1	121833	+	0	0	0	0	1	0
LT934125.1	121837	+	1	0	1	0	0	0
LT934125.1	121838	+	0	0	0	1	2	0
LT934125.1	121839	+	1	1	1	0	7	0
LT934125.1	121840	+	1	0	0	0	0	0
LT934125.1	121856	+	0	0	1	0	0	0
LT934125.1	121880	+	0	0	0	0	4	0
LT934125.1	121881	+	0	0	1	0	0	0
LT934125.1	121887	+	0	0	0	0	1	0
LT934125.1	121889	+	0	0	0	0	2	0
LT934125.1	121890	+	0	0	0	0	6	0
LT934125.1	121901	+	0	0	0	0	0	2
LT934125.1	121904	+	0	1	0	0	1	0
LT934125.1	121905	+	1	0	0	0	2	0
LT934125.1	121911	+	0	0	0	0	2	0
LT934125.1	121929	+	0	0	0	0	1	0
LT934125.1	121936	+	0	0	0	0	1	0
LT934125.1	121937	+	0	0	1	0	0	0
LT934125.1	121939	+	1	0	0	0	1	0
LT934125.1	121950	+	0	0	0	0	3	0
LT934125.1	121953	+	1	0	0	0	0	0
LT934125.1	121959	+	0	0	0	0	1	0
LT934125.1	121960	-	0	0	0	0	2	0
LT934125.1	121978	+	0	0	0	0	1	0
LT934125.1	121979	+	0	0	0	0	0	1
LT934125.1	121981	+	1	0	0	0	1	0
LT934125.1	121983	+	0	0	0	0	1	0
LT934125.1	121984	+	1	0	0	0	0	0
LT934125.1	121994	-	0	0	1	0	0	0
LT934125.1	122002	+	1	0	0	0	0	0
LT934125.1	122019	+	0	0	0	0	1	0
LT934125.1	122020	-	0	0	1	0	2	0
LT934125.1	122025	+	0	0	0	0	1	0
LT934125.1	122027	+	0	0	0	0	5	0
LT934125.1	122028	+	1	0	1	0	0	0
LT934125.1	122029	+	0	0	0	0	1	0
LT934125.1	122033	+	1	0	0	0	1	0
LT934125.1	122035	+	0	0	0	0	2	0
LT934125.1	122038	+	1	0	0	0	0	0
LT934125.1	122042	+	0	0	0	0	1	0
LT934125.1	122043	+	1	1	1	0	0	1
LT934125.1	122060	+	0	0	0	0	0	1
LT934125.1	122072	+	0	0	0	0	2	0
LT934125.1	122079	+	0	0	0	0	1	0
LT934125.1	122080	+	0	0	0	0	1	0
LT934125.1	122084	+	0	0	1	0	0	0
LT934125.1	122085	+	0	0	0	0	2	0
LT934125.1	122085	-	0	0	0	0	0	1
LT934125.1	122087	+	0	0	0	0	0	1
LT934125.1	122096	-	0	0	1	0	0	0
LT934125.1	122101	-	1	0	0	0	1	0
LT934125.1	122104	+	0	0	0	0	1	0
LT934125.1	122116	+	1	0	0	0	0	0
LT934125.1	122119	+	2	0	2	0	5	1
LT934125.1	122128	+	0	0	0	0	1	0
LT934125.1	122128	-	0	0	1	0	0	0
LT934125.1	122133	+	0	0	0	0	1	0
LT934125.1	122162	+	0	0	0	0	1	0
LT934125.1	122163	+	0	0	0	0	1	0
LT934125.1	122164	+	0	0	0	0	6	0
LT934125.1	122176	+	0	0	0	0	0	1
LT934125.1	122180	+	0	0	0	0	1	0
LT934125.1	122182	+	0	0	1	0	0	0
LT934125.1	122185	+	1	0	0	0	0	0
LT934125.1	122191	+	0	0	0	0	1	0
LT934125.1	122207	-	0	0	1	0	0	0
LT934125.1	122215	+	0	0	1	0	0	0
LT934125.1	122227	+	0	0	1	0	0	0
LT934125.1	122228	+	0	0	0	0	2	0
LT934125.1	122243	+	0	0	0	0	3	0
LT934125.1	122244	+	1	0	0	0	0	0
LT934125.1	122249	-	0	0	1	0	0	0
LT934125.1	122250	+	1	0	1	0	0	0
LT934125.1	122250	-	0	0	0	0	1	0
LT934125.1	122251	+	0	0	0	0	1	0
LT934125.1	122252	+	1	0	0	0	0	0
LT934125.1	122257	+	0	0	0	0	2	0
LT934125.1	122260	+	0	0	0	0	1	0
LT934125.1	122303	+	2	0	7	0	1	0
LT934125.1	122304	+	12	0	2	0	20	3
LT934125.1	122305	+	8	0	0	0	5	0
LT934125.1	122339	+	1	0	0	0	0	0
LT934125.1	122343	+	0	0	0	0	1	0
LT934125.1	122345	-	0	0	0	0	1	0
LT934125.1	122380	+	0	0	0	0	1	0
LT934125.1	122403	+	0	0	0	0	1	0
LT934125.1	122405	+	0	0	3	0	0	0
LT934125.1	122407	+	0	0	0	0	1	0
LT934125.1	122413	-	0	0	1	0	0	0
LT934125.1	122421	-	0	0	0	0	1	0
LT934125.1	122425	-	0	0	0	0	1	0
LT934125.1	122431	+	1	0	0	0	0	0
LT934125.1	122433	-	0	0	1	0	0	0
LT934125.1	122434	+	0	0	0	0	1	0
LT934125.1	122439	-	2	0	0	0	0	0
LT934125.1	122440	+	1	0	0	0	0	0
LT934125.1	122454	+	0	0	0	0	1	0
LT934125.1	122455	+	1	0	0	0	0	0
LT934125.1	122463	+	0	0	0	0	2	1
LT934125.1	122464	+	0	0	1	0	1	0
LT934125.1	122465	+	3	0	0	1	4	0
LT934125.1	122466	+	2	0	2	0	2	0
LT934125.1	122470	+	1	0	0	0	0	0
LT934125.1	122472	+	0	0	0	0	1	0
LT934125.1	122473	+	0	0	0	0	9	0
LT934125.1	122473	-	0	0	0	0	1	0
LT934125.1	122474	+	1	0	6	0	1	0
LT934125.1	122481	+	0	0	0	0	1	0
LT934125.1	122490	+	0	0	1	0	0	0
LT934125.1	122506	+	0	0	0	0	1	0
LT934125.1	122507	+	0	0	0	0	1	0
LT934125.1	122513	+	0	0	1	0	0	0
LT934125.1	122515	+	0	0	1	0	2	0
LT934125.1	122516	+	1	0	0	0	0	0
LT934125.1	122521	+	1	0	11	0	1	0
LT934125.1	122522	+	7	0	0	0	18	1
LT934125.1	122528	+	0	0	0	0	1	0
LT934125.1	122529	+	0	0	0	0	2	0
LT934125.1	122530	+	0	0	1	0	0	0
LT934125.1	122531	+	1	0	0	0	0	0
LT934125.1	122542	+	1	0	0	0	0	0
LT934125.1	122547	+	0	0	0	0	2	0
LT934125.1	122549	+	0	0	2	0	0	0
LT934125.1	122560	+	0	0	0	0	1	0
LT934125.1	122581	+	0	0	0	0	1	0
LT934125.1	122597	+	0	0	0	0	1	0
LT934125.1	122598	+	1	0	0	0	0	0
LT934125.1	122600	+	1	0	0	0	0	0
LT934125.1	122611	-	0	0	1	0	0	0
LT934125.1	122612	+	1	0	1	0	0	0
LT934125.1	122621	+	2	0	0	0	0	0
LT934125.1	122626	+	0	0	0	0	1	0
LT934125.1	122628	+	0	0	0	0	1	0
LT934125.1	122630	+	0	0	1	0	0	0
LT934125.1	122637	+	0	0	1	0	0	0
LT934125.1	122643	+	0	0	0	0	1	0
LT934125.1	122656	-	0	0	0	0	1	0
LT934125.1	122657	+	0	0	4	0	0	0
LT934125.1	122657	-	0	0	1	0	0	0
LT934125.1	122662	+	1	0	0	0	0	0
LT934125.1	122668	+	0	0	0	0	1	0
LT934125.1	122678	+	0	0	0	0	1	0
LT934125.1	122703	+	0	0	0	0	1	0
LT934125.1	122708	+	0	0	1	0	0	0
LT934125.1	122731	+	1	0	0	0	0	0
LT934125.1	122741	-	1	0	0	0	0	0
LT934125.1	122758	-	0	0	1	0	0	0
LT934125.1	122781	-	1	0	0	0	0	0
LT934125.1	122789	-	0	0	1	0	0	0
LT934125.1	122812	+	0	0	1	0	0	0
LT934125.1	122840	+	0	0	1	0	0	0
LT934125.1	122855	+	0	0	1	0	0	0
LT934125.1	122876	+	0	0	1	0	0	0
LT934125.1	122885	+	0	0	0	0	2	0
LT934125.1	122902	+	0	0	1	0	0	0
LT934125.1	122919	+	0	0	11	0	0	0
LT934125.1	122920	+	0	0	0	0	2	5
LT934125.1	122922	+	2	0	1	0	25	2
LT934125.1	122923	+	0	0	0	0	2	1
LT934125.1	122924	+	0	0	0	0	1	0
LT934125.1	122925	-	0	0	0	0	2	0
LT934125.1	122927	+	1	0	0	0	0	0
LT934125.1	122928	+	0	0	0	0	1	0
LT934125.1	122929	+	0	0	1	0	0	0
LT934125.1	122946	+	0	0	0	0	0	1
LT934125.1	122949	+	0	0	1	0	0	0
LT934125.1	122956	+	0	0	0	0	3	0
LT934125.1	122959	+	0	0	1	0	0	0
LT934125.1	122960	+	1	0	0	0	3	0
LT934125.1	122964	+	0	0	2	0	0	0
LT934125.1	122972	+	0	0	1	0	0	0
LT934125.1	122973	+	0	0	0	0	0	10
LT934125.1	122976	+	58	0	1	0	0	0
LT934125.1	122977	+	0	0	3	0	2	0
LT934125.1	122978	+	8	1	27	0	29	0
LT934125.1	122979	+	4	7	208	18	508	116
LT934125.1	122980	+	3	0	5	0	8	1
LT934125.1	122981	+	32	2	82	5	190	31
LT934125.1	122983	+	5	0	15	2	30	3
LT934125.1	122985	+	0	0	2	0	3	2
LT934125.1	122988	+	0	0	0	1	1	0
LT934125.1	122989	+	0	0	0	0	0	1
LT934125.1	122990	+	0	0	0	0	1	0
LT934125.1	122994	+	0	0	0	0	1	0
LT934125.1	123007	+	0	0	1	0	0	0
LT934125.1	123024	-	0	0	0	0	1	0
LT934125.1	123038	+	0	0	1	0	0	0
LT934125.1	123111	+	0	0	0	0	2	0
LT934125.1	123115	-	0	0	0	0	1	0
LT934125.1	123116	+	0	0	1	0	0	0
LT934125.1	123158	-	0	0	0	0	1	0
LT934125.1	123195	-	0	0	0	0	1	0
LT934125.1	123204	+	0	0	1	0	0	0
LT934125.1	123205	+	0	1	0	0	2	0
LT934125.1	123273	+	0	0	0	0	0	1
LT934125.1	123282	+	0	0	0	0	0	1
LT934125.1	123283	-	0	0	0	0	2	0
LT934125.1	123285	-	0	0	0	0	1	0
LT934125.1	123320	+	0	0	0	0	1	0
LT934125.1	123320	-	0	0	0	0	1	0
LT934125.1	123339	-	0	0	0	0	1	0
LT934125.1	123349	+	0	0	1	0	0	0
LT934125.1	123381	+	0	0	1	0	0	0
LT934125.1	123404	+	0	0	0	0	1	0
LT934125.1	123407	+	0	0	0	0	1	0
LT934125.1	123420	-	1	0	0	0	0	0
LT934125.1	123422	-	0	0	1	0	0	0
LT934125.1	123444	+	0	0	1	1	0	0
LT934125.1	123445	+	3	0	0	0	1	2
LT934125.1	123464	-	0	0	0	0	1	0
LT934125.1	123476	+	0	0	0	0	0	2
LT934125.1	123478	+	1	0	0	0	0	0
LT934125.1	123487	+	0	0	1	0	0	0
LT934125.1	123500	-	0	0	1	0	0	0
LT934125.1	123512	+	0	0	0	0	1	0
LT934125.1	123514	+	0	0	1	0	0	0
LT934125.1	123541	+	0	0	1	0	0	0
LT934125.1	123562	+	1	0	0	0	0	0
LT934125.1	123571	-	0	0	0	0	1	0
LT934125.1	123578	-	0	0	0	0	1	0
LT934125.1	123581	-	0	0	0	0	1	0
LT934125.1	123590	+	0	0	0	0	1	0
LT934125.1	123596	-	1	0	0	0	0	0
LT934125.1	123600	+	0	0	0	0	1	0
LT934125.1	123618	+	0	0	1	0	1	0
LT934125.1	123619	+	1	0	0	0	4	1
LT934125.1	123635	+	1	0	0	0	0	0
LT934125.1	123637	+	2	0	0	0	0	0
LT934125.1	123655	+	1	0	0	0	0	0
LT934125.1	123660	+	0	0	0	0	1	0
LT934125.1	123670	-	0	0	0	0	1	0
LT934125.1	123682	+	0	0	0	0	1	0
LT934125.1	123713	+	0	0	0	0	1	0
LT934125.1	123716	+	0	0	2	0	0	0
LT934125.1	123717	+	1	0	0	0	1	0
LT934125.1	123727	+	0	0	0	0	1	0
LT934125.1	123731	+	1	0	0	0	0	0
LT934125.1	123738	+	0	0	0	0	1	0
LT934125.1	123739	+	0	0	1	0	0	0
LT934125.1	123742	+	0	0	1	0	0	0
LT934125.1	123744	+	0	0	0	0	1	0
LT934125.1	123750	+	0	0	0	0	1	0
LT934125.1	123753	+	0	0	1	0	0	0
LT934125.1	123758	+	0	0	0	0	1	0
LT934125.1	123802	-	1	0	0	0	0	0
LT934125.1	123819	+	0	0	1	0	0	0
LT934125.1	123820	+	0	0	0	0	1	0
LT934125.1	123823	+	0	0	1	0	0	0
LT934125.1	123825	+	1	0	0	0	0	0
LT934125.1	123827	+	1	0	0	0	0	1
LT934125.1	123870	+	1	0	1	0	0	0
LT934125.1	123873	+	0	0	1	0	0	0
LT934125.1	123874	+	0	0	1	0	0	0
LT934125.1	123907	-	0	0	0	0	1	0
LT934125.1	123936	+	0	0	0	0	1	0
LT934125.1	123942	+	0	0	1	0	0	1
LT934125.1	123960	+	0	0	0	0	1	0
LT934125.1	123975	-	0	0	0	0	1	0
LT934125.1	123977	+	0	0	0	0	0	1
LT934125.1	123979	+	0	0	0	0	1	0
LT934125.1	124011	+	0	1	0	0	0	0
LT934125.1	124014	+	1	0	0	0	1	0
LT934125.1	124049	+	2	0	0	0	0	0
LT934125.1	124056	+	0	0	2	0	0	0
LT934125.1	124077	+	1	0	0	0	0	0
LT934125.1	124082	-	0	0	0	0	0	1
LT934125.1	124091	+	1	0	0	0	0	0
LT934125.1	124094	+	0	0	0	0	1	0
LT934125.1	124095	+	1	0	0	0	0	0
LT934125.1	124111	-	0	0	0	0	1	0
LT934125.1	124125	+	0	0	0	0	1	0
LT934125.1	124152	-	0	0	0	0	1	0
LT934125.1	124162	+	0	0	1	0	0	0
LT934125.1	124165	+	0	0	0	0	1	0
LT934125.1	124179	+	0	0	1	0	0	0
LT934125.1	124194	+	0	0	1	0	0	0
LT934125.1	124195	+	0	0	0	0	0	1
LT934125.1	124203	+	1	0	0	0	0	0
LT934125.1	124219	+	0	0	0	0	0	1
LT934125.1	124228	+	0	0	0	0	1	0
LT934125.1	124232	+	0	0	1	0	0	0
LT934125.1	124248	+	0	0	0	0	1	0
LT934125.1	124260	-	0	0	0	0	1	1
LT934125.1	124264	+	1	0	0	0	0	0
LT934125.1	124273	+	0	0	1	0	0	0
LT934125.1	124278	+	0	0	2	0	0	0
LT934125.1	124281	+	0	0	0	0	2	0
LT934125.1	124282	+	0	0	2	0	0	1
LT934125.1	124283	+	1	0	0	0	0	0
LT934125.1	124291	+	1	0	0	0	0	0
LT934125.1	124298	+	1	0	1	0	0	0
LT934125.1	124301	+	0	0	0	1	0	0
LT934125.1	124303	+	1	0	0	0	0	0
LT934125.1	124331	+	0	0	10	2	0	0
LT934125.1	124332	+	6	0	2	0	2	0
LT934125.1	124333	+	0	0	0	0	3	3
LT934125.1	124334	+	0	0	0	0	0	1
LT934125.1	124335	+	1	0	0	0	0	0
LT934125.1	124336	+	0	0	0	0	2	0
LT934125.1	124341	+	0	0	1	0	0	0
LT934125.1	124342	+	0	0	1	0	0	0
LT934125.1	124346	+	0	0	0	0	1	0
LT934125.1	124350	+	0	0	1	0	0	0
LT934125.1	124350	-	0	0	0	0	1	0
LT934125.1	124352	+	1	0	0	0	1	0
LT934125.1	124366	+	1	0	2	0	0	0
LT934125.1	124369	+	0	0	0	0	0	1
LT934125.1	124370	+	0	0	1	0	0	0
LT934125.1	124371	+	4	0	0	0	1	1
LT934125.1	124373	+	0	0	2	0	0	0
LT934125.1	124381	+	0	0	0	1	0	0
LT934125.1	124383	+	0	0	0	0	2	0
LT934125.1	124384	+	0	0	0	0	0	1
LT934125.1	124385	+	3	0	4	0	4	1
LT934125.1	124389	+	0	1	0	0	0	0
LT934125.1	124390	+	1	0	1	0	0	0
LT934125.1	124394	+	0	0	0	0	1	0
LT934125.1	124404	+	9	0	0	0	0	1
LT934125.1	124405	+	0	0	0	0	2	0
LT934125.1	124406	+	4	0	2	0	1	0
LT934125.1	124407	+	0	0	2	0	5	3
LT934125.1	124408	+	1	0	6	1	0	0
LT934125.1	124409	+	12	2	0	0	12	1
LT934125.1	124411	+	0	0	0	0	3	0
LT934125.1	124412	+	3	0	1	0	0	1
LT934125.1	124414	+	0	0	1	0	0	0
LT934125.1	124427	+	0	0	1	0	2	0
LT934125.1	124428	+	1	0	0	0	0	0
LT934125.1	124448	+	0	0	0	0	1	0
LT934125.1	124454	+	1	0	1	0	0	0
LT934125.1	124455	+	2	0	0	0	2	2
LT934125.1	124481	+	0	0	1	0	0	0
LT934125.1	124482	+	1	0	0	0	2	0
LT934125.1	124486	+	0	1	0	0	1	0
LT934125.1	124487	+	0	0	1	0	1	2
LT934125.1	124488	+	0	0	5	1	1	0
LT934125.1	124489	+	5	0	0	0	10	0
LT934125.1	124499	+	0	0	0	0	1	0
LT934125.1	124501	+	0	0	1	0	0	0
LT934125.1	124502	+	1	0	0	0	1	2
LT934125.1	124519	-	0	0	0	0	1	0
LT934125.1	124521	+	0	0	1	0	0	1
LT934125.1	124522	+	0	0	0	0	1	0
LT934125.1	124523	+	0	0	0	0	0	1
LT934125.1	124524	+	1	0	0	0	2	0
LT934125.1	124528	+	1	0	0	0	0	0
LT934125.1	124529	+	0	0	0	0	1	0
LT934125.1	124531	+	0	0	0	0	1	0
LT934125.1	124536	+	1	0	0	0	0	0
LT934125.1	124542	+	0	0	0	0	4	0
LT934125.1	124563	+	0	0	3	0	2	1
LT934125.1	124565	+	0	0	2	0	1	0
LT934125.1	124566	+	2	0	0	0	1	0
LT934125.1	124567	+	0	1	0	0	0	0
LT934125.1	124569	+	0	1	0	0	0	0
LT934125.1	124571	+	0	0	0	0	2	0
LT934125.1	124573	+	0	0	1	0	0	0
LT934125.1	124574	+	0	0	0	0	1	0
LT934125.1	124575	+	0	0	3	0	0	0
LT934125.1	124576	+	1	0	0	0	1	0
LT934125.1	124579	+	0	0	1	0	0	0
LT934125.1	124587	+	0	1	0	0	1	0
LT934125.1	124588	+	0	1	0	0	0	0
LT934125.1	124593	+	0	0	1	0	0	0
LT934125.1	124594	+	1	0	0	0	0	0
LT934125.1	124595	+	1	0	0	0	1	0
LT934125.1	124598	+	1	0	1	0	0	0
LT934125.1	124609	+	0	0	0	0	1	0
LT934125.1	124611	+	0	0	0	0	0	1
LT934125.1	124613	+	1	0	1	0	0	0
LT934125.1	124614	+	4	0	0	0	2	0
LT934125.1	124616	+	1	0	3	0	1	0
LT934125.1	124617	+	1	0	0	0	1	0
LT934125.1	124629	+	0	0	1	0	0	0
LT934125.1	124637	+	0	0	0	0	1	0
LT934125.1	124638	+	0	0	0	1	0	0
LT934125.1	124648	+	0	0	0	1	0	0
LT934125.1	124655	+	0	0	1	0	0	0
LT934125.1	124673	+	0	0	0	0	0	1
LT934125.1	124675	+	0	0	1	0	0	0
LT934125.1	124678	+	1	0	1	0	0	0
LT934125.1	124679	+	3	0	0	0	1	0
LT934125.1	124686	+	0	0	1	0	0	0
LT934125.1	124691	+	0	0	0	0	1	0
LT934125.1	124692	+	1	0	6	0	0	0
LT934125.1	124700	-	0	0	0	0	7	1
LT934125.1	124701	-	0	0	0	0	2	0
LT934125.1	124703	-	0	0	0	0	2	0
LT934125.1	124704	-	6	1	19	2	93	13
LT934125.1	124705	-	0	1	0	0	74	0
LT934125.1	124707	+	1	0	0	0	0	0
LT934125.1	124710	-	0	0	0	0	2	0
LT934125.1	124725	+	1	0	0	0	0	0
LT934125.1	124736	+	0	0	3	0	0	0
LT934125.1	124737	+	1	0	5	0	2	1
LT934125.1	124738	+	5	0	0	0	1	1
LT934125.1	124740	+	1	0	0	0	4	0
LT934125.1	124747	-	1	0	0	0	0	0
LT934125.1	124751	+	0	0	0	0	11	0
LT934125.1	124752	+	0	0	0	0	11	0
LT934125.1	124753	+	0	0	0	20	0	0
LT934125.1	124754	+	2	0	2	1	0	0
LT934125.1	124756	+	145	4	609	0	1885	50
LT934125.1	124757	+	1	0	16	0	6	0
LT934125.1	124758	+	0	0	1	0	5	0
LT934125.1	124759	+	1	0	1	0	3	0
LT934125.1	124760	+	0	0	0	0	1	0
LT934125.1	124761	+	0	0	2	0	4	0
LT934125.1	124766	+	0	0	1	0	0	0
LT934125.1	124779	+	0	0	0	0	1	0
LT934125.1	124782	+	1	0	0	0	0	0
LT934125.1	124809	+	0	0	1	0	0	0
LT934125.1	124815	+	0	0	1	0	0	0
LT934125.1	124820	+	0	0	1	0	0	0
LT934125.1	124823	+	0	0	3	0	0	1
LT934125.1	124825	+	0	0	0	0	1	0
LT934125.1	124826	+	0	0	0	0	3	0
LT934125.1	124827	+	0	0	4	0	1	0
LT934125.1	124836	+	0	0	0	0	1	0
LT934125.1	124838	+	0	0	1	0	0	0
LT934125.1	124840	+	0	0	0	0	3	0
LT934125.1	124841	+	1	0	0	0	0	0
LT934125.1	124842	+	0	0	1	0	0	1
LT934125.1	124856	+	0	0	1	0	0	0
LT934125.1	124859	-	0	0	0	0	1	0
LT934125.1	124862	+	0	0	1	0	0	0
LT934125.1	124862	-	0	0	0	0	1	0
LT934125.1	124865	+	0	0	1	0	0	0
LT934125.1	124867	+	0	0	1	0	0	0
LT934125.1	124868	+	0	0	2	0	0	0
LT934125.1	124884	-	0	0	0	0	1	0
LT934125.1	124892	+	0	0	1	0	0	0
LT934125.1	124895	+	0	0	0	0	2	0
LT934125.1	124899	+	0	0	1	0	0	0
LT934125.1	124905	-	0	0	1	0	0	0
LT934125.1	124916	+	0	0	0	0	1	0
LT934125.1	124916	-	0	0	0	0	1	0
LT934125.1	124929	+	0	0	1	0	0	0
LT934125.1	124937	-	0	0	0	0	1	0
LT934125.1	124938	+	0	0	1	0	0	0
LT934125.1	124940	+	0	0	0	0	1	0
LT934125.1	124941	+	1	0	1	0	0	0
LT934125.1	124952	+	0	0	0	0	4	0
LT934125.1	124954	+	0	0	1	0	0	0
LT934125.1	124960	+	0	0	0	0	1	0
LT934125.1	124975	+	0	0	0	0	2	0
LT934125.1	124976	+	1	0	1	0	0	1
LT934125.1	124996	+	0	0	0	0	1	0
LT934125.1	125005	+	0	0	0	0	1	0
LT934125.1	125006	+	0	0	0	0	1	0
LT934125.1	125007	+	1	0	0	0	0	0
LT934125.1	125018	-	1	0	0	0	0	0
LT934125.1	125027	+	1	0	1	0	0	0
LT934125.1	125059	+	0	0	0	0	1	0
LT934125.1	125061	+	0	0	0	0	3	0
LT934125.1	125062	+	0	0	0	0	1	0
LT934125.1	125081	+	0	0	0	0	1	0
LT934125.1	125099	+	1	0	0	0	0	0
LT934125.1	125100	+	0	0	0	0	1	0
LT934125.1	125103	+	0	0	0	0	2	0
LT934125.1	125105	+	0	0	0	0	1	0
LT934125.1	125106	+	0	0	2	0	2	0
LT934125.1	125107	+	0	0	0	0	5	0
LT934125.1	125109	+	0	0	0	0	1	0
LT934125.1	125122	+	0	0	2	0	0	0
LT934125.1	125133	+	1	0	0	0	0	0
LT934125.1	125139	+	0	0	1	0	1	0
LT934125.1	125141	+	1	0	1	0	0	0
LT934125.1	125142	+	0	0	0	0	0	1
LT934125.1	125152	+	0	0	4	1	0	0
LT934125.1	125153	+	7	0	1	0	39	0
LT934125.1	125154	+	5	1	1	0	27	1
LT934125.1	125155	+	0	0	0	0	5	0
LT934125.1	125162	+	0	0	1	0	0	0
LT934125.1	125176	+	0	0	1	0	0	0
LT934125.1	125183	+	0	0	0	0	0	1
LT934125.1	125192	+	0	0	1	0	0	0
LT934125.1	125194	+	0	0	2	0	0	0
LT934125.1	125197	+	1	1	1	0	0	0
LT934125.1	125201	+	0	0	0	0	1	0
LT934125.1	125219	+	0	0	0	6	0	0
LT934125.1	125220	+	0	0	0	0	1	0
LT934125.1	125221	+	1	0	4	0	4	0
LT934125.1	125222	+	3	0	1	0	2	1
LT934125.1	125223	+	110	2	106	0	181	24
LT934125.1	125224	+	1	0	1	1	2	0
LT934125.1	125225	+	189	11	188	17	348	58
LT934125.1	125226	+	0	0	1	0	1	0
LT934125.1	125227	+	14	1	19	2	22	2
LT934125.1	125228	+	1	0	1	0	0	1
LT934125.1	125230	+	1	0	0	0	0	0
LT934125.1	125232	+	0	0	0	0	1	0
LT934125.1	125247	+	0	0	0	0	1	0
LT934125.1	125248	-	0	0	0	0	1	0
LT934125.1	125254	+	1	0	0	0	0	0
LT934125.1	125262	+	0	0	1	0	0	0
LT934125.1	125265	-	0	0	1	0	0	0
LT934125.1	125266	+	0	0	0	0	3	0
LT934125.1	125269	+	1	0	0	0	0	0
LT934125.1	125270	+	1	0	0	0	0	1
LT934125.1	125280	+	0	1	0	0	0	0
LT934125.1	125290	+	0	0	0	0	1	0
LT934125.1	125291	+	1	1	0	0	0	0
LT934125.1	125305	+	0	0	0	0	0	1
LT934125.1	125309	-	1	0	0	0	0	0
LT934125.1	125312	+	1	0	0	0	2	0
LT934125.1	125313	+	0	0	6	1	0	3
LT934125.1	125314	+	8	0	0	0	24	6
LT934125.1	125345	+	0	1	0	0	0	0
LT934125.1	125347	+	0	0	1	0	0	0
LT934125.1	125354	+	0	0	0	0	1	0
LT934125.1	125356	+	0	0	0	0	3	0
LT934125.1	125357	+	0	0	4	0	0	1
LT934125.1	125359	+	0	0	0	0	1	0
LT934125.1	125361	+	1	0	0	0	0	0
LT934125.1	125374	+	0	0	1	0	0	0
LT934125.1	125376	+	0	0	0	0	1	0
LT934125.1	125377	+	1	0	0	0	0	0
LT934125.1	125379	+	0	0	0	0	1	0
LT934125.1	125413	+	2	0	0	0	0	0
LT934125.1	125417	+	0	0	1	0	0	0
LT934125.1	125424	+	0	0	1	0	0	0
LT934125.1	125430	+	0	0	1	0	0	0
LT934125.1	125440	+	0	0	0	0	1	0
LT934125.1	125457	+	0	0	1	0	0	0
LT934125.1	125466	+	2	0	0	0	0	0
LT934125.1	125479	+	0	0	0	0	0	1
LT934125.1	125484	+	0	0	1	0	0	0
LT934125.1	125494	+	0	0	0	0	1	0
LT934125.1	125496	+	0	0	1	0	0	0
LT934125.1	125500	+	1	0	0	0	0	0
LT934125.1	125504	+	0	0	0	0	2	0
LT934125.1	125506	+	2	0	3	0	0	0
LT934125.1	125536	-	0	0	1	0	0	0
LT934125.1	125537	-	0	0	0	0	1	0
LT934125.1	125542	+	0	0	1	0	0	0
LT934125.1	125571	+	0	0	0	0	1	0
LT934125.1	125572	+	0	0	0	0	1	0
LT934125.1	125576	+	0	0	1	0	0	0
LT934125.1	125594	-	1	0	0	0	0	0
LT934125.1	125609	+	0	0	1	0	0	0
LT934125.1	125611	-	0	0	0	1	0	0
LT934125.1	125613	-	1	0	0	0	0	0
LT934125.1	125620	+	1	0	0	0	0	0
LT934125.1	125625	+	0	0	0	0	1	0
LT934125.1	125626	+	1	0	0	0	0	0
LT934125.1	125640	+	0	1	2	0	1	0
LT934125.1	125641	+	2	1	0	0	1	0
LT934125.1	125668	+	0	0	0	0	1	0
LT934125.1	125669	+	0	0	1	0	0	0
LT934125.1	125677	+	0	0	0	0	1	0
LT934125.1	125678	+	0	0	0	0	1	0
LT934125.1	125682	+	0	0	0	0	1	0
LT934125.1	125684	+	0	0	0	0	1	0
LT934125.1	125700	+	0	0	0	0	1	0
LT934125.1	125701	+	0	0	1	0	0	0
LT934125.1	125707	+	0	0	0	2	0	0
LT934125.1	125715	+	0	0	1	0	0	0
LT934125.1	125720	-	0	0	0	0	0	1
LT934125.1	125722	+	0	0	0	0	1	0
LT934125.1	125723	+	0	0	1	0	1	0
LT934125.1	125732	+	0	0	0	0	1	0
LT934125.1	125784	+	1	0	0	0	0	0
LT934125.1	125795	+	0	0	0	0	1	0
LT934125.1	125797	+	0	0	1	0	0	0
LT934125.1	125816	+	0	0	0	0	1	0
LT934125.1	125816	-	0	0	0	0	1	0
LT934125.1	125819	+	1	0	0	0	0	0
LT934125.1	125821	+	0	0	0	0	1	0
LT934125.1	125824	-	0	0	1	0	0	0
LT934125.1	125841	+	0	0	0	0	1	0
LT934125.1	125845	+	0	0	0	0	1	0
LT934125.1	125846	+	0	0	1	0	0	0
LT934125.1	125858	+	0	0	1	0	1	0
LT934125.1	125860	+	0	0	0	0	1	0
LT934125.1	125866	+	0	0	1	0	0	0
LT934125.1	125867	+	1	0	0	0	1	0
LT934125.1	125868	+	2	0	0	0	0	0
LT934125.1	125874	+	0	0	1	0	0	0
LT934125.1	125879	+	0	0	0	0	1	0
LT934125.1	125884	+	0	0	1	0	0	0
LT934125.1	125890	+	0	0	0	0	1	0
LT934125.1	125892	+	0	0	0	0	4	0
LT934125.1	125893	+	2	0	0	0	0	0
LT934125.1	125902	+	3	0	0	0	0	0
LT934125.1	125903	+	0	0	0	0	5	0
LT934125.1	125904	+	0	1	0	0	0	0
LT934125.1	125905	+	0	0	5	0	0	1
LT934125.1	125906	+	0	0	0	0	1	0
LT934125.1	125907	+	0	0	0	0	0	1
LT934125.1	125910	+	0	0	0	0	1	0
LT934125.1	125914	+	2	0	0	0	0	0
LT934125.1	125923	+	1	0	0	0	0	0
LT934125.1	125932	+	1	0	0	0	0	0
LT934125.1	125935	+	0	0	0	0	3	0
LT934125.1	125935	-	1	0	0	0	0	0
LT934125.1	125936	+	2	0	1	0	0	1
LT934125.1	125944	+	0	0	1	0	0	0
LT934125.1	125950	+	0	0	1	0	0	0
LT934125.1	125954	+	0	0	0	0	1	0
LT934125.1	125955	+	1	0	0	0	0	0
LT934125.1	125956	+	0	0	0	0	5	0
LT934125.1	125957	+	8	0	5	0	0	0
LT934125.1	125965	+	0	0	1	0	0	0
LT934125.1	125966	-	0	0	0	0	1	0
LT934125.1	125967	+	0	0	0	0	1	0
LT934125.1	125968	+	0	0	2	0	0	0
LT934125.1	125971	+	0	0	2	0	0	0
LT934125.1	125972	+	0	0	0	0	1	0
LT934125.1	125985	+	0	0	1	0	0	0
LT934125.1	125995	+	0	0	2	0	0	0
LT934125.1	126005	+	0	0	0	1	0	0
LT934125.1	126007	+	0	0	1	1	1	0
LT934125.1	126008	+	2	0	0	0	1	0
LT934125.1	126012	-	0	0	1	0	0	0
LT934125.1	126014	+	1	0	0	0	0	0
LT934125.1	126022	-	0	0	1	0	0	0
LT934125.1	126032	+	0	0	0	0	1	0
LT934125.1	126034	+	0	1	0	0	1	0
LT934125.1	126035	+	1	0	0	0	0	0
LT934125.1	126037	+	1	0	6	0	0	0
LT934125.1	126038	+	0	0	0	0	2	1
LT934125.1	126047	+	1	0	0	0	0	0
LT934125.1	126058	+	0	0	0	0	2	0
LT934125.1	126060	+	1	0	1	0	0	0
LT934125.1	126080	+	0	0	0	0	1	0
LT934125.1	126081	+	1	0	0	0	0	0
LT934125.1	126085	+	0	0	4	0	4	0
LT934125.1	126086	+	3	0	0	0	0	0
LT934125.1	126093	+	0	0	0	0	1	0
LT934125.1	126095	+	0	0	3	0	0	0
LT934125.1	126109	-	1	0	0	0	0	1
LT934125.1	126132	-	0	0	0	0	1	0
LT934125.1	126133	-	0	0	0	0	1	0
LT934125.1	126139	-	0	0	0	0	1	0
LT934125.1	126145	-	0	0	0	0	1	0
LT934125.1	126153	+	0	0	0	0	1	0
LT934125.1	126157	-	1	0	0	0	0	0
LT934125.1	126160	-	0	0	1	0	0	0
LT934125.1	126175	-	0	0	0	0	3	0
LT934125.1	126180	-	0	0	0	0	1	0
LT934125.1	126195	-	1	0	0	0	0	0
LT934125.1	126203	-	0	0	0	0	1	0
LT934125.1	126208	+	0	0	0	0	1	0
LT934125.1	126209	-	0	0	0	0	1	0
LT934125.1	126224	-	0	0	1	0	0	0
LT934125.1	126260	-	0	0	0	0	1	0
LT934125.1	126262	-	0	0	0	0	2	0
LT934125.1	126266	-	0	0	0	0	1	0
LT934125.1	126273	-	0	0	0	0	1	0
LT934125.1	126274	-	0	0	0	0	1	0
LT934125.1	126277	-	0	0	0	0	1	0
LT934125.1	126302	-	1	0	0	0	1	0
LT934125.1	126304	-	0	0	0	0	2	0
LT934125.1	126345	-	0	0	1	0	0	0
LT934125.1	126354	-	0	0	0	0	1	0
LT934125.1	126356	-	0	0	0	0	2	0
LT934125.1	126400	+	0	0	0	0	1	0
LT934125.1	126402	-	0	0	0	0	1	0
LT934125.1	126410	-	0	0	0	0	1	0
LT934125.1	126413	-	1	0	0	0	3	0
LT934125.1	126416	-	0	0	0	0	1	0
LT934125.1	126420	-	1	0	0	0	1	0
LT934125.1	126421	-	0	0	0	0	1	0
LT934125.1	126422	-	0	0	1	0	0	0
LT934125.1	126440	-	0	0	0	0	1	0
LT934125.1	126448	-	0	0	0	0	1	0
LT934125.1	126470	-	0	0	0	0	1	0
LT934125.1	126471	-	0	0	0	0	4	0
LT934125.1	126476	+	0	0	0	0	1	0
LT934125.1	126484	-	0	0	0	0	3	0
LT934125.1	126485	-	0	0	0	0	1	0
LT934125.1	126486	-	0	0	0	0	1	0
LT934125.1	126491	-	0	0	0	0	2	0
LT934125.1	126499	-	0	0	1	0	0	0
LT934125.1	126508	-	0	0	1	0	0	0
LT934125.1	126510	-	0	0	0	0	1	0
LT934125.1	126517	-	0	0	0	0	1	0
LT934125.1	126522	-	1	0	0	0	1	0
LT934125.1	126523	-	0	0	1	0	0	0
LT934125.1	126526	-	0	0	0	0	1	0
LT934125.1	126532	-	0	0	0	0	1	0
LT934125.1	126539	-	0	0	1	0	0	0
LT934125.1	126657	+	0	0	0	0	1	0
LT934125.1	126672	-	0	0	0	0	1	0
LT934125.1	126673	-	0	0	1	0	0	0
LT934125.1	126675	+	1	0	0	0	0	0
LT934125.1	126678	-	0	0	0	0	1	0
LT934125.1	126722	+	0	0	0	0	1	0
LT934125.1	126725	+	0	0	0	0	1	0
LT934125.1	126727	+	0	0	0	0	1	0
LT934125.1	126734	-	1	0	0	0	0	0
LT934125.1	126735	-	0	0	0	0	2	0
LT934125.1	126757	-	0	0	1	0	0	0
LT934125.1	126758	+	0	0	0	0	1	0
LT934125.1	126772	+	0	0	0	0	1	0
LT934125.1	126797	+	0	0	0	1	0	0
LT934125.1	126802	+	0	0	0	0	1	0
LT934125.1	126803	+	0	0	0	0	1	0
LT934125.1	126807	+	0	0	1	0	0	0
LT934125.1	126808	+	0	0	0	0	1	0
LT934125.1	126830	+	0	0	1	0	0	0
LT934125.1	126838	+	0	0	1	0	0	0
LT934125.1	126851	+	0	0	1	0	0	0
LT934125.1	126879	-	0	0	0	0	2	0
LT934125.1	126881	-	1	0	0	0	0	0
LT934125.1	126892	+	0	0	1	0	0	0
LT934125.1	126896	+	0	0	0	0	1	0
LT934125.1	126906	+	0	0	5	0	0	0
LT934125.1	126910	+	0	0	0	0	1	0
LT934125.1	126917	+	0	0	0	0	1	0
LT934125.1	126918	+	0	0	4	0	0	0
LT934125.1	126922	+	0	0	1	0	0	0
LT934125.1	126930	+	0	0	3	0	0	0
LT934125.1	126931	+	0	0	1	0	0	0
LT934125.1	126932	+	2	0	0	0	2	0
LT934125.1	126933	+	0	0	0	0	7	0
LT934125.1	126934	+	0	0	3	0	0	1
LT934125.1	126935	+	0	0	0	0	2	0
LT934125.1	126936	+	0	0	0	0	2	0
LT934125.1	126937	+	0	0	0	0	1	0
LT934125.1	126943	-	0	0	0	0	1	0
LT934125.1	126944	-	0	0	5	0	0	0
LT934125.1	126945	-	1	0	1	0	0	0
LT934125.1	126946	+	1	0	1	0	0	0
LT934125.1	126948	+	0	0	1	0	0	0
LT934125.1	126950	+	0	0	1	0	0	0
LT934125.1	126955	+	0	0	1	0	0	1
LT934125.1	126959	-	0	0	0	0	0	1
LT934125.1	126962	+	0	0	0	0	2	0
LT934125.1	126964	+	1	0	5	0	0	0
LT934125.1	126964	-	0	0	0	0	1	0
LT934125.1	126969	+	0	0	0	0	1	0
LT934125.1	126970	+	1	0	4	0	0	0
LT934125.1	126975	-	0	0	0	0	2	0
LT934125.1	126978	-	0	0	1	0	0	0
LT934125.1	126979	+	0	0	0	0	2	0
LT934125.1	126981	-	1	0	0	0	0	1
LT934125.1	126982	+	2	0	0	0	0	1
LT934125.1	126988	+	10	0	0	0	0	1
LT934125.1	126989	+	0	0	0	0	9	0
LT934125.1	126989	-	2	0	0	0	0	0
LT934125.1	126991	+	0	0	9	0	0	0
LT934125.1	126991	-	0	0	0	0	1	0
LT934125.1	126992	+	1	0	0	0	1	0
LT934125.1	126995	+	0	0	1	0	0	0
LT934125.1	126996	-	2	0	0	0	1	0
LT934125.1	126997	+	0	0	0	0	2	0
LT934125.1	126997	-	12	0	3	0	5	3
LT934125.1	126998	-	68	2	6	1	33	10
LT934125.1	126999	-	5	0	63	2	4	1
LT934125.1	127000	+	0	0	0	0	1	0
LT934125.1	127000	-	0	0	9	0	0	1
LT934125.1	127001	+	0	0	0	0	3	0
LT934125.1	127001	-	0	0	1	0	0	0
LT934125.1	127002	-	1	0	0	0	0	0
LT934125.1	127003	+	1	0	1	0	0	0
LT934125.1	127007	+	1	0	0	0	0	0
LT934125.1	127008	-	2	0	0	0	0	0
LT934125.1	127010	+	0	0	2	0	0	0
LT934125.1	127014	-	0	0	0	0	1	0
LT934125.1	127015	-	0	0	2	0	1	2
LT934125.1	127020	-	1	0	0	0	4	0
LT934125.1	127021	-	1	0	2	0	2	0
LT934125.1	127022	+	0	0	0	0	1	0
LT934125.1	127023	-	0	0	0	0	1	0
LT934125.1	127024	-	0	0	1	0	0	0
LT934125.1	127025	+	0	0	1	0	0	0
LT934125.1	127026	-	4	0	0	0	1	0
LT934125.1	127027	+	0	0	3	0	0	0
LT934125.1	127029	-	1	0	0	0	1	0
LT934125.1	127030	+	0	0	0	0	1	0
LT934125.1	127030	-	0	0	2	0	0	0
LT934125.1	127032	+	1	0	0	0	0	0
LT934125.1	127034	-	0	0	0	0	1	0
LT934125.1	127035	-	0	0	1	0	0	0
LT934125.1	127036	+	0	0	0	0	1	0
LT934125.1	127036	-	1	0	0	0	0	0
LT934125.1	127038	+	0	0	0	0	2	0
LT934125.1	127038	-	1	0	1	0	0	0
LT934125.1	127041	-	0	0	0	0	1	0
LT934125.1	127042	-	0	0	4	0	0	0
LT934125.1	127044	+	0	0	0	0	2	0
LT934125.1	127044	-	1	0	0	0	2	1
LT934125.1	127045	+	0	0	2	0	0	1
LT934125.1	127045	-	0	0	0	0	1	0
LT934125.1	127047	-	1	1	3	0	0	0
LT934125.1	127050	+	0	0	0	0	1	0
LT934125.1	127050	-	0	0	2	0	0	0
LT934125.1	127051	+	0	0	1	0	1	2
LT934125.1	127051	-	0	0	0	0	2	0
LT934125.1	127052	-	0	2	0	0	0	0
LT934125.1	127053	-	1	0	0	0	2	0
LT934125.1	127054	-	0	0	0	0	2	0
LT934125.1	127055	-	3	0	1	0	0	0
LT934125.1	127056	-	0	0	1	0	1	0
LT934125.1	127057	-	0	0	0	0	1	0
LT934125.1	127058	+	0	0	0	0	1	0
LT934125.1	127059	-	11	0	0	0	3	0
LT934125.1	127060	-	2	0	7	0	3	1
LT934125.1	127062	-	4	0	3	1	0	0
LT934125.1	127063	-	0	0	0	0	3	0
LT934125.1	127065	-	2	0	0	0	5	0
LT934125.1	127066	-	1	0	3	2	0	0
LT934125.1	127068	-	0	0	1	0	0	0
LT934125.1	127070	+	0	0	1	0	0	0
LT934125.1	127071	-	8	0	2	0	4	0
LT934125.1	127074	+	0	0	0	0	3	0
LT934125.1	127074	-	2	0	3	0	1	0
LT934125.1	127075	+	0	0	2	0	0	0
LT934125.1	127075	-	0	0	0	0	4	0
LT934125.1	127077	-	3	1	4	0	2	1
LT934125.1	127080	-	17	2	0	0	14	0
LT934125.1	127081	-	4	0	26	0	2	0
LT934125.1	127083	-	3	0	4	0	4	2
LT934125.1	127084	-	0	0	0	0	2	0
LT934125.1	127086	-	23	6	0	0	23	3
LT934125.1	127087	-	26	0	22	0	18	2
LT934125.1	127088	-	7	0	19	1	0	3
LT934125.1	127089	-	4	0	9	0	0	0
LT934125.1	127090	-	0	0	0	0	2	0
LT934125.1	127091	-	0	0	0	0	7	0
LT934125.1	127092	-	16	1	1	0	15	2
LT934125.1	127093	-	3	0	14	0	4	0
LT934125.1	127094	-	0	0	2	0	5	1
LT934125.1	127095	-	1	0	10	1	1	0
LT934125.1	127096	-	0	0	0	0	1	0
LT934125.1	127097	-	8	0	0	0	0	0
LT934125.1	127098	-	0	0	2	1	0	0
LT934125.1	127101	-	1	0	0	0	2	0
LT934125.1	127102	-	0	0	0	0	1	0
LT934125.1	127104	-	3	0	0	0	2	0
LT934125.1	127105	-	0	0	4	0	1	0
LT934125.1	127106	-	0	0	0	0	4	0
LT934125.1	127107	-	0	0	3	0	0	0
LT934125.1	127109	-	6	0	0	0	3	0
LT934125.1	127110	-	7	0	4	0	10	0
LT934125.1	127111	-	2	0	16	0	1	0
LT934125.1	127112	+	0	0	1	0	0	0
LT934125.1	127112	-	0	0	0	0	1	0
LT934125.1	127113	-	0	0	1	0	0	0
LT934125.1	127115	-	29	1	0	1	25	0
LT934125.1	127116	-	56	2	22	0	66	11
LT934125.1	127117	-	0	0	64	3	0	0
LT934125.1	127118	-	0	0	0	0	0	2
LT934125.1	127119	-	9	1	9	1	2	0
LT934125.1	127121	-	14	0	0	0	0	3
LT934125.1	127122	-	14	0	31	0	14	4
LT934125.1	127123	-	0	0	0	0	22	0
LT934125.1	127124	-	0	0	0	0	11	0
LT934125.1	127125	-	1	0	0	0	1	0
LT934125.1	127126	-	0	0	6	0	0	0
LT934125.1	127127	-	0	0	0	0	2	0
LT934125.1	127130	+	0	0	0	0	1	0
LT934125.1	127130	-	1	0	0	0	0	0
LT934125.1	127131	-	81	0	78	4	0	4
LT934125.1	127132	-	0	0	0	0	126	0
LT934125.1	127133	-	0	4	0	0	1	0
LT934125.1	127134	-	4	0	0	0	6	1
LT934125.1	127135	-	2	1	1	0	0	0
LT934125.1	127137	-	1	0	0	0	1	0
LT934125.1	127139	-	0	0	0	0	2	0
LT934125.1	127141	+	0	0	1	0	0	0
LT934125.1	127142	+	1	1	0	0	4	0
LT934125.1	127143	+	0	0	0	0	1	0
LT934125.1	127146	-	1	0	0	0	0	0
LT934125.1	127150	-	1	0	2	0	6	0
LT934125.1	127151	-	3	0	0	0	0	0
LT934125.1	127152	-	30	0	22	1	0	8
LT934125.1	127153	+	0	0	2	0	0	0
LT934125.1	127153	-	0	0	0	0	29	0
LT934125.1	127154	-	0	1	0	0	0	0
LT934125.1	127155	-	2	0	5	0	2	0
LT934125.1	127156	-	0	0	0	0	3	0
LT934125.1	127158	-	4	0	4	0	2	0
LT934125.1	127159	-	0	0	0	0	7	0
LT934125.1	127161	-	4	0	9	0	0	0
LT934125.1	127162	-	0	0	0	0	6	0
LT934125.1	127163	-	18	0	0	0	33	3
LT934125.1	127164	-	3	0	26	1	2	1
LT934125.1	127166	-	0	0	2	0	0	0
LT934125.1	127167	-	0	0	1	0	0	0
LT934125.1	127168	+	0	0	1	0	0	0
LT934125.1	127169	-	2	0	3	0	3	2
LT934125.1	127170	-	1	0	0	0	0	1
LT934125.1	127173	-	22	1	0	0	22	6
LT934125.1	127174	+	0	0	1	0	0	0
LT934125.1	127174	-	9	0	15	2	9	0
LT934125.1	127175	+	0	0	0	0	26	0
LT934125.1	127175	-	1	0	9	0	0	0
LT934125.1	127176	-	2	0	1	0	0	0
LT934125.1	127177	+	14	0	15	2	0	6
LT934125.1	127177	-	0	0	0	1	2	0
LT934125.1	127178	-	0	0	0	0	5	0
LT934125.1	127179	-	1	0	2	0	3	0
LT934125.1	127183	+	0	0	1	0	0	0
LT934125.1	127183	-	0	0	0	0	1	0
LT934125.1	127185	-	17	0	19	0	1	3
LT934125.1	127186	+	1	0	0	0	0	0
LT934125.1	127186	-	0	0	0	0	29	0
LT934125.1	127188	-	20	0	0	0	23	2
LT934125.1	127189	-	6	0	25	0	22	3
LT934125.1	127190	-	43	3	10	0	0	9
LT934125.1	127191	-	7	0	25	1	2	3
LT934125.1	127192	+	2	0	0	0	0	0
LT934125.1	127192	-	0	0	1	0	9	0
LT934125.1	127193	+	1	0	0	0	1	1
LT934125.1	127193	-	0	0	0	0	35	0
LT934125.1	127194	+	1	0	0	0	0	0
LT934125.1	127194	-	17	0	0	0	28	8
LT934125.1	127195	-	2	1	22	0	3	0
LT934125.1	127197	-	3	0	0	0	5	0
LT934125.1	127198	-	2	0	4	0	3	0
LT934125.1	127200	-	2	0	1	0	1	0
LT934125.1	127201	+	0	0	1	0	0	0
LT934125.1	127201	-	0	0	0	0	3	0
LT934125.1	127202	-	0	1	0	0	0	0
LT934125.1	127203	-	2	0	0	0	8	2
LT934125.1	127204	-	0	0	11	0	0	0
LT934125.1	127206	-	1	0	2	0	0	0
LT934125.1	127207	+	0	0	1	0	0	0
LT934125.1	127207	-	0	0	0	0	3	0
LT934125.1	127209	-	4	0	8	0	1	1
LT934125.1	127210	+	1	0	0	0	0	0
LT934125.1	127210	-	0	0	0	0	10	0
LT934125.1	127211	-	1	1	1	0	0	0
LT934125.1	127212	-	5	0	0	0	4	2
LT934125.1	127213	-	0	0	8	0	2	0
LT934125.1	127214	+	0	0	0	0	1	0
LT934125.1	127215	-	1	0	1	0	2	1
LT934125.1	127216	+	0	0	1	0	0	0
LT934125.1	127216	-	0	0	0	0	3	0
LT934125.1	127218	-	29	2	0	0	31	5
LT934125.1	127219	-	3	0	24	0	2	1
LT934125.1	127220	-	1	0	0	0	0	0
LT934125.1	127221	-	6	0	0	0	5	2
LT934125.1	127222	-	0	0	10	1	2	0
LT934125.1	127224	-	6	0	6	0	1	1
LT934125.1	127225	+	1	0	1	1	0	0
LT934125.1	127225	-	1	0	0	0	2	0
LT934125.1	127227	+	0	0	2	0	0	0
LT934125.1	127228	-	1	0	0	0	2	0
LT934125.1	127229	+	0	1	0	0	0	0
LT934125.1	127229	-	1	0	0	0	0	0
LT934125.1	127230	+	0	0	0	0	5	0
LT934125.1	127230	-	4	0	4	1	1	2
LT934125.1	127231	+	1	0	4	0	0	0
LT934125.1	127231	-	0	0	0	0	10	0
LT934125.1	127232	-	0	0	0	0	1	0
LT934125.1	127233	+	0	0	0	0	10	0
LT934125.1	127233	-	6	0	0	0	0	0
LT934125.1	127234	-	3	0	4	0	2	1
LT934125.1	127235	+	6	0	6	1	0	0
LT934125.1	127235	-	0	0	0	0	7	0
LT934125.1	127236	-	0	0	0	0	1	0
LT934125.1	127237	+	0	0	0	0	1	0
LT934125.1	127237	-	1	0	0	0	4	0
LT934125.1	127239	-	216	16	0	0	236	50
LT934125.1	127240	-	8	0	199	8	16	1
LT934125.1	127241	+	0	0	0	0	4	0
LT934125.1	127241	-	4	0	6	0	0	0
LT934125.1	127242	-	3	0	12	0	6	0
LT934125.1	127243	+	0	0	2	0	0	0
LT934125.1	127243	-	0	0	0	0	14	0
LT934125.1	127244	+	0	0	0	0	1	0
LT934125.1	127244	-	0	0	0	0	6	0
LT934125.1	127245	+	1	0	0	0	12	0
LT934125.1	127245	-	0	0	0	0	6	0
LT934125.1	127246	-	3	0	4	0	2	0
LT934125.1	127248	-	4	0	6	0	11	1
LT934125.1	127249	+	3	0	5	0	0	1
LT934125.1	127249	-	0	0	0	0	8	0
LT934125.1	127250	+	0	0	1	0	2	0
LT934125.1	127251	+	0	0	0	0	4	0
LT934125.1	127251	-	42	1	0	0	62	5
LT934125.1	127252	-	8	0	37	1	8	0
LT934125.1	127253	-	24	0	5	0	44	6
LT934125.1	127254	+	3	0	0	0	0	0
LT934125.1	127254	-	1	0	28	0	3	0
LT934125.1	127257	-	17	0	0	0	14	4
LT934125.1	127258	+	0	0	1	0	0	0
LT934125.1	127258	-	5	0	14	1	8	0
LT934125.1	127260	+	5	0	0	0	1	0
LT934125.1	127260	-	1	0	1	1	5	1
LT934125.1	127262	-	0	0	0	0	1	0
LT934125.1	127263	-	11	1	0	0	9	2
LT934125.1	127264	-	5	0	16	0	2	1
LT934125.1	127265	+	1	0	0	0	0	0
LT934125.1	127266	-	4	0	1	0	6	1
LT934125.1	127267	+	0	0	1	0	0	0
LT934125.1	127267	-	1	0	6	0	0	1
LT934125.1	127269	+	1	1	0	0	42	0
LT934125.1	127269	-	3	0	4	1	1	1
LT934125.1	127270	+	36	0	69	1	0	3
LT934125.1	127270	-	0	0	0	0	4	0
LT934125.1	127271	-	0	1	0	0	0	0
LT934125.1	127272	+	1	0	0	0	2	0
LT934125.1	127272	-	0	0	1	0	2	0
LT934125.1	127273	-	0	0	2	0	0	0
LT934125.1	127274	+	1	0	0	0	0	1
LT934125.1	127275	-	2	0	4	0	2	0
LT934125.1	127276	-	0	0	3	0	3	0
LT934125.1	127277	-	0	0	0	0	1	0
LT934125.1	127278	+	0	0	0	0	1	0
LT934125.1	127278	-	5	0	1	0	10	1
LT934125.1	127279	-	1	0	10	0	2	0
LT934125.1	127280	-	0	0	1	0	0	0
LT934125.1	127281	-	6	0	1	0	2	0
LT934125.1	127282	-	0	0	1	0	1	1
LT934125.1	127284	-	20	1	0	0	25	2
LT934125.1	127285	+	0	0	0	0	1	0
LT934125.1	127285	-	69	4	21	1	109	22
LT934125.1	127286	-	315	16	83	5	383	0
LT934125.1	127287	-	17	0	298	18	23	2
LT934125.1	127288	-	4	0	10	0	5	1
LT934125.1	127289	-	0	0	1	0	0	72
LT934125.1	127290	-	4	0	0	0	6	0
LT934125.1	127291	-	0	0	0	0	4	0
LT934125.1	127293	-	4	0	7	0	1	0
LT934125.1	127294	+	0	0	0	0	1	0
LT934125.1	127294	-	1	0	0	0	3	0
LT934125.1	127296	-	5	0	0	0	3	1
LT934125.1	127297	-	1	0	6	0	0	0
LT934125.1	127299	+	0	1	0	0	2	0
LT934125.1	127299	-	3	0	3	0	2	0
LT934125.1	127300	+	1	0	2	0	1	0
LT934125.1	127300	-	0	0	0	0	1	0
LT934125.1	127302	-	6	0	2	0	3	0
LT934125.1	127303	+	0	0	0	0	1	0
LT934125.1	127303	-	0	0	1	0	1	0
LT934125.1	127305	-	13	0	0	0	16	1
LT934125.1	127306	+	0	0	1	0	0	0
LT934125.1	127306	-	5	1	26	0	7	1
LT934125.1	127308	-	2	0	2	0	6	1
LT934125.1	127309	-	0	0	0	0	0	2
LT934125.1	127311	-	28	0	0	0	29	3
LT934125.1	127312	-	23	1	38	2	19	4
LT934125.1	127313	+	0	0	0	0	3	0
LT934125.1	127313	-	11	0	18	0	0	3
LT934125.1	127314	-	1	0	13	0	0	0
LT934125.1	127315	+	1	0	1	0	0	0
LT934125.1	127315	-	0	0	0	3	2	0
LT934125.1	127316	-	0	0	0	0	11	0
LT934125.1	127317	-	1	0	0	0	2	1
LT934125.1	127318	-	1	0	0	0	0	0
LT934125.1	127320	-	4	0	0	0	3	2
LT934125.1	127321	-	7	1	10	1	3	0
LT934125.1	127323	-	1	0	1	0	3	1
LT934125.1	127326	-	0	0	4	0	0	0
LT934125.1	127327	-	0	0	0	0	2	0
LT934125.1	127329	-	6	0	1	0	9	1
LT934125.1	127330	-	2	0	23	0	1	0
LT934125.1	127332	-	2	0	5	0	0	0
LT934125.1	127333	-	0	0	0	0	2	0
LT934125.1	127334	-	1	0	0	0	0	0
LT934125.1	127335	-	11	0	1	0	10	1
LT934125.1	127336	-	0	0	13	0	1	0
LT934125.1	127338	-	10	0	0	0	18	2
LT934125.1	127339	-	7	1	7	2	5	6
LT934125.1	127340	-	4	0	4	1	0	2
LT934125.1	127341	-	3	0	18	0	2	1
LT934125.1	127342	+	1	0	0	0	0	0
LT934125.1	127342	-	0	0	0	0	11	0
LT934125.1	127343	-	0	0	0	0	11	0
LT934125.1	127344	-	3	0	2	0	1	0
LT934125.1	127345	-	0	0	0	0	1	0
LT934125.1	127347	-	19	0	0	0	13	4
LT934125.1	127348	+	0	0	0	0	1	0
LT934125.1	127348	-	2	0	14	0	4	0
LT934125.1	127349	-	0	0	0	0	21	6
LT934125.1	127350	-	4	0	22	0	3	0
LT934125.1	127351	-	1	0	1	0	6	0
LT934125.1	127352	-	9	1	1	1	3	0
LT934125.1	127353	-	4	0	1	0	0	0
LT934125.1	127354	-	0	0	9	0	2	0
LT934125.1	127355	-	6	0	0	0	0	0
LT934125.1	127356	-	4	0	0	0	2	1
LT934125.1	127357	-	2	0	4	0	0	1
LT934125.1	127358	-	0	1	0	0	3	0
LT934125.1	127360	+	1	0	0	0	0	0
LT934125.1	127361	-	0	0	0	0	3	0
LT934125.1	127362	-	29	0	33	2	1	7
LT934125.1	127363	-	0	0	0	0	45	0
LT934125.1	127364	-	1	0	1	0	0	1
LT934125.1	127368	-	0	0	0	0	1	0
LT934125.1	127371	-	0	0	1	0	0	0
LT934125.1	127374	-	1	0	0	0	0	0
LT934125.1	127375	-	34	1	29	2	20	1
LT934125.1	127377	-	19	0	20	0	0	7
LT934125.1	127379	-	0	0	0	0	22	0
LT934125.1	127381	-	3	0	3	0	0	0
LT934125.1	127382	-	0	0	0	0	1	0
LT934125.1	127383	-	7	0	12	0	1	2
LT934125.1	127384	-	0	1	0	0	8	0
LT934125.1	127386	-	1	0	14	0	1	2
LT934125.1	127389	-	0	0	0	0	4	0
LT934125.1	127391	-	1	0	0	0	0	0
LT934125.1	127395	-	6	0	0	0	2	0
LT934125.1	127396	-	0	0	4	0	0	0
LT934125.1	127397	-	0	0	0	0	1	0
LT934125.1	127398	-	1	0	0	0	0	0
LT934125.1	127399	-	8	0	9	0	0	2
LT934125.1	127400	-	5	0	0	0	2	0
LT934125.1	127401	-	0	0	90	0	0	2
LT934125.1	127402	-	0	6	0	0	0	0
LT934125.1	127403	-	0	0	0	0	87	0
LT934125.1	127404	-	87	0	0	2	0	0
LT934125.1	127405	+	0	0	0	0	1	0
LT934125.1	127405	-	0	0	0	0	3	0
LT934125.1	127407	-	4	0	3	0	1	0
LT934125.1	127408	-	3	1	3	0	5	1
LT934125.1	127410	-	16	0	0	0	21	2
LT934125.1	127411	-	3	1	14	1	5	1
LT934125.1	127413	-	1	0	3	0	2	0
LT934125.1	127414	-	0	0	0	0	1	0
LT934125.1	127416	-	1	0	1	0	0	0
LT934125.1	127417	-	1	0	0	0	2	0
LT934125.1	127419	-	2	0	2	0	0	1
LT934125.1	127420	-	1	0	0	0	4	0
LT934125.1	127421	-	0	1	0	0	0	0
LT934125.1	127422	-	1	0	1	0	0	0
LT934125.1	127424	-	3	1	14	0	10	0
LT934125.1	127425	-	10	0	0	0	0	0
LT934125.1	127426	-	0	0	2	0	4	0
LT934125.1	127427	-	0	0	0	0	0	2
LT934125.1	127428	-	4	1	0	0	11	7
LT934125.1	127429	-	4	0	15	0	3	1
LT934125.1	127430	-	0	0	0	0	0	1
LT934125.1	127431	-	43	1	1	0	51	12
LT934125.1	127432	-	6	0	61	8	8	1
LT934125.1	127433	-	4	0	7	0	3	0
LT934125.1	127434	-	1	0	1	0	5	0
LT934125.1	127436	-	0	0	1	0	0	0
LT934125.1	127437	-	0	0	2	0	1	0
LT934125.1	127438	-	0	0	1	0	0	0
LT934125.1	127439	-	0	0	0	0	1	0
LT934125.1	127441	-	0	0	2	0	0	0
LT934125.1	127442	-	0	0	0	1	0	0
LT934125.1	127443	-	0	0	0	0	1	0
LT934125.1	127445	-	2	0	0	0	1	0
LT934125.1	127446	-	2	0	1	0	3	1
LT934125.1	127447	-	0	0	7	0	0	0
LT934125.1	127450	-	0	0	0	0	1	0
LT934125.1	127452	-	4	0	5	0	4	0
LT934125.1	127455	-	5	0	0	0	2	0
LT934125.1	127456	-	0	0	4	0	0	1
LT934125.1	127458	-	0	0	0	0	5	0
LT934125.1	127459	-	3	0	0	0	0	0
LT934125.1	127461	-	0	0	0	0	1	0
LT934125.1	127462	-	0	0	0	0	2	0
LT934125.1	127467	-	0	0	1	0	0	0
LT934125.1	127470	-	2	0	1	0	0	0
LT934125.1	127472	-	9	0	12	0	1	3
LT934125.1	127473	-	0	1	0	0	10	0
LT934125.1	127474	-	4	0	7	2	0	1
LT934125.1	127475	-	2	0	1	0	0	0
LT934125.1	127476	-	0	0	1	0	8	0
LT934125.1	127478	-	0	0	0	0	5	0
LT934125.1	127485	-	11	0	21	0	2	0
LT934125.1	127486	-	0	0	0	0	5	0
LT934125.1	127488	-	0	0	0	1	0	0
LT934125.1	127490	-	53	0	50	3	0	0
LT934125.1	127491	-	0	2	0	0	64	0
LT934125.1	127492	-	1	0	0	0	0	0
LT934125.1	127493	-	0	0	0	0	0	15
LT934125.1	127494	-	1	0	0	0	0	0
LT934125.1	127500	-	0	0	0	0	1	0
LT934125.1	127501	-	1	0	0	0	1	0
LT934125.1	127503	-	0	0	0	0	1	0
LT934125.1	127505	-	0	0	0	0	0	2
LT934125.1	127506	-	0	0	0	0	2	0
LT934125.1	127507	-	0	0	1	0	0	0
LT934125.1	127510	-	0	0	0	0	0	1
LT934125.1	127511	-	0	0	0	0	3	0
LT934125.1	127512	-	0	0	2	0	1	0
LT934125.1	127513	-	0	0	0	0	1	0
LT934125.1	127515	-	0	0	1	0	0	1
LT934125.1	127517	-	4	0	0	0	0	1
LT934125.1	127518	-	0	0	0	0	1	0
LT934125.1	127519	-	0	0	0	0	1	0
LT934125.1	127520	-	0	0	1	0	0	0
LT934125.1	127522	-	4	0	1	0	0	0
LT934125.1	127524	-	0	0	0	0	2	0
LT934125.1	127525	-	0	0	0	0	1	0
LT934125.1	127527	-	2	0	0	0	1	0
LT934125.1	127528	+	0	0	0	0	1	0
LT934125.1	127528	-	0	0	0	0	2	0
LT934125.1	127530	-	0	0	0	0	0	1
LT934125.1	127532	-	1	0	2	1	4	1
LT934125.1	127534	-	0	0	2	0	3	0
LT934125.1	127536	-	2	0	5	0	0	0
LT934125.1	127537	-	0	0	0	0	1	0
LT934125.1	127538	-	0	0	1	0	2	0
LT934125.1	127539	+	0	0	0	0	1	0
LT934125.1	127539	-	0	0	0	0	1	0
LT934125.1	127546	-	0	0	1	0	0	0
LT934125.1	127552	-	0	1	1	0	0	0
LT934125.1	127553	-	0	0	0	0	0	2
LT934125.1	127557	-	0	0	1	0	0	0
LT934125.1	127558	-	0	0	1	0	0	0
LT934125.1	127559	-	0	0	3	0	2	1
LT934125.1	127561	-	3	0	1	0	2	0
LT934125.1	127562	-	0	0	4	0	5	0
LT934125.1	127563	-	0	0	1	0	1	2
LT934125.1	127565	-	1	0	0	0	0	0
LT934125.1	127573	-	0	0	1	1	1	0
LT934125.1	127575	-	0	0	1	0	0	0
LT934125.1	127576	-	0	0	1	0	0	0
LT934125.1	127578	+	0	0	1	0	1	0
LT934125.1	127578	-	0	0	1	0	0	0
LT934125.1	127580	-	2	0	6	0	7	1
LT934125.1	127582	-	0	0	1	0	1	0
LT934125.1	127583	+	0	0	1	0	0	0
LT934125.1	127583	-	1	0	0	1	2	0
LT934125.1	127584	-	0	0	0	0	2	1
LT934125.1	127585	-	0	0	0	0	1	0
LT934125.1	127586	-	1	0	2	0	0	1
LT934125.1	127588	-	1	0	1	0	0	0
LT934125.1	127589	-	0	0	0	0	1	0
LT934125.1	127595	-	26	2	0	0	16	2
LT934125.1	127596	-	1	0	10	1	3	1
LT934125.1	127598	+	0	0	1	0	0	0
LT934125.1	127599	-	0	0	6	0	0	0
LT934125.1	127603	-	0	0	0	0	1	0
LT934125.1	127609	+	0	0	1	0	1	0
LT934125.1	127611	-	3	0	3	0	3	0
LT934125.1	127612	-	2	0	0	0	0	0
LT934125.1	127614	-	0	0	1	0	0	0
LT934125.1	127615	-	0	0	1	0	0	0
LT934125.1	127617	-	0	0	0	1	0	0
LT934125.1	127622	-	0	0	1	0	0	0
LT934125.1	127623	-	0	0	0	0	0	1
LT934125.1	127625	-	0	0	1	0	0	0
LT934125.1	127626	-	0	0	1	0	0	0
LT934125.1	127627	-	0	0	2	0	4	0
LT934125.1	127633	+	0	0	0	0	3	0
LT934125.1	127633	-	0	0	0	0	1	0
LT934125.1	127635	-	0	0	0	0	1	0
LT934125.1	127636	-	0	0	0	0	1	0
LT934125.1	127637	+	0	0	0	0	1	0
LT934125.1	127641	-	20	0	18	1	3	3
LT934125.1	127642	-	0	1	0	0	27	0
LT934125.1	127643	-	14	2	0	0	28	5
LT934125.1	127644	-	1	0	14	1	0	1
LT934125.1	127645	-	0	0	2	1	0	0
LT934125.1	127646	-	0	0	0	0	2	0
LT934125.1	127647	-	0	2	0	0	0	0
LT934125.1	127648	-	0	0	0	0	1	0
LT934125.1	127650	-	14	0	8	0	0	5
LT934125.1	127651	-	0	0	0	0	12	0
LT934125.1	127655	-	0	0	0	0	1	0
LT934125.1	127659	-	1	1	0	0	0	0
LT934125.1	127665	-	0	0	1	0	0	1
LT934125.1	127668	-	2	0	0	0	0	0
LT934125.1	127671	-	0	0	0	0	1	0
LT934125.1	127673	-	0	0	0	0	5	0
LT934125.1	127674	-	1	0	8	0	0	1
LT934125.1	127675	-	0	0	0	0	4	0
LT934125.1	127676	-	4	0	2	0	0	0
LT934125.1	127677	-	0	0	0	1	0	0
LT934125.1	127682	-	0	0	0	0	1	0
LT934125.1	127685	-	2	0	0	0	0	0
LT934125.1	127686	-	0	1	0	0	0	0
LT934125.1	127692	-	5	0	8	0	0	2
LT934125.1	127693	-	0	0	0	0	10	0
LT934125.1	127697	-	0	0	0	0	4	0
LT934125.1	127698	-	4	0	0	1	8	2
LT934125.1	127699	-	0	0	10	0	0	0
LT934125.1	127700	-	0	0	0	0	1	0
LT934125.1	127706	-	3	0	3	0	0	1
LT934125.1	127707	-	0	1	0	0	7	0
LT934125.1	127708	-	0	0	0	0	1	0
LT934125.1	127709	-	0	0	0	0	1	0
LT934125.1	127716	-	0	0	0	1	0	0
LT934125.1	127719	-	0	0	0	0	0	1
LT934125.1	127721	-	0	0	1	0	0	0
LT934125.1	127723	+	0	0	0	0	1	0
LT934125.1	127723	-	1	0	0	0	0	0
LT934125.1	127725	-	0	0	1	0	0	0
LT934125.1	127730	-	0	0	0	0	1	0
LT934125.1	127735	-	0	0	0	0	1	0
LT934125.1	127738	-	1	0	0	0	0	0
LT934125.1	127741	-	1	0	0	0	0	0
LT934125.1	127743	-	9	0	5	1	0	4
LT934125.1	127744	-	0	2	0	0	1	0
LT934125.1	127745	-	0	0	0	0	0	1
LT934125.1	127746	-	1	0	1	0	0	0
LT934125.1	127749	-	0	0	1	0	0	0
LT934125.1	127753	+	0	0	0	0	1	0
LT934125.1	127754	-	0	0	1	0	0	1
LT934125.1	127755	-	0	0	0	0	1	0
LT934125.1	127756	-	1	0	0	0	0	0
LT934125.1	127757	-	1	0	0	0	2	0
LT934125.1	127758	-	0	0	1	0	1	0
LT934125.1	127761	-	0	0	0	0	0	1
LT934125.1	127763	+	0	0	1	0	0	0
LT934125.1	127767	-	1	0	0	0	0	1
LT934125.1	127769	-	2	0	1	0	0	0
LT934125.1	127770	-	0	0	0	0	3	0
LT934125.1	127772	-	0	0	0	0	1	0
LT934125.1	127773	-	0	0	0	0	1	0
LT934125.1	127774	-	2	0	5	0	3	1
LT934125.1	127776	-	0	0	0	0	1	0
LT934125.1	127777	-	1	0	0	0	3	0
LT934125.1	127779	-	0	0	1	0	0	0
LT934125.1	127781	-	0	0	0	0	2	0
LT934125.1	127792	-	0	0	0	0	1	0
LT934125.1	127796	-	0	0	1	0	0	0
LT934125.1	127803	-	1	0	0	0	0	0
LT934125.1	127805	-	0	0	0	0	1	0
LT934125.1	127823	-	8	0	11	0	1	6
LT934125.1	127824	-	0	4	0	0	12	0
LT934125.1	127825	-	0	0	0	0	1	0
LT934125.1	127839	+	1	0	0	0	0	0
LT934125.1	127840	-	1	0	0	0	0	0
LT934125.1	127851	-	0	0	0	0	1	0
LT934125.1	127854	-	1	0	1	0	0	0
LT934125.1	127855	+	0	0	0	0	0	1
LT934125.1	127856	+	0	0	0	1	0	0
LT934125.1	127856	-	0	0	0	0	3	0
LT934125.1	127859	+	0	0	0	0	1	0
LT934125.1	127861	-	1	0	0	0	0	0
LT934125.1	127863	-	0	0	0	0	1	0
LT934125.1	127864	+	0	0	1	0	0	0
LT934125.1	127865	+	0	0	1	0	0	0
LT934125.1	127867	-	1	0	0	0	0	0
LT934125.1	127868	-	0	0	2	0	2	0
LT934125.1	127871	-	1	0	11	0	7	6
LT934125.1	127873	-	33	1	0	0	45	14
LT934125.1	127874	-	0	0	50	6	5	2
LT934125.1	127875	-	1	0	5	0	0	1
LT934125.1	127876	-	0	0	1	0	0	0
LT934125.1	127883	+	0	0	0	0	0	1
LT934125.1	127888	-	1	0	0	0	0	0
LT934125.1	127894	-	0	0	0	0	1	0
LT934125.1	127895	-	0	0	1	0	0	0
LT934125.1	127899	-	3	0	1	0	0	0
LT934125.1	127900	-	3	0	0	0	0	1
LT934125.1	127901	-	0	0	3	0	2	0
LT934125.1	127902	-	2	1	0	0	0	0
LT934125.1	127904	-	0	0	0	0	1	0
LT934125.1	127905	-	0	0	1	0	1	0
LT934125.1	127916	-	0	0	0	0	3	0
LT934125.1	127933	-	0	0	0	0	0	1
LT934125.1	127940	-	0	0	2	0	1	0
LT934125.1	127962	-	1	0	0	0	3	0
LT934125.1	127963	-	0	0	3	0	2	0
LT934125.1	127964	-	1	0	2	1	0	0
LT934125.1	127967	-	0	0	0	0	2	0
LT934125.1	127972	-	1	0	1	0	0	0
LT934125.1	127981	+	0	0	0	0	1	0
LT934125.1	127983	+	0	0	0	0	1	0
LT934125.1	127984	-	0	0	1	0	0	0
LT934125.1	127992	-	3	0	1	0	0	2
LT934125.1	127993	-	0	1	0	0	0	0
LT934125.1	127995	-	0	0	0	0	1	0
LT934125.1	128002	-	0	0	0	0	1	0
LT934125.1	128012	-	0	0	0	0	1	0
LT934125.1	128016	-	0	0	1	0	4	0
LT934125.1	128017	-	2	0	1	0	0	0
LT934125.1	128027	+	0	0	0	0	1	0
LT934125.1	128033	-	0	0	0	0	2	0
LT934125.1	128044	+	0	0	0	0	1	0
LT934125.1	128076	+	0	0	0	0	1	0
LT934125.1	128085	+	0	0	0	0	1	0
LT934125.1	128086	+	0	0	0	0	3	0
LT934125.1	128090	+	0	0	1	0	0	0
LT934125.1	128097	+	0	0	0	0	1	0
LT934125.1	128098	+	1	0	0	0	0	0
LT934125.1	128102	+	0	0	1	0	0	0
LT934125.1	128106	+	0	0	0	0	1	0
LT934125.1	128107	+	0	0	1	0	0	0
LT934125.1	128116	+	0	0	1	0	0	0
LT934125.1	128118	+	0	0	0	0	1	0
LT934125.1	128120	+	1	0	0	0	0	0
LT934125.1	128121	+	0	0	0	0	1	0
LT934125.1	128129	+	0	0	1	0	0	0
LT934125.1	128130	+	1	0	0	0	1	0
LT934125.1	128131	+	0	0	1	0	0	0
LT934125.1	128132	+	1	0	1	0	2	0
LT934125.1	128133	+	0	0	0	0	5	0
LT934125.1	128143	-	0	0	0	0	1	0
LT934125.1	128154	+	0	0	0	0	1	0
LT934125.1	128166	-	1	0	0	0	0	0
LT934125.1	128185	+	0	0	1	0	0	0
LT934125.1	128191	+	0	0	2	0	0	0
LT934125.1	128192	+	0	0	0	0	3	0
LT934125.1	128195	+	0	0	0	0	2	0
LT934125.1	128204	+	0	0	0	0	1	0
LT934125.1	128212	+	0	0	0	0	1	0
LT934125.1	128219	+	0	0	1	0	0	0
LT934125.1	128229	-	0	0	0	0	1	0
LT934125.1	128231	-	1	1	0	0	0	0
LT934125.1	128233	-	0	0	1	0	0	0
LT934125.1	128242	-	0	0	2	0	0	0
LT934125.1	128243	-	0	0	0	0	2	0
LT934125.1	128248	-	0	0	1	0	0	0
LT934125.1	128265	+	1	0	0	0	0	0
LT934125.1	128273	-	0	0	0	0	1	0
LT934125.1	128285	-	1	0	0	0	0	0
LT934125.1	128327	-	0	0	0	0	1	0
LT934125.1	128328	-	0	0	0	0	0	1
LT934125.1	128339	-	0	0	0	0	1	0
LT934125.1	128351	-	0	0	1	0	0	0
LT934125.1	128373	+	0	0	0	0	1	0
LT934125.1	128423	+	0	0	1	0	0	0
LT934125.1	128429	-	0	0	0	0	2	0
LT934125.1	128434	+	0	0	1	0	0	0
LT934125.1	128437	+	0	0	0	0	1	0
LT934125.1	128457	-	0	0	0	0	1	0
LT934125.1	128461	-	1	1	0	0	0	0
LT934125.1	128498	+	0	0	0	0	1	0
LT934125.1	128515	+	0	0	0	0	1	0
LT934125.1	128532	-	0	0	0	0	0	1
LT934125.1	128537	-	0	0	0	0	0	1
LT934125.1	128564	-	0	0	2	0	1	0
LT934125.1	128587	-	0	0	1	0	0	0
LT934125.1	128612	-	0	0	1	0	0	0
LT934125.1	128620	-	1	0	0	0	0	0
LT934125.1	128624	-	0	0	2	0	0	0
LT934125.1	128625	-	0	0	0	0	1	0
LT934125.1	128651	+	0	0	0	0	1	0
LT934125.1	128658	-	0	0	0	0	1	0
LT934125.1	128661	-	0	0	0	0	1	0
LT934125.1	128673	-	0	0	0	0	0	1
LT934125.1	128683	-	1	0	0	0	0	0
LT934125.1	128685	-	0	0	1	0	0	0
LT934125.1	128690	-	1	0	0	0	0	0
LT934125.1	128692	-	0	0	0	0	1	0
LT934125.1	128693	-	0	0	1	0	0	0
LT934125.1	128694	-	0	0	1	0	1	0
LT934125.1	128697	-	0	0	0	0	2	0
LT934125.1	128703	-	0	1	0	0	0	0
LT934125.1	128711	-	0	0	0	0	1	0
LT934125.1	128717	-	0	0	1	1	0	0
LT934125.1	128718	-	0	0	0	0	2	0
LT934125.1	128719	-	0	0	1	0	0	0
LT934125.1	128720	-	0	0	2	0	3	1
LT934125.1	128723	-	0	0	0	0	1	0
LT934125.1	128725	+	0	0	0	0	4	0
LT934125.1	128725	-	0	0	2	0	1	0
LT934125.1	128726	+	1	0	1	0	0	0
LT934125.1	128726	-	0	0	1	0	0	0
LT934125.1	128727	-	0	0	1	0	0	0
LT934125.1	128728	-	5	0	10	0	3	3
LT934125.1	128729	-	96	18	220	14	318	124
LT934125.1	128730	-	0	0	1	0	2	1
LT934125.1	128731	-	1	0	1	0	1	2
LT934125.1	128732	-	135	62	1258	107	3993	764
LT934125.1	128733	-	1	0	1	0	797	1
LT934125.1	128734	-	0	12	0	0	1	0
LT934125.1	128735	-	0	0	3	0	4	3
LT934125.1	128736	-	0	0	1	1	0	0
LT934125.1	128737	-	0	0	0	0	6	0
LT934125.1	128741	-	0	0	0	0	1	0
LT934125.1	128762	-	1	0	0	0	0	0
LT934125.1	128785	-	0	0	1	0	0	0
LT934125.1	128788	+	0	0	0	0	3	0
LT934125.1	128812	-	0	0	1	0	1	0
LT934125.1	128828	-	0	0	0	0	1	0
LT934125.1	128848	+	0	0	0	0	1	0
LT934125.1	128863	+	0	0	0	0	1	0
LT934125.1	128871	-	0	0	0	0	2	0
LT934125.1	128880	-	0	0	1	0	4	0
LT934125.1	128881	-	0	0	0	0	2	0
LT934125.1	128882	-	0	0	0	0	27	0
LT934125.1	128884	-	0	0	0	0	1	0
LT934125.1	128885	-	0	0	0	0	17	0
LT934125.1	128888	-	1	0	0	0	0	0
LT934125.1	128921	-	0	0	0	0	1	0
LT934125.1	128933	+	0	0	0	0	6	0
LT934125.1	128938	+	0	0	0	0	1	0
LT934125.1	128953	-	0	0	0	0	1	0
LT934125.1	128956	-	0	0	0	0	11	0
LT934125.1	128958	-	0	0	1	0	6	0
LT934125.1	128969	-	0	0	0	0	2	0
LT934125.1	128972	-	0	0	0	0	1	0
LT934125.1	128973	+	0	0	0	0	1	0
LT934125.1	128976	-	0	0	0	0	1	0
LT934125.1	129012	+	0	0	0	0	1	0
LT934125.1	129025	+	0	0	0	0	5	0
LT934125.1	129160	-	0	0	0	0	1	0
LT934125.1	129161	-	0	0	0	0	1	0
LT934125.1	129163	-	0	0	0	0	3	0
LT934125.1	129164	-	0	0	0	0	3	0
LT934125.1	129183	+	0	0	0	0	1	0
LT934125.1	129212	-	0	0	0	0	1	0
LT934125.1	129213	+	0	0	0	0	4	0
LT934125.1	129214	+	0	0	0	0	1	0
LT934125.1	129215	+	0	0	0	0	1	0
LT934125.1	129217	+	0	0	0	0	1	0
LT934125.1	129235	-	0	0	0	0	2	0
LT934125.1	129237	-	0	0	0	0	1	0
LT934125.1	129238	-	0	0	0	0	1	0
LT934125.1	129289	+	0	0	0	0	1	0
LT934125.1	129291	+	0	0	0	0	5	0
LT934125.1	129292	+	0	0	0	0	1	0
LT934125.1	129310	+	0	0	0	0	4	0
LT934125.1	129389	-	0	0	1	0	0	0
LT934125.1	129424	+	0	0	1	0	0	0
LT934125.1	129425	+	1	0	0	0	1	0
LT934125.1	129432	-	0	0	0	0	2	0
LT934125.1	129439	-	0	0	0	0	0	1
LT934125.1	129441	-	0	0	0	0	2	0
LT934125.1	129442	-	0	0	0	0	2	0
LT934125.1	129443	-	0	0	0	0	1	0
LT934125.1	129444	-	0	0	0	0	2	0
LT934125.1	129446	-	0	0	0	0	1	0
LT934125.1	129447	-	0	0	0	0	1	0
LT934125.1	129483	-	0	0	0	0	1	0
LT934125.1	129493	+	0	0	0	0	4	0
LT934125.1	129494	+	0	0	0	0	4	0
LT934125.1	129496	+	1	0	0	0	0	0
LT934125.1	129499	+	0	0	0	0	1	0
LT934125.1	129501	+	0	0	0	0	1	0
LT934125.1	129517	-	0	0	1	0	1	0
LT934125.1	129519	-	0	0	0	0	2	0
LT934125.1	129537	-	0	0	0	0	1	0
LT934125.1	129540	-	0	0	0	0	1	0
LT934125.1	129573	+	0	0	0	0	5	1
LT934125.1	129577	+	0	0	0	0	1	0
LT934125.1	129585	+	0	0	0	0	0	1
LT934125.1	129586	+	0	0	0	0	6	1
LT934125.1	129592	+	0	0	0	0	3	0
LT934125.1	129594	+	0	0	0	0	1	0
LT934125.1	129639	+	0	0	0	0	1	0
LT934125.1	129679	+	0	0	0	0	1	0
LT934125.1	129680	+	0	0	0	0	1	0
LT934125.1	129685	-	0	0	0	0	1	0
LT934125.1	129686	+	1	0	0	0	0	0
LT934125.1	129687	+	0	0	0	0	1	0
LT934125.1	129715	-	0	0	0	0	3	0
LT934125.1	129717	-	0	0	0	0	7	0
LT934125.1	129718	-	1	0	0	0	2	1
LT934125.1	129719	-	0	0	1	0	1	0
LT934125.1	129720	-	0	0	0	0	1	0
LT934125.1	129738	-	0	0	1	0	0	0
LT934125.1	129760	+	0	0	0	0	2	0
LT934125.1	129761	+	0	0	0	0	1	0
LT934125.1	129766	+	0	0	0	0	2	0
LT934125.1	129769	+	0	0	0	0	2	0
LT934125.1	129770	+	0	0	0	0	1	0
LT934125.1	129778	+	0	0	0	0	4	0
LT934125.1	129818	+	0	0	0	0	1	0
LT934125.1	129819	+	0	0	0	0	1	0
LT934125.1	129824	+	0	0	0	0	1	0
LT934125.1	129828	-	0	0	0	0	1	0
LT934125.1	129833	+	0	0	0	0	1	0
LT934125.1	129866	+	0	0	0	0	1	0
LT934125.1	129884	+	0	0	0	0	1	0
LT934125.1	129885	+	0	0	0	0	1	0
LT934125.1	129910	+	0	0	0	0	1	0
LT934125.1	129917	+	0	0	0	0	1	0
LT934125.1	129918	+	0	0	0	0	1	0
LT934125.1	129918	-	0	0	1	0	0	0
LT934125.1	129928	+	0	0	0	0	1	0
LT934125.1	129930	+	0	0	0	0	4	0
LT934125.1	129941	+	0	0	0	0	6	0
LT934125.1	129953	+	0	0	0	0	1	0
LT934125.1	129955	+	0	0	0	0	2	0
LT934125.1	129963	+	0	0	0	0	1	0
LT934125.1	129972	+	0	0	1	0	0	0
LT934125.1	129986	+	0	0	1	0	0	0
LT934125.1	129992	+	0	0	0	0	1	0
LT934125.1	129999	+	0	0	0	0	1	0
LT934125.1	130003	+	0	0	0	0	1	0
LT934125.1	130029	-	1	0	0	0	0	0
LT934125.1	130059	+	0	0	0	0	1	0
LT934125.1	130060	+	0	0	0	0	1	0
LT934125.1	130069	+	0	0	0	0	2	0
LT934125.1	130073	-	0	0	1	0	1	0
LT934125.1	130079	-	0	0	0	0	1	0
LT934125.1	130080	+	0	0	0	0	1	0
LT934125.1	130081	+	0	0	0	0	1	0
LT934125.1	130088	+	0	0	1	0	0	0
LT934125.1	130089	-	0	0	0	0	1	0
LT934125.1	130092	-	1	0	0	0	0	0
LT934125.1	130097	+	0	0	0	0	1	0
LT934125.1	130098	+	0	0	0	0	1	0
LT934125.1	130121	+	1	0	0	0	0	0
LT934125.1	130126	-	0	0	0	0	1	0
LT934125.1	130152	+	1	0	0	0	1	0
LT934125.1	130172	+	0	0	0	0	2	0
LT934125.1	130174	+	1	0	0	0	0	0
LT934125.1	130180	+	0	0	2	0	0	0
LT934125.1	130196	+	0	0	0	0	1	0
LT934125.1	130197	+	0	0	1	0	0	0
LT934125.1	130198	+	0	0	1	0	0	0
LT934125.1	130199	+	0	0	1	0	1	0
LT934125.1	130200	+	0	0	0	0	5	0
LT934125.1	130201	+	0	0	0	0	2	0
LT934125.1	130207	+	0	0	0	0	1	0
LT934125.1	130209	+	0	0	1	0	1	0
LT934125.1	130210	+	0	0	1	0	3	0
LT934125.1	130211	+	0	0	0	0	2	0
LT934125.1	130234	-	0	0	1	0	0	0
LT934125.1	130249	+	0	0	0	0	2	0
LT934125.1	130257	+	0	0	0	0	1	0
LT934125.1	130260	+	0	0	1	0	0	0
LT934125.1	130271	-	0	0	0	0	5	0
LT934125.1	130272	-	1	0	0	0	0	0
LT934125.1	130273	-	1	0	0	0	3	0
LT934125.1	130277	-	1	0	0	0	0	0
LT934125.1	130280	-	0	0	1	0	2	0
LT934125.1	130284	-	0	0	0	0	1	0
LT934125.1	130287	-	0	0	1	0	0	0
LT934125.1	130292	-	0	0	0	0	1	0
LT934125.1	130298	-	0	0	0	0	2	0
LT934125.1	130304	-	0	0	0	0	1	0
LT934125.1	130313	-	0	0	1	0	0	0
LT934125.1	130325	+	0	0	0	0	1	0
LT934125.1	130326	+	1	0	0	0	0	0
LT934125.1	130345	+	0	0	1	0	1	0
LT934125.1	130350	+	0	0	0	0	2	0
LT934125.1	130350	-	0	0	1	0	0	0
LT934125.1	130354	-	0	0	0	0	1	0
LT934125.1	130358	+	0	0	0	0	1	0
LT934125.1	130358	-	0	0	1	0	0	0
LT934125.1	130360	-	1	0	0	0	0	0
LT934125.1	130361	-	0	0	0	0	1	0
LT934125.1	130377	-	0	0	1	0	0	0
LT934125.1	130382	+	0	0	1	0	0	0
LT934125.1	130384	+	0	0	0	1	0	0
LT934125.1	130408	+	1	0	0	0	0	0
LT934125.1	130448	+	0	0	0	0	1	0
LT934125.1	130473	+	0	0	0	0	1	0
LT934125.1	130487	+	0	0	0	0	1	0
LT934125.1	130495	+	0	0	0	0	1	0
LT934125.1	130525	+	0	0	1	0	0	0
LT934125.1	130538	+	0	0	0	0	1	0
LT934125.1	130538	-	1	0	0	0	1	0
LT934125.1	130548	+	0	0	1	0	1	0
LT934125.1	130549	+	0	0	0	0	1	0
LT934125.1	130552	+	0	0	0	0	1	0
LT934125.1	130558	-	0	0	1	0	0	0
LT934125.1	130560	+	0	0	1	0	0	0
LT934125.1	130561	+	2	0	1	0	9	1
LT934125.1	130562	+	0	0	0	0	3	0
LT934125.1	130563	+	0	0	0	0	1	0
LT934125.1	130579	+	0	0	1	0	1	0
LT934125.1	130580	+	0	0	0	0	4	0
LT934125.1	130581	+	0	0	0	0	6	0
LT934125.1	130582	+	0	0	0	0	1	0
LT934125.1	130590	+	0	0	0	0	2	0
LT934125.1	130602	+	0	0	0	0	2	0
LT934125.1	130603	+	1	0	0	0	0	0
LT934125.1	130607	+	0	0	0	0	1	0
LT934125.1	130608	+	0	0	0	0	1	0
LT934125.1	130610	+	0	0	2	0	0	0
LT934125.1	130614	+	2	0	3	1	6	2
LT934125.1	130619	+	0	0	0	0	1	0
LT934125.1	130625	+	0	0	0	0	1	0
LT934125.1	130629	-	0	0	0	0	1	0
LT934125.1	130630	+	0	0	0	0	6	0
LT934125.1	130630	-	1	0	0	0	0	0
LT934125.1	130631	+	1	0	0	0	0	0
LT934125.1	130635	+	0	0	0	0	1	0
LT934125.1	130639	-	0	0	0	0	1	0
LT934125.1	130656	+	0	0	0	0	1	0
LT934125.1	130675	+	0	0	0	0	1	0
LT934125.1	130688	-	1	0	0	0	0	0
LT934125.1	130696	+	0	0	0	0	2	0
LT934125.1	130699	-	0	0	0	0	1	0
LT934125.1	130704	+	0	0	0	0	1	0
LT934125.1	130706	+	0	0	0	0	1	0
LT934125.1	130740	-	0	0	1	0	0	0
LT934125.1	130745	+	0	0	0	0	1	0
LT934125.1	130747	-	0	0	0	0	1	0
LT934125.1	130764	+	0	0	0	0	1	0
LT934125.1	130768	+	1	0	0	0	0	0
LT934125.1	130774	-	0	0	0	0	5	0
LT934125.1	130779	+	0	0	0	0	1	0
LT934125.1	130801	+	0	0	1	0	0	0
LT934125.1	130801	-	0	0	1	0	0	0
LT934125.1	130802	-	0	0	0	0	1	0
LT934125.1	130816	+	0	0	0	0	1	0
LT934125.1	130818	+	0	0	0	0	1	0
LT934125.1	130820	-	1	0	0	0	0	0
LT934125.1	130821	-	0	0	0	0	1	0
LT934125.1	130829	-	0	0	4	0	3	0
LT934125.1	130831	-	0	0	5	0	4	2
LT934125.1	130833	-	1	0	17	1	32	0
LT934125.1	130834	-	1	0	2	1	0	0
LT934125.1	130839	-	0	0	0	0	1	0
LT934125.1	130849	-	0	0	0	0	1	0
LT934125.1	130850	-	0	0	0	0	1	0
LT934125.1	130853	+	0	0	0	0	1	1
LT934125.1	130856	+	0	0	1	0	1	0
LT934125.1	130862	-	0	0	0	0	1	0
LT934125.1	130870	-	1	0	1	0	0	0
LT934125.1	130892	-	2	0	0	0	6	1
LT934125.1	130893	-	0	0	1	0	3	0
LT934125.1	130894	-	1	0	0	0	0	0
LT934125.1	130900	-	0	0	1	0	0	0
LT934125.1	130901	-	0	0	0	0	1	0
LT934125.1	130923	-	0	0	1	0	0	0
LT934125.1	130973	-	1	0	0	0	0	0
LT934125.1	130974	-	0	1	0	0	1	0
LT934125.1	130983	-	0	0	1	0	0	0
LT934125.1	131020	-	0	0	0	0	1	0
LT934125.1	131033	-	0	0	0	0	1	0
LT934125.1	131070	+	0	0	0	0	1	0
LT934125.1	131071	-	0	0	0	0	1	0
LT934125.1	131115	-	0	0	0	0	1	0
LT934125.1	131140	+	0	0	0	0	1	0
LT934125.1	131148	+	0	0	0	0	1	0
LT934125.1	131152	+	0	0	0	0	1	0
LT934125.1	131172	+	0	0	0	0	1	0
LT934125.1	131174	+	0	1	0	0	0	0
LT934125.1	131178	+	0	0	0	0	1	0
LT934125.1	131179	+	0	0	0	0	1	0
LT934125.1	131183	+	0	0	1	0	0	0
LT934125.1	131193	-	1	0	0	0	0	0
LT934125.1	131230	+	0	0	0	0	1	0
LT934125.1	131241	+	1	0	0	0	0	0
LT934125.1	131288	+	0	0	0	0	1	0
LT934125.1	131294	+	0	0	0	0	1	0
LT934125.1	131302	-	0	0	0	0	1	0
LT934125.1	131305	-	1	0	0	0	0	0
LT934125.1	131341	+	0	0	0	0	1	0
LT934125.1	131374	+	0	0	1	0	0	0
LT934125.1	131378	+	0	0	0	0	1	0
LT934125.1	131388	-	0	0	0	0	3	0
LT934125.1	131390	-	0	0	0	0	1	0
LT934125.1	131409	-	1	0	0	0	0	0
LT934125.1	131410	+	0	0	0	0	1	0
LT934125.1	131411	+	0	0	0	1	0	0
LT934125.1	131412	-	0	0	0	0	1	0
LT934125.1	131413	-	0	0	0	0	1	0
LT934125.1	131417	-	1	0	0	0	0	0
LT934125.1	131421	-	0	0	0	0	2	0
LT934125.1	131450	-	0	0	0	0	1	0
LT934125.1	131495	-	0	0	0	0	1	0
LT934125.1	131545	-	0	0	0	0	1	0
LT934125.1	131550	+	0	0	0	0	1	0
LT934125.1	131561	+	0	0	0	0	2	0
LT934125.1	131563	+	0	0	0	0	1	0
LT934125.1	131566	+	0	0	0	0	1	0
LT934125.1	131576	+	0	0	0	0	1	0
LT934125.1	131581	+	0	0	1	0	0	0
LT934125.1	131588	+	0	0	0	0	1	0
LT934125.1	131600	+	0	0	0	0	2	0
LT934125.1	131605	+	0	0	1	0	0	0
LT934125.1	131606	-	0	0	0	0	1	0
LT934125.1	131626	-	1	0	0	0	0	0
LT934125.1	131628	-	0	0	0	0	1	0
LT934125.1	131643	-	0	0	0	0	1	0
LT934125.1	131657	+	0	0	1	0	0	0
LT934125.1	131661	+	0	0	0	0	1	0
LT934125.1	131666	+	0	0	0	0	1	0
LT934125.1	131672	+	0	0	0	0	0	1
LT934125.1	131677	+	0	0	0	0	1	0
LT934125.1	131678	+	0	0	0	0	1	0
LT934125.1	131703	-	0	0	0	0	1	0
LT934125.1	131745	+	0	0	0	0	10	0
LT934125.1	131747	+	0	0	1	0	2	0
LT934125.1	131752	+	0	0	0	0	1	0
LT934125.1	131754	+	0	0	1	0	1	0
LT934125.1	131755	+	0	0	0	1	2	0
LT934125.1	131756	+	0	0	0	0	1	0
LT934125.1	131781	-	0	0	0	0	1	0
LT934125.1	131793	-	0	0	1	0	0	0
LT934125.1	131808	-	0	0	0	0	1	0
LT934125.1	131838	-	0	0	1	0	0	0
LT934125.1	131840	-	0	0	0	0	1	0
LT934125.1	131853	-	0	0	0	0	1	0
LT934125.1	131854	-	0	0	0	0	1	0
LT934125.1	131880	-	0	0	0	0	1	0
LT934125.1	131902	-	0	0	0	0	1	0
LT934125.1	131926	-	0	0	2	0	2	0
LT934125.1	131930	-	0	0	0	0	1	1
LT934125.1	131931	-	0	0	1	1	0	0
LT934125.1	131949	-	0	0	0	0	1	0
LT934125.1	131963	+	0	0	0	0	1	0
LT934125.1	131979	+	0	0	0	0	2	0
LT934125.1	131982	+	0	0	0	0	1	0
LT934125.1	132001	-	0	0	0	0	2	0
LT934125.1	132002	+	0	0	1	0	0	0
LT934125.1	132002	-	0	0	0	0	1	0
LT934125.1	132003	+	0	0	1	0	0	0
LT934125.1	132004	+	1	0	2	0	0	0
LT934125.1	132033	-	0	0	1	0	0	0
LT934125.1	132035	-	0	0	1	0	0	0
LT934125.1	132050	-	0	0	0	0	2	0
LT934125.1	132055	+	0	0	0	1	1	0
LT934125.1	132063	-	0	0	0	0	1	0
LT934125.1	132067	+	0	0	0	0	1	0
LT934125.1	132085	-	0	0	1	0	0	0
LT934125.1	132247	+	0	0	0	0	1	0
LT934125.1	132283	+	0	0	1	0	0	0
LT934125.1	132334	-	0	0	0	0	2	0
LT934125.1	132349	+	0	0	0	0	1	0
LT934125.1	132378	-	0	0	0	0	1	0
LT934125.1	132423	-	0	0	0	0	1	0
LT934125.1	132435	-	0	0	1	0	0	0
LT934125.1	132441	-	0	0	0	0	1	0
LT934125.1	132448	-	0	0	0	0	1	0
LT934125.1	132462	-	0	0	0	0	1	0
LT934125.1	132470	-	1	0	0	0	0	0
LT934125.1	132475	-	0	0	0	0	1	0
LT934125.1	132477	+	0	0	0	0	1	0
LT934125.1	132478	-	0	0	0	1	0	0
LT934125.1	132485	-	0	1	0	0	0	0
LT934125.1	132497	-	0	0	0	0	1	0
LT934125.1	132499	-	0	0	0	1	0	0
LT934125.1	132502	-	0	0	0	0	1	0
LT934125.1	132510	+	0	0	0	0	1	0
LT934125.1	132515	+	0	0	0	0	1	0
LT934125.1	132518	+	0	0	0	0	1	0
LT934125.1	132521	+	0	0	0	0	1	1
LT934125.1	132556	-	0	0	0	0	1	0
LT934125.1	132596	+	0	0	3	0	0	0
LT934125.1	132598	+	0	0	3	0	0	0
LT934125.1	132611	+	0	0	0	0	6	0
LT934125.1	132613	+	1	0	2	0	0	0
LT934125.1	132614	+	1	0	8	1	0	5
LT934125.1	132616	+	0	0	0	0	0	1
LT934125.1	132617	+	0	0	0	0	0	1
LT934125.1	132618	+	0	0	1	0	0	1
LT934125.1	132622	+	0	0	0	0	1	0
LT934125.1	132624	+	0	0	1	0	0	0
LT934125.1	132625	-	0	0	0	1	0	0
LT934125.1	132657	+	0	0	0	0	1	0
LT934125.1	132688	+	0	0	1	0	0	0
LT934125.1	132698	+	0	0	1	0	0	0
LT934125.1	132712	+	0	0	0	0	0	1
LT934125.1	132716	+	0	0	0	0	1	0
LT934125.1	132725	+	0	0	0	0	1	0
LT934125.1	132726	+	0	0	0	0	1	0
LT934125.1	132728	+	0	0	0	0	2	0
LT934125.1	132731	+	0	0	1	0	0	0
LT934125.1	132747	+	1	0	0	0	0	0
LT934125.1	132749	+	0	0	0	0	0	1
LT934125.1	132765	+	0	0	0	0	2	0
LT934125.1	132767	+	0	1	1	0	0	0
LT934125.1	132774	+	0	0	1	0	0	0
LT934125.1	132785	-	0	0	1	0	0	0
LT934125.1	132787	-	0	0	0	0	2	0
LT934125.1	132788	+	0	0	0	0	2	0
LT934125.1	132797	+	0	0	1	0	0	0
LT934125.1	132799	-	0	0	0	0	1	0
LT934125.1	132801	+	0	0	0	0	1	0
LT934125.1	132806	+	0	0	1	0	0	0
LT934125.1	132826	+	0	0	0	0	2	0
LT934125.1	132827	+	0	0	0	0	2	0
LT934125.1	132836	+	0	0	0	0	1	0
LT934125.1	132837	+	0	0	1	0	0	0
LT934125.1	132839	+	0	0	0	0	1	0
LT934125.1	132844	+	1	0	0	0	0	0
LT934125.1	132846	+	0	0	0	0	2	0
LT934125.1	132849	+	0	0	1	0	1	0
LT934125.1	132850	+	2	0	0	0	4	0
LT934125.1	132851	+	0	0	1	0	0	0
LT934125.1	132859	+	0	0	0	0	1	0
LT934125.1	132865	+	0	0	0	0	1	0
LT934125.1	132883	+	0	0	0	0	1	0
LT934125.1	132885	+	0	0	2	0	1	0
LT934125.1	132886	-	1	0	0	0	0	0
LT934125.1	132908	-	0	0	1	0	0	0
LT934125.1	132911	-	0	0	0	0	1	0
LT934125.1	132913	-	1	0	0	0	0	0
LT934125.1	132933	-	0	0	0	0	3	0
LT934125.1	132937	+	0	0	2	0	0	0
LT934125.1	132938	+	0	0	2	1	2	0
LT934125.1	132944	+	1	0	2	0	0	0
LT934125.1	132944	-	0	0	1	0	1	0
LT934125.1	132947	-	0	0	0	0	1	0
LT934125.1	132949	-	2	0	0	0	0	0
LT934125.1	132950	-	0	0	0	0	1	0
LT934125.1	132951	-	0	0	0	0	1	0
LT934125.1	132954	-	0	0	1	0	0	0
LT934125.1	132960	-	0	0	1	0	1	0
LT934125.1	132961	-	1	0	0	0	0	0
LT934125.1	132963	+	0	0	1	1	0	0
LT934125.1	132964	+	1	0	0	0	1	0
LT934125.1	132966	+	1	0	6	0	1	0
LT934125.1	132967	+	0	0	0	0	3	0
LT934125.1	132968	+	0	0	0	0	1	0
LT934125.1	132969	+	1	0	0	0	0	0
LT934125.1	132970	-	0	0	0	0	1	0
LT934125.1	132972	+	0	0	0	0	2	0
LT934125.1	132972	-	0	0	0	0	1	0
LT934125.1	132973	-	0	0	0	0	1	0
LT934125.1	132974	+	0	0	2	0	0	0
LT934125.1	132975	+	0	0	0	0	1	1
LT934125.1	132980	-	0	0	1	0	0	0
LT934125.1	132991	-	0	0	0	0	1	0
LT934125.1	132993	-	0	0	0	0	1	0
LT934125.1	132994	-	0	0	2	0	2	0
LT934125.1	132996	-	0	0	0	1	0	0
LT934125.1	132998	-	0	0	1	0	0	0
LT934125.1	132999	-	0	0	0	0	0	1
LT934125.1	133000	-	0	0	0	0	2	0
LT934125.1	133001	+	0	0	1	0	0	0
LT934125.1	133010	+	0	0	1	0	0	0
LT934125.1	133011	+	0	0	1	0	0	0
LT934125.1	133015	+	0	0	0	0	0	1
LT934125.1	133018	+	0	0	1	0	0	0
LT934125.1	133018	-	0	0	1	0	0	0
LT934125.1	133019	-	0	0	0	0	4	0
LT934125.1	133021	-	0	0	2	0	3	0
LT934125.1	133022	-	3	0	6	0	40	1
LT934125.1	133024	-	0	0	8	0	37	0
LT934125.1	133025	-	6	0	12	1	92	1
LT934125.1	133027	-	0	0	1	0	1	1
LT934125.1	133028	-	0	0	0	0	0	2
LT934125.1	133029	-	0	0	0	0	1	0
LT934125.1	133030	-	0	0	0	0	1	0
LT934125.1	133040	-	0	0	0	0	2	0
LT934125.1	133042	-	0	0	0	0	2	0
LT934125.1	133055	+	1	0	0	0	1	0
LT934125.1	133056	-	0	0	1	0	1	0
LT934125.1	133062	-	0	0	2	0	1	0
LT934125.1	133065	-	0	0	0	0	1	0
LT934125.1	133075	-	0	0	0	0	1	0
LT934125.1	133077	-	1	0	0	0	0	0
LT934125.1	133079	+	0	0	0	0	2	0
LT934125.1	133080	+	0	0	0	0	2	0
LT934125.1	133083	-	0	0	1	0	3	0
LT934125.1	133084	+	0	0	0	0	1	0
LT934125.1	133091	-	0	0	0	0	2	0
LT934125.1	133094	-	0	0	0	0	1	0
LT934125.1	133095	-	0	0	1	0	0	0
LT934125.1	133097	-	0	0	1	0	1	0
LT934125.1	133098	+	1	0	1	0	0	0
LT934125.1	133098	-	0	0	0	0	1	0
LT934125.1	133101	+	0	0	1	0	0	0
LT934125.1	133114	-	0	0	2	0	4	0
LT934125.1	133116	-	1	0	0	0	0	0
LT934125.1	133117	-	0	0	4	0	0	0
LT934125.1	133120	-	0	0	0	0	1	0
LT934125.1	133126	-	0	0	0	0	2	0
LT934125.1	133141	-	0	0	0	0	1	0
LT934125.1	133145	-	0	0	0	0	1	0
LT934125.1	133156	-	0	0	0	0	1	0
LT934125.1	133159	-	0	0	0	0	1	0
LT934125.1	133163	-	0	0	0	0	1	0
LT934125.1	133165	-	0	0	1	0	0	0
LT934125.1	133192	-	0	0	1	0	0	0
LT934125.1	133197	+	0	0	0	0	1	0
LT934125.1	133198	+	1	0	0	0	0	0
LT934125.1	133203	-	0	0	0	0	1	0
LT934125.1	133204	-	0	0	0	0	2	0
LT934125.1	133205	-	0	0	0	0	1	0
LT934125.1	133209	-	1	0	0	0	3	0
LT934125.1	133211	-	0	0	0	0	1	0
LT934125.1	133216	-	0	0	0	0	2	0
LT934125.1	133220	-	0	0	0	0	1	0
LT934125.1	133223	-	0	0	0	0	1	0
LT934125.1	133224	-	0	0	0	1	0	0
LT934125.1	133227	+	0	0	0	0	1	0
LT934125.1	133245	-	1	0	0	0	1	0
LT934125.1	133249	-	0	0	0	0	1	0
LT934125.1	133254	-	1	0	0	0	1	0
LT934125.1	133261	-	0	0	0	0	1	0
LT934125.1	133269	+	0	0	0	0	1	0
LT934125.1	133274	-	0	0	2	0	1	1
LT934125.1	133275	-	0	0	1	0	0	0
LT934125.1	133276	-	0	0	1	0	3	1
LT934125.1	133284	-	0	0	0	0	1	0
LT934125.1	133285	+	0	0	0	0	2	0
LT934125.1	133303	+	0	0	1	0	0	0
LT934125.1	133303	-	0	0	1	0	0	0
LT934125.1	133310	-	2	0	2	0	1	0
LT934125.1	133311	-	0	0	0	0	1	0
LT934125.1	133312	-	0	0	1	0	0	0
LT934125.1	133327	-	0	0	0	0	1	0
LT934125.1	133331	+	0	0	0	0	1	0
LT934125.1	133348	-	1	0	0	0	0	0
LT934125.1	133362	-	0	0	0	0	1	0
LT934125.1	133363	-	0	0	0	1	0	0
LT934125.1	133365	-	0	0	0	0	1	0
LT934125.1	133367	+	1	0	0	0	0	0
LT934125.1	133373	-	0	0	0	0	1	0
LT934125.1	133378	+	0	0	0	0	1	0
LT934125.1	133396	+	0	0	0	0	1	0
LT934125.1	133397	-	0	0	0	0	1	0
LT934125.1	133412	-	0	0	0	0	1	0
LT934125.1	133426	+	0	0	0	0	1	0
LT934125.1	133433	+	0	0	1	0	0	0
LT934125.1	133441	+	0	0	0	0	1	0
LT934125.1	133446	-	0	0	0	0	1	0
LT934125.1	133470	+	0	0	1	0	0	0
LT934125.1	133470	-	0	0	0	0	1	0
LT934125.1	133500	-	0	0	0	0	1	0
LT934125.1	133512	-	0	0	0	0	1	0
LT934125.1	133513	-	0	0	0	0	1	0
LT934125.1	133515	-	1	0	0	0	0	0
LT934125.1	133521	-	0	0	0	0	1	0
LT934125.1	133558	+	0	0	0	0	1	0
LT934125.1	133560	+	1	0	1	0	0	0
LT934125.1	133565	+	0	0	0	0	0	1
LT934125.1	133570	-	1	0	0	0	0	0
LT934125.1	133585	+	0	0	0	0	1	0
LT934125.1	133606	+	1	0	0	0	1	0
LT934125.1	133620	+	0	0	1	0	0	0
LT934125.1	133620	-	0	0	0	0	1	0
LT934125.1	133621	+	0	0	0	0	1	0
LT934125.1	133643	+	0	0	0	0	1	0
LT934125.1	133653	+	0	0	1	0	0	0
LT934125.1	133660	+	0	0	0	0	2	0
LT934125.1	133661	-	0	0	0	0	1	0
LT934125.1	133677	+	0	0	0	0	1	0
LT934125.1	133682	+	0	0	0	0	2	0
LT934125.1	133683	+	0	0	1	0	2	0
LT934125.1	133684	+	1	0	0	0	2	0
LT934125.1	133709	-	0	0	1	0	0	0
LT934125.1	133710	-	0	0	0	0	1	0
LT934125.1	133717	+	1	0	0	0	0	0
LT934125.1	133719	+	0	0	0	0	1	0
LT934125.1	133748	+	0	0	0	0	1	0
LT934125.1	133755	+	0	0	0	0	1	0
LT934125.1	133767	+	0	0	1	0	0	0
LT934125.1	133769	+	0	0	0	0	1	0
LT934125.1	133802	-	0	0	1	0	0	0
LT934125.1	133821	+	0	0	1	0	0	0
LT934125.1	133826	+	0	0	0	0	2	0
LT934125.1	133846	+	1	0	0	0	1	0
LT934125.1	133881	+	0	0	0	0	1	0
LT934125.1	133889	+	0	0	0	0	2	0
LT934125.1	133896	+	1	0	0	0	0	0
LT934125.1	133909	+	0	0	0	0	1	0
LT934125.1	133915	+	1	0	0	0	0	0
LT934125.1	133916	+	0	0	0	0	0	1
LT934125.1	133927	+	0	0	0	0	2	0
LT934125.1	133937	+	0	0	1	0	0	0
LT934125.1	133939	+	0	0	1	0	0	0
LT934125.1	133945	+	0	0	1	0	1	0
LT934125.1	133946	+	1	0	0	0	0	0
LT934125.1	133951	+	0	0	0	0	2	0
LT934125.1	133955	+	0	0	0	0	4	0
LT934125.1	133957	+	0	0	0	0	1	0
LT934125.1	133958	+	0	0	2	0	0	0
LT934125.1	133964	+	0	0	1	0	0	0
LT934125.1	133968	+	0	0	0	0	1	1
LT934125.1	133975	+	0	0	1	0	0	0
LT934125.1	133976	+	0	0	1	0	0	0
LT934125.1	133984	+	0	0	3	0	1	0
LT934125.1	133996	+	1	0	0	0	0	0
LT934125.1	134002	-	0	0	0	0	2	0
LT934125.1	134003	+	0	0	0	0	1	0
LT934125.1	134005	+	0	0	1	0	0	0
LT934125.1	134010	+	0	0	0	0	2	0
LT934125.1	134015	+	1	0	0	0	0	0
LT934125.1	134015	-	0	0	0	0	1	0
LT934125.1	134017	+	0	0	0	0	1	0
LT934125.1	134034	+	0	0	1	0	0	0
LT934125.1	134040	-	1	0	0	0	0	0
LT934125.1	134042	-	1	0	0	0	0	0
LT934125.1	134044	-	1	0	0	0	0	0
LT934125.1	134048	-	1	0	0	0	0	0
LT934125.1	134058	+	0	0	1	0	0	0
LT934125.1	134062	+	0	0	0	0	1	0
LT934125.1	134068	-	0	0	1	0	0	0
LT934125.1	134077	-	0	1	0	0	0	0
LT934125.1	134080	-	1	0	0	0	0	0
LT934125.1	134081	+	1	0	0	0	0	0
LT934125.1	134081	-	0	0	1	0	0	0
LT934125.1	134083	+	0	0	0	0	2	0
LT934125.1	134084	+	0	0	0	0	4	0
LT934125.1	134085	+	0	0	0	0	1	0
LT934125.1	134091	+	0	0	0	0	1	0
LT934125.1	134095	+	1	0	0	0	0	0
LT934125.1	134098	-	0	0	1	0	0	0
LT934125.1	134099	-	0	0	0	0	1	0
LT934125.1	134100	-	0	0	0	0	1	0
LT934125.1	134104	+	1	0	0	0	0	0
LT934125.1	134106	-	0	0	0	0	1	0
LT934125.1	134107	+	0	0	0	0	1	0
LT934125.1	134109	-	0	0	0	0	1	0
LT934125.1	134112	-	0	0	1	0	0	0
LT934125.1	134126	+	0	0	1	0	0	0
LT934125.1	134129	-	0	0	0	0	1	0
LT934125.1	134136	+	0	0	0	0	1	0
LT934125.1	134138	+	1	0	0	0	1	0
LT934125.1	134146	+	0	0	0	0	1	0
LT934125.1	134150	+	0	0	1	0	1	0
LT934125.1	134156	+	1	0	0	0	0	0
LT934125.1	134179	-	0	0	0	0	1	0
LT934125.1	134183	+	0	0	1	0	0	0
LT934125.1	134188	+	0	0	0	0	1	0
LT934125.1	134193	+	0	0	1	0	0	0
LT934125.1	134199	-	0	1	0	0	0	0
LT934125.1	134203	-	0	0	1	0	0	0
LT934125.1	134217	+	1	0	0	0	0	0
LT934125.1	134236	-	0	0	0	0	2	0
LT934125.1	134242	-	0	0	0	0	2	0
LT934125.1	134245	+	0	0	0	0	2	0
LT934125.1	134245	-	0	0	1	0	0	0
LT934125.1	134248	+	1	0	2	0	1	0
LT934125.1	134256	+	1	0	1	0	3	0
LT934125.1	134259	+	0	0	0	0	1	0
LT934125.1	134261	-	0	0	0	0	1	0
LT934125.1	134267	-	0	0	0	0	1	0
LT934125.1	134274	+	1	0	0	0	0	0
LT934125.1	134276	+	0	0	1	0	1	0
LT934125.1	134291	+	0	0	0	0	1	0
LT934125.1	134292	+	0	0	1	0	0	0
LT934125.1	134302	+	0	0	1	0	0	0
LT934125.1	134303	-	0	0	0	0	1	0
LT934125.1	134305	-	0	0	0	0	1	0
LT934125.1	134308	-	0	0	0	0	1	0
LT934125.1	134320	-	0	0	0	0	1	0
LT934125.1	134321	-	0	0	0	0	1	0
LT934125.1	134334	+	0	0	0	0	1	0
LT934125.1	134340	+	0	0	2	0	0	0
LT934125.1	134342	+	0	0	1	0	2	0
LT934125.1	134343	+	1	0	0	0	0	0
LT934125.1	134349	+	0	0	1	0	0	0
LT934125.1	134354	-	0	0	0	0	0	1
LT934125.1	134355	-	0	0	1	0	1	0
LT934125.1	134357	+	0	0	0	0	1	0
LT934125.1	134372	+	0	0	0	0	1	0
LT934125.1	134382	-	1	0	0	0	0	0
LT934125.1	134386	-	0	0	0	0	1	0
LT934125.1	134390	-	1	0	1	0	0	0
LT934125.1	134394	-	0	0	0	0	1	0
LT934125.1	134400	-	0	0	1	0	0	0
LT934125.1	134407	-	0	0	1	0	0	0
LT934125.1	134410	-	0	0	2	0	3	3
LT934125.1	134415	-	0	0	1	0	0	0
LT934125.1	134434	-	0	0	1	0	0	0
LT934125.1	134444	-	0	0	0	0	1	0
LT934125.1	134445	-	0	0	0	0	1	0
LT934125.1	134446	-	0	0	0	0	1	0
LT934125.1	134455	-	0	0	1	0	0	0
LT934125.1	134456	-	0	0	0	0	2	0
LT934125.1	134464	-	0	0	0	0	2	0
LT934125.1	134485	-	0	0	1	0	0	0
LT934125.1	134576	-	0	0	0	0	1	0
LT934125.1	134597	-	0	0	0	0	1	0
LT934125.1	134602	-	0	0	0	0	1	0
LT934125.1	134609	-	0	0	0	0	1	0
LT934125.1	134633	-	0	0	0	0	1	0
LT934125.1	134655	-	0	0	0	0	1	0
LT934125.1	134690	-	0	0	0	0	1	0
LT934125.1	134714	-	0	0	0	0	0	1
LT934125.1	134738	-	0	0	0	0	2	0
LT934125.1	134769	-	0	0	0	0	0	1
LT934125.1	134777	+	0	0	0	0	1	0
LT934125.1	134797	-	0	0	0	0	1	0
LT934125.1	134827	+	0	0	0	0	1	0
LT934125.1	134832	-	0	0	0	0	2	0
LT934125.1	134838	-	0	0	0	0	2	0
LT934125.1	134845	-	0	0	0	0	1	0
LT934125.1	134854	-	0	0	0	0	1	0
LT934125.1	134864	-	0	0	0	0	1	0
LT934125.1	134865	+	0	0	0	0	1	0
LT934125.1	134882	+	0	0	0	0	1	0
LT934125.1	134884	-	0	0	0	0	1	0
LT934125.1	134888	-	0	0	0	0	1	0
LT934125.1	134901	+	0	0	0	0	1	0
LT934125.1	134921	+	0	0	0	0	1	0
LT934125.1	134943	+	0	0	0	0	1	0
LT934125.1	134977	+	0	0	1	0	0	0
LT934125.1	134979	+	1	0	0	0	1	0
LT934125.1	134980	+	0	0	0	0	1	0
LT934125.1	134983	+	0	0	1	0	0	0
LT934125.1	134993	+	0	0	0	0	2	0
LT934125.1	134996	+	0	0	1	0	1	0
LT934125.1	134997	+	0	0	1	0	0	0
LT934125.1	134998	+	0	0	0	0	1	0
LT934125.1	135000	+	0	0	0	0	1	0
LT934125.1	135001	+	0	0	4	0	2	0
LT934125.1	135002	+	1	0	0	0	5	0
LT934125.1	135003	+	0	0	0	0	2	0
LT934125.1	135004	+	0	0	1	0	0	0
LT934125.1	135035	+	0	0	1	0	1	0
LT934125.1	135044	+	0	0	0	0	1	0
LT934125.1	135055	+	0	0	0	0	1	0
LT934125.1	135070	+	0	0	0	0	1	0
LT934125.1	135079	+	0	0	0	0	1	0
LT934125.1	135087	+	0	0	0	0	1	0
LT934125.1	135087	-	0	0	0	0	1	0
LT934125.1	135088	-	0	0	1	0	0	0
LT934125.1	135090	-	0	0	0	0	1	0
LT934125.1	135093	+	0	0	0	0	1	0
LT934125.1	135096	+	0	0	0	0	1	0
LT934125.1	135100	+	0	0	0	0	1	0
LT934125.1	135102	-	0	0	0	0	1	0
LT934125.1	135110	-	0	0	0	0	1	0
LT934125.1	135126	+	0	0	0	0	1	0
LT934125.1	135131	-	0	0	1	0	0	0
LT934125.1	135145	+	0	0	0	0	1	0
LT934125.1	135149	-	1	0	1	0	1	0
LT934125.1	135150	-	0	0	0	0	1	0
LT934125.1	135151	-	0	0	0	0	1	0
LT934125.1	135153	+	0	0	0	0	1	0
LT934125.1	135158	-	0	0	1	0	1	0
LT934125.1	135162	-	0	0	0	0	1	0
LT934125.1	135163	+	0	0	0	0	1	0
LT934125.1	135172	+	1	0	0	0	0	0
LT934125.1	135178	-	0	0	0	0	1	0
LT934125.1	135179	-	0	0	1	0	0	0
LT934125.1	135190	+	0	0	0	0	1	0
LT934125.1	135207	+	0	0	0	0	1	0
LT934125.1	135208	+	1	0	0	0	0	0
LT934125.1	135211	-	0	0	1	0	0	0
LT934125.1	135219	-	0	0	0	0	2	0
LT934125.1	135224	+	0	0	1	0	0	0
LT934125.1	135225	+	0	0	0	0	2	0
LT934125.1	135226	+	0	0	1	0	0	0
LT934125.1	135231	-	0	0	1	0	0	0
LT934125.1	135233	+	0	0	0	0	1	0
LT934125.1	135233	-	0	0	0	0	1	0
LT934125.1	135236	+	1	0	1	0	2	0
LT934125.1	135237	+	0	0	4	0	0	0
LT934125.1	135238	+	1	0	0	0	4	0
LT934125.1	135242	-	0	0	1	0	0	1
LT934125.1	135244	+	0	0	1	0	0	0
LT934125.1	135245	+	0	0	3	0	0	0
LT934125.1	135245	-	0	0	0	0	1	0
LT934125.1	135246	+	1	0	2	0	0	0
LT934125.1	135247	+	1	1	0	0	2	0
LT934125.1	135254	+	0	0	0	0	1	0
LT934125.1	135255	+	0	0	4	0	0	0
LT934125.1	135256	+	0	0	0	0	3	0
LT934125.1	135258	-	0	0	1	0	0	0
LT934125.1	135260	+	0	0	0	0	1	0
LT934125.1	135260	-	2	0	1	0	0	0
LT934125.1	135262	-	0	0	0	0	2	0
LT934125.1	135263	+	0	0	5	0	0	0
LT934125.1	135266	+	0	0	3	0	2	0
LT934125.1	135267	+	0	0	15	0	0	0
LT934125.1	135268	+	6	0	24	0	36	0
LT934125.1	135269	+	6	0	18	1	38	0
LT934125.1	135270	+	3	0	0	0	33	1
LT934125.1	135272	+	0	0	0	0	1	0
LT934125.1	135275	+	0	0	0	0	1	0
LT934125.1	135276	+	0	0	8	0	0	0
LT934125.1	135277	+	1	0	5	0	11	0
LT934125.1	135278	+	1	0	9	0	4	0
LT934125.1	135279	+	4	1	0	0	39	0
LT934125.1	135283	+	0	0	0	0	1	0
LT934125.1	135283	-	0	0	2	0	0	0
LT934125.1	135285	+	1	0	0	0	4	0
LT934125.1	135285	-	0	0	0	0	5	0
LT934125.1	135286	+	0	0	6	0	0	0
LT934125.1	135287	+	1	0	0	0	17	0
LT934125.1	135291	+	0	0	0	0	13	0
LT934125.1	135291	-	1	0	0	0	0	1
LT934125.1	135292	+	1	0	4	0	0	1
LT934125.1	135292	-	0	0	0	0	1	0
LT934125.1	135293	+	0	0	0	0	9	0
LT934125.1	135294	+	1	0	0	0	1	0
LT934125.1	135296	+	0	0	6	0	4	0
LT934125.1	135297	+	3	0	1	0	0	0
LT934125.1	135298	+	0	0	2	0	9	0
LT934125.1	135299	+	0	0	0	0	1	0
LT934125.1	135302	+	0	0	1	0	1	0
LT934125.1	135303	+	0	0	0	0	5	0
LT934125.1	135304	+	0	0	2	0	4	0
LT934125.1	135305	+	3	0	6	0	4	0
LT934125.1	135306	+	5	0	0	0	20	0
LT934125.1	135308	+	2	0	3	0	2	1
LT934125.1	135309	+	2	0	0	2	11	0
LT934125.1	135310	+	0	1	0	0	132	0
LT934125.1	135310	-	1	0	3	0	0	1
LT934125.1	135311	+	6	0	57	2	0	1
LT934125.1	135312	+	0	0	0	0	28	2
LT934125.1	135313	+	4	0	0	0	0	0
LT934125.1	135313	-	0	0	0	0	3	0
LT934125.1	135314	+	1	0	9	0	23	0
LT934125.1	135316	+	0	0	7	0	9	0
LT934125.1	135317	+	0	0	0	0	3	0
LT934125.1	135320	+	0	0	0	0	1	0
LT934125.1	135320	-	1	0	0	0	0	0
LT934125.1	135322	-	1	0	0	0	0	0
LT934125.1	135323	+	2	0	3	0	10	0
LT934125.1	135325	+	0	0	0	0	1	0
LT934125.1	135326	+	0	0	0	0	1	0
LT934125.1	135326	-	0	0	1	0	0	0
LT934125.1	135328	+	0	0	1	0	0	0
LT934125.1	135329	-	0	0	0	0	1	0
LT934125.1	135330	+	0	0	0	0	24	0
LT934125.1	135331	+	0	0	0	0	1	0
LT934125.1	135333	+	5	0	9	0	0	0
LT934125.1	135335	+	0	0	7	0	6	0
LT934125.1	135339	+	0	0	0	0	1	0
LT934125.1	135342	+	2	0	0	0	0	0
LT934125.1	135349	+	0	0	0	0	23	0
LT934125.1	135350	+	0	0	0	0	1	0
LT934125.1	135359	-	0	0	0	0	1	0
LT934125.1	135360	-	0	0	0	0	3	0
LT934125.1	135369	-	0	0	9	0	0	0
LT934125.1	135377	-	1	0	3	0	0	0
LT934125.1	135378	-	0	0	0	0	1	0
LT934125.1	135395	-	0	0	0	0	1	0
LT934125.1	135396	-	1	0	3	0	0	0
LT934125.1	135397	-	0	0	0	0	1	0
LT934125.1	135398	-	0	0	0	0	3	0
LT934125.1	135399	+	0	0	1	0	1	0
LT934125.1	135400	-	0	0	0	0	1	0
LT934125.1	135401	-	0	0	0	0	1	0
LT934125.1	135402	-	0	0	0	0	1	0
LT934125.1	135405	-	1	0	0	0	7	0
LT934125.1	135407	-	2	0	9	0	6	0
LT934125.1	135408	-	0	0	1	0	1	0
LT934125.1	135411	-	0	0	0	0	1	0
LT934125.1	135413	-	0	0	0	0	5	1
LT934125.1	135414	+	1	0	1	0	0	0
LT934125.1	135414	-	1	0	3	0	0	0
LT934125.1	135415	-	0	0	0	0	1	0
LT934125.1	135416	-	0	0	1	0	0	0
LT934125.1	135418	+	0	0	0	0	1	0
LT934125.1	135448	+	0	0	0	0	1	0
LT934125.1	135448	-	0	0	1	0	0	0
LT934125.1	135450	-	0	0	0	0	2	0
LT934125.1	135465	-	1	0	1	0	0	0
LT934125.1	135466	-	1	0	0	0	0	0
LT934125.1	135469	-	0	0	0	0	1	0
LT934125.1	135472	+	0	0	0	0	1	0
LT934125.1	135473	-	1	0	0	0	1	0
LT934125.1	135478	+	0	0	0	0	1	0
LT934125.1	135478	-	0	0	1	0	0	0
LT934125.1	135480	-	0	0	1	0	0	0
LT934125.1	135481	+	0	0	0	0	1	0
LT934125.1	135482	-	0	0	0	0	3	0
LT934125.1	135487	-	0	0	0	0	3	0
LT934125.1	135488	-	0	0	3	0	0	0
LT934125.1	135492	-	0	0	1	0	0	0
LT934125.1	135495	-	0	0	1	0	0	0
LT934125.1	135506	-	1	0	0	0	0	0
LT934125.1	135527	-	0	0	0	0	2	0
LT934125.1	135528	-	1	0	0	0	4	0
LT934125.1	135531	-	0	0	0	0	3	0
LT934125.1	135548	+	0	0	0	0	2	0
LT934125.1	135549	-	0	0	0	0	1	0
LT934125.1	135551	+	0	0	1	0	0	0
LT934125.1	135552	+	0	0	0	0	0	1
LT934125.1	135558	-	0	0	0	0	2	0
LT934125.1	135562	-	0	0	1	0	1	0
LT934125.1	135580	-	0	0	0	0	1	0
LT934125.1	135581	+	0	0	0	0	2	0
LT934125.1	135583	+	0	0	0	0	1	0
LT934125.1	135586	+	0	0	0	0	1	0
LT934125.1	135596	-	0	0	0	0	1	0
LT934125.1	135600	-	0	0	1	0	0	0
LT934125.1	135609	-	0	0	0	0	1	0
LT934125.1	135611	-	0	0	2	0	0	0
LT934125.1	135614	-	0	0	0	0	1	0
LT934125.1	135616	-	0	0	0	0	2	0
LT934125.1	135619	-	0	0	1	0	0	0
LT934125.1	135623	-	0	0	0	0	1	0
LT934125.1	135635	+	0	0	0	0	1	0
LT934125.1	135666	-	0	0	1	0	1	0
LT934125.1	135667	-	0	0	0	1	0	0
LT934125.1	135671	+	0	0	0	0	5	0
LT934125.1	135673	+	2	0	1	0	7	0
LT934125.1	135695	-	0	0	1	0	1	0
LT934125.1	135702	-	0	0	0	0	1	0
LT934125.1	135712	-	0	0	0	0	0	1
LT934125.1	135713	-	0	0	0	0	1	0
LT934125.1	135714	-	1	0	0	0	2	0
LT934125.1	135715	-	0	0	2	0	0	0
LT934125.1	135718	+	0	0	1	0	0	0
LT934125.1	135718	-	0	0	0	0	0	1
LT934125.1	135719	+	0	0	0	0	1	0
LT934125.1	135720	-	0	0	1	0	1	0
LT934125.1	135721	+	0	0	0	0	1	0
LT934125.1	135742	+	0	0	0	0	1	0
LT934125.1	135744	+	0	0	0	0	2	0
LT934125.1	135773	+	0	0	0	0	1	1
LT934125.1	135778	-	0	0	0	0	1	0
LT934125.1	135795	+	0	0	0	0	1	0
LT934125.1	135800	+	0	0	1	0	0	0
LT934125.1	135836	-	0	0	0	0	1	0
LT934125.1	135856	+	0	0	0	0	0	1
LT934125.1	135880	+	0	0	0	0	2	0
LT934125.1	135883	+	2	0	3	0	5	0
LT934125.1	135885	+	0	0	0	0	2	0
LT934125.1	135890	-	0	0	0	0	1	0
LT934125.1	135891	-	0	0	1	0	0	0
LT934125.1	135915	-	1	0	0	0	0	0
LT934125.1	135916	-	0	0	0	0	1	0
LT934125.1	135919	-	1	0	0	0	0	0
LT934125.1	135920	-	0	0	0	0	1	0
LT934125.1	135926	-	0	0	0	0	1	0
LT934125.1	135966	+	0	0	0	0	1	0
LT934125.1	135967	+	0	0	0	0	1	0
LT934125.1	135973	-	0	0	0	0	1	0
LT934125.1	135986	+	0	0	1	0	0	1
LT934125.1	135990	+	0	0	0	0	1	0
LT934125.1	136019	-	1	0	0	0	0	0
LT934125.1	136033	-	0	0	0	0	1	0
LT934125.1	136034	+	0	0	0	0	1	0
LT934125.1	136035	+	0	0	0	0	2	0
LT934125.1	136036	+	0	0	1	0	0	0
LT934125.1	136038	+	0	0	0	0	1	0
LT934125.1	136039	+	0	0	0	0	1	0
LT934125.1	136043	-	1	0	0	0	0	0
LT934125.1	136045	-	3	0	0	0	5	1
LT934125.1	136046	-	2	0	1	0	1	0
LT934125.1	136047	-	0	0	1	0	1	0
LT934125.1	136050	-	0	0	0	0	1	0
LT934125.1	136053	-	2	0	0	0	0	0
LT934125.1	136054	-	0	0	2	0	0	0
LT934125.1	136065	+	0	0	0	0	1	0
LT934125.1	136066	-	1	0	0	0	0	0
LT934125.1	136067	+	0	1	0	0	0	0
LT934125.1	136068	+	1	0	0	0	0	0
LT934125.1	136070	-	0	0	0	0	1	0
LT934125.1	136071	-	0	0	2	0	0	0
LT934125.1	136073	-	1	0	0	0	1	0
LT934125.1	136074	+	0	0	0	0	1	0
LT934125.1	136085	-	0	0	0	0	1	0
LT934125.1	136087	+	0	0	0	0	0	1
LT934125.1	136099	-	0	0	0	0	1	0
LT934125.1	136102	-	0	0	0	0	4	0
LT934125.1	136103	-	3	0	1	0	0	0
LT934125.1	136106	-	0	0	0	0	4	0
LT934125.1	136107	-	0	0	0	0	6	0
LT934125.1	136114	+	0	0	0	0	1	0
LT934125.1	136125	+	0	0	0	0	1	0
LT934125.1	136136	+	0	0	0	0	1	0
LT934125.1	136153	+	0	0	2	0	0	2
LT934125.1	136153	-	1	0	0	0	0	0
LT934125.1	136156	+	1	0	3	0	5	1
LT934125.1	136157	+	0	0	1	0	1	0
LT934125.1	136158	+	57	4	118	7	344	24
LT934125.1	136159	+	0	0	1	0	3	0
LT934125.1	136161	+	0	0	0	1	1	0
LT934125.1	136162	-	1	0	0	0	0	0
LT934125.1	136172	+	0	0	0	0	1	0
LT934125.1	136173	-	1	0	1	0	0	0
LT934125.1	136174	+	0	0	1	0	0	0
LT934125.1	136180	-	0	0	1	0	0	0
LT934125.1	136187	-	0	0	1	0	0	0
LT934125.1	136190	-	0	0	0	0	1	0
LT934125.1	136202	+	0	0	0	0	1	0
LT934125.1	136203	+	1	0	0	0	2	0
LT934125.1	136207	-	0	0	0	0	1	0
LT934125.1	136208	-	1	0	1	0	4	0
LT934125.1	136209	-	0	0	0	0	4	0
LT934125.1	136211	-	0	0	0	0	0	1
LT934125.1	136212	-	0	0	1	0	1	0
LT934125.1	136213	+	0	0	0	0	1	0
LT934125.1	136213	-	0	0	0	0	5	0
LT934125.1	136220	-	2	0	1	0	0	0
LT934125.1	136223	-	0	0	1	0	0	0
LT934125.1	136227	+	1	0	3	0	0	0
LT934125.1	136228	-	0	0	0	0	1	0
LT934125.1	136229	-	0	0	0	0	0	1
LT934125.1	136230	-	0	0	0	0	1	0
LT934125.1	136231	-	0	0	2	2	1	0
LT934125.1	136232	-	2	1	10	0	24	1
LT934125.1	136233	-	0	0	1	1	0	0
LT934125.1	136234	-	15	0	39	1	72	10
LT934125.1	136235	-	315	7	1033	32	2141	265
LT934125.1	136236	-	0	0	0	0	2	0
LT934125.1	136237	-	0	0	1	0	0	0
LT934125.1	136238	-	0	0	3	0	1	1
LT934125.1	136241	-	2	0	1	0	4	0
LT934125.1	136243	-	1	0	0	0	0	0
LT934125.1	136244	-	2	0	1	0	4	0
LT934125.1	136255	+	0	0	0	0	4	0
LT934125.1	136256	+	1	0	3	1	0	0
LT934125.1	136259	-	0	0	0	0	1	0
LT934125.1	136262	-	0	0	2	0	0	0
LT934125.1	136269	-	0	0	0	0	2	0
LT934125.1	136271	+	0	0	0	0	1	0
LT934125.1	136280	-	0	0	0	0	1	0
LT934125.1	136283	-	0	0	0	0	0	1
LT934125.1	136284	-	0	0	0	0	5	2
LT934125.1	136285	-	4	0	8	0	14	0
LT934125.1	136286	-	0	0	2	0	0	0
LT934125.1	136288	-	1	0	0	0	0	0
LT934125.1	136289	+	0	0	0	0	1	0
LT934125.1	136289	-	0	0	0	0	1	0
LT934125.1	136290	-	0	0	0	0	1	2
LT934125.1	136291	+	0	0	0	0	0	1
LT934125.1	136291	-	1	1	1	0	9	0
LT934125.1	136292	+	1	0	0	0	0	0
LT934125.1	136293	-	0	0	0	0	2	0
LT934125.1	136295	-	1	0	8	1	11	4
LT934125.1	136297	-	3	0	10	1	11	1
LT934125.1	136298	-	0	0	0	0	1	0
LT934125.1	136299	-	0	0	0	0	4	0
LT934125.1	136306	+	0	0	0	0	1	0
LT934125.1	136312	+	0	0	0	0	1	1
LT934125.1	136314	+	0	0	1	0	1	0
LT934125.1	136316	+	0	0	1	1	1	2
LT934125.1	136316	-	0	0	2	1	2	0
LT934125.1	136317	-	0	0	2	0	1	1
LT934125.1	136319	+	0	0	1	0	0	0
LT934125.1	136322	-	0	0	2	0	3	1
LT934125.1	136323	+	0	0	1	0	0	0
LT934125.1	136325	-	0	0	0	0	2	1
LT934125.1	136327	-	0	0	0	0	1	0
LT934125.1	136328	-	0	0	1	0	0	1
LT934125.1	136333	+	0	0	0	0	2	0
LT934125.1	136335	+	0	0	2	0	0	3
LT934125.1	136336	+	0	0	0	0	1	0
LT934125.1	136337	+	0	0	0	0	7	1
LT934125.1	136338	+	0	1	1	0	5	0
LT934125.1	136339	+	0	0	2	0	2	7
LT934125.1	136341	+	0	0	0	0	1	1
LT934125.1	136342	+	1	0	0	0	0	0
LT934125.1	136344	+	0	0	1	0	7	0
LT934125.1	136345	+	25	0	9	1	17	8
LT934125.1	136346	+	0	0	2	0	0	1
LT934125.1	136347	+	4	0	3	0	0	0
LT934125.1	136348	+	2	0	58	8	120	78
LT934125.1	136348	-	0	0	1	0	0	0
LT934125.1	136349	+	0	0	8	2	1	0
LT934125.1	136351	+	0	0	3	0	11	6
LT934125.1	136351	-	0	0	0	0	3	0
LT934125.1	136352	+	0	1	0	0	0	0
LT934125.1	136352	-	1	0	0	0	0	0
LT934125.1	136354	-	1	0	0	0	2	0
LT934125.1	136356	-	0	0	0	0	1	0
LT934125.1	136368	-	0	0	0	0	1	0
LT934125.1	136371	-	0	0	0	0	1	0
LT934125.1	136372	+	0	0	1	0	0	0
LT934125.1	136374	-	0	0	0	0	1	0
LT934125.1	136377	-	0	0	0	0	1	0
LT934125.1	136378	+	0	0	0	0	0	1
LT934125.1	136380	-	0	0	0	0	1	0
LT934125.1	136400	-	0	0	0	0	1	0
LT934125.1	136401	-	0	0	0	0	1	0
LT934125.1	136407	-	1	0	0	0	6	0
LT934125.1	136408	-	0	0	3	0	0	0
LT934125.1	136409	-	0	0	1	0	3	0
LT934125.1	136410	-	0	0	1	0	0	0
LT934125.1	136421	-	0	0	1	0	0	0
LT934125.1	136428	+	0	0	0	0	1	0
LT934125.1	136429	+	0	0	0	0	7	0
LT934125.1	136433	+	1	0	0	0	0	0
LT934125.1	136437	-	0	0	0	0	1	0
LT934125.1	136446	-	0	0	1	0	0	0
LT934125.1	136455	+	0	0	1	0	0	0
LT934125.1	136456	+	1	0	0	0	1	0
LT934125.1	136458	-	0	0	1	0	0	0
LT934125.1	136474	-	1	0	0	0	0	0
LT934125.1	136475	-	0	0	0	0	2	0
LT934125.1	136489	+	0	0	0	0	1	0
LT934125.1	136506	+	0	0	1	0	0	0
LT934125.1	136507	+	0	0	0	0	1	0
LT934125.1	136508	+	1	0	0	0	2	0
LT934125.1	136523	+	0	0	0	0	1	0
LT934125.1	136532	-	0	0	0	0	1	0
LT934125.1	136545	-	0	0	0	0	1	0
LT934125.1	136546	-	0	0	1	0	0	0
LT934125.1	136548	+	0	0	0	0	1	0
LT934125.1	136548	-	0	0	0	0	1	0
LT934125.1	136549	+	0	0	0	0	1	0
LT934125.1	136551	-	0	0	0	0	1	0
LT934125.1	136554	+	0	0	0	0	1	0
LT934125.1	136566	+	0	0	0	0	1	0
LT934125.1	136569	+	0	0	0	0	1	0
LT934125.1	136570	+	0	0	0	0	1	0
LT934125.1	136573	-	0	0	0	0	1	0
LT934125.1	136576	-	0	1	0	0	0	0
LT934125.1	136592	+	0	0	0	0	1	0
LT934125.1	136599	-	0	0	0	0	1	0
LT934125.1	136602	-	0	0	1	0	0	0
LT934125.1	136610	-	0	0	0	0	1	0
LT934125.1	136615	+	0	0	0	0	1	0
LT934125.1	136618	+	0	0	0	0	1	1
LT934125.1	136619	+	0	0	0	0	1	0
LT934125.1	136624	+	0	0	0	0	1	0
LT934125.1	136629	+	0	0	1	0	0	0
LT934125.1	136632	-	0	0	0	0	1	0
LT934125.1	136635	-	0	0	0	0	1	0
LT934125.1	136639	-	0	0	0	0	1	0
LT934125.1	136643	-	0	0	0	0	1	0
LT934125.1	136647	+	0	0	0	0	1	0
LT934125.1	136650	+	0	0	2	0	0	0
LT934125.1	136653	+	0	0	1	0	0	0
LT934125.1	136666	+	0	0	0	0	2	0
LT934125.1	136668	+	0	0	0	0	2	1
LT934125.1	136690	-	0	0	1	0	0	0
LT934125.1	136703	+	0	0	0	0	1	0
LT934125.1	136710	+	0	0	1	0	0	0
LT934125.1	136711	+	1	0	0	0	1	0
LT934125.1	136712	+	0	0	0	0	2	0
LT934125.1	136719	+	0	0	0	0	3	0
LT934125.1	136749	+	0	0	0	0	0	1
LT934125.1	136756	+	0	0	0	0	1	0
LT934125.1	136764	-	0	0	1	0	0	0
LT934125.1	136776	-	0	0	0	0	1	0
LT934125.1	136780	+	1	0	0	0	0	1
LT934125.1	136801	-	0	0	1	0	0	0
LT934125.1	136805	+	0	0	0	0	0	1
LT934125.1	136828	+	0	0	0	0	2	0
LT934125.1	136831	-	0	0	0	0	1	0
LT934125.1	136871	-	0	0	0	0	1	0
LT934125.1	136877	-	0	0	0	0	1	0
LT934125.1	136899	+	0	0	1	0	0	0
LT934125.1	136901	+	0	0	0	0	2	0
LT934125.1	136903	+	0	0	1	0	0	0
LT934125.1	136909	+	0	0	0	0	1	0
LT934125.1	136922	+	0	0	1	0	0	0
LT934125.1	136951	+	0	0	0	0	1	0
LT934125.1	136972	-	0	0	0	0	1	0
LT934125.1	136973	-	0	0	0	0	1	0
LT934125.1	136974	-	0	0	0	0	1	0
LT934125.1	137006	+	0	0	0	0	1	0
LT934125.1	137012	+	1	0	0	0	0	0
LT934125.1	137014	+	0	0	0	0	1	0
LT934125.1	137015	+	0	0	0	0	3	1
LT934125.1	137016	+	0	0	0	0	1	0
LT934125.1	137026	+	0	0	0	0	0	1
LT934125.1	137042	+	0	0	0	0	1	0
LT934125.1	137043	+	0	0	1	0	0	0
LT934125.1	137084	-	1	0	0	0	0	0
LT934125.1	137096	-	0	0	0	0	0	1
LT934125.1	137111	+	0	0	0	0	0	1
LT934125.1	137116	+	1	0	0	0	0	0
LT934125.1	137124	-	0	0	0	0	0	1
LT934125.1	137138	+	0	0	0	0	1	0
LT934125.1	137153	-	0	0	0	0	1	0
LT934125.1	137154	-	0	0	0	0	1	0
LT934125.1	137163	+	0	0	0	0	1	0
LT934125.1	137167	+	1	0	2	0	0	0
LT934125.1	137175	-	0	0	0	0	1	0
LT934125.1	137186	+	3	0	0	0	3	1
LT934125.1	137189	+	0	0	0	0	1	0
LT934125.1	137196	-	0	0	0	0	1	0
LT934125.1	137197	+	0	0	0	0	1	0
LT934125.1	137213	+	0	0	0	0	1	0
LT934125.1	137237	+	0	0	0	0	1	0
LT934125.1	137249	+	0	0	1	0	0	0
LT934125.1	137251	+	0	0	0	0	4	0
LT934125.1	137252	+	0	0	3	0	0	0
LT934125.1	137257	+	0	0	1	0	0	0
LT934125.1	137266	+	0	0	0	0	1	0
LT934125.1	137272	+	0	0	1	0	0	0
LT934125.1	137281	+	1	0	0	0	0	0
LT934125.1	137295	-	0	0	1	0	0	0
LT934125.1	137345	-	0	0	0	0	1	0
LT934125.1	137391	+	0	0	0	0	1	0
LT934125.1	137415	-	0	0	0	1	0	0
LT934125.1	137427	-	0	0	1	0	0	0
LT934125.1	137436	-	0	0	1	0	0	0
LT934125.1	137475	-	0	0	0	0	1	0
LT934125.1	137488	+	1	0	1	0	0	0
LT934125.1	137498	-	0	0	0	0	1	0
LT934125.1	137502	-	0	0	0	0	2	0
LT934125.1	137504	-	0	0	1	0	0	0
LT934125.1	137506	-	0	0	0	0	1	0
LT934125.1	137510	-	0	0	0	0	1	0
LT934125.1	137511	-	0	0	0	0	1	0
LT934125.1	137514	-	0	0	0	0	1	0
LT934125.1	137523	+	0	0	0	0	1	0
LT934125.1	137550	-	0	0	0	0	1	0
LT934125.1	137575	+	0	0	1	0	0	0
LT934125.1	137589	+	0	0	0	0	1	0
LT934125.1	137598	-	1	0	0	0	0	0
LT934125.1	137613	-	1	0	0	0	0	0
LT934125.1	137615	-	0	0	0	0	0	5
LT934125.1	137617	-	0	1	0	0	0	0
LT934125.1	137620	+	0	0	1	0	0	0
LT934125.1	137650	+	0	0	0	0	1	0
LT934125.1	137655	+	0	0	2	0	0	0
LT934125.1	137659	-	0	0	0	0	1	0
LT934125.1	137661	-	0	0	0	0	1	0
LT934125.1	137684	-	0	0	1	0	0	0
LT934125.1	137696	-	0	0	0	0	1	0
LT934125.1	137702	-	0	0	0	0	1	0
LT934125.1	137718	-	0	0	1	0	0	0
LT934125.1	137745	-	0	0	0	0	1	0
LT934125.1	137754	+	0	0	0	0	1	0
LT934125.1	137754	-	0	0	0	0	0	3
LT934125.1	137763	+	0	0	0	0	1	0
LT934125.1	137770	+	1	0	0	0	0	0
LT934125.1	137818	-	0	0	0	0	1	0
LT934125.1	137836	+	0	0	1	0	0	0
LT934125.1	137875	+	0	0	1	0	0	0
LT934125.1	137936	+	0	0	0	0	0	1
LT934125.1	137938	+	0	0	0	0	1	0
LT934125.1	137942	-	0	0	0	0	1	0
LT934125.1	137944	-	0	0	0	0	0	1
LT934125.1	137948	+	0	0	0	0	0	1
LT934125.1	137955	-	0	0	0	0	1	0
LT934125.1	137965	+	0	0	0	0	0	1
LT934125.1	137982	-	0	0	1	0	0	0
LT934125.1	138021	+	0	0	0	0	0	1
LT934125.1	138037	+	0	0	1	0	0	0
LT934125.1	138040	+	1	0	0	0	0	0
LT934125.1	138055	-	0	0	0	0	1	0
LT934125.1	138064	+	0	0	0	0	1	0
LT934125.1	138067	+	0	0	0	0	1	0
LT934125.1	138075	-	0	0	0	0	1	0
LT934125.1	138076	+	0	0	0	1	0	0
LT934125.1	138103	+	0	0	1	0	0	0
LT934125.1	138123	-	0	0	0	0	1	0
LT934125.1	138195	-	1	0	0	0	1	0
LT934125.1	138228	+	0	0	0	0	2	0
LT934125.1	138273	-	0	0	0	0	1	0
LT934125.1	138309	+	0	0	0	0	1	0
LT934125.1	138343	-	0	0	0	0	1	0
LT934125.1	138397	-	0	0	0	0	1	0
LT934125.1	138420	+	0	0	0	0	1	0
LT934125.1	138439	-	0	0	0	0	1	0
LT934125.1	138455	-	0	0	0	0	0	1
LT934125.1	138504	-	0	0	0	0	1	0
LT934125.1	138525	-	0	0	0	0	1	0
LT934125.1	138636	+	0	0	0	0	2	0
LT934125.1	138637	+	0	0	2	0	0	0
LT934125.1	138639	+	0	0	0	0	1	0
LT934125.1	138676	+	0	0	1	0	0	0
LT934125.1	138691	-	0	0	0	0	1	0
LT934125.1	138747	+	0	0	0	0	1	0
LT934125.1	138799	+	0	0	0	0	1	0
LT934125.1	138807	+	0	0	0	0	1	0
LT934125.1	138886	+	0	0	1	0	0	0
LT934125.1	138987	-	1	0	0	0	0	0
LT934125.1	139109	+	0	0	0	0	1	0
LT934125.1	139115	+	0	0	0	0	1	0
LT934125.1	139168	+	0	0	0	0	1	0
LT934125.1	139175	+	1	0	0	0	0	0
LT934125.1	139220	+	0	0	0	0	1	0
LT934125.1	139258	+	0	0	0	0	1	0
LT934125.1	139262	+	0	0	0	0	1	0
LT934125.1	139342	+	0	0	0	0	1	0
LT934125.1	139350	-	0	0	0	1	0	0
LT934125.1	139352	-	0	0	0	0	1	0
LT934125.1	139377	-	0	0	0	0	1	0
LT934125.1	139422	+	0	0	0	0	1	0
LT934125.1	139450	+	0	0	0	0	0	1
LT934125.1	139469	-	0	0	0	0	1	0
LT934125.1	139472	-	0	0	0	0	1	0
LT934125.1	139476	+	0	0	1	0	0	0
LT934125.1	139480	+	0	0	0	0	3	0
LT934125.1	139488	+	0	0	1	0	0	0
LT934125.1	139551	-	1	0	0	0	0	0
LT934125.1	139599	+	0	0	0	0	1	0
LT934125.1	139618	-	0	0	0	0	1	0
LT934125.1	139799	+	1	0	0	0	0	0
LT934125.1	139800	-	0	0	0	0	1	0
LT934125.1	139843	+	0	0	0	0	0	1
LT934125.1	139871	+	0	0	0	0	1	0
LT934125.1	139880	-	0	0	0	0	1	0
LT934125.1	139912	-	0	0	2	0	4	0
LT934125.1	139917	-	0	0	0	0	3	0
LT934125.1	139945	-	0	0	0	0	1	0
LT934125.1	139979	+	0	0	0	0	4	0
LT934125.1	139981	+	0	0	1	0	2	1
LT934125.1	139982	+	0	0	2	0	0	0
LT934125.1	140067	+	0	0	0	0	1	0
LT934125.1	140067	-	0	0	1	0	1	0
LT934125.1	140176	+	0	0	0	0	1	0
LT934125.1	140228	+	0	0	0	0	1	0
LT934125.1	140259	-	0	0	0	0	1	0
LT934125.1	140261	-	0	0	0	0	1	0
LT934125.1	140316	+	0	0	0	0	0	1
LT934125.1	140386	+	0	0	0	0	1	0
LT934125.1	140403	+	0	0	0	0	1	0
LT934125.1	140425	+	0	0	1	0	0	0
LT934125.1	140517	-	0	0	0	0	1	0
LT934125.1	140580	+	0	0	0	0	1	0
LT934125.1	140755	-	0	0	1	0	0	0
LT934125.1	140837	+	0	0	0	0	1	0
LT934125.1	140861	-	0	0	0	0	1	0
LT934125.1	140878	+	0	0	0	0	1	0
LT934125.1	140920	-	0	0	0	0	1	0
LT934125.1	140938	+	0	0	1	0	0	0
LT934125.1	140942	-	0	0	0	0	1	0
LT934125.1	140947	+	0	0	0	0	1	0
LT934125.1	140952	-	0	0	0	0	2	0
LT934125.1	140967	+	1	0	0	0	0	0
LT934125.1	140972	-	0	0	0	0	1	0
LT934125.1	140981	+	0	0	0	0	1	0
LT934125.1	140981	-	0	0	1	0	0	0
LT934125.1	140985	-	0	0	0	0	1	0
LT934125.1	140987	-	0	0	0	0	1	0
LT934125.1	141000	+	0	0	0	0	1	0
LT934125.1	141014	-	0	0	0	0	1	0
LT934125.1	141025	-	0	0	0	0	1	0
LT934125.1	141032	-	0	0	0	0	2	0
LT934125.1	141033	+	0	0	0	0	1	0
LT934125.1	141034	+	0	0	3	0	0	0
LT934125.1	141039	-	0	0	0	0	1	0
LT934125.1	141040	-	0	0	0	0	1	0
LT934125.1	141043	+	0	0	1	0	0	0
LT934125.1	141044	-	0	0	0	0	1	0
LT934125.1	141045	+	0	0	0	0	1	0
LT934125.1	141048	-	0	0	0	0	1	0
LT934125.1	141050	+	0	0	0	0	1	0
LT934125.1	141051	+	0	0	0	0	0	5
LT934125.1	141052	+	0	0	2	0	0	0
LT934125.1	141053	+	0	0	1	0	0	0
LT934125.1	141056	+	0	0	0	0	0	1
LT934125.1	141057	+	0	0	0	0	1	1
LT934125.1	141058	+	0	0	0	0	1	0
LT934125.1	141058	-	0	0	1	0	0	0
LT934125.1	141059	+	0	0	1	0	0	1
LT934125.1	141060	+	0	0	0	0	1	0
LT934125.1	141062	+	0	0	0	0	0	3
LT934125.1	141063	-	0	0	0	0	1	0
LT934125.1	141065	+	0	0	0	0	0	1
LT934125.1	141068	+	0	0	0	1	0	0
LT934125.1	141071	+	0	0	1	0	0	0
LT934125.1	141072	+	0	0	0	0	0	1
LT934125.1	141074	+	0	1	0	0	0	1
LT934125.1	141086	+	0	0	0	1	0	0
LT934125.1	141091	+	1	0	0	0	0	0
LT934125.1	141093	+	0	0	0	0	1	0
LT934125.1	141094	-	0	0	1	0	0	1
LT934125.1	141098	+	0	0	0	0	1	0
LT934125.1	141100	+	0	0	0	0	1	0
LT934125.1	141102	+	0	0	0	0	1	0
LT934125.1	141102	-	0	0	0	0	0	1
LT934125.1	141110	+	0	0	0	0	1	0
LT934125.1	141112	-	0	0	0	0	0	1
LT934125.1	141121	+	0	0	0	0	1	0
LT934125.1	141127	+	0	0	0	0	1	0
LT934125.1	141127	-	0	0	0	0	0	1
LT934125.1	141132	+	0	0	0	0	1	0
LT934125.1	141136	+	0	0	0	0	1	0
LT934125.1	141142	+	0	0	0	0	1	0
LT934125.1	141163	+	0	0	0	0	1	0
LT934125.1	141174	+	0	0	0	0	1	0
LT934125.1	141195	-	0	0	0	0	1	0
LT934125.1	141206	-	0	0	0	0	1	0
LT934125.1	141209	+	0	0	1	0	0	0
LT934125.1	141220	-	0	0	0	0	1	0
LT934125.1	141222	-	0	0	0	0	1	0
LT934125.1	141230	+	0	0	0	0	2	0
LT934125.1	141235	-	0	0	0	0	1	0
LT934125.1	141260	+	1	0	0	0	0	0
LT934125.1	141272	-	0	0	0	0	1	0
LT934125.1	141285	-	0	0	0	0	1	0
LT934125.1	141304	-	0	0	0	0	1	0
LT934125.1	141324	-	0	0	2	0	1	0
LT934125.1	141340	+	0	0	0	0	4	0
LT934125.1	141342	+	0	0	0	0	2	0
LT934125.1	141356	+	0	0	0	0	1	0
LT934125.1	141361	-	0	0	0	0	1	0
LT934125.1	141384	+	0	0	0	0	1	0
LT934125.1	141385	+	0	0	0	0	1	0
LT934125.1	141391	+	0	0	0	0	1	0
LT934125.1	141398	-	0	0	0	0	1	0
LT934125.1	141408	+	0	0	0	0	1	0
LT934125.1	141435	+	0	0	0	0	2	0
LT934125.1	141441	+	0	0	0	0	1	0
LT934125.1	141444	+	0	0	0	0	1	0
LT934125.1	141449	-	0	0	0	0	1	0
LT934125.1	141454	+	0	0	0	0	1	0
LT934125.1	141458	+	0	0	0	0	1	0
LT934125.1	141459	+	0	0	0	0	1	0
LT934125.1	141459	-	0	0	0	0	1	0
LT934125.1	141470	+	0	0	0	0	1	0
LT934125.1	141473	+	1	0	0	0	0	0
LT934125.1	141477	+	0	0	1	0	0	0
LT934125.1	141488	+	0	0	0	0	1	0
LT934125.1	141490	+	0	0	0	0	4	0
LT934125.1	141492	+	0	0	1	0	1	0
LT934125.1	141494	+	0	0	0	0	2	0
LT934125.1	141494	-	0	0	1	0	0	0
LT934125.1	141495	+	0	0	1	0	0	1
LT934125.1	141496	-	0	0	0	0	2	0
LT934125.1	141497	+	2	0	0	0	3	0
LT934125.1	141498	+	0	0	0	0	4	0
LT934125.1	141502	-	0	0	1	0	1	0
LT934125.1	141504	-	1	0	0	0	2	0
LT934125.1	141507	+	0	0	0	0	1	0
LT934125.1	141507	-	0	0	0	0	1	0
LT934125.1	141514	+	0	0	1	0	0	0
LT934125.1	141515	+	0	0	0	0	4	0
LT934125.1	141520	+	0	0	0	0	1	0
LT934125.1	141530	+	0	0	0	0	1	0
LT934125.1	141543	+	0	0	0	0	2	1
LT934125.1	141545	+	2	0	0	0	3	0
LT934125.1	141546	+	0	0	0	0	4	0
LT934125.1	141550	-	0	0	0	0	3	0
LT934125.1	141553	-	0	0	1	0	0	0
LT934125.1	141563	+	0	0	0	0	2	0
LT934125.1	141571	+	0	0	0	0	1	0
LT934125.1	141577	+	0	0	0	0	1	0
LT934125.1	141584	+	0	0	0	0	1	0
LT934125.1	141585	+	0	0	0	0	1	0
LT934125.1	141591	+	0	0	0	0	1	0
LT934125.1	141592	+	0	0	0	0	1	0
LT934125.1	141597	-	0	0	0	0	2	0
LT934125.1	141598	-	0	0	0	0	1	0
LT934125.1	141599	-	0	0	0	0	2	0
LT934125.1	141604	+	0	0	0	0	1	0
LT934125.1	141606	+	0	0	0	0	1	0
LT934125.1	141609	+	0	0	0	0	1	0
LT934125.1	141612	+	1	0	0	0	0	0
LT934125.1	141620	+	0	0	0	0	2	0
LT934125.1	141624	-	0	0	0	0	1	0
LT934125.1	141625	-	0	0	0	0	1	0
LT934125.1	141627	-	0	0	0	0	1	0
LT934125.1	141628	-	1	0	0	0	4	0
LT934125.1	141632	-	0	0	0	0	1	0
LT934125.1	141636	-	0	0	0	0	1	0
LT934125.1	141637	+	0	0	1	0	0	0
LT934125.1	141638	+	0	0	0	0	2	0
LT934125.1	141640	-	1	0	0	0	0	0
LT934125.1	141653	-	0	0	1	0	0	0
LT934125.1	141655	-	4	0	4	0	0	0
LT934125.1	141657	+	0	0	1	0	0	0
LT934125.1	141657	-	1	0	2	0	0	0
LT934125.1	141659	+	0	0	0	0	1	0
LT934125.1	141659	-	0	0	0	0	1	0
LT934125.1	141660	-	1	0	0	0	7	0
LT934125.1	141661	+	0	0	0	0	1	0
LT934125.1	141666	+	0	0	1	0	2	0
LT934125.1	141667	+	0	0	1	0	0	0
LT934125.1	141668	+	0	0	0	0	1	0
LT934125.1	141677	+	0	0	1	0	0	0
LT934125.1	141678	+	0	0	0	0	5	0
LT934125.1	141681	+	0	0	0	0	1	0
LT934125.1	141696	-	0	0	1	0	0	0
LT934125.1	141698	+	0	0	0	0	1	0
LT934125.1	141710	-	1	0	0	0	0	0
LT934125.1	141717	+	0	0	1	0	0	0
LT934125.1	141720	+	0	0	0	0	0	1
LT934125.1	141724	-	1	0	0	0	0	0
LT934125.1	141725	-	0	0	5	0	0	0
LT934125.1	141727	-	0	0	0	0	12	0
LT934125.1	141728	-	1	0	0	0	0	0
LT934125.1	141730	-	0	0	0	0	1	0
LT934125.1	141747	+	1	0	0	0	0	0
LT934125.1	141753	-	1	0	0	0	8	0
LT934125.1	141754	-	0	0	3	0	1	0
LT934125.1	141755	-	0	0	1	0	1	0
LT934125.1	141756	-	0	0	0	0	2	0
LT934125.1	141760	-	0	0	1	0	0	0
LT934125.1	141767	-	0	0	0	0	3	0
LT934125.1	141771	-	0	0	0	0	2	0
LT934125.1	141772	-	0	0	0	1	0	0
LT934125.1	141773	-	0	0	3	0	0	0
LT934125.1	141775	-	0	0	0	0	6	0
LT934125.1	141779	-	0	0	0	0	1	0
LT934125.1	141798	-	1	0	0	0	2	0
LT934125.1	141812	+	0	0	0	0	1	0
LT934125.1	141814	+	0	0	0	0	1	0
LT934125.1	141821	+	0	0	0	0	1	0
LT934125.1	141824	+	0	0	0	0	6	0
LT934125.1	141847	-	0	0	0	0	5	0
LT934125.1	141848	-	1	0	0	0	0	0
LT934125.1	141849	-	0	0	1	0	0	0
LT934125.1	141852	-	0	0	0	0	20	0
LT934125.1	141856	+	0	0	0	0	1	0
LT934125.1	141861	+	0	0	0	0	1	0
LT934125.1	141864	-	0	1	0	0	0	0
LT934125.1	141865	-	0	0	1	0	0	0
LT934125.1	141866	-	0	0	1	0	0	0
LT934125.1	141867	+	0	0	0	0	3	0
LT934125.1	141869	+	0	0	0	0	1	0
LT934125.1	141872	-	1	0	1	1	0	0
LT934125.1	141874	-	1	0	0	0	0	0
LT934125.1	141875	-	0	0	1	0	2	0
LT934125.1	141876	-	0	0	0	0	2	0
LT934125.1	141877	-	0	0	0	0	2	0
LT934125.1	141880	-	0	0	1	0	1	0
LT934125.1	141883	-	0	0	1	0	2	0
LT934125.1	141884	-	0	0	2	1	2	0
LT934125.1	141885	+	0	0	1	0	0	0
LT934125.1	141886	-	0	0	2	0	0	0
LT934125.1	141888	-	0	0	0	0	1	0
LT934125.1	141889	-	1	1	0	0	56	0
LT934125.1	141890	-	0	0	11	0	8	0
LT934125.1	141891	-	0	0	1	0	0	0
LT934125.1	141908	+	0	0	0	0	1	0
LT934125.1	141912	-	0	0	2	0	0	0
LT934125.1	141913	+	0	0	0	0	1	0
LT934125.1	141914	-	2	0	2	0	1	0
LT934125.1	141915	-	0	0	0	0	3	0
LT934125.1	141916	-	0	0	1	0	0	0
LT934125.1	141917	+	0	0	0	0	1	0
LT934125.1	141919	+	0	0	0	0	1	0
LT934125.1	141929	+	0	0	0	0	2	0
LT934125.1	141931	+	0	0	0	0	2	0
LT934125.1	141933	+	0	0	0	0	1	0
LT934125.1	141935	+	1	0	3	0	32	0
LT934125.1	141938	+	1	0	2	0	18	0
LT934125.1	141941	+	0	0	0	0	2	0
LT934125.1	141956	-	0	0	1	0	2	0
LT934125.1	141957	-	0	0	1	0	0	0
LT934125.1	141979	+	0	0	0	0	1	0
LT934125.1	141979	-	0	0	1	0	0	0
LT934125.1	141982	-	0	0	1	0	2	0
LT934125.1	141983	-	0	0	0	0	1	0
LT934125.1	141985	-	0	0	1	0	0	0
LT934125.1	141986	-	0	0	2	0	1	0
LT934125.1	141988	-	1	0	14	2	0	1
LT934125.1	141991	-	0	0	1	0	5	0
LT934125.1	141994	+	0	0	0	0	1	0
LT934125.1	141996	-	1	0	0	0	0	0
LT934125.1	142003	+	0	0	0	0	1	0
LT934125.1	142014	-	0	0	0	0	1	0
LT934125.1	142017	-	0	0	0	0	1	0
LT934125.1	142018	-	1	0	0	0	0	0
LT934125.1	142025	-	1	0	0	0	0	0
LT934125.1	142032	-	0	0	1	0	0	0
LT934125.1	142033	-	0	0	0	0	1	0
LT934125.1	142035	-	0	0	0	0	1	0
LT934125.1	142036	-	0	0	1	0	0	0
LT934125.1	142037	-	0	0	0	0	1	0
LT934125.1	142039	-	0	0	1	0	0	0
LT934125.1	142042	-	1	0	0	0	2	0
LT934125.1	142043	-	0	0	2	0	0	0
LT934125.1	142044	+	0	0	0	0	1	0
LT934125.1	142046	+	0	0	0	0	1	0
LT934125.1	142047	-	0	0	0	0	1	0
LT934125.1	142050	-	0	0	0	0	2	0
LT934125.1	142052	+	0	0	0	0	1	0
LT934125.1	142060	-	0	0	0	0	1	0
LT934125.1	142092	-	0	0	0	0	1	0
LT934125.1	142102	+	0	0	0	0	1	0
LT934125.1	142108	+	0	0	1	0	0	0
LT934125.1	142130	-	0	0	0	0	1	0
LT934125.1	142142	-	0	0	0	0	2	0
LT934125.1	142143	-	0	0	0	0	4	0
LT934125.1	142144	-	0	0	0	0	1	0
LT934125.1	142145	-	0	0	0	0	1	0
LT934125.1	142184	+	0	0	0	0	1	0
LT934125.1	142197	-	0	0	0	0	2	0
LT934125.1	142245	-	0	0	1	0	0	0
LT934125.1	142248	-	0	0	0	0	1	0
LT934125.1	142249	-	0	0	0	0	1	0
LT934125.1	142250	+	0	0	0	0	3	0
LT934125.1	142251	-	0	0	0	0	1	0
LT934125.1	142252	-	0	0	1	0	1	0
LT934125.1	142253	-	1	0	0	0	0	0
LT934125.1	142254	-	0	0	0	0	4	0
LT934125.1	142256	-	0	0	0	0	3	0
LT934125.1	142267	+	0	0	0	0	1	0
LT934125.1	142268	+	0	0	2	0	0	0
LT934125.1	142276	-	0	0	1	0	1	0
LT934125.1	142278	-	0	0	1	0	0	0
LT934125.1	142283	+	0	0	0	0	1	0
LT934125.1	142287	-	0	0	0	0	1	0
LT934125.1	142297	-	0	0	0	0	1	0
LT934125.1	142299	+	0	0	0	0	1	0
LT934125.1	142300	+	0	0	0	0	1	0
LT934125.1	142308	-	0	0	1	0	3	0
LT934125.1	142309	-	0	0	0	0	1	0
LT934125.1	142310	+	1	0	0	0	1	0
LT934125.1	142313	+	0	0	0	0	1	0
LT934125.1	142324	+	0	0	0	0	1	0
LT934125.1	142327	+	1	0	0	0	0	0
LT934125.1	142332	+	0	0	0	0	1	0
LT934125.1	142341	-	0	0	0	0	1	0
LT934125.1	142345	-	0	0	1	0	1	0
LT934125.1	142347	-	0	0	1	0	0	0
LT934125.1	142350	-	0	0	1	0	0	0
LT934125.1	142352	-	0	0	0	0	1	0
LT934125.1	142361	+	0	0	0	0	1	0
LT934125.1	142366	-	0	0	0	0	3	0
LT934125.1	142372	-	0	0	0	0	1	0
LT934125.1	142377	-	0	0	0	1	0	0
LT934125.1	142383	+	0	0	0	0	1	0
LT934125.1	142393	+	1	0	0	0	2	0
LT934125.1	142395	+	0	0	1	0	0	0
LT934125.1	142397	+	0	0	0	0	1	0
LT934125.1	142398	-	0	0	0	0	1	0
LT934125.1	142407	+	0	0	0	0	1	0
LT934125.1	142407	-	0	0	0	0	1	0
LT934125.1	142411	+	0	0	0	0	1	0
LT934125.1	142415	+	0	0	0	0	2	0
LT934125.1	142419	+	0	0	0	0	1	0
LT934125.1	142420	-	0	0	0	0	1	0
LT934125.1	142421	-	0	0	0	0	6	0
LT934125.1	142422	-	0	0	0	0	1	0
LT934125.1	142423	-	0	0	0	0	2	0
LT934125.1	142424	+	0	0	0	0	1	0
LT934125.1	142424	-	0	0	11	0	80	0
LT934125.1	142425	-	0	0	0	0	40	0
LT934125.1	142427	-	0	0	8	0	73	0
LT934125.1	142429	-	0	0	1	0	0	0
LT934125.1	142430	-	0	0	0	0	2	0
LT934125.1	142445	-	0	0	0	0	1	0
LT934125.1	142475	+	0	0	0	0	2	0
LT934125.1	142476	+	0	0	0	0	3	0
LT934125.1	142477	+	0	0	1	0	25	0
LT934125.1	142480	+	0	0	0	0	5	0
LT934125.1	142481	-	0	0	0	0	1	0
LT934125.1	142482	+	0	0	0	0	1	0
LT934125.1	142487	-	0	0	0	0	1	0
LT934125.1	142518	+	0	0	0	0	7	0
LT934125.1	142519	+	0	0	1	0	2	0
LT934125.1	142520	+	0	0	0	0	4	0
LT934125.1	142606	+	0	0	0	0	1	0
LT934125.1	142607	+	0	0	1	0	0	0
LT934125.1	142608	+	0	0	0	0	4	0
LT934125.1	142650	+	0	0	1	0	0	0
LT934125.1	142676	+	0	0	1	0	1	0
LT934125.1	142678	+	0	0	0	0	1	0
LT934125.1	142716	+	0	0	0	0	1	0
LT934125.1	142737	+	0	0	0	0	1	0
LT934125.1	142741	+	0	0	1	0	0	0
LT934125.1	142765	+	1	0	0	0	0	0
LT934125.1	142810	+	0	0	0	0	1	0
LT934125.1	142828	+	0	0	1	0	0	0
LT934125.1	142863	-	0	0	0	0	1	0
LT934125.1	142864	-	0	0	0	0	1	0
LT934125.1	142875	+	0	0	0	0	1	0
