chr	strand	gene	group	cluster	start	end	dominant_tss	tags	tags.dominant_tss	q_0.1	q_0.9	interquantile_width	inCoding	cluster_width	hpi	cell_line	Time	dominant_TC	CDS_start	CDS_end	CDS_prime5	CDS_prime3	TSS_CDS_dist	closest_TC
LT934125.1	+	ELIE	PC_12_6h	902	100385	100385	100385	26.651031	26.651031	100385	100385	1		1	6h	PC_12	6	902	100549	102393	100549	102393	164	902
LT934125.1	+	IE180_2	C6_12h	1202	136339	136351	136348	1370.734813	972.102749	136345	136351	7		13	12h	C6	12	1202	136420	140772	136420	140772	72	1202
LT934125.1	+	IE180_2	C6_2h	1202	136348	136348	136348	1239.157373	1239.157373	136348	136348	1		1	2h	C6	2	1202	136420	140772	136420	140772	72	1202
LT934125.1	+	IE180_2	C6_6h	1201	136236	136236	136236	86.244071	86.244071	136236	136236	1		1	6h	C6	6	0	136420	140772	136420	140772	184	0
LT934125.1	+	IE180_2	C6_6h	1202	136338	136351	136348	689.952566	258.732212	136338	136351	14		14	6h	C6	6	1202	136420	140772	136420	140772	72	1202
LT934125.1	+	IE180_2	C6_8h	1201	136289	136289	136289	32.2841	32.2841	136289	136289	1		1	8h	C6	8	0	136420	140772	136420	140772	131	0
LT934125.1	+	IE180_2	C6_8h	1202	136345	136352	136348	419.693301	258.272801	136348	136351	4		8	8h	C6	8	1202	136420	140772	136420	140772	72	1202
LT934125.1	+	IE180_2	NRK_12h	1201	136224	136224	136224	17.924841	17.924841	136224	136224	1		1	12h	NRK	12	0	136420	140772	136420	140772	196	0
LT934125.1	+	IE180_2	NRK_12h	1202	136339	136351	136348	600.482178	358.496823	136339	136351	13		13	12h	NRK	12	1202	136420	140772	136420	140772	72	1202
LT934125.1	+	IE180_2	NRK_2h	1202	136348	136348	136348	3236.245955	3236.245955	136348	136348	1		1	2h	NRK	2	1202	136420	140772	136420	140772	72	1202
LT934125.1	+	IE180_2	NRK_4h	1202	136335	136348	136348	5281.690141	4107.981221	136335	136348	14		14	4h	NRK	4	1202	136420	140772	136420	140772	72	1202
LT934125.1	+	IE180_2	NRK_6h	1202	136347	136351	136348	2959.773981	2287.098076	136348	136350	3		5	6h	NRK	6	1202	136420	140772	136420	140772	72	1202
LT934125.1	+	IE180_2	NRK_8h	1202	136345	136352	136348	898.545989	490.115994	136347	136349	3		8	8h	NRK	8	1202	136420	140772	136420	140772	72	1202
LT934125.1	+	IE180_2	PC_12_12h	1202	136339	136351	136348	525.572157	395.885521	136339	136348	10		13	12h	PC_12	12	1202	136420	140772	136420	140772	72	1202
LT934125.1	+	IE180_2	PC_12_2.5h	1202	136348	136348	136348	740.19245	740.19245	136348	136348	1		1	2.5h	PC_12	2.5	1202	136420	140772	136420	140772	72	1202
LT934125.1	+	IE180_2	PC_12_2h	1202	136348	136351	136348	2001.334224	667.111408	136348	136351	4		4	2h	PC_12	2	1202	136420	140772	136420	140772	72	1202
LT934125.1	+	IE180_2	PC_12_4h	1202	136339	136348	136348	702.670147	602.288697	136339	136348	10		10	4h	PC_12	4	1202	136420	140772	136420	140772	72	1202
LT934125.1	+	IE180_2	PC_12_6h	1201	136265	136265	136265	26.651031	26.651031	136265	136265	1		1	6h	PC_12	6	0	136420	140772	136420	140772	155	0
LT934125.1	+	IE180_2	PC_12_6h	1202	136339	136351	136348	533.020628	373.11444	136345	136351	7		13	6h	PC_12	6	1202	136420	140772	136420	140772	72	1202
LT934125.1	+	IE180_2	PC_12_8h	1201	136292	136292	136292	31.95705	31.95705	136292	136292	1		1	8h	PC_12	8	0	136420	140772	136420	140772	128	0
LT934125.1	+	IE180_2	PC_12_8h	1202	136322	136355	136348	735.012146	351.527547	136335	136351	17		34	8h	PC_12	8	1202	136420	140772	136420	140772	72	1202
LT934125.1	+	IE180_2	PK_15_12h	1202	136339	136351	136348	121.281465	86.956522	136339	136351	13		13	12h	PK_15	12	1202	136420	140772	136420	140772	72	1202
LT934125.1	+	IE180_2	PK_15_1h	1201	136270	136270	136270	2923.976608	2923.976608	136270	136270	1		1	1h	PK_15	1	1201	136420	140772	136420	140772	150	1201
LT934125.1	+	IE180_2	PK_15_2h	1201	136245	136245	136245	362.056481	362.056481	136245	136245	1		1	2h	PK_15	2	1201	136420	140772	136420	140772	175	1201
LT934125.1	+	IE180_2	PK_15_4h	1201	136289	136289	136289	81.188601	81.188601	136289	136289	1		1	4h	PK_15	4	0	136420	140772	136420	140772	131	0
LT934125.1	+	IE180_2	PK_15_4h	1202	136339	136352	136348	3491.10985	1948.526427	136341	136351	11		14	4h	PK_15	4	1202	136420	140772	136420	140772	72	1202
LT934125.1	+	IE180_2	PK_15_6h	1201	136289	136289	136289	16.129162	16.129162	136289	136289	1		1	6h	PK_15	6	0	136420	140772	136420	140772	131	0
LT934125.1	+	IE180_2	PK_15_6h	1202	136335	136351	136348	1806.466181	1193.558013	136339	136351	13		17	6h	PK_15	6	1202	136420	140772	136420	140772	72	1202
LT934125.1	+	IE180_2	PK_15_8h	1202	136335	136351	136348	1184.215721	750.003289	136339	136350	12		17	8h	PK_15	8	1202	136420	140772	136420	140772	72	1202
LT934125.1	+	NOIR	C6_12h	964	107420	107437	107432	237.78053	69.93545	107420	107432	13		18	12h	C6	12	0	107483	108830	107483	108830	51	0
LT934125.1	+	NOIR	C6_12h	965	107473	107485	107482	755.302857	349.677248	107482	107484	3		13	12h	C6	12	965	107483	108830	107483	108830	1	965
LT934125.1	+	NOIR	C6_4h	964	107420	107427	107420	1050.97215	525.486075	107420	107427	8		8	4h	C6	4	964	107483	108830	107483	108830	63	964
LT934125.1	+	NOIR	C6_6h	963	107344	107353	107344	172.488142	86.244071	107344	107353	10		10	6h	C6	6	0	107483	108830	107483	108830	139	0
LT934125.1	+	NOIR	C6_6h	965	107468	107485	107483	1034.928849	344.976283	107476	107484	9	NOIR	18	6h	C6	6	965	107483	108830	107483	108830	0	965
LT934125.1	+	NOIR	C6_8h	962	107304	107310	107304	64.5682	32.2841	107304	107310	7		7	8h	C6	8	0	107483	108830	107483	108830	179	0
LT934125.1	+	NOIR	C6_8h	964	107420	107450	107422	548.8297	129.1364	107420	107443	24		31	8h	C6	8	0	107483	108830	107483	108830	61	0
LT934125.1	+	NOIR	C6_8h	965	107470	107485	107482	1355.932203	807.102502	107482	107483	2		16	8h	C6	8	965	107483	108830	107483	108830	1	965
LT934125.1	+	NOIR	NRK_12h	962	107308	107308	107308	44.812103	44.812103	107308	107308	1		1	12h	NRK	12	0	107483	108830	107483	108830	175	0
LT934125.1	+	NOIR	NRK_12h	964	107420	107445	107422	510.857972	152.36115	107420	107437	18		26	12h	NRK	12	0	107483	108830	107483	108830	61	0
LT934125.1	+	NOIR	NRK_12h	965	107473	107494	107482	1505.686655	600.482178	107482	107485	4		22	12h	NRK	12	965	107483	108830	107483	108830	1	965
LT934125.1	+	NOIR	NRK_4h	964	107422	107422	107422	586.85446	586.85446	107422	107422	1		1	4h	NRK	4	0	107483	108830	107483	108830	61	0
LT934125.1	+	NOIR	NRK_4h	965	107482	107489	107482	2934.2723	1760.56338	107482	107489	8		8	4h	NRK	4	965	107483	108830	107483	108830	1	965
LT934125.1	+	NOIR	NRK_6h	964	107422	107429	107422	403.605543	134.535181	107422	107429	8		8	6h	NRK	6	0	107483	108830	107483	108830	61	0
LT934125.1	+	NOIR	NRK_6h	965	107468	107486	107483	2825.238801	941.746267	107482	107485	4	NOIR	19	6h	NRK	6	965	107483	108830	107483	108830	0	965
LT934125.1	+	NOIR	NRK_8h	962	107308	107308	107308	81.685999	81.685999	107308	107308	1		1	8h	NRK	8	0	107483	108830	107483	108830	175	0
LT934125.1	+	NOIR	NRK_8h	964	107422	107422	107422	326.743996	326.743996	107422	107422	1		1	8h	NRK	8	0	107483	108830	107483	108830	61	0
LT934125.1	+	NOIR	NRK_8h	965	107476	107484	107482	1143.603986	571.801993	107480	107483	4		9	8h	NRK	8	965	107483	108830	107483	108830	1	965
LT934125.1	+	NOIR	PC_12_12h	962	107308	107308	107308	40.953675	40.953675	107308	107308	1		1	12h	PC_12	12	0	107483	108830	107483	108830	175	0
LT934125.1	+	NOIR	PC_12_12h	964	107420	107432	107422	259.373273	81.907349	107420	107432	13		13	12h	PC_12	12	0	107483	108830	107483	108830	61	0
LT934125.1	+	NOIR	PC_12_12h	965	107473	107485	107482	1208.133401	423.187971	107476	107485	10		13	12h	PC_12	12	965	107483	108830	107483	108830	1	965
LT934125.1	+	NOIR	PC_12_1h	964	107400	107400	107400	2227.171492	2227.171492	107400	107400	1		1	1h	PC_12	1	964	107483	108830	107483	108830	83	0
LT934125.1	+	NOIR	PC_12_1h	965	107479	107479	107479	2227.171492	2227.171492	107479	107479	1		1	1h	PC_12	1	965	107483	108830	107483	108830	4	965
LT934125.1	+	NOIR	PC_12_2.5h	965	107482	107482	107482	2220.57735	2220.57735	107482	107482	1		1	2.5h	PC_12	2.5	965	107483	108830	107483	108830	1	965
LT934125.1	+	NOIR	PC_12_2h	964	107378	107432	107378	1334.222816	667.111408	107378	107432	55		55	2h	PC_12	2	964	107483	108830	107483	108830	105	0
LT934125.1	+	NOIR	PC_12_2h	965	107482	107482	107482	1334.222815	1334.222815	107482	107482	1		1	2h	PC_12	2	0	107483	108830	107483	108830	1	965
LT934125.1	+	NOIR	PC_12_4h	964	107420	107437	107420	501.907249	200.762899	107420	107437	18		18	4h	PC_12	4	964	107483	108830	107483	108830	63	964
LT934125.1	+	NOIR	PC_12_6h	962	107308	107308	107308	26.651031	26.651031	107308	107308	1		1	6h	PC_12	6	0	107483	108830	107483	108830	175	0
LT934125.1	+	NOIR	PC_12_6h	964	107412	107432	107422	319.812376	106.604126	107420	107426	7		21	6h	PC_12	6	0	107483	108830	107483	108830	61	0
LT934125.1	+	NOIR	PC_12_6h	965	107473	107485	107483	799.530941	239.859283	107475	107485	11	NOIR	13	6h	PC_12	6	965	107483	108830	107483	108830	0	965
LT934125.1	+	NOIR	PC_12_8h	962	107308	107313	107308	63.9141	31.95705	107308	107313	6		6	8h	PC_12	8	0	107483	108830	107483	108830	175	0
LT934125.1	+	NOIR	PC_12_8h	964	107415	107432	107422	575.226894	191.742298	107420	107432	13		18	8h	PC_12	8	0	107483	108830	107483	108830	61	0
LT934125.1	+	NOIR	PC_12_8h	965	107473	107485	107482	1661.766587	926.754442	107479	107484	6		13	8h	PC_12	8	965	107483	108830	107483	108830	1	965
LT934125.1	+	NOIR	PK_15_12h	962	107308	107308	107308	11.441648	11.441648	107308	107308	1		1	12h	PK_15	12	0	107483	108830	107483	108830	175	0
LT934125.1	+	NOIR	PK_15_12h	964	107420	107432	107432	304.347828	100.686499	107420	107432	13		13	12h	PK_15	12	0	107483	108830	107483	108830	51	0
LT934125.1	+	NOIR	PK_15_12h	965	107473	107485	107482	1009.153318	405.034325	107482	107485	4		13	12h	PK_15	12	965	107483	108830	107483	108830	1	965
LT934125.1	+	NOIR	PK_15_2h	964	107401	107401	107401	362.056481	362.056481	107401	107401	1		1	2h	PK_15	2	0	107483	108830	107483	108830	82	0
LT934125.1	+	NOIR	PK_15_2h	965	107482	107482	107482	1810.282404	1810.282404	107482	107482	1		1	2h	PK_15	2	965	107483	108830	107483	108830	1	965
LT934125.1	+	NOIR	PK_15_4h	964	107420	107437	107432	2273.280834	649.508809	107420	107433	14		18	4h	PK_15	4	0	107483	108830	107483	108830	51	0
LT934125.1	+	NOIR	PK_15_4h	965	107476	107485	107482	2354.469434	933.668913	107479	107485	7		10	4h	PK_15	4	965	107483	108830	107483	108830	1	965
LT934125.1	+	NOIR	PK_15_6h	962	107308	107308	107308	16.129162	16.129162	107308	107308	1		1	6h	PK_15	6	0	107483	108830	107483	108830	175	0
LT934125.1	+	NOIR	PK_15_6h	964	107419	107445	107422	967.749738	258.066597	107420	107432	13		27	6h	PK_15	6	0	107483	108830	107483	108830	61	0
LT934125.1	+	NOIR	PK_15_6h	965	107472	107485	107482	2467.761836	1201.622594	107482	107484	3		14	6h	PK_15	6	965	107483	108830	107483	108830	1	965
LT934125.1	+	NOIR	PK_15_8h	961	107242	107242	107242	13.157952	13.157952	107242	107242	1		1	8h	PK_15	8	0	107483	108830	107483	108830	241	0
LT934125.1	+	NOIR	PK_15_8h	962	107308	107308	107308	13.157952	13.157952	107308	107308	1		1	8h	PK_15	8	0	107483	108830	107483	108830	175	0
LT934125.1	+	NOIR	PK_15_8h	963	107349	107349	107349	13.157952	13.157952	107349	107349	1		1	8h	PK_15	8	0	107483	108830	107483	108830	134	0
LT934125.1	+	NOIR	PK_15_8h	964	107420	107432	107422	815.793052	271.931017	107420	107432	13		13	8h	PK_15	8	0	107483	108830	107483	108830	61	0
LT934125.1	+	NOIR	PK_15_8h	965	107473	107485	107482	2535.098837	1364.04107	107482	107485	4		13	8h	PK_15	8	965	107483	108830	107483	108830	1	965
LT934125.1	+	ORF-1	C6_12h	15	1519	1519	1519	27.97418	27.97418	1519	1519	1		1	12h	C6	12	0	1623	2243	1623	2243	104	0
LT934125.1	+	ORF-1	C6_12h	16	1600	1604	1600	1951.199044	1433.676716	1600	1603	4		5	12h	C6	12	16	1623	2243	1623	2243	23	16
LT934125.1	+	ORF-1	C6_4h	13	1393	1393	1393	525.486075	525.486075	1393	1393	1		1	4h	C6	4	0	1623	2243	1623	2243	230	0
LT934125.1	+	ORF-1	C6_4h	16	1593	1603	1600	4203.888598	2627.430373	1593	1603	11		11	4h	C6	4	16	1623	2243	1623	2243	23	16
LT934125.1	+	ORF-1	C6_6h	16	1583	1604	1600	3363.518758	2328.589909	1600	1603	4		22	6h	C6	6	16	1623	2243	1623	2243	23	16
LT934125.1	+	ORF-1	C6_8h	14	1428	1428	1428	32.2841	32.2841	1428	1428	1		1	8h	C6	8	0	1623	2243	1623	2243	195	0
LT934125.1	+	ORF-1	C6_8h	15	1519	1519	1519	32.2841	32.2841	1519	1519	1		1	8h	C6	8	0	1623	2243	1623	2243	104	0
LT934125.1	+	ORF-1	C6_8h	16	1590	1604	1600	1807.909604	1097.659403	1600	1603	4		15	8h	C6	8	16	1623	2243	1623	2243	23	16
LT934125.1	+	ORF-1	NRK_12h	15	1496	1496	1496	17.924841	17.924841	1496	1496	1		1	12h	NRK	12	0	1623	2243	1623	2243	127	0
LT934125.1	+	ORF-1	NRK_12h	16	1590	1603	1600	5673.212222	3988.277154	1600	1603	4		14	12h	NRK	12	16	1623	2243	1623	2243	23	16
LT934125.1	+	ORF-1	NRK_4h	15	1524	1524	1524	586.85446	586.85446	1524	1524	1		1	4h	NRK	4	0	1623	2243	1623	2243	99	0
LT934125.1	+	ORF-1	NRK_4h	16	1600	1604	1600	7042.253521	5281.690141	1600	1604	5		5	4h	NRK	4	16	1623	2243	1623	2243	23	16
LT934125.1	+	ORF-1	NRK_6h	16	1600	1612	1600	4977.801695	2690.703619	1600	1603	4		13	6h	NRK	6	16	1623	2243	1623	2243	23	16
LT934125.1	+	ORF-1	NRK_8h	14	1438	1438	1438	81.685999	81.685999	1438	1438	1		1	8h	NRK	8	0	1623	2243	1623	2243	185	0
LT934125.1	+	ORF-1	NRK_8h	15	1496	1559	1496	163.371998	81.685999	1496	1559	64		64	8h	NRK	8	0	1623	2243	1623	2243	127	0
LT934125.1	+	ORF-1	NRK_8h	16	1597	1603	1600	5881.391929	4002.613952	1600	1603	4		7	8h	NRK	8	16	1623	2243	1623	2243	23	16
LT934125.1	+	ORF-1	PC_12_12h	16	1590	1603	1600	2504.999761	1979.427604	1600	1603	4		14	12h	PC_12	12	16	1623	2243	1623	2243	23	16
LT934125.1	+	ORF-1	PC_12_2.5h	15	1542	1542	1542	1480.3849	1480.3849	1542	1542	1		1	2.5h	PC_12	2.5	0	1623	2243	1623	2243	81	0
LT934125.1	+	ORF-1	PC_12_2.5h	16	1600	1600	1600	2220.57735	2220.57735	1600	1600	1		1	2.5h	PC_12	2.5	16	1623	2243	1623	2243	23	16
LT934125.1	+	ORF-1	PC_12_2h	15	1477	1477	1477	667.111408	667.111408	1477	1477	1		1	2h	PC_12	2	0	1623	2243	1623	2243	146	0
LT934125.1	+	ORF-1	PC_12_2h	16	1600	1600	1600	1334.222815	1334.222815	1600	1600	1		1	2h	PC_12	2	16	1623	2243	1623	2243	23	16
LT934125.1	+	ORF-1	PC_12_4h	15	1519	1519	1519	100.38145	100.38145	1519	1519	1		1	4h	PC_12	4	0	1623	2243	1623	2243	104	0
LT934125.1	+	ORF-1	PC_12_4h	16	1595	1603	1600	3914.876532	3412.969283	1600	1600	1		9	4h	PC_12	4	16	1623	2243	1623	2243	23	16
LT934125.1	+	ORF-1	PC_12_6h	15	1519	1519	1519	26.651031	26.651031	1519	1519	1		1	6h	PC_12	6	0	1623	2243	1623	2243	104	0
LT934125.1	+	ORF-1	PC_12_6h	16	1590	1603	1600	3997.65471	3384.680987	1600	1602	3		14	6h	PC_12	6	16	1623	2243	1623	2243	23	16
LT934125.1	+	ORF-1	PC_12_8h	13	1393	1393	1393	63.914099	63.914099	1393	1393	1		1	8h	PC_12	8	0	1623	2243	1623	2243	230	0
LT934125.1	+	ORF-1	PC_12_8h	15	1471	1536	1471	63.9141	31.95705	1471	1536	66		66	8h	PC_12	8	0	1623	2243	1623	2243	152	0
LT934125.1	+	ORF-1	PC_12_8h	16	1588	1604	1600	3770.931868	2492.649879	1600	1603	4		17	8h	PC_12	8	16	1623	2243	1623	2243	23	16
LT934125.1	+	ORF-1	PK_15_12h	16	1600	1603	1600	1478.260869	1162.471396	1600	1603	4		4	12h	PK_15	12	16	1623	2243	1623	2243	23	16
LT934125.1	+	ORF-1	PK_15_2h	14	1429	1429	1429	362.056481	362.056481	1429	1429	1		1	2h	PK_15	2	0	1623	2243	1623	2243	194	0
LT934125.1	+	ORF-1	PK_15_2h	16	1600	1604	1600	1086.169443	724.112962	1600	1604	5		5	2h	PK_15	2	16	1623	2243	1623	2243	23	16
LT934125.1	+	ORF-1	PK_15_4h	15	1469	1519	1469	81.188602	40.594301	1469	1519	51		51	4h	PK_15	4	0	1623	2243	1623	2243	154	0
LT934125.1	+	ORF-1	PK_15_4h	16	1600	1604	1600	893.074612	608.914508	1600	1603	4		5	4h	PK_15	4	16	1623	2243	1623	2243	23	16
LT934125.1	+	ORF-1	PK_15_6h	16	1600	1604	1600	1088.718457	750.006048	1600	1603	4		5	6h	PK_15	6	16	1623	2243	1623	2243	23	16
LT934125.1	+	ORF-1	PK_15_8h	16	1600	1603	1600	1464.918706	1004.39037	1600	1603	4		4	8h	PK_15	8	16	1623	2243	1623	2243	23	16
LT934125.1	+	UL11	C6_1h	724	79749	79749	79749	1540.832049	1540.832049	79749	79749	1	UL12	1	1h	C6	1	724	79779	79970	79779	79970	30	724
LT934125.1	+	UL11	PC_12_1.5h	724	79681	79681	79681	2212.389381	2212.389381	79681	79681	1	UL12	1	1.5h	PC_12	1.5	724	79779	79970	79779	79970	98	724
LT934125.1	+	UL11	PC_12_1h	724	79712	79712	79712	2227.171492	2227.171492	79712	79712	1	UL12	1	1h	PC_12	1	724	79779	79970	79779	79970	67	724
LT934125.1	+	UL11	PC_12_2h	724	79714	79714	79714	667.111408	667.111408	79714	79714	1	UL12	1	2h	PC_12	2	724	79779	79970	79779	79970	65	724
LT934125.1	+	UL12	C6_8h	704	78267	78267	78267	32.2841	32.2841	78267	78267	1	UL13	1	8h	C6	8	0	78364	79821	78364	79821	97	0
LT934125.1	+	UL12	C6_8h	705	78329	78332	78329	64.5682	32.2841	78329	78332	4	UL13	4	8h	C6	8	705	78364	79821	78364	79821	35	705
LT934125.1	+	UL12	PC_12_8h	704	78295	78300	78295	63.9141	31.95705	78295	78300	6	UL13	6	8h	PC_12	8	704	78364	79821	78364	79821	69	704
LT934125.1	+	UL12	PK_15_4h	704	78282	78282	78282	40.594301	40.594301	78282	78282	1	UL13	1	4h	PK_15	4	704	78364	79821	78364	79821	82	704
LT934125.1	+	UL12	PK_15_8h	705	78332	78332	78332	13.157952	13.157952	78332	78332	1	UL13	1	8h	PK_15	8	705	78364	79821	78364	79821	32	705
LT934125.1	+	UL13	NRK_4h	690	77175	77175	77175	586.85446	586.85446	77175	77175	1	UL14	1	4h	NRK	4	690	77202	78398	77202	78398	27	690
LT934125.1	+	UL13	NRK_8h	690	77196	77196	77196	81.685999	81.685999	77196	77196	1	UL14	1	8h	NRK	8	690	77202	78398	77202	78398	6	690
LT934125.1	+	UL13	PC_12_8h	690	77169	77169	77169	31.95705	31.95705	77169	77169	1	UL14	1	8h	PC_12	8	690	77202	78398	77202	78398	33	690
LT934125.1	+	UL14	C6_12h	684	76677	76687	76683	1454.657352	832.23185	76683	76685	3		11	12h	C6	12	684	76753	77232	76753	77232	70	0
LT934125.1	+	UL14	C6_12h	685	76749	76749	76749	34.967725	34.967725	76749	76749	1		1	12h	C6	12	0	76753	77232	76753	77232	4	685
LT934125.1	+	UL14	C6_1h	684	76683	76689	76683	6163.328197	3081.664099	76683	76689	7		7	1h	C6	1	684	76753	77232	76753	77232	70	684
LT934125.1	+	UL14	C6_6h	684	76674	76688	76683	1897.369557	948.684778	76683	76685	3		15	6h	C6	6	684	76753	77232	76753	77232	70	684
LT934125.1	+	UL14	C6_8h	684	76677	76685	76683	1259.079903	742.534302	76677	76685	9		9	8h	C6	8	684	76753	77232	76753	77232	70	684
LT934125.1	+	UL14	NRK_12h	684	76683	76685	76683	304.7223	170.285991	76683	76685	3		3	12h	NRK	12	684	76753	77232	76753	77232	70	0
LT934125.1	+	UL14	NRK_12h	685	76749	76749	76749	26.887262	26.887262	76749	76749	1		1	12h	NRK	12	0	76753	77232	76753	77232	4	685
LT934125.1	+	UL14	NRK_4h	684	76685	76685	76685	1173.70892	1173.70892	76685	76685	1		1	4h	NRK	4	684	76753	77232	76753	77232	68	684
LT934125.1	+	UL14	NRK_6h	684	76677	76685	76685	538.140724	269.070362	76677	76685	9		9	6h	NRK	6	684	76753	77232	76753	77232	68	684
LT934125.1	+	UL14	NRK_8h	684	76677	76687	76683	1552.033981	980.231988	76682	76685	4		11	8h	NRK	8	684	76753	77232	76753	77232	70	684
LT934125.1	+	UL14	PC_12_12h	684	76677	76685	76683	389.059908	238.896435	76682	76685	4		9	12h	PC_12	12	684	76753	77232	76753	77232	70	684
LT934125.1	+	UL14	PC_12_2h	684	76683	76685	76683	3335.557038	1334.222815	76683	76685	3		3	2h	PC_12	2	684	76753	77232	76753	77232	70	684
LT934125.1	+	UL14	PC_12_4h	684	76683	76685	76683	903.433046	602.288697	76683	76685	3		3	4h	PC_12	4	684	76753	77232	76753	77232	70	0
LT934125.1	+	UL14	PC_12_4h	685	76748	76748	76748	100.38145	100.38145	76748	76748	1		1	4h	PC_12	4	0	76753	77232	76753	77232	5	685
LT934125.1	+	UL14	PC_12_6h	684	76677	76687	76683	799.530942	373.11444	76683	76685	3		11	6h	PC_12	6	684	76753	77232	76753	77232	70	684
LT934125.1	+	UL14	PC_12_8h	684	76677	76685	76683	447.398696	255.656398	76677	76685	9		9	8h	PC_12	8	684	76753	77232	76753	77232	70	684
LT934125.1	+	UL14	PK_15_12h	684	76683	76685	76683	183.066362	123.569794	76683	76685	3		3	12h	PK_15	12	684	76753	77232	76753	77232	70	684
LT934125.1	+	UL14	PK_15_2h	684	76683	76683	76683	724.112962	724.112962	76683	76683	1		1	2h	PK_15	2	684	76753	77232	76753	77232	70	684
LT934125.1	+	UL14	PK_15_4h	684	76682	76685	76683	974.263214	527.725907	76683	76685	3		4	4h	PK_15	4	684	76753	77232	76753	77232	70	684
LT934125.1	+	UL14	PK_15_6h	684	76677	76689	76683	814.522697	451.616545	76683	76687	5		13	6h	PK_15	6	684	76753	77232	76753	77232	70	684
LT934125.1	+	UL14	PK_15_8h	684	76677	76687	76683	644.73967	355.264716	76683	76685	3		11	8h	PK_15	8	684	76753	77232	76753	77232	70	684
LT934125.1	+	UL16	C6_8h	672	74573	74573	74573	32.2841	32.2841	74573	74573	1	UL17	1	8h	C6	8	672	74654	75640	74654	75640	81	672
LT934125.1	+	UL16	NRK_12h	673	74629	74930	74629	179.248412	26.887262	74629	74927	299		302	12h	NRK	12	673	74654	75640	74654	75640	25	673
LT934125.1	+	UL16	NRK_4h	673	74629	74629	74629	586.85446	586.85446	74629	74629	1		1	4h	NRK	4	673	74654	75640	74654	75640	25	673
LT934125.1	+	UL16	PC_12_4h	673	74643	74896	74643	200.7629	100.38145	74643	74896	254		254	4h	PC_12	4	673	74654	75640	74654	75640	11	673
LT934125.1	+	UL16	PC_12_8h	673	74643	74981	74643	287.613449	63.914099	74643	74981	339		339	8h	PC_12	8	673	74654	75640	74654	75640	11	673
LT934125.1	+	UL16	PK_15_4h	672	74556	74556	74556	40.594301	40.594301	74556	74556	1	UL17	1	4h	PK_15	4	0	74654	75640	74654	75640	98	0
LT934125.1	+	UL16	PK_15_4h	673	74629	74932	74629	284.160107	40.594301	74629	74932	304		304	4h	PK_15	4	673	74654	75640	74654	75640	25	673
LT934125.1	+	UL16	PK_15_6h	672	74570	74570	74570	16.129162	16.129162	74570	74570	1	UL17	1	6h	PK_15	6	0	74654	75640	74654	75640	84	0
LT934125.1	+	UL16	PK_15_6h	673	74636	74770	74636	40.322905	24.193743	74636	74770	135		135	6h	PK_15	6	673	74654	75640	74654	75640	18	673
LT934125.1	+	UL17	C6_12h	645	72758	72763	72759	1042.038199	657.393226	72758	72763	6		6	12h	C6	12	645	72834	74627	72834	74627	75	645
LT934125.1	+	UL17	C6_4h	644	72688	72688	72688	525.486075	525.486075	72688	72688	1		1	4h	C6	4	0	72834	74627	72834	74627	146	0
LT934125.1	+	UL17	C6_4h	645	72759	72759	72759	1050.972149	1050.972149	72759	72759	1		1	4h	C6	4	645	72834	74627	72834	74627	75	645
LT934125.1	+	UL17	C6_6h	644	72694	72694	72694	86.244071	86.244071	72694	72694	1		1	6h	C6	6	0	72834	74627	72834	74627	140	0
LT934125.1	+	UL17	C6_6h	645	72758	72763	72759	517.464425	344.976283	72758	72763	6		6	6h	C6	6	645	72834	74627	72834	74627	75	645
LT934125.1	+	UL17	C6_8h	643	72649	72649	72649	32.2841	32.2841	72649	72649	1		1	8h	C6	8	0	72834	74627	72834	74627	185	0
LT934125.1	+	UL17	C6_8h	645	72758	72763	72759	548.829701	387.409201	72758	72759	2		6	8h	C6	8	645	72834	74627	72834	74627	75	645
LT934125.1	+	UL17	NRK_12h	645	72758	72759	72759	161.323571	134.436309	72758	72759	2		2	12h	NRK	12	645	72834	74627	72834	74627	75	645
LT934125.1	+	UL17	NRK_6h	645	72759	72759	72759	269.070362	269.070362	72759	72759	1		1	6h	NRK	6	645	72834	74627	72834	74627	75	645
LT934125.1	+	UL17	NRK_8h	645	72759	72759	72759	163.371998	163.371998	72759	72759	1		1	8h	NRK	8	645	72834	74627	72834	74627	75	645
LT934125.1	+	UL17	PC_12_12h	645	72758	72763	72759	491.444095	382.234296	72759	72760	2		6	12h	PC_12	12	645	72834	74627	72834	74627	75	645
LT934125.1	+	UL17	PC_12_4h	645	72759	72760	72759	401.525799	301.144349	72759	72760	2		2	4h	PC_12	4	645	72834	74627	72834	74627	75	645
LT934125.1	+	UL17	PC_12_6h	643	72649	72649	72649	26.651031	26.651031	72649	72649	1		1	6h	PC_12	6	0	72834	74627	72834	74627	185	0
LT934125.1	+	UL17	PC_12_6h	645	72759	72763	72759	612.973722	533.020628	72759	72760	2		5	6h	PC_12	6	645	72834	74627	72834	74627	75	645
LT934125.1	+	UL17	PC_12_8h	642	72618	72618	72618	31.95705	31.95705	72618	72618	1		1	8h	PC_12	8	0	72834	74627	72834	74627	216	0
LT934125.1	+	UL17	PC_12_8h	645	72758	72763	72759	543.269846	383.484597	72758	72761	4		6	8h	PC_12	8	645	72834	74627	72834	74627	75	645
LT934125.1	+	UL17	PK_15_12h	645	72758	72763	72759	411.899313	292.906178	72759	72763	5		6	12h	PK_15	12	645	72834	74627	72834	74627	75	645
LT934125.1	+	UL17	PK_15_4h	645	72758	72764	72759	243.565804	162.377202	72758	72764	7		7	4h	PK_15	4	645	72834	74627	72834	74627	75	645
LT934125.1	+	UL17	PK_15_6h	645	72758	72763	72759	459.681127	322.583247	72758	72763	6		6	6h	PK_15	6	645	72834	74627	72834	74627	75	645
LT934125.1	+	UL17	PK_15_8h	645	72758	72763	72759	605.265813	434.212431	72758	72763	6		6	8h	PK_15	8	645	72834	74627	72834	74627	75	645
LT934125.1	+	UL18	C6_12h	619	70414	70414	70414	20.980635	20.980635	70414	70414	1		1	12h	C6	12	0	70559	71449	70559	71449	145	0
LT934125.1	+	UL18	C6_12h	620	70525	70531	70531	53906.244537	31596.83612	70529	70531	3		7	12h	C6	12	620	70559	71449	70559	71449	28	620
LT934125.1	+	UL18	C6_1h	620	70529	70534	70531	24653.312788	12326.656394	70529	70532	4		6	1h	C6	1	620	70559	71449	70559	71449	28	620
LT934125.1	+	UL18	C6_2h	620	70528	70535	70531	39653.035936	18587.360595	70529	70531	3		8	2h	C6	2	620	70559	71449	70559	71449	28	620
LT934125.1	+	UL18	C6_4h	620	70529	70531	70529	35733.053074	19442.984761	70529	70531	3		3	4h	C6	4	620	70559	71449	70559	71449	30	620
LT934125.1	+	UL18	C6_6h	620	70525	70531	70531	30530.401035	18025.010781	70529	70531	3		7	6h	C6	6	620	70559	71449	70559	71449	28	620
LT934125.1	+	UL18	C6_8h	620	70525	70531	70531	35351.089588	19983.85795	70529	70531	3		7	8h	C6	8	620	70559	71449	70559	71449	28	620
LT934125.1	+	UL18	NRK_12h	620	70525	70531	70531	42356.399617	23553.241259	70529	70531	3		7	12h	NRK	12	620	70559	71449	70559	71449	28	620
LT934125.1	+	UL18	NRK_1h	620	70529	70531	70529	20202.020202	10101.010101	70529	70531	3		3	1h	NRK	1	620	70559	71449	70559	71449	30	620
LT934125.1	+	UL18	NRK_2h	620	70529	70531	70529	16181.229773	9708.737864	70529	70531	3		3	2h	NRK	2	620	70559	71449	70559	71449	30	620
LT934125.1	+	UL18	NRK_4h	620	70525	70531	70531	25234.741784	12910.798122	70529	70531	3		7	4h	NRK	4	620	70559	71449	70559	71449	28	620
LT934125.1	+	UL18	NRK_6h	620	70529	70531	70531	26772.501009	15337.010628	70529	70531	3		3	6h	NRK	6	620	70559	71449	70559	71449	28	620
LT934125.1	+	UL18	NRK_8h	620	70522	70531	70529	32347.655612	17154.059794	70529	70531	3		10	8h	NRK	8	620	70559	71449	70559	71449	30	620
LT934125.1	+	UL18	PC_12_0.5h	620	70529	70529	70529	32258.064516	32258.064516	70529	70529	1		1	0.5h	PC_12	0.5	620	70559	71449	70559	71449	30	620
LT934125.1	+	UL18	PC_12_1.5h	620	70529	70534	70531	24336.283186	13274.336283	70529	70531	3		6	1.5h	PC_12	1.5	620	70559	71449	70559	71449	28	620
LT934125.1	+	UL18	PC_12_12h	619	70397	70397	70397	20.476837	20.476837	70397	70397	1		1	12h	PC_12	12	0	70559	71449	70559	71449	162	0
LT934125.1	+	UL18	PC_12_12h	620	70525	70531	70531	34872.053894	20667.954432	70529	70531	3		7	12h	PC_12	12	620	70559	71449	70559	71449	28	620
LT934125.1	+	UL18	PC_12_1h	620	70529	70531	70529	15590.200446	8908.685969	70529	70531	3		3	1h	PC_12	1	620	70559	71449	70559	71449	30	620
LT934125.1	+	UL18	PC_12_2.5h	620	70525	70532	70531	22945.965951	12583.271651	70529	70531	3		8	2.5h	PC_12	2.5	620	70559	71449	70559	71449	28	620
LT934125.1	+	UL18	PC_12_2h	620	70529	70531	70531	22014.676451	11340.893929	70529	70531	3		3	2h	PC_12	2	620	70559	71449	70559	71449	28	620
LT934125.1	+	UL18	PC_12_4h	620	70525	70531	70531	32925.115439	18871.712508	70529	70531	3		7	4h	PC_12	4	620	70559	71449	70559	71449	28	620
LT934125.1	+	UL18	PC_12_6h	619	70395	70438	70395	53.302062	26.651031	70395	70438	44		44	6h	PC_12	6	0	70559	71449	70559	71449	164	0
LT934125.1	+	UL18	PC_12_6h	620	70525	70531	70531	34646.340814	19481.90395	70529	70531	3		7	6h	PC_12	6	620	70559	71449	70559	71449	28	620
LT934125.1	+	UL18	PC_12_8h	620	70525	70531	70531	25821.296178	15754.825515	70529	70531	3		7	8h	PC_12	8	620	70559	71449	70559	71449	28	620
LT934125.1	+	UL18	PK_15_12h	620	70525	70531	70531	36659.038902	22148.741419	70529	70531	3		7	12h	PK_15	12	620	70559	71449	70559	71449	28	620
LT934125.1	+	UL18	PK_15_2h	620	70529	70534	70531	14844.315714	7603.186097	70529	70531	3		6	2h	PK_15	2	620	70559	71449	70559	71449	28	620
LT934125.1	+	UL18	PK_15_4h	620	70525	70531	70531	25696.192254	14086.222294	70529	70531	3		7	4h	PK_15	4	620	70559	71449	70559	71449	28	620
LT934125.1	+	UL18	PK_15_6h	620	70525	70531	70531	26395.374157	15742.062436	70529	70531	3		7	6h	PK_15	6	620	70559	71449	70559	71449	28	620
LT934125.1	+	UL18	PK_15_8h	620	70525	70531	70531	26026.429941	15565.857745	70529	70531	3		7	8h	PK_15	8	620	70559	71449	70559	71449	28	620
LT934125.1	+	UL19	C6_12h	565	66335	66341	66338	4916.462105	3342.91449	66338	66341	4		7	12h	C6	12	565	66399	70391	66399	70391	61	565
LT934125.1	+	UL19	C6_2h	565	66338	66345	66338	3717.472119	2478.314746	66338	66345	8		8	2h	C6	2	565	66399	70391	66399	70391	61	565
LT934125.1	+	UL19	C6_4h	565	66338	66338	66338	2101.944298	2101.944298	66338	66338	1		1	4h	C6	4	565	66399	70391	66399	70391	61	565
LT934125.1	+	UL19	C6_6h	565	66335	66341	66338	3708.495042	2242.345839	66338	66341	4		7	6h	C6	6	565	66399	70391	66399	70391	61	565
LT934125.1	+	UL19	C6_8h	565	66337	66341	66338	1840.193705	1452.784504	66338	66341	4		5	8h	C6	8	565	66399	70391	66399	70391	61	565
LT934125.1	+	UL19	NRK_12h	565	66337	66341	66338	1711.822329	1335.400665	66338	66341	4		5	12h	NRK	12	565	66399	70391	66399	70391	61	565
LT934125.1	+	UL19	NRK_1h	565	66338	66338	66338	10101.010101	10101.010101	66338	66338	1		1	1h	NRK	1	565	66399	70391	66399	70391	61	565
LT934125.1	+	UL19	NRK_2h	565	66338	66338	66338	3236.245955	3236.245955	66338	66338	1		1	2h	NRK	2	565	66399	70391	66399	70391	61	565
LT934125.1	+	UL19	NRK_4h	565	66335	66338	66335	1173.70892	586.85446	66335	66338	4		4	4h	NRK	4	565	66399	70391	66399	70391	64	565
LT934125.1	+	UL19	NRK_6h	565	66335	66341	66338	941.746267	672.675905	66335	66341	7		7	6h	NRK	6	565	66399	70391	66399	70391	61	565
LT934125.1	+	UL19	NRK_8h	565	66338	66345	66338	1388.661983	1143.603986	66338	66341	4		8	8h	NRK	8	565	66399	70391	66399	70391	61	565
LT934125.1	+	UL19	PC_12_12h	565	66335	66341	66338	2784.84987	1958.950767	66338	66341	4		7	12h	PC_12	12	565	66399	70391	66399	70391	61	565
LT934125.1	+	UL19	PC_12_2h	565	66338	66338	66338	2001.334223	2001.334223	66338	66338	1		1	2h	PC_12	2	565	66399	70391	66399	70391	61	565
LT934125.1	+	UL19	PC_12_4h	565	66335	66347	66338	2308.77334	1304.958844	66338	66341	4		13	4h	PC_12	4	565	66399	70391	66399	70391	61	565
LT934125.1	+	UL19	PC_12_6h	565	66335	66344	66338	2291.9887	1412.504664	66338	66341	4		10	6h	PC_12	6	565	66399	70391	66399	70391	61	565
LT934125.1	+	UL19	PC_12_8h	565	66335	66341	66338	3227.662022	2141.122332	66338	66341	4		7	8h	PC_12	8	565	66399	70391	66399	70391	61	565
LT934125.1	+	UL19	PK_15_12h	565	66335	66341	66338	4659.038902	3093.82151	66338	66341	4		7	12h	PK_15	12	565	66399	70391	66399	70391	61	565
LT934125.1	+	UL19	PK_15_1h	565	66338	66338	66338	2923.976608	2923.976608	66338	66338	1		1	1h	PK_15	1	565	66399	70391	66399	70391	61	565
LT934125.1	+	UL19	PK_15_2h	565	66338	66344	66338	2172.338885	1448.225923	66338	66344	7		7	2h	PK_15	2	565	66399	70391	66399	70391	61	565
LT934125.1	+	UL19	PK_15_4h	565	66335	66341	66338	1420.800521	893.074612	66338	66341	4		7	4h	PK_15	4	565	66399	70391	66399	70391	61	565
LT934125.1	+	UL19	PK_15_6h	565	66335	66341	66338	1951.628642	1395.172542	66338	66341	4		7	6h	PK_15	6	565	66399	70391	66399	70391	61	565
LT934125.1	+	UL19	PK_15_8h	565	66335	66341	66338	4109.667148	2820.187808	66338	66341	4		7	8h	PK_15	8	565	66399	70391	66399	70391	61	565
LT934125.1	+	UL20	C6_12h	562	65805	65809	65807	412.619153	237.780529	65805	65807	3		5	12h	C6	12	562	65827	66312	65827	66312	20	562
LT934125.1	+	UL20	C6_2h	562	65807	65807	65807	2478.314746	2478.314746	65807	65807	1		1	2h	C6	2	562	65827	66312	65827	66312	20	562
LT934125.1	+	UL20	C6_4h	562	65807	65807	65807	525.486075	525.486075	65807	65807	1		1	4h	C6	4	562	65827	66312	65827	66312	20	562
LT934125.1	+	UL20	C6_6h	562	65805	65815	65805	258.732213	86.244071	65805	65815	11		11	6h	C6	6	562	65827	66312	65827	66312	22	562
LT934125.1	+	UL20	C6_8h	560	65667	65667	65667	32.2841	32.2841	65667	65667	1		1	8h	C6	8	0	65827	66312	65827	66312	160	0
LT934125.1	+	UL20	C6_8h	562	65805	65807	65805	64.5682	32.2841	65805	65807	3		3	8h	C6	8	562	65827	66312	65827	66312	22	562
LT934125.1	+	UL20	NRK_12h	562	65805	65807	65805	143.398729	71.699365	65805	65807	3		3	12h	NRK	12	562	65827	66312	65827	66312	22	562
LT934125.1	+	UL20	NRK_2h	562	65807	65807	65807	3236.245955	3236.245955	65807	65807	1		1	2h	NRK	2	562	65827	66312	65827	66312	20	562
LT934125.1	+	UL20	NRK_6h	560	65654	65654	65654	134.535181	134.535181	65654	65654	1		1	6h	NRK	6	0	65827	66312	65827	66312	173	0
LT934125.1	+	UL20	NRK_6h	562	65805	65807	65805	269.070362	134.535181	65805	65807	3		3	6h	NRK	6	562	65827	66312	65827	66312	22	562
LT934125.1	+	UL20	NRK_8h	562	65804	65808	65805	408.429995	163.371998	65804	65808	5		5	8h	NRK	8	562	65827	66312	65827	66312	22	562
LT934125.1	+	UL20	PC_12_12h	562	65805	65809	65807	348.106234	163.814698	65805	65807	3		5	12h	PC_12	12	562	65827	66312	65827	66312	20	562
LT934125.1	+	UL20	PC_12_1h	562	65802	65802	65802	2227.171492	2227.171492	65802	65802	1		1	1h	PC_12	1	562	65827	66312	65827	66312	25	562
LT934125.1	+	UL20	PC_12_2h	562	65805	65809	65805	2001.334223	1334.222815	65805	65809	5		5	2h	PC_12	2	562	65827	66312	65827	66312	22	562
LT934125.1	+	UL20	PC_12_4h	562	65809	65809	65809	100.38145	100.38145	65809	65809	1		1	4h	PC_12	4	562	65827	66312	65827	66312	18	562
LT934125.1	+	UL20	PC_12_6h	562	65805	65809	65805	293.161345	186.55722	65805	65809	5		5	6h	PC_12	6	562	65827	66312	65827	66312	22	562
LT934125.1	+	UL20	PC_12_8h	561	65749	65749	65749	31.95705	31.95705	65749	65749	1		1	8h	PC_12	8	0	65827	66312	65827	66312	78	0
LT934125.1	+	UL20	PC_12_8h	562	65805	65810	65805	575.226896	255.656398	65805	65808	4		6	8h	PC_12	8	562	65827	66312	65827	66312	22	562
LT934125.1	+	UL20	PK_15_12h	562	65805	65809	65807	260.869566	157.894737	65805	65807	3		5	12h	PK_15	12	562	65827	66312	65827	66312	20	562
LT934125.1	+	UL20	PK_15_2h	562	65807	65808	65807	724.112962	362.056481	65807	65808	2		2	2h	PK_15	2	562	65827	66312	65827	66312	20	562
LT934125.1	+	UL20	PK_15_4h	562	65805	65809	65807	649.50881	324.754404	65805	65809	5		5	4h	PK_15	4	562	65827	66312	65827	66312	20	562
LT934125.1	+	UL20	PK_15_6h	562	65805	65809	65807	540.326938	290.324922	65805	65808	4		5	6h	PK_15	6	562	65827	66312	65827	66312	20	562
LT934125.1	+	UL20	PK_15_8h	562	65805	65809	65807	578.949907	285.08897	65805	65808	4		5	8h	PK_15	8	562	65827	66312	65827	66312	20	562
LT934125.1	+	UL22	C6_12h	514	60232	60239	60234	1580.541161	713.341586	60233	60239	7		8	12h	C6	12	514	60254	62314	60254	62314	20	514
LT934125.1	+	UL22	C6_2h	514	60235	60239	60235	2478.314746	1239.157373	60235	60239	5		5	2h	C6	2	514	60254	62314	60254	62314	19	514
LT934125.1	+	UL22	C6_4h	514	60233	60235	60233	2101.944299	1050.972149	60233	60235	3		3	4h	C6	4	514	60254	62314	60254	62314	21	514
LT934125.1	+	UL22	C6_6h	514	60232	60239	60234	2069.857698	948.684778	60234	60237	4		8	6h	C6	6	514	60254	62314	60254	62314	20	514
LT934125.1	+	UL22	C6_8h	512	60157	60157	60157	32.2841	32.2841	60157	60157	1		1	8h	C6	8	0	60254	62314	60254	62314	97	0
LT934125.1	+	UL22	C6_8h	514	60233	60242	60234	1097.659401	548.829701	60234	60239	6		10	8h	C6	8	514	60254	62314	60254	62314	20	514
LT934125.1	+	UL22	NRK_12h	514	60232	60239	60234	779.73059	304.722299	60233	60239	7		8	12h	NRK	12	514	60254	62314	60254	62314	20	514
LT934125.1	+	UL22	NRK_4h	514	60234	60239	60234	2934.2723	1760.56338	60234	60239	6		6	4h	NRK	4	514	60254	62314	60254	62314	20	514
LT934125.1	+	UL22	NRK_6h	514	60232	60239	60234	1076.281448	403.605543	60232	60239	8		8	6h	NRK	6	514	60254	62314	60254	62314	20	514
LT934125.1	+	UL22	NRK_8h	514	60234	60235	60234	326.743996	163.371998	60234	60235	2		2	8h	NRK	8	514	60254	62314	60254	62314	20	514
LT934125.1	+	UL22	PC_12_12h	514	60232	60239	60235	1276.389525	389.059908	60234	60237	4		8	12h	PC_12	12	514	60254	62314	60254	62314	19	514
LT934125.1	+	UL22	PC_12_1h	514	60217	60217	60217	2227.171492	2227.171492	60217	60217	1		1	1h	PC_12	1	514	60254	62314	60254	62314	37	514
LT934125.1	+	UL22	PC_12_2h	514	60232	60239	60239	2001.334223	1334.222815	60232	60239	8		8	2h	PC_12	2	514	60254	62314	60254	62314	15	514
LT934125.1	+	UL22	PC_12_4h	514	60232	60248	60235	2208.391891	702.670147	60232	60239	8		17	4h	PC_12	4	514	60254	62314	60254	62314	19	514
LT934125.1	+	UL22	PC_12_6h	513	60188	60188	60188	26.651031	26.651031	60188	60188	1		1	6h	PC_12	6	0	60254	62314	60254	62314	66	0
LT934125.1	+	UL22	PC_12_6h	514	60232	60248	60234	1492.457758	453.067534	60234	60239	6		17	6h	PC_12	6	514	60254	62314	60254	62314	20	514
LT934125.1	+	UL22	PC_12_8h	512	60152	60152	60152	63.914099	63.914099	60152	60152	1		1	8h	PC_12	8	0	60254	62314	60254	62314	102	0
LT934125.1	+	UL22	PC_12_8h	514	60232	60242	60234	1757.637736	415.441646	60233	60239	7		11	8h	PC_12	8	514	60254	62314	60254	62314	20	514
LT934125.1	+	UL22	PK_15_12h	514	60232	60239	60234	917.620138	421.052632	60233	60237	5		8	12h	PK_15	12	514	60254	62314	60254	62314	20	514
LT934125.1	+	UL22	PK_15_2h	514	60232	60239	60239	2896.451847	1086.169442	60232	60239	8		8	2h	PK_15	2	514	60254	62314	60254	62314	15	514
LT934125.1	+	UL22	PK_15_4h	514	60232	60239	60234	690.103109	284.160104	60232	60239	8		8	4h	PK_15	4	514	60254	62314	60254	62314	20	514
LT934125.1	+	UL22	PK_15_6h	514	60232	60239	60234	1088.718458	387.099896	60232	60237	6		8	6h	PK_15	6	514	60254	62314	60254	62314	20	514
LT934125.1	+	UL22	PK_15_8h	512	60152	60152	60152	13.157952	13.157952	60152	60152	1		1	8h	PK_15	8	0	60254	62314	60254	62314	102	0
LT934125.1	+	UL22	PK_15_8h	514	60232	60239	60234	1521.936501	710.529432	60233	60236	4		8	8h	PK_15	8	514	60254	62314	60254	62314	20	514
LT934125.1	+	UL23	C6_12h	500	59065	59074	59068	3552.72084	2342.837561	59068	59070	3		10	12h	C6	12	500	59156	60118	59156	60118	88	500
LT934125.1	+	UL23	C6_1h	500	59068	59073	59068	29275.808936	26194.144838	59068	59071	4		6	1h	C6	1	500	59156	60118	59156	60118	88	500
LT934125.1	+	UL23	C6_2h	500	59041	59077	59068	76827.757126	29739.776952	59044	59071	28		37	2h	C6	2	500	59156	60118	59156	60118	88	500
LT934125.1	+	UL23	C6_4h	500	59068	59073	59068	12611.665791	6831.31897	59068	59070	3		6	4h	C6	4	500	59156	60118	59156	60118	88	500
LT934125.1	+	UL23	C6_6h	499	58984	58984	58984	86.244071	86.244071	58984	58984	1		1	6h	C6	6	0	59156	60118	59156	60118	172	0
LT934125.1	+	UL23	C6_6h	500	59065	59074	59068	14144.027599	8883.139284	59068	59070	3		10	6h	C6	6	500	59156	60118	59156	60118	88	0
LT934125.1	+	UL23	C6_6h	501	59115	59115	59115	172.488141	172.488141	59115	59115	1		1	6h	C6	6	0	59156	60118	59156	60118	41	501
LT934125.1	+	UL23	C6_8h	499	58955	58955	58955	32.2841	32.2841	58955	58955	1		1	8h	C6	8	0	59156	60118	59156	60118	201	0
LT934125.1	+	UL23	C6_8h	500	59065	59074	59068	8490.718321	5165.456013	59068	59070	3		10	8h	C6	8	500	59156	60118	59156	60118	88	500
LT934125.1	+	UL23	NRK_12h	500	59038	59074	59068	10360.558182	5018.95552	59044	59070	27		37	12h	NRK	12	500	59156	60118	59156	60118	88	500
LT934125.1	+	UL23	NRK_1h	500	59068	59070	59068	60606.060606	50505.050505	59068	59070	3		3	1h	NRK	1	500	59156	60118	59156	60118	88	500
LT934125.1	+	UL23	NRK_2h	500	59067	59074	59068	38834.951457	19417.475728	59068	59070	3		8	2h	NRK	2	500	59156	60118	59156	60118	88	500
LT934125.1	+	UL23	NRK_4h	499	58955	58955	58955	586.85446	586.85446	58955	58955	1		1	4h	NRK	4	0	59156	60118	59156	60118	201	0
LT934125.1	+	UL23	NRK_4h	500	59068	59074	59068	13497.652581	7042.253521	59068	59074	7		7	4h	NRK	4	500	59156	60118	59156	60118	88	500
LT934125.1	+	UL23	NRK_6h	500	59067	59074	59068	7533.970133	4439.660971	59068	59074	7		8	6h	NRK	6	500	59156	60118	59156	60118	88	500
LT934125.1	+	UL23	NRK_8h	499	58953	58953	58953	81.685999	81.685999	58953	58953	1		1	8h	NRK	8	0	59156	60118	59156	60118	203	0
LT934125.1	+	UL23	NRK_8h	500	59067	59074	59068	15275.281816	9557.261885	59068	59072	5		8	8h	NRK	8	500	59156	60118	59156	60118	88	500
LT934125.1	+	UL23	PC_12_1.5h	500	59067	59070	59068	53097.345133	39823.00885	59068	59070	3		4	1.5h	PC_12	1.5	500	59156	60118	59156	60118	88	500
LT934125.1	+	UL23	PC_12_12h	500	59067	59074	59068	1965.776379	1214.959012	59068	59070	3		8	12h	PC_12	12	500	59156	60118	59156	60118	88	500
LT934125.1	+	UL23	PC_12_1h	500	59068	59074	59068	26726.057906	20044.54343	59068	59070	3		7	1h	PC_12	1	500	59156	60118	59156	60118	88	500
LT934125.1	+	UL23	PC_12_2.5h	500	59068	59070	59068	25906.735751	19985.196151	59068	59070	3		3	2.5h	PC_12	2.5	500	59156	60118	59156	60118	88	500
LT934125.1	+	UL23	PC_12_2h	500	59067	59074	59068	22681.787858	14009.33956	59068	59074	7		8	2h	PC_12	2	500	59156	60118	59156	60118	88	500
LT934125.1	+	UL23	PC_12_4h	500	59067	59074	59068	5520.979724	3212.206384	59068	59074	7		8	4h	PC_12	4	500	59156	60118	59156	60118	88	0
LT934125.1	+	UL23	PC_12_4h	502	59143	59143	59143	100.38145	100.38145	59143	59143	1		1	4h	PC_12	4	0	59156	60118	59156	60118	13	502
LT934125.1	+	UL23	PC_12_6h	499	58962	58962	58962	26.651031	26.651031	58962	58962	1		1	6h	PC_12	6	0	59156	60118	59156	60118	194	0
LT934125.1	+	UL23	PC_12_6h	500	59038	59074	59068	9274.558925	3864.399552	59044	59070	27		37	6h	PC_12	6	500	59156	60118	59156	60118	88	0
LT934125.1	+	UL23	PC_12_6h	502	59153	59153	59153	26.651031	26.651031	59153	59153	1		1	6h	PC_12	6	0	59156	60118	59156	60118	3	502
LT934125.1	+	UL23	PC_12_8h	500	59065	59074	59068	5848.140099	3387.447271	59068	59072	5		10	8h	PC_12	8	500	59156	60118	59156	60118	88	500
LT934125.1	+	UL23	PK_15_12h	500	59067	59074	59068	1210.526316	741.418764	59068	59071	4		8	12h	PK_15	12	500	59156	60118	59156	60118	88	500
LT934125.1	+	UL23	PK_15_1h	500	59044	59044	59044	5847.953216	5847.953216	59044	59044	1		1	1h	PK_15	1	500	59156	60118	59156	60118	112	500
LT934125.1	+	UL23	PK_15_2h	500	59068	59070	59068	14844.315713	9775.524982	59068	59070	3		3	2h	PK_15	2	500	59156	60118	59156	60118	88	500
LT934125.1	+	UL23	PK_15_4h	500	59067	59074	59068	15791.182918	8890.151823	59068	59071	4		8	4h	PK_15	4	500	59156	60118	59156	60118	88	500
LT934125.1	+	UL23	PK_15_6h	500	59038	59074	59068	9435.559963	3604.867781	59044	59070	27		37	6h	PK_15	6	500	59156	60118	59156	60118	88	0
LT934125.1	+	UL23	PK_15_6h	502	59141	59141	59141	16.129162	16.129162	59141	59141	1		1	6h	PK_15	6	0	59156	60118	59156	60118	15	502
LT934125.1	+	UL23	PK_15_8h	500	59066	59074	59068	4627.213276	2912.293475	59068	59070	3		9	8h	PK_15	8	500	59156	60118	59156	60118	88	500
LT934125.1	+	UL30	C6_12h	189	25420	25422	25420	90.916085	69.93545	25420	25422	3		3	12h	C6	12	189	25434	28580	25434	28580	14	189
LT934125.1	+	UL30	C6_1h	189	25420	25424	25420	6163.328196	1540.832049	25420	25424	5		5	1h	C6	1	189	25434	28580	25434	28580	14	189
LT934125.1	+	UL30	C6_6h	188	25247	25247	25247	86.244071	86.244071	25247	25247	1		1	6h	C6	6	0	25434	28580	25434	28580	187	0
LT934125.1	+	UL30	C6_6h	189	25420	25424	25420	776.196637	344.976283	25420	25424	5		5	6h	C6	6	189	25434	28580	25434	28580	14	189
LT934125.1	+	UL30	C6_8h	189	25419	25423	25420	258.2728	161.4205	25419	25423	5		5	8h	C6	8	189	25434	28580	25434	28580	14	189
LT934125.1	+	UL30	NRK_12h	189	25420	25422	25420	161.32357	116.511467	25420	25422	3		3	12h	NRK	12	189	25434	28580	25434	28580	14	189
LT934125.1	+	UL30	NRK_4h	189	25422	25422	25422	586.85446	586.85446	25422	25422	1		1	4h	NRK	4	189	25434	28580	25434	28580	12	189
LT934125.1	+	UL30	NRK_6h	189	25420	25422	25420	538.140724	403.605543	25420	25422	3		3	6h	NRK	6	189	25434	28580	25434	28580	14	189
LT934125.1	+	UL30	NRK_8h	189	25420	25424	25420	1225.289985	816.85999	25420	25422	3		5	8h	NRK	8	189	25434	28580	25434	28580	14	189
LT934125.1	+	UL30	PC_12_1.5h	189	25422	25422	25422	2212.389381	2212.389381	25422	25422	1		1	1.5h	PC_12	1.5	189	25434	28580	25434	28580	12	189
LT934125.1	+	UL30	PC_12_1h	189	25422	25422	25422	2227.171492	2227.171492	25422	25422	1		1	1h	PC_12	1	189	25434	28580	25434	28580	12	189
LT934125.1	+	UL30	PC_12_2h	189	25420	25426	25420	2668.445631	1334.222815	25420	25426	7		7	2h	PC_12	2	189	25434	28580	25434	28580	14	189
LT934125.1	+	UL30	PC_12_4h	189	25420	25422	25420	301.144349	200.762899	25420	25422	3		3	4h	PC_12	4	189	25434	28580	25434	28580	14	189
LT934125.1	+	UL30	PC_12_6h	188	25250	25250	25250	26.651031	26.651031	25250	25250	1		1	6h	PC_12	6	0	25434	28580	25434	28580	184	0
LT934125.1	+	UL30	PC_12_6h	189	25419	25420	25420	213.208251	133.255157	25419	25420	2		2	6h	PC_12	6	189	25434	28580	25434	28580	14	189
LT934125.1	+	UL30	PC_12_8h	189	25419	25424	25420	191.742299	127.828199	25419	25424	6		6	8h	PC_12	8	189	25434	28580	25434	28580	14	189
LT934125.1	+	UL30	PK_15_2h	189	25420	25425	25420	1086.169443	362.056481	25420	25425	6		6	2h	PK_15	2	189	25434	28580	25434	28580	14	189
LT934125.1	+	UL30	PK_15_4h	189	25420	25423	25420	243.565804	162.377202	25420	25423	4		4	4h	PK_15	4	189	25434	28580	25434	28580	14	189
LT934125.1	+	UL30	PK_15_6h	189	25420	25422	25420	64.516649	48.387487	25420	25422	3		3	6h	PK_15	6	189	25434	28580	25434	28580	14	189
LT934125.1	+	UL30	PK_15_8h	189	25420	25425	25420	192.983302	109.649604	25420	25422	3		6	8h	PK_15	8	189	25434	28580	25434	28580	14	189
LT934125.1	+	UL33	C6_12h	247	30684	30684	30684	20.980635	20.980635	30684	30684	1		1	12h	C6	12	247	30720	31070	30720	31070	36	247
LT934125.1	+	UL33	C6_6h	245	30480	30480	30480	86.244071	86.244071	30480	30480	1		1	6h	C6	6	0	30720	31070	30720	31070	240	0
LT934125.1	+	UL33	C6_6h	247	30686	30686	30686	172.488141	172.488141	30686	30686	1		1	6h	C6	6	247	30720	31070	30720	31070	34	247
LT934125.1	+	UL33	C6_8h	245	30489	30489	30489	32.2841	32.2841	30489	30489	1		1	8h	C6	8	0	30720	31070	30720	31070	231	0
LT934125.1	+	UL33	C6_8h	246	30529	30529	30529	32.2841	32.2841	30529	30529	1		1	8h	C6	8	0	30720	31070	30720	31070	191	0
LT934125.1	+	UL33	C6_8h	247	30646	30719	30646	64.5682	32.2841	30646	30719	74		74	8h	C6	8	247	30720	31070	30720	31070	74	247
LT934125.1	+	UL33	NRK_12h	247	30704	30704	30704	17.924841	17.924841	30704	30704	1		1	12h	NRK	12	247	30720	31070	30720	31070	16	247
LT934125.1	+	UL33	NRK_8h	247	30656	30716	30656	163.371998	81.685999	30656	30716	61		61	8h	NRK	8	247	30720	31070	30720	31070	64	247
LT934125.1	+	UL33	PC_12_4h	247	30684	30686	30684	200.7629	100.38145	30684	30686	3		3	4h	PC_12	4	247	30720	31070	30720	31070	36	247
LT934125.1	+	UL33	PC_12_6h	245	30480	30480	30480	26.651031	26.651031	30480	30480	1		1	6h	PC_12	6	0	30720	31070	30720	31070	240	0
LT934125.1	+	UL33	PC_12_6h	246	30529	30529	30529	26.651031	26.651031	30529	30529	1		1	6h	PC_12	6	0	30720	31070	30720	31070	191	0
LT934125.1	+	UL33	PC_12_6h	247	30659	30663	30659	53.302062	26.651031	30659	30663	5		5	6h	PC_12	6	247	30720	31070	30720	31070	61	247
LT934125.1	+	UL33	PC_12_8h	246	30532	30532	30532	31.95705	31.95705	30532	30532	1		1	8h	PC_12	8	0	30720	31070	30720	31070	188	0
LT934125.1	+	UL33	PC_12_8h	247	30663	30663	30663	63.914099	63.914099	30663	30663	1		1	8h	PC_12	8	247	30720	31070	30720	31070	57	247
LT934125.1	+	UL33	PK_15_6h	247	30704	30704	30704	16.129162	16.129162	30704	30704	1		1	6h	PK_15	6	247	30720	31070	30720	31070	16	247
LT934125.1	+	UL34	C6_12h	252	31093	31098	31098	16889.411074	14469.644518	31096	31098	3		6	12h	C6	12	252	31226	32011	31226	32011	128	0
LT934125.1	+	UL34	C6_12h	253	31149	31152	31149	209.806349	139.870899	31149	31152	4		4	12h	C6	12	0	31226	32011	31226	32011	77	253
LT934125.1	+	UL34	C6_1h	252	31096	31098	31096	12326.656394	6163.328197	31096	31098	3		3	1h	C6	1	252	31226	32011	31226	32011	130	252
LT934125.1	+	UL34	C6_2h	252	31097	31098	31098	4956.629492	3717.472119	31097	31098	2		2	2h	C6	2	252	31226	32011	31226	32011	128	252
LT934125.1	+	UL34	C6_4h	252	31095	31098	31098	17866.526538	16290.068313	31098	31098	1		4	4h	C6	4	252	31226	32011	31226	32011	128	252
LT934125.1	+	UL34	C6_6h	252	31093	31098	31098	15178.956447	12850.366537	31096	31098	3		6	6h	C6	6	252	31226	32011	31226	32011	128	0
LT934125.1	+	UL34	C6_6h	253	31149	31149	31149	344.976283	344.976283	31149	31149	1		1	6h	C6	6	0	31226	32011	31226	32011	77	253
LT934125.1	+	UL34	C6_8h	252	31090	31098	31098	11654.560128	9975.786925	31096	31098	3		9	8h	C6	8	252	31226	32011	31226	32011	128	0
LT934125.1	+	UL34	C6_8h	253	31148	31152	31149	322.841001	225.988701	31149	31150	2		5	8h	C6	8	0	31226	32011	31226	32011	77	0
LT934125.1	+	UL34	C6_8h	254	31211	31211	31211	32.2841	32.2841	31211	31211	1		1	8h	C6	8	0	31226	32011	31226	32011	15	254
LT934125.1	+	UL34	NRK_12h	252	31090	31098	31098	14330.910492	11848.319994	31096	31098	3		9	12h	NRK	12	252	31226	32011	31226	32011	128	0
LT934125.1	+	UL34	NRK_12h	253	31149	31152	31149	699.068804	618.407019	31149	31150	2		4	12h	NRK	12	0	31226	32011	31226	32011	77	253
LT934125.1	+	UL34	NRK_1h	252	31097	31097	31097	10101.010101	10101.010101	31097	31097	1		1	1h	NRK	1	252	31226	32011	31226	32011	129	252
LT934125.1	+	UL34	NRK_2h	252	31097	31098	31098	22653.721683	19417.475728	31097	31098	2		2	2h	NRK	2	252	31226	32011	31226	32011	128	252
LT934125.1	+	UL34	NRK_4h	252	31093	31098	31098	16431.924882	12910.798122	31096	31098	3		6	4h	NRK	4	252	31226	32011	31226	32011	128	252
LT934125.1	+	UL34	NRK_6h	252	31090	31098	31098	9821.068209	7803.040495	31096	31098	3		9	6h	NRK	6	252	31226	32011	31226	32011	128	0
LT934125.1	+	UL34	NRK_6h	253	31149	31149	31149	538.140724	538.140724	31149	31149	1		1	6h	NRK	6	0	31226	32011	31226	32011	77	253
LT934125.1	+	UL34	NRK_8h	252	31093	31098	31098	13151.445842	10782.551871	31096	31098	3		6	8h	NRK	8	252	31226	32011	31226	32011	128	0
LT934125.1	+	UL34	NRK_8h	253	31149	31149	31149	490.115994	490.115994	31149	31149	1		1	8h	NRK	8	0	31226	32011	31226	32011	77	253
LT934125.1	+	UL34	PC_12_1.5h	252	31098	31098	31098	13274.336283	13274.336283	31098	31098	1		1	1.5h	PC_12	1.5	252	31226	32011	31226	32011	128	252
LT934125.1	+	UL34	PC_12_12h	252	31093	31098	31098	7931.361641	6190.830472	31096	31098	3		6	12h	PC_12	12	252	31226	32011	31226	32011	128	0
LT934125.1	+	UL34	PC_12_12h	253	31149	31149	31149	177.465923	177.465923	31149	31149	1		1	12h	PC_12	12	0	31226	32011	31226	32011	77	253
LT934125.1	+	UL34	PC_12_1h	252	31098	31098	31098	6681.514477	6681.514477	31098	31098	1		1	1h	PC_12	1	252	31226	32011	31226	32011	128	252
LT934125.1	+	UL34	PC_12_2.5h	252	31089	31098	31098	16284.233901	12583.271651	31096	31098	3		10	2.5h	PC_12	2.5	252	31226	32011	31226	32011	128	252
LT934125.1	+	UL34	PC_12_2h	252	31095	31098	31098	22681.787859	19346.230821	31097	31098	2		4	2h	PC_12	2	252	31226	32011	31226	32011	128	252
LT934125.1	+	UL34	PC_12_4h	252	31093	31098	31098	11041.959446	8130.89741	31096	31098	3		6	4h	PC_12	4	252	31226	32011	31226	32011	128	0
LT934125.1	+	UL34	PC_12_4h	253	31149	31151	31149	301.144349	200.762899	31149	31151	3		3	4h	PC_12	4	0	31226	32011	31226	32011	77	253
LT934125.1	+	UL34	PC_12_6h	252	31089	31098	31098	10846.969777	7862.054261	31096	31098	3		10	6h	PC_12	6	252	31226	32011	31226	32011	128	0
LT934125.1	+	UL34	PC_12_6h	253	31146	31152	31149	426.416501	186.55722	31149	31151	3		7	6h	PC_12	6	0	31226	32011	31226	32011	77	0
LT934125.1	+	UL34	PC_12_6h	254	31198	31289	31198	79.953093	26.651031	31198	31289	92		92	6h	PC_12	6	0	31226	32011	31226	32011	28	254
LT934125.1	+	UL34	PC_12_8h	252	31091	31098	31098	11792.151349	8244.918829	31096	31098	3		8	8h	PC_12	8	252	31226	32011	31226	32011	128	0
LT934125.1	+	UL34	PC_12_8h	253	31146	31150	31149	511.312796	351.527547	31149	31150	2		5	8h	PC_12	8	0	31226	32011	31226	32011	77	253
LT934125.1	+	UL34	PK_15_12h	252	31093	31098	31098	9864.988559	8089.244851	31096	31098	3		6	12h	PK_15	12	252	31226	32011	31226	32011	128	0
LT934125.1	+	UL34	PK_15_12h	253	31149	31150	31149	148.741419	135.011442	31149	31149	1		2	12h	PK_15	12	0	31226	32011	31226	32011	77	253
LT934125.1	+	UL34	PK_15_2h	252	31096	31104	31098	7965.242579	6517.016655	31098	31098	1		9	2h	PK_15	2	252	31226	32011	31226	32011	128	0
LT934125.1	+	UL34	PK_15_2h	254	31204	31204	31204	362.056481	362.056481	31204	31204	1		1	2h	PK_15	2	0	31226	32011	31226	32011	22	254
LT934125.1	+	UL34	PK_15_4h	252	31090	31098	31098	15791.182919	12949.581879	31096	31098	3		9	4h	PK_15	4	252	31226	32011	31226	32011	128	0
LT934125.1	+	UL34	PK_15_4h	253	31149	31152	31149	162.377203	121.782902	31149	31152	4		4	4h	PK_15	4	0	31226	32011	31226	32011	77	253
LT934125.1	+	UL34	PK_15_6h	252	31091	31098	31098	7701.675013	5983.919225	31096	31098	3		8	6h	PK_15	6	252	31226	32011	31226	32011	128	0
LT934125.1	+	UL34	PK_15_6h	253	31149	31152	31149	346.776991	274.19576	31149	31152	4		4	6h	PK_15	6	0	31226	32011	31226	32011	77	253
LT934125.1	+	UL34	PK_15_8h	252	31093	31098	31098	10328.992671	8223.720279	31096	31098	3		6	8h	PK_15	8	252	31226	32011	31226	32011	128	0
LT934125.1	+	UL34	PK_15_8h	253	31149	31150	31149	337.720779	293.860938	31149	31150	2		2	8h	PK_15	8	0	31226	32011	31226	32011	77	0
LT934125.1	+	UL34	PK_15_8h	254	31211	31211	31211	17.543937	17.543937	31211	31211	1		1	8h	PK_15	8	0	31226	32011	31226	32011	15	254
LT934125.1	+	UL35	C6_12h	262	32028	32038	32038	75712.117715	44443.978208	32036	32038	3		11	12h	C6	12	262	32066	32377	32066	32377	28	262
LT934125.1	+	UL35	C6_1h	262	32036	32036	32036	1540.832049	1540.832049	32036	32036	1		1	1h	C6	1	262	32066	32377	32066	32377	30	262
LT934125.1	+	UL35	C6_2h	262	32036	32038	32036	2478.314746	1239.157373	32036	32038	3		3	2h	C6	2	262	32066	32377	32066	32377	30	262
LT934125.1	+	UL35	C6_4h	261	31982	31982	31982	525.486075	525.486075	31982	31982	1	UL34	1	4h	C6	4	0	32066	32377	32066	32377	84	0
LT934125.1	+	UL35	C6_4h	262	32036	32039	32036	15239.096165	7356.805045	32036	32038	3		4	4h	C6	4	262	32066	32377	32066	32377	30	262
LT934125.1	+	UL35	C6_6h	262	32028	32038	32038	21388.52954	10263.044416	32036	32038	3		11	6h	C6	6	262	32066	32377	32066	32377	28	262
LT934125.1	+	UL35	C6_8h	262	32031	32038	32038	46618.240517	24600.484262	32036	32038	3		8	8h	C6	8	262	32066	32377	32066	32377	28	262
LT934125.1	+	UL35	NRK_12h	261	31930	32003	31994	483.970711	215.098094	31930	31999	70	UL34	74	12h	NRK	12	0	32066	32377	32066	32377	72	0
LT934125.1	+	UL35	NRK_12h	262	32013	32038	32038	89561.468761	50099.930989	32036	32038	3		26	12h	NRK	12	262	32066	32377	32066	32377	28	262
LT934125.1	+	UL35	NRK_2h	262	32036	32036	32036	3236.245955	3236.245955	32036	32036	1		1	2h	NRK	2	262	32066	32377	32066	32377	30	262
LT934125.1	+	UL35	NRK_4h	262	32036	32042	32038	28755.868544	17605.633803	32036	32039	4		7	4h	NRK	4	262	32066	32377	32066	32377	28	262
LT934125.1	+	UL35	NRK_6h	262	32031	32038	32038	46280.102247	28790.528723	32036	32038	3		8	6h	NRK	6	262	32066	32377	32066	32377	28	262
LT934125.1	+	UL35	NRK_8h	261	31973	31982	31973	163.371998	81.685999	31973	31982	10	UL34	10	8h	NRK	8	0	32066	32377	32066	32377	93	0
LT934125.1	+	UL35	NRK_8h	262	32016	32038	32038	42313.347492	22218.591733	32036	32038	3		23	8h	NRK	8	262	32066	32377	32066	32377	28	262
LT934125.1	+	UL35	PC_12_1.5h	262	32036	32036	32036	2212.389381	2212.389381	32036	32036	1		1	1.5h	PC_12	1.5	262	32066	32377	32066	32377	30	262
LT934125.1	+	UL35	PC_12_12h	262	32016	32038	32038	95128.56041	53335.335513	32036	32038	3		23	12h	PC_12	12	262	32066	32377	32066	32377	28	262
LT934125.1	+	UL35	PC_12_2.5h	262	32036	32038	32038	11843.0792	8142.11695	32036	32038	3		3	2.5h	PC_12	2.5	262	32066	32377	32066	32377	28	262
LT934125.1	+	UL35	PC_12_2h	262	32036	32041	32036	6004.002669	2668.44563	32036	32041	6		6	2h	PC_12	2	262	32066	32377	32066	32377	30	262
LT934125.1	+	UL35	PC_12_4h	262	32028	32038	32036	20678.578599	9937.763501	32036	32038	3		11	4h	PC_12	4	262	32066	32377	32066	32377	30	262
LT934125.1	+	UL35	PC_12_6h	262	32031	32038	32036	36378.657854	17456.425564	32036	32038	3		8	6h	PC_12	6	262	32066	32377	32066	32377	30	262
LT934125.1	+	UL35	PC_12_8h	262	32016	32038	32038	65959.350633	35088.840598	32036	32038	3		23	8h	PC_12	8	262	32066	32377	32066	32377	28	262
LT934125.1	+	UL35	PK_15_12h	262	32013	32038	32038	80899.313501	49162.471396	32036	32038	3		26	12h	PK_15	12	262	32066	32377	32066	32377	28	262
LT934125.1	+	UL35	PK_15_2h	261	31994	31994	31994	362.056481	362.056481	31994	31994	1	UL34	1	2h	PK_15	2	0	32066	32377	32066	32377	72	0
LT934125.1	+	UL35	PK_15_2h	262	32036	32041	32038	18826.937003	10861.694424	32036	32038	3		6	2h	PK_15	2	262	32066	32377	32066	32377	28	262
LT934125.1	+	UL35	PK_15_4h	262	32026	32038	32038	25290.24925	16562.474629	32036	32038	3		13	4h	PK_15	4	262	32066	32377	32066	32377	28	262
LT934125.1	+	UL35	PK_15_6h	262	32026	32038	32038	48387.486995	29887.337801	32036	32038	3		13	6h	PK_15	6	262	32066	32377	32066	32377	28	262
LT934125.1	+	UL35	PK_15_8h	262	32016	32038	32038	60930.091796	36741.389217	32036	32038	3		23	8h	PK_15	8	262	32066	32377	32066	32377	28	262
LT934125.1	+	UL38	C6_12h	330	44807	44812	44812	11238.626748	8699.969928	44810	44812	3		6	12h	C6	12	330	44837	45943	44837	45943	25	330
LT934125.1	+	UL38	C6_1h	330	44810	44812	44812	10785.824346	7704.160247	44810	44812	3		3	1h	C6	1	330	44837	45943	44837	45943	25	330
LT934125.1	+	UL38	C6_2h	330	44810	44812	44812	6195.786865	3717.472119	44810	44812	3		3	2h	C6	2	330	44837	45943	44837	45943	25	330
LT934125.1	+	UL38	C6_4h	330	44810	44813	44812	11035.207567	7882.291119	44810	44812	3		4	4h	C6	4	330	44837	45943	44837	45943	25	330
LT934125.1	+	UL38	C6_6h	330	44807	44813	44812	12764.122467	9055.627426	44810	44812	3		7	6h	C6	6	330	44837	45943	44837	45943	25	330
LT934125.1	+	UL38	C6_8h	327	44610	44610	44610	32.2841	32.2841	44610	44610	1		1	8h	C6	8	0	44837	45943	44837	45943	227	0
LT934125.1	+	UL38	C6_8h	330	44807	44812	44812	11848.264729	8393.866021	44810	44812	3		6	8h	C6	8	330	44837	45943	44837	45943	25	330
LT934125.1	+	UL38	NRK_12h	330	44807	44812	44812	8388.825654	6381.243446	44810	44812	3		6	12h	NRK	12	330	44837	45943	44837	45943	25	330
LT934125.1	+	UL38	NRK_2h	330	44809	44812	44810	19417.475728	9708.737864	44809	44812	4		4	2h	NRK	2	330	44837	45943	44837	45943	27	330
LT934125.1	+	UL38	NRK_4h	330	44810	44818	44810	8215.962442	4107.981221	44810	44812	3		9	4h	NRK	4	330	44837	45943	44837	45943	27	330
LT934125.1	+	UL38	NRK_6h	330	44809	44812	44812	5919.547961	4036.055428	44810	44812	3		4	6h	NRK	6	330	44837	45943	44837	45943	25	330
LT934125.1	+	UL38	NRK_8h	330	44809	44812	44812	6943.309916	5064.531939	44810	44812	3		4	8h	NRK	8	330	44837	45943	44837	45943	25	330
LT934125.1	+	UL38	PC_12_1.5h	330	44812	44812	44812	2212.389381	2212.389381	44812	44812	1		1	1.5h	PC_12	1.5	330	44837	45943	44837	45943	25	330
LT934125.1	+	UL38	PC_12_12h	330	44807	44812	44812	9822.056283	7897.233579	44810	44812	3		6	12h	PC_12	12	330	44837	45943	44837	45943	25	330
LT934125.1	+	UL38	PC_12_1h	330	44812	44815	44812	6681.514476	4454.342984	44812	44815	4		4	1h	PC_12	1	330	44837	45943	44837	45943	25	330
LT934125.1	+	UL38	PC_12_2.5h	330	44810	44812	44812	7401.9245	4441.1547	44810	44812	3		3	2.5h	PC_12	2.5	330	44837	45943	44837	45943	25	330
LT934125.1	+	UL38	PC_12_2h	330	44809	44812	44812	4669.779853	2668.44563	44809	44812	4		4	2h	PC_12	2	330	44837	45943	44837	45943	25	330
LT934125.1	+	UL38	PC_12_4h	329	44731	44731	44731	200.762899	200.762899	44731	44731	1		1	4h	PC_12	4	0	44837	45943	44837	45943	106	0
LT934125.1	+	UL38	PC_12_4h	330	44807	44812	44812	10740.815098	9335.474804	44810	44812	3		6	4h	PC_12	4	330	44837	45943	44837	45943	25	330
LT934125.1	+	UL38	PC_12_6h	328	44685	44685	44685	26.651031	26.651031	44685	44685	1		1	6h	PC_12	6	0	44837	45943	44837	45943	152	0
LT934125.1	+	UL38	PC_12_6h	330	44807	44812	44812	12259.474442	10527.157401	44810	44812	3		6	6h	PC_12	6	330	44837	45943	44837	45943	25	330
LT934125.1	+	UL38	PC_12_8h	327	44624	44624	44624	31.95705	31.95705	44624	44624	1		1	8h	PC_12	8	0	44837	45943	44837	45943	213	0
LT934125.1	+	UL38	PC_12_8h	330	44807	44812	44812	10130.384763	7733.606033	44810	44812	3		6	8h	PC_12	8	330	44837	45943	44837	45943	25	330
LT934125.1	+	UL38	PK_15_12h	330	44807	44812	44812	16272.311212	13242.562929	44810	44812	3		6	12h	PK_15	12	330	44837	45943	44837	45943	25	330
LT934125.1	+	UL38	PK_15_2h	330	44810	44814	44812	9413.468501	6879.073135	44810	44812	3		5	2h	PK_15	2	330	44837	45943	44837	45943	25	330
LT934125.1	+	UL38	PK_15_4h	328	44686	44686	44686	40.594301	40.594301	44686	44686	1		1	4h	PK_15	4	0	44837	45943	44837	45943	151	0
LT934125.1	+	UL38	PK_15_4h	330	44807	44812	44812	18592.189656	14573.353901	44810	44812	3		6	4h	PK_15	4	330	44837	45943	44837	45943	25	330
LT934125.1	+	UL38	PK_15_6h	329	44728	44728	44728	16.129162	16.129162	44728	44728	1		1	6h	PK_15	6	0	44837	45943	44837	45943	109	0
LT934125.1	+	UL38	PK_15_6h	330	44804	44812	44812	18113.049299	14992.056388	44810	44812	3		9	6h	PK_15	6	330	44837	45943	44837	45943	25	330
LT934125.1	+	UL38	PK_15_8h	330	44807	44812	44812	13666.726608	10486.8881	44810	44812	3		6	8h	PK_15	8	330	44837	45943	44837	45943	25	330
LT934125.1	+	UL39	C6_12h	347	46165	46165	46165	20.980635	20.980635	46165	46165	1		1	12h	C6	12	0	46274	48646	46274	48646	109	0
LT934125.1	+	UL39	C6_12h	348	46233	46243	46234	349.677248	125.883809	46233	46239	7		11	12h	C6	12	348	46274	48646	46274	48646	40	348
LT934125.1	+	UL39	C6_1h	346	46026	46026	46026	1540.832049	1540.832049	46026	46026	1		1	1h	C6	1	0	46274	48646	46274	48646	248	0
LT934125.1	+	UL39	C6_1h	348	46233	46243	46233	6163.328197	3081.664099	46233	46243	11		11	1h	C6	1	348	46274	48646	46274	48646	41	348
LT934125.1	+	UL39	C6_2h	347	46165	46165	46165	1239.157373	1239.157373	46165	46165	1		1	2h	C6	2	347	46274	48646	46274	48646	109	347
LT934125.1	+	UL39	C6_4h	346	46024	46027	46025	2627.430374	1050.972149	46024	46027	4		4	4h	C6	4	346	46274	48646	46274	48646	249	0
LT934125.1	+	UL39	C6_4h	348	46233	46236	46233	2101.944299	1050.972149	46233	46236	4		4	4h	C6	4	0	46274	48646	46274	48646	41	348
LT934125.1	+	UL39	C6_6h	348	46233	46237	46233	1811.125485	689.952566	46233	46236	4		5	6h	C6	6	348	46274	48646	46274	48646	41	348
LT934125.1	+	UL39	C6_8h	346	46021	46027	46026	419.693301	225.988701	46023	46026	4		7	8h	C6	8	346	46274	48646	46274	48646	248	0
LT934125.1	+	UL39	C6_8h	348	46233	46235	46234	161.4205	96.8523	46233	46235	3		3	8h	C6	8	0	46274	48646	46274	48646	40	348
LT934125.1	+	UL39	NRK_12h	347	46165	46165	46165	44.812103	44.812103	46165	46165	1		1	12h	NRK	12	0	46274	48646	46274	48646	109	0
LT934125.1	+	UL39	NRK_12h	348	46233	46243	46234	241.985355	62.736944	46233	46242	10		11	12h	NRK	12	348	46274	48646	46274	48646	40	348
LT934125.1	+	UL39	NRK_1h	348	46234	46234	46234	10101.010101	10101.010101	46234	46234	1		1	1h	NRK	1	348	46274	48646	46274	48646	40	348
LT934125.1	+	UL39	NRK_2h	348	46233	46233	46233	9708.737864	9708.737864	46233	46233	1		1	2h	NRK	2	348	46274	48646	46274	48646	41	348
LT934125.1	+	UL39	NRK_4h	348	46233	46235	46233	1760.56338	586.85446	46233	46235	3		3	4h	NRK	4	348	46274	48646	46274	48646	41	348
LT934125.1	+	UL39	NRK_6h	346	46024	46029	46026	538.140724	269.070362	46024	46029	6		6	6h	NRK	6	346	46274	48646	46274	48646	248	0
LT934125.1	+	UL39	NRK_6h	348	46235	46235	46235	134.535181	134.535181	46235	46235	1		1	6h	NRK	6	0	46274	48646	46274	48646	39	348
LT934125.1	+	UL39	NRK_8h	347	46169	46169	46169	81.685999	81.685999	46169	46169	1		1	8h	NRK	8	0	46274	48646	46274	48646	105	0
LT934125.1	+	UL39	NRK_8h	348	46234	46243	46234	490.115994	163.371998	46234	46243	10		10	8h	NRK	8	348	46274	48646	46274	48646	40	348
LT934125.1	+	UL39	PC_12_12h	348	46233	46235	46233	116.035412	47.779287	46233	46235	3		3	12h	PC_12	12	348	46274	48646	46274	48646	41	348
LT934125.1	+	UL39	PC_12_2.5h	348	46233	46234	46233	1480.3849	740.19245	46233	46234	2		2	2.5h	PC_12	2.5	348	46274	48646	46274	48646	41	348
LT934125.1	+	UL39	PC_12_2h	348	46230	46236	46233	3335.557039	1334.222815	46230	46236	7		7	2h	PC_12	2	348	46274	48646	46274	48646	41	348
LT934125.1	+	UL39	PC_12_4h	346	46026	46029	46026	301.144349	200.762899	46026	46029	4		4	4h	PC_12	4	346	46274	48646	46274	48646	248	0
LT934125.1	+	UL39	PC_12_4h	348	46236	46237	46236	200.7629	100.38145	46236	46237	2		2	4h	PC_12	4	0	46274	48646	46274	48646	38	348
LT934125.1	+	UL39	PC_12_6h	347	46171	46171	46171	26.651031	26.651031	46171	46171	1		1	6h	PC_12	6	0	46274	48646	46274	48646	103	0
LT934125.1	+	UL39	PC_12_6h	348	46233	46239	46234	346.463408	186.55722	46233	46235	3		7	6h	PC_12	6	348	46274	48646	46274	48646	40	348
LT934125.1	+	UL39	PC_12_8h	347	46165	46165	46165	31.95705	31.95705	46165	46165	1		1	8h	PC_12	8	0	46274	48646	46274	48646	109	0
LT934125.1	+	UL39	PC_12_8h	348	46233	46240	46235	383.484596	191.742298	46233	46237	5		8	8h	PC_12	8	348	46274	48646	46274	48646	39	348
LT934125.1	+	UL39	PK_15_12h	348	46233	46239	46233	80.091534	29.748284	46233	46239	7		7	12h	PK_15	12	348	46274	48646	46274	48646	41	348
LT934125.1	+	UL39	PK_15_2h	346	46029	46029	46029	362.056481	362.056481	46029	46029	1		1	2h	PK_15	2	0	46274	48646	46274	48646	245	0
LT934125.1	+	UL39	PK_15_2h	348	46233	46239	46233	1086.169443	724.112962	46233	46239	7		7	2h	PK_15	2	348	46274	48646	46274	48646	41	348
LT934125.1	+	UL39	PK_15_4h	348	46233	46233	46233	40.594301	40.594301	46233	46233	1		1	4h	PK_15	4	348	46274	48646	46274	48646	41	348
LT934125.1	+	UL39	PK_15_6h	348	46233	46243	46233	153.227041	56.452068	46233	46243	11		11	6h	PK_15	6	348	46274	48646	46274	48646	41	348
LT934125.1	+	UL39	PK_15_8h	348	46233	46239	46233	241.229128	74.561731	46233	46238	6		7	8h	PK_15	8	348	46274	48646	46274	48646	41	348
LT934125.1	+	UL4	C6_12h	841	91409	91415	91409	1888.257139	972.102749	91409	91412	4	UL5	7	12h	C6	12	841	91486	91923	91486	91923	77	841
LT934125.1	+	UL4	C6_2h	841	91409	91414	91409	6195.786865	2478.314746	91409	91414	6	UL5	6	2h	C6	2	841	91486	91923	91486	91923	77	841
LT934125.1	+	UL4	C6_4h	841	91409	91414	91409	4203.888597	2101.944298	91409	91414	6	UL5	6	4h	C6	4	841	91486	91923	91486	91923	77	0
LT934125.1	+	UL4	C6_4h	842	91476	91476	91476	525.486075	525.486075	91476	91476	1		1	4h	C6	4	0	91486	91923	91486	91923	10	842
LT934125.1	+	UL4	C6_6h	841	91409	91415	91409	1811.125485	776.196636	91409	91412	4	UL5	7	6h	C6	6	841	91486	91923	91486	91923	77	841
LT934125.1	+	UL4	C6_8h	841	91409	91412	91409	2615.012106	1355.932203	91409	91412	4	UL5	4	8h	C6	8	841	91486	91923	91486	91923	77	841
LT934125.1	+	UL4	NRK_12h	841	91409	91412	91409	3020.335732	1810.408955	91409	91412	4	UL5	4	12h	NRK	12	841	91486	91923	91486	91923	77	841
LT934125.1	+	UL4	NRK_2h	841	91409	91409	91409	3236.245955	3236.245955	91409	91409	1	UL5	1	2h	NRK	2	841	91486	91923	91486	91923	77	841
LT934125.1	+	UL4	NRK_4h	841	91409	91412	91412	3521.12676	2347.41784	91409	91412	4	UL5	4	4h	NRK	4	841	91486	91923	91486	91923	74	0
LT934125.1	+	UL4	NRK_4h	842	91466	91466	91466	586.85446	586.85446	91466	91466	1		1	4h	NRK	4	0	91486	91923	91486	91923	20	842
LT934125.1	+	UL4	NRK_6h	841	91409	91415	91412	3228.844343	1614.422171	91409	91412	4	UL5	7	6h	NRK	6	841	91486	91923	91486	91923	74	841
LT934125.1	+	UL4	NRK_8h	841	91409	91414	91409	3430.811958	1797.091978	91409	91412	4	UL5	6	8h	NRK	8	841	91486	91923	91486	91923	77	841
LT934125.1	+	UL4	PC_12_12h	841	91409	91414	91409	1303.691975	696.212468	91409	91412	4	UL5	6	12h	PC_12	12	841	91486	91923	91486	91923	77	841
LT934125.1	+	UL4	PC_12_2.5h	841	91409	91412	91412	3700.96225	2220.57735	91409	91412	4	UL5	4	2.5h	PC_12	2.5	841	91486	91923	91486	91923	74	841
LT934125.1	+	UL4	PC_12_2h	841	91409	91409	91409	667.111408	667.111408	91409	91409	1	UL5	1	2h	PC_12	2	841	91486	91923	91486	91923	77	841
LT934125.1	+	UL4	PC_12_4h	841	91409	91412	91409	1806.866091	1204.577394	91409	91412	4	UL5	4	4h	PC_12	4	841	91486	91923	91486	91923	77	0
LT934125.1	+	UL4	PC_12_4h	842	91466	91466	91466	100.38145	100.38145	91466	91466	1		1	4h	PC_12	4	0	91486	91923	91486	91923	20	842
LT934125.1	+	UL4	PC_12_6h	841	91409	91412	91409	1545.759821	746.228879	91409	91412	4	UL5	4	6h	PC_12	6	841	91486	91923	91486	91923	77	841
LT934125.1	+	UL4	PC_12_8h	841	91409	91412	91409	1597.852486	1022.625591	91409	91412	4	UL5	4	8h	PC_12	8	841	91486	91923	91486	91923	77	841
LT934125.1	+	UL4	PK_15_12h	841	91409	91415	91409	1045.76659	585.812357	91409	91412	4	UL5	7	12h	PK_15	12	841	91486	91923	91486	91923	77	841
LT934125.1	+	UL4	PK_15_2h	841	91409	91409	91409	724.112962	724.112962	91409	91409	1	UL5	1	2h	PK_15	2	841	91486	91923	91486	91923	77	841
LT934125.1	+	UL4	PK_15_4h	841	91405	91414	91409	2070.309329	974.263213	91409	91412	4	UL5	10	4h	PK_15	4	841	91486	91923	91486	91923	77	841
LT934125.1	+	UL4	PK_15_6h	841	91409	91414	91409	1411.301704	725.812305	91409	91412	4	UL5	6	6h	PK_15	6	841	91486	91923	91486	91923	77	841
LT934125.1	+	UL4	PK_15_8h	841	91409	91415	91409	1144.741863	530.704082	91409	91412	4	UL5	7	8h	PK_15	8	841	91486	91923	91486	91923	77	841
LT934125.1	+	UL40	C6_12h	380	48563	48570	48567	18833.616573	13938.135101	48567	48570	4	UL39	8	12h	C6	12	380	48656	49567	48656	49567	89	380
LT934125.1	+	UL40	C6_1h	380	48567	48570	48567	46224.961479	33898.305085	48567	48570	4	UL39	4	1h	C6	1	380	48656	49567	48656	49567	89	380
LT934125.1	+	UL40	C6_2h	380	48565	48570	48567	42131.350682	32218.091698	48567	48570	4	UL39	6	2h	C6	2	380	48656	49567	48656	49567	89	380
LT934125.1	+	UL40	C6_4h	380	48567	48570	48567	24697.845508	19968.470836	48567	48570	4	UL39	4	4h	C6	4	380	48656	49567	48656	49567	89	380
LT934125.1	+	UL40	C6_6h	380	48565	48570	48567	19146.183699	14316.51574	48567	48570	4	UL39	6	6h	C6	6	380	48656	49567	48656	49567	89	380
LT934125.1	+	UL40	C6_8h	380	48559	48570	48567	42001.614204	30443.906376	48567	48570	4	UL39	12	8h	C6	8	380	48656	49567	48656	49567	89	380
LT934125.1	+	UL40	NRK_12h	380	48559	48570	48567	15764.897784	11758.695789	48567	48570	4	UL39	12	12h	NRK	12	380	48656	49567	48656	49567	89	380
LT934125.1	+	UL40	NRK_1h	380	48567	48570	48567	70707.070707	40404.040404	48567	48570	4	UL39	4	1h	NRK	1	380	48656	49567	48656	49567	89	380
LT934125.1	+	UL40	NRK_2h	380	48567	48570	48567	84142.394822	67961.165049	48567	48570	4	UL39	4	2h	NRK	2	380	48656	49567	48656	49567	89	380
LT934125.1	+	UL40	NRK_4h	380	48565	48570	48567	56924.882628	39906.103286	48567	48570	4	UL39	6	4h	NRK	4	380	48656	49567	48656	49567	89	380
LT934125.1	+	UL40	NRK_6h	380	48565	48570	48567	24216.332572	17355.038343	48567	48570	4	UL39	6	6h	NRK	6	380	48656	49567	48656	49567	89	0
LT934125.1	+	UL40	NRK_6h	381	48614	48616	48616	403.605543	269.070362	48614	48616	3	UL39	3	6h	NRK	6	0	48656	49567	48656	49567	40	381
LT934125.1	+	UL40	NRK_8h	380	48565	48570	48567	25567.717693	18624.407777	48567	48570	4	UL39	6	8h	NRK	8	380	48656	49567	48656	49567	89	380
LT934125.1	+	UL40	PC_12_0.5h	380	48567	48567	48567	64516.129032	64516.129032	48567	48567	1	UL39	1	0.5h	PC_12	0.5	380	48656	49567	48656	49567	89	380
LT934125.1	+	UL40	PC_12_1.5h	380	48565	48571	48567	61946.902655	35398.230088	48567	48570	4	UL39	7	1.5h	PC_12	1.5	380	48656	49567	48656	49567	89	380
LT934125.1	+	UL40	PC_12_12h	380	48559	48570	48567	10975.584784	8074.699502	48567	48570	4	UL39	12	12h	PC_12	12	380	48656	49567	48656	49567	89	380
LT934125.1	+	UL40	PC_12_1h	380	48567	48570	48567	46770.601336	35634.743875	48567	48570	4	UL39	4	1h	PC_12	1	380	48656	49567	48656	49567	89	380
LT934125.1	+	UL40	PC_12_2.5h	380	48565	48570	48567	59955.588453	40710.584752	48567	48570	4	UL39	6	2.5h	PC_12	2.5	380	48656	49567	48656	49567	89	380
LT934125.1	+	UL40	PC_12_2h	380	48563	48570	48567	38025.350234	27351.567712	48567	48570	4	UL39	8	2h	PC_12	2	380	48656	49567	48656	49567	89	380
LT934125.1	+	UL40	PC_12_4h	380	48559	48570	48567	16061.031923	11343.103794	48567	48570	4	UL39	12	4h	PC_12	4	380	48656	49567	48656	49567	89	0
LT934125.1	+	UL40	PC_12_4h	381	48611	48614	48614	301.144349	200.762899	48611	48614	4	UL39	4	4h	PC_12	4	0	48656	49567	48656	49567	42	381
LT934125.1	+	UL40	PC_12_6h	380	48556	48570	48567	13245.562603	9514.418208	48567	48570	4	UL39	15	6h	PC_12	6	380	48656	49567	48656	49567	89	380
LT934125.1	+	UL40	PC_12_8h	380	48559	48570	48567	23967.787294	17352.678001	48567	48570	4	UL39	12	8h	PC_12	8	380	48656	49567	48656	49567	89	380
LT934125.1	+	UL40	PK_15_12h	380	48565	48570	48567	3256.292907	2501.144165	48567	48570	4	UL39	6	12h	PK_15	12	380	48656	49567	48656	49567	89	380
LT934125.1	+	UL40	PK_15_1h	380	48567	48567	48567	14619.883041	14619.883041	48567	48567	1	UL39	1	1h	PK_15	1	380	48656	49567	48656	49567	89	380
LT934125.1	+	UL40	PK_15_2h	380	48565	48570	48567	38015.930485	28602.461984	48567	48570	4	UL39	6	2h	PK_15	2	380	48656	49567	48656	49567	89	380
LT934125.1	+	UL40	PK_15_4h	380	48563	48570	48567	48185.434764	33855.646667	48567	48570	4	UL39	8	4h	PK_15	4	380	48656	49567	48656	49567	89	380
LT934125.1	+	UL40	PK_15_6h	380	48563	48570	48567	19548.544745	14242.050339	48567	48570	4	UL39	8	6h	PK_15	6	380	48656	49567	48656	49567	89	380
LT934125.1	+	UL40	PK_15_8h	380	48559	48570	48567	16837.793148	12504.440809	48567	48570	4	UL39	12	8h	PK_15	8	380	48656	49567	48656	49567	89	380
LT934125.1	+	UL42	C6_12h	414	51148	51148	51148	118.890264	118.890264	51148	51148	1		1	12h	C6	12	0	51270	52415	51270	52415	122	0
LT934125.1	+	UL42	C6_12h	415	51231	51238	51235	7280.280301	4259.068879	51235	51237	3		8	12h	C6	12	415	51270	52415	51270	52415	35	415
LT934125.1	+	UL42	C6_2h	414	51152	51152	51152	2478.314746	2478.314746	51152	51152	1		1	2h	C6	2	0	51270	52415	51270	52415	118	0
LT934125.1	+	UL42	C6_2h	415	51235	51240	51235	6195.786865	3717.472119	51235	51240	6		6	2h	C6	2	415	51270	52415	51270	52415	35	415
LT934125.1	+	UL42	C6_4h	414	51148	51148	51148	525.486075	525.486075	51148	51148	1		1	4h	C6	4	0	51270	52415	51270	52415	122	0
LT934125.1	+	UL42	C6_4h	415	51235	51238	51235	9458.749343	7356.805045	51235	51238	4		4	4h	C6	4	415	51270	52415	51270	52415	35	415
LT934125.1	+	UL42	C6_6h	414	51150	51152	51150	172.488142	86.244071	51150	51152	3		3	6h	C6	6	0	51270	52415	51270	52415	120	0
LT934125.1	+	UL42	C6_6h	415	51230	51238	51235	8883.139286	5692.108668	51235	51237	3		9	6h	C6	6	415	51270	52415	51270	52415	35	415
LT934125.1	+	UL42	C6_8h	412	51053	51053	51053	32.2841	32.2841	51053	51053	1		1	8h	C6	8	0	51270	52415	51270	52415	217	0
LT934125.1	+	UL42	C6_8h	414	51148	51148	51148	96.8523	96.8523	51148	51148	1		1	8h	C6	8	0	51270	52415	51270	52415	122	0
LT934125.1	+	UL42	C6_8h	415	51232	51239	51235	6521.388216	3809.52381	51235	51238	4		8	8h	C6	8	415	51270	52415	51270	52415	35	415
LT934125.1	+	UL42	NRK_12h	414	51148	51148	51148	62.736944	62.736944	51148	51148	1		1	12h	NRK	12	0	51270	52415	51270	52415	122	0
LT934125.1	+	UL42	NRK_12h	415	51232	51239	51235	6721.815429	3719.404537	51235	51237	3		8	12h	NRK	12	415	51270	52415	51270	52415	35	415
LT934125.1	+	UL42	NRK_1h	415	51230	51230	51230	10101.010101	10101.010101	51230	51230	1		1	1h	NRK	1	415	51270	52415	51270	52415	40	415
LT934125.1	+	UL42	NRK_2h	415	51230	51238	51230	16181.229774	6472.491909	51230	51238	9		9	2h	NRK	2	415	51270	52415	51270	52415	40	415
LT934125.1	+	UL42	NRK_4h	415	51235	51242	51235	4694.83568	2934.2723	51235	51242	8		8	4h	NRK	4	415	51270	52415	51270	52415	35	415
LT934125.1	+	UL42	NRK_6h	415	51235	51238	51235	5112.336877	3497.914705	51235	51238	4		4	6h	NRK	6	415	51270	52415	51270	52415	35	415
LT934125.1	+	UL42	NRK_8h	412	51056	51056	51056	81.685999	81.685999	51056	51056	1		1	8h	NRK	8	0	51270	52415	51270	52415	214	0
LT934125.1	+	UL42	NRK_8h	414	51149	51149	51149	81.685999	81.685999	51149	51149	1		1	8h	NRK	8	0	51270	52415	51270	52415	121	0
LT934125.1	+	UL42	NRK_8h	415	51232	51239	51235	8168.599901	5391.275935	51235	51238	4		8	8h	NRK	8	415	51270	52415	51270	52415	35	415
LT934125.1	+	UL42	PC_12_1.5h	415	51230	51235	51230	22123.893806	11061.946903	51230	51235	6		6	1.5h	PC_12	1.5	415	51270	52415	51270	52415	40	415
LT934125.1	+	UL42	PC_12_12h	414	51148	51150	51148	109.209799	68.256124	51148	51150	3		3	12h	PC_12	12	0	51270	52415	51270	52415	122	0
LT934125.1	+	UL42	PC_12_12h	415	51232	51238	51235	4259.182155	2429.918024	51235	51237	3		7	12h	PC_12	12	415	51270	52415	51270	52415	35	415
LT934125.1	+	UL42	PC_12_1h	415	51235	51235	51235	2227.171492	2227.171492	51235	51235	1		1	1h	PC_12	1	415	51270	52415	51270	52415	35	415
LT934125.1	+	UL42	PC_12_2.5h	415	51230	51239	51230	20725.3886	9622.50185	51230	51237	8		10	2.5h	PC_12	2.5	415	51270	52415	51270	52415	40	415
LT934125.1	+	UL42	PC_12_2h	415	51232	51248	51235	8672.448301	5336.891261	51235	51244	10		17	2h	PC_12	2	415	51270	52415	51270	52415	35	415
LT934125.1	+	UL42	PC_12_4h	414	51148	51148	51148	200.762899	200.762899	51148	51148	1		1	4h	PC_12	4	0	51270	52415	51270	52415	122	0
LT934125.1	+	UL42	PC_12_4h	415	51232	51239	51235	7930.134512	5320.216824	51235	51238	4		8	4h	PC_12	4	415	51270	52415	51270	52415	35	415
LT934125.1	+	UL42	PC_12_6h	414	51148	51152	51148	186.557219	133.255157	51148	51152	5		5	6h	PC_12	6	0	51270	52415	51270	52415	122	0
LT934125.1	+	UL42	PC_12_6h	415	51231	51238	51235	8181.866638	5889.877938	51235	51238	4		8	6h	PC_12	6	415	51270	52415	51270	52415	35	415
LT934125.1	+	UL42	PC_12_8h	412	51037	51037	51037	31.95705	31.95705	51037	51037	1		1	8h	PC_12	8	0	51270	52415	51270	52415	233	0
LT934125.1	+	UL42	PC_12_8h	413	51111	51111	51111	31.95705	31.95705	51111	51111	1		1	8h	PC_12	8	0	51270	52415	51270	52415	159	0
LT934125.1	+	UL42	PC_12_8h	415	51233	51239	51235	5752.26895	3099.833823	51235	51238	4		7	8h	PC_12	8	415	51270	52415	51270	52415	35	415
LT934125.1	+	UL42	PK_15_12h	414	51148	51152	51148	297.482838	205.949657	51148	51150	3		5	12h	PK_15	12	0	51270	52415	51270	52415	122	0
LT934125.1	+	UL42	PK_15_12h	415	51231	51239	51235	6631.578947	3567.505721	51235	51238	4		9	12h	PK_15	12	415	51270	52415	51270	52415	35	415
LT934125.1	+	UL42	PK_15_2h	414	51148	51148	51148	1086.169442	1086.169442	51148	51148	1		1	2h	PK_15	2	0	51270	52415	51270	52415	122	0
LT934125.1	+	UL42	PK_15_2h	415	51233	51241	51235	6879.073136	3982.621289	51235	51239	5		9	2h	PK_15	2	415	51270	52415	51270	52415	35	415
LT934125.1	+	UL42	PK_15_4h	414	51147	51150	51147	121.782903	40.594301	51147	51150	4		4	4h	PK_15	4	0	51270	52415	51270	52415	123	0
LT934125.1	+	UL42	PK_15_4h	415	51220	51238	51235	10067.386541	6901.031095	51235	51238	4		19	4h	PK_15	4	415	51270	52415	51270	52415	35	415
LT934125.1	+	UL42	PK_15_6h	414	51148	51152	51148	169.356204	153.227042	51148	51148	1		5	6h	PK_15	6	0	51270	52415	51270	52415	122	0
LT934125.1	+	UL42	PK_15_6h	415	51231	51239	51235	7548.44797	4588.746683	51235	51238	4		9	6h	PK_15	6	415	51270	52415	51270	52415	35	415
LT934125.1	+	UL42	PK_15_8h	414	51148	51150	51148	201.755272	135.965509	51148	51150	3		3	8h	PK_15	8	0	51270	52415	51270	52415	122	0
LT934125.1	+	UL42	PK_15_8h	415	51231	51239	51235	7504.418879	4109.667148	51235	51238	4		9	8h	PK_15	8	415	51270	52415	51270	52415	35	415
LT934125.1	+	UL43	C6_12h	425	52459	52460	52460	4238.088245	4210.114065	52460	52460	1		2	12h	C6	12	425	52473	53594	52473	53594	13	425
LT934125.1	+	UL43	C6_1h	425	52460	52461	52460	18489.984592	13867.488444	52460	52461	2		2	1h	C6	1	425	52473	53594	52473	53594	13	425
LT934125.1	+	UL43	C6_2h	425	52460	52464	52460	4956.629492	3717.472119	52460	52464	5		5	2h	C6	2	425	52473	53594	52473	53594	13	425
LT934125.1	+	UL43	C6_4h	425	52460	52463	52460	8933.263269	6831.31897	52460	52462	3		4	4h	C6	4	425	52473	53594	52473	53594	13	425
LT934125.1	+	UL43	C6_6h	425	52437	52460	52460	10694.264771	9141.871496	52444	52460	17		24	6h	C6	6	425	52473	53594	52473	53594	13	425
LT934125.1	+	UL43	C6_8h	425	52435	52460	52460	7877.320419	6101.694915	52444	52460	17		26	8h	C6	8	425	52473	53594	52473	53594	13	425
LT934125.1	+	UL43	NRK_12h	425	52438	52460	52460	5009.9931	3495.344023	52444	52460	17		23	12h	NRK	12	425	52473	53594	52473	53594	13	425
LT934125.1	+	UL43	NRK_1h	425	52460	52460	52460	30303.030303	30303.030303	52460	52460	1		1	1h	NRK	1	425	52473	53594	52473	53594	13	425
LT934125.1	+	UL43	NRK_2h	425	52460	52462	52460	25889.967638	19417.475728	52460	52462	3		3	2h	NRK	2	425	52473	53594	52473	53594	13	425
LT934125.1	+	UL43	NRK_4h	425	52459	52464	52460	4694.83568	2934.2723	52459	52464	6		6	4h	NRK	4	425	52473	53594	52473	53594	13	425
LT934125.1	+	UL43	NRK_6h	425	52460	52464	52460	2690.703619	2152.562895	52460	52464	5		5	6h	NRK	6	425	52473	53594	52473	53594	13	425
LT934125.1	+	UL43	NRK_8h	425	52460	52460	52460	6453.193923	6453.193923	52460	52460	1		1	8h	NRK	8	425	52473	53594	52473	53594	13	425
LT934125.1	+	UL43	PC_12_0.5h	425	52444	52444	52444	32258.064516	32258.064516	52444	52444	1		1	0.5h	PC_12	0.5	425	52473	53594	52473	53594	29	425
LT934125.1	+	UL43	PC_12_1.5h	425	52460	52460	52460	33185.840708	33185.840708	52460	52460	1		1	1.5h	PC_12	1.5	425	52473	53594	52473	53594	13	425
LT934125.1	+	UL43	PC_12_12h	425	52460	52460	52460	3146.607329	3146.607329	52460	52460	1		1	12h	PC_12	12	425	52473	53594	52473	53594	13	425
LT934125.1	+	UL43	PC_12_1h	425	52460	52460	52460	13363.028953	13363.028953	52460	52460	1		1	1h	PC_12	1	425	52473	53594	52473	53594	13	425
LT934125.1	+	UL43	PC_12_2.5h	425	52460	52461	52460	17024.426351	15544.041451	52460	52460	1		2	2.5h	PC_12	2.5	425	52473	53594	52473	53594	13	425
LT934125.1	+	UL43	PC_12_2h	425	52460	52463	52460	12008.005337	11340.893929	52460	52460	1		4	2h	PC_12	2	425	52473	53594	52473	53594	13	425
LT934125.1	+	UL43	PC_12_4h	425	52460	52460	52460	5520.979723	5520.979723	52460	52460	1		1	4h	PC_12	4	425	52473	53594	52473	53594	13	425
LT934125.1	+	UL43	PC_12_6h	425	52440	52460	52460	6689.408879	4210.86296	52444	52460	17		21	6h	PC_12	6	425	52473	53594	52473	53594	13	425
LT934125.1	+	UL43	PC_12_8h	425	52437	52460	52460	9491.243769	6007.925348	52444	52460	17		24	8h	PC_12	8	425	52473	53594	52473	53594	13	425
LT934125.1	+	UL43	PK_15_12h	425	52459	52460	52460	4176.201373	4157.894737	52460	52460	1		2	12h	PK_15	12	425	52473	53594	52473	53594	13	425
LT934125.1	+	UL43	PK_15_1h	425	52460	52460	52460	2923.976608	2923.976608	52460	52460	1		1	1h	PK_15	1	425	52473	53594	52473	53594	13	425
LT934125.1	+	UL43	PK_15_2h	425	52460	52464	52460	17016.654599	14120.202752	52460	52461	2		5	2h	PK_15	2	425	52473	53594	52473	53594	13	425
LT934125.1	+	UL43	PK_15_4h	425	52459	52461	52460	10473.329545	9864.415036	52460	52460	1		3	4h	PK_15	4	425	52473	53594	52473	53594	13	425
LT934125.1	+	UL43	PK_15_6h	425	52435	52460	52460	8217.808206	6072.629618	52444	52460	17		26	6h	PK_15	6	425	52473	53594	52473	53594	13	425
LT934125.1	+	UL43	PK_15_8h	425	52438	52460	52460	9802.674574	7114.06629	52444	52460	17		23	8h	PK_15	8	425	52473	53594	52473	53594	13	425
LT934125.1	+	UL44	C6_12h	439	53641	53652	53648	6916.615965	5734.706866	53648	53649	2		12	12h	C6	12	439	53661	55103	53661	55103	13	439
LT934125.1	+	UL44	C6_4h	439	53648	53649	53648	5254.860747	4729.374672	53648	53649	2		2	4h	C6	4	439	53661	55103	53661	55103	13	439
LT934125.1	+	UL44	C6_6h	439	53644	53652	53648	5260.888314	4398.447607	53648	53649	2		9	6h	C6	6	439	53661	55103	53661	55103	13	439
LT934125.1	+	UL44	C6_8h	439	53643	53648	53648	2841.000807	2679.580307	53648	53648	1		6	8h	C6	8	439	53661	55103	53661	55103	13	439
LT934125.1	+	UL44	NRK_12h	438	53577	53577	53577	26.887262	26.887262	53577	53577	1	UL43	1	12h	NRK	12	0	53661	55103	53661	55103	84	0
LT934125.1	+	UL44	NRK_12h	439	53640	53652	53648	7779.381055	6524.642175	53648	53649	2		13	12h	NRK	12	439	53661	55103	53661	55103	13	439
LT934125.1	+	UL44	NRK_4h	438	53593	53593	53593	586.85446	586.85446	53593	53593	1	UL43	1	4h	NRK	4	438	53661	55103	53661	55103	68	0
LT934125.1	+	UL44	NRK_4h	439	53648	53648	53648	586.85446	586.85446	53648	53648	1		1	4h	NRK	4	439	53661	55103	53661	55103	13	439
LT934125.1	+	UL44	NRK_6h	439	53643	53652	53648	2018.027714	1345.351809	53647	53652	6		10	6h	NRK	6	439	53661	55103	53661	55103	13	439
LT934125.1	+	UL44	NRK_8h	439	53647	53652	53648	4329.357948	3512.497958	53648	53649	2		6	8h	NRK	8	439	53661	55103	53661	55103	13	439
LT934125.1	+	UL44	PC_12_12h	439	53643	53649	53648	5556.048517	4928.092173	53648	53648	1		7	12h	PC_12	12	439	53661	55103	53661	55103	13	439
LT934125.1	+	UL44	PC_12_1h	439	53652	53652	53652	2227.171492	2227.171492	53652	53652	1		1	1h	PC_12	1	439	53661	55103	53661	55103	9	439
LT934125.1	+	UL44	PC_12_2.5h	439	53641	53647	53641	1480.3849	740.19245	53641	53647	7		7	2.5h	PC_12	2.5	439	53661	55103	53661	55103	20	439
LT934125.1	+	UL44	PC_12_4h	438	53606	53606	53606	100.38145	100.38145	53606	53606	1		1	4h	PC_12	4	0	53661	55103	53661	55103	55	0
LT934125.1	+	UL44	PC_12_4h	439	53644	53652	53648	2208.391892	1505.721743	53648	53652	5		9	4h	PC_12	4	439	53661	55103	53661	55103	13	439
LT934125.1	+	UL44	PC_12_6h	438	53606	53606	53606	79.953094	79.953094	53606	53606	1		1	6h	PC_12	6	0	53661	55103	53661	55103	55	0
LT934125.1	+	UL44	PC_12_6h	439	53641	53652	53648	4797.18565	3944.352646	53648	53648	1		12	6h	PC_12	6	439	53661	55103	53661	55103	13	439
LT934125.1	+	UL44	PC_12_8h	438	53606	53606	53606	63.914099	63.914099	53606	53606	1		1	8h	PC_12	8	0	53661	55103	53661	55103	55	0
LT934125.1	+	UL44	PC_12_8h	439	53644	53650	53648	5752.268951	5145.085006	53648	53648	1		7	8h	PC_12	8	439	53661	55103	53661	55103	13	439
LT934125.1	+	UL44	PK_15_12h	438	53606	53606	53606	132.723112	132.723112	53606	53606	1		1	12h	PK_15	12	0	53661	55103	53661	55103	55	0
LT934125.1	+	UL44	PK_15_12h	439	53640	53648	53648	18185.354691	17343.249428	53648	53648	1		9	12h	PK_15	12	439	53661	55103	53661	55103	13	439
LT934125.1	+	UL44	PK_15_2h	439	53648	53649	53648	5430.847212	5068.790731	53648	53648	1		2	2h	PK_15	2	439	53661	55103	53661	55103	13	439
LT934125.1	+	UL44	PK_15_4h	438	53564	53564	53564	40.594301	40.594301	53564	53564	1	UL43	1	4h	PK_15	4	0	53661	55103	53661	55103	97	0
LT934125.1	+	UL44	PK_15_4h	439	53648	53648	53648	1014.857514	1014.857514	53648	53648	1		1	4h	PK_15	4	439	53661	55103	53661	55103	13	439
LT934125.1	+	UL44	PK_15_6h	439	53643	53649	53648	2806.474245	2451.632674	53648	53648	1		7	6h	PK_15	6	439	53661	55103	53661	55103	13	439
LT934125.1	+	UL44	PK_15_8h	439	53640	53648	53648	7197.399989	6745.643621	53648	53648	1		9	8h	PK_15	8	439	53661	55103	53661	55103	13	439
LT934125.1	+	UL46	C6_12h	136	14042	14048	14048	17938.442818	17197.127052	14048	14048	1	UL47	7	12h	C6	12	136	14071	16146	14071	16146	23	136
LT934125.1	+	UL46	C6_1h	136	14048	14054	14048	16949.152542	13867.488444	14048	14051	4	UL47	7	1h	C6	1	136	14071	16146	14071	16146	23	136
LT934125.1	+	UL46	C6_2h	136	14048	14051	14048	6195.786865	4956.629492	14048	14051	4	UL47	4	2h	C6	2	136	14071	16146	14071	16146	23	136
LT934125.1	+	UL46	C6_4h	136	14044	14051	14048	17866.526538	15764.582239	14048	14048	1	UL47	8	4h	C6	4	136	14071	16146	14071	16146	23	136
LT934125.1	+	UL46	C6_6h	136	14042	14048	14048	19404.915913	18542.475205	14048	14048	1	UL47	7	6h	C6	6	136	14071	16146	14071	16146	23	136
LT934125.1	+	UL46	C6_8h	136	14041	14048	14048	11460.855528	10782.889427	14048	14048	1	UL47	8	8h	C6	8	136	14071	16146	14071	16146	23	136
LT934125.1	+	UL46	NRK_12h	136	14042	14048	14048	5063.767623	4785.932585	14048	14048	1	UL47	7	12h	NRK	12	136	14071	16146	14071	16146	23	136
LT934125.1	+	UL46	NRK_1h	136	14048	14049	14048	30303.030303	20202.020202	14048	14049	2	UL47	2	1h	NRK	1	136	14071	16146	14071	16146	23	136
LT934125.1	+	UL46	NRK_2h	136	14048	14048	14048	3236.245955	3236.245955	14048	14048	1	UL47	1	2h	NRK	2	136	14071	16146	14071	16146	23	136
LT934125.1	+	UL46	NRK_4h	136	14047	14054	14048	7629.107981	5868.544601	14048	14050	3	UL47	8	4h	NRK	4	136	14071	16146	14071	16146	23	136
LT934125.1	+	UL46	NRK_6h	136	14042	14051	14048	5650.4776	4843.266514	14048	14048	1	UL47	10	6h	NRK	6	136	14071	16146	14071	16146	23	136
LT934125.1	+	UL46	NRK_8h	136	14042	14051	14048	7841.855906	6779.937919	14048	14048	1	UL47	10	8h	NRK	8	136	14071	16146	14071	16146	23	136
LT934125.1	+	UL46	PC_12_1.5h	136	14048	14048	14048	6637.168142	6637.168142	14048	14048	1	UL47	1	1.5h	PC_12	1.5	136	14071	16146	14071	16146	23	136
LT934125.1	+	UL46	PC_12_12h	136	14042	14048	14048	5112.383709	4825.707987	14048	14048	1	UL47	7	12h	PC_12	12	136	14071	16146	14071	16146	23	136
LT934125.1	+	UL46	PC_12_1h	136	14048	14048	14048	4454.342984	4454.342984	14048	14048	1	UL47	1	1h	PC_12	1	136	14071	16146	14071	16146	23	136
LT934125.1	+	UL46	PC_12_2.5h	136	14048	14048	14048	2220.57735	2220.57735	14048	14048	1	UL47	1	2.5h	PC_12	2.5	136	14071	16146	14071	16146	23	136
LT934125.1	+	UL46	PC_12_2h	136	14048	14051	14048	7338.225484	6671.114076	14048	14048	1	UL47	4	2h	PC_12	2	136	14071	16146	14071	16146	23	136
LT934125.1	+	UL46	PC_12_4h	136	14042	14048	14048	13049.588437	12146.15539	14048	14048	1	UL47	7	4h	PC_12	4	136	14071	16146	14071	16146	23	136
LT934125.1	+	UL46	PC_12_6h	136	14042	14048	14048	12632.58888	11939.662065	14048	14048	1	UL47	7	6h	PC_12	6	136	14071	16146	14071	16146	23	136
LT934125.1	+	UL46	PC_12_8h	135	13985	13985	13985	31.95705	31.95705	13985	13985	1	UL47	1	8h	PC_12	8	0	14071	16146	14071	16146	86	0
LT934125.1	+	UL46	PC_12_8h	136	14040	14048	14048	5081.170906	4857.471558	14048	14048	1	UL47	9	8h	PC_12	8	136	14071	16146	14071	16146	23	136
LT934125.1	+	UL46	PK_15_12h	135	13986	13986	13986	13.729977	13.729977	13986	13986	1	UL47	1	12h	PK_15	12	0	14071	16146	14071	16146	85	0
LT934125.1	+	UL46	PK_15_12h	136	14042	14048	14048	6594.965675	6249.427918	14048	14048	1	UL47	7	12h	PK_15	12	136	14071	16146	14071	16146	23	136
LT934125.1	+	UL46	PK_15_2h	136	14047	14054	14048	8689.355539	5430.847212	14047	14051	5	UL47	8	2h	PK_15	2	136	14071	16146	14071	16146	23	136
LT934125.1	+	UL46	PK_15_4h	136	14042	14048	14048	8524.803118	8037.671511	14048	14048	1	UL47	7	4h	PK_15	4	136	14071	16146	14071	16146	23	136
LT934125.1	+	UL46	PK_15_6h	136	14042	14048	14048	7758.127082	7362.962605	14048	14048	1	UL47	7	6h	PK_15	6	136	14071	16146	14071	16146	23	136
LT934125.1	+	UL46	PK_15_8h	136	14042	14048	14048	7916.701389	7447.401085	14048	14048	1	UL47	7	8h	PK_15	8	136	14071	16146	14071	16146	23	136
LT934125.1	+	UL47	C6_12h	102	11788	11798	11793	825.238305	258.761163	11791	11797	7		11	12h	C6	12	102	11815	14052	11815	14052	22	102
LT934125.1	+	UL47	C6_8h	102	11789	11806	11792	225.9887	64.5682	11789	11806	18		18	8h	C6	8	102	11815	14052	11815	14052	23	102
LT934125.1	+	UL47	NRK_12h	102	11791	11797	11791	35.849682	17.924841	11791	11797	7		7	12h	NRK	12	102	11815	14052	11815	14052	24	102
LT934125.1	+	UL47	NRK_6h	102	11793	11793	11793	134.535181	134.535181	11793	11793	1		1	6h	NRK	6	102	11815	14052	11815	14052	22	102
LT934125.1	+	UL47	NRK_8h	102	11792	11793	11792	408.429995	326.743996	11792	11793	2		2	8h	NRK	8	102	11815	14052	11815	14052	23	102
LT934125.1	+	UL47	PC_12_12h	102	11791	11798	11793	546.048993	170.640311	11791	11795	5		8	12h	PC_12	12	102	11815	14052	11815	14052	22	102
LT934125.1	+	UL47	PC_12_6h	102	11791	11794	11794	346.463409	133.255157	11791	11794	4		4	6h	PC_12	6	102	11815	14052	11815	14052	21	102
LT934125.1	+	UL47	PC_12_8h	102	11788	11795	11794	255.656398	127.828199	11788	11795	8		8	8h	PC_12	8	102	11815	14052	11815	14052	21	102
LT934125.1	+	UL47	PK_15_12h	102	11788	11800	11793	697.940505	178.489703	11791	11798	8		13	12h	PK_15	12	102	11815	14052	11815	14052	22	102
LT934125.1	+	UL47	PK_15_4h	102	11792	11792	11792	40.594301	40.594301	11792	11792	1		1	4h	PK_15	4	102	11815	14052	11815	14052	23	102
LT934125.1	+	UL47	PK_15_6h	102	11791	11800	11792	370.970733	96.774974	11792	11797	6		10	6h	PK_15	6	102	11815	14052	11815	14052	23	102
LT934125.1	+	UL47	PK_15_8h	102	11788	11798	11793	543.862036	166.667398	11791	11797	7		11	8h	PK_15	8	102	11815	14052	11815	14052	22	102
LT934125.1	+	UL48	C6_12h	91	10431	10435	10431	1566.554071	1412.696082	10431	10431	1		5	12h	C6	12	91	10473	11714	10473	11714	42	91
LT934125.1	+	UL48	C6_1h	91	10431	10431	10431	1540.832049	1540.832049	10431	10431	1		1	1h	C6	1	91	10473	11714	10473	11714	42	91
LT934125.1	+	UL48	C6_4h	91	10432	10432	10432	525.486075	525.486075	10432	10432	1		1	4h	C6	4	91	10473	11714	10473	11714	41	91
LT934125.1	+	UL48	C6_6h	91	10431	10433	10431	776.196637	689.952566	10431	10433	3		3	6h	C6	6	91	10473	11714	10473	11714	42	91
LT934125.1	+	UL48	C6_8h	91	10430	10438	10431	548.829701	355.125101	10431	10434	4		9	8h	C6	8	91	10473	11714	10473	11714	42	91
LT934125.1	+	UL48	NRK_12h	91	10431	10431	10431	179.248411	179.248411	10431	10431	1		1	12h	NRK	12	91	10473	11714	10473	11714	42	91
LT934125.1	+	UL48	NRK_4h	91	10431	10431	10431	586.85446	586.85446	10431	10431	1		1	4h	NRK	4	91	10473	11714	10473	11714	42	91
LT934125.1	+	UL48	NRK_6h	91	10431	10431	10431	403.605543	403.605543	10431	10431	1		1	6h	NRK	6	91	10473	11714	10473	11714	42	91
LT934125.1	+	UL48	NRK_8h	91	10431	10431	10431	163.371998	163.371998	10431	10431	1		1	8h	NRK	8	91	10473	11714	10473	11714	42	91
LT934125.1	+	UL48	PC_12_12h	91	10431	10433	10431	812.247879	743.991755	10431	10431	1		3	12h	PC_12	12	91	10473	11714	10473	11714	42	91
LT934125.1	+	UL48	PC_12_4h	91	10431	10431	10431	200.762899	200.762899	10431	10431	1		1	4h	PC_12	4	91	10473	11714	10473	11714	42	91
LT934125.1	+	UL48	PC_12_6h	91	10431	10435	10431	319.812376	266.510314	10431	10433	3		5	6h	PC_12	6	91	10473	11714	10473	11714	42	91
LT934125.1	+	UL48	PC_12_8h	91	10431	10431	10431	830.883293	830.883293	10431	10431	1		1	8h	PC_12	8	91	10473	11714	10473	11714	42	91
LT934125.1	+	UL48	PK_15_12h	91	10431	10433	10431	1290.617849	1196.796339	10431	10431	1		3	12h	PK_15	12	91	10473	11714	10473	11714	42	91
LT934125.1	+	UL48	PK_15_2h	91	10431	10431	10431	362.056481	362.056481	10431	10431	1		1	2h	PK_15	2	91	10473	11714	10473	11714	42	91
LT934125.1	+	UL48	PK_15_4h	91	10431	10433	10431	162.377203	121.782902	10431	10433	3		3	4h	PK_15	4	91	10473	11714	10473	11714	42	91
LT934125.1	+	UL48	PK_15_6h	91	10430	10433	10431	572.585262	491.939451	10431	10433	3		4	6h	PK_15	6	91	10473	11714	10473	11714	42	91
LT934125.1	+	UL48	PK_15_8h	91	10431	10433	10431	1359.655086	1258.777451	10431	10431	1		3	8h	PK_15	8	91	10473	11714	10473	11714	42	91
LT934125.1	+	UL49	C6_12h	83	9640	9650	9646	6189.287286	2755.456713	9643	9646	4		11	12h	C6	12	83	9657	10409	9657	10409	11	83
LT934125.1	+	UL49	C6_1h	83	9644	9650	9644	3081.664098	1540.832049	9644	9650	7		7	1h	C6	1	83	9657	10409	9657	10409	13	83
LT934125.1	+	UL49	C6_2h	83	9643	9648	9644	4956.629492	2478.314746	9643	9648	6		6	2h	C6	2	83	9657	10409	9657	10409	13	83
LT934125.1	+	UL49	C6_4h	83	9643	9646	9646	3678.402522	2101.944298	9643	9646	4		4	4h	C6	4	83	9657	10409	9657	10409	11	83
LT934125.1	+	UL49	C6_6h	83	9640	9657	9646	3880.983182	1724.881414	9643	9647	5		18	6h	C6	6	83	9657	10409	9657	10409	11	83
LT934125.1	+	UL49	C6_8h	83	9640	9650	9646	4422.92171	1581.920904	9643	9647	5		11	8h	C6	8	83	9657	10409	9657	10409	11	83
LT934125.1	+	UL49	NRK_12h	83	9640	9650	9646	6372.281026	2115.131255	9643	9646	4		11	12h	NRK	12	83	9657	10409	9657	10409	11	83
LT934125.1	+	UL49	NRK_2h	83	9646	9647	9646	9708.737864	6472.491909	9646	9647	2		2	2h	NRK	2	83	9657	10409	9657	10409	11	83
LT934125.1	+	UL49	NRK_4h	83	9643	9650	9643	5281.69014	1173.70892	9643	9650	8		8	4h	NRK	4	83	9657	10409	9657	10409	14	83
LT934125.1	+	UL49	NRK_6h	83	9640	9654	9643	3901.520249	1210.816629	9643	9650	8		15	6h	NRK	6	83	9657	10409	9657	10409	14	83
LT934125.1	+	UL49	NRK_8h	83	9642	9650	9646	5799.705929	1960.463976	9643	9647	5		9	8h	NRK	8	83	9657	10409	9657	10409	11	83
LT934125.1	+	UL49	PC_12_12h	83	9640	9650	9643	5399.05943	1392.424935	9643	9647	5		11	12h	PC_12	12	83	9657	10409	9657	10409	14	83
LT934125.1	+	UL49	PC_12_2.5h	83	9640	9650	9644	8882.3094	2220.57735	9640	9650	11		11	2.5h	PC_12	2.5	83	9657	10409	9657	10409	13	83
LT934125.1	+	UL49	PC_12_2h	83	9644	9653	9644	4669.779854	1334.222815	9644	9653	10		10	2h	PC_12	2	83	9657	10409	9657	10409	13	83
LT934125.1	+	UL49	PC_12_4h	83	9640	9648	9644	3412.969286	1304.958844	9643	9646	4		9	4h	PC_12	4	83	9657	10409	9657	10409	13	83
LT934125.1	+	UL49	PC_12_6h	83	9640	9648	9644	3997.65471	1465.806727	9643	9647	5		9	6h	PC_12	6	83	9657	10409	9657	10409	13	83
LT934125.1	+	UL49	PC_12_8h	83	9640	9648	9646	5688.354851	1949.380033	9643	9647	5		9	8h	PC_12	8	83	9657	10409	9657	10409	11	83
LT934125.1	+	UL49	PK_15_12h	83	9640	9648	9646	7210.526316	2082.379863	9643	9646	4		9	12h	PK_15	12	83	9657	10409	9657	10409	11	83
LT934125.1	+	UL49	PK_15_2h	83	9643	9647	9646	3620.564808	1810.282404	9643	9647	5		5	2h	PK_15	2	83	9657	10409	9657	10409	11	83
LT934125.1	+	UL49	PK_15_4h	83	9638	9650	9643	6170.333686	1664.366323	9643	9647	5		13	4h	PK_15	4	83	9657	10409	9657	10409	14	83
LT934125.1	+	UL49	PK_15_6h	83	9640	9648	9643	4782.296629	1524.20584	9643	9646	4		9	6h	PK_15	6	83	9657	10409	9657	10409	14	83
LT934125.1	+	UL49	PK_15_8h	83	9640	9648	9646	6412.308826	2118.430344	9643	9646	4		9	8h	PK_15	8	83	9657	10409	9657	10409	11	83
LT934125.1	+	UL49.5	C6_12h	75	9107	9113	9113	8378.26686	6371.119457	9107	9113	7		7	12h	C6	12	0	9323	9619	9323	9619	210	0
LT934125.1	+	UL49.5	C6_12h	78	9267	9270	9270	12301.645581	9818.937121	9268	9270	3		4	12h	C6	12	78	9323	9619	9323	9619	53	78
LT934125.1	+	UL49.5	C6_1h	78	9267	9272	9270	24653.312788	20030.816641	9269	9270	2		6	1h	C6	1	78	9323	9619	9323	9619	53	78
LT934125.1	+	UL49.5	C6_2h	78	9267	9270	9270	22304.832714	18587.360595	9267	9270	4		4	2h	C6	2	78	9323	9619	9323	9619	53	0
LT934125.1	+	UL49.5	C6_2h	79	9314	9314	9314	1239.157373	1239.157373	9314	9314	1		1	2h	C6	2	0	9323	9619	9323	9619	9	79
LT934125.1	+	UL49.5	C6_4h	75	9107	9113	9113	2101.944299	1576.458224	9107	9113	7		7	4h	C6	4	0	9323	9619	9323	9619	210	0
LT934125.1	+	UL49.5	C6_4h	78	9267	9274	9270	9458.749345	7356.805045	9268	9270	3		8	4h	C6	4	78	9323	9619	9323	9619	53	78
LT934125.1	+	UL49.5	C6_6h	75	9107	9114	9113	2414.833981	1724.881414	9107	9113	7		8	6h	C6	6	0	9323	9619	9323	9619	210	0
LT934125.1	+	UL49.5	C6_6h	78	9267	9270	9270	12850.366537	10435.532557	9269	9270	2		4	6h	C6	6	78	9323	9619	9323	9619	53	78
LT934125.1	+	UL49.5	C6_8h	75	9107	9113	9113	3196.125907	2356.739306	9107	9113	7		7	8h	C6	8	0	9323	9619	9323	9619	210	0
LT934125.1	+	UL49.5	C6_8h	78	9267	9270	9270	13753.026635	10944.309927	9269	9270	2		4	8h	C6	8	78	9323	9619	9323	9619	53	78
LT934125.1	+	UL49.5	NRK_12h	75	9107	9113	9113	4445.360602	3289.208349	9107	9113	7		7	12h	NRK	12	0	9323	9619	9323	9619	210	0
LT934125.1	+	UL49.5	NRK_12h	77	9208	9208	9208	17.924841	17.924841	9208	9208	1		1	12h	NRK	12	0	9323	9619	9323	9619	115	0
LT934125.1	+	UL49.5	NRK_12h	78	9266	9270	9270	9356.767075	7402.959391	9267	9270	4		5	12h	NRK	12	78	9323	9619	9323	9619	53	78
LT934125.1	+	UL49.5	NRK_1h	78	9270	9270	9270	20202.020202	20202.020202	9270	9270	1		1	1h	NRK	1	78	9323	9619	9323	9619	53	78
LT934125.1	+	UL49.5	NRK_2h	78	9267	9270	9270	19417.475729	9708.737864	9267	9270	4		4	2h	NRK	2	78	9323	9619	9323	9619	53	78
LT934125.1	+	UL49.5	NRK_4h	75	9110	9113	9113	1760.56338	1173.70892	9110	9113	4		4	4h	NRK	4	0	9323	9619	9323	9619	210	0
LT934125.1	+	UL49.5	NRK_4h	78	9268	9272	9270	12323.943662	9976.525822	9269	9270	2		5	4h	NRK	4	78	9323	9619	9323	9619	53	78
LT934125.1	+	UL49.5	NRK_6h	75	9107	9115	9113	1883.492533	1479.88699	9113	9114	2		9	6h	NRK	6	0	9323	9619	9323	9619	210	0
LT934125.1	+	UL49.5	NRK_6h	78	9267	9270	9270	8341.181219	6054.083143	9268	9270	3		4	6h	NRK	6	78	9323	9619	9323	9619	53	78
LT934125.1	+	UL49.5	NRK_8h	75	9107	9113	9113	2368.893971	1715.405979	9107	9113	7		7	8h	NRK	8	0	9323	9619	9323	9619	210	0
LT934125.1	+	UL49.5	NRK_8h	76	9160	9160	9160	81.685999	81.685999	9160	9160	1		1	8h	NRK	8	0	9323	9619	9323	9619	163	0
LT934125.1	+	UL49.5	NRK_8h	77	9206	9206	9206	81.685999	81.685999	9206	9206	1		1	8h	NRK	8	0	9323	9619	9323	9619	117	0
LT934125.1	+	UL49.5	NRK_8h	78	9267	9270	9270	9230.517889	7433.425911	9267	9270	4		4	8h	NRK	8	78	9323	9619	9323	9619	53	78
LT934125.1	+	UL49.5	PC_12_1.5h	78	9267	9274	9270	26548.672568	15486.725664	9269	9271	3		8	1.5h	PC_12	1.5	78	9323	9619	9323	9619	53	78
LT934125.1	+	UL49.5	PC_12_12h	75	9107	9113	9113	6525.285482	4416.171241	9107	9113	7		7	12h	PC_12	12	0	9323	9619	9323	9619	210	0
LT934125.1	+	UL49.5	PC_12_12h	76	9160	9160	9160	20.476837	20.476837	9160	9160	1		1	12h	PC_12	12	0	9323	9619	9323	9619	163	0
LT934125.1	+	UL49.5	PC_12_12h	78	9267	9270	9270	10477.315077	8163.432464	9267	9270	4		4	12h	PC_12	12	78	9323	9619	9323	9619	53	78
LT934125.1	+	UL49.5	PC_12_1h	78	9270	9270	9270	22271.714922	22271.714922	9270	9270	1		1	1h	PC_12	1	78	9323	9619	9323	9619	53	78
LT934125.1	+	UL49.5	PC_12_2.5h	78	9267	9271	9270	27387.120651	21465.581051	9269	9270	2		5	2.5h	PC_12	2.5	78	9323	9619	9323	9619	53	78
LT934125.1	+	UL49.5	PC_12_2h	78	9267	9270	9270	26017.344897	19346.230821	9269	9270	2		4	2h	PC_12	2	78	9323	9619	9323	9619	53	78
LT934125.1	+	UL49.5	PC_12_4h	75	9107	9113	9113	2810.680587	1806.866091	9107	9113	7		7	4h	PC_12	4	0	9323	9619	9323	9619	210	0
LT934125.1	+	UL49.5	PC_12_4h	78	9267	9270	9270	12346.91829	8933.949006	9267	9270	4		4	4h	PC_12	4	78	9323	9619	9323	9619	53	78
LT934125.1	+	UL49.5	PC_12_6h	75	9107	9113	9113	3811.097489	2585.150045	9107	9113	7		7	6h	PC_12	6	0	9323	9619	9323	9619	210	0
LT934125.1	+	UL49.5	PC_12_6h	76	9160	9160	9160	26.651031	26.651031	9160	9160	1		1	6h	PC_12	6	0	9323	9619	9323	9619	163	0
LT934125.1	+	UL49.5	PC_12_6h	78	9267	9270	9270	13805.234263	10580.459464	9267	9270	4		4	6h	PC_12	6	78	9323	9619	9323	9619	53	78
LT934125.1	+	UL49.5	PC_12_8h	75	9107	9113	9113	4537.901061	3035.919724	9107	9113	7		7	8h	PC_12	8	0	9323	9619	9323	9619	210	0
LT934125.1	+	UL49.5	PC_12_8h	77	9208	9208	9208	31.95705	31.95705	9208	9208	1		1	8h	PC_12	8	0	9323	9619	9323	9619	115	0
LT934125.1	+	UL49.5	PC_12_8h	78	9267	9270	9270	12303.464144	9363.415569	9267	9270	4		4	8h	PC_12	8	78	9323	9619	9323	9619	53	78
LT934125.1	+	UL49.5	PK_15_12h	75	9106	9113	9113	8590.389016	6549.199085	9107	9113	7		8	12h	PK_15	12	0	9323	9619	9323	9619	210	0
LT934125.1	+	UL49.5	PK_15_12h	77	9208	9208	9208	25.171625	25.171625	9208	9208	1		1	12h	PK_15	12	0	9323	9619	9323	9619	115	0
LT934125.1	+	UL49.5	PK_15_12h	78	9267	9270	9270	12171.624714	10533.180778	9269	9270	2		4	12h	PK_15	12	78	9323	9619	9323	9619	53	78
LT934125.1	+	UL49.5	PK_15_1h	78	9270	9273	9270	8771.929824	5847.953216	9270	9273	4		4	1h	PK_15	1	78	9323	9619	9323	9619	53	78
LT934125.1	+	UL49.5	PK_15_2h	75	9113	9113	9113	1086.169442	1086.169442	9113	9113	1		1	2h	PK_15	2	0	9323	9619	9323	9619	210	0
LT934125.1	+	UL49.5	PK_15_2h	78	9267	9272	9270	25343.953656	20637.219406	9269	9270	2		6	2h	PK_15	2	78	9323	9619	9323	9619	53	78
LT934125.1	+	UL49.5	PK_15_4h	75	9098	9113	9113	1420.80052	893.074612	9107	9113	7		16	4h	PK_15	4	0	9323	9619	9323	9619	210	0
LT934125.1	+	UL49.5	PK_15_4h	78	9266	9270	9270	23625.882926	19647.641471	9269	9270	2		5	4h	PK_15	4	78	9323	9619	9323	9619	53	78
LT934125.1	+	UL49.5	PK_15_6h	75	9107	9113	9113	2548.407647	1935.49948	9108	9113	6		7	6h	PK_15	6	0	9323	9619	9323	9619	210	0
LT934125.1	+	UL49.5	PK_15_6h	78	9267	9270	9270	10435.568028	8846.845539	9269	9270	2		4	6h	PK_15	6	78	9323	9619	9323	9619	53	78
LT934125.1	+	UL49.5	PK_15_8h	75	9107	9113	9113	3434.225588	2583.344664	9107	9113	7		7	8h	PK_15	8	0	9323	9619	9323	9619	210	0
LT934125.1	+	UL49.5	PK_15_8h	77	9208	9208	9208	17.543937	17.543937	9208	9208	1		1	8h	PK_15	8	0	9323	9619	9323	9619	115	0
LT934125.1	+	UL49.5	PK_15_8h	78	9267	9270	9270	10767.591086	9210.566713	9269	9270	2		4	8h	PK_15	8	78	9323	9619	9323	9619	53	0
LT934125.1	+	UL49.5	PK_15_8h	79	9321	9321	9321	52.63181	52.63181	9321	9321	1		1	8h	PK_15	8	0	9323	9619	9323	9619	2	79
LT934125.1	+	UL5	C6_12h	800	88883	88888	88883	48.954815	27.97418	88883	88888	6		6	12h	C6	12	800	88923	91427	88923	91427	40	800
LT934125.1	+	UL5	C6_1h	800	88883	88883	88883	3081.664099	3081.664099	88883	88883	1		1	1h	C6	1	800	88923	91427	88923	91427	40	800
LT934125.1	+	UL5	C6_4h	800	88892	88892	88892	525.486075	525.486075	88892	88892	1		1	4h	C6	4	800	88923	91427	88923	91427	31	800
LT934125.1	+	UL5	C6_6h	800	88883	88888	88888	431.220353	258.732212	88883	88888	6		6	6h	C6	6	800	88923	91427	88923	91427	35	800
LT934125.1	+	UL5	NRK_12h	800	88883	88888	88883	107.549047	44.812103	88883	88888	6		6	12h	NRK	12	800	88923	91427	88923	91427	40	800
LT934125.1	+	UL5	NRK_6h	800	88885	88885	88885	134.535181	134.535181	88885	88885	1		1	6h	NRK	6	800	88923	91427	88923	91427	38	800
LT934125.1	+	UL5	NRK_8h	800	88883	88883	88883	163.371998	163.371998	88883	88883	1		1	8h	NRK	8	800	88923	91427	88923	91427	40	800
LT934125.1	+	UL5	PC_12_12h	800	88883	88883	88883	34.128062	34.128062	88883	88883	1		1	12h	PC_12	12	800	88923	91427	88923	91427	40	800
LT934125.1	+	UL5	PC_12_2.5h	800	88883	88883	88883	740.19245	740.19245	88883	88883	1		1	2.5h	PC_12	2.5	800	88923	91427	88923	91427	40	800
LT934125.1	+	UL5	PC_12_2h	800	88883	88883	88883	667.111408	667.111408	88883	88883	1		1	2h	PC_12	2	800	88923	91427	88923	91427	40	800
LT934125.1	+	UL5	PC_12_4h	800	88888	88888	88888	100.38145	100.38145	88888	88888	1		1	4h	PC_12	4	800	88923	91427	88923	91427	35	800
LT934125.1	+	UL5	PC_12_6h	800	88883	88888	88883	159.906188	79.953094	88883	88888	6		6	6h	PC_12	6	800	88923	91427	88923	91427	40	800
LT934125.1	+	UL5	PC_12_8h	800	88883	88883	88883	95.871149	95.871149	88883	88883	1		1	8h	PC_12	8	800	88923	91427	88923	91427	40	800
LT934125.1	+	UL5	PK_15_12h	800	88883	88888	88883	32.036614	20.594966	88883	88888	6		6	12h	PK_15	12	800	88923	91427	88923	91427	40	800
LT934125.1	+	UL5	PK_15_1h	800	88885	88885	88885	2923.976608	2923.976608	88885	88885	1		1	1h	PK_15	1	800	88923	91427	88923	91427	38	800
LT934125.1	+	UL5	PK_15_4h	800	88888	88888	88888	40.594301	40.594301	88888	88888	1		1	4h	PK_15	4	800	88923	91427	88923	91427	35	800
LT934125.1	+	UL5	PK_15_6h	800	88883	88888	88888	64.516649	48.387487	88883	88888	6		6	6h	PK_15	6	800	88923	91427	88923	91427	35	800
LT934125.1	+	UL5	PK_15_8h	800	88883	88888	88883	135.965508	78.947715	88883	88888	6		6	8h	PK_15	8	800	88923	91427	88923	91427	40	800
LT934125.1	+	UL51	C6_12h	54	7587	7596	7588	2657.547083	1272.825182	7588	7592	5		10	12h	C6	12	54	7729	8439	7729	8439	141	54
LT934125.1	+	UL51	C6_1h	54	7588	7594	7588	4622.496147	1540.832049	7588	7594	7		7	1h	C6	1	54	7729	8439	7729	8439	141	0
LT934125.1	+	UL51	C6_1h	55	7671	7671	7671	1540.832049	1540.832049	7671	7671	1		1	1h	C6	1	0	7729	8439	7729	8439	58	55
LT934125.1	+	UL51	C6_2h	54	7588	7591	7591	3717.472119	2478.314746	7588	7591	4		4	2h	C6	2	54	7729	8439	7729	8439	138	54
LT934125.1	+	UL51	C6_4h	54	7588	7596	7591	4729.374672	2101.944298	7588	7596	9		9	4h	C6	4	54	7729	8439	7729	8439	138	54
LT934125.1	+	UL51	C6_6h	54	7588	7592	7588	3104.786546	2156.101768	7588	7591	4		5	6h	C6	6	54	7729	8439	7729	8439	141	0
LT934125.1	+	UL51	C6_6h	55	7698	7698	7698	86.244071	86.244071	7698	7698	1		1	6h	C6	6	0	7729	8439	7729	8439	31	55
LT934125.1	+	UL51	C6_8h	54	7584	7594	7588	3906.376109	1937.046005	7588	7591	4		11	8h	C6	8	54	7729	8439	7729	8439	141	0
LT934125.1	+	UL51	C6_8h	55	7690	7690	7690	32.2841	32.2841	7690	7690	1		1	8h	C6	8	0	7729	8439	7729	8439	39	55
LT934125.1	+	UL51	NRK_12h	54	7587	7596	7588	1631.160544	833.505113	7588	7592	5		10	12h	NRK	12	54	7729	8439	7729	8439	141	54
LT934125.1	+	UL51	NRK_2h	54	7592	7592	7592	3236.245955	3236.245955	7592	7592	1		1	2h	NRK	2	54	7729	8439	7729	8439	137	54
LT934125.1	+	UL51	NRK_4h	54	7588	7596	7588	8215.962441	4694.835681	7588	7591	4		9	4h	NRK	4	54	7729	8439	7729	8439	141	0
LT934125.1	+	UL51	NRK_4h	55	7690	7690	7690	586.85446	586.85446	7690	7690	1		1	4h	NRK	4	0	7729	8439	7729	8439	39	55
LT934125.1	+	UL51	NRK_6h	54	7588	7596	7591	4843.266514	2287.098076	7588	7591	4		9	6h	NRK	6	54	7729	8439	7729	8439	138	54
LT934125.1	+	UL51	NRK_8h	54	7588	7594	7588	2368.893971	1143.603986	7588	7591	4		7	8h	NRK	8	54	7729	8439	7729	8439	141	0
LT934125.1	+	UL51	NRK_8h	55	7684	7684	7684	81.685999	81.685999	7684	7684	1		1	8h	NRK	8	0	7729	8439	7729	8439	45	55
LT934125.1	+	UL51	PC_12_1.5h	54	7591	7591	7591	4424.778761	4424.778761	7591	7591	1		1	1.5h	PC_12	1.5	54	7729	8439	7729	8439	138	54
LT934125.1	+	UL51	PC_12_12h	54	7587	7594	7588	1638.146983	969.236965	7588	7591	4		8	12h	PC_12	12	54	7729	8439	7729	8439	141	54
LT934125.1	+	UL51	PC_12_1h	54	7588	7591	7588	4454.342984	2227.171492	7588	7591	4		4	1h	PC_12	1	54	7729	8439	7729	8439	141	54
LT934125.1	+	UL51	PC_12_2.5h	54	7588	7591	7588	1480.3849	740.19245	7588	7591	4		4	2.5h	PC_12	2.5	54	7729	8439	7729	8439	141	54
LT934125.1	+	UL51	PC_12_2h	54	7588	7595	7591	4669.779853	2668.44563	7588	7595	8		8	2h	PC_12	2	54	7729	8439	7729	8439	138	54
LT934125.1	+	UL51	PC_12_4h	54	7587	7596	7588	4918.691027	2609.917687	7588	7591	4		10	4h	PC_12	4	54	7729	8439	7729	8439	141	54
LT934125.1	+	UL51	PC_12_6h	54	7587	7592	7588	3491.285113	2238.686637	7588	7591	4		6	6h	PC_12	6	54	7729	8439	7729	8439	141	0
LT934125.1	+	UL51	PC_12_6h	55	7688	7729	7688	79.953094	53.302063	7688	7729	42		42	6h	PC_12	6	0	7729	8439	7729	8439	41	55
LT934125.1	+	UL51	PC_12_8h	54	7588	7596	7588	2684.392177	1757.637735	7588	7591	4		9	8h	PC_12	8	54	7729	8439	7729	8439	141	0
LT934125.1	+	UL51	PC_12_8h	55	7664	7669	7664	63.9141	31.95705	7664	7669	6		6	8h	PC_12	8	0	7729	8439	7729	8439	65	55
LT934125.1	+	UL51	PK_15_12h	54	7588	7596	7588	718.53547	354.691076	7588	7594	7		9	12h	PK_15	12	54	7729	8439	7729	8439	141	54
LT934125.1	+	UL51	PK_15_1h	54	7591	7591	7591	2923.976608	2923.976608	7591	7591	1		1	1h	PK_15	1	54	7729	8439	7729	8439	138	54
LT934125.1	+	UL51	PK_15_2h	54	7589	7594	7591	2172.338885	1448.225923	7589	7594	6		6	2h	PK_15	2	54	7729	8439	7729	8439	138	54
LT934125.1	+	UL51	PK_15_4h	54	7587	7596	7588	10919.866849	5317.853373	7588	7592	5		10	4h	PK_15	4	54	7729	8439	7729	8439	141	0
LT934125.1	+	UL51	PK_15_4h	55	7713	7713	7713	40.594301	40.594301	7713	7713	1		1	4h	PK_15	4	0	7729	8439	7729	8439	16	55
LT934125.1	+	UL51	PK_15_6h	54	7587	7596	7588	4532.294615	2129.049428	7588	7594	7		10	6h	PK_15	6	54	7729	8439	7729	8439	141	54
LT934125.1	+	UL51	PK_15_8h	54	7587	7596	7588	2907.907492	1346.497134	7588	7593	6		10	8h	PK_15	8	54	7729	8439	7729	8439	141	54
LT934125.1	+	UL8	NRK_6h	758	84062	84062	84062	134.535181	134.535181	84062	84062	1	UL9	1	6h	NRK	6	758	84087	86138	84087	86138	25	758
LT934125.1	+	UL8	PC_12_8h	758	84072	84072	84072	31.95705	31.95705	84072	84072	1	UL9	1	8h	PC_12	8	758	84087	86138	84087	86138	15	758
LT934125.1	+	UL9	C6_12h	735	81436	81436	81436	90.916084	90.916084	81436	81436	1		1	12h	C6	12	735	81550	84090	81550	84090	114	735
LT934125.1	+	UL9	C6_6h	735	81436	81436	81436	86.244071	86.244071	81436	81436	1		1	6h	C6	6	0	81550	84090	81550	84090	114	0
LT934125.1	+	UL9	C6_6h	736	81481	81482	81481	172.488142	86.244071	81481	81482	2		2	6h	C6	6	736	81550	84090	81550	84090	69	736
LT934125.1	+	UL9	C6_8h	735	81436	81436	81436	32.2841	32.2841	81436	81436	1		1	8h	C6	8	0	81550	84090	81550	84090	114	0
LT934125.1	+	UL9	C6_8h	736	81477	81481	81477	96.8523	32.2841	81477	81481	5		5	8h	C6	8	736	81550	84090	81550	84090	73	736
LT934125.1	+	UL9	NRK_12h	734	81332	81332	81332	17.924841	17.924841	81332	81332	1		1	12h	NRK	12	734	81550	84090	81550	84090	218	734
LT934125.1	+	UL9	PC_12_12h	734	81332	81336	81332	95.558574	54.604899	81332	81336	5		5	12h	PC_12	12	734	81550	84090	81550	84090	218	0
LT934125.1	+	UL9	PC_12_12h	735	81436	81436	81436	54.604899	54.604899	81436	81436	1		1	12h	PC_12	12	0	81550	84090	81550	84090	114	735
LT934125.1	+	UL9	PC_12_6h	735	81436	81436	81436	26.651031	26.651031	81436	81436	1		1	6h	PC_12	6	735	81550	84090	81550	84090	114	735
LT934125.1	+	UL9	PC_12_8h	734	81336	81336	81336	31.95705	31.95705	81336	81336	1		1	8h	PC_12	8	0	81550	84090	81550	84090	214	0
LT934125.1	+	UL9	PC_12_8h	735	81436	81437	81436	63.9141	31.95705	81436	81437	2		2	8h	PC_12	8	735	81550	84090	81550	84090	114	735
LT934125.1	+	UL9	PK_15_12h	735	81436	81436	81436	11.441648	11.441648	81436	81436	1		1	12h	PK_15	12	735	81550	84090	81550	84090	114	735
LT934125.1	+	UL9	PK_15_6h	736	81480	81480	81480	16.129162	16.129162	81480	81480	1		1	6h	PK_15	6	736	81550	84090	81550	84090	70	736
LT934125.1	+	UL9	PK_15_8h	735	81436	81436	81436	17.543937	17.543937	81436	81436	1		1	8h	PK_15	8	735	81550	84090	81550	84090	114	735
LT934125.1	+	US1	C6_12h	1018	115544	115544	115544	27.97418	27.97418	115544	115544	1		1	12h	C6	12	1018	115740	116831	115740	116831	196	1018
LT934125.1	+	US1	C6_6h	1021	115731	115731	115731	86.244071	86.244071	115731	115731	1		1	6h	C6	6	1021	115740	116831	115740	116831	9	1021
LT934125.1	+	US1	C6_8h	1019	115603	115603	115603	32.2841	32.2841	115603	115603	1		1	8h	C6	8	1019	115740	116831	115740	116831	137	0
LT934125.1	+	US1	C6_8h	1021	115733	115733	115733	32.2841	32.2841	115733	115733	1		1	8h	C6	8	1021	115740	116831	115740	116831	7	1021
LT934125.1	+	US1	NRK_6h	1021	115717	115717	115717	134.535181	134.535181	115717	115717	1		1	6h	NRK	6	1021	115740	116831	115740	116831	23	1021
LT934125.1	+	US1	NRK_8h	1018	115562	115562	115562	81.685999	81.685999	115562	115562	1		1	8h	NRK	8	1018	115740	116831	115740	116831	178	1018
LT934125.1	+	US1	PC_12_12h	1021	115725	115725	115725	20.476837	20.476837	115725	115725	1		1	12h	PC_12	12	1021	115740	116831	115740	116831	15	1021
LT934125.1	+	US1	PC_12_1h	1020	115649	115649	115649	2227.171492	2227.171492	115649	115649	1		1	1h	PC_12	1	1020	115740	116831	115740	116831	91	1020
LT934125.1	+	US1	PC_12_4h	1018	115573	115573	115573	100.38145	100.38145	115573	115573	1		1	4h	PC_12	4	0	115740	116831	115740	116831	167	0
LT934125.1	+	US1	PC_12_4h	1021	115725	115733	115725	301.14435	100.38145	115725	115733	9		9	4h	PC_12	4	1021	115740	116831	115740	116831	15	1021
LT934125.1	+	US1	PC_12_6h	1018	115536	115536	115536	53.302063	53.302063	115536	115536	1		1	6h	PC_12	6	1018	115740	116831	115740	116831	204	0
LT934125.1	+	US1	PC_12_6h	1020	115649	115652	115649	53.302062	26.651031	115649	115652	4		4	6h	PC_12	6	0	115740	116831	115740	116831	91	1020
LT934125.1	+	US1	PC_12_8h	1018	115556	115556	115556	31.95705	31.95705	115556	115556	1		1	8h	PC_12	8	1018	115740	116831	115740	116831	184	0
LT934125.1	+	US1	PC_12_8h	1019	115602	115602	115602	31.95705	31.95705	115602	115602	1		1	8h	PC_12	8	1019	115740	116831	115740	116831	138	1019
LT934125.1	+	US1	PK_15_12h	1018	115536	115536	115536	11.441648	11.441648	115536	115536	1		1	12h	PK_15	12	1018	115740	116831	115740	116831	204	1018
LT934125.1	+	US1	PK_15_2h	1018	115536	115536	115536	362.056481	362.056481	115536	115536	1		1	2h	PK_15	2	1018	115740	116831	115740	116831	204	1018
LT934125.1	+	US1	PK_15_4h	1018	115536	115536	115536	40.594301	40.594301	115536	115536	1		1	4h	PK_15	4	1018	115740	116831	115740	116831	204	0
LT934125.1	+	US1	PK_15_4h	1021	115705	115705	115705	40.594301	40.594301	115705	115705	1		1	4h	PK_15	4	1021	115740	116831	115740	116831	35	1021
LT934125.1	+	US1	PK_15_6h	1018	115562	115562	115562	48.387487	48.387487	115562	115562	1		1	6h	PK_15	6	1018	115740	116831	115740	116831	178	1018
LT934125.1	+	US1	PK_15_8h	1018	115562	115562	115562	21.929921	21.929921	115562	115562	1		1	8h	PK_15	8	1018	115740	116831	115740	116831	178	1018
LT934125.1	+	US2	C6_12h	1133	125098	125104	125104	69.93545	41.96127	125098	125104	7		7	12h	C6	12	0	125308	126078	125308	126078	204	0
LT934125.1	+	US2	C6_12h	1136	125177	125227	125225	33499.08035	16959.346523	125223	125225	3		51	12h	C6	12	1136	125308	126078	125308	126078	83	1136
LT934125.1	+	US2	C6_1h	1136	125222	125236	125223	55469.953774	27734.976888	125223	125225	3		15	1h	C6	1	1136	125308	126078	125308	126078	85	1136
LT934125.1	+	US2	C6_2h	1136	125221	125227	125223	35935.563817	16109.045849	125223	125227	5		7	2h	C6	2	1136	125308	126078	125308	126078	85	0
LT934125.1	+	US2	C6_2h	1138	125302	125302	125302	1239.157373	1239.157373	125302	125302	1		1	2h	C6	2	0	125308	126078	125308	126078	6	1138
LT934125.1	+	US2	C6_4h	1133	125104	125104	125104	525.486075	525.486075	125104	125104	1		1	4h	C6	4	0	125308	126078	125308	126078	204	0
LT934125.1	+	US2	C6_4h	1136	125223	125229	125225	32054.650553	18392.012612	125223	125225	3		7	4h	C6	4	1136	125308	126078	125308	126078	83	1136
LT934125.1	+	US2	C6_6h	1133	125104	125104	125104	86.244071	86.244071	125104	125104	1		1	6h	C6	6	0	125308	126078	125308	126078	204	0
LT934125.1	+	US2	C6_6h	1135	125177	125177	125177	86.244071	86.244071	125177	125177	1		1	6h	C6	6	0	125308	126078	125308	126078	131	0
LT934125.1	+	US2	C6_6h	1136	125223	125227	125225	26563.173781	13799.051315	125223	125225	3		5	6h	C6	6	1136	125308	126078	125308	126078	83	1136
LT934125.1	+	US2	C6_8h	1133	125098	125104	125104	129.1364	96.8523	125098	125104	7		7	8h	C6	8	0	125308	126078	125308	126078	204	0
LT934125.1	+	US2	C6_8h	1136	125215	125227	125225	37449.556094	19854.72155	125223	125225	3		13	8h	C6	8	1136	125308	126078	125308	126078	83	1136
LT934125.1	+	US2	NRK_12h	1134	125131	125137	125137	98.586627	71.699365	125131	125137	7		7	12h	NRK	12	0	125308	126078	125308	126078	171	0
LT934125.1	+	US2	NRK_12h	1136	125217	125227	125225	24521.182682	12565.31364	125223	125225	3		11	12h	NRK	12	1136	125308	126078	125308	126078	83	0
LT934125.1	+	US2	NRK_12h	1137	125266	125269	125269	152.36115	125.473888	125266	125269	4		4	12h	NRK	12	0	125308	126078	125308	126078	39	1137
LT934125.1	+	US2	NRK_1h	1136	125223	125225	125223	70707.070707	40404.040404	125223	125225	3		3	1h	NRK	1	1136	125308	126078	125308	126078	85	1136
LT934125.1	+	US2	NRK_2h	1136	125217	125225	125223	45307.443366	19417.475728	125223	125225	3		9	2h	NRK	2	1136	125308	126078	125308	126078	85	1136
LT934125.1	+	US2	NRK_4h	1136	125223	125227	125225	29929.577464	14084.507042	125223	125225	3		5	4h	NRK	4	1136	125308	126078	125308	126078	83	1136
LT934125.1	+	US2	NRK_6h	1134	125140	125140	125140	134.535181	134.535181	125140	125140	1		1	6h	NRK	6	0	125308	126078	125308	126078	168	0
LT934125.1	+	US2	NRK_6h	1136	125222	125226	125225	25023.543657	13453.518095	125223	125225	3		5	6h	NRK	6	1136	125308	126078	125308	126078	83	1136
LT934125.1	+	US2	NRK_8h	1133	125098	125104	125098	163.371998	81.685999	125098	125104	7		7	8h	NRK	8	0	125308	126078	125308	126078	210	0
LT934125.1	+	US2	NRK_8h	1136	125217	125225	125225	24995.9157	14703.479824	125223	125225	3		9	8h	NRK	8	1136	125308	126078	125308	126078	83	1136
LT934125.1	+	US2	PC_12_0.5h	1136	125225	125227	125225	96774.193548	64516.129032	125225	125227	3		3	0.5h	PC_12	0.5	1136	125308	126078	125308	126078	83	1136
LT934125.1	+	US2	PC_12_1.5h	1136	125221	125225	125225	46460.176991	26548.672566	125223	125225	3		5	1.5h	PC_12	1.5	1136	125308	126078	125308	126078	83	1136
LT934125.1	+	US2	PC_12_12h	1133	125104	125105	125104	47.779287	27.30245	125104	125105	2		2	12h	PC_12	12	0	125308	126078	125308	126078	204	0
LT934125.1	+	US2	PC_12_12h	1135	125177	125177	125177	27.30245	27.30245	125177	125177	1		1	12h	PC_12	12	0	125308	126078	125308	126078	131	0
LT934125.1	+	US2	PC_12_12h	1136	125221	125227	125225	15794.46716	8347.724	125223	125225	3		7	12h	PC_12	12	1136	125308	126078	125308	126078	83	0
LT934125.1	+	US2	PC_12_12h	1137	125269	125269	125269	34.128062	34.128062	125269	125269	1		1	12h	PC_12	12	0	125308	126078	125308	126078	39	1137
LT934125.1	+	US2	PC_12_1h	1136	125222	125225	125225	66815.144766	40089.08686	125223	125225	3		4	1h	PC_12	1	1136	125308	126078	125308	126078	83	1136
LT934125.1	+	US2	PC_12_2.5h	1136	125223	125229	125223	45891.931902	22205.773501	125223	125225	3		7	2.5h	PC_12	2.5	1136	125308	126078	125308	126078	85	1136
LT934125.1	+	US2	PC_12_2h	1136	125223	125228	125225	44696.46431	22681.787859	125223	125225	3		6	2h	PC_12	2	1136	125308	126078	125308	126078	83	1136
LT934125.1	+	US2	PC_12_4h	1136	125217	125225	125225	17165.227866	11142.340895	125223	125225	3		9	4h	PC_12	4	1136	125308	126078	125308	126078	83	1136
LT934125.1	+	US2	PC_12_6h	1134	125150	125150	125150	26.651031	26.651031	125150	125150	1		1	6h	PC_12	6	0	125308	126078	125308	126078	158	0
LT934125.1	+	US2	PC_12_6h	1136	125217	125225	125225	16603.592559	10713.714621	125223	125225	3		9	6h	PC_12	6	1136	125308	126078	125308	126078	83	1136
LT934125.1	+	US2	PC_12_8h	1133	125074	125104	125104	351.527548	127.828199	125078	125104	27		31	8h	PC_12	8	0	125308	126078	125308	126078	204	0
LT934125.1	+	US2	PC_12_8h	1136	125217	125227	125225	19461.843283	10194.298862	125223	125225	3		11	8h	PC_12	8	1136	125308	126078	125308	126078	83	0
LT934125.1	+	US2	PC_12_8h	1137	125269	125269	125269	63.914099	63.914099	125269	125269	1		1	8h	PC_12	8	0	125308	126078	125308	126078	39	1137
LT934125.1	+	US2	PK_15_12h	1133	125098	125104	125104	64.073226	36.613272	125098	125104	7		7	12h	PK_15	12	0	125308	126078	125308	126078	204	0
LT934125.1	+	US2	PK_15_12h	1134	125150	125150	125150	13.729977	13.729977	125150	125150	1		1	12h	PK_15	12	0	125308	126078	125308	126078	158	0
LT934125.1	+	US2	PK_15_12h	1136	125221	125225	125225	9780.320367	5903.89016	125223	125225	3		5	12h	PK_15	12	1136	125308	126078	125308	126078	83	1136
LT934125.1	+	US2	PK_15_1h	1133	125090	125090	125090	2923.976608	2923.976608	125090	125090	1		1	1h	PK_15	1	0	125308	126078	125308	126078	218	0
LT934125.1	+	US2	PK_15_1h	1136	125223	125225	125225	8771.929824	5847.953216	125223	125225	3		3	1h	PK_15	1	1136	125308	126078	125308	126078	83	1136
LT934125.1	+	US2	PK_15_2h	1136	125218	125230	125225	36205.648081	19913.106445	125223	125226	4		13	2h	PK_15	2	1136	125308	126078	125308	126078	83	1136
LT934125.1	+	US2	PK_15_4h	1136	125221	125227	125225	33409.109361	19241.698466	125223	125225	3		7	4h	PK_15	4	1136	125308	126078	125308	126078	83	1136
LT934125.1	+	US2	PK_15_6h	1133	125104	125104	125104	16.129162	16.129162	125104	125104	1		1	6h	PK_15	6	0	125308	126078	125308	126078	204	0
LT934125.1	+	US2	PK_15_6h	1135	125177	125177	125177	16.129162	16.129162	125177	125177	1		1	6h	PK_15	6	0	125308	126078	125308	126078	131	0
LT934125.1	+	US2	PK_15_6h	1136	125216	125227	125225	13693.658818	8032.322841	125223	125225	3		12	6h	PK_15	6	1136	125308	126078	125308	126078	83	1136
LT934125.1	+	US2	PK_15_8h	1133	125098	125104	125104	30.701889	17.543937	125098	125104	7		7	8h	PK_15	8	0	125308	126078	125308	126078	204	0
LT934125.1	+	US2	PK_15_8h	1136	125217	125227	125225	13153.566464	7149.154163	125223	125225	3		11	8h	PK_15	8	1136	125308	126078	125308	126078	83	1136
LT934125.1	+	US3	C6_12h	1032	117603	117608	117607	468.567513	405.625608	117607	117607	1		6	12h	C6	12	1032	117833	118837	117833	118837	226	0
LT934125.1	+	US3	C6_12h	1034	117769	117769	117769	328.696613	328.696613	117769	117769	1		1	12h	C6	12	0	117833	118837	117833	118837	64	1034
LT934125.1	+	US3	C6_1h	1034	117769	117769	117769	3081.664099	3081.664099	117769	117769	1		1	1h	C6	1	1034	117833	118837	117833	118837	64	1034
LT934125.1	+	US3	C6_2h	1034	117769	117775	117769	3717.472119	2478.314746	117769	117775	7		7	2h	C6	2	1034	117833	118837	117833	118837	64	1034
LT934125.1	+	US3	C6_4h	1032	117603	117607	117607	1576.458224	1050.972149	117603	117607	5		5	4h	C6	4	1032	117833	118837	117833	118837	226	0
LT934125.1	+	US3	C6_4h	1034	117769	117769	117769	1050.972149	1050.972149	117769	117769	1		1	4h	C6	4	0	117833	118837	117833	118837	64	1034
LT934125.1	+	US3	C6_6h	1032	117607	117607	117607	86.244071	86.244071	117607	117607	1		1	6h	C6	6	0	117833	118837	117833	118837	226	0
LT934125.1	+	US3	C6_6h	1034	117768	117769	117769	1121.17292	1034.928849	117769	117769	1		2	6h	C6	6	1034	117833	118837	117833	118837	64	1034
LT934125.1	+	US3	C6_8h	1032	117603	117612	117607	193.7046	129.1364	117603	117612	10		10	8h	C6	8	0	117833	118837	117833	118837	226	0
LT934125.1	+	US3	C6_8h	1034	117769	117771	117769	613.397901	581.113801	117769	117769	1		3	8h	C6	8	1034	117833	118837	117833	118837	64	1034
LT934125.1	+	US3	NRK_12h	1032	117603	117607	117607	421.233766	313.68472	117603	117607	5		5	12h	NRK	12	0	117833	118837	117833	118837	226	0
LT934125.1	+	US3	NRK_12h	1034	117769	117769	117769	510.857973	510.857973	117769	117769	1		1	12h	NRK	12	1034	117833	118837	117833	118837	64	1034
LT934125.1	+	US3	NRK_1h	1034	117769	117769	117769	10101.010101	10101.010101	117769	117769	1		1	1h	NRK	1	1034	117833	118837	117833	118837	64	1034
LT934125.1	+	US3	NRK_2h	1034	117769	117769	117769	3236.245955	3236.245955	117769	117769	1		1	2h	NRK	2	1034	117833	118837	117833	118837	64	1034
LT934125.1	+	US3	NRK_4h	1032	117607	117607	117607	586.85446	586.85446	117607	117607	1		1	4h	NRK	4	1032	117833	118837	117833	118837	226	1032
LT934125.1	+	US3	NRK_6h	1032	117606	117612	117606	538.140724	134.535181	117606	117612	7		7	6h	NRK	6	0	117833	118837	117833	118837	227	0
LT934125.1	+	US3	NRK_6h	1034	117769	117781	117769	1883.492533	1479.88699	117769	117779	11		13	6h	NRK	6	1034	117833	118837	117833	118837	64	1034
LT934125.1	+	US3	NRK_8h	1032	117603	117607	117607	816.85999	653.487992	117606	117607	2		5	8h	NRK	8	0	117833	118837	117833	118837	226	0
LT934125.1	+	US3	NRK_8h	1034	117769	117769	117769	1306.975984	1306.975984	117769	117769	1		1	8h	NRK	8	1034	117833	118837	117833	118837	64	1034
LT934125.1	+	US3	PC_12_1.5h	1034	117769	117769	117769	11061.946903	11061.946903	117769	117769	1		1	1.5h	PC_12	1.5	1034	117833	118837	117833	118837	64	1034
LT934125.1	+	US3	PC_12_12h	1032	117605	117612	117607	395.88552	293.501334	117606	117608	3		8	12h	PC_12	12	1032	117833	118837	117833	118837	226	0
LT934125.1	+	US3	PC_12_12h	1034	117769	117769	117769	327.629397	327.629397	117769	117769	1		1	12h	PC_12	12	0	117833	118837	117833	118837	64	1034
LT934125.1	+	US3	PC_12_1h	1034	117769	117769	117769	8908.685969	8908.685969	117769	117769	1		1	1h	PC_12	1	1034	117833	118837	117833	118837	64	1034
LT934125.1	+	US3	PC_12_2.5h	1034	117769	117769	117769	740.19245	740.19245	117769	117769	1		1	2.5h	PC_12	2.5	1034	117833	118837	117833	118837	64	1034
LT934125.1	+	US3	PC_12_2h	1034	117769	117769	117769	3335.557038	3335.557038	117769	117769	1		1	2h	PC_12	2	1034	117833	118837	117833	118837	64	1034
LT934125.1	+	US3	PC_12_4h	1032	117603	117607	117607	702.670147	401.525798	117603	117607	5		5	4h	PC_12	4	1032	117833	118837	117833	118837	226	0
LT934125.1	+	US3	PC_12_4h	1034	117769	117769	117769	602.288697	602.288697	117769	117769	1		1	4h	PC_12	4	0	117833	118837	117833	118837	64	1034
LT934125.1	+	US3	PC_12_6h	1032	117603	117608	117607	239.859282	106.604126	117603	117608	6		6	6h	PC_12	6	0	117833	118837	117833	118837	226	0
LT934125.1	+	US3	PC_12_6h	1033	117684	117684	117684	26.651031	26.651031	117684	117684	1		1	6h	PC_12	6	0	117833	118837	117833	118837	149	0
LT934125.1	+	US3	PC_12_6h	1034	117769	117769	117769	346.463408	346.463408	117769	117769	1		1	6h	PC_12	6	1034	117833	118837	117833	118837	64	1034
LT934125.1	+	US3	PC_12_8h	1032	117603	117607	117607	639.140995	511.312796	117603	117607	5		5	8h	PC_12	8	0	117833	118837	117833	118837	226	0
LT934125.1	+	US3	PC_12_8h	1034	117768	117769	117769	1086.53969	1022.625591	117769	117769	1		2	8h	PC_12	8	1034	117833	118837	117833	118837	64	1034
LT934125.1	+	US3	PK_15_12h	1032	117603	117607	117607	473.684211	393.592677	117606	117607	2		5	12h	PK_15	12	1032	117833	118837	117833	118837	226	0
LT934125.1	+	US3	PK_15_12h	1034	117769	117769	117769	176.201373	176.201373	117769	117769	1		1	12h	PK_15	12	0	117833	118837	117833	118837	64	1034
LT934125.1	+	US3	PK_15_1h	1034	117769	117769	117769	2923.976608	2923.976608	117769	117769	1		1	1h	PK_15	1	1034	117833	118837	117833	118837	64	1034
LT934125.1	+	US3	PK_15_2h	1032	117603	117607	117603	724.112962	362.056481	117603	117607	5		5	2h	PK_15	2	0	117833	118837	117833	118837	230	0
LT934125.1	+	US3	PK_15_2h	1034	117769	117780	117769	6154.960174	5068.790731	117769	117771	3		12	2h	PK_15	2	1034	117833	118837	117833	118837	64	1034
LT934125.1	+	US3	PK_15_4h	1034	117769	117769	117769	852.480312	852.480312	117769	117769	1		1	4h	PK_15	4	1034	117833	118837	117833	118837	64	1034
LT934125.1	+	US3	PK_15_6h	1032	117603	117607	117607	88.710392	56.452068	117603	117607	5		5	6h	PK_15	6	0	117833	118837	117833	118837	226	0
LT934125.1	+	US3	PK_15_6h	1034	117769	117769	117769	548.391519	548.391519	117769	117769	1		1	6h	PK_15	6	1034	117833	118837	117833	118837	64	1034
LT934125.1	+	US3	PK_15_8h	1032	117606	117607	117607	232.457159	219.299207	117607	117607	1		2	8h	PK_15	8	0	117833	118837	117833	118837	226	0
LT934125.1	+	US3	PK_15_8h	1034	117768	117769	117769	912.284703	885.968798	117769	117769	1		2	8h	PK_15	8	1034	117833	118837	117833	118837	64	1034
LT934125.1	+	US4	C6_12h	1050	118857	118866	118864	72334.235502	43234.09493	118860	118866	7		10	12h	C6	12	1050	118897	120396	118897	120396	33	1050
LT934125.1	+	US4	C6_1h	1050	118860	118866	118864	77041.602465	30816.640986	118860	118866	7		7	1h	C6	1	1050	118897	120396	118897	120396	33	1050
LT934125.1	+	US4	C6_2h	1050	118860	118868	118864	50805.452293	33457.249071	118860	118866	7		9	2h	C6	2	1050	118897	120396	118897	120396	33	1050
LT934125.1	+	US4	C6_4h	1050	118857	118866	118864	70940.620074	35733.053074	118860	118866	7		10	4h	C6	4	1050	118897	120396	118897	120396	33	1050
LT934125.1	+	US4	C6_6h	1050	118859	118866	118864	47779.215178	28546.787408	118860	118866	7		8	6h	C6	6	1050	118897	120396	118897	120396	33	1050
LT934125.1	+	US4	C6_8h	1050	118857	118866	118864	58660.209846	33898.305085	118860	118866	7		10	8h	C6	8	1050	118897	120396	118897	120396	33	1050
LT934125.1	+	US4	NRK_12h	1050	118846	118866	118864	50709.375589	30517.042043	118860	118866	7		21	12h	NRK	12	1050	118897	120396	118897	120396	33	1050
LT934125.1	+	US4	NRK_1h	1050	118860	118866	118864	101010.10101	40404.040404	118860	118866	7		7	1h	NRK	1	1050	118897	120396	118897	120396	33	1050
LT934125.1	+	US4	NRK_2h	1050	118857	118866	118864	58252.427185	22653.721683	118859	118866	8		10	2h	NRK	2	1050	118897	120396	118897	120396	33	1050
LT934125.1	+	US4	NRK_4h	1050	118858	118866	118864	78051.643192	41666.666667	118860	118866	7		9	4h	NRK	4	1050	118897	120396	118897	120396	33	1050
LT934125.1	+	US4	NRK_6h	1050	118859	118866	118864	74532.490247	41302.300552	118860	118866	7		8	6h	NRK	6	1050	118897	120396	118897	120396	33	1050
LT934125.1	+	US4	NRK_8h	1050	118854	118866	118864	72700.539128	43456.951479	118860	118866	7		13	8h	NRK	8	1050	118897	120396	118897	120396	33	1050
LT934125.1	+	US4	PC_12_0.5h	1050	118864	118864	118864	64516.129032	64516.129032	118864	118864	1		1	0.5h	PC_12	0.5	1050	118897	120396	118897	120396	33	1050
LT934125.1	+	US4	PC_12_1.5h	1050	118860	118866	118864	61946.902655	37610.619469	118860	118864	5		7	1.5h	PC_12	1.5	1050	118897	120396	118897	120396	33	1050
LT934125.1	+	US4	PC_12_12h	1050	118852	118866	118864	50134.123285	28845.038121	118860	118866	7		15	12h	PC_12	12	1050	118897	120396	118897	120396	33	1050
LT934125.1	+	US4	PC_12_1h	1050	118860	118866	118864	62360.801781	42316.258352	118860	118864	5		7	1h	PC_12	1	1050	118897	120396	118897	120396	33	1050
LT934125.1	+	US4	PC_12_2.5h	1050	118859	118866	118864	59215.396003	30347.890452	118860	118864	5		8	2.5h	PC_12	2.5	1050	118897	120396	118897	120396	33	1050
LT934125.1	+	US4	PC_12_2h	1050	118859	118866	118864	81387.591728	42028.018679	118860	118866	7		8	2h	PC_12	2	1050	118897	120396	118897	120396	33	1050
LT934125.1	+	US4	PC_12_4h	1050	118857	118866	118864	59425.818111	35233.888777	118860	118866	7		10	4h	PC_12	4	1050	118897	120396	118897	120396	33	1050
LT934125.1	+	US4	PC_12_6h	1049	118799	118799	118799	26.651031	26.651031	118799	118799	1	US3	1	6h	PC_12	6	0	118897	120396	118897	120396	98	0
LT934125.1	+	US4	PC_12_6h	1050	118854	118866	118864	57539.576781	30888.545387	118860	118866	7		13	6h	PC_12	6	1050	118897	120396	118897	120396	33	1050
LT934125.1	+	US4	PC_12_8h	1050	118857	118866	118864	61101.879076	34002.300908	118860	118866	7		10	8h	PC_12	8	1050	118897	120396	118897	120396	33	1050
LT934125.1	+	US4	PK_15_12h	1050	118857	118866	118864	54279.176199	32745.995423	118860	118866	7		10	12h	PK_15	12	1050	118897	120396	118897	120396	33	1050
LT934125.1	+	US4	PK_15_1h	1050	118860	118866	118866	23391.812865	14619.883041	118860	118866	7		7	1h	PK_15	1	1050	118897	120396	118897	120396	31	1050
LT934125.1	+	US4	PK_15_2h	1050	118860	118868	118864	27878.349024	13396.08979	118860	118866	7		9	2h	PK_15	2	1050	118897	120396	118897	120396	33	1050
LT934125.1	+	US4	PK_15_4h	1050	118857	118866	118864	50458.715596	26386.295364	118860	118866	7		10	4h	PK_15	4	1050	118897	120396	118897	120396	33	1050
LT934125.1	+	US4	PK_15_6h	1050	118857	118866	118864	49589.10959	29306.687957	118860	118866	7		10	6h	PK_15	6	1050	118897	120396	118897	120396	33	1050
LT934125.1	+	US4	PK_15_8h	1050	118852	118866	118864	80465.265198	47921.262813	118860	118866	7		15	8h	PK_15	8	1050	118897	120396	118897	120396	33	1050
LT934125.1	+	US6	C6_12h	1072	120555	120557	120555	2251.921476	1622.50243	120555	120557	3		3	12h	C6	12	1072	120576	121778	120576	121778	21	1072
LT934125.1	+	US6	C6_1h	1072	120555	120555	120555	3081.664099	3081.664099	120555	120555	1		1	1h	C6	1	1072	120576	121778	120576	121778	21	1072
LT934125.1	+	US6	C6_2h	1072	120555	120555	120555	1239.157373	1239.157373	120555	120555	1		1	2h	C6	2	1072	120576	121778	120576	121778	21	1072
LT934125.1	+	US6	C6_4h	1072	120555	120557	120555	2101.944298	1050.972149	120555	120557	3		3	4h	C6	4	1072	120576	121778	120576	121778	21	1072
LT934125.1	+	US6	C6_6h	1071	120481	120483	120481	172.488142	86.244071	120481	120483	3		3	6h	C6	6	0	120576	121778	120576	121778	95	0
LT934125.1	+	US6	C6_6h	1072	120555	120557	120555	3536.0069	2156.101768	120555	120557	3		3	6h	C6	6	1072	120576	121778	120576	121778	21	1072
LT934125.1	+	US6	C6_8h	1072	120554	120557	120555	1323.648103	903.954802	120555	120557	3		4	8h	C6	8	1072	120576	121778	120576	121778	21	1072
LT934125.1	+	US6	NRK_12h	1072	120555	120557	120555	815.580272	663.219122	120555	120557	3		3	12h	NRK	12	1072	120576	121778	120576	121778	21	1072
LT934125.1	+	US6	NRK_4h	1072	120555	120555	120555	586.85446	586.85446	120555	120555	1		1	4h	NRK	4	1072	120576	121778	120576	121778	21	1072
LT934125.1	+	US6	NRK_6h	1071	120483	120483	120483	134.535181	134.535181	120483	120483	1		1	6h	NRK	6	0	120576	121778	120576	121778	93	0
LT934125.1	+	US6	NRK_6h	1072	120555	120559	120555	1210.816629	672.675905	120555	120559	5		5	6h	NRK	6	1072	120576	121778	120576	121778	21	1072
LT934125.1	+	US6	NRK_8h	1072	120555	120557	120555	1306.975984	898.545989	120555	120557	3		3	8h	NRK	8	1072	120576	121778	120576	121778	21	1072
LT934125.1	+	US6	PC_12_12h	1072	120555	120557	120555	1017.016252	784.945429	120555	120557	3		3	12h	PC_12	12	1072	120576	121778	120576	121778	21	1072
LT934125.1	+	US6	PC_12_1h	1072	120555	120555	120555	6681.514477	6681.514477	120555	120555	1		1	1h	PC_12	1	1072	120576	121778	120576	121778	21	1072
LT934125.1	+	US6	PC_12_2h	1072	120555	120555	120555	1334.222815	1334.222815	120555	120555	1		1	2h	PC_12	2	1072	120576	121778	120576	121778	21	1072
LT934125.1	+	US6	PC_12_4h	1072	120555	120558	120555	1104.195946	903.433046	120555	120557	3		4	4h	PC_12	4	1072	120576	121778	120576	121778	21	1072
LT934125.1	+	US6	PC_12_6h	1072	120555	120557	120555	1892.223229	1465.806727	120555	120557	3		3	6h	PC_12	6	1072	120576	121778	120576	121778	21	1072
LT934125.1	+	US6	PC_12_8h	1072	120555	120557	120555	958.711491	766.969193	120555	120557	3		3	8h	PC_12	8	1072	120576	121778	120576	121778	21	1072
LT934125.1	+	US6	PK_15_12h	1072	120554	120557	120555	1437.070939	983.981693	120555	120557	3		4	12h	PK_15	12	1072	120576	121778	120576	121778	21	1072
LT934125.1	+	US6	PK_15_2h	1072	120555	120555	120555	1086.169442	1086.169442	120555	120555	1		1	2h	PK_15	2	1072	120576	121778	120576	121778	21	1072
LT934125.1	+	US6	PK_15_4h	1071	120499	120499	120499	81.188601	81.188601	120499	120499	1		1	4h	PK_15	4	0	120576	121778	120576	121778	77	0
LT934125.1	+	US6	PK_15_4h	1072	120554	120557	120555	730.697411	487.131607	120555	120557	3		4	4h	PK_15	4	1072	120576	121778	120576	121778	21	1072
LT934125.1	+	US6	PK_15_6h	1072	120555	120557	120555	782.264373	677.424818	120555	120557	3		3	6h	PK_15	6	1072	120576	121778	120576	121778	21	1072
LT934125.1	+	US6	PK_15_8h	1072	120554	120557	120555	1578.954294	1114.039974	120555	120557	3		4	8h	PK_15	8	1072	120576	121778	120576	121778	21	1072
LT934125.1	+	US7	C6_12h	1092	121715	121715	121715	20.980635	20.980635	121715	121715	1	US6	1	12h	C6	12	0	121799	122896	121799	122896	84	0
LT934125.1	+	US7	C6_12h	1093	121784	121787	121784	9133.569715	5930.526124	121784	121786	3		4	12h	C6	12	1093	121799	122896	121799	122896	15	1093
LT934125.1	+	US7	C6_1h	1093	121784	121786	121784	16949.152543	13867.488444	121784	121786	3		3	1h	C6	1	1093	121799	122896	121799	122896	15	1093
LT934125.1	+	US7	C6_2h	1093	121784	121786	121784	4956.629492	3717.472119	121784	121786	3		3	2h	C6	2	1093	121799	122896	121799	122896	15	1093
LT934125.1	+	US7	C6_4h	1092	121715	121715	121715	525.486075	525.486075	121715	121715	1	US6	1	4h	C6	4	0	121799	122896	121799	122896	84	0
LT934125.1	+	US7	C6_4h	1093	121784	121795	121784	10509.721493	7356.805045	121784	121792	9		12	4h	C6	4	1093	121799	122896	121799	122896	15	1093
LT934125.1	+	US7	C6_6h	1092	121715	121715	121715	86.244071	86.244071	121715	121715	1	US6	1	6h	C6	6	0	121799	122896	121799	122896	84	0
LT934125.1	+	US7	C6_6h	1093	121783	121787	121784	13885.295387	8451.918931	121784	121786	3		5	6h	C6	6	1093	121799	122896	121799	122896	15	1093
LT934125.1	+	US7	C6_8h	1092	121715	121715	121715	96.8523	96.8523	121715	121715	1	US6	1	8h	C6	8	0	121799	122896	121799	122896	84	0
LT934125.1	+	US7	C6_8h	1093	121777	121787	121784	9297.820823	6037.126715	121784	121786	3		11	8h	C6	8	1093	121799	122896	121799	122896	15	1093
LT934125.1	+	US7	NRK_12h	1092	121705	121705	121705	26.887262	26.887262	121705	121705	1	US6	1	12h	NRK	12	0	121799	122896	121799	122896	94	0
LT934125.1	+	US7	NRK_12h	1093	121783	121787	121784	10432.257543	6838.326895	121784	121786	3		5	12h	NRK	12	1093	121799	122896	121799	122896	15	1093
LT934125.1	+	US7	NRK_1h	1093	121784	121784	121784	10101.010101	10101.010101	121784	121784	1		1	1h	NRK	1	1093	121799	122896	121799	122896	15	1093
LT934125.1	+	US7	NRK_2h	1093	121786	121788	121786	12944.983819	9708.737864	121786	121788	3		3	2h	NRK	2	1093	121799	122896	121799	122896	13	1093
LT934125.1	+	US7	NRK_4h	1093	121784	121789	121784	11150.234741	8215.962441	121784	121787	4		6	4h	NRK	4	1093	121799	122896	121799	122896	15	1093
LT934125.1	+	US7	NRK_6h	1092	121715	121715	121715	134.535181	134.535181	121715	121715	1	US6	1	6h	NRK	6	0	121799	122896	121799	122896	84	0
LT934125.1	+	US7	NRK_6h	1093	121784	121787	121784	14126.194	7803.040495	121784	121786	3		4	6h	NRK	6	1093	121799	122896	121799	122896	15	1093
LT934125.1	+	US7	NRK_8h	1092	121715	121715	121715	81.685999	81.685999	121715	121715	1	US6	1	8h	NRK	8	0	121799	122896	121799	122896	84	0
LT934125.1	+	US7	NRK_8h	1093	121784	121787	121784	15030.22382	11027.609868	121784	121786	3		4	8h	NRK	8	1093	121799	122896	121799	122896	15	1093
LT934125.1	+	US7	PC_12_1.5h	1093	121786	121786	121786	4424.778761	4424.778761	121786	121786	1		1	1.5h	PC_12	1.5	1093	121799	122896	121799	122896	13	1093
LT934125.1	+	US7	PC_12_12h	1093	121783	121787	121784	7931.361642	5426.36188	121784	121786	3		5	12h	PC_12	12	1093	121799	122896	121799	122896	15	1093
LT934125.1	+	US7	PC_12_1h	1093	121784	121786	121784	8908.685968	4454.342984	121784	121786	3		3	1h	PC_12	1	1093	121799	122896	121799	122896	15	1093
LT934125.1	+	US7	PC_12_2.5h	1093	121784	121786	121784	7401.9245	5921.5396	121784	121786	3		3	2.5h	PC_12	2.5	1093	121799	122896	121799	122896	15	1093
LT934125.1	+	US7	PC_12_2h	1093	121784	121787	121784	10673.782522	6004.002668	121784	121786	3		4	2h	PC_12	2	1093	121799	122896	121799	122896	15	1093
LT934125.1	+	US7	PC_12_4h	1092	121723	121723	121723	100.38145	100.38145	121723	121723	1	US6	1	4h	PC_12	4	0	121799	122896	121799	122896	76	0
LT934125.1	+	US7	PC_12_4h	1093	121784	121786	121784	13049.588436	11142.340895	121784	121786	3		3	4h	PC_12	4	1093	121799	122896	121799	122896	15	1093
LT934125.1	+	US7	PC_12_6h	1092	121718	121718	121718	26.651031	26.651031	121718	121718	1	US6	1	6h	PC_12	6	0	121799	122896	121799	122896	81	0
LT934125.1	+	US7	PC_12_6h	1093	121777	121786	121784	15111.1348	12046.266191	121784	121786	3		10	6h	PC_12	6	1093	121799	122896	121799	122896	15	1093
LT934125.1	+	US7	PC_12_8h	1092	121742	121745	121742	95.871149	63.914099	121742	121745	4	US6	4	8h	PC_12	8	0	121799	122896	121799	122896	57	0
LT934125.1	+	US7	PC_12_8h	1093	121782	121787	121784	9267.54442	6359.452895	121784	121786	3		6	8h	PC_12	8	1093	121799	122896	121799	122896	15	1093
LT934125.1	+	US7	PK_15_12h	1092	121715	121715	121715	22.883295	22.883295	121715	121715	1	US6	1	12h	PK_15	12	0	121799	122896	121799	122896	84	0
LT934125.1	+	US7	PK_15_12h	1093	121783	121787	121784	9054.919908	5805.491991	121784	121786	3		5	12h	PK_15	12	1093	121799	122896	121799	122896	15	1093
LT934125.1	+	US7	PK_15_1h	1093	121784	121786	121784	5847.953216	2923.976608	121784	121786	3		3	1h	PK_15	1	1093	121799	122896	121799	122896	15	1093
LT934125.1	+	US7	PK_15_2h	1093	121784	121786	121786	3258.508327	2172.338885	121784	121786	3		3	2h	PK_15	2	1093	121799	122896	121799	122896	13	1093
LT934125.1	+	US7	PK_15_4h	1092	121714	121720	121714	121.782903	40.594301	121714	121720	7	US6	7	4h	PK_15	4	0	121799	122896	121799	122896	85	0
LT934125.1	+	US7	PK_15_4h	1093	121778	121787	121784	13923.845094	8971.340424	121784	121786	3		10	4h	PK_15	4	1093	121799	122896	121799	122896	15	1093
LT934125.1	+	US7	PK_15_6h	1093	121783	121787	121784	11443.640674	7669.416689	121784	121786	3		5	6h	PK_15	6	1093	121799	122896	121799	122896	15	1093
LT934125.1	+	US7	PK_15_8h	1092	121715	121723	121715	61.403778	48.245826	121715	121723	9	US6	9	8h	PK_15	8	0	121799	122896	121799	122896	84	0
LT934125.1	+	US7	PK_15_8h	1093	121783	121787	121784	14807.082488	9609.691271	121784	121786	3		5	8h	PK_15	8	1093	121799	122896	121799	122896	15	1093
LT934125.1	+	US8	C6_12h	1105	122922	122922	122922	83.922539	83.922539	122922	122922	1		1	12h	C6	12	0	123000	124730	123000	124730	78	0
LT934125.1	+	US8	C6_12h	1106	122978	122983	122979	6776.745064	3958.346446	122979	122981	3		6	12h	C6	12	1106	123000	124730	123000	124730	21	1106
LT934125.1	+	US8	C6_1h	1106	122979	122981	122981	10785.824345	6163.328197	122979	122981	3		3	1h	C6	1	1106	123000	124730	123000	124730	19	1106
LT934125.1	+	US8	C6_2h	1106	122979	122979	122979	1239.157373	1239.157373	122979	122979	1		1	2h	C6	2	1106	123000	124730	123000	124730	21	1106
LT934125.1	+	US8	C6_4h	1106	122978	122983	122979	12086.179717	6831.31897	122979	122983	5		6	4h	C6	4	1106	123000	124730	123000	124730	21	1106
LT934125.1	+	US8	C6_6h	1105	122922	122922	122922	431.220354	431.220354	122922	122922	1		1	6h	C6	6	0	123000	124730	123000	124730	78	0
LT934125.1	+	US8	C6_6h	1106	122978	122988	122979	8710.651141	4570.935748	122979	122983	5		11	6h	C6	6	1106	123000	124730	123000	124730	21	1106
LT934125.1	+	US8	C6_8h	1105	122922	122942	122922	322.841	161.4205	122922	122940	19		21	8h	C6	8	0	123000	124730	123000	124730	78	0
LT934125.1	+	US8	C6_8h	1106	122978	122988	122979	5294.592412	2937.853107	122979	122981	3		11	8h	C6	8	1106	123000	124730	123000	124730	21	1106
LT934125.1	+	US8	NRK_12h	1105	122922	122922	122922	134.436309	134.436309	122922	122922	1		1	12h	NRK	12	0	123000	124730	123000	124730	78	0
LT934125.1	+	US8	NRK_12h	1106	122978	122988	122979	4579.796912	2760.425536	122979	122981	3		11	12h	NRK	12	1106	123000	124730	123000	124730	21	1106
LT934125.1	+	US8	NRK_1h	1105	122922	122922	122922	10101.010101	10101.010101	122922	122922	1		1	1h	NRK	1	1105	123000	124730	123000	124730	78	1105
LT934125.1	+	US8	NRK_2h	1106	122979	122983	122979	19417.475729	12944.983819	122979	122983	5		5	2h	NRK	2	1106	123000	124730	123000	124730	21	1106
LT934125.1	+	US8	NRK_4h	1105	122924	122924	122924	586.85446	586.85446	122924	122924	1		1	4h	NRK	4	0	123000	124730	123000	124730	76	0
LT934125.1	+	US8	NRK_4h	1106	122978	122988	122979	9389.671361	5281.690141	122978	122984	7		11	4h	NRK	4	1106	123000	124730	123000	124730	21	1106
LT934125.1	+	US8	NRK_6h	1105	122922	122922	122922	269.070362	269.070362	122922	122922	1		1	6h	NRK	6	0	123000	124730	123000	124730	78	0
LT934125.1	+	US8	NRK_6h	1106	122977	122988	122979	11973.631105	4574.196152	122978	122983	6		12	6h	NRK	6	1106	123000	124730	123000	124730	21	1106
LT934125.1	+	US8	NRK_8h	1105	122922	122922	122922	898.545989	898.545989	122922	122922	1		1	8h	NRK	8	0	123000	124730	123000	124730	78	0
LT934125.1	+	US8	NRK_8h	1106	122978	122983	122979	14376.735827	9148.83189	122979	122981	3		6	8h	NRK	8	1106	123000	124730	123000	124730	21	1106
LT934125.1	+	US8	PC_12_1.5h	1106	122979	122981	122979	4424.778762	2212.389381	122979	122981	3		3	1.5h	PC_12	1.5	1106	123000	124730	123000	124730	21	1106
LT934125.1	+	US8	PC_12_12h	1105	122922	122922	122922	34.128062	34.128062	122922	122922	1		1	12h	PC_12	12	0	123000	124730	123000	124730	78	0
LT934125.1	+	US8	PC_12_12h	1106	122978	122983	122979	3228.514679	1849.740968	122979	122981	3		6	12h	PC_12	12	1106	123000	124730	123000	124730	21	1106
LT934125.1	+	US8	PC_12_1h	1106	122979	122981	122979	11135.857461	6681.514477	122979	122981	3		3	1h	PC_12	1	1106	123000	124730	123000	124730	21	1106
LT934125.1	+	US8	PC_12_2.5h	1106	122979	122980	122979	2220.57735	1480.3849	122979	122980	2		2	2.5h	PC_12	2.5	1106	123000	124730	123000	124730	21	1106
LT934125.1	+	US8	PC_12_2h	1105	122922	122922	122922	1334.222815	1334.222815	122922	122922	1		1	2h	PC_12	2	0	123000	124730	123000	124730	78	0
LT934125.1	+	US8	PC_12_2h	1106	122979	122988	122979	14009.33956	9339.559706	122979	122983	5		10	2h	PC_12	2	1106	123000	124730	123000	124730	21	1106
LT934125.1	+	US8	PC_12_4h	1105	122924	122924	122924	100.38145	100.38145	122924	122924	1		1	4h	PC_12	4	0	123000	124730	123000	124730	76	0
LT934125.1	+	US8	PC_12_4h	1106	122978	122988	122979	4717.928128	2710.299137	122979	122981	3		11	4h	PC_12	4	1106	123000	124730	123000	124730	21	1106
LT934125.1	+	US8	PC_12_6h	1105	122922	122922	122922	133.255157	133.255157	122922	122922	1		1	6h	PC_12	6	0	123000	124730	123000	124730	78	0
LT934125.1	+	US8	PC_12_6h	1106	122978	122983	122979	4583.9774	3038.217579	122979	122981	3		6	6h	PC_12	6	1106	123000	124730	123000	124730	21	1106
LT934125.1	+	US8	PC_12_8h	1105	122922	122923	122922	95.871149	63.914099	122922	122923	2		2	8h	PC_12	8	0	123000	124730	123000	124730	78	0
LT934125.1	+	US8	PC_12_8h	1106	122978	122988	122979	4505.944011	2588.521028	122979	122981	3		11	8h	PC_12	8	1106	123000	124730	123000	124730	21	1106
LT934125.1	+	US8	PK_15_12h	1105	122922	122922	122922	57.208238	57.208238	122922	122922	1		1	12h	PK_15	12	0	123000	124730	123000	124730	78	0
LT934125.1	+	US8	PK_15_12h	1106	122978	122983	122979	2997.711671	1787.185355	122979	122981	3		6	12h	PK_15	12	1106	123000	124730	123000	124730	21	1106
LT934125.1	+	US8	PK_15_1h	1106	122979	122981	122979	8771.929824	5847.953216	122979	122981	3		3	1h	PK_15	1	1106	123000	124730	123000	124730	21	1106
LT934125.1	+	US8	PK_15_2h	1106	122979	122983	122979	6517.016655	4344.67777	122979	122981	3		5	2h	PK_15	2	1106	123000	124730	123000	124730	21	1106
LT934125.1	+	US8	PK_15_4h	1105	122920	122922	122922	365.348705	324.754404	122920	122922	3		3	4h	PK_15	4	0	123000	124730	123000	124730	78	0
LT934125.1	+	US8	PK_15_4h	1106	122978	122981	122979	5196.070471	3369.326946	122979	122981	3		4	4h	PK_15	4	1106	123000	124730	123000	124730	21	1106
LT934125.1	+	US8	PK_15_6h	1105	122920	122922	122922	145.162461	129.033299	122920	122922	3		3	6h	PK_15	6	0	123000	124730	123000	124730	78	0
LT934125.1	+	US8	PK_15_6h	1106	122978	122988	122979	4927.459093	2895.184639	122979	122981	3		11	6h	PK_15	6	1106	123000	124730	123000	124730	21	1106
LT934125.1	+	US8	PK_15_8h	1105	122922	122922	122922	171.053382	171.053382	122922	122922	1		1	8h	PK_15	8	0	123000	124730	123000	124730	78	0
LT934125.1	+	US8	PK_15_8h	1106	122978	122988	122979	7157.926131	3938.613766	122979	122982	4		11	8h	PK_15	8	1106	123000	124730	123000	124730	21	1106
LT934125.1	+	US9	C6_12h	1128	124754	124756	124756	7650.938184	7567.015645	124756	124756	1		3	12h	C6	12	1128	124788	125084	124788	125084	32	1128
LT934125.1	+	US9	C6_1h	1128	124756	124756	124756	1540.832049	1540.832049	124756	124756	1		1	1h	C6	1	1128	124788	125084	124788	125084	32	1128
LT934125.1	+	US9	C6_2h	1128	124756	124756	124756	1239.157373	1239.157373	124756	124756	1		1	2h	C6	2	1128	124788	125084	124788	125084	32	1128
LT934125.1	+	US9	C6_4h	1127	124716	124716	124716	525.486075	525.486075	124716	124716	1	US8	1	4h	C6	4	0	124788	125084	124788	125084	72	0
LT934125.1	+	US9	C6_4h	1128	124756	124758	124756	9984.235418	9458.749343	124756	124756	1		3	4h	C6	4	1128	124788	125084	124788	125084	32	1128
LT934125.1	+	US9	C6_6h	1127	124709	124709	124709	86.244071	86.244071	124709	124709	1	US8	1	6h	C6	6	0	124788	125084	124788	125084	79	0
LT934125.1	+	US9	C6_6h	1128	124756	124756	124756	6209.573092	6209.573092	124756	124756	1		1	6h	C6	6	1128	124788	125084	124788	125084	32	1128
LT934125.1	+	US9	C6_8h	1128	124756	124756	124756	5649.717514	5649.717514	124756	124756	1		1	8h	C6	8	1128	124788	125084	124788	125084	32	1128
LT934125.1	+	US9	NRK_12h	1128	124736	124756	124756	11274.725077	11050.664563	124756	124756	1		21	12h	NRK	12	1128	124788	125084	124788	125084	32	1128
LT934125.1	+	US9	NRK_1h	1128	124764	124764	124764	10101.010101	10101.010101	124764	124764	1		1	1h	NRK	1	1128	124788	125084	124788	125084	24	1128
LT934125.1	+	US9	NRK_2h	1128	124756	124756	124756	9708.737864	9708.737864	124756	124756	1		1	2h	NRK	2	1128	124788	125084	124788	125084	32	1128
LT934125.1	+	US9	NRK_4h	1128	124749	124770	124756	12910.798122	9389.671362	124756	124761	6		22	4h	NRK	4	1128	124788	125084	124788	125084	32	1128
LT934125.1	+	US9	NRK_6h	1128	124754	124756	124756	13857.123638	13722.588457	124756	124756	1		3	6h	NRK	6	1128	124788	125084	124788	125084	32	1128
LT934125.1	+	US9	NRK_8h	1128	124754	124757	124756	9720.633883	8985.459892	124756	124756	1		4	8h	NRK	8	1128	124788	125084	124788	125084	32	1128
LT934125.1	+	US9	PC_12_1.5h	1128	124756	124756	124756	8849.557522	8849.557522	124756	124756	1		1	1.5h	PC_12	1.5	1128	124788	125084	124788	125084	32	1128
LT934125.1	+	US9	PC_12_12h	1128	124754	124757	124756	7071.334475	6586.715993	124756	124756	1		4	12h	PC_12	12	1128	124788	125084	124788	125084	32	1128
LT934125.1	+	US9	PC_12_1h	1128	124756	124756	124756	2227.171492	2227.171492	124756	124756	1		1	1h	PC_12	1	1128	124788	125084	124788	125084	32	1128
LT934125.1	+	US9	PC_12_2.5h	1128	124756	124757	124756	7401.9245	6661.73205	124756	124756	1		2	2.5h	PC_12	2.5	1128	124788	125084	124788	125084	32	1128
LT934125.1	+	US9	PC_12_2h	1128	124756	124757	124756	2668.445631	2001.334223	124756	124757	2		2	2h	PC_12	2	1128	124788	125084	124788	125084	32	1128
LT934125.1	+	US9	PC_12_4h	1128	124754	124758	124756	2609.917688	2308.773339	124756	124756	1		5	4h	PC_12	4	1128	124788	125084	124788	125084	32	1128
LT934125.1	+	US9	PC_12_6h	1128	124754	124757	124756	4130.909866	3864.399552	124756	124756	1		4	6h	PC_12	6	1128	124788	125084	124788	125084	32	1128
LT934125.1	+	US9	PC_12_8h	1128	124754	124756	124756	6806.851591	6710.980442	124756	124756	1		3	8h	PC_12	8	1128	124788	125084	124788	125084	32	1128
LT934125.1	+	US9	PK_15_12h	1128	124736	124756	124756	11645.308925	11443.935927	124756	124756	1		21	12h	PK_15	12	1128	124788	125084	124788	125084	32	1128
LT934125.1	+	US9	PK_15_2h	1128	124756	124764	124756	6517.016656	4706.734251	124756	124761	6		9	2h	PK_15	2	1128	124788	125084	124788	125084	32	1128
LT934125.1	+	US9	PK_15_4h	1127	124689	124689	124689	81.188601	81.188601	124689	124689	1	US8	1	4h	PK_15	4	0	124788	125084	124788	125084	99	0
LT934125.1	+	US9	PK_15_4h	1128	124754	124756	124756	4465.373062	4343.59016	124756	124756	1		3	4h	PK_15	4	1128	124788	125084	124788	125084	32	1128
LT934125.1	+	US9	PK_15_6h	1128	124736	124756	124756	6467.794094	6161.340011	124756	124756	1		21	6h	PK_15	6	1128	124788	125084	124788	125084	32	1128
LT934125.1	+	US9	PK_15_8h	1128	124736	124756	124756	9513.19962	9328.988285	124756	124756	1		21	8h	PK_15	8	1128	124788	125084	124788	125084	32	1128
LT934125.1	-	AZURE	C6_6h	2334	118930	118930	118930	86.244071	86.244071	118930	118930	1		1	6h	C6	6	2334	117251	118739	118739	117251	-191	2334
LT934125.1	-	AZURE	NRK_2h	2332	118739	118739	118739	3236.245955	3236.245955	118739	118739	1	AZURE	1	2h	NRK	2	2332	117251	118739	118739	117251	0	2332
LT934125.1	-	AZURE	NRK_6h	2333	118809	118809	118809	134.535181	134.535181	118809	118809	1		1	6h	NRK	6	2333	117251	118739	118739	117251	-70	2333
LT934125.1	-	CTO-L	C6_12h	1856	65746	65753	65752	2909.314703	1566.554071	65749	65752	4	UL21	8	12h	C6	12	1856	63164	65752	65752	63164	0	1856
LT934125.1	-	CTO-L	C6_12h	1858	65880	65883	65883	76.928995	48.954815	65880	65883	4		4	12h	C6	12	0	63164	65752	65752	63164	-131	0
LT934125.1	-	CTO-L	C6_1h	1856	65744	65752	65752	6163.328197	3081.664099	65744	65752	9	UL21	9	1h	C6	1	1856	63164	65752	65752	63164	0	1856
LT934125.1	-	CTO-L	C6_4h	1856	65749	65752	65752	4729.374672	3152.916448	65749	65752	4	UL21	4	4h	C6	4	1856	63164	65752	65752	63164	0	1856
LT934125.1	-	CTO-L	C6_6h	1856	65746	65752	65752	3708.49504	2069.857697	65746	65752	7	UL21	7	6h	C6	6	1856	63164	65752	65752	63164	0	1856
LT934125.1	-	CTO-L	C6_6h	1858	65880	65880	65880	86.244071	86.244071	65880	65880	1		1	6h	C6	6	0	63164	65752	65752	63164	-128	0
LT934125.1	-	CTO-L	C6_8h	1856	65747	65756	65752	2421.307505	1388.216303	65749	65752	4	UL21	10	8h	C6	8	1856	63164	65752	65752	63164	0	1856
LT934125.1	-	CTO-L	C6_8h	1857	65840	65840	65840	32.2841	32.2841	65840	65840	1		1	8h	C6	8	0	63164	65752	65752	63164	-88	0
LT934125.1	-	CTO-L	NRK_12h	1856	65748	65752	65752	1281.626142	501.895552	65749	65752	4	UL21	5	12h	NRK	12	1856	63164	65752	65752	63164	0	1856
LT934125.1	-	CTO-L	NRK_12h	1857	65847	65847	65847	17.924841	17.924841	65847	65847	1		1	12h	NRK	12	0	63164	65752	65752	63164	-95	0
LT934125.1	-	CTO-L	NRK_4h	1856	65747	65752	65752	2934.2723	1173.70892	65747	65752	6	UL21	6	4h	NRK	4	1856	63164	65752	65752	63164	0	1856
LT934125.1	-	CTO-L	NRK_8h	1858	65873	65873	65873	81.685999	81.685999	65873	65873	1		1	8h	NRK	8	1858	63164	65752	65752	63164	-121	1858
LT934125.1	-	CTO-L	PC_12_1.5h	1856	65752	65752	65752	2212.389381	2212.389381	65752	65752	1	UL21	1	1.5h	PC_12	1.5	1856	63164	65752	65752	63164	0	1856
LT934125.1	-	CTO-L	PC_12_12h	1856	65746	65753	65752	1897.520255	730.34053	65749	65752	4	UL21	8	12h	PC_12	12	1856	63164	65752	65752	63164	0	1856
LT934125.1	-	CTO-L	PC_12_12h	1858	65883	65883	65883	27.30245	27.30245	65883	65883	1		1	12h	PC_12	12	0	63164	65752	65752	63164	-131	0
LT934125.1	-	CTO-L	PC_12_1h	1856	65752	65752	65752	4454.342984	4454.342984	65752	65752	1	UL21	1	1h	PC_12	1	1856	63164	65752	65752	63164	0	1856
LT934125.1	-	CTO-L	PC_12_2.5h	1856	65752	65752	65752	2220.57735	2220.57735	65752	65752	1	UL21	1	2.5h	PC_12	2.5	1856	63164	65752	65752	63164	0	1856
LT934125.1	-	CTO-L	PC_12_2h	1856	65747	65752	65752	4669.779853	2668.44563	65747	65752	6	UL21	6	2h	PC_12	2	1856	63164	65752	65752	63164	0	1856
LT934125.1	-	CTO-L	PC_12_6h	1858	65876	65876	65876	26.651031	26.651031	65876	65876	1		1	6h	PC_12	6	1858	63164	65752	65752	63164	-124	1858
LT934125.1	-	CTO-L	PC_12_8h	1856	65747	65753	65752	2236.993481	894.797392	65750	65752	3	UL21	7	8h	PC_12	8	1856	63164	65752	65752	63164	0	1856
LT934125.1	-	CTO-L	PK_15_12h	1856	65746	65752	65752	1313.501144	498.855835	65749	65752	4	UL21	7	12h	PK_15	12	1856	63164	65752	65752	63164	0	1856
LT934125.1	-	CTO-L	PK_15_12h	1858	65880	65883	65883	34.324943	18.306636	65880	65883	4		4	12h	PK_15	12	0	63164	65752	65752	63164	-131	0
LT934125.1	-	CTO-L	PK_15_2h	1856	65744	65752	65752	1810.282404	1086.169442	65744	65752	9	UL21	9	2h	PK_15	2	1856	63164	65752	65752	63164	0	1856
LT934125.1	-	CTO-L	PK_15_6h	1858	65883	65883	65883	16.129162	16.129162	65883	65883	1		1	6h	PK_15	6	1858	63164	65752	65752	63164	-131	1858
LT934125.1	-	CTO-L	PK_15_8h	1856	65746	65753	65752	1618.42815	644.73967	65749	65752	4	UL21	8	8h	PK_15	8	1856	63164	65752	65752	63164	0	1856
LT934125.1	-	CTO-L	PK_15_8h	1858	65880	65880	65880	13.157952	13.157952	65880	65880	1		1	8h	PK_15	8	0	63164	65752	65752	63164	-128	0
LT934125.1	-	CTO-M	C6_12h	1830	64123	64127	64127	293.728888	125.883809	64123	64127	5	UL21	5	12h	C6	12	1830	63164	64127	64127	63164	0	1830
LT934125.1	-	CTO-M	C6_4h	1830	64127	64127	64127	525.486075	525.486075	64127	64127	1	UL21	1	4h	C6	4	1830	63164	64127	64127	63164	0	1830
LT934125.1	-	CTO-M	C6_6h	1830	64124	64127	64127	258.732212	172.488141	64124	64127	4	UL21	4	6h	C6	6	1830	63164	64127	64127	63164	0	1830
LT934125.1	-	CTO-M	C6_8h	1830	64123	64127	64127	387.4092	161.4205	64123	64127	5	UL21	5	8h	C6	8	1830	63164	64127	64127	63164	0	1830
LT934125.1	-	CTO-M	NRK_12h	1830	64123	64128	64127	457.083449	170.285991	64123	64127	5	UL21	6	12h	NRK	12	1830	63164	64127	64127	63164	0	1830
LT934125.1	-	CTO-M	PC_12_12h	1830	64123	64129	64127	655.258793	238.896435	64123	64128	6	UL21	7	12h	PC_12	12	1830	63164	64127	64127	63164	0	1830
LT934125.1	-	CTO-M	PC_12_4h	1832	64221	64221	64221	100.38145	100.38145	64221	64221	1	UL21	1	4h	PC_12	4	1832	63164	64127	64127	63164	-94	1832
LT934125.1	-	CTO-M	PC_12_6h	1831	64189	64189	64189	26.651031	26.651031	64189	64189	1	UL21	1	6h	PC_12	6	1831	63164	64127	64127	63164	-62	1831
LT934125.1	-	CTO-M	PK_15_12h	1830	64123	64128	64127	551.487414	226.544622	64123	64127	5	UL21	6	12h	PK_15	12	1830	63164	64127	64127	63164	0	1830
LT934125.1	-	CTO-M	PK_15_8h	1830	64123	64128	64127	337.72078	135.965509	64123	64128	6	UL21	6	8h	PK_15	8	1830	63164	64127	64127	63164	0	1830
LT934125.1	-	CTO-S	C6_12h	1819	63417	63427	63420	62480.330655	56997.391408	63420	63420	1	UL21	11	12h	C6	12	1819	63164	63420	63420	63164	0	1819
LT934125.1	-	CTO-S	C6_1h	1819	63410	63420	63420	13867.488443	10785.824345	63410	63420	11	UL21	11	1h	C6	1	1819	63164	63420	63420	63164	0	1819
LT934125.1	-	CTO-S	C6_2h	1819	63415	63420	63420	53283.767039	43370.508055	63416	63420	5	UL21	6	2h	C6	2	1819	63164	63420	63420	63164	0	1819
LT934125.1	-	CTO-S	C6_4h	1819	63417	63420	63420	85654.230164	76195.48082	63419	63420	2	UL21	4	4h	C6	4	1819	63164	63420	63420	63164	0	1819
LT934125.1	-	CTO-S	C6_6h	1819	63417	63423	63420	150754.635619	136179.387667	63420	63420	1	UL21	7	6h	C6	6	1819	63164	63420	63420	63164	0	1819
LT934125.1	-	CTO-S	C6_8h	1819	63417	63438	63420	177594.834542	161323.648103	63420	63420	1	UL21	22	8h	C6	8	1819	63164	63420	63420	63164	0	1819
LT934125.1	-	CTO-S	C6_8h	1820	63508	63508	63508	32.2841	32.2841	63508	63508	1	UL21	1	8h	C6	8	0	63164	63420	63420	63164	-88	0
LT934125.1	-	CTO-S	NRK_12h	1819	63417	63430	63420	189438.683599	167355.279314	63419	63420	2	UL21	14	12h	NRK	12	1819	63164	63420	63420	63164	0	1819
LT934125.1	-	CTO-S	NRK_1h	1819	63420	63420	63420	20202.020202	20202.020202	63420	63420	1	CTO-S	1	1h	NRK	1	1819	63164	63420	63420	63164	0	1819
LT934125.1	-	CTO-S	NRK_1h	1820	63486	63486	63486	10101.010101	10101.010101	63486	63486	1	CTO-M	1	1h	NRK	1	0	63164	63420	63420	63164	-66	0
LT934125.1	-	CTO-S	NRK_2h	1819	63420	63420	63420	12944.983819	12944.983819	63420	63420	1	UL21	1	2h	NRK	2	1819	63164	63420	63420	63164	0	1819
LT934125.1	-	CTO-S	NRK_4h	1819	63417	63424	63420	55751.173709	46948.356808	63417	63420	4	UL21	8	4h	NRK	4	1819	63164	63420	63420	63164	0	1819
LT934125.1	-	CTO-S	NRK_6h	1819	63417	63427	63420	115700.255617	99421.498722	63418	63420	3	UL21	11	6h	NRK	6	1819	63164	63420	63420	63164	0	1819
LT934125.1	-	CTO-S	NRK_8h	1819	63417	63430	63420	120731.906551	110357.784676	63420	63420	1	UL21	14	8h	NRK	8	1819	63164	63420	63420	63164	0	1819
LT934125.1	-	CTO-S	NRK_8h	1820	63486	63486	63486	81.685999	81.685999	63486	63486	1	UL21	1	8h	NRK	8	0	63164	63420	63420	63164	-66	0
LT934125.1	-	CTO-S	PC_12_1.5h	1819	63420	63424	63420	22123.893806	19911.504425	63420	63424	5	UL21	5	1.5h	PC_12	1.5	1819	63164	63420	63420	63164	0	1819
LT934125.1	-	CTO-S	PC_12_12h	1819	63417	63430	63420	313684.670358	284532.479677	63420	63420	1	UL21	14	12h	PC_12	12	1819	63164	63420	63420	63164	0	1819
LT934125.1	-	CTO-S	PC_12_1h	1819	63417	63420	63420	22271.714922	17817.371938	63417	63420	4	UL21	4	1h	PC_12	1	1819	63164	63420	63420	63164	0	1819
LT934125.1	-	CTO-S	PC_12_2.5h	1819	63417	63427	63420	70318.282753	62176.165803	63419	63420	2	UL21	11	2.5h	PC_12	2.5	1819	63164	63420	63420	63164	0	1819
LT934125.1	-	CTO-S	PC_12_2h	1819	63417	63420	63420	29352.901934	25350.233489	63419	63420	2	UL21	4	2h	PC_12	2	1819	63164	63420	63420	63164	0	1819
LT934125.1	-	CTO-S	PC_12_4h	1819	63420	63430	63420	147861.875126	147460.349327	63420	63420	1	UL21	11	4h	PC_12	4	1819	63164	63420	63420	63164	0	1819
LT934125.1	-	CTO-S	PC_12_4h	1820	63488	63488	63488	100.38145	100.38145	63488	63488	1	UL21	1	4h	PC_12	4	0	63164	63420	63420	63164	-68	0
LT934125.1	-	CTO-S	PC_12_6h	1819	63420	63427	63420	176163.317521	175283.833484	63420	63420	1	UL21	8	6h	PC_12	6	1819	63164	63420	63420	63164	0	1819
LT934125.1	-	CTO-S	PC_12_8h	1819	63417	63438	63420	219481.017512	198101.751246	63420	63420	1	UL21	22	8h	PC_12	8	1819	63164	63420	63420	63164	0	1819
LT934125.1	-	CTO-S	PC_12_8h	1820	63488	63488	63488	63.914099	63.914099	63488	63488	1	UL21	1	8h	PC_12	8	0	63164	63420	63420	63164	-68	0
LT934125.1	-	CTO-S	PK_15_12h	1819	63417	63438	63420	347922.196798	314059.496568	63420	63420	1	UL21	22	12h	PK_15	12	1819	63164	63420	63420	63164	0	1819
LT934125.1	-	CTO-S	PK_15_12h	1820	63510	63510	63510	22.883295	22.883295	63510	63510	1	UL21	1	12h	PK_15	12	0	63164	63420	63420	63164	-90	0
LT934125.1	-	CTO-S	PK_15_2h	1819	63417	63420	63420	167270.094136	149891.383056	63419	63420	2	UL21	4	2h	PK_15	2	1819	63164	63420	63420	63164	0	1819
LT934125.1	-	CTO-S	PK_15_4h	1819	63417	63424	63420	152472.192903	133920.597548	63418	63420	3	UL21	8	4h	PK_15	4	1819	63164	63420	63420	63164	0	1819
LT934125.1	-	CTO-S	PK_15_4h	1820	63488	63488	63488	40.594301	40.594301	63488	63488	1	UL21	1	4h	PK_15	4	0	63164	63420	63420	63164	-68	0
LT934125.1	-	CTO-S	PK_15_6h	1819	63417	63430	63420	268679.586124	241260.010161	63420	63420	1	UL21	14	6h	PK_15	6	1819	63164	63420	63420	63164	0	1819
LT934125.1	-	CTO-S	PK_15_6h	1820	63510	63510	63510	16.129162	16.129162	63510	63510	1	UL21	1	6h	PK_15	6	0	63164	63420	63420	63164	-90	0
LT934125.1	-	CTO-S	PK_15_8h	1819	63417	63433	63420	235856.297615	212786.020991	63420	63420	1	UL21	17	8h	PK_15	8	1819	63164	63420	63420	63164	0	1819
LT934125.1	-	CTO-S	PK_15_8h	1820	63488	63488	63488	21.929921	21.929921	63488	63488	1	UL21	1	8h	PK_15	8	0	63164	63420	63420	63164	-68	0
LT934125.1	-	Ep0	C6_12h	2164	97358	97367	97361	2902.321159	2503.689095	97360	97361	2		10	12h	C6	12	2164	96114	97346	97346	96114	-15	2164
LT934125.1	-	Ep0	C6_12h	2166	97536	97536	97536	34.967725	34.967725	97536	97536	1		1	12h	C6	12	0	96114	97346	97346	96114	-190	0
LT934125.1	-	Ep0	C6_2h	2164	97361	97361	97361	16109.045849	16109.045849	97361	97361	1		1	2h	C6	2	2164	96114	97346	97346	96114	-15	2164
LT934125.1	-	Ep0	C6_2h	2166	97536	97536	97536	1239.157373	1239.157373	97536	97536	1		1	2h	C6	2	0	96114	97346	97346	96114	-190	0
LT934125.1	-	Ep0	C6_6h	2166	97535	97535	97535	86.244071	86.244071	97535	97535	1		1	6h	C6	6	2166	96114	97346	97346	96114	-189	2166
LT934125.1	-	Ep0	C6_8h	2166	97536	97542	97536	96.8523	32.2841	97536	97542	7		7	8h	C6	8	2166	96114	97346	97346	96114	-190	2166
LT934125.1	-	Ep0	NRK_12h	2164	97358	97367	97361	3862.803265	3226.471405	97359	97361	3		10	12h	NRK	12	2164	96114	97346	97346	96114	-15	2164
LT934125.1	-	Ep0	NRK_12h	2166	97536	97536	97536	53.774523	53.774523	97536	97536	1		1	12h	NRK	12	0	96114	97346	97346	96114	-190	0
LT934125.1	-	Ep0	NRK_6h	2164	97358	97367	97361	7533.970134	5785.012781	97358	97361	4		10	6h	NRK	6	2164	96114	97346	97346	96114	-15	2164
LT934125.1	-	Ep0	NRK_6h	2166	97531	97531	97531	134.535181	134.535181	97531	97531	1		1	6h	NRK	6	0	96114	97346	97346	96114	-185	0
LT934125.1	-	Ep0	NRK_8h	2164	97358	97364	97361	10455.807874	9148.83189	97360	97361	2		7	8h	NRK	8	2164	96114	97346	97346	96114	-15	2164
LT934125.1	-	Ep0	NRK_8h	2166	97536	97536	97536	81.685999	81.685999	97536	97536	1		1	8h	NRK	8	0	96114	97346	97346	96114	-190	0
LT934125.1	-	Ep0	PC_12_12h	2164	97358	97366	97361	996.539416	778.119817	97358	97361	4		9	12h	PC_12	12	2164	96114	97346	97346	96114	-15	2164
LT934125.1	-	Ep0	PC_12_2h	2164	97355	97368	97361	17344.896599	13342.228152	97358	97361	4		14	2h	PC_12	2	2164	96114	97346	97346	96114	-15	2164
LT934125.1	-	Ep0	PC_12_4h	2164	97361	97361	97361	3212.206384	3212.206384	97361	97361	1		1	4h	PC_12	4	2164	96114	97346	97346	96114	-15	2164
LT934125.1	-	Ep0	PC_12_4h	2166	97545	97545	97545	100.38145	100.38145	97545	97545	1		1	4h	PC_12	4	0	96114	97346	97346	96114	-199	0
LT934125.1	-	Ep0	PC_12_6h	2164	97358	97368	97361	3171.472736	2611.801077	97359	97361	3		11	6h	PC_12	6	2164	96114	97346	97346	96114	-15	2164
LT934125.1	-	Ep0	PC_12_6h	2165	97471	97471	97471	26.651031	26.651031	97471	97471	1		1	6h	PC_12	6	0	96114	97346	97346	96114	-125	0
LT934125.1	-	Ep0	PC_12_6h	2166	97523	97523	97523	26.651031	26.651031	97523	97523	1		1	6h	PC_12	6	0	96114	97346	97346	96114	-177	0
LT934125.1	-	Ep0	PC_12_8h	2164	97358	97367	97361	2652.435126	2045.251182	97359	97361	3		10	8h	PC_12	8	2164	96114	97346	97346	96114	-15	2164
LT934125.1	-	Ep0	PC_12_8h	2166	97529	97538	97529	95.87115	31.95705	97529	97538	10		10	8h	PC_12	8	0	96114	97346	97346	96114	-183	0
LT934125.1	-	Ep0	PK_15_12h	2164	97358	97361	97361	574.37071	514.874142	97360	97361	2		4	12h	PK_15	12	2164	96114	97346	97346	96114	-15	2164
LT934125.1	-	Ep0	PK_15_1h	2164	97361	97361	97361	17543.859649	17543.859649	97361	97361	1		1	1h	PK_15	1	2164	96114	97346	97346	96114	-15	2164
LT934125.1	-	Ep0	PK_15_4h	2164	97358	97368	97361	12300.07307	8971.340424	97358	97361	4		11	4h	PK_15	4	2164	96114	97346	97346	96114	-15	2164
LT934125.1	-	Ep0	PK_15_6h	2164	97358	97367	97361	4298.421759	3435.511577	97359	97361	3		10	6h	PK_15	6	2164	96114	97346	97346	96114	-15	2164
LT934125.1	-	Ep0	PK_15_8h	2164	97361	97368	97361	3298.260079	3074.574888	97361	97361	1		8	8h	PK_15	8	2164	96114	97346	97346	96114	-15	2164
LT934125.1	-	IE180	C6_12h	2264	107366	107379	107369	1391.715448	972.102749	107366	107372	7		14	12h	C6	12	2264	102945	107297	107297	102945	-72	2264
LT934125.1	-	IE180	C6_2h	2264	107369	107369	107369	1239.157373	1239.157373	107369	107369	1		1	2h	C6	2	2264	102945	107297	107297	102945	-72	2264
LT934125.1	-	IE180	C6_6h	2264	107366	107379	107369	689.952566	258.732212	107366	107379	14		14	6h	C6	6	2264	102945	107297	107297	102945	-72	2264
LT934125.1	-	IE180	C6_8h	2264	107365	107372	107369	419.693301	258.272801	107366	107369	4		8	8h	C6	8	2264	102945	107297	107297	102945	-72	2264
LT934125.1	-	IE180	C6_8h	2265	107428	107428	107428	32.2841	32.2841	107428	107428	1		1	8h	C6	8	0	102945	107297	107297	102945	-131	0
LT934125.1	-	IE180	NRK_12h	2264	107366	107378	107369	600.482178	358.496823	107366	107378	13		13	12h	NRK	12	2264	102945	107297	107297	102945	-72	2264
LT934125.1	-	IE180	NRK_2h	2264	107369	107369	107369	3236.245955	3236.245955	107369	107369	1		1	2h	NRK	2	2264	102945	107297	107297	102945	-72	2264
LT934125.1	-	IE180	NRK_4h	2264	107369	107382	107369	5281.690141	4107.981221	107369	107382	14		14	4h	NRK	4	2264	102945	107297	107297	102945	-72	2264
LT934125.1	-	IE180	NRK_6h	2264	107366	107370	107369	2959.773981	2287.098076	107367	107369	3		5	6h	NRK	6	2264	102945	107297	107297	102945	-72	2264
LT934125.1	-	IE180	NRK_8h	2264	107365	107372	107369	898.545989	490.115994	107368	107370	3		8	8h	NRK	8	2264	102945	107297	107297	102945	-72	2264
LT934125.1	-	IE180	PC_12_12h	2264	107366	107378	107369	518.746544	389.059908	107369	107378	10		13	12h	PC_12	12	2264	102945	107297	107297	102945	-72	2264
LT934125.1	-	IE180	PC_12_1h	2266	107537	107537	107537	2227.171492	2227.171492	107537	107537	1		1	1h	PC_12	1	2266	102945	107297	107297	102945	-240	2266
LT934125.1	-	IE180	PC_12_2.5h	2264	107369	107369	107369	740.19245	740.19245	107369	107369	1		1	2.5h	PC_12	2.5	2264	102945	107297	107297	102945	-72	2264
LT934125.1	-	IE180	PC_12_2h	2264	107366	107369	107366	2001.334224	667.111408	107366	107369	4		4	2h	PC_12	2	2264	102945	107297	107297	102945	-69	2264
LT934125.1	-	IE180	PC_12_4h	2264	107369	107378	107369	702.670147	602.288697	107369	107378	10		10	4h	PC_12	4	2264	102945	107297	107297	102945	-72	2264
LT934125.1	-	IE180	PC_12_6h	2264	107366	107378	107369	533.020628	373.11444	107366	107372	7		13	6h	PC_12	6	2264	102945	107297	107297	102945	-72	2264
LT934125.1	-	IE180	PC_12_6h	2265	107428	107428	107428	26.651031	26.651031	107428	107428	1		1	6h	PC_12	6	0	102945	107297	107297	102945	-131	0
LT934125.1	-	IE180	PC_12_8h	2264	107362	107395	107369	735.012146	351.527547	107366	107382	17		34	8h	PC_12	8	2264	102945	107297	107297	102945	-72	2264
LT934125.1	-	IE180	PK_15_12h	2264	107366	107378	107369	121.281465	86.956522	107366	107378	13		13	12h	PK_15	12	2264	102945	107297	107297	102945	-72	2264
LT934125.1	-	IE180	PK_15_1h	2265	107411	107411	107411	2923.976608	2923.976608	107411	107411	1		1	1h	PK_15	1	2265	102945	107297	107297	102945	-114	2265
LT934125.1	-	IE180	PK_15_4h	2264	107365	107378	107369	3491.10985	1948.526427	107366	107376	11		14	4h	PK_15	4	2264	102945	107297	107297	102945	-72	2264
LT934125.1	-	IE180	PK_15_4h	2265	107428	107428	107428	81.188601	81.188601	107428	107428	1		1	4h	PK_15	4	0	102945	107297	107297	102945	-131	0
LT934125.1	-	IE180	PK_15_6h	2264	107366	107382	107369	1806.466181	1193.558013	107366	107378	13		17	6h	PK_15	6	2264	102945	107297	107297	102945	-72	2264
LT934125.1	-	IE180	PK_15_6h	2265	107428	107428	107428	16.129162	16.129162	107428	107428	1		1	6h	PK_15	6	0	102945	107297	107297	102945	-131	0
LT934125.1	-	IE180	PK_15_8h	2264	107366	107382	107369	1179.829737	745.617305	107367	107378	12		17	8h	PK_15	8	2264	102945	107297	107297	102945	-72	2264
LT934125.1	-	NOIR_2	C6_12h	2467	136232	136244	136235	762.296402	349.677248	136233	136235	3	NOIR_2	13	12h	C6	12	2467	134888	136235	136235	134888	0	2467
LT934125.1	-	NOIR_2	C6_12h	2468	136280	136297	136285	237.78053	69.93545	136285	136297	13		18	12h	C6	12	0	134888	136235	136235	134888	-50	0
LT934125.1	-	NOIR_2	C6_4h	2468	136290	136297	136290	1050.97215	525.486075	136290	136297	8		8	4h	C6	4	2468	134888	136235	136235	134888	-55	2468
LT934125.1	-	NOIR_2	C6_8h	2467	136232	136247	136235	1355.932203	807.102502	136234	136235	2	NOIR_2	16	8h	C6	8	2467	134888	136235	136235	134888	0	2467
LT934125.1	-	NOIR_2	C6_8h	2468	136267	136297	136295	548.8297	129.1364	136274	136297	24		31	8h	C6	8	0	134888	136235	136235	134888	-60	0
LT934125.1	-	NOIR_2	C6_8h	2470	136407	136413	136407	64.5682	32.2841	136407	136413	7		7	8h	C6	8	0	134888	136235	136235	134888	-172	0
LT934125.1	-	NOIR_2	NRK_12h	2467	136223	136244	136235	1505.686655	600.482178	136232	136235	4	NOIR_2	22	12h	NRK	12	2467	134888	136235	136235	134888	0	2467
LT934125.1	-	NOIR_2	NRK_12h	2468	136272	136297	136295	510.857972	152.36115	136280	136297	18		26	12h	NRK	12	0	134888	136235	136235	134888	-60	0
LT934125.1	-	NOIR_2	NRK_12h	2470	136409	136409	136409	44.812103	44.812103	136409	136409	1		1	12h	NRK	12	0	134888	136235	136235	134888	-174	0
LT934125.1	-	NOIR_2	NRK_4h	2467	136228	136235	136235	2934.2723	1760.56338	136228	136235	8	NOIR_2	8	4h	NRK	4	2467	134888	136235	136235	134888	0	2467
LT934125.1	-	NOIR_2	NRK_4h	2468	136295	136295	136295	586.85446	586.85446	136295	136295	1		1	4h	NRK	4	0	134888	136235	136235	134888	-60	0
LT934125.1	-	NOIR_2	NRK_8h	2467	136233	136241	136235	1143.603986	571.801993	136234	136237	4	NOIR_2	9	8h	NRK	8	2467	134888	136235	136235	134888	0	2467
LT934125.1	-	NOIR_2	NRK_8h	2468	136295	136295	136295	326.743996	326.743996	136295	136295	1		1	8h	NRK	8	0	134888	136235	136235	134888	-60	0
LT934125.1	-	NOIR_2	NRK_8h	2470	136409	136409	136409	81.685999	81.685999	136409	136409	1		1	8h	NRK	8	0	134888	136235	136235	134888	-174	0
LT934125.1	-	NOIR_2	PC_12_12h	2467	136232	136244	136235	1208.133401	423.187971	136232	136241	10	NOIR_2	13	12h	PC_12	12	2467	134888	136235	136235	134888	0	2467
LT934125.1	-	NOIR_2	PC_12_12h	2468	136285	136297	136295	259.373273	81.907349	136285	136297	13		13	12h	PC_12	12	0	134888	136235	136235	134888	-60	0
LT934125.1	-	NOIR_2	PC_12_12h	2470	136409	136409	136409	40.953675	40.953675	136409	136409	1		1	12h	PC_12	12	0	134888	136235	136235	134888	-174	0
LT934125.1	-	NOIR_2	PC_12_1h	2467	136238	136238	136238	2227.171492	2227.171492	136238	136238	1		1	1h	PC_12	1	2467	134888	136235	136235	134888	-3	2467
LT934125.1	-	NOIR_2	PC_12_1h	2468	136317	136317	136317	2227.171492	2227.171492	136317	136317	1		1	1h	PC_12	1	2468	134888	136235	136235	134888	-82	0
LT934125.1	-	NOIR_2	PC_12_2.5h	2467	136235	136235	136235	2220.57735	2220.57735	136235	136235	1	NOIR_2	1	2.5h	PC_12	2.5	2467	134888	136235	136235	134888	0	2467
LT934125.1	-	NOIR_2	PC_12_2h	2467	136235	136235	136235	1334.222815	1334.222815	136235	136235	1	NOIR_2	1	2h	PC_12	2	0	134888	136235	136235	134888	0	2467
LT934125.1	-	NOIR_2	PC_12_2h	2468	136285	136339	136285	1334.222816	667.111408	136285	136339	55		55	2h	PC_12	2	2468	134888	136235	136235	134888	-50	0
LT934125.1	-	NOIR_2	PC_12_4h	2468	136280	136297	136297	501.907249	200.762899	136280	136297	18		18	4h	PC_12	4	2468	134888	136235	136235	134888	-62	2468
LT934125.1	-	NOIR_2	PC_12_6h	2468	136285	136305	136295	319.812376	106.604126	136291	136297	7		21	6h	PC_12	6	2468	134888	136235	136235	134888	-60	2468
LT934125.1	-	NOIR_2	PC_12_6h	2470	136409	136409	136409	26.651031	26.651031	136409	136409	1		1	6h	PC_12	6	0	134888	136235	136235	134888	-174	0
LT934125.1	-	NOIR_2	PC_12_8h	2467	136232	136244	136235	1629.809537	894.797392	136233	136238	6	NOIR_2	13	8h	PC_12	8	2467	134888	136235	136235	134888	0	2467
LT934125.1	-	NOIR_2	PC_12_8h	2468	136285	136302	136295	575.226894	191.742298	136285	136297	13		18	8h	PC_12	8	0	134888	136235	136235	134888	-60	0
LT934125.1	-	NOIR_2	PC_12_8h	2470	136404	136409	136404	63.9141	31.95705	136404	136409	6		6	8h	PC_12	8	0	134888	136235	136235	134888	-169	0
LT934125.1	-	NOIR_2	PK_15_12h	2467	136232	136244	136235	1011.441648	405.034325	136232	136235	4	NOIR_2	13	12h	PK_15	12	2467	134888	136235	136235	134888	0	2467
LT934125.1	-	NOIR_2	PK_15_12h	2468	136285	136297	136285	304.347828	100.686499	136285	136297	13		13	12h	PK_15	12	0	134888	136235	136235	134888	-50	0
LT934125.1	-	NOIR_2	PK_15_12h	2470	136409	136409	136409	11.441648	11.441648	136409	136409	1		1	12h	PK_15	12	0	134888	136235	136235	134888	-174	0
LT934125.1	-	NOIR_2	PK_15_2h	2467	136235	136235	136235	1810.282404	1810.282404	136235	136235	1	NOIR_2	1	2h	PK_15	2	2467	134888	136235	136235	134888	0	2467
LT934125.1	-	NOIR_2	PK_15_2h	2468	136291	136295	136291	724.112962	362.056481	136291	136295	5		5	2h	PK_15	2	0	134888	136235	136235	134888	-56	0
LT934125.1	-	NOIR_2	PK_15_4h	2467	136232	136241	136235	2354.469434	933.668913	136232	136238	7	NOIR_2	10	4h	PK_15	4	2467	134888	136235	136235	134888	0	2467
LT934125.1	-	NOIR_2	PK_15_4h	2468	136280	136297	136285	2273.280834	649.508809	136284	136297	14		18	4h	PK_15	4	0	134888	136235	136235	134888	-50	0
LT934125.1	-	NOIR_2	PK_15_6h	2467	136232	136245	136235	2467.761836	1201.622594	136233	136235	3	NOIR_2	14	6h	PK_15	6	2467	134888	136235	136235	134888	0	2467
LT934125.1	-	NOIR_2	PK_15_6h	2468	136272	136298	136295	967.749738	258.066597	136285	136297	13		27	6h	PK_15	6	0	134888	136235	136235	134888	-60	0
LT934125.1	-	NOIR_2	PK_15_6h	2470	136409	136409	136409	16.129162	16.129162	136409	136409	1		1	6h	PK_15	6	0	134888	136235	136235	134888	-174	0
LT934125.1	-	NOIR_2	PK_15_8h	2467	136232	136244	136235	2539.484822	1368.427055	136232	136235	4	NOIR_2	13	8h	PK_15	8	2467	134888	136235	136235	134888	0	2467
LT934125.1	-	NOIR_2	PK_15_8h	2468	136285	136297	136295	815.793052	271.931017	136285	136297	13		13	8h	PK_15	8	0	134888	136235	136235	134888	-60	0
LT934125.1	-	NOIR_2	PK_15_8h	2469	136368	136368	136368	13.157952	13.157952	136368	136368	1		1	8h	PK_15	8	0	134888	136235	136235	134888	-133	0
LT934125.1	-	NOIR_2	PK_15_8h	2470	136409	136409	136409	13.157952	13.157952	136409	136409	1		1	8h	PK_15	8	0	134888	136235	136235	134888	-174	0
LT934125.1	-	NOIR_2	PK_15_8h	2471	136475	136475	136475	13.157952	13.157952	136475	136475	1		1	8h	PK_15	8	0	134888	136235	136235	134888	-240	0
LT934125.1	-	UL1	C6_12h	2135	94943	94949	94947	2727.482534	1811.328144	94943	94947	5		7	12h	C6	12	2135	94461	94931	94931	94461	-16	2135
LT934125.1	-	UL1	C6_12h	2136	95006	95006	95006	34.967725	34.967725	95006	95006	1		1	12h	C6	12	0	94461	94931	94931	94461	-75	0
LT934125.1	-	UL1	C6_2h	2135	94943	94947	94943	3717.472119	1239.157373	94943	94947	5		5	2h	C6	2	2135	94461	94931	94931	94461	-12	2135
LT934125.1	-	UL1	C6_4h	2135	94943	94947	94947	2627.430374	1576.458224	94943	94947	5		5	4h	C6	4	2135	94461	94931	94931	94461	-16	2135
LT934125.1	-	UL1	C6_6h	2135	94943	94950	94947	2759.810263	1724.881414	94943	94948	6		8	6h	C6	6	2135	94461	94931	94931	94461	-16	2135
LT934125.1	-	UL1	C6_6h	2137	95154	95154	95154	86.244071	86.244071	95154	95154	1		1	6h	C6	6	0	94461	94931	94931	94461	-223	0
LT934125.1	-	UL1	C6_8h	2135	94943	94949	94947	2292.171105	1517.352704	94943	94947	5		7	8h	C6	8	2135	94461	94931	94931	94461	-16	2135
LT934125.1	-	UL1	NRK_12h	2135	94943	94948	94947	699.068805	439.158608	94943	94947	5		6	12h	NRK	12	2135	94461	94931	94931	94461	-16	2135
LT934125.1	-	UL1	NRK_2h	2135	94947	94947	94947	3236.245955	3236.245955	94947	94947	1		1	2h	NRK	2	2135	94461	94931	94931	94461	-16	2135
LT934125.1	-	UL1	NRK_4h	2135	94943	94947	94947	2934.2723	2347.41784	94943	94947	5		5	4h	NRK	4	2135	94461	94931	94931	94461	-16	2135
LT934125.1	-	UL1	NRK_6h	2135	94943	94947	94947	1210.816629	672.675905	94943	94947	5		5	6h	NRK	6	2135	94461	94931	94931	94461	-16	2135
LT934125.1	-	UL1	NRK_8h	2135	94943	94947	94947	2042.149975	1878.777977	94947	94947	1		5	8h	NRK	8	2135	94461	94931	94931	94461	-16	2135
LT934125.1	-	UL1	PC_12_12h	2135	94943	94949	94947	2962.315795	2177.370365	94943	94947	5		7	12h	PC_12	12	2135	94461	94931	94931	94461	-16	2135
LT934125.1	-	UL1	PC_12_1h	2135	94947	94947	94947	2227.171492	2227.171492	94947	94947	1		1	1h	PC_12	1	2135	94461	94931	94931	94461	-16	2135
LT934125.1	-	UL1	PC_12_2.5h	2135	94947	94947	94947	2960.7698	2960.7698	94947	94947	1		1	2.5h	PC_12	2.5	2135	94461	94931	94931	94461	-16	2135
LT934125.1	-	UL1	PC_12_2h	2135	94941	94947	94941	3335.557038	1334.222815	94941	94947	7		7	2h	PC_12	2	2135	94461	94931	94931	94461	-10	2135
LT934125.1	-	UL1	PC_12_4h	2135	94941	94948	94947	4015.25798	2409.154788	94943	94947	5		8	4h	PC_12	4	2135	94461	94931	94931	94461	-16	2135
LT934125.1	-	UL1	PC_12_6h	2135	94943	94950	94947	4717.232556	3597.889238	94943	94947	5		8	6h	PC_12	6	2135	94461	94931	94931	94461	-16	2135
LT934125.1	-	UL1	PC_12_6h	2137	95156	95156	95156	26.651031	26.651031	95156	95156	1		1	6h	PC_12	6	0	94461	94931	94931	94461	-225	0
LT934125.1	-	UL1	PC_12_8h	2135	94943	94949	94947	2812.220376	2077.208232	94943	94947	5		7	8h	PC_12	8	2135	94461	94931	94931	94461	-16	2135
LT934125.1	-	UL1	PC_12_8h	2137	95156	95156	95156	31.95705	31.95705	95156	95156	1		1	8h	PC_12	8	0	94461	94931	94931	94461	-225	0
LT934125.1	-	UL1	PK_15_12h	2135	94943	94948	94947	1375.286042	1057.208238	94943	94947	5		6	12h	PK_15	12	2135	94461	94931	94931	94461	-16	2135
LT934125.1	-	UL1	PK_15_1h	2135	94947	94947	94947	2923.976608	2923.976608	94947	94947	1		1	1h	PK_15	1	2135	94461	94931	94931	94461	-16	2135
LT934125.1	-	UL1	PK_15_2h	2135	94945	94947	94947	1448.225923	1086.169442	94945	94947	3		3	2h	PK_15	2	2135	94461	94931	94931	94461	-16	2135
LT934125.1	-	UL1	PK_15_4h	2135	94941	94948	94947	2313.875133	1501.989121	94943	94947	5		8	4h	PK_15	4	2135	94461	94931	94931	94461	-16	2135
LT934125.1	-	UL1	PK_15_6h	2135	94943	94949	94947	2233.888982	1516.141259	94943	94947	5		7	6h	PK_15	6	2135	94461	94931	94931	94461	-16	2135
LT934125.1	-	UL1	PK_15_8h	2135	94943	94949	94947	2991.24119	2206.150027	94943	94947	5		7	8h	PK_15	8	2135	94461	94931	94931	94461	-16	2135
LT934125.1	-	UL10	C6_12h	1990	81574	81574	81574	20.980635	20.980635	81574	81574	1		1	12h	C6	12	0	80370	81551	81551	80370	-23	1990
LT934125.1	-	UL10	C6_12h	1992	81688	81688	81688	27.97418	27.97418	81688	81688	1		1	12h	C6	12	1992	80370	81551	81551	80370	-137	0
LT934125.1	-	UL10	C6_1h	1990	81579	81579	81579	1540.832049	1540.832049	81579	81579	1		1	1h	C6	1	1990	80370	81551	81551	80370	-28	1990
LT934125.1	-	UL10	C6_1h	1991	81658	81658	81658	1540.832049	1540.832049	81658	81658	1		1	1h	C6	1	1991	80370	81551	81551	80370	-107	0
LT934125.1	-	UL10	C6_6h	1991	81645	81649	81645	172.488142	86.244071	81645	81649	5		5	6h	C6	6	1991	80370	81551	81551	80370	-94	1991
LT934125.1	-	UL10	C6_6h	1993	81748	81748	81748	86.244071	86.244071	81748	81748	1		1	6h	C6	6	0	80370	81551	81551	80370	-197	0
LT934125.1	-	UL10	C6_8h	1991	81653	81653	81653	32.2841	32.2841	81653	81653	1		1	8h	C6	8	1991	80370	81551	81551	80370	-102	1991
LT934125.1	-	UL10	C6_8h	1993	81733	81733	81733	32.2841	32.2841	81733	81733	1		1	8h	C6	8	1993	80370	81551	81551	80370	-182	0
LT934125.1	-	UL10	NRK_12h	1990	81551	81617	81551	80.661785	53.774523	81551	81617	67	UL10	67	12h	NRK	12	1990	80370	81551	81551	80370	0	1990
LT934125.1	-	UL10	NRK_12h	1992	81687	81688	81688	44.812103	26.887262	81687	81688	2		2	12h	NRK	12	0	80370	81551	81551	80370	-137	0
LT934125.1	-	UL10	NRK_8h	1993	81762	81762	81762	81.685999	81.685999	81762	81762	1		1	8h	NRK	8	1993	80370	81551	81551	80370	-211	1993
LT934125.1	-	UL10	PC_12_12h	1990	81585	81585	81585	20.476837	20.476837	81585	81585	1		1	12h	PC_12	12	0	80370	81551	81551	80370	-34	1990
LT934125.1	-	UL10	PC_12_12h	1993	81728	81728	81728	34.128062	34.128062	81728	81728	1		1	12h	PC_12	12	1993	80370	81551	81551	80370	-177	0
LT934125.1	-	UL10	PC_12_2h	1990	81552	81552	81552	667.111408	667.111408	81552	81552	1		1	2h	PC_12	2	1990	80370	81551	81551	80370	-1	1990
LT934125.1	-	UL10	PC_12_4h	1993	81734	81734	81734	100.38145	100.38145	81734	81734	1		1	4h	PC_12	4	1993	80370	81551	81551	80370	-183	1993
LT934125.1	-	UL10	PC_12_6h	1993	81728	81728	81728	26.651031	26.651031	81728	81728	1		1	6h	PC_12	6	1993	80370	81551	81551	80370	-177	1993
LT934125.1	-	UL10	PC_12_8h	1993	81754	81754	81754	63.914099	63.914099	81754	81754	1		1	8h	PC_12	8	1993	80370	81551	81551	80370	-203	1993
LT934125.1	-	UL10	PK_15_12h	1990	81609	81609	81609	16.018307	16.018307	81609	81609	1		1	12h	PK_15	12	0	80370	81551	81551	80370	-58	1990
LT934125.1	-	UL10	PK_15_12h	1992	81688	81688	81688	32.036613	32.036613	81688	81688	1		1	12h	PK_15	12	1992	80370	81551	81551	80370	-137	0
LT934125.1	-	UL10	PK_15_4h	1992	81687	81687	81687	40.594301	40.594301	81687	81687	1		1	4h	PK_15	4	1992	80370	81551	81551	80370	-136	1992
LT934125.1	-	UL10	PK_15_6h	1992	81688	81688	81688	16.129162	16.129162	81688	81688	1		1	6h	PK_15	6	0	80370	81551	81551	80370	-137	1992
LT934125.1	-	UL10	PK_15_6h	1993	81754	81754	81754	40.322906	40.322906	81754	81754	1		1	6h	PK_15	6	1993	80370	81551	81551	80370	-203	0
LT934125.1	-	UL10	PK_15_8h	1990	81617	81617	81617	13.157952	13.157952	81617	81617	1		1	8h	PK_15	8	0	80370	81551	81551	80370	-66	1990
LT934125.1	-	UL10	PK_15_8h	1992	81688	81688	81688	17.543937	17.543937	81688	81688	1		1	8h	PK_15	8	1992	80370	81551	81551	80370	-137	0
LT934125.1	-	UL15	C6_12h	1961	76860	76864	76860	377.651428	279.741798	76860	76864	5		5	12h	C6	12	1961	71647	76754	76754	71647	-106	1961
LT934125.1	-	UL15	C6_4h	1962	76970	76970	76970	525.486075	525.486075	76970	76970	1		1	4h	C6	4	1962	71647	76754	76754	71647	-216	1962
LT934125.1	-	UL15	C6_6h	1961	76860	76860	76860	172.488141	172.488141	76860	76860	1		1	6h	C6	6	1961	71647	76754	76754	71647	-106	1961
LT934125.1	-	UL15	C6_8h	1960	76812	76812	76812	32.2841	32.2841	76812	76812	1		1	8h	C6	8	0	71647	76754	76754	71647	-58	1960
LT934125.1	-	UL15	C6_8h	1961	76860	76863	76860	290.556901	258.272801	76860	76863	4		4	8h	C6	8	1961	71647	76754	76754	71647	-106	0
LT934125.1	-	UL15	NRK_12h	1961	76860	76863	76860	250.947776	206.135673	76860	76863	4		4	12h	NRK	12	1961	71647	76754	76754	71647	-106	1961
LT934125.1	-	UL15	NRK_6h	1961	76860	76860	76860	134.535181	134.535181	76860	76860	1		1	6h	NRK	6	1961	71647	76754	76754	71647	-106	1961
LT934125.1	-	UL15	NRK_8h	1961	76860	76860	76860	163.371998	163.371998	76860	76860	1		1	8h	NRK	8	1961	71647	76754	76754	71647	-106	1961
LT934125.1	-	UL15	PC_12_1.5h	1961	76863	76863	76863	2212.389381	2212.389381	76863	76863	1		1	1.5h	PC_12	1.5	1961	71647	76754	76754	71647	-109	1961
LT934125.1	-	UL15	PC_12_12h	1961	76860	76863	76860	122.861024	88.732962	76860	76863	4		4	12h	PC_12	12	1961	71647	76754	76754	71647	-106	1961
LT934125.1	-	UL15	PC_12_4h	1961	76860	76863	76860	501.907248	401.525798	76860	76863	4		4	4h	PC_12	4	1961	71647	76754	76754	71647	-106	1961
LT934125.1	-	UL15	PC_12_6h	1961	76860	76866	76860	373.114439	213.208251	76860	76866	7		7	6h	PC_12	6	1961	71647	76754	76754	71647	-106	1961
LT934125.1	-	UL15	PC_12_8h	1961	76860	76865	76860	319.570498	255.656398	76860	76865	6		6	8h	PC_12	8	1961	71647	76754	76754	71647	-106	1961
LT934125.1	-	UL15	PK_15_12h	1961	76860	76863	76860	75.514874	52.631579	76860	76863	4		4	12h	PK_15	12	1961	71647	76754	76754	71647	-106	1961
LT934125.1	-	UL15	PK_15_2h	1961	76860	76860	76860	362.056481	362.056481	76860	76860	1		1	2h	PK_15	2	1961	71647	76754	76754	71647	-106	1961
LT934125.1	-	UL15	PK_15_4h	1961	76860	76867	76860	365.348706	284.160104	76860	76867	8		8	4h	PK_15	4	1961	71647	76754	76754	71647	-106	1961
LT934125.1	-	UL15	PK_15_6h	1961	76860	76865	76865	161.291624	80.645812	76860	76865	6		6	6h	PK_15	6	1961	71647	76754	76754	71647	-111	1961
LT934125.1	-	UL15	PK_15_8h	1961	76860	76866	76860	368.422668	171.053382	76860	76865	6		7	8h	PK_15	8	1961	71647	76754	76754	71647	-106	1961
LT934125.1	-	UL2	C6_12h	2126	94523	94529	94526	2181.986028	1489.625076	94526	94529	4	UL1	7	12h	C6	12	2126	93521	94483	94483	93521	-43	2126
LT934125.1	-	UL2	C6_1h	2126	94526	94529	94529	4622.496148	3081.664099	94526	94529	4	UL1	4	1h	C6	1	2126	93521	94483	94483	93521	-46	2126
LT934125.1	-	UL2	C6_4h	2126	94526	94529	94526	2627.430373	1576.458224	94526	94529	4	UL1	4	4h	C6	4	2126	93521	94483	94483	93521	-43	2126
LT934125.1	-	UL2	C6_6h	2126	94519	94529	94526	2069.857698	1207.41699	94523	94529	7	UL1	11	6h	C6	6	2126	93521	94483	94483	93521	-43	2126
LT934125.1	-	UL2	C6_8h	2126	94523	94536	94526	2227.602905	1259.079903	94526	94529	4	UL1	14	8h	C6	8	2126	93521	94483	94483	93521	-43	2126
LT934125.1	-	UL2	NRK_12h	2126	94526	94529	94526	367.459244	277.835038	94526	94529	4	UL1	4	12h	NRK	12	2126	93521	94483	94483	93521	-43	2126
LT934125.1	-	UL2	NRK_4h	2126	94524	94526	94526	2347.41784	1173.70892	94524	94526	3	UL1	3	4h	NRK	4	2126	93521	94483	94483	93521	-43	2126
LT934125.1	-	UL2	NRK_6h	2126	94523	94529	94529	538.140724	269.070362	94523	94529	7	UL1	7	6h	NRK	6	2126	93521	94483	94483	93521	-46	2126
LT934125.1	-	UL2	NRK_8h	2126	94515	94529	94526	1878.777977	898.545989	94523	94529	7	UL1	15	8h	NRK	8	2126	93521	94483	94483	93521	-43	2126
LT934125.1	-	UL2	PC_12_12h	2126	94526	94529	94526	273.024497	238.896435	94526	94529	4	UL1	4	12h	PC_12	12	2126	93521	94483	94483	93521	-43	2126
LT934125.1	-	UL2	PC_12_1h	2126	94526	94526	94526	2227.171492	2227.171492	94526	94526	1	UL1	1	1h	PC_12	1	2126	93521	94483	94483	93521	-43	2126
LT934125.1	-	UL2	PC_12_2.5h	2126	94526	94526	94526	1480.3849	1480.3849	94526	94526	1	UL1	1	2.5h	PC_12	2.5	2126	93521	94483	94483	93521	-43	2126
LT934125.1	-	UL2	PC_12_2.5h	2127	94568	94568	94568	740.19245	740.19245	94568	94568	1	UL1	1	2.5h	PC_12	2.5	0	93521	94483	94483	93521	-85	0
LT934125.1	-	UL2	PC_12_2h	2126	94526	94526	94526	1334.222815	1334.222815	94526	94526	1	UL1	1	2h	PC_12	2	2126	93521	94483	94483	93521	-43	2126
LT934125.1	-	UL2	PC_12_4h	2126	94526	94529	94526	602.288698	301.144349	94526	94529	4	UL1	4	4h	PC_12	4	2126	93521	94483	94483	93521	-43	2126
LT934125.1	-	UL2	PC_12_6h	2126	94526	94536	94526	772.879911	506.369597	94526	94529	4	UL1	11	6h	PC_12	6	2126	93521	94483	94483	93521	-43	2126
LT934125.1	-	UL2	PC_12_8h	2126	94526	94529	94526	575.226896	255.656398	94526	94529	4	UL1	4	8h	PC_12	8	2126	93521	94483	94483	93521	-43	2126
LT934125.1	-	UL2	PK_15_12h	2126	94526	94529	94526	77.803203	54.919908	94526	94529	4	UL1	4	12h	PK_15	12	2126	93521	94483	94483	93521	-43	2126
LT934125.1	-	UL2	PK_15_2h	2126	94526	94529	94526	724.112962	362.056481	94526	94529	4	UL1	4	2h	PK_15	2	2126	93521	94483	94483	93521	-43	2126
LT934125.1	-	UL2	PK_15_4h	2126	94525	94529	94526	974.263214	568.320208	94526	94529	4	UL1	5	4h	PK_15	4	2126	93521	94483	94483	93521	-43	2126
LT934125.1	-	UL2	PK_15_6h	2126	94526	94529	94526	548.391519	370.970734	94526	94529	4	UL1	4	6h	PK_15	6	2126	93521	94483	94483	93521	-43	2126
LT934125.1	-	UL2	PK_15_8h	2126	94526	94529	94526	535.090066	416.668494	94526	94529	4	UL1	4	8h	PK_15	8	2126	93521	94483	94483	93521	-43	2126
LT934125.1	-	UL21	C6_2h	1856	65750	65751	65750	2478.314746	1239.157373	65750	65751	2	UL21	2	2h	C6	2	1856	64143	65720	65720	64143	-30	1856
LT934125.1	-	UL21	NRK_6h	1856	65744	65752	65750	2018.027715	807.211086	65747	65752	6	UL21	9	6h	NRK	6	1856	64143	65720	65720	64143	-30	1856
LT934125.1	-	UL21	NRK_8h	1856	65748	65752	65750	1388.661983	571.801993	65749	65752	4	UL21	5	8h	NRK	8	1856	64143	65720	65720	64143	-30	1856
LT934125.1	-	UL21	PC_12_4h	1856	65744	65753	65750	3212.206386	1304.958844	65749	65752	4	UL21	10	4h	PC_12	4	1856	64143	65720	65720	64143	-30	1856
LT934125.1	-	UL21	PC_12_6h	1856	65746	65752	65750	3011.566548	1385.853633	65749	65752	4	UL21	7	6h	PC_12	6	1856	64143	65720	65720	64143	-30	1856
LT934125.1	-	UL21	PK_15_4h	1856	65746	65752	65750	1299.017618	446.537306	65747	65752	6	UL21	7	4h	PK_15	4	1856	64143	65720	65720	64143	-30	1856
LT934125.1	-	UL21	PK_15_6h	1856	65746	65753	65750	1943.564061	709.683143	65748	65752	5	UL21	8	6h	PK_15	6	1856	64143	65720	65720	64143	-30	1856
LT934125.1	-	UL24	C6_12h	1791	59276	59281	59277	1195.896189	874.19312	59276	59277	2		6	12h	C6	12	1791	58648	59163	59163	58648	-114	1791
LT934125.1	-	UL24	C6_4h	1791	59277	59277	59277	525.486075	525.486075	59277	59277	1		1	4h	C6	4	1791	58648	59163	59163	58648	-114	1791
LT934125.1	-	UL24	C6_6h	1791	59277	59277	59277	344.976283	344.976283	59277	59277	1		1	6h	C6	6	1791	58648	59163	59163	58648	-114	1791
LT934125.1	-	UL24	C6_8h	1790	59168	59168	59168	32.2841	32.2841	59168	59168	1		1	8h	C6	8	0	58648	59163	59163	58648	-5	1790
LT934125.1	-	UL24	C6_8h	1791	59276	59281	59277	355.125101	225.988701	59276	59277	2		6	8h	C6	8	1791	58648	59163	59163	58648	-114	0
LT934125.1	-	UL24	NRK_12h	1791	59274	59281	59277	510.857972	313.68472	59276	59278	3		8	12h	NRK	12	1791	58648	59163	59163	58648	-114	1791
LT934125.1	-	UL24	NRK_6h	1791	59276	59276	59276	134.535181	134.535181	59276	59276	1		1	6h	NRK	6	1791	58648	59163	59163	58648	-113	1791
LT934125.1	-	UL24	NRK_8h	1791	59277	59277	59277	163.371998	163.371998	59277	59277	1		1	8h	NRK	8	1791	58648	59163	59163	58648	-114	1791
LT934125.1	-	UL24	PC_12_12h	1791	59276	59281	59277	723.514917	559.700219	59276	59277	2		6	12h	PC_12	12	1791	58648	59163	59163	58648	-114	1791
LT934125.1	-	UL24	PC_12_4h	1791	59277	59281	59277	401.525799	301.144349	59277	59281	5		5	4h	PC_12	4	1791	58648	59163	59163	58648	-114	1791
LT934125.1	-	UL24	PC_12_6h	1791	59276	59281	59277	453.067534	346.463408	59276	59281	6		6	6h	PC_12	6	1791	58648	59163	59163	58648	-114	1791
LT934125.1	-	UL24	PC_12_8h	1791	59274	59281	59277	479.355747	287.613448	59276	59279	4		8	8h	PC_12	8	1791	58648	59163	59163	58648	-114	1791
LT934125.1	-	UL24	PK_15_12h	1791	59276	59281	59277	279.176201	201.372998	59276	59277	2		6	12h	PK_15	12	1791	58648	59163	59163	58648	-114	1791
LT934125.1	-	UL24	PK_15_4h	1791	59276	59281	59277	771.291711	527.725907	59276	59277	2		6	4h	PK_15	4	1791	58648	59163	59163	58648	-114	1791
LT934125.1	-	UL24	PK_15_4h	1792	59335	59335	59335	40.594301	40.594301	59335	59335	1		1	4h	PK_15	4	0	58648	59163	59163	58648	-172	0
LT934125.1	-	UL24	PK_15_6h	1791	59276	59281	59277	717.747724	516.133195	59276	59279	4		6	6h	PK_15	6	1791	58648	59163	59163	58648	-114	1791
LT934125.1	-	UL24	PK_15_8h	1791	59276	59281	59277	675.441559	500.002193	59276	59279	4		6	8h	PK_15	8	1791	58648	59163	59163	58648	-114	1791
LT934125.1	-	UL25	C6_12h	1783	58570	58575	58570	1426.683171	1125.960738	58570	58572	3		6	12h	C6	12	1783	56951	58555	58555	56951	-15	1783
LT934125.1	-	UL25	C6_4h	1783	58570	58571	58570	1050.97215	525.486075	58570	58571	2		2	4h	C6	4	1783	56951	58555	58555	56951	-15	1783
LT934125.1	-	UL25	C6_6h	1783	58565	58572	58570	1466.149202	1121.172919	58567	58572	6		8	6h	C6	6	1783	56951	58555	58555	56951	-15	1783
LT934125.1	-	UL25	C6_8h	1783	58564	58575	58570	613.397901	484.261501	58570	58572	3		12	8h	C6	8	1783	56951	58555	58555	56951	-15	1783
LT934125.1	-	UL25	NRK_12h	1783	58570	58572	58570	233.022935	197.173253	58570	58572	3		3	12h	NRK	12	1783	56951	58555	58555	56951	-15	1783
LT934125.1	-	UL25	NRK_4h	1783	58570	58570	58570	1173.70892	1173.70892	58570	58570	1		1	4h	NRK	4	1783	56951	58555	58555	56951	-15	1783
LT934125.1	-	UL25	NRK_6h	1783	58570	58570	58570	269.070362	269.070362	58570	58570	1		1	6h	NRK	6	1783	56951	58555	58555	56951	-15	1783
LT934125.1	-	UL25	NRK_8h	1783	58570	58571	58570	653.487992	408.429995	58570	58571	2		2	8h	NRK	8	1783	56951	58555	58555	56951	-15	1783
LT934125.1	-	UL25	PC_12_12h	1783	58570	58575	58570	580.177057	443.664808	58570	58572	3		6	12h	PC_12	12	1783	56951	58555	58555	56951	-15	1783
LT934125.1	-	UL25	PC_12_4h	1783	58570	58572	58570	401.525799	301.144349	58570	58572	3		3	4h	PC_12	4	1783	56951	58555	58555	56951	-15	1783
LT934125.1	-	UL25	PC_12_6h	1783	58570	58572	58570	373.11444	239.859283	58570	58571	2		3	6h	PC_12	6	1783	56951	58555	58555	56951	-15	1783
LT934125.1	-	UL25	PC_12_8h	1783	58564	58573	58570	798.926243	543.269845	58570	58572	3		10	8h	PC_12	8	1783	56951	58555	58555	56951	-15	1783
LT934125.1	-	UL25	PK_15_12h	1783	58570	58575	58570	475.972541	338.672769	58570	58572	3		6	12h	PK_15	12	1783	56951	58555	58555	56951	-15	1783
LT934125.1	-	UL25	PK_15_2h	1783	58570	58570	58570	362.056481	362.056481	58570	58570	1		1	2h	PK_15	2	1783	56951	58555	58555	56951	-15	1783
LT934125.1	-	UL25	PK_15_4h	1783	58570	58571	58570	81.188602	40.594301	58570	58571	2		2	4h	PK_15	4	1783	56951	58555	58555	56951	-15	1783
LT934125.1	-	UL25	PK_15_6h	1783	58570	58575	58570	508.068613	387.099896	58570	58572	3		6	6h	PK_15	6	1783	56951	58555	58555	56951	-15	1783
LT934125.1	-	UL25	PK_15_8h	1783	58570	58575	58570	745.617306	491.230225	58570	58572	3		6	8h	PK_15	8	1783	56951	58555	58555	56951	-15	1783
LT934125.1	-	UL26	C6_12h	1758	56944	56950	56946	7832.770353	6727.79025	56945	56946	2		7	12h	C6	12	1758	55343	56917	56917	55343	-29	1758
LT934125.1	-	UL26	C6_1h	1758	56948	56948	56948	1540.832049	1540.832049	56948	56948	1		1	1h	C6	1	1758	55343	56917	56917	55343	-31	1758
LT934125.1	-	UL26	C6_2h	1758	56946	56946	56946	2478.314746	2478.314746	56946	56946	1		1	2h	C6	2	1758	55343	56917	56917	55343	-29	1758
LT934125.1	-	UL26	C6_4h	1758	56946	56947	56946	4729.374672	4203.888597	56946	56947	2		2	4h	C6	4	1758	55343	56917	56917	55343	-29	1758
LT934125.1	-	UL26	C6_6h	1758	56944	56950	56946	4743.42389	3708.495041	56944	56946	3		7	6h	C6	6	1758	55343	56917	56917	55343	-29	1758
LT934125.1	-	UL26	C6_6h	1759	56996	56996	56996	86.244071	86.244071	56996	56996	1	UL25	1	6h	C6	6	0	55343	56917	56917	55343	-79	0
LT934125.1	-	UL26	C6_8h	1758	56944	56947	56946	3131.557708	2744.148507	56946	56946	1		4	8h	C6	8	1758	55343	56917	56917	55343	-29	1758
LT934125.1	-	UL26	NRK_12h	1758	56944	56950	56946	4651.496276	3835.916004	56946	56946	1		7	12h	NRK	12	1758	55343	56917	56917	55343	-29	1758
LT934125.1	-	UL26	NRK_4h	1758	56944	56946	56946	2934.2723	2347.41784	56944	56946	3		3	4h	NRK	4	1758	55343	56917	56917	55343	-29	1758
LT934125.1	-	UL26	NRK_6h	1758	56943	56946	56946	2959.773981	2287.098076	56944	56946	3		4	6h	NRK	6	1758	55343	56917	56917	55343	-29	1758
LT934125.1	-	UL26	NRK_8h	1758	56944	56952	56946	3104.067963	2613.951969	56946	56946	1		9	8h	NRK	8	1758	55343	56917	56917	55343	-29	1758
LT934125.1	-	UL26	PC_12_12h	1758	56944	56950	56946	3242.165904	2798.501096	56946	56946	1		7	12h	PC_12	12	1758	55343	56917	56917	55343	-29	1758
LT934125.1	-	UL26	PC_12_1h	1758	56942	56942	56942	2227.171492	2227.171492	56942	56942	1		1	1h	PC_12	1	1758	55343	56917	56917	55343	-25	1758
LT934125.1	-	UL26	PC_12_2.5h	1758	56946	56946	56946	740.19245	740.19245	56946	56946	1		1	2.5h	PC_12	2.5	1758	55343	56917	56917	55343	-29	1758
LT934125.1	-	UL26	PC_12_2h	1758	56946	56946	56946	2001.334223	2001.334223	56946	56946	1		1	2h	PC_12	2	1758	55343	56917	56917	55343	-29	1758
LT934125.1	-	UL26	PC_12_4h	1758	56946	56948	56946	5420.598274	5119.453925	56946	56946	1		3	4h	PC_12	4	1758	55343	56917	56917	55343	-29	1758
LT934125.1	-	UL26	PC_12_6h	1758	56944	56955	56946	4983.742869	4317.467086	56946	56946	1		12	6h	PC_12	6	1758	55343	56917	56917	55343	-29	1758
LT934125.1	-	UL26	PC_12_8h	1758	56944	56950	56946	3898.760067	3195.704973	56946	56946	1		7	8h	PC_12	8	1758	55343	56917	56917	55343	-29	1758
LT934125.1	-	UL26	PK_15_12h	1758	56944	56950	56946	4691.075514	4151.029748	56946	56946	1		7	12h	PK_15	12	1758	55343	56917	56917	55343	-29	1758
LT934125.1	-	UL26	PK_15_2h	1758	56946	56946	56946	1448.225923	1448.225923	56946	56946	1		1	2h	PK_15	2	1758	55343	56917	56917	55343	-29	1758
LT934125.1	-	UL26	PK_15_4h	1758	56943	56948	56946	2354.469434	1867.337826	56944	56946	3		6	4h	PK_15	4	1758	55343	56917	56917	55343	-29	1758
LT934125.1	-	UL26	PK_15_6h	1758	56946	56950	56946	2677.440948	2435.503512	56946	56946	1		5	6h	PK_15	6	1758	55343	56917	56917	55343	-29	1758
LT934125.1	-	UL26	PK_15_8h	1758	56944	56950	56946	4039.491401	3469.313462	56946	56946	1		7	8h	PK_15	8	1758	55343	56917	56917	55343	-29	1758
LT934125.1	-	UL26.5	C6_12h	1748	56185	56194	56188	70362.05582	51584.38761	56187	56189	3	UL26	10	12h	C6	12	1748	55343	56179	56179	55343	-9	1748
LT934125.1	-	UL26.5	C6_12h	1750	56258	56263	56263	90.916085	69.93545	56258	56263	6	UL26	6	12h	C6	12	0	55343	56179	56179	55343	-84	0
LT934125.1	-	UL26.5	C6_1h	1748	56185	56194	56188	67796.610169	41602.465331	56187	56190	4	UL26	10	1h	C6	1	1748	55343	56179	56179	55343	-9	1748
LT934125.1	-	UL26.5	C6_2h	1748	56185	56194	56188	69392.812887	47087.980173	56187	56189	3	UL26	10	2h	C6	2	1748	55343	56179	56179	55343	-9	1748
LT934125.1	-	UL26.5	C6_4h	1748	56185	56194	56188	42038.885969	27850.761955	56187	56189	3	UL26	10	4h	C6	4	1748	55343	56179	56179	55343	-9	1748
LT934125.1	-	UL26.5	C6_6h	1748	56185	56194	56188	38896.075895	27598.10263	56187	56189	3	UL26	10	6h	C6	6	1748	55343	56179	56179	55343	-9	1748
LT934125.1	-	UL26.5	C6_8h	1748	56185	56194	56188	43228.410006	30476.190476	56187	56189	3	UL26	10	8h	C6	8	1748	55343	56179	56179	55343	-9	1748
LT934125.1	-	UL26.5	C6_8h	1750	56262	56267	56262	64.5682	32.2841	56262	56267	6	UL26	6	8h	C6	8	0	55343	56179	56179	55343	-83	0
LT934125.1	-	UL26.5	NRK_12h	1748	56185	56200	56188	46756.948117	30785.91466	56187	56189	3	UL26	16	12h	NRK	12	1748	55343	56179	56179	55343	-9	1748
LT934125.1	-	UL26.5	NRK_12h	1750	56263	56263	56263	161.32357	161.32357	56263	56263	1	UL26	1	12h	NRK	12	0	55343	56179	56179	55343	-84	0
LT934125.1	-	UL26.5	NRK_1h	1748	56188	56188	56188	30303.030303	30303.030303	56188	56188	1	UL26	1	1h	NRK	1	1748	55343	56179	56179	55343	-9	1748
LT934125.1	-	UL26.5	NRK_2h	1748	56182	56194	56194	32362.459547	12944.983819	56182	56194	13	UL26	13	2h	NRK	2	1748	55343	56179	56179	55343	-15	1748
LT934125.1	-	UL26.5	NRK_4h	1748	56179	56194	56188	38145.539905	22300.469484	56185	56190	6	UL26	16	4h	NRK	4	1748	55343	56179	56179	55343	-9	1748
LT934125.1	-	UL26.5	NRK_6h	1748	56183	56194	56188	26099.825105	14126.194	56185	56190	6	UL26	12	6h	NRK	6	1748	55343	56179	56179	55343	-9	1748
LT934125.1	-	UL26.5	NRK_8h	1748	56185	56194	56188	50400.261394	35124.979579	56188	56189	2	UL26	10	8h	NRK	8	1748	55343	56179	56179	55343	-9	1748
LT934125.1	-	UL26.5	NRK_8h	1749	56235	56235	56235	81.685999	81.685999	56235	56235	1	UL26	1	8h	NRK	8	0	55343	56179	56179	55343	-56	0
LT934125.1	-	UL26.5	PC_12_0.5h	1748	56188	56194	56188	161290.32258	96774.193548	56188	56194	7	UL26	7	0.5h	PC_12	0.5	1748	55343	56179	56179	55343	-9	1748
LT934125.1	-	UL26.5	PC_12_1.5h	1748	56185	56194	56188	30973.451329	15486.725664	56186	56194	9	UL26	10	1.5h	PC_12	1.5	1748	55343	56179	56179	55343	-9	1748
LT934125.1	-	UL26.5	PC_12_12h	1748	56185	56194	56188	28626.618524	18224.385183	56187	56190	4	UL26	10	12h	PC_12	12	1748	55343	56179	56179	55343	-9	1748
LT934125.1	-	UL26.5	PC_12_12h	1750	56263	56263	56263	27.30245	27.30245	56263	56263	1	UL26	1	12h	PC_12	12	0	55343	56179	56179	55343	-84	0
LT934125.1	-	UL26.5	PC_12_1h	1748	56188	56191	56188	22271.714922	13363.028953	56188	56189	2	UL26	4	1h	PC_12	1	1748	55343	56179	56179	55343	-9	1748
LT934125.1	-	UL26.5	PC_12_2.5h	1748	56185	56194	56188	34789.045151	19985.196151	56185	56194	10	UL26	10	2.5h	PC_12	2.5	1748	55343	56179	56179	55343	-9	1748
LT934125.1	-	UL26.5	PC_12_2h	1748	56185	56194	56188	38025.350235	22014.676451	56186	56190	5	UL26	10	2h	PC_12	2	1748	55343	56179	56179	55343	-9	1748
LT934125.1	-	UL26.5	PC_12_4h	1748	56185	56194	56188	23991.166434	14756.073078	56187	56190	4	UL26	10	4h	PC_12	4	1748	55343	56179	56179	55343	-9	1748
LT934125.1	-	UL26.5	PC_12_6h	1748	56185	56195	56188	26624.380365	16390.384308	56187	56190	4	UL26	11	6h	PC_12	6	1748	55343	56179	56179	55343	-9	1748
LT934125.1	-	UL26.5	PC_12_8h	1748	56185	56195	56188	28729.387703	17608.334399	56187	56190	4	UL26	11	8h	PC_12	8	1748	55343	56179	56179	55343	-9	1748
LT934125.1	-	UL26.5	PK_15_12h	1748	56185	56194	56188	40439.359267	25837.528604	56187	56189	3	UL26	10	12h	PK_15	12	1748	55343	56179	56179	55343	-9	1748
LT934125.1	-	UL26.5	PK_15_12h	1750	56263	56263	56263	48.05492	48.05492	56263	56263	1	UL26	1	12h	PK_15	12	0	55343	56179	56179	55343	-84	0
LT934125.1	-	UL26.5	PK_15_1h	1748	56188	56189	56188	5847.953216	2923.976608	56188	56189	2	UL26	2	1h	PK_15	1	1748	55343	56179	56179	55343	-9	1748
LT934125.1	-	UL26.5	PK_15_2h	1748	56185	56195	56188	30774.800868	16292.541636	56187	56194	8	UL26	11	2h	PK_15	2	1748	55343	56179	56179	55343	-9	1748
LT934125.1	-	UL26.5	PK_15_4h	1748	56185	56194	56188	28578.387595	16359.503126	56187	56190	4	UL26	10	4h	PK_15	4	1748	55343	56179	56179	55343	-9	1748
LT934125.1	-	UL26.5	PK_15_6h	1748	56185	56194	56188	27467.963449	16000.129033	56187	56190	4	UL26	10	6h	PK_15	6	1748	55343	56179	56179	55343	-9	1748
LT934125.1	-	UL26.5	PK_15_6h	1750	56263	56268	56263	64.516649	48.387487	56263	56268	6	UL26	6	6h	PK_15	6	0	55343	56179	56179	55343	-84	0
LT934125.1	-	UL26.5	PK_15_8h	1748	56185	56200	56188	34693.13462	21324.654933	56187	56190	4	UL26	16	8h	PK_15	8	1748	55343	56179	56179	55343	-9	1748
LT934125.1	-	UL26.5	PK_15_8h	1750	56263	56263	56263	26.315905	26.315905	56263	56263	1	UL26	1	8h	PK_15	8	0	55343	56179	56179	55343	-84	0
LT934125.1	-	UL27	C6_12h	1422	19470	19474	19471	6063.403479	3007.224332	19470	19473	4	UL28	5	12h	C6	12	1422	16625	19375	19375	16625	-96	1422
LT934125.1	-	UL27	C6_1h	1422	19467	19473	19471	10785.824345	4622.496148	19467	19473	7	UL28	7	1h	C6	1	1422	16625	19375	19375	16625	-96	1422
LT934125.1	-	UL27	C6_2h	1422	19470	19473	19473	3717.472119	2478.314746	19470	19473	4	UL28	4	2h	C6	2	1422	16625	19375	19375	16625	-98	1422
LT934125.1	-	UL27	C6_4h	1422	19470	19473	19471	14188.124015	9984.235418	19471	19473	3	UL28	4	4h	C6	4	1422	16625	19375	19375	16625	-96	1422
LT934125.1	-	UL27	C6_6h	1422	19470	19473	19471	12074.169901	6640.793445	19471	19473	3	UL28	4	6h	C6	6	1422	16625	19375	19375	16625	-96	1422
LT934125.1	-	UL27	C6_8h	1422	19470	19473	19471	4164.648911	2324.455206	19470	19473	4	UL28	4	8h	C6	8	1422	16625	19375	19375	16625	-96	1422
LT934125.1	-	UL27	NRK_12h	1421	19410	19410	19410	35.849682	35.849682	19410	19410	1	UL28	1	12h	NRK	12	0	16625	19375	19375	16625	-35	1421
LT934125.1	-	UL27	NRK_12h	1422	19470	19473	19471	4588.759331	2285.417245	19470	19473	4	UL28	4	12h	NRK	12	1422	16625	19375	19375	16625	-96	0
LT934125.1	-	UL27	NRK_1h	1422	19473	19473	19473	10101.010101	10101.010101	19473	19473	1	UL28	1	1h	NRK	1	1422	16625	19375	19375	16625	-98	1422
LT934125.1	-	UL27	NRK_2h	1422	19470	19473	19473	12944.983819	6472.491909	19470	19473	4	UL28	4	2h	NRK	2	1422	16625	19375	19375	16625	-98	1422
LT934125.1	-	UL27	NRK_4h	1422	19471	19473	19471	3521.12676	2347.41784	19471	19473	3	UL28	3	4h	NRK	4	1422	16625	19375	19375	16625	-96	1422
LT934125.1	-	UL27	NRK_6h	1422	19464	19473	19471	4305.12579	2018.027714	19470	19473	4	UL28	10	6h	NRK	6	1422	16625	19375	19375	16625	-96	1422
LT934125.1	-	UL27	NRK_8h	1422	19467	19473	19471	4819.473942	2287.207973	19470	19473	4	UL28	7	8h	NRK	8	1422	16625	19375	19375	16625	-96	1422
LT934125.1	-	UL27	PC_12_1.5h	1422	19469	19473	19469	4424.778762	2212.389381	19469	19473	5	UL28	5	1.5h	PC_12	1.5	1422	16625	19375	19375	16625	-94	1422
LT934125.1	-	UL27	PC_12_12h	1422	19470	19474	19471	7050.857638	3023.746306	19470	19473	4	UL28	5	12h	PC_12	12	1422	16625	19375	19375	16625	-96	1422
LT934125.1	-	UL27	PC_12_1h	1422	19471	19471	19471	4454.342984	4454.342984	19471	19471	1	UL28	1	1h	PC_12	1	1422	16625	19375	19375	16625	-96	1422
LT934125.1	-	UL27	PC_12_2.5h	1422	19471	19473	19471	1480.3849	740.19245	19471	19473	3	UL28	3	2.5h	PC_12	2.5	1422	16625	19375	19375	16625	-96	1422
LT934125.1	-	UL27	PC_12_2h	1422	19470	19473	19471	5336.891261	3335.557038	19470	19473	4	UL28	4	2h	PC_12	2	1422	16625	19375	19375	16625	-96	1422
LT934125.1	-	UL27	PC_12_4h	1422	19470	19473	19473	7127.082916	3111.824935	19470	19473	4	UL28	4	4h	PC_12	4	1422	16625	19375	19375	16625	-98	1422
LT934125.1	-	UL27	PC_12_6h	1422	19469	19474	19473	6342.945472	3118.170673	19470	19473	4	UL28	6	6h	PC_12	6	1422	16625	19375	19375	16625	-98	1422
LT934125.1	-	UL27	PC_12_8h	1421	19419	19419	19419	63.914099	63.914099	19419	19419	1	UL28	1	8h	PC_12	8	0	16625	19375	19375	16625	-44	1421
LT934125.1	-	UL27	PC_12_8h	1422	19469	19474	19471	7669.691934	3483.31842	19470	19473	4	UL28	6	8h	PC_12	8	1422	16625	19375	19375	16625	-96	0
LT934125.1	-	UL27	PK_15_12h	1422	19470	19474	19471	9578.947369	5659.038902	19470	19473	4	UL28	5	12h	PK_15	12	1422	16625	19375	19375	16625	-96	1422
LT934125.1	-	UL27	PK_15_2h	1422	19469	19473	19471	4706.734252	2534.395366	19469	19473	5	UL28	5	2h	PK_15	2	1422	16625	19375	19375	16625	-96	1422
LT934125.1	-	UL27	PK_15_4h	1422	19468	19473	19471	2882.195339	1258.423317	19470	19473	4	UL28	6	4h	PK_15	4	1422	16625	19375	19375	16625	-96	1422
LT934125.1	-	UL27	PK_15_6h	1422	19470	19473	19471	3282.284535	1717.755788	19470	19473	4	UL28	4	6h	PK_15	6	1422	16625	19375	19375	16625	-96	1422
LT934125.1	-	UL27	PK_15_8h	1422	19470	19477	19471	8973.723567	4828.968548	19470	19473	4	UL28	8	8h	PK_15	8	1422	16625	19375	19375	16625	-96	1422
LT934125.1	-	UL28	C6_12h	1442	21473	21473	21473	41.96127	41.96127	21473	21473	1		1	12h	C6	12	1442	19246	21402	21402	19246	-71	1442
LT934125.1	-	UL28	C6_4h	1442	21473	21473	21473	525.486075	525.486075	21473	21473	1		1	4h	C6	4	1442	19246	21402	21402	19246	-71	1442
LT934125.1	-	UL28	C6_6h	1441	21426	21426	21426	86.244071	86.244071	21426	21426	1		1	6h	C6	6	0	19246	21402	21402	19246	-24	1441
LT934125.1	-	UL28	C6_6h	1442	21473	21480	21473	172.488142	86.244071	21473	21480	8		8	6h	C6	6	1442	19246	21402	21402	19246	-71	0
LT934125.1	-	UL28	NRK_12h	1442	21477	21477	21477	17.924841	17.924841	21477	21477	1		1	12h	NRK	12	1442	19246	21402	21402	19246	-75	1442
LT934125.1	-	UL28	NRK_6h	1442	21471	21473	21471	269.070362	134.535181	21471	21473	3		3	6h	NRK	6	1442	19246	21402	21402	19246	-69	1442
LT934125.1	-	UL28	NRK_8h	1441	21420	21420	21420	81.685999	81.685999	21420	21420	1		1	8h	NRK	8	1441	19246	21402	21402	19246	-18	1441
LT934125.1	-	UL28	PC_12_12h	1442	21473	21473	21473	27.30245	27.30245	21473	21473	1		1	12h	PC_12	12	1442	19246	21402	21402	19246	-71	1442
LT934125.1	-	UL28	PC_12_6h	1442	21480	21480	21480	26.651031	26.651031	21480	21480	1		1	6h	PC_12	6	1442	19246	21402	21402	19246	-78	1442
LT934125.1	-	UL28	PC_12_6h	1443	21536	21536	21536	26.651031	26.651031	21536	21536	1		1	6h	PC_12	6	1443	19246	21402	21402	19246	-134	0
LT934125.1	-	UL28	PC_12_8h	1441	21426	21426	21426	31.95705	31.95705	21426	21426	1		1	8h	PC_12	8	0	19246	21402	21402	19246	-24	1441
LT934125.1	-	UL28	PC_12_8h	1442	21469	21473	21473	127.828199	95.871149	21469	21473	5		5	8h	PC_12	8	1442	19246	21402	21402	19246	-71	0
LT934125.1	-	UL28	PK_15_2h	1442	21473	21473	21473	362.056481	362.056481	21473	21473	1		1	2h	PK_15	2	1442	19246	21402	21402	19246	-71	1442
LT934125.1	-	UL28	PK_15_4h	1442	21475	21475	21475	40.594301	40.594301	21475	21475	1		1	4h	PK_15	4	1442	19246	21402	21402	19246	-73	1442
LT934125.1	-	UL28	PK_15_6h	1442	21473	21473	21473	24.193743	24.193743	21473	21473	1		1	6h	PK_15	6	1442	19246	21402	21402	19246	-71	1442
LT934125.1	-	UL28	PK_15_8h	1442	21477	21477	21477	13.157952	13.157952	21477	21477	1		1	8h	PK_15	8	1442	19246	21402	21402	19246	-75	1442
LT934125.1	-	UL29	C6_12h	1494	25229	25234	25232	237.780529	188.825714	25229	25232	4		6	12h	C6	12	0	21554	25087	25087	21554	-145	1494
LT934125.1	-	UL29	C6_12h	1496	25309	25313	25313	685.367407	531.509417	25310	25313	4		5	12h	C6	12	1496	21554	25087	25087	21554	-226	0
LT934125.1	-	UL29	C6_1h	1494	25232	25232	25232	1540.832049	1540.832049	25232	25232	1		1	1h	C6	1	0	21554	25087	25087	21554	-145	1494
LT934125.1	-	UL29	C6_1h	1496	25310	25313	25310	6163.328198	3081.664099	25310	25313	4		4	1h	C6	1	1496	21554	25087	25087	21554	-223	0
LT934125.1	-	UL29	C6_2h	1496	25313	25313	25313	1239.157373	1239.157373	25313	25313	1		1	2h	C6	2	1496	21554	25087	25087	21554	-226	1496
LT934125.1	-	UL29	C6_6h	1492	25102	25102	25102	86.244071	86.244071	25102	25102	1		1	6h	C6	6	0	21554	25087	25087	21554	-15	1492
LT934125.1	-	UL29	C6_6h	1493	25188	25188	25188	86.244071	86.244071	25188	25188	1		1	6h	C6	6	0	21554	25087	25087	21554	-101	0
LT934125.1	-	UL29	C6_6h	1494	25232	25232	25232	344.976283	344.976283	25232	25232	1		1	6h	C6	6	0	21554	25087	25087	21554	-145	0
LT934125.1	-	UL29	C6_6h	1496	25309	25320	25313	1379.905131	862.440707	25309	25314	6		12	6h	C6	6	1496	21554	25087	25087	21554	-226	0
LT934125.1	-	UL29	C6_8h	1494	25230	25232	25232	161.4205	129.1364	25230	25232	3		3	8h	C6	8	0	21554	25087	25087	21554	-145	1494
LT934125.1	-	UL29	C6_8h	1496	25309	25313	25313	645.682001	451.977401	25310	25313	4		5	8h	C6	8	1496	21554	25087	25087	21554	-226	0
LT934125.1	-	UL29	NRK_12h	1494	25229	25232	25232	71.699365	44.812103	25229	25232	4		4	12h	NRK	12	0	21554	25087	25087	21554	-145	1494
LT934125.1	-	UL29	NRK_12h	1496	25313	25315	25313	286.797458	268.872617	25313	25313	1		3	12h	NRK	12	1496	21554	25087	25087	21554	-226	0
LT934125.1	-	UL29	NRK_2h	1496	25313	25313	25313	6472.491909	6472.491909	25313	25313	1		1	2h	NRK	2	1496	21554	25087	25087	21554	-226	1496
LT934125.1	-	UL29	NRK_4h	1496	25310	25313	25310	2347.41784	1173.70892	25310	25313	4		4	4h	NRK	4	1496	21554	25087	25087	21554	-223	1496
LT934125.1	-	UL29	NRK_6h	1496	25312	25313	25313	1345.35181	1210.816629	25313	25313	1		2	6h	NRK	6	1496	21554	25087	25087	21554	-226	1496
LT934125.1	-	UL29	NRK_8h	1494	25232	25232	25232	245.057997	245.057997	25232	25232	1		1	8h	NRK	8	0	21554	25087	25087	21554	-145	1494
LT934125.1	-	UL29	NRK_8h	1496	25301	25315	25313	1388.661983	898.545989	25306	25313	8		15	8h	NRK	8	1496	21554	25087	25087	21554	-226	0
LT934125.1	-	UL29	PC_12_12h	1494	25232	25232	25232	61.430512	61.430512	25232	25232	1		1	12h	PC_12	12	0	21554	25087	25087	21554	-145	1494
LT934125.1	-	UL29	PC_12_12h	1496	25313	25313	25313	75.081737	75.081737	25313	25313	1		1	12h	PC_12	12	1496	21554	25087	25087	21554	-226	0
LT934125.1	-	UL29	PC_12_2.5h	1496	25313	25313	25313	1480.3849	1480.3849	25313	25313	1		1	2.5h	PC_12	2.5	1496	21554	25087	25087	21554	-226	1496
LT934125.1	-	UL29	PC_12_2h	1496	25310	25313	25313	2668.445631	2001.334223	25310	25313	4		4	2h	PC_12	2	1496	21554	25087	25087	21554	-226	1496
LT934125.1	-	UL29	PC_12_4h	1494	25229	25233	25229	200.7629	100.38145	25229	25233	5		5	4h	PC_12	4	1494	21554	25087	25087	21554	-142	1494
LT934125.1	-	UL29	PC_12_4h	1496	25316	25316	25316	100.38145	100.38145	25316	25316	1		1	4h	PC_12	4	0	21554	25087	25087	21554	-229	0
LT934125.1	-	UL29	PC_12_6h	1494	25232	25232	25232	106.604126	106.604126	25232	25232	1		1	6h	PC_12	6	0	21554	25087	25087	21554	-145	1494
LT934125.1	-	UL29	PC_12_6h	1496	25298	25313	25313	293.161344	133.255157	25301	25313	13		16	6h	PC_12	6	1496	21554	25087	25087	21554	-226	0
LT934125.1	-	UL29	PC_12_8h	1494	25232	25233	25232	319.570498	287.613448	25232	25233	2		2	8h	PC_12	8	0	21554	25087	25087	21554	-145	1494
LT934125.1	-	UL29	PC_12_8h	1495	25273	25273	25273	31.95705	31.95705	25273	25273	1		1	8h	PC_12	8	0	21554	25087	25087	21554	-186	0
LT934125.1	-	UL29	PC_12_8h	1496	25301	25315	25313	479.355746	351.527547	25310	25315	6		15	8h	PC_12	8	1496	21554	25087	25087	21554	-226	0
LT934125.1	-	UL29	PK_15_12h	1494	25232	25232	25232	18.306636	18.306636	25232	25232	1		1	12h	PK_15	12	0	21554	25087	25087	21554	-145	1494
LT934125.1	-	UL29	PK_15_12h	1496	25313	25313	25313	80.091533	80.091533	25313	25313	1		1	12h	PK_15	12	1496	21554	25087	25087	21554	-226	0
LT934125.1	-	UL29	PK_15_2h	1496	25310	25315	25313	7241.129617	6154.960174	25310	25313	4		6	2h	PK_15	2	1496	21554	25087	25087	21554	-226	1496
LT934125.1	-	UL29	PK_15_4h	1493	25192	25192	25192	40.594301	40.594301	25192	25192	1		1	4h	PK_15	4	0	21554	25087	25087	21554	-105	1493
LT934125.1	-	UL29	PK_15_4h	1494	25232	25232	25232	81.188601	81.188601	25232	25232	1		1	4h	PK_15	4	0	21554	25087	25087	21554	-145	0
LT934125.1	-	UL29	PK_15_4h	1496	25309	25315	25313	1096.046116	771.291711	25310	25315	6		7	4h	PK_15	4	1496	21554	25087	25087	21554	-226	0
LT934125.1	-	UL29	PK_15_6h	1494	25232	25232	25232	48.387487	48.387487	25232	25232	1		1	6h	PK_15	6	0	21554	25087	25087	21554	-145	1494
LT934125.1	-	UL29	PK_15_6h	1496	25313	25315	25313	612.908168	572.585263	25313	25313	1		3	6h	PK_15	6	1496	21554	25087	25087	21554	-226	0
LT934125.1	-	UL29	PK_15_8h	1494	25232	25234	25232	74.56173	61.403778	25232	25234	3		3	8h	PK_15	8	0	21554	25087	25087	21554	-145	1494
LT934125.1	-	UL29	PK_15_8h	1496	25309	25315	25313	1241.233513	1008.776354	25310	25313	4		7	8h	PK_15	8	1496	21554	25087	25087	21554	-226	0
LT934125.1	-	UL3	NRK_12h	2107	93549	93549	93549	17.924841	17.924841	93549	93549	1	UL2	1	12h	NRK	12	2107	92749	93465	93465	92749	-84	2107
LT934125.1	-	UL3	PC_12_12h	2106	93482	93482	93482	27.30245	27.30245	93482	93482	1		1	12h	PC_12	12	2106	92749	93465	93465	92749	-17	2106
LT934125.1	-	UL3	PC_12_6h	2107	93527	93527	93527	26.651031	26.651031	93527	93527	1	UL2	1	6h	PC_12	6	2107	92749	93465	93465	92749	-62	2107
LT934125.1	-	UL3	PK_15_12h	2106	93482	93482	93482	20.594966	20.594966	93482	93482	1		1	12h	PK_15	12	2106	92749	93465	93465	92749	-17	2106
LT934125.1	-	UL3	PK_15_4h	2106	93465	93470	93465	81.188602	40.594301	93465	93470	6	UL3	6	4h	PK_15	4	2106	92749	93465	93465	92749	0	2106
LT934125.1	-	UL3.5	C6_12h	2099	92774	92774	92774	111.896719	111.896719	92774	92774	1	UL3	1	12h	C6	12	2099	92099	92752	92752	92099	-22	2099
LT934125.1	-	UL3.5	C6_12h	2100	92814	92814	92814	41.96127	41.96127	92814	92814	1	UL3	1	12h	C6	12	0	92099	92752	92752	92099	-62	0
LT934125.1	-	UL3.5	C6_6h	2099	92774	92774	92774	172.488141	172.488141	92774	92774	1	UL3	1	6h	C6	6	2099	92099	92752	92752	92099	-22	2099
LT934125.1	-	UL3.5	C6_6h	2100	92830	92830	92830	86.244071	86.244071	92830	92830	1	UL3	1	6h	C6	6	0	92099	92752	92752	92099	-78	0
LT934125.1	-	UL3.5	C6_8h	2099	92774	92783	92774	161.4205	96.8523	92774	92783	10	UL3	10	8h	C6	8	2099	92099	92752	92752	92099	-22	2099
LT934125.1	-	UL3.5	NRK_12h	2099	92774	92774	92774	188.210832	188.210832	92774	92774	1	UL3	1	12h	NRK	12	0	92099	92752	92752	92099	-22	2099
LT934125.1	-	UL3.5	NRK_12h	2100	92814	92830	92814	206.135673	143.398729	92814	92830	17	UL3	17	12h	NRK	12	2100	92099	92752	92752	92099	-62	0
LT934125.1	-	UL3.5	NRK_4h	2099	92774	92774	92774	586.85446	586.85446	92774	92774	1	UL3	1	4h	NRK	4	2099	92099	92752	92752	92099	-22	2099
LT934125.1	-	UL3.5	NRK_4h	2100	92814	92814	92814	586.85446	586.85446	92814	92814	1	UL3	1	4h	NRK	4	2100	92099	92752	92752	92099	-62	0
LT934125.1	-	UL3.5	NRK_6h	2099	92774	92774	92774	134.535181	134.535181	92774	92774	1	UL3	1	6h	NRK	6	2099	92099	92752	92752	92099	-22	2099
LT934125.1	-	UL3.5	NRK_6h	2100	92849	92849	92849	134.535181	134.535181	92849	92849	1	UL3	1	6h	NRK	6	2100	92099	92752	92752	92099	-97	0
LT934125.1	-	UL3.5	NRK_8h	2099	92764	92774	92774	408.429995	245.057997	92764	92774	11	UL3	11	8h	NRK	8	2099	92099	92752	92752	92099	-22	2099
LT934125.1	-	UL3.5	NRK_8h	2100	92814	92814	92814	81.685999	81.685999	92814	92814	1	UL3	1	8h	NRK	8	0	92099	92752	92752	92099	-62	0
LT934125.1	-	UL3.5	PC_12_12h	2099	92765	92774	92774	54.604899	34.128062	92765	92774	10	UL3	10	12h	PC_12	12	2099	92099	92752	92752	92099	-22	2099
LT934125.1	-	UL3.5	PC_12_12h	2100	92826	92834	92826	40.953674	20.476837	92826	92834	9	UL3	9	12h	PC_12	12	0	92099	92752	92752	92099	-74	0
LT934125.1	-	UL3.5	PC_12_2.5h	2099	92774	92774	92774	740.19245	740.19245	92774	92774	1	UL3	1	2.5h	PC_12	2.5	2099	92099	92752	92752	92099	-22	2099
LT934125.1	-	UL3.5	PC_12_4h	2099	92774	92774	92774	100.38145	100.38145	92774	92774	1	UL3	1	4h	PC_12	4	0	92099	92752	92752	92099	-22	2099
LT934125.1	-	UL3.5	PC_12_4h	2100	92846	92848	92846	200.7629	100.38145	92846	92848	3	UL3	3	4h	PC_12	4	2100	92099	92752	92752	92099	-94	0
LT934125.1	-	UL3.5	PC_12_8h	2099	92785	92785	92785	63.914099	63.914099	92785	92785	1	UL3	1	8h	PC_12	8	2099	92099	92752	92752	92099	-33	2099
LT934125.1	-	UL3.5	PK_15_12h	2099	92774	92774	92774	38.901602	38.901602	92774	92774	1	UL3	1	12h	PK_15	12	0	92099	92752	92752	92099	-22	2099
LT934125.1	-	UL3.5	PK_15_12h	2100	92844	92848	92846	73.226545	34.324943	92844	92848	5	UL3	5	12h	PK_15	12	2100	92099	92752	92752	92099	-94	0
LT934125.1	-	UL3.5	PK_15_4h	2099	92773	92785	92774	243.565805	121.782902	92773	92785	13	UL3	13	4h	PK_15	4	2099	92099	92752	92752	92099	-22	2099
LT934125.1	-	UL3.5	PK_15_4h	2100	92844	92853	92844	121.782902	81.188601	92844	92853	10	UL3	10	4h	PK_15	4	0	92099	92752	92752	92099	-92	0
LT934125.1	-	UL3.5	PK_15_6h	2099	92773	92774	92774	72.58123	56.452068	92773	92774	2	UL3	2	6h	PK_15	6	2099	92099	92752	92752	92099	-22	2099
LT934125.1	-	UL3.5	PK_15_6h	2100	92829	92830	92830	48.387487	32.258325	92829	92830	2	UL3	2	6h	PK_15	6	0	92099	92752	92752	92099	-78	0
LT934125.1	-	UL3.5	PK_15_8h	2099	92774	92774	92774	52.63181	52.63181	92774	92774	1	UL3	1	8h	PK_15	8	2099	92099	92752	92752	92099	-22	2099
LT934125.1	-	UL3.5	PK_15_8h	2100	92830	92830	92830	26.315905	26.315905	92830	92830	1	UL3	1	8h	PK_15	8	0	92099	92752	92752	92099	-78	0
LT934125.1	-	UL31	C6_12h	1526	29407	29417	29414	23197.588628	7070.473953	29408	29414	7	UL32	11	12h	C6	12	1526	28501	29316	29316	28501	-98	1526
LT934125.1	-	UL31	C6_1h	1526	29404	29414	29404	6163.328196	1540.832049	29404	29414	11	UL32	11	1h	C6	1	1526	28501	29316	29316	28501	-88	1526
LT934125.1	-	UL31	C6_2h	1526	29404	29414	29409	12391.57373	3717.472119	29409	29414	6	UL32	11	2h	C6	2	1526	28501	29316	29316	28501	-93	1526
LT934125.1	-	UL31	C6_4h	1526	29407	29414	29414	20493.95691	7882.291119	29409	29414	6	UL32	8	4h	C6	4	1526	28501	29316	29316	28501	-98	1526
LT934125.1	-	UL31	C6_6h	1526	29407	29417	29414	21129.797327	6209.573092	29409	29414	6	UL32	11	6h	C6	6	1526	28501	29316	29316	28501	-98	1526
LT934125.1	-	UL31	C6_8h	1526	29407	29424	29414	26311.541564	8264.729621	29408	29414	7	UL32	18	8h	C6	8	1526	28501	29316	29316	28501	-98	1526
LT934125.1	-	UL31	NRK_12h	1525	29316	29356	29316	170.285991	125.473888	29316	29356	41	UL31	41	12h	NRK	12	0	28501	29316	29316	28501	0	1525
LT934125.1	-	UL31	NRK_12h	1526	29407	29417	29412	29325.040106	8317.126289	29408	29414	7	UL32	11	12h	NRK	12	1526	28501	29316	29316	28501	-96	0
LT934125.1	-	UL31	NRK_2h	1526	29408	29414	29412	16181.229774	9708.737864	29408	29414	7	UL32	7	2h	NRK	2	1526	28501	29316	29316	28501	-96	1526
LT934125.1	-	UL31	NRK_4h	1526	29404	29414	29411	23474.178403	5868.544601	29407	29414	8	UL32	11	4h	NRK	4	1526	28501	29316	29316	28501	-95	1526
LT934125.1	-	UL31	NRK_6h	1526	29407	29414	29411	17624.108704	5919.547962	29408	29414	7	UL32	8	6h	NRK	6	1526	28501	29316	29316	28501	-95	1526
LT934125.1	-	UL31	NRK_8h	1526	29407	29414	29414	26221.205685	7841.855906	29408	29414	7	UL32	8	8h	NRK	8	1526	28501	29316	29316	28501	-98	1526
LT934125.1	-	UL31	PC_12_1.5h	1526	29407	29414	29412	8849.557523	4424.778761	29407	29414	8	UL32	8	1.5h	PC_12	1.5	1526	28501	29316	29316	28501	-96	1526
LT934125.1	-	UL31	PC_12_12h	1526	29407	29418	29411	27991.836568	8320.42155	29409	29414	6	UL32	12	12h	PC_12	12	1526	28501	29316	29316	28501	-95	1526
LT934125.1	-	UL31	PC_12_2.5h	1526	29403	29414	29412	13323.4641	4441.1547	29404	29414	11	UL32	12	2.5h	PC_12	2.5	1526	28501	29316	29316	28501	-96	1526
LT934125.1	-	UL31	PC_12_2h	1526	29409	29414	29414	10673.782522	4669.779853	29411	29414	4	UL32	6	2h	PC_12	2	1526	28501	29316	29316	28501	-98	1526
LT934125.1	-	UL31	PC_12_4h	1526	29406	29417	29411	12949.206988	4818.309576	29409	29414	6	UL32	12	4h	PC_12	4	1526	28501	29316	29316	28501	-95	1526
LT934125.1	-	UL31	PC_12_6h	1526	29407	29417	29411	15164.436863	6209.690315	29409	29414	6	UL32	11	6h	PC_12	6	1526	28501	29316	29316	28501	-95	1526
LT934125.1	-	UL31	PC_12_8h	1526	29407	29418	29411	30838.552986	8979.930973	29409	29414	6	UL32	12	8h	PC_12	8	1526	28501	29316	29316	28501	-95	1526
LT934125.1	-	UL31	PK_15_12h	1526	29407	29417	29412	27654.462243	8048.05492	29409	29414	6	UL32	11	12h	PK_15	12	1526	28501	29316	29316	28501	-96	1526
LT934125.1	-	UL31	PK_15_2h	1526	29404	29414	29411	7603.186098	2534.395366	29407	29414	8	UL32	11	2h	PK_15	2	1526	28501	29316	29316	28501	-95	1526
LT934125.1	-	UL31	PK_15_4h	1526	29407	29417	29411	26589.266867	9620.849233	29409	29414	6	UL32	11	4h	PK_15	4	1526	28501	29316	29316	28501	-95	1526
LT934125.1	-	UL31	PK_15_6h	1526	29407	29418	29411	24846.974571	7427.479254	29409	29414	6	UL32	12	6h	PK_15	6	1526	28501	29316	29316	28501	-95	1526
LT934125.1	-	UL31	PK_15_8h	1526	29407	29417	29411	31329.084776	9131.618998	29409	29414	6	UL32	11	8h	PK_15	8	1526	28501	29316	29316	28501	-95	1526
LT934125.1	-	UL32	C6_12h	1547	30877	30882	30877	538.502962	468.567512	30877	30878	2		6	12h	C6	12	1547	29309	30721	30721	29309	-156	1547
LT934125.1	-	UL32	C6_4h	1546	30851	30851	30851	525.486075	525.486075	30851	30851	1		1	4h	C6	4	1546	29309	30721	30721	29309	-130	1546
LT934125.1	-	UL32	C6_6h	1545	30822	30822	30822	86.244071	86.244071	30822	30822	1		1	6h	C6	6	0	29309	30721	30721	29309	-101	1545
LT934125.1	-	UL32	C6_6h	1547	30877	30882	30877	1552.393274	1379.905132	30877	30878	2		6	6h	C6	6	1547	29309	30721	30721	29309	-156	0
LT934125.1	-	UL32	C6_8h	1547	30873	30882	30877	322.841001	225.988701	30877	30878	2		10	8h	C6	8	1547	29309	30721	30721	29309	-156	1547
LT934125.1	-	UL32	NRK_12h	1545	30819	30819	30819	17.924841	17.924841	30819	30819	1		1	12h	NRK	12	0	29309	30721	30721	29309	-98	1545
LT934125.1	-	UL32	NRK_12h	1547	30877	30882	30877	322.647141	268.872617	30877	30878	2		6	12h	NRK	12	1547	29309	30721	30721	29309	-156	0
LT934125.1	-	UL32	NRK_6h	1547	30877	30877	30877	134.535181	134.535181	30877	30877	1		1	6h	NRK	6	1547	29309	30721	30721	29309	-156	1547
LT934125.1	-	UL32	NRK_8h	1547	30877	30877	30877	163.371998	163.371998	30877	30877	1		1	8h	NRK	8	1547	29309	30721	30721	29309	-156	1547
LT934125.1	-	UL32	PC_12_12h	1547	30877	30882	30877	163.814698	129.686636	30877	30882	6		6	12h	PC_12	12	1547	29309	30721	30721	29309	-156	1547
LT934125.1	-	UL32	PC_12_4h	1547	30873	30882	30877	501.907249	200.762899	30873	30882	10		10	4h	PC_12	4	1547	29309	30721	30721	29309	-156	1547
LT934125.1	-	UL32	PC_12_6h	1545	30812	30812	30812	26.651031	26.651031	30812	30812	1		1	6h	PC_12	6	0	29309	30721	30721	29309	-91	1545
LT934125.1	-	UL32	PC_12_6h	1547	30876	30882	30877	479.718565	373.11444	30877	30878	2		7	6h	PC_12	6	1547	29309	30721	30721	29309	-156	0
LT934125.1	-	UL32	PC_12_8h	1547	30876	30882	30877	383.484596	255.656398	30876	30882	7		7	8h	PC_12	8	1547	29309	30721	30721	29309	-156	1547
LT934125.1	-	UL32	PK_15_12h	1547	30877	30882	30877	260.869565	221.967963	30877	30878	2		6	12h	PK_15	12	1547	29309	30721	30721	29309	-156	1547
LT934125.1	-	UL32	PK_15_4h	1547	30877	30877	30877	121.782902	121.782902	30877	30877	1		1	4h	PK_15	4	1547	29309	30721	30721	29309	-156	1547
LT934125.1	-	UL32	PK_15_4h	1548	30918	30918	30918	40.594301	40.594301	30918	30918	1		1	4h	PK_15	4	0	29309	30721	30721	29309	-197	0
LT934125.1	-	UL32	PK_15_6h	1547	30877	30877	30877	225.808273	225.808273	30877	30877	1		1	6h	PK_15	6	1547	29309	30721	30721	29309	-156	1547
LT934125.1	-	UL32	PK_15_8h	1547	30877	30882	30877	377.194636	307.01889	30877	30878	2		6	8h	PK_15	8	1547	29309	30721	30721	29309	-156	1547
LT934125.1	-	UL36	C6_12h	1621	41995	41997	41995	748.309311	699.354496	41995	41995	1		3	12h	C6	12	1621	32705	41983	41983	32705	-12	1621
LT934125.1	-	UL36	C6_4h	1621	41995	41995	41995	525.486075	525.486075	41995	41995	1		1	4h	C6	4	1621	32705	41983	41983	32705	-12	1621
LT934125.1	-	UL36	C6_6h	1621	41995	41995	41995	86.244071	86.244071	41995	41995	1		1	6h	C6	6	1621	32705	41983	41983	32705	-12	1621
LT934125.1	-	UL36	C6_8h	1621	41994	41997	41995	322.841001	258.272801	41995	41995	1		4	8h	C6	8	1621	32705	41983	41983	32705	-12	1621
LT934125.1	-	UL36	NRK_12h	1621	41994	41997	41995	98.586626	62.736944	41994	41997	4		4	12h	NRK	12	1621	32705	41983	41983	32705	-12	1621
LT934125.1	-	UL36	NRK_8h	1621	41995	41995	41995	163.371998	163.371998	41995	41995	1		1	8h	NRK	8	1621	32705	41983	41983	32705	-12	1621
LT934125.1	-	UL36	PC_12_12h	1621	41994	41997	41995	750.817367	641.607568	41995	41997	3		4	12h	PC_12	12	1621	32705	41983	41983	32705	-12	1621
LT934125.1	-	UL36	PC_12_4h	1621	41994	41995	41995	401.525799	301.144349	41994	41995	2		2	4h	PC_12	4	1621	32705	41983	41983	32705	-12	1621
LT934125.1	-	UL36	PC_12_6h	1621	41995	41995	41995	133.255157	133.255157	41995	41995	1		1	6h	PC_12	6	1621	32705	41983	41983	32705	-12	1621
LT934125.1	-	UL36	PC_12_8h	1621	41992	41997	41995	575.226895	415.441646	41993	41995	3		6	8h	PC_12	8	1621	32705	41983	41983	32705	-12	1621
LT934125.1	-	UL36	PK_15_12h	1621	41992	41997	41995	405.034325	356.979405	41995	41995	1		6	12h	PK_15	12	1621	32705	41983	41983	32705	-12	1621
LT934125.1	-	UL36	PK_15_4h	1621	41995	41995	41995	40.594301	40.594301	41995	41995	1		1	4h	PK_15	4	1621	32705	41983	41983	32705	-12	1621
LT934125.1	-	UL36	PK_15_6h	1621	41995	41995	41995	129.033299	129.033299	41995	41995	1		1	6h	PK_15	6	1621	32705	41983	41983	32705	-12	1621
LT934125.1	-	UL36	PK_15_8h	1621	41992	41997	41995	543.862035	486.844241	41995	41995	1		6	8h	PK_15	8	1621	32705	41983	41983	32705	-12	1621
LT934125.1	-	UL37	C6_12h	1658	44886	44893	44889	2706.5019	1363.741267	44888	44893	6		8	12h	C6	12	1658	42021	44780	44780	42021	-109	1658
LT934125.1	-	UL37	C6_4h	1658	44889	44889	44889	1050.972149	1050.972149	44889	44889	1		1	4h	C6	4	1658	42021	44780	44780	42021	-109	1658
LT934125.1	-	UL37	C6_6h	1658	44886	44893	44889	1466.149202	776.196636	44886	44893	8		8	6h	C6	6	1658	42021	44780	44780	42021	-109	1658
LT934125.1	-	UL37	C6_8h	1657	44842	44842	44842	32.2841	32.2841	44842	44842	1		1	8h	C6	8	0	42021	44780	44780	42021	-62	1657
LT934125.1	-	UL37	C6_8h	1658	44886	44893	44889	1452.784503	871.670702	44886	44893	8		8	8h	C6	8	1658	42021	44780	44780	42021	-109	0
LT934125.1	-	UL37	NRK_12h	1658	44886	44893	44889	394.346505	233.022935	44886	44893	8		8	12h	NRK	12	1658	42021	44780	44780	42021	-109	1658
LT934125.1	-	UL37	NRK_2h	1658	44886	44886	44886	3236.245955	3236.245955	44886	44886	1		1	2h	NRK	2	1658	42021	44780	44780	42021	-106	1658
LT934125.1	-	UL37	NRK_4h	1658	44889	44889	44889	586.85446	586.85446	44889	44889	1		1	4h	NRK	4	1658	42021	44780	44780	42021	-109	1658
LT934125.1	-	UL37	NRK_6h	1658	44887	44890	44887	403.605543	134.535181	44887	44890	4		4	6h	NRK	6	1658	42021	44780	44780	42021	-107	1658
LT934125.1	-	UL37	NRK_8h	1658	44889	44893	44889	735.173991	490.115994	44889	44893	5		5	8h	NRK	8	1658	42021	44780	44780	42021	-109	1658
LT934125.1	-	UL37	PC_12_12h	1658	44886	44893	44889	914.632065	430.013583	44889	44893	5		8	12h	PC_12	12	1658	42021	44780	44780	42021	-109	1658
LT934125.1	-	UL37	PC_12_1h	1659	44947	44947	44947	2227.171492	2227.171492	44947	44947	1		1	1h	PC_12	1	1659	42021	44780	44780	42021	-167	1659
LT934125.1	-	UL37	PC_12_2h	1658	44893	44893	44893	667.111408	667.111408	44893	44893	1		1	2h	PC_12	2	1658	42021	44780	44780	42021	-113	1658
LT934125.1	-	UL37	PC_12_4h	1658	44885	44893	44885	501.90725	100.38145	44885	44893	9		9	4h	PC_12	4	1658	42021	44780	44780	42021	-105	1658
LT934125.1	-	UL37	PC_12_6h	1658	44886	44893	44889	1145.99435	533.020628	44889	44893	5		8	6h	PC_12	6	1658	42021	44780	44780	42021	-109	1658
LT934125.1	-	UL37	PC_12_6h	1660	45016	45016	45016	26.651031	26.651031	45016	45016	1		1	6h	PC_12	6	0	42021	44780	44780	42021	-236	0
LT934125.1	-	UL37	PC_12_8h	1658	44886	44901	44893	926.754442	319.570497	44886	44893	8		16	8h	PC_12	8	1658	42021	44780	44780	42021	-113	1658
LT934125.1	-	UL37	PK_15_12h	1658	44886	44893	44889	695.652174	320.366133	44887	44893	7		8	12h	PK_15	12	1658	42021	44780	44780	42021	-109	1658
LT934125.1	-	UL37	PK_15_4h	1658	44886	44893	44889	568.320208	202.971503	44886	44893	8		8	4h	PK_15	4	1658	42021	44780	44780	42021	-109	1658
LT934125.1	-	UL37	PK_15_6h	1658	44886	44893	44889	830.651859	346.77699	44886	44893	8		8	6h	PK_15	6	1658	42021	44780	44780	42021	-109	1658
LT934125.1	-	UL37	PK_15_8h	1658	44886	44893	44889	1166.671784	491.230225	44886	44893	8		8	8h	PK_15	8	1658	42021	44780	44780	42021	-109	1658
LT934125.1	-	UL41	C6_12h	1704	51147	51147	51147	2748.463168	2748.463168	51147	51147	1		1	12h	C6	12	1704	50044	51141	51141	50044	-6	1704
LT934125.1	-	UL41	C6_1h	1704	51142	51147	51147	16949.152542	13867.488444	51144	51147	4		6	1h	C6	1	1704	50044	51141	51141	50044	-6	1704
LT934125.1	-	UL41	C6_2h	1704	51145	51147	51147	9913.258984	8674.101611	51145	51147	3		3	2h	C6	2	1704	50044	51141	51141	50044	-6	1704
LT934125.1	-	UL41	C6_4h	1704	51147	51147	51147	4729.374672	4729.374672	51147	51147	1		1	4h	C6	4	1704	50044	51141	51141	50044	-6	1704
LT934125.1	-	UL41	C6_6h	1704	51143	51149	51147	5605.864597	5002.156102	51147	51147	1		7	6h	C6	6	1704	50044	51141	51141	50044	-6	1704
LT934125.1	-	UL41	C6_8h	1704	51147	51149	51147	6521.388216	6489.104116	51147	51147	1		3	8h	C6	8	1704	50044	51141	51141	50044	-6	1704
LT934125.1	-	UL41	C6_8h	1707	51356	51356	51356	32.2841	32.2841	51356	51356	1		1	8h	C6	8	0	50044	51141	51141	50044	-215	0
LT934125.1	-	UL41	NRK_12h	1704	51147	51147	51147	3100.997517	3100.997517	51147	51147	1		1	12h	NRK	12	1704	50044	51141	51141	50044	-6	1704
LT934125.1	-	UL41	NRK_12h	1705	51236	51236	51236	17.924841	17.924841	51236	51236	1		1	12h	NRK	12	0	50044	51141	51141	50044	-95	0
LT934125.1	-	UL41	NRK_2h	1704	51147	51147	51147	3236.245955	3236.245955	51147	51147	1		1	2h	NRK	2	1704	50044	51141	51141	50044	-6	1704
LT934125.1	-	UL41	NRK_4h	1704	51139	51147	51147	5868.544601	3521.126761	51142	51147	6		9	4h	NRK	4	1704	50044	51141	51141	50044	-6	1704
LT934125.1	-	UL41	NRK_6h	1704	51143	51147	51147	5112.336877	3766.985067	51144	51147	4		5	6h	NRK	6	1704	50044	51141	51141	50044	-6	1704
LT934125.1	-	UL41	NRK_8h	1704	51147	51149	51147	5881.391929	5799.70593	51147	51147	1		3	8h	NRK	8	1704	50044	51141	51141	50044	-6	1704
LT934125.1	-	UL41	PC_12_1.5h	1704	51144	51147	51147	11061.946903	8849.557522	51144	51147	4		4	1.5h	PC_12	1.5	1704	50044	51141	51141	50044	-6	1704
LT934125.1	-	UL41	PC_12_12h	1704	51147	51147	51147	2197.847202	2197.847202	51147	51147	1		1	12h	PC_12	12	1704	50044	51141	51141	50044	-6	1704
LT934125.1	-	UL41	PC_12_1h	1704	51146	51147	51147	22271.714922	20044.54343	51147	51147	1		2	1h	PC_12	1	1704	50044	51141	51141	50044	-6	1704
LT934125.1	-	UL41	PC_12_2.5h	1704	51144	51147	51147	8142.11695	6661.73205	51145	51147	3		4	2.5h	PC_12	2.5	1704	50044	51141	51141	50044	-6	1704
LT934125.1	-	UL41	PC_12_2h	1704	51147	51147	51147	4669.779853	4669.779853	51147	51147	1		1	2h	PC_12	2	1704	50044	51141	51141	50044	-6	1704
LT934125.1	-	UL41	PC_12_4h	1704	51147	51147	51147	4416.783778	4416.783778	51147	51147	1		1	4h	PC_12	4	1704	50044	51141	51141	50044	-6	1704
LT934125.1	-	UL41	PC_12_6h	1704	51146	51147	51147	3677.842333	3491.285113	51147	51147	1		2	6h	PC_12	6	1704	50044	51141	51141	50044	-6	1704
LT934125.1	-	UL41	PC_12_6h	1706	51266	51266	51266	26.651031	26.651031	51266	51266	1		1	6h	PC_12	6	0	50044	51141	51141	50044	-125	0
LT934125.1	-	UL41	PC_12_8h	1704	51147	51149	51147	4569.858111	4537.901061	51147	51147	1		3	8h	PC_12	8	1704	50044	51141	51141	50044	-6	1704
LT934125.1	-	UL41	PK_15_12h	1704	51147	51147	51147	2661.327231	2661.327231	51147	51147	1		1	12h	PK_15	12	1704	50044	51141	51141	50044	-6	1704
LT934125.1	-	UL41	PK_15_1h	1704	51143	51147	51147	8771.929824	5847.953216	51143	51147	5		5	1h	PK_15	1	1704	50044	51141	51141	50044	-6	1704
LT934125.1	-	UL41	PK_15_2h	1704	51147	51147	51147	5792.903693	5792.903693	51147	51147	1		1	2h	PK_15	2	1704	50044	51141	51141	50044	-6	1704
LT934125.1	-	UL41	PK_15_4h	1704	51147	51151	51147	5358.447675	5277.259073	51147	51147	1		5	4h	PK_15	4	1704	50044	51141	51141	50044	-6	1704
LT934125.1	-	UL41	PK_15_6h	1704	51144	51152	51147	6193.598335	5572.625586	51147	51147	1		9	6h	PK_15	6	1704	50044	51141	51141	50044	-6	1704
LT934125.1	-	UL41	PK_15_8h	1704	51147	51151	51147	5557.041917	5513.182075	51147	51147	1		5	8h	PK_15	8	1704	50044	51141	51141	50044	-6	1704
LT934125.1	-	UL50	C6_12h	1349	9494	9499	9494	2112.050578	1888.257139	9494	9497	4		6	12h	C6	12	1349	8593	9399	9399	8593	-95	1349
LT934125.1	-	UL50	C6_12h	1350	9590	9590	9590	48.954815	48.954815	9590	9590	1		1	12h	C6	12	0	8593	9399	9399	8593	-191	0
LT934125.1	-	UL50	C6_1h	1349	9494	9498	9494	12326.656394	10785.824345	9494	9498	5		5	1h	C6	1	1349	8593	9399	9399	8593	-95	1349
LT934125.1	-	UL50	C6_2h	1349	9494	9498	9494	14869.888476	13630.731103	9494	9494	1		5	2h	C6	2	1349	8593	9399	9399	8593	-95	1349
LT934125.1	-	UL50	C6_4h	1349	9494	9499	9494	5780.346821	4729.374672	9494	9499	6		6	4h	C6	4	1349	8593	9399	9399	8593	-95	1349
LT934125.1	-	UL50	C6_6h	1348	9420	9420	9420	86.244071	86.244071	9420	9420	1		1	6h	C6	6	0	8593	9399	9399	8593	-21	1348
LT934125.1	-	UL50	C6_6h	1349	9494	9499	9494	6123.329022	5347.132385	9494	9497	4		6	6h	C6	6	1349	8593	9399	9399	8593	-95	0
LT934125.1	-	UL50	C6_6h	1350	9590	9592	9590	172.488142	86.244071	9590	9592	3		3	6h	C6	6	0	8593	9399	9399	8593	-191	0
LT934125.1	-	UL50	C6_8h	1348	9416	9417	9416	64.5682	32.2841	9416	9417	2		2	8h	C6	8	0	8593	9399	9399	8593	-17	1348
LT934125.1	-	UL50	C6_8h	1349	9494	9499	9494	4842.615011	4164.64891	9494	9499	6		6	8h	C6	8	1349	8593	9399	9399	8593	-95	0
LT934125.1	-	UL50	C6_8h	1350	9590	9590	9590	32.2841	32.2841	9590	9590	1		1	8h	C6	8	0	8593	9399	9399	8593	-191	0
LT934125.1	-	UL50	C6_8h	1351	9645	9645	9645	32.2841	32.2841	9645	9645	1		1	8h	C6	8	0	8593	9399	9399	8593	-246	0
LT934125.1	-	UL50	NRK_12h	1349	9494	9499	9494	4042.051677	3593.930649	9494	9495	2		6	12h	NRK	12	1349	8593	9399	9399	8593	-95	1349
LT934125.1	-	UL50	NRK_12h	1350	9590	9592	9590	62.736944	44.812103	9590	9592	3		3	12h	NRK	12	0	8593	9399	9399	8593	-191	0
LT934125.1	-	UL50	NRK_1h	1349	9494	9494	9494	30303.030303	30303.030303	9494	9494	1		1	1h	NRK	1	1349	8593	9399	9399	8593	-95	1349
LT934125.1	-	UL50	NRK_2h	1349	9494	9500	9494	19417.475728	16181.229773	9494	9500	7		7	2h	NRK	2	1349	8593	9399	9399	8593	-95	1349
LT934125.1	-	UL50	NRK_4h	1349	9494	9500	9494	10563.380282	9976.525822	9494	9494	1		7	4h	NRK	4	1349	8593	9399	9399	8593	-95	1349
LT934125.1	-	UL50	NRK_4h	1350	9588	9588	9588	586.85446	586.85446	9588	9588	1		1	4h	NRK	4	0	8593	9399	9399	8593	-189	0
LT934125.1	-	UL50	NRK_6h	1349	9491	9499	9494	4574.196153	3632.449886	9494	9499	6		9	6h	NRK	6	1349	8593	9399	9399	8593	-95	1349
LT934125.1	-	UL50	NRK_6h	1350	9590	9601	9590	403.605543	134.535181	9590	9601	12		12	6h	NRK	6	0	8593	9399	9399	8593	-191	0
LT934125.1	-	UL50	NRK_8h	1349	9494	9499	9494	5472.961934	4901.159941	9494	9499	6		6	8h	NRK	8	1349	8593	9399	9399	8593	-95	1349
LT934125.1	-	UL50	NRK_8h	1350	9588	9590	9590	408.429995	326.743996	9588	9590	3		3	8h	NRK	8	0	8593	9399	9399	8593	-191	0
LT934125.1	-	UL50	PC_12_1.5h	1349	9494	9500	9494	19911.504426	11061.946903	9494	9500	7		7	1.5h	PC_12	1.5	1349	8593	9399	9399	8593	-95	1349
LT934125.1	-	UL50	PC_12_12h	1349	9494	9499	9494	1030.667476	880.504003	9494	9499	6		6	12h	PC_12	12	1349	8593	9399	9399	8593	-95	1349
LT934125.1	-	UL50	PC_12_12h	1350	9601	9601	9601	40.953675	40.953675	9601	9601	1		1	12h	PC_12	12	0	8593	9399	9399	8593	-202	0
LT934125.1	-	UL50	PC_12_1h	1349	9494	9494	9494	11135.857461	11135.857461	9494	9494	1		1	1h	PC_12	1	1349	8593	9399	9399	8593	-95	1349
LT934125.1	-	UL50	PC_12_2.5h	1349	9490	9501	9494	14063.65655	8142.11695	9490	9500	11		12	2.5h	PC_12	2.5	1349	8593	9399	9399	8593	-95	1349
LT934125.1	-	UL50	PC_12_2h	1349	9494	9497	9494	10673.782522	10006.671114	9494	9494	1		4	2h	PC_12	2	1349	8593	9399	9399	8593	-95	1349
LT934125.1	-	UL50	PC_12_4h	1348	9406	9406	9406	100.38145	100.38145	9406	9406	1		1	4h	PC_12	4	0	8593	9399	9399	8593	-7	1348
LT934125.1	-	UL50	PC_12_4h	1349	9494	9499	9494	7428.227265	6324.031319	9494	9498	5		6	4h	PC_12	4	1349	8593	9399	9399	8593	-95	0
LT934125.1	-	UL50	PC_12_4h	1350	9590	9590	9590	100.38145	100.38145	9590	9590	1		1	4h	PC_12	4	0	8593	9399	9399	8593	-191	0
LT934125.1	-	UL50	PC_12_6h	1349	9494	9499	9494	3811.097489	3011.566548	9494	9499	6		6	6h	PC_12	6	1349	8593	9399	9399	8593	-95	1349
LT934125.1	-	UL50	PC_12_6h	1350	9588	9601	9590	213.208251	106.604126	9588	9601	14		14	6h	PC_12	6	0	8593	9399	9399	8593	-191	0
LT934125.1	-	UL50	PC_12_6h	1351	9645	9645	9645	53.302063	53.302063	9645	9645	1		1	6h	PC_12	6	0	8593	9399	9399	8593	-246	0
LT934125.1	-	UL50	PC_12_8h	1348	9433	9433	9433	31.95705	31.95705	9433	9433	1		1	8h	PC_12	8	0	8593	9399	9399	8593	-34	1348
LT934125.1	-	UL50	PC_12_8h	1349	9494	9499	9494	1661.766585	1374.153138	9494	9499	6		6	8h	PC_12	8	1349	8593	9399	9399	8593	-95	0
LT934125.1	-	UL50	PC_12_8h	1350	9588	9590	9588	63.9141	31.95705	9588	9590	3		3	8h	PC_12	8	0	8593	9399	9399	8593	-189	0
LT934125.1	-	UL50	PC_12_8h	1351	9645	9645	9645	31.95705	31.95705	9645	9645	1		1	8h	PC_12	8	0	8593	9399	9399	8593	-246	0
LT934125.1	-	UL50	PK_15_12h	1349	9494	9499	9494	697.940504	601.830664	9494	9499	6		6	12h	PK_15	12	1349	8593	9399	9399	8593	-95	1349
LT934125.1	-	UL50	PK_15_12h	1350	9590	9590	9590	36.613272	36.613272	9590	9590	1		1	12h	PK_15	12	0	8593	9399	9399	8593	-191	0
LT934125.1	-	UL50	PK_15_1h	1348	9457	9457	9457	2923.976608	2923.976608	9457	9457	1		1	1h	PK_15	1	1348	8593	9399	9399	8593	-58	1348
LT934125.1	-	UL50	PK_15_2h	1348	9451	9451	9451	362.056481	362.056481	9451	9451	1		1	2h	PK_15	2	0	8593	9399	9399	8593	-52	1348
LT934125.1	-	UL50	PK_15_2h	1349	9489	9497	9494	8689.355541	6517.016655	9493	9495	3		9	2h	PK_15	2	1349	8593	9399	9399	8593	-95	0
LT934125.1	-	UL50	PK_15_4h	1348	9403	9403	9403	40.594301	40.594301	9403	9403	1		1	4h	PK_15	4	0	8593	9399	9399	8593	-4	1348
LT934125.1	-	UL50	PK_15_4h	1349	9494	9499	9494	6089.145084	5317.853373	9494	9498	5		6	4h	PK_15	4	1349	8593	9399	9399	8593	-95	0
LT934125.1	-	UL50	PK_15_4h	1350	9590	9595	9590	121.782902	81.188601	9590	9595	6		6	4h	PK_15	4	0	8593	9399	9399	8593	-191	0
LT934125.1	-	UL50	PK_15_6h	1349	9494	9499	9494	2750.022177	2387.116025	9494	9498	5		6	6h	PK_15	6	1349	8593	9399	9399	8593	-95	1349
LT934125.1	-	UL50	PK_15_6h	1350	9590	9590	9590	24.193743	24.193743	9590	9590	1		1	6h	PK_15	6	0	8593	9399	9399	8593	-191	0
LT934125.1	-	UL50	PK_15_8h	1349	9494	9499	9494	2021.938693	1771.937596	9494	9499	6		6	8h	PK_15	8	1349	8593	9399	9399	8593	-95	1349
LT934125.1	-	UL50	PK_15_8h	1350	9590	9592	9590	35.087874	17.543937	9590	9592	3		3	8h	PK_15	8	0	8593	9399	9399	8593	-191	0
LT934125.1	-	UL52	C6_12h	1330	7758	7758	7758	83.922539	83.922539	7758	7758	1		1	12h	C6	12	1330	4854	7742	7742	4854	-16	1330
LT934125.1	-	UL52	C6_2h	1330	7758	7758	7758	1239.157373	1239.157373	7758	7758	1		1	2h	C6	2	1330	4854	7742	7742	4854	-16	1330
LT934125.1	-	UL52	C6_6h	1330	7758	7758	7758	86.244071	86.244071	7758	7758	1		1	6h	C6	6	1330	4854	7742	7742	4854	-16	1330
LT934125.1	-	UL52	C6_8h	1330	7758	7758	7758	32.2841	32.2841	7758	7758	1		1	8h	C6	8	1330	4854	7742	7742	4854	-16	1330
LT934125.1	-	UL52	NRK_6h	1330	7758	7758	7758	134.535181	134.535181	7758	7758	1		1	6h	NRK	6	1330	4854	7742	7742	4854	-16	1330
LT934125.1	-	UL52	NRK_8h	1330	7758	7758	7758	163.371998	163.371998	7758	7758	1		1	8h	NRK	8	1330	4854	7742	7742	4854	-16	1330
LT934125.1	-	UL52	PC_12_12h	1330	7758	7758	7758	34.128062	34.128062	7758	7758	1		1	12h	PC_12	12	1330	4854	7742	7742	4854	-16	1330
LT934125.1	-	UL52	PC_12_6h	1330	7758	7758	7758	53.302063	53.302063	7758	7758	1		1	6h	PC_12	6	1330	4854	7742	7742	4854	-16	1330
LT934125.1	-	UL52	PC_12_8h	1330	7758	7758	7758	159.785249	159.785249	7758	7758	1		1	8h	PC_12	8	1330	4854	7742	7742	4854	-16	1330
LT934125.1	-	UL52	PC_12_8h	1331	7924	7924	7924	31.95705	31.95705	7924	7924	1		1	8h	PC_12	8	0	4854	7742	7742	4854	-182	0
LT934125.1	-	UL52	PK_15_1h	1330	7758	7758	7758	2923.976608	2923.976608	7758	7758	1		1	1h	PK_15	1	1330	4854	7742	7742	4854	-16	1330
LT934125.1	-	UL52	PK_15_2h	1330	7758	7758	7758	362.056481	362.056481	7758	7758	1		1	2h	PK_15	2	1330	4854	7742	7742	4854	-16	1330
LT934125.1	-	UL52	PK_15_4h	1330	7758	7767	7767	121.782902	81.188601	7758	7767	10		10	4h	PK_15	4	1330	4854	7742	7742	4854	-25	1330
LT934125.1	-	UL52	PK_15_6h	1330	7758	7758	7758	24.193743	24.193743	7758	7758	1		1	6h	PK_15	6	1330	4854	7742	7742	4854	-16	1330
LT934125.1	-	UL52	PK_15_8h	1330	7758	7758	7758	48.245826	48.245826	7758	7758	1		1	8h	PK_15	8	1330	4854	7742	7742	4854	-16	1330
LT934125.1	-	UL53	C6_12h	1311	4925	4926	4925	251.767619	202.812804	4925	4926	2	UL52	2	12h	C6	12	1311	3961	4899	4899	3961	-26	1311
LT934125.1	-	UL53	C6_6h	1311	4923	4927	4925	603.708496	258.732212	4923	4927	5	UL52	5	6h	C6	6	1311	3961	4899	4899	3961	-26	1311
LT934125.1	-	UL53	C6_8h	1311	4925	4926	4926	96.8523	64.5682	4925	4926	2	UL52	2	8h	C6	8	1311	3961	4899	4899	3961	-27	1311
LT934125.1	-	UL53	NRK_12h	1311	4924	4928	4925	197.173252	107.549047	4925	4928	4	UL52	5	12h	NRK	12	1311	3961	4899	4899	3961	-26	1311
LT934125.1	-	UL53	NRK_4h	1311	4924	4924	4924	586.85446	586.85446	4924	4924	1	UL52	1	4h	NRK	4	1311	3961	4899	4899	3961	-25	1311
LT934125.1	-	UL53	NRK_6h	1311	4919	4925	4925	672.675905	403.605543	4919	4925	7	UL52	7	6h	NRK	6	1311	3961	4899	4899	3961	-26	1311
LT934125.1	-	UL53	NRK_8h	1311	4923	4926	4925	571.801993	326.743996	4923	4926	4	UL52	4	8h	NRK	8	1311	3961	4899	4899	3961	-26	1311
LT934125.1	-	UL53	PC_12_12h	1311	4924	4925	4925	81.907349	61.430512	4924	4925	2	UL52	2	12h	PC_12	12	1311	3961	4899	4899	3961	-26	1311
LT934125.1	-	UL53	PC_12_4h	1311	4927	4927	4927	100.38145	100.38145	4927	4927	1	UL52	1	4h	PC_12	4	1311	3961	4899	4899	3961	-28	1311
LT934125.1	-	UL53	PC_12_6h	1311	4924	4925	4925	186.557219	159.906188	4924	4925	2	UL52	2	6h	PC_12	6	1311	3961	4899	4899	3961	-26	1311
LT934125.1	-	UL53	PC_12_8h	1311	4924	4926	4925	255.656398	159.785249	4924	4926	3	UL52	3	8h	PC_12	8	1311	3961	4899	4899	3961	-26	1311
LT934125.1	-	UL53	PK_15_12h	1311	4923	4926	4925	180.778032	100.686499	4924	4926	3	UL52	4	12h	PK_15	12	1311	3961	4899	4899	3961	-26	1311
LT934125.1	-	UL53	PK_15_2h	1311	4925	4925	4925	362.056481	362.056481	4925	4925	1	UL52	1	2h	PK_15	2	1311	3961	4899	4899	3961	-26	1311
LT934125.1	-	UL53	PK_15_4h	1311	4924	4928	4925	284.160105	162.377202	4924	4928	5	UL52	5	4h	PK_15	4	1311	3961	4899	4899	3961	-26	1311
LT934125.1	-	UL53	PK_15_6h	1311	4924	4926	4925	354.841571	241.937435	4924	4926	3	UL52	3	6h	PK_15	6	1311	3961	4899	4899	3961	-26	1311
LT934125.1	-	UL53	PK_15_8h	1311	4914	4928	4925	394.738573	228.071176	4923	4926	4	UL52	15	8h	PK_15	8	1311	3961	4899	4899	3961	-26	1311
LT934125.1	-	UL54	C6_12h	1297	3903	3912	3910	720.335131	335.690158	3908	3911	4		10	12h	C6	12	1297	2797	3882	3882	2797	-28	1297
LT934125.1	-	UL54	C6_1h	1297	3908	3910	3908	12326.656394	6163.328197	3908	3910	3		3	1h	C6	1	1297	2797	3882	3882	2797	-26	1297
LT934125.1	-	UL54	C6_2h	1297	3908	3912	3908	2478.314746	1239.157373	3908	3912	5		5	2h	C6	2	1297	2797	3882	3882	2797	-26	1297
LT934125.1	-	UL54	C6_4h	1297	3908	3912	3910	3152.916448	2101.944298	3908	3912	5		5	4h	C6	4	1297	2797	3882	3882	2797	-28	1297
LT934125.1	-	UL54	C6_6h	1297	3905	3912	3910	3880.983183	2242.345839	3908	3911	4		8	6h	C6	6	1297	2797	3882	3882	2797	-28	1297
LT934125.1	-	UL54	C6_8h	1297	3905	3912	3910	1581.920903	613.397902	3907	3912	6		8	8h	C6	8	1297	2797	3882	3882	2797	-28	1297
LT934125.1	-	UL54	NRK_12h	1297	3903	3912	3910	896.242056	501.895552	3908	3911	4		10	12h	NRK	12	1297	2797	3882	3882	2797	-28	1297
LT934125.1	-	UL54	NRK_2h	1297	3910	3910	3910	6472.491909	6472.491909	3910	3910	1		1	2h	NRK	2	1297	2797	3882	3882	2797	-28	1297
LT934125.1	-	UL54	NRK_4h	1297	3910	3911	3910	1173.70892	586.85446	3910	3911	2		2	4h	NRK	4	1297	2797	3882	3882	2797	-28	1297
LT934125.1	-	UL54	NRK_6h	1297	3907	3912	3910	1345.35181	807.211086	3908	3910	3		6	6h	NRK	6	1297	2797	3882	3882	2797	-28	1297
LT934125.1	-	UL54	NRK_8h	1297	3899	3912	3910	1715.405979	571.801993	3903	3912	10		14	8h	NRK	8	1297	2797	3882	3882	2797	-28	1297
LT934125.1	-	UL54	PC_12_1.5h	1297	3908	3914	3910	22123.893806	17699.115044	3908	3914	7		7	1.5h	PC_12	1.5	1297	2797	3882	3882	2797	-28	1297
LT934125.1	-	UL54	PC_12_12h	1297	3908	3912	3910	327.629396	177.465923	3908	3912	5		5	12h	PC_12	12	1297	2797	3882	3882	2797	-28	1297
LT934125.1	-	UL54	PC_12_1h	1297	3908	3911	3911	8908.685968	4454.342984	3908	3911	4		4	1h	PC_12	1	1297	2797	3882	3882	2797	-29	1297
LT934125.1	-	UL54	PC_12_2.5h	1297	3905	3911	3910	9622.50185	5181.34715	3907	3910	4		7	2.5h	PC_12	2.5	1297	2797	3882	3882	2797	-28	1297
LT934125.1	-	UL54	PC_12_2h	1297	3902	3912	3910	8005.336894	4002.668446	3903	3911	9		11	2h	PC_12	2	1297	2797	3882	3882	2797	-28	1297
LT934125.1	-	UL54	PC_12_4h	1297	3905	3912	3911	1606.103194	602.288697	3908	3912	5		8	4h	PC_12	4	1297	2797	3882	3882	2797	-29	1297
LT934125.1	-	UL54	PC_12_6h	1297	3898	3912	3908	1332.551569	426.416502	3908	3912	5		15	6h	PC_12	6	1297	2797	3882	3882	2797	-26	1297
LT934125.1	-	UL54	PC_12_8h	1297	3903	3917	3910	1086.539691	639.140995	3909	3911	3		15	8h	PC_12	8	1297	2797	3882	3882	2797	-28	1297
LT934125.1	-	UL54	PK_15_12h	1297	3908	3912	3910	102.974828	43.478261	3908	3912	5		5	12h	PK_15	12	1297	2797	3882	3882	2797	-28	1297
LT934125.1	-	UL54	PK_15_2h	1297	3905	3911	3910	8327.299059	5068.790731	3906	3910	5		7	2h	PK_15	2	1297	2797	3882	3882	2797	-28	1297
LT934125.1	-	UL54	PK_15_4h	1297	3905	3912	3910	1989.120728	1014.857514	3908	3911	4		8	4h	PK_15	4	1297	2797	3882	3882	2797	-28	1297
LT934125.1	-	UL54	PK_15_6h	1297	3908	3912	3910	983.878902	459.681126	3908	3912	5		5	6h	PK_15	6	1297	2797	3882	3882	2797	-28	1297
LT934125.1	-	UL54	PK_15_8h	1297	3903	3912	3910	662.283606	359.6507	3908	3911	4		10	8h	PK_15	8	1297	2797	3882	3882	2797	-28	1297
LT934125.1	-	UL6	C6_12h	2065	89078	89081	89079	867.199574	755.302855	89079	89079	1		4	12h	C6	12	2065	86993	88924	88924	86993	-155	2065
LT934125.1	-	UL6	C6_12h	2066	89153	89156	89153	132.877354	111.896719	89153	89156	4		4	12h	C6	12	0	86993	88924	88924	86993	-229	0
LT934125.1	-	UL6	C6_4h	2065	89079	89079	89079	525.486075	525.486075	89079	89079	1		1	4h	C6	4	2065	86993	88924	88924	86993	-155	2065
LT934125.1	-	UL6	C6_6h	2065	89073	89079	89079	344.976283	258.732212	89073	89079	7		7	6h	C6	6	2065	86993	88924	88924	86993	-155	2065
LT934125.1	-	UL6	C6_6h	2066	89153	89165	89153	344.976283	172.488141	89153	89165	13		13	6h	C6	6	2066	86993	88924	88924	86993	-229	0
LT934125.1	-	UL6	C6_8h	2065	89079	89079	89079	677.966102	677.966102	89079	89079	1		1	8h	C6	8	2065	86993	88924	88924	86993	-155	2065
LT934125.1	-	UL6	C6_8h	2066	89152	89165	89153	225.9887	96.8523	89152	89165	14		14	8h	C6	8	0	86993	88924	88924	86993	-229	0
LT934125.1	-	UL6	NRK_12h	2065	89079	89079	89079	170.285991	170.285991	89079	89079	1		1	12h	NRK	12	2065	86993	88924	88924	86993	-155	2065
LT934125.1	-	UL6	NRK_12h	2066	89153	89153	89153	26.887262	26.887262	89153	89153	1		1	12h	NRK	12	0	86993	88924	88924	86993	-229	0
LT934125.1	-	UL6	NRK_6h	2065	89079	89079	89079	269.070362	269.070362	89079	89079	1		1	6h	NRK	6	2065	86993	88924	88924	86993	-155	2065
LT934125.1	-	UL6	NRK_8h	2065	89077	89081	89079	571.801993	408.429995	89077	89081	5		5	8h	NRK	8	2065	86993	88924	88924	86993	-155	2065
LT934125.1	-	UL6	NRK_8h	2066	89153	89153	89153	81.685999	81.685999	89153	89153	1		1	8h	NRK	8	0	86993	88924	88924	86993	-229	0
LT934125.1	-	UL6	PC_12_12h	2065	89079	89079	89079	177.465923	177.465923	89079	89079	1		1	12h	PC_12	12	2065	86993	88924	88924	86993	-155	2065
LT934125.1	-	UL6	PC_12_1h	2065	89079	89079	89079	2227.171492	2227.171492	89079	89079	1		1	1h	PC_12	1	2065	86993	88924	88924	86993	-155	2065
LT934125.1	-	UL6	PC_12_2h	2066	89152	89152	89152	667.111408	667.111408	89152	89152	1		1	2h	PC_12	2	2066	86993	88924	88924	86993	-228	2066
LT934125.1	-	UL6	PC_12_6h	2065	89078	89081	89079	293.161345	239.859283	89079	89079	1		4	6h	PC_12	6	2065	86993	88924	88924	86993	-155	2065
LT934125.1	-	UL6	PC_12_6h	2066	89150	89162	89162	186.55722	106.604126	89150	89162	13		13	6h	PC_12	6	0	86993	88924	88924	86993	-238	0
LT934125.1	-	UL6	PC_12_8h	2065	89078	89081	89079	287.613447	191.742298	89078	89081	4		4	8h	PC_12	8	2065	86993	88924	88924	86993	-155	2065
LT934125.1	-	UL6	PC_12_8h	2066	89153	89153	89153	63.914099	63.914099	89153	89153	1		1	8h	PC_12	8	0	86993	88924	88924	86993	-229	0
LT934125.1	-	UL6	PK_15_12h	2065	89079	89079	89079	189.93135	189.93135	89079	89079	1		1	12h	PK_15	12	2065	86993	88924	88924	86993	-155	2065
LT934125.1	-	UL6	PK_15_4h	2065	89078	89079	89079	243.565804	202.971503	89078	89079	2		2	4h	PK_15	4	2065	86993	88924	88924	86993	-155	2065
LT934125.1	-	UL6	PK_15_4h	2066	89145	89153	89145	121.782903	40.594301	89145	89153	9		9	4h	PK_15	4	0	86993	88924	88924	86993	-221	0
LT934125.1	-	UL6	PK_15_6h	2065	89079	89079	89079	209.67911	209.67911	89079	89079	1		1	6h	PK_15	6	2065	86993	88924	88924	86993	-155	2065
LT934125.1	-	UL6	PK_15_6h	2066	89153	89162	89162	40.322905	24.193743	89153	89162	10		10	6h	PK_15	6	0	86993	88924	88924	86993	-238	0
LT934125.1	-	UL6	PK_15_8h	2065	89078	89079	89079	377.194637	346.492748	89079	89079	1		2	8h	PK_15	8	2065	86993	88924	88924	86993	-155	2065
LT934125.1	-	UL6	PK_15_8h	2066	89150	89153	89153	57.017793	43.859841	89150	89153	4		4	8h	PK_15	8	0	86993	88924	88924	86993	-229	0
LT934125.1	-	UL7	C6_12h	2037	87157	87161	87161	2335.844016	1881.263594	87157	87161	5	UL6	5	12h	C6	12	2037	86302	87102	87102	86302	-59	2037
LT934125.1	-	UL7	C6_1h	2037	87157	87161	87161	4622.496148	3081.664099	87157	87161	5	UL6	5	1h	C6	1	2037	86302	87102	87102	86302	-59	2037
LT934125.1	-	UL7	C6_2h	2037	87161	87161	87161	2478.314746	2478.314746	87161	87161	1	UL6	1	2h	C6	2	2037	86302	87102	87102	86302	-59	2037
LT934125.1	-	UL7	C6_4h	2037	87157	87161	87161	4203.888597	2627.430373	87157	87161	5	UL6	5	4h	C6	4	2037	86302	87102	87102	86302	-59	2037
LT934125.1	-	UL7	C6_6h	2037	87157	87161	87161	2501.078051	2156.101768	87157	87161	5	UL6	5	6h	C6	6	2037	86302	87102	87102	86302	-59	2037
LT934125.1	-	UL7	C6_8h	2037	87157	87161	87161	2195.318805	1678.773204	87157	87161	5	UL6	5	8h	C6	8	2037	86302	87102	87102	86302	-59	2037
LT934125.1	-	UL7	NRK_12h	2037	87157	87163	87161	3047.222994	2482.590498	87157	87161	5	UL6	7	12h	NRK	12	2037	86302	87102	87102	86302	-59	2037
LT934125.1	-	UL7	NRK_2h	2037	87161	87161	87161	3236.245955	3236.245955	87161	87161	1	UL6	1	2h	NRK	2	2037	86302	87102	87102	86302	-59	2037
LT934125.1	-	UL7	NRK_4h	2037	87158	87161	87161	3521.12676	2934.2723	87158	87161	4	UL6	4	4h	NRK	4	2037	86302	87102	87102	86302	-59	2037
LT934125.1	-	UL7	NRK_6h	2037	87157	87161	87161	1748.957353	941.746267	87157	87161	5	UL6	5	6h	NRK	6	2037	86302	87102	87102	86302	-59	2037
LT934125.1	-	UL7	NRK_8h	2037	87157	87170	87161	5881.391929	4737.787943	87157	87161	5	UL6	14	8h	NRK	8	2037	86302	87102	87102	86302	-59	2037
LT934125.1	-	UL7	PC_12_12h	2037	87157	87163	87161	1726.879944	1228.610237	87157	87161	5	UL6	7	12h	PC_12	12	2037	86302	87102	87102	86302	-59	2037
LT934125.1	-	UL7	PC_12_2.5h	2037	87157	87161	87161	2220.57735	1480.3849	87157	87161	5	UL6	5	2.5h	PC_12	2.5	2037	86302	87102	87102	86302	-59	2037
LT934125.1	-	UL7	PC_12_2h	2037	87157	87161	87157	2668.445631	2001.334223	87157	87161	5	UL6	5	2h	PC_12	2	2037	86302	87102	87102	86302	-55	2037
LT934125.1	-	UL7	PC_12_4h	2037	87157	87161	87161	3312.587834	2409.154788	87157	87161	5	UL6	5	4h	PC_12	4	2037	86302	87102	87102	86302	-59	2037
LT934125.1	-	UL7	PC_12_6h	2037	87157	87163	87161	2345.290763	1599.061884	87157	87161	5	UL6	7	6h	PC_12	6	2037	86302	87102	87102	86302	-59	2037
LT934125.1	-	UL7	PC_12_8h	2037	87157	87163	87161	1981.337084	1565.895437	87157	87161	5	UL6	7	8h	PC_12	8	2037	86302	87102	87102	86302	-59	2037
LT934125.1	-	UL7	PK_15_12h	2037	87157	87161	87161	958.810068	819.221968	87157	87161	5	UL6	5	12h	PK_15	12	2037	86302	87102	87102	86302	-59	2037
LT934125.1	-	UL7	PK_15_2h	2037	87161	87161	87161	724.112962	724.112962	87161	87161	1	UL6	1	2h	PK_15	2	2037	86302	87102	87102	86302	-59	2037
LT934125.1	-	UL7	PK_15_4h	2037	87157	87163	87161	2476.252335	1989.120727	87157	87161	5	UL6	7	4h	PK_15	4	2037	86302	87102	87102	86302	-59	2037
LT934125.1	-	UL7	PK_15_6h	2037	87157	87161	87161	991.943483	758.07063	87157	87161	5	UL6	5	6h	PK_15	6	2037	86302	87102	87102	86302	-59	2037
LT934125.1	-	UL7	PK_15_8h	2037	87157	87163	87161	1504.392561	1162.285799	87157	87161	5	UL6	7	8h	PK_15	8	2037	86302	87102	87102	86302	-59	2037
LT934125.1	-	US1_2	C6_12h	2413	128173	128173	128173	27.97418	27.97418	128173	128173	1		1	12h	C6	12	2413	126886	127977	127977	126886	-196	2413
LT934125.1	-	US1_2	C6_6h	2413	128177	128177	128177	86.244071	86.244071	128177	128177	1		1	6h	C6	6	2413	126886	127977	127977	126886	-200	2413
LT934125.1	-	US1_2	C6_8h	2413	128114	128186	128114	129.1364	32.2841	128114	128186	73		73	8h	C6	8	2413	126886	127977	127977	126886	-137	2413
LT934125.1	-	US1_2	NRK_2h	2414	128209	128253	128209	6472.49191	3236.245955	128209	128253	45		45	2h	NRK	2	2414	126886	127977	127977	126886	-232	2414
LT934125.1	-	US1_2	NRK_8h	2413	128155	128155	128155	81.685999	81.685999	128155	128155	1		1	8h	NRK	8	2413	126886	127977	127977	126886	-178	2413
LT934125.1	-	US1_2	PC_12_12h	2411	127992	127992	127992	20.476837	20.476837	127992	127992	1		1	12h	PC_12	12	2411	126886	127977	127977	126886	-15	2411
LT934125.1	-	US1_2	PC_12_1h	2412	128068	128068	128068	2227.171492	2227.171492	128068	128068	1		1	1h	PC_12	1	2412	126886	127977	127977	126886	-91	2412
LT934125.1	-	US1_2	PC_12_4h	2413	128144	128144	128144	100.38145	100.38145	128144	128144	1		1	4h	PC_12	4	2413	126886	127977	127977	126886	-167	2413
LT934125.1	-	US1_2	PC_12_4h	2414	128219	128219	128219	100.38145	100.38145	128219	128219	1		1	4h	PC_12	4	2414	126886	127977	127977	126886	-242	0
LT934125.1	-	US1_2	PC_12_6h	2412	128065	128068	128065	53.302062	26.651031	128065	128068	4		4	6h	PC_12	6	0	126886	127977	127977	126886	-88	2412
LT934125.1	-	US1_2	PC_12_6h	2413	128144	128155	128155	106.604125	53.302063	128144	128155	12		12	6h	PC_12	6	2413	126886	127977	127977	126886	-178	0
LT934125.1	-	US1_2	PC_12_8h	2413	128115	128161	128115	63.9141	31.95705	128115	128161	47		47	8h	PC_12	8	2413	126886	127977	127977	126886	-138	2413
LT934125.1	-	US1_2	PK_15_12h	2413	128181	128181	128181	11.441648	11.441648	128181	128181	1		1	12h	PK_15	12	2413	126886	127977	127977	126886	-204	2413
LT934125.1	-	US1_2	PK_15_2h	2413	128181	128181	128181	362.056481	362.056481	128181	128181	1		1	2h	PK_15	2	2413	126886	127977	127977	126886	-204	2413
LT934125.1	-	US1_2	PK_15_4h	2411	128012	128012	128012	40.594301	40.594301	128012	128012	1		1	4h	PK_15	4	2411	126886	127977	127977	126886	-35	2411
LT934125.1	-	US1_2	PK_15_4h	2413	128122	128122	128122	40.594301	40.594301	128122	128122	1		1	4h	PK_15	4	2413	126886	127977	127977	126886	-145	0
LT934125.1	-	US1_2	PK_15_6h	2413	128155	128155	128155	48.387487	48.387487	128155	128155	1		1	6h	PK_15	6	2413	126886	127977	127977	126886	-178	2413
LT934125.1	-	US1_2	PK_15_8h	2413	128155	128155	128155	21.929921	21.929921	128155	128155	1		1	8h	PK_15	8	2413	126886	127977	127977	126886	-178	2413
