hpi	cell_line	cluster_start	cluster_end	seqnames	strand	cluster_width	cluster_peak	cluster_total_count	meta_cluster
12h	C6	242	242	LT934125.1	+	1	242	32.2841	1
12h	PK_15	623	623	LT934125.1	+	1	623	40.594301	2
12h	PC_12	641	641	LT934125.1	+	1	641	26.651031	3
12h	C6	643	643	LT934125.1	+	1	643	86.244071	4
12h	C6	646	646	LT934125.1	+	1	646	64.5682	5
12h	PC_12	771	782	LT934125.1	+	12	779	453.067533	6
12h	C6	779	782	LT934125.1	+	4	779	265.754709	6
12h	C6	779	779	LT934125.1	+	1	779	525.486075	6
12h	C6	779	779	LT934125.1	+	1	779	86.244071	6
12h	C6	779	782	LT934125.1	+	4	779	290.556901	6
12h	NRK	779	779	LT934125.1	+	1	779	3236.245955	6
12h	PC_12	779	779	LT934125.1	+	1	779	136.512249	6
12h	PC_12	779	782	LT934125.1	+	4	779	602.288698	6
12h	PC_12	779	781	LT934125.1	+	3	779	313.499279	6
12h	PK_15	779	779	LT934125.1	+	1	779	20.594966	6
12h	PK_15	779	782	LT934125.1	+	4	779	284.160104	6
12h	PK_15	779	782	LT934125.1	+	4	779	185.485366	6
12h	PK_15	779	782	LT934125.1	+	4	779	127.19354	6
12h	C6	878	878	LT934125.1	+	1	878	1172.332943	7
12h	C6	952	1007	LT934125.1	+	56	990	2163.034703	8
12h	PC_12	959	994	LT934125.1	+	36	990	2212.035604	8
12h	C6	960	997	LT934125.1	+	38	990	6123.329021	8
12h	PC_12	960	994	LT934125.1	+	35	990	2409.154791	8
12h	C6	965	990	LT934125.1	+	26	990	2363.818196	8
12h	PC_12	978	1001	LT934125.1	+	24	990	1755.595963	8
12h	PK_15	978	993	LT934125.1	+	16	990	771.291712	8
12h	C6	982	990	LT934125.1	+	9	990	8933.263269	8
12h	PK_15	982	994	LT934125.1	+	13	990	1048.395551	8
12h	PK_15	982	994	LT934125.1	+	13	990	1131.583911	8
12h	PC_12	986	990	LT934125.1	+	5	990	1023.841865	8
12h	PK_15	986	992	LT934125.1	+	7	990	881.006865	8
12h	NRK	987	987	LT934125.1	+	1	987	3236.245955	8
12h	PC_12_2.5h	987	990	LT934125.1	+	4	990	2220.57735	8
12h	C6	990	990	LT934125.1	+	1	990	1540.832049	8
12h	C6	990	990	LT934125.1	+	1	990	3516.998828	8
12h	PC_12_1.5h	990	990	LT934125.1	+	1	990	2212.389381	8
12h	PC_12	990	990	LT934125.1	+	1	990	1334.222815	8
12h	PC_12	1122	1122	LT934125.1	+	1	1122	26.651031	9
12h	PC_12	1167	1167	LT934125.1	+	1	1167	31.349928	10
12h	C6	1221	1221	LT934125.1	+	1	1221	1172.332943	11
12h	PC_12	1290	1351	LT934125.1	+	62	1337	6289.643407	12
12h	C6	1292	1369	LT934125.1	+	78	1337	4552.05811	12
12h	PK_15	1305	1369	LT934125.1	+	65	1337	8321.831618	12
12h	C6	1314	1396	LT934125.1	+	83	1337	6554.549377	12
12h	PC_12	1325	1412	LT934125.1	+	88	1337	3040.943008	12
12h	PK_15	1331	1351	LT934125.1	+	21	1334	20275.162927	12
12h	C6	1332	1337	LT934125.1	+	6	1337	16949.152543	12
12h	PK_15	1332	1369	LT934125.1	+	38	1337	3032.282516	12
12h	PC_12_2.5h	1333	1358	LT934125.1	+	26	1337	19985.19615	12
12h	C6	1334	1351	LT934125.1	+	18	1337	1433.676717	12
12h	C6	1334	1351	LT934125.1	+	18	1337	17584.99414	12
12h	C6	1334	1351	LT934125.1	+	18	1334	6305.832897	12
12h	NRK	1334	1339	LT934125.1	+	6	1337	16181.229774	12
12h	PC_12_1.5h	1334	1345	LT934125.1	+	12	1337	26548.672568	12
12h	PC_12	1334	1369	LT934125.1	+	36	1337	703.03808	12
12h	PC_12	1334	1339	LT934125.1	+	6	1337	24498.886414	12
12h	PC_12	1334	1393	LT934125.1	+	60	1334	22014.676452	12
12h	PC_12	1334	1352	LT934125.1	+	19	1337	6424.412771	12
12h	PK_15	1334	1337	LT934125.1	+	4	1337	80.091533	12
12h	PK_15	1334	1375	LT934125.1	+	42	1337	1504.392562	12
12h	PK_15	1335	1337	LT934125.1	+	3	1337	8771.929824	12
12h	NRK	1337	1339	LT934125.1	+	3	1337	40404.040404	12
12h	C6	1583	1604	LT934125.1	+	22	1600	3363.518758	13
12h	PC_12_2.5h	1583	1600	LT934125.1	+	18	1600	2960.7698	13
12h	PC_12	1588	1604	LT934125.1	+	17	1600	3730.641421	13
12h	C6	1590	1605	LT934125.1	+	16	1600	1840.193704	13
12h	PC_12	1590	1604	LT934125.1	+	15	1600	2545.953436	13
12h	PC_12	1590	1607	LT934125.1	+	18	1600	4184.211929	13
12h	C6	1593	1603	LT934125.1	+	11	1600	4203.888598	13
12h	PC_12	1595	1604	LT934125.1	+	10	1600	4015.257982	13
12h	C6	1600	1604	LT934125.1	+	5	1600	1951.199044	13
12h	PC_12	1600	1600	LT934125.1	+	1	1600	1334.222815	13
12h	PK_15	1600	1607	LT934125.1	+	8	1600	1558.352403	13
12h	PK_15	1600	1604	LT934125.1	+	5	1600	1086.169443	13
12h	PK_15	1600	1604	LT934125.1	+	5	1600	893.074612	13
12h	PK_15	1600	1604	LT934125.1	+	5	1600	1088.718457	13
12h	PK_15	1600	1607	LT934125.1	+	8	1600	1530.708468	13
12h	PC_12	1712	1844	LT934125.1	+	133	1712	301.14435	14
12h	PK_15	1712	1717	LT934125.1	+	6	1712	724.112962	14
12h	PK_15	1716	1910	LT934125.1	+	195	1716	243.565806	14
12h	C6	1720	1720	LT934125.1	+	1	1720	1172.332943	14
12h	C6	1728	1745	LT934125.1	+	18	1728	172.488142	14
12h	C6	1759	1836	LT934125.1	+	78	1770	258.2728	14
12h	PC_12	1790	2099	LT934125.1	+	310	1869	1316.696976	14
12h	PC_12_2.5h	1815	1815	LT934125.1	+	1	1815	740.19245	14
12h	PK_15	1815	1815	LT934125.1	+	1	1815	11.441648	14
12h	PK_15	1815	1892	LT934125.1	+	78	1821	185.485365	14
12h	PK_15	1851	1851	LT934125.1	+	1	1851	21.929921	14
12h	NRK	1869	1869	LT934125.1	+	1	1869	3236.245955	14
12h	C6	1880	1892	LT934125.1	+	13	1880	41.96127	14
12h	PC_12	1908	1934	LT934125.1	+	27	1908	1334.222816	14
12h	PK_15	1912	1912	LT934125.1	+	1	1912	2923.976608	14
12h	PC_12	1934	1934	LT934125.1	+	1	1934	20.476837	14
12h	PC_12	1934	1979	LT934125.1	+	46	1934	133.255156	14
12h	C6	2001	2001	LT934125.1	+	1	2001	525.486075	14
12h	PK_15	2001	2153	LT934125.1	+	153	2010	137.097878	14
12h	PK_15	2010	2078	LT934125.1	+	69	2057	324.754406	14
12h	PC_12	2057	2057	LT934125.1	+	1	2057	667.111408	14
12h	NRK	2060	2060	LT934125.1	+	1	2060	10101.010101	14
12h	PK_15	2099	2099	LT934125.1	+	1	2099	17.543937	14
12h	PC_12	2119	2119	LT934125.1	+	1	2119	100.38145	14
12h	C6	2153	2153	LT934125.1	+	1	2153	20.980635	14
12h	PC_12	2164	2164	LT934125.1	+	1	2164	2227.171492	15
12h	C6	2732	2732	LT934125.1	+	1	2732	86.244071	16
12h	C6	2792	2792	LT934125.1	+	1	2792	32.2841	17
12h	PC_12	2854	2854	LT934125.1	+	1	2854	31.349928	18
12h	PC_12	3132	3132	LT934125.1	+	1	3132	31.349928	19
12h	PC_12	3218	3218	LT934125.1	+	1	3218	26.651031	20
12h	C6	3244	3244	LT934125.1	+	1	3244	86.244071	21
12h	C6	3372	3372	LT934125.1	+	1	3372	525.486075	22
12h	PC_12	3434	3434	LT934125.1	+	1	3434	26.651031	23
12h	C6	3487	3487	LT934125.1	+	1	3487	32.2841	24
12h	C6	3705	3705	LT934125.1	+	1	3705	1172.332943	25
12h	C6	4057	4057	LT934125.1	+	1	4057	86.244071	26
12h	PC_12	4335	4335	LT934125.1	+	1	4335	31.349928	27
12h	PC_12	4483	4483	LT934125.1	+	1	4483	26.651031	28
12h	C6	4502	4502	LT934125.1	+	1	4502	32.2841	29
12h	C6	4632	4635	LT934125.1	+	4	4632	55.94836	30
12h	PC_12	4632	4632	LT934125.1	+	1	4632	31.349928	30
12h	C6	4635	4637	LT934125.1	+	3	4635	64.5682	30
12h	PC_12	4825	4825	LT934125.1	+	1	4825	26.651031	31
12h	C6	5102	5102	LT934125.1	+	1	5102	32.2841	32
12h	PC_12	5484	5484	LT934125.1	+	1	5484	31.349928	33
12h	PC_12	5504	5504	LT934125.1	+	1	5504	26.651031	34
12h	PC_12	6021	6021	LT934125.1	+	1	6021	100.38145	35
12h	C6	6022	6022	LT934125.1	+	1	6022	86.244071	36
12h	PC_12	6023	6023	LT934125.1	+	1	6023	31.349928	37
12h	PK_15	6024	6024	LT934125.1	+	1	6024	40.594301	38
12h	PC_12	6030	6030	LT934125.1	+	1	6030	26.651031	39
12h	PC_12	6663	6663	LT934125.1	+	1	6663	26.651031	40
12h	PC_12	6669	6669	LT934125.1	+	1	6669	31.349928	41
12h	C6	6812	6812	LT934125.1	+	1	6812	86.244071	42
12h	PC_12	6813	6813	LT934125.1	+	1	6813	26.651031	43
12h	PC_12	6840	6864	LT934125.1	+	25	6840	62.699856	44
12h	PC_12	6885	6885	LT934125.1	+	1	6885	100.38145	45
12h	PK_15	6887	6891	LT934125.1	+	5	6887	81.188602	46
12h	PK_15	6887	6887	LT934125.1	+	1	6887	16.129162	46
12h	C6	6912	6912	LT934125.1	+	1	6912	32.2841	47
12h	PC_12	6995	6995	LT934125.1	+	1	6995	31.349928	48
12h	PC_12	6996	7021	LT934125.1	+	26	6996	200.7629	49
12h	PC_12	7184	7184	LT934125.1	+	1	7184	26.651031	50
12h	PC_12	7187	7187	LT934125.1	+	1	7187	100.38145	51
12h	C6	7238	7238	LT934125.1	+	1	7238	32.2841	52
12h	PC_12_2.5h	7346	7346	LT934125.1	+	1	7346	740.19245	53
12h	PC_12	7419	7419	LT934125.1	+	1	7419	31.349928	54
12h	PC_12	7564	7596	LT934125.1	+	33	7588	3731.144395	55
12h	C6	7569	7596	LT934125.1	+	28	7588	2678.527718	55
12h	C6	7584	7594	LT934125.1	+	11	7588	3906.376109	55
12h	PC_12	7587	7596	LT934125.1	+	10	7588	1679.100658	55
12h	PC_12	7587	7596	LT934125.1	+	10	7588	4918.691027	55
12h	PK_15	7587	7599	LT934125.1	+	13	7588	11041.649751	55
12h	PK_15	7587	7596	LT934125.1	+	10	7588	4532.294615	55
12h	PK_15	7587	7596	LT934125.1	+	10	7588	2907.907492	55
12h	C6	7588	7594	LT934125.1	+	7	7588	4622.496147	55
12h	C6	7588	7591	LT934125.1	+	4	7591	3516.998828	55
12h	C6	7588	7596	LT934125.1	+	9	7591	4729.374672	55
12h	C6	7588	7596	LT934125.1	+	9	7588	3363.518759	55
12h	PC_12	7588	7591	LT934125.1	+	4	7588	4454.342984	55
12h	PC_12_2.5h	7588	7591	LT934125.1	+	4	7588	1480.3849	55
12h	PC_12	7588	7595	LT934125.1	+	8	7591	4669.779853	55
12h	PC_12	7588	7596	LT934125.1	+	9	7588	2664.743872	55
12h	PK_15	7588	7596	LT934125.1	+	9	7588	718.53547	55
12h	PK_15	7589	7594	LT934125.1	+	6	7591	2172.338885	55
12h	PC_12_1.5h	7591	7591	LT934125.1	+	1	7591	4424.778761	55
12h	PK_15	7591	7591	LT934125.1	+	1	7591	2923.976608	55
12h	NRK	7592	7592	LT934125.1	+	1	7592	3236.245955	55
12h	C6	7698	7698	LT934125.1	+	1	7698	86.244071	56
12h	C6	7788	7836	LT934125.1	+	49	7811	322.841001	57
12h	PC_12	7810	7895	LT934125.1	+	86	7811	426.416499	57
12h	C6	7811	7811	LT934125.1	+	1	7811	118.890264	57
12h	C6	7811	7811	LT934125.1	+	1	7811	1172.332943	57
12h	C6	7811	7813	LT934125.1	+	3	7811	258.732212	57
12h	PC_12	7811	7811	LT934125.1	+	1	7811	75.081737	57
12h	PC_12	7811	7811	LT934125.1	+	1	7811	667.111408	57
12h	PC_12	7811	7814	LT934125.1	+	4	7811	702.670147	57
12h	PC_12	7811	7811	LT934125.1	+	1	7811	219.449495	57
12h	PK_15	7811	7811	LT934125.1	+	1	7811	16.018307	57
12h	PK_15	7811	7811	LT934125.1	+	1	7811	724.112962	57
12h	PK_15	7811	7834	LT934125.1	+	24	7811	527.725909	57
12h	PK_15	7811	7813	LT934125.1	+	3	7811	193.549948	57
12h	PK_15	7811	7811	LT934125.1	+	1	7811	92.105667	57
12h	C6	7858	7858	LT934125.1	+	1	7858	1540.832049	57
12h	PK_15	7955	7955	LT934125.1	+	1	7955	40.594301	58
12h	PC_12	8001	8001	LT934125.1	+	1	8001	100.38145	59
12h	PC_12	8055	8055	LT934125.1	+	1	8055	53.302063	60
12h	PC_12	8089	8089	LT934125.1	+	1	8089	31.349928	61
12h	C6	8094	8094	LT934125.1	+	1	8094	525.486075	62
12h	C6	8148	8148	LT934125.1	+	1	8148	86.244071	63
12h	PK_15	8148	8148	LT934125.1	+	1	8148	40.594301	63
12h	PK_15	8184	8184	LT934125.1	+	1	8184	16.129162	64
12h	PK_15	8324	8324	LT934125.1	+	1	8324	2923.976608	65
12h	PC_12	8346	8346	LT934125.1	+	1	8346	26.651031	66
12h	PC_12	8346	8346	LT934125.1	+	1	8346	31.349928	66
12h	PK_15	8346	8346	LT934125.1	+	1	8346	16.129162	66
12h	C6	8433	8433	LT934125.1	+	1	8433	32.2841	67
12h	PC_12	8438	8438	LT934125.1	+	1	8438	2227.171492	68
12h	C6	8439	8439	LT934125.1	+	1	8439	86.244071	69
12h	PK_15	8518	8518	LT934125.1	+	1	8518	40.594301	70
12h	PC_12	8526	8526	LT934125.1	+	1	8526	26.651031	71
12h	PC_12	8529	8540	LT934125.1	+	12	8529	94.049784	72
12h	PK_15	8531	8531	LT934125.1	+	1	8531	17.543937	72
12h	PC_12	8792	8792	LT934125.1	+	1	8792	26.651031	73
12h	C6	8877	8902	LT934125.1	+	26	8877	96.8523	74
12h	C6	8882	8903	LT934125.1	+	22	8882	172.488142	74
12h	PC_12	8882	8902	LT934125.1	+	21	8882	200.7629	74
12h	PC_12	8902	8902	LT934125.1	+	1	8902	53.302063	74
12h	PK_15	9098	9113	LT934125.1	+	16	9113	1420.80052	75
12h	PK_15	9106	9114	LT934125.1	+	9	9113	8789.473684	75
12h	C6	9107	9114	LT934125.1	+	8	9113	8567.092574	75
12h	C6	9107	9113	LT934125.1	+	7	9113	2101.944299	75
12h	C6	9107	9145	LT934125.1	+	39	9113	2587.322123	75
12h	C6	9107	9114	LT934125.1	+	8	9113	3292.978207	75
12h	PC_12	9107	9114	LT934125.1	+	8	9113	6689.10018	75
12h	PC_12	9107	9113	LT934125.1	+	7	9113	2810.680587	75
12h	PC_12	9107	9113	LT934125.1	+	7	9113	3811.097489	75
12h	PC_12	9107	9114	LT934125.1	+	8	9113	4733.839114	75
12h	PK_15	9107	9115	LT934125.1	+	9	9113	2661.311783	75
12h	PK_15	9107	9114	LT934125.1	+	8	9113	3513.173303	75
12h	PK_15	9113	9113	LT934125.1	+	1	9113	1086.169442	75
12h	PC_12	9263	9272	LT934125.1	+	10	9270	13135.619787	76
12h	PK_15	9266	9274	LT934125.1	+	9	9270	25209.060648	76
12h	C6	9267	9270	LT934125.1	+	4	9270	12301.645581	76
12h	C6	9267	9272	LT934125.1	+	6	9270	24653.312788	76
12h	C6	9267	9270	LT934125.1	+	4	9270	21101.992966	76
12h	C6	9267	9274	LT934125.1	+	8	9270	9458.749345	76
12h	C6	9267	9272	LT934125.1	+	6	9270	13367.830961	76
12h	C6	9267	9272	LT934125.1	+	6	9270	14366.424537	76
12h	NRK	9267	9270	LT934125.1	+	4	9270	19417.475729	76
12h	PC_12_1.5h	9267	9274	LT934125.1	+	8	9270	26548.672568	76
12h	PC_12	9267	9270	LT934125.1	+	4	9270	10477.315077	76
12h	PC_12_2.5h	9267	9278	LT934125.1	+	12	9270	28867.505551	76
12h	PC_12	9267	9274	LT934125.1	+	8	9270	26684.456305	76
12h	PC_12	9267	9272	LT934125.1	+	6	9270	12648.062639	76
12h	PC_12	9267	9272	LT934125.1	+	6	9270	14338.254891	76
12h	PK_15	9267	9270	LT934125.1	+	4	9270	12171.624714	76
12h	PK_15	9267	9272	LT934125.1	+	6	9270	25343.953656	76
12h	PK_15	9267	9274	LT934125.1	+	8	9270	11024.282453	76
12h	PK_15	9267	9272	LT934125.1	+	6	9270	11153.557691	76
12h	NRK	9270	9270	LT934125.1	+	1	9270	20202.020202	76
12h	PC_12	9270	9270	LT934125.1	+	1	9270	22271.714922	76
12h	PK_15	9270	9273	LT934125.1	+	4	9270	8771.929824	76
12h	C6	9385	9477	LT934125.1	+	93	9412	225.9887	77
12h	C6	9444	9448	LT934125.1	+	5	9444	172.488142	77
12h	C6	9548	9550	LT934125.1	+	3	9548	4622.496148	78
12h	NRK	9548	9548	LT934125.1	+	1	9548	20202.020202	78
12h	PC_12	9548	9699	LT934125.1	+	152	9644	5037.044931	78
12h	PK_15	9638	9742	LT934125.1	+	105	9643	6819.842498	78
12h	C6	9640	9650	LT934125.1	+	11	9646	6189.287286	78
12h	C6	9640	9668	LT934125.1	+	29	9646	4053.471323	78
12h	C6	9640	9791	LT934125.1	+	152	9646	4907.18321	78
12h	PC_12	9640	9650	LT934125.1	+	11	9643	5399.05943	78
12h	PC_12_2.5h	9640	9650	LT934125.1	+	11	9644	8882.3094	78
12h	PC_12	9640	9676	LT934125.1	+	37	9644	3613.732186	78
12h	PC_12	9640	9650	LT934125.1	+	11	9646	5705.686878	78
12h	PK_15	9640	9679	LT934125.1	+	40	9646	7508.009155	78
12h	PK_15	9640	9704	LT934125.1	+	65	9643	5048.427807	78
12h	PK_15	9640	9650	LT934125.1	+	11	9646	6513.186462	78
12h	C6	9643	9648	LT934125.1	+	6	9644	4689.331771	78
12h	C6	9643	9646	LT934125.1	+	4	9646	3678.402522	78
12h	PK_15	9643	9647	LT934125.1	+	5	9646	3620.564808	78
12h	PC_12	9644	9653	LT934125.1	+	10	9644	4669.779854	78
12h	NRK	9646	9647	LT934125.1	+	2	9646	9708.737864	78
12h	PC_12_1.5h	9704	9704	LT934125.1	+	1	9704	2212.389381	78
12h	PC_12	9742	9890	LT934125.1	+	149	9742	564.298704	78
12h	PK_15	9771	9861	LT934125.1	+	91	9817	169.336387	78
12h	PK_15	9772	9772	LT934125.1	+	1	9772	362.056481	78
12h	PC_12_2.5h	9782	9782	LT934125.1	+	1	9782	1480.3849	78
12h	C6	9827	9861	LT934125.1	+	35	9861	161.4205	78
12h	PC_12	9852	9930	LT934125.1	+	79	9919	186.557219	78
12h	PC_12	9862	9862	LT934125.1	+	1	9862	667.111408	78
12h	PK_15	9896	9930	LT934125.1	+	35	9930	89.244851	78
12h	PK_15	9896	9930	LT934125.1	+	35	9930	88.710392	78
12h	PK_15	9896	9930	LT934125.1	+	35	9919	78.947715	78
12h	PC_12	9919	9919	LT934125.1	+	1	9919	27.30245	78
12h	PC_12	9935	9979	LT934125.1	+	45	9979	250.799424	79
12h	C6	9965	10044	LT934125.1	+	80	9977	225.9887	79
12h	PK_15	9989	9989	LT934125.1	+	1	9989	81.188601	79
12h	PC_12	10035	10218	LT934125.1	+	184	10119	1253.99712	79
12h	PK_15	10035	10161	LT934125.1	+	127	10075	419.358216	79
12h	C6	10046	10089	LT934125.1	+	44	10075	118.890265	79
12h	PC_12	10046	10121	LT934125.1	+	76	10075	238.896434	79
12h	PK_15	10046	10161	LT934125.1	+	116	10075	382.151031	79
12h	PK_15	10046	10124	LT934125.1	+	79	10103	202.971504	79
12h	PK_15	10046	10156	LT934125.1	+	111	10103	232.457161	79
12h	C6	10056	10060	LT934125.1	+	5	10056	172.488142	79
12h	PK_15	10061	10061	LT934125.1	+	1	10061	362.056481	79
12h	C6	10091	10091	LT934125.1	+	1	10091	525.486075	79
12h	PC_12	10103	10106	LT934125.1	+	4	10103	301.144349	79
12h	NRK	10120	10120	LT934125.1	+	1	10120	3236.245955	79
12h	PC_12_2.5h	10132	10132	LT934125.1	+	1	10132	740.19245	79
12h	PC_12	10156	10156	LT934125.1	+	1	10156	667.111408	79
12h	C6	10218	10343	LT934125.1	+	126	10252	355.1251	79
12h	PC_12	10247	10283	LT934125.1	+	37	10247	301.14435	79
12h	C6	10248	10248	LT934125.1	+	1	10248	86.244071	79
12h	C6	10252	10252	LT934125.1	+	1	10252	48.954815	79
12h	PC_12	10252	10280	LT934125.1	+	29	10252	143.337861	79
12h	PC_12	10252	10327	LT934125.1	+	76	10252	344.849208	79
12h	PK_15	10252	10252	LT934125.1	+	1	10252	100.686499	79
12h	PK_15	10252	10271	LT934125.1	+	20	10252	64.516649	79
12h	PK_15	10252	10271	LT934125.1	+	20	10252	57.017793	79
12h	C6	10430	10438	LT934125.1	+	9	10431	548.829701	80
12h	PK_15	10430	10433	LT934125.1	+	4	10431	572.585262	80
12h	C6	10431	10435	LT934125.1	+	5	10431	1566.554071	80
12h	C6	10431	10431	LT934125.1	+	1	10431	1540.832049	80
12h	C6	10431	10433	LT934125.1	+	3	10431	776.196637	80
12h	PC_12	10431	10434	LT934125.1	+	4	10431	832.724716	80
12h	PC_12	10431	10431	LT934125.1	+	1	10431	200.762899	80
12h	PC_12	10431	10435	LT934125.1	+	5	10431	319.812376	80
12h	PC_12	10431	10434	LT934125.1	+	4	10431	909.147909	80
12h	PK_15	10431	10434	LT934125.1	+	4	10431	1320.366133	80
12h	PK_15	10431	10433	LT934125.1	+	3	10431	162.377203	80
12h	PK_15	10431	10435	LT934125.1	+	5	10431	1390.356975	80
12h	C6	10432	10432	LT934125.1	+	1	10432	525.486075	80
12h	PK_15	10667	10667	LT934125.1	+	1	10667	40.594301	81
12h	PK_15	10782	10782	LT934125.1	+	1	10782	40.594301	82
12h	C6	10882	10882	LT934125.1	+	1	10882	32.2841	83
12h	C6	11002	11002	LT934125.1	+	1	11002	32.2841	84
12h	PC_12	11002	11002	LT934125.1	+	1	11002	31.349928	84
12h	C6	11078	11078	LT934125.1	+	1	11078	86.244071	85
12h	PC_12	11166	11166	LT934125.1	+	1	11166	100.38145	86
12h	PC_12	11290	11319	LT934125.1	+	30	11290	62.699856	87
12h	PC_12	11321	11321	LT934125.1	+	1	11321	26.651031	88
12h	C6	11498	11498	LT934125.1	+	1	11498	86.244071	89
12h	C6	11788	11798	LT934125.1	+	11	11793	825.238305	90
12h	PC_12	11788	11795	LT934125.1	+	8	11794	250.799424	90
12h	PK_15	11788	11800	LT934125.1	+	13	11793	697.940505	90
12h	PK_15	11788	11798	LT934125.1	+	11	11793	543.862036	90
12h	C6	11789	11806	LT934125.1	+	18	11792	225.9887	90
12h	PC_12	11791	11798	LT934125.1	+	8	11793	546.048993	90
12h	PC_12	11791	11794	LT934125.1	+	4	11794	346.463409	90
12h	PK_15	11791	11826	LT934125.1	+	36	11792	387.099895	90
12h	PK_15	11792	11792	LT934125.1	+	1	11792	40.594301	90
12h	C6	11913	11913	LT934125.1	+	1	11913	86.244071	91
12h	C6	11919	11919	LT934125.1	+	1	11919	20.980635	92
12h	PK_15	11990	11990	LT934125.1	+	1	11990	13.157952	93
12h	PK_15	12015	12015	LT934125.1	+	1	12015	16.018307	94
12h	C6	12017	12017	LT934125.1	+	1	12017	86.244071	95
12h	C6	12039	12039	LT934125.1	+	1	12039	32.2841	96
12h	PC_12	12043	12043	LT934125.1	+	1	12043	31.349928	97
12h	PK_15	12043	12043	LT934125.1	+	1	12043	40.594301	97
12h	PC_12	12066	12066	LT934125.1	+	1	12066	27.30245	98
12h	PK_15	12097	12097	LT934125.1	+	1	12097	362.056481	99
12h	PK_15	12099	12099	LT934125.1	+	1	12099	16.129162	100
12h	PC_12	12127	12127	LT934125.1	+	1	12127	26.651031	101
12h	PK_15	12183	12183	LT934125.1	+	1	12183	40.594301	102
12h	C6	12196	12196	LT934125.1	+	1	12196	20.980635	103
12h	C6	12196	12196	LT934125.1	+	1	12196	86.244071	103
12h	PC_12	12208	12392	LT934125.1	+	185	12208	200.7629	104
12h	PK_15	12208	12208	LT934125.1	+	1	12208	13.157952	104
12h	PC_12	12242	12242	LT934125.1	+	1	12242	31.349928	104
12h	PC_12	12262	12425	LT934125.1	+	164	12262	53.302062	104
12h	PK_15	12297	12297	LT934125.1	+	1	12297	16.129162	104
12h	C6	12327	12327	LT934125.1	+	1	12327	32.2841	104
12h	C6	12604	12604	LT934125.1	+	1	12604	32.2841	105
12h	PC_12	12604	12604	LT934125.1	+	1	12604	31.349928	105
12h	PK_15	12604	12604	LT934125.1	+	1	12604	24.193743	105
12h	PC_12	12714	12714	LT934125.1	+	1	12714	20.476837	106
12h	PC_12	12744	12744	LT934125.1	+	1	12744	26.651031	107
12h	C6	12762	12762	LT934125.1	+	1	12762	525.486075	108
12h	PC_12	12770	12770	LT934125.1	+	1	12770	31.349928	109
12h	PK_15	12770	12770	LT934125.1	+	1	12770	16.129162	109
12h	C6	12800	12800	LT934125.1	+	1	12800	86.244071	110
12h	PC_12	12834	12834	LT934125.1	+	1	12834	100.38145	111
12h	C6	12874	12874	LT934125.1	+	1	12874	32.2841	112
12h	PK_15	12891	12891	LT934125.1	+	1	12891	40.594301	113
12h	C6	12978	12978	LT934125.1	+	1	12978	86.244071	114
12h	C6	13035	13035	LT934125.1	+	1	13035	32.2841	115
12h	PK_15	13081	13081	LT934125.1	+	1	13081	16.129162	116
12h	PC_12	13104	13104	LT934125.1	+	1	13104	26.651031	117
12h	PC_12	13117	13117	LT934125.1	+	1	13117	20.476837	118
12h	PC_12	13175	13188	LT934125.1	+	14	13175	94.049784	119
12h	C6	13256	13263	LT934125.1	+	8	13256	172.488142	120
12h	PK_15	13256	13256	LT934125.1	+	1	13256	16.129162	120
12h	C6	13263	13373	LT934125.1	+	111	13263	64.5682	120
12h	PK_15	13263	13263	LT934125.1	+	1	13263	20.594966	120
12h	C6	13296	13458	LT934125.1	+	163	13296	48.954815	120
12h	PK_15	13300	13300	LT934125.1	+	1	13300	40.594301	120
12h	PK_15	13343	13343	LT934125.1	+	1	13343	362.056481	120
12h	PC_12	13392	13392	LT934125.1	+	1	13392	31.349928	120
12h	PC_12	13440	13440	LT934125.1	+	1	13440	667.111408	120
12h	C6	13455	13458	LT934125.1	+	4	13455	3081.664098	120
12h	PC_12	13458	13458	LT934125.1	+	1	13458	20.476837	120
12h	C6	13510	13510	LT934125.1	+	1	13510	32.2841	121
12h	C6	13521	13521	LT934125.1	+	1	13521	86.244071	122
12h	PK_15	13521	13521	LT934125.1	+	1	13521	17.543937	122
12h	PC_12	13539	13539	LT934125.1	+	1	13539	26.651031	123
12h	PK_15	13539	13539	LT934125.1	+	1	13539	16.129162	123
12h	PK_15	13569	13580	LT934125.1	+	12	13569	43.478261	124
12h	PC_12	13580	13580	LT934125.1	+	1	13580	31.349928	124
12h	PC_12	13697	13697	LT934125.1	+	1	13697	26.651031	125
12h	C6	13720	13720	LT934125.1	+	1	13720	86.244071	126
12h	PK_15	13764	13793	LT934125.1	+	30	13793	40.322905	127
12h	PC_12	13806	13810	LT934125.1	+	5	13806	62.699856	128
12h	PK_15	13855	13855	LT934125.1	+	1	13855	40.594301	129
12h	PC_12	13906	13906	LT934125.1	+	1	13906	20.476837	130
12h	C6	14016	14051	LT934125.1	+	36	14048	12203.389829	131
12h	C6	14022	14051	LT934125.1	+	30	14048	20612.332903	131
12h	PC_12	14040	14051	LT934125.1	+	12	14048	5454.887455	131
12h	C6	14042	14051	LT934125.1	+	10	14048	19043.422921	131
12h	PC_12	14042	14051	LT934125.1	+	10	14048	5399.059431	131
12h	PC_12	14042	14050	LT934125.1	+	9	14048	13451.114236	131
12h	PC_12	14042	14048	LT934125.1	+	7	14048	12632.58888	131
12h	PK_15	14042	14051	LT934125.1	+	10	14048	6974.828375	131
12h	PK_15	14042	14051	LT934125.1	+	10	14048	9133.717626	131
12h	PK_15	14042	14051	LT934125.1	+	10	14048	8153.291559	131
12h	PK_15	14042	14051	LT934125.1	+	10	14048	8403.54563	131
12h	C6	14044	14053	LT934125.1	+	10	14048	18392.012613	131
12h	PK_15	14047	14054	LT934125.1	+	8	14048	8689.355539	131
12h	C6	14048	14054	LT934125.1	+	7	14048	16949.152542	131
12h	C6	14048	14051	LT934125.1	+	4	14048	5861.664713	131
12h	NRK	14048	14049	LT934125.1	+	2	14048	30303.030303	131
12h	NRK	14048	14048	LT934125.1	+	1	14048	3236.245955	131
12h	PC_12_1.5h	14048	14048	LT934125.1	+	1	14048	6637.168142	131
12h	PC_12	14048	14048	LT934125.1	+	1	14048	4454.342984	131
12h	PC_12_2.5h	14048	14048	LT934125.1	+	1	14048	2220.57735	131
12h	PC_12	14048	14051	LT934125.1	+	4	14048	7338.225484	131
12h	PC_12	14212	14238	LT934125.1	+	27	14214	156.74964	132
12h	C6	14245	14245	LT934125.1	+	1	14245	32.2841	133
12h	C6	14352	14379	LT934125.1	+	28	14352	41.96127	134
12h	PK_15	14370	14370	LT934125.1	+	1	14370	16.018307	134
12h	PK_15	14370	14370	LT934125.1	+	1	14370	362.056481	134
12h	PK_15	14370	14370	LT934125.1	+	1	14370	24.193743	134
12h	C6	14435	14457	LT934125.1	+	23	14457	129.1364	135
12h	PK_15	14439	14439	LT934125.1	+	1	14439	40.594301	135
12h	PK_15	14439	14439	LT934125.1	+	1	14439	13.157952	135
12h	PC_12	14443	14443	LT934125.1	+	1	14443	100.38145	135
12h	C6	14457	14457	LT934125.1	+	1	14457	34.967725	135
12h	PC_12_2.5h	14520	14520	LT934125.1	+	1	14520	740.19245	136
12h	PK_15	14541	14560	LT934125.1	+	20	14560	50.34325	137
12h	PK_15	14541	14541	LT934125.1	+	1	14541	40.594301	137
12h	PK_15	14541	14586	LT934125.1	+	46	14541	64.516648	137
12h	PK_15	14541	14560	LT934125.1	+	20	14541	26.315904	137
12h	C6	14546	14560	LT934125.1	+	15	14560	69.93545	137
12h	PC_12	14613	14910	LT934125.1	+	298	14670	564.298704	138
12h	PC_12	14648	14724	LT934125.1	+	77	14670	186.557218	138
12h	C6	14664	14860	LT934125.1	+	197	14664	1050.97215	138
12h	C6	14670	14953	LT934125.1	+	284	14670	580.464234	138
12h	C6	14671	14671	LT934125.1	+	1	14671	1540.832049	138
12h	PC_12_2.5h	14694	14694	LT934125.1	+	1	14694	740.19245	138
12h	PC_12	14724	14910	LT934125.1	+	187	14910	170.64031	138
12h	PK_15	14724	14953	LT934125.1	+	230	14930	343.24943	138
12h	C6	14745	14753	LT934125.1	+	9	14745	172.488142	138
12h	PC_12	14782	14782	LT934125.1	+	1	14782	200.762899	138
12h	C6	14847	14847	LT934125.1	+	1	14847	64.5682	138
12h	PK_15	14853	14853	LT934125.1	+	1	14853	362.056481	138
12h	PK_15	14853	14859	LT934125.1	+	7	14853	48.245826	138
12h	PK_15	14859	14859	LT934125.1	+	1	14859	40.322906	138
12h	C6	15013	15306	LT934125.1	+	294	15030	807.1025	139
12h	PC_12	15039	15180	LT934125.1	+	142	15039	346.463405	139
12h	PK_15	15059	15059	LT934125.1	+	1	15059	40.594301	139
12h	C6	15099	15287	LT934125.1	+	189	15099	776.196637	139
12h	PC_12	15113	15287	LT934125.1	+	175	15287	204.768372	139
12h	PK_15	15136	15306	LT934125.1	+	171	15170	361.556064	139
12h	PK_15	15144	15180	LT934125.1	+	37	15170	78.947715	139
12h	PC_12	15153	15153	LT934125.1	+	1	15153	667.111408	139
12h	PK_15	15153	15153	LT934125.1	+	1	15153	362.056481	139
12h	PC_12	15162	15324	LT934125.1	+	163	15185	564.298704	139
12h	C6	15170	15287	LT934125.1	+	118	15170	426.606245	139
12h	PK_15	15170	15287	LT934125.1	+	118	15170	169.356204	139
12h	PC_12	15180	15200	LT934125.1	+	21	15200	301.144349	139
12h	PC_12_2.5h	15249	15249	LT934125.1	+	1	15249	740.19245	139
12h	C6	15344	15344	LT934125.1	+	1	15344	525.486075	140
12h	PK_15	15414	15414	LT934125.1	+	1	15414	362.056481	141
12h	PC_12	15429	15560	LT934125.1	+	132	15483	293.161342	142
12h	PK_15	15429	15434	LT934125.1	+	6	15434	56.452068	142
12h	PK_15	15434	15434	LT934125.1	+	1	15434	13.157952	142
12h	PC_12	15468	15495	LT934125.1	+	28	15468	75.081736	142
12h	PK_15	15477	15477	LT934125.1	+	1	15477	40.594301	142
12h	PC_12	15527	15527	LT934125.1	+	1	15527	100.38145	142
12h	C6	15528	15528	LT934125.1	+	1	15528	86.244071	142
12h	PK_15	15583	15892	LT934125.1	+	310	15836	1242.562928	143
12h	PC_12	15591	15597	LT934125.1	+	7	15597	79.953094	143
12h	PK_15	15591	15621	LT934125.1	+	31	15621	96.774973	143
12h	C6	15597	15655	LT934125.1	+	59	15618	181.83217	143
12h	C6	15615	15638	LT934125.1	+	24	15629	193.7046	143
12h	C6	15618	15618	LT934125.1	+	1	15618	1172.332943	143
12h	PK_15	15638	15646	LT934125.1	+	9	15638	81.188602	143
12h	PC_12	15639	15709	LT934125.1	+	71	15646	470.24892	143
12h	PC_12_0.5h	15646	15646	LT934125.1	+	1	15646	32258.064516	143
12h	PC_12	15655	15655	LT934125.1	+	1	15655	667.111408	143
12h	PK_15	15667	15667	LT934125.1	+	1	15667	362.056481	143
12h	C6	15675	15678	LT934125.1	+	4	15675	3081.664098	143
12h	C6	15675	15787	LT934125.1	+	113	15732	419.6933	143
12h	PC_12_1.5h	15678	15678	LT934125.1	+	1	15678	2212.389381	143
12h	PC_12	15709	15973	LT934125.1	+	265	15856	703.038078	143
12h	PK_15	15709	15751	LT934125.1	+	43	15750	114.035588	143
12h	C6	15748	15750	LT934125.1	+	3	15750	90.916085	143
12h	PC_12	15773	15890	LT934125.1	+	118	15836	783.7482	143
12h	PC_12_2.5h	15834	15834	LT934125.1	+	1	15834	740.19245	143
12h	C6	15836	15836	LT934125.1	+	1	15836	1172.332943	143
12h	PC_12	15838	15856	LT934125.1	+	19	15838	200.7629	143
12h	PC_12	15926	16128	LT934125.1	+	203	15926	971.847768	143
12h	C6	15962	15962	LT934125.1	+	1	15962	76.928995	143
12h	PK_15	16013	16013	LT934125.1	+	1	16013	362.056481	143
12h	PK_15	16013	16014	LT934125.1	+	2	16014	78.947715	143
12h	C6	16014	16038	LT934125.1	+	25	16014	258.732213	143
12h	NRK	16014	16014	LT934125.1	+	1	16014	3236.245955	143
12h	PK_15	16037	16052	LT934125.1	+	16	16037	81.188602	143
12h	PC_12	16052	16069	LT934125.1	+	18	16069	129.686636	143
12h	PC_12_2.5h	16052	16052	LT934125.1	+	1	16052	740.19245	143
12h	PK_15	16052	16078	LT934125.1	+	27	16052	153.318078	143
12h	PK_15	16052	16052	LT934125.1	+	1	16052	48.387487	143
12h	PC_12	16069	16069	LT934125.1	+	1	16069	667.111408	143
12h	PC_12	16093	16099	LT934125.1	+	7	16093	79.953094	143
12h	C6	16469	16469	LT934125.1	+	1	16469	32.2841	144
12h	PC_12	16489	16489	LT934125.1	+	1	16489	31.349928	145
12h	PC_12	17305	17323	LT934125.1	+	19	17305	62.699856	146
12h	PC_12	17333	17333	LT934125.1	+	1	17333	26.651031	147
12h	PC_12	17519	17519	LT934125.1	+	1	17519	31.349928	148
12h	PC_12	17644	17644	LT934125.1	+	1	17644	26.651031	149
12h	PC_12	17646	17647	LT934125.1	+	2	17646	62.699856	150
12h	PC_12	17647	17647	LT934125.1	+	1	17647	34.128062	150
12h	PC_12	17647	17647	LT934125.1	+	1	17647	100.38145	150
12h	PK_15	17647	17647	LT934125.1	+	1	17647	40.594301	150
12h	PK_15	17647	17647	LT934125.1	+	1	17647	13.157952	150
12h	PK_15	17914	17914	LT934125.1	+	1	17914	40.594301	151
12h	PC_12	18005	18005	LT934125.1	+	1	18005	31.349928	152
12h	PC_12	18534	18534	LT934125.1	+	1	18534	31.349928	153
12h	PC_12	18587	18587	LT934125.1	+	1	18587	26.651031	154
12h	PC_12	18758	18758	LT934125.1	+	1	18758	31.349928	155
12h	PC_12	18853	18870	LT934125.1	+	18	18853	54.6049	156
12h	PC_12	18870	18870	LT934125.1	+	1	18870	53.302063	156
12h	C6	18929	18929	LT934125.1	+	1	18929	32.2841	157
12h	PC_12	18987	18987	LT934125.1	+	1	18987	26.651031	158
12h	C6	19067	19084	LT934125.1	+	18	19067	96.8523	159
12h	C6	19079	19079	LT934125.1	+	1	19079	69.93545	159
12h	PC_12	19079	19079	LT934125.1	+	1	19079	34.128062	159
12h	PC_12	19079	19079	LT934125.1	+	1	19079	31.349928	159
12h	PK_15	19079	19079	LT934125.1	+	1	19079	13.729977	159
12h	PK_15	19079	19079	LT934125.1	+	1	19079	16.129162	159
12h	PK_15	19079	19079	LT934125.1	+	1	19079	17.543937	159
12h	PC_12	19137	19137	LT934125.1	+	1	19137	667.111408	160
12h	PC_12	19175	19175	LT934125.1	+	1	19175	26.651031	161
12h	PC_12	19447	19447	LT934125.1	+	1	19447	31.349928	162
12h	C6	19507	19507	LT934125.1	+	1	19507	20.980635	163
12h	PC_12	19666	19666	LT934125.1	+	1	19666	31.349928	164
12h	PK_15	19749	19749	LT934125.1	+	1	19749	40.594301	165
12h	C6	20988	20988	LT934125.1	+	1	20988	32.2841	166
12h	PK_15	21964	21964	LT934125.1	+	1	21964	362.056481	167
12h	PK_15	22420	22420	LT934125.1	+	1	22420	40.594301	168
12h	C6	22482	22482	LT934125.1	+	1	22482	32.2841	169
12h	PC_12	22683	22683	LT934125.1	+	1	22683	26.651031	170
12h	PK_15	22684	22687	LT934125.1	+	4	22684	81.188602	171
12h	PK_15	22684	22684	LT934125.1	+	1	22684	16.129162	171
12h	C6	22861	22861	LT934125.1	+	1	22861	86.244071	172
12h	PC_12	23530	23530	LT934125.1	+	1	23530	31.349928	173
12h	C6	23570	23570	LT934125.1	+	1	23570	86.244071	174
12h	PC_12	23768	23768	LT934125.1	+	1	23768	31.349928	175
12h	C6	24083	24083	LT934125.1	+	1	24083	86.244071	176
12h	PC_12	24227	24227	LT934125.1	+	1	24227	31.349928	177
12h	PC_12	24389	24389	LT934125.1	+	1	24389	26.651031	178
12h	C6	24413	24413	LT934125.1	+	1	24413	32.2841	179
12h	PC_12	24437	24437	LT934125.1	+	1	24437	62.699856	180
12h	PC_12	24766	24766	LT934125.1	+	1	24766	667.111408	181
12h	C6	24824	24824	LT934125.1	+	1	24824	27.97418	182
12h	PC_12	24824	24824	LT934125.1	+	1	24824	26.651031	182
12h	PK_15	24824	24824	LT934125.1	+	1	24824	40.594301	182
12h	PC_12	24830	24830	LT934125.1	+	1	24830	31.349928	183
12h	C6	25157	25168	LT934125.1	+	12	25157	62.941905	184
12h	C6	25157	25157	LT934125.1	+	1	25157	32.2841	184
12h	PC_12	25157	25157	LT934125.1	+	1	25157	79.953094	184
12h	PC_12	25157	25157	LT934125.1	+	1	25157	31.349928	184
12h	C6	25174	25174	LT934125.1	+	1	25174	86.244071	185
12h	C6	25419	25423	LT934125.1	+	5	25420	258.2728	186
12h	PC_12	25419	25420	LT934125.1	+	2	25420	213.208251	186
12h	PC_12	25419	25424	LT934125.1	+	6	25420	188.099568	186
12h	C6	25420	25422	LT934125.1	+	3	25420	90.916085	186
12h	C6	25420	25424	LT934125.1	+	5	25420	6163.328196	186
12h	C6	25420	25424	LT934125.1	+	5	25420	776.196637	186
12h	PC_12	25420	25426	LT934125.1	+	7	25420	2668.445631	186
12h	PC_12	25420	25422	LT934125.1	+	3	25420	301.144349	186
12h	PK_15	25420	25425	LT934125.1	+	6	25420	1086.169443	186
12h	PK_15	25420	25423	LT934125.1	+	4	25420	243.565804	186
12h	PK_15	25420	25422	LT934125.1	+	3	25420	64.516649	186
12h	PK_15	25420	25425	LT934125.1	+	6	25420	192.983302	186
12h	PC_12_1.5h	25422	25422	LT934125.1	+	1	25422	2212.389381	186
12h	PC_12	25422	25422	LT934125.1	+	1	25422	2227.171492	186
12h	PK_15	25715	25715	LT934125.1	+	1	25715	362.056481	187
12h	PC_12	25770	25770	LT934125.1	+	1	25770	100.38145	188
12h	C6	25820	25820	LT934125.1	+	1	25820	32.2841	189
12h	PK_15	25839	25839	LT934125.1	+	1	25839	17.543937	190
12h	C6	25840	25840	LT934125.1	+	1	25840	86.244071	191
12h	PK_15	25928	25928	LT934125.1	+	1	25928	362.056481	192
12h	C6	25990	25990	LT934125.1	+	1	25990	32.2841	193
12h	PC_12	25993	25993	LT934125.1	+	1	25993	53.302063	194
12h	PC_12	26001	26001	LT934125.1	+	1	26001	31.349928	195
12h	PC_12	26094	26094	LT934125.1	+	1	26094	26.651031	196
12h	C6	26135	26135	LT934125.1	+	1	26135	86.244071	197
12h	PK_15	26235	26235	LT934125.1	+	1	26235	40.594301	198
12h	PC_12	26292	26292	LT934125.1	+	1	26292	53.302063	199
12h	PC_12	26357	26389	LT934125.1	+	33	26357	125.399712	200
12h	PK_15	26362	26362	LT934125.1	+	1	26362	16.129162	200
12h	PK_15	26362	26362	LT934125.1	+	1	26362	13.157952	200
12h	C6	26366	26369	LT934125.1	+	4	26366	64.5682	200
12h	PK_15	26384	26384	LT934125.1	+	1	26384	40.594301	200
12h	C6	26486	26486	LT934125.1	+	1	26486	1540.832049	201
12h	C6	26520	26520	LT934125.1	+	1	26520	32.2841	202
12h	PK_15	26583	26583	LT934125.1	+	1	26583	362.056481	203
12h	C6	26706	26706	LT934125.1	+	1	26706	1540.832049	204
12h	C6	26706	26706	LT934125.1	+	1	26706	32.2841	204
12h	C6	26760	26760	LT934125.1	+	1	26760	525.486075	205
12h	PC_12	26760	26760	LT934125.1	+	1	26760	31.349928	205
12h	PK_15	26778	26802	LT934125.1	+	25	26778	81.188602	206
12h	PC_12	26882	26882	LT934125.1	+	1	26882	31.349928	207
12h	PC_12	26897	26948	LT934125.1	+	52	26930	159.906187	208
12h	PC_12	26924	26928	LT934125.1	+	5	26924	200.7629	208
12h	PC_12	27170	27182	LT934125.1	+	13	27170	53.302062	209
12h	C6	27224	27224	LT934125.1	+	1	27224	32.2841	210
12h	PC_12	27242	27242	LT934125.1	+	1	27242	31.349928	211
12h	C6	27447	27447	LT934125.1	+	1	27447	32.2841	212
12h	PC_12	27524	27536	LT934125.1	+	13	27524	53.302062	213
12h	PC_12	27536	27550	LT934125.1	+	15	27548	156.74964	213
12h	C6	27548	27548	LT934125.1	+	1	27548	27.97418	213
12h	C6	27548	27548	LT934125.1	+	1	27548	32.2841	213
12h	PC_12_2.5h	27612	27612	LT934125.1	+	1	27612	740.19245	214
12h	C6	27684	27684	LT934125.1	+	1	27684	86.244071	215
12h	PC_12	27775	27797	LT934125.1	+	23	27775	53.302062	216
12h	PC_12	27792	27792	LT934125.1	+	1	27792	667.111408	216
12h	PC_12	27792	27797	LT934125.1	+	6	27792	94.049784	216
12h	C6	27800	27911	LT934125.1	+	112	27800	64.5682	217
12h	PC_12_2.5h	27808	27808	LT934125.1	+	1	27808	740.19245	217
12h	PC_12	27833	27833	LT934125.1	+	1	27833	100.38145	217
12h	PK_15	27846	27846	LT934125.1	+	1	27846	13.729977	217
12h	PK_15	27846	27846	LT934125.1	+	1	27846	21.929921	217
12h	PK_15	27848	27848	LT934125.1	+	1	27848	40.594301	217
12h	C6	27867	27867	LT934125.1	+	1	27867	27.97418	217
12h	C6	27873	27873	LT934125.1	+	1	27873	86.244071	217
12h	PK_15	27976	27976	LT934125.1	+	1	27976	40.594301	218
12h	C6	28063	28063	LT934125.1	+	1	28063	32.2841	219
12h	PC_12	28152	28163	LT934125.1	+	12	28152	62.699856	220
12h	PK_15	28160	28160	LT934125.1	+	1	28160	32.258325	220
12h	PK_15	28191	28191	LT934125.1	+	1	28191	362.056481	221
12h	PC_12	28370	28383	LT934125.1	+	14	28370	53.302062	222
12h	C6	28386	28463	LT934125.1	+	78	28386	161.4205	223
12h	C6	28433	28433	LT934125.1	+	1	28433	86.244071	223
12h	PK_15	28446	28446	LT934125.1	+	1	28446	362.056481	223
12h	PC_12	28470	28470	LT934125.1	+	1	28470	31.349928	224
12h	PC_12	28472	28472	LT934125.1	+	1	28472	667.111408	225
12h	PK_15	28504	28504	LT934125.1	+	1	28504	16.129162	226
12h	PK_15	28511	28511	LT934125.1	+	1	28511	40.594301	227
12h	PC_12	28549	28549	LT934125.1	+	1	28549	27.30245	228
12h	PK_15	28625	28625	LT934125.1	+	1	28625	21.929921	229
12h	C6	28681	28681	LT934125.1	+	1	28681	86.244071	230
12h	C6	28746	28746	LT934125.1	+	1	28746	32.2841	231
12h	C6	28804	28804	LT934125.1	+	1	28804	86.244071	232
12h	C6	28905	28905	LT934125.1	+	1	28905	86.244071	233
12h	NRK	29100	29100	LT934125.1	+	1	29100	3236.245955	234
12h	C6	29124	29124	LT934125.1	+	1	29124	86.244071	235
12h	PC_12	29142	29160	LT934125.1	+	19	29142	79.953093	236
12h	C6	29160	29160	LT934125.1	+	1	29160	32.2841	236
12h	C6	29312	29312	LT934125.1	+	1	29312	86.244071	237
12h	C6	29338	29338	LT934125.1	+	1	29338	62.941905	238
12h	PK_15	29338	29338	LT934125.1	+	1	29338	24.193743	238
12h	PC_12	29460	29475	LT934125.1	+	16	29460	53.302062	239
12h	C6	29464	29468	LT934125.1	+	5	29468	132.877355	239
12h	PC_12	29464	29465	LT934125.1	+	2	29464	62.699856	239
12h	C6	29465	29473	LT934125.1	+	9	29465	258.732212	239
12h	PC_12	29465	29465	LT934125.1	+	1	29465	40.953675	239
12h	PK_15	29465	29465	LT934125.1	+	1	29465	22.883295	239
12h	PK_15	29465	29465	LT934125.1	+	1	29465	32.258325	239
12h	C6	29468	29468	LT934125.1	+	1	29468	525.486075	239
12h	PK_15	29468	29468	LT934125.1	+	1	29468	13.157952	239
12h	PC_12	29624	29624	LT934125.1	+	1	29624	31.349928	240
12h	PC_12	29638	29638	LT934125.1	+	1	29638	100.38145	241
12h	C6	29693	29693	LT934125.1	+	1	29693	32.2841	242
12h	PC_12	29974	29974	LT934125.1	+	1	29974	31.349928	243
12h	PC_12	29987	29987	LT934125.1	+	1	29987	100.38145	244
12h	PK_15	29990	29990	LT934125.1	+	1	29990	40.594301	245
12h	PC_12	30010	30010	LT934125.1	+	1	30010	26.651031	246
12h	C6	30026	30026	LT934125.1	+	1	30026	86.244071	247
12h	PC_12	30110	30110	LT934125.1	+	1	30110	26.651031	248
12h	PK_15	30126	30126	LT934125.1	+	1	30126	40.594301	249
12h	C6	30206	30206	LT934125.1	+	1	30206	525.486075	250
12h	PC_12	30209	30263	LT934125.1	+	55	30240	479.718564	251
12h	C6	30235	30244	LT934125.1	+	10	30240	853.212485	251
12h	C6	30235	30293	LT934125.1	+	59	30240	1724.881415	251
12h	C6	30235	30241	LT934125.1	+	7	30240	613.397901	251
12h	PC_12	30235	30242	LT934125.1	+	8	30240	313.978171	251
12h	PC_12	30235	30243	LT934125.1	+	9	30240	313.49928	251
12h	PK_15	30235	30241	LT934125.1	+	7	30240	228.832952	251
12h	PK_15	30235	30235	LT934125.1	+	1	30235	362.056481	251
12h	PK_15	30235	30240	LT934125.1	+	6	30240	193.549947	251
12h	PK_15	30235	30240	LT934125.1	+	6	30240	210.52724	251
12h	PK_15	30237	30237	LT934125.1	+	1	30237	40.594301	251
12h	C6	30240	30240	LT934125.1	+	1	30240	1540.832049	251
12h	PC_12	30240	30242	LT934125.1	+	3	30240	702.670147	251
12h	PC_12	30401	30401	LT934125.1	+	1	30401	26.651031	252
12h	C6	30443	30443	LT934125.1	+	1	30443	32.2841	253
12h	PC_12	30447	30447	LT934125.1	+	1	30447	31.349928	254
12h	C6	30480	30480	LT934125.1	+	1	30480	86.244071	255
12h	C6	30646	30646	LT934125.1	+	1	30646	32.2841	256
12h	PC_12	30659	30722	LT934125.1	+	64	30659	159.906186	257
12h	PC_12	30663	30663	LT934125.1	+	1	30663	62.699856	257
12h	C6	30684	30684	LT934125.1	+	1	30684	20.980635	257
12h	PC_12	30684	30704	LT934125.1	+	21	30684	301.14435	257
12h	C6	30686	30686	LT934125.1	+	1	30686	172.488141	257
12h	PK_15	30704	30715	LT934125.1	+	12	30704	32.258324	257
12h	C6	30832	30844	LT934125.1	+	13	30832	172.488142	258
12h	C6	30843	30851	LT934125.1	+	9	30843	129.1364	258
12h	C6	30932	30932	LT934125.1	+	1	30932	146.864444	259
12h	C6	30932	30932	LT934125.1	+	1	30932	1540.832049	259
12h	PC_12	30932	30932	LT934125.1	+	1	30932	81.907349	259
12h	PC_12	30932	30938	LT934125.1	+	7	30932	501.907248	259
12h	PC_12	30932	30938	LT934125.1	+	7	30932	159.906188	259
12h	PC_12	30932	30938	LT934125.1	+	7	30932	250.799423	259
12h	PK_15	30932	30938	LT934125.1	+	7	30932	93.821511	259
12h	PK_15	30932	30932	LT934125.1	+	1	30932	40.594301	259
12h	PK_15	30932	30932	LT934125.1	+	1	30932	48.387487	259
12h	PK_15	30932	30932	LT934125.1	+	1	30932	39.473857	259
12h	PC_12	30935	30935	LT934125.1	+	1	30935	667.111408	259
12h	PC_12_2.5h	31089	31116	LT934125.1	+	28	31098	17024.426351	260
12h	PC_12	31089	31099	LT934125.1	+	11	31098	11033.526997	260
12h	C6	31090	31099	LT934125.1	+	10	31098	11977.401129	260
12h	PK_15	31090	31098	LT934125.1	+	9	31098	15791.182919	260
12h	PC_12	31091	31099	LT934125.1	+	9	31098	11881.622673	260
12h	PK_15	31091	31099	LT934125.1	+	9	31098	7822.64373	260
12h	C6	31093	31098	LT934125.1	+	6	31098	16889.411074	260
12h	C6	31093	31101	LT934125.1	+	9	31098	15868.909012	260
12h	PC_12	31093	31098	LT934125.1	+	6	31098	7931.361641	260
12h	PC_12	31093	31101	LT934125.1	+	9	31098	11242.722345	260
12h	PK_15	31093	31098	LT934125.1	+	6	31098	9864.988559	260
12h	PK_15	31093	31099	LT934125.1	+	7	31098	10526.361958	260
12h	C6	31095	31098	LT934125.1	+	4	31098	17866.526538	260
12h	PC_12	31095	31098	LT934125.1	+	4	31098	22681.787859	260
12h	C6	31096	31098	LT934125.1	+	3	31096	12326.656394	260
12h	PK_15	31096	31104	LT934125.1	+	9	31098	7965.242579	260
12h	C6	31097	31098	LT934125.1	+	2	31098	4689.331771	260
12h	NRK	31097	31097	LT934125.1	+	1	31097	10101.010101	260
12h	NRK	31097	31098	LT934125.1	+	2	31098	22653.721683	260
12h	PC_12_1.5h	31098	31098	LT934125.1	+	1	31098	13274.336283	260
12h	PC_12	31098	31098	LT934125.1	+	1	31098	6681.514477	260
12h	PK_15	31204	31204	LT934125.1	+	1	31204	362.056481	261
12h	C6	31281	31295	LT934125.1	+	15	31281	172.488142	262
12h	PK_15	31348	31474	LT934125.1	+	127	31349	129.033298	263
12h	PK_15	31349	31507	LT934125.1	+	159	31507	83.333698	263
12h	C6	31357	31381	LT934125.1	+	25	31357	96.8523	263
12h	PC_12	31357	31528	LT934125.1	+	172	31357	102.384185	263
12h	C6	31363	31507	LT934125.1	+	145	31507	62.941905	263
12h	PC_12	31369	31410	LT934125.1	+	42	31410	125.399712	263
12h	PC_12_2.5h	31378	31378	LT934125.1	+	1	31378	740.19245	263
12h	PK_15	31410	31410	LT934125.1	+	1	31410	81.188601	263
12h	PC_12	31452	31452	LT934125.1	+	1	31452	100.38145	263
12h	PK_15	31453	31474	LT934125.1	+	22	31474	34.324943	263
12h	PC_12	31474	31475	LT934125.1	+	2	31474	106.604126	263
12h	C6	31488	31488	LT934125.1	+	1	31488	1172.332943	263
12h	C6	31507	31507	LT934125.1	+	1	31507	86.244071	263
12h	PC_12	31527	31527	LT934125.1	+	1	31527	667.111408	263
12h	PC_12	31573	31601	LT934125.1	+	29	31583	159.906187	264
12h	C6	31601	31601	LT934125.1	+	1	31601	525.486075	264
12h	PK_15	31609	31609	LT934125.1	+	1	31609	11.441648	265
12h	PC_12_2.5h	31633	31633	LT934125.1	+	1	31633	740.19245	266
12h	PC_12	31636	31714	LT934125.1	+	79	31675	344.849208	267
12h	PK_15	31660	31660	LT934125.1	+	1	31660	40.594301	267
12h	PC_12	31666	31666	LT934125.1	+	1	31666	100.38145	267
12h	C6	31678	31690	LT934125.1	+	13	31678	69.93545	267
12h	C6	31726	31790	LT934125.1	+	65	31726	258.2728	268
12h	C6	31795	31795	LT934125.1	+	1	31795	86.244071	269
12h	C6	31841	31859	LT934125.1	+	19	31859	129.1364	270
12h	PK_15	31843	31870	LT934125.1	+	28	31859	120.968716	270
12h	PC_12	31847	31859	LT934125.1	+	13	31859	136.512248	270
12h	PC_12	31847	31863	LT934125.1	+	17	31847	106.604125	270
12h	PK_15	31847	31870	LT934125.1	+	24	31859	263.157895	270
12h	PK_15	31847	31870	LT934125.1	+	24	31859	192.983303	270
12h	C6	31859	31859	LT934125.1	+	1	31859	146.864444	270
12h	PC_12	31930	31930	LT934125.1	+	1	31930	2227.171492	271
12h	PK_15	31930	31930	LT934125.1	+	1	31930	162.377202	271
12h	PK_15	31973	32039	LT934125.1	+	67	32038	82084.668192	272
12h	PK_15	31973	32040	LT934125.1	+	68	32038	62478.344201	272
12h	C6	31994	32040	LT934125.1	+	47	32038	78061.948822	272
12h	C6	31994	32040	LT934125.1	+	47	32038	47941.888621	272
12h	PK_15	31994	32039	LT934125.1	+	46	32038	25777.380858	272
12h	PC_12	32005	32041	LT934125.1	+	37	32036	37657.907361	272
12h	PK_15	32007	32040	LT934125.1	+	34	32038	49750.401212	272
12h	PC_12	32016	32039	LT934125.1	+	24	32038	96439.077996	272
12h	PC_12	32016	32040	LT934125.1	+	25	32038	67339.645119	272
12h	C6	32028	32040	LT934125.1	+	13	32038	21992.238035	272
12h	PC_12	32028	32042	LT934125.1	+	15	32036	21782.774544	272
12h	C6	32036	32036	LT934125.1	+	1	32036	1540.832049	272
12h	C6	32036	32038	LT934125.1	+	3	32036	2344.665886	272
12h	C6	32036	32039	LT934125.1	+	4	32036	15239.096165	272
12h	NRK	32036	32036	LT934125.1	+	1	32036	3236.245955	272
12h	PC_12_1.5h	32036	32036	LT934125.1	+	1	32036	2212.389381	272
12h	PC_12_2.5h	32036	32038	LT934125.1	+	3	32038	11843.0792	272
12h	PC_12	32036	32041	LT934125.1	+	6	32036	6004.002669	272
12h	PK_15	32036	32046	LT934125.1	+	11	32038	19551.049965	272
12h	PC_12	32137	32200	LT934125.1	+	64	32200	293.161343	273
12h	C6	32140	32214	LT934125.1	+	75	32167	944.128572	273
12h	C6	32140	32194	LT934125.1	+	55	32145	548.8297	273
12h	PK_15	32140	32272	LT934125.1	+	133	32161	695.652177	273
12h	PK_15	32145	32281	LT934125.1	+	137	32173	736.845334	273
12h	PC_12	32154	32322	LT934125.1	+	169	32167	1975.045462	273
12h	PC_12	32167	32200	LT934125.1	+	34	32167	401.525799	273
12h	C6	32194	32194	LT934125.1	+	1	32194	525.486075	273
12h	PC_12	32203	32203	LT934125.1	+	1	32203	2227.171492	273
12h	C6	32266	32329	LT934125.1	+	64	32269	484.2615	273
12h	PK_15	32266	32294	LT934125.1	+	29	32266	1086.169443	273
12h	PC_12	32269	32269	LT934125.1	+	1	32269	667.111408	273
12h	C6	32286	32286	LT934125.1	+	1	32286	1172.332943	273
12h	C6	32307	32307	LT934125.1	+	1	32307	86.244071	273
12h	C6	32309	32309	LT934125.1	+	1	32309	525.486075	273
12h	C6	32421	32421	LT934125.1	+	1	32421	86.244071	274
12h	PC_12	32767	32767	LT934125.1	+	1	32767	31.349928	275
12h	PC_12	32984	32984	LT934125.1	+	1	32984	26.651031	276
12h	PC_12	33084	33092	LT934125.1	+	9	33084	53.302062	277
12h	C6	33088	33088	LT934125.1	+	1	33088	34.967725	277
12h	PK_15	33153	33153	LT934125.1	+	1	33153	40.594301	278
12h	PC_12	33181	33181	LT934125.1	+	1	33181	31.349928	279
12h	C6	33300	33300	LT934125.1	+	1	33300	32.2841	280
12h	NRK	33301	33301	LT934125.1	+	1	33301	3236.245955	281
12h	PC_12	33357	33385	LT934125.1	+	29	33357	79.953093	282
12h	PC_12	33385	33385	LT934125.1	+	1	33385	31.349928	282
12h	C6	33387	33387	LT934125.1	+	1	33387	86.244071	283
12h	PC_12	33558	33617	LT934125.1	+	60	33558	219.449496	284
12h	C6	33564	33564	LT934125.1	+	1	33564	86.244071	284
12h	C6	33564	33584	LT934125.1	+	21	33584	96.8523	284
12h	C6	33570	33570	LT934125.1	+	1	33570	1540.832049	284
12h	PC_12	33573	33617	LT934125.1	+	45	33573	159.906186	284
12h	PC_12	33581	33584	LT934125.1	+	4	33584	102.384186	284
12h	C6	33584	33620	LT934125.1	+	37	33584	90.916085	284
12h	PC_12	33584	33584	LT934125.1	+	1	33584	100.38145	284
12h	PK_15	33584	33584	LT934125.1	+	1	33584	21.929921	284
12h	PC_12_1.5h	33612	33612	LT934125.1	+	1	33612	2212.389381	284
12h	C6	33698	33698	LT934125.1	+	1	33698	86.244071	285
12h	PC_12	33698	33698	LT934125.1	+	1	33698	2227.171492	285
12h	PC_12	33825	33825	LT934125.1	+	1	33825	2227.171492	286
12h	C6	33831	33831	LT934125.1	+	1	33831	32.2841	287
12h	PC_12	33890	33903	LT934125.1	+	14	33890	53.302062	288
12h	C6	33900	33900	LT934125.1	+	1	33900	86.244071	288
12h	PC_12	33902	33902	LT934125.1	+	1	33902	27.30245	288
12h	PC_12	33902	33902	LT934125.1	+	1	33902	667.111408	288
12h	PC_12	33986	33986	LT934125.1	+	1	33986	2227.171492	289
12h	PC_12	34057	34057	LT934125.1	+	1	34057	31.349928	290
12h	PC_12	34378	34378	LT934125.1	+	1	34378	31.349928	291
12h	PC_12	34383	34383	LT934125.1	+	1	34383	20.476837	292
12h	C6	34721	34721	LT934125.1	+	1	34721	32.2841	293
12h	PC_12	34746	34765	LT934125.1	+	20	34749	156.74964	294
12h	C6	34749	34749	LT934125.1	+	1	34749	62.941905	294
12h	PC_12	34749	34749	LT934125.1	+	1	34749	34.128062	294
12h	PK_15	34749	34749	LT934125.1	+	1	34749	11.441648	294
12h	PK_15	34757	34757	LT934125.1	+	1	34757	40.594301	294
12h	C6	34854	34854	LT934125.1	+	1	34854	34.967725	295
12h	PC_12	34854	34854	LT934125.1	+	1	34854	40.953675	295
12h	PC_12	34854	34854	LT934125.1	+	1	34854	62.699856	295
12h	PC_12	34879	34879	LT934125.1	+	1	34879	26.651031	296
12h	C6	34925	34925	LT934125.1	+	1	34925	32.2841	297
12h	PK_15	34937	34937	LT934125.1	+	1	34937	40.594301	298
12h	PC_12	35001	35017	LT934125.1	+	17	35017	95.558574	299
12h	PC_12	35001	35017	LT934125.1	+	17	35001	62.699856	299
12h	C6	35102	35102	LT934125.1	+	1	35102	32.2841	300
12h	PC_12	35117	35117	LT934125.1	+	1	35117	100.38145	301
12h	C6	35251	35251	LT934125.1	+	1	35251	86.244071	302
12h	PC_12	35251	35251	LT934125.1	+	1	35251	20.476837	302
12h	PC_12	35251	35251	LT934125.1	+	1	35251	26.651031	302
12h	PC_12	35251	35251	LT934125.1	+	1	35251	31.349928	302
12h	PC_12	35403	35403	LT934125.1	+	1	35403	26.651031	303
12h	PC_12	35445	35445	LT934125.1	+	1	35445	20.476837	304
12h	PC_12	35484	35484	LT934125.1	+	1	35484	31.349928	305
12h	PC_12	35646	35646	LT934125.1	+	1	35646	27.30245	306
12h	PC_12	35656	35656	LT934125.1	+	1	35656	31.349928	307
12h	PC_12	36514	36514	LT934125.1	+	1	36514	31.349928	308
12h	PC_12	36922	36922	LT934125.1	+	1	36922	31.349928	309
12h	C6	37783	37783	LT934125.1	+	1	37783	32.2841	310
12h	PC_12	38753	38753	LT934125.1	+	1	38753	31.349928	311
12h	C6	39139	39139	LT934125.1	+	1	39139	32.2841	312
12h	C6	41095	41095	LT934125.1	+	1	41095	32.2841	313
12h	PC_12	41198	41198	LT934125.1	+	1	41198	31.349928	314
12h	C6	41213	41213	LT934125.1	+	1	41213	32.2841	315
12h	PC_12	41386	41386	LT934125.1	+	1	41386	31.349928	316
12h	PC_12	41397	41397	LT934125.1	+	1	41397	26.651031	317
12h	C6	41687	41687	LT934125.1	+	1	41687	20.980635	318
12h	C6	41689	41706	LT934125.1	+	18	41689	64.5682	319
12h	C6	41704	41704	LT934125.1	+	1	41704	525.486075	319
12h	PC_12	41706	41706	LT934125.1	+	1	41706	26.651031	319
12h	C6	41904	41904	LT934125.1	+	1	41904	64.5682	320
12h	PC_12	42099	42099	LT934125.1	+	1	42099	26.651031	321
12h	PC_12	42413	42413	LT934125.1	+	1	42413	31.349928	322
12h	PC_12	43090	43090	LT934125.1	+	1	43090	31.349928	323
12h	C6	43230	43230	LT934125.1	+	1	43230	86.244071	324
12h	NRK	43527	43527	LT934125.1	+	1	43527	3236.245955	325
12h	PK_15	43527	43527	LT934125.1	+	1	43527	16.129162	325
12h	PC_12	43529	43529	LT934125.1	+	1	43529	667.111408	326
12h	C6	43558	43558	LT934125.1	+	1	43558	32.2841	327
12h	C6	43563	43571	LT934125.1	+	9	43563	258.732213	328
12h	PC_12	43582	43582	LT934125.1	+	1	43582	26.651031	329
12h	PC_12	43593	43593	LT934125.1	+	1	43593	31.349928	330
12h	C6	43598	43598	LT934125.1	+	1	43598	1540.832049	331
12h	PC_12	43746	43746	LT934125.1	+	1	43746	100.38145	332
12h	PC_12	43881	43881	LT934125.1	+	1	43881	26.651031	333
12h	C6	43947	43947	LT934125.1	+	1	43947	86.244071	334
12h	PC_12	44028	44038	LT934125.1	+	11	44028	62.699856	335
12h	PC_12	44064	44064	LT934125.1	+	1	44064	26.651031	336
12h	C6	44093	44093	LT934125.1	+	1	44093	32.2841	337
12h	C6	44405	44405	LT934125.1	+	1	44405	86.244071	338
12h	C6	44543	44543	LT934125.1	+	1	44543	32.2841	339
12h	PK_15	44577	44577	LT934125.1	+	1	44577	40.594301	340
12h	PC_12	44624	44624	LT934125.1	+	1	44624	31.349928	341
12h	PC_12	44685	44685	LT934125.1	+	1	44685	26.651031	342
12h	PK_15	44686	44686	LT934125.1	+	1	44686	40.594301	343
12h	C6	44779	44814	LT934125.1	+	36	44812	12300.24213	344
12h	PC_12	44779	44815	LT934125.1	+	37	44812	12952.401257	344
12h	PC_12	44779	44814	LT934125.1	+	36	44812	10564.925702	344
12h	PK_15	44779	44815	LT934125.1	+	37	44812	19121.121945	344
12h	C6	44807	44814	LT934125.1	+	8	44812	11623.271721	344
12h	C6	44807	44814	LT934125.1	+	8	44812	13022.854679	344
12h	PC_12	44807	44815	LT934125.1	+	9	44812	10238.418641	344
12h	PC_12	44807	44815	LT934125.1	+	9	44812	11142.340897	344
12h	PK_15	44807	44815	LT934125.1	+	9	44812	17146.453089	344
12h	PK_15	44807	44815	LT934125.1	+	9	44812	19647.641471	344
12h	PK_15	44807	44815	LT934125.1	+	9	44812	14271.992421	344
12h	NRK	44809	44812	LT934125.1	+	4	44810	19417.475728	344
12h	PC_12	44809	44812	LT934125.1	+	4	44812	4669.779853	344
12h	C6	44810	44812	LT934125.1	+	3	44812	10785.824346	344
12h	C6	44810	44812	LT934125.1	+	3	44812	5861.664713	344
12h	C6	44810	44813	LT934125.1	+	4	44812	11035.207567	344
12h	PC_12_2.5h	44810	44812	LT934125.1	+	3	44812	7401.9245	344
12h	PK_15	44810	44814	LT934125.1	+	5	44812	9413.468501	344
12h	PC_12_1.5h	44812	44812	LT934125.1	+	1	44812	2212.389381	344
12h	PC_12	44812	44815	LT934125.1	+	4	44812	6681.514476	344
12h	C6	44946	44946	LT934125.1	+	1	44946	20.980635	345
12h	C6	44946	44946	LT934125.1	+	1	44946	64.5682	345
12h	PC_12	44946	44968	LT934125.1	+	23	44946	40.953674	345
12h	PK_15	44946	44946	LT934125.1	+	1	44946	18.306636	345
12h	PK_15	44946	44946	LT934125.1	+	1	44946	121.782902	345
12h	PK_15	44946	44968	LT934125.1	+	23	44946	56.452068	345
12h	PK_15	44946	44946	LT934125.1	+	1	44946	21.929921	345
12h	PC_12	44968	44968	LT934125.1	+	1	44968	667.111408	345
12h	PC_12	44974	44974	LT934125.1	+	1	44974	31.349928	346
12h	PK_15	45058	45069	LT934125.1	+	12	45058	29.748284	347
12h	C6	45069	45069	LT934125.1	+	1	45069	86.244071	347
12h	PC_12	45110	45110	LT934125.1	+	1	45110	20.476837	348
12h	PC_12	45110	45125	LT934125.1	+	16	45125	79.953094	348
12h	PK_15	45136	45136	LT934125.1	+	1	45136	16.129162	349
12h	PC_12	45145	45145	LT934125.1	+	1	45145	100.38145	350
12h	PC_12	45210	45210	LT934125.1	+	1	45210	20.476837	351
12h	PK_15	45264	45264	LT934125.1	+	1	45264	17.543937	352
12h	C6	45313	45313	LT934125.1	+	1	45313	27.97418	353
12h	PK_15	45313	45313	LT934125.1	+	1	45313	20.594966	353
12h	C6	45370	45373	LT934125.1	+	4	45370	64.5682	354
12h	PK_15	45384	45421	LT934125.1	+	38	45415	243.565805	355
12h	PC_12	45394	45417	LT934125.1	+	24	45394	94.049784	355
12h	PK_15	45394	45415	LT934125.1	+	22	45394	64.51665	355
12h	C6	45415	45415	LT934125.1	+	1	45415	1540.832049	355
12h	C6	45415	45415	LT934125.1	+	1	45415	86.244071	355
12h	PC_12	45415	45426	LT934125.1	+	12	45415	79.953094	355
12h	PC_12	45445	45445	LT934125.1	+	1	45445	27.30245	356
12h	PK_15	45445	45445	LT934125.1	+	1	45445	21.929921	356
12h	PK_15	45467	45496	LT934125.1	+	30	45496	50.34325	357
12h	PK_15	45599	45762	LT934125.1	+	164	45762	30.701889	358
12h	C6	45626	45772	LT934125.1	+	147	45626	41.96127	358
12h	PK_15	45626	45743	LT934125.1	+	118	45626	40.322905	358
12h	C6	45637	45637	LT934125.1	+	1	45637	32.2841	358
12h	PC_12	45662	45700	LT934125.1	+	39	45662	301.14435	358
12h	PK_15	45697	45697	LT934125.1	+	1	45697	40.594301	358
12h	PK_15	45792	45792	LT934125.1	+	1	45792	20.594966	359
12h	PC_12_2.5h	45852	45852	LT934125.1	+	1	45852	740.19245	360
12h	PK_15	45866	45911	LT934125.1	+	46	45866	162.377204	361
12h	PK_15	45866	45866	LT934125.1	+	1	45866	32.258325	361
12h	C6	45871	45871	LT934125.1	+	1	45871	525.486075	361
12h	PK_15	45890	45890	LT934125.1	+	1	45890	362.056481	361
12h	PK_15	45895	45916	LT934125.1	+	22	45909	52.63181	361
12h	C6	45909	45970	LT934125.1	+	62	45909	193.7046	361
12h	PK_15	45909	45916	LT934125.1	+	8	45909	50.34325	361
12h	PC_12	46002	46032	LT934125.1	+	31	46024	1222.647189	362
12h	C6	46005	46029	LT934125.1	+	25	46024	1279.818728	362
12h	PC_12	46005	46029	LT934125.1	+	25	46024	668.910017	362
12h	PK_15	46005	46029	LT934125.1	+	25	46024	241.937434	362
12h	PK_15	46005	46029	LT934125.1	+	25	46023	609.651797	362
12h	C6	46010	46032	LT934125.1	+	23	46024	1724.881414	362
12h	C6	46021	46027	LT934125.1	+	7	46026	419.693301	362
12h	PC_12	46023	46042	LT934125.1	+	20	46024	612.973722	362
12h	PK_15	46023	46029	LT934125.1	+	7	46024	874.141877	362
12h	C6	46024	46027	LT934125.1	+	4	46025	2627.430374	362
12h	C6	46026	46026	LT934125.1	+	1	46026	1540.832049	362
12h	PC_12	46026	46029	LT934125.1	+	4	46026	301.144349	362
12h	C6	46165	46165	LT934125.1	+	1	46165	1172.332943	363
12h	PC_12	46230	46236	LT934125.1	+	7	46233	3335.557039	364
12h	C6	46233	46243	LT934125.1	+	11	46234	349.677248	364
12h	C6	46233	46243	LT934125.1	+	11	46233	6163.328197	364
12h	C6	46233	46236	LT934125.1	+	4	46233	2101.944299	364
12h	C6	46233	46237	LT934125.1	+	5	46233	1811.125485	364
12h	C6	46233	46235	LT934125.1	+	3	46234	161.4205	364
12h	NRK	46233	46233	LT934125.1	+	1	46233	9708.737864	364
12h	PC_12	46233	46235	LT934125.1	+	3	46233	116.035412	364
12h	PC_12_2.5h	46233	46234	LT934125.1	+	2	46233	1480.3849	364
12h	PC_12	46233	46239	LT934125.1	+	7	46234	346.463408	364
12h	PC_12	46233	46286	LT934125.1	+	54	46235	501.598847	364
12h	PK_15	46233	46239	LT934125.1	+	7	46233	80.091534	364
12h	PK_15	46233	46239	LT934125.1	+	7	46233	1086.169443	364
12h	PK_15	46233	46233	LT934125.1	+	1	46233	40.594301	364
12h	PK_15	46233	46243	LT934125.1	+	11	46233	153.227041	364
12h	PK_15	46233	46239	LT934125.1	+	7	46233	241.229128	364
12h	NRK	46234	46234	LT934125.1	+	1	46234	10101.010101	364
12h	PC_12	46236	46237	LT934125.1	+	2	46236	200.7629	364
12h	PC_12	46357	46357	LT934125.1	+	1	46357	26.651031	365
12h	PC_12	46388	46388	LT934125.1	+	1	46388	100.38145	366
12h	C6	46453	46467	LT934125.1	+	15	46453	3081.664098	367
12h	C6	46489	46489	LT934125.1	+	1	46489	86.244071	368
12h	C6	46489	46489	LT934125.1	+	1	46489	32.2841	368
12h	PC_12	46489	46489	LT934125.1	+	1	46489	54.604899	368
12h	PC_12	46489	46490	LT934125.1	+	2	46489	79.953094	368
12h	PC_12	46489	46516	LT934125.1	+	28	46489	156.74964	368
12h	PK_15	46489	46489	LT934125.1	+	1	46489	36.613272	368
12h	PK_15	46489	46514	LT934125.1	+	26	46489	48.245825	368
12h	C6	46514	46514	LT934125.1	+	1	46514	1050.972149	368
12h	PC_12	46696	46714	LT934125.1	+	19	46696	62.699856	369
12h	PC_12	46713	46713	LT934125.1	+	1	46713	667.111408	369
12h	PC_12	46713	46713	LT934125.1	+	1	46713	100.38145	369
12h	PK_15	46714	46714	LT934125.1	+	1	46714	13.157952	369
12h	C6	46777	46790	LT934125.1	+	14	46777	64.5682	370
12h	C6	46781	46782	LT934125.1	+	2	46781	172.488142	370
12h	PC_12	46781	46782	LT934125.1	+	2	46782	106.604125	370
12h	C6	46782	46782	LT934125.1	+	1	46782	27.97418	370
12h	C6	46815	46815	LT934125.1	+	1	46815	525.486075	371
12h	PC_12	46863	46863	LT934125.1	+	1	46863	20.476837	372
12h	PC_12	46933	46933	LT934125.1	+	1	46933	100.38145	373
12h	PK_15	47005	47005	LT934125.1	+	1	47005	16.018307	374
12h	C6	47008	47008	LT934125.1	+	1	47008	86.244071	375
12h	PC_12	47008	47071	LT934125.1	+	64	47008	159.906186	375
12h	C6	47018	47018	LT934125.1	+	1	47018	1540.832049	375
12h	PC_12_1.5h	47066	47066	LT934125.1	+	1	47066	2212.389381	375
12h	PC_12	47066	47066	LT934125.1	+	1	47066	667.111408	375
12h	PC_12	47066	47115	LT934125.1	+	50	47066	188.099568	375
12h	PC_12	47188	47188	LT934125.1	+	1	47188	100.38145	376
12h	PC_12	47267	47267	LT934125.1	+	1	47267	667.111408	377
12h	C6	47282	47344	LT934125.1	+	63	47317	689.952566	378
12h	PC_12	47282	47348	LT934125.1	+	67	47315	564.298703	378
12h	C6	47311	47348	LT934125.1	+	38	47311	322.841	378
12h	PC_12	47311	47317	LT934125.1	+	7	47315	252.54766	378
12h	PC_12	47311	47319	LT934125.1	+	9	47311	702.670148	378
12h	PK_15	47311	47324	LT934125.1	+	14	47311	243.565806	378
12h	PK_15	47311	47320	LT934125.1	+	10	47311	96.774974	378
12h	PK_15	47311	47317	LT934125.1	+	7	47315	201.755271	378
12h	C6	47315	47319	LT934125.1	+	5	47315	398.632063	378
12h	C6	47315	47317	LT934125.1	+	3	47317	1576.458224	378
12h	PC_12_1.5h	47315	47315	LT934125.1	+	1	47315	2212.389381	378
12h	PC_12	47315	47357	LT934125.1	+	43	47317	826.181973	378
12h	PK_15	47315	47320	LT934125.1	+	6	47315	102.974828	378
12h	PC_12	47319	47319	LT934125.1	+	1	47319	2227.171492	378
12h	PK_15	47482	47794	LT934125.1	+	313	47482	162.377204	379
12h	PC_12	47529	47704	LT934125.1	+	176	47704	702.670149	379
12h	PC_12	47539	47824	LT934125.1	+	286	47699	612.973716	379
12h	C6	47562	47677	LT934125.1	+	116	47562	258.732212	379
12h	C6	47562	47750	LT934125.1	+	189	47562	129.1364	379
12h	PK_15	47567	47785	LT934125.1	+	219	47567	70.175746	379
12h	C6	47570	47699	LT934125.1	+	130	47570	62.941905	379
12h	PC_12_2.5h	47570	47738	LT934125.1	+	169	47570	1480.3849	379
12h	PK_15	47570	47699	LT934125.1	+	130	47570	41.189932	379
12h	PC_12	47610	47610	LT934125.1	+	1	47610	2227.171492	379
12h	PC_12	47628	47628	LT934125.1	+	1	47628	34.128062	379
12h	PK_15	47628	47771	LT934125.1	+	144	47771	40.322905	379
12h	PC_12	47632	47705	LT934125.1	+	74	47699	313.49928	379
12h	C6	47705	47705	LT934125.1	+	1	47705	1050.972149	379
12h	PC_12	47749	47763	LT934125.1	+	15	47749	1334.222816	379
12h	PK_15	47794	47794	LT934125.1	+	1	47794	362.056481	379
12h	C6	47866	47866	LT934125.1	+	1	47866	96.8523	380
12h	PC_12	47872	47872	LT934125.1	+	1	47872	61.430512	381
12h	PC_12	47872	47872	LT934125.1	+	1	47872	100.38145	381
12h	PK_15	47872	47872	LT934125.1	+	1	47872	16.018307	381
12h	PK_15	47872	47872	LT934125.1	+	1	47872	16.129162	381
12h	NRK	47933	47933	LT934125.1	+	1	47933	3236.245955	382
12h	C6	47939	47939	LT934125.1	+	1	47939	86.244071	383
12h	PC_12	48014	48124	LT934125.1	+	111	48014	250.799424	384
12h	PK_15	48014	48014	LT934125.1	+	1	48014	17.543937	384
12h	C6	48069	48388	LT934125.1	+	320	48069	195.81926	384
12h	PC_12	48069	48394	LT934125.1	+	326	48253	211.593984	384
12h	PK_15	48069	48172	LT934125.1	+	104	48069	32.258324	384
12h	C6	48089	48328	LT934125.1	+	240	48115	581.1138	384
12h	PC_12	48094	48448	LT934125.1	+	355	48253	903.433048	384
12h	PC_12	48102	48102	LT934125.1	+	1	48102	667.111408	384
12h	C6	48108	48377	LT934125.1	+	270	48108	431.220355	384
12h	PC_12	48115	48355	LT934125.1	+	241	48115	239.859281	384
12h	PK_15	48161	48370	LT934125.1	+	210	48161	243.565806	384
12h	PK_15	48172	48412	LT934125.1	+	241	48172	118.421572	384
12h	C6	48189	48189	LT934125.1	+	1	48189	525.486075	384
12h	PC_12	48191	48373	LT934125.1	+	183	48247	564.298704	384
12h	PC_12_2.5h	48201	48322	LT934125.1	+	122	48201	1480.3849	384
12h	PK_15	48253	48412	LT934125.1	+	160	48253	98.398171	384
12h	PK_15	48347	48347	LT934125.1	+	1	48347	362.056481	384
12h	C6	48362	48571	LT934125.1	+	210	48567	43486.682806	384
12h	NRK	48362	48362	LT934125.1	+	1	48362	3236.245955	384
12h	PC_12	48409	48409	LT934125.1	+	1	48409	2227.171492	384
12h	C6	48494	48571	LT934125.1	+	78	48567	19281.203451	384
12h	PC_12	48494	48571	LT934125.1	+	78	48567	24484.293688	384
12h	PK_15	48494	48571	LT934125.1	+	78	48567	3402.745997	384
12h	PK_15	48494	48571	LT934125.1	+	78	48567	17206.215816	384
12h	PK_15	48502	48571	LT934125.1	+	70	48567	20080.807101	384
12h	PK_15	48505	48570	LT934125.1	+	66	48567	39102.099928	384
12h	PC_12	48520	48571	LT934125.1	+	52	48567	11241.783669	384
12h	PC_12	48527	48581	LT934125.1	+	55	48567	13965.140449	384
12h	PC_12	48547	48571	LT934125.1	+	25	48567	39359.57305	384
12h	PC_12	48559	48571	LT934125.1	+	13	48567	16462.557721	384
12h	PK_15	48563	48571	LT934125.1	+	9	48567	49119.103677	384
12h	C6	48565	48575	LT934125.1	+	11	48567	43376.318876	384
12h	C6	48565	48571	LT934125.1	+	7	48567	19577.404053	384
12h	PC_12_1.5h	48565	48571	LT934125.1	+	7	48567	61946.902655	384
12h	PC_12_2.5h	48565	48571	LT934125.1	+	7	48567	61435.973353	384
12h	C6	48567	48581	LT934125.1	+	15	48567	50847.457627	384
12h	C6	48567	48599	LT934125.1	+	33	48567	26799.789808	384
12h	NRK	48567	48570	LT934125.1	+	4	48567	70707.070707	384
12h	NRK	48567	48570	LT934125.1	+	4	48567	84142.394822	384
12h	PC_12_0.5h	48567	48567	LT934125.1	+	1	48567	64516.129032	384
12h	PC_12	48567	48586	LT934125.1	+	20	48567	48997.772828	384
12h	PK_15	48567	48567	LT934125.1	+	1	48567	14619.883041	384
12h	PC_12	48670	49543	LT934125.1	+	874	49231	6019.186174	385
12h	PC_12_2.5h	48691	48691	LT934125.1	+	1	48691	740.19245	385
12h	PK_15	48691	48691	LT934125.1	+	1	48691	32.036613	385
12h	PK_15	48691	48941	LT934125.1	+	251	48691	1258.423325	385
12h	C6	48726	48761	LT934125.1	+	36	48726	344.976283	385
12h	C6	48757	48815	LT934125.1	+	59	48794	153.85799	385
12h	PC_12	48758	49114	LT934125.1	+	357	48931	1172.645371	385
12h	PK_15	48761	48761	LT934125.1	+	1	48761	362.056481	385
12h	PK_15	48827	49047	LT934125.1	+	221	48931	330.647823	385
12h	C6	48835	48835	LT934125.1	+	1	48835	525.486075	385
12h	PC_12	48850	48850	LT934125.1	+	1	48850	2227.171492	385
12h	C6	48856	48933	LT934125.1	+	78	48931	377.65143	385
12h	PC_12	48856	48950	LT934125.1	+	95	48931	348.106232	385
12h	PK_15	48856	48933	LT934125.1	+	78	48931	84.668194	385
12h	PK_15	48856	48992	LT934125.1	+	137	48856	368.422669	385
12h	C6	48868	48889	LT934125.1	+	22	48868	2344.665886	385
12h	PK_15	48878	48878	LT934125.1	+	1	48878	2923.976608	385
12h	C6	48950	48950	LT934125.1	+	1	48950	86.244071	385
12h	PK_15	48994	49334	LT934125.1	+	341	49047	1380.20623	385
12h	PK_15	49009	49113	LT934125.1	+	105	49009	724.112962	385
12h	PC_12	49024	49135	LT934125.1	+	112	49114	300.326946	385
12h	PC_12	49032	49032	LT934125.1	+	1	49032	2227.171492	385
12h	PC_12	49047	49047	LT934125.1	+	1	49047	200.762899	385
12h	PK_15	49047	49047	LT934125.1	+	1	49047	13.729977	385
12h	PC_12_2.5h	49079	49079	LT934125.1	+	1	49079	740.19245	385
12h	C6	49082	49356	LT934125.1	+	275	49196	1259.0799	385
12h	NRK	49084	49084	LT934125.1	+	1	49084	3236.245955	385
12h	PK_15	49084	49114	LT934125.1	+	31	49114	96.491651	385
12h	C6	49109	49114	LT934125.1	+	6	49109	2344.665886	385
12h	PK_15	49109	49109	LT934125.1	+	1	49109	5847.953216	385
12h	PK_15	49114	49120	LT934125.1	+	7	49114	88.710392	385
12h	PC_12	49116	49116	LT934125.1	+	1	49116	667.111408	385
12h	C6	49120	49120	LT934125.1	+	1	49120	525.486075	385
12h	PC_12_1.5h	49142	49142	LT934125.1	+	1	49142	2212.389381	385
12h	C6	49175	49196	LT934125.1	+	22	49196	83.92254	385
12h	PC_12	49196	49246	LT934125.1	+	51	49196	293.161345	385
12h	C6	49228	49228	LT934125.1	+	1	49228	1172.332943	385
12h	PC_12	49230	49242	LT934125.1	+	13	49230	1334.222816	385
12h	PC_12	49261	49280	LT934125.1	+	20	49261	301.144349	385
12h	PK_15	49261	49280	LT934125.1	+	20	49261	59.496567	385
12h	PK_15	49261	49261	LT934125.1	+	1	49261	96.774974	385
12h	PK_15	49261	49280	LT934125.1	+	20	49261	78.947715	385
12h	C6	49307	49331	LT934125.1	+	25	49307	172.488142	385
12h	PC_12_2.5h	49307	49307	LT934125.1	+	1	49307	740.19245	385
12h	PK_15	49318	49372	LT934125.1	+	55	49372	61.403777	385
12h	PC_12	49386	49386	LT934125.1	+	1	49386	667.111408	385
12h	C6	49411	49411	LT934125.1	+	1	49411	525.486075	385
12h	PK_15	49483	49506	LT934125.1	+	24	49501	104.839554	385
12h	C6	49501	49503	LT934125.1	+	3	49501	181.832169	385
12h	C6	49501	49558	LT934125.1	+	58	49501	451.9774	385
12h	PC_12	49501	49506	LT934125.1	+	6	49501	177.465923	385
12h	PC_12_2.5h	49501	49501	LT934125.1	+	1	49501	1480.3849	385
12h	PC_12	49501	49507	LT934125.1	+	7	49506	159.906188	385
12h	PK_15	49501	49506	LT934125.1	+	6	49501	41.189931	385
12h	PK_15	49501	49504	LT934125.1	+	4	49501	1086.169443	385
12h	PK_15	49501	49507	LT934125.1	+	7	49501	446.537307	385
12h	PK_15	49501	49506	LT934125.1	+	6	49501	96.491651	385
12h	C6	49543	49543	LT934125.1	+	1	49543	86.244071	385
12h	PC_12	49543	49543	LT934125.1	+	1	49543	100.38145	385
12h	PC_12	49714	49714	LT934125.1	+	1	49714	26.651031	386
12h	C6	49967	49967	LT934125.1	+	1	49967	86.244071	387
12h	PC_12	49986	49986	LT934125.1	+	1	49986	20.476837	388
12h	PC_12	50105	50105	LT934125.1	+	1	50105	31.349928	389
12h	C6	50153	50156	LT934125.1	+	4	50153	96.8523	390
12h	C6	50154	50154	LT934125.1	+	1	50154	20.980635	390
12h	C6	50154	50161	LT934125.1	+	8	50154	258.732212	390
12h	PC_12	50154	50154	LT934125.1	+	1	50154	20.476837	390
12h	PC_12	50154	50164	LT934125.1	+	11	50154	106.604125	390
12h	C6	50273	50273	LT934125.1	+	1	50273	32.2841	391
12h	C6	50370	50370	LT934125.1	+	1	50370	86.244071	392
12h	PC_12	50386	50386	LT934125.1	+	1	50386	31.349928	393
12h	C6	50425	50425	LT934125.1	+	1	50425	32.2841	394
12h	PC_12	50502	50502	LT934125.1	+	1	50502	31.349928	395
12h	PC_12	50526	50526	LT934125.1	+	1	50526	26.651031	396
12h	PK_15	50627	50627	LT934125.1	+	1	50627	40.594301	397
12h	PC_12	50746	50746	LT934125.1	+	1	50746	53.302063	398
12h	PC_12	50751	50751	LT934125.1	+	1	50751	31.349928	399
12h	PK_15	50880	50880	LT934125.1	+	1	50880	40.594301	400
12h	C6	50948	50948	LT934125.1	+	1	50948	32.2841	401
12h	PC_12	50948	50948	LT934125.1	+	1	50948	100.38145	401
12h	PC_12	51037	51037	LT934125.1	+	1	51037	31.349928	402
12h	PC_12	51205	51238	LT934125.1	+	34	51235	8208.517669	403
12h	PK_15	51220	51238	LT934125.1	+	19	51235	10067.386541	403
12h	C6	51230	51238	LT934125.1	+	9	51235	8883.139286	403
12h	NRK	51230	51230	LT934125.1	+	1	51230	10101.010101	403
12h	NRK	51230	51238	LT934125.1	+	9	51230	16181.229774	403
12h	PC_12_1.5h	51230	51235	LT934125.1	+	6	51230	22123.893806	403
12h	PC_12_2.5h	51230	51239	LT934125.1	+	10	51230	20725.3886	403
12h	C6	51231	51239	LT934125.1	+	9	51235	7483.093105	403
12h	PK_15	51231	51239	LT934125.1	+	9	51235	6631.578947	403
12h	PK_15	51231	51239	LT934125.1	+	9	51235	7548.44797	403
12h	PK_15	51231	51239	LT934125.1	+	9	51235	7504.418879	403
12h	C6	51232	51239	LT934125.1	+	8	51235	6521.388216	403
12h	PC_12	51232	51241	LT934125.1	+	10	51235	4429.822465	403
12h	PC_12	51232	51248	LT934125.1	+	17	51235	8672.448301	403
12h	PC_12	51232	51242	LT934125.1	+	11	51235	8331.66031	403
12h	PC_12	51233	51242	LT934125.1	+	10	51235	5956.486301	403
12h	PK_15	51233	51241	LT934125.1	+	9	51235	6879.073136	403
12h	C6	51235	51240	LT934125.1	+	6	51235	7033.997657	403
12h	C6	51235	51238	LT934125.1	+	4	51235	9458.749343	403
12h	PC_12	51235	51235	LT934125.1	+	1	51235	2227.171492	403
12h	C6	51398	51398	LT934125.1	+	1	51398	86.244071	404
12h	C6	51414	51414	LT934125.1	+	1	51414	32.2841	405
12h	PC_12	51495	51715	LT934125.1	+	221	51495	903.433049	406
12h	PK_15	51495	51599	LT934125.1	+	105	51495	73.226545	406
12h	PK_15	51495	51641	LT934125.1	+	147	51641	324.754407	406
12h	PK_15	51495	51503	LT934125.1	+	9	51495	112.904136	406
12h	C6	51503	51503	LT934125.1	+	1	51503	86.244071	406
12h	PK_15	51525	51525	LT934125.1	+	1	51525	362.056481	406
12h	PC_12	51574	51574	LT934125.1	+	1	51574	667.111408	406
12h	PK_15	51574	51574	LT934125.1	+	1	51574	17.543937	406
12h	PC_12	51599	51599	LT934125.1	+	1	51599	40.953675	406
12h	PC_12	51662	51698	LT934125.1	+	37	51690	159.906187	406
12h	C6	51665	51737	LT934125.1	+	73	51690	225.9887	406
12h	C6	51690	51690	LT934125.1	+	1	51690	69.93545	406
12h	PC_12	51735	51752	LT934125.1	+	18	51752	125.399712	406
12h	PK_15	51752	51752	LT934125.1	+	1	51752	29.748284	406
12h	PK_15	51752	51927	LT934125.1	+	176	51752	72.58123	406
12h	PK_15	51752	51752	LT934125.1	+	1	51752	26.315905	406
12h	C6	51800	51800	LT934125.1	+	1	51800	1172.332943	406
12h	PC_12	51841	51841	LT934125.1	+	1	51841	667.111408	406
12h	C6	51845	51845	LT934125.1	+	1	51845	32.2841	406
12h	PC_12	51866	51866	LT934125.1	+	1	51866	27.30245	406
12h	C6	51908	51908	LT934125.1	+	1	51908	1540.832049	406
12h	PK_15	52004	52086	LT934125.1	+	83	52004	365.348708	407
12h	PK_15	52028	52086	LT934125.1	+	59	52028	64.073227	407
12h	PK_15	52028	52055	LT934125.1	+	28	52028	52.63181	407
12h	C6	52038	52038	LT934125.1	+	1	52038	86.244071	407
12h	PC_12	52040	52052	LT934125.1	+	13	52040	53.302062	407
12h	PC_12	52154	52201	LT934125.1	+	48	52172	159.906187	408
12h	C6	52172	52172	LT934125.1	+	1	52172	32.2841	408
12h	PC_12	52172	52191	LT934125.1	+	20	52172	200.7629	408
12h	PK_15	52191	52191	LT934125.1	+	1	52191	16.018307	408
12h	NRK	52201	52201	LT934125.1	+	1	52201	10101.010101	408
12h	PK_15	52201	52201	LT934125.1	+	1	52201	26.315905	408
12h	C6	52242	52262	LT934125.1	+	21	52242	172.488142	409
12h	PK_15	52278	52298	LT934125.1	+	21	52298	38.901602	410
12h	PK_15	52298	52298	LT934125.1	+	1	52298	40.322906	410
12h	PK_15	52313	52313	LT934125.1	+	1	52313	40.594301	411
12h	PC_12	52434	52463	LT934125.1	+	30	52460	16010.673783	412
12h	PK_15	52434	52484	LT934125.1	+	51	52460	15141.674112	412
12h	C6	52435	52484	LT934125.1	+	50	52460	8652.13882	412
12h	PK_15	52435	52484	LT934125.1	+	50	52460	9016.201741	412
12h	C6	52437	52484	LT934125.1	+	48	52460	11642.94955	412
12h	PC_12	52437	52484	LT934125.1	+	48	52460	10157.376639	412
12h	PK_15	52438	52464	LT934125.1	+	27	52460	20637.219408	412
12h	PK_15	52438	52484	LT934125.1	+	47	52460	10925.486517	412
12h	C6	52440	52484	LT934125.1	+	45	52460	6545.958082	412
12h	C6	52440	52484	LT934125.1	+	45	52460	10550.996485	412
12h	NRK	52440	52460	LT934125.1	+	21	52460	50505.050505	412
12h	PC_12	52440	52484	LT934125.1	+	45	52460	4962.220235	412
12h	PC_12_2.5h	52440	52484	LT934125.1	+	45	52460	25166.543301	412
12h	PC_12	52440	52484	LT934125.1	+	45	52460	8432.041762	412
12h	PC_12	52440	52484	LT934125.1	+	45	52460	7542.241884	412
12h	PK_15	52440	52484	LT934125.1	+	45	52460	5583.524027	412
12h	C6	52444	52461	LT934125.1	+	18	52460	21571.648691	412
12h	NRK	52444	52462	LT934125.1	+	19	52460	29126.213593	412
12h	PC_12_0.5h	52444	52444	LT934125.1	+	1	52444	32258.064516	412
12h	PC_12_1.5h	52444	52460	LT934125.1	+	17	52460	39823.00885	412
12h	PC_12	52444	52460	LT934125.1	+	17	52460	17817.371937	412
12h	C6	52460	52463	LT934125.1	+	4	52460	8933.263269	412
12h	PK_15	52460	52460	LT934125.1	+	1	52460	2923.976608	412
12h	PC_12	52649	52716	LT934125.1	+	68	52685	219.449496	413
12h	C6	52679	52684	LT934125.1	+	6	52684	96.8523	413
12h	PC_12	52679	52679	LT934125.1	+	1	52679	20.476837	413
12h	C6	52684	52703	LT934125.1	+	20	52684	41.96127	413
12h	PC_12_2.5h	52703	52703	LT934125.1	+	1	52703	740.19245	413
12h	PK_15	52703	52703	LT934125.1	+	1	52703	362.056481	413
12h	PK_15	52703	52739	LT934125.1	+	37	52739	162.377203	413
12h	PK_15	52703	52716	LT934125.1	+	14	52716	35.087873	413
12h	PC_12	52710	52710	LT934125.1	+	1	52710	100.38145	413
12h	C6	52716	52716	LT934125.1	+	1	52716	86.244071	413
12h	PK_15	52716	52716	LT934125.1	+	1	52716	24.193743	413
12h	PK_15	52817	52817	LT934125.1	+	1	52817	362.056481	414
12h	PC_12	52842	52842	LT934125.1	+	1	52842	667.111408	415
12h	PC_12	52875	52875	LT934125.1	+	1	52875	100.38145	416
12h	PC_12	52934	52944	LT934125.1	+	11	52934	40.953674	417
12h	PK_15	52944	52944	LT934125.1	+	1	52944	16.129162	417
12h	C6	52955	52955	LT934125.1	+	1	52955	32.2841	418
12h	PK_15	52955	52955	LT934125.1	+	1	52955	13.157952	418
12h	PC_12	53009	53009	LT934125.1	+	1	53009	26.651031	419
12h	PC_12	53042	53042	LT934125.1	+	1	53042	200.762899	420
12h	C6	53060	53067	LT934125.1	+	8	53060	172.488142	421
12h	C6	53060	53067	LT934125.1	+	8	53060	64.5682	421
12h	NRK	53060	53060	LT934125.1	+	1	53060	3236.245955	421
12h	PC_12	53060	53145	LT934125.1	+	86	53060	376.199136	421
12h	PK_15	53060	53094	LT934125.1	+	35	53060	121.782903	421
12h	PK_15	53060	53060	LT934125.1	+	1	53060	32.258325	421
12h	PK_15	53060	53060	LT934125.1	+	1	53060	17.543937	421
12h	PC_12_1.5h	53119	53119	LT934125.1	+	1	53119	2212.389381	421
12h	PK_15	53192	53216	LT934125.1	+	25	53192	32.258324	422
12h	PC_12_2.5h	53208	53216	LT934125.1	+	9	53208	1480.3849	422
12h	C6	53212	53212	LT934125.1	+	1	53212	86.244071	422
12h	PC_12	53236	53236	LT934125.1	+	1	53236	100.38145	423
12h	PC_12	53245	53319	LT934125.1	+	75	53245	250.799424	424
12h	C6	53255	53255	LT934125.1	+	1	53255	525.486075	424
12h	PK_15	53265	53265	LT934125.1	+	1	53265	13.157952	424
12h	PC_12_2.5h	53366	53366	LT934125.1	+	1	53366	740.19245	425
12h	PC_12	53375	53384	LT934125.1	+	10	53384	94.049784	426
12h	C6	53376	53376	LT934125.1	+	1	53376	20.980635	426
12h	PK_15	53382	53382	LT934125.1	+	1	53382	13.157952	426
12h	C6	53406	53406	LT934125.1	+	1	53406	525.486075	427
12h	C6	53417	53425	LT934125.1	+	9	53417	96.8523	428
12h	PC_12	53417	53439	LT934125.1	+	23	53417	1334.222816	428
12h	PK_15	53417	53417	LT934125.1	+	1	53417	40.594301	428
12h	PC_12	53438	53438	LT934125.1	+	1	53438	2227.171492	428
12h	PK_15	53448	53468	LT934125.1	+	21	53448	48.387487	429
12h	PC_12	53459	53459	LT934125.1	+	1	53459	20.476837	429
12h	PK_15	53640	53652	LT934125.1	+	13	53648	19807.78032	430
12h	PK_15	53640	53652	LT934125.1	+	13	53648	7991.26312	430
12h	C6	53641	53652	LT934125.1	+	12	53648	6916.615965	430
12h	PC_12_2.5h	53641	53647	LT934125.1	+	7	53641	1480.3849	430
12h	PC_12	53641	53652	LT934125.1	+	12	53648	4797.18565	430
12h	C6	53643	53652	LT934125.1	+	10	53648	2970.137207	430
12h	PC_12	53643	53652	LT934125.1	+	10	53648	5951.934038	430
12h	PK_15	53643	53652	LT934125.1	+	10	53648	2935.507544	430
12h	C6	53644	53652	LT934125.1	+	9	53648	5260.888314	430
12h	PC_12	53644	53652	LT934125.1	+	9	53648	2208.391892	430
12h	PC_12	53644	53652	LT934125.1	+	9	53648	5956.4863	430
12h	C6	53648	53649	LT934125.1	+	2	53648	5254.860747	430
12h	PK_15	53648	53649	LT934125.1	+	2	53648	5430.847212	430
12h	PK_15	53648	53652	LT934125.1	+	5	53648	1136.640417	430
12h	PC_12	53652	53652	LT934125.1	+	1	53652	2227.171492	430
12h	C6	53756	53782	LT934125.1	+	27	53756	258.732213	431
12h	PC_12	53763	53763	LT934125.1	+	1	53763	20.476837	431
12h	PC_12	53763	53763	LT934125.1	+	1	53763	667.111408	431
12h	PC_12	53763	53763	LT934125.1	+	1	53763	100.38145	431
12h	PC_12	53763	53763	LT934125.1	+	1	53763	53.302063	431
12h	PK_15	53763	53763	LT934125.1	+	1	53763	17.543937	431
12h	C6	53798	53798	LT934125.1	+	1	53798	32.2841	432
12h	PK_15	53834	54053	LT934125.1	+	220	53996	304.347827	433
12h	PK_15	53879	53902	LT934125.1	+	24	53879	32.258324	433
12h	C6	53902	53931	LT934125.1	+	30	53902	55.94836	433
12h	C6	53902	53905	LT934125.1	+	4	53902	172.488142	433
12h	C6	53902	54031	LT934125.1	+	130	53902	322.841	433
12h	PC_12	53902	53908	LT934125.1	+	7	53902	133.255156	433
12h	PK_15	53902	53905	LT934125.1	+	4	53905	121.782902	433
12h	PC_12	53931	53931	LT934125.1	+	1	53931	2227.171492	433
12h	PC_12	53961	53961	LT934125.1	+	1	53961	100.38145	433
12h	PK_15	53981	53992	LT934125.1	+	12	53992	35.087873	433
12h	PC_12	53996	54015	LT934125.1	+	20	53996	61.430512	433
12h	PK_15	53996	54010	LT934125.1	+	15	53996	724.112962	433
12h	PK_15	54114	54139	LT934125.1	+	26	54128	82.379863	434
12h	C6	54207	54231	LT934125.1	+	25	54207	172.488142	435
12h	PK_15	54240	54381	LT934125.1	+	142	54245	237.986272	436
12h	PK_15	54240	54245	LT934125.1	+	6	54240	81.188602	436
12h	PC_12	54264	54264	LT934125.1	+	1	54264	667.111408	436
12h	PK_15	54266	54266	LT934125.1	+	1	54266	16.129162	436
12h	C6	54332	54375	LT934125.1	+	44	54375	69.93545	436
12h	PK_15	54337	54337	LT934125.1	+	1	54337	26.315905	436
12h	C6	54360	54360	LT934125.1	+	1	54360	1540.832049	436
12h	PC_12	54361	54380	LT934125.1	+	20	54361	200.7629	436
12h	PK_15	54420	54497	LT934125.1	+	78	54475	201.373	437
12h	PC_12	54421	54475	LT934125.1	+	55	54475	211.593984	437
12h	PC_12	54443	54476	LT934125.1	+	34	54443	344.849208	437
12h	PC_12	54464	54475	LT934125.1	+	12	54475	401.525799	437
12h	PK_15	54464	54476	LT934125.1	+	13	54472	162.377203	437
12h	C6	54470	54520	LT934125.1	+	51	54475	181.832169	437
12h	C6	54470	54475	LT934125.1	+	6	54475	225.9887	437
12h	PC_12	54472	54561	LT934125.1	+	90	54472	319.812373	437
12h	PK_15	54472	54475	LT934125.1	+	4	54475	80.645811	437
12h	PK_15	54472	54501	LT934125.1	+	30	54475	114.035587	437
12h	C6	54474	54475	LT934125.1	+	2	54474	344.976283	437
12h	C6	54475	54475	LT934125.1	+	1	54475	525.486075	437
12h	PC_12	54522	54845	LT934125.1	+	324	54547	1034.547624	437
12h	PK_15	54547	54547	LT934125.1	+	1	54547	362.056481	437
12h	PC_12	54658	54658	LT934125.1	+	1	54658	100.38145	437
12h	PK_15	54658	54956	LT934125.1	+	299	54796	505.720826	437
12h	PK_15	54658	54940	LT934125.1	+	283	54938	219.299206	437
12h	C6	54659	54857	LT934125.1	+	199	54679	516.5456	437
12h	C6	54660	54887	LT934125.1	+	228	54660	258.732212	437
12h	C6	54668	54938	LT934125.1	+	271	54926	195.81926	437
12h	PK_15	54668	54940	LT934125.1	+	273	54938	306.454081	437
12h	PK_15	54687	54938	LT934125.1	+	252	54938	365.348707	437
12h	PC_12	54720	54975	LT934125.1	+	256	54743	586.322685	437
12h	PC_12	54728	54959	LT934125.1	+	232	54938	443.664808	437
12h	PC_12	54743	54743	LT934125.1	+	1	54743	667.111408	437
12h	PK_15	54768	54950	LT934125.1	+	183	54768	724.112962	437
12h	PC_12	54887	55090	LT934125.1	+	204	54938	1128.597407	437
12h	PK_15	55014	55046	LT934125.1	+	33	55038	112.128147	437
12h	C6	55038	55046	LT934125.1	+	9	55038	48.954815	437
12h	PC_12	55038	55046	LT934125.1	+	9	55046	79.953094	437
12h	PK_15	55038	55046	LT934125.1	+	9	55038	39.473857	437
12h	PC_12	55166	55166	LT934125.1	+	1	55166	2227.171492	438
12h	C6	55168	55168	LT934125.1	+	1	55168	86.244071	439
12h	C6	55303	55355	LT934125.1	+	53	55303	1167.922008	440
12h	C6	55303	55353	LT934125.1	+	51	55318	689.952566	440
12h	PC_12	55303	55355	LT934125.1	+	53	55303	662.084405	440
12h	PC_12	55303	55303	LT934125.1	+	1	55303	667.111408	440
12h	PC_12	55303	55355	LT934125.1	+	53	55303	595.648631	440
12h	PK_15	55303	55355	LT934125.1	+	53	55352	379.035314	440
12h	PK_15	55350	55355	LT934125.1	+	6	55352	631.581718	440
12h	C6	55352	55352	LT934125.1	+	1	55352	129.1364	440
12h	PC_12	55352	55358	LT934125.1	+	7	55352	186.557219	440
12h	PK_15	55352	55355	LT934125.1	+	4	55352	320.366133	440
12h	PK_15	55352	55357	LT934125.1	+	6	55352	1448.225923	440
12h	PK_15	55352	55358	LT934125.1	+	7	55352	690.10311	440
12h	PK_15	55466	55482	LT934125.1	+	17	55478	96.774973	441
12h	PC_12	55473	55473	LT934125.1	+	1	55473	667.111408	441
12h	C6	55474	55514	LT934125.1	+	41	55497	111.89672	441
12h	PC_12	55474	55497	LT934125.1	+	24	55480	88.732961	441
12h	PC_12	55474	55478	LT934125.1	+	5	55474	79.953094	441
12h	PK_15	55474	55488	LT934125.1	+	15	55474	202.971505	441
12h	PK_15	55474	55484	LT934125.1	+	11	55480	140.351493	441
12h	PK_15	55477	55477	LT934125.1	+	1	55477	362.056481	441
12h	C6	55478	55483	LT934125.1	+	6	55478	96.8523	441
12h	PK_15	55478	55480	LT934125.1	+	3	55478	36.613272	441
12h	C6	55484	55484	LT934125.1	+	1	55484	86.244071	441
12h	C6	55627	55627	LT934125.1	+	1	55627	1540.832049	442
12h	PC_12	55702	55740	LT934125.1	+	39	55738	239.859281	443
12h	PC_12	55705	55742	LT934125.1	+	38	55712	846.448054	443
12h	C6	55706	55742	LT934125.1	+	37	55712	587.457777	443
12h	PC_12	55706	55738	LT934125.1	+	33	55712	436.839196	443
12h	PK_15	55706	55742	LT934125.1	+	37	55706	243.565806	443
12h	PK_15	55706	55742	LT934125.1	+	37	55712	127.19354	443
12h	C6	55710	55738	LT934125.1	+	29	55738	193.7046	443
12h	PK_15	55712	55742	LT934125.1	+	31	55712	153.318077	443
12h	PK_15	55712	55742	LT934125.1	+	31	55712	161.291623	443
12h	PC_12	55739	55739	LT934125.1	+	1	55739	2227.171492	443
12h	PC_12	55780	55780	LT934125.1	+	1	55780	667.111408	444
12h	PK_15	55868	55874	LT934125.1	+	7	55871	64.073227	445
12h	PK_15	55868	55874	LT934125.1	+	7	55874	83.333699	445
12h	C6	55869	55875	LT934125.1	+	7	55869	202.812805	445
12h	PK_15	55871	55876	LT934125.1	+	6	55872	120.968717	445
12h	PK_15	55872	55898	LT934125.1	+	27	55872	121.782903	445
12h	PC_12	55873	55873	LT934125.1	+	1	55873	100.38145	445
12h	C6	55874	55892	LT934125.1	+	19	55874	344.976283	445
12h	C6	55875	55875	LT934125.1	+	1	55875	32.2841	445
12h	PC_12	55997	56021	LT934125.1	+	25	56000	218.419597	446
12h	PC_12	55997	56027	LT934125.1	+	31	56000	344.849207	446
12h	C6	55998	56035	LT934125.1	+	38	56000	321.70307	446
12h	PK_15	56000	56000	LT934125.1	+	1	56000	13.729977	446
12h	PK_15	56000	56000	LT934125.1	+	1	56000	16.129162	446
12h	PK_15	56000	56000	LT934125.1	+	1	56000	13.157952	446
12h	PK_15	56004	56015	LT934125.1	+	12	56004	81.188602	446
12h	PK_15	56021	56021	LT934125.1	+	1	56021	362.056481	446
12h	C6	56023	56023	LT934125.1	+	1	56023	1540.832049	446
12h	C6	56244	56244	LT934125.1	+	1	56244	32.2841	447
12h	PC_12	56327	56327	LT934125.1	+	1	56327	31.349928	448
12h	C6	56552	56589	LT934125.1	+	38	56552	96.8523	449
12h	PC_12	56600	56600	LT934125.1	+	1	56600	31.349928	450
12h	C6	56756	56756	LT934125.1	+	1	56756	86.244071	451
12h	C6	56821	56821	LT934125.1	+	1	56821	32.2841	452
12h	C6	56954	56954	LT934125.1	+	1	56954	32.2841	453
12h	PC_12	56970	56970	LT934125.1	+	1	56970	62.699856	454
12h	C6	57001	57001	LT934125.1	+	1	57001	34.967725	455
12h	PK_15	57001	57001	LT934125.1	+	1	57001	13.157952	455
12h	C6	57157	57157	LT934125.1	+	1	57157	525.486075	456
12h	C6	57166	57166	LT934125.1	+	1	57166	86.244071	457
12h	PC_12	57255	57255	LT934125.1	+	1	57255	26.651031	458
12h	PC_12	57314	57314	LT934125.1	+	1	57314	31.349928	459
12h	PC_12	57455	57455	LT934125.1	+	1	57455	26.651031	460
12h	C6	57475	57475	LT934125.1	+	1	57475	32.2841	461
12h	PK_15	57542	57542	LT934125.1	+	1	57542	40.594301	462
12h	PC_12	57771	57771	LT934125.1	+	1	57771	31.349928	463
12h	PC_12	57933	57933	LT934125.1	+	1	57933	26.651031	464
12h	PC_12	58002	58002	LT934125.1	+	1	58002	100.38145	465
12h	PC_12	58106	58106	LT934125.1	+	1	58106	31.349928	466
12h	PK_15	58118	58118	LT934125.1	+	1	58118	40.594301	467
12h	PC_12	58139	58142	LT934125.1	+	4	58139	200.7629	468
12h	C6	58144	58144	LT934125.1	+	1	58144	32.2841	469
12h	PC_12	58145	58145	LT934125.1	+	1	58145	26.651031	470
12h	C6	58163	58163	LT934125.1	+	1	58163	172.488141	471
12h	PC_12	58276	58276	LT934125.1	+	1	58276	26.651031	472
12h	C6	58468	58479	LT934125.1	+	12	58468	172.488142	473
12h	C6	58561	58561	LT934125.1	+	1	58561	525.486075	474
12h	C6	58625	58625	LT934125.1	+	1	58625	20.980635	475
12h	PC_12	58625	58625	LT934125.1	+	1	58625	31.349928	475
12h	PK_15	58625	58625	LT934125.1	+	1	58625	17.543937	475
12h	PC_12	58705	58705	LT934125.1	+	1	58705	26.651031	476
12h	PC_12	58804	58804	LT934125.1	+	1	58804	100.38145	477
12h	PC_12	58810	58810	LT934125.1	+	1	58810	667.111408	478
12h	C6	58828	58828	LT934125.1	+	1	58828	32.2841	479
12h	C6	58892	58898	LT934125.1	+	7	58898	132.877355	480
12h	PC_12	58894	58897	LT934125.1	+	4	58897	47.779287	480
12h	PC_12	58897	58900	LT934125.1	+	4	58900	94.049784	480
12h	PK_15	58897	58897	LT934125.1	+	1	58897	11.441648	480
12h	PK_15	58898	58898	LT934125.1	+	1	58898	13.157952	480
12h	PK_15	58900	58900	LT934125.1	+	1	58900	24.193743	480
12h	PK_15	59014	59074	LT934125.1	+	61	59068	21514.979299	481
12h	PC_12	59025	59100	LT934125.1	+	76	59068	9541.069238	481
12h	PC_12	59032	59074	LT934125.1	+	43	59068	35356.904604	481
12h	PK_15	59032	59090	LT934125.1	+	59	59068	7184.242034	481
12h	PC_12	59036	59097	LT934125.1	+	62	59068	9034.330459	481
12h	C6	59038	59074	LT934125.1	+	37	59068	5622.810149	481
12h	C6	59038	59074	LT934125.1	+	37	59068	12526.23083	481
12h	PC_12	59038	59074	LT934125.1	+	37	59068	3378.678151	481
12h	PK_15	59038	59086	LT934125.1	+	49	59068	1784.897026	481
12h	PK_15	59038	59074	LT934125.1	+	37	59068	9435.559963	481
12h	C6	59039	59074	LT934125.1	+	36	59068	19836.136266	481
12h	PC_12	59039	59074	LT934125.1	+	36	59068	8903.379524	481
12h	C6	59041	59095	LT934125.1	+	55	59068	75029.308328	481
12h	PC_12_2.5h	59041	59095	LT934125.1	+	55	59068	43671.354552	481
12h	C6	59044	59073	LT934125.1	+	30	59068	36979.969183	481
12h	C6	59044	59073	LT934125.1	+	30	59068	17341.040463	481
12h	NRK	59044	59074	LT934125.1	+	31	59068	51779.935276	481
12h	PC_12_1.5h	59044	59070	LT934125.1	+	27	59068	68584.070797	481
12h	PC_12	59044	59074	LT934125.1	+	31	59068	44543.429843	481
12h	PK_15	59044	59068	LT934125.1	+	25	59044	8771.929824	481
12h	PK_15	59044	59077	LT934125.1	+	34	59068	21361.332368	481
12h	NRK	59068	59070	LT934125.1	+	3	59068	60606.060606	481
12h	PC_12	59192	59192	LT934125.1	+	1	59192	20.476837	482
12h	PC_12_2.5h	59223	59223	LT934125.1	+	1	59223	740.19245	483
12h	PK_15	59234	59234	LT934125.1	+	1	59234	17.543937	484
12h	PC_12	59246	59246	LT934125.1	+	1	59246	100.38145	485
12h	PC_12	59309	59309	LT934125.1	+	1	59309	667.111408	486
12h	C6	59312	59312	LT934125.1	+	1	59312	86.244071	487
12h	PK_15	59331	59331	LT934125.1	+	1	59331	11.441648	488
12h	C6	59333	59333	LT934125.1	+	1	59333	27.97418	489
12h	PC_12	59384	59471	LT934125.1	+	88	59471	266.510311	490
12h	PK_15	59390	59557	LT934125.1	+	168	59390	48.387486	490
12h	C6	59426	59426	LT934125.1	+	1	59426	86.244071	490
12h	PC_12	59429	59429	LT934125.1	+	1	59429	667.111408	490
12h	PC_12	59509	59509	LT934125.1	+	1	59509	2227.171492	490
12h	PC_12_2.5h	59602	59602	LT934125.1	+	1	59602	740.19245	491
12h	PK_15	59602	59602	LT934125.1	+	1	59602	40.594301	491
12h	C6	59674	59792	LT934125.1	+	119	59674	258.732212	492
12h	PC_12	59698	59818	LT934125.1	+	121	59731	470.24892	492
12h	PC_12	59714	59714	LT934125.1	+	1	59714	667.111408	492
12h	PC_12	59731	59731	LT934125.1	+	1	59731	100.38145	492
12h	PC_12	59731	59829	LT934125.1	+	99	59731	293.161343	492
12h	PK_15	59757	59793	LT934125.1	+	37	59793	284.160106	492
12h	C6	59765	59765	LT934125.1	+	1	59765	1050.972149	492
12h	PC_12	59765	59793	LT934125.1	+	29	59793	116.035411	492
12h	PK_15	59769	59793	LT934125.1	+	25	59793	54.919908	492
12h	PK_15	59769	59769	LT934125.1	+	1	59769	362.056481	492
12h	C6	59792	59793	LT934125.1	+	2	59793	96.8523	492
12h	PK_15	59792	59793	LT934125.1	+	2	59793	65.789762	492
12h	C6	59793	59793	LT934125.1	+	1	59793	20.980635	492
12h	PK_15	59793	59793	LT934125.1	+	1	59793	96.774974	492
12h	C6	59858	60104	LT934125.1	+	247	59858	3516.998829	493
12h	PK_15	59888	59888	LT934125.1	+	1	59888	362.056481	493
12h	PC_12_2.5h	59923	59931	LT934125.1	+	9	59923	2220.57735	493
12h	PC_12	59931	60103	LT934125.1	+	173	59931	301.14435	493
12h	PK_15	59950	59950	LT934125.1	+	1	59950	24.193743	493
12h	C6	59956	59956	LT934125.1	+	1	59956	86.244071	493
12h	PC_12_1.5h	59989	59989	LT934125.1	+	1	59989	2212.389381	493
12h	PK_15	59989	60103	LT934125.1	+	115	60103	30.701889	493
12h	PC_12	60005	60028	LT934125.1	+	24	60028	94.049784	493
12h	PC_12	60076	60076	LT934125.1	+	1	60076	2227.171492	493
12h	PC_12	60103	60103	LT934125.1	+	1	60103	27.30245	493
12h	PC_12	60103	60103	LT934125.1	+	1	60103	667.111408	493
12h	C6	60104	60104	LT934125.1	+	1	60104	525.486075	493
12h	PK_15	60109	60109	LT934125.1	+	1	60109	40.594301	494
12h	PC_12	60217	60217	LT934125.1	+	1	60217	2227.171492	495
12h	PK_15	60221	60258	LT934125.1	+	38	60234	811.886011	496
12h	C6	60232	60262	LT934125.1	+	31	60234	1727.405605	496
12h	C6	60232	60260	LT934125.1	+	29	60234	2328.58991	496
12h	PC_12	60232	60260	LT934125.1	+	29	60235	1433.378611	496
12h	PC_12	60232	60239	LT934125.1	+	8	60239	2001.334223	496
12h	PC_12	60232	60248	LT934125.1	+	17	60235	2208.391891	496
12h	PC_12	60232	60258	LT934125.1	+	27	60234	1519.108789	496
12h	PC_12	60232	60260	LT934125.1	+	29	60235	1912.345602	496
12h	PK_15	60232	60260	LT934125.1	+	29	60234	977.116706	496
12h	PK_15	60232	60258	LT934125.1	+	27	60239	3258.508328	496
12h	PK_15	60232	60260	LT934125.1	+	29	60234	1153.235107	496
12h	PK_15	60232	60260	LT934125.1	+	29	60234	1609.656184	496
12h	C6	60233	60235	LT934125.1	+	3	60233	2101.944299	496
12h	C6	60233	60260	LT934125.1	+	28	60234	1291.364001	496
12h	C6	60235	60239	LT934125.1	+	5	60235	2344.665886	496
12h	PC_12_2.5h	60260	60260	LT934125.1	+	1	60260	740.19245	496
12h	C6	60427	60427	LT934125.1	+	1	60427	86.244071	497
12h	PK_15	60467	60467	LT934125.1	+	1	60467	362.056481	498
12h	PC_12_1.5h	60472	60472	LT934125.1	+	1	60472	2212.389381	499
12h	PC_12	60551	60551	LT934125.1	+	1	60551	31.349928	500
12h	PC_12	60594	60594	LT934125.1	+	1	60594	26.651031	501
12h	PK_15	60594	60594	LT934125.1	+	1	60594	81.188601	501
12h	PK_15	60601	60601	LT934125.1	+	1	60601	24.193743	502
12h	C6	60638	60638	LT934125.1	+	1	60638	32.2841	503
12h	C6	60683	60683	LT934125.1	+	1	60683	86.244071	504
12h	C6	60750	60764	LT934125.1	+	15	60750	64.5682	505
12h	PC_12	60764	60764	LT934125.1	+	1	60764	26.651031	505
12h	PC_12	60782	60782	LT934125.1	+	1	60782	100.38145	506
12h	PC_12	60809	60809	LT934125.1	+	1	60809	31.349928	507
12h	C6	60915	60940	LT934125.1	+	26	60915	258.732213	508
12h	PK_15	60945	60945	LT934125.1	+	1	60945	40.594301	509
12h	PC_12	60970	61007	LT934125.1	+	38	60970	133.255156	510
12h	PC_12	60974	60974	LT934125.1	+	1	60974	31.349928	510
12h	PC_12	61003	61003	LT934125.1	+	1	61003	100.38145	510
12h	PC_12_2.5h	61007	61007	LT934125.1	+	1	61007	740.19245	510
12h	PK_15	61073	61073	LT934125.1	+	1	61073	362.056481	511
12h	C6	61076	61076	LT934125.1	+	1	61076	83.922539	512
12h	C6	61076	61078	LT934125.1	+	3	61076	129.1364	512
12h	PC_12	61076	61078	LT934125.1	+	3	61076	54.604899	512
12h	PC_12	61076	61087	LT934125.1	+	12	61076	159.906187	512
12h	PK_15	61076	61078	LT934125.1	+	3	61076	59.496568	512
12h	PK_15	61076	61076	LT934125.1	+	1	61076	81.188601	512
12h	PK_15	61076	61078	LT934125.1	+	3	61076	48.387486	512
12h	PK_15	61076	61078	LT934125.1	+	3	61076	70.175746	512
12h	C6	61078	61078	LT934125.1	+	1	61078	86.244071	512
12h	PC_12	61078	61078	LT934125.1	+	1	61078	62.699856	512
12h	C6	61178	61178	LT934125.1	+	1	61178	86.244071	513
12h	PC_12	61204	61204	LT934125.1	+	1	61204	100.38145	514
12h	C6	61226	61226	LT934125.1	+	1	61226	32.2841	515
12h	PK_15	61234	61234	LT934125.1	+	1	61234	362.056481	516
12h	C6	61320	61320	LT934125.1	+	1	61320	525.486075	517
12h	PC_12	61341	61530	LT934125.1	+	190	61341	53.302062	518
12h	PK_15	61360	61360	LT934125.1	+	1	61360	40.594301	518
12h	PK_15	61402	61402	LT934125.1	+	1	61402	362.056481	518
12h	C6	61405	61405	LT934125.1	+	1	61405	1172.332943	518
12h	PC_12	61410	61410	LT934125.1	+	1	61410	667.111408	518
12h	C6	61412	61412	LT934125.1	+	1	61412	32.2841	518
12h	C6	61436	61436	LT934125.1	+	1	61436	86.244071	518
12h	PC_12	61456	61456	LT934125.1	+	1	61456	100.38145	518
12h	C6	61499	61499	LT934125.1	+	1	61499	1540.832049	518
12h	PC_12_2.5h	61598	61880	LT934125.1	+	283	61598	2220.57735	519
12h	PC_12	61598	62099	LT934125.1	+	502	61598	501.90725	519
12h	PK_15	61621	61958	LT934125.1	+	338	61621	324.754408	519
12h	PK_15	61621	62078	LT934125.1	+	458	62036	267.545034	519
12h	C6	61656	61936	LT934125.1	+	281	61656	1050.97215	519
12h	PC_12	61663	61939	LT934125.1	+	277	61939	170.64031	519
12h	PC_12	61681	61948	LT934125.1	+	268	61814	346.463405	519
12h	C6	61687	61973	LT934125.1	+	287	61687	258.761165	519
12h	PC_12	61687	61951	LT934125.1	+	265	61687	752.398272	519
12h	PK_15	61687	62038	LT934125.1	+	352	62038	61.784898	519
12h	C6	61697	62008	LT934125.1	+	312	61825	451.9774	519
12h	PK_15	61699	62042	LT934125.1	+	344	61705	185.485363	519
12h	C6	61724	61733	LT934125.1	+	10	61724	172.488142	519
12h	PK_15	61747	61747	LT934125.1	+	1	61747	362.056481	519
12h	PC_12_1.5h	61822	61924	LT934125.1	+	103	61822	4424.778762	519
12h	C6	61931	61931	LT934125.1	+	1	61931	1540.832049	519
12h	C6	62014	62024	LT934125.1	+	11	62014	2344.665886	519
12h	PC_12	62083	62245	LT934125.1	+	163	62141	532.948776	519
12h	C6	62152	62152	LT934125.1	+	1	62152	27.97418	519
12h	PC_12	62152	62179	LT934125.1	+	28	62152	159.906187	519
12h	PK_15	62152	62152	LT934125.1	+	1	62152	362.056481	519
12h	C6	62215	62215	LT934125.1	+	1	62215	1540.832049	519
12h	PC_12	62215	62233	LT934125.1	+	19	62233	75.081737	519
12h	PK_15	62215	62215	LT934125.1	+	1	62215	11.441648	519
12h	PK_15	62215	62215	LT934125.1	+	1	62215	17.543937	519
12h	PC_12	62710	62710	LT934125.1	+	1	62710	100.38145	520
12h	PC_12	63183	63183	LT934125.1	+	1	63183	31.349928	521
12h	C6	63695	63695	LT934125.1	+	1	63695	32.2841	522
12h	PC_12	63922	63922	LT934125.1	+	1	63922	31.349928	523
12h	PC_12	64024	64024	LT934125.1	+	1	64024	31.349928	524
12h	C6	64158	64158	LT934125.1	+	1	64158	86.244071	525
12h	PK_15	64160	64181	LT934125.1	+	22	64160	81.188602	526
12h	C6	64182	64182	LT934125.1	+	1	64182	32.2841	527
12h	PC_12	64236	64236	LT934125.1	+	1	64236	31.349928	528
12h	PC_12	64237	64237	LT934125.1	+	1	64237	100.38145	529
12h	PC_12	64408	64408	LT934125.1	+	1	64408	31.349928	530
12h	C6	64576	64576	LT934125.1	+	1	64576	86.244071	531
12h	PC_12	64641	64641	LT934125.1	+	1	64641	31.349928	532
12h	PC_12	64804	64804	LT934125.1	+	1	64804	100.38145	533
12h	PC_12	64954	64983	LT934125.1	+	30	64954	53.302062	534
12h	C6	64979	64979	LT934125.1	+	1	64979	86.244071	534
12h	PC_12	65082	65082	LT934125.1	+	1	65082	20.476837	535
12h	C6	65412	65412	LT934125.1	+	1	65412	86.244071	536
12h	PK_15	65535	65535	LT934125.1	+	1	65535	40.594301	537
12h	C6	65667	65667	LT934125.1	+	1	65667	32.2841	538
12h	PC_12	65802	65802	LT934125.1	+	1	65802	2227.171492	539
12h	C6	65805	65809	LT934125.1	+	5	65807	412.619153	540
12h	C6	65805	65815	LT934125.1	+	11	65805	258.732213	540
12h	C6	65805	65832	LT934125.1	+	28	65805	96.8523	540
12h	PC_12	65805	65809	LT934125.1	+	5	65807	348.106234	540
12h	PC_12	65805	65809	LT934125.1	+	5	65805	2001.334223	540
12h	PC_12	65805	65809	LT934125.1	+	5	65805	293.161345	540
12h	PC_12	65805	65830	LT934125.1	+	26	65805	595.64863	540
12h	PK_15	65805	65809	LT934125.1	+	5	65807	260.869566	540
12h	PK_15	65805	65829	LT934125.1	+	25	65807	730.697412	540
12h	PK_15	65805	65809	LT934125.1	+	5	65807	540.326938	540
12h	PK_15	65805	65829	LT934125.1	+	25	65807	592.107859	540
12h	C6	65807	65807	LT934125.1	+	1	65807	2344.665885	540
12h	C6	65807	65807	LT934125.1	+	1	65807	525.486075	540
12h	NRK	65807	65807	LT934125.1	+	1	65807	3236.245955	540
12h	PK_15	65807	65808	LT934125.1	+	2	65807	724.112962	540
12h	PC_12	65809	65809	LT934125.1	+	1	65809	100.38145	540
12h	C6	66209	66209	LT934125.1	+	1	66209	27.97418	541
12h	PC_12	66209	66209	LT934125.1	+	1	66209	100.38145	541
12h	C6	66335	66345	LT934125.1	+	11	66338	5063.326549	542
12h	C6	66335	66344	LT934125.1	+	10	66338	3794.739113	542
12h	PC_12	66335	66345	LT934125.1	+	11	66338	2900.885281	542
12h	PC_12	66335	66347	LT934125.1	+	13	66338	2308.77334	542
12h	PC_12	66335	66344	LT934125.1	+	10	66338	2291.9887	542
12h	PC_12	66335	66345	LT934125.1	+	11	66338	3323.092358	542
12h	PK_15	66335	66341	LT934125.1	+	7	66338	4659.038902	542
12h	PK_15	66335	66345	LT934125.1	+	11	66338	1461.394822	542
12h	PK_15	66335	66344	LT934125.1	+	10	66338	2000.016129	542
12h	PK_15	66335	66345	LT934125.1	+	11	66338	4245.632657	542
12h	C6	66337	66359	LT934125.1	+	23	66338	1969.330105	542
12h	C6	66338	66345	LT934125.1	+	8	66338	3516.998828	542
12h	C6	66338	66338	LT934125.1	+	1	66338	2101.944298	542
12h	NRK	66338	66338	LT934125.1	+	1	66338	10101.010101	542
12h	NRK	66338	66338	LT934125.1	+	1	66338	3236.245955	542
12h	PC_12	66338	66338	LT934125.1	+	1	66338	2001.334223	542
12h	PK_15	66338	66338	LT934125.1	+	1	66338	2923.976608	542
12h	PK_15	66338	66344	LT934125.1	+	7	66338	2172.338885	542
12h	C6	66474	66474	LT934125.1	+	1	66474	1172.332943	543
12h	PC_12	66563	66585	LT934125.1	+	23	66563	53.302062	544
12h	C6	66578	66578	LT934125.1	+	1	66578	27.97418	544
12h	C6	66579	66579	LT934125.1	+	1	66579	86.244071	544
12h	C6	66641	66641	LT934125.1	+	1	66641	32.2841	545
12h	PC_12	66749	66750	LT934125.1	+	2	66749	53.302062	546
12h	C6	66786	66786	LT934125.1	+	1	66786	86.244071	547
12h	PK_15	66786	66786	LT934125.1	+	1	66786	11.441648	547
12h	PC_12	66884	66884	LT934125.1	+	1	66884	31.349928	548
12h	PK_15	66913	66913	LT934125.1	+	1	66913	13.157952	549
12h	C6	66932	66932	LT934125.1	+	1	66932	525.486075	550
12h	PC_12	67013	67055	LT934125.1	+	43	67013	94.049784	551
12h	C6	67025	67025	LT934125.1	+	1	67025	86.244071	551
12h	PC_12_2.5h	67112	67112	LT934125.1	+	1	67112	740.19245	552
12h	PK_15	67112	67112	LT934125.1	+	1	67112	17.543937	552
12h	PK_15	67169	67169	LT934125.1	+	1	67169	16.129162	553
12h	C6	67234	67234	LT934125.1	+	1	67234	32.2841	554
12h	PC_12	67278	67292	LT934125.1	+	15	67278	53.302062	555
12h	PK_15	67325	67325	LT934125.1	+	1	67325	13.157952	556
12h	C6	67332	67332	LT934125.1	+	1	67332	525.486075	557
12h	PC_12	67417	67417	LT934125.1	+	1	67417	31.349928	558
12h	PC_12	67446	67550	LT934125.1	+	105	67446	53.302062	559
12h	PC_12	67449	67449	LT934125.1	+	1	67449	100.38145	559
12h	PK_15	67463	67463	LT934125.1	+	1	67463	2923.976608	559
12h	PC_12	67511	67511	LT934125.1	+	1	67511	667.111408	559
12h	C6	67581	67604	LT934125.1	+	24	67581	172.488142	560
12h	C6	67706	67706	LT934125.1	+	1	67706	525.486075	561
12h	PC_12	67731	67731	LT934125.1	+	1	67731	667.111408	562
12h	PK_15	67731	67733	LT934125.1	+	3	67731	81.188602	562
12h	PC_12	67740	67744	LT934125.1	+	5	67740	62.699856	563
12h	PC_12	67755	67763	LT934125.1	+	9	67755	200.7629	564
12h	C6	67775	67775	LT934125.1	+	1	67775	86.244071	565
12h	C6	67775	67775	LT934125.1	+	1	67775	32.2841	565
12h	PK_15	67838	67856	LT934125.1	+	19	67838	81.188602	566
12h	PK_15	67856	67856	LT934125.1	+	1	67856	11.441648	566
12h	C6	67961	67961	LT934125.1	+	1	67961	27.97418	567
12h	C6	67961	67968	LT934125.1	+	8	67961	129.1364	567
12h	PC_12	67961	67964	LT934125.1	+	4	67961	79.953094	567
12h	PK_15	67961	67961	LT934125.1	+	1	67961	40.594301	567
12h	PK_15	67961	67961	LT934125.1	+	1	67961	13.157952	567
12h	C6	67964	67964	LT934125.1	+	1	67964	86.244071	567
12h	PK_15	67968	67991	LT934125.1	+	24	67991	27.459955	567
12h	C6	68055	68055	LT934125.1	+	1	68055	525.486075	568
12h	PC_12	68062	68062	LT934125.1	+	1	68062	100.38145	569
12h	PK_15	68097	68124	LT934125.1	+	28	68097	81.188602	570
12h	C6	68098	68098	LT934125.1	+	1	68098	20.980635	570
12h	PK_15	68098	68229	LT934125.1	+	132	68229	25.171625	570
12h	C6	68121	68121	LT934125.1	+	1	68121	1172.332943	570
12h	PC_12	68141	68198	LT934125.1	+	58	68183	188.099568	570
12h	C6	68147	68147	LT934125.1	+	1	68147	86.244071	570
12h	C6	68195	68195	LT934125.1	+	1	68195	32.2841	570
12h	PC_12	68298	68298	LT934125.1	+	1	68298	31.349928	571
12h	PK_15	68331	68331	LT934125.1	+	1	68331	13.157952	572
12h	PK_15	68333	68378	LT934125.1	+	46	68378	93.821511	573
12h	PC_12	68364	68372	LT934125.1	+	9	68364	200.7629	573
12h	PK_15	68364	68378	LT934125.1	+	15	68364	81.188602	573
12h	PC_12	68366	68377	LT934125.1	+	12	68366	79.953094	573
12h	PK_15	68366	68372	LT934125.1	+	7	68366	48.387487	573
12h	C6	68367	68372	LT934125.1	+	6	68372	48.954815	573
12h	PC_12_1.5h	68372	68372	LT934125.1	+	1	68372	2212.389381	573
12h	PC_12	68399	68399	LT934125.1	+	1	68399	2227.171492	574
12h	C6	68408	68437	LT934125.1	+	30	68408	172.488142	575
12h	C6	68468	68468	LT934125.1	+	1	68468	32.2841	576
12h	PC_12	68468	68468	LT934125.1	+	1	68468	31.349928	576
12h	PK_15	68468	68486	LT934125.1	+	19	68468	35.087874	576
12h	C6	68492	68492	LT934125.1	+	1	68492	27.97418	577
12h	PK_15	68499	68499	LT934125.1	+	1	68499	362.056481	578
12h	PK_15	68504	68504	LT934125.1	+	1	68504	32.258325	579
12h	C6	68565	68565	LT934125.1	+	1	68565	525.486075	580
12h	PK_15	68565	68600	LT934125.1	+	36	68600	57.017794	580
12h	PK_15	68566	68566	LT934125.1	+	1	68566	40.594301	580
12h	PC_12	68600	68600	LT934125.1	+	1	68600	27.30245	580
12h	C6	68622	68622	LT934125.1	+	1	68622	86.244071	581
12h	PK_15	68636	68667	LT934125.1	+	32	68667	68.649886	582
12h	PC_12	68642	68667	LT934125.1	+	26	68642	200.7629	582
12h	C6	68667	68692	LT934125.1	+	26	68667	97.90963	582
12h	PK_15	68667	68667	LT934125.1	+	1	68667	32.258325	582
12h	PK_15	68756	68768	LT934125.1	+	13	68756	724.112962	583
12h	C6	68787	68787	LT934125.1	+	1	68787	1540.832049	584
12h	PK_15	68845	68875	LT934125.1	+	31	68873	177.420785	585
12h	PC_12	68846	68846	LT934125.1	+	1	68846	100.38145	585
12h	C6	68858	68858	LT934125.1	+	1	68858	86.244071	585
12h	PK_15	68861	68879	LT934125.1	+	19	68873	121.281465	585
12h	PK_15	68870	68873	LT934125.1	+	4	68873	57.017793	585
12h	C6	68873	68873	LT934125.1	+	1	68873	55.94836	585
12h	PC_12	68873	68879	LT934125.1	+	7	68873	40.953674	585
12h	PK_15	68873	68875	LT934125.1	+	3	68873	121.782902	585
12h	C6	68936	68936	LT934125.1	+	1	68936	32.2841	586
12h	PC_12	68969	68969	LT934125.1	+	1	68969	100.38145	587
12h	C6	69032	69032	LT934125.1	+	1	69032	86.244071	588
12h	PK_15	69047	69096	LT934125.1	+	50	69053	284.160106	589
12h	PC_12	69091	69096	LT934125.1	+	6	69091	301.14435	589
12h	PC_12	69185	69185	LT934125.1	+	1	69185	2227.171492	590
12h	PC_12	69233	69244	LT934125.1	+	12	69237	470.248918	591
12h	PK_15	69233	69251	LT934125.1	+	19	69244	1311.212817	591
12h	PK_15	69233	69249	LT934125.1	+	17	69237	1322.59131	591
12h	PK_15	69233	69251	LT934125.1	+	19	69244	1039.478242	591
12h	PC_12	69235	69247	LT934125.1	+	13	69244	852.833003	591
12h	PK_15	69235	69247	LT934125.1	+	13	69244	1339.61192	591
12h	C6	69237	69249	LT934125.1	+	13	69244	1035.044654	591
12h	C6	69237	69247	LT934125.1	+	11	69237	431.220353	591
12h	C6	69237	69252	LT934125.1	+	16	69244	484.261501	591
12h	PC_12	69237	69247	LT934125.1	+	11	69244	1221.784625	591
12h	PC_12	69237	69251	LT934125.1	+	15	69237	903.433048	591
12h	C6	69244	69244	LT934125.1	+	1	69244	525.486075	591
12h	C6	69311	69311	LT934125.1	+	1	69311	1172.332943	592
12h	PK_15	69340	69340	LT934125.1	+	1	69340	2923.976608	593
12h	PC_12	69414	69418	LT934125.1	+	5	69418	94.049784	594
12h	PK_15	69418	69567	LT934125.1	+	150	69421	137.097877	594
12h	C6	69421	69421	LT934125.1	+	1	69421	1540.832049	594
12h	PK_15	69421	69567	LT934125.1	+	147	69530	114.035587	594
12h	PC_12	69433	69433	LT934125.1	+	1	69433	100.38145	594
12h	C6	69475	69475	LT934125.1	+	1	69475	86.244071	594
12h	PK_15	69485	69567	LT934125.1	+	83	69530	173.913044	594
12h	PK_15	69503	69535	LT934125.1	+	33	69503	202.971503	594
12h	PK_15	69530	69530	LT934125.1	+	1	69530	362.056481	594
12h	C6	69535	69535	LT934125.1	+	1	69535	32.2841	594
12h	C6	69552	69567	LT934125.1	+	16	69552	125.88381	594
12h	PC_12	69567	69567	LT934125.1	+	1	69567	27.30245	594
12h	PC_12_2.5h	69665	69766	LT934125.1	+	102	69665	1480.3849	595
12h	PC_12	69673	69839	LT934125.1	+	167	69673	301.14435	595
12h	PC_12	69696	69696	LT934125.1	+	1	69696	667.111408	595
12h	PK_15	69717	69845	LT934125.1	+	129	69765	233.409614	595
12h	PK_15	69734	69734	LT934125.1	+	1	69734	362.056481	595
12h	PK_15	69737	69795	LT934125.1	+	59	69765	730.697412	595
12h	C6	69748	69785	LT934125.1	+	38	69765	322.841	595
12h	C6	69755	69821	LT934125.1	+	67	69765	377.651429	595
12h	PC_12	69755	69821	LT934125.1	+	67	69765	238.896435	595
12h	NRK	69762	69765	LT934125.1	+	4	69762	6472.49191	595
12h	PC_12	69764	69834	LT934125.1	+	71	69765	879.484033	595
12h	C6	69765	69765	LT934125.1	+	1	69765	2344.665885	595
12h	C6	69765	69785	LT934125.1	+	21	69765	431.220353	595
12h	PC_12	69765	69812	LT934125.1	+	48	69765	501.598847	595
12h	PK_15	69765	69765	LT934125.1	+	1	69765	2923.976608	595
12h	PK_15	69765	69834	LT934125.1	+	70	69765	346.776989	595
12h	PK_15	69765	69845	LT934125.1	+	81	69765	346.492748	595
12h	C6	69785	69785	LT934125.1	+	1	69785	525.486075	595
12h	PK_15	69875	69981	LT934125.1	+	107	69947	311.212816	596
12h	PK_15	69875	69970	LT934125.1	+	96	69947	175.439366	596
12h	C6	69889	69889	LT934125.1	+	1	69889	86.244071	596
12h	PK_15	69927	69964	LT934125.1	+	38	69927	202.971505	596
12h	PC_12	69944	69970	LT934125.1	+	27	69944	301.14435	596
12h	PK_15	70001	70090	LT934125.1	+	90	70090	1583.177724	597
12h	PC_12	70012	70090	LT934125.1	+	79	70090	689.386855	597
12h	PC_12	70012	70180	LT934125.1	+	169	70090	1253.997118	597
12h	PK_15	70012	70090	LT934125.1	+	79	70090	636.155606	597
12h	PC_12_2.5h	70031	70031	LT934125.1	+	1	70031	740.19245	597
12h	C6	70057	70057	LT934125.1	+	1	70057	1172.332943	597
12h	PC_12	70057	70090	LT934125.1	+	34	70090	903.433047	597
12h	PC_12	70057	70152	LT934125.1	+	96	70090	959.437127	597
12h	C6	70090	70091	LT934125.1	+	2	70090	629.419046	597
12h	C6	70090	70090	LT934125.1	+	1	70090	525.486075	597
12h	C6	70090	70090	LT934125.1	+	1	70090	1121.172919	597
12h	C6	70090	70095	LT934125.1	+	6	70090	742.534302	597
12h	PK_15	70090	70090	LT934125.1	+	1	70090	733.876886	597
12h	PK_15	70090	70092	LT934125.1	+	3	70090	535.090066	597
12h	PK_15	70091	70091	LT934125.1	+	1	70091	362.056481	597
12h	PK_15	70093	70093	LT934125.1	+	1	70093	2923.976608	597
12h	PC_12	70126	70126	LT934125.1	+	1	70126	667.111408	597
12h	PC_12	70225	70407	LT934125.1	+	183	70311	470.24892	598
12h	C6	70232	70232	LT934125.1	+	1	70232	86.244071	598
12h	PK_15	70232	70232	LT934125.1	+	1	70232	362.056481	598
12h	PC_12	70284	70336	LT934125.1	+	53	70311	163.814698	598
12h	PK_15	70289	70311	LT934125.1	+	23	70311	98.398169	598
12h	PK_15	70289	70336	LT934125.1	+	48	70311	88.710392	598
12h	C6	70311	70324	LT934125.1	+	14	70311	90.916085	598
12h	C6	70311	70364	LT934125.1	+	54	70311	258.2728	598
12h	PC_12	70311	70352	LT934125.1	+	42	70311	239.859281	598
12h	PK_15	70311	70311	LT934125.1	+	1	70311	57.017794	598
12h	PC_12	70331	70336	LT934125.1	+	6	70331	200.7629	598
12h	C6	70336	70369	LT934125.1	+	34	70336	258.732213	598
12h	C6	70364	70364	LT934125.1	+	1	70364	525.486075	598
12h	C6	70525	70534	LT934125.1	+	10	70531	55353.908343	599
12h	C6	70525	70534	LT934125.1	+	10	70531	31824.062096	599
12h	C6	70525	70531	LT934125.1	+	7	70531	35351.089588	599
12h	PC_12	70525	70531	LT934125.1	+	7	70531	34872.053894	599
12h	PC_12_2.5h	70525	70532	LT934125.1	+	8	70531	22945.965951	599
12h	PC_12	70525	70534	LT934125.1	+	10	70531	33427.022687	599
12h	PC_12	70525	70531	LT934125.1	+	7	70531	34646.340814	599
12h	PC_12	70525	70534	LT934125.1	+	10	70531	26898.238135	599
12h	PK_15	70525	70534	LT934125.1	+	10	70531	37659.038901	599
12h	PK_15	70525	70534	LT934125.1	+	10	70531	26264.512462	599
12h	PK_15	70525	70534	LT934125.1	+	10	70531	27242.155179	599
12h	PK_15	70525	70534	LT934125.1	+	10	70531	26627.30977	599
12h	C6	70528	70535	LT934125.1	+	8	70531	39859.320047	599
12h	C6	70529	70534	LT934125.1	+	6	70531	24653.312788	599
12h	C6	70529	70535	LT934125.1	+	7	70529	37309.511299	599
12h	NRK	70529	70531	LT934125.1	+	3	70529	20202.020202	599
12h	NRK	70529	70547	LT934125.1	+	19	70529	22653.721683	599
12h	PC_12_0.5h	70529	70529	LT934125.1	+	1	70529	32258.064516	599
12h	PC_12_1.5h	70529	70534	LT934125.1	+	6	70531	24336.283186	599
12h	PC_12	70529	70531	LT934125.1	+	3	70529	15590.200446	599
12h	PC_12	70529	70531	LT934125.1	+	3	70531	22014.676451	599
12h	PK_15	70529	70534	LT934125.1	+	6	70531	14844.315714	599
12h	PC_12	70633	70819	LT934125.1	+	187	70633	626.99856	600
12h	C6	70767	71278	LT934125.1	+	512	71185	1139.947833	600
12h	PK_15	70774	71246	LT934125.1	+	473	70774	690.103116	600
12h	C6	70780	71224	LT934125.1	+	445	71224	603.708496	600
12h	C6	70802	71194	LT934125.1	+	393	70802	1388.2163	600
12h	PC_12	70802	71065	LT934125.1	+	264	70802	401.5258	600
12h	C6	70810	71067	LT934125.1	+	258	70810	1050.97215	600
12h	PK_15	70813	71190	LT934125.1	+	378	71185	282.260338	600
12h	PC_12	70828	71254	LT934125.1	+	427	70850	696.212467	600
12h	C6	70905	71194	LT934125.1	+	290	71165	4689.331771	600
12h	PC_12_2.5h	70909	71149	LT934125.1	+	241	70909	1480.3849	600
12h	PK_15	70909	71194	LT934125.1	+	286	71185	322.654464	600
12h	PK_15	70918	71215	LT934125.1	+	298	71185	214.913223	600
12h	PK_15	70978	71246	LT934125.1	+	269	70978	1810.282405	600
12h	PC_12	70994	71249	LT934125.1	+	256	71081	453.067529	600
12h	PC_12	71065	71154	LT934125.1	+	90	71065	376.199136	600
12h	PC_12	71308	71357	LT934125.1	+	50	71319	313.49928	601
12h	C6	71314	71350	LT934125.1	+	37	71328	160.851535	601
12h	PK_15	71328	71346	LT934125.1	+	19	71328	43.859841	601
12h	C6	71380	71380	LT934125.1	+	1	71380	86.244071	602
12h	PC_12	71538	71538	LT934125.1	+	1	71538	667.111408	603
12h	C6	71767	71767	LT934125.1	+	1	71767	20.980635	604
12h	C6	71767	71767	LT934125.1	+	1	71767	32.2841	604
12h	PC_12	71767	71767	LT934125.1	+	1	71767	26.651031	604
12h	PK_15	71767	71767	LT934125.1	+	1	71767	24.193743	604
12h	PK_15	71767	71767	LT934125.1	+	1	71767	13.157952	604
12h	PK_15	71796	71796	LT934125.1	+	1	71796	40.594301	605
12h	PC_12	71902	71902	LT934125.1	+	1	71902	20.476837	606
12h	C6	71905	71905	LT934125.1	+	1	71905	86.244071	607
12h	PK_15	71905	71905	LT934125.1	+	1	71905	13.157952	607
12h	PC_12	71941	71960	LT934125.1	+	20	71941	53.302062	608
12h	PC_12	72040	72040	LT934125.1	+	1	72040	31.349928	609
12h	PC_12	72173	72173	LT934125.1	+	1	72173	31.349928	610
12h	C6	72329	72329	LT934125.1	+	1	72329	86.244071	611
12h	PK_15	72471	72471	LT934125.1	+	1	72471	40.594301	612
12h	PC_12	72505	72527	LT934125.1	+	23	72505	200.7629	613
12h	PC_12	72618	72618	LT934125.1	+	1	72618	31.349928	614
12h	C6	72649	72649	LT934125.1	+	1	72649	32.2841	615
12h	PC_12	72649	72649	LT934125.1	+	1	72649	26.651031	615
12h	C6	72758	72763	LT934125.1	+	6	72759	1042.038199	616
12h	C6	72758	72763	LT934125.1	+	6	72759	517.464425	616
12h	C6	72758	72788	LT934125.1	+	31	72759	581.113801	616
12h	PC_12	72758	72763	LT934125.1	+	6	72759	491.444095	616
12h	PC_12	72758	72763	LT934125.1	+	6	72759	532.948775	616
12h	PK_15	72758	72763	LT934125.1	+	6	72759	411.899313	616
12h	PK_15	72758	72788	LT934125.1	+	31	72759	284.160105	616
12h	PK_15	72758	72763	LT934125.1	+	6	72759	459.681127	616
12h	PK_15	72758	72766	LT934125.1	+	9	72759	618.423765	616
12h	C6	72759	72759	LT934125.1	+	1	72759	1050.972149	616
12h	PC_12	72759	72760	LT934125.1	+	2	72759	401.525799	616
12h	PC_12	72759	72791	LT934125.1	+	33	72759	666.275784	616
12h	C6	72899	72899	LT934125.1	+	1	72899	32.2841	617
12h	PC_12	72957	72957	LT934125.1	+	1	72957	100.38145	618
12h	PC_12	72990	72990	LT934125.1	+	1	72990	31.349928	619
12h	PC_12	73131	73132	LT934125.1	+	2	73131	53.302062	620
12h	C6	73132	73132	LT934125.1	+	1	73132	32.2841	620
12h	PC_12	73140	73140	LT934125.1	+	1	73140	31.349928	621
12h	PK_15	73321	73321	LT934125.1	+	1	73321	40.594301	622
12h	C6	73376	73376	LT934125.1	+	1	73376	1540.832049	623
12h	PK_15	73422	73422	LT934125.1	+	1	73422	16.129162	624
12h	PC_12	73531	73531	LT934125.1	+	1	73531	100.38145	625
12h	C6	73551	73551	LT934125.1	+	1	73551	32.2841	626
12h	PC_12	73673	73673	LT934125.1	+	1	73673	26.651031	627
12h	PK_15	73676	73676	LT934125.1	+	1	73676	40.594301	628
12h	PC_12	73711	73711	LT934125.1	+	1	73711	31.349928	629
12h	PK_15	73783	73783	LT934125.1	+	1	73783	40.594301	630
12h	PC_12	73840	73840	LT934125.1	+	1	73840	31.349928	631
12h	PC_12	73962	73962	LT934125.1	+	1	73962	26.651031	632
12h	C6	73982	73982	LT934125.1	+	1	73982	32.2841	633
12h	PK_15	74021	74021	LT934125.1	+	1	74021	16.129162	634
12h	PC_12	74113	74113	LT934125.1	+	1	74113	26.651031	635
12h	C6	74127	74127	LT934125.1	+	1	74127	525.486075	636
12h	C6	74191	74191	LT934125.1	+	1	74191	86.244071	637
12h	C6	74192	74192	LT934125.1	+	1	74192	20.980635	638
12h	PC_12	74241	74241	LT934125.1	+	1	74241	31.349928	639
12h	C6	74258	74258	LT934125.1	+	1	74258	32.2841	640
12h	C6	74375	74408	LT934125.1	+	34	74402	18014.527845	641
12h	PC_12	74377	74408	LT934125.1	+	32	74402	11619.849688	641
12h	PC_12	74381	74408	LT934125.1	+	28	74400	9028.779233	641
12h	C6	74386	74408	LT934125.1	+	23	74402	16029.205044	641
12h	C6	74396	74414	LT934125.1	+	19	74402	17335.058214	641
12h	PK_15	74397	74408	LT934125.1	+	12	74402	14803.203662	641
12h	PK_15	74397	74408	LT934125.1	+	12	74400	24478.36324	641
12h	PK_15	74397	74408	LT934125.1	+	12	74400	16274.324792	641
12h	PK_15	74397	74408	LT934125.1	+	12	74402	11359.698945	641
12h	PC_12	74399	74408	LT934125.1	+	10	74402	8586.620434	641
12h	C6	74400	74403	LT934125.1	+	4	74402	9244.992295	641
12h	C6	74400	74403	LT934125.1	+	4	74400	17584.994139	641
12h	C6	74400	74406	LT934125.1	+	7	74402	10509.721493	641
12h	NRK	74400	74406	LT934125.1	+	7	74400	20202.020202	641
12h	NRK	74400	74402	LT934125.1	+	3	74402	12944.983819	641
12h	PC_12_1.5h	74400	74402	LT934125.1	+	3	74400	13274.336284	641
12h	PC_12	74400	74403	LT934125.1	+	4	74400	13363.028953	641
12h	PC_12_2.5h	74400	74408	LT934125.1	+	9	74400	9622.50185	641
12h	PC_12	74400	74402	LT934125.1	+	3	74400	4669.779854	641
12h	PC_12	74400	74408	LT934125.1	+	9	74402	14254.165832	641
12h	PK_15	74400	74405	LT934125.1	+	6	74400	6879.073135	641
12h	PC_12	74514	74514	LT934125.1	+	1	74514	26.651031	642
12h	PK_15	74636	74770	LT934125.1	+	135	74636	40.322905	643
12h	PC_12	74643	74643	LT934125.1	+	1	74643	100.38145	643
12h	PC_12	74643	74643	LT934125.1	+	1	74643	62.699856	643
12h	PK_15	74677	74677	LT934125.1	+	1	74677	11.441648	643
12h	C6	74701	74714	LT934125.1	+	14	74701	172.488142	643
12h	PK_15	74725	74725	LT934125.1	+	1	74725	13.157952	643
12h	PC_12	74777	74777	LT934125.1	+	1	74777	26.651031	644
12h	PK_15	74833	74839	LT934125.1	+	7	74839	25.171625	645
12h	PK_15	74833	74855	LT934125.1	+	23	74833	81.188602	645
12h	C6	74839	74839	LT934125.1	+	1	74839	20.980635	645
12h	PK_15	74839	74839	LT934125.1	+	1	74839	13.157952	645
12h	C6	74876	74876	LT934125.1	+	1	74876	86.244071	646
12h	PC_12	74896	74896	LT934125.1	+	1	74896	100.38145	647
12h	PK_15	74950	74950	LT934125.1	+	1	74950	20.594966	648
12h	PC_12	74968	74968	LT934125.1	+	1	74968	53.302063	649
12h	PC_12	74981	74981	LT934125.1	+	1	74981	31.349928	650
12h	PC_12	75108	75108	LT934125.1	+	1	75108	100.38145	651
12h	C6	75133	75139	LT934125.1	+	7	75133	69.93545	652
12h	C6	75133	75169	LT934125.1	+	37	75133	129.1364	652
12h	PK_15	75133	75160	LT934125.1	+	28	75139	243.565804	652
12h	PK_15	75133	75154	LT934125.1	+	22	75154	65.789762	652
12h	PC_12	75139	75154	LT934125.1	+	16	75154	75.081737	652
12h	PC_12_2.5h	75139	75139	LT934125.1	+	1	75139	740.19245	652
12h	PK_15	75139	75154	LT934125.1	+	16	75154	64.073226	652
12h	PK_15	75139	75154	LT934125.1	+	16	75154	56.452068	652
12h	PC_12	75154	75167	LT934125.1	+	14	75154	79.953093	652
12h	PC_12	75154	75216	LT934125.1	+	63	75154	219.449496	652
12h	PK_15	75154	75154	LT934125.1	+	1	75154	362.056481	652
12h	C6	75183	75183	LT934125.1	+	1	75183	86.244071	652
12h	PC_12	75262	75271	LT934125.1	+	10	75262	133.255157	653
12h	PK_15	75262	75382	LT934125.1	+	121	75382	121.281466	653
12h	PK_15	75262	75382	LT934125.1	+	121	75382	92.105666	653
12h	C6	75289	75313	LT934125.1	+	25	75289	172.488142	653
12h	NRK	75302	75302	LT934125.1	+	1	75302	3236.245955	653
12h	PC_12	75318	75318	LT934125.1	+	1	75318	62.699856	653
12h	C6	75338	75441	LT934125.1	+	104	75382	387.4092	653
12h	PC_12	75349	75397	LT934125.1	+	49	75382	156.989085	653
12h	C6	75355	75355	LT934125.1	+	1	75355	1172.332943	653
12h	C6	75371	75382	LT934125.1	+	12	75382	55.94836	653
12h	PC_12	75371	75371	LT934125.1	+	1	75371	100.38145	653
12h	PK_15	75382	75382	LT934125.1	+	1	75382	32.258325	653
12h	PK_15	75491	75491	LT934125.1	+	1	75491	11.441648	654
12h	PK_15	75491	75491	LT934125.1	+	1	75491	13.157952	654
12h	C6	75653	75653	LT934125.1	+	1	75653	55.94836	655
12h	C6	75653	75653	LT934125.1	+	1	75653	86.244071	655
12h	C6	75653	75653	LT934125.1	+	1	75653	32.2841	655
12h	PC_12	75653	75653	LT934125.1	+	1	75653	20.476837	655
12h	PC_12	75653	75655	LT934125.1	+	3	75653	62.699856	655
12h	PK_15	75653	75653	LT934125.1	+	1	75653	13.729977	655
12h	PK_15	75653	75653	LT934125.1	+	1	75653	24.193743	655
12h	PK_15	75653	75653	LT934125.1	+	1	75653	26.315905	655
12h	PC_12	76263	76263	LT934125.1	+	1	76263	31.349928	656
12h	PC_12	76266	76266	LT934125.1	+	1	76266	26.651031	657
12h	C6	76674	76688	LT934125.1	+	15	76683	1897.369557	658
12h	C6	76677	76687	LT934125.1	+	11	76683	1454.657352	658
12h	C6	76677	76692	LT934125.1	+	16	76683	1355.932203	658
12h	PC_12	76677	76685	LT934125.1	+	9	76683	389.059908	658
12h	PC_12	76677	76687	LT934125.1	+	11	76683	799.530942	658
12h	PC_12	76677	76685	LT934125.1	+	9	76683	438.898991	658
12h	PK_15	76677	76689	LT934125.1	+	13	76683	814.522697	658
12h	PK_15	76677	76689	LT934125.1	+	13	76683	662.283607	658
12h	PK_15	76682	76685	LT934125.1	+	4	76683	974.263214	658
12h	C6	76683	76689	LT934125.1	+	7	76683	6163.328197	658
12h	PC_12	76683	76685	LT934125.1	+	3	76683	3335.557038	658
12h	PC_12	76683	76685	LT934125.1	+	3	76683	903.433046	658
12h	PK_15	76683	76685	LT934125.1	+	3	76683	183.066362	658
12h	PK_15	76683	76683	LT934125.1	+	1	76683	724.112962	658
12h	PC_12	76849	76849	LT934125.1	+	1	76849	31.349928	659
12h	PK_15	76914	76914	LT934125.1	+	1	76914	2923.976608	660
12h	C6	76990	76992	LT934125.1	+	3	76990	223.793439	661
12h	C6	76990	76992	LT934125.1	+	3	76990	603.708495	661
12h	C6	76990	76992	LT934125.1	+	3	76990	290.556901	661
12h	NRK	76990	76990	LT934125.1	+	1	76990	3236.245955	661
12h	PC_12_1.5h	76990	76990	LT934125.1	+	1	76990	2212.389381	661
12h	PC_12	76990	76990	LT934125.1	+	1	76990	34.128062	661
12h	PC_12_2.5h	76990	76990	LT934125.1	+	1	76990	1480.3849	661
12h	PC_12	76990	76990	LT934125.1	+	1	76990	2001.334223	661
12h	PC_12	76990	76992	LT934125.1	+	3	76990	301.144349	661
12h	PC_12	76990	76993	LT934125.1	+	4	76990	266.510314	661
12h	PC_12	76990	76990	LT934125.1	+	1	76990	94.049784	661
12h	PK_15	76990	76992	LT934125.1	+	3	76990	1448.225923	661
12h	PK_15	76990	76993	LT934125.1	+	4	76990	324.754405	661
12h	PK_15	76990	76992	LT934125.1	+	3	76990	161.291623	661
12h	PK_15	76990	76992	LT934125.1	+	3	76990	153.509445	661
12h	C6	76992	76992	LT934125.1	+	1	76992	1172.332943	661
12h	PC_12	77169	77169	LT934125.1	+	1	77169	31.349928	662
12h	C6	77226	77226	LT934125.1	+	1	77226	86.244071	663
12h	C6	77246	77246	LT934125.1	+	1	77246	32.2841	664
12h	C6	77426	77426	LT934125.1	+	1	77426	32.2841	665
12h	PC_12	77530	77530	LT934125.1	+	1	77530	31.349928	666
12h	PC_12	77536	77536	LT934125.1	+	1	77536	100.38145	667
12h	PC_12	77537	77537	LT934125.1	+	1	77537	26.651031	668
12h	C6	77552	77552	LT934125.1	+	1	77552	86.244071	669
12h	PC_12	77750	77750	LT934125.1	+	1	77750	26.651031	670
12h	PC_12	77760	77760	LT934125.1	+	1	77760	31.349928	671
12h	C6	77789	77816	LT934125.1	+	28	77789	64.5682	672
12h	PC_12	77844	77844	LT934125.1	+	1	77844	667.111408	673
12h	PC_12	77888	77899	LT934125.1	+	12	77888	53.302062	674
12h	PC_12	77896	77896	LT934125.1	+	1	77896	100.38145	674
12h	C6	77933	77954	LT934125.1	+	22	77933	172.488142	675
12h	C6	78018	78062	LT934125.1	+	45	78044	3325.262306	676
12h	C6	78035	78083	LT934125.1	+	49	78044	2391.792375	676
12h	C6	78035	78044	LT934125.1	+	10	78044	4689.331771	676
12h	C6	78035	78068	LT934125.1	+	34	78044	5864.59681	676
12h	PC_12	78035	78062	LT934125.1	+	28	78035	327.629397	676
12h	PC_12	78035	78042	LT934125.1	+	8	78035	6681.514476	676
12h	PC_12	78035	78044	LT934125.1	+	10	78035	3335.557038	676
12h	PC_12	78035	78092	LT934125.1	+	58	78044	852.833003	676
12h	PC_12	78035	78062	LT934125.1	+	28	78044	721.048342	676
12h	PK_15	78035	78044	LT934125.1	+	10	78044	123.569794	676
12h	PK_15	78035	78062	LT934125.1	+	28	78035	1339.61192	676
12h	PK_15	78035	78062	LT934125.1	+	28	78040	596.779004	676
12h	PK_15	78035	78062	LT934125.1	+	28	78044	517.54613	676
12h	PK_15	78036	78045	LT934125.1	+	10	78036	1086.169443	676
12h	PC_12	78037	78062	LT934125.1	+	26	78041	803.051599	676
12h	C6	78039	78044	LT934125.1	+	6	78044	6163.328197	676
12h	C6	78040	78062	LT934125.1	+	23	78041	3678.402524	676
12h	PC_12_1.5h	78042	78044	LT934125.1	+	3	78042	4424.778762	676
12h	C6	78228	78228	LT934125.1	+	1	78228	86.244071	677
12h	PC_12	78237	78237	LT934125.1	+	1	78237	31.349928	678
12h	PC_12	78254	78254	LT934125.1	+	1	78254	26.651031	679
12h	PK_15	78282	78336	LT934125.1	+	55	78282	121.782903	680
12h	PK_15	78332	78332	LT934125.1	+	1	78332	13.157952	680
12h	PC_12	78367	78367	LT934125.1	+	1	78367	100.38145	681
12h	C6	78436	78436	LT934125.1	+	1	78436	172.488141	682
12h	PC_12	78436	78460	LT934125.1	+	25	78436	53.302062	682
12h	PC_12	78516	78524	LT934125.1	+	9	78516	62.699856	683
12h	PK_15	78524	78524	LT934125.1	+	1	78524	40.594301	683
12h	C6	78526	78526	LT934125.1	+	1	78526	20.980635	684
12h	C6	78597	78597	LT934125.1	+	1	78597	86.244071	685
12h	PC_12	78601	78601	LT934125.1	+	1	78601	26.651031	686
12h	C6	78607	78607	LT934125.1	+	1	78607	32.2841	687
12h	C6	78653	78653	LT934125.1	+	1	78653	1540.832049	688
12h	PC_12	78749	78749	LT934125.1	+	1	78749	100.38145	689
12h	C6	78763	78763	LT934125.1	+	1	78763	86.244071	690
12h	PK_15	78776	78776	LT934125.1	+	1	78776	40.594301	691
12h	PC_12	78790	78828	LT934125.1	+	39	78828	213.20825	692
12h	C6	78825	78825	LT934125.1	+	1	78825	27.97418	692
12h	C6	78825	78844	LT934125.1	+	20	78825	193.7046	692
12h	PC_12	78825	78825	LT934125.1	+	1	78825	27.30245	692
12h	PK_15	78825	78825	LT934125.1	+	1	78825	18.306636	692
12h	PK_15	78825	78825	LT934125.1	+	1	78825	16.129162	692
12h	PK_15	78825	78825	LT934125.1	+	1	78825	17.543937	692
12h	PC_12_2.5h	78880	78901	LT934125.1	+	22	78880	1480.3849	693
12h	C6	78969	78969	LT934125.1	+	1	78969	20.980635	694
12h	PC_12	78979	79089	LT934125.1	+	111	78991	376.199136	695
12h	C6	78999	78999	LT934125.1	+	1	78999	86.244071	695
12h	PK_15	79008	79010	LT934125.1	+	3	79008	26.315904	695
12h	PC_12	79010	79024	LT934125.1	+	15	79010	106.604125	695
12h	PK_15	79010	79010	LT934125.1	+	1	79010	40.594301	695
12h	PK_15	79010	79010	LT934125.1	+	1	79010	16.129162	695
12h	PC_12	79051	79051	LT934125.1	+	1	79051	100.38145	695
12h	C6	79070	79171	LT934125.1	+	102	79143	225.9887	695
12h	C6	79126	79126	LT934125.1	+	1	79126	1172.332943	695
12h	PC_12	79143	79143	LT934125.1	+	1	79143	20.476837	695
12h	PK_15	79143	79143	LT934125.1	+	1	79143	29.748284	695
12h	PK_15	79143	79143	LT934125.1	+	1	79143	43.859841	695
12h	C6	79146	79146	LT934125.1	+	1	79146	86.244071	695
12h	PK_15	79203	79324	LT934125.1	+	122	79203	121.782903	696
12h	PC_12	79242	79242	LT934125.1	+	1	79242	667.111408	696
12h	C6	79248	79319	LT934125.1	+	72	79269	225.9887	696
12h	PC_12	79248	79287	LT934125.1	+	40	79260	133.255156	696
12h	PK_15	79248	79269	LT934125.1	+	22	79269	30.701889	696
12h	PC_12	79260	79260	LT934125.1	+	1	79260	100.38145	696
12h	PK_15	79260	79269	LT934125.1	+	10	79260	32.258324	696
12h	C6	79269	79269	LT934125.1	+	1	79269	20.980635	696
12h	PK_15	79269	79287	LT934125.1	+	19	79269	724.112962	696
12h	PK_15	79315	79315	LT934125.1	+	1	79315	16.018307	696
12h	PC_12	79343	79454	LT934125.1	+	112	79444	20973.101763	697
12h	C6	79401	79445	LT934125.1	+	45	79444	26698.950766	697
12h	C6	79418	79444	LT934125.1	+	27	79440	10785.824345	697
12h	PC_12	79432	79444	LT934125.1	+	13	79444	26726.057905	697
12h	PC_12	79433	79465	LT934125.1	+	33	79444	22681.78786	697
12h	PK_15	79436	79454	LT934125.1	+	19	79444	18621.11791	697
12h	C6	79437	79454	LT934125.1	+	18	79444	20854.751065	697
12h	C6	79437	79448	LT934125.1	+	12	79444	18887.451488	697
12h	PC_12	79437	79454	LT934125.1	+	18	79444	17043.554234	697
12h	PC_12	79437	79454	LT934125.1	+	18	79444	8395.07489	697
12h	PK_15	79437	79454	LT934125.1	+	18	79444	17462.242563	697
12h	PK_15	79437	79454	LT934125.1	+	18	79444	16654.598117	697
12h	PK_15	79437	79454	LT934125.1	+	18	79444	27035.804173	697
12h	PK_15	79437	79454	LT934125.1	+	18	79444	23263.259926	697
12h	C6	79439	79454	LT934125.1	+	16	79444	22274.325909	697
12h	PC_12_2.5h	79439	79461	LT934125.1	+	23	79444	30347.890451	697
12h	C6	79440	79447	LT934125.1	+	8	79444	12611.665792	697
12h	NRK	79440	79445	LT934125.1	+	6	79444	29126.213593	697
12h	PC_12_1.5h	79440	79454	LT934125.1	+	15	79444	35398.230089	697
12h	PC_12	79440	79461	LT934125.1	+	22	79444	8331.66031	697
12h	PK_15	79440	79444	LT934125.1	+	5	79444	17543.859649	697
12h	NRK	79444	79444	LT934125.1	+	1	79444	20202.020202	697
12h	PC_12_0.5h	79444	79444	LT934125.1	+	1	79444	32258.064516	697
12h	PC_12	79549	79650	LT934125.1	+	102	79618	470.24892	698
12h	PK_15	79582	79628	LT934125.1	+	47	79622	161.291622	698
12h	PC_12	79584	79650	LT934125.1	+	67	79622	143.337861	698
12h	C6	79585	79632	LT934125.1	+	48	79622	290.5569	698
12h	C6	79598	79618	LT934125.1	+	21	79598	2344.665886	698
12h	PC_12	79622	79675	LT934125.1	+	54	79622	401.525799	698
12h	PC_12_1.5h	79681	79681	LT934125.1	+	1	79681	2212.389381	699
12h	PC_12	79686	79806	LT934125.1	+	121	79781	348.106233	700
12h	PC_12	79686	79878	LT934125.1	+	193	79786	1504.796543	700
12h	PC_12	79702	79841	LT934125.1	+	140	79781	373.114436	700
12h	PC_12	79712	79712	LT934125.1	+	1	79712	2227.171492	700
12h	PK_15	79712	79786	LT934125.1	+	75	79781	157.895429	700
12h	PC_12	79714	79714	LT934125.1	+	1	79714	667.111408	700
12h	PK_15	79716	79781	LT934125.1	+	66	79781	123.569794	700
12h	PK_15	79728	79728	LT934125.1	+	1	79728	362.056481	700
12h	PK_15	79747	79806	LT934125.1	+	60	79781	129.033297	700
12h	C6	79749	79749	LT934125.1	+	1	79749	1540.832049	700
12h	PC_12	79749	79806	LT934125.1	+	58	79781	702.670149	700
12h	C6	79753	79825	LT934125.1	+	73	79781	677.966101	700
12h	C6	79781	79786	LT934125.1	+	6	79781	97.90963	700
12h	NRK	79781	79781	LT934125.1	+	1	79781	3236.245955	700
12h	PK_15	79884	79884	LT934125.1	+	1	79884	35.087873	701
12h	PC_12	80305	80305	LT934125.1	+	1	80305	31.349928	702
12h	PK_15	80368	80368	LT934125.1	+	1	80368	40.594301	703
12h	C6	80543	80543	LT934125.1	+	1	80543	86.244071	704
12h	PC_12	80693	80693	LT934125.1	+	1	80693	26.651031	705
12h	PC_12	80742	80742	LT934125.1	+	1	80742	31.349928	706
12h	C6	81081	81082	LT934125.1	+	2	81082	258.732212	707
12h	C6	81081	81084	LT934125.1	+	4	81082	161.4205	707
12h	PC_12	81081	81082	LT934125.1	+	2	81081	125.399712	707
12h	C6	81082	81082	LT934125.1	+	1	81082	90.916084	707
12h	PC_12	81082	81082	LT934125.1	+	1	81082	4454.342984	707
12h	PC_12	81082	81082	LT934125.1	+	1	81082	100.38145	707
12h	PC_12	81082	81098	LT934125.1	+	17	81082	159.906188	707
12h	PK_15	81082	81082	LT934125.1	+	1	81082	362.056481	707
12h	PK_15	81082	81082	LT934125.1	+	1	81082	81.188601	707
12h	PK_15	81082	81082	LT934125.1	+	1	81082	56.452068	707
12h	PK_15	81082	81082	LT934125.1	+	1	81082	30.701889	707
12h	PC_12	81332	81336	LT934125.1	+	5	81332	95.558574	708
12h	PC_12	81336	81336	LT934125.1	+	1	81336	31.349928	708
12h	C6	81436	81455	LT934125.1	+	20	81436	118.890264	709
12h	C6	81436	81436	LT934125.1	+	1	81436	86.244071	709
12h	C6	81436	81436	LT934125.1	+	1	81436	32.2841	709
12h	PC_12	81436	81436	LT934125.1	+	1	81436	54.604899	709
12h	PC_12	81436	81481	LT934125.1	+	46	81436	79.953093	709
12h	PC_12	81436	81480	LT934125.1	+	45	81436	125.399712	709
12h	PK_15	81436	81436	LT934125.1	+	1	81436	11.441648	709
12h	PK_15	81436	81436	LT934125.1	+	1	81436	17.543937	709
12h	PK_15	81480	81480	LT934125.1	+	1	81480	16.129162	709
12h	PK_15	81671	81671	LT934125.1	+	1	81671	362.056481	710
12h	PC_12	81739	81739	LT934125.1	+	1	81739	26.651031	711
12h	C6	81829	81829	LT934125.1	+	1	81829	34.967725	712
12h	PC_12	81830	81830	LT934125.1	+	1	81830	31.349928	713
12h	PC_12	81885	81885	LT934125.1	+	1	81885	26.651031	714
12h	PK_15	81965	81965	LT934125.1	+	1	81965	40.594301	715
12h	C6	82039	82039	LT934125.1	+	1	82039	32.2841	716
12h	PC_12	82081	82081	LT934125.1	+	1	82081	31.349928	717
12h	PC_12	82249	82249	LT934125.1	+	1	82249	62.699856	718
12h	C6	82471	82486	LT934125.1	+	16	82471	64.5682	719
12h	PC_12	82471	82471	LT934125.1	+	1	82471	26.651031	719
12h	PK_15	82471	82474	LT934125.1	+	4	82471	121.782902	719
12h	PK_15	82471	82471	LT934125.1	+	1	82471	16.129162	719
12h	NRK	82473	82473	LT934125.1	+	1	82473	3236.245955	719
12h	C6	82476	82476	LT934125.1	+	1	82476	1172.332943	719
12h	PC_12	82734	82734	LT934125.1	+	1	82734	26.651031	720
12h	C6	82790	82790	LT934125.1	+	1	82790	86.244071	721
12h	PC_12	82813	82813	LT934125.1	+	1	82813	667.111408	722
12h	C6	82818	82818	LT934125.1	+	1	82818	32.2841	723
12h	PC_12	83125	83125	LT934125.1	+	1	83125	100.38145	724
12h	C6	83131	83134	LT934125.1	+	4	83131	64.5682	725
12h	PC_12	83131	83131	LT934125.1	+	1	83131	26.651031	725
12h	PK_15	83131	83131	LT934125.1	+	1	83131	40.594301	725
12h	C6	83421	83421	LT934125.1	+	1	83421	32.2841	726
12h	PC_12	83424	83424	LT934125.1	+	1	83424	26.651031	727
12h	PC_12	83634	83634	LT934125.1	+	1	83634	26.651031	728
12h	C6	83685	83685	LT934125.1	+	1	83685	32.2841	729
12h	C6	83789	83794	LT934125.1	+	6	83789	1050.97215	730
12h	C6	83792	83792	LT934125.1	+	1	83792	69.93545	730
12h	C6	83792	83792	LT934125.1	+	1	83792	32.2841	730
12h	PC_12	83792	83792	LT934125.1	+	1	83792	26.651031	730
12h	PC_12	83792	83792	LT934125.1	+	1	83792	125.399712	730
12h	PK_15	83792	83792	LT934125.1	+	1	83792	40.594301	730
12h	PK_15	83792	83792	LT934125.1	+	1	83792	16.129162	730
12h	C6	83793	83793	LT934125.1	+	1	83793	86.244071	730
12h	C6	83975	83978	LT934125.1	+	4	83975	181.832169	731
12h	C6	83975	83980	LT934125.1	+	6	83975	1050.97215	731
12h	C6	83975	83980	LT934125.1	+	6	83975	290.5569	731
12h	PC_12	83975	83978	LT934125.1	+	4	83978	163.814699	731
12h	PC_12	83975	83979	LT934125.1	+	5	83975	4454.342984	731
12h	PC_12	83975	83978	LT934125.1	+	4	83975	2001.334223	731
12h	PC_12	83975	83978	LT934125.1	+	4	83978	266.510314	731
12h	PC_12	83975	83983	LT934125.1	+	9	83975	376.199135	731
12h	PK_15	83975	83978	LT934125.1	+	4	83978	54.919909	731
12h	PK_15	83975	83982	LT934125.1	+	8	83975	568.320209	731
12h	PK_15	83975	83978	LT934125.1	+	4	83978	233.872853	731
12h	PK_15	83975	83978	LT934125.1	+	4	83975	201.75527	731
12h	PK_15	83976	83978	LT934125.1	+	3	83978	1448.225923	731
12h	PC_12	83978	83978	LT934125.1	+	1	83978	301.144349	731
12h	C6	83980	83994	LT934125.1	+	15	83980	172.488142	731
12h	PK_15	84134	84134	LT934125.1	+	1	84134	362.056481	732
12h	PC_12	84143	84143	LT934125.1	+	1	84143	26.651031	733
12h	C6	84158	84158	LT934125.1	+	1	84158	32.2841	734
12h	C6	84182	84182	LT934125.1	+	1	84182	86.244071	735
12h	PK_15	84251	84251	LT934125.1	+	1	84251	40.594301	736
12h	PC_12	84339	84339	LT934125.1	+	1	84339	31.349928	737
12h	PK_15	84380	84380	LT934125.1	+	1	84380	362.056481	738
12h	PC_12	84449	84449	LT934125.1	+	1	84449	31.349928	739
12h	C6	84494	84494	LT934125.1	+	1	84494	32.2841	740
12h	PC_12	84587	84587	LT934125.1	+	1	84587	26.651031	741
12h	C6	84635	84645	LT934125.1	+	11	84645	48.954815	742
12h	PC_12	84715	84715	LT934125.1	+	1	84715	100.38145	743
12h	PC_12	84771	84771	LT934125.1	+	1	84771	667.111408	744
12h	PK_15	84865	84990	LT934125.1	+	126	84865	81.188602	745
12h	PC_12	84873	84974	LT934125.1	+	102	84873	62.699856	745
12h	C6	84917	84917	LT934125.1	+	1	84917	32.2841	745
12h	PC_12	84930	84944	LT934125.1	+	15	84930	53.302062	745
12h	PC_12	84986	84986	LT934125.1	+	1	84986	100.38145	745
12h	C6	84990	84990	LT934125.1	+	1	84990	525.486075	745
12h	C6	85000	85000	LT934125.1	+	1	85000	86.244071	746
12h	C6	85056	85056	LT934125.1	+	1	85056	1172.332943	747
12h	PC_12	85089	85089	LT934125.1	+	1	85089	100.38145	748
12h	C6	85104	85104	LT934125.1	+	1	85104	86.244071	749
12h	PC_12	85110	85110	LT934125.1	+	1	85110	26.651031	750
12h	PK_15	85270	85270	LT934125.1	+	1	85270	16.129162	751
12h	PC_12_2.5h	85288	85288	LT934125.1	+	1	85288	740.19245	752
12h	PK_15	85301	85301	LT934125.1	+	1	85301	40.594301	753
12h	PC_12	85368	85368	LT934125.1	+	1	85368	1334.222815	754
12h	PK_15	85371	85371	LT934125.1	+	1	85371	362.056481	755
12h	PC_12	85416	85416	LT934125.1	+	1	85416	31.349928	756
12h	PC_12	85431	85431	LT934125.1	+	1	85431	100.38145	757
12h	C6	85470	85493	LT934125.1	+	24	85470	129.1364	758
12h	PC_12	85470	85493	LT934125.1	+	24	85470	53.302062	758
12h	PK_15	85484	85499	LT934125.1	+	16	85484	32.258324	758
12h	C6	85493	85528	LT934125.1	+	36	85493	258.732213	758
12h	PK_15	85493	85498	LT934125.1	+	6	85493	121.782903	758
12h	PK_15	85555	85555	LT934125.1	+	1	85555	362.056481	759
12h	C6	85633	85697	LT934125.1	+	65	85633	129.1364	760
12h	PC_12	85676	85676	LT934125.1	+	1	85676	20.476837	760
12h	PC_12	85676	85733	LT934125.1	+	58	85710	133.255156	760
12h	PC_12	85694	85733	LT934125.1	+	40	85694	125.399712	760
12h	PK_15	85710	85710	LT934125.1	+	1	85710	16.129162	760
12h	PK_15	85710	85710	LT934125.1	+	1	85710	13.157952	760
12h	PK_15	85733	85733	LT934125.1	+	1	85733	40.594301	760
12h	PC_12	85820	85820	LT934125.1	+	1	85820	667.111408	761
12h	C6	85838	85838	LT934125.1	+	1	85838	32.2841	762
12h	PC_12	85846	85846	LT934125.1	+	1	85846	20.476837	763
12h	PC_12_1.5h	85994	85994	LT934125.1	+	1	85994	2212.389381	764
12h	PC_12	85995	86046	LT934125.1	+	52	85996	250.799424	765
12h	C6	85996	85996	LT934125.1	+	1	85996	62.941905	765
12h	C6	85996	85996	LT934125.1	+	1	85996	32.2841	765
12h	PC_12	85996	85996	LT934125.1	+	1	85996	20.476837	765
12h	PC_12	85996	86043	LT934125.1	+	48	85996	133.255156	765
12h	PK_15	85996	85997	LT934125.1	+	2	85996	162.377202	765
12h	PK_15	85996	85996	LT934125.1	+	1	85996	24.193743	765
12h	PK_15	85996	86018	LT934125.1	+	23	85996	57.017794	765
12h	PC_12_2.5h	85999	85999	LT934125.1	+	1	85999	740.19245	765
12h	PK_15	86048	86048	LT934125.1	+	1	86048	362.056481	766
12h	PC_12	86204	86204	LT934125.1	+	1	86204	31.349928	767
12h	C6	86229	86282	LT934125.1	+	54	86278	188.825715	768
12h	C6	86229	86229	LT934125.1	+	1	86229	1172.332943	768
12h	PC_12	86255	86282	LT934125.1	+	28	86278	102.384187	768
12h	PK_15	86255	86255	LT934125.1	+	1	86255	362.056481	768
12h	PK_15	86255	86278	LT934125.1	+	24	86255	81.188602	768
12h	PC_12	86275	86278	LT934125.1	+	4	86275	53.302062	768
12h	C6	86278	86282	LT934125.1	+	5	86282	96.8523	768
12h	PC_12	86278	86278	LT934125.1	+	1	86278	100.38145	768
12h	C6	86282	86282	LT934125.1	+	1	86282	172.488141	768
12h	PC_12	86544	86544	LT934125.1	+	1	86544	20.476837	769
12h	PC_12	86551	86551	LT934125.1	+	1	86551	100.38145	770
12h	PC_12	86559	86559	LT934125.1	+	1	86559	62.699856	771
12h	C6	86739	86739	LT934125.1	+	1	86739	32.2841	772
12h	C6	87040	87040	LT934125.1	+	1	87040	32.2841	773
12h	PC_12	87049	87049	LT934125.1	+	1	87049	26.651031	774
12h	PC_12	87051	87065	LT934125.1	+	15	87051	62.699856	775
12h	C6	87212	87216	LT934125.1	+	5	87216	96.8523	776
12h	PC_12	87212	87216	LT934125.1	+	5	87212	40.953674	776
12h	PC_12	87212	87212	LT934125.1	+	1	87212	31.349928	776
12h	PK_15	87212	87212	LT934125.1	+	1	87212	17.543937	776
12h	C6	87216	87216	LT934125.1	+	1	87216	27.97418	776
12h	PC_12	87344	87344	LT934125.1	+	1	87344	26.651031	777
12h	C6	88068	88068	LT934125.1	+	1	88068	86.244071	778
12h	PC_12	88155	88156	LT934125.1	+	2	88155	200.7629	779
12h	PK_15	88155	88155	LT934125.1	+	1	88155	16.129162	779
12h	PC_12	88162	88162	LT934125.1	+	1	88162	26.651031	780
12h	PC_12	88373	88373	LT934125.1	+	1	88373	31.349928	781
12h	PC_12	88556	88556	LT934125.1	+	1	88556	26.651031	782
12h	C6	88646	88646	LT934125.1	+	1	88646	86.244071	783
12h	C6	88883	88888	LT934125.1	+	6	88883	48.954815	784
12h	C6	88883	88883	LT934125.1	+	1	88883	3081.664099	784
12h	C6	88883	88888	LT934125.1	+	6	88888	431.220353	784
12h	PC_12	88883	88883	LT934125.1	+	1	88883	34.128062	784
12h	PC_12_2.5h	88883	88883	LT934125.1	+	1	88883	740.19245	784
12h	PC_12	88883	88883	LT934125.1	+	1	88883	667.111408	784
12h	PC_12	88883	88888	LT934125.1	+	6	88883	159.906188	784
12h	PC_12	88883	88883	LT934125.1	+	1	88883	94.049784	784
12h	PK_15	88883	88888	LT934125.1	+	6	88883	32.036614	784
12h	PK_15	88883	88888	LT934125.1	+	6	88888	64.516649	784
12h	PK_15	88883	88888	LT934125.1	+	6	88883	135.965508	784
12h	PK_15	88885	88885	LT934125.1	+	1	88885	2923.976608	784
12h	PC_12	88888	88888	LT934125.1	+	1	88888	100.38145	784
12h	PK_15	88888	88888	LT934125.1	+	1	88888	40.594301	784
12h	C6	88892	88892	LT934125.1	+	1	88892	525.486075	785
12h	PC_12	89014	89014	LT934125.1	+	1	89014	26.651031	786
12h	C6	89133	89133	LT934125.1	+	1	89133	20.980635	787
12h	C6	89133	89133	LT934125.1	+	1	89133	1172.332943	787
12h	C6	89133	89133	LT934125.1	+	1	89133	32.2841	787
12h	PC_12	89133	89133	LT934125.1	+	1	89133	27.30245	787
12h	PC_12	89133	89157	LT934125.1	+	25	89157	94.049784	787
12h	PK_15	89133	89133	LT934125.1	+	1	89133	24.193743	787
12h	PK_15	89133	89133	LT934125.1	+	1	89133	30.701889	787
12h	PC_12	89229	89229	LT934125.1	+	1	89229	26.651031	788
12h	C6	89239	89239	LT934125.1	+	1	89239	1050.972149	789
12h	PC_12	89294	89294	LT934125.1	+	1	89294	31.349928	790
12h	PK_15	89299	89299	LT934125.1	+	1	89299	40.594301	791
12h	C6	89393	89393	LT934125.1	+	1	89393	172.488141	792
12h	C6	89465	89465	LT934125.1	+	1	89465	32.2841	793
12h	PK_15	89499	89499	LT934125.1	+	1	89499	16.129162	794
12h	PC_12	89513	89513	LT934125.1	+	1	89513	100.38145	795
12h	PK_15	89513	89513	LT934125.1	+	1	89513	40.594301	795
12h	PK_15	89635	89635	LT934125.1	+	1	89635	40.594301	796
12h	C6	89666	89666	LT934125.1	+	1	89666	20.980635	797
12h	C6	89694	89694	LT934125.1	+	1	89694	32.2841	798
12h	PC_12	89758	89763	LT934125.1	+	6	89758	53.302062	799
12h	PC_12	89759	89759	LT934125.1	+	1	89759	200.762899	799
12h	C6	89761	89761	LT934125.1	+	1	89761	86.244071	799
12h	PC_12	89850	89930	LT934125.1	+	81	89883	376.199136	800
12h	PC_12	89856	89924	LT934125.1	+	69	89883	266.510311	800
12h	PK_15	89856	89927	LT934125.1	+	72	89927	202.971504	800
12h	C6	89876	89889	LT934125.1	+	14	89883	97.90963	800
12h	C6	89876	89892	LT934125.1	+	17	89883	193.7046	800
12h	PK_15	89876	89910	LT934125.1	+	35	89883	96.774973	800
12h	PC_12	89883	89883	LT934125.1	+	1	89883	27.30245	800
12h	PK_15	89883	89883	LT934125.1	+	1	89883	11.441648	800
12h	PK_15	89883	89883	LT934125.1	+	1	89883	57.017794	800
12h	C6	90007	90007	LT934125.1	+	1	90007	20.980635	801
12h	C6	90007	90007	LT934125.1	+	1	90007	32.2841	801
12h	PC_12	90007	90007	LT934125.1	+	1	90007	53.302063	801
12h	PK_15	90007	90007	LT934125.1	+	1	90007	17.543937	801
12h	C6	90029	90029	LT934125.1	+	1	90029	86.244071	802
12h	PC_12	90091	90091	LT934125.1	+	1	90091	100.38145	803
12h	PC_12_2.5h	90170	90170	LT934125.1	+	1	90170	740.19245	804
12h	PC_12	90233	90233	LT934125.1	+	1	90233	667.111408	805
12h	PK_15	90233	90233	LT934125.1	+	1	90233	40.594301	805
12h	C6	90243	90243	LT934125.1	+	1	90243	86.244071	806
12h	PC_12	90249	90249	LT934125.1	+	1	90249	26.651031	807
12h	PC_12	90269	90269	LT934125.1	+	1	90269	31.349928	808
12h	C6	90369	90381	LT934125.1	+	13	90381	517.464425	809
12h	C6	90381	90381	LT934125.1	+	1	90381	76.928995	809
12h	C6	90381	90390	LT934125.1	+	10	90381	225.9887	809
12h	PC_12	90381	90381	LT934125.1	+	1	90381	40.953675	809
12h	PC_12	90381	90381	LT934125.1	+	1	90381	200.762899	809
12h	PC_12	90381	90389	LT934125.1	+	9	90381	106.604125	809
12h	PK_15	90381	90381	LT934125.1	+	1	90381	25.171625	809
12h	PK_15	90381	90381	LT934125.1	+	1	90381	121.782902	809
12h	PK_15	90381	90381	LT934125.1	+	1	90381	40.322906	809
12h	PK_15	90381	90381	LT934125.1	+	1	90381	26.315905	809
12h	PC_12	90476	90476	LT934125.1	+	1	90476	31.349928	810
12h	C6	90530	90530	LT934125.1	+	1	90530	86.244071	811
12h	PK_15	90617	90617	LT934125.1	+	1	90617	16.129162	812
12h	PC_12	90689	90752	LT934125.1	+	64	90699	313.49928	813
12h	C6	90699	90732	LT934125.1	+	34	90699	83.92254	813
12h	PC_12	90699	90732	LT934125.1	+	34	90710	133.255157	813
12h	C6	90709	90732	LT934125.1	+	24	90709	96.8523	813
12h	C6	90710	90710	LT934125.1	+	1	90710	1172.332943	813
12h	C6	90710	90710	LT934125.1	+	1	90710	86.244071	813
12h	PC_12	90726	90726	LT934125.1	+	1	90726	100.38145	813
12h	PC_12	90727	90727	LT934125.1	+	1	90727	20.476837	813
12h	NRK	90732	90732	LT934125.1	+	1	90732	3236.245955	813
12h	PK_15	90732	90732	LT934125.1	+	1	90732	16.129162	813
12h	PK_15	90732	90732	LT934125.1	+	1	90732	13.157952	813
12h	PC_12_2.5h	90782	90782	LT934125.1	+	1	90782	740.19245	814
12h	C6	90908	90943	LT934125.1	+	36	90908	258.732213	815
12h	PK_15	90941	90944	LT934125.1	+	4	90941	81.188602	815
12h	PC_12	90986	90986	LT934125.1	+	1	90986	26.651031	816
12h	C6	91112	91154	LT934125.1	+	43	91154	193.7046	817
12h	C6	91143	91154	LT934125.1	+	12	91143	172.488142	817
12h	PC_12	91143	91154	LT934125.1	+	12	91143	79.953094	817
12h	C6	91154	91154	LT934125.1	+	1	91154	1050.972149	817
12h	NRK	91154	91154	LT934125.1	+	1	91154	3236.245955	817
12h	PK_15	91154	91154	LT934125.1	+	1	91154	13.157952	817
12h	PC_12	91258	91273	LT934125.1	+	16	91258	62.699856	818
12h	PC_12	91356	91448	LT934125.1	+	93	91409	2131.795098	819
12h	PC_12	91360	91360	LT934125.1	+	1	91360	1334.222815	819
12h	PK_15	91360	91431	LT934125.1	+	72	91409	2395.063735	819
12h	C6	91383	91414	LT934125.1	+	32	91409	7033.997656	819
12h	PK_15	91383	91383	LT934125.1	+	1	91383	2923.976608	819
12h	C6	91409	91415	LT934125.1	+	7	91409	1888.257139	819
12h	C6	91409	91414	LT934125.1	+	6	91409	4203.888597	819
12h	C6	91409	91415	LT934125.1	+	7	91409	1811.125485	819
12h	C6	91409	91415	LT934125.1	+	7	91409	2711.864406	819
12h	NRK	91409	91409	LT934125.1	+	1	91409	3236.245955	819
12h	PC_12	91409	91415	LT934125.1	+	7	91409	1324.168812	819
12h	PC_12_2.5h	91409	91412	LT934125.1	+	4	91412	3700.96225	819
12h	PC_12	91409	91412	LT934125.1	+	4	91409	1806.866091	819
12h	PC_12	91409	91415	LT934125.1	+	7	91409	1625.712914	819
12h	PK_15	91409	91415	LT934125.1	+	7	91409	1045.76659	819
12h	PK_15	91409	91409	LT934125.1	+	1	91409	724.112962	819
12h	PK_15	91409	91415	LT934125.1	+	7	91409	1427.430866	819
12h	PK_15	91409	91415	LT934125.1	+	7	91409	1144.741863	819
12h	PC_12	91509	91550	LT934125.1	+	42	91548	639.624752	820
12h	C6	91538	91548	LT934125.1	+	11	91548	1576.458224	820
12h	C6	91545	91548	LT934125.1	+	4	91548	174.838624	820
12h	C6	91545	91555	LT934125.1	+	11	91548	431.220354	820
12h	C6	91545	91570	LT934125.1	+	26	91548	225.9887	820
12h	PC_12	91545	91548	LT934125.1	+	4	91548	197.942761	820
12h	PC_12	91545	91570	LT934125.1	+	26	91548	602.288699	820
12h	PK_15	91545	91548	LT934125.1	+	4	91548	137.299771	820
12h	PK_15	91545	91574	LT934125.1	+	30	91548	365.348706	820
12h	PK_15	91545	91548	LT934125.1	+	4	91548	171.053382	820
12h	PC_12_2.5h	91548	91548	LT934125.1	+	1	91548	740.19245	820
12h	PC_12	91548	91548	LT934125.1	+	1	91548	667.111408	820
12h	PC_12	91548	91568	LT934125.1	+	21	91548	188.099568	820
12h	PK_15	91548	91548	LT934125.1	+	1	91548	201.614529	820
12h	PC_12	91692	91695	LT934125.1	+	4	91692	62.699856	821
12h	PC_12	91734	91739	LT934125.1	+	6	91734	53.302062	822
12h	PK_15	91743	91745	LT934125.1	+	3	91743	81.188602	823
12h	C6	91761	91761	LT934125.1	+	1	91761	86.244071	824
12h	PC_12	91786	91786	LT934125.1	+	1	91786	100.38145	825
12h	C6	91816	91816	LT934125.1	+	1	91816	32.2841	826
12h	PK_15	91889	91889	LT934125.1	+	1	91889	16.129162	827
12h	PC_12	91915	91915	LT934125.1	+	1	91915	26.651031	828
12h	PC_12	92127	92183	LT934125.1	+	57	92183	188.099568	829
12h	C6	92158	92158	LT934125.1	+	1	92158	32.2841	829
12h	PC_12	92239	92239	LT934125.1	+	1	92239	26.651031	830
12h	PK_15	92240	92241	LT934125.1	+	2	92240	81.188602	831
12h	C6	92247	92247	LT934125.1	+	1	92247	525.486075	832
12h	PK_15	92281	92289	LT934125.1	+	9	92281	26.315904	833
12h	PC_12	92283	92283	LT934125.1	+	1	92283	667.111408	833
12h	C6	92284	92288	LT934125.1	+	5	92288	111.896719	833
12h	PC_12	92284	92288	LT934125.1	+	5	92284	188.099568	833
12h	PC_12	92288	92291	LT934125.1	+	4	92288	81.907349	833
12h	PK_15	92288	92288	LT934125.1	+	1	92288	16.129162	833
12h	PK_15	92291	92291	LT934125.1	+	1	92291	13.729977	833
12h	PC_12	92292	92292	LT934125.1	+	1	92292	100.38145	834
12h	C6	92421	92456	LT934125.1	+	36	92453	258.761164	835
12h	PC_12	92421	92487	LT934125.1	+	67	92453	655.258792	835
12h	PC_12	92423	92423	LT934125.1	+	1	92423	100.38145	835
12h	C6	92431	92431	LT934125.1	+	1	92431	1172.332943	835
12h	PK_15	92431	92482	LT934125.1	+	52	92451	202.971504	835
12h	PC_12	92451	92456	LT934125.1	+	6	92451	106.604124	835
12h	PC_12	92451	92487	LT934125.1	+	37	92453	815.098127	835
12h	PK_15	92451	92456	LT934125.1	+	6	92453	153.318077	835
12h	PK_15	92451	92456	LT934125.1	+	6	92453	120.968717	835
12h	PK_15	92451	92456	LT934125.1	+	6	92453	162.281413	835
12h	C6	92453	92454	LT934125.1	+	2	92453	322.841001	835
12h	PK_15	92453	92453	LT934125.1	+	1	92453	362.056481	835
12h	C6	92482	92482	LT934125.1	+	1	92482	86.244071	835
12h	C6	92646	92646	LT934125.1	+	1	92646	32.2841	836
12h	PC_12	93323	93323	LT934125.1	+	1	93323	26.651031	837
12h	PC_12	93611	93611	LT934125.1	+	1	93611	31.349928	838
12h	PC_12	93770	93770	LT934125.1	+	1	93770	100.38145	839
12h	PC_12	93781	93781	LT934125.1	+	1	93781	31.349928	840
12h	PC_12	93927	93927	LT934125.1	+	1	93927	62.699856	841
12h	PC_12	93929	93929	LT934125.1	+	1	93929	100.38145	842
12h	C6	94102	94102	LT934125.1	+	1	94102	86.244071	843
12h	PC_12	94169	94169	LT934125.1	+	1	94169	31.349928	844
12h	PC_12	94310	94310	LT934125.1	+	1	94310	31.349928	845
12h	PC_12	94371	94371	LT934125.1	+	1	94371	26.651031	846
12h	C6	94382	94382	LT934125.1	+	1	94382	1540.832049	847
12h	C6	94406	94422	LT934125.1	+	17	94406	64.5682	848
12h	PK_15	94580	94580	LT934125.1	+	1	94580	40.594301	849
12h	C6	94684	94684	LT934125.1	+	1	94684	32.2841	850
12h	C6	95029	95029	LT934125.1	+	1	95029	27.97418	851
12h	PC_12	95749	95750	LT934125.1	+	2	95749	53.302062	852
12h	C6	95750	95750	LT934125.1	+	1	95750	90.916084	852
12h	PC_12	95750	95750	LT934125.1	+	1	95750	27.30245	852
12h	PC_12	95750	95753	LT934125.1	+	4	95750	188.099567	852
12h	PK_15	95750	95750	LT934125.1	+	1	95750	27.459954	852
12h	PK_15	95750	95750	LT934125.1	+	1	95750	26.315905	852
12h	PC_12	96008	96044	LT934125.1	+	37	96010	188.099568	853
12h	C6	96016	96016	LT934125.1	+	1	96016	86.244071	853
12h	PK_15	96046	96046	LT934125.1	+	1	96046	13.157952	854
12h	C6	96095	96095	LT934125.1	+	1	96095	32.2841	855
12h	C6	96197	96197	LT934125.1	+	1	96197	27.97418	856
12h	C6	96197	96197	LT934125.1	+	1	96197	32.2841	856
12h	PC_12_1.5h	96214	96214	LT934125.1	+	1	96214	2212.389381	857
12h	C6	96526	96526	LT934125.1	+	1	96526	20.980635	858
12h	PK_15	96553	96553	LT934125.1	+	1	96553	40.594301	859
12h	PC_12	96856	96885	LT934125.1	+	30	96856	62.699856	860
12h	C6	96885	96885	LT934125.1	+	1	96885	62.941905	860
12h	C6	96885	96885	LT934125.1	+	1	96885	32.2841	860
12h	PC_12	96885	96885	LT934125.1	+	1	96885	20.476837	860
12h	PC_12	96885	96885	LT934125.1	+	1	96885	26.651031	860
12h	PK_15	96885	96885	LT934125.1	+	1	96885	27.459954	860
12h	PK_15	96885	96885	LT934125.1	+	1	96885	40.594301	860
12h	PK_15	96885	96886	LT934125.1	+	2	96885	32.258324	860
12h	PK_15	96885	96885	LT934125.1	+	1	96885	35.087873	860
12h	C6	96948	96948	LT934125.1	+	1	96948	86.244071	861
12h	C6	97003	97003	LT934125.1	+	1	97003	32.2841	862
12h	PC_12	97102	97130	LT934125.1	+	29	97102	62.699856	863
12h	PC_12	97394	97394	LT934125.1	+	1	97394	31.349928	864
12h	PC_12	97603	97603	LT934125.1	+	1	97603	26.651031	865
12h	PC_12	97907	97907	LT934125.1	+	1	97907	31.349928	866
12h	PC_12	98034	98034	LT934125.1	+	1	98034	26.651031	867
12h	PC_12	98107	98107	LT934125.1	+	1	98107	31.349928	868
12h	PC_12	98327	98329	LT934125.1	+	3	98327	62.699856	869
12h	PK_15	98327	98327	LT934125.1	+	1	98327	13.157952	869
12h	C6	98450	98450	LT934125.1	+	1	98450	525.486075	870
12h	C6	98452	98464	LT934125.1	+	13	98452	129.1364	871
12h	C6	98464	98464	LT934125.1	+	1	98464	41.96127	871
12h	PK_15	98464	98470	LT934125.1	+	7	98464	39.473857	871
12h	PK_15	98470	98470	LT934125.1	+	1	98470	32.258325	871
12h	C6	98712	98712	LT934125.1	+	1	98712	86.244071	872
12h	C6	99576	99576	LT934125.1	+	1	99576	265.754708	873
12h	C6	99576	99576	LT934125.1	+	1	99576	32.2841	873
12h	PC_12	99576	99576	LT934125.1	+	1	99576	20.476837	873
12h	PC_12	99576	99576	LT934125.1	+	1	99576	62.699856	873
12h	PK_15	99576	99576	LT934125.1	+	1	99576	26.315905	873
12h	C6	99822	99822	LT934125.1	+	1	99822	32.2841	874
12h	PC_12	99831	99831	LT934125.1	+	1	99831	26.651031	875
12h	PC_12	99951	99951	LT934125.1	+	1	99951	31.349928	876
12h	PC_12	100111	100111	LT934125.1	+	1	100111	26.651031	877
12h	PC_12	100385	100385	LT934125.1	+	1	100385	26.651031	878
12h	NRK	100598	100598	LT934125.1	+	1	100598	3236.245955	879
12h	PC_12	100598	100598	LT934125.1	+	1	100598	31.349928	879
12h	PK_15	100598	100598	LT934125.1	+	1	100598	362.056481	879
12h	PK_15	100598	100598	LT934125.1	+	1	100598	24.193743	879
12h	PC_12	100678	100678	LT934125.1	+	1	100678	100.38145	880
12h	C6	100700	100700	LT934125.1	+	1	100700	32.2841	881
12h	PC_12	100936	100936	LT934125.1	+	1	100936	26.651031	882
12h	PK_15	100936	100938	LT934125.1	+	3	100936	54.919909	882
12h	PK_15	100936	100936	LT934125.1	+	1	100936	40.594301	882
12h	PC_12	101000	101000	LT934125.1	+	1	101000	31.349928	883
12h	PK_15	101059	101059	LT934125.1	+	1	101059	41.189931	884
12h	PC_12	101290	101293	LT934125.1	+	4	101290	75.081737	885
12h	PC_12	101290	101290	LT934125.1	+	1	101290	53.302063	885
12h	PK_15	101290	101293	LT934125.1	+	4	101290	251.716247	885
12h	PK_15	101290	101290	LT934125.1	+	1	101290	40.594301	885
12h	PK_15	101290	101293	LT934125.1	+	4	101290	184.211335	885
12h	C6	101293	101293	LT934125.1	+	1	101293	20.980635	885
12h	C6	101386	101386	LT934125.1	+	1	101386	86.244071	886
12h	PC_12	101472	101472	LT934125.1	+	1	101472	26.651031	887
12h	PC_12	101472	101472	LT934125.1	+	1	101472	31.349928	887
12h	PK_15	101472	101472	LT934125.1	+	1	101472	11.441648	887
12h	PK_15	101472	101472	LT934125.1	+	1	101472	40.594301	887
12h	PK_15	101472	101472	LT934125.1	+	1	101472	32.258325	887
12h	PK_15	101472	101472	LT934125.1	+	1	101472	39.473857	887
12h	C6	101588	101588	LT934125.1	+	1	101588	32.2841	888
12h	PC_12	101603	101603	LT934125.1	+	1	101603	26.651031	889
12h	PC_12	101603	101603	LT934125.1	+	1	101603	31.349928	889
12h	C6	101703	101703	LT934125.1	+	1	101703	32.2841	890
12h	PK_15	101703	101703	LT934125.1	+	1	101703	13.157952	890
12h	PC_12	101729	101729	LT934125.1	+	1	101729	100.38145	891
12h	PK_15	101729	101729	LT934125.1	+	1	101729	81.188601	891
12h	PK_15	101729	101729	LT934125.1	+	1	101729	16.129162	891
12h	PC_12	101732	101732	LT934125.1	+	1	101732	26.651031	892
12h	PC_12_1.5h	101803	101803	LT934125.1	+	1	101803	2212.389381	893
12h	PC_12_2.5h	101803	101808	LT934125.1	+	6	101803	1480.3849	893
12h	PC_12	101803	101803	LT934125.1	+	1	101803	94.049784	893
12h	C6	101918	101918	LT934125.1	+	1	101918	32.2841	894
12h	C6	102062	102062	LT934125.1	+	1	102062	20.980635	895
12h	PC_12	102062	102062	LT934125.1	+	1	102062	26.651031	895
12h	PC_12	102062	102062	LT934125.1	+	1	102062	31.349928	895
12h	PC_12	102711	102724	LT934125.1	+	14	102711	53.302062	896
12h	PC_12	102807	102807	LT934125.1	+	1	102807	31.349928	897
12h	PC_12	102838	102845	LT934125.1	+	8	102838	40.953674	898
12h	PK_15	102845	102845	LT934125.1	+	1	102845	40.594301	898
12h	C6	102851	102851	LT934125.1	+	1	102851	64.5682	899
12h	PK_15	102851	102862	LT934125.1	+	12	102851	5847.953216	899
12h	PC_12	102860	102860	LT934125.1	+	1	102860	26.651031	899
12h	C6	102864	102864	LT934125.1	+	1	102864	525.486075	900
12h	PC_12	103204	103204	LT934125.1	+	1	103204	31.349928	901
12h	PC_12	103528	103528	LT934125.1	+	1	103528	31.349928	902
12h	PC_12	103628	103628	LT934125.1	+	1	103628	31.349928	903
12h	PC_12	103721	103721	LT934125.1	+	1	103721	26.651031	904
12h	PK_15	103790	103790	LT934125.1	+	1	103790	40.594301	905
12h	PC_12	103932	103932	LT934125.1	+	1	103932	31.349928	906
12h	C6	103994	103994	LT934125.1	+	1	103994	20.980635	907
12h	PK_15	103997	103997	LT934125.1	+	1	103997	362.056481	908
12h	PC_12	104102	104102	LT934125.1	+	1	104102	26.651031	909
12h	PC_12	104219	104219	LT934125.1	+	1	104219	31.349928	910
12h	PK_15	104219	104219	LT934125.1	+	1	104219	40.594301	910
12h	PC_12	104310	104310	LT934125.1	+	1	104310	667.111408	911
12h	PK_15	104457	104457	LT934125.1	+	1	104457	2923.976608	912
12h	PC_12	104463	104463	LT934125.1	+	1	104463	26.651031	913
12h	PC_12	104529	104529	LT934125.1	+	1	104529	31.349928	914
12h	C6	104558	104558	LT934125.1	+	1	104558	86.244071	915
12h	PC_12	104656	104780	LT934125.1	+	125	104764	407.549064	916
12h	C6	104694	104694	LT934125.1	+	1	104694	32.2841	916
12h	PC_12	104703	104733	LT934125.1	+	31	104703	79.953093	916
12h	PK_15	104721	104780	LT934125.1	+	60	104721	20467.836256	916
12h	PK_15	104721	104721	LT934125.1	+	1	104721	40.594301	916
12h	PC_12	104722	104722	LT934125.1	+	1	104722	667.111408	916
12h	PK_15	104739	104761	LT934125.1	+	23	104739	724.112962	916
12h	PK_15	104739	104763	LT934125.1	+	25	104739	32.258324	916
12h	C6	104763	104763	LT934125.1	+	1	104763	86.244071	916
12h	PC_12	104763	104764	LT934125.1	+	2	104764	47.779287	916
12h	PK_15	104763	104780	LT934125.1	+	18	104763	39.473857	916
12h	PC_12	104819	104819	LT934125.1	+	1	104819	100.38145	917
12h	C6	104822	104851	LT934125.1	+	30	104851	96.8523	918
12h	PC_12	105017	105017	LT934125.1	+	1	105017	31.349928	919
12h	PC_12	105142	105142	LT934125.1	+	1	105142	26.651031	920
12h	PC_12	105142	105177	LT934125.1	+	36	105172	250.799424	920
12h	C6	105149	105149	LT934125.1	+	1	105149	20.980635	920
12h	PC_12	105167	105167	LT934125.1	+	1	105167	27.30245	920
12h	C6	105170	105172	LT934125.1	+	3	105170	64.5682	920
12h	C6	105271	105271	LT934125.1	+	1	105271	86.244071	921
12h	PC_12	105389	105393	LT934125.1	+	5	105389	94.049784	922
12h	PC_12	105410	105410	LT934125.1	+	1	105410	53.302063	923
12h	PK_15	105410	105410	LT934125.1	+	1	105410	40.594301	923
12h	PC_12	105533	105533	LT934125.1	+	1	105533	26.651031	924
12h	PC_12	105533	105533	LT934125.1	+	1	105533	62.699856	924
12h	C6	105814	105814	LT934125.1	+	1	105814	20.980635	925
12h	PC_12	105814	105816	LT934125.1	+	3	105814	62.699856	925
12h	C6	105893	105893	LT934125.1	+	1	105893	525.486075	926
12h	C6	105915	105915	LT934125.1	+	1	105915	20.980635	927
12h	C6	105931	105931	LT934125.1	+	1	105931	32.2841	928
12h	PK_15	105984	105984	LT934125.1	+	1	105984	40.594301	929
12h	PC_12	105993	106023	LT934125.1	+	31	105993	301.14435	930
12h	PC_12	106179	106213	LT934125.1	+	35	106179	156.74964	931
12h	C6	106182	106182	LT934125.1	+	1	106182	86.244071	931
12h	PC_12	106190	106190	LT934125.1	+	1	106190	20.476837	931
12h	PC_12	106190	106190	LT934125.1	+	1	106190	26.651031	931
12h	C6	106300	106301	LT934125.1	+	2	106300	64.5682	932
12h	PK_15	106309	106309	LT934125.1	+	1	106309	362.056481	933
12h	PC_12	106320	106320	LT934125.1	+	1	106320	100.38145	934
12h	PK_15	106322	106322	LT934125.1	+	1	106322	40.594301	935
12h	PC_12	106365	106365	LT934125.1	+	1	106365	53.302063	936
12h	PC_12	106365	106398	LT934125.1	+	34	106365	125.399712	936
12h	C6	106398	106398	LT934125.1	+	1	106398	86.244071	936
12h	C6	106416	106416	LT934125.1	+	1	106416	20.980635	937
12h	PC_12	106585	106596	LT934125.1	+	12	106596	188.099568	938
12h	PC_12	106593	106596	LT934125.1	+	4	106594	106.604125	938
12h	PC_12	106594	106597	LT934125.1	+	4	106594	40.953674	938
12h	PK_15	106594	106601	LT934125.1	+	8	106594	14619.88304	938
12h	PK_15	106594	106601	LT934125.1	+	8	106596	1448.225924	938
12h	PK_15	106594	106596	LT934125.1	+	3	106594	162.377202	938
12h	PK_15	106594	106601	LT934125.1	+	8	106596	145.16246	938
12h	C6	106596	106601	LT934125.1	+	6	106601	83.92254	938
12h	PK_15	106596	106596	LT934125.1	+	1	106596	13.729977	938
12h	PK_15	106596	106601	LT934125.1	+	6	106596	70.175746	938
12h	PC_12	106598	106598	LT934125.1	+	1	106598	200.762899	938
12h	C6	106601	106603	LT934125.1	+	3	106601	64.5682	938
12h	PC_12	106764	106764	LT934125.1	+	1	106764	26.651031	939
12h	PK_15	106839	106843	LT934125.1	+	5	106839	81.188602	940
12h	C6	106853	106853	LT934125.1	+	1	106853	86.244071	941
12h	PC_12	106863	106863	LT934125.1	+	1	106863	200.762899	942
12h	PK_15	106916	106916	LT934125.1	+	1	106916	362.056481	943
12h	PC_12	106945	106945	LT934125.1	+	1	106945	31.349928	944
12h	C6	107023	107034	LT934125.1	+	12	107023	64.5682	945
12h	PC_12	107028	107037	LT934125.1	+	10	107028	106.604124	945
12h	PK_15	107028	107035	LT934125.1	+	8	107035	284.160106	945
12h	C6	107029	107035	LT934125.1	+	7	107031	83.92254	945
12h	PK_15	107029	107032	LT934125.1	+	4	107032	8771.929824	945
12h	PK_15	107029	107033	LT934125.1	+	5	107029	724.112962	945
12h	PK_15	107029	107035	LT934125.1	+	7	107031	129.033298	945
12h	PK_15	107029	107035	LT934125.1	+	7	107035	149.123461	945
12h	C6	107031	107031	LT934125.1	+	1	107031	86.244071	945
12h	PC_12	107031	107035	LT934125.1	+	5	107035	150.163474	945
12h	PC_12	107031	107031	LT934125.1	+	1	107031	667.111408	945
12h	PC_12	107031	107031	LT934125.1	+	1	107031	100.38145	945
12h	PC_12	107035	107035	LT934125.1	+	1	107035	2227.171492	945
12h	PK_15	107163	107163	LT934125.1	+	1	107163	40.594301	946
12h	PC_12	107171	107171	LT934125.1	+	1	107171	53.302063	947
12h	PC_12	107171	107171	LT934125.1	+	1	107171	31.349928	947
12h	PK_15	107171	107171	LT934125.1	+	1	107171	32.258325	947
12h	PK_15	107171	107171	LT934125.1	+	1	107171	17.543937	947
12h	PC_12	107308	107308	LT934125.1	+	1	107308	40.953675	948
12h	C6	107344	107398	LT934125.1	+	55	107344	431.220355	949
12h	PK_15	107357	107524	LT934125.1	+	168	107482	4008.096832	949
12h	PC_12	107368	107505	LT934125.1	+	138	107483	1465.806723	949
12h	PC_12	107378	107378	LT934125.1	+	1	107378	667.111408	949
12h	C6	107389	107509	LT934125.1	+	121	107482	2227.602903	949
12h	PC_12	107389	107499	LT934125.1	+	111	107482	2602.044018	949
12h	PK_15	107389	107509	LT934125.1	+	121	107482	3732.472508	949
12h	PK_15	107391	107537	LT934125.1	+	147	107482	5155.476177	949
12h	PC_12	107400	107400	LT934125.1	+	1	107400	2227.171492	949
12h	C6	107420	107427	LT934125.1	+	8	107420	1050.97215	949
12h	PC_12	107420	107437	LT934125.1	+	18	107420	501.907249	949
12h	C6	107429	107485	LT934125.1	+	57	107483	1293.661062	949
12h	C6	107473	107505	LT934125.1	+	33	107482	776.283492	949
12h	PC_12	107473	107509	LT934125.1	+	37	107482	1276.389526	949
12h	PK_15	107473	107509	LT934125.1	+	37	107482	1098.398169	949
12h	PC_12_2.5h	107482	107482	LT934125.1	+	1	107482	2220.57735	949
12h	PC_12	107482	107482	LT934125.1	+	1	107482	1334.222815	949
12h	PK_15	107482	107482	LT934125.1	+	1	107482	1810.282404	949
12h	C6	107573	107614	LT934125.1	+	42	107614	129.1364	950
12h	PK_15	107613	107620	LT934125.1	+	8	107614	469.107552	950
12h	C6	107614	107614	LT934125.1	+	1	107614	172.488141	950
12h	PC_12	107614	107614	LT934125.1	+	1	107614	68.256124	950
12h	PC_12	107614	107614	LT934125.1	+	1	107614	106.604126	950
12h	PK_15	107614	107614	LT934125.1	+	1	107614	362.056481	950
12h	PK_15	107614	107614	LT934125.1	+	1	107614	81.188601	950
12h	PK_15	107614	107616	LT934125.1	+	3	107614	88.710392	950
12h	PK_15	107614	107615	LT934125.1	+	2	107614	223.685192	950
12h	C6	107670	107670	LT934125.1	+	1	107670	27.97418	951
12h	C6	107754	107754	LT934125.1	+	1	107754	172.488141	952
12h	PC_12	107754	107754	LT934125.1	+	1	107754	40.953675	952
12h	PC_12	107754	107755	LT934125.1	+	2	107754	62.699856	952
12h	PK_15	107786	107786	LT934125.1	+	1	107786	40.594301	953
12h	C6	107818	107818	LT934125.1	+	1	107818	32.2841	954
12h	PK_15	107818	107825	LT934125.1	+	8	107825	64.516649	954
12h	PK_15	107818	107825	LT934125.1	+	8	107825	30.701889	954
12h	C6	107825	107825	LT934125.1	+	1	107825	20.980635	954
12h	PC_12	107825	107825	LT934125.1	+	1	107825	100.38145	954
12h	PK_15	107831	107831	LT934125.1	+	1	107831	362.056481	955
12h	PC_12	107885	107885	LT934125.1	+	1	107885	20.476837	956
12h	PC_12	107939	108051	LT934125.1	+	113	108051	106.604125	957
12h	C6	107940	108051	LT934125.1	+	112	107940	172.488142	957
12h	PK_15	107965	108098	LT934125.1	+	134	108098	243.565805	957
12h	PC_12	107969	107969	LT934125.1	+	1	107969	667.111408	957
12h	PC_12	107991	107991	LT934125.1	+	1	107991	100.38145	957
12h	PC_12_2.5h	108014	108014	LT934125.1	+	1	108014	740.19245	957
12h	C6	108050	108083	LT934125.1	+	34	108072	161.4205	957
12h	C6	108051	108051	LT934125.1	+	1	108051	20.980635	957
12h	PC_12	108051	108051	LT934125.1	+	1	108051	47.779287	957
12h	PC_12	108051	108051	LT934125.1	+	1	108051	62.699856	957
12h	PK_15	108051	108051	LT934125.1	+	1	108051	25.171625	957
12h	PK_15	108051	108051	LT934125.1	+	1	108051	56.452068	957
12h	PK_15	108051	108079	LT934125.1	+	29	108051	74.56173	957
12h	C6	108155	108310	LT934125.1	+	156	108155	41.96127	958
12h	PC_12	108155	108329	LT934125.1	+	175	108310	453.067532	958
12h	PK_15	108155	108329	LT934125.1	+	175	108220	427.422797	958
12h	PC_12	108159	108348	LT934125.1	+	190	108310	279.850109	958
12h	PC_12	108167	108331	LT934125.1	+	165	108310	1003.814497	958
12h	PK_15	108186	108329	LT934125.1	+	144	108310	215.102975	958
12h	PK_15	108220	108220	LT934125.1	+	1	108220	362.056481	958
12h	PK_15	108252	108310	LT934125.1	+	59	108252	109.649603	958
12h	PK_15	108272	108329	LT934125.1	+	58	108310	243.565805	958
12h	C6	108289	108328	LT934125.1	+	40	108294	225.9887	958
12h	PC_12	108307	108312	LT934125.1	+	6	108310	219.449496	958
12h	C6	108310	108338	LT934125.1	+	29	108310	172.488142	958
12h	PC_12	108331	108331	LT934125.1	+	1	108331	2227.171492	958
12h	PC_12	108348	108348	LT934125.1	+	1	108348	667.111408	958
12h	PC_12_2.5h	108374	108374	LT934125.1	+	1	108374	740.19245	959
12h	PC_12	108449	108449	LT934125.1	+	1	108449	31.349928	960
12h	PK_15	108549	108637	LT934125.1	+	89	108585	145.162461	961
12h	PK_15	108556	108585	LT934125.1	+	30	108556	35.087874	961
12h	PC_12	108559	108701	LT934125.1	+	143	108559	106.604124	961
12h	PK_15	108568	108585	LT934125.1	+	18	108568	81.188602	961
12h	C6	108584	108584	LT934125.1	+	1	108584	32.2841	961
12h	C6	108623	108623	LT934125.1	+	1	108623	20.980635	961
12h	PC_12	108661	108680	LT934125.1	+	20	108661	301.14435	961
12h	PC_12	108686	108736	LT934125.1	+	51	108736	125.399712	961
12h	PK_15	108686	108701	LT934125.1	+	16	108686	25.171625	961
12h	PC_12	108701	108701	LT934125.1	+	1	108701	20.476837	961
12h	PK_15	108705	108705	LT934125.1	+	1	108705	362.056481	961
12h	C6	109072	109072	LT934125.1	+	1	109072	86.244071	962
12h	PC_12	109084	109084	LT934125.1	+	1	109084	100.38145	963
12h	PC_12	109351	109351	LT934125.1	+	1	109351	26.651031	964
12h	PC_12	109392	109392	LT934125.1	+	1	109392	100.38145	965
12h	PC_12_2.5h	109454	109454	LT934125.1	+	1	109454	740.19245	966
12h	PC_12	109496	109496	LT934125.1	+	1	109496	26.651031	967
12h	PC_12	110097	110097	LT934125.1	+	1	110097	31.349928	968
12h	PC_12	110402	110402	LT934125.1	+	1	110402	31.349928	969
12h	PC_12	110525	110525	LT934125.1	+	1	110525	26.651031	970
12h	PC_12	110570	110570	LT934125.1	+	1	110570	667.111408	971
12h	PK_15	110692	110692	LT934125.1	+	1	110692	40.594301	972
12h	PK_15	110692	110692	LT934125.1	+	1	110692	17.543937	972
12h	PC_12	110693	110693	LT934125.1	+	1	110693	31.349928	973
12h	PC_12	110803	110803	LT934125.1	+	1	110803	667.111408	974
12h	PC_12	110889	110889	LT934125.1	+	1	110889	31.349928	975
12h	PK_15	111457	111457	LT934125.1	+	1	111457	40.594301	976
12h	PC_12	111785	111785	LT934125.1	+	1	111785	26.651031	977
12h	PK_15	111791	111791	LT934125.1	+	1	111791	17.543937	978
12h	PC_12	112306	112306	LT934125.1	+	1	112306	100.38145	979
12h	PK_15	112329	112329	LT934125.1	+	1	112329	17.543937	980
12h	PC_12	112855	112884	LT934125.1	+	30	112884	94.049784	981
12h	PK_15	112883	112888	LT934125.1	+	6	112884	201.614528	981
12h	C6	112884	112886	LT934125.1	+	3	112884	118.890264	981
12h	C6	112884	112884	LT934125.1	+	1	112884	86.244071	981
12h	C6	112884	112888	LT934125.1	+	5	112884	96.8523	981
12h	PC_12	112884	112886	LT934125.1	+	3	112884	102.384186	981
12h	PC_12	112884	112913	LT934125.1	+	30	112884	186.557219	981
12h	PK_15	112884	112886	LT934125.1	+	3	112884	68.649886	981
12h	PK_15	112884	112884	LT934125.1	+	1	112884	40.594301	981
12h	PK_15	112884	112886	LT934125.1	+	3	112884	153.509445	981
12h	PC_12	113159	113159	LT934125.1	+	1	113159	26.651031	982
12h	PC_12	113190	113190	LT934125.1	+	1	113190	31.349928	983
12h	C6	113243	113243	LT934125.1	+	1	113243	86.244071	984
12h	PC_12	113411	113433	LT934125.1	+	23	113411	53.302062	985
12h	C6	113433	113433	LT934125.1	+	1	113433	1172.332943	985
12h	PC_12	113433	113435	LT934125.1	+	3	113433	54.6049	985
12h	PC_12	113433	113435	LT934125.1	+	3	113433	301.144349	985
12h	PC_12	113433	113444	LT934125.1	+	12	113433	219.449496	985
12h	C6	113440	113440	LT934125.1	+	1	113440	32.2841	985
12h	PC_12	113555	113555	LT934125.1	+	1	113555	26.651031	986
12h	PK_15	113976	113976	LT934125.1	+	1	113976	16.129162	987
12h	C6	114761	114761	LT934125.1	+	1	114761	32.2841	988
12h	PK_15	114835	114835	LT934125.1	+	1	114835	11.441648	989
12h	PK_15	114835	114835	LT934125.1	+	1	114835	24.193743	989
12h	PK_15	114837	114837	LT934125.1	+	1	114837	40.594301	990
12h	PC_12	114950	114988	LT934125.1	+	39	114985	44454.197755	991
12h	C6	114979	114988	LT934125.1	+	10	114985	60277.363994	991
12h	C6	114979	114988	LT934125.1	+	10	114985	110352.075671	991
12h	C6	114979	114988	LT934125.1	+	10	114985	78395.860285	991
12h	C6	114979	114988	LT934125.1	+	10	114985	55690.072638	991
12h	PC_12	114979	114988	LT934125.1	+	10	114985	39506.644734	991
12h	PC_12	114979	114988	LT934125.1	+	10	114985	143846.617146	991
12h	PC_12	114979	114988	LT934125.1	+	10	114985	118010.767017	991
12h	PK_15	114979	114988	LT934125.1	+	10	114985	19656.750572	991
12h	PK_15	114979	114988	LT934125.1	+	10	114985	79483.640497	991
12h	PK_15	114979	114988	LT934125.1	+	10	114985	80339.357575	991
12h	PK_15	114979	114988	LT934125.1	+	10	114985	55276.558231	991
12h	C6	114985	114988	LT934125.1	+	4	114985	89368.25886	991
12h	C6	114985	114988	LT934125.1	+	4	114985	110199.296601	991
12h	NRK	114985	114988	LT934125.1	+	4	114985	42071.197411	991
12h	PC_12_0.5h	114985	114985	LT934125.1	+	1	114985	32258.064516	991
12h	PC_12_1.5h	114985	114988	LT934125.1	+	4	114985	50884.955753	991
12h	PC_12	114985	115003	LT934125.1	+	19	114985	73496.659242	991
12h	PC_12_2.5h	114985	114988	LT934125.1	+	4	114985	58475.203553	991
12h	PC_12	114985	114989	LT934125.1	+	5	114985	92061.37425	991
12h	PK_15	114985	114988	LT934125.1	+	4	114985	14619.883041	991
12h	PK_15	114985	114989	LT934125.1	+	5	114985	54670.528603	991
12h	PC_12	115238	115244	LT934125.1	+	7	115238	53.302062	992
12h	PK_15	115256	115256	LT934125.1	+	1	115256	13.157952	993
12h	C6	115266	115272	LT934125.1	+	7	115266	172.488142	994
12h	PC_12	115276	115276	LT934125.1	+	1	115276	31.349928	995
12h	PK_15	115379	115379	LT934125.1	+	1	115379	40.594301	996
12h	C6	115411	115416	LT934125.1	+	6	115411	64.5682	997
12h	PK_15	115435	115435	LT934125.1	+	1	115435	362.056481	998
12h	C6	115464	115475	LT934125.1	+	12	115475	258.732212	999
12h	NRK	115464	115464	LT934125.1	+	1	115464	3236.245955	999
12h	PC_12	115464	115464	LT934125.1	+	1	115464	31.349928	999
12h	PC_12_2.5h	115475	115475	LT934125.1	+	1	115475	740.19245	999
12h	PC_12	115475	115498	LT934125.1	+	24	115475	200.7629	999
12h	PK_15	115475	115475	LT934125.1	+	1	115475	22.883295	999
12h	PK_15	115475	115475	LT934125.1	+	1	115475	21.929921	999
12h	PC_12	115536	115573	LT934125.1	+	38	115536	159.906188	1000
12h	PK_15	115536	115536	LT934125.1	+	1	115536	362.056481	1000
12h	C6	115544	115544	LT934125.1	+	1	115544	27.97418	1000
12h	PK_15	115544	115573	LT934125.1	+	30	115562	96.774974	1000
12h	PC_12	115649	115649	LT934125.1	+	1	115649	2227.171492	1001
12h	PK_15	115705	116223	LT934125.1	+	519	115815	2354.469446	1002
12h	PC_12	115725	116219	LT934125.1	+	495	116154	2911.062049	1002
12h	C6	115733	116195	LT934125.1	+	463	116170	1904.761901	1002
12h	PC_12	115742	116004	LT934125.1	+	263	115999	1191.297263	1002
12h	C6	115759	115759	LT934125.1	+	1	115759	525.486075	1002
12h	PK_15	115768	116130	LT934125.1	+	363	116106	3620.56481	1002
12h	C6	115815	116072	LT934125.1	+	258	115815	419.6127	1002
12h	C6	115815	116216	LT934125.1	+	402	115815	1724.881417	1002
12h	PC_12	115815	116072	LT934125.1	+	258	116072	197.942761	1002
12h	PC_12	115815	116203	LT934125.1	+	389	115815	1812.270124	1002
12h	PK_15	115815	116155	LT934125.1	+	341	115815	368.421054	1002
12h	PK_15	115815	116223	LT934125.1	+	409	115815	2048.403601	1002
12h	PK_15	115815	116223	LT934125.1	+	409	115815	1092.11005	1002
12h	PC_12	115841	116185	LT934125.1	+	345	115841	3335.55704	1002
12h	NRK	115890	115890	LT934125.1	+	1	115890	3236.245955	1002
12h	PC_12_2.5h	115940	116165	LT934125.1	+	226	115940	2220.57735	1002
12h	C6	116034	116150	LT934125.1	+	117	116034	2344.665886	1002
12h	PC_12	116043	116334	LT934125.1	+	292	116276	2194.494958	1002
12h	C6	116234	116261	LT934125.1	+	28	116234	3081.664098	1002
12h	C6	116245	116321	LT934125.1	+	77	116276	645.682	1002
12h	C6	116258	116321	LT934125.1	+	64	116283	314.709524	1002
12h	PC_12	116258	116321	LT934125.1	+	64	116276	803.051599	1002
12h	PK_15	116260	116283	LT934125.1	+	24	116261	405.943007	1002
12h	PC_12	116261	116283	LT934125.1	+	23	116283	197.942759	1002
12h	PC_12	116261	116791	LT934125.1	+	531	116283	3278.076845	1002
12h	PK_15	116261	116835	LT934125.1	+	575	116759	4330.680058	1002
12h	PK_15	116261	116552	LT934125.1	+	292	116283	1583.340278	1002
12h	PC_12	116265	116283	LT934125.1	+	19	116283	2001.334223	1002
12h	PC_12_1.5h	116276	116282	LT934125.1	+	7	116276	4424.778762	1002
12h	PC_12	116278	116278	LT934125.1	+	1	116278	4454.342984	1002
12h	PK_15	116316	116791	LT934125.1	+	476	116791	4140.618678	1002
12h	C6	116355	116852	LT934125.1	+	498	116791	3874.092	1002
12h	PK_15	116355	116791	LT934125.1	+	437	116791	990.846684	1002
12h	C6	116367	116835	LT934125.1	+	469	116791	2524.669739	1002
12h	PC_12	116367	116868	LT934125.1	+	502	116772	4420.339846	1002
12h	PC_12_2.5h	116391	116541	LT934125.1	+	151	116403	4441.1547	1002
12h	PC_12	116403	116628	LT934125.1	+	226	116403	8908.685968	1002
12h	PC_12_1.5h	116418	116662	LT934125.1	+	245	116418	8849.557524	1002
12h	C6	116469	116670	LT934125.1	+	202	116469	1576.458225	1002
12h	PC_12	116469	116552	LT934125.1	+	84	116495	1003.814499	1002
12h	PC_12	116483	116792	LT934125.1	+	310	116754	6004.002671	1002
12h	PK_15	116541	116754	LT934125.1	+	214	116541	8771.929824	1002
12h	C6	116546	116715	LT934125.1	+	170	116546	4622.496147	1002
12h	PC_12	116586	116800	LT934125.1	+	215	116759	1044.3187	1002
12h	PK_15	116586	116835	LT934125.1	+	250	116791	1912.289089	1002
12h	C6	116590	116817	LT934125.1	+	228	116590	3516.998828	1002
12h	PK_15	116591	116759	LT934125.1	+	169	116606	4344.677772	1002
12h	C6	116607	116649	LT934125.1	+	43	116622	517.464425	1002
12h	NRK	116791	116791	LT934125.1	+	1	116791	3236.245955	1002
12h	PC_12	117431	117431	LT934125.1	+	1	117431	31.349928	1003
12h	C6	117441	117441	LT934125.1	+	1	117441	20.980635	1004
12h	PC_12	117441	117441	LT934125.1	+	1	117441	20.476837	1004
12h	PC_12	117441	117441	LT934125.1	+	1	117441	100.38145	1004
12h	PC_12	117441	117452	LT934125.1	+	12	117441	53.302062	1004
12h	PC_12	117452	117452	LT934125.1	+	1	117452	667.111408	1004
12h	C6	117603	117608	LT934125.1	+	6	117607	468.567513	1005
12h	C6	117603	117607	LT934125.1	+	5	117607	1576.458224	1005
12h	C6	117603	117612	LT934125.1	+	10	117607	193.7046	1005
12h	PC_12	117603	117607	LT934125.1	+	5	117607	702.670147	1005
12h	PC_12	117603	117608	LT934125.1	+	6	117607	239.859282	1005
12h	PC_12	117603	117607	LT934125.1	+	5	117607	626.998558	1005
12h	PK_15	117603	117612	LT934125.1	+	10	117607	505.720825	1005
12h	PK_15	117603	117607	LT934125.1	+	5	117603	724.112962	1005
12h	PK_15	117603	117607	LT934125.1	+	5	117607	88.710392	1005
12h	PC_12	117605	117612	LT934125.1	+	8	117607	395.88552	1005
12h	PK_15	117606	117607	LT934125.1	+	2	117607	232.457159	1005
12h	C6	117607	117607	LT934125.1	+	1	117607	86.244071	1005
12h	C6	117768	117791	LT934125.1	+	24	117769	1466.149202	1006
12h	PC_12	117768	117799	LT934125.1	+	32	117769	1348.046901	1006
12h	PK_15	117768	117796	LT934125.1	+	29	117769	1508.778547	1006
12h	C6	117769	117796	LT934125.1	+	28	117769	433.599788	1006
12h	C6	117769	117769	LT934125.1	+	1	117769	3081.664099	1006
12h	C6	117769	117775	LT934125.1	+	7	117769	3516.998828	1006
12h	C6	117769	117769	LT934125.1	+	1	117769	1050.972149	1006
12h	C6	117769	117789	LT934125.1	+	21	117769	645.682001	1006
12h	NRK	117769	117796	LT934125.1	+	28	117769	20202.020202	1006
12h	NRK	117769	117769	LT934125.1	+	1	117769	3236.245955	1006
12h	PC_12_1.5h	117769	117769	LT934125.1	+	1	117769	11061.946903	1006
12h	PC_12	117769	117796	LT934125.1	+	28	117769	389.059909	1006
12h	PC_12	117769	117769	LT934125.1	+	1	117769	8908.685969	1006
12h	PC_12_2.5h	117769	117780	LT934125.1	+	12	117769	1480.3849	1006
12h	PC_12	117769	117769	LT934125.1	+	1	117769	3335.557038	1006
12h	PC_12	117769	117789	LT934125.1	+	21	117769	803.051596	1006
12h	PC_12	117769	117801	LT934125.1	+	33	117769	666.275783	1006
12h	PK_15	117769	117796	LT934125.1	+	28	117769	270.022883	1006
12h	PK_15	117769	117769	LT934125.1	+	1	117769	2923.976608	1006
12h	PK_15	117769	117802	LT934125.1	+	34	117769	6517.016655	1006
12h	PK_15	117769	117781	LT934125.1	+	13	117769	1055.451815	1006
12h	PK_15	117769	117789	LT934125.1	+	21	117769	774.199792	1006
12h	C6	117887	117902	LT934125.1	+	16	117887	96.8523	1007
12h	PC_12_1.5h	117907	117907	LT934125.1	+	1	117907	2212.389381	1008
12h	PC_12	117920	117920	LT934125.1	+	1	117920	100.38145	1009
12h	PK_15	117920	117920	LT934125.1	+	1	117920	26.315905	1009
12h	PC_12_0.5h	117958	117958	LT934125.1	+	1	117958	32258.064516	1010
12h	PC_12_1.5h	118015	118015	LT934125.1	+	1	118015	2212.389381	1011
12h	PK_15	118015	118147	LT934125.1	+	133	118015	724.112962	1011
12h	PC_12	118031	118031	LT934125.1	+	1	118031	100.38145	1011
12h	PC_12	118031	118133	LT934125.1	+	103	118031	62.699856	1011
12h	C6	118047	118170	LT934125.1	+	124	118047	96.8523	1011
12h	PK_15	118051	118209	LT934125.1	+	159	118209	35.087873	1011
12h	PK_15	118069	118209	LT934125.1	+	141	118069	81.188602	1011
12h	PC_12	118086	118249	LT934125.1	+	164	118209	346.463405	1011
12h	PC_12	118162	118162	LT934125.1	+	1	118162	667.111408	1011
12h	PC_12_2.5h	118187	118209	LT934125.1	+	23	118187	1480.3849	1011
12h	C6	118209	118209	LT934125.1	+	1	118209	83.922539	1011
12h	PC_12	118209	118209	LT934125.1	+	1	118209	2227.171492	1011
12h	C6	118278	118278	LT934125.1	+	1	118278	86.244071	1012
12h	PC_12	118345	118345	LT934125.1	+	1	118345	62.699856	1013
12h	PC_12	118366	118381	LT934125.1	+	16	118381	79.953094	1014
12h	PK_15	118372	118372	LT934125.1	+	1	118372	40.594301	1014
12h	PC_12	118381	118381	LT934125.1	+	1	118381	100.38145	1014
12h	PK_15	118381	118381	LT934125.1	+	1	118381	13.157952	1014
12h	C6	118450	118450	LT934125.1	+	1	118450	86.244071	1015
12h	PC_12	118499	118506	LT934125.1	+	8	118506	79.953094	1016
12h	PK_15	118506	118529	LT934125.1	+	24	118506	30.701889	1016
12h	PC_12	118513	118513	LT934125.1	+	1	118513	62.699856	1016
12h	PK_15	118514	118529	LT934125.1	+	16	118529	162.377203	1016
12h	C6	118529	118529	LT934125.1	+	1	118529	34.967725	1016
12h	PC_12	118529	118529	LT934125.1	+	1	118529	100.38145	1016
12h	PK_15	118529	118529	LT934125.1	+	1	118529	32.258325	1016
12h	C6	118679	118679	LT934125.1	+	1	118679	32.2841	1017
12h	PC_12	118705	118705	LT934125.1	+	1	118705	2227.171492	1018
12h	PC_12	118730	118730	LT934125.1	+	1	118730	26.651031	1019
12h	PK_15	118748	118748	LT934125.1	+	1	118748	40.594301	1020
12h	C6	118754	118754	LT934125.1	+	1	118754	86.244071	1021
12h	PC_12	118841	118866	LT934125.1	+	26	118864	59526.199561	1022
12h	PC_12	118841	118866	LT934125.1	+	26	118864	57566.227812	1022
12h	PK_15	118841	118868	LT934125.1	+	28	118864	50556.859329	1022
12h	PK_15	118841	118866	LT934125.1	+	26	118864	80482.809135	1022
12h	PC_12	118852	118866	LT934125.1	+	15	118864	50134.123285	1022
12h	C6	118857	118868	LT934125.1	+	12	118864	73481.176875	1022
12h	C6	118857	118868	LT934125.1	+	12	118864	72517.078298	1022
12h	C6	118857	118868	LT934125.1	+	12	118864	59531.880548	1022
12h	NRK	118857	118866	LT934125.1	+	10	118864	58252.427185	1022
12h	PC_12	118857	118866	LT934125.1	+	10	118864	60944.259829	1022
12h	PK_15	118857	118866	LT934125.1	+	10	118864	54279.176199	1022
12h	PK_15	118857	118868	LT934125.1	+	12	118864	51554.761711	1022
12h	C6	118859	118868	LT934125.1	+	10	118864	48641.655885	1022
12h	PC_12_2.5h	118859	118867	LT934125.1	+	9	118864	60695.780903	1022
12h	PC_12	118859	118866	LT934125.1	+	8	118864	81387.591728	1022
12h	C6	118860	118866	LT934125.1	+	7	118864	77041.602465	1022
12h	C6	118860	118873	LT934125.1	+	14	118864	52754.982416	1022
12h	NRK	118860	118866	LT934125.1	+	7	118864	101010.10101	1022
12h	PC_12_1.5h	118860	118866	LT934125.1	+	7	118864	61946.902655	1022
12h	PC_12	118860	118866	LT934125.1	+	7	118864	62360.801781	1022
12h	PK_15	118860	118866	LT934125.1	+	7	118866	23391.812865	1022
12h	PK_15	118860	118899	LT934125.1	+	40	118864	28602.461986	1022
12h	PC_12_0.5h	118864	118864	LT934125.1	+	1	118864	64516.129032	1022
12h	PC_12	118977	118977	LT934125.1	+	1	118977	2227.171492	1023
12h	PC_12_2.5h	119029	119029	LT934125.1	+	1	119029	740.19245	1024
12h	C6	119039	119076	LT934125.1	+	38	119076	129.1364	1025
12h	PC_12	119076	119109	LT934125.1	+	34	119076	219.449496	1025
12h	PK_15	119076	119076	LT934125.1	+	1	119076	40.322906	1025
12h	C6	119081	119081	LT934125.1	+	1	119081	1172.332943	1025
12h	PC_12_1.5h	119081	119081	LT934125.1	+	1	119081	2212.389381	1025
12h	PC_12	119155	119304	LT934125.1	+	150	119304	401.525799	1026
12h	C6	119157	119369	LT934125.1	+	213	119157	776.196639	1026
12h	PC_12	119157	119271	LT934125.1	+	115	119266	170.640311	1026
12h	PC_12	119170	119343	LT934125.1	+	174	119170	2001.334224	1026
12h	PC_12	119174	119174	LT934125.1	+	1	119174	2227.171492	1026
12h	PC_12	119185	119304	LT934125.1	+	120	119187	186.557219	1026
12h	C6	119210	119271	LT934125.1	+	62	119248	314.709525	1026
12h	PC_12	119210	119376	LT934125.1	+	167	119210	752.398272	1026
12h	C6	119230	119230	LT934125.1	+	1	119230	525.486075	1026
12h	C6	119261	119304	LT934125.1	+	44	119271	355.1251	1026
12h	PK_15	119301	119304	LT934125.1	+	4	119304	48.387487	1026
12h	PK_15	119301	119304	LT934125.1	+	4	119304	65.789763	1026
12h	PK_15	119344	119344	LT934125.1	+	1	119344	362.056481	1026
12h	PK_15	119386	119482	LT934125.1	+	97	119436	155.606408	1027
12h	PC_12	119416	119500	LT934125.1	+	85	119436	407.549064	1027
12h	PC_12	119421	119461	LT934125.1	+	41	119436	102.384186	1027
12h	PC_12	119421	119436	LT934125.1	+	16	119436	159.906188	1027
12h	C6	119436	119570	LT934125.1	+	135	119567	451.9774	1027
12h	PC_12_2.5h	119436	119436	LT934125.1	+	1	119436	2220.57735	1027
12h	PK_15	119436	119482	LT934125.1	+	47	119436	145.162461	1027
12h	PK_15	119436	119592	LT934125.1	+	157	119567	315.790856	1027
12h	PK_15	119482	119482	LT934125.1	+	1	119482	1086.169442	1027
12h	PK_15	119526	119592	LT934125.1	+	67	119567	96.10984	1027
12h	PK_15	119536	119536	LT934125.1	+	1	119536	40.594301	1027
12h	C6	119550	119602	LT934125.1	+	53	119567	244.774074	1027
12h	PC_12	119550	119587	LT934125.1	+	38	119567	102.384186	1027
12h	NRK	119554	119554	LT934125.1	+	1	119554	3236.245955	1027
12h	PC_12	119554	119554	LT934125.1	+	1	119554	2227.171492	1027
12h	PC_12	119554	119646	LT934125.1	+	93	119567	506.369595	1027
12h	PC_12	119554	120040	LT934125.1	+	487	119941	3636.591645	1027
12h	C6	119567	119567	LT934125.1	+	1	119567	525.486075	1027
12h	C6	119567	119567	LT934125.1	+	1	119567	172.488141	1027
12h	PC_12	119567	119567	LT934125.1	+	1	119567	667.111408	1027
12h	C6	119617	119879	LT934125.1	+	263	119763	1194.5117	1027
12h	PC_12_2.5h	119623	119641	LT934125.1	+	19	119623	1480.3849	1027
12h	PK_15	119691	120097	LT934125.1	+	407	119941	1653.516021	1027
12h	PC_12	119740	119829	LT934125.1	+	90	119826	293.161342	1027
12h	PK_15	119746	119889	LT934125.1	+	144	119808	469.107554	1027
12h	PC_12	119747	119815	LT934125.1	+	69	119763	702.670149	1027
12h	PK_15	119748	119832	LT934125.1	+	85	119808	322.583245	1027
12h	PC_12	119763	119763	LT934125.1	+	1	119763	667.111408	1027
12h	NRK	119780	119780	LT934125.1	+	1	119780	3236.245955	1027
12h	PC_12_2.5h	119787	119787	LT934125.1	+	1	119787	1480.3849	1027
12h	C6	119794	119823	LT934125.1	+	30	119808	307.715979	1027
12h	PC_12	119805	119889	LT934125.1	+	85	119808	382.234295	1027
12h	PK_15	119805	119844	LT934125.1	+	40	119808	284.160105	1027
12h	C6	119808	119871	LT934125.1	+	64	119808	689.952566	1027
12h	PK_15	119823	119823	LT934125.1	+	1	119823	362.056481	1027
12h	C6	119857	119857	LT934125.1	+	1	119857	1540.832049	1027
12h	PK_15	119862	119986	LT934125.1	+	125	119941	629.037325	1027
12h	C6	119912	119976	LT934125.1	+	65	119941	581.1138	1027
12h	PC_12	119912	119958	LT934125.1	+	47	119938	501.907249	1027
12h	C6	119938	119964	LT934125.1	+	27	119941	391.638519	1027
12h	PC_12	119938	119964	LT934125.1	+	27	119941	354.931846	1027
12h	PK_15	119938	120022	LT934125.1	+	85	119941	331.807783	1027
12h	PK_15	119940	120007	LT934125.1	+	68	119941	487.13161	1027
12h	PC_12	119941	119982	LT934125.1	+	42	119941	373.114438	1027
12h	PC_12	119996	119996	LT934125.1	+	1	119996	667.111408	1027
12h	PK_15	120059	120146	LT934125.1	+	88	120090	568.320212	1027
12h	PK_15	120061	120090	LT934125.1	+	30	120081	153.318078	1027
12h	C6	120075	120177	LT934125.1	+	103	120090	356.670795	1027
12h	C6	120075	120130	LT934125.1	+	56	120081	387.4092	1027
12h	PC_12	120075	120090	LT934125.1	+	16	120081	191.117148	1027
12h	PC_12	120075	120403	LT934125.1	+	329	120081	2194.494959	1027
12h	C6	120081	120081	LT934125.1	+	1	120081	525.486075	1027
12h	PC_12	120081	120164	LT934125.1	+	84	120090	346.463405	1027
12h	PK_15	120081	120164	LT934125.1	+	84	120081	467.745707	1027
12h	C6	120117	120117	LT934125.1	+	1	120117	1540.832049	1027
12h	PC_12	120148	120148	LT934125.1	+	1	120148	2227.171492	1027
12h	PC_12	120194	120384	LT934125.1	+	191	120312	696.212469	1027
12h	PK_15	120207	120380	LT934125.1	+	174	120312	532.262353	1027
12h	PK_15	120207	120356	LT934125.1	+	150	120312	609.651797	1027
12h	PK_15	120211	120211	LT934125.1	+	1	120211	724.112962	1027
12h	PK_15	120241	120384	LT934125.1	+	144	120246	398.169339	1027
12h	PC_12	120242	120242	LT934125.1	+	1	120242	100.38145	1027
12h	C6	120246	120273	LT934125.1	+	28	120246	202.812804	1027
12h	PC_12	120246	120376	LT934125.1	+	131	120246	266.510312	1027
12h	PK_15	120252	120303	LT934125.1	+	52	120273	284.160106	1027
12h	C6	120255	120255	LT934125.1	+	1	120255	525.486075	1027
12h	C6	120257	120361	LT934125.1	+	105	120257	258.732212	1027
12h	PC_12_1.5h	120312	120312	LT934125.1	+	1	120312	2212.389381	1027
12h	PC_12	120312	120312	LT934125.1	+	1	120312	667.111408	1027
12h	PC_12	120321	120321	LT934125.1	+	1	120321	2227.171492	1027
12h	C6	120329	120329	LT934125.1	+	1	120329	1540.832049	1027
12h	C6	120554	120558	LT934125.1	+	5	120555	1355.932203	1028
12h	PK_15	120554	120559	LT934125.1	+	6	120555	1478.26087	1028
12h	PK_15	120554	120557	LT934125.1	+	4	120555	730.697411	1028
12h	PK_15	120554	120559	LT934125.1	+	6	120555	1605.270199	1028
12h	C6	120555	120559	LT934125.1	+	5	120555	2321.856926	1028
12h	C6	120555	120555	LT934125.1	+	1	120555	3081.664099	1028
12h	C6	120555	120555	LT934125.1	+	1	120555	1172.332943	1028
12h	C6	120555	120557	LT934125.1	+	3	120555	2101.944298	1028
12h	C6	120555	120557	LT934125.1	+	3	120555	3536.0069	1028
12h	PC_12	120555	120557	LT934125.1	+	3	120555	1017.016252	1028
12h	PC_12	120555	120555	LT934125.1	+	1	120555	6681.514477	1028
12h	PC_12	120555	120555	LT934125.1	+	1	120555	1334.222815	1028
12h	PC_12	120555	120558	LT934125.1	+	4	120555	1104.195946	1028
12h	PC_12	120555	120558	LT934125.1	+	4	120555	1945.525292	1028
12h	PC_12	120555	120557	LT934125.1	+	3	120555	971.847764	1028
12h	PK_15	120555	120555	LT934125.1	+	1	120555	1086.169442	1028
12h	PK_15	120555	120560	LT934125.1	+	6	120555	838.71644	1028
12h	PC_12	120664	120664	LT934125.1	+	1	120664	100.38145	1029
12h	C6	120741	120741	LT934125.1	+	1	120741	32.2841	1030
12h	PK_15	120803	120803	LT934125.1	+	1	120803	40.594301	1031
12h	PC_12_2.5h	120836	120836	LT934125.1	+	1	120836	740.19245	1032
12h	PC_12	120921	120937	LT934125.1	+	17	120937	219.449496	1033
12h	C6	120933	120945	LT934125.1	+	13	120937	321.703068	1033
12h	C6	120933	120938	LT934125.1	+	6	120933	387.4092	1033
12h	PC_12	120933	120937	LT934125.1	+	5	120937	116.035411	1033
12h	PC_12	120933	120971	LT934125.1	+	39	120937	346.463407	1033
12h	PK_15	120933	120937	LT934125.1	+	5	120937	70.938216	1033
12h	PK_15	120933	120937	LT934125.1	+	5	120934	243.565804	1033
12h	PK_15	120933	120945	LT934125.1	+	13	120934	177.420785	1033
12h	PK_15	120933	120937	LT934125.1	+	5	120937	131.579524	1033
12h	C6	120934	120934	LT934125.1	+	1	120934	1172.332943	1033
12h	PC_12	120934	120937	LT934125.1	+	4	120937	301.144349	1033
12h	C6	120937	120939	LT934125.1	+	3	120937	344.976283	1033
12h	PC_12	120992	120992	LT934125.1	+	1	120992	2227.171492	1034
12h	C6	121092	121092	LT934125.1	+	1	121092	20.980635	1035
12h	PK_15	121130	121130	LT934125.1	+	1	121130	24.193743	1036
12h	C6	121180	121180	LT934125.1	+	1	121180	86.244071	1037
12h	PC_12	121204	121307	LT934125.1	+	104	121210	266.510311	1038
12h	C6	121271	121274	LT934125.1	+	4	121271	90.916085	1038
12h	PC_12	121271	121272	LT934125.1	+	2	121271	200.7629	1038
12h	PK_15	121271	121271	LT934125.1	+	1	121271	13.729977	1038
12h	PK_15	121271	121271	LT934125.1	+	1	121271	40.594301	1038
12h	PK_15	121271	121272	LT934125.1	+	2	121271	32.258324	1038
12h	PK_15	121271	121274	LT934125.1	+	4	121274	30.701889	1038
12h	C6	121311	121311	LT934125.1	+	1	121311	1540.832049	1039
12h	C6	121357	121357	LT934125.1	+	1	121357	525.486075	1040
12h	PC_12	121396	121396	LT934125.1	+	1	121396	31.349928	1041
12h	PK_15	121454	121454	LT934125.1	+	1	121454	40.594301	1042
12h	PC_12	121504	121504	LT934125.1	+	1	121504	26.651031	1043
12h	C6	121515	121515	LT934125.1	+	1	121515	172.488141	1044
12h	C6	121517	121517	LT934125.1	+	1	121517	32.2841	1045
12h	PC_12	121583	121583	LT934125.1	+	1	121583	31.349928	1046
12h	C6	121619	121626	LT934125.1	+	8	121619	172.488142	1047
12h	C6	121715	121789	LT934125.1	+	75	121784	9588.377723	1048
12h	PC_12	121777	121787	LT934125.1	+	11	121784	15617.504397	1048
12h	PK_15	121778	121788	LT934125.1	+	11	121784	14126.816597	1048
12h	PC_12	121782	121787	LT934125.1	+	6	121784	9248.22873	1048
12h	C6	121783	121792	LT934125.1	+	10	121784	14575.247953	1048
12h	PC_12	121783	121787	LT934125.1	+	5	121784	7931.361642	1048
12h	PK_15	121783	121787	LT934125.1	+	5	121784	9054.919908	1048
12h	PK_15	121783	121787	LT934125.1	+	5	121784	11443.640674	1048
12h	PK_15	121783	121787	LT934125.1	+	5	121784	14807.082488	1048
12h	C6	121784	121787	LT934125.1	+	4	121784	9133.569715	1048
12h	C6	121784	121786	LT934125.1	+	3	121784	16949.152543	1048
12h	C6	121784	121786	LT934125.1	+	3	121784	4689.331771	1048
12h	C6	121784	121795	LT934125.1	+	12	121784	10509.721493	1048
12h	NRK	121784	121784	LT934125.1	+	1	121784	10101.010101	1048
12h	PC_12	121784	121786	LT934125.1	+	3	121784	8908.685968	1048
12h	PC_12_2.5h	121784	121786	LT934125.1	+	3	121784	7401.9245	1048
12h	PC_12	121784	121787	LT934125.1	+	4	121784	10673.782522	1048
12h	PC_12	121784	121787	LT934125.1	+	4	121784	13451.114234	1048
12h	PK_15	121784	121786	LT934125.1	+	3	121784	5847.953216	1048
12h	PK_15	121784	121804	LT934125.1	+	21	121786	3620.564808	1048
12h	NRK	121786	121788	LT934125.1	+	3	121786	12944.983819	1048
12h	PC_12_1.5h	121786	121786	LT934125.1	+	1	121786	4424.778761	1048
12h	PC_12	121894	121925	LT934125.1	+	32	121894	501.90725	1049
12h	C6	121901	121901	LT934125.1	+	1	121901	1540.832049	1049
12h	C6	121901	121931	LT934125.1	+	31	121901	1576.458225	1049
12h	C6	121902	121902	LT934125.1	+	1	121902	34.967725	1049
12h	PC_12	121902	121902	LT934125.1	+	1	121902	34.128062	1049
12h	PC_12	121925	122048	LT934125.1	+	124	121925	319.812376	1049
12h	PK_15	121979	122032	LT934125.1	+	54	121979	74.561731	1049
12h	PC_12	121987	121987	LT934125.1	+	1	121987	2227.171492	1049
12h	C6	121996	122001	LT934125.1	+	6	121996	96.8523	1049
12h	C6	122032	122032	LT934125.1	+	1	122032	86.244071	1049
12h	PC_12	122110	122137	LT934125.1	+	28	122119	219.449496	1050
12h	C6	122119	122119	LT934125.1	+	1	122119	55.94836	1050
12h	C6	122119	122143	LT934125.1	+	25	122119	96.8523	1050
12h	PC_12_2.5h	122119	122119	LT934125.1	+	1	122119	740.19245	1050
12h	PK_15	122119	122119	LT934125.1	+	1	122119	29.748284	1050
12h	PK_15	122119	122119	LT934125.1	+	1	122119	40.322906	1050
12h	PC_12	122171	122176	LT934125.1	+	6	122171	47.779287	1051
12h	PC_12_1.5h	122176	122176	LT934125.1	+	1	122176	2212.389381	1051
12h	PK_15	122244	122258	LT934125.1	+	15	122258	36.613272	1052
12h	PC_12	122258	122258	LT934125.1	+	1	122258	667.111408	1052
12h	PK_15	122266	122266	LT934125.1	+	1	122266	40.594301	1053
12h	C6	122276	122276	LT934125.1	+	1	122276	86.244071	1054
12h	PC_12	122301	122402	LT934125.1	+	102	122402	102.384186	1055
12h	PC_12	122301	122301	LT934125.1	+	1	122301	100.38145	1055
12h	PK_15	122301	122405	LT934125.1	+	105	122301	112.904136	1055
12h	PK_15	122301	122402	LT934125.1	+	102	122301	57.017794	1055
12h	PK_15	122321	122335	LT934125.1	+	15	122321	724.112962	1055
12h	PC_12	122354	122404	LT934125.1	+	51	122402	159.906187	1055
12h	C6	122405	122405	LT934125.1	+	1	122405	20.980635	1055
12h	C6	122463	122638	LT934125.1	+	176	122463	172.488142	1056
12h	PK_15	122463	122575	LT934125.1	+	113	122575	128.146455	1056
12h	PK_15	122503	122759	LT934125.1	+	257	122575	395.164474	1056
12h	PK_15	122513	122759	LT934125.1	+	247	122513	1086.169443	1056
12h	C6	122520	122795	LT934125.1	+	276	122575	548.8297	1056
12h	PC_12	122527	122689	LT934125.1	+	163	122689	401.525799	1056
12h	PK_15	122575	122733	LT934125.1	+	159	122575	127.193539	1056
12h	C6	122614	122614	LT934125.1	+	1	122614	34.967725	1056
12h	PC_12	122614	122614	LT934125.1	+	1	122614	122.861024	1056
12h	PC_12	122614	122815	LT934125.1	+	202	122698	752.398271	1056
12h	PC_12	122665	122702	LT934125.1	+	38	122689	133.255156	1056
12h	NRK	122667	122667	LT934125.1	+	1	122667	10101.010101	1056
12h	PK_15	122819	122819	LT934125.1	+	1	122819	81.188601	1057
12h	PK_15	122920	122983	LT934125.1	+	64	122979	5886.173581	1058
12h	C6	122922	122988	LT934125.1	+	67	122979	5682.001612	1058
12h	NRK	122922	122922	LT934125.1	+	1	122922	10101.010101	1058
12h	PK_15	122922	122988	LT934125.1	+	67	122979	7385.997307	1058
12h	PC_12	122958	122988	LT934125.1	+	31	122979	4577.089473	1058
12h	C6	122960	122988	LT934125.1	+	29	122979	7014.525593	1058
12h	C6	122960	122988	LT934125.1	+	29	122979	8796.895212	1058
12h	PK_15	122960	122988	LT934125.1	+	29	122979	3086.956523	1058
12h	PK_15	122960	122988	LT934125.1	+	29	122979	4951.652836	1058
12h	C6	122978	122983	LT934125.1	+	6	122979	12086.179717	1058
12h	PC_12	122978	122988	LT934125.1	+	11	122979	3317.24764	1058
12h	PC_12	122978	122988	LT934125.1	+	11	122979	4717.928128	1058
12h	PC_12	122978	122988	LT934125.1	+	11	122979	4717.232557	1058
12h	C6	122979	122981	LT934125.1	+	3	122981	10785.824345	1058
12h	C6	122979	122979	LT934125.1	+	1	122979	2344.665885	1058
12h	NRK	122979	122983	LT934125.1	+	5	122979	19417.475729	1058
12h	PC_12_1.5h	122979	122981	LT934125.1	+	3	122979	4424.778762	1058
12h	PC_12	122979	122981	LT934125.1	+	3	122979	11135.857461	1058
12h	PC_12_2.5h	122979	122980	LT934125.1	+	2	122979	2220.57735	1058
12h	PC_12	122979	122988	LT934125.1	+	10	122979	14009.33956	1058
12h	PK_15	122979	122981	LT934125.1	+	3	122979	8771.929824	1058
12h	PK_15	122979	122983	LT934125.1	+	5	122979	6517.016655	1058
12h	C6	123095	123095	LT934125.1	+	1	123095	86.244071	1059
12h	PC_12	123186	123186	LT934125.1	+	1	123186	26.651031	1060
12h	C6	123219	123219	LT934125.1	+	1	123219	86.244071	1061
12h	C6	123295	123295	LT934125.1	+	1	123295	32.2841	1062
12h	PC_12	123297	123297	LT934125.1	+	1	123297	31.349928	1063
12h	C6	123306	123306	LT934125.1	+	1	123306	525.486075	1064
12h	PC_12	123449	123449	LT934125.1	+	1	123449	100.38145	1065
12h	C6	123450	123450	LT934125.1	+	1	123450	32.2841	1066
12h	C6	123473	123473	LT934125.1	+	1	123473	27.97418	1067
12h	C6	123484	123484	LT934125.1	+	1	123484	172.488141	1068
12h	PK_15	123509	123509	LT934125.1	+	1	123509	16.129162	1069
12h	C6	123528	123528	LT934125.1	+	1	123528	525.486075	1070
12h	C6	123569	123596	LT934125.1	+	28	123587	431.220354	1071
12h	PK_15	123587	123587	LT934125.1	+	1	123587	40.594301	1071
12h	PC_12	123593	123617	LT934125.1	+	25	123593	156.74964	1071
12h	PC_12	123595	123600	LT934125.1	+	6	123595	301.14435	1071
12h	PK_15	123614	123614	LT934125.1	+	1	123614	13.157952	1071
12h	C6	123625	123625	LT934125.1	+	1	123625	32.2841	1072
12h	PK_15	123641	123641	LT934125.1	+	1	123641	16.018307	1073
12h	C6	123694	123694	LT934125.1	+	1	123694	525.486075	1074
12h	PC_12	123755	123827	LT934125.1	+	73	123824	186.557218	1075
12h	PK_15	123755	123905	LT934125.1	+	151	123755	32.258324	1075
12h	PK_15	123755	123788	LT934125.1	+	34	123780	65.789762	1075
12h	C6	123780	123788	LT934125.1	+	9	123780	258.732212	1075
12h	PK_15	123780	123780	LT934125.1	+	1	123780	16.018307	1075
12h	PK_15	123817	123827	LT934125.1	+	11	123817	81.188602	1075
12h	C6	123824	123824	LT934125.1	+	1	123824	76.928995	1075
12h	C6	123824	123833	LT934125.1	+	10	123824	64.5682	1075
12h	PK_15	123870	123870	LT934125.1	+	1	123870	362.056481	1075
12h	PC_12	123953	123953	LT934125.1	+	1	123953	100.38145	1076
12h	C6	124008	124008	LT934125.1	+	1	124008	20.980635	1077
12h	PK_15	124008	124008	LT934125.1	+	1	124008	24.193743	1077
12h	C6	124021	124021	LT934125.1	+	1	124021	32.2841	1078
12h	C6	124034	124034	LT934125.1	+	1	124034	1540.832049	1079
12h	C6	124037	124037	LT934125.1	+	1	124037	172.488141	1080
12h	PK_15	124046	124046	LT934125.1	+	1	124046	81.188601	1081
12h	PC_12	124093	124093	LT934125.1	+	1	124093	62.699856	1082
12h	PK_15	124093	124093	LT934125.1	+	1	124093	22.883295	1082
12h	PK_15	124093	124093	LT934125.1	+	1	124093	21.929921	1082
12h	C6	124162	124162	LT934125.1	+	1	124162	27.97418	1083
12h	C6	124166	124166	LT934125.1	+	1	124166	525.486075	1084
12h	PK_15	124169	124169	LT934125.1	+	1	124169	362.056481	1085
12h	PC_12	124177	124180	LT934125.1	+	4	124177	53.302062	1086
12h	PC_12	124180	124180	LT934125.1	+	1	124180	34.128062	1086
12h	PC_12_2.5h	124290	124290	LT934125.1	+	1	124290	740.19245	1087
12h	PC_12	124290	124329	LT934125.1	+	40	124305	470.24892	1087
12h	C6	124295	124316	LT934125.1	+	22	124302	548.8297	1087
12h	PK_15	124299	124308	LT934125.1	+	10	124302	274.195756	1087
12h	PK_15	124299	124310	LT934125.1	+	12	124302	223.685192	1087
12h	PC_12_1.5h	124301	124301	LT934125.1	+	1	124301	2212.389381	1087
12h	PK_15	124301	124313	LT934125.1	+	13	124302	487.131607	1087
12h	PC_12	124302	124302	LT934125.1	+	1	124302	667.111408	1087
12h	PC_12	124304	124304	LT934125.1	+	1	124304	2227.171492	1087
12h	PK_15	124304	124304	LT934125.1	+	1	124304	362.056481	1087
12h	C6	124306	124316	LT934125.1	+	11	124306	344.976283	1087
12h	PC_12	124379	124502	LT934125.1	+	124	124385	586.322687	1088
12h	C6	124385	124385	LT934125.1	+	1	124385	97.909629	1088
12h	PC_12	124385	124402	LT934125.1	+	18	124385	109.209798	1088
12h	PK_15	124385	124402	LT934125.1	+	18	124385	41.189931	1088
12h	C6	124397	124397	LT934125.1	+	1	124397	1540.832049	1088
12h	PC_12	124402	124402	LT934125.1	+	1	124402	667.111408	1088
12h	PC_12	124454	124624	LT934125.1	+	171	124563	752.398272	1088
12h	PK_15	124457	124576	LT934125.1	+	120	124541	730.697416	1088
12h	PK_15	124462	124462	LT934125.1	+	1	124462	362.056481	1088
12h	C6	124487	124629	LT934125.1	+	143	124586	645.682	1088
12h	PK_15	124487	124642	LT934125.1	+	156	124541	435.48738	1088
12h	PC_12	124530	124530	LT934125.1	+	1	124530	667.111408	1088
12h	C6	124538	124575	LT934125.1	+	38	124563	314.709524	1088
12h	PC_12	124538	124571	LT934125.1	+	34	124563	307.15256	1088
12h	PC_12	124538	124584	LT934125.1	+	47	124563	533.020625	1088
12h	PK_15	124538	124541	LT934125.1	+	4	124541	64.073227	1088
12h	PK_15	124538	124613	LT934125.1	+	76	124538	250.001096	1088
12h	PK_15	124563	124563	LT934125.1	+	1	124563	362.056481	1088
12h	C6	124569	124569	LT934125.1	+	1	124569	525.486075	1088
12h	C6	124642	124642	LT934125.1	+	1	124642	86.244071	1088
12h	C6	124725	124757	LT934125.1	+	33	124756	5907.990314	1089
12h	PC_12	124734	124761	LT934125.1	+	28	124756	7555.332622	1089
12h	C6	124736	124757	LT934125.1	+	22	124756	7930.679982	1089
12h	PC_12	124736	124757	LT934125.1	+	22	124756	7098.636925	1089
12h	PC_12	124736	124790	LT934125.1	+	55	124756	4850.487712	1089
12h	PK_15	124736	124757	LT934125.1	+	22	124756	12052.631579	1089
12h	PK_15	124736	124761	LT934125.1	+	26	124756	5439.636276	1089
12h	PK_15	124736	124760	LT934125.1	+	25	124756	7048.443938	1089
12h	PK_15	124736	124757	LT934125.1	+	22	124756	9877.236304	1089
12h	PC_12	124754	124758	LT934125.1	+	5	124756	2609.917688	1089
12h	C6	124756	124756	LT934125.1	+	1	124756	1540.832049	1089
12h	C6	124756	124756	LT934125.1	+	1	124756	2344.665885	1089
12h	C6	124756	124758	LT934125.1	+	3	124756	9984.235418	1089
12h	C6	124756	124757	LT934125.1	+	2	124756	6382.061233	1089
12h	NRK	124756	124756	LT934125.1	+	1	124756	9708.737864	1089
12h	PC_12_1.5h	124756	124756	LT934125.1	+	1	124756	8849.557522	1089
12h	PC_12	124756	124756	LT934125.1	+	1	124756	2227.171492	1089
12h	PC_12_2.5h	124756	124757	LT934125.1	+	2	124756	7401.9245	1089
12h	PC_12	124756	124757	LT934125.1	+	2	124756	2668.445631	1089
12h	PK_15	124756	124764	LT934125.1	+	9	124756	6517.016656	1089
12h	NRK	124764	124764	LT934125.1	+	1	124764	10101.010101	1089
12h	PC_12_2.5h	124865	124880	LT934125.1	+	16	124865	1480.3849	1090
12h	PC_12	124891	124980	LT934125.1	+	90	124937	470.24892	1091
12h	C6	124893	124893	LT934125.1	+	1	124893	1172.332943	1091
12h	C6	124937	124937	LT934125.1	+	1	124937	1540.832049	1091
12h	PC_12	124958	124958	LT934125.1	+	1	124958	40.953675	1091
12h	PK_15	124958	124958	LT934125.1	+	1	124958	362.056481	1091
12h	PC_12	125003	125105	LT934125.1	+	103	125058	177.465922	1092
12h	PC_12	125003	125107	LT934125.1	+	105	125058	293.161342	1092
12h	PK_15	125003	125003	LT934125.1	+	1	125003	35.087873	1092
12h	PC_12	125027	125122	LT934125.1	+	96	125104	595.648632	1092
12h	C6	125054	125104	LT934125.1	+	51	125104	225.9887	1092
12h	C6	125058	125061	LT934125.1	+	4	125058	172.488142	1092
12h	PK_15	125058	125058	LT934125.1	+	1	125058	362.056481	1092
12h	PK_15	125090	125090	LT934125.1	+	1	125090	2923.976608	1092
12h	C6	125098	125104	LT934125.1	+	7	125104	69.93545	1092
12h	PK_15	125098	125104	LT934125.1	+	7	125104	64.073226	1092
12h	C6	125104	125104	LT934125.1	+	1	125104	525.486075	1092
12h	PK_15	125137	125229	LT934125.1	+	93	125225	10679.633868	1093
12h	PC_12	125152	125227	LT934125.1	+	76	125225	20032.603926	1093
12h	C6	125177	125229	LT934125.1	+	53	125225	34282.357385	1093
12h	PK_15	125177	125229	LT934125.1	+	53	125225	14024.306645	1093
12h	PC_12	125183	125228	LT934125.1	+	46	125225	18470.186712	1093
12h	PK_15	125192	125230	LT934125.1	+	39	125225	36567.704562	1093
12h	C6	125193	125229	LT934125.1	+	37	125225	38644.067797	1093
12h	PK_15	125208	125229	LT934125.1	+	22	125225	34464.561176	1093
12h	NRK	125217	125225	LT934125.1	+	9	125223	45307.443366	1093
12h	PC_12	125217	125229	LT934125.1	+	13	125225	17909.493098	1093
12h	PK_15	125217	125229	LT934125.1	+	13	125225	13478.129291	1093
12h	C6	125221	125227	LT934125.1	+	7	125223	36342.32122	1093
12h	PC_12_1.5h	125221	125225	LT934125.1	+	5	125225	46460.176991	1093
12h	PC_12	125221	125229	LT934125.1	+	9	125225	16210.829518	1093
12h	C6	125222	125236	LT934125.1	+	15	125223	55469.953774	1093
12h	PC_12	125222	125225	LT934125.1	+	4	125225	66815.144766	1093
12h	C6	125223	125230	LT934125.1	+	8	125225	32580.136628	1093
12h	C6	125223	125229	LT934125.1	+	7	125225	27511.858559	1093
12h	NRK	125223	125225	LT934125.1	+	3	125223	70707.070707	1093
12h	PC_12_2.5h	125223	125232	LT934125.1	+	10	125223	46632.124352	1093
12h	PC_12	125223	125229	LT934125.1	+	7	125225	45363.575718	1093
12h	PK_15	125223	125225	LT934125.1	+	3	125225	8771.929824	1093
12h	PC_12_0.5h	125225	125227	LT934125.1	+	3	125225	96774.193548	1093
12h	C6	125329	125753	LT934125.1	+	425	125729	1226.7958	1094
12h	PC_12	125331	125637	LT934125.1	+	307	125424	626.99856	1094
12h	PC_12	125343	125641	LT934125.1	+	299	125373	639.62475	1094
12h	PK_15	125343	125729	LT934125.1	+	387	125373	206.141254	1094
12h	PC_12	125373	125729	LT934125.1	+	357	125373	348.106234	1094
12h	PK_15	125373	125729	LT934125.1	+	357	125373	208.237988	1094
12h	PK_15	125373	125415	LT934125.1	+	43	125373	202.971504	1094
12h	PK_15	125373	125784	LT934125.1	+	412	125373	314.518664	1094
12h	PC_12	125398	125721	LT934125.1	+	324	125721	602.288699	1094
12h	C6	125446	125638	LT934125.1	+	193	125473	202.812805	1094
12h	C6	125446	125446	LT934125.1	+	1	125446	525.486075	1094
12h	C6	125463	125729	LT934125.1	+	267	125493	776.196637	1094
12h	PC_12	125481	125747	LT934125.1	+	267	125481	2668.445632	1094
12h	PK_15	125553	125729	LT934125.1	+	177	125553	1086.169443	1094
12h	PC_12_1.5h	125653	125653	LT934125.1	+	1	125653	2212.389381	1094
12h	PC_12	125673	126053	LT934125.1	+	381	125804	2131.795104	1094
12h	C6	125701	125701	LT934125.1	+	1	125701	1540.832049	1094
12h	C6	125784	125972	LT934125.1	+	189	125905	440.593335	1094
12h	PK_15	125818	125874	LT934125.1	+	57	125838	82.379863	1094
12h	PK_15	125838	125866	LT934125.1	+	29	125866	74.56173	1094
12h	C6	125844	125844	LT934125.1	+	1	125844	1540.832049	1094
12h	PK_15	125866	125866	LT934125.1	+	1	125866	362.056481	1094
12h	PC_12	125884	125885	LT934125.1	+	2	125884	200.7629	1094
12h	PC_12_2.5h	125889	125889	LT934125.1	+	1	125889	740.19245	1094
12h	PC_12	125905	125938	LT934125.1	+	34	125926	186.557218	1094
12h	C6	125917	126047	LT934125.1	+	131	126005	613.3979	1094
12h	PC_12_1.5h	125927	125927	LT934125.1	+	1	125927	2212.389381	1094
12h	PK_15	125928	125928	LT934125.1	+	1	125928	2923.976608	1094
12h	PC_12	125985	125985	LT934125.1	+	1	125985	667.111408	1094
12h	C6	126005	126062	LT934125.1	+	58	126005	139.8709	1094
12h	PK_15	126005	126005	LT934125.1	+	1	126005	24.193743	1094
12h	PK_15	126005	126047	LT934125.1	+	43	126005	52.631809	1094
12h	C6	126194	126194	LT934125.1	+	1	126194	32.2841	1095
12h	PC_12	126375	126375	LT934125.1	+	1	126375	31.349928	1096
12h	PC_12	126469	126469	LT934125.1	+	1	126469	26.651031	1097
12h	PC_12	126800	126800	LT934125.1	+	1	126800	100.38145	1098
12h	PC_12	126805	126805	LT934125.1	+	1	126805	31.349928	1099
12h	C6	126808	126825	LT934125.1	+	18	126808	172.488142	1100
12h	PC_12	126815	126815	LT934125.1	+	1	126815	26.651031	1100
12h	C6	126825	126825	LT934125.1	+	1	126825	34.967725	1100
12h	PC_12	126837	126837	LT934125.1	+	1	126837	667.111408	1101
12h	PK_15	126842	126842	LT934125.1	+	1	126842	24.193743	1102
12h	PK_15	126858	126858	LT934125.1	+	1	126858	40.594301	1103
12h	C6	126873	126873	LT934125.1	+	1	126873	32.2841	1104
12h	PK_15	126928	126928	LT934125.1	+	1	126928	362.056481	1105
12h	PK_15	126946	126946	LT934125.1	+	1	126946	16.129162	1106
12h	C6	127138	127138	LT934125.1	+	1	127138	27.97418	1107
12h	PC_12	127138	127138	LT934125.1	+	1	127138	26.651031	1107
12h	C6	127147	127147	LT934125.1	+	1	127147	86.244071	1108
12h	PC_12	127568	127568	LT934125.1	+	1	127568	26.651031	1109
12h	PC_12	127788	127788	LT934125.1	+	1	127788	31.349928	1110
12h	C6	127862	127862	LT934125.1	+	1	127862	20.980635	1111
12h	PC_12	127999	128111	LT934125.1	+	113	128083	1975.04546	1112
12h	C6	128007	128115	LT934125.1	+	109	128083	1111.973651	1112
12h	PK_15	128007	128111	LT934125.1	+	105	128083	750.006046	1112
12h	PC_12_2.5h	128008	128008	LT934125.1	+	1	128008	740.19245	1112
12h	PC_12	128014	128093	LT934125.1	+	80	128018	559.671654	1112
12h	PK_15	128015	128136	LT934125.1	+	122	128079	893.07462	1112
12h	C6	128031	128083	LT934125.1	+	53	128047	387.4092	1112
12h	PC_12	128032	128105	LT934125.1	+	74	128061	832.724715	1112
12h	PC_12	128032	128032	LT934125.1	+	1	128032	667.111408	1112
12h	PK_15	128037	128115	LT934125.1	+	79	128079	688.599511	1112
12h	PK_15	128041	128083	LT934125.1	+	43	128083	148.741419	1112
12h	C6	128051	128079	LT934125.1	+	29	128061	948.684778	1112
12h	C6	128057	128079	LT934125.1	+	23	128057	1576.458225	1112
12h	PK_15	128061	128061	LT934125.1	+	1	128061	362.056481	1112
12h	PC_12	128079	128084	LT934125.1	+	6	128079	301.144349	1112
12h	PC_12	128161	128190	LT934125.1	+	30	128185	1379.396828	1113
12h	PC_12	128182	128221	LT934125.1	+	40	128185	505.09532	1113
12h	C6	128184	128199	LT934125.1	+	16	128189	944.128569	1113
12h	PC_12	128184	128221	LT934125.1	+	38	128185	692.926816	1113
12h	C6	128185	128195	LT934125.1	+	11	128185	344.976283	1113
12h	C6	128185	128212	LT934125.1	+	28	128189	677.966101	1113
12h	PC_12	128185	128189	LT934125.1	+	5	128185	1334.222816	1113
12h	PC_12	128185	128190	LT934125.1	+	6	128185	702.670147	1113
12h	PK_15	128185	128189	LT934125.1	+	5	128185	66.361556	1113
12h	PK_15	128185	128225	LT934125.1	+	41	128185	690.103111	1113
12h	PK_15	128185	128203	LT934125.1	+	19	128189	443.551963	1113
12h	PK_15	128185	128189	LT934125.1	+	5	128185	315.790859	1113
12h	C6	128189	128189	LT934125.1	+	1	128189	1172.332943	1113
12h	C6	128189	128189	LT934125.1	+	1	128189	1050.972149	1113
12h	PK_15	128364	128364	LT934125.1	+	1	128364	16.129162	1114
12h	PC_12	128371	128371	LT934125.1	+	1	128371	31.349928	1115
12h	C6	128411	128411	LT934125.1	+	1	128411	20.980635	1116
12h	PC_12	129211	129211	LT934125.1	+	1	129211	31.349928	1117
12h	PK_15	129579	129579	LT934125.1	+	1	129579	16.129162	1118
12h	PK_15	129592	129592	LT934125.1	+	1	129592	81.188601	1119
12h	PC_12	129901	129901	LT934125.1	+	1	129901	31.349928	1120
12h	PC_12	129963	129963	LT934125.1	+	1	129963	26.651031	1121
12h	PK_15	129984	129984	LT934125.1	+	1	129984	40.594301	1122
12h	C6	130161	130161	LT934125.1	+	1	130161	32.2841	1123
12h	PC_12	130179	130194	LT934125.1	+	16	130179	62.699856	1124
12h	PK_15	130194	130194	LT934125.1	+	1	130194	21.929921	1124
12h	C6	130291	130291	LT934125.1	+	1	130291	86.244071	1125
12h	PC_12	130715	130715	LT934125.1	+	1	130715	31.349928	1126
12h	PC_12	130853	130853	LT934125.1	+	1	130853	31.349928	1127
12h	PC_12	131573	131573	LT934125.1	+	1	131573	26.651031	1128
12h	PC_12	131659	131659	LT934125.1	+	1	131659	31.349928	1129
12h	PC_12	132055	132055	LT934125.1	+	1	132055	31.349928	1130
12h	PC_12	132357	132357	LT934125.1	+	1	132357	26.651031	1131
12h	PC_12_0.5h	132560	132560	LT934125.1	+	1	132560	32258.064516	1132
12h	PC_12	132598	132616	LT934125.1	+	19	132598	2001.334224	1133
12h	PC_12	132610	132614	LT934125.1	+	5	132610	200.7629	1133
12h	PK_15	132613	132614	LT934125.1	+	2	132614	324.754405	1133
12h	C6	132614	132614	LT934125.1	+	1	132614	27.97418	1133
12h	C6	132614	132614	LT934125.1	+	1	132614	32.2841	1133
12h	PC_12	132614	132614	LT934125.1	+	1	132614	68.256124	1133
12h	PC_12	132614	132620	LT934125.1	+	7	132614	6681.514476	1133
12h	PC_12	132614	132614	LT934125.1	+	1	132614	133.255157	1133
12h	PC_12	132614	132618	LT934125.1	+	5	132614	219.449495	1133
12h	PK_15	132614	132614	LT934125.1	+	1	132614	2923.976608	1133
12h	PK_15	132614	132614	LT934125.1	+	1	132614	1086.169442	1133
12h	PK_15	132614	132614	LT934125.1	+	1	132614	32.258325	1133
12h	PK_15	132614	132614	LT934125.1	+	1	132614	39.473857	1133
12h	PC_12_2.5h	132618	132618	LT934125.1	+	1	132618	740.19245	1133
12h	C6	132767	132767	LT934125.1	+	1	132767	20.980635	1134
12h	C6	132767	132780	LT934125.1	+	14	132767	64.5682	1134
12h	PC_12	132809	132809	LT934125.1	+	1	132809	667.111408	1135
12h	PC_12	132936	132944	LT934125.1	+	9	132936	62.699856	1136
12h	PK_15	133054	133054	LT934125.1	+	1	133054	362.056481	1137
12h	PC_12	133072	133072	LT934125.1	+	1	133072	26.651031	1138
12h	PC_12	133128	133128	LT934125.1	+	1	133128	31.349928	1139
12h	C6	133397	133397	LT934125.1	+	1	133397	64.5682	1140
12h	PC_12	133968	133968	LT934125.1	+	1	133968	62.699856	1141
12h	PC_12	133971	133981	LT934125.1	+	11	133971	53.302062	1142
12h	PK_15	133987	133987	LT934125.1	+	1	133987	40.594301	1143
12h	PC_12	134280	134280	LT934125.1	+	1	134280	31.349928	1144
12h	C6	134342	134342	LT934125.1	+	1	134342	32.2841	1145
12h	PC_12	134950	134990	LT934125.1	+	41	134950	79.953093	1146
12h	PC_12	134962	134972	LT934125.1	+	11	134962	200.7629	1146
12h	C6	134972	134977	LT934125.1	+	6	134972	64.5682	1146
12h	PK_15	134972	134990	LT934125.1	+	19	134972	27.459954	1146
12h	PK_15	134972	134977	LT934125.1	+	6	134972	64.51665	1146
12h	C6	134977	134990	LT934125.1	+	14	134977	41.96127	1146
12h	PC_12	134977	134996	LT934125.1	+	20	134990	109.209799	1146
12h	PC_12	134977	134996	LT934125.1	+	20	134990	219.449496	1146
12h	C6	134990	134990	LT934125.1	+	1	134990	1172.332943	1146
12h	PK_15	135000	135000	LT934125.1	+	1	135000	40.594301	1147
12h	PC_12	135223	135223	LT934125.1	+	1	135223	667.111408	1148
12h	C6	135261	135261	LT934125.1	+	1	135261	32.2841	1149
12h	PC_12	135261	135267	LT934125.1	+	7	135261	94.049784	1149
12h	C6	135380	135380	LT934125.1	+	1	135380	32.2841	1150
12h	PC_12	135800	135800	LT934125.1	+	1	135800	26.651031	1151
12h	PK_15	135883	135883	LT934125.1	+	1	135883	16.129162	1152
12h	NRK	135995	135995	LT934125.1	+	1	135995	10101.010101	1153
12h	PK_15	136040	136104	LT934125.1	+	65	136055	365.348707	1154
12h	PK_15	136055	136055	LT934125.1	+	1	136055	362.056481	1154
12h	PK_15	136153	136174	LT934125.1	+	22	136158	1193.55801	1155
12h	PK_15	136154	136161	LT934125.1	+	8	136158	13758.146271	1155
12h	PK_15	136156	136162	LT934125.1	+	7	136158	184210.526315	1155
12h	C6	136157	136174	LT934125.1	+	18	136158	1125.960739	1155
12h	C6	136157	136174	LT934125.1	+	18	136158	1162.227602	1155
12h	PC_12	136157	136180	LT934125.1	+	24	136157	6681.514476	1155
12h	PC_12	136157	136178	LT934125.1	+	22	136158	602.288698	1155
12h	PC_12	136157	136201	LT934125.1	+	45	136158	826.181973	1155
12h	PK_15	136157	136161	LT934125.1	+	5	136158	485.125858	1155
12h	PK_15	136157	136201	LT934125.1	+	45	136158	1907.932128	1155
12h	PK_15	136157	136174	LT934125.1	+	18	136158	1763.165628	1155
12h	C6	136158	136158	LT934125.1	+	1	136158	603.708495	1155
12h	PC_12_0.5h	136158	136158	LT934125.1	+	1	136158	32258.064516	1155
12h	PC_12	136158	136174	LT934125.1	+	17	136158	1146.702887	1155
12h	PC_12	136158	136158	LT934125.1	+	1	136158	667.111408	1155
12h	PC_12	136158	136174	LT934125.1	+	17	136158	1003.197693	1155
12h	PK_15	136270	136270	LT934125.1	+	1	136270	2923.976608	1156
12h	PK_15	136289	136397	LT934125.1	+	109	136348	3937.647159	1157
12h	PC_12	136292	136378	LT934125.1	+	87	136348	815.098127	1157
12h	C6	136335	136352	LT934125.1	+	18	136348	451.977401	1157
12h	PK_15	136335	136352	LT934125.1	+	18	136348	1854.853668	1157
12h	PK_15	136335	136378	LT934125.1	+	44	136348	1232.461547	1157
12h	C6	136338	136372	LT934125.1	+	35	136348	776.196637	1157
12h	C6	136339	136352	LT934125.1	+	14	136348	1405.702538	1157
12h	PC_12	136339	136351	LT934125.1	+	13	136348	525.572157	1157
12h	PC_12	136339	136348	LT934125.1	+	10	136348	702.670147	1157
12h	PC_12	136339	136351	LT934125.1	+	13	136348	533.020628	1157
12h	PK_15	136339	136351	LT934125.1	+	13	136348	121.281465	1157
12h	C6	136348	136348	LT934125.1	+	1	136348	1172.332943	1157
12h	NRK	136348	136348	LT934125.1	+	1	136348	3236.245955	1157
12h	PC_12_2.5h	136348	136348	LT934125.1	+	1	136348	740.19245	1157
12h	PC_12	136348	136351	LT934125.1	+	4	136348	2001.334224	1157
12h	PK_15	136438	136438	LT934125.1	+	1	136438	362.056481	1158
12h	PK_15	136494	136506	LT934125.1	+	13	136494	5847.953216	1159
12h	PK_15	136508	136531	LT934125.1	+	24	136508	56.452068	1160
12h	PC_12	136587	136587	LT934125.1	+	1	136587	667.111408	1161
12h	PK_15	136618	136673	LT934125.1	+	56	136618	487.131609	1162
12h	PC_12	136645	136670	LT934125.1	+	26	136645	401.5258	1162
12h	PC_12	136645	136664	LT934125.1	+	20	136645	62.699856	1162
12h	C6	136650	136670	LT934125.1	+	21	136664	129.1364	1162
12h	NRK	136657	136657	LT934125.1	+	1	136657	10101.010101	1162
12h	PC_12	136664	136665	LT934125.1	+	2	136664	61.430512	1162
12h	PC_12	136664	136673	LT934125.1	+	10	136664	319.812376	1162
12h	PK_15	136664	136664	LT934125.1	+	1	136664	13.729977	1162
12h	PK_15	136664	136670	LT934125.1	+	7	136664	153.227042	1162
12h	PK_15	136664	136670	LT934125.1	+	7	136664	65.789761	1162
12h	C6	136670	136670	LT934125.1	+	1	136670	172.488141	1162
12h	PK_15	136765	136765	LT934125.1	+	1	136765	2923.976608	1163
12h	PK_15	136765	136765	LT934125.1	+	1	136765	362.056481	1163
12h	PK_15	136847	136847	LT934125.1	+	1	136847	16.129162	1164
12h	PC_12	136862	136862	LT934125.1	+	1	136862	26.651031	1165
12h	PC_12	136921	136921	LT934125.1	+	1	136921	100.38145	1166
12h	PC_12	136983	136983	LT934125.1	+	1	136983	26.651031	1167
12h	C6	137044	137044	LT934125.1	+	1	137044	86.244071	1168
12h	PK_15	137061	137061	LT934125.1	+	1	137061	40.594301	1169
12h	PC_12	137108	137108	LT934125.1	+	1	137108	100.38145	1170
12h	PC_12	137108	137140	LT934125.1	+	33	137108	94.049784	1170
12h	PK_15	137111	137111	LT934125.1	+	1	137111	11.441648	1170
12h	C6	137112	137112	LT934125.1	+	1	137112	20.980635	1170
12h	PC_12	137112	137112	LT934125.1	+	1	137112	34.128062	1170
12h	PK_15	137112	137112	LT934125.1	+	1	137112	30.701889	1170
12h	C6	137151	137151	LT934125.1	+	1	137151	32.2841	1171
12h	PK_15	137185	137185	LT934125.1	+	1	137185	16.129162	1172
12h	C6	137340	137340	LT934125.1	+	1	137340	525.486075	1173
12h	PC_12	137368	137392	LT934125.1	+	25	137368	53.302062	1174
12h	PK_15	137420	137420	LT934125.1	+	1	137420	16.129162	1175
12h	PK_15	137455	137472	LT934125.1	+	18	137455	5847.953216	1176
12h	PK_15	137482	137482	LT934125.1	+	1	137482	40.594301	1177
12h	C6	137528	137528	LT934125.1	+	1	137528	32.2841	1178
12h	PK_15	137751	137751	LT934125.1	+	1	137751	40.594301	1179
12h	PC_12	137820	137820	LT934125.1	+	1	137820	31.349928	1180
12h	PK_15	137822	137822	LT934125.1	+	1	137822	2923.976608	1181
12h	PC_12	137875	137875	LT934125.1	+	1	137875	26.651031	1182
12h	PK_15	137952	137952	LT934125.1	+	1	137952	362.056481	1183
12h	PC_12	138099	138099	LT934125.1	+	1	138099	31.349928	1184
12h	C6	138178	138178	LT934125.1	+	1	138178	1172.332943	1185
12h	PK_15	138188	138188	LT934125.1	+	1	138188	40.594301	1186
12h	PK_15	138228	138228	LT934125.1	+	1	138228	11.441648	1187
12h	PC_12	138326	138326	LT934125.1	+	1	138326	26.651031	1188
12h	PK_15	138362	138362	LT934125.1	+	1	138362	2923.976608	1189
12h	PK_15	138364	138364	LT934125.1	+	1	138364	16.129162	1190
12h	PC_12	138507	138507	LT934125.1	+	1	138507	100.38145	1191
12h	PK_15	138586	138586	LT934125.1	+	1	138586	40.594301	1192
12h	PK_15	138601	138601	LT934125.1	+	1	138601	362.056481	1193
12h	PC_12	138660	138660	LT934125.1	+	1	138660	100.38145	1194
12h	C6	138665	138673	LT934125.1	+	9	138665	64.5682	1195
12h	PC_12	138673	138673	LT934125.1	+	1	138673	26.651031	1195
12h	PK_15	138673	138675	LT934125.1	+	3	138673	32.258324	1195
12h	PK_15	138673	138678	LT934125.1	+	6	138673	26.315904	1195
12h	PC_12	138676	138701	LT934125.1	+	26	138676	62.699856	1195
12h	PK_15	138813	138813	LT934125.1	+	1	138813	2923.976608	1196
12h	PC_12	138863	138863	LT934125.1	+	1	138863	31.349928	1197
12h	PC_12	138870	138870	LT934125.1	+	1	138870	26.651031	1198
12h	PK_15	138877	138882	LT934125.1	+	6	138877	81.188602	1199
12h	PK_15	138886	138886	LT934125.1	+	1	138886	16.129162	1200
12h	C6	138923	138923	LT934125.1	+	1	138923	32.2841	1201
12h	PC_12	138924	138924	LT934125.1	+	1	138924	100.38145	1202
12h	PC_12	139003	139003	LT934125.1	+	1	139003	26.651031	1203
12h	PC_12	139091	139091	LT934125.1	+	1	139091	667.111408	1204
12h	PC_12	139105	139105	LT934125.1	+	1	139105	100.38145	1205
12h	PC_12	139115	139115	LT934125.1	+	1	139115	31.349928	1206
12h	PK_15	139115	139115	LT934125.1	+	1	139115	40.594301	1206
12h	PC_12_2.5h	139140	139140	LT934125.1	+	1	139140	740.19245	1207
12h	PC_12	139165	139165	LT934125.1	+	1	139165	26.651031	1208
12h	PK_15	139253	139253	LT934125.1	+	1	139253	362.056481	1209
12h	PC_12_0.5h	139269	139269	LT934125.1	+	1	139269	32258.064516	1210
12h	C6	139357	139357	LT934125.1	+	1	139357	32.2841	1211
12h	C6	139476	139476	LT934125.1	+	1	139476	1172.332943	1212
12h	PC_12	139476	139506	LT934125.1	+	31	139476	301.14435	1212
12h	PC_12	139476	139500	LT934125.1	+	25	139476	133.255156	1212
12h	PK_15	139476	139500	LT934125.1	+	25	139480	162.377203	1212
12h	PK_15	139480	139480	LT934125.1	+	1	139480	13.157952	1212
12h	PC_12	139482	139482	LT934125.1	+	1	139482	667.111408	1212
12h	PC_12	139506	139506	LT934125.1	+	1	139506	31.349928	1212
12h	PK_15	139565	139565	LT934125.1	+	1	139565	16.129162	1213
12h	C6	139659	139659	LT934125.1	+	1	139659	32.2841	1214
12h	PK_15	139665	139665	LT934125.1	+	1	139665	362.056481	1215
12h	C6	139670	139670	LT934125.1	+	1	139670	20.980635	1216
12h	PK_15	139670	139670	LT934125.1	+	1	139670	40.594301	1216
12h	PC_12_2.5h	139764	139764	LT934125.1	+	1	139764	740.19245	1217
12h	PC_12	139784	139784	LT934125.1	+	1	139784	100.38145	1218
12h	PC_12	139816	139816	LT934125.1	+	1	139816	26.651031	1219
12h	C6	139828	139828	LT934125.1	+	1	139828	86.244071	1220
12h	PK_15	139867	139867	LT934125.1	+	1	139867	2923.976608	1221
12h	PC_12	139883	139883	LT934125.1	+	1	139883	31.349928	1222
12h	PC_12_1.5h	139935	139935	LT934125.1	+	1	139935	2212.389381	1223
12h	C6	139968	139982	LT934125.1	+	15	139982	76.928995	1224
12h	PC_12	139982	139982	LT934125.1	+	1	139982	20.476837	1224
12h	PC_12	139982	139982	LT934125.1	+	1	139982	200.762899	1224
12h	PC_12	139982	139982	LT934125.1	+	1	139982	133.255157	1224
12h	PK_15	139982	139984	LT934125.1	+	3	139982	121.782902	1224
12h	PK_15	139982	139997	LT934125.1	+	16	139982	137.097879	1224
12h	PK_15	139982	139982	LT934125.1	+	1	139982	26.315905	1224
12h	NRK	140072	140072	LT934125.1	+	1	140072	10101.010101	1225
12h	C6	140102	140112	LT934125.1	+	11	140102	64.5682	1226
12h	PC_12	140171	140171	LT934125.1	+	1	140171	31.349928	1227
12h	PK_15	140201	140201	LT934125.1	+	1	140201	2923.976608	1228
12h	PC_12	140247	140247	LT934125.1	+	1	140247	100.38145	1229
12h	PC_12	140272	140434	LT934125.1	+	163	140272	106.604124	1230
12h	PK_15	140292	140292	LT934125.1	+	1	140292	40.594301	1230
12h	PK_15	140327	140327	LT934125.1	+	1	140327	16.129162	1230
12h	PK_15	140368	140368	LT934125.1	+	1	140368	362.056481	1230
12h	C6	140401	140427	LT934125.1	+	27	140401	64.5682	1230
12h	PK_15	140487	140487	LT934125.1	+	1	140487	362.056481	1231
12h	PC_12	140497	140497	LT934125.1	+	1	140497	667.111408	1232
12h	PK_15	140544	140544	LT934125.1	+	1	140544	2923.976608	1233
12h	PC_12	140545	140545	LT934125.1	+	1	140545	31.349928	1234
12h	PC_12	140598	140598	LT934125.1	+	1	140598	100.38145	1235
12h	PK_15	140598	140598	LT934125.1	+	1	140598	24.193743	1235
12h	PK_15	140631	140656	LT934125.1	+	26	140631	81.188602	1236
12h	PC_12_1.5h	140641	140641	LT934125.1	+	1	140641	2212.389381	1236
12h	PC_12	140653	140665	LT934125.1	+	13	140653	106.604125	1236
12h	PC_12	140663	140663	LT934125.1	+	1	140663	667.111408	1236
12h	PC_12	140746	140746	LT934125.1	+	1	140746	200.762899	1237
12h	PK_15	140788	140808	LT934125.1	+	21	140789	14619.88304	1238
12h	PK_15	140788	140804	LT934125.1	+	17	140788	64.516648	1238
12h	PK_15	140788	140788	LT934125.1	+	1	140788	21.929921	1238
12h	PC_12_1.5h	140875	140875	LT934125.1	+	1	140875	4424.778761	1239
12h	PC_12	140880	140880	LT934125.1	+	1	140880	667.111408	1240
12h	PC_12	140933	140933	LT934125.1	+	1	140933	26.651031	1241
12h	C6	140946	140946	LT934125.1	+	1	140946	32.2841	1242
12h	PC_12	141043	141080	LT934125.1	+	38	141065	239.859281	1243
12h	PK_15	141053	141074	LT934125.1	+	22	141053	26.315904	1243
12h	PC_12_2.5h	141056	141057	LT934125.1	+	2	141056	1480.3849	1243
12h	PC_12	141057	141057	LT934125.1	+	1	141057	100.38145	1243
12h	C6	141066	141066	LT934125.1	+	1	141066	86.244071	1243
12h	PK_15	141068	141068	LT934125.1	+	1	141068	16.129162	1243
12h	PK_15	141086	141104	LT934125.1	+	19	141086	81.188602	1244
12h	C6	141089	141089	LT934125.1	+	1	141089	20.980635	1244
12h	C6	141104	141108	LT934125.1	+	5	141104	64.5682	1244
12h	PK_15	141104	141104	LT934125.1	+	1	141104	362.056481	1244
12h	PC_12	141170	141170	LT934125.1	+	1	141170	2227.171492	1245
12h	PC_12	141173	141173	LT934125.1	+	1	141173	34.128062	1246
12h	PK_15	141173	141200	LT934125.1	+	28	141200	40.322905	1246
12h	C6	141197	141215	LT934125.1	+	19	141215	161.4205	1246
12h	PC_12_2.5h	141212	141212	LT934125.1	+	1	141212	740.19245	1246
12h	PC_12	141215	141215	LT934125.1	+	1	141215	79.953094	1246
12h	PK_15	141227	141227	LT934125.1	+	1	141227	13.157952	1247
12h	PC_12	141418	141418	LT934125.1	+	1	141418	100.38145	1248
12h	PK_15	141582	141582	LT934125.1	+	1	141582	362.056481	1249
12h	PC_12	141675	141675	LT934125.1	+	1	141675	31.349928	1250
12h	C6	141778	141778	LT934125.1	+	1	141778	86.244071	1251
12h	PK_15	141812	141812	LT934125.1	+	1	141812	13.157952	1252
12h	PC_12	141975	141975	LT934125.1	+	1	141975	31.349928	1253
12h	C6	1684	1684	LT934125.1	-	1	1684	32.2841	1
12h	PC_12	1743	1743	LT934125.1	-	1	1743	26.651031	2
12h	PC_12	1924	1924	LT934125.1	-	1	1924	667.111408	3
12h	PC_12	1924	1924	LT934125.1	-	1	1924	26.651031	3
12h	C6	1925	1956	LT934125.1	-	32	1925	258.732213	4
12h	PK_15	1925	1925	LT934125.1	-	1	1925	40.594301	4
12h	C6	1958	1958	LT934125.1	-	1	1958	20.980635	5
12h	C6	1958	1958	LT934125.1	-	1	1958	64.5682	5
12h	PK_15	1958	1958	LT934125.1	-	1	1958	13.157952	5
12h	PC_12	2023	2023	LT934125.1	-	1	2023	100.38145	6
12h	C6	2131	2140	LT934125.1	-	10	2131	64.5682	7
12h	C6	2140	2140	LT934125.1	-	1	2140	86.244071	7
12h	C6	2870	2879	LT934125.1	-	10	2870	96.8523	8
12h	PC_12	2870	2870	LT934125.1	-	1	2870	53.302063	8
12h	PC_12	2873	2917	LT934125.1	-	45	2917	250.799424	8
12h	PK_15	2900	2900	LT934125.1	-	1	2900	362.056481	8
12h	C6	2908	2908	LT934125.1	-	1	2908	20.980635	8
12h	C6	2977	2977	LT934125.1	-	1	2977	86.244071	9
12h	PC_12	2977	2977	LT934125.1	-	1	2977	20.476837	9
12h	PC_12	2977	2977	LT934125.1	-	1	2977	100.38145	9
12h	PK_15	3006	3043	LT934125.1	-	38	3006	162.377203	10
12h	PC_12	3034	3034	LT934125.1	-	1	3034	667.111408	10
12h	PK_15	3034	3045	LT934125.1	-	12	3034	96.774974	10
12h	PK_15	3034	3045	LT934125.1	-	12	3045	57.017794	10
12h	C6	3043	3043	LT934125.1	-	1	3043	1540.832049	10
12h	PC_12	3043	3043	LT934125.1	-	1	3043	4454.342984	10
12h	PC_12	3105	3139	LT934125.1	-	35	3105	159.906187	11
12h	C6	3114	3114	LT934125.1	-	1	3114	20.980635	11
12h	PC_12_2.5h	3116	3116	LT934125.1	-	1	3116	1480.3849	11
12h	PC_12	3126	3148	LT934125.1	-	23	3141	250.799424	11
12h	C6	3133	3189	LT934125.1	-	57	3163	258.2728	11
12h	PK_15	3169	3169	LT934125.1	-	1	3169	11.441648	11
12h	PC_12	3184	3389	LT934125.1	-	206	3351	612.973718	11
12h	PC_12_2.5h	3277	3277	LT934125.1	-	1	3277	740.19245	11
12h	PK_15	3289	3419	LT934125.1	-	131	3289	1086.169443	11
12h	PC_12	3291	3351	LT934125.1	-	61	3305	532.948775	11
12h	C6	3305	3319	LT934125.1	-	15	3305	172.488142	11
12h	C6	3310	3504	LT934125.1	-	195	3351	968.523	11
12h	PC_12	3319	3351	LT934125.1	-	33	3349	116.035411	11
12h	PK_15	3349	3463	LT934125.1	-	115	3351	96.49165	11
12h	PK_15	3351	3494	LT934125.1	-	144	3351	68.649886	11
12h	PK_15	3351	3351	LT934125.1	-	1	3351	56.452068	11
12h	C6	3389	3494	LT934125.1	-	106	3494	97.90963	11
12h	PK_15	3421	3477	LT934125.1	-	57	3421	243.565805	11
12h	NRK	3429	3429	LT934125.1	-	1	3429	3236.245955	11
12h	PC_12	3472	3489	LT934125.1	-	18	3472	1334.222816	11
12h	C6	3487	3487	LT934125.1	-	1	3487	1172.332943	11
12h	PK_15	3587	3701	LT934125.1	-	115	3587	724.112962	12
12h	PC_12	3589	3589	LT934125.1	-	1	3589	26.651031	12
12h	PC_12_2.5h	3640	3640	LT934125.1	-	1	3640	740.19245	12
12h	PK_15	3653	3689	LT934125.1	-	37	3653	162.377204	12
12h	PK_15	3656	3659	LT934125.1	-	4	3656	32.258324	12
12h	PC_12	3680	3680	LT934125.1	-	1	3680	100.38145	12
12h	PC_12	3685	3685	LT934125.1	-	1	3685	667.111408	12
12h	C6	3731	3731	LT934125.1	-	1	3731	1172.332943	13
12h	C6	3838	3942	LT934125.1	-	105	3910	1872.477803	14
12h	PC_12	3876	3912	LT934125.1	-	37	3908	1492.457757	14
12h	C6	3877	3912	LT934125.1	-	36	3910	4570.93575	14
12h	PC_12	3877	3912	LT934125.1	-	36	3910	8672.448302	14
12h	PC_12	3877	3917	LT934125.1	-	41	3910	1222.647189	14
12h	PK_15	3877	3959	LT934125.1	-	83	3910	2395.063736	14
12h	PK_15	3877	3912	LT934125.1	-	36	3910	1096.783037	14
12h	PK_15	3877	3912	LT934125.1	-	36	3910	763.161242	14
12h	C6	3880	3912	LT934125.1	-	33	3910	783.277036	14
12h	PC_12	3880	3912	LT934125.1	-	33	3910	361.757458	14
12h	PC_12_2.5h	3880	3911	LT934125.1	-	32	3910	10362.6943	14
12h	PC_12	3880	3912	LT934125.1	-	33	3911	1907.247543	14
12h	PK_15	3880	3912	LT934125.1	-	33	3910	116.704805	14
12h	PK_15	3905	3911	LT934125.1	-	7	3910	8327.299059	14
12h	C6	3908	3910	LT934125.1	-	3	3908	12326.656394	14
12h	C6	3908	3912	LT934125.1	-	5	3908	2344.665886	14
12h	C6	3908	3912	LT934125.1	-	5	3910	3152.916448	14
12h	PC_12_1.5h	3908	3914	LT934125.1	-	7	3910	22123.893806	14
12h	PC_12	3908	3911	LT934125.1	-	4	3911	8908.685968	14
12h	NRK	3910	3910	LT934125.1	-	1	3910	6472.491909	14
12h	PK_15	4154	4154	LT934125.1	-	1	4154	40.594301	15
12h	PC_12	4156	4156	LT934125.1	-	1	4156	31.349928	16
12h	PC_12	4180	4180	LT934125.1	-	1	4180	53.302063	17
12h	C6	4188	4210	LT934125.1	-	23	4210	431.220354	18
12h	PC_12	4208	4208	LT934125.1	-	1	4208	100.38145	18
12h	C6	4210	4210	LT934125.1	-	1	4210	525.486075	18
12h	C6	4210	4210	LT934125.1	-	1	4210	32.2841	18
12h	PK_15	4210	4210	LT934125.1	-	1	4210	24.193743	18
12h	PK_15	4324	4324	LT934125.1	-	1	4324	40.594301	19
12h	C6	4409	4435	LT934125.1	-	27	4409	64.5682	20
12h	PC_12	4424	4424	LT934125.1	-	1	4424	26.651031	20
12h	PK_15	4424	4424	LT934125.1	-	1	4424	40.594301	20
12h	C6	4439	4458	LT934125.1	-	20	4439	172.488142	21
12h	PK_15	4439	4439	LT934125.1	-	1	4439	362.056481	21
12h	PK_15	4458	4477	LT934125.1	-	20	4458	32.258324	21
12h	C6	4470	4470	LT934125.1	-	1	4470	27.97418	21
12h	PC_12	4470	4470	LT934125.1	-	1	4470	100.38145	21
12h	PC_12	4470	4470	LT934125.1	-	1	4470	31.349928	21
12h	PC_12	4556	4573	LT934125.1	-	18	4573	79.953094	22
12h	C6	4585	4585	LT934125.1	-	1	4585	32.2841	23
12h	PK_15	4596	4597	LT934125.1	-	2	4596	81.188602	24
12h	C6	4684	4684	LT934125.1	-	1	4684	86.244071	25
12h	C6	4774	4887	LT934125.1	-	114	4774	1050.97215	26
12h	C6	4823	4926	LT934125.1	-	104	4926	161.4205	26
12h	PK_15	4834	4834	LT934125.1	-	1	4834	362.056481	26
12h	PC_12	4838	4838	LT934125.1	-	1	4838	100.38145	26
12h	PC_12	4860	4860	LT934125.1	-	1	4860	667.111408	26
12h	PK_15	4895	4928	LT934125.1	-	34	4925	405.943008	26
12h	PC_12	4897	4925	LT934125.1	-	29	4925	213.20825	26
12h	PK_15	4914	4928	LT934125.1	-	15	4925	394.738573	26
12h	C6	4923	4927	LT934125.1	-	5	4925	603.708496	26
12h	PK_15	4923	4926	LT934125.1	-	4	4925	180.778032	26
12h	PC_12	4924	4925	LT934125.1	-	2	4925	81.907349	26
12h	PC_12	4924	4955	LT934125.1	-	32	4925	282.149351	26
12h	PK_15	4924	4926	LT934125.1	-	3	4925	354.841571	26
12h	C6	4925	4926	LT934125.1	-	2	4925	251.767619	26
12h	PC_12	5066	5093	LT934125.1	-	28	5066	79.953094	27
12h	C6	5101	5101	LT934125.1	-	1	5101	32.2841	28
12h	PC_12	5169	5169	LT934125.1	-	1	5169	31.349928	29
12h	C6	5171	5171	LT934125.1	-	1	5171	86.244071	30
12h	PK_15	5177	5177	LT934125.1	-	1	5177	362.056481	31
12h	PC_12	5271	5271	LT934125.1	-	1	5271	26.651031	32
12h	C6	5301	5301	LT934125.1	-	1	5301	32.2841	33
12h	PC_12	5333	5333	LT934125.1	-	1	5333	100.38145	34
12h	C6	5676	5676	LT934125.1	-	1	5676	86.244071	35
12h	PC_12	5786	5786	LT934125.1	-	1	5786	100.38145	36
12h	C6	5966	5966	LT934125.1	-	1	5966	86.244071	37
12h	PC_12	6219	6219	LT934125.1	-	1	6219	31.349928	38
12h	PC_12	6533	6533	LT934125.1	-	1	6533	26.651031	39
12h	C6	7108	7108	LT934125.1	-	1	7108	32.2841	40
12h	PK_15	7142	7142	LT934125.1	-	1	7142	40.594301	41
12h	PC_12	7161	7161	LT934125.1	-	1	7161	31.349928	42
12h	PK_15	7379	7379	LT934125.1	-	1	7379	40.594301	43
12h	PC_12	7406	7406	LT934125.1	-	1	7406	31.349928	44
12h	C6	7758	7758	LT934125.1	-	1	7758	83.922539	45
12h	C6	7758	7758	LT934125.1	-	1	7758	1172.332943	45
12h	C6	7758	7758	LT934125.1	-	1	7758	86.244071	45
12h	C6	7758	7758	LT934125.1	-	1	7758	32.2841	45
12h	PC_12	7758	7758	LT934125.1	-	1	7758	34.128062	45
12h	PC_12	7758	7758	LT934125.1	-	1	7758	53.302063	45
12h	PC_12	7758	7758	LT934125.1	-	1	7758	188.099567	45
12h	PK_15	7758	7758	LT934125.1	-	1	7758	2923.976608	45
12h	PK_15	7758	7758	LT934125.1	-	1	7758	362.056481	45
12h	PK_15	7758	7767	LT934125.1	-	10	7767	121.782902	45
12h	PK_15	7758	7758	LT934125.1	-	1	7758	24.193743	45
12h	PK_15	7758	7758	LT934125.1	-	1	7758	48.245826	45
12h	PC_12	7924	7924	LT934125.1	-	1	7924	31.349928	46
12h	PC_12	8186	8188	LT934125.1	-	3	8186	62.699856	47
12h	C6	8189	8189	LT934125.1	-	1	8189	32.2841	48
12h	PK_15	8189	8189	LT934125.1	-	1	8189	13.157952	48
12h	NRK	8194	8194	LT934125.1	-	1	8194	3236.245955	49
12h	C6	8371	8371	LT934125.1	-	1	8371	86.244071	50
12h	C6	8573	8573	LT934125.1	-	1	8573	32.2841	51
12h	PC_12	8592	8606	LT934125.1	-	15	8592	156.74964	52
12h	PK_15	8654	8654	LT934125.1	-	1	8654	362.056481	53
12h	PC_12_2.5h	8665	8665	LT934125.1	-	1	8665	740.19245	54
12h	C6	8722	8722	LT934125.1	-	1	8722	1172.332943	55
12h	PC_12	8722	8722	LT934125.1	-	1	8722	100.38145	55
12h	PC_12_1.5h	8755	8755	LT934125.1	-	1	8755	2212.389381	56
12h	PK_15	8764	8782	LT934125.1	-	19	8764	48.387486	57
12h	PK_15	8776	8776	LT934125.1	-	1	8776	40.594301	57
12h	PC_12	8782	8782	LT934125.1	-	1	8782	26.651031	57
12h	NRK	8791	8791	LT934125.1	-	1	8791	3236.245955	58
12h	PK_15	8807	8807	LT934125.1	-	1	8807	362.056481	59
12h	C6	8903	8903	LT934125.1	-	1	8903	525.486075	60
12h	C6	8938	8946	LT934125.1	-	9	8938	64.5682	61
12h	PK_15	8949	8949	LT934125.1	-	1	8949	40.594301	62
12h	C6	8997	8997	LT934125.1	-	1	8997	344.976283	63
12h	PC_12	8997	8997	LT934125.1	-	1	8997	200.762899	63
12h	PC_12	8997	8997	LT934125.1	-	1	8997	319.812377	63
12h	PC_12_1.5h	9048	9048	LT934125.1	-	1	9048	2212.389381	64
12h	C6	9054	9058	LT934125.1	-	5	9058	104.903174	65
12h	C6	9057	9083	LT934125.1	-	27	9058	322.841001	65
12h	PC_12	9057	9083	LT934125.1	-	27	9058	188.099568	65
12h	C6	9058	9058	LT934125.1	-	1	9058	1172.332943	65
12h	C6	9058	9058	LT934125.1	-	1	9058	525.486075	65
12h	PC_12	9058	9058	LT934125.1	-	1	9058	75.081737	65
12h	PC_12_2.5h	9058	9058	LT934125.1	-	1	9058	740.19245	65
12h	PK_15	9058	9058	LT934125.1	-	1	9058	64.073227	65
12h	PK_15	9058	9058	LT934125.1	-	1	9058	64.516649	65
12h	PK_15	9058	9058	LT934125.1	-	1	9058	57.017794	65
12h	PK_15	9059	9059	LT934125.1	-	1	9059	362.056481	65
12h	PC_12	9196	9217	LT934125.1	-	22	9214	213.208251	66
12h	PK_15	9212	9217	LT934125.1	-	6	9214	205.949657	66
12h	C6	9214	9214	LT934125.1	-	1	9214	20.980635	66
12h	PC_12	9214	9217	LT934125.1	-	4	9214	129.686636	66
12h	PC_12	9214	9229	LT934125.1	-	16	9214	282.149351	66
12h	PK_15	9214	9214	LT934125.1	-	1	9214	362.056481	66
12h	PK_15	9214	9229	LT934125.1	-	16	9214	284.160105	66
12h	PK_15	9214	9214	LT934125.1	-	1	9214	48.387487	66
12h	PK_15	9214	9217	LT934125.1	-	4	9214	57.017794	66
12h	PC_12	9217	9217	LT934125.1	-	1	9217	200.762899	66
12h	PC_12	9259	9259	LT934125.1	-	1	9259	667.111408	67
12h	PK_15	9331	9331	LT934125.1	-	1	9331	16.129162	68
12h	PC_12	9370	9370	LT934125.1	-	1	9370	20.476837	69
12h	PK_15	9370	9370	LT934125.1	-	1	9370	13.729977	69
12h	PK_15	9457	9457	LT934125.1	-	1	9457	2923.976608	70
12h	PC_12	9463	9533	LT934125.1	-	71	9494	1880.995674	71
12h	PC_12	9466	9533	LT934125.1	-	68	9494	4157.560894	71
12h	PK_15	9466	9499	LT934125.1	-	34	9494	2236.851915	71
12h	PC_12	9475	9497	LT934125.1	-	23	9494	11340.89393	71
12h	PK_15	9489	9497	LT934125.1	-	9	9494	8689.355541	71
12h	C6	9490	9534	LT934125.1	-	45	9494	6640.793447	71
12h	PC_12_2.5h	9490	9501	LT934125.1	-	12	9494	14063.65655	71
12h	PC_12	9490	9530	LT934125.1	-	41	9494	8030.515964	71
12h	PC_12	9492	9499	LT934125.1	-	8	9494	1064.795538	71
12h	PK_15	9492	9533	LT934125.1	-	42	9494	2862.926312	71
12h	C6	9494	9527	LT934125.1	-	34	9494	2140.024758	71
12h	C6	9494	9498	LT934125.1	-	5	9494	12326.656394	71
12h	C6	9494	9498	LT934125.1	-	5	9494	14067.995311	71
12h	C6	9494	9534	LT934125.1	-	41	9494	7356.805046	71
12h	C6	9494	9533	LT934125.1	-	40	9494	4971.751411	71
12h	NRK	9494	9494	LT934125.1	-	1	9494	30303.030303	71
12h	NRK	9494	9500	LT934125.1	-	7	9494	19417.475728	71
12h	PC_12_1.5h	9494	9500	LT934125.1	-	7	9494	19911.504426	71
12h	PC_12	9494	9494	LT934125.1	-	1	9494	11135.857461	71
12h	PK_15	9494	9499	LT934125.1	-	6	9494	697.940504	71
12h	PK_15	9494	9532	LT934125.1	-	39	9494	6210.927986	71
12h	PC_12	9590	9601	LT934125.1	-	12	9601	75.081737	72
12h	PC_12	9649	9649	LT934125.1	-	1	9649	667.111408	73
12h	C6	9754	9754	LT934125.1	-	1	9754	27.97418	74
12h	PC_12	9754	9754	LT934125.1	-	1	9754	27.30245	74
12h	PC_12	9754	9754	LT934125.1	-	1	9754	100.38145	74
12h	PC_12	9754	9754	LT934125.1	-	1	9754	79.953094	74
12h	PC_12	9755	9755	LT934125.1	-	1	9755	31.349928	75
12h	PC_12	9866	9893	LT934125.1	-	28	9885	250.799424	76
12h	PC_12	9882	9893	LT934125.1	-	12	9885	170.64031	76
12h	PC_12	9883	9893	LT934125.1	-	11	9885	186.557219	76
12h	C6	9885	9893	LT934125.1	-	9	9885	216.799894	76
12h	C6	9885	9887	LT934125.1	-	3	9885	129.1364	76
12h	PC_12	9885	9885	LT934125.1	-	1	9885	667.111408	76
12h	PK_15	9885	9885	LT934125.1	-	1	9885	54.919908	76
12h	PK_15	9885	9893	LT934125.1	-	9	9885	81.188602	76
12h	PK_15	9885	9885	LT934125.1	-	1	9885	16.129162	76
12h	PK_15	9885	9893	LT934125.1	-	9	9885	57.017794	76
12h	PC_12	9893	9893	LT934125.1	-	1	9893	100.38145	76
12h	C6	9964	9964	LT934125.1	-	1	9964	86.244071	77
12h	PC_12	9988	10006	LT934125.1	-	19	9994	88.732961	78
12h	PC_12	9988	10059	LT934125.1	-	72	9988	282.149352	78
12h	C6	9991	10031	LT934125.1	-	41	9991	129.1364	78
12h	C6	10028	10034	LT934125.1	-	7	10034	83.92254	78
12h	PK_15	10028	10034	LT934125.1	-	7	10034	43.859841	78
12h	PC_12_2.5h	10031	10031	LT934125.1	-	1	10031	740.19245	78
12h	PK_15	10031	10034	LT934125.1	-	4	10031	32.258324	78
12h	C6	10267	10267	LT934125.1	-	1	10267	20.980635	79
12h	PC_12	10267	10267	LT934125.1	-	1	10267	27.30245	79
12h	PC_12	10268	10268	LT934125.1	-	1	10268	26.651031	80
12h	C6	10378	10378	LT934125.1	-	1	10378	86.244071	81
12h	PC_12	10454	10454	LT934125.1	-	1	10454	31.349928	82
12h	C6	10512	10512	LT934125.1	-	1	10512	86.244071	83
12h	PC_12	11173	11173	LT934125.1	-	1	11173	31.349928	84
12h	C6	11389	11389	LT934125.1	-	1	11389	86.244071	85
12h	PC_12	11434	11440	LT934125.1	-	7	11434	62.699856	86
12h	C6	11739	11739	LT934125.1	-	1	11739	525.486075	87
12h	C6	11739	11739	LT934125.1	-	1	11739	32.2841	87
12h	PC_12	11743	11743	LT934125.1	-	1	11743	31.349928	88
12h	PC_12	12372	12372	LT934125.1	-	1	12372	26.651031	89
12h	C6	12446	12446	LT934125.1	-	1	12446	86.244071	90
12h	PC_12	12704	12704	LT934125.1	-	1	12704	31.349928	91
12h	PC_12	12793	12793	LT934125.1	-	1	12793	2227.171492	92
12h	PC_12	12916	12918	LT934125.1	-	3	12916	62.699856	93
12h	C6	12921	12921	LT934125.1	-	1	12921	32.2841	94
12h	PC_12	13131	13131	LT934125.1	-	1	13131	31.349928	95
12h	C6	13185	13185	LT934125.1	-	1	13185	86.244071	96
12h	C6	13850	13850	LT934125.1	-	1	13850	32.2841	97
12h	PC_12	13935	13939	LT934125.1	-	5	13939	75.081736	98
12h	PC_12	13935	13939	LT934125.1	-	5	13935	62.699856	98
12h	C6	13939	13939	LT934125.1	-	1	13939	41.96127	98
12h	C6	13965	13965	LT934125.1	-	1	13965	86.244071	99
12h	PC_12	14295	14295	LT934125.1	-	1	14295	40.953675	100
12h	PC_12	14295	14295	LT934125.1	-	1	14295	26.651031	100
12h	PC_12	14295	14297	LT934125.1	-	3	14295	62.699856	100
12h	C6	14421	14421	LT934125.1	-	1	14421	32.2841	101
12h	C6	14637	14637	LT934125.1	-	1	14637	20.980635	102
12h	PC_12	15018	15018	LT934125.1	-	1	15018	20.476837	103
12h	C6	15127	15127	LT934125.1	-	1	15127	86.244071	104
12h	C6	15130	15130	LT934125.1	-	1	15130	20.980635	105
12h	PC_12	15130	15130	LT934125.1	-	1	15130	20.476837	105
12h	PC_12	15130	15130	LT934125.1	-	1	15130	31.349928	105
12h	C6	15373	15373	LT934125.1	-	1	15373	525.486075	106
12h	PC_12	15456	15465	LT934125.1	-	10	15458	136.512248	107
12h	PC_12	15458	15465	LT934125.1	-	8	15465	79.953094	107
12h	C6	15465	15465	LT934125.1	-	1	15465	27.97418	107
12h	PC_12	15465	15467	LT934125.1	-	3	15465	125.399712	107
12h	PC_12	15578	15578	LT934125.1	-	1	15578	31.349928	108
12h	PC_12	15826	15842	LT934125.1	-	17	15834	282.149352	109
12h	PC_12	15831	15842	LT934125.1	-	12	15834	382.234296	109
12h	C6	15833	15833	LT934125.1	-	1	15833	1172.332943	109
12h	PC_12	15833	15833	LT934125.1	-	1	15833	100.38145	109
12h	C6	15834	15834	LT934125.1	-	1	15834	118.890264	109
12h	C6	15834	15834	LT934125.1	-	1	15834	1540.832049	109
12h	C6	15834	15834	LT934125.1	-	1	15834	64.5682	109
12h	PK_15	15834	15834	LT934125.1	-	1	15834	48.05492	109
12h	PK_15	15834	15834	LT934125.1	-	1	15834	24.193743	109
12h	PK_15	15834	15834	LT934125.1	-	1	15834	30.701889	109
12h	PC_12	15975	15975	LT934125.1	-	1	15975	31.349928	110
12h	PC_12	16155	16164	LT934125.1	-	10	16164	102.384186	111
12h	PC_12	16163	16190	LT934125.1	-	28	16164	219.449496	111
12h	C6	16164	16164	LT934125.1	-	1	16164	20.980635	111
12h	C6	16164	16190	LT934125.1	-	27	16164	129.1364	111
12h	PC_12	16164	16164	LT934125.1	-	1	16164	26.651031	111
12h	PK_15	16164	16164	LT934125.1	-	1	16164	13.729977	111
12h	PC_12	16677	16690	LT934125.1	-	14	16677	94.049784	112
12h	C6	16690	16819	LT934125.1	-	130	16802	167.84508	112
12h	C6	16690	16807	LT934125.1	-	118	16765	451.9774	112
12h	PC_12	16690	17063	LT934125.1	-	374	16817	955.58574	112
12h	PK_15	16690	16727	LT934125.1	-	38	16690	80.645812	112
12h	PK_15	16690	16880	LT934125.1	-	191	16791	267.545032	112
12h	C6	16725	16745	LT934125.1	-	21	16725	1050.97215	112
12h	PC_12	16731	16731	LT934125.1	-	1	16731	667.111408	112
12h	PC_12	16736	17256	LT934125.1	-	521	16949	2257.194815	112
12h	PC_12	16745	16882	LT934125.1	-	138	16745	319.812374	112
12h	PK_15	16779	17237	LT934125.1	-	459	16919	1263.1579	112
12h	C6	16791	16791	LT934125.1	-	1	16791	86.244071	112
12h	PK_15	16791	16819	LT934125.1	-	29	16791	121.782902	112
12h	PC_12	16817	16819	LT934125.1	-	3	16817	200.7629	112
12h	PK_15	16846	16855	LT934125.1	-	10	16846	724.112962	112
12h	C6	16907	17159	LT934125.1	-	253	17159	454.580425	112
12h	C6	16911	17256	LT934125.1	-	346	17123	1097.6594	112
12h	PK_15	16911	17237	LT934125.1	-	327	16919	741.941466	112
12h	PK_15	16911	17222	LT934125.1	-	312	16957	521.932112	112
12h	PC_12_2.5h	16919	16949	LT934125.1	-	31	16919	3700.96225	112
12h	PC_12	16949	17222	LT934125.1	-	274	17198	586.322687	112
12h	PC_12_1.5h	16960	16960	LT934125.1	-	1	16960	2212.389381	112
12h	PK_15	16985	17034	LT934125.1	-	50	16985	1448.225924	112
12h	PK_15	17002	17036	LT934125.1	-	35	17027	202.971504	112
12h	PC_12	17068	17068	LT934125.1	-	1	17068	667.111408	112
12h	C6	17084	17084	LT934125.1	-	1	17084	1172.332943	112
12h	PC_12	17111	17239	LT934125.1	-	129	17123	286.675721	112
12h	PC_12	17123	17123	LT934125.1	-	1	17123	301.144349	112
12h	C6	17222	17222	LT934125.1	-	1	17222	525.486075	112
12h	PK_15	17254	17376	LT934125.1	-	123	17341	855.266908	112
12h	PC_12	17279	17389	LT934125.1	-	111	17341	1092.097989	112
12h	PC_12	17286	17402	LT934125.1	-	117	17341	1598.846326	112
12h	PK_15	17289	17389	LT934125.1	-	101	17341	565.217392	112
12h	C6	17295	17407	LT934125.1	-	113	17341	1388.216301	112
12h	PC_12	17300	17389	LT934125.1	-	90	17341	799.53094	112
12h	C6	17324	17324	LT934125.1	-	1	17324	1540.832049	112
12h	PK_15	17333	17373	LT934125.1	-	41	17341	730.697412	112
12h	PC_12	17338	17373	LT934125.1	-	36	17341	1304.958846	112
12h	PK_15	17338	17373	LT934125.1	-	36	17341	588.714424	112
12h	C6	17339	17376	LT934125.1	-	38	17341	1139.947828	112
12h	C6	17339	17363	LT934125.1	-	25	17341	603.708496	112
12h	C6	17341	17341	LT934125.1	-	1	17341	525.486075	112
12h	PC_12_2.5h	17341	17341	LT934125.1	-	1	17341	740.19245	112
12h	PK_15	17361	17361	LT934125.1	-	1	17361	362.056481	112
12h	PC_12	17363	17363	LT934125.1	-	1	17363	667.111408	112
12h	C6	17404	17404	LT934125.1	-	1	17404	1172.332943	112
12h	PC_12	17437	17472	LT934125.1	-	36	17456	602.288699	113
12h	PC_12	17437	17636	LT934125.1	-	200	17472	1159.947336	113
12h	PK_15	17440	17551	LT934125.1	-	112	17467	279.176203	113
12h	PK_15	17440	17551	LT934125.1	-	112	17472	403.229055	113
12h	PK_15	17450	17636	LT934125.1	-	187	17551	372.808651	113
12h	PK_15	17456	17538	LT934125.1	-	83	17456	487.131609	113
12h	C6	17472	17472	LT934125.1	-	1	17472	1540.832049	113
12h	C6	17472	17472	LT934125.1	-	1	17472	525.486075	113
12h	PC_12	17472	17472	LT934125.1	-	1	17472	667.111408	113
12h	PC_12_1.5h	17487	17487	LT934125.1	-	1	17487	2212.389381	113
12h	PC_12	17535	17551	LT934125.1	-	17	17551	163.814698	113
12h	C6	17537	17551	LT934125.1	-	15	17551	160.851535	113
12h	PC_12_2.5h	17554	17554	LT934125.1	-	1	17554	740.19245	113
12h	PK_15	17585	17585	LT934125.1	-	1	17585	362.056481	113
12h	PK_15	17664	17719	LT934125.1	-	56	17664	202.971505	114
12h	PC_12	17665	17817	LT934125.1	-	153	17766	506.369591	114
12h	PC_12	17666	17792	LT934125.1	-	127	17783	211.593986	114
12h	PK_15	17670	17813	LT934125.1	-	144	17783	231.121283	114
12h	PK_15	17670	17908	LT934125.1	-	239	17871	359.650701	114
12h	PC_12	17693	17905	LT934125.1	-	213	17693	501.90725	114
12h	PK_15	17710	17723	LT934125.1	-	14	17723	48.387487	114
12h	PC_12_1.5h	17723	17837	LT934125.1	-	115	17723	4424.778762	114
12h	C6	17732	17732	LT934125.1	-	1	17732	86.244071	114
12h	C6	17744	17744	LT934125.1	-	1	17744	525.486075	114
12h	C6	17766	17837	LT934125.1	-	72	17792	167.84508	114
12h	PC_12_2.5h	17768	17768	LT934125.1	-	1	17768	740.19245	114
12h	C6	17811	17811	LT934125.1	-	1	17811	1540.832049	114
12h	C6	17956	18270	LT934125.1	-	315	17981	322.841	115
12h	C6	17960	17980	LT934125.1	-	21	17960	1050.97215	115
12h	PK_15	17960	18276	LT934125.1	-	317	18107	279.176203	115
12h	C6	17970	18161	LT934125.1	-	192	17978	776.196638	115
12h	C6	17975	17975	LT934125.1	-	1	17975	1540.832049	115
12h	C6	17978	18107	LT934125.1	-	130	17981	139.8709	115
12h	PC_12	17978	18161	LT934125.1	-	184	18161	129.686636	115
12h	PK_15	17978	18276	LT934125.1	-	299	18107	169.356201	115
12h	PK_15	17978	18239	LT934125.1	-	262	18107	140.351492	115
12h	PC_12_2.5h	17981	17984	LT934125.1	-	4	17981	2220.57735	115
12h	PK_15	17981	18238	LT934125.1	-	258	17981	243.565806	115
12h	PC_12	18020	18020	LT934125.1	-	1	18020	2227.171492	115
12h	PC_12	18051	18231	LT934125.1	-	181	18067	373.114436	115
12h	PC_12	18067	18107	LT934125.1	-	41	18067	219.449496	115
12h	PC_12	18190	18239	LT934125.1	-	50	18190	401.5258	115
12h	PC_12	18207	18207	LT934125.1	-	1	18207	667.111408	115
12h	PK_15	18270	18284	LT934125.1	-	15	18270	724.112962	115
12h	C6	18368	18368	LT934125.1	-	1	18368	86.244071	116
12h	PK_15	18377	18388	LT934125.1	-	12	18377	35.087874	117
12h	PK_15	18412	18433	LT934125.1	-	22	18412	43.478261	118
12h	PK_15	18412	18412	LT934125.1	-	1	18412	24.193743	118
12h	C6	18422	18422	LT934125.1	-	1	18422	20.980635	118
12h	PK_15	18424	18424	LT934125.1	-	1	18424	40.594301	118
12h	PC_12	18433	18433	LT934125.1	-	1	18433	20.476837	118
12h	PC_12	18455	18455	LT934125.1	-	1	18455	667.111408	119
12h	PC_12	18455	18455	LT934125.1	-	1	18455	94.049784	119
12h	PC_12	18523	18535	LT934125.1	-	13	18523	301.14435	120
12h	PC_12	18525	18565	LT934125.1	-	41	18525	79.953093	120
12h	C6	18528	18557	LT934125.1	-	30	18546	161.4205	120
12h	PK_15	18565	18565	LT934125.1	-	1	18565	11.441648	120
12h	PK_15	18565	18565	LT934125.1	-	1	18565	21.929921	120
12h	C6	18659	18870	LT934125.1	-	212	18659	161.4205	121
12h	PC_12	18663	18689	LT934125.1	-	27	18663	156.74964	121
12h	PK_15	18682	18905	LT934125.1	-	224	18905	43.859841	121
12h	C6	18693	18797	LT934125.1	-	105	18693	172.488142	121
12h	PK_15	18693	18693	LT934125.1	-	1	18693	11.441648	121
12h	PK_15	18740	18740	LT934125.1	-	1	18740	362.056481	121
12h	PK_15	18791	18811	LT934125.1	-	21	18791	81.188602	121
12h	PC_12_2.5h	18826	18826	LT934125.1	-	1	18826	740.19245	121
12h	PC_12	18865	18898	LT934125.1	-	34	18865	79.953093	121
12h	PC_12	18960	18960	LT934125.1	-	1	18960	200.762899	122
12h	PK_15	18965	18965	LT934125.1	-	1	18965	16.018307	123
12h	C6	18971	18971	LT934125.1	-	1	18971	525.486075	124
12h	PC_12_1.5h	19022	19022	LT934125.1	-	1	19022	2212.389381	125
12h	C6	19081	19103	LT934125.1	-	23	19081	172.488142	126
12h	PK_15	19157	19157	LT934125.1	-	1	19157	16.129162	127
12h	PC_12	19267	19267	LT934125.1	-	1	19267	26.651031	128
12h	PC_12	19293	19293	LT934125.1	-	1	19293	31.349928	129
12h	PK_15	19318	19318	LT934125.1	-	1	19318	13.157952	130
12h	C6	19353	19353	LT934125.1	-	1	19353	86.244071	131
12h	PK_15	19363	19363	LT934125.1	-	1	19363	40.594301	132
12h	PK_15	19440	19473	LT934125.1	-	34	19471	2922.78964	133
12h	C6	19467	19473	LT934125.1	-	7	19471	10785.824345	133
12h	PC_12	19468	19474	LT934125.1	-	7	19471	7289.754073	133
12h	PC_12	19468	19516	LT934125.1	-	49	19473	6476.200628	133
12h	PC_12	19468	19493	LT934125.1	-	26	19471	7806.132045	133
12h	PK_15	19468	19473	LT934125.1	-	6	19471	3354.865765	133
12h	PK_15	19468	19477	LT934125.1	-	10	19471	9232.496632	133
12h	C6	19469	19474	LT934125.1	-	6	19471	6175.300198	133
12h	C6	19469	19486	LT934125.1	-	18	19471	12332.902113	133
12h	PC_12_1.5h	19469	19473	LT934125.1	-	5	19469	4424.778762	133
12h	PC_12	19469	19473	LT934125.1	-	5	19473	7227.464366	133
12h	PK_15	19469	19474	LT934125.1	-	6	19471	9718.53547	133
12h	PK_15	19469	19473	LT934125.1	-	5	19471	4706.734252	133
12h	C6	19470	19473	LT934125.1	-	4	19473	3516.998828	133
12h	C6	19470	19473	LT934125.1	-	4	19471	14188.124015	133
12h	C6	19470	19514	LT934125.1	-	45	19471	4229.217111	133
12h	NRK	19470	19473	LT934125.1	-	4	19473	12944.983819	133
12h	PC_12	19470	19473	LT934125.1	-	4	19471	5336.891261	133
12h	PC_12	19471	19471	LT934125.1	-	1	19471	4454.342984	133
12h	PC_12_2.5h	19471	19473	LT934125.1	-	3	19471	1480.3849	133
12h	NRK	19473	19473	LT934125.1	-	1	19473	10101.010101	133
12h	C6	19624	19624	LT934125.1	-	1	19624	20.980635	134
12h	PC_12	19624	19624	LT934125.1	-	1	19624	100.38145	134
12h	PC_12	19624	19624	LT934125.1	-	1	19624	26.651031	134
12h	PK_15	19624	19624	LT934125.1	-	1	19624	13.157952	134
12h	PC_12	19705	19710	LT934125.1	-	6	19705	94.049784	135
12h	PC_12	19827	19827	LT934125.1	-	1	19827	31.349928	136
12h	PC_12	19894	19954	LT934125.1	-	61	19894	106.604124	137
12h	C6	19926	19926	LT934125.1	-	1	19926	86.244071	137
12h	C6	19951	19951	LT934125.1	-	1	19951	32.2841	137
12h	C6	20026	20026	LT934125.1	-	1	20026	86.244071	138
12h	C6	20215	20215	LT934125.1	-	1	20215	86.244071	139
12h	C6	20355	20357	LT934125.1	-	3	20355	64.5682	140
12h	C6	20590	20590	LT934125.1	-	1	20590	86.244071	141
12h	PC_12	20795	20795	LT934125.1	-	1	20795	26.651031	142
12h	C6	20949	20949	LT934125.1	-	1	20949	86.244071	143
12h	C6	21206	21206	LT934125.1	-	1	21206	32.2841	144
12h	PC_12	21233	21233	LT934125.1	-	1	21233	31.349928	145
12h	C6	21426	21426	LT934125.1	-	1	21426	86.244071	146
12h	PC_12	21469	21473	LT934125.1	-	5	21473	125.399712	147
12h	C6	21473	21473	LT934125.1	-	1	21473	41.96127	147
12h	C6	21473	21473	LT934125.1	-	1	21473	525.486075	147
12h	PC_12	21473	21473	LT934125.1	-	1	21473	27.30245	147
12h	PK_15	21473	21473	LT934125.1	-	1	21473	362.056481	147
12h	PK_15	21473	21473	LT934125.1	-	1	21473	24.193743	147
12h	PK_15	21475	21475	LT934125.1	-	1	21475	40.594301	148
12h	PK_15	21477	21477	LT934125.1	-	1	21477	13.157952	149
12h	PC_12	21480	21480	LT934125.1	-	1	21480	26.651031	150
12h	PK_15	21578	21740	LT934125.1	-	163	21722	114.035587	151
12h	PC_12	21596	21596	LT934125.1	-	1	21596	31.349928	151
12h	PK_15	21596	21596	LT934125.1	-	1	21596	81.188601	151
12h	PK_15	21596	21789	LT934125.1	-	194	21596	96.774972	151
12h	C6	21601	21601	LT934125.1	-	1	21601	1172.332943	151
12h	C6	21601	21601	LT934125.1	-	1	21601	32.2841	151
12h	PC_12	21605	21749	LT934125.1	-	145	21605	301.14435	151
12h	C6	21638	21638	LT934125.1	-	1	21638	20.980635	151
12h	PC_12	21638	21638	LT934125.1	-	1	21638	20.476837	151
12h	PC_12	21638	21638	LT934125.1	-	1	21638	667.111408	151
12h	PK_15	21641	21641	LT934125.1	-	1	21641	362.056481	151
12h	C6	21644	21644	LT934125.1	-	1	21644	86.244071	151
12h	PC_12	21674	21699	LT934125.1	-	26	21674	106.604125	151
12h	PC_12_2.5h	21696	21696	LT934125.1	-	1	21696	740.19245	151
12h	PC_12_1.5h	21703	21703	LT934125.1	-	1	21703	2212.389381	151
12h	PK_15	21857	21857	LT934125.1	-	1	21857	2923.976608	152
12h	PC_12_2.5h	21875	21884	LT934125.1	-	10	21875	1480.3849	153
12h	PC_12	21875	21875	LT934125.1	-	1	21875	667.111408	153
12h	C6	21888	22012	LT934125.1	-	125	21941	1259.079901	154
12h	PC_12	21894	21971	LT934125.1	-	78	21941	1253.997117	154
12h	PC_12_1.5h	21904	21904	LT934125.1	-	1	21904	2212.389381	154
12h	C6	21919	21944	LT934125.1	-	26	21919	3516.998828	154
12h	PC_12	21919	21985	LT934125.1	-	67	21941	1225.947441	154
12h	PK_15	21937	21985	LT934125.1	-	49	21941	852.480314	154
12h	PK_15	21937	22006	LT934125.1	-	70	21941	443.551964	154
12h	PC_12	21938	21947	LT934125.1	-	10	21939	1606.103193	154
12h	PK_15	21938	21944	LT934125.1	-	7	21941	184.211335	154
12h	C6	21939	21967	LT934125.1	-	29	21941	230.786984	154
12h	C6	21939	21967	LT934125.1	-	29	21939	603.708495	154
12h	PC_12	21939	21952	LT934125.1	-	14	21941	600.653893	154
12h	PK_15	21939	21944	LT934125.1	-	6	21941	121.281465	154
12h	NRK	21941	21941	LT934125.1	-	1	21941	3236.245955	154
12h	PC_12	21974	21974	LT934125.1	-	1	21974	2227.171492	154
12h	PC_12	22060	22060	LT934125.1	-	1	22060	34.128062	155
12h	PC_12	22060	22060	LT934125.1	-	1	22060	100.38145	155
12h	PK_15	22120	22144	LT934125.1	-	25	22120	48.387486	156
12h	C6	22125	22267	LT934125.1	-	143	22125	258.732213	156
12h	C6	22144	22221	LT934125.1	-	78	22144	258.2728	156
12h	PK_15	22165	22165	LT934125.1	-	1	22165	2923.976608	156
12h	PK_15	22190	22190	LT934125.1	-	1	22190	17.543937	156
12h	PC_12	22199	22199	LT934125.1	-	1	22199	2227.171492	156
12h	PC_12	22199	22199	LT934125.1	-	1	22199	667.111408	156
12h	PK_15	22199	22217	LT934125.1	-	19	22199	1448.225924	156
12h	PC_12	22213	22219	LT934125.1	-	7	22219	106.604125	156
12h	PC_12	22214	22214	LT934125.1	-	1	22214	200.762899	156
12h	PC_12_1.5h	22257	22257	LT934125.1	-	1	22257	2212.389381	156
12h	C6	22285	22285	LT934125.1	-	1	22285	1540.832049	157
12h	C6	22343	22382	LT934125.1	-	40	22379	290.5569	158
12h	PC_12_2.5h	22343	22343	LT934125.1	-	1	22343	740.19245	158
12h	PC_12	22362	22379	LT934125.1	-	18	22379	401.525799	158
12h	PC_12	22377	22406	LT934125.1	-	30	22377	125.399712	158
12h	PK_15	22377	22379	LT934125.1	-	3	22379	68.649885	158
12h	PK_15	22377	22379	LT934125.1	-	3	22379	74.561731	158
12h	C6	22379	22379	LT934125.1	-	1	22379	1050.972149	158
12h	PC_12	22379	22379	LT934125.1	-	1	22379	27.30245	158
12h	PC_12	22379	22391	LT934125.1	-	13	22379	1334.222816	158
12h	PK_15	22399	22399	LT934125.1	-	1	22399	362.056481	158
12h	PC_12	22413	22413	LT934125.1	-	1	22413	2227.171492	159
12h	PC_12	22456	22463	LT934125.1	-	8	22458	266.510313	160
12h	C6	22458	22463	LT934125.1	-	6	22458	104.903174	160
12h	C6	22458	22458	LT934125.1	-	1	22458	172.488141	160
12h	PK_15	22458	22458	LT934125.1	-	1	22458	56.452068	160
12h	PC_12_2.5h	22510	22510	LT934125.1	-	1	22510	740.19245	161
12h	C6	22559	22559	LT934125.1	-	1	22559	86.244071	162
12h	C6	22565	22614	LT934125.1	-	50	22605	193.7046	163
12h	PK_15	22580	22619	LT934125.1	-	40	22614	284.160106	163
12h	PC_12	22601	22661	LT934125.1	-	61	22661	159.906187	163
12h	PC_12	22613	22613	LT934125.1	-	1	22613	100.38145	163
12h	PK_15	22616	22629	LT934125.1	-	14	22616	32.258324	163
12h	PK_15	22633	22633	LT934125.1	-	1	22633	13.157952	163
12h	C6	22661	22661	LT934125.1	-	1	22661	34.967725	163
12h	PK_15	22699	22706	LT934125.1	-	8	22699	1086.169443	164
12h	PK_15	22785	22924	LT934125.1	-	140	22785	81.188602	165
12h	PC_12	22786	22898	LT934125.1	-	113	22787	133.255157	165
12h	PC_12	22793	22793	LT934125.1	-	1	22793	31.349928	165
12h	C6	22809	22809	LT934125.1	-	1	22809	1540.832049	165
12h	C6	22814	22814	LT934125.1	-	1	22814	525.486075	165
12h	PK_15	22864	22864	LT934125.1	-	1	22864	13.157952	165
12h	C6	22873	22873	LT934125.1	-	1	22873	32.2841	165
12h	C6	22898	22924	LT934125.1	-	27	22924	258.732212	165
12h	PK_15	22904	22904	LT934125.1	-	1	22904	362.056481	165
12h	C6	22976	22976	LT934125.1	-	1	22976	525.486075	166
12h	PC_12	22976	22982	LT934125.1	-	7	22976	62.699856	166
12h	C6	22987	22987	LT934125.1	-	1	22987	1540.832049	167
12h	C6	23007	23007	LT934125.1	-	1	23007	32.2841	168
12h	PC_12	23013	23013	LT934125.1	-	1	23013	667.111408	169
12h	PC_12	23013	23013	LT934125.1	-	1	23013	79.953094	169
12h	PC_12_2.5h	23021	23021	LT934125.1	-	1	23021	740.19245	170
12h	PC_12	23047	23047	LT934125.1	-	1	23047	100.38145	171
12h	PK_15	23047	23047	LT934125.1	-	1	23047	40.594301	171
12h	PK_15	23114	23114	LT934125.1	-	1	23114	362.056481	172
12h	PC_12	23144	23144	LT934125.1	-	1	23144	31.349928	173
12h	C6	23150	23150	LT934125.1	-	1	23150	525.486075	174
12h	PC_12	23257	23257	LT934125.1	-	1	23257	2227.171492	175
12h	PC_12	23327	23327	LT934125.1	-	1	23327	26.651031	176
12h	PK_15	23357	23359	LT934125.1	-	3	23357	724.112962	177
12h	PC_12_2.5h	23428	23428	LT934125.1	-	1	23428	740.19245	178
12h	PC_12	23428	23428	LT934125.1	-	1	23428	100.38145	178
12h	PK_15	23428	23660	LT934125.1	-	233	23660	162.377203	178
12h	C6	23478	23478	LT934125.1	-	1	23478	32.2841	178
12h	PK_15	23518	23518	LT934125.1	-	1	23518	362.056481	178
12h	C6	23540	23540	LT934125.1	-	1	23540	86.244071	178
12h	PC_12	23561	23561	LT934125.1	-	1	23561	667.111408	178
12h	PC_12	23589	23589	LT934125.1	-	1	23589	31.349928	178
12h	C6	23614	23614	LT934125.1	-	1	23614	1540.832049	178
12h	PC_12	23741	23741	LT934125.1	-	1	23741	26.651031	179
12h	C6	23789	23789	LT934125.1	-	1	23789	86.244071	180
12h	PK_15	23819	23819	LT934125.1	-	1	23819	362.056481	181
12h	C6	23858	23858	LT934125.1	-	1	23858	32.2841	182
12h	PC_12	23936	23936	LT934125.1	-	1	23936	53.302063	183
12h	PC_12	23951	23951	LT934125.1	-	1	23951	100.38145	184
12h	C6	23992	23992	LT934125.1	-	1	23992	86.244071	185
12h	PK_15	24028	24028	LT934125.1	-	1	24028	40.594301	186
12h	PC_12	24033	24033	LT934125.1	-	1	24033	31.349928	187
12h	PC_12	24172	24172	LT934125.1	-	1	24172	26.651031	188
12h	C6	24211	24217	LT934125.1	-	7	24211	64.5682	189
12h	C6	24411	24411	LT934125.1	-	1	24411	32.2841	190
12h	PC_12	24427	24427	LT934125.1	-	1	24427	26.651031	191
12h	C6	24434	24434	LT934125.1	-	1	24434	86.244071	192
12h	C6	24683	24683	LT934125.1	-	1	24683	86.244071	193
12h	C6	24683	24683	LT934125.1	-	1	24683	32.2841	193
12h	PK_15	24704	24704	LT934125.1	-	1	24704	40.594301	194
12h	PC_12	24722	24722	LT934125.1	-	1	24722	26.651031	195
12h	PC_12	24728	24728	LT934125.1	-	1	24728	31.349928	196
12h	PC_12_0.5h	24964	24964	LT934125.1	-	1	24964	32258.064516	197
12h	C6	25043	25043	LT934125.1	-	1	25043	32.2841	198
12h	C6	25102	25102	LT934125.1	-	1	25102	86.244071	199
12h	PC_12	25229	25233	LT934125.1	-	5	25229	200.7629	200
12h	C6	25273	25313	LT934125.1	-	41	25313	742.534301	201
12h	PC_12	25273	25315	LT934125.1	-	43	25313	501.598847	201
12h	PC_12	25298	25313	LT934125.1	-	16	25313	293.161344	201
12h	PK_15	25298	25315	LT934125.1	-	18	25313	1136.640417	201
12h	PK_15	25307	25315	LT934125.1	-	9	25313	1267.549418	201
12h	C6	25309	25313	LT934125.1	-	5	25313	685.367407	201
12h	C6	25309	25320	LT934125.1	-	12	25313	1379.905131	201
12h	PK_15	25309	25315	LT934125.1	-	7	25313	677.424816	201
12h	C6	25310	25313	LT934125.1	-	4	25310	6163.328198	201
12h	PC_12	25310	25313	LT934125.1	-	4	25313	2668.445631	201
12h	PK_15	25310	25315	LT934125.1	-	6	25313	7241.129617	201
12h	C6	25313	25313	LT934125.1	-	1	25313	1172.332943	201
12h	NRK	25313	25313	LT934125.1	-	1	25313	6472.491909	201
12h	PC_12	25313	25313	LT934125.1	-	1	25313	75.081737	201
12h	PC_12_2.5h	25313	25313	LT934125.1	-	1	25313	1480.3849	201
12h	PK_15	25313	25313	LT934125.1	-	1	25313	80.091533	201
12h	PC_12	25576	25576	LT934125.1	-	1	25576	31.349928	202
12h	PC_12	25601	25602	LT934125.1	-	2	25601	53.302062	203
12h	C6	25766	25766	LT934125.1	-	1	25766	32.2841	204
12h	PC_12	25788	25788	LT934125.1	-	1	25788	31.349928	205
12h	C6	25824	25824	LT934125.1	-	1	25824	86.244071	206
12h	C6	25901	25901	LT934125.1	-	1	25901	32.2841	207
12h	PC_12	25961	25961	LT934125.1	-	1	25961	100.38145	208
12h	PC_12	25961	25961	LT934125.1	-	1	25961	26.651031	208
12h	PC_12	26238	26240	LT934125.1	-	3	26238	53.302062	209
12h	PC_12	26315	26315	LT934125.1	-	1	26315	100.38145	210
12h	PC_12	26404	26404	LT934125.1	-	1	26404	26.651031	211
12h	PC_12	26456	26456	LT934125.1	-	1	26456	31.349928	212
12h	PK_15	26655	26655	LT934125.1	-	1	26655	40.594301	213
12h	PC_12	26657	26657	LT934125.1	-	1	26657	26.651031	214
12h	PC_12	26768	26768	LT934125.1	-	1	26768	31.349928	215
12h	C6	26925	26925	LT934125.1	-	1	26925	20.980635	216
12h	PC_12	27113	27113	LT934125.1	-	1	27113	31.349928	217
12h	C6	27236	27236	LT934125.1	-	1	27236	32.2841	218
12h	PC_12	27248	27248	LT934125.1	-	1	27248	100.38145	219
12h	PK_15	27359	27359	LT934125.1	-	1	27359	40.594301	220
12h	PC_12	27377	27377	LT934125.1	-	1	27377	26.651031	221
12h	C6	27617	27617	LT934125.1	-	1	27617	27.97418	222
12h	PC_12	27759	27774	LT934125.1	-	16	27759	94.049784	223
12h	C6	27761	27761	LT934125.1	-	1	27761	69.93545	223
12h	PC_12	27761	27774	LT934125.1	-	14	27761	40.953674	223
12h	PC_12	27761	27761	LT934125.1	-	1	27761	100.38145	223
12h	PK_15	27761	27761	LT934125.1	-	1	27761	13.157952	223
12h	PC_12	28538	28551	LT934125.1	-	14	28538	79.953093	224
12h	C6	28550	28572	LT934125.1	-	23	28550	258.732213	224
12h	C6	28552	28671	LT934125.1	-	120	28572	451.9774	224
12h	PK_15	28569	28598	LT934125.1	-	30	28569	81.188602	224
12h	PK_15	28569	28722	LT934125.1	-	154	28572	290.324918	224
12h	PK_15	28569	28586	LT934125.1	-	18	28572	78.947715	224
12h	C6	28572	28572	LT934125.1	-	1	28572	27.97418	224
12h	PC_12	28572	28598	LT934125.1	-	27	28572	95.558574	224
12h	PC_12	28572	28598	LT934125.1	-	27	28572	94.049784	224
12h	PK_15	28572	28586	LT934125.1	-	15	28586	32.036614	224
12h	PK_15	28596	28598	LT934125.1	-	3	28598	1086.169443	224
12h	PC_12	28649	28713	LT934125.1	-	65	28649	401.5258	224
12h	C6	28651	28759	LT934125.1	-	109	28738	167.84508	224
12h	PC_12	28685	29080	LT934125.1	-	396	29046	2288.544743	224
12h	PC_12	28738	28794	LT934125.1	-	57	28738	204.768373	224
12h	C6	28750	28848	LT934125.1	-	99	28848	290.5569	224
12h	PC_12	28756	28840	LT934125.1	-	85	28783	293.161343	224
12h	PK_15	28759	28798	LT934125.1	-	40	28792	114.416477	224
12h	PK_15	28777	28925	LT934125.1	-	149	28792	184.211336	224
12h	PC_12_2.5h	28783	28783	LT934125.1	-	1	28783	740.19245	224
12h	PC_12	28848	28848	LT934125.1	-	1	28848	47.779287	224
12h	PK_15	28848	28942	LT934125.1	-	95	28882	169.356203	224
12h	PC_12	28907	28915	LT934125.1	-	9	28907	200.7629	224
12h	PK_15	28915	28990	LT934125.1	-	76	28942	80.091535	224
12h	C6	28916	28936	LT934125.1	-	21	28936	258.732212	224
12h	C6	28925	28959	LT934125.1	-	35	28925	111.89672	224
12h	PC_12_2.5h	29015	29015	LT934125.1	-	1	29015	740.19245	224
12h	C6	29019	29087	LT934125.1	-	69	29046	181.83217	224
12h	PK_15	29024	29046	LT934125.1	-	23	29046	104.839554	224
12h	PC_12	29034	29046	LT934125.1	-	13	29046	79.953094	224
12h	PC_12	29035	29127	LT934125.1	-	93	29068	348.106234	224
12h	C6	29042	29161	LT934125.1	-	120	29068	516.5456	224
12h	PC_12_1.5h	29044	29044	LT934125.1	-	1	29044	2212.389381	224
12h	PK_15	29044	29046	LT934125.1	-	3	29046	121.782902	224
12h	C6	29046	29046	LT934125.1	-	1	29046	525.486075	224
12h	PC_12	29046	29080	LT934125.1	-	35	29046	602.288698	224
12h	PK_15	29046	29086	LT934125.1	-	41	29046	123.569795	224
12h	PK_15	29046	29087	LT934125.1	-	42	29046	131.579523	224
12h	C6	29161	29161	LT934125.1	-	1	29161	525.486075	224
12h	PK_15	29217	29217	LT934125.1	-	1	29217	362.056481	225
12h	PC_12	29257	29300	LT934125.1	-	44	29288	282.149352	226
12h	PK_15	29257	29291	LT934125.1	-	35	29288	129.033298	226
12h	PC_12	29263	29306	LT934125.1	-	44	29288	186.557219	226
12h	PK_15	29263	29300	LT934125.1	-	38	29288	487.131609	226
12h	PK_15	29263	29303	LT934125.1	-	41	29288	166.667398	226
12h	C6	29267	29291	LT934125.1	-	25	29288	202.812804	226
12h	PK_15	29270	29300	LT934125.1	-	31	29288	167.048055	226
12h	C6	29278	29288	LT934125.1	-	11	29288	225.9887	226
12h	C6	29286	29310	LT934125.1	-	25	29291	689.952567	226
12h	PC_12	29286	29286	LT934125.1	-	1	29286	100.38145	226
12h	PC_12_1.5h	29287	29287	LT934125.1	-	1	29287	2212.389381	226
12h	PC_12	29288	29288	LT934125.1	-	1	29288	81.907349	226
12h	PK_15	29372	29414	LT934125.1	-	43	29411	8327.29906	227
12h	PC_12_2.5h	29403	29414	LT934125.1	-	12	29412	13323.4641	227
12h	C6	29404	29417	LT934125.1	-	14	29414	23729.098045	227
12h	C6	29404	29414	LT934125.1	-	11	29404	6163.328196	227
12h	C6	29404	29414	LT934125.1	-	11	29409	11723.329427	227
12h	C6	29404	29424	LT934125.1	-	21	29414	26828.087166	227
12h	PC_12	29404	29417	LT934125.1	-	14	29411	13049.588438	227
12h	PC_12	29404	29418	LT934125.1	-	15	29411	31224.528183	227
12h	PK_15	29404	29418	LT934125.1	-	15	29411	25330.849441	227
12h	PK_15	29404	29417	LT934125.1	-	14	29411	31973.824446	227
12h	PC_12	29406	29418	LT934125.1	-	13	29411	28258.035453	227
12h	PC_12	29406	29417	LT934125.1	-	12	29411	15457.598208	227
12h	PK_15	29406	29417	LT934125.1	-	12	29412	28027.459955	227
12h	PK_15	29406	29417	LT934125.1	-	12	29411	26873.426971	227
12h	C6	29407	29414	LT934125.1	-	8	29414	20493.95691	227
12h	C6	29407	29417	LT934125.1	-	11	29414	21129.797327	227
12h	PC_12_1.5h	29407	29414	LT934125.1	-	8	29412	8849.557523	227
12h	NRK	29408	29414	LT934125.1	-	7	29412	16181.229774	227
12h	PC_12	29409	29414	LT934125.1	-	6	29414	10673.782522	227
12h	PC_12	29675	29686	LT934125.1	-	12	29675	62.699856	228
12h	C6	29686	29686	LT934125.1	-	1	29686	41.96127	228
12h	C6	29747	29756	LT934125.1	-	10	29747	172.488142	229
12h	C6	29756	29866	LT934125.1	-	111	29756	96.8523	229
12h	PK_15	29778	29778	LT934125.1	-	1	29778	16.129162	229
12h	PC_12	29818	29828	LT934125.1	-	11	29828	106.604125	229
12h	PK_15	29828	29828	LT934125.1	-	1	29828	81.188601	229
12h	C6	29972	29972	LT934125.1	-	1	29972	86.244071	230
12h	PC_12	29975	29998	LT934125.1	-	24	29975	94.049784	231
12h	PK_15	29975	29975	LT934125.1	-	1	29975	13.157952	231
12h	PC_12	30125	30125	LT934125.1	-	1	30125	31.349928	232
12h	C6	30136	30136	LT934125.1	-	1	30136	32.2841	233
12h	C6	30141	30151	LT934125.1	-	11	30141	172.488142	234
12h	PK_15	30215	30241	LT934125.1	-	27	30215	81.188602	235
12h	PC_12	30229	30349	LT934125.1	-	121	30229	200.7629	235
12h	PC_12	30249	30320	LT934125.1	-	72	30249	125.399712	235
12h	C6	30274	30274	LT934125.1	-	1	30274	32.2841	235
12h	PC_12	30306	30306	LT934125.1	-	1	30306	26.651031	235
12h	C6	30349	30349	LT934125.1	-	1	30349	27.97418	235
12h	C6	30425	30425	LT934125.1	-	1	30425	86.244071	236
12h	PC_12	30551	30602	LT934125.1	-	52	30551	94.049784	237
12h	C6	30557	30578	LT934125.1	-	22	30557	172.488142	237
12h	PC_12	30571	30571	LT934125.1	-	1	30571	100.38145	237
12h	C6	30578	30578	LT934125.1	-	1	30578	1540.832049	237
12h	C6	30578	30578	LT934125.1	-	1	30578	32.2841	237
12h	PC_12	30719	30719	LT934125.1	-	1	30719	31.349928	238
12h	PC_12	30812	30909	LT934125.1	-	98	30877	639.624751	239
12h	C6	30851	30877	LT934125.1	-	27	30851	1050.97215	239
12h	C6	30873	30882	LT934125.1	-	10	30877	322.841001	239
12h	PC_12	30873	30882	LT934125.1	-	10	30877	501.907249	239
12h	PC_12	30876	30882	LT934125.1	-	7	30877	376.199135	239
12h	C6	30877	30882	LT934125.1	-	6	30877	538.502962	239
12h	C6	30877	30882	LT934125.1	-	6	30877	1552.393274	239
12h	PC_12	30877	30882	LT934125.1	-	6	30877	163.814698	239
12h	PK_15	30877	30882	LT934125.1	-	6	30877	260.869565	239
12h	PK_15	30877	30877	LT934125.1	-	1	30877	121.782902	239
12h	PK_15	30877	30877	LT934125.1	-	1	30877	225.808273	239
12h	PK_15	30877	30882	LT934125.1	-	6	30877	377.194636	239
12h	PC_12	30987	30987	LT934125.1	-	1	30987	31.349928	240
12h	PC_12	31037	31041	LT934125.1	-	5	31037	200.7629	241
12h	PC_12	31038	31043	LT934125.1	-	6	31043	79.953094	241
12h	C6	31040	31040	LT934125.1	-	1	31040	32.2841	241
12h	C6	31041	31041	LT934125.1	-	1	31041	48.954815	241
12h	PK_15	31041	31041	LT934125.1	-	1	31041	40.594301	241
12h	PK_15	31041	31043	LT934125.1	-	3	31041	32.258324	241
12h	PK_15	31041	31041	LT934125.1	-	1	31041	48.245826	241
12h	C6	31129	31129	LT934125.1	-	1	31129	86.244071	242
12h	PC_12	31145	31145	LT934125.1	-	1	31145	26.651031	243
12h	C6	31198	31198	LT934125.1	-	1	31198	20.980635	244
12h	C6	31198	31198	LT934125.1	-	1	31198	1540.832049	244
12h	PC_12	31198	31202	LT934125.1	-	5	31202	61.430512	244
12h	C6	31323	31323	LT934125.1	-	1	31323	20.980635	245
12h	PC_12	31323	31323	LT934125.1	-	1	31323	100.38145	245
12h	PK_15	31363	31363	LT934125.1	-	1	31363	40.594301	246
12h	PC_12	31432	31432	LT934125.1	-	1	31432	62.699856	247
12h	C6	31504	31504	LT934125.1	-	1	31504	86.244071	248
12h	PC_12	31504	31505	LT934125.1	-	2	31504	53.302062	248
12h	C6	31505	31505	LT934125.1	-	1	31505	41.96127	248
12h	C6	31505	31505	LT934125.1	-	1	31505	1172.332943	248
12h	C6	31505	31510	LT934125.1	-	6	31505	64.5682	248
12h	PK_15	31505	31505	LT934125.1	-	1	31505	16.129162	248
12h	PC_12	31561	31561	LT934125.1	-	1	31561	31.349928	249
12h	PC_12	31808	31808	LT934125.1	-	1	31808	100.38145	250
12h	C6	31816	31824	LT934125.1	-	9	31816	62.941905	251
12h	C6	31816	31816	LT934125.1	-	1	31816	32.2841	251
12h	PC_12	31816	31824	LT934125.1	-	9	31816	68.256125	251
12h	PC_12	31816	31824	LT934125.1	-	9	31816	62.699856	251
12h	PC_12	31824	31824	LT934125.1	-	1	31824	667.111408	251
12h	PC_12	31825	31825	LT934125.1	-	1	31825	26.651031	252
12h	C6	32128	32128	LT934125.1	-	1	32128	86.244071	253
12h	PC_12	32216	32216	LT934125.1	-	1	32216	20.476837	254
12h	PC_12	32336	32370	LT934125.1	-	35	32336	106.604124	255
12h	PC_12	32362	32370	LT934125.1	-	9	32370	125.399712	255
12h	C6	32370	32370	LT934125.1	-	1	32370	86.244071	255
12h	C6	32370	32370	LT934125.1	-	1	32370	32.2841	255
12h	PC_12	32370	32381	LT934125.1	-	12	32370	75.081737	255
12h	PK_15	32370	32370	LT934125.1	-	1	32370	16.018307	255
12h	PK_15	32370	32370	LT934125.1	-	1	32370	13.157952	255
12h	C6	32374	32374	LT934125.1	-	1	32374	20.980635	255
12h	PC_12	32784	32784	LT934125.1	-	1	32784	667.111408	256
12h	PC_12	32784	33035	LT934125.1	-	252	32842	1222.64719	256
12h	PC_12	32828	32972	LT934125.1	-	145	32842	470.967257	256
12h	PK_15	32828	33035	LT934125.1	-	208	32842	298.246921	256
12h	PK_15	32833	32870	LT934125.1	-	38	32842	395.164476	256
12h	C6	32836	32842	LT934125.1	-	7	32842	153.857989	256
12h	C6	32836	33087	LT934125.1	-	252	32842	862.440709	256
12h	C6	32836	32915	LT934125.1	-	80	32842	387.4092	256
12h	PC_12	32836	33106	LT934125.1	-	271	32842	506.369594	256
12h	PK_15	32836	33035	LT934125.1	-	200	32842	450.800918	256
12h	PK_15	32836	33002	LT934125.1	-	167	32842	527.725909	256
12h	PC_12	32842	33110	LT934125.1	-	269	32842	501.907249	256
12h	PC_12	32890	32890	LT934125.1	-	1	32890	667.111408	256
12h	PC_12_1.5h	32936	32936	LT934125.1	-	1	32936	2212.389381	256
12h	PC_12_2.5h	33035	33035	LT934125.1	-	1	33035	740.19245	256
12h	PC_12	33060	33060	LT934125.1	-	1	33060	2227.171492	256
12h	PK_15	33173	33356	LT934125.1	-	184	33356	72.581229	257
12h	C6	33182	33326	LT934125.1	-	145	33182	129.1364	257
12h	PC_12	33212	33335	LT934125.1	-	124	33321	501.907249	257
12h	PC_12	33221	33343	LT934125.1	-	123	33221	40.953674	257
12h	PC_12	33242	33365	LT934125.1	-	124	33242	266.510312	257
12h	PC_12	33248	33404	LT934125.1	-	157	33248	1334.222816	257
12h	PK_15	33272	33294	LT934125.1	-	23	33272	724.112962	257
12h	PC_12_2.5h	33294	33294	LT934125.1	-	1	33294	740.19245	257
12h	PK_15	33294	33294	LT934125.1	-	1	33294	29.748284	257
12h	PC_12	33302	33302	LT934125.1	-	1	33302	2227.171492	257
12h	C6	33304	33304	LT934125.1	-	1	33304	86.244071	257
12h	C6	33335	33356	LT934125.1	-	22	33356	104.903175	257
12h	PK_15	33356	33356	LT934125.1	-	1	33356	17.543937	257
12h	PK_15	33408	33408	LT934125.1	-	1	33408	40.594301	258
12h	PC_12_1.5h	33505	33505	LT934125.1	-	1	33505	2212.389381	259
12h	C6	33566	33566	LT934125.1	-	1	33566	86.244071	260
12h	PK_15	33606	33629	LT934125.1	-	24	33606	724.112962	261
12h	PK_15	33611	33611	LT934125.1	-	1	33611	40.594301	261
12h	PC_12	33644	33644	LT934125.1	-	1	33644	20.476837	262
12h	PC_12	33652	33671	LT934125.1	-	20	33652	62.699856	263
12h	PC_12	33797	34126	LT934125.1	-	330	34091	373.114435	264
12h	C6	33803	34091	LT934125.1	-	289	34091	290.5569	264
12h	PC_12	33803	34091	LT934125.1	-	289	34091	803.051599	264
12h	PK_15	33821	33997	LT934125.1	-	177	33821	1086.169443	264
12h	C6	33827	33827	LT934125.1	-	1	33827	86.244071	264
12h	C6	33847	33847	LT934125.1	-	1	33847	1540.832049	264
12h	PC_12	33876	33876	LT934125.1	-	1	33876	2227.171492	264
12h	PK_15	33896	34091	LT934125.1	-	196	34091	48.387487	264
12h	C6	33947	34091	LT934125.1	-	145	34091	132.877355	264
12h	PK_15	33947	34091	LT934125.1	-	145	34091	59.496568	264
12h	PK_15	33947	34091	LT934125.1	-	145	33947	81.188602	264
12h	C6	34048	34048	LT934125.1	-	1	34048	1172.332943	264
12h	PC_12	34091	34091	LT934125.1	-	1	34091	20.476837	264
12h	PK_15	34091	34091	LT934125.1	-	1	34091	39.473857	264
12h	C6	34175	34175	LT934125.1	-	1	34175	86.244071	265
12h	PC_12_0.5h	34175	34175	LT934125.1	-	1	34175	32258.064516	265
12h	C6	34246	34246	LT934125.1	-	1	34246	525.486075	266
12h	C6	34405	34480	LT934125.1	-	76	34474	3104.786546	267
12h	C6	34430	34478	LT934125.1	-	49	34478	1226.795802	267
12h	PC_12	34436	34494	LT934125.1	-	59	34478	1359.202598	267
12h	PK_15	34436	34480	LT934125.1	-	45	34474	532.262354	267
12h	PK_15	34446	34480	LT934125.1	-	35	34474	6879.073136	267
12h	C6	34452	34480	LT934125.1	-	29	34474	9244.992295	267
12h	C6	34452	34478	LT934125.1	-	27	34452	2344.665886	267
12h	PK_15	34452	34478	LT934125.1	-	27	34474	214.913222	267
12h	PC_12	34467	34478	LT934125.1	-	12	34474	658.348486	267
12h	PK_15	34467	34478	LT934125.1	-	12	34474	568.32021	267
12h	C6	34468	34478	LT934125.1	-	11	34474	300.722433	267
12h	NRK	34474	34474	LT934125.1	-	1	34474	10101.010101	267
12h	PC_12_1.5h	34474	34478	LT934125.1	-	5	34474	6637.168142	267
12h	PC_12	34474	34478	LT934125.1	-	5	34474	95.558574	267
12h	PC_12	34474	34478	LT934125.1	-	5	34474	11135.857461	267
12h	PC_12_2.5h	34474	34480	LT934125.1	-	7	34474	5181.34715	267
12h	PC_12	34474	34478	LT934125.1	-	5	34476	3335.557038	267
12h	PC_12	34474	34478	LT934125.1	-	5	34474	602.288698	267
12h	PK_15	34474	34480	LT934125.1	-	7	34478	107.551488	267
12h	PK_15	34474	34474	LT934125.1	-	1	34474	2923.976608	267
12h	C6	34478	34478	LT934125.1	-	1	34478	1576.458224	267
12h	PC_12	34594	34594	LT934125.1	-	1	34594	26.651031	268
12h	PC_12	34955	34976	LT934125.1	-	22	34955	53.302062	269
12h	C6	35174	35174	LT934125.1	-	1	35174	32.2841	270
12h	PC_12	35198	35198	LT934125.1	-	1	35198	31.349928	271
12h	C6	35221	35221	LT934125.1	-	1	35221	27.97418	272
12h	PC_12	35221	35221	LT934125.1	-	1	35221	20.476837	272
12h	PC_12	35221	35225	LT934125.1	-	5	35221	53.302062	272
12h	PC_12	35366	35366	LT934125.1	-	1	35366	31.349928	273
12h	PC_12	35441	35441	LT934125.1	-	1	35441	667.111408	274
12h	PC_12	35570	35570	LT934125.1	-	1	35570	31.349928	275
12h	PC_12	35605	35605	LT934125.1	-	1	35605	26.651031	276
12h	PC_12	35744	35744	LT934125.1	-	1	35744	26.651031	277
12h	PC_12	35765	35765	LT934125.1	-	1	35765	31.349928	278
12h	C6	35776	35776	LT934125.1	-	1	35776	525.486075	279
12h	PC_12	35783	35783	LT934125.1	-	1	35783	667.111408	280
12h	PC_12	35916	35916	LT934125.1	-	1	35916	26.651031	281
12h	PK_15	36094	36094	LT934125.1	-	1	36094	40.594301	282
12h	PC_12	36224	36224	LT934125.1	-	1	36224	26.651031	283
12h	PC_12	36380	36380	LT934125.1	-	1	36380	26.651031	284
12h	PC_12	36397	36397	LT934125.1	-	1	36397	31.349928	285
12h	C6	36431	36431	LT934125.1	-	1	36431	86.244071	286
12h	C6	36878	36878	LT934125.1	-	1	36878	525.486075	287
12h	PK_15	36988	36988	LT934125.1	-	1	36988	40.594301	288
12h	PC_12	37065	37065	LT934125.1	-	1	37065	31.349928	289
12h	PC_12	37198	37198	LT934125.1	-	1	37198	26.651031	290
12h	PC_12	37207	37207	LT934125.1	-	1	37207	31.349928	291
12h	PC_12	37460	37460	LT934125.1	-	1	37460	31.349928	292
12h	C6	37550	37550	LT934125.1	-	1	37550	32.2841	293
12h	PK_15	37550	37550	LT934125.1	-	1	37550	16.129162	293
12h	C6	37833	37833	LT934125.1	-	1	37833	86.244071	294
12h	C6	38237	38237	LT934125.1	-	1	38237	32.2841	295
12h	PC_12	38386	38386	LT934125.1	-	1	38386	31.349928	296
12h	PK_15	38752	38752	LT934125.1	-	1	38752	40.594301	297
12h	PC_12	38839	38839	LT934125.1	-	1	38839	31.349928	298
12h	C6	39068	39068	LT934125.1	-	1	39068	86.244071	299
12h	PC_12	39296	39296	LT934125.1	-	1	39296	31.349928	300
12h	C6	40960	40960	LT934125.1	-	1	40960	32.2841	301
12h	C6	41171	41171	LT934125.1	-	1	41171	86.244071	302
12h	C6	41377	41377	LT934125.1	-	1	41377	32.2841	303
12h	C6	41655	41655	LT934125.1	-	1	41655	20.980635	304
12h	PC_12	41655	41655	LT934125.1	-	1	41655	31.349928	304
12h	PK_15	41978	41997	LT934125.1	-	20	41995	557.019987	305
12h	C6	41992	41997	LT934125.1	-	6	41995	804.257671	305
12h	PC_12	41992	41997	LT934125.1	-	6	41995	798.596654	305
12h	PC_12	41992	41997	LT934125.1	-	6	41995	564.298703	305
12h	PK_15	41992	41997	LT934125.1	-	6	41995	405.034325	305
12h	C6	41994	41997	LT934125.1	-	4	41995	322.841001	305
12h	PC_12	41994	41995	LT934125.1	-	2	41995	401.525799	305
12h	C6	41995	41995	LT934125.1	-	1	41995	525.486075	305
12h	C6	41995	41995	LT934125.1	-	1	41995	86.244071	305
12h	PC_12	41995	41995	LT934125.1	-	1	41995	133.255157	305
12h	PK_15	41995	41995	LT934125.1	-	1	41995	40.594301	305
12h	PK_15	41995	41995	LT934125.1	-	1	41995	129.033299	305
12h	PC_12	42111	42125	LT934125.1	-	15	42111	62.699856	306
12h	PC_12	42141	42141	LT934125.1	-	1	42141	20.476837	307
12h	C6	42147	42147	LT934125.1	-	1	42147	32.2841	308
12h	PK_15	42157	42157	LT934125.1	-	1	42157	13.157952	309
12h	PC_12	42252	42270	LT934125.1	-	19	42252	94.049784	310
12h	C6	42270	42270	LT934125.1	-	1	42270	32.2841	310
12h	PC_12	42389	42389	LT934125.1	-	1	42389	100.38145	311
12h	PC_12	42396	42396	LT934125.1	-	1	42396	26.651031	312
12h	C6	42403	42403	LT934125.1	-	1	42403	20.980635	313
12h	C6	42403	42403	LT934125.1	-	1	42403	86.244071	313
12h	PK_15	42447	42447	LT934125.1	-	1	42447	40.594301	314
12h	C6	42516	42516	LT934125.1	-	1	42516	86.244071	315
12h	PK_15	42543	42543	LT934125.1	-	1	42543	21.929921	316
12h	PK_15	42549	42549	LT934125.1	-	1	42549	40.594301	317
12h	PK_15	42608	42611	LT934125.1	-	4	42608	40.322905	318
12h	PC_12	42621	42621	LT934125.1	-	1	42621	100.38145	319
12h	PC_12	42621	42657	LT934125.1	-	37	42621	133.255155	319
12h	PC_12	42641	42641	LT934125.1	-	1	42641	2227.171492	319
12h	PC_12	42641	42641	LT934125.1	-	1	42641	62.699856	319
12h	C6	42704	42704	LT934125.1	-	1	42704	86.244071	320
12h	PC_12	42811	42811	LT934125.1	-	1	42811	31.349928	321
12h	C6	42825	42825	LT934125.1	-	1	42825	86.244071	322
12h	PC_12	42830	42858	LT934125.1	-	29	42830	53.302062	323
12h	PC_12	42868	42868	LT934125.1	-	1	42868	200.762899	324
12h	PC_12	42984	43035	LT934125.1	-	52	43011	156.74964	325
12h	C6	43011	43011	LT934125.1	-	1	43011	32.2841	325
12h	PC_12	43011	43011	LT934125.1	-	1	43011	26.651031	325
12h	PK_15	43020	43020	LT934125.1	-	1	43020	40.594301	325
12h	C6	43032	43052	LT934125.1	-	21	43032	172.488142	325
12h	PC_12	43060	43060	LT934125.1	-	1	43060	100.38145	326
12h	C6	43158	43158	LT934125.1	-	1	43158	86.244071	327
12h	PC_12	43245	43255	LT934125.1	-	11	43245	62.699856	328
12h	PC_12	43255	43255	LT934125.1	-	1	43255	667.111408	328
12h	PC_12	43260	43260	LT934125.1	-	1	43260	26.651031	329
12h	C6	43351	43378	LT934125.1	-	28	43351	172.488142	330
12h	PK_15	43351	43351	LT934125.1	-	1	43351	11.441648	330
12h	PK_15	43351	43359	LT934125.1	-	9	43351	32.258324	330
12h	C6	43360	43362	LT934125.1	-	3	43360	64.5682	330
12h	PC_12	43403	43403	LT934125.1	-	1	43403	31.349928	331
12h	PC_12	43406	43406	LT934125.1	-	1	43406	100.38145	332
12h	NRK	43473	43473	LT934125.1	-	1	43473	3236.245955	333
12h	C6	43578	43578	LT934125.1	-	1	43578	32.2841	334
12h	C6	43598	43598	LT934125.1	-	1	43598	86.244071	335
12h	PC_12	43729	43729	LT934125.1	-	1	43729	100.38145	336
12h	PK_15	43757	43757	LT934125.1	-	1	43757	16.129162	337
12h	C6	43839	43839	LT934125.1	-	1	43839	32.2841	338
12h	PC_12	43849	43849	LT934125.1	-	1	43849	26.651031	339
12h	PC_12	43892	43892	LT934125.1	-	1	43892	31.349928	340
12h	PK_15	44122	44122	LT934125.1	-	1	44122	40.594301	341
12h	PC_12	44147	44147	LT934125.1	-	1	44147	31.349928	342
12h	C6	44150	44150	LT934125.1	-	1	44150	86.244071	343
12h	C6	44173	44173	LT934125.1	-	1	44173	32.2841	344
12h	PC_12	44351	44351	LT934125.1	-	1	44351	26.651031	345
12h	C6	44481	44502	LT934125.1	-	22	44481	1050.97215	346
12h	PK_15	44613	44621	LT934125.1	-	9	44613	81.188602	347
12h	PC_12	44753	44756	LT934125.1	-	4	44756	94.049784	348
12h	C6	44754	44756	LT934125.1	-	3	44756	195.819259	348
12h	PK_15	44754	44756	LT934125.1	-	3	44756	100.877636	348
12h	C6	44756	44756	LT934125.1	-	1	44756	86.244071	348
12h	C6	44756	44756	LT934125.1	-	1	44756	64.5682	348
12h	PC_12	44756	44756	LT934125.1	-	1	44756	34.128062	348
12h	PC_12	44756	44756	LT934125.1	-	1	44756	100.38145	348
12h	PC_12	44756	44756	LT934125.1	-	1	44756	26.651031	348
12h	PK_15	44756	44756	LT934125.1	-	1	44756	29.748284	348
12h	PK_15	44756	44756	LT934125.1	-	1	44756	362.056481	348
12h	PK_15	44756	44756	LT934125.1	-	1	44756	40.322906	348
12h	PK_15	44884	44893	LT934125.1	-	10	44889	709.382151	349
12h	PC_12	44885	44893	LT934125.1	-	9	44885	501.90725	349
12h	PK_15	44885	44893	LT934125.1	-	9	44889	846.781021	349
12h	C6	44886	44893	LT934125.1	-	8	44889	2706.5019	349
12h	C6	44886	44893	LT934125.1	-	8	44889	1466.149202	349
12h	C6	44886	44893	LT934125.1	-	8	44889	1452.784503	349
12h	NRK	44886	44886	LT934125.1	-	1	44886	3236.245955	349
12h	PC_12	44886	44893	LT934125.1	-	8	44889	914.632065	349
12h	PC_12	44886	44893	LT934125.1	-	8	44889	1145.99435	349
12h	PC_12	44886	44901	LT934125.1	-	16	44893	940.497838	349
12h	PK_15	44886	44893	LT934125.1	-	8	44889	568.320208	349
12h	PK_15	44886	44893	LT934125.1	-	8	44889	1166.671784	349
12h	C6	44889	44889	LT934125.1	-	1	44889	1050.972149	349
12h	PC_12	44893	44893	LT934125.1	-	1	44893	667.111408	349
12h	PC_12	44947	44947	LT934125.1	-	1	44947	2227.171492	350
12h	PC_12	45016	45016	LT934125.1	-	1	45016	26.651031	351
12h	C6	45257	45257	LT934125.1	-	1	45257	1540.832049	352
12h	C6	45647	45647	LT934125.1	-	1	45647	32.2841	353
12h	C6	45649	45649	LT934125.1	-	1	45649	86.244071	354
12h	PC_12	45649	45649	LT934125.1	-	1	45649	31.349928	354
12h	PC_12	45664	45664	LT934125.1	-	1	45664	667.111408	355
12h	C6	45679	45679	LT934125.1	-	1	45679	34.967725	356
12h	PC_12	45679	45679	LT934125.1	-	1	45679	20.476837	356
12h	C6	45769	45769	LT934125.1	-	1	45769	32.2841	357
12h	PC_12	45865	45865	LT934125.1	-	1	45865	100.38145	358
12h	PC_12	45865	45865	LT934125.1	-	1	45865	31.349928	358
12h	C6	45876	45904	LT934125.1	-	29	45876	64.5682	359
12h	PK_15	45904	45904	LT934125.1	-	1	45904	13.157952	359
12h	PK_15	45908	45908	LT934125.1	-	1	45908	40.594301	360
12h	PC_12	45913	45913	LT934125.1	-	1	45913	26.651031	361
12h	PC_12	45967	45967	LT934125.1	-	1	45967	31.349928	362
12h	C6	46008	46008	LT934125.1	-	1	46008	86.244071	363
12h	PC_12	46101	46101	LT934125.1	-	1	46101	26.651031	364
12h	C6	46104	46124	LT934125.1	-	21	46104	62.941905	365
12h	PC_12	46104	46124	LT934125.1	-	21	46104	188.099568	365
12h	PC_12	46124	46124	LT934125.1	-	1	46124	54.604899	365
12h	C6	46303	46303	LT934125.1	-	1	46303	32.2841	366
12h	PC_12	46354	46354	LT934125.1	-	1	46354	31.349928	367
12h	C6	46751	46751	LT934125.1	-	1	46751	525.486075	368
12h	PK_15	46846	46846	LT934125.1	-	1	46846	362.056481	369
12h	PC_12	46928	46928	LT934125.1	-	1	46928	20.476837	370
12h	C6	46988	46988	LT934125.1	-	1	46988	27.97418	371
12h	PC_12	46988	46988	LT934125.1	-	1	46988	31.349928	371
12h	C6	47110	47110	LT934125.1	-	1	47110	86.244071	372
12h	C6	47263	47263	LT934125.1	-	1	47263	32.2841	373
12h	PC_12	47403	47403	LT934125.1	-	1	47403	31.349928	374
12h	PC_12	47531	47531	LT934125.1	-	1	47531	31.349928	375
12h	PC_12	47638	47638	LT934125.1	-	1	47638	31.349928	376
12h	C6	47959	47959	LT934125.1	-	1	47959	32.2841	377
12h	C6	47962	47962	LT934125.1	-	1	47962	86.244071	378
12h	PK_15	48075	48075	LT934125.1	-	1	48075	40.594301	379
12h	PC_12	48169	48169	LT934125.1	-	1	48169	31.349928	380
12h	PC_12	48442	48442	LT934125.1	-	1	48442	26.651031	381
12h	PC_12	48442	48442	LT934125.1	-	1	48442	31.349928	381
12h	C6	48444	48444	LT934125.1	-	1	48444	86.244071	382
12h	C6	48490	48490	LT934125.1	-	1	48490	32.2841	383
12h	PC_12	48740	48740	LT934125.1	-	1	48740	31.349928	384
12h	C6	48829	48829	LT934125.1	-	1	48829	32.2841	385
12h	C6	49141	49141	LT934125.1	-	1	49141	32.2841	386
12h	PC_12	49161	49161	LT934125.1	-	1	49161	31.349928	387
12h	C6	49357	49357	LT934125.1	-	1	49357	86.244071	388
12h	PC_12	49384	49384	LT934125.1	-	1	49384	31.349928	389
12h	C6	49445	49445	LT934125.1	-	1	49445	525.486075	390
12h	C6	49465	49465	LT934125.1	-	1	49465	64.5682	391
12h	PC_12	49590	49598	LT934125.1	-	9	49590	62.699856	392
12h	C6	49599	49599	LT934125.1	-	1	49599	41.96127	393
12h	NRK	49599	49599	LT934125.1	-	1	49599	3236.245955	393
12h	PC_12	49599	49599	LT934125.1	-	1	49599	34.128062	393
12h	PC_12	49616	49616	LT934125.1	-	1	49616	26.651031	394
12h	PC_12	50137	50137	LT934125.1	-	1	50137	31.349928	395
12h	C6	50155	50160	LT934125.1	-	6	50155	96.8523	396
12h	PC_12	50174	50174	LT934125.1	-	1	50174	26.651031	397
12h	PC_12	50194	50194	LT934125.1	-	1	50194	20.476837	398
12h	PC_12	50194	50194	LT934125.1	-	1	50194	667.111408	398
12h	C6	50200	50200	LT934125.1	-	1	50200	1540.832049	399
12h	PK_15	50260	50268	LT934125.1	-	9	50260	81.188602	400
12h	C6	50263	50263	LT934125.1	-	1	50263	525.486075	400
12h	PK_15	50263	50263	LT934125.1	-	1	50263	13.729977	400
12h	PC_12	50328	50328	LT934125.1	-	1	50328	100.38145	401
12h	C6	50336	50376	LT934125.1	-	41	50370	161.4205	402
12h	PC_12	50346	50498	LT934125.1	-	153	50346	407.549064	402
12h	PK_15	50353	50370	LT934125.1	-	18	50370	48.387487	402
12h	PC_12	50364	50370	LT934125.1	-	7	50370	79.953094	402
12h	PC_12	50370	50376	LT934125.1	-	7	50370	81.907349	402
12h	PK_15	50370	50370	LT934125.1	-	1	50370	52.631579	402
12h	PK_15	50370	50370	LT934125.1	-	1	50370	43.859841	402
12h	NRK	50398	50398	LT934125.1	-	1	50398	3236.245955	402
12h	PK_15	50488	50488	LT934125.1	-	1	50488	16.129162	402
12h	C6	50492	50536	LT934125.1	-	45	50492	225.9887	402
12h	PC_12	50492	50498	LT934125.1	-	7	50492	54.604899	402
12h	PC_12	50495	50498	LT934125.1	-	4	50495	200.7629	402
12h	PC_12	50569	50668	LT934125.1	-	100	50641	719.577845	403
12h	PC_12	50589	50592	LT934125.1	-	4	50592	156.74964	403
12h	C6	50592	50592	LT934125.1	-	1	50592	90.916084	403
12h	C6	50592	50641	LT934125.1	-	50	50641	431.220354	403
12h	C6	50592	50743	LT934125.1	-	152	50592	807.1025	403
12h	PC_12	50592	50592	LT934125.1	-	1	50592	68.256124	403
12h	C6	50601	50601	LT934125.1	-	1	50601	1172.332943	403
12h	PK_15	50610	50610	LT934125.1	-	1	50610	362.056481	403
12h	PC_12	50628	50641	LT934125.1	-	14	50631	401.525799	403
12h	PC_12_2.5h	50631	50644	LT934125.1	-	14	50631	1480.3849	403
12h	PK_15	50631	50641	LT934125.1	-	11	50631	32.036614	403
12h	PK_15	50631	50692	LT934125.1	-	62	50641	324.754406	403
12h	PK_15	50631	50668	LT934125.1	-	38	50641	145.16246	403
12h	PK_15	50631	50668	LT934125.1	-	38	50641	74.56173	403
12h	C6	50735	50735	LT934125.1	-	1	50735	1540.832049	403
12h	PC_12	50820	50820	LT934125.1	-	1	50820	20.476837	404
12h	PK_15	50820	50820	LT934125.1	-	1	50820	11.441648	404
12h	PK_15	50820	50820	LT934125.1	-	1	50820	35.087873	404
12h	C6	50827	50827	LT934125.1	-	1	50827	172.488141	405
12h	PK_15	50886	50895	LT934125.1	-	10	50886	81.188602	406
12h	C6	50887	50887	LT934125.1	-	1	50887	1172.332943	406
12h	PC_12_2.5h	50895	50895	LT934125.1	-	1	50895	740.19245	406
12h	C6	50953	50998	LT934125.1	-	46	50986	244.774074	407
12h	C6	50979	51007	LT934125.1	-	29	50986	419.6933	407
12h	C6	50986	51005	LT934125.1	-	20	50986	1576.458224	407
12h	PC_12	50986	51007	LT934125.1	-	22	50988	68.256124	407
12h	PC_12	50986	51005	LT934125.1	-	20	50986	1334.222816	407
12h	PC_12_1.5h	51013	51013	LT934125.1	-	1	51013	2212.389381	408
12h	NRK	51035	51035	LT934125.1	-	1	51035	3236.245955	409
12h	PK_15	51129	51147	LT934125.1	-	19	51147	6154.960174	410
12h	PC_12	51139	51149	LT934125.1	-	11	51147	5266.787887	410
12h	PK_15	51139	51151	LT934125.1	-	13	51147	6057.04411	410
12h	PC_12	51141	51147	LT934125.1	-	7	51147	4617.546678	410
12h	C6	51142	51147	LT934125.1	-	6	51147	16949.152542	410
12h	C6	51143	51147	LT934125.1	-	5	51147	3035.198511	410
12h	C6	51143	51149	LT934125.1	-	7	51147	5605.864597	410
12h	C6	51143	51149	LT934125.1	-	7	51147	7134.786117	410
12h	PK_15	51143	51147	LT934125.1	-	5	51147	2862.70023	410
12h	PK_15	51143	51147	LT934125.1	-	5	51147	8771.929824	410
12h	PK_15	51143	51151	LT934125.1	-	9	51147	5926.767884	410
12h	PK_15	51143	51184	LT934125.1	-	42	51147	6475.858675	410
12h	PC_12_1.5h	51144	51147	LT934125.1	-	4	51147	11061.946903	410
12h	PC_12	51144	51147	LT934125.1	-	4	51147	2341.185063	410
12h	PC_12_2.5h	51144	51147	LT934125.1	-	4	51147	8142.11695	410
12h	PC_12	51144	51147	LT934125.1	-	4	51147	3864.399553	410
12h	C6	51145	51147	LT934125.1	-	3	51147	9378.663541	410
12h	PC_12	51146	51147	LT934125.1	-	2	51147	22271.714922	410
12h	C6	51147	51147	LT934125.1	-	1	51147	4729.374672	410
12h	PC_12	51147	51147	LT934125.1	-	1	51147	4669.779853	410
12h	PC_12	51266	51266	LT934125.1	-	1	51266	26.651031	411
12h	C6	51356	51356	LT934125.1	-	1	51356	32.2841	412
12h	PC_12	51479	51479	LT934125.1	-	1	51479	31.349928	413
12h	C6	51499	51499	LT934125.1	-	1	51499	86.244071	414
12h	PC_12	51499	51499	LT934125.1	-	1	51499	100.38145	414
12h	PC_12	51505	51505	LT934125.1	-	1	51505	53.302063	415
12h	C6	51509	51509	LT934125.1	-	1	51509	32.2841	416
12h	PK_15	51530	51534	LT934125.1	-	5	51530	81.188602	417
12h	PC_12	51638	51638	LT934125.1	-	1	51638	31.349928	418
12h	C6	51654	51654	LT934125.1	-	1	51654	86.244071	419
12h	PK_15	51700	51700	LT934125.1	-	1	51700	40.594301	420
12h	PC_12	51785	51809	LT934125.1	-	25	51785	62.699856	421
12h	C6	51809	51809	LT934125.1	-	1	51809	27.97418	421
12h	C6	51809	51809	LT934125.1	-	1	51809	64.5682	421
12h	PC_12_2.5h	51809	51809	LT934125.1	-	1	51809	740.19245	421
12h	PC_12	51809	51809	LT934125.1	-	1	51809	26.651031	421
12h	PC_12	51944	51944	LT934125.1	-	1	51944	26.651031	422
12h	PC_12	51953	51953	LT934125.1	-	1	51953	31.349928	423
12h	C6	52040	52040	LT934125.1	-	1	52040	86.244071	424
12h	C6	52113	52113	LT934125.1	-	1	52113	32.2841	425
12h	PC_12	52115	52115	LT934125.1	-	1	52115	26.651031	426
12h	PC_12	52172	52172	LT934125.1	-	1	52172	31.349928	427
12h	PC_12	52190	52190	LT934125.1	-	1	52190	100.38145	428
12h	C6	52232	52232	LT934125.1	-	1	52232	20.980635	429
12h	PC_12	52232	52237	LT934125.1	-	6	52237	47.779287	429
12h	PC_12	52378	52378	LT934125.1	-	1	52378	26.651031	430
12h	PK_15	52389	52389	LT934125.1	-	1	52389	13.157952	431
12h	PC_12	52674	52674	LT934125.1	-	1	52674	26.651031	432
12h	PK_15	52674	52674	LT934125.1	-	1	52674	40.594301	432
12h	PC_12	52702	52702	LT934125.1	-	1	52702	31.349928	433
12h	C6	52799	52805	LT934125.1	-	7	52799	258.732212	434
12h	C6	52816	52816	LT934125.1	-	1	52816	1540.832049	435
12h	PC_12	52823	52823	LT934125.1	-	1	52823	26.651031	436
12h	PC_12	52865	52865	LT934125.1	-	1	52865	100.38145	437
12h	C6	52992	52992	LT934125.1	-	1	52992	32.2841	438
12h	PC_12	52992	52998	LT934125.1	-	7	52992	94.049784	438
12h	PC_12	52994	53024	LT934125.1	-	31	52998	106.604125	438
12h	C6	53024	53024	LT934125.1	-	1	53024	525.486075	438
12h	C6	53036	53036	LT934125.1	-	1	53036	86.244071	439
12h	C6	53159	53159	LT934125.1	-	1	53159	86.244071	440
12h	PC_12	53159	53159	LT934125.1	-	1	53159	31.349928	440
12h	C6	53160	53160	LT934125.1	-	1	53160	32.2841	441
12h	PC_12	53162	53162	LT934125.1	-	1	53162	100.38145	442
12h	C6	53181	53181	LT934125.1	-	1	53181	20.980635	443
12h	PC_12	53181	53181	LT934125.1	-	1	53181	34.128062	443
12h	PC_12	53186	53186	LT934125.1	-	1	53186	26.651031	444
12h	PK_15	53205	53205	LT934125.1	-	1	53205	40.594301	445
12h	PC_12	53264	53264	LT934125.1	-	1	53264	31.349928	446
12h	C6	53551	53551	LT934125.1	-	1	53551	20.980635	447
12h	C6	53551	53551	LT934125.1	-	1	53551	32.2841	447
12h	PC_12	53551	53555	LT934125.1	-	5	53555	88.732962	447
12h	PC_12	53551	53552	LT934125.1	-	2	53551	53.302062	447
12h	PC_12	53555	53555	LT934125.1	-	1	53555	200.762899	447
12h	PC_12	53555	53555	LT934125.1	-	1	53555	31.349928	447
12h	PK_15	53592	53592	LT934125.1	-	1	53592	11.441648	448
12h	PK_15	53592	53592	LT934125.1	-	1	53592	16.129162	448
12h	PK_15	53592	53592	LT934125.1	-	1	53592	35.087873	448
12h	C6	53822	53822	LT934125.1	-	1	53822	32.2841	449
12h	PC_12	53862	53873	LT934125.1	-	12	53862	53.302062	450
12h	PC_12	53869	53872	LT934125.1	-	4	53869	62.699856	450
12h	C6	53872	53872	LT934125.1	-	1	53872	20.980635	450
12h	PC_12	54069	54069	LT934125.1	-	1	54069	31.349928	451
12h	C6	54090	54090	LT934125.1	-	1	54090	525.486075	452
12h	C6	54101	54101	LT934125.1	-	1	54101	34.967725	453
12h	PC_12	54101	54127	LT934125.1	-	27	54101	53.302062	453
12h	C6	54121	54121	LT934125.1	-	1	54121	32.2841	453
12h	PK_15	54170	54174	LT934125.1	-	5	54174	36.613273	454
12h	PC_12	54174	54174	LT934125.1	-	1	54174	54.604899	454
12h	PK_15	54174	54174	LT934125.1	-	1	54174	17.543937	454
12h	C6	54398	54398	LT934125.1	-	1	54398	32.2841	455
12h	PC_12	54613	54613	LT934125.1	-	1	54613	26.651031	456
12h	C6	54702	54702	LT934125.1	-	1	54702	41.96127	457
12h	PC_12	54702	54704	LT934125.1	-	3	54702	40.953674	457
12h	PC_12	54702	54702	LT934125.1	-	1	54702	31.349928	457
12h	PK_15	54702	54702	LT934125.1	-	1	54702	11.441648	457
12h	PK_15	54702	54702	LT934125.1	-	1	54702	16.129162	457
12h	PC_12	54815	54815	LT934125.1	-	1	54815	667.111408	458
12h	PK_15	54831	54848	LT934125.1	-	18	54831	81.188602	459
12h	PC_12	54836	54836	LT934125.1	-	1	54836	62.699856	459
12h	PC_12	54855	54855	LT934125.1	-	1	54855	27.30245	460
12h	PC_12	54855	54855	LT934125.1	-	1	54855	26.651031	460
12h	C6	54983	54983	LT934125.1	-	1	54983	32.2841	461
12h	PC_12	54983	54983	LT934125.1	-	1	54983	40.953675	461
12h	PC_12	55125	55148	LT934125.1	-	24	55125	62.699856	462
12h	PC_12	55148	55148	LT934125.1	-	1	55148	26.651031	462
12h	PC_12	55358	55808	LT934125.1	-	451	55438	3354.442292	463
12h	C6	55362	55626	LT934125.1	-	265	55438	1420.5004	463
12h	PK_15	55366	55379	LT934125.1	-	14	55378	405.943006	463
12h	C6	55369	56016	LT934125.1	-	648	55438	2720.489	463
12h	PC_12	55369	55460	LT934125.1	-	92	55378	423.18797	463
12h	PC_12	55372	55496	LT934125.1	-	125	55378	533.020626	463
12h	PK_15	55375	55375	LT934125.1	-	1	55375	362.056481	463
12h	PK_15	55378	55389	LT934125.1	-	12	55378	215.102975	463
12h	PK_15	55378	55389	LT934125.1	-	12	55378	491.93945	463
12h	PK_15	55378	55381	LT934125.1	-	4	55378	285.08897	463
12h	PK_15	55420	55807	LT934125.1	-	388	55679	1662.287996	463
12h	PK_15	55421	55910	LT934125.1	-	490	55679	1693.562033	463
12h	PC_12	55423	55796	LT934125.1	-	374	55438	1606.103197	463
12h	PC_12	55438	55438	LT934125.1	-	1	55438	667.111408	463
12h	C6	55448	55796	LT934125.1	-	349	55454	862.440708	463
12h	PC_12	55496	55807	LT934125.1	-	312	55523	1167.179725	463
12h	NRK	55547	55547	LT934125.1	-	1	55547	3236.245955	463
12h	PC_12	55574	55685	LT934125.1	-	112	55679	479.718562	463
12h	PC_12_2.5h	55595	55776	LT934125.1	-	182	55595	1480.3849	463
12h	PK_15	55660	55768	LT934125.1	-	109	55660	1086.169443	463
12h	PK_15	55660	55768	LT934125.1	-	109	55661	405.943008	463
12h	PK_15	55661	55860	LT934125.1	-	200	55679	883.295196	463
12h	C6	55718	55718	LT934125.1	-	1	55718	1540.832049	463
12h	PC_12	55733	55733	LT934125.1	-	1	55733	2227.171492	463
12h	C6	55774	55774	LT934125.1	-	1	55774	1172.332943	463
12h	C6	55823	55823	LT934125.1	-	1	55823	525.486075	463
12h	PK_15	55853	56016	LT934125.1	-	164	55967	315.790857	463
12h	PC_12	55868	56045	LT934125.1	-	178	55967	533.020622	463
12h	C6	55878	55995	LT934125.1	-	118	55967	451.9774	463
12h	PK_15	55893	56081	LT934125.1	-	189	55967	427.917624	463
12h	PC_12	55942	55967	LT934125.1	-	26	55945	122.861024	463
12h	PK_15	55942	56028	LT934125.1	-	87	55967	346.776987	463
12h	PK_15	55945	56014	LT934125.1	-	70	55945	527.725911	463
12h	PK_15	55966	55983	LT934125.1	-	18	55966	724.112962	463
12h	C6	55994	55994	LT934125.1	-	1	55994	1172.332943	463
12h	PC_12_2.5h	56055	56055	LT934125.1	-	1	56055	740.19245	463
12h	PC_12_1.5h	56068	56068	LT934125.1	-	1	56068	2212.389381	463
12h	PK_15	56115	56115	LT934125.1	-	1	56115	2923.976608	464
12h	PK_15	56152	56195	LT934125.1	-	44	56188	32223.026792	465
12h	PC_12_2.5h	56177	56194	LT934125.1	-	18	56188	37009.622501	465
12h	NRK	56182	56194	LT934125.1	-	13	56194	32362.459547	465
12h	C6	56183	56222	LT934125.1	-	40	56188	44100.080708	465
12h	PC_12	56183	56194	LT934125.1	-	12	56188	24493.073682	465
12h	PK_15	56183	56268	LT934125.1	-	86	56188	29227.896406	465
12h	C6	56184	56194	LT934125.1	-	11	56188	69337.442218	465
12h	C6	56185	56194	LT934125.1	-	10	56188	70362.05582	465
12h	C6	56185	56194	LT934125.1	-	10	56188	69167.643611	465
12h	C6	56185	56194	LT934125.1	-	10	56188	42038.885969	465
12h	C6	56185	56222	LT934125.1	-	38	56188	38982.319966	465
12h	PC_12_1.5h	56185	56194	LT934125.1	-	10	56188	30973.451329	465
12h	PC_12	56185	56212	LT934125.1	-	28	56188	28647.095361	465
12h	PC_12	56185	56194	LT934125.1	-	10	56188	38025.350235	465
12h	PC_12	56185	56263	LT934125.1	-	79	56188	26730.984489	465
12h	PC_12	56185	56272	LT934125.1	-	88	56188	28967.333377	465
12h	PK_15	56185	56194	LT934125.1	-	10	56188	40439.359267	465
12h	PK_15	56185	56194	LT934125.1	-	10	56188	27467.963449	465
12h	PK_15	56185	56200	LT934125.1	-	16	56188	34693.13462	465
12h	NRK	56188	56188	LT934125.1	-	1	56188	30303.030303	465
12h	PC_12_0.5h	56188	56194	LT934125.1	-	7	56188	161290.32258	465
12h	PC_12	56188	56191	LT934125.1	-	4	56188	22271.714922	465
12h	PC_12	56304	56327	LT934125.1	-	24	56327	79.953094	466
12h	PK_15	56304	56304	LT934125.1	-	1	56304	362.056481	466
12h	PC_12	56379	56379	LT934125.1	-	1	56379	20.476837	467
12h	PC_12	56410	56471	LT934125.1	-	62	56436	186.557218	468
12h	PK_15	56474	56474	LT934125.1	-	1	56474	40.594301	469
12h	PK_15	56474	56474	LT934125.1	-	1	56474	16.129162	469
12h	C6	56494	56494	LT934125.1	-	1	56494	525.486075	470
12h	PK_15	56515	56515	LT934125.1	-	1	56515	16.018307	471
12h	PK_15	56515	56515	LT934125.1	-	1	56515	17.543937	471
12h	PC_12	56573	56573	LT934125.1	-	1	56573	31.349928	472
12h	PC_12	56577	56577	LT934125.1	-	1	56577	100.38145	473
12h	PK_15	56594	56594	LT934125.1	-	1	56594	40.594301	474
12h	C6	56615	56627	LT934125.1	-	13	56615	172.488142	475
12h	C6	56624	56624	LT934125.1	-	1	56624	525.486075	475
12h	C6	56636	56638	LT934125.1	-	3	56638	69.93545	476
12h	PC_12	56636	56659	LT934125.1	-	24	56659	159.906188	476
12h	PK_15	56636	56636	LT934125.1	-	1	56636	13.157952	476
12h	PC_12	56638	56638	LT934125.1	-	1	56638	20.476837	476
12h	PK_15	56638	56638	LT934125.1	-	1	56638	24.193743	476
12h	C6	56669	56699	LT934125.1	-	31	56699	129.1364	477
12h	PK_15	56699	56705	LT934125.1	-	7	56699	27.459955	477
12h	PC_12_2.5h	56703	56703	LT934125.1	-	1	56703	740.19245	477
12h	C6	56774	56774	LT934125.1	-	1	56774	86.244071	478
12h	PC_12	56776	56776	LT934125.1	-	1	56776	62.699856	479
12h	PK_15	56816	56816	LT934125.1	-	1	56816	16.129162	480
12h	PK_15	56830	56830	LT934125.1	-	1	56830	40.594301	481
12h	C6	56940	56950	LT934125.1	-	11	56946	5088.400173	482
12h	C6	56940	56983	LT934125.1	-	44	56946	3389.830508	482
12h	PC_12	56942	56942	LT934125.1	-	1	56942	2227.171492	482
12h	PC_12	56943	56950	LT934125.1	-	8	56946	3330.898866	482
12h	PC_12	56943	56955	LT934125.1	-	13	56946	5170.300089	482
12h	PK_15	56943	56950	LT934125.1	-	8	56946	4782.608695	482
12h	PK_15	56943	56967	LT934125.1	-	25	56946	2395.063735	482
12h	C6	56944	56976	LT934125.1	-	33	56946	8014.602522	482
12h	PC_12	56944	56948	LT934125.1	-	5	56946	5621.361173	482
12h	PC_12	56944	56950	LT934125.1	-	7	56946	3887.391059	482
12h	PK_15	56944	56950	LT934125.1	-	7	56946	2782.280503	482
12h	PK_15	56944	56950	LT934125.1	-	7	56946	4039.491401	482
12h	C6	56946	56946	LT934125.1	-	1	56946	2344.665885	482
12h	C6	56946	56947	LT934125.1	-	2	56946	4729.374672	482
12h	PC_12_2.5h	56946	56946	LT934125.1	-	1	56946	740.19245	482
12h	PC_12	56946	56946	LT934125.1	-	1	56946	2001.334223	482
12h	PK_15	56946	56946	LT934125.1	-	1	56946	1448.225923	482
12h	C6	56948	56948	LT934125.1	-	1	56948	1540.832049	482
12h	PC_12	57071	57071	LT934125.1	-	1	57071	31.349928	483
12h	PC_12	57099	57099	LT934125.1	-	1	57099	100.38145	484
12h	PK_15	57099	57099	LT934125.1	-	1	57099	16.018307	484
12h	PK_15	57099	57101	LT934125.1	-	3	57101	121.782902	484
12h	PK_15	57099	57099	LT934125.1	-	1	57099	13.157952	484
12h	PK_15	57101	57101	LT934125.1	-	1	57101	24.193743	484
12h	C6	57167	57167	LT934125.1	-	1	57167	27.97418	485
12h	PC_12	57182	57182	LT934125.1	-	1	57182	31.349928	486
12h	PC_12	57227	57227	LT934125.1	-	1	57227	26.651031	487
12h	PC_12	57310	57313	LT934125.1	-	4	57310	62.699856	488
12h	PC_12	57313	57313	LT934125.1	-	1	57313	200.762899	488
12h	PK_15	57313	57313	LT934125.1	-	1	57313	40.594301	488
12h	PK_15	57313	57313	LT934125.1	-	1	57313	32.258325	488
12h	PK_15	57432	57432	LT934125.1	-	1	57432	13.157952	489
12h	C6	57434	57434	LT934125.1	-	1	57434	32.2841	490
12h	PK_15	57559	57559	LT934125.1	-	1	57559	40.594301	491
12h	PK_15	57560	57560	LT934125.1	-	1	57560	24.193743	492
12h	PC_12	57586	57586	LT934125.1	-	1	57586	100.38145	493
12h	C6	57589	57589	LT934125.1	-	1	57589	32.2841	494
12h	PC_12	57589	57589	LT934125.1	-	1	57589	26.651031	494
12h	PC_12	57595	57595	LT934125.1	-	1	57595	31.349928	495
12h	C6	57622	57622	LT934125.1	-	1	57622	86.244071	496
12h	PC_12	57702	57702	LT934125.1	-	1	57702	31.349928	497
12h	PC_12	57705	57705	LT934125.1	-	1	57705	26.651031	498
12h	PK_15	57707	57707	LT934125.1	-	1	57707	40.594301	499
12h	PC_12	57750	57750	LT934125.1	-	1	57750	100.38145	500
12h	PK_15	57758	57758	LT934125.1	-	1	57758	16.129162	501
12h	PC_12	57824	57824	LT934125.1	-	1	57824	31.349928	502
12h	PC_12	57881	57881	LT934125.1	-	1	57881	100.38145	503
12h	C6	57885	57885	LT934125.1	-	1	57885	32.2841	504
12h	PC_12	57887	57887	LT934125.1	-	1	57887	53.302063	505
12h	C6	58012	58012	LT934125.1	-	1	58012	86.244071	506
12h	PC_12	58012	58012	LT934125.1	-	1	58012	26.651031	506
12h	PC_12	58012	58012	LT934125.1	-	1	58012	62.699856	506
12h	PK_15	58021	58021	LT934125.1	-	1	58021	40.594301	507
12h	PK_15	58190	58190	LT934125.1	-	1	58190	40.594301	508
12h	C6	58217	58217	LT934125.1	-	1	58217	32.2841	509
12h	C6	58438	58438	LT934125.1	-	1	58438	86.244071	510
12h	PC_12	58445	58445	LT934125.1	-	1	58445	26.651031	511
12h	C6	58475	58475	LT934125.1	-	1	58475	525.486075	512
12h	PC_12	58553	58573	LT934125.1	-	21	58570	846.448054	513
12h	C6	58564	58575	LT934125.1	-	12	58570	613.397901	513
12h	C6	58565	58572	LT934125.1	-	8	58570	1466.149202	513
12h	PK_15	58568	58575	LT934125.1	-	8	58570	487.414189	513
12h	C6	58569	58575	LT934125.1	-	7	58570	1461.650896	513
12h	PC_12	58570	58575	LT934125.1	-	6	58570	580.177057	513
12h	PC_12	58570	58572	LT934125.1	-	3	58570	401.525799	513
12h	PC_12	58570	58572	LT934125.1	-	3	58570	373.11444	513
12h	PK_15	58570	58570	LT934125.1	-	1	58570	362.056481	513
12h	PK_15	58570	58571	LT934125.1	-	2	58570	81.188602	513
12h	PK_15	58570	58575	LT934125.1	-	6	58570	508.068613	513
12h	PK_15	58570	58575	LT934125.1	-	6	58570	745.617306	513
12h	PC_12	58695	58695	LT934125.1	-	1	58695	26.651031	514
12h	PC_12	58724	58724	LT934125.1	-	1	58724	31.349928	515
12h	PC_12	58839	58839	LT934125.1	-	1	58839	26.651031	516
12h	PC_12	58863	58863	LT934125.1	-	1	58863	31.349928	517
12h	C6	58902	58902	LT934125.1	-	1	58902	86.244071	518
12h	PK_15	59004	59004	LT934125.1	-	1	59004	40.594301	519
12h	C6	59014	59016	LT934125.1	-	3	59014	64.5682	520
12h	C6	59016	59038	LT934125.1	-	23	59016	111.89672	520
12h	PC_12	59016	59016	LT934125.1	-	1	59016	20.476837	520
12h	PC_12	59016	59016	LT934125.1	-	1	59016	125.399712	520
12h	PK_15	59016	59016	LT934125.1	-	1	59016	32.036613	520
12h	PK_15	59016	59016	LT934125.1	-	1	59016	24.193743	520
12h	PK_15	59016	59038	LT934125.1	-	23	59016	78.947714	520
12h	C6	59168	59168	LT934125.1	-	1	59168	32.2841	521
12h	PC_12	59256	59281	LT934125.1	-	26	59277	506.369597	522
12h	PK_15	59256	59281	LT934125.1	-	26	59277	732.459352	522
12h	PC_12	59273	59281	LT934125.1	-	9	59277	784.945428	522
12h	PC_12	59274	59281	LT934125.1	-	8	59277	470.248919	522
12h	C6	59275	59281	LT934125.1	-	7	59277	1230.863914	522
12h	PK_15	59275	59281	LT934125.1	-	7	59277	741.941467	522
12h	C6	59276	59281	LT934125.1	-	6	59277	355.125101	522
12h	PK_15	59276	59281	LT934125.1	-	6	59277	279.176201	522
12h	PK_15	59276	59281	LT934125.1	-	6	59277	771.291711	522
12h	C6	59277	59277	LT934125.1	-	1	59277	525.486075	522
12h	C6	59277	59277	LT934125.1	-	1	59277	344.976283	522
12h	PC_12	59277	59281	LT934125.1	-	5	59277	401.525799	522
12h	C6	59626	59626	LT934125.1	-	1	59626	32.2841	523
12h	PK_15	59651	59651	LT934125.1	-	1	59651	16.129162	524
12h	PC_12	59696	59696	LT934125.1	-	1	59696	26.651031	525
12h	PC_12	59770	59770	LT934125.1	-	1	59770	31.349928	526
12h	NRK	59835	59835	LT934125.1	-	1	59835	3236.245955	527
12h	PC_12	59887	59887	LT934125.1	-	1	59887	31.349928	528
12h	PC_12	60048	60048	LT934125.1	-	1	60048	100.38145	529
12h	C6	60279	60279	LT934125.1	-	1	60279	32.2841	530
12h	PC_12	60514	60514	LT934125.1	-	1	60514	100.38145	531
12h	PC_12	60546	60546	LT934125.1	-	1	60546	31.349928	532
12h	C6	60706	60706	LT934125.1	-	1	60706	525.486075	533
12h	C6	60843	60843	LT934125.1	-	1	60843	32.2841	534
12h	PC_12	60985	60988	LT934125.1	-	4	60985	53.302062	535
12h	PC_12	61400	61400	LT934125.1	-	1	61400	100.38145	536
12h	PC_12	61441	61441	LT934125.1	-	1	61441	31.349928	537
12h	PC_12	61732	61732	LT934125.1	-	1	61732	31.349928	538
12h	C6	61856	61856	LT934125.1	-	1	61856	32.2841	539
12h	C6	62029	62029	LT934125.1	-	1	62029	32.2841	540
12h	C6	62067	62067	LT934125.1	-	1	62067	86.244071	541
12h	PC_12	62072	62074	LT934125.1	-	3	62074	79.953094	542
12h	C6	62075	62075	LT934125.1	-	1	62075	48.954815	543
12h	PC_12	62075	62075	LT934125.1	-	1	62075	47.779287	543
12h	PC_12	62075	62075	LT934125.1	-	1	62075	100.38145	543
12h	PK_15	62075	62075	LT934125.1	-	1	62075	16.018307	543
12h	PK_15	62075	62077	LT934125.1	-	3	62075	81.188602	543
12h	PK_15	62075	62075	LT934125.1	-	1	62075	16.129162	543
12h	PK_15	62075	62075	LT934125.1	-	1	62075	21.929921	543
12h	PC_12	62076	62081	LT934125.1	-	6	62081	94.049784	543
12h	C6	62295	62295	LT934125.1	-	1	62295	86.244071	544
12h	C6	62621	62621	LT934125.1	-	1	62621	86.244071	545
12h	PC_12	62682	62682	LT934125.1	-	1	62682	31.349928	546
12h	C6	62910	62910	LT934125.1	-	1	62910	525.486075	547
12h	C6	62932	62932	LT934125.1	-	1	62932	86.244071	548
12h	C6	63256	63256	LT934125.1	-	1	63256	86.244071	549
12h	PC_12	63257	63315	LT934125.1	-	59	63257	301.14435	550
12h	C6	63410	63420	LT934125.1	-	11	63420	13867.488443	551
12h	PK_15	63410	63420	LT934125.1	-	11	63416	14619.88304	551
12h	C6	63415	63420	LT934125.1	-	6	63420	58616.647129	551
12h	PC_12	63415	63420	LT934125.1	-	6	63420	30687.12475	551
12h	C6	63417	63427	LT934125.1	-	11	63420	62480.330655	551
12h	C6	63417	63420	LT934125.1	-	4	63420	85654.230164	551
12h	C6	63417	63423	LT934125.1	-	7	63420	150754.635619	551
12h	C6	63417	63438	LT934125.1	-	22	63420	177594.834542	551
12h	PC_12	63417	63430	LT934125.1	-	14	63420	313684.670358	551
12h	PC_12	63417	63420	LT934125.1	-	4	63420	22271.714922	551
12h	PC_12_2.5h	63417	63427	LT934125.1	-	11	63420	70318.282753	551
12h	PC_12	63417	63430	LT934125.1	-	14	63420	158602.690223	551
12h	PC_12	63417	63427	LT934125.1	-	11	63420	189995.202815	551
12h	PC_12	63417	63438	LT934125.1	-	22	63420	219167.345916	551
12h	PK_15	63417	63438	LT934125.1	-	22	63420	347922.196798	551
12h	PK_15	63417	63445	LT934125.1	-	29	63420	167632.150617	551
12h	PK_15	63417	63424	LT934125.1	-	8	63420	152472.192903	551
12h	PK_15	63417	63430	LT934125.1	-	14	63420	268679.586124	551
12h	PK_15	63417	63433	LT934125.1	-	17	63420	235856.297615	551
12h	NRK	63420	63420	LT934125.1	-	1	63420	20202.020202	551
12h	NRK	63420	63420	LT934125.1	-	1	63420	12944.983819	551
12h	PC_12_1.5h	63420	63424	LT934125.1	-	5	63420	22123.893806	551
12h	PC_12	63682	63682	LT934125.1	-	1	63682	31.349928	552
12h	PC_12	63683	63683	LT934125.1	-	1	63683	100.38145	553
12h	C6	63714	63720	LT934125.1	-	7	63714	64.5682	554
12h	PK_15	63750	63750	LT934125.1	-	1	63750	16.129162	555
12h	PC_12	63834	63834	LT934125.1	-	1	63834	26.651031	556
12h	C6	63910	63910	LT934125.1	-	1	63910	86.244071	557
12h	C6	63937	63937	LT934125.1	-	1	63937	32.2841	558
12h	PC_12	63937	63943	LT934125.1	-	7	63937	62.699856	558
12h	C6	64012	64038	LT934125.1	-	27	64012	172.488142	559
12h	PK_15	64097	64097	LT934125.1	-	1	64097	40.594301	560
12h	PC_12	64112	64125	LT934125.1	-	14	64125	133.255157	561
12h	C6	64123	64127	LT934125.1	-	5	64127	293.728888	561
12h	C6	64123	64127	LT934125.1	-	5	64127	387.4092	561
12h	PC_12	64123	64129	LT934125.1	-	7	64127	655.258793	561
12h	PK_15	64123	64128	LT934125.1	-	6	64127	551.487414	561
12h	PK_15	64123	64128	LT934125.1	-	6	64125	129.033298	561
12h	PK_15	64123	64128	LT934125.1	-	6	64127	337.72078	561
12h	C6	64124	64127	LT934125.1	-	4	64127	258.732212	561
12h	PC_12	64124	64128	LT934125.1	-	5	64125	250.799424	561
12h	PC_12	64125	64125	LT934125.1	-	1	64125	100.38145	561
12h	C6	64127	64127	LT934125.1	-	1	64127	525.486075	561
12h	PC_12	64236	64236	LT934125.1	-	1	64236	31.349928	562
12h	C6	64266	64266	LT934125.1	-	1	64266	32.2841	563
12h	PC_12	64340	64340	LT934125.1	-	1	64340	100.38145	564
12h	PK_15	64363	64374	LT934125.1	-	12	64363	26.315904	565
12h	PK_15	64370	64370	LT934125.1	-	1	64370	18.306636	565
12h	PK_15	64370	64370	LT934125.1	-	1	64370	16.129162	565
12h	C6	64460	64503	LT934125.1	-	44	64460	129.1364	566
12h	C6	64529	64529	LT934125.1	-	1	64529	172.488141	567
12h	PC_12	64530	64530	LT934125.1	-	1	64530	20.476837	568
12h	PC_12	64530	64530	LT934125.1	-	1	64530	667.111408	568
12h	PC_12	64538	64538	LT934125.1	-	1	64538	2227.171492	569
12h	PC_12	64624	64697	LT934125.1	-	74	64624	250.799424	570
12h	PK_15	64624	64787	LT934125.1	-	164	64624	121.782903	570
12h	PK_15	64640	64655	LT934125.1	-	16	64640	22.883296	570
12h	C6	64655	64655	LT934125.1	-	1	64655	48.954815	570
12h	C6	64655	64673	LT934125.1	-	19	64655	1050.97215	570
12h	C6	64676	64692	LT934125.1	-	17	64692	96.8523	570
12h	PC_12_1.5h	64697	64697	LT934125.1	-	1	64697	2212.389381	570
12h	PC_12	64697	64697	LT934125.1	-	1	64697	34.128062	570
12h	PC_12	64697	64839	LT934125.1	-	143	64697	200.7629	570
12h	PC_12_2.5h	64734	64734	LT934125.1	-	1	64734	740.19245	570
12h	PK_15	64739	64739	LT934125.1	-	1	64739	362.056481	570
12h	C6	64745	64745	LT934125.1	-	1	64745	86.244071	570
12h	PC_12	64802	64826	LT934125.1	-	25	64803	133.255157	570
12h	PC_12	64821	64821	LT934125.1	-	1	64821	667.111408	570
12h	PK_15	64896	64896	LT934125.1	-	1	64896	40.594301	571
12h	C6	64914	64952	LT934125.1	-	39	64948	355.1251	572
12h	PC_12	64925	65028	LT934125.1	-	104	64944	346.463405	572
12h	C6	64944	64944	LT934125.1	-	1	64944	86.244071	572
12h	PC_12	64947	64952	LT934125.1	-	6	64947	125.399712	572
12h	PC_12	64954	64954	LT934125.1	-	1	64954	100.38145	572
12h	PK_15	64964	64964	LT934125.1	-	1	64964	24.193743	572
12h	C6	64992	64992	LT934125.1	-	1	64992	34.967725	572
12h	PC_12_2.5h	65010	65032	LT934125.1	-	23	65010	1480.3849	572
12h	C6	65074	65074	LT934125.1	-	1	65074	525.486075	573
12h	C6	65100	65100	LT934125.1	-	1	65100	32.2841	574
12h	PK_15	65197	65197	LT934125.1	-	1	65197	40.594301	575
12h	PC_12	65295	65295	LT934125.1	-	1	65295	26.651031	576
12h	C6	65306	65306	LT934125.1	-	1	65306	86.244071	577
12h	C6	65340	65340	LT934125.1	-	1	65340	20.980635	578
12h	C6	65343	65343	LT934125.1	-	1	65343	32.2841	579
12h	PK_15	65343	65343	LT934125.1	-	1	65343	40.594301	579
12h	PK_15	65343	65343	LT934125.1	-	1	65343	16.129162	579
12h	PC_12	65397	65397	LT934125.1	-	1	65397	100.38145	580
12h	PC_12	65399	65406	LT934125.1	-	8	65399	79.953094	581
12h	PK_15	65445	65445	LT934125.1	-	1	65445	362.056481	582
12h	C6	65454	65454	LT934125.1	-	1	65454	86.244071	583
12h	PK_15	65582	65582	LT934125.1	-	1	65582	13.157952	584
12h	C6	65633	65633	LT934125.1	-	1	65633	86.244071	585
12h	C6	65718	65756	LT934125.1	-	39	65752	2518.159805	586
12h	PC_12	65718	65752	LT934125.1	-	35	65752	6004.002669	586
12h	PC_12	65718	65775	LT934125.1	-	58	65750	3412.969286	586
12h	PC_12	65718	65752	LT934125.1	-	35	65750	3118.170673	586
12h	PC_12	65718	65753	LT934125.1	-	36	65752	2382.59452	586
12h	PK_15	65718	65753	LT934125.1	-	36	65750	2008.08071	586
12h	PK_15	65718	65753	LT934125.1	-	36	65752	1662.287992	586
12h	C6	65744	65752	LT934125.1	-	9	65752	6163.328197	586
12h	PK_15	65744	65752	LT934125.1	-	9	65752	1810.282404	586
12h	C6	65746	65753	LT934125.1	-	8	65752	2909.314703	586
12h	C6	65746	65752	LT934125.1	-	7	65752	3708.49504	586
12h	PC_12	65746	65753	LT934125.1	-	8	65752	1897.520255	586
12h	PK_15	65746	65752	LT934125.1	-	7	65752	1313.501144	586
12h	PK_15	65746	65752	LT934125.1	-	7	65750	1299.017618	586
12h	C6	65749	65752	LT934125.1	-	4	65752	4729.374672	586
12h	C6	65750	65751	LT934125.1	-	2	65750	2344.665886	586
12h	PC_12_1.5h	65752	65752	LT934125.1	-	1	65752	2212.389381	586
12h	PC_12	65752	65752	LT934125.1	-	1	65752	4454.342984	586
12h	PC_12_2.5h	65752	65752	LT934125.1	-	1	65752	2220.57735	586
12h	PC_12	65876	65876	LT934125.1	-	1	65876	26.651031	587
12h	C6	65880	65883	LT934125.1	-	4	65883	76.928995	588
12h	C6	65880	65880	LT934125.1	-	1	65880	86.244071	588
12h	PK_15	65880	65883	LT934125.1	-	4	65883	34.324943	588
12h	PK_15	65880	65880	LT934125.1	-	1	65880	13.157952	588
12h	PC_12	65883	65883	LT934125.1	-	1	65883	27.30245	588
12h	PK_15	65883	65883	LT934125.1	-	1	65883	16.129162	588
12h	PC_12	66005	66005	LT934125.1	-	1	66005	100.38145	589
12h	PC_12	66088	66088	LT934125.1	-	1	66088	31.349928	590
12h	PC_12	66146	66154	LT934125.1	-	9	66146	53.302062	591
12h	PK_15	66252	66354	LT934125.1	-	103	66252	81.188602	592
12h	C6	66274	66274	LT934125.1	-	1	66274	32.2841	592
12h	PC_12	66278	66278	LT934125.1	-	1	66278	26.651031	592
12h	C6	66285	66285	LT934125.1	-	1	66285	172.488141	592
12h	C6	66295	66295	LT934125.1	-	1	66295	525.486075	592
12h	C6	66346	66346	LT934125.1	-	1	66346	34.967725	592
12h	PC_12	66346	66346	LT934125.1	-	1	66346	100.38145	592
12h	PC_12	66354	66354	LT934125.1	-	1	66354	125.399712	592
12h	PK_15	66354	66356	LT934125.1	-	3	66356	40.322905	592
12h	PK_15	66354	66354	LT934125.1	-	1	66354	26.315905	592
12h	C6	66630	66630	LT934125.1	-	1	66630	86.244071	593
12h	PK_15	66630	66630	LT934125.1	-	1	66630	362.056481	593
12h	PC_12	66694	66694	LT934125.1	-	1	66694	26.651031	594
12h	PK_15	66694	66694	LT934125.1	-	1	66694	40.594301	594
12h	PK_15	66702	66710	LT934125.1	-	9	66702	26.315904	595
12h	C6	66746	66761	LT934125.1	-	16	66750	328.696613	596
12h	PC_12	66750	66761	LT934125.1	-	12	66750	197.94276	596
12h	PC_12	66750	66761	LT934125.1	-	12	66750	188.099568	596
12h	PK_15	66750	66761	LT934125.1	-	12	66750	45.766591	596
12h	PK_15	66750	66750	LT934125.1	-	1	66750	16.129162	596
12h	C6	66759	66761	LT934125.1	-	3	66761	96.8523	596
12h	PC_12	66762	66762	LT934125.1	-	1	66762	667.111408	597
12h	PC_12	66776	66776	LT934125.1	-	1	66776	100.38145	598
12h	PC_12	66862	66862	LT934125.1	-	1	66862	31.349928	599
12h	PC_12	66889	66899	LT934125.1	-	11	66889	53.302062	600
12h	PK_15	66940	66940	LT934125.1	-	1	66940	16.129162	601
12h	C6	66948	66948	LT934125.1	-	1	66948	64.5682	602
12h	PC_12	66948	66948	LT934125.1	-	1	66948	20.476837	602
12h	C6	67032	67032	LT934125.1	-	1	67032	86.244071	603
12h	PK_15	67085	67085	LT934125.1	-	1	67085	362.056481	604
12h	PC_12	67130	67130	LT934125.1	-	1	67130	100.38145	605
12h	C6	67452	67452	LT934125.1	-	1	67452	32.2841	606
12h	PC_12	67627	67644	LT934125.1	-	18	67627	53.302062	607
12h	PK_15	67639	67639	LT934125.1	-	1	67639	40.594301	607
12h	C6	67644	67644	LT934125.1	-	1	67644	32.2841	607
12h	PC_12	67646	67646	LT934125.1	-	1	67646	2227.171492	608
12h	PC_12	67649	67649	LT934125.1	-	1	67649	100.38145	609
12h	PC_12	67723	67724	LT934125.1	-	2	67724	344.849207	610
12h	C6	67724	67724	LT934125.1	-	1	67724	97.909629	610
12h	PC_12	67724	67727	LT934125.1	-	4	67724	102.384186	610
12h	PK_15	67724	67724	LT934125.1	-	1	67724	34.324943	610
12h	PK_15	67724	67724	LT934125.1	-	1	67724	21.929921	610
12h	PC_12	67883	67883	LT934125.1	-	1	67883	31.349928	611
12h	PK_15	67964	67964	LT934125.1	-	1	67964	40.594301	612
12h	PC_12	67985	67985	LT934125.1	-	1	67985	31.349928	613
12h	C6	68066	68079	LT934125.1	-	14	68066	64.5682	614
12h	PC_12	68087	68092	LT934125.1	-	6	68087	62.699856	615
12h	PC_12	68195	68195	LT934125.1	-	1	68195	27.30245	616
12h	PC_12	68211	68211	LT934125.1	-	1	68211	31.349928	617
12h	PK_15	68211	68211	LT934125.1	-	1	68211	16.018307	617
12h	PC_12	68249	68249	LT934125.1	-	1	68249	26.651031	618
12h	PC_12	68351	68351	LT934125.1	-	1	68351	31.349928	619
12h	C6	68525	68549	LT934125.1	-	25	68527	118.890265	620
12h	C6	68527	68527	LT934125.1	-	1	68527	32.2841	620
12h	PC_12	68527	68550	LT934125.1	-	24	68527	88.732961	620
12h	PC_12	68527	68549	LT934125.1	-	23	68527	156.74964	620
12h	PK_15	68527	68527	LT934125.1	-	1	68527	25.171625	620
12h	PK_15	68527	68527	LT934125.1	-	1	68527	40.594301	620
12h	PK_15	68527	68527	LT934125.1	-	1	68527	17.543937	620
12h	C6	68706	68709	LT934125.1	-	4	68709	62.941905	621
12h	PC_12	68707	68716	LT934125.1	-	10	68709	88.732962	621
12h	PC_12	68709	68716	LT934125.1	-	8	68709	62.699856	621
12h	PK_15	68709	68709	LT934125.1	-	1	68709	16.018307	621
12h	PC_12	68866	68921	LT934125.1	-	56	68921	313.49928	622
12h	C6	68883	68896	LT934125.1	-	14	68886	650.399683	622
12h	PC_12	68884	68887	LT934125.1	-	4	68886	163.814698	622
12h	PK_15	68884	68886	LT934125.1	-	3	68884	724.112962	622
12h	PK_15	68884	68888	LT934125.1	-	5	68887	284.160105	622
12h	C6	68885	68885	LT934125.1	-	1	68885	1540.832049	622
12h	PK_15	68885	68889	LT934125.1	-	5	68886	151.029749	622
12h	PK_15	68885	68889	LT934125.1	-	5	68886	233.872853	622
12h	PK_15	68886	68889	LT934125.1	-	4	68886	122.807556	622
12h	PC_12	68887	68887	LT934125.1	-	1	68887	2227.171492	622
12h	PC_12	68889	68889	LT934125.1	-	1	68889	26.651031	622
12h	C6	68898	68898	LT934125.1	-	1	68898	32.2841	622
12h	PC_12	69140	69140	LT934125.1	-	1	69140	31.349928	623
12h	PC_12	69248	69259	LT934125.1	-	12	69254	204.768372	624
12h	C6	69251	69259	LT934125.1	-	9	69254	279.7418	624
12h	PC_12	69252	69253	LT934125.1	-	2	69253	79.953094	624
12h	PC_12	69252	69263	LT934125.1	-	12	69254	282.149352	624
12h	PK_15	69253	69257	LT934125.1	-	5	69254	116.704806	624
12h	PK_15	69254	69254	LT934125.1	-	1	69254	48.387487	624
12h	PK_15	69254	69257	LT934125.1	-	4	69254	118.421572	624
12h	PK_15	69255	69256	LT934125.1	-	2	69255	81.188602	624
12h	C6	69257	69259	LT934125.1	-	3	69257	64.5682	624
12h	C6	69435	69435	LT934125.1	-	1	69435	32.2841	625
12h	PC_12	69502	69502	LT934125.1	-	1	69502	31.349928	626
12h	PC_12	69716	69716	LT934125.1	-	1	69716	31.349928	627
12h	PC_12	69990	70010	LT934125.1	-	21	69990	47.779287	628
12h	PC_12	69990	70020	LT934125.1	-	31	69990	94.049784	628
12h	C6	70004	70004	LT934125.1	-	1	70004	32.2841	628
12h	C6	70016	70016	LT934125.1	-	1	70016	86.244071	628
12h	PK_15	70112	70112	LT934125.1	-	1	70112	40.594301	629
12h	C6	70240	70240	LT934125.1	-	1	70240	32.2841	630
12h	PC_12	70272	70272	LT934125.1	-	1	70272	31.349928	631
12h	C6	70431	70474	LT934125.1	-	44	70451	874.19312	632
12h	C6	70431	70474	LT934125.1	-	44	70451	322.841	632
12h	PC_12	70431	70474	LT934125.1	-	44	70451	1160.354112	632
12h	PC_12	70431	70477	LT934125.1	-	47	70451	1348.046901	632
12h	PK_15	70431	70469	LT934125.1	-	39	70446	202.971504	632
12h	PK_15	70431	70470	LT934125.1	-	40	70446	225.808271	632
12h	PK_15	70436	70474	LT934125.1	-	39	70446	169.336385	632
12h	C6	70446	70446	LT934125.1	-	1	70446	525.486075	632
12h	PC_12	70446	70470	LT934125.1	-	25	70446	106.604125	632
12h	PK_15	70446	70470	LT934125.1	-	25	70446	118.421572	632
12h	PC_12	70874	70874	LT934125.1	-	1	70874	2227.171492	633
12h	PC_12	70923	70923	LT934125.1	-	1	70923	31.349928	634
12h	C6	70952	70952	LT934125.1	-	1	70952	32.2841	635
12h	PK_15	71070	71070	LT934125.1	-	1	71070	40.594301	636
12h	PC_12	71411	71428	LT934125.1	-	18	71411	125.399712	637
12h	C6	71417	71417	LT934125.1	-	1	71417	86.244071	637
12h	PC_12	71417	71417	LT934125.1	-	1	71417	26.651031	637
12h	PC_12	71496	71496	LT934125.1	-	1	71496	27.30245	638
12h	C6	71652	71652	LT934125.1	-	1	71652	32.2841	639
12h	PC_12	71678	71678	LT934125.1	-	1	71678	31.349928	640
12h	PC_12	71758	71776	LT934125.1	-	19	71758	53.302062	641
12h	C6	71776	71776	LT934125.1	-	1	71776	172.488141	641
12h	C6	71776	71817	LT934125.1	-	42	71776	129.1364	641
12h	PC_12	71776	71776	LT934125.1	-	1	71776	27.30245	641
12h	PK_15	71776	71787	LT934125.1	-	12	71776	40.322905	641
12h	PC_12	71787	71787	LT934125.1	-	1	71787	100.38145	641
12h	C6	71848	71904	LT934125.1	-	57	71889	322.841	642
12h	PC_12_1.5h	71872	71872	LT934125.1	-	1	71872	2212.389381	642
12h	PK_15	71872	71904	LT934125.1	-	33	71882	324.754406	642
12h	PC_12	71881	71904	LT934125.1	-	24	71882	239.859282	642
12h	PC_12	71881	71889	LT934125.1	-	9	71882	344.849208	642
12h	C6	71882	71886	LT934125.1	-	5	71886	62.941905	642
12h	C6	71882	71882	LT934125.1	-	1	71882	172.488141	642
12h	PC_12	71882	71904	LT934125.1	-	23	71882	184.291537	642
12h	PK_15	71882	71889	LT934125.1	-	8	71882	36.613272	642
12h	PK_15	71882	71889	LT934125.1	-	8	71882	72.58123	642
12h	PK_15	71882	71904	LT934125.1	-	23	71882	100.877634	642
12h	PK_15	71890	71890	LT934125.1	-	1	71890	362.056481	642
12h	C6	72024	72024	LT934125.1	-	1	72024	86.244071	643
12h	PC_12	72035	72072	LT934125.1	-	38	72035	125.399712	644
12h	C6	72174	72174	LT934125.1	-	1	72174	55.94836	645
12h	C6	72174	72174	LT934125.1	-	1	72174	86.244071	645
12h	PC_12	72174	72174	LT934125.1	-	1	72174	81.907349	645
12h	PC_12	72174	72177	LT934125.1	-	4	72174	94.049784	645
12h	PK_15	72174	72177	LT934125.1	-	4	72174	68.649886	645
12h	PK_15	72174	72174	LT934125.1	-	1	72174	40.594301	645
12h	PK_15	72174	72174	LT934125.1	-	1	72174	32.258325	645
12h	PK_15	72174	72174	LT934125.1	-	1	72174	48.245826	645
12h	C6	72177	72186	LT934125.1	-	10	72177	64.5682	645
12h	PC_12	72211	72216	LT934125.1	-	6	72211	79.953094	646
12h	C6	72301	72303	LT934125.1	-	3	72301	172.488142	647
12h	PK_15	72301	72301	LT934125.1	-	1	72301	13.157952	647
12h	PC_12_2.5h	72343	72343	LT934125.1	-	1	72343	740.19245	648
12h	C6	72403	72415	LT934125.1	-	13	72403	64.5682	649
12h	PC_12	72415	72415	LT934125.1	-	1	72415	100.38145	649
12h	PC_12	72426	72426	LT934125.1	-	1	72426	26.651031	650
12h	PC_12	72435	72435	LT934125.1	-	1	72435	31.349928	651
12h	C6	72563	72563	LT934125.1	-	1	72563	86.244071	652
12h	PC_12	72584	72592	LT934125.1	-	9	72584	94.049784	653
12h	C6	72666	72666	LT934125.1	-	1	72666	86.244071	654
12h	PK_15	72666	72666	LT934125.1	-	1	72666	40.594301	654
12h	C6	72702	72708	LT934125.1	-	7	72702	90.916085	655
12h	PC_12	72705	72738	LT934125.1	-	34	72738	125.399712	655
12h	PC_12	72738	72738	LT934125.1	-	1	72738	53.302063	655
12h	PK_15	72738	72738	LT934125.1	-	1	72738	38.901602	655
12h	PK_15	72738	72738	LT934125.1	-	1	72738	40.322906	655
12h	PK_15	72738	72738	LT934125.1	-	1	72738	30.701889	655
12h	PK_15	72750	72750	LT934125.1	-	1	72750	362.056481	656
12h	C6	72871	72876	LT934125.1	-	6	72871	83.92254	657
12h	C6	72871	72874	LT934125.1	-	4	72871	161.4205	657
12h	PC_12	72871	72874	LT934125.1	-	4	72874	81.907349	657
12h	PK_15	72871	72871	LT934125.1	-	1	72871	13.729977	657
12h	PK_15	72871	72876	LT934125.1	-	6	72871	43.859841	657
12h	C6	72876	72876	LT934125.1	-	1	72876	86.244071	657
12h	C6	72992	72992	LT934125.1	-	1	72992	32.2841	658
12h	PC_12	73003	73003	LT934125.1	-	1	73003	100.38145	659
12h	C6	73103	73108	LT934125.1	-	6	73108	96.8523	660
12h	C6	73105	73105	LT934125.1	-	1	73105	86.244071	660
12h	PC_12	73105	73108	LT934125.1	-	4	73108	219.449495	660
12h	PK_15	73106	73108	LT934125.1	-	3	73108	100.877635	660
12h	C6	73108	73108	LT934125.1	-	1	73108	76.928995	660
12h	C6	73108	73108	LT934125.1	-	1	73108	525.486075	660
12h	PC_12	73108	73108	LT934125.1	-	1	73108	34.128062	660
12h	PC_12	73108	73108	LT934125.1	-	1	73108	200.762899	660
12h	PK_15	73108	73108	LT934125.1	-	1	73108	25.171625	660
12h	PK_15	73108	73108	LT934125.1	-	1	73108	24.193743	660
12h	C6	73433	73433	LT934125.1	-	1	73433	86.244071	661
12h	PC_12	73486	73486	LT934125.1	-	1	73486	31.349928	662
12h	C6	73649	73691	LT934125.1	-	43	73649	96.8523	663
12h	PC_12	73656	73656	LT934125.1	-	1	73656	31.349928	663
12h	C6	73675	73675	LT934125.1	-	1	73675	86.244071	663
12h	PC_12	73686	73686	LT934125.1	-	1	73686	26.651031	663
12h	C6	74006	74006	LT934125.1	-	1	74006	86.244071	664
12h	PK_15	74131	74131	LT934125.1	-	1	74131	362.056481	665
12h	PK_15	74226	74233	LT934125.1	-	8	74226	81.188602	666
12h	C6	74340	74345	LT934125.1	-	6	74345	258.732212	667
12h	C6	74340	74345	LT934125.1	-	6	74345	161.4205	667
12h	PK_15	74341	74345	LT934125.1	-	5	74345	228.071176	667
12h	PC_12	74342	74345	LT934125.1	-	4	74345	94.049784	667
12h	C6	74345	74345	LT934125.1	-	1	74345	132.877354	667
12h	C6	74345	74345	LT934125.1	-	1	74345	1172.332943	667
12h	C6	74345	74345	LT934125.1	-	1	74345	525.486075	667
12h	PC_12	74345	74345	LT934125.1	-	1	74345	34.128062	667
12h	PC_12	74345	74345	LT934125.1	-	1	74345	100.38145	667
12h	PC_12	74345	74345	LT934125.1	-	1	74345	106.604126	667
12h	PK_15	74345	74345	LT934125.1	-	1	74345	73.226545	667
12h	PK_15	74345	74345	LT934125.1	-	1	74345	121.782902	667
12h	PK_15	74345	74348	LT934125.1	-	4	74345	169.356204	667
12h	C6	74562	74562	LT934125.1	-	1	74562	86.244071	668
12h	PC_12	74597	74597	LT934125.1	-	1	74597	26.651031	669
12h	PC_12	74759	74759	LT934125.1	-	1	74759	31.349928	670
12h	C6	74835	74835	LT934125.1	-	1	74835	32.2841	671
12h	C6	74992	74992	LT934125.1	-	1	74992	86.244071	672
12h	C6	75001	75001	LT934125.1	-	1	75001	32.2841	673
12h	PC_12	75080	75085	LT934125.1	-	6	75080	53.302062	674
12h	PC_12	75543	75543	LT934125.1	-	1	75543	100.38145	675
12h	C6	75604	75604	LT934125.1	-	1	75604	32.2841	676
12h	PK_15	75604	75604	LT934125.1	-	1	75604	13.157952	676
12h	PC_12	75610	75624	LT934125.1	-	15	75610	62.699856	677
12h	PK_15	75623	75623	LT934125.1	-	1	75623	40.594301	677
12h	PC_12	75750	75750	LT934125.1	-	1	75750	31.349928	678
12h	PC_12	75792	75792	LT934125.1	-	1	75792	26.651031	679
12h	C6	75831	75831	LT934125.1	-	1	75831	32.2841	680
12h	C6	75851	75851	LT934125.1	-	1	75851	86.244071	681
12h	PC_12	75946	75946	LT934125.1	-	1	75946	31.349928	682
12h	PK_15	75959	75959	LT934125.1	-	1	75959	40.594301	683
12h	PC_12_2.5h	76044	76044	LT934125.1	-	1	76044	740.19245	684
12h	PC_12	76044	76044	LT934125.1	-	1	76044	26.651031	684
12h	PK_15	76084	76084	LT934125.1	-	1	76084	40.594301	685
12h	PK_15	76089	76089	LT934125.1	-	1	76089	16.018307	686
12h	PK_15	76089	76089	LT934125.1	-	1	76089	16.129162	686
12h	PC_12	76251	76251	LT934125.1	-	1	76251	26.651031	687
12h	PC_12	76311	76311	LT934125.1	-	1	76311	31.349928	688
12h	C6	76507	76507	LT934125.1	-	1	76507	86.244071	689
12h	PC_12	76596	76596	LT934125.1	-	1	76596	31.349928	690
12h	C6	76836	76860	LT934125.1	-	25	76860	258.732212	691
12h	PK_15	76836	76867	LT934125.1	-	32	76860	446.537307	691
12h	C6	76860	76864	LT934125.1	-	5	76860	377.651428	691
12h	C6	76860	76863	LT934125.1	-	4	76860	290.556901	691
12h	PC_12	76860	76863	LT934125.1	-	4	76860	122.861024	691
12h	PC_12	76860	76863	LT934125.1	-	4	76860	501.907248	691
12h	PC_12	76860	76866	LT934125.1	-	7	76860	373.114439	691
12h	PC_12	76860	76865	LT934125.1	-	6	76860	344.849207	691
12h	PK_15	76860	76863	LT934125.1	-	4	76860	75.514874	691
12h	PK_15	76860	76860	LT934125.1	-	1	76860	362.056481	691
12h	PK_15	76860	76865	LT934125.1	-	6	76865	161.291624	691
12h	PK_15	76860	76866	LT934125.1	-	7	76860	368.422668	691
12h	PC_12_1.5h	76863	76890	LT934125.1	-	28	76863	4424.778762	691
12h	C6	76970	76970	LT934125.1	-	1	76970	525.486075	692
12h	PC_12	77133	77133	LT934125.1	-	1	77133	26.651031	693
12h	PC_12	77139	77139	LT934125.1	-	1	77139	20.476837	694
12h	PC_12	77139	77139	LT934125.1	-	1	77139	31.349928	694
12h	PC_12	77603	77603	LT934125.1	-	1	77603	31.349928	695
12h	PC_12	77985	77985	LT934125.1	-	1	77985	100.38145	696
12h	PK_15	77985	77985	LT934125.1	-	1	77985	13.157952	696
12h	C6	78195	78209	LT934125.1	-	15	78195	64.5682	697
12h	PC_12	78490	78490	LT934125.1	-	1	78490	31.349928	698
12h	C6	78652	78652	LT934125.1	-	1	78652	86.244071	699
12h	C6	78864	78864	LT934125.1	-	1	78864	1540.832049	700
12h	PC_12	78879	78879	LT934125.1	-	1	78879	31.349928	701
12h	C6	78942	78942	LT934125.1	-	1	78942	32.2841	702
12h	PC_12	79245	79245	LT934125.1	-	1	79245	31.349928	703
12h	C6	79390	79390	LT934125.1	-	1	79390	27.97418	704
12h	PC_12	79571	79571	LT934125.1	-	1	79571	31.349928	705
12h	PK_15	79578	79578	LT934125.1	-	1	79578	40.594301	706
12h	PC_12	79609	79609	LT934125.1	-	1	79609	100.38145	707
12h	C6	79844	79844	LT934125.1	-	1	79844	525.486075	708
12h	PK_15	80225	80225	LT934125.1	-	1	80225	40.594301	709
12h	PC_12	80260	80260	LT934125.1	-	1	80260	31.349928	710
12h	C6	80344	80344	LT934125.1	-	1	80344	86.244071	711
12h	PC_12	80344	80344	LT934125.1	-	1	80344	26.651031	711
12h	PK_15	80434	80434	LT934125.1	-	1	80434	362.056481	712
12h	C6	80435	80484	LT934125.1	-	50	80484	279.741799	713
12h	C6	80435	80484	LT934125.1	-	50	80484	322.841	713
12h	PK_15	80435	80657	LT934125.1	-	223	80633	736.842105	713
12h	PK_15	80435	80464	LT934125.1	-	30	80435	81.188602	713
12h	PK_15	80435	80657	LT934125.1	-	223	80657	580.64984	713
12h	PC_12	80438	80539	LT934125.1	-	102	80484	373.114436	713
12h	PK_15	80439	80499	LT934125.1	-	61	80484	144.737477	713
12h	PC_12	80484	80657	LT934125.1	-	174	80517	750.817368	713
12h	PC_12	80484	80484	LT934125.1	-	1	80484	100.38145	713
12h	PC_12	80484	80961	LT934125.1	-	478	80858	3009.593087	713
12h	C6	80491	80491	LT934125.1	-	1	80491	86.244071	713
12h	C6	80512	80512	LT934125.1	-	1	80512	525.486075	713
12h	C6	80517	80679	LT934125.1	-	163	80645	1162.2276	713
12h	PK_15	80533	80679	LT934125.1	-	147	80645	368.422668	713
12h	PC_12	80586	80586	LT934125.1	-	1	80586	100.38145	713
12h	PK_15	80586	80586	LT934125.1	-	1	80586	362.056481	713
12h	PK_15	80604	80718	LT934125.1	-	115	80645	527.725911	713
12h	PC_12_2.5h	80608	80608	LT934125.1	-	1	80608	740.19245	713
12h	C6	80616	80655	LT934125.1	-	40	80639	603.708496	713
12h	C6	80633	80657	LT934125.1	-	25	80657	139.8709	713
12h	C6	80666	80666	LT934125.1	-	1	80666	525.486075	713
12h	PK_15	80718	80939	LT934125.1	-	222	80820	1064.073228	713
12h	PK_15	80718	80937	LT934125.1	-	220	80825	635.967701	713
12h	PC_12	80751	80912	LT934125.1	-	162	80868	662.084405	713
12h	C6	80762	80937	LT934125.1	-	176	80825	762.296403	713
12h	PC_12_2.5h	80762	80762	LT934125.1	-	1	80762	740.19245	713
12h	C6	80796	80862	LT934125.1	-	67	80842	776.196638	713
12h	PK_15	80796	80920	LT934125.1	-	125	80858	1177.234719	713
12h	C6	80805	80940	LT934125.1	-	136	80854	1452.7845	713
12h	PK_15	80820	80912	LT934125.1	-	93	80825	508.068611	713
12h	PC_12	80823	80927	LT934125.1	-	105	80858	799.530937	713
12h	C6	80825	80825	LT934125.1	-	1	80825	1540.832049	713
12h	PC_12	80835	80842	LT934125.1	-	8	80842	301.144349	713
12h	PC_12_1.5h	80842	80858	LT934125.1	-	17	80842	4424.778762	713
12h	PK_15	80842	80842	LT934125.1	-	1	80842	362.056481	713
12h	PC_12	80843	80843	LT934125.1	-	1	80843	2227.171492	713
12h	C6	80858	80858	LT934125.1	-	1	80858	1172.332943	713
12h	PC_12	80988	81035	LT934125.1	-	48	81015	81.907349	714
12h	PC_12	80996	81213	LT934125.1	-	218	81035	658.348488	714
12h	PC_12_2.5h	81009	81009	LT934125.1	-	1	81009	740.19245	714
12h	PK_15	81009	81051	LT934125.1	-	43	81035	240.274599	714
12h	PK_15	81009	81161	LT934125.1	-	153	81161	201.614528	714
12h	PK_15	81009	81161	LT934125.1	-	153	81035	192.983302	714
12h	PC_12	81035	81146	LT934125.1	-	112	81035	200.7629	714
12h	PK_15	81035	81051	LT934125.1	-	17	81051	1086.169443	714
12h	C6	81081	81141	LT934125.1	-	61	81081	225.9887	714
12h	PK_15	81081	81435	LT934125.1	-	355	81429	787.185358	714
12h	PC_12	81096	81096	LT934125.1	-	1	81096	53.302063	714
12h	C6	81123	81130	LT934125.1	-	8	81130	431.220354	714
12h	C6	81171	81171	LT934125.1	-	1	81171	525.486075	714
12h	PC_12	81213	81296	LT934125.1	-	84	81273	186.557218	714
12h	PK_15	81240	81240	LT934125.1	-	1	81240	40.594301	714
12h	PC_12	81252	81324	LT934125.1	-	73	81302	188.099568	714
12h	PK_15	81263	81312	LT934125.1	-	50	81296	104.839554	714
12h	PC_12	81266	81296	LT934125.1	-	31	81273	95.558573	714
12h	C6	81273	81279	LT934125.1	-	7	81273	69.93545	714
12h	PC_12_2.5h	81273	81273	LT934125.1	-	1	81273	740.19245	714
12h	PC_12	81273	81273	LT934125.1	-	1	81273	100.38145	714
12h	PK_15	81368	81368	LT934125.1	-	1	81368	362.056481	714
12h	PK_15	81424	81435	LT934125.1	-	12	81429	96.49165	714
12h	PC_12	81426	81429	LT934125.1	-	4	81429	61.430512	714
12h	C6	81429	81429	LT934125.1	-	1	81429	34.967725	714
12h	C6	81429	81429	LT934125.1	-	1	81429	86.244071	714
12h	PK_15	81491	81517	LT934125.1	-	27	81491	72.581229	715
12h	PC_12	81552	81552	LT934125.1	-	1	81552	667.111408	716
12h	C6	81579	81579	LT934125.1	-	1	81579	1540.832049	717
12h	C6	81645	81649	LT934125.1	-	5	81645	172.488142	718
12h	PK_15	81687	81687	LT934125.1	-	1	81687	40.594301	719
12h	PK_15	81770	81900	LT934125.1	-	131	81804	5561.419179	720
12h	C6	81803	81842	LT934125.1	-	40	81804	16266.985574	720
12h	C6	81803	81919	LT934125.1	-	117	81804	20784.821044	720
12h	PC_12	81803	81842	LT934125.1	-	40	81804	11548.936228	720
12h	PC_12	81803	81842	LT934125.1	-	40	81804	6123.268422	720
12h	PC_12	81803	81917	LT934125.1	-	115	81804	12445.921377	720
12h	PK_15	81803	81842	LT934125.1	-	40	81804	30519.450803	720
12h	PK_15	81803	81897	LT934125.1	-	95	81804	16561.476149	720
12h	C6	81804	81837	LT934125.1	-	34	81804	5861.664713	720
12h	C6	81804	81842	LT934125.1	-	39	81804	16290.068314	720
12h	C6	81804	81897	LT934125.1	-	94	81804	10847.457627	720
12h	PC_12_2.5h	81804	81805	LT934125.1	-	2	81805	2220.57735	720
12h	PC_12	81804	81810	LT934125.1	-	7	81806	4669.779854	720
12h	PC_12	81804	81900	LT934125.1	-	97	81804	10340.600181	720
12h	PK_15	81804	81808	LT934125.1	-	5	81804	9413.468501	720
12h	PK_15	81804	81900	LT934125.1	-	97	81804	7991.999932	720
12h	C6	81805	81813	LT934125.1	-	9	81805	3081.664098	720
12h	NRK	81805	81806	LT934125.1	-	2	81805	9708.737864	720
12h	PC_12_1.5h	81805	81805	LT934125.1	-	1	81805	2212.389381	720
12h	NRK	81842	81842	LT934125.1	-	1	81842	10101.010101	720
12h	C6	82009	82044	LT934125.1	-	36	82024	161.4205	721
12h	PC_12	82020	82044	LT934125.1	-	25	82020	62.699856	721
12h	PK_15	82020	82026	LT934125.1	-	7	82026	64.073228	721
12h	C6	82023	82026	LT934125.1	-	4	82026	97.90963	721
12h	PC_12	82023	82026	LT934125.1	-	4	82023	61.430512	721
12h	PC_12	82023	82023	LT934125.1	-	1	82023	667.111408	721
12h	PC_12	82023	82023	LT934125.1	-	1	82023	79.953094	721
12h	PK_15	82023	82024	LT934125.1	-	2	82023	81.188602	721
12h	PK_15	82023	82023	LT934125.1	-	1	82023	24.193743	721
12h	PK_15	82024	82026	LT934125.1	-	3	82026	30.701889	721
12h	PC_12	82026	82026	LT934125.1	-	1	82026	100.38145	721
12h	C6	82203	82203	LT934125.1	-	1	82203	86.244071	722
12h	PC_12	82212	82212	LT934125.1	-	1	82212	26.651031	723
12h	PC_12	82258	82258	LT934125.1	-	1	82258	31.349928	724
12h	PC_12	82304	82329	LT934125.1	-	26	82329	106.604125	725
12h	C6	82321	82321	LT934125.1	-	1	82321	86.244071	725
12h	C6	82329	82329	LT934125.1	-	1	82329	1172.332943	725
12h	PC_12	82412	82412	LT934125.1	-	1	82412	31.349928	726
12h	C6	82497	82497	LT934125.1	-	1	82497	32.2841	727
12h	PC_12	82534	82534	LT934125.1	-	1	82534	31.349928	728
12h	C6	82543	82543	LT934125.1	-	1	82543	86.244071	729
12h	C6	82750	82750	LT934125.1	-	1	82750	86.244071	730
12h	C6	82852	82852	LT934125.1	-	1	82852	86.244071	731
12h	PC_12	82893	82893	LT934125.1	-	1	82893	667.111408	732
12h	PK_15	82991	82991	LT934125.1	-	1	82991	40.594301	733
12h	PC_12	83014	83014	LT934125.1	-	1	83014	100.38145	734
12h	PC_12	83171	83171	LT934125.1	-	1	83171	31.349928	735
12h	PC_12	83324	83324	LT934125.1	-	1	83324	26.651031	736
12h	C6	83414	83414	LT934125.1	-	1	83414	86.244071	737
12h	C6	83954	83954	LT934125.1	-	1	83954	20.980635	738
12h	C6	83954	83954	LT934125.1	-	1	83954	86.244071	738
12h	C6	84500	84500	LT934125.1	-	1	84500	86.244071	739
12h	C6	84623	84623	LT934125.1	-	1	84623	32.2841	740
12h	PK_15	84724	84724	LT934125.1	-	1	84724	40.594301	741
12h	PC_12	85050	85050	LT934125.1	-	1	85050	31.349928	742
12h	PC_12	85656	85656	LT934125.1	-	1	85656	26.651031	743
12h	PC_12	86072	86072	LT934125.1	-	1	86072	31.349928	744
12h	C6	86289	86289	LT934125.1	-	1	86289	86.244071	745
12h	PC_12	86308	86412	LT934125.1	-	105	86374	282.149352	746
12h	C6	86314	86481	LT934125.1	-	168	86314	129.1364	746
12h	PK_15	86350	86522	LT934125.1	-	173	86350	121.782903	746
12h	C6	86412	86412	LT934125.1	-	1	86412	20.980635	746
12h	PK_15	86461	86461	LT934125.1	-	1	86461	16.129162	746
12h	PK_15	86481	86481	LT934125.1	-	1	86481	11.441648	746
12h	PC_12	86506	86506	LT934125.1	-	1	86506	667.111408	746
12h	PC_12	86522	86522	LT934125.1	-	1	86522	20.476837	746
12h	PC_12	86568	86580	LT934125.1	-	13	86580	79.953094	747
12h	PK_15	86580	86580	LT934125.1	-	1	86580	13.157952	747
12h	PC_12	86607	86616	LT934125.1	-	10	86607	62.699856	748
12h	C6	86644	86644	LT934125.1	-	1	86644	32.2841	749
12h	PK_15	86698	86698	LT934125.1	-	1	86698	24.193743	750
12h	C6	86713	86713	LT934125.1	-	1	86713	20.980635	751
12h	PC_12	86713	86713	LT934125.1	-	1	86713	20.476837	751
12h	PC_12	86728	86745	LT934125.1	-	18	86728	53.302062	752
12h	PC_12	86745	86761	LT934125.1	-	17	86745	301.14435	752
12h	C6	86746	86746	LT934125.1	-	1	86746	86.244071	752
12h	C6	86883	86928	LT934125.1	-	46	86883	258.732213	753
12h	C6	86899	86928	LT934125.1	-	30	86928	62.941905	753
12h	PC_12	86899	86899	LT934125.1	-	1	86899	27.30245	753
12h	PC_12	86899	86928	LT934125.1	-	30	86899	200.7629	753
12h	PK_15	86899	86899	LT934125.1	-	1	86899	24.193743	753
12h	PK_15	86910	86918	LT934125.1	-	9	86910	81.188602	753
12h	C6	86928	86928	LT934125.1	-	1	86928	32.2841	753
12h	PC_12	86987	86987	LT934125.1	-	1	86987	53.302063	754
12h	PC_12	87059	87059	LT934125.1	-	1	87059	2227.171492	755
12h	C6	87155	87161	LT934125.1	-	7	87161	2292.171105	756
12h	PC_12	87155	87253	LT934125.1	-	99	87161	2798.358295	756
12h	PK_15	87155	87161	LT934125.1	-	7	87161	979.405034	756
12h	PK_15	87155	87161	LT934125.1	-	7	87161	1008.072645	756
12h	C6	87156	87161	LT934125.1	-	6	87161	2587.322122	756
12h	PK_15	87156	87163	LT934125.1	-	8	87161	2516.846636	756
12h	C6	87157	87161	LT934125.1	-	5	87161	2335.844016	756
12h	C6	87157	87161	LT934125.1	-	5	87161	4622.496148	756
12h	C6	87157	87161	LT934125.1	-	5	87161	4203.888597	756
12h	PC_12	87157	87163	LT934125.1	-	7	87161	1726.879944	756
12h	PC_12_2.5h	87157	87161	LT934125.1	-	5	87161	2220.57735	756
12h	PC_12	87157	87161	LT934125.1	-	5	87157	2668.445631	756
12h	PC_12	87157	87161	LT934125.1	-	5	87161	3312.587834	756
12h	PC_12	87157	87179	LT934125.1	-	23	87161	2100.44517	756
12h	PK_15	87157	87163	LT934125.1	-	7	87161	1504.392561	756
12h	C6	87161	87161	LT934125.1	-	1	87161	2344.665885	756
12h	NRK	87161	87161	LT934125.1	-	1	87161	3236.245955	756
12h	PK_15	87161	87161	LT934125.1	-	1	87161	724.112962	756
12h	PC_12	87284	87479	LT934125.1	-	196	87447	746.228874	757
12h	C6	87392	87448	LT934125.1	-	57	87447	645.682001	757
12h	C6	87419	87447	LT934125.1	-	29	87419	1050.97215	757
12h	PC_12	87419	87449	LT934125.1	-	31	87447	344.849207	757
12h	PK_15	87419	87447	LT934125.1	-	29	87447	118.421571	757
12h	PC_12	87420	87447	LT934125.1	-	28	87442	602.288699	757
12h	C6	87422	87447	LT934125.1	-	26	87447	431.220354	757
12h	C6	87424	87448	LT934125.1	-	25	87447	384.644973	757
12h	PK_15	87442	87448	LT934125.1	-	7	87447	487.131608	757
12h	PC_12_2.5h	87443	87443	LT934125.1	-	1	87443	740.19245	757
12h	PK_15	87443	87447	LT934125.1	-	5	87447	129.033298	757
12h	PC_12	87446	87447	LT934125.1	-	2	87446	81.90735	757
12h	C6	87447	87447	LT934125.1	-	1	87447	1172.332943	757
12h	PC_12	87447	87447	LT934125.1	-	1	87447	2227.171492	757
12h	PC_12	87447	87447	LT934125.1	-	1	87447	667.111408	757
12h	C6	87556	87556	LT934125.1	-	1	87556	32.2841	758
12h	PC_12	87583	87599	LT934125.1	-	17	87583	79.953093	759
12h	C6	87639	87639	LT934125.1	-	1	87639	86.244071	760
12h	PC_12	87707	87707	LT934125.1	-	1	87707	31.349928	761
12h	C6	87769	87769	LT934125.1	-	1	87769	32.2841	762
12h	PC_12	87812	87812	LT934125.1	-	1	87812	31.349928	763
12h	PK_15	87815	87815	LT934125.1	-	1	87815	40.594301	764
12h	PK_15	87832	87832	LT934125.1	-	1	87832	362.056481	765
12h	PC_12	87859	87859	LT934125.1	-	1	87859	26.651031	766
12h	PK_15	87864	87864	LT934125.1	-	1	87864	21.929921	767
12h	PC_12	87980	87980	LT934125.1	-	1	87980	26.651031	768
12h	C6	87985	87985	LT934125.1	-	1	87985	86.244071	769
12h	C6	88018	88018	LT934125.1	-	1	88018	32.2841	770
12h	PK_15	88018	88018	LT934125.1	-	1	88018	13.157952	770
12h	PC_12	88065	88065	LT934125.1	-	1	88065	31.349928	771
12h	PK_15	88126	88126	LT934125.1	-	1	88126	40.594301	772
12h	C6	88236	88236	LT934125.1	-	1	88236	27.97418	773
12h	C6	88236	88236	LT934125.1	-	1	88236	32.2841	773
12h	PC_12	88259	88259	LT934125.1	-	1	88259	100.38145	774
12h	PC_12	88330	88330	LT934125.1	-	1	88330	31.349928	775
12h	C6	88487	88487	LT934125.1	-	1	88487	32.2841	776
12h	PC_12	88494	88494	LT934125.1	-	1	88494	100.38145	777
12h	PC_12	88507	88507	LT934125.1	-	1	88507	26.651031	778
12h	PK_15	88520	88520	LT934125.1	-	1	88520	16.129162	779
12h	C6	88533	88533	LT934125.1	-	1	88533	86.244071	780
12h	PC_12	88561	88561	LT934125.1	-	1	88561	31.349928	781
12h	C6	88686	88686	LT934125.1	-	1	88686	32.2841	782
12h	PC_12	88708	88723	LT934125.1	-	16	88708	79.953093	783
12h	PK_15	88753	88753	LT934125.1	-	1	88753	13.157952	784
12h	C6	88775	88775	LT934125.1	-	1	88775	27.97418	785
12h	C6	88775	88796	LT934125.1	-	22	88775	258.732212	785
12h	PC_12	88802	88802	LT934125.1	-	1	88802	31.349928	786
12h	PC_12	88922	88922	LT934125.1	-	1	88922	26.651031	787
12h	C6	89072	89079	LT934125.1	-	8	89079	742.534302	788
12h	C6	89073	89079	LT934125.1	-	7	89079	344.976283	788
12h	C6	89077	89081	LT934125.1	-	5	89079	888.180209	788
12h	PC_12	89078	89081	LT934125.1	-	4	89079	293.161345	788
12h	PC_12	89078	89081	LT934125.1	-	4	89079	282.149351	788
12h	PK_15	89078	89079	LT934125.1	-	2	89079	243.565804	788
12h	PK_15	89078	89079	LT934125.1	-	2	89079	377.194637	788
12h	C6	89079	89079	LT934125.1	-	1	89079	525.486075	788
12h	PC_12	89079	89079	LT934125.1	-	1	89079	177.465923	788
12h	PC_12	89079	89079	LT934125.1	-	1	89079	2227.171492	788
12h	PK_15	89079	89079	LT934125.1	-	1	89079	189.93135	788
12h	PK_15	89079	89079	LT934125.1	-	1	89079	209.67911	788
12h	PC_12	89152	89152	LT934125.1	-	1	89152	667.111408	789
12h	PC_12_2.5h	89198	89198	LT934125.1	-	1	89198	740.19245	790
12h	PC_12	89258	89258	LT934125.1	-	1	89258	667.111408	791
12h	C6	89404	89404	LT934125.1	-	1	89404	32.2841	792
12h	PC_12	89404	89409	LT934125.1	-	6	89404	79.953094	792
12h	PC_12	89487	89487	LT934125.1	-	1	89487	31.349928	793
12h	PC_12	89612	89612	LT934125.1	-	1	89612	31.349928	794
12h	NRK	89621	89621	LT934125.1	-	1	89621	3236.245955	795
12h	PC_12	89634	89634	LT934125.1	-	1	89634	26.651031	796
12h	PC_12	89852	89852	LT934125.1	-	1	89852	31.349928	797
12h	PC_12_2.5h	89871	89871	LT934125.1	-	1	89871	740.19245	798
12h	PK_15	89943	89943	LT934125.1	-	1	89943	40.594301	799
12h	C6	90022	90022	LT934125.1	-	1	90022	20.980635	800
12h	PC_12	90043	90043	LT934125.1	-	1	90043	26.651031	801
12h	PC_12	90107	90107	LT934125.1	-	1	90107	31.349928	802
12h	PC_12	90326	90326	LT934125.1	-	1	90326	20.476837	803
12h	C6	90454	90454	LT934125.1	-	1	90454	32.2841	804
12h	PC_12	90571	90571	LT934125.1	-	1	90571	26.651031	805
12h	PK_15	90577	90577	LT934125.1	-	1	90577	40.594301	806
12h	PC_12	90586	90586	LT934125.1	-	1	90586	31.349928	807
12h	PC_12	90875	90875	LT934125.1	-	1	90875	31.349928	808
12h	C6	91130	91130	LT934125.1	-	1	91130	172.488141	809
12h	PC_12	91287	91287	LT934125.1	-	1	91287	31.349928	810
12h	C6	91355	91355	LT934125.1	-	1	91355	27.97418	811
12h	PC_12	91493	91493	LT934125.1	-	1	91493	62.699856	812
12h	PC_12	91704	91704	LT934125.1	-	1	91704	26.651031	813
12h	PC_12	91799	91799	LT934125.1	-	1	91799	31.349928	814
12h	PK_15	91854	91854	LT934125.1	-	1	91854	40.594301	815
12h	C6	92022	92022	LT934125.1	-	1	92022	32.2841	816
12h	PC_12	92150	92150	LT934125.1	-	1	92150	26.651031	817
12h	C6	92157	92157	LT934125.1	-	1	92157	32.2841	818
12h	PC_12	92157	92343	LT934125.1	-	187	92303	1065.897551	818
12h	C6	92171	92171	LT934125.1	-	1	92171	525.486075	818
12h	C6	92191	92191	LT934125.1	-	1	92191	86.244071	818
12h	PC_12	92194	92194	LT934125.1	-	1	92194	667.111408	818
12h	PC_12	92261	92261	LT934125.1	-	1	92261	100.38145	818
12h	PK_15	92261	92315	LT934125.1	-	55	92303	175.439366	818
12h	PK_15	92271	92321	LT934125.1	-	51	92303	771.291713	818
12h	C6	92274	92306	LT934125.1	-	33	92303	237.780529	818
12h	C6	92274	92274	LT934125.1	-	1	92274	525.486075	818
12h	C6	92274	92329	LT934125.1	-	56	92274	290.5569	818
12h	PC_12_1.5h	92274	92274	LT934125.1	-	1	92274	2212.389381	818
12h	PC_12	92274	92343	LT934125.1	-	70	92303	423.18797	818
12h	PC_12	92277	92387	LT934125.1	-	111	92303	426.416499	818
12h	PK_15	92277	92343	LT934125.1	-	67	92303	276.887873	818
12h	PK_15	92277	92343	LT934125.1	-	67	92303	330.647826	818
12h	PC_12	92375	92490	LT934125.1	-	116	92446	344.849208	818
12h	PC_12	92412	92415	LT934125.1	-	4	92415	301.144349	818
12h	PC_12_2.5h	92427	92427	LT934125.1	-	1	92427	1480.3849	818
12h	PC_12	92427	92471	LT934125.1	-	45	92447	186.557219	818
12h	PK_15	92437	92437	LT934125.1	-	1	92437	362.056481	818
12h	C6	92510	92631	LT934125.1	-	122	92561	419.6933	819
12h	PC_12	92521	92561	LT934125.1	-	41	92530	116.035411	819
12h	PC_12	92560	92715	LT934125.1	-	156	92693	426.416497	819
12h	PK_15	92561	92561	LT934125.1	-	1	92561	21.929921	819
12h	PC_12	92613	92635	LT934125.1	-	23	92631	136.512248	819
12h	PK_15	92613	92635	LT934125.1	-	23	92631	102.974828	819
12h	PK_15	92621	92652	LT934125.1	-	32	92630	446.537308	819
12h	PK_15	92629	92631	LT934125.1	-	3	92631	96.774973	819
12h	C6	92686	92686	LT934125.1	-	1	92686	525.486075	819
12h	PC_12	92713	92713	LT934125.1	-	1	92713	100.38145	819
12h	PK_15	92726	92785	LT934125.1	-	60	92774	177.420784	820
12h	PC_12	92744	92785	LT934125.1	-	42	92785	156.74964	820
12h	C6	92750	92774	LT934125.1	-	25	92774	431.220354	820
12h	PK_15	92755	92774	LT934125.1	-	20	92774	66.361556	820
12h	PK_15	92755	92785	LT934125.1	-	31	92774	284.160106	820
12h	PC_12	92765	92774	LT934125.1	-	10	92774	54.604899	820
12h	C6	92774	92830	LT934125.1	-	57	92774	195.819259	820
12h	C6	92774	92783	LT934125.1	-	10	92774	161.4205	820
12h	PC_12_2.5h	92774	92774	LT934125.1	-	1	92774	740.19245	820
12h	PK_15	92774	92774	LT934125.1	-	1	92774	52.63181	820
12h	C6	92927	92936	LT934125.1	-	10	92933	14713.610089	821
12h	C6	92929	92936	LT934125.1	-	8	92929	4622.496147	821
12h	C6	92929	92936	LT934125.1	-	8	92933	14144.027597	821
12h	PC_12	92929	92973	LT934125.1	-	45	92933	8589.880244	821
12h	PK_15	92929	92936	LT934125.1	-	8	92933	6698.059593	821
12h	PC_12	92930	92936	LT934125.1	-	7	92933	9536.237704	821
12h	C6	92931	92967	LT934125.1	-	37	92933	23176.60799	821
12h	C6	92931	92936	LT934125.1	-	6	92933	13817.594834	821
12h	PC_12	92931	92950	LT934125.1	-	20	92933	13234.862498	821
12h	PC_12	92931	92947	LT934125.1	-	17	92933	12152.870314	821
12h	PK_15	92931	92936	LT934125.1	-	6	92933	17473.684211	821
12h	PK_15	92931	92936	LT934125.1	-	6	92933	7603.186097	821
12h	PK_15	92931	92936	LT934125.1	-	6	92933	8104.904071	821
12h	PK_15	92931	92936	LT934125.1	-	6	92933	11210.575484	821
12h	C6	92933	92933	LT934125.1	-	1	92933	2344.665885	821
12h	PC_12_1.5h	92933	92933	LT934125.1	-	1	92933	2212.389381	821
12h	PC_12_2.5h	92933	92940	LT934125.1	-	8	92933	2220.57735	821
12h	PK_15	92933	92933	LT934125.1	-	1	92933	2923.976608	821
12h	NRK	92936	92936	LT934125.1	-	1	92936	3236.245955	821
12h	PC_12	92936	92936	LT934125.1	-	1	92936	667.111408	821
12h	PC_12	92958	92958	LT934125.1	-	1	92958	2227.171492	821
12h	PC_12	93046	93152	LT934125.1	-	107	93046	200.7629	822
12h	PC_12	93059	93106	LT934125.1	-	48	93079	133.255157	822
12h	C6	93079	93249	LT934125.1	-	171	93079	322.841	822
12h	C6	93092	93265	LT934125.1	-	174	93239	188.825715	822
12h	PC_12	93102	93102	LT934125.1	-	1	93102	667.111408	822
12h	PK_15	93106	93106	LT934125.1	-	1	93106	16.129162	822
12h	PK_15	93155	93281	LT934125.1	-	127	93281	324.754407	822
12h	PC_12	93163	93163	LT934125.1	-	1	93163	2227.171492	822
12h	PC_12	93186	93219	LT934125.1	-	34	93186	156.74964	822
12h	C6	93220	93220	LT934125.1	-	1	93220	86.244071	822
12h	PK_15	93229	93229	LT934125.1	-	1	93229	17.543937	822
12h	PC_12_2.5h	93265	93265	LT934125.1	-	1	93265	740.19245	822
12h	PC_12	93281	93281	LT934125.1	-	1	93281	27.30245	822
12h	PC_12	93337	93337	LT934125.1	-	1	93337	667.111408	823
12h	C6	93397	93480	LT934125.1	-	84	93397	225.9887	824
12h	PC_12	93413	93413	LT934125.1	-	1	93413	2227.171492	824
12h	PC_12	93413	93473	LT934125.1	-	61	93413	250.799424	824
12h	PC_12	93418	93418	LT934125.1	-	1	93418	100.38145	824
12h	C6	93442	93475	LT934125.1	-	34	93453	174.838625	824
12h	PC_12_2.5h	93445	93445	LT934125.1	-	1	93445	740.19245	824
12h	PC_12	93452	93482	LT934125.1	-	31	93453	106.604125	824
12h	PK_15	93453	93468	LT934125.1	-	16	93453	64.516648	824
12h	PK_15	93453	93482	LT934125.1	-	30	93455	61.403777	824
12h	C6	93455	93467	LT934125.1	-	13	93455	258.732212	824
12h	PC_12	93482	93482	LT934125.1	-	1	93482	27.30245	824
12h	PK_15	93482	93482	LT934125.1	-	1	93482	20.594966	824
12h	C6	93623	93654	LT934125.1	-	32	93654	2673.566193	825
12h	PC_12	93644	93654	LT934125.1	-	11	93654	1907.247543	825
12h	PC_12	93647	93686	LT934125.1	-	40	93654	1159.947333	825
12h	C6	93650	93650	LT934125.1	-	1	93650	1172.332943	825
12h	PK_15	93650	93654	LT934125.1	-	5	93654	1548.399584	825
12h	PK_15	93650	93654	LT934125.1	-	5	93654	1188.601705	825
12h	C6	93651	93657	LT934125.1	-	7	93654	2615.585815	825
12h	PC_12	93651	93657	LT934125.1	-	7	93654	2531.847982	825
12h	PK_15	93651	93654	LT934125.1	-	4	93654	773.455378	825
12h	PK_15	93651	93654	LT934125.1	-	4	93651	1086.169443	825
12h	PK_15	93651	93701	LT934125.1	-	51	93654	1989.12073	825
12h	C6	93652	93654	LT934125.1	-	3	93654	2615.012106	825
12h	C6	93653	93654	LT934125.1	-	2	93654	2627.430373	825
12h	NRK	93654	93654	LT934125.1	-	1	93654	3236.245955	825
12h	PC_12	93654	93657	LT934125.1	-	4	93654	1351.471261	825
12h	PC_12	93765	93769	LT934125.1	-	5	93765	79.953093	826
12h	PC_12	93827	93827	LT934125.1	-	1	93827	100.38145	827
12h	C6	93830	93830	LT934125.1	-	1	93830	32.2841	828
12h	PC_12	93907	93907	LT934125.1	-	1	93907	26.651031	829
12h	PC_12	93957	93985	LT934125.1	-	29	93957	125.399712	830
12h	PK_15	93985	93985	LT934125.1	-	1	93985	16.129162	830
12h	PC_12	94108	94108	LT934125.1	-	1	94108	667.111408	831
12h	C6	94145	94145	LT934125.1	-	1	94145	32.2841	832
12h	PC_12	94203	94357	LT934125.1	-	155	94203	79.953093	833
12h	PC_12	94203	94203	LT934125.1	-	1	94203	31.349928	833
12h	PC_12	94250	94250	LT934125.1	-	1	94250	100.38145	833
12h	PK_15	94286	94286	LT934125.1	-	1	94286	16.129162	833
12h	PC_12_2.5h	94319	94319	LT934125.1	-	1	94319	740.19245	833
12h	C6	94481	94536	LT934125.1	-	56	94526	2292.171105	834
12h	C6	94509	94529	LT934125.1	-	21	94526	2156.101769	834
12h	PK_15	94509	94565	LT934125.1	-	57	94526	1136.640417	834
12h	C6	94521	94565	LT934125.1	-	45	94526	2335.844018	834
12h	PK_15	94521	94554	LT934125.1	-	34	94526	612.908167	834
12h	C6	94526	94529	LT934125.1	-	4	94529	4622.496148	834
12h	C6	94526	94529	LT934125.1	-	4	94526	2627.430373	834
12h	PC_12	94526	94529	LT934125.1	-	4	94526	273.024497	834
12h	PC_12	94526	94526	LT934125.1	-	1	94526	2227.171492	834
12h	PC_12_2.5h	94526	94526	LT934125.1	-	1	94526	1480.3849	834
12h	PC_12	94526	94526	LT934125.1	-	1	94526	1334.222815	834
12h	PC_12	94526	94529	LT934125.1	-	4	94526	602.288698	834
12h	PC_12	94526	94565	LT934125.1	-	40	94526	879.484037	834
12h	PC_12	94526	94529	LT934125.1	-	4	94529	595.64863	834
12h	PK_15	94526	94529	LT934125.1	-	4	94526	77.803203	834
12h	PK_15	94526	94529	LT934125.1	-	4	94526	724.112962	834
12h	PK_15	94526	94529	LT934125.1	-	4	94526	535.090066	834
12h	C6	94648	94648	LT934125.1	-	1	94648	32.2841	835
12h	C6	94749	94749	LT934125.1	-	1	94749	20.980635	836
12h	PK_15	94749	94774	LT934125.1	-	26	94774	30.701889	836
12h	PC_12	94824	94824	LT934125.1	-	1	94824	100.38145	837
12h	C6	94917	94980	LT934125.1	-	64	94947	3018.542476	838
12h	C6	94941	94949	LT934125.1	-	9	94947	2818.398619	838
12h	PC_12	94941	94949	LT934125.1	-	9	94947	3030.571919	838
12h	PC_12	94941	94947	LT934125.1	-	7	94941	3335.557038	838
12h	PC_12	94941	94948	LT934125.1	-	8	94947	4015.25798	838
12h	PC_12	94941	94949	LT934125.1	-	9	94947	2946.893223	838
12h	PK_15	94941	94948	LT934125.1	-	8	94947	2313.875133	838
12h	PK_15	94941	94973	LT934125.1	-	33	94947	2346.793118	838
12h	PC_12	94942	94977	LT934125.1	-	36	94947	4823.836681	838
12h	PK_15	94942	94948	LT934125.1	-	7	94947	1398.169337	838
12h	C6	94943	94947	LT934125.1	-	5	94947	4689.331771	838
12h	C6	94943	94947	LT934125.1	-	5	94947	2627.430374	838
12h	C6	94943	94973	LT934125.1	-	31	94947	2324.455205	838
12h	PK_15	94943	94949	LT934125.1	-	7	94947	2991.24119	838
12h	PK_15	94945	94947	LT934125.1	-	3	94947	1448.225923	838
12h	NRK	94947	94947	LT934125.1	-	1	94947	3236.245955	838
12h	PC_12	94947	94947	LT934125.1	-	1	94947	2227.171492	838
12h	PC_12_2.5h	94947	94947	LT934125.1	-	1	94947	2960.7698	838
12h	PK_15	94947	94947	LT934125.1	-	1	94947	2923.976608	838
12h	C6	95154	95195	LT934125.1	-	42	95154	258.732213	839
12h	PC_12	95156	95176	LT934125.1	-	21	95156	53.302062	839
12h	PC_12	95156	95156	LT934125.1	-	1	95156	31.349928	839
12h	PC_12	95392	95392	LT934125.1	-	1	95392	34.128062	840
12h	PC_12	95392	95392	LT934125.1	-	1	95392	26.651031	840
12h	C6	95501	95501	LT934125.1	-	1	95501	32.2841	841
12h	PC_12	95506	95506	LT934125.1	-	1	95506	31.349928	842
12h	PC_12	95569	95569	LT934125.1	-	1	95569	100.38145	843
12h	PK_15	95693	95694	LT934125.1	-	2	95694	80.645811	844
12h	C6	95694	95694	LT934125.1	-	1	95694	104.903174	844
12h	C6	95694	95694	LT934125.1	-	1	95694	86.244071	844
12h	PC_12	95694	95694	LT934125.1	-	1	95694	184.291536	844
12h	PC_12	95694	95698	LT934125.1	-	5	95694	94.049784	844
12h	PK_15	95694	95694	LT934125.1	-	1	95694	32.036613	844
12h	PK_15	95694	95694	LT934125.1	-	1	95694	65.789762	844
12h	C6	95695	95695	LT934125.1	-	1	95695	32.2841	844
12h	PC_12	95697	95697	LT934125.1	-	1	95697	26.651031	844
12h	PK_15	95744	95744	LT934125.1	-	1	95744	40.594301	845
12h	PC_12	95829	95829	LT934125.1	-	1	95829	31.349928	846
12h	PC_12	95882	95882	LT934125.1	-	1	95882	27.30245	847
12h	PC_12	95882	95882	LT934125.1	-	1	95882	26.651031	847
12h	PK_15	95973	96057	LT934125.1	-	85	95973	1810.282405	848
12h	PC_12	96040	96189	LT934125.1	-	150	96168	658.348487	848
12h	PC_12	96063	96089	LT934125.1	-	27	96089	79.953094	848
12h	PC_12	96072	96089	LT934125.1	-	18	96072	200.7629	848
12h	C6	96075	96078	LT934125.1	-	4	96075	172.488142	848
12h	C6	96089	96089	LT934125.1	-	1	96089	64.5682	848
12h	PK_15	96089	96094	LT934125.1	-	6	96089	121.782902	848
12h	PK_15	96089	96147	LT934125.1	-	59	96089	209.679109	848
12h	PK_15	96089	96094	LT934125.1	-	6	96089	61.403778	848
12h	PC_12	96143	96146	LT934125.1	-	4	96146	61.430512	848
12h	C6	96146	96146	LT934125.1	-	1	96146	34.967725	848
12h	C6	96194	96332	LT934125.1	-	139	96324	451.9774	849
12h	PC_12_2.5h	96241	96241	LT934125.1	-	1	96241	1480.3849	849
12h	PC_12_1.5h	96252	96252	LT934125.1	-	1	96252	2212.389381	849
12h	C6	96298	96298	LT934125.1	-	1	96298	86.244071	849
12h	PK_15	96306	96324	LT934125.1	-	19	96306	1086.169443	849
12h	PK_15	96310	96351	LT934125.1	-	42	96317	202.971504	849
12h	C6	96311	96320	LT934125.1	-	10	96311	2344.665886	849
12h	PC_12	96314	96356	LT934125.1	-	43	96324	219.449496	849
12h	PK_15	96317	96317	LT934125.1	-	1	96317	32.258325	849
12h	PK_15	96324	96324	LT934125.1	-	1	96324	26.315905	849
12h	PC_12	96384	96384	LT934125.1	-	1	96384	100.38145	850
12h	C6	96385	96385	LT934125.1	-	1	96385	525.486075	851
12h	PC_12_1.5h	96391	96391	LT934125.1	-	1	96391	2212.389381	852
12h	PC_12	96399	96399	LT934125.1	-	1	96399	667.111408	853
12h	C6	96486	96846	LT934125.1	-	361	96596	664.386773	854
12h	PC_12	96510	96839	LT934125.1	-	330	96510	903.433049	854
12h	PC_12	96521	96843	LT934125.1	-	323	96598	799.530937	854
12h	C6	96522	96857	LT934125.1	-	336	96522	1576.458225	854
12h	C6	96522	96867	LT934125.1	-	346	96596	1129.9435	854
12h	PK_15	96535	96857	LT934125.1	-	323	96843	852.480315	854
12h	C6	96536	96702	LT934125.1	-	167	96536	3081.664098	854
12h	PC_12_1.5h	96536	96679	LT934125.1	-	144	96536	6637.168143	854
12h	PC_12	96555	96555	LT934125.1	-	1	96555	667.111408	854
12h	C6	96567	96596	LT934125.1	-	30	96596	3516.998828	854
12h	PC_12	96590	96843	LT934125.1	-	254	96598	470.24892	854
12h	PK_15	96592	96857	LT934125.1	-	266	96596	209.679109	854
12h	C6	96596	96614	LT934125.1	-	19	96596	862.440708	854
12h	PC_12	96596	96836	LT934125.1	-	241	96596	109.209798	854
12h	PC_12_2.5h	96596	96788	LT934125.1	-	193	96596	5921.5396	854
12h	PK_15	96596	96598	LT934125.1	-	3	96596	34.324943	854
12h	PK_15	96596	96807	LT934125.1	-	212	96596	153.509444	854
12h	NRK	96601	96601	LT934125.1	-	1	96601	3236.245955	854
12h	PK_15	96628	96752	LT934125.1	-	125	96628	1448.225924	854
12h	NRK	96663	96663	LT934125.1	-	1	96663	10101.010101	854
12h	PC_12	96920	96920	LT934125.1	-	1	96920	667.111408	855
12h	C6	96923	96923	LT934125.1	-	1	96923	1172.332943	856
12h	NRK	96926	96926	LT934125.1	-	1	96926	10101.010101	857
12h	PK_15	96964	96972	LT934125.1	-	9	96964	121.782902	858
12h	C6	97001	97001	LT934125.1	-	1	97001	86.244071	859
12h	C6	97017	97017	LT934125.1	-	1	97017	27.97418	860
12h	PC_12	97017	97017	LT934125.1	-	1	97017	100.38145	860
12h	PK_15	97017	97026	LT934125.1	-	10	97017	26.315904	860
12h	C6	97026	97026	LT934125.1	-	1	97026	64.5682	860
12h	C6	97036	97036	LT934125.1	-	1	97036	525.486075	861
12h	PC_12_2.5h	97041	97041	LT934125.1	-	1	97041	740.19245	862
12h	PC_12	97114	97114	LT934125.1	-	1	97114	667.111408	863
12h	PC_12	97121	97190	LT934125.1	-	70	97121	159.906186	864
12h	PC_12	97126	97126	LT934125.1	-	1	97126	100.38145	864
12h	PC_12	97173	97174	LT934125.1	-	2	97174	94.049784	864
12h	C6	97174	97174	LT934125.1	-	1	97174	55.94836	864
12h	PK_15	97174	97174	LT934125.1	-	1	97174	24.193743	864
12h	PK_15	97174	97174	LT934125.1	-	1	97174	39.473857	864
12h	NRK	97199	97199	LT934125.1	-	1	97199	3236.245955	865
12h	PC_12	97291	97383	LT934125.1	-	93	97361	5110.038249	866
12h	PC_12	97312	97366	LT934125.1	-	55	97339	77951.002226	866
12h	C6	97317	97361	LT934125.1	-	45	97344	57010.785824	866
12h	C6	97321	97367	LT934125.1	-	47	97361	4881.494383	866
12h	C6	97321	97367	LT934125.1	-	47	97339	8684.42292	866
12h	NRK	97321	97361	LT934125.1	-	41	97337	151515.151515	866
12h	PC_12	97321	97368	LT934125.1	-	48	97361	5783.273811	866
12h	PK_15	97321	97368	LT934125.1	-	48	97361	23747.665829	866
12h	PK_15	97321	97367	LT934125.1	-	47	97361	7975.870767	866
12h	PK_15	97321	97368	LT934125.1	-	48	97361	6092.131983	866
12h	PC_12_2.5h	97324	97363	LT934125.1	-	40	97339	48852.701702	866
12h	C6	97327	97361	LT934125.1	-	35	97339	12074.169901	866
12h	PC_12_1.5h	97327	97366	LT934125.1	-	40	97337	81858.407082	866
12h	PC_12	97327	97366	LT934125.1	-	40	97361	1713.22872	866
12h	PC_12	97327	97368	LT934125.1	-	42	97361	44696.464312	866
12h	C6	97334	97367	LT934125.1	-	34	97339	10509.721494	866
12h	PK_15	97334	97366	LT934125.1	-	33	97337	55756.698047	866
12h	C6	97337	97361	LT934125.1	-	25	97361	28135.990622	866
12h	NRK	97337	97361	LT934125.1	-	25	97337	106796.116504	866
12h	PC_12_0.5h	97337	97345	LT934125.1	-	9	97337	129032.258064	866
12h	PC_12	97337	97361	LT934125.1	-	25	97361	6524.79422	866
12h	PK_15	97337	97361	LT934125.1	-	25	97361	35087.719298	866
12h	PK_15	97339	97361	LT934125.1	-	23	97361	613.272312	866
12h	PC_12	97471	97471	LT934125.1	-	1	97471	26.651031	867
12h	PC_12	97529	97538	LT934125.1	-	10	97529	94.049784	868
12h	C6	97535	97535	LT934125.1	-	1	97535	86.244071	868
12h	C6	97536	97536	LT934125.1	-	1	97536	34.967725	868
12h	C6	97536	97536	LT934125.1	-	1	97536	1172.332943	868
12h	C6	97536	97542	LT934125.1	-	7	97536	96.8523	868
12h	PC_12	97545	97545	LT934125.1	-	1	97545	100.38145	869
12h	PK_15	97621	97621	LT934125.1	-	1	97621	16.129162	870
12h	PC_12	97787	97787	LT934125.1	-	1	97787	100.38145	871
12h	C6	97886	97886	LT934125.1	-	1	97886	86.244071	872
12h	PC_12	97910	97910	LT934125.1	-	1	97910	100.38145	873
12h	PC_12	97927	97927	LT934125.1	-	1	97927	26.651031	874
12h	C6	98025	98025	LT934125.1	-	1	98025	86.244071	875
12h	C6	98231	98231	LT934125.1	-	1	98231	32.2841	876
12h	PK_15	98231	98231	LT934125.1	-	1	98231	13.157952	876
12h	PC_12	98397	98415	LT934125.1	-	19	98397	200.7629	877
12h	C6	98400	98400	LT934125.1	-	1	98400	32.2841	877
12h	PC_12	98415	98415	LT934125.1	-	1	98415	40.953675	877
12h	PC_12	98415	98415	LT934125.1	-	1	98415	667.111408	877
12h	PC_12	98415	98415	LT934125.1	-	1	98415	53.302063	877
12h	PC_12	98415	98415	LT934125.1	-	1	98415	31.349928	877
12h	PK_15	98415	98415	LT934125.1	-	1	98415	24.193743	877
12h	C6	98596	98596	LT934125.1	-	1	98596	48.954815	878
12h	C6	98596	98596	LT934125.1	-	1	98596	86.244071	878
12h	C6	98596	98596	LT934125.1	-	1	98596	32.2841	878
12h	PC_12	98596	98596	LT934125.1	-	1	98596	53.302063	878
12h	PC_12	98596	98596	LT934125.1	-	1	98596	31.349928	878
12h	PC_12	98742	98742	LT934125.1	-	1	98742	31.349928	879
12h	C6	98793	98793	LT934125.1	-	1	98793	32.2841	880
12h	C6	98884	98884	LT934125.1	-	1	98884	86.244071	881
12h	C6	98985	98985	LT934125.1	-	1	98985	86.244071	882
12h	PC_12	99058	99058	LT934125.1	-	1	99058	667.111408	883
12h	PC_12	99452	99452	LT934125.1	-	1	99452	31.349928	884
12h	C6	99619	99619	LT934125.1	-	1	99619	525.486075	885
12h	C6	100047	100047	LT934125.1	-	1	100047	32.2841	886
12h	PC_12	100128	100128	LT934125.1	-	1	100128	667.111408	887
12h	PC_12	100233	100233	LT934125.1	-	1	100233	26.651031	888
12h	PC_12	100235	100235	LT934125.1	-	1	100235	100.38145	889
12h	PC_12	101731	101742	LT934125.1	-	12	101731	62.699856	890
12h	PK_15	101899	101905	LT934125.1	-	7	101899	26.315904	891
12h	C6	101939	101939	LT934125.1	-	1	101939	86.244071	892
12h	PC_12	102042	102042	LT934125.1	-	1	102042	31.349928	893
12h	PK_15	102135	102135	LT934125.1	-	1	102135	362.056481	894
12h	PC_12	102299	102299	LT934125.1	-	1	102299	100.38145	895
12h	PC_12	102478	102544	LT934125.1	-	67	102478	156.74964	896
12h	C6	102487	102520	LT934125.1	-	34	102502	193.7046	896
12h	PK_15	102487	102487	LT934125.1	-	1	102487	2923.976608	896
12h	PK_15	102487	102500	LT934125.1	-	14	102487	81.188602	896
12h	PK_15	102490	102490	LT934125.1	-	1	102490	13.157952	896
12h	PC_12	102502	102502	LT934125.1	-	1	102502	79.953094	896
12h	PC_12_2.5h	102505	102505	LT934125.1	-	1	102505	740.19245	896
12h	PK_15	102517	102544	LT934125.1	-	28	102517	40.322905	896
12h	PC_12	102529	102544	LT934125.1	-	16	102544	54.604899	896
12h	PK_15	102529	102529	LT934125.1	-	1	102529	362.056481	896
12h	C6	102544	102544	LT934125.1	-	1	102544	20.980635	896
12h	PC_12	102547	102547	LT934125.1	-	1	102547	2227.171492	897
12h	PC_12	102623	102623	LT934125.1	-	1	102623	100.38145	898
12h	PC_12	102637	102674	LT934125.1	-	38	102652	239.859281	899
12h	PK_15	102643	102664	LT934125.1	-	22	102643	26.315904	899
12h	C6	102651	102651	LT934125.1	-	1	102651	86.244071	899
12h	C6	102658	102658	LT934125.1	-	1	102658	1172.332943	899
12h	PC_12_2.5h	102660	102661	LT934125.1	-	2	102660	1480.3849	899
12h	C6	102771	102771	LT934125.1	-	1	102771	32.2841	900
12h	PC_12	102837	102837	LT934125.1	-	1	102837	667.111408	901
12h	PC_12_1.5h	102842	102842	LT934125.1	-	1	102842	4424.778761	902
12h	PK_15	102909	102929	LT934125.1	-	21	102909	14619.88304	903
12h	PK_15	102913	102929	LT934125.1	-	17	102913	64.516648	903
12h	C6	102921	102925	LT934125.1	-	5	102921	64.5682	903
12h	PK_15	102929	102929	LT934125.1	-	1	102929	21.929921	903
12h	PC_12	102942	102957	LT934125.1	-	16	102942	79.953093	904
12h	PC_12	102971	102971	LT934125.1	-	1	102971	200.762899	905
12h	PC_12_1.5h	102984	102984	LT934125.1	-	1	102984	2212.389381	906
12h	PK_15	103011	103011	LT934125.1	-	1	103011	40.594301	907
12h	PC_12	103054	103054	LT934125.1	-	1	103054	667.111408	908
12h	PK_15	103119	103119	LT934125.1	-	1	103119	24.193743	909
12h	PK_15	103126	103137	LT934125.1	-	12	103126	5847.953216	910
12h	PC_12	103220	103220	LT934125.1	-	1	103220	667.111408	911
12h	PK_15	103230	103230	LT934125.1	-	1	103230	362.056481	912
12h	PK_15	103349	103349	LT934125.1	-	1	103349	362.056481	913
12h	PK_15	103390	103390	LT934125.1	-	1	103390	2923.976608	914
12h	PK_15	103390	103390	LT934125.1	-	1	103390	16.129162	914
12h	PC_12	103401	103401	LT934125.1	-	1	103401	26.651031	915
12h	PC_12	103401	103401	LT934125.1	-	1	103401	31.349928	915
12h	C6	103419	103437	LT934125.1	-	19	103419	64.5682	916
12h	PK_15	103425	103425	LT934125.1	-	1	103425	40.594301	916
12h	PC_12	103470	103470	LT934125.1	-	1	103470	100.38145	917
12h	NRK	103645	103645	LT934125.1	-	1	103645	10101.010101	918
12h	PC_12	103695	103695	LT934125.1	-	1	103695	31.349928	919
12h	PK_15	103720	103735	LT934125.1	-	16	103735	145.162461	920
12h	PK_15	103733	103735	LT934125.1	-	3	103735	121.782902	920
12h	C6	103735	103749	LT934125.1	-	15	103735	76.928995	920
12h	PC_12	103735	103735	LT934125.1	-	1	103735	20.476837	920
12h	PC_12	103735	103735	LT934125.1	-	1	103735	200.762899	920
12h	PC_12	103735	103735	LT934125.1	-	1	103735	133.255157	920
12h	PK_15	103735	103735	LT934125.1	-	1	103735	26.315905	920
12h	PC_12_1.5h	103782	103782	LT934125.1	-	1	103782	2212.389381	921
12h	PK_15	103815	103815	LT934125.1	-	1	103815	2923.976608	922
12h	C6	103834	103834	LT934125.1	-	1	103834	32.2841	923
12h	C6	103889	103889	LT934125.1	-	1	103889	86.244071	924
12h	PC_12	103901	103901	LT934125.1	-	1	103901	26.651031	925
12h	PC_12	103933	103933	LT934125.1	-	1	103933	100.38145	926
12h	PC_12_2.5h	103953	103953	LT934125.1	-	1	103953	740.19245	927
12h	C6	104047	104047	LT934125.1	-	1	104047	20.980635	928
12h	PK_15	104052	104052	LT934125.1	-	1	104052	362.056481	929
12h	PK_15	104083	104083	LT934125.1	-	1	104083	16.129162	930
12h	PC_12	104211	104241	LT934125.1	-	31	104211	301.14435	931
12h	PC_12	104211	104211	LT934125.1	-	1	104211	31.349928	931
12h	PC_12	104217	104241	LT934125.1	-	25	104241	133.255156	931
12h	PK_15	104217	104241	LT934125.1	-	25	104237	162.377203	931
12h	PC_12	104235	104235	LT934125.1	-	1	104235	667.111408	931
12h	PK_15	104237	104237	LT934125.1	-	1	104237	13.157952	931
12h	C6	104241	104241	LT934125.1	-	1	104241	1172.332943	931
12h	C6	104360	104360	LT934125.1	-	1	104360	32.2841	932
12h	PC_12_0.5h	104448	104448	LT934125.1	-	1	104448	32258.064516	933
12h	PK_15	104464	104464	LT934125.1	-	1	104464	362.056481	934
12h	PC_12	104520	104520	LT934125.1	-	1	104520	26.651031	935
12h	PC_12	104522	104522	LT934125.1	-	1	104522	100.38145	936
12h	PC_12_2.5h	104577	104577	LT934125.1	-	1	104577	740.19245	937
12h	PC_12	104602	104602	LT934125.1	-	1	104602	31.349928	938
12h	PK_15	104602	104602	LT934125.1	-	1	104602	40.594301	938
12h	PC_12	104626	104626	LT934125.1	-	1	104626	667.111408	939
12h	PC_12	104714	104847	LT934125.1	-	134	104714	53.302062	940
12h	C6	104762	104762	LT934125.1	-	1	104762	32.2841	940
12h	PK_15	104767	104796	LT934125.1	-	30	104767	81.188602	940
12h	PC_12	104793	104793	LT934125.1	-	1	104793	100.38145	940
12h	PC_12	104799	104799	LT934125.1	-	1	104799	31.349928	940
12h	PK_15	104799	104799	LT934125.1	-	1	104799	16.129162	940
12h	PK_15	104904	104904	LT934125.1	-	1	104904	2923.976608	941
12h	PC_12	104962	104985	LT934125.1	-	24	104962	53.302062	942
12h	PC_12	105016	105041	LT934125.1	-	26	105016	62.699856	943
12h	PK_15	105032	105032	LT934125.1	-	1	105032	40.594301	943
12h	PK_15	105039	105044	LT934125.1	-	6	105039	26.315904	943
12h	PK_15	105042	105044	LT934125.1	-	3	105042	32.258324	943
12h	C6	105044	105052	LT934125.1	-	9	105044	64.5682	943
12h	PC_12	105057	105057	LT934125.1	-	1	105057	100.38145	944
12h	PK_15	105116	105116	LT934125.1	-	1	105116	362.056481	945
12h	PK_15	105192	105192	LT934125.1	-	1	105192	2923.976608	946
12h	PC_12	105210	105210	LT934125.1	-	1	105210	100.38145	947
12h	PC_12	105320	105320	LT934125.1	-	1	105320	26.651031	948
12h	PK_15	105353	105353	LT934125.1	-	1	105353	16.129162	949
12h	PK_15	105486	105489	LT934125.1	-	4	105486	22.883296	950
12h	PK_15	105529	105529	LT934125.1	-	1	105529	40.594301	951
12h	C6	105539	105539	LT934125.1	-	1	105539	1172.332943	952
12h	PC_12	105618	105618	LT934125.1	-	1	105618	31.349928	953
12h	PK_15	105765	105765	LT934125.1	-	1	105765	362.056481	954
12h	PC_12	105842	105842	LT934125.1	-	1	105842	26.651031	955
12h	PC_12	105863	105863	LT934125.1	-	1	105863	31.349928	956
12h	PK_15	105895	105895	LT934125.1	-	1	105895	2923.976608	957
12h	PK_15	105966	105966	LT934125.1	-	1	105966	40.594301	958
12h	C6	106189	106189	LT934125.1	-	1	106189	32.2841	959
12h	PK_15	106235	106235	LT934125.1	-	1	106235	40.594301	960
12h	PK_15	106245	106262	LT934125.1	-	18	106245	5847.953216	961
12h	PK_15	106297	106297	LT934125.1	-	1	106297	16.129162	962
12h	PC_12	106325	106349	LT934125.1	-	25	106325	53.302062	963
12h	C6	106377	106377	LT934125.1	-	1	106377	525.486075	964
12h	PK_15	106532	106532	LT934125.1	-	1	106532	16.129162	965
12h	C6	106566	106566	LT934125.1	-	1	106566	32.2841	966
12h	PC_12	106577	106609	LT934125.1	-	33	106577	94.049784	967
12h	C6	106605	106605	LT934125.1	-	1	106605	20.980635	967
12h	PC_12	106605	106605	LT934125.1	-	1	106605	34.128062	967
12h	PK_15	106605	106605	LT934125.1	-	1	106605	30.701889	967
12h	PK_15	106606	106606	LT934125.1	-	1	106606	11.441648	967
12h	PK_15	106606	106606	LT934125.1	-	1	106606	40.594301	967
12h	PC_12	106609	106609	LT934125.1	-	1	106609	100.38145	967
12h	PC_12	106644	106663	LT934125.1	-	20	106644	53.302062	968
12h	C6	106673	106673	LT934125.1	-	1	106673	86.244071	969
12h	PK_15	106793	106793	LT934125.1	-	1	106793	40.594301	970
12h	PC_12	106796	106796	LT934125.1	-	1	106796	100.38145	971
12h	PC_12	106855	106855	LT934125.1	-	1	106855	26.651031	972
12h	PK_15	106859	106859	LT934125.1	-	1	106859	2923.976608	973
12h	PK_15	106870	106870	LT934125.1	-	1	106870	16.129162	974
12h	PK_15	106952	106952	LT934125.1	-	1	106952	362.056481	975
12h	PC_12	107044	107053	LT934125.1	-	10	107053	319.812376	976
12h	PK_15	107044	107099	LT934125.1	-	56	107099	527.72591	976
12h	C6	107047	107047	LT934125.1	-	1	107047	172.488141	976
12h	C6	107047	107067	LT934125.1	-	21	107053	129.1364	976
12h	PC_12	107047	107072	LT934125.1	-	26	107047	401.5258	976
12h	PK_15	107047	107053	LT934125.1	-	7	107053	153.227042	976
12h	PK_15	107047	107053	LT934125.1	-	7	107053	65.789761	976
12h	PC_12	107052	107053	LT934125.1	-	2	107053	61.430512	976
12h	PC_12	107053	107072	LT934125.1	-	20	107053	62.699856	976
12h	PK_15	107053	107053	LT934125.1	-	1	107053	13.729977	976
12h	NRK	107060	107060	LT934125.1	-	1	107060	10101.010101	976
12h	PC_12	107130	107130	LT934125.1	-	1	107130	667.111408	977
12h	PK_15	107186	107209	LT934125.1	-	24	107209	56.452068	978
12h	PC_12	107193	107193	LT934125.1	-	1	107193	31.349928	978
12h	PK_15	107211	107223	LT934125.1	-	13	107211	5847.953216	979
12h	PK_15	107279	107279	LT934125.1	-	1	107279	362.056481	980
12h	PK_15	107320	107428	LT934125.1	-	109	107369	3937.647159	981
12h	PC_12	107339	107425	LT934125.1	-	87	107369	815.098127	981
12h	PK_15	107339	107382	LT934125.1	-	44	107369	1228.075563	981
12h	C6	107345	107379	LT934125.1	-	35	107369	776.196637	981
12h	C6	107365	107379	LT934125.1	-	15	107369	1426.683173	981
12h	C6	107365	107382	LT934125.1	-	18	107369	451.977401	981
12h	PK_15	107365	107382	LT934125.1	-	18	107369	1854.853668	981
12h	PC_12	107366	107378	LT934125.1	-	13	107369	518.746544	981
12h	PC_12	107366	107369	LT934125.1	-	4	107366	2001.334224	981
12h	PC_12	107366	107378	LT934125.1	-	13	107369	533.020628	981
12h	PK_15	107366	107378	LT934125.1	-	13	107369	121.281465	981
12h	C6	107369	107369	LT934125.1	-	1	107369	1172.332943	981
12h	NRK	107369	107369	LT934125.1	-	1	107369	3236.245955	981
12h	PC_12_2.5h	107369	107369	LT934125.1	-	1	107369	740.19245	981
12h	PC_12	107369	107378	LT934125.1	-	10	107369	702.670147	981
12h	PK_15	107411	107411	LT934125.1	-	1	107411	2923.976608	981
12h	PC_12	107516	107560	LT934125.1	-	45	107559	826.181973	982
12h	PK_15	107516	107560	LT934125.1	-	45	107559	1907.932128	982
12h	PC_12	107537	107560	LT934125.1	-	24	107537	6681.514476	982
12h	PC_12	107539	107560	LT934125.1	-	22	107559	602.288698	982
12h	C6	107543	107560	LT934125.1	-	18	107559	1132.954284	982
12h	C6	107543	107560	LT934125.1	-	18	107559	1162.227602	982
12h	PC_12	107543	107559	LT934125.1	-	17	107559	1146.702887	982
12h	PC_12	107543	107559	LT934125.1	-	17	107559	1003.197693	982
12h	PK_15	107543	107564	LT934125.1	-	22	107559	1185.493429	982
12h	PK_15	107543	107560	LT934125.1	-	18	107559	1758.779644	982
12h	PK_15	107555	107561	LT934125.1	-	7	107559	184210.526315	982
12h	PK_15	107556	107560	LT934125.1	-	5	107559	485.125858	982
12h	PK_15	107556	107563	LT934125.1	-	8	107559	13758.146271	982
12h	C6	107559	107559	LT934125.1	-	1	107559	603.708495	982
12h	PC_12_0.5h	107559	107559	LT934125.1	-	1	107559	32258.064516	982
12h	PC_12	107559	107559	LT934125.1	-	1	107559	667.111408	982
12h	NRK	107722	107722	LT934125.1	-	1	107722	10101.010101	983
12h	PK_15	107834	107834	LT934125.1	-	1	107834	16.129162	984
12h	PC_12	107917	107917	LT934125.1	-	1	107917	26.651031	985
12h	C6	108337	108337	LT934125.1	-	1	108337	32.2841	986
12h	PC_12	108450	108456	LT934125.1	-	7	108450	94.049784	987
12h	C6	108456	108456	LT934125.1	-	1	108456	32.2841	987
12h	PC_12	108494	108494	LT934125.1	-	1	108494	667.111408	988
12h	PK_15	108717	108717	LT934125.1	-	1	108717	40.594301	989
12h	PC_12	108721	108740	LT934125.1	-	20	108727	109.209799	990
12h	PC_12	108721	108740	LT934125.1	-	20	108727	219.449496	990
12h	C6	108727	108740	LT934125.1	-	14	108727	41.96127	990
12h	C6	108727	108727	LT934125.1	-	1	108727	1172.332943	990
12h	PC_12	108727	108767	LT934125.1	-	41	108727	79.953093	990
12h	PK_15	108727	108745	LT934125.1	-	19	108727	27.459954	990
12h	C6	108740	108745	LT934125.1	-	6	108740	64.5682	990
12h	PK_15	108740	108745	LT934125.1	-	6	108740	64.51665	990
12h	PC_12	108745	108755	LT934125.1	-	11	108745	200.7629	990
12h	C6	109375	109375	LT934125.1	-	1	109375	32.2841	991
12h	PC_12	109437	109437	LT934125.1	-	1	109437	31.349928	992
12h	PK_15	109730	109753	LT934125.1	-	24	109730	81.188602	993
12h	PC_12	109736	109746	LT934125.1	-	11	109736	53.302062	993
12h	PC_12	109749	109749	LT934125.1	-	1	109749	62.699856	993
12h	C6	110320	110320	LT934125.1	-	1	110320	64.5682	994
12h	PC_12	110589	110589	LT934125.1	-	1	110589	31.349928	995
12h	PC_12	110645	110645	LT934125.1	-	1	110645	26.651031	996
12h	PK_15	110663	110663	LT934125.1	-	1	110663	362.056481	997
12h	PC_12	110702	110702	LT934125.1	-	1	110702	31.349928	998
12h	PC_12	110908	110908	LT934125.1	-	1	110908	667.111408	999
12h	C6	110937	110950	LT934125.1	-	14	110937	64.5682	1000
12h	C6	110950	110950	LT934125.1	-	1	110950	20.980635	1000
12h	PC_12	110950	110950	LT934125.1	-	1	110950	31.349928	1000
12h	PC_12	111097	111103	LT934125.1	-	7	111103	6681.514476	1001
12h	PC_12_2.5h	111099	111099	LT934125.1	-	1	111099	740.19245	1001
12h	PC_12	111099	111103	LT934125.1	-	5	111103	219.449495	1001
12h	PC_12	111101	111119	LT934125.1	-	19	111101	2001.334224	1001
12h	C6	111103	111103	LT934125.1	-	1	111103	27.97418	1001
12h	C6	111103	111103	LT934125.1	-	1	111103	32.2841	1001
12h	PC_12	111103	111103	LT934125.1	-	1	111103	68.256124	1001
12h	PC_12	111103	111107	LT934125.1	-	5	111103	200.7629	1001
12h	PC_12	111103	111103	LT934125.1	-	1	111103	133.255157	1001
12h	PK_15	111103	111103	LT934125.1	-	1	111103	2923.976608	1001
12h	PK_15	111103	111103	LT934125.1	-	1	111103	1086.169442	1001
12h	PK_15	111103	111104	LT934125.1	-	2	111103	324.754405	1001
12h	PK_15	111103	111103	LT934125.1	-	1	111103	32.258325	1001
12h	PK_15	111103	111103	LT934125.1	-	1	111103	39.473857	1001
12h	PC_12_0.5h	111157	111157	LT934125.1	-	1	111157	32258.064516	1002
12h	PC_12	111360	111360	LT934125.1	-	1	111360	26.651031	1003
12h	PC_12	111662	111662	LT934125.1	-	1	111662	31.349928	1004
12h	PC_12	112058	112058	LT934125.1	-	1	112058	31.349928	1005
12h	PC_12	112144	112144	LT934125.1	-	1	112144	26.651031	1006
12h	PC_12	112864	112864	LT934125.1	-	1	112864	31.349928	1007
12h	PC_12	113002	113002	LT934125.1	-	1	113002	31.349928	1008
12h	C6	113426	113426	LT934125.1	-	1	113426	86.244071	1009
12h	PC_12	113523	113538	LT934125.1	-	16	113523	62.699856	1010
12h	PK_15	113523	113523	LT934125.1	-	1	113523	21.929921	1010
12h	C6	113556	113556	LT934125.1	-	1	113556	32.2841	1011
12h	PC_12	113694	113694	LT934125.1	-	1	113694	26.651031	1012
12h	PK_15	113733	113733	LT934125.1	-	1	113733	40.594301	1013
12h	PC_12	113816	113816	LT934125.1	-	1	113816	31.349928	1014
12h	PK_15	114125	114125	LT934125.1	-	1	114125	81.188601	1015
12h	PK_15	114138	114138	LT934125.1	-	1	114138	16.129162	1016
12h	PC_12	114506	114506	LT934125.1	-	1	114506	31.349928	1017
12h	C6	115306	115306	LT934125.1	-	1	115306	20.980635	1018
12h	PC_12	115346	115346	LT934125.1	-	1	115346	31.349928	1019
12h	PK_15	115353	115353	LT934125.1	-	1	115353	16.129162	1020
12h	PK_15	115492	115532	LT934125.1	-	41	115532	690.103111	1021
12h	PC_12	115496	115535	LT934125.1	-	40	115532	498.269708	1021
12h	PC_12	115496	115533	LT934125.1	-	38	115532	692.926816	1021
12h	C6	115505	115532	LT934125.1	-	28	115528	645.682001	1021
12h	PK_15	115514	115532	LT934125.1	-	19	115528	443.551963	1021
12h	C6	115518	115533	LT934125.1	-	16	115528	944.128569	1021
12h	C6	115522	115532	LT934125.1	-	11	115532	344.976283	1021
12h	PC_12	115527	115532	LT934125.1	-	6	115532	702.670147	1021
12h	PC_12	115527	115556	LT934125.1	-	30	115532	1348.0469	1021
12h	C6	115528	115528	LT934125.1	-	1	115528	1172.332943	1021
12h	C6	115528	115528	LT934125.1	-	1	115528	1050.972149	1021
12h	PC_12	115528	115532	LT934125.1	-	5	115528	1334.222816	1021
12h	PK_15	115528	115532	LT934125.1	-	5	115532	64.073227	1021
12h	PK_15	115528	115532	LT934125.1	-	5	115532	311.404875	1021
12h	PK_15	115581	115702	LT934125.1	-	122	115638	852.480319	1022
12h	C6	115602	115710	LT934125.1	-	109	115634	1104.980106	1022
12h	PK_15	115602	115680	LT934125.1	-	79	115638	684.213527	1022
12h	PC_12	115606	115718	LT934125.1	-	113	115634	1975.04546	1022
12h	PK_15	115606	115710	LT934125.1	-	105	115634	758.070628	1022
12h	PC_12	115612	115685	LT934125.1	-	74	115656	819.073491	1022
12h	PC_12	115624	115703	LT934125.1	-	80	115638	559.671654	1022
12h	PC_12	115633	115638	LT934125.1	-	6	115638	301.144349	1022
12h	C6	115634	115686	LT934125.1	-	53	115670	387.4092	1022
12h	PK_15	115634	115676	LT934125.1	-	43	115634	148.741419	1022
12h	C6	115638	115660	LT934125.1	-	23	115638	1576.458225	1022
12h	C6	115638	115666	LT934125.1	-	29	115656	948.684778	1022
12h	PC_12_2.5h	115638	115638	LT934125.1	-	1	115638	740.19245	1022
12h	PK_15	115656	115656	LT934125.1	-	1	115656	362.056481	1022
12h	PC_12	115685	115685	LT934125.1	-	1	115685	667.111408	1022
12h	C6	115855	115855	LT934125.1	-	1	115855	20.980635	1023
12h	PC_12	115929	115929	LT934125.1	-	1	115929	31.349928	1024
12h	PC_12	116149	116149	LT934125.1	-	1	116149	26.651031	1025
12h	C6	116570	116570	LT934125.1	-	1	116570	86.244071	1026
12h	C6	116579	116579	LT934125.1	-	1	116579	27.97418	1027
12h	PC_12	116579	116579	LT934125.1	-	1	116579	26.651031	1027
12h	PK_15	116771	116771	LT934125.1	-	1	116771	16.129162	1028
12h	PK_15	116789	116789	LT934125.1	-	1	116789	362.056481	1029
12h	C6	116843	116843	LT934125.1	-	1	116843	32.2841	1030
12h	PK_15	116858	116858	LT934125.1	-	1	116858	40.594301	1031
12h	PC_12	116868	116900	LT934125.1	-	33	116873	133.255156	1032
12h	PC_12	116873	116878	LT934125.1	-	6	116873	40.953674	1032
12h	PK_15	116873	116873	LT934125.1	-	1	116873	13.157952	1032
12h	PC_12	116878	116878	LT934125.1	-	1	116878	667.111408	1032
12h	C6	116890	116890	LT934125.1	-	1	116890	34.967725	1032
12h	C6	116890	116907	LT934125.1	-	18	116890	172.488142	1032
12h	PC_12	116910	116910	LT934125.1	-	1	116910	31.349928	1033
12h	PC_12	116915	116915	LT934125.1	-	1	116915	100.38145	1034
12h	PC_12	117246	117246	LT934125.1	-	1	117246	26.651031	1035
12h	PC_12	117340	117340	LT934125.1	-	1	117340	31.349928	1036
12h	PC_12	117733	117733	LT934125.1	-	1	117733	31.349928	1037
12h	C6	117778	117778	LT934125.1	-	1	117778	32.2841	1038
12h	PC_12	117853	117853	LT934125.1	-	1	117853	31.349928	1039
12h	C6	118007	118007	LT934125.1	-	1	118007	32.2841	1040
12h	PC_12	118008	118008	LT934125.1	-	1	118008	31.349928	1041
12h	PC_12	118093	118093	LT934125.1	-	1	118093	100.38145	1042
12h	PC_12	118199	118199	LT934125.1	-	1	118199	62.699856	1043
12h	PC_12	118215	118215	LT934125.1	-	1	118215	26.651031	1044
12h	C6	118376	118400	LT934125.1	-	25	118400	603.708495	1045
12h	PC_12	118376	118400	LT934125.1	-	25	118400	75.081736	1045
12h	PC_12	118376	118400	LT934125.1	-	25	118400	219.449496	1045
12h	PK_15	118376	118400	LT934125.1	-	25	118376	40.322905	1045
12h	PC_12	118378	118420	LT934125.1	-	43	118400	159.906188	1045
12h	C6	118379	118400	LT934125.1	-	22	118400	161.4205	1045
12h	PC_12_2.5h	118399	118399	LT934125.1	-	1	118399	740.19245	1045
12h	C6	118400	118400	LT934125.1	-	1	118400	41.96127	1045
12h	NRK	118400	118400	LT934125.1	-	1	118400	3236.245955	1045
12h	PC_12	118400	118400	LT934125.1	-	1	118400	100.38145	1045
12h	PK_15	118400	118400	LT934125.1	-	1	118400	17.543937	1045
12h	PC_12	118504	118504	LT934125.1	-	1	118504	100.38145	1046
12h	C6	118694	118694	LT934125.1	-	1	118694	86.244071	1047
12h	C6	118706	118749	LT934125.1	-	44	118706	129.1364	1048
12h	PC_12	118724	118726	LT934125.1	-	3	118724	200.7629	1048
12h	PC_12	118724	118724	LT934125.1	-	1	118724	31.349928	1048
12h	PC_12	118727	118734	LT934125.1	-	8	118727	79.953093	1048
12h	C6	118729	118729	LT934125.1	-	1	118729	525.486075	1048
12h	NRK	118739	118739	LT934125.1	-	1	118739	3236.245955	1048
12h	C6	118930	118930	LT934125.1	-	1	118930	86.244071	1049
12h	PC_12	119031	119061	LT934125.1	-	31	119058	293.501333	1050
12h	PK_15	119031	119058	LT934125.1	-	28	119031	724.112962	1050
12h	PC_12	119033	119070	LT934125.1	-	38	119058	564.298703	1050
12h	PC_12	119034	119061	LT934125.1	-	28	119058	346.463408	1050
12h	PK_15	119034	119061	LT934125.1	-	28	119061	243.565805	1050
12h	C6	119035	119061	LT934125.1	-	27	119058	225.9887	1050
12h	C6	119040	119067	LT934125.1	-	28	119058	524.515873	1050
12h	PC_12	119057	119059	LT934125.1	-	3	119057	1334.222816	1050
12h	PC_12	119058	119058	LT934125.1	-	1	119058	100.38145	1050
12h	PK_15	119058	119058	LT934125.1	-	1	119058	36.613272	1050
12h	PK_15	119058	119058	LT934125.1	-	1	119058	16.129162	1050
12h	PK_15	119058	119058	LT934125.1	-	1	119058	52.63181	1050
12h	C6	119061	119061	LT934125.1	-	1	119061	1540.832049	1050
12h	C6	119067	119067	LT934125.1	-	1	119067	1172.332943	1050
12h	PK_15	119299	119299	LT934125.1	-	1	119299	40.594301	1051
12h	PK_15	119314	119314	LT934125.1	-	1	119314	13.157952	1052
12h	PC_12	119325	119325	LT934125.1	-	1	119325	26.651031	1053
12h	PC_12	119359	119359	LT934125.1	-	1	119359	27.30245	1054
12h	PC_12	119359	119359	LT934125.1	-	1	119359	667.111408	1054
12h	PC_12	119359	119362	LT934125.1	-	4	119359	62.699856	1054
12h	C6	119362	119362	LT934125.1	-	1	119362	20.980635	1054
12h	PK_15	119430	119444	LT934125.1	-	15	119430	121.782903	1055
12h	PC_12	119439	119439	LT934125.1	-	1	119439	100.38145	1055
12h	C6	119478	119499	LT934125.1	-	22	119499	314.709524	1056
12h	PC_12	119478	119499	LT934125.1	-	22	119481	197.94276	1056
12h	PK_15	119479	119499	LT934125.1	-	21	119481	72.581229	1056
12h	C6	119481	119503	LT934125.1	-	23	119481	96.8523	1056
12h	PC_12	119481	119499	LT934125.1	-	19	119499	133.255156	1056
12h	PC_12	119481	119501	LT934125.1	-	21	119499	156.74964	1056
12h	PK_15	119481	119499	LT934125.1	-	19	119499	57.208238	1056
12h	PK_15	119481	119499	LT934125.1	-	19	119499	83.333698	1056
12h	PC_12	119495	119499	LT934125.1	-	5	119495	1334.222816	1056
12h	PC_12_2.5h	119496	119496	LT934125.1	-	1	119496	740.19245	1056
12h	C6	119499	119499	LT934125.1	-	1	119499	86.244071	1056
12h	PK_15	119499	119499	LT934125.1	-	1	119499	362.056481	1056
12h	PC_12	119641	119641	LT934125.1	-	1	119641	31.349928	1057
12h	PK_15	119688	119688	LT934125.1	-	1	119688	17.543937	1058
12h	C6	119896	119931	LT934125.1	-	36	119910	251.767619	1059
12h	PC_12	119899	119935	LT934125.1	-	37	119910	675.735629	1059
12h	PC_12	119907	119935	LT934125.1	-	29	119910	319.812374	1059
12h	C6	119910	119910	LT934125.1	-	1	119910	525.486075	1059
12h	C6	119910	119916	LT934125.1	-	7	119910	344.976283	1059
12h	C6	119910	119931	LT934125.1	-	22	119910	516.5456	1059
12h	PC_12	119910	119910	LT934125.1	-	1	119910	200.762899	1059
12h	PC_12	119910	119935	LT934125.1	-	26	119923	783.748199	1059
12h	PK_15	119910	119923	LT934125.1	-	14	119923	72.58123	1059
12h	PK_15	119910	119923	LT934125.1	-	14	119923	65.789762	1059
12h	PK_15	119923	119923	LT934125.1	-	1	119923	32.036613	1059
12h	PK_15	119990	119993	LT934125.1	-	4	119993	162.377203	1060
12h	PK_15	119991	119991	LT934125.1	-	1	119991	362.056481	1060
12h	PC_12_1.5h	120055	120055	LT934125.1	-	1	120055	2212.389381	1061
12h	C6	120057	120069	LT934125.1	-	13	120057	344.976283	1062
12h	PC_12	120057	120062	LT934125.1	-	6	120057	53.302062	1062
12h	PK_15	120137	120137	LT934125.1	-	1	120137	16.129162	1063
12h	PC_12	120138	120138	LT934125.1	-	1	120138	40.953675	1064
12h	PK_15	120139	120139	LT934125.1	-	1	120139	40.594301	1065
12h	C6	120142	120142	LT934125.1	-	1	120142	525.486075	1066
12h	PC_12	120234	120250	LT934125.1	-	17	120241	125.399712	1067
12h	C6	120237	120237	LT934125.1	-	1	120237	64.5682	1067
12h	PC_12	120237	120241	LT934125.1	-	5	120237	200.7629	1067
12h	PK_15	120239	120239	LT934125.1	-	1	120239	40.594301	1067
12h	C6	120241	120241	LT934125.1	-	1	120241	83.922539	1067
12h	PC_12	120241	120241	LT934125.1	-	1	120241	109.209799	1067
12h	PK_15	120241	120241	LT934125.1	-	1	120241	16.018307	1067
12h	PK_15	120241	120241	LT934125.1	-	1	120241	32.258325	1067
12h	PC_12	120405	120454	LT934125.1	-	50	120431	860.027166	1068
12h	PC_12	120408	120454	LT934125.1	-	47	120433	658.348488	1068
12h	C6	120409	120454	LT934125.1	-	46	120431	538.502963	1068
12h	C6	120418	120454	LT934125.1	-	37	120454	322.841	1068
12h	PK_15	120418	120454	LT934125.1	-	37	120431	139.588101	1068
12h	PC_12	120421	120431	LT934125.1	-	11	120421	79.953093	1068
12h	C6	120429	120429	LT934125.1	-	1	120429	1172.332943	1068
12h	PC_12	120431	120431	LT934125.1	-	1	120431	100.38145	1068
12h	PK_15	120431	120454	LT934125.1	-	24	120431	121.782902	1068
12h	PK_15	120431	120431	LT934125.1	-	1	120431	104.839555	1068
12h	PK_15	120431	120454	LT934125.1	-	24	120431	114.035588	1068
12h	PC_12	120676	120676	LT934125.1	-	1	120676	31.349928	1069
12h	C6	121127	121127	LT934125.1	-	1	121127	32.2841	1070
12h	PC_12	121344	121361	LT934125.1	-	18	121344	125.399712	1071
12h	PC_12	121418	121418	LT934125.1	-	1	121418	26.651031	1072
12h	C6	121484	121484	LT934125.1	-	1	121484	86.244071	1073
12h	PC_12	121498	121524	LT934125.1	-	27	121498	62.699856	1074
12h	C6	121507	121507	LT934125.1	-	1	121507	34.967725	1074
12h	PC_12	121532	121532	LT934125.1	-	1	121532	20.476837	1075
12h	PC_12	121574	121574	LT934125.1	-	1	121574	100.38145	1076
12h	C6	121762	121762	LT934125.1	-	1	121762	86.244071	1077
12h	PC_12	121829	121856	LT934125.1	-	28	121829	53.302062	1078
12h	PC_12	121832	121872	LT934125.1	-	41	121832	156.74964	1078
12h	PC_12	121856	121878	LT934125.1	-	23	121878	81.907349	1078
12h	PK_15	121856	121856	LT934125.1	-	1	121856	40.594301	1078
12h	PC_12	122009	122009	LT934125.1	-	1	122009	26.651031	1079
12h	PC_12	122044	122044	LT934125.1	-	1	122044	667.111408	1080
12h	PC_12	122086	122106	LT934125.1	-	21	122086	94.049784	1081
12h	C6	122105	122105	LT934125.1	-	1	122105	32.2841	1081
12h	PK_15	122312	122320	LT934125.1	-	9	122312	81.188602	1082
12h	PC_12	122318	122322	LT934125.1	-	5	122320	219.449496	1082
12h	C6	122412	122462	LT934125.1	-	51	122413	265.75471	1083
12h	C6	122413	122428	LT934125.1	-	16	122413	96.8523	1083
12h	PC_12	122413	122428	LT934125.1	-	16	122424	368.58307	1083
12h	PC_12	122413	122461	LT934125.1	-	49	122413	159.906186	1083
12h	PC_12	122413	122497	LT934125.1	-	85	122424	626.998558	1083
12h	PK_15	122413	122424	LT934125.1	-	12	122413	66.361556	1083
12h	PK_15	122413	122424	LT934125.1	-	12	122413	88.710392	1083
12h	PK_15	122413	122424	LT934125.1	-	12	122413	131.579526	1083
12h	PC_12	122424	122424	LT934125.1	-	1	122424	100.38145	1083
12h	C6	122489	122489	LT934125.1	-	1	122489	86.244071	1083
12h	PC_12	122719	122723	LT934125.1	-	5	122719	62.699856	1084
12h	C6	122803	122803	LT934125.1	-	1	122803	32.2841	1085
12h	C6	122806	122806	LT934125.1	-	1	122806	41.96127	1086
12h	PC_12	122806	122812	LT934125.1	-	7	122806	47.779287	1086
12h	PK_15	122806	122806	LT934125.1	-	1	122806	13.157952	1086
12h	PK_15	122812	122812	LT934125.1	-	1	122812	16.129162	1086
12h	PC_12	122831	122831	LT934125.1	-	1	122831	26.651031	1087
12h	PK_15	122831	122831	LT934125.1	-	1	122831	40.594301	1087
12h	PC_12	123008	123008	LT934125.1	-	1	123008	31.349928	1088
12h	PK_15	123249	123249	LT934125.1	-	1	123249	362.056481	1089
12h	PC_12	123501	123501	LT934125.1	-	1	123501	667.111408	1090
12h	C6	123537	123537	LT934125.1	-	1	123537	32.2841	1091
12h	PC_12	123663	123663	LT934125.1	-	1	123663	31.349928	1092
12h	PC_12_2.5h	123705	123705	LT934125.1	-	1	123705	740.19245	1093
12h	PC_12	123763	123763	LT934125.1	-	1	123763	26.651031	1094
12h	PC_12	123859	123888	LT934125.1	-	30	123859	200.7629	1095
12h	PC_12	123859	123859	LT934125.1	-	1	123859	31.349928	1095
12h	PK_15	124262	124262	LT934125.1	-	1	124262	362.056481	1096
12h	PC_12	124278	124278	LT934125.1	-	1	124278	31.349928	1097
12h	PK_15	124344	124344	LT934125.1	-	1	124344	13.157952	1098
12h	PK_15	124491	124491	LT934125.1	-	1	124491	40.594301	1099
12h	PK_15	124574	124574	LT934125.1	-	1	124574	2923.976608	1100
12h	C6	124700	124707	LT934125.1	-	8	124700	258.732213	1101
12h	PC_12	124700	124724	LT934125.1	-	25	124704	106.604125	1101
12h	PC_12	124703	124862	LT934125.1	-	160	124819	815.098127	1101
12h	PK_15	124703	124704	LT934125.1	-	2	124703	724.112962	1101
12h	C6	124704	124704	LT934125.1	-	1	124704	1172.332943	1101
12h	C6	124704	124704	LT934125.1	-	1	124704	96.8523	1101
12h	PC_12_2.5h	124704	124704	LT934125.1	-	1	124704	740.19245	1101
12h	PC_12	124704	124704	LT934125.1	-	1	124704	1334.222815	1101
12h	PK_15	124704	124704	LT934125.1	-	1	124704	22.883295	1101
12h	PK_15	124704	124724	LT934125.1	-	21	124704	52.631809	1101
12h	C6	124781	124814	LT934125.1	-	34	124781	321.70307	1101
12h	PC_12	124781	124819	LT934125.1	-	39	124781	245.722046	1101
12h	PC_12	124800	124800	LT934125.1	-	1	124800	2227.171492	1101
12h	PK_15	124802	124804	LT934125.1	-	3	124802	202.971504	1101
12h	PK_15	124802	124804	LT934125.1	-	3	124804	72.58123	1101
12h	PK_15	124804	124805	LT934125.1	-	2	124804	25.171625	1101
12h	PK_15	124804	124805	LT934125.1	-	2	124804	30.701889	1101
12h	PC_12	124819	124819	LT934125.1	-	1	124819	667.111408	1101
12h	PC_12	125129	125130	LT934125.1	-	2	125130	94.049784	1102
12h	C6	125130	125130	LT934125.1	-	1	125130	20.980635	1102
12h	PC_12	125130	125130	LT934125.1	-	1	125130	20.476837	1102
12h	PC_12	125130	125130	LT934125.1	-	1	125130	26.651031	1102
12h	C6	125214	125214	LT934125.1	-	1	125214	86.244071	1103
12h	PK_15	125216	125216	LT934125.1	-	1	125216	40.594301	1104
12h	C6	125505	125505	LT934125.1	-	1	125505	27.97418	1105
12h	C6	125505	125505	LT934125.1	-	1	125505	64.5682	1105
12h	PC_12	125505	125505	LT934125.1	-	1	125505	20.476837	1105
12h	PC_12	125505	125505	LT934125.1	-	1	125505	62.699856	1105
12h	PC_12	125565	125565	LT934125.1	-	1	125565	667.111408	1106
12h	PK_15	125618	125618	LT934125.1	-	1	125618	40.594301	1107
12h	PC_12	125666	125666	LT934125.1	-	1	125666	53.302063	1108
12h	PC_12	125803	125805	LT934125.1	-	3	125803	62.699856	1109
12h	PK_15	125980	125980	LT934125.1	-	1	125980	362.056481	1110
12h	C6	126103	126112	LT934125.1	-	10	126112	209.806349	1111
12h	PC_12	126103	126112	LT934125.1	-	10	126112	143.337862	1111
12h	PC_12	126103	126112	LT934125.1	-	10	126112	188.099568	1111
12h	PK_15	126103	126112	LT934125.1	-	10	126103	32.258324	1111
12h	C6	126111	126112	LT934125.1	-	2	126112	129.1364	1111
12h	PK_15	126111	126111	LT934125.1	-	1	126111	40.594301	1111
12h	C6	126112	126112	LT934125.1	-	1	126112	525.486075	1111
12h	PC_12	126112	126112	LT934125.1	-	1	126112	79.953094	1111
12h	PK_15	126112	126112	LT934125.1	-	1	126112	43.478261	1111
12h	PK_15	126112	126112	LT934125.1	-	1	126112	13.157952	1111
12h	PC_12	126847	127674	LT934125.1	-	828	126945	6552.134948	1112
12h	C6	126864	127472	LT934125.1	-	609	126926	4455.2058	1112
12h	C6	126881	127110	LT934125.1	-	230	127095	1121.172922	1112
12h	PK_15	126881	127456	LT934125.1	-	576	126958	4314.550896	1112
12h	PK_15	126881	127456	LT934125.1	-	576	126926	3500.015351	1112
12h	C6	126900	127127	LT934125.1	-	228	127127	3516.998828	1112
12h	C6	126915	127459	LT934125.1	-	545	126926	2748.463178	1112
12h	PC_12	126917	127456	LT934125.1	-	540	126926	1952.125149	1112
12h	C6	126923	127176	LT934125.1	-	254	126923	2101.9443	1112
12h	PC_12	126925	127452	LT934125.1	-	528	126963	8005.336894	1112
12h	NRK	126926	126926	LT934125.1	-	1	126926	3236.245955	1112
12h	PC_12	126926	127456	LT934125.1	-	531	127089	3251.425813	1112
12h	PK_15	126926	127362	LT934125.1	-	437	126926	988.558354	1112
12h	PK_15	126926	127457	LT934125.1	-	532	126926	4465.373083	1112
12h	PK_15	126958	127126	LT934125.1	-	169	127111	3982.621291	1112
12h	PK_15	126963	127176	LT934125.1	-	214	126963	8771.929824	1112
12h	PC_12	127000	127459	LT934125.1	-	460	127222	3412.969298	1112
12h	C6	127002	127386	LT934125.1	-	385	127002	6163.328196	1112
12h	PC_12_2.5h	127002	127326	LT934125.1	-	325	127117	8882.3094	1112
12h	PC_12	127035	127439	LT934125.1	-	405	127439	15590.200444	1112
12h	PC_12_1.5h	127055	127441	LT934125.1	-	387	127055	13274.336286	1112
12h	PK_15	127494	127930	LT934125.1	-	437	127902	2313.875145	1112
12h	PK_15	127494	127902	LT934125.1	-	409	127902	2048.403601	1112
12h	PK_15	127494	127902	LT934125.1	-	409	127902	1092.11005	1112
12h	PC_12	127498	127827	LT934125.1	-	330	127563	2208.391899	1112
12h	C6	127501	127902	LT934125.1	-	402	127522	1724.881417	1112
12h	PC_12	127514	127902	LT934125.1	-	389	127902	1812.270124	1112
12h	C6	127522	127831	LT934125.1	-	310	127547	1678.773201	1112
12h	PC_12	127543	127902	LT934125.1	-	360	127597	470.967258	1112
12h	PC_12_2.5h	127552	127701	LT934125.1	-	150	127552	1480.3849	1112
12h	PK_15	127562	127902	LT934125.1	-	341	127902	368.421054	1112
12h	C6	127567	127683	LT934125.1	-	117	127567	2344.665886	1112
12h	PK_15	127587	127949	LT934125.1	-	363	127611	3620.56481	1112
12h	C6	127645	127902	LT934125.1	-	258	127902	419.6127	1112
12h	PC_12	127713	127827	LT934125.1	-	115	127718	940.497839	1112
12h	PC_12	127754	127876	LT934125.1	-	123	127754	1334.222816	1112
12h	NRK	127827	127827	LT934125.1	-	1	127827	3236.245955	1112
12h	C6	127958	127958	LT934125.1	-	1	127958	525.486075	1113
12h	PC_12	128068	128068	LT934125.1	-	1	128068	2227.171492	1114
12h	C6	128114	128114	LT934125.1	-	1	128114	32.2841	1115
12h	PC_12	128115	128115	LT934125.1	-	1	128115	31.349928	1116
12h	PK_15	128122	128144	LT934125.1	-	23	128122	81.188602	1117
12h	PC_12	128144	128144	LT934125.1	-	1	128144	100.38145	1117
12h	PC_12	128144	128181	LT934125.1	-	38	128155	159.906188	1117
12h	PK_15	128144	128173	LT934125.1	-	30	128155	96.774974	1117
12h	PK_15	128155	128155	LT934125.1	-	1	128155	21.929921	1117
12h	C6	128173	128173	LT934125.1	-	1	128173	27.97418	1117
12h	PK_15	128181	128282	LT934125.1	-	102	128181	724.112962	1117
12h	NRK	128209	128209	LT934125.1	-	1	128209	3236.245955	1117
12h	C6	128242	128253	LT934125.1	-	12	128242	258.732212	1117
12h	PC_12_2.5h	128242	128242	LT934125.1	-	1	128242	740.19245	1117
12h	PK_15	128242	128242	LT934125.1	-	1	128242	22.883295	1117
12h	PK_15	128431	128431	LT934125.1	-	1	128431	24.193743	1118
12h	PC_12	128441	128441	LT934125.1	-	1	128441	31.349928	1119
12h	C6	128445	128451	LT934125.1	-	7	128445	172.488142	1120
12h	PK_15	128461	128461	LT934125.1	-	1	128461	13.157952	1121
12h	PC_12	128473	128479	LT934125.1	-	7	128473	53.302062	1122
12h	PC_12	128714	128732	LT934125.1	-	19	128732	73496.659242	1123
12h	PC_12	128728	128732	LT934125.1	-	5	128732	92061.37425	1123
12h	PK_15	128728	128732	LT934125.1	-	5	128732	54670.528603	1123
12h	C6	128729	128738	LT934125.1	-	10	128732	60347.299443	1123
12h	C6	128729	128732	LT934125.1	-	4	128732	89368.25886	1123
12h	C6	128729	128732	LT934125.1	-	4	128732	110199.296601	1123
12h	C6	128729	128738	LT934125.1	-	10	128732	110877.561745	1123
12h	C6	128729	128738	LT934125.1	-	10	128732	78568.348427	1123
12h	C6	128729	128738	LT934125.1	-	10	128732	55883.77724	1123
12h	NRK	128729	128732	LT934125.1	-	4	128732	42071.197411	1123
12h	PC_12_1.5h	128729	128732	LT934125.1	-	4	128732	50884.955753	1123
12h	PC_12	128729	128738	LT934125.1	-	10	128732	39574.900859	1123
12h	PC_12_2.5h	128729	128732	LT934125.1	-	4	128732	58475.203553	1123
12h	PC_12	128729	128738	LT934125.1	-	10	128732	144047.380046	1123
12h	PC_12	128729	128738	LT934125.1	-	10	128732	118117.371142	1123
12h	PC_12	128729	128767	LT934125.1	-	39	128732	44548.247539	1123
12h	PK_15	128729	128738	LT934125.1	-	10	128732	19665.903891	1123
12h	PK_15	128729	128732	LT934125.1	-	4	128732	14619.883041	1123
12h	PK_15	128729	128738	LT934125.1	-	10	128732	79564.829099	1123
12h	PK_15	128729	128738	LT934125.1	-	10	128732	80436.132549	1123
12h	PK_15	128729	128738	LT934125.1	-	10	128732	55259.014294	1123
12h	PC_12_0.5h	128732	128732	LT934125.1	-	1	128732	32258.064516	1123
12h	PK_15	128880	128880	LT934125.1	-	1	128880	40.594301	1124
12h	PK_15	128882	128882	LT934125.1	-	1	128882	11.441648	1125
12h	PK_15	128882	128882	LT934125.1	-	1	128882	24.193743	1125
12h	C6	128956	128956	LT934125.1	-	1	128956	32.2841	1126
12h	PK_15	129741	129741	LT934125.1	-	1	129741	16.129162	1127
12h	PC_12	130162	130162	LT934125.1	-	1	130162	26.651031	1128
12h	PC_12	130273	130284	LT934125.1	-	12	130284	219.449496	1129
12h	C6	130277	130277	LT934125.1	-	1	130277	32.2841	1129
12h	PC_12	130282	130284	LT934125.1	-	3	130282	54.6049	1129
12h	PC_12	130282	130284	LT934125.1	-	3	130284	301.144349	1129
12h	C6	130284	130284	LT934125.1	-	1	130284	1172.332943	1129
12h	PC_12	130284	130306	LT934125.1	-	23	130284	53.302062	1129
12h	PC_12	130445	130445	LT934125.1	-	1	130445	31.349928	1130
12h	C6	130474	130474	LT934125.1	-	1	130474	86.244071	1131
12h	PC_12	130558	130558	LT934125.1	-	1	130558	26.651031	1132
12h	PC_12	130714	130714	LT934125.1	-	1	130714	26.651031	1133
12h	PC_12	130804	130833	LT934125.1	-	30	130831	186.557219	1134
12h	C6	130829	130833	LT934125.1	-	5	130833	96.8523	1134
12h	PK_15	130829	130834	LT934125.1	-	6	130833	201.614528	1134
12h	C6	130831	130833	LT934125.1	-	3	130833	118.890264	1134
12h	PC_12	130831	130833	LT934125.1	-	3	130833	102.384186	1134
12h	PK_15	130831	130833	LT934125.1	-	3	130833	68.649886	1134
12h	PK_15	130831	130833	LT934125.1	-	3	130833	153.509445	1134
12h	C6	130833	130833	LT934125.1	-	1	130833	86.244071	1134
12h	PC_12	130833	130862	LT934125.1	-	30	130833	94.049784	1134
12h	PK_15	130833	130833	LT934125.1	-	1	130833	40.594301	1134
12h	PK_15	131388	131388	LT934125.1	-	1	131388	17.543937	1135
12h	PC_12	131411	131411	LT934125.1	-	1	131411	100.38145	1136
12h	PK_15	131926	131926	LT934125.1	-	1	131926	17.543937	1137
12h	PC_12	131932	131932	LT934125.1	-	1	131932	26.651031	1138
12h	PK_15	132260	132260	LT934125.1	-	1	132260	40.594301	1139
12h	PC_12	132828	132828	LT934125.1	-	1	132828	31.349928	1140
12h	PC_12	132914	132914	LT934125.1	-	1	132914	667.111408	1141
12h	PC_12	133024	133024	LT934125.1	-	1	133024	31.349928	1142
12h	PK_15	133025	133025	LT934125.1	-	1	133025	40.594301	1143
12h	PK_15	133025	133025	LT934125.1	-	1	133025	17.543937	1143
12h	PC_12	133040	133040	LT934125.1	-	1	133040	26.651031	1144
12h	PC_12	133147	133147	LT934125.1	-	1	133147	667.111408	1145
12h	PC_12	133315	133315	LT934125.1	-	1	133315	31.349928	1146
12h	PC_12	133620	133620	LT934125.1	-	1	133620	31.349928	1147
12h	PC_12	134221	134221	LT934125.1	-	1	134221	26.651031	1148
12h	PC_12_2.5h	134263	134263	LT934125.1	-	1	134263	740.19245	1149
12h	PC_12	134322	134322	LT934125.1	-	1	134322	26.651031	1150
12h	PC_12	134325	134325	LT934125.1	-	1	134325	100.38145	1151
12h	C6	134645	134645	LT934125.1	-	1	134645	86.244071	1152
12h	PC_12	134981	135031	LT934125.1	-	51	134981	125.399712	1153
12h	PK_15	135012	135012	LT934125.1	-	1	135012	362.056481	1153
12h	PC_12	135016	135016	LT934125.1	-	1	135016	20.476837	1153
12h	PC_12	135016	135158	LT934125.1	-	143	135016	106.604124	1153
12h	PK_15	135016	135031	LT934125.1	-	16	135031	25.171625	1153
12h	C6	135037	135047	LT934125.1	-	11	135037	64.5682	1153
12h	PC_12	135037	135056	LT934125.1	-	20	135037	301.14435	1153
12h	PK_15	135080	135168	LT934125.1	-	89	135080	145.162461	1153
12h	PK_15	135085	135085	LT934125.1	-	1	135085	40.594301	1153
12h	C6	135094	135094	LT934125.1	-	1	135094	20.980635	1153
12h	PK_15	135132	135161	LT934125.1	-	30	135132	35.087874	1153
12h	PK_15	135284	135284	LT934125.1	-	1	135284	40.594301	1154
12h	PC_12_2.5h	135343	135343	LT934125.1	-	1	135343	740.19245	1155
12h	PC_12	135369	135427	LT934125.1	-	59	135407	177.465923	1156
12h	PC_12	135369	135369	LT934125.1	-	1	135369	667.111408	1156
12h	C6	135379	135407	LT934125.1	-	29	135379	172.488142	1156
12h	PC_12	135386	135386	LT934125.1	-	1	135386	2227.171492	1156
12h	PC_12	135386	135408	LT934125.1	-	23	135407	702.670148	1156
12h	PC_12	135388	135465	LT934125.1	-	78	135407	346.463406	1156
12h	PK_15	135388	135465	LT934125.1	-	78	135407	139.588101	1156
12h	PK_15	135388	135445	LT934125.1	-	58	135407	243.565805	1156
12h	PK_15	135388	135562	LT934125.1	-	175	135497	411.293635	1156
12h	C6	135389	135428	LT934125.1	-	40	135407	225.9887	1156
12h	PC_12	135405	135410	LT934125.1	-	6	135407	219.449496	1156
12h	C6	135407	135407	LT934125.1	-	1	135407	20.980635	1156
12h	PK_15	135407	135465	LT934125.1	-	59	135407	109.649603	1156
12h	PK_15	135497	135531	LT934125.1	-	35	135531	75.514874	1156
12h	PK_15	135497	135497	LT934125.1	-	1	135497	362.056481	1156
12h	PC_12	135531	135558	LT934125.1	-	28	135531	102.384186	1156
12h	C6	135550	135562	LT934125.1	-	13	135550	96.8523	1156
12h	PC_12	135550	135550	LT934125.1	-	1	135550	200.762899	1156
12h	PC_12	135550	135562	LT934125.1	-	13	135550	106.604126	1156
12h	C6	135562	135562	LT934125.1	-	1	135562	20.980635	1156
12h	PK_15	135619	135752	LT934125.1	-	134	135619	243.565805	1157
12h	PK_15	135638	135666	LT934125.1	-	29	135666	74.56173	1157
12h	C6	135666	135666	LT934125.1	-	1	135666	20.980635	1157
12h	C6	135666	135777	LT934125.1	-	112	135666	172.488142	1157
12h	PC_12	135666	135666	LT934125.1	-	1	135666	47.779287	1157
12h	PC_12	135666	135682	LT934125.1	-	17	135666	79.953094	1157
12h	PC_12	135666	135666	LT934125.1	-	1	135666	62.699856	1157
12h	PK_15	135666	135666	LT934125.1	-	1	135666	25.171625	1157
12h	PK_15	135666	135666	LT934125.1	-	1	135666	56.452068	1157
12h	PC_12_2.5h	135703	135703	LT934125.1	-	1	135703	740.19245	1157
12h	PC_12	135726	135726	LT934125.1	-	1	135726	100.38145	1157
12h	PC_12	135748	135748	LT934125.1	-	1	135748	667.111408	1157
12h	PK_15	135886	135886	LT934125.1	-	1	135886	362.056481	1158
12h	C6	135892	135892	LT934125.1	-	1	135892	20.980635	1159
12h	PC_12	135892	135892	LT934125.1	-	1	135892	100.38145	1159
12h	PK_15	135892	135899	LT934125.1	-	8	135892	64.516649	1159
12h	PC_12	135899	135899	LT934125.1	-	1	135899	31.349928	1159
12h	PK_15	135931	135931	LT934125.1	-	1	135931	40.594301	1160
12h	C6	135963	135963	LT934125.1	-	1	135963	172.488141	1161
12h	PC_12	135963	135963	LT934125.1	-	1	135963	40.953675	1161
12h	PC_12	135965	135965	LT934125.1	-	1	135965	26.651031	1162
12h	C6	136047	136047	LT934125.1	-	1	136047	27.97418	1163
12h	PK_15	136097	136104	LT934125.1	-	8	136103	469.107552	1164
12h	PK_15	136101	136103	LT934125.1	-	3	136103	88.710392	1164
12h	PK_15	136102	136103	LT934125.1	-	2	136103	223.685192	1164
12h	C6	136103	136103	LT934125.1	-	1	136103	172.488141	1164
12h	C6	136103	136144	LT934125.1	-	42	136103	129.1364	1164
12h	PC_12	136103	136103	LT934125.1	-	1	136103	68.256124	1164
12h	PC_12	136103	136103	LT934125.1	-	1	136103	106.604126	1164
12h	PC_12	136103	136131	LT934125.1	-	29	136103	62.699856	1164
12h	PK_15	136103	136103	LT934125.1	-	1	136103	362.056481	1164
12h	PK_15	136103	136103	LT934125.1	-	1	136103	81.188601	1164
12h	PK_15	136180	136326	LT934125.1	-	147	136235	5155.476177	1165
12h	PK_15	136193	136360	LT934125.1	-	168	136235	4008.096832	1165
12h	C6	136208	136328	LT934125.1	-	121	136235	2227.602903	1165
12h	PC_12	136208	136244	LT934125.1	-	37	136235	1276.389526	1165
12h	PK_15	136208	136244	LT934125.1	-	37	136235	1100.686499	1165
12h	PK_15	136208	136328	LT934125.1	-	121	136235	3736.858493	1165
12h	C6	136212	136244	LT934125.1	-	33	136235	783.277037	1165
12h	PC_12	136212	136349	LT934125.1	-	138	136234	1465.806723	1165
12h	PC_12	136218	136328	LT934125.1	-	111	136235	2570.69409	1165
12h	C6	136232	136288	LT934125.1	-	57	136234	1293.661062	1165
12h	PC_12	136232	136236	LT934125.1	-	5	136232	501.907249	1165
12h	PC_12_2.5h	136235	136235	LT934125.1	-	1	136235	2220.57735	1165
12h	PC_12	136235	136235	LT934125.1	-	1	136235	1334.222815	1165
12h	PK_15	136235	136235	LT934125.1	-	1	136235	1810.282404	1165
12h	PC_12	136238	136238	LT934125.1	-	1	136238	2227.171492	1165
12h	C6	136290	136297	LT934125.1	-	8	136290	1050.97215	1165
12h	PC_12	136409	136409	LT934125.1	-	1	136409	40.953675	1166
12h	C6	136546	136546	LT934125.1	-	1	136546	32.2841	1167
12h	PC_12	136546	136546	LT934125.1	-	1	136546	53.302063	1167
12h	PC_12	136546	136546	LT934125.1	-	1	136546	31.349928	1167
12h	PK_15	136546	136546	LT934125.1	-	1	136546	32.258325	1167
12h	PK_15	136546	136546	LT934125.1	-	1	136546	17.543937	1167
12h	PK_15	136554	136554	LT934125.1	-	1	136554	40.594301	1168
12h	PC_12	136680	136689	LT934125.1	-	10	136680	106.604124	1169
12h	C6	136682	136688	LT934125.1	-	7	136686	83.92254	1169
12h	PC_12	136682	136686	LT934125.1	-	5	136682	150.163474	1169
12h	PC_12	136682	136682	LT934125.1	-	1	136682	2227.171492	1169
12h	PC_12	136682	136689	LT934125.1	-	8	136682	94.049784	1169
12h	PK_15	136682	136689	LT934125.1	-	8	136682	284.160106	1169
12h	PK_15	136682	136688	LT934125.1	-	7	136685	129.033298	1169
12h	PK_15	136682	136688	LT934125.1	-	7	136682	144.737477	1169
12h	PK_15	136684	136688	LT934125.1	-	5	136684	724.112962	1169
12h	PK_15	136685	136688	LT934125.1	-	4	136685	8771.929824	1169
12h	C6	136686	136686	LT934125.1	-	1	136686	86.244071	1169
12h	PC_12	136686	136686	LT934125.1	-	1	136686	667.111408	1169
12h	PC_12	136686	136686	LT934125.1	-	1	136686	100.38145	1169
12h	PK_15	136801	136801	LT934125.1	-	1	136801	362.056481	1170
12h	PC_12	136854	136854	LT934125.1	-	1	136854	200.762899	1171
12h	C6	136864	136864	LT934125.1	-	1	136864	86.244071	1172
12h	PC_12	136874	136899	LT934125.1	-	26	136874	79.953093	1173
12h	PK_15	136874	136878	LT934125.1	-	5	136874	81.188602	1173
12h	PC_12	136887	136911	LT934125.1	-	25	136887	62.699856	1173
12h	C6	137055	137055	LT934125.1	-	1	137055	32.2841	1174
12h	C6	137116	137121	LT934125.1	-	6	137116	83.92254	1175
12h	PK_15	137116	137123	LT934125.1	-	8	137121	14619.88304	1175
12h	PK_15	137116	137123	LT934125.1	-	8	137121	1448.225924	1175
12h	PK_15	137116	137123	LT934125.1	-	8	137118	145.16246	1175
12h	PK_15	137116	137121	LT934125.1	-	6	137116	70.175746	1175
12h	PC_12	137119	137119	LT934125.1	-	1	137119	200.762899	1175
12h	PC_12	137120	137123	LT934125.1	-	4	137120	40.953674	1175
12h	PC_12	137121	137124	LT934125.1	-	4	137123	106.604125	1175
12h	PC_12	137121	137132	LT934125.1	-	12	137121	188.099568	1175
12h	PK_15	137121	137121	LT934125.1	-	1	137121	13.729977	1175
12h	PK_15	137121	137123	LT934125.1	-	3	137121	162.377202	1175
12h	C6	137301	137301	LT934125.1	-	1	137301	20.980635	1176
12h	C6	137319	137319	LT934125.1	-	1	137319	86.244071	1177
12h	PC_12	137319	137352	LT934125.1	-	34	137319	125.399712	1177
12h	PC_12	137352	137352	LT934125.1	-	1	137352	53.302063	1177
12h	PK_15	137393	137395	LT934125.1	-	3	137393	81.188602	1178
12h	PC_12	137397	137397	LT934125.1	-	1	137397	100.38145	1179
12h	PK_15	137408	137408	LT934125.1	-	1	137408	362.056481	1180
12h	C6	137416	137417	LT934125.1	-	2	137416	64.5682	1181
12h	PC_12	137504	137538	LT934125.1	-	35	137504	156.74964	1182
12h	PC_12	137527	137527	LT934125.1	-	1	137527	20.476837	1182
12h	PC_12	137527	137527	LT934125.1	-	1	137527	26.651031	1182
12h	C6	137535	137535	LT934125.1	-	1	137535	86.244071	1182
12h	PC_12	137694	137724	LT934125.1	-	31	137694	301.14435	1183
12h	C6	137712	137712	LT934125.1	-	1	137712	32.2841	1183
12h	C6	137727	137727	LT934125.1	-	1	137727	525.486075	1184
12h	PC_12	137727	137730	LT934125.1	-	4	137727	62.699856	1184
12h	C6	137733	137733	LT934125.1	-	1	137733	20.980635	1185
12h	PK_15	137733	137733	LT934125.1	-	1	137733	40.594301	1185
12h	C6	137903	137903	LT934125.1	-	1	137903	27.97418	1186
12h	PC_12	138184	138184	LT934125.1	-	1	138184	26.651031	1187
12h	PC_12	138184	138184	LT934125.1	-	1	138184	62.699856	1187
12h	PC_12	138307	138307	LT934125.1	-	1	138307	53.302063	1188
12h	PK_15	138307	138307	LT934125.1	-	1	138307	40.594301	1188
12h	PC_12	138324	138328	LT934125.1	-	5	138324	94.049784	1189
12h	C6	138446	138446	LT934125.1	-	1	138446	86.244071	1190
12h	PC_12	138447	138447	LT934125.1	-	1	138447	26.651031	1191
12h	PC_12	138540	138575	LT934125.1	-	36	138545	250.799424	1192
12h	C6	138545	138547	LT934125.1	-	3	138545	64.5682	1192
12h	PC_12	138550	138550	LT934125.1	-	1	138550	27.30245	1192
12h	C6	138568	138568	LT934125.1	-	1	138568	20.980635	1192
12h	PC_12	138700	138700	LT934125.1	-	1	138700	31.349928	1193
12h	C6	138866	138895	LT934125.1	-	30	138866	96.8523	1194
12h	PC_12	138895	138895	LT934125.1	-	1	138895	26.651031	1194
12h	PK_15	138895	138895	LT934125.1	-	1	138895	362.056481	1194
12h	PK_15	138895	138895	LT934125.1	-	1	138895	40.594301	1194
12h	PC_12	138898	138898	LT934125.1	-	1	138898	100.38145	1195
12h	PK_15	138898	138898	LT934125.1	-	1	138898	2923.976608	1195
12h	PC_12	138937	139018	LT934125.1	-	82	138953	313.49928	1196
12h	PK_15	138937	138954	LT934125.1	-	18	138954	39.473857	1196
12h	PC_12	138953	138954	LT934125.1	-	2	138953	47.779287	1196
12h	C6	138954	138954	LT934125.1	-	1	138954	86.244071	1196
12h	PK_15	138954	138978	LT934125.1	-	25	138954	32.258324	1196
12h	PC_12	138995	138995	LT934125.1	-	1	138995	667.111408	1196
12h	C6	139159	139159	LT934125.1	-	1	139159	86.244071	1197
12h	PC_12	139188	139188	LT934125.1	-	1	139188	31.349928	1198
12h	PC_12	139254	139254	LT934125.1	-	1	139254	26.651031	1199
12h	PK_15	139260	139260	LT934125.1	-	1	139260	2923.976608	1200
12h	PC_12	139407	139407	LT934125.1	-	1	139407	667.111408	1201
12h	PC_12	139418	139419	LT934125.1	-	2	139418	62.699856	1202
12h	PK_15	139498	139498	LT934125.1	-	1	139498	40.594301	1203
12h	PC_12	139615	139615	LT934125.1	-	1	139615	26.651031	1204
12h	PK_15	139720	139720	LT934125.1	-	1	139720	362.056481	1205
12h	C6	139723	139723	LT934125.1	-	1	139723	20.980635	1206
12h	PC_12	139725	139725	LT934125.1	-	1	139725	31.349928	1207
12h	PK_15	139927	139927	LT934125.1	-	1	139927	40.594301	1208
12h	PC_12	139996	139996	LT934125.1	-	1	139996	26.651031	1209
12h	PC_12	140089	140089	LT934125.1	-	1	140089	31.349928	1210
12h	PC_12	140189	140189	LT934125.1	-	1	140189	31.349928	1211
12h	PC_12	140513	140513	LT934125.1	-	1	140513	31.349928	1212
12h	C6	140853	140853	LT934125.1	-	1	140853	525.486075	1213
12h	PK_15	140855	140855	LT934125.1	-	1	140855	2923.976608	1214
12h	PC_12	140857	140857	LT934125.1	-	1	140857	26.651031	1215
12h	C6	140866	140866	LT934125.1	-	1	140866	64.5682	1216
12h	PK_15	140872	140872	LT934125.1	-	1	140872	40.594301	1217
12h	PC_12	140873	140879	LT934125.1	-	7	140873	62.699856	1218
12h	PC_12	140879	140879	LT934125.1	-	1	140879	20.476837	1218
12h	PC_12	140993	141006	LT934125.1	-	14	140993	53.302062	1219
12h	C6	141655	141655	LT934125.1	-	1	141655	20.980635	1220
12h	PC_12	141655	141655	LT934125.1	-	1	141655	26.651031	1220
12h	PC_12	141655	141655	LT934125.1	-	1	141655	31.349928	1220
12h	C6	141799	141799	LT934125.1	-	1	141799	32.2841	1221
12h	PC_12_2.5h	141909	141909	LT934125.1	-	1	141909	740.19245	1222
12h	PC_12_1.5h	141914	141914	LT934125.1	-	1	141914	2212.389381	1223
12h	PC_12	141914	141914	LT934125.1	-	1	141914	100.38145	1223
12h	PC_12	141914	141914	LT934125.1	-	1	141914	94.049784	1223
12h	PC_12	141985	141985	LT934125.1	-	1	141985	26.651031	1224
12h	PK_15	141988	141988	LT934125.1	-	1	141988	81.188601	1225
12h	PK_15	141988	141988	LT934125.1	-	1	141988	16.129162	1225
12h	C6	142014	142014	LT934125.1	-	1	142014	32.2841	1226
12h	PK_15	142014	142014	LT934125.1	-	1	142014	13.157952	1226
12h	PC_12	142114	142114	LT934125.1	-	1	142114	26.651031	1227
12h	PC_12	142114	142114	LT934125.1	-	1	142114	31.349928	1227
12h	C6	142129	142129	LT934125.1	-	1	142129	32.2841	1228
12h	PC_12	142245	142245	LT934125.1	-	1	142245	26.651031	1229
12h	PC_12	142245	142245	LT934125.1	-	1	142245	31.349928	1229
12h	PK_15	142245	142245	LT934125.1	-	1	142245	11.441648	1229
12h	PK_15	142245	142245	LT934125.1	-	1	142245	40.594301	1229
12h	PK_15	142245	142245	LT934125.1	-	1	142245	32.258325	1229
12h	PK_15	142245	142245	LT934125.1	-	1	142245	39.473857	1229
12h	C6	142331	142331	LT934125.1	-	1	142331	86.244071	1230
12h	C6	142424	142424	LT934125.1	-	1	142424	20.980635	1231
12h	PC_12	142424	142427	LT934125.1	-	4	142427	75.081737	1231
12h	PK_15	142424	142427	LT934125.1	-	4	142427	251.716247	1231
12h	PK_15	142424	142427	LT934125.1	-	4	142427	184.211335	1231
12h	PC_12	142427	142427	LT934125.1	-	1	142427	53.302063	1231
12h	PK_15	142427	142427	LT934125.1	-	1	142427	40.594301	1231
12h	PK_15	142658	142658	LT934125.1	-	1	142658	36.613272	1232
12h	PC_12	142717	142717	LT934125.1	-	1	142717	31.349928	1233
12h	PK_15	142779	142781	LT934125.1	-	3	142781	54.919909	1234
12h	PC_12	142781	142781	LT934125.1	-	1	142781	26.651031	1234
12h	PK_15	142781	142781	LT934125.1	-	1	142781	40.594301	1234
