chr	pos	strand	C6_12h	C6_1h	C6_2h	C6_4h	C6_6h	C6_8h	NRK_12h	NRK_1h	NRK_2h	NRK_4h	NRK_6h	NRK_8h	PC_12_0.5h	PC_12_1.5h	PC_12_12h	PC_12_1h	PC_12_2.5h	PC_12_2h	PC_12_4h	PC_12_6h	PC_12_8h	PK_15_12h	PK_15_1h	PK_15_2h	PK_15_4h	PK_15_6h	PK_15_8h
LT934125.1	1789	+	0	0	0	0	54.540496	0	0	0	0	0	0	0	0	0	0	0	0	0	0	0	0	0	0	0	0	0	0
LT934125.1	2251	+	0	0	0	0	0	0	0	0	0	0	38.645849	0	0	0	0	0	0	0	0	0	0	0	0	0	0	0	0
LT934125.1	2256	+	0	0	0	0	0	0	0	0	0	151.538112	0	0	0	0	0	0	0	0	0	0	0	0	0	0	0	0	0
LT934125.1	2259	+	0	0	0	283.607487	0	0	0	0	0	0	0	0	0	0	0	0	0	0	0	0	0	0	0	0	0	0	0
LT934125.1	2263	+	0	0	0	0	0	0	17.072275	0	0	0	0	0	0	0	0	0	0	0	0	0	0	0	0	0	0	20.123862	0
LT934125.1	2264	+	0	0	0	0	0	0	0	0	0	0	38.645849	34.372529	0	0	0	0	0	0	0	0	0	0	0	0	0	0	0
LT934125.1	2265	+	0	0	0	0	0	0	12.804207	0	0	0	38.645849	0	0	0	0	0	0	0	0	0	0	0	0	0	0	0	0
LT934125.1	2266	+	36.523454	0	0	0	109.080993	109.813683	136.578204	0	0	151.538112	193.229247	189.048912	0	0	75.751222	762.195122	0	261.437908	102.949503	64.059037	114.290939	38.595852	0	337.353462	187.125749	115.712209	72.338865
LT934125.1	2267	+	56.00263	0	0	567.214974	163.621489	85.410642	89.629446	0	0	909.228671	270.520946	206.235177	0	0	43.286413	0	0	0	0	64.059037	125.720033	13.894507	0	84.338366	124.750499	110.681243	42.405542
LT934125.1	2268	+	0	0	0	0	0	24.403041	68.289102	0	0	303.076224	38.645849	68.745059	0	0	0	0	430.663221	0	102.949503	38.435422	22.858188	0	0	84.338366	41.5835	30.185794	0
LT934125.1	2269	+	153.398507	1304.631442	508.388409	0	272.702482	231.828886	431.074956	2631.578947	0	1060.766783	1700.417375	635.891795	0	0	113.626833	0	0	261.437908	257.373758	204.988918	114.290939	80.279372	748.502994	674.706924	395.043247	211.300555	114.744407
LT934125.1	2270	+	170.442786	0	508.388409	283.607487	272.702482	292.836487	798.128879	0	1633.986928	3030.762237	1739.063225	739.009384	0	0	159.618647	762.195122	0	784.313725	308.84851	320.295184	182.865502	61.753363	0	674.706924	187.125749	166.021865	82.31664
LT934125.1	2271	+	518.633049	0	1016.776817	1418.037436	1254.431415	1000.524665	2219.395812	2631.578947	816.993464	5303.833914	6299.273458	2663.871034	0	0	606.009777	2286.585366	1722.652885	1307.189542	1544.242549	1537.416883	822.894761	333.468162	1497.005988	1686.76731	1122.754491	729.490011	503.877613
LT934125.1	2272	+	282.448045	1304.631442	2541.942044	0	490.864467	317.239528	1617.598102	0	1633.986928	5000.757691	4057.814191	2371.704534	16666.666667	0	284.067083	762.195122	430.663221	784.313725	463.272765	640.590368	468.59285	104.980718	748.502994	927.722021	311.876248	251.54828	164.633279
LT934125.1	2273	+	7453.219542	16307.89302	11692.933401	19568.916619	17507.499318	11689.056456	9854.97102	23684.210526	14705.882353	18487.649644	16038.027516	14195.854673	16666.666667	23106.546855	7025.925856	14481.707317	18087.855297	18039.215686	16368.97102	14579.836778	11074.79199	3546.186884	5988.023952	17542.380029	13078.010645	8577.796336	5320.648256
LT934125.1	2274	+	46.263042	0	0	0	0	48.806081	315.837096	0	0	1212.304895	695.62529	395.284089	0	1283.697047	48.697214	0	0	0	51.474752	76.870844	80.003657	13.894507	0	84.338366	83.166999	40.247725	0
LT934125.1	2275	+	2089.141577	3913.894325	4067.10727	7373.794668	3654.213253	3331.015044	2227.93195	2631.578947	2450.980392	3636.914684	2937.084557	3248.204035	0	3851.091142	1893.780554	8384.146341	5167.958656	4705.882353	4478.303392	4151.025585	2788.698912	799.706054	2245.508982	3204.85789	3409.846973	2188.470033	1242.232926
LT934125.1	2276	+	0	0	0	0	54.540496	0	12.804207	0	0	0	0	0	0	0	0	0	0	0	0	0	0	0	0	84.338366	0	0	0
LT934125.1	2277	+	0	0	0	0	0	0	12.804207	0	0	151.538112	0	0	0	0	0	0	0	0	0	38.435422	0	0	0	0	41.5835	0	0
LT934125.1	7254	+	0	0	0	0	54.540496	0	0	0	0	0	0	0	0	0	0	0	0	0	0	0	0	0	0	0	0	0	0
LT934125.1	8509	+	0	0	0	0	54.540496	0	0	0	0	151.538112	0	0	0	0	0	0	0	0	0	0	0	0	0	0	0	0	0
LT934125.1	8512	+	0	0	0	0	0	0	0	0	0	0	0	0	0	0	21.643206	0	0	0	0	51.247229	0	0	0	0	0	30.185794	0
LT934125.1	8517	+	0	0	0	0	54.540496	0	0	0	0	151.538112	0	0	0	0	0	0	0	0	0	0	0	0	0	0	41.5835	0	0
LT934125.1	8518	+	77.916702	652.315721	0	0	54.540496	85.410642	51.216826	0	0	0	38.645849	51.558794	0	1283.697047	45.991813	0	0	0	308.84851	153.741688	68.574563	27.789013	0	0	374.251497	135.836071	72.338865
LT934125.1	8519	+	214.270931	0	508.388409	283.607487	436.323971	549.068414	221.939581	0	0	454.614336	231.875097	223.421442	0	0	159.618647	762.195122	430.663221	261.437908	566.222268	499.660487	342.872817	49.402691	0	168.676731	998.003992	543.344284	286.861017
LT934125.1	8520	+	82.786496	0	508.388409	283.607487	109.080993	85.410642	183.526961	0	816.993464	151.538112	77.291699	240.607706	0	1283.697047	100.099829	0	0	0	205.899007	230.612533	137.149127	40.139686	0	168.676731	291.084498	246.517314	94.788858
LT934125.1	8521	+	60.872424	0	0	0	109.080993	73.209122	64.021033	0	0	303.076224	154.583398	85.931324	0	0	54.108016	762.195122	430.663221	261.437908	102.949503	128.118074	160.007315	21.613677	0	84.338366	332.667997	95.588346	52.383316
LT934125.1	8522	+	17.044279	0	0	0	54.540496	48.806081	106.701722	0	816.993464	454.614336	270.520946	120.303853	0	0	16.232405	0	0	0	102.949503	51.247229	68.574563	0	0	84.338366	41.5835	45.27869	37.416654
LT934125.1	8523	+	1083.52914	1304.631442	4067.10727	2552.467385	2836.105809	2135.266054	964.583565	0	3267.973856	1666.91923	1082.083784	1443.646238	0	2567.394095	973.944285	3048.780488	1291.989664	3398.69281	4117.980131	2805.785812	1417.207644	470.869395	3742.51497	1012.060386	3784.09847	2178.408102	1653.816125
LT934125.1	8524	+	0	0	0	0	54.540496	0	38.41262	0	0	0	77.291699	34.372529	0	0	13.527004	0	0	0	51.474752	38.435422	0	0	0	0	0	20.123862	0
LT934125.1	8525	+	0	0	0	0	0	0	0	0	0	151.538112	0	0	0	0	0	0	0	0	0	0	0	0	0	0	0	0	0
LT934125.1	8526	+	224.010519	652.315721	508.388409	283.607487	490.864467	512.463853	166.454686	0	0	757.690559	193.229247	240.607706	0	0	227.253666	762.195122	0	784.313725	669.171771	461.225065	548.596507	81.823206	0	253.015097	748.502994	493.034628	251.938806
LT934125.1	8528	+	0	0	0	0	0	0	0	0	0	0	0	0	0	0	0	0	0	0	0	0	0	0	0	84.338366	0	0	0
LT934125.1	8531	+	0	0	0	0	0	0	0	0	0	151.538112	0	0	0	0	0	0	0	0	0	0	0	0	0	0	0	0	0
LT934125.1	9272	+	0	0	0	0	0	24.403041	0	0	0	0	0	0	0	0	0	0	0	0	0	0	0	0	0	0	0	15.092897	0
LT934125.1	9279	+	0	0	0	0	0	0	0	0	0	0	0	0	0	0	0	0	0	0	0	0	0	0	0	0	41.5835	20.123862	0
LT934125.1	9934	+	0	0	0	0	0	0	0	0	0	0	0	0	0	0	0	0	0	261.437908	0	0	0	0	0	0	0	0	0
LT934125.1	9986	+	0	0	0	0	0	0	0	0	0	0	0	0	0	0	0	0	0	0	51.474752	0	0	0	0	0	0	0	0
LT934125.1	10332	+	0	0	0	0	0	0	0	0	816.993464	0	0	0	0	0	0	0	0	0	0	0	0	0	0	0	0	0	0
LT934125.1	10412	+	17.044279	0	0	0	0	0	17.072275	0	0	0	0	0	0	0	21.643206	0	0	0	51.474752	0	34.287282	13.894507	0	0	41.5835	15.092897	0
LT934125.1	10413	+	0	0	0	0	0	0	0	0	0	0	0	0	0	0	0	0	0	0	51.474752	0	0	13.894507	0	0	62.37525	0	12.472218
LT934125.1	10414	+	38.958351	0	0	0	54.540496	0	38.41262	0	0	0	38.645849	34.372529	0	0	45.991813	0	0	261.437908	0	76.870844	34.287282	74.104036	0	0	0	50.309656	44.899985
LT934125.1	10415	+	0	0	0	0	0	0	0	0	0	151.538112	0	0	0	0	0	0	0	0	0	0	0	0	0	0	0	0	0
LT934125.1	10416	+	21.914072	0	0	0	0	0	21.340344	0	0	0	38.645849	0	0	0	24.348607	0	0	0	51.474752	0	0	18.526009	0	0	0	20.123862	12.472218
LT934125.1	10417	+	24.348969	652.315721	0	0	0	24.403041	12.804207	0	0	0	38.645849	0	0	0	29.759409	0	0	0	0	0	0	23.157511	0	84.338366	0	0	0
LT934125.1	10418	+	19.479176	0	0	0	0	0	0	0	0	0	115.937548	51.558794	0	0	0	0	0	0	0	0	0	21.613677	0	84.338366	0	0	0
LT934125.1	10419	+	34.088557	0	0	0	0	0	59.752964	0	0	0	0	34.372529	0	0	48.697214	0	430.663221	0	51.474752	38.435422	57.14547	43.227354	0	0	41.5835	45.27869	37.416654
LT934125.1	10420	+	372.539232	652.315721	508.388409	283.607487	490.864467	366.045609	209.135375	0	0	303.076224	154.583398	223.421442	0	0	413.926321	0	0	261.437908	360.323261	281.859762	342.872817	483.220067	748.502994	84.338366	395.043247	372.291454	344.233221
LT934125.1	10421	+	97.395878	0	0	0	163.621489	97.612162	149.38241	0	1633.986928	303.076224	38.645849	171.862647	16666.666667	0	127.153837	0	430.663221	0	0	115.306266	125.720033	168.277915	0	84.338366	62.37525	115.712209	119.733294
LT934125.1	10422	+	148.528714	0	508.388409	283.607487	54.540496	219.627366	162.186617	0	0	303.076224	193.229247	85.931324	0	0	194.788857	0	0	261.437908	102.949503	115.306266	171.436409	169.821749	0	253.015097	41.5835	115.712209	152.161061
LT934125.1	10423	+	684.206041	652.315721	1016.776817	567.214974	327.242978	549.068414	2846.801936	0	1633.986928	3788.452796	2782.501159	2595.125975	0	0	857.612051	762.195122	430.663221	522.875817	411.798013	614.966753	765.749291	825.951233	0	1012.060386	415.834997	508.127525	458.977627
LT934125.1	10424	+	2468.9855	2609.262883	2033.553635	567.214974	1636.21489	2062.056932	2441.335393	5263.157895	816.993464	2424.609789	2511.980213	1993.60671	0	2567.394095	3113.916311	1524.390244	3445.305771	1307.189542	2264.889072	1960.206526	2171.527841	2842.198543	2994.011976	3879.564814	1725.715236	1655.18768	1718.671659
LT934125.1	10425	+	1575.378322	1304.631442	508.388409	283.607487	1090.809926	1232.353551	4233.924319	0	816.993464	5455.372026	5333.127222	3162.272712	0	0	2237.366455	2286.585366	1291.989664	261.437908	875.070778	1460.546039	2080.09509	2071.825337	1497.005988	1518.090579	1434.630739	1051.471809	1202.321828
LT934125.1	10426	+	29678.958838	22831.050228	31011.692933	21270.561543	23397.872921	26257.671706	22979.282794	15789.473684	14705.882353	19245.340203	19554.799814	20709.449008	0	17971.758665	32329.53946	15243.902439	22825.150732	18300.653595	25737.375817	25482.684842	27944.134589	37757.550121	5239.520958	25132.832926	26176.813041	22533.694892	26226.580292
LT934125.1	10427	+	73.046908	0	508.388409	283.607487	0	85.410642	93.897515	0	0	0	77.291699	34.372529	0	0	91.983627	0	0	0	205.899007	89.682652	114.290939	152.839574	0	337.353462	145.542249	105.650277	114.744407
LT934125.1	10428	+	270.273561	652.315721	508.388409	0	163.621489	341.642569	431.074956	0	0	909.228671	811.562838	532.774207	0	0	376.05071	0	861.326443	261.437908	360.323261	256.236147	342.872817	637.603475	0	506.030193	831.669993	457.817869	488.910951
LT934125.1	10429	+	679.336247	0	1016.776817	283.607487	654.485956	610.076015	704.231363	0	816.993464	909.228671	966.146236	773.381913	0	0	795.387833	762.195122	0	784.313725	617.69702	653.402175	571.454695	1435.765695	748.502994	1518.090579	1788.090486	970.976359	980.316345
LT934125.1	10430	+	1436.589196	1304.631442	508.388409	850.822462	1418.052904	1146.942909	1220.667697	0	0	909.228671	1545.833977	859.313237	0	0	1671.937689	1524.390244	2583.979328	1307.189542	1492.767797	1383.675195	1257.200329	3144.790023	1497.005988	2951.842793	2827.677977	2012.386237	2207.58261
LT934125.1	10431	+	3175.105614	5218.525766	3050.330452	2836.074872	2617.943823	2720.939029	2522.428702	0	1633.986928	4091.52902	2125.521719	2131.096827	16666.666667	3851.091142	3327.642974	1524.390244	3875.968992	2091.503268	2264.889072	2421.431591	2960.13532	6607.609867	2245.508982	5481.993759	4719.727212	4120.360821	4694.542906
LT934125.1	10432	+	21.914072	0	0	0	54.540496	0	93.897515	0	0	0	193.229247	171.862647	0	0	21.643206	0	0	0	0	0	45.716376	41.68352	0	0	41.5835	0	57.372203
LT934125.1	10433	+	0	0	0	0	0	36.604561	12.804207	0	0	0	0	0	0	0	0	0	0	0	0	0	0	9.263004	0	0	0	0	0
LT934125.1	10434	+	0	0	0	0	0	0	0	0	0	0	0	0	0	0	13.527004	0	0	0	0	0	0	9.263004	0	0	0	0	0
LT934125.1	10435	+	112.005259	0	0	0	54.540496	36.604561	85.361377	0	0	0	115.937548	51.558794	0	0	100.099829	0	0	0	0	64.059037	68.574563	104.980718	0	84.338366	83.166999	65.402553	84.811083
LT934125.1	11975	+	0	0	0	0	0	0	0	0	0	0	0	0	0	0	0	0	0	0	0	0	0	10.806839	0	0	0	0	0
LT934125.1	11996	+	19.479176	0	0	0	0	0	0	0	0	0	0	0	0	0	21.643206	0	0	0	0	0	0	26.245179	0	0	41.5835	20.123862	14.966662
LT934125.1	11999	+	0	0	0	0	0	0	0	0	0	0	0	0	0	0	0	0	0	0	0	0	0	0	0	0	41.5835	0	0
LT934125.1	12002	+	0	0	0	0	0	0	0	0	0	0	0	0	0	0	0	0	0	0	51.474752	0	0	0	0	0	0	0	0
LT934125.1	12005	+	0	0	0	0	54.540496	0	0	0	0	0	0	0	0	0	13.527004	0	0	0	0	0	0	57.121861	0	0	0	20.123862	0
LT934125.1	12008	+	0	0	0	0	0	0	0	0	0	0	0	0	0	0	0	0	0	0	0	38.435422	0	16.982175	0	0	0	15.092897	27.43888
LT934125.1	12009	+	0	0	0	0	0	0	0	0	0	0	0	0	0	0	0	0	0	0	0	0	0	12.350673	0	0	0	0	0
LT934125.1	12012	+	12.174485	0	0	0	0	0	0	0	0	0	0	0	0	0	0	0	0	0	0	0	0	35.508184	0	0	0	20.123862	17.461105
LT934125.1	12077	+	0	0	0	0	54.540496	0	0	0	0	0	0	0	0	0	0	0	0	0	0	0	0	10.806839	0	0	0	0	0
LT934125.1	12079	+	0	0	0	0	0	0	0	0	0	0	0	0	0	0	0	0	0	0	0	0	0	13.894507	0	0	0	0	0
LT934125.1	12080	+	0	0	0	0	0	0	0	0	0	0	0	0	0	0	0	0	0	0	0	0	0	20.069843	0	0	0	0	14.966662
LT934125.1	12081	+	12.174485	0	0	0	0	0	0	0	0	0	0	0	0	0	0	0	0	0	0	0	0	26.245179	0	0	0	0	0
LT934125.1	12083	+	0	0	0	0	0	0	0	0	0	0	0	0	0	0	0	0	0	0	0	0	0	13.894507	0	0	0	0	0
LT934125.1	12086	+	31.65366	0	0	0	54.540496	0	0	0	0	0	0	0	0	0	40.581012	0	0	0	0	38.435422	22.858188	131.225897	0	0	83.166999	40.247725	54.87776
LT934125.1	12087	+	0	0	0	0	0	0	0	0	0	0	0	0	0	0	0	0	0	0	51.474752	0	0	0	0	0	0	0	0
LT934125.1	12089	+	0	0	0	0	0	0	0	0	0	0	0	0	0	0	0	0	0	0	0	0	0	38.595852	0	0	0	0	14.966662
LT934125.1	12092	+	17.044279	0	0	0	0	0	0	0	0	0	0	0	0	0	0	0	0	0	0	0	0	40.139686	0	0	0	0	12.472218
LT934125.1	12101	+	0	0	0	0	0	0	0	0	0	0	0	0	0	0	0	0	0	0	0	0	0	0	0	0	0	15.092897	0
LT934125.1	12166	+	0	0	0	0	0	0	0	0	0	0	0	0	0	0	0	0	0	0	0	0	0	12.350673	0	0	0	0	0
LT934125.1	12167	+	17.044279	0	0	0	0	0	0	0	0	0	0	0	0	0	0	0	0	0	0	0	0	37.052018	0	0	0	0	0
LT934125.1	12168	+	75.481805	0	0	0	0	24.403041	0	0	0	0	0	0	0	0	78.456623	0	0	0	51.474752	38.435422	0	220.768274	0	0	0	70.433518	99.777745
LT934125.1	12171	+	51.132836	0	0	0	0	36.604561	0	0	0	0	0	0	0	0	35.17021	0	0	0	0	0	22.858188	140.488901	0	0	0	25.154828	49.888873
LT934125.1	12173	+	0	0	0	0	0	0	0	0	0	0	0	0	0	0	0	0	0	0	0	0	0	13.894507	0	0	0	0	0
LT934125.1	12174	+	0	0	0	0	0	0	0	0	0	0	0	0	0	0	13.527004	0	0	0	0	0	0	24.701345	0	0	0	0	0
LT934125.1	12177	+	31.65366	0	0	0	0	0	0	0	0	0	0	0	0	0	32.464809	0	0	0	51.474752	25.623615	0	114.243722	0	0	0	20.123862	44.899985
LT934125.1	12203	+	14.609382	0	0	0	0	0	0	0	0	0	0	0	0	0	0	0	0	0	0	0	0	24.701345	0	0	0	0	14.966662
LT934125.1	12206	+	0	0	0	0	0	0	0	0	0	0	0	0	0	0	0	0	0	0	0	0	0	12.350673	0	0	0	0	0
LT934125.1	12209	+	0	0	0	0	0	0	0	0	0	0	0	0	0	0	0	0	0	0	0	0	0	15.438341	0	0	0	0	0
LT934125.1	12210	+	0	0	0	0	0	0	0	0	0	0	0	0	0	0	0	0	0	0	0	0	0	0	0	0	0	0	12.472218
LT934125.1	12212	+	0	0	0	0	0	0	0	0	0	0	0	0	0	0	0	0	0	0	0	25.623615	0	0	0	0	0	15.092897	0
LT934125.1	12221	+	12.174485	0	0	0	0	0	0	0	0	0	0	0	0	0	0	0	0	0	0	0	0	9.263004	0	0	0	0	0
LT934125.1	12227	+	19.479176	0	0	0	0	0	0	0	0	0	0	0	0	0	0	0	0	0	0	0	0	21.613677	0	0	0	15.092897	12.472218
LT934125.1	12235	+	0	0	0	0	0	0	0	0	0	0	0	0	0	0	0	0	0	0	0	0	0	0	0	84.338366	0	0	0
LT934125.1	15554	+	0	0	0	0	0	0	0	0	0	0	0	0	0	0	0	0	0	0	0	0	22.858188	0	0	0	0	0	0
LT934125.1	15608	+	14.609382	0	0	0	0	0	0	0	0	0	0	0	0	0	0	0	0	0	0	0	0	0	0	0	0	0	0
LT934125.1	15612	+	24.348969	0	0	0	0	0	0	0	0	0	0	0	0	0	0	0	0	0	0	0	0	0	0	0	0	0	0
LT934125.1	15744	+	12.174485	0	0	0	0	0	0	0	0	0	0	0	0	0	0	0	0	0	0	0	0	13.894507	0	0	0	0	12.472218
LT934125.1	15782	+	0	0	0	0	0	0	0	0	0	0	0	0	0	0	0	0	0	0	0	0	0	0	748.502994	0	0	0	0
LT934125.1	16193	+	0	0	0	0	0	0	0	0	0	0	0	0	0	0	0	0	0	0	0	0	0	9.263004	0	0	0	0	0
LT934125.1	16206	+	0	0	0	0	0	0	0	0	0	0	38.645849	0	0	0	0	0	0	0	0	0	0	0	0	0	0	0	0
LT934125.1	16209	+	0	0	0	0	0	0	0	0	0	0	0	0	0	0	16.232405	0	0	0	0	0	22.858188	0	0	0	0	0	0
LT934125.1	16210	+	0	0	0	0	0	0	0	0	0	0	38.645849	0	0	0	37.875611	0	0	0	0	0	22.858188	0	0	0	0	0	0
LT934125.1	16211	+	0	0	0	0	0	0	0	0	0	0	38.645849	0	0	0	21.643206	0	0	0	0	25.623615	0	9.263004	0	0	0	25.154828	0
LT934125.1	16212	+	21.914072	652.315721	0	0	0	36.604561	0	0	0	151.538112	0	0	0	0	16.232405	0	0	0	51.474752	0	0	10.806839	0	0	0	30.185794	14.966662
LT934125.1	16213	+	12.174485	0	0	0	0	24.403041	0	0	0	0	0	0	0	0	16.232405	0	0	0	0	0	0	0	0	0	0	15.092897	0
LT934125.1	16214	+	31.65366	0	0	0	0	0	17.072275	0	816.993464	0	0	0	0	0	21.643206	0	0	0	0	38.435422	0	41.68352	0	0	41.5835	20.123862	17.461105
LT934125.1	16215	+	19.479176	0	0	0	0	0	17.072275	0	0	0	0	34.372529	0	0	16.232405	0	0	0	0	0	0	24.701345	0	84.338366	0	25.154828	14.966662
LT934125.1	16216	+	43.828145	0	0	0	0	0	0	0	0	0	0	0	0	0	27.054008	0	0	0	0	0	22.858188	26.245179	0	0	0	20.123862	0
LT934125.1	16217	+	133.919332	0	0	0	54.540496	85.410642	64.021033	0	0	0	77.291699	120.303853	0	0	59.518817	762.195122	0	0	0	89.682652	91.432751	118.875224	0	168.676731	166.333999	105.650277	104.766632
LT934125.1	16218	+	199.661549	0	0	0	54.540496	158.619764	128.042066	0	0	0	193.229247	154.676383	0	2567.394095	246.191472	0	0	0	51.474752	128.118074	240.010972	344.275	0	253.015097	270.292748	191.176693	154.655505
LT934125.1	16219	+	3029.011797	1956.947162	1016.776817	2552.467385	1745.295882	1903.437168	1199.327352	0	816.993464	2121.533566	2164.167568	1220.224796	0	0	3024.638085	3048.780488	430.663221	1045.751634	978.020281	1844.90026	1817.22593	3881.19888	748.502994	2361.474235	2162.341983	2243.810655	1928.204924
LT934125.1	16220	+	1964.961833	1304.631442	1525.165226	1134.429949	981.728934	1049.330747	1549.309	0	816.993464	1515.381118	1661.771526	1220.224796	0	0	1655.705284	762.195122	0	261.437908	875.070778	999.320974	1040.047545	2204.595068	748.502994	1433.752214	1185.129741	1272.834295	1092.566309
LT934125.1	16221	+	2710.040298	2609.262883	1016.776817	567.214974	1527.133897	1573.99612	2193.787399	2631.578947	1633.986928	2273.071678	1816.354923	1735.812738	0	0	1815.323931	0	0	522.875817	1132.444536	973.697359	1382.920362	2460.871525	748.502994	1855.444041	1247.50499	1167.184018	1077.599647
LT934125.1	16222	+	5183.895592	3261.578604	1016.776817	850.822462	2563.403327	2757.54359	2620.594286	0	1633.986928	2727.686013	3555.418148	2027.979239	0	1283.697047	3855.196128	0	861.326443	1568.627451	1183.919288	2306.125325	2868.702569	4960.338902	1497.005988	3120.519524	2245.508982	2490.327969	2407.1381
LT934125.1	16223	+	788.90661	0	0	0	272.702482	463.657772	1335.905556	0	0	1060.766783	656.97944	1048.362149	0	0	573.544968	0	0	261.437908	51.474752	281.859762	457.163756	663.848655	0	421.691828	353.459747	286.765039	364.18877
LT934125.1	16224	+	50273.317182	22831.050228	14234.875445	26091.888826	28579.220071	32248.618178	21861.04875	15789.473684	12254.901961	11819.972723	12057.505024	20606.33142	33333.333333	7702.182285	49368.153645	19817.073171	9905.254091	14117.647059	20950.223915	24970.212548	32401.481211	59087.161785	4491.017964	24964.156195	27320.359281	30794.540396	35653.082758
LT934125.1	16225	+	51.132836	0	0	0	0	24.403041	76.82524	0	816.993464	0	0	51.558794	0	0	51.402615	0	0	0	0	51.247229	34.287282	58.665695	0	84.338366	0	25.154828	27.43888
LT934125.1	16226	+	832.734755	0	0	0	545.404963	561.269934	456.683369	0	816.993464	303.076224	270.520946	446.842883	0	0	762.923023	762.195122	0	0	308.84851	294.671569	560.025601	1208.822085	0	253.015097	582.168995	684.211321	770.783081
LT934125.1	16227	+	0	0	0	0	0	0	0	0	0	0	38.645849	0	0	0	0	0	0	0	0	0	0	0	0	0	0	0	0
LT934125.1	16228	+	73.046908	0	0	0	109.080993	48.806081	46.948758	0	0	151.538112	38.645849	103.117588	0	0	100.099829	0	430.663221	0	102.949503	25.623615	91.432751	148.208072	0	0	41.5835	120.743174	92.294414
LT934125.1	16229	+	19.479176	0	0	0	0	0	0	0	0	0	0	0	0	0	13.527004	0	0	0	0	0	0	10.806839	0	0	0	0	0
LT934125.1	16231	+	26.783866	0	0	0	54.540496	0	0	0	0	0	0	0	0	0	27.054008	0	0	0	0	0	0	32.420516	0	0	0	0	0
LT934125.1	28614	+	0	0	0	0	0	0	0	0	0	0	0	0	0	0	0	0	0	0	0	0	0	0	0	84.338366	0	0	0
LT934125.1	28625	+	0	0	0	0	0	0	0	0	0	0	0	0	0	0	0	0	0	0	0	0	0	0	0	84.338366	0	0	0
LT934125.1	28629	+	14.609382	0	0	0	54.540496	0	21.340344	0	0	0	38.645849	34.372529	0	0	0	0	0	261.437908	102.949503	51.247229	57.14547	0	0	253.015097	41.5835	15.092897	22.449993
LT934125.1	28630	+	0	0	0	0	0	24.403041	38.41262	0	816.993464	151.538112	0	0	0	0	16.232405	0	0	261.437908	51.474752	89.682652	57.14547	0	0	0	0	0	0
LT934125.1	28631	+	0	0	0	0	0	0	0	0	0	0	0	34.372529	0	0	0	0	430.663221	261.437908	0	0	0	0	0	0	0	0	0
LT934125.1	28632	+	413.93248	5218.525766	2033.553635	1134.429949	872.647941	829.703381	563.385091	0	2450.980392	606.152447	502.396043	996.803355	0	2567.394095	495.088345	6859.756098	430.663221	2875.816993	463.272765	794.332056	1131.480296	121.962892	1497.005988	3879.564814	665.335995	482.972697	508.8665
LT934125.1	28633	+	12.174485	0	0	0	54.540496	0	12.804207	0	0	0	0	0	0	0	0	0	430.663221	261.437908	0	25.623615	22.858188	0	0	84.338366	41.5835	15.092897	0
LT934125.1	28668	+	0	0	0	0	0	0	0	0	0	0	0	0	0	0	0	0	0	0	0	0	0	0	0	84.338366	0	0	0
LT934125.1	28674	+	0	0	0	0	0	0	0	0	0	0	0	0	0	0	0	0	0	0	0	0	0	0	0	84.338366	0	0	0
LT934125.1	28877	+	0	0	0	0	54.540496	0	0	0	0	0	0	0	0	0	0	0	0	0	0	0	0	0	0	0	0	0	0
LT934125.1	28947	+	0	0	0	0	0	0	0	0	0	0	0	0	0	0	0	0	0	0	0	0	0	0	0	84.338366	0	0	0
LT934125.1	32187	+	0	0	0	0	0	0	0	0	0	0	0	0	0	0	0	0	0	0	0	0	0	0	0	84.338366	0	0	0
LT934125.1	32276	+	0	0	0	0	0	0	0	0	0	0	0	0	0	0	0	0	0	0	0	25.623615	0	0	0	0	0	0	0
LT934125.1	32402	+	12.174485	0	0	0	0	0	12.804207	0	0	0	0	0	0	0	0	0	0	0	0	0	22.858188	0	0	0	0	0	0
LT934125.1	32404	+	0	0	0	0	0	0	21.340344	0	0	0	0	0	0	0	0	0	0	0	51.474752	0	0	9.263004	0	0	0	0	0
LT934125.1	32405	+	17.044279	0	0	0	0	0	17.072275	0	0	0	38.645849	0	0	0	0	0	0	0	0	0	34.287282	0	0	84.338366	0	0	0
LT934125.1	32406	+	0	0	0	0	0	0	0	0	0	0	38.645849	0	0	0	0	0	0	0	0	0	0	13.894507	0	0	0	0	0
LT934125.1	32407	+	36.523454	0	0	0	0	0	55.484895	0	0	0	38.645849	51.558794	0	0	35.17021	762.195122	0	0	0	0	45.716376	40.139686	0	84.338366	0	0	17.461105
LT934125.1	32408	+	12.174485	0	0	0	0	0	0	0	0	0	0	0	0	0	0	0	0	0	0	0	0	0	0	0	0	20.123862	0
LT934125.1	32409	+	70.612011	0	0	0	163.621489	36.604561	243.279926	0	0	303.076224	38.645849	171.862647	0	0	135.27004	0	0	0	51.474752	51.247229	114.290939	129.682063	0	0	41.5835	85.526415	72.338865
LT934125.1	32410	+	323.841293	0	0	283.607487	218.161985	183.022805	418.270749	0	816.993464	303.076224	270.520946	103.117588	0	0	319.237293	0	430.663221	0	102.949503	230.612533	297.156441	395.221525	0	168.676731	166.333999	236.455383	269.399912
LT934125.1	32411	+	404.192893	652.315721	0	0	163.621489	268.433447	388.394267	0	0	303.076224	231.875097	343.725295	0	0	505.909948	0	0	0	308.84851	358.730606	354.301911	460.062556	0	84.338366	83.166999	241.486348	336.74989
LT934125.1	32412	+	457.760625	0	0	850.822462	436.323971	353.844089	1352.977832	2631.578947	0	606.152447	966.146236	292.166501	0	0	511.32075	0	430.663221	261.437908	308.84851	333.106991	445.734662	575.850112	0	84.338366	291.084498	397.446282	351.716551
LT934125.1	32413	+	4387.684291	652.315721	508.388409	1134.429949	2508.862831	3123.589199	11143.927818	2631.578947	5718.954248	5758.44825	7729.169887	5362.114598	0	2567.394095	6460.49709	0	430.663221	2091.503268	3809.131621	3817.918594	4000.182866	4582.099553	0	1433.752214	1871.257485	3003.486459	3212.843391
LT934125.1	32414	+	1787.214356	0	508.388409	1418.037436	872.647941	1098.136828	2996.184346	0	816.993464	757.690559	1970.938321	1254.597326	0	0	2242.777256	762.195122	0	261.437908	1132.444536	1422.110617	1554.356771	2110.421189	0	759.04529	727.711244	1202.400777	1224.771821
LT934125.1	32415	+	80726.573248	26744.944553	25419.420437	40272.263188	46850.286338	55699.940213	78882.448847	28947.368421	13888.888889	34853.765722	42626.371928	40937.682604	0	26957.637997	101579.683522	17530.487805	25409.13006	30588.235294	51474.751634	59946.446645	75477.736125	100576.158879	14221.556886	30783.503416	41230.03992	61332.501547	71515.698781
LT934125.1	32416	+	357.929851	0	0	0	163.621489	195.224325	998.728115	0	816.993464	454.614336	193.229247	189.048912	0	0	535.669357	0	861.326443	784.313725	463.272765	243.42434	445.734662	680.83083	0	506.030193	332.667997	422.60111	406.594311
LT934125.1	32417	+	0	0	0	0	0	0	42.680689	0	0	0	0	34.372529	0	0	27.054008	0	0	0	51.474752	0	45.716376	21.613677	0	0	41.5835	0	19.955549
LT934125.1	32418	+	0	0	0	0	0	36.604561	42.680689	0	0	0	0	0	0	0	29.759409	0	0	0	51.474752	0	34.287282	16.982175	0	0	0	0	19.955549
LT934125.1	32419	+	0	0	0	0	0	0	29.876482	0	0	0	0	0	0	0	0	0	0	0	51.474752	0	0	0	0	0	0	0	0
LT934125.1	32420	+	34.088557	0	0	0	0	36.604561	21.340344	0	0	151.538112	38.645849	0	0	0	43.286413	0	0	0	102.949503	0	57.14547	41.68352	0	84.338366	0	0	44.899985
LT934125.1	32421	+	0	0	0	283.607487	0	0	0	0	0	0	0	0	0	0	0	0	0	0	0	0	0	0	0	0	0	0	0
LT934125.1	32422	+	31.65366	0	0	0	0	0	34.144551	0	0	0	0	0	0	0	40.581012	0	0	0	0	0	0	15.438341	0	0	41.5835	30.185794	0
LT934125.1	32427	+	0	0	0	0	0	0	0	0	0	0	0	0	0	0	0	0	0	0	0	0	22.858188	0	0	0	0	0	0
LT934125.1	32516	+	0	0	0	0	0	0	0	0	0	0	0	0	0	0	0	0	0	0	0	0	0	0	0	84.338366	0	0	0
LT934125.1	32704	+	0	0	0	0	0	24.403041	0	0	0	0	0	0	0	0	0	0	0	0	0	0	0	0	0	0	0	0	0
LT934125.1	35560	+	0	0	0	0	0	0	0	0	0	0	0	0	0	0	0	0	0	0	51.474752	0	0	0	0	0	0	0	0
LT934125.1	44777	+	0	0	0	0	54.540496	0	0	0	0	0	0	0	0	0	0	0	0	0	0	0	0	0	0	0	0	0	0
LT934125.1	45056	+	0	0	0	0	0	0	0	0	0	0	0	0	0	0	0	0	0	0	0	25.623615	0	0	0	0	0	0	0
LT934125.1	45890	+	0	0	0	0	0	0	0	0	0	0	0	0	0	0	0	0	0	0	0	25.623615	0	0	0	0	0	15.092897	0
LT934125.1	46009	+	0	0	0	0	0	24.403041	0	0	0	0	0	0	0	0	0	0	0	0	0	0	0	0	0	0	0	0	0
LT934125.1	46021	+	0	0	0	0	54.540496	0	0	0	0	0	0	0	0	0	0	0	0	0	0	0	0	0	0	0	0	0	0
LT934125.1	46024	+	0	0	0	0	0	0	0	0	0	0	38.645849	0	0	0	0	0	0	0	0	0	0	0	0	0	0	0	0
LT934125.1	46027	+	0	0	0	0	0	0	0	0	0	0	0	0	0	0	0	0	0	0	51.474752	0	0	0	0	0	0	0	0
LT934125.1	46028	+	0	0	0	0	0	0	0	0	0	0	0	0	0	0	0	0	0	0	51.474752	0	0	0	0	0	0	0	0
LT934125.1	46029	+	0	0	0	0	0	0	0	0	0	0	0	0	0	0	0	0	0	0	0	0	0	12.350673	0	0	0	20.123862	0
LT934125.1	46030	+	0	0	0	283.607487	0	0	0	0	0	0	0	0	0	0	0	0	0	0	0	0	0	0	0	0	0	0	0
LT934125.1	46033	+	0	0	0	0	0	0	0	0	0	0	0	0	0	0	18.937806	0	0	0	0	25.623615	22.858188	18.526009	0	0	41.5835	35.216759	0
LT934125.1	46034	+	0	652.315721	0	0	0	0	38.41262	0	0	0	0	0	0	0	37.875611	0	0	0	154.424255	76.870844	0	50.946525	748.502994	0	41.5835	45.27869	39.911098
LT934125.1	46035	+	533.242431	652.315721	0	850.822462	981.728934	671.083617	798.128879	0	0	1818.457342	1391.25058	773.381913	0	0	881.960658	762.195122	430.663221	261.437908	1235.394039	1434.922425	731.46201	1761.514686	0	927.722021	1434.630739	1796.054717	1127.488519
LT934125.1	46036	+	825.430064	652.315721	0	850.822462	1199.890919	1061.532267	1634.670377	0	2450.980392	1666.91923	1313.958881	1392.087444	0	0	952.301079	0	0	261.437908	1338.343542	1217.121699	822.894761	1776.953027	0	1012.060386	2099.966733	2163.315205	1052.655211
LT934125.1	46037	+	489.414286	652.315721	1016.776817	283.607487	436.323971	549.068414	943.24322	0	816.993464	606.152447	772.916989	739.009384	0	0	557.312563	0	861.326443	1045.751634	617.69702	371.542413	457.163756	921.668946	0	506.030193	831.669993	955.883463	483.922064
LT934125.1	46038	+	6971.109948	8480.104371	7625.826131	7657.402155	11289.882738	8943.714387	7242.912872	5263.157895	4901.960784	3485.376572	2898.438708	5499.604716	0	5134.78819	9244.354505	6097.560976	3875.968992	3921.568627	13074.586915	12581.194829	9303.282436	16483.516484	748.502994	7000.084338	12786.926148	17019.756602	13320.328967
LT934125.1	46039	+	80.351599	0	0	283.607487	654.485956	109.813683	221.939581	0	0	0	77.291699	120.303853	0	0	127.153837	0	430.663221	0	102.949503	281.859762	182.865502	265.539462	0	0	124.750499	337.074695	184.588828
LT934125.1	46040	+	38.958351	0	0	0	0	36.604561	42.680689	0	0	0	0	0	0	0	56.813417	0	0	0	0	102.494459	102.861845	98.805381	0	0	41.5835	80.495449	99.777745
LT934125.1	46041	+	0	0	0	0	54.540496	0	25.608413	0	0	0	0	0	0	0	16.232405	0	0	0	0	25.623615	0	21.613677	0	0	0	30.185794	0
LT934125.1	46042	+	0	0	0	0	0	36.604561	21.340344	0	0	0	38.645849	34.372529	0	0	0	0	0	0	0	0	0	27.789013	0	0	0	15.092897	0
LT934125.1	46043	+	56.00263	0	0	0	54.540496	48.806081	21.340344	0	0	0	0	0	0	0	62.224218	0	0	0	0	51.247229	45.716376	57.121861	0	0	62.37525	40.247725	69.844422
LT934125.1	49161	+	0	0	0	0	0	0	0	0	0	0	0	0	0	0	0	0	0	0	0	25.623615	0	0	0	0	0	15.092897	0
LT934125.1	49634	+	0	0	0	0	0	0	0	0	0	0	38.645849	0	0	0	0	0	0	0	0	0	0	0	0	0	0	0	0
LT934125.1	49636	+	0	0	0	0	0	0	0	0	0	151.538112	0	0	0	0	0	0	0	0	0	25.623615	0	0	0	0	0	0	0
LT934125.1	49638	+	14.609382	0	0	0	0	48.806081	17.072275	0	0	151.538112	0	0	0	0	0	0	0	0	0	0	22.858188	0	0	0	0	15.092897	17.461105
LT934125.1	49639	+	12.174485	0	0	0	0	0	12.804207	0	0	0	0	0	0	0	0	0	0	0	0	0	0	0	0	0	0	15.092897	0
LT934125.1	49640	+	36.523454	0	0	0	0	85.410642	25.608413	0	0	151.538112	77.291699	0	0	0	29.759409	0	0	0	0	25.623615	45.716376	9.263004	0	0	41.5835	40.247725	22.449993
LT934125.1	49641	+	0	0	0	0	0	61.007602	21.340344	0	0	0	0	0	0	0	0	0	0	0	51.474752	0	0	0	0	0	0	15.092897	17.461105
LT934125.1	49642	+	60.872424	0	0	283.607487	54.540496	122.015203	51.216826	0	0	151.538112	115.937548	0	0	0	59.518817	0	0	0	51.474752	51.247229	0	20.069843	0	253.015097	103.958749	75.464484	37.416654
LT934125.1	49643	+	306.797015	0	508.388409	567.214974	327.242978	536.866894	243.279926	0	816.993464	454.614336	193.229247	85.931324	0	0	221.842865	0	430.663221	522.875817	257.373758	204.988918	422.876474	84.910874	0	590.368559	519.793746	191.176693	204.544377
LT934125.1	49644	+	908.21656	1304.631442	1016.776817	850.822462	1090.809926	1451.980917	968.851633	0	2450.980392	5303.833914	2627.917762	1048.362149	0	0	811.620237	762.195122	1722.652885	1568.627451	720.646523	743.084827	1200.05486	259.364126	748.502994	1602.428945	1268.29674	754.644839	661.027561
LT934125.1	49645	+	3861.746552	8480.104371	8642.602949	5672.149745	5454.049632	5722.513025	4673.535412	2631.578947	14705.882353	12880.739506	5990.106663	4502.801361	0	7702.182285	3709.104485	3810.97561	4306.632214	3660.130719	5301.899418	3984.472089	5783.121514	1374.012332	4491.017964	7084.422704	6507.817698	3627.326193	2778.8102
LT934125.1	49646	+	1716.602345	5218.525766	3050.330452	4254.112309	2236.160349	2476.908623	3341.897925	0	7352.941176	8637.672375	5062.606276	3540.370536	0	5134.78819	1853.199542	3048.780488	2153.316107	3137.254902	2161.939569	2049.889178	2251.531499	631.428139	2245.508982	2867.504428	3409.846973	1715.559267	1142.455181
LT934125.1	49647	+	32781.017543	65231.572081	65073.716319	47078.842881	38832.833379	48171.602182	27089.433115	36842.105263	64542.48366	34399.151387	18356.778482	31055.58038	33333.333333	59050.064185	32843.56561	54115.853659	57278.208441	57777.777778	37267.720183	31055.821045	45442.077352	12342.953478	21706.586826	44277.641899	46074.517631	28118.066701	26493.48576
LT934125.1	49648	+	611.159133	1956.947162	508.388409	1701.644923	763.566948	1183.54747	460.951438	0	1633.986928	909.228671	270.520946	446.842883	0	3851.091142	595.188174	2286.585366	1722.652885	784.313725	411.798013	563.719524	742.891104	206.873767	0	421.691828	665.335995	482.972697	409.088755
LT934125.1	49649	+	14.609382	0	0	0	54.540496	24.403041	38.41262	0	816.993464	151.538112	0	34.372529	0	0	29.759409	0	0	0	0	38.435422	0	9.263004	0	84.338366	0	25.154828	17.461105
LT934125.1	49650	+	0	0	0	0	0	0	0	0	0	151.538112	0	0	0	0	0	0	0	0	0	0	0	0	0	0	0	0	0
LT934125.1	49652	+	0	0	0	0	0	24.403041	0	0	0	0	38.645849	0	0	0	0	0	0	0	0	0	0	0	0	0	0	0	0
LT934125.1	49666	+	0	0	0	0	0	0	0	0	0	0	0	0	0	0	0	0	0	0	51.474752	0	0	0	0	0	0	0	0
LT934125.1	50248	+	0	0	0	283.607487	0	0	0	0	0	0	0	0	0	0	0	0	0	0	0	0	0	0	0	0	0	0	0
LT934125.1	51338	+	0	0	0	283.607487	0	0	0	0	0	0	0	0	0	0	0	0	0	0	0	0	0	0	0	0	0	0	0
LT934125.1	51840	+	0	0	0	0	0	0	0	0	0	0	0	0	0	0	0	0	0	0	51.474752	0	0	0	0	0	0	0	0
LT934125.1	52420	+	0	0	0	0	0	0	0	0	0	0	0	0	0	0	0	0	0	0	0	0	0	20.069843	0	0	0	20.123862	12.472218
LT934125.1	52421	+	26.783866	652.315721	0	0	0	0	0	0	0	151.538112	38.645849	0	0	0	0	0	0	261.437908	51.474752	25.623615	34.287282	12.350673	0	84.338366	0	20.123862	19.955549
LT934125.1	52422	+	24.348969	652.315721	0	0	54.540496	0	17.072275	0	0	151.538112	77.291699	0	0	0	13.527004	0	0	0	0	38.435422	45.716376	44.771188	0	0	103.958749	40.247725	37.416654
LT934125.1	52424	+	19.479176	0	0	0	0	0	29.876482	0	0	0	38.645849	34.372529	0	0	0	0	0	0	102.949503	64.059037	0	26.245179	0	0	83.166999	25.154828	27.43888
LT934125.1	52425	+	31.65366	0	0	0	0	36.604561	29.876482	0	0	0	77.291699	0	0	0	27.054008	0	0	261.437908	0	51.247229	22.858188	30.876682	0	84.338366	83.166999	40.247725	17.461105
LT934125.1	52426	+	63.307321	0	0	850.822462	163.621489	36.604561	68.289102	0	0	0	38.645849	0	0	0	59.518817	762.195122	0	261.437908	205.899007	128.118074	57.14547	97.261547	0	84.338366	83.166999	100.619312	64.855534
LT934125.1	52427	+	92.526084	0	0	567.214974	54.540496	158.619764	89.629446	0	0	303.076224	231.875097	240.607706	0	0	70.340421	0	430.663221	522.875817	51.474752	192.17711	34.287282	120.419058	0	84.338366	187.125749	140.867037	99.777745
LT934125.1	52428	+	53.567733	0	0	0	0	61.007602	81.093309	0	0	0	193.229247	68.745059	0	0	70.340421	0	0	0	51.474752	115.306266	34.287282	83.36704	0	253.015097	166.333999	95.588346	77.327752
LT934125.1	52429	+	60.872424	0	0	0	54.540496	36.604561	81.093309	0	0	0	77.291699	154.676383	0	0	59.518817	0	0	0	51.474752	76.870844	57.14547	91.086211	748.502994	0	83.166999	105.650277	97.283301
LT934125.1	52430	+	21.914072	0	508.388409	283.607487	109.080993	61.007602	140.846273	0	0	151.538112	0	51.558794	0	0	37.875611	0	0	0	0	64.059037	22.858188	40.139686	0	84.338366	62.37525	35.216759	54.87776
LT934125.1	52431	+	19.479176	0	0	0	0	36.604561	64.021033	0	0	151.538112	77.291699	34.372529	0	0	27.054008	0	0	0	0	0	0	37.052018	0	0	0	25.154828	32.427767
LT934125.1	52432	+	124.179744	0	0	0	163.621489	158.619764	128.042066	0	816.993464	151.538112	115.937548	85.931324	0	0	81.162024	762.195122	0	0	51.474752	166.553496	102.861845	151.29574	0	0	145.542249	130.805105	139.688843
LT934125.1	52433	+	46.263042	0	0	0	0	61.007602	102.433653	0	0	0	38.645849	103.117588	0	0	59.518817	0	0	0	205.899007	128.118074	80.003657	123.506726	0	0	145.542249	85.526415	107.261076
LT934125.1	52434	+	389.583511	0	1016.776817	1985.252411	1254.431415	488.060812	1331.637487	2631.578947	0	1212.304895	850.208688	996.803355	0	0	454.507333	0	430.663221	522.875817	772.121275	973.697359	640.029258	844.477242	0	253.015097	623.752495	674.149389	873.055269
LT934125.1	52435	+	70.612011	0	0	0	54.540496	73.209122	187.79503	5263.157895	7352.941176	0	115.937548	154.676383	16666.666667	8985.879332	113.626833	0	11197.243755	261.437908	102.949503	102.494459	102.861845	160.558744	0	0	103.958749	60.371587	129.711069
LT934125.1	52436	+	428.541862	0	0	0	381.783474	463.657772	1630.402308	0	3267.973856	1666.91923	1661.771526	1409.273708	0	1283.697047	440.980329	0	0	0	720.646523	474.036872	628.600165	578.93778	0	84.338366	540.585496	583.592009	541.294267
LT934125.1	52437	+	5726.87761	6523.157208	6100.660905	7373.794668	7090.264521	5698.109985	5783.233318	7894.736842	10620.915033	3485.376572	2396.042665	6410.476747	16666.666667	6418.485237	4880.543028	1524.390244	4737.295435	7320.261438	8390.384516	6098.420304	6205.997988	8034.112558	2245.508982	5060.301931	9231.536926	8160.226192	7757.719679
LT934125.1	52438	+	63.307321	652.315721	0	0	54.540496	61.007602	345.713578	0	0	303.076224	231.875097	446.842883	0	0	54.108016	0	0	261.437908	0	51.247229	34.287282	60.209529	0	253.015097	83.166999	85.526415	77.327752
LT934125.1	52439	+	2154.883795	1956.947162	4575.495679	3403.289847	1908.917371	1818.026526	2253.540363	2631.578947	816.993464	1212.304895	1352.60473	2577.939711	0	2567.394095	1766.626717	1524.390244	1722.652885	2875.816993	2985.535595	2101.136407	2388.680625	2803.602691	2245.508982	1180.737117	3409.846973	2802.247835	2676.538012
LT934125.1	52440	+	148.528714	0	0	283.607487	163.621489	158.619764	153.650479	0	0	151.538112	309.166795	103.117588	0	0	148.797044	0	0	0	154.424255	179.365303	137.149127	197.610762	0	168.676731	166.333999	166.021865	209.533265
LT934125.1	52441	+	0	0	0	0	0	0	0	0	0	0	77.291699	0	0	0	0	0	0	0	0	0	0	0	0	0	0	0	0
LT934125.1	52442	+	0	0	0	0	0	0	0	0	0	0	0	0	0	0	0	0	0	0	0	0	0	0	0	84.338366	0	0	0
LT934125.1	52443	+	0	0	0	283.607487	0	0	0	0	0	0	0	0	0	0	0	0	0	0	0	0	0	0	0	0	0	0	0
LT934125.1	52446	+	0	0	0	0	0	0	0	0	0	151.538112	0	0	0	0	0	0	0	0	0	0	0	0	0	0	0	0	0
LT934125.1	53413	+	0	0	0	0	0	0	0	0	0	0	0	0	0	0	0	0	430.663221	0	0	0	0	0	0	0	0	0	0
LT934125.1	53415	+	0	0	0	0	0	0	17.072275	0	0	0	0	34.372529	0	0	0	0	0	0	0	0	0	0	0	0	0	0	0
LT934125.1	53577	+	0	0	0	0	0	0	0	0	0	0	0	0	0	0	0	0	861.326443	0	0	0	0	0	0	0	0	0	0
LT934125.1	53582	+	0	0	0	0	0	0	0	0	0	0	0	0	0	0	0	0	430.663221	0	0	0	0	0	0	0	0	0	0
LT934125.1	53585	+	0	0	0	0	0	0	0	0	0	0	38.645849	0	0	0	0	0	0	0	0	0	0	0	0	0	0	0	0
LT934125.1	53588	+	0	0	0	0	0	0	0	0	0	0	38.645849	0	0	0	0	762.195122	0	0	0	0	0	0	0	0	0	0	12.472218
LT934125.1	53589	+	12.174485	0	0	0	0	0	12.804207	0	0	0	77.291699	0	0	0	0	0	0	0	0	25.623615	0	16.982175	0	168.676731	83.166999	35.216759	17.461105
LT934125.1	53590	+	620.89872	652.315721	1016.776817	1134.429949	1472.593401	939.517064	670.086813	7894.736842	3267.973856	606.152447	734.271139	824.940707	0	1283.697047	719.636611	1524.390244	1291.989664	1830.065359	1904.56581	1550.228691	1405.77855	773.460875	0	3710.888083	3035.595476	1625.001887	1701.210553
LT934125.1	53591	+	392.018408	0	2541.942044	283.607487	818.107445	463.657772	618.869986	2631.578947	816.993464	1212.304895	811.562838	842.126972	0	0	440.980329	1524.390244	1291.989664	1568.627451	823.596026	781.520249	662.887446	413.747534	748.502994	2445.8126	1455.422488	784.830633	703.433103
LT934125.1	53592	+	116.875053	0	1016.776817	0	163.621489	195.224325	392.662336	0	0	303.076224	231.875097	309.352765	0	0	100.099829	762.195122	0	522.875817	205.899007	192.17711	240.010972	83.36704	1497.005988	506.030193	249.500998	196.207658	159.644392
LT934125.1	53593	+	51.132836	0	1016.776817	0	109.080993	109.813683	332.909372	0	0	606.152447	115.937548	446.842883	0	1283.697047	56.813417	0	861.326443	261.437908	154.424255	102.494459	114.290939	47.858857	0	337.353462	187.125749	60.371587	117.23885
LT934125.1	53594	+	1594.857498	6523.157208	4575.495679	2552.467385	3599.672757	2598.923826	3043.133104	18421.052632	8986.928105	2121.533566	1391.25058	3334.135359	16666.666667	8985.879332	1934.361566	5335.365854	9474.59087	8888.888889	4529.778144	3933.22486	2960.13532	2121.228027	1497.005988	6831.407607	5655.355955	3697.759711	4263.004158
LT934125.1	53595	+	180.182374	1304.631442	1016.776817	283.607487	163.621489	390.44865	571.921229	0	3267.973856	1060.766783	541.041892	721.823119	0	1283.697047	208.315861	2286.585366	1291.989664	522.875817	308.84851	307.483377	457.163756	200.698431	0	843.383655	582.168995	306.888901	396.616537
LT934125.1	53596	+	56.00263	0	0	0	163.621489	97.612162	110.969791	0	0	151.538112	77.291699	154.676383	0	2567.394095	45.991813	0	430.663221	261.437908	102.949503	102.494459	45.716376	58.665695	0	253.015097	103.958749	65.402553	89.799971
LT934125.1	53597	+	80.351599	0	0	0	218.161985	122.015203	285.960614	0	816.993464	303.076224	154.583398	137.490118	0	0	89.278226	0	0	261.437908	257.373758	166.553496	205.72369	57.121861	0	337.353462	145.542249	130.805105	102.272189
LT934125.1	53598	+	1292.930277	2609.262883	5083.884087	2268.859898	2999.727298	2074.258453	1690.155272	7894.736842	11437.908497	1515.381118	1082.083784	2320.14574	0	7702.182285	1561.016257	1524.390244	5598.621878	4705.882353	3139.95985	2549.549665	2160.098747	971.071637	0	3289.196255	3139.554225	1740.714095	1880.810495
LT934125.1	53599	+	228.880313	0	1525.165226	283.607487	599.94546	341.642569	337.177441	2631.578947	816.993464	151.538112	154.583398	360.911559	0	1283.697047	238.07527	0	0	261.437908	411.798013	345.918799	320.014629	183.716256	0	1096.398752	457.418496	327.012764	411.583198
LT934125.1	53600	+	41.393248	652.315721	0	0	54.540496	85.410642	89.629446	2631.578947	1633.986928	151.538112	38.645849	103.117588	0	0	35.17021	762.195122	0	0	0	25.623615	45.716376	12.350673	0	168.676731	41.5835	50.309656	37.416654
LT934125.1	53601	+	58.437527	0	0	0	109.080993	122.015203	183.526961	0	0	151.538112	309.166795	189.048912	0	1283.697047	73.045821	0	430.663221	261.437908	0	89.682652	80.003657	41.68352	0	84.338366	103.958749	90.557381	102.272189
LT934125.1	53602	+	586.810163	1304.631442	2541.942044	567.214974	1145.350423	1000.524665	815.201154	2631.578947	0	606.152447	502.396043	945.244561	0	1283.697047	657.412392	1524.390244	1291.989664	522.875817	1235.394039	973.697359	960.043888	399.853027	748.502994	2024.120773	1372.255489	830.109323	883.033044
LT934125.1	53603	+	85.221393	0	0	0	327.242978	109.813683	89.629446	2631.578947	816.993464	0	193.229247	85.931324	0	0	56.813417	0	0	0	51.474752	76.870844	80.003657	33.96435	0	506.030193	83.166999	70.433518	57.372203
LT934125.1	53604	+	1307.539658	1956.947162	1525.165226	1985.252411	1527.133897	1439.779397	1173.718939	5263.157895	4901.960784	606.152447	541.041892	1460.832503	0	6418.485237	895.487662	1524.390244	1291.989664	3660.130719	2058.990065	1524.605076	1577.214958	608.270628	0	2108.459138	1434.630739	1187.30788	1052.655211
LT934125.1	53605	+	0	0	0	0	54.540496	0	0	0	0	0	0	0	0	0	0	0	0	0	0	25.623615	0	0	0	0	0	0	0
LT934125.1	53607	+	0	0	0	0	0	0	0	0	0	0	0	0	0	0	0	0	0	0	0	0	0	0	0	84.338366	0	0	0
LT934125.1	54100	+	0	0	0	0	0	0	0	0	0	0	0	0	0	0	0	0	0	0	0	0	0	13.894507	0	0	0	0	0
LT934125.1	54804	+	14.609382	0	0	0	0	0	0	0	0	0	0	0	0	0	0	0	0	0	0	0	0	15.438341	0	0	0	0	0
LT934125.1	55146	+	0	0	0	0	0	0	0	0	0	0	0	0	0	0	0	0	0	261.437908	0	0	0	0	0	0	0	0	0
LT934125.1	55151	+	0	0	0	0	54.540496	0	0	0	0	0	0	0	0	0	0	0	0	0	0	0	22.858188	12.350673	0	0	0	0	0
LT934125.1	55153	+	14.609382	0	0	0	0	24.403041	29.876482	0	0	0	0	0	0	0	18.937806	0	0	0	0	0	0	94.173879	0	168.676731	0	15.092897	32.427767
LT934125.1	55154	+	29.218763	0	0	0	0	36.604561	102.433653	0	0	0	38.645849	0	0	0	45.991813	0	0	0	0	38.435422	57.14547	145.120404	0	0	41.5835	35.216759	64.855534
LT934125.1	55155	+	19.479176	0	0	0	163.621489	24.403041	123.773997	0	0	0	77.291699	51.558794	0	0	51.402615	0	0	0	102.949503	38.435422	22.858188	114.243722	0	0	0	35.216759	37.416654
LT934125.1	55156	+	409.062686	0	508.388409	0	490.864467	195.224325	452.4153	0	0	303.076224	77.291699	292.166501	0	0	633.063785	0	0	261.437908	205.899007	371.542413	480.021944	1724.462669	0	674.706924	249.500998	432.663041	763.29975
LT934125.1	55157	+	131.484435	0	508.388409	283.607487	163.621489	109.813683	1037.140735	0	0	151.538112	154.583398	670.264325	0	0	286.772484	0	430.663221	0	257.373758	217.800725	251.440066	475.500897	0	337.353462	166.333999	145.898002	217.016596
LT934125.1	55158	+	2381.32921	652.315721	1016.776817	2836.074872	3163.348786	1451.980917	4276.605007	0	0	1060.766783	1700.417375	2577.939711	0	0	4334.052068	762.195122	430.663221	784.313725	2419.313327	2921.092078	3028.709884	7126.338118	0	3120.519524	852.461743	2243.810655	3133.021195
LT934125.1	55159	+	1918.698791	0	508.388409	1134.429949	1308.971912	1403.174836	4306.481489	0	816.993464	1818.457342	1159.375483	2302.959475	0	0	2562.01455	0	430.663221	261.437908	1080.969784	1511.793269	1737.222273	4029.406952	748.502994	590.368559	706.919494	1167.184018	1930.699367
LT934125.1	55160	+	1039.700995	652.315721	508.388409	1134.429949	654.485956	671.083617	3188.247446	0	0	1060.766783	1623.125676	1838.930327	0	0	1788.269923	762.195122	430.663221	0	566.222268	896.826515	1337.203986	2839.110875	0	927.722021	706.919494	648.994562	1282.144024
LT934125.1	55161	+	16588.952873	652.315721	6100.660905	11627.906977	12653.395146	9944.239052	17592.97988	2631.578947	816.993464	6667.676921	5642.294018	11772.591345	0	3851.091142	21345.612246	0	3014.64255	4705.882353	8699.233026	11658.744699	17315.077261	40510.206287	0	9361.558573	4366.267465	10157.519533	18289.260672
LT934125.1	55162	+	97.395878	0	0	0	109.080993	48.806081	136.578204	0	0	0	38.645849	85.931324	0	0	129.859238	0	0	0	51.474752	102.494459	148.578221	257.820292	0	0	0	95.588346	127.216625
LT934125.1	55163	+	0	0	0	0	0	24.403041	0	0	0	0	0	0	0	0	0	0	0	0	0	0	0	10.806839	0	0	0	0	0
LT934125.1	55164	+	0	0	0	0	0	0	0	0	0	0	0	0	0	0	0	0	0	0	0	0	0	15.438341	0	0	0	0	0
LT934125.1	55262	+	0	0	0	283.607487	0	0	0	0	0	0	0	0	0	0	0	0	0	0	0	0	0	0	0	0	0	0	0
LT934125.1	55263	+	0	0	0	0	54.540496	0	0	0	0	0	0	0	0	0	0	0	0	0	51.474752	0	0	0	0	0	0	0	0
LT934125.1	55264	+	0	0	0	0	109.080993	24.403041	12.804207	0	0	0	0	0	0	0	0	0	0	0	0	0	0	0	0	0	0	0	0
LT934125.1	55265	+	0	0	0	0	0	0	25.608413	0	0	0	38.645849	0	0	0	0	0	0	0	0	0	0	0	0	0	0	0	0
LT934125.1	55267	+	14.609382	0	0	0	0	0	0	0	0	0	0	0	0	0	0	0	0	261.437908	0	0	0	0	0	0	0	0	0
LT934125.1	55268	+	12.174485	0	0	0	0	36.604561	0	0	0	0	0	0	0	0	0	0	0	0	0	0	0	0	0	84.338366	0	0	12.472218
LT934125.1	55269	+	19.479176	0	0	0	0	0	12.804207	0	0	0	38.645849	0	0	0	0	0	0	0	0	0	0	9.263004	0	84.338366	0	0	0
LT934125.1	55270	+	0	0	0	0	0	0	0	0	0	0	0	68.745059	0	0	0	0	0	0	0	0	0	0	0	0	0	0	0
LT934125.1	55271	+	112.005259	0	0	0	218.161985	183.022805	89.629446	0	0	303.076224	0	34.372529	0	0	32.464809	762.195122	0	0	51.474752	128.118074	91.432751	50.946525	0	84.338366	0	15.092897	69.844422
LT934125.1	55273	+	43.828145	0	0	0	54.540496	24.403041	34.144551	0	0	0	0	0	0	0	18.937806	0	0	0	0	0	0	12.350673	0	0	0	0	12.472218
LT934125.1	55274	+	0	0	0	0	54.540496	0	0	0	0	0	0	0	0	0	0	0	0	0	0	0	0	0	0	0	0	0	0
LT934125.1	55275	+	0	0	0	0	0	0	17.072275	0	0	0	0	0	0	0	0	0	0	0	0	0	0	0	0	0	0	0	0
LT934125.1	55276	+	68.177114	0	0	283.607487	327.242978	85.410642	64.021033	0	0	0	115.937548	68.745059	0	0	27.054008	0	0	0	51.474752	25.623615	22.858188	15.438341	0	0	0	0	29.933324
LT934125.1	55277	+	0	0	0	0	0	0	17.072275	0	0	0	0	0	0	0	0	0	0	0	0	0	0	0	0	0	0	0	0
LT934125.1	55278	+	0	0	0	283.607487	0	0	0	0	0	0	0	0	0	0	0	0	0	0	0	0	0	0	0	0	0	0	0
LT934125.1	55279	+	77.916702	0	0	0	109.080993	36.604561	85.361377	0	0	0	38.645849	68.745059	0	0	27.054008	0	430.663221	0	0	25.623615	34.287282	20.069843	0	0	0	15.092897	0
LT934125.1	55471	+	31.65366	0	0	567.214974	0	0	0	0	0	0	0	0	0	0	13.527004	0	0	0	0	0	34.287282	15.438341	0	0	0	25.154828	0
LT934125.1	55474	+	0	0	0	0	0	0	0	0	0	0	0	0	0	0	0	0	0	261.437908	0	0	0	0	0	0	0	0	0
LT934125.1	55687	+	0	0	0	0	0	0	0	0	0	0	77.291699	0	0	0	0	0	0	0	0	0	0	0	0	0	0	0	0
LT934125.1	55800	+	0	0	0	0	0	0	0	0	0	0	38.645849	0	0	0	0	0	0	0	0	0	0	0	0	0	0	0	0
LT934125.1	56189	+	12.174485	0	0	0	109.080993	0	0	0	0	0	0	0	0	0	13.527004	0	0	0	0	0	0	20.069843	0	0	0	0	12.472218
LT934125.1	59788	+	0	0	0	0	0	0	0	0	0	0	0	0	0	0	0	0	0	0	51.474752	0	0	0	0	0	0	0	0
LT934125.1	59795	+	12.174485	0	0	0	0	0	0	0	0	0	0	0	0	0	0	0	0	0	0	0	0	0	0	0	0	0	0
LT934125.1	60186	+	0	0	0	0	0	0	0	0	0	0	38.645849	0	0	0	0	0	0	0	0	0	0	0	0	0	0	0	0
LT934125.1	60240	+	0	0	0	0	0	0	0	0	0	0	0	0	0	0	0	0	0	0	0	0	0	0	0	84.338366	0	0	0
LT934125.1	60241	+	0	0	0	0	0	0	0	0	0	0	0	0	0	0	0	0	0	0	0	0	0	0	0	84.338366	0	0	0
LT934125.1	60242	+	0	0	0	0	54.540496	0	0	0	0	151.538112	0	0	0	0	0	0	0	0	0	0	0	0	0	0	0	0	0
LT934125.1	60243	+	0	0	508.388409	0	0	0	25.608413	0	0	0	0	0	0	0	0	0	0	261.437908	51.474752	25.623615	34.287282	0	0	84.338366	0	0	14.966662
LT934125.1	60244	+	0	0	0	0	163.621489	24.403041	0	0	0	0	0	34.372529	0	0	0	0	0	0	0	0	0	0	0	0	0	0	0
LT934125.1	60245	+	0	0	0	0	0	0	0	0	0	0	0	0	0	0	0	0	0	0	51.474752	0	0	0	0	0	0	0	0
LT934125.1	60246	+	21.914072	0	508.388409	0	109.080993	73.209122	46.948758	0	0	0	38.645849	0	0	0	21.643206	762.195122	0	0	51.474752	102.494459	102.861845	0	0	0	83.166999	75.464484	29.933324
LT934125.1	60247	+	41.393248	0	508.388409	0	381.783474	122.015203	89.629446	0	0	151.538112	38.645849	51.558794	0	0	43.286413	0	430.663221	261.437908	102.949503	230.612533	125.720033	27.789013	0	0	249.500998	145.898002	77.327752
LT934125.1	60248	+	70.612011	652.315721	508.388409	0	218.161985	170.821284	704.231363	2631.578947	1633.986928	1212.304895	927.500386	1254.597326	0	1283.697047	94.689028	762.195122	0	261.437908	257.373758	115.306266	125.720033	37.052018	0	506.030193	457.418496	145.898002	117.23885
LT934125.1	60249	+	87.65629	1956.947162	1016.776817	0	327.242978	73.209122	307.300959	2631.578947	816.993464	606.152447	579.687742	343.725295	0	0	86.572825	0	0	522.875817	0	281.859762	125.720033	35.508184	0	506.030193	291.084498	140.867037	97.283301
LT934125.1	60250	+	129.049538	652.315721	508.388409	283.607487	218.161985	280.634967	644.478399	0	816.993464	1515.381118	1391.25058	567.146736	0	0	127.153837	3810.97561	1291.989664	522.875817	411.798013	358.730606	285.727348	49.402691	0	506.030193	478.210246	145.898002	137.194399
LT934125.1	60251	+	4132.020112	35877.364644	50330.452466	12762.336926	15271.338969	9565.991923	8762.345389	28947.368421	25326.797386	10607.667828	6260.627609	10139.896195	0	43645.699615	4534.251727	28963.414634	32299.741602	24313.72549	12817.213157	11569.062048	9097.558746	2190.700561	5239.520958	12060.38627	15697.771124	9417.967591	6692.592251
LT934125.1	60252	+	241.054797	2609.262883	2541.942044	283.607487	1036.26943	683.285137	490.82792	0	1633.986928	454.614336	502.396043	429.656618	0	3851.091142	221.842865	3048.780488	861.326443	784.313725	360.323261	474.036872	400.018287	148.208072	748.502994	843.383655	1372.255489	719.42808	446.505409
LT934125.1	60253	+	0	0	0	0	0	24.403041	12.804207	0	0	0	0	34.372529	0	0	0	0	0	0	0	25.623615	0	0	0	0	0	0	12.472218
LT934125.1	60254	+	170.442786	1956.947162	1016.776817	1134.429949	654.485956	427.053211	315.837096	5263.157895	1633.986928	303.076224	347.812645	567.146736	0	1283.697047	175.851051	762.195122	1291.989664	1307.189542	669.171771	435.60145	274.298254	71.016368	0	421.691828	665.335995	311.919867	204.544377
LT934125.1	60255	+	12.174485	0	0	0	109.080993	24.403041	21.340344	0	0	0	77.291699	0	0	0	0	0	0	0	51.474752	0	0	0	0	84.338366	62.37525	0	0
LT934125.1	60256	+	46.263042	0	0	0	54.540496	24.403041	64.021033	2631.578947	0	151.538112	38.645849	68.745059	0	1283.697047	51.402615	0	1291.989664	261.437908	257.373758	89.682652	114.290939	24.701345	0	506.030193	228.709248	100.619312	72.338865
LT934125.1	60257	+	0	0	0	0	0	0	12.804207	0	0	0	0	0	0	0	0	0	0	0	51.474752	0	0	0	0	0	0	0	0
LT934125.1	60258	+	0	0	0	0	54.540496	0	0	0	0	0	0	0	0	0	0	0	0	0	0	0	0	0	0	0	0	0	0
LT934125.1	60282	+	0	0	0	0	0	0	0	0	0	0	0	0	0	0	0	0	0	0	0	0	0	0	0	84.338366	0	0	0
LT934125.1	61262	+	0	0	0	0	0	0	0	0	0	0	0	0	0	0	13.527004	0	0	0	0	0	0	0	0	0	0	15.092897	0
LT934125.1	61645	+	0	0	0	0	0	0	0	0	0	0	38.645849	0	0	0	0	0	0	0	0	0	0	0	0	0	0	0	0
LT934125.1	62133	+	0	0	0	0	0	0	0	0	0	0	0	0	0	0	0	0	0	0	51.474752	0	0	0	0	0	0	0	0
LT934125.1	62328	+	0	0	0	283.607487	54.540496	0	0	0	0	0	0	0	0	0	0	0	0	0	0	0	0	0	0	0	0	0	0
LT934125.1	62330	+	0	0	0	0	0	0	0	0	0	0	0	0	0	0	0	0	0	261.437908	0	0	0	0	0	0	0	0	0
LT934125.1	62332	+	26.783866	0	0	0	109.080993	24.403041	153.650479	0	0	0	77.291699	68.745059	0	1283.697047	35.17021	0	0	0	51.474752	51.247229	45.716376	27.789013	0	0	62.37525	55.340622	57.372203
LT934125.1	62333	+	0	0	0	283.607487	54.540496	0	17.072275	0	0	0	0	0	0	0	35.17021	0	0	0	0	25.623615	22.858188	12.350673	0	0	41.5835	0	0
LT934125.1	62334	+	68.177114	652.315721	0	0	0	36.604561	38.41262	0	0	151.538112	0	68.745059	0	0	78.456623	0	0	0	205.899007	89.682652	114.290939	38.595852	0	0	62.37525	60.371587	67.349978
LT934125.1	62335	+	56.00263	0	0	0	54.540496	36.604561	239.011857	0	0	151.538112	309.166795	206.235177	0	0	81.162024	0	0	0	102.949503	76.870844	57.14547	27.789013	0	0	83.166999	45.27869	22.449993
LT934125.1	62336	+	187.487065	0	508.388409	567.214974	272.702482	158.619764	251.816063	0	0	454.614336	386.458494	240.607706	0	0	240.78067	762.195122	430.663221	261.437908	360.323261	153.741688	262.86916	101.893049	0	0	62.37525	125.77414	119.733294
LT934125.1	62337	+	528.372637	0	508.388409	0	272.702482	488.060812	981.65584	0	0	2121.533566	1507.188128	1134.293473	0	0	606.009777	762.195122	430.663221	1045.751634	566.222268	499.660487	788.607479	265.539462	0	421.691828	207.917498	306.888901	321.783228
LT934125.1	62338	+	2534.727718	652.315721	4067.10727	2836.074872	2290.700845	2049.855412	2014.528506	0	3267.973856	3030.762237	2202.813418	2543.567181	0	0	2859.608637	3048.780488	430.663221	1568.627451	2676.687085	2331.74894	3120.142635	1089.946861	0	1096.398752	1205.92149	1363.391676	1499.16062
LT934125.1	62339	+	116.875053	0	0	0	54.540496	97.612162	303.03289	0	816.993464	454.614336	656.97944	378.097824	0	0	146.091643	0	0	261.437908	205.899007	102.494459	194.294596	63.297197	0	84.338366	0	105.650277	89.799971
LT934125.1	62340	+	5802.359415	4566.210046	6100.660905	6522.972206	4526.861194	5344.265896	4250.996594	0	3267.973856	9395.362934	5487.71062	5276.183274	0	6418.485237	6701.277761	8384.146341	5598.621878	6535.947712	6691.717712	5726.877891	7097.467313	3021.283297	748.502994	3457.872986	3825.681969	3803.409988	4272.981933
LT934125.1	62341	+	114.440156	0	0	283.607487	54.540496	85.410642	64.021033	0	0	151.538112	38.645849	51.558794	0	0	91.983627	0	0	0	102.949503	89.682652	125.720033	64.841031	0	0	187.125749	85.526415	119.733294
LT934125.1	62342	+	0	0	0	0	54.540496	0	0	0	0	0	0	0	0	0	0	0	0	0	0	0	22.858188	0	0	0	0	0	0
LT934125.1	62343	+	0	0	0	0	54.540496	0	0	0	0	0	0	0	0	0	0	0	0	0	0	0	0	0	0	0	0	0	0
LT934125.1	62345	+	17.044279	0	0	0	0	0	21.340344	0	0	0	0	34.372529	0	0	13.527004	0	0	0	0	0	34.287282	0	0	0	0	0	0
LT934125.1	63160	+	0	0	0	0	0	0	0	0	0	0	0	0	0	0	0	0	0	0	0	0	0	27.789013	0	0	0	0	0
LT934125.1	63412	+	0	0	0	0	0	0	0	0	0	0	0	0	0	0	0	0	0	0	0	0	0	0	0	84.338366	0	0	0
LT934125.1	63416	+	0	0	0	0	0	0	0	0	0	0	0	0	0	0	0	0	0	0	0	25.623615	22.858188	9.263004	0	0	0	0	0
LT934125.1	63417	+	0	0	0	0	0	0	0	0	0	0	0	0	0	0	45.991813	0	0	0	51.474752	38.435422	57.14547	49.402691	0	0	0	25.154828	0
LT934125.1	63418	+	0	0	0	0	0	0	0	0	0	0	0	0	0	0	0	0	0	0	0	0	0	9.263004	0	84.338366	0	0	12.472218
LT934125.1	63420	+	21.914072	0	0	0	109.080993	73.209122	0	0	0	0	0	0	0	0	75.751222	0	0	0	154.424255	204.988918	68.574563	91.086211	0	168.676731	0	65.402553	42.405542
LT934125.1	63421	+	0	0	0	0	0	0	0	0	0	0	0	0	0	0	0	0	0	0	0	0	0	9.263004	0	0	0	0	0
LT934125.1	65742	+	0	0	0	0	0	0	0	0	0	0	0	0	0	0	0	0	0	0	51.474752	0	0	0	0	0	0	0	0
LT934125.1	67067	+	0	0	0	0	0	0	0	0	0	0	0	0	0	0	0	0	0	0	0	0	0	0	0	84.338366	0	0	0
LT934125.1	68749	+	26.783866	0	0	0	0	0	0	0	0	0	0	0	0	0	0	0	0	0	0	0	0	12.350673	0	0	0	0	0
LT934125.1	70083	+	0	0	0	0	0	0	0	0	0	0	0	0	0	0	0	0	0	261.437908	0	0	0	0	0	0	0	0	0
LT934125.1	70510	+	0	0	0	0	0	0	0	0	0	0	0	34.372529	0	0	0	0	0	0	0	0	0	0	0	0	0	0	0
LT934125.1	70512	+	0	0	0	0	54.540496	0	0	0	0	0	0	0	0	0	0	0	0	0	51.474752	0	22.858188	0	0	0	41.5835	0	0
LT934125.1	70513	+	0	0	0	0	0	0	12.804207	0	0	0	0	0	0	0	0	0	0	0	51.474752	25.623615	22.858188	16.982175	0	0	0	40.247725	12.472218
LT934125.1	70514	+	0	0	0	0	0	24.403041	12.804207	0	0	0	0	0	0	0	0	0	0	0	0	0	0	18.526009	0	0	0	0	0
LT934125.1	70515	+	109.570362	0	0	0	54.540496	73.209122	119.505928	0	0	0	77.291699	51.558794	0	0	140.680841	0	0	261.437908	0	192.17711	45.716376	305.679148	0	0	103.958749	166.021865	256.927694
LT934125.1	70516	+	48.697939	0	0	0	0	0	51.216826	0	0	0	77.291699	103.117588	0	0	56.813417	0	0	0	51.474752	51.247229	22.858188	87.998543	0	84.338366	41.5835	50.309656	37.416654
LT934125.1	70517	+	87.65629	652.315721	0	0	109.080993	73.209122	102.433653	0	0	0	38.645849	103.117588	0	0	116.332234	762.195122	0	522.875817	102.949503	76.870844	68.574563	233.118946	0	253.015097	166.333999	160.990899	167.127723
LT934125.1	70518	+	389.583511	0	0	0	327.242978	280.634967	1425.535002	2631.578947	816.993464	757.690559	579.687742	1288.969855	0	0	419.337123	762.195122	430.663221	522.875817	102.949503	409.977836	548.596507	869.178588	0	506.030193	561.377246	528.251387	643.566456
LT934125.1	70519	+	581.940369	1304.631442	0	567.214974	218.161985	414.851691	751.180121	0	0	303.076224	347.812645	567.146736	0	1283.697047	725.047412	0	0	1568.627451	102.949503	371.542413	640.029258	967.983969	748.502994	843.383655	686.127745	603.715871	673.499779
LT934125.1	70520	+	338.450675	0	0	0	218.161985	207.425845	1404.194658	0	0	151.538112	656.97944	824.940707	0	0	351.702103	0	0	0	257.373758	409.977836	422.876474	606.726794	0	843.383655	291.084498	301.857936	391.627649
LT934125.1	70521	+	9902.725867	4566.210046	6609.049314	4821.327283	4799.563676	5685.908464	11809.746562	2631.578947	5718.954248	5758.44825	4135.10589	9796.1709	0	3851.091142	12030.91732	4573.170732	4306.632214	5751.633987	7927.111752	8942.641538	11440.522995	23393.71783	0	9530.235304	10499.833666	12657.909433	18152.066272
LT934125.1	70522	+	0	0	0	0	0	0	17.072275	0	0	0	0	0	0	0	13.527004	0	0	0	0	0	0	20.069843	0	0	0	0	17.461105
LT934125.1	70523	+	19.479176	0	0	0	0	0	0	0	0	0	38.645849	0	0	0	27.054008	0	0	0	0	38.435422	22.858188	30.876682	0	0	0	0	22.449993
LT934125.1	70524	+	0	0	0	0	0	0	0	0	0	0	0	0	0	0	0	0	0	0	51.474752	0	0	10.806839	0	0	0	0	0
LT934125.1	70527	+	0	0	0	0	0	0	0	0	0	0	0	34.372529	0	0	18.937806	0	0	0	0	0	0	13.894507	0	0	0	0	0
LT934125.1	70871	+	0	0	0	0	0	0	0	0	0	151.538112	0	0	0	0	0	0	0	0	0	0	0	0	0	0	0	0	0
LT934125.1	71510	+	0	0	0	0	54.540496	0	0	0	0	0	0	0	0	0	0	0	0	0	0	0	0	0	0	0	0	0	0
LT934125.1	71516	+	14.609382	0	0	0	0	0	0	0	0	0	0	34.372529	0	0	0	0	0	0	51.474752	25.623615	22.858188	0	0	0	0	0	0
LT934125.1	71517	+	19.479176	0	0	0	0	0	29.876482	0	0	0	0	51.558794	0	0	16.232405	0	0	0	51.474752	25.623615	0	18.526009	0	0	0	0	0
LT934125.1	71518	+	60.872424	0	0	0	0	0	179.258893	0	0	151.538112	0	103.117588	0	0	18.937806	0	0	0	102.949503	25.623615	34.287282	33.96435	0	0	0	30.185794	0
LT934125.1	71519	+	12.174485	0	0	0	0	0	0	0	0	0	38.645849	0	0	0	24.348607	0	0	0	0	0	0	0	0	0	0	0	0
LT934125.1	71520	+	0	0	0	0	0	0	0	0	0	0	0	0	0	0	0	0	0	0	0	0	0	9.263004	0	0	0	0	0
LT934125.1	71523	+	46.263042	0	0	0	0	0	21.340344	0	0	151.538112	0	34.372529	0	0	16.232405	0	0	0	0	0	0	18.526009	0	0	0	15.092897	24.944436
LT934125.1	71527	+	0	0	0	0	0	0	17.072275	0	0	0	0	0	0	0	0	0	0	0	0	0	0	0	0	84.338366	0	0	0
LT934125.1	71528	+	0	0	0	0	0	24.403041	21.340344	0	0	0	0	0	0	0	0	0	0	0	0	0	0	0	0	0	0	15.092897	0
LT934125.1	71529	+	455.325728	652.315721	1016.776817	0	381.783474	341.642569	396.930405	0	0	1060.766783	1313.958881	274.980236	0	0	319.237293	0	0	261.437908	308.84851	320.295184	182.865502	347.362668	0	0	207.917498	266.641176	189.577716
LT934125.1	71530	+	857.083724	652.315721	0	283.607487	490.864467	622.277536	721.303639	0	0	606.152447	811.562838	567.146736	0	0	657.412392	0	861.326443	0	154.424255	512.472294	377.160099	643.778812	0	253.015097	270.292748	452.786903	311.805453
LT934125.1	71531	+	2797.696587	1956.947162	2541.942044	3403.289847	1472.593401	1757.018925	1886.48644	0	0	606.152447	1120.729634	1151.479737	0	0	2380.752697	2286.585366	1722.652885	1307.189542	1698.666804	1575.852305	1417.207644	2199.963566	0	1265.075483	1413.838989	1438.85616	1287.132911
LT934125.1	71532	+	94.960981	0	0	0	0	48.806081	371.321992	0	0	151.538112	154.583398	85.931324	0	0	86.572825	0	0	0	0	38.435422	68.574563	78.735538	0	0	0	45.27869	47.394429
LT934125.1	71533	+	430.976759	652.315721	0	0	436.323971	183.022805	1126.770182	0	816.993464	454.614336	386.458494	429.656618	0	0	332.764297	0	0	0	205.899007	230.612533	274.298254	279.433969	0	253.015097	166.333999	231.424417	174.611054
LT934125.1	71534	+	153.398507	0	0	567.214974	599.94546	158.619764	162.186617	0	0	0	38.645849	68.745059	0	0	154.207845	0	430.663221	0	257.373758	294.671569	148.578221	208.417601	0	168.676731	83.166999	110.681243	132.205512
LT934125.1	71535	+	6406.213857	1304.631442	4067.10727	2552.467385	5399.509136	4526.764035	3363.238269	2631.578947	816.993464	1363.843007	927.500386	1718.626474	0	1283.697047	4764.210794	3810.97561	2153.316107	1568.627451	4735.67715	5150.346559	3337.295419	5096.196302	748.502994	1518.090579	2224.717232	3426.087569	3195.382286
LT934125.1	71536	+	146.093817	0	0	0	54.540496	97.612162	640.21033	0	0	151.538112	309.166795	274.980236	0	0	129.859238	0	0	0	0	89.682652	91.432751	106.524552	0	84.338366	62.37525	70.433518	52.383316
LT934125.1	71537	+	56.00263	0	0	0	54.540496	85.410642	226.20765	0	0	0	154.583398	137.490118	0	0	110.921432	0	0	0	0	51.247229	80.003657	57.121861	0	0	0	55.340622	44.899985
LT934125.1	71538	+	221.575622	0	508.388409	0	272.702482	219.627366	1054.213011	0	0	454.614336	618.333591	567.146736	0	0	240.78067	0	0	0	102.949503	140.929881	171.436409	216.136771	0	84.338366	103.958749	100.619312	127.216625
LT934125.1	71539	+	75.481805	0	508.388409	0	54.540496	36.604561	140.846273	0	0	151.538112	115.937548	51.558794	0	0	113.626833	0	0	0	205.899007	153.741688	102.861845	128.138229	0	0	62.37525	95.588346	79.822196
LT934125.1	71540	+	396.888202	0	0	0	381.783474	402.65017	465.219507	0	816.993464	303.076224	193.229247	154.676383	0	0	338.175099	0	0	261.437908	308.84851	307.483377	262.86916	259.364126	0	0	291.084498	216.331521	182.094385
LT934125.1	71541	+	496.718976	652.315721	508.388409	567.214974	545.404963	439.254731	887.758325	5263.157895	1633.986928	454.614336	270.520946	601.519266	0	5134.78819	346.291301	0	7321.274763	0	257.373758	397.166028	342.872817	355.081839	0	84.338366	187.125749	256.579245	159.644392
LT934125.1	71542	+	1139.531769	652.315721	1525.165226	1134.429949	1090.809926	963.920104	2087.085677	0	0	2121.533566	888.854537	1048.362149	0	0	1141.679134	0	0	522.875817	1029.495033	1217.121699	994.331169	1028.193498	0	421.691828	748.502994	815.016426	621.116463
LT934125.1	71543	+	557.5914	0	1525.165226	283.607487	327.242978	488.060812	1399.926589	0	0	1060.766783	888.854537	687.450589	0	0	497.793746	762.195122	430.663221	0	308.84851	614.966753	342.872817	381.327018	0	168.676731	395.043247	311.919867	236.972145
LT934125.1	71544	+	12700.422455	5870.841487	12709.710219	11344.29949	9653.667848	8138.414046	9240.369103	2631.578947	2450.980392	5606.910138	5333.127222	6479.221806	0	3851.091142	11113.786452	2286.585366	5167.958656	6274.509804	10294.950327	10044.456972	8000.365731	10044.184531	0	3036.181159	5634.564205	6932.670587	6692.592251
LT934125.1	71545	+	114.440156	652.315721	1016.776817	0	54.540496	146.418244	98.165584	0	0	0	115.937548	51.558794	0	0	97.394428	0	0	0	51.474752	51.247229	68.574563	92.630045	0	0	0	50.309656	74.833309
LT934125.1	71546	+	80.351599	0	0	0	163.621489	48.806081	38.41262	0	0	151.538112	38.645849	0	0	0	56.813417	0	0	0	51.474752	51.247229	34.287282	72.560202	0	0	0	40.247725	52.383316
LT934125.1	71547	+	0	0	0	0	0	0	12.804207	0	0	0	0	0	0	0	0	0	0	0	0	0	0	0	0	0	0	0	0
LT934125.1	75633	+	29.218763	0	0	0	0	0	12.804207	0	0	0	0	0	0	0	0	0	0	0	51.474752	0	0	15.438341	0	0	0	20.123862	14.966662
LT934125.1	75636	+	0	0	0	0	0	0	12.804207	0	0	0	0	0	0	0	0	0	0	0	51.474752	0	0	0	0	0	0	0	0
LT934125.1	75637	+	0	0	0	0	0	0	0	0	0	0	38.645849	0	0	0	0	0	0	0	0	0	0	0	0	0	0	0	0
LT934125.1	75647	+	0	0	0	0	0	0	25.608413	0	0	0	38.645849	34.372529	0	0	0	0	0	0	0	0	0	0	0	0	0	0	0
LT934125.1	75648	+	48.697939	0	0	0	0	97.612162	81.093309	0	0	0	154.583398	68.745059	0	1283.697047	59.518817	0	0	0	102.949503	64.059037	68.574563	83.36704	0	0	103.958749	75.464484	39.911098
LT934125.1	75649	+	46.263042	0	0	0	54.540496	48.806081	55.484895	0	0	0	38.645849	51.558794	0	0	64.929619	0	0	0	154.424255	51.247229	57.14547	97.261547	0	84.338366	0	65.402553	64.855534
LT934125.1	75650	+	51.132836	0	0	0	109.080993	48.806081	34.144551	0	0	0	38.645849	34.372529	0	0	70.340421	0	0	0	154.424255	64.059037	114.290939	91.086211	0	0	83.166999	60.371587	64.855534
LT934125.1	75651	+	36.523454	0	0	283.607487	0	61.007602	46.948758	0	0	0	77.291699	0	0	0	54.108016	0	0	0	51.474752	38.435422	34.287282	58.665695	0	0	103.958749	75.464484	67.349978
LT934125.1	75652	+	0	0	0	0	0	0	0	0	0	0	38.645849	0	0	0	21.643206	0	0	0	51.474752	0	0	26.245179	0	0	0	20.123862	0
LT934125.1	75669	+	0	0	0	0	0	0	0	0	816.993464	0	0	0	0	0	0	0	0	0	0	0	0	0	0	0	0	0	0
LT934125.1	77133	+	0	0	0	0	54.540496	0	0	0	0	0	0	0	0	0	0	0	0	0	0	0	0	0	0	0	0	0	0
LT934125.1	79982	+	0	0	0	0	0	0	0	0	0	0	0	0	0	0	0	0	0	0	51.474752	0	0	0	0	0	0	0	0
LT934125.1	79983	+	0	0	0	0	0	0	12.804207	0	0	0	0	0	0	0	0	0	0	0	0	0	0	0	0	0	0	0	0
LT934125.1	79987	+	21.914072	0	0	0	54.540496	0	21.340344	0	0	0	77.291699	137.490118	0	0	0	0	0	0	0	25.623615	0	0	0	0	41.5835	25.154828	12.472218
LT934125.1	79988	+	29.218763	0	0	0	54.540496	24.403041	51.216826	0	0	151.538112	38.645849	0	0	0	13.527004	0	0	0	0	51.247229	45.716376	15.438341	748.502994	0	0	35.216759	27.43888
LT934125.1	79989	+	26.783866	0	0	0	54.540496	73.209122	38.41262	0	0	0	0	0	0	0	13.527004	0	0	0	0	0	0	30.876682	0	0	0	25.154828	17.461105
LT934125.1	79990	+	116.875053	0	0	283.607487	272.702482	146.418244	392.662336	0	0	303.076224	579.687742	154.676383	0	1283.697047	135.27004	0	430.663221	0	257.373758	89.682652	137.149127	120.419058	0	0	124.750499	125.77414	134.699956
LT934125.1	79991	+	506.458564	652.315721	508.388409	567.214974	490.864467	634.479056	751.180121	2631.578947	816.993464	1060.766783	811.562838	1185.852267	0	0	470.739738	2286.585366	2153.316107	522.875817	514.747516	576.531331	651.458352	416.835202	0	506.030193	332.667997	533.282353	411.583198
LT934125.1	79992	+	148.528714	652.315721	0	0	272.702482	207.425845	456.683369	2631.578947	816.993464	454.614336	811.562838	360.911559	0	0	119.037635	0	0	0	360.323261	166.553496	160.007315	155.927242	748.502994	0	228.709248	110.681243	167.127723
LT934125.1	79993	+	2885.352877	3913.894325	8134.21454	2268.859898	4308.699209	4258.330588	2906.5549	7894.736842	3267.973856	2424.609789	2898.438708	2732.616093	0	2567.394095	2453.798518	3048.780488	3014.64255	3137.254902	2882.586092	2754.538583	2788.698912	1878.846077	748.502994	2614.489331	2765.302728	2394.739622	2247.493708
LT934125.1	79994	+	3011.967518	3261.578604	7625.826131	3970.504821	5290.428143	4392.547311	5236.920503	2631.578947	7352.941176	5455.372026	7226.773844	4141.889802	0	1283.697047	3059.808295	3048.780488	3445.305771	4705.882353	2522.26283	2844.221234	3394.440889	2564.308409	2245.508982	2192.797504	4324.683965	3144.353496	2654.088019
LT934125.1	79995	+	1283.190689	1956.947162	2541.942044	1418.037436	2454.322334	2123.064534	3708.951848	2631.578947	2450.980392	5000.757691	4714.793631	2492.008387	16666.666667	1283.697047	1336.467991	762.195122	1291.989664	1568.627451	772.121275	1563.040498	1280.058517	995.772982	748.502994	759.04529	1850.465735	1227.555605	1035.194105
LT934125.1	79996	+	28232.630054	28701.891716	38129.130656	27226.318775	37196.618489	39691.545567	28237.543641	34210.526316	35130.718954	25913.017124	22221.363426	26810.57299	50000	34659.820282	26721.243619	35060.97561	32730.404823	35032.679739	28928.810418	28352.529691	30527.109811	24261.352584	11976.047904	17542.380029	33641.051231	28042.602217	28209.662976
LT934125.1	79997	+	202.096446	652.315721	0	0	163.621489	329.441048	213.403443	0	816.993464	303.076224	115.937548	326.53903	0	0	146.091643	762.195122	0	0	154.424255	115.306266	182.865502	155.927242	0	168.676731	228.709248	145.898002	122.227738
LT934125.1	79998	+	321.406396	652.315721	0	0	327.242978	329.441048	311.569027	0	0	303.076224	77.291699	378.097824	0	1283.697047	259.718476	0	0	261.437908	257.373758	230.612533	308.585535	222.312108	0	0	311.876248	266.641176	301.827679
LT934125.1	79999	+	43.828145	0	0	0	0	73.209122	34.144551	0	0	0	38.645849	0	0	0	24.348607	0	0	0	0	25.623615	57.14547	21.613677	0	0	0	40.247725	37.416654
LT934125.1	80000	+	0	0	0	0	0	0	29.876482	0	0	0	0	0	0	0	0	762.195122	0	0	51.474752	0	0	0	0	0	0	0	0
LT934125.1	80001	+	262.96887	0	0	567.214974	327.242978	292.836487	187.79503	2631.578947	816.993464	454.614336	115.937548	137.490118	0	0	151.502444	0	861.326443	261.437908	102.949503	166.553496	205.72369	142.032735	0	84.338366	166.333999	140.867037	169.622167
LT934125.1	80002	+	0	0	0	0	54.540496	0	0	0	0	0	0	0	0	0	0	0	0	0	0	0	0	0	0	0	0	0	0
LT934125.1	80858	+	0	0	0	0	54.540496	0	0	0	0	0	0	0	0	0	0	0	0	0	0	0	0	0	0	0	0	0	0
LT934125.1	81796	+	0	0	0	0	0	0	0	0	0	0	38.645849	0	0	0	0	0	0	0	0	0	0	9.263004	0	0	0	0	0
LT934125.1	81797	+	0	0	0	0	0	0	0	0	0	0	0	0	0	0	0	0	0	0	51.474752	0	22.858188	0	0	0	0	0	0
LT934125.1	81798	+	0	0	0	0	0	0	0	0	0	0	0	0	0	0	0	0	0	0	0	0	0	18.526009	0	0	0	0	12.472218
LT934125.1	81799	+	0	0	0	0	0	24.403041	0	0	0	0	0	0	0	0	16.232405	0	0	0	0	0	0	0	0	0	0	20.123862	0
LT934125.1	81801	+	0	0	0	0	0	36.604561	0	0	0	0	0	0	0	0	0	0	0	0	51.474752	0	0	16.982175	0	0	0	0	12.472218
LT934125.1	81805	+	0	0	0	0	0	0	0	0	0	0	0	0	0	0	0	0	0	0	0	0	0	15.438341	0	0	0	0	0
LT934125.1	81806	+	0	0	0	0	0	0	0	0	0	0	0	0	0	0	0	0	0	0	0	0	0	10.806839	0	0	0	15.092897	0
LT934125.1	86132	+	0	0	0	0	0	0	0	0	0	151.538112	0	0	0	0	0	0	0	0	0	0	0	0	0	0	0	0	0
LT934125.1	86151	+	0	0	0	0	0	0	0	0	0	0	0	0	0	0	0	0	0	0	0	0	0	0	0	84.338366	0	0	0
LT934125.1	86157	+	0	0	0	0	0	0	0	0	0	0	38.645849	0	0	0	0	0	0	0	0	0	0	0	0	0	0	0	0
LT934125.1	86158	+	0	0	0	283.607487	0	0	0	0	0	0	0	34.372529	0	0	0	0	0	0	0	0	0	0	0	0	41.5835	0	0
LT934125.1	86159	+	0	0	0	0	0	0	0	0	0	0	0	0	0	0	0	0	0	0	0	0	0	0	0	0	0	15.092897	0
LT934125.1	86160	+	0	0	0	0	0	36.604561	29.876482	0	0	151.538112	0	51.558794	0	0	21.643206	0	0	0	0	25.623615	22.858188	0	0	0	41.5835	15.092897	19.955549
LT934125.1	86161	+	82.786496	652.315721	0	0	54.540496	170.821284	38.41262	0	0	151.538112	115.937548	103.117588	0	0	67.63502	762.195122	430.663221	522.875817	102.949503	179.365303	137.149127	20.069843	0	337.353462	228.709248	70.433518	84.811083
LT934125.1	86162	+	0	0	0	0	0	0	25.608413	0	0	0	38.645849	51.558794	0	0	0	0	0	0	102.949503	0	0	0	0	168.676731	0	20.123862	0
LT934125.1	86163	+	21.914072	0	0	0	54.540496	0	34.144551	0	0	0	0	68.745059	0	0	0	0	0	0	0	0	22.858188	0	0	0	0	0	0
LT934125.1	86164	+	460.195522	1304.631442	508.388409	567.214974	490.864467	732.091219	520.704402	2631.578947	1633.986928	1060.766783	502.396043	773.381913	0	0	419.337123	0	0	0	257.373758	486.84868	617.171071	128.138229	748.502994	1771.105676	748.502994	482.972697	301.827679
LT934125.1	86165	+	150.96361	0	508.388409	0	436.323971	305.038008	345.713578	0	0	151.538112	154.583398	378.097824	0	0	124.448436	762.195122	861.326443	261.437908	257.373758	204.988918	274.298254	33.96435	0	421.691828	187.125749	135.836071	107.261076
LT934125.1	86166	+	116.875053	0	508.388409	0	54.540496	158.619764	196.331168	0	0	757.690559	231.875097	292.166501	0	0	97.394428	0	430.663221	784.313725	205.899007	166.553496	171.436409	24.701345	0	253.015097	187.125749	60.371587	57.372203
LT934125.1	86167	+	3557.384434	7827.78865	8642.602949	3686.897334	2345.241342	4526.764035	2804.121247	5263.157895	8986.928105	4243.067131	2937.084557	3970.027154	0	5134.78819	3284.356561	7621.95122	6459.94832	7581.699346	3603.232614	3446.37618	4594.495748	767.285538	1497.005988	8433.836552	4886.061211	2485.297003	2259.965926
LT934125.1	86168	+	224.010519	652.315721	508.388409	567.214974	109.080993	390.44865	145.114342	0	816.993464	151.538112	231.875097	343.725295	0	0	211.021262	0	430.663221	0	205.899007	243.42434	377.160099	64.841031	748.502994	506.030193	478.210246	231.424417	184.588828
LT934125.1	86169	+	12.174485	0	0	0	0	0	0	0	0	0	38.645849	0	0	0	0	0	0	0	51.474752	0	22.858188	0	0	0	0	0	0
LT934125.1	87215	+	0	0	0	0	54.540496	0	0	0	0	0	0	0	0	0	0	0	0	0	0	0	0	0	0	0	0	0	0
LT934125.1	91544	+	0	0	0	0	0	48.806081	0	2631.578947	0	0	0	0	0	1283.697047	0	0	0	0	0	0	0	0	0	168.676731	0	0	0
LT934125.1	91546	+	0	0	0	0	0	0	0	0	0	0	0	0	0	0	0	0	0	0	0	0	0	0	0	84.338366	0	0	0
LT934125.1	91549	+	0	0	0	0	0	24.403041	0	0	0	0	0	0	0	0	0	0	0	0	0	0	0	0	0	0	0	20.123862	0
LT934125.1	91553	+	0	0	0	0	0	0	0	0	0	0	0	0	0	0	0	0	0	0	51.474752	0	0	0	0	0	0	0	0
LT934125.1	91556	+	0	0	0	0	0	0	0	0	0	0	38.645849	34.372529	0	0	0	0	0	0	0	0	0	0	0	0	0	0	0
LT934125.1	91557	+	0	0	0	0	0	24.403041	0	0	0	0	0	0	0	0	0	0	0	261.437908	0	0	0	0	0	0	0	0	0
LT934125.1	91558	+	0	0	0	0	0	0	12.804207	0	0	0	0	0	0	0	0	0	0	0	0	25.623615	0	0	0	0	0	0	0
LT934125.1	91559	+	26.783866	0	0	567.214974	163.621489	48.806081	55.484895	0	0	303.076224	77.291699	120.303853	0	1283.697047	29.759409	762.195122	0	261.437908	0	102.494459	91.432751	15.438341	0	168.676731	62.37525	45.27869	59.866647
LT934125.1	91561	+	0	0	0	0	0	0	0	0	0	0	0	0	0	0	0	0	0	0	0	0	0	0	0	84.338366	0	0	0
LT934125.1	91562	+	0	652.315721	0	0	54.540496	0	0	2631.578947	0	0	0	0	0	0	0	0	0	0	0	0	22.858188	0	0	0	62.37525	0	12.472218
LT934125.1	92045	+	0	0	0	0	0	0	0	0	0	0	0	0	0	0	0	0	0	0	51.474752	0	0	0	0	0	0	0	0
LT934125.1	92047	+	0	0	0	0	0	0	17.072275	0	0	0	0	0	0	0	0	0	0	0	51.474752	0	0	0	0	0	0	0	0
LT934125.1	92048	+	14.609382	0	0	0	54.540496	0	0	0	0	0	38.645849	0	0	0	0	0	0	0	51.474752	51.247229	0	0	0	0	41.5835	15.092897	0
LT934125.1	92049	+	12.174485	0	0	0	54.540496	0	46.948758	0	0	0	0	0	0	0	21.643206	0	0	0	0	0	22.858188	0	0	0	0	20.123862	0
LT934125.1	92050	+	41.393248	0	0	0	163.621489	61.007602	85.361377	0	0	151.538112	77.291699	34.372529	0	0	43.286413	0	430.663221	0	154.424255	89.682652	0	38.595852	0	84.338366	83.166999	55.340622	39.911098
LT934125.1	92051	+	0	0	0	0	0	0	55.484895	0	0	0	38.645849	0	0	0	0	0	0	0	0	51.247229	34.287282	0	0	0	0	0	0
LT934125.1	92052	+	177.747477	652.315721	0	283.607487	218.161985	292.836487	303.03289	0	0	454.614336	193.229247	274.980236	0	0	178.556452	0	430.663221	261.437908	308.84851	294.671569	365.731005	115.787556	0	253.015097	395.043247	256.579245	172.11661
LT934125.1	92053	+	0	0	0	0	0	0	29.876482	0	0	0	0	0	0	0	0	0	0	0	0	0	0	0	0	0	0	0	0
LT934125.1	92054	+	43.828145	0	0	0	109.080993	36.604561	264.62027	0	0	606.152447	270.520946	120.303853	0	0	67.63502	0	0	261.437908	0	89.682652	137.149127	38.595852	0	0	166.333999	55.340622	57.372203
LT934125.1	92055	+	109.570362	0	0	283.607487	218.161985	134.216723	273.156408	0	816.993464	0	463.750193	223.421442	0	0	89.278226	0	430.663221	261.437908	154.424255	230.612533	148.578221	71.016368	0	84.338366	103.958749	130.805105	87.305527
LT934125.1	92056	+	277.578252	652.315721	1016.776817	850.822462	327.242978	512.463853	648.746468	0	0	606.152447	811.562838	739.009384	0	1283.697047	229.959067	1524.390244	430.663221	0	514.747516	243.42434	411.44738	98.805381	0	253.015097	395.043247	171.05283	177.105498
LT934125.1	92057	+	158.268301	652.315721	508.388409	283.607487	381.783474	256.231926	836.541498	0	816.993464	757.690559	734.271139	618.705531	0	0	181.261853	762.195122	430.663221	0	257.373758	230.612533	171.436409	57.121861	0	84.338366	145.542249	115.712209	89.799971
LT934125.1	92058	+	24.348969	0	0	0	0	48.806081	76.82524	0	0	151.538112	77.291699	137.490118	0	0	16.232405	0	0	0	0	51.247229	0	0	0	0	41.5835	20.123862	0
LT934125.1	92059	+	3391.811442	5218.525766	7625.826131	6522.972206	6163.076084	5027.026367	4340.62604	5263.157895	4084.96732	4546.143355	2473.334364	4709.036538	0	3851.091142	3168.024327	4573.170732	4737.295435	4444.444444	4632.727647	4432.885347	4125.902898	1340.047982	748.502994	1518.090579	2495.00998	2143.191343	2070.38821
LT934125.1	92060	+	0	0	0	0	0	0	0	0	0	0	0	0	0	0	0	0	0	0	0	25.623615	0	0	0	0	0	0	0
LT934125.1	92304	+	0	0	0	0	0	0	0	0	0	0	0	0	0	0	0	0	0	0	51.474752	25.623615	0	0	0	0	0	0	0
LT934125.1	92467	+	0	0	0	0	0	0	0	0	0	0	0	0	0	0	0	0	0	0	51.474752	0	0	0	0	0	0	0	0
LT934125.1	92496	+	0	0	0	0	0	0	0	0	0	0	0	0	0	0	0	0	0	0	51.474752	25.623615	0	12.350673	0	0	0	20.123862	0
LT934125.1	92614	+	0	0	0	0	0	0	0	0	0	0	0	0	0	0	0	0	0	0	51.474752	0	0	10.806839	0	0	0	0	0
LT934125.1	92621	+	0	0	0	0	0	0	0	0	0	0	0	0	0	0	0	0	0	0	0	0	0	0	0	84.338366	0	0	0
LT934125.1	92906	+	0	0	0	0	0	0	0	0	0	0	0	0	0	0	0	0	0	0	0	0	0	0	0	84.338366	0	0	0
LT934125.1	93375	+	0	0	0	0	0	0	0	0	0	0	0	0	0	0	0	0	0	0	0	0	0	0	0	84.338366	0	0	0
LT934125.1	93377	+	0	0	0	0	0	0	0	0	0	0	38.645849	0	0	0	0	0	0	0	0	0	0	0	0	0	0	0	0
LT934125.1	93408	+	0	0	508.388409	0	0	0	0	0	0	0	0	0	0	0	0	0	0	0	0	0	0	0	0	0	0	0	0
LT934125.1	94428	+	0	0	0	0	54.540496	0	0	0	0	0	0	0	0	0	0	0	0	0	0	0	0	0	0	0	0	0	0
LT934125.1	95020	+	0	0	0	0	0	0	0	0	0	0	0	0	0	0	0	0	0	0	0	25.623615	0	0	0	0	0	0	0
LT934125.1	95849	+	0	0	0	0	0	0	0	0	0	0	38.645849	0	0	0	0	0	0	0	0	0	0	0	0	0	0	0	0
LT934125.1	95869	+	0	0	0	0	0	0	0	0	0	0	0	0	0	0	13.527004	0	0	0	0	0	34.287282	0	0	0	0	0	0
LT934125.1	96005	+	0	0	0	0	0	24.403041	0	0	0	0	0	0	0	0	0	0	0	0	0	0	0	0	0	0	0	0	0
LT934125.1	96023	+	0	652.315721	0	0	0	0	0	0	0	0	0	0	0	0	0	0	0	0	0	0	0	0	0	0	0	0	0
LT934125.1	96029	+	0	0	0	0	0	0	0	0	0	0	0	0	0	0	0	0	0	0	0	0	0	0	0	0	41.5835	0	0
LT934125.1	96468	+	0	0	0	0	0	0	0	0	0	151.538112	0	0	0	0	0	0	0	0	0	0	0	0	0	0	0	0	0
LT934125.1	96700	+	0	0	0	0	0	0	0	0	0	0	38.645849	0	0	0	0	0	0	0	0	0	0	0	0	0	0	0	0
LT934125.1	96906	+	0	0	0	0	54.540496	61.007602	0	0	0	151.538112	0	0	0	0	0	0	0	261.437908	51.474752	0	45.716376	0	0	168.676731	41.5835	15.092897	0
LT934125.1	98794	+	0	0	0	0	0	0	0	0	0	0	38.645849	0	0	0	0	0	0	0	0	0	0	0	0	0	0	0	0
LT934125.1	98891	+	0	0	0	0	0	0	17.072275	0	0	0	0	0	0	0	0	0	0	0	0	0	0	0	0	0	0	0	0
LT934125.1	98950	+	0	0	0	0	0	0	0	0	0	0	38.645849	0	0	0	0	0	0	0	0	0	0	0	0	0	0	0	0
LT934125.1	99189	+	17.044279	0	0	0	0	0	12.804207	0	0	0	0	0	0	0	0	0	0	0	0	0	0	0	0	0	0	0	0
LT934125.1	99507	+	21.914072	0	0	0	0	0	0	0	0	0	0	0	0	0	0	0	0	0	0	0	0	0	0	0	0	0	0
LT934125.1	99510	+	0	0	0	0	0	0	0	0	0	0	38.645849	0	0	0	0	0	0	0	0	0	0	0	0	0	0	0	0
LT934125.1	99515	+	0	0	0	0	54.540496	0	0	0	0	0	0	0	0	0	0	0	0	0	0	0	0	0	0	0	0	0	0
LT934125.1	99868	+	0	0	0	0	0	0	0	0	0	0	38.645849	0	0	0	0	0	0	0	0	0	0	0	0	0	0	0	0
LT934125.1	99869	+	80.351599	0	0	0	0	24.403041	25.608413	0	0	0	0	0	0	0	0	0	0	0	0	0	0	0	0	0	0	0	0
LT934125.1	101105	+	0	0	0	0	0	0	0	0	0	0	38.645849	0	0	0	0	0	0	0	0	0	0	0	0	0	0	0	0
LT934125.1	101312	+	0	0	0	0	54.540496	0	0	0	0	0	0	0	0	0	0	0	0	0	0	0	0	0	0	0	0	0	0
LT934125.1	102383	+	0	0	0	0	0	0	0	0	0	0	38.645849	0	0	0	0	0	0	0	0	0	0	0	0	0	0	0	0
LT934125.1	102385	+	12.174485	0	0	0	0	0	0	0	0	0	0	0	0	0	13.527004	0	0	0	0	25.623615	57.14547	0	0	0	0	0	0
LT934125.1	102389	+	0	0	0	0	0	0	0	0	0	151.538112	0	0	0	0	0	0	0	0	0	0	0	0	0	0	0	0	0
LT934125.1	102390	+	0	0	0	0	0	0	0	0	816.993464	0	0	0	0	0	29.759409	0	0	0	0	0	0	0	0	0	0	0	0
LT934125.1	102391	+	0	0	0	0	0	0	0	0	0	0	0	0	0	0	0	0	0	261.437908	0	0	0	0	0	0	0	0	0
LT934125.1	102393	+	31.65366	0	0	0	54.540496	36.604561	34.144551	0	0	151.538112	0	51.558794	0	1283.697047	67.63502	0	0	0	0	140.929881	80.003657	13.894507	0	168.676731	0	0	19.955549
LT934125.1	102394	+	0	0	0	0	0	0	0	0	0	0	0	34.372529	0	0	0	0	0	0	0	0	0	0	0	0	0	0	0
LT934125.1	102414	+	0	0	0	0	0	0	0	0	0	151.538112	0	0	0	0	0	0	0	0	0	0	0	0	0	0	0	0	0
LT934125.1	102419	+	0	0	0	0	0	0	17.072275	0	0	0	0	0	0	0	0	0	0	0	0	0	0	0	0	0	0	15.092897	0
LT934125.1	102420	+	19.479176	0	0	0	0	24.403041	0	0	0	0	0	0	0	0	18.937806	0	0	0	0	0	0	0	0	0	0	0	12.472218
LT934125.1	102421	+	0	0	0	0	0	0	0	0	0	0	0	0	0	1283.697047	0	0	0	0	0	0	0	0	0	0	0	0	0
LT934125.1	102422	+	38.958351	0	0	0	0	73.209122	17.072275	0	816.993464	0	38.645849	0	0	0	67.63502	0	861.326443	0	154.424255	0	45.716376	0	0	0	0	0	0
LT934125.1	103071	+	0	0	0	0	54.540496	0	0	0	0	0	0	0	0	0	0	0	0	0	0	0	0	0	0	0	0	0	0
LT934125.1	107887	+	0	0	0	0	0	0	17.072275	0	0	0	0	0	0	0	0	0	0	0	0	0	0	0	0	0	0	0	0
LT934125.1	107956	+	12.174485	0	0	0	0	0	12.804207	0	0	0	77.291699	34.372529	0	0	0	0	0	0	0	0	0	0	0	0	0	0	0
LT934125.1	107969	+	0	0	0	0	54.540496	0	0	0	0	0	0	0	0	0	0	0	0	0	0	0	0	0	0	0	0	0	0
LT934125.1	107986	+	14.609382	0	0	0	0	0	0	0	0	0	0	0	0	0	0	0	0	0	0	0	0	0	0	0	0	0	0
LT934125.1	107989	+	38.958351	0	0	0	0	0	55.484895	0	0	0	0	0	0	0	0	0	0	0	0	0	0	0	0	0	0	0	0
LT934125.1	107992	+	0	0	0	0	0	0	0	0	0	0	38.645849	0	0	0	0	0	0	0	0	0	0	0	0	0	0	0	0
LT934125.1	107995	+	0	0	0	0	0	0	0	0	0	0	38.645849	0	0	0	0	0	0	0	0	0	0	0	0	0	0	0	0
LT934125.1	108001	+	0	0	0	0	0	0	0	0	0	0	38.645849	0	0	0	0	0	0	0	0	0	0	0	0	0	0	0	0
LT934125.1	108018	+	0	0	0	0	0	0	12.804207	0	0	0	0	0	0	0	0	0	0	0	0	0	0	0	0	0	0	0	0
LT934125.1	108019	+	21.914072	0	0	0	0	0	29.876482	0	0	0	0	0	0	0	0	0	0	0	0	0	0	0	0	0	0	0	0
LT934125.1	108020	+	0	0	0	0	0	0	12.804207	0	0	0	0	0	0	0	0	0	0	0	0	0	0	0	0	0	0	0	0
LT934125.1	108029	+	0	0	0	0	0	0	0	0	0	0	38.645849	0	0	0	0	0	0	0	0	0	0	0	0	0	0	0	0
LT934125.1	108031	+	21.914072	0	0	0	0	0	21.340344	0	0	0	0	0	0	0	0	0	0	0	0	0	0	0	0	0	0	0	0
LT934125.1	108051	+	36.523454	0	0	0	0	24.403041	68.289102	0	0	0	0	0	0	0	16.232405	0	0	0	0	0	22.858188	0	0	0	0	0	0
LT934125.1	108067	+	12.174485	0	0	0	0	0	0	0	0	0	0	0	0	0	0	0	0	0	0	0	0	0	0	0	0	0	0
LT934125.1	108071	+	58.437527	0	0	0	0	36.604561	68.289102	0	0	0	0	0	0	0	24.348607	0	0	0	0	0	0	0	0	0	0	0	0
LT934125.1	108079	+	12.174485	0	0	0	0	0	0	0	0	0	0	0	0	0	0	0	0	0	0	0	0	0	0	0	0	0	0
LT934125.1	108091	+	0	0	0	0	0	0	17.072275	0	0	0	0	0	0	0	0	0	0	0	0	0	0	0	0	0	0	0	0
LT934125.1	108106	+	0	0	0	0	0	0	12.804207	0	0	0	0	0	0	0	0	0	0	0	0	0	0	0	0	0	0	0	0
LT934125.1	108113	+	21.914072	0	0	0	0	0	0	0	0	0	38.645849	0	0	0	0	0	0	0	0	0	0	0	0	0	0	0	0
LT934125.1	108120	+	31.65366	0	0	0	0	24.403041	25.608413	0	0	0	0	0	0	0	0	0	0	0	0	0	0	0	0	0	0	0	0
LT934125.1	108122	+	0	0	0	0	0	0	12.804207	0	0	0	0	0	0	0	0	0	0	0	0	0	0	0	0	0	0	0	0
LT934125.1	108129	+	0	0	0	0	0	0	0	0	0	0	77.291699	0	0	0	0	0	0	0	0	0	0	0	0	0	0	0	0
LT934125.1	108139	+	0	0	0	0	0	0	0	0	0	0	38.645849	0	0	0	0	0	0	0	0	0	0	0	0	0	0	0	0
LT934125.1	108142	+	0	0	0	0	0	0	0	0	0	0	0	0	0	0	0	0	0	0	51.474752	0	0	0	0	0	0	0	0
LT934125.1	108148	+	0	0	0	0	0	0	0	0	0	0	38.645849	0	0	0	0	0	0	0	0	0	0	0	0	0	0	0	0
LT934125.1	108152	+	51.132836	0	0	0	0	0	110.969791	0	0	0	77.291699	0	0	0	43.286413	0	0	0	0	0	34.287282	0	0	0	0	0	0
LT934125.1	108162	+	0	0	0	0	0	0	0	0	0	0	38.645849	0	0	0	0	0	0	0	0	0	0	0	0	0	0	0	0
LT934125.1	108174	+	0	0	0	0	0	0	12.804207	0	0	0	0	0	0	0	0	0	0	0	0	0	0	0	0	0	0	0	0
LT934125.1	108197	+	0	0	0	0	0	0	12.804207	0	0	0	0	0	0	0	0	0	0	0	0	0	0	0	0	0	0	0	0
LT934125.1	108206	+	12.174485	0	0	0	54.540496	0	17.072275	0	0	0	38.645849	0	0	0	0	0	0	0	0	0	0	0	0	0	0	0	0
LT934125.1	108216	+	0	0	0	0	0	0	0	0	0	0	38.645849	0	0	0	0	0	0	0	0	0	0	0	0	0	0	0	0
LT934125.1	108225	+	0	0	0	0	0	0	0	0	0	0	0	0	0	0	0	0	0	0	51.474752	0	0	0	0	0	0	0	0
LT934125.1	108230	+	0	0	0	0	0	0	0	0	0	0	0	0	0	0	13.527004	0	0	0	0	0	0	0	0	0	0	0	0
LT934125.1	108231	+	36.523454	0	0	0	0	0	72.557171	0	0	0	0	51.558794	0	0	0	0	0	0	0	0	0	0	0	0	0	0	0
LT934125.1	108232	+	46.263042	0	0	0	0	0	98.165584	0	0	0	0	68.745059	0	0	18.937806	0	0	0	0	0	22.858188	0	0	0	0	0	0
LT934125.1	108233	+	0	0	0	0	0	24.403041	12.804207	0	0	0	0	0	0	0	0	0	0	0	0	25.623615	0	0	0	0	0	0	0
LT934125.1	108243	+	0	0	0	0	0	0	0	0	0	0	38.645849	0	0	0	0	0	0	0	0	0	0	0	0	0	0	0	0
LT934125.1	108248	+	0	0	0	0	0	0	0	0	0	151.538112	0	0	0	0	0	0	0	0	0	0	0	0	0	0	0	0	0
LT934125.1	108252	+	0	0	0	0	54.540496	0	0	0	0	0	0	0	0	0	0	0	0	0	0	0	0	0	0	0	0	0	0
LT934125.1	108293	+	0	0	0	0	0	0	0	0	0	0	38.645849	0	0	0	0	0	0	0	0	0	0	0	0	0	0	0	0
LT934125.1	108480	+	0	0	0	0	0	0	12.804207	0	0	0	0	0	0	0	0	0	0	0	0	0	0	0	0	0	0	0	0
LT934125.1	108505	+	12.174485	0	0	0	0	0	0	0	0	0	0	0	0	0	0	0	0	0	0	0	0	0	0	0	0	0	0
LT934125.1	108506	+	19.479176	0	0	0	0	0	25.608413	0	0	0	0	0	0	0	0	0	0	0	0	0	0	0	0	0	0	0	0
LT934125.1	108532	+	12.174485	0	0	0	0	0	0	0	0	0	0	0	0	0	0	0	0	0	0	0	0	0	0	0	0	0	0
LT934125.1	108698	+	0	0	0	0	0	0	0	0	0	0	0	0	0	0	0	0	0	0	51.474752	0	0	0	0	0	0	0	0
LT934125.1	108813	+	0	0	0	0	0	0	0	0	0	0	38.645849	0	0	0	0	0	0	0	0	0	0	0	0	0	0	0	0
LT934125.1	108816	+	0	0	0	0	0	0	0	0	0	0	0	0	0	0	0	0	0	0	0	0	0	0	0	0	0	25.154828	0
LT934125.1	108817	+	0	0	0	0	0	0	0	0	0	0	0	0	0	0	0	0	0	0	0	0	0	0	0	0	0	20.123862	0
LT934125.1	108818	+	0	0	0	0	54.540496	0	29.876482	0	0	0	0	0	0	0	18.937806	0	0	0	0	38.435422	22.858188	13.894507	0	84.338366	62.37525	30.185794	12.472218
LT934125.1	108819	+	0	0	0	0	54.540496	0	34.144551	0	0	0	77.291699	85.931324	0	0	32.464809	0	0	0	0	38.435422	22.858188	21.613677	0	0	41.5835	45.27869	12.472218
LT934125.1	108820	+	12.174485	0	0	0	0	61.007602	55.484895	0	0	0	38.645849	68.745059	0	0	59.518817	0	0	0	51.474752	51.247229	22.858188	33.96435	0	0	83.166999	55.340622	47.394429
LT934125.1	108821	+	29.218763	0	508.388409	0	0	36.604561	123.773997	0	0	0	38.645849	85.931324	0	0	113.626833	0	0	0	154.424255	153.741688	137.149127	129.682063	0	0	187.125749	306.888901	222.005483
LT934125.1	108822	+	150.96361	0	1016.776817	0	490.864467	280.634967	435.343025	0	0	454.614336	309.166795	429.656618	0	0	427.453325	0	0	261.437908	360.323261	512.472294	274.298254	384.414686	0	421.691828	644.544245	729.490011	541.294267
LT934125.1	108823	+	0	0	0	0	0	0	29.876482	0	0	151.538112	0	51.558794	0	0	0	0	0	0	0	0	0	23.157511	0	0	41.5835	15.092897	24.944436
LT934125.1	108824	+	36.523454	0	0	0	54.540496	134.216723	145.114342	0	0	0	38.645849	51.558794	0	0	124.448436	0	0	0	154.424255	140.929881	125.720033	175.997085	0	168.676731	311.876248	291.796004	264.411024
LT934125.1	108825	+	14.609382	0	0	0	0	0	64.021033	0	0	0	38.645849	0	0	0	37.875611	0	430.663221	0	51.474752	0	45.716376	35.508184	0	84.338366	103.958749	90.557381	54.87776
LT934125.1	108826	+	14.609382	0	0	0	54.540496	61.007602	46.948758	0	0	303.076224	193.229247	85.931324	0	0	75.751222	0	0	0	257.373758	89.682652	45.716376	63.297197	0	0	103.958749	171.05283	82.31664
LT934125.1	108827	+	36.523454	0	0	0	54.540496	97.612162	951.779358	0	0	454.614336	1198.021333	653.07806	0	0	127.153837	0	0	261.437908	51.474752	89.682652	91.432751	125.050561	0	84.338366	187.125749	201.238624	132.205512
LT934125.1	108828	+	73.046908	0	0	283.607487	54.540496	195.224325	354.249716	0	0	303.076224	618.333591	292.166501	0	0	238.07527	0	0	0	102.949503	281.859762	171.436409	213.049103	0	84.338366	311.876248	422.60111	271.894355
LT934125.1	108829	+	1943.047761	0	1525.165226	5388.542258	4472.320698	5393.071977	6965.488395	0	0	4243.067131	4869.377029	6737.015777	0	0	7050.274463	3810.97561	3014.64255	2352.941176	9522.829052	8199.556711	6628.874463	6914.832849	1497.005988	4638.610104	10770.126414	12426.485015	9291.80251
LT934125.1	108830	+	12.174485	0	0	0	109.080993	146.418244	320.105165	0	0	606.152447	309.166795	189.048912	0	0	137.97544	762.195122	0	0	205.899007	140.929881	148.578221	89.542377	0	84.338366	145.542249	135.836071	97.283301
LT934125.1	108832	+	0	0	0	283.607487	0	0	12.804207	0	0	0	0	0	0	0	0	0	0	0	0	0	0	0	0	0	0	30.185794	19.955549
LT934125.1	111523	+	0	0	0	0	0	0	0	0	0	0	38.645849	0	0	0	0	0	0	0	0	0	0	0	0	0	0	0	0
LT934125.1	113606	+	0	0	0	0	0	0	0	0	0	0	38.645849	0	0	0	0	0	0	0	0	0	0	0	0	0	0	0	0
LT934125.1	113804	+	0	0	0	0	0	0	0	0	0	0	0	0	0	0	0	0	0	261.437908	0	0	0	0	0	0	0	0	0
LT934125.1	114067	+	0	0	0	0	54.540496	0	0	0	0	0	0	0	0	0	0	0	0	0	0	0	0	0	0	0	0	0	0
LT934125.1	115079	+	12.174485	0	0	0	0	0	0	0	0	0	0	0	0	0	0	0	0	0	0	0	0	0	0	0	0	0	0
LT934125.1	115091	+	0	0	0	0	0	24.403041	0	0	0	0	0	0	0	0	0	0	0	0	0	0	0	0	0	0	0	0	0
LT934125.1	115092	+	0	0	0	0	0	24.403041	0	0	0	0	0	0	0	0	0	0	0	0	0	0	0	0	0	0	0	0	0
LT934125.1	115098	+	12.174485	0	0	0	0	0	0	0	0	0	0	0	0	0	0	0	0	0	0	0	0	0	0	0	0	0	0
LT934125.1	115113	+	0	0	0	0	54.540496	0	0	0	0	0	0	0	0	0	0	0	0	0	0	0	0	0	0	0	0	0	0
LT934125.1	115186	+	0	0	508.388409	0	0	0	0	0	0	0	0	0	0	0	0	0	0	0	0	0	0	0	0	0	0	0	0
LT934125.1	115187	+	12.174485	0	0	0	0	0	12.804207	0	0	0	0	0	0	0	0	0	0	0	0	0	0	0	0	0	0	0	0
LT934125.1	115193	+	0	0	0	0	54.540496	0	0	0	0	0	0	0	0	0	0	0	0	0	51.474752	0	0	0	0	0	0	0	0
LT934125.1	115201	+	0	0	0	0	54.540496	0	0	0	0	0	0	0	0	0	0	0	0	0	0	0	0	0	0	0	0	0	0
LT934125.1	115209	+	0	0	0	0	54.540496	0	0	0	816.993464	0	0	0	0	0	0	0	0	0	0	0	0	0	0	0	0	0	0
LT934125.1	115210	+	0	0	0	0	0	0	0	0	0	0	38.645849	0	0	0	0	0	0	0	0	0	0	0	0	0	0	0	0
LT934125.1	115214	+	12.174485	0	0	0	0	0	0	0	0	0	0	0	0	0	0	0	0	0	0	0	0	0	0	84.338366	0	0	0
LT934125.1	115216	+	0	0	0	0	0	24.403041	0	0	0	0	0	0	0	0	0	0	0	0	0	0	0	0	0	0	0	0	0
LT934125.1	115218	+	0	0	0	283.607487	0	0	12.804207	0	0	0	38.645849	0	0	0	0	762.195122	0	0	51.474752	25.623615	0	0	0	0	0	0	0
LT934125.1	115219	+	0	0	0	0	0	0	0	0	0	0	0	0	0	0	0	0	430.663221	261.437908	0	0	0	0	0	0	0	0	0
LT934125.1	115223	+	0	0	0	0	0	0	0	0	0	0	38.645849	0	0	0	0	0	0	0	0	0	0	0	0	84.338366	0	0	0
LT934125.1	115226	+	14.609382	0	0	0	0	0	17.072275	0	0	0	0	0	0	0	0	0	0	0	0	0	0	0	0	0	0	0	0
LT934125.1	115227	+	0	0	0	283.607487	0	0	0	0	0	0	0	0	0	0	0	0	0	0	0	0	0	0	0	0	0	0	0
LT934125.1	115228	+	21.914072	0	0	0	0	0	0	0	0	0	0	0	0	0	0	0	0	0	0	0	0	0	0	0	0	0	0
LT934125.1	115230	+	0	0	0	0	54.540496	0	0	0	0	0	0	0	0	0	0	0	0	0	0	0	0	0	0	0	0	0	0
LT934125.1	115233	+	12.174485	0	508.388409	0	0	0	0	0	0	0	38.645849	0	0	0	0	0	0	0	0	0	0	0	0	0	0	0	0
LT934125.1	115235	+	14.609382	0	0	0	54.540496	0	0	0	0	0	0	0	0	0	0	0	430.663221	0	0	0	0	0	0	0	0	0	0
LT934125.1	115236	+	0	0	0	0	54.540496	0	0	0	0	0	0	0	0	0	0	0	0	0	0	0	0	0	0	0	0	0	0
LT934125.1	115238	+	0	0	0	0	54.540496	0	12.804207	0	0	0	0	0	0	0	0	0	0	0	0	0	0	0	0	0	0	0	0
LT934125.1	115240	+	0	0	0	0	0	0	12.804207	0	0	0	0	0	0	0	0	0	0	0	0	0	0	0	0	0	0	0	0
LT934125.1	115316	+	0	0	0	0	0	0	0	0	0	151.538112	0	0	0	0	0	0	0	0	0	0	0	0	0	0	0	0	0
LT934125.1	115335	+	0	0	508.388409	0	0	0	0	0	0	0	0	0	0	0	0	0	0	0	0	0	0	0	0	0	0	0	0
LT934125.1	115364	+	0	0	0	0	0	0	0	0	0	0	38.645849	0	0	0	0	0	0	0	0	0	0	0	0	0	0	0	0
LT934125.1	115366	+	0	0	0	0	54.540496	0	0	0	0	0	0	0	0	0	0	0	0	0	0	0	0	0	0	0	0	0	0
LT934125.1	115372	+	0	0	0	0	0	0	12.804207	0	0	0	0	0	0	0	0	0	0	0	0	0	0	0	0	0	0	0	0
LT934125.1	115381	+	0	0	0	0	0	0	17.072275	0	0	0	0	0	0	0	0	0	0	0	0	0	0	0	0	0	0	0	0
LT934125.1	115387	+	0	0	0	0	0	0	0	0	0	151.538112	0	0	0	0	0	0	0	0	0	0	0	0	0	0	0	0	0
LT934125.1	115391	+	12.174485	0	0	0	0	0	12.804207	0	0	0	0	0	0	0	0	0	0	0	0	0	0	0	0	0	0	0	0
LT934125.1	115397	+	0	0	0	0	0	0	0	0	0	0	38.645849	0	0	0	0	0	0	0	0	0	0	0	0	0	0	0	0
LT934125.1	115398	+	0	0	0	0	54.540496	0	12.804207	0	0	0	0	0	0	0	0	0	0	0	0	0	0	0	0	0	0	0	0
LT934125.1	115399	+	0	0	0	0	0	0	17.072275	0	0	0	0	0	0	0	0	0	0	0	0	0	0	0	0	0	0	0	0
LT934125.1	115401	+	0	0	0	0	0	0	12.804207	0	0	0	0	0	0	0	0	0	0	0	0	0	0	0	0	0	0	0	0
LT934125.1	115402	+	0	0	0	0	0	0	0	0	0	0	38.645849	0	0	0	0	0	0	0	0	0	0	0	0	0	0	0	0
LT934125.1	115406	+	0	0	0	0	0	0	17.072275	0	0	0	0	0	0	0	0	0	0	0	0	0	0	0	0	0	0	0	0
LT934125.1	115407	+	0	0	0	0	0	0	0	0	0	0	38.645849	0	0	0	0	0	0	0	0	0	0	0	0	0	0	0	0
LT934125.1	115410	+	0	0	0	0	0	0	21.340344	0	0	0	0	0	0	0	0	0	0	0	51.474752	0	0	0	0	0	0	0	0
LT934125.1	115413	+	0	0	0	0	0	0	17.072275	0	0	151.538112	0	0	0	0	0	0	0	0	0	0	0	0	0	0	0	0	0
LT934125.1	115495	+	0	0	0	0	54.540496	0	0	0	0	0	0	0	0	0	0	0	0	0	0	0	0	0	0	0	0	0	0
LT934125.1	115511	+	0	0	0	0	0	0	12.804207	0	0	0	38.645849	0	0	0	0	0	0	0	51.474752	0	0	0	0	0	0	0	0
LT934125.1	115519	+	0	0	0	0	0	0	0	0	0	0	38.645849	0	0	0	0	0	0	0	0	0	0	0	0	0	0	0	0
LT934125.1	115528	+	0	0	0	0	0	0	21.340344	0	0	0	0	0	0	0	0	0	0	0	0	0	0	9.263004	0	0	0	15.092897	14.966662
LT934125.1	115529	+	0	0	0	0	0	0	12.804207	0	0	0	0	0	0	0	0	0	0	0	0	0	0	0	0	0	0	0	0
LT934125.1	115532	+	0	0	0	0	0	0	0	0	0	0	0	0	0	0	0	0	0	0	51.474752	0	0	0	0	0	0	0	0
LT934125.1	115569	+	0	0	0	0	0	0	0	0	0	0	0	0	0	0	0	0	430.663221	0	0	0	0	0	0	0	0	0	0
LT934125.1	115633	+	0	0	508.388409	0	0	0	0	0	0	0	0	0	0	0	0	0	0	0	0	0	0	0	0	0	0	0	0
LT934125.1	115643	+	0	0	0	0	0	0	21.340344	0	0	0	38.645849	0	0	0	0	0	0	0	0	0	0	0	0	0	0	0	0
LT934125.1	115652	+	0	0	0	0	0	0	0	0	0	151.538112	0	0	0	0	0	0	0	0	0	0	0	0	0	0	0	0	0
LT934125.1	115653	+	0	0	0	0	0	0	0	0	0	0	38.645849	0	0	0	0	0	0	0	0	0	0	0	0	0	0	0	0
LT934125.1	115654	+	0	0	0	0	0	0	0	0	0	0	38.645849	0	0	0	0	0	0	0	0	0	0	0	0	0	0	0	0
LT934125.1	115663	+	0	0	0	0	0	24.403041	0	0	0	0	38.645849	0	0	0	0	0	0	0	0	0	0	0	0	0	0	0	0
LT934125.1	115665	+	0	0	0	0	0	0	12.804207	0	0	0	0	0	0	0	0	0	0	0	0	0	0	0	0	0	0	0	0
LT934125.1	115666	+	0	0	0	0	0	0	12.804207	0	0	0	0	0	0	0	0	0	0	0	0	0	0	0	0	0	0	0	0
LT934125.1	115671	+	0	0	0	0	0	0	0	0	0	0	38.645849	0	0	0	0	0	0	0	0	0	0	0	0	0	0	20.123862	0
LT934125.1	115676	+	0	0	0	0	0	0	12.804207	0	0	151.538112	0	0	0	0	0	0	0	0	0	0	0	0	0	0	0	15.092897	0
LT934125.1	115681	+	0	0	0	0	0	0	12.804207	0	0	0	0	0	0	0	0	0	0	0	0	0	0	0	0	0	0	0	0
LT934125.1	115684	+	0	0	0	0	0	0	17.072275	0	0	0	0	0	0	0	0	0	0	0	0	0	0	0	0	0	0	0	0
LT934125.1	115692	+	14.609382	0	0	0	0	0	0	0	0	0	38.645849	0	0	0	0	0	0	0	0	0	0	0	0	0	0	0	0
LT934125.1	115693	+	0	0	0	0	0	0	0	0	0	0	38.645849	0	0	0	0	0	0	0	0	0	0	0	0	0	0	0	0
LT934125.1	115700	+	0	0	0	283.607487	0	0	0	0	0	0	0	0	0	0	0	0	0	0	0	0	0	0	0	0	0	0	0
LT934125.1	115701	+	0	0	0	0	0	24.403041	0	0	0	0	0	0	0	0	0	0	0	0	0	0	0	0	0	0	0	0	0
LT934125.1	115706	+	0	0	0	0	0	0	0	0	0	0	38.645849	0	0	0	0	0	0	0	0	0	0	0	0	0	0	0	0
LT934125.1	115710	+	0	0	508.388409	0	54.540496	0	12.804207	0	0	0	0	0	0	0	0	0	0	0	0	0	0	0	0	0	0	0	0
LT934125.1	115716	+	0	0	0	0	54.540496	0	12.804207	0	0	0	0	0	0	0	0	0	0	0	0	0	0	0	0	0	0	0	0
LT934125.1	115718	+	0	0	0	0	54.540496	0	0	0	0	0	38.645849	0	0	0	0	0	0	0	0	0	0	0	0	0	0	0	0
LT934125.1	115722	+	19.479176	0	0	0	54.540496	0	17.072275	0	0	0	0	0	0	0	18.937806	0	430.663221	0	0	0	0	0	0	0	0	0	0
LT934125.1	115723	+	0	0	0	0	0	0	21.340344	0	0	0	0	0	0	0	0	0	0	0	0	0	0	0	0	0	0	0	0
LT934125.1	115728	+	0	0	0	0	0	0	0	0	0	0	0	0	0	0	0	0	430.663221	0	0	0	0	0	0	0	0	0	0
LT934125.1	115731	+	0	0	0	0	54.540496	0	0	0	0	0	0	0	0	0	0	0	0	0	0	0	0	0	0	0	0	0	0
LT934125.1	115736	+	0	0	0	0	0	0	0	0	0	0	38.645849	0	0	0	0	0	0	0	0	0	0	0	0	0	0	0	0
LT934125.1	115738	+	0	0	508.388409	0	0	0	0	0	0	0	0	0	0	0	0	0	0	0	0	0	0	0	0	0	0	0	0
LT934125.1	115754	+	0	0	0	283.607487	0	0	0	0	0	0	0	0	0	0	0	0	0	0	0	0	0	0	0	0	0	0	0
LT934125.1	115775	+	0	0	0	0	54.540496	0	0	0	0	0	0	0	0	0	0	0	0	0	0	0	0	0	0	0	0	0	0
LT934125.1	115834	+	0	0	0	0	0	0	0	0	0	151.538112	0	0	0	0	0	0	0	0	0	0	0	0	0	0	0	0	0
LT934125.1	115863	+	0	0	0	0	0	0	0	0	0	0	0	0	0	0	0	0	0	0	51.474752	0	0	0	0	0	0	0	0
LT934125.1	115873	+	0	0	0	0	0	0	0	0	0	0	0	0	0	0	0	0	0	0	0	0	0	0	0	84.338366	0	0	0
LT934125.1	115874	+	0	0	0	0	0	0	0	0	0	0	0	0	0	0	0	0	0	0	51.474752	0	0	0	0	0	0	0	0
LT934125.1	115875	+	0	0	0	0	54.540496	0	0	0	0	0	38.645849	0	0	0	0	0	0	0	0	0	0	0	0	0	0	0	0
LT934125.1	115879	+	0	0	0	0	0	0	0	0	0	151.538112	0	0	0	0	0	0	0	0	0	0	0	0	0	0	0	0	0
LT934125.1	115882	+	0	0	0	0	0	0	0	0	0	0	0	34.372529	0	0	0	0	0	0	0	25.623615	0	0	0	0	0	0	0
LT934125.1	115883	+	0	0	0	0	0	0	0	0	0	0	38.645849	0	0	0	0	0	0	0	0	0	0	0	0	0	0	0	0
LT934125.1	115885	+	14.609382	0	0	0	0	0	0	0	0	0	0	0	0	0	0	0	0	0	0	0	0	0	0	0	0	0	0
LT934125.1	115924	+	0	0	0	0	54.540496	0	0	0	0	0	0	0	0	0	0	0	0	0	0	0	0	0	0	0	0	0	0
LT934125.1	115925	+	0	0	0	0	54.540496	0	0	0	0	0	0	0	0	0	0	0	0	0	0	0	0	0	0	0	0	0	0
LT934125.1	115929	+	0	0	0	0	0	0	0	0	0	0	0	0	0	0	0	0	0	0	51.474752	0	0	0	0	0	0	0	0
LT934125.1	115968	+	0	0	0	0	54.540496	0	0	0	0	0	0	0	0	0	0	0	0	0	0	0	0	0	0	0	0	0	0
LT934125.1	115977	+	0	0	0	0	54.540496	0	0	0	0	0	0	0	0	0	0	0	0	0	0	0	0	0	0	0	0	0	0
LT934125.1	115990	+	0	0	0	0	54.540496	0	0	0	0	0	0	0	0	0	0	0	0	0	0	0	0	0	0	0	0	0	0
LT934125.1	116003	+	0	0	0	0	54.540496	0	0	0	0	0	0	0	0	0	0	0	0	0	0	0	0	0	0	0	0	0	0
LT934125.1	116025	+	0	0	0	0	0	0	0	0	0	151.538112	0	0	0	0	0	0	0	0	0	0	0	0	0	0	0	0	0
LT934125.1	116075	+	0	0	0	0	54.540496	0	0	0	0	0	0	0	0	0	0	0	0	0	0	0	0	0	0	0	0	0	0
LT934125.1	116108	+	0	0	0	0	0	0	0	0	0	0	0	0	0	0	0	0	0	0	51.474752	0	0	0	0	0	0	0	0
LT934125.1	116171	+	0	0	0	0	0	0	0	0	0	0	38.645849	0	0	0	0	0	0	0	0	0	0	0	0	0	0	0	0
LT934125.1	116189	+	0	0	0	0	54.540496	0	0	0	0	0	0	0	0	0	0	0	0	0	0	0	0	0	0	0	0	0	0
LT934125.1	116257	+	0	0	0	0	54.540496	0	0	0	0	0	0	0	0	0	0	0	0	0	0	0	0	0	0	0	0	0	0
LT934125.1	116378	+	0	0	0	0	0	0	0	0	0	0	0	0	0	0	0	0	0	0	51.474752	0	0	0	0	0	0	0	0
LT934125.1	116386	+	0	0	0	0	0	0	0	0	0	0	0	0	0	0	0	0	0	0	51.474752	0	0	0	0	0	0	15.092897	0
LT934125.1	116387	+	12.174485	0	0	0	0	0	0	0	0	0	0	0	0	0	0	0	0	0	0	0	0	0	0	0	0	0	0
LT934125.1	116389	+	14.609382	0	0	0	0	0	0	0	0	0	0	0	0	0	0	0	0	0	51.474752	0	0	0	0	0	0	0	12.472218
LT934125.1	116390	+	29.218763	0	0	0	0	0	0	0	0	0	0	0	0	0	13.527004	0	0	0	0	0	45.716376	0	0	0	0	15.092897	22.449993
LT934125.1	116393	+	102.265672	0	0	0	54.540496	36.604561	0	0	0	0	38.645849	0	0	0	16.232405	0	0	0	51.474752	89.682652	0	38.595852	0	84.338366	124.750499	95.588346	84.811083
LT934125.1	116395	+	0	0	0	0	0	0	0	0	0	0	0	0	0	0	0	0	0	0	0	0	0	12.350673	0	0	0	15.092897	22.449993
LT934125.1	116396	+	0	0	0	0	0	0	0	0	0	0	0	0	0	0	0	0	0	0	0	0	0	0	0	0	0	0	12.472218
LT934125.1	116399	+	43.828145	0	0	0	0	0	0	0	0	0	0	0	0	0	0	0	0	0	51.474752	0	0	0	0	0	0	40.247725	24.944436
LT934125.1	116402	+	0	0	0	0	54.540496	0	0	0	0	0	0	0	0	0	0	0	0	0	0	0	0	0	0	0	0	20.123862	0
LT934125.1	116403	+	12.174485	0	0	0	0	0	0	0	0	0	0	0	0	0	0	0	0	0	51.474752	0	0	9.263004	0	84.338366	0	20.123862	0
LT934125.1	116405	+	0	0	0	0	54.540496	0	0	0	0	0	0	0	0	0	0	0	0	0	0	0	0	0	0	0	0	0	0
LT934125.1	116408	+	0	0	0	0	0	0	0	0	0	0	0	0	0	0	0	0	0	0	0	0	0	0	0	0	0	20.123862	0
LT934125.1	116410	+	0	0	0	0	0	0	0	0	0	0	0	0	0	0	0	0	0	0	51.474752	0	0	0	0	84.338366	0	15.092897	0
LT934125.1	116411	+	0	0	0	0	0	0	0	0	0	0	0	0	0	0	0	0	0	0	102.949503	0	34.287282	0	0	0	0	25.154828	17.461105
LT934125.1	116414	+	26.783866	0	0	0	54.540496	0	0	0	0	0	0	0	0	0	0	0	0	261.437908	102.949503	0	0	16.982175	0	0	0	40.247725	0
LT934125.1	116416	+	0	0	0	0	0	0	0	0	0	0	0	0	0	0	0	0	0	0	0	0	22.858188	0	0	84.338366	0	0	0
LT934125.1	116417	+	0	0	0	0	0	0	0	0	0	0	0	0	0	0	0	0	0	0	51.474752	38.435422	0	0	0	168.676731	0	0	22.449993
LT934125.1	116418	+	0	0	0	0	0	0	0	0	0	0	0	0	0	0	0	0	0	0	0	0	0	0	0	84.338366	0	0	0
LT934125.1	116419	+	43.828145	0	0	283.607487	0	48.806081	0	0	0	0	0	0	0	0	40.581012	0	0	522.875817	51.474752	64.059037	80.003657	27.789013	0	0	62.37525	45.27869	39.911098
LT934125.1	116420	+	0	0	0	0	0	0	12.804207	0	0	0	0	0	0	0	16.232405	0	0	0	51.474752	25.623615	22.858188	0	0	0	62.37525	25.154828	12.472218
LT934125.1	116422	+	14.609382	0	0	0	0	0	0	0	0	0	38.645849	0	0	0	0	0	0	0	51.474752	51.247229	22.858188	10.806839	0	0	0	35.216759	22.449993
LT934125.1	116423	+	0	0	0	0	0	24.403041	0	0	0	0	0	0	0	0	0	0	0	0	51.474752	25.623615	34.287282	9.263004	0	0	0	0	0
LT934125.1	116425	+	51.132836	0	0	0	0	24.403041	12.804207	0	0	0	0	0	0	0	27.054008	0	0	0	0	76.870844	22.858188	24.701345	0	84.338366	62.37525	45.27869	59.866647
LT934125.1	116427	+	0	0	0	0	0	0	0	0	0	0	38.645849	0	0	0	0	0	0	0	0	0	0	0	0	0	0	0	0
LT934125.1	116428	+	0	0	0	0	0	0	0	0	0	0	0	0	0	0	0	0	0	0	0	0	22.858188	0	0	0	0	0	0
LT934125.1	116430	+	0	0	0	0	0	24.403041	0	0	0	0	38.645849	0	0	0	0	0	0	0	51.474752	25.623615	0	0	0	0	0	0	0
LT934125.1	116431	+	0	0	0	0	0	0	0	0	0	0	0	0	0	0	13.527004	0	0	0	0	0	22.858188	0	0	0	0	20.123862	0
LT934125.1	116432	+	12.174485	0	0	0	54.540496	0	0	0	0	0	0	0	0	0	0	762.195122	0	0	0	38.435422	0	12.350673	0	0	0	15.092897	0
LT934125.1	116435	+	0	0	0	0	0	48.806081	0	0	0	151.538112	38.645849	0	0	0	24.348607	0	0	0	0	0	22.858188	18.526009	748.502994	84.338366	41.5835	30.185794	14.966662
LT934125.1	116436	+	0	0	0	0	0	0	0	0	0	0	0	0	0	0	0	0	0	0	0	0	0	0	0	0	0	15.092897	0
LT934125.1	116437	+	19.479176	0	0	283.607487	0	109.813683	0	0	0	0	0	0	0	0	16.232405	0	0	0	51.474752	38.435422	34.287282	13.894507	0	84.338366	0	30.185794	0
LT934125.1	116438	+	60.872424	0	0	0	0	183.022805	17.072275	0	0	0	115.937548	34.372529	0	0	48.697214	0	430.663221	0	257.373758	179.365303	45.716376	37.052018	0	84.338366	166.333999	125.77414	52.383316
LT934125.1	116441	+	146.093817	0	0	567.214974	0	341.642569	29.876482	0	816.993464	0	0	51.558794	0	0	113.626833	0	430.663221	0	205.899007	230.612533	205.72369	72.560202	748.502994	168.676731	249.500998	241.486348	112.249963
LT934125.1	116442	+	0	0	0	0	0	0	0	0	0	0	0	0	0	0	0	0	0	0	0	0	0	0	0	0	41.5835	0	0
LT934125.1	116443	+	0	0	0	0	0	0	0	0	0	0	0	0	0	0	0	0	0	0	51.474752	0	22.858188	0	0	84.338366	0	0	0
LT934125.1	116444	+	51.132836	0	0	0	0	48.806081	0	0	0	0	0	0	0	0	37.875611	0	0	0	257.373758	89.682652	34.287282	29.332848	0	84.338366	41.5835	120.743174	59.866647
LT934125.1	116445	+	0	0	0	0	0	0	0	0	0	0	0	0	0	0	0	0	0	0	0	0	22.858188	0	0	0	0	0	0
LT934125.1	116446	+	36.523454	0	0	0	0	36.604561	0	0	0	0	38.645849	0	0	0	13.527004	0	0	0	102.949503	25.623615	22.858188	18.526009	0	84.338366	0	35.216759	27.43888
LT934125.1	116447	+	0	0	0	0	54.540496	36.604561	0	0	0	0	0	0	0	0	13.527004	0	0	0	102.949503	25.623615	22.858188	9.263004	0	84.338366	0	35.216759	34.922211
LT934125.1	116448	+	0	0	0	0	54.540496	0	0	0	0	0	0	0	0	0	0	0	0	0	0	0	0	0	0	0	0	20.123862	0
LT934125.1	116449	+	82.786496	0	0	0	109.080993	134.216723	12.804207	0	0	0	0	0	0	0	48.697214	0	0	0	257.373758	153.741688	68.574563	38.595852	0	0	103.958749	130.805105	64.855534
LT934125.1	116450	+	0	0	0	0	0	0	0	0	0	0	0	0	0	0	0	0	0	0	51.474752	0	0	0	0	0	0	0	0
LT934125.1	116452	+	0	0	0	0	0	0	0	0	0	0	0	0	0	0	0	0	0	0	0	0	0	12.350673	0	84.338366	41.5835	0	0
LT934125.1	116453	+	0	0	0	0	0	0	0	0	0	0	0	0	0	0	0	0	0	0	0	0	0	0	0	0	41.5835	0	0
LT934125.1	116456	+	17.044279	0	0	0	54.540496	0	0	0	0	0	0	0	0	0	0	0	0	0	154.424255	38.435422	45.716376	13.894507	0	0	0	30.185794	12.472218
LT934125.1	116458	+	0	0	0	0	0	0	0	0	0	0	0	0	0	0	0	0	0	0	51.474752	0	0	0	0	0	0	0	0
LT934125.1	116462	+	0	0	508.388409	0	54.540496	0	0	0	0	0	0	0	0	0	0	0	0	0	0	0	0	0	0	0	41.5835	15.092897	0
LT934125.1	116470	+	0	0	0	0	54.540496	0	0	0	0	0	0	0	0	0	0	0	0	0	0	0	22.858188	0	0	0	0	0	0
LT934125.1	116481	+	0	0	0	0	0	0	0	0	0	0	0	0	0	0	0	0	0	0	0	0	0	0	0	84.338366	0	0	0
LT934125.1	116488	+	12.174485	0	0	0	0	0	0	0	0	0	0	0	0	0	0	0	0	0	0	0	0	0	0	0	0	0	0
LT934125.1	116494	+	12.174485	0	0	0	0	0	0	0	0	0	0	0	0	0	16.232405	0	0	261.437908	0	25.623615	0	9.263004	0	0	0	0	0
LT934125.1	116495	+	0	0	0	0	0	0	0	0	0	0	0	0	0	0	0	0	0	0	0	25.623615	0	0	0	0	0	0	0
LT934125.1	116497	+	0	0	0	0	0	0	0	0	0	0	0	0	0	0	0	0	0	0	0	0	22.858188	0	0	0	0	0	0
LT934125.1	116500	+	0	0	0	0	54.540496	0	0	0	0	0	0	0	0	0	0	0	0	0	0	25.623615	0	0	0	0	0	0	0
LT934125.1	116503	+	0	0	0	0	0	0	0	0	0	0	0	0	0	0	13.527004	0	0	0	51.474752	0	0	0	0	0	0	0	0
LT934125.1	116504	+	0	0	0	0	0	0	0	0	0	0	0	0	0	0	0	0	0	0	0	25.623615	0	0	0	0	0	0	0
LT934125.1	116508	+	0	0	0	0	0	0	0	0	0	0	0	0	0	0	0	0	0	0	0	38.435422	0	0	0	0	0	0	0
LT934125.1	116509	+	0	0	0	0	0	0	0	0	0	0	0	0	0	0	0	0	0	0	0	0	0	0	0	84.338366	0	0	0
LT934125.1	116510	+	0	0	0	0	0	0	0	0	0	0	0	0	0	0	0	0	0	0	51.474752	0	0	0	0	0	0	0	0
LT934125.1	116512	+	0	0	0	0	0	0	0	0	0	0	0	0	0	0	0	0	0	0	0	0	0	0	0	0	0	20.123862	0
LT934125.1	116542	+	0	0	0	0	0	0	0	0	0	0	0	0	0	0	0	0	0	0	0	25.623615	0	0	0	0	0	0	0
LT934125.1	116558	+	0	0	0	0	0	0	0	0	0	0	0	0	0	0	0	0	0	0	51.474752	0	0	0	0	0	0	0	0
LT934125.1	116560	+	0	0	0	0	0	0	0	0	0	0	0	0	0	0	0	0	0	261.437908	0	25.623615	0	0	0	0	0	15.092897	0
LT934125.1	116562	+	0	0	0	0	0	0	0	0	0	0	0	0	0	0	0	0	0	0	0	0	0	0	0	0	0	15.092897	0
LT934125.1	116563	+	24.348969	0	0	0	0	24.403041	0	0	0	0	0	51.558794	0	0	21.643206	0	0	0	0	102.494459	22.858188	23.157511	0	84.338366	0	100.619312	24.944436
LT934125.1	116564	+	0	652.315721	0	0	0	0	0	0	0	0	0	0	0	0	0	0	0	0	0	0	0	0	0	0	0	0	0
LT934125.1	116565	+	14.609382	0	0	0	0	48.806081	0	0	0	0	0	0	0	0	43.286413	0	0	0	102.949503	38.435422	102.861845	29.332848	0	168.676731	41.5835	145.898002	77.327752
LT934125.1	116572	+	0	0	0	0	0	24.403041	0	0	0	0	0	0	0	0	0	0	0	0	0	0	0	0	0	0	0	0	0
LT934125.1	116575	+	0	0	0	0	0	0	0	0	0	0	38.645849	0	0	0	0	0	0	0	0	0	0	0	0	0	0	0	0
LT934125.1	116594	+	0	0	0	0	54.540496	0	0	0	0	0	0	0	0	0	0	0	0	0	0	0	0	0	0	0	0	0	0
LT934125.1	116615	+	0	0	0	0	54.540496	0	0	0	0	0	0	0	0	0	0	0	0	0	0	0	0	0	0	0	0	0	0
LT934125.1	116619	+	12.174485	0	0	0	0	0	0	0	0	0	0	0	0	0	0	0	0	0	51.474752	0	0	16.982175	0	84.338366	0	50.309656	54.87776
LT934125.1	116621	+	12.174485	0	0	0	0	24.403041	0	0	0	0	0	0	0	0	21.643206	762.195122	0	0	0	0	57.14547	20.069843	0	168.676731	0	40.247725	69.844422
LT934125.1	116622	+	43.828145	0	0	0	218.161985	85.410642	17.072275	0	0	0	0	0	0	0	37.875611	0	0	261.437908	51.474752	64.059037	205.72369	63.297197	0	168.676731	0	75.464484	209.533265
LT934125.1	116623	+	31.65366	0	0	0	54.540496	48.806081	0	0	0	0	0	0	0	0	51.402615	0	861.326443	0	51.474752	51.247229	125.720033	55.578027	748.502994	84.338366	41.5835	60.371587	182.094385
LT934125.1	116624	+	31.65366	652.315721	0	0	0	61.007602	17.072275	0	0	0	0	0	0	0	75.751222	0	0	0	154.424255	102.494459	160.007315	100.349215	0	0	187.125749	140.867037	147.172174
LT934125.1	116625	+	0	0	0	0	0	0	0	0	0	0	0	0	0	0	0	0	0	0	51.474752	0	0	0	0	0	0	15.092897	12.472218
LT934125.1	116626	+	19.479176	652.315721	0	0	0	24.403041	0	0	0	0	0	0	0	0	27.054008	0	0	261.437908	0	38.435422	68.574563	20.069843	0	168.676731	41.5835	75.464484	67.349978
LT934125.1	116627	+	65.742217	0	0	283.607487	54.540496	73.209122	12.804207	0	0	0	0	51.558794	0	0	121.743036	0	0	0	154.424255	256.236147	205.72369	132.769731	0	168.676731	124.750499	231.424417	239.466588
LT934125.1	116628	+	209.401137	0	1016.776817	0	599.94546	280.634967	64.021033	0	0	151.538112	77.291699	0	0	0	413.926321	0	430.663221	261.437908	772.121275	691.837598	605.741977	446.168049	0	590.368559	810.878244	1232.58657	738.355314
LT934125.1	116629	+	175.31258	0	0	283.607487	545.404963	219.627366	21.340344	0	0	0	115.937548	34.372529	0	0	297.594087	0	0	261.437908	772.121275	512.472294	228.581878	461.60639	0	84.338366	831.669993	1202.400777	728.377539
LT934125.1	116630	+	219.140725	0	508.388409	567.214974	218.161985	256.231926	38.41262	0	0	0	77.291699	68.745059	0	0	392.283115	0	430.663221	784.313725	1183.919288	973.697359	480.021944	555.780269	0	421.691828	665.335995	1675.311543	858.088608
LT934125.1	116631	+	0	0	0	283.607487	109.080993	61.007602	0	0	0	0	0	0	0	0	0	0	0	0	0	0	45.716376	30.876682	0	0	145.542249	95.588346	44.899985
LT934125.1	116632	+	17.044279	0	0	0	54.540496	0	0	0	0	0	0	0	0	0	0	0	0	0	0	0	0	15.438341	0	0	41.5835	90.557381	27.43888
LT934125.1	116633	+	231.31521	652.315721	0	0	872.647941	414.851691	38.41262	0	0	0	0	85.931324	0	0	370.639908	0	0	784.313725	1080.969784	1422.110617	354.301911	636.059641	0	421.691828	1039.587492	2128.098446	798.221961
LT934125.1	116634	+	0	0	0	0	0	0	0	0	0	0	0	0	0	0	0	0	0	0	0	0	0	0	0	84.338366	41.5835	25.154828	17.461105
LT934125.1	116635	+	46.263042	0	0	0	54.540496	24.403041	12.804207	0	0	0	0	0	0	0	81.162024	0	0	0	51.474752	243.42434	125.720033	104.980718	748.502994	84.338366	166.333999	342.10566	149.666618
LT934125.1	116636	+	53.567733	0	0	0	109.080993	36.604561	0	0	0	0	0	0	0	0	70.340421	0	0	261.437908	154.424255	128.118074	125.720033	112.699888	0	84.338366	145.542249	372.291454	199.55549
LT934125.1	116637	+	0	0	0	0	0	0	0	0	0	0	0	0	0	0	0	0	0	0	102.949503	64.059037	22.858188	27.789013	0	84.338366	41.5835	95.588346	27.43888
LT934125.1	116639	+	243.489694	0	0	850.822462	436.323971	219.627366	55.484895	0	0	0	38.645849	120.303853	0	0	246.191472	762.195122	0	522.875817	978.020281	948.073745	240.010972	368.976345	0	253.015097	686.127745	1257.741398	561.249816
LT934125.1	116640	+	0	0	0	0	0	0	0	0	0	0	0	0	0	0	0	0	0	0	51.474752	0	0	0	0	0	0	0	0
LT934125.1	116641	+	17.044279	0	0	0	0	0	0	0	0	0	0	0	0	0	18.937806	0	0	261.437908	102.949503	25.623615	22.858188	20.069843	0	0	62.37525	70.433518	19.955549
LT934125.1	116642	+	51.132836	0	0	0	0	109.813683	12.804207	0	0	0	0	0	0	0	54.108016	0	0	0	154.424255	102.494459	91.432751	21.613677	0	84.338366	103.958749	115.712209	52.383316
LT934125.1	116643	+	0	0	0	0	54.540496	0	0	0	0	0	0	0	0	0	0	0	0	0	102.949503	38.435422	0	12.350673	0	0	0	50.309656	14.966662
LT934125.1	116644	+	0	0	0	0	0	0	0	0	0	0	0	0	0	0	0	0	0	0	0	0	0	0	0	0	41.5835	0	0
LT934125.1	116645	+	204.531343	0	1016.776817	567.214974	327.242978	268.433447	59.752964	0	0	0	38.645849	0	0	0	248.896873	0	0	261.437908	617.69702	807.143864	217.152784	270.170964	0	337.353462	519.793746	950.852497	431.538747
LT934125.1	116647	+	0	0	0	0	54.540496	24.403041	0	0	0	0	0	0	0	0	0	0	0	0	154.424255	0	0	0	0	0	0	25.154828	22.449993
LT934125.1	116650	+	14.609382	0	0	0	109.080993	0	0	0	0	0	0	0	0	1283.697047	0	0	0	0	0	0	22.858188	0	0	0	0	0	14.966662
LT934125.1	116651	+	0	0	0	0	0	24.403041	0	0	0	0	0	0	0	0	0	0	0	0	51.474752	0	0	0	0	0	0	0	0
LT934125.1	116653	+	14.609382	0	0	0	0	24.403041	0	0	0	0	38.645849	0	0	0	13.527004	0	0	0	0	0	0	18.526009	0	84.338366	0	15.092897	24.944436
LT934125.1	116654	+	0	0	0	0	0	0	0	0	0	0	0	0	0	0	0	0	0	0	0	25.623615	0	0	0	0	62.37525	0	19.955549
LT934125.1	116656	+	34.088557	0	0	0	54.540496	0	0	0	0	0	0	0	0	0	32.464809	0	0	0	102.949503	64.059037	0	33.96435	0	0	124.750499	75.464484	47.394429
LT934125.1	116657	+	0	0	0	0	54.540496	0	0	0	0	0	0	0	0	0	0	0	0	0	0	0	0	0	0	0	0	0	0
LT934125.1	116659	+	17.044279	0	0	0	109.080993	0	0	0	0	0	0	0	0	0	0	0	0	0	51.474752	0	22.858188	10.806839	0	0	0	45.27869	19.955549
LT934125.1	116661	+	14.609382	0	0	0	0	0	0	0	0	0	0	0	0	0	24.348607	0	0	0	0	51.247229	34.287282	16.982175	0	0	0	50.309656	49.888873
LT934125.1	116662	+	0	0	0	0	0	24.403041	0	0	0	0	0	0	0	0	0	0	0	0	0	0	0	0	0	0	0	15.092897	17.461105
LT934125.1	116663	+	38.958351	0	0	0	0	24.403041	0	0	0	0	0	0	0	0	24.348607	0	0	0	0	64.059037	22.858188	33.96435	0	0	0	70.433518	119.733294
LT934125.1	116664	+	0	0	0	0	0	0	0	0	0	0	0	0	0	0	0	0	0	0	0	0	0	0	0	0	0	25.154828	0
LT934125.1	116665	+	41.393248	0	0	567.214974	54.540496	61.007602	12.804207	0	0	0	0	0	0	1283.697047	73.045821	0	430.663221	0	0	89.682652	68.574563	72.560202	0	0	62.37525	166.021865	306.816566
LT934125.1	116666	+	87.65629	0	0	0	218.161985	36.604561	12.804207	0	0	0	0	34.372529	0	0	100.099829	0	0	0	102.949503	115.306266	102.861845	67.9287	0	84.338366	145.542249	196.207658	249.444363
LT934125.1	116667	+	0	0	0	0	54.540496	0	0	0	0	0	0	0	0	0	21.643206	0	0	0	102.949503	64.059037	22.858188	21.613677	0	0	62.37525	55.340622	37.416654
LT934125.1	116668	+	0	0	0	0	54.540496	0	0	0	0	0	0	0	0	0	0	0	0	0	0	0	0	0	0	0	0	20.123862	12.472218
LT934125.1	116669	+	535.677327	652.315721	508.388409	0	763.566948	658.882097	42.680689	0	0	151.538112	77.291699	103.117588	0	0	652.001591	762.195122	1291.989664	0	1389.818294	1140.250855	777.178385	855.284081	0	674.706924	1122.754491	2067.726859	2027.982669
LT934125.1	116671	+	0	0	0	0	54.540496	61.007602	0	0	0	0	0	0	0	0	16.232405	0	430.663221	0	0	25.623615	0	10.806839	0	0	0	25.154828	24.944436
LT934125.1	116672	+	31.65366	0	0	0	0	36.604561	0	0	0	0	0	0	0	0	29.759409	0	0	0	102.949503	0	80.003657	20.069843	0	0	41.5835	40.247725	89.799971
LT934125.1	116673	+	0	0	0	0	54.540496	0	0	0	0	0	0	0	0	0	0	0	0	0	51.474752	0	34.287282	9.263004	0	84.338366	0	15.092897	27.43888
LT934125.1	116674	+	121.744847	0	0	0	54.540496	97.612162	0	0	0	0	0	34.372529	0	0	102.80523	0	0	0	257.373758	115.306266	194.294596	143.57657	0	168.676731	145.542249	296.82697	339.244333
LT934125.1	116675	+	38.958351	0	0	283.607487	0	61.007602	0	0	0	0	0	0	0	0	43.286413	1524.390244	0	0	102.949503	76.870844	91.432751	35.508184	0	84.338366	103.958749	140.867037	169.622167
LT934125.1	116676	+	0	0	0	0	0	0	0	0	0	0	0	0	0	0	0	0	0	0	51.474752	0	0	0	0	0	0	25.154828	0
LT934125.1	116677	+	46.263042	0	0	0	0	48.806081	0	0	0	0	0	0	0	0	43.286413	762.195122	0	0	51.474752	38.435422	160.007315	64.841031	0	0	166.333999	100.619312	222.005483
LT934125.1	116678	+	31.65366	0	0	0	0	24.403041	0	0	0	0	0	34.372529	0	0	21.643206	0	430.663221	0	154.424255	0	68.574563	40.139686	0	0	62.37525	80.495449	162.138836
LT934125.1	116679	+	0	0	0	0	0	24.403041	0	0	0	0	0	0	0	0	0	0	0	0	154.424255	25.623615	22.858188	10.806839	0	0	62.37525	20.123862	74.833309
LT934125.1	116680	+	199.661549	0	0	0	381.783474	305.038008	17.072275	0	0	0	38.645849	68.745059	0	2567.394095	197.494258	0	0	261.437908	463.272765	204.988918	331.443723	271.714798	0	84.338366	519.793746	633.901665	1037.688549
LT934125.1	116681	+	182.617271	652.315721	0	0	327.242978	341.642569	0	0	0	0	0	0	0	1283.697047	189.378055	0	430.663221	522.875817	360.323261	217.800725	388.589193	231.575112	0	168.676731	270.292748	488.003663	915.460811
LT934125.1	116682	+	357.929851	652.315721	0	850.822462	327.242978	366.045609	51.216826	0	0	0	0	137.490118	0	0	367.934508	0	430.663221	522.875817	823.596026	525.284102	617.171071	568.130942	0	421.691828	727.711244	1358.36071	1823.438291
LT934125.1	116683	+	0	0	0	0	0	0	0	0	0	151.538112	0	0	0	0	0	0	0	0	51.474752	25.623615	34.287282	13.894507	0	0	0	35.216759	47.394429
LT934125.1	116684	+	304.362118	0	0	1134.429949	327.242978	512.463853	29.876482	0	0	0	0	68.745059	0	1283.697047	313.826492	0	1291.989664	784.313725	720.646523	550.907717	514.309226	560.411771	748.502994	253.015097	582.168995	1227.555605	1581.477259
LT934125.1	116685	+	0	0	0	0	0	0	0	0	0	0	0	0	0	0	0	0	0	0	0	0	0	18.526009	0	0	0	45.27869	27.43888
LT934125.1	116686	+	197.226652	0	0	0	272.702482	158.619764	12.804207	0	0	0	0	34.372529	0	1283.697047	189.378055	0	861.326443	261.437908	411.798013	448.413258	354.301911	313.398318	0	84.338366	582.168995	638.93263	915.460811
LT934125.1	116687	+	75.481805	0	0	567.214974	109.080993	85.410642	0	0	0	0	0	34.372529	0	0	81.162024	0	0	0	154.424255	153.741688	160.007315	118.875224	0	84.338366	166.333999	321.981798	301.827679
LT934125.1	116688	+	12.174485	0	0	0	0	24.403041	0	0	0	0	0	0	0	0	0	0	0	0	51.474752	25.623615	34.287282	9.263004	0	0	0	0	0
LT934125.1	116689	+	94.960981	0	508.388409	0	54.540496	73.209122	0	0	0	0	38.645849	34.372529	0	0	62.224218	0	0	0	308.84851	204.988918	34.287282	94.173879	0	0	270.292748	241.486348	209.533265
LT934125.1	116690	+	31.65366	652.315721	0	0	0	48.806081	0	0	0	151.538112	0	0	0	0	40.581012	0	0	0	0	38.435422	45.716376	26.245179	0	0	83.166999	120.743174	117.23885
LT934125.1	116691	+	0	0	0	0	54.540496	36.604561	0	0	0	0	0	0	0	0	0	0	0	0	51.474752	0	0	0	0	0	41.5835	40.247725	14.966662
LT934125.1	116692	+	214.270931	0	0	283.607487	218.161985	317.239528	0	0	0	0	0	0	0	0	267.834678	0	0	784.313725	463.272765	461.225065	285.727348	302.59148	0	253.015097	623.752495	835.140288	671.005336
LT934125.1	116693	+	26.783866	0	0	0	54.540496	48.806081	0	0	0	0	0	0	0	0	13.527004	0	0	0	51.474752	25.623615	0	20.069843	0	0	0	90.557381	69.844422
LT934125.1	116695	+	34.088557	0	0	0	0	73.209122	0	0	0	0	0	0	0	0	37.875611	0	0	0	102.949503	38.435422	57.14547	41.68352	0	0	83.166999	70.433518	99.777745
LT934125.1	116696	+	0	0	0	0	0	0	0	0	0	0	0	0	0	0	0	0	0	0	0	0	0	0	0	0	0	15.092897	22.449993
LT934125.1	116697	+	0	0	0	0	0	24.403041	0	0	0	0	0	0	0	0	0	0	0	0	0	0	0	0	0	0	0	0	0
LT934125.1	116698	+	34.088557	0	0	0	0	61.007602	0	0	0	0	0	0	0	0	37.875611	0	430.663221	0	154.424255	76.870844	80.003657	49.402691	0	0	124.750499	125.77414	132.205512
LT934125.1	116699	+	0	0	0	0	0	0	0	0	0	0	0	0	0	0	0	0	430.663221	0	0	0	0	0	0	0	0	20.123862	34.922211
LT934125.1	116701	+	34.088557	0	0	0	0	24.403041	0	0	0	0	38.645849	0	0	0	0	762.195122	0	0	0	0	34.287282	16.982175	0	168.676731	0	50.309656	82.31664
LT934125.1	116702	+	12.174485	0	0	0	0	24.403041	0	0	0	0	0	0	0	0	0	0	0	261.437908	51.474752	25.623615	34.287282	18.526009	0	0	0	60.371587	87.305527
LT934125.1	116703	+	0	0	0	0	0	0	0	0	0	0	0	0	0	0	0	0	0	0	51.474752	0	0	0	0	0	0	0	0
LT934125.1	116705	+	63.307321	0	0	567.214974	109.080993	48.806081	0	0	0	0	0	0	0	0	37.875611	0	430.663221	261.437908	51.474752	51.247229	91.432751	46.315022	0	168.676731	103.958749	120.743174	164.633279
LT934125.1	116707	+	0	0	0	0	0	0	0	0	0	0	0	0	0	0	0	0	0	0	51.474752	25.623615	0	0	0	0	0	0	0
LT934125.1	116710	+	0	0	0	0	0	0	0	0	0	0	0	0	0	0	0	0	0	0	51.474752	0	0	0	0	0	0	0	27.43888
LT934125.1	116713	+	0	0	0	0	0	0	0	0	0	0	0	0	0	0	0	0	430.663221	0	51.474752	0	0	0	0	0	0	0	0
LT934125.1	116716	+	0	0	0	0	0	0	0	0	0	0	0	0	0	0	0	0	0	0	51.474752	0	0	0	0	0	0	0	0
LT934125.1	116717	+	0	0	0	0	0	0	0	0	0	0	0	0	0	0	0	0	0	0	51.474752	0	0	0	0	0	0	0	0
LT934125.1	116718	+	0	0	0	0	0	0	0	0	0	0	0	0	0	0	0	0	0	0	0	0	0	0	0	0	0	0	44.899985
LT934125.1	116719	+	0	0	0	0	0	0	0	0	0	0	0	34.372529	0	0	0	0	0	0	0	0	80.003657	12.350673	0	0	0	0	74.833309
LT934125.1	116720	+	0	0	0	0	0	36.604561	0	0	0	0	0	0	0	0	0	0	0	0	102.949503	0	80.003657	20.069843	0	0	0	0	139.688843
LT934125.1	116723	+	0	0	0	0	0	0	0	0	0	0	0	0	0	0	0	0	0	0	51.474752	25.623615	34.287282	0	0	84.338366	0	0	67.349978
LT934125.1	116725	+	0	0	0	0	0	36.604561	0	0	0	0	0	0	0	0	0	0	0	0	0	25.623615	0	0	0	0	0	15.092897	39.911098
LT934125.1	116726	+	0	0	0	0	0	0	0	0	0	0	0	0	0	0	16.232405	0	0	0	51.474752	0	57.14547	15.438341	0	0	0	20.123862	67.349978
LT934125.1	116727	+	53.567733	0	0	0	54.540496	134.216723	0	0	0	0	38.645849	34.372529	0	1283.697047	48.697214	0	0	0	102.949503	76.870844	228.581878	54.034193	0	0	41.5835	70.433518	426.54986
LT934125.1	116728	+	48.697939	0	0	567.214974	54.540496	219.627366	0	0	0	0	0	0	16666.666667	1283.697047	100.099829	0	430.663221	0	205.899007	89.682652	388.589193	83.36704	0	168.676731	124.750499	166.021865	643.566456
LT934125.1	116729	+	77.916702	0	0	0	54.540496	231.828886	25.608413	0	0	0	0	34.372529	0	1283.697047	121.743036	0	430.663221	0	154.424255	76.870844	228.581878	84.910874	0	253.015097	124.750499	221.362486	675.994223
LT934125.1	116730	+	0	0	0	0	0	24.403041	0	0	0	0	0	0	0	0	21.643206	0	0	0	51.474752	25.623615	34.287282	10.806839	0	0	124.750499	25.154828	52.383316
LT934125.1	116731	+	0	0	0	0	0	0	0	0	0	0	0	0	0	0	0	0	0	0	0	0	0	0	0	0	0	0	19.955549
LT934125.1	116732	+	287.317839	652.315721	0	850.822462	54.540496	683.285137	29.876482	0	0	0	38.645849	34.372529	0	2567.394095	403.104718	762.195122	861.326443	784.313725	772.121275	691.837598	1131.480296	512.552915	0	843.383655	1101.962741	1192.338846	2886.071276
LT934125.1	116734	+	12.174485	0	0	0	0	36.604561	0	0	0	0	0	0	0	0	13.527004	0	0	0	0	0	0	12.350673	0	0	0	25.154828	72.338865
LT934125.1	116735	+	0	0	0	0	0	24.403041	0	0	0	0	0	0	0	0	0	0	0	0	0	0	0	0	0	0	0	0	14.966662
LT934125.1	116736	+	36.523454	0	0	0	0	61.007602	0	0	0	0	0	0	0	2567.394095	32.464809	0	0	0	51.474752	51.247229	45.716376	18.526009	0	0	41.5835	50.309656	122.227738
LT934125.1	116737	+	29.218763	0	0	0	54.540496	122.015203	0	0	0	0	38.645849	34.372529	0	0	32.464809	0	0	0	102.949503	89.682652	148.578221	24.701345	0	253.015097	83.166999	60.371587	172.11661
LT934125.1	116738	+	31.65366	0	0	0	0	61.007602	0	0	0	0	0	0	0	0	29.759409	0	0	0	51.474752	64.059037	57.14547	18.526009	0	84.338366	41.5835	60.371587	104.766632
LT934125.1	116739	+	0	0	0	0	0	0	0	0	0	0	0	0	0	0	0	0	0	0	0	0	0	0	0	0	0	0	12.472218
LT934125.1	116741	+	34.088557	652.315721	0	0	0	122.015203	0	0	0	0	0	0	0	2567.394095	67.63502	0	0	0	102.949503	115.306266	171.436409	64.841031	0	253.015097	187.125749	171.05283	274.388799
LT934125.1	116743	+	0	0	0	0	0	0	0	0	0	0	0	0	0	0	0	0	0	0	0	25.623615	0	9.263004	0	0	0	25.154828	14.966662
LT934125.1	116744	+	41.393248	0	0	0	54.540496	24.403041	0	0	0	0	0	0	0	0	35.17021	0	0	0	51.474752	76.870844	57.14547	38.595852	0	0	62.37525	120.743174	102.272189
LT934125.1	116746	+	0	0	0	0	0	0	0	0	0	0	0	0	0	0	0	0	0	0	0	38.435422	0	0	0	0	0	30.185794	0
LT934125.1	116747	+	17.044279	0	0	0	0	36.604561	0	0	0	0	0	0	0	0	24.348607	0	0	0	102.949503	51.247229	45.716376	0	0	0	41.5835	30.185794	29.933324
LT934125.1	116748	+	0	0	0	0	0	0	0	0	0	0	0	0	0	0	0	0	0	0	0	25.623615	0	13.894507	0	0	0	20.123862	17.461105
LT934125.1	116750	+	333.580881	0	0	0	272.702482	280.634967	64.021033	0	0	0	0	0	0	0	211.021262	1524.390244	861.326443	522.875817	617.69702	525.284102	171.436409	243.925785	0	168.676731	436.626747	850.233185	618.622019
LT934125.1	116752	+	0	0	0	0	0	0	0	0	0	0	0	0	0	0	0	0	0	0	51.474752	0	0	0	0	0	0	0	0
LT934125.1	116754	+	0	0	0	0	0	0	0	0	0	0	0	0	0	0	13.527004	0	0	261.437908	51.474752	0	0	0	0	84.338366	0	0	0
LT934125.1	116837	+	0	0	0	0	54.540496	0	0	0	0	0	0	0	0	0	0	0	0	0	0	0	0	0	0	0	0	0	0
LT934125.1	116867	+	0	0	0	0	0	0	0	0	0	0	38.645849	0	0	0	0	0	0	0	0	0	0	0	0	0	0	0	0
LT934125.1	116914	+	0	0	0	0	0	0	0	0	0	0	38.645849	0	0	0	0	0	0	0	0	0	0	0	0	0	0	0	0
LT934125.1	116929	+	0	0	0	0	54.540496	0	0	0	0	0	0	0	0	0	0	0	0	0	0	0	0	0	0	0	0	0	0
LT934125.1	116937	+	17.044279	0	0	0	0	24.403041	0	0	0	0	0	0	0	0	0	0	0	0	0	25.623615	0	10.806839	0	0	0	0	0
LT934125.1	116938	+	17.044279	0	1016.776817	0	0	24.403041	12.804207	0	0	0	115.937548	0	0	0	0	0	0	0	0	38.435422	0	15.438341	0	84.338366	62.37525	80.495449	27.43888
LT934125.1	116939	+	24.348969	0	0	0	0	0	0	0	0	0	38.645849	68.745059	0	0	18.937806	0	0	0	0	38.435422	0	20.069843	0	0	41.5835	25.154828	19.955549
LT934125.1	116940	+	0	0	0	283.607487	0	0	0	0	0	0	0	0	0	0	0	0	0	0	0	0	0	0	0	0	0	0	0
LT934125.1	116941	+	0	0	0	0	0	0	0	0	0	0	0	0	0	0	0	0	0	0	0	0	0	0	0	0	0	25.154828	0
LT934125.1	116942	+	0	0	0	0	0	0	0	0	0	0	38.645849	0	0	0	0	0	0	0	0	0	0	0	0	0	0	0	0
LT934125.1	116945	+	0	0	0	0	0	24.403041	0	0	0	0	0	0	0	0	0	0	0	0	0	0	0	0	0	0	0	0	0
LT934125.1	116946	+	0	0	0	0	0	0	0	0	0	0	0	0	0	0	0	0	0	0	51.474752	0	0	0	0	0	0	0	0
LT934125.1	116947	+	0	0	0	0	0	0	0	0	0	0	38.645849	0	0	0	0	0	0	0	0	0	0	0	0	0	0	0	0
LT934125.1	116949	+	14.609382	0	0	0	0	48.806081	0	0	0	0	77.291699	0	0	0	0	0	0	0	51.474752	0	0	13.894507	0	0	62.37525	20.123862	17.461105
LT934125.1	116950	+	0	0	0	0	0	0	17.072275	0	0	0	38.645849	0	0	0	0	0	0	0	0	0	0	0	0	0	0	0	0
LT934125.1	116951	+	38.958351	0	0	0	0	0	29.876482	0	0	0	193.229247	0	0	0	0	0	0	0	51.474752	38.435422	45.716376	10.806839	0	0	0	30.185794	17.461105
LT934125.1	116952	+	0	0	0	0	54.540496	0	0	0	0	0	0	34.372529	0	0	0	0	0	0	0	0	0	0	0	0	0	0	0
LT934125.1	116953	+	43.828145	0	0	0	109.080993	48.806081	38.41262	0	0	303.076224	77.291699	51.558794	0	0	24.348607	0	430.663221	0	51.474752	102.494459	45.716376	20.069843	0	0	124.750499	65.402553	54.87776
LT934125.1	116954	+	24.348969	0	0	0	54.540496	36.604561	17.072275	0	816.993464	0	0	85.931324	0	0	13.527004	0	0	0	51.474752	51.247229	22.858188	0	0	0	41.5835	40.247725	27.43888
LT934125.1	116955	+	94.960981	0	0	0	0	109.813683	0	0	0	151.538112	77.291699	34.372529	0	0	24.348607	0	0	0	154.424255	64.059037	0	15.438341	0	0	103.958749	55.340622	19.955549
LT934125.1	116956	+	124.179744	0	508.388409	0	54.540496	183.022805	81.093309	0	0	151.538112	115.937548	171.862647	0	0	59.518817	0	0	522.875817	154.424255	166.553496	148.578221	29.332848	0	253.015097	291.084498	201.238624	104.766632
LT934125.1	116957	+	301.927221	0	508.388409	850.822462	490.864467	329.441048	192.063099	0	0	303.076224	888.854537	395.284089	0	0	178.556452	0	0	261.437908	463.272765	320.295184	262.86916	103.436883	0	84.338366	395.043247	482.972697	236.972145
LT934125.1	116958	+	1008.047334	1956.947162	1016.776817	1134.429949	763.566948	1134.741389	845.077636	2631.578947	1633.986928	4091.52902	3439.4806	1374.901179	0	1283.697047	570.839567	3048.780488	430.663221	522.875817	875.070778	845.579286	765.749291	382.870852	0	506.030193	1309.88024	1328.174917	750.827532
LT934125.1	116959	+	1375.716773	0	1525.165226	1134.429949	1472.593401	1818.026526	2035.868851	0	816.993464	3030.762237	6028.752512	3265.3903	0	1283.697047	863.022853	1524.390244	861.326443	2091.503268	1286.868791	1319.616158	834.323855	486.307736	0	1771.105676	1600.964737	1458.980022	1022.721887
LT934125.1	116960	+	1767.735181	1304.631442	2033.553635	3119.68236	3163.348786	2440.304062	1796.856994	0	1633.986928	5455.372026	6878.9612	2990.410064	0	1283.697047	1028.052301	3048.780488	3875.968992	2091.503268	1286.868791	2178.007251	1131.480296	699.356839	748.502994	1602.428945	2661.343979	2399.770588	1346.999558
LT934125.1	116961	+	513.763255	652.315721	508.388409	283.607487	599.94546	817.501861	435.343025	0	816.993464	606.152447	579.687742	790.568178	0	0	370.639908	0	861.326443	0	669.171771	691.837598	537.167413	194.523094	0	927.722021	852.461743	774.768701	416.572086
LT934125.1	116962	+	44602.442202	48923.679061	47788.510422	76290.414067	64412.326152	58408.677721	37669.975843	21052.631579	38398.69281	65161.388089	87726.078219	62265.837143	16666.666667	35943.51733	30974.133663	48018.292683	46080.964686	58562.091503	75461.985896	64750.874406	37716.009875	19325.715027	14970.05988	40735.430547	67282.102462	70725.31431	48581.784076
LT934125.1	116963	+	77.916702	0	0	0	218.161985	109.813683	55.484895	0	0	151.538112	115.937548	51.558794	0	0	91.983627	0	0	0	257.373758	179.365303	125.720033	49.402691	0	0	311.876248	181.114761	132.205512
LT934125.1	116964	+	0	0	0	0	0	0	12.804207	0	0	0	38.645849	0	0	0	0	0	0	0	0	25.623615	0	0	0	0	0	15.092897	0
LT934125.1	116965	+	0	0	0	0	0	0	0	0	0	0	0	34.372529	0	0	0	0	0	0	0	0	0	0	0	0	0	35.216759	0
LT934125.1	116967	+	17.044279	0	0	283.607487	0	61.007602	12.804207	0	0	151.538112	77.291699	0	0	0	0	0	0	0	51.474752	38.435422	0	0	0	0	0	30.185794	0
LT934125.1	116968	+	0	0	0	0	0	0	0	0	0	151.538112	0	0	0	0	0	0	0	0	0	0	0	0	0	0	62.37525	0	0
LT934125.1	116969	+	0	0	0	0	0	0	17.072275	0	0	0	0	0	0	0	0	0	0	0	0	25.623615	0	0	0	0	0	20.123862	0
LT934125.1	117026	+	0	0	0	0	0	0	0	0	0	0	0	0	0	0	0	0	0	0	51.474752	0	0	0	0	0	0	0	0
LT934125.1	119498	+	0	0	0	0	54.540496	0	0	0	0	0	0	0	0	0	0	0	0	0	0	0	0	0	0	0	0	0	0
LT934125.1	119923	+	0	0	0	0	0	0	0	0	0	0	0	34.372529	0	0	13.527004	0	0	0	0	0	0	0	0	0	0	0	0
LT934125.1	120049	+	0	0	0	0	0	0	0	0	0	0	0	0	0	0	0	0	0	261.437908	0	0	0	0	0	0	0	0	0
LT934125.1	120404	+	0	0	0	0	54.540496	0	0	0	0	0	0	0	0	0	0	0	0	0	0	0	0	0	0	0	0	0	0
LT934125.1	120459	+	0	0	0	0	0	0	0	0	0	0	38.645849	0	0	0	0	0	0	0	0	0	0	0	0	0	0	0	0
LT934125.1	120461	+	0	0	0	0	0	0	17.072275	0	0	0	0	0	0	0	0	0	0	0	0	0	0	0	0	0	0	0	0
LT934125.1	120462	+	0	0	0	0	0	0	17.072275	0	0	0	38.645849	0	0	0	0	0	0	0	0	0	0	0	0	0	0	0	14.966662
LT934125.1	120464	+	0	0	0	0	0	36.604561	0	0	0	0	0	0	0	0	0	0	0	0	0	0	0	0	0	0	0	0	0
LT934125.1	120465	+	17.044279	0	0	0	0	0	0	0	0	0	0	0	0	0	0	0	0	0	51.474752	0	22.858188	15.438341	0	0	41.5835	20.123862	27.43888
LT934125.1	120467	+	48.697939	0	0	283.607487	0	61.007602	55.484895	0	0	0	231.875097	34.372529	0	0	21.643206	0	0	0	0	51.247229	57.14547	54.034193	0	0	0	40.247725	57.372203
LT934125.1	120468	+	60.872424	0	0	0	109.080993	85.410642	64.021033	0	0	303.076224	77.291699	120.303853	0	0	67.63502	0	0	261.437908	51.474752	51.247229	68.574563	64.841031	0	84.338366	0	55.340622	72.338865
LT934125.1	120469	+	292.187633	652.315721	508.388409	0	0	231.828886	542.044746	0	0	606.152447	618.333591	670.264325	0	0	278.656282	0	861.326443	522.875817	154.424255	384.354221	331.443723	268.62713	0	168.676731	291.084498	261.610211	406.594311
LT934125.1	120470	+	97.395878	0	0	0	54.540496	109.813683	55.484895	2631.578947	0	0	154.583398	34.372529	0	2567.394095	94.689028	0	1291.989664	0	102.949503	76.870844	68.574563	80.279372	0	168.676731	62.37525	105.650277	94.788858
LT934125.1	120471	+	384.713717	0	508.388409	283.607487	927.188437	488.060812	785.324672	0	0	1363.843007	1082.083784	859.313237	0	0	386.872313	1524.390244	1722.652885	522.875817	566.222268	576.531331	434.305568	443.080381	0	84.338366	436.626747	427.632075	586.194252
LT934125.1	120472	+	4219.676402	3913.894325	3558.718861	6239.364719	4581.401691	5161.243091	4344.894109	7894.736842	5718.954248	5303.833914	5333.127222	5379.300863	0	5134.78819	4907.597036	3810.97561	5598.621878	4705.882353	5662.22268	5534.70078	6148.852519	4788.973319	1497.005988	3036.181159	3742.51497	4618.426415	6570.364513
LT934125.1	120473	+	2766.042927	7175.472929	3558.718861	5955.757232	3326.970275	2891.760313	2714.491801	2631.578947	1633.986928	2576.147901	3555.418148	2956.037535	0	2567.394095	3222.132343	2286.585366	2583.979328	4967.320261	4220.929634	3881.977631	3394.440889	3316.155606	1497.005988	2361.474235	2806.886228	3078.950943	4200.643068
LT934125.1	120474	+	14190.579384	15003.261579	15760.040671	16449.23426	12435.233161	13531.486023	14673.620774	10526.315789	17973.856209	16972.268526	20868.758695	17203.451002	33333.333333	16688.061617	14933.81237	11432.926829	15503.875969	22483.660131	15030.627477	14579.836778	17440.797294	13868.26155	6736.526946	8265.159821	12100.798403	13719.443173	18760.710517
LT934125.1	120475	+	1782.344562	2609.262883	1016.776817	2552.467385	1418.052904	1647.205242	3679.075366	2631.578947	2450.980392	5758.44825	4405.626836	3402.880418	0	0	1790.975324	762.195122	1722.652885	2352.941176	1544.242549	1524.605076	2434.397001	1631.832624	748.502994	927.722021	1268.29674	1539.475472	2187.627061
LT934125.1	120476	+	448.021038	0	1016.776817	0	490.864467	439.254731	298.764821	0	816.993464	606.152447	463.750193	309.352765	0	0	346.291301	0	0	522.875817	205.899007	307.483377	320.014629	288.696973	0	84.338366	249.500998	296.82697	411.583198
LT934125.1	120477	+	44989.590816	45662.100457	42196.237926	55870.674986	38723.752386	43998.682236	41767.321958	42105.263158	44117.647059	43794.51432	44751.893647	49719.863885	66666.666667	48780.487805	45980.991854	51829.268293	56416.881998	60653.594771	48283.317033	49210.152076	55499.679985	46988.134091	20209.580838	29096.736105	36697.438456	43276.366033	65411.795226
LT934125.1	120478	+	87.65629	0	0	0	0	146.418244	119.505928	0	0	0	154.583398	120.303853	0	0	183.967254	762.195122	0	0	308.84851	217.800725	228.581878	115.787556	0	0	62.37525	171.05283	197.061047
LT934125.1	120481	+	0	0	0	0	0	0	0	0	0	0	0	0	0	0	0	0	0	0	0	0	34.287282	0	0	0	0	0	0
LT934125.1	120482	+	0	0	0	0	0	0	0	0	0	0	38.645849	0	0	0	0	0	0	0	0	0	0	0	0	0	0	0	0
LT934125.1	120483	+	17.044279	0	0	0	0	24.403041	12.804207	0	0	0	0	34.372529	0	0	0	0	0	0	51.474752	0	0	0	0	0	103.958749	15.092897	22.449993
LT934125.1	120485	+	0	0	0	0	0	0	0	0	0	0	38.645849	0	0	0	0	0	0	0	0	0	0	0	0	0	0	0	0
LT934125.1	120488	+	0	0	0	0	0	0	0	0	0	0	0	0	0	0	0	0	0	0	51.474752	0	0	0	0	0	0	0	0
LT934125.1	120564	+	0	0	0	0	0	0	0	0	0	0	0	0	0	0	0	0	0	261.437908	0	0	0	0	0	0	0	0	0
LT934125.1	122409	+	0	0	0	0	54.540496	0	0	0	0	0	0	0	0	0	0	0	0	0	0	0	0	0	0	0	0	0	0
LT934125.1	122462	+	0	0	0	283.607487	0	0	0	0	0	0	0	0	0	0	0	0	0	0	0	0	0	0	0	0	0	0	0
LT934125.1	122898	+	0	0	0	0	0	0	0	0	816.993464	0	0	0	0	0	0	0	0	0	0	0	0	0	0	0	0	0	0
LT934125.1	122901	+	0	0	0	0	0	0	0	0	0	0	0	0	0	0	0	0	430.663221	0	0	0	0	0	0	0	41.5835	0	0
LT934125.1	122902	+	0	0	0	0	0	24.403041	0	0	0	0	0	0	0	0	0	0	0	0	0	0	22.858188	0	0	0	0	0	0
LT934125.1	122903	+	14.609382	0	0	0	54.540496	0	12.804207	0	0	0	0	51.558794	0	0	0	0	0	0	0	0	34.287282	16.982175	0	0	0	30.185794	0
LT934125.1	122904	+	0	0	0	0	54.540496	0	0	0	0	0	0	0	0	0	0	0	0	0	0	0	0	10.806839	0	0	0	20.123862	0
LT934125.1	122905	+	0	0	0	0	0	24.403041	12.804207	0	0	0	38.645849	34.372529	0	0	0	0	0	0	0	0	45.716376	12.350673	0	0	0	0	14.966662
LT934125.1	122906	+	12.174485	0	0	0	0	24.403041	21.340344	0	0	151.538112	0	51.558794	0	0	13.527004	0	0	0	0	64.059037	0	27.789013	0	84.338366	41.5835	30.185794	24.944436
LT934125.1	122907	+	21.914072	0	0	0	0	24.403041	21.340344	0	0	0	77.291699	68.745059	0	0	27.054008	0	0	0	51.474752	38.435422	34.287282	44.771188	0	0	41.5835	35.216759	27.43888
LT934125.1	122908	+	53.567733	0	0	0	218.161985	48.806081	72.557171	0	0	303.076224	77.291699	34.372529	0	0	62.224218	0	0	261.437908	154.424255	89.682652	34.287282	84.910874	0	0	62.37525	70.433518	122.227738
LT934125.1	122909	+	362.799645	0	0	567.214974	599.94546	439.254731	478.023713	0	816.993464	909.228671	772.916989	549.960472	0	0	338.175099	0	430.663221	522.875817	514.747516	525.284102	262.86916	439.992713	0	337.353462	561.377246	593.65394	488.910951
LT934125.1	122910	+	418.802274	0	1016.776817	0	436.323971	475.859292	435.343025	0	0	303.076224	850.208688	567.146736	0	0	473.445139	762.195122	0	261.437908	514.747516	602.154946	651.458352	551.148767	0	506.030193	478.210246	674.149389	566.238703
LT934125.1	122911	+	472.370007	0	508.388409	850.822462	599.94546	402.65017	1664.546859	0	816.993464	1818.457342	2241.459267	1649.881415	0	0	519.436952	1524.390244	861.326443	522.875817	669.171771	653.402175	571.454695	660.760987	0	253.015097	582.168995	628.870699	638.577568
LT934125.1	122912	+	2921.876332	2609.262883	1525.165226	3403.289847	3490.591764	3282.208963	3670.539228	2631.578947	816.993464	2879.224125	4019.168341	4279.37992	0	2567.394095	3230.248545	762.195122	1722.652885	3921.568627	4169.454882	4753.180531	3680.168236	4084.984978	1497.005988	2277.135869	3971.224218	4427.249722	4834.231749
LT934125.1	122913	+	392.018408	0	508.388409	283.607487	163.621489	524.665373	887.758325	0	0	909.228671	1352.60473	1065.548414	0	0	300.299488	0	0	0	411.798013	448.413258	297.156441	375.151682	0	168.676731	332.667997	342.10566	371.6721
LT934125.1	122914	+	119.30995	0	0	0	109.080993	170.821284	76.82524	0	0	151.538112	77.291699	189.048912	0	0	148.797044	0	0	0	0	115.306266	125.720033	159.01491	0	84.338366	62.37525	115.712209	149.666618
LT934125.1	122915	+	11049.562327	12393.998695	7625.826131	10493.477028	14998.636488	11164.391083	12035.954212	5263.157895	4901.960784	9698.439157	11941.567476	16155.088853	0	11553.273427	11446.550749	7621.95122	10335.917313	9673.202614	13743.758686	16130.065468	11874.828564	13082.450003	3742.51497	5735.008856	13826.513639	13643.978689	15178.689469
LT934125.1	122916	+	65.742217	0	0	0	163.621489	109.813683	81.093309	0	0	0	193.229247	120.303853	0	0	89.278226	0	0	261.437908	51.474752	140.929881	114.290939	103.436883	0	0	41.5835	120.743174	97.283301
LT934125.1	122917	+	0	0	0	0	0	0	21.340344	0	0	0	38.645849	0	0	0	0	0	0	0	0	0	0	0	0	0	0	0	0
LT934125.1	122918	+	0	0	0	0	54.540496	24.403041	12.804207	0	0	0	0	0	0	0	32.464809	0	0	0	0	25.623615	0	0	0	0	0	0	0
LT934125.1	122919	+	0	0	0	0	0	0	0	0	0	0	0	0	0	0	0	0	0	0	51.474752	0	0	0	0	0	0	0	0
LT934125.1	122956	+	0	0	0	0	0	0	0	0	0	0	0	0	0	0	0	0	430.663221	0	0	0	0	0	0	0	0	0	0
LT934125.1	124451	+	0	0	0	0	0	0	0	0	0	0	0	0	0	0	0	0	0	0	51.474752	0	0	0	0	0	0	0	0
LT934125.1	124808	+	0	0	0	0	0	0	0	0	0	0	0	0	0	0	0	0	0	0	0	25.623615	0	0	0	0	0	0	0
LT934125.1	124936	+	0	0	0	0	0	0	0	0	0	0	38.645849	0	0	0	0	0	0	0	0	0	0	0	0	0	0	0	0
LT934125.1	125131	+	0	0	0	0	109.080993	0	0	0	0	0	38.645849	34.372529	0	0	0	0	0	0	0	0	22.858188	24.701345	0	0	0	0	0
LT934125.1	125207	+	0	0	0	0	0	0	0	0	0	0	38.645849	0	0	0	0	0	0	0	0	0	0	0	0	0	0	0	0
LT934125.1	125220	+	0	0	0	0	54.540496	0	0	0	0	0	0	0	0	0	0	0	0	0	51.474752	0	22.858188	0	0	0	0	0	19.955549
LT934125.1	125221	+	0	0	0	0	0	0	0	0	0	0	38.645849	0	0	0	0	0	0	0	0	0	0	0	0	0	0	0	0
LT934125.1	125222	+	0	0	0	0	0	0	0	0	0	0	0	0	0	0	0	0	0	0	0	25.623615	0	0	0	0	41.5835	0	17.461105
LT934125.1	125223	+	0	0	0	0	54.540496	0	38.41262	0	0	0	193.229247	0	0	0	35.17021	0	0	0	0	64.059037	0	35.508184	0	0	0	30.185794	44.899985
LT934125.1	125224	+	0	0	0	0	0	0	17.072275	0	0	151.538112	38.645849	0	0	0	0	0	0	0	0	0	57.14547	32.420516	0	0	0	25.154828	29.933324
LT934125.1	125225	+	409.062686	652.315721	1016.776817	850.822462	709.026452	573.471455	734.107846	0	816.993464	909.228671	1391.25058	859.313237	0	1283.697047	611.420579	762.195122	861.326443	1307.189542	669.171771	666.213983	720.032916	608.270628	0	759.04529	519.793746	729.490011	910.471924
LT934125.1	125226	+	24.348969	0	0	0	0	48.806081	119.505928	2631.578947	0	303.076224	38.645849	51.558794	0	0	40.581012	0	0	0	51.474752	0	34.287282	29.332848	0	0	0	65.402553	42.405542
LT934125.1	125227	+	392.018408	0	0	283.607487	545.404963	390.44865	896.294463	0	0	757.690559	734.271139	962.430825	0	0	462.623535	0	0	2091.503268	308.84851	538.095909	514.309226	524.903588	0	506.030193	561.377246	719.42808	780.760855
LT934125.1	125228	+	545.416915	1304.631442	0	283.607487	436.323971	756.494259	742.643983	0	0	454.614336	386.458494	756.195648	0	1283.697047	573.544968	762.195122	0	2091.503268	205.899007	435.60145	560.025601	456.974888	748.502994	506.030193	623.752495	633.901665	678.488666
LT934125.1	125229	+	511.328358	1304.631442	1016.776817	283.607487	709.026452	597.874495	1276.152592	2631.578947	0	1363.843007	1159.375483	1013.989619	0	1283.697047	549.196361	762.195122	430.663221	522.875817	360.323261	474.036872	560.025601	541.885762	748.502994	1012.060386	706.919494	593.65394	740.849757
LT934125.1	125230	+	8078.988057	11741.682975	8134.21454	10209.869541	8944.641396	9090.132631	9099.52283	7894.736842	21241.830065	6516.138809	6183.33591	11102.32702	0	6418.485237	10691.743928	13719.512195	13350.559862	15163.398693	8338.909765	9122.006842	12069.12316	10197.024105	4491.017964	11132.664249	10291.916168	11380.044172	16745.200067
LT934125.1	125231	+	60.872424	0	0	0	109.080993	24.403041	38.41262	0	0	151.538112	115.937548	68.745059	0	0	32.464809	0	0	0	0	64.059037	45.716376	41.68352	0	337.353462	62.37525	30.185794	67.349978
LT934125.1	125232	+	141.224023	0	0	0	218.161985	170.821284	332.909372	0	1633.986928	0	347.812645	360.911559	0	1283.697047	240.78067	0	0	522.875817	154.424255	204.988918	285.727348	296.416144	0	590.368559	249.500998	362.229523	434.033191
LT934125.1	125233	+	97.395878	0	0	283.607487	54.540496	48.806081	102.433653	0	0	454.614336	77.291699	171.862647	0	0	105.510631	762.195122	0	522.875817	205.899007	89.682652	125.720033	123.506726	0	0	166.333999	140.867037	194.566603
LT934125.1	125234	+	0	0	0	0	0	24.403041	0	0	0	0	38.645849	0	0	0	0	0	0	0	0	0	0	16.982175	0	0	0	0	14.966662
LT934125.1	125235	+	46.263042	652.315721	0	283.607487	0	61.007602	42.680689	0	816.993464	0	77.291699	34.372529	0	0	40.581012	0	0	0	51.474752	38.435422	45.716376	112.699888	0	168.676731	187.125749	125.77414	199.55549
LT934125.1	125239	+	0	0	0	0	0	0	0	0	0	0	0	0	0	0	0	0	0	0	0	0	22.858188	0	0	0	0	0	0
LT934125.1	125242	+	0	0	0	0	109.080993	0	25.608413	0	0	0	38.645849	0	0	0	0	0	0	261.437908	0	0	45.716376	21.613677	0	0	0	20.123862	27.43888
LT934125.1	125618	+	0	0	0	0	0	0	0	0	0	0	0	0	0	0	0	0	0	0	0	0	0	0	0	84.338366	0	0	0
LT934125.1	125876	+	0	0	0	0	0	0	0	0	0	0	0	0	0	0	0	0	0	0	51.474752	0	0	0	0	0	0	0	0
LT934125.1	126135	+	0	0	0	0	0	0	0	0	0	151.538112	38.645849	0	0	0	0	0	0	0	0	0	0	0	0	0	0	0	0
LT934125.1	126136	+	0	0	0	0	0	0	0	0	0	0	38.645849	0	0	0	0	0	0	0	0	0	0	0	0	0	0	0	0
LT934125.1	126137	+	0	0	0	0	0	0	17.072275	0	0	151.538112	0	0	0	0	13.527004	0	0	0	0	0	0	18.526009	0	0	0	20.123862	14.966662
LT934125.1	126138	+	0	0	0	0	0	0	12.804207	0	0	0	77.291699	0	0	0	0	0	0	0	0	0	0	9.263004	0	0	0	0	0
LT934125.1	126139	+	14.609382	0	0	0	54.540496	24.403041	34.144551	0	0	0	38.645849	0	0	0	24.348607	0	0	0	51.474752	25.623615	0	21.613677	0	0	0	30.185794	24.944436
LT934125.1	126140	+	0	0	0	0	0	0	34.144551	0	0	0	0	0	0	0	0	0	0	0	0	0	22.858188	20.069843	0	0	0	30.185794	14.966662
LT934125.1	126141	+	46.263042	0	0	283.607487	54.540496	24.403041	81.093309	0	816.993464	151.538112	77.291699	85.931324	0	0	13.527004	0	0	261.437908	51.474752	51.247229	22.858188	29.332848	0	168.676731	41.5835	35.216759	17.461105
LT934125.1	126142	+	82.786496	0	0	283.607487	54.540496	146.418244	59.752964	0	0	151.538112	77.291699	68.745059	0	0	32.464809	0	0	0	51.474752	51.247229	45.716376	52.490359	0	337.353462	103.958749	50.309656	42.405542
LT934125.1	126143	+	155.833404	0	0	567.214974	109.080993	158.619764	149.38241	0	816.993464	151.538112	347.812645	171.862647	0	0	105.510631	0	0	0	51.474752	140.929881	148.578221	162.102579	0	84.338366	41.5835	130.805105	124.722181
LT934125.1	126144	+	121.744847	0	1016.776817	0	163.621489	146.418244	145.114342	0	0	454.614336	579.687742	171.862647	0	0	100.099829	762.195122	0	0	102.949503	89.682652	102.861845	114.243722	0	253.015097	62.37525	95.588346	102.272189
LT934125.1	126145	+	172.877683	652.315721	508.388409	567.214974	381.783474	231.828886	281.692545	0	816.993464	303.076224	463.750193	137.490118	0	1283.697047	132.564639	762.195122	0	0	205.899007	409.977836	125.720033	217.680605	0	168.676731	124.750499	145.898002	189.577716
LT934125.1	126146	+	991.003056	1304.631442	508.388409	1134.429949	927.188437	1049.330747	755.44819	2631.578947	816.993464	1363.843007	1429.896429	1134.293473	0	0	643.885388	0	430.663221	522.875817	514.747516	717.461212	594.312883	685.462332	0	590.368559	602.960745	608.746837	616.127576
LT934125.1	126147	+	318.9715	652.315721	1016.776817	850.822462	763.566948	305.038008	1587.721619	0	1633.986928	1515.381118	1700.417375	1856.116592	0	1283.697047	221.842865	1524.390244	430.663221	1568.627451	669.171771	512.472294	194.294596	237.750448	0	253.015097	353.459747	201.238624	194.566603
LT934125.1	126148	+	5266.682088	3913.894325	5083.884087	4537.719796	5617.671121	5417.475017	7541.677693	15789.473684	3267.973856	7122.291256	11168.650487	8747.808751	0	3851.091142	4363.811477	4573.170732	2583.979328	4967.320261	4478.303392	4522.567999	3885.891926	3178.754373	2994.011976	5566.332124	4407.850965	3345.592119	2232.527046
LT934125.1	126149	+	3749.741292	1956.947162	3558.718861	5104.93477	4090.537224	4258.330588	7170.355701	2631.578947	8169.934641	8940.748598	13526.047303	8215.034544	0	2567.394095	3086.862303	3810.97561	3875.968992	3921.568627	3037.010346	3830.730401	2857.273475	2207.682736	748.502994	4048.241545	2827.677977	2183.439067	1711.188328
LT934125.1	126150	+	3175.105614	5870.841487	2541.942044	2836.074872	3490.591764	3184.596801	6278.329307	7894.736842	3267.973856	15002.273072	18588.653579	8077.544426	0	0	2643.176573	3048.780488	1722.652885	4705.882353	2264.889072	2600.796894	2548.68794	1881.933745	2245.508982	3542.211352	2723.719228	1760.837958	1431.810642
LT934125.1	126151	+	39550.031045	36529.680365	38129.130656	38003.40329	38014.725934	38495.796576	35881.654986	39473.684211	17973.856209	38490.680406	47070.644613	51129.137593	83333.333333	41078.30552	31423.230194	38871.95122	40051.679587	35816.993464	25634.426314	28339.717884	30298.527933	22655.76514	11227.54491	28928.059374	24263.972056	19661.013538	19925.615691
LT934125.1	126152	+	379.843923	1304.631442	508.388409	283.607487	163.621489	512.463853	512.168264	0	816.993464	757.690559	463.750193	274.980236	0	0	378.756111	0	0	261.437908	360.323261	320.295184	262.86916	220.768274	0	253.015097	270.292748	171.05283	222.005483
LT934125.1	126153	+	0	0	0	0	0	24.403041	46.948758	0	0	0	154.583398	34.372529	0	0	0	0	0	0	0	0	0	0	0	0	0	0	0
LT934125.1	126154	+	219.140725	0	0	0	272.702482	146.418244	200.599237	0	0	454.614336	77.291699	189.048912	0	2567.394095	162.324047	0	0	0	154.424255	217.800725	217.152784	145.120404	0	84.338366	166.333999	135.836071	132.205512
LT934125.1	126156	+	21.914072	0	0	0	0	24.403041	29.876482	0	0	151.538112	77.291699	51.558794	0	0	0	0	0	0	0	38.435422	0	15.438341	0	0	0	15.092897	12.472218
LT934125.1	126158	+	0	0	0	0	0	0	0	0	0	0	0	0	0	0	0	0	0	0	0	0	22.858188	0	0	0	0	0	0
LT934125.1	126172	+	0	652.315721	0	0	0	0	0	0	0	0	0	0	0	0	0	0	0	0	0	0	0	0	0	0	0	0	0
LT934125.1	126457	+	12.174485	0	0	0	0	0	12.804207	0	0	151.538112	38.645849	0	0	0	13.527004	0	0	0	0	0	0	0	0	0	0	0	0
LT934125.1	126458	+	0	0	0	0	0	0	0	0	0	0	0	0	0	0	0	0	0	0	0	25.623615	0	0	0	0	0	0	0
LT934125.1	126459	+	0	0	0	0	0	61.007602	17.072275	0	0	0	115.937548	0	0	0	0	0	0	0	0	0	0	0	0	0	0	0	0
LT934125.1	126460	+	0	0	0	0	0	0	0	0	0	0	77.291699	0	0	0	0	0	0	0	0	0	0	0	0	0	0	0	0
LT934125.1	126462	+	70.612011	652.315721	0	0	0	97.612162	76.82524	0	0	0	347.812645	85.931324	0	1283.697047	45.991813	0	0	0	154.424255	115.306266	80.003657	0	0	0	0	0	12.472218
LT934125.1	126464	+	0	0	0	0	0	0	0	0	0	0	0	34.372529	0	0	0	0	0	0	0	0	0	0	0	0	0	0	0
LT934125.1	126466	+	0	0	0	0	0	0	0	0	0	151.538112	0	0	0	0	0	0	0	0	0	0	0	0	0	0	0	0	0
LT934125.1	126467	+	0	0	0	0	0	36.604561	12.804207	0	0	0	38.645849	0	0	0	0	0	0	0	0	0	0	0	0	0	0	0	0
LT934125.1	126561	+	0	0	0	0	0	0	0	0	0	0	38.645849	0	0	0	0	0	0	0	0	0	0	0	0	0	0	0	0
LT934125.1	126576	+	0	0	0	0	0	0	0	0	0	0	38.645849	0	0	0	0	0	0	0	0	0	0	0	0	0	0	0	0
LT934125.1	127001	+	0	0	0	0	0	0	0	0	0	0	0	0	0	0	0	0	0	0	51.474752	0	0	0	0	0	0	0	0
LT934125.1	127069	+	0	0	0	0	0	0	0	0	0	0	0	0	0	0	0	0	0	261.437908	0	0	0	0	0	0	0	0	0
LT934125.1	127109	+	0	0	0	0	0	0	0	0	0	0	0	0	0	0	0	0	0	0	0	0	0	0	0	0	0	30.185794	0
LT934125.1	127110	+	48.697939	0	0	0	54.540496	61.007602	0	0	0	151.538112	0	34.372529	0	0	67.63502	0	0	522.875817	257.373758	217.800725	45.716376	40.139686	0	0	166.333999	196.207658	72.338865
LT934125.1	127111	+	0	0	0	0	0	0	0	0	0	0	38.645849	0	0	0	0	0	0	0	0	0	0	0	0	0	0	0	0
LT934125.1	127114	+	0	0	0	0	0	36.604561	0	0	0	0	38.645849	0	0	0	0	0	0	0	51.474752	0	22.858188	0	0	0	0	15.092897	0
LT934125.1	127115	+	0	0	0	0	0	0	0	0	0	0	0	0	0	0	0	0	0	0	0	25.623615	0	0	0	0	0	15.092897	0
LT934125.1	127116	+	211.836034	652.315721	508.388409	283.607487	272.702482	610.076015	38.41262	0	0	303.076224	154.583398	103.117588	0	0	175.851051	0	430.663221	522.875817	205.899007	217.800725	205.72369	71.016368	0	421.691828	228.709248	362.229523	269.399912
LT934125.1	127117	+	0	0	0	0	0	0	0	0	0	0	0	0	0	0	0	0	0	261.437908	0	38.435422	0	0	0	0	0	15.092897	14.966662
LT934125.1	127118	+	0	0	0	0	0	0	0	0	0	0	38.645849	0	0	0	0	0	0	0	0	0	0	0	0	0	0	0	0
LT934125.1	127119	+	14.609382	0	0	0	0	0	0	0	0	0	0	0	0	0	0	0	0	0	51.474752	0	0	0	0	0	0	0	0
LT934125.1	127131	+	26.783866	0	0	567.214974	163.621489	48.806081	0	0	0	0	77.291699	34.372529	0	0	24.348607	0	0	0	51.474752	25.623615	22.858188	10.806839	0	0	62.37525	30.185794	19.955549
LT934125.1	127174	+	12.174485	0	0	0	0	0	0	0	0	0	0	0	0	0	0	0	0	261.437908	51.474752	0	0	0	0	0	0	0	12.472218
LT934125.1	127189	+	0	0	0	0	0	0	0	0	0	0	0	0	0	0	0	0	0	0	0	0	0	0	0	0	41.5835	0	0
LT934125.1	127252	+	0	0	0	0	0	0	0	0	0	0	0	0	0	0	0	0	0	0	0	25.623615	0	0	0	0	0	0	0
LT934125.1	127362	+	0	0	0	0	0	0	0	0	0	0	0	0	0	0	0	0	0	0	51.474752	0	0	0	0	0	0	0	0
LT934125.1	127363	+	0	0	0	0	0	0	0	0	0	0	38.645849	0	0	0	0	0	0	0	0	0	0	0	0	0	0	0	0
LT934125.1	127464	+	0	0	0	0	0	0	0	0	0	0	0	0	0	0	0	0	0	0	0	0	0	9.263004	0	0	0	20.123862	19.955549
LT934125.1	127553	+	0	0	0	0	0	0	0	0	0	0	0	0	0	0	0	0	0	0	0	0	0	0	0	84.338366	0	0	0
LT934125.1	127618	+	0	0	0	0	54.540496	0	0	0	0	0	0	0	0	0	0	0	0	0	0	0	0	0	0	0	0	0	0
LT934125.1	127642	+	0	0	0	0	0	0	0	0	0	0	0	0	0	0	0	0	0	0	0	0	0	0	0	0	0	0	12.472218
LT934125.1	127693	+	0	0	0	0	0	0	0	0	0	0	0	0	0	0	0	0	0	0	0	0	0	0	0	84.338366	0	0	0
LT934125.1	127750	+	0	0	0	0	0	0	0	0	0	0	0	0	0	0	0	0	0	0	0	0	0	0	0	0	0	25.154828	0
LT934125.1	127837	+	0	0	0	0	0	0	0	0	0	0	0	0	0	0	0	0	0	261.437908	0	0	0	0	0	0	0	0	0
LT934125.1	128004	+	0	0	0	0	0	0	0	0	0	151.538112	0	0	0	0	0	0	0	0	0	0	0	0	0	0	0	0	0
LT934125.1	128130	+	0	0	0	0	54.540496	0	0	0	0	0	0	0	0	0	0	0	0	0	0	0	0	0	0	0	0	0	0
LT934125.1	128732	+	0	0	0	0	0	0	0	0	0	0	0	0	0	0	0	0	0	0	0	0	0	0	0	0	0	15.092897	0
LT934125.1	129801	+	0	0	0	0	0	0	0	0	0	0	38.645849	0	0	0	0	0	0	0	0	0	0	0	0	0	0	0	0
LT934125.1	131296	+	0	0	0	0	0	0	0	0	0	0	0	0	0	0	0	0	0	0	51.474752	0	0	0	0	0	0	0	0
LT934125.1	131952	+	0	0	0	0	0	0	0	0	0	0	0	0	0	0	0	0	430.663221	0	0	0	0	0	0	0	0	0	0
LT934125.1	133508	+	0	0	0	0	54.540496	0	0	0	0	0	0	0	0	0	0	0	0	0	0	0	0	0	0	0	0	0	0
LT934125.1	133509	+	0	0	0	0	0	36.604561	25.608413	0	0	0	38.645849	68.745059	0	0	13.527004	762.195122	0	261.437908	102.949503	38.435422	22.858188	0	748.502994	421.691828	0	25.154828	0
LT934125.1	133510	+	0	0	0	0	0	0	0	0	0	0	0	0	16666.666667	0	0	0	0	0	0	0	0	0	0	0	0	0	0
LT934125.1	133512	+	0	0	0	0	0	0	0	0	0	0	0	0	0	0	0	0	0	261.437908	0	0	0	0	0	337.353462	0	0	0
LT934125.1	133513	+	0	0	0	0	0	0	0	0	0	0	0	0	0	0	0	0	0	0	0	25.623615	0	0	0	0	41.5835	0	0
LT934125.1	133514	+	0	0	0	0	0	0	17.072275	0	0	151.538112	38.645849	0	0	0	18.937806	762.195122	0	0	0	25.623615	0	0	0	421.691828	0	25.154828	0
LT934125.1	133515	+	0	0	0	0	0	0	0	0	0	0	0	34.372529	0	0	0	762.195122	0	0	0	0	0	0	0	84.338366	41.5835	0	0
LT934125.1	134400	+	0	0	0	0	0	0	0	0	0	0	38.645849	0	0	0	0	0	0	0	0	0	0	0	0	0	0	0	0
LT934125.1	134854	+	0	0	0	0	0	0	0	0	0	0	38.645849	0	0	0	0	0	0	0	0	0	0	0	0	0	0	0	0
LT934125.1	134958	+	0	0	0	0	0	0	0	0	0	0	0	0	0	0	0	0	0	0	51.474752	0	0	0	0	0	0	0	0
LT934125.1	135216	+	0	0	0	0	0	0	0	0	0	0	0	0	0	0	0	0	0	0	51.474752	0	0	0	0	0	0	0	0
LT934125.1	135485	+	0	0	0	0	0	0	0	0	0	0	38.645849	0	0	0	0	0	0	0	0	0	0	0	0	0	0	0	0
LT934125.1	135580	+	0	0	0	0	0	0	0	0	0	0	0	0	0	0	0	0	0	0	0	25.623615	0	0	0	0	0	0	0
LT934125.1	136215	+	0	0	0	0	54.540496	0	0	0	0	0	0	0	0	0	0	0	0	0	0	0	0	0	0	0	0	0	0
LT934125.1	136599	+	0	0	0	0	54.540496	0	0	0	0	0	0	0	0	0	0	0	0	0	0	0	0	0	0	0	0	0	0
LT934125.1	136688	+	0	0	0	0	0	0	0	0	0	0	0	0	0	0	0	0	0	0	0	0	0	0	0	84.338366	0	0	0
LT934125.1	137655	+	0	0	0	0	54.540496	0	0	0	0	0	0	0	0	0	0	0	0	0	0	0	0	0	0	0	0	0	0
LT934125.1	138326	+	0	0	0	0	0	0	0	0	0	0	0	0	0	0	0	0	0	0	0	0	0	0	748.502994	0	0	0	0
LT934125.1	141344	+	0	0	0	0	0	0	0	0	0	0	0	0	0	0	0	0	0	261.437908	51.474752	25.623615	22.858188	0	0	0	0	0	0
LT934125.1	141345	+	0	0	0	0	0	0	0	0	0	0	0	0	0	0	0	0	0	0	0	0	0	0	1497.005988	0	0	0	0
LT934125.1	141347	+	12.174485	0	0	0	0	0	0	0	0	0	38.645849	34.372529	0	0	0	0	0	0	0	51.247229	22.858188	0	0	0	0	15.092897	17.461105
LT934125.1	141348	+	0	0	0	0	0	0	0	0	0	0	0	0	0	0	0	0	0	0	0	0	0	0	748.502994	84.338366	0	0	0
LT934125.1	141349	+	26.783866	0	0	283.607487	0	85.410642	0	0	0	151.538112	38.645849	0	0	0	21.643206	0	0	0	51.474752	25.623615	34.287282	0	1497.005988	84.338366	41.5835	45.27869	14.966662
LT934125.1	141350	+	102.265672	0	0	0	54.540496	122.015203	102.433653	0	0	303.076224	270.520946	120.303853	0	0	135.27004	1524.390244	0	0	205.899007	140.929881	102.861845	32.420516	10479.041916	253.015097	187.125749	140.867037	104.766632
LT934125.1	141351	+	119.30995	0	0	0	54.540496	109.813683	38.41262	0	0	0	38.645849	137.490118	0	0	81.162024	0	0	0	51.474752	89.682652	148.578221	27.789013	2994.011976	759.04529	83.166999	115.712209	82.31664
LT934125.1	141352	+	216.705828	0	0	0	163.621489	207.425845	337.177441	2631.578947	0	454.614336	695.62529	515.587942	0	0	192.083456	0	0	0	154.424255	166.553496	262.86916	46.315022	11227.54491	674.706924	249.500998	296.82697	182.094385
LT934125.1	141353	+	411.497583	0	0	283.607487	163.621489	390.44865	401.198474	2631.578947	0	303.076224	811.562838	429.656618	0	0	294.888686	762.195122	861.326443	261.437908	308.84851	422.789643	411.44738	86.454709	17964.071856	1096.398752	499.001996	482.972697	331.761002
LT934125.1	141354	+	306.797015	652.315721	508.388409	0	163.621489	305.038008	584.725435	2631.578947	816.993464	454.614336	502.396043	773.381913	16666.666667	0	267.834678	3048.780488	861.326443	522.875817	360.323261	281.859762	342.872817	69.472534	14221.556886	1265.075483	415.834997	337.074695	241.961032
LT934125.1	141355	+	43.828145	0	0	0	0	73.209122	72.557171	0	0	0	0	68.745059	0	0	35.17021	0	0	0	0	38.435422	68.574563	13.894507	2245.508982	84.338366	41.5835	40.247725	52.383316
LT934125.1	141356	+	5848.622457	7827.78865	2541.942044	3119.68236	2672.48432	5527.2887	3879.674602	28947.368421	4901.960784	4394.605243	5642.294018	6238.6141	16666.666667	8985.879332	5627.233647	15243.902439	3875.968992	5228.75817	7206.465229	7341.165618	6103.136143	1576.254597	206586.826347	18554.440415	8087.990685	6806.896448	6358.336805
LT934125.1	141357	+	51.132836	0	0	0	0	24.403041	46.948758	0	0	0	77.291699	68.745059	0	0	43.286413	0	0	0	51.474752	64.059037	57.14547	13.894507	1497.005988	168.676731	103.958749	105.650277	64.855534
LT934125.1	141358	+	48.697939	0	0	0	0	85.410642	110.969791	0	0	0	193.229247	51.558794	0	0	35.17021	0	0	0	102.949503	76.870844	102.861845	15.438341	748.502994	168.676731	83.166999	95.588346	57.372203
LT934125.1	141359	+	1188.229708	2609.262883	0	0	436.323971	1037.129226	708.499432	2631.578947	0	1212.304895	1275.313031	1254.597326	16666.666667	0	1144.384535	3048.780488	430.663221	261.437908	1132.444536	1127.439048	1622.931334	253.188789	35928.143713	2614.489331	1226.71324	1197.369811	1060.138541
LT934125.1	141360	+	97.395878	0	0	0	54.540496	61.007602	64.021033	0	0	0	0	154.676383	16666.666667	0	94.689028	0	0	0	0	76.870844	45.716376	27.789013	2994.011976	168.676731	124.750499	105.650277	124.722181
LT934125.1	141361	+	19.479176	0	0	0	54.540496	36.604561	0	0	0	0	0	0	0	0	0	0	0	0	0	25.623615	0	0	0	0	0	15.092897	12.472218
LT934125.1	141376	+	0	0	0	0	0	0	0	0	0	0	0	0	0	0	0	0	0	261.437908	0	0	0	0	0	0	0	0	0
LT934125.1	141380	+	0	0	0	0	0	0	0	0	0	0	0	0	0	0	0	0	0	0	51.474752	0	0	0	0	0	0	0	0
LT934125.1	141404	+	0	0	0	0	0	0	0	0	0	0	0	0	0	0	0	0	0	0	0	0	0	0	0	84.338366	0	0	0
LT934125.1	142452	+	0	0	0	0	0	0	0	0	0	0	0	0	0	0	0	0	0	0	51.474752	0	0	0	0	0	0	0	0
LT934125.1	990	-	14.609382	0	0	0	0	36.604561	0	0	0	0	0	0	0	0	27.054008	0	0	0	0	25.623615	0	0	0	0	0	0	0
LT934125.1	1521	-	0	0	0	0	0	0	0	0	0	0	0	0	0	0	0	0	0	0	51.474752	0	0	0	0	0	0	0	0
LT934125.1	2440	-	0	0	0	0	0	0	0	0	0	0	0	0	0	0	0	0	0	0	0	0	0	0	0	84.338366	0	0	0
LT934125.1	2495	-	0	0	0	0	0	0	0	0	0	151.538112	0	0	0	0	0	0	0	0	0	0	0	0	0	0	0	0	0
LT934125.1	2576	-	0	652.315721	0	0	0	0	0	0	0	0	0	0	0	0	0	0	0	0	0	0	0	0	0	0	0	0	0
LT934125.1	2754	-	0	0	0	0	54.540496	0	0	0	0	0	0	0	0	0	0	0	0	0	0	0	0	0	0	0	0	0	0
LT934125.1	2774	-	0	0	0	0	0	0	0	0	0	0	0	0	0	0	0	0	0	0	0	0	0	0	0	0	41.5835	0	0
LT934125.1	2776	-	0	0	0	0	0	0	0	0	816.993464	0	0	0	0	0	0	0	0	0	0	0	0	0	0	0	0	0	0
LT934125.1	2777	-	0	0	0	0	0	0	17.072275	0	0	0	38.645849	85.931324	0	0	0	0	0	0	0	0	0	0	0	84.338366	0	30.185794	19.955549
LT934125.1	2778	-	6545.002983	25440.313112	19827.147941	11344.29949	14453.231524	13543.687543	6077.73007	13157.894737	20424.836601	11365.358388	9390.941413	11446.052315	33333.333333	33376.123235	5895.068325	28963.414634	21533.161068	27450.980392	11272.970608	11607.49747	12080.552254	3359.38296	11227.54491	22602.68196	15593.812375	10831.668922	7929.83629
LT934125.1	2779	-	129.049538	0	508.388409	283.607487	436.323971	329.441048	503.632127	2631.578947	816.993464	909.228671	734.271139	601.519266	0	3851.091142	91.983627	762.195122	430.663221	1568.627451	154.424255	128.118074	194.294596	47.858857	748.502994	759.04529	228.709248	166.021865	102.272189
LT934125.1	2780	-	618.463824	2609.262883	4575.495679	850.822462	1799.836379	1293.361153	909.098669	2631.578947	4084.96732	3030.762237	2511.980213	1856.116592	0	1283.697047	527.553154	1524.390244	3014.64255	1307.189542	926.545529	973.697359	1051.476639	294.872309	1497.005988	2698.827697	1081.170991	815.016426	513.855387
LT934125.1	2781	-	355.494954	2609.262883	1525.165226	1418.037436	1308.971912	988.323145	738.375914	2631.578947	2450.980392	1818.457342	1623.125676	1220.224796	0	0	278.656282	3048.780488	430.663221	1830.065359	669.171771	614.966753	720.032916	203.786099	748.502994	1096.398752	1164.337991	563.468146	421.560973
LT934125.1	2782	-	141.224023	1956.947162	1016.776817	283.607487	381.783474	268.433447	128.042066	0	0	303.076224	38.645849	274.980236	0	0	148.797044	0	861.326443	784.313725	360.323261	397.166028	274.298254	94.173879	0	1180.737117	519.793746	377.322419	222.005483
LT934125.1	2783	-	43.828145	1304.631442	0	0	109.080993	85.410642	21.340344	0	0	151.538112	38.645849	34.372529	0	0	43.286413	0	430.663221	261.437908	102.949503	76.870844	114.290939	23.157511	0	253.015097	145.542249	100.619312	39.911098
LT934125.1	2784	-	0	0	0	0	0	0	0	0	0	0	0	0	0	0	0	0	0	0	0	0	34.287282	0	0	0	0	0	0
LT934125.1	2785	-	46.263042	0	508.388409	0	54.540496	207.425845	34.144551	0	0	454.614336	425.104344	51.558794	0	0	59.518817	0	0	261.437908	154.424255	76.870844	91.432751	32.420516	0	337.353462	187.125749	115.712209	74.833309
LT934125.1	2786	-	0	0	0	0	54.540496	0	0	0	0	0	0	34.372529	0	0	0	0	0	0	51.474752	0	22.858188	0	0	84.338366	0	20.123862	0
LT934125.1	2788	-	0	0	0	0	0	0	0	0	0	0	0	0	0	0	0	0	0	0	0	0	0	0	0	0	41.5835	0	0
LT934125.1	2790	-	0	0	0	0	0	0	0	0	0	0	38.645849	0	0	0	0	0	0	0	51.474752	0	0	0	0	0	0	0	0
LT934125.1	3874	-	0	0	0	0	0	0	0	0	0	0	38.645849	0	0	0	0	0	0	0	0	0	0	0	0	0	0	0	0
LT934125.1	5410	-	0	0	0	0	54.540496	0	0	0	0	0	0	0	0	0	0	0	0	0	0	0	0	0	0	0	0	0	0
LT934125.1	8469	-	0	652.315721	0	0	0	0	0	0	0	0	0	0	0	0	0	0	0	0	0	0	0	0	0	0	0	0	0
LT934125.1	8481	-	0	0	0	0	0	0	0	0	0	151.538112	0	0	0	0	0	0	0	0	0	0	0	0	0	0	0	0	0
LT934125.1	8485	-	0	0	0	0	54.540496	0	0	0	0	0	0	0	0	0	0	0	0	0	0	0	0	0	0	0	0	0	0
LT934125.1	8486	-	0	652.315721	0	0	0	0	0	0	0	0	77.291699	34.372529	0	0	0	0	0	0	51.474752	38.435422	0	0	0	0	0	20.123862	14.966662
LT934125.1	8487	-	3133.712366	15655.577299	14743.263854	10493.477028	8835.560404	7003.672658	5283.869261	26315.789474	26960.784314	15911.501743	8076.982532	7390.093837	0	8985.879332	3035.459688	12195.121951	10766.580534	12810.457516	9677.253307	6034.361267	4457.346622	1801.654373	2245.508982	11891.709539	10645.375915	5559.216981	3217.832279
LT934125.1	8488	-	41.393248	652.315721	508.388409	283.607487	218.161985	85.410642	132.310135	0	0	0	77.291699	189.048912	0	1283.697047	54.108016	0	0	261.437908	205.899007	89.682652	0	43.227354	0	337.353462	103.958749	85.526415	59.866647
LT934125.1	8489	-	284.882942	0	0	283.607487	709.026452	549.068414	926.170945	0	2450.980392	3182.300349	1893.646622	1082.734678	0	3851.091142	165.029448	762.195122	861.326443	784.313725	411.798013	448.413258	274.298254	129.682063	748.502994	927.722021	665.335995	271.672142	142.183287
LT934125.1	8490	-	421.237171	1304.631442	2541.942044	567.214974	1199.890919	1012.726186	490.82792	0	1633.986928	1515.381118	541.041892	635.891795	0	5134.78819	324.648095	762.195122	861.326443	1045.751634	1235.394039	794.332056	480.021944	217.680605	0	1686.76731	1580.172987	815.016426	416.572086
LT934125.1	8491	-	36.523454	0	0	0	0	24.403041	119.505928	5263.157895	0	151.538112	347.812645	189.048912	0	0	0	1524.390244	0	261.437908	0	76.870844	0	13.894507	0	168.676731	62.37525	20.123862	19.955549
LT934125.1	8492	-	77.916702	0	1016.776817	283.607487	381.783474	305.038008	145.114342	0	0	757.690559	425.104344	206.235177	0	0	91.983627	0	0	261.437908	257.373758	204.988918	137.149127	52.490359	0	674.706924	332.667997	216.331521	94.788858
LT934125.1	8493	-	36.523454	0	0	0	218.161985	24.403041	145.114342	0	816.993464	0	193.229247	120.303853	0	0	21.643206	0	0	261.437908	102.949503	38.435422	22.858188	18.526009	0	84.338366	103.958749	60.371587	14.966662
LT934125.1	8494	-	19.479176	0	508.388409	0	54.540496	24.403041	38.41262	0	0	757.690559	193.229247	68.745059	0	0	13.527004	0	0	0	102.949503	25.623615	34.287282	9.263004	0	0	83.166999	15.092897	24.944436
LT934125.1	8495	-	0	0	0	0	0	24.403041	25.608413	0	816.993464	303.076224	77.291699	0	0	0	13.527004	0	0	0	0	0	0	0	0	0	0	20.123862	0
LT934125.1	8496	-	0	0	0	0	0	0	0	0	0	0	38.645849	0	0	0	0	0	0	0	0	0	0	0	0	0	0	0	0
LT934125.1	8497	-	0	0	0	0	0	0	0	0	0	0	0	34.372529	0	0	0	0	0	0	0	0	0	0	0	0	0	0	0
LT934125.1	8498	-	0	0	0	0	0	0	0	0	0	0	0	0	0	0	0	0	0	0	0	0	0	0	0	0	41.5835	0	0
LT934125.1	8499	-	0	0	0	0	0	24.403041	0	0	0	151.538112	38.645849	0	0	0	0	0	0	0	0	0	34.287282	13.894507	0	84.338366	103.958749	20.123862	0
LT934125.1	8501	-	0	0	0	0	0	0	0	0	0	0	0	0	0	0	0	0	0	0	0	0	45.716376	0	0	0	0	0	0
LT934125.1	8502	-	0	0	0	0	0	0	0	0	0	151.538112	0	0	0	0	0	0	0	0	51.474752	0	0	0	0	0	0	0	0
LT934125.1	8521	-	0	0	0	0	54.540496	0	0	0	0	0	0	0	0	0	0	0	0	0	0	0	0	0	0	0	0	0	0
LT934125.1	9270	-	0	0	0	0	0	36.604561	0	0	0	0	0	0	0	0	0	0	0	0	0	0	0	10.806839	0	0	41.5835	0	14.966662
LT934125.1	9643	-	0	0	0	0	0	0	0	0	0	0	38.645849	0	0	0	0	0	0	0	0	0	0	0	0	0	0	0	0
LT934125.1	9644	-	0	0	0	0	0	0	0	0	0	0	0	0	0	0	0	0	0	0	0	0	0	10.806839	0	0	0	15.092897	0
LT934125.1	10436	-	0	0	0	0	0	0	0	0	0	151.538112	0	0	0	0	0	0	0	0	0	0	0	0	0	0	0	0	0
LT934125.1	12905	-	0	0	0	0	54.540496	0	0	0	0	0	0	0	0	0	0	0	0	0	0	0	0	0	0	0	0	0	0
LT934125.1	14904	-	0	0	0	0	0	0	0	0	0	0	38.645849	0	0	0	0	0	0	0	0	0	0	0	0	0	0	0	0
LT934125.1	16417	-	0	0	0	0	0	0	0	0	0	0	0	0	0	1283.697047	0	0	0	0	0	0	0	0	0	0	0	0	0
LT934125.1	16511	-	0	0	0	0	0	0	0	0	0	0	38.645849	0	0	0	0	0	0	0	51.474752	0	0	0	0	0	0	0	0
LT934125.1	16565	-	0	0	0	0	0	0	0	0	0	0	0	0	0	0	0	0	0	0	0	0	0	0	0	84.338366	0	0	0
LT934125.1	16578	-	0	0	0	0	0	0	0	0	0	0	0	0	0	0	0	0	0	0	51.474752	0	0	13.894507	0	0	0	15.092897	17.461105
LT934125.1	16579	-	70.612011	0	508.388409	0	54.540496	122.015203	68.289102	0	0	0	77.291699	85.931324	0	0	78.456623	0	0	0	102.949503	38.435422	80.003657	120.419058	0	0	0	35.216759	137.194399
LT934125.1	16580	-	172.877683	0	0	0	327.242978	158.619764	136.578204	0	0	0	38.645849	120.303853	0	0	175.851051	0	0	0	154.424255	51.247229	80.003657	159.01491	0	84.338366	124.750499	115.712209	187.083272
LT934125.1	16581	-	15320.371565	10437.051533	9150.991357	15882.019285	14671.39351	13263.052576	11826.818838	10526.315789	6535.947712	5758.44825	5217.189674	9950.847283	0	3851.091142	17073.784396	9908.536585	9043.927649	9411.764706	10706.74834	11120.64879	17829.386486	19041.649556	1497.005988	7590.452897	7173.153693	10449.315537	17316.427657
LT934125.1	16582	-	659.857072	0	508.388409	1701.644923	490.864467	585.672975	1370.050107	0	816.993464	757.690559	502.396043	876.499502	0	0	478.85594	0	0	1045.751634	463.272765	474.036872	548.596507	676.199328	0	253.015097	270.292748	301.857936	558.755372
LT934125.1	16583	-	8887.373842	5218.525766	5592.272496	8224.61713	8671.938915	7211.098503	7336.810387	2631.578947	1633.986928	5909.986362	5217.189674	6101.123982	0	3851.091142	9160.48708	3810.97561	4737.295435	6535.947712	5044.52566	5099.09933	9509.006126	10553.649778	0	5566.332124	2848.469727	5116.492008	9204.496983
LT934125.1	16584	-	236.185003	0	0	567.214974	654.485956	256.231926	1143.842457	2631.578947	816.993464	757.690559	154.583398	567.146736	0	0	221.842865	0	0	522.875817	154.424255	307.483377	160.007315	463.150224	0	84.338366	145.542249	231.424417	429.044304
LT934125.1	16585	-	404.192893	0	0	283.607487	327.242978	292.836487	674.354881	0	0	606.152447	463.750193	395.284089	0	0	311.121091	0	0	261.437908	308.84851	294.671569	365.731005	444.624215	0	168.676731	145.542249	140.867037	286.861017
LT934125.1	16586	-	450.455934	0	1016.776817	0	545.404963	292.836487	362.785854	0	816.993464	303.076224	347.812645	378.097824	0	0	443.68573	762.195122	861.326443	1045.751634	205.899007	256.236147	434.305568	489.395404	748.502994	337.353462	166.333999	241.486348	391.627649
LT934125.1	16587	-	460.195522	1304.631442	0	1134.429949	599.94546	475.859292	405.466543	0	0	151.538112	463.750193	274.980236	0	0	484.266742	0	0	522.875817	257.373758	358.730606	697.174728	609.814462	0	337.353462	187.125749	372.291454	576.216478
LT934125.1	16588	-	1085.964037	0	508.388409	2268.859898	1090.809926	976.121625	388.394267	0	0	151.538112	270.520946	395.284089	0	0	1230.95736	762.195122	861.326443	784.313725	617.69702	730.27302	1234.342141	1211.909754	0	927.722021	478.210246	830.109323	1057.644098
LT934125.1	16589	-	60.872424	0	0	0	163.621489	36.604561	21.340344	0	0	0	0	0	0	0	83.867425	0	430.663221	0	102.949503	38.435422	22.858188	92.630045	0	0	62.37525	80.495449	82.31664
LT934125.1	16590	-	21.914072	0	0	0	0	36.604561	42.680689	0	0	0	38.645849	0	0	0	32.464809	0	0	0	51.474752	25.623615	22.858188	44.771188	748.502994	0	0	0	34.922211
LT934125.1	16591	-	36.523454	0	0	0	109.080993	48.806081	46.948758	0	0	0	0	103.117588	0	0	43.286413	0	0	0	51.474752	0	34.287282	37.052018	0	84.338366	41.5835	15.092897	37.416654
LT934125.1	16592	-	19.479176	0	0	0	54.540496	0	0	0	0	151.538112	0	85.931324	0	0	0	0	0	0	0	0	0	13.894507	0	0	0	0	0
LT934125.1	16593	-	17.044279	0	0	0	0	0	25.608413	0	0	0	38.645849	34.372529	0	0	16.232405	0	0	0	0	0	0	15.438341	0	0	0	20.123862	22.449993
LT934125.1	16595	-	0	0	0	0	0	0	0	0	0	0	0	0	0	0	0	0	0	0	51.474752	0	0	0	0	0	0	0	0
LT934125.1	16597	-	0	0	0	0	0	0	0	0	0	0	0	34.372529	0	0	0	0	0	0	0	0	0	0	0	0	0	0	0
LT934125.1	16599	-	0	0	0	0	0	0	0	0	0	0	0	0	0	0	0	0	0	0	0	0	0	0	0	84.338366	0	0	0
LT934125.1	17685	-	0	0	0	0	0	0	0	0	0	0	0	0	0	0	0	0	0	0	51.474752	0	0	0	0	0	0	0	0
LT934125.1	18040	-	0	0	0	0	0	36.604561	0	0	0	0	0	0	0	0	13.527004	0	0	0	0	0	0	12.350673	0	0	0	0	19.955549
LT934125.1	18042	-	0	0	0	0	54.540496	0	0	0	0	0	0	0	0	0	0	0	0	0	0	0	0	0	0	0	0	0	0
LT934125.1	18044	-	0	0	0	0	54.540496	0	0	0	0	0	0	0	0	0	0	0	0	0	0	0	0	0	0	0	0	0	0
LT934125.1	18580	-	0	0	0	0	0	0	0	0	0	0	0	0	0	0	0	0	0	0	0	0	22.858188	9.263004	0	0	0	0	0
LT934125.1	18584	-	14.609382	0	0	0	0	0	0	0	0	0	0	0	0	0	16.232405	0	0	0	0	0	0	0	0	0	0	0	0
LT934125.1	21468	-	0	0	0	0	0	0	0	0	0	0	0	0	0	0	0	0	0	0	51.474752	0	0	0	0	0	0	0	0
LT934125.1	21472	-	0	0	0	0	0	0	0	0	0	0	0	0	0	0	0	762.195122	0	0	51.474752	25.623615	22.858188	0	0	84.338366	0	15.092897	0
LT934125.1	21473	-	143.65892	0	0	0	163.621489	170.821284	123.773997	0	0	0	38.645849	103.117588	0	0	100.099829	762.195122	861.326443	1045.751634	154.424255	102.494459	182.865502	37.052018	0	759.04529	374.251497	140.867037	129.711069
LT934125.1	21474	-	12.174485	0	0	0	0	0	0	0	0	0	0	0	0	0	0	0	0	0	0	0	34.287282	0	0	0	0	0	0
LT934125.1	21475	-	3893.400212	6523.157208	4067.10727	3686.897334	4145.07772	5222.250692	2701.687594	10526.315789	8169.934641	3182.300349	2125.521719	3780.978242	0	6418.485237	3048.986692	6859.756098	9905.254091	10196.078431	5044.52566	3933.22486	4983.084941	1210.36592	7485.02994	19903.854263	8670.159681	5096.368146	5288.220489
LT934125.1	21476	-	175.31258	0	0	0	0	402.65017	354.249716	0	0	454.614336	386.458494	378.097824	0	0	86.572825	1524.390244	0	0	51.474752	192.17711	102.861845	37.052018	748.502994	421.691828	457.418496	166.021865	127.216625
LT934125.1	21477	-	5911.929778	15003.261579	10676.156584	7373.794668	5890.373602	8126.212526	3815.653569	10526.315789	12254.901961	5606.910138	3168.959654	6616.711924	16666.666667	12836.970475	4258.300846	21341.463415	12058.570198	15947.712418	7618.263242	6354.656451	7531.772881	1485.168386	7485.02994	22940.035422	10499.833666	5755.424639	5946.753606
LT934125.1	21478	-	224.010519	652.315721	508.388409	0	109.080993	353.844089	781.056603	2631.578947	0	1060.766783	656.97944	756.195648	0	0	146.091643	1524.390244	1291.989664	522.875817	154.424255	153.741688	240.010972	38.595852	0	1012.060386	395.043247	181.114761	142.183287
LT934125.1	21479	-	813.255579	1304.631442	2033.553635	567.214974	654.485956	915.114023	516.436333	2631.578947	816.993464	454.614336	193.229247	893.685766	0	3851.091142	611.420579	3810.97561	430.663221	784.313725	669.171771	717.461212	891.469324	159.01491	1497.005988	2361.474235	1122.754491	563.468146	628.599794
LT934125.1	21480	-	121.744847	0	0	283.607487	109.080993	183.022805	414.00268	0	1633.986928	454.614336	425.104344	292.166501	0	0	86.572825	0	430.663221	0	154.424255	166.553496	148.578221	18.526009	0	253.015097	145.542249	100.619312	79.822196
LT934125.1	21481	-	116.875053	652.315721	0	0	54.540496	268.433447	72.557171	0	0	303.076224	115.937548	51.558794	0	0	102.80523	762.195122	430.663221	261.437908	360.323261	179.365303	102.861845	30.876682	0	337.353462	145.542249	100.619312	97.283301
LT934125.1	21482	-	36.523454	0	508.388409	0	0	85.410642	110.969791	0	816.993464	303.076224	193.229247	51.558794	0	0	24.348607	0	0	0	51.474752	64.059037	80.003657	0	0	0	41.5835	40.247725	34.922211
LT934125.1	21483	-	34.088557	652.315721	508.388409	0	0	61.007602	12.804207	0	0	151.538112	38.645849	68.745059	0	0	24.348607	0	0	0	0	38.435422	34.287282	9.263004	0	84.338366	62.37525	15.092897	37.416654
LT934125.1	21484	-	0	0	0	0	0	0	0	0	0	151.538112	115.937548	0	0	0	0	0	0	0	0	0	0	0	0	84.338366	0	0	0
LT934125.1	21485	-	0	0	0	0	0	0	0	0	0	0	0	0	0	0	0	0	0	0	0	0	0	0	0	84.338366	0	0	0
LT934125.1	21486	-	0	0	0	0	0	0	12.804207	0	0	0	38.645849	0	0	0	0	0	0	0	0	0	0	0	0	0	0	0	0
LT934125.1	21491	-	0	0	0	0	0	0	0	0	0	0	0	0	0	0	0	0	0	0	0	0	0	0	0	84.338366	0	0	0
LT934125.1	21492	-	0	0	0	0	0	0	0	0	0	0	0	0	0	0	0	0	0	0	0	0	0	0	0	0	0	0	12.472218
LT934125.1	21598	-	12.174485	0	0	0	0	0	0	0	0	0	0	0	0	0	0	0	0	0	0	0	22.858188	0	0	0	0	0	0
LT934125.1	22416	-	0	0	0	0	0	0	0	0	0	0	0	0	0	0	0	0	0	0	51.474752	0	0	0	0	0	0	0	0
LT934125.1	26603	-	0	0	0	0	54.540496	0	0	0	0	0	0	0	0	0	0	0	0	0	0	0	0	0	0	0	0	0	0
LT934125.1	28415	-	0	0	0	0	0	0	0	0	0	0	0	0	0	0	0	0	0	261.437908	0	0	0	0	0	0	0	0	0
LT934125.1	28420	-	46.263042	0	0	0	54.540496	48.806081	64.021033	0	0	151.538112	0	0	0	1283.697047	97.394428	0	0	0	102.949503	25.623615	45.716376	29.332848	0	0	41.5835	45.27869	32.427767
LT934125.1	28422	-	0	0	0	0	0	0	0	0	0	0	0	0	0	0	16.232405	0	0	0	0	0	0	0	0	0	0	0	0
LT934125.1	28423	-	0	0	0	0	0	0	21.340344	0	0	0	38.645849	0	0	0	0	0	0	261.437908	0	0	0	0	0	0	0	0	0
LT934125.1	28424	-	12.174485	0	0	0	0	36.604561	17.072275	0	0	0	38.645849	0	0	0	27.054008	0	0	0	0	25.623615	0	12.350673	0	0	0	0	0
LT934125.1	28425	-	584.375266	0	1016.776817	1418.037436	654.485956	561.269934	670.086813	0	1633.986928	151.538112	463.750193	549.960472	0	1283.697047	938.774075	0	430.663221	0	514.747516	525.284102	777.178385	566.587108	0	84.338366	353.459747	452.786903	538.799823
LT934125.1	28426	-	321.406396	0	1016.776817	0	436.323971	402.65017	482.291782	0	0	303.076224	502.396043	360.911559	0	0	635.769186	762.195122	0	0	154.424255	307.483377	548.596507	353.538005	0	168.676731	311.876248	276.703108	344.233221
LT934125.1	28427	-	3016.837312	652.315721	2033.553635	3970.504821	4363.239705	3562.84393	3649.198883	0	2450.980392	2273.071678	1739.063225	2285.77321	0	2567.394095	4888.65923	762.195122	861.326443	3137.254902	2985.535595	3561.682447	4743.073969	2999.66962	0	1012.060386	2120.758483	2817.340732	3018.276788
LT934125.1	28428	-	988.568159	0	1016.776817	1134.429949	1418.052904	1195.74899	2360.242085	0	816.993464	1515.381118	1159.375483	1374.901179	0	0	1996.585784	0	430.663221	261.437908	1080.969784	1345.239773	1977.233245	1290.645292	0	674.706924	1289.08849	955.883463	1132.477407
LT934125.1	28429	-	18130.242637	4566.210046	8642.602949	21837.776517	24488.682847	20400.941957	23508.523334	7894.736842	7352.941176	13941.506289	11284.588035	16842.539442	0	6418.485237	28682.659193	5335.365854	10766.580534	8366.013072	18170.587327	18397.755371	28115.570998	26895.133526	748.502994	10036.265497	19232.368596	23489.578355	26381.235797
LT934125.1	28430	-	3479.467732	3261.578604	4067.10727	5104.93477	4417.780202	3892.284979	5407.643258	2631.578947	816.993464	2273.071678	2589.271912	4055.958478	0	2567.394095	6363.102662	0	3445.305771	1307.189542	4169.454882	4266.331851	5943.128829	5965.374889	0	2277.135869	4574.184963	5503.876359	5677.353695
LT934125.1	28431	-	725.599289	0	0	2268.859898	1090.809926	768.695779	2629.130424	0	816.993464	1212.304895	1893.646622	1959.23418	0	0	1019.936098	0	430.663221	0	875.070778	627.778561	994.331169	974.159305	0	84.338366	831.669993	905.573807	895.505262
LT934125.1	28432	-	228.880313	0	508.388409	283.607487	818.107445	390.44865	1139.574388	0	816.993464	606.152447	579.687742	549.960472	0	1283.697047	435.569527	0	0	261.437908	463.272765	307.483377	605.741977	819.775897	0	168.676731	665.335995	729.490011	828.155284
LT934125.1	28433	-	153.398507	0	0	850.822462	163.621489	195.224325	153.650479	0	0	303.076224	270.520946	103.117588	0	0	162.324047	0	430.663221	0	205.899007	140.929881	114.290939	129.682063	0	0	124.750499	171.05283	157.149948
LT934125.1	28434	-	94.960981	0	0	0	54.540496	109.813683	93.897515	0	0	303.076224	115.937548	103.117588	0	0	110.921432	0	0	0	154.424255	102.494459	217.152784	137.401233	0	0	166.333999	125.77414	102.272189
LT934125.1	28435	-	0	0	0	0	0	36.604561	0	0	0	0	0	34.372529	0	0	13.527004	0	0	0	0	0	0	0	0	0	0	15.092897	0
LT934125.1	28436	-	0	0	0	0	0	0	21.340344	0	0	0	0	0	0	0	0	0	0	0	0	0	22.858188	23.157511	0	0	0	0	17.461105
LT934125.1	28437	-	0	0	0	0	0	0	17.072275	0	0	0	0	0	0	0	0	0	0	0	0	0	0	0	0	0	0	0	0
LT934125.1	28438	-	0	0	0	0	0	0	0	0	0	0	115.937548	0	0	0	13.527004	0	0	0	0	0	0	0	0	0	0	0	0
LT934125.1	28440	-	0	0	0	0	0	0	12.804207	0	0	0	0	0	0	0	0	0	0	0	0	0	0	10.806839	0	0	0	15.092897	0
LT934125.1	28445	-	0	0	0	0	54.540496	0	0	0	0	0	38.645849	0	0	0	0	0	0	0	0	0	0	0	0	0	0	0	0
LT934125.1	30522	-	0	0	0	0	0	0	0	0	0	0	0	0	0	0	0	0	0	0	51.474752	0	0	0	0	0	0	0	0
LT934125.1	31685	-	0	0	0	0	0	0	0	0	0	0	0	0	0	0	0	0	0	0	51.474752	0	0	0	0	0	0	0	0
LT934125.1	31899	-	0	0	0	0	0	0	0	0	0	0	0	0	0	0	0	0	0	0	51.474752	0	0	0	0	0	0	0	0
LT934125.1	32036	-	38.958351	0	0	0	54.540496	36.604561	0	0	0	0	0	0	0	0	59.518817	0	0	0	0	38.435422	45.716376	23.157511	0	0	41.5835	20.123862	24.944436
LT934125.1	32038	-	107.135465	0	0	0	0	36.604561	0	0	0	0	0	34.372529	0	0	110.921432	0	0	0	257.373758	192.17711	91.432751	94.173879	0	84.338366	0	55.340622	39.911098
LT934125.1	32039	-	0	0	0	0	0	24.403041	0	0	0	0	0	0	0	0	0	0	0	0	51.474752	0	0	0	0	0	0	0	0
LT934125.1	32040	-	0	0	0	0	0	0	0	0	0	0	0	0	0	0	0	0	0	0	51.474752	0	0	0	0	0	0	0	0
LT934125.1	32045	-	0	0	0	0	0	0	0	0	0	0	38.645849	0	0	0	0	0	0	0	0	0	0	0	0	0	0	0	0
LT934125.1	32135	-	0	0	0	0	54.540496	0	0	0	0	0	0	0	0	0	0	0	0	0	0	0	0	0	0	0	0	0	0
LT934125.1	32170	-	0	0	0	0	0	0	0	0	0	0	0	0	0	0	0	0	0	0	0	0	0	0	0	84.338366	0	0	0
LT934125.1	32185	-	0	0	0	0	0	0	0	0	0	0	0	0	0	0	0	0	0	0	0	0	22.858188	0	0	0	0	0	0
LT934125.1	32680	-	0	0	0	0	54.540496	0	0	0	0	0	0	0	0	0	0	0	0	0	0	0	0	0	0	0	0	0	0
LT934125.1	32685	-	12.174485	0	0	0	0	48.806081	12.804207	0	0	0	0	34.372529	0	1283.697047	40.581012	0	0	522.875817	51.474752	38.435422	34.287282	15.438341	0	0	0	0	17.461105
LT934125.1	32686	-	11322.270785	26744.944553	8134.21454	7090.187181	8890.1009	10054.052735	6799.033709	18421.052632	16339.869281	2727.686013	4830.731179	7768.191661	16666.666667	17971.758665	14400.848414	47256.097561	13781.223084	15686.27451	7978.586503	12619.630251	12023.406784	9264.54832	23952.095808	21674.959939	4678.143713	7737.625082	7697.853032
LT934125.1	32687	-	85.221393	0	0	0	0	48.806081	38.41262	0	0	0	0	0	0	0	56.813417	0	0	522.875817	51.474752	64.059037	45.716376	47.858857	748.502994	168.676731	0	25.154828	17.461105
LT934125.1	32688	-	438.28145	652.315721	0	283.607487	163.621489	329.441048	601.797711	5263.157895	816.993464	303.076224	579.687742	653.07806	0	0	354.407504	2286.585366	430.663221	784.313725	566.222268	499.660487	502.880132	222.312108	2245.508982	1518.090579	187.125749	196.207658	194.566603
LT934125.1	32689	-	389.583511	652.315721	0	283.607487	272.702482	427.053211	384.126198	0	0	303.076224	77.291699	378.097824	16666.666667	1283.697047	532.963956	762.195122	1291.989664	1307.189542	875.070778	474.036872	514.309226	330.380493	2245.508982	1096.398752	187.125749	266.641176	207.038821
LT934125.1	32690	-	99.830775	0	508.388409	0	54.540496	158.619764	110.969791	0	0	0	38.645849	51.558794	16666.666667	0	173.145651	0	0	0	308.84851	230.612533	91.432751	114.243722	748.502994	168.676731	0	115.712209	119.733294
LT934125.1	32691	-	38.958351	0	0	0	0	48.806081	21.340344	0	0	151.538112	77.291699	0	0	0	78.456623	0	0	0	0	89.682652	34.287282	27.789013	0	84.338366	0	40.247725	44.899985
LT934125.1	32692	-	73.046908	0	508.388409	0	54.540496	48.806081	55.484895	0	0	0	0	51.558794	0	0	97.394428	0	0	261.437908	205.899007	140.929881	102.861845	115.787556	0	84.338366	0	75.464484	102.272189
LT934125.1	32693	-	0	0	0	0	0	0	21.340344	0	0	151.538112	38.645849	0	0	0	13.527004	0	0	0	0	0	34.287282	12.350673	0	0	0	0	0
LT934125.1	32694	-	17.044279	0	0	283.607487	0	24.403041	12.804207	0	0	0	38.645849	34.372529	0	0	16.232405	0	0	0	0	0	0	12.350673	0	0	0	25.154828	0
LT934125.1	32696	-	0	0	0	0	0	0	0	0	0	0	0	0	0	0	0	0	0	0	0	0	0	0	0	84.338366	0	0	0
LT934125.1	35870	-	0	0	0	0	54.540496	0	0	0	0	0	0	0	0	0	0	0	0	0	0	0	0	0	0	0	0	0	0
LT934125.1	42004	-	0	0	0	0	0	0	12.804207	0	0	0	0	0	0	0	0	0	0	0	0	0	0	0	0	0	0	0	0
LT934125.1	42005	-	5237.463324	1956.947162	2033.553635	1418.037436	2563.403327	3416.425687	2804.121247	0	4084.96732	454.614336	1043.437935	2629.498505	0	2567.394095	4701.986576	2286.585366	1722.652885	1045.751634	3242.909353	3805.106786	4697.357593	3022.827131	748.502994	1433.752214	1704.923486	2762.000111	2813.732411
LT934125.1	42006	-	1969.831627	652.315721	1016.776817	567.214974	1636.21489	1317.764193	853.613774	0	0	0	270.520946	635.891795	0	0	1701.697098	0	0	784.313725	1544.242549	1358.05158	1702.934991	1114.648207	0	337.353462	894.045243	1182.276914	992.788563
LT934125.1	42007	-	557.5914	0	0	283.607487	381.783474	378.24713	559.117022	0	0	303.076224	772.916989	343.725295	0	0	543.785559	0	0	0	257.373758	499.660487	548.596507	407.572197	0	84.338366	311.876248	437.694007	369.177657
LT934125.1	42008	-	219.140725	652.315721	0	567.214974	218.161985	61.007602	524.972471	0	816.993464	303.076224	541.041892	412.470354	0	0	127.153837	0	430.663221	0	308.84851	204.988918	148.578221	151.29574	0	168.676731	83.166999	166.021865	139.688843
LT934125.1	42009	-	180.182374	0	0	0	0	134.216723	187.79503	0	0	0	154.583398	103.117588	0	0	135.27004	0	0	0	102.949503	179.365303	137.149127	95.717713	0	0	124.750499	115.712209	109.75552
LT934125.1	42010	-	60.872424	0	0	0	0	0	34.144551	0	0	0	0	0	0	0	37.875611	0	0	0	0	76.870844	34.287282	40.139686	0	0	0	15.092897	17.461105
LT934125.1	42011	-	51.132836	0	0	0	54.540496	0	29.876482	0	0	151.538112	38.645849	0	0	0	62.224218	0	0	0	51.474752	89.682652	102.861845	54.034193	0	0	0	75.464484	24.944436
LT934125.1	42012	-	19.479176	0	0	0	54.540496	36.604561	34.144551	0	0	0	154.583398	0	0	0	32.464809	0	0	0	0	51.247229	68.574563	26.245179	0	0	0	40.247725	34.922211
LT934125.1	42013	-	0	0	0	0	0	0	0	0	0	151.538112	0	0	0	0	0	0	0	0	0	0	0	0	0	0	0	0	0
LT934125.1	50025	-	12.174485	0	0	0	0	36.604561	29.876482	0	0	303.076224	0	34.372529	0	0	16.232405	0	0	0	51.474752	89.682652	68.574563	46.315022	0	0	0	65.402553	77.327752
LT934125.1	50026	-	0	0	0	0	109.080993	0	0	0	0	151.538112	0	0	0	0	13.527004	0	0	0	102.949503	38.435422	22.858188	0	0	0	0	20.123862	19.955549
LT934125.1	50027	-	0	0	0	0	0	24.403041	25.608413	0	0	0	77.291699	34.372529	0	0	18.937806	0	0	0	0	0	22.858188	15.438341	0	0	0	25.154828	27.43888
LT934125.1	50028	-	14.609382	0	508.388409	0	0	24.403041	34.144551	0	0	151.538112	0	34.372529	0	0	24.348607	0	0	0	0	51.247229	34.287282	26.245179	0	0	0	40.247725	34.922211
LT934125.1	50029	-	0	0	508.388409	0	54.540496	48.806081	12.804207	0	0	0	38.645849	34.372529	0	0	13.527004	0	0	0	102.949503	64.059037	34.287282	0	0	84.338366	62.37525	0	29.933324
LT934125.1	50030	-	0	0	0	0	54.540496	36.604561	29.876482	0	1633.986928	0	0	0	0	0	0	0	0	0	51.474752	0	34.287282	0	0	0	0	0	0
LT934125.1	50039	-	0	652.315721	0	0	0	0	0	0	0	0	0	0	0	0	0	0	0	0	0	0	0	0	0	0	0	0	0
LT934125.1	50040	-	0	0	0	0	0	0	29.876482	0	0	0	115.937548	68.745059	0	0	0	0	0	0	0	0	0	13.894507	0	0	0	0	12.472218
LT934125.1	50041	-	12.174485	0	0	0	0	0	76.82524	0	0	151.538112	154.583398	68.745059	0	0	13.527004	0	0	0	0	25.623615	57.14547	10.806839	0	0	0	15.092897	0
LT934125.1	50042	-	0	0	0	0	0	0	0	0	0	0	38.645849	51.558794	0	0	0	0	0	0	0	25.623615	0	0	0	0	0	0	0
LT934125.1	50062	-	0	0	0	0	0	0	0	0	0	0	0	0	0	0	0	0	430.663221	0	0	0	0	0	0	0	0	0	0
LT934125.1	50375	-	0	0	0	0	0	0	0	0	0	0	0	0	0	0	0	0	0	0	51.474752	0	0	0	0	0	0	0	0
LT934125.1	52302	-	0	0	0	0	0	0	0	0	0	151.538112	0	0	0	0	0	0	0	0	0	0	0	0	0	0	0	0	0
LT934125.1	52392	-	0	652.315721	0	0	0	0	0	0	0	0	0	0	0	1283.697047	0	0	0	0	0	0	0	0	0	0	0	0	0
LT934125.1	52410	-	0	0	0	0	0	0	0	0	0	0	0	0	0	0	0	0	0	0	51.474752	0	0	0	0	0	0	0	0
LT934125.1	52444	-	0	0	0	0	54.540496	0	0	0	0	0	0	0	0	0	0	0	0	0	0	0	0	0	0	0	0	0	0
LT934125.1	52445	-	0	0	0	0	0	0	0	0	0	0	0	0	0	0	13.527004	0	0	0	51.474752	0	0	9.263004	0	0	62.37525	0	0
LT934125.1	52695	-	0	0	0	0	0	0	0	0	0	0	0	0	0	0	0	0	0	0	51.474752	0	0	0	0	0	0	0	0
LT934125.1	52799	-	0	0	0	0	0	0	0	0	0	0	0	0	0	0	0	0	0	0	51.474752	0	0	0	0	0	0	0	0
LT934125.1	53649	-	0	0	0	0	0	0	0	0	0	0	0	0	0	0	0	0	0	0	0	0	0	10.806839	0	0	0	0	0
LT934125.1	53788	-	0	0	0	0	0	0	0	0	0	0	0	0	0	0	0	0	0	0	0	0	0	16.982175	0	0	0	0	0
LT934125.1	53792	-	0	0	0	0	0	0	0	0	0	0	0	0	0	0	0	0	0	0	0	0	0	0	0	0	0	15.092897	0
LT934125.1	53842	-	0	0	0	0	54.540496	0	0	0	0	0	0	0	0	0	0	0	0	0	0	0	0	0	0	0	0	0	0
LT934125.1	54067	-	0	0	0	0	0	0	0	0	0	0	0	0	0	0	0	0	0	0	51.474752	0	0	0	0	0	0	0	0
LT934125.1	54124	-	0	0	0	0	0	0	0	0	0	0	0	0	0	0	0	0	0	0	51.474752	0	0	9.263004	0	0	0	0	0
LT934125.1	54126	-	0	0	0	0	54.540496	0	0	0	0	0	0	0	0	0	0	0	0	0	0	0	0	0	0	0	0	0	0
LT934125.1	54341	-	21.914072	0	0	0	54.540496	61.007602	0	0	0	0	0	0	0	0	16.232405	0	0	0	51.474752	38.435422	0	37.052018	0	84.338366	0	15.092897	0
LT934125.1	54342	-	0	0	0	0	0	0	0	0	0	0	0	0	0	0	0	0	0	0	0	25.623615	0	12.350673	0	0	0	0	0
LT934125.1	54494	-	0	0	0	0	0	0	0	0	0	0	0	0	0	0	0	0	0	0	0	0	22.858188	12.350673	0	0	0	0	0
LT934125.1	54719	-	0	0	0	0	0	0	0	0	0	0	0	0	0	0	0	0	0	0	0	25.623615	0	10.806839	0	0	0	0	0
LT934125.1	55151	-	0	0	0	0	0	0	0	0	0	0	0	0	0	0	0	0	0	0	0	0	0	0	0	84.338366	0	0	0
LT934125.1	55254	-	0	0	0	0	54.540496	0	0	0	0	0	0	0	0	0	0	0	0	0	0	0	0	0	0	0	0	0	0
LT934125.1	55256	-	0	0	0	0	0	0	0	0	0	0	0	0	0	0	0	0	0	0	0	0	0	0	0	84.338366	0	0	0
LT934125.1	55262	-	51.132836	0	0	0	54.540496	61.007602	42.680689	0	0	151.538112	77.291699	0	0	0	32.464809	0	430.663221	0	0	25.623615	22.858188	18.526009	0	0	0	45.27869	19.955549
LT934125.1	55263	-	0	0	0	0	0	0	0	0	0	0	38.645849	0	0	0	0	0	0	0	0	0	0	0	0	0	0	0	0
LT934125.1	55264	-	155.833404	0	0	0	327.242978	97.612162	128.042066	0	0	0	0	103.117588	0	0	78.456623	0	0	0	51.474752	64.059037	160.007315	103.436883	0	84.338366	83.166999	65.402553	59.866647
LT934125.1	55265	-	1056.745273	652.315721	508.388409	850.822462	381.783474	817.501861	682.891019	0	0	0	772.916989	618.705531	0	0	676.350198	0	430.663221	784.313725	411.798013	627.778561	617.171071	768.829372	0	506.030193	644.544245	538.313318	538.799823
LT934125.1	55266	-	114.440156	652.315721	508.388409	0	0	61.007602	115.237859	0	0	303.076224	77.291699	103.117588	0	0	102.80523	762.195122	0	0	0	89.682652	57.14547	66.384865	0	168.676731	0	50.309656	19.955549
LT934125.1	55267	-	109.570362	0	0	0	163.621489	146.418244	140.846273	0	816.993464	0	115.937548	85.931324	0	0	81.162024	0	0	0	51.474752	38.435422	34.287282	77.191704	0	168.676731	83.166999	130.805105	67.349978
LT934125.1	55268	-	4584.910944	4566.210046	4067.10727	4254.112309	2945.186801	3099.186159	4110.150321	0	816.993464	3485.376572	1777.709074	2938.85127	0	1283.697047	3489.967021	3048.780488	4306.632214	3398.69281	3088.485098	2959.527501	2971.564414	4108.14249	2994.011976	3373.534621	2557.38523	3043.734184	3247.765602
LT934125.1	55269	-	192.356858	652.315721	0	283.607487	327.242978	158.619764	533.508609	0	0	303.076224	425.104344	309.352765	0	0	129.859238	0	0	0	51.474752	102.494459	182.865502	152.839574	0	0	83.166999	150.928968	92.294414
LT934125.1	55270	-	76105.13885	53489.889106	63548.551093	50482.132728	50613.580584	48183.803702	68814.074384	13157.894737	26143.79085	31823.003485	32037.409182	51644.725535	33333.333333	29525.032092	54351.501903	26676.829268	37037.037037	43137.254902	45864.003706	49133.281232	47350.736034	63678.524342	13473.053892	42422.197858	36988.522954	44544.169362	49190.428321
LT934125.1	55271	-	1621.641364	1956.947162	2033.553635	567.214974	818.107445	988.323145	2833.997729	2631.578947	0	2727.686013	2666.563611	1890.489121	0	0	643.885388	0	861.326443	261.437908	875.070778	538.095909	582.883789	937.107287	0	1096.398752	623.752495	794.892564	611.138689
LT934125.1	55272	-	4611.69481	2609.262883	4067.10727	2552.467385	2290.700845	2232.878217	5454.592015	0	3267.973856	5455.372026	5139.897975	3935.654625	0	1283.697047	2754.098006	762.195122	430.663221	1568.627451	2316.363824	2677.667739	2240.102405	3533.836212	1497.005988	3626.549717	2162.341983	2324.306104	2377.204776
LT934125.1	55273	-	4387.684291	2609.262883	3050.330452	2552.467385	2672.48432	2623.326867	4562.565622	0	8169.934641	5758.44825	5062.606276	3316.949094	0	1283.697047	2737.865601	2286.585366	1291.989664	2352.941176	2367.838575	3036.398345	2514.400658	3711.377131	0	3457.872986	3430.638723	3360.685016	2217.560384
LT934125.1	55274	-	2096.446268	652.315721	2541.942044	2268.859898	1090.809926	1098.136828	2859.606143	0	4084.96732	4697.681467	3478.126449	1993.60671	0	0	1274.243773	1524.390244	430.663221	784.313725	1132.444536	1358.05158	1188.625766	1726.006503	0	1433.752214	1975.216234	1630.032852	1015.238556
LT934125.1	55275	-	852.21393	652.315721	1016.776817	567.214974	490.864467	634.479056	452.4153	0	816.993464	454.614336	0	412.470354	0	0	451.801932	0	430.663221	261.437908	257.373758	538.095909	422.876474	665.392489	0	590.368559	706.919494	719.42808	364.18877
LT934125.1	55276	-	1205.273987	1304.631442	1525.165226	2836.074872	2017.998364	866.307942	1613.330033	0	0	757.690559	541.041892	893.685766	16666.666667	0	919.836269	1524.390244	0	1045.751634	1647.192052	1204.309892	902.898418	1556.184754	0	1012.060386	1081.170991	1126.936293	1015.238556
LT934125.1	55277	-	864.388415	0	508.388409	567.214974	436.323971	524.665373	452.4153	0	0	303.076224	154.583398	395.284089	0	0	400.399317	0	430.663221	261.437908	566.222268	320.295184	411.44738	592.832287	0	1012.060386	665.335995	608.746837	359.199882
LT934125.1	55278	-	362.799645	652.315721	0	283.607487	218.161985	317.239528	358.517785	0	0	606.152447	579.687742	240.607706	0	0	240.78067	0	0	0	257.373758	294.671569	228.581878	327.292825	0	421.691828	374.251497	357.198557	164.633279
LT934125.1	55279	-	58.437527	0	0	283.607487	54.540496	36.604561	38.41262	0	0	0	0	51.558794	0	0	16.232405	0	0	0	0	38.435422	0	35.508184	0	84.338366	41.5835	55.340622	29.933324
LT934125.1	55280	-	60.872424	0	0	0	0	36.604561	25.608413	0	0	151.538112	115.937548	34.372529	0	0	32.464809	0	0	0	51.474752	25.623615	0	41.68352	0	0	83.166999	40.247725	0
LT934125.1	55281	-	87.65629	0	0	0	109.080993	48.806081	34.144551	0	0	0	0	34.372529	0	0	56.813417	0	0	0	0	0	34.287282	43.227354	0	0	62.37525	65.402553	69.844422
LT934125.1	55282	-	17.044279	0	0	0	0	73.209122	17.072275	0	0	151.538112	38.645849	0	0	0	0	0	0	0	0	0	0	16.982175	0	0	0	30.185794	0
LT934125.1	55283	-	36.523454	0	0	0	54.540496	0	21.340344	0	0	0	0	34.372529	0	0	0	0	0	0	0	0	0	18.526009	0	0	103.958749	15.092897	0
LT934125.1	55284	-	12.174485	0	508.388409	0	0	24.403041	25.608413	2631.578947	0	0	0	0	0	0	0	0	0	0	0	0	0	9.263004	0	0	41.5835	0	0
LT934125.1	55285	-	0	0	0	0	0	0	0	0	0	0	77.291699	0	0	1283.697047	0	0	0	0	0	25.623615	0	0	0	0	0	0	0
LT934125.1	55286	-	0	0	0	0	0	24.403041	0	0	0	0	0	0	0	0	0	0	0	0	0	0	0	10.806839	0	0	0	0	0
LT934125.1	55287	-	0	0	0	0	0	0	0	0	0	0	38.645849	0	0	0	0	0	0	0	0	0	0	0	0	0	0	0	0
LT934125.1	55291	-	0	0	0	0	0	0	0	0	0	0	38.645849	0	0	0	0	0	0	0	0	0	0	0	0	0	0	0	0
LT934125.1	55303	-	0	0	0	0	0	0	12.804207	0	0	0	0	0	0	0	0	0	0	0	0	0	0	0	0	0	0	0	0
LT934125.1	55306	-	0	0	0	0	0	0	93.897515	0	0	151.538112	0	0	0	0	0	0	0	0	0	0	0	0	0	0	0	0	0
LT934125.1	55307	-	0	0	0	0	0	0	29.876482	0	0	0	0	0	0	0	0	0	0	0	0	0	0	0	0	0	0	0	0
LT934125.1	55308	-	0	0	0	0	0	0	12.804207	0	0	0	0	0	0	0	0	0	0	0	0	0	0	0	0	0	0	0	0
LT934125.1	55309	-	0	0	0	0	0	0	21.340344	0	0	0	38.645849	0	0	0	0	0	0	0	0	0	0	0	0	0	0	0	0
LT934125.1	55310	-	0	0	0	0	0	0	34.144551	0	0	151.538112	38.645849	0	0	0	0	0	0	0	0	0	0	0	0	0	0	0	0
LT934125.1	55311	-	0	0	0	0	0	0	0	0	0	151.538112	0	0	0	0	0	0	0	0	0	0	0	0	0	0	0	0	0
LT934125.1	55363	-	0	0	0	0	0	0	0	0	0	0	0	0	0	0	0	0	0	0	0	0	0	0	0	0	0	15.092897	0
LT934125.1	55639	-	0	0	0	0	0	0	0	0	0	0	0	0	0	0	0	0	0	0	51.474752	0	0	32.420516	0	0	83.166999	25.154828	32.427767
LT934125.1	55720	-	0	0	0	0	0	0	0	0	0	0	0	0	0	0	0	0	0	0	51.474752	0	0	0	0	0	0	0	0
LT934125.1	55782	-	0	0	0	0	0	0	0	0	0	151.538112	0	0	0	0	0	0	0	0	0	0	0	0	0	0	0	0	0
LT934125.1	55837	-	0	0	0	0	0	0	0	0	0	0	0	0	0	0	0	0	0	0	0	0	0	13.894507	0	0	0	0	14.966662
LT934125.1	55988	-	0	0	0	0	0	0	0	0	0	0	0	0	0	0	0	0	0	0	0	0	0	0	0	84.338366	0	0	0
LT934125.1	56317	-	17.044279	0	0	0	0	0	0	0	0	0	0	0	0	0	16.232405	0	0	0	0	0	0	12.350673	0	0	0	0	0
LT934125.1	56318	-	121.744847	0	0	0	54.540496	85.410642	42.680689	0	0	0	0	0	0	0	105.510631	0	0	0	0	38.435422	0	101.893049	0	0	124.750499	55.340622	64.855534
LT934125.1	56526	-	12.174485	0	0	0	0	0	0	0	0	0	0	34.372529	0	0	0	0	0	0	0	0	0	0	0	0	0	0	0
LT934125.1	58370	-	0	0	0	0	0	0	0	0	0	0	38.645849	0	0	0	0	0	0	0	0	0	0	0	0	0	0	0	0
LT934125.1	58863	-	0	0	0	0	0	0	0	0	0	0	0	0	0	0	0	0	0	0	0	0	0	0	0	0	0	0	12.472218
LT934125.1	59087	-	0	652.315721	0	0	54.540496	0	0	0	0	0	0	0	0	0	0	0	0	0	0	0	0	0	0	0	0	40.247725	0
LT934125.1	59913	-	0	0	0	0	0	0	0	0	0	0	38.645849	0	0	0	0	0	0	0	0	0	0	0	0	0	0	0	0
LT934125.1	60234	-	14.609382	0	0	0	0	0	0	0	0	0	0	0	0	0	0	0	0	0	0	0	0	0	0	0	0	0	0
LT934125.1	62344	-	0	0	0	0	0	0	0	0	0	0	0	0	0	0	0	0	0	0	0	0	0	16.982175	0	0	0	0	0
LT934125.1	62542	-	0	0	0	0	0	24.403041	0	0	0	0	0	0	0	0	0	0	0	0	0	0	0	0	0	0	0	0	0
LT934125.1	62564	-	0	0	0	0	54.540496	0	0	0	0	0	0	0	0	0	0	0	0	0	0	0	0	0	0	0	0	0	0
LT934125.1	63149	-	0	0	0	0	54.540496	24.403041	0	0	0	0	0	0	0	0	24.348607	0	0	0	0	0	0	26.245179	0	0	0	20.123862	14.966662
LT934125.1	63151	-	14.609382	0	0	0	54.540496	48.806081	29.876482	0	0	0	0	0	0	0	51.402615	0	0	0	0	25.623615	68.574563	54.034193	0	0	0	35.216759	24.944436
LT934125.1	63152	-	17.044279	0	0	0	0	36.604561	17.072275	0	0	0	0	0	0	0	113.626833	0	0	0	0	115.306266	57.14547	92.630045	0	168.676731	0	65.402553	54.87776
LT934125.1	63153	-	14.609382	0	0	0	163.621489	61.007602	85.361377	0	4084.96732	0	38.645849	0	16666.666667	3851.091142	137.97544	0	11627.906977	0	205.899007	140.929881	160.007315	251.644955	0	84.338366	83.166999	216.331521	154.655505
LT934125.1	63154	-	21.914072	0	0	0	54.540496	73.209122	93.897515	0	0	0	77.291699	68.745059	0	0	238.07527	0	0	0	205.899007	166.553496	137.149127	287.153139	0	253.015097	103.958749	206.269589	212.027708
LT934125.1	63155	-	36.523454	0	0	283.607487	327.242978	122.015203	234.743788	0	0	0	231.875097	120.303853	0	0	554.607162	0	430.663221	0	566.222268	448.413258	274.298254	717.882848	0	84.338366	415.834997	623.839734	376.660988
LT934125.1	63156	-	26.783866	0	0	0	381.783474	158.619764	179.258893	0	0	0	77.291699	68.745059	0	0	413.926321	0	0	0	257.373758	384.354221	251.440066	515.640583	0	590.368559	207.917498	357.198557	231.983257
LT934125.1	63157	-	41.393248	0	0	283.607487	0	0	93.897515	0	0	0	0	34.372529	0	0	178.556452	762.195122	0	0	154.424255	153.741688	160.007315	277.890135	0	0	103.958749	181.114761	137.194399
LT934125.1	63158	-	48.697939	0	0	0	327.242978	85.410642	209.135375	0	0	151.538112	231.875097	68.745059	0	0	303.004889	0	430.663221	0	308.84851	422.789643	182.865502	654.58565	0	0	270.292748	422.60111	266.905468
LT934125.1	63159	-	550.286709	0	508.388409	1134.429949	1908.917371	1952.24325	1408.462727	0	0	151.538112	966.146236	618.705531	0	0	3094.978506	762.195122	0	0	2882.586092	2280.50171	1817.22593	5068.407288	0	1686.76731	2391.051231	3778.255161	2165.177068
LT934125.1	63160	-	80.351599	0	508.388409	0	436.323971	341.642569	234.743788	0	0	0	115.937548	103.117588	0	0	657.412392	0	0	0	514.747516	602.154946	445.734662	867.634754	0	337.353462	353.459747	704.335183	458.977627
LT934125.1	63161	-	97.395878	0	0	850.822462	436.323971	353.844089	320.105165	7894.736842	6535.947712	151.538112	309.166795	154.676383	16666.666667	17971.758665	806.209436	0	38759.689922	0	617.69702	627.778561	651.458352	1184.12074	0	590.368559	478.210246	965.945394	673.499779
LT934125.1	63162	-	394.453305	652.315721	0	1701.644923	1527.133897	1159.144429	1037.140735	0	0	151.538112	927.500386	515.587942	0	0	2499.790331	0	0	522.875817	2110.464817	1921.771104	1897.229588	3305.348768	0	1180.737117	1434.630739	2767.031076	1843.39384
LT934125.1	63163	-	126.614641	652.315721	0	0	490.864467	427.053211	542.044746	0	0	0	386.458494	360.911559	0	0	700.698805	762.195122	0	0	514.747516	499.660487	377.160099	886.160763	0	843.383655	374.251497	654.025527	409.088755
LT934125.1	63164	-	618.463824	652.315721	0	2268.859898	2836.105809	1915.638689	4340.62604	0	1633.986928	2424.609789	4908.022878	1838.930327	0	0	3362.813184	762.195122	861.326443	522.875817	2264.889072	2587.985087	2800.128006	4648.484418	0	5397.655393	1975.216234	3647.450055	2347.271453
LT934125.1	63165	-	97.395878	0	0	567.214974	436.323971	207.425845	401.198474	0	0	0	231.875097	103.117588	0	0	530.258555	0	0	0	257.373758	538.095909	297.156441	832.12657	748.502994	421.691828	415.834997	608.746837	374.166544
LT934125.1	63166	-	216.705828	0	508.388409	567.214974	872.647941	793.09882	1092.625631	0	0	757.690559	1584.479827	481.215413	0	0	957.71188	0	0	0	1080.969784	755.896634	491.451038	1715.199664	0	759.04529	998.003992	1237.617536	820.671953
LT934125.1	63167	-	75.481805	0	1525.165226	283.607487	381.783474	256.231926	934.707082	0	816.993464	606.152447	1313.958881	429.656618	0	0	516.731551	0	430.663221	261.437908	411.798013	563.719524	377.160099	856.827915	0	253.015097	374.251497	588.622974	508.8665
LT934125.1	63168	-	43.828145	0	0	0	163.621489	146.418244	298.764821	0	0	0	38.645849	51.558794	0	0	213.726663	0	0	0	154.424255	140.929881	80.003657	321.117489	0	168.676731	62.37525	221.362486	154.655505
LT934125.1	63169	-	26.783866	0	0	0	163.621489	146.418244	110.969791	0	0	0	0	34.372529	0	0	113.626833	0	0	0	102.949503	128.118074	34.287282	155.927242	0	0	83.166999	171.05283	89.799971
LT934125.1	63170	-	26.783866	0	0	0	0	122.015203	106.701722	0	0	0	0	0	0	0	102.80523	0	0	261.437908	51.474752	115.306266	34.287282	186.803924	0	84.338366	0	135.836071	122.227738
LT934125.1	63171	-	12.174485	0	0	0	0	48.806081	34.144551	0	0	0	0	34.372529	0	0	32.464809	0	0	0	0	25.623615	0	64.841031	0	0	41.5835	50.309656	34.922211
LT934125.1	63172	-	24.348969	0	0	0	54.540496	97.612162	38.41262	0	0	0	77.291699	34.372529	0	0	124.448436	0	0	0	51.474752	64.059037	45.716376	169.821749	0	84.338366	41.5835	160.990899	104.766632
LT934125.1	63173	-	43.828145	0	0	0	54.540496	61.007602	72.557171	0	0	0	77.291699	85.931324	0	0	143.386242	0	0	0	0	64.059037	102.861845	194.523094	0	0	62.37525	150.928968	102.272189
LT934125.1	63174	-	21.914072	0	0	0	163.621489	109.813683	68.289102	0	0	0	115.937548	0	0	0	124.448436	0	0	0	102.949503	76.870844	68.574563	239.294283	0	84.338366	103.958749	176.083796	119.733294
LT934125.1	63175	-	14.609382	0	0	0	54.540496	48.806081	72.557171	0	0	303.076224	77.291699	0	0	0	94.689028	0	0	0	51.474752	76.870844	68.574563	186.803924	0	168.676731	41.5835	166.021865	102.272189
LT934125.1	63176	-	12.174485	0	0	0	0	0	0	0	0	0	0	51.558794	0	0	32.464809	0	0	0	102.949503	0	22.858188	40.139686	0	0	41.5835	35.216759	32.427767
LT934125.1	63178	-	0	0	0	0	0	0	0	0	0	0	0	0	0	0	0	0	0	0	0	0	0	12.350673	0	0	0	0	0
LT934125.1	63179	-	0	0	0	0	0	0	0	0	0	0	0	0	0	0	0	0	0	0	51.474752	0	0	0	0	0	0	0	0
LT934125.1	63180	-	0	0	0	0	0	24.403041	0	0	0	0	0	0	0	0	0	0	0	0	0	0	0	0	0	0	0	0	0
LT934125.1	63181	-	0	0	0	0	54.540496	0	0	0	0	0	0	0	0	0	0	0	0	0	0	0	0	0	0	0	0	0	0
LT934125.1	63188	-	0	0	0	0	0	0	0	0	0	0	0	0	0	0	0	0	0	0	51.474752	0	0	0	0	0	0	0	12.472218
LT934125.1	63267	-	12.174485	0	0	0	0	0	0	0	0	0	0	0	0	0	0	0	0	0	0	0	0	0	0	0	0	0	0
LT934125.1	63291	-	17.044279	0	0	0	0	0	0	0	0	0	0	0	0	0	0	0	0	0	0	0	0	0	0	0	0	0	0
LT934125.1	63307	-	19.479176	0	0	0	0	0	0	0	0	0	0	0	0	0	0	0	0	0	0	0	0	0	0	0	0	0	0
LT934125.1	63308	-	29.218763	0	0	0	0	0	0	0	0	0	0	0	0	0	0	0	0	0	0	0	0	0	0	0	0	0	0
LT934125.1	63319	-	17.044279	0	0	0	0	0	0	0	0	0	0	0	0	0	0	0	0	0	0	0	0	0	0	0	0	0	0
LT934125.1	63928	-	0	0	0	0	0	0	0	0	0	0	38.645849	0	0	0	0	0	0	0	0	0	0	0	0	0	0	0	0
LT934125.1	64131	-	0	0	0	0	0	0	0	0	0	0	0	0	0	0	0	0	0	0	0	38.435422	22.858188	0	0	0	0	15.092897	0
LT934125.1	64132	-	0	0	0	0	0	24.403041	0	0	0	0	0	0	0	0	0	0	0	0	0	0	34.287282	0	0	0	0	0	0
LT934125.1	64133	-	1641.12054	1304.631442	1525.165226	3119.68236	1799.836379	1720.414364	1318.833281	2631.578947	816.993464	1818.457342	1661.771526	1581.136356	0	1283.697047	2131.855824	1524.390244	1722.652885	3137.254902	3809.131621	3126.080996	2171.527841	1826.355718	748.502994	1096.398752	1642.548237	2133.129412	1469.227296
LT934125.1	64134	-	97.395878	0	0	283.607487	109.080993	85.410642	140.846273	0	0	454.614336	309.166795	154.676383	0	0	105.510631	0	430.663221	0	102.949503	128.118074	114.290939	87.998543	0	168.676731	145.542249	95.588346	57.372203
LT934125.1	64135	-	146.093817	652.315721	508.388409	0	218.161985	219.627366	204.867306	0	0	151.538112	38.645849	274.980236	0	0	200.199659	0	861.326443	0	360.323261	358.730606	171.436409	180.628587	0	84.338366	124.750499	216.331521	157.149948
LT934125.1	64136	-	253.229282	0	0	283.607487	218.161985	195.224325	307.300959	0	0	454.614336	231.875097	274.980236	0	0	243.486071	0	0	261.437908	514.747516	409.977836	388.589193	251.644955	0	84.338366	249.500998	251.54828	236.972145
LT934125.1	64137	-	14.609382	652.315721	0	0	0	0	29.876482	0	0	0	0	0	0	0	0	0	0	0	0	51.247229	0	10.806839	0	0	0	25.154828	0
LT934125.1	64138	-	14.609382	0	0	0	0	0	12.804207	2631.578947	6535.947712	0	0	34.372529	0	3851.091142	18.937806	0	5598.621878	0	51.474752	64.059037	34.287282	0	0	0	0	0	14.966662
LT934125.1	64139	-	46.263042	0	0	0	0	48.806081	42.680689	0	0	0	77.291699	0	0	0	35.17021	0	0	0	0	25.623615	0	20.069843	0	0	0	0	12.472218
LT934125.1	64140	-	90.091187	652.315721	0	0	54.540496	73.209122	21.340344	0	0	151.538112	38.645849	51.558794	0	0	32.464809	0	0	0	154.424255	115.306266	91.432751	52.490359	0	84.338366	41.5835	45.27869	32.427767
LT934125.1	64141	-	260.533973	0	508.388409	0	381.783474	439.254731	435.343025	0	0	1060.766783	734.271139	446.842883	0	0	275.950881	0	430.663221	261.437908	360.323261	563.719524	331.443723	175.997085	0	84.338366	166.333999	181.114761	109.75552
LT934125.1	64142	-	0	0	0	0	0	0	17.072275	0	0	151.538112	0	0	0	0	0	0	0	0	0	25.623615	22.858188	0	0	0	0	20.123862	0
LT934125.1	64143	-	46.263042	0	0	0	109.080993	73.209122	38.41262	0	0	0	115.937548	0	0	0	73.045821	0	0	261.437908	102.949503	115.306266	80.003657	44.771188	748.502994	0	83.166999	65.402553	29.933324
LT934125.1	64144	-	0	0	0	0	0	61.007602	34.144551	0	816.993464	0	0	0	0	0	27.054008	0	0	0	102.949503	25.623615	34.287282	29.332848	0	0	103.958749	40.247725	32.427767
LT934125.1	64145	-	0	0	0	0	0	0	17.072275	0	0	0	0	0	0	0	0	0	0	0	51.474752	0	0	0	0	84.338366	0	0	0
LT934125.1	64146	-	0	0	0	0	54.540496	0	0	0	0	0	0	0	0	1283.697047	0	0	0	0	51.474752	25.623615	0	0	0	0	0	0	0
LT934125.1	64151	-	0	0	0	0	0	0	0	0	0	0	0	0	0	0	0	0	0	0	51.474752	0	0	0	0	0	0	0	0
LT934125.1	67868	-	0	0	0	0	54.540496	0	0	0	0	0	0	0	0	0	0	0	0	0	0	0	0	0	0	0	0	0	0
LT934125.1	70190	-	0	0	0	0	0	0	0	0	0	0	0	0	0	0	0	0	0	0	0	0	0	0	0	0	0	25.154828	0
LT934125.1	70314	-	0	0	0	0	0	0	0	0	0	0	0	0	0	0	13.527004	0	0	0	51.474752	0	0	15.438341	0	0	0	20.123862	0
LT934125.1	70531	-	0	0	0	0	0	0	0	0	0	0	0	0	0	0	0	0	0	0	0	0	0	9.263004	0	0	0	0	0
LT934125.1	71544	-	0	0	0	0	54.540496	0	0	0	0	0	0	0	0	0	0	0	0	0	0	0	0	0	0	0	0	0	0
LT934125.1	71546	-	477.239801	0	1016.776817	283.607487	327.242978	390.44865	448.147231	0	816.993464	303.076224	193.229247	292.166501	0	0	508.615349	0	0	0	257.373758	614.966753	514.309226	233.118946	0	253.015097	395.043247	321.981798	456.483184
LT934125.1	71547	-	14.609382	0	0	0	0	0	38.41262	0	0	0	115.937548	0	0	0	0	0	0	0	0	38.435422	0	0	0	0	0	0	0
LT934125.1	71548	-	143.65892	0	0	0	54.540496	122.015203	192.063099	0	0	303.076224	38.645849	240.607706	0	0	91.983627	0	0	0	0	153.741688	137.149127	44.771188	0	168.676731	41.5835	55.340622	69.844422
LT934125.1	71549	-	2001.485287	0	1016.776817	2552.467385	1854.376875	2330.490379	2112.69409	2631.578947	0	454.614336	1120.729634	2337.332004	0	3851.091142	2080.453209	762.195122	2583.979328	1568.627451	1544.242549	2229.254481	2525.829752	1037.456502	0	927.722021	1434.630739	1619.970921	1741.121652
LT934125.1	71550	-	53.567733	0	0	0	0	122.015203	247.547994	0	0	454.614336	154.583398	154.676383	0	0	64.929619	0	0	0	102.949503	89.682652	125.720033	32.420516	0	0	62.37525	25.154828	64.855534
LT934125.1	71551	-	187.487065	0	508.388409	283.607487	163.621489	207.425845	200.599237	0	0	151.538112	193.229247	240.607706	0	0	162.324047	0	0	0	154.424255	217.800725	205.72369	71.016368	0	337.353462	124.750499	135.836071	84.811083
LT934125.1	71552	-	58.437527	0	0	283.607487	54.540496	73.209122	183.526961	0	0	0	193.229247	103.117588	0	0	75.751222	0	0	0	51.474752	64.059037	57.14547	63.297197	0	84.338366	41.5835	45.27869	59.866647
LT934125.1	71553	-	14.609382	0	0	0	0	0	12.804207	0	0	0	0	0	0	0	0	0	0	0	0	0	0	0	0	0	0	0	14.966662
LT934125.1	71554	-	0	0	0	0	54.540496	48.806081	46.948758	0	0	0	0	0	0	0	18.937806	0	0	0	0	38.435422	22.858188	12.350673	0	0	62.37525	0	24.944436
LT934125.1	71627	-	0	0	0	0	0	0	0	0	0	0	0	0	0	0	0	0	0	0	0	0	0	0	0	84.338366	0	0	0
LT934125.1	71635	-	0	0	0	0	54.540496	0	0	0	0	0	0	0	0	0	0	0	0	0	0	0	0	0	0	0	0	0	0
LT934125.1	71860	-	0	0	0	0	0	0	0	0	0	0	0	0	0	0	0	0	0	0	0	25.623615	0	0	0	0	0	0	0
LT934125.1	75637	-	14.609382	0	0	0	0	24.403041	17.072275	0	816.993464	151.538112	38.645849	0	0	0	0	0	0	0	51.474752	64.059037	80.003657	0	0	0	0	15.092897	0
LT934125.1	75641	-	0	0	0	0	0	0	0	0	0	0	38.645849	0	0	0	0	0	0	0	0	0	0	0	0	0	0	0	0
LT934125.1	75643	-	14.609382	0	0	0	0	24.403041	21.340344	0	0	0	38.645849	0	0	0	0	0	0	0	51.474752	38.435422	34.287282	0	0	0	41.5835	0	0
LT934125.1	75644	-	0	0	0	0	54.540496	0	0	0	0	0	0	0	0	0	0	0	0	0	0	0	0	0	0	0	0	0	0
LT934125.1	75646	-	0	0	0	0	0	24.403041	12.804207	0	0	0	38.645849	0	0	0	0	0	0	0	51.474752	0	0	0	0	0	0	0	0
LT934125.1	75648	-	0	0	0	283.607487	0	0	0	0	0	0	0	0	0	0	0	0	0	0	51.474752	38.435422	0	0	0	0	0	0	0
LT934125.1	75649	-	0	0	0	0	0	0	0	0	0	0	38.645849	34.372529	0	0	0	0	0	0	51.474752	25.623615	0	0	0	0	0	0	0
LT934125.1	75650	-	0	0	0	0	0	0	0	0	0	0	0	0	0	0	0	0	0	261.437908	0	0	0	0	0	84.338366	0	0	0
LT934125.1	75651	-	0	0	0	0	0	0	0	0	0	0	0	0	0	0	0	0	0	0	0	38.435422	0	0	0	0	0	0	0
LT934125.1	75652	-	17.044279	0	0	0	54.540496	24.403041	25.608413	0	816.993464	0	77.291699	51.558794	0	0	27.054008	0	0	0	51.474752	38.435422	80.003657	0	0	0	0	0	19.955549
LT934125.1	75653	-	0	0	0	0	0	0	0	0	0	0	0	0	0	0	0	0	0	0	51.474752	0	0	0	0	0	0	0	0
LT934125.1	75655	-	0	0	0	0	0	0	0	0	0	151.538112	0	34.372529	0	0	0	0	0	0	0	0	0	0	0	0	0	0	0
LT934125.1	75657	-	0	0	0	0	0	0	0	0	0	151.538112	0	0	0	0	0	0	0	0	0	0	0	0	0	0	0	0	0
LT934125.1	76252	-	0	0	0	0	0	0	0	0	0	0	0	0	0	0	0	0	0	0	51.474752	0	0	0	0	0	0	0	0
LT934125.1	80345	-	12.174485	0	0	0	0	0	0	0	0	0	0	0	0	0	0	0	0	0	0	0	0	0	0	0	0	0	0
LT934125.1	80347	-	26.783866	0	0	0	54.540496	0	0	0	0	0	0	0	0	0	16.232405	0	0	0	0	0	45.716376	13.894507	0	0	0	15.092897	0
LT934125.1	80348	-	0	0	0	0	0	0	0	0	0	0	0	0	0	0	0	0	0	0	0	0	0	10.806839	0	0	0	0	0
LT934125.1	80350	-	31.65366	652.315721	0	0	54.540496	0	64.021033	0	0	0	38.645849	51.558794	0	0	67.63502	0	0	261.437908	51.474752	25.623615	57.14547	142.032735	0	84.338366	62.37525	70.433518	39.911098
LT934125.1	80351	-	0	0	0	0	54.540496	0	21.340344	0	0	0	38.645849	0	0	0	13.527004	0	0	0	0	0	34.287282	26.245179	0	0	0	0	0
LT934125.1	80352	-	35576.279234	7827.78865	15760.040671	19285.309132	28851.922552	28380.73624	23576.812435	0	4084.96732	9243.824822	10936.77539	15158.285498	16666.666667	7702.182285	35024.118648	3048.780488	6890.611542	8888.888889	12250.990889	20255.467439	26378.348725	60442.648108	2245.508982	16952.01147	16425.482369	23333.618421	32911.689212
LT934125.1	80353	-	1141.966666	0	508.388409	850.822462	1036.26943	976.121625	3021.79276	0	0	1515.381118	2164.167568	1254.597326	0	0	863.022853	0	0	261.437908	411.798013	538.095909	880.04023	1698.217489	0	843.383655	353.459747	729.490011	745.838644
LT934125.1	80354	-	1867.565955	652.315721	508.388409	1418.037436	1799.836379	1525.190039	1792.588925	0	0	757.690559	966.146236	996.803355	0	1283.697047	1536.66765	0	430.663221	0	823.596026	1012.132782	1165.767578	2602.904261	0	506.030193	810.878244	930.728635	1127.488519
LT934125.1	80355	-	1253.971926	652.315721	0	1134.429949	1745.295882	1134.741389	2620.594286	0	0	1060.766783	1120.729634	1288.969855	0	1283.697047	1404.103011	0	430.663221	1045.751634	823.596026	807.143864	857.182043	2866.899889	748.502994	927.722021	519.793746	1081.657603	1516.621725
LT934125.1	80356	-	204.531343	0	0	0	163.621489	195.224325	213.403443	0	0	0	77.291699	34.372529	0	0	194.788857	0	0	0	51.474752	115.306266	148.578221	341.187332	0	84.338366	83.166999	145.898002	194.566603
LT934125.1	80357	-	155.833404	0	0	0	0	170.821284	106.701722	0	0	151.538112	77.291699	68.745059	0	0	135.27004	0	0	0	51.474752	64.059037	125.720033	259.364126	0	0	41.5835	100.619312	112.249963
LT934125.1	80358	-	34.088557	0	0	0	54.540496	0	68.289102	0	0	0	77.291699	0	0	0	21.643206	0	0	0	0	0	0	71.016368	0	0	0	45.27869	29.933324
LT934125.1	80359	-	92.526084	0	0	0	54.540496	73.209122	59.752964	0	0	0	77.291699	51.558794	0	0	73.045821	0	0	0	102.949503	51.247229	45.716376	109.61222	0	0	83.166999	50.309656	57.372203
LT934125.1	80360	-	0	0	0	0	0	0	12.804207	0	0	0	0	0	0	0	0	0	0	0	0	0	0	9.263004	0	0	0	0	0
LT934125.1	80361	-	19.479176	0	0	0	0	0	17.072275	0	0	0	0	0	0	0	0	0	0	0	0	0	0	18.526009	0	0	0	0	0
LT934125.1	80362	-	51.132836	0	0	0	0	61.007602	34.144551	0	0	151.538112	115.937548	0	0	0	35.17021	0	430.663221	0	0	0	22.858188	63.297197	0	0	0	15.092897	39.911098
LT934125.1	80363	-	21.914072	0	0	283.607487	0	0	17.072275	0	816.993464	0	0	0	0	0	0	0	0	0	0	0	0	12.350673	0	0	0	0	17.461105
LT934125.1	80365	-	0	0	0	0	54.540496	0	0	0	0	0	0	0	0	0	0	0	0	0	0	0	0	0	0	0	0	0	0
LT934125.1	86123	-	0	0	0	0	54.540496	0	0	0	0	0	77.291699	0	0	0	16.232405	0	0	0	51.474752	0	0	0	0	0	0	0	0
LT934125.1	86124	-	0	0	0	0	0	0	0	0	816.993464	0	0	0	0	0	0	0	861.326443	0	0	0	0	0	0	0	0	0	0
LT934125.1	86127	-	0	0	0	0	0	0	0	0	0	0	38.645849	0	0	0	0	0	0	0	0	0	0	0	0	0	0	0	0
LT934125.1	86128	-	21.914072	0	0	283.607487	0	48.806081	17.072275	0	0	0	38.645849	0	0	0	0	0	0	0	0	0	0	0	0	0	41.5835	20.123862	0
LT934125.1	86129	-	24.348969	0	0	0	0	48.806081	68.289102	0	0	151.538112	77.291699	103.117588	0	0	24.348607	0	0	0	0	0	45.716376	0	0	0	0	0	0
LT934125.1	86130	-	26.783866	0	0	283.607487	54.540496	24.403041	55.484895	0	4084.96732	151.538112	38.645849	0	0	0	29.759409	0	3875.968992	522.875817	0	0	34.287282	13.894507	0	0	0	15.092897	14.966662
LT934125.1	86131	-	60.872424	0	508.388409	0	0	73.209122	59.752964	0	0	0	77.291699	103.117588	0	0	89.278226	0	0	0	102.949503	51.247229	22.858188	18.526009	0	0	41.5835	20.123862	47.394429
LT934125.1	86132	-	129.049538	0	0	0	109.080993	73.209122	93.897515	0	0	0	77.291699	51.558794	0	0	78.456623	762.195122	0	0	51.474752	64.059037	34.287282	37.052018	0	0	0	65.402553	34.922211
LT934125.1	86133	-	601.419545	0	508.388409	0	599.94546	561.269934	789.592741	0	0	1515.381118	811.562838	807.754443	0	0	400.399317	0	861.326443	0	257.373758	345.918799	480.021944	175.997085	0	84.338366	332.667997	216.331521	207.038821
LT934125.1	86134	-	36.523454	0	0	283.607487	0	36.604561	72.557171	0	816.993464	0	38.645849	0	0	0	37.875611	762.195122	0	0	0	25.623615	57.14547	24.701345	0	84.338366	83.166999	35.216759	29.933324
LT934125.1	86135	-	0	0	0	0	0	0	25.608413	0	0	0	38.645849	0	0	0	21.643206	0	0	0	51.474752	0	34.287282	0	0	0	0	25.154828	12.472218
LT934125.1	86136	-	34.088557	0	0	0	109.080993	48.806081	51.216826	0	0	0	38.645849	0	0	0	35.17021	0	0	0	51.474752	76.870844	22.858188	30.876682	0	0	124.750499	20.123862	22.449993
LT934125.1	86137	-	97.395878	0	0	0	272.702482	122.015203	68.289102	0	0	151.538112	77.291699	34.372529	0	0	73.045821	0	0	0	205.899007	192.17711	125.720033	30.876682	0	0	124.750499	50.309656	74.833309
LT934125.1	86138	-	36.523454	0	0	0	163.621489	24.403041	29.876482	0	0	0	0	34.372529	0	0	16.232405	0	0	0	51.474752	51.247229	22.858188	24.701345	0	84.338366	41.5835	75.464484	47.394429
LT934125.1	86141	-	0	0	0	0	0	0	0	0	0	0	0	0	0	0	13.527004	0	0	0	0	0	0	0	0	0	0	0	0
LT934125.1	86142	-	0	0	0	0	0	0	0	0	0	0	0	0	0	0	32.464809	0	0	0	0	0	22.858188	0	0	0	0	0	0
LT934125.1	86143	-	0	0	0	0	0	0	0	0	0	0	0	0	0	0	21.643206	0	0	0	0	0	0	0	0	0	0	0	0
LT934125.1	91403	-	0	0	0	0	0	0	0	0	0	0	0	0	0	0	0	762.195122	0	0	0	0	0	0	0	0	0	0	0
LT934125.1	91595	-	0	0	0	0	0	0	0	0	0	0	38.645849	0	0	0	0	0	0	0	0	0	0	0	0	0	0	0	0
LT934125.1	92060	-	0	0	0	0	0	0	0	0	0	151.538112	0	0	0	0	0	0	0	0	0	0	0	0	0	0	0	0	0
LT934125.1	92062	-	19.479176	0	0	0	0	0	0	0	0	0	38.645849	0	0	0	0	0	0	0	0	0	0	10.806839	0	0	83.166999	0	0
LT934125.1	92063	-	0	0	0	0	0	0	0	0	0	303.076224	0	0	0	0	27.054008	0	0	0	0	38.435422	34.287282	21.613677	0	0	0	0	27.43888
LT934125.1	92064	-	854.648827	0	0	567.214974	381.783474	707.688178	682.891019	0	0	757.690559	579.687742	704.636854	0	0	817.031039	762.195122	0	261.437908	308.84851	691.837598	720.032916	972.615471	748.502994	253.015097	644.544245	689.242286	666.016448
LT934125.1	92065	-	26.783866	0	0	0	0	24.403041	12.804207	0	0	0	0	34.372529	0	0	0	0	0	0	0	0	22.858188	23.157511	0	0	0	30.185794	12.472218
LT934125.1	92066	-	60.872424	0	0	283.607487	0	61.007602	115.237859	0	0	0	0	0	0	0	32.464809	0	0	0	51.474752	38.435422	22.858188	55.578027	0	0	0	0	22.449993
LT934125.1	92067	-	9143.038021	652.315721	3050.330452	5955.757232	6163.076084	8004.197323	6713.672332	0	3267.973856	6667.676921	6492.502705	7819.750455	0	2567.394095	10375.212036	4573.170732	2583.979328	4444.444444	7206.465229	8058.62683	7680.351102	11251.462783	748.502994	3120.519524	6362.275449	7093.661486	7630.503054
LT934125.1	92068	-	552.721606	0	0	567.214974	218.161985	463.657772	1412.730796	0	0	454.614336	1159.375483	1065.548414	0	0	592.482773	762.195122	0	0	360.323261	499.660487	342.872817	643.778812	0	84.338366	249.500998	332.043729	316.794341
LT934125.1	92069	-	24129.828705	5218.525766	8642.602949	10777.084515	15871.284429	21035.421013	18523.418894	5263.157895	6535.947712	11668.434611	14685.422786	18784.587358	0	8985.879332	28268.732871	9908.536585	9905.254091	11764.705882	16214.546765	20819.186963	20286.641675	24837.202696	2994.011976	9192.881842	14346.307385	15711.705548	17515.983148
LT934125.1	92070	-	676.90135	0	0	567.214974	381.783474	500.262333	2723.027939	0	0	1363.843007	2511.980213	2698.243564	0	0	895.487662	0	0	0	360.323261	717.461212	628.600165	776.548543	0	168.676731	436.626747	437.694007	453.98874
LT934125.1	92071	-	116.875053	652.315721	0	283.607487	109.080993	170.821284	166.454686	2631.578947	3267.973856	303.076224	231.875097	137.490118	16666.666667	5134.78819	221.842865	0	4737.295435	0	102.949503	153.741688	182.865502	140.488901	0	0	41.5835	105.650277	94.788858
LT934125.1	92072	-	2269.323951	1956.947162	1016.776817	1418.037436	1963.457867	1891.235648	3935.159498	0	0	2576.147901	2859.792858	3145.086447	0	1283.697047	2559.309149	762.195122	861.326443	522.875817	1956.040562	2344.560747	1828.655024	2616.798767	0	1180.737117	1497.005988	1720.590233	1830.921622
LT934125.1	92073	-	586.810163	0	0	1701.644923	763.566948	549.068414	542.044746	0	0	909.228671	850.208688	549.960472	0	0	646.590789	0	0	0	308.84851	743.084827	422.876474	762.654036	0	253.015097	519.793746	528.251387	516.349831
LT934125.1	92074	-	272.708458	0	0	283.607487	436.323971	195.224325	281.692545	0	0	909.228671	695.62529	378.097824	0	0	330.058897	0	0	0	205.899007	243.42434	194.294596	358.169507	748.502994	253.015097	124.750499	216.331521	189.577716
LT934125.1	92075	-	34.088557	0	0	0	54.540496	36.604561	81.093309	0	0	0	231.875097	51.558794	0	0	43.286413	0	0	0	51.474752	102.494459	34.287282	41.68352	0	0	0	15.092897	14.966662
LT934125.1	92076	-	46.263042	0	0	0	54.540496	61.007602	29.876482	0	816.993464	0	38.645849	34.372529	0	0	56.813417	0	0	0	51.474752	76.870844	22.858188	60.209529	0	84.338366	0	60.371587	44.899985
LT934125.1	92077	-	129.049538	0	0	0	109.080993	109.813683	183.526961	0	0	303.076224	231.875097	189.048912	0	0	64.929619	0	0	0	51.474752	38.435422	34.287282	78.735538	0	168.676731	83.166999	70.433518	57.372203
LT934125.1	92078	-	82.786496	0	0	0	0	85.410642	55.484895	0	0	303.076224	270.520946	120.303853	0	0	89.278226	0	0	0	51.474752	140.929881	34.287282	120.419058	0	84.338366	103.958749	85.526415	57.372203
LT934125.1	92079	-	38.958351	0	0	0	0	73.209122	93.897515	0	0	0	154.583398	0	0	0	35.17021	0	0	0	0	38.435422	0	38.595852	0	0	0	15.092897	29.933324
LT934125.1	92080	-	58.437527	0	0	0	0	24.403041	98.165584	0	0	0	38.645849	34.372529	0	0	67.63502	0	0	0	0	25.623615	57.14547	69.472534	0	0	103.958749	45.27869	39.911098
LT934125.1	92081	-	17.044279	0	0	0	0	0	21.340344	0	0	0	0	0	0	0	0	0	0	0	51.474752	0	22.858188	15.438341	0	84.338366	0	0	32.427767
LT934125.1	92082	-	0	0	0	0	0	0	0	0	0	0	38.645849	0	0	0	0	0	0	0	0	0	0	0	0	0	0	0	0
LT934125.1	92083	-	21.914072	0	0	0	0	0	17.072275	0	0	0	0	0	0	0	21.643206	0	0	0	102.949503	76.870844	22.858188	16.982175	0	0	41.5835	20.123862	19.955549
LT934125.1	92084	-	0	0	0	0	0	24.403041	17.072275	0	0	0	0	51.558794	0	0	0	0	0	0	0	0	0	9.263004	0	0	0	0	0
LT934125.1	92085	-	0	0	0	0	54.540496	0	0	0	0	0	38.645849	34.372529	0	0	0	0	0	0	0	0	0	13.894507	0	0	0	0	0
LT934125.1	92087	-	0	0	0	0	0	0	0	0	0	0	38.645849	0	0	0	0	0	0	0	0	0	0	0	0	0	0	0	0
LT934125.1	92089	-	0	0	0	0	0	0	0	0	0	0	38.645849	0	0	0	0	0	0	0	0	0	0	0	0	0	0	0	0
LT934125.1	93202	-	0	0	0	0	0	0	0	0	0	0	0	0	0	0	0	0	0	0	0	0	0	0	0	0	41.5835	0	0
LT934125.1	93208	-	0	0	0	0	0	0	0	0	0	0	0	0	0	0	0	0	0	0	0	25.623615	0	9.263004	0	0	0	0	17.461105
LT934125.1	93211	-	0	0	0	0	54.540496	0	0	0	0	0	0	0	0	0	16.232405	0	0	0	0	0	0	21.613677	0	84.338366	0	40.247725	17.461105
LT934125.1	93214	-	19.479176	0	0	0	0	0	0	0	0	0	0	0	0	0	24.348607	0	0	0	51.474752	51.247229	0	37.052018	0	0	83.166999	75.464484	0
LT934125.1	93215	-	0	0	0	0	0	0	0	0	0	0	0	0	0	0	0	0	0	0	51.474752	0	0	0	0	0	0	0	0
LT934125.1	93221	-	0	0	0	0	0	24.403041	0	0	0	0	0	0	0	0	0	0	0	0	0	0	0	0	0	0	0	20.123862	0
LT934125.1	93224	-	0	0	0	0	0	0	0	0	0	0	0	0	0	0	0	0	0	0	0	25.623615	0	0	0	0	0	35.216759	0
LT934125.1	93227	-	14.609382	0	0	0	0	0	0	0	0	0	0	0	0	0	24.348607	0	0	0	51.474752	140.929881	0	38.595852	0	0	41.5835	75.464484	37.416654
LT934125.1	93229	-	29.218763	0	0	0	0	0	0	0	0	0	0	0	0	0	24.348607	0	0	0	205.899007	64.059037	22.858188	58.665695	0	0	124.750499	95.588346	34.922211
LT934125.1	93230	-	0	0	0	0	0	0	0	0	0	0	0	0	0	0	0	0	0	0	51.474752	0	0	0	0	0	0	15.092897	12.472218
LT934125.1	93231	-	0	0	0	0	0	0	0	0	0	0	0	0	0	0	0	0	0	0	0	0	0	0	0	0	0	15.092897	0
LT934125.1	93236	-	0	0	0	0	0	0	0	0	0	0	0	0	0	0	13.527004	0	0	0	102.949503	0	0	0	0	0	0	0	0
LT934125.1	93239	-	14.609382	0	0	0	0	0	0	0	0	0	0	0	0	0	0	0	0	0	51.474752	64.059037	0	9.263004	0	0	0	35.216759	12.472218
LT934125.1	93240	-	0	0	0	0	0	24.403041	0	0	0	0	0	0	0	0	0	0	0	0	0	25.623615	0	16.982175	0	0	41.5835	20.123862	14.966662
LT934125.1	93242	-	0	0	0	283.607487	0	0	0	0	0	0	0	0	0	0	13.527004	0	0	0	0	25.623615	22.858188	16.982175	0	0	0	20.123862	12.472218
LT934125.1	93244	-	0	0	0	0	0	0	0	0	0	0	0	0	0	0	0	0	0	0	0	51.247229	0	13.894507	0	0	0	15.092897	0
LT934125.1	93245	-	53.567733	0	0	0	0	36.604561	0	0	0	0	0	0	0	0	70.340421	0	0	261.437908	102.949503	128.118074	80.003657	101.893049	0	0	311.876248	166.021865	82.31664
LT934125.1	93247	-	0	0	0	0	0	0	0	0	0	0	0	0	0	0	0	0	0	0	0	38.435422	0	15.438341	0	0	0	20.123862	14.966662
LT934125.1	93248	-	19.479176	0	0	0	0	0	0	0	0	0	0	0	0	0	0	0	0	0	154.424255	51.247229	0	35.508184	0	0	103.958749	35.216759	22.449993
LT934125.1	93250	-	0	0	0	0	0	0	0	0	0	0	0	0	0	0	0	0	0	0	51.474752	0	0	0	0	0	0	0	0
LT934125.1	93253	-	21.914072	652.315721	0	283.607487	54.540496	0	0	0	0	0	0	0	0	0	43.286413	0	0	0	154.424255	89.682652	22.858188	46.315022	0	0	62.37525	65.402553	59.866647
LT934125.1	93256	-	0	0	0	0	0	0	0	0	0	0	0	0	0	0	0	0	0	0	51.474752	0	0	10.806839	0	0	0	0	14.966662
LT934125.1	93270	-	0	0	0	0	0	0	0	0	0	0	0	0	0	0	13.527004	0	0	0	51.474752	0	45.716376	10.806839	0	0	0	20.123862	19.955549
LT934125.1	93274	-	0	0	0	0	0	0	0	0	0	0	0	0	0	0	18.937806	0	0	0	51.474752	51.247229	0	12.350673	0	0	0	30.185794	0
LT934125.1	93275	-	0	0	0	0	54.540496	0	0	0	0	0	0	0	0	0	0	0	0	0	0	0	0	0	0	0	0	0	0
LT934125.1	94764	-	0	0	0	0	0	0	0	0	0	0	0	0	0	0	0	0	0	0	0	25.623615	0	0	0	0	0	0	0
LT934125.1	95877	-	0	0	0	0	0	0	0	0	0	151.538112	38.645849	0	0	0	0	0	0	0	0	0	22.858188	0	0	168.676731	0	0	0
LT934125.1	95880	-	0	0	0	0	0	0	0	0	0	0	0	0	0	0	0	0	0	0	0	0	0	0	0	84.338366	41.5835	0	0
LT934125.1	95881	-	0	0	0	0	0	0	0	0	0	0	38.645849	0	0	0	0	762.195122	0	0	0	0	0	0	0	0	0	0	0
LT934125.1	95882	-	29.218763	0	0	0	163.621489	97.612162	55.484895	0	0	151.538112	0	51.558794	0	0	16.232405	762.195122	0	261.437908	0	0	102.861845	9.263004	0	674.706924	124.750499	95.588346	49.888873
LT934125.1	95883	-	0	0	0	0	0	0	0	0	0	151.538112	38.645849	0	0	0	0	762.195122	0	0	0	0	22.858188	0	0	168.676731	0	0	0
LT934125.1	95884	-	0	0	0	0	0	36.604561	12.804207	2631.578947	0	0	0	0	0	0	0	762.195122	0	0	0	25.623615	0	0	0	84.338366	83.166999	0	12.472218
LT934125.1	95885	-	19.479176	0	0	0	54.540496	0	25.608413	0	0	0	38.645849	68.745059	0	0	13.527004	0	0	0	51.474752	0	22.858188	0	0	0	83.166999	20.123862	0
LT934125.1	95886	-	564.896091	9132.420091	5592.272496	1418.037436	1745.295882	1390.973315	951.779358	7894.736842	9803.921569	3636.914684	1777.709074	1752.999003	0	6418.485237	435.569527	5335.365854	4737.295435	3660.130719	1029.495033	1024.944589	1028.618451	87.998543	4491.017964	7843.467994	3659.347971	1453.949056	825.66084
LT934125.1	95887	-	31.65366	0	0	0	109.080993	73.209122	102.433653	2631.578947	0	606.152447	77.291699	171.862647	0	0	24.348607	762.195122	0	0	0	102.494459	34.287282	9.263004	0	337.353462	103.958749	60.371587	27.43888
LT934125.1	95888	-	121.744847	1304.631442	1016.776817	0	109.080993	256.231926	290.228683	5263.157895	2450.980392	757.690559	502.396043	687.450589	0	2567.394095	70.340421	0	1291.989664	1045.751634	51.474752	179.365303	228.581878	9.263004	0	1433.752214	353.459747	246.517314	122.227738
LT934125.1	95889	-	6540.133189	49575.994781	34570.411795	14180.374362	12489.773657	14190.36812	10064.106394	89473.684211	80882.352941	26670.707683	12753.130314	18922.077476	116666.666667	59050.064185	4677.637969	62500	44788.975022	39215.686275	13434.910177	10185.386853	10617.628234	893.879933	34431.137725	68398.414439	28131.237525	13075.479577	7817.586326
LT934125.1	95890	-	540.547121	3261.578604	3050.330452	850.822462	818.107445	1281.159632	1886.48644	21052.631579	9803.921569	4546.143355	2937.084557	3248.204035	0	6418.485237	289.477885	3048.780488	3875.968992	4967.320261	926.545529	807.143864	685.745634	58.665695	1497.005988	4807.286835	2141.550233	845.20222	506.372056
LT934125.1	95891	-	1083.52914	8480.104371	5592.272496	567.214974	2072.53886	2318.288859	2283.416845	31578.947368	21241.830065	8031.519927	5178.543824	4176.262331	0	10269.57638	657.412392	8384.146341	5167.958656	7058.823529	1698.666804	1729.593994	1497.211301	111.156054	7485.02994	8771.190014	3680.139721	1770.899889	980.316345
LT934125.1	95892	-	820.56027	14350.945858	8642.602949	2836.074872	3817.834742	1793.623485	2048.673057	23684.210526	17156.862745	10304.591605	5796.877415	2852.919946	0	14120.667522	503.204547	12195.121951	5598.621878	8366.013072	2573.737582	2203.630866	1542.927677	177.540919	3742.51497	10120.603863	4948.43646	2445.049278	1539.071718
LT934125.1	95893	-	94.960981	1956.947162	1525.165226	567.214974	1036.26943	353.844089	405.466543	0	816.993464	1212.304895	541.041892	326.53903	0	5134.78819	100.099829	2286.585366	861.326443	2352.941176	617.69702	474.036872	274.298254	44.771188	0	1518.090579	706.919494	301.857936	231.983257
LT934125.1	95894	-	51.132836	652.315721	0	0	0	158.619764	76.82524	5263.157895	816.993464	303.076224	309.166795	171.862647	0	0	16.232405	1524.390244	0	261.437908	205.899007	76.870844	114.290939	0	748.502994	421.691828	291.084498	115.712209	52.383316
LT934125.1	95895	-	0	0	0	0	0	36.604561	0	0	0	0	77.291699	34.372529	0	0	0	0	0	0	51.474752	0	22.858188	0	0	168.676731	41.5835	35.216759	12.472218
LT934125.1	95896	-	0	0	0	0	109.080993	0	0	0	0	0	38.645849	0	0	0	0	0	0	0	0	0	22.858188	0	0	168.676731	0	0	0
LT934125.1	95897	-	0	0	0	0	0	0	0	0	0	0	38.645849	0	0	0	0	0	0	261.437908	51.474752	0	0	0	0	0	0	0	0
LT934125.1	95898	-	0	652.315721	0	0	54.540496	0	0	0	0	0	0	0	0	0	0	0	0	0	0	0	0	0	0	0	0	0	0
LT934125.1	95899	-	0	0	0	0	0	0	0	0	0	0	38.645849	0	0	0	0	0	0	0	0	0	0	0	0	0	0	0	0
LT934125.1	95900	-	0	0	0	0	0	0	0	0	0	0	38.645849	0	0	0	0	0	0	0	0	0	0	0	0	0	0	0	0
LT934125.1	97402	-	0	0	0	283.607487	0	0	0	0	0	0	0	0	0	0	0	0	0	0	0	0	0	0	0	0	0	0	0
LT934125.1	98241	-	0	0	0	0	0	0	0	0	0	0	38.645849	0	0	0	0	0	0	0	0	0	0	0	0	0	0	0	0
LT934125.1	99091	-	0	0	0	0	0	0	0	0	0	151.538112	0	0	0	0	0	0	0	0	0	0	0	0	0	0	0	0	0
LT934125.1	99120	-	0	0	0	0	0	0	0	0	0	0	38.645849	0	0	0	0	0	0	0	0	0	0	0	0	0	0	0	0
LT934125.1	101265	-	0	0	0	0	0	0	0	0	0	0	0	0	0	0	0	0	0	0	51.474752	0	0	0	0	0	0	0	0
LT934125.1	102313	-	0	0	0	0	0	0	0	0	0	0	0	0	0	0	0	0	0	0	0	0	0	0	0	84.338366	0	0	0
LT934125.1	102337	-	0	0	0	0	0	0	0	0	0	0	0	0	0	0	0	0	0	0	51.474752	0	0	0	0	0	0	0	0
LT934125.1	102341	-	0	0	0	0	0	0	0	0	0	0	0	0	0	0	0	0	0	261.437908	0	0	0	0	0	0	0	0	0
LT934125.1	102356	-	17.044279	0	0	0	54.540496	36.604561	0	0	0	0	0	0	0	0	0	0	0	0	0	25.623615	0	0	0	0	0	15.092897	12.472218
LT934125.1	102357	-	97.395878	0	0	0	54.540496	61.007602	64.021033	0	0	0	0	154.676383	16666.666667	0	94.689028	0	0	0	0	76.870844	45.716376	27.789013	2994.011976	168.676731	124.750499	105.650277	127.216625
LT934125.1	102358	-	1188.229708	2609.262883	0	0	436.323971	1037.129226	712.767501	2631.578947	0	1212.304895	1275.313031	1288.969855	16666.666667	0	1141.679134	3048.780488	430.663221	261.437908	1132.444536	1114.62724	1611.50224	253.188789	35928.143713	2614.489331	1205.92149	1212.462708	1057.644098
LT934125.1	102359	-	51.132836	0	0	0	0	85.410642	110.969791	0	0	0	193.229247	51.558794	0	0	35.17021	0	0	0	102.949503	76.870844	102.861845	15.438341	748.502994	168.676731	83.166999	95.588346	57.372203
LT934125.1	102360	-	51.132836	0	0	0	0	24.403041	42.680689	0	0	0	77.291699	68.745059	0	0	43.286413	0	0	0	51.474752	64.059037	57.14547	13.894507	1497.005988	168.676731	103.958749	105.650277	64.855534
LT934125.1	102361	-	5855.927148	7827.78865	2541.942044	3119.68236	2672.48432	5551.691741	3866.870396	28947.368421	4901.960784	4243.067131	5680.939867	6272.986629	16666.666667	8985.879332	5619.117444	15243.902439	3875.968992	5228.75817	7206.465229	7341.165618	6068.848862	1577.798431	206586.826347	18554.440415	8087.990685	6781.74162	6345.864587
LT934125.1	102362	-	43.828145	0	0	0	0	73.209122	72.557171	0	0	0	0	68.745059	0	0	35.17021	0	0	0	0	38.435422	68.574563	13.894507	2245.508982	84.338366	62.37525	40.247725	52.383316
LT934125.1	102363	-	309.231912	652.315721	508.388409	0	163.621489	305.038008	588.993504	2631.578947	816.993464	454.614336	541.041892	773.381913	16666.666667	0	265.129278	3048.780488	861.326443	522.875817	360.323261	281.859762	342.872817	69.472534	14221.556886	1265.075483	415.834997	332.043729	244.455475
LT934125.1	102364	-	409.062686	0	0	283.607487	163.621489	378.24713	405.466543	2631.578947	0	303.076224	811.562838	429.656618	0	0	294.888686	762.195122	861.326443	261.437908	308.84851	422.789643	411.44738	86.454709	17964.071856	1096.398752	499.001996	482.972697	339.244333
LT934125.1	102365	-	214.270931	0	0	0	163.621489	207.425845	341.44551	2631.578947	0	454.614336	656.97944	515.587942	0	0	192.083456	0	0	0	154.424255	166.553496	262.86916	46.315022	11227.54491	674.706924	249.500998	296.82697	182.094385
LT934125.1	102366	-	119.30995	0	0	0	54.540496	109.813683	38.41262	0	0	0	38.645849	137.490118	0	0	81.162024	0	0	0	51.474752	89.682652	137.149127	27.789013	2994.011976	759.04529	83.166999	110.681243	79.822196
LT934125.1	102367	-	102.265672	0	0	0	54.540496	122.015203	102.433653	0	0	303.076224	270.520946	120.303853	0	0	135.27004	1524.390244	0	0	205.899007	140.929881	102.861845	32.420516	10479.041916	337.353462	187.125749	140.867037	104.766632
LT934125.1	102368	-	26.783866	0	0	283.607487	0	85.410642	0	0	0	151.538112	38.645849	0	0	0	21.643206	0	0	0	51.474752	25.623615	34.287282	0	1497.005988	168.676731	41.5835	45.27869	17.461105
LT934125.1	102369	-	0	0	0	0	0	0	0	0	0	0	0	0	0	0	0	0	0	0	0	0	0	0	748.502994	84.338366	0	0	0
LT934125.1	102370	-	12.174485	0	0	0	0	0	0	0	0	0	38.645849	34.372529	0	0	0	0	0	0	0	51.247229	22.858188	0	0	0	0	15.092897	17.461105
LT934125.1	102372	-	0	0	0	0	0	0	0	0	0	0	0	0	0	0	0	0	0	0	0	0	0	0	1497.005988	0	0	0	0
LT934125.1	102373	-	0	0	0	0	0	0	0	0	0	0	0	0	0	0	0	0	0	261.437908	51.474752	25.623615	22.858188	0	0	0	0	0	0
LT934125.1	105391	-	0	0	0	0	0	0	0	0	0	0	0	0	0	0	0	0	0	0	0	0	0	0	748.502994	0	0	0	0
LT934125.1	106062	-	0	0	0	0	54.540496	0	0	0	0	0	0	0	0	0	0	0	0	0	0	0	0	0	0	0	0	0	0
LT934125.1	107029	-	0	0	0	0	0	0	0	0	0	0	0	0	0	0	0	0	0	0	0	0	0	0	0	84.338366	0	0	0
LT934125.1	107118	-	0	0	0	0	54.540496	0	0	0	0	0	0	0	0	0	0	0	0	0	0	0	0	0	0	0	0	0	0
LT934125.1	107502	-	0	0	0	0	54.540496	0	0	0	0	0	0	0	0	0	0	0	0	0	0	0	0	0	0	0	0	0	0
LT934125.1	108137	-	0	0	0	0	0	0	0	0	0	0	0	0	0	0	0	0	0	0	0	25.623615	0	0	0	0	0	0	0
LT934125.1	108232	-	0	0	0	0	0	0	0	0	0	0	38.645849	0	0	0	0	0	0	0	0	0	0	0	0	0	0	0	0
LT934125.1	108501	-	0	0	0	0	0	0	0	0	0	0	0	0	0	0	0	0	0	0	51.474752	0	0	0	0	0	0	0	0
LT934125.1	108759	-	0	0	0	0	0	0	0	0	0	0	0	0	0	0	0	0	0	0	51.474752	0	0	0	0	0	0	0	0
LT934125.1	108863	-	0	0	0	0	0	0	0	0	0	0	38.645849	0	0	0	0	0	0	0	0	0	0	0	0	0	0	0	0
LT934125.1	109317	-	0	0	0	0	0	0	0	0	0	0	38.645849	0	0	0	0	0	0	0	0	0	0	0	0	0	0	0	0
LT934125.1	110202	-	0	0	0	0	0	0	0	0	0	0	0	0	0	0	0	762.195122	0	0	0	0	0	0	0	84.338366	41.5835	0	0
LT934125.1	110203	-	0	0	0	0	0	0	17.072275	0	0	151.538112	38.645849	0	0	0	18.937806	762.195122	0	0	0	25.623615	0	0	0	421.691828	0	25.154828	0
LT934125.1	110204	-	0	0	0	0	0	0	0	0	0	0	0	0	0	0	0	0	0	0	0	25.623615	0	0	0	0	0	0	0
LT934125.1	110205	-	0	0	0	0	0	0	0	0	0	0	0	0	0	0	0	0	0	261.437908	0	0	0	0	0	337.353462	0	0	0
LT934125.1	110207	-	0	0	0	0	0	0	0	0	0	0	0	0	16666.666667	0	0	0	0	0	0	0	0	0	0	0	0	0	0
LT934125.1	110208	-	0	0	0	0	0	24.403041	25.608413	0	0	0	38.645849	68.745059	0	0	13.527004	762.195122	0	261.437908	102.949503	38.435422	22.858188	0	748.502994	421.691828	0	25.154828	0
LT934125.1	110209	-	0	0	0	0	54.540496	0	0	0	0	0	0	0	0	0	0	0	0	0	0	0	0	0	0	0	0	0	0
LT934125.1	111765	-	0	0	0	0	0	0	0	0	0	0	0	0	0	0	0	0	430.663221	0	0	0	0	0	0	0	0	0	0
LT934125.1	112421	-	0	0	0	0	0	0	0	0	0	0	0	0	0	0	0	0	0	0	51.474752	0	0	0	0	0	0	0	0
LT934125.1	113916	-	0	0	0	0	0	0	0	0	0	0	38.645849	0	0	0	0	0	0	0	0	0	0	0	0	0	0	0	0
LT934125.1	114985	-	0	0	0	0	0	0	0	0	0	0	0	0	0	0	0	0	0	0	0	0	0	0	0	0	0	15.092897	0
LT934125.1	115587	-	0	0	0	0	54.540496	0	0	0	0	0	0	0	0	0	0	0	0	0	0	0	0	0	0	0	0	0	0
LT934125.1	115713	-	0	0	0	0	0	0	0	0	0	151.538112	0	0	0	0	0	0	0	0	0	0	0	0	0	0	0	0	0
LT934125.1	115880	-	0	0	0	0	0	0	0	0	0	0	0	0	0	0	0	0	0	261.437908	0	0	0	0	0	0	0	0	0
LT934125.1	115967	-	0	0	0	0	0	0	0	0	0	0	0	0	0	0	0	0	0	0	0	0	0	0	0	0	0	25.154828	0
LT934125.1	116024	-	0	0	0	0	0	0	0	0	0	0	0	0	0	0	0	0	0	0	0	0	0	0	0	84.338366	0	0	0
LT934125.1	116075	-	0	0	0	0	0	0	0	0	0	0	0	0	0	0	0	0	0	0	0	0	0	0	0	0	0	0	12.472218
LT934125.1	116099	-	0	0	0	0	54.540496	0	0	0	0	0	0	0	0	0	0	0	0	0	0	0	0	0	0	0	0	0	0
LT934125.1	116164	-	0	0	0	0	0	0	0	0	0	0	0	0	0	0	0	0	0	0	0	0	0	0	0	84.338366	0	0	0
LT934125.1	116253	-	0	0	0	0	0	0	0	0	0	0	0	0	0	0	0	0	0	0	0	0	0	9.263004	0	0	0	20.123862	19.955549
LT934125.1	116354	-	0	0	0	0	0	0	0	0	0	0	38.645849	0	0	0	0	0	0	0	0	0	0	0	0	0	0	0	0
LT934125.1	116355	-	0	0	0	0	0	0	0	0	0	0	0	0	0	0	0	0	0	0	51.474752	0	0	0	0	0	0	0	0
LT934125.1	116465	-	0	0	0	0	0	0	0	0	0	0	0	0	0	0	0	0	0	0	0	25.623615	0	0	0	0	0	0	0
LT934125.1	116528	-	0	0	0	0	0	0	0	0	0	0	0	0	0	0	0	0	0	0	0	0	0	0	0	0	41.5835	0	0
LT934125.1	116543	-	12.174485	0	0	0	0	0	0	0	0	0	0	0	0	0	0	0	0	261.437908	51.474752	0	0	0	0	0	0	0	14.966662
LT934125.1	116586	-	26.783866	0	0	567.214974	163.621489	48.806081	0	0	0	0	77.291699	34.372529	0	0	24.348607	0	0	0	51.474752	25.623615	22.858188	10.806839	0	0	62.37525	30.185794	19.955549
LT934125.1	116598	-	14.609382	0	0	0	0	0	0	0	0	0	0	0	0	0	0	0	0	0	51.474752	0	0	0	0	0	0	0	0
LT934125.1	116599	-	0	0	0	0	0	0	0	0	0	0	38.645849	0	0	0	0	0	0	0	0	0	0	0	0	0	0	0	0
LT934125.1	116600	-	0	0	0	0	0	0	0	0	0	0	0	0	0	0	0	0	0	261.437908	0	38.435422	0	0	0	0	0	15.092897	14.966662
LT934125.1	116601	-	211.836034	652.315721	508.388409	283.607487	272.702482	610.076015	38.41262	0	0	303.076224	154.583398	103.117588	0	0	175.851051	0	430.663221	522.875817	205.899007	217.800725	205.72369	71.016368	0	421.691828	228.709248	362.229523	269.399912
LT934125.1	116602	-	0	0	0	0	0	0	0	0	0	0	0	0	0	0	0	0	0	0	0	25.623615	0	0	0	0	0	15.092897	0
LT934125.1	116603	-	0	0	0	0	0	36.604561	0	0	0	0	38.645849	0	0	0	0	0	0	0	51.474752	0	22.858188	0	0	0	0	15.092897	0
LT934125.1	116606	-	0	0	0	0	0	0	0	0	0	0	38.645849	0	0	0	0	0	0	0	0	0	0	0	0	0	0	0	0
LT934125.1	116607	-	48.697939	0	0	0	54.540496	61.007602	0	0	0	151.538112	0	34.372529	0	0	67.63502	0	0	522.875817	257.373758	217.800725	45.716376	40.139686	0	0	166.333999	196.207658	69.844422
LT934125.1	116608	-	0	0	0	0	0	0	0	0	0	0	0	0	0	0	0	0	0	0	0	0	0	0	0	0	0	30.185794	0
LT934125.1	116648	-	0	0	0	0	0	0	0	0	0	0	0	0	0	0	0	0	0	261.437908	0	0	0	0	0	0	0	0	0
LT934125.1	116716	-	0	0	0	0	0	0	0	0	0	0	0	0	0	0	0	0	0	0	51.474752	0	0	0	0	0	0	0	0
LT934125.1	116948	-	0	0	0	0	0	0	0	0	0	0	0	0	0	0	0	0	0	0	0	25.623615	0	0	0	0	0	0	0
LT934125.1	116952	-	0	0	0	0	54.540496	0	0	0	0	0	0	0	0	0	0	0	0	0	0	0	0	0	0	0	0	0	0
LT934125.1	117056	-	0	0	0	283.607487	0	0	0	0	0	0	0	0	0	0	0	0	0	0	0	0	0	0	0	0	0	0	0
LT934125.1	117154	-	0	0	0	0	0	0	0	0	0	0	38.645849	0	0	0	0	0	0	0	0	0	0	0	0	0	0	0	0
LT934125.1	117185	-	0	0	0	0	0	24.403041	0	0	0	0	0	0	0	0	0	0	0	0	0	0	0	0	0	0	0	0	0
LT934125.1	117248	-	21.914072	0	0	0	54.540496	48.806081	51.216826	0	0	0	38.645849	51.558794	0	0	0	0	0	0	51.474752	38.435422	22.858188	0	0	0	0	0	0
LT934125.1	117249	-	0	0	0	0	0	0	0	0	0	151.538112	0	0	0	0	0	0	0	0	0	0	0	0	0	0	0	0	0
LT934125.1	117250	-	0	0	0	0	54.540496	0	0	0	0	151.538112	0	0	0	0	0	0	0	0	0	0	0	0	0	0	0	0	0
LT934125.1	117251	-	0	0	0	0	0	0	17.072275	0	0	151.538112	0	0	0	0	0	0	0	0	0	0	0	0	0	0	0	0	0
LT934125.1	117252	-	0	0	0	0	0	0	0	0	0	0	38.645849	0	0	0	0	0	0	0	0	0	0	0	0	0	0	0	0
LT934125.1	117253	-	150.96361	0	0	0	436.323971	268.433447	256.084132	0	816.993464	454.614336	463.750193	292.166501	0	0	97.394428	0	430.663221	0	566.222268	179.365303	205.72369	12.350673	0	0	0	20.123862	17.461105
LT934125.1	117255	-	0	0	0	0	109.080993	0	38.41262	0	0	151.538112	154.583398	34.372529	0	1283.697047	0	0	0	0	0	0	0	0	0	0	0	0	0
LT934125.1	117256	-	17.044279	0	0	0	0	48.806081	51.216826	0	0	0	77.291699	68.745059	0	0	18.937806	0	0	0	0	38.435422	22.858188	0	0	0	0	0	0
LT934125.1	117257	-	0	0	0	0	0	0	12.804207	0	0	0	0	0	0	0	0	0	0	0	0	0	0	0	0	0	0	0	0
LT934125.1	117258	-	21.914072	0	0	0	109.080993	36.604561	38.41262	0	0	151.538112	38.645849	85.931324	0	0	21.643206	0	0	0	0	0	0	0	0	0	0	0	0
LT934125.1	117261	-	0	0	0	0	0	0	0	0	0	151.538112	0	0	0	0	0	0	0	0	0	0	0	0	0	0	0	0	0
LT934125.1	117267	-	0	0	0	0	0	0	0	0	0	0	38.645849	0	0	0	0	0	0	0	0	0	0	0	0	0	0	0	0
LT934125.1	118861	-	0	652.315721	0	0	0	36.604561	0	0	0	0	0	0	0	0	0	0	0	0	0	0	22.858188	0	0	0	0	0	0
LT934125.1	118864	-	0	0	0	0	0	0	0	0	0	0	0	0	0	0	16.232405	0	0	0	0	0	0	10.806839	0	0	0	20.123862	14.966662
LT934125.1	118871	-	0	0	0	0	0	0	0	0	0	0	38.645849	0	0	0	0	0	0	0	0	0	0	0	0	0	0	0	0
LT934125.1	118908	-	0	0	0	0	0	0	0	0	0	0	38.645849	0	0	0	0	0	0	0	0	0	0	0	0	0	0	0	0
LT934125.1	119561	-	0	0	0	0	54.540496	0	0	0	0	0	0	0	0	0	0	0	0	0	0	0	0	0	0	0	0	0	0
LT934125.1	120491	-	0	0	0	283.607487	0	0	0	0	0	0	0	0	0	0	0	0	0	0	0	0	0	0	0	0	0	0	0
LT934125.1	122306	-	0	0	0	0	0	24.403041	0	0	0	0	38.645849	0	0	0	0	0	0	0	0	0	0	0	0	0	0	20.123862	0
LT934125.1	122309	-	0	0	0	0	0	0	0	0	0	0	0	0	0	0	0	0	0	261.437908	0	0	0	0	0	0	0	0	0
LT934125.1	122907	-	0	0	0	0	0	0	0	0	1633.986928	0	0	0	0	0	0	0	0	0	0	0	0	0	0	0	0	0	0
LT934125.1	122913	-	26.783866	0	0	0	163.621489	24.403041	12.804207	0	0	0	38.645849	51.558794	0	1283.697047	0	0	861.326443	1045.751634	0	0	0	0	0	0	41.5835	0	0
LT934125.1	122914	-	0	0	0	0	0	0	0	0	816.993464	0	0	0	0	0	0	0	0	0	0	0	0	0	0	0	0	0	0
LT934125.1	122916	-	0	0	0	0	0	0	12.804207	0	0	0	0	0	0	0	0	0	861.326443	0	0	0	0	0	0	0	0	0	0
LT934125.1	123059	-	0	0	0	0	0	0	0	0	0	0	38.645849	0	0	0	0	0	0	0	0	0	0	0	0	0	0	0	0
LT934125.1	124386	-	0	0	0	0	0	24.403041	0	0	0	0	0	0	0	0	0	0	0	0	0	0	0	0	0	0	0	0	0
LT934125.1	124542	-	0	0	0	0	0	0	0	0	0	0	0	0	0	0	0	762.195122	0	0	0	0	0	0	0	0	0	0	0
LT934125.1	124595	-	0	0	0	0	0	0	0	0	0	0	0	0	0	0	0	0	0	0	0	0	0	0	0	0	0	20.123862	22.449993
LT934125.1	124614	-	0	0	0	0	0	0	0	0	0	0	0	0	0	0	13.527004	0	0	0	0	0	0	0	0	0	0	15.092897	0
LT934125.1	124707	-	0	0	0	0	0	0	0	0	0	0	0	0	0	0	0	0	0	0	0	0	0	0	0	84.338366	0	0	0
LT934125.1	124757	-	0	0	0	0	109.080993	24.403041	0	0	0	0	0	0	0	0	16.232405	0	0	0	0	0	0	35.508184	0	0	0	25.154828	24.944436
LT934125.1	124979	-	0	0	0	0	54.540496	0	0	0	0	0	0	0	0	0	0	0	0	0	0	0	0	0	0	0	0	0	0
LT934125.1	125140	-	14.609382	0	0	0	0	0	0	0	0	0	0	0	0	0	0	0	0	0	0	0	0	0	0	0	0	0	0
LT934125.1	125141	-	29.218763	0	0	0	54.540496	48.806081	12.804207	0	0	0	38.645849	34.372529	0	0	21.643206	0	0	0	0	0	0	0	0	0	0	0	19.955549
LT934125.1	125144	-	0	0	0	0	0	0	0	0	0	151.538112	0	0	0	0	0	0	0	0	0	0	0	0	0	0	0	0	0
LT934125.1	125149	-	0	0	0	283.607487	0	0	0	0	0	0	0	0	0	0	13.527004	0	0	0	0	0	22.858188	0	0	0	0	15.092897	0
LT934125.1	125151	-	0	0	0	0	0	0	0	0	0	0	38.645849	0	0	0	0	0	0	0	0	0	0	0	0	0	0	0	0
LT934125.1	125153	-	12.174485	0	0	0	0	0	0	0	0	0	0	0	0	0	0	0	0	0	0	0	0	10.806839	0	0	0	0	0
LT934125.1	125169	-	0	0	0	0	0	0	0	0	0	151.538112	0	0	0	0	0	0	0	0	0	0	0	0	0	0	0	0	0
LT934125.1	125215	-	0	0	0	0	0	0	0	0	0	0	38.645849	0	0	0	0	0	0	0	0	0	0	0	0	0	0	0	0
LT934125.1	125350	-	0	0	0	0	0	0	0	0	0	0	0	0	0	0	0	0	0	0	51.474752	0	0	0	0	0	0	0	0
LT934125.1	125413	-	0	0	0	0	0	0	0	0	0	0	38.645849	0	0	0	0	0	0	0	0	0	0	0	0	0	0	0	0
LT934125.1	125415	-	0	0	0	0	0	0	0	0	0	0	0	0	0	0	0	0	0	0	51.474752	0	0	0	0	0	0	0	0
LT934125.1	125935	-	0	0	0	0	0	24.403041	0	0	0	0	0	0	0	0	0	0	0	0	0	0	0	0	0	0	0	0	0
LT934125.1	125936	-	0	0	0	0	0	0	0	0	0	0	0	0	0	0	0	0	0	0	51.474752	0	0	0	0	0	0	0	0
LT934125.1	126005	-	0	0	0	0	0	0	0	0	0	0	0	0	0	0	0	0	0	0	51.474752	0	0	0	0	0	0	0	0
LT934125.1	126006	-	0	652.315721	0	0	0	0	0	0	0	0	0	0	0	0	0	0	0	0	0	0	0	0	0	0	0	0	0
LT934125.1	126689	-	0	0	0	0	0	0	0	0	0	0	0	0	0	0	0	0	0	0	51.474752	0	0	0	0	0	0	0	0
LT934125.1	126746	-	0	0	0	0	0	0	17.072275	0	0	0	0	0	0	0	0	0	0	0	0	25.623615	0	0	0	0	0	20.123862	0
LT934125.1	126747	-	0	0	0	0	0	0	0	0	0	151.538112	0	0	0	0	0	0	0	0	0	0	0	0	0	0	62.37525	0	0
LT934125.1	126748	-	17.044279	0	0	283.607487	0	61.007602	12.804207	0	0	151.538112	77.291699	0	0	0	0	0	0	0	0	38.435422	0	0	0	0	0	30.185794	0
LT934125.1	126750	-	0	0	0	0	0	0	0	0	0	0	0	34.372529	0	0	0	0	0	0	0	0	0	0	0	0	0	35.216759	0
LT934125.1	126751	-	0	0	0	0	0	0	12.804207	0	0	0	38.645849	0	0	0	0	0	0	0	0	25.623615	0	0	0	0	0	15.092897	0
LT934125.1	126752	-	77.916702	0	0	0	218.161985	97.612162	55.484895	0	0	151.538112	115.937548	51.558794	0	0	91.983627	0	0	0	257.373758	179.365303	125.720033	49.402691	0	0	311.876248	186.145727	134.699956
LT934125.1	126753	-	44638.965656	48923.679061	47788.510422	76006.80658	64412.326152	58384.274681	37669.975843	21052.631579	38398.69281	65009.849977	87532.848972	62283.023408	16666.666667	35943.51733	31030.94708	47256.097561	46511.627907	58823.529412	75256.086889	64802.121635	37784.584438	19347.328704	14970.05988	40651.092182	67406.852961	70790.716862	48709.000701
LT934125.1	126754	-	516.198152	652.315721	508.388409	283.607487	599.94546	817.501861	435.343025	0	816.993464	606.152447	579.687742	790.568178	0	0	367.934508	0	861.326443	0	669.171771	691.837598	537.167413	192.97926	0	927.722021	852.461743	784.830633	416.572086
LT934125.1	126755	-	1772.604974	1304.631442	2033.553635	3119.68236	3163.348786	2440.304062	1805.393132	0	1633.986928	5455.372026	6840.31535	2990.410064	0	1283.697047	1041.579305	3048.780488	3875.968992	2091.503268	1286.868791	2216.442674	1131.480296	702.444507	748.502994	1602.428945	2661.343979	2399.770588	1346.999558
LT934125.1	126756	-	1373.281876	0	1525.165226	1701.644923	1472.593401	1818.026526	2023.064644	0	816.993464	3030.762237	6028.752512	3316.949094	0	1283.697047	863.022853	1524.390244	861.326443	2091.503268	1338.343542	1358.05158	834.323855	487.85157	0	1771.105676	1580.172987	1464.010988	1020.227443
LT934125.1	126757	-	1008.047334	1956.947162	1016.776817	1134.429949	763.566948	1159.144429	845.077636	2631.578947	1633.986928	4091.52902	3362.188901	1392.087444	0	1283.697047	578.955769	3048.780488	430.663221	522.875817	823.596026	845.579286	777.178385	381.327018	0	506.030193	1309.88024	1313.08202	750.827532
LT934125.1	126758	-	297.057427	0	508.388409	850.822462	490.864467	329.441048	196.331168	0	0	303.076224	927.500386	378.097824	0	0	175.851051	0	0	261.437908	463.272765	307.483377	274.298254	103.436883	0	84.338366	395.043247	488.003663	231.983257
LT934125.1	126759	-	121.744847	0	508.388409	0	54.540496	170.821284	81.093309	0	0	151.538112	115.937548	171.862647	0	0	59.518817	0	0	522.875817	154.424255	153.741688	137.149127	29.332848	0	253.015097	291.084498	201.238624	102.272189
LT934125.1	126760	-	94.960981	0	0	0	0	109.813683	0	0	0	151.538112	77.291699	34.372529	0	0	24.348607	0	0	0	154.424255	64.059037	0	15.438341	0	0	103.958749	55.340622	19.955549
LT934125.1	126761	-	24.348969	0	0	0	54.540496	36.604561	17.072275	0	816.993464	0	0	85.931324	0	0	13.527004	0	0	0	51.474752	51.247229	22.858188	0	0	0	0	40.247725	27.43888
LT934125.1	126762	-	41.393248	0	0	0	109.080993	48.806081	38.41262	0	0	303.076224	77.291699	51.558794	0	0	24.348607	0	430.663221	0	51.474752	89.682652	45.716376	20.069843	0	0	124.750499	65.402553	54.87776
LT934125.1	126763	-	0	0	0	0	54.540496	0	0	0	0	0	0	34.372529	0	0	0	0	0	0	0	0	0	0	0	0	0	0	0
LT934125.1	126764	-	38.958351	0	0	0	0	0	21.340344	0	0	0	193.229247	0	0	0	0	0	0	0	51.474752	38.435422	45.716376	10.806839	0	0	0	25.154828	17.461105
LT934125.1	126765	-	0	0	0	0	0	0	17.072275	0	0	0	38.645849	0	0	0	0	0	0	0	0	0	0	0	0	0	0	0	0
LT934125.1	126766	-	14.609382	0	0	0	0	48.806081	0	0	0	0	77.291699	0	0	0	0	0	0	0	51.474752	0	0	13.894507	0	0	62.37525	20.123862	17.461105
LT934125.1	126768	-	0	0	0	0	0	0	0	0	0	0	38.645849	0	0	0	0	0	0	0	0	0	0	0	0	0	0	0	0
LT934125.1	126769	-	0	0	0	0	0	0	0	0	0	0	0	0	0	0	0	0	0	0	51.474752	0	0	0	0	0	0	0	0
LT934125.1	126770	-	0	0	0	0	0	24.403041	0	0	0	0	0	0	0	0	0	0	0	0	0	0	0	0	0	0	0	0	0
LT934125.1	126773	-	0	0	0	0	0	0	0	0	0	0	38.645849	0	0	0	0	0	0	0	0	0	0	0	0	0	0	0	0
LT934125.1	126774	-	0	0	0	0	0	0	0	0	0	0	0	0	0	0	0	0	0	0	0	0	0	0	0	0	0	25.154828	0
LT934125.1	126775	-	0	0	0	283.607487	0	0	0	0	0	0	0	0	0	0	0	0	0	0	0	0	0	0	0	0	0	0	0
LT934125.1	126776	-	24.348969	0	0	0	0	0	0	0	0	0	38.645849	68.745059	0	0	18.937806	0	0	0	0	38.435422	0	20.069843	0	0	41.5835	25.154828	19.955549
LT934125.1	126777	-	17.044279	0	1016.776817	0	0	24.403041	12.804207	0	0	0	115.937548	0	0	0	0	0	0	0	0	38.435422	0	15.438341	0	84.338366	62.37525	80.495449	27.43888
LT934125.1	126778	-	19.479176	0	0	0	0	24.403041	0	0	0	0	0	0	0	0	0	0	0	0	0	25.623615	0	10.806839	0	0	0	0	0
LT934125.1	126786	-	0	0	0	0	54.540496	0	0	0	0	0	0	0	0	0	0	0	0	0	0	0	0	0	0	0	0	0	0
LT934125.1	126801	-	0	0	0	0	0	0	0	0	0	0	38.645849	0	0	0	0	0	0	0	0	0	0	0	0	0	0	0	0
LT934125.1	126849	-	0	0	0	0	0	0	0	0	0	0	38.645849	0	0	0	0	0	0	0	0	0	0	0	0	0	0	0	0
LT934125.1	126879	-	0	0	0	0	54.540496	0	0	0	0	0	0	0	0	0	0	0	0	0	0	0	0	0	0	0	0	0	0
LT934125.1	126963	-	0	0	0	0	0	0	0	0	0	0	0	0	0	0	13.527004	0	0	261.437908	51.474752	0	0	0	0	84.338366	0	0	0
LT934125.1	126965	-	0	0	0	0	0	0	0	0	0	0	0	0	0	0	0	0	0	0	51.474752	0	0	0	0	0	0	0	0
LT934125.1	126967	-	336.015778	0	0	0	272.702482	280.634967	64.021033	0	0	0	0	0	0	0	211.021262	1524.390244	861.326443	522.875817	617.69702	538.095909	171.436409	243.925785	0	168.676731	436.626747	850.233185	621.116463
LT934125.1	126969	-	0	0	0	0	0	0	0	0	0	0	0	0	0	0	0	0	0	0	0	25.623615	0	13.894507	0	0	0	20.123862	17.461105
LT934125.1	126970	-	17.044279	0	0	0	0	36.604561	0	0	0	0	0	0	0	0	24.348607	0	0	0	102.949503	51.247229	45.716376	0	0	0	41.5835	30.185794	29.933324
LT934125.1	126971	-	0	0	0	0	0	0	0	0	0	0	0	0	0	0	0	0	0	0	0	38.435422	0	0	0	0	0	30.185794	0
LT934125.1	126973	-	41.393248	0	0	0	54.540496	24.403041	0	0	0	0	0	0	0	0	35.17021	0	0	0	51.474752	76.870844	57.14547	40.139686	0	0	62.37525	120.743174	102.272189
LT934125.1	126974	-	0	0	0	0	0	0	0	0	0	0	0	0	0	0	0	0	0	0	0	25.623615	0	9.263004	0	0	0	25.154828	14.966662
LT934125.1	126976	-	34.088557	652.315721	0	0	0	122.015203	0	0	0	0	0	0	0	2567.394095	67.63502	0	0	0	102.949503	115.306266	171.436409	64.841031	0	253.015097	187.125749	171.05283	274.388799
LT934125.1	126978	-	0	0	0	0	0	0	0	0	0	0	0	0	0	0	0	0	0	0	0	0	0	0	0	0	0	0	12.472218
LT934125.1	126979	-	31.65366	0	0	0	0	61.007602	0	0	0	0	0	0	0	0	32.464809	0	0	0	51.474752	64.059037	57.14547	18.526009	0	84.338366	41.5835	60.371587	104.766632
LT934125.1	126980	-	29.218763	0	0	0	54.540496	122.015203	0	0	0	0	38.645849	34.372529	0	0	32.464809	0	0	0	102.949503	89.682652	148.578221	24.701345	0	253.015097	83.166999	60.371587	172.11661
LT934125.1	126981	-	36.523454	0	0	0	0	61.007602	0	0	0	0	0	0	0	2567.394095	32.464809	0	0	0	51.474752	51.247229	45.716376	18.526009	0	0	41.5835	50.309656	122.227738
LT934125.1	126982	-	0	0	0	0	0	0	0	0	0	0	0	0	0	0	0	0	0	0	0	0	0	0	0	0	0	0	14.966662
LT934125.1	126983	-	12.174485	0	0	0	0	36.604561	0	0	0	0	0	0	0	0	13.527004	0	0	0	0	0	0	12.350673	0	0	0	25.154828	72.338865
LT934125.1	126985	-	287.317839	652.315721	0	850.822462	54.540496	683.285137	29.876482	0	0	0	38.645849	34.372529	0	2567.394095	405.810119	762.195122	861.326443	784.313725	772.121275	691.837598	1131.480296	514.096749	0	843.383655	1101.962741	1192.338846	2893.554607
LT934125.1	126986	-	0	0	0	0	0	0	0	0	0	0	0	0	0	0	0	0	0	0	0	0	0	0	0	0	0	0	19.955549
LT934125.1	126987	-	0	0	0	0	0	24.403041	0	0	0	0	0	0	0	0	21.643206	0	0	0	51.474752	25.623615	34.287282	10.806839	0	0	124.750499	25.154828	49.888873
LT934125.1	126988	-	75.481805	0	0	0	54.540496	231.828886	25.608413	0	0	0	0	34.372529	0	1283.697047	121.743036	0	430.663221	0	154.424255	76.870844	228.581878	84.910874	0	253.015097	124.750499	221.362486	678.488666
LT934125.1	126989	-	48.697939	0	0	567.214974	54.540496	219.627366	0	0	0	0	0	0	16666.666667	1283.697047	100.099829	0	430.663221	0	205.899007	89.682652	388.589193	83.36704	0	168.676731	124.750499	166.021865	646.060899
LT934125.1	126990	-	53.567733	0	0	0	54.540496	134.216723	0	0	0	0	38.645849	34.372529	0	1283.697047	48.697214	0	0	0	102.949503	76.870844	228.581878	54.034193	0	0	41.5835	70.433518	429.044304
LT934125.1	126991	-	0	0	0	0	0	0	0	0	0	0	0	0	0	0	16.232405	0	0	0	51.474752	0	57.14547	15.438341	0	0	0	20.123862	67.349978
LT934125.1	126992	-	0	0	0	0	0	36.604561	0	0	0	0	0	0	0	0	0	0	0	0	0	25.623615	0	0	0	0	0	15.092897	39.911098
LT934125.1	126994	-	0	0	0	0	0	0	0	0	0	0	0	0	0	0	0	0	0	0	51.474752	25.623615	34.287282	0	0	84.338366	0	0	67.349978
LT934125.1	126997	-	0	0	0	0	0	36.604561	0	0	0	0	0	0	0	0	0	0	0	0	102.949503	0	80.003657	20.069843	0	0	0	0	139.688843
LT934125.1	126998	-	0	0	0	0	0	0	0	0	0	0	0	34.372529	0	0	0	0	0	0	0	0	80.003657	12.350673	0	0	0	0	74.833309
LT934125.1	126999	-	0	0	0	0	0	0	0	0	0	0	0	0	0	0	0	0	0	0	0	0	0	0	0	0	0	0	44.899985
LT934125.1	127000	-	0	0	0	0	0	0	0	0	0	0	0	0	0	0	0	0	0	0	51.474752	0	0	0	0	0	0	0	0
LT934125.1	127001	-	0	0	0	0	0	0	0	0	0	0	0	0	0	0	0	0	0	0	51.474752	0	0	0	0	0	0	0	0
LT934125.1	127004	-	0	0	0	0	0	0	0	0	0	0	0	0	0	0	0	0	430.663221	0	51.474752	0	0	0	0	0	0	0	0
LT934125.1	127007	-	0	0	0	0	0	0	0	0	0	0	0	0	0	0	0	0	0	0	51.474752	0	0	0	0	0	0	0	27.43888
LT934125.1	127010	-	0	0	0	0	0	0	0	0	0	0	0	0	0	0	0	0	0	0	51.474752	25.623615	0	0	0	0	0	0	0
LT934125.1	127012	-	65.742217	0	0	567.214974	109.080993	48.806081	0	0	0	0	0	0	0	0	37.875611	0	430.663221	261.437908	51.474752	51.247229	91.432751	46.315022	0	168.676731	103.958749	120.743174	164.633279
LT934125.1	127014	-	0	0	0	0	0	0	0	0	0	0	0	0	0	0	0	0	0	0	51.474752	0	0	0	0	0	0	0	0
LT934125.1	127015	-	12.174485	0	0	0	0	24.403041	0	0	0	0	0	0	0	0	0	0	0	261.437908	51.474752	25.623615	34.287282	18.526009	0	0	0	60.371587	87.305527
LT934125.1	127016	-	34.088557	0	0	0	0	24.403041	0	0	0	0	38.645849	0	0	0	0	762.195122	0	0	0	0	34.287282	16.982175	0	168.676731	0	50.309656	82.31664
LT934125.1	127018	-	0	0	0	0	0	0	0	0	0	0	0	0	0	0	0	0	430.663221	0	0	0	0	0	0	0	0	20.123862	34.922211
LT934125.1	127019	-	34.088557	0	0	0	0	61.007602	0	0	0	0	0	0	0	0	37.875611	0	430.663221	0	154.424255	76.870844	80.003657	49.402691	0	0	124.750499	125.77414	132.205512
LT934125.1	127020	-	0	0	0	0	0	24.403041	0	0	0	0	0	0	0	0	0	0	0	0	0	0	0	0	0	0	0	0	0
LT934125.1	127021	-	0	0	0	0	0	0	0	0	0	0	0	0	0	0	0	0	0	0	0	0	0	0	0	0	0	15.092897	22.449993
LT934125.1	127022	-	31.65366	0	0	0	0	73.209122	0	0	0	0	0	0	0	0	37.875611	0	0	0	102.949503	38.435422	57.14547	41.68352	0	0	83.166999	70.433518	99.777745
LT934125.1	127024	-	26.783866	0	0	0	54.540496	48.806081	0	0	0	0	0	0	0	0	13.527004	0	0	0	51.474752	25.623615	0	20.069843	0	0	0	90.557381	69.844422
LT934125.1	127025	-	211.836034	0	0	283.607487	218.161985	317.239528	0	0	0	0	0	0	0	0	267.834678	0	0	784.313725	463.272765	461.225065	285.727348	302.59148	0	253.015097	623.752495	840.171254	671.005336
LT934125.1	127026	-	0	0	0	0	54.540496	36.604561	0	0	0	0	0	0	0	0	0	0	0	0	51.474752	0	0	0	0	0	41.5835	40.247725	14.966662
LT934125.1	127027	-	31.65366	652.315721	0	0	0	48.806081	0	0	0	151.538112	0	0	0	0	43.286413	0	0	0	0	38.435422	45.716376	26.245179	0	0	83.166999	120.743174	117.23885
LT934125.1	127028	-	94.960981	0	508.388409	0	54.540496	73.209122	0	0	0	0	38.645849	34.372529	0	0	62.224218	0	0	0	308.84851	204.988918	34.287282	94.173879	0	0	270.292748	241.486348	209.533265
LT934125.1	127029	-	12.174485	0	0	0	0	24.403041	0	0	0	0	0	0	0	0	0	0	0	0	51.474752	25.623615	34.287282	9.263004	0	0	0	0	0
LT934125.1	127030	-	75.481805	0	0	567.214974	109.080993	85.410642	0	0	0	0	0	34.372529	0	0	81.162024	0	0	0	154.424255	153.741688	160.007315	111.156054	0	84.338366	124.750499	321.981798	306.816566
LT934125.1	127031	-	197.226652	0	0	0	272.702482	158.619764	12.804207	0	0	0	0	34.372529	0	1283.697047	189.378055	0	861.326443	261.437908	411.798013	448.413258	354.301911	322.661323	0	84.338366	623.752495	648.994562	920.449698
LT934125.1	127032	-	0	0	0	0	0	0	0	0	0	0	0	0	0	0	0	0	0	0	0	0	0	18.526009	0	0	0	45.27869	27.43888
LT934125.1	127033	-	306.797015	0	0	1134.429949	327.242978	512.463853	29.876482	0	0	0	0	68.745059	0	1283.697047	316.531893	0	1291.989664	784.313725	720.646523	550.907717	502.880132	560.411771	748.502994	253.015097	582.168995	1232.58657	1578.982816
LT934125.1	127034	-	0	0	0	0	0	0	0	0	0	151.538112	0	0	0	0	0	0	0	0	51.474752	25.623615	34.287282	13.894507	0	0	0	35.216759	44.899985
LT934125.1	127035	-	357.929851	652.315721	0	850.822462	327.242978	366.045609	51.216826	0	0	0	0	137.490118	0	0	367.934508	0	430.663221	522.875817	823.596026	525.284102	605.741977	571.21861	0	421.691828	727.711244	1358.36071	1823.438291
LT934125.1	127036	-	182.617271	652.315721	0	0	327.242978	341.642569	0	0	0	0	0	0	0	1283.697047	189.378055	0	430.663221	522.875817	360.323261	217.800725	388.589193	231.575112	0	168.676731	270.292748	488.003663	917.955255
LT934125.1	127037	-	197.226652	0	0	0	381.783474	305.038008	17.072275	0	0	0	38.645849	68.745059	0	2567.394095	197.494258	0	0	261.437908	463.272765	204.988918	331.443723	273.258632	0	84.338366	519.793746	633.901665	1037.688549
LT934125.1	127038	-	0	0	0	0	0	24.403041	0	0	0	0	0	0	0	0	0	0	0	0	154.424255	25.623615	22.858188	10.806839	0	0	62.37525	20.123862	74.833309
LT934125.1	127039	-	34.088557	0	0	0	0	24.403041	0	0	0	0	0	34.372529	0	0	21.643206	0	430.663221	0	154.424255	0	68.574563	40.139686	0	0	62.37525	85.526415	162.138836
LT934125.1	127040	-	46.263042	0	0	0	0	48.806081	0	0	0	0	0	0	0	0	43.286413	762.195122	0	0	51.474752	38.435422	160.007315	64.841031	0	0	166.333999	100.619312	222.005483
LT934125.1	127041	-	0	0	0	0	0	0	0	0	0	0	0	0	0	0	0	0	0	0	51.474752	0	0	0	0	0	0	25.154828	0
LT934125.1	127042	-	38.958351	0	0	283.607487	0	61.007602	0	0	0	0	0	0	0	0	43.286413	1524.390244	0	0	102.949503	76.870844	91.432751	35.508184	0	84.338366	103.958749	140.867037	172.11661
LT934125.1	127043	-	121.744847	0	0	0	54.540496	97.612162	0	0	0	0	0	34.372529	0	0	102.80523	0	0	0	257.373758	115.306266	194.294596	143.57657	0	168.676731	166.333999	296.82697	344.233221
LT934125.1	127044	-	0	0	0	0	54.540496	0	0	0	0	0	0	0	0	0	0	0	0	0	51.474752	0	34.287282	9.263004	0	84.338366	0	15.092897	24.944436
LT934125.1	127045	-	31.65366	0	0	0	0	36.604561	0	0	0	0	0	0	0	0	29.759409	0	0	0	102.949503	0	80.003657	20.069843	0	0	41.5835	40.247725	89.799971
LT934125.1	127046	-	0	0	0	0	54.540496	61.007602	0	0	0	0	0	0	0	0	16.232405	0	430.663221	0	0	25.623615	0	10.806839	0	0	0	20.123862	24.944436
LT934125.1	127048	-	535.677327	652.315721	508.388409	0	763.566948	658.882097	42.680689	0	0	151.538112	77.291699	103.117588	0	0	652.001591	762.195122	1291.989664	0	1389.818294	1153.062663	765.749291	861.459417	0	674.706924	1122.754491	2082.819756	2027.982669
LT934125.1	127049	-	0	0	0	0	54.540496	0	0	0	0	0	0	0	0	0	0	0	0	0	0	0	0	0	0	0	0	20.123862	12.472218
LT934125.1	127050	-	0	0	0	0	54.540496	0	0	0	0	0	0	0	0	0	21.643206	0	0	0	102.949503	64.059037	22.858188	21.613677	0	0	62.37525	55.340622	37.416654
LT934125.1	127051	-	87.65629	0	0	0	218.161985	36.604561	12.804207	0	0	0	0	34.372529	0	0	100.099829	0	0	0	102.949503	115.306266	114.290939	67.9287	0	84.338366	145.542249	196.207658	251.938806
LT934125.1	127052	-	43.828145	0	0	567.214974	54.540496	61.007602	12.804207	0	0	0	0	0	0	1283.697047	73.045821	0	430.663221	0	0	89.682652	68.574563	72.560202	0	0	62.37525	171.05283	306.816566
LT934125.1	127053	-	0	0	0	0	0	0	0	0	0	0	0	0	0	0	0	0	0	0	0	0	0	0	0	0	0	25.154828	0
LT934125.1	127054	-	38.958351	0	0	0	0	24.403041	0	0	0	0	0	0	0	0	24.348607	0	0	0	0	64.059037	22.858188	33.96435	0	0	0	70.433518	119.733294
LT934125.1	127055	-	0	0	0	0	0	24.403041	0	0	0	0	0	0	0	0	0	0	0	0	0	0	0	0	0	0	0	15.092897	17.461105
LT934125.1	127056	-	12.174485	0	0	0	0	0	0	0	0	0	0	0	0	0	24.348607	0	0	0	0	51.247229	34.287282	16.982175	0	0	0	50.309656	49.888873
LT934125.1	127058	-	17.044279	0	0	0	109.080993	0	0	0	0	0	0	0	0	0	0	0	0	0	51.474752	0	22.858188	10.806839	0	0	0	45.27869	19.955549
LT934125.1	127060	-	0	0	0	0	54.540496	0	0	0	0	0	0	0	0	0	0	0	0	0	0	0	0	0	0	0	0	0	0
LT934125.1	127061	-	36.523454	0	0	0	54.540496	0	0	0	0	0	0	0	0	0	32.464809	0	0	0	102.949503	64.059037	0	32.420516	0	0	124.750499	75.464484	47.394429
LT934125.1	127063	-	0	0	0	0	0	0	0	0	0	0	0	0	0	0	0	0	0	0	0	25.623615	0	0	0	0	62.37525	0	19.955549
LT934125.1	127064	-	14.609382	0	0	0	0	24.403041	0	0	0	0	38.645849	0	0	0	13.527004	0	0	0	0	0	0	18.526009	0	84.338366	0	15.092897	24.944436
LT934125.1	127066	-	0	0	0	0	0	24.403041	0	0	0	0	0	0	0	0	0	0	0	0	51.474752	0	0	0	0	0	0	0	0
LT934125.1	127067	-	14.609382	0	0	0	109.080993	0	0	0	0	0	0	0	0	1283.697047	0	0	0	0	0	0	22.858188	0	0	0	0	0	14.966662
LT934125.1	127070	-	0	0	0	0	54.540496	24.403041	0	0	0	0	0	0	0	0	0	0	0	0	154.424255	0	0	0	0	0	0	25.154828	22.449993
LT934125.1	127072	-	206.96624	0	1016.776817	567.214974	327.242978	268.433447	59.752964	0	0	0	38.645849	0	0	0	248.896873	0	0	261.437908	617.69702	807.143864	217.152784	270.170964	0	337.353462	519.793746	950.852497	434.033191
LT934125.1	127073	-	0	0	0	0	0	0	0	0	0	0	0	0	0	0	0	0	0	0	0	0	0	0	0	0	41.5835	0	0
LT934125.1	127074	-	0	0	0	0	54.540496	0	0	0	0	0	0	0	0	0	0	0	0	0	102.949503	38.435422	0	12.350673	0	0	0	50.309656	14.966662
LT934125.1	127075	-	51.132836	0	0	0	0	109.813683	12.804207	0	0	0	0	0	0	0	54.108016	0	0	0	154.424255	102.494459	91.432751	21.613677	0	84.338366	103.958749	115.712209	52.383316
LT934125.1	127076	-	17.044279	0	0	0	0	0	0	0	0	0	0	0	0	0	18.937806	0	0	261.437908	102.949503	25.623615	22.858188	20.069843	0	0	62.37525	70.433518	19.955549
LT934125.1	127077	-	0	0	0	0	0	0	0	0	0	0	0	0	0	0	0	0	0	0	51.474752	0	0	0	0	0	0	0	0
LT934125.1	127078	-	243.489694	0	0	850.822462	436.323971	219.627366	55.484895	0	0	0	38.645849	120.303853	0	0	246.191472	762.195122	0	522.875817	1029.495033	960.885552	240.010972	370.520179	0	253.015097	686.127745	1257.741398	561.249816
LT934125.1	127080	-	0	0	0	0	0	0	0	0	0	0	0	0	0	0	0	0	0	0	102.949503	64.059037	22.858188	27.789013	0	84.338366	41.5835	95.588346	27.43888
LT934125.1	127081	-	53.567733	0	0	0	109.080993	36.604561	0	0	0	0	0	0	0	0	70.340421	0	0	261.437908	154.424255	128.118074	125.720033	111.156054	0	84.338366	145.542249	372.291454	199.55549
LT934125.1	127082	-	46.263042	0	0	0	54.540496	24.403041	12.804207	0	0	0	0	0	0	0	81.162024	0	0	0	51.474752	243.42434	125.720033	104.980718	748.502994	84.338366	166.333999	342.10566	149.666618
LT934125.1	127083	-	0	0	0	0	0	0	0	0	0	0	0	0	0	0	0	0	0	0	0	0	0	0	0	84.338366	41.5835	25.154828	17.461105
LT934125.1	127084	-	231.31521	652.315721	0	0	872.647941	402.65017	38.41262	0	0	0	0	85.931324	0	0	367.934508	0	0	784.313725	1080.969784	1434.922425	365.731005	636.059641	0	421.691828	1039.587492	2138.160377	800.716404
LT934125.1	127085	-	17.044279	0	0	0	54.540496	0	0	0	0	0	0	0	0	0	0	0	0	0	0	0	0	16.982175	0	0	41.5835	90.557381	27.43888
LT934125.1	127086	-	0	0	0	283.607487	109.080993	61.007602	0	0	0	0	0	0	0	0	0	0	0	0	0	0	45.716376	30.876682	0	0	145.542249	95.588346	44.899985
LT934125.1	127087	-	219.140725	0	508.388409	567.214974	218.161985	256.231926	38.41262	0	0	0	77.291699	68.745059	0	0	394.988516	0	430.663221	522.875817	1183.919288	986.509167	480.021944	555.780269	0	421.691828	665.335995	1685.373474	860.583051
LT934125.1	127088	-	177.747477	0	0	283.607487	545.404963	219.627366	21.340344	0	0	0	115.937548	34.372529	0	0	300.299488	0	0	261.437908	772.121275	499.660487	228.581878	456.974888	0	84.338366	831.669993	1202.400777	728.377539
LT934125.1	127089	-	209.401137	0	1016.776817	0	599.94546	280.634967	64.021033	0	0	151.538112	77.291699	0	0	0	419.337123	0	430.663221	261.437908	772.121275	691.837598	605.741977	447.711884	0	590.368559	810.878244	1237.617536	738.355314
LT934125.1	127090	-	65.742217	0	0	283.607487	54.540496	73.209122	12.804207	0	0	0	0	68.745059	0	0	121.743036	0	0	0	154.424255	256.236147	205.72369	132.769731	0	168.676731	124.750499	231.424417	239.466588
LT934125.1	127091	-	19.479176	652.315721	0	0	0	24.403041	0	0	0	0	0	0	0	0	27.054008	0	0	261.437908	0	38.435422	68.574563	20.069843	0	168.676731	41.5835	75.464484	67.349978
LT934125.1	127092	-	0	0	0	0	0	0	0	0	0	0	0	0	0	0	0	0	0	0	51.474752	0	0	0	0	0	0	15.092897	12.472218
LT934125.1	127093	-	31.65366	652.315721	0	0	0	61.007602	17.072275	0	0	0	0	0	0	0	75.751222	0	0	0	154.424255	102.494459	160.007315	100.349215	0	0	187.125749	140.867037	149.666618
LT934125.1	127094	-	31.65366	0	0	0	54.540496	48.806081	0	0	0	0	0	0	0	0	51.402615	0	861.326443	0	51.474752	51.247229	125.720033	57.121861	748.502994	84.338366	41.5835	60.371587	182.094385
LT934125.1	127095	-	43.828145	0	0	0	218.161985	85.410642	17.072275	0	0	0	0	0	0	0	37.875611	0	0	261.437908	51.474752	64.059037	205.72369	63.297197	0	168.676731	0	75.464484	209.533265
LT934125.1	127096	-	12.174485	0	0	0	0	24.403041	0	0	0	0	0	0	0	0	21.643206	762.195122	0	0	0	0	57.14547	20.069843	0	168.676731	0	40.247725	69.844422
LT934125.1	127098	-	12.174485	0	0	0	0	0	0	0	0	0	0	0	0	0	0	0	0	0	51.474752	0	0	16.982175	0	84.338366	0	50.309656	54.87776
LT934125.1	127102	-	0	0	0	0	54.540496	0	0	0	0	0	0	0	0	0	0	0	0	0	0	0	0	0	0	0	0	0	0
LT934125.1	127123	-	0	0	0	0	54.540496	0	0	0	0	0	0	0	0	0	0	0	0	0	0	0	0	0	0	0	0	0	0
LT934125.1	127142	-	0	0	0	0	0	0	0	0	0	0	38.645849	0	0	0	0	0	0	0	0	0	0	0	0	0	0	0	0
LT934125.1	127145	-	0	0	0	0	0	24.403041	0	0	0	0	0	0	0	0	0	0	0	0	0	0	0	0	0	0	0	0	0
LT934125.1	127152	-	14.609382	0	0	0	0	48.806081	0	0	0	0	0	0	0	0	43.286413	0	0	0	102.949503	38.435422	102.861845	29.332848	0	168.676731	41.5835	145.898002	77.327752
LT934125.1	127153	-	0	652.315721	0	0	0	0	0	0	0	0	0	0	0	0	0	0	0	0	0	0	0	0	0	0	0	0	0
LT934125.1	127154	-	24.348969	0	0	0	0	24.403041	0	0	0	0	0	51.558794	0	0	21.643206	0	0	0	0	115.306266	22.858188	23.157511	0	84.338366	0	100.619312	24.944436
LT934125.1	127155	-	0	0	0	0	0	0	0	0	0	0	0	0	0	0	0	0	0	0	0	0	0	0	0	0	0	15.092897	0
LT934125.1	127157	-	0	0	0	0	0	0	0	0	0	0	0	0	0	0	0	0	0	261.437908	0	25.623615	0	0	0	0	0	15.092897	0
LT934125.1	127159	-	0	0	0	0	0	0	0	0	0	0	0	0	0	0	0	0	0	0	51.474752	0	0	0	0	0	0	0	0
LT934125.1	127175	-	0	0	0	0	0	0	0	0	0	0	0	0	0	0	0	0	0	0	0	25.623615	0	0	0	0	0	0	0
LT934125.1	127205	-	0	0	0	0	0	0	0	0	0	0	0	0	0	0	0	0	0	0	0	0	0	0	0	0	0	20.123862	0
LT934125.1	127207	-	0	0	0	0	0	0	0	0	0	0	0	0	0	0	0	0	0	0	51.474752	0	0	0	0	0	0	0	0
LT934125.1	127208	-	0	0	0	0	0	0	0	0	0	0	0	0	0	0	0	0	0	0	0	0	0	0	0	84.338366	0	0	0
LT934125.1	127209	-	0	0	0	0	0	0	0	0	0	0	0	0	0	0	0	0	0	0	0	38.435422	0	0	0	0	0	0	0
LT934125.1	127213	-	0	0	0	0	0	0	0	0	0	0	0	0	0	0	0	0	0	0	0	25.623615	0	0	0	0	0	0	0
LT934125.1	127214	-	0	0	0	0	0	0	0	0	0	0	0	0	0	0	13.527004	0	0	0	51.474752	0	0	0	0	0	0	0	0
LT934125.1	127217	-	0	0	0	0	54.540496	0	0	0	0	0	0	0	0	0	0	0	0	0	0	25.623615	0	0	0	0	0	0	0
LT934125.1	127220	-	0	0	0	0	0	0	0	0	0	0	0	0	0	0	0	0	0	0	0	0	22.858188	0	0	0	0	0	0
LT934125.1	127222	-	0	0	0	0	0	0	0	0	0	0	0	0	0	0	0	0	0	0	0	25.623615	0	0	0	0	0	0	0
LT934125.1	127223	-	12.174485	0	0	0	0	0	0	0	0	0	0	0	0	0	16.232405	0	0	261.437908	0	25.623615	0	9.263004	0	0	0	0	0
LT934125.1	127229	-	12.174485	0	0	0	0	0	0	0	0	0	0	0	0	0	0	0	0	0	0	0	0	0	0	0	0	0	0
LT934125.1	127236	-	0	0	0	0	0	0	0	0	0	0	0	0	0	0	0	0	0	0	0	0	0	0	0	84.338366	0	0	0
LT934125.1	127247	-	0	0	0	0	54.540496	0	0	0	0	0	0	0	0	0	0	0	0	0	0	0	22.858188	0	0	0	0	0	0
LT934125.1	127255	-	0	0	508.388409	0	54.540496	0	0	0	0	0	0	0	0	0	0	0	0	0	0	0	0	0	0	0	41.5835	15.092897	0
LT934125.1	127259	-	0	0	0	0	0	0	0	0	0	0	0	0	0	0	0	0	0	0	51.474752	0	0	0	0	0	0	0	0
LT934125.1	127261	-	17.044279	0	0	0	54.540496	0	0	0	0	0	0	0	0	0	0	0	0	0	154.424255	38.435422	45.716376	13.894507	0	0	0	30.185794	12.472218
LT934125.1	127264	-	0	0	0	0	0	0	0	0	0	0	0	0	0	0	0	0	0	0	0	0	0	0	0	0	41.5835	0	0
LT934125.1	127265	-	0	0	0	0	0	0	0	0	0	0	0	0	0	0	0	0	0	0	0	0	0	12.350673	0	84.338366	41.5835	0	0
LT934125.1	127267	-	0	0	0	0	0	0	0	0	0	0	0	0	0	0	0	0	0	0	51.474752	0	0	0	0	0	0	0	0
LT934125.1	127268	-	80.351599	0	0	0	109.080993	134.216723	12.804207	0	0	0	0	0	0	0	48.697214	0	0	0	257.373758	153.741688	68.574563	38.595852	0	0	103.958749	130.805105	64.855534
LT934125.1	127269	-	0	0	0	0	54.540496	0	0	0	0	0	0	0	0	0	0	0	0	0	0	0	0	0	0	0	0	20.123862	0
LT934125.1	127270	-	0	0	0	0	54.540496	36.604561	0	0	0	0	0	0	0	0	13.527004	0	0	0	102.949503	25.623615	22.858188	9.263004	0	84.338366	0	35.216759	34.922211
LT934125.1	127271	-	38.958351	0	0	0	0	36.604561	0	0	0	0	38.645849	0	0	0	13.527004	0	0	0	102.949503	25.623615	22.858188	18.526009	0	84.338366	0	35.216759	27.43888
LT934125.1	127272	-	0	0	0	0	0	0	0	0	0	0	0	0	0	0	0	0	0	0	0	0	22.858188	0	0	0	0	0	0
LT934125.1	127273	-	51.132836	0	0	0	0	48.806081	0	0	0	0	0	0	0	0	37.875611	0	0	0	257.373758	89.682652	34.287282	29.332848	0	84.338366	41.5835	120.743174	59.866647
LT934125.1	127274	-	0	0	0	0	0	0	0	0	0	0	0	0	0	0	0	0	0	0	51.474752	0	22.858188	0	0	84.338366	0	0	0
LT934125.1	127275	-	0	0	0	0	0	0	0	0	0	0	0	0	0	0	0	0	0	0	0	0	0	0	0	0	41.5835	0	0
LT934125.1	127276	-	146.093817	0	0	567.214974	0	341.642569	29.876482	0	816.993464	0	0	51.558794	0	0	113.626833	0	430.663221	0	205.899007	230.612533	205.72369	72.560202	748.502994	168.676731	249.500998	246.517314	112.249963
LT934125.1	127279	-	60.872424	0	0	0	0	183.022805	17.072275	0	0	0	115.937548	34.372529	0	0	48.697214	0	430.663221	0	257.373758	179.365303	45.716376	37.052018	0	84.338366	166.333999	130.805105	52.383316
LT934125.1	127280	-	19.479176	0	0	283.607487	0	109.813683	0	0	0	0	0	0	0	0	16.232405	0	0	0	51.474752	38.435422	34.287282	13.894507	0	84.338366	0	25.154828	0
LT934125.1	127281	-	0	0	0	0	0	0	0	0	0	0	0	0	0	0	0	0	0	0	0	0	0	0	0	0	0	15.092897	0
LT934125.1	127282	-	0	0	0	0	0	48.806081	0	0	0	151.538112	38.645849	0	0	0	24.348607	0	0	0	0	0	22.858188	18.526009	748.502994	84.338366	41.5835	30.185794	14.966662
LT934125.1	127285	-	12.174485	0	0	0	54.540496	0	0	0	0	0	0	0	0	0	0	762.195122	0	0	0	38.435422	0	12.350673	0	0	0	15.092897	0
LT934125.1	127286	-	0	0	0	0	0	0	0	0	0	0	0	0	0	0	13.527004	0	0	0	0	0	22.858188	0	0	0	0	20.123862	0
LT934125.1	127287	-	0	0	0	0	0	24.403041	0	0	0	0	38.645849	0	0	0	0	0	0	0	51.474752	25.623615	0	0	0	0	0	0	0
LT934125.1	127289	-	0	0	0	0	0	0	0	0	0	0	0	0	0	0	0	0	0	0	0	0	22.858188	0	0	0	0	0	0
LT934125.1	127290	-	0	0	0	0	0	0	0	0	0	0	38.645849	0	0	0	0	0	0	0	0	0	0	0	0	0	0	0	0
LT934125.1	127292	-	48.697939	0	0	0	0	24.403041	12.804207	0	0	0	0	0	0	0	27.054008	0	0	0	0	76.870844	22.858188	24.701345	0	84.338366	62.37525	45.27869	59.866647
LT934125.1	127294	-	0	0	0	0	0	24.403041	0	0	0	0	0	0	0	0	0	0	0	0	51.474752	25.623615	34.287282	9.263004	0	0	0	0	0
LT934125.1	127295	-	14.609382	0	0	0	0	0	0	0	0	0	38.645849	0	0	0	0	0	0	0	51.474752	51.247229	22.858188	0	0	0	0	35.216759	22.449993
LT934125.1	127297	-	0	0	0	0	0	0	12.804207	0	0	0	0	0	0	0	16.232405	0	0	0	51.474752	25.623615	22.858188	0	0	0	62.37525	25.154828	0
LT934125.1	127298	-	43.828145	0	0	283.607487	0	48.806081	0	0	0	0	0	0	0	0	40.581012	0	0	522.875817	51.474752	64.059037	80.003657	27.789013	0	0	62.37525	45.27869	39.911098
LT934125.1	127299	-	0	0	0	0	0	0	0	0	0	0	0	0	0	0	0	0	0	0	0	0	0	0	0	84.338366	0	0	0
LT934125.1	127300	-	0	0	0	0	0	0	0	0	0	0	0	0	0	0	0	0	0	0	51.474752	38.435422	0	0	0	168.676731	0	0	22.449993
LT934125.1	127301	-	0	0	0	0	0	0	0	0	0	0	0	0	0	0	0	0	0	0	0	0	22.858188	0	0	84.338366	0	0	0
LT934125.1	127303	-	26.783866	0	0	0	54.540496	0	0	0	0	0	0	0	0	0	0	0	0	261.437908	102.949503	0	0	16.982175	0	0	0	40.247725	0
LT934125.1	127306	-	0	0	0	0	0	0	0	0	0	0	0	0	0	0	0	0	0	0	102.949503	0	34.287282	0	0	0	0	25.154828	17.461105
LT934125.1	127307	-	0	0	0	0	0	0	0	0	0	0	0	0	0	0	0	0	0	0	51.474752	0	0	0	0	84.338366	0	15.092897	0
LT934125.1	127309	-	0	0	0	0	0	0	0	0	0	0	0	0	0	0	0	0	0	0	0	0	0	0	0	0	0	20.123862	0
LT934125.1	127312	-	0	0	0	0	54.540496	0	0	0	0	0	0	0	0	0	0	0	0	0	0	0	0	0	0	0	0	0	0
LT934125.1	127314	-	12.174485	0	0	0	0	0	0	0	0	0	0	0	0	0	0	0	0	0	51.474752	0	0	9.263004	0	84.338366	0	20.123862	0
LT934125.1	127315	-	0	0	0	0	54.540496	0	0	0	0	0	0	0	0	0	0	0	0	0	0	0	0	0	0	0	0	20.123862	0
LT934125.1	127318	-	43.828145	0	0	0	0	0	0	0	0	0	0	0	0	0	0	0	0	0	51.474752	0	0	0	0	0	0	40.247725	24.944436
LT934125.1	127321	-	0	0	0	0	0	0	0	0	0	0	0	0	0	0	0	0	0	0	0	0	0	0	0	0	0	0	12.472218
LT934125.1	127322	-	0	0	0	0	0	0	0	0	0	0	0	0	0	0	0	0	0	0	0	0	0	12.350673	0	0	0	15.092897	22.449993
LT934125.1	127324	-	102.265672	0	0	0	54.540496	36.604561	0	0	0	0	38.645849	0	0	0	16.232405	0	0	0	51.474752	89.682652	0	38.595852	0	84.338366	124.750499	95.588346	84.811083
LT934125.1	127327	-	29.218763	0	0	0	0	0	0	0	0	0	0	0	0	0	13.527004	0	0	0	0	0	45.716376	0	0	0	0	15.092897	22.449993
LT934125.1	127328	-	14.609382	0	0	0	0	0	0	0	0	0	0	0	0	0	0	0	0	0	51.474752	0	0	0	0	0	0	0	12.472218
LT934125.1	127330	-	12.174485	0	0	0	0	0	0	0	0	0	0	0	0	0	0	0	0	0	0	0	0	0	0	0	0	0	0
LT934125.1	127331	-	0	0	0	0	0	0	0	0	0	0	0	0	0	0	0	0	0	0	51.474752	0	0	0	0	0	0	15.092897	0
LT934125.1	127339	-	0	0	0	0	0	0	0	0	0	0	0	0	0	0	0	0	0	0	51.474752	0	0	0	0	0	0	0	0
LT934125.1	127460	-	0	0	0	0	54.540496	0	0	0	0	0	0	0	0	0	0	0	0	0	0	0	0	0	0	0	0	0	0
LT934125.1	127528	-	0	0	0	0	54.540496	0	0	0	0	0	0	0	0	0	0	0	0	0	0	0	0	0	0	0	0	0	0
LT934125.1	127546	-	0	0	0	0	0	0	0	0	0	0	38.645849	0	0	0	0	0	0	0	0	0	0	0	0	0	0	0	0
LT934125.1	127609	-	0	0	0	0	0	0	0	0	0	0	0	0	0	0	0	0	0	0	51.474752	0	0	0	0	0	0	0	0
LT934125.1	127642	-	0	0	0	0	54.540496	0	0	0	0	0	0	0	0	0	0	0	0	0	0	0	0	0	0	0	0	0	0
LT934125.1	127692	-	0	0	0	0	0	0	0	0	0	151.538112	0	0	0	0	0	0	0	0	0	0	0	0	0	0	0	0	0
LT934125.1	127714	-	0	0	0	0	54.540496	0	0	0	0	0	0	0	0	0	0	0	0	0	0	0	0	0	0	0	0	0	0
LT934125.1	127727	-	0	0	0	0	54.540496	0	0	0	0	0	0	0	0	0	0	0	0	0	0	0	0	0	0	0	0	0	0
LT934125.1	127740	-	0	0	0	0	54.540496	0	0	0	0	0	0	0	0	0	0	0	0	0	0	0	0	0	0	0	0	0	0
LT934125.1	127749	-	0	0	0	0	54.540496	0	0	0	0	0	0	0	0	0	0	0	0	0	0	0	0	0	0	0	0	0	0
LT934125.1	127788	-	0	0	0	0	0	0	0	0	0	0	0	0	0	0	0	0	0	0	51.474752	0	0	0	0	0	0	0	0
LT934125.1	127792	-	0	0	0	0	54.540496	0	0	0	0	0	0	0	0	0	0	0	0	0	0	0	0	0	0	0	0	0	0
LT934125.1	127793	-	0	0	0	0	54.540496	0	0	0	0	0	0	0	0	0	0	0	0	0	0	0	0	0	0	0	0	0	0
LT934125.1	127832	-	14.609382	0	0	0	0	0	0	0	0	0	0	0	0	0	0	0	0	0	0	0	0	0	0	0	0	0	0
LT934125.1	127834	-	0	0	0	0	0	0	0	0	0	0	38.645849	0	0	0	0	0	0	0	0	0	0	0	0	0	0	0	0
LT934125.1	127835	-	0	0	0	0	0	0	0	0	0	0	0	34.372529	0	0	0	0	0	0	0	25.623615	0	0	0	0	0	0	0
LT934125.1	127838	-	0	0	0	0	0	0	0	0	0	151.538112	0	0	0	0	0	0	0	0	0	0	0	0	0	0	0	0	0
LT934125.1	127842	-	0	0	0	0	54.540496	0	0	0	0	0	38.645849	0	0	0	0	0	0	0	0	0	0	0	0	0	0	0	0
LT934125.1	127843	-	0	0	0	0	0	0	0	0	0	0	0	0	0	0	0	0	0	0	51.474752	0	0	0	0	0	0	0	0
LT934125.1	127844	-	0	0	0	0	0	0	0	0	0	0	0	0	0	0	0	0	0	0	0	0	0	0	0	84.338366	0	0	0
LT934125.1	127854	-	0	0	0	0	0	0	0	0	0	0	0	0	0	0	0	0	0	0	51.474752	0	0	0	0	0	0	0	0
LT934125.1	127883	-	0	0	0	0	0	0	0	0	0	151.538112	0	0	0	0	0	0	0	0	0	0	0	0	0	0	0	0	0
LT934125.1	127942	-	0	0	0	0	54.540496	0	0	0	0	0	0	0	0	0	0	0	0	0	0	0	0	0	0	0	0	0	0
LT934125.1	127963	-	0	0	0	283.607487	0	0	0	0	0	0	0	0	0	0	0	0	0	0	0	0	0	0	0	0	0	0	0
LT934125.1	127979	-	0	0	508.388409	0	0	0	0	0	0	0	0	0	0	0	0	0	0	0	0	0	0	0	0	0	0	0	0
LT934125.1	127981	-	0	0	0	0	0	0	0	0	0	0	38.645849	0	0	0	0	0	0	0	0	0	0	0	0	0	0	0	0
LT934125.1	127986	-	0	0	0	0	54.540496	0	0	0	0	0	0	0	0	0	0	0	0	0	0	0	0	0	0	0	0	0	0
LT934125.1	127989	-	0	0	0	0	0	0	0	0	0	0	0	0	0	0	0	0	430.663221	0	0	0	0	0	0	0	0	0	0
LT934125.1	127994	-	0	0	0	0	0	0	21.340344	0	0	0	0	0	0	0	0	0	0	0	0	0	0	0	0	0	0	0	0
LT934125.1	127995	-	19.479176	0	0	0	54.540496	0	17.072275	0	0	0	0	0	0	0	18.937806	0	430.663221	0	0	0	0	0	0	0	0	0	0
LT934125.1	127999	-	0	0	0	0	54.540496	0	0	0	0	0	38.645849	0	0	0	0	0	0	0	0	0	0	0	0	0	0	0	0
LT934125.1	128001	-	0	0	0	0	54.540496	0	12.804207	0	0	0	0	0	0	0	0	0	0	0	0	0	0	0	0	0	0	0	0
LT934125.1	128007	-	0	0	508.388409	0	54.540496	0	12.804207	0	0	0	0	0	0	0	0	0	0	0	0	0	0	0	0	0	0	0	0
LT934125.1	128011	-	0	0	0	0	0	0	0	0	0	0	38.645849	0	0	0	0	0	0	0	0	0	0	0	0	0	0	0	0
LT934125.1	128016	-	0	0	0	0	0	24.403041	0	0	0	0	0	0	0	0	0	0	0	0	0	0	0	0	0	0	0	0	0
LT934125.1	128017	-	0	0	0	283.607487	0	0	0	0	0	0	0	0	0	0	0	0	0	0	0	0	0	0	0	0	0	0	0
LT934125.1	128024	-	0	0	0	0	0	0	0	0	0	0	38.645849	0	0	0	0	0	0	0	0	0	0	0	0	0	0	0	0
LT934125.1	128025	-	14.609382	0	0	0	0	0	0	0	0	0	38.645849	0	0	0	0	0	0	0	0	0	0	0	0	0	0	0	0
LT934125.1	128033	-	0	0	0	0	0	0	17.072275	0	0	0	0	0	0	0	0	0	0	0	0	0	0	0	0	0	0	0	0
LT934125.1	128041	-	0	0	0	0	0	0	12.804207	0	0	151.538112	0	0	0	0	0	0	0	0	0	0	0	0	0	0	0	15.092897	0
LT934125.1	128046	-	0	0	0	0	0	0	0	0	0	0	38.645849	0	0	0	0	0	0	0	0	0	0	0	0	0	0	20.123862	0
LT934125.1	128051	-	0	0	0	0	0	0	12.804207	0	0	0	0	0	0	0	0	0	0	0	0	0	0	0	0	0	0	0	0
LT934125.1	128052	-	0	0	0	0	0	0	12.804207	0	0	0	0	0	0	0	0	0	0	0	0	0	0	0	0	0	0	0	0
LT934125.1	128054	-	0	0	0	0	0	24.403041	0	0	0	0	38.645849	0	0	0	0	0	0	0	0	0	0	0	0	0	0	0	0
LT934125.1	128063	-	0	0	0	0	0	0	0	0	0	0	38.645849	0	0	0	0	0	0	0	0	0	0	0	0	0	0	0	0
LT934125.1	128064	-	0	0	0	0	0	0	0	0	0	0	38.645849	0	0	0	0	0	0	0	0	0	0	0	0	0	0	0	0
LT934125.1	128065	-	0	0	0	0	0	0	0	0	0	151.538112	0	0	0	0	0	0	0	0	0	0	0	0	0	0	0	0	0
LT934125.1	128074	-	0	0	0	0	0	0	21.340344	0	0	0	38.645849	0	0	0	0	0	0	0	0	0	0	0	0	0	0	0	0
LT934125.1	128084	-	0	0	508.388409	0	0	0	0	0	0	0	0	0	0	0	0	0	0	0	0	0	0	0	0	0	0	0	0
LT934125.1	128148	-	0	0	0	0	0	0	0	0	0	0	0	0	0	0	0	0	430.663221	0	0	0	0	0	0	0	0	0	0
LT934125.1	128185	-	0	0	0	0	0	0	0	0	0	0	0	0	0	0	0	0	0	0	51.474752	0	0	0	0	0	0	0	0
LT934125.1	128188	-	0	0	0	0	0	0	12.804207	0	0	0	0	0	0	0	0	0	0	0	0	0	0	0	0	0	0	0	0
LT934125.1	128189	-	0	0	0	0	0	0	17.072275	0	0	0	0	0	0	0	0	0	0	0	0	0	0	9.263004	0	0	0	15.092897	14.966662
LT934125.1	128198	-	0	0	0	0	0	0	0	0	0	0	38.645849	0	0	0	0	0	0	0	0	0	0	0	0	0	0	0	0
LT934125.1	128206	-	0	0	0	0	0	0	12.804207	0	0	0	38.645849	0	0	0	0	0	0	0	51.474752	0	0	0	0	0	0	0	0
LT934125.1	128222	-	0	0	0	0	54.540496	0	0	0	0	0	0	0	0	0	0	0	0	0	0	0	0	0	0	0	0	0	0
LT934125.1	128304	-	0	0	0	0	0	0	17.072275	0	0	151.538112	0	0	0	0	0	0	0	0	0	0	0	0	0	0	0	0	0
LT934125.1	128307	-	0	0	0	0	0	0	21.340344	0	0	0	0	0	0	0	0	0	0	0	51.474752	0	0	0	0	0	0	0	0
LT934125.1	128310	-	0	0	0	0	0	0	0	0	0	0	38.645849	0	0	0	0	0	0	0	0	0	0	0	0	0	0	0	0
LT934125.1	128311	-	0	0	0	0	0	0	17.072275	0	0	0	0	0	0	0	0	0	0	0	0	0	0	0	0	0	0	0	0
LT934125.1	128315	-	0	0	0	0	0	0	0	0	0	0	38.645849	0	0	0	0	0	0	0	0	0	0	0	0	0	0	0	0
LT934125.1	128316	-	0	0	0	0	0	0	12.804207	0	0	0	0	0	0	0	0	0	0	0	0	0	0	0	0	0	0	0	0
LT934125.1	128318	-	0	0	0	0	0	0	17.072275	0	0	0	0	0	0	0	0	0	0	0	0	0	0	0	0	0	0	0	0
LT934125.1	128319	-	0	0	0	0	54.540496	0	12.804207	0	0	0	0	0	0	0	0	0	0	0	0	0	0	0	0	0	0	0	0
LT934125.1	128320	-	0	0	0	0	0	0	0	0	0	0	38.645849	0	0	0	0	0	0	0	0	0	0	0	0	0	0	0	0
LT934125.1	128326	-	12.174485	0	0	0	0	0	12.804207	0	0	0	0	0	0	0	0	0	0	0	0	0	0	0	0	0	0	0	0
LT934125.1	128330	-	0	0	0	0	0	0	0	0	0	151.538112	0	0	0	0	0	0	0	0	0	0	0	0	0	0	0	0	0
LT934125.1	128336	-	0	0	0	0	0	0	17.072275	0	0	0	0	0	0	0	0	0	0	0	0	0	0	0	0	0	0	0	0
LT934125.1	128345	-	0	0	0	0	0	0	12.804207	0	0	0	0	0	0	0	0	0	0	0	0	0	0	0	0	0	0	0	0
LT934125.1	128351	-	0	0	0	0	54.540496	0	0	0	0	0	0	0	0	0	0	0	0	0	0	0	0	0	0	0	0	0	0
LT934125.1	128353	-	0	0	0	0	0	0	0	0	0	0	38.645849	0	0	0	0	0	0	0	0	0	0	0	0	0	0	0	0
LT934125.1	128382	-	0	0	508.388409	0	0	0	0	0	0	0	0	0	0	0	0	0	0	0	0	0	0	0	0	0	0	0	0
LT934125.1	128401	-	0	0	0	0	0	0	0	0	0	151.538112	0	0	0	0	0	0	0	0	0	0	0	0	0	0	0	0	0
LT934125.1	128477	-	0	0	0	0	0	0	12.804207	0	0	0	0	0	0	0	0	0	0	0	0	0	0	0	0	0	0	0	0
LT934125.1	128479	-	0	0	0	0	54.540496	0	12.804207	0	0	0	0	0	0	0	0	0	0	0	0	0	0	0	0	0	0	0	0
LT934125.1	128481	-	0	0	0	0	54.540496	0	0	0	0	0	0	0	0	0	0	0	0	0	0	0	0	0	0	0	0	0	0
LT934125.1	128482	-	14.609382	0	0	0	54.540496	0	0	0	0	0	0	0	0	0	0	0	430.663221	0	0	0	0	0	0	0	0	0	0
LT934125.1	128484	-	12.174485	0	508.388409	0	0	0	0	0	0	0	38.645849	0	0	0	0	0	0	0	0	0	0	0	0	0	0	0	0
LT934125.1	128487	-	0	0	0	0	54.540496	0	0	0	0	0	0	0	0	0	0	0	0	0	0	0	0	0	0	0	0	0	0
LT934125.1	128489	-	21.914072	0	0	0	0	0	0	0	0	0	0	0	0	0	0	0	0	0	0	0	0	0	0	0	0	0	0
LT934125.1	128490	-	0	0	0	283.607487	0	0	0	0	0	0	0	0	0	0	0	0	0	0	0	0	0	0	0	0	0	0	0
LT934125.1	128491	-	14.609382	0	0	0	0	0	17.072275	0	0	0	0	0	0	0	0	0	0	0	0	0	0	0	0	0	0	0	0
LT934125.1	128494	-	0	0	0	0	0	0	0	0	0	0	38.645849	0	0	0	0	0	0	0	0	0	0	0	0	84.338366	0	0	0
LT934125.1	128498	-	0	0	0	0	0	0	0	0	0	0	0	0	0	0	0	0	430.663221	261.437908	0	0	0	0	0	0	0	0	0
LT934125.1	128499	-	0	0	0	283.607487	0	0	12.804207	0	0	0	38.645849	0	0	0	0	762.195122	0	0	51.474752	25.623615	0	0	0	0	0	0	0
LT934125.1	128501	-	0	0	0	0	0	24.403041	0	0	0	0	0	0	0	0	0	0	0	0	0	0	0	0	0	0	0	0	0
LT934125.1	128503	-	12.174485	0	0	0	0	0	0	0	0	0	0	0	0	0	0	0	0	0	0	0	0	0	0	84.338366	0	0	0
LT934125.1	128507	-	0	0	0	0	0	0	0	0	0	0	38.645849	0	0	0	0	0	0	0	0	0	0	0	0	0	0	0	0
LT934125.1	128508	-	0	0	0	0	54.540496	0	0	0	816.993464	0	0	0	0	0	0	0	0	0	0	0	0	0	0	0	0	0	0
LT934125.1	128516	-	0	0	0	0	54.540496	0	0	0	0	0	0	0	0	0	0	0	0	0	0	0	0	0	0	0	0	0	0
LT934125.1	128524	-	0	0	0	0	54.540496	0	0	0	0	0	0	0	0	0	0	0	0	0	51.474752	0	0	0	0	0	0	0	0
LT934125.1	128530	-	12.174485	0	0	0	0	0	12.804207	0	0	0	0	0	0	0	0	0	0	0	0	0	0	0	0	0	0	0	0
LT934125.1	128531	-	0	0	508.388409	0	0	0	0	0	0	0	0	0	0	0	0	0	0	0	0	0	0	0	0	0	0	0	0
LT934125.1	128604	-	0	0	0	0	54.540496	0	0	0	0	0	0	0	0	0	0	0	0	0	0	0	0	0	0	0	0	0	0
LT934125.1	128619	-	12.174485	0	0	0	0	0	0	0	0	0	0	0	0	0	0	0	0	0	0	0	0	0	0	0	0	0	0
LT934125.1	128625	-	0	0	0	0	0	24.403041	0	0	0	0	0	0	0	0	0	0	0	0	0	0	0	0	0	0	0	0	0
LT934125.1	128626	-	0	0	0	0	0	24.403041	0	0	0	0	0	0	0	0	0	0	0	0	0	0	0	0	0	0	0	0	0
LT934125.1	128638	-	12.174485	0	0	0	0	0	0	0	0	0	0	0	0	0	0	0	0	0	0	0	0	0	0	0	0	0	0
LT934125.1	129650	-	0	0	0	0	54.540496	0	0	0	0	0	0	0	0	0	0	0	0	0	0	0	0	0	0	0	0	0	0
LT934125.1	129913	-	0	0	0	0	0	0	0	0	0	0	0	0	0	0	0	0	0	261.437908	0	0	0	0	0	0	0	0	0
LT934125.1	130111	-	0	0	0	0	0	0	0	0	0	0	38.645849	0	0	0	0	0	0	0	0	0	0	0	0	0	0	0	0
LT934125.1	132194	-	0	0	0	0	0	0	0	0	0	0	38.645849	0	0	0	0	0	0	0	0	0	0	0	0	0	0	0	0
LT934125.1	133657	-	0	0	0	0	0	0	0	0	0	0	0	0	0	0	0	0	0	0	51.474752	0	0	0	0	0	0	0	0
LT934125.1	134885	-	0	0	0	283.607487	0	0	12.804207	0	0	0	0	0	0	0	0	0	0	0	0	0	0	0	0	0	0	30.185794	19.955549
LT934125.1	134887	-	12.174485	0	0	0	109.080993	146.418244	320.105165	0	0	606.152447	309.166795	189.048912	0	0	137.97544	762.195122	0	0	205.899007	140.929881	148.578221	87.998543	0	84.338366	145.542249	135.836071	97.283301
LT934125.1	134888	-	1938.177967	0	1525.165226	5388.542258	4417.780202	5380.870456	6961.220326	0	0	4243.067131	4830.731179	6719.829512	0	0	7058.390665	3810.97561	3014.64255	2352.941176	9522.829052	8199.556711	6640.303557	6913.289015	1497.005988	4638.610104	10770.126414	12441.577912	9294.296954
LT934125.1	134889	-	73.046908	0	0	283.607487	54.540496	195.224325	354.249716	0	0	303.076224	618.333591	292.166501	0	0	238.07527	0	0	0	102.949503	281.859762	171.436409	213.049103	0	84.338366	311.876248	422.60111	274.388799
LT934125.1	134890	-	36.523454	0	0	0	54.540496	97.612162	951.779358	0	0	454.614336	1198.021333	653.07806	0	0	124.448436	0	0	261.437908	51.474752	89.682652	91.432751	125.050561	0	84.338366	166.333999	201.238624	132.205512
LT934125.1	134891	-	12.174485	0	0	0	54.540496	61.007602	46.948758	0	0	303.076224	193.229247	85.931324	0	0	75.751222	0	0	0	257.373758	89.682652	45.716376	63.297197	0	0	103.958749	166.021865	82.31664
LT934125.1	134892	-	14.609382	0	0	0	0	0	64.021033	0	0	0	38.645849	0	0	0	37.875611	0	430.663221	0	51.474752	0	45.716376	35.508184	0	84.338366	103.958749	90.557381	54.87776
LT934125.1	134893	-	36.523454	0	0	0	54.540496	134.216723	145.114342	0	0	0	38.645849	51.558794	0	0	124.448436	0	0	0	154.424255	140.929881	125.720033	175.997085	0	168.676731	311.876248	291.796004	261.916581
LT934125.1	134894	-	0	0	0	0	0	0	29.876482	0	0	151.538112	0	51.558794	0	0	0	0	0	0	0	0	0	23.157511	0	0	41.5835	15.092897	24.944436
LT934125.1	134895	-	150.96361	0	1016.776817	0	490.864467	280.634967	435.343025	0	0	454.614336	309.166795	429.656618	0	0	427.453325	0	0	261.437908	360.323261	512.472294	262.86916	382.870852	0	421.691828	644.544245	734.520977	538.799823
LT934125.1	134896	-	29.218763	0	508.388409	0	0	36.604561	123.773997	0	0	0	38.645849	85.931324	0	0	110.921432	0	0	0	154.424255	153.741688	137.149127	129.682063	0	0	187.125749	306.888901	222.005483
LT934125.1	134897	-	12.174485	0	0	0	0	61.007602	51.216826	0	0	0	38.645849	68.745059	0	0	56.813417	0	0	0	51.474752	51.247229	22.858188	33.96435	0	0	83.166999	55.340622	47.394429
LT934125.1	134898	-	0	0	0	0	54.540496	0	34.144551	0	0	0	77.291699	85.931324	0	0	32.464809	0	0	0	0	38.435422	22.858188	21.613677	0	0	41.5835	45.27869	12.472218
LT934125.1	134899	-	0	0	0	0	54.540496	0	29.876482	0	0	0	0	0	0	0	18.937806	0	0	0	0	38.435422	22.858188	13.894507	0	84.338366	62.37525	30.185794	12.472218
LT934125.1	134900	-	0	0	0	0	0	0	0	0	0	0	0	0	0	0	0	0	0	0	0	0	0	0	0	0	0	20.123862	0
LT934125.1	134901	-	0	0	0	0	0	0	0	0	0	0	0	0	0	0	0	0	0	0	0	0	0	0	0	0	0	25.154828	0
LT934125.1	134904	-	0	0	0	0	0	0	0	0	0	0	38.645849	0	0	0	0	0	0	0	0	0	0	0	0	0	0	0	0
LT934125.1	134918	-	0	0	0	0	0	0	0	0	0	0	38.645849	0	0	0	0	0	0	0	0	0	0	0	0	0	0	0	0
LT934125.1	135019	-	0	0	0	0	0	0	0	0	0	0	0	0	0	0	0	0	0	0	51.474752	0	0	0	0	0	0	0	0
LT934125.1	135185	-	12.174485	0	0	0	0	0	0	0	0	0	0	0	0	0	0	0	0	0	0	0	0	0	0	0	0	0	0
LT934125.1	135211	-	19.479176	0	0	0	0	0	25.608413	0	0	0	0	0	0	0	0	0	0	0	0	0	0	0	0	0	0	0	0
LT934125.1	135212	-	12.174485	0	0	0	0	0	0	0	0	0	0	0	0	0	0	0	0	0	0	0	0	0	0	0	0	0	0
LT934125.1	135237	-	0	0	0	0	0	0	12.804207	0	0	0	0	0	0	0	0	0	0	0	0	0	0	0	0	0	0	0	0
LT934125.1	135424	-	0	0	0	0	0	0	0	0	0	0	38.645849	0	0	0	0	0	0	0	0	0	0	0	0	0	0	0	0
LT934125.1	135465	-	0	0	0	0	54.540496	0	0	0	0	0	0	0	0	0	0	0	0	0	0	0	0	0	0	0	0	0	0
LT934125.1	135469	-	0	0	0	0	0	0	0	0	0	151.538112	0	0	0	0	0	0	0	0	0	0	0	0	0	0	0	0	0
LT934125.1	135474	-	0	0	0	0	0	0	0	0	0	0	38.645849	0	0	0	0	0	0	0	0	0	0	0	0	0	0	0	0
LT934125.1	135484	-	0	0	0	0	0	24.403041	12.804207	0	0	0	0	0	0	0	0	0	0	0	0	25.623615	0	0	0	0	0	0	0
LT934125.1	135485	-	46.263042	0	0	0	0	0	98.165584	0	0	0	0	68.745059	0	0	18.937806	0	0	0	0	0	22.858188	0	0	0	0	0	0
LT934125.1	135486	-	36.523454	0	0	0	0	0	72.557171	0	0	0	0	51.558794	0	0	0	0	0	0	0	0	0	0	0	0	0	0	0
LT934125.1	135487	-	0	0	0	0	0	0	0	0	0	0	0	0	0	0	13.527004	0	0	0	0	0	0	0	0	0	0	0	0
LT934125.1	135492	-	0	0	0	0	0	0	0	0	0	0	0	0	0	0	0	0	0	0	51.474752	0	0	0	0	0	0	0	0
LT934125.1	135501	-	0	0	0	0	0	0	0	0	0	0	38.645849	0	0	0	0	0	0	0	0	0	0	0	0	0	0	0	0
LT934125.1	135511	-	12.174485	0	0	0	54.540496	0	17.072275	0	0	0	38.645849	0	0	0	0	0	0	0	0	0	0	0	0	0	0	0	0
LT934125.1	135520	-	0	0	0	0	0	0	12.804207	0	0	0	0	0	0	0	0	0	0	0	0	0	0	0	0	0	0	0	0
LT934125.1	135543	-	0	0	0	0	0	0	12.804207	0	0	0	0	0	0	0	0	0	0	0	0	0	0	0	0	0	0	0	0
LT934125.1	135555	-	0	0	0	0	0	0	0	0	0	0	38.645849	0	0	0	0	0	0	0	0	0	0	0	0	0	0	0	0
LT934125.1	135565	-	53.567733	0	0	0	0	0	110.969791	0	0	0	77.291699	0	0	0	43.286413	0	0	0	0	0	34.287282	0	0	0	0	0	0
LT934125.1	135569	-	0	0	0	0	0	0	0	0	0	0	38.645849	0	0	0	0	0	0	0	0	0	0	0	0	0	0	0	0
LT934125.1	135575	-	0	0	0	0	0	0	0	0	0	0	0	0	0	0	0	0	0	0	51.474752	0	0	0	0	0	0	0	0
LT934125.1	135578	-	0	0	0	0	0	0	0	0	0	0	38.645849	0	0	0	0	0	0	0	0	0	0	0	0	0	0	0	0
LT934125.1	135588	-	0	0	0	0	0	0	0	0	0	0	77.291699	0	0	0	0	0	0	0	0	0	0	0	0	0	0	0	0
LT934125.1	135595	-	0	0	0	0	0	0	12.804207	0	0	0	0	0	0	0	0	0	0	0	0	0	0	0	0	0	0	0	0
LT934125.1	135597	-	31.65366	0	0	0	0	24.403041	25.608413	0	0	0	0	0	0	0	0	0	0	0	0	0	0	0	0	0	0	0	0
LT934125.1	135604	-	21.914072	0	0	0	0	0	0	0	0	0	38.645849	0	0	0	0	0	0	0	0	0	0	0	0	0	0	0	0
LT934125.1	135611	-	0	0	0	0	0	0	12.804207	0	0	0	0	0	0	0	0	0	0	0	0	0	0	0	0	0	0	0	0
LT934125.1	135626	-	0	0	0	0	0	0	17.072275	0	0	0	0	0	0	0	0	0	0	0	0	0	0	0	0	0	0	0	0
LT934125.1	135638	-	12.174485	0	0	0	0	0	0	0	0	0	0	0	0	0	0	0	0	0	0	0	0	0	0	0	0	0	0
LT934125.1	135646	-	58.437527	0	0	0	0	36.604561	68.289102	0	0	0	0	0	0	0	24.348607	0	0	0	0	0	0	0	0	0	0	0	0
LT934125.1	135650	-	12.174485	0	0	0	0	0	0	0	0	0	0	0	0	0	0	0	0	0	0	0	0	0	0	0	0	0	0
LT934125.1	135666	-	36.523454	0	0	0	0	24.403041	68.289102	0	0	0	0	0	0	0	16.232405	0	0	0	0	0	22.858188	0	0	0	0	0	0
LT934125.1	135686	-	21.914072	0	0	0	0	0	21.340344	0	0	0	0	0	0	0	0	0	0	0	0	0	0	0	0	0	0	0	0
LT934125.1	135688	-	0	0	0	0	0	0	0	0	0	0	38.645849	0	0	0	0	0	0	0	0	0	0	0	0	0	0	0	0
LT934125.1	135697	-	0	0	0	0	0	0	12.804207	0	0	0	0	0	0	0	0	0	0	0	0	0	0	0	0	0	0	0	0
LT934125.1	135698	-	21.914072	0	0	0	0	0	29.876482	0	0	0	0	0	0	0	0	0	0	0	0	0	0	0	0	0	0	0	0
LT934125.1	135699	-	0	0	0	0	0	0	12.804207	0	0	0	0	0	0	0	0	0	0	0	0	0	0	0	0	0	0	0	0
LT934125.1	135716	-	0	0	0	0	0	0	0	0	0	0	38.645849	0	0	0	0	0	0	0	0	0	0	0	0	0	0	0	0
LT934125.1	135722	-	0	0	0	0	0	0	0	0	0	0	38.645849	0	0	0	0	0	0	0	0	0	0	0	0	0	0	0	0
LT934125.1	135725	-	0	0	0	0	0	0	0	0	0	0	38.645849	0	0	0	0	0	0	0	0	0	0	0	0	0	0	0	0
LT934125.1	135728	-	38.958351	0	0	0	0	0	55.484895	0	0	0	0	0	0	0	0	0	0	0	0	0	0	0	0	0	0	0	0
LT934125.1	135731	-	14.609382	0	0	0	0	0	0	0	0	0	0	0	0	0	0	0	0	0	0	0	0	0	0	0	0	0	0
LT934125.1	135748	-	0	0	0	0	54.540496	0	0	0	0	0	0	0	0	0	0	0	0	0	0	0	0	0	0	0	0	0	0
LT934125.1	135761	-	12.174485	0	0	0	0	0	12.804207	0	0	0	77.291699	34.372529	0	0	0	0	0	0	0	0	0	0	0	0	0	0	0
LT934125.1	135830	-	0	0	0	0	0	0	17.072275	0	0	0	0	0	0	0	0	0	0	0	0	0	0	0	0	0	0	0	0
LT934125.1	140646	-	0	0	0	0	54.540496	0	0	0	0	0	0	0	0	0	0	0	0	0	0	0	0	0	0	0	0	0	0
LT934125.1	141295	-	38.958351	0	0	0	0	73.209122	17.072275	0	816.993464	0	38.645849	0	0	0	64.929619	0	861.326443	0	154.424255	0	45.716376	0	0	0	0	0	0
LT934125.1	141296	-	0	0	0	0	0	0	0	0	0	0	0	0	0	1283.697047	0	0	0	0	0	0	0	0	0	0	0	0	0
LT934125.1	141297	-	19.479176	0	0	0	0	24.403041	0	0	0	0	0	0	0	0	18.937806	0	0	0	0	0	0	0	0	0	0	0	12.472218
LT934125.1	141298	-	0	0	0	0	0	0	17.072275	0	0	0	0	0	0	0	0	0	0	0	0	0	0	0	0	0	0	15.092897	0
LT934125.1	141303	-	0	0	0	0	0	0	0	0	0	151.538112	0	0	0	0	0	0	0	0	0	0	0	0	0	0	0	0	0
LT934125.1	141323	-	0	0	0	0	0	0	0	0	0	0	0	34.372529	0	0	0	0	0	0	0	0	0	0	0	0	0	0	0
LT934125.1	141324	-	31.65366	0	0	0	54.540496	36.604561	38.41262	0	0	151.538112	0	51.558794	0	1283.697047	67.63502	0	0	0	0	140.929881	80.003657	13.894507	0	168.676731	0	0	17.461105
LT934125.1	141326	-	0	0	0	0	0	0	0	0	0	0	0	0	0	0	0	0	0	261.437908	0	0	0	0	0	0	0	0	0
LT934125.1	141327	-	0	0	0	0	0	0	0	0	816.993464	0	0	0	0	0	29.759409	0	0	0	0	0	0	0	0	0	0	0	0
LT934125.1	141328	-	0	0	0	0	0	0	0	0	0	151.538112	0	0	0	0	0	0	0	0	0	0	0	0	0	0	0	0	0
LT934125.1	141332	-	12.174485	0	0	0	0	0	0	0	0	0	0	0	0	0	13.527004	0	0	0	0	25.623615	45.716376	0	0	0	0	0	0
LT934125.1	141334	-	0	0	0	0	0	0	0	0	0	0	38.645849	0	0	0	0	0	0	0	0	0	0	0	0	0	0	0	0
LT934125.1	142405	-	0	0	0	0	54.540496	0	0	0	0	0	0	0	0	0	0	0	0	0	0	0	0	0	0	0	0	0	0
LT934125.1	142497	-	0	0	0	0	0	0	0	0	0	0	38.645849	0	0	0	0	0	0	0	0	0	0	0	0	0	0	0	0
LT934125.1	142612	-	0	0	0	0	0	0	0	0	0	0	38.645849	0	0	0	0	0	0	0	0	0	0	0	0	0	0	0	0
