chr	strand	gene	group	cluster	start	end	dominant_tss	tags	tags.dominant_tss	q_0.1	q_0.9	interquantile_width	inCoding	cluster_width	hpi	cell_line	Time	dominant_TC	CDS_start	CDS_end	CDS_prime5	CDS_prime3	TSS_CDS_dist	closest_TC
LT934125.1	+	ELIE	PC_12_6h	921	100385	100385	100385	26.651031	26.651031	100385	100385	1		1	6h	PC_12	6	921	100549	102393	100549	102393	164	921
LT934125.1	+	IE180_2	C6_12h	1230	136339	136351	136348	1370.734813	972.102749	136345	136351	7		13	12h	C6	12	1230	136420	140772	136420	140772	72	1230
LT934125.1	+	IE180_2	C6_2h	1230	136348	136348	136348	1172.332943	1172.332943	136348	136348	1		1	2h	C6	2	1230	136420	140772	136420	140772	72	1230
LT934125.1	+	IE180_2	C6_6h	1230	136338	136351	136348	689.952566	258.732212	136338	136351	14		14	6h	C6	6	1230	136420	140772	136420	140772	72	1230
LT934125.1	+	IE180_2	C6_8h	1230	136345	136352	136348	419.693301	258.272801	136348	136351	4		8	8h	C6	8	1230	136420	140772	136420	140772	72	1230
LT934125.1	+	IE180_2	NRK_2h	1230	136348	136348	136348	3236.245955	3236.245955	136348	136348	1		1	2h	NRK	2	1230	136420	140772	136420	140772	72	1230
LT934125.1	+	IE180_2	PC_12_12h	1230	136339	136351	136348	525.572157	395.885521	136339	136348	10		13	12h	PC_12	12	1230	136420	140772	136420	140772	72	1230
LT934125.1	+	IE180_2	PC_12_2.5h	1230	136348	136348	136348	740.19245	740.19245	136348	136348	1		1	2.5h	PC_12	2.5	1230	136420	140772	136420	140772	72	1230
LT934125.1	+	IE180_2	PC_12_2h	1230	136348	136351	136348	2001.334224	667.111408	136348	136351	4		4	2h	PC_12	2	1230	136420	140772	136420	140772	72	1230
LT934125.1	+	IE180_2	PC_12_4h	1230	136339	136348	136348	702.670147	602.288697	136339	136348	10		10	4h	PC_12	4	1230	136420	140772	136420	140772	72	1230
LT934125.1	+	IE180_2	PC_12_6h	1230	136339	136351	136348	533.020628	373.11444	136345	136351	7		13	6h	PC_12	6	1230	136420	140772	136420	140772	72	1230
LT934125.1	+	IE180_2	PC_12_8h	1230	136322	136355	136348	721.048343	344.849207	136335	136351	17		34	8h	PC_12	8	1230	136420	140772	136420	140772	72	1230
LT934125.1	+	IE180_2	PK_15_12h	1230	136339	136351	136348	121.281465	86.956522	136339	136351	13		13	12h	PK_15	12	1230	136420	140772	136420	140772	72	1230
LT934125.1	+	IE180_2	PK_15_1h	1229	136270	136270	136270	2923.976608	2923.976608	136270	136270	1		1	1h	PK_15	1	1229	136420	140772	136420	140772	150	1229
LT934125.1	+	IE180_2	PK_15_2h	1229	136245	136245	136245	362.056481	362.056481	136245	136245	1		1	2h	PK_15	2	1229	136420	140772	136420	140772	175	1229
LT934125.1	+	IE180_2	PK_15_4h	1230	136339	136352	136348	3491.10985	1948.526427	136341	136351	11		14	4h	PK_15	4	1230	136420	140772	136420	140772	72	1230
LT934125.1	+	IE180_2	PK_15_6h	1230	136335	136351	136348	1806.466181	1193.558013	136339	136351	13		17	6h	PK_15	6	1230	136420	140772	136420	140772	72	1230
LT934125.1	+	IE180_2	PK_15_8h	1230	136335	136351	136348	1184.215721	750.003289	136339	136350	12		17	8h	PK_15	8	1230	136420	140772	136420	140772	72	1230
LT934125.1	+	NOIR	C6_12h	981	107473	107485	107482	755.302857	349.677248	107482	107484	3		13	12h	C6	12	981	107483	108830	107483	108830	1	981
LT934125.1	+	NOIR	C6_4h	980	107420	107427	107420	1050.97215	525.486075	107420	107427	8		8	4h	C6	4	980	107483	108830	107483	108830	63	980
LT934125.1	+	NOIR	C6_6h	981	107468	107485	107483	1034.928849	344.976283	107476	107484	9	NOIR	18	6h	C6	6	981	107483	108830	107483	108830	0	981
LT934125.1	+	NOIR	C6_8h	981	107470	107485	107482	1355.932203	807.102502	107482	107483	2		16	8h	C6	8	981	107483	108830	107483	108830	1	981
LT934125.1	+	NOIR	PC_12_12h	981	107473	107485	107482	1208.133401	423.187971	107476	107485	10		13	12h	PC_12	12	981	107483	108830	107483	108830	1	981
LT934125.1	+	NOIR	PC_12_1h	981	107479	107479	107479	2227.171492	2227.171492	107479	107479	1		1	1h	PC_12	1	981	107483	108830	107483	108830	4	981
LT934125.1	+	NOIR	PC_12_2.5h	981	107482	107482	107482	2220.57735	2220.57735	107482	107482	1		1	2.5h	PC_12	2.5	981	107483	108830	107483	108830	1	981
LT934125.1	+	NOIR	PC_12_4h	980	107420	107437	107420	501.907249	200.762899	107420	107437	18		18	4h	PC_12	4	980	107483	108830	107483	108830	63	980
LT934125.1	+	NOIR	PC_12_6h	981	107473	107485	107483	799.530941	239.859283	107475	107485	11	NOIR	13	6h	PC_12	6	981	107483	108830	107483	108830	0	981
LT934125.1	+	NOIR	PC_12_8h	981	107473	107485	107482	1630.196251	909.147909	107479	107484	6		13	8h	PC_12	8	981	107483	108830	107483	108830	1	981
LT934125.1	+	NOIR	PK_15_12h	981	107473	107485	107482	1009.153318	405.034325	107482	107485	4		13	12h	PK_15	12	981	107483	108830	107483	108830	1	981
LT934125.1	+	NOIR	PK_15_2h	981	107482	107482	107482	1810.282404	1810.282404	107482	107482	1		1	2h	PK_15	2	981	107483	108830	107483	108830	1	981
LT934125.1	+	NOIR	PK_15_4h	981	107476	107485	107482	2354.469434	933.668913	107479	107485	7		10	4h	PK_15	4	981	107483	108830	107483	108830	1	981
LT934125.1	+	NOIR	PK_15_6h	981	107472	107485	107482	2467.761836	1201.622594	107482	107484	3		14	6h	PK_15	6	981	107483	108830	107483	108830	1	981
LT934125.1	+	NOIR	PK_15_8h	981	107473	107485	107482	2535.098837	1364.04107	107482	107485	4		13	8h	PK_15	8	981	107483	108830	107483	108830	1	981
LT934125.1	+	ORF-1	C6_12h	16	1600	1604	1600	1951.199044	1433.676716	1600	1603	4		5	12h	C6	12	16	1623	2243	1623	2243	23	16
LT934125.1	+	ORF-1	C6_4h	16	1593	1603	1600	4203.888598	2627.430373	1593	1603	11		11	4h	C6	4	16	1623	2243	1623	2243	23	16
LT934125.1	+	ORF-1	C6_6h	16	1583	1604	1600	3363.518758	2328.589909	1600	1603	4		22	6h	C6	6	16	1623	2243	1623	2243	23	16
LT934125.1	+	ORF-1	C6_8h	16	1590	1604	1600	1807.909604	1097.659403	1600	1603	4		15	8h	C6	8	16	1623	2243	1623	2243	23	16
LT934125.1	+	ORF-1	PC_12_12h	16	1590	1603	1600	2504.999761	1979.427604	1600	1603	4		14	12h	PC_12	12	16	1623	2243	1623	2243	23	16
LT934125.1	+	ORF-1	PC_12_2.5h	16	1600	1600	1600	2220.57735	2220.57735	1600	1600	1		1	2.5h	PC_12	2.5	16	1623	2243	1623	2243	23	16
LT934125.1	+	ORF-1	PC_12_2h	16	1600	1600	1600	1334.222815	1334.222815	1600	1600	1		1	2h	PC_12	2	16	1623	2243	1623	2243	23	16
LT934125.1	+	ORF-1	PC_12_4h	16	1595	1603	1600	3914.876532	3412.969283	1600	1600	1		9	4h	PC_12	4	16	1623	2243	1623	2243	23	16
LT934125.1	+	ORF-1	PC_12_6h	16	1590	1603	1600	3997.65471	3384.680987	1600	1602	3		14	6h	PC_12	6	16	1623	2243	1623	2243	23	16
LT934125.1	+	ORF-1	PC_12_8h	16	1588	1604	1600	3730.641421	2476.644304	1600	1603	4		17	8h	PC_12	8	16	1623	2243	1623	2243	23	16
LT934125.1	+	ORF-1	PK_15_12h	16	1600	1603	1600	1478.260869	1162.471396	1600	1603	4		4	12h	PK_15	12	16	1623	2243	1623	2243	23	16
LT934125.1	+	ORF-1	PK_15_2h	16	1600	1604	1600	1086.169443	724.112962	1600	1604	5		5	2h	PK_15	2	16	1623	2243	1623	2243	23	16
LT934125.1	+	ORF-1	PK_15_4h	16	1600	1604	1600	893.074612	608.914508	1600	1603	4		5	4h	PK_15	4	16	1623	2243	1623	2243	23	16
LT934125.1	+	ORF-1	PK_15_6h	16	1600	1604	1600	1088.718457	750.006048	1600	1603	4		5	6h	PK_15	6	16	1623	2243	1623	2243	23	16
LT934125.1	+	ORF-1	PK_15_8h	16	1600	1603	1600	1464.918706	1004.39037	1600	1603	4		4	8h	PK_15	8	16	1623	2243	1623	2243	23	16
LT934125.1	+	UL11	C6_1h	743	79749	79749	79749	1540.832049	1540.832049	79749	79749	1	UL12	1	1h	C6	1	743	79779	79970	79779	79970	30	743
LT934125.1	+	UL11	PC_12_1.5h	743	79681	79681	79681	2212.389381	2212.389381	79681	79681	1	UL12	1	1.5h	PC_12	1.5	743	79779	79970	79779	79970	98	743
LT934125.1	+	UL11	PC_12_1h	743	79712	79712	79712	2227.171492	2227.171492	79712	79712	1	UL12	1	1h	PC_12	1	743	79779	79970	79779	79970	67	743
LT934125.1	+	UL11	PC_12_2h	743	79714	79714	79714	667.111408	667.111408	79714	79714	1	UL12	1	2h	PC_12	2	743	79779	79970	79779	79970	65	743
LT934125.1	+	UL12	C6_8h	723	78329	78332	78329	64.5682	32.2841	78329	78332	4	UL13	4	8h	C6	8	723	78364	79821	78364	79821	35	723
LT934125.1	+	UL12	PK_15_4h	722	78282	78282	78282	40.594301	40.594301	78282	78282	1	UL13	1	4h	PK_15	4	722	78364	79821	78364	79821	82	722
LT934125.1	+	UL12	PK_15_8h	723	78332	78332	78332	13.157952	13.157952	78332	78332	1	UL13	1	8h	PK_15	8	723	78364	79821	78364	79821	32	723
LT934125.1	+	UL13	PC_12_8h	709	77169	77169	77169	31.349928	31.349928	77169	77169	1	UL14	1	8h	PC_12	8	709	77202	78398	77202	78398	33	709
LT934125.1	+	UL14	C6_1h	703	76683	76689	76683	6163.328197	3081.664099	76683	76689	7		7	1h	C6	1	703	76753	77232	76753	77232	70	703
LT934125.1	+	UL14	C6_6h	703	76674	76688	76683	1897.369557	948.684778	76683	76685	3		15	6h	C6	6	703	76753	77232	76753	77232	70	703
LT934125.1	+	UL14	C6_8h	703	76677	76685	76683	1259.079903	742.534302	76677	76685	9		9	8h	C6	8	703	76753	77232	76753	77232	70	703
LT934125.1	+	UL14	PC_12_12h	703	76677	76685	76683	389.059908	238.896435	76682	76685	4		9	12h	PC_12	12	703	76753	77232	76753	77232	70	703
LT934125.1	+	UL14	PC_12_2h	703	76683	76685	76683	3335.557038	1334.222815	76683	76685	3		3	2h	PC_12	2	703	76753	77232	76753	77232	70	703
LT934125.1	+	UL14	PC_12_6h	703	76677	76687	76683	799.530942	373.11444	76683	76685	3		11	6h	PC_12	6	703	76753	77232	76753	77232	70	703
LT934125.1	+	UL14	PC_12_8h	703	76677	76685	76683	438.898991	250.799423	76677	76685	9		9	8h	PC_12	8	703	76753	77232	76753	77232	70	703
LT934125.1	+	UL14	PK_15_12h	703	76683	76685	76683	183.066362	123.569794	76683	76685	3		3	12h	PK_15	12	703	76753	77232	76753	77232	70	703
LT934125.1	+	UL14	PK_15_2h	703	76683	76683	76683	724.112962	724.112962	76683	76683	1		1	2h	PK_15	2	703	76753	77232	76753	77232	70	703
LT934125.1	+	UL14	PK_15_4h	703	76682	76685	76683	974.263214	527.725907	76683	76685	3		4	4h	PK_15	4	703	76753	77232	76753	77232	70	703
LT934125.1	+	UL14	PK_15_6h	703	76677	76689	76683	814.522697	451.616545	76683	76687	5		13	6h	PK_15	6	703	76753	77232	76753	77232	70	703
LT934125.1	+	UL14	PK_15_8h	703	76677	76687	76683	644.73967	355.264716	76683	76685	3		11	8h	PK_15	8	703	76753	77232	76753	77232	70	703
LT934125.1	+	UL16	C6_8h	687	74573	74573	74573	32.2841	32.2841	74573	74573	1	UL17	1	8h	C6	8	687	74654	75640	74654	75640	81	687
LT934125.1	+	UL16	PC_12_4h	688	74643	74643	74643	100.38145	100.38145	74643	74643	1		1	4h	PC_12	4	688	74654	75640	74654	75640	11	688
LT934125.1	+	UL16	PC_12_8h	688	74643	74795	74643	188.099568	62.699856	74643	74795	153		153	8h	PC_12	8	688	74654	75640	74654	75640	11	688
LT934125.1	+	UL16	PK_15_4h	688	74629	74722	74629	162.377204	40.594301	74629	74722	94		94	4h	PK_15	4	688	74654	75640	74654	75640	25	688
LT934125.1	+	UL16	PK_15_6h	688	74636	74770	74636	40.322905	24.193743	74636	74770	135		135	6h	PK_15	6	688	74654	75640	74654	75640	18	688
LT934125.1	+	UL17	C6_12h	662	72758	72763	72759	1042.038199	657.393226	72758	72763	6		6	12h	C6	12	662	72834	74627	72834	74627	75	662
LT934125.1	+	UL17	C6_4h	662	72759	72759	72759	1050.972149	1050.972149	72759	72759	1		1	4h	C6	4	662	72834	74627	72834	74627	75	662
LT934125.1	+	UL17	C6_6h	662	72758	72763	72759	517.464425	344.976283	72758	72763	6		6	6h	C6	6	662	72834	74627	72834	74627	75	662
LT934125.1	+	UL17	C6_8h	662	72758	72763	72759	548.829701	387.409201	72758	72759	2		6	8h	C6	8	662	72834	74627	72834	74627	75	662
LT934125.1	+	UL17	PC_12_12h	662	72758	72763	72759	491.444095	382.234296	72759	72760	2		6	12h	PC_12	12	662	72834	74627	72834	74627	75	662
LT934125.1	+	UL17	PC_12_4h	662	72759	72760	72759	401.525799	301.144349	72759	72760	2		2	4h	PC_12	4	662	72834	74627	72834	74627	75	662
LT934125.1	+	UL17	PC_12_6h	662	72759	72763	72759	612.973722	533.020628	72759	72760	2		5	6h	PC_12	6	662	72834	74627	72834	74627	75	662
LT934125.1	+	UL17	PC_12_8h	662	72758	72763	72759	532.948775	376.199135	72758	72761	4		6	8h	PC_12	8	662	72834	74627	72834	74627	75	662
LT934125.1	+	UL17	PK_15_12h	662	72758	72763	72759	411.899313	292.906178	72759	72763	5		6	12h	PK_15	12	662	72834	74627	72834	74627	75	662
LT934125.1	+	UL17	PK_15_4h	662	72758	72764	72759	243.565804	162.377202	72758	72764	7		7	4h	PK_15	4	662	72834	74627	72834	74627	75	662
LT934125.1	+	UL17	PK_15_6h	662	72758	72763	72759	459.681127	322.583247	72758	72763	6		6	6h	PK_15	6	662	72834	74627	72834	74627	75	662
LT934125.1	+	UL17	PK_15_8h	662	72758	72763	72759	605.265813	434.212431	72758	72763	6		6	8h	PK_15	8	662	72834	74627	72834	74627	75	662
LT934125.1	+	UL18	C6_12h	637	70525	70531	70531	53906.244537	31596.83612	70529	70531	3		7	12h	C6	12	637	70559	71449	70559	71449	28	637
LT934125.1	+	UL18	C6_1h	637	70529	70534	70531	24653.312788	12326.656394	70529	70532	4		6	1h	C6	1	637	70559	71449	70559	71449	28	637
LT934125.1	+	UL18	C6_2h	637	70528	70535	70531	39859.320047	19929.660023	70529	70531	3		8	2h	C6	2	637	70559	71449	70559	71449	28	637
LT934125.1	+	UL18	C6_4h	637	70529	70531	70529	35733.053074	19442.984761	70529	70531	3		3	4h	C6	4	637	70559	71449	70559	71449	30	637
LT934125.1	+	UL18	C6_6h	637	70525	70531	70531	30530.401035	18025.010781	70529	70531	3		7	6h	C6	6	637	70559	71449	70559	71449	28	637
LT934125.1	+	UL18	C6_8h	637	70525	70531	70531	35351.089588	19983.85795	70529	70531	3		7	8h	C6	8	637	70559	71449	70559	71449	28	637
LT934125.1	+	UL18	NRK_1h	637	70529	70531	70529	20202.020202	10101.010101	70529	70531	3		3	1h	NRK	1	637	70559	71449	70559	71449	30	637
LT934125.1	+	UL18	NRK_2h	637	70529	70531	70529	16181.229773	9708.737864	70529	70531	3		3	2h	NRK	2	637	70559	71449	70559	71449	30	637
LT934125.1	+	UL18	PC_12_0.5h	637	70529	70529	70529	32258.064516	32258.064516	70529	70529	1		1	0.5h	PC_12	0.5	637	70559	71449	70559	71449	30	637
LT934125.1	+	UL18	PC_12_1.5h	637	70529	70534	70531	24336.283186	13274.336283	70529	70531	3		6	1.5h	PC_12	1.5	637	70559	71449	70559	71449	28	637
LT934125.1	+	UL18	PC_12_12h	637	70525	70531	70531	34872.053894	20667.954432	70529	70531	3		7	12h	PC_12	12	637	70559	71449	70559	71449	28	637
LT934125.1	+	UL18	PC_12_1h	637	70529	70531	70529	15590.200446	8908.685969	70529	70531	3		3	1h	PC_12	1	637	70559	71449	70559	71449	30	637
LT934125.1	+	UL18	PC_12_2.5h	637	70525	70532	70531	22945.965951	12583.271651	70529	70531	3		8	2.5h	PC_12	2.5	637	70559	71449	70559	71449	28	637
LT934125.1	+	UL18	PC_12_2h	637	70529	70531	70531	22014.676451	11340.893929	70529	70531	3		3	2h	PC_12	2	637	70559	71449	70559	71449	28	637
LT934125.1	+	UL18	PC_12_4h	637	70525	70531	70531	32925.115439	18871.712508	70529	70531	3		7	4h	PC_12	4	637	70559	71449	70559	71449	28	637
LT934125.1	+	UL18	PC_12_6h	637	70525	70531	70531	34646.340814	19481.90395	70529	70531	3		7	6h	PC_12	6	637	70559	71449	70559	71449	28	637
LT934125.1	+	UL18	PC_12_8h	637	70525	70531	70531	26114.489938	15925.763371	70529	70531	3		7	8h	PC_12	8	637	70559	71449	70559	71449	28	637
LT934125.1	+	UL18	PK_15_12h	637	70525	70531	70531	36659.038902	22148.741419	70529	70531	3		7	12h	PK_15	12	637	70559	71449	70559	71449	28	637
LT934125.1	+	UL18	PK_15_2h	637	70529	70534	70531	14844.315714	7603.186097	70529	70531	3		6	2h	PK_15	2	637	70559	71449	70559	71449	28	637
LT934125.1	+	UL18	PK_15_4h	637	70525	70531	70531	25696.192254	14086.222294	70529	70531	3		7	4h	PK_15	4	637	70559	71449	70559	71449	28	637
LT934125.1	+	UL18	PK_15_6h	637	70525	70531	70531	26395.374157	15742.062436	70529	70531	3		7	6h	PK_15	6	637	70559	71449	70559	71449	28	637
LT934125.1	+	UL18	PK_15_8h	637	70525	70531	70531	26026.429941	15565.857745	70529	70531	3		7	8h	PK_15	8	637	70559	71449	70559	71449	28	637
LT934125.1	+	UL19	C6_12h	579	66335	66341	66338	4916.462105	3342.91449	66338	66341	4		7	12h	C6	12	579	66399	70391	66399	70391	61	579
LT934125.1	+	UL19	C6_2h	579	66338	66345	66338	3516.998828	2344.665885	66338	66345	8		8	2h	C6	2	579	66399	70391	66399	70391	61	579
LT934125.1	+	UL19	C6_4h	579	66338	66338	66338	2101.944298	2101.944298	66338	66338	1		1	4h	C6	4	579	66399	70391	66399	70391	61	579
LT934125.1	+	UL19	C6_6h	579	66335	66341	66338	3708.495042	2242.345839	66338	66341	4		7	6h	C6	6	579	66399	70391	66399	70391	61	579
LT934125.1	+	UL19	C6_8h	579	66337	66341	66338	1840.193705	1452.784504	66338	66341	4		5	8h	C6	8	579	66399	70391	66399	70391	61	579
LT934125.1	+	UL19	NRK_1h	579	66338	66338	66338	10101.010101	10101.010101	66338	66338	1		1	1h	NRK	1	579	66399	70391	66399	70391	61	579
LT934125.1	+	UL19	NRK_2h	579	66338	66338	66338	3236.245955	3236.245955	66338	66338	1		1	2h	NRK	2	579	66399	70391	66399	70391	61	579
LT934125.1	+	UL19	PC_12_12h	579	66335	66341	66338	2784.84987	1958.950767	66338	66341	4		7	12h	PC_12	12	579	66399	70391	66399	70391	61	579
LT934125.1	+	UL19	PC_12_2h	579	66338	66338	66338	2001.334223	2001.334223	66338	66338	1		1	2h	PC_12	2	579	66399	70391	66399	70391	61	579
LT934125.1	+	UL19	PC_12_4h	579	66335	66347	66338	2308.77334	1304.958844	66338	66341	4		13	4h	PC_12	4	579	66399	70391	66399	70391	61	579
LT934125.1	+	UL19	PC_12_6h	579	66335	66344	66338	2291.9887	1412.504664	66338	66341	4		10	6h	PC_12	6	579	66399	70391	66399	70391	61	579
LT934125.1	+	UL19	PC_12_8h	579	66335	66341	66338	3166.342718	2100.445169	66338	66341	4		7	8h	PC_12	8	579	66399	70391	66399	70391	61	579
LT934125.1	+	UL19	PK_15_12h	579	66335	66341	66338	4659.038902	3093.82151	66338	66341	4		7	12h	PK_15	12	579	66399	70391	66399	70391	61	579
LT934125.1	+	UL19	PK_15_1h	579	66338	66338	66338	2923.976608	2923.976608	66338	66338	1		1	1h	PK_15	1	579	66399	70391	66399	70391	61	579
LT934125.1	+	UL19	PK_15_2h	579	66338	66344	66338	2172.338885	1448.225923	66338	66344	7		7	2h	PK_15	2	579	66399	70391	66399	70391	61	579
LT934125.1	+	UL19	PK_15_4h	579	66335	66341	66338	1420.800521	893.074612	66338	66341	4		7	4h	PK_15	4	579	66399	70391	66399	70391	61	579
LT934125.1	+	UL19	PK_15_6h	579	66335	66341	66338	1951.628642	1395.172542	66338	66341	4		7	6h	PK_15	6	579	66399	70391	66399	70391	61	579
LT934125.1	+	UL19	PK_15_8h	579	66335	66341	66338	4109.667148	2820.187808	66338	66341	4		7	8h	PK_15	8	579	66399	70391	66399	70391	61	579
LT934125.1	+	UL20	C6_12h	576	65805	65809	65807	412.619153	237.780529	65805	65807	3		5	12h	C6	12	576	65827	66312	65827	66312	20	576
LT934125.1	+	UL20	C6_2h	576	65807	65807	65807	2344.665885	2344.665885	65807	65807	1		1	2h	C6	2	576	65827	66312	65827	66312	20	576
LT934125.1	+	UL20	C6_4h	576	65807	65807	65807	525.486075	525.486075	65807	65807	1		1	4h	C6	4	576	65827	66312	65827	66312	20	576
LT934125.1	+	UL20	C6_6h	576	65805	65815	65805	258.732213	86.244071	65805	65815	11		11	6h	C6	6	576	65827	66312	65827	66312	22	576
LT934125.1	+	UL20	C6_8h	576	65805	65807	65805	64.5682	32.2841	65805	65807	3		3	8h	C6	8	576	65827	66312	65827	66312	22	576
LT934125.1	+	UL20	NRK_2h	576	65807	65807	65807	3236.245955	3236.245955	65807	65807	1		1	2h	NRK	2	576	65827	66312	65827	66312	20	576
LT934125.1	+	UL20	PC_12_12h	576	65805	65809	65807	348.106234	163.814698	65805	65807	3		5	12h	PC_12	12	576	65827	66312	65827	66312	20	576
LT934125.1	+	UL20	PC_12_1h	576	65802	65802	65802	2227.171492	2227.171492	65802	65802	1		1	1h	PC_12	1	576	65827	66312	65827	66312	25	576
LT934125.1	+	UL20	PC_12_2h	576	65805	65809	65805	2001.334223	1334.222815	65805	65809	5		5	2h	PC_12	2	576	65827	66312	65827	66312	22	576
LT934125.1	+	UL20	PC_12_4h	576	65809	65809	65809	100.38145	100.38145	65809	65809	1		1	4h	PC_12	4	576	65827	66312	65827	66312	18	576
LT934125.1	+	UL20	PC_12_6h	576	65805	65809	65805	293.161345	186.55722	65805	65809	5		5	6h	PC_12	6	576	65827	66312	65827	66312	22	576
LT934125.1	+	UL20	PC_12_8h	576	65805	65810	65805	564.298702	250.799423	65805	65808	4		6	8h	PC_12	8	576	65827	66312	65827	66312	22	576
LT934125.1	+	UL20	PK_15_12h	576	65805	65809	65807	260.869566	157.894737	65805	65807	3		5	12h	PK_15	12	576	65827	66312	65827	66312	20	576
LT934125.1	+	UL20	PK_15_2h	576	65807	65808	65807	724.112962	362.056481	65807	65808	2		2	2h	PK_15	2	576	65827	66312	65827	66312	20	576
LT934125.1	+	UL20	PK_15_4h	576	65805	65809	65807	649.50881	324.754404	65805	65809	5		5	4h	PK_15	4	576	65827	66312	65827	66312	20	576
LT934125.1	+	UL20	PK_15_6h	576	65805	65809	65807	540.326938	290.324922	65805	65808	4		5	6h	PK_15	6	576	65827	66312	65827	66312	20	576
LT934125.1	+	UL20	PK_15_8h	576	65805	65809	65807	578.949907	285.08897	65805	65808	4		5	8h	PK_15	8	576	65827	66312	65827	66312	20	576
LT934125.1	+	UL22	C6_12h	529	60232	60239	60234	1580.541161	713.341586	60233	60239	7		8	12h	C6	12	529	60254	62314	60254	62314	20	529
LT934125.1	+	UL22	C6_2h	529	60235	60239	60235	2344.665886	1172.332943	60235	60239	5		5	2h	C6	2	529	60254	62314	60254	62314	19	529
LT934125.1	+	UL22	C6_4h	529	60233	60235	60233	2101.944299	1050.972149	60233	60235	3		3	4h	C6	4	529	60254	62314	60254	62314	21	529
LT934125.1	+	UL22	C6_6h	529	60232	60239	60234	2069.857698	948.684778	60234	60237	4		8	6h	C6	6	529	60254	62314	60254	62314	20	529
LT934125.1	+	UL22	C6_8h	529	60233	60242	60234	1097.659401	548.829701	60234	60239	6		10	8h	C6	8	529	60254	62314	60254	62314	20	529
LT934125.1	+	UL22	PC_12_12h	529	60232	60239	60235	1276.389525	389.059908	60234	60237	4		8	12h	PC_12	12	529	60254	62314	60254	62314	19	529
LT934125.1	+	UL22	PC_12_1h	529	60217	60217	60217	2227.171492	2227.171492	60217	60217	1		1	1h	PC_12	1	529	60254	62314	60254	62314	37	529
LT934125.1	+	UL22	PC_12_2h	529	60232	60239	60239	2001.334223	1334.222815	60232	60239	8		8	2h	PC_12	2	529	60254	62314	60254	62314	15	529
LT934125.1	+	UL22	PC_12_4h	529	60232	60248	60235	2208.391891	702.670147	60232	60239	8		17	4h	PC_12	4	529	60254	62314	60254	62314	19	529
LT934125.1	+	UL22	PC_12_6h	529	60232	60248	60234	1492.457758	453.067534	60234	60239	6		17	6h	PC_12	6	529	60254	62314	60254	62314	20	529
LT934125.1	+	UL22	PC_12_8h	529	60232	60242	60235	1786.94589	438.898991	60233	60239	7		11	8h	PC_12	8	529	60254	62314	60254	62314	19	529
LT934125.1	+	UL22	PK_15_12h	529	60232	60239	60234	917.620138	421.052632	60233	60237	5		8	12h	PK_15	12	529	60254	62314	60254	62314	20	529
LT934125.1	+	UL22	PK_15_2h	529	60232	60239	60239	2896.451847	1086.169442	60232	60239	8		8	2h	PK_15	2	529	60254	62314	60254	62314	15	529
LT934125.1	+	UL22	PK_15_4h	529	60232	60239	60234	690.103109	284.160104	60232	60239	8		8	4h	PK_15	4	529	60254	62314	60254	62314	20	529
LT934125.1	+	UL22	PK_15_6h	529	60232	60239	60234	1088.718458	387.099896	60232	60237	6		8	6h	PK_15	6	529	60254	62314	60254	62314	20	529
LT934125.1	+	UL22	PK_15_8h	529	60232	60239	60234	1521.936501	710.529432	60233	60236	4		8	8h	PK_15	8	529	60254	62314	60254	62314	20	529
LT934125.1	+	UL23	C6_12h	513	59065	59074	59068	3552.72084	2342.837561	59068	59070	3		10	12h	C6	12	513	59156	60118	59156	60118	88	513
LT934125.1	+	UL23	C6_1h	513	59068	59073	59068	29275.808936	26194.144838	59068	59071	4		6	1h	C6	1	513	59156	60118	59156	60118	88	513
LT934125.1	+	UL23	C6_2h	513	59041	59077	59068	73856.975385	29308.323564	59044	59071	28		37	2h	C6	2	513	59156	60118	59156	60118	88	513
LT934125.1	+	UL23	C6_4h	513	59068	59073	59068	12611.665791	6831.31897	59068	59070	3		6	4h	C6	4	513	59156	60118	59156	60118	88	513
LT934125.1	+	UL23	C6_8h	513	59065	59074	59068	8490.718321	5165.456013	59068	59070	3		10	8h	C6	8	513	59156	60118	59156	60118	88	513
LT934125.1	+	UL23	NRK_1h	513	59068	59070	59068	60606.060606	50505.050505	59068	59070	3		3	1h	NRK	1	513	59156	60118	59156	60118	88	513
LT934125.1	+	UL23	NRK_2h	513	59067	59074	59068	38834.951457	19417.475728	59068	59070	3		8	2h	NRK	2	513	59156	60118	59156	60118	88	513
LT934125.1	+	UL23	PC_12_1.5h	513	59067	59070	59068	53097.345133	39823.00885	59068	59070	3		4	1.5h	PC_12	1.5	513	59156	60118	59156	60118	88	513
LT934125.1	+	UL23	PC_12_12h	513	59067	59074	59068	1965.776379	1214.959012	59068	59070	3		8	12h	PC_12	12	513	59156	60118	59156	60118	88	513
LT934125.1	+	UL23	PC_12_1h	513	59068	59074	59068	26726.057906	20044.54343	59068	59070	3		7	1h	PC_12	1	513	59156	60118	59156	60118	88	513
LT934125.1	+	UL23	PC_12_2.5h	513	59068	59070	59068	25906.735751	19985.196151	59068	59070	3		3	2.5h	PC_12	2.5	513	59156	60118	59156	60118	88	513
LT934125.1	+	UL23	PC_12_2h	513	59067	59074	59068	22681.787858	14009.33956	59068	59074	7		8	2h	PC_12	2	513	59156	60118	59156	60118	88	513
LT934125.1	+	UL23	PC_12_8h	513	59065	59074	59068	5831.086589	3354.442285	59068	59072	5		10	8h	PC_12	8	513	59156	60118	59156	60118	88	513
LT934125.1	+	UL23	PK_15_12h	513	59067	59074	59068	1210.526316	741.418764	59068	59071	4		8	12h	PK_15	12	513	59156	60118	59156	60118	88	513
LT934125.1	+	UL23	PK_15_1h	513	59044	59044	59044	5847.953216	5847.953216	59044	59044	1		1	1h	PK_15	1	513	59156	60118	59156	60118	112	513
LT934125.1	+	UL23	PK_15_2h	513	59068	59070	59068	14844.315713	9775.524982	59068	59070	3		3	2h	PK_15	2	513	59156	60118	59156	60118	88	513
LT934125.1	+	UL23	PK_15_4h	513	59067	59074	59068	15791.182918	8890.151823	59068	59071	4		8	4h	PK_15	4	513	59156	60118	59156	60118	88	513
LT934125.1	+	UL23	PK_15_8h	513	59066	59074	59068	4627.213276	2912.293475	59068	59070	3		9	8h	PK_15	8	513	59156	60118	59156	60118	88	513
LT934125.1	+	UL30	C6_12h	197	25420	25422	25420	90.916085	69.93545	25420	25422	3		3	12h	C6	12	197	25434	28580	25434	28580	14	197
LT934125.1	+	UL30	C6_1h	197	25420	25424	25420	6163.328196	1540.832049	25420	25424	5		5	1h	C6	1	197	25434	28580	25434	28580	14	197
LT934125.1	+	UL30	C6_6h	197	25420	25424	25420	776.196637	344.976283	25420	25424	5		5	6h	C6	6	197	25434	28580	25434	28580	14	197
LT934125.1	+	UL30	C6_8h	197	25419	25423	25420	258.2728	161.4205	25419	25423	5		5	8h	C6	8	197	25434	28580	25434	28580	14	197
LT934125.1	+	UL30	PC_12_1.5h	197	25422	25422	25422	2212.389381	2212.389381	25422	25422	1		1	1.5h	PC_12	1.5	197	25434	28580	25434	28580	12	197
LT934125.1	+	UL30	PC_12_1h	197	25422	25422	25422	2227.171492	2227.171492	25422	25422	1		1	1h	PC_12	1	197	25434	28580	25434	28580	12	197
LT934125.1	+	UL30	PC_12_2h	197	25420	25426	25420	2668.445631	1334.222815	25420	25426	7		7	2h	PC_12	2	197	25434	28580	25434	28580	14	197
LT934125.1	+	UL30	PC_12_4h	197	25420	25422	25420	301.144349	200.762899	25420	25422	3		3	4h	PC_12	4	197	25434	28580	25434	28580	14	197
LT934125.1	+	UL30	PC_12_6h	197	25419	25420	25420	213.208251	133.255157	25419	25420	2		2	6h	PC_12	6	197	25434	28580	25434	28580	14	197
LT934125.1	+	UL30	PC_12_8h	197	25419	25424	25420	188.099568	125.399712	25419	25424	6		6	8h	PC_12	8	197	25434	28580	25434	28580	14	197
LT934125.1	+	UL30	PK_15_2h	197	25420	25425	25420	1086.169443	362.056481	25420	25425	6		6	2h	PK_15	2	197	25434	28580	25434	28580	14	197
LT934125.1	+	UL30	PK_15_4h	197	25420	25423	25420	243.565804	162.377202	25420	25423	4		4	4h	PK_15	4	197	25434	28580	25434	28580	14	197
LT934125.1	+	UL30	PK_15_6h	197	25420	25422	25420	64.516649	48.387487	25420	25422	3		3	6h	PK_15	6	197	25434	28580	25434	28580	14	197
LT934125.1	+	UL30	PK_15_8h	197	25420	25425	25420	192.983302	109.649604	25420	25422	3		6	8h	PK_15	8	197	25434	28580	25434	28580	14	197
LT934125.1	+	UL33	C6_12h	255	30684	30684	30684	20.980635	20.980635	30684	30684	1		1	12h	C6	12	255	30720	31070	30720	31070	36	255
LT934125.1	+	UL33	C6_6h	255	30686	30686	30686	172.488141	172.488141	30686	30686	1		1	6h	C6	6	255	30720	31070	30720	31070	34	255
LT934125.1	+	UL33	C6_8h	255	30646	30719	30646	64.5682	32.2841	30646	30719	74		74	8h	C6	8	255	30720	31070	30720	31070	74	255
LT934125.1	+	UL33	PC_12_4h	255	30684	30686	30684	200.7629	100.38145	30684	30686	3		3	4h	PC_12	4	255	30720	31070	30720	31070	36	255
LT934125.1	+	UL33	PC_12_6h	255	30659	30663	30659	53.302062	26.651031	30659	30663	5		5	6h	PC_12	6	255	30720	31070	30720	31070	61	255
LT934125.1	+	UL33	PC_12_8h	255	30663	30663	30663	62.699856	62.699856	30663	30663	1		1	8h	PC_12	8	255	30720	31070	30720	31070	57	255
LT934125.1	+	UL33	PK_15_6h	255	30704	30704	30704	16.129162	16.129162	30704	30704	1		1	6h	PK_15	6	255	30720	31070	30720	31070	16	255
LT934125.1	+	UL34	C6_1h	260	31096	31098	31096	12326.656394	6163.328197	31096	31098	3		3	1h	C6	1	260	31226	32011	31226	32011	130	260
LT934125.1	+	UL34	C6_2h	260	31097	31098	31098	4689.331771	3516.998828	31097	31098	2		2	2h	C6	2	260	31226	32011	31226	32011	128	260
LT934125.1	+	UL34	C6_4h	260	31095	31098	31098	17866.526538	16290.068313	31098	31098	1		4	4h	C6	4	260	31226	32011	31226	32011	128	260
LT934125.1	+	UL34	NRK_1h	260	31097	31097	31097	10101.010101	10101.010101	31097	31097	1		1	1h	NRK	1	260	31226	32011	31226	32011	129	260
LT934125.1	+	UL34	NRK_2h	260	31097	31098	31098	22653.721683	19417.475728	31097	31098	2		2	2h	NRK	2	260	31226	32011	31226	32011	128	260
LT934125.1	+	UL34	PC_12_1.5h	260	31098	31098	31098	13274.336283	13274.336283	31098	31098	1		1	1.5h	PC_12	1.5	260	31226	32011	31226	32011	128	260
LT934125.1	+	UL34	PC_12_1h	260	31098	31098	31098	6681.514477	6681.514477	31098	31098	1		1	1h	PC_12	1	260	31226	32011	31226	32011	128	260
LT934125.1	+	UL34	PC_12_2.5h	260	31089	31098	31098	16284.233901	12583.271651	31096	31098	3		10	2.5h	PC_12	2.5	260	31226	32011	31226	32011	128	260
LT934125.1	+	UL34	PC_12_2h	260	31095	31098	31098	22681.787859	19346.230821	31097	31098	2		4	2h	PC_12	2	260	31226	32011	31226	32011	128	260
LT934125.1	+	UL35	C6_12h	271	32028	32038	32038	75712.117715	44443.978208	32036	32038	3		11	12h	C6	12	271	32066	32377	32066	32377	28	271
LT934125.1	+	UL35	C6_1h	271	32036	32036	32036	1540.832049	1540.832049	32036	32036	1		1	1h	C6	1	271	32066	32377	32066	32377	30	271
LT934125.1	+	UL35	C6_2h	271	32036	32038	32036	2344.665886	1172.332943	32036	32038	3		3	2h	C6	2	271	32066	32377	32066	32377	30	271
LT934125.1	+	UL35	C6_4h	271	32036	32039	32036	15239.096165	7356.805045	32036	32038	3		4	4h	C6	4	271	32066	32377	32066	32377	30	271
LT934125.1	+	UL35	C6_6h	271	32028	32038	32038	21388.52954	10263.044416	32036	32038	3		11	6h	C6	6	271	32066	32377	32066	32377	28	271
LT934125.1	+	UL35	C6_8h	271	32031	32038	32038	46618.240517	24600.484262	32036	32038	3		8	8h	C6	8	271	32066	32377	32066	32377	28	271
LT934125.1	+	UL35	NRK_2h	271	32036	32036	32036	3236.245955	3236.245955	32036	32036	1		1	2h	NRK	2	271	32066	32377	32066	32377	30	271
LT934125.1	+	UL35	PC_12_1.5h	271	32036	32036	32036	2212.389381	2212.389381	32036	32036	1		1	1.5h	PC_12	1.5	271	32066	32377	32066	32377	30	271
LT934125.1	+	UL35	PC_12_12h	271	32016	32038	32038	95128.56041	53335.335513	32036	32038	3		23	12h	PC_12	12	271	32066	32377	32066	32377	28	271
LT934125.1	+	UL35	PC_12_2.5h	271	32036	32038	32038	11843.0792	8142.11695	32036	32038	3		3	2.5h	PC_12	2.5	271	32066	32377	32066	32377	28	271
LT934125.1	+	UL35	PC_12_2h	271	32036	32041	32036	6004.002669	2668.44563	32036	32041	6		6	2h	PC_12	2	271	32066	32377	32066	32377	30	271
LT934125.1	+	UL35	PC_12_4h	271	32028	32038	32036	20678.578599	9937.763501	32036	32038	3		11	4h	PC_12	4	271	32066	32377	32066	32377	30	271
LT934125.1	+	UL35	PC_12_6h	271	32031	32038	32036	36378.657854	17456.425564	32036	32038	3		8	6h	PC_12	6	271	32066	32377	32066	32377	30	271
LT934125.1	+	UL35	PC_12_8h	271	32016	32038	32038	65364.599662	34704.37018	32036	32038	3		23	8h	PC_12	8	271	32066	32377	32066	32377	28	271
LT934125.1	+	UL35	PK_15_12h	271	32013	32038	32038	80899.313501	49162.471396	32036	32038	3		26	12h	PK_15	12	271	32066	32377	32066	32377	28	271
LT934125.1	+	UL35	PK_15_2h	271	32036	32041	32038	18826.937003	10861.694424	32036	32038	3		6	2h	PK_15	2	271	32066	32377	32066	32377	28	271
LT934125.1	+	UL35	PK_15_4h	271	32026	32038	32038	25290.24925	16562.474629	32036	32038	3		13	4h	PK_15	4	271	32066	32377	32066	32377	28	271
LT934125.1	+	UL35	PK_15_6h	271	32026	32038	32038	48387.486995	29887.337801	32036	32038	3		13	6h	PK_15	6	271	32066	32377	32066	32377	28	271
LT934125.1	+	UL35	PK_15_8h	271	32016	32038	32038	60930.091796	36741.389217	32036	32038	3		23	8h	PK_15	8	271	32066	32377	32066	32377	28	271
LT934125.1	+	UL38	C6_12h	340	44807	44812	44812	11238.626748	8699.969928	44810	44812	3		6	12h	C6	12	340	44837	45943	44837	45943	25	340
LT934125.1	+	UL38	C6_1h	340	44810	44812	44812	10785.824346	7704.160247	44810	44812	3		3	1h	C6	1	340	44837	45943	44837	45943	25	340
LT934125.1	+	UL38	C6_2h	340	44810	44812	44812	5861.664713	3516.998828	44810	44812	3		3	2h	C6	2	340	44837	45943	44837	45943	25	340
LT934125.1	+	UL38	C6_4h	340	44810	44813	44812	11035.207567	7882.291119	44810	44812	3		4	4h	C6	4	340	44837	45943	44837	45943	25	340
LT934125.1	+	UL38	C6_6h	340	44807	44813	44812	12764.122467	9055.627426	44810	44812	3		7	6h	C6	6	340	44837	45943	44837	45943	25	340
LT934125.1	+	UL38	C6_8h	340	44807	44812	44812	11848.264729	8393.866021	44810	44812	3		6	8h	C6	8	340	44837	45943	44837	45943	25	340
LT934125.1	+	UL38	NRK_2h	340	44809	44812	44810	19417.475728	9708.737864	44809	44812	4		4	2h	NRK	2	340	44837	45943	44837	45943	27	340
LT934125.1	+	UL38	PC_12_1.5h	340	44812	44812	44812	2212.389381	2212.389381	44812	44812	1		1	1.5h	PC_12	1.5	340	44837	45943	44837	45943	25	340
LT934125.1	+	UL38	PC_12_12h	340	44807	44812	44812	9822.056283	7897.233579	44810	44812	3		6	12h	PC_12	12	340	44837	45943	44837	45943	25	340
LT934125.1	+	UL38	PC_12_1h	340	44812	44815	44812	6681.514476	4454.342984	44812	44815	4		4	1h	PC_12	1	340	44837	45943	44837	45943	25	340
LT934125.1	+	UL38	PC_12_2.5h	340	44810	44812	44812	7401.9245	4441.1547	44810	44812	3		3	2.5h	PC_12	2.5	340	44837	45943	44837	45943	25	340
LT934125.1	+	UL38	PC_12_2h	340	44809	44812	44812	4669.779853	2668.44563	44809	44812	4		4	2h	PC_12	2	340	44837	45943	44837	45943	25	340
LT934125.1	+	UL38	PC_12_4h	340	44807	44812	44812	10740.815098	9335.474804	44810	44812	3		6	4h	PC_12	4	340	44837	45943	44837	45943	25	340
LT934125.1	+	UL38	PC_12_6h	340	44807	44812	44812	12259.474442	10527.157401	44810	44812	3		6	6h	PC_12	6	340	44837	45943	44837	45943	25	340
LT934125.1	+	UL38	PC_12_8h	340	44807	44812	44812	10126.026711	7743.43219	44810	44812	3		6	8h	PC_12	8	340	44837	45943	44837	45943	25	340
LT934125.1	+	UL38	PK_15_12h	340	44807	44812	44812	16272.311212	13242.562929	44810	44812	3		6	12h	PK_15	12	340	44837	45943	44837	45943	25	340
LT934125.1	+	UL38	PK_15_2h	340	44810	44814	44812	9413.468501	6879.073135	44810	44812	3		5	2h	PK_15	2	340	44837	45943	44837	45943	25	340
LT934125.1	+	UL38	PK_15_4h	340	44807	44812	44812	18592.189656	14573.353901	44810	44812	3		6	4h	PK_15	4	340	44837	45943	44837	45943	25	340
LT934125.1	+	UL38	PK_15_6h	340	44804	44812	44812	18113.049299	14992.056388	44810	44812	3		9	6h	PK_15	6	340	44837	45943	44837	45943	25	340
LT934125.1	+	UL38	PK_15_8h	340	44807	44812	44812	13666.726608	10486.8881	44810	44812	3		6	8h	PK_15	8	340	44837	45943	44837	45943	25	340
LT934125.1	+	UL39	C6_12h	357	46233	46243	46234	349.677248	125.883809	46233	46239	7		11	12h	C6	12	357	46274	48646	46274	48646	40	357
LT934125.1	+	UL39	C6_1h	357	46233	46243	46233	6163.328197	3081.664099	46233	46243	11		11	1h	C6	1	357	46274	48646	46274	48646	41	357
LT934125.1	+	UL39	C6_2h	356	46165	46165	46165	1172.332943	1172.332943	46165	46165	1		1	2h	C6	2	356	46274	48646	46274	48646	109	356
LT934125.1	+	UL39	C6_6h	357	46233	46237	46233	1811.125485	689.952566	46233	46236	4		5	6h	C6	6	357	46274	48646	46274	48646	41	357
LT934125.1	+	UL39	NRK_1h	357	46234	46234	46234	10101.010101	10101.010101	46234	46234	1		1	1h	NRK	1	357	46274	48646	46274	48646	40	357
LT934125.1	+	UL39	NRK_2h	357	46233	46233	46233	9708.737864	9708.737864	46233	46233	1		1	2h	NRK	2	357	46274	48646	46274	48646	41	357
LT934125.1	+	UL39	PC_12_12h	357	46233	46235	46233	116.035412	47.779287	46233	46235	3		3	12h	PC_12	12	357	46274	48646	46274	48646	41	357
LT934125.1	+	UL39	PC_12_2.5h	357	46233	46234	46233	1480.3849	740.19245	46233	46234	2		2	2.5h	PC_12	2.5	357	46274	48646	46274	48646	41	357
LT934125.1	+	UL39	PC_12_2h	357	46230	46236	46233	3335.557039	1334.222815	46230	46236	7		7	2h	PC_12	2	357	46274	48646	46274	48646	41	357
LT934125.1	+	UL39	PC_12_6h	357	46233	46239	46234	346.463408	186.55722	46233	46235	3		7	6h	PC_12	6	357	46274	48646	46274	48646	40	357
LT934125.1	+	UL39	PC_12_8h	357	46233	46240	46235	376.199135	188.099567	46233	46237	5		8	8h	PC_12	8	357	46274	48646	46274	48646	39	357
LT934125.1	+	UL39	PK_15_12h	357	46233	46239	46233	80.091534	29.748284	46233	46239	7		7	12h	PK_15	12	357	46274	48646	46274	48646	41	357
LT934125.1	+	UL39	PK_15_2h	357	46233	46239	46233	1086.169443	724.112962	46233	46239	7		7	2h	PK_15	2	357	46274	48646	46274	48646	41	357
LT934125.1	+	UL39	PK_15_4h	357	46233	46233	46233	40.594301	40.594301	46233	46233	1		1	4h	PK_15	4	357	46274	48646	46274	48646	41	357
LT934125.1	+	UL39	PK_15_6h	357	46233	46243	46233	153.227041	56.452068	46233	46243	11		11	6h	PK_15	6	357	46274	48646	46274	48646	41	357
LT934125.1	+	UL39	PK_15_8h	357	46233	46239	46233	241.229128	74.561731	46233	46238	6		7	8h	PK_15	8	357	46274	48646	46274	48646	41	357
LT934125.1	+	UL4	C6_12h	861	91409	91415	91409	1888.257139	972.102749	91409	91412	4	UL5	7	12h	C6	12	861	91486	91923	91486	91923	77	861
LT934125.1	+	UL4	C6_2h	861	91409	91414	91409	5861.664713	2344.665885	91409	91414	6	UL5	6	2h	C6	2	861	91486	91923	91486	91923	77	861
LT934125.1	+	UL4	C6_6h	861	91409	91415	91409	1811.125485	776.196636	91409	91412	4	UL5	7	6h	C6	6	861	91486	91923	91486	91923	77	861
LT934125.1	+	UL4	C6_8h	861	91409	91412	91409	2615.012106	1355.932203	91409	91412	4	UL5	4	8h	C6	8	861	91486	91923	91486	91923	77	861
LT934125.1	+	UL4	NRK_2h	861	91409	91409	91409	3236.245955	3236.245955	91409	91409	1	UL5	1	2h	NRK	2	861	91486	91923	91486	91923	77	861
LT934125.1	+	UL4	PC_12_12h	861	91409	91414	91409	1303.691975	696.212468	91409	91412	4	UL5	6	12h	PC_12	12	861	91486	91923	91486	91923	77	861
LT934125.1	+	UL4	PC_12_2.5h	861	91409	91412	91412	3700.96225	2220.57735	91409	91412	4	UL5	4	2.5h	PC_12	2.5	861	91486	91923	91486	91923	74	861
LT934125.1	+	UL4	PC_12_2h	861	91409	91409	91409	667.111408	667.111408	91409	91409	1	UL5	1	2h	PC_12	2	861	91486	91923	91486	91923	77	861
LT934125.1	+	UL4	PC_12_6h	861	91409	91412	91409	1545.759821	746.228879	91409	91412	4	UL5	4	6h	PC_12	6	861	91486	91923	91486	91923	77	861
LT934125.1	+	UL4	PC_12_8h	861	91409	91412	91409	1630.19625	1065.897548	91409	91412	4	UL5	4	8h	PC_12	8	861	91486	91923	91486	91923	77	861
LT934125.1	+	UL4	PK_15_12h	861	91409	91415	91409	1045.76659	585.812357	91409	91412	4	UL5	7	12h	PK_15	12	861	91486	91923	91486	91923	77	861
LT934125.1	+	UL4	PK_15_2h	861	91409	91409	91409	724.112962	724.112962	91409	91409	1	UL5	1	2h	PK_15	2	861	91486	91923	91486	91923	77	861
LT934125.1	+	UL4	PK_15_4h	861	91405	91414	91409	2070.309329	974.263213	91409	91412	4	UL5	10	4h	PK_15	4	861	91486	91923	91486	91923	77	861
LT934125.1	+	UL4	PK_15_6h	861	91409	91414	91409	1411.301704	725.812305	91409	91412	4	UL5	6	6h	PK_15	6	861	91486	91923	91486	91923	77	861
LT934125.1	+	UL4	PK_15_8h	861	91409	91415	91409	1144.741863	530.704082	91409	91412	4	UL5	7	8h	PK_15	8	861	91486	91923	91486	91923	77	861
LT934125.1	+	UL40	C6_12h	389	48563	48570	48567	18833.616573	13938.135101	48567	48570	4	UL39	8	12h	C6	12	389	48656	49567	48656	49567	89	389
LT934125.1	+	UL40	C6_1h	389	48567	48570	48567	46224.961479	33898.305085	48567	48570	4	UL39	4	1h	C6	1	389	48656	49567	48656	49567	89	389
LT934125.1	+	UL40	C6_2h	389	48565	48570	48567	41031.65299	31652.989449	48567	48570	4	UL39	6	2h	C6	2	389	48656	49567	48656	49567	89	389
LT934125.1	+	UL40	C6_4h	389	48567	48570	48567	24697.845508	19968.470836	48567	48570	4	UL39	4	4h	C6	4	389	48656	49567	48656	49567	89	389
LT934125.1	+	UL40	C6_6h	389	48565	48570	48567	19146.183699	14316.51574	48567	48570	4	UL39	6	6h	C6	6	389	48656	49567	48656	49567	89	389
LT934125.1	+	UL40	C6_8h	389	48559	48570	48567	42001.614204	30443.906376	48567	48570	4	UL39	12	8h	C6	8	389	48656	49567	48656	49567	89	389
LT934125.1	+	UL40	NRK_1h	389	48567	48570	48567	70707.070707	40404.040404	48567	48570	4	UL39	4	1h	NRK	1	389	48656	49567	48656	49567	89	389
LT934125.1	+	UL40	NRK_2h	389	48567	48570	48567	84142.394822	67961.165049	48567	48570	4	UL39	4	2h	NRK	2	389	48656	49567	48656	49567	89	389
LT934125.1	+	UL40	PC_12_0.5h	389	48567	48567	48567	64516.129032	64516.129032	48567	48567	1	UL39	1	0.5h	PC_12	0.5	389	48656	49567	48656	49567	89	389
LT934125.1	+	UL40	PC_12_1.5h	389	48565	48571	48567	61946.902655	35398.230088	48567	48570	4	UL39	7	1.5h	PC_12	1.5	389	48656	49567	48656	49567	89	389
LT934125.1	+	UL40	PC_12_12h	389	48559	48570	48567	10975.584784	8074.699502	48567	48570	4	UL39	12	12h	PC_12	12	389	48656	49567	48656	49567	89	389
LT934125.1	+	UL40	PC_12_1h	389	48567	48570	48567	46770.601336	35634.743875	48567	48570	4	UL39	4	1h	PC_12	1	389	48656	49567	48656	49567	89	389
LT934125.1	+	UL40	PC_12_2.5h	389	48565	48570	48567	59955.588453	40710.584752	48567	48570	4	UL39	6	2.5h	PC_12	2.5	389	48656	49567	48656	49567	89	389
LT934125.1	+	UL40	PC_12_2h	389	48563	48570	48567	38025.350234	27351.567712	48567	48570	4	UL39	8	2h	PC_12	2	389	48656	49567	48656	49567	89	389
LT934125.1	+	UL40	PC_12_6h	389	48556	48570	48567	13245.562603	9514.418208	48567	48570	4	UL39	15	6h	PC_12	6	389	48656	49567	48656	49567	89	389
LT934125.1	+	UL40	PC_12_8h	389	48559	48570	48567	23763.245345	17242.460342	48567	48570	4	UL39	12	8h	PC_12	8	389	48656	49567	48656	49567	89	389
LT934125.1	+	UL40	PK_15_12h	389	48565	48570	48567	3256.292907	2501.144165	48567	48570	4	UL39	6	12h	PK_15	12	389	48656	49567	48656	49567	89	389
LT934125.1	+	UL40	PK_15_1h	389	48567	48567	48567	14619.883041	14619.883041	48567	48567	1	UL39	1	1h	PK_15	1	389	48656	49567	48656	49567	89	389
LT934125.1	+	UL40	PK_15_2h	389	48565	48570	48567	38015.930485	28602.461984	48567	48570	4	UL39	6	2h	PK_15	2	389	48656	49567	48656	49567	89	389
LT934125.1	+	UL40	PK_15_4h	389	48563	48570	48567	48185.434764	33855.646667	48567	48570	4	UL39	8	4h	PK_15	4	389	48656	49567	48656	49567	89	389
LT934125.1	+	UL40	PK_15_6h	389	48563	48570	48567	19548.544745	14242.050339	48567	48570	4	UL39	8	6h	PK_15	6	389	48656	49567	48656	49567	89	389
LT934125.1	+	UL40	PK_15_8h	389	48559	48570	48567	16837.793148	12504.440809	48567	48570	4	UL39	12	8h	PK_15	8	389	48656	49567	48656	49567	89	389
LT934125.1	+	UL42	C6_12h	423	51231	51238	51235	7280.280301	4259.068879	51235	51237	3		8	12h	C6	12	423	51270	52415	51270	52415	35	423
LT934125.1	+	UL42	C6_2h	423	51235	51240	51235	7033.997657	3516.998828	51235	51240	6		6	2h	C6	2	423	51270	52415	51270	52415	35	423
LT934125.1	+	UL42	C6_4h	423	51235	51238	51235	9458.749343	7356.805045	51235	51238	4		4	4h	C6	4	423	51270	52415	51270	52415	35	423
LT934125.1	+	UL42	C6_6h	423	51230	51238	51235	8883.139286	5692.108668	51235	51237	3		9	6h	C6	6	423	51270	52415	51270	52415	35	423
LT934125.1	+	UL42	C6_8h	423	51232	51239	51235	6521.388216	3809.52381	51235	51238	4		8	8h	C6	8	423	51270	52415	51270	52415	35	423
LT934125.1	+	UL42	NRK_1h	423	51230	51230	51230	10101.010101	10101.010101	51230	51230	1		1	1h	NRK	1	423	51270	52415	51270	52415	40	423
LT934125.1	+	UL42	NRK_2h	423	51230	51238	51230	16181.229774	6472.491909	51230	51238	9		9	2h	NRK	2	423	51270	52415	51270	52415	40	423
LT934125.1	+	UL42	PC_12_1.5h	423	51230	51235	51230	22123.893806	11061.946903	51230	51235	6		6	1.5h	PC_12	1.5	423	51270	52415	51270	52415	40	423
LT934125.1	+	UL42	PC_12_12h	423	51232	51238	51235	4259.182155	2429.918024	51235	51237	3		7	12h	PC_12	12	423	51270	52415	51270	52415	35	423
LT934125.1	+	UL42	PC_12_1h	423	51235	51235	51235	2227.171492	2227.171492	51235	51235	1		1	1h	PC_12	1	423	51270	52415	51270	52415	35	423
LT934125.1	+	UL42	PC_12_2.5h	423	51230	51239	51230	20725.3886	9622.50185	51230	51237	8		10	2.5h	PC_12	2.5	423	51270	52415	51270	52415	40	423
LT934125.1	+	UL42	PC_12_2h	423	51232	51248	51235	8672.448301	5336.891261	51235	51244	10		17	2h	PC_12	2	423	51270	52415	51270	52415	35	423
LT934125.1	+	UL42	PC_12_4h	423	51232	51239	51235	7930.134512	5320.216824	51235	51238	4		8	4h	PC_12	4	423	51270	52415	51270	52415	35	423
LT934125.1	+	UL42	PC_12_6h	423	51231	51238	51235	8181.866638	5889.877938	51235	51238	4		8	6h	PC_12	6	423	51270	52415	51270	52415	35	423
LT934125.1	+	UL42	PC_12_8h	423	51233	51239	51235	5831.086589	3134.99279	51235	51238	4		7	8h	PC_12	8	423	51270	52415	51270	52415	35	423
LT934125.1	+	UL42	PK_15_12h	423	51231	51239	51235	6631.578947	3567.505721	51235	51238	4		9	12h	PK_15	12	423	51270	52415	51270	52415	35	423
LT934125.1	+	UL42	PK_15_2h	423	51233	51241	51235	6879.073136	3982.621289	51235	51239	5		9	2h	PK_15	2	423	51270	52415	51270	52415	35	423
LT934125.1	+	UL42	PK_15_4h	423	51220	51238	51235	10067.386541	6901.031095	51235	51238	4		19	4h	PK_15	4	423	51270	52415	51270	52415	35	423
LT934125.1	+	UL42	PK_15_6h	423	51231	51239	51235	7548.44797	4588.746683	51235	51238	4		9	6h	PK_15	6	423	51270	52415	51270	52415	35	423
LT934125.1	+	UL42	PK_15_8h	423	51231	51239	51235	7504.418879	4109.667148	51235	51238	4		9	8h	PK_15	8	423	51270	52415	51270	52415	35	423
LT934125.1	+	UL43	C6_12h	436	52459	52460	52460	4238.088245	4210.114065	52460	52460	1		2	12h	C6	12	436	52473	53594	52473	53594	13	436
LT934125.1	+	UL43	C6_1h	436	52460	52461	52460	18489.984592	13867.488444	52460	52461	2		2	1h	C6	1	436	52473	53594	52473	53594	13	436
LT934125.1	+	UL43	C6_2h	436	52460	52464	52460	4689.331771	3516.998828	52460	52464	5		5	2h	C6	2	436	52473	53594	52473	53594	13	436
LT934125.1	+	UL43	C6_4h	436	52460	52463	52460	8933.263269	6831.31897	52460	52462	3		4	4h	C6	4	436	52473	53594	52473	53594	13	436
LT934125.1	+	UL43	C6_6h	436	52437	52460	52460	10694.264771	9141.871496	52444	52460	17		24	6h	C6	6	436	52473	53594	52473	53594	13	436
LT934125.1	+	UL43	C6_8h	436	52435	52460	52460	7877.320419	6101.694915	52444	52460	17		26	8h	C6	8	436	52473	53594	52473	53594	13	436
LT934125.1	+	UL43	NRK_1h	436	52460	52460	52460	30303.030303	30303.030303	52460	52460	1		1	1h	NRK	1	436	52473	53594	52473	53594	13	436
LT934125.1	+	UL43	NRK_2h	436	52460	52462	52460	25889.967638	19417.475728	52460	52462	3		3	2h	NRK	2	436	52473	53594	52473	53594	13	436
LT934125.1	+	UL43	PC_12_0.5h	436	52444	52444	52444	32258.064516	32258.064516	52444	52444	1		1	0.5h	PC_12	0.5	436	52473	53594	52473	53594	29	436
LT934125.1	+	UL43	PC_12_1.5h	436	52460	52460	52460	33185.840708	33185.840708	52460	52460	1		1	1.5h	PC_12	1.5	436	52473	53594	52473	53594	13	436
LT934125.1	+	UL43	PC_12_12h	436	52460	52460	52460	3146.607329	3146.607329	52460	52460	1		1	12h	PC_12	12	436	52473	53594	52473	53594	13	436
LT934125.1	+	UL43	PC_12_1h	436	52460	52460	52460	13363.028953	13363.028953	52460	52460	1		1	1h	PC_12	1	436	52473	53594	52473	53594	13	436
LT934125.1	+	UL43	PC_12_2.5h	436	52460	52461	52460	17024.426351	15544.041451	52460	52460	1		2	2.5h	PC_12	2.5	436	52473	53594	52473	53594	13	436
LT934125.1	+	UL43	PC_12_2h	436	52460	52463	52460	12008.005337	11340.893929	52460	52460	1		4	2h	PC_12	2	436	52473	53594	52473	53594	13	436
LT934125.1	+	UL43	PC_12_4h	436	52460	52460	52460	5520.979723	5520.979723	52460	52460	1		1	4h	PC_12	4	436	52473	53594	52473	53594	13	436
LT934125.1	+	UL43	PC_12_6h	436	52440	52460	52460	6689.408879	4210.86296	52444	52460	17		21	6h	PC_12	6	436	52473	53594	52473	53594	13	436
LT934125.1	+	UL43	PC_12_8h	436	52437	52460	52460	9436.328297	5987.836228	52444	52460	17		24	8h	PC_12	8	436	52473	53594	52473	53594	13	436
LT934125.1	+	UL43	PK_15_12h	436	52459	52460	52460	4176.201373	4157.894737	52460	52460	1		2	12h	PK_15	12	436	52473	53594	52473	53594	13	436
LT934125.1	+	UL43	PK_15_1h	436	52460	52460	52460	2923.976608	2923.976608	52460	52460	1		1	1h	PK_15	1	436	52473	53594	52473	53594	13	436
LT934125.1	+	UL43	PK_15_2h	436	52460	52464	52460	17016.654599	14120.202752	52460	52461	2		5	2h	PK_15	2	436	52473	53594	52473	53594	13	436
LT934125.1	+	UL43	PK_15_4h	436	52459	52461	52460	10473.329545	9864.415036	52460	52460	1		3	4h	PK_15	4	436	52473	53594	52473	53594	13	436
LT934125.1	+	UL43	PK_15_6h	436	52435	52460	52460	8217.808206	6072.629618	52444	52460	17		26	6h	PK_15	6	436	52473	53594	52473	53594	13	436
LT934125.1	+	UL43	PK_15_8h	436	52438	52460	52460	9802.674574	7114.06629	52444	52460	17		23	8h	PK_15	8	436	52473	53594	52473	53594	13	436
LT934125.1	+	UL44	C6_12h	452	53641	53652	53648	6916.615965	5734.706866	53648	53649	2		12	12h	C6	12	452	53661	55103	53661	55103	13	452
LT934125.1	+	UL44	C6_4h	452	53648	53649	53648	5254.860747	4729.374672	53648	53649	2		2	4h	C6	4	452	53661	55103	53661	55103	13	452
LT934125.1	+	UL44	C6_6h	452	53644	53652	53648	5260.888314	4398.447607	53648	53649	2		9	6h	C6	6	452	53661	55103	53661	55103	13	452
LT934125.1	+	UL44	C6_8h	452	53643	53648	53648	2841.000807	2679.580307	53648	53648	1		6	8h	C6	8	452	53661	55103	53661	55103	13	452
LT934125.1	+	UL44	PC_12_12h	452	53643	53649	53648	5556.048517	4928.092173	53648	53648	1		7	12h	PC_12	12	452	53661	55103	53661	55103	13	452
LT934125.1	+	UL44	PC_12_1h	452	53652	53652	53652	2227.171492	2227.171492	53652	53652	1		1	1h	PC_12	1	452	53661	55103	53661	55103	9	452
LT934125.1	+	UL44	PC_12_2.5h	452	53641	53647	53641	1480.3849	740.19245	53641	53647	7		7	2.5h	PC_12	2.5	452	53661	55103	53661	55103	20	452
LT934125.1	+	UL44	PC_12_4h	452	53644	53652	53648	2208.391892	1505.721743	53648	53652	5		9	4h	PC_12	4	452	53661	55103	53661	55103	13	452
LT934125.1	+	UL44	PC_12_6h	452	53641	53652	53648	4797.18565	3944.352646	53648	53648	1		12	6h	PC_12	6	452	53661	55103	53661	55103	13	452
LT934125.1	+	UL44	PC_12_8h	452	53644	53650	53648	5705.686877	5110.038247	53648	53648	1		7	8h	PC_12	8	452	53661	55103	53661	55103	13	452
LT934125.1	+	UL44	PK_15_12h	452	53640	53648	53648	18185.354691	17343.249428	53648	53648	1		9	12h	PK_15	12	452	53661	55103	53661	55103	13	452
LT934125.1	+	UL44	PK_15_2h	452	53648	53649	53648	5430.847212	5068.790731	53648	53648	1		2	2h	PK_15	2	452	53661	55103	53661	55103	13	452
LT934125.1	+	UL44	PK_15_4h	452	53648	53648	53648	1014.857514	1014.857514	53648	53648	1		1	4h	PK_15	4	452	53661	55103	53661	55103	13	452
LT934125.1	+	UL44	PK_15_6h	452	53643	53649	53648	2806.474245	2451.632674	53648	53648	1		7	6h	PK_15	6	452	53661	55103	53661	55103	13	452
LT934125.1	+	UL44	PK_15_8h	452	53640	53648	53648	7197.399989	6745.643621	53648	53648	1		9	8h	PK_15	8	452	53661	55103	53661	55103	13	452
LT934125.1	+	UL46	C6_12h	139	14042	14048	14048	17938.442818	17197.127052	14048	14048	1	UL47	7	12h	C6	12	139	14071	16146	14071	16146	23	139
LT934125.1	+	UL46	C6_1h	139	14048	14054	14048	16949.152542	13867.488444	14048	14051	4	UL47	7	1h	C6	1	139	14071	16146	14071	16146	23	139
LT934125.1	+	UL46	C6_2h	139	14048	14051	14048	5861.664713	4689.33177	14048	14051	4	UL47	4	2h	C6	2	139	14071	16146	14071	16146	23	139
LT934125.1	+	UL46	C6_4h	139	14044	14051	14048	17866.526538	15764.582239	14048	14048	1	UL47	8	4h	C6	4	139	14071	16146	14071	16146	23	139
LT934125.1	+	UL46	C6_6h	139	14042	14048	14048	19404.915913	18542.475205	14048	14048	1	UL47	7	6h	C6	6	139	14071	16146	14071	16146	23	139
LT934125.1	+	UL46	C6_8h	139	14041	14048	14048	11460.855528	10782.889427	14048	14048	1	UL47	8	8h	C6	8	139	14071	16146	14071	16146	23	139
LT934125.1	+	UL46	NRK_1h	139	14048	14049	14048	30303.030303	20202.020202	14048	14049	2	UL47	2	1h	NRK	1	139	14071	16146	14071	16146	23	139
LT934125.1	+	UL46	NRK_2h	139	14048	14048	14048	3236.245955	3236.245955	14048	14048	1	UL47	1	2h	NRK	2	139	14071	16146	14071	16146	23	139
LT934125.1	+	UL46	PC_12_1.5h	139	14048	14048	14048	6637.168142	6637.168142	14048	14048	1	UL47	1	1.5h	PC_12	1.5	139	14071	16146	14071	16146	23	139
LT934125.1	+	UL46	PC_12_12h	139	14042	14048	14048	5112.383709	4825.707987	14048	14048	1	UL47	7	12h	PC_12	12	139	14071	16146	14071	16146	23	139
LT934125.1	+	UL46	PC_12_1h	139	14048	14048	14048	4454.342984	4454.342984	14048	14048	1	UL47	1	1h	PC_12	1	139	14071	16146	14071	16146	23	139
LT934125.1	+	UL46	PC_12_2.5h	139	14048	14048	14048	2220.57735	2220.57735	14048	14048	1	UL47	1	2.5h	PC_12	2.5	139	14071	16146	14071	16146	23	139
LT934125.1	+	UL46	PC_12_2h	139	14048	14051	14048	7338.225484	6671.114076	14048	14048	1	UL47	4	2h	PC_12	2	139	14071	16146	14071	16146	23	139
LT934125.1	+	UL46	PC_12_4h	139	14042	14048	14048	13049.588437	12146.15539	14048	14048	1	UL47	7	4h	PC_12	4	139	14071	16146	14071	16146	23	139
LT934125.1	+	UL46	PC_12_6h	139	14042	14048	14048	12632.58888	11939.662065	14048	14048	1	UL47	7	6h	PC_12	6	139	14071	16146	14071	16146	23	139
LT934125.1	+	UL46	PC_12_8h	139	14040	14048	14048	5110.038248	4890.588752	14048	14048	1	UL47	9	8h	PC_12	8	139	14071	16146	14071	16146	23	139
LT934125.1	+	UL46	PK_15_12h	139	14042	14048	14048	6594.965675	6249.427918	14048	14048	1	UL47	7	12h	PK_15	12	139	14071	16146	14071	16146	23	139
LT934125.1	+	UL46	PK_15_2h	139	14047	14054	14048	8689.355539	5430.847212	14047	14051	5	UL47	8	2h	PK_15	2	139	14071	16146	14071	16146	23	139
LT934125.1	+	UL46	PK_15_4h	139	14042	14048	14048	8524.803118	8037.671511	14048	14048	1	UL47	7	4h	PK_15	4	139	14071	16146	14071	16146	23	139
LT934125.1	+	UL46	PK_15_6h	139	14042	14048	14048	7758.127082	7362.962605	14048	14048	1	UL47	7	6h	PK_15	6	139	14071	16146	14071	16146	23	139
LT934125.1	+	UL46	PK_15_8h	139	14042	14048	14048	7916.701389	7447.401085	14048	14048	1	UL47	7	8h	PK_15	8	139	14071	16146	14071	16146	23	139
LT934125.1	+	UL47	C6_12h	101	11788	11798	11793	825.238305	258.761163	11791	11797	7		11	12h	C6	12	101	11815	14052	11815	14052	22	101
LT934125.1	+	UL47	C6_8h	101	11789	11806	11792	225.9887	64.5682	11789	11806	18		18	8h	C6	8	101	11815	14052	11815	14052	23	101
LT934125.1	+	UL47	PC_12_12h	101	11791	11798	11793	546.048993	170.640311	11791	11795	5		8	12h	PC_12	12	101	11815	14052	11815	14052	22	101
LT934125.1	+	UL47	PC_12_6h	101	11791	11794	11794	346.463409	133.255157	11791	11794	4		4	6h	PC_12	6	101	11815	14052	11815	14052	21	101
LT934125.1	+	UL47	PC_12_8h	101	11788	11795	11794	250.799424	125.399712	11788	11795	8		8	8h	PC_12	8	101	11815	14052	11815	14052	21	101
LT934125.1	+	UL47	PK_15_12h	101	11788	11800	11793	697.940505	178.489703	11791	11798	8		13	12h	PK_15	12	101	11815	14052	11815	14052	22	101
LT934125.1	+	UL47	PK_15_4h	101	11792	11792	11792	40.594301	40.594301	11792	11792	1		1	4h	PK_15	4	101	11815	14052	11815	14052	23	101
LT934125.1	+	UL47	PK_15_6h	101	11791	11800	11792	370.970733	96.774974	11792	11797	6		10	6h	PK_15	6	101	11815	14052	11815	14052	23	101
LT934125.1	+	UL47	PK_15_8h	101	11788	11798	11793	543.862036	166.667398	11791	11797	7		11	8h	PK_15	8	101	11815	14052	11815	14052	22	101
LT934125.1	+	UL48	C6_12h	91	10431	10435	10431	1566.554071	1412.696082	10431	10431	1		5	12h	C6	12	91	10473	11714	10473	11714	42	91
LT934125.1	+	UL48	C6_1h	91	10431	10431	10431	1540.832049	1540.832049	10431	10431	1		1	1h	C6	1	91	10473	11714	10473	11714	42	91
LT934125.1	+	UL48	C6_4h	91	10432	10432	10432	525.486075	525.486075	10432	10432	1		1	4h	C6	4	91	10473	11714	10473	11714	41	91
LT934125.1	+	UL48	C6_6h	91	10431	10433	10431	776.196637	689.952566	10431	10433	3		3	6h	C6	6	91	10473	11714	10473	11714	42	91
LT934125.1	+	UL48	C6_8h	91	10430	10438	10431	548.829701	355.125101	10431	10434	4		9	8h	C6	8	91	10473	11714	10473	11714	42	91
LT934125.1	+	UL48	PC_12_12h	91	10431	10433	10431	812.247879	743.991755	10431	10431	1		3	12h	PC_12	12	91	10473	11714	10473	11714	42	91
LT934125.1	+	UL48	PC_12_4h	91	10431	10431	10431	200.762899	200.762899	10431	10431	1		1	4h	PC_12	4	91	10473	11714	10473	11714	42	91
LT934125.1	+	UL48	PC_12_6h	91	10431	10435	10431	319.812376	266.510314	10431	10433	3		5	6h	PC_12	6	91	10473	11714	10473	11714	42	91
LT934125.1	+	UL48	PC_12_8h	91	10431	10431	10431	846.448053	846.448053	10431	10431	1		1	8h	PC_12	8	91	10473	11714	10473	11714	42	91
LT934125.1	+	UL48	PK_15_12h	91	10431	10433	10431	1290.617849	1196.796339	10431	10431	1		3	12h	PK_15	12	91	10473	11714	10473	11714	42	91
LT934125.1	+	UL48	PK_15_2h	91	10431	10431	10431	362.056481	362.056481	10431	10431	1		1	2h	PK_15	2	91	10473	11714	10473	11714	42	91
LT934125.1	+	UL48	PK_15_4h	91	10431	10433	10431	162.377203	121.782902	10431	10433	3		3	4h	PK_15	4	91	10473	11714	10473	11714	42	91
LT934125.1	+	UL48	PK_15_6h	91	10430	10433	10431	572.585262	491.939451	10431	10433	3		4	6h	PK_15	6	91	10473	11714	10473	11714	42	91
LT934125.1	+	UL48	PK_15_8h	91	10431	10433	10431	1359.655086	1258.777451	10431	10431	1		3	8h	PK_15	8	91	10473	11714	10473	11714	42	91
LT934125.1	+	UL49	C6_12h	81	9640	9650	9646	6189.287286	2755.456713	9643	9646	4		11	12h	C6	12	81	9657	10409	9657	10409	11	81
LT934125.1	+	UL49	C6_1h	81	9644	9650	9644	3081.664098	1540.832049	9644	9650	7		7	1h	C6	1	81	9657	10409	9657	10409	13	81
LT934125.1	+	UL49	C6_2h	81	9643	9648	9644	4689.331771	2344.665885	9643	9648	6		6	2h	C6	2	81	9657	10409	9657	10409	13	81
LT934125.1	+	UL49	C6_4h	81	9643	9646	9646	3678.402522	2101.944298	9643	9646	4		4	4h	C6	4	81	9657	10409	9657	10409	11	81
LT934125.1	+	UL49	C6_6h	81	9640	9657	9646	3880.983182	1724.881414	9643	9647	5		18	6h	C6	6	81	9657	10409	9657	10409	11	81
LT934125.1	+	UL49	C6_8h	81	9640	9650	9646	4422.92171	1581.920904	9643	9647	5		11	8h	C6	8	81	9657	10409	9657	10409	11	81
LT934125.1	+	UL49	NRK_2h	81	9646	9647	9646	9708.737864	6472.491909	9646	9647	2		2	2h	NRK	2	81	9657	10409	9657	10409	11	81
LT934125.1	+	UL49	PC_12_12h	81	9640	9650	9643	5399.05943	1392.424935	9643	9647	5		11	12h	PC_12	12	81	9657	10409	9657	10409	14	81
LT934125.1	+	UL49	PC_12_2.5h	81	9640	9650	9644	8882.3094	2220.57735	9640	9650	11		11	2.5h	PC_12	2.5	81	9657	10409	9657	10409	13	81
LT934125.1	+	UL49	PC_12_2h	81	9644	9653	9644	4669.779854	1334.222815	9644	9653	10		10	2h	PC_12	2	81	9657	10409	9657	10409	13	81
LT934125.1	+	UL49	PC_12_4h	81	9640	9648	9644	3412.969286	1304.958844	9643	9646	4		9	4h	PC_12	4	81	9657	10409	9657	10409	13	81
LT934125.1	+	UL49	PC_12_6h	81	9640	9648	9644	3997.65471	1465.806727	9643	9647	5		9	6h	PC_12	6	81	9657	10409	9657	10409	13	81
LT934125.1	+	UL49	PC_12_8h	81	9640	9648	9646	5611.637094	1943.69553	9643	9647	5		9	8h	PC_12	8	81	9657	10409	9657	10409	11	81
LT934125.1	+	UL49	PK_15_12h	81	9640	9648	9646	7210.526316	2082.379863	9643	9646	4		9	12h	PK_15	12	81	9657	10409	9657	10409	11	81
LT934125.1	+	UL49	PK_15_2h	81	9643	9647	9646	3620.564808	1810.282404	9643	9647	5		5	2h	PK_15	2	81	9657	10409	9657	10409	11	81
LT934125.1	+	UL49	PK_15_4h	81	9638	9650	9643	6170.333686	1664.366323	9643	9647	5		13	4h	PK_15	4	81	9657	10409	9657	10409	14	81
LT934125.1	+	UL49	PK_15_6h	81	9640	9648	9643	4782.296629	1524.20584	9643	9646	4		9	6h	PK_15	6	81	9657	10409	9657	10409	14	81
LT934125.1	+	UL49	PK_15_8h	81	9640	9648	9646	6412.308826	2118.430344	9643	9646	4		9	8h	PK_15	8	81	9657	10409	9657	10409	11	81
LT934125.1	+	UL49.5	C6_12h	76	9267	9270	9270	12301.645581	9818.937121	9268	9270	3		4	12h	C6	12	76	9323	9619	9323	9619	53	76
LT934125.1	+	UL49.5	C6_1h	76	9267	9272	9270	24653.312788	20030.816641	9269	9270	2		6	1h	C6	1	76	9323	9619	9323	9619	53	76
LT934125.1	+	UL49.5	C6_4h	76	9267	9274	9270	9458.749345	7356.805045	9268	9270	3		8	4h	C6	4	76	9323	9619	9323	9619	53	76
LT934125.1	+	UL49.5	C6_6h	76	9267	9270	9270	12850.366537	10435.532557	9269	9270	2		4	6h	C6	6	76	9323	9619	9323	9619	53	76
LT934125.1	+	UL49.5	C6_8h	76	9267	9270	9270	13753.026635	10944.309927	9269	9270	2		4	8h	C6	8	76	9323	9619	9323	9619	53	76
LT934125.1	+	UL49.5	NRK_1h	76	9270	9270	9270	20202.020202	20202.020202	9270	9270	1		1	1h	NRK	1	76	9323	9619	9323	9619	53	76
LT934125.1	+	UL49.5	NRK_2h	76	9267	9270	9270	19417.475729	9708.737864	9267	9270	4		4	2h	NRK	2	76	9323	9619	9323	9619	53	76
LT934125.1	+	UL49.5	PC_12_1.5h	76	9267	9274	9270	26548.672568	15486.725664	9269	9271	3		8	1.5h	PC_12	1.5	76	9323	9619	9323	9619	53	76
LT934125.1	+	UL49.5	PC_12_12h	76	9267	9270	9270	10477.315077	8163.432464	9267	9270	4		4	12h	PC_12	12	76	9323	9619	9323	9619	53	76
LT934125.1	+	UL49.5	PC_12_1h	76	9270	9270	9270	22271.714922	22271.714922	9270	9270	1		1	1h	PC_12	1	76	9323	9619	9323	9619	53	76
LT934125.1	+	UL49.5	PC_12_2.5h	76	9267	9271	9270	27387.120651	21465.581051	9269	9270	2		5	2.5h	PC_12	2.5	76	9323	9619	9323	9619	53	76
LT934125.1	+	UL49.5	PC_12_2h	76	9267	9270	9270	26017.344897	19346.230821	9269	9270	2		4	2h	PC_12	2	76	9323	9619	9323	9619	53	76
LT934125.1	+	UL49.5	PC_12_4h	76	9267	9270	9270	12346.91829	8933.949006	9267	9270	4		4	4h	PC_12	4	76	9323	9619	9323	9619	53	76
LT934125.1	+	UL49.5	PC_12_6h	76	9267	9270	9270	13805.234263	10580.459464	9267	9270	4		4	6h	PC_12	6	76	9323	9619	9323	9619	53	76
LT934125.1	+	UL49.5	PC_12_8h	76	9263	9270	9270	12477.271301	9530.37808	9267	9270	4		8	8h	PC_12	8	76	9323	9619	9323	9619	53	76
LT934125.1	+	UL49.5	PK_15_12h	76	9267	9270	9270	12171.624714	10533.180778	9269	9270	2		4	12h	PK_15	12	76	9323	9619	9323	9619	53	76
LT934125.1	+	UL49.5	PK_15_1h	76	9270	9273	9270	8771.929824	5847.953216	9270	9273	4		4	1h	PK_15	1	76	9323	9619	9323	9619	53	76
LT934125.1	+	UL49.5	PK_15_2h	76	9267	9272	9270	25343.953656	20637.219406	9269	9270	2		6	2h	PK_15	2	76	9323	9619	9323	9619	53	76
LT934125.1	+	UL49.5	PK_15_4h	76	9266	9270	9270	23625.882926	19647.641471	9269	9270	2		5	4h	PK_15	4	76	9323	9619	9323	9619	53	76
LT934125.1	+	UL49.5	PK_15_6h	76	9267	9270	9270	10435.568028	8846.845539	9269	9270	2		4	6h	PK_15	6	76	9323	9619	9323	9619	53	76
LT934125.1	+	UL5	C6_12h	819	88883	88888	88883	48.954815	27.97418	88883	88888	6		6	12h	C6	12	819	88923	91427	88923	91427	40	819
LT934125.1	+	UL5	C6_1h	819	88883	88883	88883	3081.664099	3081.664099	88883	88883	1		1	1h	C6	1	819	88923	91427	88923	91427	40	819
LT934125.1	+	UL5	C6_4h	819	88892	88892	88892	525.486075	525.486075	88892	88892	1		1	4h	C6	4	819	88923	91427	88923	91427	31	819
LT934125.1	+	UL5	C6_6h	819	88883	88888	88888	431.220353	258.732212	88883	88888	6		6	6h	C6	6	819	88923	91427	88923	91427	35	819
LT934125.1	+	UL5	PC_12_12h	819	88883	88883	88883	34.128062	34.128062	88883	88883	1		1	12h	PC_12	12	819	88923	91427	88923	91427	40	819
LT934125.1	+	UL5	PC_12_2.5h	819	88883	88883	88883	740.19245	740.19245	88883	88883	1		1	2.5h	PC_12	2.5	819	88923	91427	88923	91427	40	819
LT934125.1	+	UL5	PC_12_2h	819	88883	88883	88883	667.111408	667.111408	88883	88883	1		1	2h	PC_12	2	819	88923	91427	88923	91427	40	819
LT934125.1	+	UL5	PC_12_4h	819	88888	88888	88888	100.38145	100.38145	88888	88888	1		1	4h	PC_12	4	819	88923	91427	88923	91427	35	819
LT934125.1	+	UL5	PC_12_6h	819	88883	88888	88883	159.906188	79.953094	88883	88888	6		6	6h	PC_12	6	819	88923	91427	88923	91427	40	819
LT934125.1	+	UL5	PC_12_8h	819	88883	88883	88883	94.049784	94.049784	88883	88883	1		1	8h	PC_12	8	819	88923	91427	88923	91427	40	819
LT934125.1	+	UL5	PK_15_12h	819	88883	88888	88883	32.036614	20.594966	88883	88888	6		6	12h	PK_15	12	819	88923	91427	88923	91427	40	819
LT934125.1	+	UL5	PK_15_1h	819	88885	88885	88885	2923.976608	2923.976608	88885	88885	1		1	1h	PK_15	1	819	88923	91427	88923	91427	38	819
LT934125.1	+	UL5	PK_15_4h	819	88888	88888	88888	40.594301	40.594301	88888	88888	1		1	4h	PK_15	4	819	88923	91427	88923	91427	35	819
LT934125.1	+	UL5	PK_15_6h	819	88883	88888	88888	64.516649	48.387487	88883	88888	6		6	6h	PK_15	6	819	88923	91427	88923	91427	35	819
LT934125.1	+	UL5	PK_15_8h	819	88883	88888	88883	135.965508	78.947715	88883	88888	6		6	8h	PK_15	8	819	88923	91427	88923	91427	40	819
LT934125.1	+	UL51	C6_12h	53	7587	7596	7588	2657.547083	1272.825182	7588	7592	5		10	12h	C6	12	53	7729	8439	7729	8439	141	53
LT934125.1	+	UL51	C6_2h	53	7588	7591	7591	3516.998828	2344.665885	7588	7591	4		4	2h	C6	2	53	7729	8439	7729	8439	138	53
LT934125.1	+	UL51	C6_4h	53	7588	7596	7591	4729.374672	2101.944298	7588	7596	9		9	4h	C6	4	53	7729	8439	7729	8439	138	53
LT934125.1	+	UL51	NRK_2h	53	7592	7592	7592	3236.245955	3236.245955	7592	7592	1		1	2h	NRK	2	53	7729	8439	7729	8439	137	53
LT934125.1	+	UL51	PC_12_1.5h	53	7591	7591	7591	4424.778761	4424.778761	7591	7591	1		1	1.5h	PC_12	1.5	53	7729	8439	7729	8439	138	53
LT934125.1	+	UL51	PC_12_12h	53	7587	7594	7588	1638.146983	969.236965	7588	7591	4		8	12h	PC_12	12	53	7729	8439	7729	8439	141	53
LT934125.1	+	UL51	PC_12_1h	53	7588	7591	7588	4454.342984	2227.171492	7588	7591	4		4	1h	PC_12	1	53	7729	8439	7729	8439	141	53
LT934125.1	+	UL51	PC_12_2.5h	53	7588	7591	7588	1480.3849	740.19245	7588	7591	4		4	2.5h	PC_12	2.5	53	7729	8439	7729	8439	141	53
LT934125.1	+	UL51	PC_12_2h	53	7588	7595	7591	4669.779853	2668.44563	7588	7595	8		8	2h	PC_12	2	53	7729	8439	7729	8439	138	53
LT934125.1	+	UL51	PC_12_4h	53	7587	7596	7588	4918.691027	2609.917687	7588	7591	4		10	4h	PC_12	4	53	7729	8439	7729	8439	141	53
LT934125.1	+	UL51	PK_15_12h	53	7588	7596	7588	718.53547	354.691076	7588	7594	7		9	12h	PK_15	12	53	7729	8439	7729	8439	141	53
LT934125.1	+	UL51	PK_15_1h	53	7591	7591	7591	2923.976608	2923.976608	7591	7591	1		1	1h	PK_15	1	53	7729	8439	7729	8439	138	53
LT934125.1	+	UL51	PK_15_2h	53	7589	7594	7591	2172.338885	1448.225923	7589	7594	6		6	2h	PK_15	2	53	7729	8439	7729	8439	138	53
LT934125.1	+	UL51	PK_15_6h	53	7587	7596	7588	4532.294615	2129.049428	7588	7594	7		10	6h	PK_15	6	53	7729	8439	7729	8439	141	53
LT934125.1	+	UL51	PK_15_8h	53	7587	7596	7588	2907.907492	1346.497134	7588	7593	6		10	8h	PK_15	8	53	7729	8439	7729	8439	141	53
LT934125.1	+	UL8	PC_12_8h	777	84072	84072	84072	31.349928	31.349928	84072	84072	1	UL9	1	8h	PC_12	8	777	84087	86138	84087	86138	15	777
LT934125.1	+	UL9	C6_12h	754	81436	81436	81436	90.916084	90.916084	81436	81436	1		1	12h	C6	12	754	81550	84090	81550	84090	114	754
LT934125.1	+	UL9	C6_6h	755	81481	81482	81481	172.488142	86.244071	81481	81482	2		2	6h	C6	6	755	81550	84090	81550	84090	69	755
LT934125.1	+	UL9	C6_8h	755	81477	81481	81477	96.8523	32.2841	81477	81481	5		5	8h	C6	8	755	81550	84090	81550	84090	73	755
LT934125.1	+	UL9	PC_12_6h	754	81436	81436	81436	26.651031	26.651031	81436	81436	1		1	6h	PC_12	6	754	81550	84090	81550	84090	114	754
LT934125.1	+	UL9	PC_12_8h	754	81436	81437	81436	62.699856	31.349928	81436	81437	2		2	8h	PC_12	8	754	81550	84090	81550	84090	114	754
LT934125.1	+	UL9	PK_15_12h	754	81436	81436	81436	11.441648	11.441648	81436	81436	1		1	12h	PK_15	12	754	81550	84090	81550	84090	114	754
LT934125.1	+	UL9	PK_15_6h	755	81480	81480	81480	16.129162	16.129162	81480	81480	1		1	6h	PK_15	6	755	81550	84090	81550	84090	70	755
LT934125.1	+	UL9	PK_15_8h	754	81436	81436	81436	17.543937	17.543937	81436	81436	1		1	8h	PK_15	8	754	81550	84090	81550	84090	114	754
LT934125.1	+	US1	C6_12h	1035	115544	115544	115544	27.97418	27.97418	115544	115544	1		1	12h	C6	12	1035	115740	116831	115740	116831	196	1035
LT934125.1	+	US1	C6_6h	1038	115731	115731	115731	86.244071	86.244071	115731	115731	1		1	6h	C6	6	1038	115740	116831	115740	116831	9	1038
LT934125.1	+	US1	C6_8h	1038	115733	115733	115733	32.2841	32.2841	115733	115733	1		1	8h	C6	8	1038	115740	116831	115740	116831	7	1038
LT934125.1	+	US1	NRK_2h	1034	115508	115508	115508	3236.245955	3236.245955	115508	115508	1		1	2h	NRK	2	1034	115740	116831	115740	116831	232	1034
LT934125.1	+	US1	PC_12_12h	1038	115725	115725	115725	20.476837	20.476837	115725	115725	1		1	12h	PC_12	12	1038	115740	116831	115740	116831	15	1038
LT934125.1	+	US1	PC_12_1h	1037	115649	115649	115649	2227.171492	2227.171492	115649	115649	1		1	1h	PC_12	1	1037	115740	116831	115740	116831	91	1037
LT934125.1	+	US1	PC_12_4h	1038	115725	115733	115725	301.14435	100.38145	115725	115733	9		9	4h	PC_12	4	1038	115740	116831	115740	116831	15	1038
LT934125.1	+	US1	PC_12_8h	1036	115602	115602	115602	31.349928	31.349928	115602	115602	1		1	8h	PC_12	8	1036	115740	116831	115740	116831	138	1036
LT934125.1	+	US1	PK_15_12h	1035	115536	115536	115536	11.441648	11.441648	115536	115536	1		1	12h	PK_15	12	1035	115740	116831	115740	116831	204	1035
LT934125.1	+	US1	PK_15_2h	1035	115536	115536	115536	362.056481	362.056481	115536	115536	1		1	2h	PK_15	2	1035	115740	116831	115740	116831	204	1035
LT934125.1	+	US1	PK_15_4h	1038	115705	115705	115705	40.594301	40.594301	115705	115705	1		1	4h	PK_15	4	1038	115740	116831	115740	116831	35	1038
LT934125.1	+	US1	PK_15_6h	1035	115562	115562	115562	48.387487	48.387487	115562	115562	1		1	6h	PK_15	6	1035	115740	116831	115740	116831	178	1035
LT934125.1	+	US1	PK_15_8h	1035	115562	115562	115562	21.929921	21.929921	115562	115562	1		1	8h	PK_15	8	1035	115740	116831	115740	116831	178	1035
LT934125.1	+	US2	C6_12h	1168	125177	125227	125225	33499.08035	16959.346523	125223	125225	3		51	12h	C6	12	1168	125308	126078	125308	126078	83	1168
LT934125.1	+	US2	C6_1h	1168	125222	125236	125223	55469.953774	27734.976888	125223	125225	3		15	1h	C6	1	1168	125308	126078	125308	126078	85	1168
LT934125.1	+	US2	C6_4h	1168	125223	125229	125225	32054.650553	18392.012612	125223	125225	3		7	4h	C6	4	1168	125308	126078	125308	126078	83	1168
LT934125.1	+	US2	C6_6h	1168	125223	125227	125225	26563.173781	13799.051315	125223	125225	3		5	6h	C6	6	1168	125308	126078	125308	126078	83	1168
LT934125.1	+	US2	C6_8h	1168	125215	125227	125225	37449.556094	19854.72155	125223	125225	3		13	8h	C6	8	1168	125308	126078	125308	126078	83	1168
LT934125.1	+	US2	NRK_1h	1168	125223	125225	125223	70707.070707	40404.040404	125223	125225	3		3	1h	NRK	1	1168	125308	126078	125308	126078	85	1168
LT934125.1	+	US2	NRK_2h	1168	125217	125225	125223	45307.443366	19417.475728	125223	125225	3		9	2h	NRK	2	1168	125308	126078	125308	126078	85	1168
LT934125.1	+	US2	PC_12_0.5h	1168	125225	125227	125225	96774.193548	64516.129032	125225	125227	3		3	0.5h	PC_12	0.5	1168	125308	126078	125308	126078	83	1168
LT934125.1	+	US2	PC_12_1.5h	1168	125221	125225	125225	46460.176991	26548.672566	125223	125225	3		5	1.5h	PC_12	1.5	1168	125308	126078	125308	126078	83	1168
LT934125.1	+	US2	PC_12_1h	1168	125222	125225	125225	66815.144766	40089.08686	125223	125225	3		4	1h	PC_12	1	1168	125308	126078	125308	126078	83	1168
LT934125.1	+	US2	PC_12_2.5h	1168	125223	125229	125223	45891.931902	22205.773501	125223	125225	3		7	2.5h	PC_12	2.5	1168	125308	126078	125308	126078	85	1168
LT934125.1	+	US2	PC_12_2h	1168	125223	125228	125225	44696.46431	22681.787859	125223	125225	3		6	2h	PC_12	2	1168	125308	126078	125308	126078	83	1168
LT934125.1	+	US2	PC_12_4h	1168	125217	125225	125225	17165.227866	11142.340895	125223	125225	3		9	4h	PC_12	4	1168	125308	126078	125308	126078	83	1168
LT934125.1	+	US2	PC_12_6h	1168	125217	125225	125225	16603.592559	10713.714621	125223	125225	3		9	6h	PC_12	6	1168	125308	126078	125308	126078	83	1168
LT934125.1	+	US2	PK_15_12h	1168	125221	125225	125225	9780.320367	5903.89016	125223	125225	3		5	12h	PK_15	12	1168	125308	126078	125308	126078	83	1168
LT934125.1	+	US2	PK_15_1h	1168	125223	125225	125225	8771.929824	5847.953216	125223	125225	3		3	1h	PK_15	1	1168	125308	126078	125308	126078	83	1168
LT934125.1	+	US2	PK_15_2h	1168	125218	125230	125225	36205.648081	19913.106445	125223	125226	4		13	2h	PK_15	2	1168	125308	126078	125308	126078	83	1168
LT934125.1	+	US2	PK_15_4h	1168	125221	125227	125225	33409.109361	19241.698466	125223	125225	3		7	4h	PK_15	4	1168	125308	126078	125308	126078	83	1168
LT934125.1	+	US2	PK_15_6h	1168	125216	125227	125225	13693.658818	8032.322841	125223	125225	3		12	6h	PK_15	6	1168	125308	126078	125308	126078	83	1168
LT934125.1	+	US2	PK_15_8h	1168	125217	125227	125225	13153.566464	7149.154163	125223	125225	3		11	8h	PK_15	8	1168	125308	126078	125308	126078	83	1168
LT934125.1	+	US3	C6_1h	1054	117769	117769	117769	3081.664099	3081.664099	117769	117769	1		1	1h	C6	1	1054	117833	118837	117833	118837	64	1054
LT934125.1	+	US3	C6_2h	1054	117769	117775	117769	3516.998828	2344.665885	117769	117775	7		7	2h	C6	2	1054	117833	118837	117833	118837	64	1054
LT934125.1	+	US3	C6_6h	1054	117768	117769	117769	1121.17292	1034.928849	117769	117769	1		2	6h	C6	6	1054	117833	118837	117833	118837	64	1054
LT934125.1	+	US3	C6_8h	1054	117769	117771	117769	613.397901	581.113801	117769	117769	1		3	8h	C6	8	1054	117833	118837	117833	118837	64	1054
LT934125.1	+	US3	NRK_1h	1054	117769	117769	117769	10101.010101	10101.010101	117769	117769	1		1	1h	NRK	1	1054	117833	118837	117833	118837	64	1054
LT934125.1	+	US3	NRK_2h	1054	117769	117769	117769	3236.245955	3236.245955	117769	117769	1		1	2h	NRK	2	1054	117833	118837	117833	118837	64	1054
LT934125.1	+	US3	PC_12_1.5h	1054	117769	117769	117769	11061.946903	11061.946903	117769	117769	1		1	1.5h	PC_12	1.5	1054	117833	118837	117833	118837	64	1054
LT934125.1	+	US3	PC_12_1h	1054	117769	117769	117769	8908.685969	8908.685969	117769	117769	1		1	1h	PC_12	1	1054	117833	118837	117833	118837	64	1054
LT934125.1	+	US3	PC_12_2.5h	1054	117769	117769	117769	740.19245	740.19245	117769	117769	1		1	2.5h	PC_12	2.5	1054	117833	118837	117833	118837	64	1054
LT934125.1	+	US3	PC_12_2h	1054	117769	117769	117769	3335.557038	3335.557038	117769	117769	1		1	2h	PC_12	2	1054	117833	118837	117833	118837	64	1054
LT934125.1	+	US3	PC_12_6h	1054	117769	117769	117769	346.463408	346.463408	117769	117769	1		1	6h	PC_12	6	1054	117833	118837	117833	118837	64	1054
LT934125.1	+	US3	PC_12_8h	1054	117768	117769	117769	1065.897549	1003.197693	117769	117769	1		2	8h	PC_12	8	1054	117833	118837	117833	118837	64	1054
LT934125.1	+	US3	PK_15_1h	1054	117769	117769	117769	2923.976608	2923.976608	117769	117769	1		1	1h	PK_15	1	1054	117833	118837	117833	118837	64	1054
LT934125.1	+	US3	PK_15_2h	1054	117769	117780	117769	6154.960174	5068.790731	117769	117771	3		12	2h	PK_15	2	1054	117833	118837	117833	118837	64	1054
LT934125.1	+	US3	PK_15_4h	1054	117769	117769	117769	852.480312	852.480312	117769	117769	1		1	4h	PK_15	4	1054	117833	118837	117833	118837	64	1054
LT934125.1	+	US3	PK_15_6h	1054	117769	117769	117769	548.391519	548.391519	117769	117769	1		1	6h	PK_15	6	1054	117833	118837	117833	118837	64	1054
LT934125.1	+	US3	PK_15_8h	1054	117768	117769	117769	912.284703	885.968798	117769	117769	1		2	8h	PK_15	8	1054	117833	118837	117833	118837	64	1054
LT934125.1	+	US4	C6_12h	1071	118857	118866	118864	72334.235502	43234.09493	118860	118866	7		10	12h	C6	12	1071	118897	120396	118897	120396	33	1071
LT934125.1	+	US4	C6_1h	1071	118860	118866	118864	77041.602465	30816.640986	118860	118866	7		7	1h	C6	1	1071	118897	120396	118897	120396	33	1071
LT934125.1	+	US4	C6_2h	1071	118860	118868	118864	50410.31653	32825.322392	118860	118866	7		9	2h	C6	2	1071	118897	120396	118897	120396	33	1071
LT934125.1	+	US4	C6_4h	1071	118857	118866	118864	70940.620074	35733.053074	118860	118866	7		10	4h	C6	4	1071	118897	120396	118897	120396	33	1071
LT934125.1	+	US4	C6_6h	1071	118859	118866	118864	47779.215178	28546.787408	118860	118866	7		8	6h	C6	6	1071	118897	120396	118897	120396	33	1071
LT934125.1	+	US4	C6_8h	1071	118857	118866	118864	58660.209846	33898.305085	118860	118866	7		10	8h	C6	8	1071	118897	120396	118897	120396	33	1071
LT934125.1	+	US4	NRK_1h	1071	118860	118866	118864	101010.10101	40404.040404	118860	118866	7		7	1h	NRK	1	1071	118897	120396	118897	120396	33	1071
LT934125.1	+	US4	NRK_2h	1071	118857	118866	118864	58252.427185	22653.721683	118859	118866	8		10	2h	NRK	2	1071	118897	120396	118897	120396	33	1071
LT934125.1	+	US4	PC_12_0.5h	1071	118864	118864	118864	64516.129032	64516.129032	118864	118864	1		1	0.5h	PC_12	0.5	1071	118897	120396	118897	120396	33	1071
LT934125.1	+	US4	PC_12_1.5h	1071	118860	118866	118864	61946.902655	37610.619469	118860	118864	5		7	1.5h	PC_12	1.5	1071	118897	120396	118897	120396	33	1071
LT934125.1	+	US4	PC_12_12h	1071	118852	118866	118864	50134.123285	28845.038121	118860	118866	7		15	12h	PC_12	12	1071	118897	120396	118897	120396	33	1071
LT934125.1	+	US4	PC_12_1h	1071	118860	118866	118864	62360.801781	42316.258352	118860	118864	5		7	1h	PC_12	1	1071	118897	120396	118897	120396	33	1071
LT934125.1	+	US4	PC_12_2.5h	1071	118859	118866	118864	59215.396003	30347.890452	118860	118864	5		8	2.5h	PC_12	2.5	1071	118897	120396	118897	120396	33	1071
LT934125.1	+	US4	PC_12_2h	1071	118859	118866	118864	81387.591728	42028.018679	118860	118866	7		8	2h	PC_12	2	1071	118897	120396	118897	120396	33	1071
LT934125.1	+	US4	PC_12_4h	1071	118857	118866	118864	59425.818111	35233.888777	118860	118866	7		10	4h	PC_12	4	1071	118897	120396	118897	120396	33	1071
LT934125.1	+	US4	PC_12_6h	1071	118854	118866	118864	57539.576781	30888.545387	118860	118866	7		13	6h	PC_12	6	1071	118897	120396	118897	120396	33	1071
LT934125.1	+	US4	PC_12_8h	1071	118857	118866	118864	60944.259829	33857.922127	118860	118866	7		10	8h	PC_12	8	1071	118897	120396	118897	120396	33	1071
LT934125.1	+	US4	PK_15_12h	1071	118857	118866	118864	54279.176199	32745.995423	118860	118866	7		10	12h	PK_15	12	1071	118897	120396	118897	120396	33	1071
LT934125.1	+	US4	PK_15_1h	1071	118860	118866	118866	23391.812865	14619.883041	118860	118866	7		7	1h	PK_15	1	1071	118897	120396	118897	120396	31	1071
LT934125.1	+	US4	PK_15_2h	1071	118860	118868	118864	27878.349024	13396.08979	118860	118866	7		9	2h	PK_15	2	1071	118897	120396	118897	120396	33	1071
LT934125.1	+	US4	PK_15_4h	1071	118857	118866	118864	50458.715596	26386.295364	118860	118866	7		10	4h	PK_15	4	1071	118897	120396	118897	120396	33	1071
LT934125.1	+	US4	PK_15_6h	1071	118857	118866	118864	49589.10959	29306.687957	118860	118866	7		10	6h	PK_15	6	1071	118897	120396	118897	120396	33	1071
LT934125.1	+	US4	PK_15_8h	1071	118852	118866	118864	80465.265198	47921.262813	118860	118866	7		15	8h	PK_15	8	1071	118897	120396	118897	120396	33	1071
LT934125.1	+	US6	C6_12h	1094	120555	120557	120555	2251.921476	1622.50243	120555	120557	3		3	12h	C6	12	1094	120576	121778	120576	121778	21	1094
LT934125.1	+	US6	C6_1h	1094	120555	120555	120555	3081.664099	3081.664099	120555	120555	1		1	1h	C6	1	1094	120576	121778	120576	121778	21	1094
LT934125.1	+	US6	C6_2h	1094	120555	120555	120555	1172.332943	1172.332943	120555	120555	1		1	2h	C6	2	1094	120576	121778	120576	121778	21	1094
LT934125.1	+	US6	C6_4h	1094	120555	120557	120555	2101.944298	1050.972149	120555	120557	3		3	4h	C6	4	1094	120576	121778	120576	121778	21	1094
LT934125.1	+	US6	C6_6h	1094	120555	120557	120555	3536.0069	2156.101768	120555	120557	3		3	6h	C6	6	1094	120576	121778	120576	121778	21	1094
LT934125.1	+	US6	C6_8h	1094	120554	120557	120555	1323.648103	903.954802	120555	120557	3		4	8h	C6	8	1094	120576	121778	120576	121778	21	1094
LT934125.1	+	US6	PC_12_12h	1094	120555	120557	120555	1017.016252	784.945429	120555	120557	3		3	12h	PC_12	12	1094	120576	121778	120576	121778	21	1094
LT934125.1	+	US6	PC_12_1h	1094	120555	120555	120555	6681.514477	6681.514477	120555	120555	1		1	1h	PC_12	1	1094	120576	121778	120576	121778	21	1094
LT934125.1	+	US6	PC_12_2h	1094	120555	120555	120555	1334.222815	1334.222815	120555	120555	1		1	2h	PC_12	2	1094	120576	121778	120576	121778	21	1094
LT934125.1	+	US6	PC_12_4h	1094	120555	120558	120555	1104.195946	903.433046	120555	120557	3		4	4h	PC_12	4	1094	120576	121778	120576	121778	21	1094
LT934125.1	+	US6	PC_12_6h	1094	120555	120557	120555	1892.223229	1465.806727	120555	120557	3		3	6h	PC_12	6	1094	120576	121778	120576	121778	21	1094
LT934125.1	+	US6	PC_12_8h	1094	120555	120557	120555	971.847764	783.748197	120555	120557	3		3	8h	PC_12	8	1094	120576	121778	120576	121778	21	1094
LT934125.1	+	US6	PK_15_12h	1094	120554	120557	120555	1437.070939	983.981693	120555	120557	3		4	12h	PK_15	12	1094	120576	121778	120576	121778	21	1094
LT934125.1	+	US6	PK_15_2h	1094	120555	120555	120555	1086.169442	1086.169442	120555	120555	1		1	2h	PK_15	2	1094	120576	121778	120576	121778	21	1094
LT934125.1	+	US6	PK_15_4h	1094	120554	120557	120555	730.697411	487.131607	120555	120557	3		4	4h	PK_15	4	1094	120576	121778	120576	121778	21	1094
LT934125.1	+	US6	PK_15_6h	1094	120555	120557	120555	782.264373	677.424818	120555	120557	3		3	6h	PK_15	6	1094	120576	121778	120576	121778	21	1094
LT934125.1	+	US6	PK_15_8h	1094	120554	120557	120555	1578.954294	1114.039974	120555	120557	3		4	8h	PK_15	8	1094	120576	121778	120576	121778	21	1094
LT934125.1	+	US7	C6_12h	1117	121784	121787	121784	9133.569715	5930.526124	121784	121786	3		4	12h	C6	12	1117	121799	122896	121799	122896	15	1117
LT934125.1	+	US7	C6_1h	1117	121784	121786	121784	16949.152543	13867.488444	121784	121786	3		3	1h	C6	1	1117	121799	122896	121799	122896	15	1117
LT934125.1	+	US7	C6_2h	1117	121784	121786	121784	4689.331771	3516.998828	121784	121786	3		3	2h	C6	2	1117	121799	122896	121799	122896	15	1117
LT934125.1	+	US7	C6_4h	1117	121784	121795	121784	10509.721493	7356.805045	121784	121792	9		12	4h	C6	4	1117	121799	122896	121799	122896	15	1117
LT934125.1	+	US7	C6_6h	1117	121783	121787	121784	13885.295387	8451.918931	121784	121786	3		5	6h	C6	6	1117	121799	122896	121799	122896	15	1117
LT934125.1	+	US7	C6_8h	1117	121777	121787	121784	9297.820823	6037.126715	121784	121786	3		11	8h	C6	8	1117	121799	122896	121799	122896	15	1117
LT934125.1	+	US7	NRK_1h	1117	121784	121784	121784	10101.010101	10101.010101	121784	121784	1		1	1h	NRK	1	1117	121799	122896	121799	122896	15	1117
LT934125.1	+	US7	NRK_2h	1117	121786	121788	121786	12944.983819	9708.737864	121786	121788	3		3	2h	NRK	2	1117	121799	122896	121799	122896	13	1117
LT934125.1	+	US7	PC_12_1.5h	1117	121786	121786	121786	4424.778761	4424.778761	121786	121786	1		1	1.5h	PC_12	1.5	1117	121799	122896	121799	122896	13	1117
LT934125.1	+	US7	PC_12_12h	1117	121783	121787	121784	7931.361642	5426.36188	121784	121786	3		5	12h	PC_12	12	1117	121799	122896	121799	122896	15	1117
LT934125.1	+	US7	PC_12_1h	1117	121784	121786	121784	8908.685968	4454.342984	121784	121786	3		3	1h	PC_12	1	1117	121799	122896	121799	122896	15	1117
LT934125.1	+	US7	PC_12_2.5h	1117	121784	121786	121784	7401.9245	5921.5396	121784	121786	3		3	2.5h	PC_12	2.5	1117	121799	122896	121799	122896	15	1117
LT934125.1	+	US7	PC_12_2h	1117	121784	121787	121784	10673.782522	6004.002668	121784	121786	3		4	2h	PC_12	2	1117	121799	122896	121799	122896	15	1117
LT934125.1	+	US7	PC_12_4h	1117	121784	121786	121784	13049.588436	11142.340895	121784	121786	3		3	4h	PC_12	4	1117	121799	122896	121799	122896	15	1117
LT934125.1	+	US7	PC_12_6h	1117	121777	121786	121784	15111.1348	12046.266191	121784	121786	3		10	6h	PC_12	6	1117	121799	122896	121799	122896	15	1117
LT934125.1	+	US7	PC_12_8h	1117	121782	121787	121784	9248.22873	6364.035363	121784	121786	3		6	8h	PC_12	8	1117	121799	122896	121799	122896	15	1117
LT934125.1	+	US7	PK_15_12h	1117	121783	121787	121784	9054.919908	5805.491991	121784	121786	3		5	12h	PK_15	12	1117	121799	122896	121799	122896	15	1117
LT934125.1	+	US7	PK_15_1h	1117	121784	121786	121784	5847.953216	2923.976608	121784	121786	3		3	1h	PK_15	1	1117	121799	122896	121799	122896	15	1117
LT934125.1	+	US7	PK_15_2h	1117	121784	121786	121786	3258.508327	2172.338885	121784	121786	3		3	2h	PK_15	2	1117	121799	122896	121799	122896	13	1117
LT934125.1	+	US7	PK_15_4h	1117	121778	121787	121784	13923.845094	8971.340424	121784	121786	3		10	4h	PK_15	4	1117	121799	122896	121799	122896	15	1117
LT934125.1	+	US7	PK_15_6h	1117	121783	121787	121784	11443.640674	7669.416689	121784	121786	3		5	6h	PK_15	6	1117	121799	122896	121799	122896	15	1117
LT934125.1	+	US7	PK_15_8h	1117	121783	121787	121784	14807.082488	9609.691271	121784	121786	3		5	8h	PK_15	8	1117	121799	122896	121799	122896	15	1117
LT934125.1	+	US8	C6_12h	1130	122978	122983	122979	6776.745064	3958.346446	122979	122981	3		6	12h	C6	12	1130	123000	124730	123000	124730	21	1130
LT934125.1	+	US8	C6_1h	1130	122979	122981	122981	10785.824345	6163.328197	122979	122981	3		3	1h	C6	1	1130	123000	124730	123000	124730	19	1130
LT934125.1	+	US8	C6_2h	1130	122979	122979	122979	2344.665885	2344.665885	122979	122979	1		1	2h	C6	2	1130	123000	124730	123000	124730	21	1130
LT934125.1	+	US8	C6_4h	1130	122978	122983	122979	12086.179717	6831.31897	122979	122983	5		6	4h	C6	4	1130	123000	124730	123000	124730	21	1130
LT934125.1	+	US8	C6_6h	1130	122978	122988	122979	8710.651141	4570.935748	122979	122983	5		11	6h	C6	6	1130	123000	124730	123000	124730	21	1130
LT934125.1	+	US8	C6_8h	1130	122978	122988	122979	5294.592412	2937.853107	122979	122981	3		11	8h	C6	8	1130	123000	124730	123000	124730	21	1130
LT934125.1	+	US8	NRK_1h	1129	122922	122922	122922	10101.010101	10101.010101	122922	122922	1		1	1h	NRK	1	1129	123000	124730	123000	124730	78	1129
LT934125.1	+	US8	NRK_2h	1130	122979	122983	122979	19417.475729	12944.983819	122979	122983	5		5	2h	NRK	2	1130	123000	124730	123000	124730	21	1130
LT934125.1	+	US8	PC_12_1.5h	1130	122979	122981	122979	4424.778762	2212.389381	122979	122981	3		3	1.5h	PC_12	1.5	1130	123000	124730	123000	124730	21	1130
LT934125.1	+	US8	PC_12_12h	1130	122978	122983	122979	3228.514679	1849.740968	122979	122981	3		6	12h	PC_12	12	1130	123000	124730	123000	124730	21	1130
LT934125.1	+	US8	PC_12_1h	1130	122979	122981	122979	11135.857461	6681.514477	122979	122981	3		3	1h	PC_12	1	1130	123000	124730	123000	124730	21	1130
LT934125.1	+	US8	PC_12_2.5h	1130	122979	122980	122979	2220.57735	1480.3849	122979	122980	2		2	2.5h	PC_12	2.5	1130	123000	124730	123000	124730	21	1130
LT934125.1	+	US8	PC_12_2h	1130	122979	122988	122979	14009.33956	9339.559706	122979	122983	5		10	2h	PC_12	2	1130	123000	124730	123000	124730	21	1130
LT934125.1	+	US8	PC_12_4h	1130	122978	122988	122979	4717.928128	2710.299137	122979	122981	3		11	4h	PC_12	4	1130	123000	124730	123000	124730	21	1130
LT934125.1	+	US8	PC_12_6h	1130	122978	122983	122979	4583.9774	3038.217579	122979	122981	3		6	6h	PC_12	6	1130	123000	124730	123000	124730	21	1130
LT934125.1	+	US8	PC_12_8h	1130	122978	122988	122979	4514.389617	2602.044015	122979	122981	3		11	8h	PC_12	8	1130	123000	124730	123000	124730	21	1130
LT934125.1	+	US8	PK_15_12h	1130	122978	122983	122979	2997.711671	1787.185355	122979	122981	3		6	12h	PK_15	12	1130	123000	124730	123000	124730	21	1130
LT934125.1	+	US8	PK_15_1h	1130	122979	122981	122979	8771.929824	5847.953216	122979	122981	3		3	1h	PK_15	1	1130	123000	124730	123000	124730	21	1130
LT934125.1	+	US8	PK_15_2h	1130	122979	122983	122979	6517.016655	4344.67777	122979	122981	3		5	2h	PK_15	2	1130	123000	124730	123000	124730	21	1130
LT934125.1	+	US8	PK_15_4h	1130	122978	122981	122979	5196.070471	3369.326946	122979	122981	3		4	4h	PK_15	4	1130	123000	124730	123000	124730	21	1130
LT934125.1	+	US8	PK_15_6h	1130	122978	122988	122979	4927.459093	2895.184639	122979	122981	3		11	6h	PK_15	6	1130	123000	124730	123000	124730	21	1130
LT934125.1	+	US8	PK_15_8h	1130	122978	122988	122979	7157.926131	3938.613766	122979	122982	4		11	8h	PK_15	8	1130	123000	124730	123000	124730	21	1130
LT934125.1	+	US9	C6_12h	1160	124754	124756	124756	7650.938184	7567.015645	124756	124756	1		3	12h	C6	12	1160	124788	125084	124788	125084	32	1160
LT934125.1	+	US9	C6_1h	1160	124756	124756	124756	1540.832049	1540.832049	124756	124756	1		1	1h	C6	1	1160	124788	125084	124788	125084	32	1160
LT934125.1	+	US9	C6_2h	1160	124756	124756	124756	2344.665885	2344.665885	124756	124756	1		1	2h	C6	2	1160	124788	125084	124788	125084	32	1160
LT934125.1	+	US9	C6_4h	1160	124756	124758	124756	9984.235418	9458.749343	124756	124756	1		3	4h	C6	4	1160	124788	125084	124788	125084	32	1160
LT934125.1	+	US9	C6_6h	1160	124756	124756	124756	6209.573092	6209.573092	124756	124756	1		1	6h	C6	6	1160	124788	125084	124788	125084	32	1160
LT934125.1	+	US9	C6_8h	1160	124756	124756	124756	5649.717514	5649.717514	124756	124756	1		1	8h	C6	8	1160	124788	125084	124788	125084	32	1160
LT934125.1	+	US9	NRK_1h	1160	124764	124764	124764	10101.010101	10101.010101	124764	124764	1		1	1h	NRK	1	1160	124788	125084	124788	125084	24	1160
LT934125.1	+	US9	NRK_2h	1160	124756	124756	124756	9708.737864	9708.737864	124756	124756	1		1	2h	NRK	2	1160	124788	125084	124788	125084	32	1160
LT934125.1	+	US9	PC_12_1.5h	1160	124756	124756	124756	8849.557522	8849.557522	124756	124756	1		1	1.5h	PC_12	1.5	1160	124788	125084	124788	125084	32	1160
LT934125.1	+	US9	PC_12_12h	1160	124754	124757	124756	7071.334475	6586.715993	124756	124756	1		4	12h	PC_12	12	1160	124788	125084	124788	125084	32	1160
LT934125.1	+	US9	PC_12_1h	1160	124756	124756	124756	2227.171492	2227.171492	124756	124756	1		1	1h	PC_12	1	1160	124788	125084	124788	125084	32	1160
LT934125.1	+	US9	PC_12_2.5h	1160	124756	124757	124756	7401.9245	6661.73205	124756	124756	1		2	2.5h	PC_12	2.5	1160	124788	125084	124788	125084	32	1160
LT934125.1	+	US9	PC_12_2h	1160	124756	124757	124756	2668.445631	2001.334223	124756	124757	2		2	2h	PC_12	2	1160	124788	125084	124788	125084	32	1160
LT934125.1	+	US9	PC_12_4h	1160	124754	124758	124756	2609.917688	2308.773339	124756	124756	1		5	4h	PC_12	4	1160	124788	125084	124788	125084	32	1160
LT934125.1	+	US9	PC_12_6h	1160	124754	124757	124756	4130.909866	3864.399552	124756	124756	1		4	6h	PC_12	6	1160	124788	125084	124788	125084	32	1160
LT934125.1	+	US9	PC_12_8h	1160	124754	124756	124756	6834.284281	6740.234497	124756	124756	1		3	8h	PC_12	8	1160	124788	125084	124788	125084	32	1160
LT934125.1	+	US9	PK_15_12h	1160	124736	124756	124756	11645.308925	11443.935927	124756	124756	1		21	12h	PK_15	12	1160	124788	125084	124788	125084	32	1160
LT934125.1	+	US9	PK_15_2h	1160	124756	124764	124756	6517.016656	4706.734251	124756	124761	6		9	2h	PK_15	2	1160	124788	125084	124788	125084	32	1160
LT934125.1	+	US9	PK_15_4h	1160	124754	124756	124756	4465.373062	4343.59016	124756	124756	1		3	4h	PK_15	4	1160	124788	125084	124788	125084	32	1160
LT934125.1	+	US9	PK_15_6h	1160	124736	124756	124756	6467.794094	6161.340011	124756	124756	1		21	6h	PK_15	6	1160	124788	125084	124788	125084	32	1160
LT934125.1	+	US9	PK_15_8h	1160	124736	124756	124756	9513.19962	9328.988285	124756	124756	1		21	8h	PK_15	8	1160	124788	125084	124788	125084	32	1160
LT934125.1	-	AZURE	C6_6h	2351	118930	118930	118930	86.244071	86.244071	118930	118930	1		1	6h	C6	6	2351	117251	118739	118739	117251	-191	2351
LT934125.1	-	AZURE	NRK_2h	2350	118739	118739	118739	3236.245955	3236.245955	118739	118739	1	AZURE	1	2h	NRK	2	2350	117251	118739	118739	117251	0	2350
LT934125.1	-	CTO-L	C6_12h	1885	65746	65753	65752	2909.314703	1566.554071	65749	65752	4	UL21	8	12h	C6	12	1885	63164	65752	65752	63164	0	1885
LT934125.1	-	CTO-L	C6_1h	1885	65744	65752	65752	6163.328197	3081.664099	65744	65752	9	UL21	9	1h	C6	1	1885	63164	65752	65752	63164	0	1885
LT934125.1	-	CTO-L	C6_4h	1885	65749	65752	65752	4729.374672	3152.916448	65749	65752	4	UL21	4	4h	C6	4	1885	63164	65752	65752	63164	0	1885
LT934125.1	-	CTO-L	C6_6h	1885	65746	65752	65752	3708.49504	2069.857697	65746	65752	7	UL21	7	6h	C6	6	1885	63164	65752	65752	63164	0	1885
LT934125.1	-	CTO-L	C6_8h	1885	65747	65756	65752	2421.307505	1388.216303	65749	65752	4	UL21	10	8h	C6	8	1885	63164	65752	65752	63164	0	1885
LT934125.1	-	CTO-L	PC_12_1.5h	1885	65752	65752	65752	2212.389381	2212.389381	65752	65752	1	UL21	1	1.5h	PC_12	1.5	1885	63164	65752	65752	63164	0	1885
LT934125.1	-	CTO-L	PC_12_12h	1885	65746	65753	65752	1897.520255	730.34053	65749	65752	4	UL21	8	12h	PC_12	12	1885	63164	65752	65752	63164	0	1885
LT934125.1	-	CTO-L	PC_12_1h	1885	65752	65752	65752	4454.342984	4454.342984	65752	65752	1	UL21	1	1h	PC_12	1	1885	63164	65752	65752	63164	0	1885
LT934125.1	-	CTO-L	PC_12_2.5h	1885	65752	65752	65752	2220.57735	2220.57735	65752	65752	1	UL21	1	2.5h	PC_12	2.5	1885	63164	65752	65752	63164	0	1885
LT934125.1	-	CTO-L	PC_12_2h	1885	65747	65752	65752	4669.779853	2668.44563	65747	65752	6	UL21	6	2h	PC_12	2	1885	63164	65752	65752	63164	0	1885
LT934125.1	-	CTO-L	PC_12_6h	1887	65876	65876	65876	26.651031	26.651031	65876	65876	1		1	6h	PC_12	6	1887	63164	65752	65752	63164	-124	1887
LT934125.1	-	CTO-L	PC_12_8h	1885	65747	65753	65752	2257.194808	877.797981	65749	65752	4	UL21	7	8h	PC_12	8	1885	63164	65752	65752	63164	0	1885
LT934125.1	-	CTO-L	PK_15_12h	1885	65746	65752	65752	1313.501144	498.855835	65749	65752	4	UL21	7	12h	PK_15	12	1885	63164	65752	65752	63164	0	1885
LT934125.1	-	CTO-L	PK_15_2h	1885	65744	65752	65752	1810.282404	1086.169442	65744	65752	9	UL21	9	2h	PK_15	2	1885	63164	65752	65752	63164	0	1885
LT934125.1	-	CTO-L	PK_15_6h	1887	65883	65883	65883	16.129162	16.129162	65883	65883	1		1	6h	PK_15	6	1887	63164	65752	65752	63164	-131	1887
LT934125.1	-	CTO-L	PK_15_8h	1885	65746	65753	65752	1618.42815	644.73967	65749	65752	4	UL21	8	8h	PK_15	8	1885	63164	65752	65752	63164	0	1885
LT934125.1	-	CTO-M	C6_12h	1857	64123	64127	64127	293.728888	125.883809	64123	64127	5	UL21	5	12h	C6	12	1857	63164	64127	64127	63164	0	1857
LT934125.1	-	CTO-M	C6_4h	1857	64127	64127	64127	525.486075	525.486075	64127	64127	1	UL21	1	4h	C6	4	1857	63164	64127	64127	63164	0	1857
LT934125.1	-	CTO-M	C6_6h	1857	64124	64127	64127	258.732212	172.488141	64124	64127	4	UL21	4	6h	C6	6	1857	63164	64127	64127	63164	0	1857
LT934125.1	-	CTO-M	C6_8h	1857	64123	64127	64127	387.4092	161.4205	64123	64127	5	UL21	5	8h	C6	8	1857	63164	64127	64127	63164	0	1857
LT934125.1	-	CTO-M	PC_12_12h	1857	64123	64129	64127	655.258793	238.896435	64123	64128	6	UL21	7	12h	PC_12	12	1857	63164	64127	64127	63164	0	1857
LT934125.1	-	CTO-M	PC_12_4h	1859	64221	64221	64221	100.38145	100.38145	64221	64221	1	UL21	1	4h	PC_12	4	1859	63164	64127	64127	63164	-94	1859
LT934125.1	-	CTO-M	PC_12_6h	1858	64189	64189	64189	26.651031	26.651031	64189	64189	1	UL21	1	6h	PC_12	6	1858	63164	64127	64127	63164	-62	1858
LT934125.1	-	CTO-M	PK_15_12h	1857	64123	64128	64127	551.487414	226.544622	64123	64127	5	UL21	6	12h	PK_15	12	1857	63164	64127	64127	63164	0	1857
LT934125.1	-	CTO-M	PK_15_8h	1857	64123	64128	64127	337.72078	135.965509	64123	64128	6	UL21	6	8h	PK_15	8	1857	63164	64127	64127	63164	0	1857
LT934125.1	-	CTO-S	C6_12h	1846	63417	63427	63420	62480.330655	56997.391408	63420	63420	1	UL21	11	12h	C6	12	1846	63164	63420	63420	63164	0	1846
LT934125.1	-	CTO-S	C6_1h	1846	63410	63420	63420	13867.488443	10785.824345	63410	63420	11	UL21	11	1h	C6	1	1846	63164	63420	63420	63164	0	1846
LT934125.1	-	CTO-S	C6_2h	1846	63416	63420	63420	56271.981244	48065.650645	63417	63420	4	UL21	5	2h	C6	2	1846	63164	63420	63420	63164	0	1846
LT934125.1	-	CTO-S	C6_4h	1846	63417	63420	63420	85654.230164	76195.48082	63419	63420	2	UL21	4	4h	C6	4	1846	63164	63420	63420	63164	0	1846
LT934125.1	-	CTO-S	C6_6h	1846	63417	63423	63420	150754.635619	136179.387667	63420	63420	1	UL21	7	6h	C6	6	1846	63164	63420	63420	63164	0	1846
LT934125.1	-	CTO-S	C6_8h	1846	63417	63438	63420	177594.834542	161323.648103	63420	63420	1	UL21	22	8h	C6	8	1846	63164	63420	63420	63164	0	1846
LT934125.1	-	CTO-S	NRK_1h	1846	63420	63420	63420	20202.020202	20202.020202	63420	63420	1	CTO-S	1	1h	NRK	1	1846	63164	63420	63420	63164	0	1846
LT934125.1	-	CTO-S	NRK_2h	1846	63420	63420	63420	12944.983819	12944.983819	63420	63420	1	UL21	1	2h	NRK	2	1846	63164	63420	63420	63164	0	1846
LT934125.1	-	CTO-S	PC_12_1.5h	1846	63420	63424	63420	22123.893806	19911.504425	63420	63424	5	UL21	5	1.5h	PC_12	1.5	1846	63164	63420	63420	63164	0	1846
LT934125.1	-	CTO-S	PC_12_12h	1846	63417	63430	63420	313684.670358	284532.479677	63420	63420	1	UL21	14	12h	PC_12	12	1846	63164	63420	63420	63164	0	1846
LT934125.1	-	CTO-S	PC_12_1h	1846	63417	63420	63420	22271.714922	17817.371938	63417	63420	4	UL21	4	1h	PC_12	1	1846	63164	63420	63420	63164	0	1846
LT934125.1	-	CTO-S	PC_12_2.5h	1846	63417	63427	63420	70318.282753	62176.165803	63419	63420	2	UL21	11	2.5h	PC_12	2.5	1846	63164	63420	63420	63164	0	1846
LT934125.1	-	CTO-S	PC_12_2h	1846	63417	63420	63420	29352.901934	25350.233489	63419	63420	2	UL21	4	2h	PC_12	2	1846	63164	63420	63420	63164	0	1846
LT934125.1	-	CTO-S	PC_12_4h	1846	63420	63430	63420	147861.875126	147460.349327	63420	63420	1	UL21	11	4h	PC_12	4	1846	63164	63420	63420	63164	0	1846
LT934125.1	-	CTO-S	PC_12_6h	1846	63420	63427	63420	176163.317521	175283.833484	63420	63420	1	UL21	8	6h	PC_12	6	1846	63164	63420	63420	63164	0	1846
LT934125.1	-	CTO-S	PC_12_8h	1846	63417	63438	63420	219167.345916	197786.695091	63420	63420	1	UL21	22	8h	PC_12	8	1846	63164	63420	63420	63164	0	1846
LT934125.1	-	CTO-S	PK_15_12h	1846	63417	63438	63420	347922.196798	314059.496568	63420	63420	1	UL21	22	12h	PK_15	12	1846	63164	63420	63420	63164	0	1846
LT934125.1	-	CTO-S	PK_15_2h	1846	63417	63420	63420	167270.094136	149891.383056	63419	63420	2	UL21	4	2h	PK_15	2	1846	63164	63420	63420	63164	0	1846
LT934125.1	-	CTO-S	PK_15_4h	1846	63417	63424	63420	152472.192903	133920.597548	63418	63420	3	UL21	8	4h	PK_15	4	1846	63164	63420	63420	63164	0	1846
LT934125.1	-	CTO-S	PK_15_6h	1846	63417	63430	63420	268679.586124	241260.010161	63420	63420	1	UL21	14	6h	PK_15	6	1846	63164	63420	63420	63164	0	1846
LT934125.1	-	CTO-S	PK_15_8h	1846	63417	63433	63420	235856.297615	212786.020991	63420	63420	1	UL21	17	8h	PK_15	8	1846	63164	63420	63420	63164	0	1846
LT934125.1	-	Ep0	C6_12h	2192	97358	97367	97361	2902.321159	2503.689095	97360	97361	2		10	12h	C6	12	2192	96114	97346	97346	96114	-15	2192
LT934125.1	-	Ep0	C6_2h	2192	97361	97361	97361	16412.661196	16412.661196	97361	97361	1		1	2h	C6	2	2192	96114	97346	97346	96114	-15	2192
LT934125.1	-	Ep0	C6_6h	2194	97535	97535	97535	86.244071	86.244071	97535	97535	1		1	6h	C6	6	2194	96114	97346	97346	96114	-189	2194
LT934125.1	-	Ep0	C6_8h	2194	97536	97542	97536	96.8523	32.2841	97536	97542	7		7	8h	C6	8	2194	96114	97346	97346	96114	-190	2194
LT934125.1	-	Ep0	PC_12_12h	2192	97358	97366	97361	996.539416	778.119817	97358	97361	4		9	12h	PC_12	12	2192	96114	97346	97346	96114	-15	2192
LT934125.1	-	Ep0	PC_12_2h	2192	97355	97368	97361	17344.896599	13342.228152	97358	97361	4		14	2h	PC_12	2	2192	96114	97346	97346	96114	-15	2192
LT934125.1	-	Ep0	PC_12_4h	2192	97361	97361	97361	3212.206384	3212.206384	97361	97361	1		1	4h	PC_12	4	2192	96114	97346	97346	96114	-15	2192
LT934125.1	-	Ep0	PC_12_6h	2192	97358	97368	97361	3171.472736	2611.801077	97359	97361	3		11	6h	PC_12	6	2192	96114	97346	97346	96114	-15	2192
LT934125.1	-	Ep0	PC_12_8h	2192	97358	97367	97361	2664.743872	2069.095241	97359	97361	3		10	8h	PC_12	8	2192	96114	97346	97346	96114	-15	2192
LT934125.1	-	Ep0	PK_15_12h	2192	97358	97361	97361	574.37071	514.874142	97360	97361	2		4	12h	PK_15	12	2192	96114	97346	97346	96114	-15	2192
LT934125.1	-	Ep0	PK_15_1h	2192	97361	97361	97361	17543.859649	17543.859649	97361	97361	1		1	1h	PK_15	1	2192	96114	97346	97346	96114	-15	2192
LT934125.1	-	Ep0	PK_15_4h	2192	97358	97368	97361	12300.07307	8971.340424	97358	97361	4		11	4h	PK_15	4	2192	96114	97346	97346	96114	-15	2192
LT934125.1	-	Ep0	PK_15_6h	2192	97358	97367	97361	4298.421759	3435.511577	97359	97361	3		10	6h	PK_15	6	2192	96114	97346	97346	96114	-15	2192
LT934125.1	-	Ep0	PK_15_8h	2192	97361	97368	97361	3298.260079	3074.574888	97361	97361	1		8	8h	PK_15	8	2192	96114	97346	97346	96114	-15	2192
LT934125.1	-	IE180	C6_12h	2288	107366	107379	107369	1391.715448	972.102749	107366	107372	7		14	12h	C6	12	2288	102945	107297	107297	102945	-72	2288
LT934125.1	-	IE180	C6_2h	2288	107369	107369	107369	1172.332943	1172.332943	107369	107369	1		1	2h	C6	2	2288	102945	107297	107297	102945	-72	2288
LT934125.1	-	IE180	C6_6h	2288	107366	107379	107369	689.952566	258.732212	107366	107379	14		14	6h	C6	6	2288	102945	107297	107297	102945	-72	2288
LT934125.1	-	IE180	C6_8h	2288	107365	107372	107369	419.693301	258.272801	107366	107369	4		8	8h	C6	8	2288	102945	107297	107297	102945	-72	2288
LT934125.1	-	IE180	NRK_2h	2288	107369	107369	107369	3236.245955	3236.245955	107369	107369	1		1	2h	NRK	2	2288	102945	107297	107297	102945	-72	2288
LT934125.1	-	IE180	PC_12_12h	2288	107366	107378	107369	518.746544	389.059908	107369	107378	10		13	12h	PC_12	12	2288	102945	107297	107297	102945	-72	2288
LT934125.1	-	IE180	PC_12_1h	2290	107537	107537	107537	2227.171492	2227.171492	107537	107537	1		1	1h	PC_12	1	2290	102945	107297	107297	102945	-240	2290
LT934125.1	-	IE180	PC_12_2.5h	2288	107369	107369	107369	740.19245	740.19245	107369	107369	1		1	2.5h	PC_12	2.5	2288	102945	107297	107297	102945	-72	2288
LT934125.1	-	IE180	PC_12_2h	2288	107366	107369	107366	2001.334224	667.111408	107366	107369	4		4	2h	PC_12	2	2288	102945	107297	107297	102945	-69	2288
LT934125.1	-	IE180	PC_12_4h	2288	107369	107378	107369	702.670147	602.288697	107369	107378	10		10	4h	PC_12	4	2288	102945	107297	107297	102945	-72	2288
LT934125.1	-	IE180	PC_12_6h	2288	107366	107378	107369	533.020628	373.11444	107366	107372	7		13	6h	PC_12	6	2288	102945	107297	107297	102945	-72	2288
LT934125.1	-	IE180	PC_12_8h	2288	107362	107395	107369	721.048343	344.849207	107366	107382	17		34	8h	PC_12	8	2288	102945	107297	107297	102945	-72	2288
LT934125.1	-	IE180	PK_15_12h	2288	107366	107378	107369	121.281465	86.956522	107366	107378	13		13	12h	PK_15	12	2288	102945	107297	107297	102945	-72	2288
LT934125.1	-	IE180	PK_15_1h	2289	107411	107411	107411	2923.976608	2923.976608	107411	107411	1		1	1h	PK_15	1	2289	102945	107297	107297	102945	-114	2289
LT934125.1	-	IE180	PK_15_4h	2288	107365	107378	107369	3491.10985	1948.526427	107366	107376	11		14	4h	PK_15	4	2288	102945	107297	107297	102945	-72	2288
LT934125.1	-	IE180	PK_15_6h	2288	107366	107382	107369	1806.466181	1193.558013	107366	107378	13		17	6h	PK_15	6	2288	102945	107297	107297	102945	-72	2288
LT934125.1	-	IE180	PK_15_8h	2288	107366	107382	107369	1179.829737	745.617305	107367	107378	12		17	8h	PK_15	8	2288	102945	107297	107297	102945	-72	2288
LT934125.1	-	NOIR_2	C6_12h	2489	136232	136244	136235	762.296402	349.677248	136233	136235	3	NOIR_2	13	12h	C6	12	2489	134888	136235	136235	134888	0	2489
LT934125.1	-	NOIR_2	C6_4h	2490	136290	136297	136290	1050.97215	525.486075	136290	136297	8		8	4h	C6	4	2490	134888	136235	136235	134888	-55	2490
LT934125.1	-	NOIR_2	C6_8h	2489	136232	136247	136235	1355.932203	807.102502	136234	136235	2	NOIR_2	16	8h	C6	8	2489	134888	136235	136235	134888	0	2489
LT934125.1	-	NOIR_2	PC_12_12h	2489	136232	136244	136235	1208.133401	423.187971	136232	136241	10	NOIR_2	13	12h	PC_12	12	2489	134888	136235	136235	134888	0	2489
LT934125.1	-	NOIR_2	PC_12_1h	2489	136238	136238	136238	2227.171492	2227.171492	136238	136238	1		1	1h	PC_12	1	2489	134888	136235	136235	134888	-3	2489
LT934125.1	-	NOIR_2	PC_12_2.5h	2489	136235	136235	136235	2220.57735	2220.57735	136235	136235	1	NOIR_2	1	2.5h	PC_12	2.5	2489	134888	136235	136235	134888	0	2489
LT934125.1	-	NOIR_2	PC_12_4h	2490	136280	136297	136297	501.907249	200.762899	136280	136297	18		18	4h	PC_12	4	2490	134888	136235	136235	134888	-62	2490
LT934125.1	-	NOIR_2	PC_12_6h	2490	136285	136305	136295	319.812376	106.604126	136291	136297	7		21	6h	PC_12	6	2490	134888	136235	136235	134888	-60	2490
LT934125.1	-	NOIR_2	PC_12_8h	2489	136232	136244	136235	1598.846323	877.797981	136233	136238	6	NOIR_2	13	8h	PC_12	8	2489	134888	136235	136235	134888	0	2489
LT934125.1	-	NOIR_2	PK_15_12h	2489	136232	136244	136235	1011.441648	405.034325	136232	136235	4	NOIR_2	13	12h	PK_15	12	2489	134888	136235	136235	134888	0	2489
LT934125.1	-	NOIR_2	PK_15_2h	2489	136235	136235	136235	1810.282404	1810.282404	136235	136235	1	NOIR_2	1	2h	PK_15	2	2489	134888	136235	136235	134888	0	2489
LT934125.1	-	NOIR_2	PK_15_4h	2489	136232	136241	136235	2354.469434	933.668913	136232	136238	7	NOIR_2	10	4h	PK_15	4	2489	134888	136235	136235	134888	0	2489
LT934125.1	-	NOIR_2	PK_15_6h	2489	136232	136245	136235	2467.761836	1201.622594	136233	136235	3	NOIR_2	14	6h	PK_15	6	2489	134888	136235	136235	134888	0	2489
LT934125.1	-	NOIR_2	PK_15_8h	2489	136232	136244	136235	2539.484822	1368.427055	136232	136235	4	NOIR_2	13	8h	PK_15	8	2489	134888	136235	136235	134888	0	2489
LT934125.1	-	UL1	C6_12h	2161	94943	94949	94947	2727.482534	1811.328144	94943	94947	5		7	12h	C6	12	2161	94461	94931	94931	94461	-16	2161
LT934125.1	-	UL1	C6_2h	2161	94943	94947	94947	4689.331771	2344.665885	94943	94947	5		5	2h	C6	2	2161	94461	94931	94931	94461	-16	2161
LT934125.1	-	UL1	C6_4h	2161	94943	94947	94947	2627.430374	1576.458224	94943	94947	5		5	4h	C6	4	2161	94461	94931	94931	94461	-16	2161
LT934125.1	-	UL1	C6_6h	2161	94943	94950	94947	2759.810263	1724.881414	94943	94948	6		8	6h	C6	6	2161	94461	94931	94931	94461	-16	2161
LT934125.1	-	UL1	C6_8h	2161	94943	94949	94947	2292.171105	1517.352704	94943	94947	5		7	8h	C6	8	2161	94461	94931	94931	94461	-16	2161
LT934125.1	-	UL1	NRK_2h	2161	94947	94947	94947	3236.245955	3236.245955	94947	94947	1		1	2h	NRK	2	2161	94461	94931	94931	94461	-16	2161
LT934125.1	-	UL1	PC_12_12h	2161	94943	94949	94947	2962.315795	2177.370365	94943	94947	5		7	12h	PC_12	12	2161	94461	94931	94931	94461	-16	2161
LT934125.1	-	UL1	PC_12_1h	2161	94947	94947	94947	2227.171492	2227.171492	94947	94947	1		1	1h	PC_12	1	2161	94461	94931	94931	94461	-16	2161
LT934125.1	-	UL1	PC_12_2.5h	2161	94947	94947	94947	2960.7698	2960.7698	94947	94947	1		1	2.5h	PC_12	2.5	2161	94461	94931	94931	94461	-16	2161
LT934125.1	-	UL1	PC_12_2h	2161	94941	94947	94941	3335.557038	1334.222815	94941	94947	7		7	2h	PC_12	2	2161	94461	94931	94931	94461	-10	2161
LT934125.1	-	UL1	PC_12_4h	2161	94941	94948	94947	4015.25798	2409.154788	94943	94947	5		8	4h	PC_12	4	2161	94461	94931	94931	94461	-16	2161
LT934125.1	-	UL1	PC_12_6h	2161	94943	94950	94947	4717.232556	3597.889238	94943	94947	5		8	6h	PC_12	6	2161	94461	94931	94931	94461	-16	2161
LT934125.1	-	UL1	PC_12_8h	2161	94943	94949	94947	2884.193367	2131.795097	94943	94947	5		7	8h	PC_12	8	2161	94461	94931	94931	94461	-16	2161
LT934125.1	-	UL1	PK_15_12h	2161	94943	94948	94947	1375.286042	1057.208238	94943	94947	5		6	12h	PK_15	12	2161	94461	94931	94931	94461	-16	2161
LT934125.1	-	UL1	PK_15_1h	2161	94947	94947	94947	2923.976608	2923.976608	94947	94947	1		1	1h	PK_15	1	2161	94461	94931	94931	94461	-16	2161
LT934125.1	-	UL1	PK_15_2h	2161	94945	94947	94947	1448.225923	1086.169442	94945	94947	3		3	2h	PK_15	2	2161	94461	94931	94931	94461	-16	2161
LT934125.1	-	UL1	PK_15_4h	2161	94941	94948	94947	2313.875133	1501.989121	94943	94947	5		8	4h	PK_15	4	2161	94461	94931	94931	94461	-16	2161
LT934125.1	-	UL1	PK_15_6h	2161	94943	94949	94947	2233.888982	1516.141259	94943	94947	5		7	6h	PK_15	6	2161	94461	94931	94931	94461	-16	2161
LT934125.1	-	UL1	PK_15_8h	2161	94943	94949	94947	2991.24119	2206.150027	94943	94947	5		7	8h	PK_15	8	2161	94461	94931	94931	94461	-16	2161
LT934125.1	-	UL10	C6_1h	2019	81579	81579	81579	1540.832049	1540.832049	81579	81579	1		1	1h	C6	1	2019	80370	81551	81551	80370	-28	2019
LT934125.1	-	UL10	C6_6h	2020	81645	81649	81645	172.488142	86.244071	81645	81649	5		5	6h	C6	6	2020	80370	81551	81551	80370	-94	2020
LT934125.1	-	UL10	C6_8h	2020	81653	81653	81653	32.2841	32.2841	81653	81653	1		1	8h	C6	8	2020	80370	81551	81551	80370	-102	2020
LT934125.1	-	UL10	PC_12_2h	2019	81552	81552	81552	667.111408	667.111408	81552	81552	1		1	2h	PC_12	2	2019	80370	81551	81551	80370	-1	2019
LT934125.1	-	UL10	PC_12_4h	2022	81734	81734	81734	100.38145	100.38145	81734	81734	1		1	4h	PC_12	4	2022	80370	81551	81551	80370	-183	2022
LT934125.1	-	UL10	PC_12_6h	2022	81728	81728	81728	26.651031	26.651031	81728	81728	1		1	6h	PC_12	6	2022	80370	81551	81551	80370	-177	2022
LT934125.1	-	UL10	PC_12_8h	2022	81754	81754	81754	62.699856	62.699856	81754	81754	1		1	8h	PC_12	8	2022	80370	81551	81551	80370	-203	2022
LT934125.1	-	UL10	PK_15_4h	2021	81687	81687	81687	40.594301	40.594301	81687	81687	1		1	4h	PK_15	4	2021	80370	81551	81551	80370	-136	2021
LT934125.1	-	UL15	C6_12h	1989	76860	76864	76860	377.651428	279.741798	76860	76864	5		5	12h	C6	12	1989	71647	76754	76754	71647	-106	1989
LT934125.1	-	UL15	C6_4h	1990	76970	76970	76970	525.486075	525.486075	76970	76970	1		1	4h	C6	4	1990	71647	76754	76754	71647	-216	1990
LT934125.1	-	UL15	C6_6h	1989	76860	76860	76860	172.488141	172.488141	76860	76860	1		1	6h	C6	6	1989	71647	76754	76754	71647	-106	1989
LT934125.1	-	UL15	PC_12_1.5h	1989	76863	76863	76863	2212.389381	2212.389381	76863	76863	1		1	1.5h	PC_12	1.5	1989	71647	76754	76754	71647	-109	1989
LT934125.1	-	UL15	PC_12_12h	1989	76860	76863	76860	122.861024	88.732962	76860	76863	4		4	12h	PC_12	12	1989	71647	76754	76754	71647	-106	1989
LT934125.1	-	UL15	PC_12_4h	1989	76860	76863	76860	501.907248	401.525798	76860	76863	4		4	4h	PC_12	4	1989	71647	76754	76754	71647	-106	1989
LT934125.1	-	UL15	PC_12_6h	1989	76860	76866	76860	373.114439	213.208251	76860	76866	7		7	6h	PC_12	6	1989	71647	76754	76754	71647	-106	1989
LT934125.1	-	UL15	PC_12_8h	1989	76860	76865	76860	344.849207	282.149351	76860	76864	5		6	8h	PC_12	8	1989	71647	76754	76754	71647	-106	1989
LT934125.1	-	UL15	PK_15_12h	1989	76860	76863	76860	75.514874	52.631579	76860	76863	4		4	12h	PK_15	12	1989	71647	76754	76754	71647	-106	1989
LT934125.1	-	UL15	PK_15_2h	1989	76860	76860	76860	362.056481	362.056481	76860	76860	1		1	2h	PK_15	2	1989	71647	76754	76754	71647	-106	1989
LT934125.1	-	UL15	PK_15_4h	1989	76860	76867	76860	365.348706	284.160104	76860	76867	8		8	4h	PK_15	4	1989	71647	76754	76754	71647	-106	1989
LT934125.1	-	UL15	PK_15_6h	1989	76860	76865	76865	161.291624	80.645812	76860	76865	6		6	6h	PK_15	6	1989	71647	76754	76754	71647	-111	1989
LT934125.1	-	UL15	PK_15_8h	1989	76860	76866	76860	368.422668	171.053382	76860	76865	6		7	8h	PK_15	8	1989	71647	76754	76754	71647	-106	1989
LT934125.1	-	UL2	C6_12h	2152	94523	94529	94526	2181.986028	1489.625076	94526	94529	4	UL1	7	12h	C6	12	2152	93521	94483	94483	93521	-43	2152
LT934125.1	-	UL2	C6_1h	2152	94526	94529	94529	4622.496148	3081.664099	94526	94529	4	UL1	4	1h	C6	1	2152	93521	94483	94483	93521	-46	2152
LT934125.1	-	UL2	C6_4h	2152	94526	94529	94526	2627.430373	1576.458224	94526	94529	4	UL1	4	4h	C6	4	2152	93521	94483	94483	93521	-43	2152
LT934125.1	-	UL2	C6_6h	2152	94519	94529	94526	2069.857698	1207.41699	94523	94529	7	UL1	11	6h	C6	6	2152	93521	94483	94483	93521	-43	2152
LT934125.1	-	UL2	C6_8h	2152	94523	94536	94526	2227.602905	1259.079903	94526	94529	4	UL1	14	8h	C6	8	2152	93521	94483	94483	93521	-43	2152
LT934125.1	-	UL2	PC_12_12h	2152	94526	94529	94526	273.024497	238.896435	94526	94529	4	UL1	4	12h	PC_12	12	2152	93521	94483	94483	93521	-43	2152
LT934125.1	-	UL2	PC_12_1h	2152	94526	94526	94526	2227.171492	2227.171492	94526	94526	1	UL1	1	1h	PC_12	1	2152	93521	94483	94483	93521	-43	2152
LT934125.1	-	UL2	PC_12_2.5h	2152	94526	94526	94526	1480.3849	1480.3849	94526	94526	1	UL1	1	2.5h	PC_12	2.5	2152	93521	94483	94483	93521	-43	2152
LT934125.1	-	UL2	PC_12_2h	2152	94526	94526	94526	1334.222815	1334.222815	94526	94526	1	UL1	1	2h	PC_12	2	2152	93521	94483	94483	93521	-43	2152
LT934125.1	-	UL2	PC_12_4h	2152	94526	94529	94526	602.288698	301.144349	94526	94529	4	UL1	4	4h	PC_12	4	2152	93521	94483	94483	93521	-43	2152
LT934125.1	-	UL2	PC_12_6h	2152	94526	94536	94526	772.879911	506.369597	94526	94529	4	UL1	11	6h	PC_12	6	2152	93521	94483	94483	93521	-43	2152
LT934125.1	-	UL2	PC_12_8h	2152	94526	94529	94529	595.64863	282.149351	94526	94529	4	UL1	4	8h	PC_12	8	2152	93521	94483	94483	93521	-46	2152
LT934125.1	-	UL2	PK_15_12h	2152	94526	94529	94526	77.803203	54.919908	94526	94529	4	UL1	4	12h	PK_15	12	2152	93521	94483	94483	93521	-43	2152
LT934125.1	-	UL2	PK_15_2h	2152	94526	94529	94526	724.112962	362.056481	94526	94529	4	UL1	4	2h	PK_15	2	2152	93521	94483	94483	93521	-43	2152
LT934125.1	-	UL2	PK_15_4h	2152	94525	94529	94526	974.263214	568.320208	94526	94529	4	UL1	5	4h	PK_15	4	2152	93521	94483	94483	93521	-43	2152
LT934125.1	-	UL2	PK_15_6h	2152	94526	94529	94526	548.391519	370.970734	94526	94529	4	UL1	4	6h	PK_15	6	2152	93521	94483	94483	93521	-43	2152
LT934125.1	-	UL2	PK_15_8h	2152	94526	94529	94526	535.090066	416.668494	94526	94529	4	UL1	4	8h	PK_15	8	2152	93521	94483	94483	93521	-43	2152
LT934125.1	-	UL21	C6_2h	1885	65750	65751	65750	2344.665886	1172.332943	65750	65751	2	UL21	2	2h	C6	2	1885	64143	65720	65720	64143	-30	1885
LT934125.1	-	UL21	PC_12_4h	1885	65744	65753	65750	3212.206386	1304.958844	65749	65752	4	UL21	10	4h	PC_12	4	1885	64143	65720	65720	64143	-30	1885
LT934125.1	-	UL21	PC_12_6h	1885	65746	65752	65750	3011.566548	1385.853633	65749	65752	4	UL21	7	6h	PC_12	6	1885	64143	65720	65720	64143	-30	1885
LT934125.1	-	UL21	PK_15_4h	1885	65746	65752	65750	1299.017618	446.537306	65747	65752	6	UL21	7	4h	PK_15	4	1885	64143	65720	65720	64143	-30	1885
LT934125.1	-	UL21	PK_15_6h	1885	65746	65753	65750	1943.564061	709.683143	65748	65752	5	UL21	8	6h	PK_15	6	1885	64143	65720	65720	64143	-30	1885
LT934125.1	-	UL24	C6_12h	1820	59276	59281	59277	1195.896189	874.19312	59276	59277	2		6	12h	C6	12	1820	58648	59163	59163	58648	-114	1820
LT934125.1	-	UL24	C6_4h	1820	59277	59277	59277	525.486075	525.486075	59277	59277	1		1	4h	C6	4	1820	58648	59163	59163	58648	-114	1820
LT934125.1	-	UL24	C6_6h	1820	59277	59277	59277	344.976283	344.976283	59277	59277	1		1	6h	C6	6	1820	58648	59163	59163	58648	-114	1820
LT934125.1	-	UL24	PC_12_12h	1820	59276	59281	59277	723.514917	559.700219	59276	59277	2		6	12h	PC_12	12	1820	58648	59163	59163	58648	-114	1820
LT934125.1	-	UL24	PC_12_4h	1820	59277	59281	59277	401.525799	301.144349	59277	59281	5		5	4h	PC_12	4	1820	58648	59163	59163	58648	-114	1820
LT934125.1	-	UL24	PC_12_6h	1820	59276	59281	59277	453.067534	346.463408	59276	59281	6		6	6h	PC_12	6	1820	58648	59163	59163	58648	-114	1820
LT934125.1	-	UL24	PC_12_8h	1820	59274	59281	59277	470.248919	282.149351	59276	59279	4		8	8h	PC_12	8	1820	58648	59163	59163	58648	-114	1820
LT934125.1	-	UL24	PK_15_12h	1820	59276	59281	59277	279.176201	201.372998	59276	59277	2		6	12h	PK_15	12	1820	58648	59163	59163	58648	-114	1820
LT934125.1	-	UL24	PK_15_4h	1820	59276	59281	59277	771.291711	527.725907	59276	59277	2		6	4h	PK_15	4	1820	58648	59163	59163	58648	-114	1820
LT934125.1	-	UL24	PK_15_6h	1820	59276	59281	59277	717.747724	516.133195	59276	59279	4		6	6h	PK_15	6	1820	58648	59163	59163	58648	-114	1820
LT934125.1	-	UL24	PK_15_8h	1820	59276	59281	59277	675.441559	500.002193	59276	59279	4		6	8h	PK_15	8	1820	58648	59163	59163	58648	-114	1820
LT934125.1	-	UL25	C6_12h	1812	58570	58575	58570	1426.683171	1125.960738	58570	58572	3		6	12h	C6	12	1812	56951	58555	58555	56951	-15	1812
LT934125.1	-	UL25	C6_4h	1812	58570	58571	58570	1050.97215	525.486075	58570	58571	2		2	4h	C6	4	1812	56951	58555	58555	56951	-15	1812
LT934125.1	-	UL25	C6_6h	1812	58565	58572	58570	1466.149202	1121.172919	58567	58572	6		8	6h	C6	6	1812	56951	58555	58555	56951	-15	1812
LT934125.1	-	UL25	C6_8h	1812	58564	58575	58570	613.397901	484.261501	58570	58572	3		12	8h	C6	8	1812	56951	58555	58555	56951	-15	1812
LT934125.1	-	UL25	PC_12_12h	1812	58570	58575	58570	580.177057	443.664808	58570	58572	3		6	12h	PC_12	12	1812	56951	58555	58555	56951	-15	1812
LT934125.1	-	UL25	PC_12_4h	1812	58570	58572	58570	401.525799	301.144349	58570	58572	3		3	4h	PC_12	4	1812	56951	58555	58555	56951	-15	1812
LT934125.1	-	UL25	PC_12_6h	1812	58570	58572	58570	373.11444	239.859283	58570	58571	2		3	6h	PC_12	6	1812	56951	58555	58555	56951	-15	1812
LT934125.1	-	UL25	PC_12_8h	1812	58564	58573	58570	815.098126	564.298702	58570	58572	3		10	8h	PC_12	8	1812	56951	58555	58555	56951	-15	1812
LT934125.1	-	UL25	PK_15_12h	1812	58570	58575	58570	475.972541	338.672769	58570	58572	3		6	12h	PK_15	12	1812	56951	58555	58555	56951	-15	1812
LT934125.1	-	UL25	PK_15_2h	1812	58570	58570	58570	362.056481	362.056481	58570	58570	1		1	2h	PK_15	2	1812	56951	58555	58555	56951	-15	1812
LT934125.1	-	UL25	PK_15_4h	1812	58570	58571	58570	81.188602	40.594301	58570	58571	2		2	4h	PK_15	4	1812	56951	58555	58555	56951	-15	1812
LT934125.1	-	UL25	PK_15_6h	1812	58570	58575	58570	508.068613	387.099896	58570	58572	3		6	6h	PK_15	6	1812	56951	58555	58555	56951	-15	1812
LT934125.1	-	UL25	PK_15_8h	1812	58570	58575	58570	745.617306	491.230225	58570	58572	3		6	8h	PK_15	8	1812	56951	58555	58555	56951	-15	1812
LT934125.1	-	UL26	C6_12h	1789	56944	56950	56946	7832.770353	6727.79025	56945	56946	2		7	12h	C6	12	1789	55343	56917	56917	55343	-29	1789
LT934125.1	-	UL26	C6_1h	1789	56948	56948	56948	1540.832049	1540.832049	56948	56948	1		1	1h	C6	1	1789	55343	56917	56917	55343	-31	1789
LT934125.1	-	UL26	C6_2h	1789	56946	56946	56946	2344.665885	2344.665885	56946	56946	1		1	2h	C6	2	1789	55343	56917	56917	55343	-29	1789
LT934125.1	-	UL26	C6_4h	1789	56946	56947	56946	4729.374672	4203.888597	56946	56947	2		2	4h	C6	4	1789	55343	56917	56917	55343	-29	1789
LT934125.1	-	UL26	C6_6h	1789	56944	56950	56946	4743.42389	3708.495041	56944	56946	3		7	6h	C6	6	1789	55343	56917	56917	55343	-29	1789
LT934125.1	-	UL26	C6_8h	1789	56944	56947	56946	3131.557708	2744.148507	56946	56946	1		4	8h	C6	8	1789	55343	56917	56917	55343	-29	1789
LT934125.1	-	UL26	PC_12_12h	1789	56944	56950	56946	3242.165904	2798.501096	56946	56946	1		7	12h	PC_12	12	1789	55343	56917	56917	55343	-29	1789
LT934125.1	-	UL26	PC_12_1h	1789	56942	56942	56942	2227.171492	2227.171492	56942	56942	1		1	1h	PC_12	1	1789	55343	56917	56917	55343	-25	1789
LT934125.1	-	UL26	PC_12_2.5h	1789	56946	56946	56946	740.19245	740.19245	56946	56946	1		1	2.5h	PC_12	2.5	1789	55343	56917	56917	55343	-29	1789
LT934125.1	-	UL26	PC_12_2h	1789	56946	56946	56946	2001.334223	2001.334223	56946	56946	1		1	2h	PC_12	2	1789	55343	56917	56917	55343	-29	1789
LT934125.1	-	UL26	PC_12_4h	1789	56946	56948	56946	5420.598274	5119.453925	56946	56946	1		3	4h	PC_12	4	1789	55343	56917	56917	55343	-29	1789
LT934125.1	-	UL26	PC_12_6h	1789	56944	56955	56946	4983.742869	4317.467086	56946	56946	1		12	6h	PC_12	6	1789	55343	56917	56917	55343	-29	1789
LT934125.1	-	UL26	PC_12_8h	1789	56944	56950	56946	3887.391059	3197.692645	56946	56946	1		7	8h	PC_12	8	1789	55343	56917	56917	55343	-29	1789
LT934125.1	-	UL26	PK_15_12h	1789	56944	56950	56946	4691.075514	4151.029748	56946	56946	1		7	12h	PK_15	12	1789	55343	56917	56917	55343	-29	1789
LT934125.1	-	UL26	PK_15_2h	1789	56946	56946	56946	1448.225923	1448.225923	56946	56946	1		1	2h	PK_15	2	1789	55343	56917	56917	55343	-29	1789
LT934125.1	-	UL26	PK_15_4h	1789	56943	56948	56946	2354.469434	1867.337826	56944	56946	3		6	4h	PK_15	4	1789	55343	56917	56917	55343	-29	1789
LT934125.1	-	UL26	PK_15_6h	1789	56946	56950	56946	2677.440948	2435.503512	56946	56946	1		5	6h	PK_15	6	1789	55343	56917	56917	55343	-29	1789
LT934125.1	-	UL26	PK_15_8h	1789	56944	56950	56946	4039.491401	3469.313462	56946	56946	1		7	8h	PK_15	8	1789	55343	56917	56917	55343	-29	1789
LT934125.1	-	UL26.5	C6_12h	1779	56185	56194	56188	70362.05582	51584.38761	56187	56189	3	UL26	10	12h	C6	12	1779	55343	56179	56179	55343	-9	1779
LT934125.1	-	UL26.5	C6_1h	1779	56185	56194	56188	67796.610169	41602.465331	56187	56190	4	UL26	10	1h	C6	1	1779	55343	56179	56179	55343	-9	1779
LT934125.1	-	UL26.5	C6_2h	1779	56185	56194	56188	69167.643611	44548.651817	56187	56189	3	UL26	10	2h	C6	2	1779	55343	56179	56179	55343	-9	1779
LT934125.1	-	UL26.5	C6_4h	1779	56185	56194	56188	42038.885969	27850.761955	56187	56189	3	UL26	10	4h	C6	4	1779	55343	56179	56179	55343	-9	1779
LT934125.1	-	UL26.5	C6_6h	1779	56185	56194	56188	38896.075895	27598.10263	56187	56189	3	UL26	10	6h	C6	6	1779	55343	56179	56179	55343	-9	1779
LT934125.1	-	UL26.5	C6_8h	1779	56185	56194	56188	43228.410006	30476.190476	56187	56189	3	UL26	10	8h	C6	8	1779	55343	56179	56179	55343	-9	1779
LT934125.1	-	UL26.5	NRK_1h	1779	56188	56188	56188	30303.030303	30303.030303	56188	56188	1	UL26	1	1h	NRK	1	1779	55343	56179	56179	55343	-9	1779
LT934125.1	-	UL26.5	NRK_2h	1779	56182	56194	56194	32362.459547	12944.983819	56182	56194	13	UL26	13	2h	NRK	2	1779	55343	56179	56179	55343	-15	1779
LT934125.1	-	UL26.5	PC_12_0.5h	1779	56188	56194	56188	161290.32258	96774.193548	56188	56194	7	UL26	7	0.5h	PC_12	0.5	1779	55343	56179	56179	55343	-9	1779
LT934125.1	-	UL26.5	PC_12_1.5h	1779	56185	56194	56188	30973.451329	15486.725664	56186	56194	9	UL26	10	1.5h	PC_12	1.5	1779	55343	56179	56179	55343	-9	1779
LT934125.1	-	UL26.5	PC_12_12h	1779	56185	56194	56188	28626.618524	18224.385183	56187	56190	4	UL26	10	12h	PC_12	12	1779	55343	56179	56179	55343	-9	1779
LT934125.1	-	UL26.5	PC_12_1h	1779	56188	56191	56188	22271.714922	13363.028953	56188	56189	2	UL26	4	1h	PC_12	1	1779	55343	56179	56179	55343	-9	1779
LT934125.1	-	UL26.5	PC_12_2.5h	1779	56185	56194	56188	34789.045151	19985.196151	56185	56194	10	UL26	10	2.5h	PC_12	2.5	1779	55343	56179	56179	55343	-9	1779
LT934125.1	-	UL26.5	PC_12_2h	1779	56185	56194	56188	38025.350235	22014.676451	56186	56190	5	UL26	10	2h	PC_12	2	1779	55343	56179	56179	55343	-9	1779
LT934125.1	-	UL26.5	PC_12_4h	1779	56185	56194	56188	23991.166434	14756.073078	56187	56190	4	UL26	10	4h	PC_12	4	1779	55343	56179	56179	55343	-9	1779
LT934125.1	-	UL26.5	PC_12_6h	1779	56185	56195	56188	26624.380365	16390.384308	56187	56190	4	UL26	11	6h	PC_12	6	1779	55343	56179	56179	55343	-9	1779
LT934125.1	-	UL26.5	PC_12_8h	1779	56185	56195	56188	28841.933665	17744.059189	56187	56190	4	UL26	11	8h	PC_12	8	1779	55343	56179	56179	55343	-9	1779
LT934125.1	-	UL26.5	PK_15_12h	1779	56185	56194	56188	40439.359267	25837.528604	56187	56189	3	UL26	10	12h	PK_15	12	1779	55343	56179	56179	55343	-9	1779
LT934125.1	-	UL26.5	PK_15_1h	1779	56188	56189	56188	5847.953216	2923.976608	56188	56189	2	UL26	2	1h	PK_15	1	1779	55343	56179	56179	55343	-9	1779
LT934125.1	-	UL26.5	PK_15_2h	1779	56185	56195	56188	30774.800868	16292.541636	56187	56194	8	UL26	11	2h	PK_15	2	1779	55343	56179	56179	55343	-9	1779
LT934125.1	-	UL26.5	PK_15_4h	1779	56185	56194	56188	28578.387595	16359.503126	56187	56190	4	UL26	10	4h	PK_15	4	1779	55343	56179	56179	55343	-9	1779
LT934125.1	-	UL26.5	PK_15_6h	1779	56185	56194	56188	27467.963449	16000.129033	56187	56190	4	UL26	10	6h	PK_15	6	1779	55343	56179	56179	55343	-9	1779
LT934125.1	-	UL26.5	PK_15_8h	1779	56185	56200	56188	34693.13462	21324.654933	56187	56190	4	UL26	16	8h	PK_15	8	1779	55343	56179	56179	55343	-9	1779
LT934125.1	-	UL27	C6_12h	1457	19470	19474	19471	6063.403479	3007.224332	19470	19473	4	UL28	5	12h	C6	12	1457	16625	19375	19375	16625	-96	1457
LT934125.1	-	UL27	C6_1h	1457	19467	19473	19471	10785.824345	4622.496148	19467	19473	7	UL28	7	1h	C6	1	1457	16625	19375	19375	16625	-96	1457
LT934125.1	-	UL27	C6_2h	1457	19470	19473	19473	3516.998828	2344.665885	19470	19473	4	UL28	4	2h	C6	2	1457	16625	19375	19375	16625	-98	1457
LT934125.1	-	UL27	C6_4h	1457	19470	19473	19471	14188.124015	9984.235418	19471	19473	3	UL28	4	4h	C6	4	1457	16625	19375	19375	16625	-96	1457
LT934125.1	-	UL27	C6_6h	1457	19470	19473	19471	12074.169901	6640.793445	19471	19473	3	UL28	4	6h	C6	6	1457	16625	19375	19375	16625	-96	1457
LT934125.1	-	UL27	C6_8h	1457	19470	19473	19471	4164.648911	2324.455206	19470	19473	4	UL28	4	8h	C6	8	1457	16625	19375	19375	16625	-96	1457
LT934125.1	-	UL27	NRK_1h	1457	19473	19473	19473	10101.010101	10101.010101	19473	19473	1	UL28	1	1h	NRK	1	1457	16625	19375	19375	16625	-98	1457
LT934125.1	-	UL27	NRK_2h	1457	19470	19473	19473	12944.983819	6472.491909	19470	19473	4	UL28	4	2h	NRK	2	1457	16625	19375	19375	16625	-98	1457
LT934125.1	-	UL27	PC_12_1.5h	1457	19469	19473	19469	4424.778762	2212.389381	19469	19473	5	UL28	5	1.5h	PC_12	1.5	1457	16625	19375	19375	16625	-94	1457
LT934125.1	-	UL27	PC_12_12h	1457	19470	19474	19471	7050.857638	3023.746306	19470	19473	4	UL28	5	12h	PC_12	12	1457	16625	19375	19375	16625	-96	1457
LT934125.1	-	UL27	PC_12_1h	1457	19471	19471	19471	4454.342984	4454.342984	19471	19471	1	UL28	1	1h	PC_12	1	1457	16625	19375	19375	16625	-96	1457
LT934125.1	-	UL27	PC_12_2.5h	1457	19471	19473	19471	1480.3849	740.19245	19471	19473	3	UL28	3	2.5h	PC_12	2.5	1457	16625	19375	19375	16625	-96	1457
LT934125.1	-	UL27	PC_12_2h	1457	19470	19473	19471	5336.891261	3335.557038	19470	19473	4	UL28	4	2h	PC_12	2	1457	16625	19375	19375	16625	-96	1457
LT934125.1	-	UL27	PC_12_4h	1457	19470	19473	19473	7127.082916	3111.824935	19470	19473	4	UL28	4	4h	PC_12	4	1457	16625	19375	19375	16625	-98	1457
LT934125.1	-	UL27	PC_12_6h	1457	19469	19474	19473	6342.945472	3118.170673	19470	19473	4	UL28	6	6h	PC_12	6	1457	16625	19375	19375	16625	-98	1457
LT934125.1	-	UL27	PK_15_12h	1457	19470	19474	19471	9578.947369	5659.038902	19470	19473	4	UL28	5	12h	PK_15	12	1457	16625	19375	19375	16625	-96	1457
LT934125.1	-	UL27	PK_15_2h	1457	19469	19473	19471	4706.734252	2534.395366	19469	19473	5	UL28	5	2h	PK_15	2	1457	16625	19375	19375	16625	-96	1457
LT934125.1	-	UL27	PK_15_4h	1457	19468	19473	19471	2882.195339	1258.423317	19470	19473	4	UL28	6	4h	PK_15	4	1457	16625	19375	19375	16625	-96	1457
LT934125.1	-	UL27	PK_15_6h	1457	19470	19473	19471	3282.284535	1717.755788	19470	19473	4	UL28	4	6h	PK_15	6	1457	16625	19375	19375	16625	-96	1457
LT934125.1	-	UL27	PK_15_8h	1457	19470	19477	19471	8973.723567	4828.968548	19470	19473	4	UL28	8	8h	PK_15	8	1457	16625	19375	19375	16625	-96	1457
LT934125.1	-	UL28	C6_12h	1474	21473	21473	21473	41.96127	41.96127	21473	21473	1		1	12h	C6	12	1474	19246	21402	21402	19246	-71	1474
LT934125.1	-	UL28	C6_4h	1474	21473	21473	21473	525.486075	525.486075	21473	21473	1		1	4h	C6	4	1474	19246	21402	21402	19246	-71	1474
LT934125.1	-	UL28	PC_12_12h	1474	21473	21473	21473	27.30245	27.30245	21473	21473	1		1	12h	PC_12	12	1474	19246	21402	21402	19246	-71	1474
LT934125.1	-	UL28	PC_12_6h	1474	21480	21480	21480	26.651031	26.651031	21480	21480	1		1	6h	PC_12	6	1474	19246	21402	21402	19246	-78	1474
LT934125.1	-	UL28	PK_15_2h	1474	21473	21473	21473	362.056481	362.056481	21473	21473	1		1	2h	PK_15	2	1474	19246	21402	21402	19246	-71	1474
LT934125.1	-	UL28	PK_15_4h	1474	21475	21475	21475	40.594301	40.594301	21475	21475	1		1	4h	PK_15	4	1474	19246	21402	21402	19246	-73	1474
LT934125.1	-	UL28	PK_15_6h	1474	21473	21473	21473	24.193743	24.193743	21473	21473	1		1	6h	PK_15	6	1474	19246	21402	21402	19246	-71	1474
LT934125.1	-	UL28	PK_15_8h	1474	21477	21477	21477	13.157952	13.157952	21477	21477	1		1	8h	PK_15	8	1474	19246	21402	21402	19246	-75	1474
LT934125.1	-	UL29	C6_2h	1524	25313	25313	25313	1172.332943	1172.332943	25313	25313	1		1	2h	C6	2	1524	21554	25087	25087	21554	-226	1524
LT934125.1	-	UL29	NRK_2h	1524	25313	25313	25313	6472.491909	6472.491909	25313	25313	1		1	2h	NRK	2	1524	21554	25087	25087	21554	-226	1524
LT934125.1	-	UL29	PC_12_2.5h	1524	25313	25313	25313	1480.3849	1480.3849	25313	25313	1		1	2.5h	PC_12	2.5	1524	21554	25087	25087	21554	-226	1524
LT934125.1	-	UL29	PC_12_2h	1524	25310	25313	25313	2668.445631	2001.334223	25310	25313	4		4	2h	PC_12	2	1524	21554	25087	25087	21554	-226	1524
LT934125.1	-	UL29	PC_12_4h	1522	25229	25233	25229	200.7629	100.38145	25229	25233	5		5	4h	PC_12	4	1522	21554	25087	25087	21554	-142	1522
LT934125.1	-	UL29	PK_15_2h	1524	25310	25315	25313	7241.129617	6154.960174	25310	25313	4		6	2h	PK_15	2	1524	21554	25087	25087	21554	-226	1524
LT934125.1	-	UL3	PC_12_12h	2132	93482	93482	93482	27.30245	27.30245	93482	93482	1		1	12h	PC_12	12	2132	92749	93465	93465	92749	-17	2132
LT934125.1	-	UL3	PC_12_6h	2133	93527	93527	93527	26.651031	26.651031	93527	93527	1	UL2	1	6h	PC_12	6	2133	92749	93465	93465	92749	-62	2133
LT934125.1	-	UL3	PK_15_12h	2132	93482	93482	93482	20.594966	20.594966	93482	93482	1		1	12h	PK_15	12	2132	92749	93465	93465	92749	-17	2132
LT934125.1	-	UL3	PK_15_4h	2132	93465	93470	93465	81.188602	40.594301	93465	93470	6	UL3	6	4h	PK_15	4	2132	92749	93465	93465	92749	0	2132
LT934125.1	-	UL3.5	C6_12h	2122	92774	92774	92774	111.896719	111.896719	92774	92774	1	UL3	1	12h	C6	12	2122	92099	92752	92752	92099	-22	2122
LT934125.1	-	UL3.5	C6_6h	2122	92774	92774	92774	172.488141	172.488141	92774	92774	1	UL3	1	6h	C6	6	2122	92099	92752	92752	92099	-22	2122
LT934125.1	-	UL3.5	C6_8h	2122	92774	92783	92774	161.4205	96.8523	92774	92783	10	UL3	10	8h	C6	8	2122	92099	92752	92752	92099	-22	2122
LT934125.1	-	UL3.5	PC_12_12h	2122	92765	92774	92774	54.604899	34.128062	92765	92774	10	UL3	10	12h	PC_12	12	2122	92099	92752	92752	92099	-22	2122
LT934125.1	-	UL3.5	PC_12_2.5h	2122	92774	92774	92774	740.19245	740.19245	92774	92774	1	UL3	1	2.5h	PC_12	2.5	2122	92099	92752	92752	92099	-22	2122
LT934125.1	-	UL3.5	PC_12_8h	2122	92785	92785	92785	62.699856	62.699856	92785	92785	1	UL3	1	8h	PC_12	8	2122	92099	92752	92752	92099	-33	2122
LT934125.1	-	UL3.5	PK_15_4h	2122	92773	92785	92774	243.565805	121.782902	92773	92785	13	UL3	13	4h	PK_15	4	2122	92099	92752	92752	92099	-22	2122
LT934125.1	-	UL3.5	PK_15_6h	2122	92773	92774	92774	72.58123	56.452068	92773	92774	2	UL3	2	6h	PK_15	6	2122	92099	92752	92752	92099	-22	2122
LT934125.1	-	UL3.5	PK_15_8h	2122	92774	92774	92774	52.63181	52.63181	92774	92774	1	UL3	1	8h	PK_15	8	2122	92099	92752	92752	92099	-22	2122
LT934125.1	-	UL31	C6_12h	1558	29407	29417	29414	23197.588628	7070.473953	29408	29414	7	UL32	11	12h	C6	12	1558	28501	29316	29316	28501	-98	1558
LT934125.1	-	UL31	C6_1h	1558	29404	29414	29404	6163.328196	1540.832049	29404	29414	11	UL32	11	1h	C6	1	1558	28501	29316	29316	28501	-88	1558
LT934125.1	-	UL31	C6_2h	1558	29404	29414	29409	11723.329427	3516.998828	29404	29414	11	UL32	11	2h	C6	2	1558	28501	29316	29316	28501	-93	1558
LT934125.1	-	UL31	C6_4h	1558	29407	29414	29414	20493.95691	7882.291119	29409	29414	6	UL32	8	4h	C6	4	1558	28501	29316	29316	28501	-98	1558
LT934125.1	-	UL31	NRK_2h	1558	29408	29414	29412	16181.229774	9708.737864	29408	29414	7	UL32	7	2h	NRK	2	1558	28501	29316	29316	28501	-96	1558
LT934125.1	-	UL31	PC_12_1.5h	1558	29407	29414	29412	8849.557523	4424.778761	29407	29414	8	UL32	8	1.5h	PC_12	1.5	1558	28501	29316	29316	28501	-96	1558
LT934125.1	-	UL31	PC_12_2.5h	1558	29403	29414	29412	13323.4641	4441.1547	29404	29414	11	UL32	12	2.5h	PC_12	2.5	1558	28501	29316	29316	28501	-96	1558
LT934125.1	-	UL31	PC_12_2h	1558	29409	29414	29414	10673.782522	4669.779853	29411	29414	4	UL32	6	2h	PC_12	2	1558	28501	29316	29316	28501	-98	1558
LT934125.1	-	UL31	PC_12_4h	1558	29406	29417	29411	12949.206988	4818.309576	29409	29414	6	UL32	12	4h	PC_12	4	1558	28501	29316	29316	28501	-95	1558
LT934125.1	-	UL31	PC_12_6h	1558	29407	29417	29411	15164.436863	6209.690315	29409	29414	6	UL32	11	6h	PC_12	6	1558	28501	29316	29316	28501	-95	1558
LT934125.1	-	UL31	PC_12_8h	1558	29407	29418	29411	30566.179697	8840.679666	29409	29414	6	UL32	12	8h	PC_12	8	1558	28501	29316	29316	28501	-95	1558
LT934125.1	-	UL31	PK_15_2h	1558	29404	29414	29411	7603.186098	2534.395366	29407	29414	8	UL32	11	2h	PK_15	2	1558	28501	29316	29316	28501	-95	1558
LT934125.1	-	UL31	PK_15_4h	1558	29407	29417	29411	26589.266867	9620.849233	29409	29414	6	UL32	11	4h	PK_15	4	1558	28501	29316	29316	28501	-95	1558
LT934125.1	-	UL32	C6_12h	1579	30877	30882	30877	538.502962	468.567512	30877	30878	2		6	12h	C6	12	1579	29309	30721	30721	29309	-156	1579
LT934125.1	-	UL32	C6_4h	1578	30851	30851	30851	525.486075	525.486075	30851	30851	1		1	4h	C6	4	1578	29309	30721	30721	29309	-130	1578
LT934125.1	-	UL32	C6_8h	1579	30873	30882	30877	322.841001	225.988701	30877	30878	2		10	8h	C6	8	1579	29309	30721	30721	29309	-156	1579
LT934125.1	-	UL32	PC_12_12h	1579	30877	30882	30877	163.814698	129.686636	30877	30882	6		6	12h	PC_12	12	1579	29309	30721	30721	29309	-156	1579
LT934125.1	-	UL32	PC_12_4h	1579	30873	30882	30877	501.907249	200.762899	30873	30882	10		10	4h	PC_12	4	1579	29309	30721	30721	29309	-156	1579
LT934125.1	-	UL32	PC_12_8h	1579	30876	30882	30877	376.199135	250.799423	30876	30882	7		7	8h	PC_12	8	1579	29309	30721	30721	29309	-156	1579
LT934125.1	-	UL32	PK_15_12h	1579	30877	30882	30877	260.869565	221.967963	30877	30878	2		6	12h	PK_15	12	1579	29309	30721	30721	29309	-156	1579
LT934125.1	-	UL32	PK_15_4h	1579	30877	30877	30877	121.782902	121.782902	30877	30877	1		1	4h	PK_15	4	1579	29309	30721	30721	29309	-156	1579
LT934125.1	-	UL32	PK_15_6h	1579	30877	30877	30877	225.808273	225.808273	30877	30877	1		1	6h	PK_15	6	1579	29309	30721	30721	29309	-156	1579
LT934125.1	-	UL32	PK_15_8h	1579	30877	30882	30877	377.194636	307.01889	30877	30878	2		6	8h	PK_15	8	1579	29309	30721	30721	29309	-156	1579
LT934125.1	-	UL36	C6_12h	1654	41995	41997	41995	748.309311	699.354496	41995	41995	1		3	12h	C6	12	1654	32705	41983	41983	32705	-12	1654
LT934125.1	-	UL36	C6_4h	1654	41995	41995	41995	525.486075	525.486075	41995	41995	1		1	4h	C6	4	1654	32705	41983	41983	32705	-12	1654
LT934125.1	-	UL36	C6_6h	1654	41995	41995	41995	86.244071	86.244071	41995	41995	1		1	6h	C6	6	1654	32705	41983	41983	32705	-12	1654
LT934125.1	-	UL36	C6_8h	1654	41994	41997	41995	322.841001	258.272801	41995	41995	1		4	8h	C6	8	1654	32705	41983	41983	32705	-12	1654
LT934125.1	-	UL36	PC_12_12h	1654	41994	41997	41995	750.817367	641.607568	41995	41997	3		4	12h	PC_12	12	1654	32705	41983	41983	32705	-12	1654
LT934125.1	-	UL36	PC_12_4h	1654	41994	41995	41995	401.525799	301.144349	41994	41995	2		2	4h	PC_12	4	1654	32705	41983	41983	32705	-12	1654
LT934125.1	-	UL36	PC_12_6h	1654	41995	41995	41995	133.255157	133.255157	41995	41995	1		1	6h	PC_12	6	1654	32705	41983	41983	32705	-12	1654
LT934125.1	-	UL36	PC_12_8h	1654	41992	41997	41995	564.298703	407.549063	41993	41995	3		6	8h	PC_12	8	1654	32705	41983	41983	32705	-12	1654
LT934125.1	-	UL36	PK_15_12h	1654	41992	41997	41995	405.034325	356.979405	41995	41995	1		6	12h	PK_15	12	1654	32705	41983	41983	32705	-12	1654
LT934125.1	-	UL36	PK_15_4h	1654	41995	41995	41995	40.594301	40.594301	41995	41995	1		1	4h	PK_15	4	1654	32705	41983	41983	32705	-12	1654
LT934125.1	-	UL36	PK_15_6h	1654	41995	41995	41995	129.033299	129.033299	41995	41995	1		1	6h	PK_15	6	1654	32705	41983	41983	32705	-12	1654
LT934125.1	-	UL36	PK_15_8h	1654	41992	41997	41995	543.862035	486.844241	41995	41995	1		6	8h	PK_15	8	1654	32705	41983	41983	32705	-12	1654
LT934125.1	-	UL37	C6_12h	1688	44886	44893	44889	2706.5019	1363.741267	44888	44893	6		8	12h	C6	12	1688	42021	44780	44780	42021	-109	1688
LT934125.1	-	UL37	C6_4h	1688	44889	44889	44889	1050.972149	1050.972149	44889	44889	1		1	4h	C6	4	1688	42021	44780	44780	42021	-109	1688
LT934125.1	-	UL37	C6_6h	1688	44886	44893	44889	1466.149202	776.196636	44886	44893	8		8	6h	C6	6	1688	42021	44780	44780	42021	-109	1688
LT934125.1	-	UL37	NRK_2h	1688	44886	44886	44886	3236.245955	3236.245955	44886	44886	1		1	2h	NRK	2	1688	42021	44780	44780	42021	-106	1688
LT934125.1	-	UL37	PC_12_12h	1688	44886	44893	44889	914.632065	430.013583	44889	44893	5		8	12h	PC_12	12	1688	42021	44780	44780	42021	-109	1688
LT934125.1	-	UL37	PC_12_1h	1689	44947	44947	44947	2227.171492	2227.171492	44947	44947	1		1	1h	PC_12	1	1689	42021	44780	44780	42021	-167	1689
LT934125.1	-	UL37	PC_12_2h	1688	44893	44893	44893	667.111408	667.111408	44893	44893	1		1	2h	PC_12	2	1688	42021	44780	44780	42021	-113	1688
LT934125.1	-	UL37	PC_12_4h	1688	44885	44893	44885	501.90725	100.38145	44885	44893	9		9	4h	PC_12	4	1688	42021	44780	44780	42021	-105	1688
LT934125.1	-	UL37	PC_12_6h	1688	44886	44893	44889	1145.99435	533.020628	44889	44893	5		8	6h	PC_12	6	1688	42021	44780	44780	42021	-109	1688
LT934125.1	-	UL37	PC_12_8h	1688	44886	44901	44893	940.497838	344.849207	44886	44893	8		16	8h	PC_12	8	1688	42021	44780	44780	42021	-113	1688
LT934125.1	-	UL37	PK_15_12h	1688	44886	44893	44889	695.652174	320.366133	44887	44893	7		8	12h	PK_15	12	1688	42021	44780	44780	42021	-109	1688
LT934125.1	-	UL37	PK_15_4h	1688	44886	44893	44889	568.320208	202.971503	44886	44893	8		8	4h	PK_15	4	1688	42021	44780	44780	42021	-109	1688
LT934125.1	-	UL37	PK_15_6h	1688	44886	44893	44889	830.651859	346.77699	44886	44893	8		8	6h	PK_15	6	1688	42021	44780	44780	42021	-109	1688
LT934125.1	-	UL37	PK_15_8h	1688	44886	44893	44889	1166.671784	491.230225	44886	44893	8		8	8h	PK_15	8	1688	42021	44780	44780	42021	-109	1688
LT934125.1	-	UL41	C6_12h	1736	51147	51147	51147	2748.463168	2748.463168	51147	51147	1		1	12h	C6	12	1736	50044	51141	51141	50044	-6	1736
LT934125.1	-	UL41	C6_1h	1736	51142	51147	51147	16949.152542	13867.488444	51144	51147	4		6	1h	C6	1	1736	50044	51141	51141	50044	-6	1736
LT934125.1	-	UL41	C6_2h	1736	51145	51147	51147	9378.663541	8206.330598	51145	51147	3		3	2h	C6	2	1736	50044	51141	51141	50044	-6	1736
LT934125.1	-	UL41	C6_4h	1736	51147	51147	51147	4729.374672	4729.374672	51147	51147	1		1	4h	C6	4	1736	50044	51141	51141	50044	-6	1736
LT934125.1	-	UL41	C6_6h	1736	51143	51149	51147	5605.864597	5002.156102	51147	51147	1		7	6h	C6	6	1736	50044	51141	51141	50044	-6	1736
LT934125.1	-	UL41	C6_8h	1736	51147	51149	51147	6521.388216	6489.104116	51147	51147	1		3	8h	C6	8	1736	50044	51141	51141	50044	-6	1736
LT934125.1	-	UL41	NRK_2h	1736	51147	51147	51147	3236.245955	3236.245955	51147	51147	1		1	2h	NRK	2	1736	50044	51141	51141	50044	-6	1736
LT934125.1	-	UL41	PC_12_1.5h	1736	51144	51147	51147	11061.946903	8849.557522	51144	51147	4		4	1.5h	PC_12	1.5	1736	50044	51141	51141	50044	-6	1736
LT934125.1	-	UL41	PC_12_12h	1736	51147	51147	51147	2197.847202	2197.847202	51147	51147	1		1	12h	PC_12	12	1736	50044	51141	51141	50044	-6	1736
LT934125.1	-	UL41	PC_12_1h	1736	51146	51147	51147	22271.714922	20044.54343	51147	51147	1		2	1h	PC_12	1	1736	50044	51141	51141	50044	-6	1736
LT934125.1	-	UL41	PC_12_2.5h	1736	51144	51147	51147	8142.11695	6661.73205	51145	51147	3		4	2.5h	PC_12	2.5	1736	50044	51141	51141	50044	-6	1736
LT934125.1	-	UL41	PC_12_2h	1736	51147	51147	51147	4669.779853	4669.779853	51147	51147	1		1	2h	PC_12	2	1736	50044	51141	51141	50044	-6	1736
LT934125.1	-	UL41	PC_12_4h	1736	51147	51147	51147	4416.783778	4416.783778	51147	51147	1		1	4h	PC_12	4	1736	50044	51141	51141	50044	-6	1736
LT934125.1	-	UL41	PC_12_6h	1736	51146	51147	51147	3677.842333	3491.285113	51147	51147	1		2	6h	PC_12	6	1736	50044	51141	51141	50044	-6	1736
LT934125.1	-	UL41	PC_12_8h	1736	51147	51149	51147	4671.139256	4639.789328	51147	51147	1		3	8h	PC_12	8	1736	50044	51141	51141	50044	-6	1736
LT934125.1	-	UL41	PK_15_12h	1736	51147	51147	51147	2661.327231	2661.327231	51147	51147	1		1	12h	PK_15	12	1736	50044	51141	51141	50044	-6	1736
LT934125.1	-	UL41	PK_15_1h	1736	51143	51147	51147	8771.929824	5847.953216	51143	51147	5		5	1h	PK_15	1	1736	50044	51141	51141	50044	-6	1736
LT934125.1	-	UL41	PK_15_2h	1736	51147	51147	51147	5792.903693	5792.903693	51147	51147	1		1	2h	PK_15	2	1736	50044	51141	51141	50044	-6	1736
LT934125.1	-	UL41	PK_15_4h	1736	51147	51151	51147	5358.447675	5277.259073	51147	51147	1		5	4h	PK_15	4	1736	50044	51141	51141	50044	-6	1736
LT934125.1	-	UL41	PK_15_6h	1736	51144	51152	51147	6193.598335	5572.625586	51147	51147	1		9	6h	PK_15	6	1736	50044	51141	51141	50044	-6	1736
LT934125.1	-	UL41	PK_15_8h	1736	51147	51151	51147	5557.041917	5513.182075	51147	51147	1		5	8h	PK_15	8	1736	50044	51141	51141	50044	-6	1736
LT934125.1	-	UL50	C6_12h	1381	9494	9499	9494	2112.050578	1888.257139	9494	9497	4		6	12h	C6	12	1381	8593	9399	9399	8593	-95	1381
LT934125.1	-	UL50	C6_1h	1381	9494	9498	9494	12326.656394	10785.824345	9494	9498	5		5	1h	C6	1	1381	8593	9399	9399	8593	-95	1381
LT934125.1	-	UL50	C6_2h	1381	9494	9498	9494	14067.995311	12895.662368	9494	9494	1		5	2h	C6	2	1381	8593	9399	9399	8593	-95	1381
LT934125.1	-	UL50	C6_4h	1381	9494	9499	9494	5780.346821	4729.374672	9494	9499	6		6	4h	C6	4	1381	8593	9399	9399	8593	-95	1381
LT934125.1	-	UL50	NRK_1h	1381	9494	9494	9494	30303.030303	30303.030303	9494	9494	1		1	1h	NRK	1	1381	8593	9399	9399	8593	-95	1381
LT934125.1	-	UL50	NRK_2h	1381	9494	9500	9494	19417.475728	16181.229773	9494	9500	7		7	2h	NRK	2	1381	8593	9399	9399	8593	-95	1381
LT934125.1	-	UL50	PC_12_1.5h	1381	9494	9500	9494	19911.504426	11061.946903	9494	9500	7		7	1.5h	PC_12	1.5	1381	8593	9399	9399	8593	-95	1381
LT934125.1	-	UL50	PC_12_12h	1381	9494	9499	9494	1030.667476	880.504003	9494	9499	6		6	12h	PC_12	12	1381	8593	9399	9399	8593	-95	1381
LT934125.1	-	UL50	PC_12_1h	1381	9494	9494	9494	11135.857461	11135.857461	9494	9494	1		1	1h	PC_12	1	1381	8593	9399	9399	8593	-95	1381
LT934125.1	-	UL50	PC_12_2.5h	1381	9490	9501	9494	14063.65655	8142.11695	9490	9500	11		12	2.5h	PC_12	2.5	1381	8593	9399	9399	8593	-95	1381
LT934125.1	-	UL50	PC_12_2h	1381	9494	9497	9494	10673.782522	10006.671114	9494	9494	1		4	2h	PC_12	2	1381	8593	9399	9399	8593	-95	1381
LT934125.1	-	UL50	PC_12_6h	1381	9494	9499	9494	3811.097489	3011.566548	9494	9499	6		6	6h	PC_12	6	1381	8593	9399	9399	8593	-95	1381
LT934125.1	-	UL50	PK_15_12h	1381	9494	9499	9494	697.940504	601.830664	9494	9499	6		6	12h	PK_15	12	1381	8593	9399	9399	8593	-95	1381
LT934125.1	-	UL50	PK_15_1h	1380	9457	9457	9457	2923.976608	2923.976608	9457	9457	1		1	1h	PK_15	1	1380	8593	9399	9399	8593	-58	1380
LT934125.1	-	UL50	PK_15_6h	1381	9494	9499	9494	2750.022177	2387.116025	9494	9498	5		6	6h	PK_15	6	1381	8593	9399	9399	8593	-95	1381
LT934125.1	-	UL50	PK_15_8h	1381	9494	9499	9494	2021.938693	1771.937596	9494	9499	6		6	8h	PK_15	8	1381	8593	9399	9399	8593	-95	1381
LT934125.1	-	UL52	C6_12h	1361	7758	7758	7758	83.922539	83.922539	7758	7758	1		1	12h	C6	12	1361	4854	7742	7742	4854	-16	1361
LT934125.1	-	UL52	C6_2h	1361	7758	7758	7758	1172.332943	1172.332943	7758	7758	1		1	2h	C6	2	1361	4854	7742	7742	4854	-16	1361
LT934125.1	-	UL52	C6_6h	1361	7758	7758	7758	86.244071	86.244071	7758	7758	1		1	6h	C6	6	1361	4854	7742	7742	4854	-16	1361
LT934125.1	-	UL52	C6_8h	1361	7758	7758	7758	32.2841	32.2841	7758	7758	1		1	8h	C6	8	1361	4854	7742	7742	4854	-16	1361
LT934125.1	-	UL52	PC_12_12h	1361	7758	7758	7758	34.128062	34.128062	7758	7758	1		1	12h	PC_12	12	1361	4854	7742	7742	4854	-16	1361
LT934125.1	-	UL52	PC_12_6h	1361	7758	7758	7758	53.302063	53.302063	7758	7758	1		1	6h	PC_12	6	1361	4854	7742	7742	4854	-16	1361
LT934125.1	-	UL52	PC_12_8h	1361	7758	7758	7758	188.099567	188.099567	7758	7758	1		1	8h	PC_12	8	1361	4854	7742	7742	4854	-16	1361
LT934125.1	-	UL52	PK_15_1h	1361	7758	7758	7758	2923.976608	2923.976608	7758	7758	1		1	1h	PK_15	1	1361	4854	7742	7742	4854	-16	1361
LT934125.1	-	UL52	PK_15_2h	1361	7758	7758	7758	362.056481	362.056481	7758	7758	1		1	2h	PK_15	2	1361	4854	7742	7742	4854	-16	1361
LT934125.1	-	UL52	PK_15_4h	1361	7758	7767	7767	121.782902	81.188601	7758	7767	10		10	4h	PK_15	4	1361	4854	7742	7742	4854	-25	1361
LT934125.1	-	UL52	PK_15_6h	1361	7758	7758	7758	24.193743	24.193743	7758	7758	1		1	6h	PK_15	6	1361	4854	7742	7742	4854	-16	1361
LT934125.1	-	UL52	PK_15_8h	1361	7758	7758	7758	48.245826	48.245826	7758	7758	1		1	8h	PK_15	8	1361	4854	7742	7742	4854	-16	1361
LT934125.1	-	UL53	C6_12h	1345	4925	4926	4925	251.767619	202.812804	4925	4926	2	UL52	2	12h	C6	12	1345	3961	4899	4899	3961	-26	1345
LT934125.1	-	UL53	C6_6h	1345	4923	4927	4925	603.708496	258.732212	4923	4927	5	UL52	5	6h	C6	6	1345	3961	4899	4899	3961	-26	1345
LT934125.1	-	UL53	C6_8h	1345	4925	4926	4926	96.8523	64.5682	4925	4926	2	UL52	2	8h	C6	8	1345	3961	4899	4899	3961	-27	1345
LT934125.1	-	UL53	PC_12_12h	1345	4924	4925	4925	81.907349	61.430512	4924	4925	2	UL52	2	12h	PC_12	12	1345	3961	4899	4899	3961	-26	1345
LT934125.1	-	UL53	PC_12_4h	1345	4927	4927	4927	100.38145	100.38145	4927	4927	1	UL52	1	4h	PC_12	4	1345	3961	4899	4899	3961	-28	1345
LT934125.1	-	UL53	PC_12_6h	1345	4924	4925	4925	186.557219	159.906188	4924	4925	2	UL52	2	6h	PC_12	6	1345	3961	4899	4899	3961	-26	1345
LT934125.1	-	UL53	PC_12_8h	1345	4924	4926	4925	250.799423	156.749639	4924	4926	3	UL52	3	8h	PC_12	8	1345	3961	4899	4899	3961	-26	1345
LT934125.1	-	UL53	PK_15_12h	1345	4923	4926	4925	180.778032	100.686499	4924	4926	3	UL52	4	12h	PK_15	12	1345	3961	4899	4899	3961	-26	1345
LT934125.1	-	UL53	PK_15_2h	1345	4925	4925	4925	362.056481	362.056481	4925	4925	1	UL52	1	2h	PK_15	2	1345	3961	4899	4899	3961	-26	1345
LT934125.1	-	UL53	PK_15_4h	1345	4924	4928	4925	284.160105	162.377202	4924	4928	5	UL52	5	4h	PK_15	4	1345	3961	4899	4899	3961	-26	1345
LT934125.1	-	UL53	PK_15_6h	1345	4924	4926	4925	354.841571	241.937435	4924	4926	3	UL52	3	6h	PK_15	6	1345	3961	4899	4899	3961	-26	1345
LT934125.1	-	UL53	PK_15_8h	1345	4914	4928	4925	394.738573	228.071176	4923	4926	4	UL52	15	8h	PK_15	8	1345	3961	4899	4899	3961	-26	1345
LT934125.1	-	UL54	C6_12h	1329	3903	3912	3910	720.335131	335.690158	3908	3911	4		10	12h	C6	12	1329	2797	3882	3882	2797	-28	1329
LT934125.1	-	UL54	C6_1h	1329	3908	3910	3908	12326.656394	6163.328197	3908	3910	3		3	1h	C6	1	1329	2797	3882	3882	2797	-26	1329
LT934125.1	-	UL54	C6_2h	1329	3908	3912	3908	2344.665886	1172.332943	3908	3912	5		5	2h	C6	2	1329	2797	3882	3882	2797	-26	1329
LT934125.1	-	UL54	C6_4h	1329	3908	3912	3910	3152.916448	2101.944298	3908	3912	5		5	4h	C6	4	1329	2797	3882	3882	2797	-28	1329
LT934125.1	-	UL54	C6_6h	1329	3905	3912	3910	3880.983183	2242.345839	3908	3911	4		8	6h	C6	6	1329	2797	3882	3882	2797	-28	1329
LT934125.1	-	UL54	C6_8h	1329	3905	3912	3910	1581.920903	613.397902	3907	3912	6		8	8h	C6	8	1329	2797	3882	3882	2797	-28	1329
LT934125.1	-	UL54	NRK_2h	1329	3910	3910	3910	6472.491909	6472.491909	3910	3910	1		1	2h	NRK	2	1329	2797	3882	3882	2797	-28	1329
LT934125.1	-	UL54	PC_12_1.5h	1329	3908	3914	3910	22123.893806	17699.115044	3908	3914	7		7	1.5h	PC_12	1.5	1329	2797	3882	3882	2797	-28	1329
LT934125.1	-	UL54	PC_12_12h	1329	3908	3912	3910	327.629396	177.465923	3908	3912	5		5	12h	PC_12	12	1329	2797	3882	3882	2797	-28	1329
LT934125.1	-	UL54	PC_12_1h	1329	3908	3911	3911	8908.685968	4454.342984	3908	3911	4		4	1h	PC_12	1	1329	2797	3882	3882	2797	-29	1329
LT934125.1	-	UL54	PC_12_2.5h	1329	3905	3911	3910	9622.50185	5181.34715	3907	3910	4		7	2.5h	PC_12	2.5	1329	2797	3882	3882	2797	-28	1329
LT934125.1	-	UL54	PC_12_2h	1329	3902	3912	3910	8005.336894	4002.668446	3903	3911	9		11	2h	PC_12	2	1329	2797	3882	3882	2797	-28	1329
LT934125.1	-	UL54	PC_12_4h	1329	3905	3912	3911	1606.103194	602.288697	3908	3912	5		8	4h	PC_12	4	1329	2797	3882	3882	2797	-29	1329
LT934125.1	-	UL54	PC_12_6h	1329	3898	3912	3908	1332.551569	426.416502	3908	3912	5		15	6h	PC_12	6	1329	2797	3882	3882	2797	-26	1329
LT934125.1	-	UL54	PC_12_8h	1329	3908	3917	3910	1097.247477	658.348486	3909	3911	3		10	8h	PC_12	8	1329	2797	3882	3882	2797	-28	1329
LT934125.1	-	UL54	PK_15_12h	1329	3908	3912	3910	102.974828	43.478261	3908	3912	5		5	12h	PK_15	12	1329	2797	3882	3882	2797	-28	1329
LT934125.1	-	UL54	PK_15_2h	1329	3905	3911	3910	8327.299059	5068.790731	3906	3910	5		7	2h	PK_15	2	1329	2797	3882	3882	2797	-28	1329
LT934125.1	-	UL54	PK_15_4h	1329	3905	3912	3910	1989.120728	1014.857514	3908	3911	4		8	4h	PK_15	4	1329	2797	3882	3882	2797	-28	1329
LT934125.1	-	UL54	PK_15_6h	1329	3908	3912	3910	983.878902	459.681126	3908	3912	5		5	6h	PK_15	6	1329	2797	3882	3882	2797	-28	1329
LT934125.1	-	UL54	PK_15_8h	1329	3903	3912	3910	662.283606	359.6507	3908	3911	4		10	8h	PK_15	8	1329	2797	3882	3882	2797	-28	1329
LT934125.1	-	UL6	C6_12h	2090	89078	89081	89079	867.199574	755.302855	89079	89079	1		4	12h	C6	12	2090	86993	88924	88924	86993	-155	2090
LT934125.1	-	UL6	C6_4h	2090	89079	89079	89079	525.486075	525.486075	89079	89079	1		1	4h	C6	4	2090	86993	88924	88924	86993	-155	2090
LT934125.1	-	UL6	C6_6h	2090	89073	89079	89079	344.976283	258.732212	89073	89079	7		7	6h	C6	6	2090	86993	88924	88924	86993	-155	2090
LT934125.1	-	UL6	C6_8h	2090	89079	89079	89079	677.966102	677.966102	89079	89079	1		1	8h	C6	8	2090	86993	88924	88924	86993	-155	2090
LT934125.1	-	UL6	PC_12_12h	2090	89079	89079	89079	177.465923	177.465923	89079	89079	1		1	12h	PC_12	12	2090	86993	88924	88924	86993	-155	2090
LT934125.1	-	UL6	PC_12_1h	2090	89079	89079	89079	2227.171492	2227.171492	89079	89079	1		1	1h	PC_12	1	2090	86993	88924	88924	86993	-155	2090
LT934125.1	-	UL6	PC_12_2h	2091	89152	89152	89152	667.111408	667.111408	89152	89152	1		1	2h	PC_12	2	2091	86993	88924	88924	86993	-228	2091
LT934125.1	-	UL6	PC_12_6h	2090	89078	89081	89079	293.161345	239.859283	89079	89079	1		4	6h	PC_12	6	2090	86993	88924	88924	86993	-155	2090
LT934125.1	-	UL6	PC_12_8h	2090	89078	89081	89079	282.149351	188.099567	89078	89081	4		4	8h	PC_12	8	2090	86993	88924	88924	86993	-155	2090
LT934125.1	-	UL6	PK_15_12h	2090	89079	89079	89079	189.93135	189.93135	89079	89079	1		1	12h	PK_15	12	2090	86993	88924	88924	86993	-155	2090
LT934125.1	-	UL6	PK_15_4h	2090	89078	89079	89079	243.565804	202.971503	89078	89079	2		2	4h	PK_15	4	2090	86993	88924	88924	86993	-155	2090
LT934125.1	-	UL6	PK_15_6h	2090	89079	89079	89079	209.67911	209.67911	89079	89079	1		1	6h	PK_15	6	2090	86993	88924	88924	86993	-155	2090
LT934125.1	-	UL6	PK_15_8h	2090	89078	89079	89079	377.194637	346.492748	89079	89079	1		2	8h	PK_15	8	2090	86993	88924	88924	86993	-155	2090
LT934125.1	-	UL7	C6_12h	2062	87157	87161	87161	2335.844016	1881.263594	87157	87161	5	UL6	5	12h	C6	12	2062	86302	87102	87102	86302	-59	2062
LT934125.1	-	UL7	C6_1h	2062	87157	87161	87161	4622.496148	3081.664099	87157	87161	5	UL6	5	1h	C6	1	2062	86302	87102	87102	86302	-59	2062
LT934125.1	-	UL7	C6_2h	2062	87161	87161	87161	2344.665885	2344.665885	87161	87161	1	UL6	1	2h	C6	2	2062	86302	87102	87102	86302	-59	2062
LT934125.1	-	UL7	C6_4h	2062	87157	87161	87161	4203.888597	2627.430373	87157	87161	5	UL6	5	4h	C6	4	2062	86302	87102	87102	86302	-59	2062
LT934125.1	-	UL7	C6_6h	2062	87157	87161	87161	2501.078051	2156.101768	87157	87161	5	UL6	5	6h	C6	6	2062	86302	87102	87102	86302	-59	2062
LT934125.1	-	UL7	C6_8h	2062	87157	87161	87161	2195.318805	1678.773204	87157	87161	5	UL6	5	8h	C6	8	2062	86302	87102	87102	86302	-59	2062
LT934125.1	-	UL7	NRK_2h	2062	87161	87161	87161	3236.245955	3236.245955	87161	87161	1	UL6	1	2h	NRK	2	2062	86302	87102	87102	86302	-59	2062
LT934125.1	-	UL7	PC_12_12h	2062	87157	87163	87161	1726.879944	1228.610237	87157	87161	5	UL6	7	12h	PC_12	12	2062	86302	87102	87102	86302	-59	2062
LT934125.1	-	UL7	PC_12_2.5h	2062	87157	87161	87161	2220.57735	1480.3849	87157	87161	5	UL6	5	2.5h	PC_12	2.5	2062	86302	87102	87102	86302	-59	2062
LT934125.1	-	UL7	PC_12_2h	2062	87157	87161	87157	2668.445631	2001.334223	87157	87161	5	UL6	5	2h	PC_12	2	2062	86302	87102	87102	86302	-55	2062
LT934125.1	-	UL7	PC_12_4h	2062	87157	87161	87161	3312.587834	2409.154788	87157	87161	5	UL6	5	4h	PC_12	4	2062	86302	87102	87102	86302	-59	2062
LT934125.1	-	UL7	PC_12_6h	2062	87157	87163	87161	2345.290763	1599.061884	87157	87161	5	UL6	7	6h	PC_12	6	2062	86302	87102	87102	86302	-59	2062
LT934125.1	-	UL7	PC_12_8h	2062	87157	87163	87161	2037.745314	1598.846323	87157	87161	5	UL6	7	8h	PC_12	8	2062	86302	87102	87102	86302	-59	2062
LT934125.1	-	UL7	PK_15_12h	2062	87157	87161	87161	958.810068	819.221968	87157	87161	5	UL6	5	12h	PK_15	12	2062	86302	87102	87102	86302	-59	2062
LT934125.1	-	UL7	PK_15_2h	2062	87161	87161	87161	724.112962	724.112962	87161	87161	1	UL6	1	2h	PK_15	2	2062	86302	87102	87102	86302	-59	2062
LT934125.1	-	UL7	PK_15_4h	2062	87157	87163	87161	2476.252335	1989.120727	87157	87161	5	UL6	7	4h	PK_15	4	2062	86302	87102	87102	86302	-59	2062
LT934125.1	-	UL7	PK_15_6h	2062	87157	87161	87161	991.943483	758.07063	87157	87161	5	UL6	5	6h	PK_15	6	2062	86302	87102	87102	86302	-59	2062
LT934125.1	-	UL7	PK_15_8h	2062	87157	87163	87161	1504.392561	1162.285799	87157	87161	5	UL6	7	8h	PK_15	8	2062	86302	87102	87102	86302	-59	2062
LT934125.1	-	US1_2	C6_12h	2433	128173	128173	128173	27.97418	27.97418	128173	128173	1		1	12h	C6	12	2433	126886	127977	127977	126886	-196	2433
LT934125.1	-	US1_2	C6_6h	2433	128177	128177	128177	86.244071	86.244071	128177	128177	1		1	6h	C6	6	2433	126886	127977	127977	126886	-200	2433
LT934125.1	-	US1_2	C6_8h	2433	128114	128186	128114	129.1364	32.2841	128114	128186	73		73	8h	C6	8	2433	126886	127977	127977	126886	-137	2433
LT934125.1	-	US1_2	NRK_2h	2434	128209	128253	128209	6472.49191	3236.245955	128209	128253	45		45	2h	NRK	2	2434	126886	127977	127977	126886	-232	2434
LT934125.1	-	US1_2	PC_12_12h	2431	127992	127992	127992	20.476837	20.476837	127992	127992	1		1	12h	PC_12	12	2431	126886	127977	127977	126886	-15	2431
LT934125.1	-	US1_2	PC_12_1h	2432	128068	128068	128068	2227.171492	2227.171492	128068	128068	1		1	1h	PC_12	1	2432	126886	127977	127977	126886	-91	2432
LT934125.1	-	US1_2	PC_12_4h	2433	128144	128144	128144	100.38145	100.38145	128144	128144	1		1	4h	PC_12	4	2433	126886	127977	127977	126886	-167	2433
LT934125.1	-	US1_2	PC_12_8h	2433	128115	128161	128115	62.699856	31.349928	128115	128161	47		47	8h	PC_12	8	2433	126886	127977	127977	126886	-138	2433
LT934125.1	-	US1_2	PK_15_12h	2433	128181	128181	128181	11.441648	11.441648	128181	128181	1		1	12h	PK_15	12	2433	126886	127977	127977	126886	-204	2433
LT934125.1	-	US1_2	PK_15_2h	2433	128181	128181	128181	362.056481	362.056481	128181	128181	1		1	2h	PK_15	2	2433	126886	127977	127977	126886	-204	2433
LT934125.1	-	US1_2	PK_15_4h	2431	128012	128012	128012	40.594301	40.594301	128012	128012	1		1	4h	PK_15	4	2431	126886	127977	127977	126886	-35	2431
LT934125.1	-	US1_2	PK_15_6h	2433	128155	128155	128155	48.387487	48.387487	128155	128155	1		1	6h	PK_15	6	2433	126886	127977	127977	126886	-178	2433
LT934125.1	-	US1_2	PK_15_8h	2433	128155	128155	128155	21.929921	21.929921	128155	128155	1		1	8h	PK_15	8	2433	126886	127977	127977	126886	-178	2433
