chr	pos	strand	C6_12h	C6_4h	PC_12_12h	PC_12_4h	PK_15_12h	PK_15_4h
LT934125.1	775	+	0	0	0	0	0	62.932662
LT934125.1	949	+	0	0	0	241.779497	0	0
LT934125.1	955	+	27.285874	0	0	0	0	0
LT934125.1	974	+	0	0	0	0	0	62.932662
LT934125.1	985	+	0	0	0	0	21.608618	0
LT934125.1	986	+	27.285874	0	0	0	54.021544	62.932662
LT934125.1	987	+	0	567.859171	133.655727	0	1404.560139	314.66331
LT934125.1	988	+	54.571748	0	48.602083	241.779497	0	0
LT934125.1	989	+	27.285874	0	36.451562	0	0	125.865324
LT934125.1	990	+	2974.160277	8517.887564	2320.749444	4110.251451	54.021544	2454.37382
LT934125.1	991	+	81.857622	0	60.752603	0	0	0
LT934125.1	992	+	54.571748	0	24.301041	0	0	0
LT934125.1	1033	+	27.285874	0	0	0	0	0
LT934125.1	1035	+	81.857622	0	0	0	0	0
LT934125.1	1108	+	0	0	0	0	0	62.932662
LT934125.1	1174	+	27.285874	0	0	0	0	0
LT934125.1	1257	+	0	0	0	0	0	62.932662
LT934125.1	1260	+	27.285874	0	0	0	0	0
LT934125.1	1280	+	27.285874	0	0	0	0	0
LT934125.1	1292	+	0	0	0	0	0	62.932662
LT934125.1	1327	+	0	0	24.301041	0	0	0
LT934125.1	1331	+	0	0	0	0	0	62.932662
LT934125.1	1332	+	54.571748	0	0	241.779497	0	251.730648
LT934125.1	1333	+	27.285874	0	0	0	0	62.932662
LT934125.1	1334	+	27.285874	567.859171	36.451562	0	144.05745	818.124607
LT934125.1	1335	+	0	0	0	0	0	188.797986
LT934125.1	1336	+	0	0	24.301041	483.558994	0	62.932662
LT934125.1	1337	+	81.857622	567.859171	255.160934	241.779497	0	1699.181875
LT934125.1	1339	+	136.429371	0	24.301041	0	25.210054	629.326621
LT934125.1	1356	+	0	567.859171	0	0	0	0
LT934125.1	1379	+	0	0	0	0	0	62.932662
LT934125.1	1381	+	0	0	24.301041	0	0	0
LT934125.1	1382	+	54.571748	0	0	0	0	0
LT934125.1	1397	+	27.285874	0	0	0	0	0
LT934125.1	1469	+	27.285874	0	0	0	0	62.932662
LT934125.1	1501	+	27.285874	0	48.602083	0	0	62.932662
LT934125.1	1597	+	27.285874	0	0	0	0	0
LT934125.1	1599	+	0	0	0	483.558994	0	0
LT934125.1	1600	+	627.575104	1703.577513	546.773429	0	601.439854	125.865324
LT934125.1	1602	+	27.285874	0	0	0	32.412926	0
LT934125.1	1603	+	218.286993	0	109.354686	0	122.448833	125.865324
LT934125.1	1604	+	0	0	0	0	0	62.932662
LT934125.1	1616	+	27.285874	0	0	0	0	0
LT934125.1	1619	+	27.285874	0	0	0	0	0
LT934125.1	1647	+	27.285874	0	0	0	0	0
LT934125.1	1666	+	54.571748	0	0	0	0	0
LT934125.1	1712	+	81.857622	0	48.602083	0	0	125.865324
LT934125.1	1713	+	81.857622	0	0	0	0	0
LT934125.1	1715	+	81.857622	0	0	0	0	0
LT934125.1	1718	+	27.285874	0	0	0	0	0
LT934125.1	1723	+	54.571748	567.859171	0	0	0	0
LT934125.1	1725	+	0	0	0	0	0	62.932662
LT934125.1	1728	+	0	0	24.301041	241.779497	0	0
LT934125.1	1729	+	27.285874	0	0	0	0	62.932662
LT934125.1	1793	+	0	0	0	0	0	62.932662
LT934125.1	1816	+	27.285874	0	0	0	0	0
LT934125.1	1830	+	0	0	0	0	0	125.865324
LT934125.1	1851	+	0	0	36.451562	0	0	0
LT934125.1	1852	+	27.285874	0	0	0	0	125.865324
LT934125.1	1853	+	0	0	48.602083	0	0	0
LT934125.1	1854	+	54.571748	567.859171	0	0	0	125.865324
LT934125.1	1869	+	0	0	0	0	0	62.932662
LT934125.1	1870	+	27.285874	0	36.451562	0	0	0
LT934125.1	1871	+	163.715245	0	0	0	0	125.865324
LT934125.1	1873	+	0	0	24.301041	0	0	0
LT934125.1	1898	+	27.285874	0	0	0	0	0
LT934125.1	1901	+	27.285874	0	0	0	0	0
LT934125.1	1911	+	0	567.859171	0	0	0	0
LT934125.1	1912	+	27.285874	0	0	0	0	62.932662
LT934125.1	1914	+	27.285874	0	24.301041	0	0	0
LT934125.1	1915	+	27.285874	0	0	0	0	0
LT934125.1	1934	+	27.285874	0	0	0	0	0
LT934125.1	1935	+	0	0	0	0	0	62.932662
LT934125.1	1967	+	27.285874	0	0	0	0	62.932662
LT934125.1	2014	+	0	0	0	0	0	62.932662
LT934125.1	2017	+	0	0	0	241.779497	0	0
LT934125.1	2069	+	27.285874	0	0	0	0	0
LT934125.1	2142	+	0	0	60.752603	0	0	0
LT934125.1	2168	+	0	0	0	0	21.608618	125.865324
LT934125.1	2188	+	0	0	0	0	0	62.932662
LT934125.1	2223	+	0	0	0	0	21.608618	0
LT934125.1	2277	+	0	0	0	0	0	62.932662
LT934125.1	2286	+	0	0	0	0	25.210054	0
LT934125.1	2301	+	0	0	0	0	21.608618	0
LT934125.1	2330	+	0	0	0	0	14.405745	0
LT934125.1	2370	+	0	0	0	0	0	62.932662
LT934125.1	2473	+	0	0	48.602083	0	0	0
LT934125.1	2487	+	0	0	0	0	0	62.932662
LT934125.1	2489	+	27.285874	0	0	0	0	0
LT934125.1	2506	+	0	0	0	0	21.608618	0
LT934125.1	2537	+	0	0	0	0	14.405745	0
LT934125.1	2546	+	0	567.859171	0	0	0	0
LT934125.1	2549	+	27.285874	0	0	0	0	0
LT934125.1	2568	+	0	0	24.301041	0	0	0
LT934125.1	2569	+	0	0	0	0	0	62.932662
LT934125.1	2571	+	0	0	0	0	0	62.932662
LT934125.1	2572	+	0	0	0	0	25.210054	0
LT934125.1	2580	+	0	0	24.301041	0	0	0
LT934125.1	2581	+	0	0	0	0	0	62.932662
LT934125.1	2582	+	0	0	0	0	14.405745	0
LT934125.1	2583	+	0	0	0	0	0	62.932662
LT934125.1	2584	+	54.571748	0	0	0	28.81149	0
LT934125.1	2586	+	81.857622	0	0	0	0	0
LT934125.1	2596	+	0	0	0	0	0	62.932662
LT934125.1	2597	+	0	0	0	0	25.210054	0
LT934125.1	2599	+	54.571748	0	0	0	0	0
LT934125.1	2604	+	27.285874	0	0	0	0	0
LT934125.1	2618	+	0	0	24.301041	0	0	0
LT934125.1	2619	+	0	0	0	0	0	62.932662
LT934125.1	2621	+	0	0	0	0	0	62.932662
LT934125.1	2622	+	0	0	0	0	28.81149	0
LT934125.1	2624	+	27.285874	0	0	0	0	0
LT934125.1	2634	+	0	0	0	0	0	62.932662
LT934125.1	2635	+	0	0	0	0	25.210054	0
LT934125.1	2637	+	27.285874	0	0	0	0	0
LT934125.1	2753	+	0	0	0	241.779497	0	0
LT934125.1	2851	+	27.285874	0	0	0	0	0
LT934125.1	2969	+	0	0	0	0	0	62.932662
LT934125.1	2978	+	0	0	0	241.779497	0	0
LT934125.1	3645	+	0	0	0	241.779497	0	0
LT934125.1	3651	+	0	1703.577513	48.602083	1934.235977	0	0
LT934125.1	3657	+	27.285874	0	0	0	0	0
LT934125.1	3669	+	27.285874	0	0	0	0	0
LT934125.1	3672	+	27.285874	0	0	0	0	0
LT934125.1	3871	+	191.001119	0	0	0	0	0
LT934125.1	3901	+	27.285874	0	0	0	0	0
LT934125.1	3966	+	0	0	0	0	0	62.932662
LT934125.1	3967	+	0	0	24.301041	0	0	0
LT934125.1	4480	+	0	0	24.301041	0	46.818671	0
LT934125.1	4557	+	27.285874	0	0	0	0	0
LT934125.1	4630	+	0	0	0	0	0	62.932662
LT934125.1	4632	+	54.571748	0	72.903124	0	0	62.932662
LT934125.1	4635	+	54.571748	0	24.301041	0	18.007181	0
LT934125.1	4949	+	0	0	0	0	0	62.932662
LT934125.1	4967	+	245.572867	0	0	0	0	0
LT934125.1	4978	+	0	567.859171	0	0	0	0
LT934125.1	5107	+	27.285874	0	0	0	0	0
LT934125.1	6452	+	27.285874	0	0	0	0	0
LT934125.1	6455	+	27.285874	0	0	0	0	0
LT934125.1	6680	+	27.285874	0	0	0	0	0
LT934125.1	6731	+	0	0	0	0	0	62.932662
LT934125.1	6887	+	0	0	0	0	0	62.932662
LT934125.1	7097	+	0	0	0	0	0	62.932662
LT934125.1	7125	+	0	0	0	0	0	62.932662
LT934125.1	7272	+	0	0	0	0	0	62.932662
LT934125.1	7281	+	0	0	0	0	0	62.932662
LT934125.1	7441	+	27.285874	0	0	0	0	0
LT934125.1	7585	+	0	0	0	0	100.840215	0
LT934125.1	7586	+	0	0	0	0	50.420108	0
LT934125.1	7587	+	0	0	36.451562	725.338491	0	125.865324
LT934125.1	7588	+	245.572867	0	315.913537	967.117988	0	1132.787917
LT934125.1	7591	+	654.860978	0	340.214578	1692.45648	237.694793	2706.104468
LT934125.1	7622	+	27.285874	0	0	0	0	0
LT934125.1	7638	+	27.285874	0	0	0	0	0
LT934125.1	7698	+	0	0	0	0	0	62.932662
LT934125.1	7752	+	0	0	0	0	0	62.932662
LT934125.1	7779	+	0	0	0	0	0	62.932662
LT934125.1	7808	+	27.285874	0	0	0	0	0
LT934125.1	7811	+	54.571748	0	36.451562	0	57.62298	62.932662
LT934125.1	7812	+	0	0	0	0	0	62.932662
LT934125.1	7813	+	0	0	0	0	0	62.932662
LT934125.1	7851	+	27.285874	0	0	0	0	0
LT934125.1	7863	+	0	0	0	0	0	62.932662
LT934125.1	8238	+	0	0	24.301041	0	0	0
LT934125.1	8239	+	0	0	0	0	0	62.932662
LT934125.1	8531	+	0	0	24.301041	0	0	0
LT934125.1	8605	+	0	0	0	0	0	62.932662
LT934125.1	8705	+	0	0	0	241.779497	0	0
LT934125.1	8735	+	0	0	24.301041	0	0	0
LT934125.1	8805	+	0	0	0	0	0	62.932662
LT934125.1	8902	+	27.285874	0	0	0	0	62.932662
LT934125.1	8904	+	0	0	24.301041	241.779497	0	0
LT934125.1	9017	+	27.285874	0	0	0	0	0
LT934125.1	9020	+	0	0	48.602083	0	0	0
LT934125.1	9028	+	27.285874	0	0	0	0	0
LT934125.1	9052	+	0	0	0	0	0	62.932662
LT934125.1	9096	+	27.285874	0	0	0	0	0
LT934125.1	9108	+	0	0	1883.330701	725.338491	0	0
LT934125.1	9109	+	2346.585173	567.859171	255.160934	0	2412.962289	0
LT934125.1	9110	+	81.857622	0	0	0	626.649908	62.932662
LT934125.1	9111	+	54.571748	0	0	0	0	0
LT934125.1	9112	+	1036.863216	1135.718342	1117.8479	241.779497	1310.922796	188.797986
LT934125.1	9113	+	8704.193839	0	4021.822335	725.338491	1703.479348	0
LT934125.1	9114	+	27.285874	0	0	0	21.608618	0
LT934125.1	9115	+	654.860978	567.859171	315.913537	0	212.484739	0
LT934125.1	9123	+	0	0	0	241.779497	0	0
LT934125.1	9143	+	27.285874	0	0	0	0	0
LT934125.1	9162	+	27.285874	0	0	0	0	0
LT934125.1	9205	+	27.285874	0	0	0	0	0
LT934125.1	9232	+	27.285874	0	24.301041	0	0	0
LT934125.1	9233	+	54.571748	0	0	0	0	0
LT934125.1	9234	+	27.285874	0	0	0	0	0
LT934125.1	9257	+	27.285874	0	0	0	0	0
LT934125.1	9260	+	27.285874	0	0	0	0	0
LT934125.1	9265	+	0	0	0	0	1058.822258	0
LT934125.1	9266	+	0	1703.577513	0	241.779497	0	0
LT934125.1	9267	+	982.291468	1135.718342	534.622909	1208.897485	237.694793	566.393958
LT934125.1	9268	+	27.285874	0	0	0	18.007181	62.932662
LT934125.1	9269	+	1637.152446	0	1360.858313	1934.235977	0	1573.316551
LT934125.1	9270	+	12633.35971	16467.915957	9671.814437	17891.682785	10908.75041	14474.512272
LT934125.1	9271	+	0	0	48.602083	241.779497	54.021544	125.865324
LT934125.1	9272	+	136.429371	567.859171	97.204165	0	97.238779	62.932662
LT934125.1	9275	+	27.285874	0	24.301041	0	14.405745	0
LT934125.1	9279	+	0	0	24.301041	0	0	0
LT934125.1	9296	+	27.285874	0	0	0	0	0
LT934125.1	9299	+	0	0	0	0	36.014363	0
LT934125.1	9302	+	54.571748	0	0	0	0	0
LT934125.1	9339	+	0	0	0	0	14.405745	62.932662
LT934125.1	9340	+	54.571748	0	0	0	0	0
LT934125.1	9365	+	27.285874	0	0	0	0	0
LT934125.1	9377	+	27.285874	0	0	0	0	0
LT934125.1	9380	+	27.285874	0	0	0	0	0
LT934125.1	9411	+	0	0	0	0	0	62.932662
LT934125.1	9413	+	81.857622	0	48.602083	0	28.81149	0
LT934125.1	9414	+	27.285874	0	911.289049	1450.676983	0	0
LT934125.1	9415	+	1309.721957	1135.718342	0	0	406.962297	692.259283
LT934125.1	9417	+	54.571748	0	0	0	0	0
LT934125.1	9421	+	27.285874	0	0	0	0	0
LT934125.1	9423	+	0	567.859171	0	0	0	0
LT934125.1	9434	+	0	0	36.451562	0	0	0
LT934125.1	9436	+	0	0	24.301041	0	0	0
LT934125.1	9437	+	54.571748	0	0	0	25.210054	0
LT934125.1	9444	+	0	0	24.301041	0	0	0
LT934125.1	9459	+	27.285874	0	0	0	0	0
LT934125.1	9461	+	27.285874	0	0	0	0	0
LT934125.1	9473	+	0	0	24.301041	0	0	0
LT934125.1	9478	+	0	0	0	0	0	62.932662
LT934125.1	9479	+	0	0	85.053645	483.558994	0	0
LT934125.1	9480	+	327.430489	0	0	0	108.043088	188.797986
LT934125.1	9487	+	27.285874	0	0	0	0	62.932662
LT934125.1	9488	+	0	0	0	0	0	125.865324
LT934125.1	9489	+	109.143496	0	0	0	0	0
LT934125.1	9490	+	0	0	24.301041	0	0	0
LT934125.1	9491	+	27.285874	0	0	0	0	0
LT934125.1	9510	+	0	0	0	0	14.405745	0
LT934125.1	9538	+	27.285874	0	0	0	0	0
LT934125.1	9545	+	0	0	0	0	0	125.865324
LT934125.1	9547	+	0	0	0	0	18.007181	0
LT934125.1	9548	+	218.286993	0	97.204165	0	270.107719	503.461296
LT934125.1	9549	+	27.285874	0	0	0	0	0
LT934125.1	9550	+	0	0	24.301041	241.779497	104.441651	0
LT934125.1	9554	+	27.285874	0	0	0	0	0
LT934125.1	9558	+	27.285874	0	0	0	0	62.932662
LT934125.1	9583	+	27.285874	0	0	0	0	0
LT934125.1	9585	+	0	0	0	0	0	62.932662
LT934125.1	9586	+	27.285874	0	0	0	0	0
LT934125.1	9592	+	0	0	0	0	21.608618	0
LT934125.1	9607	+	27.285874	0	0	0	0	0
LT934125.1	9609	+	0	0	0	241.779497	0	62.932662
LT934125.1	9611	+	0	0	0	0	21.608618	0
LT934125.1	9612	+	27.285874	0	24.301041	241.779497	0	0
LT934125.1	9638	+	0	0	0	0	97.238779	0
LT934125.1	9639	+	0	567.859171	0	0	0	0
LT934125.1	9640	+	163.715245	0	97.204165	0	0	125.865324
LT934125.1	9641	+	27.285874	0	0	0	752.700177	0
LT934125.1	9642	+	54.571748	0	60.752603	241.779497	93.637343	0
LT934125.1	9643	+	191.001119	0	765.482801	0	24680.64264	881.057269
LT934125.1	9644	+	436.573986	0	947.740611	2176.015474	1310.922796	1195.720579
LT934125.1	9645	+	300.144615	1135.718342	449.569264	241.779497	93.637343	566.393958
LT934125.1	9646	+	18336.107397	22146.507666	16050.837778	9671.179884	0	16928.886092
LT934125.1	9647	+	1282.436083	567.859171	777.633322	967.117988	511.403948	251.730648
LT934125.1	9648	+	54.571748	0	97.204165	241.779497	54.021544	125.865324
LT934125.1	9650	+	0	0	60.752603	241.779497	82.833034	125.865324
LT934125.1	9657	+	0	0	36.451562	0	0	0
LT934125.1	9668	+	0	0	0	0	0	62.932662
LT934125.1	9677	+	0	0	0	0	172.86894	0
LT934125.1	9679	+	81.857622	0	60.752603	241.779497	0	62.932662
LT934125.1	9684	+	27.285874	0	0	0	0	0
LT934125.1	9692	+	0	0	0	0	14.405745	0
LT934125.1	9693	+	0	0	36.451562	0	0	0
LT934125.1	9699	+	0	0	48.602083	0	0	0
LT934125.1	9705	+	27.285874	0	0	0	0	0
LT934125.1	9706	+	0	0	121.505206	0	0	0
LT934125.1	9707	+	218.286993	0	48.602083	0	172.86894	377.595972
LT934125.1	9708	+	54.571748	0	0	0	75.630161	251.730648
LT934125.1	9709	+	0	0	0	0	68.427289	0
LT934125.1	9710	+	54.571748	0	60.752603	0	28.81149	188.797986
LT934125.1	9712	+	0	0	24.301041	0	0	0
LT934125.1	9713	+	0	0	0	0	25.210054	0
LT934125.1	9714	+	27.285874	0	0	0	0	0
LT934125.1	9715	+	81.857622	0	0	0	0	0
LT934125.1	9716	+	0	0	0	0	21.608618	0
LT934125.1	9720	+	81.857622	0	0	0	0	0
LT934125.1	9721	+	0	0	0	0	140.456014	0
LT934125.1	9723	+	0	0	170.107289	0	0	62.932662
LT934125.1	9724	+	27.285874	0	0	0	14.405745	62.932662
LT934125.1	9727	+	0	0	0	0	0	62.932662
LT934125.1	9728	+	0	1135.718342	0	0	82.833034	0
LT934125.1	9729	+	491.145734	0	182.25781	0	0	0
LT934125.1	9740	+	0	0	0	0	32.412926	62.932662
LT934125.1	9742	+	0	0	85.053645	0	0	0
LT934125.1	9743	+	136.429371	0	0	0	32.412926	0
LT934125.1	9750	+	163.715245	0	60.752603	0	0	0
LT934125.1	9753	+	27.285874	0	0	0	0	0
LT934125.1	9756	+	354.716363	0	0	0	0	0
LT934125.1	9757	+	0	0	0	0	36.014363	0
LT934125.1	9759	+	1227.864335	0	24.301041	241.779497	0	188.797986
LT934125.1	9760	+	0	0	0	0	309.723518	0
LT934125.1	9762	+	81.857622	0	643.977594	0	0	251.730648
LT934125.1	9764	+	0	0	24.301041	0	0	0
LT934125.1	9768	+	0	0	0	0	21.608618	0
LT934125.1	9771	+	54.571748	0	24.301041	0	0	62.932662
LT934125.1	9782	+	0	0	24.301041	0	0	0
LT934125.1	9783	+	27.285874	0	0	0	0	0
LT934125.1	9789	+	27.285874	0	0	0	0	0
LT934125.1	9792	+	0	0	36.451562	241.779497	0	0
LT934125.1	9803	+	0	0	0	0	61.224416	0
LT934125.1	9804	+	163.715245	0	157.956768	241.779497	0	62.932662
LT934125.1	9805	+	54.571748	0	0	0	0	0
LT934125.1	9807	+	54.571748	0	0	0	0	0
LT934125.1	9817	+	27.285874	0	0	0	0	0
LT934125.1	9820	+	0	1135.718342	0	0	21.608618	0
LT934125.1	9821	+	0	0	36.451562	0	0	0
LT934125.1	9837	+	0	0	24.301041	0	0	62.932662
LT934125.1	9840	+	27.285874	0	0	0	0	0
LT934125.1	9843	+	0	567.859171	0	0	0	0
LT934125.1	9850	+	0	0	0	0	14.405745	0
LT934125.1	9859	+	0	0	48.602083	0	0	0
LT934125.1	9862	+	191.001119	0	0	0	36.014363	62.932662
LT934125.1	9864	+	0	567.859171	0	0	0	0
LT934125.1	9866	+	0	0	0	0	21.608618	0
LT934125.1	9867	+	54.571748	0	85.053645	0	0	125.865324
LT934125.1	9879	+	27.285874	0	0	0	0	0
LT934125.1	9888	+	27.285874	0	0	0	0	0
LT934125.1	9889	+	0	0	0	0	21.608618	0
LT934125.1	9896	+	0	0	24.301041	0	0	0
LT934125.1	9897	+	0	0	0	0	14.405745	188.797986
LT934125.1	9909	+	27.285874	0	0	0	0	0
LT934125.1	9910	+	0	0	0	0	72.028725	0
LT934125.1	9920	+	0	0	24.301041	0	0	0
LT934125.1	9932	+	0	0	303.763016	483.558994	0	62.932662
LT934125.1	9933	+	436.573986	567.859171	0	0	230.49192	503.461296
LT934125.1	9939	+	0	0	0	0	0	125.865324
LT934125.1	9941	+	0	0	0	0	147.658886	0
LT934125.1	9942	+	382.002237	0	121.505206	0	0	0
LT934125.1	9949	+	0	0	0	0	43.217235	0
LT934125.1	9951	+	0	0	36.451562	0	0	62.932662
LT934125.1	9963	+	27.285874	0	24.301041	0	0	0
LT934125.1	9971	+	0	0	97.204165	0	0	0
LT934125.1	9972	+	0	0	0	0	0	62.932662
LT934125.1	9983	+	0	0	0	0	14.405745	0
LT934125.1	9996	+	54.571748	0	0	0	0	0
LT934125.1	9998	+	81.857622	0	109.354686	0	21.608618	62.932662
LT934125.1	9999	+	27.285874	0	48.602083	0	0	0
LT934125.1	10005	+	0	0	0	0	18.007181	0
LT934125.1	10007	+	0	0	48.602083	0	0	0
LT934125.1	10008	+	27.285874	0	0	0	21.608618	62.932662
LT934125.1	10009	+	0	0	0	0	28.81149	0
LT934125.1	10010	+	0	0	0	0	0	62.932662
LT934125.1	10011	+	81.857622	0	36.451562	0	0	0
LT934125.1	10012	+	0	0	0	0	28.81149	0
LT934125.1	10014	+	0	0	85.053645	0	0	0
LT934125.1	10035	+	54.571748	0	0	0	0	0
LT934125.1	10045	+	0	0	0	0	21.608618	0
LT934125.1	10046	+	27.285874	0	24.301041	0	0	0
LT934125.1	10059	+	0	0	0	241.779497	0	0
LT934125.1	10065	+	27.285874	0	0	0	0	62.932662
LT934125.1	10077	+	0	0	0	0	14.405745	0
LT934125.1	10087	+	0	0	72.903124	0	0	0
LT934125.1	10088	+	54.571748	0	315.913537	241.779497	18.007181	62.932662
LT934125.1	10089	+	436.573986	0	0	0	151.260323	188.797986
LT934125.1	10105	+	54.571748	0	0	0	0	0
LT934125.1	10111	+	27.285874	0	0	0	0	0
LT934125.1	10126	+	27.285874	0	0	0	0	0
LT934125.1	10131	+	27.285874	0	0	0	0	0
LT934125.1	10135	+	0	0	0	0	0	62.932662
LT934125.1	10142	+	27.285874	0	24.301041	241.779497	0	0
LT934125.1	10143	+	81.857622	0	0	0	0	0
LT934125.1	10149	+	27.285874	0	0	0	0	0
LT934125.1	10159	+	27.285874	0	0	0	0	0
LT934125.1	10163	+	0	0	0	0	18.007181	0
LT934125.1	10164	+	272.858741	0	109.354686	0	0	0
LT934125.1	10166	+	27.285874	0	0	0	0	0
LT934125.1	10184	+	27.285874	0	0	0	0	0
LT934125.1	10205	+	27.285874	0	0	0	0	0
LT934125.1	10218	+	0	0	24.301041	0	0	0
LT934125.1	10258	+	27.285874	0	0	0	0	0
LT934125.1	10267	+	27.285874	0	0	0	0	0
LT934125.1	10334	+	27.285874	0	0	0	0	0
LT934125.1	10426	+	0	0	0	0	32.412926	0
LT934125.1	10428	+	0	0	0	0	8204.071784	0
LT934125.1	10429	+	0	0	0	0	266.506283	0
LT934125.1	10431	+	600.28923	0	1397.309875	241.779497	0	566.393958
LT934125.1	10432	+	27.285874	0	0	0	111.644524	62.932662
LT934125.1	10433	+	0	0	170.107289	0	947.177734	125.865324
LT934125.1	10434	+	0	0	0	0	18.007181	0
LT934125.1	10435	+	0	0	48.602083	0	309.723518	125.865324
LT934125.1	10436	+	0	0	0	0	25.210054	0
LT934125.1	10461	+	0	0	0	0	46.818671	0
LT934125.1	10521	+	0	0	0	0	0	62.932662
LT934125.1	10620	+	27.285874	0	0	0	0	0
LT934125.1	10628	+	0	0	0	0	0	62.932662
LT934125.1	10694	+	27.285874	0	0	0	0	0
LT934125.1	10784	+	0	0	0	0	18.007181	0
LT934125.1	10794	+	0	0	0	0	14.405745	0
LT934125.1	10859	+	27.285874	0	0	0	0	0
LT934125.1	10888	+	27.285874	0	0	0	0	0
LT934125.1	10956	+	0	0	0	0	0	62.932662
LT934125.1	10997	+	0	0	0	0	0	62.932662
LT934125.1	10998	+	0	0	0	0	18.007181	0
LT934125.1	10999	+	27.285874	0	0	0	0	0
LT934125.1	11040	+	0	0	0	0	0	62.932662
LT934125.1	11063	+	0	0	24.301041	0	0	0
LT934125.1	11153	+	27.285874	0	0	0	0	0
LT934125.1	11270	+	27.285874	0	0	0	0	0
LT934125.1	11499	+	27.285874	0	0	0	0	0
LT934125.1	11526	+	0	0	0	0	18.007181	0
LT934125.1	11605	+	0	0	0	0	14.405745	0
LT934125.1	11606	+	27.285874	567.859171	0	0	0	0
LT934125.1	11628	+	0	0	0	0	158.463195	0
LT934125.1	11631	+	327.430489	0	170.107289	0	0	0
LT934125.1	11636	+	27.285874	0	0	0	0	0
LT934125.1	11639	+	0	0	0	0	36.014363	0
LT934125.1	11640	+	54.571748	0	36.451562	0	0	0
LT934125.1	11655	+	27.285874	0	0	0	0	0
LT934125.1	11701	+	27.285874	0	0	0	0	0
LT934125.1	11726	+	0	0	0	0	0	62.932662
LT934125.1	11756	+	27.285874	0	0	0	21.608618	0
LT934125.1	11757	+	0	0	0	0	28.81149	0
LT934125.1	11758	+	54.571748	0	24.301041	0	0	0
LT934125.1	11760	+	54.571748	0	267.311454	0	0	0
LT934125.1	11761	+	518.431608	0	0	0	298.919209	125.865324
LT934125.1	11762	+	0	0	0	0	18.007181	0
LT934125.1	11775	+	54.571748	0	24.301041	0	0	0
LT934125.1	11785	+	27.285874	0	0	0	0	0
LT934125.1	11787	+	0	0	0	0	0	188.797986
LT934125.1	11788	+	0	0	24.301041	241.779497	0	0
LT934125.1	11789	+	0	0	352.365099	0	201.68043	0
LT934125.1	11790	+	163.715245	0	862.686966	483.558994	561.824055	0
LT934125.1	11791	+	1064.14909	0	1069.245817	1692.45648	1660.262113	440.528634
LT934125.1	11792	+	1664.43832	0	22053.194979	8220.502901	2758.70017	314.66331
LT934125.1	11793	+	18990.968376	10789.324248	984.192173	1450.676983	55141.590466	4342.353682
LT934125.1	11794	+	736.718601	2271.436684	24.301041	0	15831.913767	3713.027061
LT934125.1	11796	+	7203.470763	567.859171	2284.297882	483.558994	2384.150799	314.66331
LT934125.1	11797	+	2373.871047	0	1105.697379	0	288.1149	314.66331
LT934125.1	11798	+	27.285874	0	60.752603	0	18.007181	0
LT934125.1	11800	+	27.285874	0	24.301041	0	90.035906	0
LT934125.1	11805	+	0	0	0	241.779497	21.608618	0
LT934125.1	11818	+	27.285874	0	0	0	0	0
LT934125.1	11819	+	0	0	0	0	25.210054	0
LT934125.1	11825	+	0	0	0	0	25.210054	0
LT934125.1	11826	+	0	0	24.301041	0	0	0
LT934125.1	11835	+	0	0	24.301041	0	0	0
LT934125.1	11840	+	0	0	0	0	0	62.932662
LT934125.1	11841	+	0	0	0	0	14.405745	0
LT934125.1	11844	+	54.571748	0	0	0	0	0
LT934125.1	11847	+	54.571748	0	0	0	0	0
LT934125.1	11859	+	0	0	0	0	21.608618	0
LT934125.1	11861	+	0	0	0	0	0	62.932662
LT934125.1	11863	+	0	0	0	0	64.825853	0
LT934125.1	11864	+	27.285874	0	0	0	0	0
LT934125.1	11872	+	0	0	0	0	21.608618	0
LT934125.1	11883	+	0	0	0	0	14.405745	0
LT934125.1	11885	+	0	0	0	0	32.412926	0
LT934125.1	11886	+	27.285874	0	0	0	0	0
LT934125.1	11888	+	0	0	0	0	36.014363	0
LT934125.1	11908	+	0	0	0	0	18.007181	0
LT934125.1	11920	+	0	0	48.602083	241.779497	39.615799	0
LT934125.1	11921	+	0	0	0	0	201.68043	0
LT934125.1	11922	+	0	0	0	0	43.217235	0
LT934125.1	11923	+	54.571748	0	0	0	0	0
LT934125.1	11925	+	81.857622	0	0	0	25.210054	0
LT934125.1	11926	+	0	0	0	0	39.615799	0
LT934125.1	11928	+	0	0	0	0	36.014363	0
LT934125.1	11929	+	0	0	0	0	32.412926	0
LT934125.1	11930	+	0	0	0	0	0	62.932662
LT934125.1	11935	+	0	0	0	0	14.405745	0
LT934125.1	11936	+	0	0	24.301041	0	25.210054	0
LT934125.1	11937	+	0	0	85.053645	0	0	0
LT934125.1	11938	+	27.285874	0	0	0	50.420108	0
LT934125.1	11941	+	27.285874	0	0	0	0	0
LT934125.1	11945	+	27.285874	0	0	0	0	0
LT934125.1	11946	+	0	0	0	0	0	62.932662
LT934125.1	11958	+	0	0	0	0	18.007181	0
LT934125.1	11962	+	27.285874	0	0	0	0	0
LT934125.1	11969	+	0	0	0	0	18.007181	0
LT934125.1	11970	+	0	0	0	0	25.210054	0
LT934125.1	11971	+	27.285874	0	0	0	0	0
LT934125.1	11973	+	0	0	36.451562	0	14.405745	0
LT934125.1	11974	+	81.857622	0	0	0	39.615799	0
LT934125.1	11976	+	54.571748	0	194.40833	0	79.231598	0
LT934125.1	11977	+	300.144615	567.859171	0	0	295.317773	0
LT934125.1	11979	+	0	0	36.451562	0	18.007181	0
LT934125.1	11980	+	27.285874	0	0	0	39.615799	0
LT934125.1	11991	+	27.285874	0	0	0	0	0
LT934125.1	12004	+	27.285874	0	0	0	0	0
LT934125.1	12006	+	0	0	24.301041	0	0	0
LT934125.1	12009	+	27.285874	0	48.602083	0	14.405745	0
LT934125.1	12010	+	0	0	0	0	39.615799	0
LT934125.1	12013	+	27.285874	0	0	0	0	0
LT934125.1	12015	+	0	0	24.301041	0	0	0
LT934125.1	12016	+	27.285874	0	48.602083	0	50.420108	0
LT934125.1	12017	+	54.571748	0	0	0	18.007181	0
LT934125.1	12018	+	0	0	36.451562	0	43.217235	0
LT934125.1	12019	+	109.143496	0	0	0	100.840215	62.932662
LT934125.1	12020	+	0	0	48.602083	0	21.608618	0
LT934125.1	12021	+	163.715245	0	121.505206	0	72.028725	0
LT934125.1	12022	+	382.002237	0	0	0	316.92639	0
LT934125.1	12023	+	0	0	0	0	82.833034	0
LT934125.1	12024	+	54.571748	0	0	0	0	0
LT934125.1	12025	+	0	0	0	0	32.412926	0
LT934125.1	12027	+	27.285874	0	48.602083	0	0	0
LT934125.1	12028	+	109.143496	0	0	0	100.840215	0
LT934125.1	12030	+	0	0	133.655727	0	36.014363	62.932662
LT934125.1	12031	+	136.429371	0	0	0	136.854578	0
LT934125.1	12033	+	27.285874	0	0	0	0	0
LT934125.1	12035	+	27.285874	0	60.752603	0	54.021544	0
LT934125.1	12036	+	27.285874	0	0	0	90.035906	62.932662
LT934125.1	12042	+	0	0	0	0	18.007181	0
LT934125.1	12045	+	0	0	36.451562	0	21.608618	62.932662
LT934125.1	12046	+	0	0	0	0	14.405745	0
LT934125.1	12047	+	54.571748	0	0	0	0	0
LT934125.1	12048	+	0	0	0	0	36.014363	0
LT934125.1	12052	+	0	0	0	0	61.224416	0
LT934125.1	12053	+	27.285874	0	0	0	0	0
LT934125.1	12056	+	0	0	60.752603	0	0	0
LT934125.1	12057	+	54.571748	0	194.40833	0	64.825853	0
LT934125.1	12058	+	300.144615	0	72.903124	241.779497	201.68043	0
LT934125.1	12059	+	136.429371	0	0	0	259.30341	125.865324
LT934125.1	12061	+	0	0	0	0	21.608618	0
LT934125.1	12063	+	0	0	60.752603	0	14.405745	0
LT934125.1	12064	+	27.285874	0	0	0	46.818671	0
LT934125.1	12065	+	0	0	0	0	0	125.865324
LT934125.1	12066	+	0	0	36.451562	0	14.405745	0
LT934125.1	12067	+	0	0	230.859892	241.779497	0	0
LT934125.1	12068	+	382.002237	0	133.655727	0	345.73788	0
LT934125.1	12069	+	136.429371	0	60.752603	0	111.644524	0
LT934125.1	12070	+	54.571748	0	0	0	82.833034	0
LT934125.1	12080	+	0	0	24.301041	0	0	0
LT934125.1	12081	+	0	0	24.301041	241.779497	25.210054	0
LT934125.1	12082	+	136.429371	0	0	0	61.224416	0
LT934125.1	12085	+	27.285874	0	0	0	0	0
LT934125.1	12087	+	0	0	36.451562	0	0	62.932662
LT934125.1	12088	+	54.571748	0	0	0	32.412926	0
LT934125.1	12091	+	0	0	0	0	18.007181	0
LT934125.1	12093	+	27.285874	0	36.451562	0	25.210054	0
LT934125.1	12094	+	54.571748	0	0	0	54.021544	0
LT934125.1	12101	+	0	0	0	0	0	62.932662
LT934125.1	12104	+	27.285874	0	48.602083	0	21.608618	0
LT934125.1	12105	+	0	0	0	0	14.405745	0
LT934125.1	12109	+	0	0	85.053645	0	14.405745	0
LT934125.1	12110	+	54.571748	0	0	0	126.050269	0
LT934125.1	12111	+	54.571748	0	48.602083	0	39.615799	0
LT934125.1	12112	+	81.857622	0	0	0	75.630161	0
LT934125.1	12113	+	54.571748	0	0	0	25.210054	0
LT934125.1	12114	+	0	0	0	0	172.86894	0
LT934125.1	12115	+	218.286993	0	48.602083	0	0	62.932662
LT934125.1	12124	+	27.285874	0	0	0	0	0
LT934125.1	12128	+	27.285874	0	72.903124	0	0	0
LT934125.1	12129	+	54.571748	0	24.301041	0	82.833034	0
LT934125.1	12130	+	27.285874	0	0	0	21.608618	0
LT934125.1	12142	+	27.285874	0	0	0	0	0
LT934125.1	12149	+	0	0	0	0	14.405745	0
LT934125.1	12156	+	0	0	0	0	14.405745	0
LT934125.1	12157	+	27.285874	0	0	0	0	0
LT934125.1	12162	+	0	0	24.301041	0	0	0
LT934125.1	12166	+	0	0	0	483.558994	0	0
LT934125.1	12169	+	0	0	0	0	14.405745	0
LT934125.1	12172	+	0	567.859171	0	0	0	0
LT934125.1	12180	+	0	0	24.301041	0	0	0
LT934125.1	12204	+	0	0	0	0	0	62.932662
LT934125.1	12209	+	0	0	24.301041	0	0	0
LT934125.1	12211	+	27.285874	0	0	0	21.608618	62.932662
LT934125.1	12373	+	27.285874	0	0	0	0	0
LT934125.1	12416	+	54.571748	0	0	0	14.405745	0
LT934125.1	12435	+	27.285874	0	0	0	0	0
LT934125.1	12437	+	54.571748	0	0	0	0	0
LT934125.1	12447	+	0	0	24.301041	0	0	0
LT934125.1	12842	+	0	0	0	0	18.007181	0
LT934125.1	13296	+	0	0	0	241.779497	0	0
LT934125.1	13326	+	0	0	0	0	0	62.932662
LT934125.1	13374	+	0	0	24.301041	0	0	0
LT934125.1	13405	+	0	0	0	241.779497	0	0
LT934125.1	13593	+	0	0	0	0	14.405745	0
LT934125.1	13598	+	0	0	0	0	14.405745	0
LT934125.1	13858	+	0	0	36.451562	0	0	0
LT934125.1	13979	+	0	0	24.301041	0	0	0
LT934125.1	13992	+	0	0	24.301041	0	0	0
LT934125.1	14019	+	27.285874	0	0	0	0	0
LT934125.1	14043	+	0	0	24.301041	0	0	0
LT934125.1	14044	+	81.857622	0	48.602083	0	54.021544	125.865324
LT934125.1	14045	+	491.145734	0	0	3626.692456	28.81149	62.932662
LT934125.1	14046	+	0	0	0	0	8081.622951	0
LT934125.1	14047	+	163.715245	5110.732538	449.569264	0	277.310591	251.730648
LT934125.1	14048	+	3410.734263	1703.577513	5990.20668	725.338491	4581.026914	14096.9163
LT934125.1	14050	+	27.285874	0	85.053645	0	82.833034	377.595972
LT934125.1	14051	+	436.573986	0	473.870305	725.338491	716.685814	1258.653241
LT934125.1	14053	+	0	0	0	0	14.405745	0
LT934125.1	14078	+	0	0	0	0	0	62.932662
LT934125.1	14101	+	0	0	0	0	0	62.932662
LT934125.1	14109	+	27.285874	0	0	0	0	0
LT934125.1	14135	+	0	0	0	0	0	62.932662
LT934125.1	14137	+	27.285874	0	0	0	0	0
LT934125.1	14138	+	54.571748	567.859171	0	0	21.608618	0
LT934125.1	14139	+	27.285874	0	0	0	0	0
LT934125.1	14175	+	0	0	0	0	0	62.932662
LT934125.1	14176	+	0	0	0	0	0	62.932662
LT934125.1	14191	+	0	0	0	0	0	62.932662
LT934125.1	14207	+	27.285874	0	0	0	0	0
LT934125.1	14267	+	0	0	0	0	0	62.932662
LT934125.1	14294	+	0	0	0	0	18.007181	0
LT934125.1	14296	+	0	0	0	0	0	62.932662
LT934125.1	14322	+	0	0	0	0	0	62.932662
LT934125.1	14338	+	27.285874	0	0	0	0	0
LT934125.1	14350	+	27.285874	0	0	0	0	0
LT934125.1	14398	+	27.285874	0	0	0	0	0
LT934125.1	14400	+	0	0	24.301041	0	0	0
LT934125.1	14425	+	27.285874	0	0	0	0	0
LT934125.1	14468	+	27.285874	0	0	0	0	0
LT934125.1	14537	+	0	0	24.301041	0	0	0
LT934125.1	14547	+	0	0	0	241.779497	0	0
LT934125.1	14560	+	27.285874	0	0	0	0	0
LT934125.1	14562	+	0	0	24.301041	0	0	0
LT934125.1	14563	+	0	0	0	0	14.405745	0
LT934125.1	14603	+	0	0	0	0	0	62.932662
LT934125.1	14605	+	0	0	0	0	46.818671	0
LT934125.1	14606	+	81.857622	0	60.752603	0	0	0
LT934125.1	14654	+	0	0	0	0	0	62.932662
LT934125.1	14674	+	27.285874	0	0	0	0	0
LT934125.1	14683	+	27.285874	0	0	0	0	0
LT934125.1	14684	+	27.285874	0	0	0	0	0
LT934125.1	14741	+	27.285874	0	0	0	0	0
LT934125.1	14791	+	27.285874	0	36.451562	0	0	0
LT934125.1	14821	+	0	0	0	0	28.81149	0
LT934125.1	14822	+	81.857622	0	60.752603	0	0	62.932662
LT934125.1	14854	+	54.571748	0	0	0	0	0
LT934125.1	14861	+	0	0	0	0	18.007181	0
LT934125.1	14863	+	27.285874	0	0	0	0	0
LT934125.1	14866	+	27.285874	0	0	0	0	0
LT934125.1	14932	+	54.571748	0	0	0	0	0
LT934125.1	14933	+	0	0	0	0	14.405745	0
LT934125.1	14935	+	0	0	24.301041	0	0	62.932662
LT934125.1	14943	+	0	0	0	0	0	62.932662
LT934125.1	14951	+	27.285874	0	0	0	0	0
LT934125.1	14955	+	0	0	0	0	36.014363	0
LT934125.1	14956	+	109.143496	0	24.301041	0	0	0
LT934125.1	14986	+	27.285874	0	0	0	0	0
LT934125.1	15028	+	27.285874	0	0	0	0	0
LT934125.1	15049	+	0	0	24.301041	0	0	0
LT934125.1	15054	+	0	0	0	241.779497	0	0
LT934125.1	15078	+	0	0	0	241.779497	0	0
LT934125.1	15085	+	0	0	0	0	18.007181	0
LT934125.1	15097	+	27.285874	0	0	0	0	0
LT934125.1	15102	+	0	0	0	0	0	62.932662
LT934125.1	15109	+	0	0	0	0	0	62.932662
LT934125.1	15113	+	27.285874	0	0	0	0	0
LT934125.1	15139	+	27.285874	0	0	0	0	0
LT934125.1	15172	+	54.571748	0	24.301041	0	0	62.932662
LT934125.1	15174	+	0	0	0	0	14.405745	0
LT934125.1	15175	+	27.285874	0	0	0	0	0
LT934125.1	15179	+	27.285874	0	0	0	0	0
LT934125.1	15185	+	54.571748	0	0	0	0	0
LT934125.1	15186	+	0	0	0	0	14.405745	0
LT934125.1	15187	+	81.857622	0	24.301041	241.779497	0	0
LT934125.1	15201	+	54.571748	0	0	0	0	0
LT934125.1	15219	+	27.285874	0	0	0	0	0
LT934125.1	15229	+	27.285874	0	0	0	0	0
LT934125.1	15251	+	0	0	0	0	0	62.932662
LT934125.1	15271	+	27.285874	0	0	0	0	0
LT934125.1	15285	+	27.285874	0	0	0	0	0
LT934125.1	15286	+	0	0	0	0	14.405745	0
LT934125.1	15321	+	0	0	0	0	0	62.932662
LT934125.1	15327	+	0	0	0	0	0	62.932662
LT934125.1	15345	+	0	0	0	241.779497	0	0
LT934125.1	15346	+	136.429371	567.859171	0	0	21.608618	0
LT934125.1	15348	+	27.285874	0	0	0	0	0
LT934125.1	15357	+	27.285874	0	0	0	0	0
LT934125.1	15359	+	27.285874	0	0	0	0	0
LT934125.1	15360	+	0	0	0	0	0	62.932662
LT934125.1	15366	+	27.285874	0	0	0	0	0
LT934125.1	15374	+	0	0	24.301041	0	0	0
LT934125.1	15377	+	0	0	0	0	25.210054	0
LT934125.1	15380	+	81.857622	0	36.451562	0	0	0
LT934125.1	15385	+	27.285874	0	0	0	0	0
LT934125.1	15418	+	27.285874	0	0	0	0	0
LT934125.1	15427	+	0	0	24.301041	0	0	0
LT934125.1	15445	+	0	0	0	0	0	62.932662
LT934125.1	15511	+	27.285874	0	24.301041	0	0	0
LT934125.1	15513	+	0	0	0	0	21.608618	125.865324
LT934125.1	15514	+	0	0	0	0	18.007181	0
LT934125.1	15527	+	0	0	36.451562	0	0	0
LT934125.1	15533	+	81.857622	0	0	0	0	0
LT934125.1	15534	+	0	0	0	0	90.035906	0
LT934125.1	15536	+	0	0	36.451562	0	0	0
LT934125.1	15541	+	27.285874	0	0	0	0	0
LT934125.1	15550	+	0	1135.718342	0	0	0	0
LT934125.1	15557	+	0	0	0	0	14.405745	0
LT934125.1	15588	+	27.285874	0	0	0	0	0
LT934125.1	15589	+	27.285874	0	0	0	0	0
LT934125.1	15591	+	54.571748	0	0	0	0	0
LT934125.1	15592	+	0	0	36.451562	0	21.608618	0
LT934125.1	15593	+	191.001119	0	0	0	68.427289	0
LT934125.1	15594	+	54.571748	0	0	0	18.007181	0
LT934125.1	15595	+	0	0	0	0	14.405745	0
LT934125.1	15596	+	0	0	0	0	0	251.730648
LT934125.1	15597	+	0	0	24.301041	0	0	0
LT934125.1	15598	+	54.571748	0	218.709372	0	25.210054	0
LT934125.1	15599	+	300.144615	1703.577513	0	0	158.463195	0
LT934125.1	15610	+	54.571748	0	0	0	0	62.932662
LT934125.1	15616	+	27.285874	0	0	0	0	0
LT934125.1	15619	+	27.285874	0	0	0	0	0
LT934125.1	15620	+	27.285874	0	0	0	0	0
LT934125.1	15621	+	27.285874	0	0	0	18.007181	0
LT934125.1	15622	+	54.571748	0	0	0	0	0
LT934125.1	15624	+	27.285874	0	0	0	0	0
LT934125.1	15629	+	109.143496	0	0	0	0	0
LT934125.1	15638	+	81.857622	0	0	0	0	0
LT934125.1	15639	+	0	0	0	0	54.021544	0
LT934125.1	15641	+	0	0	24.301041	0	0	62.932662
LT934125.1	15643	+	27.285874	0	0	0	0	0
LT934125.1	15644	+	0	0	0	0	28.81149	0
LT934125.1	15647	+	54.571748	0	0	0	0	0
LT934125.1	15648	+	0	0	36.451562	241.779497	0	0
LT934125.1	15649	+	0	0	0	0	18.007181	62.932662
LT934125.1	15652	+	54.571748	0	0	0	0	0
LT934125.1	15658	+	54.571748	0	0	0	0	62.932662
LT934125.1	15679	+	0	0	0	0	0	62.932662
LT934125.1	15694	+	27.285874	0	0	0	0	0
LT934125.1	15696	+	27.285874	0	72.903124	241.779497	0	0
LT934125.1	15697	+	191.001119	0	0	0	64.825853	62.932662
LT934125.1	15710	+	0	0	0	0	32.412926	0
LT934125.1	15711	+	54.571748	0	0	0	0	0
LT934125.1	15721	+	0	0	0	0	21.608618	0
LT934125.1	15722	+	27.285874	0	36.451562	0	0	0
LT934125.1	15728	+	27.285874	0	0	0	0	0
LT934125.1	15739	+	27.285874	0	0	0	0	0
LT934125.1	15752	+	54.571748	0	0	0	50.420108	0
LT934125.1	15753	+	27.285874	0	0	0	0	0
LT934125.1	15760	+	0	0	0	0	14.405745	0
LT934125.1	15763	+	27.285874	0	0	0	0	0
LT934125.1	15768	+	0	0	0	0	25.210054	0
LT934125.1	15769	+	109.143496	0	24.301041	0	0	125.865324
LT934125.1	15788	+	0	0	0	0	0	62.932662
LT934125.1	15792	+	0	0	0	241.779497	0	0
LT934125.1	15796	+	27.285874	0	0	0	0	0
LT934125.1	15805	+	27.285874	0	0	0	0	0
LT934125.1	15809	+	27.285874	0	0	0	0	0
LT934125.1	15810	+	0	567.859171	0	0	0	0
LT934125.1	15812	+	27.285874	0	0	0	0	0
LT934125.1	15823	+	27.285874	0	0	0	0	0
LT934125.1	15829	+	27.285874	0	0	0	0	0
LT934125.1	15846	+	0	0	0	0	0	62.932662
LT934125.1	15857	+	0	0	36.451562	0	0	0
LT934125.1	15858	+	27.285874	0	0	0	0	0
LT934125.1	15874	+	0	0	0	0	0	62.932662
LT934125.1	15914	+	27.285874	0	0	0	0	0
LT934125.1	15952	+	54.571748	0	0	0	0	0
LT934125.1	15960	+	0	0	0	241.779497	0	0
LT934125.1	15982	+	0	0	0	0	0	62.932662
LT934125.1	16604	+	0	0	0	241.779497	0	0
LT934125.1	16632	+	0	567.859171	0	0	0	0
LT934125.1	16657	+	0	0	0	0	0	62.932662
LT934125.1	16734	+	27.285874	0	0	0	0	0
LT934125.1	16950	+	27.285874	0	0	0	0	0
LT934125.1	17395	+	0	0	0	0	0	125.865324
LT934125.1	17398	+	27.285874	0	0	0	0	0
LT934125.1	18476	+	27.285874	0	0	0	0	0
LT934125.1	18710	+	0	0	0	241.779497	0	0
LT934125.1	18908	+	0	567.859171	0	0	0	0
LT934125.1	19294	+	54.571748	0	0	0	0	0
LT934125.1	19488	+	27.285874	0	0	0	0	0
LT934125.1	20379	+	0	0	36.451562	0	0	62.932662
LT934125.1	20380	+	0	0	0	0	0	62.932662
LT934125.1	20382	+	0	0	0	0	0	62.932662
LT934125.1	20404	+	0	0	0	0	0	62.932662
LT934125.1	21148	+	0	0	24.301041	0	0	0
LT934125.1	21320	+	0	0	0	0	0	62.932662
LT934125.1	21348	+	27.285874	0	0	0	0	0
LT934125.1	21359	+	27.285874	0	0	0	0	0
LT934125.1	21491	+	27.285874	0	0	0	0	0
LT934125.1	21639	+	0	0	0	241.779497	0	0
LT934125.1	22830	+	0	0	0	241.779497	0	0
LT934125.1	23169	+	0	0	36.451562	0	0	0
LT934125.1	23722	+	27.285874	0	0	0	18.007181	0
LT934125.1	23723	+	27.285874	0	0	0	0	0
LT934125.1	24434	+	27.285874	0	0	0	0	0
LT934125.1	24821	+	0	0	0	0	0	62.932662
LT934125.1	24843	+	0	0	0	0	0	62.932662
LT934125.1	25047	+	27.285874	0	0	0	0	0
LT934125.1	25067	+	27.285874	0	0	0	0	0
LT934125.1	25107	+	27.285874	0	0	0	0	0
LT934125.1	25166	+	27.285874	0	0	0	0	0
LT934125.1	25369	+	0	0	0	0	14.405745	0
LT934125.1	25418	+	0	0	0	0	21.608618	0
LT934125.1	25419	+	27.285874	0	0	241.779497	0	0
LT934125.1	25420	+	0	0	109.354686	241.779497	25.210054	1636.249213
LT934125.1	25422	+	27.285874	0	85.053645	0	28.81149	1636.249213
LT934125.1	25593	+	0	0	0	0	0	62.932662
LT934125.1	25827	+	0	0	0	0	0	62.932662
LT934125.1	25887	+	0	0	0	0	0	62.932662
LT934125.1	25990	+	0	0	0	0	0	62.932662
LT934125.1	26034	+	0	0	0	0	0	62.932662
LT934125.1	26173	+	27.285874	0	0	0	0	0
LT934125.1	26364	+	0	0	0	241.779497	0	0
LT934125.1	26373	+	0	0	0	0	0	62.932662
LT934125.1	26387	+	27.285874	0	0	0	0	0
LT934125.1	26556	+	0	0	0	483.558994	0	0
LT934125.1	26729	+	27.285874	0	0	0	0	0
LT934125.1	26735	+	27.285874	0	0	0	0	0
LT934125.1	26763	+	27.285874	0	0	0	0	0
LT934125.1	26904	+	27.285874	0	0	0	0	0
LT934125.1	26927	+	54.571748	0	0	0	0	0
LT934125.1	26984	+	0	0	0	241.779497	0	0
LT934125.1	27008	+	27.285874	0	0	0	0	0
LT934125.1	27041	+	0	0	0	0	0	62.932662
LT934125.1	27096	+	27.285874	0	0	0	0	0
LT934125.1	27146	+	27.285874	0	0	0	0	0
LT934125.1	27159	+	27.285874	0	0	0	0	0
LT934125.1	27177	+	54.571748	0	0	0	0	0
LT934125.1	27194	+	0	0	0	0	0	62.932662
LT934125.1	27311	+	0	0	0	241.779497	0	0
LT934125.1	27519	+	27.285874	0	0	0	0	0
LT934125.1	27524	+	27.285874	0	0	0	0	0
LT934125.1	27550	+	27.285874	0	0	0	0	0
LT934125.1	27612	+	0	0	0	0	0	62.932662
LT934125.1	27622	+	27.285874	0	0	0	0	0
LT934125.1	27639	+	0	0	0	0	0	62.932662
LT934125.1	27825	+	27.285874	0	0	0	0	62.932662
LT934125.1	27828	+	0	0	0	0	0	62.932662
LT934125.1	27846	+	0	0	0	0	21.608618	0
LT934125.1	27861	+	0	0	24.301041	0	0	0
LT934125.1	28074	+	0	0	0	0	0	62.932662
LT934125.1	28088	+	27.285874	0	0	0	0	0
LT934125.1	28173	+	0	0	0	241.779497	0	0
LT934125.1	28258	+	27.285874	0	0	0	0	0
LT934125.1	28323	+	27.285874	0	0	0	0	0
LT934125.1	28383	+	0	567.859171	0	0	0	0
LT934125.1	28470	+	27.285874	0	0	0	0	0
LT934125.1	28475	+	27.285874	0	0	0	0	0
LT934125.1	28516	+	54.571748	0	0	0	0	0
LT934125.1	28549	+	27.285874	0	24.301041	0	0	0
LT934125.1	28625	+	0	0	36.451562	0	0	0
LT934125.1	28627	+	0	0	0	0	14.405745	0
LT934125.1	28808	+	0	0	24.301041	0	0	0
LT934125.1	29096	+	0	0	0	483.558994	0	0
LT934125.1	29098	+	0	0	0	241.779497	0	0
LT934125.1	29100	+	27.285874	0	0	0	0	0
LT934125.1	29184	+	27.285874	0	0	0	0	0
LT934125.1	29307	+	27.285874	0	0	0	0	0
LT934125.1	29311	+	54.571748	0	0	241.779497	0	0
LT934125.1	29338	+	54.571748	0	0	0	0	0
LT934125.1	29410	+	27.285874	0	0	0	0	0
LT934125.1	29464	+	0	0	0	0	14.405745	0
LT934125.1	29465	+	27.285874	0	0	0	21.608618	0
LT934125.1	29906	+	0	567.859171	0	0	0	0
LT934125.1	30233	+	27.285874	0	0	0	0	0
LT934125.1	30234	+	0	0	315.913537	0	0	0
LT934125.1	30235	+	0	0	0	241.779497	0	0
LT934125.1	30236	+	191.001119	0	0	0	295.317773	0
LT934125.1	30238	+	27.285874	0	0	0	0	0
LT934125.1	30239	+	27.285874	0	0	0	46.818671	0
LT934125.1	30240	+	409.288112	0	303.763016	241.779497	147.658886	0
LT934125.1	30249	+	27.285874	0	0	0	0	0
LT934125.1	30256	+	0	0	0	241.779497	0	0
LT934125.1	30269	+	0	0	0	0	0	62.932662
LT934125.1	30275	+	0	0	0	0	0	62.932662
LT934125.1	30299	+	27.285874	0	0	0	0	0
LT934125.1	30439	+	27.285874	0	0	0	0	0
LT934125.1	30511	+	54.571748	0	0	0	0	0
LT934125.1	30543	+	27.285874	0	0	0	0	0
LT934125.1	30594	+	27.285874	0	0	0	0	0
LT934125.1	30621	+	27.285874	0	0	0	0	0
LT934125.1	30629	+	27.285874	0	0	0	0	0
LT934125.1	30701	+	0	0	24.301041	0	0	0
LT934125.1	30702	+	27.285874	0	0	0	0	0
LT934125.1	30707	+	27.285874	0	0	0	0	0
LT934125.1	30710	+	27.285874	0	0	0	0	0
LT934125.1	30715	+	0	0	0	0	0	62.932662
LT934125.1	30738	+	0	0	0	241.779497	0	0
LT934125.1	30777	+	27.285874	0	0	0	0	0
LT934125.1	30842	+	27.285874	0	0	0	0	0
LT934125.1	30844	+	27.285874	0	0	0	0	0
LT934125.1	30873	+	27.285874	0	0	0	0	0
LT934125.1	30925	+	27.285874	0	0	0	0	0
LT934125.1	30949	+	0	0	0	0	0	62.932662
LT934125.1	30952	+	27.285874	0	0	0	0	0
LT934125.1	30971	+	27.285874	0	0	0	0	0
LT934125.1	30987	+	0	567.859171	0	0	0	0
LT934125.1	31065	+	27.285874	0	0	0	0	0
LT934125.1	31089	+	0	0	36.451562	0	0	0
LT934125.1	31090	+	0	567.859171	0	0	0	0
LT934125.1	31093	+	709.432727	0	170.107289	241.779497	115.24596	188.797986
LT934125.1	31095	+	81.857622	0	157.956768	967.117988	72.028725	125.865324
LT934125.1	31096	+	1200.578461	1703.577513	1895.481221	2659.574468	788.714539	2957.835116
LT934125.1	31097	+	136.429371	567.859171	145.806248	0	183.673249	818.124607
LT934125.1	31098	+	15662.091735	8517.887564	9732.56704	11363.636364	2690.272881	7237.256136
LT934125.1	31099	+	54.571748	0	60.752603	0	0	62.932662
LT934125.1	31100	+	54.571748	0	24.301041	0	14.405745	0
LT934125.1	31101	+	27.285874	0	24.301041	0	0	125.865324
LT934125.1	31103	+	27.285874	0	0	0	0	0
LT934125.1	31104	+	27.285874	0	0	0	0	0
LT934125.1	31146	+	27.285874	0	0	0	0	0
LT934125.1	31147	+	0	0	0	0	18.007181	0
LT934125.1	31148	+	0	567.859171	0	0	0	0
LT934125.1	31149	+	0	0	0	0	0	62.932662
LT934125.1	31150	+	81.857622	0	0	0	0	0
LT934125.1	31151	+	27.285874	0	0	0	28.81149	0
LT934125.1	31167	+	0	0	72.903124	0	0	62.932662
LT934125.1	31189	+	54.571748	0	0	0	0	0
LT934125.1	31202	+	27.285874	0	0	0	0	0
LT934125.1	31229	+	0	0	0	0	0	188.797986
LT934125.1	31231	+	0	0	0	0	39.615799	0
LT934125.1	31232	+	109.143496	0	36.451562	241.779497	0	0
LT934125.1	31248	+	27.285874	0	0	0	0	0
LT934125.1	31250	+	27.285874	0	0	0	0	0
LT934125.1	31255	+	27.285874	0	0	0	0	0
LT934125.1	31270	+	27.285874	1135.718342	364.515619	1208.897485	21.608618	62.932662
LT934125.1	31271	+	927.71972	1135.718342	182.25781	483.558994	288.1149	1384.518565
LT934125.1	31272	+	436.573986	1703.577513	0	0	93.637343	692.259283
LT934125.1	31294	+	0	0	0	0	36.014363	0
LT934125.1	31295	+	27.285874	0	36.451562	0	0	125.865324
LT934125.1	31297	+	0	0	0	0	0	62.932662
LT934125.1	31301	+	81.857622	0	0	0	0	62.932662
LT934125.1	31304	+	0	0	0	0	0	62.932662
LT934125.1	31329	+	27.285874	0	24.301041	0	0	62.932662
LT934125.1	31330	+	0	0	0	0	0	188.797986
LT934125.1	31331	+	54.571748	0	0	0	0	0
LT934125.1	31332	+	0	0	24.301041	0	18.007181	0
LT934125.1	31334	+	27.285874	0	0	0	0	0
LT934125.1	31349	+	0	0	24.301041	0	0	0
LT934125.1	31350	+	27.285874	0	0	0	0	0
LT934125.1	31357	+	0	0	0	0	21.608618	0
LT934125.1	31358	+	0	0	24.301041	0	0	62.932662
LT934125.1	31378	+	54.571748	0	0	0	0	0
LT934125.1	31381	+	0	0	0	483.558994	0	0
LT934125.1	31382	+	27.285874	0	0	0	0	0
LT934125.1	31388	+	0	0	0	0	0	62.932662
LT934125.1	31395	+	0	0	24.301041	241.779497	0	0
LT934125.1	31409	+	0	0	0	0	0	62.932662
LT934125.1	31411	+	0	0	24.301041	0	0	0
LT934125.1	31424	+	0	0	0	0	0	62.932662
LT934125.1	31455	+	27.285874	0	0	0	14.405745	0
LT934125.1	31456	+	0	1135.718342	0	0	72.028725	0
LT934125.1	31457	+	327.430489	0	85.053645	241.779497	0	251.730648
LT934125.1	31458	+	27.285874	0	0	0	0	0
LT934125.1	31474	+	0	0	36.451562	0	0	0
LT934125.1	31475	+	81.857622	0	0	0	0	125.865324
LT934125.1	31476	+	27.285874	0	0	0	0	0
LT934125.1	31477	+	27.285874	0	0	0	0	0
LT934125.1	31493	+	54.571748	0	0	0	0	0
LT934125.1	31508	+	27.285874	0	0	0	0	0
LT934125.1	31535	+	27.285874	0	0	0	0	0
LT934125.1	31543	+	0	0	0	241.779497	0	0
LT934125.1	31559	+	0	0	0	0	21.608618	0
LT934125.1	31562	+	27.285874	0	24.301041	0	0	0
LT934125.1	31563	+	27.285874	0	0	0	0	0
LT934125.1	31569	+	27.285874	0	0	0	0	0
LT934125.1	31596	+	27.285874	0	0	0	0	0
LT934125.1	31598	+	54.571748	0	0	0	0	0
LT934125.1	31601	+	0	0	0	0	0	62.932662
LT934125.1	31603	+	27.285874	0	24.301041	0	0	0
LT934125.1	31604	+	218.286993	0	133.655727	0	21.608618	0
LT934125.1	31605	+	545.717482	0	0	0	104.441651	755.191945
LT934125.1	31615	+	27.285874	0	0	0	0	0
LT934125.1	31628	+	27.285874	0	0	0	0	0
LT934125.1	31639	+	0	0	0	241.779497	0	62.932662
LT934125.1	31663	+	0	0	0	0	0	62.932662
LT934125.1	31665	+	0	0	0	241.779497	0	0
LT934125.1	31683	+	0	0	0	0	0	62.932662
LT934125.1	31703	+	27.285874	0	0	0	0	0
LT934125.1	31719	+	27.285874	0	0	0	0	0
LT934125.1	31738	+	27.285874	0	0	0	0	0
LT934125.1	31769	+	81.857622	0	0	0	0	125.865324
LT934125.1	31770	+	27.285874	0	0	0	14.405745	62.932662
LT934125.1	31778	+	0	0	0	241.779497	0	0
LT934125.1	31779	+	27.285874	0	0	0	0	0
LT934125.1	31790	+	0	0	36.451562	0	0	62.932662
LT934125.1	31791	+	27.285874	0	0	0	0	0
LT934125.1	31793	+	27.285874	0	0	0	0	62.932662
LT934125.1	31795	+	27.285874	0	0	0	0	0
LT934125.1	31796	+	54.571748	0	0	0	0	0
LT934125.1	31807	+	27.285874	0	0	0	0	0
LT934125.1	31826	+	0	0	0	0	14.405745	0
LT934125.1	31829	+	27.285874	0	0	0	0	0
LT934125.1	31841	+	27.285874	0	0	0	0	0
LT934125.1	31853	+	27.285874	0	0	0	0	0
LT934125.1	31856	+	27.285874	0	0	0	0	0
LT934125.1	31859	+	300.144615	0	24.301041	0	50.420108	0
LT934125.1	31860	+	0	0	0	0	57.62298	0
LT934125.1	31862	+	0	0	60.752603	0	0	62.932662
LT934125.1	31871	+	27.285874	0	0	241.779497	0	0
LT934125.1	31872	+	163.715245	567.859171	0	0	0	0
LT934125.1	31877	+	54.571748	0	0	0	0	0
LT934125.1	31878	+	0	0	0	0	21.608618	0
LT934125.1	31882	+	54.571748	0	0	0	0	0
LT934125.1	31897	+	27.285874	0	0	0	0	0
LT934125.1	31898	+	0	567.859171	0	0	14.405745	0
LT934125.1	31899	+	163.715245	0	24.301041	241.779497	0	62.932662
LT934125.1	31907	+	109.143496	567.859171	0	0	0	125.865324
LT934125.1	31931	+	54.571748	0	145.806248	241.779497	0	0
LT934125.1	31932	+	409.288112	0	230.859892	241.779497	32.412926	251.730648
LT934125.1	31933	+	1582.580698	0	0	0	126.050269	377.595972
LT934125.1	31940	+	0	567.859171	0	0	115.24596	0
LT934125.1	31941	+	1036.863216	0	218.709372	241.779497	0	566.393958
LT934125.1	31949	+	0	0	24.301041	0	0	0
LT934125.1	31950	+	27.285874	0	0	0	0	0
LT934125.1	31956	+	0	0	0	0	18.007181	0
LT934125.1	31963	+	27.285874	0	0	0	0	0
LT934125.1	31964	+	54.571748	0	0	0	0	0
LT934125.1	31965	+	0	0	0	241.779497	0	0
LT934125.1	31967	+	27.285874	0	36.451562	0	0	62.932662
LT934125.1	31973	+	27.285874	0	48.602083	0	0	62.932662
LT934125.1	31976	+	27.285874	0	0	0	0	0
LT934125.1	32006	+	0	0	0	0	14.405745	0
LT934125.1	32007	+	136.429371	0	0	0	0	62.932662
LT934125.1	32010	+	27.285874	0	0	0	0	0
LT934125.1	32013	+	27.285874	0	0	0	0	0
LT934125.1	32014	+	0	0	0	0	0	62.932662
LT934125.1	32016	+	27.285874	0	0	0	0	0
LT934125.1	32017	+	0	567.859171	0	0	0	0
LT934125.1	32019	+	27.285874	0	0	0	0	0
LT934125.1	32020	+	0	0	0	0	14.405745	0
LT934125.1	32026	+	54.571748	0	0	0	0	0
LT934125.1	32028	+	0	0	0	0	18.007181	0
LT934125.1	32029	+	0	0	0	0	0	125.865324
LT934125.1	32030	+	109.143496	0	194.40833	0	0	0
LT934125.1	32031	+	518.431608	0	0	0	72.028725	440.528634
LT934125.1	32032	+	0	567.859171	0	18133.462282	0	62.932662
LT934125.1	32034	+	327.430489	0	133.655727	26837.524178	147.658886	0
LT934125.1	32035	+	0	2839.295855	0	0	727.490123	0
LT934125.1	32036	+	27858.877459	6246.45088	25625.44805	241.779497	11103.227967	2454.37382
LT934125.1	32037	+	1910.011187	0	2162.792676	0	918.366244	377.595972
LT934125.1	32038	+	70179.268193	7382.169222	58529.05797	0	15248.481094	3209.565765
LT934125.1	32039	+	272.858741	0	170.107289	0	28.81149	0
LT934125.1	32040	+	3110.589648	567.859171	2065.58851	483.558994	741.895868	188.797986
LT934125.1	32041	+	27.285874	0	24.301041	0	21.608618	0
LT934125.1	32044	+	27.285874	0	0	0	0	0
LT934125.1	32045	+	27.285874	0	36.451562	0	0	0
LT934125.1	32046	+	54.571748	0	0	0	0	0
LT934125.1	32047	+	54.571748	0	0	0	0	0
LT934125.1	32049	+	27.285874	0	0	0	0	0
LT934125.1	32091	+	27.285874	0	72.903124	0	0	0
LT934125.1	32092	+	54.571748	0	0	0	0	0
LT934125.1	32095	+	81.857622	0	60.752603	0	0	62.932662
LT934125.1	32104	+	27.285874	0	0	0	0	0
LT934125.1	32106	+	27.285874	0	0	0	0	0
LT934125.1	32110	+	27.285874	0	0	0	0	0
LT934125.1	32117	+	54.571748	0	0	0	0	0
LT934125.1	32118	+	0	567.859171	0	0	0	0
LT934125.1	32132	+	27.285874	0	0	0	0	0
LT934125.1	32145	+	27.285874	0	0	0	0	0
LT934125.1	32146	+	81.857622	0	0	0	0	0
LT934125.1	32156	+	27.285874	0	0	0	0	0
LT934125.1	32163	+	0	0	48.602083	0	0	0
LT934125.1	32164	+	27.285874	0	0	0	18.007181	62.932662
LT934125.1	32172	+	27.285874	0	0	0	0	0
LT934125.1	32174	+	54.571748	0	0	0	0	0
LT934125.1	32180	+	0	0	0	0	0	62.932662
LT934125.1	32198	+	27.285874	0	0	0	0	0
LT934125.1	32204	+	27.285874	0	0	0	0	0
LT934125.1	32213	+	0	0	0	241.779497	0	0
LT934125.1	32228	+	27.285874	0	0	0	0	0
LT934125.1	32733	+	0	0	0	0	0	62.932662
LT934125.1	34143	+	0	0	0	0	0	62.932662
LT934125.1	34144	+	0	0	48.602083	0	0	0
LT934125.1	34145	+	0	0	48.602083	0	0	0
LT934125.1	34176	+	27.285874	0	0	0	0	0
LT934125.1	34347	+	27.285874	0	0	0	0	0
LT934125.1	34361	+	27.285874	0	0	0	0	0
LT934125.1	34531	+	0	0	0	0	0	62.932662
LT934125.1	34726	+	0	0	24.301041	0	0	0
LT934125.1	34780	+	27.285874	0	0	0	0	0
LT934125.1	34794	+	0	0	24.301041	0	0	0
LT934125.1	34887	+	27.285874	0	0	0	0	0
LT934125.1	34942	+	27.285874	0	0	0	0	0
LT934125.1	40811	+	0	0	0	0	0	62.932662
LT934125.1	40984	+	27.285874	0	0	0	0	0
LT934125.1	40998	+	0	0	0	0	0	62.932662
LT934125.1	41018	+	0	0	0	483.558994	0	0
LT934125.1	41430	+	27.285874	0	0	0	0	0
LT934125.1	41432	+	0	0	0	0	0	62.932662
LT934125.1	41683	+	0	0	0	0	0	62.932662
LT934125.1	41706	+	0	0	24.301041	0	14.405745	62.932662
LT934125.1	41708	+	27.285874	0	0	0	0	0
LT934125.1	41714	+	0	0	24.301041	0	0	0
LT934125.1	42009	+	27.285874	0	0	0	0	0
LT934125.1	42015	+	0	0	0	0	0	62.932662
LT934125.1	42220	+	27.285874	0	0	0	0	0
LT934125.1	42676	+	0	0	0	0	0	62.932662
LT934125.1	43629	+	0	0	0	241.779497	0	0
LT934125.1	44031	+	27.285874	0	0	0	0	0
LT934125.1	44731	+	27.285874	0	0	0	0	0
LT934125.1	44779	+	0	0	24.301041	0	0	62.932662
LT934125.1	44806	+	27.285874	0	0	241.779497	0	0
LT934125.1	44807	+	54.571748	0	0	0	43.217235	0
LT934125.1	44808	+	0	0	0	0	259.30341	0
LT934125.1	44809	+	0	0	0	4593.810445	21.608618	0
LT934125.1	44810	+	845.862097	0	911.289049	1450.676983	2459.780961	1258.653241
LT934125.1	44811	+	0	0	0	0	36.014363	0
LT934125.1	44812	+	4038.309367	2839.295855	4884.509301	241.779497	9432.161546	5097.545626
LT934125.1	44814	+	81.857622	0	97.204165	0	190.876121	125.865324
LT934125.1	44815	+	0	0	24.301041	0	0	0
LT934125.1	44843	+	0	0	0	0	0	62.932662
LT934125.1	44882	+	54.571748	0	0	0	0	0
LT934125.1	44946	+	0	0	0	0	28.81149	62.932662
LT934125.1	44970	+	27.285874	0	0	0	0	62.932662
LT934125.1	45038	+	0	0	0	0	0	62.932662
LT934125.1	45064	+	27.285874	0	60.752603	0	0	0
LT934125.1	45065	+	27.285874	0	0	0	28.81149	62.932662
LT934125.1	45069	+	0	0	36.451562	0	0	0
LT934125.1	45093	+	0	0	0	0	0	62.932662
LT934125.1	45104	+	0	0	48.602083	0	0	0
LT934125.1	45110	+	27.285874	0	36.451562	0	0	0
LT934125.1	45140	+	0	0	0	0	0	62.932662
LT934125.1	45204	+	27.285874	0	0	0	0	0
LT934125.1	45285	+	0	0	0	0	0	62.932662
LT934125.1	45306	+	54.571748	0	0	0	32.412926	0
LT934125.1	45333	+	0	0	0	0	0	62.932662
LT934125.1	45373	+	0	0	0	0	0	62.932662
LT934125.1	45503	+	0	0	0	241.779497	0	0
LT934125.1	45596	+	27.285874	0	0	0	0	0
LT934125.1	45599	+	27.285874	0	0	0	0	0
LT934125.1	45608	+	27.285874	0	0	0	0	0
LT934125.1	45630	+	0	0	0	241.779497	0	0
LT934125.1	45632	+	0	0	0	0	0	62.932662
LT934125.1	45650	+	27.285874	0	0	0	0	0
LT934125.1	45680	+	27.285874	0	0	0	0	0
LT934125.1	45702	+	0	567.859171	0	0	0	0
LT934125.1	45723	+	54.571748	0	0	0	0	0
LT934125.1	45726	+	0	0	36.451562	0	0	0
LT934125.1	45748	+	0	0	0	241.779497	0	0
LT934125.1	45753	+	27.285874	0	0	0	0	0
LT934125.1	45822	+	0	0	36.451562	0	0	0
LT934125.1	45839	+	0	0	0	0	14.405745	0
LT934125.1	45861	+	27.285874	0	0	0	0	0
LT934125.1	45865	+	0	0	0	0	14.405745	0
LT934125.1	45866	+	27.285874	0	24.301041	0	0	0
LT934125.1	45900	+	27.285874	0	24.301041	0	0	0
LT934125.1	45926	+	27.285874	0	0	0	0	0
LT934125.1	45931	+	27.285874	0	0	0	0	0
LT934125.1	45956	+	0	0	0	0	21.608618	0
LT934125.1	45957	+	0	0	36.451562	0	0	0
LT934125.1	45969	+	0	0	0	241.779497	0	0
LT934125.1	46003	+	27.285874	0	0	0	0	0
LT934125.1	46017	+	54.571748	0	0	0	0	0
LT934125.1	46018	+	0	0	0	0	14.405745	0
LT934125.1	46019	+	54.571748	0	24.301041	0	0	62.932662
LT934125.1	46020	+	54.571748	0	279.461975	0	0	0
LT934125.1	46021	+	109.143496	0	0	0	14.405745	251.730648
LT934125.1	46023	+	900.433845	1703.577513	36.451562	1208.897485	569.026928	188.797986
LT934125.1	46024	+	654.860978	567.859171	413.117702	483.558994	428.570914	0
LT934125.1	46025	+	272.858741	0	109.354686	241.779497	226.890484	62.932662
LT934125.1	46026	+	163.715245	0	121.505206	483.558994	57.62298	125.865324
LT934125.1	46027	+	81.857622	0	36.451562	0	0	0
LT934125.1	46028	+	0	0	0	0	0	62.932662
LT934125.1	46029	+	218.286993	0	133.655727	0	0	62.932662
LT934125.1	46056	+	54.571748	0	0	0	0	0
LT934125.1	46058	+	0	0	24.301041	0	0	0
LT934125.1	46060	+	0	0	24.301041	0	0	0
LT934125.1	46086	+	0	0	0	0	14.405745	0
LT934125.1	46088	+	54.571748	0	24.301041	0	0	0
LT934125.1	46106	+	54.571748	0	48.602083	0	0	0
LT934125.1	46151	+	27.285874	0	0	0	0	0
LT934125.1	46168	+	27.285874	0	0	0	0	0
LT934125.1	46169	+	27.285874	0	0	0	0	0
LT934125.1	46170	+	0	0	0	0	25.210054	0
LT934125.1	46171	+	0	0	48.602083	0	0	0
LT934125.1	46227	+	0	0	0	0	0	62.932662
LT934125.1	46234	+	0	0	2673.114543	4835.589942	0	0
LT934125.1	46235	+	1555.294824	2839.295855	0	0	1447.777374	9439.899308
LT934125.1	46237	+	0	0	60.752603	0	0	125.865324
LT934125.1	46238	+	0	0	85.053645	0	0	251.730648
LT934125.1	46239	+	0	0	36.451562	241.779497	0	0
LT934125.1	46240	+	0	0	0	241.779497	0	62.932662
LT934125.1	46243	+	0	0	0	0	0	62.932662
LT934125.1	46331	+	0	0	0	0	0	62.932662
LT934125.1	46333	+	0	0	36.451562	0	0	0
LT934125.1	46407	+	0	0	0	241.779497	0	0
LT934125.1	46421	+	0	0	0	0	0	62.932662
LT934125.1	46436	+	27.285874	0	0	0	0	0
LT934125.1	46451	+	27.285874	0	0	0	0	0
LT934125.1	46453	+	54.571748	0	0	0	0	0
LT934125.1	46483	+	27.285874	0	0	0	0	0
LT934125.1	46489	+	0	0	24.301041	241.779497	18.007181	62.932662
LT934125.1	46492	+	0	0	0	0	0	62.932662
LT934125.1	46512	+	0	0	24.301041	0	0	0
LT934125.1	46529	+	27.285874	0	0	0	0	0
LT934125.1	46649	+	27.285874	0	0	0	0	0
LT934125.1	46652	+	27.285874	0	0	0	0	0
LT934125.1	46655	+	54.571748	0	0	0	0	62.932662
LT934125.1	46677	+	54.571748	0	0	0	0	0
LT934125.1	46682	+	81.857622	0	0	0	0	0
LT934125.1	46710	+	0	0	24.301041	0	0	0
LT934125.1	46713	+	54.571748	0	0	0	0	0
LT934125.1	46733	+	27.285874	0	0	0	0	0
LT934125.1	46754	+	0	0	0	241.779497	0	0
LT934125.1	46781	+	0	567.859171	0	0	0	0
LT934125.1	46782	+	27.285874	0	0	0	0	0
LT934125.1	46863	+	0	0	0	0	0	62.932662
LT934125.1	46871	+	27.285874	0	0	0	0	0
LT934125.1	46913	+	0	0	24.301041	0	0	0
LT934125.1	46978	+	27.285874	0	0	0	0	0
LT934125.1	47011	+	0	0	24.301041	0	0	0
LT934125.1	47027	+	0	0	0	0	0	62.932662
LT934125.1	47039	+	27.285874	0	0	0	0	0
LT934125.1	47058	+	27.285874	0	0	0	0	0
LT934125.1	47140	+	27.285874	0	0	0	0	0
LT934125.1	47192	+	27.285874	0	0	0	0	0
LT934125.1	47282	+	0	0	0	0	0	62.932662
LT934125.1	47310	+	0	0	0	241.779497	0	0
LT934125.1	47311	+	27.285874	0	0	0	0	0
LT934125.1	47313	+	0	0	0	0	18.007181	0
LT934125.1	47315	+	136.429371	0	85.053645	0	39.615799	251.730648
LT934125.1	47316	+	0	0	72.903124	0	0	0
LT934125.1	47317	+	191.001119	0	60.752603	241.779497	0	125.865324
LT934125.1	47319	+	0	0	0	241.779497	0	0
LT934125.1	47320	+	0	567.859171	0	241.779497	0	0
LT934125.1	47364	+	0	0	0	0	0	62.932662
LT934125.1	47562	+	27.285874	0	0	0	0	0
LT934125.1	47568	+	0	0	0	0	0	62.932662
LT934125.1	47642	+	27.285874	0	24.301041	0	0	0
LT934125.1	47644	+	0	0	24.301041	0	0	0
LT934125.1	47648	+	0	0	24.301041	0	0	0
LT934125.1	47666	+	27.285874	0	0	0	0	0
LT934125.1	47677	+	27.285874	0	0	0	0	0
LT934125.1	47683	+	0	0	0	0	0	62.932662
LT934125.1	47696	+	27.285874	0	0	0	0	0
LT934125.1	47699	+	0	0	0	0	0	62.932662
LT934125.1	47702	+	0	0	24.301041	0	0	0
LT934125.1	47735	+	0	567.859171	36.451562	0	0	0
LT934125.1	47799	+	0	0	0	0	0	62.932662
LT934125.1	47802	+	27.285874	0	0	0	0	0
LT934125.1	47825	+	0	0	24.301041	0	0	0
LT934125.1	47826	+	0	0	0	0	0	62.932662
LT934125.1	47877	+	27.285874	0	0	0	0	0
LT934125.1	47890	+	0	0	0	0	0	62.932662
LT934125.1	47897	+	0	567.859171	0	0	0	0
LT934125.1	47898	+	27.285874	0	0	0	0	62.932662
LT934125.1	47915	+	27.285874	0	0	0	0	0
LT934125.1	47939	+	27.285874	0	0	0	0	0
LT934125.1	47963	+	0	0	0	241.779497	0	0
LT934125.1	47964	+	0	0	0	0	0	62.932662
LT934125.1	48012	+	27.285874	0	0	0	0	0
LT934125.1	48016	+	0	0	0	0	0	62.932662
LT934125.1	48039	+	0	0	0	0	0	125.865324
LT934125.1	48042	+	27.285874	0	24.301041	0	0	0
LT934125.1	48066	+	54.571748	0	0	0	0	0
LT934125.1	48104	+	54.571748	0	0	0	0	125.865324
LT934125.1	48127	+	0	0	0	0	0	125.865324
LT934125.1	48172	+	27.285874	0	0	0	0	0
LT934125.1	48173	+	54.571748	0	0	0	0	0
LT934125.1	48174	+	27.285874	0	0	0	0	0
LT934125.1	48209	+	0	567.859171	0	0	0	0
LT934125.1	48222	+	0	0	24.301041	0	0	0
LT934125.1	48223	+	0	567.859171	24.301041	0	0	0
LT934125.1	48225	+	27.285874	0	0	0	0	0
LT934125.1	48259	+	27.285874	0	0	0	0	0
LT934125.1	48266	+	0	567.859171	0	0	0	0
LT934125.1	48267	+	109.143496	0	0	0	0	0
LT934125.1	48276	+	0	0	0	483.558994	0	0
LT934125.1	48277	+	0	0	0	241.779497	0	0
LT934125.1	48279	+	27.285874	0	0	0	0	62.932662
LT934125.1	48289	+	0	0	0	0	0	62.932662
LT934125.1	48291	+	54.571748	0	0	483.558994	0	0
LT934125.1	48294	+	0	0	24.301041	0	0	0
LT934125.1	48301	+	0	567.859171	0	0	0	0
LT934125.1	48309	+	54.571748	0	0	0	0	0
LT934125.1	48310	+	0	0	0	0	0	62.932662
LT934125.1	48320	+	54.571748	0	0	0	0	0
LT934125.1	48328	+	27.285874	0	0	0	0	0
LT934125.1	48332	+	0	0	0	0	0	62.932662
LT934125.1	48333	+	0	0	24.301041	0	0	0
LT934125.1	48335	+	27.285874	0	0	0	0	0
LT934125.1	48338	+	54.571748	0	24.301041	0	0	0
LT934125.1	48341	+	0	0	0	0	0	125.865324
LT934125.1	48346	+	0	0	0	241.779497	0	0
LT934125.1	48348	+	0	0	0	241.779497	0	0
LT934125.1	48349	+	54.571748	567.859171	24.301041	0	0	0
LT934125.1	48350	+	0	0	0	0	0	62.932662
LT934125.1	48352	+	27.285874	0	0	0	0	0
LT934125.1	48362	+	0	0	36.451562	0	0	0
LT934125.1	48363	+	54.571748	567.859171	0	0	0	62.932662
LT934125.1	48374	+	0	0	0	0	0	62.932662
LT934125.1	48377	+	0	0	0	241.779497	0	0
LT934125.1	48407	+	27.285874	0	0	0	0	0
LT934125.1	48412	+	0	0	0	241.779497	18.007181	0
LT934125.1	48425	+	27.285874	0	0	0	0	0
LT934125.1	48468	+	27.285874	0	0	0	0	0
LT934125.1	48481	+	27.285874	0	0	0	0	0
LT934125.1	48491	+	27.285874	0	0	0	0	0
LT934125.1	48492	+	0	567.859171	0	0	0	0
LT934125.1	48493	+	0	0	0	0	43.217235	0
LT934125.1	48494	+	654.860978	0	243.010413	241.779497	0	314.66331
LT934125.1	48496	+	27.285874	0	0	0	0	0
LT934125.1	48502	+	27.285874	0	0	0	0	0
LT934125.1	48513	+	27.285874	0	0	0	0	0
LT934125.1	48515	+	27.285874	0	0	0	0	0
LT934125.1	48532	+	27.285874	0	0	0	0	0
LT934125.1	48554	+	0	0	0	0	0	125.865324
LT934125.1	48559	+	27.285874	0	0	0	0	62.932662
LT934125.1	48560	+	0	0	0	0	0	62.932662
LT934125.1	48561	+	54.571748	0	0	0	0	0
LT934125.1	48563	+	0	0	6925.79677	0	0	0
LT934125.1	48565	+	245.572867	1703.577513	230.859892	725.338491	32.412926	440.528634
LT934125.1	48566	+	109.143496	5110.732538	0	241.779497	0	0
LT934125.1	48567	+	17790.389915	32935.831914	72.903124	24419.729207	1260.502688	27061.044682
LT934125.1	48568	+	191.001119	567.859171	24.301041	725.338491	18.007181	62.932662
LT934125.1	48569	+	136.429371	0	0	0	0	566.393958
LT934125.1	48570	+	3738.164752	0	1227.202586	5077.369439	180.071813	7992.448081
LT934125.1	48571	+	81.857622	0	0	0	0	0
LT934125.1	48573	+	0	0	24.301041	0	0	62.932662
LT934125.1	48575	+	27.285874	1135.718342	0	0	0	0
LT934125.1	48579	+	0	0	0	0	0	125.865324
LT934125.1	48581	+	54.571748	0	24.301041	0	0	125.865324
LT934125.1	48582	+	0	0	0	0	0	125.865324
LT934125.1	48601	+	27.285874	0	0	0	0	0
LT934125.1	48602	+	54.571748	0	0	0	0	125.865324
LT934125.1	48612	+	54.571748	0	0	241.779497	0	62.932662
LT934125.1	48613	+	27.285874	0	0	0	0	0
LT934125.1	48614	+	0	0	24.301041	0	0	0
LT934125.1	48616	+	27.285874	0	60.752603	0	0	62.932662
LT934125.1	48617	+	109.143496	0	0	0	0	62.932662
LT934125.1	48620	+	27.285874	0	0	0	0	0
LT934125.1	48686	+	54.571748	0	0	0	0	0
LT934125.1	48690	+	27.285874	0	0	0	0	0
LT934125.1	48691	+	27.285874	0	0	0	0	0
LT934125.1	48692	+	27.285874	0	0	0	0	0
LT934125.1	48711	+	0	567.859171	0	0	0	0
LT934125.1	48715	+	0	0	0	241.779497	0	0
LT934125.1	48716	+	0	567.859171	0	0	0	0
LT934125.1	48723	+	27.285874	0	0	0	0	0
LT934125.1	48739	+	27.285874	0	0	0	0	0
LT934125.1	48745	+	27.285874	0	0	0	0	0
LT934125.1	48749	+	27.285874	0	0	0	0	0
LT934125.1	48750	+	191.001119	0	0	0	0	440.528634
LT934125.1	48758	+	27.285874	0	0	241.779497	0	0
LT934125.1	48763	+	27.285874	0	0	0	0	0
LT934125.1	48764	+	27.285874	0	0	0	0	0
LT934125.1	48765	+	0	567.859171	0	0	0	0
LT934125.1	48769	+	27.285874	0	0	0	0	0
LT934125.1	48770	+	27.285874	0	0	0	0	0
LT934125.1	48772	+	0	567.859171	0	0	0	0
LT934125.1	48775	+	27.285874	0	0	0	0	0
LT934125.1	48784	+	0	0	60.752603	483.558994	0	0
LT934125.1	48785	+	81.857622	567.859171	0	0	0	0
LT934125.1	48790	+	54.571748	0	0	0	0	0
LT934125.1	48794	+	0	0	36.451562	483.558994	0	125.865324
LT934125.1	48796	+	54.571748	567.859171	0	0	0	62.932662
LT934125.1	48804	+	54.571748	0	0	0	0	62.932662
LT934125.1	48815	+	27.285874	0	0	0	0	0
LT934125.1	48827	+	54.571748	0	0	0	0	0
LT934125.1	48830	+	27.285874	0	0	0	0	0
LT934125.1	48832	+	0	0	0	0	0	62.932662
LT934125.1	48836	+	54.571748	0	0	0	0	0
LT934125.1	48842	+	27.285874	0	0	0	0	0
LT934125.1	48848	+	27.285874	0	0	0	0	0
LT934125.1	48857	+	0	0	36.451562	0	0	62.932662
LT934125.1	48858	+	27.285874	0	0	0	0	0
LT934125.1	48878	+	0	0	0	0	0	62.932662
LT934125.1	48882	+	27.285874	0	0	0	0	0
LT934125.1	48886	+	0	0	24.301041	0	0	0
LT934125.1	48887	+	0	0	0	0	0	125.865324
LT934125.1	48890	+	27.285874	0	0	0	0	0
LT934125.1	48897	+	54.571748	0	0	0	0	0
LT934125.1	48903	+	54.571748	0	0	241.779497	0	0
LT934125.1	48905	+	27.285874	0	0	0	0	0
LT934125.1	48912	+	27.285874	0	0	0	0	0
LT934125.1	48916	+	27.285874	0	0	0	0	125.865324
LT934125.1	48917	+	27.285874	0	0	0	0	0
LT934125.1	48918	+	0	567.859171	24.301041	0	0	0
LT934125.1	48925	+	27.285874	0	24.301041	0	0	0
LT934125.1	48926	+	136.429371	0	0	0	0	0
LT934125.1	48927	+	27.285874	0	0	0	0	0
LT934125.1	48928	+	0	0	24.301041	0	0	0
LT934125.1	48929	+	27.285874	0	0	0	0	0
LT934125.1	48939	+	27.285874	0	0	0	0	0
LT934125.1	48941	+	0	0	0	241.779497	0	0
LT934125.1	48943	+	27.285874	0	0	0	0	0
LT934125.1	48950	+	27.285874	0	0	241.779497	0	0
LT934125.1	48960	+	0	0	0	0	0	62.932662
LT934125.1	48964	+	27.285874	0	0	0	0	0
LT934125.1	48972	+	27.285874	0	0	0	0	0
LT934125.1	48980	+	54.571748	0	0	0	0	0
LT934125.1	48985	+	0	0	0	0	0	62.932662
LT934125.1	48988	+	0	0	0	0	0	188.797986
LT934125.1	48989	+	0	1135.718342	0	0	0	0
LT934125.1	48990	+	27.285874	0	0	0	0	188.797986
LT934125.1	48993	+	0	0	0	0	0	188.797986
LT934125.1	48995	+	0	1703.577513	0	0	0	0
LT934125.1	48996	+	0	0	36.451562	0	0	0
LT934125.1	49012	+	54.571748	0	0	0	0	0
LT934125.1	49014	+	27.285874	0	0	0	0	0
LT934125.1	49017	+	81.857622	0	24.301041	0	0	62.932662
LT934125.1	49019	+	27.285874	567.859171	0	0	0	377.595972
LT934125.1	49022	+	54.571748	0	0	0	0	62.932662
LT934125.1	49024	+	27.285874	0	0	0	0	0
LT934125.1	49025	+	163.715245	0	0	0	0	0
LT934125.1	49041	+	27.285874	0	24.301041	0	0	0
LT934125.1	49042	+	27.285874	0	0	0	0	0
LT934125.1	49043	+	54.571748	567.859171	0	0	0	0
LT934125.1	49045	+	27.285874	0	0	0	0	0
LT934125.1	49046	+	54.571748	0	0	0	0	0
LT934125.1	49058	+	0	567.859171	0	0	0	0
LT934125.1	49059	+	136.429371	0	0	0	0	251.730648
LT934125.1	49064	+	27.285874	0	0	0	0	0
LT934125.1	49066	+	0	567.859171	0	0	0	0
LT934125.1	49067	+	0	0	0	0	0	62.932662
LT934125.1	49082	+	0	0	0	241.779497	0	0
LT934125.1	49084	+	27.285874	0	24.301041	0	0	62.932662
LT934125.1	49085	+	0	0	0	0	0	62.932662
LT934125.1	49091	+	27.285874	0	0	0	0	0
LT934125.1	49112	+	0	0	0	0	0	62.932662
LT934125.1	49113	+	0	0	0	0	0	62.932662
LT934125.1	49114	+	0	0	60.752603	241.779497	0	0
LT934125.1	49115	+	54.571748	0	36.451562	0	0	251.730648
LT934125.1	49116	+	136.429371	567.859171	0	0	0	0
LT934125.1	49118	+	27.285874	0	0	0	0	0
LT934125.1	49127	+	27.285874	0	0	0	0	0
LT934125.1	49132	+	27.285874	0	0	0	0	0
LT934125.1	49135	+	0	0	24.301041	0	0	0
LT934125.1	49147	+	27.285874	0	0	0	0	0
LT934125.1	49154	+	0	567.859171	0	0	0	0
LT934125.1	49169	+	27.285874	0	0	0	0	0
LT934125.1	49175	+	81.857622	0	0	241.779497	0	62.932662
LT934125.1	49188	+	27.285874	0	0	0	0	0
LT934125.1	49193	+	0	0	0	0	18.007181	0
LT934125.1	49196	+	191.001119	0	48.602083	0	21.608618	0
LT934125.1	49202	+	27.285874	567.859171	0	0	0	0
LT934125.1	49206	+	27.285874	0	0	0	0	0
LT934125.1	49209	+	0	0	24.301041	0	0	62.932662
LT934125.1	49223	+	27.285874	0	0	241.779497	0	0
LT934125.1	49224	+	81.857622	0	97.204165	241.779497	14.405745	125.865324
LT934125.1	49226	+	54.571748	0	0	0	0	0
LT934125.1	49239	+	0	0	0	0	0	62.932662
LT934125.1	49250	+	27.285874	0	0	0	0	0
LT934125.1	49261	+	27.285874	0	0	0	0	0
LT934125.1	49262	+	0	0	0	241.779497	0	0
LT934125.1	49263	+	27.285874	0	0	0	0	62.932662
LT934125.1	49265	+	109.143496	0	0	0	0	62.932662
LT934125.1	49272	+	81.857622	0	0	0	0	0
LT934125.1	49283	+	27.285874	0	0	0	0	0
LT934125.1	49286	+	0	0	0	241.779497	0	0
LT934125.1	49328	+	0	0	24.301041	0	0	0
LT934125.1	49331	+	54.571748	0	24.301041	241.779497	0	0
LT934125.1	49333	+	0	0	0	0	0	62.932662
LT934125.1	49343	+	27.285874	0	0	0	0	0
LT934125.1	49356	+	54.571748	0	0	0	0	0
LT934125.1	49361	+	27.285874	0	0	0	0	0
LT934125.1	49373	+	0	0	0	0	0	125.865324
LT934125.1	49378	+	27.285874	0	0	0	0	0
LT934125.1	49388	+	27.285874	0	0	0	0	0
LT934125.1	49395	+	27.285874	0	0	0	0	0
LT934125.1	49400	+	0	567.859171	0	0	0	0
LT934125.1	49401	+	27.285874	0	0	0	0	62.932662
LT934125.1	49409	+	27.285874	0	0	0	0	0
LT934125.1	49433	+	27.285874	0	0	0	0	0
LT934125.1	49436	+	0	0	0	0	0	62.932662
LT934125.1	49444	+	27.285874	0	0	0	0	0
LT934125.1	49475	+	27.285874	0	0	0	0	0
LT934125.1	49486	+	27.285874	0	0	0	0	0
LT934125.1	49501	+	0	0	0	0	0	62.932662
LT934125.1	49503	+	27.285874	0	0	0	0	0
LT934125.1	49504	+	27.285874	0	0	0	0	0
LT934125.1	49506	+	54.571748	0	97.204165	0	0	62.932662
LT934125.1	49574	+	27.285874	0	0	0	0	0
LT934125.1	49576	+	27.285874	0	0	0	0	0
LT934125.1	49577	+	27.285874	0	0	0	0	0
LT934125.1	49579	+	0	0	0	0	0	62.932662
LT934125.1	49580	+	0	0	0	0	14.405745	0
LT934125.1	49599	+	27.285874	0	0	0	0	0
LT934125.1	49616	+	0	0	0	0	14.405745	0
LT934125.1	49617	+	27.285874	0	0	0	0	0
LT934125.1	49660	+	0	0	24.301041	0	0	0
LT934125.1	49681	+	27.285874	0	0	0	0	0
LT934125.1	49711	+	27.285874	0	0	0	0	0
LT934125.1	49724	+	27.285874	0	0	0	0	0
LT934125.1	49738	+	0	0	0	0	14.405745	0
LT934125.1	49760	+	0	0	24.301041	0	14.405745	0
LT934125.1	49806	+	27.285874	0	0	0	0	0
LT934125.1	49835	+	0	0	0	0	14.405745	0
LT934125.1	49848	+	27.285874	0	0	0	0	0
LT934125.1	49871	+	27.285874	0	0	0	0	0
LT934125.1	49959	+	0	0	0	0	21.608618	0
LT934125.1	49990	+	0	0	0	0	18.007181	0
LT934125.1	49995	+	0	0	0	0	14.405745	0
LT934125.1	50025	+	0	0	0	0	14.405745	0
LT934125.1	50142	+	27.285874	0	0	0	0	0
LT934125.1	50154	+	0	0	24.301041	0	0	125.865324
LT934125.1	50156	+	27.285874	0	24.301041	0	0	62.932662
LT934125.1	50159	+	27.285874	0	0	0	0	0
LT934125.1	50164	+	0	0	0	241.779497	0	0
LT934125.1	50194	+	27.285874	0	0	0	0	0
LT934125.1	50197	+	0	0	24.301041	0	0	0
LT934125.1	50365	+	27.285874	0	0	0	0	0
LT934125.1	50425	+	27.285874	0	0	0	0	0
LT934125.1	50551	+	27.285874	0	0	0	0	0
LT934125.1	50629	+	27.285874	0	0	0	0	0
LT934125.1	50809	+	27.285874	0	0	0	0	0
LT934125.1	50877	+	27.285874	0	0	0	0	0
LT934125.1	50946	+	27.285874	0	0	0	0	0
LT934125.1	51147	+	0	0	0	241.779497	0	0
LT934125.1	51148	+	27.285874	0	36.451562	0	75.630161	0
LT934125.1	51150	+	27.285874	0	0	0	43.217235	0
LT934125.1	51152	+	0	0	0	0	14.405745	0
LT934125.1	51199	+	27.285874	0	0	0	0	0
LT934125.1	51230	+	54.571748	0	0	0	0	0
LT934125.1	51232	+	0	0	72.903124	0	0	0
LT934125.1	51233	+	0	0	0	4352.030948	0	0
LT934125.1	51234	+	0	0	0	0	28.81149	0
LT934125.1	51235	+	3710.878878	10221.465077	6500.528548	13056.092843	4768.301599	9943.360604
LT934125.1	51236	+	163.715245	567.859171	315.913537	0	237.694793	440.528634
LT934125.1	51237	+	1964.582935	1703.577513	2794.619749	0	2394.955108	4908.74764
LT934125.1	51238	+	0	0	0	0	25.210054	125.865324
LT934125.1	51239	+	218.286993	0	243.010413	0	147.658886	440.528634
LT934125.1	51278	+	0	0	0	0	0	62.932662
LT934125.1	51289	+	27.285874	0	0	0	0	0
LT934125.1	51296	+	0	0	0	0	0	125.865324
LT934125.1	51300	+	27.285874	0	0	0	0	62.932662
LT934125.1	51307	+	0	0	36.451562	241.779497	0	0
LT934125.1	51323	+	27.285874	0	0	0	0	0
LT934125.1	51394	+	27.285874	0	0	0	0	0
LT934125.1	51464	+	27.285874	0	0	0	0	0
LT934125.1	51471	+	27.285874	0	0	0	0	0
LT934125.1	51525	+	0	0	0	0	0	125.865324
LT934125.1	51537	+	27.285874	0	0	0	0	0
LT934125.1	51586	+	0	0	0	241.779497	0	62.932662
LT934125.1	51588	+	0	0	0	241.779497	0	0
LT934125.1	51597	+	27.285874	0	0	0	0	0
LT934125.1	51600	+	27.285874	0	0	0	0	62.932662
LT934125.1	51601	+	0	0	0	0	0	62.932662
LT934125.1	51649	+	27.285874	0	0	0	0	0
LT934125.1	51680	+	0	0	0	241.779497	0	0
LT934125.1	51681	+	81.857622	0	0	0	21.608618	62.932662
LT934125.1	51682	+	27.285874	0	0	0	0	0
LT934125.1	51690	+	27.285874	0	0	0	0	0
LT934125.1	51698	+	0	0	0	0	0	62.932662
LT934125.1	51699	+	0	0	0	0	0	62.932662
LT934125.1	51720	+	0	0	0	0	0	62.932662
LT934125.1	51724	+	27.285874	0	0	0	0	0
LT934125.1	51738	+	0	0	36.451562	483.558994	0	0
LT934125.1	51739	+	27.285874	0	0	0	25.210054	62.932662
LT934125.1	51754	+	27.285874	0	0	0	0	0
LT934125.1	51757	+	0	0	0	0	14.405745	0
LT934125.1	51759	+	54.571748	0	0	0	0	0
LT934125.1	51771	+	27.285874	0	0	0	0	0
LT934125.1	51813	+	27.285874	0	0	0	0	62.932662
LT934125.1	51892	+	27.285874	0	0	0	0	0
LT934125.1	51894	+	27.285874	0	0	0	0	0
LT934125.1	51900	+	27.285874	0	0	241.779497	0	0
LT934125.1	51903	+	0	0	0	0	0	62.932662
LT934125.1	51905	+	27.285874	0	0	0	0	0
LT934125.1	51925	+	27.285874	0	0	0	0	0
LT934125.1	51957	+	0	0	48.602083	0	0	0
LT934125.1	51958	+	27.285874	0	0	0	0	0
LT934125.1	51959	+	0	0	24.301041	0	0	0
LT934125.1	51960	+	27.285874	0	0	0	0	0
LT934125.1	51985	+	27.285874	0	0	0	0	0
LT934125.1	51989	+	0	0	0	0	54.021544	0
LT934125.1	51990	+	136.429371	0	60.752603	241.779497	0	125.865324
LT934125.1	52024	+	54.571748	0	0	0	0	0
LT934125.1	52027	+	0	0	0	0	0	188.797986
LT934125.1	52029	+	0	0	157.956768	0	0	0
LT934125.1	52030	+	300.144615	0	0	0	133.253141	0
LT934125.1	52035	+	0	0	0	0	0	62.932662
LT934125.1	52036	+	0	567.859171	0	0	0	0
LT934125.1	52044	+	27.285874	0	0	0	0	0
LT934125.1	52046	+	0	0	0	0	169.267504	0
LT934125.1	52047	+	382.002237	0	48.602083	483.558994	0	440.528634
LT934125.1	52049	+	0	0	0	0	0	62.932662
LT934125.1	52051	+	0	0	0	0	21.608618	0
LT934125.1	52052	+	27.285874	0	0	0	0	62.932662
LT934125.1	52053	+	27.285874	0	0	0	0	0
LT934125.1	52074	+	54.571748	0	0	0	0	0
LT934125.1	52087	+	0	0	0	0	0	62.932662
LT934125.1	52088	+	0	0	0	0	32.412926	0
LT934125.1	52091	+	27.285874	0	0	0	0	0
LT934125.1	52097	+	81.857622	0	0	0	0	125.865324
LT934125.1	52106	+	54.571748	0	0	241.779497	0	0
LT934125.1	52117	+	0	0	0	0	68.427289	0
LT934125.1	52118	+	0	1135.718342	0	0	0	0
LT934125.1	52119	+	0	0	60.752603	0	0	251.730648
LT934125.1	52120	+	0	0	0	0	28.81149	251.730648
LT934125.1	52125	+	0	0	0	0	0	125.865324
LT934125.1	52140	+	27.285874	0	0	0	0	0
LT934125.1	52154	+	27.285874	0	0	0	0	0
LT934125.1	52164	+	0	0	0	0	0	62.932662
LT934125.1	52169	+	0	0	0	0	32.412926	0
LT934125.1	52172	+	0	567.859171	0	241.779497	0	62.932662
LT934125.1	52176	+	27.285874	0	0	0	0	0
LT934125.1	52201	+	27.285874	0	0	0	0	0
LT934125.1	52202	+	0	0	0	0	14.405745	0
LT934125.1	52209	+	0	0	0	241.779497	0	0
LT934125.1	52214	+	0	0	0	0	0	62.932662
LT934125.1	52251	+	27.285874	0	0	0	0	0
LT934125.1	52264	+	27.285874	0	0	0	0	0
LT934125.1	52280	+	0	0	0	241.779497	0	0
LT934125.1	52281	+	81.857622	0	0	0	0	0
LT934125.1	52302	+	27.285874	0	0	0	0	0
LT934125.1	52308	+	27.285874	0	0	0	0	0
LT934125.1	52315	+	27.285874	0	0	0	0	0
LT934125.1	52316	+	0	0	36.451562	241.779497	0	0
LT934125.1	52317	+	191.001119	0	0	0	0	0
LT934125.1	52380	+	0	0	36.451562	0	0	0
LT934125.1	52381	+	109.143496	0	24.301041	0	0	0
LT934125.1	52382	+	27.285874	0	0	0	21.608618	62.932662
LT934125.1	52390	+	27.285874	0	0	0	0	0
LT934125.1	52409	+	0	0	24.301041	0	0	0
LT934125.1	52414	+	0	0	0	0	0	62.932662
LT934125.1	52434	+	0	0	0	0	0	62.932662
LT934125.1	52435	+	27.285874	0	24.301041	0	0	0
LT934125.1	52436	+	0	0	24.301041	0	0	0
LT934125.1	52437	+	0	0	0	0	0	188.797986
LT934125.1	52438	+	0	0	24.301041	0	0	0
LT934125.1	52440	+	0	0	48.602083	241.779497	28.81149	0
LT934125.1	52441	+	0	0	0	0	0	2894.902454
LT934125.1	52443	+	27.285874	0	85.053645	0	14.405745	62.932662
LT934125.1	52444	+	982.291468	1135.718342	1263.654148	967.117988	565.425492	0
LT934125.1	52446	+	191.001119	0	109.354686	0	32.412926	188.797986
LT934125.1	52448	+	27.285874	0	0	0	0	0
LT934125.1	52452	+	0	0	0	483.558994	0	0
LT934125.1	52454	+	0	0	0	0	0	62.932662
LT934125.1	52455	+	0	0	24.301041	0	0	0
LT934125.1	52456	+	54.571748	0	36.451562	0	0	0
LT934125.1	52457	+	27.285874	0	97.204165	0	0	0
LT934125.1	52458	+	0	0	24.301041	0	0	62.932662
LT934125.1	52460	+	1882.725313	6246.45088	1676.77185	2176.015474	1174.068218	3524.229075
LT934125.1	52461	+	218.286993	0	206.558851	0	64.825853	62.932662
LT934125.1	52464	+	0	0	0	0	0	62.932662
LT934125.1	52472	+	0	0	0	0	0	62.932662
LT934125.1	52493	+	0	0	0	0	0	125.865324
LT934125.1	52495	+	0	0	24.301041	0	0	62.932662
LT934125.1	52496	+	54.571748	0	0	0	46.818671	0
LT934125.1	52497	+	0	0	0	0	14.405745	62.932662
LT934125.1	52498	+	27.285874	0	0	0	14.405745	0
LT934125.1	52509	+	27.285874	0	0	0	0	0
LT934125.1	52551	+	0	0	0	241.779497	0	0
LT934125.1	52562	+	27.285874	0	0	0	0	0
LT934125.1	52563	+	0	567.859171	0	0	0	125.865324
LT934125.1	52566	+	27.285874	0	0	0	0	0
LT934125.1	52652	+	27.285874	0	0	0	0	0
LT934125.1	52674	+	27.285874	0	0	0	0	0
LT934125.1	52677	+	0	0	0	0	0	62.932662
LT934125.1	52684	+	0	0	36.451562	0	0	62.932662
LT934125.1	52716	+	0	0	0	0	0	125.865324
LT934125.1	52722	+	0	0	0	0	0	62.932662
LT934125.1	52728	+	0	0	0	0	0	62.932662
LT934125.1	52740	+	0	0	0	0	0	125.865324
LT934125.1	52741	+	27.285874	0	0	0	0	0
LT934125.1	52743	+	27.285874	0	0	0	0	0
LT934125.1	52745	+	27.285874	0	0	0	0	0
LT934125.1	52746	+	0	0	0	0	0	62.932662
LT934125.1	52756	+	27.285874	0	0	0	0	0
LT934125.1	52761	+	27.285874	0	0	0	0	0
LT934125.1	52764	+	0	0	0	0	0	62.932662
LT934125.1	52842	+	0	0	24.301041	0	0	62.932662
LT934125.1	52882	+	54.571748	0	0	0	0	62.932662
LT934125.1	52884	+	0	0	0	0	0	62.932662
LT934125.1	52892	+	0	0	0	0	0	62.932662
LT934125.1	52902	+	0	0	0	0	0	62.932662
LT934125.1	52923	+	27.285874	0	0	0	0	0
LT934125.1	52934	+	27.285874	0	0	0	0	0
LT934125.1	52956	+	0	0	24.301041	0	0	0
LT934125.1	52957	+	0	0	0	0	0	125.865324
LT934125.1	52958	+	27.285874	0	0	0	0	0
LT934125.1	52962	+	27.285874	0	0	0	0	0
LT934125.1	53004	+	81.857622	0	0	0	0	62.932662
LT934125.1	53035	+	27.285874	0	0	0	0	0
LT934125.1	53085	+	27.285874	0	24.301041	0	0	0
LT934125.1	53091	+	27.285874	0	0	0	0	0
LT934125.1	53119	+	0	0	0	0	0	62.932662
LT934125.1	53121	+	27.285874	0	0	0	0	0
LT934125.1	53213	+	27.285874	0	0	0	0	0
LT934125.1	53215	+	27.285874	0	0	0	0	0
LT934125.1	53216	+	27.285874	0	0	0	0	0
LT934125.1	53283	+	27.285874	0	0	0	0	0
LT934125.1	53303	+	0	0	0	0	0	62.932662
LT934125.1	53319	+	54.571748	0	0	0	0	0
LT934125.1	53352	+	0	0	0	0	0	62.932662
LT934125.1	53431	+	0	0	0	0	0	125.865324
LT934125.1	53485	+	27.285874	0	0	0	0	0
LT934125.1	53496	+	0	0	24.301041	0	0	0
LT934125.1	53503	+	27.285874	0	0	0	0	0
LT934125.1	53520	+	27.285874	0	0	0	0	0
LT934125.1	53534	+	27.285874	0	0	0	0	0
LT934125.1	53536	+	0	0	0	0	0	62.932662
LT934125.1	53543	+	0	0	24.301041	0	0	0
LT934125.1	53571	+	27.285874	0	0	0	0	0
LT934125.1	53606	+	0	0	0	0	43.217235	0
LT934125.1	53635	+	0	0	0	0	0	62.932662
LT934125.1	53640	+	27.285874	0	0	0	0	0
LT934125.1	53642	+	0	0	48.602083	0	21.608618	0
LT934125.1	53643	+	27.285874	0	583.224991	241.779497	36.014363	0
LT934125.1	53644	+	245.572867	567.859171	0	0	2596.635538	188.797986
LT934125.1	53645	+	0	567.859171	0	0	158.463195	0
LT934125.1	53646	+	0	0	36.451562	0	147.658886	0
LT934125.1	53647	+	136.429371	567.859171	145.806248	0	198.078994	0
LT934125.1	53648	+	7312.61426	2271.436684	8298.805604	3143.133462	11128.438021	1006.922593
LT934125.1	53649	+	218.286993	0	206.558851	0	61.224416	0
LT934125.1	53650	+	0	0	85.053645	0	79.231598	0
LT934125.1	53652	+	81.857622	0	145.806248	0	367.346498	62.932662
LT934125.1	53723	+	27.285874	0	0	0	0	0
LT934125.1	53764	+	0	0	24.301041	0	0	0
LT934125.1	53767	+	27.285874	0	0	0	0	0
LT934125.1	53790	+	0	0	36.451562	0	0	0
LT934125.1	53791	+	27.285874	0	0	0	0	0
LT934125.1	53843	+	0	0	24.301041	0	0	0
LT934125.1	53847	+	27.285874	0	0	0	0	0
LT934125.1	53858	+	27.285874	0	0	0	0	0
LT934125.1	53864	+	27.285874	0	0	0	0	0
LT934125.1	53902	+	0	0	0	0	0	62.932662
LT934125.1	53905	+	54.571748	0	0	0	0	0
LT934125.1	53907	+	0	0	0	241.779497	0	0
LT934125.1	53918	+	27.285874	0	0	0	0	0
LT934125.1	53929	+	27.285874	0	0	0	0	0
LT934125.1	53930	+	0	567.859171	0	0	36.014363	0
LT934125.1	53931	+	81.857622	0	72.903124	0	0	0
LT934125.1	53956	+	0	0	0	0	0	62.932662
LT934125.1	53958	+	0	0	0	0	28.81149	0
LT934125.1	53959	+	0	0	24.301041	0	0	0
LT934125.1	53961	+	0	0	24.301041	0	0	0
LT934125.1	53972	+	27.285874	0	0	0	0	0
LT934125.1	53990	+	27.285874	0	0	0	0	0
LT934125.1	53991	+	0	0	0	0	14.405745	0
LT934125.1	53997	+	0	0	24.301041	0	0	0
LT934125.1	53998	+	27.285874	0	0	0	28.81149	0
LT934125.1	53999	+	0	0	24.301041	0	0	0
LT934125.1	54000	+	54.571748	567.859171	0	0	32.412926	0
LT934125.1	54006	+	0	0	0	0	0	62.932662
LT934125.1	54036	+	54.571748	0	0	0	0	0
LT934125.1	54040	+	27.285874	0	0	0	0	0
LT934125.1	54041	+	0	0	85.053645	0	0	0
LT934125.1	54042	+	81.857622	0	0	0	0	0
LT934125.1	54073	+	0	0	24.301041	0	0	0
LT934125.1	54075	+	0	0	0	0	50.420108	0
LT934125.1	54076	+	81.857622	0	85.053645	0	0	62.932662
LT934125.1	54091	+	0	567.859171	0	0	0	0
LT934125.1	54122	+	27.285874	0	0	0	0	0
LT934125.1	54137	+	27.285874	0	0	0	0	0
LT934125.1	54168	+	54.571748	0	24.301041	0	0	0
LT934125.1	54251	+	0	0	24.301041	0	0	0
LT934125.1	54252	+	27.285874	0	0	0	0	0
LT934125.1	54262	+	27.285874	0	0	0	0	0
LT934125.1	54282	+	0	0	0	0	0	62.932662
LT934125.1	54292	+	54.571748	0	0	0	14.405745	0
LT934125.1	54307	+	0	0	36.451562	0	0	0
LT934125.1	54342	+	27.285874	0	24.301041	0	0	0
LT934125.1	54360	+	0	567.859171	0	0	0	0
LT934125.1	54392	+	27.285874	0	0	0	0	0
LT934125.1	54399	+	0	0	0	0	0	62.932662
LT934125.1	54423	+	27.285874	0	0	0	0	62.932662
LT934125.1	54425	+	27.285874	0	0	0	0	0
LT934125.1	54442	+	0	567.859171	0	0	0	0
LT934125.1	54457	+	27.285874	0	0	0	0	0
LT934125.1	54462	+	0	0	0	0	0	62.932662
LT934125.1	54469	+	0	0	48.602083	0	0	0
LT934125.1	54472	+	81.857622	0	0	0	0	62.932662
LT934125.1	54474	+	0	0	0	0	0	62.932662
LT934125.1	54475	+	54.571748	0	24.301041	241.779497	0	0
LT934125.1	54553	+	0	0	0	0	0	62.932662
LT934125.1	54570	+	27.285874	0	0	0	0	0
LT934125.1	54591	+	0	0	24.301041	0	0	0
LT934125.1	54612	+	27.285874	0	0	0	0	0
LT934125.1	54620	+	27.285874	0	0	0	0	0
LT934125.1	54626	+	81.857622	0	36.451562	0	0	0
LT934125.1	54646	+	0	0	0	0	14.405745	0
LT934125.1	54671	+	27.285874	0	0	0	0	0
LT934125.1	54676	+	54.571748	0	0	0	0	0
LT934125.1	54689	+	27.285874	0	0	0	0	0
LT934125.1	54733	+	27.285874	0	24.301041	0	0	0
LT934125.1	54743	+	0	0	24.301041	0	0	0
LT934125.1	54744	+	0	0	0	0	21.608618	62.932662
LT934125.1	54745	+	54.571748	0	0	0	43.217235	0
LT934125.1	54755	+	54.571748	0	0	0	0	0
LT934125.1	54782	+	27.285874	0	48.602083	0	0	0
LT934125.1	54787	+	54.571748	0	24.301041	0	0	0
LT934125.1	54789	+	27.285874	0	0	0	0	0
LT934125.1	54792	+	0	0	24.301041	0	0	0
LT934125.1	54834	+	0	0	24.301041	0	0	0
LT934125.1	54845	+	27.285874	0	0	0	0	0
LT934125.1	54847	+	54.571748	0	0	0	0	0
LT934125.1	54864	+	27.285874	0	0	0	0	0
LT934125.1	54868	+	81.857622	0	0	0	0	0
LT934125.1	54927	+	27.285874	0	0	0	0	0
LT934125.1	54928	+	27.285874	0	0	0	0	0
LT934125.1	54935	+	27.285874	0	0	0	0	0
LT934125.1	54938	+	0	0	36.451562	0	28.81149	0
LT934125.1	54940	+	0	567.859171	0	0	18.007181	0
LT934125.1	55038	+	27.285874	0	0	0	0	0
LT934125.1	55097	+	27.285874	0	0	0	0	0
LT934125.1	55187	+	27.285874	0	0	0	0	0
LT934125.1	55324	+	27.285874	0	0	0	0	0
LT934125.1	55351	+	27.285874	0	0	0	0	0
LT934125.1	55367	+	27.285874	0	0	0	0	0
LT934125.1	55458	+	54.571748	0	0	0	0	0
LT934125.1	55593	+	27.285874	0	0	0	0	62.932662
LT934125.1	55615	+	0	0	0	241.779497	0	0
LT934125.1	55722	+	54.571748	0	36.451562	0	0	0
LT934125.1	55724	+	54.571748	0	0	0	0	62.932662
LT934125.1	55725	+	27.285874	0	0	0	0	0
LT934125.1	55753	+	27.285874	0	0	0	0	0
LT934125.1	55755	+	0	0	36.451562	0	0	0
LT934125.1	55786	+	0	0	0	241.779497	0	0
LT934125.1	55788	+	27.285874	0	0	0	0	0
LT934125.1	55839	+	136.429371	0	0	0	0	125.865324
LT934125.1	55900	+	0	567.859171	0	241.779497	14.405745	62.932662
LT934125.1	55941	+	81.857622	0	48.602083	0	0	0
LT934125.1	55959	+	54.571748	0	0	0	0	0
LT934125.1	55971	+	27.285874	0	0	0	0	0
LT934125.1	55987	+	27.285874	0	0	0	0	0
LT934125.1	56324	+	0	0	0	0	0	188.797986
LT934125.1	56327	+	0	0	48.602083	0	0	0
LT934125.1	56632	+	27.285874	0	0	0	0	0
LT934125.1	56681	+	27.285874	0	0	0	0	0
LT934125.1	56729	+	0	567.859171	0	0	0	0
LT934125.1	56763	+	27.285874	0	0	0	0	0
LT934125.1	56903	+	0	0	0	241.779497	0	0
LT934125.1	57001	+	0	0	36.451562	0	0	0
LT934125.1	57023	+	27.285874	0	0	0	0	0
LT934125.1	57331	+	0	0	0	0	0	62.932662
LT934125.1	57761	+	0	0	24.301041	0	0	62.932662
LT934125.1	58135	+	27.285874	0	0	0	0	0
LT934125.1	58463	+	0	0	0	241.779497	0	0
LT934125.1	58468	+	0	0	0	241.779497	0	0
LT934125.1	58498	+	0	0	0	0	0	62.932662
LT934125.1	58622	+	0	0	0	0	43.217235	0
LT934125.1	58625	+	27.285874	0	36.451562	0	0	62.932662
LT934125.1	58807	+	27.285874	0	0	0	0	0
LT934125.1	58831	+	0	0	0	0	0	62.932662
LT934125.1	58863	+	27.285874	0	0	0	0	0
LT934125.1	58955	+	27.285874	0	0	0	0	0
LT934125.1	59007	+	0	0	0	0	0	62.932662
LT934125.1	59038	+	163.715245	0	48.602083	0	0	0
LT934125.1	59039	+	54.571748	0	97.204165	0	21.608618	125.865324
LT934125.1	59040	+	27.285874	0	0	0	0	0
LT934125.1	59041	+	1719.010068	0	0	241.779497	28.81149	314.66331
LT934125.1	59042	+	0	0	36.451562	241.779497	0	62.932662
LT934125.1	59043	+	0	0	0	241.779497	0	0
LT934125.1	59044	+	27.285874	567.859171	1251.503627	3384.912959	486.193894	6293.266205
LT934125.1	59045	+	136.429371	0	36.451562	241.779497	21.608618	125.865324
LT934125.1	59046	+	27.285874	0	0	0	0	0
LT934125.1	59057	+	0	0	0	0	0	125.865324
LT934125.1	59059	+	0	0	0	0	0	62.932662
LT934125.1	59065	+	27.285874	0	0	0	0	62.932662
LT934125.1	59067	+	0	567.859171	72.903124	0	0	818.124607
LT934125.1	59068	+	3519.877759	2839.295855	1846.879139	6286.266925	1130.850983	11013.215859
LT934125.1	59070	+	654.860978	0	170.107289	1692.45648	187.274685	1006.922593
LT934125.1	59073	+	0	0	24.301041	0	0	0
LT934125.1	59090	+	0	0	0	0	0	62.932662
LT934125.1	59115	+	0	0	0	0	0	62.932662
LT934125.1	59153	+	0	0	0	0	0	125.865324
LT934125.1	59170	+	0	0	0	0	0	62.932662
LT934125.1	59183	+	0	0	0	0	0	62.932662
LT934125.1	59186	+	0	0	0	241.779497	0	0
LT934125.1	59197	+	0	0	0	241.779497	0	0
LT934125.1	59198	+	0	0	0	0	0	62.932662
LT934125.1	59203	+	0	0	0	0	0	62.932662
LT934125.1	59217	+	0	0	0	0	0	62.932662
LT934125.1	59219	+	27.285874	0	0	0	0	62.932662
LT934125.1	59234	+	0	0	0	0	0	62.932662
LT934125.1	59237	+	0	0	0	0	0	62.932662
LT934125.1	59258	+	0	0	24.301041	0	0	0
LT934125.1	59261	+	27.285874	0	0	0	0	0
LT934125.1	59269	+	27.285874	0	0	0	0	0
LT934125.1	59271	+	0	0	0	241.779497	0	0
LT934125.1	59273	+	27.285874	0	0	0	0	0
LT934125.1	59322	+	0	0	0	0	0	62.932662
LT934125.1	59329	+	0	0	0	241.779497	0	0
LT934125.1	59333	+	0	0	0	0	18.007181	0
LT934125.1	59348	+	0	0	0	0	0	62.932662
LT934125.1	59351	+	27.285874	0	0	0	0	0
LT934125.1	59398	+	27.285874	0	0	0	0	0
LT934125.1	59421	+	0	0	0	0	0	62.932662
LT934125.1	59449	+	0	0	0	0	0	62.932662
LT934125.1	59471	+	27.285874	0	0	0	0	0
LT934125.1	59474	+	0	0	0	0	0	62.932662
LT934125.1	59495	+	27.285874	0	0	0	0	0
LT934125.1	59497	+	0	0	0	0	0	62.932662
LT934125.1	59533	+	27.285874	0	0	0	0	0
LT934125.1	59534	+	0	0	0	0	0	62.932662
LT934125.1	59540	+	0	0	0	0	0	62.932662
LT934125.1	59545	+	0	0	0	0	0	62.932662
LT934125.1	59546	+	0	0	0	241.779497	0	0
LT934125.1	59548	+	27.285874	0	0	0	0	0
LT934125.1	59549	+	0	0	0	0	0	62.932662
LT934125.1	59581	+	0	0	0	0	0	62.932662
LT934125.1	59594	+	54.571748	0	0	0	0	62.932662
LT934125.1	59639	+	0	567.859171	0	0	0	0
LT934125.1	59640	+	0	0	0	0	0	62.932662
LT934125.1	59644	+	27.285874	0	0	0	0	0
LT934125.1	59665	+	0	0	0	0	0	62.932662
LT934125.1	59666	+	54.571748	0	0	0	0	62.932662
LT934125.1	59672	+	0	0	0	0	0	62.932662
LT934125.1	59678	+	27.285874	0	0	0	0	62.932662
LT934125.1	59700	+	27.285874	0	0	0	0	0
LT934125.1	59731	+	27.285874	0	60.752603	0	0	0
LT934125.1	59736	+	27.285874	0	0	0	0	0
LT934125.1	59738	+	27.285874	0	0	0	0	0
LT934125.1	59748	+	54.571748	0	0	0	0	0
LT934125.1	59749	+	27.285874	0	0	0	0	0
LT934125.1	59760	+	54.571748	0	0	0	0	0
LT934125.1	59772	+	27.285874	0	0	0	0	62.932662
LT934125.1	59792	+	0	567.859171	0	241.779497	0	0
LT934125.1	59793	+	81.857622	0	60.752603	483.558994	25.210054	0
LT934125.1	59901	+	0	0	0	0	0	62.932662
LT934125.1	59933	+	0	0	0	0	0	62.932662
LT934125.1	60086	+	0	0	0	0	0	62.932662
LT934125.1	60110	+	0	0	24.301041	0	0	0
LT934125.1	60112	+	0	0	0	0	0	62.932662
LT934125.1	60113	+	54.571748	0	0	0	0	0
LT934125.1	60139	+	27.285874	0	0	0	0	0
LT934125.1	60232	+	518.431608	0	449.569264	725.338491	522.208257	440.528634
LT934125.1	60233	+	54.571748	0	24.301041	0	0	62.932662
LT934125.1	60234	+	463.85986	0	473.870305	967.117988	226.890484	125.865324
LT934125.1	60235	+	191.001119	0	571.074471	483.558994	500.599639	314.66331
LT934125.1	60236	+	27.285874	0	218.709372	0	154.861759	188.797986
LT934125.1	60239	+	109.143496	0	24.301041	0	46.818671	62.932662
LT934125.1	60254	+	0	0	24.301041	0	0	0
LT934125.1	60259	+	27.285874	0	0	0	0	0
LT934125.1	60285	+	0	0	0	241.779497	0	0
LT934125.1	60355	+	27.285874	0	0	0	0	0
LT934125.1	60375	+	0	0	48.602083	0	0	0
LT934125.1	60376	+	136.429371	0	0	0	0	62.932662
LT934125.1	60377	+	27.285874	0	0	0	0	0
LT934125.1	60405	+	27.285874	0	0	0	0	0
LT934125.1	60452	+	27.285874	0	0	0	0	0
LT934125.1	60478	+	0	0	0	0	0	62.932662
LT934125.1	60559	+	0	0	24.301041	0	0	0
LT934125.1	60594	+	0	0	24.301041	0	0	0
LT934125.1	60656	+	27.285874	0	0	0	0	0
LT934125.1	60673	+	0	0	0	0	0	62.932662
LT934125.1	60688	+	27.285874	0	0	0	0	0
LT934125.1	60750	+	0	0	0	0	0	188.797986
LT934125.1	60754	+	0	0	24.301041	0	0	0
LT934125.1	60778	+	27.285874	0	0	0	0	0
LT934125.1	60819	+	0	0	0	0	0	62.932662
LT934125.1	60868	+	27.285874	0	0	0	0	0
LT934125.1	60885	+	27.285874	0	0	0	0	0
LT934125.1	60908	+	27.285874	0	0	0	0	0
LT934125.1	60926	+	0	0	0	0	0	62.932662
LT934125.1	60953	+	27.285874	0	0	0	0	0
LT934125.1	61002	+	0	0	0	0	0	62.932662
LT934125.1	61003	+	0	0	0	0	0	62.932662
LT934125.1	61039	+	27.285874	0	0	0	0	0
LT934125.1	61076	+	0	0	24.301041	0	72.028725	0
LT934125.1	61078	+	0	0	0	0	0	62.932662
LT934125.1	61165	+	27.285874	0	0	0	0	0
LT934125.1	61336	+	27.285874	0	0	0	0	0
LT934125.1	61358	+	54.571748	0	0	0	0	0
LT934125.1	61370	+	27.285874	0	0	0	0	0
LT934125.1	61436	+	27.285874	0	0	0	0	0
LT934125.1	61503	+	0	0	0	0	0	62.932662
LT934125.1	61516	+	27.285874	0	0	0	0	0
LT934125.1	61530	+	0	0	24.301041	0	0	0
LT934125.1	61531	+	27.285874	0	0	0	0	0
LT934125.1	61625	+	27.285874	0	0	0	0	0
LT934125.1	61628	+	0	0	0	0	0	62.932662
LT934125.1	61700	+	0	0	0	0	0	62.932662
LT934125.1	61705	+	27.285874	0	0	0	0	0
LT934125.1	61724	+	27.285874	0	0	0	0	0
LT934125.1	61733	+	27.285874	0	0	0	0	0
LT934125.1	61750	+	54.571748	0	0	0	0	0
LT934125.1	61797	+	0	0	0	0	0	125.865324
LT934125.1	61800	+	0	0	24.301041	0	0	0
LT934125.1	61808	+	0	0	0	0	0	62.932662
LT934125.1	61812	+	27.285874	0	0	0	0	0
LT934125.1	61814	+	27.285874	0	0	0	0	0
LT934125.1	61819	+	0	0	0	0	0	62.932662
LT934125.1	61835	+	54.571748	0	24.301041	0	0	0
LT934125.1	61850	+	54.571748	0	0	0	0	0
LT934125.1	61855	+	27.285874	0	0	0	0	62.932662
LT934125.1	61889	+	0	0	24.301041	0	0	0
LT934125.1	61926	+	0	0	0	241.779497	0	0
LT934125.1	61930	+	81.857622	567.859171	0	0	0	0
LT934125.1	61933	+	0	0	24.301041	0	0	0
LT934125.1	61934	+	27.285874	0	0	0	0	0
LT934125.1	61939	+	27.285874	0	0	0	0	0
LT934125.1	61973	+	27.285874	0	0	0	0	0
LT934125.1	61975	+	27.285874	0	0	0	0	0
LT934125.1	61994	+	54.571748	0	0	0	0	0
LT934125.1	62265	+	27.285874	0	0	0	0	0
LT934125.1	62281	+	0	0	0	0	14.405745	0
LT934125.1	62325	+	0	0	0	0	21.608618	0
LT934125.1	62354	+	0	567.859171	0	0	0	0
LT934125.1	62653	+	27.285874	0	0	0	0	0
LT934125.1	62710	+	27.285874	0	0	0	0	0
LT934125.1	62721	+	0	0	24.301041	0	0	0
LT934125.1	62793	+	0	0	0	483.558994	0	0
LT934125.1	62797	+	27.285874	0	0	0	0	0
LT934125.1	62814	+	27.285874	0	0	0	0	0
LT934125.1	62952	+	27.285874	0	0	0	0	0
LT934125.1	62977	+	0	0	0	0	14.405745	0
LT934125.1	63061	+	0	0	0	0	14.405745	0
LT934125.1	63174	+	27.285874	0	0	0	0	0
LT934125.1	63303	+	27.285874	0	0	0	0	0
LT934125.1	63431	+	0	0	0	241.779497	0	0
LT934125.1	63731	+	0	0	0	0	0	62.932662
LT934125.1	63940	+	27.285874	0	0	0	0	0
LT934125.1	64053	+	27.285874	0	0	0	0	0
LT934125.1	64240	+	0	0	0	0	0	62.932662
LT934125.1	64275	+	0	0	0	0	0	62.932662
LT934125.1	64723	+	0	0	0	0	0	62.932662
LT934125.1	64786	+	0	0	0	241.779497	0	0
LT934125.1	64909	+	0	0	24.301041	0	0	0
LT934125.1	64943	+	0	0	24.301041	0	0	0
LT934125.1	64979	+	27.285874	0	36.451562	0	0	0
LT934125.1	64988	+	0	0	24.301041	0	0	0
LT934125.1	65042	+	0	0	0	0	0	62.932662
LT934125.1	65241	+	27.285874	0	0	0	0	0
LT934125.1	65491	+	27.285874	0	0	0	0	0
LT934125.1	65649	+	0	0	24.301041	0	0	0
LT934125.1	65737	+	27.285874	0	0	0	0	0
LT934125.1	65802	+	0	0	0	241.779497	0	0
LT934125.1	65804	+	0	0	0	483.558994	0	0
LT934125.1	65805	+	54.571748	0	607.526032	967.117988	374.54937	1132.787917
LT934125.1	65806	+	0	0	48.602083	0	28.81149	62.932662
LT934125.1	65807	+	81.857622	567.859171	352.365099	0	543.816874	1510.383889
LT934125.1	65809	+	27.285874	0	36.451562	0	14.405745	62.932662
LT934125.1	66098	+	27.285874	0	0	0	0	0
LT934125.1	66209	+	0	0	97.204165	0	0	0
LT934125.1	66237	+	0	0	0	0	0	62.932662
LT934125.1	66268	+	27.285874	0	0	0	0	0
LT934125.1	66285	+	0	567.859171	0	0	0	0
LT934125.1	66311	+	27.285874	0	0	0	0	0
LT934125.1	66330	+	0	0	0	0	14.405745	0
LT934125.1	66333	+	0	0	0	725.338491	0	0
LT934125.1	66334	+	0	567.859171	0	0	388.955115	0
LT934125.1	66335	+	54.571748	0	97.204165	0	50.420108	0
LT934125.1	66336	+	0	0	0	0	39.615799	0
LT934125.1	66337	+	81.857622	0	279.461975	0	435.773787	125.865324
LT934125.1	66338	+	32879.478294	10221.465077	26512.436058	23210.831721	28285.680329	12460.667086
LT934125.1	66339	+	491.145734	0	388.816661	0	79.231598	440.528634
LT934125.1	66340	+	27.285874	0	133.655727	241.779497	118.847396	0
LT934125.1	66341	+	54.571748	0	36.451562	0	54.021544	62.932662
LT934125.1	66342	+	0	0	24.301041	0	0	0
LT934125.1	66344	+	163.715245	0	36.451562	241.779497	43.217235	0
LT934125.1	66350	+	27.285874	0	0	241.779497	0	0
LT934125.1	66411	+	27.285874	0	0	0	0	0
LT934125.1	66426	+	0	0	0	241.779497	0	0
LT934125.1	66427	+	54.571748	0	24.301041	0	14.405745	0
LT934125.1	66428	+	0	0	0	0	0	62.932662
LT934125.1	66430	+	27.285874	0	0	0	0	0
LT934125.1	66477	+	27.285874	0	0	0	0	62.932662
LT934125.1	66524	+	27.285874	0	0	0	0	0
LT934125.1	66531	+	27.285874	0	0	0	0	0
LT934125.1	66571	+	54.571748	0	0	0	0	0
LT934125.1	66581	+	27.285874	0	0	0	0	0
LT934125.1	66634	+	27.285874	0	0	0	0	0
LT934125.1	66639	+	27.285874	0	0	0	0	0
LT934125.1	66642	+	54.571748	0	0	0	0	0
LT934125.1	66682	+	0	0	48.602083	0	0	62.932662
LT934125.1	66733	+	0	0	24.301041	0	0	0
LT934125.1	66798	+	27.285874	0	0	0	0	0
LT934125.1	66800	+	0	0	0	0	18.007181	0
LT934125.1	66801	+	27.285874	0	0	0	0	125.865324
LT934125.1	66813	+	27.285874	0	0	0	0	0
LT934125.1	66818	+	27.285874	0	0	0	14.405745	0
LT934125.1	66922	+	0	0	0	0	0	62.932662
LT934125.1	66941	+	27.285874	0	0	0	0	0
LT934125.1	66982	+	27.285874	0	0	0	0	0
LT934125.1	67017	+	0	0	0	0	0	62.932662
LT934125.1	67042	+	0	0	24.301041	0	0	0
LT934125.1	67047	+	0	0	0	241.779497	0	0
LT934125.1	67055	+	0	0	0	0	0	62.932662
LT934125.1	67100	+	27.285874	0	0	0	0	0
LT934125.1	67168	+	0	0	0	0	0	62.932662
LT934125.1	67170	+	0	0	0	0	0	62.932662
LT934125.1	67171	+	27.285874	0	0	0	0	0
LT934125.1	67187	+	0	567.859171	0	0	0	0
LT934125.1	67195	+	27.285874	0	0	0	0	0
LT934125.1	67203	+	27.285874	0	0	0	0	0
LT934125.1	67219	+	27.285874	0	0	241.779497	0	0
LT934125.1	67226	+	0	0	0	0	0	62.932662
LT934125.1	67281	+	27.285874	0	0	0	0	0
LT934125.1	67326	+	27.285874	0	0	0	0	0
LT934125.1	67358	+	0	0	0	0	0	62.932662
LT934125.1	67372	+	27.285874	0	0	0	0	0
LT934125.1	67373	+	0	0	0	0	14.405745	0
LT934125.1	67374	+	27.285874	0	0	0	0	0
LT934125.1	67444	+	27.285874	0	0	0	0	0
LT934125.1	67511	+	54.571748	0	0	0	0	0
LT934125.1	67530	+	54.571748	0	24.301041	0	0	0
LT934125.1	67552	+	27.285874	0	0	0	0	0
LT934125.1	67576	+	27.285874	0	0	0	0	0
LT934125.1	67593	+	0	0	24.301041	0	0	0
LT934125.1	67613	+	0	567.859171	24.301041	0	0	0
LT934125.1	67739	+	0	0	0	0	0	125.865324
LT934125.1	67754	+	0	0	0	0	0	62.932662
LT934125.1	67781	+	0	0	0	241.779497	0	0
LT934125.1	67797	+	27.285874	0	0	0	0	0
LT934125.1	67857	+	27.285874	0	0	0	0	0
LT934125.1	67860	+	27.285874	0	0	0	0	0
LT934125.1	67866	+	0	0	24.301041	0	0	0
LT934125.1	67893	+	0	0	0	0	0	62.932662
LT934125.1	67905	+	0	0	0	241.779497	0	0
LT934125.1	67929	+	27.285874	0	24.301041	0	0	0
LT934125.1	67952	+	27.285874	0	0	0	0	0
LT934125.1	67955	+	27.285874	0	0	0	0	0
LT934125.1	67960	+	0	0	0	241.779497	0	0
LT934125.1	67962	+	54.571748	0	0	0	14.405745	62.932662
LT934125.1	67964	+	81.857622	0	36.451562	0	14.405745	0
LT934125.1	67965	+	0	0	36.451562	0	0	0
LT934125.1	67968	+	109.143496	0	0	0	0	0
LT934125.1	67975	+	27.285874	0	0	0	0	0
LT934125.1	68024	+	27.285874	0	0	0	0	0
LT934125.1	68028	+	0	0	48.602083	0	0	0
LT934125.1	68029	+	27.285874	0	0	0	0	0
LT934125.1	68062	+	54.571748	0	0	0	0	0
LT934125.1	68072	+	27.285874	0	0	0	0	0
LT934125.1	68109	+	27.285874	0	0	0	0	0
LT934125.1	68124	+	27.285874	0	0	0	0	0
LT934125.1	68131	+	27.285874	0	0	0	0	0
LT934125.1	68157	+	0	0	0	0	0	62.932662
LT934125.1	68162	+	109.143496	0	0	0	0	0
LT934125.1	68169	+	27.285874	0	0	0	0	0
LT934125.1	68235	+	27.285874	0	0	0	0	0
LT934125.1	68267	+	0	0	24.301041	241.779497	0	0
LT934125.1	68268	+	27.285874	0	0	0	0	0
LT934125.1	68270	+	0	567.859171	0	0	0	0
LT934125.1	68284	+	0	0	0	241.779497	0	0
LT934125.1	68292	+	0	0	0	0	21.608618	0
LT934125.1	68293	+	54.571748	0	0	0	0	125.865324
LT934125.1	68307	+	0	0	0	241.779497	0	0
LT934125.1	68322	+	0	0	0	241.779497	0	0
LT934125.1	68357	+	0	0	0	241.779497	0	0
LT934125.1	68358	+	0	0	0	241.779497	0	0
LT934125.1	68367	+	27.285874	0	0	0	0	0
LT934125.1	68369	+	27.285874	0	0	0	0	0
LT934125.1	68372	+	27.285874	0	0	0	0	0
LT934125.1	68376	+	27.285874	0	0	0	0	62.932662
LT934125.1	68378	+	0	0	24.301041	0	0	0
LT934125.1	68388	+	27.285874	0	0	0	0	0
LT934125.1	68405	+	27.285874	0	0	0	0	0
LT934125.1	68460	+	54.571748	0	0	0	14.405745	0
LT934125.1	68482	+	27.285874	0	0	0	0	0
LT934125.1	68486	+	54.571748	0	0	0	0	62.932662
LT934125.1	68499	+	27.285874	0	0	0	0	0
LT934125.1	68501	+	27.285874	0	0	0	0	0
LT934125.1	68504	+	27.285874	0	0	0	0	0
LT934125.1	68510	+	0	0	0	0	18.007181	0
LT934125.1	68511	+	27.285874	0	36.451562	0	0	0
LT934125.1	68536	+	0	0	24.301041	0	0	0
LT934125.1	68557	+	0	0	0	0	28.81149	0
LT934125.1	68560	+	27.285874	0	60.752603	241.779497	0	0
LT934125.1	68563	+	0	0	0	0	18.007181	0
LT934125.1	68588	+	0	0	0	0	0	62.932662
LT934125.1	68606	+	27.285874	0	0	0	0	0
LT934125.1	68643	+	0	0	0	0	0	62.932662
LT934125.1	68665	+	27.285874	0	0	0	0	0
LT934125.1	68675	+	27.285874	0	0	0	0	62.932662
LT934125.1	68692	+	27.285874	0	48.602083	0	0	0
LT934125.1	68705	+	0	567.859171	0	0	0	0
LT934125.1	68713	+	27.285874	0	0	0	0	0
LT934125.1	68741	+	27.285874	0	0	0	0	0
LT934125.1	68758	+	27.285874	0	0	0	0	0
LT934125.1	68770	+	27.285874	0	0	0	0	0
LT934125.1	68775	+	27.285874	0	0	0	0	0
LT934125.1	68785	+	27.285874	0	0	0	0	0
LT934125.1	68787	+	54.571748	0	0	0	0	0
LT934125.1	68806	+	27.285874	0	0	0	0	0
LT934125.1	68812	+	27.285874	0	0	0	0	0
LT934125.1	68839	+	0	0	0	0	0	62.932662
LT934125.1	68856	+	54.571748	0	24.301041	0	0	0
LT934125.1	68890	+	27.285874	0	24.301041	0	0	0
LT934125.1	68946	+	27.285874	0	0	0	0	0
LT934125.1	68967	+	27.285874	0	0	0	0	0
LT934125.1	69002	+	0	0	0	241.779497	0	0
LT934125.1	69007	+	27.285874	0	0	0	0	0
LT934125.1	69040	+	27.285874	0	0	0	0	0
LT934125.1	69060	+	27.285874	0	0	0	0	0
LT934125.1	69076	+	27.285874	0	0	0	0	0
LT934125.1	69095	+	0	0	0	0	18.007181	0
LT934125.1	69158	+	27.285874	0	0	0	0	0
LT934125.1	69160	+	27.285874	0	0	0	0	0
LT934125.1	69162	+	81.857622	0	0	0	0	125.865324
LT934125.1	69164	+	0	0	0	0	0	62.932662
LT934125.1	69247	+	27.285874	0	0	0	0	0
LT934125.1	69289	+	0	0	24.301041	0	0	0
LT934125.1	69290	+	54.571748	567.859171	0	0	0	0
LT934125.1	69418	+	27.285874	567.859171	0	0	0	0
LT934125.1	69433	+	0	0	0	0	0	62.932662
LT934125.1	69444	+	0	0	0	0	0	62.932662
LT934125.1	69460	+	27.285874	0	0	0	0	0
LT934125.1	69466	+	27.285874	0	0	0	0	0
LT934125.1	69516	+	27.285874	0	24.301041	0	0	0
LT934125.1	69569	+	27.285874	0	0	0	0	0
LT934125.1	69606	+	27.285874	0	0	0	0	0
LT934125.1	69613	+	54.571748	0	0	0	0	62.932662
LT934125.1	69666	+	27.285874	0	0	0	0	62.932662
LT934125.1	69703	+	27.285874	0	0	0	0	0
LT934125.1	69732	+	27.285874	0	0	0	0	0
LT934125.1	69736	+	0	567.859171	0	0	0	0
LT934125.1	69762	+	27.285874	0	0	0	0	0
LT934125.1	69765	+	81.857622	567.859171	36.451562	483.558994	0	125.865324
LT934125.1	69768	+	0	0	0	0	0	125.865324
LT934125.1	69783	+	27.285874	0	0	0	0	0
LT934125.1	69789	+	27.285874	0	0	0	0	0
LT934125.1	69799	+	27.285874	567.859171	24.301041	0	0	0
LT934125.1	69823	+	27.285874	0	0	0	0	0
LT934125.1	69852	+	27.285874	0	0	0	0	62.932662
LT934125.1	69876	+	27.285874	0	0	0	0	0
LT934125.1	69946	+	0	0	0	0	0	62.932662
LT934125.1	69947	+	27.285874	0	0	0	0	0
LT934125.1	69948	+	27.285874	0	0	0	0	0
LT934125.1	69949	+	54.571748	0	0	0	14.405745	0
LT934125.1	69950	+	27.285874	0	0	0	0	0
LT934125.1	69960	+	27.285874	0	0	0	0	0
LT934125.1	69992	+	27.285874	0	0	0	0	0
LT934125.1	70013	+	27.285874	0	0	0	0	0
LT934125.1	70024	+	27.285874	0	0	0	0	0
LT934125.1	70087	+	0	0	0	0	151.260323	0
LT934125.1	70088	+	27.285874	0	0	0	0	0
LT934125.1	70089	+	0	0	0	0	0	377.595972
LT934125.1	70090	+	245.572867	1135.718342	376.66614	1208.897485	75.630161	503.461296
LT934125.1	70122	+	0	0	24.301041	0	0	0
LT934125.1	70135	+	109.143496	1135.718342	0	241.779497	28.81149	62.932662
LT934125.1	70136	+	27.285874	0	0	0	0	0
LT934125.1	70144	+	27.285874	0	0	0	0	0
LT934125.1	70161	+	27.285874	0	0	0	0	0
LT934125.1	70167	+	27.285874	0	0	0	0	0
LT934125.1	70185	+	27.285874	0	0	0	0	0
LT934125.1	70186	+	0	567.859171	0	0	0	0
LT934125.1	70233	+	27.285874	0	0	0	0	0
LT934125.1	70324	+	27.285874	0	0	0	0	0
LT934125.1	70350	+	27.285874	0	0	0	0	0
LT934125.1	70452	+	27.285874	0	0	0	0	0
LT934125.1	70525	+	0	0	24.301041	0	0	0
LT934125.1	70526	+	0	0	0	0	1854.73967	0
LT934125.1	70527	+	0	0	0	0	2744.294425	0
LT934125.1	70528	+	54.571748	2271.436684	24.301041	6528.046422	0	0
LT934125.1	70529	+	3983.737619	567.859171	3511.500468	4110.251451	0	3083.700441
LT934125.1	70530	+	0	0	0	0	633.85278	0
LT934125.1	70531	+	8758.765587	5678.591709	7642.677489	241.779497	8146.448804	4782.882316
LT934125.1	70533	+	109.143496	0	24.301041	0	28.81149	0
LT934125.1	70534	+	545.717482	0	473.870305	0	558.222619	0
LT934125.1	70642	+	27.285874	0	0	0	0	0
LT934125.1	70671	+	0	0	24.301041	0	0	0
LT934125.1	70673	+	0	0	0	0	0	62.932662
LT934125.1	70675	+	0	0	24.301041	0	0	0
LT934125.1	70694	+	27.285874	0	0	0	0	0
LT934125.1	70706	+	54.571748	0	0	0	0	0
LT934125.1	70725	+	27.285874	0	0	0	0	0
LT934125.1	70752	+	0	0	0	0	0	62.932662
LT934125.1	70758	+	27.285874	0	0	0	0	0
LT934125.1	70773	+	0	0	24.301041	0	0	0
LT934125.1	70806	+	27.285874	0	0	0	0	0
LT934125.1	70816	+	27.285874	0	0	0	0	0
LT934125.1	70828	+	27.285874	0	0	0	0	0
LT934125.1	70889	+	27.285874	0	0	0	0	62.932662
LT934125.1	70899	+	27.285874	0	0	0	0	0
LT934125.1	70973	+	0	0	0	0	18.007181	0
LT934125.1	70974	+	27.285874	0	24.301041	0	0	0
LT934125.1	70980	+	27.285874	0	0	0	0	0
LT934125.1	70988	+	27.285874	0	0	0	0	0
LT934125.1	71008	+	0	0	0	0	32.412926	0
LT934125.1	71009	+	136.429371	0	24.301041	0	0	125.865324
LT934125.1	71022	+	27.285874	0	0	0	0	0
LT934125.1	71024	+	27.285874	0	0	0	0	0
LT934125.1	71033	+	0	0	0	0	0	62.932662
LT934125.1	71054	+	0	567.859171	0	0	0	0
LT934125.1	71055	+	27.285874	0	0	241.779497	0	0
LT934125.1	71079	+	27.285874	0	0	0	0	0
LT934125.1	71093	+	54.571748	0	0	0	0	0
LT934125.1	71111	+	27.285874	0	0	0	0	0
LT934125.1	71112	+	27.285874	0	0	0	0	0
LT934125.1	71113	+	27.285874	0	0	0	0	0
LT934125.1	71144	+	27.285874	0	0	0	0	0
LT934125.1	71155	+	27.285874	0	0	0	0	0
LT934125.1	71165	+	0	0	0	0	0	62.932662
LT934125.1	71188	+	54.571748	0	0	0	0	0
LT934125.1	71189	+	81.857622	0	0	0	0	0
LT934125.1	71191	+	27.285874	0	0	0	0	0
LT934125.1	71198	+	27.285874	0	36.451562	0	0	0
LT934125.1	71224	+	27.285874	0	0	0	0	0
LT934125.1	71249	+	0	0	0	0	0	62.932662
LT934125.1	71271	+	27.285874	0	0	0	0	0
LT934125.1	71324	+	27.285874	0	0	0	0	0
LT934125.1	71346	+	27.285874	0	0	0	0	0
LT934125.1	71519	+	27.285874	0	0	0	0	0
LT934125.1	71554	+	27.285874	0	0	0	0	0
LT934125.1	71561	+	27.285874	0	0	0	0	0
LT934125.1	71679	+	0	0	24.301041	0	0	0
LT934125.1	71683	+	0	0	0	0	0	62.932662
LT934125.1	71719	+	27.285874	0	0	0	0	0
LT934125.1	71748	+	27.285874	0	0	0	0	0
LT934125.1	71767	+	27.285874	0	0	0	14.405745	0
LT934125.1	71845	+	0	0	24.301041	0	0	0
LT934125.1	71915	+	0	0	0	0	0	62.932662
LT934125.1	71987	+	27.285874	0	0	0	0	0
LT934125.1	72238	+	27.285874	0	0	0	0	0
LT934125.1	72277	+	0	0	0	0	14.405745	0
LT934125.1	72278	+	27.285874	0	0	0	0	0
LT934125.1	72356	+	0	0	0	0	28.81149	0
LT934125.1	72387	+	27.285874	0	0	0	0	0
LT934125.1	72393	+	0	0	24.301041	0	0	0
LT934125.1	72462	+	27.285874	0	0	0	0	0
LT934125.1	72470	+	27.285874	0	0	0	0	62.932662
LT934125.1	72477	+	27.285874	0	0	0	0	0
LT934125.1	72527	+	0	0	0	0	0	62.932662
LT934125.1	72537	+	0	0	24.301041	0	0	0
LT934125.1	72539	+	0	0	0	0	46.818671	0
LT934125.1	72564	+	27.285874	0	0	0	0	0
LT934125.1	72595	+	27.285874	0	0	0	0	0
LT934125.1	72619	+	0	0	0	0	0	62.932662
LT934125.1	72624	+	27.285874	0	0	0	0	0
LT934125.1	72649	+	0	0	0	0	0	62.932662
LT934125.1	72661	+	0	0	0	241.779497	0	0
LT934125.1	72756	+	218.286993	0	0	483.558994	0	0
LT934125.1	72758	+	54.571748	0	85.053645	483.558994	75.630161	125.865324
LT934125.1	72759	+	54.571748	0	729.031239	1450.676983	374.54937	377.595972
LT934125.1	72760	+	54.571748	0	0	241.779497	424.969478	755.191945
LT934125.1	72763	+	545.717482	0	437.418743	483.558994	360.143625	0
LT934125.1	72771	+	27.285874	0	0	0	0	0
LT934125.1	72777	+	27.285874	0	0	0	0	0
LT934125.1	72791	+	0	0	24.301041	0	0	0
LT934125.1	72813	+	0	0	0	0	21.608618	188.797986
LT934125.1	72828	+	27.285874	0	0	0	0	0
LT934125.1	72950	+	27.285874	0	0	0	0	0
LT934125.1	73095	+	0	0	24.301041	0	0	0
LT934125.1	73096	+	81.857622	0	0	0	0	0
LT934125.1	73363	+	27.285874	0	0	0	0	0
LT934125.1	73608	+	27.285874	0	0	0	0	0
LT934125.1	73699	+	27.285874	0	0	0	0	0
LT934125.1	74192	+	27.285874	0	0	0	0	0
LT934125.1	74206	+	27.285874	0	0	0	0	0
LT934125.1	74397	+	27.285874	0	0	0	0	0
LT934125.1	74398	+	0	0	0	0	115.24596	0
LT934125.1	74399	+	27.285874	0	24.301041	967.117988	36.014363	0
LT934125.1	74400	+	764.004475	567.859171	984.192173	967.117988	2859.540385	3650.094399
LT934125.1	74401	+	163.715245	0	0	0	0	0
LT934125.1	74402	+	518.431608	0	850.536445	967.117988	2999.996399	1258.653241
LT934125.1	74405	+	218.286993	0	121.505206	0	522.208257	251.730648
LT934125.1	74412	+	0	0	0	0	14.405745	0
LT934125.1	74449	+	27.285874	0	0	0	0	0
LT934125.1	74502	+	0	0	24.301041	241.779497	0	0
LT934125.1	74571	+	0	0	0	0	0	62.932662
LT934125.1	74632	+	0	0	0	0	0	62.932662
LT934125.1	74680	+	27.285874	0	0	0	0	0
LT934125.1	74681	+	27.285874	0	0	0	0	0
LT934125.1	74940	+	27.285874	0	0	0	0	0
LT934125.1	74952	+	0	0	0	0	0	62.932662
LT934125.1	74954	+	0	567.859171	0	0	0	0
LT934125.1	74969	+	0	0	0	0	0	125.865324
LT934125.1	74971	+	0	0	0	0	0	62.932662
LT934125.1	75018	+	0	0	0	0	14.405745	0
LT934125.1	75038	+	54.571748	0	0	0	0	0
LT934125.1	75072	+	27.285874	0	0	0	0	0
LT934125.1	75086	+	54.571748	0	0	0	0	0
LT934125.1	75100	+	0	0	0	0	43.217235	0
LT934125.1	75101	+	54.571748	0	0	0	0	188.797986
LT934125.1	75103	+	0	0	0	0	0	62.932662
LT934125.1	75110	+	0	567.859171	0	0	0	0
LT934125.1	75122	+	27.285874	0	0	0	0	0
LT934125.1	75167	+	27.285874	0	0	0	0	0
LT934125.1	75207	+	0	567.859171	0	0	0	0
LT934125.1	75234	+	27.285874	0	0	0	0	0
LT934125.1	75237	+	0	0	0	0	0	62.932662
LT934125.1	75247	+	0	0	0	0	14.405745	0
LT934125.1	75255	+	27.285874	0	0	0	0	0
LT934125.1	75302	+	27.285874	0	0	0	0	0
LT934125.1	75305	+	27.285874	0	0	0	0	0
LT934125.1	75308	+	27.285874	0	0	0	0	0
LT934125.1	75360	+	27.285874	0	0	0	0	0
LT934125.1	75369	+	27.285874	0	0	0	0	0
LT934125.1	75375	+	27.285874	0	0	0	0	0
LT934125.1	75384	+	27.285874	0	0	0	0	0
LT934125.1	75417	+	27.285874	0	0	0	0	0
LT934125.1	75568	+	0	0	0	0	14.405745	0
LT934125.1	75592	+	27.285874	0	0	0	0	0
LT934125.1	75651	+	0	0	48.602083	0	0	0
LT934125.1	75653	+	0	0	0	0	25.210054	0
LT934125.1	75654	+	27.285874	0	0	0	100.840215	188.797986
LT934125.1	75657	+	27.285874	0	0	0	28.81149	0
LT934125.1	75923	+	0	0	24.301041	0	0	0
LT934125.1	76041	+	27.285874	0	0	0	0	0
LT934125.1	76115	+	27.285874	0	0	0	0	0
LT934125.1	76597	+	0	0	0	241.779497	0	0
LT934125.1	76618	+	27.285874	0	0	0	0	0
LT934125.1	76677	+	54.571748	0	0	0	32.412926	62.932662
LT934125.1	76679	+	0	0	0	0	0	440.528634
LT934125.1	76682	+	0	0	0	725.338491	0	0
LT934125.1	76683	+	81.857622	1703.577513	24.301041	483.558994	147.658886	62.932662
LT934125.1	76684	+	0	0	0	0	14.405745	0
LT934125.1	76685	+	109.143496	0	170.107289	0	154.861759	1384.518565
LT934125.1	76686	+	0	0	0	0	0	62.932662
LT934125.1	76688	+	0	0	0	0	0	62.932662
LT934125.1	76717	+	27.285874	0	0	0	0	62.932662
LT934125.1	76749	+	27.285874	0	0	0	14.405745	0
LT934125.1	76753	+	27.285874	0	0	0	0	0
LT934125.1	76787	+	0	0	0	0	0	62.932662
LT934125.1	76798	+	27.285874	0	0	0	0	0
LT934125.1	76834	+	0	0	0	0	0	62.932662
LT934125.1	76891	+	0	0	0	0	0	62.932662
LT934125.1	76918	+	0	0	0	0	25.210054	62.932662
LT934125.1	76920	+	0	0	0	0	14.405745	62.932662
LT934125.1	76948	+	0	0	0	0	0	62.932662
LT934125.1	76987	+	0	0	0	241.779497	0	0
LT934125.1	76990	+	54.571748	0	72.903124	0	61.224416	629.326621
LT934125.1	76992	+	0	0	0	0	0	62.932662
LT934125.1	77322	+	27.285874	0	0	0	0	62.932662
LT934125.1	77524	+	27.285874	0	0	0	0	0
LT934125.1	78037	+	54.571748	0	0	0	14.405745	62.932662
LT934125.1	78039	+	109.143496	0	121.505206	0	32.412926	377.595972
LT934125.1	78040	+	0	0	24.301041	0	14.405745	62.932662
LT934125.1	78041	+	27.285874	0	60.752603	0	18.007181	0
LT934125.1	78042	+	81.857622	0	36.451562	0	0	0
LT934125.1	78044	+	54.571748	1135.718342	24.301041	0	0	62.932662
LT934125.1	78047	+	0	0	0	0	0	62.932662
LT934125.1	78367	+	27.285874	0	0	0	0	0
LT934125.1	78550	+	0	0	0	0	0	62.932662
LT934125.1	78827	+	27.285874	0	0	0	0	0
LT934125.1	78835	+	27.285874	0	0	0	0	0
LT934125.1	78838	+	0	0	0	0	0	62.932662
LT934125.1	78843	+	27.285874	0	0	0	0	0
LT934125.1	78883	+	27.285874	0	0	0	0	0
LT934125.1	78893	+	27.285874	0	0	0	0	0
LT934125.1	78896	+	27.285874	0	0	0	0	0
LT934125.1	78955	+	0	567.859171	0	0	0	0
LT934125.1	79010	+	27.285874	0	0	0	0	0
LT934125.1	79055	+	27.285874	0	0	0	0	0
LT934125.1	79067	+	27.285874	0	0	0	0	0
LT934125.1	79068	+	27.285874	0	0	0	0	0
LT934125.1	79070	+	0	0	0	0	0	125.865324
LT934125.1	79142	+	0	0	0	0	21.608618	0
LT934125.1	79216	+	27.285874	0	0	0	0	0
LT934125.1	79218	+	27.285874	0	0	0	0	0
LT934125.1	79349	+	0	0	0	0	0	62.932662
LT934125.1	79350	+	54.571748	0	0	0	0	0
LT934125.1	79370	+	27.285874	0	0	0	0	0
LT934125.1	79378	+	27.285874	0	0	0	0	0
LT934125.1	79383	+	54.571748	0	0	0	0	0
LT934125.1	79401	+	0	0	24.301041	0	0	0
LT934125.1	79405	+	81.857622	0	0	0	0	0
LT934125.1	79439	+	27.285874	0	85.053645	0	0	0
LT934125.1	79440	+	136.429371	0	3572.253071	3868.471954	28.81149	125.865324
LT934125.1	79441	+	6166.607547	1703.577513	0	0	878.750446	3209.565765
LT934125.1	79443	+	163.715245	0	0	241.779497	36.014363	0
LT934125.1	79444	+	30751.180114	9085.746735	15576.967473	17891.682785	4620.642712	12208.936438
LT934125.1	79445	+	1036.863216	0	935.59009	967.117988	122.448833	818.124607
LT934125.1	79446	+	136.429371	0	48.602083	0	0	0
LT934125.1	79447	+	382.002237	567.859171	255.160934	483.558994	90.035906	251.730648
LT934125.1	79454	+	0	0	0	241.779497	0	0
LT934125.1	79455	+	0	0	0	241.779497	0	0
LT934125.1	79463	+	54.571748	0	0	0	0	0
LT934125.1	79471	+	0	0	0	241.779497	0	0
LT934125.1	79473	+	0	0	24.301041	0	0	0
LT934125.1	79478	+	27.285874	0	0	0	0	0
LT934125.1	79479	+	27.285874	0	24.301041	0	0	0
LT934125.1	79481	+	27.285874	0	0	0	0	0
LT934125.1	79486	+	27.285874	0	0	0	0	0
LT934125.1	79492	+	27.285874	0	0	241.779497	0	0
LT934125.1	79502	+	27.285874	0	0	0	0	0
LT934125.1	79512	+	27.285874	0	0	0	0	0
LT934125.1	79518	+	27.285874	0	0	0	0	0
LT934125.1	79532	+	27.285874	0	0	0	0	0
LT934125.1	79535	+	27.285874	0	0	0	0	0
LT934125.1	79540	+	0	0	0	0	0	125.865324
LT934125.1	79548	+	0	0	0	241.779497	0	0
LT934125.1	79549	+	0	0	24.301041	0	0	62.932662
LT934125.1	79550	+	109.143496	0	0	0	18.007181	0
LT934125.1	79551	+	0	0	0	0	21.608618	0
LT934125.1	79552	+	218.286993	0	206.558851	241.779497	0	251.730648
LT934125.1	79565	+	27.285874	0	0	0	0	0
LT934125.1	79601	+	27.285874	0	0	0	0	0
LT934125.1	79607	+	54.571748	0	0	0	0	0
LT934125.1	79610	+	0	0	24.301041	0	0	0
LT934125.1	79622	+	54.571748	0	0	0	0	62.932662
LT934125.1	79652	+	0	0	48.602083	0	0	0
LT934125.1	79664	+	0	0	0	0	0	62.932662
LT934125.1	79719	+	0	0	24.301041	0	0	0
LT934125.1	79720	+	27.285874	0	0	0	0	0
LT934125.1	79750	+	27.285874	0	0	0	0	0
LT934125.1	79872	+	0	0	24.301041	0	0	0
LT934125.1	79937	+	0	0	0	0	18.007181	0
LT934125.1	79939	+	0	0	0	0	14.405745	0
LT934125.1	79948	+	27.285874	0	0	0	0	0
LT934125.1	80010	+	27.285874	0	0	0	0	0
LT934125.1	80186	+	27.285874	0	0	0	0	0
LT934125.1	80193	+	27.285874	0	0	0	14.405745	0
LT934125.1	80270	+	27.285874	0	0	0	0	0
LT934125.1	80338	+	0	0	0	241.779497	0	0
LT934125.1	80376	+	0	0	0	241.779497	0	0
LT934125.1	80403	+	0	0	0	0	0	62.932662
LT934125.1	80427	+	0	0	24.301041	0	0	0
LT934125.1	80729	+	27.285874	0	0	0	0	0
LT934125.1	81081	+	81.857622	567.859171	145.806248	241.779497	14.405745	125.865324
LT934125.1	81082	+	136.429371	2271.436684	328.064058	483.558994	104.441651	1510.383889
LT934125.1	81135	+	0	0	0	0	0	62.932662
LT934125.1	81166	+	27.285874	0	0	0	0	0
LT934125.1	81181	+	27.285874	0	0	0	0	0
LT934125.1	81198	+	27.285874	0	0	0	0	0
LT934125.1	81317	+	27.285874	0	0	0	0	0
LT934125.1	81409	+	0	0	24.301041	0	0	0
LT934125.1	81480	+	27.285874	0	0	0	0	0
LT934125.1	81481	+	27.285874	0	0	0	0	62.932662
LT934125.1	81696	+	27.285874	0	0	0	0	0
LT934125.1	81837	+	27.285874	0	0	0	0	0
LT934125.1	81987	+	27.285874	0	0	0	0	0
LT934125.1	82047	+	0	0	0	0	0	62.932662
LT934125.1	82048	+	0	0	0	0	0	62.932662
LT934125.1	82100	+	27.285874	0	0	0	0	0
LT934125.1	82384	+	0	567.859171	0	0	0	0
LT934125.1	82426	+	0	567.859171	0	0	0	0
LT934125.1	82436	+	0	0	0	241.779497	0	0
LT934125.1	82468	+	27.285874	0	0	0	0	0
LT934125.1	82471	+	0	0	0	0	0	125.865324
LT934125.1	82476	+	0	0	36.451562	0	0	0
LT934125.1	82478	+	0	0	36.451562	0	0	0
LT934125.1	82560	+	0	0	0	0	0	62.932662
LT934125.1	82566	+	27.285874	0	0	0	0	0
LT934125.1	82743	+	0	0	0	0	0	62.932662
LT934125.1	82745	+	0	0	0	0	0	62.932662
LT934125.1	82896	+	0	0	0	0	0	62.932662
LT934125.1	83131	+	0	0	0	0	0	62.932662
LT934125.1	83578	+	27.285874	0	0	0	0	0
LT934125.1	83752	+	27.285874	0	0	0	0	0
LT934125.1	83792	+	27.285874	0	0	241.779497	0	0
LT934125.1	83973	+	0	0	0	0	18.007181	0
LT934125.1	83975	+	0	0	24.301041	0	39.615799	0
LT934125.1	83978	+	0	0	60.752603	0	61.224416	251.730648
LT934125.1	83979	+	0	0	0	0	0	62.932662
LT934125.1	83980	+	0	0	0	0	0	62.932662
LT934125.1	83982	+	0	0	0	0	0	62.932662
LT934125.1	84619	+	0	0	0	0	0	62.932662
LT934125.1	84701	+	0	0	0	0	0	62.932662
LT934125.1	84732	+	54.571748	0	0	0	0	0
LT934125.1	84775	+	0	0	0	0	0	62.932662
LT934125.1	85064	+	0	0	0	0	0	62.932662
LT934125.1	85089	+	27.285874	0	0	0	0	62.932662
LT934125.1	85196	+	27.285874	0	0	0	0	0
LT934125.1	85462	+	0	0	0	0	0	62.932662
LT934125.1	85492	+	0	0	0	241.779497	0	0
LT934125.1	85494	+	0	0	0	0	0	62.932662
LT934125.1	85581	+	0	0	0	0	0	62.932662
LT934125.1	85707	+	0	0	0	0	0	62.932662
LT934125.1	85757	+	0	0	0	0	0	62.932662
LT934125.1	85866	+	27.285874	0	0	0	0	0
LT934125.1	86205	+	0	0	0	241.779497	0	0
LT934125.1	86881	+	27.285874	0	0	0	0	0
LT934125.1	86990	+	0	0	0	241.779497	0	0
LT934125.1	87212	+	27.285874	0	0	0	0	0
LT934125.1	87216	+	27.285874	0	0	0	14.405745	0
LT934125.1	87344	+	0	0	0	0	0	62.932662
LT934125.1	87732	+	27.285874	0	0	0	0	0
LT934125.1	88057	+	0	0	0	0	0	62.932662
LT934125.1	88253	+	0	0	0	0	0	62.932662
LT934125.1	88454	+	0	0	0	241.779497	0	0
LT934125.1	88472	+	0	0	0	0	0	62.932662
LT934125.1	88530	+	0	0	0	0	0	62.932662
LT934125.1	88555	+	0	567.859171	0	0	0	0
LT934125.1	88884	+	0	0	534.622909	1934.235977	0	62.932662
LT934125.1	88885	+	654.860978	567.859171	36.451562	0	248.499101	566.393958
LT934125.1	88886	+	54.571748	567.859171	0	0	54.021544	377.595972
LT934125.1	88888	+	382.002237	0	315.913537	483.558994	158.463195	692.259283
LT934125.1	88946	+	27.285874	0	0	0	0	0
LT934125.1	89017	+	27.285874	0	0	0	0	0
LT934125.1	89031	+	54.571748	0	0	0	0	0
LT934125.1	89034	+	0	0	0	0	0	62.932662
LT934125.1	89130	+	0	0	0	0	0	62.932662
LT934125.1	89131	+	0	0	0	0	46.818671	0
LT934125.1	89133	+	0	0	48.602083	0	18.007181	188.797986
LT934125.1	89135	+	0	0	0	0	0	62.932662
LT934125.1	89163	+	0	0	0	0	0	62.932662
LT934125.1	89270	+	27.285874	0	0	0	0	0
LT934125.1	89273	+	0	0	0	0	0	62.932662
LT934125.1	89294	+	54.571748	0	0	0	0	0
LT934125.1	89299	+	0	0	0	0	0	62.932662
LT934125.1	89329	+	0	0	0	241.779497	0	0
LT934125.1	89392	+	27.285874	0	0	0	0	0
LT934125.1	89525	+	0	0	0	0	0	62.932662
LT934125.1	89609	+	27.285874	0	0	0	0	0
LT934125.1	89619	+	0	0	0	241.779497	0	0
LT934125.1	89649	+	27.285874	0	0	0	0	0
LT934125.1	89665	+	0	0	24.301041	0	0	0
LT934125.1	89703	+	0	0	0	0	0	62.932662
LT934125.1	89818	+	0	0	0	0	0	62.932662
LT934125.1	89877	+	0	0	0	0	0	125.865324
LT934125.1	89881	+	0	567.859171	24.301041	0	0	0
LT934125.1	89883	+	0	567.859171	24.301041	241.779497	0	0
LT934125.1	89889	+	0	0	0	0	0	62.932662
LT934125.1	89906	+	27.285874	0	0	0	0	0
LT934125.1	89910	+	0	567.859171	36.451562	0	0	0
LT934125.1	90007	+	27.285874	0	0	0	0	0
LT934125.1	90091	+	0	1135.718342	0	0	0	0
LT934125.1	90339	+	0	0	0	0	0	62.932662
LT934125.1	90381	+	27.285874	0	60.752603	0	0	0
LT934125.1	90498	+	27.285874	0	0	0	0	0
LT934125.1	90602	+	27.285874	0	0	0	0	0
LT934125.1	90684	+	27.285874	0	0	0	0	0
LT934125.1	90699	+	0	567.859171	0	0	0	0
LT934125.1	90709	+	0	0	0	0	0	62.932662
LT934125.1	90732	+	0	0	0	0	0	62.932662
LT934125.1	90759	+	27.285874	0	0	0	0	0
LT934125.1	90943	+	27.285874	0	0	0	0	0
LT934125.1	90996	+	27.285874	0	0	0	0	0
LT934125.1	90999	+	0	0	24.301041	0	0	0
LT934125.1	91132	+	0	0	0	0	0	62.932662
LT934125.1	91222	+	27.285874	0	0	0	0	0
LT934125.1	91358	+	27.285874	0	24.301041	0	0	0
LT934125.1	91360	+	0	567.859171	0	0	14.405745	0
LT934125.1	91365	+	54.571748	0	0	0	0	0
LT934125.1	91381	+	27.285874	0	0	0	0	0
LT934125.1	91404	+	27.285874	0	0	0	0	0
LT934125.1	91405	+	0	0	0	241.779497	0	0
LT934125.1	91408	+	0	0	0	0	500.599639	0
LT934125.1	91409	+	573.003356	0	692.579677	1692.45648	136.854578	566.393958
LT934125.1	91411	+	27.285874	0	24.301041	0	0	0
LT934125.1	91412	+	354.716363	567.859171	328.064058	483.558994	342.136444	566.393958
LT934125.1	91476	+	27.285874	0	0	0	0	0
LT934125.1	91516	+	27.285874	0	0	0	0	0
LT934125.1	91534	+	0	0	0	0	0	62.932662
LT934125.1	91542	+	27.285874	0	85.053645	0	14.405745	0
LT934125.1	91544	+	0	0	0	0	21.608618	314.66331
LT934125.1	91545	+	27.285874	0	0	0	32.412926	62.932662
LT934125.1	91547	+	27.285874	0	0	241.779497	0	62.932662
LT934125.1	91548	+	54.571748	0	170.107289	0	194.477558	0
LT934125.1	91580	+	27.285874	0	0	0	0	0
LT934125.1	91637	+	27.285874	0	0	0	0	0
LT934125.1	91681	+	0	0	0	0	0	62.932662
LT934125.1	91692	+	27.285874	0	0	0	0	0
LT934125.1	92048	+	0	0	0	0	0	62.932662
LT934125.1	92166	+	27.285874	0	0	0	0	0
LT934125.1	92205	+	27.285874	0	0	0	0	0
LT934125.1	92207	+	27.285874	0	0	0	0	0
LT934125.1	92208	+	27.285874	0	0	0	0	0
LT934125.1	92213	+	27.285874	0	0	0	0	0
LT934125.1	92265	+	27.285874	0	0	0	0	62.932662
LT934125.1	92399	+	27.285874	0	0	0	0	0
LT934125.1	92414	+	54.571748	0	0	0	0	0
LT934125.1	92415	+	27.285874	0	0	0	0	0
LT934125.1	92416	+	0	0	24.301041	0	0	0
LT934125.1	92419	+	0	0	24.301041	0	0	0
LT934125.1	92431	+	27.285874	0	0	0	0	0
LT934125.1	92454	+	27.285874	0	0	0	0	0
LT934125.1	92457	+	27.285874	0	0	0	0	0
LT934125.1	92460	+	27.285874	0	0	0	0	0
LT934125.1	92675	+	27.285874	0	0	0	0	0
LT934125.1	92789	+	27.285874	0	0	0	0	0
LT934125.1	92884	+	27.285874	0	0	0	0	0
LT934125.1	92926	+	0	0	0	0	18.007181	0
LT934125.1	92952	+	54.571748	0	0	0	0	0
LT934125.1	92970	+	0	0	0	0	25.210054	0
LT934125.1	92987	+	0	0	0	0	18.007181	0
LT934125.1	93126	+	0	0	0	241.779497	0	0
LT934125.1	93129	+	27.285874	0	0	0	0	0
LT934125.1	93130	+	27.285874	0	24.301041	0	0	0
LT934125.1	93147	+	27.285874	0	0	0	0	0
LT934125.1	93199	+	0	0	24.301041	0	0	0
LT934125.1	93207	+	0	567.859171	0	0	0	0
LT934125.1	93208	+	0	0	24.301041	0	0	0
LT934125.1	93215	+	54.571748	0	0	0	0	0
LT934125.1	93233	+	54.571748	0	24.301041	0	0	0
LT934125.1	93323	+	0	0	24.301041	0	0	0
LT934125.1	93340	+	0	0	0	0	0	62.932662
LT934125.1	93342	+	27.285874	0	0	0	0	0
LT934125.1	93353	+	27.285874	0	0	0	0	0
LT934125.1	93410	+	27.285874	0	0	0	0	0
LT934125.1	93424	+	27.285874	0	0	0	0	0
LT934125.1	93427	+	0	0	24.301041	0	0	62.932662
LT934125.1	93428	+	27.285874	0	0	0	0	0
LT934125.1	93432	+	0	567.859171	0	0	0	0
LT934125.1	93434	+	27.285874	0	0	0	0	0
LT934125.1	93436	+	0	0	24.301041	0	0	0
LT934125.1	93437	+	0	567.859171	0	0	18.007181	62.932662
LT934125.1	94105	+	27.285874	0	0	0	0	0
LT934125.1	94259	+	27.285874	0	0	0	0	0
LT934125.1	94472	+	27.285874	0	0	0	0	0
LT934125.1	94475	+	27.285874	0	0	0	0	0
LT934125.1	94512	+	0	0	0	0	25.210054	0
LT934125.1	94577	+	0	0	0	0	39.615799	0
LT934125.1	94579	+	0	0	48.602083	0	0	62.932662
LT934125.1	94580	+	0	0	121.505206	241.779497	133.253141	0
LT934125.1	94581	+	0	0	0	0	43.217235	62.932662
LT934125.1	94584	+	27.285874	0	0	0	0	0
LT934125.1	94666	+	0	0	0	0	0	62.932662
LT934125.1	94677	+	0	0	0	241.779497	0	62.932662
LT934125.1	94683	+	0	0	0	0	0	62.932662
LT934125.1	94684	+	27.285874	0	0	0	0	0
LT934125.1	94961	+	81.857622	0	0	0	14.405745	0
LT934125.1	94963	+	27.285874	567.859171	0	0	0	0
LT934125.1	95017	+	0	0	24.301041	0	43.217235	0
LT934125.1	95026	+	54.571748	0	0	0	0	0
LT934125.1	95029	+	0	0	24.301041	0	68.427289	0
LT934125.1	95085	+	27.285874	0	0	0	0	0
LT934125.1	95170	+	0	0	0	0	14.405745	0
LT934125.1	95210	+	0	0	0	0	14.405745	0
LT934125.1	95214	+	27.285874	0	0	0	0	0
LT934125.1	95397	+	0	0	0	0	21.608618	0
LT934125.1	95418	+	27.285874	0	0	0	0	0
LT934125.1	95444	+	27.285874	0	36.451562	0	0	0
LT934125.1	95446	+	0	0	36.451562	0	18.007181	0
LT934125.1	95555	+	27.285874	0	0	0	0	0
LT934125.1	95589	+	54.571748	0	0	0	0	0
LT934125.1	95591	+	54.571748	0	0	0	0	0
LT934125.1	95620	+	0	0	0	0	0	62.932662
LT934125.1	95621	+	54.571748	0	0	0	0	0
LT934125.1	95624	+	0	0	0	0	28.81149	0
LT934125.1	95639	+	27.285874	0	0	0	0	0
LT934125.1	95695	+	27.285874	0	0	0	0	0
LT934125.1	95743	+	0	0	0	0	18.007181	0
LT934125.1	95746	+	0	0	0	0	644.657089	0
LT934125.1	95748	+	27.285874	0	85.053645	0	86.43447	62.932662
LT934125.1	95749	+	27.285874	0	85.053645	0	82.833034	0
LT934125.1	95750	+	955.005594	0	862.686966	0	0	0
LT934125.1	95843	+	27.285874	0	0	0	0	0
LT934125.1	95875	+	0	567.859171	0	0	72.028725	0
LT934125.1	95876	+	27.285874	0	0	0	0	0
LT934125.1	95880	+	27.285874	0	24.301041	0	36.014363	0
LT934125.1	96225	+	0	0	0	241.779497	0	0
LT934125.1	96479	+	27.285874	0	0	0	0	0
LT934125.1	96526	+	27.285874	0	36.451562	0	0	0
LT934125.1	96593	+	0	0	0	0	0	62.932662
LT934125.1	96594	+	27.285874	0	0	0	0	0
LT934125.1	96597	+	163.715245	0	0	0	0	0
LT934125.1	96654	+	54.571748	0	0	0	25.210054	0
LT934125.1	96701	+	0	0	0	0	0	62.932662
LT934125.1	96705	+	27.285874	0	0	0	0	0
LT934125.1	96721	+	54.571748	0	0	0	0	0
LT934125.1	96783	+	27.285874	0	0	0	0	0
LT934125.1	96883	+	109.143496	0	0	0	0	0
LT934125.1	96885	+	54.571748	0	36.451562	0	64.825853	62.932662
LT934125.1	96886	+	0	0	0	0	32.412926	0
LT934125.1	96888	+	27.285874	0	0	0	0	0
LT934125.1	97144	+	0	0	0	0	0	62.932662
LT934125.1	97152	+	27.285874	0	0	0	0	0
LT934125.1	97205	+	27.285874	0	0	0	0	0
LT934125.1	97394	+	0	0	0	0	36.014363	0
LT934125.1	97550	+	0	0	0	0	14.405745	0
LT934125.1	97597	+	27.285874	0	0	0	0	0
LT934125.1	97650	+	27.285874	0	0	0	0	0
LT934125.1	98098	+	27.285874	0	0	0	0	0
LT934125.1	98102	+	27.285874	0	0	0	0	0
LT934125.1	98148	+	27.285874	0	0	0	0	0
LT934125.1	98429	+	27.285874	0	0	0	0	0
LT934125.1	98439	+	0	0	0	0	0	62.932662
LT934125.1	98464	+	27.285874	0	0	0	0	0
LT934125.1	98472	+	27.285874	0	0	0	0	0
LT934125.1	98678	+	27.285874	0	0	0	0	0
LT934125.1	98769	+	0	0	0	0	0	62.932662
LT934125.1	98891	+	0	0	0	0	0	62.932662
LT934125.1	99090	+	27.285874	0	0	0	0	0
LT934125.1	99109	+	27.285874	0	0	0	0	0
LT934125.1	99516	+	27.285874	0	0	0	0	0
LT934125.1	99597	+	27.285874	0	0	0	0	0
LT934125.1	99782	+	0	0	24.301041	0	0	0
LT934125.1	99833	+	27.285874	0	0	0	0	0
LT934125.1	99946	+	0	0	36.451562	0	0	0
LT934125.1	99948	+	0	0	0	0	0	62.932662
LT934125.1	99949	+	0	0	0	241.779497	0	0
LT934125.1	99978	+	0	0	24.301041	0	0	0
LT934125.1	100155	+	27.285874	0	0	0	0	0
LT934125.1	100156	+	0	0	24.301041	0	0	0
LT934125.1	100187	+	27.285874	0	0	0	0	0
LT934125.1	100433	+	54.571748	0	0	0	0	0
LT934125.1	100437	+	0	0	0	241.779497	0	62.932662
LT934125.1	100519	+	27.285874	0	0	0	0	0
LT934125.1	100563	+	0	0	0	241.779497	0	0
LT934125.1	100598	+	0	0	72.903124	0	0	0
LT934125.1	100599	+	54.571748	0	0	0	0	0
LT934125.1	100601	+	27.285874	0	36.451562	0	0	0
LT934125.1	101290	+	0	0	97.204165	0	262.904846	0
LT934125.1	101292	+	0	0	0	0	144.05745	0
LT934125.1	101293	+	0	0	133.655727	0	288.1149	0
LT934125.1	101296	+	0	0	0	0	21.608618	0
LT934125.1	101340	+	0	0	0	241.779497	0	0
LT934125.1	101463	+	0	0	0	0	14.405745	0
LT934125.1	101464	+	27.285874	0	0	0	0	0
LT934125.1	101574	+	0	0	0	0	14.405745	0
LT934125.1	101674	+	0	0	24.301041	0	0	0
LT934125.1	101675	+	27.285874	0	0	0	0	0
LT934125.1	101692	+	27.285874	0	0	0	0	0
LT934125.1	101699	+	27.285874	0	0	0	0	0
LT934125.1	101721	+	27.285874	0	0	0	0	0
LT934125.1	101726	+	0	0	0	0	18.007181	0
LT934125.1	101729	+	27.285874	0	170.107289	483.558994	0	62.932662
LT934125.1	101731	+	0	0	24.301041	0	0	0
LT934125.1	101803	+	54.571748	0	24.301041	0	0	0
LT934125.1	101805	+	0	0	24.301041	0	0	0
LT934125.1	101827	+	0	0	133.655727	0	28.81149	0
LT934125.1	101828	+	27.285874	567.859171	0	0	201.68043	0
LT934125.1	101831	+	0	0	24.301041	0	0	0
LT934125.1	101833	+	0	0	24.301041	241.779497	0	0
LT934125.1	101843	+	27.285874	0	0	0	0	0
LT934125.1	101845	+	27.285874	0	0	241.779497	0	0
LT934125.1	101853	+	0	567.859171	0	0	0	0
LT934125.1	101865	+	0	0	0	0	64.825853	0
LT934125.1	101869	+	27.285874	0	0	0	0	0
LT934125.1	101870	+	0	0	0	0	18.007181	0
LT934125.1	101919	+	27.285874	0	0	0	0	0
LT934125.1	101942	+	0	0	0	0	21.608618	0
LT934125.1	101944	+	0	0	36.451562	0	0	0
LT934125.1	101945	+	0	0	0	241.779497	0	0
LT934125.1	101963	+	0	0	36.451562	0	0	0
LT934125.1	101964	+	27.285874	0	0	0	28.81149	0
LT934125.1	101989	+	27.285874	0	0	0	0	0
LT934125.1	101990	+	0	0	0	0	43.217235	0
LT934125.1	101992	+	0	0	60.752603	0	0	0
LT934125.1	101993	+	27.285874	0	0	0	0	0
LT934125.1	102007	+	27.285874	0	0	0	0	0
LT934125.1	102057	+	27.285874	0	0	0	25.210054	0
LT934125.1	102060	+	27.285874	0	24.301041	0	0	0
LT934125.1	102062	+	109.143496	0	48.602083	0	0	0
LT934125.1	102077	+	27.285874	0	0	0	0	0
LT934125.1	102089	+	27.285874	0	0	0	14.405745	0
LT934125.1	102213	+	27.285874	0	0	0	0	0
LT934125.1	102393	+	0	0	24.301041	0	0	0
LT934125.1	102590	+	0	0	0	0	0	62.932662
LT934125.1	102605	+	0	0	0	0	0	62.932662
LT934125.1	102615	+	0	0	0	0	0	62.932662
LT934125.1	102623	+	0	0	0	0	0	62.932662
LT934125.1	103805	+	0	0	24.301041	0	14.405745	0
LT934125.1	104166	+	27.285874	0	0	0	0	0
LT934125.1	104367	+	0	0	0	241.779497	0	0
LT934125.1	104730	+	27.285874	0	0	0	0	0
LT934125.1	105262	+	0	0	0	0	0	62.932662
LT934125.1	105522	+	27.285874	0	0	0	0	0
LT934125.1	105773	+	0	0	0	0	0	62.932662
LT934125.1	105963	+	0	0	0	0	0	188.797986
LT934125.1	106100	+	0	567.859171	0	0	0	0
LT934125.1	106102	+	0	0	0	0	0	62.932662
LT934125.1	106104	+	27.285874	0	0	0	0	0
LT934125.1	106119	+	27.285874	0	0	0	0	0
LT934125.1	106302	+	0	0	0	241.779497	0	0
LT934125.1	106593	+	0	0	0	0	0	62.932662
LT934125.1	106621	+	0	0	0	0	0	62.932662
LT934125.1	106633	+	27.285874	0	0	0	0	0
LT934125.1	107141	+	0	567.859171	0	0	0	0
LT934125.1	107243	+	27.285874	0	0	0	0	0
LT934125.1	107309	+	0	0	36.451562	0	0	0
LT934125.1	107310	+	27.285874	0	0	0	21.608618	0
LT934125.1	107363	+	27.285874	0	0	0	0	0
LT934125.1	107365	+	27.285874	0	0	0	0	0
LT934125.1	107389	+	0	0	0	0	0	62.932662
LT934125.1	107392	+	0	0	0	0	0	62.932662
LT934125.1	107395	+	0	0	24.301041	0	0	62.932662
LT934125.1	107400	+	0	0	24.301041	0	0	62.932662
LT934125.1	107401	+	0	0	24.301041	241.779497	0	0
LT934125.1	107418	+	0	0	0	0	14.405745	0
LT934125.1	107420	+	81.857622	0	121.505206	241.779497	39.615799	62.932662
LT934125.1	107422	+	27.285874	0	97.204165	241.779497	39.615799	251.730648
LT934125.1	107426	+	27.285874	567.859171	0	0	32.412926	0
LT934125.1	107427	+	0	0	0	0	0	125.865324
LT934125.1	107429	+	27.285874	0	0	0	0	0
LT934125.1	107431	+	0	0	24.301041	0	0	0
LT934125.1	107432	+	109.143496	0	97.204165	0	50.420108	0
LT934125.1	107433	+	0	0	0	0	18.007181	125.865324
LT934125.1	107434	+	0	0	0	0	0	62.932662
LT934125.1	107455	+	0	0	24.301041	0	0	0
LT934125.1	107473	+	54.571748	0	0	0	14.405745	0
LT934125.1	107474	+	27.285874	0	0	0	0	0
LT934125.1	107476	+	54.571748	0	0	0	14.405745	0
LT934125.1	107479	+	0	0	36.451562	0	0	62.932662
LT934125.1	107482	+	8595.050342	3975.014196	12551.487831	7736.943907	7710.675017	16677.155444
LT934125.1	107483	+	409.288112	0	473.870305	241.779497	259.30341	629.326621
LT934125.1	107484	+	0	0	0	241.779497	0	0
LT934125.1	107485	+	54.571748	567.859171	121.505206	0	86.43447	62.932662
LT934125.1	107486	+	0	0	24.301041	483.558994	0	0
LT934125.1	107488	+	0	0	0	0	0	62.932662
LT934125.1	107497	+	54.571748	0	0	0	0	0
LT934125.1	107504	+	0	0	0	0	18.007181	0
LT934125.1	107506	+	0	0	0	0	0	62.932662
LT934125.1	107508	+	0	0	0	0	14.405745	0
LT934125.1	107509	+	27.285874	0	0	0	14.405745	0
LT934125.1	107544	+	27.285874	0	0	0	0	0
LT934125.1	107555	+	27.285874	0	0	0	0	0
LT934125.1	107564	+	27.285874	0	0	0	0	0
LT934125.1	107610	+	0	0	0	0	21.608618	0
LT934125.1	107611	+	0	0	0	0	14.405745	0
LT934125.1	107614	+	81.857622	0	0	0	0	0
LT934125.1	107615	+	0	0	0	0	14.405745	0
LT934125.1	107644	+	27.285874	0	0	0	0	0
LT934125.1	107646	+	0	0	24.301041	0	0	0
LT934125.1	107651	+	27.285874	0	0	0	0	0
LT934125.1	107663	+	0	0	24.301041	0	0	0
LT934125.1	107664	+	54.571748	0	0	0	0	0
LT934125.1	107671	+	54.571748	0	0	0	0	0
LT934125.1	107672	+	81.857622	0	0	0	18.007181	62.932662
LT934125.1	107674	+	27.285874	0	0	0	0	0
LT934125.1	107698	+	27.285874	0	0	0	0	0
LT934125.1	107798	+	27.285874	0	0	0	0	0
LT934125.1	107802	+	27.285874	0	0	0	0	0
LT934125.1	107999	+	0	0	0	0	0	62.932662
LT934125.1	108002	+	0	0	24.301041	0	0	0
LT934125.1	108003	+	27.285874	0	0	0	0	0
LT934125.1	108005	+	0	0	0	0	0	62.932662
LT934125.1	108050	+	0	0	0	241.779497	0	0
LT934125.1	108106	+	0	0	24.301041	0	0	0
LT934125.1	108189	+	27.285874	0	0	0	14.405745	0
LT934125.1	108211	+	27.285874	0	0	0	0	0
LT934125.1	108229	+	0	0	36.451562	0	0	0
LT934125.1	108244	+	27.285874	0	0	0	0	0
LT934125.1	108251	+	27.285874	0	0	0	0	0
LT934125.1	108252	+	27.285874	0	0	0	0	0
LT934125.1	108303	+	27.285874	0	36.451562	0	0	0
LT934125.1	108304	+	0	0	0	0	18.007181	62.932662
LT934125.1	108310	+	54.571748	0	109.354686	0	21.608618	0
LT934125.1	108312	+	27.285874	0	0	0	25.210054	0
LT934125.1	108321	+	27.285874	0	36.451562	0	0	0
LT934125.1	108342	+	0	0	0	0	18.007181	62.932662
LT934125.1	108348	+	54.571748	0	0	0	21.608618	0
LT934125.1	108350	+	27.285874	0	0	0	25.210054	0
LT934125.1	108395	+	27.285874	0	0	0	0	0
LT934125.1	108397	+	27.285874	0	0	0	0	0
LT934125.1	108407	+	27.285874	0	36.451562	0	0	62.932662
LT934125.1	108426	+	27.285874	0	0	0	0	62.932662
LT934125.1	108432	+	0	0	0	0	18.007181	0
LT934125.1	108434	+	0	0	24.301041	0	0	0
LT934125.1	108457	+	54.571748	0	0	0	0	0
LT934125.1	108475	+	0	0	0	0	0	62.932662
LT934125.1	108568	+	27.285874	0	0	0	0	0
LT934125.1	108948	+	0	0	0	0	0	62.932662
LT934125.1	109003	+	0	0	0	0	0	62.932662
LT934125.1	109307	+	0	0	24.301041	0	0	188.797986
LT934125.1	109327	+	27.285874	0	0	0	0	0
LT934125.1	109335	+	27.285874	0	0	0	0	0
LT934125.1	109363	+	0	0	0	0	0	62.932662
LT934125.1	109518	+	0	567.859171	0	0	0	0
LT934125.1	109637	+	27.285874	0	0	0	0	0
LT934125.1	109640	+	0	567.859171	0	0	0	0
LT934125.1	109669	+	27.285874	0	0	0	0	0
LT934125.1	109673	+	27.285874	0	0	0	0	0
LT934125.1	109675	+	27.285874	0	0	0	0	0
LT934125.1	109677	+	27.285874	0	0	0	0	0
LT934125.1	110147	+	27.285874	0	0	0	0	0
LT934125.1	110202	+	27.285874	0	0	0	0	0
LT934125.1	110354	+	0	0	0	241.779497	0	0
LT934125.1	110369	+	27.285874	0	0	0	0	0
LT934125.1	110407	+	54.571748	0	24.301041	0	0	0
LT934125.1	110441	+	0	0	0	0	0	62.932662
LT934125.1	110443	+	0	0	24.301041	0	0	62.932662
LT934125.1	110463	+	27.285874	0	0	0	0	0
LT934125.1	110472	+	27.285874	0	0	0	0	0
LT934125.1	110493	+	0	0	0	241.779497	0	0
LT934125.1	110508	+	27.285874	0	0	0	0	0
LT934125.1	110600	+	0	0	48.602083	0	0	0
LT934125.1	110601	+	27.285874	0	0	0	0	0
LT934125.1	110603	+	0	0	24.301041	0	14.405745	0
LT934125.1	110640	+	27.285874	0	0	0	0	0
LT934125.1	110655	+	0	0	24.301041	0	0	0
LT934125.1	110689	+	0	0	0	0	0	125.865324
LT934125.1	110690	+	0	0	0	0	0	62.932662
LT934125.1	110692	+	163.715245	0	145.806248	241.779497	331.332135	62.932662
LT934125.1	110693	+	0	0	97.204165	0	133.253141	0
LT934125.1	110695	+	81.857622	0	72.903124	0	144.05745	62.932662
LT934125.1	110696	+	0	0	24.301041	0	0	0
LT934125.1	110698	+	0	0	0	0	14.405745	0
LT934125.1	110718	+	0	0	0	0	0	62.932662
LT934125.1	110721	+	0	0	0	241.779497	0	0
LT934125.1	110723	+	0	0	24.301041	0	0	0
LT934125.1	110756	+	27.285874	0	0	0	0	0
LT934125.1	110768	+	54.571748	0	0	0	0	0
LT934125.1	110804	+	27.285874	0	0	0	0	0
LT934125.1	110831	+	27.285874	0	0	0	0	0
LT934125.1	111092	+	0	0	0	241.779497	0	0
LT934125.1	111114	+	0	0	24.301041	0	0	0
LT934125.1	111115	+	81.857622	0	0	0	0	0
LT934125.1	111218	+	0	0	0	241.779497	0	0
LT934125.1	111232	+	0	567.859171	0	0	0	0
LT934125.1	111239	+	0	0	0	241.779497	0	0
LT934125.1	111247	+	27.285874	0	0	0	0	0
LT934125.1	111786	+	0	0	0	241.779497	0	0
LT934125.1	111787	+	0	0	0	0	0	62.932662
LT934125.1	111791	+	0	0	24.301041	0	0	0
LT934125.1	112091	+	27.285874	0	0	0	0	0
LT934125.1	112300	+	27.285874	0	0	0	0	0
LT934125.1	112308	+	27.285874	0	0	0	0	0
LT934125.1	112412	+	27.285874	0	0	0	0	0
LT934125.1	112524	+	27.285874	0	0	0	0	0
LT934125.1	112743	+	0	567.859171	0	0	0	0
LT934125.1	112744	+	27.285874	0	0	0	0	0
LT934125.1	112823	+	27.285874	0	0	0	0	0
LT934125.1	112825	+	54.571748	0	0	0	21.608618	62.932662
LT934125.1	112847	+	27.285874	0	0	0	0	0
LT934125.1	112883	+	27.285874	0	24.301041	241.779497	0	0
LT934125.1	112884	+	27.285874	0	206.558851	241.779497	115.24596	0
LT934125.1	112886	+	0	0	60.752603	0	14.405745	125.865324
LT934125.1	112888	+	0	0	48.602083	0	0	0
LT934125.1	112897	+	27.285874	0	0	0	0	0
LT934125.1	112910	+	27.285874	0	0	0	0	0
LT934125.1	112943	+	0	0	0	0	18.007181	0
LT934125.1	113029	+	27.285874	0	0	0	0	0
LT934125.1	113087	+	27.285874	0	0	0	0	0
LT934125.1	113179	+	27.285874	0	0	0	0	0
LT934125.1	113440	+	27.285874	0	0	0	0	0
LT934125.1	113444	+	27.285874	0	0	0	0	0
LT934125.1	113445	+	27.285874	0	0	0	0	0
LT934125.1	113446	+	0	0	0	0	18.007181	0
LT934125.1	113625	+	27.285874	0	0	0	0	0
LT934125.1	113688	+	27.285874	0	0	0	0	0
LT934125.1	113999	+	27.285874	0	0	0	0	62.932662
LT934125.1	114000	+	0	0	0	0	25.210054	0
LT934125.1	114278	+	0	0	0	0	0	62.932662
LT934125.1	114661	+	0	0	0	0	14.405745	0
LT934125.1	114759	+	0	0	0	0	21.608618	0
LT934125.1	114761	+	0	0	0	0	39.615799	0
LT934125.1	114829	+	27.285874	0	0	0	0	0
LT934125.1	114832	+	0	0	0	0	61.224416	0
LT934125.1	114835	+	0	0	0	0	97.238779	0
LT934125.1	114837	+	0	0	0	0	14.405745	0
LT934125.1	114955	+	27.285874	0	0	0	0	0
LT934125.1	114980	+	0	0	0	0	21.608618	0
LT934125.1	114981	+	0	0	0	241.779497	0	0
LT934125.1	114982	+	0	0	36.451562	0	14.405745	188.797986
LT934125.1	114983	+	0	6814.310051	0	0	0	0
LT934125.1	114984	+	27.285874	0	0	0	2870.344693	62.932662
LT934125.1	114985	+	3710.878878	35207.268597	15285.354977	25870.40619	14380.534957	48080.553807
LT934125.1	114986	+	27.285874	0	0	0	0	125.865324
LT934125.1	114987	+	0	0	0	0	0	62.932662
LT934125.1	114988	+	2619.443914	10221.465077	2673.114543	3384.912959	1145.256728	7803.650094
LT934125.1	114989	+	136.429371	0	121.505206	0	0	188.797986
LT934125.1	114992	+	0	0	24.301041	0	0	0
LT934125.1	114997	+	0	0	24.301041	0	0	62.932662
LT934125.1	115000	+	0	0	0	241.779497	0	0
LT934125.1	115014	+	0	567.859171	0	0	0	0
LT934125.1	115027	+	27.285874	0	0	0	0	0
LT934125.1	115034	+	27.285874	0	0	0	0	0
LT934125.1	115044	+	0	0	0	0	0	62.932662
LT934125.1	115093	+	0	0	24.301041	0	0	0
LT934125.1	115097	+	27.285874	0	0	0	0	0
LT934125.1	115153	+	0	0	24.301041	0	0	0
LT934125.1	115180	+	0	0	0	0	0	62.932662
LT934125.1	115185	+	0	0	0	0	0	62.932662
LT934125.1	115256	+	27.285874	567.859171	0	0	0	0
LT934125.1	115389	+	0	0	0	0	0	62.932662
LT934125.1	115409	+	0	0	0	0	0	62.932662
LT934125.1	115432	+	27.285874	0	0	0	0	0
LT934125.1	115475	+	0	0	24.301041	0	0	0
LT934125.1	115486	+	27.285874	567.859171	0	0	0	0
LT934125.1	115551	+	27.285874	0	0	0	0	0
LT934125.1	115700	+	54.571748	0	0	0	0	0
LT934125.1	115701	+	0	0	0	0	14.405745	0
LT934125.1	115724	+	0	567.859171	0	0	0	0
LT934125.1	115725	+	81.857622	0	0	0	0	125.865324
LT934125.1	115745	+	27.285874	0	0	0	0	0
LT934125.1	115753	+	27.285874	0	24.301041	241.779497	0	0
LT934125.1	115754	+	0	0	36.451562	0	0	0
LT934125.1	115755	+	27.285874	0	0	0	0	0
LT934125.1	115777	+	0	0	24.301041	0	0	0
LT934125.1	115784	+	0	0	0	0	0	62.932662
LT934125.1	115815	+	54.571748	567.859171	0	0	0	0
LT934125.1	115816	+	0	0	36.451562	0	0	0
LT934125.1	115817	+	81.857622	0	0	0	0	62.932662
LT934125.1	115818	+	81.857622	0	0	0	0	0
LT934125.1	115829	+	27.285874	0	0	0	0	0
LT934125.1	115842	+	27.285874	0	60.752603	0	0	62.932662
LT934125.1	115843	+	0	0	607.526032	1450.676983	18.007181	125.865324
LT934125.1	115844	+	900.433845	567.859171	0	0	162.064631	881.057269
LT934125.1	115846	+	27.285874	0	133.655727	0	25.210054	377.595972
LT934125.1	115849	+	0	0	24.301041	0	0	0
LT934125.1	115850	+	27.285874	0	0	0	0	0
LT934125.1	115856	+	27.285874	0	0	0	0	0
LT934125.1	115863	+	27.285874	0	0	0	0	0
LT934125.1	115877	+	27.285874	0	0	0	0	0
LT934125.1	115893	+	0	2271.436684	0	0	43.217235	0
LT934125.1	115894	+	218.286993	0	133.655727	0	0	377.595972
LT934125.1	115914	+	27.285874	0	0	0	0	0
LT934125.1	115940	+	27.285874	0	0	0	0	0
LT934125.1	115943	+	54.571748	0	60.752603	0	0	62.932662
LT934125.1	115948	+	54.571748	0	0	0	0	0
LT934125.1	115950	+	27.285874	0	0	0	0	62.932662
LT934125.1	115956	+	0	0	0	0	0	62.932662
LT934125.1	115960	+	27.285874	0	0	0	0	0
LT934125.1	115961	+	27.285874	0	0	0	0	0
LT934125.1	115963	+	0	0	0	0	0	62.932662
LT934125.1	115971	+	27.285874	0	0	0	0	0
LT934125.1	115972	+	0	0	0	0	0	62.932662
LT934125.1	115973	+	0	1135.718342	0	0	0	0
LT934125.1	115974	+	245.572867	0	60.752603	241.779497	0	251.730648
LT934125.1	115976	+	27.285874	0	0	0	0	0
LT934125.1	115979	+	27.285874	0	0	0	0	0
LT934125.1	115994	+	27.285874	0	0	0	0	0
LT934125.1	115998	+	0	0	0	0	0	62.932662
LT934125.1	116001	+	0	0	0	241.779497	0	0
LT934125.1	116010	+	0	567.859171	0	0	25.210054	0
LT934125.1	116011	+	81.857622	0	36.451562	0	0	62.932662
LT934125.1	116018	+	0	0	121.505206	0	0	0
LT934125.1	116019	+	109.143496	0	0	241.779497	28.81149	125.865324
LT934125.1	116020	+	0	0	0	0	14.405745	0
LT934125.1	116024	+	0	0	0	0	36.014363	0
LT934125.1	116025	+	136.429371	0	97.204165	0	0	125.865324
LT934125.1	116031	+	0	567.859171	0	0	0	0
LT934125.1	116032	+	54.571748	0	0	0	0	0
LT934125.1	116040	+	0	0	0	241.779497	0	0
LT934125.1	116041	+	109.143496	0	24.301041	0	0	0
LT934125.1	116042	+	0	0	0	0	14.405745	0
LT934125.1	116043	+	27.285874	0	97.204165	0	0	62.932662
LT934125.1	116044	+	0	0	0	0	18.007181	0
LT934125.1	116049	+	54.571748	0	0	0	0	0
LT934125.1	116052	+	0	0	0	0	0	62.932662
LT934125.1	116058	+	27.285874	567.859171	0	0	0	0
LT934125.1	116066	+	0	0	0	0	43.217235	0
LT934125.1	116067	+	382.002237	0	97.204165	0	0	314.66331
LT934125.1	116070	+	0	1135.718342	0	0	0	0
LT934125.1	116072	+	0	0	24.301041	241.779497	0	0
LT934125.1	116073	+	27.285874	0	170.107289	241.779497	0	62.932662
LT934125.1	116074	+	382.002237	1135.718342	0	0	100.840215	314.66331
LT934125.1	116075	+	0	567.859171	0	0	97.238779	0
LT934125.1	116076	+	545.717482	0	218.709372	241.779497	0	188.797986
LT934125.1	116090	+	0	0	24.301041	0	14.405745	0
LT934125.1	116094	+	0	0	0	0	0	62.932662
LT934125.1	116100	+	0	0	0	241.779497	0	0
LT934125.1	116105	+	54.571748	0	0	0	0	0
LT934125.1	116106	+	81.857622	0	36.451562	0	0	0
LT934125.1	116118	+	0	0	72.903124	0	0	0
LT934125.1	116121	+	27.285874	0	121.505206	241.779497	0	125.865324
LT934125.1	116122	+	709.432727	1135.718342	0	0	57.62298	125.865324
LT934125.1	116129	+	27.285874	0	0	0	0	0
LT934125.1	116131	+	27.285874	0	24.301041	0	0	62.932662
LT934125.1	116133	+	0	0	0	0	0	62.932662
LT934125.1	116134	+	27.285874	0	0	241.779497	0	0
LT934125.1	116137	+	54.571748	0	72.903124	0	25.210054	62.932662
LT934125.1	116144	+	0	0	0	241.779497	0	0
LT934125.1	116152	+	27.285874	0	0	0	0	0
LT934125.1	116154	+	0	0	0	0	0	125.865324
LT934125.1	116155	+	0	0	48.602083	0	18.007181	0
LT934125.1	116156	+	81.857622	0	0	0	0	0
LT934125.1	116158	+	0	0	36.451562	0	0	62.932662
LT934125.1	116164	+	0	0	0	0	0	125.865324
LT934125.1	116165	+	0	567.859171	0	0	0	0
LT934125.1	116181	+	54.571748	0	60.752603	0	0	0
LT934125.1	116183	+	0	0	24.301041	0	0	0
LT934125.1	116185	+	27.285874	0	24.301041	241.779497	14.405745	62.932662
LT934125.1	116187	+	0	0	0	0	0	62.932662
LT934125.1	116190	+	54.571748	0	0	0	0	0
LT934125.1	116195	+	109.143496	0	0	0	0	0
LT934125.1	116200	+	109.143496	0	0	0	0	62.932662
LT934125.1	116202	+	0	0	0	0	0	62.932662
LT934125.1	116205	+	0	0	24.301041	0	0	0
LT934125.1	116207	+	0	0	0	0	0	62.932662
LT934125.1	116212	+	0	0	0	0	0	125.865324
LT934125.1	116216	+	27.285874	0	0	0	0	0
LT934125.1	116223	+	27.285874	0	0	0	0	0
LT934125.1	116224	+	0	0	0	0	0	943.989931
LT934125.1	116225	+	27.285874	0	0	0	0	0
LT934125.1	116226	+	0	1135.718342	0	0	230.49192	0
LT934125.1	116227	+	1446.151327	0	607.526032	725.338491	0	0
LT934125.1	116229	+	0	0	0	241.779497	0	0
LT934125.1	116231	+	0	0	0	0	18.007181	0
LT934125.1	116232	+	300.144615	0	255.160934	0	0	0
LT934125.1	116239	+	0	0	0	0	18.007181	0
LT934125.1	116241	+	0	0	0	0	28.81149	0
LT934125.1	116242	+	54.571748	0	0	0	0	0
LT934125.1	116243	+	109.143496	0	85.053645	483.558994	0	62.932662
LT934125.1	116244	+	0	567.859171	0	0	36.014363	0
LT934125.1	116245	+	245.572867	0	145.806248	0	0	188.797986
LT934125.1	116247	+	54.571748	0	0	0	0	0
LT934125.1	116258	+	81.857622	0	0	0	0	0
LT934125.1	116259	+	0	0	0	0	18.007181	0
LT934125.1	116261	+	0	0	48.602083	0	0	62.932662
LT934125.1	116262	+	136.429371	0	0	0	0	0
LT934125.1	116265	+	109.143496	0	60.752603	0	14.405745	0
LT934125.1	116270	+	0	0	85.053645	0	0	0
LT934125.1	116271	+	54.571748	0	0	0	0	62.932662
LT934125.1	116272	+	54.571748	0	0	0	0	0
LT934125.1	116275	+	0	0	0	241.779497	0	0
LT934125.1	116276	+	0	0	24.301041	0	0	0
LT934125.1	116280	+	0	0	24.301041	0	0	0
LT934125.1	116283	+	27.285874	0	0	0	18.007181	0
LT934125.1	116284	+	109.143496	0	85.053645	0	0	0
LT934125.1	116285	+	163.715245	0	741.18176	1934.235977	28.81149	62.932662
LT934125.1	116286	+	1173.292586	567.859171	0	0	183.673249	755.191945
LT934125.1	116287	+	0	0	0	0	0	62.932662
LT934125.1	116288	+	109.143496	0	182.25781	0	0	62.932662
LT934125.1	116289	+	109.143496	567.859171	0	0	39.615799	440.528634
LT934125.1	116290	+	0	0	0	0	0	125.865324
LT934125.1	116291	+	0	0	24.301041	0	14.405745	0
LT934125.1	116292	+	272.858741	0	0	0	0	0
LT934125.1	116293	+	81.857622	567.859171	170.107289	0	36.014363	0
LT934125.1	116295	+	27.285874	0	0	0	0	0
LT934125.1	116296	+	0	567.859171	0	0	0	0
LT934125.1	116297	+	27.285874	0	0	0	14.405745	0
LT934125.1	116298	+	54.571748	0	24.301041	0	0	62.932662
LT934125.1	116300	+	27.285874	0	0	0	0	0
LT934125.1	116301	+	27.285874	0	0	0	0	0
LT934125.1	116304	+	27.285874	0	36.451562	0	0	0
LT934125.1	116306	+	81.857622	567.859171	170.107289	241.779497	18.007181	62.932662
LT934125.1	116307	+	436.573986	0	0	0	75.630161	125.865324
LT934125.1	116309	+	81.857622	567.859171	36.451562	0	18.007181	62.932662
LT934125.1	116310	+	109.143496	0	36.451562	0	0	0
LT934125.1	116313	+	2373.871047	0	0	483.558994	0	0
LT934125.1	116314	+	0	0	0	0	313.324954	0
LT934125.1	116315	+	0	2839.295855	0	0	0	0
LT934125.1	116316	+	0	0	1093.546858	0	0	125.865324
LT934125.1	116317	+	136.429371	0	0	0	0	0
LT934125.1	116318	+	218.286993	0	109.354686	0	0	125.865324
LT934125.1	116319	+	27.285874	0	0	0	0	0
LT934125.1	116321	+	0	0	48.602083	0	0	0
LT934125.1	116322	+	163.715245	0	0	0	0	0
LT934125.1	116326	+	27.285874	0	0	0	0	0
LT934125.1	116328	+	0	0	0	0	14.405745	0
LT934125.1	116331	+	27.285874	0	170.107289	0	0	125.865324
LT934125.1	116333	+	0	567.859171	0	0	28.81149	0
LT934125.1	116334	+	191.001119	0	145.806248	0	0	125.865324
LT934125.1	116336	+	81.857622	0	36.451562	0	0	0
LT934125.1	116338	+	0	0	0	0	79.231598	0
LT934125.1	116340	+	518.431608	0	255.160934	0	0	440.528634
LT934125.1	116342	+	927.71972	567.859171	352.365099	483.558994	72.028725	62.932662
LT934125.1	116343	+	27.285874	0	0	0	0	0
LT934125.1	116353	+	27.285874	0	0	0	0	62.932662
LT934125.1	116354	+	0	0	0	0	162.064631	0
LT934125.1	116355	+	791.290349	0	400.967181	483.558994	0	440.528634
LT934125.1	116359	+	0	567.859171	0	0	0	0
LT934125.1	116360	+	54.571748	0	48.602083	0	0	62.932662
LT934125.1	116361	+	109.143496	0	0	0	0	62.932662
LT934125.1	116362	+	163.715245	0	0	0	0	0
LT934125.1	116363	+	0	0	109.354686	0	0	0
LT934125.1	116364	+	109.143496	0	0	0	0	0
LT934125.1	116365	+	245.572867	567.859171	0	241.779497	0	0
LT934125.1	116366	+	27.285874	0	0	0	21.608618	0
LT934125.1	116367	+	109.143496	0	267.311454	0	0	0
LT934125.1	116368	+	0	0	0	0	75.630161	377.595972
LT934125.1	116369	+	54.571748	0	170.107289	0	14.405745	0
LT934125.1	116370	+	518.431608	0	0	0	46.818671	251.730648
LT934125.1	116373	+	81.857622	0	24.301041	0	0	0
LT934125.1	116374	+	0	0	0	0	39.615799	0
LT934125.1	116375	+	0	0	0	0	39.615799	0
LT934125.1	116376	+	81.857622	0	218.709372	0	0	62.932662
LT934125.1	116377	+	109.143496	0	48.602083	241.779497	0	125.865324
LT934125.1	116378	+	191.001119	567.859171	85.053645	483.558994	18.007181	377.595972
LT934125.1	116379	+	272.858741	0	0	0	64.825853	125.865324
LT934125.1	116381	+	0	0	157.956768	0	0	0
LT934125.1	116382	+	300.144615	0	0	0	36.014363	62.932662
LT934125.1	116383	+	27.285874	0	0	0	0	0
LT934125.1	116385	+	54.571748	0	60.752603	0	0	0
LT934125.1	116387	+	54.571748	0	279.461975	0	0	0
LT934125.1	116388	+	163.715245	0	0	0	32.412926	62.932662
LT934125.1	116391	+	0	0	48.602083	0	0	0
LT934125.1	116394	+	27.285874	0	0	0	0	62.932662
LT934125.1	116396	+	191.001119	567.859171	121.505206	241.779497	0	0
LT934125.1	116397	+	109.143496	0	0	0	0	125.865324
LT934125.1	116399	+	27.285874	0	0	0	0	0
LT934125.1	116400	+	27.285874	0	0	0	0	62.932662
LT934125.1	116401	+	0	0	0	0	39.615799	0
LT934125.1	116402	+	0	0	0	725.338491	0	0
LT934125.1	116403	+	27.285874	0	157.956768	0	0	0
LT934125.1	116404	+	300.144615	0	218.709372	0	0	188.797986
LT934125.1	116405	+	627.575104	567.859171	461.719785	483.558994	68.427289	251.730648
LT934125.1	116406	+	764.004475	0	0	0	104.441651	188.797986
LT934125.1	116408	+	0	0	0	0	0	125.865324
LT934125.1	116409	+	54.571748	0	24.301041	0	21.608618	62.932662
LT934125.1	116411	+	136.429371	567.859171	315.913537	0	25.210054	62.932662
LT934125.1	116412	+	354.716363	0	0	0	57.62298	62.932662
LT934125.1	116415	+	163.715245	0	24.301041	0	0	0
LT934125.1	116418	+	81.857622	0	36.451562	0	0	0
LT934125.1	116420	+	27.285874	0	72.903124	0	0	0
LT934125.1	116421	+	136.429371	0	0	0	0	62.932662
LT934125.1	116423	+	27.285874	0	0	0	0	0
LT934125.1	116424	+	109.143496	0	85.053645	0	0	0
LT934125.1	116426	+	0	0	0	0	14.405745	0
LT934125.1	116427	+	109.143496	0	0	0	21.608618	0
LT934125.1	116428	+	0	0	0	0	0	4531.151668
LT934125.1	116429	+	109.143496	0	121.505206	0	18.007181	62.932662
LT934125.1	116430	+	463.85986	0	3620.855154	4352.030948	82.833034	125.865324
LT934125.1	116431	+	8595.050342	9085.746735	1008.493214	1208.897485	1379.350085	0
LT934125.1	116432	+	1882.725313	2271.436684	255.160934	241.779497	392.556552	1384.518565
LT934125.1	116433	+	545.717482	567.859171	0	0	90.035906	125.865324
LT934125.1	116435	+	0	0	0	0	0	62.932662
LT934125.1	116436	+	163.715245	0	0	0	0	0
LT934125.1	116438	+	27.285874	0	121.505206	0	0	0
LT934125.1	116439	+	136.429371	0	0	0	36.014363	62.932662
LT934125.1	116441	+	0	0	36.451562	0	0	0
LT934125.1	116442	+	54.571748	0	48.602083	0	0	0
LT934125.1	116444	+	0	0	24.301041	0	0	0
LT934125.1	116446	+	0	567.859171	0	0	0	0
LT934125.1	116447	+	0	0	0	0	14.405745	0
LT934125.1	116448	+	81.857622	0	48.602083	241.779497	0	62.932662
LT934125.1	116450	+	27.285874	0	72.903124	0	0	62.932662
LT934125.1	116451	+	109.143496	0	0	0	21.608618	62.932662
LT934125.1	116453	+	136.429371	0	194.40833	0	0	62.932662
LT934125.1	116454	+	300.144615	567.859171	0	0	32.412926	125.865324
LT934125.1	116457	+	27.285874	0	0	241.779497	18.007181	62.932662
LT934125.1	116459	+	136.429371	0	170.107289	241.779497	28.81149	0
LT934125.1	116460	+	463.85986	0	0	0	50.420108	251.730648
LT934125.1	116463	+	27.285874	0	340.214578	0	0	0
LT934125.1	116464	+	654.860978	0	60.752603	0	158.463195	377.595972
LT934125.1	116465	+	218.286993	0	449.569264	241.779497	28.81149	0
LT934125.1	116466	+	1146.006712	567.859171	0	0	223.289048	314.66331
LT934125.1	116468	+	0	0	0	0	28.81149	0
LT934125.1	116469	+	109.143496	0	72.903124	0	39.615799	62.932662
LT934125.1	116471	+	81.857622	0	48.602083	0	0	0
LT934125.1	116472	+	0	0	0	0	21.608618	0
LT934125.1	116473	+	0	0	0	0	21.608618	0
LT934125.1	116474	+	0	0	0	0	50.420108	0
LT934125.1	116475	+	81.857622	0	145.806248	0	21.608618	0
LT934125.1	116476	+	109.143496	0	72.903124	0	0	0
LT934125.1	116477	+	218.286993	0	2417.953609	1934.235977	57.62298	62.932662
LT934125.1	116478	+	5893.748806	9085.746735	0	0	849.938956	3146.633103
LT934125.1	116480	+	27.285874	0	0	0	14.405745	0
LT934125.1	116482	+	0	0	0	0	25.210054	0
LT934125.1	116483	+	81.857622	0	48.602083	0	0	62.932662
LT934125.1	116484	+	163.715245	0	0	0	0	0
LT934125.1	116486	+	0	0	0	0	36.014363	0
LT934125.1	116487	+	109.143496	0	48.602083	241.779497	0	125.865324
LT934125.1	116488	+	27.285874	0	0	0	0	0
LT934125.1	116489	+	27.285874	0	0	0	0	0
LT934125.1	116492	+	27.285874	0	0	0	0	0
LT934125.1	116493	+	163.715245	0	72.903124	0	0	62.932662
LT934125.1	116495	+	0	0	121.505206	241.779497	0	0
LT934125.1	116496	+	163.715245	0	0	0	18.007181	125.865324
LT934125.1	116497	+	27.285874	0	0	0	0	0
LT934125.1	116498	+	81.857622	0	291.612496	0	0	62.932662
LT934125.1	116499	+	791.290349	1135.718342	0	0	111.644524	314.66331
LT934125.1	116502	+	27.285874	0	0	0	0	62.932662
LT934125.1	116504	+	0	0	97.204165	0	0	0
LT934125.1	116505	+	136.429371	0	0	0	14.405745	125.865324
LT934125.1	116506	+	27.285874	567.859171	0	0	0	0
LT934125.1	116507	+	0	0	0	0	36.014363	0
LT934125.1	116508	+	109.143496	0	97.204165	0	0	62.932662
LT934125.1	116511	+	27.285874	0	24.301041	0	0	0
LT934125.1	116513	+	0	0	133.655727	0	0	0
LT934125.1	116514	+	54.571748	0	0	0	28.81149	125.865324
LT934125.1	116515	+	0	567.859171	0	0	0	0
LT934125.1	116517	+	54.571748	0	0	0	0	0
LT934125.1	116519	+	54.571748	0	48.602083	0	0	0
LT934125.1	116520	+	81.857622	0	0	0	18.007181	0
LT934125.1	116522	+	54.571748	567.859171	267.311454	0	0	0
LT934125.1	116523	+	463.85986	0	0	0	100.840215	503.461296
LT934125.1	116524	+	0	0	0	0	126.050269	0
LT934125.1	116525	+	0	0	0	0	32.412926	0
LT934125.1	116526	+	191.001119	0	303.763016	241.779497	0	188.797986
LT934125.1	116527	+	1173.292586	1703.577513	121.505206	0	0	566.393958
LT934125.1	116528	+	163.715245	0	303.763016	0	79.231598	188.797986
LT934125.1	116529	+	545.717482	0	0	0	82.833034	125.865324
LT934125.1	116531	+	0	0	0	0	104.441651	0
LT934125.1	116532	+	463.85986	0	230.859892	0	0	188.797986
LT934125.1	116538	+	27.285874	0	24.301041	0	0	0
LT934125.1	116539	+	0	0	0	0	18.007181	0
LT934125.1	116540	+	0	0	0	241.779497	0	0
LT934125.1	116541	+	54.571748	0	0	0	0	0
LT934125.1	116542	+	27.285874	0	109.354686	0	0	0
LT934125.1	116543	+	245.572867	0	182.25781	483.558994	32.412926	0
LT934125.1	116544	+	600.28923	567.859171	0	0	79.231598	377.595972
LT934125.1	116547	+	27.285874	0	0	0	0	62.932662
LT934125.1	116548	+	54.571748	0	36.451562	0	0	125.865324
LT934125.1	116551	+	0	0	24.301041	0	0	0
LT934125.1	116553	+	81.857622	0	315.913537	241.779497	0	62.932662
LT934125.1	116554	+	491.145734	0	0	0	118.847396	188.797986
LT934125.1	116555	+	0	0	0	0	21.608618	0
LT934125.1	116556	+	109.143496	0	109.354686	0	0	0
LT934125.1	116558	+	0	0	0	0	25.210054	0
LT934125.1	116559	+	109.143496	0	48.602083	0	0	0
LT934125.1	116562	+	54.571748	0	60.752603	0	0	0
LT934125.1	116563	+	0	567.859171	0	0	0	0
LT934125.1	116564	+	0	0	0	0	104.441651	0
LT934125.1	116565	+	818.576223	0	267.311454	241.779497	0	503.461296
LT934125.1	116566	+	81.857622	0	0	0	0	0
LT934125.1	116567	+	27.285874	0	24.301041	0	21.608618	0
LT934125.1	116571	+	27.285874	0	0	0	0	0
LT934125.1	116580	+	27.285874	0	0	0	0	0
LT934125.1	116582	+	54.571748	567.859171	0	0	0	0
LT934125.1	116583	+	109.143496	0	0	0	21.608618	62.932662
LT934125.1	116584	+	0	2271.436684	0	0	0	0
LT934125.1	116585	+	0	0	0	0	453.780968	0
LT934125.1	116586	+	2210.155802	0	947.740611	967.117988	0	251.730648
LT934125.1	116587	+	27.285874	0	0	0	0	0
LT934125.1	116591	+	0	0	72.903124	0	0	0
LT934125.1	116592	+	27.285874	0	0	0	0	0
LT934125.1	116593	+	0	0	0	0	39.615799	0
LT934125.1	116594	+	0	0	0	0	79.231598	0
LT934125.1	116595	+	382.002237	0	376.66614	0	50.420108	251.730648
LT934125.1	116596	+	382.002237	0	0	0	0	188.797986
LT934125.1	116598	+	245.572867	567.859171	109.354686	241.779497	0	0
LT934125.1	116599	+	0	0	0	0	0	125.865324
LT934125.1	116600	+	0	0	777.633322	725.338491	0	0
LT934125.1	116601	+	1528.00895	1135.718342	267.311454	0	237.694793	692.259283
LT934125.1	116602	+	791.290349	567.859171	0	241.779497	90.035906	0
LT934125.1	116606	+	54.571748	0	194.40833	0	0	0
LT934125.1	116607	+	191.001119	0	48.602083	0	36.014363	0
LT934125.1	116608	+	163.715245	0	0	0	0	0
LT934125.1	116610	+	0	0	36.451562	0	0	0
LT934125.1	116611	+	0	0	0	0	14.405745	0
LT934125.1	116612	+	0	0	48.602083	0	0	0
LT934125.1	116613	+	81.857622	0	0	0	0	0
LT934125.1	116616	+	27.285874	0	0	0	0	0
LT934125.1	116619	+	0	0	24.301041	241.779497	0	0
LT934125.1	116620	+	218.286993	0	0	0	0	0
LT934125.1	116622	+	27.285874	0	121.505206	241.779497	0	0
LT934125.1	116623	+	0	0	24.301041	0	18.007181	62.932662
LT934125.1	116624	+	81.857622	0	170.107289	0	14.405745	0
LT934125.1	116625	+	436.573986	567.859171	0	0	54.021544	125.865324
LT934125.1	116626	+	0	0	0	0	25.210054	0
LT934125.1	116628	+	109.143496	0	109.354686	0	0	0
LT934125.1	116629	+	191.001119	0	230.859892	241.779497	0	188.797986
LT934125.1	116630	+	709.432727	0	267.311454	0	68.427289	125.865324
LT934125.1	116631	+	627.575104	3407.155026	0	0	82.833034	188.797986
LT934125.1	116634	+	81.857622	0	48.602083	0	14.405745	62.932662
LT934125.1	116636	+	109.143496	0	315.913537	0	0	0
LT934125.1	116637	+	463.85986	1135.718342	0	0	50.420108	0
LT934125.1	116640	+	81.857622	567.859171	48.602083	0	0	62.932662
LT934125.1	116642	+	0	0	0	0	14.405745	0
LT934125.1	116643	+	54.571748	0	36.451562	0	0	0
LT934125.1	116646	+	218.286993	0	24.301041	0	14.405745	0
LT934125.1	116651	+	27.285874	0	36.451562	483.558994	0	0
LT934125.1	116652	+	54.571748	0	0	0	18.007181	0
LT934125.1	116655	+	109.143496	0	36.451562	241.779497	0	0
LT934125.1	116657	+	54.571748	0	85.053645	0	0	62.932662
LT934125.1	116658	+	300.144615	0	0	0	0	0
LT934125.1	116662	+	81.857622	0	0	0	0	0
LT934125.1	116664	+	27.285874	0	0	0	0	0
LT934125.1	116665	+	0	1135.718342	0	0	0	0
LT934125.1	116667	+	0	0	24.301041	0	0	0
LT934125.1	116670	+	27.285874	567.859171	36.451562	0	0	0
LT934125.1	116673	+	27.285874	0	0	0	0	62.932662
LT934125.1	116675	+	0	0	48.602083	0	0	0
LT934125.1	116679	+	27.285874	0	0	0	0	0
LT934125.1	116681	+	27.285874	0	0	0	0	0
LT934125.1	116687	+	0	0	24.301041	0	0	0
LT934125.1	116688	+	27.285874	0	0	0	0	0
LT934125.1	116691	+	109.143496	0	0	0	0	0
LT934125.1	116696	+	27.285874	0	24.301041	0	0	0
LT934125.1	116697	+	27.285874	0	0	0	14.405745	0
LT934125.1	116702	+	0	0	24.301041	0	0	125.865324
LT934125.1	116709	+	54.571748	0	0	0	0	0
LT934125.1	116715	+	27.285874	0	0	0	0	0
LT934125.1	116717	+	0	0	109.354686	0	0	62.932662
LT934125.1	116718	+	136.429371	0	765.482801	483.558994	14.405745	62.932662
LT934125.1	116719	+	1855.439439	1135.718342	72.903124	241.779497	122.448833	629.326621
LT934125.1	116720	+	327.430489	0	36.451562	0	18.007181	188.797986
LT934125.1	116721	+	54.571748	0	0	0	0	0
LT934125.1	116728	+	54.571748	0	0	0	0	0
LT934125.1	116736	+	27.285874	0	0	0	0	62.932662
LT934125.1	116758	+	0	0	0	0	0	62.932662
LT934125.1	116772	+	27.285874	0	0	0	0	0
LT934125.1	116773	+	0	0	60.752603	0	0	0
LT934125.1	116793	+	0	567.859171	0	0	0	0
LT934125.1	116835	+	27.285874	0	0	0	0	0
LT934125.1	116849	+	27.285874	0	0	0	0	0
LT934125.1	116981	+	27.285874	0	0	0	0	0
LT934125.1	117193	+	27.285874	0	0	0	0	0
LT934125.1	117244	+	0	0	0	0	14.405745	0
LT934125.1	117295	+	27.285874	0	0	0	0	0
LT934125.1	117297	+	0	0	109.354686	0	0	0
LT934125.1	117302	+	27.285874	0	0	0	0	0
LT934125.1	117412	+	27.285874	0	0	0	0	0
LT934125.1	117534	+	0	0	0	241.779497	0	0
LT934125.1	117566	+	27.285874	0	0	0	0	0
LT934125.1	117601	+	0	0	0	241.779497	0	0
LT934125.1	117603	+	982.291468	0	36.451562	241.779497	46.818671	62.932662
LT934125.1	117605	+	27.285874	0	60.752603	241.779497	72.028725	0
LT934125.1	117606	+	27.285874	0	85.053645	0	46.818671	0
LT934125.1	117607	+	0	567.859171	668.278636	725.338491	597.838418	125.865324
LT934125.1	117608	+	0	0	48.602083	0	18.007181	0
LT934125.1	117638	+	0	0	0	241.779497	0	0
LT934125.1	117673	+	27.285874	0	0	0	0	0
LT934125.1	117766	+	545.717482	0	0	0	0	0
LT934125.1	117768	+	300.144615	567.859171	388.816661	725.338491	126.050269	1384.518565
LT934125.1	117769	+	0	2271.436684	1530.965602	5319.148936	734.692996	4908.74764
LT934125.1	117770	+	0	567.859171	85.053645	0	21.608618	62.932662
LT934125.1	117771	+	0	0	36.451562	0	0	0
LT934125.1	117788	+	0	0	36.451562	241.779497	0	0
LT934125.1	117792	+	0	0	0	0	14.405745	125.865324
LT934125.1	117796	+	27.285874	0	72.903124	0	28.81149	0
LT934125.1	117857	+	27.285874	0	0	0	0	0
LT934125.1	117859	+	0	0	0	0	0	62.932662
LT934125.1	117884	+	0	0	24.301041	0	0	0
LT934125.1	117887	+	81.857622	0	48.602083	241.779497	50.420108	188.797986
LT934125.1	117889	+	0	0	0	241.779497	0	0
LT934125.1	117893	+	27.285874	0	0	0	0	0
LT934125.1	117902	+	0	0	0	0	0	62.932662
LT934125.1	117920	+	0	0	0	0	14.405745	0
LT934125.1	117944	+	0	0	24.301041	0	0	62.932662
LT934125.1	117945	+	27.285874	0	0	0	0	62.932662
LT934125.1	117946	+	0	0	0	0	0	62.932662
LT934125.1	118015	+	27.285874	0	0	0	0	0
LT934125.1	118017	+	27.285874	0	0	0	0	0
LT934125.1	118026	+	27.285874	0	0	0	0	0
LT934125.1	118029	+	0	0	0	241.779497	0	0
LT934125.1	118057	+	0	0	0	483.558994	0	0
LT934125.1	118070	+	27.285874	0	0	0	0	0
LT934125.1	118086	+	27.285874	0	0	0	0	0
LT934125.1	118108	+	0	0	36.451562	0	0	0
LT934125.1	118112	+	0	0	24.301041	0	0	0
LT934125.1	118114	+	27.285874	0	0	0	0	0
LT934125.1	118117	+	54.571748	0	0	0	0	0
LT934125.1	118120	+	27.285874	0	0	0	0	0
LT934125.1	118136	+	27.285874	0	0	0	0	0
LT934125.1	118142	+	27.285874	0	0	0	0	0
LT934125.1	118152	+	27.285874	0	0	0	0	0
LT934125.1	118180	+	0	0	24.301041	0	0	62.932662
LT934125.1	118190	+	27.285874	0	0	0	0	0
LT934125.1	118197	+	0	0	0	483.558994	0	0
LT934125.1	118198	+	54.571748	0	0	0	0	0
LT934125.1	118200	+	0	0	48.602083	0	0	0
LT934125.1	118206	+	27.285874	0	0	0	0	0
LT934125.1	118209	+	81.857622	0	48.602083	0	14.405745	62.932662
LT934125.1	118215	+	0	0	24.301041	0	0	0
LT934125.1	118216	+	27.285874	0	0	0	0	0
LT934125.1	118218	+	27.285874	0	0	0	0	0
LT934125.1	118226	+	27.285874	0	0	0	0	0
LT934125.1	118236	+	0	0	0	241.779497	0	0
LT934125.1	118249	+	27.285874	0	0	0	0	0
LT934125.1	118253	+	27.285874	0	0	0	0	0
LT934125.1	118269	+	0	567.859171	0	0	0	0
LT934125.1	118290	+	27.285874	0	0	0	0	0
LT934125.1	118293	+	0	0	0	0	0	62.932662
LT934125.1	118349	+	0	0	0	241.779497	0	0
LT934125.1	118388	+	27.285874	0	0	0	0	0
LT934125.1	118417	+	27.285874	0	0	0	0	0
LT934125.1	118448	+	27.285874	0	0	0	0	0
LT934125.1	118450	+	27.285874	0	0	0	0	0
LT934125.1	118501	+	27.285874	0	0	0	0	0
LT934125.1	118509	+	0	567.859171	0	0	0	0
LT934125.1	118513	+	27.285874	0	24.301041	0	0	0
LT934125.1	118514	+	0	0	24.301041	0	0	0
LT934125.1	118516	+	27.285874	0	0	0	0	0
LT934125.1	118520	+	27.285874	0	0	0	0	0
LT934125.1	118522	+	0	0	0	0	0	62.932662
LT934125.1	118528	+	0	0	0	0	0	62.932662
LT934125.1	118529	+	54.571748	0	24.301041	0	21.608618	62.932662
LT934125.1	118547	+	27.285874	0	0	0	0	0
LT934125.1	118564	+	0	0	24.301041	0	0	0
LT934125.1	118627	+	27.285874	0	0	0	0	0
LT934125.1	118634	+	54.571748	0	0	0	0	0
LT934125.1	118659	+	27.285874	0	0	0	0	0
LT934125.1	118661	+	0	0	0	0	0	125.865324
LT934125.1	118664	+	81.857622	0	48.602083	0	0	0
LT934125.1	118674	+	0	0	0	0	0	62.932662
LT934125.1	118679	+	54.571748	0	0	0	0	62.932662
LT934125.1	118681	+	0	567.859171	0	0	0	0
LT934125.1	118682	+	0	0	0	0	0	62.932662
LT934125.1	118712	+	27.285874	0	0	0	0	0
LT934125.1	118716	+	109.143496	0	0	0	0	188.797986
LT934125.1	118746	+	0	0	36.451562	0	0	0
LT934125.1	118747	+	54.571748	0	0	241.779497	25.210054	188.797986
LT934125.1	118748	+	54.571748	0	0	0	0	125.865324
LT934125.1	118841	+	0	0	0	0	0	62.932662
LT934125.1	118853	+	0	0	0	0	0	62.932662
LT934125.1	118858	+	27.285874	15332.197615	0	0	0	0
LT934125.1	118859	+	0	0	0	0	0	62.932662
LT934125.1	118860	+	109.143496	0	13474.927401	19342.359768	39.615799	0
LT934125.1	118861	+	14488.799149	0	36.451562	0	9925.558313	13782.252989
LT934125.1	118862	+	764.004475	567.859171	874.837487	483.558994	136.854578	314.66331
LT934125.1	118863	+	81.857622	0	0	0	115.24596	188.797986
LT934125.1	118864	+	36617.643046	36342.986939	32138.127119	56334.622824	30972.351774	41409.69163
LT934125.1	118865	+	736.718601	0	498.171347	483.558994	154.861759	62.932662
LT934125.1	118866	+	1091.434964	2271.436684	1190.751024	3143.133462	749.098741	1447.451227
LT934125.1	118868	+	54.571748	0	85.053645	241.779497	43.217235	0
LT934125.1	118870	+	54.571748	0	0	0	0	0
LT934125.1	118871	+	0	0	48.602083	0	18.007181	0
LT934125.1	118872	+	0	0	0	0	0	62.932662
LT934125.1	118873	+	27.285874	0	0	0	0	0
LT934125.1	118874	+	0	0	24.301041	0	0	0
LT934125.1	118875	+	27.285874	0	0	0	0	0
LT934125.1	118876	+	0	0	36.451562	0	0	0
LT934125.1	118878	+	27.285874	0	0	0	0	0
LT934125.1	118886	+	0	567.859171	0	0	0	0
LT934125.1	118888	+	27.285874	567.859171	0	0	0	0
LT934125.1	118905	+	0	0	36.451562	0	0	0
LT934125.1	118906	+	81.857622	0	0	0	50.420108	0
LT934125.1	118924	+	27.285874	0	0	0	0	0
LT934125.1	118969	+	0	0	0	241.779497	0	0
LT934125.1	118984	+	0	0	24.301041	0	0	62.932662
LT934125.1	118985	+	54.571748	0	0	0	0	0
LT934125.1	119001	+	27.285874	0	0	0	0	0
LT934125.1	119021	+	0	0	0	0	21.608618	0
LT934125.1	119023	+	0	0	60.752603	0	0	62.932662
LT934125.1	119032	+	27.285874	0	0	0	0	0
LT934125.1	119041	+	0	0	24.301041	0	0	0
LT934125.1	119068	+	0	0	0	0	32.412926	0
LT934125.1	119071	+	54.571748	0	60.752603	241.779497	0	62.932662
LT934125.1	119072	+	0	0	24.301041	0	0	0
LT934125.1	119076	+	0	0	24.301041	0	0	0
LT934125.1	119077	+	0	0	0	0	0	125.865324
LT934125.1	119090	+	27.285874	0	0	0	0	0
LT934125.1	119102	+	27.285874	0	0	241.779497	0	0
LT934125.1	119110	+	0	567.859171	0	0	0	0
LT934125.1	119149	+	0	0	24.301041	0	0	62.932662
LT934125.1	119155	+	0	0	48.602083	0	0	0
LT934125.1	119168	+	0	0	24.301041	0	0	0
LT934125.1	119182	+	109.143496	0	48.602083	0	0	0
LT934125.1	119186	+	54.571748	0	0	0	0	0
LT934125.1	119200	+	27.285874	0	0	0	0	0
LT934125.1	119212	+	27.285874	0	24.301041	0	0	0
LT934125.1	119222	+	0	0	0	0	0	62.932662
LT934125.1	119230	+	0	0	24.301041	0	0	0
LT934125.1	119231	+	0	0	0	0	25.210054	62.932662
LT934125.1	119232	+	27.285874	0	36.451562	0	0	0
LT934125.1	119233	+	27.285874	0	0	0	36.014363	0
LT934125.1	119238	+	27.285874	0	0	0	0	0
LT934125.1	119244	+	27.285874	0	0	0	0	0
LT934125.1	119246	+	27.285874	0	0	0	0	0
LT934125.1	119248	+	27.285874	0	0	0	0	0
LT934125.1	119256	+	27.285874	0	0	0	0	0
LT934125.1	119263	+	0	0	24.301041	0	0	0
LT934125.1	119264	+	27.285874	0	0	0	0	0
LT934125.1	119265	+	0	567.859171	0	0	172.86894	0
LT934125.1	119266	+	109.143496	0	437.418743	0	0	755.191945
LT934125.1	119270	+	0	567.859171	0	0	0	0
LT934125.1	119288	+	27.285874	0	24.301041	0	0	0
LT934125.1	119296	+	27.285874	0	0	0	0	0
LT934125.1	119302	+	0	0	36.451562	0	0	0
LT934125.1	119305	+	27.285874	0	0	0	0	0
LT934125.1	119323	+	27.285874	0	0	0	0	0
LT934125.1	119333	+	27.285874	0	0	0	0	0
LT934125.1	119345	+	0	0	0	241.779497	0	0
LT934125.1	119346	+	54.571748	0	0	0	14.405745	0
LT934125.1	119389	+	0	0	0	0	0	125.865324
LT934125.1	119393	+	0	567.859171	0	0	0	0
LT934125.1	119394	+	0	0	0	0	21.608618	0
LT934125.1	119395	+	27.285874	0	72.903124	0	0	0
LT934125.1	119404	+	27.285874	0	0	0	0	0
LT934125.1	119427	+	54.571748	0	230.859892	241.779497	0	125.865324
LT934125.1	119428	+	409.288112	0	0	0	100.840215	314.66331
LT934125.1	119437	+	27.285874	0	0	0	0	0
LT934125.1	119449	+	0	0	24.301041	0	0	0
LT934125.1	119459	+	0	0	0	0	14.405745	0
LT934125.1	119461	+	0	0	24.301041	0	0	0
LT934125.1	119463	+	54.571748	0	0	0	0	0
LT934125.1	119477	+	0	0	0	0	0	62.932662
LT934125.1	119483	+	0	0	0	241.779497	0	0
LT934125.1	119484	+	81.857622	0	765.482801	1208.897485	0	62.932662
LT934125.1	119485	+	1009.577342	2271.436684	0	0	605.04129	943.989931
LT934125.1	119488	+	27.285874	0	0	0	0	0
LT934125.1	119511	+	0	0	24.301041	0	0	0
LT934125.1	119513	+	27.285874	0	0	0	0	0
LT934125.1	119515	+	0	0	72.903124	0	0	0
LT934125.1	119516	+	0	0	0	0	25.210054	62.932662
LT934125.1	119517	+	0	0	0	0	14.405745	0
LT934125.1	119533	+	0	567.859171	0	0	28.81149	0
LT934125.1	119534	+	27.285874	0	0	0	0	0
LT934125.1	119535	+	0	567.859171	0	0	82.833034	0
LT934125.1	119536	+	245.572867	0	72.903124	0	0	440.528634
LT934125.1	119537	+	0	0	24.301041	0	0	0
LT934125.1	119538	+	27.285874	0	0	0	0	188.797986
LT934125.1	119539	+	54.571748	0	0	0	0	0
LT934125.1	119540	+	0	567.859171	72.903124	0	25.210054	0
LT934125.1	119560	+	0	0	0	0	0	62.932662
LT934125.1	119562	+	0	567.859171	0	0	0	0
LT934125.1	119563	+	54.571748	0	36.451562	0	0	0
LT934125.1	119566	+	0	0	48.602083	0	0	0
LT934125.1	119567	+	0	0	0	241.779497	0	62.932662
LT934125.1	119568	+	54.571748	0	145.806248	0	14.405745	0
LT934125.1	119569	+	109.143496	0	0	0	28.81149	62.932662
LT934125.1	119580	+	27.285874	0	0	0	0	0
LT934125.1	119584	+	27.285874	0	0	0	0	0
LT934125.1	119587	+	0	0	24.301041	0	0	0
LT934125.1	119591	+	0	0	0	0	0	125.865324
LT934125.1	119592	+	27.285874	0	0	0	0	62.932662
LT934125.1	119593	+	0	0	72.903124	241.779497	0	0
LT934125.1	119594	+	27.285874	0	0	0	18.007181	0
LT934125.1	119605	+	27.285874	0	0	0	0	125.865324
LT934125.1	119614	+	0	0	0	0	0	62.932662
LT934125.1	119632	+	27.285874	0	0	0	0	0
LT934125.1	119673	+	27.285874	0	0	0	0	0
LT934125.1	119690	+	0	0	0	0	0	125.865324
LT934125.1	119693	+	54.571748	0	0	0	32.412926	0
LT934125.1	119694	+	0	0	0	0	18.007181	0
LT934125.1	119695	+	27.285874	0	0	241.779497	0	0
LT934125.1	119701	+	0	0	0	0	0	62.932662
LT934125.1	119707	+	0	0	0	0	0	62.932662
LT934125.1	119710	+	27.285874	0	0	0	0	62.932662
LT934125.1	119712	+	0	0	0	241.779497	0	0
LT934125.1	119716	+	81.857622	0	0	0	0	0
LT934125.1	119719	+	0	0	36.451562	0	0	0
LT934125.1	119721	+	81.857622	0	0	0	0	0
LT934125.1	119731	+	0	567.859171	0	0	0	0
LT934125.1	119764	+	54.571748	0	0	0	39.615799	0
LT934125.1	119765	+	27.285874	0	0	0	0	0
LT934125.1	119766	+	27.285874	0	0	0	0	62.932662
LT934125.1	119786	+	0	0	0	0	0	62.932662
LT934125.1	119795	+	54.571748	0	0	0	0	62.932662
LT934125.1	119797	+	27.285874	0	0	0	0	0
LT934125.1	119800	+	27.285874	0	0	0	0	0
LT934125.1	119803	+	27.285874	0	0	0	0	0
LT934125.1	119810	+	27.285874	0	0	0	0	0
LT934125.1	119813	+	27.285874	0	0	0	0	0
LT934125.1	119817	+	27.285874	0	72.903124	0	0	0
LT934125.1	119818	+	109.143496	0	0	0	25.210054	62.932662
LT934125.1	119823	+	0	0	24.301041	0	0	0
LT934125.1	119827	+	81.857622	1135.718342	0	0	14.405745	0
LT934125.1	119830	+	54.571748	0	24.301041	0	0	0
LT934125.1	119832	+	0	0	36.451562	0	0	0
LT934125.1	119833	+	54.571748	0	0	0	0	0
LT934125.1	119835	+	81.857622	0	0	0	0	0
LT934125.1	119871	+	0	0	0	0	0	62.932662
LT934125.1	119876	+	27.285874	0	218.709372	0	0	0
LT934125.1	119877	+	27.285874	0	0	0	0	0
LT934125.1	119878	+	1009.577342	567.859171	60.752603	0	115.24596	0
LT934125.1	119879	+	81.857622	567.859171	0	0	0	0
LT934125.1	119887	+	81.857622	0	0	241.779497	0	0
LT934125.1	119889	+	0	0	24.301041	0	0	0
LT934125.1	119890	+	54.571748	0	0	0	0	62.932662
LT934125.1	119893	+	0	0	24.301041	0	0	0
LT934125.1	119897	+	81.857622	0	36.451562	0	0	0
LT934125.1	119905	+	109.143496	0	0	241.779497	0	0
LT934125.1	119906	+	0	0	0	0	28.81149	0
LT934125.1	119907	+	0	567.859171	0	0	0	0
LT934125.1	119908	+	0	0	72.903124	0	0	62.932662
LT934125.1	119924	+	27.285874	0	0	0	0	0
LT934125.1	119940	+	54.571748	0	36.451562	241.779497	0	0
LT934125.1	119941	+	191.001119	567.859171	0	0	32.412926	0
LT934125.1	119971	+	0	0	0	0	0	62.932662
LT934125.1	119976	+	0	0	24.301041	0	0	0
LT934125.1	119982	+	27.285874	0	0	0	0	0
LT934125.1	119986	+	0	0	36.451562	0	0	0
LT934125.1	119988	+	27.285874	0	0	0	0	0
LT934125.1	119989	+	27.285874	0	0	0	0	0
LT934125.1	119996	+	54.571748	0	0	0	0	0
LT934125.1	119998	+	109.143496	0	72.903124	241.779497	0	0
LT934125.1	119999	+	0	567.859171	0	0	0	0
LT934125.1	120014	+	109.143496	0	0	0	0	0
LT934125.1	120017	+	0	0	0	0	0	62.932662
LT934125.1	120018	+	27.285874	0	0	0	0	0
LT934125.1	120019	+	0	0	0	0	0	377.595972
LT934125.1	120020	+	600.28923	567.859171	109.354686	483.558994	86.43447	125.865324
LT934125.1	120021	+	0	0	0	0	100.840215	0
LT934125.1	120022	+	409.288112	0	133.655727	725.338491	0	0
LT934125.1	120050	+	27.285874	0	0	0	0	0
LT934125.1	120058	+	0	0	0	0	21.608618	62.932662
LT934125.1	120060	+	0	567.859171	0	0	0	0
LT934125.1	120061	+	327.430489	0	36.451562	241.779497	0	377.595972
LT934125.1	120062	+	54.571748	567.859171	0	241.779497	0	0
LT934125.1	120070	+	0	0	24.301041	0	0	0
LT934125.1	120082	+	54.571748	0	36.451562	0	0	0
LT934125.1	120083	+	109.143496	567.859171	0	0	0	0
LT934125.1	120092	+	27.285874	567.859171	0	0	0	0
LT934125.1	120096	+	0	567.859171	0	0	0	0
LT934125.1	120097	+	54.571748	0	0	0	0	0
LT934125.1	120108	+	27.285874	0	0	0	0	0
LT934125.1	120109	+	27.285874	0	0	0	0	0
LT934125.1	120112	+	27.285874	0	0	0	0	0
LT934125.1	120115	+	0	0	24.301041	0	0	0
LT934125.1	120121	+	54.571748	0	0	0	0	0
LT934125.1	120127	+	54.571748	0	0	0	0	0
LT934125.1	120129	+	0	0	0	241.779497	0	0
LT934125.1	120130	+	0	0	24.301041	0	0	0
LT934125.1	120131	+	54.571748	0	48.602083	0	0	0
LT934125.1	120132	+	109.143496	567.859171	656.128115	483.558994	14.405745	0
LT934125.1	120133	+	1773.581817	2271.436684	0	0	169.267504	629.326621
LT934125.1	120135	+	27.285874	0	0	0	0	0
LT934125.1	120138	+	27.285874	0	0	0	0	0
LT934125.1	120139	+	0	567.859171	0	0	0	0
LT934125.1	120146	+	0	0	0	241.779497	0	62.932662
LT934125.1	120151	+	0	0	0	0	18.007181	0
LT934125.1	120152	+	218.286993	0	60.752603	241.779497	0	0
LT934125.1	120154	+	27.285874	0	0	0	0	0
LT934125.1	120156	+	27.285874	0	0	0	0	0
LT934125.1	120157	+	27.285874	0	0	0	0	0
LT934125.1	120162	+	54.571748	0	0	0	0	0
LT934125.1	120168	+	54.571748	0	0	0	0	62.932662
LT934125.1	120170	+	136.429371	0	0	0	0	0
LT934125.1	120173	+	0	0	72.903124	0	0	0
LT934125.1	120191	+	109.143496	0	0	0	0	0
LT934125.1	120193	+	163.715245	567.859171	133.655727	0	21.608618	125.865324
LT934125.1	120204	+	27.285874	0	0	0	0	0
LT934125.1	120207	+	0	0	24.301041	0	0	0
LT934125.1	120211	+	109.143496	0	24.301041	0	0	0
LT934125.1	120217	+	27.285874	0	0	0	0	0
LT934125.1	120238	+	0	0	48.602083	0	0	0
LT934125.1	120242	+	54.571748	0	36.451562	0	0	0
LT934125.1	120248	+	27.285874	0	0	0	0	0
LT934125.1	120256	+	27.285874	0	0	0	0	0
LT934125.1	120257	+	27.285874	0	0	0	0	0
LT934125.1	120259	+	0	0	24.301041	0	0	0
LT934125.1	120314	+	27.285874	0	0	0	0	0
LT934125.1	120370	+	27.285874	0	0	0	0	0
LT934125.1	120383	+	0	0	24.301041	0	0	0
LT934125.1	120385	+	54.571748	0	0	0	0	0
LT934125.1	120391	+	0	0	24.301041	0	0	0
LT934125.1	120410	+	27.285874	0	0	0	0	0
LT934125.1	120476	+	0	0	0	0	0	62.932662
LT934125.1	120552	+	0	0	0	0	5787.508058	0
LT934125.1	120553	+	0	0	0	0	18.007181	0
LT934125.1	120554	+	27.285874	0	97.204165	241.779497	64.825853	125.865324
LT934125.1	120555	+	2674.015662	2271.436684	4337.735872	3384.912959	57.62298	2517.306482
LT934125.1	120556	+	27.285874	0	72.903124	0	25.210054	0
LT934125.1	120557	+	709.432727	1703.577513	1202.901544	2901.353965	2070.825845	1132.787917
LT934125.1	120558	+	0	0	36.451562	0	0	62.932662
LT934125.1	120559	+	81.857622	0	36.451562	0	36.014363	0
LT934125.1	120565	+	0	0	0	241.779497	0	0
LT934125.1	120585	+	0	0	0	0	0	62.932662
LT934125.1	120716	+	27.285874	0	0	0	0	0
LT934125.1	120777	+	0	0	0	0	0	62.932662
LT934125.1	120800	+	27.285874	0	0	0	0	0
LT934125.1	120826	+	0	0	0	0	18.007181	0
LT934125.1	120930	+	0	0	0	0	61.224416	0
LT934125.1	120933	+	81.857622	567.859171	48.602083	241.779497	0	125.865324
LT934125.1	120934	+	27.285874	0	36.451562	0	36.014363	62.932662
LT934125.1	120935	+	27.285874	0	0	0	0	0
LT934125.1	120937	+	0	0	24.301041	0	25.210054	0
LT934125.1	121024	+	27.285874	0	0	0	0	0
LT934125.1	121048	+	27.285874	0	0	0	0	0
LT934125.1	121132	+	27.285874	0	0	0	0	0
LT934125.1	121133	+	27.285874	0	0	0	0	0
LT934125.1	121153	+	27.285874	0	0	0	0	0
LT934125.1	121304	+	27.285874	0	0	0	0	62.932662
LT934125.1	121424	+	27.285874	0	0	0	0	0
LT934125.1	121560	+	27.285874	0	0	0	0	0
LT934125.1	121575	+	27.285874	0	0	0	0	0
LT934125.1	121580	+	27.285874	0	0	0	0	0
LT934125.1	121583	+	27.285874	0	24.301041	0	0	0
LT934125.1	121585	+	0	0	0	0	0	62.932662
LT934125.1	121589	+	27.285874	0	0	0	0	0
LT934125.1	121602	+	27.285874	0	0	0	0	0
LT934125.1	121612	+	27.285874	0	0	0	21.608618	0
LT934125.1	121614	+	109.143496	0	24.301041	0	0	0
LT934125.1	121656	+	0	0	24.301041	0	0	0
LT934125.1	121672	+	0	0	36.451562	0	0	0
LT934125.1	121674	+	0	0	0	241.779497	0	0
LT934125.1	121675	+	27.285874	567.859171	0	0	14.405745	0
LT934125.1	121683	+	27.285874	0	0	0	0	0
LT934125.1	121707	+	54.571748	0	0	0	0	0
LT934125.1	121708	+	27.285874	0	0	0	0	0
LT934125.1	121709	+	27.285874	0	24.301041	0	0	0
LT934125.1	121710	+	81.857622	1135.718342	0	0	57.62298	62.932662
LT934125.1	121712	+	27.285874	0	0	0	0	62.932662
LT934125.1	121714	+	0	0	0	0	0	62.932662
LT934125.1	121715	+	0	0	60.752603	0	18.007181	125.865324
LT934125.1	121716	+	54.571748	567.859171	24.301041	0	50.420108	125.865324
LT934125.1	121717	+	0	0	0	0	32.412926	0
LT934125.1	121737	+	0	0	0	0	14.405745	0
LT934125.1	121746	+	0	0	0	0	14.405745	0
LT934125.1	121763	+	27.285874	0	0	0	0	0
LT934125.1	121782	+	0	0	0	0	43.217235	0
LT934125.1	121783	+	0	0	0	3143.133462	0	0
LT934125.1	121784	+	2455.728669	6246.45088	3535.801509	6769.825919	5917.159763	5538.074261
LT934125.1	121786	+	1746.295943	4542.873367	3244.189013	241.779497	4908.757613	5538.074261
LT934125.1	121787	+	54.571748	0	109.354686	0	154.861759	0
LT934125.1	121789	+	27.285874	0	0	0	32.412926	62.932662
LT934125.1	121798	+	0	0	0	0	0	62.932662
LT934125.1	121813	+	27.285874	0	0	0	0	0
LT934125.1	121819	+	0	0	0	0	14.405745	0
LT934125.1	121820	+	54.571748	0	0	0	0	0
LT934125.1	121837	+	27.285874	0	0	0	0	0
LT934125.1	121838	+	0	0	0	241.779497	0	0
LT934125.1	121839	+	27.285874	567.859171	0	0	25.210054	0
LT934125.1	121840	+	27.285874	0	0	0	0	0
LT934125.1	121880	+	0	0	0	0	14.405745	0
LT934125.1	121890	+	0	0	0	0	21.608618	0
LT934125.1	121901	+	0	0	0	0	0	125.865324
LT934125.1	121904	+	0	567.859171	0	0	0	0
LT934125.1	121905	+	27.285874	0	0	0	0	0
LT934125.1	121939	+	27.285874	0	0	0	0	0
LT934125.1	121953	+	27.285874	0	0	0	0	0
LT934125.1	121979	+	0	0	0	0	0	62.932662
LT934125.1	121981	+	27.285874	0	0	0	0	0
LT934125.1	121984	+	27.285874	0	0	0	0	0
LT934125.1	122002	+	27.285874	0	0	0	0	0
LT934125.1	122027	+	0	0	0	0	18.007181	0
LT934125.1	122028	+	27.285874	0	0	0	0	0
LT934125.1	122033	+	27.285874	0	0	0	0	0
LT934125.1	122038	+	27.285874	0	0	0	0	0
LT934125.1	122043	+	27.285874	567.859171	0	0	0	62.932662
LT934125.1	122060	+	0	0	0	0	0	62.932662
LT934125.1	122087	+	0	0	0	0	0	62.932662
LT934125.1	122116	+	27.285874	0	0	0	0	0
LT934125.1	122119	+	54.571748	0	24.301041	0	18.007181	62.932662
LT934125.1	122164	+	0	0	0	0	21.608618	0
LT934125.1	122176	+	0	0	0	0	0	62.932662
LT934125.1	122185	+	27.285874	0	0	0	0	0
LT934125.1	122244	+	27.285874	0	0	0	0	0
LT934125.1	122250	+	27.285874	0	0	0	0	0
LT934125.1	122252	+	27.285874	0	0	0	0	0
LT934125.1	122303	+	54.571748	0	85.053645	0	0	0
LT934125.1	122304	+	327.430489	0	24.301041	0	72.028725	188.797986
LT934125.1	122305	+	218.286993	0	0	0	18.007181	0
LT934125.1	122339	+	27.285874	0	0	0	0	0
LT934125.1	122405	+	0	0	36.451562	0	0	0
LT934125.1	122431	+	27.285874	0	0	0	0	0
LT934125.1	122440	+	27.285874	0	0	0	0	0
LT934125.1	122455	+	27.285874	0	0	0	0	0
LT934125.1	122463	+	0	0	0	0	0	62.932662
LT934125.1	122465	+	81.857622	0	0	241.779497	14.405745	0
LT934125.1	122466	+	54.571748	0	24.301041	0	0	0
LT934125.1	122470	+	27.285874	0	0	0	0	0
LT934125.1	122473	+	0	0	0	0	32.412926	0
LT934125.1	122474	+	27.285874	0	72.903124	0	0	0
LT934125.1	122516	+	27.285874	0	0	0	0	0
LT934125.1	122521	+	27.285874	0	133.655727	0	0	0
LT934125.1	122522	+	191.001119	0	0	0	64.825853	62.932662
LT934125.1	122531	+	27.285874	0	0	0	0	0
LT934125.1	122542	+	27.285874	0	0	0	0	0
LT934125.1	122549	+	0	0	24.301041	0	0	0
LT934125.1	122598	+	27.285874	0	0	0	0	0
LT934125.1	122600	+	27.285874	0	0	0	0	0
LT934125.1	122612	+	27.285874	0	0	0	0	0
LT934125.1	122621	+	54.571748	0	0	0	0	0
LT934125.1	122657	+	0	0	48.602083	0	0	0
LT934125.1	122662	+	27.285874	0	0	0	0	0
LT934125.1	122731	+	27.285874	0	0	0	0	0
LT934125.1	122919	+	0	0	133.655727	0	0	0
LT934125.1	122920	+	0	0	0	0	0	314.66331
LT934125.1	122922	+	54.571748	0	0	0	90.035906	125.865324
LT934125.1	122923	+	0	0	0	0	0	62.932662
LT934125.1	122927	+	27.285874	0	0	0	0	0
LT934125.1	122946	+	0	0	0	0	0	62.932662
LT934125.1	122960	+	27.285874	0	0	0	0	0
LT934125.1	122964	+	0	0	24.301041	0	0	0
LT934125.1	122973	+	0	0	0	0	0	629.326621
LT934125.1	122976	+	1582.580698	0	0	0	0	0
LT934125.1	122977	+	0	0	36.451562	0	0	0
LT934125.1	122978	+	218.286993	567.859171	328.064058	0	104.441651	0
LT934125.1	122979	+	109.143496	3975.014196	2527.308295	4352.030948	1829.529616	7300.188798
LT934125.1	122980	+	81.857622	0	60.752603	0	28.81149	62.932662
LT934125.1	122981	+	873.147971	1135.718342	996.342693	1208.897485	684.272888	1950.912524
LT934125.1	122983	+	136.429371	0	182.25781	483.558994	108.043088	188.797986
LT934125.1	122985	+	0	0	24.301041	0	0	125.865324
LT934125.1	122988	+	0	0	0	241.779497	0	0
LT934125.1	122989	+	0	0	0	0	0	62.932662
LT934125.1	123205	+	0	567.859171	0	0	0	0
LT934125.1	123273	+	0	0	0	0	0	62.932662
LT934125.1	123282	+	0	0	0	0	0	62.932662
LT934125.1	123444	+	0	0	0	241.779497	0	0
LT934125.1	123445	+	81.857622	0	0	0	0	125.865324
LT934125.1	123476	+	0	0	0	0	0	125.865324
LT934125.1	123478	+	27.285874	0	0	0	0	0
LT934125.1	123562	+	27.285874	0	0	0	0	0
LT934125.1	123619	+	27.285874	0	0	0	14.405745	62.932662
LT934125.1	123635	+	27.285874	0	0	0	0	0
LT934125.1	123637	+	54.571748	0	0	0	0	0
LT934125.1	123655	+	27.285874	0	0	0	0	0
LT934125.1	123716	+	0	0	24.301041	0	0	0
LT934125.1	123717	+	27.285874	0	0	0	0	0
LT934125.1	123731	+	27.285874	0	0	0	0	0
LT934125.1	123825	+	27.285874	0	0	0	0	0
LT934125.1	123827	+	27.285874	0	0	0	0	62.932662
LT934125.1	123870	+	27.285874	0	0	0	0	0
LT934125.1	123942	+	0	0	0	0	0	62.932662
LT934125.1	123977	+	0	0	0	0	0	62.932662
LT934125.1	124011	+	0	567.859171	0	0	0	0
LT934125.1	124014	+	27.285874	0	0	0	0	0
LT934125.1	124049	+	54.571748	0	0	0	0	0
LT934125.1	124056	+	0	0	24.301041	0	0	0
LT934125.1	124077	+	27.285874	0	0	0	0	0
LT934125.1	124091	+	27.285874	0	0	0	0	0
LT934125.1	124095	+	27.285874	0	0	0	0	0
LT934125.1	124195	+	0	0	0	0	0	62.932662
LT934125.1	124203	+	27.285874	0	0	0	0	0
LT934125.1	124219	+	0	0	0	0	0	62.932662
LT934125.1	124264	+	27.285874	0	0	0	0	0
LT934125.1	124278	+	0	0	24.301041	0	0	0
LT934125.1	124282	+	0	0	24.301041	0	0	62.932662
LT934125.1	124283	+	27.285874	0	0	0	0	0
LT934125.1	124291	+	27.285874	0	0	0	0	0
LT934125.1	124298	+	27.285874	0	0	0	0	0
LT934125.1	124301	+	0	0	0	241.779497	0	0
LT934125.1	124303	+	27.285874	0	0	0	0	0
LT934125.1	124331	+	0	0	121.505206	483.558994	0	0
LT934125.1	124332	+	163.715245	0	24.301041	0	0	0
LT934125.1	124333	+	0	0	0	0	0	188.797986
LT934125.1	124334	+	0	0	0	0	0	62.932662
LT934125.1	124335	+	27.285874	0	0	0	0	0
LT934125.1	124352	+	27.285874	0	0	0	0	0
LT934125.1	124366	+	27.285874	0	24.301041	0	0	0
LT934125.1	124369	+	0	0	0	0	0	62.932662
LT934125.1	124371	+	109.143496	0	0	0	0	62.932662
LT934125.1	124373	+	0	0	24.301041	0	0	0
LT934125.1	124381	+	0	0	0	241.779497	0	0
LT934125.1	124384	+	0	0	0	0	0	62.932662
LT934125.1	124385	+	81.857622	0	48.602083	0	14.405745	62.932662
LT934125.1	124389	+	0	567.859171	0	0	0	0
LT934125.1	124390	+	27.285874	0	0	0	0	0
LT934125.1	124404	+	245.572867	0	0	0	0	62.932662
LT934125.1	124406	+	109.143496	0	24.301041	0	0	0
LT934125.1	124407	+	0	0	24.301041	0	18.007181	188.797986
LT934125.1	124408	+	27.285874	0	72.903124	241.779497	0	0
LT934125.1	124409	+	327.430489	1135.718342	0	0	43.217235	62.932662
LT934125.1	124412	+	81.857622	0	0	0	0	62.932662
LT934125.1	124428	+	27.285874	0	0	0	0	0
LT934125.1	124454	+	27.285874	0	0	0	0	0
LT934125.1	124455	+	54.571748	0	0	0	0	125.865324
LT934125.1	124482	+	27.285874	0	0	0	0	0
LT934125.1	124486	+	0	567.859171	0	0	0	0
LT934125.1	124487	+	0	0	0	0	0	125.865324
LT934125.1	124488	+	0	0	60.752603	241.779497	0	0
LT934125.1	124489	+	136.429371	0	0	0	36.014363	0
LT934125.1	124502	+	27.285874	0	0	0	0	125.865324
LT934125.1	124521	+	0	0	0	0	0	62.932662
LT934125.1	124523	+	0	0	0	0	0	62.932662
LT934125.1	124524	+	27.285874	0	0	0	0	0
LT934125.1	124528	+	27.285874	0	0	0	0	0
LT934125.1	124536	+	27.285874	0	0	0	0	0
LT934125.1	124542	+	0	0	0	0	14.405745	0
LT934125.1	124563	+	0	0	36.451562	0	0	62.932662
LT934125.1	124565	+	0	0	24.301041	0	0	0
LT934125.1	124566	+	54.571748	0	0	0	0	0
LT934125.1	124567	+	0	567.859171	0	0	0	0
LT934125.1	124569	+	0	567.859171	0	0	0	0
LT934125.1	124575	+	0	0	36.451562	0	0	0
LT934125.1	124576	+	27.285874	0	0	0	0	0
LT934125.1	124587	+	0	567.859171	0	0	0	0
LT934125.1	124588	+	0	567.859171	0	0	0	0
LT934125.1	124594	+	27.285874	0	0	0	0	0
LT934125.1	124595	+	27.285874	0	0	0	0	0
LT934125.1	124598	+	27.285874	0	0	0	0	0
LT934125.1	124611	+	0	0	0	0	0	62.932662
LT934125.1	124613	+	27.285874	0	0	0	0	0
LT934125.1	124614	+	109.143496	0	0	0	0	0
LT934125.1	124616	+	27.285874	0	36.451562	0	0	0
LT934125.1	124617	+	27.285874	0	0	0	0	0
LT934125.1	124638	+	0	0	0	241.779497	0	0
LT934125.1	124648	+	0	0	0	241.779497	0	0
LT934125.1	124673	+	0	0	0	0	0	62.932662
LT934125.1	124678	+	27.285874	0	0	0	0	0
LT934125.1	124679	+	81.857622	0	0	0	0	0
LT934125.1	124692	+	27.285874	0	72.903124	0	0	0
LT934125.1	124707	+	27.285874	0	0	0	0	0
LT934125.1	124725	+	27.285874	0	0	0	0	0
LT934125.1	124736	+	0	0	36.451562	0	0	0
LT934125.1	124737	+	27.285874	0	60.752603	0	0	62.932662
LT934125.1	124738	+	136.429371	0	0	0	0	62.932662
LT934125.1	124740	+	27.285874	0	0	0	14.405745	0
LT934125.1	124751	+	0	0	0	0	39.615799	0
LT934125.1	124752	+	0	0	0	0	39.615799	0
LT934125.1	124753	+	0	0	0	4835.589942	0	0
LT934125.1	124754	+	54.571748	0	24.301041	241.779497	0	0
LT934125.1	124756	+	3956.451745	2271.436684	7399.667076	0	6788.707336	3146.633103
LT934125.1	124757	+	27.285874	0	194.40833	0	21.608618	0
LT934125.1	124758	+	0	0	0	0	18.007181	0
LT934125.1	124759	+	27.285874	0	0	0	0	0
LT934125.1	124761	+	0	0	24.301041	0	14.405745	0
LT934125.1	124782	+	27.285874	0	0	0	0	0
LT934125.1	124823	+	0	0	36.451562	0	0	62.932662
LT934125.1	124827	+	0	0	48.602083	0	0	0
LT934125.1	124841	+	27.285874	0	0	0	0	0
LT934125.1	124842	+	0	0	0	0	0	62.932662
LT934125.1	124868	+	0	0	24.301041	0	0	0
LT934125.1	124941	+	27.285874	0	0	0	0	0
LT934125.1	124952	+	0	0	0	0	14.405745	0
LT934125.1	124976	+	27.285874	0	0	0	0	62.932662
LT934125.1	125007	+	27.285874	0	0	0	0	0
LT934125.1	125027	+	27.285874	0	0	0	0	0
LT934125.1	125099	+	27.285874	0	0	0	0	0
LT934125.1	125106	+	0	0	24.301041	0	0	0
LT934125.1	125107	+	0	0	0	0	18.007181	0
LT934125.1	125122	+	0	0	24.301041	0	0	0
LT934125.1	125133	+	27.285874	0	0	0	0	0
LT934125.1	125141	+	27.285874	0	0	0	0	0
LT934125.1	125142	+	0	0	0	0	0	62.932662
LT934125.1	125152	+	0	0	48.602083	241.779497	0	0
LT934125.1	125153	+	191.001119	0	0	0	140.456014	0
LT934125.1	125154	+	136.429371	567.859171	0	0	97.238779	62.932662
LT934125.1	125155	+	0	0	0	0	18.007181	0
LT934125.1	125183	+	0	0	0	0	0	62.932662
LT934125.1	125194	+	0	0	24.301041	0	0	0
LT934125.1	125197	+	27.285874	567.859171	0	0	0	0
LT934125.1	125219	+	0	0	0	1450.676983	0	0
LT934125.1	125221	+	27.285874	0	48.602083	0	14.405745	0
LT934125.1	125222	+	81.857622	0	0	0	0	62.932662
LT934125.1	125223	+	3001.446151	1135.718342	1287.955189	0	651.859962	1510.383889
LT934125.1	125224	+	27.285874	0	0	241.779497	0	0
LT934125.1	125225	+	5157.030205	6246.45088	2284.297882	4110.251451	1253.299816	3650.094399
LT934125.1	125227	+	382.002237	567.859171	230.859892	483.558994	79.231598	125.865324
LT934125.1	125228	+	27.285874	0	0	0	0	62.932662
LT934125.1	125230	+	27.285874	0	0	0	0	0
LT934125.1	125254	+	27.285874	0	0	0	0	0
LT934125.1	125269	+	27.285874	0	0	0	0	0
LT934125.1	125270	+	27.285874	0	0	0	0	62.932662
LT934125.1	125280	+	0	567.859171	0	0	0	0
LT934125.1	125291	+	27.285874	567.859171	0	0	0	0
LT934125.1	125305	+	0	0	0	0	0	62.932662
LT934125.1	125312	+	27.285874	0	0	0	0	0
LT934125.1	125313	+	0	0	72.903124	241.779497	0	188.797986
LT934125.1	125314	+	218.286993	0	0	0	86.43447	377.595972
LT934125.1	125345	+	0	567.859171	0	0	0	0
LT934125.1	125357	+	0	0	48.602083	0	0	62.932662
LT934125.1	125361	+	27.285874	0	0	0	0	0
LT934125.1	125377	+	27.285874	0	0	0	0	0
LT934125.1	125413	+	54.571748	0	0	0	0	0
LT934125.1	125466	+	54.571748	0	0	0	0	0
LT934125.1	125479	+	0	0	0	0	0	62.932662
LT934125.1	125500	+	27.285874	0	0	0	0	0
LT934125.1	125506	+	54.571748	0	36.451562	0	0	0
LT934125.1	125620	+	27.285874	0	0	0	0	0
LT934125.1	125626	+	27.285874	0	0	0	0	0
LT934125.1	125640	+	0	567.859171	24.301041	0	0	0
LT934125.1	125641	+	54.571748	567.859171	0	0	0	0
LT934125.1	125707	+	0	0	0	483.558994	0	0
LT934125.1	125784	+	27.285874	0	0	0	0	0
LT934125.1	125819	+	27.285874	0	0	0	0	0
LT934125.1	125867	+	27.285874	0	0	0	0	0
LT934125.1	125868	+	54.571748	0	0	0	0	0
LT934125.1	125892	+	0	0	0	0	14.405745	0
LT934125.1	125893	+	54.571748	0	0	0	0	0
LT934125.1	125902	+	81.857622	0	0	0	0	0
LT934125.1	125903	+	0	0	0	0	18.007181	0
LT934125.1	125904	+	0	567.859171	0	0	0	0
LT934125.1	125905	+	0	0	60.752603	0	0	62.932662
LT934125.1	125907	+	0	0	0	0	0	62.932662
LT934125.1	125914	+	54.571748	0	0	0	0	0
LT934125.1	125923	+	27.285874	0	0	0	0	0
LT934125.1	125932	+	27.285874	0	0	0	0	0
LT934125.1	125936	+	54.571748	0	0	0	0	62.932662
LT934125.1	125955	+	27.285874	0	0	0	0	0
LT934125.1	125956	+	0	0	0	0	18.007181	0
LT934125.1	125957	+	218.286993	0	60.752603	0	0	0
LT934125.1	125968	+	0	0	24.301041	0	0	0
LT934125.1	125971	+	0	0	24.301041	0	0	0
LT934125.1	125995	+	0	0	24.301041	0	0	0
LT934125.1	126005	+	0	0	0	241.779497	0	0
LT934125.1	126007	+	0	0	0	241.779497	0	0
LT934125.1	126008	+	54.571748	0	0	0	0	0
LT934125.1	126014	+	27.285874	0	0	0	0	0
LT934125.1	126034	+	0	567.859171	0	0	0	0
LT934125.1	126035	+	27.285874	0	0	0	0	0
LT934125.1	126037	+	27.285874	0	72.903124	0	0	0
LT934125.1	126038	+	0	0	0	0	0	62.932662
LT934125.1	126047	+	27.285874	0	0	0	0	0
LT934125.1	126060	+	27.285874	0	0	0	0	0
LT934125.1	126081	+	27.285874	0	0	0	0	0
LT934125.1	126085	+	0	0	48.602083	0	14.405745	0
LT934125.1	126086	+	81.857622	0	0	0	0	0
LT934125.1	126095	+	0	0	36.451562	0	0	0
LT934125.1	126675	+	27.285874	0	0	0	0	0
LT934125.1	126797	+	0	0	0	241.779497	0	0
LT934125.1	126906	+	0	0	60.752603	0	0	0
LT934125.1	126918	+	0	0	48.602083	0	0	0
LT934125.1	126930	+	0	0	36.451562	0	0	0
LT934125.1	126932	+	54.571748	0	0	0	0	0
LT934125.1	126933	+	0	0	0	0	25.210054	0
LT934125.1	126934	+	0	0	36.451562	0	0	62.932662
LT934125.1	126946	+	27.285874	0	0	0	0	0
LT934125.1	126955	+	0	0	0	0	0	62.932662
LT934125.1	126964	+	27.285874	0	60.752603	0	0	0
LT934125.1	126970	+	27.285874	0	48.602083	0	0	0
LT934125.1	126982	+	54.571748	0	0	0	0	62.932662
LT934125.1	126988	+	272.858741	0	0	0	0	62.932662
LT934125.1	126989	+	0	0	0	0	32.412926	0
LT934125.1	126991	+	0	0	109.354686	0	0	0
LT934125.1	126992	+	27.285874	0	0	0	0	0
LT934125.1	127003	+	27.285874	0	0	0	0	0
LT934125.1	127007	+	27.285874	0	0	0	0	0
LT934125.1	127010	+	0	0	24.301041	0	0	0
LT934125.1	127027	+	0	0	36.451562	0	0	0
LT934125.1	127032	+	27.285874	0	0	0	0	0
LT934125.1	127045	+	0	0	24.301041	0	0	62.932662
LT934125.1	127051	+	0	0	0	0	0	125.865324
LT934125.1	127075	+	0	0	24.301041	0	0	0
LT934125.1	127142	+	27.285874	567.859171	0	0	14.405745	0
LT934125.1	127153	+	0	0	24.301041	0	0	0
LT934125.1	127175	+	0	0	0	0	93.637343	0
LT934125.1	127177	+	382.002237	0	182.25781	483.558994	0	377.595972
LT934125.1	127186	+	27.285874	0	0	0	0	0
LT934125.1	127192	+	54.571748	0	0	0	0	0
LT934125.1	127193	+	27.285874	0	0	0	0	62.932662
LT934125.1	127194	+	27.285874	0	0	0	0	0
LT934125.1	127210	+	27.285874	0	0	0	0	0
LT934125.1	127225	+	27.285874	0	0	241.779497	0	0
LT934125.1	127227	+	0	0	24.301041	0	0	0
LT934125.1	127229	+	0	567.859171	0	0	0	0
LT934125.1	127230	+	0	0	0	0	18.007181	0
LT934125.1	127231	+	27.285874	0	48.602083	0	0	0
LT934125.1	127233	+	0	0	0	0	36.014363	0
LT934125.1	127235	+	163.715245	0	72.903124	241.779497	0	0
LT934125.1	127241	+	0	0	0	0	14.405745	0
LT934125.1	127243	+	0	0	24.301041	0	0	0
LT934125.1	127245	+	27.285874	0	0	0	43.217235	0
LT934125.1	127249	+	81.857622	0	60.752603	0	0	62.932662
LT934125.1	127251	+	0	0	0	0	14.405745	0
LT934125.1	127254	+	81.857622	0	0	0	0	0
LT934125.1	127260	+	136.429371	0	0	0	0	0
LT934125.1	127265	+	27.285874	0	0	0	0	0
LT934125.1	127269	+	27.285874	567.859171	0	0	151.260323	0
LT934125.1	127270	+	982.291468	0	838.385925	241.779497	0	188.797986
LT934125.1	127272	+	27.285874	0	0	0	0	0
LT934125.1	127274	+	27.285874	0	0	0	0	62.932662
LT934125.1	127299	+	0	567.859171	0	0	0	0
LT934125.1	127300	+	27.285874	0	24.301041	0	0	0
LT934125.1	127315	+	27.285874	0	0	0	0	0
LT934125.1	127342	+	27.285874	0	0	0	0	0
LT934125.1	127360	+	27.285874	0	0	0	0	0
LT934125.1	127839	+	27.285874	0	0	0	0	0
LT934125.1	127855	+	0	0	0	0	0	62.932662
LT934125.1	127856	+	0	0	0	241.779497	0	0
LT934125.1	127883	+	0	0	0	0	0	62.932662
LT934125.1	128098	+	27.285874	0	0	0	0	0
LT934125.1	128120	+	27.285874	0	0	0	0	0
LT934125.1	128130	+	27.285874	0	0	0	0	0
LT934125.1	128132	+	27.285874	0	0	0	0	0
LT934125.1	128133	+	0	0	0	0	18.007181	0
LT934125.1	128191	+	0	0	24.301041	0	0	0
LT934125.1	128265	+	27.285874	0	0	0	0	0
LT934125.1	128725	+	0	0	0	0	14.405745	0
LT934125.1	128726	+	27.285874	0	0	0	0	0
LT934125.1	128933	+	0	0	0	0	21.608618	0
LT934125.1	129025	+	0	0	0	0	18.007181	0
LT934125.1	129213	+	0	0	0	0	14.405745	0
LT934125.1	129291	+	0	0	0	0	18.007181	0
LT934125.1	129310	+	0	0	0	0	14.405745	0
LT934125.1	129425	+	27.285874	0	0	0	0	0
LT934125.1	129493	+	0	0	0	0	14.405745	0
LT934125.1	129494	+	0	0	0	0	14.405745	0
LT934125.1	129496	+	27.285874	0	0	0	0	0
LT934125.1	129573	+	0	0	0	0	18.007181	62.932662
LT934125.1	129585	+	0	0	0	0	0	62.932662
LT934125.1	129586	+	0	0	0	0	21.608618	62.932662
LT934125.1	129686	+	27.285874	0	0	0	0	0
LT934125.1	129778	+	0	0	0	0	14.405745	0
LT934125.1	129930	+	0	0	0	0	14.405745	0
LT934125.1	129941	+	0	0	0	0	21.608618	0
LT934125.1	130121	+	27.285874	0	0	0	0	0
LT934125.1	130152	+	27.285874	0	0	0	0	0
LT934125.1	130174	+	27.285874	0	0	0	0	0
LT934125.1	130180	+	0	0	24.301041	0	0	0
LT934125.1	130200	+	0	0	0	0	18.007181	0
LT934125.1	130326	+	27.285874	0	0	0	0	0
LT934125.1	130384	+	0	0	0	241.779497	0	0
LT934125.1	130408	+	27.285874	0	0	0	0	0
LT934125.1	130561	+	54.571748	0	0	0	32.412926	62.932662
LT934125.1	130580	+	0	0	0	0	14.405745	0
LT934125.1	130581	+	0	0	0	0	21.608618	0
LT934125.1	130603	+	27.285874	0	0	0	0	0
LT934125.1	130610	+	0	0	24.301041	0	0	0
LT934125.1	130614	+	54.571748	0	36.451562	241.779497	21.608618	125.865324
LT934125.1	130630	+	0	0	0	0	21.608618	0
LT934125.1	130631	+	27.285874	0	0	0	0	0
LT934125.1	130768	+	27.285874	0	0	0	0	0
LT934125.1	130853	+	0	0	0	0	0	62.932662
LT934125.1	131174	+	0	567.859171	0	0	0	0
LT934125.1	131241	+	27.285874	0	0	0	0	0
LT934125.1	131411	+	0	0	0	241.779497	0	0
LT934125.1	131672	+	0	0	0	0	0	62.932662
LT934125.1	131745	+	0	0	0	0	36.014363	0
LT934125.1	131755	+	0	0	0	241.779497	0	0
LT934125.1	132004	+	27.285874	0	24.301041	0	0	0
LT934125.1	132055	+	0	0	0	241.779497	0	0
LT934125.1	132521	+	0	0	0	0	0	62.932662
LT934125.1	132596	+	0	0	36.451562	0	0	0
LT934125.1	132598	+	0	0	36.451562	0	0	0
LT934125.1	132611	+	0	0	0	0	21.608618	0
LT934125.1	132613	+	27.285874	0	24.301041	0	0	0
LT934125.1	132614	+	27.285874	0	97.204165	241.779497	0	314.66331
LT934125.1	132616	+	0	0	0	0	0	62.932662
LT934125.1	132617	+	0	0	0	0	0	62.932662
LT934125.1	132618	+	0	0	0	0	0	62.932662
LT934125.1	132712	+	0	0	0	0	0	62.932662
LT934125.1	132747	+	27.285874	0	0	0	0	0
LT934125.1	132749	+	0	0	0	0	0	62.932662
LT934125.1	132767	+	0	567.859171	0	0	0	0
LT934125.1	132844	+	27.285874	0	0	0	0	0
LT934125.1	132850	+	54.571748	0	0	0	14.405745	0
LT934125.1	132885	+	0	0	24.301041	0	0	0
LT934125.1	132937	+	0	0	24.301041	0	0	0
LT934125.1	132938	+	0	0	24.301041	241.779497	0	0
LT934125.1	132944	+	27.285874	0	24.301041	0	0	0
LT934125.1	132963	+	0	0	0	241.779497	0	0
LT934125.1	132964	+	27.285874	0	0	0	0	0
LT934125.1	132966	+	27.285874	0	72.903124	0	0	0
LT934125.1	132969	+	27.285874	0	0	0	0	0
LT934125.1	132974	+	0	0	24.301041	0	0	0
LT934125.1	132975	+	0	0	0	0	0	62.932662
LT934125.1	133015	+	0	0	0	0	0	62.932662
LT934125.1	133055	+	27.285874	0	0	0	0	0
LT934125.1	133098	+	27.285874	0	0	0	0	0
LT934125.1	133198	+	27.285874	0	0	0	0	0
LT934125.1	133367	+	27.285874	0	0	0	0	0
LT934125.1	133560	+	27.285874	0	0	0	0	0
LT934125.1	133565	+	0	0	0	0	0	62.932662
LT934125.1	133606	+	27.285874	0	0	0	0	0
LT934125.1	133684	+	27.285874	0	0	0	0	0
LT934125.1	133717	+	27.285874	0	0	0	0	0
LT934125.1	133846	+	27.285874	0	0	0	0	0
LT934125.1	133896	+	27.285874	0	0	0	0	0
LT934125.1	133915	+	27.285874	0	0	0	0	0
LT934125.1	133916	+	0	0	0	0	0	62.932662
LT934125.1	133946	+	27.285874	0	0	0	0	0
LT934125.1	133955	+	0	0	0	0	14.405745	0
LT934125.1	133958	+	0	0	24.301041	0	0	0
LT934125.1	133968	+	0	0	0	0	0	62.932662
LT934125.1	133984	+	0	0	36.451562	0	0	0
LT934125.1	133996	+	27.285874	0	0	0	0	0
LT934125.1	134015	+	27.285874	0	0	0	0	0
LT934125.1	134081	+	27.285874	0	0	0	0	0
LT934125.1	134084	+	0	0	0	0	14.405745	0
LT934125.1	134095	+	27.285874	0	0	0	0	0
LT934125.1	134104	+	27.285874	0	0	0	0	0
LT934125.1	134138	+	27.285874	0	0	0	0	0
LT934125.1	134156	+	27.285874	0	0	0	0	0
LT934125.1	134217	+	27.285874	0	0	0	0	0
LT934125.1	134248	+	27.285874	0	24.301041	0	0	0
LT934125.1	134256	+	27.285874	0	0	0	0	0
LT934125.1	134274	+	27.285874	0	0	0	0	0
LT934125.1	134340	+	0	0	24.301041	0	0	0
LT934125.1	134343	+	27.285874	0	0	0	0	0
LT934125.1	134979	+	27.285874	0	0	0	0	0
LT934125.1	135001	+	0	0	48.602083	0	0	0
LT934125.1	135002	+	27.285874	0	0	0	18.007181	0
LT934125.1	135172	+	27.285874	0	0	0	0	0
LT934125.1	135208	+	27.285874	0	0	0	0	0
LT934125.1	135236	+	27.285874	0	0	0	0	0
LT934125.1	135237	+	0	0	48.602083	0	0	0
LT934125.1	135238	+	27.285874	0	0	0	14.405745	0
LT934125.1	135245	+	0	0	36.451562	0	0	0
LT934125.1	135246	+	27.285874	0	24.301041	0	0	0
LT934125.1	135247	+	27.285874	567.859171	0	0	0	0
LT934125.1	135255	+	0	0	48.602083	0	0	0
LT934125.1	135263	+	0	0	60.752603	0	0	0
LT934125.1	135266	+	0	0	36.451562	0	0	0
LT934125.1	135267	+	0	0	182.25781	0	0	0
LT934125.1	135268	+	163.715245	0	291.612496	0	129.651705	0
LT934125.1	135269	+	163.715245	0	218.709372	241.779497	136.854578	0
LT934125.1	135270	+	81.857622	0	0	0	118.847396	62.932662
LT934125.1	135276	+	0	0	97.204165	0	0	0
LT934125.1	135277	+	27.285874	0	60.752603	0	39.615799	0
LT934125.1	135278	+	27.285874	0	109.354686	0	14.405745	0
LT934125.1	135279	+	109.143496	567.859171	0	0	140.456014	0
LT934125.1	135285	+	27.285874	0	0	0	14.405745	0
LT934125.1	135286	+	0	0	72.903124	0	0	0
LT934125.1	135287	+	27.285874	0	0	0	61.224416	0
LT934125.1	135291	+	0	0	0	0	46.818671	0
LT934125.1	135292	+	27.285874	0	48.602083	0	0	62.932662
LT934125.1	135293	+	0	0	0	0	32.412926	0
LT934125.1	135294	+	27.285874	0	0	0	0	0
LT934125.1	135296	+	0	0	72.903124	0	14.405745	0
LT934125.1	135297	+	81.857622	0	0	0	0	0
LT934125.1	135298	+	0	0	24.301041	0	32.412926	0
LT934125.1	135303	+	0	0	0	0	18.007181	0
LT934125.1	135304	+	0	0	24.301041	0	14.405745	0
LT934125.1	135305	+	81.857622	0	72.903124	0	14.405745	0
LT934125.1	135306	+	136.429371	0	0	0	72.028725	0
LT934125.1	135308	+	54.571748	0	36.451562	0	0	62.932662
LT934125.1	135309	+	54.571748	0	0	483.558994	39.615799	0
LT934125.1	135310	+	0	567.859171	0	0	475.389585	0
LT934125.1	135311	+	163.715245	0	692.579677	483.558994	0	62.932662
LT934125.1	135312	+	0	0	0	0	100.840215	125.865324
LT934125.1	135313	+	109.143496	0	0	0	0	0
LT934125.1	135314	+	27.285874	0	109.354686	0	82.833034	0
LT934125.1	135316	+	0	0	85.053645	0	32.412926	0
LT934125.1	135323	+	54.571748	0	36.451562	0	36.014363	0
LT934125.1	135330	+	0	0	0	0	86.43447	0
LT934125.1	135333	+	136.429371	0	109.354686	0	0	0
LT934125.1	135335	+	0	0	85.053645	0	21.608618	0
LT934125.1	135342	+	54.571748	0	0	0	0	0
LT934125.1	135349	+	0	0	0	0	82.833034	0
LT934125.1	135414	+	27.285874	0	0	0	0	0
LT934125.1	135552	+	0	0	0	0	0	62.932662
LT934125.1	135671	+	0	0	0	0	18.007181	0
LT934125.1	135673	+	54.571748	0	0	0	25.210054	0
LT934125.1	135773	+	0	0	0	0	0	62.932662
LT934125.1	135856	+	0	0	0	0	0	62.932662
LT934125.1	135883	+	54.571748	0	36.451562	0	18.007181	0
LT934125.1	135986	+	0	0	0	0	0	62.932662
LT934125.1	136067	+	0	567.859171	0	0	0	0
LT934125.1	136068	+	27.285874	0	0	0	0	0
LT934125.1	136087	+	0	0	0	0	0	62.932662
LT934125.1	136153	+	0	0	24.301041	0	0	125.865324
LT934125.1	136156	+	27.285874	0	36.451562	0	18.007181	62.932662
LT934125.1	136158	+	1555.294824	2271.436684	1433.761437	1692.45648	1238.894071	1510.383889
LT934125.1	136161	+	0	0	0	241.779497	0	0
LT934125.1	136203	+	27.285874	0	0	0	0	0
LT934125.1	136227	+	27.285874	0	36.451562	0	0	0
LT934125.1	136255	+	0	0	0	0	14.405745	0
LT934125.1	136256	+	27.285874	0	36.451562	241.779497	0	0
LT934125.1	136291	+	0	0	0	0	0	62.932662
LT934125.1	136292	+	27.285874	0	0	0	0	0
LT934125.1	136312	+	0	0	0	0	0	62.932662
LT934125.1	136316	+	0	0	0	241.779497	0	125.865324
LT934125.1	136335	+	0	0	24.301041	0	0	188.797986
LT934125.1	136337	+	0	0	0	0	25.210054	62.932662
LT934125.1	136338	+	0	567.859171	0	0	18.007181	0
LT934125.1	136339	+	0	0	24.301041	0	0	440.528634
LT934125.1	136341	+	0	0	0	0	0	62.932662
LT934125.1	136342	+	27.285874	0	0	0	0	0
LT934125.1	136344	+	0	0	0	0	25.210054	0
LT934125.1	136345	+	682.146853	0	109.354686	241.779497	61.224416	503.461296
LT934125.1	136346	+	0	0	24.301041	0	0	62.932662
LT934125.1	136347	+	109.143496	0	36.451562	0	0	0
LT934125.1	136348	+	54.571748	0	704.730198	1934.235977	432.17235	4908.74764
LT934125.1	136349	+	0	0	97.204165	483.558994	0	0
LT934125.1	136351	+	0	0	36.451562	0	39.615799	377.595972
LT934125.1	136352	+	0	567.859171	0	0	0	0
LT934125.1	136378	+	0	0	0	0	0	62.932662
LT934125.1	136429	+	0	0	0	0	25.210054	0
LT934125.1	136433	+	27.285874	0	0	0	0	0
LT934125.1	136456	+	27.285874	0	0	0	0	0
LT934125.1	136508	+	27.285874	0	0	0	0	0
LT934125.1	136618	+	0	0	0	0	0	62.932662
LT934125.1	136650	+	0	0	24.301041	0	0	0
LT934125.1	136668	+	0	0	0	0	0	62.932662
LT934125.1	136711	+	27.285874	0	0	0	0	0
LT934125.1	136749	+	0	0	0	0	0	62.932662
LT934125.1	136780	+	27.285874	0	0	0	0	62.932662
LT934125.1	136805	+	0	0	0	0	0	62.932662
LT934125.1	137012	+	27.285874	0	0	0	0	0
LT934125.1	137015	+	0	0	0	0	0	62.932662
LT934125.1	137026	+	0	0	0	0	0	62.932662
LT934125.1	137111	+	0	0	0	0	0	62.932662
LT934125.1	137116	+	27.285874	0	0	0	0	0
LT934125.1	137167	+	27.285874	0	24.301041	0	0	0
LT934125.1	137186	+	81.857622	0	0	0	0	62.932662
LT934125.1	137251	+	0	0	0	0	14.405745	0
LT934125.1	137252	+	0	0	36.451562	0	0	0
LT934125.1	137281	+	27.285874	0	0	0	0	0
LT934125.1	137488	+	27.285874	0	0	0	0	0
LT934125.1	137655	+	0	0	24.301041	0	0	0
LT934125.1	137770	+	27.285874	0	0	0	0	0
LT934125.1	137936	+	0	0	0	0	0	62.932662
LT934125.1	137948	+	0	0	0	0	0	62.932662
LT934125.1	137965	+	0	0	0	0	0	62.932662
LT934125.1	138021	+	0	0	0	0	0	62.932662
LT934125.1	138040	+	27.285874	0	0	0	0	0
LT934125.1	138076	+	0	0	0	241.779497	0	0
LT934125.1	138637	+	0	0	24.301041	0	0	0
LT934125.1	139175	+	27.285874	0	0	0	0	0
LT934125.1	139450	+	0	0	0	0	0	62.932662
LT934125.1	139799	+	27.285874	0	0	0	0	0
LT934125.1	139843	+	0	0	0	0	0	62.932662
LT934125.1	139979	+	0	0	0	0	14.405745	0
LT934125.1	139981	+	0	0	0	0	0	62.932662
LT934125.1	139982	+	0	0	24.301041	0	0	0
LT934125.1	140316	+	0	0	0	0	0	62.932662
LT934125.1	140967	+	27.285874	0	0	0	0	0
LT934125.1	141034	+	0	0	36.451562	0	0	0
LT934125.1	141051	+	0	0	0	0	0	314.66331
LT934125.1	141052	+	0	0	24.301041	0	0	0
LT934125.1	141056	+	0	0	0	0	0	62.932662
LT934125.1	141057	+	0	0	0	0	0	62.932662
LT934125.1	141059	+	0	0	0	0	0	62.932662
LT934125.1	141062	+	0	0	0	0	0	188.797986
LT934125.1	141065	+	0	0	0	0	0	62.932662
LT934125.1	141068	+	0	0	0	241.779497	0	0
LT934125.1	141072	+	0	0	0	0	0	62.932662
LT934125.1	141074	+	0	567.859171	0	0	0	62.932662
LT934125.1	141086	+	0	0	0	241.779497	0	0
LT934125.1	141091	+	27.285874	0	0	0	0	0
LT934125.1	141260	+	27.285874	0	0	0	0	0
LT934125.1	141340	+	0	0	0	0	14.405745	0
LT934125.1	141473	+	27.285874	0	0	0	0	0
LT934125.1	141490	+	0	0	0	0	14.405745	0
LT934125.1	141495	+	0	0	0	0	0	62.932662
LT934125.1	141497	+	54.571748	0	0	0	0	0
LT934125.1	141498	+	0	0	0	0	14.405745	0
LT934125.1	141515	+	0	0	0	0	14.405745	0
LT934125.1	141543	+	0	0	0	0	0	62.932662
LT934125.1	141545	+	54.571748	0	0	0	0	0
LT934125.1	141546	+	0	0	0	0	14.405745	0
LT934125.1	141612	+	27.285874	0	0	0	0	0
LT934125.1	141678	+	0	0	0	0	18.007181	0
LT934125.1	141720	+	0	0	0	0	0	62.932662
LT934125.1	141747	+	27.285874	0	0	0	0	0
LT934125.1	141824	+	0	0	0	0	21.608618	0
LT934125.1	141935	+	27.285874	0	36.451562	0	115.24596	0
LT934125.1	141938	+	27.285874	0	24.301041	0	64.825853	0
LT934125.1	142268	+	0	0	24.301041	0	0	0
LT934125.1	142310	+	27.285874	0	0	0	0	0
LT934125.1	142327	+	27.285874	0	0	0	0	0
LT934125.1	142393	+	27.285874	0	0	0	0	0
LT934125.1	142477	+	0	0	0	0	90.035906	0
LT934125.1	142480	+	0	0	0	0	18.007181	0
LT934125.1	142518	+	0	0	0	0	25.210054	0
LT934125.1	142520	+	0	0	0	0	14.405745	0
LT934125.1	142608	+	0	0	0	0	14.405745	0
LT934125.1	142765	+	27.285874	0	0	0	0	0
LT934125.1	97	-	0	0	0	0	50.420108	0
LT934125.1	480	-	27.285874	0	0	0	0	0
LT934125.1	1344	-	27.285874	0	0	0	0	0
LT934125.1	1842	-	0	0	0	241.779497	0	0
LT934125.1	2210	-	27.285874	0	0	0	0	0
LT934125.1	2245	-	0	0	0	241.779497	0	0
LT934125.1	2466	-	27.285874	0	0	0	0	0
LT934125.1	2626	-	27.285874	0	0	0	0	0
LT934125.1	2761	-	163.715245	0	0	0	0	0
LT934125.1	2762	-	0	0	0	0	115.24596	0
LT934125.1	2973	-	27.285874	0	0	0	0	0
LT934125.1	3074	-	27.285874	0	0	0	0	0
LT934125.1	3120	-	27.285874	0	0	0	0	0
LT934125.1	3139	-	27.285874	0	0	0	0	0
LT934125.1	3196	-	27.285874	0	0	0	0	0
LT934125.1	3214	-	27.285874	0	0	0	0	125.865324
LT934125.1	3216	-	0	0	36.451562	0	0	0
LT934125.1	3218	-	0	0	0	0	0	62.932662
LT934125.1	3237	-	27.285874	0	0	0	0	0
LT934125.1	3252	-	0	0	24.301041	0	0	0
LT934125.1	3273	-	0	0	0	0	0	62.932662
LT934125.1	3274	-	0	0	0	0	0	62.932662
LT934125.1	3286	-	0	0	0	0	0	62.932662
LT934125.1	3345	-	0	0	0	0	0	62.932662
LT934125.1	3349	-	27.285874	0	0	0	0	0
LT934125.1	3350	-	27.285874	0	0	0	0	0
LT934125.1	3351	-	81.857622	0	48.602083	0	14.405745	0
LT934125.1	3353	-	0	0	0	0	0	125.865324
LT934125.1	3366	-	0	0	0	0	0	62.932662
LT934125.1	3370	-	0	0	0	241.779497	0	0
LT934125.1	3388	-	27.285874	0	0	0	0	0
LT934125.1	3398	-	27.285874	0	24.301041	0	0	62.932662
LT934125.1	3406	-	0	0	0	241.779497	0	0
LT934125.1	3421	-	27.285874	0	0	0	0	0
LT934125.1	3506	-	0	0	36.451562	0	0	0
LT934125.1	3509	-	0	0	0	0	0	62.932662
LT934125.1	3511	-	0	0	0	0	0	62.932662
LT934125.1	3689	-	27.285874	0	0	0	0	0
LT934125.1	3693	-	0	567.859171	0	0	0	0
LT934125.1	3701	-	0	567.859171	0	1450.676983	0	0
LT934125.1	3756	-	27.285874	0	0	0	0	0
LT934125.1	3885	-	27.285874	0	0	0	0	0
LT934125.1	3910	-	136.429371	0	0	241.779497	147.658886	943.989931
LT934125.1	3913	-	0	0	194.40833	0	0	0
LT934125.1	3942	-	0	0	0	0	0	62.932662
LT934125.1	4010	-	0	0	0	0	0	62.932662
LT934125.1	4011	-	27.285874	0	0	0	0	0
LT934125.1	4038	-	27.285874	0	0	0	0	0
LT934125.1	4084	-	27.285874	0	0	0	0	0
LT934125.1	4134	-	27.285874	0	0	0	0	0
LT934125.1	4213	-	0	0	0	241.779497	0	0
LT934125.1	4416	-	27.285874	0	0	0	0	0
LT934125.1	4458	-	0	0	24.301041	0	0	0
LT934125.1	4542	-	27.285874	0	0	0	0	0
LT934125.1	4656	-	27.285874	0	0	0	0	0
LT934125.1	4658	-	27.285874	0	0	0	0	0
LT934125.1	4687	-	27.285874	0	0	0	0	0
LT934125.1	4727	-	0	567.859171	0	0	0	0
LT934125.1	4734	-	54.571748	0	0	0	0	0
LT934125.1	4826	-	27.285874	0	0	0	18.007181	62.932662
LT934125.1	4830	-	27.285874	0	24.301041	0	0	62.932662
LT934125.1	4848	-	27.285874	0	0	0	0	125.865324
LT934125.1	4889	-	27.285874	0	0	0	0	0
LT934125.1	4906	-	0	0	24.301041	0	0	0
LT934125.1	4907	-	0	0	0	241.779497	0	0
LT934125.1	4924	-	54.571748	0	24.301041	0	18.007181	125.865324
LT934125.1	4925	-	709.432727	0	206.558851	967.117988	190.876121	943.989931
LT934125.1	4926	-	136.429371	567.859171	85.053645	725.338491	151.260323	377.595972
LT934125.1	4927	-	0	567.859171	0	0	0	0
LT934125.1	4928	-	27.285874	1135.718342	60.752603	0	0	0
LT934125.1	4991	-	0	0	0	0	0	62.932662
LT934125.1	5119	-	27.285874	0	0	0	0	0
LT934125.1	5151	-	27.285874	0	0	0	0	0
LT934125.1	5267	-	0	567.859171	24.301041	0	0	0
LT934125.1	5318	-	27.285874	0	0	0	0	0
LT934125.1	5461	-	27.285874	0	0	0	0	0
LT934125.1	5496	-	0	567.859171	0	0	0	0
LT934125.1	5699	-	0	0	0	241.779497	0	0
LT934125.1	6201	-	27.285874	0	0	0	0	0
LT934125.1	7129	-	0	567.859171	0	0	0	0
LT934125.1	7270	-	0	0	0	0	0	62.932662
LT934125.1	7534	-	0	0	0	241.779497	0	0
LT934125.1	7566	-	0	0	0	0	0	62.932662
LT934125.1	7568	-	0	0	24.301041	483.558994	0	125.865324
LT934125.1	7716	-	0	0	0	241.779497	0	0
LT934125.1	7718	-	54.571748	0	0	0	0	0
LT934125.1	7721	-	0	0	0	0	0	125.865324
LT934125.1	7758	-	54.571748	567.859171	24.301041	0	0	188.797986
LT934125.1	7761	-	0	0	0	0	18.007181	0
LT934125.1	8189	-	27.285874	567.859171	36.451562	0	0	62.932662
LT934125.1	8210	-	0	0	0	0	0	62.932662
LT934125.1	8781	-	0	0	0	0	0	62.932662
LT934125.1	8790	-	27.285874	0	0	0	0	0
LT934125.1	8851	-	27.285874	0	0	0	0	0
LT934125.1	8885	-	0	0	0	241.779497	0	0
LT934125.1	8901	-	0	0	0	0	0	62.932662
LT934125.1	8965	-	27.285874	0	0	0	0	0
LT934125.1	8996	-	27.285874	0	0	0	0	0
LT934125.1	8997	-	0	0	48.602083	0	0	0
LT934125.1	9054	-	54.571748	0	24.301041	241.779497	0	0
LT934125.1	9058	-	81.857622	567.859171	72.903124	0	72.028725	0
LT934125.1	9086	-	27.285874	0	0	0	0	0
LT934125.1	9093	-	0	567.859171	0	0	0	0
LT934125.1	9095	-	0	0	0	0	0	62.932662
LT934125.1	9173	-	0	0	0	0	0	188.797986
LT934125.1	9214	-	81.857622	0	60.752603	241.779497	151.260323	251.730648
LT934125.1	9217	-	0	0	24.301041	0	14.405745	0
LT934125.1	9251	-	0	0	0	0	0	125.865324
LT934125.1	9281	-	27.285874	0	0	0	0	62.932662
LT934125.1	9370	-	0	0	24.301041	0	0	0
LT934125.1	9454	-	0	0	36.451562	0	0	0
LT934125.1	9487	-	0	0	0	0	0	62.932662
LT934125.1	9489	-	0	0	0	0	0	125.865324
LT934125.1	9491	-	0	0	0	0	0	62.932662
LT934125.1	9494	-	709.432727	3975.014196	1688.92237	3143.133462	558.222619	5726.872247
LT934125.1	9495	-	54.571748	0	182.25781	483.558994	36.014363	1699.181875
LT934125.1	9497	-	54.571748	0	0	0	0	0
LT934125.1	9498	-	54.571748	567.859171	72.903124	241.779497	154.861759	440.528634
LT934125.1	9499	-	0	0	0	483.558994	0	0
LT934125.1	9500	-	0	0	218.709372	0	0	0
LT934125.1	9501	-	0	0	0	0	0	62.932662
LT934125.1	9527	-	0	0	24.301041	241.779497	0	0
LT934125.1	9530	-	0	0	24.301041	0	0	62.932662
LT934125.1	9533	-	0	0	0	0	0	62.932662
LT934125.1	9534	-	0	567.859171	0	0	0	188.797986
LT934125.1	9564	-	27.285874	0	0	0	0	0
LT934125.1	9587	-	27.285874	0	0	0	0	0
LT934125.1	9588	-	27.285874	0	0	0	0	0
LT934125.1	9590	-	0	0	48.602083	0	46.818671	0
LT934125.1	9591	-	0	0	24.301041	0	0	0
LT934125.1	9594	-	0	0	0	241.779497	0	0
LT934125.1	9599	-	54.571748	0	0	0	0	0
LT934125.1	9665	-	27.285874	0	0	0	0	0
LT934125.1	9800	-	0	0	0	0	21.608618	0
LT934125.1	9801	-	0	0	0	0	14.405745	0
LT934125.1	9816	-	27.285874	0	0	0	0	0
LT934125.1	9878	-	27.285874	0	0	0	0	0
LT934125.1	9883	-	27.285874	0	0	0	0	0
LT934125.1	9918	-	0	0	0	0	0	62.932662
LT934125.1	9920	-	0	0	0	0	25.210054	0
LT934125.1	9958	-	27.285874	0	0	0	0	0
LT934125.1	10034	-	27.285874	0	0	0	0	0
LT934125.1	10054	-	27.285874	0	0	0	0	0
LT934125.1	10205	-	27.285874	0	0	0	0	0
LT934125.1	10286	-	27.285874	0	0	0	0	0
LT934125.1	10413	-	27.285874	0	0	0	0	0
LT934125.1	10456	-	27.285874	0	0	0	0	0
LT934125.1	10558	-	27.285874	0	0	0	0	0
LT934125.1	11336	-	0	0	0	0	0	62.932662
LT934125.1	11485	-	27.285874	0	0	0	0	0
LT934125.1	11513	-	27.285874	0	0	0	0	0
LT934125.1	11697	-	27.285874	0	0	0	0	0
LT934125.1	11746	-	0	0	0	0	0	62.932662
LT934125.1	11997	-	54.571748	0	0	0	0	0
LT934125.1	12025	-	0	0	0	0	14.405745	0
LT934125.1	12042	-	54.571748	0	36.451562	0	0	0
LT934125.1	12044	-	0	0	0	0	68.427289	0
LT934125.1	12051	-	0	0	0	0	50.420108	0
LT934125.1	12052	-	81.857622	0	0	0	0	0
LT934125.1	12053	-	0	0	0	0	39.615799	0
LT934125.1	12054	-	27.285874	0	0	0	0	0
LT934125.1	12056	-	0	0	0	0	241.296229	0
LT934125.1	12061	-	0	0	0	0	14.405745	0
LT934125.1	12105	-	0	0	0	0	0	62.932662
LT934125.1	12106	-	0	0	0	0	14.405745	0
LT934125.1	12112	-	27.285874	0	0	0	0	0
LT934125.1	12116	-	0	0	72.903124	0	0	0
LT934125.1	12123	-	0	0	24.301041	0	0	0
LT934125.1	12145	-	0	0	0	0	36.014363	0
LT934125.1	12146	-	27.285874	0	0	0	0	0
LT934125.1	12147	-	27.285874	0	0	0	0	0
LT934125.1	12158	-	27.285874	0	24.301041	0	0	0
LT934125.1	12159	-	0	0	0	0	21.608618	0
LT934125.1	12167	-	0	0	24.301041	0	0	0
LT934125.1	12169	-	0	0	0	0	14.405745	0
LT934125.1	12189	-	27.285874	0	24.301041	0	0	0
LT934125.1	12248	-	0	0	0	0	14.405745	0
LT934125.1	12255	-	27.285874	0	0	0	0	0
LT934125.1	12268	-	27.285874	0	0	0	0	0
LT934125.1	12275	-	0	0	24.301041	0	0	0
LT934125.1	12366	-	0	0	24.301041	0	0	0
LT934125.1	12444	-	0	0	24.301041	0	0	0
LT934125.1	13997	-	0	0	0	0	50.420108	0
LT934125.1	14095	-	27.285874	0	0	0	0	0
LT934125.1	14706	-	0	0	0	241.779497	0	0
LT934125.1	14975	-	27.285874	0	0	0	0	0
LT934125.1	15024	-	27.285874	0	0	0	0	0
LT934125.1	15436	-	27.285874	0	0	0	0	0
LT934125.1	15458	-	27.285874	0	0	0	0	0
LT934125.1	15460	-	27.285874	0	0	0	0	0
LT934125.1	15627	-	27.285874	0	0	0	0	0
LT934125.1	15678	-	27.285874	0	0	0	0	0
LT934125.1	15830	-	27.285874	0	0	0	0	0
LT934125.1	15848	-	27.285874	0	0	0	0	0
LT934125.1	15850	-	27.285874	0	0	0	0	0
LT934125.1	15988	-	54.571748	0	0	0	0	0
LT934125.1	16123	-	27.285874	0	0	0	0	0
LT934125.1	16171	-	0	0	0	0	14.405745	0
LT934125.1	16779	-	27.285874	0	0	0	0	0
LT934125.1	16810	-	27.285874	0	0	0	0	0
LT934125.1	16811	-	0	0	48.602083	0	0	0
LT934125.1	16818	-	27.285874	0	0	0	0	0
LT934125.1	16831	-	27.285874	0	0	0	0	0
LT934125.1	16853	-	54.571748	0	0	0	0	0
LT934125.1	16871	-	27.285874	0	0	0	0	0
LT934125.1	16876	-	27.285874	0	0	0	0	0
LT934125.1	16880	-	27.285874	0	0	0	0	0
LT934125.1	16893	-	54.571748	0	0	0	0	0
LT934125.1	16908	-	27.285874	0	0	0	0	0
LT934125.1	16914	-	27.285874	0	0	0	0	0
LT934125.1	16933	-	27.285874	0	0	0	0	0
LT934125.1	16936	-	0	0	0	0	0	62.932662
LT934125.1	16948	-	54.571748	0	0	0	0	0
LT934125.1	16959	-	27.285874	0	0	0	0	0
LT934125.1	16970	-	27.285874	0	0	0	0	0
LT934125.1	16991	-	27.285874	0	0	0	0	0
LT934125.1	17013	-	0	567.859171	0	0	0	0
LT934125.1	17018	-	27.285874	0	0	0	0	0
LT934125.1	17023	-	27.285874	0	0	0	0	0
LT934125.1	17025	-	27.285874	0	0	0	0	0
LT934125.1	17032	-	81.857622	0	24.301041	0	0	0
LT934125.1	17061	-	0	567.859171	0	0	0	0
LT934125.1	17063	-	27.285874	0	0	0	0	0
LT934125.1	17068	-	27.285874	0	0	0	0	0
LT934125.1	17089	-	27.285874	0	36.451562	0	0	62.932662
LT934125.1	17108	-	27.285874	0	0	0	0	0
LT934125.1	17109	-	27.285874	0	0	0	0	0
LT934125.1	17116	-	54.571748	0	0	0	0	0
LT934125.1	17118	-	0	0	24.301041	0	0	0
LT934125.1	17128	-	0	0	0	0	18.007181	0
LT934125.1	17131	-	27.285874	0	0	0	0	0
LT934125.1	17159	-	54.571748	0	48.602083	0	0	0
LT934125.1	17165	-	27.285874	0	0	0	0	0
LT934125.1	17168	-	27.285874	0	0	0	0	0
LT934125.1	17169	-	27.285874	0	0	0	0	0
LT934125.1	17178	-	54.571748	0	0	0	0	0
LT934125.1	17186	-	27.285874	0	0	0	0	0
LT934125.1	17197	-	27.285874	0	0	0	0	0
LT934125.1	17205	-	27.285874	0	0	0	0	0
LT934125.1	17221	-	27.285874	0	0	0	0	0
LT934125.1	17222	-	27.285874	0	0	0	0	0
LT934125.1	17242	-	27.285874	0	0	0	0	0
LT934125.1	17248	-	27.285874	0	0	0	0	0
LT934125.1	17254	-	81.857622	0	0	0	0	0
LT934125.1	17256	-	27.285874	0	0	0	0	0
LT934125.1	17257	-	0	0	24.301041	0	0	0
LT934125.1	17261	-	0	0	0	241.779497	0	0
LT934125.1	17287	-	27.285874	0	0	0	0	0
LT934125.1	17289	-	54.571748	0	0	0	0	62.932662
LT934125.1	17309	-	27.285874	0	0	0	0	0
LT934125.1	17331	-	0	0	0	0	0	62.932662
LT934125.1	17341	-	900.433845	567.859171	255.160934	1208.897485	165.666068	0
LT934125.1	17343	-	54.571748	0	36.451562	0	0	62.932662
LT934125.1	17350	-	27.285874	0	0	0	0	0
LT934125.1	17355	-	0	0	0	0	32.412926	0
LT934125.1	17356	-	245.572867	0	60.752603	0	0	0
LT934125.1	17357	-	0	0	0	0	43.217235	0
LT934125.1	17358	-	54.571748	0	0	0	0	0
LT934125.1	17359	-	0	0	0	0	0	62.932662
LT934125.1	17360	-	27.285874	0	0	0	0	0
LT934125.1	17361	-	81.857622	0	0	0	0	0
LT934125.1	17369	-	27.285874	0	0	0	0	0
LT934125.1	17376	-	245.572867	0	24.301041	483.558994	0	188.797986
LT934125.1	17377	-	0	0	0	0	21.608618	0
LT934125.1	17434	-	54.571748	0	0	0	0	0
LT934125.1	17448	-	54.571748	0	0	0	0	0
LT934125.1	17449	-	54.571748	0	0	0	0	0
LT934125.1	17452	-	0	0	0	241.779497	0	62.932662
LT934125.1	17453	-	0	0	0	0	0	62.932662
LT934125.1	17458	-	136.429371	0	24.301041	241.779497	0	0
LT934125.1	17460	-	54.571748	0	0	0	0	0
LT934125.1	17461	-	0	0	24.301041	0	0	0
LT934125.1	17467	-	27.285874	0	0	0	0	0
LT934125.1	17472	-	0	567.859171	0	241.779497	0	0
LT934125.1	17474	-	0	0	0	0	0	62.932662
LT934125.1	17476	-	0	0	0	0	0	62.932662
LT934125.1	17503	-	27.285874	0	0	0	0	0
LT934125.1	17506	-	54.571748	0	0	0	0	0
LT934125.1	17509	-	54.571748	0	36.451562	0	0	125.865324
LT934125.1	17510	-	0	0	0	0	28.81149	0
LT934125.1	17511	-	0	0	36.451562	0	0	0
LT934125.1	17512	-	0	0	0	0	14.405745	0
LT934125.1	17522	-	27.285874	0	0	0	0	0
LT934125.1	17526	-	0	0	0	0	0	62.932662
LT934125.1	17530	-	27.285874	0	0	0	0	0
LT934125.1	17535	-	27.285874	0	0	0	0	62.932662
LT934125.1	17537	-	27.285874	0	0	0	0	0
LT934125.1	17538	-	27.285874	0	0	0	0	0
LT934125.1	17540	-	27.285874	0	24.301041	0	0	0
LT934125.1	17548	-	81.857622	0	48.602083	0	0	0
LT934125.1	17549	-	0	0	0	0	21.608618	0
LT934125.1	17556	-	27.285874	0	0	0	0	0
LT934125.1	17557	-	0	567.859171	0	0	0	0
LT934125.1	17566	-	0	0	24.301041	0	0	0
LT934125.1	17587	-	54.571748	0	36.451562	241.779497	0	0
LT934125.1	17588	-	0	0	0	0	14.405745	0
LT934125.1	17603	-	81.857622	0	0	0	0	0
LT934125.1	17616	-	0	0	0	0	0	62.932662
LT934125.1	17626	-	0	0	0	0	0	62.932662
LT934125.1	17665	-	27.285874	0	0	241.779497	0	0
LT934125.1	17683	-	27.285874	0	0	0	0	0
LT934125.1	17737	-	27.285874	0	0	0	0	0
LT934125.1	17738	-	0	0	0	241.779497	0	0
LT934125.1	17766	-	27.285874	0	0	0	0	0
LT934125.1	17774	-	27.285874	0	0	0	0	0
LT934125.1	17782	-	0	0	0	0	0	62.932662
LT934125.1	17783	-	0	0	36.451562	0	0	62.932662
LT934125.1	17784	-	0	567.859171	0	0	0	0
LT934125.1	17792	-	27.285874	0	0	0	0	0
LT934125.1	17811	-	81.857622	0	0	0	0	0
LT934125.1	17812	-	27.285874	0	0	0	0	0
LT934125.1	17815	-	27.285874	0	0	0	0	0
LT934125.1	17818	-	54.571748	0	0	0	0	0
LT934125.1	17843	-	0	0	0	0	14.405745	62.932662
LT934125.1	17845	-	0	567.859171	0	0	14.405745	125.865324
LT934125.1	17846	-	27.285874	0	0	0	0	62.932662
LT934125.1	17848	-	81.857622	0	0	0	0	0
LT934125.1	17849	-	27.285874	0	0	0	0	0
LT934125.1	17925	-	0	0	0	0	0	62.932662
LT934125.1	17969	-	27.285874	0	0	0	0	0
LT934125.1	17978	-	0	0	0	241.779497	25.210054	62.932662
LT934125.1	17991	-	27.285874	0	0	0	0	0
LT934125.1	17992	-	0	0	0	0	14.405745	0
LT934125.1	17995	-	27.285874	0	0	0	0	0
LT934125.1	18010	-	81.857622	0	0	0	21.608618	0
LT934125.1	18022	-	27.285874	0	0	0	0	0
LT934125.1	18107	-	0	0	0	0	0	62.932662
LT934125.1	18202	-	27.285874	0	0	0	0	0
LT934125.1	18217	-	0	0	0	0	0	62.932662
LT934125.1	18420	-	0	0	0	241.779497	0	0
LT934125.1	18583	-	27.285874	0	0	0	0	0
LT934125.1	18594	-	0	0	0	0	0	62.932662
LT934125.1	18601	-	54.571748	0	0	0	0	0
LT934125.1	18624	-	27.285874	0	0	0	0	0
LT934125.1	18638	-	27.285874	0	0	0	0	0
LT934125.1	18640	-	27.285874	0	0	0	0	0
LT934125.1	18643	-	0	0	0	0	0	62.932662
LT934125.1	18663	-	0	0	24.301041	0	0	125.865324
LT934125.1	18705	-	0	0	0	0	25.210054	0
LT934125.1	18706	-	54.571748	0	0	0	0	0
LT934125.1	18720	-	0	0	0	0	0	62.932662
LT934125.1	18724	-	54.571748	0	48.602083	0	0	0
LT934125.1	18725	-	0	0	0	0	18.007181	0
LT934125.1	18726	-	27.285874	0	0	0	0	0
LT934125.1	18739	-	27.285874	0	24.301041	0	0	0
LT934125.1	18743	-	0	0	24.301041	0	0	0
LT934125.1	18751	-	27.285874	0	0	0	0	0
LT934125.1	18753	-	0	0	0	0	0	62.932662
LT934125.1	18757	-	27.285874	0	0	0	0	0
LT934125.1	18771	-	27.285874	0	0	0	0	0
LT934125.1	18793	-	27.285874	0	0	0	0	0
LT934125.1	18813	-	0	0	0	0	36.014363	0
LT934125.1	18815	-	0	0	0	0	0	62.932662
LT934125.1	18856	-	27.285874	0	0	0	0	0
LT934125.1	18859	-	0	0	0	0	14.405745	0
LT934125.1	18867	-	27.285874	0	0	0	0	0
LT934125.1	18883	-	27.285874	0	0	0	0	0
LT934125.1	18884	-	0	0	36.451562	0	0	0
LT934125.1	18886	-	27.285874	0	0	0	0	0
LT934125.1	18898	-	54.571748	0	0	0	0	0
LT934125.1	18902	-	27.285874	0	0	0	0	0
LT934125.1	18903	-	900.433845	1703.577513	0	0	126.050269	0
LT934125.1	18904	-	272.858741	1135.718342	194.40833	483.558994	54.021544	0
LT934125.1	18905	-	0	0	85.053645	241.779497	0	62.932662
LT934125.1	18906	-	0	0	0	0	0	125.865324
LT934125.1	18918	-	136.429371	0	48.602083	0	0	0
LT934125.1	18919	-	0	0	0	0	39.615799	0
LT934125.1	18920	-	136.429371	0	0	0	54.021544	125.865324
LT934125.1	18921	-	27.285874	0	72.903124	0	21.608618	0
LT934125.1	18922	-	0	0	24.301041	0	0	0
LT934125.1	18924	-	0	0	0	0	0	62.932662
LT934125.1	18949	-	81.857622	0	0	0	0	0
LT934125.1	18959	-	0	0	0	0	0	125.865324
LT934125.1	18960	-	218.286993	0	85.053645	241.779497	0	125.865324
LT934125.1	18961	-	0	0	0	0	97.238779	0
LT934125.1	18962	-	27.285874	0	0	0	0	0
LT934125.1	18963	-	27.285874	0	0	0	0	0
LT934125.1	18965	-	0	0	36.451562	0	18.007181	0
LT934125.1	18968	-	27.285874	0	0	0	0	0
LT934125.1	18973	-	27.285874	0	0	0	0	0
LT934125.1	18981	-	0	0	0	0	0	62.932662
LT934125.1	18986	-	81.857622	0	0	0	0	0
LT934125.1	18988	-	0	0	0	0	18.007181	0
LT934125.1	19002	-	27.285874	0	0	0	0	0
LT934125.1	19006	-	27.285874	0	0	0	0	0
LT934125.1	19008	-	982.291468	0	388.816661	241.779497	0	0
LT934125.1	19009	-	0	1135.718342	0	0	277.310591	0
LT934125.1	19011	-	0	0	0	0	0	1321.585903
LT934125.1	19022	-	0	0	24.301041	0	0	0
LT934125.1	19024	-	109.143496	0	0	0	0	62.932662
LT934125.1	19027	-	0	1135.718342	0	0	18.007181	0
LT934125.1	19030	-	0	0	0	0	0	62.932662
LT934125.1	19056	-	0	0	0	0	14.405745	0
LT934125.1	19060	-	54.571748	0	0	0	0	188.797986
LT934125.1	19061	-	0	567.859171	0	0	82.833034	0
LT934125.1	19062	-	27.285874	0	0	0	0	0
LT934125.1	19063	-	54.571748	0	0	0	0	0
LT934125.1	19081	-	27.285874	0	0	0	0	0
LT934125.1	19094	-	54.571748	0	0	0	0	0
LT934125.1	19095	-	0	0	0	0	39.615799	0
LT934125.1	19096	-	54.571748	0	0	0	50.420108	62.932662
LT934125.1	19097	-	0	0	60.752603	0	0	0
LT934125.1	19105	-	27.285874	0	0	0	25.210054	0
LT934125.1	19106	-	0	0	24.301041	0	0	0
LT934125.1	19117	-	81.857622	0	0	0	61.224416	377.595972
LT934125.1	19118	-	27.285874	0	60.752603	0	0	0
LT934125.1	19129	-	27.285874	0	0	0	0	0
LT934125.1	19155	-	54.571748	0	0	0	0	0
LT934125.1	19162	-	27.285874	0	0	0	0	0
LT934125.1	19183	-	0	0	48.602083	0	0	62.932662
LT934125.1	19185	-	0	0	0	0	39.615799	0
LT934125.1	19186	-	191.001119	0	0	0	0	0
LT934125.1	19198	-	27.285874	0	0	0	0	0
LT934125.1	19204	-	109.143496	0	36.451562	0	0	62.932662
LT934125.1	19205	-	0	0	0	0	32.412926	0
LT934125.1	19208	-	0	0	0	0	14.405745	0
LT934125.1	19210	-	27.285874	0	0	0	0	0
LT934125.1	19224	-	0	0	0	0	18.007181	0
LT934125.1	19225	-	0	0	0	0	0	62.932662
LT934125.1	19231	-	27.285874	0	0	0	0	0
LT934125.1	19238	-	27.285874	0	0	0	0	0
LT934125.1	19244	-	27.285874	0	0	0	0	0
LT934125.1	19250	-	27.285874	0	0	0	0	0
LT934125.1	19258	-	0	0	0	0	0	62.932662
LT934125.1	19260	-	27.285874	0	0	0	0	0
LT934125.1	19261	-	0	0	0	0	0	62.932662
LT934125.1	19315	-	0	0	24.301041	0	0	0
LT934125.1	19317	-	0	0	0	241.779497	0	0
LT934125.1	19326	-	27.285874	0	0	0	0	0
LT934125.1	19327	-	27.285874	0	0	0	0	0
LT934125.1	19337	-	27.285874	0	0	0	0	0
LT934125.1	19346	-	27.285874	0	0	0	0	0
LT934125.1	19362	-	27.285874	0	0	0	0	0
LT934125.1	19380	-	0	0	0	0	25.210054	0
LT934125.1	19381	-	0	0	36.451562	241.779497	0	0
LT934125.1	19400	-	27.285874	0	0	0	0	0
LT934125.1	19407	-	0	0	0	0	18.007181	0
LT934125.1	19423	-	27.285874	0	97.204165	0	0	0
LT934125.1	19424	-	0	0	0	0	18.007181	0
LT934125.1	19428	-	0	0	0	0	0	62.932662
LT934125.1	19440	-	27.285874	0	0	0	0	0
LT934125.1	19448	-	27.285874	0	0	0	0	0
LT934125.1	19458	-	0	0	0	0	0	62.932662
LT934125.1	19460	-	0	0	0	0	0	62.932662
LT934125.1	19463	-	27.285874	0	0	0	0	0
LT934125.1	19464	-	0	0	0	0	21.608618	0
LT934125.1	19467	-	27.285874	0	36.451562	0	0	0
LT934125.1	19468	-	54.571748	0	170.107289	0	183.673249	0
LT934125.1	19469	-	0	0	0	0	28.81149	62.932662
LT934125.1	19470	-	927.71972	1703.577513	1530.965602	1208.897485	3144.053849	1887.979862
LT934125.1	19471	-	11405.495375	10789.324248	72.903124	9187.62089	29304.886789	14852.108244
LT934125.1	19473	-	6248.46517	5678.591709	5990.20668	6044.487427	13923.152553	62.932662
LT934125.1	19474	-	27.285874	0	10984.070667	0	14.405745	125.865324
LT934125.1	19476	-	0	0	0	0	0	5097.545626
LT934125.1	19479	-	27.285874	0	0	0	0	0
LT934125.1	19480	-	27.285874	0	0	0	0	0
LT934125.1	19485	-	0	0	0	0	0	62.932662
LT934125.1	19499	-	0	0	0	0	14.405745	125.865324
LT934125.1	19502	-	27.285874	0	0	0	0	0
LT934125.1	19511	-	27.285874	0	0	0	0	0
LT934125.1	19524	-	0	0	24.301041	0	0	0
LT934125.1	19530	-	27.285874	0	0	0	0	0
LT934125.1	19562	-	0	0	0	0	0	62.932662
LT934125.1	19566	-	27.285874	0	0	0	0	0
LT934125.1	19569	-	27.285874	0	0	0	0	0
LT934125.1	19592	-	27.285874	0	0	0	0	0
LT934125.1	19624	-	0	0	0	0	0	62.932662
LT934125.1	19918	-	27.285874	0	0	0	0	0
LT934125.1	20132	-	27.285874	0	0	0	0	0
LT934125.1	20352	-	0	0	0	241.779497	0	0
LT934125.1	20526	-	0	0	0	0	0	62.932662
LT934125.1	20729	-	0	0	0	241.779497	0	0
LT934125.1	20782	-	27.285874	0	0	0	0	0
LT934125.1	21043	-	0	567.859171	0	0	0	0
LT934125.1	21176	-	27.285874	0	0	0	0	0
LT934125.1	21471	-	0	0	0	0	18.007181	0
LT934125.1	21473	-	27.285874	0	121.505206	0	93.637343	188.797986
LT934125.1	21475	-	0	0	0	241.779497	0	0
LT934125.1	21477	-	27.285874	0	0	0	0	62.932662
LT934125.1	21533	-	0	0	0	0	0	62.932662
LT934125.1	21634	-	27.285874	0	0	0	0	0
LT934125.1	21635	-	54.571748	567.859171	0	0	0	0
LT934125.1	21673	-	0	0	24.301041	0	0	62.932662
LT934125.1	21679	-	0	0	0	0	0	62.932662
LT934125.1	21747	-	27.285874	0	0	0	0	0
LT934125.1	21748	-	27.285874	0	0	0	0	0
LT934125.1	21750	-	0	0	0	0	0	62.932662
LT934125.1	21763	-	27.285874	0	0	0	0	0
LT934125.1	21767	-	27.285874	0	0	0	0	0
LT934125.1	21778	-	27.285874	0	0	0	0	0
LT934125.1	21801	-	0	0	0	241.779497	0	0
LT934125.1	21813	-	27.285874	0	24.301041	0	0	0
LT934125.1	21850	-	27.285874	0	0	0	0	0
LT934125.1	21922	-	0	0	0	0	0	62.932662
LT934125.1	21934	-	27.285874	0	0	0	0	0
LT934125.1	21939	-	81.857622	0	0	0	43.217235	188.797986
LT934125.1	21941	-	218.286993	0	157.956768	0	165.666068	0
LT934125.1	21942	-	0	0	109.354686	0	0	0
LT934125.1	21944	-	27.285874	0	0	0	28.81149	0
LT934125.1	21947	-	0	0	0	241.779497	32.412926	0
LT934125.1	21967	-	27.285874	0	0	0	0	62.932662
LT934125.1	21971	-	0	0	0	241.779497	0	0
LT934125.1	22004	-	27.285874	0	0	0	0	0
LT934125.1	22009	-	0	0	0	0	0	62.932662
LT934125.1	22038	-	0	0	0	0	0	62.932662
LT934125.1	22119	-	0	0	0	0	0	62.932662
LT934125.1	22133	-	27.285874	0	0	0	0	0
LT934125.1	22182	-	54.571748	0	0	0	0	62.932662
LT934125.1	22188	-	0	0	0	0	0	62.932662
LT934125.1	22254	-	0	0	24.301041	0	0	0
LT934125.1	22258	-	27.285874	0	0	0	0	0
LT934125.1	22337	-	0	0	0	0	0	62.932662
LT934125.1	22377	-	27.285874	0	0	0	32.412926	0
LT934125.1	22379	-	0	0	0	0	50.420108	0
LT934125.1	22431	-	0	0	24.301041	0	0	0
LT934125.1	22458	-	0	0	24.301041	0	0	0
LT934125.1	22460	-	0	0	0	0	0	62.932662
LT934125.1	22461	-	0	0	0	0	18.007181	0
LT934125.1	22466	-	27.285874	0	0	0	0	0
LT934125.1	22537	-	27.285874	0	0	0	0	0
LT934125.1	22558	-	0	0	0	0	0	62.932662
LT934125.1	22601	-	27.285874	0	0	0	0	0
LT934125.1	22614	-	0	0	0	0	0	62.932662
LT934125.1	22629	-	0	567.859171	36.451562	0	0	0
LT934125.1	22633	-	27.285874	0	0	0	0	0
LT934125.1	22648	-	0	0	0	0	0	62.932662
LT934125.1	22694	-	27.285874	0	0	0	0	0
LT934125.1	22714	-	0	0	0	0	0	62.932662
LT934125.1	22717	-	27.285874	0	0	0	0	0
LT934125.1	22738	-	27.285874	0	0	0	0	0
LT934125.1	22775	-	0	0	0	0	0	62.932662
LT934125.1	22786	-	27.285874	0	0	0	0	0
LT934125.1	22807	-	0	0	0	0	0	125.865324
LT934125.1	22875	-	27.285874	0	0	0	0	0
LT934125.1	22889	-	0	0	0	0	0	62.932662
LT934125.1	22924	-	27.285874	0	0	0	0	0
LT934125.1	22965	-	0	0	0	0	0	188.797986
LT934125.1	22966	-	0	0	0	0	0	125.865324
LT934125.1	23093	-	27.285874	0	0	0	0	0
LT934125.1	23095	-	0	0	0	241.779497	0	0
LT934125.1	23099	-	27.285874	0	0	0	0	0
LT934125.1	23148	-	0	0	24.301041	0	0	0
LT934125.1	23257	-	27.285874	0	0	0	0	0
LT934125.1	23381	-	0	0	0	241.779497	0	0
LT934125.1	23446	-	0	0	0	241.779497	0	0
LT934125.1	23559	-	27.285874	0	0	0	0	0
LT934125.1	23606	-	0	0	0	0	0	62.932662
LT934125.1	23811	-	0	0	0	0	0	62.932662
LT934125.1	23968	-	0	0	0	0	0	62.932662
LT934125.1	23975	-	54.571748	0	0	0	0	0
LT934125.1	24007	-	0	0	24.301041	0	0	125.865324
LT934125.1	24146	-	27.285874	0	0	0	0	0
LT934125.1	24376	-	27.285874	0	0	0	0	0
LT934125.1	24381	-	27.285874	0	0	0	0	0
LT934125.1	24434	-	0	0	0	241.779497	0	0
LT934125.1	24473	-	0	0	0	0	0	62.932662
LT934125.1	24525	-	27.285874	0	0	0	0	125.865324
LT934125.1	24532	-	0	0	0	0	0	62.932662
LT934125.1	24565	-	0	0	0	0	0	62.932662
LT934125.1	24598	-	0	0	0	0	0	62.932662
LT934125.1	24599	-	0	0	0	0	0	62.932662
LT934125.1	24663	-	0	0	0	241.779497	0	0
LT934125.1	24674	-	27.285874	0	0	0	0	0
LT934125.1	24703	-	54.571748	0	0	0	0	0
LT934125.1	24704	-	0	0	0	0	0	62.932662
LT934125.1	24729	-	0	0	0	0	0	62.932662
LT934125.1	24730	-	0	0	0	0	0	62.932662
LT934125.1	24785	-	0	0	24.301041	0	0	62.932662
LT934125.1	24788	-	0	0	0	0	21.608618	0
LT934125.1	24799	-	27.285874	0	0	0	0	0
LT934125.1	24805	-	27.285874	0	24.301041	0	0	0
LT934125.1	24807	-	0	0	0	0	0	62.932662
LT934125.1	24818	-	27.285874	0	0	0	0	0
LT934125.1	24848	-	27.285874	0	0	0	0	0
LT934125.1	24861	-	0	0	0	0	0	62.932662
LT934125.1	24865	-	27.285874	0	0	0	0	62.932662
LT934125.1	24888	-	0	0	0	0	0	62.932662
LT934125.1	24890	-	0	0	24.301041	0	0	251.730648
LT934125.1	24947	-	27.285874	0	0	0	0	0
LT934125.1	25041	-	0	0	0	0	0	125.865324
LT934125.1	25121	-	0	0	0	0	0	62.932662
LT934125.1	25170	-	0	0	0	0	0	62.932662
LT934125.1	25194	-	0	0	24.301041	0	0	0
LT934125.1	25214	-	0	0	0	241.779497	0	0
LT934125.1	25217	-	27.285874	0	0	0	0	0
LT934125.1	25229	-	0	0	48.602083	241.779497	21.608618	62.932662
LT934125.1	25231	-	27.285874	0	0	0	0	125.865324
LT934125.1	25232	-	518.431608	0	473.870305	1450.676983	0	755.191945
LT934125.1	25233	-	27.285874	0	60.752603	483.558994	25.210054	188.797986
LT934125.1	25234	-	0	0	0	0	18.007181	188.797986
LT934125.1	25235	-	0	0	0	0	140.456014	0
LT934125.1	25237	-	0	0	0	241.779497	0	0
LT934125.1	25246	-	0	0	36.451562	241.779497	0	0
LT934125.1	25257	-	0	0	0	0	0	62.932662
LT934125.1	25295	-	27.285874	0	0	0	0	0
LT934125.1	25301	-	0	0	0	0	0	62.932662
LT934125.1	25310	-	27.285874	0	0	0	0	314.66331
LT934125.1	25312	-	54.571748	0	24.301041	0	0	62.932662
LT934125.1	25313	-	1964.582935	6246.45088	1956.233825	4835.589942	957.982043	21019.509125
LT934125.1	25314	-	0	0	0	241.779497	0	188.797986
LT934125.1	25315	-	54.571748	0	133.655727	0	28.81149	881.057269
LT934125.1	25316	-	0	0	36.451562	0	0	188.797986
LT934125.1	25318	-	109.143496	0	0	0	0	0
LT934125.1	25531	-	0	0	0	241.779497	0	0
LT934125.1	25555	-	0	0	0	241.779497	0	0
LT934125.1	25576	-	0	0	0	0	0	62.932662
LT934125.1	25602	-	27.285874	0	0	0	0	0
LT934125.1	25604	-	27.285874	0	0	0	14.405745	0
LT934125.1	25605	-	27.285874	0	0	0	0	0
LT934125.1	25639	-	0	0	0	0	46.818671	0
LT934125.1	25776	-	54.571748	0	0	0	0	0
LT934125.1	25843	-	0	567.859171	0	0	0	0
LT934125.1	26117	-	136.429371	0	0	0	0	0
LT934125.1	26506	-	0	0	24.301041	0	0	0
LT934125.1	26516	-	27.285874	0	0	0	0	0
LT934125.1	26534	-	27.285874	0	0	0	0	0
LT934125.1	26538	-	27.285874	0	0	0	0	0
LT934125.1	26672	-	27.285874	0	0	0	0	0
LT934125.1	26744	-	27.285874	0	0	0	0	0
LT934125.1	26756	-	0	0	0	0	0	62.932662
LT934125.1	26761	-	27.285874	0	0	0	0	0
LT934125.1	26873	-	27.285874	0	0	0	0	0
LT934125.1	26874	-	27.285874	0	0	0	0	0
LT934125.1	26878	-	27.285874	0	0	0	0	0
LT934125.1	26900	-	27.285874	0	0	0	0	0
LT934125.1	26985	-	27.285874	0	0	0	0	0
LT934125.1	27139	-	27.285874	0	0	0	0	0
LT934125.1	27161	-	27.285874	0	0	0	0	0
LT934125.1	27248	-	27.285874	0	0	0	0	0
LT934125.1	27257	-	0	0	0	0	0	62.932662
LT934125.1	27420	-	27.285874	0	0	0	0	0
LT934125.1	27680	-	27.285874	0	0	0	0	0
LT934125.1	27759	-	27.285874	0	0	0	0	0
LT934125.1	27761	-	0	567.859171	218.709372	0	72.028725	188.797986
LT934125.1	27762	-	0	0	0	241.779497	0	0
LT934125.1	27764	-	245.572867	0	0	0	0	0
LT934125.1	27774	-	0	0	48.602083	0	0	0
LT934125.1	27788	-	27.285874	0	0	0	0	0
LT934125.1	27812	-	0	0	24.301041	0	0	0
LT934125.1	27842	-	0	0	0	0	0	62.932662
LT934125.1	27972	-	27.285874	0	0	0	0	0
LT934125.1	28152	-	0	0	0	241.779497	0	0
LT934125.1	28154	-	0	0	0	0	0	62.932662
LT934125.1	28253	-	0	0	0	0	0	62.932662
LT934125.1	28362	-	27.285874	0	0	0	0	0
LT934125.1	28408	-	27.285874	0	36.451562	0	0	62.932662
LT934125.1	28409	-	27.285874	0	0	0	0	0
LT934125.1	28412	-	0	0	24.301041	0	0	62.932662
LT934125.1	28414	-	27.285874	0	0	0	0	0
LT934125.1	28418	-	0	0	0	0	28.81149	125.865324
LT934125.1	28521	-	27.285874	0	0	0	0	0
LT934125.1	28572	-	0	0	0	0	18.007181	0
LT934125.1	28586	-	27.285874	0	0	0	0	0
LT934125.1	28642	-	27.285874	0	0	0	0	0
LT934125.1	28689	-	27.285874	0	0	0	0	0
LT934125.1	28719	-	109.143496	0	0	0	14.405745	62.932662
LT934125.1	28720	-	0	0	36.451562	0	0	0
LT934125.1	28742	-	54.571748	0	0	0	0	0
LT934125.1	28759	-	27.285874	0	24.301041	0	0	0
LT934125.1	28767	-	0	567.859171	0	0	0	0
LT934125.1	28794	-	27.285874	0	36.451562	0	0	0
LT934125.1	28797	-	27.285874	0	0	0	0	0
LT934125.1	28801	-	0	0	0	0	0	62.932662
LT934125.1	28812	-	81.857622	0	0	0	0	0
LT934125.1	28815	-	27.285874	0	0	0	0	0
LT934125.1	28829	-	27.285874	0	0	0	0	62.932662
LT934125.1	28836	-	27.285874	0	0	0	0	0
LT934125.1	28838	-	27.285874	0	0	0	0	0
LT934125.1	28839	-	0	567.859171	0	0	0	0
LT934125.1	28844	-	27.285874	0	0	0	0	0
LT934125.1	28846	-	27.285874	0	0	0	0	0
LT934125.1	28847	-	27.285874	0	0	0	0	0
LT934125.1	28853	-	27.285874	0	0	241.779497	0	0
LT934125.1	28854	-	0	0	0	0	18.007181	0
LT934125.1	28874	-	27.285874	0	0	0	0	0
LT934125.1	28876	-	27.285874	0	0	0	0	0
LT934125.1	28882	-	27.285874	0	0	0	0	0
LT934125.1	28897	-	27.285874	0	24.301041	0	14.405745	0
LT934125.1	28899	-	54.571748	0	0	0	0	0
LT934125.1	28900	-	0	0	60.752603	0	0	0
LT934125.1	28923	-	27.285874	0	0	0	0	0
LT934125.1	28925	-	272.858741	0	121.505206	0	0	377.595972
LT934125.1	28926	-	0	0	0	0	36.014363	0
LT934125.1	28932	-	81.857622	0	0	0	0	0
LT934125.1	28933	-	0	0	24.301041	0	0	0
LT934125.1	28950	-	54.571748	0	60.752603	0	0	0
LT934125.1	28951	-	0	0	0	0	18.007181	0
LT934125.1	28952	-	27.285874	0	36.451562	0	0	0
LT934125.1	28957	-	27.285874	0	0	0	0	0
LT934125.1	28968	-	27.285874	0	0	0	0	0
LT934125.1	28983	-	0	0	0	0	0	62.932662
LT934125.1	28989	-	0	0	0	0	0	62.932662
LT934125.1	29015	-	81.857622	0	0	0	0	0
LT934125.1	29018	-	0	0	24.301041	0	0	0
LT934125.1	29024	-	109.143496	0	36.451562	241.779497	0	0
LT934125.1	29025	-	0	567.859171	0	0	14.405745	0
LT934125.1	29029	-	0	0	0	0	0	62.932662
LT934125.1	29034	-	27.285874	0	0	0	0	0
LT934125.1	29037	-	54.571748	0	0	0	0	0
LT934125.1	29043	-	27.285874	0	0	0	0	0
LT934125.1	29044	-	27.285874	0	0	0	0	0
LT934125.1	29046	-	0	0	24.301041	0	0	0
LT934125.1	29058	-	409.288112	0	157.956768	0	0	62.932662
LT934125.1	29059	-	0	0	0	0	25.210054	0
LT934125.1	29066	-	81.857622	0	0	0	0	0
LT934125.1	29067	-	27.285874	0	0	0	0	0
LT934125.1	29078	-	54.571748	0	0	0	14.405745	0
LT934125.1	29079	-	0	0	36.451562	0	0	0
LT934125.1	29084	-	354.716363	567.859171	0	0	18.007181	62.932662
LT934125.1	29085	-	27.285874	0	24.301041	0	0	0
LT934125.1	29086	-	0	0	36.451562	0	0	0
LT934125.1	29107	-	0	0	0	0	0	62.932662
LT934125.1	29113	-	27.285874	0	0	0	0	0
LT934125.1	29114	-	27.285874	0	0	0	14.405745	0
LT934125.1	29120	-	27.285874	0	0	0	0	0
LT934125.1	29137	-	27.285874	0	0	0	0	0
LT934125.1	29142	-	81.857622	0	0	0	0	0
LT934125.1	29161	-	0	0	24.301041	0	0	0
LT934125.1	29170	-	27.285874	0	0	0	0	0
LT934125.1	29177	-	27.285874	0	0	0	0	0
LT934125.1	29190	-	81.857622	0	0	0	0	0
LT934125.1	29191	-	0	0	24.301041	0	0	0
LT934125.1	29211	-	27.285874	0	0	0	0	0
LT934125.1	29250	-	0	0	0	0	0	62.932662
LT934125.1	29254	-	0	0	0	0	0	62.932662
LT934125.1	29272	-	27.285874	0	0	0	0	0
LT934125.1	29274	-	27.285874	0	0	0	0	0
LT934125.1	29283	-	27.285874	0	0	0	0	0
LT934125.1	29286	-	54.571748	0	24.301041	0	18.007181	62.932662
LT934125.1	29288	-	54.571748	0	0	241.779497	18.007181	62.932662
LT934125.1	29291	-	0	0	48.602083	0	0	0
LT934125.1	29300	-	245.572867	0	72.903124	241.779497	0	188.797986
LT934125.1	29301	-	0	0	0	0	25.210054	0
LT934125.1	29331	-	27.285874	0	0	0	0	0
LT934125.1	29355	-	27.285874	0	0	0	0	0
LT934125.1	29356	-	0	0	24.301041	0	0	0
LT934125.1	29358	-	0	0	0	0	14.405745	0
LT934125.1	29361	-	109.143496	0	36.451562	241.779497	0	62.932662
LT934125.1	29362	-	0	0	0	0	28.81149	0
LT934125.1	29398	-	27.285874	0	0	0	0	0
LT934125.1	29404	-	27.285874	0	0	0	0	0
LT934125.1	29405	-	27.285874	0	0	0	0	0
LT934125.1	29406	-	27.285874	0	0	0	0	0
LT934125.1	29407	-	4556.740975	3975.014196	3049.780683	3868.471954	14.405745	1321.585903
LT934125.1	29408	-	191.001119	0	218.709372	483.558994	201.68043	314.66331
LT934125.1	29409	-	955.005594	567.859171	1470.212999	1934.235977	644.657089	1258.653241
LT934125.1	29410	-	0	0	0	0	1001.199278	62.932662
LT934125.1	29411	-	1719.010068	1703.577513	2466.555692	4835.589942	2128.448825	2391.441158
LT934125.1	29412	-	4092.881115	1135.718342	3219.887972	0	3756.298012	3775.959723
LT934125.1	29413	-	27.285874	0	0	0	0	0
LT934125.1	29414	-	1855.439439	1135.718342	3803.112963	1208.897485	1152.459601	3272.498427
LT934125.1	29415	-	0	1703.577513	0	3868.471954	0	0
LT934125.1	29416	-	0	0	0	0	2441.773779	0
LT934125.1	29417	-	3328.876641	0	24.301041	483.558994	0	0
LT934125.1	29420	-	0	0	0	0	14.405745	0
LT934125.1	29481	-	0	0	0	0	0	62.932662
LT934125.1	29497	-	27.285874	0	0	0	0	0
LT934125.1	29512	-	27.285874	0	0	0	0	0
LT934125.1	29524	-	27.285874	0	0	0	0	0
LT934125.1	29664	-	0	0	0	0	0	62.932662
LT934125.1	29727	-	27.285874	0	0	0	0	0
LT934125.1	29768	-	27.285874	0	0	0	0	0
LT934125.1	29791	-	54.571748	0	0	0	0	0
LT934125.1	29857	-	0	0	0	0	0	62.932662
LT934125.1	29973	-	0	0	0	0	0	62.932662
LT934125.1	30052	-	27.285874	0	0	0	0	0
LT934125.1	30066	-	27.285874	0	0	0	0	0
LT934125.1	30172	-	27.285874	0	0	0	0	0
LT934125.1	30245	-	27.285874	0	0	0	0	0
LT934125.1	30574	-	27.285874	0	0	0	0	0
LT934125.1	30604	-	0	0	0	0	0	62.932662
LT934125.1	30711	-	0	1135.718342	0	0	0	0
LT934125.1	30756	-	0	567.859171	0	0	0	0
LT934125.1	30819	-	0	0	0	0	0	62.932662
LT934125.1	30822	-	0	0	24.301041	0	0	62.932662
LT934125.1	30823	-	27.285874	0	0	0	0	0
LT934125.1	30843	-	0	0	24.301041	0	0	0
LT934125.1	30848	-	0	0	24.301041	0	0	0
LT934125.1	30854	-	0	0	0	0	0	62.932662
LT934125.1	30877	-	573.003356	567.859171	619.676553	725.338491	280.912028	314.66331
LT934125.1	30878	-	0	0	24.301041	0	21.608618	0
LT934125.1	30879	-	0	0	0	0	0	62.932662
LT934125.1	30881	-	109.143496	0	0	0	18.007181	0
LT934125.1	30882	-	0	0	133.655727	0	0	0
LT934125.1	31041	-	0	0	121.505206	0	50.420108	0
LT934125.1	31043	-	0	0	0	0	32.412926	0
LT934125.1	31112	-	27.285874	0	0	0	0	0
LT934125.1	31194	-	0	0	0	0	0	62.932662
LT934125.1	31227	-	0	0	24.301041	0	0	0
LT934125.1	31256	-	27.285874	0	0	0	0	0
LT934125.1	31452	-	0	0	0	241.779497	0	0
LT934125.1	31580	-	27.285874	0	0	0	0	0
LT934125.1	31585	-	27.285874	0	0	0	0	0
LT934125.1	31619	-	27.285874	0	0	0	0	0
LT934125.1	31682	-	27.285874	0	0	0	0	0
LT934125.1	31923	-	27.285874	0	0	0	0	0
LT934125.1	32197	-	0	0	0	0	14.405745	0
LT934125.1	32264	-	27.285874	0	0	0	0	0
LT934125.1	32370	-	27.285874	0	0	0	0	0
LT934125.1	32676	-	0	0	0	0	21.608618	0
LT934125.1	32703	-	27.285874	0	0	0	0	0
LT934125.1	32721	-	27.285874	0	0	0	0	0
LT934125.1	32962	-	27.285874	0	0	0	0	0
LT934125.1	32972	-	27.285874	0	0	0	0	0
LT934125.1	33277	-	0	0	0	0	0	62.932662
LT934125.1	33306	-	27.285874	0	0	0	0	0
LT934125.1	33341	-	27.285874	0	0	0	0	0
LT934125.1	33351	-	0	0	0	241.779497	0	0
LT934125.1	33356	-	0	0	0	0	0	62.932662
LT934125.1	33357	-	0	0	0	241.779497	0	0
LT934125.1	33406	-	27.285874	0	0	0	0	0
LT934125.1	33407	-	0	0	24.301041	0	0	0
LT934125.1	33431	-	27.285874	0	0	0	0	0
LT934125.1	33458	-	27.285874	0	0	0	0	0
LT934125.1	33493	-	0	567.859171	0	0	0	0
LT934125.1	33510	-	27.285874	0	0	0	0	0
LT934125.1	33604	-	27.285874	0	0	0	0	0
LT934125.1	33611	-	27.285874	0	0	0	0	0
LT934125.1	33614	-	27.285874	0	0	0	0	0
LT934125.1	33640	-	0	0	0	0	18.007181	0
LT934125.1	33641	-	0	0	109.354686	0	0	0
LT934125.1	33642	-	0	0	0	0	43.217235	0
LT934125.1	33643	-	27.285874	0	0	241.779497	0	0
LT934125.1	33784	-	27.285874	0	0	0	0	0
LT934125.1	33801	-	0	0	0	0	0	125.865324
LT934125.1	33937	-	27.285874	0	0	0	0	0
LT934125.1	34017	-	27.285874	0	0	0	0	0
LT934125.1	34046	-	54.571748	0	0	0	14.405745	62.932662
LT934125.1	34056	-	0	0	0	0	0	62.932662
LT934125.1	34091	-	54.571748	567.859171	0	0	21.608618	0
LT934125.1	34092	-	27.285874	0	0	0	0	0
LT934125.1	34123	-	0	0	0	0	0	62.932662
LT934125.1	34199	-	0	0	0	0	0	125.865324
LT934125.1	34236	-	0	0	0	0	0	62.932662
LT934125.1	34240	-	0	0	24.301041	0	0	0
LT934125.1	34245	-	27.285874	0	0	0	0	0
LT934125.1	34265	-	27.285874	0	0	0	0	0
LT934125.1	34292	-	0	0	0	0	0	62.932662
LT934125.1	34327	-	0	0	0	241.779497	0	0
LT934125.1	34396	-	27.285874	0	0	0	0	0
LT934125.1	34414	-	27.285874	0	0	0	0	0
LT934125.1	34430	-	0	0	0	241.779497	0	0
LT934125.1	34436	-	0	0	24.301041	0	0	0
LT934125.1	34444	-	27.285874	0	0	0	0	0
LT934125.1	34468	-	0	0	0	241.779497	0	0
LT934125.1	34473	-	0	0	24.301041	0	0	0
LT934125.1	34474	-	109.143496	2839.295855	352.365099	1208.897485	468.186713	1321.585903
LT934125.1	34476	-	109.143496	567.859171	510.321867	2176.015474	529.411129	1762.114537
LT934125.1	34478	-	54.571748	567.859171	157.956768	0	158.463195	818.124607
LT934125.1	34480	-	0	0	0	0	18.007181	188.797986
LT934125.1	34482	-	0	0	0	241.779497	0	0
LT934125.1	34483	-	0	0	24.301041	0	0	0
LT934125.1	34543	-	27.285874	0	0	0	0	0
LT934125.1	34820	-	27.285874	0	0	0	0	0
LT934125.1	34946	-	27.285874	0	0	0	0	0
LT934125.1	35012	-	27.285874	0	0	0	0	0
LT934125.1	35236	-	0	0	0	241.779497	0	0
LT934125.1	35616	-	0	567.859171	0	0	0	0
LT934125.1	35666	-	27.285874	0	0	0	0	0
LT934125.1	35773	-	0	0	0	0	0	62.932662
LT934125.1	36000	-	0	0	0	241.779497	0	0
LT934125.1	36053	-	27.285874	0	0	0	0	0
LT934125.1	36214	-	0	0	0	241.779497	0	0
LT934125.1	36257	-	0	0	0	0	0	62.932662
LT934125.1	36544	-	0	567.859171	0	0	0	0
LT934125.1	36691	-	0	0	0	241.779497	0	0
LT934125.1	37096	-	0	0	0	0	0	62.932662
LT934125.1	37142	-	27.285874	0	0	0	0	0
LT934125.1	37153	-	0	0	0	0	0	62.932662
LT934125.1	37193	-	27.285874	0	0	0	0	0
LT934125.1	37293	-	27.285874	0	0	0	0	0
LT934125.1	37350	-	27.285874	0	0	0	0	0
LT934125.1	37546	-	27.285874	0	0	0	14.405745	0
LT934125.1	37551	-	0	0	24.301041	0	0	0
LT934125.1	37587	-	27.285874	0	0	0	0	0
LT934125.1	37817	-	0	0	0	0	0	62.932662
LT934125.1	37921	-	27.285874	0	0	0	0	0
LT934125.1	37994	-	0	0	0	0	0	62.932662
LT934125.1	38256	-	0	0	0	0	0	62.932662
LT934125.1	38611	-	0	0	24.301041	0	0	0
LT934125.1	38783	-	0	0	0	0	0	62.932662
LT934125.1	39168	-	27.285874	0	0	0	0	0
LT934125.1	39231	-	0	0	24.301041	0	0	0
LT934125.1	39705	-	27.285874	0	0	0	0	0
LT934125.1	39717	-	27.285874	0	0	0	0	0
LT934125.1	40016	-	27.285874	0	0	0	0	0
LT934125.1	40199	-	27.285874	0	0	0	0	0
LT934125.1	40271	-	0	0	0	0	0	62.932662
LT934125.1	40321	-	27.285874	0	0	0	0	0
LT934125.1	40478	-	27.285874	0	0	0	0	0
LT934125.1	41115	-	0	0	0	0	0	62.932662
LT934125.1	41239	-	27.285874	0	0	0	0	0
LT934125.1	41547	-	27.285874	0	0	0	0	0
LT934125.1	41572	-	27.285874	0	0	0	0	0
LT934125.1	41632	-	27.285874	0	0	0	0	0
LT934125.1	41646	-	27.285874	0	0	0	0	0
LT934125.1	41650	-	27.285874	0	0	0	0	0
LT934125.1	41728	-	0	0	0	0	0	62.932662
LT934125.1	41784	-	27.285874	0	0	0	0	0
LT934125.1	41785	-	0	0	24.301041	0	28.81149	0
LT934125.1	41786	-	0	0	24.301041	0	0	0
LT934125.1	41812	-	0	0	0	241.779497	0	0
LT934125.1	41829	-	0	567.859171	0	0	0	0
LT934125.1	41914	-	0	0	0	0	0	62.932662
LT934125.1	41915	-	0	0	0	0	14.405745	0
LT934125.1	41925	-	0	0	0	0	39.615799	0
LT934125.1	41946	-	0	0	24.301041	0	0	0
LT934125.1	41987	-	0	0	24.301041	0	14.405745	0
LT934125.1	41991	-	54.571748	0	121.505206	0	46.818671	62.932662
LT934125.1	41992	-	272.858741	0	340.214578	725.338491	72.028725	0
LT934125.1	41993	-	0	0	0	241.779497	18.007181	0
LT934125.1	41994	-	109.143496	0	157.956768	241.779497	50.420108	0
LT934125.1	41995	-	3656.30713	2839.295855	279.461975	3384.912959	11463.371593	1321.585903
LT934125.1	41996	-	136.429371	0	24.301041	0	0	0
LT934125.1	41997	-	218.286993	0	680.429156	0	806.721721	629.326621
LT934125.1	41998	-	0	0	9805.470164	0	0	0
LT934125.1	41999	-	27.285874	0	0	0	21.608618	188.797986
LT934125.1	42001	-	0	0	0	241.779497	0	0
LT934125.1	42061	-	27.285874	0	0	0	0	0
LT934125.1	42098	-	27.285874	0	0	0	0	0
LT934125.1	42557	-	27.285874	0	0	0	0	0
LT934125.1	42611	-	0	0	0	0	0	62.932662
LT934125.1	42617	-	27.285874	0	0	0	0	0
LT934125.1	42710	-	27.285874	0	0	0	0	0
LT934125.1	43108	-	27.285874	0	0	0	0	0
LT934125.1	43197	-	27.285874	0	0	0	0	0
LT934125.1	43209	-	27.285874	0	0	0	0	0
LT934125.1	43325	-	27.285874	0	0	0	0	0
LT934125.1	43430	-	0	0	0	241.779497	0	0
LT934125.1	43528	-	27.285874	0	0	0	0	0
LT934125.1	43685	-	27.285874	0	0	0	0	0
LT934125.1	44037	-	27.285874	0	0	0	0	0
LT934125.1	44197	-	27.285874	0	0	0	0	0
LT934125.1	44202	-	0	0	0	0	0	62.932662
LT934125.1	44254	-	0	0	0	0	0	62.932662
LT934125.1	44333	-	27.285874	0	0	0	0	0
LT934125.1	44607	-	27.285874	0	0	0	0	0
LT934125.1	44754	-	27.285874	0	36.451562	0	43.217235	62.932662
LT934125.1	44756	-	0	0	352.365099	0	345.73788	62.932662
LT934125.1	44757	-	0	0	0	0	39.615799	0
LT934125.1	44760	-	191.001119	0	0	0	0	0
LT934125.1	44817	-	54.571748	0	0	0	0	0
LT934125.1	44886	-	0	0	0	0	18.007181	0
LT934125.1	44888	-	27.285874	0	48.602083	0	61.224416	0
LT934125.1	44889	-	1609.866572	1135.718342	2077.739031	1450.676983	2697.475753	125.865324
LT934125.1	44890	-	0	0	0	0	180.071813	125.865324
LT934125.1	44891	-	0	0	24.301041	0	0	0
LT934125.1	44892	-	54.571748	0	157.956768	0	154.861759	1573.316551
LT934125.1	44893	-	764.004475	0	1263.654148	725.338491	162.064631	755.191945
LT934125.1	44894	-	0	0	0	0	831.931774	0
LT934125.1	44895	-	0	0	0	0	32.412926	0
LT934125.1	45196	-	27.285874	0	0	0	0	0
LT934125.1	45475	-	27.285874	0	0	0	0	62.932662
LT934125.1	45865	-	0	0	0	0	0	62.932662
LT934125.1	45969	-	0	0	36.451562	0	0	62.932662
LT934125.1	45983	-	27.285874	0	0	0	0	0
LT934125.1	45990	-	27.285874	0	0	0	0	0
LT934125.1	46143	-	27.285874	0	0	0	0	0
LT934125.1	46159	-	27.285874	0	0	0	0	0
LT934125.1	46188	-	27.285874	0	0	0	0	0
LT934125.1	46435	-	0	0	0	0	14.405745	0
LT934125.1	46528	-	27.285874	0	0	0	0	0
LT934125.1	46950	-	27.285874	0	0	0	0	0
LT934125.1	47076	-	0	0	0	0	0	62.932662
LT934125.1	47293	-	0	0	0	0	0	62.932662
LT934125.1	47491	-	0	0	24.301041	0	0	0
LT934125.1	48483	-	0	567.859171	0	0	0	0
LT934125.1	48505	-	0	0	24.301041	0	0	0
LT934125.1	48514	-	0	0	0	241.779497	0	0
LT934125.1	48826	-	27.285874	0	0	0	0	0
LT934125.1	48874	-	27.285874	0	0	0	0	0
LT934125.1	48899	-	27.285874	0	0	0	0	0
LT934125.1	48902	-	0	0	0	241.779497	0	0
LT934125.1	48904	-	27.285874	0	0	0	0	0
LT934125.1	48973	-	27.285874	0	0	0	0	0
LT934125.1	49031	-	54.571748	0	0	0	0	0
LT934125.1	49065	-	0	0	0	0	0	62.932662
LT934125.1	49070	-	0	0	0	0	0	62.932662
LT934125.1	49120	-	0	0	0	0	39.615799	0
LT934125.1	49121	-	0	0	0	0	18.007181	0
LT934125.1	49129	-	27.285874	0	0	0	0	0
LT934125.1	49160	-	27.285874	0	0	0	0	0
LT934125.1	49169	-	27.285874	0	0	0	0	0
LT934125.1	49174	-	0	0	0	0	0	62.932662
LT934125.1	49184	-	27.285874	0	0	0	0	0
LT934125.1	49256	-	27.285874	0	0	0	0	0
LT934125.1	49312	-	27.285874	0	0	0	0	0
LT934125.1	49382	-	27.285874	0	0	0	0	0
LT934125.1	49392	-	81.857622	0	0	0	0	0
LT934125.1	49604	-	0	0	0	0	25.210054	0
LT934125.1	49616	-	0	567.859171	0	0	0	0
LT934125.1	50133	-	27.285874	0	0	0	0	0
LT934125.1	50151	-	54.571748	0	0	0	0	0
LT934125.1	50338	-	27.285874	0	0	0	0	0
LT934125.1	50350	-	81.857622	0	0	0	0	0
LT934125.1	50366	-	27.285874	0	0	0	0	0
LT934125.1	50369	-	27.285874	0	0	0	0	0
LT934125.1	50370	-	27.285874	0	48.602083	241.779497	82.833034	0
LT934125.1	50373	-	0	0	24.301041	0	0	0
LT934125.1	50376	-	0	0	60.752603	483.558994	0	0
LT934125.1	50424	-	27.285874	0	0	0	0	0
LT934125.1	50446	-	27.285874	0	0	0	0	0
LT934125.1	50490	-	27.285874	0	0	0	0	62.932662
LT934125.1	50492	-	27.285874	567.859171	24.301041	0	0	62.932662
LT934125.1	50498	-	27.285874	0	0	0	0	0
LT934125.1	50521	-	0	567.859171	0	0	0	62.932662
LT934125.1	50544	-	0	0	24.301041	0	0	0
LT934125.1	50555	-	0	0	0	241.779497	0	0
LT934125.1	50569	-	0	0	0	0	0	62.932662
LT934125.1	50595	-	27.285874	0	0	0	0	0
LT934125.1	50606	-	27.285874	0	0	0	0	0
LT934125.1	50629	-	27.285874	0	0	0	0	0
LT934125.1	50631	-	0	0	0	241.779497	0	0
LT934125.1	50635	-	27.285874	0	0	0	0	0
LT934125.1	50637	-	0	0	0	0	0	62.932662
LT934125.1	50639	-	27.285874	0	0	483.558994	0	0
LT934125.1	50641	-	27.285874	0	24.301041	0	0	0
LT934125.1	50642	-	0	0	85.053645	0	0	0
LT934125.1	50644	-	0	0	0	0	0	125.865324
LT934125.1	50647	-	27.285874	0	0	0	0	0
LT934125.1	50649	-	0	0	0	241.779497	0	0
LT934125.1	50663	-	81.857622	0	0	0	0	0
LT934125.1	50666	-	0	0	24.301041	0	0	62.932662
LT934125.1	50706	-	27.285874	0	0	0	0	0
LT934125.1	50803	-	0	0	0	0	0	62.932662
LT934125.1	50806	-	27.285874	0	0	0	0	0
LT934125.1	50817	-	81.857622	1135.718342	0	0	18.007181	125.865324
LT934125.1	50818	-	0	0	36.451562	0	0	0
LT934125.1	50823	-	27.285874	0	0	0	0	0
LT934125.1	50862	-	54.571748	0	0	0	0	62.932662
LT934125.1	50863	-	0	0	0	0	14.405745	0
LT934125.1	50892	-	27.285874	0	0	0	0	0
LT934125.1	50968	-	0	0	0	241.779497	0	0
LT934125.1	50971	-	0	0	0	241.779497	0	0
LT934125.1	50977	-	0	0	24.301041	0	14.405745	62.932662
LT934125.1	50982	-	27.285874	0	0	0	0	0
LT934125.1	50985	-	27.285874	0	0	0	0	0
LT934125.1	50986	-	27.285874	0	36.451562	0	14.405745	0
LT934125.1	50988	-	0	0	0	0	0	62.932662
LT934125.1	50998	-	27.285874	0	0	0	0	62.932662
LT934125.1	50999	-	0	0	24.301041	0	0	0
LT934125.1	51005	-	0	0	0	0	0	125.865324
LT934125.1	51037	-	0	0	0	0	0	62.932662
LT934125.1	51052	-	27.285874	567.859171	48.602083	0	0	0
LT934125.1	51055	-	0	0	48.602083	0	0	0
LT934125.1	51056	-	0	0	0	241.779497	0	0
LT934125.1	51065	-	27.285874	567.859171	0	0	0	0
LT934125.1	51094	-	54.571748	0	72.903124	0	57.62298	62.932662
LT934125.1	51097	-	0	0	0	241.779497	0	0
LT934125.1	51141	-	27.285874	0	0	0	0	125.865324
LT934125.1	51144	-	0	567.859171	36.451562	0	18.007181	0
LT934125.1	51146	-	0	0	0	0	72.028725	440.528634
LT934125.1	51147	-	709.432727	6246.45088	1154.299462	3384.912959	1224.488326	1573.316551
LT934125.1	51148	-	0	0	0	0	248.499101	0
LT934125.1	51149	-	27.285874	0	0	0	0	0
LT934125.1	51150	-	0	0	0	0	0	503.461296
LT934125.1	51182	-	27.285874	0	36.451562	0	86.43447	62.932662
LT934125.1	51184	-	27.285874	0	0	0	25.210054	0
LT934125.1	51215	-	27.285874	0	0	0	0	0
LT934125.1	51308	-	27.285874	0	0	0	0	0
LT934125.1	51322	-	27.285874	0	0	0	0	0
LT934125.1	51477	-	0	0	24.301041	0	0	0
LT934125.1	51502	-	27.285874	0	0	0	0	0
LT934125.1	51550	-	27.285874	0	0	0	0	0
LT934125.1	51636	-	0	0	0	0	0	62.932662
LT934125.1	51891	-	27.285874	0	0	0	0	0
LT934125.1	52194	-	0	0	0	241.779497	0	0
LT934125.1	52353	-	0	0	0	0	0	62.932662
LT934125.1	52503	-	27.285874	0	0	0	0	0
LT934125.1	52799	-	0	0	0	0	0	62.932662
LT934125.1	52810	-	0	0	0	0	0	62.932662
LT934125.1	52832	-	0	567.859171	48.602083	241.779497	0	0
LT934125.1	52879	-	27.285874	0	0	0	0	0
LT934125.1	53126	-	0	0	0	0	0	125.865324
LT934125.1	53204	-	27.285874	0	0	0	0	0
LT934125.1	53462	-	0	0	0	0	0	62.932662
LT934125.1	53555	-	81.857622	0	97.204165	241.779497	241.296229	125.865324
LT934125.1	53592	-	0	0	72.903124	0	194.477558	0
LT934125.1	53802	-	27.285874	0	0	0	0	0
LT934125.1	53809	-	0	0	24.301041	0	0	0
LT934125.1	54158	-	27.285874	0	0	0	0	0
LT934125.1	54190	-	27.285874	0	0	0	0	0
LT934125.1	54355	-	0	0	0	0	0	62.932662
LT934125.1	54449	-	0	0	0	0	0	62.932662
LT934125.1	54450	-	0	0	0	0	0	62.932662
LT934125.1	54683	-	27.285874	0	0	0	0	0
LT934125.1	55145	-	0	0	0	0	0	125.865324
LT934125.1	55263	-	0	0	0	0	32.412926	62.932662
LT934125.1	55266	-	0	0	0	241.779497	39.615799	0
LT934125.1	55323	-	54.571748	0	0	0	0	0
LT934125.1	55324	-	0	567.859171	0	0	0	0
LT934125.1	55328	-	27.285874	0	0	0	0	0
LT934125.1	55338	-	81.857622	0	0	0	0	0
LT934125.1	55341	-	27.285874	0	0	0	0	0
LT934125.1	55345	-	27.285874	0	0	0	0	0
LT934125.1	55381	-	27.285874	0	0	0	0	0
LT934125.1	55407	-	0	0	0	0	0	62.932662
LT934125.1	55429	-	27.285874	0	0	0	0	0
LT934125.1	55435	-	27.285874	0	0	0	0	0
LT934125.1	55439	-	27.285874	0	0	0	0	62.932662
LT934125.1	55442	-	0	0	36.451562	0	0	0
LT934125.1	55459	-	27.285874	0	0	0	0	0
LT934125.1	55486	-	54.571748	0	36.451562	241.779497	0	0
LT934125.1	55487	-	0	567.859171	0	0	0	0
LT934125.1	55488	-	0	0	0	0	18.007181	0
LT934125.1	55502	-	0	567.859171	0	0	0	0
LT934125.1	55507	-	109.143496	0	0	0	0	0
LT934125.1	55525	-	54.571748	0	0	0	0	0
LT934125.1	55570	-	54.571748	0	0	0	0	0
LT934125.1	55580	-	27.285874	0	0	0	0	0
LT934125.1	55581	-	0	0	0	0	21.608618	0
LT934125.1	55582	-	54.571748	0	0	0	0	0
LT934125.1	55586	-	27.285874	0	0	0	0	0
LT934125.1	55600	-	0	0	0	0	14.405745	0
LT934125.1	55601	-	0	0	24.301041	0	0	0
LT934125.1	55605	-	27.285874	0	0	0	0	0
LT934125.1	55621	-	0	0	0	0	0	62.932662
LT934125.1	55624	-	27.285874	0	0	0	0	0
LT934125.1	55625	-	27.285874	0	0	0	0	0
LT934125.1	55645	-	27.285874	0	0	0	0	0
LT934125.1	55651	-	0	0	0	0	0	62.932662
LT934125.1	55659	-	27.285874	0	0	0	0	0
LT934125.1	55668	-	54.571748	0	0	0	0	0
LT934125.1	55669	-	0	0	0	241.779497	0	0
LT934125.1	55677	-	27.285874	0	0	0	0	0
LT934125.1	55685	-	27.285874	0	0	0	0	0
LT934125.1	55691	-	27.285874	0	0	0	0	0
LT934125.1	55700	-	27.285874	0	0	0	0	0
LT934125.1	55718	-	0	0	24.301041	0	0	0
LT934125.1	55719	-	27.285874	0	0	0	0	0
LT934125.1	55721	-	54.571748	0	0	0	0	0
LT934125.1	55730	-	54.571748	0	0	0	0	62.932662
LT934125.1	55732	-	27.285874	0	0	0	0	0
LT934125.1	55733	-	27.285874	0	0	0	0	0
LT934125.1	55754	-	27.285874	0	0	0	0	0
LT934125.1	55763	-	27.285874	0	0	0	0	0
LT934125.1	55765	-	27.285874	0	0	0	18.007181	0
LT934125.1	55794	-	136.429371	0	0	0	46.818671	0
LT934125.1	55795	-	0	0	97.204165	241.779497	0	0
LT934125.1	55797	-	81.857622	0	0	0	0	0
LT934125.1	55798	-	27.285874	0	0	0	0	0
LT934125.1	55803	-	0	0	0	0	28.81149	0
LT934125.1	55804	-	163.715245	0	0	0	36.014363	0
LT934125.1	55805	-	0	0	60.752603	0	0	0
LT934125.1	55807	-	0	0	0	0	0	62.932662
LT934125.1	55811	-	0	0	0	241.779497	0	0
LT934125.1	55814	-	27.285874	0	0	0	0	0
LT934125.1	55820	-	54.571748	0	0	0	0	0
LT934125.1	55824	-	0	0	24.301041	0	0	0
LT934125.1	55829	-	54.571748	0	24.301041	0	0	0
LT934125.1	55832	-	27.285874	0	0	0	0	0
LT934125.1	55853	-	27.285874	0	0	241.779497	0	0
LT934125.1	55889	-	0	567.859171	0	0	0	0
LT934125.1	55893	-	0	0	60.752603	0	0	0
LT934125.1	55894	-	0	0	0	0	18.007181	0
LT934125.1	55909	-	0	0	0	0	18.007181	0
LT934125.1	55911	-	0	0	24.301041	0	0	125.865324
LT934125.1	55918	-	27.285874	0	0	0	0	0
LT934125.1	55924	-	27.285874	0	0	0	0	0
LT934125.1	55940	-	27.285874	0	0	0	0	125.865324
LT934125.1	55941	-	0	0	0	0	18.007181	0
LT934125.1	55942	-	54.571748	0	0	0	18.007181	125.865324
LT934125.1	55945	-	81.857622	567.859171	0	0	25.210054	0
LT934125.1	55947	-	0	0	0	0	25.210054	62.932662
LT934125.1	55950	-	0	0	0	0	18.007181	0
LT934125.1	55978	-	27.285874	0	0	0	0	125.865324
LT934125.1	55986	-	0	0	36.451562	0	0	0
LT934125.1	55987	-	0	567.859171	0	0	0	0
LT934125.1	55995	-	109.143496	0	0	0	0	0
LT934125.1	56008	-	27.285874	0	0	0	0	0
LT934125.1	56016	-	27.285874	0	0	0	0	0
LT934125.1	56022	-	27.285874	0	0	0	0	0
LT934125.1	56028	-	109.143496	0	48.602083	0	18.007181	0
LT934125.1	56031	-	54.571748	0	36.451562	0	0	0
LT934125.1	56032	-	27.285874	0	24.301041	0	0	0
LT934125.1	56034	-	0	0	0	0	32.412926	0
LT934125.1	56037	-	0	0	48.602083	0	0	62.932662
LT934125.1	56038	-	27.285874	1135.718342	0	0	0	0
LT934125.1	56039	-	0	0	0	0	25.210054	0
LT934125.1	56040	-	163.715245	0	0	241.779497	0	0
LT934125.1	56041	-	0	0	24.301041	0	18.007181	0
LT934125.1	56043	-	0	0	0	0	14.405745	0
LT934125.1	56044	-	27.285874	0	0	0	0	0
LT934125.1	56046	-	27.285874	0	0	0	0	0
LT934125.1	56050	-	0	0	97.204165	0	0	125.865324
LT934125.1	56052	-	0	0	0	0	46.818671	0
LT934125.1	56053	-	109.143496	0	0	0	0	0
LT934125.1	56059	-	27.285874	0	0	0	0	62.932662
LT934125.1	56060	-	0	0	0	0	14.405745	0
LT934125.1	56064	-	27.285874	0	0	0	0	0
LT934125.1	56065	-	54.571748	0	48.602083	0	0	0
LT934125.1	56066	-	0	0	0	0	25.210054	0
LT934125.1	56077	-	0	0	0	0	0	62.932662
LT934125.1	56090	-	27.285874	0	0	0	0	0
LT934125.1	56096	-	0	0	0	0	0	62.932662
LT934125.1	56107	-	136.429371	0	0	0	28.81149	251.730648
LT934125.1	56108	-	0	0	0	0	18.007181	0
LT934125.1	56110	-	0	0	0	0	0	62.932662
LT934125.1	56114	-	27.285874	0	0	0	0	0
LT934125.1	56115	-	27.285874	0	24.301041	241.779497	61.224416	314.66331
LT934125.1	56116	-	0	0	24.301041	241.779497	14.405745	125.865324
LT934125.1	56129	-	0	0	0	0	0	62.932662
LT934125.1	56131	-	27.285874	0	0	0	0	0
LT934125.1	56149	-	27.285874	0	0	0	0	0
LT934125.1	56152	-	27.285874	0	24.301041	0	0	0
LT934125.1	56179	-	81.857622	0	24.301041	0	28.81149	0
LT934125.1	56185	-	191.001119	0	60.752603	0	284.513464	125.865324
LT934125.1	56186	-	27.285874	0	0	0	0	0
LT934125.1	56187	-	327.430489	567.859171	303.763016	725.338491	82.833034	377.595972
LT934125.1	56188	-	17162.814811	21010.789324	13863.744061	15473.887814	43.217235	5663.939585
LT934125.1	56189	-	436.573986	3975.014196	461.719785	483.558994	2539.012558	2139.71051
LT934125.1	56190	-	4938.743213	6246.45088	7059.452498	14023.210832	11301.306961	12586.53241
LT934125.1	56191	-	27.285874	0	0	0	10541.403912	314.66331
LT934125.1	56192	-	1528.00895	5678.591709	0	0	3579.827635	8181.246067
LT934125.1	56193	-	245.572867	0	3074.081724	7011.605416	248.499101	566.393958
LT934125.1	56194	-	0	0	303.763016	0	0	62.932662
LT934125.1	56195	-	0	0	0	967.117988	0	0
LT934125.1	56209	-	136.429371	567.859171	0	0	21.608618	62.932662
LT934125.1	56210	-	0	0	36.451562	0	0	0
LT934125.1	56228	-	27.285874	0	0	0	21.608618	0
LT934125.1	56229	-	27.285874	1135.718342	24.301041	241.779497	36.014363	0
LT934125.1	56230	-	0	0	97.204165	241.779497	0	0
LT934125.1	56291	-	0	0	0	0	0	62.932662
LT934125.1	56298	-	0	0	0	0	0	62.932662
LT934125.1	56303	-	27.285874	0	0	0	0	0
LT934125.1	56332	-	54.571748	0	0	0	0	0
LT934125.1	56362	-	27.285874	0	0	0	0	0
LT934125.1	56376	-	0	0	24.301041	0	0	0
LT934125.1	56404	-	0	0	0	0	0	62.932662
LT934125.1	56407	-	27.285874	0	0	0	0	0
LT934125.1	56464	-	0	0	24.301041	0	0	0
LT934125.1	56474	-	27.285874	567.859171	24.301041	0	0	0
LT934125.1	56491	-	27.285874	0	0	0	0	0
LT934125.1	56508	-	54.571748	0	0	0	0	0
LT934125.1	56577	-	54.571748	0	0	0	0	0
LT934125.1	56594	-	0	0	24.301041	0	0	0
LT934125.1	56613	-	27.285874	0	0	0	0	0
LT934125.1	56627	-	27.285874	0	0	0	0	0
LT934125.1	56636	-	0	0	0	241.779497	0	0
LT934125.1	56638	-	0	0	24.301041	0	0	62.932662
LT934125.1	56656	-	27.285874	0	0	0	0	0
LT934125.1	56657	-	0	0	24.301041	0	0	0
LT934125.1	56705	-	0	0	0	0	0	62.932662
LT934125.1	56719	-	27.285874	0	0	0	0	0
LT934125.1	56776	-	0	0	0	0	0	62.932662
LT934125.1	56847	-	27.285874	0	0	241.779497	0	0
LT934125.1	56864	-	27.285874	0	0	0	0	0
LT934125.1	56866	-	0	0	24.301041	0	0	0
LT934125.1	56943	-	0	0	24.301041	0	0	0
LT934125.1	56944	-	409.288112	0	449.569264	0	475.389585	251.730648
LT934125.1	56946	-	982.291468	3975.014196	1397.309875	4110.251451	0	629.326621
LT934125.1	56947	-	27.285874	0	133.655727	1208.897485	115.24596	0
LT934125.1	56948	-	0	0	72.903124	0	97.238779	0
LT934125.1	56949	-	0	0	0	0	1905.159778	0
LT934125.1	56950	-	0	0	0	0	18.007181	62.932662
LT934125.1	56969	-	27.285874	0	0	0	0	0
LT934125.1	56974	-	0	0	0	0	0	62.932662
LT934125.1	56976	-	0	0	72.903124	0	0	0
LT934125.1	56979	-	0	0	0	0	0	62.932662
LT934125.1	56980	-	0	0	36.451562	0	0	0
LT934125.1	56994	-	0	0	0	241.779497	0	0
LT934125.1	57030	-	27.285874	0	0	0	0	0
LT934125.1	57046	-	27.285874	0	0	0	0	0
LT934125.1	57054	-	0	0	0	0	0	62.932662
LT934125.1	57074	-	27.285874	0	0	0	0	0
LT934125.1	57086	-	0	0	0	0	28.81149	0
LT934125.1	57087	-	109.143496	0	36.451562	0	64.825853	0
LT934125.1	57088	-	0	0	145.806248	0	0	0
LT934125.1	57090	-	0	0	0	0	0	125.865324
LT934125.1	57101	-	0	0	24.301041	0	0	62.932662
LT934125.1	57112	-	0	0	0	0	0	62.932662
LT934125.1	57130	-	27.285874	0	0	0	0	0
LT934125.1	57152	-	0	0	0	0	14.405745	0
LT934125.1	57167	-	27.285874	0	0	0	0	0
LT934125.1	57227	-	0	0	24.301041	0	0	0
LT934125.1	57242	-	0	0	0	0	0	62.932662
LT934125.1	57370	-	27.285874	0	0	0	0	0
LT934125.1	57400	-	54.571748	0	0	0	0	0
LT934125.1	57532	-	0	0	0	0	0	62.932662
LT934125.1	57549	-	0	0	0	241.779497	0	0
LT934125.1	57568	-	0	0	0	0	0	62.932662
LT934125.1	57700	-	0	0	0	0	0	62.932662
LT934125.1	57801	-	27.285874	0	0	0	0	0
LT934125.1	57804	-	0	0	0	0	0	62.932662
LT934125.1	57861	-	0	0	0	241.779497	0	0
LT934125.1	57863	-	0	0	24.301041	0	0	0
LT934125.1	57922	-	27.285874	0	0	0	0	0
LT934125.1	58019	-	0	0	0	0	0	62.932662
LT934125.1	58100	-	27.285874	0	0	0	0	0
LT934125.1	58249	-	27.285874	0	0	0	0	0
LT934125.1	58262	-	0	0	0	0	0	62.932662
LT934125.1	58299	-	27.285874	0	0	0	0	0
LT934125.1	58359	-	27.285874	0	0	0	0	0
LT934125.1	58514	-	0	0	0	0	0	62.932662
LT934125.1	58568	-	0	0	0	0	39.615799	0
LT934125.1	58570	-	136.429371	0	145.806248	0	0	0
LT934125.1	58571	-	0	0	48.602083	241.779497	313.324954	125.865324
LT934125.1	58572	-	81.857622	0	72.903124	0	424.969478	62.932662
LT934125.1	58573	-	0	0	0	0	399.759424	0
LT934125.1	58574	-	0	0	0	0	198.078994	125.865324
LT934125.1	58575	-	0	0	36.451562	0	0	0
LT934125.1	58814	-	27.285874	0	0	0	0	0
LT934125.1	58874	-	0	0	0	0	0	62.932662
LT934125.1	58963	-	0	0	0	0	0	62.932662
LT934125.1	58964	-	27.285874	0	0	0	0	0
LT934125.1	59016	-	27.285874	0	121.505206	0	104.441651	62.932662
LT934125.1	59017	-	27.285874	0	0	0	0	0
LT934125.1	59074	-	27.285874	0	0	0	0	0
LT934125.1	59076	-	27.285874	0	0	0	0	0
LT934125.1	59135	-	27.285874	0	0	0	0	62.932662
LT934125.1	59136	-	0	0	24.301041	0	0	0
LT934125.1	59139	-	27.285874	0	0	0	0	0
LT934125.1	59276	-	327.430489	1135.718342	145.806248	725.338491	68.427289	62.932662
LT934125.1	59277	-	3874.594123	567.859171	2126.341114	4110.251451	2150.057443	2139.71051
LT934125.1	59278	-	27.285874	0	0	0	21.608618	0
LT934125.1	59279	-	218.286993	567.859171	97.204165	0	79.231598	377.595972
LT934125.1	59281	-	218.286993	0	0	0	18.007181	62.932662
LT934125.1	59282	-	0	0	0	0	21.608618	0
LT934125.1	59452	-	27.285874	0	0	0	0	0
LT934125.1	61055	-	27.285874	0	0	0	0	0
LT934125.1	61057	-	27.285874	0	0	0	0	0
LT934125.1	61128	-	27.285874	0	0	0	0	0
LT934125.1	61947	-	0	0	24.301041	0	0	0
LT934125.1	62424	-	27.285874	0	0	0	0	0
LT934125.1	62512	-	27.285874	0	0	0	0	0
LT934125.1	62517	-	27.285874	0	0	0	0	0
LT934125.1	62520	-	27.285874	0	0	0	0	0
LT934125.1	62577	-	0	567.859171	0	0	14.405745	0
LT934125.1	62659	-	27.285874	0	0	0	0	0
LT934125.1	62670	-	27.285874	0	0	0	14.405745	0
LT934125.1	62797	-	27.285874	0	0	0	0	0
LT934125.1	62810	-	27.285874	0	0	0	0	0
LT934125.1	62879	-	0	0	0	0	14.405745	0
LT934125.1	62885	-	0	0	0	241.779497	0	0
LT934125.1	62896	-	0	0	0	0	14.405745	0
LT934125.1	62902	-	0	0	0	241.779497	0	0
LT934125.1	62915	-	0	0	0	0	18.007181	0
LT934125.1	62918	-	0	0	0	0	14.405745	0
LT934125.1	62945	-	0	0	0	0	21.608618	0
LT934125.1	62960	-	27.285874	0	0	0	0	0
LT934125.1	62964	-	0	0	24.301041	0	0	0
LT934125.1	62965	-	0	0	0	0	14.405745	0
LT934125.1	63017	-	27.285874	0	0	0	0	0
LT934125.1	63215	-	0	0	0	0	14.405745	0
LT934125.1	63216	-	27.285874	0	0	0	0	0
LT934125.1	63232	-	0	0	0	0	14.405745	0
LT934125.1	63239	-	0	0	0	0	21.608618	0
LT934125.1	63242	-	109.143496	0	0	0	0	0
LT934125.1	63247	-	0	0	24.301041	0	0	62.932662
LT934125.1	63249	-	0	0	0	0	28.81149	0
LT934125.1	63294	-	81.857622	0	0	0	0	0
LT934125.1	63389	-	27.285874	0	0	0	0	62.932662
LT934125.1	63391	-	0	0	48.602083	0	0	0
LT934125.1	63410	-	27.285874	0	315.913537	483.558994	129.651705	62.932662
LT934125.1	63411	-	54.571748	0	48.602083	0	39.615799	62.932662
LT934125.1	63412	-	0	0	72.903124	0	36.014363	0
LT934125.1	63413	-	0	0	0	0	14.405745	0
LT934125.1	63414	-	0	0	48.602083	0	50.420108	62.932662
LT934125.1	63415	-	409.288112	0	972.041652	967.117988	741.895868	566.393958
LT934125.1	63416	-	81.857622	0	328.064058	0	25.210054	62.932662
LT934125.1	63417	-	5020.600835	2271.436684	15358.258101	5319.148936	4613.43984	3083.700441
LT934125.1	63418	-	955.005594	0	4155.478062	967.117988	1933.971268	1321.585903
LT934125.1	63419	-	109.143496	0	498.171347	0	504.201075	251.730648
LT934125.1	63420	-	71407.132527	65871.663827	201929.502679	126208.897485	245290.22174	88168.659534
LT934125.1	63421	-	109.143496	3975.014196	109.354686	0	23963.956826	0
LT934125.1	63422	-	27.285874	0	0	725.338491	32.412926	62.932662
LT934125.1	63423	-	6303.036918	567.859171	19307.177313	1692.45648	82.833034	377.595972
LT934125.1	63424	-	300.144615	0	60.752603	5560.928433	0	0
LT934125.1	63425	-	27.285874	0	60.752603	0	4642.25133	0
LT934125.1	63426	-	0	0	0	0	781.511667	0
LT934125.1	63427	-	0	0	36.451562	0	0	0
LT934125.1	63430	-	0	0	24.301041	0	21.608618	0
LT934125.1	63433	-	0	0	0	0	14.405745	0
LT934125.1	63436	-	0	0	0	0	14.405745	0
LT934125.1	63438	-	27.285874	0	60.752603	0	25.210054	0
LT934125.1	63488	-	0	0	0	241.779497	21.608618	0
LT934125.1	63500	-	27.285874	0	0	0	0	0
LT934125.1	63508	-	0	0	0	0	0	62.932662
LT934125.1	63692	-	27.285874	0	0	0	18.007181	0
LT934125.1	63693	-	0	0	48.602083	0	0	0
LT934125.1	63694	-	0	0	24.301041	0	0	0
LT934125.1	63701	-	0	0	24.301041	0	0	0
LT934125.1	63703	-	0	0	36.451562	0	0	0
LT934125.1	63738	-	0	0	24.301041	0	0	0
LT934125.1	63747	-	27.285874	0	0	0	0	0
LT934125.1	63846	-	0	0	182.25781	0	0	0
LT934125.1	63935	-	27.285874	0	0	0	0	0
LT934125.1	63937	-	0	0	24.301041	0	0	0
LT934125.1	63969	-	0	0	36.451562	0	0	0
LT934125.1	64125	-	0	0	48.602083	0	32.412926	0
LT934125.1	64127	-	0	0	24.301041	0	18.007181	0
LT934125.1	64179	-	0	0	0	0	14.405745	0
LT934125.1	64180	-	0	0	0	0	0	62.932662
LT934125.1	64220	-	0	0	0	0	0	62.932662
LT934125.1	64244	-	27.285874	0	0	0	0	0
LT934125.1	64365	-	0	0	0	241.779497	0	0
LT934125.1	64386	-	54.571748	0	0	0	0	0
LT934125.1	64460	-	27.285874	0	0	0	0	0
LT934125.1	64502	-	0	0	0	241.779497	0	0
LT934125.1	64622	-	27.285874	0	0	0	0	0
LT934125.1	64643	-	27.285874	0	0	0	0	0
LT934125.1	64727	-	54.571748	0	0	0	0	0
LT934125.1	64728	-	54.571748	0	72.903124	0	25.210054	0
LT934125.1	64747	-	27.285874	0	0	0	0	0
LT934125.1	64777	-	27.285874	0	0	0	0	0
LT934125.1	64792	-	27.285874	0	24.301041	0	0	0
LT934125.1	64821	-	0	0	24.301041	0	0	0
LT934125.1	64857	-	0	567.859171	0	0	0	0
LT934125.1	64859	-	27.285874	0	0	0	0	0
LT934125.1	64898	-	0	0	0	241.779497	0	0
LT934125.1	64913	-	0	0	0	0	0	62.932662
LT934125.1	64916	-	0	0	0	0	0	62.932662
LT934125.1	64947	-	0	0	0	0	0	62.932662
LT934125.1	64950	-	27.285874	0	0	0	0	0
LT934125.1	64974	-	27.285874	0	0	0	0	0
LT934125.1	65219	-	27.285874	0	0	0	0	0
LT934125.1	65311	-	27.285874	0	0	0	0	0
LT934125.1	65343	-	27.285874	0	0	0	0	0
LT934125.1	65346	-	0	567.859171	0	0	0	0
LT934125.1	65430	-	27.285874	0	0	0	0	0
LT934125.1	65433	-	27.285874	0	0	0	0	0
LT934125.1	65445	-	382.002237	0	0	0	0	0
LT934125.1	65451	-	1882.725313	0	0	0	0	0
LT934125.1	65452	-	27.285874	0	0	0	0	0
LT934125.1	65454	-	0	0	0	0	0	62.932662
LT934125.1	65479	-	27.285874	0	0	0	0	0
LT934125.1	65481	-	27.285874	0	0	0	0	0
LT934125.1	65512	-	27.285874	0	0	0	0	0
LT934125.1	65548	-	27.285874	0	0	0	0	62.932662
LT934125.1	65611	-	0	0	0	0	100.840215	0
LT934125.1	65630	-	0	0	0	0	0	62.932662
LT934125.1	65659	-	27.285874	0	0	0	0	0
LT934125.1	65679	-	27.285874	0	24.301041	0	0	0
LT934125.1	65682	-	0	0	0	0	25.210054	125.865324
LT934125.1	65683	-	27.285874	0	24.301041	0	0	0
LT934125.1	65684	-	0	0	0	241.779497	0	0
LT934125.1	65685	-	0	0	0	241.779497	0	0
LT934125.1	65720	-	0	0	0	0	14.405745	0
LT934125.1	65746	-	0	0	0	241.779497	0	0
LT934125.1	65747	-	218.286993	0	72.903124	241.779497	0	62.932662
LT934125.1	65748	-	382.002237	0	182.25781	483.558994	0	62.932662
LT934125.1	65749	-	327.430489	0	510.321867	725.338491	262.904846	188.797986
LT934125.1	65750	-	545.717482	0	1324.406751	725.338491	641.055653	440.528634
LT934125.1	65751	-	0	0	303.763016	0	115.24596	62.932662
LT934125.1	65752	-	54.571748	2271.436684	3061.931204	3143.133462	1897.956905	881.057269
LT934125.1	65756	-	1937.297061	0	0	0	0	0
LT934125.1	65883	-	109.143496	0	48.602083	0	32.412926	0
LT934125.1	65884	-	0	0	36.451562	0	0	0
LT934125.1	65886	-	27.285874	0	0	0	0	62.932662
LT934125.1	66128	-	27.285874	0	0	0	0	0
LT934125.1	66345	-	54.571748	0	0	0	0	0
LT934125.1	66373	-	27.285874	0	0	0	0	0
LT934125.1	66397	-	27.285874	0	0	0	0	0
LT934125.1	66453	-	27.285874	0	0	0	21.608618	0
LT934125.1	66629	-	191.001119	0	0	241.779497	0	0
LT934125.1	66649	-	0	0	48.602083	0	0	0
LT934125.1	66902	-	27.285874	0	0	0	0	0
LT934125.1	67091	-	27.285874	0	0	0	0	0
LT934125.1	67340	-	27.285874	0	0	0	0	0
LT934125.1	68123	-	191.001119	0	0	0	0	0
LT934125.1	68303	-	0	567.859171	0	0	0	0
LT934125.1	68500	-	0	0	24.301041	0	0	0
LT934125.1	68543	-	27.285874	0	0	0	0	0
LT934125.1	68641	-	0	0	48.602083	0	0	0
LT934125.1	68654	-	0	0	36.451562	0	0	0
LT934125.1	68655	-	27.285874	0	0	0	0	0
LT934125.1	68782	-	0	0	0	0	0	62.932662
LT934125.1	68886	-	27.285874	0	0	0	0	0
LT934125.1	68887	-	27.285874	0	0	0	0	0
LT934125.1	68922	-	27.285874	0	0	0	0	0
LT934125.1	69025	-	0	0	0	241.779497	0	0
LT934125.1	69140	-	27.285874	0	0	0	0	0
LT934125.1	69285	-	0	567.859171	0	0	0	0
LT934125.1	69304	-	27.285874	0	0	0	0	0
LT934125.1	69382	-	0	0	0	0	0	62.932662
LT934125.1	69500	-	0	0	24.301041	0	0	0
LT934125.1	69515	-	27.285874	0	0	0	0	0
LT934125.1	69593	-	27.285874	0	0	0	0	0
LT934125.1	69596	-	0	0	0	241.779497	0	0
LT934125.1	70464	-	27.285874	0	0	0	0	0
LT934125.1	71162	-	27.285874	0	0	0	0	0
LT934125.1	71270	-	0	0	0	241.779497	0	0
LT934125.1	71369	-	0	567.859171	0	0	0	0
LT934125.1	71486	-	0	0	24.301041	0	0	0
LT934125.1	71532	-	27.285874	0	0	0	0	0
LT934125.1	71776	-	0	0	36.451562	0	0	0
LT934125.1	71778	-	0	0	0	0	0	62.932662
LT934125.1	71811	-	27.285874	0	0	0	0	0
LT934125.1	71832	-	27.285874	0	0	0	0	0
LT934125.1	71850	-	27.285874	0	0	0	0	0
LT934125.1	71851	-	0	0	24.301041	0	0	0
LT934125.1	71854	-	27.285874	0	0	0	0	0
LT934125.1	71881	-	0	0	24.301041	0	0	0
LT934125.1	71882	-	81.857622	567.859171	48.602083	241.779497	21.608618	188.797986
LT934125.1	71886	-	191.001119	0	243.010413	241.779497	61.224416	0
LT934125.1	71889	-	27.285874	0	48.602083	0	25.210054	125.865324
LT934125.1	71911	-	27.285874	0	0	0	0	0
LT934125.1	71949	-	0	567.859171	0	0	0	0
LT934125.1	72006	-	27.285874	0	0	0	0	0
LT934125.1	72080	-	27.285874	0	0	0	0	0
LT934125.1	72170	-	0	567.859171	0	0	0	0
LT934125.1	72174	-	0	0	0	241.779497	0	0
LT934125.1	72311	-	27.285874	0	0	0	0	0
LT934125.1	72321	-	0	0	0	0	0	62.932662
LT934125.1	72486	-	27.285874	0	0	0	0	0
LT934125.1	72498	-	27.285874	0	0	0	0	0
LT934125.1	72510	-	27.285874	0	0	0	0	0
LT934125.1	72705	-	0	0	0	0	0	62.932662
LT934125.1	72732	-	27.285874	0	0	0	0	0
LT934125.1	72738	-	27.285874	0	24.301041	0	0	0
LT934125.1	72741	-	27.285874	0	0	0	0	125.865324
LT934125.1	72742	-	27.285874	0	85.053645	0	0	0
LT934125.1	72759	-	27.285874	0	0	0	0	0
LT934125.1	72769	-	0	0	24.301041	0	0	0
LT934125.1	72776	-	27.285874	0	0	0	0	0
LT934125.1	72782	-	27.285874	0	0	0	0	0
LT934125.1	72783	-	27.285874	0	0	0	0	0
LT934125.1	72827	-	27.285874	0	0	241.779497	0	0
LT934125.1	72850	-	27.285874	0	0	0	0	0
LT934125.1	72871	-	81.857622	0	0	241.779497	0	0
LT934125.1	72874	-	0	0	24.301041	0	0	0
LT934125.1	72885	-	27.285874	0	0	0	0	0
LT934125.1	72941	-	0	0	0	0	0	62.932662
LT934125.1	72977	-	0	0	0	241.779497	0	0
LT934125.1	73108	-	27.285874	0	97.204165	0	46.818671	125.865324
LT934125.1	73111	-	0	0	0	0	0	62.932662
LT934125.1	73136	-	0	0	0	0	32.412926	0
LT934125.1	73139	-	0	0	0	0	18.007181	0
LT934125.1	73235	-	27.285874	0	0	0	0	0
LT934125.1	73274	-	0	0	0	0	0	62.932662
LT934125.1	73686	-	27.285874	0	0	0	0	0
LT934125.1	73983	-	0	0	0	0	0	62.932662
LT934125.1	74345	-	109.143496	0	121.505206	0	208.883303	0
LT934125.1	74348	-	0	0	36.451562	0	14.405745	0
LT934125.1	74349	-	0	0	0	0	0	62.932662
LT934125.1	74352	-	0	0	0	0	0	62.932662
LT934125.1	74958	-	0	0	0	0	0	62.932662
LT934125.1	75599	-	27.285874	567.859171	0	0	21.608618	0
LT934125.1	75600	-	27.285874	0	0	0	0	0
LT934125.1	75601	-	0	0	0	0	43.217235	0
LT934125.1	75734	-	54.571748	0	36.451562	0	0	0
LT934125.1	75736	-	109.143496	0	0	0	0	0
LT934125.1	75754	-	81.857622	0	0	0	0	0
LT934125.1	75767	-	27.285874	0	0	0	0	0
LT934125.1	75915	-	0	0	0	0	0	62.932662
LT934125.1	75949	-	27.285874	0	0	0	0	0
LT934125.1	75957	-	54.571748	0	0	0	0	0
LT934125.1	76021	-	27.285874	0	0	0	0	0
LT934125.1	76056	-	0	0	0	0	0	62.932662
LT934125.1	76058	-	27.285874	0	0	0	0	0
LT934125.1	76079	-	27.285874	0	0	0	0	0
LT934125.1	76080	-	0	0	0	0	0	62.932662
LT934125.1	76089	-	27.285874	0	0	0	0	0
LT934125.1	76120	-	0	0	0	0	0	62.932662
LT934125.1	76680	-	27.285874	0	0	0	0	0
LT934125.1	76836	-	0	0	0	0	0	62.932662
LT934125.1	76860	-	27.285874	0	48.602083	483.558994	54.021544	314.66331
LT934125.1	76861	-	0	0	0	241.779497	0	0
LT934125.1	76862	-	27.285874	0	0	0	0	0
LT934125.1	76863	-	245.572867	567.859171	109.354686	725.338491	43.217235	440.528634
LT934125.1	76865	-	27.285874	0	0	0	0	0
LT934125.1	76866	-	27.285874	0	0	0	0	0
LT934125.1	76867	-	0	0	24.301041	0	0	0
LT934125.1	76869	-	27.285874	0	0	0	0	62.932662
LT934125.1	76870	-	27.285874	0	0	0	0	0
LT934125.1	77066	-	0	0	0	0	0	62.932662
LT934125.1	77137	-	27.285874	0	0	0	0	0
LT934125.1	77139	-	109.143496	0	24.301041	0	0	0
LT934125.1	77180	-	27.285874	0	0	0	0	0
LT934125.1	77605	-	0	0	24.301041	0	0	62.932662
LT934125.1	77804	-	27.285874	0	0	0	0	0
LT934125.1	77824	-	27.285874	0	0	0	0	0
LT934125.1	77985	-	81.857622	0	36.451562	0	46.818671	0
LT934125.1	77987	-	0	0	0	0	61.224416	0
LT934125.1	78186	-	0	1135.718342	0	0	0	0
LT934125.1	79145	-	27.285874	0	0	0	0	0
LT934125.1	79230	-	0	0	0	0	0	62.932662
LT934125.1	79388	-	27.285874	0	0	0	14.405745	0
LT934125.1	79389	-	0	0	0	0	25.210054	0
LT934125.1	79390	-	0	0	0	0	50.420108	62.932662
LT934125.1	79513	-	0	0	0	0	0	62.932662
LT934125.1	79576	-	27.285874	0	0	0	0	0
LT934125.1	79899	-	27.285874	0	0	0	0	0
LT934125.1	79955	-	27.285874	0	0	0	0	0
LT934125.1	80050	-	27.285874	0	0	0	0	0
LT934125.1	80238	-	27.285874	0	0	0	0	0
LT934125.1	80621	-	0	0	24.301041	0	0	0
LT934125.1	80633	-	27.285874	0	0	0	0	0
LT934125.1	80645	-	27.285874	0	0	0	0	0
LT934125.1	80654	-	27.285874	0	0	0	0	0
LT934125.1	80655	-	0	0	0	0	28.81149	0
LT934125.1	80678	-	27.285874	0	0	0	0	0
LT934125.1	80699	-	27.285874	0	0	0	0	0
LT934125.1	80711	-	27.285874	0	0	0	0	0
LT934125.1	80749	-	27.285874	0	0	0	0	0
LT934125.1	80750	-	27.285874	0	0	0	0	0
LT934125.1	80785	-	27.285874	0	0	0	0	0
LT934125.1	80835	-	54.571748	0	0	0	0	0
LT934125.1	80842	-	27.285874	0	0	0	0	0
LT934125.1	80858	-	54.571748	0	36.451562	0	0	0
LT934125.1	80889	-	109.143496	0	0	0	0	0
LT934125.1	80897	-	27.285874	0	0	0	0	0
LT934125.1	80900	-	0	0	0	0	0	62.932662
LT934125.1	80903	-	109.143496	0	0	0	0	0
LT934125.1	80911	-	27.285874	0	0	0	0	0
LT934125.1	80947	-	27.285874	0	0	0	0	0
LT934125.1	80958	-	54.571748	0	24.301041	0	0	0
LT934125.1	80965	-	0	0	0	0	0	62.932662
LT934125.1	80966	-	27.285874	0	24.301041	0	0	0
LT934125.1	80968	-	27.285874	0	0	0	0	0
LT934125.1	80982	-	27.285874	0	0	0	0	0
LT934125.1	80996	-	27.285874	0	0	0	0	0
LT934125.1	81003	-	0	0	0	0	0	62.932662
LT934125.1	81007	-	163.715245	0	0	0	14.405745	0
LT934125.1	81008	-	0	0	60.752603	0	0	0
LT934125.1	81033	-	27.285874	0	36.451562	0	0	0
LT934125.1	81074	-	27.285874	0	0	0	0	0
LT934125.1	81080	-	27.285874	0	0	0	0	0
LT934125.1	81085	-	27.285874	0	0	0	0	0
LT934125.1	81086	-	0	0	72.903124	0	0	0
LT934125.1	81087	-	354.716363	0	0	0	0	0
LT934125.1	81093	-	27.285874	0	0	0	0	0
LT934125.1	81111	-	27.285874	0	0	0	0	0
LT934125.1	81161	-	27.285874	0	36.451562	0	0	0
LT934125.1	81163	-	0	0	0	0	18.007181	0
LT934125.1	81180	-	0	0	24.301041	0	0	0
LT934125.1	81212	-	27.285874	0	0	0	0	0
LT934125.1	81220	-	27.285874	0	0	0	0	0
LT934125.1	81229	-	0	0	24.301041	0	0	0
LT934125.1	81232	-	27.285874	0	0	0	0	0
LT934125.1	81241	-	27.285874	0	0	0	0	0
LT934125.1	81245	-	54.571748	0	0	0	0	62.932662
LT934125.1	81246	-	0	0	24.301041	0	0	0
LT934125.1	81247	-	27.285874	0	0	0	0	0
LT934125.1	81365	-	81.857622	0	0	0	0	62.932662
LT934125.1	81366	-	0	0	0	0	36.014363	0
LT934125.1	81426	-	27.285874	0	0	0	0	0
LT934125.1	81427	-	245.572867	0	36.451562	0	75.630161	125.865324
LT934125.1	81428	-	0	0	157.956768	241.779497	0	0
LT934125.1	81490	-	0	0	24.301041	0	46.818671	62.932662
LT934125.1	81491	-	382.002237	0	315.913537	0	0	188.797986
LT934125.1	81492	-	0	0	0	0	72.028725	0
LT934125.1	81493	-	191.001119	0	0	241.779497	0	0
LT934125.1	81497	-	27.285874	0	0	0	0	0
LT934125.1	81504	-	27.285874	0	0	0	0	0
LT934125.1	81524	-	0	0	48.602083	0	0	0
LT934125.1	81526	-	0	0	0	0	14.405745	0
LT934125.1	81527	-	54.571748	0	0	0	25.210054	0
LT934125.1	81528	-	0	0	72.903124	0	0	0
LT934125.1	81543	-	27.285874	0	0	0	0	0
LT934125.1	81544	-	0	0	24.301041	0	0	0
LT934125.1	81545	-	54.571748	0	0	0	0	0
LT934125.1	81547	-	27.285874	0	0	0	0	0
LT934125.1	81563	-	27.285874	0	121.505206	0	0	0
LT934125.1	81565	-	0	0	0	0	79.231598	0
LT934125.1	81576	-	27.285874	0	0	0	0	62.932662
LT934125.1	81585	-	27.285874	0	0	0	0	0
LT934125.1	81608	-	81.857622	0	0	0	14.405745	0
LT934125.1	81609	-	27.285874	0	0	0	0	0
LT934125.1	81620	-	27.285874	0	0	0	0	0
LT934125.1	81628	-	27.285874	0	0	0	0	0
LT934125.1	81645	-	27.285874	0	0	0	0	0
LT934125.1	81648	-	54.571748	0	0	0	0	0
LT934125.1	81670	-	54.571748	0	0	0	0	0
LT934125.1	81672	-	27.285874	0	0	0	0	0
LT934125.1	81686	-	163.715245	567.859171	0	0	39.615799	0
LT934125.1	81687	-	0	0	97.204165	483.558994	0	0
LT934125.1	81689	-	0	0	0	0	0	125.865324
LT934125.1	81707	-	0	0	60.752603	0	0	62.932662
LT934125.1	81708	-	0	0	0	0	61.224416	0
LT934125.1	81709	-	54.571748	0	0	0	0	0
LT934125.1	81710	-	27.285874	0	0	0	0	0
LT934125.1	81725	-	54.571748	0	0	0	0	0
LT934125.1	81730	-	27.285874	0	0	0	0	0
LT934125.1	81738	-	27.285874	0	24.301041	0	0	0
LT934125.1	81739	-	0	0	0	0	14.405745	0
LT934125.1	81745	-	54.571748	0	0	0	0	0
LT934125.1	81746	-	0	0	0	0	18.007181	0
LT934125.1	81773	-	0	0	0	241.779497	0	188.797986
LT934125.1	81776	-	0	0	0	0	57.62298	0
LT934125.1	81777	-	0	0	0	0	0	62.932662
LT934125.1	81800	-	27.285874	0	0	0	14.405745	0
LT934125.1	81802	-	0	0	24.301041	0	0	0
LT934125.1	81803	-	109.143496	0	145.806248	0	93.637343	0
LT934125.1	81804	-	13206.363066	2839.295855	7594.075406	1692.45648	5114.039479	2706.104468
LT934125.1	81805	-	10586.919152	4542.873367	6889.345208	1692.45648	6183.666046	2013.845186
LT934125.1	81806	-	1882.725313	0	2102.040072	725.338491	4397.353665	1384.518565
LT934125.1	81807	-	0	0	0	0	18.007181	0
LT934125.1	81808	-	245.572867	567.859171	400.967181	483.558994	795.917412	377.595972
LT934125.1	81810	-	354.716363	0	680.429156	725.338491	1188.473963	1132.787917
LT934125.1	81812	-	0	0	0	0	108.043088	377.595972
LT934125.1	81813	-	0	0	72.903124	0	0	62.932662
LT934125.1	81814	-	0	0	0	0	14.405745	0
LT934125.1	81815	-	27.285874	0	0	241.779497	0	0
LT934125.1	81821	-	0	0	24.301041	0	0	62.932662
LT934125.1	81831	-	0	0	0	0	0	62.932662
LT934125.1	81834	-	0	0	48.602083	0	25.210054	62.932662
LT934125.1	81836	-	27.285874	0	97.204165	0	0	188.797986
LT934125.1	81840	-	327.430489	0	0	0	36.014363	0
LT934125.1	81842	-	27.285874	0	24.301041	0	21.608618	125.865324
LT934125.1	81854	-	0	0	0	0	0	62.932662
LT934125.1	81856	-	0	0	0	0	0	62.932662
LT934125.1	81862	-	0	0	0	0	0	62.932662
LT934125.1	81872	-	0	0	0	0	0	62.932662
LT934125.1	81874	-	0	0	0	0	0	62.932662
LT934125.1	81879	-	0	0	0	0	0	62.932662
LT934125.1	81881	-	0	0	0	241.779497	0	62.932662
LT934125.1	81884	-	0	0	0	0	0	62.932662
LT934125.1	81886	-	27.285874	0	0	0	0	0
LT934125.1	81887	-	0	0	0	0	0	62.932662
LT934125.1	81889	-	0	0	48.602083	0	54.021544	629.326621
LT934125.1	81893	-	81.857622	0	145.806248	241.779497	54.021544	440.528634
LT934125.1	81897	-	136.429371	0	145.806248	0	64.825853	62.932662
LT934125.1	81900	-	27.285874	0	0	0	0	566.393958
LT934125.1	81902	-	0	0	24.301041	0	0	0
LT934125.1	81920	-	27.285874	0	0	0	0	0
LT934125.1	82010	-	27.285874	0	0	0	0	0
LT934125.1	82023	-	0	0	60.752603	0	36.014363	0
LT934125.1	82024	-	54.571748	0	0	0	18.007181	0
LT934125.1	82026	-	0	0	0	0	28.81149	0
LT934125.1	82057	-	27.285874	0	0	0	0	0
LT934125.1	82076	-	54.571748	0	0	0	0	0
LT934125.1	82139	-	0	0	24.301041	0	0	0
LT934125.1	82203	-	0	0	0	0	0	62.932662
LT934125.1	82212	-	0	0	0	0	0	62.932662
LT934125.1	82433	-	27.285874	0	0	0	0	0
LT934125.1	82812	-	27.285874	0	0	0	0	0
LT934125.1	83103	-	0	0	24.301041	0	0	0
LT934125.1	83202	-	0	0	24.301041	0	28.81149	62.932662
LT934125.1	83205	-	27.285874	0	0	0	0	0
LT934125.1	83225	-	27.285874	0	0	0	0	0
LT934125.1	83286	-	0	567.859171	0	0	0	0
LT934125.1	83713	-	27.285874	0	0	0	0	0
LT934125.1	83926	-	0	0	0	0	14.405745	0
LT934125.1	84476	-	27.285874	0	0	0	0	0
LT934125.1	84518	-	27.285874	0	0	0	0	0
LT934125.1	84963	-	27.285874	0	0	0	0	0
LT934125.1	85656	-	0	0	0	0	54.021544	0
LT934125.1	85981	-	27.285874	0	0	0	0	0
LT934125.1	86359	-	27.285874	0	0	0	0	0
LT934125.1	86403	-	0	0	0	0	0	62.932662
LT934125.1	86459	-	27.285874	0	0	0	0	0
LT934125.1	86486	-	27.285874	0	0	0	0	0
LT934125.1	86581	-	0	0	0	0	0	62.932662
LT934125.1	86584	-	27.285874	0	0	0	0	0
LT934125.1	86620	-	27.285874	0	0	0	0	0
LT934125.1	86709	-	27.285874	0	0	0	0	0
LT934125.1	86752	-	0	0	0	0	0	62.932662
LT934125.1	86821	-	0	0	0	0	0	62.932662
LT934125.1	86889	-	0	0	0	0	0	62.932662
LT934125.1	86898	-	27.285874	0	0	0	0	0
LT934125.1	86907	-	27.285874	0	0	0	0	0
LT934125.1	86928	-	0	0	0	0	0	62.932662
LT934125.1	86941	-	27.285874	0	0	0	0	0
LT934125.1	86978	-	27.285874	0	0	0	0	0
LT934125.1	86999	-	27.285874	0	0	0	0	0
LT934125.1	87028	-	27.285874	0	0	0	0	0
LT934125.1	87039	-	27.285874	0	0	0	0	0
LT934125.1	87129	-	27.285874	0	0	0	0	0
LT934125.1	87157	-	0	0	97.204165	241.779497	72.028725	125.865324
LT934125.1	87158	-	0	0	24.301041	0	0	0
LT934125.1	87160	-	0	567.859171	0	0	0	0
LT934125.1	87161	-	27.285874	1135.718342	267.311454	0	144.05745	755.191945
LT934125.1	87162	-	27.285874	0	0	0	0	377.595972
LT934125.1	87163	-	54.571748	0	0	0	0	0
LT934125.1	87165	-	0	0	0	0	302.520645	0
LT934125.1	87209	-	27.285874	0	0	0	0	0
LT934125.1	87415	-	0	0	0	0	0	62.932662
LT934125.1	87446	-	0	0	0	0	0	62.932662
LT934125.1	87447	-	27.285874	0	0	0	14.405745	125.865324
LT934125.1	87448	-	0	0	0	0	0	62.932662
LT934125.1	87680	-	27.285874	0	0	0	0	0
LT934125.1	87726	-	0	0	0	0	0	62.932662
LT934125.1	87883	-	0	0	0	0	0	62.932662
LT934125.1	87956	-	27.285874	0	0	0	0	0
LT934125.1	87977	-	27.285874	0	0	0	0	0
LT934125.1	88003	-	0	0	24.301041	0	0	62.932662
LT934125.1	88471	-	27.285874	0	0	0	0	0
LT934125.1	88555	-	0	0	0	241.779497	0	0
LT934125.1	88864	-	0	0	0	0	0	62.932662
LT934125.1	88900	-	27.285874	0	0	0	0	0
LT934125.1	89077	-	54.571748	0	0	0	82.833034	0
LT934125.1	89078	-	0	0	194.40833	0	201.68043	0
LT934125.1	89079	-	272.858741	0	656.128115	241.779497	471.788149	692.259283
LT934125.1	89080	-	0	0	0	0	0	62.932662
LT934125.1	89081	-	27.285874	0	60.752603	0	64.825853	125.865324
LT934125.1	89082	-	0	0	0	0	43.217235	0
LT934125.1	89083	-	0	0	0	241.779497	0	0
LT934125.1	89145	-	27.285874	0	0	0	0	0
LT934125.1	89152	-	0	0	0	0	0	62.932662
LT934125.1	89153	-	191.001119	567.859171	157.956768	483.558994	25.210054	251.730648
LT934125.1	89156	-	0	0	24.301041	0	0	0
LT934125.1	89162	-	27.285874	0	0	0	0	62.932662
LT934125.1	89226	-	27.285874	0	0	0	0	0
LT934125.1	89377	-	27.285874	0	0	0	0	0
LT934125.1	89380	-	27.285874	0	0	0	0	0
LT934125.1	89388	-	27.285874	0	0	0	0	0
LT934125.1	89404	-	0	0	24.301041	0	0	0
LT934125.1	89437	-	0	0	24.301041	0	0	0
LT934125.1	89612	-	27.285874	0	0	0	0	0
LT934125.1	89614	-	0	0	0	0	0	62.932662
LT934125.1	89627	-	0	0	0	241.779497	0	0
LT934125.1	89628	-	81.857622	0	36.451562	0	0	0
LT934125.1	89634	-	27.285874	0	0	241.779497	0	0
LT934125.1	89638	-	27.285874	0	0	0	0	0
LT934125.1	89642	-	0	567.859171	0	0	0	0
LT934125.1	89693	-	27.285874	0	0	0	0	0
LT934125.1	89828	-	54.571748	0	0	0	0	0
LT934125.1	89855	-	27.285874	0	0	0	0	0
LT934125.1	89868	-	27.285874	0	0	0	0	0
LT934125.1	90202	-	27.285874	0	0	0	0	0
LT934125.1	90326	-	27.285874	0	0	0	0	0
LT934125.1	90327	-	0	0	0	0	0	62.932662
LT934125.1	90482	-	27.285874	0	0	0	0	0
LT934125.1	90997	-	27.285874	0	0	0	0	0
LT934125.1	91115	-	0	0	0	0	0	62.932662
LT934125.1	91127	-	54.571748	0	24.301041	0	0	0
LT934125.1	91130	-	0	0	24.301041	0	0	0
LT934125.1	91133	-	27.285874	0	0	0	0	0
LT934125.1	91257	-	27.285874	0	0	0	0	0
LT934125.1	91277	-	81.857622	0	0	0	21.608618	0
LT934125.1	91309	-	27.285874	0	0	0	0	0
LT934125.1	91355	-	0	0	0	0	72.028725	0
LT934125.1	91356	-	0	0	0	241.779497	25.210054	0
LT934125.1	91357	-	81.857622	567.859171	48.602083	0	162.064631	62.932662
LT934125.1	91359	-	54.571748	0	0	0	0	0
LT934125.1	91361	-	0	0	0	0	14.405745	0
LT934125.1	91437	-	27.285874	0	0	0	0	0
LT934125.1	91493	-	27.285874	0	0	0	14.405745	0
LT934125.1	91515	-	0	0	24.301041	0	0	0
LT934125.1	91520	-	0	0	24.301041	0	0	0
LT934125.1	91797	-	27.285874	0	0	0	0	0
LT934125.1	91995	-	0	0	0	0	14.405745	0
LT934125.1	92074	-	27.285874	0	0	0	0	0
LT934125.1	92125	-	27.285874	0	0	0	0	0
LT934125.1	92157	-	27.285874	0	0	0	0	0
LT934125.1	92217	-	27.285874	0	0	0	0	0
LT934125.1	92219	-	27.285874	0	0	0	0	0
LT934125.1	92274	-	27.285874	0	0	0	0	0
LT934125.1	92283	-	27.285874	0	0	0	0	0
LT934125.1	92303	-	54.571748	0	0	0	0	0
LT934125.1	92362	-	27.285874	0	0	0	0	0
LT934125.1	92377	-	0	0	0	0	0	62.932662
LT934125.1	92413	-	0	567.859171	0	0	0	0
LT934125.1	92418	-	27.285874	0	0	0	0	0
LT934125.1	92481	-	136.429371	0	97.204165	0	0	0
LT934125.1	92489	-	27.285874	0	36.451562	0	0	0
LT934125.1	92494	-	54.571748	0	0	0	0	0
LT934125.1	92503	-	109.143496	0	24.301041	0	0	0
LT934125.1	92509	-	54.571748	0	24.301041	0	0	0
LT934125.1	92515	-	0	0	0	0	0	62.932662
LT934125.1	92516	-	0	0	24.301041	0	0	0
LT934125.1	92518	-	0	0	0	0	21.608618	0
LT934125.1	92521	-	0	0	24.301041	0	0	0
LT934125.1	92527	-	163.715245	0	145.806248	0	18.007181	0
LT934125.1	92528	-	0	0	0	0	54.021544	0
LT934125.1	92530	-	0	0	24.301041	0	0	0
LT934125.1	92532	-	0	0	24.301041	0	0	0
LT934125.1	92550	-	27.285874	0	0	0	0	0
LT934125.1	92554	-	27.285874	0	0	0	0	0
LT934125.1	92565	-	0	0	0	0	36.014363	0
LT934125.1	92566	-	27.285874	0	24.301041	0	0	0
LT934125.1	92568	-	136.429371	0	0	0	0	0
LT934125.1	92571	-	27.285874	0	0	0	0	0
LT934125.1	92584	-	27.285874	0	0	0	21.608618	0
LT934125.1	92585	-	27.285874	0	24.301041	0	14.405745	0
LT934125.1	92587	-	27.285874	0	0	0	18.007181	0
LT934125.1	92588	-	81.857622	0	0	0	0	0
LT934125.1	92600	-	27.285874	0	0	0	0	0
LT934125.1	92605	-	0	0	0	0	18.007181	0
LT934125.1	92609	-	27.285874	0	0	0	0	0
LT934125.1	92624	-	0	0	0	0	0	62.932662
LT934125.1	92627	-	27.285874	0	0	0	0	0
LT934125.1	92629	-	136.429371	0	72.903124	0	0	62.932662
LT934125.1	92630	-	0	0	0	0	46.818671	0
LT934125.1	92631	-	163.715245	567.859171	0	0	111.644524	62.932662
LT934125.1	92632	-	81.857622	0	0	0	39.615799	0
LT934125.1	92633	-	0	0	24.301041	0	0	0
LT934125.1	92647	-	27.285874	0	0	0	0	0
LT934125.1	92670	-	109.143496	0	0	0	0	0
LT934125.1	92686	-	0	0	0	0	0	62.932662
LT934125.1	92687	-	0	0	0	0	18.007181	0
LT934125.1	92734	-	109.143496	0	24.301041	0	0	0
LT934125.1	92735	-	0	567.859171	0	0	21.608618	0
LT934125.1	92755	-	27.285874	0	24.301041	0	0	0
LT934125.1	92766	-	0	0	24.301041	0	0	0
LT934125.1	92772	-	54.571748	0	0	0	0	0
LT934125.1	92773	-	27.285874	567.859171	24.301041	0	0	62.932662
LT934125.1	92774	-	81.857622	0	0	0	61.224416	62.932662
LT934125.1	92777	-	0	0	0	0	14.405745	0
LT934125.1	92783	-	0	0	24.301041	0	0	0
LT934125.1	92786	-	27.285874	0	0	0	0	0
LT934125.1	92791	-	27.285874	0	24.301041	0	0	0
LT934125.1	92806	-	27.285874	0	0	0	0	0
LT934125.1	92808	-	27.285874	0	0	0	0	0
LT934125.1	92883	-	27.285874	0	0	0	0	0
LT934125.1	92913	-	0	0	0	0	14.405745	0
LT934125.1	92915	-	0	0	24.301041	0	0	62.932662
LT934125.1	92916	-	0	0	0	0	39.615799	0
LT934125.1	92917	-	0	0	0	0	18.007181	0
LT934125.1	92928	-	0	0	0	0	18.007181	0
LT934125.1	92931	-	682.146853	1135.718342	947.740611	0	2650.657082	251.730648
LT934125.1	92932	-	0	567.859171	0	0	0	0
LT934125.1	92933	-	6548.609785	5678.591709	9999.878495	4110.251451	35103.199156	4845.814978
LT934125.1	92934	-	327.430489	0	0	483.558994	1332.531414	377.595972
LT934125.1	92935	-	0	0	0	0	579.831237	0
LT934125.1	92936	-	300.144615	567.859171	157.956768	725.338491	2196.876114	629.326621
LT934125.1	92937	-	0	0	388.816661	0	0	0
LT934125.1	92939	-	0	0	340.214578	0	0	0
LT934125.1	92940	-	163.715245	0	0	0	0	0
LT934125.1	92941	-	0	0	0	0	14.405745	0
LT934125.1	92969	-	27.285874	0	0	0	0	0
LT934125.1	92982	-	27.285874	0	0	0	0	0
LT934125.1	93102	-	27.285874	0	0	0	0	0
LT934125.1	93166	-	27.285874	0	0	0	0	0
LT934125.1	93186	-	0	0	0	241.779497	0	0
LT934125.1	93195	-	0	0	48.602083	0	0	0
LT934125.1	93211	-	0	0	0	0	0	62.932662
LT934125.1	93234	-	0	0	0	0	0	62.932662
LT934125.1	93240	-	0	0	24.301041	0	0	0
LT934125.1	93262	-	0	0	36.451562	0	0	0
LT934125.1	93263	-	27.285874	567.859171	0	0	64.825853	0
LT934125.1	93264	-	0	0	48.602083	0	14.405745	0
LT934125.1	93266	-	0	0	0	0	0	125.865324
LT934125.1	93278	-	27.285874	0	0	0	21.608618	125.865324
LT934125.1	93280	-	27.285874	0	0	0	0	0
LT934125.1	93287	-	54.571748	0	0	0	0	0
LT934125.1	93289	-	81.857622	567.859171	24.301041	0	36.014363	125.865324
LT934125.1	93290	-	54.571748	0	72.903124	0	39.615799	0
LT934125.1	93291	-	0	0	36.451562	0	0	0
LT934125.1	93293	-	0	0	0	0	0	62.932662
LT934125.1	93294	-	0	0	0	0	21.608618	62.932662
LT934125.1	93295	-	54.571748	0	0	0	0	0
LT934125.1	93296	-	81.857622	0	24.301041	0	0	0
LT934125.1	93309	-	27.285874	0	0	0	0	0
LT934125.1	93360	-	27.285874	0	0	0	0	0
LT934125.1	93363	-	0	0	0	0	0	62.932662
LT934125.1	93376	-	27.285874	0	0	0	0	0
LT934125.1	93377	-	27.285874	0	0	0	0	0
LT934125.1	93378	-	54.571748	0	0	241.779497	43.217235	0
LT934125.1	93379	-	0	0	60.752603	0	0	0
LT934125.1	93386	-	27.285874	0	0	0	0	0
LT934125.1	93394	-	27.285874	0	0	0	0	62.932662
LT934125.1	93402	-	27.285874	0	0	0	0	0
LT934125.1	93418	-	27.285874	0	0	0	0	0
LT934125.1	93441	-	27.285874	567.859171	0	0	0	0
LT934125.1	93443	-	27.285874	0	0	0	0	0
LT934125.1	93445	-	0	0	24.301041	0	0	0
LT934125.1	93453	-	27.285874	0	0	0	0	0
LT934125.1	93455	-	27.285874	0	0	0	0	62.932662
LT934125.1	93456	-	0	0	36.451562	0	0	0
LT934125.1	93466	-	600.28923	0	0	0	165.666068	188.797986
LT934125.1	93467	-	27.285874	0	267.311454	241.779497	0	62.932662
LT934125.1	93469	-	54.571748	0	0	0	0	0
LT934125.1	93471	-	54.571748	0	0	0	0	62.932662
LT934125.1	93472	-	136.429371	567.859171	0	0	147.658886	881.057269
LT934125.1	93473	-	0	0	48.602083	241.779497	0	0
LT934125.1	93474	-	0	0	0	0	0	62.932662
LT934125.1	93477	-	27.285874	0	0	0	0	0
LT934125.1	93479	-	27.285874	0	0	0	25.210054	188.797986
LT934125.1	93480	-	54.571748	0	0	241.779497	0	0
LT934125.1	93483	-	0	0	0	0	0	62.932662
LT934125.1	93494	-	0	0	0	0	0	62.932662
LT934125.1	93515	-	27.285874	0	0	0	18.007181	0
LT934125.1	93571	-	109.143496	0	24.301041	0	0	62.932662
LT934125.1	93572	-	0	0	0	0	18.007181	0
LT934125.1	93577	-	0	0	0	0	28.81149	0
LT934125.1	93578	-	0	0	24.301041	241.779497	0	0
LT934125.1	93580	-	27.285874	0	0	0	0	0
LT934125.1	93651	-	27.285874	0	0	0	0	62.932662
LT934125.1	93652	-	0	0	0	0	14.405745	0
LT934125.1	93654	-	1391.579579	567.859171	850.536445	1934.235977	1451.37881	1636.249213
LT934125.1	93655	-	27.285874	567.859171	0	0	0	0
LT934125.1	93656	-	0	0	0	0	97.238779	0
LT934125.1	93657	-	0	0	36.451562	241.779497	0	0
LT934125.1	93735	-	27.285874	0	0	0	0	0
LT934125.1	93805	-	0	0	0	0	0	62.932662
LT934125.1	93831	-	27.285874	0	0	0	0	0
LT934125.1	93850	-	27.285874	0	0	0	0	0
LT934125.1	93851	-	0	0	48.602083	0	0	0
LT934125.1	93872	-	27.285874	0	0	0	0	0
LT934125.1	93935	-	0	0	0	0	0	62.932662
LT934125.1	93940	-	54.571748	0	0	0	0	0
LT934125.1	93941	-	54.571748	0	0	0	0	0
LT934125.1	93945	-	27.285874	0	0	0	0	62.932662
LT934125.1	93983	-	54.571748	0	0	0	0	0
LT934125.1	94069	-	0	0	0	0	0	62.932662
LT934125.1	94108	-	27.285874	0	24.301041	0	0	62.932662
LT934125.1	94151	-	0	0	0	241.779497	0	0
LT934125.1	94189	-	27.285874	0	0	0	0	0
LT934125.1	94198	-	27.285874	0	24.301041	0	0	0
LT934125.1	94201	-	0	0	0	0	0	62.932662
LT934125.1	94204	-	27.285874	0	0	0	0	0
LT934125.1	94246	-	27.285874	0	0	0	0	62.932662
LT934125.1	94265	-	0	0	0	0	0	62.932662
LT934125.1	94276	-	54.571748	0	0	0	0	0
LT934125.1	94285	-	27.285874	0	0	0	0	0
LT934125.1	94291	-	27.285874	0	0	0	0	0
LT934125.1	94330	-	27.285874	0	0	0	0	0
LT934125.1	94354	-	0	0	0	0	0	62.932662
LT934125.1	94405	-	0	0	0	0	0	62.932662
LT934125.1	94411	-	0	0	0	0	0	62.932662
LT934125.1	94447	-	27.285874	0	0	0	0	0
LT934125.1	94458	-	27.285874	0	0	0	50.420108	0
LT934125.1	94460	-	0	0	0	0	36.014363	0
LT934125.1	94500	-	27.285874	0	0	0	0	0
LT934125.1	94508	-	0	0	0	0	0	62.932662
LT934125.1	94526	-	927.71972	567.859171	340.214578	1934.235977	565.425492	2013.845186
LT934125.1	94528	-	136.429371	567.859171	24.301041	0	50.420108	440.528634
LT934125.1	94529	-	272.858741	0	303.763016	0	36.014363	881.057269
LT934125.1	94530	-	0	0	0	241.779497	79.231598	0
LT934125.1	94532	-	27.285874	0	0	0	0	0
LT934125.1	94533	-	81.857622	0	0	0	0	0
LT934125.1	94554	-	27.285874	567.859171	60.752603	0	0	125.865324
LT934125.1	94564	-	54.571748	0	0	0	0	0
LT934125.1	94565	-	27.285874	0	0	0	0	188.797986
LT934125.1	94617	-	27.285874	0	0	0	0	62.932662
LT934125.1	94622	-	54.571748	0	0	0	14.405745	62.932662
LT934125.1	94623	-	0	0	24.301041	0	0	0
LT934125.1	94659	-	27.285874	0	0	0	0	0
LT934125.1	94661	-	27.285874	0	0	0	0	0
LT934125.1	94730	-	27.285874	0	0	0	0	0
LT934125.1	94737	-	0	0	0	241.779497	0	0
LT934125.1	94747	-	27.285874	0	0	0	0	0
LT934125.1	94755	-	27.285874	0	0	0	0	0
LT934125.1	94789	-	27.285874	0	0	0	0	62.932662
LT934125.1	94823	-	27.285874	0	0	0	0	0
LT934125.1	94849	-	0	0	0	0	0	62.932662
LT934125.1	94861	-	0	0	0	0	0	62.932662
LT934125.1	94862	-	0	0	0	0	0	125.865324
LT934125.1	94863	-	0	0	0	0	0	125.865324
LT934125.1	94864	-	0	0	0	0	21.608618	0
LT934125.1	94868	-	54.571748	0	0	0	0	0
LT934125.1	94871	-	27.285874	0	0	0	0	0
LT934125.1	94874	-	0	0	0	0	14.405745	0
LT934125.1	94883	-	27.285874	0	0	0	0	0
LT934125.1	94884	-	54.571748	0	0	0	50.420108	125.865324
LT934125.1	94885	-	136.429371	567.859171	36.451562	0	21.608618	125.865324
LT934125.1	94890	-	27.285874	0	0	241.779497	0	62.932662
LT934125.1	94911	-	27.285874	0	0	0	0	0
LT934125.1	94914	-	27.285874	0	0	0	0	62.932662
LT934125.1	94926	-	27.285874	0	0	0	0	0
LT934125.1	94934	-	27.285874	0	0	0	0	0
LT934125.1	94943	-	573.003356	1135.718342	473.870305	241.779497	241.296229	251.730648
LT934125.1	94944	-	109.143496	0	0	0	32.412926	62.932662
LT934125.1	94945	-	300.144615	0	376.66614	0	244.897665	692.259283
LT934125.1	94946	-	4311.168108	7950.028393	0	0	3342.132843	5349.276274
LT934125.1	94947	-	3656.30713	5110.732538	10510.200362	14506.769826	2117.644517	4531.151668
LT934125.1	94948	-	573.003356	2271.436684	425.268223	2176.015474	198.078994	1762.114537
LT934125.1	94949	-	54.571748	0	36.451562	0	18.007181	0
LT934125.1	94950	-	81.857622	0	36.451562	241.779497	14.405745	0
LT934125.1	94974	-	54.571748	0	0	0	0	0
LT934125.1	94977	-	27.285874	0	24.301041	0	0	0
LT934125.1	94979	-	27.285874	0	0	0	0	0
LT934125.1	94980	-	27.285874	0	0	0	36.014363	0
LT934125.1	95006	-	81.857622	0	24.301041	0	14.405745	62.932662
LT934125.1	95016	-	0	0	24.301041	0	0	0
LT934125.1	95018	-	27.285874	0	24.301041	241.779497	0	0
LT934125.1	95022	-	0	567.859171	0	0	0	0
LT934125.1	95145	-	27.285874	0	0	0	0	0
LT934125.1	95155	-	0	0	0	0	0	62.932662
LT934125.1	95392	-	27.285874	0	0	0	0	0
LT934125.1	95506	-	27.285874	0	0	0	0	0
LT934125.1	95564	-	27.285874	0	0	0	0	0
LT934125.1	95567	-	0	0	24.301041	0	0	0
LT934125.1	95691	-	54.571748	0	0	0	0	0
LT934125.1	95694	-	163.715245	567.859171	72.903124	241.779497	111.644524	0
LT934125.1	95792	-	27.285874	0	0	0	0	0
LT934125.1	95868	-	27.285874	0	0	0	0	0
LT934125.1	95870	-	0	0	0	0	0	62.932662
LT934125.1	95881	-	0	0	24.301041	0	0	0
LT934125.1	95885	-	0	0	0	241.779497	0	0
LT934125.1	95933	-	0	567.859171	0	0	0	0
LT934125.1	95937	-	27.285874	0	0	0	0	0
LT934125.1	95978	-	27.285874	0	0	0	0	0
LT934125.1	96086	-	54.571748	0	0	0	0	62.932662
LT934125.1	96108	-	27.285874	0	0	0	0	0
LT934125.1	96115	-	0	0	0	0	0	125.865324
LT934125.1	96119	-	0	0	0	0	0	62.932662
LT934125.1	96121	-	0	567.859171	0	0	0	0
LT934125.1	96137	-	0	0	0	241.779497	0	0
LT934125.1	96140	-	54.571748	0	0	0	0	0
LT934125.1	96142	-	27.285874	0	0	0	0	0
LT934125.1	96143	-	0	0	0	241.779497	0	0
LT934125.1	96146	-	81.857622	0	72.903124	0	0	0
LT934125.1	96147	-	54.571748	0	0	0	0	0
LT934125.1	96149	-	81.857622	0	60.752603	0	0	0
LT934125.1	96150	-	0	0	0	0	0	62.932662
LT934125.1	96167	-	27.285874	567.859171	0	0	0	0
LT934125.1	96168	-	0	0	36.451562	0	0	0
LT934125.1	96180	-	0	0	0	0	0	440.528634
LT934125.1	96181	-	0	567.859171	0	0	0	0
LT934125.1	96189	-	0	0	0	0	0	62.932662
LT934125.1	96191	-	0	0	0	0	0	62.932662
LT934125.1	96193	-	0	0	0	0	0	62.932662
LT934125.1	96208	-	0	0	0	0	0	62.932662
LT934125.1	96210	-	0	0	0	0	0	62.932662
LT934125.1	96212	-	0	0	0	0	0	62.932662
LT934125.1	96231	-	0	0	36.451562	0	0	0
LT934125.1	96234	-	0	0	0	0	0	62.932662
LT934125.1	96240	-	0	567.859171	0	0	0	0
LT934125.1	96241	-	0	0	0	0	0	62.932662
LT934125.1	96282	-	54.571748	0	0	0	0	0
LT934125.1	96287	-	0	0	0	0	0	188.797986
LT934125.1	96288	-	0	567.859171	0	0	0	0
LT934125.1	96289	-	0	0	0	0	14.405745	0
LT934125.1	96290	-	27.285874	0	0	0	0	0
LT934125.1	96297	-	0	567.859171	0	0	0	0
LT934125.1	96299	-	0	0	0	0	0	62.932662
LT934125.1	96303	-	27.285874	0	0	0	0	0
LT934125.1	96304	-	0	0	0	0	0	188.797986
LT934125.1	96305	-	0	567.859171	0	0	0	440.528634
LT934125.1	96309	-	0	0	0	0	0	62.932662
LT934125.1	96320	-	0	0	0	0	0	62.932662
LT934125.1	96354	-	0	0	0	0	0	62.932662
LT934125.1	96366	-	0	0	0	0	0	125.865324
LT934125.1	96369	-	0	567.859171	0	0	0	0
LT934125.1	96380	-	0	0	0	0	0	62.932662
LT934125.1	96385	-	0	0	0	0	0	62.932662
LT934125.1	96389	-	0	0	0	0	0	62.932662
LT934125.1	96421	-	0	567.859171	0	0	0	0
LT934125.1	96422	-	0	567.859171	0	0	0	0
LT934125.1	96441	-	0	0	0	0	0	62.932662
LT934125.1	96481	-	0	0	0	0	0	62.932662
LT934125.1	96540	-	27.285874	0	0	0	0	0
LT934125.1	96554	-	0	0	0	0	0	62.932662
LT934125.1	96587	-	0	0	0	0	0	62.932662
LT934125.1	96588	-	0	0	0	0	0	62.932662
LT934125.1	96596	-	27.285874	0	0	0	0	0
LT934125.1	96598	-	54.571748	0	0	0	39.615799	62.932662
LT934125.1	96600	-	27.285874	0	0	0	0	0
LT934125.1	96603	-	54.571748	0	0	0	0	0
LT934125.1	96660	-	0	0	0	0	0	62.932662
LT934125.1	96698	-	27.285874	0	0	0	0	0
LT934125.1	96727	-	0	0	0	0	0	62.932662
LT934125.1	96729	-	27.285874	567.859171	0	0	0	0
LT934125.1	96763	-	0	0	0	0	0	62.932662
LT934125.1	96767	-	0	567.859171	0	0	0	0
LT934125.1	96834	-	0	0	0	483.558994	0	0
LT934125.1	96835	-	0	0	0	0	0	62.932662
LT934125.1	96846	-	27.285874	0	0	0	0	0
LT934125.1	96906	-	27.285874	0	0	0	0	62.932662
LT934125.1	96919	-	27.285874	0	0	0	0	0
LT934125.1	96923	-	27.285874	0	0	241.779497	0	0
LT934125.1	96929	-	27.285874	0	0	0	0	0
LT934125.1	96959	-	0	567.859171	0	0	0	0
LT934125.1	96960	-	27.285874	0	0	0	0	0
LT934125.1	96961	-	191.001119	567.859171	0	0	0	503.461296
LT934125.1	96962	-	27.285874	0	170.107289	241.779497	0	0
LT934125.1	96971	-	0	0	0	0	0	62.932662
LT934125.1	96972	-	0	0	0	0	0	125.865324
LT934125.1	96979	-	136.429371	567.859171	0	0	0	251.730648
LT934125.1	96980	-	54.571748	0	36.451562	0	0	125.865324
LT934125.1	96981	-	0	0	24.301041	0	0	0
LT934125.1	96983	-	0	0	0	241.779497	0	0
LT934125.1	96987	-	0	567.859171	0	0	0	0
LT934125.1	97005	-	27.285874	0	0	0	0	0
LT934125.1	97017	-	54.571748	0	0	0	0	0
LT934125.1	97020	-	54.571748	0	0	0	0	62.932662
LT934125.1	97022	-	0	0	0	0	0	125.865324
LT934125.1	97023	-	54.571748	0	0	0	0	0
LT934125.1	97050	-	0	0	24.301041	0	0	0
LT934125.1	97076	-	27.285874	0	0	0	0	0
LT934125.1	97080	-	0	567.859171	0	0	0	0
LT934125.1	97087	-	0	0	0	0	0	62.932662
LT934125.1	97116	-	27.285874	0	0	0	0	0
LT934125.1	97122	-	0	0	0	0	18.007181	0
LT934125.1	97170	-	0	0	24.301041	0	0	0
LT934125.1	97174	-	0	567.859171	24.301041	483.558994	0	0
LT934125.1	97176	-	0	0	0	0	0	62.932662
LT934125.1	97178	-	163.715245	0	0	0	0	0
LT934125.1	97194	-	0	0	0	0	0	62.932662
LT934125.1	97288	-	0	567.859171	0	0	0	62.932662
LT934125.1	97291	-	27.285874	0	0	0	0	0
LT934125.1	97313	-	27.285874	0	0	0	0	0
LT934125.1	97317	-	27.285874	0	0	0	0	62.932662
LT934125.1	97320	-	0	0	0	0	0	125.865324
LT934125.1	97324	-	0	0	0	0	0	62.932662
LT934125.1	97326	-	0	0	0	0	0	62.932662
LT934125.1	97330	-	54.571748	0	0	0	0	0
LT934125.1	97335	-	0	0	0	0	0	62.932662
LT934125.1	97337	-	409.288112	1135.718342	24.301041	4593.810445	28.81149	7992.448081
LT934125.1	97338	-	0	0	0	0	0	125.865324
LT934125.1	97339	-	1500.723076	5110.732538	1725.373932	8945.841393	136.854578	17495.28005
LT934125.1	97340	-	54.571748	0	595.375512	725.338491	0	881.057269
LT934125.1	97341	-	0	0	0	0	0	62.932662
LT934125.1	97342	-	81.857622	567.859171	0	241.779497	0	566.393958
LT934125.1	97343	-	245.572867	567.859171	0	241.779497	14.405745	1762.114537
LT934125.1	97344	-	0	0	36.451562	967.117988	0	62.932662
LT934125.1	97346	-	0	0	60.752603	0	0	0
LT934125.1	97361	-	1773.581817	5110.732538	1263.654148	6044.487427	478.991022	14537.444934
LT934125.1	97362	-	0	0	0	0	25.210054	0
LT934125.1	97363	-	0	0	0	0	0	125.865324
LT934125.1	97364	-	0	0	0	241.779497	0	0
LT934125.1	97365	-	27.285874	0	36.451562	0	0	503.461296
LT934125.1	97366	-	54.571748	0	0	0	0	188.797986
LT934125.1	97367	-	0	0	24.301041	0	0	0
LT934125.1	97368	-	54.571748	567.859171	36.451562	241.779497	0	0
LT934125.1	97371	-	0	0	0	0	0	62.932662
LT934125.1	97372	-	0	0	24.301041	0	0	0
LT934125.1	97401	-	27.285874	0	0	0	0	0
LT934125.1	98164	-	27.285874	0	0	0	0	0
LT934125.1	98246	-	27.285874	0	0	0	0	0
LT934125.1	98305	-	27.285874	0	0	0	0	0
LT934125.1	98326	-	27.285874	0	0	0	0	0
LT934125.1	98399	-	54.571748	0	36.451562	0	28.81149	0
LT934125.1	98413	-	0	0	0	0	0	62.932662
LT934125.1	98415	-	163.715245	0	60.752603	0	32.412926	62.932662
LT934125.1	98417	-	27.285874	0	0	241.779497	0	0
LT934125.1	98540	-	0	0	0	0	25.210054	0
LT934125.1	98551	-	0	0	0	0	14.405745	0
LT934125.1	98563	-	27.285874	0	0	0	28.81149	0
LT934125.1	98564	-	0	0	0	0	14.405745	0
LT934125.1	98570	-	0	0	0	0	21.608618	0
LT934125.1	98589	-	0	0	0	241.779497	0	0
LT934125.1	98596	-	54.571748	0	145.806248	0	0	125.865324
LT934125.1	98599	-	0	0	60.752603	0	0	0
LT934125.1	98666	-	0	0	0	241.779497	0	0
LT934125.1	98692	-	0	0	0	0	0	62.932662
LT934125.1	98729	-	27.285874	0	0	0	0	0
LT934125.1	98759	-	0	0	24.301041	0	0	0
LT934125.1	98816	-	0	0	24.301041	0	0	0
LT934125.1	98836	-	54.571748	0	0	0	0	0
LT934125.1	98849	-	27.285874	0	0	0	0	0
LT934125.1	98851	-	27.285874	0	0	0	0	0
LT934125.1	98884	-	27.285874	0	0	0	0	0
LT934125.1	98890	-	27.285874	0	0	0	0	0
LT934125.1	98927	-	0	0	0	0	14.405745	0
LT934125.1	98970	-	0	0	0	241.779497	0	62.932662
LT934125.1	98973	-	54.571748	0	0	0	0	0
LT934125.1	98986	-	27.285874	0	24.301041	241.779497	0	0
LT934125.1	99018	-	0	0	24.301041	0	0	0
LT934125.1	99028	-	0	0	0	241.779497	0	0
LT934125.1	99200	-	27.285874	0	0	0	0	0
LT934125.1	99396	-	27.285874	0	0	0	0	0
LT934125.1	99559	-	0	0	0	241.779497	0	0
LT934125.1	99563	-	0	0	0	241.779497	0	0
LT934125.1	99698	-	0	567.859171	0	0	0	0
LT934125.1	99703	-	27.285874	0	0	0	0	0
LT934125.1	99729	-	27.285874	0	0	0	0	0
LT934125.1	99776	-	0	0	0	241.779497	0	0
LT934125.1	99777	-	0	0	24.301041	0	0	0
LT934125.1	99839	-	0	0	0	241.779497	0	0
LT934125.1	99840	-	0	0	36.451562	0	0	0
LT934125.1	99849	-	27.285874	0	0	0	0	0
LT934125.1	99958	-	27.285874	0	0	0	0	0
LT934125.1	100060	-	27.285874	0	0	0	0	0
LT934125.1	100128	-	0	0	48.602083	0	14.405745	0
LT934125.1	100225	-	0	0	0	0	0	62.932662
LT934125.1	100235	-	0	0	24.301041	0	0	0
LT934125.1	100243	-	0	0	0	0	0	62.932662
LT934125.1	100251	-	0	0	24.301041	0	0	0
LT934125.1	100292	-	27.285874	0	0	0	0	0
LT934125.1	100334	-	27.285874	0	0	0	0	0
LT934125.1	100776	-	0	0	0	241.779497	0	0
LT934125.1	100952	-	27.285874	0	0	0	0	0
LT934125.1	101111	-	0	0	0	0	21.608618	0
LT934125.1	101197	-	0	0	0	0	14.405745	0
LT934125.1	101199	-	0	0	0	0	25.210054	0
LT934125.1	101237	-	0	0	0	0	18.007181	0
LT934125.1	101240	-	0	0	0	0	90.035906	0
LT934125.1	101324	-	27.285874	0	0	0	0	0
LT934125.1	101390	-	27.285874	0	0	0	0	0
LT934125.1	101407	-	27.285874	0	0	0	0	0
LT934125.1	101449	-	0	0	24.301041	0	0	0
LT934125.1	101779	-	27.285874	0	24.301041	0	64.825853	0
LT934125.1	101782	-	27.285874	0	36.451562	0	115.24596	0
LT934125.1	101893	-	0	0	0	0	21.608618	0
LT934125.1	101970	-	27.285874	0	0	0	0	0
LT934125.1	101997	-	0	0	0	0	0	62.932662
LT934125.1	102039	-	0	0	0	0	18.007181	0
LT934125.1	102105	-	27.285874	0	0	0	0	0
LT934125.1	102202	-	0	0	0	0	14.405745	0
LT934125.1	102219	-	0	0	0	0	14.405745	0
LT934125.1	102220	-	54.571748	0	0	0	0	0
LT934125.1	102222	-	0	0	0	0	0	62.932662
LT934125.1	102227	-	0	0	0	0	14.405745	0
LT934125.1	102244	-	27.285874	0	0	0	0	0
LT934125.1	102377	-	0	0	0	0	14.405745	0
LT934125.1	102457	-	27.285874	0	0	0	0	0
LT934125.1	102626	-	27.285874	0	0	0	0	0
LT934125.1	102631	-	0	0	0	241.779497	0	0
LT934125.1	102643	-	0	567.859171	0	0	0	62.932662
LT934125.1	102645	-	0	0	0	0	0	62.932662
LT934125.1	102649	-	0	0	0	241.779497	0	0
LT934125.1	102652	-	0	0	0	0	0	62.932662
LT934125.1	102657	-	0	0	0	0	0	62.932662
LT934125.1	102658	-	0	0	0	0	0	62.932662
LT934125.1	102660	-	0	0	0	0	0	62.932662
LT934125.1	102661	-	0	0	0	0	0	62.932662
LT934125.1	102666	-	0	0	0	0	0	314.66331
LT934125.1	102683	-	0	0	36.451562	0	0	0
LT934125.1	102750	-	27.285874	0	0	0	0	0
LT934125.1	103401	-	0	0	0	0	0	62.932662
LT934125.1	103735	-	0	0	24.301041	0	0	0
LT934125.1	103736	-	0	0	0	0	0	62.932662
LT934125.1	103738	-	0	0	0	0	14.405745	0
LT934125.1	103874	-	0	0	0	0	0	62.932662
LT934125.1	103918	-	27.285874	0	0	0	0	0
LT934125.1	104267	-	0	0	0	0	0	62.932662
LT934125.1	104542	-	27.285874	0	0	0	0	0
LT934125.1	105080	-	0	0	24.301041	0	0	0
LT934125.1	105641	-	0	0	0	241.779497	0	0
LT934125.1	105677	-	27.285874	0	0	0	0	0
LT934125.1	105696	-	0	0	0	0	0	62.932662
LT934125.1	105752	-	0	0	0	0	0	62.932662
LT934125.1	105769	-	0	0	0	0	0	62.932662
LT934125.1	105781	-	0	0	0	0	0	62.932662
LT934125.1	105947	-	27.285874	0	0	0	0	0
LT934125.1	106062	-	0	0	24.301041	0	0	0
LT934125.1	106229	-	27.285874	0	0	0	0	0
LT934125.1	106436	-	27.285874	0	0	0	0	0
LT934125.1	106465	-	0	0	36.451562	0	0	0
LT934125.1	106466	-	0	0	0	0	14.405745	0
LT934125.1	106531	-	81.857622	0	0	0	0	62.932662
LT934125.1	106550	-	27.285874	0	24.301041	0	0	0
LT934125.1	106601	-	27.285874	0	0	0	0	0
LT934125.1	106606	-	0	0	0	0	0	62.932662
LT934125.1	106691	-	0	0	0	0	0	62.932662
LT934125.1	106702	-	0	0	0	0	0	62.932662
LT934125.1	106705	-	27.285874	0	0	0	0	0
LT934125.1	106912	-	0	0	0	0	0	62.932662
LT934125.1	106937	-	27.285874	0	0	0	0	62.932662
LT934125.1	106968	-	0	0	0	0	0	62.932662
LT934125.1	107006	-	27.285874	0	0	0	0	0
LT934125.1	107049	-	0	0	0	0	0	62.932662
LT934125.1	107067	-	0	0	24.301041	0	0	0
LT934125.1	107099	-	0	0	0	0	0	62.932662
LT934125.1	107209	-	27.285874	0	0	0	0	0
LT934125.1	107261	-	27.285874	0	0	0	0	0
LT934125.1	107284	-	27.285874	0	0	0	0	0
LT934125.1	107288	-	0	0	0	0	25.210054	0
LT934125.1	107339	-	0	0	0	0	0	62.932662
LT934125.1	107365	-	0	567.859171	0	0	0	0
LT934125.1	107366	-	0	0	36.451562	0	39.615799	377.595972
LT934125.1	107368	-	0	0	97.204165	483.558994	0	0
LT934125.1	107369	-	54.571748	0	704.730198	1934.235977	432.17235	4908.74764
LT934125.1	107370	-	109.143496	0	36.451562	0	0	0
LT934125.1	107371	-	0	0	24.301041	0	0	62.932662
LT934125.1	107372	-	682.146853	0	109.354686	241.779497	61.224416	503.461296
LT934125.1	107373	-	0	0	0	0	25.210054	0
LT934125.1	107375	-	27.285874	0	0	0	0	0
LT934125.1	107376	-	0	0	0	0	0	62.932662
LT934125.1	107378	-	0	0	24.301041	0	0	440.528634
LT934125.1	107379	-	0	567.859171	0	0	18.007181	0
LT934125.1	107380	-	0	0	0	0	25.210054	62.932662
LT934125.1	107382	-	0	0	24.301041	0	0	188.797986
LT934125.1	107401	-	0	0	0	241.779497	0	125.865324
LT934125.1	107405	-	0	0	0	0	0	62.932662
LT934125.1	107425	-	27.285874	0	0	0	0	0
LT934125.1	107426	-	0	0	0	0	0	62.932662
LT934125.1	107461	-	27.285874	0	36.451562	241.779497	0	0
LT934125.1	107462	-	0	0	0	0	14.405745	0
LT934125.1	107490	-	27.285874	0	36.451562	0	0	0
LT934125.1	107514	-	27.285874	0	0	0	0	0
LT934125.1	107556	-	0	0	0	241.779497	0	0
LT934125.1	107559	-	1555.294824	2271.436684	1433.761437	1692.45648	1238.894071	1510.383889
LT934125.1	107561	-	27.285874	0	36.451562	0	18.007181	62.932662
LT934125.1	107564	-	0	0	24.301041	0	0	125.865324
LT934125.1	107630	-	0	0	0	0	0	62.932662
LT934125.1	107649	-	27.285874	0	0	0	0	0
LT934125.1	107650	-	0	567.859171	0	0	0	0
LT934125.1	107731	-	0	0	0	0	0	62.932662
LT934125.1	107834	-	54.571748	0	36.451562	0	18.007181	0
LT934125.1	107944	-	0	0	0	0	0	62.932662
LT934125.1	108044	-	54.571748	0	0	0	25.210054	0
LT934125.1	108046	-	0	0	0	0	18.007181	0
LT934125.1	108165	-	0	0	0	0	0	62.932662
LT934125.1	108303	-	27.285874	0	0	0	0	0
LT934125.1	108375	-	0	0	24.301041	0	32.412926	0
LT934125.1	108384	-	109.143496	0	0	0	0	0
LT934125.1	108387	-	0	0	0	0	86.43447	0
LT934125.1	108394	-	54.571748	0	36.451562	0	36.014363	0
LT934125.1	108401	-	0	0	85.053645	0	32.412926	0
LT934125.1	108403	-	27.285874	0	109.354686	0	82.833034	0
LT934125.1	108404	-	109.143496	0	0	0	0	0
LT934125.1	108405	-	0	0	0	0	100.840215	125.865324
LT934125.1	108406	-	163.715245	0	692.579677	483.558994	0	62.932662
LT934125.1	108407	-	0	567.859171	0	0	475.389585	0
LT934125.1	108408	-	54.571748	0	0	483.558994	39.615799	0
LT934125.1	108409	-	54.571748	0	36.451562	0	0	62.932662
LT934125.1	108411	-	136.429371	0	0	0	72.028725	0
LT934125.1	108412	-	81.857622	0	72.903124	0	14.405745	0
LT934125.1	108413	-	0	0	24.301041	0	14.405745	0
LT934125.1	108414	-	0	0	0	0	18.007181	0
LT934125.1	108419	-	0	0	24.301041	0	32.412926	0
LT934125.1	108420	-	81.857622	0	0	0	0	0
LT934125.1	108421	-	0	0	72.903124	0	14.405745	0
LT934125.1	108423	-	27.285874	0	0	0	0	0
LT934125.1	108424	-	0	0	0	0	32.412926	0
LT934125.1	108425	-	27.285874	0	48.602083	0	0	62.932662
LT934125.1	108426	-	0	0	0	0	46.818671	0
LT934125.1	108430	-	27.285874	0	0	0	61.224416	0
LT934125.1	108431	-	0	0	72.903124	0	0	0
LT934125.1	108432	-	27.285874	0	0	0	14.405745	0
LT934125.1	108438	-	109.143496	567.859171	0	0	140.456014	0
LT934125.1	108439	-	27.285874	0	109.354686	0	14.405745	0
LT934125.1	108440	-	27.285874	0	60.752603	0	39.615799	0
LT934125.1	108441	-	0	0	97.204165	0	0	0
LT934125.1	108447	-	81.857622	0	0	0	118.847396	62.932662
LT934125.1	108448	-	163.715245	0	218.709372	241.779497	136.854578	0
LT934125.1	108449	-	163.715245	0	291.612496	0	129.651705	0
LT934125.1	108450	-	0	0	182.25781	0	0	0
LT934125.1	108451	-	0	0	36.451562	0	0	0
LT934125.1	108454	-	0	0	60.752603	0	0	0
LT934125.1	108462	-	0	0	48.602083	0	0	0
LT934125.1	108470	-	27.285874	567.859171	0	0	0	0
LT934125.1	108471	-	27.285874	0	24.301041	0	0	0
LT934125.1	108472	-	0	0	36.451562	0	0	0
LT934125.1	108479	-	27.285874	0	0	0	14.405745	0
LT934125.1	108480	-	0	0	48.602083	0	0	0
LT934125.1	108481	-	27.285874	0	0	0	0	0
LT934125.1	108509	-	27.285874	0	0	0	0	0
LT934125.1	108545	-	27.285874	0	0	0	0	0
LT934125.1	108715	-	27.285874	0	0	0	18.007181	0
LT934125.1	108716	-	0	0	48.602083	0	0	0
LT934125.1	108738	-	27.285874	0	0	0	0	0
LT934125.1	109374	-	27.285874	0	0	0	0	0
LT934125.1	109377	-	0	0	24.301041	0	0	0
LT934125.1	109443	-	27.285874	0	0	0	0	0
LT934125.1	109461	-	27.285874	0	0	0	0	0
LT934125.1	109469	-	27.285874	0	24.301041	0	0	0
LT934125.1	109500	-	27.285874	0	0	0	0	0
LT934125.1	109561	-	27.285874	0	0	0	0	0
LT934125.1	109579	-	27.285874	0	0	0	0	0
LT934125.1	109613	-	27.285874	0	0	0	0	0
LT934125.1	109622	-	27.285874	0	0	0	0	0
LT934125.1	109633	-	0	0	0	0	14.405745	0
LT934125.1	109636	-	27.285874	0	0	0	0	0
LT934125.1	109702	-	27.285874	0	0	0	0	0
LT934125.1	109721	-	27.285874	0	0	0	0	0
LT934125.1	109733	-	0	0	36.451562	0	0	0
LT934125.1	109749	-	0	0	0	0	0	62.932662
LT934125.1	109759	-	0	0	24.301041	0	0	0
LT934125.1	109762	-	0	0	0	0	14.405745	0
LT934125.1	109771	-	27.285874	0	0	0	0	0
LT934125.1	109801	-	0	0	0	0	0	62.932662
LT934125.1	109802	-	27.285874	0	0	0	0	0
LT934125.1	109821	-	27.285874	0	0	0	0	0
LT934125.1	109871	-	27.285874	0	0	0	0	0
LT934125.1	110000	-	27.285874	0	0	0	0	0
LT934125.1	110033	-	27.285874	0	0	0	0	0
LT934125.1	110111	-	27.285874	0	0	0	0	0
LT934125.1	110152	-	0	0	0	0	0	62.932662
LT934125.1	110157	-	27.285874	0	0	0	0	0
LT934125.1	110350	-	27.285874	0	0	0	0	0
LT934125.1	110519	-	27.285874	0	0	0	0	0
LT934125.1	110619	-	27.285874	0	0	0	0	0
LT934125.1	110662	-	27.285874	0	0	0	0	0
LT934125.1	110702	-	0	0	0	0	0	62.932662
LT934125.1	110742	-	0	0	0	0	0	62.932662
LT934125.1	110743	-	0	0	24.301041	0	0	0
LT934125.1	110748	-	27.285874	0	0	0	0	0
LT934125.1	110751	-	27.285874	0	72.903124	0	0	0
LT934125.1	110753	-	27.285874	0	0	0	0	0
LT934125.1	110754	-	0	0	0	241.779497	0	0
LT934125.1	110773	-	27.285874	0	24.301041	0	0	0
LT934125.1	110779	-	0	0	24.301041	241.779497	0	0
LT934125.1	110780	-	0	0	24.301041	0	0	0
LT934125.1	110832	-	0	0	24.301041	0	0	0
LT934125.1	110867	-	54.571748	0	0	0	14.405745	0
LT934125.1	110873	-	27.285874	0	0	0	0	0
LT934125.1	110950	-	0	567.859171	0	0	0	0
LT934125.1	110968	-	0	0	0	0	0	62.932662
LT934125.1	110970	-	27.285874	0	0	0	0	0
LT934125.1	111005	-	0	0	0	0	0	62.932662
LT934125.1	111099	-	0	0	0	0	0	62.932662
LT934125.1	111100	-	0	0	0	0	0	62.932662
LT934125.1	111101	-	0	0	0	0	0	62.932662
LT934125.1	111103	-	27.285874	0	97.204165	241.779497	0	314.66331
LT934125.1	111104	-	27.285874	0	24.301041	0	0	0
LT934125.1	111106	-	0	0	0	0	21.608618	0
LT934125.1	111119	-	0	0	36.451562	0	0	0
LT934125.1	111121	-	0	0	36.451562	0	0	0
LT934125.1	111196	-	0	0	0	0	0	62.932662
LT934125.1	111662	-	0	0	0	241.779497	0	0
LT934125.1	111713	-	27.285874	0	24.301041	0	0	0
LT934125.1	111962	-	0	0	0	241.779497	0	0
LT934125.1	111972	-	0	0	0	0	36.014363	0
LT934125.1	112045	-	0	0	0	0	0	62.932662
LT934125.1	112306	-	0	0	0	241.779497	0	0
LT934125.1	112476	-	27.285874	0	0	0	0	0
LT934125.1	112543	-	0	567.859171	0	0	0	0
LT934125.1	112864	-	0	0	0	0	0	62.932662
LT934125.1	112949	-	27.285874	0	0	0	0	0
LT934125.1	113086	-	27.285874	0	0	0	0	0
LT934125.1	113087	-	0	0	0	0	21.608618	0
LT934125.1	113103	-	54.571748	0	36.451562	241.779497	21.608618	125.865324
LT934125.1	113107	-	0	0	24.301041	0	0	0
LT934125.1	113114	-	27.285874	0	0	0	0	0
LT934125.1	113136	-	0	0	0	0	21.608618	0
LT934125.1	113137	-	0	0	0	0	14.405745	0
LT934125.1	113156	-	54.571748	0	0	0	32.412926	62.932662
LT934125.1	113309	-	27.285874	0	0	0	0	0
LT934125.1	113333	-	0	0	0	241.779497	0	0
LT934125.1	113391	-	27.285874	0	0	0	0	0
LT934125.1	113517	-	0	0	0	0	18.007181	0
LT934125.1	113537	-	0	0	24.301041	0	0	0
LT934125.1	113543	-	27.285874	0	0	0	0	0
LT934125.1	113565	-	27.285874	0	0	0	0	0
LT934125.1	113596	-	27.285874	0	0	0	0	0
LT934125.1	113776	-	0	0	0	0	21.608618	0
LT934125.1	113787	-	0	0	0	0	14.405745	0
LT934125.1	113939	-	0	0	0	0	14.405745	0
LT934125.1	114031	-	27.285874	0	0	0	0	0
LT934125.1	114131	-	0	0	0	0	21.608618	62.932662
LT934125.1	114132	-	0	0	0	0	0	62.932662
LT934125.1	114144	-	0	0	0	0	18.007181	62.932662
LT934125.1	114221	-	27.285874	0	0	0	0	0
LT934125.1	114223	-	0	0	0	0	14.405745	0
LT934125.1	114224	-	0	0	0	0	14.405745	0
LT934125.1	114292	-	27.285874	0	0	0	0	0
LT934125.1	114407	-	0	0	0	0	14.405745	0
LT934125.1	114426	-	0	0	0	0	18.007181	0
LT934125.1	114504	-	0	0	0	0	14.405745	0
LT934125.1	114692	-	0	0	0	0	18.007181	0
LT934125.1	114784	-	0	0	0	0	21.608618	0
LT934125.1	114991	-	27.285874	0	0	0	0	0
LT934125.1	114992	-	0	0	0	0	14.405745	0
LT934125.1	115452	-	27.285874	0	0	0	0	0
LT934125.1	115526	-	0	0	24.301041	0	0	0
LT934125.1	115584	-	0	0	0	0	18.007181	0
LT934125.1	115585	-	27.285874	0	0	0	0	0
LT934125.1	115587	-	27.285874	0	0	0	0	0
LT934125.1	115597	-	27.285874	0	0	0	0	0
LT934125.1	115619	-	27.285874	0	0	0	0	0
LT934125.1	115834	-	0	0	0	0	0	62.932662
LT934125.1	115861	-	0	0	0	241.779497	0	0
LT934125.1	115862	-	0	0	0	0	0	62.932662
LT934125.1	115878	-	27.285874	0	0	0	0	0
LT934125.1	116357	-	27.285874	0	0	0	0	0
LT934125.1	116375	-	27.285874	0	0	0	0	0
LT934125.1	116402	-	27.285874	0	0	0	0	0
LT934125.1	116417	-	27.285874	0	24.301041	0	0	0
LT934125.1	116418	-	0	567.859171	0	0	0	0
LT934125.1	116443	-	27.285874	0	0	0	0	62.932662
LT934125.1	116445	-	27.285874	0	0	0	0	0
LT934125.1	116447	-	982.291468	0	838.385925	241.779497	0	188.797986
LT934125.1	116448	-	27.285874	567.859171	0	0	151.260323	0
LT934125.1	116452	-	27.285874	0	0	0	0	0
LT934125.1	116457	-	136.429371	0	0	0	0	0
LT934125.1	116463	-	81.857622	0	0	0	0	0
LT934125.1	116466	-	0	0	0	0	14.405745	0
LT934125.1	116468	-	81.857622	0	60.752603	0	0	62.932662
LT934125.1	116472	-	27.285874	0	0	0	43.217235	0
LT934125.1	116474	-	0	0	24.301041	0	0	0
LT934125.1	116476	-	0	0	0	0	14.405745	0
LT934125.1	116482	-	163.715245	0	72.903124	241.779497	0	0
LT934125.1	116484	-	0	0	0	0	36.014363	0
LT934125.1	116486	-	27.285874	0	48.602083	0	0	0
LT934125.1	116487	-	0	0	0	0	18.007181	0
LT934125.1	116488	-	0	567.859171	0	0	0	0
LT934125.1	116490	-	0	0	24.301041	0	0	0
LT934125.1	116492	-	27.285874	0	0	241.779497	0	0
LT934125.1	116507	-	27.285874	0	0	0	0	0
LT934125.1	116523	-	27.285874	0	0	0	0	0
LT934125.1	116524	-	27.285874	0	0	0	0	62.932662
LT934125.1	116525	-	54.571748	0	0	0	0	0
LT934125.1	116531	-	27.285874	0	0	0	0	0
LT934125.1	116540	-	382.002237	0	182.25781	483.558994	0	377.595972
LT934125.1	116542	-	0	0	0	0	93.637343	0
LT934125.1	116564	-	0	0	24.301041	0	0	0
LT934125.1	116575	-	27.285874	567.859171	0	0	14.405745	0
LT934125.1	116642	-	0	0	24.301041	0	0	0
LT934125.1	116666	-	0	0	0	0	0	125.865324
LT934125.1	116672	-	0	0	24.301041	0	0	62.932662
LT934125.1	116685	-	27.285874	0	0	0	0	0
LT934125.1	116690	-	0	0	36.451562	0	0	0
LT934125.1	116707	-	0	0	24.301041	0	0	0
LT934125.1	116710	-	27.285874	0	0	0	0	0
LT934125.1	116714	-	27.285874	0	0	0	0	0
LT934125.1	116725	-	27.285874	0	0	0	0	0
LT934125.1	116726	-	0	0	109.354686	0	0	0
LT934125.1	116728	-	0	0	0	0	32.412926	0
LT934125.1	116729	-	272.858741	0	0	0	0	62.932662
LT934125.1	116735	-	54.571748	0	0	0	0	62.932662
LT934125.1	116747	-	27.285874	0	48.602083	0	0	0
LT934125.1	116753	-	27.285874	0	60.752603	0	0	0
LT934125.1	116762	-	0	0	0	0	0	62.932662
LT934125.1	116771	-	27.285874	0	0	0	0	0
LT934125.1	116783	-	0	0	36.451562	0	0	62.932662
LT934125.1	116784	-	0	0	0	0	25.210054	0
LT934125.1	116785	-	54.571748	0	0	0	0	0
LT934125.1	116787	-	0	0	36.451562	0	0	0
LT934125.1	116799	-	0	0	48.602083	0	0	0
LT934125.1	116811	-	0	0	60.752603	0	0	0
LT934125.1	116834	-	27.285874	0	24.301041	0	0	0
LT934125.1	116859	-	0	0	24.301041	0	0	0
LT934125.1	116864	-	0	0	0	0	21.608618	0
LT934125.1	116865	-	0	0	121.505206	0	0	0
LT934125.1	116866	-	0	0	36.451562	0	0	0
LT934125.1	116918	-	0	0	0	241.779497	0	0
LT934125.1	117040	-	27.285874	0	0	0	0	0
LT934125.1	117416	-	0	0	0	0	0	62.932662
LT934125.1	118060	-	0	0	0	241.779497	0	0
LT934125.1	118074	-	27.285874	0	0	0	0	0
LT934125.1	118085	-	0	0	0	241.779497	0	0
LT934125.1	118095	-	27.285874	0	0	0	0	0
LT934125.1	118278	-	0	0	0	241.779497	0	0
LT934125.1	118376	-	81.857622	0	0	241.779497	0	0
LT934125.1	118379	-	27.285874	0	0	0	0	0
LT934125.1	118380	-	27.285874	0	0	0	0	0
LT934125.1	118382	-	27.285874	0	0	0	0	0
LT934125.1	118400	-	0	567.859171	97.204165	0	21.608618	0
LT934125.1	118724	-	0	0	0	241.779497	0	0
LT934125.1	118734	-	109.143496	567.859171	0	0	0	0
LT934125.1	118743	-	54.571748	0	0	0	0	0
LT934125.1	118809	-	27.285874	0	0	0	0	62.932662
LT934125.1	118882	-	27.285874	0	0	0	0	0
LT934125.1	118964	-	27.285874	0	0	0	0	0
LT934125.1	119058	-	27.285874	0	0	0	0	0
LT934125.1	119190	-	0	0	36.451562	0	0	0
LT934125.1	119491	-	27.285874	0	0	0	0	0
LT934125.1	119544	-	27.285874	0	0	0	0	0
LT934125.1	119777	-	27.285874	0	0	0	0	0
LT934125.1	120107	-	27.285874	0	0	0	0	0
LT934125.1	120202	-	27.285874	0	0	0	0	0
LT934125.1	120258	-	27.285874	0	0	0	0	0
LT934125.1	120290	-	27.285874	0	0	0	0	0
LT934125.1	120431	-	0	0	24.301041	0	0	0
LT934125.1	120660	-	27.285874	0	0	0	0	0
LT934125.1	120880	-	0	0	24.301041	0	0	0
LT934125.1	120882	-	0	0	0	0	21.608618	0
LT934125.1	120917	-	0	0	0	0	0	62.932662
LT934125.1	121033	-	27.285874	0	0	0	0	0
LT934125.1	121071	-	27.285874	0	0	0	0	0
LT934125.1	122085	-	0	0	0	0	0	62.932662
LT934125.1	122101	-	27.285874	0	0	0	0	0
LT934125.1	122439	-	54.571748	0	0	0	0	0
LT934125.1	122741	-	27.285874	0	0	0	0	0
LT934125.1	122781	-	27.285874	0	0	0	0	0
LT934125.1	123420	-	27.285874	0	0	0	0	0
LT934125.1	123596	-	27.285874	0	0	0	0	0
LT934125.1	123802	-	27.285874	0	0	0	0	0
LT934125.1	124082	-	0	0	0	0	0	62.932662
LT934125.1	124260	-	0	0	0	0	0	62.932662
LT934125.1	124700	-	0	0	0	0	25.210054	62.932662
LT934125.1	124704	-	163.715245	567.859171	230.859892	483.558994	334.933572	818.124607
LT934125.1	124705	-	0	567.859171	0	0	266.506283	0
LT934125.1	124747	-	27.285874	0	0	0	0	0
LT934125.1	125018	-	27.285874	0	0	0	0	0
LT934125.1	125309	-	27.285874	0	0	0	0	0
LT934125.1	125594	-	27.285874	0	0	0	0	0
LT934125.1	125611	-	0	0	0	241.779497	0	0
LT934125.1	125613	-	27.285874	0	0	0	0	0
LT934125.1	125720	-	0	0	0	0	0	62.932662
LT934125.1	125935	-	27.285874	0	0	0	0	0
LT934125.1	126109	-	27.285874	0	0	0	0	62.932662
LT934125.1	126157	-	27.285874	0	0	0	0	0
LT934125.1	126195	-	27.285874	0	0	0	0	0
LT934125.1	126302	-	27.285874	0	0	0	0	0
LT934125.1	126413	-	27.285874	0	0	0	0	0
LT934125.1	126420	-	27.285874	0	0	0	0	0
LT934125.1	126471	-	0	0	0	0	14.405745	0
LT934125.1	126522	-	27.285874	0	0	0	0	0
LT934125.1	126734	-	27.285874	0	0	0	0	0
LT934125.1	126881	-	27.285874	0	0	0	0	0
LT934125.1	126944	-	0	0	60.752603	0	0	0
LT934125.1	126945	-	27.285874	0	0	0	0	0
LT934125.1	126959	-	0	0	0	0	0	62.932662
LT934125.1	126981	-	27.285874	0	0	0	0	62.932662
LT934125.1	126989	-	54.571748	0	0	0	0	0
LT934125.1	126996	-	54.571748	0	0	0	0	0
LT934125.1	126997	-	327.430489	0	36.451562	0	18.007181	188.797986
LT934125.1	126998	-	1855.439439	1135.718342	72.903124	241.779497	118.847396	629.326621
LT934125.1	126999	-	136.429371	0	765.482801	483.558994	14.405745	62.932662
LT934125.1	127000	-	0	0	109.354686	0	0	62.932662
LT934125.1	127002	-	27.285874	0	0	0	0	0
LT934125.1	127008	-	54.571748	0	0	0	0	0
LT934125.1	127015	-	0	0	24.301041	0	0	125.865324
LT934125.1	127020	-	27.285874	0	0	0	14.405745	0
LT934125.1	127021	-	27.285874	0	24.301041	0	0	0
LT934125.1	127026	-	109.143496	0	0	0	0	0
LT934125.1	127029	-	27.285874	0	0	0	0	0
LT934125.1	127030	-	0	0	24.301041	0	0	0
LT934125.1	127036	-	27.285874	0	0	0	0	0
LT934125.1	127038	-	27.285874	0	0	0	0	0
LT934125.1	127042	-	0	0	48.602083	0	0	0
LT934125.1	127044	-	27.285874	0	0	0	0	62.932662
LT934125.1	127047	-	27.285874	567.859171	36.451562	0	0	0
LT934125.1	127050	-	0	0	24.301041	0	0	0
LT934125.1	127052	-	0	1135.718342	0	0	0	0
LT934125.1	127053	-	27.285874	0	0	0	0	0
LT934125.1	127055	-	81.857622	0	0	0	0	0
LT934125.1	127059	-	300.144615	0	0	0	0	0
LT934125.1	127060	-	54.571748	0	85.053645	0	0	62.932662
LT934125.1	127062	-	109.143496	0	36.451562	241.779497	0	0
LT934125.1	127065	-	54.571748	0	0	0	18.007181	0
LT934125.1	127066	-	27.285874	0	36.451562	483.558994	0	0
LT934125.1	127071	-	218.286993	0	24.301041	0	14.405745	0
LT934125.1	127074	-	54.571748	0	36.451562	0	0	0
LT934125.1	127075	-	0	0	0	0	14.405745	0
LT934125.1	127077	-	81.857622	567.859171	48.602083	0	0	62.932662
LT934125.1	127080	-	463.85986	1135.718342	0	0	50.420108	0
LT934125.1	127081	-	109.143496	0	315.913537	0	0	0
LT934125.1	127083	-	81.857622	0	48.602083	0	14.405745	125.865324
LT934125.1	127086	-	627.575104	3407.155026	0	0	82.833034	188.797986
LT934125.1	127087	-	709.432727	0	267.311454	0	64.825853	125.865324
LT934125.1	127088	-	191.001119	0	230.859892	241.779497	0	188.797986
LT934125.1	127089	-	109.143496	0	109.354686	0	0	0
LT934125.1	127091	-	0	0	0	0	25.210054	0
LT934125.1	127092	-	436.573986	567.859171	0	0	54.021544	125.865324
LT934125.1	127093	-	81.857622	0	170.107289	0	14.405745	0
LT934125.1	127094	-	0	0	24.301041	0	18.007181	62.932662
LT934125.1	127095	-	27.285874	0	121.505206	241.779497	0	0
LT934125.1	127097	-	218.286993	0	0	0	0	0
LT934125.1	127098	-	0	0	24.301041	241.779497	0	0
LT934125.1	127101	-	27.285874	0	0	0	0	0
LT934125.1	127104	-	81.857622	0	0	0	0	0
LT934125.1	127105	-	0	0	48.602083	0	0	0
LT934125.1	127106	-	0	0	0	0	14.405745	0
LT934125.1	127107	-	0	0	36.451562	0	0	0
LT934125.1	127109	-	163.715245	0	0	0	0	0
LT934125.1	127110	-	191.001119	0	48.602083	0	36.014363	0
LT934125.1	127111	-	54.571748	0	194.40833	0	0	0
LT934125.1	127115	-	791.290349	567.859171	0	241.779497	90.035906	0
LT934125.1	127116	-	1528.00895	1135.718342	267.311454	0	237.694793	692.259283
LT934125.1	127117	-	0	0	777.633322	725.338491	0	0
LT934125.1	127118	-	0	0	0	0	0	125.865324
LT934125.1	127119	-	245.572867	567.859171	109.354686	241.779497	0	0
LT934125.1	127121	-	382.002237	0	0	0	0	188.797986
LT934125.1	127122	-	382.002237	0	376.66614	0	50.420108	251.730648
LT934125.1	127123	-	0	0	0	0	79.231598	0
LT934125.1	127124	-	0	0	0	0	39.615799	0
LT934125.1	127125	-	27.285874	0	0	0	0	0
LT934125.1	127126	-	0	0	72.903124	0	0	0
LT934125.1	127130	-	27.285874	0	0	0	0	0
LT934125.1	127131	-	2210.155802	0	947.740611	967.117988	0	251.730648
LT934125.1	127132	-	0	0	0	0	453.780968	0
LT934125.1	127133	-	0	2271.436684	0	0	0	0
LT934125.1	127134	-	109.143496	0	0	0	21.608618	62.932662
LT934125.1	127135	-	54.571748	567.859171	0	0	0	0
LT934125.1	127137	-	27.285874	0	0	0	0	0
LT934125.1	127146	-	27.285874	0	0	0	0	0
LT934125.1	127150	-	27.285874	0	24.301041	0	21.608618	0
LT934125.1	127151	-	81.857622	0	0	0	0	0
LT934125.1	127152	-	818.576223	0	267.311454	241.779497	0	503.461296
LT934125.1	127153	-	0	0	0	0	104.441651	0
LT934125.1	127154	-	0	567.859171	0	0	0	0
LT934125.1	127155	-	54.571748	0	60.752603	0	0	0
LT934125.1	127158	-	109.143496	0	48.602083	0	0	0
LT934125.1	127159	-	0	0	0	0	25.210054	0
LT934125.1	127161	-	109.143496	0	109.354686	0	0	0
LT934125.1	127162	-	0	0	0	0	21.608618	0
LT934125.1	127163	-	491.145734	0	0	0	118.847396	188.797986
LT934125.1	127164	-	81.857622	0	315.913537	241.779497	0	62.932662
LT934125.1	127166	-	0	0	24.301041	0	0	0
LT934125.1	127169	-	54.571748	0	36.451562	0	0	125.865324
LT934125.1	127170	-	27.285874	0	0	0	0	62.932662
LT934125.1	127173	-	600.28923	567.859171	0	0	79.231598	377.595972
LT934125.1	127174	-	245.572867	0	182.25781	483.558994	32.412926	0
LT934125.1	127175	-	27.285874	0	109.354686	0	0	0
LT934125.1	127176	-	54.571748	0	0	0	0	0
LT934125.1	127177	-	0	0	0	241.779497	0	0
LT934125.1	127178	-	0	0	0	0	18.007181	0
LT934125.1	127179	-	27.285874	0	24.301041	0	0	0
LT934125.1	127185	-	463.85986	0	230.859892	0	0	188.797986
LT934125.1	127186	-	0	0	0	0	104.441651	0
LT934125.1	127188	-	545.717482	0	0	0	82.833034	125.865324
LT934125.1	127189	-	163.715245	0	303.763016	0	79.231598	188.797986
LT934125.1	127190	-	1173.292586	1703.577513	121.505206	0	0	566.393958
LT934125.1	127191	-	191.001119	0	303.763016	241.779497	0	188.797986
LT934125.1	127192	-	0	0	0	0	32.412926	0
LT934125.1	127193	-	0	0	0	0	126.050269	0
LT934125.1	127194	-	463.85986	0	0	0	100.840215	503.461296
LT934125.1	127195	-	54.571748	567.859171	267.311454	0	0	0
LT934125.1	127197	-	81.857622	0	0	0	18.007181	0
LT934125.1	127198	-	54.571748	0	48.602083	0	0	0
LT934125.1	127200	-	54.571748	0	0	0	0	0
LT934125.1	127202	-	0	567.859171	0	0	0	0
LT934125.1	127203	-	54.571748	0	0	0	28.81149	125.865324
LT934125.1	127204	-	0	0	133.655727	0	0	0
LT934125.1	127206	-	27.285874	0	24.301041	0	0	0
LT934125.1	127209	-	109.143496	0	97.204165	0	0	62.932662
LT934125.1	127210	-	0	0	0	0	36.014363	0
LT934125.1	127211	-	27.285874	567.859171	0	0	0	0
LT934125.1	127212	-	136.429371	0	0	0	14.405745	125.865324
LT934125.1	127213	-	0	0	97.204165	0	0	0
LT934125.1	127215	-	27.285874	0	0	0	0	62.932662
LT934125.1	127218	-	791.290349	1135.718342	0	0	111.644524	314.66331
LT934125.1	127219	-	81.857622	0	291.612496	0	0	62.932662
LT934125.1	127220	-	27.285874	0	0	0	0	0
LT934125.1	127221	-	163.715245	0	0	0	18.007181	125.865324
LT934125.1	127222	-	0	0	121.505206	241.779497	0	0
LT934125.1	127224	-	163.715245	0	72.903124	0	0	62.932662
LT934125.1	127225	-	27.285874	0	0	0	0	0
LT934125.1	127228	-	27.285874	0	0	0	0	0
LT934125.1	127229	-	27.285874	0	0	0	0	0
LT934125.1	127230	-	109.143496	0	48.602083	241.779497	0	125.865324
LT934125.1	127231	-	0	0	0	0	36.014363	0
LT934125.1	127233	-	163.715245	0	0	0	0	0
LT934125.1	127234	-	81.857622	0	48.602083	0	0	62.932662
LT934125.1	127235	-	0	0	0	0	25.210054	0
LT934125.1	127237	-	27.285874	0	0	0	14.405745	0
LT934125.1	127239	-	5893.748806	9085.746735	0	0	849.938956	3146.633103
LT934125.1	127240	-	218.286993	0	2417.953609	1934.235977	57.62298	62.932662
LT934125.1	127241	-	109.143496	0	72.903124	0	0	0
LT934125.1	127242	-	81.857622	0	145.806248	0	21.608618	0
LT934125.1	127243	-	0	0	0	0	50.420108	0
LT934125.1	127244	-	0	0	0	0	21.608618	0
LT934125.1	127245	-	0	0	0	0	21.608618	0
LT934125.1	127246	-	81.857622	0	48.602083	0	0	0
LT934125.1	127248	-	109.143496	0	72.903124	0	39.615799	62.932662
LT934125.1	127249	-	0	0	0	0	28.81149	0
LT934125.1	127251	-	1146.006712	567.859171	0	0	223.289048	314.66331
LT934125.1	127252	-	218.286993	0	449.569264	241.779497	28.81149	0
LT934125.1	127253	-	654.860978	0	60.752603	0	158.463195	377.595972
LT934125.1	127254	-	27.285874	0	340.214578	0	0	0
LT934125.1	127257	-	463.85986	0	0	0	50.420108	251.730648
LT934125.1	127258	-	136.429371	0	170.107289	241.779497	28.81149	0
LT934125.1	127260	-	27.285874	0	0	241.779497	18.007181	62.932662
LT934125.1	127263	-	300.144615	567.859171	0	0	32.412926	125.865324
LT934125.1	127264	-	136.429371	0	194.40833	0	0	62.932662
LT934125.1	127266	-	109.143496	0	0	0	21.608618	62.932662
LT934125.1	127267	-	27.285874	0	72.903124	0	0	62.932662
LT934125.1	127269	-	81.857622	0	48.602083	241.779497	0	62.932662
LT934125.1	127270	-	0	0	0	0	14.405745	0
LT934125.1	127271	-	0	567.859171	0	0	0	0
LT934125.1	127273	-	0	0	24.301041	0	0	0
LT934125.1	127275	-	54.571748	0	48.602083	0	0	0
LT934125.1	127276	-	0	0	36.451562	0	0	0
LT934125.1	127278	-	136.429371	0	0	0	36.014363	62.932662
LT934125.1	127279	-	27.285874	0	121.505206	0	0	0
LT934125.1	127281	-	163.715245	0	0	0	0	0
LT934125.1	127282	-	0	0	0	0	0	62.932662
LT934125.1	127284	-	545.717482	567.859171	0	0	90.035906	125.865324
LT934125.1	127285	-	1882.725313	2271.436684	255.160934	241.779497	392.556552	1384.518565
LT934125.1	127286	-	8595.050342	9085.746735	1008.493214	1208.897485	1379.350085	0
LT934125.1	127287	-	463.85986	0	3620.855154	4352.030948	82.833034	125.865324
LT934125.1	127288	-	109.143496	0	121.505206	0	18.007181	62.932662
LT934125.1	127289	-	0	0	0	0	0	4531.151668
LT934125.1	127290	-	109.143496	0	0	0	21.608618	0
LT934125.1	127291	-	0	0	0	0	14.405745	0
LT934125.1	127293	-	109.143496	0	85.053645	0	0	0
LT934125.1	127294	-	27.285874	0	0	0	0	0
LT934125.1	127296	-	136.429371	0	0	0	0	62.932662
LT934125.1	127297	-	27.285874	0	72.903124	0	0	0
LT934125.1	127299	-	81.857622	0	36.451562	0	0	0
LT934125.1	127302	-	163.715245	0	24.301041	0	0	0
LT934125.1	127305	-	354.716363	0	0	0	57.62298	62.932662
LT934125.1	127306	-	136.429371	567.859171	315.913537	0	25.210054	62.932662
LT934125.1	127308	-	54.571748	0	24.301041	0	21.608618	62.932662
LT934125.1	127309	-	0	0	0	0	0	125.865324
LT934125.1	127311	-	764.004475	0	0	0	104.441651	188.797986
LT934125.1	127312	-	627.575104	567.859171	461.719785	483.558994	68.427289	251.730648
LT934125.1	127313	-	300.144615	0	218.709372	0	0	188.797986
LT934125.1	127314	-	27.285874	0	157.956768	0	0	0
LT934125.1	127315	-	0	0	0	725.338491	0	0
LT934125.1	127316	-	0	0	0	0	39.615799	0
LT934125.1	127317	-	27.285874	0	0	0	0	62.932662
LT934125.1	127318	-	27.285874	0	0	0	0	0
LT934125.1	127320	-	109.143496	0	0	0	0	125.865324
LT934125.1	127321	-	191.001119	567.859171	121.505206	241.779497	0	0
LT934125.1	127323	-	27.285874	0	0	0	0	62.932662
LT934125.1	127326	-	0	0	48.602083	0	0	0
LT934125.1	127329	-	163.715245	0	0	0	32.412926	62.932662
LT934125.1	127330	-	54.571748	0	279.461975	0	0	0
LT934125.1	127332	-	54.571748	0	60.752603	0	0	0
LT934125.1	127334	-	27.285874	0	0	0	0	0
LT934125.1	127335	-	300.144615	0	0	0	36.014363	62.932662
LT934125.1	127336	-	0	0	157.956768	0	0	0
LT934125.1	127338	-	272.858741	0	0	0	64.825853	125.865324
LT934125.1	127339	-	191.001119	567.859171	85.053645	483.558994	18.007181	377.595972
LT934125.1	127340	-	109.143496	0	48.602083	241.779497	0	125.865324
LT934125.1	127341	-	81.857622	0	218.709372	0	0	62.932662
LT934125.1	127342	-	0	0	0	0	39.615799	0
LT934125.1	127343	-	0	0	0	0	39.615799	0
LT934125.1	127344	-	81.857622	0	24.301041	0	0	0
LT934125.1	127347	-	518.431608	0	0	0	46.818671	251.730648
LT934125.1	127348	-	54.571748	0	170.107289	0	14.405745	0
LT934125.1	127349	-	0	0	0	0	75.630161	377.595972
LT934125.1	127350	-	109.143496	0	267.311454	0	0	0
LT934125.1	127351	-	27.285874	0	0	0	21.608618	0
LT934125.1	127352	-	245.572867	567.859171	0	241.779497	0	0
LT934125.1	127353	-	109.143496	0	0	0	0	0
LT934125.1	127354	-	0	0	109.354686	0	0	0
LT934125.1	127355	-	163.715245	0	0	0	0	0
LT934125.1	127356	-	109.143496	0	0	0	0	62.932662
LT934125.1	127357	-	54.571748	0	48.602083	0	0	62.932662
LT934125.1	127358	-	0	567.859171	0	0	0	0
LT934125.1	127362	-	791.290349	0	400.967181	483.558994	0	440.528634
LT934125.1	127363	-	0	0	0	0	162.064631	0
LT934125.1	127364	-	27.285874	0	0	0	0	62.932662
LT934125.1	127374	-	27.285874	0	0	0	0	0
LT934125.1	127375	-	927.71972	567.859171	352.365099	483.558994	72.028725	62.932662
LT934125.1	127377	-	518.431608	0	243.010413	0	0	440.528634
LT934125.1	127379	-	0	0	0	0	79.231598	0
LT934125.1	127381	-	81.857622	0	36.451562	0	0	0
LT934125.1	127383	-	191.001119	0	145.806248	0	0	125.865324
LT934125.1	127384	-	0	567.859171	0	0	28.81149	0
LT934125.1	127386	-	27.285874	0	170.107289	0	0	125.865324
LT934125.1	127389	-	0	0	0	0	14.405745	0
LT934125.1	127391	-	27.285874	0	0	0	0	0
LT934125.1	127395	-	163.715245	0	0	0	0	0
LT934125.1	127396	-	0	0	48.602083	0	0	0
LT934125.1	127398	-	27.285874	0	0	0	0	0
LT934125.1	127399	-	218.286993	0	109.354686	0	0	125.865324
LT934125.1	127400	-	136.429371	0	0	0	0	0
LT934125.1	127401	-	0	0	1093.546858	0	0	125.865324
LT934125.1	127402	-	0	3407.155026	0	0	0	0
LT934125.1	127403	-	0	0	0	0	313.324954	0
LT934125.1	127404	-	2373.871047	0	0	483.558994	0	0
LT934125.1	127407	-	109.143496	0	36.451562	0	0	0
LT934125.1	127408	-	81.857622	567.859171	36.451562	0	18.007181	62.932662
LT934125.1	127410	-	436.573986	0	0	0	75.630161	125.865324
LT934125.1	127411	-	81.857622	567.859171	170.107289	241.779497	18.007181	62.932662
LT934125.1	127413	-	27.285874	0	36.451562	0	0	0
LT934125.1	127416	-	27.285874	0	0	0	0	0
LT934125.1	127417	-	27.285874	0	0	0	0	0
LT934125.1	127419	-	54.571748	0	24.301041	0	0	62.932662
LT934125.1	127420	-	27.285874	0	0	0	14.405745	0
LT934125.1	127421	-	0	567.859171	0	0	0	0
LT934125.1	127422	-	27.285874	0	0	0	0	0
LT934125.1	127424	-	81.857622	567.859171	170.107289	0	36.014363	0
LT934125.1	127425	-	272.858741	0	0	0	0	0
LT934125.1	127426	-	0	0	24.301041	0	14.405745	0
LT934125.1	127427	-	0	0	0	0	0	125.865324
LT934125.1	127428	-	109.143496	567.859171	0	0	39.615799	440.528634
LT934125.1	127429	-	109.143496	0	182.25781	0	0	62.932662
LT934125.1	127430	-	0	0	0	0	0	62.932662
LT934125.1	127431	-	1173.292586	567.859171	0	0	183.673249	755.191945
LT934125.1	127432	-	163.715245	0	741.18176	1934.235977	28.81149	62.932662
LT934125.1	127433	-	109.143496	0	85.053645	0	0	0
LT934125.1	127434	-	27.285874	0	0	0	18.007181	0
LT934125.1	127437	-	0	0	24.301041	0	0	0
LT934125.1	127441	-	0	0	24.301041	0	0	0
LT934125.1	127442	-	0	0	0	241.779497	0	0
LT934125.1	127445	-	54.571748	0	0	0	0	0
LT934125.1	127446	-	54.571748	0	0	0	0	62.932662
LT934125.1	127447	-	0	0	85.053645	0	0	0
LT934125.1	127452	-	109.143496	0	60.752603	0	14.405745	0
LT934125.1	127455	-	136.429371	0	0	0	0	0
LT934125.1	127456	-	0	0	48.602083	0	0	62.932662
LT934125.1	127458	-	0	0	0	0	18.007181	0
LT934125.1	127459	-	81.857622	0	0	0	0	0
LT934125.1	127470	-	54.571748	0	0	0	0	0
LT934125.1	127472	-	245.572867	0	145.806248	0	0	188.797986
LT934125.1	127473	-	0	567.859171	0	0	36.014363	0
LT934125.1	127474	-	109.143496	0	85.053645	483.558994	0	62.932662
LT934125.1	127475	-	54.571748	0	0	0	0	0
LT934125.1	127476	-	0	0	0	0	28.81149	0
LT934125.1	127478	-	0	0	0	0	18.007181	0
LT934125.1	127485	-	300.144615	0	255.160934	0	0	0
LT934125.1	127486	-	0	0	0	0	18.007181	0
LT934125.1	127488	-	0	0	0	241.779497	0	0
LT934125.1	127490	-	1446.151327	0	607.526032	725.338491	0	0
LT934125.1	127491	-	0	1135.718342	0	0	230.49192	0
LT934125.1	127492	-	27.285874	0	0	0	0	0
LT934125.1	127493	-	0	0	0	0	0	943.989931
LT934125.1	127494	-	27.285874	0	0	0	0	0
LT934125.1	127501	-	27.285874	0	0	0	0	0
LT934125.1	127505	-	0	0	0	0	0	125.865324
LT934125.1	127510	-	0	0	0	0	0	62.932662
LT934125.1	127512	-	0	0	24.301041	0	0	0
LT934125.1	127515	-	0	0	0	0	0	62.932662
LT934125.1	127517	-	109.143496	0	0	0	0	62.932662
LT934125.1	127522	-	109.143496	0	0	0	0	0
LT934125.1	127527	-	54.571748	0	0	0	0	0
LT934125.1	127530	-	0	0	0	0	0	62.932662
LT934125.1	127532	-	27.285874	0	24.301041	241.779497	14.405745	62.932662
LT934125.1	127534	-	0	0	24.301041	0	0	0
LT934125.1	127536	-	54.571748	0	60.752603	0	0	0
LT934125.1	127552	-	0	567.859171	0	0	0	0
LT934125.1	127553	-	0	0	0	0	0	125.865324
LT934125.1	127559	-	0	0	36.451562	0	0	62.932662
LT934125.1	127561	-	81.857622	0	0	0	0	0
LT934125.1	127562	-	0	0	48.602083	0	18.007181	0
LT934125.1	127563	-	0	0	0	0	0	125.865324
LT934125.1	127565	-	27.285874	0	0	0	0	0
LT934125.1	127573	-	0	0	0	241.779497	0	0
LT934125.1	127580	-	54.571748	0	72.903124	0	25.210054	62.932662
LT934125.1	127583	-	27.285874	0	0	241.779497	0	0
LT934125.1	127584	-	0	0	0	0	0	62.932662
LT934125.1	127586	-	27.285874	0	24.301041	0	0	62.932662
LT934125.1	127588	-	27.285874	0	0	0	0	0
LT934125.1	127595	-	709.432727	1135.718342	0	0	57.62298	125.865324
LT934125.1	127596	-	27.285874	0	121.505206	241.779497	0	62.932662
LT934125.1	127599	-	0	0	72.903124	0	0	0
LT934125.1	127611	-	81.857622	0	36.451562	0	0	0
LT934125.1	127612	-	54.571748	0	0	0	0	0
LT934125.1	127617	-	0	0	0	241.779497	0	0
LT934125.1	127623	-	0	0	0	0	0	62.932662
LT934125.1	127627	-	0	0	24.301041	0	14.405745	0
LT934125.1	127641	-	545.717482	0	218.709372	241.779497	0	188.797986
LT934125.1	127642	-	0	567.859171	0	0	97.238779	0
LT934125.1	127643	-	382.002237	1135.718342	0	0	100.840215	314.66331
LT934125.1	127644	-	27.285874	0	170.107289	241.779497	0	62.932662
LT934125.1	127645	-	0	0	24.301041	241.779497	0	0
LT934125.1	127647	-	0	1135.718342	0	0	0	0
LT934125.1	127650	-	382.002237	0	97.204165	0	0	314.66331
LT934125.1	127651	-	0	0	0	0	43.217235	0
LT934125.1	127659	-	27.285874	567.859171	0	0	0	0
LT934125.1	127665	-	0	0	0	0	0	62.932662
LT934125.1	127668	-	54.571748	0	0	0	0	0
LT934125.1	127673	-	0	0	0	0	18.007181	0
LT934125.1	127674	-	27.285874	0	97.204165	0	0	62.932662
LT934125.1	127675	-	0	0	0	0	14.405745	0
LT934125.1	127676	-	109.143496	0	24.301041	0	0	0
LT934125.1	127677	-	0	0	0	241.779497	0	0
LT934125.1	127685	-	54.571748	0	0	0	0	0
LT934125.1	127686	-	0	567.859171	0	0	0	0
LT934125.1	127692	-	136.429371	0	97.204165	0	0	125.865324
LT934125.1	127693	-	0	0	0	0	36.014363	0
LT934125.1	127697	-	0	0	0	0	14.405745	0
LT934125.1	127698	-	109.143496	0	0	241.779497	28.81149	125.865324
LT934125.1	127699	-	0	0	121.505206	0	0	0
LT934125.1	127706	-	81.857622	0	36.451562	0	0	62.932662
LT934125.1	127707	-	0	567.859171	0	0	25.210054	0
LT934125.1	127716	-	0	0	0	241.779497	0	0
LT934125.1	127719	-	0	0	0	0	0	62.932662
LT934125.1	127723	-	27.285874	0	0	0	0	0
LT934125.1	127738	-	27.285874	0	0	0	0	0
LT934125.1	127741	-	27.285874	0	0	0	0	0
LT934125.1	127743	-	245.572867	0	60.752603	241.779497	0	251.730648
LT934125.1	127744	-	0	1135.718342	0	0	0	0
LT934125.1	127745	-	0	0	0	0	0	62.932662
LT934125.1	127746	-	27.285874	0	0	0	0	0
LT934125.1	127754	-	0	0	0	0	0	62.932662
LT934125.1	127756	-	27.285874	0	0	0	0	0
LT934125.1	127757	-	27.285874	0	0	0	0	0
LT934125.1	127761	-	0	0	0	0	0	62.932662
LT934125.1	127767	-	27.285874	0	0	0	0	62.932662
LT934125.1	127769	-	54.571748	0	0	0	0	0
LT934125.1	127774	-	54.571748	0	60.752603	0	0	62.932662
LT934125.1	127777	-	27.285874	0	0	0	0	0
LT934125.1	127803	-	27.285874	0	0	0	0	0
LT934125.1	127823	-	218.286993	0	133.655727	0	0	377.595972
LT934125.1	127824	-	0	2271.436684	0	0	43.217235	0
LT934125.1	127840	-	27.285874	0	0	0	0	0
LT934125.1	127854	-	27.285874	0	0	0	0	0
LT934125.1	127861	-	27.285874	0	0	0	0	0
LT934125.1	127867	-	27.285874	0	0	0	0	0
LT934125.1	127868	-	0	0	24.301041	0	0	0
LT934125.1	127871	-	27.285874	0	133.655727	0	25.210054	377.595972
LT934125.1	127873	-	900.433845	567.859171	0	0	162.064631	881.057269
LT934125.1	127874	-	0	0	607.526032	1450.676983	18.007181	125.865324
LT934125.1	127875	-	27.285874	0	60.752603	0	0	62.932662
LT934125.1	127888	-	27.285874	0	0	0	0	0
LT934125.1	127899	-	81.857622	0	0	0	0	0
LT934125.1	127900	-	81.857622	0	0	0	0	62.932662
LT934125.1	127901	-	0	0	36.451562	0	0	0
LT934125.1	127902	-	54.571748	567.859171	0	0	0	0
LT934125.1	127933	-	0	0	0	0	0	62.932662
LT934125.1	127940	-	0	0	24.301041	0	0	0
LT934125.1	127962	-	27.285874	0	0	0	0	0
LT934125.1	127963	-	0	0	36.451562	0	0	0
LT934125.1	127964	-	27.285874	0	24.301041	241.779497	0	0
LT934125.1	127972	-	27.285874	0	0	0	0	0
LT934125.1	127992	-	81.857622	0	0	0	0	125.865324
LT934125.1	127993	-	0	567.859171	0	0	0	0
LT934125.1	128016	-	0	0	0	0	14.405745	0
LT934125.1	128017	-	54.571748	0	0	0	0	0
LT934125.1	128166	-	27.285874	0	0	0	0	0
LT934125.1	128231	-	27.285874	567.859171	0	0	0	0
LT934125.1	128242	-	0	0	24.301041	0	0	0
LT934125.1	128285	-	27.285874	0	0	0	0	0
LT934125.1	128328	-	0	0	0	0	0	62.932662
LT934125.1	128461	-	27.285874	567.859171	0	0	0	0
LT934125.1	128532	-	0	0	0	0	0	62.932662
LT934125.1	128537	-	0	0	0	0	0	62.932662
LT934125.1	128564	-	0	0	24.301041	0	0	0
LT934125.1	128620	-	27.285874	0	0	0	0	0
LT934125.1	128624	-	0	0	24.301041	0	0	0
LT934125.1	128673	-	0	0	0	0	0	62.932662
LT934125.1	128683	-	27.285874	0	0	0	0	0
LT934125.1	128690	-	27.285874	0	0	0	0	0
LT934125.1	128703	-	0	567.859171	0	0	0	0
LT934125.1	128717	-	0	0	0	241.779497	0	0
LT934125.1	128720	-	0	0	24.301041	0	0	62.932662
LT934125.1	128725	-	0	0	24.301041	0	0	0
LT934125.1	128728	-	136.429371	0	121.505206	0	0	188.797986
LT934125.1	128729	-	2619.443914	10221.465077	2673.114543	3384.912959	1145.256728	7803.650094
LT934125.1	128730	-	0	0	0	0	0	62.932662
LT934125.1	128731	-	27.285874	0	0	0	0	125.865324
LT934125.1	128732	-	3683.593004	35207.268597	15285.354977	25870.40619	14380.534957	48080.553807
LT934125.1	128733	-	27.285874	0	0	0	2870.344693	62.932662
LT934125.1	128734	-	0	6814.310051	0	0	0	0
LT934125.1	128735	-	0	0	36.451562	0	14.405745	188.797986
LT934125.1	128736	-	0	0	0	241.779497	0	0
LT934125.1	128737	-	0	0	0	0	21.608618	0
LT934125.1	128762	-	27.285874	0	0	0	0	0
LT934125.1	128880	-	0	0	0	0	14.405745	0
LT934125.1	128882	-	0	0	0	0	97.238779	0
LT934125.1	128885	-	0	0	0	0	61.224416	0
LT934125.1	128888	-	27.285874	0	0	0	0	0
LT934125.1	128956	-	0	0	0	0	39.615799	0
LT934125.1	128958	-	0	0	0	0	21.608618	0
LT934125.1	129439	-	0	0	0	0	0	62.932662
LT934125.1	129717	-	0	0	0	0	25.210054	0
LT934125.1	129718	-	27.285874	0	0	0	0	62.932662
LT934125.1	130029	-	27.285874	0	0	0	0	0
LT934125.1	130092	-	27.285874	0	0	0	0	0
LT934125.1	130271	-	0	0	0	0	18.007181	0
LT934125.1	130272	-	27.285874	0	0	0	0	0
LT934125.1	130273	-	27.285874	0	0	0	0	0
LT934125.1	130277	-	27.285874	0	0	0	0	0
LT934125.1	130360	-	27.285874	0	0	0	0	0
LT934125.1	130538	-	27.285874	0	0	0	0	0
LT934125.1	130630	-	27.285874	0	0	0	0	0
LT934125.1	130688	-	27.285874	0	0	0	0	0
LT934125.1	130774	-	0	0	0	0	18.007181	0
LT934125.1	130820	-	27.285874	0	0	0	0	0
LT934125.1	130829	-	0	0	48.602083	0	0	0
LT934125.1	130831	-	0	0	60.752603	0	14.405745	125.865324
LT934125.1	130833	-	27.285874	0	206.558851	241.779497	115.24596	0
LT934125.1	130834	-	27.285874	0	24.301041	241.779497	0	0
LT934125.1	130870	-	27.285874	0	0	0	0	0
LT934125.1	130892	-	54.571748	0	0	0	21.608618	62.932662
LT934125.1	130894	-	27.285874	0	0	0	0	0
LT934125.1	130973	-	27.285874	0	0	0	0	0
LT934125.1	130974	-	0	567.859171	0	0	0	0
LT934125.1	131193	-	27.285874	0	0	0	0	0
LT934125.1	131305	-	27.285874	0	0	0	0	0
LT934125.1	131409	-	27.285874	0	0	0	0	0
LT934125.1	131417	-	27.285874	0	0	0	0	0
LT934125.1	131626	-	27.285874	0	0	0	0	0
LT934125.1	131926	-	0	0	24.301041	0	0	0
LT934125.1	131930	-	0	0	0	0	0	62.932662
LT934125.1	131931	-	0	0	0	241.779497	0	0
LT934125.1	132470	-	27.285874	0	0	0	0	0
LT934125.1	132478	-	0	0	0	241.779497	0	0
LT934125.1	132485	-	0	567.859171	0	0	0	0
LT934125.1	132499	-	0	0	0	241.779497	0	0
LT934125.1	132625	-	0	0	0	241.779497	0	0
LT934125.1	132886	-	27.285874	0	0	0	0	0
LT934125.1	132913	-	27.285874	0	0	0	0	0
LT934125.1	132949	-	54.571748	0	0	0	0	0
LT934125.1	132961	-	27.285874	0	0	0	0	0
LT934125.1	132994	-	0	0	24.301041	0	0	0
LT934125.1	132996	-	0	0	0	241.779497	0	0
LT934125.1	132999	-	0	0	0	0	0	62.932662
LT934125.1	133019	-	0	0	0	0	14.405745	0
LT934125.1	133021	-	0	0	24.301041	0	0	0
LT934125.1	133022	-	81.857622	0	72.903124	0	144.05745	62.932662
LT934125.1	133024	-	0	0	97.204165	0	133.253141	0
LT934125.1	133025	-	163.715245	0	145.806248	241.779497	331.332135	62.932662
LT934125.1	133027	-	0	0	0	0	0	62.932662
LT934125.1	133028	-	0	0	0	0	0	125.865324
LT934125.1	133062	-	0	0	24.301041	0	0	0
LT934125.1	133077	-	27.285874	0	0	0	0	0
LT934125.1	133114	-	0	0	24.301041	0	14.405745	0
LT934125.1	133116	-	27.285874	0	0	0	0	0
LT934125.1	133117	-	0	0	48.602083	0	0	0
LT934125.1	133209	-	27.285874	0	0	0	0	0
LT934125.1	133224	-	0	0	0	241.779497	0	0
LT934125.1	133245	-	27.285874	0	0	0	0	0
LT934125.1	133254	-	27.285874	0	0	0	0	0
LT934125.1	133274	-	0	0	24.301041	0	0	62.932662
LT934125.1	133276	-	0	0	0	0	0	62.932662
LT934125.1	133310	-	54.571748	0	24.301041	0	0	0
LT934125.1	133348	-	27.285874	0	0	0	0	0
LT934125.1	133363	-	0	0	0	241.779497	0	0
LT934125.1	133515	-	27.285874	0	0	0	0	0
LT934125.1	133570	-	27.285874	0	0	0	0	0
LT934125.1	134040	-	27.285874	0	0	0	0	0
LT934125.1	134042	-	27.285874	0	0	0	0	0
LT934125.1	134044	-	27.285874	0	0	0	0	0
LT934125.1	134048	-	27.285874	0	0	0	0	0
LT934125.1	134077	-	0	567.859171	0	0	0	0
LT934125.1	134080	-	27.285874	0	0	0	0	0
LT934125.1	134199	-	0	567.859171	0	0	0	0
LT934125.1	134354	-	0	0	0	0	0	62.932662
LT934125.1	134382	-	27.285874	0	0	0	0	0
LT934125.1	134390	-	27.285874	0	0	0	0	0
LT934125.1	134410	-	0	0	24.301041	0	0	188.797986
LT934125.1	134714	-	0	0	0	0	0	62.932662
LT934125.1	134769	-	0	0	0	0	0	62.932662
LT934125.1	135149	-	27.285874	0	0	0	0	0
LT934125.1	135242	-	0	0	0	0	0	62.932662
LT934125.1	135260	-	54.571748	0	0	0	0	0
LT934125.1	135283	-	0	0	24.301041	0	0	0
LT934125.1	135285	-	0	0	0	0	18.007181	0
LT934125.1	135291	-	27.285874	0	0	0	0	62.932662
LT934125.1	135310	-	27.285874	0	36.451562	0	0	62.932662
LT934125.1	135320	-	27.285874	0	0	0	0	0
LT934125.1	135322	-	27.285874	0	0	0	0	0
LT934125.1	135369	-	0	0	109.354686	0	0	0
LT934125.1	135377	-	27.285874	0	36.451562	0	0	0
LT934125.1	135396	-	27.285874	0	36.451562	0	0	0
LT934125.1	135405	-	27.285874	0	0	0	25.210054	0
LT934125.1	135407	-	54.571748	0	109.354686	0	21.608618	0
LT934125.1	135413	-	0	0	0	0	18.007181	62.932662
LT934125.1	135414	-	27.285874	0	36.451562	0	0	0
LT934125.1	135465	-	27.285874	0	0	0	0	0
LT934125.1	135466	-	27.285874	0	0	0	0	0
LT934125.1	135473	-	27.285874	0	0	0	0	0
LT934125.1	135488	-	0	0	36.451562	0	0	0
LT934125.1	135506	-	27.285874	0	0	0	0	0
LT934125.1	135528	-	27.285874	0	0	0	14.405745	0
LT934125.1	135611	-	0	0	24.301041	0	0	0
LT934125.1	135667	-	0	0	0	241.779497	0	0
LT934125.1	135712	-	0	0	0	0	0	62.932662
LT934125.1	135714	-	27.285874	0	0	0	0	0
LT934125.1	135715	-	0	0	24.301041	0	0	0
LT934125.1	135718	-	0	0	0	0	0	62.932662
LT934125.1	135915	-	27.285874	0	0	0	0	0
LT934125.1	135919	-	27.285874	0	0	0	0	0
LT934125.1	136019	-	27.285874	0	0	0	0	0
LT934125.1	136043	-	27.285874	0	0	0	0	0
LT934125.1	136045	-	81.857622	0	0	0	18.007181	62.932662
LT934125.1	136046	-	54.571748	0	0	0	0	0
LT934125.1	136053	-	54.571748	0	0	0	0	0
LT934125.1	136054	-	0	0	24.301041	0	0	0
LT934125.1	136066	-	27.285874	0	0	0	0	0
LT934125.1	136071	-	0	0	24.301041	0	0	0
LT934125.1	136073	-	27.285874	0	0	0	0	0
LT934125.1	136102	-	0	0	0	0	14.405745	0
LT934125.1	136103	-	81.857622	0	0	0	0	0
LT934125.1	136106	-	0	0	0	0	14.405745	0
LT934125.1	136107	-	0	0	0	0	21.608618	0
LT934125.1	136153	-	27.285874	0	0	0	0	0
LT934125.1	136162	-	27.285874	0	0	0	0	0
LT934125.1	136173	-	27.285874	0	0	0	0	0
LT934125.1	136208	-	27.285874	0	0	0	14.405745	0
LT934125.1	136209	-	0	0	0	0	14.405745	0
LT934125.1	136211	-	0	0	0	0	0	62.932662
LT934125.1	136213	-	0	0	0	0	18.007181	0
LT934125.1	136220	-	54.571748	0	0	0	0	0
LT934125.1	136229	-	0	0	0	0	0	62.932662
LT934125.1	136231	-	0	0	24.301041	483.558994	0	0
LT934125.1	136232	-	54.571748	567.859171	121.505206	0	86.43447	62.932662
LT934125.1	136233	-	0	0	0	241.779497	0	0
LT934125.1	136234	-	409.288112	0	473.870305	241.779497	259.30341	629.326621
LT934125.1	136235	-	8595.050342	3975.014196	12551.487831	7736.943907	7710.675017	16677.155444
LT934125.1	136238	-	0	0	36.451562	0	0	62.932662
LT934125.1	136241	-	54.571748	0	0	0	14.405745	0
LT934125.1	136243	-	27.285874	0	0	0	0	0
LT934125.1	136244	-	54.571748	0	0	0	14.405745	0
LT934125.1	136262	-	0	0	24.301041	0	0	0
LT934125.1	136283	-	0	0	0	0	0	62.932662
LT934125.1	136284	-	0	0	0	0	18.007181	125.865324
LT934125.1	136285	-	109.143496	0	97.204165	0	50.420108	0
LT934125.1	136286	-	0	0	24.301041	0	0	0
LT934125.1	136288	-	27.285874	0	0	0	0	0
LT934125.1	136290	-	0	0	0	0	0	125.865324
LT934125.1	136291	-	27.285874	567.859171	0	0	32.412926	0
LT934125.1	136295	-	27.285874	0	97.204165	241.779497	39.615799	251.730648
LT934125.1	136297	-	81.857622	0	121.505206	241.779497	39.615799	62.932662
LT934125.1	136299	-	0	0	0	0	14.405745	0
LT934125.1	136316	-	0	0	24.301041	241.779497	0	0
LT934125.1	136317	-	0	0	24.301041	0	0	62.932662
LT934125.1	136322	-	0	0	24.301041	0	0	62.932662
LT934125.1	136325	-	0	0	0	0	0	62.932662
LT934125.1	136328	-	0	0	0	0	0	62.932662
LT934125.1	136352	-	27.285874	0	0	0	0	0
LT934125.1	136354	-	27.285874	0	0	0	0	0
LT934125.1	136407	-	27.285874	0	0	0	21.608618	0
LT934125.1	136408	-	0	0	36.451562	0	0	0
LT934125.1	136474	-	27.285874	0	0	0	0	0
LT934125.1	136576	-	0	567.859171	0	0	0	0
LT934125.1	137084	-	27.285874	0	0	0	0	0
LT934125.1	137096	-	0	0	0	0	0	62.932662
LT934125.1	137124	-	0	0	0	0	0	62.932662
LT934125.1	137415	-	0	0	0	241.779497	0	0
LT934125.1	137598	-	27.285874	0	0	0	0	0
LT934125.1	137613	-	27.285874	0	0	0	0	0
LT934125.1	137615	-	0	0	0	0	0	314.66331
LT934125.1	137617	-	0	567.859171	0	0	0	0
LT934125.1	137754	-	0	0	0	0	0	188.797986
LT934125.1	137944	-	0	0	0	0	0	62.932662
LT934125.1	138195	-	27.285874	0	0	0	0	0
LT934125.1	138455	-	0	0	0	0	0	62.932662
LT934125.1	138987	-	27.285874	0	0	0	0	0
LT934125.1	139350	-	0	0	0	241.779497	0	0
LT934125.1	139551	-	27.285874	0	0	0	0	0
LT934125.1	139912	-	0	0	24.301041	0	14.405745	0
LT934125.1	141094	-	0	0	0	0	0	62.932662
LT934125.1	141102	-	0	0	0	0	0	62.932662
LT934125.1	141112	-	0	0	0	0	0	62.932662
LT934125.1	141127	-	0	0	0	0	0	62.932662
LT934125.1	141324	-	0	0	24.301041	0	0	0
LT934125.1	141504	-	27.285874	0	0	0	0	0
LT934125.1	141628	-	27.285874	0	0	0	14.405745	0
LT934125.1	141640	-	27.285874	0	0	0	0	0
LT934125.1	141655	-	109.143496	0	48.602083	0	0	0
LT934125.1	141657	-	27.285874	0	24.301041	0	0	0
LT934125.1	141660	-	27.285874	0	0	0	25.210054	0
LT934125.1	141710	-	27.285874	0	0	0	0	0
LT934125.1	141724	-	27.285874	0	0	0	0	0
LT934125.1	141725	-	0	0	60.752603	0	0	0
LT934125.1	141727	-	0	0	0	0	43.217235	0
LT934125.1	141728	-	27.285874	0	0	0	0	0
LT934125.1	141753	-	27.285874	0	0	0	28.81149	0
LT934125.1	141754	-	0	0	36.451562	0	0	0
LT934125.1	141772	-	0	0	0	241.779497	0	0
LT934125.1	141773	-	0	0	36.451562	0	0	0
LT934125.1	141775	-	0	0	0	0	21.608618	0
LT934125.1	141798	-	27.285874	0	0	0	0	0
LT934125.1	141847	-	0	0	0	0	18.007181	0
LT934125.1	141848	-	27.285874	0	0	0	0	0
LT934125.1	141852	-	0	0	0	0	72.028725	0
LT934125.1	141864	-	0	567.859171	0	0	0	0
LT934125.1	141872	-	27.285874	0	0	241.779497	0	0
LT934125.1	141874	-	27.285874	0	0	0	0	0
LT934125.1	141884	-	0	0	24.301041	241.779497	0	0
LT934125.1	141886	-	0	0	24.301041	0	0	0
LT934125.1	141889	-	27.285874	567.859171	0	0	201.68043	0
LT934125.1	141890	-	0	0	133.655727	0	28.81149	0
LT934125.1	141912	-	0	0	24.301041	0	0	0
LT934125.1	141914	-	54.571748	0	24.301041	0	0	0
LT934125.1	141986	-	0	0	24.301041	0	0	0
LT934125.1	141988	-	27.285874	0	170.107289	483.558994	0	62.932662
LT934125.1	141991	-	0	0	0	0	18.007181	0
LT934125.1	141996	-	27.285874	0	0	0	0	0
LT934125.1	142018	-	27.285874	0	0	0	0	0
LT934125.1	142025	-	27.285874	0	0	0	0	0
LT934125.1	142042	-	27.285874	0	0	0	0	0
LT934125.1	142043	-	0	0	24.301041	0	0	0
LT934125.1	142143	-	0	0	0	0	14.405745	0
LT934125.1	142253	-	27.285874	0	0	0	0	0
LT934125.1	142254	-	0	0	0	0	14.405745	0
LT934125.1	142377	-	0	0	0	241.779497	0	0
LT934125.1	142421	-	0	0	0	0	21.608618	0
LT934125.1	142424	-	0	0	133.655727	0	288.1149	0
LT934125.1	142425	-	0	0	0	0	144.05745	0
LT934125.1	142427	-	0	0	97.204165	0	262.904846	0
