gene	Kinetic_class	hpi	Time	cell_line	group	seqnames	strand	norm_base	sample	read_count	mean	sd	varcoeff	libtype	sample_name	norm.method	cluster
ORF-1	E	0.5h	0.5	PC_12	PC_12_0.5h	LT934125.1	+	1	PC_12_0.5h	33333.333334	33333.333334			dcDNA	PC_12_0.5h	WO	cluster_1
ORF-1	E	1.5h	1.5	PC_12	PC_12_1.5h	LT934125.1	+	1	PC_12_1.5h	28241.335044	28241.335044			dcDNA	PC_12_1.5h	WO	cluster_1
ORF-1	E	12h	12	C6	C6_12h	LT934125.1	+	1	C6_12h	10806.072632	10806.072632			dcDNA	C6_12h	WO	cluster_1
ORF-1	E	12h	12	NRK	NRK_12h	LT934125.1	+	1	NRK_12h	17789.311049	17789.311049			dcDNA	NRK_12h	WO	cluster_1
ORF-1	E	12h	12	PC_12	PC_12_12h	LT934125.1	+	1	PC_12_12h	10250.763599	10250.763599			dcDNA	PC_12_12h	WO	cluster_1
ORF-1	E	12h	12	PK_15	PK_15_12h	LT934125.1	+	1	PK_15_12h	4992.759419	4992.759419			dcDNA	PK_15_12h	WO	cluster_1
ORF-1	E	1h	1	C6	C6_1h	LT934125.1	+	1	C6_1h	22831.050229	22831.050229			dcDNA	C6_1h	WO	cluster_1
ORF-1	E	1h	1	NRK	NRK_1h	LT934125.1	+	1	NRK_1h	31578.947367	31578.947367			dcDNA	NRK_1h	WO	cluster_1
ORF-1	E	1h	1	PC_12	PC_12_1h	LT934125.1	+	1	PC_12_1h	27439.02439	27439.02439			dcDNA	PC_12_1h	WO	cluster_1
ORF-1	E	1h	1	PK_15	PK_15_1h	LT934125.1	+	1	PK_15_1h	11227.54491	11227.54491			dcDNA	PK_15_1h	WO	cluster_1
ORF-1	E	2.5h	2.5	PC_12	PC_12_2.5h	LT934125.1	+	1	PC_12_2.5h	25839.79328	25839.79328			dcDNA	PC_12_2.5h	WO	cluster_1
ORF-1	E	2h	2	C6	C6_2h	LT934125.1	+	1	C6_2h	20335.53635	20335.53635			dcDNA	C6_2h	WO	cluster_1
ORF-1	E	2h	2	NRK	NRK_2h	LT934125.1	+	1	NRK_2h	21241.830065	21241.830065			dcDNA	NRK_2h	WO	cluster_1
ORF-1	E	2h	2	PC_12	PC_12_2h	LT934125.1	+	1	PC_12_2h	26143.790847	26143.790847			dcDNA	PC_12_2h	WO	cluster_1
ORF-1	E	2h	2	PK_15	PK_15_2h	LT934125.1	+	1	PK_15_2h	25301.509658	25301.509658			dcDNA	PK_15_2h	WO	cluster_1
ORF-1	E	4h	4	C6	C6_4h	LT934125.1	+	1	C6_4h	29495.178671	29495.178671			dcDNA	C6_4h	WO	cluster_1
ORF-1	E	4h	4	NRK	NRK_4h	LT934125.1	+	1	NRK_4h	39248.370967	39248.370967			dcDNA	NRK_4h	WO	cluster_1
ORF-1	E	4h	4	PC_12	PC_12_4h	LT934125.1	+	1	PC_12_4h	23678.385752	23678.385752			dcDNA	PC_12_4h	WO	cluster_1
ORF-1	E	4h	4	PK_15	PK_15_4h	LT934125.1	+	1	PK_15_4h	18941.2841	18941.2841			dcDNA	PK_15_4h	WO	cluster_1
ORF-1	E	6h	6	C6	C6_6h	LT934125.1	+	1	C6_6h	23725.115899	23725.115899			dcDNA	C6_6h	WO	cluster_1
ORF-1	E	6h	6	NRK	NRK_6h	LT934125.1	+	1	NRK_6h	34085.639201	34085.639201			dcDNA	NRK_6h	WO	cluster_1
ORF-1	E	6h	6	PC_12	PC_12_6h	LT934125.1	+	1	PC_12_6h	21677.578056	21677.578056			dcDNA	PC_12_6h	WO	cluster_1
ORF-1	E	6h	6	PK_15	PK_15_6h	LT934125.1	+	1	PK_15_6h	12441.577913	12441.577913			dcDNA	PK_15_6h	WO	cluster_1
ORF-1	E	8h	8	C6	C6_8h	LT934125.1	+	1	C6_8h	17130.934513	17130.934513			dcDNA	C6_8h	WO	cluster_1
ORF-1	E	8h	8	NRK	NRK_8h	LT934125.1	+	1	NRK_8h	24748.221221	24748.221221			dcDNA	NRK_8h	WO	cluster_1
ORF-1	E	8h	8	PC_12	PC_12_8h	LT934125.1	+	1	PC_12_8h	15795.007771	15795.007771			dcDNA	PC_12_8h	WO	cluster_1
ORF-1	E	8h	8	PK_15	PK_15_8h	LT934125.1	+	1	PK_15_8h	7543.197528	7543.197528			dcDNA	PK_15_8h	WO	cluster_1
UL54	E	0.5h	0.5	PC_12	PC_12_0.5h	LT934125.1	-	1	PC_12_0.5h	33333.333333	33333.333333			dcDNA	PC_12_0.5h	WO	cluster_1
UL54	E	1.5h	1.5	PC_12	PC_12_1.5h	LT934125.1	-	1	PC_12_1.5h	38510.911424	38510.911424			dcDNA	PC_12_1.5h	WO	cluster_1
UL54	E	12h	12	C6	C6_12h	LT934125.1	-	1	C6_12h	7879.326509	7879.326509			dcDNA	C6_12h	WO	cluster_1
UL54	E	12h	12	NRK	NRK_12h	LT934125.1	-	1	NRK_12h	8412.363741	8412.363741			dcDNA	NRK_12h	WO	cluster_1
UL54	E	12h	12	PC_12	PC_12_12h	LT934125.1	-	1	PC_12_12h	7044.863662	7044.863662			dcDNA	PC_12_12h	WO	cluster_1
UL54	E	12h	12	PK_15	PK_15_12h	LT934125.1	-	1	PK_15_12h	4055.652131	4055.652131			dcDNA	PK_15_12h	WO	cluster_1
UL54	E	1h	1	C6	C6_1h	LT934125.1	-	1	C6_1h	33920.417482	33920.417482			dcDNA	C6_1h	WO	cluster_1
UL54	E	1h	1	NRK	NRK_1h	LT934125.1	-	1	NRK_1h	21052.631578	21052.631578			dcDNA	NRK_1h	WO	cluster_1
UL54	E	1h	1	PC_12	PC_12_1h	LT934125.1	-	1	PC_12_1h	34298.780488	34298.780488			dcDNA	PC_12_1h	WO	cluster_1
UL54	E	1h	1	PK_15	PK_15_1h	LT934125.1	-	1	PK_15_1h	14221.556886	14221.556886			dcDNA	PK_15_1h	WO	cluster_1
UL54	E	2.5h	2.5	PC_12	PC_12_2.5h	LT934125.1	-	1	PC_12_2.5h	26701.119724	26701.119724			dcDNA	PC_12_2.5h	WO	cluster_1
UL54	E	2h	2	C6	C6_2h	LT934125.1	-	1	C6_2h	27961.362481	27961.362481			dcDNA	C6_2h	WO	cluster_1
UL54	E	2h	2	NRK	NRK_2h	LT934125.1	-	1	NRK_2h	28594.771241	28594.771241			dcDNA	NRK_2h	WO	cluster_1
UL54	E	2h	2	PC_12	PC_12_2h	LT934125.1	-	1	PC_12_2h	33464.052285	33464.052285			dcDNA	PC_12_2h	WO	cluster_1
UL54	E	2h	2	PK_15	PK_15_2h	LT934125.1	-	1	PK_15_2h	29012.397741	29012.397741			dcDNA	PK_15_2h	WO	cluster_1
UL54	E	4h	4	C6	C6_4h	LT934125.1	-	1	C6_4h	14180.374362	14180.374362			dcDNA	C6_4h	WO	cluster_1
UL54	E	4h	4	NRK	NRK_4h	LT934125.1	-	1	NRK_4h	18033.03531	18033.03531			dcDNA	NRK_4h	WO	cluster_1
UL54	E	4h	4	PC_12	PC_12_4h	LT934125.1	-	1	PC_12_4h	13743.758686	13743.758686			dcDNA	PC_12_4h	WO	cluster_1
UL54	E	4h	4	PK_15	PK_15_4h	LT934125.1	-	1	PK_15_4h	18962.075849	18962.075849			dcDNA	PK_15_4h	WO	cluster_1
UL54	E	6h	6	C6	C6_6h	LT934125.1	-	1	C6_6h	18598.309245	18598.309245			dcDNA	C6_6h	WO	cluster_1
UL54	E	6h	6	NRK	NRK_6h	LT934125.1	-	1	NRK_6h	14801.360332	14801.360332			dcDNA	NRK_6h	WO	cluster_1
UL54	E	6h	6	PC_12	PC_12_6h	LT934125.1	-	1	PC_12_6h	13875.187372	13875.187372			dcDNA	PC_12_6h	WO	cluster_1
UL54	E	6h	6	PK_15	PK_15_6h	LT934125.1	-	1	PK_15_6h	12989.953161	12989.953161			dcDNA	PK_15_6h	WO	cluster_1
UL54	E	8h	8	C6	C6_8h	LT934125.1	-	1	C6_8h	16716.082823	16716.082823			dcDNA	C6_8h	WO	cluster_1
UL54	E	8h	8	NRK	NRK_8h	LT934125.1	-	1	NRK_8h	15519.197057	15519.197057			dcDNA	NRK_8h	WO	cluster_1
UL54	E	8h	8	PC_12	PC_12_8h	LT934125.1	-	1	PC_12_8h	14583.523819	14583.523819			dcDNA	PC_12_8h	WO	cluster_1
UL54	E	8h	8	PK_15	PK_15_8h	LT934125.1	-	1	PK_15_8h	9304.274729	9304.274729			dcDNA	PK_15_8h	WO	cluster_1
UL53	L	0.5h	0.5	PC_12	PC_12_0.5h	LT934125.1	-	1	PC_12_0.5h	0	0			dcDNA	PC_12_0.5h	WO	
UL53	L	1.5h	1.5	PC_12	PC_12_1.5h	LT934125.1	-	1	PC_12_1.5h	0	0			dcDNA	PC_12_1.5h	WO	
UL53	L	12h	12	C6	C6_12h	LT934125.1	-	1	C6_12h	0	0			dcDNA	C6_12h	WO	
UL53	L	12h	12	NRK	NRK_12h	LT934125.1	-	1	NRK_12h	0	0			dcDNA	NRK_12h	WO	
UL53	L	12h	12	PC_12	PC_12_12h	LT934125.1	-	1	PC_12_12h	0	0			dcDNA	PC_12_12h	WO	
UL53	L	12h	12	PK_15	PK_15_12h	LT934125.1	-	1	PK_15_12h	0	0			dcDNA	PK_15_12h	WO	
UL53	L	1h	1	C6	C6_1h	LT934125.1	-	1	C6_1h	0	0			dcDNA	C6_1h	WO	
UL53	L	1h	1	NRK	NRK_1h	LT934125.1	-	1	NRK_1h	0	0			dcDNA	NRK_1h	WO	
UL53	L	1h	1	PC_12	PC_12_1h	LT934125.1	-	1	PC_12_1h	0	0			dcDNA	PC_12_1h	WO	
UL53	L	1h	1	PK_15	PK_15_1h	LT934125.1	-	1	PK_15_1h	0	0			dcDNA	PK_15_1h	WO	
UL53	L	2.5h	2.5	PC_12	PC_12_2.5h	LT934125.1	-	1	PC_12_2.5h	0	0			dcDNA	PC_12_2.5h	WO	
UL53	L	2h	2	C6	C6_2h	LT934125.1	-	1	C6_2h	0	0			dcDNA	C6_2h	WO	
UL53	L	2h	2	NRK	NRK_2h	LT934125.1	-	1	NRK_2h	0	0			dcDNA	NRK_2h	WO	
UL53	L	2h	2	PC_12	PC_12_2h	LT934125.1	-	1	PC_12_2h	0	0			dcDNA	PC_12_2h	WO	
UL53	L	2h	2	PK_15	PK_15_2h	LT934125.1	-	1	PK_15_2h	0	0			dcDNA	PK_15_2h	WO	
UL53	L	4h	4	C6	C6_4h	LT934125.1	-	1	C6_4h	0	0			dcDNA	C6_4h	WO	
UL53	L	4h	4	NRK	NRK_4h	LT934125.1	-	1	NRK_4h	0	0			dcDNA	NRK_4h	WO	
UL53	L	4h	4	PC_12	PC_12_4h	LT934125.1	-	1	PC_12_4h	0	0			dcDNA	PC_12_4h	WO	
UL53	L	4h	4	PK_15	PK_15_4h	LT934125.1	-	1	PK_15_4h	0	0			dcDNA	PK_15_4h	WO	
UL53	L	6h	6	C6	C6_6h	LT934125.1	-	1	C6_6h	0	0			dcDNA	C6_6h	WO	
UL53	L	6h	6	NRK	NRK_6h	LT934125.1	-	1	NRK_6h	38.645849	38.645849			dcDNA	NRK_6h	WO	
UL53	L	6h	6	PC_12	PC_12_6h	LT934125.1	-	1	PC_12_6h	0	0			dcDNA	PC_12_6h	WO	
UL53	L	6h	6	PK_15	PK_15_6h	LT934125.1	-	1	PK_15_6h	0	0			dcDNA	PK_15_6h	WO	
UL53	L	8h	8	C6	C6_8h	LT934125.1	-	1	C6_8h	0	0			dcDNA	C6_8h	WO	
UL53	L	8h	8	NRK	NRK_8h	LT934125.1	-	1	NRK_8h	0	0			dcDNA	NRK_8h	WO	
UL53	L	8h	8	PC_12	PC_12_8h	LT934125.1	-	1	PC_12_8h	0	0			dcDNA	PC_12_8h	WO	
UL53	L	8h	8	PK_15	PK_15_8h	LT934125.1	-	1	PK_15_8h	0	0			dcDNA	PK_15_8h	WO	
UL52	E	0.5h	0.5	PC_12	PC_12_0.5h	LT934125.1	-	1	PC_12_0.5h	0	0			dcDNA	PC_12_0.5h	WO	
UL52	E	1.5h	1.5	PC_12	PC_12_1.5h	LT934125.1	-	1	PC_12_1.5h	0	0			dcDNA	PC_12_1.5h	WO	
UL52	E	12h	12	C6	C6_12h	LT934125.1	-	1	C6_12h	0	0			dcDNA	C6_12h	WO	
UL52	E	12h	12	NRK	NRK_12h	LT934125.1	-	1	NRK_12h	0	0			dcDNA	NRK_12h	WO	
UL52	E	12h	12	PC_12	PC_12_12h	LT934125.1	-	1	PC_12_12h	0	0			dcDNA	PC_12_12h	WO	
UL52	E	12h	12	PK_15	PK_15_12h	LT934125.1	-	1	PK_15_12h	0	0			dcDNA	PK_15_12h	WO	
UL52	E	1h	1	C6	C6_1h	LT934125.1	-	1	C6_1h	0	0			dcDNA	C6_1h	WO	
UL52	E	1h	1	NRK	NRK_1h	LT934125.1	-	1	NRK_1h	0	0			dcDNA	NRK_1h	WO	
UL52	E	1h	1	PC_12	PC_12_1h	LT934125.1	-	1	PC_12_1h	0	0			dcDNA	PC_12_1h	WO	
UL52	E	1h	1	PK_15	PK_15_1h	LT934125.1	-	1	PK_15_1h	0	0			dcDNA	PK_15_1h	WO	
UL52	E	2.5h	2.5	PC_12	PC_12_2.5h	LT934125.1	-	1	PC_12_2.5h	0	0			dcDNA	PC_12_2.5h	WO	
UL52	E	2h	2	C6	C6_2h	LT934125.1	-	1	C6_2h	0	0			dcDNA	C6_2h	WO	
UL52	E	2h	2	NRK	NRK_2h	LT934125.1	-	1	NRK_2h	0	0			dcDNA	NRK_2h	WO	
UL52	E	2h	2	PC_12	PC_12_2h	LT934125.1	-	1	PC_12_2h	0	0			dcDNA	PC_12_2h	WO	
UL52	E	2h	2	PK_15	PK_15_2h	LT934125.1	-	1	PK_15_2h	0	0			dcDNA	PK_15_2h	WO	
UL52	E	4h	4	C6	C6_4h	LT934125.1	-	1	C6_4h	0	0			dcDNA	C6_4h	WO	
UL52	E	4h	4	NRK	NRK_4h	LT934125.1	-	1	NRK_4h	0	0			dcDNA	NRK_4h	WO	
UL52	E	4h	4	PC_12	PC_12_4h	LT934125.1	-	1	PC_12_4h	0	0			dcDNA	PC_12_4h	WO	
UL52	E	4h	4	PK_15	PK_15_4h	LT934125.1	-	1	PK_15_4h	0	0			dcDNA	PK_15_4h	WO	
UL52	E	6h	6	C6	C6_6h	LT934125.1	-	1	C6_6h	0	0			dcDNA	C6_6h	WO	
UL52	E	6h	6	NRK	NRK_6h	LT934125.1	-	1	NRK_6h	38.645849	38.645849			dcDNA	NRK_6h	WO	
UL52	E	6h	6	PC_12	PC_12_6h	LT934125.1	-	1	PC_12_6h	0	0			dcDNA	PC_12_6h	WO	
UL52	E	6h	6	PK_15	PK_15_6h	LT934125.1	-	1	PK_15_6h	0	0			dcDNA	PK_15_6h	WO	
UL52	E	8h	8	C6	C6_8h	LT934125.1	-	1	C6_8h	0	0			dcDNA	C6_8h	WO	
UL52	E	8h	8	NRK	NRK_8h	LT934125.1	-	1	NRK_8h	0	0			dcDNA	NRK_8h	WO	
UL52	E	8h	8	PC_12	PC_12_8h	LT934125.1	-	1	PC_12_8h	0	0			dcDNA	PC_12_8h	WO	
UL52	E	8h	8	PK_15	PK_15_8h	LT934125.1	-	1	PK_15_8h	0	0			dcDNA	PK_15_8h	WO	
UL51	L	0.5h	0.5	PC_12	PC_12_0.5h	LT934125.1	+	1	PC_12_0.5h	0	0			dcDNA	PC_12_0.5h	WO	cluster_2
UL51	L	1.5h	1.5	PC_12	PC_12_1.5h	LT934125.1	+	1	PC_12_1.5h	5134.788189	5134.788189			dcDNA	PC_12_1.5h	WO	cluster_2
UL51	L	12h	12	C6	C6_12h	LT934125.1	+	1	C6_12h	1760.430491	1760.430491			dcDNA	C6_12h	WO	cluster_2
UL51	L	12h	12	NRK	NRK_12h	LT934125.1	+	1	NRK_12h	1796.856994	1796.856994			dcDNA	NRK_12h	WO	cluster_2
UL51	L	12h	12	PC_12	PC_12_12h	LT934125.1	+	1	PC_12_12h	1612.418871	1612.418871			dcDNA	PC_12_12h	WO	cluster_2
UL51	L	12h	12	PK_15	PK_15_12h	LT934125.1	+	1	PK_15_12h	691.637668	691.637668			dcDNA	PK_15_12h	WO	cluster_2
UL51	L	1h	1	C6	C6_1h	LT934125.1	+	1	C6_1h	2609.262884	2609.262884			dcDNA	C6_1h	WO	cluster_2
UL51	L	1h	1	NRK	NRK_1h	LT934125.1	+	1	NRK_1h	0	0			dcDNA	NRK_1h	WO	cluster_2
UL51	L	1h	1	PC_12	PC_12_1h	LT934125.1	+	1	PC_12_1h	5335.365854	5335.365854			dcDNA	PC_12_1h	WO	cluster_2
UL51	L	1h	1	PK_15	PK_15_1h	LT934125.1	+	1	PK_15_1h	3742.51497	3742.51497			dcDNA	PK_15_1h	WO	cluster_2
UL51	L	2.5h	2.5	PC_12	PC_12_2.5h	LT934125.1	+	1	PC_12_2.5h	2153.316106	2153.316106			dcDNA	PC_12_2.5h	WO	cluster_2
UL51	L	2h	2	C6	C6_2h	LT934125.1	+	1	C6_2h	5592.272497	5592.272497			dcDNA	C6_2h	WO	cluster_2
UL51	L	2h	2	NRK	NRK_2h	LT934125.1	+	1	NRK_2h	4901.960784	4901.960784			dcDNA	NRK_2h	WO	cluster_2
UL51	L	2h	2	PC_12	PC_12_2h	LT934125.1	+	1	PC_12_2h	4705.882351	4705.882351			dcDNA	PC_12_2h	WO	cluster_2
UL51	L	2h	2	PK_15	PK_15_2h	LT934125.1	+	1	PK_15_2h	1855.444043	1855.444043			dcDNA	PK_15_2h	WO	cluster_2
UL51	L	4h	4	C6	C6_4h	LT934125.1	+	1	C6_4h	3403.289846	3403.289846			dcDNA	C6_4h	WO	cluster_2
UL51	L	4h	4	NRK	NRK_4h	LT934125.1	+	1	NRK_4h	4394.605245	4394.605245			dcDNA	NRK_4h	WO	cluster_2
UL51	L	4h	4	PC_12	PC_12_4h	LT934125.1	+	1	PC_12_4h	6125.495445	6125.495445			dcDNA	PC_12_4h	WO	cluster_2
UL51	L	4h	4	PK_15	PK_15_4h	LT934125.1	+	1	PK_15_4h	6611.776448	6611.776448			dcDNA	PK_15_4h	WO	cluster_2
UL51	L	6h	6	C6	C6_6h	LT934125.1	+	1	C6_6h	4254.158713	4254.158713			dcDNA	C6_6h	WO	cluster_2
UL51	L	6h	6	NRK	NRK_6h	LT934125.1	+	1	NRK_6h	2125.521719	2125.521719			dcDNA	NRK_6h	WO	cluster_2
UL51	L	6h	6	PC_12	PC_12_6h	LT934125.1	+	1	PC_12_6h	4420.073539	4420.073539			dcDNA	PC_12_6h	WO	cluster_2
UL51	L	6h	6	PK_15	PK_15_6h	LT934125.1	+	1	PK_15_6h	3788.317091	3788.317091			dcDNA	PK_15_6h	WO	cluster_2
UL51	L	8h	8	C6	C6_8h	LT934125.1	+	1	C6_8h	3489.634808	3489.634808			dcDNA	C6_8h	WO	cluster_2
UL51	L	8h	8	NRK	NRK_8h	LT934125.1	+	1	NRK_8h	2440.449592	2440.449592			dcDNA	NRK_8h	WO	cluster_2
UL51	L	8h	8	PC_12	PC_12_8h	LT934125.1	+	1	PC_12_8h	2742.982536	2742.982536			dcDNA	PC_12_8h	WO	cluster_2
UL51	L	8h	8	PK_15	PK_15_8h	LT934125.1	+	1	PK_15_8h	2449.543641	2449.543641			dcDNA	PK_15_8h	WO	cluster_2
UL50	L	0.5h	0.5	PC_12	PC_12_0.5h	LT934125.1	-	1	PC_12_0.5h	0	0			dcDNA	PC_12_0.5h	WO	cluster_1
UL50	L	1.5h	1.5	PC_12	PC_12_1.5h	LT934125.1	-	1	PC_12_1.5h	19255.455711	19255.455711			dcDNA	PC_12_1.5h	WO	cluster_1
UL50	L	12h	12	C6	C6_12h	LT934125.1	-	1	C6_12h	4051.668513	4051.668513			dcDNA	C6_12h	WO	cluster_1
UL50	L	12h	12	NRK	NRK_12h	LT934125.1	-	1	NRK_12h	7306.933906	7306.933906			dcDNA	NRK_12h	WO	cluster_1
UL50	L	12h	12	PC_12	PC_12_12h	LT934125.1	-	1	PC_12_12h	3719.926088	3719.926088			dcDNA	PC_12_12h	WO	cluster_1
UL50	L	12h	12	PK_15	PK_15_12h	LT934125.1	-	1	PK_15_12h	2300.312781	2300.312781			dcDNA	PK_15_12h	WO	cluster_1
UL50	L	1h	1	C6	C6_1h	LT934125.1	-	1	C6_1h	18264.840183	18264.840183			dcDNA	C6_1h	WO	cluster_1
UL50	L	1h	1	NRK	NRK_1h	LT934125.1	-	1	NRK_1h	31578.947369	31578.947369			dcDNA	NRK_1h	WO	cluster_1
UL50	L	1h	1	PC_12	PC_12_1h	LT934125.1	-	1	PC_12_1h	15243.902439	15243.902439			dcDNA	PC_12_1h	WO	cluster_1
UL50	L	1h	1	PK_15	PK_15_1h	LT934125.1	-	1	PK_15_1h	2994.011976	2994.011976			dcDNA	PK_15_1h	WO	cluster_1
UL50	L	2.5h	2.5	PC_12	PC_12_2.5h	LT934125.1	-	1	PC_12_2.5h	12489.23342	12489.23342			dcDNA	PC_12_2.5h	WO	cluster_1
UL50	L	2h	2	C6	C6_2h	LT934125.1	-	1	C6_2h	19318.759533	19318.759533			dcDNA	C6_2h	WO	cluster_1
UL50	L	2h	2	NRK	NRK_2h	LT934125.1	-	1	NRK_2h	32679.738562	32679.738562			dcDNA	NRK_2h	WO	cluster_1
UL50	L	2h	2	PC_12	PC_12_2h	LT934125.1	-	1	PC_12_2h	15686.274507	15686.274507			dcDNA	PC_12_2h	WO	cluster_1
UL50	L	2h	2	PK_15	PK_15_2h	LT934125.1	-	1	PK_15_2h	15855.612719	15855.612719			dcDNA	PK_15_2h	WO	cluster_1
UL50	L	4h	4	C6	C6_4h	LT934125.1	-	1	C6_4h	11911.514463	11911.514463			dcDNA	C6_4h	WO	cluster_1
UL50	L	4h	4	NRK	NRK_4h	LT934125.1	-	1	NRK_4h	22882.254888	22882.254888			dcDNA	NRK_4h	WO	cluster_1
UL50	L	4h	4	PC_12	PC_12_4h	LT934125.1	-	1	PC_12_4h	12045.091882	12045.091882			dcDNA	PC_12_4h	WO	cluster_1
UL50	L	4h	4	PK_15	PK_15_4h	LT934125.1	-	1	PK_15_4h	13722.55489	13722.55489			dcDNA	PK_15_4h	WO	cluster_1
UL50	L	6h	6	C6	C6_6h	LT934125.1	-	1	C6_6h	11617.125715	11617.125715			dcDNA	C6_6h	WO	cluster_1
UL50	L	6h	6	NRK	NRK_6h	LT934125.1	-	1	NRK_6h	11902.921625	11902.921625			dcDNA	NRK_6h	WO	cluster_1
UL50	L	6h	6	PC_12	PC_12_6h	LT934125.1	-	1	PC_12_6h	7712.708032	7712.708032			dcDNA	PC_12_6h	WO	cluster_1
UL50	L	6h	6	PK_15	PK_15_6h	LT934125.1	-	1	PK_15_6h	7083.599555	7083.599555			dcDNA	PK_15_6h	WO	cluster_1
UL50	L	8h	8	C6	C6_8h	LT934125.1	-	1	C6_8h	9077.931113	9077.931113			dcDNA	C6_8h	WO	cluster_1
UL50	L	8h	8	NRK	NRK_8h	LT934125.1	-	1	NRK_8h	9916.474752	9916.474752			dcDNA	NRK_8h	WO	cluster_1
UL50	L	8h	8	PC_12	PC_12_8h	LT934125.1	-	1	PC_12_8h	5485.965075	5485.965075			dcDNA	PC_12_8h	WO	cluster_1
UL50	L	8h	8	PK_15	PK_15_8h	LT934125.1	-	1	PK_15_8h	3991.109804	3991.109804			dcDNA	PK_15_8h	WO	cluster_1
UL49.5	L	0.5h	0.5	PC_12	PC_12_0.5h	LT934125.1	+	1	PC_12_0.5h	33333.333334	33333.333334			dcDNA	PC_12_0.5h	WO	cluster_3
UL49.5	L	1.5h	1.5	PC_12	PC_12_1.5h	LT934125.1	+	1	PC_12_1.5h	24390.243902	24390.243902			dcDNA	PC_12_1.5h	WO	cluster_3
UL49.5	L	12h	12	C6	C6_12h	LT934125.1	+	1	C6_12h	40816.177455	40816.177455			dcDNA	C6_12h	WO	cluster_3
UL49.5	L	12h	12	NRK	NRK_12h	LT934125.1	+	1	NRK_12h	38143.731487	38143.731487			dcDNA	NRK_12h	WO	cluster_3
UL49.5	L	12h	12	PC_12	PC_12_12h	LT934125.1	+	1	PC_12_12h	45707.746374	45707.746374			dcDNA	PC_12_12h	WO	cluster_3
UL49.5	L	12h	12	PK_15	PK_15_12h	LT934125.1	+	1	PK_15_12h	56505.8712	56505.8712			dcDNA	PK_15_12h	WO	cluster_3
UL49.5	L	1h	1	C6	C6_1h	LT934125.1	+	1	C6_1h	35877.364645	35877.364645			dcDNA	C6_1h	WO	cluster_3
UL49.5	L	1h	1	NRK	NRK_1h	LT934125.1	+	1	NRK_1h	21052.631579	21052.631579			dcDNA	NRK_1h	WO	cluster_3
UL49.5	L	1h	1	PC_12	PC_12_1h	LT934125.1	+	1	PC_12_1h	23628.048781	23628.048781			dcDNA	PC_12_1h	WO	cluster_3
UL49.5	L	1h	1	PK_15	PK_15_1h	LT934125.1	+	1	PK_15_1h	14970.05988	14970.05988			dcDNA	PK_15_1h	WO	cluster_3
UL49.5	L	2.5h	2.5	PC_12	PC_12_2.5h	LT934125.1	+	1	PC_12_2.5h	36175.710593	36175.710593			dcDNA	PC_12_2.5h	WO	cluster_3
UL49.5	L	2h	2	C6	C6_2h	LT934125.1	+	1	C6_2h	41179.461108	41179.461108			dcDNA	C6_2h	WO	cluster_3
UL49.5	L	2h	2	NRK	NRK_2h	LT934125.1	+	1	NRK_2h	0	0			dcDNA	NRK_2h	WO	cluster_3
UL49.5	L	2h	2	PC_12	PC_12_2h	LT934125.1	+	1	PC_12_2h	0	0			dcDNA	PC_12_2h	WO	cluster_3
UL49.5	L	2h	2	PK_15	PK_15_2h	LT934125.1	+	1	PK_15_2h	42928.228052	42928.228052			dcDNA	PK_15_2h	WO	cluster_3
UL49.5	L	4h	4	C6	C6_4h	LT934125.1	+	1	C6_4h	27509.92626	27509.92626			dcDNA	C6_4h	WO	cluster_3
UL49.5	L	4h	4	NRK	NRK_4h	LT934125.1	+	1	NRK_4h	38793.756631	38793.756631			dcDNA	NRK_4h	WO	cluster_3
UL49.5	L	4h	4	PC_12	PC_12_4h	LT934125.1	+	1	PC_12_4h	0	0			dcDNA	PC_12_4h	WO	cluster_3
UL49.5	L	4h	4	PK_15	PK_15_4h	LT934125.1	+	1	PK_15_4h	40710.246177	40710.246177			dcDNA	PK_15_4h	WO	cluster_3
UL49.5	L	6h	6	C6	C6_6h	LT934125.1	+	1	C6_6h	32069.811835	32069.811835			dcDNA	C6_6h	WO	cluster_3
UL49.5	L	6h	6	NRK	NRK_6h	LT934125.1	+	1	NRK_6h	36327.098466	36327.098466			dcDNA	NRK_6h	WO	cluster_3
UL49.5	L	6h	6	PC_12	PC_12_6h	LT934125.1	+	1	PC_12_6h	34950.61048	34950.61048			dcDNA	PC_12_6h	WO	cluster_3
UL49.5	L	6h	6	PK_15	PK_15_6h	LT934125.1	+	1	PK_15_6h	34150.194446	34150.194446			dcDNA	PK_15_6h	WO	cluster_3
UL49.5	L	8h	8	C6	C6_8h	LT934125.1	+	1	C6_8h	35713.849945	35713.849945			dcDNA	C6_8h	WO	cluster_3
UL49.5	L	8h	8	NRK	NRK_8h	LT934125.1	+	1	NRK_8h	33392.912383	33392.912383			dcDNA	NRK_8h	WO	cluster_3
UL49.5	L	8h	8	PC_12	PC_12_8h	LT934125.1	+	1	PC_12_8h	38973.210204	38973.210204			dcDNA	PC_12_8h	WO	cluster_3
UL49.5	L	8h	8	PK_15	PK_15_8h	LT934125.1	+	1	PK_15_8h	38816.037276	38816.037276			dcDNA	PK_15_8h	WO	cluster_3
UL49	L	0.5h	0.5	PC_12	PC_12_0.5h	LT934125.1	+	1	PC_12_0.5h	33333.333334	33333.333334			dcDNA	PC_12_0.5h	WO	cluster_3
UL49	L	1.5h	1.5	PC_12	PC_12_1.5h	LT934125.1	+	1	PC_12_1.5h	24390.243902	24390.243902			dcDNA	PC_12_1.5h	WO	cluster_3
UL49	L	12h	12	C6	C6_12h	LT934125.1	+	1	C6_12h	40816.177455	40816.177455			dcDNA	C6_12h	WO	cluster_3
UL49	L	12h	12	NRK	NRK_12h	LT934125.1	+	1	NRK_12h	38143.731487	38143.731487			dcDNA	NRK_12h	WO	cluster_3
UL49	L	12h	12	PC_12	PC_12_12h	LT934125.1	+	1	PC_12_12h	45707.746374	45707.746374			dcDNA	PC_12_12h	WO	cluster_3
UL49	L	12h	12	PK_15	PK_15_12h	LT934125.1	+	1	PK_15_12h	56505.8712	56505.8712			dcDNA	PK_15_12h	WO	cluster_3
UL49	L	1h	1	C6	C6_1h	LT934125.1	+	1	C6_1h	35877.364645	35877.364645			dcDNA	C6_1h	WO	cluster_3
UL49	L	1h	1	NRK	NRK_1h	LT934125.1	+	1	NRK_1h	21052.631579	21052.631579			dcDNA	NRK_1h	WO	cluster_3
UL49	L	1h	1	PC_12	PC_12_1h	LT934125.1	+	1	PC_12_1h	23628.048781	23628.048781			dcDNA	PC_12_1h	WO	cluster_3
UL49	L	1h	1	PK_15	PK_15_1h	LT934125.1	+	1	PK_15_1h	14970.05988	14970.05988			dcDNA	PK_15_1h	WO	cluster_3
UL49	L	2.5h	2.5	PC_12	PC_12_2.5h	LT934125.1	+	1	PC_12_2.5h	36175.710593	36175.710593			dcDNA	PC_12_2.5h	WO	cluster_3
UL49	L	2h	2	C6	C6_2h	LT934125.1	+	1	C6_2h	41179.461108	41179.461108			dcDNA	C6_2h	WO	cluster_3
UL49	L	2h	2	NRK	NRK_2h	LT934125.1	+	1	NRK_2h	22058.823529	22058.823529			dcDNA	NRK_2h	WO	cluster_3
UL49	L	2h	2	PC_12	PC_12_2h	LT934125.1	+	1	PC_12_2h	25620.915029	25620.915029			dcDNA	PC_12_2h	WO	cluster_3
UL49	L	2h	2	PK_15	PK_15_2h	LT934125.1	+	1	PK_15_2h	42928.228052	42928.228052			dcDNA	PK_15_2h	WO	cluster_3
UL49	L	4h	4	C6	C6_4h	LT934125.1	+	1	C6_4h	27509.92626	27509.92626			dcDNA	C6_4h	WO	cluster_3
UL49	L	4h	4	NRK	NRK_4h	LT934125.1	+	1	NRK_4h	38793.756631	38793.756631			dcDNA	NRK_4h	WO	cluster_3
UL49	L	4h	4	PC_12	PC_12_4h	LT934125.1	+	1	PC_12_4h	34899.881609	34899.881609			dcDNA	PC_12_4h	WO	cluster_3
UL49	L	4h	4	PK_15	PK_15_4h	LT934125.1	+	1	PK_15_4h	40710.246177	40710.246177			dcDNA	PK_15_4h	WO	cluster_3
UL49	L	6h	6	C6	C6_6h	LT934125.1	+	1	C6_6h	32069.811835	32069.811835			dcDNA	C6_6h	WO	cluster_3
UL49	L	6h	6	NRK	NRK_6h	LT934125.1	+	1	NRK_6h	36327.098466	36327.098466			dcDNA	NRK_6h	WO	cluster_3
UL49	L	6h	6	PC_12	PC_12_6h	LT934125.1	+	1	PC_12_6h	34950.61048	34950.61048			dcDNA	PC_12_6h	WO	cluster_3
UL49	L	6h	6	PK_15	PK_15_6h	LT934125.1	+	1	PK_15_6h	34150.194446	34150.194446			dcDNA	PK_15_6h	WO	cluster_3
UL49	L	8h	8	C6	C6_8h	LT934125.1	+	1	C6_8h	35713.849945	35713.849945			dcDNA	C6_8h	WO	cluster_3
UL49	L	8h	8	NRK	NRK_8h	LT934125.1	+	1	NRK_8h	33392.912383	33392.912383			dcDNA	NRK_8h	WO	cluster_3
UL49	L	8h	8	PC_12	PC_12_8h	LT934125.1	+	1	PC_12_8h	38973.210204	38973.210204			dcDNA	PC_12_8h	WO	cluster_3
UL49	L	8h	8	PK_15	PK_15_8h	LT934125.1	+	1	PK_15_8h	38816.037276	38816.037276			dcDNA	PK_15_8h	WO	cluster_3
UL48	L	0.5h	0.5	PC_12	PC_12_0.5h	LT934125.1	+	1	PC_12_0.5h	0	0			dcDNA	PC_12_0.5h	WO	cluster_4
UL48	L	1.5h	1.5	PC_12	PC_12_1.5h	LT934125.1	+	1	PC_12_1.5h	0	0			dcDNA	PC_12_1.5h	WO	cluster_4
UL48	L	12h	12	C6	C6_12h	LT934125.1	+	1	C6_12h	0	0			dcDNA	C6_12h	WO	cluster_4
UL48	L	12h	12	NRK	NRK_12h	LT934125.1	+	1	NRK_12h	0	0			dcDNA	NRK_12h	WO	cluster_4
UL48	L	12h	12	PC_12	PC_12_12h	LT934125.1	+	1	PC_12_12h	0	0			dcDNA	PC_12_12h	WO	cluster_4
UL48	L	12h	12	PK_15	PK_15_12h	LT934125.1	+	1	PK_15_12h	0	0			dcDNA	PK_15_12h	WO	cluster_4
UL48	L	1h	1	C6	C6_1h	LT934125.1	+	1	C6_1h	0	0			dcDNA	C6_1h	WO	cluster_4
UL48	L	1h	1	NRK	NRK_1h	LT934125.1	+	1	NRK_1h	0	0			dcDNA	NRK_1h	WO	cluster_4
UL48	L	1h	1	PC_12	PC_12_1h	LT934125.1	+	1	PC_12_1h	0	0			dcDNA	PC_12_1h	WO	cluster_4
UL48	L	1h	1	PK_15	PK_15_1h	LT934125.1	+	1	PK_15_1h	0	0			dcDNA	PK_15_1h	WO	cluster_4
UL48	L	2.5h	2.5	PC_12	PC_12_2.5h	LT934125.1	+	1	PC_12_2.5h	0	0			dcDNA	PC_12_2.5h	WO	cluster_4
UL48	L	2h	2	C6	C6_2h	LT934125.1	+	1	C6_2h	0	0			dcDNA	C6_2h	WO	cluster_4
UL48	L	2h	2	NRK	NRK_2h	LT934125.1	+	1	NRK_2h	0	0			dcDNA	NRK_2h	WO	cluster_4
UL48	L	2h	2	PC_12	PC_12_2h	LT934125.1	+	1	PC_12_2h	0	0			dcDNA	PC_12_2h	WO	cluster_4
UL48	L	2h	2	PK_15	PK_15_2h	LT934125.1	+	1	PK_15_2h	84.338366	84.338366			dcDNA	PK_15_2h	WO	cluster_4
UL48	L	4h	4	C6	C6_4h	LT934125.1	+	1	C6_4h	0	0			dcDNA	C6_4h	WO	cluster_4
UL48	L	4h	4	NRK	NRK_4h	LT934125.1	+	1	NRK_4h	0	0			dcDNA	NRK_4h	WO	cluster_4
UL48	L	4h	4	PC_12	PC_12_4h	LT934125.1	+	1	PC_12_4h	0	0			dcDNA	PC_12_4h	WO	cluster_4
UL48	L	4h	4	PK_15	PK_15_4h	LT934125.1	+	1	PK_15_4h	83.167	83.167			dcDNA	PK_15_4h	WO	cluster_4
UL48	L	6h	6	C6	C6_6h	LT934125.1	+	1	C6_6h	0	0			dcDNA	C6_6h	WO	cluster_4
UL48	L	6h	6	NRK	NRK_6h	LT934125.1	+	1	NRK_6h	0	0			dcDNA	NRK_6h	WO	cluster_4
UL48	L	6h	6	PC_12	PC_12_6h	LT934125.1	+	1	PC_12_6h	0	0			dcDNA	PC_12_6h	WO	cluster_4
UL48	L	6h	6	PK_15	PK_15_6h	LT934125.1	+	1	PK_15_6h	0	0			dcDNA	PK_15_6h	WO	cluster_4
UL48	L	8h	8	C6	C6_8h	LT934125.1	+	1	C6_8h	61.007602	61.007602			dcDNA	C6_8h	WO	cluster_4
UL48	L	8h	8	NRK	NRK_8h	LT934125.1	+	1	NRK_8h	0	0			dcDNA	NRK_8h	WO	cluster_4
UL48	L	8h	8	PC_12	PC_12_8h	LT934125.1	+	1	PC_12_8h	22.858188	22.858188			dcDNA	PC_12_8h	WO	cluster_4
UL48	L	8h	8	PK_15	PK_15_8h	LT934125.1	+	1	PK_15_8h	0	0			dcDNA	PK_15_8h	WO	cluster_4
UL46	L	0.5h	0.5	PC_12	PC_12_0.5h	LT934125.1	+	1	PC_12_0.5h	33333.333333	33333.333333			dcDNA	PC_12_0.5h	WO	cluster_5
UL46	L	1.5h	1.5	PC_12	PC_12_1.5h	LT934125.1	+	1	PC_12_1.5h	11553.273427	11553.273427			dcDNA	PC_12_1.5h	WO	cluster_5
UL46	L	12h	12	C6	C6_12h	LT934125.1	+	1	C6_12h	65296.631322	65296.631322			dcDNA	C6_12h	WO	cluster_5
UL46	L	12h	12	NRK	NRK_12h	LT934125.1	+	1	NRK_12h	31519.688601	31519.688601			dcDNA	NRK_12h	WO	cluster_5
UL46	L	12h	12	PC_12	PC_12_12h	LT934125.1	+	1	PC_12_12h	61585.743619	61585.743619			dcDNA	PC_12_12h	WO	cluster_5
UL46	L	12h	12	PK_15	PK_15_12h	LT934125.1	+	1	PK_15_12h	75101.352706	75101.352706			dcDNA	PK_15_12h	WO	cluster_5
UL46	L	1h	1	C6	C6_1h	LT934125.1	+	1	C6_1h	32615.78604	32615.78604			dcDNA	C6_1h	WO	cluster_5
UL46	L	1h	1	NRK	NRK_1h	LT934125.1	+	1	NRK_1h	18421.052631	18421.052631			dcDNA	NRK_1h	WO	cluster_5
UL46	L	1h	1	PC_12	PC_12_1h	LT934125.1	+	1	PC_12_1h	25152.439025	25152.439025			dcDNA	PC_12_1h	WO	cluster_5
UL46	L	1h	1	PK_15	PK_15_1h	LT934125.1	+	1	PK_15_1h	8233.532934	8233.532934			dcDNA	PK_15_1h	WO	cluster_5
UL46	L	2.5h	2.5	PC_12	PC_12_2.5h	LT934125.1	+	1	PC_12_2.5h	11627.906976	11627.906976			dcDNA	PC_12_2.5h	WO	cluster_5
UL46	L	2h	2	C6	C6_2h	LT934125.1	+	1	C6_2h	18810.371122	18810.371122			dcDNA	C6_2h	WO	cluster_5
UL46	L	2h	2	NRK	NRK_2h	LT934125.1	+	1	NRK_2h	19607.843137	19607.843137			dcDNA	NRK_2h	WO	cluster_5
UL46	L	2h	2	PC_12	PC_12_2h	LT934125.1	+	1	PC_12_2h	17777.777777	17777.777777			dcDNA	PC_12_2h	WO	cluster_5
UL46	L	2h	2	PK_15	PK_15_2h	LT934125.1	+	1	PK_15_2h	35000.421694	35000.421694			dcDNA	PK_15_2h	WO	cluster_5
UL46	L	4h	4	C6	C6_4h	LT934125.1	+	1	C6_4h	31196.823596	31196.823596			dcDNA	C6_4h	WO	cluster_5
UL46	L	4h	4	NRK	NRK_4h	LT934125.1	+	1	NRK_4h	22124.564329	22124.564329			dcDNA	NRK_4h	WO	cluster_5
UL46	L	4h	4	PC_12	PC_12_4h	LT934125.1	+	1	PC_12_4h	25582.951564	25582.951564			dcDNA	PC_12_4h	WO	cluster_5
UL46	L	4h	4	PK_15	PK_15_4h	LT934125.1	+	1	PK_15_4h	35574.683966	35574.683966			dcDNA	PK_15_4h	WO	cluster_5
UL46	L	6h	6	C6	C6_6h	LT934125.1	+	1	C6_6h	36323.970548	36323.970548			dcDNA	C6_6h	WO	cluster_5
UL46	L	6h	6	NRK	NRK_6h	LT934125.1	+	1	NRK_6h	22569.176068	22569.176068			dcDNA	NRK_6h	WO	cluster_5
UL46	L	6h	6	PC_12	PC_12_6h	LT934125.1	+	1	PC_12_6h	32003.894789	32003.894789			dcDNA	PC_12_6h	WO	cluster_5
UL46	L	6h	6	PK_15	PK_15_6h	LT934125.1	+	1	PK_15_6h	39397.491562	39397.491562			dcDNA	PK_15_6h	WO	cluster_5
UL46	L	8h	8	C6	C6_8h	LT934125.1	+	1	C6_8h	40887.294558	40887.294558			dcDNA	C6_8h	WO	cluster_5
UL46	L	8h	8	NRK	NRK_8h	LT934125.1	+	1	NRK_8h	28666.68958	28666.68958			dcDNA	NRK_8h	WO	cluster_5
UL46	L	8h	8	PC_12	PC_12_8h	LT934125.1	+	1	PC_12_8h	40961.872543	40961.872543			dcDNA	PC_12_8h	WO	cluster_5
UL46	L	8h	8	PK_15	PK_15_8h	LT934125.1	+	1	PK_15_8h	43627.819035	43627.819035			dcDNA	PK_15_8h	WO	cluster_5
UL27	L	0.5h	0.5	PC_12	PC_12_0.5h	LT934125.1	-	1	PC_12_0.5h	0	0			dcDNA	PC_12_0.5h	WO	cluster_5
UL27	L	1.5h	1.5	PC_12	PC_12_1.5h	LT934125.1	-	1	PC_12_1.5h	7702.182284	7702.182284			dcDNA	PC_12_1.5h	WO	cluster_5
UL27	L	12h	12	C6	C6_12h	LT934125.1	-	1	C6_12h	27833.306956	27833.306956			dcDNA	C6_12h	WO	cluster_5
UL27	L	12h	12	NRK	NRK_12h	LT934125.1	-	1	NRK_12h	23781.679742	23781.679742			dcDNA	NRK_12h	WO	cluster_5
UL27	L	12h	12	PC_12	PC_12_12h	LT934125.1	-	1	PC_12_12h	29756.703307	29756.703307			dcDNA	PC_12_12h	WO	cluster_5
UL27	L	12h	12	PK_15	PK_15_12h	LT934125.1	-	1	PK_15_12h	33694.17882	33694.17882			dcDNA	PK_15_12h	WO	cluster_5
UL27	L	1h	1	C6	C6_1h	LT934125.1	-	1	C6_1h	16960.208741	16960.208741			dcDNA	C6_1h	WO	cluster_5
UL27	L	1h	1	NRK	NRK_1h	LT934125.1	-	1	NRK_1h	15789.473683	15789.473683			dcDNA	NRK_1h	WO	cluster_5
UL27	L	1h	1	PC_12	PC_12_1h	LT934125.1	-	1	PC_12_1h	15243.902439	15243.902439			dcDNA	PC_12_1h	WO	cluster_5
UL27	L	1h	1	PK_15	PK_15_1h	LT934125.1	-	1	PK_15_1h	2994.011976	2994.011976			dcDNA	PK_15_1h	WO	cluster_5
UL27	L	2.5h	2.5	PC_12	PC_12_2.5h	LT934125.1	-	1	PC_12_2.5h	15934.539191	15934.539191			dcDNA	PC_12_2.5h	WO	cluster_5
UL27	L	2h	2	C6	C6_2h	LT934125.1	-	1	C6_2h	17285.205897	17285.205897			dcDNA	C6_2h	WO	cluster_5
UL27	L	2h	2	NRK	NRK_2h	LT934125.1	-	1	NRK_2h	10620.915032	10620.915032			dcDNA	NRK_2h	WO	cluster_5
UL27	L	2h	2	PC_12	PC_12_2h	LT934125.1	-	1	PC_12_2h	20130.718953	20130.718953			dcDNA	PC_12_2h	WO	cluster_5
UL27	L	2h	2	PK_15	PK_15_2h	LT934125.1	-	1	PK_15_2h	15518.259258	15518.259258			dcDNA	PK_15_2h	WO	cluster_5
UL27	L	4h	4	C6	C6_4h	LT934125.1	-	1	C6_4h	30062.393646	30062.393646			dcDNA	C6_4h	WO	cluster_5
UL27	L	4h	4	NRK	NRK_4h	LT934125.1	-	1	NRK_4h	14547.658737	14547.658737			dcDNA	NRK_4h	WO	cluster_5
UL27	L	4h	4	PC_12	PC_12_4h	LT934125.1	-	1	PC_12_4h	18170.587329	18170.587329			dcDNA	PC_12_4h	WO	cluster_5
UL27	L	4h	4	PK_15	PK_15_4h	LT934125.1	-	1	PK_15_4h	11643.379909	11643.379909			dcDNA	PK_15_4h	WO	cluster_5
UL27	L	6h	6	C6	C6_6h	LT934125.1	-	1	C6_6h	27706.572131	27706.572131			dcDNA	C6_6h	WO	cluster_5
UL27	L	6h	6	NRK	NRK_6h	LT934125.1	-	1	NRK_6h	12830.422012	12830.422012			dcDNA	NRK_6h	WO	cluster_5
UL27	L	6h	6	PC_12	PC_12_6h	LT934125.1	-	1	PC_12_6h	18705.238748	18705.238748			dcDNA	PC_12_6h	WO	cluster_5
UL27	L	6h	6	PK_15	PK_15_6h	LT934125.1	-	1	PK_15_6h	17915.268477	17915.268477			dcDNA	PK_15_6h	WO	cluster_5
UL27	L	8h	8	C6	C6_8h	LT934125.1	-	1	C6_8h	23634.344838	23634.344838			dcDNA	C6_8h	WO	cluster_5
UL27	L	8h	8	NRK	NRK_8h	LT934125.1	-	1	NRK_8h	19317.361564	19317.361564			dcDNA	NRK_8h	WO	cluster_5
UL27	L	8h	8	PC_12	PC_12_8h	LT934125.1	-	1	PC_12_8h	30858.553534	30858.553534			dcDNA	PC_12_8h	WO	cluster_5
UL27	L	8h	8	PK_15	PK_15_8h	LT934125.1	-	1	PK_15_8h	30185.262328	30185.262328			dcDNA	PK_15_8h	WO	cluster_5
UL28	E	0.5h	0.5	PC_12	PC_12_0.5h	LT934125.1	-	1	PC_12_0.5h	0	0			dcDNA	PC_12_0.5h	WO	cluster_6
UL28	E	1.5h	1.5	PC_12	PC_12_1.5h	LT934125.1	-	1	PC_12_1.5h	0	0			dcDNA	PC_12_1.5h	WO	cluster_6
UL28	E	12h	12	C6	C6_12h	LT934125.1	-	1	C6_12h	14.609382	14.609382			dcDNA	C6_12h	WO	cluster_6
UL28	E	12h	12	NRK	NRK_12h	LT934125.1	-	1	NRK_12h	0	0			dcDNA	NRK_12h	WO	cluster_6
UL28	E	12h	12	PC_12	PC_12_12h	LT934125.1	-	1	PC_12_12h	16.232405	16.232405			dcDNA	PC_12_12h	WO	cluster_6
UL28	E	12h	12	PK_15	PK_15_12h	LT934125.1	-	1	PK_15_12h	9.263004	9.263004			dcDNA	PK_15_12h	WO	cluster_6
UL28	E	1h	1	C6	C6_1h	LT934125.1	-	1	C6_1h	0	0			dcDNA	C6_1h	WO	cluster_6
UL28	E	1h	1	NRK	NRK_1h	LT934125.1	-	1	NRK_1h	0	0			dcDNA	NRK_1h	WO	cluster_6
UL28	E	1h	1	PC_12	PC_12_1h	LT934125.1	-	1	PC_12_1h	0	0			dcDNA	PC_12_1h	WO	cluster_6
UL28	E	1h	1	PK_15	PK_15_1h	LT934125.1	-	1	PK_15_1h	0	0			dcDNA	PK_15_1h	WO	cluster_6
UL28	E	2.5h	2.5	PC_12	PC_12_2.5h	LT934125.1	-	1	PC_12_2.5h	0	0			dcDNA	PC_12_2.5h	WO	cluster_6
UL28	E	2h	2	C6	C6_2h	LT934125.1	-	1	C6_2h	0	0			dcDNA	C6_2h	WO	cluster_6
UL28	E	2h	2	NRK	NRK_2h	LT934125.1	-	1	NRK_2h	0	0			dcDNA	NRK_2h	WO	cluster_6
UL28	E	2h	2	PC_12	PC_12_2h	LT934125.1	-	1	PC_12_2h	0	0			dcDNA	PC_12_2h	WO	cluster_6
UL28	E	2h	2	PK_15	PK_15_2h	LT934125.1	-	1	PK_15_2h	0	0			dcDNA	PK_15_2h	WO	cluster_6
UL28	E	4h	4	C6	C6_4h	LT934125.1	-	1	C6_4h	0	0			dcDNA	C6_4h	WO	cluster_6
UL28	E	4h	4	NRK	NRK_4h	LT934125.1	-	1	NRK_4h	0	0			dcDNA	NRK_4h	WO	cluster_6
UL28	E	4h	4	PC_12	PC_12_4h	LT934125.1	-	1	PC_12_4h	0	0			dcDNA	PC_12_4h	WO	cluster_6
UL28	E	4h	4	PK_15	PK_15_4h	LT934125.1	-	1	PK_15_4h	0	0			dcDNA	PK_15_4h	WO	cluster_6
UL28	E	6h	6	C6	C6_6h	LT934125.1	-	1	C6_6h	0	0			dcDNA	C6_6h	WO	cluster_6
UL28	E	6h	6	NRK	NRK_6h	LT934125.1	-	1	NRK_6h	0	0			dcDNA	NRK_6h	WO	cluster_6
UL28	E	6h	6	PC_12	PC_12_6h	LT934125.1	-	1	PC_12_6h	0	0			dcDNA	PC_12_6h	WO	cluster_6
UL28	E	6h	6	PK_15	PK_15_6h	LT934125.1	-	1	PK_15_6h	0	0			dcDNA	PK_15_6h	WO	cluster_6
UL28	E	8h	8	C6	C6_8h	LT934125.1	-	1	C6_8h	0	0			dcDNA	C6_8h	WO	cluster_6
UL28	E	8h	8	NRK	NRK_8h	LT934125.1	-	1	NRK_8h	0	0			dcDNA	NRK_8h	WO	cluster_6
UL28	E	8h	8	PC_12	PC_12_8h	LT934125.1	-	1	PC_12_8h	22.858188	22.858188			dcDNA	PC_12_8h	WO	cluster_6
UL28	E	8h	8	PK_15	PK_15_8h	LT934125.1	-	1	PK_15_8h	0	0			dcDNA	PK_15_8h	WO	cluster_6
UL29	E	0.5h	0.5	PC_12	PC_12_0.5h	LT934125.1	-	1	PC_12_0.5h	16666.666667	16666.666667			dcDNA	PC_12_0.5h	WO	cluster_1
UL29	E	1.5h	1.5	PC_12	PC_12_1.5h	LT934125.1	-	1	PC_12_1.5h	23106.546854	23106.546854			dcDNA	PC_12_1.5h	WO	cluster_1
UL29	E	12h	12	C6	C6_12h	LT934125.1	-	1	C6_12h	11482.973984	11482.973984			dcDNA	C6_12h	WO	cluster_1
UL29	E	12h	12	NRK	NRK_12h	LT934125.1	-	1	NRK_12h	8915.995868	8915.995868			dcDNA	NRK_12h	WO	cluster_1
UL29	E	12h	12	PC_12	PC_12_12h	LT934125.1	-	1	PC_12_12h	8489.547683	8489.547683			dcDNA	PC_12_12h	WO	cluster_1
UL29	E	12h	12	PK_15	PK_15_12h	LT934125.1	-	1	PK_15_12h	3025.914799	3025.914799			dcDNA	PK_15_12h	WO	cluster_1
UL29	E	1h	1	C6	C6_1h	LT934125.1	-	1	C6_1h	24787.997392	24787.997392			dcDNA	C6_1h	WO	cluster_1
UL29	E	1h	1	NRK	NRK_1h	LT934125.1	-	1	NRK_1h	26315.789472	26315.789472			dcDNA	NRK_1h	WO	cluster_1
UL29	E	1h	1	PC_12	PC_12_1h	LT934125.1	-	1	PC_12_1h	37347.560977	37347.560977			dcDNA	PC_12_1h	WO	cluster_1
UL29	E	1h	1	PK_15	PK_15_1h	LT934125.1	-	1	PK_15_1h	17215.568862	17215.568862			dcDNA	PK_15_1h	WO	cluster_1
UL29	E	2.5h	2.5	PC_12	PC_12_2.5h	LT934125.1	-	1	PC_12_2.5h	25409.130059	25409.130059			dcDNA	PC_12_2.5h	WO	cluster_1
UL29	E	2h	2	C6	C6_2h	LT934125.1	-	1	C6_2h	18301.982716	18301.982716			dcDNA	C6_2h	WO	cluster_1
UL29	E	2h	2	NRK	NRK_2h	LT934125.1	-	1	NRK_2h	23692.810458	23692.810458			dcDNA	NRK_2h	WO	cluster_1
UL29	E	2h	2	PC_12	PC_12_2h	LT934125.1	-	1	PC_12_2h	28758.169933	28758.169933			dcDNA	PC_12_2h	WO	cluster_1
UL29	E	2h	2	PK_15	PK_15_2h	LT934125.1	-	1	PK_15_2h	48325.883447	48325.883447			dcDNA	PK_15_2h	WO	cluster_1
UL29	E	4h	4	C6	C6_4h	LT934125.1	-	1	C6_4h	11911.514463	11911.514463			dcDNA	C6_4h	WO	cluster_1
UL29	E	4h	4	NRK	NRK_4h	LT934125.1	-	1	NRK_4h	12123.04895	12123.04895			dcDNA	NRK_4h	WO	cluster_1
UL29	E	4h	4	PC_12	PC_12_4h	LT934125.1	-	1	PC_12_4h	14258.506203	14258.506203			dcDNA	PC_12_4h	WO	cluster_1
UL29	E	4h	4	PK_15	PK_15_4h	LT934125.1	-	1	PK_15_4h	21914.504326	21914.504326			dcDNA	PK_15_4h	WO	cluster_1
UL29	E	6h	6	C6	C6_6h	LT934125.1	-	1	C6_6h	11126.261249	11126.261249			dcDNA	C6_6h	WO	cluster_1
UL29	E	6h	6	NRK	NRK_6h	LT934125.1	-	1	NRK_6h	7497.294788	7497.294788			dcDNA	NRK_6h	WO	cluster_1
UL29	E	6h	6	PC_12	PC_12_6h	LT934125.1	-	1	PC_12_6h	11902.169038	11902.169038			dcDNA	PC_12_6h	WO	cluster_1
UL29	E	6h	6	PK_15	PK_15_6h	LT934125.1	-	1	PK_15_6h	12159.84384	12159.84384			dcDNA	PK_15_6h	WO	cluster_1
UL29	E	8h	8	C6	C6_8h	LT934125.1	-	1	C6_8h	15788.76728	15788.76728			dcDNA	C6_8h	WO	cluster_1
UL29	E	8h	8	NRK	NRK_8h	LT934125.1	-	1	NRK_8h	12992.81614	12992.81614			dcDNA	NRK_8h	WO	cluster_1
UL29	E	8h	8	PC_12	PC_12_8h	LT934125.1	-	1	PC_12_8h	14332.083752	14332.083752			dcDNA	PC_12_8h	WO	cluster_1
UL29	E	8h	8	PK_15	PK_15_8h	LT934125.1	-	1	PK_15_8h	12524.60145	12524.60145			dcDNA	PK_15_8h	WO	cluster_1
UL30	E	0.5h	0.5	PC_12	PC_12_0.5h	LT934125.1	+	1	PC_12_0.5h	0	0			dcDNA	PC_12_0.5h	WO	cluster_7
UL30	E	1.5h	1.5	PC_12	PC_12_1.5h	LT934125.1	+	1	PC_12_1.5h	2567.394095	2567.394095			dcDNA	PC_12_1.5h	WO	cluster_7
UL30	E	12h	12	C6	C6_12h	LT934125.1	+	1	C6_12h	440.716347	440.716347			dcDNA	C6_12h	WO	cluster_7
UL30	E	12h	12	NRK	NRK_12h	LT934125.1	+	1	NRK_12h	635.942262	635.942262			dcDNA	NRK_12h	WO	cluster_7
UL30	E	12h	12	PC_12	PC_12_12h	LT934125.1	+	1	PC_12_12h	511.32075	511.32075			dcDNA	PC_12_12h	WO	cluster_7
UL30	E	12h	12	PK_15	PK_15_12h	LT934125.1	+	1	PK_15_12h	121.962892	121.962892			dcDNA	PK_15_12h	WO	cluster_7
UL30	E	1h	1	C6	C6_1h	LT934125.1	+	1	C6_1h	5218.525766	5218.525766			dcDNA	C6_1h	WO	cluster_7
UL30	E	1h	1	NRK	NRK_1h	LT934125.1	+	1	NRK_1h	0	0			dcDNA	NRK_1h	WO	cluster_7
UL30	E	1h	1	PC_12	PC_12_1h	LT934125.1	+	1	PC_12_1h	6859.756098	6859.756098			dcDNA	PC_12_1h	WO	cluster_7
UL30	E	1h	1	PK_15	PK_15_1h	LT934125.1	+	1	PK_15_1h	1497.005988	1497.005988			dcDNA	PK_15_1h	WO	cluster_7
UL30	E	2.5h	2.5	PC_12	PC_12_2.5h	LT934125.1	+	1	PC_12_2.5h	1291.989663	1291.989663			dcDNA	PC_12_2.5h	WO	cluster_7
UL30	E	2h	2	C6	C6_2h	LT934125.1	+	1	C6_2h	2033.553635	2033.553635			dcDNA	C6_2h	WO	cluster_7
UL30	E	2h	2	NRK	NRK_2h	LT934125.1	+	1	NRK_2h	3267.973856	3267.973856			dcDNA	NRK_2h	WO	cluster_7
UL30	E	2h	2	PC_12	PC_12_2h	LT934125.1	+	1	PC_12_2h	3921.568625	3921.568625			dcDNA	PC_12_2h	WO	cluster_7
UL30	E	2h	2	PK_15	PK_15_2h	LT934125.1	+	1	PK_15_2h	4385.595009	4385.595009			dcDNA	PK_15_2h	WO	cluster_7
UL30	E	4h	4	C6	C6_4h	LT934125.1	+	1	C6_4h	1134.429949	1134.429949			dcDNA	C6_4h	WO	cluster_7
UL30	E	4h	4	NRK	NRK_4h	LT934125.1	+	1	NRK_4h	757.690559	757.690559			dcDNA	NRK_4h	WO	cluster_7
UL30	E	4h	4	PC_12	PC_12_4h	LT934125.1	+	1	PC_12_4h	617.69702	617.69702			dcDNA	PC_12_4h	WO	cluster_7
UL30	E	4h	4	PK_15	PK_15_4h	LT934125.1	+	1	PK_15_4h	748.502995	748.502995			dcDNA	PK_15_4h	WO	cluster_7
UL30	E	6h	6	C6	C6_6h	LT934125.1	+	1	C6_6h	981.728933	981.728933			dcDNA	C6_6h	WO	cluster_7
UL30	E	6h	6	NRK	NRK_6h	LT934125.1	+	1	NRK_6h	541.041892	541.041892			dcDNA	NRK_6h	WO	cluster_7
UL30	E	6h	6	PC_12	PC_12_6h	LT934125.1	+	1	PC_12_6h	960.885552	960.885552			dcDNA	PC_12_6h	WO	cluster_7
UL30	E	6h	6	PK_15	PK_15_6h	LT934125.1	+	1	PK_15_6h	513.158491	513.158491			dcDNA	PK_15_6h	WO	cluster_7
UL30	E	8h	8	C6	C6_8h	LT934125.1	+	1	C6_8h	854.106422	854.106422			dcDNA	C6_8h	WO	cluster_7
UL30	E	8h	8	NRK	NRK_8h	LT934125.1	+	1	NRK_8h	1065.548413	1065.548413			dcDNA	NRK_8h	WO	cluster_7
UL30	E	8h	8	PC_12	PC_12_8h	LT934125.1	+	1	PC_12_8h	1268.629424	1268.629424			dcDNA	PC_12_8h	WO	cluster_7
UL30	E	8h	8	PK_15	PK_15_8h	LT934125.1	+	1	PK_15_8h	531.316493	531.316493			dcDNA	PK_15_8h	WO	cluster_7
UL31	L	0.5h	0.5	PC_12	PC_12_0.5h	LT934125.1	-	1	PC_12_0.5h	0	0			dcDNA	PC_12_0.5h	WO	cluster_8
UL31	L	1.5h	1.5	PC_12	PC_12_1.5h	LT934125.1	-	1	PC_12_1.5h	15404.364568	15404.364568			dcDNA	PC_12_1.5h	WO	cluster_8
UL31	L	12h	12	C6	C6_12h	LT934125.1	-	1	C6_12h	27723.736592	27723.736592			dcDNA	C6_12h	WO	cluster_8
UL31	L	12h	12	NRK	NRK_12h	LT934125.1	-	1	NRK_12h	40145.455787	40145.455787			dcDNA	NRK_12h	WO	cluster_8
UL31	L	12h	12	PC_12	PC_12_12h	LT934125.1	-	1	PC_12_12h	45261.355242	45261.355242			dcDNA	PC_12_12h	WO	cluster_8
UL31	L	12h	12	PK_15	PK_15_12h	LT934125.1	-	1	PK_15_12h	40165.931288	40165.931288			dcDNA	PK_15_12h	WO	cluster_8
UL31	L	1h	1	C6	C6_1h	LT934125.1	-	1	C6_1h	8480.104371	8480.104371			dcDNA	C6_1h	WO	cluster_8
UL31	L	1h	1	NRK	NRK_1h	LT934125.1	-	1	NRK_1h	10526.315789	10526.315789			dcDNA	NRK_1h	WO	cluster_8
UL31	L	1h	1	PC_12	PC_12_1h	LT934125.1	-	1	PC_12_1h	6859.756098	6859.756098			dcDNA	PC_12_1h	WO	cluster_8
UL31	L	1h	1	PK_15	PK_15_1h	LT934125.1	-	1	PK_15_1h	748.502994	748.502994			dcDNA	PK_15_1h	WO	cluster_8
UL31	L	2.5h	2.5	PC_12	PC_12_2.5h	LT934125.1	-	1	PC_12_2.5h	16795.865632	16795.865632			dcDNA	PC_12_2.5h	WO	cluster_8
UL31	L	2h	2	C6	C6_2h	LT934125.1	-	1	C6_2h	18301.982714	18301.982714			dcDNA	C6_2h	WO	cluster_8
UL31	L	2h	2	NRK	NRK_2h	LT934125.1	-	1	NRK_2h	14705.882352	14705.882352			dcDNA	NRK_2h	WO	cluster_8
UL31	L	2h	2	PC_12	PC_12_2h	LT934125.1	-	1	PC_12_2h	13856.209148	13856.209148			dcDNA	PC_12_2h	WO	cluster_8
UL31	L	2h	2	PK_15	PK_15_2h	LT934125.1	-	1	PK_15_2h	14421.860504	14421.860504			dcDNA	PK_15_2h	WO	cluster_8
UL31	L	4h	4	C6	C6_4h	LT934125.1	-	1	C6_4h	36868.97334	36868.97334			dcDNA	C6_4h	WO	cluster_8
UL31	L	4h	4	NRK	NRK_4h	LT934125.1	-	1	NRK_4h	23033.793001	23033.793001			dcDNA	NRK_4h	WO	cluster_8
UL31	L	4h	4	PC_12	PC_12_4h	LT934125.1	-	1	PC_12_4h	28774.386164	28774.386164			dcDNA	PC_12_4h	WO	cluster_8
UL31	L	4h	4	PK_15	PK_15_4h	LT934125.1	-	1	PK_15_4h	29669.827013	29669.827013			dcDNA	PK_15_4h	WO	cluster_8
UL31	L	6h	6	C6	C6_6h	LT934125.1	-	1	C6_6h	37960.185437	37960.185437			dcDNA	C6_6h	WO	cluster_8
UL31	L	6h	6	NRK	NRK_6h	LT934125.1	-	1	NRK_6h	20752.821146	20752.821146			dcDNA	NRK_6h	WO	cluster_8
UL31	L	6h	6	PC_12	PC_12_6h	LT934125.1	-	1	PC_12_6h	29582.463199	29582.463199			dcDNA	PC_12_6h	WO	cluster_8
UL31	L	6h	6	PK_15	PK_15_6h	LT934125.1	-	1	PK_15_6h	35458.245502	35458.245502			dcDNA	PK_15_6h	WO	cluster_8
UL31	L	8h	8	C6	C6_8h	LT934125.1	-	1	C6_8h	31516.526958	31516.526958			dcDNA	C6_8h	WO	cluster_8
UL31	L	8h	8	NRK	NRK_8h	LT934125.1	-	1	NRK_8h	28219.846697	28219.846697			dcDNA	NRK_8h	WO	cluster_8
UL31	L	8h	8	PC_12	PC_12_8h	LT934125.1	-	1	PC_12_8h	44059.15699	44059.15699			dcDNA	PC_12_8h	WO	cluster_8
UL31	L	8h	8	PK_15	PK_15_8h	LT934125.1	-	1	PK_15_8h	39092.920519	39092.920519			dcDNA	PK_15_8h	WO	cluster_8
UL32	L	0.5h	0.5	PC_12	PC_12_0.5h	LT934125.1	-	1	PC_12_0.5h	0	0			dcDNA	PC_12_0.5h	WO	cluster_8
UL32	L	1.5h	1.5	PC_12	PC_12_1.5h	LT934125.1	-	1	PC_12_1.5h	15404.364568	15404.364568			dcDNA	PC_12_1.5h	WO	cluster_8
UL32	L	12h	12	C6	C6_12h	LT934125.1	-	1	C6_12h	27723.736592	27723.736592			dcDNA	C6_12h	WO	cluster_8
UL32	L	12h	12	NRK	NRK_12h	LT934125.1	-	1	NRK_12h	40145.455787	40145.455787			dcDNA	NRK_12h	WO	cluster_8
UL32	L	12h	12	PC_12	PC_12_12h	LT934125.1	-	1	PC_12_12h	45261.355242	45261.355242			dcDNA	PC_12_12h	WO	cluster_8
UL32	L	12h	12	PK_15	PK_15_12h	LT934125.1	-	1	PK_15_12h	40165.931288	40165.931288			dcDNA	PK_15_12h	WO	cluster_8
UL32	L	1h	1	C6	C6_1h	LT934125.1	-	1	C6_1h	8480.104371	8480.104371			dcDNA	C6_1h	WO	cluster_8
UL32	L	1h	1	NRK	NRK_1h	LT934125.1	-	1	NRK_1h	10526.315789	10526.315789			dcDNA	NRK_1h	WO	cluster_8
UL32	L	1h	1	PC_12	PC_12_1h	LT934125.1	-	1	PC_12_1h	6859.756098	6859.756098			dcDNA	PC_12_1h	WO	cluster_8
UL32	L	1h	1	PK_15	PK_15_1h	LT934125.1	-	1	PK_15_1h	748.502994	748.502994			dcDNA	PK_15_1h	WO	cluster_8
UL32	L	2.5h	2.5	PC_12	PC_12_2.5h	LT934125.1	-	1	PC_12_2.5h	16795.865632	16795.865632			dcDNA	PC_12_2.5h	WO	cluster_8
UL32	L	2h	2	C6	C6_2h	LT934125.1	-	1	C6_2h	18301.982714	18301.982714			dcDNA	C6_2h	WO	cluster_8
UL32	L	2h	2	NRK	NRK_2h	LT934125.1	-	1	NRK_2h	14705.882352	14705.882352			dcDNA	NRK_2h	WO	cluster_8
UL32	L	2h	2	PC_12	PC_12_2h	LT934125.1	-	1	PC_12_2h	13856.209148	13856.209148			dcDNA	PC_12_2h	WO	cluster_8
UL32	L	2h	2	PK_15	PK_15_2h	LT934125.1	-	1	PK_15_2h	14421.860504	14421.860504			dcDNA	PK_15_2h	WO	cluster_8
UL32	L	4h	4	C6	C6_4h	LT934125.1	-	1	C6_4h	36868.97334	36868.97334			dcDNA	C6_4h	WO	cluster_8
UL32	L	4h	4	NRK	NRK_4h	LT934125.1	-	1	NRK_4h	23033.793001	23033.793001			dcDNA	NRK_4h	WO	cluster_8
UL32	L	4h	4	PC_12	PC_12_4h	LT934125.1	-	1	PC_12_4h	28774.386164	28774.386164			dcDNA	PC_12_4h	WO	cluster_8
UL32	L	4h	4	PK_15	PK_15_4h	LT934125.1	-	1	PK_15_4h	29669.827013	29669.827013			dcDNA	PK_15_4h	WO	cluster_8
UL32	L	6h	6	C6	C6_6h	LT934125.1	-	1	C6_6h	37960.185437	37960.185437			dcDNA	C6_6h	WO	cluster_8
UL32	L	6h	6	NRK	NRK_6h	LT934125.1	-	1	NRK_6h	20752.821146	20752.821146			dcDNA	NRK_6h	WO	cluster_8
UL32	L	6h	6	PC_12	PC_12_6h	LT934125.1	-	1	PC_12_6h	29582.463199	29582.463199			dcDNA	PC_12_6h	WO	cluster_8
UL32	L	6h	6	PK_15	PK_15_6h	LT934125.1	-	1	PK_15_6h	35458.245502	35458.245502			dcDNA	PK_15_6h	WO	cluster_8
UL32	L	8h	8	C6	C6_8h	LT934125.1	-	1	C6_8h	31516.526958	31516.526958			dcDNA	C6_8h	WO	cluster_8
UL32	L	8h	8	NRK	NRK_8h	LT934125.1	-	1	NRK_8h	28219.846697	28219.846697			dcDNA	NRK_8h	WO	cluster_8
UL32	L	8h	8	PC_12	PC_12_8h	LT934125.1	-	1	PC_12_8h	44059.15699	44059.15699			dcDNA	PC_12_8h	WO	cluster_8
UL32	L	8h	8	PK_15	PK_15_8h	LT934125.1	-	1	PK_15_8h	39092.920519	39092.920519			dcDNA	PK_15_8h	WO	cluster_8
UL34	E	0.5h	0.5	PC_12	PC_12_0.5h	LT934125.1	+	1	PC_12_0.5h	0	0			dcDNA	PC_12_0.5h	WO	cluster_5
UL34	E	1.5h	1.5	PC_12	PC_12_1.5h	LT934125.1	+	1	PC_12_1.5h	29525.032092	29525.032092			dcDNA	PC_12_1.5h	WO	cluster_5
UL34	E	12h	12	C6	C6_12h	LT934125.1	+	1	C6_12h	88235.79542	88235.79542			dcDNA	C6_12h	WO	cluster_5
UL34	E	12h	12	NRK	NRK_12h	LT934125.1	+	1	NRK_12h	96530.913621	96530.913621			dcDNA	NRK_12h	WO	cluster_5
UL34	E	12h	12	PC_12	PC_12_12h	LT934125.1	+	1	PC_12_12h	111789.866109	111789.866109			dcDNA	PC_12_12h	WO	cluster_5
UL34	E	12h	12	PK_15	PK_15_12h	LT934125.1	+	1	PK_15_12h	108892.793074	108892.793074			dcDNA	PK_15_12h	WO	cluster_5
UL34	E	1h	1	C6	C6_1h	LT934125.1	+	1	C6_1h	28049.575995	28049.575995			dcDNA	C6_1h	WO	cluster_5
UL34	E	1h	1	NRK	NRK_1h	LT934125.1	+	1	NRK_1h	34210.526315	34210.526315			dcDNA	NRK_1h	WO	cluster_5
UL34	E	1h	1	PC_12	PC_12_1h	LT934125.1	+	1	PC_12_1h	19054.878049	19054.878049			dcDNA	PC_12_1h	WO	cluster_5
UL34	E	1h	1	PK_15	PK_15_1h	LT934125.1	+	1	PK_15_1h	14221.556886	14221.556886			dcDNA	PK_15_1h	WO	cluster_5
UL34	E	2.5h	2.5	PC_12	PC_12_2.5h	LT934125.1	+	1	PC_12_2.5h	27562.446166	27562.446166			dcDNA	PC_12_2.5h	WO	cluster_5
UL34	E	2h	2	C6	C6_2h	LT934125.1	+	1	C6_2h	26436.197255	26436.197255			dcDNA	C6_2h	WO	cluster_5
UL34	E	2h	2	NRK	NRK_2h	LT934125.1	+	1	NRK_2h	22058.823529	22058.823529			dcDNA	NRK_2h	WO	cluster_5
UL34	E	2h	2	PC_12	PC_12_2h	LT934125.1	+	1	PC_12_2h	33986.928103	33986.928103			dcDNA	PC_12_2h	WO	cluster_5
UL34	E	2h	2	PK_15	PK_15_2h	LT934125.1	+	1	PK_15_2h	0	0			dcDNA	PK_15_2h	WO	cluster_5
UL34	E	4h	4	C6	C6_4h	LT934125.1	+	1	C6_4h	43959.160522	43959.160522			dcDNA	C6_4h	WO	cluster_5
UL34	E	4h	4	NRK	NRK_4h	LT934125.1	+	1	NRK_4h	43339.899986	43339.899986			dcDNA	NRK_4h	WO	cluster_5
UL34	E	4h	4	PC_12	PC_12_4h	LT934125.1	+	1	PC_12_4h	57239.923818	57239.923818			dcDNA	PC_12_4h	WO	cluster_5
UL34	E	4h	4	PK_15	PK_15_4h	LT934125.1	+	1	PK_15_4h	44411.177645	44411.177645			dcDNA	PK_15_4h	WO	cluster_5
UL34	E	6h	6	C6	C6_6h	LT934125.1	+	1	C6_6h	51213.526044	51213.526044			dcDNA	C6_6h	WO	cluster_5
UL34	E	6h	6	NRK	NRK_6h	LT934125.1	+	1	NRK_6h	53949.605811	53949.605811			dcDNA	NRK_6h	WO	cluster_5
UL34	E	6h	6	PC_12	PC_12_6h	LT934125.1	+	1	PC_12_6h	0	0			dcDNA	PC_12_6h	WO	cluster_5
UL34	E	6h	6	PK_15	PK_15_6h	LT934125.1	+	1	PK_15_6h	66519.427073	66519.427073			dcDNA	PK_15_6h	WO	cluster_5
UL34	E	8h	8	C6	C6_8h	LT934125.1	+	1	C6_8h	60763.571142	60763.571142			dcDNA	C6_8h	WO	cluster_5
UL34	E	8h	8	NRK	NRK_8h	LT934125.1	+	1	NRK_8h	48516.825353	48516.825353			dcDNA	NRK_8h	WO	cluster_5
UL34	E	8h	8	PC_12	PC_12_8h	LT934125.1	+	1	PC_12_8h	82346.621561	82346.621561			dcDNA	PC_12_8h	WO	cluster_5
UL34	E	8h	8	PK_15	PK_15_8h	LT934125.1	+	1	PK_15_8h	77000.980316	77000.980316			dcDNA	PK_15_8h	WO	cluster_5
UL35	L	0.5h	0.5	PC_12	PC_12_0.5h	LT934125.1	+	1	PC_12_0.5h	0	0			dcDNA	PC_12_0.5h	WO	cluster_5
UL35	L	1.5h	1.5	PC_12	PC_12_1.5h	LT934125.1	+	1	PC_12_1.5h	29525.032092	29525.032092			dcDNA	PC_12_1.5h	WO	cluster_5
UL35	L	12h	12	C6	C6_12h	LT934125.1	+	1	C6_12h	88235.79542	88235.79542			dcDNA	C6_12h	WO	cluster_5
UL35	L	12h	12	NRK	NRK_12h	LT934125.1	+	1	NRK_12h	96530.913621	96530.913621			dcDNA	NRK_12h	WO	cluster_5
UL35	L	12h	12	PC_12	PC_12_12h	LT934125.1	+	1	PC_12_12h	111789.866109	111789.866109			dcDNA	PC_12_12h	WO	cluster_5
UL35	L	12h	12	PK_15	PK_15_12h	LT934125.1	+	1	PK_15_12h	108892.793074	108892.793074			dcDNA	PK_15_12h	WO	cluster_5
UL35	L	1h	1	C6	C6_1h	LT934125.1	+	1	C6_1h	28049.575995	28049.575995			dcDNA	C6_1h	WO	cluster_5
UL35	L	1h	1	NRK	NRK_1h	LT934125.1	+	1	NRK_1h	34210.526315	34210.526315			dcDNA	NRK_1h	WO	cluster_5
UL35	L	1h	1	PC_12	PC_12_1h	LT934125.1	+	1	PC_12_1h	19054.878049	19054.878049			dcDNA	PC_12_1h	WO	cluster_5
UL35	L	1h	1	PK_15	PK_15_1h	LT934125.1	+	1	PK_15_1h	14221.556886	14221.556886			dcDNA	PK_15_1h	WO	cluster_5
UL35	L	2.5h	2.5	PC_12	PC_12_2.5h	LT934125.1	+	1	PC_12_2.5h	27562.446166	27562.446166			dcDNA	PC_12_2.5h	WO	cluster_5
UL35	L	2h	2	C6	C6_2h	LT934125.1	+	1	C6_2h	26436.197255	26436.197255			dcDNA	C6_2h	WO	cluster_5
UL35	L	2h	2	NRK	NRK_2h	LT934125.1	+	1	NRK_2h	22058.823529	22058.823529			dcDNA	NRK_2h	WO	cluster_5
UL35	L	2h	2	PC_12	PC_12_2h	LT934125.1	+	1	PC_12_2h	33986.928103	33986.928103			dcDNA	PC_12_2h	WO	cluster_5
UL35	L	2h	2	PK_15	PK_15_2h	LT934125.1	+	1	PK_15_2h	33988.361308	33988.361308			dcDNA	PK_15_2h	WO	cluster_5
UL35	L	4h	4	C6	C6_4h	LT934125.1	+	1	C6_4h	43959.160522	43959.160522			dcDNA	C6_4h	WO	cluster_5
UL35	L	4h	4	NRK	NRK_4h	LT934125.1	+	1	NRK_4h	43339.899986	43339.899986			dcDNA	NRK_4h	WO	cluster_5
UL35	L	4h	4	PC_12	PC_12_4h	LT934125.1	+	1	PC_12_4h	57239.923818	57239.923818			dcDNA	PC_12_4h	WO	cluster_5
UL35	L	4h	4	PK_15	PK_15_4h	LT934125.1	+	1	PK_15_4h	44411.177645	44411.177645			dcDNA	PK_15_4h	WO	cluster_5
UL35	L	6h	6	C6	C6_6h	LT934125.1	+	1	C6_6h	51213.526044	51213.526044			dcDNA	C6_6h	WO	cluster_5
UL35	L	6h	6	NRK	NRK_6h	LT934125.1	+	1	NRK_6h	53949.605811	53949.605811			dcDNA	NRK_6h	WO	cluster_5
UL35	L	6h	6	PC_12	PC_12_6h	LT934125.1	+	1	PC_12_6h	66160.173215	66160.173215			dcDNA	PC_12_6h	WO	cluster_5
UL35	L	6h	6	PK_15	PK_15_6h	LT934125.1	+	1	PK_15_6h	66519.427073	66519.427073			dcDNA	PK_15_6h	WO	cluster_5
UL35	L	8h	8	C6	C6_8h	LT934125.1	+	1	C6_8h	60763.571142	60763.571142			dcDNA	C6_8h	WO	cluster_5
UL35	L	8h	8	NRK	NRK_8h	LT934125.1	+	1	NRK_8h	48516.825353	48516.825353			dcDNA	NRK_8h	WO	cluster_5
UL35	L	8h	8	PC_12	PC_12_8h	LT934125.1	+	1	PC_12_8h	82346.621561	82346.621561			dcDNA	PC_12_8h	WO	cluster_5
UL35	L	8h	8	PK_15	PK_15_8h	LT934125.1	+	1	PK_15_8h	77000.980316	77000.980316			dcDNA	PK_15_8h	WO	cluster_5
UL36	L	0.5h	0.5	PC_12	PC_12_0.5h	LT934125.1	-	1	PC_12_0.5h	50000.000001	50000.000001			dcDNA	PC_12_0.5h	WO	cluster_7
UL36	L	1.5h	1.5	PC_12	PC_12_1.5h	LT934125.1	-	1	PC_12_1.5h	20539.152759	20539.152759			dcDNA	PC_12_1.5h	WO	cluster_7
UL36	L	12h	12	C6	C6_12h	LT934125.1	-	1	C6_12h	12464.237452	12464.237452			dcDNA	C6_12h	WO	cluster_7
UL36	L	12h	12	NRK	NRK_12h	LT934125.1	-	1	NRK_12h	8045.309819	8045.309819			dcDNA	NRK_12h	WO	cluster_7
UL36	L	12h	12	PC_12	PC_12_12h	LT934125.1	-	1	PC_12_12h	15723.789402	15723.789402			dcDNA	PC_12_12h	WO	cluster_7
UL36	L	12h	12	PK_15	PK_15_12h	LT934125.1	-	1	PK_15_12h	10147.621415	10147.621415			dcDNA	PK_15_12h	WO	cluster_7
UL36	L	1h	1	C6	C6_1h	LT934125.1	-	1	C6_1h	28049.575995	28049.575995			dcDNA	C6_1h	WO	cluster_7
UL36	L	1h	1	NRK	NRK_1h	LT934125.1	-	1	NRK_1h	23684.210527	23684.210527			dcDNA	NRK_1h	WO	cluster_7
UL36	L	1h	1	PC_12	PC_12_1h	LT934125.1	-	1	PC_12_1h	50304.878049	50304.878049			dcDNA	PC_12_1h	WO	cluster_7
UL36	L	1h	1	PK_15	PK_15_1h	LT934125.1	-	1	PK_15_1h	29940.11976	29940.11976			dcDNA	PK_15_1h	WO	cluster_7
UL36	L	2.5h	2.5	PC_12	PC_12_2.5h	LT934125.1	-	1	PC_12_2.5h	15503.875969	15503.875969			dcDNA	PC_12_2.5h	WO	cluster_7
UL36	L	2h	2	C6	C6_2h	LT934125.1	-	1	C6_2h	9150.991358	9150.991358			dcDNA	C6_2h	WO	cluster_7
UL36	L	2h	2	NRK	NRK_2h	LT934125.1	-	1	NRK_2h	17156.862745	17156.862745			dcDNA	NRK_2h	WO	cluster_7
UL36	L	2h	2	PC_12	PC_12_2h	LT934125.1	-	1	PC_12_2h	19084.967319	19084.967319			dcDNA	PC_12_2h	WO	cluster_7
UL36	L	2h	2	PK_15	PK_15_2h	LT934125.1	-	1	PK_15_2h	24879.81783	24879.81783			dcDNA	PK_15_2h	WO	cluster_7
UL36	L	4h	4	C6	C6_4h	LT934125.1	-	1	C6_4h	7941.009642	7941.009642			dcDNA	C6_4h	WO	cluster_7
UL36	L	4h	4	NRK	NRK_4h	LT934125.1	-	1	NRK_4h	3636.914685	3636.914685			dcDNA	NRK_4h	WO	cluster_7
UL36	L	4h	4	PC_12	PC_12_4h	LT934125.1	-	1	PC_12_4h	9986.101818	9986.101818			dcDNA	PC_12_4h	WO	cluster_7
UL36	L	4h	4	PK_15	PK_15_4h	LT934125.1	-	1	PK_15_4h	5052.395211	5052.395211			dcDNA	PK_15_4h	WO	cluster_7
UL36	L	6h	6	C6	C6_6h	LT934125.1	-	1	C6_6h	9435.505863	9435.505863			dcDNA	C6_6h	WO	cluster_7
UL36	L	6h	6	NRK	NRK_6h	LT934125.1	-	1	NRK_6h	5680.939866	5680.939866			dcDNA	NRK_6h	WO	cluster_7
UL36	L	6h	6	PC_12	PC_12_6h	LT934125.1	-	1	PC_12_6h	14118.611713	14118.611713			dcDNA	PC_12_6h	WO	cluster_7
UL36	L	6h	6	PK_15	PK_15_6h	LT934125.1	-	1	PK_15_6h	8482.20799	8482.20799			dcDNA	PK_15_6h	WO	cluster_7
UL36	L	8h	8	C6	C6_8h	LT934125.1	-	1	C6_8h	11139.988042	11139.988042			dcDNA	C6_8h	WO	cluster_7
UL36	L	8h	8	NRK	NRK_8h	LT934125.1	-	1	NRK_8h	8936.857662	8936.857662			dcDNA	NRK_8h	WO	cluster_7
UL36	L	8h	8	PC_12	PC_12_8h	LT934125.1	-	1	PC_12_8h	13349.181678	13349.181678			dcDNA	PC_12_8h	WO	cluster_7
UL36	L	8h	8	PK_15	PK_15_8h	LT934125.1	-	1	PK_15_8h	8383.825029	8383.825029			dcDNA	PK_15_8h	WO	cluster_7
UL37	L	0.5h	0.5	PC_12	PC_12_0.5h	LT934125.1	-	1	PC_12_0.5h	0	0			dcDNA	PC_12_0.5h	WO	cluster_8
UL37	L	1.5h	1.5	PC_12	PC_12_1.5h	LT934125.1	-	1	PC_12_1.5h	2567.394095	2567.394095			dcDNA	PC_12_1.5h	WO	cluster_8
UL37	L	12h	12	C6	C6_12h	LT934125.1	-	1	C6_12h	8295.693886	8295.693886			dcDNA	C6_12h	WO	cluster_8
UL37	L	12h	12	NRK	NRK_12h	LT934125.1	-	1	NRK_12h	5027.785128	5027.785128			dcDNA	NRK_12h	WO	cluster_8
UL37	L	12h	12	PC_12	PC_12_12h	LT934125.1	-	1	PC_12_12h	7342.457748	7342.457748			dcDNA	PC_12_12h	WO	cluster_8
UL37	L	12h	12	PK_15	PK_15_12h	LT934125.1	-	1	PK_15_12h	4912.480046	4912.480046			dcDNA	PK_15_12h	WO	cluster_8
UL37	L	1h	1	C6	C6_1h	LT934125.1	-	1	C6_1h	3261.578604	3261.578604			dcDNA	C6_1h	WO	cluster_8
UL37	L	1h	1	NRK	NRK_1h	LT934125.1	-	1	NRK_1h	0	0			dcDNA	NRK_1h	WO	cluster_8
UL37	L	1h	1	PC_12	PC_12_1h	LT934125.1	-	1	PC_12_1h	2286.585366	2286.585366			dcDNA	PC_12_1h	WO	cluster_8
UL37	L	1h	1	PK_15	PK_15_1h	LT934125.1	-	1	PK_15_1h	748.502994	748.502994			dcDNA	PK_15_1h	WO	cluster_8
UL37	L	2.5h	2.5	PC_12	PC_12_2.5h	LT934125.1	-	1	PC_12_2.5h	2153.316106	2153.316106			dcDNA	PC_12_2.5h	WO	cluster_8
UL37	L	2h	2	C6	C6_2h	LT934125.1	-	1	C6_2h	3050.330452	3050.330452			dcDNA	C6_2h	WO	cluster_8
UL37	L	2h	2	NRK	NRK_2h	LT934125.1	-	1	NRK_2h	4901.960784	4901.960784			dcDNA	NRK_2h	WO	cluster_8
UL37	L	2h	2	PC_12	PC_12_2h	LT934125.1	-	1	PC_12_2h	1830.065359	1830.065359			dcDNA	PC_12_2h	WO	cluster_8
UL37	L	2h	2	PK_15	PK_15_2h	LT934125.1	-	1	PK_15_2h	2024.120773	2024.120773			dcDNA	PK_15_2h	WO	cluster_8
UL37	L	4h	4	C6	C6_4h	LT934125.1	-	1	C6_4h	2836.074871	2836.074871			dcDNA	C6_4h	WO	cluster_8
UL37	L	4h	4	NRK	NRK_4h	LT934125.1	-	1	NRK_4h	1363.843008	1363.843008			dcDNA	NRK_4h	WO	cluster_8
UL37	L	4h	4	PC_12	PC_12_4h	LT934125.1	-	1	PC_12_4h	5507.798425	5507.798425			dcDNA	PC_12_4h	WO	cluster_8
UL37	L	4h	4	PK_15	PK_15_4h	LT934125.1	-	1	PK_15_4h	3118.762475	3118.762475			dcDNA	PK_15_4h	WO	cluster_8
UL37	L	6h	6	C6	C6_6h	LT934125.1	-	1	C6_6h	4908.644668	4908.644668			dcDNA	C6_6h	WO	cluster_8
UL37	L	6h	6	NRK	NRK_6h	LT934125.1	-	1	NRK_6h	2975.730407	2975.730407			dcDNA	NRK_6h	WO	cluster_8
UL37	L	6h	6	PC_12	PC_12_6h	LT934125.1	-	1	PC_12_6h	6264.973799	6264.973799			dcDNA	PC_12_6h	WO	cluster_8
UL37	L	6h	6	PK_15	PK_15_6h	LT934125.1	-	1	PK_15_6h	4794.510212	4794.510212			dcDNA	PK_15_6h	WO	cluster_8
UL37	L	8h	8	C6	C6_8h	LT934125.1	-	1	C6_8h	5344.265896	5344.265896			dcDNA	C6_8h	WO	cluster_8
UL37	L	8h	8	NRK	NRK_8h	LT934125.1	-	1	NRK_8h	4124.703537	4124.703537			dcDNA	NRK_8h	WO	cluster_8
UL37	L	8h	8	PC_12	PC_12_8h	LT934125.1	-	1	PC_12_8h	7440.340129	7440.340129			dcDNA	PC_12_8h	WO	cluster_8
UL37	L	8h	8	PK_15	PK_15_8h	LT934125.1	-	1	PK_15_8h	4502.470746	4502.470746			dcDNA	PK_15_8h	WO	cluster_8
UL38	E	0.5h	0.5	PC_12	PC_12_0.5h	LT934125.1	+	1	PC_12_0.5h	0	0			dcDNA	PC_12_0.5h	WO	cluster_8
UL38	E	1.5h	1.5	PC_12	PC_12_1.5h	LT934125.1	+	1	PC_12_1.5h	5134.78819	5134.78819			dcDNA	PC_12_1.5h	WO	cluster_8
UL38	E	12h	12	C6	C6_12h	LT934125.1	+	1	C6_12h	8899.548328	8899.548328			dcDNA	C6_12h	WO	cluster_8
UL38	E	12h	12	NRK	NRK_12h	LT934125.1	+	1	NRK_12h	10879.307549	10879.307549			dcDNA	NRK_12h	WO	cluster_8
UL38	E	12h	12	PC_12	PC_12_12h	LT934125.1	+	1	PC_12_12h	11819.896059	11819.896059			dcDNA	PC_12_12h	WO	cluster_8
UL38	E	12h	12	PK_15	PK_15_12h	LT934125.1	+	1	PK_15_12h	21291.015812	21291.015812			dcDNA	PK_15_12h	WO	cluster_8
UL38	E	1h	1	C6	C6_1h	LT934125.1	+	1	C6_1h	11089.367255	11089.367255			dcDNA	C6_1h	WO	cluster_8
UL38	E	1h	1	NRK	NRK_1h	LT934125.1	+	1	NRK_1h	5263.157895	5263.157895			dcDNA	NRK_1h	WO	cluster_8
UL38	E	1h	1	PC_12	PC_12_1h	LT934125.1	+	1	PC_12_1h	6859.756098	6859.756098			dcDNA	PC_12_1h	WO	cluster_8
UL38	E	1h	1	PK_15	PK_15_1h	LT934125.1	+	1	PK_15_1h	1497.005988	1497.005988			dcDNA	PK_15_1h	WO	cluster_8
UL38	E	2.5h	2.5	PC_12	PC_12_2.5h	LT934125.1	+	1	PC_12_2.5h	5598.621877	5598.621877			dcDNA	PC_12_2.5h	WO	cluster_8
UL38	E	2h	2	C6	C6_2h	LT934125.1	+	1	C6_2h	8642.602948	8642.602948			dcDNA	C6_2h	WO	cluster_8
UL38	E	2h	2	NRK	NRK_2h	LT934125.1	+	1	NRK_2h	8169.93464	8169.93464			dcDNA	NRK_2h	WO	cluster_8
UL38	E	2h	2	PC_12	PC_12_2h	LT934125.1	+	1	PC_12_2h	5490.196077	5490.196077			dcDNA	PC_12_2h	WO	cluster_8
UL38	E	2h	2	PK_15	PK_15_2h	LT934125.1	+	1	PK_15_2h	9445.896938	9445.896938			dcDNA	PK_15_2h	WO	cluster_8
UL38	E	4h	4	C6	C6_4h	LT934125.1	+	1	C6_4h	10209.86954	10209.86954			dcDNA	C6_4h	WO	cluster_8
UL38	E	4h	4	NRK	NRK_4h	LT934125.1	+	1	NRK_4h	7576.905591	7576.905591			dcDNA	NRK_4h	WO	cluster_8
UL38	E	4h	4	PC_12	PC_12_4h	LT934125.1	+	1	PC_12_4h	16523.395275	16523.395275			dcDNA	PC_12_4h	WO	cluster_8
UL38	E	4h	4	PK_15	PK_15_4h	LT934125.1	+	1	PK_15_4h	17236.360613	17236.360613			dcDNA	PK_15_4h	WO	cluster_8
UL38	E	6h	6	C6	C6_6h	LT934125.1	+	1	C6_6h	14616.853014	14616.853014			dcDNA	C6_6h	WO	cluster_8
UL38	E	6h	6	NRK	NRK_6h	LT934125.1	+	1	NRK_6h	6531.148555	6531.148555			dcDNA	NRK_6h	WO	cluster_8
UL38	E	6h	6	PC_12	PC_12_6h	LT934125.1	+	1	PC_12_6h	15989.135587	15989.135587			dcDNA	PC_12_6h	WO	cluster_8
UL38	E	6h	6	PK_15	PK_15_6h	LT934125.1	+	1	PK_15_6h	22372.703993	22372.703993			dcDNA	PK_15_6h	WO	cluster_8
UL38	E	8h	8	C6	C6_8h	LT934125.1	+	1	C6_8h	11335.212368	11335.212368			dcDNA	C6_8h	WO	cluster_8
UL38	E	8h	8	NRK	NRK_8h	LT934125.1	+	1	NRK_8h	8524.38731	8524.38731			dcDNA	NRK_8h	WO	cluster_8
UL38	E	8h	8	PC_12	PC_12_8h	LT934125.1	+	1	PC_12_8h	11623.388498	11623.388498			dcDNA	PC_12_8h	WO	cluster_8
UL38	E	8h	8	PK_15	PK_15_8h	LT934125.1	+	1	PK_15_8h	16208.894687	16208.894687			dcDNA	PK_15_8h	WO	cluster_8
UL39	E	0.5h	0.5	PC_12	PC_12_0.5h	LT934125.1	+	1	PC_12_0.5h	33333.333333	33333.333333			dcDNA	PC_12_0.5h	WO	cluster_1
UL39	E	1.5h	1.5	PC_12	PC_12_1.5h	LT934125.1	+	1	PC_12_1.5h	75738.125802	75738.125802			dcDNA	PC_12_1.5h	WO	cluster_1
UL39	E	12h	12	C6	C6_12h	LT934125.1	+	1	C6_12h	40309.718893	40309.718893			dcDNA	C6_12h	WO	cluster_1
UL39	E	12h	12	NRK	NRK_12h	LT934125.1	+	1	NRK_12h	36905.991514	36905.991514			dcDNA	NRK_12h	WO	cluster_1
UL39	E	12h	12	PC_12	PC_12_12h	LT934125.1	+	1	PC_12_12h	40123.799139	40123.799139			dcDNA	PC_12_12h	WO	cluster_1
UL39	E	12h	12	PK_15	PK_15_12h	LT934125.1	+	1	PK_15_12h	14928.875563	14928.875563			dcDNA	PK_15_12h	WO	cluster_1
UL39	E	1h	1	C6	C6_1h	LT934125.1	+	1	C6_1h	82191.780822	82191.780822			dcDNA	C6_1h	WO	cluster_1
UL39	E	1h	1	NRK	NRK_1h	LT934125.1	+	1	NRK_1h	39473.68421	39473.68421			dcDNA	NRK_1h	WO	cluster_1
UL39	E	1h	1	PC_12	PC_12_1h	LT934125.1	+	1	PC_12_1h	64024.390245	64024.390245			dcDNA	PC_12_1h	WO	cluster_1
UL39	E	1h	1	PK_15	PK_15_1h	LT934125.1	+	1	PK_15_1h	29191.616766	29191.616766			dcDNA	PK_15_1h	WO	cluster_1
UL39	E	2.5h	2.5	PC_12	PC_12_2.5h	LT934125.1	+	1	PC_12_2.5h	67614.125753	67614.125753			dcDNA	PC_12_2.5h	WO	cluster_1
UL39	E	2h	2	C6	C6_2h	LT934125.1	+	1	C6_2h	78291.814946	78291.814946			dcDNA	C6_2h	WO	cluster_1
UL39	E	2h	2	NRK	NRK_2h	LT934125.1	+	1	NRK_2h	92320.261437	92320.261437			dcDNA	NRK_2h	WO	cluster_1
UL39	E	2h	2	PC_12	PC_12_2h	LT934125.1	+	1	PC_12_2h	67450.980392	67450.980392			dcDNA	PC_12_2h	WO	cluster_1
UL39	E	2h	2	PK_15	PK_15_2h	LT934125.1	+	1	PK_15_2h	56675.381632	56675.381632			dcDNA	PK_15_2h	WO	cluster_1
UL39	E	4h	4	C6	C6_4h	LT934125.1	+	1	C6_4h	60408.394781	60408.394781			dcDNA	C6_4h	WO	cluster_1
UL39	E	4h	4	NRK	NRK_4h	LT934125.1	+	1	NRK_4h	63191.392637	63191.392637			dcDNA	NRK_4h	WO	cluster_1
UL39	E	4h	4	PC_12	PC_12_4h	LT934125.1	+	1	PC_12_4h	46224.326968	46224.326968			dcDNA	PC_12_4h	WO	cluster_1
UL39	E	4h	4	PK_15	PK_15_4h	LT934125.1	+	1	PK_15_4h	58591.151032	58591.151032			dcDNA	PK_15_4h	WO	cluster_1
UL39	E	6h	6	C6	C6_6h	LT934125.1	+	1	C6_6h	48759.203708	48759.203708			dcDNA	C6_6h	WO	cluster_1
UL39	E	6h	6	NRK	NRK_6h	LT934125.1	+	1	NRK_6h	32733.034472	32733.034472			dcDNA	NRK_6h	WO	cluster_1
UL39	E	6h	6	PC_12	PC_12_6h	LT934125.1	+	1	PC_12_6h	0	0			dcDNA	PC_12_6h	WO	cluster_1
UL39	E	6h	6	PK_15	PK_15_6h	LT934125.1	+	1	PK_15_6h	0	0			dcDNA	PK_15_6h	WO	cluster_1
UL39	E	8h	8	C6	C6_8h	LT934125.1	+	1	C6_8h	59860.658639	59860.658639			dcDNA	C6_8h	WO	cluster_1
UL39	E	8h	8	NRK	NRK_8h	LT934125.1	+	1	NRK_8h	40679.888633	40679.888633			dcDNA	NRK_8h	WO	cluster_1
UL39	E	8h	8	PC_12	PC_12_8h	LT934125.1	+	1	PC_12_8h	55911.127367	55911.127367			dcDNA	PC_12_8h	WO	cluster_1
UL39	E	8h	8	PK_15	PK_15_8h	LT934125.1	+	1	PK_15_8h	31784.200691	31784.200691			dcDNA	PK_15_8h	WO	cluster_1
UL40	E	0.5h	0.5	PC_12	PC_12_0.5h	LT934125.1	+	1	PC_12_0.5h	33333.333333	33333.333333			dcDNA	PC_12_0.5h	WO	cluster_1
UL40	E	1.5h	1.5	PC_12	PC_12_1.5h	LT934125.1	+	1	PC_12_1.5h	75738.125802	75738.125802			dcDNA	PC_12_1.5h	WO	cluster_1
UL40	E	12h	12	C6	C6_12h	LT934125.1	+	1	C6_12h	40309.718893	40309.718893			dcDNA	C6_12h	WO	cluster_1
UL40	E	12h	12	NRK	NRK_12h	LT934125.1	+	1	NRK_12h	36905.991514	36905.991514			dcDNA	NRK_12h	WO	cluster_1
UL40	E	12h	12	PC_12	PC_12_12h	LT934125.1	+	1	PC_12_12h	40123.799139	40123.799139			dcDNA	PC_12_12h	WO	cluster_1
UL40	E	12h	12	PK_15	PK_15_12h	LT934125.1	+	1	PK_15_12h	14928.875563	14928.875563			dcDNA	PK_15_12h	WO	cluster_1
UL40	E	1h	1	C6	C6_1h	LT934125.1	+	1	C6_1h	82191.780822	82191.780822			dcDNA	C6_1h	WO	cluster_1
UL40	E	1h	1	NRK	NRK_1h	LT934125.1	+	1	NRK_1h	39473.68421	39473.68421			dcDNA	NRK_1h	WO	cluster_1
UL40	E	1h	1	PC_12	PC_12_1h	LT934125.1	+	1	PC_12_1h	64024.390245	64024.390245			dcDNA	PC_12_1h	WO	cluster_1
UL40	E	1h	1	PK_15	PK_15_1h	LT934125.1	+	1	PK_15_1h	29191.616766	29191.616766			dcDNA	PK_15_1h	WO	cluster_1
UL40	E	2.5h	2.5	PC_12	PC_12_2.5h	LT934125.1	+	1	PC_12_2.5h	67614.125753	67614.125753			dcDNA	PC_12_2.5h	WO	cluster_1
UL40	E	2h	2	C6	C6_2h	LT934125.1	+	1	C6_2h	78291.814946	78291.814946			dcDNA	C6_2h	WO	cluster_1
UL40	E	2h	2	NRK	NRK_2h	LT934125.1	+	1	NRK_2h	92320.261437	92320.261437			dcDNA	NRK_2h	WO	cluster_1
UL40	E	2h	2	PC_12	PC_12_2h	LT934125.1	+	1	PC_12_2h	67450.980392	67450.980392			dcDNA	PC_12_2h	WO	cluster_1
UL40	E	2h	2	PK_15	PK_15_2h	LT934125.1	+	1	PK_15_2h	56675.381632	56675.381632			dcDNA	PK_15_2h	WO	cluster_1
UL40	E	4h	4	C6	C6_4h	LT934125.1	+	1	C6_4h	60408.394781	60408.394781			dcDNA	C6_4h	WO	cluster_1
UL40	E	4h	4	NRK	NRK_4h	LT934125.1	+	1	NRK_4h	63191.392637	63191.392637			dcDNA	NRK_4h	WO	cluster_1
UL40	E	4h	4	PC_12	PC_12_4h	LT934125.1	+	1	PC_12_4h	46224.326968	46224.326968			dcDNA	PC_12_4h	WO	cluster_1
UL40	E	4h	4	PK_15	PK_15_4h	LT934125.1	+	1	PK_15_4h	58591.151032	58591.151032			dcDNA	PK_15_4h	WO	cluster_1
UL40	E	6h	6	C6	C6_6h	LT934125.1	+	1	C6_6h	48759.203708	48759.203708			dcDNA	C6_6h	WO	cluster_1
UL40	E	6h	6	NRK	NRK_6h	LT934125.1	+	1	NRK_6h	32733.034472	32733.034472			dcDNA	NRK_6h	WO	cluster_1
UL40	E	6h	6	PC_12	PC_12_6h	LT934125.1	+	1	PC_12_6h	38704.47004	38704.47004			dcDNA	PC_12_6h	WO	cluster_1
UL40	E	6h	6	PK_15	PK_15_6h	LT934125.1	+	1	PK_15_6h	35050.73729	35050.73729			dcDNA	PK_15_6h	WO	cluster_1
UL40	E	8h	8	C6	C6_8h	LT934125.1	+	1	C6_8h	59860.658639	59860.658639			dcDNA	C6_8h	WO	cluster_1
UL40	E	8h	8	NRK	NRK_8h	LT934125.1	+	1	NRK_8h	40679.888633	40679.888633			dcDNA	NRK_8h	WO	cluster_1
UL40	E	8h	8	PC_12	PC_12_8h	LT934125.1	+	1	PC_12_8h	55911.127367	55911.127367			dcDNA	PC_12_8h	WO	cluster_1
UL40	E	8h	8	PK_15	PK_15_8h	LT934125.1	+	1	PK_15_8h	31784.200691	31784.200691			dcDNA	PK_15_8h	WO	cluster_1
UL41	L	0.5h	0.5	PC_12	PC_12_0.5h	LT934125.1	-	1	PC_12_0.5h	0	0			dcDNA	PC_12_0.5h	WO	cluster_8
UL41	L	1.5h	1.5	PC_12	PC_12_1.5h	LT934125.1	-	1	PC_12_1.5h	0	0			dcDNA	PC_12_1.5h	WO	cluster_8
UL41	L	12h	12	C6	C6_12h	LT934125.1	-	1	C6_12h	38.958352	38.958352			dcDNA	C6_12h	WO	cluster_8
UL41	L	12h	12	NRK	NRK_12h	LT934125.1	-	1	NRK_12h	239.011857	239.011857			dcDNA	NRK_12h	WO	cluster_8
UL41	L	12h	12	PC_12	PC_12_12h	LT934125.1	-	1	PC_12_12h	100.09983	100.09983			dcDNA	PC_12_12h	WO	cluster_8
UL41	L	12h	12	PK_15	PK_15_12h	LT934125.1	-	1	PK_15_12h	112.699888	112.699888			dcDNA	PK_15_12h	WO	cluster_8
UL41	L	1h	1	C6	C6_1h	LT934125.1	-	1	C6_1h	652.315721	652.315721			dcDNA	C6_1h	WO	cluster_8
UL41	L	1h	1	NRK	NRK_1h	LT934125.1	-	1	NRK_1h	0	0			dcDNA	NRK_1h	WO	cluster_8
UL41	L	1h	1	PC_12	PC_12_1h	LT934125.1	-	1	PC_12_1h	0	0			dcDNA	PC_12_1h	WO	cluster_8
UL41	L	1h	1	PK_15	PK_15_1h	LT934125.1	-	1	PK_15_1h	0	0			dcDNA	PK_15_1h	WO	cluster_8
UL41	L	2.5h	2.5	PC_12	PC_12_2.5h	LT934125.1	-	1	PC_12_2.5h	0	0			dcDNA	PC_12_2.5h	WO	cluster_8
UL41	L	2h	2	C6	C6_2h	LT934125.1	-	1	C6_2h	1016.776818	1016.776818			dcDNA	C6_2h	WO	cluster_8
UL41	L	2h	2	NRK	NRK_2h	LT934125.1	-	1	NRK_2h	1633.986928	1633.986928			dcDNA	NRK_2h	WO	cluster_8
UL41	L	2h	2	PC_12	PC_12_2h	LT934125.1	-	1	PC_12_2h	0	0			dcDNA	PC_12_2h	WO	cluster_8
UL41	L	2h	2	PK_15	PK_15_2h	LT934125.1	-	1	PK_15_2h	84.338366	84.338366			dcDNA	PK_15_2h	WO	cluster_8
UL41	L	4h	4	C6	C6_4h	LT934125.1	-	1	C6_4h	0	0			dcDNA	C6_4h	WO	cluster_8
UL41	L	4h	4	NRK	NRK_4h	LT934125.1	-	1	NRK_4h	757.69056	757.69056			dcDNA	NRK_4h	WO	cluster_8
UL41	L	4h	4	PC_12	PC_12_4h	LT934125.1	-	1	PC_12_4h	308.84851	308.84851			dcDNA	PC_12_4h	WO	cluster_8
UL41	L	4h	4	PK_15	PK_15_4h	LT934125.1	-	1	PK_15_4h	62.37525	62.37525			dcDNA	PK_15_4h	WO	cluster_8
UL41	L	6h	6	C6	C6_6h	LT934125.1	-	1	C6_6h	218.161985	218.161985			dcDNA	C6_6h	WO	cluster_8
UL41	L	6h	6	NRK	NRK_6h	LT934125.1	-	1	NRK_6h	425.104343	425.104343			dcDNA	NRK_6h	WO	cluster_8
UL41	L	6h	6	PC_12	PC_12_6h	LT934125.1	-	1	PC_12_6h	294.67157	294.67157			dcDNA	PC_12_6h	WO	cluster_8
UL41	L	6h	6	PK_15	PK_15_6h	LT934125.1	-	1	PK_15_6h	166.021865	166.021865			dcDNA	PK_15_6h	WO	cluster_8
UL41	L	8h	8	C6	C6_8h	LT934125.1	-	1	C6_8h	170.821285	170.821285			dcDNA	C6_8h	WO	cluster_8
UL41	L	8h	8	NRK	NRK_8h	LT934125.1	-	1	NRK_8h	326.539028	326.539028			dcDNA	NRK_8h	WO	cluster_8
UL41	L	8h	8	PC_12	PC_12_8h	LT934125.1	-	1	PC_12_8h	274.298255	274.298255			dcDNA	PC_12_8h	WO	cluster_8
UL41	L	8h	8	PK_15	PK_15_8h	LT934125.1	-	1	PK_15_8h	202.049934	202.049934			dcDNA	PK_15_8h	WO	cluster_8
UL42	L	0.5h	0.5	PC_12	PC_12_0.5h	LT934125.1	+	1	PC_12_0.5h	33333.333334	33333.333334			dcDNA	PC_12_0.5h	WO	cluster_8
UL42	L	1.5h	1.5	PC_12	PC_12_1.5h	LT934125.1	+	1	PC_12_1.5h	19255.455711	19255.455711			dcDNA	PC_12_1.5h	WO	cluster_8
UL42	L	12h	12	C6	C6_12h	LT934125.1	+	1	C6_12h	9566.710091	9566.710091			dcDNA	C6_12h	WO	cluster_8
UL42	L	12h	12	NRK	NRK_12h	LT934125.1	+	1	NRK_12h	12518.245993	12518.245993			dcDNA	NRK_12h	WO	cluster_8
UL42	L	12h	12	PC_12	PC_12_12h	LT934125.1	+	1	PC_12_12h	8365.099248	8365.099248			dcDNA	PC_12_12h	WO	cluster_8
UL42	L	12h	12	PK_15	PK_15_12h	LT934125.1	+	1	PK_15_12h	13557.950897	13557.950897			dcDNA	PK_15_12h	WO	cluster_8
UL42	L	1h	1	C6	C6_1h	LT934125.1	+	1	C6_1h	9132.420091	9132.420091			dcDNA	C6_1h	WO	cluster_8
UL42	L	1h	1	NRK	NRK_1h	LT934125.1	+	1	NRK_1h	18421.052631	18421.052631			dcDNA	NRK_1h	WO	cluster_8
UL42	L	1h	1	PC_12	PC_12_1h	LT934125.1	+	1	PC_12_1h	4573.170732	4573.170732			dcDNA	PC_12_1h	WO	cluster_8
UL42	L	1h	1	PK_15	PK_15_1h	LT934125.1	+	1	PK_15_1h	5239.520958	5239.520958			dcDNA	PK_15_1h	WO	cluster_8
UL42	L	2.5h	2.5	PC_12	PC_12_2.5h	LT934125.1	+	1	PC_12_2.5h	18518.518517	18518.518517			dcDNA	PC_12_2.5h	WO	cluster_8
UL42	L	2h	2	C6	C6_2h	LT934125.1	+	1	C6_2h	12201.32181	12201.32181			dcDNA	C6_2h	WO	cluster_8
UL42	L	2h	2	NRK	NRK_2h	LT934125.1	+	1	NRK_2h	22875.816993	22875.816993			dcDNA	NRK_2h	WO	cluster_8
UL42	L	2h	2	PC_12	PC_12_2h	LT934125.1	+	1	PC_12_2h	12549.019605	12549.019605			dcDNA	PC_12_2h	WO	cluster_8
UL42	L	2h	2	PK_15	PK_15_2h	LT934125.1	+	1	PK_15_2h	7759.129632	7759.129632			dcDNA	PK_15_2h	WO	cluster_8
UL42	L	4h	4	C6	C6_4h	LT934125.1	+	1	C6_4h	15031.196823	15031.196823			dcDNA	C6_4h	WO	cluster_8
UL42	L	4h	4	NRK	NRK_4h	LT934125.1	+	1	NRK_4h	9243.824824	9243.824824			dcDNA	NRK_4h	WO	cluster_8
UL42	L	4h	4	PC_12	PC_12_4h	LT934125.1	+	1	PC_12_4h	13898.182944	13898.182944			dcDNA	PC_12_4h	WO	cluster_8
UL42	L	4h	4	PK_15	PK_15_4h	LT934125.1	+	1	PK_15_4h	15302.727878	15302.727878			dcDNA	PK_15_4h	WO	cluster_8
UL42	L	6h	6	C6	C6_6h	LT934125.1	+	1	C6_6h	11508.044721	11508.044721			dcDNA	C6_6h	WO	cluster_8
UL42	L	6h	6	NRK	NRK_6h	LT934125.1	+	1	NRK_6h	7999.690832	7999.690832			dcDNA	NRK_6h	WO	cluster_8
UL42	L	6h	6	PC_12	PC_12_6h	LT934125.1	+	1	PC_12_6h	11030.966137	11030.966137			dcDNA	PC_12_6h	WO	cluster_8
UL42	L	6h	6	PK_15	PK_15_6h	LT934125.1	+	1	PK_15_6h	13397.461373	13397.461373			dcDNA	PK_15_6h	WO	cluster_8
UL42	L	8h	8	C6	C6_8h	LT934125.1	+	1	C6_8h	9407.372161	9407.372161			dcDNA	C6_8h	WO	cluster_8
UL42	L	8h	8	NRK	NRK_8h	LT934125.1	+	1	NRK_8h	12872.512287	12872.512287			dcDNA	NRK_8h	WO	cluster_8
UL42	L	8h	8	PC_12	PC_12_8h	LT934125.1	+	1	PC_12_8h	10629.05733	10629.05733			dcDNA	PC_12_8h	WO	cluster_8
UL42	L	8h	8	PK_15	PK_15_8h	LT934125.1	+	1	PK_15_8h	13053.423497	13053.423497			dcDNA	PK_15_8h	WO	cluster_8
UL43	L	0.5h	0.5	PC_12	PC_12_0.5h	LT934125.1	+	1	PC_12_0.5h	0	0			dcDNA	PC_12_0.5h	WO	cluster_1
UL43	L	1.5h	1.5	PC_12	PC_12_1.5h	LT934125.1	+	1	PC_12_1.5h	33376.123231	33376.123231			dcDNA	PC_12_1.5h	WO	cluster_1
UL43	L	12h	12	C6	C6_12h	LT934125.1	+	1	C6_12h	6705.706182	6705.706182			dcDNA	C6_12h	WO	cluster_1
UL43	L	12h	12	NRK	NRK_12h	LT934125.1	+	1	NRK_12h	10418.356111	10418.356111			dcDNA	NRK_12h	WO	cluster_1
UL43	L	12h	12	PC_12	PC_12_12h	LT934125.1	+	1	PC_12_12h	7112.498681	7112.498681			dcDNA	PC_12_12h	WO	cluster_1
UL43	L	12h	12	PK_15	PK_15_12h	LT934125.1	+	1	PK_15_12h	6024.040586	6024.040586			dcDNA	PK_15_12h	WO	cluster_1
UL43	L	1h	1	C6	C6_1h	LT934125.1	+	1	C6_1h	15003.261579	15003.261579			dcDNA	C6_1h	WO	cluster_1
UL43	L	1h	1	NRK	NRK_1h	LT934125.1	+	1	NRK_1h	52631.578946	52631.578946			dcDNA	NRK_1h	WO	cluster_1
UL43	L	1h	1	PC_12	PC_12_1h	LT934125.1	+	1	PC_12_1h	17530.487806	17530.487806			dcDNA	PC_12_1h	WO	cluster_1
UL43	L	1h	1	PK_15	PK_15_1h	LT934125.1	+	1	PK_15_1h	4491.017964	4491.017964			dcDNA	PK_15_1h	WO	cluster_1
UL43	L	2.5h	2.5	PC_12	PC_12_2.5h	LT934125.1	+	1	PC_12_2.5h	24547.803617	24547.803617			dcDNA	PC_12_2.5h	WO	cluster_1
UL43	L	2h	2	C6	C6_2h	LT934125.1	+	1	C6_2h	21860.701574	21860.701574			dcDNA	C6_2h	WO	cluster_1
UL43	L	2h	2	NRK	NRK_2h	LT934125.1	+	1	NRK_2h	36764.705882	36764.705882			dcDNA	NRK_2h	WO	cluster_1
UL43	L	2h	2	PC_12	PC_12_2h	LT934125.1	+	1	PC_12_2h	23529.411762	23529.411762			dcDNA	PC_12_2h	WO	cluster_1
UL43	L	2h	2	PK_15	PK_15_2h	LT934125.1	+	1	PK_15_2h	24795.479464	24795.479464			dcDNA	PK_15_2h	WO	cluster_1
UL43	L	4h	4	C6	C6_4h	LT934125.1	+	1	C6_4h	9359.047078	9359.047078			dcDNA	C6_4h	WO	cluster_1
UL43	L	4h	4	NRK	NRK_4h	LT934125.1	+	1	NRK_4h	9546.901046	9546.901046			dcDNA	NRK_4h	WO	cluster_1
UL43	L	4h	4	PC_12	PC_12_4h	LT934125.1	+	1	PC_12_4h	15185.051732	15185.051732			dcDNA	PC_12_4h	WO	cluster_1
UL43	L	4h	4	PK_15	PK_15_4h	LT934125.1	+	1	PK_15_4h	18130.405855	18130.405855			dcDNA	PK_15_4h	WO	cluster_1
UL43	L	6h	6	C6	C6_6h	LT934125.1	+	1	C6_6h	13526.043089	13526.043089			dcDNA	C6_6h	WO	cluster_1
UL43	L	6h	6	NRK	NRK_6h	LT934125.1	+	1	NRK_6h	7033.544596	7033.544596			dcDNA	NRK_6h	WO	cluster_1
UL43	L	6h	6	PC_12	PC_12_6h	LT934125.1	+	1	PC_12_6h	12747.748326	12747.748326			dcDNA	PC_12_6h	WO	cluster_1
UL43	L	6h	6	PK_15	PK_15_6h	LT934125.1	+	1	PK_15_6h	11198.929411	11198.929411			dcDNA	PK_15_6h	WO	cluster_1
UL43	L	8h	8	C6	C6_8h	LT934125.1	+	1	C6_8h	10090.657297	10090.657297			dcDNA	C6_8h	WO	cluster_1
UL43	L	8h	8	NRK	NRK_8h	LT934125.1	+	1	NRK_8h	12236.620493	12236.620493			dcDNA	NRK_8h	WO	cluster_1
UL43	L	8h	8	PC_12	PC_12_8h	LT934125.1	+	1	PC_12_8h	11314.802961	11314.802961			dcDNA	PC_12_8h	WO	cluster_1
UL43	L	8h	8	PK_15	PK_15_8h	LT934125.1	+	1	PK_15_8h	11988.29607	11988.29607			dcDNA	PK_15_8h	WO	cluster_1
UL44	L	0.5h	0.5	PC_12	PC_12_0.5h	LT934125.1	+	1	PC_12_0.5h	0	0			dcDNA	PC_12_0.5h	WO	cluster_5
UL44	L	1.5h	1.5	PC_12	PC_12_1.5h	LT934125.1	+	1	PC_12_1.5h	3851.091142	3851.091142			dcDNA	PC_12_1.5h	WO	cluster_5
UL44	L	12h	12	C6	C6_12h	LT934125.1	+	1	C6_12h	22532.536311	22532.536311			dcDNA	C6_12h	WO	cluster_5
UL44	L	12h	12	NRK	NRK_12h	LT934125.1	+	1	NRK_12h	31109.953989	31109.953989			dcDNA	NRK_12h	WO	cluster_5
UL44	L	12h	12	PC_12	PC_12_12h	LT934125.1	+	1	PC_12_12h	31066.11729	31066.11729			dcDNA	PC_12_12h	WO	cluster_5
UL44	L	12h	12	PK_15	PK_15_12h	LT934125.1	+	1	PK_15_12h	57070.914476	57070.914476			dcDNA	PK_15_12h	WO	cluster_5
UL44	L	1h	1	C6	C6_1h	LT934125.1	+	1	C6_1h	1956.947163	1956.947163			dcDNA	C6_1h	WO	cluster_5
UL44	L	1h	1	NRK	NRK_1h	LT934125.1	+	1	NRK_1h	2631.578947	2631.578947			dcDNA	NRK_1h	WO	cluster_5
UL44	L	1h	1	PC_12	PC_12_1h	LT934125.1	+	1	PC_12_1h	1524.390244	1524.390244			dcDNA	PC_12_1h	WO	cluster_5
UL44	L	1h	1	PK_15	PK_15_1h	LT934125.1	+	1	PK_15_1h	748.502994	748.502994			dcDNA	PK_15_1h	WO	cluster_5
UL44	L	2.5h	2.5	PC_12	PC_12_2.5h	LT934125.1	+	1	PC_12_2.5h	4737.295434	4737.295434			dcDNA	PC_12_2.5h	WO	cluster_5
UL44	L	2h	2	C6	C6_2h	LT934125.1	+	1	C6_2h	9150.991358	9150.991358			dcDNA	C6_2h	WO	cluster_5
UL44	L	2h	2	NRK	NRK_2h	LT934125.1	+	1	NRK_2h	1633.986928	1633.986928			dcDNA	NRK_2h	WO	cluster_5
UL44	L	2h	2	PC_12	PC_12_2h	LT934125.1	+	1	PC_12_2h	6274.509802	6274.509802			dcDNA	PC_12_2h	WO	cluster_5
UL44	L	2h	2	PK_15	PK_15_2h	LT934125.1	+	1	PK_15_2h	15180.905794	15180.905794			dcDNA	PK_15_2h	WO	cluster_5
UL44	L	4h	4	C6	C6_4h	LT934125.1	+	1	C6_4h	17016.449234	17016.449234			dcDNA	C6_4h	WO	cluster_5
UL44	L	4h	4	NRK	NRK_4h	LT934125.1	+	1	NRK_4h	11062.282165	11062.282165			dcDNA	NRK_4h	WO	cluster_5
UL44	L	4h	4	PC_12	PC_12_4h	LT934125.1	+	1	PC_12_4h	13331.960673	13331.960673			dcDNA	PC_12_4h	WO	cluster_5
UL44	L	4h	4	PK_15	PK_15_4h	LT934125.1	+	1	PK_15_4h	7089.986693	7089.986693			dcDNA	PK_15_4h	WO	cluster_5
UL44	L	6h	6	C6	C6_6h	LT934125.1	+	1	C6_6h	18652.849741	18652.849741			dcDNA	C6_6h	WO	cluster_5
UL44	L	6h	6	NRK	NRK_6h	LT934125.1	+	1	NRK_6h	10473.025197	10473.025197			dcDNA	NRK_6h	WO	cluster_5
UL44	L	6h	6	PC_12	PC_12_6h	LT934125.1	+	1	PC_12_6h	17654.670543	17654.670543			dcDNA	PC_12_6h	WO	cluster_5
UL44	L	6h	6	PK_15	PK_15_6h	LT934125.1	+	1	PK_15_6h	14881.596226	14881.596226			dcDNA	PK_15_6h	WO	cluster_5
UL44	L	8h	8	C6	C6_8h	LT934125.1	+	1	C6_8h	13860.927073	13860.927073			dcDNA	C6_8h	WO	cluster_5
UL44	L	8h	8	NRK	NRK_8h	LT934125.1	+	1	NRK_8h	19506.410478	19506.410478			dcDNA	NRK_8h	WO	cluster_5
UL44	L	8h	8	PC_12	PC_12_8h	LT934125.1	+	1	PC_12_8h	24252.53726	24252.53726			dcDNA	PC_12_8h	WO	cluster_5
UL44	L	8h	8	PK_15	PK_15_8h	LT934125.1	+	1	PK_15_8h	25750.141559	25750.141559			dcDNA	PK_15_8h	WO	cluster_5
UL26.5	L	0.5h	0.5	PC_12	PC_12_0.5h	LT934125.1	-	1	PC_12_0.5h	50000	50000			dcDNA	PC_12_0.5h	WO	cluster_3
UL26.5	L	1.5h	1.5	PC_12	PC_12_1.5h	LT934125.1	-	1	PC_12_1.5h	34659.82028	34659.82028			dcDNA	PC_12_1.5h	WO	cluster_3
UL26.5	L	12h	12	C6	C6_12h	LT934125.1	-	1	C6_12h	98438.013612	98438.013612			dcDNA	C6_12h	WO	cluster_3
UL26.5	L	12h	12	NRK	NRK_12h	LT934125.1	-	1	NRK_12h	92207.359857	92207.359857			dcDNA	NRK_12h	WO	cluster_3
UL26.5	L	12h	12	PC_12	PC_12_12h	LT934125.1	-	1	PC_12_12h	68360.067201	68360.067201			dcDNA	PC_12_12h	WO	cluster_3
UL26.5	L	12h	12	PK_15	PK_15_12h	LT934125.1	-	1	PK_15_12h	82077.93892	82077.93892			dcDNA	PK_15_12h	WO	cluster_3
UL26.5	L	1h	1	C6	C6_1h	LT934125.1	-	1	C6_1h	70450.097848	70450.097848			dcDNA	C6_1h	WO	cluster_3
UL26.5	L	1h	1	NRK	NRK_1h	LT934125.1	-	1	NRK_1h	18421.052631	18421.052631			dcDNA	NRK_1h	WO	cluster_3
UL26.5	L	1h	1	PC_12	PC_12_1h	LT934125.1	-	1	PC_12_1h	36585.365854	36585.365854			dcDNA	PC_12_1h	WO	cluster_3
UL26.5	L	1h	1	PK_15	PK_15_1h	LT934125.1	-	1	PK_15_1h	17964.071856	17964.071856			dcDNA	PK_15_1h	WO	cluster_3
UL26.5	L	2.5h	2.5	PC_12	PC_12_2.5h	LT934125.1	-	1	PC_12_2.5h	46080.964684	46080.964684			dcDNA	PC_12_2.5h	WO	cluster_3
UL26.5	L	2h	2	C6	C6_2h	LT934125.1	-	1	C6_2h	82867.310625	82867.310625			dcDNA	C6_2h	WO	cluster_3
UL26.5	L	2h	2	NRK	NRK_2h	LT934125.1	-	1	NRK_2h	44117.647059	44117.647059			dcDNA	NRK_2h	WO	cluster_3
UL26.5	L	2h	2	PC_12	PC_12_2h	LT934125.1	-	1	PC_12_2h	53856.209147	53856.209147			dcDNA	PC_12_2h	WO	cluster_3
UL26.5	L	2h	2	PK_15	PK_15_2h	LT934125.1	-	1	PK_15_2h	59374.209328	59374.209328			dcDNA	PK_15_2h	WO	cluster_3
UL26.5	L	4h	4	C6	C6_4h	LT934125.1	-	1	C6_4h	68349.404422	68349.404422			dcDNA	C6_4h	WO	cluster_3
UL26.5	L	4h	4	NRK	NRK_4h	LT934125.1	-	1	NRK_4h	56675.253827	56675.253827			dcDNA	NRK_4h	WO	cluster_3
UL26.5	L	4h	4	PC_12	PC_12_4h	LT934125.1	-	1	PC_12_4h	58475.317857	58475.317857			dcDNA	PC_12_4h	WO	cluster_3
UL26.5	L	4h	4	PK_15	PK_15_4h	LT934125.1	-	1	PK_15_4h	51709.081837	51709.081837			dcDNA	PK_15_4h	WO	cluster_3
UL26.5	L	6h	6	C6	C6_6h	LT934125.1	-	1	C6_6h	64139.623671	64139.623671			dcDNA	C6_6h	WO	cluster_3
UL26.5	L	6h	6	NRK	NRK_6h	LT934125.1	-	1	NRK_6h	53138.042973	53138.042973			dcDNA	NRK_6h	WO	cluster_3
UL26.5	L	6h	6	PC_12	PC_12_6h	LT934125.1	-	1	PC_12_6h	63008.468606	63008.468606			dcDNA	PC_12_6h	WO	cluster_3
UL26.5	L	6h	6	PK_15	PK_15_6h	LT934125.1	-	1	PK_15_6h	59586.756487	59586.756487			dcDNA	PK_15_6h	WO	cluster_3
UL26.5	L	8h	8	C6	C6_8h	LT934125.1	-	1	C6_8h	61995.924695	61995.924695			dcDNA	C6_8h	WO	cluster_3
UL26.5	L	8h	8	NRK	NRK_8h	LT934125.1	-	1	NRK_8h	68934.107859	68934.107859			dcDNA	NRK_8h	WO	cluster_3
UL26.5	L	8h	8	PC_12	PC_12_8h	LT934125.1	-	1	PC_12_8h	59739.873823	59739.873823			dcDNA	PC_12_8h	WO	cluster_3
UL26.5	L	8h	8	PK_15	PK_15_8h	LT934125.1	-	1	PK_15_8h	61380.774325	61380.774325			dcDNA	PK_15_8h	WO	cluster_3
UL26	L	0.5h	0.5	PC_12	PC_12_0.5h	LT934125.1	-	1	PC_12_0.5h	50000	50000			dcDNA	PC_12_0.5h	WO	cluster_3
UL26	L	1.5h	1.5	PC_12	PC_12_1.5h	LT934125.1	-	1	PC_12_1.5h	34659.82028	34659.82028			dcDNA	PC_12_1.5h	WO	cluster_3
UL26	L	12h	12	C6	C6_12h	LT934125.1	-	1	C6_12h	98438.013612	98438.013612			dcDNA	C6_12h	WO	cluster_3
UL26	L	12h	12	NRK	NRK_12h	LT934125.1	-	1	NRK_12h	92207.359857	92207.359857			dcDNA	NRK_12h	WO	cluster_3
UL26	L	12h	12	PC_12	PC_12_12h	LT934125.1	-	1	PC_12_12h	68360.067201	68360.067201			dcDNA	PC_12_12h	WO	cluster_3
UL26	L	12h	12	PK_15	PK_15_12h	LT934125.1	-	1	PK_15_12h	82077.93892	82077.93892			dcDNA	PK_15_12h	WO	cluster_3
UL26	L	1h	1	C6	C6_1h	LT934125.1	-	1	C6_1h	70450.097848	70450.097848			dcDNA	C6_1h	WO	cluster_3
UL26	L	1h	1	NRK	NRK_1h	LT934125.1	-	1	NRK_1h	18421.052631	18421.052631			dcDNA	NRK_1h	WO	cluster_3
UL26	L	1h	1	PC_12	PC_12_1h	LT934125.1	-	1	PC_12_1h	36585.365854	36585.365854			dcDNA	PC_12_1h	WO	cluster_3
UL26	L	1h	1	PK_15	PK_15_1h	LT934125.1	-	1	PK_15_1h	17964.071856	17964.071856			dcDNA	PK_15_1h	WO	cluster_3
UL26	L	2.5h	2.5	PC_12	PC_12_2.5h	LT934125.1	-	1	PC_12_2.5h	46080.964684	46080.964684			dcDNA	PC_12_2.5h	WO	cluster_3
UL26	L	2h	2	C6	C6_2h	LT934125.1	-	1	C6_2h	82867.310625	82867.310625			dcDNA	C6_2h	WO	cluster_3
UL26	L	2h	2	NRK	NRK_2h	LT934125.1	-	1	NRK_2h	44117.647059	44117.647059			dcDNA	NRK_2h	WO	cluster_3
UL26	L	2h	2	PC_12	PC_12_2h	LT934125.1	-	1	PC_12_2h	53856.209147	53856.209147			dcDNA	PC_12_2h	WO	cluster_3
UL26	L	2h	2	PK_15	PK_15_2h	LT934125.1	-	1	PK_15_2h	59374.209328	59374.209328			dcDNA	PK_15_2h	WO	cluster_3
UL26	L	4h	4	C6	C6_4h	LT934125.1	-	1	C6_4h	68349.404422	68349.404422			dcDNA	C6_4h	WO	cluster_3
UL26	L	4h	4	NRK	NRK_4h	LT934125.1	-	1	NRK_4h	56675.253827	56675.253827			dcDNA	NRK_4h	WO	cluster_3
UL26	L	4h	4	PC_12	PC_12_4h	LT934125.1	-	1	PC_12_4h	58475.317857	58475.317857			dcDNA	PC_12_4h	WO	cluster_3
UL26	L	4h	4	PK_15	PK_15_4h	LT934125.1	-	1	PK_15_4h	51709.081837	51709.081837			dcDNA	PK_15_4h	WO	cluster_3
UL26	L	6h	6	C6	C6_6h	LT934125.1	-	1	C6_6h	64139.623671	64139.623671			dcDNA	C6_6h	WO	cluster_3
UL26	L	6h	6	NRK	NRK_6h	LT934125.1	-	1	NRK_6h	53138.042973	53138.042973			dcDNA	NRK_6h	WO	cluster_3
UL26	L	6h	6	PC_12	PC_12_6h	LT934125.1	-	1	PC_12_6h	63008.468606	63008.468606			dcDNA	PC_12_6h	WO	cluster_3
UL26	L	6h	6	PK_15	PK_15_6h	LT934125.1	-	1	PK_15_6h	59586.756487	59586.756487			dcDNA	PK_15_6h	WO	cluster_3
UL26	L	8h	8	C6	C6_8h	LT934125.1	-	1	C6_8h	61995.924695	61995.924695			dcDNA	C6_8h	WO	cluster_3
UL26	L	8h	8	NRK	NRK_8h	LT934125.1	-	1	NRK_8h	68934.107859	68934.107859			dcDNA	NRK_8h	WO	cluster_3
UL26	L	8h	8	PC_12	PC_12_8h	LT934125.1	-	1	PC_12_8h	59739.873823	59739.873823			dcDNA	PC_12_8h	WO	cluster_3
UL26	L	8h	8	PK_15	PK_15_8h	LT934125.1	-	1	PK_15_8h	61380.774325	61380.774325			dcDNA	PK_15_8h	WO	cluster_3
UL25	L	0.5h	0.5	PC_12	PC_12_0.5h	LT934125.1	-	1	PC_12_0.5h	0	0			dcDNA	PC_12_0.5h	WO	cluster_3
UL25	L	1.5h	1.5	PC_12	PC_12_1.5h	LT934125.1	-	1	PC_12_1.5h	0	0			dcDNA	PC_12_1.5h	WO	cluster_3
UL25	L	12h	12	C6	C6_12h	LT934125.1	-	1	C6_12h	0	0			dcDNA	C6_12h	WO	cluster_3
UL25	L	12h	12	NRK	NRK_12h	LT934125.1	-	1	NRK_12h	42.680689	42.680689			dcDNA	NRK_12h	WO	cluster_3
UL25	L	12h	12	PC_12	PC_12_12h	LT934125.1	-	1	PC_12_12h	121.743036	121.743036			dcDNA	PC_12_12h	WO	cluster_3
UL25	L	12h	12	PK_15	PK_15_12h	LT934125.1	-	1	PK_15_12h	114.243722	114.243722			dcDNA	PK_15_12h	WO	cluster_3
UL25	L	1h	1	C6	C6_1h	LT934125.1	-	1	C6_1h	0	0			dcDNA	C6_1h	WO	cluster_3
UL25	L	1h	1	NRK	NRK_1h	LT934125.1	-	1	NRK_1h	0	0			dcDNA	NRK_1h	WO	cluster_3
UL25	L	1h	1	PC_12	PC_12_1h	LT934125.1	-	1	PC_12_1h	0	0			dcDNA	PC_12_1h	WO	cluster_3
UL25	L	1h	1	PK_15	PK_15_1h	LT934125.1	-	1	PK_15_1h	0	0			dcDNA	PK_15_1h	WO	cluster_3
UL25	L	2.5h	2.5	PC_12	PC_12_2.5h	LT934125.1	-	1	PC_12_2.5h	0	0			dcDNA	PC_12_2.5h	WO	cluster_3
UL25	L	2h	2	C6	C6_2h	LT934125.1	-	1	C6_2h	0	0			dcDNA	C6_2h	WO	cluster_3
UL25	L	2h	2	NRK	NRK_2h	LT934125.1	-	1	NRK_2h	0	0			dcDNA	NRK_2h	WO	cluster_3
UL25	L	2h	2	PC_12	PC_12_2h	LT934125.1	-	1	PC_12_2h	0	0			dcDNA	PC_12_2h	WO	cluster_3
UL25	L	2h	2	PK_15	PK_15_2h	LT934125.1	-	1	PK_15_2h	84.338366	84.338366			dcDNA	PK_15_2h	WO	cluster_3
UL25	L	4h	4	C6	C6_4h	LT934125.1	-	1	C6_4h	0	0			dcDNA	C6_4h	WO	cluster_3
UL25	L	4h	4	NRK	NRK_4h	LT934125.1	-	1	NRK_4h	0	0			dcDNA	NRK_4h	WO	cluster_3
UL25	L	4h	4	PC_12	PC_12_4h	LT934125.1	-	1	PC_12_4h	0	0			dcDNA	PC_12_4h	WO	cluster_3
UL25	L	4h	4	PK_15	PK_15_4h	LT934125.1	-	1	PK_15_4h	124.750499	124.750499			dcDNA	PK_15_4h	WO	cluster_3
UL25	L	6h	6	C6	C6_6h	LT934125.1	-	1	C6_6h	54.540496	54.540496			dcDNA	C6_6h	WO	cluster_3
UL25	L	6h	6	NRK	NRK_6h	LT934125.1	-	1	NRK_6h	0	0			dcDNA	NRK_6h	WO	cluster_3
UL25	L	6h	6	PC_12	PC_12_6h	LT934125.1	-	1	PC_12_6h	38.435422	38.435422			dcDNA	PC_12_6h	WO	cluster_3
UL25	L	6h	6	PK_15	PK_15_6h	LT934125.1	-	1	PK_15_6h	55.340622	55.340622			dcDNA	PK_15_6h	WO	cluster_3
UL25	L	8h	8	C6	C6_8h	LT934125.1	-	1	C6_8h	85.410642	85.410642			dcDNA	C6_8h	WO	cluster_3
UL25	L	8h	8	NRK	NRK_8h	LT934125.1	-	1	NRK_8h	34.372529	34.372529			dcDNA	NRK_8h	WO	cluster_3
UL25	L	8h	8	PC_12	PC_12_8h	LT934125.1	-	1	PC_12_8h	0	0			dcDNA	PC_12_8h	WO	cluster_3
UL25	L	8h	8	PK_15	PK_15_8h	LT934125.1	-	1	PK_15_8h	64.855534	64.855534			dcDNA	PK_15_8h	WO	cluster_3
UL24	L	0.5h	0.5	PC_12	PC_12_0.5h	LT934125.1	-	1	PC_12_0.5h	0	0			dcDNA	PC_12_0.5h	WO	
UL24	L	1.5h	1.5	PC_12	PC_12_1.5h	LT934125.1	-	1	PC_12_1.5h	0	0			dcDNA	PC_12_1.5h	WO	
UL24	L	12h	12	C6	C6_12h	LT934125.1	-	1	C6_12h	0	0			dcDNA	C6_12h	WO	
UL24	L	12h	12	NRK	NRK_12h	LT934125.1	-	1	NRK_12h	0	0			dcDNA	NRK_12h	WO	
UL24	L	12h	12	PC_12	PC_12_12h	LT934125.1	-	1	PC_12_12h	0	0			dcDNA	PC_12_12h	WO	
UL24	L	12h	12	PK_15	PK_15_12h	LT934125.1	-	1	PK_15_12h	0	0			dcDNA	PK_15_12h	WO	
UL24	L	1h	1	C6	C6_1h	LT934125.1	-	1	C6_1h	0	0			dcDNA	C6_1h	WO	
UL24	L	1h	1	NRK	NRK_1h	LT934125.1	-	1	NRK_1h	0	0			dcDNA	NRK_1h	WO	
UL24	L	1h	1	PC_12	PC_12_1h	LT934125.1	-	1	PC_12_1h	0	0			dcDNA	PC_12_1h	WO	
UL24	L	1h	1	PK_15	PK_15_1h	LT934125.1	-	1	PK_15_1h	0	0			dcDNA	PK_15_1h	WO	
UL24	L	2.5h	2.5	PC_12	PC_12_2.5h	LT934125.1	-	1	PC_12_2.5h	0	0			dcDNA	PC_12_2.5h	WO	
UL24	L	2h	2	C6	C6_2h	LT934125.1	-	1	C6_2h	0	0			dcDNA	C6_2h	WO	
UL24	L	2h	2	NRK	NRK_2h	LT934125.1	-	1	NRK_2h	0	0			dcDNA	NRK_2h	WO	
UL24	L	2h	2	PC_12	PC_12_2h	LT934125.1	-	1	PC_12_2h	0	0			dcDNA	PC_12_2h	WO	
UL24	L	2h	2	PK_15	PK_15_2h	LT934125.1	-	1	PK_15_2h	0	0			dcDNA	PK_15_2h	WO	
UL24	L	4h	4	C6	C6_4h	LT934125.1	-	1	C6_4h	0	0			dcDNA	C6_4h	WO	
UL24	L	4h	4	NRK	NRK_4h	LT934125.1	-	1	NRK_4h	0	0			dcDNA	NRK_4h	WO	
UL24	L	4h	4	PC_12	PC_12_4h	LT934125.1	-	1	PC_12_4h	0	0			dcDNA	PC_12_4h	WO	
UL24	L	4h	4	PK_15	PK_15_4h	LT934125.1	-	1	PK_15_4h	0	0			dcDNA	PK_15_4h	WO	
UL24	L	6h	6	C6	C6_6h	LT934125.1	-	1	C6_6h	0	0			dcDNA	C6_6h	WO	
UL24	L	6h	6	NRK	NRK_6h	LT934125.1	-	1	NRK_6h	38.645849	38.645849			dcDNA	NRK_6h	WO	
UL24	L	6h	6	PC_12	PC_12_6h	LT934125.1	-	1	PC_12_6h	0	0			dcDNA	PC_12_6h	WO	
UL24	L	6h	6	PK_15	PK_15_6h	LT934125.1	-	1	PK_15_6h	0	0			dcDNA	PK_15_6h	WO	
UL24	L	8h	8	C6	C6_8h	LT934125.1	-	1	C6_8h	0	0			dcDNA	C6_8h	WO	
UL24	L	8h	8	NRK	NRK_8h	LT934125.1	-	1	NRK_8h	0	0			dcDNA	NRK_8h	WO	
UL24	L	8h	8	PC_12	PC_12_8h	LT934125.1	-	1	PC_12_8h	0	0			dcDNA	PC_12_8h	WO	
UL24	L	8h	8	PK_15	PK_15_8h	LT934125.1	-	1	PK_15_8h	0	0			dcDNA	PK_15_8h	WO	
UL23	L	0.5h	0.5	PC_12	PC_12_0.5h	LT934125.1	+	1	PC_12_0.5h	0	0			dcDNA	PC_12_0.5h	WO	cluster_1
UL23	L	1.5h	1.5	PC_12	PC_12_1.5h	LT934125.1	+	1	PC_12_1.5h	51347.881898	51347.881898			dcDNA	PC_12_1.5h	WO	cluster_1
UL23	L	12h	12	C6	C6_12h	LT934125.1	+	1	C6_12h	4952.580381	4952.580381			dcDNA	C6_12h	WO	cluster_1
UL23	L	12h	12	NRK	NRK_12h	LT934125.1	+	1	NRK_12h	11400.01195	11400.01195			dcDNA	NRK_12h	WO	cluster_1
UL23	L	12h	12	PC_12	PC_12_12h	LT934125.1	+	1	PC_12_12h	5356.693567	5356.693567			dcDNA	PC_12_12h	WO	cluster_1
UL23	L	12h	12	PK_15	PK_15_12h	LT934125.1	+	1	PK_15_12h	2584.378252	2584.378252			dcDNA	PK_15_12h	WO	cluster_1
UL23	L	1h	1	C6	C6_1h	LT934125.1	+	1	C6_1h	43705.153293	43705.153293			dcDNA	C6_1h	WO	cluster_1
UL23	L	1h	1	NRK	NRK_1h	LT934125.1	+	1	NRK_1h	42105.263157	42105.263157			dcDNA	NRK_1h	WO	cluster_1
UL23	L	1h	1	PC_12	PC_12_1h	LT934125.1	+	1	PC_12_1h	38109.756098	38109.756098			dcDNA	PC_12_1h	WO	cluster_1
UL23	L	1h	1	PK_15	PK_15_1h	LT934125.1	+	1	PK_15_1h	5988.023952	5988.023952			dcDNA	PK_15_1h	WO	cluster_1
UL23	L	2.5h	2.5	PC_12	PC_12_2.5h	LT934125.1	+	1	PC_12_2.5h	37467.700258	37467.700258			dcDNA	PC_12_2.5h	WO	cluster_1
UL23	L	2h	2	C6	C6_2h	LT934125.1	+	1	C6_2h	57447.890189	57447.890189			dcDNA	C6_2h	WO	cluster_1
UL23	L	2h	2	NRK	NRK_2h	LT934125.1	+	1	NRK_2h	31862.745098	31862.745098			dcDNA	NRK_2h	WO	cluster_1
UL23	L	2h	2	PC_12	PC_12_2h	LT934125.1	+	1	PC_12_2h	28496.732023	28496.732023			dcDNA	PC_12_2h	WO	cluster_1
UL23	L	2h	2	PK_15	PK_15_2h	LT934125.1	+	1	PK_15_2h	15686.935989	15686.935989			dcDNA	PK_15_2h	WO	cluster_1
UL23	L	4h	4	C6	C6_4h	LT934125.1	+	1	C6_4h	14463.981849	14463.981849			dcDNA	C6_4h	WO	cluster_1
UL23	L	4h	4	NRK	NRK_4h	LT934125.1	+	1	NRK_4h	15153.811184	15153.811184			dcDNA	NRK_4h	WO	cluster_1
UL23	L	4h	4	PC_12	PC_12_4h	LT934125.1	+	1	PC_12_4h	15082.102229	15082.102229			dcDNA	PC_12_4h	WO	cluster_1
UL23	L	4h	4	PK_15	PK_15_4h	LT934125.1	+	1	PK_15_4h	19585.828343	19585.828343			dcDNA	PK_15_4h	WO	cluster_1
UL23	L	6h	6	C6	C6_6h	LT934125.1	+	1	C6_6h	18434.687755	18434.687755			dcDNA	C6_6h	WO	cluster_1
UL23	L	6h	6	NRK	NRK_6h	LT934125.1	+	1	NRK_6h	0	0			dcDNA	NRK_6h	WO	cluster_1
UL23	L	6h	6	PC_12	PC_12_6h	LT934125.1	+	1	PC_12_6h	13618.951226	13618.951226			dcDNA	PC_12_6h	WO	cluster_1
UL23	L	6h	6	PK_15	PK_15_6h	LT934125.1	+	1	PK_15_6h	11203.960377	11203.960377			dcDNA	PK_15_6h	WO	cluster_1
UL23	L	8h	8	C6	C6_8h	LT934125.1	+	1	C6_8h	11445.026051	11445.026051			dcDNA	C6_8h	WO	cluster_1
UL23	L	8h	8	NRK	NRK_8h	LT934125.1	+	1	NRK_8h	13422.472758	13422.472758			dcDNA	NRK_8h	WO	cluster_1
UL23	L	8h	8	PC_12	PC_12_8h	LT934125.1	+	1	PC_12_8h	10686.2028	10686.2028			dcDNA	PC_12_8h	WO	cluster_1
UL23	L	8h	8	PK_15	PK_15_8h	LT934125.1	+	1	PK_15_8h	7902.397408	7902.397408			dcDNA	PK_15_8h	WO	cluster_1
UL22	L	0.5h	0.5	PC_12	PC_12_0.5h	LT934125.1	+	1	PC_12_0.5h	0	0			dcDNA	PC_12_0.5h	WO	cluster_8
UL22	L	1.5h	1.5	PC_12	PC_12_1.5h	LT934125.1	+	1	PC_12_1.5h	7702.182284	7702.182284			dcDNA	PC_12_1.5h	WO	cluster_8
UL22	L	12h	12	C6	C6_12h	LT934125.1	+	1	C6_12h	9435.225654	9435.225654			dcDNA	C6_12h	WO	cluster_8
UL22	L	12h	12	NRK	NRK_12h	LT934125.1	+	1	NRK_12h	8314.198157	8314.198157			dcDNA	NRK_12h	WO	cluster_8
UL22	L	12h	12	PC_12	PC_12_12h	LT934125.1	+	1	PC_12_12h	10875.711182	10875.711182			dcDNA	PC_12_12h	WO	cluster_8
UL22	L	12h	12	PK_15	PK_15_12h	LT934125.1	+	1	PK_15_12h	4713.325448	4713.325448			dcDNA	PK_15_12h	WO	cluster_8
UL22	L	1h	1	C6	C6_1h	LT934125.1	+	1	C6_1h	5870.841488	5870.841488			dcDNA	C6_1h	WO	cluster_8
UL22	L	1h	1	NRK	NRK_1h	LT934125.1	+	1	NRK_1h	0	0			dcDNA	NRK_1h	WO	cluster_8
UL22	L	1h	1	PC_12	PC_12_1h	LT934125.1	+	1	PC_12_1h	12957.317073	12957.317073			dcDNA	PC_12_1h	WO	cluster_8
UL22	L	1h	1	PK_15	PK_15_1h	LT934125.1	+	1	PK_15_1h	748.502994	748.502994			dcDNA	PK_15_1h	WO	cluster_8
UL22	L	2.5h	2.5	PC_12	PC_12_2.5h	LT934125.1	+	1	PC_12_2.5h	6890.611541	6890.611541			dcDNA	PC_12_2.5h	WO	cluster_8
UL22	L	2h	2	C6	C6_2h	LT934125.1	+	1	C6_2h	11184.544993	11184.544993			dcDNA	C6_2h	WO	cluster_8
UL22	L	2h	2	NRK	NRK_2h	LT934125.1	+	1	NRK_2h	7352.941176	7352.941176			dcDNA	NRK_2h	WO	cluster_8
UL22	L	2h	2	PC_12	PC_12_2h	LT934125.1	+	1	PC_12_2h	9934.640521	9934.640521			dcDNA	PC_12_2h	WO	cluster_8
UL22	L	2h	2	PK_15	PK_15_2h	LT934125.1	+	1	PK_15_2h	5060.301932	5060.301932			dcDNA	PK_15_2h	WO	cluster_8
UL22	L	4h	4	C6	C6_4h	LT934125.1	+	1	C6_4h	10777.084513	10777.084513			dcDNA	C6_4h	WO	cluster_8
UL22	L	4h	4	NRK	NRK_4h	LT934125.1	+	1	NRK_4h	15911.501745	15911.501745			dcDNA	NRK_4h	WO	cluster_8
UL22	L	4h	4	PC_12	PC_12_4h	LT934125.1	+	1	PC_12_4h	10964.122098	10964.122098			dcDNA	PC_12_4h	WO	cluster_8
UL22	L	4h	4	PK_15	PK_15_4h	LT934125.1	+	1	PK_15_4h	5738.522955	5738.522955			dcDNA	PK_15_4h	WO	cluster_8
UL22	L	6h	6	C6	C6_6h	LT934125.1	+	1	C6_6h	7853.831468	7853.831468			dcDNA	C6_6h	WO	cluster_8
UL22	L	6h	6	NRK	NRK_6h	LT934125.1	+	1	NRK_6h	10627.608594	10627.608594			dcDNA	NRK_6h	WO	cluster_8
UL22	L	6h	6	PC_12	PC_12_6h	LT934125.1	+	1	PC_12_6h	9147.630457	9147.630457			dcDNA	PC_12_6h	WO	cluster_8
UL22	L	6h	6	PK_15	PK_15_6h	LT934125.1	+	1	PK_15_6h	5951.632296	5951.632296			dcDNA	PK_15_6h	WO	cluster_8
UL22	L	8h	8	C6	C6_8h	LT934125.1	+	1	C6_8h	8321.436851	8321.436851			dcDNA	C6_8h	WO	cluster_8
UL22	L	8h	8	NRK	NRK_8h	LT934125.1	+	1	NRK_8h	9916.474753	9916.474753			dcDNA	NRK_8h	WO	cluster_8
UL22	L	8h	8	PC_12	PC_12_8h	LT934125.1	+	1	PC_12_8h	11829.112189	11829.112189			dcDNA	PC_12_8h	WO	cluster_8
UL22	L	8h	8	PK_15	PK_15_8h	LT934125.1	+	1	PK_15_8h	6570.364514	6570.364514			dcDNA	PK_15_8h	WO	cluster_8
CTO-S	L	0.5h	0.5	PC_12	PC_12_0.5h	LT934125.1	-	1	PC_12_0.5h	33333.333334	33333.333334			dcDNA	PC_12_0.5h	WO	cluster_5
CTO-S	L	1.5h	1.5	PC_12	PC_12_1.5h	LT934125.1	-	1	PC_12_1.5h	21822.849807	21822.849807			dcDNA	PC_12_1.5h	WO	cluster_5
CTO-S	L	12h	12	C6	C6_12h	LT934125.1	-	1	C6_12h	2705.170504	2705.170504			dcDNA	C6_12h	WO	cluster_5
CTO-S	L	12h	12	NRK	NRK_12h	LT934125.1	-	1	NRK_12h	12010.3458	12010.3458			dcDNA	NRK_12h	WO	cluster_5
CTO-S	L	12h	12	PC_12	PC_12_12h	LT934125.1	-	1	PC_12_12h	16099.840108	16099.840108			dcDNA	PC_12_12h	WO	cluster_5
CTO-S	L	12h	12	PK_15	PK_15_12h	LT934125.1	-	1	PK_15_12h	23787.395523	23787.395523			dcDNA	PK_15_12h	WO	cluster_5
CTO-S	L	1h	1	C6	C6_1h	LT934125.1	-	1	C6_1h	1956.947163	1956.947163			dcDNA	C6_1h	WO	cluster_5
CTO-S	L	1h	1	NRK	NRK_1h	LT934125.1	-	1	NRK_1h	7894.736842	7894.736842			dcDNA	NRK_1h	WO	cluster_5
CTO-S	L	1h	1	PC_12	PC_12_1h	LT934125.1	-	1	PC_12_1h	3048.780488	3048.780488			dcDNA	PC_12_1h	WO	cluster_5
CTO-S	L	1h	1	PK_15	PK_15_1h	LT934125.1	-	1	PK_15_1h	0	0			dcDNA	PK_15_1h	WO	cluster_5
CTO-S	L	2.5h	2.5	PC_12	PC_12_2.5h	LT934125.1	-	1	PC_12_2.5h	52540.913005	52540.913005			dcDNA	PC_12_2.5h	WO	cluster_5
CTO-S	L	2h	2	C6	C6_2h	LT934125.1	-	1	C6_2h	3050.330453	3050.330453			dcDNA	C6_2h	WO	cluster_5
CTO-S	L	2h	2	NRK	NRK_2h	LT934125.1	-	1	NRK_2h	13071.895424	13071.895424			dcDNA	NRK_2h	WO	cluster_5
CTO-S	L	2h	2	PC_12	PC_12_2h	LT934125.1	-	1	PC_12_2h	1568.62745	1568.62745			dcDNA	PC_12_2h	WO	cluster_5
CTO-S	L	2h	2	PK_15	PK_15_2h	LT934125.1	-	1	PK_15_2h	13241.12339	13241.12339			dcDNA	PK_15_2h	WO	cluster_5
CTO-S	L	4h	4	C6	C6_4h	LT934125.1	-	1	C6_4h	7941.009641	7941.009641			dcDNA	C6_4h	WO	cluster_5
CTO-S	L	4h	4	NRK	NRK_4h	LT934125.1	-	1	NRK_4h	4697.681467	4697.681467			dcDNA	NRK_4h	WO	cluster_5
CTO-S	L	4h	4	PC_12	PC_12_4h	LT934125.1	-	1	PC_12_4h	13074.586917	13074.586917			dcDNA	PC_12_4h	WO	cluster_5
CTO-S	L	4h	4	PK_15	PK_15_4h	LT934125.1	-	1	PK_15_4h	10458.250168	10458.250168			dcDNA	PK_15_4h	WO	cluster_5
CTO-S	L	6h	6	C6	C6_6h	LT934125.1	-	1	C6_6h	11398.96373	11398.96373			dcDNA	C6_6h	WO	cluster_5
CTO-S	L	6h	6	NRK	NRK_6h	LT934125.1	-	1	NRK_6h	11748.338228	11748.338228			dcDNA	NRK_6h	WO	cluster_5
CTO-S	L	6h	6	PC_12	PC_12_6h	LT934125.1	-	1	PC_12_6h	12901.490013	12901.490013			dcDNA	PC_12_6h	WO	cluster_5
CTO-S	L	6h	6	PK_15	PK_15_6h	LT934125.1	-	1	PK_15_6h	18292.590898	18292.590898			dcDNA	PK_15_6h	WO	cluster_5
CTO-S	L	8h	8	C6	C6_8h	LT934125.1	-	1	C6_8h	8821.699185	8821.699185			dcDNA	C6_8h	WO	cluster_5
CTO-S	L	8h	8	NRK	NRK_8h	LT934125.1	-	1	NRK_8h	5258.997007	5258.997007			dcDNA	NRK_8h	WO	cluster_5
CTO-S	L	8h	8	PC_12	PC_12_8h	LT934125.1	-	1	PC_12_8h	10903.355583	10903.355583			dcDNA	PC_12_8h	WO	cluster_5
CTO-S	L	8h	8	PK_15	PK_15_8h	LT934125.1	-	1	PK_15_8h	11935.912754	11935.912754			dcDNA	PK_15_8h	WO	cluster_5
CTO-M	L	0.5h	0.5	PC_12	PC_12_0.5h	LT934125.1	-	1	PC_12_0.5h	33333.333334	33333.333334			dcDNA	PC_12_0.5h	WO	cluster_5
CTO-M	L	1.5h	1.5	PC_12	PC_12_1.5h	LT934125.1	-	1	PC_12_1.5h	21822.849807	21822.849807			dcDNA	PC_12_1.5h	WO	cluster_5
CTO-M	L	12h	12	C6	C6_12h	LT934125.1	-	1	C6_12h	2705.170504	2705.170504			dcDNA	C6_12h	WO	cluster_5
CTO-M	L	12h	12	NRK	NRK_12h	LT934125.1	-	1	NRK_12h	12010.3458	12010.3458			dcDNA	NRK_12h	WO	cluster_5
CTO-M	L	12h	12	PC_12	PC_12_12h	LT934125.1	-	1	PC_12_12h	16099.840108	16099.840108			dcDNA	PC_12_12h	WO	cluster_5
CTO-M	L	12h	12	PK_15	PK_15_12h	LT934125.1	-	1	PK_15_12h	23787.395523	23787.395523			dcDNA	PK_15_12h	WO	cluster_5
CTO-M	L	1h	1	C6	C6_1h	LT934125.1	-	1	C6_1h	1956.947163	1956.947163			dcDNA	C6_1h	WO	cluster_5
CTO-M	L	1h	1	NRK	NRK_1h	LT934125.1	-	1	NRK_1h	7894.736842	7894.736842			dcDNA	NRK_1h	WO	cluster_5
CTO-M	L	1h	1	PC_12	PC_12_1h	LT934125.1	-	1	PC_12_1h	3048.780488	3048.780488			dcDNA	PC_12_1h	WO	cluster_5
CTO-M	L	1h	1	PK_15	PK_15_1h	LT934125.1	-	1	PK_15_1h	0	0			dcDNA	PK_15_1h	WO	cluster_5
CTO-M	L	2.5h	2.5	PC_12	PC_12_2.5h	LT934125.1	-	1	PC_12_2.5h	52540.913005	52540.913005			dcDNA	PC_12_2.5h	WO	cluster_5
CTO-M	L	2h	2	C6	C6_2h	LT934125.1	-	1	C6_2h	3050.330453	3050.330453			dcDNA	C6_2h	WO	cluster_5
CTO-M	L	2h	2	NRK	NRK_2h	LT934125.1	-	1	NRK_2h	13071.895424	13071.895424			dcDNA	NRK_2h	WO	cluster_5
CTO-M	L	2h	2	PC_12	PC_12_2h	LT934125.1	-	1	PC_12_2h	1568.62745	1568.62745			dcDNA	PC_12_2h	WO	cluster_5
CTO-M	L	2h	2	PK_15	PK_15_2h	LT934125.1	-	1	PK_15_2h	13241.12339	13241.12339			dcDNA	PK_15_2h	WO	cluster_5
CTO-M	L	4h	4	C6	C6_4h	LT934125.1	-	1	C6_4h	7941.009641	7941.009641			dcDNA	C6_4h	WO	cluster_5
CTO-M	L	4h	4	NRK	NRK_4h	LT934125.1	-	1	NRK_4h	4697.681467	4697.681467			dcDNA	NRK_4h	WO	cluster_5
CTO-M	L	4h	4	PC_12	PC_12_4h	LT934125.1	-	1	PC_12_4h	13074.586917	13074.586917			dcDNA	PC_12_4h	WO	cluster_5
CTO-M	L	4h	4	PK_15	PK_15_4h	LT934125.1	-	1	PK_15_4h	10458.250168	10458.250168			dcDNA	PK_15_4h	WO	cluster_5
CTO-M	L	6h	6	C6	C6_6h	LT934125.1	-	1	C6_6h	11398.96373	11398.96373			dcDNA	C6_6h	WO	cluster_5
CTO-M	L	6h	6	NRK	NRK_6h	LT934125.1	-	1	NRK_6h	11748.338228	11748.338228			dcDNA	NRK_6h	WO	cluster_5
CTO-M	L	6h	6	PC_12	PC_12_6h	LT934125.1	-	1	PC_12_6h	12901.490013	12901.490013			dcDNA	PC_12_6h	WO	cluster_5
CTO-M	L	6h	6	PK_15	PK_15_6h	LT934125.1	-	1	PK_15_6h	18292.590898	18292.590898			dcDNA	PK_15_6h	WO	cluster_5
CTO-M	L	8h	8	C6	C6_8h	LT934125.1	-	1	C6_8h	8821.699185	8821.699185			dcDNA	C6_8h	WO	cluster_5
CTO-M	L	8h	8	NRK	NRK_8h	LT934125.1	-	1	NRK_8h	5258.997007	5258.997007			dcDNA	NRK_8h	WO	cluster_5
CTO-M	L	8h	8	PC_12	PC_12_8h	LT934125.1	-	1	PC_12_8h	10903.355583	10903.355583			dcDNA	PC_12_8h	WO	cluster_5
CTO-M	L	8h	8	PK_15	PK_15_8h	LT934125.1	-	1	PK_15_8h	11935.912754	11935.912754			dcDNA	PK_15_8h	WO	cluster_5
CTO-L	unknown	0.5h	0.5	PC_12	PC_12_0.5h	LT934125.1	-	1	PC_12_0.5h	33333.333334	33333.333334			dcDNA	PC_12_0.5h	WO	cluster_5
CTO-L	unknown	1.5h	1.5	PC_12	PC_12_1.5h	LT934125.1	-	1	PC_12_1.5h	21822.849807	21822.849807			dcDNA	PC_12_1.5h	WO	cluster_5
CTO-L	unknown	12h	12	C6	C6_12h	LT934125.1	-	1	C6_12h	2705.170504	2705.170504			dcDNA	C6_12h	WO	cluster_5
CTO-L	unknown	12h	12	NRK	NRK_12h	LT934125.1	-	1	NRK_12h	12010.3458	12010.3458			dcDNA	NRK_12h	WO	cluster_5
CTO-L	unknown	12h	12	PC_12	PC_12_12h	LT934125.1	-	1	PC_12_12h	16099.840108	16099.840108			dcDNA	PC_12_12h	WO	cluster_5
CTO-L	unknown	12h	12	PK_15	PK_15_12h	LT934125.1	-	1	PK_15_12h	23787.395523	23787.395523			dcDNA	PK_15_12h	WO	cluster_5
CTO-L	unknown	1h	1	C6	C6_1h	LT934125.1	-	1	C6_1h	1956.947163	1956.947163			dcDNA	C6_1h	WO	cluster_5
CTO-L	unknown	1h	1	NRK	NRK_1h	LT934125.1	-	1	NRK_1h	7894.736842	7894.736842			dcDNA	NRK_1h	WO	cluster_5
CTO-L	unknown	1h	1	PC_12	PC_12_1h	LT934125.1	-	1	PC_12_1h	3048.780488	3048.780488			dcDNA	PC_12_1h	WO	cluster_5
CTO-L	unknown	1h	1	PK_15	PK_15_1h	LT934125.1	-	1	PK_15_1h	0	0			dcDNA	PK_15_1h	WO	cluster_5
CTO-L	unknown	2.5h	2.5	PC_12	PC_12_2.5h	LT934125.1	-	1	PC_12_2.5h	52540.913005	52540.913005			dcDNA	PC_12_2.5h	WO	cluster_5
CTO-L	unknown	2h	2	C6	C6_2h	LT934125.1	-	1	C6_2h	3050.330453	3050.330453			dcDNA	C6_2h	WO	cluster_5
CTO-L	unknown	2h	2	NRK	NRK_2h	LT934125.1	-	1	NRK_2h	13071.895424	13071.895424			dcDNA	NRK_2h	WO	cluster_5
CTO-L	unknown	2h	2	PC_12	PC_12_2h	LT934125.1	-	1	PC_12_2h	1568.62745	1568.62745			dcDNA	PC_12_2h	WO	cluster_5
CTO-L	unknown	2h	2	PK_15	PK_15_2h	LT934125.1	-	1	PK_15_2h	13241.12339	13241.12339			dcDNA	PK_15_2h	WO	cluster_5
CTO-L	unknown	4h	4	C6	C6_4h	LT934125.1	-	1	C6_4h	7941.009641	7941.009641			dcDNA	C6_4h	WO	cluster_5
CTO-L	unknown	4h	4	NRK	NRK_4h	LT934125.1	-	1	NRK_4h	4697.681467	4697.681467			dcDNA	NRK_4h	WO	cluster_5
CTO-L	unknown	4h	4	PC_12	PC_12_4h	LT934125.1	-	1	PC_12_4h	13074.586917	13074.586917			dcDNA	PC_12_4h	WO	cluster_5
CTO-L	unknown	4h	4	PK_15	PK_15_4h	LT934125.1	-	1	PK_15_4h	10458.250168	10458.250168			dcDNA	PK_15_4h	WO	cluster_5
CTO-L	unknown	6h	6	C6	C6_6h	LT934125.1	-	1	C6_6h	11398.96373	11398.96373			dcDNA	C6_6h	WO	cluster_5
CTO-L	unknown	6h	6	NRK	NRK_6h	LT934125.1	-	1	NRK_6h	11748.338228	11748.338228			dcDNA	NRK_6h	WO	cluster_5
CTO-L	unknown	6h	6	PC_12	PC_12_6h	LT934125.1	-	1	PC_12_6h	12901.490013	12901.490013			dcDNA	PC_12_6h	WO	cluster_5
CTO-L	unknown	6h	6	PK_15	PK_15_6h	LT934125.1	-	1	PK_15_6h	18292.590898	18292.590898			dcDNA	PK_15_6h	WO	cluster_5
CTO-L	unknown	8h	8	C6	C6_8h	LT934125.1	-	1	C6_8h	8821.699185	8821.699185			dcDNA	C6_8h	WO	cluster_5
CTO-L	unknown	8h	8	NRK	NRK_8h	LT934125.1	-	1	NRK_8h	5258.997007	5258.997007			dcDNA	NRK_8h	WO	cluster_5
CTO-L	unknown	8h	8	PC_12	PC_12_8h	LT934125.1	-	1	PC_12_8h	10903.355583	10903.355583			dcDNA	PC_12_8h	WO	cluster_5
CTO-L	unknown	8h	8	PK_15	PK_15_8h	LT934125.1	-	1	PK_15_8h	11935.912754	11935.912754			dcDNA	PK_15_8h	WO	cluster_5
UL21	L	0.5h	0.5	PC_12	PC_12_0.5h	LT934125.1	-	1	PC_12_0.5h	33333.333334	33333.333334			dcDNA	PC_12_0.5h	WO	cluster_9
UL21	L	1.5h	1.5	PC_12	PC_12_1.5h	LT934125.1	-	1	PC_12_1.5h	0	0			dcDNA	PC_12_1.5h	WO	cluster_9
UL21	L	12h	12	C6	C6_12h	LT934125.1	-	1	C6_12h	0	0			dcDNA	C6_12h	WO	cluster_9
UL21	L	12h	12	NRK	NRK_12h	LT934125.1	-	1	NRK_12h	0	0			dcDNA	NRK_12h	WO	cluster_9
UL21	L	12h	12	PC_12	PC_12_12h	LT934125.1	-	1	PC_12_12h	0	0			dcDNA	PC_12_12h	WO	cluster_9
UL21	L	12h	12	PK_15	PK_15_12h	LT934125.1	-	1	PK_15_12h	0	0			dcDNA	PK_15_12h	WO	cluster_9
UL21	L	1h	1	C6	C6_1h	LT934125.1	-	1	C6_1h	3261.578605	3261.578605			dcDNA	C6_1h	WO	cluster_9
UL21	L	1h	1	NRK	NRK_1h	LT934125.1	-	1	NRK_1h	0	0			dcDNA	NRK_1h	WO	cluster_9
UL21	L	1h	1	PC_12	PC_12_1h	LT934125.1	-	1	PC_12_1h	0	0			dcDNA	PC_12_1h	WO	cluster_9
UL21	L	1h	1	PK_15	PK_15_1h	LT934125.1	-	1	PK_15_1h	1497.005988	1497.005988			dcDNA	PK_15_1h	WO	cluster_9
UL21	L	2.5h	2.5	PC_12	PC_12_2.5h	LT934125.1	-	1	PC_12_2.5h	0	0			dcDNA	PC_12_2.5h	WO	cluster_9
UL21	L	2h	2	C6	C6_2h	LT934125.1	-	1	C6_2h	0	0			dcDNA	C6_2h	WO	cluster_9
UL21	L	2h	2	NRK	NRK_2h	LT934125.1	-	1	NRK_2h	0	0			dcDNA	NRK_2h	WO	cluster_9
UL21	L	2h	2	PC_12	PC_12_2h	LT934125.1	-	1	PC_12_2h	3921.568626	3921.568626			dcDNA	PC_12_2h	WO	cluster_9
UL21	L	2h	2	PK_15	PK_15_2h	LT934125.1	-	1	PK_15_2h	0	0			dcDNA	PK_15_2h	WO	cluster_9
UL21	L	4h	4	C6	C6_4h	LT934125.1	-	1	C6_4h	0	0			dcDNA	C6_4h	WO	cluster_9
UL21	L	4h	4	NRK	NRK_4h	LT934125.1	-	1	NRK_4h	0	0			dcDNA	NRK_4h	WO	cluster_9
UL21	L	4h	4	PC_12	PC_12_4h	LT934125.1	-	1	PC_12_4h	0	0			dcDNA	PC_12_4h	WO	cluster_9
UL21	L	4h	4	PK_15	PK_15_4h	LT934125.1	-	1	PK_15_4h	0	0			dcDNA	PK_15_4h	WO	cluster_9
UL21	L	6h	6	C6	C6_6h	LT934125.1	-	1	C6_6h	0	0			dcDNA	C6_6h	WO	cluster_9
UL21	L	6h	6	NRK	NRK_6h	LT934125.1	-	1	NRK_6h	0	0			dcDNA	NRK_6h	WO	cluster_9
UL21	L	6h	6	PC_12	PC_12_6h	LT934125.1	-	1	PC_12_6h	0	0			dcDNA	PC_12_6h	WO	cluster_9
UL21	L	6h	6	PK_15	PK_15_6h	LT934125.1	-	1	PK_15_6h	0	0			dcDNA	PK_15_6h	WO	cluster_9
UL21	L	8h	8	C6	C6_8h	LT934125.1	-	1	C6_8h	0	0			dcDNA	C6_8h	WO	cluster_9
UL21	L	8h	8	NRK	NRK_8h	LT934125.1	-	1	NRK_8h	0	0			dcDNA	NRK_8h	WO	cluster_9
UL21	L	8h	8	PC_12	PC_12_8h	LT934125.1	-	1	PC_12_8h	0	0			dcDNA	PC_12_8h	WO	cluster_9
UL21	L	8h	8	PK_15	PK_15_8h	LT934125.1	-	1	PK_15_8h	0	0			dcDNA	PK_15_8h	WO	cluster_9
UL20	L	0.5h	0.5	PC_12	PC_12_0.5h	LT934125.1	+	1	PC_12_0.5h	0	0			dcDNA	PC_12_0.5h	WO	cluster_10
UL20	L	1.5h	1.5	PC_12	PC_12_1.5h	LT934125.1	+	1	PC_12_1.5h	0	0			dcDNA	PC_12_1.5h	WO	cluster_10
UL20	L	12h	12	C6	C6_12h	LT934125.1	+	1	C6_12h	0	0			dcDNA	C6_12h	WO	cluster_10
UL20	L	12h	12	NRK	NRK_12h	LT934125.1	+	1	NRK_12h	0	0			dcDNA	NRK_12h	WO	cluster_10
UL20	L	12h	12	PC_12	PC_12_12h	LT934125.1	+	1	PC_12_12h	0	0			dcDNA	PC_12_12h	WO	cluster_10
UL20	L	12h	12	PK_15	PK_15_12h	LT934125.1	+	1	PK_15_12h	0	0			dcDNA	PK_15_12h	WO	cluster_10
UL20	L	1h	1	C6	C6_1h	LT934125.1	+	1	C6_1h	0	0			dcDNA	C6_1h	WO	cluster_10
UL20	L	1h	1	NRK	NRK_1h	LT934125.1	+	1	NRK_1h	0	0			dcDNA	NRK_1h	WO	cluster_10
UL20	L	1h	1	PC_12	PC_12_1h	LT934125.1	+	1	PC_12_1h	0	0			dcDNA	PC_12_1h	WO	cluster_10
UL20	L	1h	1	PK_15	PK_15_1h	LT934125.1	+	1	PK_15_1h	0	0			dcDNA	PK_15_1h	WO	cluster_10
UL20	L	2.5h	2.5	PC_12	PC_12_2.5h	LT934125.1	+	1	PC_12_2.5h	0	0			dcDNA	PC_12_2.5h	WO	cluster_10
UL20	L	2h	2	C6	C6_2h	LT934125.1	+	1	C6_2h	0	0			dcDNA	C6_2h	WO	cluster_10
UL20	L	2h	2	NRK	NRK_2h	LT934125.1	+	1	NRK_2h	0	0			dcDNA	NRK_2h	WO	cluster_10
UL20	L	2h	2	PC_12	PC_12_2h	LT934125.1	+	1	PC_12_2h	0	0			dcDNA	PC_12_2h	WO	cluster_10
UL20	L	2h	2	PK_15	PK_15_2h	LT934125.1	+	1	PK_15_2h	84.338366	84.338366			dcDNA	PK_15_2h	WO	cluster_10
UL20	L	4h	4	C6	C6_4h	LT934125.1	+	1	C6_4h	0	0			dcDNA	C6_4h	WO	cluster_10
UL20	L	4h	4	NRK	NRK_4h	LT934125.1	+	1	NRK_4h	0	0			dcDNA	NRK_4h	WO	cluster_10
UL20	L	4h	4	PC_12	PC_12_4h	LT934125.1	+	1	PC_12_4h	0	0			dcDNA	PC_12_4h	WO	cluster_10
UL20	L	4h	4	PK_15	PK_15_4h	LT934125.1	+	1	PK_15_4h	0	0			dcDNA	PK_15_4h	WO	cluster_10
UL20	L	6h	6	C6	C6_6h	LT934125.1	+	1	C6_6h	0	0			dcDNA	C6_6h	WO	cluster_10
UL20	L	6h	6	NRK	NRK_6h	LT934125.1	+	1	NRK_6h	0	0			dcDNA	NRK_6h	WO	cluster_10
UL20	L	6h	6	PC_12	PC_12_6h	LT934125.1	+	1	PC_12_6h	0	0			dcDNA	PC_12_6h	WO	cluster_10
UL20	L	6h	6	PK_15	PK_15_6h	LT934125.1	+	1	PK_15_6h	0	0			dcDNA	PK_15_6h	WO	cluster_10
UL20	L	8h	8	C6	C6_8h	LT934125.1	+	1	C6_8h	0	0			dcDNA	C6_8h	WO	cluster_10
UL20	L	8h	8	NRK	NRK_8h	LT934125.1	+	1	NRK_8h	0	0			dcDNA	NRK_8h	WO	cluster_10
UL20	L	8h	8	PC_12	PC_12_8h	LT934125.1	+	1	PC_12_8h	0	0			dcDNA	PC_12_8h	WO	cluster_10
UL20	L	8h	8	PK_15	PK_15_8h	LT934125.1	+	1	PK_15_8h	0	0			dcDNA	PK_15_8h	WO	cluster_10
UL19	L	0.5h	0.5	PC_12	PC_12_0.5h	LT934125.1	+	1	PC_12_0.5h	0	0			dcDNA	PC_12_0.5h	WO	cluster_5
UL19	L	1.5h	1.5	PC_12	PC_12_1.5h	LT934125.1	+	1	PC_12_1.5h	5134.788189	5134.788189			dcDNA	PC_12_1.5h	WO	cluster_5
UL19	L	12h	12	C6	C6_12h	LT934125.1	+	1	C6_12h	11458.625013	11458.625013			dcDNA	C6_12h	WO	cluster_5
UL19	L	12h	12	NRK	NRK_12h	LT934125.1	+	1	NRK_12h	15689.421164	15689.421164			dcDNA	NRK_12h	WO	cluster_5
UL19	L	12h	12	PC_12	PC_12_12h	LT934125.1	+	1	PC_12_12h	13840.83045	13840.83045			dcDNA	PC_12_12h	WO	cluster_5
UL19	L	12h	12	PK_15	PK_15_12h	LT934125.1	+	1	PK_15_12h	26499.912002	26499.912002			dcDNA	PK_15_12h	WO	cluster_5
UL19	L	1h	1	C6	C6_1h	LT934125.1	+	1	C6_1h	6523.157209	6523.157209			dcDNA	C6_1h	WO	cluster_5
UL19	L	1h	1	NRK	NRK_1h	LT934125.1	+	1	NRK_1h	5263.157894	5263.157894			dcDNA	NRK_1h	WO	cluster_5
UL19	L	1h	1	PC_12	PC_12_1h	LT934125.1	+	1	PC_12_1h	6097.560976	6097.560976			dcDNA	PC_12_1h	WO	cluster_5
UL19	L	1h	1	PK_15	PK_15_1h	LT934125.1	+	1	PK_15_1h	748.502994	748.502994			dcDNA	PK_15_1h	WO	cluster_5
UL19	L	2.5h	2.5	PC_12	PC_12_2.5h	LT934125.1	+	1	PC_12_2.5h	4737.295435	4737.295435			dcDNA	PC_12_2.5h	WO	cluster_5
UL19	L	2h	2	C6	C6_2h	LT934125.1	+	1	C6_2h	6609.049314	6609.049314			dcDNA	C6_2h	WO	cluster_5
UL19	L	2h	2	NRK	NRK_2h	LT934125.1	+	1	NRK_2h	6535.947712	6535.947712			dcDNA	NRK_2h	WO	cluster_5
UL19	L	2h	2	PC_12	PC_12_2h	LT934125.1	+	1	PC_12_2h	8627.45098	8627.45098			dcDNA	PC_12_2h	WO	cluster_5
UL19	L	2h	2	PK_15	PK_15_2h	LT934125.1	+	1	PK_15_2h	12060.38627	12060.38627			dcDNA	PK_15_2h	WO	cluster_5
UL19	L	4h	4	C6	C6_4h	LT934125.1	+	1	C6_4h	5388.542257	5388.542257			dcDNA	C6_4h	WO	cluster_5
UL19	L	4h	4	NRK	NRK_4h	LT934125.1	+	1	NRK_4h	6970.753145	6970.753145			dcDNA	NRK_4h	WO	cluster_5
UL19	L	4h	4	PC_12	PC_12_4h	LT934125.1	+	1	PC_12_4h	8647.758275	8647.758275			dcDNA	PC_12_4h	WO	cluster_5
UL19	L	4h	4	PK_15	PK_15_4h	LT934125.1	+	1	PK_15_4h	12391.882903	12391.882903			dcDNA	PK_15_4h	WO	cluster_5
UL19	L	6h	6	C6	C6_6h	LT934125.1	+	1	C6_6h	5781.292609	5781.292609			dcDNA	C6_6h	WO	cluster_5
UL19	L	6h	6	NRK	NRK_6h	LT934125.1	+	1	NRK_6h	5912.814964	5912.814964			dcDNA	NRK_6h	WO	cluster_5
UL19	L	6h	6	PC_12	PC_12_6h	LT934125.1	+	1	PC_12_6h	10480.058421	10480.058421			dcDNA	PC_12_6h	WO	cluster_5
UL19	L	6h	6	PK_15	PK_15_6h	LT934125.1	+	1	PK_15_6h	14509.304772	14509.304772			dcDNA	PK_15_6h	WO	cluster_5
UL19	L	8h	8	C6	C6_8h	LT934125.1	+	1	C6_8h	6759.642252	6759.642252			dcDNA	C6_8h	WO	cluster_5
UL19	L	8h	8	NRK	NRK_8h	LT934125.1	+	1	NRK_8h	12769.394697	12769.394697			dcDNA	NRK_8h	WO	cluster_5
UL19	L	8h	8	PC_12	PC_12_8h	LT934125.1	+	1	PC_12_8h	13234.890737	13234.890737			dcDNA	PC_12_8h	WO	cluster_5
UL19	L	8h	8	PK_15	PK_15_8h	LT934125.1	+	1	PK_15_8h	20334.704445	20334.704445			dcDNA	PK_15_8h	WO	cluster_5
UL18	L	0.5h	0.5	PC_12	PC_12_0.5h	LT934125.1	+	1	PC_12_0.5h	0	0			dcDNA	PC_12_0.5h	WO	cluster_5
UL18	L	1.5h	1.5	PC_12	PC_12_1.5h	LT934125.1	+	1	PC_12_1.5h	10269.576379	10269.576379			dcDNA	PC_12_1.5h	WO	cluster_5
UL18	L	12h	12	C6	C6_12h	LT934125.1	+	1	C6_12h	27139.361328	27139.361328			dcDNA	C6_12h	WO	cluster_5
UL18	L	12h	12	NRK	NRK_12h	LT934125.1	+	1	NRK_12h	24537.127931	24537.127931			dcDNA	NRK_12h	WO	cluster_5
UL18	L	12h	12	PC_12	PC_12_12h	LT934125.1	+	1	PC_12_12h	22803.823271	22803.823271			dcDNA	PC_12_12h	WO	cluster_5
UL18	L	12h	12	PK_15	PK_15_12h	LT934125.1	+	1	PK_15_12h	21510.240253	21510.240253			dcDNA	PK_15_12h	WO	cluster_5
UL18	L	1h	1	C6	C6_1h	LT934125.1	+	1	C6_1h	13046.314417	13046.314417			dcDNA	C6_1h	WO	cluster_5
UL18	L	1h	1	NRK	NRK_1h	LT934125.1	+	1	NRK_1h	10526.315789	10526.315789			dcDNA	NRK_1h	WO	cluster_5
UL18	L	1h	1	PC_12	PC_12_1h	LT934125.1	+	1	PC_12_1h	9146.341464	9146.341464			dcDNA	PC_12_1h	WO	cluster_5
UL18	L	1h	1	PK_15	PK_15_1h	LT934125.1	+	1	PK_15_1h	748.502994	748.502994			dcDNA	PK_15_1h	WO	cluster_5
UL18	L	2.5h	2.5	PC_12	PC_12_2.5h	LT934125.1	+	1	PC_12_2.5h	18087.855296	18087.855296			dcDNA	PC_12_2.5h	WO	cluster_5
UL18	L	2h	2	C6	C6_2h	LT934125.1	+	1	C6_2h	25927.808846	25927.808846			dcDNA	C6_2h	WO	cluster_5
UL18	L	2h	2	NRK	NRK_2h	LT934125.1	+	1	NRK_2h	6535.947712	6535.947712			dcDNA	NRK_2h	WO	cluster_5
UL18	L	2h	2	PC_12	PC_12_2h	LT934125.1	+	1	PC_12_2h	10196.07843	10196.07843			dcDNA	PC_12_2h	WO	cluster_5
UL18	L	2h	2	PK_15	PK_15_2h	LT934125.1	+	1	PK_15_2h	7421.776169	7421.776169			dcDNA	PK_15_2h	WO	cluster_5
UL18	L	4h	4	C6	C6_4h	LT934125.1	+	1	C6_4h	20136.131593	20136.131593			dcDNA	C6_4h	WO	cluster_5
UL18	L	4h	4	NRK	NRK_4h	LT934125.1	+	1	NRK_4h	15002.273075	15002.273075			dcDNA	NRK_4h	WO	cluster_5
UL18	L	4h	4	PC_12	PC_12_4h	LT934125.1	+	1	PC_12_4h	20075.153139	20075.153139			dcDNA	PC_12_4h	WO	cluster_5
UL18	L	4h	4	PK_15	PK_15_4h	LT934125.1	+	1	PK_15_4h	11851.297407	11851.297407			dcDNA	PK_15_4h	WO	cluster_5
UL18	L	6h	6	C6	C6_6h	LT934125.1	+	1	C6_6h	21434.415053	21434.415053			dcDNA	C6_6h	WO	cluster_5
UL18	L	6h	6	NRK	NRK_6h	LT934125.1	+	1	NRK_6h	13680.630698	13680.630698			dcDNA	NRK_6h	WO	cluster_5
UL18	L	6h	6	PC_12	PC_12_6h	LT934125.1	+	1	PC_12_6h	21216.35299	21216.35299			dcDNA	PC_12_6h	WO	cluster_5
UL18	L	6h	6	PK_15	PK_15_6h	LT934125.1	+	1	PK_15_6h	14886.62719	14886.62719			dcDNA	PK_15_6h	WO	cluster_5
UL18	L	8h	8	C6	C6_8h	LT934125.1	+	1	C6_8h	18680.527594	18680.527594			dcDNA	C6_8h	WO	cluster_5
UL18	L	8h	8	NRK	NRK_8h	LT934125.1	+	1	NRK_8h	14522.393701	14522.393701			dcDNA	NRK_8h	WO	cluster_5
UL18	L	8h	8	PC_12	PC_12_8h	LT934125.1	+	1	PC_12_8h	16252.171528	16252.171528			dcDNA	PC_12_8h	WO	cluster_5
UL18	L	8h	8	PK_15	PK_15_8h	LT934125.1	+	1	PK_15_8h	13634.628864	13634.628864			dcDNA	PK_15_8h	WO	cluster_5
UL15	L	0.5h	0.5	PC_12	PC_12_0.5h	LT934125.1	-	1	PC_12_0.5h	0	0			dcDNA	PC_12_0.5h	WO	cluster_8
UL15	L	1.5h	1.5	PC_12	PC_12_1.5h	LT934125.1	-	1	PC_12_1.5h	3851.091142	3851.091142			dcDNA	PC_12_1.5h	WO	cluster_8
UL15	L	12h	12	C6	C6_12h	LT934125.1	-	1	C6_12h	2951.095097	2951.095097			dcDNA	C6_12h	WO	cluster_8
UL15	L	12h	12	NRK	NRK_12h	LT934125.1	-	1	NRK_12h	3482.744197	3482.744197			dcDNA	NRK_12h	WO	cluster_8
UL15	L	12h	12	PC_12	PC_12_12h	LT934125.1	-	1	PC_12_12h	3002.994879	3002.994879			dcDNA	PC_12_12h	WO	cluster_8
UL15	L	12h	12	PK_15	PK_15_12h	LT934125.1	-	1	PK_15_12h	1494.43139	1494.43139			dcDNA	PK_15_12h	WO	cluster_8
UL15	L	1h	1	C6	C6_1h	LT934125.1	-	1	C6_1h	0	0			dcDNA	C6_1h	WO	cluster_8
UL15	L	1h	1	NRK	NRK_1h	LT934125.1	-	1	NRK_1h	2631.578947	2631.578947			dcDNA	NRK_1h	WO	cluster_8
UL15	L	1h	1	PC_12	PC_12_1h	LT934125.1	-	1	PC_12_1h	762.195122	762.195122			dcDNA	PC_12_1h	WO	cluster_8
UL15	L	1h	1	PK_15	PK_15_1h	LT934125.1	-	1	PK_15_1h	0	0			dcDNA	PK_15_1h	WO	cluster_8
UL15	L	2.5h	2.5	PC_12	PC_12_2.5h	LT934125.1	-	1	PC_12_2.5h	2583.979328	2583.979328			dcDNA	PC_12_2.5h	WO	cluster_8
UL15	L	2h	2	C6	C6_2h	LT934125.1	-	1	C6_2h	2541.942043	2541.942043			dcDNA	C6_2h	WO	cluster_8
UL15	L	2h	2	NRK	NRK_2h	LT934125.1	-	1	NRK_2h	816.993464	816.993464			dcDNA	NRK_2h	WO	cluster_8
UL15	L	2h	2	PC_12	PC_12_2h	LT934125.1	-	1	PC_12_2h	1568.627451	1568.627451			dcDNA	PC_12_2h	WO	cluster_8
UL15	L	2h	2	PK_15	PK_15_2h	LT934125.1	-	1	PK_15_2h	0	0			dcDNA	PK_15_2h	WO	cluster_8
UL15	L	4h	4	C6	C6_4h	LT934125.1	-	1	C6_4h	3403.289846	3403.289846			dcDNA	C6_4h	WO	cluster_8
UL15	L	4h	4	NRK	NRK_4h	LT934125.1	-	1	NRK_4h	1666.919232	1666.919232			dcDNA	NRK_4h	WO	cluster_8
UL15	L	4h	4	PC_12	PC_12_4h	LT934125.1	-	1	PC_12_4h	2110.464817	2110.464817			dcDNA	PC_12_4h	WO	cluster_8
UL15	L	4h	4	PK_15	PK_15_4h	LT934125.1	-	1	PK_15_4h	2162.341985	2162.341985			dcDNA	PK_15_4h	WO	cluster_8
UL15	L	6h	6	C6	C6_6h	LT934125.1	-	1	C6_6h	0	0			dcDNA	C6_6h	WO	cluster_8
UL15	L	6h	6	NRK	NRK_6h	LT934125.1	-	1	NRK_6h	2009.58417	2009.58417			dcDNA	NRK_6h	WO	cluster_8
UL15	L	6h	6	PC_12	PC_12_6h	LT934125.1	-	1	PC_12_6h	3446.37618	3446.37618			dcDNA	PC_12_6h	WO	cluster_8
UL15	L	6h	6	PK_15	PK_15_6h	LT934125.1	-	1	PK_15_6h	2203.56293	2203.56293			dcDNA	PK_15_6h	WO	cluster_8
UL15	L	8h	8	C6	C6_8h	LT934125.1	-	1	C6_8h	3294.410483	3294.410483			dcDNA	C6_8h	WO	cluster_8
UL15	L	8h	8	NRK	NRK_8h	LT934125.1	-	1	NRK_8h	3368.507888	3368.507888			dcDNA	NRK_8h	WO	cluster_8
UL15	L	8h	8	PC_12	PC_12_8h	LT934125.1	-	1	PC_12_8h	3588.735486	3588.735486			dcDNA	PC_12_8h	WO	cluster_8
UL15	L	8h	8	PK_15	PK_15_8h	LT934125.1	-	1	PK_15_8h	2516.89362	2516.89362			dcDNA	PK_15_8h	WO	cluster_8
UL16	L	0.5h	0.5	PC_12	PC_12_0.5h	LT934125.1	+	1	PC_12_0.5h	0	0			dcDNA	PC_12_0.5h	WO	cluster_8
UL16	L	1.5h	1.5	PC_12	PC_12_1.5h	LT934125.1	+	1	PC_12_1.5h	1283.697047	1283.697047			dcDNA	PC_12_1.5h	WO	cluster_8
UL16	L	12h	12	C6	C6_12h	LT934125.1	+	1	C6_12h	182.617271	182.617271			dcDNA	C6_12h	WO	cluster_8
UL16	L	12h	12	NRK	NRK_12h	LT934125.1	+	1	NRK_12h	268.88834	268.88834			dcDNA	NRK_12h	WO	cluster_8
UL16	L	12h	12	PC_12	PC_12_12h	LT934125.1	+	1	PC_12_12h	270.540079	270.540079			dcDNA	PC_12_12h	WO	cluster_8
UL16	L	12h	12	PK_15	PK_15_12h	LT934125.1	+	1	PK_15_12h	356.625672	356.625672			dcDNA	PK_15_12h	WO	cluster_8
UL16	L	1h	1	C6	C6_1h	LT934125.1	+	1	C6_1h	0	0			dcDNA	C6_1h	WO	cluster_8
UL16	L	1h	1	NRK	NRK_1h	LT934125.1	+	1	NRK_1h	0	0			dcDNA	NRK_1h	WO	cluster_8
UL16	L	1h	1	PC_12	PC_12_1h	LT934125.1	+	1	PC_12_1h	0	0			dcDNA	PC_12_1h	WO	cluster_8
UL16	L	1h	1	PK_15	PK_15_1h	LT934125.1	+	1	PK_15_1h	0	0			dcDNA	PK_15_1h	WO	cluster_8
UL16	L	2.5h	2.5	PC_12	PC_12_2.5h	LT934125.1	+	1	PC_12_2.5h	0	0			dcDNA	PC_12_2.5h	WO	cluster_8
UL16	L	2h	2	C6	C6_2h	LT934125.1	+	1	C6_2h	0	0			dcDNA	C6_2h	WO	cluster_8
UL16	L	2h	2	NRK	NRK_2h	LT934125.1	+	1	NRK_2h	816.993464	816.993464			dcDNA	NRK_2h	WO	cluster_8
UL16	L	2h	2	PC_12	PC_12_2h	LT934125.1	+	1	PC_12_2h	0	0			dcDNA	PC_12_2h	WO	cluster_8
UL16	L	2h	2	PK_15	PK_15_2h	LT934125.1	+	1	PK_15_2h	84.338366	84.338366			dcDNA	PK_15_2h	WO	cluster_8
UL16	L	4h	4	C6	C6_4h	LT934125.1	+	1	C6_4h	283.607487	283.607487			dcDNA	C6_4h	WO	cluster_8
UL16	L	4h	4	NRK	NRK_4h	LT934125.1	+	1	NRK_4h	0	0			dcDNA	NRK_4h	WO	cluster_8
UL16	L	4h	4	PC_12	PC_12_4h	LT934125.1	+	1	PC_12_4h	617.697021	617.697021			dcDNA	PC_12_4h	WO	cluster_8
UL16	L	4h	4	PK_15	PK_15_4h	LT934125.1	+	1	PK_15_4h	291.084497	291.084497			dcDNA	PK_15_4h	WO	cluster_8
UL16	L	6h	6	C6	C6_6h	LT934125.1	+	1	C6_6h	163.621489	163.621489			dcDNA	C6_6h	WO	cluster_8
UL16	L	6h	6	NRK	NRK_6h	LT934125.1	+	1	NRK_6h	425.104342	425.104342			dcDNA	NRK_6h	WO	cluster_8
UL16	L	6h	6	PC_12	PC_12_6h	LT934125.1	+	1	PC_12_6h	217.800725	217.800725			dcDNA	PC_12_6h	WO	cluster_8
UL16	L	6h	6	PK_15	PK_15_6h	LT934125.1	+	1	PK_15_6h	296.82697	296.82697			dcDNA	PK_15_6h	WO	cluster_8
UL16	L	8h	8	C6	C6_8h	LT934125.1	+	1	C6_8h	256.231926	256.231926			dcDNA	C6_8h	WO	cluster_8
UL16	L	8h	8	NRK	NRK_8h	LT934125.1	+	1	NRK_8h	189.048911	189.048911			dcDNA	NRK_8h	WO	cluster_8
UL16	L	8h	8	PC_12	PC_12_8h	LT934125.1	+	1	PC_12_8h	274.298254	274.298254			dcDNA	PC_12_8h	WO	cluster_8
UL16	L	8h	8	PK_15	PK_15_8h	LT934125.1	+	1	PK_15_8h	236.972144	236.972144			dcDNA	PK_15_8h	WO	cluster_8
UL12	L	0.5h	0.5	PC_12	PC_12_0.5h	LT934125.1	+	1	PC_12_0.5h	66666.666667	66666.666667			dcDNA	PC_12_0.5h	WO	cluster_8
UL12	L	1.5h	1.5	PC_12	PC_12_1.5h	LT934125.1	+	1	PC_12_1.5h	42362.002565	42362.002565			dcDNA	PC_12_1.5h	WO	cluster_8
UL12	L	12h	12	C6	C6_12h	LT934125.1	+	1	C6_12h	36786.423012	36786.423012			dcDNA	C6_12h	WO	cluster_8
UL12	L	12h	12	NRK	NRK_12h	LT934125.1	+	1	NRK_12h	42339.243185	42339.243185			dcDNA	NRK_12h	WO	cluster_8
UL12	L	12h	12	PC_12	PC_12_12h	LT934125.1	+	1	PC_12_12h	34323.419844	34323.419844			dcDNA	PC_12_12h	WO	cluster_8
UL12	L	12h	12	PK_15	PK_15_12h	LT934125.1	+	1	PK_15_12h	30439.776577	30439.776577			dcDNA	PK_15_12h	WO	cluster_8
UL12	L	1h	1	C6	C6_1h	LT934125.1	+	1	C6_1h	40443.574691	40443.574691			dcDNA	C6_1h	WO	cluster_8
UL12	L	1h	1	NRK	NRK_1h	LT934125.1	+	1	NRK_1h	55263.157893	55263.157893			dcDNA	NRK_1h	WO	cluster_8
UL12	L	1h	1	PC_12	PC_12_1h	LT934125.1	+	1	PC_12_1h	45731.707318	45731.707318			dcDNA	PC_12_1h	WO	cluster_8
UL12	L	1h	1	PK_15	PK_15_1h	LT934125.1	+	1	PK_15_1h	17215.568862	17215.568862			dcDNA	PK_15_1h	WO	cluster_8
UL12	L	2.5h	2.5	PC_12	PC_12_2.5h	LT934125.1	+	1	PC_12_2.5h	43927.648579	43927.648579			dcDNA	PC_12_2.5h	WO	cluster_8
UL12	L	2h	2	C6	C6_2h	LT934125.1	+	1	C6_2h	56939.50178	56939.50178			dcDNA	C6_2h	WO	cluster_8
UL12	L	2h	2	NRK	NRK_2h	LT934125.1	+	1	NRK_2h	51470.588234	51470.588234			dcDNA	NRK_2h	WO	cluster_8
UL12	L	2h	2	PC_12	PC_12_2h	LT934125.1	+	1	PC_12_2h	44967.320262	44967.320262			dcDNA	PC_12_2h	WO	cluster_8
UL12	L	2h	2	PK_15	PK_15_2h	LT934125.1	+	1	PK_15_2h	23614.742347	23614.742347			dcDNA	PK_15_2h	WO	cluster_8
UL12	L	4h	4	C6	C6_4h	LT934125.1	+	1	C6_4h	36301.758365	36301.758365			dcDNA	C6_4h	WO	cluster_8
UL12	L	4h	4	NRK	NRK_4h	LT934125.1	+	1	NRK_4h	41824.518869	41824.518869			dcDNA	NRK_4h	WO	cluster_8
UL12	L	4h	4	PC_12	PC_12_4h	LT934125.1	+	1	PC_12_4h	36289.699902	36289.699902			dcDNA	PC_12_4h	WO	cluster_8
UL12	L	4h	4	PK_15	PK_15_4h	LT934125.1	+	1	PK_15_4h	43309.214903	43309.214903			dcDNA	PK_15_4h	WO	cluster_8
UL12	L	6h	6	C6	C6_6h	LT934125.1	+	1	C6_6h	50449.959094	50449.959094			dcDNA	C6_6h	WO	cluster_8
UL12	L	6h	6	NRK	NRK_6h	LT934125.1	+	1	NRK_6h	39380.120575	39380.120575			dcDNA	NRK_6h	WO	cluster_8
UL12	L	6h	6	PC_12	PC_12_6h	LT934125.1	+	1	PC_12_6h	36423.968329	36423.968329			dcDNA	PC_12_6h	WO	cluster_8
UL12	L	6h	6	PK_15	PK_15_6h	LT934125.1	+	1	PK_15_6h	35664.515091	35664.515091			dcDNA	PK_15_6h	WO	cluster_8
UL12	L	8h	8	C6	C6_8h	LT934125.1	+	1	C6_8h	51551.423308	51551.423308			dcDNA	C6_8h	WO	cluster_8
UL12	L	8h	8	NRK	NRK_8h	LT934125.1	+	1	NRK_8h	38720.654453	38720.654453			dcDNA	NRK_8h	WO	cluster_8
UL12	L	8h	8	PC_12	PC_12_8h	LT934125.1	+	1	PC_12_8h	39476.090336	39476.090336			dcDNA	PC_12_8h	WO	cluster_8
UL12	L	8h	8	PK_15	PK_15_8h	LT934125.1	+	1	PK_15_8h	35341.277305	35341.277305			dcDNA	PK_15_8h	WO	cluster_8
UL11	L	0.5h	0.5	PC_12	PC_12_0.5h	LT934125.1	+	1	PC_12_0.5h	66666.666667	66666.666667			dcDNA	PC_12_0.5h	WO	cluster_8
UL11	L	1.5h	1.5	PC_12	PC_12_1.5h	LT934125.1	+	1	PC_12_1.5h	42362.002565	42362.002565			dcDNA	PC_12_1.5h	WO	cluster_8
UL11	L	12h	12	C6	C6_12h	LT934125.1	+	1	C6_12h	36786.423012	36786.423012			dcDNA	C6_12h	WO	cluster_8
UL11	L	12h	12	NRK	NRK_12h	LT934125.1	+	1	NRK_12h	42339.243185	42339.243185			dcDNA	NRK_12h	WO	cluster_8
UL11	L	12h	12	PC_12	PC_12_12h	LT934125.1	+	1	PC_12_12h	34323.419844	34323.419844			dcDNA	PC_12_12h	WO	cluster_8
UL11	L	12h	12	PK_15	PK_15_12h	LT934125.1	+	1	PK_15_12h	30439.776577	30439.776577			dcDNA	PK_15_12h	WO	cluster_8
UL11	L	1h	1	C6	C6_1h	LT934125.1	+	1	C6_1h	40443.574691	40443.574691			dcDNA	C6_1h	WO	cluster_8
UL11	L	1h	1	NRK	NRK_1h	LT934125.1	+	1	NRK_1h	55263.157893	55263.157893			dcDNA	NRK_1h	WO	cluster_8
UL11	L	1h	1	PC_12	PC_12_1h	LT934125.1	+	1	PC_12_1h	45731.707318	45731.707318			dcDNA	PC_12_1h	WO	cluster_8
UL11	L	1h	1	PK_15	PK_15_1h	LT934125.1	+	1	PK_15_1h	17215.568862	17215.568862			dcDNA	PK_15_1h	WO	cluster_8
UL11	L	2.5h	2.5	PC_12	PC_12_2.5h	LT934125.1	+	1	PC_12_2.5h	43927.648579	43927.648579			dcDNA	PC_12_2.5h	WO	cluster_8
UL11	L	2h	2	C6	C6_2h	LT934125.1	+	1	C6_2h	56939.50178	56939.50178			dcDNA	C6_2h	WO	cluster_8
UL11	L	2h	2	NRK	NRK_2h	LT934125.1	+	1	NRK_2h	51470.588234	51470.588234			dcDNA	NRK_2h	WO	cluster_8
UL11	L	2h	2	PC_12	PC_12_2h	LT934125.1	+	1	PC_12_2h	44967.320262	44967.320262			dcDNA	PC_12_2h	WO	cluster_8
UL11	L	2h	2	PK_15	PK_15_2h	LT934125.1	+	1	PK_15_2h	23614.742347	23614.742347			dcDNA	PK_15_2h	WO	cluster_8
UL11	L	4h	4	C6	C6_4h	LT934125.1	+	1	C6_4h	36301.758365	36301.758365			dcDNA	C6_4h	WO	cluster_8
UL11	L	4h	4	NRK	NRK_4h	LT934125.1	+	1	NRK_4h	41824.518869	41824.518869			dcDNA	NRK_4h	WO	cluster_8
UL11	L	4h	4	PC_12	PC_12_4h	LT934125.1	+	1	PC_12_4h	36289.699902	36289.699902			dcDNA	PC_12_4h	WO	cluster_8
UL11	L	4h	4	PK_15	PK_15_4h	LT934125.1	+	1	PK_15_4h	43309.214903	43309.214903			dcDNA	PK_15_4h	WO	cluster_8
UL11	L	6h	6	C6	C6_6h	LT934125.1	+	1	C6_6h	50449.959094	50449.959094			dcDNA	C6_6h	WO	cluster_8
UL11	L	6h	6	NRK	NRK_6h	LT934125.1	+	1	NRK_6h	39380.120575	39380.120575			dcDNA	NRK_6h	WO	cluster_8
UL11	L	6h	6	PC_12	PC_12_6h	LT934125.1	+	1	PC_12_6h	36423.968329	36423.968329			dcDNA	PC_12_6h	WO	cluster_8
UL11	L	6h	6	PK_15	PK_15_6h	LT934125.1	+	1	PK_15_6h	35664.515091	35664.515091			dcDNA	PK_15_6h	WO	cluster_8
UL11	L	8h	8	C6	C6_8h	LT934125.1	+	1	C6_8h	51551.423308	51551.423308			dcDNA	C6_8h	WO	cluster_8
UL11	L	8h	8	NRK	NRK_8h	LT934125.1	+	1	NRK_8h	38720.654453	38720.654453			dcDNA	NRK_8h	WO	cluster_8
UL11	L	8h	8	PC_12	PC_12_8h	LT934125.1	+	1	PC_12_8h	39476.090336	39476.090336			dcDNA	PC_12_8h	WO	cluster_8
UL11	L	8h	8	PK_15	PK_15_8h	LT934125.1	+	1	PK_15_8h	35341.277305	35341.277305			dcDNA	PK_15_8h	WO	cluster_8
UL10	L	0.5h	0.5	PC_12	PC_12_0.5h	LT934125.1	-	1	PC_12_0.5h	16666.666667	16666.666667			dcDNA	PC_12_0.5h	WO	cluster_5
UL10	L	1.5h	1.5	PC_12	PC_12_1.5h	LT934125.1	-	1	PC_12_1.5h	10269.576379	10269.576379			dcDNA	PC_12_1.5h	WO	cluster_5
UL10	L	12h	12	C6	C6_12h	LT934125.1	-	1	C6_12h	40419.289253	40419.289253			dcDNA	C6_12h	WO	cluster_5
UL10	L	12h	12	NRK	NRK_12h	LT934125.1	-	1	NRK_12h	31541.028945	31541.028945			dcDNA	NRK_12h	WO	cluster_5
UL10	L	12h	12	PC_12	PC_12_12h	LT934125.1	-	1	PC_12_12h	39287.830296	39287.830296			dcDNA	PC_12_12h	WO	cluster_5
UL10	L	12h	12	PK_15	PK_15_12h	LT934125.1	-	1	PK_15_12h	68495.286676	68495.286676			dcDNA	PK_15_12h	WO	cluster_5
UL10	L	1h	1	C6	C6_1h	LT934125.1	-	1	C6_1h	9784.735813	9784.735813			dcDNA	C6_1h	WO	cluster_5
UL10	L	1h	1	NRK	NRK_1h	LT934125.1	-	1	NRK_1h	0	0			dcDNA	NRK_1h	WO	cluster_5
UL10	L	1h	1	PC_12	PC_12_1h	LT934125.1	-	1	PC_12_1h	3048.780488	3048.780488			dcDNA	PC_12_1h	WO	cluster_5
UL10	L	1h	1	PK_15	PK_15_1h	LT934125.1	-	1	PK_15_1h	2994.011976	2994.011976			dcDNA	PK_15_1h	WO	cluster_5
UL10	L	2.5h	2.5	PC_12	PC_12_2.5h	LT934125.1	-	1	PC_12_2.5h	8182.601205	8182.601205			dcDNA	PC_12_2.5h	WO	cluster_5
UL10	L	2h	2	C6	C6_2h	LT934125.1	-	1	C6_2h	16776.817489	16776.817489			dcDNA	C6_2h	WO	cluster_5
UL10	L	2h	2	NRK	NRK_2h	LT934125.1	-	1	NRK_2h	4901.960784	4901.960784			dcDNA	NRK_2h	WO	cluster_5
UL10	L	2h	2	PC_12	PC_12_2h	LT934125.1	-	1	PC_12_2h	10457.516339	10457.516339			dcDNA	PC_12_2h	WO	cluster_5
UL10	L	2h	2	PK_15	PK_15_2h	LT934125.1	-	1	PK_15_2h	19313.485705	19313.485705			dcDNA	PK_15_2h	WO	cluster_5
UL10	L	4h	4	C6	C6_4h	LT934125.1	-	1	C6_4h	22972.206466	22972.206466			dcDNA	C6_4h	WO	cluster_5
UL10	L	4h	4	NRK	NRK_4h	LT934125.1	-	1	NRK_4h	12880.739506	12880.739506			dcDNA	NRK_4h	WO	cluster_5
UL10	L	4h	4	PC_12	PC_12_4h	LT934125.1	-	1	PC_12_4h	14515.879961	14515.879961			dcDNA	PC_12_4h	WO	cluster_5
UL10	L	4h	4	PK_15	PK_15_4h	LT934125.1	-	1	PK_15_4h	18317.531604	18317.531604			dcDNA	PK_15_4h	WO	cluster_5
UL10	L	6h	6	C6	C6_6h	LT934125.1	-	1	C6_6h	33760.56722	33760.56722			dcDNA	C6_6h	WO	cluster_5
UL10	L	6h	6	NRK	NRK_6h	LT934125.1	-	1	NRK_6h	15612.923172	15612.923172			dcDNA	NRK_6h	WO	cluster_5
UL10	L	6h	6	PC_12	PC_12_6h	LT934125.1	-	1	PC_12_6h	22843.452526	22843.452526			dcDNA	PC_12_6h	WO	cluster_5
UL10	L	6h	6	PK_15	PK_15_6h	LT934125.1	-	1	PK_15_6h	26432.693227	26432.693227			dcDNA	PK_15_6h	WO	cluster_5
UL10	L	8h	8	C6	C6_8h	LT934125.1	-	1	C6_8h	32517.051626	32517.051626			dcDNA	C6_8h	WO	cluster_5
UL10	L	8h	8	NRK	NRK_8h	LT934125.1	-	1	NRK_8h	18853.332416	18853.332416			dcDNA	NRK_8h	WO	cluster_5
UL10	L	8h	8	PC_12	PC_12_8h	LT934125.1	-	1	PC_12_8h	29624.211394	29624.211394			dcDNA	PC_12_8h	WO	cluster_5
UL10	L	8h	8	PK_15	PK_15_8h	LT934125.1	-	1	PK_15_8h	36753.132396	36753.132396			dcDNA	PK_15_8h	WO	cluster_5
UL8	E	0.5h	0.5	PC_12	PC_12_0.5h	LT934125.1	+	1	PC_12_0.5h	0	0			dcDNA	PC_12_0.5h	WO	cluster_1
UL8	E	1.5h	1.5	PC_12	PC_12_1.5h	LT934125.1	+	1	PC_12_1.5h	5134.78819	5134.78819			dcDNA	PC_12_1.5h	WO	cluster_1
UL8	E	12h	12	C6	C6_12h	LT934125.1	+	1	C6_12h	4614.129706	4614.129706			dcDNA	C6_12h	WO	cluster_1
UL8	E	12h	12	NRK	NRK_12h	LT934125.1	+	1	NRK_12h	4140.026803	4140.026803			dcDNA	NRK_12h	WO	cluster_1
UL8	E	12h	12	PC_12	PC_12_12h	LT934125.1	+	1	PC_12_12h	4225.836036	4225.836036			dcDNA	PC_12_12h	WO	cluster_1
UL8	E	12h	12	PK_15	PK_15_12h	LT934125.1	+	1	PK_15_12h	1039.000336	1039.000336			dcDNA	PK_15_12h	WO	cluster_1
UL8	E	1h	1	C6	C6_1h	LT934125.1	+	1	C6_1h	10437.051534	10437.051534			dcDNA	C6_1h	WO	cluster_1
UL8	E	1h	1	NRK	NRK_1h	LT934125.1	+	1	NRK_1h	7894.736842	7894.736842			dcDNA	NRK_1h	WO	cluster_1
UL8	E	1h	1	PC_12	PC_12_1h	LT934125.1	+	1	PC_12_1h	9146.341464	9146.341464			dcDNA	PC_12_1h	WO	cluster_1
UL8	E	1h	1	PK_15	PK_15_1h	LT934125.1	+	1	PK_15_1h	2994.011976	2994.011976			dcDNA	PK_15_1h	WO	cluster_1
UL8	E	2.5h	2.5	PC_12	PC_12_2.5h	LT934125.1	+	1	PC_12_2.5h	8613.264426	8613.264426			dcDNA	PC_12_2.5h	WO	cluster_1
UL8	E	2h	2	C6	C6_2h	LT934125.1	+	1	C6_2h	10676.156585	10676.156585			dcDNA	C6_2h	WO	cluster_1
UL8	E	2h	2	NRK	NRK_2h	LT934125.1	+	1	NRK_2h	11437.908497	11437.908497			dcDNA	NRK_2h	WO	cluster_1
UL8	E	2h	2	PC_12	PC_12_2h	LT934125.1	+	1	PC_12_2h	9150.326796	9150.326796			dcDNA	PC_12_2h	WO	cluster_1
UL8	E	2h	2	PK_15	PK_15_2h	LT934125.1	+	1	PK_15_2h	11976.047905	11976.047905			dcDNA	PK_15_2h	WO	cluster_1
UL8	E	4h	4	C6	C6_4h	LT934125.1	+	1	C6_4h	5104.934769	5104.934769			dcDNA	C6_4h	WO	cluster_1
UL8	E	4h	4	NRK	NRK_4h	LT934125.1	+	1	NRK_4h	6667.676921	6667.676921			dcDNA	NRK_4h	WO	cluster_1
UL8	E	4h	4	PC_12	PC_12_4h	LT934125.1	+	1	PC_12_4h	4787.151902	4787.151902			dcDNA	PC_12_4h	WO	cluster_1
UL8	E	4h	4	PK_15	PK_15_4h	LT934125.1	+	1	PK_15_4h	6798.902197	6798.902197			dcDNA	PK_15_4h	WO	cluster_1
UL8	E	6h	6	C6	C6_6h	LT934125.1	+	1	C6_6h	3545.132261	3545.132261			dcDNA	C6_6h	WO	cluster_1
UL8	E	6h	6	NRK	NRK_6h	LT934125.1	+	1	NRK_6h	4289.689287	4289.689287			dcDNA	NRK_6h	WO	cluster_1
UL8	E	6h	6	PC_12	PC_12_6h	LT934125.1	+	1	PC_12_6h	4753.180532	4753.180532			dcDNA	PC_12_6h	WO	cluster_1
UL8	E	6h	6	PK_15	PK_15_6h	LT934125.1	+	1	PK_15_6h	3516.644949	3516.644949			dcDNA	PK_15_6h	WO	cluster_1
UL8	E	8h	8	C6	C6_8h	LT934125.1	+	1	C6_8h	6320.387521	6320.387521			dcDNA	C6_8h	WO	cluster_1
UL8	E	8h	8	NRK	NRK_8h	LT934125.1	+	1	NRK_8h	6066.751451	6066.751451			dcDNA	NRK_8h	WO	cluster_1
UL8	E	8h	8	PC_12	PC_12_8h	LT934125.1	+	1	PC_12_8h	6217.427084	6217.427084			dcDNA	PC_12_8h	WO	cluster_1
UL8	E	8h	8	PK_15	PK_15_8h	LT934125.1	+	1	PK_15_8h	3015.782344	3015.782344			dcDNA	PK_15_8h	WO	cluster_1
UL7	E	0.5h	0.5	PC_12	PC_12_0.5h	LT934125.1	-	1	PC_12_0.5h	0	0			dcDNA	PC_12_0.5h	WO	cluster_2
UL7	E	1.5h	1.5	PC_12	PC_12_1.5h	LT934125.1	-	1	PC_12_1.5h	0	0			dcDNA	PC_12_1.5h	WO	cluster_2
UL7	E	12h	12	C6	C6_12h	LT934125.1	-	1	C6_12h	1068.919757	1068.919757			dcDNA	C6_12h	WO	cluster_2
UL7	E	12h	12	NRK	NRK_12h	LT934125.1	-	1	NRK_12h	1331.637486	1331.637486			dcDNA	NRK_12h	WO	cluster_2
UL7	E	12h	12	PC_12	PC_12_12h	LT934125.1	-	1	PC_12_12h	890.076859	890.076859			dcDNA	PC_12_12h	WO	cluster_2
UL7	E	12h	12	PK_15	PK_15_12h	LT934125.1	-	1	PK_15_12h	356.625673	356.625673			dcDNA	PK_15_12h	WO	cluster_2
UL7	E	1h	1	C6	C6_1h	LT934125.1	-	1	C6_1h	0	0			dcDNA	C6_1h	WO	cluster_2
UL7	E	1h	1	NRK	NRK_1h	LT934125.1	-	1	NRK_1h	0	0			dcDNA	NRK_1h	WO	cluster_2
UL7	E	1h	1	PC_12	PC_12_1h	LT934125.1	-	1	PC_12_1h	1524.390244	1524.390244			dcDNA	PC_12_1h	WO	cluster_2
UL7	E	1h	1	PK_15	PK_15_1h	LT934125.1	-	1	PK_15_1h	0	0			dcDNA	PK_15_1h	WO	cluster_2
UL7	E	2.5h	2.5	PC_12	PC_12_2.5h	LT934125.1	-	1	PC_12_2.5h	5598.621878	5598.621878			dcDNA	PC_12_2.5h	WO	cluster_2
UL7	E	2h	2	C6	C6_2h	LT934125.1	-	1	C6_2h	1016.776818	1016.776818			dcDNA	C6_2h	WO	cluster_2
UL7	E	2h	2	NRK	NRK_2h	LT934125.1	-	1	NRK_2h	5718.954248	5718.954248			dcDNA	NRK_2h	WO	cluster_2
UL7	E	2h	2	PC_12	PC_12_2h	LT934125.1	-	1	PC_12_2h	522.875817	522.875817			dcDNA	PC_12_2h	WO	cluster_2
UL7	E	2h	2	PK_15	PK_15_2h	LT934125.1	-	1	PK_15_2h	253.015098	253.015098			dcDNA	PK_15_2h	WO	cluster_2
UL7	E	4h	4	C6	C6_4h	LT934125.1	-	1	C6_4h	850.822461	850.822461			dcDNA	C6_4h	WO	cluster_2
UL7	E	4h	4	NRK	NRK_4h	LT934125.1	-	1	NRK_4h	1969.995454	1969.995454			dcDNA	NRK_4h	WO	cluster_2
UL7	E	4h	4	PC_12	PC_12_4h	LT934125.1	-	1	PC_12_4h	823.596028	823.596028			dcDNA	PC_12_4h	WO	cluster_2
UL7	E	4h	4	PK_15	PK_15_4h	LT934125.1	-	1	PK_15_4h	790.086494	790.086494			dcDNA	PK_15_4h	WO	cluster_2
UL7	E	6h	6	C6	C6_6h	LT934125.1	-	1	C6_6h	1363.512409	1363.512409			dcDNA	C6_6h	WO	cluster_2
UL7	E	6h	6	NRK	NRK_6h	LT934125.1	-	1	NRK_6h	1429.896427	1429.896427			dcDNA	NRK_6h	WO	cluster_2
UL7	E	6h	6	PC_12	PC_12_6h	LT934125.1	-	1	PC_12_6h	807.143863	807.143863			dcDNA	PC_12_6h	WO	cluster_2
UL7	E	6h	6	PK_15	PK_15_6h	LT934125.1	-	1	PK_15_6h	543.344284	543.344284			dcDNA	PK_15_6h	WO	cluster_2
UL7	E	8h	8	C6	C6_8h	LT934125.1	-	1	C6_8h	1061.532267	1061.532267			dcDNA	C6_8h	WO	cluster_2
UL7	E	8h	8	NRK	NRK_8h	LT934125.1	-	1	NRK_8h	1134.293471	1134.293471			dcDNA	NRK_8h	WO	cluster_2
UL7	E	8h	8	PC_12	PC_12_8h	LT934125.1	-	1	PC_12_8h	902.898421	902.898421			dcDNA	PC_12_8h	WO	cluster_2
UL7	E	8h	8	PK_15	PK_15_8h	LT934125.1	-	1	PK_15_8h	491.405396	491.405396			dcDNA	PK_15_8h	WO	cluster_2
UL6	L	0.5h	0.5	PC_12	PC_12_0.5h	LT934125.1	-	1	PC_12_0.5h	0	0			dcDNA	PC_12_0.5h	WO	cluster_2
UL6	L	1.5h	1.5	PC_12	PC_12_1.5h	LT934125.1	-	1	PC_12_1.5h	0	0			dcDNA	PC_12_1.5h	WO	cluster_2
UL6	L	12h	12	C6	C6_12h	LT934125.1	-	1	C6_12h	1068.919757	1068.919757			dcDNA	C6_12h	WO	cluster_2
UL6	L	12h	12	NRK	NRK_12h	LT934125.1	-	1	NRK_12h	1331.637486	1331.637486			dcDNA	NRK_12h	WO	cluster_2
UL6	L	12h	12	PC_12	PC_12_12h	LT934125.1	-	1	PC_12_12h	890.076859	890.076859			dcDNA	PC_12_12h	WO	cluster_2
UL6	L	12h	12	PK_15	PK_15_12h	LT934125.1	-	1	PK_15_12h	356.625673	356.625673			dcDNA	PK_15_12h	WO	cluster_2
UL6	L	1h	1	C6	C6_1h	LT934125.1	-	1	C6_1h	0	0			dcDNA	C6_1h	WO	cluster_2
UL6	L	1h	1	NRK	NRK_1h	LT934125.1	-	1	NRK_1h	0	0			dcDNA	NRK_1h	WO	cluster_2
UL6	L	1h	1	PC_12	PC_12_1h	LT934125.1	-	1	PC_12_1h	1524.390244	1524.390244			dcDNA	PC_12_1h	WO	cluster_2
UL6	L	1h	1	PK_15	PK_15_1h	LT934125.1	-	1	PK_15_1h	0	0			dcDNA	PK_15_1h	WO	cluster_2
UL6	L	2.5h	2.5	PC_12	PC_12_2.5h	LT934125.1	-	1	PC_12_2.5h	5598.621878	5598.621878			dcDNA	PC_12_2.5h	WO	cluster_2
UL6	L	2h	2	C6	C6_2h	LT934125.1	-	1	C6_2h	1016.776818	1016.776818			dcDNA	C6_2h	WO	cluster_2
UL6	L	2h	2	NRK	NRK_2h	LT934125.1	-	1	NRK_2h	5718.954248	5718.954248			dcDNA	NRK_2h	WO	cluster_2
UL6	L	2h	2	PC_12	PC_12_2h	LT934125.1	-	1	PC_12_2h	522.875817	522.875817			dcDNA	PC_12_2h	WO	cluster_2
UL6	L	2h	2	PK_15	PK_15_2h	LT934125.1	-	1	PK_15_2h	253.015098	253.015098			dcDNA	PK_15_2h	WO	cluster_2
UL6	L	4h	4	C6	C6_4h	LT934125.1	-	1	C6_4h	850.822461	850.822461			dcDNA	C6_4h	WO	cluster_2
UL6	L	4h	4	NRK	NRK_4h	LT934125.1	-	1	NRK_4h	1969.995454	1969.995454			dcDNA	NRK_4h	WO	cluster_2
UL6	L	4h	4	PC_12	PC_12_4h	LT934125.1	-	1	PC_12_4h	823.596028	823.596028			dcDNA	PC_12_4h	WO	cluster_2
UL6	L	4h	4	PK_15	PK_15_4h	LT934125.1	-	1	PK_15_4h	790.086494	790.086494			dcDNA	PK_15_4h	WO	cluster_2
UL6	L	6h	6	C6	C6_6h	LT934125.1	-	1	C6_6h	1363.512409	1363.512409			dcDNA	C6_6h	WO	cluster_2
UL6	L	6h	6	NRK	NRK_6h	LT934125.1	-	1	NRK_6h	1429.896427	1429.896427			dcDNA	NRK_6h	WO	cluster_2
UL6	L	6h	6	PC_12	PC_12_6h	LT934125.1	-	1	PC_12_6h	807.143863	807.143863			dcDNA	PC_12_6h	WO	cluster_2
UL6	L	6h	6	PK_15	PK_15_6h	LT934125.1	-	1	PK_15_6h	543.344284	543.344284			dcDNA	PK_15_6h	WO	cluster_2
UL6	L	8h	8	C6	C6_8h	LT934125.1	-	1	C6_8h	1061.532267	1061.532267			dcDNA	C6_8h	WO	cluster_2
UL6	L	8h	8	NRK	NRK_8h	LT934125.1	-	1	NRK_8h	1134.293471	1134.293471			dcDNA	NRK_8h	WO	cluster_2
UL6	L	8h	8	PC_12	PC_12_8h	LT934125.1	-	1	PC_12_8h	902.898421	902.898421			dcDNA	PC_12_8h	WO	cluster_2
UL6	L	8h	8	PK_15	PK_15_8h	LT934125.1	-	1	PK_15_8h	491.405396	491.405396			dcDNA	PK_15_8h	WO	cluster_2
UL5	E	0.5h	0.5	PC_12	PC_12_0.5h	LT934125.1	+	1	PC_12_0.5h	0	0			dcDNA	PC_12_0.5h	WO	cluster_9
UL5	E	1.5h	1.5	PC_12	PC_12_1.5h	LT934125.1	+	1	PC_12_1.5h	0	0			dcDNA	PC_12_1.5h	WO	cluster_9
UL5	E	12h	12	C6	C6_12h	LT934125.1	+	1	C6_12h	0	0			dcDNA	C6_12h	WO	cluster_9
UL5	E	12h	12	NRK	NRK_12h	LT934125.1	+	1	NRK_12h	0	0			dcDNA	NRK_12h	WO	cluster_9
UL5	E	12h	12	PC_12	PC_12_12h	LT934125.1	+	1	PC_12_12h	0	0			dcDNA	PC_12_12h	WO	cluster_9
UL5	E	12h	12	PK_15	PK_15_12h	LT934125.1	+	1	PK_15_12h	0	0			dcDNA	PK_15_12h	WO	cluster_9
UL5	E	1h	1	C6	C6_1h	LT934125.1	+	1	C6_1h	0	0			dcDNA	C6_1h	WO	cluster_9
UL5	E	1h	1	NRK	NRK_1h	LT934125.1	+	1	NRK_1h	0	0			dcDNA	NRK_1h	WO	cluster_9
UL5	E	1h	1	PC_12	PC_12_1h	LT934125.1	+	1	PC_12_1h	0	0			dcDNA	PC_12_1h	WO	cluster_9
UL5	E	1h	1	PK_15	PK_15_1h	LT934125.1	+	1	PK_15_1h	748.502994	748.502994			dcDNA	PK_15_1h	WO	cluster_9
UL5	E	2.5h	2.5	PC_12	PC_12_2.5h	LT934125.1	+	1	PC_12_2.5h	6890.61154	6890.61154			dcDNA	PC_12_2.5h	WO	cluster_9
UL5	E	2h	2	C6	C6_2h	LT934125.1	+	1	C6_2h	9150.991357	9150.991357			dcDNA	C6_2h	WO	cluster_9
UL5	E	2h	2	NRK	NRK_2h	LT934125.1	+	1	NRK_2h	5718.954248	5718.954248			dcDNA	NRK_2h	WO	cluster_9
UL5	E	2h	2	PC_12	PC_12_2h	LT934125.1	+	1	PC_12_2h	0	0			dcDNA	PC_12_2h	WO	cluster_9
UL5	E	2h	2	PK_15	PK_15_2h	LT934125.1	+	1	PK_15_2h	0	0			dcDNA	PK_15_2h	WO	cluster_9
UL5	E	4h	4	C6	C6_4h	LT934125.1	+	1	C6_4h	0	0			dcDNA	C6_4h	WO	cluster_9
UL5	E	4h	4	NRK	NRK_4h	LT934125.1	+	1	NRK_4h	0	0			dcDNA	NRK_4h	WO	cluster_9
UL5	E	4h	4	PC_12	PC_12_4h	LT934125.1	+	1	PC_12_4h	0	0			dcDNA	PC_12_4h	WO	cluster_9
UL5	E	4h	4	PK_15	PK_15_4h	LT934125.1	+	1	PK_15_4h	0	0			dcDNA	PK_15_4h	WO	cluster_9
UL5	E	6h	6	C6	C6_6h	LT934125.1	+	1	C6_6h	0	0			dcDNA	C6_6h	WO	cluster_9
UL5	E	6h	6	NRK	NRK_6h	LT934125.1	+	1	NRK_6h	0	0			dcDNA	NRK_6h	WO	cluster_9
UL5	E	6h	6	PC_12	PC_12_6h	LT934125.1	+	1	PC_12_6h	0	0			dcDNA	PC_12_6h	WO	cluster_9
UL5	E	6h	6	PK_15	PK_15_6h	LT934125.1	+	1	PK_15_6h	0	0			dcDNA	PK_15_6h	WO	cluster_9
UL5	E	8h	8	C6	C6_8h	LT934125.1	+	1	C6_8h	0	0			dcDNA	C6_8h	WO	cluster_9
UL5	E	8h	8	NRK	NRK_8h	LT934125.1	+	1	NRK_8h	0	0			dcDNA	NRK_8h	WO	cluster_9
UL5	E	8h	8	PC_12	PC_12_8h	LT934125.1	+	1	PC_12_8h	0	0			dcDNA	PC_12_8h	WO	cluster_9
UL5	E	8h	8	PK_15	PK_15_8h	LT934125.1	+	1	PK_15_8h	0	0			dcDNA	PK_15_8h	WO	cluster_9
UL4	L	0.5h	0.5	PC_12	PC_12_0.5h	LT934125.1	+	1	PC_12_0.5h	0	0			dcDNA	PC_12_0.5h	WO	cluster_11
UL4	L	1.5h	1.5	PC_12	PC_12_1.5h	LT934125.1	+	1	PC_12_1.5h	5134.788189	5134.788189			dcDNA	PC_12_1.5h	WO	cluster_11
UL4	L	12h	12	C6	C6_12h	LT934125.1	+	1	C6_12h	4251.330063	4251.330063			dcDNA	C6_12h	WO	cluster_11
UL4	L	12h	12	NRK	NRK_12h	LT934125.1	+	1	NRK_12h	6978.292601	6978.292601			dcDNA	NRK_12h	WO	cluster_11
UL4	L	12h	12	PC_12	PC_12_12h	LT934125.1	+	1	PC_12_12h	3995.876969	3995.876969			dcDNA	PC_12_12h	WO	cluster_11
UL4	L	12h	12	PK_15	PK_15_12h	LT934125.1	+	1	PK_15_12h	1759.970852	1759.970852			dcDNA	PK_15_12h	WO	cluster_11
UL4	L	1h	1	C6	C6_1h	LT934125.1	+	1	C6_1h	7175.472929	7175.472929			dcDNA	C6_1h	WO	cluster_11
UL4	L	1h	1	NRK	NRK_1h	LT934125.1	+	1	NRK_1h	5263.157895	5263.157895			dcDNA	NRK_1h	WO	cluster_11
UL4	L	1h	1	PC_12	PC_12_1h	LT934125.1	+	1	PC_12_1h	6859.756098	6859.756098			dcDNA	PC_12_1h	WO	cluster_11
UL4	L	1h	1	PK_15	PK_15_1h	LT934125.1	+	1	PK_15_1h	748.502994	748.502994			dcDNA	PK_15_1h	WO	cluster_11
UL4	L	2.5h	2.5	PC_12	PC_12_2.5h	LT934125.1	+	1	PC_12_2.5h	6890.61154	6890.61154			dcDNA	PC_12_2.5h	WO	cluster_11
UL4	L	2h	2	C6	C6_2h	LT934125.1	+	1	C6_2h	9150.991357	9150.991357			dcDNA	C6_2h	WO	cluster_11
UL4	L	2h	2	NRK	NRK_2h	LT934125.1	+	1	NRK_2h	5718.954248	5718.954248			dcDNA	NRK_2h	WO	cluster_11
UL4	L	2h	2	PC_12	PC_12_2h	LT934125.1	+	1	PC_12_2h	5228.758168	5228.758168			dcDNA	PC_12_2h	WO	cluster_11
UL4	L	2h	2	PK_15	PK_15_2h	LT934125.1	+	1	PK_15_2h	2277.135871	2277.135871			dcDNA	PK_15_2h	WO	cluster_11
UL4	L	4h	4	C6	C6_4h	LT934125.1	+	1	C6_4h	8224.617129	8224.617129			dcDNA	C6_4h	WO	cluster_11
UL4	L	4h	4	NRK	NRK_4h	LT934125.1	+	1	NRK_4h	7273.829368	7273.829368			dcDNA	NRK_4h	WO	cluster_11
UL4	L	4h	4	PC_12	PC_12_4h	LT934125.1	+	1	PC_12_4h	6176.970197	6176.970197			dcDNA	PC_12_4h	WO	cluster_11
UL4	L	4h	4	PK_15	PK_15_4h	LT934125.1	+	1	PK_15_4h	3867.26547	3867.26547			dcDNA	PK_15_4h	WO	cluster_11
UL4	L	6h	6	C6	C6_6h	LT934125.1	+	1	C6_6h	7690.20998	7690.20998			dcDNA	C6_6h	WO	cluster_11
UL4	L	6h	6	NRK	NRK_6h	LT934125.1	+	1	NRK_6h	5178.543823	5178.543823			dcDNA	NRK_6h	WO	cluster_11
UL4	L	6h	6	PC_12	PC_12_6h	LT934125.1	+	1	PC_12_6h	5765.313313	5765.313313			dcDNA	PC_12_6h	WO	cluster_11
UL4	L	6h	6	PK_15	PK_15_6h	LT934125.1	+	1	PK_15_6h	2983.362597	2983.362597			dcDNA	PK_15_6h	WO	cluster_11
UL4	L	8h	8	C6	C6_8h	LT934125.1	+	1	C6_8h	6369.1936	6369.1936			dcDNA	C6_8h	WO	cluster_11
UL4	L	8h	8	NRK	NRK_8h	LT934125.1	+	1	NRK_8h	6857.319631	6857.319631			dcDNA	NRK_8h	WO	cluster_11
UL4	L	8h	8	PC_12	PC_12_8h	LT934125.1	+	1	PC_12_8h	5417.39051	5417.39051			dcDNA	PC_12_8h	WO	cluster_11
UL4	L	8h	8	PK_15	PK_15_8h	LT934125.1	+	1	PK_15_8h	2693.999117	2693.999117			dcDNA	PK_15_8h	WO	cluster_11
UL3.5	L	0.5h	0.5	PC_12	PC_12_0.5h	LT934125.1	-	1	PC_12_0.5h	16666.666667	16666.666667			dcDNA	PC_12_0.5h	WO	cluster_5
UL3.5	L	1.5h	1.5	PC_12	PC_12_1.5h	LT934125.1	-	1	PC_12_1.5h	17971.758664	17971.758664			dcDNA	PC_12_1.5h	WO	cluster_5
UL3.5	L	12h	12	C6	C6_12h	LT934125.1	-	1	C6_12h	39119.054286	39119.054286			dcDNA	C6_12h	WO	cluster_5
UL3.5	L	12h	12	NRK	NRK_12h	LT934125.1	-	1	NRK_12h	35706.664161	35706.664161			dcDNA	NRK_12h	WO	cluster_5
UL3.5	L	12h	12	PC_12	PC_12_12h	LT934125.1	-	1	PC_12_12h	45117.969001	45117.969001			dcDNA	PC_12_12h	WO	cluster_5
UL3.5	L	12h	12	PK_15	PK_15_12h	LT934125.1	-	1	PK_15_12h	42903.149112	42903.149112			dcDNA	PK_15_12h	WO	cluster_5
UL3.5	L	1h	1	C6	C6_1h	LT934125.1	-	1	C6_1h	8480.10437	8480.10437			dcDNA	C6_1h	WO	cluster_5
UL3.5	L	1h	1	NRK	NRK_1h	LT934125.1	-	1	NRK_1h	7894.736842	7894.736842			dcDNA	NRK_1h	WO	cluster_5
UL3.5	L	1h	1	PC_12	PC_12_1h	LT934125.1	-	1	PC_12_1h	16768.292683	16768.292683			dcDNA	PC_12_1h	WO	cluster_5
UL3.5	L	1h	1	PK_15	PK_15_1h	LT934125.1	-	1	PK_15_1h	5239.520958	5239.520958			dcDNA	PK_15_1h	WO	cluster_5
UL3.5	L	2.5h	2.5	PC_12	PC_12_2.5h	LT934125.1	-	1	PC_12_2.5h	18087.855297	18087.855297			dcDNA	PC_12_2.5h	WO	cluster_5
UL3.5	L	2h	2	C6	C6_2h	LT934125.1	-	1	C6_2h	12709.710218	12709.710218			dcDNA	C6_2h	WO	cluster_5
UL3.5	L	2h	2	NRK	NRK_2h	LT934125.1	-	1	NRK_2h	13888.888888	13888.888888			dcDNA	NRK_2h	WO	cluster_5
UL3.5	L	2h	2	PC_12	PC_12_2h	LT934125.1	-	1	PC_12_2h	16993.464051	16993.464051			dcDNA	PC_12_2h	WO	cluster_5
UL3.5	L	2h	2	PK_15	PK_15_2h	LT934125.1	-	1	PK_15_2h	14927.8907	14927.8907			dcDNA	PK_15_2h	WO	cluster_5
UL3.5	L	4h	4	C6	C6_4h	LT934125.1	-	1	C6_4h	22404.991489	22404.991489			dcDNA	C6_4h	WO	cluster_5
UL3.5	L	4h	4	NRK	NRK_4h	LT934125.1	-	1	NRK_4h	26670.707685	26670.707685			dcDNA	NRK_4h	WO	cluster_5
UL3.5	L	4h	4	PC_12	PC_12_4h	LT934125.1	-	1	PC_12_4h	27436.042623	27436.042623			dcDNA	PC_12_4h	WO	cluster_5
UL3.5	L	4h	4	PK_15	PK_15_4h	LT934125.1	-	1	PK_15_4h	24555.056554	24555.056554			dcDNA	PK_15_4h	WO	cluster_5
UL3.5	L	6h	6	C6	C6_6h	LT934125.1	-	1	C6_6h	26561.221706	26561.221706			dcDNA	C6_6h	WO	cluster_5
UL3.5	L	6h	6	NRK	NRK_6h	LT934125.1	-	1	NRK_6h	31187.200494	31187.200494			dcDNA	NRK_6h	WO	cluster_5
UL3.5	L	6h	6	PC_12	PC_12_6h	LT934125.1	-	1	PC_12_6h	34809.680601	34809.680601			dcDNA	PC_12_6h	WO	cluster_5
UL3.5	L	6h	6	PK_15	PK_15_6h	LT934125.1	-	1	PK_15_6h	27177.276134	27177.276134			dcDNA	PK_15_6h	WO	cluster_5
UL3.5	L	8h	8	C6	C6_8h	LT934125.1	-	1	C6_8h	34017.838625	34017.838625			dcDNA	C6_8h	WO	cluster_5
UL3.5	L	8h	8	NRK	NRK_8h	LT934125.1	-	1	NRK_8h	35833.361975	35833.361975			dcDNA	NRK_8h	WO	cluster_5
UL3.5	L	8h	8	PC_12	PC_12_8h	LT934125.1	-	1	PC_12_8h	32561.488527	32561.488527			dcDNA	PC_12_8h	WO	cluster_5
UL3.5	L	8h	8	PK_15	PK_15_8h	LT934125.1	-	1	PK_15_8h	29546.68476	29546.68476			dcDNA	PK_15_8h	WO	cluster_5
UL3	L	0.5h	0.5	PC_12	PC_12_0.5h	LT934125.1	-	1	PC_12_0.5h	16666.666667	16666.666667			dcDNA	PC_12_0.5h	WO	cluster_5
UL3	L	1.5h	1.5	PC_12	PC_12_1.5h	LT934125.1	-	1	PC_12_1.5h	17971.758664	17971.758664			dcDNA	PC_12_1.5h	WO	cluster_5
UL3	L	12h	12	C6	C6_12h	LT934125.1	-	1	C6_12h	39119.054286	39119.054286			dcDNA	C6_12h	WO	cluster_5
UL3	L	12h	12	NRK	NRK_12h	LT934125.1	-	1	NRK_12h	35706.664161	35706.664161			dcDNA	NRK_12h	WO	cluster_5
UL3	L	12h	12	PC_12	PC_12_12h	LT934125.1	-	1	PC_12_12h	45117.969001	45117.969001			dcDNA	PC_12_12h	WO	cluster_5
UL3	L	12h	12	PK_15	PK_15_12h	LT934125.1	-	1	PK_15_12h	42903.149112	42903.149112			dcDNA	PK_15_12h	WO	cluster_5
UL3	L	1h	1	C6	C6_1h	LT934125.1	-	1	C6_1h	8480.10437	8480.10437			dcDNA	C6_1h	WO	cluster_5
UL3	L	1h	1	NRK	NRK_1h	LT934125.1	-	1	NRK_1h	7894.736842	7894.736842			dcDNA	NRK_1h	WO	cluster_5
UL3	L	1h	1	PC_12	PC_12_1h	LT934125.1	-	1	PC_12_1h	16768.292683	16768.292683			dcDNA	PC_12_1h	WO	cluster_5
UL3	L	1h	1	PK_15	PK_15_1h	LT934125.1	-	1	PK_15_1h	5239.520958	5239.520958			dcDNA	PK_15_1h	WO	cluster_5
UL3	L	2.5h	2.5	PC_12	PC_12_2.5h	LT934125.1	-	1	PC_12_2.5h	18087.855297	18087.855297			dcDNA	PC_12_2.5h	WO	cluster_5
UL3	L	2h	2	C6	C6_2h	LT934125.1	-	1	C6_2h	12709.710218	12709.710218			dcDNA	C6_2h	WO	cluster_5
UL3	L	2h	2	NRK	NRK_2h	LT934125.1	-	1	NRK_2h	13888.888888	13888.888888			dcDNA	NRK_2h	WO	cluster_5
UL3	L	2h	2	PC_12	PC_12_2h	LT934125.1	-	1	PC_12_2h	16993.464051	16993.464051			dcDNA	PC_12_2h	WO	cluster_5
UL3	L	2h	2	PK_15	PK_15_2h	LT934125.1	-	1	PK_15_2h	14927.8907	14927.8907			dcDNA	PK_15_2h	WO	cluster_5
UL3	L	4h	4	C6	C6_4h	LT934125.1	-	1	C6_4h	22404.991489	22404.991489			dcDNA	C6_4h	WO	cluster_5
UL3	L	4h	4	NRK	NRK_4h	LT934125.1	-	1	NRK_4h	26670.707685	26670.707685			dcDNA	NRK_4h	WO	cluster_5
UL3	L	4h	4	PC_12	PC_12_4h	LT934125.1	-	1	PC_12_4h	27436.042623	27436.042623			dcDNA	PC_12_4h	WO	cluster_5
UL3	L	4h	4	PK_15	PK_15_4h	LT934125.1	-	1	PK_15_4h	24555.056554	24555.056554			dcDNA	PK_15_4h	WO	cluster_5
UL3	L	6h	6	C6	C6_6h	LT934125.1	-	1	C6_6h	26561.221706	26561.221706			dcDNA	C6_6h	WO	cluster_5
UL3	L	6h	6	NRK	NRK_6h	LT934125.1	-	1	NRK_6h	31187.200494	31187.200494			dcDNA	NRK_6h	WO	cluster_5
UL3	L	6h	6	PC_12	PC_12_6h	LT934125.1	-	1	PC_12_6h	34809.680601	34809.680601			dcDNA	PC_12_6h	WO	cluster_5
UL3	L	6h	6	PK_15	PK_15_6h	LT934125.1	-	1	PK_15_6h	27177.276134	27177.276134			dcDNA	PK_15_6h	WO	cluster_5
UL3	L	8h	8	C6	C6_8h	LT934125.1	-	1	C6_8h	34017.838625	34017.838625			dcDNA	C6_8h	WO	cluster_5
UL3	L	8h	8	NRK	NRK_8h	LT934125.1	-	1	NRK_8h	35833.361975	35833.361975			dcDNA	NRK_8h	WO	cluster_5
UL3	L	8h	8	PC_12	PC_12_8h	LT934125.1	-	1	PC_12_8h	32561.488527	32561.488527			dcDNA	PC_12_8h	WO	cluster_5
UL3	L	8h	8	PK_15	PK_15_8h	LT934125.1	-	1	PK_15_8h	29546.68476	29546.68476			dcDNA	PK_15_8h	WO	cluster_5
UL2	E	0.5h	0.5	PC_12	PC_12_0.5h	LT934125.1	-	1	PC_12_0.5h	0	0			dcDNA	PC_12_0.5h	WO	cluster_2
UL2	E	1.5h	1.5	PC_12	PC_12_1.5h	LT934125.1	-	1	PC_12_1.5h	0	0			dcDNA	PC_12_1.5h	WO	cluster_2
UL2	E	12h	12	C6	C6_12h	LT934125.1	-	1	C6_12h	172.877684	172.877684			dcDNA	C6_12h	WO	cluster_2
UL2	E	12h	12	NRK	NRK_12h	LT934125.1	-	1	NRK_12h	0	0			dcDNA	NRK_12h	WO	cluster_2
UL2	E	12h	12	PC_12	PC_12_12h	LT934125.1	-	1	PC_12_12h	229.959068	229.959068			dcDNA	PC_12_12h	WO	cluster_2
UL2	E	12h	12	PK_15	PK_15_12h	LT934125.1	-	1	PK_15_12h	455.431054	455.431054			dcDNA	PK_15_12h	WO	cluster_2
UL2	E	1h	1	C6	C6_1h	LT934125.1	-	1	C6_1h	652.315721	652.315721			dcDNA	C6_1h	WO	cluster_2
UL2	E	1h	1	NRK	NRK_1h	LT934125.1	-	1	NRK_1h	0	0			dcDNA	NRK_1h	WO	cluster_2
UL2	E	1h	1	PC_12	PC_12_1h	LT934125.1	-	1	PC_12_1h	0	0			dcDNA	PC_12_1h	WO	cluster_2
UL2	E	1h	1	PK_15	PK_15_1h	LT934125.1	-	1	PK_15_1h	0	0			dcDNA	PK_15_1h	WO	cluster_2
UL2	E	2.5h	2.5	PC_12	PC_12_2.5h	LT934125.1	-	1	PC_12_2.5h	0	0			dcDNA	PC_12_2.5h	WO	cluster_2
UL2	E	2h	2	C6	C6_2h	LT934125.1	-	1	C6_2h	0	0			dcDNA	C6_2h	WO	cluster_2
UL2	E	2h	2	NRK	NRK_2h	LT934125.1	-	1	NRK_2h	0	0			dcDNA	NRK_2h	WO	cluster_2
UL2	E	2h	2	PC_12	PC_12_2h	LT934125.1	-	1	PC_12_2h	261.437908	261.437908			dcDNA	PC_12_2h	WO	cluster_2
UL2	E	2h	2	PK_15	PK_15_2h	LT934125.1	-	1	PK_15_2h	84.338366	84.338366			dcDNA	PK_15_2h	WO	cluster_2
UL2	E	4h	4	C6	C6_4h	LT934125.1	-	1	C6_4h	567.214974	567.214974			dcDNA	C6_4h	WO	cluster_2
UL2	E	4h	4	NRK	NRK_4h	LT934125.1	-	1	NRK_4h	0	0			dcDNA	NRK_4h	WO	cluster_2
UL2	E	4h	4	PC_12	PC_12_4h	LT934125.1	-	1	PC_12_4h	1183.919291	1183.919291			dcDNA	PC_12_4h	WO	cluster_2
UL2	E	4h	4	PK_15	PK_15_4h	LT934125.1	-	1	PK_15_4h	810.878245	810.878245			dcDNA	PK_15_4h	WO	cluster_2
UL2	E	6h	6	C6	C6_6h	LT934125.1	-	1	C6_6h	109.080992	109.080992			dcDNA	C6_6h	WO	cluster_2
UL2	E	6h	6	NRK	NRK_6h	LT934125.1	-	1	NRK_6h	0	0			dcDNA	NRK_6h	WO	cluster_2
UL2	E	6h	6	PC_12	PC_12_6h	LT934125.1	-	1	PC_12_6h	781.52025	781.52025			dcDNA	PC_12_6h	WO	cluster_2
UL2	E	6h	6	PK_15	PK_15_6h	LT934125.1	-	1	PK_15_6h	749.613873	749.613873			dcDNA	PK_15_6h	WO	cluster_2
UL2	E	8h	8	C6	C6_8h	LT934125.1	-	1	C6_8h	61.007602	61.007602			dcDNA	C6_8h	WO	cluster_2
UL2	E	8h	8	NRK	NRK_8h	LT934125.1	-	1	NRK_8h	0	0			dcDNA	NRK_8h	WO	cluster_2
UL2	E	8h	8	PC_12	PC_12_8h	LT934125.1	-	1	PC_12_8h	148.578221	148.578221			dcDNA	PC_12_8h	WO	cluster_2
UL2	E	8h	8	PK_15	PK_15_8h	LT934125.1	-	1	PK_15_8h	339.244334	339.244334			dcDNA	PK_15_8h	WO	cluster_2
EP0	E	0.5h	0.5	PC_12	PC_12_0.5h	LT934125.1	-	1	PC_12_0.5h	116666.666667	116666.666667			dcDNA	PC_12_0.5h	WO	cluster_7
EP0	E	1.5h	1.5	PC_12	PC_12_1.5h	LT934125.1	-	1	PC_12_1.5h	103979.460846	103979.460846			dcDNA	PC_12_1.5h	WO	cluster_7
EP0	E	12h	12	C6	C6_12h	LT934125.1	-	1	C6_12h	9849.158135	9849.158135			dcDNA	C6_12h	WO	cluster_7
EP0	E	12h	12	NRK	NRK_12h	LT934125.1	-	1	NRK_12h	18109.416213	18109.416213			dcDNA	NRK_12h	WO	cluster_7
EP0	E	12h	12	PC_12	PC_12_12h	LT934125.1	-	1	PC_12_12h	6774.323582	6774.323582			dcDNA	PC_12_12h	WO	cluster_7
EP0	E	12h	12	PK_15	PK_15_12h	LT934125.1	-	1	PK_15_12h	1401.801344	1401.801344			dcDNA	PK_15_12h	WO	cluster_7
EP0	E	1h	1	C6	C6_1h	LT934125.1	-	1	C6_1h	89367.253751	89367.253751			dcDNA	C6_1h	WO	cluster_7
EP0	E	1h	1	NRK	NRK_1h	LT934125.1	-	1	NRK_1h	189473.68421	189473.68421			dcDNA	NRK_1h	WO	cluster_7
EP0	E	1h	1	PC_12	PC_12_1h	LT934125.1	-	1	PC_12_1h	99085.365854	99085.365854			dcDNA	PC_12_1h	WO	cluster_7
EP0	E	1h	1	PK_15	PK_15_1h	LT934125.1	-	1	PK_15_1h	52395.209581	52395.209581			dcDNA	PK_15_1h	WO	cluster_7
EP0	E	2.5h	2.5	PC_12	PC_12_2.5h	LT934125.1	-	1	PC_12_2.5h	66322.13609	66322.13609			dcDNA	PC_12_2.5h	WO	cluster_7
EP0	E	2h	2	C6	C6_2h	LT934125.1	-	1	C6_2h	59989.832231	59989.832231			dcDNA	C6_2h	WO	cluster_7
EP0	E	2h	2	NRK	NRK_2h	LT934125.1	-	1	NRK_2h	142973.856209	142973.856209			dcDNA	NRK_2h	WO	cluster_7
EP0	E	2h	2	PC_12	PC_12_2h	LT934125.1	-	1	PC_12_2h	67189.542482	67189.542482			dcDNA	PC_12_2h	WO	cluster_7
EP0	E	2h	2	PK_15	PK_15_2h	LT934125.1	-	1	PK_15_2h	103989.20469	103989.20469			dcDNA	PK_15_2h	WO	cluster_7
EP0	E	4h	4	C6	C6_4h	LT934125.1	-	1	C6_4h	20419.73908	20419.73908			dcDNA	C6_4h	WO	cluster_7
EP0	E	4h	4	NRK	NRK_4h	LT934125.1	-	1	NRK_4h	56069.101379	56069.101379			dcDNA	NRK_4h	WO	cluster_7
EP0	E	4h	4	PC_12	PC_12_4h	LT934125.1	-	1	PC_12_4h	20641.375408	20641.375408			dcDNA	PC_12_4h	WO	cluster_7
EP0	E	4h	4	PK_15	PK_15_4h	LT934125.1	-	1	PK_15_4h	44057.717898	44057.717898			dcDNA	PK_15_4h	WO	cluster_7
EP0	E	6h	6	C6	C6_6h	LT934125.1	-	1	C6_6h	22579.765476	22579.765476			dcDNA	C6_6h	WO	cluster_7
EP0	E	6h	6	NRK	NRK_6h	LT934125.1	-	1	NRK_6h	30105.116708	30105.116708			dcDNA	NRK_6h	WO	cluster_7
EP0	E	6h	6	PC_12	PC_12_6h	LT934125.1	-	1	PC_12_6h	16783.467644	16783.467644			dcDNA	PC_12_6h	WO	cluster_7
EP0	E	6h	6	PK_15	PK_15_6h	LT934125.1	-	1	PK_15_6h	20350.255825	20350.255825			dcDNA	PK_15_6h	WO	cluster_7
EP0	E	8h	8	C6	C6_8h	LT934125.1	-	1	C6_8h	21852.922873	21852.922873			dcDNA	C6_8h	WO	cluster_7
EP0	E	8h	8	NRK	NRK_8h	LT934125.1	-	1	NRK_8h	32344.550233	32344.550233			dcDNA	NRK_8h	WO	cluster_7
EP0	E	8h	8	PC_12	PC_12_8h	LT934125.1	-	1	PC_12_8h	16069.306026	16069.306026			dcDNA	PC_12_8h	WO	cluster_7
EP0	E	8h	8	PK_15	PK_15_8h	LT934125.1	-	1	PK_15_8h	12115.512694	12115.512694			dcDNA	PK_15_8h	WO	cluster_7
ELIE	E	0.5h	0.5	PC_12	PC_12_0.5h	LT934125.1	+	1	PC_12_0.5h	0	0			dcDNA	PC_12_0.5h	WO	cluster_12
ELIE	E	1.5h	1.5	PC_12	PC_12_1.5h	LT934125.1	+	1	PC_12_1.5h	0	0			dcDNA	PC_12_1.5h	WO	cluster_12
ELIE	E	12h	12	C6	C6_12h	LT934125.1	+	1	C6_12h	58.437527	58.437527			dcDNA	C6_12h	WO	cluster_12
ELIE	E	12h	12	NRK	NRK_12h	LT934125.1	+	1	NRK_12h	0	0			dcDNA	NRK_12h	WO	cluster_12
ELIE	E	12h	12	PC_12	PC_12_12h	LT934125.1	+	1	PC_12_12h	0	0			dcDNA	PC_12_12h	WO	cluster_12
ELIE	E	12h	12	PK_15	PK_15_12h	LT934125.1	+	1	PK_15_12h	0	0			dcDNA	PK_15_12h	WO	cluster_12
ELIE	E	1h	1	C6	C6_1h	LT934125.1	+	1	C6_1h	0	0			dcDNA	C6_1h	WO	cluster_12
ELIE	E	1h	1	NRK	NRK_1h	LT934125.1	+	1	NRK_1h	0	0			dcDNA	NRK_1h	WO	cluster_12
ELIE	E	1h	1	PC_12	PC_12_1h	LT934125.1	+	1	PC_12_1h	0	0			dcDNA	PC_12_1h	WO	cluster_12
ELIE	E	1h	1	PK_15	PK_15_1h	LT934125.1	+	1	PK_15_1h	0	0			dcDNA	PK_15_1h	WO	cluster_12
ELIE	E	2.5h	2.5	PC_12	PC_12_2.5h	LT934125.1	+	1	PC_12_2.5h	861.326443	861.326443			dcDNA	PC_12_2.5h	WO	cluster_12
ELIE	E	2h	2	C6	C6_2h	LT934125.1	+	1	C6_2h	0	0			dcDNA	C6_2h	WO	cluster_12
ELIE	E	2h	2	NRK	NRK_2h	LT934125.1	+	1	NRK_2h	0	0			dcDNA	NRK_2h	WO	cluster_12
ELIE	E	2h	2	PC_12	PC_12_2h	LT934125.1	+	1	PC_12_2h	0	0			dcDNA	PC_12_2h	WO	cluster_12
ELIE	E	2h	2	PK_15	PK_15_2h	LT934125.1	+	1	PK_15_2h	0	0			dcDNA	PK_15_2h	WO	cluster_12
ELIE	E	4h	4	C6	C6_4h	LT934125.1	+	1	C6_4h	0	0			dcDNA	C6_4h	WO	cluster_12
ELIE	E	4h	4	NRK	NRK_4h	LT934125.1	+	1	NRK_4h	0	0			dcDNA	NRK_4h	WO	cluster_12
ELIE	E	4h	4	PC_12	PC_12_4h	LT934125.1	+	1	PC_12_4h	154.424255	154.424255			dcDNA	PC_12_4h	WO	cluster_12
ELIE	E	4h	4	PK_15	PK_15_4h	LT934125.1	+	1	PK_15_4h	0	0			dcDNA	PK_15_4h	WO	cluster_12
ELIE	E	6h	6	C6	C6_6h	LT934125.1	+	1	C6_6h	54.540496	54.540496			dcDNA	C6_6h	WO	cluster_12
ELIE	E	6h	6	NRK	NRK_6h	LT934125.1	+	1	NRK_6h	0	0			dcDNA	NRK_6h	WO	cluster_12
ELIE	E	6h	6	PC_12	PC_12_6h	LT934125.1	+	1	PC_12_6h	0	0			dcDNA	PC_12_6h	WO	cluster_12
ELIE	E	6h	6	PK_15	PK_15_6h	LT934125.1	+	1	PK_15_6h	15.092897	15.092897			dcDNA	PK_15_6h	WO	cluster_12
ELIE	E	8h	8	C6	C6_8h	LT934125.1	+	1	C6_8h	97.612163	97.612163			dcDNA	C6_8h	WO	cluster_12
ELIE	E	8h	8	NRK	NRK_8h	LT934125.1	+	1	NRK_8h	85.931323	85.931323			dcDNA	NRK_8h	WO	cluster_12
ELIE	E	8h	8	PC_12	PC_12_8h	LT934125.1	+	1	PC_12_8h	0	0			dcDNA	PC_12_8h	WO	cluster_12
ELIE	E	8h	8	PK_15	PK_15_8h	LT934125.1	+	1	PK_15_8h	0	0			dcDNA	PK_15_8h	WO	cluster_12
IE180	IE	0.5h	0.5	PC_12	PC_12_0.5h	LT934125.1	-	1	PC_12_0.5h	66666.666668	66666.666668			dcDNA	PC_12_0.5h	WO	cluster_9
IE180	IE	1.5h	1.5	PC_12	PC_12_1.5h	LT934125.1	-	1	PC_12_1.5h	8985.879332	8985.879332			dcDNA	PC_12_1.5h	WO	cluster_9
IE180	IE	12h	12	C6	C6_12h	LT934125.1	-	1	C6_12h	8480.746053	8480.746053			dcDNA	C6_12h	WO	cluster_9
IE180	IE	12h	12	NRK	NRK_12h	LT934125.1	-	1	NRK_12h	6346.618411	6346.618411			dcDNA	NRK_12h	WO	cluster_9
IE180	IE	12h	12	PC_12	PC_12_12h	LT934125.1	-	1	PC_12_12h	7959.289129	7959.289129			dcDNA	PC_12_12h	WO	cluster_9
IE180	IE	12h	12	PK_15	PK_15_12h	LT934125.1	-	1	PK_15_12h	2164.455382	2164.455382			dcDNA	PK_15_12h	WO	cluster_9
IE180	IE	1h	1	C6	C6_1h	LT934125.1	-	1	C6_1h	11089.367254	11089.367254			dcDNA	C6_1h	WO	cluster_9
IE180	IE	1h	1	NRK	NRK_1h	LT934125.1	-	1	NRK_1h	39473.684209	39473.684209			dcDNA	NRK_1h	WO	cluster_9
IE180	IE	1h	1	PC_12	PC_12_1h	LT934125.1	-	1	PC_12_1h	23628.048781	23628.048781			dcDNA	PC_12_1h	WO	cluster_9
IE180	IE	1h	1	PK_15	PK_15_1h	LT934125.1	-	1	PK_15_1h	310628.742514	310628.742514			dcDNA	PK_15_1h	WO	cluster_9
IE180	IE	2.5h	2.5	PC_12	PC_12_2.5h	LT934125.1	-	1	PC_12_2.5h	6029.285099	6029.285099			dcDNA	PC_12_2.5h	WO	cluster_9
IE180	IE	2h	2	C6	C6_2h	LT934125.1	-	1	C6_2h	3050.330453	3050.330453			dcDNA	C6_2h	WO	cluster_9
IE180	IE	2h	2	NRK	NRK_2h	LT934125.1	-	1	NRK_2h	5718.954248	5718.954248			dcDNA	NRK_2h	WO	cluster_9
IE180	IE	2h	2	PC_12	PC_12_2h	LT934125.1	-	1	PC_12_2h	6535.947711	6535.947711			dcDNA	PC_12_2h	WO	cluster_9
IE180	IE	2h	2	PK_15	PK_15_2h	LT934125.1	-	1	PK_15_2h	25976.216582	25976.216582			dcDNA	PK_15_2h	WO	cluster_9
IE180	IE	4h	4	C6	C6_4h	LT934125.1	-	1	C6_4h	3686.897334	3686.897334			dcDNA	C6_4h	WO	cluster_9
IE180	IE	4h	4	NRK	NRK_4h	LT934125.1	-	1	NRK_4h	7122.291258	7122.291258			dcDNA	NRK_4h	WO	cluster_9
IE180	IE	4h	4	PC_12	PC_12_4h	LT934125.1	-	1	PC_12_4h	9677.253309	9677.253309			dcDNA	PC_12_4h	WO	cluster_9
IE180	IE	4h	4	PK_15	PK_15_4h	LT934125.1	-	1	PK_15_4h	11144.377911	11144.377911			dcDNA	PK_15_4h	WO	cluster_9
IE180	IE	6h	6	C6	C6_6h	LT934125.1	-	1	C6_6h	3817.834742	3817.834742			dcDNA	C6_6h	WO	cluster_9
IE180	IE	6h	6	NRK	NRK_6h	LT934125.1	-	1	NRK_6h	9622.816507	9622.816507			dcDNA	NRK_6h	WO	cluster_9
IE180	IE	6h	6	PC_12	PC_12_6h	LT934125.1	-	1	PC_12_6h	9916.338898	9916.338898			dcDNA	PC_12_6h	WO	cluster_9
IE180	IE	6h	6	PK_15	PK_15_6h	LT934125.1	-	1	PK_15_6h	9765.104216	9765.104216			dcDNA	PK_15_6h	WO	cluster_9
IE180	IE	8h	8	C6	C6_8h	LT934125.1	-	1	C6_8h	8040.801885	8040.801885			dcDNA	C6_8h	WO	cluster_9
IE180	IE	8h	8	NRK	NRK_8h	LT934125.1	-	1	NRK_8h	9916.474752	9916.474752			dcDNA	NRK_8h	WO	cluster_9
IE180	IE	8h	8	PC_12	PC_12_8h	LT934125.1	-	1	PC_12_8h	9246.136967	9246.136967			dcDNA	PC_12_8h	WO	cluster_9
IE180	IE	8h	8	PK_15	PK_15_8h	LT934125.1	-	1	PK_15_8h	8690.641594	8690.641594			dcDNA	PK_15_8h	WO	cluster_9
NOIR	E	0.5h	0.5	PC_12	PC_12_0.5h	LT934125.1	+	1	PC_12_0.5h	0	0			dcDNA	PC_12_0.5h	WO	
NOIR	E	1.5h	1.5	PC_12	PC_12_1.5h	LT934125.1	+	1	PC_12_1.5h	0	0			dcDNA	PC_12_1.5h	WO	
NOIR	E	12h	12	C6	C6_12h	LT934125.1	+	1	C6_12h	0	0			dcDNA	C6_12h	WO	
NOIR	E	12h	12	NRK	NRK_12h	LT934125.1	+	1	NRK_12h	0	0			dcDNA	NRK_12h	WO	
NOIR	E	12h	12	PC_12	PC_12_12h	LT934125.1	+	1	PC_12_12h	0	0			dcDNA	PC_12_12h	WO	
NOIR	E	12h	12	PK_15	PK_15_12h	LT934125.1	+	1	PK_15_12h	0	0			dcDNA	PK_15_12h	WO	
NOIR	E	1h	1	C6	C6_1h	LT934125.1	+	1	C6_1h	0	0			dcDNA	C6_1h	WO	
NOIR	E	1h	1	NRK	NRK_1h	LT934125.1	+	1	NRK_1h	0	0			dcDNA	NRK_1h	WO	
NOIR	E	1h	1	PC_12	PC_12_1h	LT934125.1	+	1	PC_12_1h	0	0			dcDNA	PC_12_1h	WO	
NOIR	E	1h	1	PK_15	PK_15_1h	LT934125.1	+	1	PK_15_1h	0	0			dcDNA	PK_15_1h	WO	
NOIR	E	2.5h	2.5	PC_12	PC_12_2.5h	LT934125.1	+	1	PC_12_2.5h	0	0			dcDNA	PC_12_2.5h	WO	
NOIR	E	2h	2	C6	C6_2h	LT934125.1	+	1	C6_2h	0	0			dcDNA	C6_2h	WO	
NOIR	E	2h	2	NRK	NRK_2h	LT934125.1	+	1	NRK_2h	0	0			dcDNA	NRK_2h	WO	
NOIR	E	2h	2	PC_12	PC_12_2h	LT934125.1	+	1	PC_12_2h	0	0			dcDNA	PC_12_2h	WO	
NOIR	E	2h	2	PK_15	PK_15_2h	LT934125.1	+	1	PK_15_2h	0	0			dcDNA	PK_15_2h	WO	
NOIR	E	4h	4	C6	C6_4h	LT934125.1	+	1	C6_4h	5955.757232	5955.757232			dcDNA	C6_4h	WO	
NOIR	E	4h	4	NRK	NRK_4h	LT934125.1	+	1	NRK_4h	0	0			dcDNA	NRK_4h	WO	
NOIR	E	4h	4	PC_12	PC_12_4h	LT934125.1	+	1	PC_12_4h	0	0			dcDNA	PC_12_4h	WO	
NOIR	E	4h	4	PK_15	PK_15_4h	LT934125.1	+	1	PK_15_4h	0	0			dcDNA	PK_15_4h	WO	
NOIR	E	6h	6	C6	C6_6h	LT934125.1	+	1	C6_6h	0	0			dcDNA	C6_6h	WO	
NOIR	E	6h	6	NRK	NRK_6h	LT934125.1	+	1	NRK_6h	0	0			dcDNA	NRK_6h	WO	
NOIR	E	6h	6	PC_12	PC_12_6h	LT934125.1	+	1	PC_12_6h	0	0			dcDNA	PC_12_6h	WO	
NOIR	E	6h	6	PK_15	PK_15_6h	LT934125.1	+	1	PK_15_6h	0	0			dcDNA	PK_15_6h	WO	
NOIR	E	8h	8	C6	C6_8h	LT934125.1	+	1	C6_8h	0	0			dcDNA	C6_8h	WO	
NOIR	E	8h	8	NRK	NRK_8h	LT934125.1	+	1	NRK_8h	0	0			dcDNA	NRK_8h	WO	
NOIR	E	8h	8	PC_12	PC_12_8h	LT934125.1	+	1	PC_12_8h	0	0			dcDNA	PC_12_8h	WO	
NOIR	E	8h	8	PK_15	PK_15_8h	LT934125.1	+	1	PK_15_8h	0	0			dcDNA	PK_15_8h	WO	
US1	E	0.5h	0.5	PC_12	PC_12_0.5h	LT934125.1	+	1	PC_12_0.5h	16666.666667	16666.666667			dcDNA	PC_12_0.5h	WO	cluster_11
US1	E	1.5h	1.5	PC_12	PC_12_1.5h	LT934125.1	+	1	PC_12_1.5h	39794.608471	39794.608471			dcDNA	PC_12_1.5h	WO	cluster_11
US1	E	12h	12	C6	C6_12h	LT934125.1	+	1	C6_12h	49968.955065	49968.955065			dcDNA	C6_12h	WO	cluster_11
US1	E	12h	12	NRK	NRK_12h	LT934125.1	+	1	NRK_12h	43171.516616	43171.516616			dcDNA	NRK_12h	WO	cluster_11
US1	E	12h	12	PC_12	PC_12_12h	LT934125.1	+	1	PC_12_12h	34125.925585	34125.925585			dcDNA	PC_12_12h	WO	cluster_11
US1	E	12h	12	PK_15	PK_15_12h	LT934125.1	+	1	PK_15_12h	21328.067832	21328.067832			dcDNA	PK_15_12h	WO	cluster_11
US1	E	1h	1	C6	C6_1h	LT934125.1	+	1	C6_1h	52837.573386	52837.573386			dcDNA	C6_1h	WO	cluster_11
US1	E	1h	1	NRK	NRK_1h	LT934125.1	+	1	NRK_1h	23684.210526	23684.210526			dcDNA	NRK_1h	WO	cluster_11
US1	E	1h	1	PC_12	PC_12_1h	LT934125.1	+	1	PC_12_1h	55640.243903	55640.243903			dcDNA	PC_12_1h	WO	cluster_11
US1	E	1h	1	PK_15	PK_15_1h	LT934125.1	+	1	PK_15_1h	15718.562874	15718.562874			dcDNA	PK_15_1h	WO	cluster_11
US1	E	2.5h	2.5	PC_12	PC_12_2.5h	LT934125.1	+	1	PC_12_2.5h	52540.913006	52540.913006			dcDNA	PC_12_2.5h	WO	cluster_11
US1	E	2h	2	C6	C6_2h	LT934125.1	+	1	C6_2h	53889.171327	53889.171327			dcDNA	C6_2h	WO	cluster_11
US1	E	2h	2	NRK	NRK_2h	LT934125.1	+	1	NRK_2h	44117.647058	44117.647058			dcDNA	NRK_2h	WO	cluster_11
US1	E	2h	2	PC_12	PC_12_2h	LT934125.1	+	1	PC_12_2h	64052.287581	64052.287581			dcDNA	PC_12_2h	WO	cluster_11
US1	E	2h	2	PK_15	PK_15_2h	LT934125.1	+	1	PK_15_2h	45880.070845	45880.070845			dcDNA	PK_15_2h	WO	cluster_11
US1	E	4h	4	C6	C6_4h	LT934125.1	+	1	C6_4h	82813.386274	82813.386274			dcDNA	C6_4h	WO	cluster_11
US1	E	4h	4	NRK	NRK_4h	LT934125.1	+	1	NRK_4h	79254.432491	79254.432491			dcDNA	NRK_4h	WO	cluster_11
US1	E	4h	4	PC_12	PC_12_4h	LT934125.1	+	1	PC_12_4h	80609.461062	80609.461062			dcDNA	PC_12_4h	WO	cluster_11
US1	E	4h	4	PK_15	PK_15_4h	LT934125.1	+	1	PK_15_4h	74829.507654	74829.507654			dcDNA	PK_15_4h	WO	cluster_11
US1	E	6h	6	C6	C6_6h	LT934125.1	+	1	C6_6h	0	0			dcDNA	C6_6h	WO	cluster_11
US1	E	6h	6	NRK	NRK_6h	LT934125.1	+	1	NRK_6h	0	0			dcDNA	NRK_6h	WO	cluster_11
US1	E	6h	6	PC_12	PC_12_6h	LT934125.1	+	1	PC_12_6h	70631.493985	70631.493985			dcDNA	PC_12_6h	WO	cluster_11
US1	E	6h	6	PK_15	PK_15_6h	LT934125.1	+	1	PK_15_6h	77713.32552	77713.32552			dcDNA	PK_15_6h	WO	cluster_11
US1	E	8h	8	C6	C6_8h	LT934125.1	+	1	C6_8h	65448.954941	65448.954941			dcDNA	C6_8h	WO	cluster_11
US1	E	8h	8	NRK	NRK_8h	LT934125.1	+	1	NRK_8h	71529.233835	71529.233835			dcDNA	NRK_8h	WO	cluster_11
US1	E	8h	8	PC_12	PC_12_8h	LT934125.1	+	1	PC_12_8h	41510.469051	41510.469051			dcDNA	PC_12_8h	WO	cluster_11
US1	E	8h	8	PK_15	PK_15_8h	LT934125.1	+	1	PK_15_8h	52645.232744	52645.232744			dcDNA	PK_15_8h	WO	cluster_11
AZURE	E	0.5h	0.5	PC_12	PC_12_0.5h	LT934125.1	-	1	PC_12_0.5h	0	0			dcDNA	PC_12_0.5h	WO	cluster_11
AZURE	E	1.5h	1.5	PC_12	PC_12_1.5h	LT934125.1	-	1	PC_12_1.5h	0	0			dcDNA	PC_12_1.5h	WO	cluster_11
AZURE	E	12h	12	C6	C6_12h	LT934125.1	-	1	C6_12h	0	0			dcDNA	C6_12h	WO	cluster_11
AZURE	E	12h	12	NRK	NRK_12h	LT934125.1	-	1	NRK_12h	465.219506	465.219506			dcDNA	NRK_12h	WO	cluster_11
AZURE	E	12h	12	PC_12	PC_12_12h	LT934125.1	-	1	PC_12_12h	243.486071	243.486071			dcDNA	PC_12_12h	WO	cluster_11
AZURE	E	12h	12	PK_15	PK_15_12h	LT934125.1	-	1	PK_15_12h	111.156054	111.156054			dcDNA	PK_15_12h	WO	cluster_11
AZURE	E	1h	1	C6	C6_1h	LT934125.1	-	1	C6_1h	652.315721	652.315721			dcDNA	C6_1h	WO	cluster_11
AZURE	E	1h	1	NRK	NRK_1h	LT934125.1	-	1	NRK_1h	0	0			dcDNA	NRK_1h	WO	cluster_11
AZURE	E	1h	1	PC_12	PC_12_1h	LT934125.1	-	1	PC_12_1h	0	0			dcDNA	PC_12_1h	WO	cluster_11
AZURE	E	1h	1	PK_15	PK_15_1h	LT934125.1	-	1	PK_15_1h	0	0			dcDNA	PK_15_1h	WO	cluster_11
AZURE	E	2.5h	2.5	PC_12	PC_12_2.5h	LT934125.1	-	1	PC_12_2.5h	430.663221	430.663221			dcDNA	PC_12_2.5h	WO	cluster_11
AZURE	E	2h	2	C6	C6_2h	LT934125.1	-	1	C6_2h	508.388409	508.388409			dcDNA	C6_2h	WO	cluster_11
AZURE	E	2h	2	NRK	NRK_2h	LT934125.1	-	1	NRK_2h	0	0			dcDNA	NRK_2h	WO	cluster_11
AZURE	E	2h	2	PC_12	PC_12_2h	LT934125.1	-	1	PC_12_2h	0	0			dcDNA	PC_12_2h	WO	cluster_11
AZURE	E	2h	2	PK_15	PK_15_2h	LT934125.1	-	1	PK_15_2h	421.691828	421.691828			dcDNA	PK_15_2h	WO	cluster_11
AZURE	E	4h	4	C6	C6_4h	LT934125.1	-	1	C6_4h	0	0			dcDNA	C6_4h	WO	cluster_11
AZURE	E	4h	4	NRK	NRK_4h	LT934125.1	-	1	NRK_4h	1363.843008	1363.843008			dcDNA	NRK_4h	WO	cluster_11
AZURE	E	4h	4	PC_12	PC_12_4h	LT934125.1	-	1	PC_12_4h	0	0			dcDNA	PC_12_4h	WO	cluster_11
AZURE	E	4h	4	PK_15	PK_15_4h	LT934125.1	-	1	PK_15_4h	395.043247	395.043247			dcDNA	PK_15_4h	WO	cluster_11
AZURE	E	6h	6	C6	C6_6h	LT934125.1	-	1	C6_6h	763.566949	763.566949			dcDNA	C6_6h	WO	cluster_11
AZURE	E	6h	6	NRK	NRK_6h	LT934125.1	-	1	NRK_6h	850.208686	850.208686			dcDNA	NRK_6h	WO	cluster_11
AZURE	E	6h	6	PC_12	PC_12_6h	LT934125.1	-	1	PC_12_6h	0	0			dcDNA	PC_12_6h	WO	cluster_11
AZURE	E	6h	6	PK_15	PK_15_6h	LT934125.1	-	1	PK_15_6h	664.08746	664.08746			dcDNA	PK_15_6h	WO	cluster_11
AZURE	E	8h	8	C6	C6_8h	LT934125.1	-	1	C6_8h	0	0			dcDNA	C6_8h	WO	cluster_11
AZURE	E	8h	8	NRK	NRK_8h	LT934125.1	-	1	NRK_8h	532.774207	532.774207			dcDNA	NRK_8h	WO	cluster_11
AZURE	E	8h	8	PC_12	PC_12_8h	LT934125.1	-	1	PC_12_8h	0	0			dcDNA	PC_12_8h	WO	cluster_11
AZURE	E	8h	8	PK_15	PK_15_8h	LT934125.1	-	1	PK_15_8h	374.166545	374.166545			dcDNA	PK_15_8h	WO	cluster_11
US3	L	0.5h	0.5	PC_12	PC_12_0.5h	LT934125.1	+	1	PC_12_0.5h	0	0			dcDNA	PC_12_0.5h	WO	
US3	L	1.5h	1.5	PC_12	PC_12_1.5h	LT934125.1	+	1	PC_12_1.5h	0	0			dcDNA	PC_12_1.5h	WO	
US3	L	12h	12	C6	C6_12h	LT934125.1	+	1	C6_12h	0	0			dcDNA	C6_12h	WO	
US3	L	12h	12	NRK	NRK_12h	LT934125.1	+	1	NRK_12h	0	0			dcDNA	NRK_12h	WO	
US3	L	12h	12	PC_12	PC_12_12h	LT934125.1	+	1	PC_12_12h	0	0			dcDNA	PC_12_12h	WO	
US3	L	12h	12	PK_15	PK_15_12h	LT934125.1	+	1	PK_15_12h	0	0			dcDNA	PK_15_12h	WO	
US3	L	1h	1	C6	C6_1h	LT934125.1	+	1	C6_1h	0	0			dcDNA	C6_1h	WO	
US3	L	1h	1	NRK	NRK_1h	LT934125.1	+	1	NRK_1h	0	0			dcDNA	NRK_1h	WO	
US3	L	1h	1	PC_12	PC_12_1h	LT934125.1	+	1	PC_12_1h	0	0			dcDNA	PC_12_1h	WO	
US3	L	1h	1	PK_15	PK_15_1h	LT934125.1	+	1	PK_15_1h	0	0			dcDNA	PK_15_1h	WO	
US3	L	2.5h	2.5	PC_12	PC_12_2.5h	LT934125.1	+	1	PC_12_2.5h	0	0			dcDNA	PC_12_2.5h	WO	
US3	L	2h	2	C6	C6_2h	LT934125.1	+	1	C6_2h	0	0			dcDNA	C6_2h	WO	
US3	L	2h	2	NRK	NRK_2h	LT934125.1	+	1	NRK_2h	0	0			dcDNA	NRK_2h	WO	
US3	L	2h	2	PC_12	PC_12_2h	LT934125.1	+	1	PC_12_2h	0	0			dcDNA	PC_12_2h	WO	
US3	L	2h	2	PK_15	PK_15_2h	LT934125.1	+	1	PK_15_2h	0	0			dcDNA	PK_15_2h	WO	
US3	L	4h	4	C6	C6_4h	LT934125.1	+	1	C6_4h	0	0			dcDNA	C6_4h	WO	
US3	L	4h	4	NRK	NRK_4h	LT934125.1	+	1	NRK_4h	0	0			dcDNA	NRK_4h	WO	
US3	L	4h	4	PC_12	PC_12_4h	LT934125.1	+	1	PC_12_4h	0	0			dcDNA	PC_12_4h	WO	
US3	L	4h	4	PK_15	PK_15_4h	LT934125.1	+	1	PK_15_4h	0	0			dcDNA	PK_15_4h	WO	
US3	L	6h	6	C6	C6_6h	LT934125.1	+	1	C6_6h	54.540496	54.540496			dcDNA	C6_6h	WO	
US3	L	6h	6	NRK	NRK_6h	LT934125.1	+	1	NRK_6h	0	0			dcDNA	NRK_6h	WO	
US3	L	6h	6	PC_12	PC_12_6h	LT934125.1	+	1	PC_12_6h	0	0			dcDNA	PC_12_6h	WO	
US3	L	6h	6	PK_15	PK_15_6h	LT934125.1	+	1	PK_15_6h	0	0			dcDNA	PK_15_6h	WO	
US3	L	8h	8	C6	C6_8h	LT934125.1	+	1	C6_8h	0	0			dcDNA	C6_8h	WO	
US3	L	8h	8	NRK	NRK_8h	LT934125.1	+	1	NRK_8h	0	0			dcDNA	NRK_8h	WO	
US3	L	8h	8	PC_12	PC_12_8h	LT934125.1	+	1	PC_12_8h	0	0			dcDNA	PC_12_8h	WO	
US3	L	8h	8	PK_15	PK_15_8h	LT934125.1	+	1	PK_15_8h	0	0			dcDNA	PK_15_8h	WO	
US4	L	0.5h	0.5	PC_12	PC_12_0.5h	LT934125.1	+	1	PC_12_0.5h	1e+05	1e+05			dcDNA	PC_12_0.5h	WO	cluster_8
US4	L	1.5h	1.5	PC_12	PC_12_1.5h	LT934125.1	+	1	PC_12_1.5h	75738.125802	75738.125802			dcDNA	PC_12_1.5h	WO	cluster_8
US4	L	12h	12	C6	C6_12h	LT934125.1	+	1	C6_12h	69297.166999	69297.166999			dcDNA	C6_12h	WO	cluster_8
US4	L	12h	12	NRK	NRK_12h	LT934125.1	+	1	NRK_12h	69014.67362	69014.67362			dcDNA	NRK_12h	WO	cluster_8
US4	L	12h	12	PC_12	PC_12_12h	LT934125.1	+	1	PC_12_12h	72031.296077	72031.296077			dcDNA	PC_12_12h	WO	cluster_8
US4	L	12h	12	PK_15	PK_15_12h	LT934125.1	+	1	PK_15_12h	71808.354611	71808.354611			dcDNA	PK_15_12h	WO	cluster_8
US4	L	1h	1	C6	C6_1h	LT934125.1	+	1	C6_1h	75016.307894	75016.307894			dcDNA	C6_1h	WO	cluster_8
US4	L	1h	1	NRK	NRK_1h	LT934125.1	+	1	NRK_1h	68421.05263	68421.05263			dcDNA	NRK_1h	WO	cluster_8
US4	L	1h	1	PC_12	PC_12_1h	LT934125.1	+	1	PC_12_1h	72408.536586	72408.536586			dcDNA	PC_12_1h	WO	cluster_8
US4	L	1h	1	PK_15	PK_15_1h	LT934125.1	+	1	PK_15_1h	30688.622754	30688.622754			dcDNA	PK_15_1h	WO	cluster_8
US4	L	2.5h	2.5	PC_12	PC_12_2.5h	LT934125.1	+	1	PC_12_2.5h	85701.98105	85701.98105			dcDNA	PC_12_2.5h	WO	cluster_8
US4	L	2h	2	C6	C6_2h	LT934125.1	+	1	C6_2h	68124.046771	68124.046771			dcDNA	C6_2h	WO	cluster_8
US4	L	2h	2	NRK	NRK_2h	LT934125.1	+	1	NRK_2h	72712.4183	72712.4183			dcDNA	NRK_2h	WO	cluster_8
US4	L	2h	2	PC_12	PC_12_2h	LT934125.1	+	1	PC_12_2h	96993.464051	96993.464051			dcDNA	PC_12_2h	WO	cluster_8
US4	L	2h	2	PK_15	PK_15_2h	LT934125.1	+	1	PK_15_2h	44277.641901	44277.641901			dcDNA	PK_15_2h	WO	cluster_8
US4	L	4h	4	C6	C6_4h	LT934125.1	+	1	C6_4h	87634.713556	87634.713556			dcDNA	C6_4h	WO	cluster_8
US4	L	4h	4	NRK	NRK_4h	LT934125.1	+	1	NRK_4h	77284.437036	77284.437036			dcDNA	NRK_4h	WO	cluster_8
US4	L	4h	4	PC_12	PC_12_4h	LT934125.1	+	1	PC_12_4h	75873.78391	75873.78391			dcDNA	PC_12_4h	WO	cluster_8
US4	L	4h	4	PK_15	PK_15_4h	LT934125.1	+	1	PK_15_4h	57697.10579	57697.10579			dcDNA	PK_15_4h	WO	cluster_8
US4	L	6h	6	C6	C6_6h	LT934125.1	+	1	C6_6h	0	0			dcDNA	C6_6h	WO	cluster_8
US4	L	6h	6	NRK	NRK_6h	LT934125.1	+	1	NRK_6h	81620.034008	81620.034008			dcDNA	NRK_6h	WO	cluster_8
US4	L	6h	6	PC_12	PC_12_6h	LT934125.1	+	1	PC_12_6h	76179.006572	76179.006572			dcDNA	PC_12_6h	WO	cluster_8
US4	L	6h	6	PK_15	PK_15_6h	LT934125.1	+	1	PK_15_6h	67440.093778	67440.093778			dcDNA	PK_15_6h	WO	cluster_8
US4	L	8h	8	C6	C6_8h	LT934125.1	+	1	C6_8h	68682.357822	68682.357822			dcDNA	C6_8h	WO	cluster_8
US4	L	8h	8	NRK	NRK_8h	LT934125.1	+	1	NRK_8h	80689.512941	80689.512941			dcDNA	NRK_8h	WO	cluster_8
US4	L	8h	8	PC_12	PC_12_8h	LT934125.1	+	1	PC_12_8h	86221.084392	86221.084392			dcDNA	PC_12_8h	WO	cluster_8
US4	L	8h	8	PK_15	PK_15_8h	LT934125.1	+	1	PK_15_8h	98802.417614	98802.417614			dcDNA	PK_15_8h	WO	cluster_8
US6	L	0.5h	0.5	PC_12	PC_12_0.5h	LT934125.1	+	1	PC_12_0.5h	0	0			dcDNA	PC_12_0.5h	WO	
US6	L	1.5h	1.5	PC_12	PC_12_1.5h	LT934125.1	+	1	PC_12_1.5h	0	0			dcDNA	PC_12_1.5h	WO	
US6	L	12h	12	C6	C6_12h	LT934125.1	+	1	C6_12h	0	0			dcDNA	C6_12h	WO	
US6	L	12h	12	NRK	NRK_12h	LT934125.1	+	1	NRK_12h	0	0			dcDNA	NRK_12h	WO	
US6	L	12h	12	PC_12	PC_12_12h	LT934125.1	+	1	PC_12_12h	0	0			dcDNA	PC_12_12h	WO	
US6	L	12h	12	PK_15	PK_15_12h	LT934125.1	+	1	PK_15_12h	0	0			dcDNA	PK_15_12h	WO	
US6	L	1h	1	C6	C6_1h	LT934125.1	+	1	C6_1h	0	0			dcDNA	C6_1h	WO	
US6	L	1h	1	NRK	NRK_1h	LT934125.1	+	1	NRK_1h	0	0			dcDNA	NRK_1h	WO	
US6	L	1h	1	PC_12	PC_12_1h	LT934125.1	+	1	PC_12_1h	0	0			dcDNA	PC_12_1h	WO	
US6	L	1h	1	PK_15	PK_15_1h	LT934125.1	+	1	PK_15_1h	0	0			dcDNA	PK_15_1h	WO	
US6	L	2.5h	2.5	PC_12	PC_12_2.5h	LT934125.1	+	1	PC_12_2.5h	0	0			dcDNA	PC_12_2.5h	WO	
US6	L	2h	2	C6	C6_2h	LT934125.1	+	1	C6_2h	0	0			dcDNA	C6_2h	WO	
US6	L	2h	2	NRK	NRK_2h	LT934125.1	+	1	NRK_2h	0	0			dcDNA	NRK_2h	WO	
US6	L	2h	2	PC_12	PC_12_2h	LT934125.1	+	1	PC_12_2h	0	0			dcDNA	PC_12_2h	WO	
US6	L	2h	2	PK_15	PK_15_2h	LT934125.1	+	1	PK_15_2h	0	0			dcDNA	PK_15_2h	WO	
US6	L	4h	4	C6	C6_4h	LT934125.1	+	1	C6_4h	283.607487	283.607487			dcDNA	C6_4h	WO	
US6	L	4h	4	NRK	NRK_4h	LT934125.1	+	1	NRK_4h	0	0			dcDNA	NRK_4h	WO	
US6	L	4h	4	PC_12	PC_12_4h	LT934125.1	+	1	PC_12_4h	0	0			dcDNA	PC_12_4h	WO	
US6	L	4h	4	PK_15	PK_15_4h	LT934125.1	+	1	PK_15_4h	0	0			dcDNA	PK_15_4h	WO	
US6	L	6h	6	C6	C6_6h	LT934125.1	+	1	C6_6h	54.540496	54.540496			dcDNA	C6_6h	WO	
US6	L	6h	6	NRK	NRK_6h	LT934125.1	+	1	NRK_6h	0	0			dcDNA	NRK_6h	WO	
US6	L	6h	6	PC_12	PC_12_6h	LT934125.1	+	1	PC_12_6h	0	0			dcDNA	PC_12_6h	WO	
US6	L	6h	6	PK_15	PK_15_6h	LT934125.1	+	1	PK_15_6h	0	0			dcDNA	PK_15_6h	WO	
US6	L	8h	8	C6	C6_8h	LT934125.1	+	1	C6_8h	0	0			dcDNA	C6_8h	WO	
US6	L	8h	8	NRK	NRK_8h	LT934125.1	+	1	NRK_8h	0	0			dcDNA	NRK_8h	WO	
US6	L	8h	8	PC_12	PC_12_8h	LT934125.1	+	1	PC_12_8h	0	0			dcDNA	PC_12_8h	WO	
US6	L	8h	8	PK_15	PK_15_8h	LT934125.1	+	1	PK_15_8h	0	0			dcDNA	PK_15_8h	WO	
US7	L	0.5h	0.5	PC_12	PC_12_0.5h	LT934125.1	+	1	PC_12_0.5h	0	0			dcDNA	PC_12_0.5h	WO	cluster_8
US7	L	1.5h	1.5	PC_12	PC_12_1.5h	LT934125.1	+	1	PC_12_1.5h	14120.667522	14120.667522			dcDNA	PC_12_1.5h	WO	cluster_8
US7	L	12h	12	C6	C6_12h	LT934125.1	+	1	C6_12h	15839.004615	15839.004615			dcDNA	C6_12h	WO	cluster_8
US7	L	12h	12	NRK	NRK_12h	LT934125.1	+	1	NRK_12h	19389.836875	19389.836875			dcDNA	NRK_12h	WO	cluster_8
US7	L	12h	12	PC_12	PC_12_12h	LT934125.1	+	1	PC_12_12h	16559.758246	16559.758246			dcDNA	PC_12_12h	WO	cluster_8
US7	L	12h	12	PK_15	PK_15_12h	LT934125.1	+	1	PK_15_12h	19551.114802	19551.114802			dcDNA	PK_15_12h	WO	cluster_8
US7	L	1h	1	C6	C6_1h	LT934125.1	+	1	C6_1h	15003.261578	15003.261578			dcDNA	C6_1h	WO	cluster_8
US7	L	1h	1	NRK	NRK_1h	LT934125.1	+	1	NRK_1h	7894.736842	7894.736842			dcDNA	NRK_1h	WO	cluster_8
US7	L	1h	1	PC_12	PC_12_1h	LT934125.1	+	1	PC_12_1h	10670.731708	10670.731708			dcDNA	PC_12_1h	WO	cluster_8
US7	L	1h	1	PK_15	PK_15_1h	LT934125.1	+	1	PK_15_1h	5239.520958	5239.520958			dcDNA	PK_15_1h	WO	cluster_8
US7	L	2.5h	2.5	PC_12	PC_12_2.5h	LT934125.1	+	1	PC_12_2.5h	13781.223083	13781.223083			dcDNA	PC_12_2.5h	WO	cluster_8
US7	L	2h	2	C6	C6_2h	LT934125.1	+	1	C6_2h	11184.544992	11184.544992			dcDNA	C6_2h	WO	cluster_8
US7	L	2h	2	NRK	NRK_2h	LT934125.1	+	1	NRK_2h	8169.93464	8169.93464			dcDNA	NRK_2h	WO	cluster_8
US7	L	2h	2	PC_12	PC_12_2h	LT934125.1	+	1	PC_12_2h	15424.836599	15424.836599			dcDNA	PC_12_2h	WO	cluster_8
US7	L	2h	2	PK_15	PK_15_2h	LT934125.1	+	1	PK_15_2h	9445.89694	9445.89694			dcDNA	PK_15_2h	WO	cluster_8
US7	L	4h	4	C6	C6_4h	LT934125.1	+	1	C6_4h	15598.411798	15598.411798			dcDNA	C6_4h	WO	cluster_8
US7	L	4h	4	NRK	NRK_4h	LT934125.1	+	1	NRK_4h	17123.806638	17123.806638			dcDNA	NRK_4h	WO	cluster_8
US7	L	4h	4	PC_12	PC_12_4h	LT934125.1	+	1	PC_12_4h	20229.577391	20229.577391			dcDNA	PC_12_4h	WO	cluster_8
US7	L	4h	4	PK_15	PK_15_4h	LT934125.1	+	1	PK_15_4h	20001.663341	20001.663341			dcDNA	PK_15_4h	WO	cluster_8
US7	L	6h	6	C6	C6_6h	LT934125.1	+	1	C6_6h	20889.010091	20889.010091			dcDNA	C6_6h	WO	cluster_8
US7	L	6h	6	NRK	NRK_6h	LT934125.1	+	1	NRK_6h	21641.675684	21641.675684			dcDNA	NRK_6h	WO	cluster_8
US7	L	6h	6	PC_12	PC_12_6h	LT934125.1	+	1	PC_12_6h	23419.983857	23419.983857			dcDNA	PC_12_6h	WO	cluster_8
US7	L	6h	6	PK_15	PK_15_6h	LT934125.1	+	1	PK_15_6h	20611.866035	20611.866035			dcDNA	PK_15_6h	WO	cluster_8
US7	L	8h	8	C6	C6_8h	LT934125.1	+	1	C6_8h	16606.269141	16606.269141			dcDNA	C6_8h	WO	cluster_8
US7	L	8h	8	NRK	NRK_8h	LT934125.1	+	1	NRK_8h	24696.662427	24696.662427			dcDNA	NRK_8h	WO	cluster_8
US7	L	8h	8	PC_12	PC_12_8h	LT934125.1	+	1	PC_12_8h	17635.091891	17635.091891			dcDNA	PC_12_8h	WO	cluster_8
US7	L	8h	8	PK_15	PK_15_8h	LT934125.1	+	1	PK_15_8h	22417.564874	22417.564874			dcDNA	PK_15_8h	WO	cluster_8
US8	L	0.5h	0.5	PC_12	PC_12_0.5h	LT934125.1	+	1	PC_12_0.5h	0	0			dcDNA	PC_12_0.5h	WO	cluster_11
US8	L	1.5h	1.5	PC_12	PC_12_1.5h	LT934125.1	+	1	PC_12_1.5h	11553.273425	11553.273425			dcDNA	PC_12_1.5h	WO	cluster_11
US8	L	12h	12	C6	C6_12h	LT934125.1	+	1	C6_12h	10260.655718	10260.655718			dcDNA	C6_12h	WO	cluster_11
US8	L	12h	12	NRK	NRK_12h	LT934125.1	+	1	NRK_12h	13397.468182	13397.468182			dcDNA	NRK_12h	WO	cluster_11
US8	L	12h	12	PC_12	PC_12_12h	LT934125.1	+	1	PC_12_12h	13237.526072	13237.526072			dcDNA	PC_12_12h	WO	cluster_11
US8	L	12h	12	PK_15	PK_15_12h	LT934125.1	+	1	PK_15_12h	0	0			dcDNA	PK_15_12h	WO	cluster_11
US8	L	1h	1	C6	C6_1h	LT934125.1	+	1	C6_1h	15655.577301	15655.577301			dcDNA	C6_1h	WO	cluster_11
US8	L	1h	1	NRK	NRK_1h	LT934125.1	+	1	NRK_1h	13157.894736	13157.894736			dcDNA	NRK_1h	WO	cluster_11
US8	L	1h	1	PC_12	PC_12_1h	LT934125.1	+	1	PC_12_1h	16768.292683	16768.292683			dcDNA	PC_12_1h	WO	cluster_11
US8	L	1h	1	PK_15	PK_15_1h	LT934125.1	+	1	PK_15_1h	5988.023952	5988.023952			dcDNA	PK_15_1h	WO	cluster_11
US8	L	2.5h	2.5	PC_12	PC_12_2.5h	LT934125.1	+	1	PC_12_2.5h	14642.549526	14642.549526			dcDNA	PC_12_2.5h	WO	cluster_11
US8	L	2h	2	C6	C6_2h	LT934125.1	+	1	C6_2h	10167.768174	10167.768174			dcDNA	C6_2h	WO	cluster_11
US8	L	2h	2	NRK	NRK_2h	LT934125.1	+	1	NRK_2h	24509.803921	24509.803921			dcDNA	NRK_2h	WO	cluster_11
US8	L	2h	2	PC_12	PC_12_2h	LT934125.1	+	1	PC_12_2h	22483.66013	22483.66013			dcDNA	PC_12_2h	WO	cluster_11
US8	L	2h	2	PK_15	PK_15_2h	LT934125.1	+	1	PK_15_2h	15012.229063	15012.229063			dcDNA	PK_15_2h	WO	cluster_11
US8	L	4h	4	C6	C6_4h	LT934125.1	+	1	C6_4h	12478.729438	12478.729438			dcDNA	C6_4h	WO	cluster_11
US8	L	4h	4	NRK	NRK_4h	LT934125.1	+	1	NRK_4h	11062.282166	11062.282166			dcDNA	NRK_4h	WO	cluster_11
US8	L	4h	4	PC_12	PC_12_4h	LT934125.1	+	1	PC_12_4h	10346.42508	10346.42508			dcDNA	PC_12_4h	WO	cluster_11
US8	L	4h	4	PK_15	PK_15_4h	LT934125.1	+	1	PK_15_4h	13410.678645	13410.678645			dcDNA	PK_15_4h	WO	cluster_11
US8	L	6h	6	C6	C6_6h	LT934125.1	+	1	C6_6h	0	0			dcDNA	C6_6h	WO	cluster_11
US8	L	6h	6	NRK	NRK_6h	LT934125.1	+	1	NRK_6h	0	0			dcDNA	NRK_6h	WO	cluster_11
US8	L	6h	6	PC_12	PC_12_6h	LT934125.1	+	1	PC_12_6h	0	0			dcDNA	PC_12_6h	WO	cluster_11
US8	L	6h	6	PK_15	PK_15_6h	LT934125.1	+	1	PK_15_6h	14836.317537	14836.317537			dcDNA	PK_15_6h	WO	cluster_11
US8	L	8h	8	C6	C6_8h	LT934125.1	+	1	C6_8h	11652.451896	11652.451896			dcDNA	C6_8h	WO	cluster_11
US8	L	8h	8	NRK	NRK_8h	LT934125.1	+	1	NRK_8h	0	0			dcDNA	NRK_8h	WO	cluster_11
US8	L	8h	8	PC_12	PC_12_8h	LT934125.1	+	1	PC_12_8h	0	0			dcDNA	PC_12_8h	WO	cluster_11
US8	L	8h	8	PK_15	PK_15_8h	LT934125.1	+	1	PK_15_8h	20920.898698	20920.898698			dcDNA	PK_15_8h	WO	cluster_11
US9	L	0.5h	0.5	PC_12	PC_12_0.5h	LT934125.1	+	1	PC_12_0.5h	0	0			dcDNA	PC_12_0.5h	WO	cluster_11
US9	L	1.5h	1.5	PC_12	PC_12_1.5h	LT934125.1	+	1	PC_12_1.5h	11553.273425	11553.273425			dcDNA	PC_12_1.5h	WO	cluster_11
US9	L	12h	12	C6	C6_12h	LT934125.1	+	1	C6_12h	10260.655718	10260.655718			dcDNA	C6_12h	WO	cluster_11
US9	L	12h	12	NRK	NRK_12h	LT934125.1	+	1	NRK_12h	13397.468182	13397.468182			dcDNA	NRK_12h	WO	cluster_11
US9	L	12h	12	PC_12	PC_12_12h	LT934125.1	+	1	PC_12_12h	13237.526072	13237.526072			dcDNA	PC_12_12h	WO	cluster_11
US9	L	12h	12	PK_15	PK_15_12h	LT934125.1	+	1	PK_15_12h	0	0			dcDNA	PK_15_12h	WO	cluster_11
US9	L	1h	1	C6	C6_1h	LT934125.1	+	1	C6_1h	15655.577301	15655.577301			dcDNA	C6_1h	WO	cluster_11
US9	L	1h	1	NRK	NRK_1h	LT934125.1	+	1	NRK_1h	13157.894736	13157.894736			dcDNA	NRK_1h	WO	cluster_11
US9	L	1h	1	PC_12	PC_12_1h	LT934125.1	+	1	PC_12_1h	16768.292683	16768.292683			dcDNA	PC_12_1h	WO	cluster_11
US9	L	1h	1	PK_15	PK_15_1h	LT934125.1	+	1	PK_15_1h	5988.023952	5988.023952			dcDNA	PK_15_1h	WO	cluster_11
US9	L	2.5h	2.5	PC_12	PC_12_2.5h	LT934125.1	+	1	PC_12_2.5h	14642.549526	14642.549526			dcDNA	PC_12_2.5h	WO	cluster_11
US9	L	2h	2	C6	C6_2h	LT934125.1	+	1	C6_2h	10167.768174	10167.768174			dcDNA	C6_2h	WO	cluster_11
US9	L	2h	2	NRK	NRK_2h	LT934125.1	+	1	NRK_2h	24509.803921	24509.803921			dcDNA	NRK_2h	WO	cluster_11
US9	L	2h	2	PC_12	PC_12_2h	LT934125.1	+	1	PC_12_2h	22483.66013	22483.66013			dcDNA	PC_12_2h	WO	cluster_11
US9	L	2h	2	PK_15	PK_15_2h	LT934125.1	+	1	PK_15_2h	15012.229063	15012.229063			dcDNA	PK_15_2h	WO	cluster_11
US9	L	4h	4	C6	C6_4h	LT934125.1	+	1	C6_4h	12478.729438	12478.729438			dcDNA	C6_4h	WO	cluster_11
US9	L	4h	4	NRK	NRK_4h	LT934125.1	+	1	NRK_4h	11062.282166	11062.282166			dcDNA	NRK_4h	WO	cluster_11
US9	L	4h	4	PC_12	PC_12_4h	LT934125.1	+	1	PC_12_4h	10346.42508	10346.42508			dcDNA	PC_12_4h	WO	cluster_11
US9	L	4h	4	PK_15	PK_15_4h	LT934125.1	+	1	PK_15_4h	13410.678645	13410.678645			dcDNA	PK_15_4h	WO	cluster_11
US9	L	6h	6	C6	C6_6h	LT934125.1	+	1	C6_6h	0	0			dcDNA	C6_6h	WO	cluster_11
US9	L	6h	6	NRK	NRK_6h	LT934125.1	+	1	NRK_6h	0	0			dcDNA	NRK_6h	WO	cluster_11
US9	L	6h	6	PC_12	PC_12_6h	LT934125.1	+	1	PC_12_6h	11594.685663	11594.685663			dcDNA	PC_12_6h	WO	cluster_11
US9	L	6h	6	PK_15	PK_15_6h	LT934125.1	+	1	PK_15_6h	14836.317537	14836.317537			dcDNA	PK_15_6h	WO	cluster_11
US9	L	8h	8	C6	C6_8h	LT934125.1	+	1	C6_8h	11652.451896	11652.451896			dcDNA	C6_8h	WO	cluster_11
US9	L	8h	8	NRK	NRK_8h	LT934125.1	+	1	NRK_8h	0	0			dcDNA	NRK_8h	WO	cluster_11
US9	L	8h	8	PC_12	PC_12_8h	LT934125.1	+	1	PC_12_8h	0	0			dcDNA	PC_12_8h	WO	cluster_11
US9	L	8h	8	PK_15	PK_15_8h	LT934125.1	+	1	PK_15_8h	20920.898698	20920.898698			dcDNA	PK_15_8h	WO	cluster_11
US2	L	0.5h	0.5	PC_12	PC_12_0.5h	LT934125.1	+	1	PC_12_0.5h	83333.333333	83333.333333			dcDNA	PC_12_0.5h	WO	cluster_3
US2	L	1.5h	1.5	PC_12	PC_12_1.5h	LT934125.1	+	1	PC_12_1.5h	52631.578946	52631.578946			dcDNA	PC_12_1.5h	WO	cluster_3
US2	L	12h	12	C6	C6_12h	LT934125.1	+	1	C6_12h	53645.649449	53645.649449			dcDNA	C6_12h	WO	cluster_3
US2	L	12h	12	NRK	NRK_12h	LT934125.1	+	1	NRK_12h	60542.556914	60542.556914			dcDNA	NRK_12h	WO	cluster_3
US2	L	12h	12	PC_12	PC_12_12h	LT934125.1	+	1	PC_12_12h	43183.607434	43183.607434			dcDNA	PC_12_12h	WO	cluster_3
US2	L	12h	12	PK_15	PK_15_12h	LT934125.1	+	1	PK_15_12h	31492.67142	31492.67142			dcDNA	PK_15_12h	WO	cluster_3
US2	L	1h	1	C6	C6_1h	LT934125.1	+	1	C6_1h	52185.257665	52185.257665			dcDNA	C6_1h	WO	cluster_3
US2	L	1h	1	NRK	NRK_1h	LT934125.1	+	1	NRK_1h	68421.052631	68421.052631			dcDNA	NRK_1h	WO	cluster_3
US2	L	1h	1	PC_12	PC_12_1h	LT934125.1	+	1	PC_12_1h	53353.658538	53353.658538			dcDNA	PC_12_1h	WO	cluster_3
US2	L	1h	1	PK_15	PK_15_1h	LT934125.1	+	1	PK_15_1h	17215.568862	17215.568862			dcDNA	PK_15_1h	WO	cluster_3
US2	L	2.5h	2.5	PC_12	PC_12_2.5h	LT934125.1	+	1	PC_12_2.5h	49095.607234	49095.607234			dcDNA	PC_12_2.5h	WO	cluster_3
US2	L	2h	2	C6	C6_2h	LT934125.1	+	1	C6_2h	52872.394509	52872.394509			dcDNA	C6_2h	WO	cluster_3
US2	L	2h	2	NRK	NRK_2h	LT934125.1	+	1	NRK_2h	38398.69281	38398.69281			dcDNA	NRK_2h	WO	cluster_3
US2	L	2h	2	PC_12	PC_12_2h	LT934125.1	+	1	PC_12_2h	51764.705881	51764.705881			dcDNA	PC_12_2h	WO	cluster_3
US2	L	2h	2	PK_15	PK_15_2h	LT934125.1	+	1	PK_15_2h	43940.288438	43940.288438			dcDNA	PK_15_2h	WO	cluster_3
US2	L	4h	4	C6	C6_4h	LT934125.1	+	1	C6_4h	54169.030061	54169.030061			dcDNA	C6_4h	WO	cluster_3
US2	L	4h	4	NRK	NRK_4h	LT934125.1	+	1	NRK_4h	75162.903472	75162.903472			dcDNA	NRK_4h	WO	cluster_3
US2	L	4h	4	PC_12	PC_12_4h	LT934125.1	+	1	PC_12_4h	37473.61919	37473.61919			dcDNA	PC_12_4h	WO	cluster_3
US2	L	4h	4	PK_15	PK_15_4h	LT934125.1	+	1	PK_15_4h	35824.184964	35824.184964			dcDNA	PK_15_4h	WO	cluster_3
US2	L	6h	6	C6	C6_6h	LT934125.1	+	1	C6_6h	53722.388872	53722.388872			dcDNA	C6_6h	WO	cluster_3
US2	L	6h	6	NRK	NRK_6h	LT934125.1	+	1	NRK_6h	95223.37301	95223.37301			dcDNA	NRK_6h	WO	cluster_3
US2	L	6h	6	PC_12	PC_12_6h	LT934125.1	+	1	PC_12_6h	41612.75031	41612.75031			dcDNA	PC_12_6h	WO	cluster_3
US2	L	6h	6	PK_15	PK_15_6h	LT934125.1	+	1	PK_15_6h	28299.181461	28299.181461			dcDNA	PK_15_6h	WO	cluster_3
US2	L	8h	8	C6	C6_8h	LT934125.1	+	1	C6_8h	53955.12281	53955.12281			dcDNA	C6_8h	WO	cluster_3
US2	L	8h	8	NRK	NRK_8h	LT934125.1	+	1	NRK_8h	79795.827174	79795.827174			dcDNA	NRK_8h	WO	cluster_3
US2	L	8h	8	PC_12	PC_12_8h	LT934125.1	+	1	PC_12_8h	40847.581604	40847.581604			dcDNA	PC_12_8h	WO	cluster_3
US2	L	8h	8	PK_15	PK_15_8h	LT934125.1	+	1	PK_15_8h	26865.157862	26865.157862			dcDNA	PK_15_8h	WO	cluster_3
NOIR_2	E	0.5h	0.5	PC_12	PC_12_0.5h	LT934125.1	-	1	PC_12_0.5h	0	0			dcDNA	PC_12_0.5h	WO	cluster_2
NOIR_2	E	1.5h	1.5	PC_12	PC_12_1.5h	LT934125.1	-	1	PC_12_1.5h	0	0			dcDNA	PC_12_1.5h	WO	cluster_2
NOIR_2	E	12h	12	C6	C6_12h	LT934125.1	-	1	C6_12h	0	0			dcDNA	C6_12h	WO	cluster_2
NOIR_2	E	12h	12	NRK	NRK_12h	LT934125.1	-	1	NRK_12h	9547.670061	9547.670061			dcDNA	NRK_12h	WO	cluster_2
NOIR_2	E	12h	12	PC_12	PC_12_12h	LT934125.1	-	1	PC_12_12h	8443.555869	8443.555869			dcDNA	PC_12_12h	WO	cluster_2
NOIR_2	E	12h	12	PK_15	PK_15_12h	LT934125.1	-	1	PK_15_12h	8219.372648	8219.372648			dcDNA	PK_15_12h	WO	cluster_2
NOIR_2	E	1h	1	C6	C6_1h	LT934125.1	-	1	C6_1h	0	0			dcDNA	C6_1h	WO	cluster_2
NOIR_2	E	1h	1	NRK	NRK_1h	LT934125.1	-	1	NRK_1h	0	0			dcDNA	NRK_1h	WO	cluster_2
NOIR_2	E	1h	1	PC_12	PC_12_1h	LT934125.1	-	1	PC_12_1h	4573.170732	4573.170732			dcDNA	PC_12_1h	WO	cluster_2
NOIR_2	E	1h	1	PK_15	PK_15_1h	LT934125.1	-	1	PK_15_1h	0	0			dcDNA	PK_15_1h	WO	cluster_2
NOIR_2	E	2.5h	2.5	PC_12	PC_12_2.5h	LT934125.1	-	1	PC_12_2.5h	0	0			dcDNA	PC_12_2.5h	WO	cluster_2
NOIR_2	E	2h	2	C6	C6_2h	LT934125.1	-	1	C6_2h	0	0			dcDNA	C6_2h	WO	cluster_2
NOIR_2	E	2h	2	NRK	NRK_2h	LT934125.1	-	1	NRK_2h	0	0			dcDNA	NRK_2h	WO	cluster_2
NOIR_2	E	2h	2	PC_12	PC_12_2h	LT934125.1	-	1	PC_12_2h	0	0			dcDNA	PC_12_2h	WO	cluster_2
NOIR_2	E	2h	2	PK_15	PK_15_2h	LT934125.1	-	1	PK_15_2h	5650.670493	5650.670493			dcDNA	PK_15_2h	WO	cluster_2
NOIR_2	E	4h	4	C6	C6_4h	LT934125.1	-	1	C6_4h	5672.149745	5672.149745			dcDNA	C6_4h	WO	cluster_2
NOIR_2	E	4h	4	NRK	NRK_4h	LT934125.1	-	1	NRK_4h	6516.13881	6516.13881			dcDNA	NRK_4h	WO	cluster_2
NOIR_2	E	4h	4	PC_12	PC_12_4h	LT934125.1	-	1	PC_12_4h	10912.647347	10912.647347			dcDNA	PC_12_4h	WO	cluster_2
NOIR_2	E	4h	4	PK_15	PK_15_4h	LT934125.1	-	1	PK_15_4h	12911.676649	12911.676649			dcDNA	PK_15_4h	WO	cluster_2
NOIR_2	E	6h	6	C6	C6_6h	LT934125.1	-	1	C6_6h	5344.968638	5344.968638			dcDNA	C6_6h	WO	cluster_2
NOIR_2	E	6h	6	NRK	NRK_6h	LT934125.1	-	1	NRK_6h	7767.815733	7767.815733			dcDNA	NRK_6h	WO	cluster_2
NOIR_2	E	6h	6	PC_12	PC_12_6h	LT934125.1	-	1	PC_12_6h	9736.973594	9736.973594			dcDNA	PC_12_6h	WO	cluster_2
NOIR_2	E	6h	6	PK_15	PK_15_6h	LT934125.1	-	1	PK_15_6h	14982.215538	14982.215538			dcDNA	PK_15_6h	WO	cluster_2
NOIR_2	E	8h	8	C6	C6_8h	LT934125.1	-	1	C6_8h	6393.596642	6393.596642			dcDNA	C6_8h	WO	cluster_2
NOIR_2	E	8h	8	NRK	NRK_8h	LT934125.1	-	1	NRK_8h	8713.436222	8713.436222			dcDNA	NRK_8h	WO	cluster_2
NOIR_2	E	8h	8	PC_12	PC_12_8h	LT934125.1	-	1	PC_12_8h	7737.496574	7737.496574			dcDNA	PC_12_8h	WO	cluster_2
NOIR_2	E	8h	8	PK_15	PK_15_8h	LT934125.1	-	1	PK_15_8h	11055.374154	11055.374154			dcDNA	PK_15_8h	WO	cluster_2
